series_name,date,split
AION RT,2022-01-01,train
AION RT,2022-02-01,train
AION RT,2022-03-01,train
AION RT,2022-04-01,train
AION RT,2022-05-01,train
AION RT,2022-06-01,train
AION RT,2022-07-01,train
AION RT,2022-08-01,train
AION RT,2022-09-01,train
AION RT,2022-10-01,train
AION RT,2022-11-01,train
AION RT,2022-12-01,train
AION RT,2023-01-01,train
AION RT,2023-02-01,train
AION RT,2023-03-01,train
AION RT,2023-04-01,train
AION RT,2023-05-01,train
AION RT,2023-06-01,train
AION RT,2023-07-01,train
AION RT,2023-08-01,train
AION RT,2023-09-01,train
AION RT,2023-10-01,train
AION RT,2023-11-01,train
AION RT,2023-12-01,train
AION RT,2024-01-01,train
AION RT,2024-02-01,train
AION RT,2024-03-01,train
AION RT,2024-04-01,train
AION RT,2024-05-01,train
AION RT,2024-06-01,train
AION RT,2024-07-01,train
AION RT,2024-08-01,train
AION RT,2024-09-01,train
AION RT,2024-10-01,train
AION RT,2024-11-01,train
AION RT,2024-12-01,train
AION RT,2025-01-01,train
AION RT,2025-02-01,train
AION RT,2025-03-01,train
AION RT,2025-04-01,train
AION RT,2025-05-01,train
AION RT,2025-06-01,train
AION RT,2025-07-01,val
AION RT,2025-08-01,val
AION RT,2025-09-01,val
AION RT,2025-10-01,val
AION RT,2025-11-01,val
AION RT,2025-12-01,val
AION RT,2026-01-01,test
AION RT,2026-02-01,test
AION RT,2026-03-01,test
AION RT,2026-04-01,test
AION RT,2026-05-01,test
AION RT,2026-06-01,test
AION S,2022-01-01,train
AION S,2022-02-01,train
AION S,2022-03-01,train
AION S,2022-04-01,train
AION S,2022-05-01,train
AION S,2022-06-01,train
AION S,2022-07-01,train
AION S,2022-08-01,train
AION S,2022-09-01,train
AION S,2022-10-01,train
AION S,2022-11-01,train
AION S,2022-12-01,train
AION S,2023-01-01,train
AION S,2023-02-01,train
AION S,2023-03-01,train
AION S,2023-04-01,train
AION S,2023-05-01,train
AION S,2023-06-01,train
AION S,2023-07-01,train
AION S,2023-08-01,train
AION S,2023-09-01,train
AION S,2023-10-01,train
AION S,2023-11-01,train
AION S,2023-12-01,train
AION S,2024-01-01,train
AION S,2024-02-01,train
AION S,2024-03-01,train
AION S,2024-04-01,train
AION S,2024-05-01,train
AION S,2024-06-01,train
AION S,2024-07-01,train
AION S,2024-08-01,train
AION S,2024-09-01,train
AION S,2024-10-01,train
AION S,2024-11-01,train
AION S,2024-12-01,train
AION S,2025-01-01,train
AION S,2025-02-01,train
AION S,2025-03-01,train
AION S,2025-04-01,train
AION S,2025-05-01,train
AION S,2025-06-01,train
AION S,2025-07-01,val
AION S,2025-08-01,val
AION S,2025-09-01,val
AION S,2025-10-01,val
AION S,2025-11-01,val
AION S,2025-12-01,val
AION S,2026-01-01,test
AION S,2026-02-01,test
AION S,2026-03-01,test
AION S,2026-04-01,test
AION S,2026-05-01,test
AION S,2026-06-01,test
AION UT,2022-01-01,train
AION UT,2022-02-01,train
AION UT,2022-03-01,train
AION UT,2022-04-01,train
AION UT,2022-05-01,train
AION UT,2022-06-01,train
AION UT,2022-07-01,train
AION UT,2022-08-01,train
AION UT,2022-09-01,train
AION UT,2022-10-01,train
AION UT,2022-11-01,train
AION UT,2022-12-01,train
AION UT,2023-01-01,train
AION UT,2023-02-01,train
AION UT,2023-03-01,train
AION UT,2023-04-01,train
AION UT,2023-05-01,train
AION UT,2023-06-01,train
AION UT,2023-07-01,train
AION UT,2023-08-01,train
AION UT,2023-09-01,train
AION UT,2023-10-01,train
AION UT,2023-11-01,train
AION UT,2023-12-01,train
AION UT,2024-01-01,train
AION UT,2024-02-01,train
AION UT,2024-03-01,train
AION UT,2024-04-01,train
AION UT,2024-05-01,train
AION UT,2024-06-01,train
AION UT,2024-07-01,train
AION UT,2024-08-01,train
AION UT,2024-09-01,train
AION UT,2024-10-01,train
AION UT,2024-11-01,train
AION UT,2024-12-01,train
AION UT,2025-01-01,train
AION UT,2025-02-01,train
AION UT,2025-03-01,train
AION UT,2025-04-01,train
AION UT,2025-05-01,train
AION UT,2025-06-01,train
AION UT,2025-07-01,val
AION UT,2025-08-01,val
AION UT,2025-09-01,val
AION UT,2025-10-01,val
AION UT,2025-11-01,val
AION UT,2025-12-01,val
AION UT,2026-01-01,test
AION UT,2026-02-01,test
AION UT,2026-03-01,test
AION UT,2026-04-01,test
AION UT,2026-05-01,test
AION UT,2026-06-01,test
EO 羿欧,2022-01-01,train
EO 羿欧,2022-02-01,train
EO 羿欧,2022-03-01,train
EO 羿欧,2022-04-01,train
EO 羿欧,2022-05-01,train
EO 羿欧,2022-06-01,train
EO 羿欧,2022-07-01,train
EO 羿欧,2022-08-01,train
EO 羿欧,2022-09-01,train
EO 羿欧,2022-10-01,train
EO 羿欧,2022-11-01,train
EO 羿欧,2022-12-01,train
EO 羿欧,2023-01-01,train
EO 羿欧,2023-02-01,train
EO 羿欧,2023-03-01,train
EO 羿欧,2023-04-01,train
EO 羿欧,2023-05-01,train
EO 羿欧,2023-06-01,train
EO 羿欧,2023-07-01,train
EO 羿欧,2023-08-01,train
EO 羿欧,2023-09-01,train
EO 羿欧,2023-10-01,train
EO 羿欧,2023-11-01,train
EO 羿欧,2023-12-01,train
EO 羿欧,2024-01-01,train
EO 羿欧,2024-02-01,train
EO 羿欧,2024-03-01,train
EO 羿欧,2024-04-01,train
EO 羿欧,2024-05-01,train
EO 羿欧,2024-06-01,train
EO 羿欧,2024-07-01,train
EO 羿欧,2024-08-01,train
EO 羿欧,2024-09-01,train
EO 羿欧,2024-10-01,train
EO 羿欧,2024-11-01,train
EO 羿欧,2024-12-01,train
EO 羿欧,2025-01-01,train
EO 羿欧,2025-02-01,train
EO 羿欧,2025-03-01,train
EO 羿欧,2025-04-01,train
EO 羿欧,2025-05-01,train
EO 羿欧,2025-06-01,train
EO 羿欧,2025-07-01,val
EO 羿欧,2025-08-01,val
EO 羿欧,2025-09-01,val
EO 羿欧,2025-10-01,val
EO 羿欧,2025-11-01,val
EO 羿欧,2025-12-01,val
EO 羿欧,2026-01-01,test
EO 羿欧,2026-02-01,test
EO 羿欧,2026-03-01,test
EO 羿欧,2026-04-01,test
EO 羿欧,2026-05-01,test
EO 羿欧,2026-06-01,test
EVOS,2022-01-01,train
EVOS,2022-02-01,train
EVOS,2022-03-01,train
EVOS,2022-04-01,train
EVOS,2022-05-01,train
EVOS,2022-06-01,train
EVOS,2022-07-01,train
EVOS,2022-08-01,train
EVOS,2022-09-01,train
EVOS,2022-10-01,train
EVOS,2022-11-01,train
EVOS,2022-12-01,train
EVOS,2023-01-01,train
EVOS,2023-02-01,train
EVOS,2023-03-01,train
EVOS,2023-04-01,train
EVOS,2023-05-01,train
EVOS,2023-06-01,train
EVOS,2023-07-01,train
EVOS,2023-08-01,train
EVOS,2023-09-01,train
EVOS,2023-10-01,train
EVOS,2023-11-01,train
EVOS,2023-12-01,train
EVOS,2024-01-01,train
EVOS,2024-02-01,train
EVOS,2024-03-01,train
EVOS,2024-04-01,train
EVOS,2024-05-01,train
EVOS,2024-06-01,train
EVOS,2024-07-01,train
EVOS,2024-08-01,train
EVOS,2024-09-01,train
EVOS,2024-10-01,train
EVOS,2024-11-01,train
EVOS,2024-12-01,train
EVOS,2025-01-01,train
EVOS,2025-02-01,train
EVOS,2025-03-01,train
EVOS,2025-04-01,train
EVOS,2025-05-01,train
EVOS,2025-06-01,train
EVOS,2025-07-01,val
EVOS,2025-08-01,val
EVOS,2025-09-01,val
EVOS,2025-10-01,val
EVOS,2025-11-01,val
EVOS,2025-12-01,val
EVOS,2026-01-01,test
EVOS,2026-02-01,test
EVOS,2026-03-01,test
EVOS,2026-04-01,test
EVOS,2026-05-01,test
EVOS,2026-06-01,test
ID.4 CROZZ,2022-01-01,train
ID.4 CROZZ,2022-02-01,train
ID.4 CROZZ,2022-03-01,train
ID.4 CROZZ,2022-04-01,train
ID.4 CROZZ,2022-05-01,train
ID.4 CROZZ,2022-06-01,train
ID.4 CROZZ,2022-07-01,train
ID.4 CROZZ,2022-08-01,train
ID.4 CROZZ,2022-09-01,train
ID.4 CROZZ,2022-10-01,train
ID.4 CROZZ,2022-11-01,train
ID.4 CROZZ,2022-12-01,train
ID.4 CROZZ,2023-01-01,train
ID.4 CROZZ,2023-02-01,train
ID.4 CROZZ,2023-03-01,train
ID.4 CROZZ,2023-04-01,train
ID.4 CROZZ,2023-05-01,train
ID.4 CROZZ,2023-06-01,train
ID.4 CROZZ,2023-07-01,train
ID.4 CROZZ,2023-08-01,train
ID.4 CROZZ,2023-09-01,train
ID.4 CROZZ,2023-10-01,train
ID.4 CROZZ,2023-11-01,train
ID.4 CROZZ,2023-12-01,train
ID.4 CROZZ,2024-01-01,train
ID.4 CROZZ,2024-02-01,train
ID.4 CROZZ,2024-03-01,train
ID.4 CROZZ,2024-04-01,train
ID.4 CROZZ,2024-05-01,train
ID.4 CROZZ,2024-06-01,train
ID.4 CROZZ,2024-07-01,train
ID.4 CROZZ,2024-08-01,train
ID.4 CROZZ,2024-09-01,train
ID.4 CROZZ,2024-10-01,train
ID.4 CROZZ,2024-11-01,train
ID.4 CROZZ,2024-12-01,train
ID.4 CROZZ,2025-01-01,train
ID.4 CROZZ,2025-02-01,train
ID.4 CROZZ,2025-03-01,train
ID.4 CROZZ,2025-04-01,train
ID.4 CROZZ,2025-05-01,train
ID.4 CROZZ,2025-06-01,train
ID.4 CROZZ,2025-07-01,val
ID.4 CROZZ,2025-08-01,val
ID.4 CROZZ,2025-09-01,val
ID.4 CROZZ,2025-10-01,val
ID.4 CROZZ,2025-11-01,val
ID.4 CROZZ,2025-12-01,val
ID.4 CROZZ,2026-01-01,test
ID.4 CROZZ,2026-02-01,test
ID.4 CROZZ,2026-03-01,test
ID.4 CROZZ,2026-04-01,test
ID.4 CROZZ,2026-05-01,test
ID.4 CROZZ,2026-06-01,test
ID.4 X,2022-01-01,train
ID.4 X,2022-02-01,train
ID.4 X,2022-03-01,train
ID.4 X,2022-04-01,train
ID.4 X,2022-05-01,train
ID.4 X,2022-06-01,train
ID.4 X,2022-07-01,train
ID.4 X,2022-08-01,train
ID.4 X,2022-09-01,train
ID.4 X,2022-10-01,train
ID.4 X,2022-11-01,train
ID.4 X,2022-12-01,train
ID.4 X,2023-01-01,train
ID.4 X,2023-02-01,train
ID.4 X,2023-03-01,train
ID.4 X,2023-04-01,train
ID.4 X,2023-05-01,train
ID.4 X,2023-06-01,train
ID.4 X,2023-07-01,train
ID.4 X,2023-08-01,train
ID.4 X,2023-09-01,train
ID.4 X,2023-10-01,train
ID.4 X,2023-11-01,train
ID.4 X,2023-12-01,train
ID.4 X,2024-01-01,train
ID.4 X,2024-02-01,train
ID.4 X,2024-03-01,train
ID.4 X,2024-04-01,train
ID.4 X,2024-05-01,train
ID.4 X,2024-06-01,train
ID.4 X,2024-07-01,train
ID.4 X,2024-08-01,train
ID.4 X,2024-09-01,train
ID.4 X,2024-10-01,train
ID.4 X,2024-11-01,train
ID.4 X,2024-12-01,train
ID.4 X,2025-01-01,train
ID.4 X,2025-02-01,train
ID.4 X,2025-03-01,train
ID.4 X,2025-04-01,train
ID.4 X,2025-05-01,train
ID.4 X,2025-06-01,train
ID.4 X,2025-07-01,val
ID.4 X,2025-08-01,val
ID.4 X,2025-09-01,val
ID.4 X,2025-10-01,val
ID.4 X,2025-11-01,val
ID.4 X,2025-12-01,val
ID.4 X,2026-01-01,test
ID.4 X,2026-02-01,test
ID.4 X,2026-03-01,test
ID.4 X,2026-04-01,test
ID.4 X,2026-05-01,test
ID.4 X,2026-06-01,test
ID.6 CROZZ,2022-01-01,train
ID.6 CROZZ,2022-02-01,train
ID.6 CROZZ,2022-03-01,train
ID.6 CROZZ,2022-04-01,train
ID.6 CROZZ,2022-05-01,train
ID.6 CROZZ,2022-06-01,train
ID.6 CROZZ,2022-07-01,train
ID.6 CROZZ,2022-08-01,train
ID.6 CROZZ,2022-09-01,train
ID.6 CROZZ,2022-10-01,train
ID.6 CROZZ,2022-11-01,train
ID.6 CROZZ,2022-12-01,train
ID.6 CROZZ,2023-01-01,train
ID.6 CROZZ,2023-02-01,train
ID.6 CROZZ,2023-03-01,train
ID.6 CROZZ,2023-04-01,train
ID.6 CROZZ,2023-05-01,train
ID.6 CROZZ,2023-06-01,train
ID.6 CROZZ,2023-07-01,train
ID.6 CROZZ,2023-08-01,train
ID.6 CROZZ,2023-09-01,train
ID.6 CROZZ,2023-10-01,train
ID.6 CROZZ,2023-11-01,train
ID.6 CROZZ,2023-12-01,train
ID.6 CROZZ,2024-01-01,train
ID.6 CROZZ,2024-02-01,train
ID.6 CROZZ,2024-03-01,train
ID.6 CROZZ,2024-04-01,train
ID.6 CROZZ,2024-05-01,train
ID.6 CROZZ,2024-06-01,train
ID.6 CROZZ,2024-07-01,train
ID.6 CROZZ,2024-08-01,train
ID.6 CROZZ,2024-09-01,train
ID.6 CROZZ,2024-10-01,train
ID.6 CROZZ,2024-11-01,train
ID.6 CROZZ,2024-12-01,train
ID.6 CROZZ,2025-01-01,train
ID.6 CROZZ,2025-02-01,train
ID.6 CROZZ,2025-03-01,train
ID.6 CROZZ,2025-04-01,train
ID.6 CROZZ,2025-05-01,train
ID.6 CROZZ,2025-06-01,train
ID.6 CROZZ,2025-07-01,val
ID.6 CROZZ,2025-08-01,val
ID.6 CROZZ,2025-09-01,val
ID.6 CROZZ,2025-10-01,val
ID.6 CROZZ,2025-11-01,val
ID.6 CROZZ,2025-12-01,val
ID.6 CROZZ,2026-01-01,test
ID.6 CROZZ,2026-02-01,test
ID.6 CROZZ,2026-03-01,test
ID.6 CROZZ,2026-04-01,test
ID.6 CROZZ,2026-05-01,test
ID.6 CROZZ,2026-06-01,test
IQ傲歌,2022-01-01,train
IQ傲歌,2022-02-01,train
IQ傲歌,2022-03-01,train
IQ傲歌,2022-04-01,train
IQ傲歌,2022-05-01,train
IQ傲歌,2022-06-01,train
IQ傲歌,2022-07-01,train
IQ傲歌,2022-08-01,train
IQ傲歌,2022-09-01,train
IQ傲歌,2022-10-01,train
IQ傲歌,2022-11-01,train
IQ傲歌,2022-12-01,train
IQ傲歌,2023-01-01,train
IQ傲歌,2023-02-01,train
IQ傲歌,2023-03-01,train
IQ傲歌,2023-04-01,train
IQ傲歌,2023-05-01,train
IQ傲歌,2023-06-01,train
IQ傲歌,2023-07-01,train
IQ傲歌,2023-08-01,train
IQ傲歌,2023-09-01,train
IQ傲歌,2023-10-01,train
IQ傲歌,2023-11-01,train
IQ傲歌,2023-12-01,train
IQ傲歌,2024-01-01,train
IQ傲歌,2024-02-01,train
IQ傲歌,2024-03-01,train
IQ傲歌,2024-04-01,train
IQ傲歌,2024-05-01,train
IQ傲歌,2024-06-01,train
IQ傲歌,2024-07-01,train
IQ傲歌,2024-08-01,train
IQ傲歌,2024-09-01,train
IQ傲歌,2024-10-01,train
IQ傲歌,2024-11-01,train
IQ傲歌,2024-12-01,train
IQ傲歌,2025-01-01,train
IQ傲歌,2025-02-01,train
IQ傲歌,2025-03-01,train
IQ傲歌,2025-04-01,train
IQ傲歌,2025-05-01,train
IQ傲歌,2025-06-01,train
IQ傲歌,2025-07-01,val
IQ傲歌,2025-08-01,val
IQ傲歌,2025-09-01,val
IQ傲歌,2025-10-01,val
IQ傲歌,2025-11-01,val
IQ傲歌,2025-12-01,val
IQ傲歌,2026-01-01,test
IQ傲歌,2026-02-01,test
IQ傲歌,2026-03-01,test
IQ傲歌,2026-04-01,test
IQ傲歌,2026-05-01,test
IQ傲歌,2026-06-01,test
IQ锐歌,2022-01-01,train
IQ锐歌,2022-02-01,train
IQ锐歌,2022-03-01,train
IQ锐歌,2022-04-01,train
IQ锐歌,2022-05-01,train
IQ锐歌,2022-06-01,train
IQ锐歌,2022-07-01,train
IQ锐歌,2022-08-01,train
IQ锐歌,2022-09-01,train
IQ锐歌,2022-10-01,train
IQ锐歌,2022-11-01,train
IQ锐歌,2022-12-01,train
IQ锐歌,2023-01-01,train
IQ锐歌,2023-02-01,train
IQ锐歌,2023-03-01,train
IQ锐歌,2023-04-01,train
IQ锐歌,2023-05-01,train
IQ锐歌,2023-06-01,train
IQ锐歌,2023-07-01,train
IQ锐歌,2023-08-01,train
IQ锐歌,2023-09-01,train
IQ锐歌,2023-10-01,train
IQ锐歌,2023-11-01,train
IQ锐歌,2023-12-01,train
IQ锐歌,2024-01-01,train
IQ锐歌,2024-02-01,train
IQ锐歌,2024-03-01,train
IQ锐歌,2024-04-01,train
IQ锐歌,2024-05-01,train
IQ锐歌,2024-06-01,train
IQ锐歌,2024-07-01,train
IQ锐歌,2024-08-01,train
IQ锐歌,2024-09-01,train
IQ锐歌,2024-10-01,train
IQ锐歌,2024-11-01,train
IQ锐歌,2024-12-01,train
IQ锐歌,2025-01-01,train
IQ锐歌,2025-02-01,train
IQ锐歌,2025-03-01,train
IQ锐歌,2025-04-01,train
IQ锐歌,2025-05-01,train
IQ锐歌,2025-06-01,train
IQ锐歌,2025-07-01,val
IQ锐歌,2025-08-01,val
IQ锐歌,2025-09-01,val
IQ锐歌,2025-10-01,val
IQ锐歌,2025-11-01,val
IQ锐歌,2025-12-01,val
IQ锐歌,2026-01-01,test
IQ锐歌,2026-02-01,test
IQ锐歌,2026-03-01,test
IQ锐歌,2026-04-01,test
IQ锐歌,2026-05-01,test
IQ锐歌,2026-06-01,test
MG4,2022-01-01,train
MG4,2022-02-01,train
MG4,2022-03-01,train
MG4,2022-04-01,train
MG4,2022-05-01,train
MG4,2022-06-01,train
MG4,2022-07-01,train
MG4,2022-08-01,train
MG4,2022-09-01,train
MG4,2022-10-01,train
MG4,2022-11-01,train
MG4,2022-12-01,train
MG4,2023-01-01,train
MG4,2023-02-01,train
MG4,2023-03-01,train
MG4,2023-04-01,train
MG4,2023-05-01,train
MG4,2023-06-01,train
MG4,2023-07-01,train
MG4,2023-08-01,train
MG4,2023-09-01,train
MG4,2023-10-01,train
MG4,2023-11-01,train
MG4,2023-12-01,train
MG4,2024-01-01,train
MG4,2024-02-01,train
MG4,2024-03-01,train
MG4,2024-04-01,train
MG4,2024-05-01,train
MG4,2024-06-01,train
MG4,2024-07-01,train
MG4,2024-08-01,train
MG4,2024-09-01,train
MG4,2024-10-01,train
MG4,2024-11-01,train
MG4,2024-12-01,train
MG4,2025-01-01,train
MG4,2025-02-01,train
MG4,2025-03-01,train
MG4,2025-04-01,train
MG4,2025-05-01,train
MG4,2025-06-01,train
MG4,2025-07-01,val
MG4,2025-08-01,val
MG4,2025-09-01,val
MG4,2025-10-01,val
MG4,2025-11-01,val
MG4,2025-12-01,val
MG4,2026-01-01,test
MG4,2026-02-01,test
MG4,2026-03-01,test
MG4,2026-04-01,test
MG4,2026-05-01,test
MG4,2026-06-01,test
MG6,2022-01-01,train
MG6,2022-02-01,train
MG6,2022-03-01,train
MG6,2022-04-01,train
MG6,2022-05-01,train
MG6,2022-06-01,train
MG6,2022-07-01,train
MG6,2022-08-01,train
MG6,2022-09-01,train
MG6,2022-10-01,train
MG6,2022-11-01,train
MG6,2022-12-01,train
MG6,2023-01-01,train
MG6,2023-02-01,train
MG6,2023-03-01,train
MG6,2023-04-01,train
MG6,2023-05-01,train
MG6,2023-06-01,train
MG6,2023-07-01,train
MG6,2023-08-01,train
MG6,2023-09-01,train
MG6,2023-10-01,train
MG6,2023-11-01,train
MG6,2023-12-01,train
MG6,2024-01-01,train
MG6,2024-02-01,train
MG6,2024-03-01,train
MG6,2024-04-01,train
MG6,2024-05-01,train
MG6,2024-06-01,train
MG6,2024-07-01,train
MG6,2024-08-01,train
MG6,2024-09-01,train
MG6,2024-10-01,train
MG6,2024-11-01,train
MG6,2024-12-01,train
MG6,2025-01-01,train
MG6,2025-02-01,train
MG6,2025-03-01,train
MG6,2025-04-01,train
MG6,2025-05-01,train
MG6,2025-06-01,train
MG6,2025-07-01,val
MG6,2025-08-01,val
MG6,2025-09-01,val
MG6,2025-10-01,val
MG6,2025-11-01,val
MG6,2025-12-01,val
MG6,2026-01-01,test
MG6,2026-02-01,test
MG6,2026-03-01,test
MG6,2026-04-01,test
MG6,2026-05-01,test
MG6,2026-06-01,test
MG7,2022-01-01,train
MG7,2022-02-01,train
MG7,2022-03-01,train
MG7,2022-04-01,train
MG7,2022-05-01,train
MG7,2022-06-01,train
MG7,2022-07-01,train
MG7,2022-08-01,train
MG7,2022-09-01,train
MG7,2022-10-01,train
MG7,2022-11-01,train
MG7,2022-12-01,train
MG7,2023-01-01,train
MG7,2023-02-01,train
MG7,2023-03-01,train
MG7,2023-04-01,train
MG7,2023-05-01,train
MG7,2023-06-01,train
MG7,2023-07-01,train
MG7,2023-08-01,train
MG7,2023-09-01,train
MG7,2023-10-01,train
MG7,2023-11-01,train
MG7,2023-12-01,train
MG7,2024-01-01,train
MG7,2024-02-01,train
MG7,2024-03-01,train
MG7,2024-04-01,train
MG7,2024-05-01,train
MG7,2024-06-01,train
MG7,2024-07-01,train
MG7,2024-08-01,train
MG7,2024-09-01,train
MG7,2024-10-01,train
MG7,2024-11-01,train
MG7,2024-12-01,train
MG7,2025-01-01,train
MG7,2025-02-01,train
MG7,2025-03-01,train
MG7,2025-04-01,train
MG7,2025-05-01,train
MG7,2025-06-01,train
MG7,2025-07-01,val
MG7,2025-08-01,val
MG7,2025-09-01,val
MG7,2025-10-01,val
MG7,2025-11-01,val
MG7,2025-12-01,val
MG7,2026-01-01,test
MG7,2026-02-01,test
MG7,2026-03-01,test
MG7,2026-04-01,test
MG7,2026-05-01,test
MG7,2026-06-01,test
Model 3,2022-01-01,train
Model 3,2022-02-01,train
Model 3,2022-03-01,train
Model 3,2022-04-01,train
Model 3,2022-05-01,train
Model 3,2022-06-01,train
Model 3,2022-07-01,train
Model 3,2022-08-01,train
Model 3,2022-09-01,train
Model 3,2022-10-01,train
Model 3,2022-11-01,train
Model 3,2022-12-01,train
Model 3,2023-01-01,train
Model 3,2023-02-01,train
Model 3,2023-03-01,train
Model 3,2023-04-01,train
Model 3,2023-05-01,train
Model 3,2023-06-01,train
Model 3,2023-07-01,train
Model 3,2023-08-01,train
Model 3,2023-09-01,train
Model 3,2023-10-01,train
Model 3,2023-11-01,train
Model 3,2023-12-01,train
Model 3,2024-01-01,train
Model 3,2024-02-01,train
Model 3,2024-03-01,train
Model 3,2024-04-01,train
Model 3,2024-05-01,train
Model 3,2024-06-01,train
Model 3,2024-07-01,train
Model 3,2024-08-01,train
Model 3,2024-09-01,train
Model 3,2024-10-01,train
Model 3,2024-11-01,train
Model 3,2024-12-01,train
Model 3,2025-01-01,train
Model 3,2025-02-01,train
Model 3,2025-03-01,train
Model 3,2025-04-01,train
Model 3,2025-05-01,train
Model 3,2025-06-01,train
Model 3,2025-07-01,val
Model 3,2025-08-01,val
Model 3,2025-09-01,val
Model 3,2025-10-01,val
Model 3,2025-11-01,val
Model 3,2025-12-01,val
Model 3,2026-01-01,test
Model 3,2026-02-01,test
Model 3,2026-03-01,test
Model 3,2026-04-01,test
Model 3,2026-05-01,test
Model 3,2026-06-01,test
Model Y,2022-01-01,train
Model Y,2022-02-01,train
Model Y,2022-03-01,train
Model Y,2022-04-01,train
Model Y,2022-05-01,train
Model Y,2022-06-01,train
Model Y,2022-07-01,train
Model Y,2022-08-01,train
Model Y,2022-09-01,train
Model Y,2022-10-01,train
Model Y,2022-11-01,train
Model Y,2022-12-01,train
Model Y,2023-01-01,train
Model Y,2023-02-01,train
Model Y,2023-03-01,train
Model Y,2023-04-01,train
Model Y,2023-05-01,train
Model Y,2023-06-01,train
Model Y,2023-07-01,train
Model Y,2023-08-01,train
Model Y,2023-09-01,train
Model Y,2023-10-01,train
Model Y,2023-11-01,train
Model Y,2023-12-01,train
Model Y,2024-01-01,train
Model Y,2024-02-01,train
Model Y,2024-03-01,train
Model Y,2024-04-01,train
Model Y,2024-05-01,train
Model Y,2024-06-01,train
Model Y,2024-07-01,train
Model Y,2024-08-01,train
Model Y,2024-09-01,train
Model Y,2024-10-01,train
Model Y,2024-11-01,train
Model Y,2024-12-01,train
Model Y,2025-01-01,train
Model Y,2025-02-01,train
Model Y,2025-03-01,train
Model Y,2025-04-01,train
Model Y,2025-05-01,train
Model Y,2025-06-01,train
Model Y,2025-07-01,val
Model Y,2025-08-01,val
Model Y,2025-09-01,val
Model Y,2025-10-01,val
Model Y,2025-11-01,val
Model Y,2025-12-01,val
Model Y,2026-01-01,test
Model Y,2026-02-01,test
Model Y,2026-03-01,test
Model Y,2026-04-01,test
Model Y,2026-05-01,test
Model Y,2026-06-01,test
PATHFINDER探陆,2022-01-01,train
PATHFINDER探陆,2022-02-01,train
PATHFINDER探陆,2022-03-01,train
PATHFINDER探陆,2022-04-01,train
PATHFINDER探陆,2022-05-01,train
PATHFINDER探陆,2022-06-01,train
PATHFINDER探陆,2022-07-01,train
PATHFINDER探陆,2022-08-01,train
PATHFINDER探陆,2022-09-01,train
PATHFINDER探陆,2022-10-01,train
PATHFINDER探陆,2022-11-01,train
PATHFINDER探陆,2022-12-01,train
PATHFINDER探陆,2023-01-01,train
PATHFINDER探陆,2023-02-01,train
PATHFINDER探陆,2023-03-01,train
PATHFINDER探陆,2023-04-01,train
PATHFINDER探陆,2023-05-01,train
PATHFINDER探陆,2023-06-01,train
PATHFINDER探陆,2023-07-01,train
PATHFINDER探陆,2023-08-01,train
PATHFINDER探陆,2023-09-01,train
PATHFINDER探陆,2023-10-01,train
PATHFINDER探陆,2023-11-01,train
PATHFINDER探陆,2023-12-01,train
PATHFINDER探陆,2024-01-01,train
PATHFINDER探陆,2024-02-01,train
PATHFINDER探陆,2024-03-01,train
PATHFINDER探陆,2024-04-01,train
PATHFINDER探陆,2024-05-01,train
PATHFINDER探陆,2024-06-01,train
PATHFINDER探陆,2024-07-01,train
PATHFINDER探陆,2024-08-01,train
PATHFINDER探陆,2024-09-01,train
PATHFINDER探陆,2024-10-01,train
PATHFINDER探陆,2024-11-01,train
PATHFINDER探陆,2024-12-01,train
PATHFINDER探陆,2025-01-01,train
PATHFINDER探陆,2025-02-01,train
PATHFINDER探陆,2025-03-01,train
PATHFINDER探陆,2025-04-01,train
PATHFINDER探陆,2025-05-01,train
PATHFINDER探陆,2025-06-01,train
PATHFINDER探陆,2025-07-01,val
PATHFINDER探陆,2025-08-01,val
PATHFINDER探陆,2025-09-01,val
PATHFINDER探陆,2025-10-01,val
PATHFINDER探陆,2025-11-01,val
PATHFINDER探陆,2025-12-01,val
PATHFINDER探陆,2026-01-01,test
PATHFINDER探陆,2026-02-01,test
PATHFINDER探陆,2026-03-01,test
PATHFINDER探陆,2026-04-01,test
PATHFINDER探陆,2026-05-01,test
PATHFINDER探陆,2026-06-01,test
Polestar 4,2022-01-01,train
Polestar 4,2022-02-01,train
Polestar 4,2022-03-01,train
Polestar 4,2022-04-01,train
Polestar 4,2022-05-01,train
Polestar 4,2022-06-01,train
Polestar 4,2022-07-01,train
Polestar 4,2022-08-01,train
Polestar 4,2022-09-01,train
Polestar 4,2022-10-01,train
Polestar 4,2022-11-01,train
Polestar 4,2022-12-01,train
Polestar 4,2023-01-01,train
Polestar 4,2023-02-01,train
Polestar 4,2023-03-01,train
Polestar 4,2023-04-01,train
Polestar 4,2023-05-01,train
Polestar 4,2023-06-01,train
Polestar 4,2023-07-01,train
Polestar 4,2023-08-01,train
Polestar 4,2023-09-01,train
Polestar 4,2023-10-01,train
Polestar 4,2023-11-01,train
Polestar 4,2023-12-01,train
Polestar 4,2024-01-01,train
Polestar 4,2024-02-01,train
Polestar 4,2024-03-01,train
Polestar 4,2024-04-01,train
Polestar 4,2024-05-01,train
Polestar 4,2024-06-01,train
Polestar 4,2024-07-01,train
Polestar 4,2024-08-01,train
Polestar 4,2024-09-01,train
Polestar 4,2024-10-01,train
Polestar 4,2024-11-01,train
Polestar 4,2024-12-01,train
Polestar 4,2025-01-01,train
Polestar 4,2025-02-01,train
Polestar 4,2025-03-01,train
Polestar 4,2025-04-01,train
Polestar 4,2025-05-01,train
Polestar 4,2025-06-01,train
Polestar 4,2025-07-01,val
Polestar 4,2025-08-01,val
Polestar 4,2025-09-01,val
Polestar 4,2025-10-01,val
Polestar 4,2025-11-01,val
Polestar 4,2025-12-01,val
Polestar 4,2026-01-01,test
Polestar 4,2026-02-01,test
Polestar 4,2026-03-01,test
Polestar 4,2026-04-01,test
Polestar 4,2026-05-01,test
Polestar 4,2026-06-01,test
QQ冰淇淋,2022-01-01,train
QQ冰淇淋,2022-02-01,train
QQ冰淇淋,2022-03-01,train
QQ冰淇淋,2022-04-01,train
QQ冰淇淋,2022-05-01,train
QQ冰淇淋,2022-06-01,train
QQ冰淇淋,2022-07-01,train
QQ冰淇淋,2022-08-01,train
QQ冰淇淋,2022-09-01,train
QQ冰淇淋,2022-10-01,train
QQ冰淇淋,2022-11-01,train
QQ冰淇淋,2022-12-01,train
QQ冰淇淋,2023-01-01,train
QQ冰淇淋,2023-02-01,train
QQ冰淇淋,2023-03-01,train
QQ冰淇淋,2023-04-01,train
QQ冰淇淋,2023-05-01,train
QQ冰淇淋,2023-06-01,train
QQ冰淇淋,2023-07-01,train
QQ冰淇淋,2023-08-01,train
QQ冰淇淋,2023-09-01,train
QQ冰淇淋,2023-10-01,train
QQ冰淇淋,2023-11-01,train
QQ冰淇淋,2023-12-01,train
QQ冰淇淋,2024-01-01,train
QQ冰淇淋,2024-02-01,train
QQ冰淇淋,2024-03-01,train
QQ冰淇淋,2024-04-01,train
QQ冰淇淋,2024-05-01,train
QQ冰淇淋,2024-06-01,train
QQ冰淇淋,2024-07-01,train
QQ冰淇淋,2024-08-01,train
QQ冰淇淋,2024-09-01,train
QQ冰淇淋,2024-10-01,train
QQ冰淇淋,2024-11-01,train
QQ冰淇淋,2024-12-01,train
QQ冰淇淋,2025-01-01,train
QQ冰淇淋,2025-02-01,train
QQ冰淇淋,2025-03-01,train
QQ冰淇淋,2025-04-01,train
QQ冰淇淋,2025-05-01,train
QQ冰淇淋,2025-06-01,train
QQ冰淇淋,2025-07-01,val
QQ冰淇淋,2025-08-01,val
QQ冰淇淋,2025-09-01,val
QQ冰淇淋,2025-10-01,val
QQ冰淇淋,2025-11-01,val
QQ冰淇淋,2025-12-01,val
QQ冰淇淋,2026-01-01,test
QQ冰淇淋,2026-02-01,test
QQ冰淇淋,2026-03-01,test
QQ冰淇淋,2026-04-01,test
QQ冰淇淋,2026-05-01,test
QQ冰淇淋,2026-06-01,test
RAV4荣放,2022-01-01,train
RAV4荣放,2022-02-01,train
RAV4荣放,2022-03-01,train
RAV4荣放,2022-04-01,train
RAV4荣放,2022-05-01,train
RAV4荣放,2022-06-01,train
RAV4荣放,2022-07-01,train
RAV4荣放,2022-08-01,train
RAV4荣放,2022-09-01,train
RAV4荣放,2022-10-01,train
RAV4荣放,2022-11-01,train
RAV4荣放,2022-12-01,train
RAV4荣放,2023-01-01,train
RAV4荣放,2023-02-01,train
RAV4荣放,2023-03-01,train
RAV4荣放,2023-04-01,train
RAV4荣放,2023-05-01,train
RAV4荣放,2023-06-01,train
RAV4荣放,2023-07-01,train
RAV4荣放,2023-08-01,train
RAV4荣放,2023-09-01,train
RAV4荣放,2023-10-01,train
RAV4荣放,2023-11-01,train
RAV4荣放,2023-12-01,train
RAV4荣放,2024-01-01,train
RAV4荣放,2024-02-01,train
RAV4荣放,2024-03-01,train
RAV4荣放,2024-04-01,train
RAV4荣放,2024-05-01,train
RAV4荣放,2024-06-01,train
RAV4荣放,2024-07-01,train
RAV4荣放,2024-08-01,train
RAV4荣放,2024-09-01,train
RAV4荣放,2024-10-01,train
RAV4荣放,2024-11-01,train
RAV4荣放,2024-12-01,train
RAV4荣放,2025-01-01,train
RAV4荣放,2025-02-01,train
RAV4荣放,2025-03-01,train
RAV4荣放,2025-04-01,train
RAV4荣放,2025-05-01,train
RAV4荣放,2025-06-01,train
RAV4荣放,2025-07-01,val
RAV4荣放,2025-08-01,val
RAV4荣放,2025-09-01,val
RAV4荣放,2025-10-01,val
RAV4荣放,2025-11-01,val
RAV4荣放,2025-12-01,val
RAV4荣放,2026-01-01,test
RAV4荣放,2026-02-01,test
RAV4荣放,2026-03-01,test
RAV4荣放,2026-04-01,test
RAV4荣放,2026-05-01,test
RAV4荣放,2026-06-01,test
T-ROC探歌,2022-01-01,train
T-ROC探歌,2022-02-01,train
T-ROC探歌,2022-03-01,train
T-ROC探歌,2022-04-01,train
T-ROC探歌,2022-05-01,train
T-ROC探歌,2022-06-01,train
T-ROC探歌,2022-07-01,train
T-ROC探歌,2022-08-01,train
T-ROC探歌,2022-09-01,train
T-ROC探歌,2022-10-01,train
T-ROC探歌,2022-11-01,train
T-ROC探歌,2022-12-01,train
T-ROC探歌,2023-01-01,train
T-ROC探歌,2023-02-01,train
T-ROC探歌,2023-03-01,train
T-ROC探歌,2023-04-01,train
T-ROC探歌,2023-05-01,train
T-ROC探歌,2023-06-01,train
T-ROC探歌,2023-07-01,train
T-ROC探歌,2023-08-01,train
T-ROC探歌,2023-09-01,train
T-ROC探歌,2023-10-01,train
T-ROC探歌,2023-11-01,train
T-ROC探歌,2023-12-01,train
T-ROC探歌,2024-01-01,train
T-ROC探歌,2024-02-01,train
T-ROC探歌,2024-03-01,train
T-ROC探歌,2024-04-01,train
T-ROC探歌,2024-05-01,train
T-ROC探歌,2024-06-01,train
T-ROC探歌,2024-07-01,train
T-ROC探歌,2024-08-01,train
T-ROC探歌,2024-09-01,train
T-ROC探歌,2024-10-01,train
T-ROC探歌,2024-11-01,train
T-ROC探歌,2024-12-01,train
T-ROC探歌,2025-01-01,train
T-ROC探歌,2025-02-01,train
T-ROC探歌,2025-03-01,train
T-ROC探歌,2025-04-01,train
T-ROC探歌,2025-05-01,train
T-ROC探歌,2025-06-01,train
T-ROC探歌,2025-07-01,val
T-ROC探歌,2025-08-01,val
T-ROC探歌,2025-09-01,val
T-ROC探歌,2025-10-01,val
T-ROC探歌,2025-11-01,val
T-ROC探歌,2025-12-01,val
T-ROC探歌,2026-01-01,test
T-ROC探歌,2026-02-01,test
T-ROC探歌,2026-03-01,test
T-ROC探歌,2026-04-01,test
T-ROC探歌,2026-05-01,test
T-ROC探歌,2026-06-01,test
eπ007,2022-01-01,train
eπ007,2022-02-01,train
eπ007,2022-03-01,train
eπ007,2022-04-01,train
eπ007,2022-05-01,train
eπ007,2022-06-01,train
eπ007,2022-07-01,train
eπ007,2022-08-01,train
eπ007,2022-09-01,train
eπ007,2022-10-01,train
eπ007,2022-11-01,train
eπ007,2022-12-01,train
eπ007,2023-01-01,train
eπ007,2023-02-01,train
eπ007,2023-03-01,train
eπ007,2023-04-01,train
eπ007,2023-05-01,train
eπ007,2023-06-01,train
eπ007,2023-07-01,train
eπ007,2023-08-01,train
eπ007,2023-09-01,train
eπ007,2023-10-01,train
eπ007,2023-11-01,train
eπ007,2023-12-01,train
eπ007,2024-01-01,train
eπ007,2024-02-01,train
eπ007,2024-03-01,train
eπ007,2024-04-01,train
eπ007,2024-05-01,train
eπ007,2024-06-01,train
eπ007,2024-07-01,train
eπ007,2024-08-01,train
eπ007,2024-09-01,train
eπ007,2024-10-01,train
eπ007,2024-11-01,train
eπ007,2024-12-01,train
eπ007,2025-01-01,train
eπ007,2025-02-01,train
eπ007,2025-03-01,train
eπ007,2025-04-01,train
eπ007,2025-05-01,train
eπ007,2025-06-01,train
eπ007,2025-07-01,val
eπ007,2025-08-01,val
eπ007,2025-09-01,val
eπ007,2025-10-01,val
eπ007,2025-11-01,val
eπ007,2025-12-01,val
eπ007,2026-01-01,test
eπ007,2026-02-01,test
eπ007,2026-03-01,test
eπ007,2026-04-01,test
eπ007,2026-05-01,test
eπ007,2026-06-01,test
e爱丽舍,2022-01-01,train
e爱丽舍,2022-02-01,train
e爱丽舍,2022-03-01,train
e爱丽舍,2022-04-01,train
e爱丽舍,2022-05-01,train
e爱丽舍,2022-06-01,train
e爱丽舍,2022-07-01,train
e爱丽舍,2022-08-01,train
e爱丽舍,2022-09-01,train
e爱丽舍,2022-10-01,train
e爱丽舍,2022-11-01,train
e爱丽舍,2022-12-01,train
e爱丽舍,2023-01-01,train
e爱丽舍,2023-02-01,train
e爱丽舍,2023-03-01,train
e爱丽舍,2023-04-01,train
e爱丽舍,2023-05-01,train
e爱丽舍,2023-06-01,train
e爱丽舍,2023-07-01,train
e爱丽舍,2023-08-01,train
e爱丽舍,2023-09-01,train
e爱丽舍,2023-10-01,train
e爱丽舍,2023-11-01,train
e爱丽舍,2023-12-01,train
e爱丽舍,2024-01-01,train
e爱丽舍,2024-02-01,train
e爱丽舍,2024-03-01,train
e爱丽舍,2024-04-01,train
e爱丽舍,2024-05-01,train
e爱丽舍,2024-06-01,train
e爱丽舍,2024-07-01,train
e爱丽舍,2024-08-01,train
e爱丽舍,2024-09-01,train
e爱丽舍,2024-10-01,train
e爱丽舍,2024-11-01,train
e爱丽舍,2024-12-01,train
e爱丽舍,2025-01-01,train
e爱丽舍,2025-02-01,train
e爱丽舍,2025-03-01,train
e爱丽舍,2025-04-01,train
e爱丽舍,2025-05-01,train
e爱丽舍,2025-06-01,train
e爱丽舍,2025-07-01,val
e爱丽舍,2025-08-01,val
e爱丽舍,2025-09-01,val
e爱丽舍,2025-10-01,val
e爱丽舍,2025-11-01,val
e爱丽舍,2025-12-01,val
e爱丽舍,2026-01-01,test
e爱丽舍,2026-02-01,test
e爱丽舍,2026-03-01,test
e爱丽舍,2026-04-01,test
e爱丽舍,2026-05-01,test
e爱丽舍,2026-06-01,test
firefly萤火虫,2022-01-01,train
firefly萤火虫,2022-02-01,train
firefly萤火虫,2022-03-01,train
firefly萤火虫,2022-04-01,train
firefly萤火虫,2022-05-01,train
firefly萤火虫,2022-06-01,train
firefly萤火虫,2022-07-01,train
firefly萤火虫,2022-08-01,train
firefly萤火虫,2022-09-01,train
firefly萤火虫,2022-10-01,train
firefly萤火虫,2022-11-01,train
firefly萤火虫,2022-12-01,train
firefly萤火虫,2023-01-01,train
firefly萤火虫,2023-02-01,train
firefly萤火虫,2023-03-01,train
firefly萤火虫,2023-04-01,train
firefly萤火虫,2023-05-01,train
firefly萤火虫,2023-06-01,train
firefly萤火虫,2023-07-01,train
firefly萤火虫,2023-08-01,train
firefly萤火虫,2023-09-01,train
firefly萤火虫,2023-10-01,train
firefly萤火虫,2023-11-01,train
firefly萤火虫,2023-12-01,train
firefly萤火虫,2024-01-01,train
firefly萤火虫,2024-02-01,train
firefly萤火虫,2024-03-01,train
firefly萤火虫,2024-04-01,train
firefly萤火虫,2024-05-01,train
firefly萤火虫,2024-06-01,train
firefly萤火虫,2024-07-01,train
firefly萤火虫,2024-08-01,train
firefly萤火虫,2024-09-01,train
firefly萤火虫,2024-10-01,train
firefly萤火虫,2024-11-01,train
firefly萤火虫,2024-12-01,train
firefly萤火虫,2025-01-01,train
firefly萤火虫,2025-02-01,train
firefly萤火虫,2025-03-01,train
firefly萤火虫,2025-04-01,train
firefly萤火虫,2025-05-01,train
firefly萤火虫,2025-06-01,train
firefly萤火虫,2025-07-01,val
firefly萤火虫,2025-08-01,val
firefly萤火虫,2025-09-01,val
firefly萤火虫,2025-10-01,val
firefly萤火虫,2025-11-01,val
firefly萤火虫,2025-12-01,val
firefly萤火虫,2026-01-01,test
firefly萤火虫,2026-02-01,test
firefly萤火虫,2026-03-01,test
firefly萤火虫,2026-04-01,test
firefly萤火虫,2026-05-01,test
firefly萤火虫,2026-06-01,test
iCAR 03,2022-01-01,train
iCAR 03,2022-02-01,train
iCAR 03,2022-03-01,train
iCAR 03,2022-04-01,train
iCAR 03,2022-05-01,train
iCAR 03,2022-06-01,train
iCAR 03,2022-07-01,train
iCAR 03,2022-08-01,train
iCAR 03,2022-09-01,train
iCAR 03,2022-10-01,train
iCAR 03,2022-11-01,train
iCAR 03,2022-12-01,train
iCAR 03,2023-01-01,train
iCAR 03,2023-02-01,train
iCAR 03,2023-03-01,train
iCAR 03,2023-04-01,train
iCAR 03,2023-05-01,train
iCAR 03,2023-06-01,train
iCAR 03,2023-07-01,train
iCAR 03,2023-08-01,train
iCAR 03,2023-09-01,train
iCAR 03,2023-10-01,train
iCAR 03,2023-11-01,train
iCAR 03,2023-12-01,train
iCAR 03,2024-01-01,train
iCAR 03,2024-02-01,train
iCAR 03,2024-03-01,train
iCAR 03,2024-04-01,train
iCAR 03,2024-05-01,train
iCAR 03,2024-06-01,train
iCAR 03,2024-07-01,train
iCAR 03,2024-08-01,train
iCAR 03,2024-09-01,train
iCAR 03,2024-10-01,train
iCAR 03,2024-11-01,train
iCAR 03,2024-12-01,train
iCAR 03,2025-01-01,train
iCAR 03,2025-02-01,train
iCAR 03,2025-03-01,train
iCAR 03,2025-04-01,train
iCAR 03,2025-05-01,train
iCAR 03,2025-06-01,train
iCAR 03,2025-07-01,val
iCAR 03,2025-08-01,val
iCAR 03,2025-09-01,val
iCAR 03,2025-10-01,val
iCAR 03,2025-11-01,val
iCAR 03,2025-12-01,val
iCAR 03,2026-01-01,test
iCAR 03,2026-02-01,test
iCAR 03,2026-03-01,test
iCAR 03,2026-04-01,test
iCAR 03,2026-05-01,test
iCAR 03,2026-06-01,test
世纪,2022-01-01,train
世纪,2022-02-01,train
世纪,2022-03-01,train
世纪,2022-04-01,train
世纪,2022-05-01,train
世纪,2022-06-01,train
世纪,2022-07-01,train
世纪,2022-08-01,train
世纪,2022-09-01,train
世纪,2022-10-01,train
世纪,2022-11-01,train
世纪,2022-12-01,train
世纪,2023-01-01,train
世纪,2023-02-01,train
世纪,2023-03-01,train
世纪,2023-04-01,train
世纪,2023-05-01,train
世纪,2023-06-01,train
世纪,2023-07-01,train
世纪,2023-08-01,train
世纪,2023-09-01,train
世纪,2023-10-01,train
世纪,2023-11-01,train
世纪,2023-12-01,train
世纪,2024-01-01,train
世纪,2024-02-01,train
世纪,2024-03-01,train
世纪,2024-04-01,train
世纪,2024-05-01,train
世纪,2024-06-01,train
世纪,2024-07-01,train
世纪,2024-08-01,train
世纪,2024-09-01,train
世纪,2024-10-01,train
世纪,2024-11-01,train
世纪,2024-12-01,train
世纪,2025-01-01,train
世纪,2025-02-01,train
世纪,2025-03-01,train
世纪,2025-04-01,train
世纪,2025-05-01,train
世纪,2025-06-01,train
世纪,2025-07-01,val
世纪,2025-08-01,val
世纪,2025-09-01,val
世纪,2025-10-01,val
世纪,2025-11-01,val
世纪,2025-12-01,val
世纪,2026-01-01,test
世纪,2026-02-01,test
世纪,2026-03-01,test
世纪,2026-04-01,test
世纪,2026-05-01,test
世纪,2026-06-01,test
东风本田S7,2022-01-01,train
东风本田S7,2022-02-01,train
东风本田S7,2022-03-01,train
东风本田S7,2022-04-01,train
东风本田S7,2022-05-01,train
东风本田S7,2022-06-01,train
东风本田S7,2022-07-01,train
东风本田S7,2022-08-01,train
东风本田S7,2022-09-01,train
东风本田S7,2022-10-01,train
东风本田S7,2022-11-01,train
东风本田S7,2022-12-01,train
东风本田S7,2023-01-01,train
东风本田S7,2023-02-01,train
东风本田S7,2023-03-01,train
东风本田S7,2023-04-01,train
东风本田S7,2023-05-01,train
东风本田S7,2023-06-01,train
东风本田S7,2023-07-01,train
东风本田S7,2023-08-01,train
东风本田S7,2023-09-01,train
东风本田S7,2023-10-01,train
东风本田S7,2023-11-01,train
东风本田S7,2023-12-01,train
东风本田S7,2024-01-01,train
东风本田S7,2024-02-01,train
东风本田S7,2024-03-01,train
东风本田S7,2024-04-01,train
东风本田S7,2024-05-01,train
东风本田S7,2024-06-01,train
东风本田S7,2024-07-01,train
东风本田S7,2024-08-01,train
东风本田S7,2024-09-01,train
东风本田S7,2024-10-01,train
东风本田S7,2024-11-01,train
东风本田S7,2024-12-01,train
东风本田S7,2025-01-01,train
东风本田S7,2025-02-01,train
东风本田S7,2025-03-01,train
东风本田S7,2025-04-01,train
东风本田S7,2025-05-01,train
东风本田S7,2025-06-01,train
东风本田S7,2025-07-01,val
东风本田S7,2025-08-01,val
东风本田S7,2025-09-01,val
东风本田S7,2025-10-01,val
东风本田S7,2025-11-01,val
东风本田S7,2025-12-01,val
东风本田S7,2026-01-01,test
东风本田S7,2026-02-01,test
东风本田S7,2026-03-01,test
东风本田S7,2026-04-01,test
东风本田S7,2026-05-01,test
东风本田S7,2026-06-01,test
丰田bZ3,2022-01-01,train
丰田bZ3,2022-02-01,train
丰田bZ3,2022-03-01,train
丰田bZ3,2022-04-01,train
丰田bZ3,2022-05-01,train
丰田bZ3,2022-06-01,train
丰田bZ3,2022-07-01,train
丰田bZ3,2022-08-01,train
丰田bZ3,2022-09-01,train
丰田bZ3,2022-10-01,train
丰田bZ3,2022-11-01,train
丰田bZ3,2022-12-01,train
丰田bZ3,2023-01-01,train
丰田bZ3,2023-02-01,train
丰田bZ3,2023-03-01,train
丰田bZ3,2023-04-01,train
丰田bZ3,2023-05-01,train
丰田bZ3,2023-06-01,train
丰田bZ3,2023-07-01,train
丰田bZ3,2023-08-01,train
丰田bZ3,2023-09-01,train
丰田bZ3,2023-10-01,train
丰田bZ3,2023-11-01,train
丰田bZ3,2023-12-01,train
丰田bZ3,2024-01-01,train
丰田bZ3,2024-02-01,train
丰田bZ3,2024-03-01,train
丰田bZ3,2024-04-01,train
丰田bZ3,2024-05-01,train
丰田bZ3,2024-06-01,train
丰田bZ3,2024-07-01,train
丰田bZ3,2024-08-01,train
丰田bZ3,2024-09-01,train
丰田bZ3,2024-10-01,train
丰田bZ3,2024-11-01,train
丰田bZ3,2024-12-01,train
丰田bZ3,2025-01-01,train
丰田bZ3,2025-02-01,train
丰田bZ3,2025-03-01,train
丰田bZ3,2025-04-01,train
丰田bZ3,2025-05-01,train
丰田bZ3,2025-06-01,train
丰田bZ3,2025-07-01,val
丰田bZ3,2025-08-01,val
丰田bZ3,2025-09-01,val
丰田bZ3,2025-10-01,val
丰田bZ3,2025-11-01,val
丰田bZ3,2025-12-01,val
丰田bZ3,2026-01-01,test
丰田bZ3,2026-02-01,test
丰田bZ3,2026-03-01,test
丰田bZ3,2026-04-01,test
丰田bZ3,2026-05-01,test
丰田bZ3,2026-06-01,test
丰田bZ5,2022-01-01,train
丰田bZ5,2022-02-01,train
丰田bZ5,2022-03-01,train
丰田bZ5,2022-04-01,train
丰田bZ5,2022-05-01,train
丰田bZ5,2022-06-01,train
丰田bZ5,2022-07-01,train
丰田bZ5,2022-08-01,train
丰田bZ5,2022-09-01,train
丰田bZ5,2022-10-01,train
丰田bZ5,2022-11-01,train
丰田bZ5,2022-12-01,train
丰田bZ5,2023-01-01,train
丰田bZ5,2023-02-01,train
丰田bZ5,2023-03-01,train
丰田bZ5,2023-04-01,train
丰田bZ5,2023-05-01,train
丰田bZ5,2023-06-01,train
丰田bZ5,2023-07-01,train
丰田bZ5,2023-08-01,train
丰田bZ5,2023-09-01,train
丰田bZ5,2023-10-01,train
丰田bZ5,2023-11-01,train
丰田bZ5,2023-12-01,train
丰田bZ5,2024-01-01,train
丰田bZ5,2024-02-01,train
丰田bZ5,2024-03-01,train
丰田bZ5,2024-04-01,train
丰田bZ5,2024-05-01,train
丰田bZ5,2024-06-01,train
丰田bZ5,2024-07-01,train
丰田bZ5,2024-08-01,train
丰田bZ5,2024-09-01,train
丰田bZ5,2024-10-01,train
丰田bZ5,2024-11-01,train
丰田bZ5,2024-12-01,train
丰田bZ5,2025-01-01,train
丰田bZ5,2025-02-01,train
丰田bZ5,2025-03-01,train
丰田bZ5,2025-04-01,train
丰田bZ5,2025-05-01,train
丰田bZ5,2025-06-01,train
丰田bZ5,2025-07-01,val
丰田bZ5,2025-08-01,val
丰田bZ5,2025-09-01,val
丰田bZ5,2025-10-01,val
丰田bZ5,2025-11-01,val
丰田bZ5,2025-12-01,val
丰田bZ5,2026-01-01,test
丰田bZ5,2026-02-01,test
丰田bZ5,2026-03-01,test
丰田bZ5,2026-04-01,test
丰田bZ5,2026-05-01,test
丰田bZ5,2026-06-01,test
五菱佳辰,2022-01-01,train
五菱佳辰,2022-02-01,train
五菱佳辰,2022-03-01,train
五菱佳辰,2022-04-01,train
五菱佳辰,2022-05-01,train
五菱佳辰,2022-06-01,train
五菱佳辰,2022-07-01,train
五菱佳辰,2022-08-01,train
五菱佳辰,2022-09-01,train
五菱佳辰,2022-10-01,train
五菱佳辰,2022-11-01,train
五菱佳辰,2022-12-01,train
五菱佳辰,2023-01-01,train
五菱佳辰,2023-02-01,train
五菱佳辰,2023-03-01,train
五菱佳辰,2023-04-01,train
五菱佳辰,2023-05-01,train
五菱佳辰,2023-06-01,train
五菱佳辰,2023-07-01,train
五菱佳辰,2023-08-01,train
五菱佳辰,2023-09-01,train
五菱佳辰,2023-10-01,train
五菱佳辰,2023-11-01,train
五菱佳辰,2023-12-01,train
五菱佳辰,2024-01-01,train
五菱佳辰,2024-02-01,train
五菱佳辰,2024-03-01,train
五菱佳辰,2024-04-01,train
五菱佳辰,2024-05-01,train
五菱佳辰,2024-06-01,train
五菱佳辰,2024-07-01,train
五菱佳辰,2024-08-01,train
五菱佳辰,2024-09-01,train
五菱佳辰,2024-10-01,train
五菱佳辰,2024-11-01,train
五菱佳辰,2024-12-01,train
五菱佳辰,2025-01-01,train
五菱佳辰,2025-02-01,train
五菱佳辰,2025-03-01,train
五菱佳辰,2025-04-01,train
五菱佳辰,2025-05-01,train
五菱佳辰,2025-06-01,train
五菱佳辰,2025-07-01,val
五菱佳辰,2025-08-01,val
五菱佳辰,2025-09-01,val
五菱佳辰,2025-10-01,val
五菱佳辰,2025-11-01,val
五菱佳辰,2025-12-01,val
五菱佳辰,2026-01-01,test
五菱佳辰,2026-02-01,test
五菱佳辰,2026-03-01,test
五菱佳辰,2026-04-01,test
五菱佳辰,2026-05-01,test
五菱佳辰,2026-06-01,test
五菱宏光,2022-01-01,train
五菱宏光,2022-02-01,train
五菱宏光,2022-03-01,train
五菱宏光,2022-04-01,train
五菱宏光,2022-05-01,train
五菱宏光,2022-06-01,train
五菱宏光,2022-07-01,train
五菱宏光,2022-08-01,train
五菱宏光,2022-09-01,train
五菱宏光,2022-10-01,train
五菱宏光,2022-11-01,train
五菱宏光,2022-12-01,train
五菱宏光,2023-01-01,train
五菱宏光,2023-02-01,train
五菱宏光,2023-03-01,train
五菱宏光,2023-04-01,train
五菱宏光,2023-05-01,train
五菱宏光,2023-06-01,train
五菱宏光,2023-07-01,train
五菱宏光,2023-08-01,train
五菱宏光,2023-09-01,train
五菱宏光,2023-10-01,train
五菱宏光,2023-11-01,train
五菱宏光,2023-12-01,train
五菱宏光,2024-01-01,train
五菱宏光,2024-02-01,train
五菱宏光,2024-03-01,train
五菱宏光,2024-04-01,train
五菱宏光,2024-05-01,train
五菱宏光,2024-06-01,train
五菱宏光,2024-07-01,train
五菱宏光,2024-08-01,train
五菱宏光,2024-09-01,train
五菱宏光,2024-10-01,train
五菱宏光,2024-11-01,train
五菱宏光,2024-12-01,train
五菱宏光,2025-01-01,train
五菱宏光,2025-02-01,train
五菱宏光,2025-03-01,train
五菱宏光,2025-04-01,train
五菱宏光,2025-05-01,train
五菱宏光,2025-06-01,train
五菱宏光,2025-07-01,val
五菱宏光,2025-08-01,val
五菱宏光,2025-09-01,val
五菱宏光,2025-10-01,val
五菱宏光,2025-11-01,val
五菱宏光,2025-12-01,val
五菱宏光,2026-01-01,test
五菱宏光,2026-02-01,test
五菱宏光,2026-03-01,test
五菱宏光,2026-04-01,test
五菱宏光,2026-05-01,test
五菱宏光,2026-06-01,test
五菱宏光S,2022-01-01,train
五菱宏光S,2022-02-01,train
五菱宏光S,2022-03-01,train
五菱宏光S,2022-04-01,train
五菱宏光S,2022-05-01,train
五菱宏光S,2022-06-01,train
五菱宏光S,2022-07-01,train
五菱宏光S,2022-08-01,train
五菱宏光S,2022-09-01,train
五菱宏光S,2022-10-01,train
五菱宏光S,2022-11-01,train
五菱宏光S,2022-12-01,train
五菱宏光S,2023-01-01,train
五菱宏光S,2023-02-01,train
五菱宏光S,2023-03-01,train
五菱宏光S,2023-04-01,train
五菱宏光S,2023-05-01,train
五菱宏光S,2023-06-01,train
五菱宏光S,2023-07-01,train
五菱宏光S,2023-08-01,train
五菱宏光S,2023-09-01,train
五菱宏光S,2023-10-01,train
五菱宏光S,2023-11-01,train
五菱宏光S,2023-12-01,train
五菱宏光S,2024-01-01,train
五菱宏光S,2024-02-01,train
五菱宏光S,2024-03-01,train
五菱宏光S,2024-04-01,train
五菱宏光S,2024-05-01,train
五菱宏光S,2024-06-01,train
五菱宏光S,2024-07-01,train
五菱宏光S,2024-08-01,train
五菱宏光S,2024-09-01,train
五菱宏光S,2024-10-01,train
五菱宏光S,2024-11-01,train
五菱宏光S,2024-12-01,train
五菱宏光S,2025-01-01,train
五菱宏光S,2025-02-01,train
五菱宏光S,2025-03-01,train
五菱宏光S,2025-04-01,train
五菱宏光S,2025-05-01,train
五菱宏光S,2025-06-01,train
五菱宏光S,2025-07-01,val
五菱宏光S,2025-08-01,val
五菱宏光S,2025-09-01,val
五菱宏光S,2025-10-01,val
五菱宏光S,2025-11-01,val
五菱宏光S,2025-12-01,val
五菱宏光S,2026-01-01,test
五菱宏光S,2026-02-01,test
五菱宏光S,2026-03-01,test
五菱宏光S,2026-04-01,test
五菱宏光S,2026-05-01,test
五菱宏光S,2026-06-01,test
五菱征程,2022-01-01,train
五菱征程,2022-02-01,train
五菱征程,2022-03-01,train
五菱征程,2022-04-01,train
五菱征程,2022-05-01,train
五菱征程,2022-06-01,train
五菱征程,2022-07-01,train
五菱征程,2022-08-01,train
五菱征程,2022-09-01,train
五菱征程,2022-10-01,train
五菱征程,2022-11-01,train
五菱征程,2022-12-01,train
五菱征程,2023-01-01,train
五菱征程,2023-02-01,train
五菱征程,2023-03-01,train
五菱征程,2023-04-01,train
五菱征程,2023-05-01,train
五菱征程,2023-06-01,train
五菱征程,2023-07-01,train
五菱征程,2023-08-01,train
五菱征程,2023-09-01,train
五菱征程,2023-10-01,train
五菱征程,2023-11-01,train
五菱征程,2023-12-01,train
五菱征程,2024-01-01,train
五菱征程,2024-02-01,train
五菱征程,2024-03-01,train
五菱征程,2024-04-01,train
五菱征程,2024-05-01,train
五菱征程,2024-06-01,train
五菱征程,2024-07-01,train
五菱征程,2024-08-01,train
五菱征程,2024-09-01,train
五菱征程,2024-10-01,train
五菱征程,2024-11-01,train
五菱征程,2024-12-01,train
五菱征程,2025-01-01,train
五菱征程,2025-02-01,train
五菱征程,2025-03-01,train
五菱征程,2025-04-01,train
五菱征程,2025-05-01,train
五菱征程,2025-06-01,train
五菱征程,2025-07-01,val
五菱征程,2025-08-01,val
五菱征程,2025-09-01,val
五菱征程,2025-10-01,val
五菱征程,2025-11-01,val
五菱征程,2025-12-01,val
五菱征程,2026-01-01,test
五菱征程,2026-02-01,test
五菱征程,2026-03-01,test
五菱征程,2026-04-01,test
五菱征程,2026-05-01,test
五菱征程,2026-06-01,test
五菱星云,2022-01-01,train
五菱星云,2022-02-01,train
五菱星云,2022-03-01,train
五菱星云,2022-04-01,train
五菱星云,2022-05-01,train
五菱星云,2022-06-01,train
五菱星云,2022-07-01,train
五菱星云,2022-08-01,train
五菱星云,2022-09-01,train
五菱星云,2022-10-01,train
五菱星云,2022-11-01,train
五菱星云,2022-12-01,train
五菱星云,2023-01-01,train
五菱星云,2023-02-01,train
五菱星云,2023-03-01,train
五菱星云,2023-04-01,train
五菱星云,2023-05-01,train
五菱星云,2023-06-01,train
五菱星云,2023-07-01,train
五菱星云,2023-08-01,train
五菱星云,2023-09-01,train
五菱星云,2023-10-01,train
五菱星云,2023-11-01,train
五菱星云,2023-12-01,train
五菱星云,2024-01-01,train
五菱星云,2024-02-01,train
五菱星云,2024-03-01,train
五菱星云,2024-04-01,train
五菱星云,2024-05-01,train
五菱星云,2024-06-01,train
五菱星云,2024-07-01,train
五菱星云,2024-08-01,train
五菱星云,2024-09-01,train
五菱星云,2024-10-01,train
五菱星云,2024-11-01,train
五菱星云,2024-12-01,train
五菱星云,2025-01-01,train
五菱星云,2025-02-01,train
五菱星云,2025-03-01,train
五菱星云,2025-04-01,train
五菱星云,2025-05-01,train
五菱星云,2025-06-01,train
五菱星云,2025-07-01,val
五菱星云,2025-08-01,val
五菱星云,2025-09-01,val
五菱星云,2025-10-01,val
五菱星云,2025-11-01,val
五菱星云,2025-12-01,val
五菱星云,2026-01-01,test
五菱星云,2026-02-01,test
五菱星云,2026-03-01,test
五菱星云,2026-04-01,test
五菱星云,2026-05-01,test
五菱星云,2026-06-01,test
五菱星光,2022-01-01,train
五菱星光,2022-02-01,train
五菱星光,2022-03-01,train
五菱星光,2022-04-01,train
五菱星光,2022-05-01,train
五菱星光,2022-06-01,train
五菱星光,2022-07-01,train
五菱星光,2022-08-01,train
五菱星光,2022-09-01,train
五菱星光,2022-10-01,train
五菱星光,2022-11-01,train
五菱星光,2022-12-01,train
五菱星光,2023-01-01,train
五菱星光,2023-02-01,train
五菱星光,2023-03-01,train
五菱星光,2023-04-01,train
五菱星光,2023-05-01,train
五菱星光,2023-06-01,train
五菱星光,2023-07-01,train
五菱星光,2023-08-01,train
五菱星光,2023-09-01,train
五菱星光,2023-10-01,train
五菱星光,2023-11-01,train
五菱星光,2023-12-01,train
五菱星光,2024-01-01,train
五菱星光,2024-02-01,train
五菱星光,2024-03-01,train
五菱星光,2024-04-01,train
五菱星光,2024-05-01,train
五菱星光,2024-06-01,train
五菱星光,2024-07-01,train
五菱星光,2024-08-01,train
五菱星光,2024-09-01,train
五菱星光,2024-10-01,train
五菱星光,2024-11-01,train
五菱星光,2024-12-01,train
五菱星光,2025-01-01,train
五菱星光,2025-02-01,train
五菱星光,2025-03-01,train
五菱星光,2025-04-01,train
五菱星光,2025-05-01,train
五菱星光,2025-06-01,train
五菱星光,2025-07-01,val
五菱星光,2025-08-01,val
五菱星光,2025-09-01,val
五菱星光,2025-10-01,val
五菱星光,2025-11-01,val
五菱星光,2025-12-01,val
五菱星光,2026-01-01,test
五菱星光,2026-02-01,test
五菱星光,2026-03-01,test
五菱星光,2026-04-01,test
五菱星光,2026-05-01,test
五菱星光,2026-06-01,test
五菱星驰,2022-01-01,train
五菱星驰,2022-02-01,train
五菱星驰,2022-03-01,train
五菱星驰,2022-04-01,train
五菱星驰,2022-05-01,train
五菱星驰,2022-06-01,train
五菱星驰,2022-07-01,train
五菱星驰,2022-08-01,train
五菱星驰,2022-09-01,train
五菱星驰,2022-10-01,train
五菱星驰,2022-11-01,train
五菱星驰,2022-12-01,train
五菱星驰,2023-01-01,train
五菱星驰,2023-02-01,train
五菱星驰,2023-03-01,train
五菱星驰,2023-04-01,train
五菱星驰,2023-05-01,train
五菱星驰,2023-06-01,train
五菱星驰,2023-07-01,train
五菱星驰,2023-08-01,train
五菱星驰,2023-09-01,train
五菱星驰,2023-10-01,train
五菱星驰,2023-11-01,train
五菱星驰,2023-12-01,train
五菱星驰,2024-01-01,train
五菱星驰,2024-02-01,train
五菱星驰,2024-03-01,train
五菱星驰,2024-04-01,train
五菱星驰,2024-05-01,train
五菱星驰,2024-06-01,train
五菱星驰,2024-07-01,train
五菱星驰,2024-08-01,train
五菱星驰,2024-09-01,train
五菱星驰,2024-10-01,train
五菱星驰,2024-11-01,train
五菱星驰,2024-12-01,train
五菱星驰,2025-01-01,train
五菱星驰,2025-02-01,train
五菱星驰,2025-03-01,train
五菱星驰,2025-04-01,train
五菱星驰,2025-05-01,train
五菱星驰,2025-06-01,train
五菱星驰,2025-07-01,val
五菱星驰,2025-08-01,val
五菱星驰,2025-09-01,val
五菱星驰,2025-10-01,val
五菱星驰,2025-11-01,val
五菱星驰,2025-12-01,val
五菱星驰,2026-01-01,test
五菱星驰,2026-02-01,test
五菱星驰,2026-03-01,test
五菱星驰,2026-04-01,test
五菱星驰,2026-05-01,test
五菱星驰,2026-06-01,test
亚洲狮,2022-01-01,train
亚洲狮,2022-02-01,train
亚洲狮,2022-03-01,train
亚洲狮,2022-04-01,train
亚洲狮,2022-05-01,train
亚洲狮,2022-06-01,train
亚洲狮,2022-07-01,train
亚洲狮,2022-08-01,train
亚洲狮,2022-09-01,train
亚洲狮,2022-10-01,train
亚洲狮,2022-11-01,train
亚洲狮,2022-12-01,train
亚洲狮,2023-01-01,train
亚洲狮,2023-02-01,train
亚洲狮,2023-03-01,train
亚洲狮,2023-04-01,train
亚洲狮,2023-05-01,train
亚洲狮,2023-06-01,train
亚洲狮,2023-07-01,train
亚洲狮,2023-08-01,train
亚洲狮,2023-09-01,train
亚洲狮,2023-10-01,train
亚洲狮,2023-11-01,train
亚洲狮,2023-12-01,train
亚洲狮,2024-01-01,train
亚洲狮,2024-02-01,train
亚洲狮,2024-03-01,train
亚洲狮,2024-04-01,train
亚洲狮,2024-05-01,train
亚洲狮,2024-06-01,train
亚洲狮,2024-07-01,train
亚洲狮,2024-08-01,train
亚洲狮,2024-09-01,train
亚洲狮,2024-10-01,train
亚洲狮,2024-11-01,train
亚洲狮,2024-12-01,train
亚洲狮,2025-01-01,train
亚洲狮,2025-02-01,train
亚洲狮,2025-03-01,train
亚洲狮,2025-04-01,train
亚洲狮,2025-05-01,train
亚洲狮,2025-06-01,train
亚洲狮,2025-07-01,val
亚洲狮,2025-08-01,val
亚洲狮,2025-09-01,val
亚洲狮,2025-10-01,val
亚洲狮,2025-11-01,val
亚洲狮,2025-12-01,val
亚洲狮,2026-01-01,test
亚洲狮,2026-02-01,test
亚洲狮,2026-03-01,test
亚洲狮,2026-04-01,test
亚洲狮,2026-05-01,test
亚洲狮,2026-06-01,test
亚洲龙,2022-01-01,train
亚洲龙,2022-02-01,train
亚洲龙,2022-03-01,train
亚洲龙,2022-04-01,train
亚洲龙,2022-05-01,train
亚洲龙,2022-06-01,train
亚洲龙,2022-07-01,train
亚洲龙,2022-08-01,train
亚洲龙,2022-09-01,train
亚洲龙,2022-10-01,train
亚洲龙,2022-11-01,train
亚洲龙,2022-12-01,train
亚洲龙,2023-01-01,train
亚洲龙,2023-02-01,train
亚洲龙,2023-03-01,train
亚洲龙,2023-04-01,train
亚洲龙,2023-05-01,train
亚洲龙,2023-06-01,train
亚洲龙,2023-07-01,train
亚洲龙,2023-08-01,train
亚洲龙,2023-09-01,train
亚洲龙,2023-10-01,train
亚洲龙,2023-11-01,train
亚洲龙,2023-12-01,train
亚洲龙,2024-01-01,train
亚洲龙,2024-02-01,train
亚洲龙,2024-03-01,train
亚洲龙,2024-04-01,train
亚洲龙,2024-05-01,train
亚洲龙,2024-06-01,train
亚洲龙,2024-07-01,train
亚洲龙,2024-08-01,train
亚洲龙,2024-09-01,train
亚洲龙,2024-10-01,train
亚洲龙,2024-11-01,train
亚洲龙,2024-12-01,train
亚洲龙,2025-01-01,train
亚洲龙,2025-02-01,train
亚洲龙,2025-03-01,train
亚洲龙,2025-04-01,train
亚洲龙,2025-05-01,train
亚洲龙,2025-06-01,train
亚洲龙,2025-07-01,val
亚洲龙,2025-08-01,val
亚洲龙,2025-09-01,val
亚洲龙,2025-10-01,val
亚洲龙,2025-11-01,val
亚洲龙,2025-12-01,val
亚洲龙,2026-01-01,test
亚洲龙,2026-02-01,test
亚洲龙,2026-03-01,test
亚洲龙,2026-04-01,test
亚洲龙,2026-05-01,test
亚洲龙,2026-06-01,test
享域,2022-01-01,train
享域,2022-02-01,train
享域,2022-03-01,train
享域,2022-04-01,train
享域,2022-05-01,train
享域,2022-06-01,train
享域,2022-07-01,train
享域,2022-08-01,train
享域,2022-09-01,train
享域,2022-10-01,train
享域,2022-11-01,train
享域,2022-12-01,train
享域,2023-01-01,train
享域,2023-02-01,train
享域,2023-03-01,train
享域,2023-04-01,train
享域,2023-05-01,train
享域,2023-06-01,train
享域,2023-07-01,train
享域,2023-08-01,train
享域,2023-09-01,train
享域,2023-10-01,train
享域,2023-11-01,train
享域,2023-12-01,train
享域,2024-01-01,train
享域,2024-02-01,train
享域,2024-03-01,train
享域,2024-04-01,train
享域,2024-05-01,train
享域,2024-06-01,train
享域,2024-07-01,train
享域,2024-08-01,train
享域,2024-09-01,train
享域,2024-10-01,train
享域,2024-11-01,train
享域,2024-12-01,train
享域,2025-01-01,train
享域,2025-02-01,train
享域,2025-03-01,train
享域,2025-04-01,train
享域,2025-05-01,train
享域,2025-06-01,train
享域,2025-07-01,val
享域,2025-08-01,val
享域,2025-09-01,val
享域,2025-10-01,val
享域,2025-11-01,val
享域,2025-12-01,val
享域,2026-01-01,test
享域,2026-02-01,test
享域,2026-03-01,test
享域,2026-04-01,test
享域,2026-05-01,test
享域,2026-06-01,test
伊兰特,2022-01-01,train
伊兰特,2022-02-01,train
伊兰特,2022-03-01,train
伊兰特,2022-04-01,train
伊兰特,2022-05-01,train
伊兰特,2022-06-01,train
伊兰特,2022-07-01,train
伊兰特,2022-08-01,train
伊兰特,2022-09-01,train
伊兰特,2022-10-01,train
伊兰特,2022-11-01,train
伊兰特,2022-12-01,train
伊兰特,2023-01-01,train
伊兰特,2023-02-01,train
伊兰特,2023-03-01,train
伊兰特,2023-04-01,train
伊兰特,2023-05-01,train
伊兰特,2023-06-01,train
伊兰特,2023-07-01,train
伊兰特,2023-08-01,train
伊兰特,2023-09-01,train
伊兰特,2023-10-01,train
伊兰特,2023-11-01,train
伊兰特,2023-12-01,train
伊兰特,2024-01-01,train
伊兰特,2024-02-01,train
伊兰特,2024-03-01,train
伊兰特,2024-04-01,train
伊兰特,2024-05-01,train
伊兰特,2024-06-01,train
伊兰特,2024-07-01,train
伊兰特,2024-08-01,train
伊兰特,2024-09-01,train
伊兰特,2024-10-01,train
伊兰特,2024-11-01,train
伊兰特,2024-12-01,train
伊兰特,2025-01-01,train
伊兰特,2025-02-01,train
伊兰特,2025-03-01,train
伊兰特,2025-04-01,train
伊兰特,2025-05-01,train
伊兰特,2025-06-01,train
伊兰特,2025-07-01,val
伊兰特,2025-08-01,val
伊兰特,2025-09-01,val
伊兰特,2025-10-01,val
伊兰特,2025-11-01,val
伊兰特,2025-12-01,val
伊兰特,2026-01-01,test
伊兰特,2026-02-01,test
伊兰特,2026-03-01,test
伊兰特,2026-04-01,test
伊兰特,2026-05-01,test
伊兰特,2026-06-01,test
传祺E8新能源,2022-01-01,train
传祺E8新能源,2022-02-01,train
传祺E8新能源,2022-03-01,train
传祺E8新能源,2022-04-01,train
传祺E8新能源,2022-05-01,train
传祺E8新能源,2022-06-01,train
传祺E8新能源,2022-07-01,train
传祺E8新能源,2022-08-01,train
传祺E8新能源,2022-09-01,train
传祺E8新能源,2022-10-01,train
传祺E8新能源,2022-11-01,train
传祺E8新能源,2022-12-01,train
传祺E8新能源,2023-01-01,train
传祺E8新能源,2023-02-01,train
传祺E8新能源,2023-03-01,train
传祺E8新能源,2023-04-01,train
传祺E8新能源,2023-05-01,train
传祺E8新能源,2023-06-01,train
传祺E8新能源,2023-07-01,train
传祺E8新能源,2023-08-01,train
传祺E8新能源,2023-09-01,train
传祺E8新能源,2023-10-01,train
传祺E8新能源,2023-11-01,train
传祺E8新能源,2023-12-01,train
传祺E8新能源,2024-01-01,train
传祺E8新能源,2024-02-01,train
传祺E8新能源,2024-03-01,train
传祺E8新能源,2024-04-01,train
传祺E8新能源,2024-05-01,train
传祺E8新能源,2024-06-01,train
传祺E8新能源,2024-07-01,train
传祺E8新能源,2024-08-01,train
传祺E8新能源,2024-09-01,train
传祺E8新能源,2024-10-01,train
传祺E8新能源,2024-11-01,train
传祺E8新能源,2024-12-01,train
传祺E8新能源,2025-01-01,train
传祺E8新能源,2025-02-01,train
传祺E8新能源,2025-03-01,train
传祺E8新能源,2025-04-01,train
传祺E8新能源,2025-05-01,train
传祺E8新能源,2025-06-01,train
传祺E8新能源,2025-07-01,val
传祺E8新能源,2025-08-01,val
传祺E8新能源,2025-09-01,val
传祺E8新能源,2025-10-01,val
传祺E8新能源,2025-11-01,val
传祺E8新能源,2025-12-01,val
传祺E8新能源,2026-01-01,test
传祺E8新能源,2026-02-01,test
传祺E8新能源,2026-03-01,test
传祺E8新能源,2026-04-01,test
传祺E8新能源,2026-05-01,test
传祺E8新能源,2026-06-01,test
传祺GA8,2022-01-01,train
传祺GA8,2022-02-01,train
传祺GA8,2022-03-01,train
传祺GA8,2022-04-01,train
传祺GA8,2022-05-01,train
传祺GA8,2022-06-01,train
传祺GA8,2022-07-01,train
传祺GA8,2022-08-01,train
传祺GA8,2022-09-01,train
传祺GA8,2022-10-01,train
传祺GA8,2022-11-01,train
传祺GA8,2022-12-01,train
传祺GA8,2023-01-01,train
传祺GA8,2023-02-01,train
传祺GA8,2023-03-01,train
传祺GA8,2023-04-01,train
传祺GA8,2023-05-01,train
传祺GA8,2023-06-01,train
传祺GA8,2023-07-01,train
传祺GA8,2023-08-01,train
传祺GA8,2023-09-01,train
传祺GA8,2023-10-01,train
传祺GA8,2023-11-01,train
传祺GA8,2023-12-01,train
传祺GA8,2024-01-01,train
传祺GA8,2024-02-01,train
传祺GA8,2024-03-01,train
传祺GA8,2024-04-01,train
传祺GA8,2024-05-01,train
传祺GA8,2024-06-01,train
传祺GA8,2024-07-01,train
传祺GA8,2024-08-01,train
传祺GA8,2024-09-01,train
传祺GA8,2024-10-01,train
传祺GA8,2024-11-01,train
传祺GA8,2024-12-01,train
传祺GA8,2025-01-01,train
传祺GA8,2025-02-01,train
传祺GA8,2025-03-01,train
传祺GA8,2025-04-01,train
传祺GA8,2025-05-01,train
传祺GA8,2025-06-01,train
传祺GA8,2025-07-01,val
传祺GA8,2025-08-01,val
传祺GA8,2025-09-01,val
传祺GA8,2025-10-01,val
传祺GA8,2025-11-01,val
传祺GA8,2025-12-01,val
传祺GA8,2026-01-01,test
传祺GA8,2026-02-01,test
传祺GA8,2026-03-01,test
传祺GA8,2026-04-01,test
传祺GA8,2026-05-01,test
传祺GA8,2026-06-01,test
传祺M6,2022-01-01,train
传祺M6,2022-02-01,train
传祺M6,2022-03-01,train
传祺M6,2022-04-01,train
传祺M6,2022-05-01,train
传祺M6,2022-06-01,train
传祺M6,2022-07-01,train
传祺M6,2022-08-01,train
传祺M6,2022-09-01,train
传祺M6,2022-10-01,train
传祺M6,2022-11-01,train
传祺M6,2022-12-01,train
传祺M6,2023-01-01,train
传祺M6,2023-02-01,train
传祺M6,2023-03-01,train
传祺M6,2023-04-01,train
传祺M6,2023-05-01,train
传祺M6,2023-06-01,train
传祺M6,2023-07-01,train
传祺M6,2023-08-01,train
传祺M6,2023-09-01,train
传祺M6,2023-10-01,train
传祺M6,2023-11-01,train
传祺M6,2023-12-01,train
传祺M6,2024-01-01,train
传祺M6,2024-02-01,train
传祺M6,2024-03-01,train
传祺M6,2024-04-01,train
传祺M6,2024-05-01,train
传祺M6,2024-06-01,train
传祺M6,2024-07-01,train
传祺M6,2024-08-01,train
传祺M6,2024-09-01,train
传祺M6,2024-10-01,train
传祺M6,2024-11-01,train
传祺M6,2024-12-01,train
传祺M6,2025-01-01,train
传祺M6,2025-02-01,train
传祺M6,2025-03-01,train
传祺M6,2025-04-01,train
传祺M6,2025-05-01,train
传祺M6,2025-06-01,train
传祺M6,2025-07-01,val
传祺M6,2025-08-01,val
传祺M6,2025-09-01,val
传祺M6,2025-10-01,val
传祺M6,2025-11-01,val
传祺M6,2025-12-01,val
传祺M6,2026-01-01,test
传祺M6,2026-02-01,test
传祺M6,2026-03-01,test
传祺M6,2026-04-01,test
传祺M6,2026-05-01,test
传祺M6,2026-06-01,test
传祺M8,2022-01-01,train
传祺M8,2022-02-01,train
传祺M8,2022-03-01,train
传祺M8,2022-04-01,train
传祺M8,2022-05-01,train
传祺M8,2022-06-01,train
传祺M8,2022-07-01,train
传祺M8,2022-08-01,train
传祺M8,2022-09-01,train
传祺M8,2022-10-01,train
传祺M8,2022-11-01,train
传祺M8,2022-12-01,train
传祺M8,2023-01-01,train
传祺M8,2023-02-01,train
传祺M8,2023-03-01,train
传祺M8,2023-04-01,train
传祺M8,2023-05-01,train
传祺M8,2023-06-01,train
传祺M8,2023-07-01,train
传祺M8,2023-08-01,train
传祺M8,2023-09-01,train
传祺M8,2023-10-01,train
传祺M8,2023-11-01,train
传祺M8,2023-12-01,train
传祺M8,2024-01-01,train
传祺M8,2024-02-01,train
传祺M8,2024-03-01,train
传祺M8,2024-04-01,train
传祺M8,2024-05-01,train
传祺M8,2024-06-01,train
传祺M8,2024-07-01,train
传祺M8,2024-08-01,train
传祺M8,2024-09-01,train
传祺M8,2024-10-01,train
传祺M8,2024-11-01,train
传祺M8,2024-12-01,train
传祺M8,2025-01-01,train
传祺M8,2025-02-01,train
传祺M8,2025-03-01,train
传祺M8,2025-04-01,train
传祺M8,2025-05-01,train
传祺M8,2025-06-01,train
传祺M8,2025-07-01,val
传祺M8,2025-08-01,val
传祺M8,2025-09-01,val
传祺M8,2025-10-01,val
传祺M8,2025-11-01,val
传祺M8,2025-12-01,val
传祺M8,2026-01-01,test
传祺M8,2026-02-01,test
传祺M8,2026-03-01,test
传祺M8,2026-04-01,test
传祺M8,2026-05-01,test
传祺M8,2026-06-01,test
元PLUS,2022-01-01,train
元PLUS,2022-02-01,train
元PLUS,2022-03-01,train
元PLUS,2022-04-01,train
元PLUS,2022-05-01,train
元PLUS,2022-06-01,train
元PLUS,2022-07-01,train
元PLUS,2022-08-01,train
元PLUS,2022-09-01,train
元PLUS,2022-10-01,train
元PLUS,2022-11-01,train
元PLUS,2022-12-01,train
元PLUS,2023-01-01,train
元PLUS,2023-02-01,train
元PLUS,2023-03-01,train
元PLUS,2023-04-01,train
元PLUS,2023-05-01,train
元PLUS,2023-06-01,train
元PLUS,2023-07-01,train
元PLUS,2023-08-01,train
元PLUS,2023-09-01,train
元PLUS,2023-10-01,train
元PLUS,2023-11-01,train
元PLUS,2023-12-01,train
元PLUS,2024-01-01,train
元PLUS,2024-02-01,train
元PLUS,2024-03-01,train
元PLUS,2024-04-01,train
元PLUS,2024-05-01,train
元PLUS,2024-06-01,train
元PLUS,2024-07-01,train
元PLUS,2024-08-01,train
元PLUS,2024-09-01,train
元PLUS,2024-10-01,train
元PLUS,2024-11-01,train
元PLUS,2024-12-01,train
元PLUS,2025-01-01,train
元PLUS,2025-02-01,train
元PLUS,2025-03-01,train
元PLUS,2025-04-01,train
元PLUS,2025-05-01,train
元PLUS,2025-06-01,train
元PLUS,2025-07-01,val
元PLUS,2025-08-01,val
元PLUS,2025-09-01,val
元PLUS,2025-10-01,val
元PLUS,2025-11-01,val
元PLUS,2025-12-01,val
元PLUS,2026-01-01,test
元PLUS,2026-02-01,test
元PLUS,2026-03-01,test
元PLUS,2026-04-01,test
元PLUS,2026-05-01,test
元PLUS,2026-06-01,test
元UP,2022-01-01,train
元UP,2022-02-01,train
元UP,2022-03-01,train
元UP,2022-04-01,train
元UP,2022-05-01,train
元UP,2022-06-01,train
元UP,2022-07-01,train
元UP,2022-08-01,train
元UP,2022-09-01,train
元UP,2022-10-01,train
元UP,2022-11-01,train
元UP,2022-12-01,train
元UP,2023-01-01,train
元UP,2023-02-01,train
元UP,2023-03-01,train
元UP,2023-04-01,train
元UP,2023-05-01,train
元UP,2023-06-01,train
元UP,2023-07-01,train
元UP,2023-08-01,train
元UP,2023-09-01,train
元UP,2023-10-01,train
元UP,2023-11-01,train
元UP,2023-12-01,train
元UP,2024-01-01,train
元UP,2024-02-01,train
元UP,2024-03-01,train
元UP,2024-04-01,train
元UP,2024-05-01,train
元UP,2024-06-01,train
元UP,2024-07-01,train
元UP,2024-08-01,train
元UP,2024-09-01,train
元UP,2024-10-01,train
元UP,2024-11-01,train
元UP,2024-12-01,train
元UP,2025-01-01,train
元UP,2025-02-01,train
元UP,2025-03-01,train
元UP,2025-04-01,train
元UP,2025-05-01,train
元UP,2025-06-01,train
元UP,2025-07-01,val
元UP,2025-08-01,val
元UP,2025-09-01,val
元UP,2025-10-01,val
元UP,2025-11-01,val
元UP,2025-12-01,val
元UP,2026-01-01,test
元UP,2026-02-01,test
元UP,2026-03-01,test
元UP,2026-04-01,test
元UP,2026-05-01,test
元UP,2026-06-01,test
冠道,2022-01-01,train
冠道,2022-02-01,train
冠道,2022-03-01,train
冠道,2022-04-01,train
冠道,2022-05-01,train
冠道,2022-06-01,train
冠道,2022-07-01,train
冠道,2022-08-01,train
冠道,2022-09-01,train
冠道,2022-10-01,train
冠道,2022-11-01,train
冠道,2022-12-01,train
冠道,2023-01-01,train
冠道,2023-02-01,train
冠道,2023-03-01,train
冠道,2023-04-01,train
冠道,2023-05-01,train
冠道,2023-06-01,train
冠道,2023-07-01,train
冠道,2023-08-01,train
冠道,2023-09-01,train
冠道,2023-10-01,train
冠道,2023-11-01,train
冠道,2023-12-01,train
冠道,2024-01-01,train
冠道,2024-02-01,train
冠道,2024-03-01,train
冠道,2024-04-01,train
冠道,2024-05-01,train
冠道,2024-06-01,train
冠道,2024-07-01,train
冠道,2024-08-01,train
冠道,2024-09-01,train
冠道,2024-10-01,train
冠道,2024-11-01,train
冠道,2024-12-01,train
冠道,2025-01-01,train
冠道,2025-02-01,train
冠道,2025-03-01,train
冠道,2025-04-01,train
冠道,2025-05-01,train
冠道,2025-06-01,train
冠道,2025-07-01,val
冠道,2025-08-01,val
冠道,2025-09-01,val
冠道,2025-10-01,val
冠道,2025-11-01,val
冠道,2025-12-01,val
冠道,2026-01-01,test
冠道,2026-02-01,test
冠道,2026-03-01,test
冠道,2026-04-01,test
冠道,2026-05-01,test
冠道,2026-06-01,test
凌宝BOX,2022-01-01,train
凌宝BOX,2022-02-01,train
凌宝BOX,2022-03-01,train
凌宝BOX,2022-04-01,train
凌宝BOX,2022-05-01,train
凌宝BOX,2022-06-01,train
凌宝BOX,2022-07-01,train
凌宝BOX,2022-08-01,train
凌宝BOX,2022-09-01,train
凌宝BOX,2022-10-01,train
凌宝BOX,2022-11-01,train
凌宝BOX,2022-12-01,train
凌宝BOX,2023-01-01,train
凌宝BOX,2023-02-01,train
凌宝BOX,2023-03-01,train
凌宝BOX,2023-04-01,train
凌宝BOX,2023-05-01,train
凌宝BOX,2023-06-01,train
凌宝BOX,2023-07-01,train
凌宝BOX,2023-08-01,train
凌宝BOX,2023-09-01,train
凌宝BOX,2023-10-01,train
凌宝BOX,2023-11-01,train
凌宝BOX,2023-12-01,train
凌宝BOX,2024-01-01,train
凌宝BOX,2024-02-01,train
凌宝BOX,2024-03-01,train
凌宝BOX,2024-04-01,train
凌宝BOX,2024-05-01,train
凌宝BOX,2024-06-01,train
凌宝BOX,2024-07-01,train
凌宝BOX,2024-08-01,train
凌宝BOX,2024-09-01,train
凌宝BOX,2024-10-01,train
凌宝BOX,2024-11-01,train
凌宝BOX,2024-12-01,train
凌宝BOX,2025-01-01,train
凌宝BOX,2025-02-01,train
凌宝BOX,2025-03-01,train
凌宝BOX,2025-04-01,train
凌宝BOX,2025-05-01,train
凌宝BOX,2025-06-01,train
凌宝BOX,2025-07-01,val
凌宝BOX,2025-08-01,val
凌宝BOX,2025-09-01,val
凌宝BOX,2025-10-01,val
凌宝BOX,2025-11-01,val
凌宝BOX,2025-12-01,val
凌宝BOX,2026-01-01,test
凌宝BOX,2026-02-01,test
凌宝BOX,2026-03-01,test
凌宝BOX,2026-04-01,test
凌宝BOX,2026-05-01,test
凌宝BOX,2026-06-01,test
凌尚,2022-01-01,train
凌尚,2022-02-01,train
凌尚,2022-03-01,train
凌尚,2022-04-01,train
凌尚,2022-05-01,train
凌尚,2022-06-01,train
凌尚,2022-07-01,train
凌尚,2022-08-01,train
凌尚,2022-09-01,train
凌尚,2022-10-01,train
凌尚,2022-11-01,train
凌尚,2022-12-01,train
凌尚,2023-01-01,train
凌尚,2023-02-01,train
凌尚,2023-03-01,train
凌尚,2023-04-01,train
凌尚,2023-05-01,train
凌尚,2023-06-01,train
凌尚,2023-07-01,train
凌尚,2023-08-01,train
凌尚,2023-09-01,train
凌尚,2023-10-01,train
凌尚,2023-11-01,train
凌尚,2023-12-01,train
凌尚,2024-01-01,train
凌尚,2024-02-01,train
凌尚,2024-03-01,train
凌尚,2024-04-01,train
凌尚,2024-05-01,train
凌尚,2024-06-01,train
凌尚,2024-07-01,train
凌尚,2024-08-01,train
凌尚,2024-09-01,train
凌尚,2024-10-01,train
凌尚,2024-11-01,train
凌尚,2024-12-01,train
凌尚,2025-01-01,train
凌尚,2025-02-01,train
凌尚,2025-03-01,train
凌尚,2025-04-01,train
凌尚,2025-05-01,train
凌尚,2025-06-01,train
凌尚,2025-07-01,val
凌尚,2025-08-01,val
凌尚,2025-09-01,val
凌尚,2025-10-01,val
凌尚,2025-11-01,val
凌尚,2025-12-01,val
凌尚,2026-01-01,test
凌尚,2026-02-01,test
凌尚,2026-03-01,test
凌尚,2026-04-01,test
凌尚,2026-05-01,test
凌尚,2026-06-01,test
凌放HARRIER,2022-01-01,train
凌放HARRIER,2022-02-01,train
凌放HARRIER,2022-03-01,train
凌放HARRIER,2022-04-01,train
凌放HARRIER,2022-05-01,train
凌放HARRIER,2022-06-01,train
凌放HARRIER,2022-07-01,train
凌放HARRIER,2022-08-01,train
凌放HARRIER,2022-09-01,train
凌放HARRIER,2022-10-01,train
凌放HARRIER,2022-11-01,train
凌放HARRIER,2022-12-01,train
凌放HARRIER,2023-01-01,train
凌放HARRIER,2023-02-01,train
凌放HARRIER,2023-03-01,train
凌放HARRIER,2023-04-01,train
凌放HARRIER,2023-05-01,train
凌放HARRIER,2023-06-01,train
凌放HARRIER,2023-07-01,train
凌放HARRIER,2023-08-01,train
凌放HARRIER,2023-09-01,train
凌放HARRIER,2023-10-01,train
凌放HARRIER,2023-11-01,train
凌放HARRIER,2023-12-01,train
凌放HARRIER,2024-01-01,train
凌放HARRIER,2024-02-01,train
凌放HARRIER,2024-03-01,train
凌放HARRIER,2024-04-01,train
凌放HARRIER,2024-05-01,train
凌放HARRIER,2024-06-01,train
凌放HARRIER,2024-07-01,train
凌放HARRIER,2024-08-01,train
凌放HARRIER,2024-09-01,train
凌放HARRIER,2024-10-01,train
凌放HARRIER,2024-11-01,train
凌放HARRIER,2024-12-01,train
凌放HARRIER,2025-01-01,train
凌放HARRIER,2025-02-01,train
凌放HARRIER,2025-03-01,train
凌放HARRIER,2025-04-01,train
凌放HARRIER,2025-05-01,train
凌放HARRIER,2025-06-01,train
凌放HARRIER,2025-07-01,val
凌放HARRIER,2025-08-01,val
凌放HARRIER,2025-09-01,val
凌放HARRIER,2025-10-01,val
凌放HARRIER,2025-11-01,val
凌放HARRIER,2025-12-01,val
凌放HARRIER,2026-01-01,test
凌放HARRIER,2026-02-01,test
凌放HARRIER,2026-03-01,test
凌放HARRIER,2026-04-01,test
凌放HARRIER,2026-05-01,test
凌放HARRIER,2026-06-01,test
凌渡,2022-01-01,train
凌渡,2022-02-01,train
凌渡,2022-03-01,train
凌渡,2022-04-01,train
凌渡,2022-05-01,train
凌渡,2022-06-01,train
凌渡,2022-07-01,train
凌渡,2022-08-01,train
凌渡,2022-09-01,train
凌渡,2022-10-01,train
凌渡,2022-11-01,train
凌渡,2022-12-01,train
凌渡,2023-01-01,train
凌渡,2023-02-01,train
凌渡,2023-03-01,train
凌渡,2023-04-01,train
凌渡,2023-05-01,train
凌渡,2023-06-01,train
凌渡,2023-07-01,train
凌渡,2023-08-01,train
凌渡,2023-09-01,train
凌渡,2023-10-01,train
凌渡,2023-11-01,train
凌渡,2023-12-01,train
凌渡,2024-01-01,train
凌渡,2024-02-01,train
凌渡,2024-03-01,train
凌渡,2024-04-01,train
凌渡,2024-05-01,train
凌渡,2024-06-01,train
凌渡,2024-07-01,train
凌渡,2024-08-01,train
凌渡,2024-09-01,train
凌渡,2024-10-01,train
凌渡,2024-11-01,train
凌渡,2024-12-01,train
凌渡,2025-01-01,train
凌渡,2025-02-01,train
凌渡,2025-03-01,train
凌渡,2025-04-01,train
凌渡,2025-05-01,train
凌渡,2025-06-01,train
凌渡,2025-07-01,val
凌渡,2025-08-01,val
凌渡,2025-09-01,val
凌渡,2025-10-01,val
凌渡,2025-11-01,val
凌渡,2025-12-01,val
凌渡,2026-01-01,test
凌渡,2026-02-01,test
凌渡,2026-03-01,test
凌渡,2026-04-01,test
凌渡,2026-05-01,test
凌渡,2026-06-01,test
凡尔赛C5 X,2022-01-01,train
凡尔赛C5 X,2022-02-01,train
凡尔赛C5 X,2022-03-01,train
凡尔赛C5 X,2022-04-01,train
凡尔赛C5 X,2022-05-01,train
凡尔赛C5 X,2022-06-01,train
凡尔赛C5 X,2022-07-01,train
凡尔赛C5 X,2022-08-01,train
凡尔赛C5 X,2022-09-01,train
凡尔赛C5 X,2022-10-01,train
凡尔赛C5 X,2022-11-01,train
凡尔赛C5 X,2022-12-01,train
凡尔赛C5 X,2023-01-01,train
凡尔赛C5 X,2023-02-01,train
凡尔赛C5 X,2023-03-01,train
凡尔赛C5 X,2023-04-01,train
凡尔赛C5 X,2023-05-01,train
凡尔赛C5 X,2023-06-01,train
凡尔赛C5 X,2023-07-01,train
凡尔赛C5 X,2023-08-01,train
凡尔赛C5 X,2023-09-01,train
凡尔赛C5 X,2023-10-01,train
凡尔赛C5 X,2023-11-01,train
凡尔赛C5 X,2023-12-01,train
凡尔赛C5 X,2024-01-01,train
凡尔赛C5 X,2024-02-01,train
凡尔赛C5 X,2024-03-01,train
凡尔赛C5 X,2024-04-01,train
凡尔赛C5 X,2024-05-01,train
凡尔赛C5 X,2024-06-01,train
凡尔赛C5 X,2024-07-01,train
凡尔赛C5 X,2024-08-01,train
凡尔赛C5 X,2024-09-01,train
凡尔赛C5 X,2024-10-01,train
凡尔赛C5 X,2024-11-01,train
凡尔赛C5 X,2024-12-01,train
凡尔赛C5 X,2025-01-01,train
凡尔赛C5 X,2025-02-01,train
凡尔赛C5 X,2025-03-01,train
凡尔赛C5 X,2025-04-01,train
凡尔赛C5 X,2025-05-01,train
凡尔赛C5 X,2025-06-01,train
凡尔赛C5 X,2025-07-01,val
凡尔赛C5 X,2025-08-01,val
凡尔赛C5 X,2025-09-01,val
凡尔赛C5 X,2025-10-01,val
凡尔赛C5 X,2025-11-01,val
凡尔赛C5 X,2025-12-01,val
凡尔赛C5 X,2026-01-01,test
凡尔赛C5 X,2026-02-01,test
凡尔赛C5 X,2026-03-01,test
凡尔赛C5 X,2026-04-01,test
凡尔赛C5 X,2026-05-01,test
凡尔赛C5 X,2026-06-01,test
凯威德,2022-01-01,train
凯威德,2022-02-01,train
凯威德,2022-03-01,train
凯威德,2022-04-01,train
凯威德,2022-05-01,train
凯威德,2022-06-01,train
凯威德,2022-07-01,train
凯威德,2022-08-01,train
凯威德,2022-09-01,train
凯威德,2022-10-01,train
凯威德,2022-11-01,train
凯威德,2022-12-01,train
凯威德,2023-01-01,train
凯威德,2023-02-01,train
凯威德,2023-03-01,train
凯威德,2023-04-01,train
凯威德,2023-05-01,train
凯威德,2023-06-01,train
凯威德,2023-07-01,train
凯威德,2023-08-01,train
凯威德,2023-09-01,train
凯威德,2023-10-01,train
凯威德,2023-11-01,train
凯威德,2023-12-01,train
凯威德,2024-01-01,train
凯威德,2024-02-01,train
凯威德,2024-03-01,train
凯威德,2024-04-01,train
凯威德,2024-05-01,train
凯威德,2024-06-01,train
凯威德,2024-07-01,train
凯威德,2024-08-01,train
凯威德,2024-09-01,train
凯威德,2024-10-01,train
凯威德,2024-11-01,train
凯威德,2024-12-01,train
凯威德,2025-01-01,train
凯威德,2025-02-01,train
凯威德,2025-03-01,train
凯威德,2025-04-01,train
凯威德,2025-05-01,train
凯威德,2025-06-01,train
凯威德,2025-07-01,val
凯威德,2025-08-01,val
凯威德,2025-09-01,val
凯威德,2025-10-01,val
凯威德,2025-11-01,val
凯威德,2025-12-01,val
凯威德,2026-01-01,test
凯威德,2026-02-01,test
凯威德,2026-03-01,test
凯威德,2026-04-01,test
凯威德,2026-05-01,test
凯威德,2026-06-01,test
凯美瑞,2022-01-01,train
凯美瑞,2022-02-01,train
凯美瑞,2022-03-01,train
凯美瑞,2022-04-01,train
凯美瑞,2022-05-01,train
凯美瑞,2022-06-01,train
凯美瑞,2022-07-01,train
凯美瑞,2022-08-01,train
凯美瑞,2022-09-01,train
凯美瑞,2022-10-01,train
凯美瑞,2022-11-01,train
凯美瑞,2022-12-01,train
凯美瑞,2023-01-01,train
凯美瑞,2023-02-01,train
凯美瑞,2023-03-01,train
凯美瑞,2023-04-01,train
凯美瑞,2023-05-01,train
凯美瑞,2023-06-01,train
凯美瑞,2023-07-01,train
凯美瑞,2023-08-01,train
凯美瑞,2023-09-01,train
凯美瑞,2023-10-01,train
凯美瑞,2023-11-01,train
凯美瑞,2023-12-01,train
凯美瑞,2024-01-01,train
凯美瑞,2024-02-01,train
凯美瑞,2024-03-01,train
凯美瑞,2024-04-01,train
凯美瑞,2024-05-01,train
凯美瑞,2024-06-01,train
凯美瑞,2024-07-01,train
凯美瑞,2024-08-01,train
凯美瑞,2024-09-01,train
凯美瑞,2024-10-01,train
凯美瑞,2024-11-01,train
凯美瑞,2024-12-01,train
凯美瑞,2025-01-01,train
凯美瑞,2025-02-01,train
凯美瑞,2025-03-01,train
凯美瑞,2025-04-01,train
凯美瑞,2025-05-01,train
凯美瑞,2025-06-01,train
凯美瑞,2025-07-01,val
凯美瑞,2025-08-01,val
凯美瑞,2025-09-01,val
凯美瑞,2025-10-01,val
凯美瑞,2025-11-01,val
凯美瑞,2025-12-01,val
凯美瑞,2026-01-01,test
凯美瑞,2026-02-01,test
凯美瑞,2026-03-01,test
凯美瑞,2026-04-01,test
凯美瑞,2026-05-01,test
凯美瑞,2026-06-01,test
凯翼拾月,2022-01-01,train
凯翼拾月,2022-02-01,train
凯翼拾月,2022-03-01,train
凯翼拾月,2022-04-01,train
凯翼拾月,2022-05-01,train
凯翼拾月,2022-06-01,train
凯翼拾月,2022-07-01,train
凯翼拾月,2022-08-01,train
凯翼拾月,2022-09-01,train
凯翼拾月,2022-10-01,train
凯翼拾月,2022-11-01,train
凯翼拾月,2022-12-01,train
凯翼拾月,2023-01-01,train
凯翼拾月,2023-02-01,train
凯翼拾月,2023-03-01,train
凯翼拾月,2023-04-01,train
凯翼拾月,2023-05-01,train
凯翼拾月,2023-06-01,train
凯翼拾月,2023-07-01,train
凯翼拾月,2023-08-01,train
凯翼拾月,2023-09-01,train
凯翼拾月,2023-10-01,train
凯翼拾月,2023-11-01,train
凯翼拾月,2023-12-01,train
凯翼拾月,2024-01-01,train
凯翼拾月,2024-02-01,train
凯翼拾月,2024-03-01,train
凯翼拾月,2024-04-01,train
凯翼拾月,2024-05-01,train
凯翼拾月,2024-06-01,train
凯翼拾月,2024-07-01,train
凯翼拾月,2024-08-01,train
凯翼拾月,2024-09-01,train
凯翼拾月,2024-10-01,train
凯翼拾月,2024-11-01,train
凯翼拾月,2024-12-01,train
凯翼拾月,2025-01-01,train
凯翼拾月,2025-02-01,train
凯翼拾月,2025-03-01,train
凯翼拾月,2025-04-01,train
凯翼拾月,2025-05-01,train
凯翼拾月,2025-06-01,train
凯翼拾月,2025-07-01,val
凯翼拾月,2025-08-01,val
凯翼拾月,2025-09-01,val
凯翼拾月,2025-10-01,val
凯翼拾月,2025-11-01,val
凯翼拾月,2025-12-01,val
凯翼拾月,2026-01-01,test
凯翼拾月,2026-02-01,test
凯翼拾月,2026-03-01,test
凯翼拾月,2026-04-01,test
凯翼拾月,2026-05-01,test
凯翼拾月,2026-06-01,test
凯迪拉克CT5,2022-01-01,train
凯迪拉克CT5,2022-02-01,train
凯迪拉克CT5,2022-03-01,train
凯迪拉克CT5,2022-04-01,train
凯迪拉克CT5,2022-05-01,train
凯迪拉克CT5,2022-06-01,train
凯迪拉克CT5,2022-07-01,train
凯迪拉克CT5,2022-08-01,train
凯迪拉克CT5,2022-09-01,train
凯迪拉克CT5,2022-10-01,train
凯迪拉克CT5,2022-11-01,train
凯迪拉克CT5,2022-12-01,train
凯迪拉克CT5,2023-01-01,train
凯迪拉克CT5,2023-02-01,train
凯迪拉克CT5,2023-03-01,train
凯迪拉克CT5,2023-04-01,train
凯迪拉克CT5,2023-05-01,train
凯迪拉克CT5,2023-06-01,train
凯迪拉克CT5,2023-07-01,train
凯迪拉克CT5,2023-08-01,train
凯迪拉克CT5,2023-09-01,train
凯迪拉克CT5,2023-10-01,train
凯迪拉克CT5,2023-11-01,train
凯迪拉克CT5,2023-12-01,train
凯迪拉克CT5,2024-01-01,train
凯迪拉克CT5,2024-02-01,train
凯迪拉克CT5,2024-03-01,train
凯迪拉克CT5,2024-04-01,train
凯迪拉克CT5,2024-05-01,train
凯迪拉克CT5,2024-06-01,train
凯迪拉克CT5,2024-07-01,train
凯迪拉克CT5,2024-08-01,train
凯迪拉克CT5,2024-09-01,train
凯迪拉克CT5,2024-10-01,train
凯迪拉克CT5,2024-11-01,train
凯迪拉克CT5,2024-12-01,train
凯迪拉克CT5,2025-01-01,train
凯迪拉克CT5,2025-02-01,train
凯迪拉克CT5,2025-03-01,train
凯迪拉克CT5,2025-04-01,train
凯迪拉克CT5,2025-05-01,train
凯迪拉克CT5,2025-06-01,train
凯迪拉克CT5,2025-07-01,val
凯迪拉克CT5,2025-08-01,val
凯迪拉克CT5,2025-09-01,val
凯迪拉克CT5,2025-10-01,val
凯迪拉克CT5,2025-11-01,val
凯迪拉克CT5,2025-12-01,val
凯迪拉克CT5,2026-01-01,test
凯迪拉克CT5,2026-02-01,test
凯迪拉克CT5,2026-03-01,test
凯迪拉克CT5,2026-04-01,test
凯迪拉克CT5,2026-05-01,test
凯迪拉克CT5,2026-06-01,test
凯迪拉克XT5,2022-01-01,train
凯迪拉克XT5,2022-02-01,train
凯迪拉克XT5,2022-03-01,train
凯迪拉克XT5,2022-04-01,train
凯迪拉克XT5,2022-05-01,train
凯迪拉克XT5,2022-06-01,train
凯迪拉克XT5,2022-07-01,train
凯迪拉克XT5,2022-08-01,train
凯迪拉克XT5,2022-09-01,train
凯迪拉克XT5,2022-10-01,train
凯迪拉克XT5,2022-11-01,train
凯迪拉克XT5,2022-12-01,train
凯迪拉克XT5,2023-01-01,train
凯迪拉克XT5,2023-02-01,train
凯迪拉克XT5,2023-03-01,train
凯迪拉克XT5,2023-04-01,train
凯迪拉克XT5,2023-05-01,train
凯迪拉克XT5,2023-06-01,train
凯迪拉克XT5,2023-07-01,train
凯迪拉克XT5,2023-08-01,train
凯迪拉克XT5,2023-09-01,train
凯迪拉克XT5,2023-10-01,train
凯迪拉克XT5,2023-11-01,train
凯迪拉克XT5,2023-12-01,train
凯迪拉克XT5,2024-01-01,train
凯迪拉克XT5,2024-02-01,train
凯迪拉克XT5,2024-03-01,train
凯迪拉克XT5,2024-04-01,train
凯迪拉克XT5,2024-05-01,train
凯迪拉克XT5,2024-06-01,train
凯迪拉克XT5,2024-07-01,train
凯迪拉克XT5,2024-08-01,train
凯迪拉克XT5,2024-09-01,train
凯迪拉克XT5,2024-10-01,train
凯迪拉克XT5,2024-11-01,train
凯迪拉克XT5,2024-12-01,train
凯迪拉克XT5,2025-01-01,train
凯迪拉克XT5,2025-02-01,train
凯迪拉克XT5,2025-03-01,train
凯迪拉克XT5,2025-04-01,train
凯迪拉克XT5,2025-05-01,train
凯迪拉克XT5,2025-06-01,train
凯迪拉克XT5,2025-07-01,val
凯迪拉克XT5,2025-08-01,val
凯迪拉克XT5,2025-09-01,val
凯迪拉克XT5,2025-10-01,val
凯迪拉克XT5,2025-11-01,val
凯迪拉克XT5,2025-12-01,val
凯迪拉克XT5,2026-01-01,test
凯迪拉克XT5,2026-02-01,test
凯迪拉克XT5,2026-03-01,test
凯迪拉克XT5,2026-04-01,test
凯迪拉克XT5,2026-05-01,test
凯迪拉克XT5,2026-06-01,test
凯迪拉克XT6,2022-01-01,train
凯迪拉克XT6,2022-02-01,train
凯迪拉克XT6,2022-03-01,train
凯迪拉克XT6,2022-04-01,train
凯迪拉克XT6,2022-05-01,train
凯迪拉克XT6,2022-06-01,train
凯迪拉克XT6,2022-07-01,train
凯迪拉克XT6,2022-08-01,train
凯迪拉克XT6,2022-09-01,train
凯迪拉克XT6,2022-10-01,train
凯迪拉克XT6,2022-11-01,train
凯迪拉克XT6,2022-12-01,train
凯迪拉克XT6,2023-01-01,train
凯迪拉克XT6,2023-02-01,train
凯迪拉克XT6,2023-03-01,train
凯迪拉克XT6,2023-04-01,train
凯迪拉克XT6,2023-05-01,train
凯迪拉克XT6,2023-06-01,train
凯迪拉克XT6,2023-07-01,train
凯迪拉克XT6,2023-08-01,train
凯迪拉克XT6,2023-09-01,train
凯迪拉克XT6,2023-10-01,train
凯迪拉克XT6,2023-11-01,train
凯迪拉克XT6,2023-12-01,train
凯迪拉克XT6,2024-01-01,train
凯迪拉克XT6,2024-02-01,train
凯迪拉克XT6,2024-03-01,train
凯迪拉克XT6,2024-04-01,train
凯迪拉克XT6,2024-05-01,train
凯迪拉克XT6,2024-06-01,train
凯迪拉克XT6,2024-07-01,train
凯迪拉克XT6,2024-08-01,train
凯迪拉克XT6,2024-09-01,train
凯迪拉克XT6,2024-10-01,train
凯迪拉克XT6,2024-11-01,train
凯迪拉克XT6,2024-12-01,train
凯迪拉克XT6,2025-01-01,train
凯迪拉克XT6,2025-02-01,train
凯迪拉克XT6,2025-03-01,train
凯迪拉克XT6,2025-04-01,train
凯迪拉克XT6,2025-05-01,train
凯迪拉克XT6,2025-06-01,train
凯迪拉克XT6,2025-07-01,val
凯迪拉克XT6,2025-08-01,val
凯迪拉克XT6,2025-09-01,val
凯迪拉克XT6,2025-10-01,val
凯迪拉克XT6,2025-11-01,val
凯迪拉克XT6,2025-12-01,val
凯迪拉克XT6,2026-01-01,test
凯迪拉克XT6,2026-02-01,test
凯迪拉克XT6,2026-03-01,test
凯迪拉克XT6,2026-04-01,test
凯迪拉克XT6,2026-05-01,test
凯迪拉克XT6,2026-06-01,test
别克E4,2022-01-01,train
别克E4,2022-02-01,train
别克E4,2022-03-01,train
别克E4,2022-04-01,train
别克E4,2022-05-01,train
别克E4,2022-06-01,train
别克E4,2022-07-01,train
别克E4,2022-08-01,train
别克E4,2022-09-01,train
别克E4,2022-10-01,train
别克E4,2022-11-01,train
别克E4,2022-12-01,train
别克E4,2023-01-01,train
别克E4,2023-02-01,train
别克E4,2023-03-01,train
别克E4,2023-04-01,train
别克E4,2023-05-01,train
别克E4,2023-06-01,train
别克E4,2023-07-01,train
别克E4,2023-08-01,train
别克E4,2023-09-01,train
别克E4,2023-10-01,train
别克E4,2023-11-01,train
别克E4,2023-12-01,train
别克E4,2024-01-01,train
别克E4,2024-02-01,train
别克E4,2024-03-01,train
别克E4,2024-04-01,train
别克E4,2024-05-01,train
别克E4,2024-06-01,train
别克E4,2024-07-01,train
别克E4,2024-08-01,train
别克E4,2024-09-01,train
别克E4,2024-10-01,train
别克E4,2024-11-01,train
别克E4,2024-12-01,train
别克E4,2025-01-01,train
别克E4,2025-02-01,train
别克E4,2025-03-01,train
别克E4,2025-04-01,train
别克E4,2025-05-01,train
别克E4,2025-06-01,train
别克E4,2025-07-01,val
别克E4,2025-08-01,val
别克E4,2025-09-01,val
别克E4,2025-10-01,val
别克E4,2025-11-01,val
别克E4,2025-12-01,val
别克E4,2026-01-01,test
别克E4,2026-02-01,test
别克E4,2026-03-01,test
别克E4,2026-04-01,test
别克E4,2026-05-01,test
别克E4,2026-06-01,test
别克GL6,2022-01-01,train
别克GL6,2022-02-01,train
别克GL6,2022-03-01,train
别克GL6,2022-04-01,train
别克GL6,2022-05-01,train
别克GL6,2022-06-01,train
别克GL6,2022-07-01,train
别克GL6,2022-08-01,train
别克GL6,2022-09-01,train
别克GL6,2022-10-01,train
别克GL6,2022-11-01,train
别克GL6,2022-12-01,train
别克GL6,2023-01-01,train
别克GL6,2023-02-01,train
别克GL6,2023-03-01,train
别克GL6,2023-04-01,train
别克GL6,2023-05-01,train
别克GL6,2023-06-01,train
别克GL6,2023-07-01,train
别克GL6,2023-08-01,train
别克GL6,2023-09-01,train
别克GL6,2023-10-01,train
别克GL6,2023-11-01,train
别克GL6,2023-12-01,train
别克GL6,2024-01-01,train
别克GL6,2024-02-01,train
别克GL6,2024-03-01,train
别克GL6,2024-04-01,train
别克GL6,2024-05-01,train
别克GL6,2024-06-01,train
别克GL6,2024-07-01,train
别克GL6,2024-08-01,train
别克GL6,2024-09-01,train
别克GL6,2024-10-01,train
别克GL6,2024-11-01,train
别克GL6,2024-12-01,train
别克GL6,2025-01-01,train
别克GL6,2025-02-01,train
别克GL6,2025-03-01,train
别克GL6,2025-04-01,train
别克GL6,2025-05-01,train
别克GL6,2025-06-01,train
别克GL6,2025-07-01,val
别克GL6,2025-08-01,val
别克GL6,2025-09-01,val
别克GL6,2025-10-01,val
别克GL6,2025-11-01,val
别克GL6,2025-12-01,val
别克GL6,2026-01-01,test
别克GL6,2026-02-01,test
别克GL6,2026-03-01,test
别克GL6,2026-04-01,test
别克GL6,2026-05-01,test
别克GL6,2026-06-01,test
别克GL8,2022-01-01,train
别克GL8,2022-02-01,train
别克GL8,2022-03-01,train
别克GL8,2022-04-01,train
别克GL8,2022-05-01,train
别克GL8,2022-06-01,train
别克GL8,2022-07-01,train
别克GL8,2022-08-01,train
别克GL8,2022-09-01,train
别克GL8,2022-10-01,train
别克GL8,2022-11-01,train
别克GL8,2022-12-01,train
别克GL8,2023-01-01,train
别克GL8,2023-02-01,train
别克GL8,2023-03-01,train
别克GL8,2023-04-01,train
别克GL8,2023-05-01,train
别克GL8,2023-06-01,train
别克GL8,2023-07-01,train
别克GL8,2023-08-01,train
别克GL8,2023-09-01,train
别克GL8,2023-10-01,train
别克GL8,2023-11-01,train
别克GL8,2023-12-01,train
别克GL8,2024-01-01,train
别克GL8,2024-02-01,train
别克GL8,2024-03-01,train
别克GL8,2024-04-01,train
别克GL8,2024-05-01,train
别克GL8,2024-06-01,train
别克GL8,2024-07-01,train
别克GL8,2024-08-01,train
别克GL8,2024-09-01,train
别克GL8,2024-10-01,train
别克GL8,2024-11-01,train
别克GL8,2024-12-01,train
别克GL8,2025-01-01,train
别克GL8,2025-02-01,train
别克GL8,2025-03-01,train
别克GL8,2025-04-01,train
别克GL8,2025-05-01,train
别克GL8,2025-06-01,train
别克GL8,2025-07-01,val
别克GL8,2025-08-01,val
别克GL8,2025-09-01,val
别克GL8,2025-10-01,val
别克GL8,2025-11-01,val
别克GL8,2025-12-01,val
别克GL8,2026-01-01,test
别克GL8,2026-02-01,test
别克GL8,2026-03-01,test
别克GL8,2026-04-01,test
别克GL8,2026-05-01,test
别克GL8,2026-06-01,test
别克GL8新能源,2022-01-01,train
别克GL8新能源,2022-02-01,train
别克GL8新能源,2022-03-01,train
别克GL8新能源,2022-04-01,train
别克GL8新能源,2022-05-01,train
别克GL8新能源,2022-06-01,train
别克GL8新能源,2022-07-01,train
别克GL8新能源,2022-08-01,train
别克GL8新能源,2022-09-01,train
别克GL8新能源,2022-10-01,train
别克GL8新能源,2022-11-01,train
别克GL8新能源,2022-12-01,train
别克GL8新能源,2023-01-01,train
别克GL8新能源,2023-02-01,train
别克GL8新能源,2023-03-01,train
别克GL8新能源,2023-04-01,train
别克GL8新能源,2023-05-01,train
别克GL8新能源,2023-06-01,train
别克GL8新能源,2023-07-01,train
别克GL8新能源,2023-08-01,train
别克GL8新能源,2023-09-01,train
别克GL8新能源,2023-10-01,train
别克GL8新能源,2023-11-01,train
别克GL8新能源,2023-12-01,train
别克GL8新能源,2024-01-01,train
别克GL8新能源,2024-02-01,train
别克GL8新能源,2024-03-01,train
别克GL8新能源,2024-04-01,train
别克GL8新能源,2024-05-01,train
别克GL8新能源,2024-06-01,train
别克GL8新能源,2024-07-01,train
别克GL8新能源,2024-08-01,train
别克GL8新能源,2024-09-01,train
别克GL8新能源,2024-10-01,train
别克GL8新能源,2024-11-01,train
别克GL8新能源,2024-12-01,train
别克GL8新能源,2025-01-01,train
别克GL8新能源,2025-02-01,train
别克GL8新能源,2025-03-01,train
别克GL8新能源,2025-04-01,train
别克GL8新能源,2025-05-01,train
别克GL8新能源,2025-06-01,train
别克GL8新能源,2025-07-01,val
别克GL8新能源,2025-08-01,val
别克GL8新能源,2025-09-01,val
别克GL8新能源,2025-10-01,val
别克GL8新能源,2025-11-01,val
别克GL8新能源,2025-12-01,val
别克GL8新能源,2026-01-01,test
别克GL8新能源,2026-02-01,test
别克GL8新能源,2026-03-01,test
别克GL8新能源,2026-04-01,test
别克GL8新能源,2026-05-01,test
别克GL8新能源,2026-06-01,test
勇士,2022-01-01,train
勇士,2022-02-01,train
勇士,2022-03-01,train
勇士,2022-04-01,train
勇士,2022-05-01,train
勇士,2022-06-01,train
勇士,2022-07-01,train
勇士,2022-08-01,train
勇士,2022-09-01,train
勇士,2022-10-01,train
勇士,2022-11-01,train
勇士,2022-12-01,train
勇士,2023-01-01,train
勇士,2023-02-01,train
勇士,2023-03-01,train
勇士,2023-04-01,train
勇士,2023-05-01,train
勇士,2023-06-01,train
勇士,2023-07-01,train
勇士,2023-08-01,train
勇士,2023-09-01,train
勇士,2023-10-01,train
勇士,2023-11-01,train
勇士,2023-12-01,train
勇士,2024-01-01,train
勇士,2024-02-01,train
勇士,2024-03-01,train
勇士,2024-04-01,train
勇士,2024-05-01,train
勇士,2024-06-01,train
勇士,2024-07-01,train
勇士,2024-08-01,train
勇士,2024-09-01,train
勇士,2024-10-01,train
勇士,2024-11-01,train
勇士,2024-12-01,train
勇士,2025-01-01,train
勇士,2025-02-01,train
勇士,2025-03-01,train
勇士,2025-04-01,train
勇士,2025-05-01,train
勇士,2025-06-01,train
勇士,2025-07-01,val
勇士,2025-08-01,val
勇士,2025-09-01,val
勇士,2025-10-01,val
勇士,2025-11-01,val
勇士,2025-12-01,val
勇士,2026-01-01,test
勇士,2026-02-01,test
勇士,2026-03-01,test
勇士,2026-04-01,test
勇士,2026-05-01,test
勇士,2026-06-01,test
北京EU5,2022-01-01,train
北京EU5,2022-02-01,train
北京EU5,2022-03-01,train
北京EU5,2022-04-01,train
北京EU5,2022-05-01,train
北京EU5,2022-06-01,train
北京EU5,2022-07-01,train
北京EU5,2022-08-01,train
北京EU5,2022-09-01,train
北京EU5,2022-10-01,train
北京EU5,2022-11-01,train
北京EU5,2022-12-01,train
北京EU5,2023-01-01,train
北京EU5,2023-02-01,train
北京EU5,2023-03-01,train
北京EU5,2023-04-01,train
北京EU5,2023-05-01,train
北京EU5,2023-06-01,train
北京EU5,2023-07-01,train
北京EU5,2023-08-01,train
北京EU5,2023-09-01,train
北京EU5,2023-10-01,train
北京EU5,2023-11-01,train
北京EU5,2023-12-01,train
北京EU5,2024-01-01,train
北京EU5,2024-02-01,train
北京EU5,2024-03-01,train
北京EU5,2024-04-01,train
北京EU5,2024-05-01,train
北京EU5,2024-06-01,train
北京EU5,2024-07-01,train
北京EU5,2024-08-01,train
北京EU5,2024-09-01,train
北京EU5,2024-10-01,train
北京EU5,2024-11-01,train
北京EU5,2024-12-01,train
北京EU5,2025-01-01,train
北京EU5,2025-02-01,train
北京EU5,2025-03-01,train
北京EU5,2025-04-01,train
北京EU5,2025-05-01,train
北京EU5,2025-06-01,train
北京EU5,2025-07-01,val
北京EU5,2025-08-01,val
北京EU5,2025-09-01,val
北京EU5,2025-10-01,val
北京EU5,2025-11-01,val
北京EU5,2025-12-01,val
北京EU5,2026-01-01,test
北京EU5,2026-02-01,test
北京EU5,2026-03-01,test
北京EU5,2026-04-01,test
北京EU5,2026-05-01,test
北京EU5,2026-06-01,test
北京现代ix35,2022-01-01,train
北京现代ix35,2022-02-01,train
北京现代ix35,2022-03-01,train
北京现代ix35,2022-04-01,train
北京现代ix35,2022-05-01,train
北京现代ix35,2022-06-01,train
北京现代ix35,2022-07-01,train
北京现代ix35,2022-08-01,train
北京现代ix35,2022-09-01,train
北京现代ix35,2022-10-01,train
北京现代ix35,2022-11-01,train
北京现代ix35,2022-12-01,train
北京现代ix35,2023-01-01,train
北京现代ix35,2023-02-01,train
北京现代ix35,2023-03-01,train
北京现代ix35,2023-04-01,train
北京现代ix35,2023-05-01,train
北京现代ix35,2023-06-01,train
北京现代ix35,2023-07-01,train
北京现代ix35,2023-08-01,train
北京现代ix35,2023-09-01,train
北京现代ix35,2023-10-01,train
北京现代ix35,2023-11-01,train
北京现代ix35,2023-12-01,train
北京现代ix35,2024-01-01,train
北京现代ix35,2024-02-01,train
北京现代ix35,2024-03-01,train
北京现代ix35,2024-04-01,train
北京现代ix35,2024-05-01,train
北京现代ix35,2024-06-01,train
北京现代ix35,2024-07-01,train
北京现代ix35,2024-08-01,train
北京现代ix35,2024-09-01,train
北京现代ix35,2024-10-01,train
北京现代ix35,2024-11-01,train
北京现代ix35,2024-12-01,train
北京现代ix35,2025-01-01,train
北京现代ix35,2025-02-01,train
北京现代ix35,2025-03-01,train
北京现代ix35,2025-04-01,train
北京现代ix35,2025-05-01,train
北京现代ix35,2025-06-01,train
北京现代ix35,2025-07-01,val
北京现代ix35,2025-08-01,val
北京现代ix35,2025-09-01,val
北京现代ix35,2025-10-01,val
北京现代ix35,2025-11-01,val
北京现代ix35,2025-12-01,val
北京现代ix35,2026-01-01,test
北京现代ix35,2026-02-01,test
北京现代ix35,2026-03-01,test
北京现代ix35,2026-04-01,test
北京现代ix35,2026-05-01,test
北京现代ix35,2026-06-01,test
博越REV,2022-01-01,train
博越REV,2022-02-01,train
博越REV,2022-03-01,train
博越REV,2022-04-01,train
博越REV,2022-05-01,train
博越REV,2022-06-01,train
博越REV,2022-07-01,train
博越REV,2022-08-01,train
博越REV,2022-09-01,train
博越REV,2022-10-01,train
博越REV,2022-11-01,train
博越REV,2022-12-01,train
博越REV,2023-01-01,train
博越REV,2023-02-01,train
博越REV,2023-03-01,train
博越REV,2023-04-01,train
博越REV,2023-05-01,train
博越REV,2023-06-01,train
博越REV,2023-07-01,train
博越REV,2023-08-01,train
博越REV,2023-09-01,train
博越REV,2023-10-01,train
博越REV,2023-11-01,train
博越REV,2023-12-01,train
博越REV,2024-01-01,train
博越REV,2024-02-01,train
博越REV,2024-03-01,train
博越REV,2024-04-01,train
博越REV,2024-05-01,train
博越REV,2024-06-01,train
博越REV,2024-07-01,train
博越REV,2024-08-01,train
博越REV,2024-09-01,train
博越REV,2024-10-01,train
博越REV,2024-11-01,train
博越REV,2024-12-01,train
博越REV,2025-01-01,train
博越REV,2025-02-01,train
博越REV,2025-03-01,train
博越REV,2025-04-01,train
博越REV,2025-05-01,train
博越REV,2025-06-01,train
博越REV,2025-07-01,val
博越REV,2025-08-01,val
博越REV,2025-09-01,val
博越REV,2025-10-01,val
博越REV,2025-11-01,val
博越REV,2025-12-01,val
博越REV,2026-01-01,test
博越REV,2026-02-01,test
博越REV,2026-03-01,test
博越REV,2026-04-01,test
博越REV,2026-05-01,test
博越REV,2026-06-01,test
卡罗拉,2022-01-01,train
卡罗拉,2022-02-01,train
卡罗拉,2022-03-01,train
卡罗拉,2022-04-01,train
卡罗拉,2022-05-01,train
卡罗拉,2022-06-01,train
卡罗拉,2022-07-01,train
卡罗拉,2022-08-01,train
卡罗拉,2022-09-01,train
卡罗拉,2022-10-01,train
卡罗拉,2022-11-01,train
卡罗拉,2022-12-01,train
卡罗拉,2023-01-01,train
卡罗拉,2023-02-01,train
卡罗拉,2023-03-01,train
卡罗拉,2023-04-01,train
卡罗拉,2023-05-01,train
卡罗拉,2023-06-01,train
卡罗拉,2023-07-01,train
卡罗拉,2023-08-01,train
卡罗拉,2023-09-01,train
卡罗拉,2023-10-01,train
卡罗拉,2023-11-01,train
卡罗拉,2023-12-01,train
卡罗拉,2024-01-01,train
卡罗拉,2024-02-01,train
卡罗拉,2024-03-01,train
卡罗拉,2024-04-01,train
卡罗拉,2024-05-01,train
卡罗拉,2024-06-01,train
卡罗拉,2024-07-01,train
卡罗拉,2024-08-01,train
卡罗拉,2024-09-01,train
卡罗拉,2024-10-01,train
卡罗拉,2024-11-01,train
卡罗拉,2024-12-01,train
卡罗拉,2025-01-01,train
卡罗拉,2025-02-01,train
卡罗拉,2025-03-01,train
卡罗拉,2025-04-01,train
卡罗拉,2025-05-01,train
卡罗拉,2025-06-01,train
卡罗拉,2025-07-01,val
卡罗拉,2025-08-01,val
卡罗拉,2025-09-01,val
卡罗拉,2025-10-01,val
卡罗拉,2025-11-01,val
卡罗拉,2025-12-01,val
卡罗拉,2026-01-01,test
卡罗拉,2026-02-01,test
卡罗拉,2026-03-01,test
卡罗拉,2026-04-01,test
卡罗拉,2026-05-01,test
卡罗拉,2026-06-01,test
卡罗拉双擎E+,2022-01-01,train
卡罗拉双擎E+,2022-02-01,train
卡罗拉双擎E+,2022-03-01,train
卡罗拉双擎E+,2022-04-01,train
卡罗拉双擎E+,2022-05-01,train
卡罗拉双擎E+,2022-06-01,train
卡罗拉双擎E+,2022-07-01,train
卡罗拉双擎E+,2022-08-01,train
卡罗拉双擎E+,2022-09-01,train
卡罗拉双擎E+,2022-10-01,train
卡罗拉双擎E+,2022-11-01,train
卡罗拉双擎E+,2022-12-01,train
卡罗拉双擎E+,2023-01-01,train
卡罗拉双擎E+,2023-02-01,train
卡罗拉双擎E+,2023-03-01,train
卡罗拉双擎E+,2023-04-01,train
卡罗拉双擎E+,2023-05-01,train
卡罗拉双擎E+,2023-06-01,train
卡罗拉双擎E+,2023-07-01,train
卡罗拉双擎E+,2023-08-01,train
卡罗拉双擎E+,2023-09-01,train
卡罗拉双擎E+,2023-10-01,train
卡罗拉双擎E+,2023-11-01,train
卡罗拉双擎E+,2023-12-01,train
卡罗拉双擎E+,2024-01-01,train
卡罗拉双擎E+,2024-02-01,train
卡罗拉双擎E+,2024-03-01,train
卡罗拉双擎E+,2024-04-01,train
卡罗拉双擎E+,2024-05-01,train
卡罗拉双擎E+,2024-06-01,train
卡罗拉双擎E+,2024-07-01,train
卡罗拉双擎E+,2024-08-01,train
卡罗拉双擎E+,2024-09-01,train
卡罗拉双擎E+,2024-10-01,train
卡罗拉双擎E+,2024-11-01,train
卡罗拉双擎E+,2024-12-01,train
卡罗拉双擎E+,2025-01-01,train
卡罗拉双擎E+,2025-02-01,train
卡罗拉双擎E+,2025-03-01,train
卡罗拉双擎E+,2025-04-01,train
卡罗拉双擎E+,2025-05-01,train
卡罗拉双擎E+,2025-06-01,train
卡罗拉双擎E+,2025-07-01,val
卡罗拉双擎E+,2025-08-01,val
卡罗拉双擎E+,2025-09-01,val
卡罗拉双擎E+,2025-10-01,val
卡罗拉双擎E+,2025-11-01,val
卡罗拉双擎E+,2025-12-01,val
卡罗拉双擎E+,2026-01-01,test
卡罗拉双擎E+,2026-02-01,test
卡罗拉双擎E+,2026-03-01,test
卡罗拉双擎E+,2026-04-01,test
卡罗拉双擎E+,2026-05-01,test
卡罗拉双擎E+,2026-06-01,test
卡罗拉锐放,2022-01-01,train
卡罗拉锐放,2022-02-01,train
卡罗拉锐放,2022-03-01,train
卡罗拉锐放,2022-04-01,train
卡罗拉锐放,2022-05-01,train
卡罗拉锐放,2022-06-01,train
卡罗拉锐放,2022-07-01,train
卡罗拉锐放,2022-08-01,train
卡罗拉锐放,2022-09-01,train
卡罗拉锐放,2022-10-01,train
卡罗拉锐放,2022-11-01,train
卡罗拉锐放,2022-12-01,train
卡罗拉锐放,2023-01-01,train
卡罗拉锐放,2023-02-01,train
卡罗拉锐放,2023-03-01,train
卡罗拉锐放,2023-04-01,train
卡罗拉锐放,2023-05-01,train
卡罗拉锐放,2023-06-01,train
卡罗拉锐放,2023-07-01,train
卡罗拉锐放,2023-08-01,train
卡罗拉锐放,2023-09-01,train
卡罗拉锐放,2023-10-01,train
卡罗拉锐放,2023-11-01,train
卡罗拉锐放,2023-12-01,train
卡罗拉锐放,2024-01-01,train
卡罗拉锐放,2024-02-01,train
卡罗拉锐放,2024-03-01,train
卡罗拉锐放,2024-04-01,train
卡罗拉锐放,2024-05-01,train
卡罗拉锐放,2024-06-01,train
卡罗拉锐放,2024-07-01,train
卡罗拉锐放,2024-08-01,train
卡罗拉锐放,2024-09-01,train
卡罗拉锐放,2024-10-01,train
卡罗拉锐放,2024-11-01,train
卡罗拉锐放,2024-12-01,train
卡罗拉锐放,2025-01-01,train
卡罗拉锐放,2025-02-01,train
卡罗拉锐放,2025-03-01,train
卡罗拉锐放,2025-04-01,train
卡罗拉锐放,2025-05-01,train
卡罗拉锐放,2025-06-01,train
卡罗拉锐放,2025-07-01,val
卡罗拉锐放,2025-08-01,val
卡罗拉锐放,2025-09-01,val
卡罗拉锐放,2025-10-01,val
卡罗拉锐放,2025-11-01,val
卡罗拉锐放,2025-12-01,val
卡罗拉锐放,2026-01-01,test
卡罗拉锐放,2026-02-01,test
卡罗拉锐放,2026-03-01,test
卡罗拉锐放,2026-04-01,test
卡罗拉锐放,2026-05-01,test
卡罗拉锐放,2026-06-01,test
合创A06,2022-01-01,train
合创A06,2022-02-01,train
合创A06,2022-03-01,train
合创A06,2022-04-01,train
合创A06,2022-05-01,train
合创A06,2022-06-01,train
合创A06,2022-07-01,train
合创A06,2022-08-01,train
合创A06,2022-09-01,train
合创A06,2022-10-01,train
合创A06,2022-11-01,train
合创A06,2022-12-01,train
合创A06,2023-01-01,train
合创A06,2023-02-01,train
合创A06,2023-03-01,train
合创A06,2023-04-01,train
合创A06,2023-05-01,train
合创A06,2023-06-01,train
合创A06,2023-07-01,train
合创A06,2023-08-01,train
合创A06,2023-09-01,train
合创A06,2023-10-01,train
合创A06,2023-11-01,train
合创A06,2023-12-01,train
合创A06,2024-01-01,train
合创A06,2024-02-01,train
合创A06,2024-03-01,train
合创A06,2024-04-01,train
合创A06,2024-05-01,train
合创A06,2024-06-01,train
合创A06,2024-07-01,train
合创A06,2024-08-01,train
合创A06,2024-09-01,train
合创A06,2024-10-01,train
合创A06,2024-11-01,train
合创A06,2024-12-01,train
合创A06,2025-01-01,train
合创A06,2025-02-01,train
合创A06,2025-03-01,train
合创A06,2025-04-01,train
合创A06,2025-05-01,train
合创A06,2025-06-01,train
合创A06,2025-07-01,val
合创A06,2025-08-01,val
合创A06,2025-09-01,val
合创A06,2025-10-01,val
合创A06,2025-11-01,val
合创A06,2025-12-01,val
合创A06,2026-01-01,test
合创A06,2026-02-01,test
合创A06,2026-03-01,test
合创A06,2026-04-01,test
合创A06,2026-05-01,test
合创A06,2026-06-01,test
吉利ICON,2022-01-01,train
吉利ICON,2022-02-01,train
吉利ICON,2022-03-01,train
吉利ICON,2022-04-01,train
吉利ICON,2022-05-01,train
吉利ICON,2022-06-01,train
吉利ICON,2022-07-01,train
吉利ICON,2022-08-01,train
吉利ICON,2022-09-01,train
吉利ICON,2022-10-01,train
吉利ICON,2022-11-01,train
吉利ICON,2022-12-01,train
吉利ICON,2023-01-01,train
吉利ICON,2023-02-01,train
吉利ICON,2023-03-01,train
吉利ICON,2023-04-01,train
吉利ICON,2023-05-01,train
吉利ICON,2023-06-01,train
吉利ICON,2023-07-01,train
吉利ICON,2023-08-01,train
吉利ICON,2023-09-01,train
吉利ICON,2023-10-01,train
吉利ICON,2023-11-01,train
吉利ICON,2023-12-01,train
吉利ICON,2024-01-01,train
吉利ICON,2024-02-01,train
吉利ICON,2024-03-01,train
吉利ICON,2024-04-01,train
吉利ICON,2024-05-01,train
吉利ICON,2024-06-01,train
吉利ICON,2024-07-01,train
吉利ICON,2024-08-01,train
吉利ICON,2024-09-01,train
吉利ICON,2024-10-01,train
吉利ICON,2024-11-01,train
吉利ICON,2024-12-01,train
吉利ICON,2025-01-01,train
吉利ICON,2025-02-01,train
吉利ICON,2025-03-01,train
吉利ICON,2025-04-01,train
吉利ICON,2025-05-01,train
吉利ICON,2025-06-01,train
吉利ICON,2025-07-01,val
吉利ICON,2025-08-01,val
吉利ICON,2025-09-01,val
吉利ICON,2025-10-01,val
吉利ICON,2025-11-01,val
吉利ICON,2025-12-01,val
吉利ICON,2026-01-01,test
吉利ICON,2026-02-01,test
吉利ICON,2026-03-01,test
吉利ICON,2026-04-01,test
吉利ICON,2026-05-01,test
吉利ICON,2026-06-01,test
吉利熊猫,2022-01-01,train
吉利熊猫,2022-02-01,train
吉利熊猫,2022-03-01,train
吉利熊猫,2022-04-01,train
吉利熊猫,2022-05-01,train
吉利熊猫,2022-06-01,train
吉利熊猫,2022-07-01,train
吉利熊猫,2022-08-01,train
吉利熊猫,2022-09-01,train
吉利熊猫,2022-10-01,train
吉利熊猫,2022-11-01,train
吉利熊猫,2022-12-01,train
吉利熊猫,2023-01-01,train
吉利熊猫,2023-02-01,train
吉利熊猫,2023-03-01,train
吉利熊猫,2023-04-01,train
吉利熊猫,2023-05-01,train
吉利熊猫,2023-06-01,train
吉利熊猫,2023-07-01,train
吉利熊猫,2023-08-01,train
吉利熊猫,2023-09-01,train
吉利熊猫,2023-10-01,train
吉利熊猫,2023-11-01,train
吉利熊猫,2023-12-01,train
吉利熊猫,2024-01-01,train
吉利熊猫,2024-02-01,train
吉利熊猫,2024-03-01,train
吉利熊猫,2024-04-01,train
吉利熊猫,2024-05-01,train
吉利熊猫,2024-06-01,train
吉利熊猫,2024-07-01,train
吉利熊猫,2024-08-01,train
吉利熊猫,2024-09-01,train
吉利熊猫,2024-10-01,train
吉利熊猫,2024-11-01,train
吉利熊猫,2024-12-01,train
吉利熊猫,2025-01-01,train
吉利熊猫,2025-02-01,train
吉利熊猫,2025-03-01,train
吉利熊猫,2025-04-01,train
吉利熊猫,2025-05-01,train
吉利熊猫,2025-06-01,train
吉利熊猫,2025-07-01,val
吉利熊猫,2025-08-01,val
吉利熊猫,2025-09-01,val
吉利熊猫,2025-10-01,val
吉利熊猫,2025-11-01,val
吉利熊猫,2025-12-01,val
吉利熊猫,2026-01-01,test
吉利熊猫,2026-02-01,test
吉利熊猫,2026-03-01,test
吉利熊猫,2026-04-01,test
吉利熊猫,2026-05-01,test
吉利熊猫,2026-06-01,test
君威,2022-01-01,train
君威,2022-02-01,train
君威,2022-03-01,train
君威,2022-04-01,train
君威,2022-05-01,train
君威,2022-06-01,train
君威,2022-07-01,train
君威,2022-08-01,train
君威,2022-09-01,train
君威,2022-10-01,train
君威,2022-11-01,train
君威,2022-12-01,train
君威,2023-01-01,train
君威,2023-02-01,train
君威,2023-03-01,train
君威,2023-04-01,train
君威,2023-05-01,train
君威,2023-06-01,train
君威,2023-07-01,train
君威,2023-08-01,train
君威,2023-09-01,train
君威,2023-10-01,train
君威,2023-11-01,train
君威,2023-12-01,train
君威,2024-01-01,train
君威,2024-02-01,train
君威,2024-03-01,train
君威,2024-04-01,train
君威,2024-05-01,train
君威,2024-06-01,train
君威,2024-07-01,train
君威,2024-08-01,train
君威,2024-09-01,train
君威,2024-10-01,train
君威,2024-11-01,train
君威,2024-12-01,train
君威,2025-01-01,train
君威,2025-02-01,train
君威,2025-03-01,train
君威,2025-04-01,train
君威,2025-05-01,train
君威,2025-06-01,train
君威,2025-07-01,val
君威,2025-08-01,val
君威,2025-09-01,val
君威,2025-10-01,val
君威,2025-11-01,val
君威,2025-12-01,val
君威,2026-01-01,test
君威,2026-02-01,test
君威,2026-03-01,test
君威,2026-04-01,test
君威,2026-05-01,test
君威,2026-06-01,test
君越,2022-01-01,train
君越,2022-02-01,train
君越,2022-03-01,train
君越,2022-04-01,train
君越,2022-05-01,train
君越,2022-06-01,train
君越,2022-07-01,train
君越,2022-08-01,train
君越,2022-09-01,train
君越,2022-10-01,train
君越,2022-11-01,train
君越,2022-12-01,train
君越,2023-01-01,train
君越,2023-02-01,train
君越,2023-03-01,train
君越,2023-04-01,train
君越,2023-05-01,train
君越,2023-06-01,train
君越,2023-07-01,train
君越,2023-08-01,train
君越,2023-09-01,train
君越,2023-10-01,train
君越,2023-11-01,train
君越,2023-12-01,train
君越,2024-01-01,train
君越,2024-02-01,train
君越,2024-03-01,train
君越,2024-04-01,train
君越,2024-05-01,train
君越,2024-06-01,train
君越,2024-07-01,train
君越,2024-08-01,train
君越,2024-09-01,train
君越,2024-10-01,train
君越,2024-11-01,train
君越,2024-12-01,train
君越,2025-01-01,train
君越,2025-02-01,train
君越,2025-03-01,train
君越,2025-04-01,train
君越,2025-05-01,train
君越,2025-06-01,train
君越,2025-07-01,val
君越,2025-08-01,val
君越,2025-09-01,val
君越,2025-10-01,val
君越,2025-11-01,val
君越,2025-12-01,val
君越,2026-01-01,test
君越,2026-02-01,test
君越,2026-03-01,test
君越,2026-04-01,test
君越,2026-05-01,test
君越,2026-06-01,test
启辰D60,2022-01-01,train
启辰D60,2022-02-01,train
启辰D60,2022-03-01,train
启辰D60,2022-04-01,train
启辰D60,2022-05-01,train
启辰D60,2022-06-01,train
启辰D60,2022-07-01,train
启辰D60,2022-08-01,train
启辰D60,2022-09-01,train
启辰D60,2022-10-01,train
启辰D60,2022-11-01,train
启辰D60,2022-12-01,train
启辰D60,2023-01-01,train
启辰D60,2023-02-01,train
启辰D60,2023-03-01,train
启辰D60,2023-04-01,train
启辰D60,2023-05-01,train
启辰D60,2023-06-01,train
启辰D60,2023-07-01,train
启辰D60,2023-08-01,train
启辰D60,2023-09-01,train
启辰D60,2023-10-01,train
启辰D60,2023-11-01,train
启辰D60,2023-12-01,train
启辰D60,2024-01-01,train
启辰D60,2024-02-01,train
启辰D60,2024-03-01,train
启辰D60,2024-04-01,train
启辰D60,2024-05-01,train
启辰D60,2024-06-01,train
启辰D60,2024-07-01,train
启辰D60,2024-08-01,train
启辰D60,2024-09-01,train
启辰D60,2024-10-01,train
启辰D60,2024-11-01,train
启辰D60,2024-12-01,train
启辰D60,2025-01-01,train
启辰D60,2025-02-01,train
启辰D60,2025-03-01,train
启辰D60,2025-04-01,train
启辰D60,2025-05-01,train
启辰D60,2025-06-01,train
启辰D60,2025-07-01,val
启辰D60,2025-08-01,val
启辰D60,2025-09-01,val
启辰D60,2025-10-01,val
启辰D60,2025-11-01,val
启辰D60,2025-12-01,val
启辰D60,2026-01-01,test
启辰D60,2026-02-01,test
启辰D60,2026-03-01,test
启辰D60,2026-04-01,test
启辰D60,2026-05-01,test
启辰D60,2026-06-01,test
启辰T60,2022-01-01,train
启辰T60,2022-02-01,train
启辰T60,2022-03-01,train
启辰T60,2022-04-01,train
启辰T60,2022-05-01,train
启辰T60,2022-06-01,train
启辰T60,2022-07-01,train
启辰T60,2022-08-01,train
启辰T60,2022-09-01,train
启辰T60,2022-10-01,train
启辰T60,2022-11-01,train
启辰T60,2022-12-01,train
启辰T60,2023-01-01,train
启辰T60,2023-02-01,train
启辰T60,2023-03-01,train
启辰T60,2023-04-01,train
启辰T60,2023-05-01,train
启辰T60,2023-06-01,train
启辰T60,2023-07-01,train
启辰T60,2023-08-01,train
启辰T60,2023-09-01,train
启辰T60,2023-10-01,train
启辰T60,2023-11-01,train
启辰T60,2023-12-01,train
启辰T60,2024-01-01,train
启辰T60,2024-02-01,train
启辰T60,2024-03-01,train
启辰T60,2024-04-01,train
启辰T60,2024-05-01,train
启辰T60,2024-06-01,train
启辰T60,2024-07-01,train
启辰T60,2024-08-01,train
启辰T60,2024-09-01,train
启辰T60,2024-10-01,train
启辰T60,2024-11-01,train
启辰T60,2024-12-01,train
启辰T60,2025-01-01,train
启辰T60,2025-02-01,train
启辰T60,2025-03-01,train
启辰T60,2025-04-01,train
启辰T60,2025-05-01,train
启辰T60,2025-06-01,train
启辰T60,2025-07-01,val
启辰T60,2025-08-01,val
启辰T60,2025-09-01,val
启辰T60,2025-10-01,val
启辰T60,2025-11-01,val
启辰T60,2025-12-01,val
启辰T60,2026-01-01,test
启辰T60,2026-02-01,test
启辰T60,2026-03-01,test
启辰T60,2026-04-01,test
启辰T60,2026-05-01,test
启辰T60,2026-06-01,test
唐新能源,2022-01-01,train
唐新能源,2022-02-01,train
唐新能源,2022-03-01,train
唐新能源,2022-04-01,train
唐新能源,2022-05-01,train
唐新能源,2022-06-01,train
唐新能源,2022-07-01,train
唐新能源,2022-08-01,train
唐新能源,2022-09-01,train
唐新能源,2022-10-01,train
唐新能源,2022-11-01,train
唐新能源,2022-12-01,train
唐新能源,2023-01-01,train
唐新能源,2023-02-01,train
唐新能源,2023-03-01,train
唐新能源,2023-04-01,train
唐新能源,2023-05-01,train
唐新能源,2023-06-01,train
唐新能源,2023-07-01,train
唐新能源,2023-08-01,train
唐新能源,2023-09-01,train
唐新能源,2023-10-01,train
唐新能源,2023-11-01,train
唐新能源,2023-12-01,train
唐新能源,2024-01-01,train
唐新能源,2024-02-01,train
唐新能源,2024-03-01,train
唐新能源,2024-04-01,train
唐新能源,2024-05-01,train
唐新能源,2024-06-01,train
唐新能源,2024-07-01,train
唐新能源,2024-08-01,train
唐新能源,2024-09-01,train
唐新能源,2024-10-01,train
唐新能源,2024-11-01,train
唐新能源,2024-12-01,train
唐新能源,2025-01-01,train
唐新能源,2025-02-01,train
唐新能源,2025-03-01,train
唐新能源,2025-04-01,train
唐新能源,2025-05-01,train
唐新能源,2025-06-01,train
唐新能源,2025-07-01,val
唐新能源,2025-08-01,val
唐新能源,2025-09-01,val
唐新能源,2025-10-01,val
唐新能源,2025-11-01,val
唐新能源,2025-12-01,val
唐新能源,2026-01-01,test
唐新能源,2026-02-01,test
唐新能源,2026-03-01,test
唐新能源,2026-04-01,test
唐新能源,2026-05-01,test
唐新能源,2026-06-01,test
嘉华,2022-01-01,train
嘉华,2022-02-01,train
嘉华,2022-03-01,train
嘉华,2022-04-01,train
嘉华,2022-05-01,train
嘉华,2022-06-01,train
嘉华,2022-07-01,train
嘉华,2022-08-01,train
嘉华,2022-09-01,train
嘉华,2022-10-01,train
嘉华,2022-11-01,train
嘉华,2022-12-01,train
嘉华,2023-01-01,train
嘉华,2023-02-01,train
嘉华,2023-03-01,train
嘉华,2023-04-01,train
嘉华,2023-05-01,train
嘉华,2023-06-01,train
嘉华,2023-07-01,train
嘉华,2023-08-01,train
嘉华,2023-09-01,train
嘉华,2023-10-01,train
嘉华,2023-11-01,train
嘉华,2023-12-01,train
嘉华,2024-01-01,train
嘉华,2024-02-01,train
嘉华,2024-03-01,train
嘉华,2024-04-01,train
嘉华,2024-05-01,train
嘉华,2024-06-01,train
嘉华,2024-07-01,train
嘉华,2024-08-01,train
嘉华,2024-09-01,train
嘉华,2024-10-01,train
嘉华,2024-11-01,train
嘉华,2024-12-01,train
嘉华,2025-01-01,train
嘉华,2025-02-01,train
嘉华,2025-03-01,train
嘉华,2025-04-01,train
嘉华,2025-05-01,train
嘉华,2025-06-01,train
嘉华,2025-07-01,val
嘉华,2025-08-01,val
嘉华,2025-09-01,val
嘉华,2025-10-01,val
嘉华,2025-11-01,val
嘉华,2025-12-01,val
嘉华,2026-01-01,test
嘉华,2026-02-01,test
嘉华,2026-03-01,test
嘉华,2026-04-01,test
嘉华,2026-05-01,test
嘉华,2026-06-01,test
型格,2022-01-01,train
型格,2022-02-01,train
型格,2022-03-01,train
型格,2022-04-01,train
型格,2022-05-01,train
型格,2022-06-01,train
型格,2022-07-01,train
型格,2022-08-01,train
型格,2022-09-01,train
型格,2022-10-01,train
型格,2022-11-01,train
型格,2022-12-01,train
型格,2023-01-01,train
型格,2023-02-01,train
型格,2023-03-01,train
型格,2023-04-01,train
型格,2023-05-01,train
型格,2023-06-01,train
型格,2023-07-01,train
型格,2023-08-01,train
型格,2023-09-01,train
型格,2023-10-01,train
型格,2023-11-01,train
型格,2023-12-01,train
型格,2024-01-01,train
型格,2024-02-01,train
型格,2024-03-01,train
型格,2024-04-01,train
型格,2024-05-01,train
型格,2024-06-01,train
型格,2024-07-01,train
型格,2024-08-01,train
型格,2024-09-01,train
型格,2024-10-01,train
型格,2024-11-01,train
型格,2024-12-01,train
型格,2025-01-01,train
型格,2025-02-01,train
型格,2025-03-01,train
型格,2025-04-01,train
型格,2025-05-01,train
型格,2025-06-01,train
型格,2025-07-01,val
型格,2025-08-01,val
型格,2025-09-01,val
型格,2025-10-01,val
型格,2025-11-01,val
型格,2025-12-01,val
型格,2026-01-01,test
型格,2026-02-01,test
型格,2026-03-01,test
型格,2026-04-01,test
型格,2026-05-01,test
型格,2026-06-01,test
埃尚,2022-01-01,train
埃尚,2022-02-01,train
埃尚,2022-03-01,train
埃尚,2022-04-01,train
埃尚,2022-05-01,train
埃尚,2022-06-01,train
埃尚,2022-07-01,train
埃尚,2022-08-01,train
埃尚,2022-09-01,train
埃尚,2022-10-01,train
埃尚,2022-11-01,train
埃尚,2022-12-01,train
埃尚,2023-01-01,train
埃尚,2023-02-01,train
埃尚,2023-03-01,train
埃尚,2023-04-01,train
埃尚,2023-05-01,train
埃尚,2023-06-01,train
埃尚,2023-07-01,train
埃尚,2023-08-01,train
埃尚,2023-09-01,train
埃尚,2023-10-01,train
埃尚,2023-11-01,train
埃尚,2023-12-01,train
埃尚,2024-01-01,train
埃尚,2024-02-01,train
埃尚,2024-03-01,train
埃尚,2024-04-01,train
埃尚,2024-05-01,train
埃尚,2024-06-01,train
埃尚,2024-07-01,train
埃尚,2024-08-01,train
埃尚,2024-09-01,train
埃尚,2024-10-01,train
埃尚,2024-11-01,train
埃尚,2024-12-01,train
埃尚,2025-01-01,train
埃尚,2025-02-01,train
埃尚,2025-03-01,train
埃尚,2025-04-01,train
埃尚,2025-05-01,train
埃尚,2025-06-01,train
埃尚,2025-07-01,val
埃尚,2025-08-01,val
埃尚,2025-09-01,val
埃尚,2025-10-01,val
埃尚,2025-11-01,val
埃尚,2025-12-01,val
埃尚,2026-01-01,test
埃尚,2026-02-01,test
埃尚,2026-03-01,test
埃尚,2026-04-01,test
埃尚,2026-05-01,test
埃尚,2026-06-01,test
夏,2022-01-01,train
夏,2022-02-01,train
夏,2022-03-01,train
夏,2022-04-01,train
夏,2022-05-01,train
夏,2022-06-01,train
夏,2022-07-01,train
夏,2022-08-01,train
夏,2022-09-01,train
夏,2022-10-01,train
夏,2022-11-01,train
夏,2022-12-01,train
夏,2023-01-01,train
夏,2023-02-01,train
夏,2023-03-01,train
夏,2023-04-01,train
夏,2023-05-01,train
夏,2023-06-01,train
夏,2023-07-01,train
夏,2023-08-01,train
夏,2023-09-01,train
夏,2023-10-01,train
夏,2023-11-01,train
夏,2023-12-01,train
夏,2024-01-01,train
夏,2024-02-01,train
夏,2024-03-01,train
夏,2024-04-01,train
夏,2024-05-01,train
夏,2024-06-01,train
夏,2024-07-01,train
夏,2024-08-01,train
夏,2024-09-01,train
夏,2024-10-01,train
夏,2024-11-01,train
夏,2024-12-01,train
夏,2025-01-01,train
夏,2025-02-01,train
夏,2025-03-01,train
夏,2025-04-01,train
夏,2025-05-01,train
夏,2025-06-01,train
夏,2025-07-01,val
夏,2025-08-01,val
夏,2025-09-01,val
夏,2025-10-01,val
夏,2025-11-01,val
夏,2025-12-01,val
夏,2026-01-01,test
夏,2026-02-01,test
夏,2026-03-01,test
夏,2026-04-01,test
夏,2026-05-01,test
夏,2026-06-01,test
大众CC,2022-01-01,train
大众CC,2022-02-01,train
大众CC,2022-03-01,train
大众CC,2022-04-01,train
大众CC,2022-05-01,train
大众CC,2022-06-01,train
大众CC,2022-07-01,train
大众CC,2022-08-01,train
大众CC,2022-09-01,train
大众CC,2022-10-01,train
大众CC,2022-11-01,train
大众CC,2022-12-01,train
大众CC,2023-01-01,train
大众CC,2023-02-01,train
大众CC,2023-03-01,train
大众CC,2023-04-01,train
大众CC,2023-05-01,train
大众CC,2023-06-01,train
大众CC,2023-07-01,train
大众CC,2023-08-01,train
大众CC,2023-09-01,train
大众CC,2023-10-01,train
大众CC,2023-11-01,train
大众CC,2023-12-01,train
大众CC,2024-01-01,train
大众CC,2024-02-01,train
大众CC,2024-03-01,train
大众CC,2024-04-01,train
大众CC,2024-05-01,train
大众CC,2024-06-01,train
大众CC,2024-07-01,train
大众CC,2024-08-01,train
大众CC,2024-09-01,train
大众CC,2024-10-01,train
大众CC,2024-11-01,train
大众CC,2024-12-01,train
大众CC,2025-01-01,train
大众CC,2025-02-01,train
大众CC,2025-03-01,train
大众CC,2025-04-01,train
大众CC,2025-05-01,train
大众CC,2025-06-01,train
大众CC,2025-07-01,val
大众CC,2025-08-01,val
大众CC,2025-09-01,val
大众CC,2025-10-01,val
大众CC,2025-11-01,val
大众CC,2025-12-01,val
大众CC,2026-01-01,test
大众CC,2026-02-01,test
大众CC,2026-03-01,test
大众CC,2026-04-01,test
大众CC,2026-05-01,test
大众CC,2026-06-01,test
大众ID.3,2022-01-01,train
大众ID.3,2022-02-01,train
大众ID.3,2022-03-01,train
大众ID.3,2022-04-01,train
大众ID.3,2022-05-01,train
大众ID.3,2022-06-01,train
大众ID.3,2022-07-01,train
大众ID.3,2022-08-01,train
大众ID.3,2022-09-01,train
大众ID.3,2022-10-01,train
大众ID.3,2022-11-01,train
大众ID.3,2022-12-01,train
大众ID.3,2023-01-01,train
大众ID.3,2023-02-01,train
大众ID.3,2023-03-01,train
大众ID.3,2023-04-01,train
大众ID.3,2023-05-01,train
大众ID.3,2023-06-01,train
大众ID.3,2023-07-01,train
大众ID.3,2023-08-01,train
大众ID.3,2023-09-01,train
大众ID.3,2023-10-01,train
大众ID.3,2023-11-01,train
大众ID.3,2023-12-01,train
大众ID.3,2024-01-01,train
大众ID.3,2024-02-01,train
大众ID.3,2024-03-01,train
大众ID.3,2024-04-01,train
大众ID.3,2024-05-01,train
大众ID.3,2024-06-01,train
大众ID.3,2024-07-01,train
大众ID.3,2024-08-01,train
大众ID.3,2024-09-01,train
大众ID.3,2024-10-01,train
大众ID.3,2024-11-01,train
大众ID.3,2024-12-01,train
大众ID.3,2025-01-01,train
大众ID.3,2025-02-01,train
大众ID.3,2025-03-01,train
大众ID.3,2025-04-01,train
大众ID.3,2025-05-01,train
大众ID.3,2025-06-01,train
大众ID.3,2025-07-01,val
大众ID.3,2025-08-01,val
大众ID.3,2025-09-01,val
大众ID.3,2025-10-01,val
大众ID.3,2025-11-01,val
大众ID.3,2025-12-01,val
大众ID.3,2026-01-01,test
大众ID.3,2026-02-01,test
大众ID.3,2026-03-01,test
大众ID.3,2026-04-01,test
大众ID.3,2026-05-01,test
大众ID.3,2026-06-01,test
大家7,2022-01-01,train
大家7,2022-02-01,train
大家7,2022-03-01,train
大家7,2022-04-01,train
大家7,2022-05-01,train
大家7,2022-06-01,train
大家7,2022-07-01,train
大家7,2022-08-01,train
大家7,2022-09-01,train
大家7,2022-10-01,train
大家7,2022-11-01,train
大家7,2022-12-01,train
大家7,2023-01-01,train
大家7,2023-02-01,train
大家7,2023-03-01,train
大家7,2023-04-01,train
大家7,2023-05-01,train
大家7,2023-06-01,train
大家7,2023-07-01,train
大家7,2023-08-01,train
大家7,2023-09-01,train
大家7,2023-10-01,train
大家7,2023-11-01,train
大家7,2023-12-01,train
大家7,2024-01-01,train
大家7,2024-02-01,train
大家7,2024-03-01,train
大家7,2024-04-01,train
大家7,2024-05-01,train
大家7,2024-06-01,train
大家7,2024-07-01,train
大家7,2024-08-01,train
大家7,2024-09-01,train
大家7,2024-10-01,train
大家7,2024-11-01,train
大家7,2024-12-01,train
大家7,2025-01-01,train
大家7,2025-02-01,train
大家7,2025-03-01,train
大家7,2025-04-01,train
大家7,2025-05-01,train
大家7,2025-06-01,train
大家7,2025-07-01,val
大家7,2025-08-01,val
大家7,2025-09-01,val
大家7,2025-10-01,val
大家7,2025-11-01,val
大家7,2025-12-01,val
大家7,2026-01-01,test
大家7,2026-02-01,test
大家7,2026-03-01,test
大家7,2026-04-01,test
大家7,2026-05-01,test
大家7,2026-06-01,test
大家9,2022-01-01,train
大家9,2022-02-01,train
大家9,2022-03-01,train
大家9,2022-04-01,train
大家9,2022-05-01,train
大家9,2022-06-01,train
大家9,2022-07-01,train
大家9,2022-08-01,train
大家9,2022-09-01,train
大家9,2022-10-01,train
大家9,2022-11-01,train
大家9,2022-12-01,train
大家9,2023-01-01,train
大家9,2023-02-01,train
大家9,2023-03-01,train
大家9,2023-04-01,train
大家9,2023-05-01,train
大家9,2023-06-01,train
大家9,2023-07-01,train
大家9,2023-08-01,train
大家9,2023-09-01,train
大家9,2023-10-01,train
大家9,2023-11-01,train
大家9,2023-12-01,train
大家9,2024-01-01,train
大家9,2024-02-01,train
大家9,2024-03-01,train
大家9,2024-04-01,train
大家9,2024-05-01,train
大家9,2024-06-01,train
大家9,2024-07-01,train
大家9,2024-08-01,train
大家9,2024-09-01,train
大家9,2024-10-01,train
大家9,2024-11-01,train
大家9,2024-12-01,train
大家9,2025-01-01,train
大家9,2025-02-01,train
大家9,2025-03-01,train
大家9,2025-04-01,train
大家9,2025-05-01,train
大家9,2025-06-01,train
大家9,2025-07-01,val
大家9,2025-08-01,val
大家9,2025-09-01,val
大家9,2025-10-01,val
大家9,2025-11-01,val
大家9,2025-12-01,val
大家9,2026-01-01,test
大家9,2026-02-01,test
大家9,2026-03-01,test
大家9,2026-04-01,test
大家9,2026-05-01,test
大家9,2026-06-01,test
大通G10,2022-01-01,train
大通G10,2022-02-01,train
大通G10,2022-03-01,train
大通G10,2022-04-01,train
大通G10,2022-05-01,train
大通G10,2022-06-01,train
大通G10,2022-07-01,train
大通G10,2022-08-01,train
大通G10,2022-09-01,train
大通G10,2022-10-01,train
大通G10,2022-11-01,train
大通G10,2022-12-01,train
大通G10,2023-01-01,train
大通G10,2023-02-01,train
大通G10,2023-03-01,train
大通G10,2023-04-01,train
大通G10,2023-05-01,train
大通G10,2023-06-01,train
大通G10,2023-07-01,train
大通G10,2023-08-01,train
大通G10,2023-09-01,train
大通G10,2023-10-01,train
大通G10,2023-11-01,train
大通G10,2023-12-01,train
大通G10,2024-01-01,train
大通G10,2024-02-01,train
大通G10,2024-03-01,train
大通G10,2024-04-01,train
大通G10,2024-05-01,train
大通G10,2024-06-01,train
大通G10,2024-07-01,train
大通G10,2024-08-01,train
大通G10,2024-09-01,train
大通G10,2024-10-01,train
大通G10,2024-11-01,train
大通G10,2024-12-01,train
大通G10,2025-01-01,train
大通G10,2025-02-01,train
大通G10,2025-03-01,train
大通G10,2025-04-01,train
大通G10,2025-05-01,train
大通G10,2025-06-01,train
大通G10,2025-07-01,val
大通G10,2025-08-01,val
大通G10,2025-09-01,val
大通G10,2025-10-01,val
大通G10,2025-11-01,val
大通G10,2025-12-01,val
大通G10,2026-01-01,test
大通G10,2026-02-01,test
大通G10,2026-03-01,test
大通G10,2026-04-01,test
大通G10,2026-05-01,test
大通G10,2026-06-01,test
大通G50,2022-01-01,train
大通G50,2022-02-01,train
大通G50,2022-03-01,train
大通G50,2022-04-01,train
大通G50,2022-05-01,train
大通G50,2022-06-01,train
大通G50,2022-07-01,train
大通G50,2022-08-01,train
大通G50,2022-09-01,train
大通G50,2022-10-01,train
大通G50,2022-11-01,train
大通G50,2022-12-01,train
大通G50,2023-01-01,train
大通G50,2023-02-01,train
大通G50,2023-03-01,train
大通G50,2023-04-01,train
大通G50,2023-05-01,train
大通G50,2023-06-01,train
大通G50,2023-07-01,train
大通G50,2023-08-01,train
大通G50,2023-09-01,train
大通G50,2023-10-01,train
大通G50,2023-11-01,train
大通G50,2023-12-01,train
大通G50,2024-01-01,train
大通G50,2024-02-01,train
大通G50,2024-03-01,train
大通G50,2024-04-01,train
大通G50,2024-05-01,train
大通G50,2024-06-01,train
大通G50,2024-07-01,train
大通G50,2024-08-01,train
大通G50,2024-09-01,train
大通G50,2024-10-01,train
大通G50,2024-11-01,train
大通G50,2024-12-01,train
大通G50,2025-01-01,train
大通G50,2025-02-01,train
大通G50,2025-03-01,train
大通G50,2025-04-01,train
大通G50,2025-05-01,train
大通G50,2025-06-01,train
大通G50,2025-07-01,val
大通G50,2025-08-01,val
大通G50,2025-09-01,val
大通G50,2025-10-01,val
大通G50,2025-11-01,val
大通G50,2025-12-01,val
大通G50,2026-01-01,test
大通G50,2026-02-01,test
大通G50,2026-03-01,test
大通G50,2026-04-01,test
大通G50,2026-05-01,test
大通G50,2026-06-01,test
大通G70,2022-01-01,train
大通G70,2022-02-01,train
大通G70,2022-03-01,train
大通G70,2022-04-01,train
大通G70,2022-05-01,train
大通G70,2022-06-01,train
大通G70,2022-07-01,train
大通G70,2022-08-01,train
大通G70,2022-09-01,train
大通G70,2022-10-01,train
大通G70,2022-11-01,train
大通G70,2022-12-01,train
大通G70,2023-01-01,train
大通G70,2023-02-01,train
大通G70,2023-03-01,train
大通G70,2023-04-01,train
大通G70,2023-05-01,train
大通G70,2023-06-01,train
大通G70,2023-07-01,train
大通G70,2023-08-01,train
大通G70,2023-09-01,train
大通G70,2023-10-01,train
大通G70,2023-11-01,train
大通G70,2023-12-01,train
大通G70,2024-01-01,train
大通G70,2024-02-01,train
大通G70,2024-03-01,train
大通G70,2024-04-01,train
大通G70,2024-05-01,train
大通G70,2024-06-01,train
大通G70,2024-07-01,train
大通G70,2024-08-01,train
大通G70,2024-09-01,train
大通G70,2024-10-01,train
大通G70,2024-11-01,train
大通G70,2024-12-01,train
大通G70,2025-01-01,train
大通G70,2025-02-01,train
大通G70,2025-03-01,train
大通G70,2025-04-01,train
大通G70,2025-05-01,train
大通G70,2025-06-01,train
大通G70,2025-07-01,val
大通G70,2025-08-01,val
大通G70,2025-09-01,val
大通G70,2025-10-01,val
大通G70,2025-11-01,val
大通G70,2025-12-01,val
大通G70,2026-01-01,test
大通G70,2026-02-01,test
大通G70,2026-03-01,test
大通G70,2026-04-01,test
大通G70,2026-05-01,test
大通G70,2026-06-01,test
大通G90,2022-01-01,train
大通G90,2022-02-01,train
大通G90,2022-03-01,train
大通G90,2022-04-01,train
大通G90,2022-05-01,train
大通G90,2022-06-01,train
大通G90,2022-07-01,train
大通G90,2022-08-01,train
大通G90,2022-09-01,train
大通G90,2022-10-01,train
大通G90,2022-11-01,train
大通G90,2022-12-01,train
大通G90,2023-01-01,train
大通G90,2023-02-01,train
大通G90,2023-03-01,train
大通G90,2023-04-01,train
大通G90,2023-05-01,train
大通G90,2023-06-01,train
大通G90,2023-07-01,train
大通G90,2023-08-01,train
大通G90,2023-09-01,train
大通G90,2023-10-01,train
大通G90,2023-11-01,train
大通G90,2023-12-01,train
大通G90,2024-01-01,train
大通G90,2024-02-01,train
大通G90,2024-03-01,train
大通G90,2024-04-01,train
大通G90,2024-05-01,train
大通G90,2024-06-01,train
大通G90,2024-07-01,train
大通G90,2024-08-01,train
大通G90,2024-09-01,train
大通G90,2024-10-01,train
大通G90,2024-11-01,train
大通G90,2024-12-01,train
大通G90,2025-01-01,train
大通G90,2025-02-01,train
大通G90,2025-03-01,train
大通G90,2025-04-01,train
大通G90,2025-05-01,train
大通G90,2025-06-01,train
大通G90,2025-07-01,val
大通G90,2025-08-01,val
大通G90,2025-09-01,val
大通G90,2025-10-01,val
大通G90,2025-11-01,val
大通G90,2025-12-01,val
大通G90,2026-01-01,test
大通G90,2026-02-01,test
大通G90,2026-03-01,test
大通G90,2026-04-01,test
大通G90,2026-05-01,test
大通G90,2026-06-01,test
天籁,2022-01-01,train
天籁,2022-02-01,train
天籁,2022-03-01,train
天籁,2022-04-01,train
天籁,2022-05-01,train
天籁,2022-06-01,train
天籁,2022-07-01,train
天籁,2022-08-01,train
天籁,2022-09-01,train
天籁,2022-10-01,train
天籁,2022-11-01,train
天籁,2022-12-01,train
天籁,2023-01-01,train
天籁,2023-02-01,train
天籁,2023-03-01,train
天籁,2023-04-01,train
天籁,2023-05-01,train
天籁,2023-06-01,train
天籁,2023-07-01,train
天籁,2023-08-01,train
天籁,2023-09-01,train
天籁,2023-10-01,train
天籁,2023-11-01,train
天籁,2023-12-01,train
天籁,2024-01-01,train
天籁,2024-02-01,train
天籁,2024-03-01,train
天籁,2024-04-01,train
天籁,2024-05-01,train
天籁,2024-06-01,train
天籁,2024-07-01,train
天籁,2024-08-01,train
天籁,2024-09-01,train
天籁,2024-10-01,train
天籁,2024-11-01,train
天籁,2024-12-01,train
天籁,2025-01-01,train
天籁,2025-02-01,train
天籁,2025-03-01,train
天籁,2025-04-01,train
天籁,2025-05-01,train
天籁,2025-06-01,train
天籁,2025-07-01,val
天籁,2025-08-01,val
天籁,2025-09-01,val
天籁,2025-10-01,val
天籁,2025-11-01,val
天籁,2025-12-01,val
天籁,2026-01-01,test
天籁,2026-02-01,test
天籁,2026-03-01,test
天籁,2026-04-01,test
天籁,2026-05-01,test
天籁,2026-06-01,test
奇骏,2022-01-01,train
奇骏,2022-02-01,train
奇骏,2022-03-01,train
奇骏,2022-04-01,train
奇骏,2022-05-01,train
奇骏,2022-06-01,train
奇骏,2022-07-01,train
奇骏,2022-08-01,train
奇骏,2022-09-01,train
奇骏,2022-10-01,train
奇骏,2022-11-01,train
奇骏,2022-12-01,train
奇骏,2023-01-01,train
奇骏,2023-02-01,train
奇骏,2023-03-01,train
奇骏,2023-04-01,train
奇骏,2023-05-01,train
奇骏,2023-06-01,train
奇骏,2023-07-01,train
奇骏,2023-08-01,train
奇骏,2023-09-01,train
奇骏,2023-10-01,train
奇骏,2023-11-01,train
奇骏,2023-12-01,train
奇骏,2024-01-01,train
奇骏,2024-02-01,train
奇骏,2024-03-01,train
奇骏,2024-04-01,train
奇骏,2024-05-01,train
奇骏,2024-06-01,train
奇骏,2024-07-01,train
奇骏,2024-08-01,train
奇骏,2024-09-01,train
奇骏,2024-10-01,train
奇骏,2024-11-01,train
奇骏,2024-12-01,train
奇骏,2025-01-01,train
奇骏,2025-02-01,train
奇骏,2025-03-01,train
奇骏,2025-04-01,train
奇骏,2025-05-01,train
奇骏,2025-06-01,train
奇骏,2025-07-01,val
奇骏,2025-08-01,val
奇骏,2025-09-01,val
奇骏,2025-10-01,val
奇骏,2025-11-01,val
奇骏,2025-12-01,val
奇骏,2026-01-01,test
奇骏,2026-02-01,test
奇骏,2026-03-01,test
奇骏,2026-04-01,test
奇骏,2026-05-01,test
奇骏,2026-06-01,test
奔奔E-Star,2022-01-01,train
奔奔E-Star,2022-02-01,train
奔奔E-Star,2022-03-01,train
奔奔E-Star,2022-04-01,train
奔奔E-Star,2022-05-01,train
奔奔E-Star,2022-06-01,train
奔奔E-Star,2022-07-01,train
奔奔E-Star,2022-08-01,train
奔奔E-Star,2022-09-01,train
奔奔E-Star,2022-10-01,train
奔奔E-Star,2022-11-01,train
奔奔E-Star,2022-12-01,train
奔奔E-Star,2023-01-01,train
奔奔E-Star,2023-02-01,train
奔奔E-Star,2023-03-01,train
奔奔E-Star,2023-04-01,train
奔奔E-Star,2023-05-01,train
奔奔E-Star,2023-06-01,train
奔奔E-Star,2023-07-01,train
奔奔E-Star,2023-08-01,train
奔奔E-Star,2023-09-01,train
奔奔E-Star,2023-10-01,train
奔奔E-Star,2023-11-01,train
奔奔E-Star,2023-12-01,train
奔奔E-Star,2024-01-01,train
奔奔E-Star,2024-02-01,train
奔奔E-Star,2024-03-01,train
奔奔E-Star,2024-04-01,train
奔奔E-Star,2024-05-01,train
奔奔E-Star,2024-06-01,train
奔奔E-Star,2024-07-01,train
奔奔E-Star,2024-08-01,train
奔奔E-Star,2024-09-01,train
奔奔E-Star,2024-10-01,train
奔奔E-Star,2024-11-01,train
奔奔E-Star,2024-12-01,train
奔奔E-Star,2025-01-01,train
奔奔E-Star,2025-02-01,train
奔奔E-Star,2025-03-01,train
奔奔E-Star,2025-04-01,train
奔奔E-Star,2025-05-01,train
奔奔E-Star,2025-06-01,train
奔奔E-Star,2025-07-01,val
奔奔E-Star,2025-08-01,val
奔奔E-Star,2025-09-01,val
奔奔E-Star,2025-10-01,val
奔奔E-Star,2025-11-01,val
奔奔E-Star,2025-12-01,val
奔奔E-Star,2026-01-01,test
奔奔E-Star,2026-02-01,test
奔奔E-Star,2026-03-01,test
奔奔E-Star,2026-04-01,test
奔奔E-Star,2026-05-01,test
奔奔E-Star,2026-06-01,test
奔腾小马,2022-01-01,train
奔腾小马,2022-02-01,train
奔腾小马,2022-03-01,train
奔腾小马,2022-04-01,train
奔腾小马,2022-05-01,train
奔腾小马,2022-06-01,train
奔腾小马,2022-07-01,train
奔腾小马,2022-08-01,train
奔腾小马,2022-09-01,train
奔腾小马,2022-10-01,train
奔腾小马,2022-11-01,train
奔腾小马,2022-12-01,train
奔腾小马,2023-01-01,train
奔腾小马,2023-02-01,train
奔腾小马,2023-03-01,train
奔腾小马,2023-04-01,train
奔腾小马,2023-05-01,train
奔腾小马,2023-06-01,train
奔腾小马,2023-07-01,train
奔腾小马,2023-08-01,train
奔腾小马,2023-09-01,train
奔腾小马,2023-10-01,train
奔腾小马,2023-11-01,train
奔腾小马,2023-12-01,train
奔腾小马,2024-01-01,train
奔腾小马,2024-02-01,train
奔腾小马,2024-03-01,train
奔腾小马,2024-04-01,train
奔腾小马,2024-05-01,train
奔腾小马,2024-06-01,train
奔腾小马,2024-07-01,train
奔腾小马,2024-08-01,train
奔腾小马,2024-09-01,train
奔腾小马,2024-10-01,train
奔腾小马,2024-11-01,train
奔腾小马,2024-12-01,train
奔腾小马,2025-01-01,train
奔腾小马,2025-02-01,train
奔腾小马,2025-03-01,train
奔腾小马,2025-04-01,train
奔腾小马,2025-05-01,train
奔腾小马,2025-06-01,train
奔腾小马,2025-07-01,val
奔腾小马,2025-08-01,val
奔腾小马,2025-09-01,val
奔腾小马,2025-10-01,val
奔腾小马,2025-11-01,val
奔腾小马,2025-12-01,val
奔腾小马,2026-01-01,test
奔腾小马,2026-02-01,test
奔腾小马,2026-03-01,test
奔腾小马,2026-04-01,test
奔腾小马,2026-05-01,test
奔腾小马,2026-06-01,test
奔驰A级,2022-01-01,train
奔驰A级,2022-02-01,train
奔驰A级,2022-03-01,train
奔驰A级,2022-04-01,train
奔驰A级,2022-05-01,train
奔驰A级,2022-06-01,train
奔驰A级,2022-07-01,train
奔驰A级,2022-08-01,train
奔驰A级,2022-09-01,train
奔驰A级,2022-10-01,train
奔驰A级,2022-11-01,train
奔驰A级,2022-12-01,train
奔驰A级,2023-01-01,train
奔驰A级,2023-02-01,train
奔驰A级,2023-03-01,train
奔驰A级,2023-04-01,train
奔驰A级,2023-05-01,train
奔驰A级,2023-06-01,train
奔驰A级,2023-07-01,train
奔驰A级,2023-08-01,train
奔驰A级,2023-09-01,train
奔驰A级,2023-10-01,train
奔驰A级,2023-11-01,train
奔驰A级,2023-12-01,train
奔驰A级,2024-01-01,train
奔驰A级,2024-02-01,train
奔驰A级,2024-03-01,train
奔驰A级,2024-04-01,train
奔驰A级,2024-05-01,train
奔驰A级,2024-06-01,train
奔驰A级,2024-07-01,train
奔驰A级,2024-08-01,train
奔驰A级,2024-09-01,train
奔驰A级,2024-10-01,train
奔驰A级,2024-11-01,train
奔驰A级,2024-12-01,train
奔驰A级,2025-01-01,train
奔驰A级,2025-02-01,train
奔驰A级,2025-03-01,train
奔驰A级,2025-04-01,train
奔驰A级,2025-05-01,train
奔驰A级,2025-06-01,train
奔驰A级,2025-07-01,val
奔驰A级,2025-08-01,val
奔驰A级,2025-09-01,val
奔驰A级,2025-10-01,val
奔驰A级,2025-11-01,val
奔驰A级,2025-12-01,val
奔驰A级,2026-01-01,test
奔驰A级,2026-02-01,test
奔驰A级,2026-03-01,test
奔驰A级,2026-04-01,test
奔驰A级,2026-05-01,test
奔驰A级,2026-06-01,test
奔驰C级,2022-01-01,train
奔驰C级,2022-02-01,train
奔驰C级,2022-03-01,train
奔驰C级,2022-04-01,train
奔驰C级,2022-05-01,train
奔驰C级,2022-06-01,train
奔驰C级,2022-07-01,train
奔驰C级,2022-08-01,train
奔驰C级,2022-09-01,train
奔驰C级,2022-10-01,train
奔驰C级,2022-11-01,train
奔驰C级,2022-12-01,train
奔驰C级,2023-01-01,train
奔驰C级,2023-02-01,train
奔驰C级,2023-03-01,train
奔驰C级,2023-04-01,train
奔驰C级,2023-05-01,train
奔驰C级,2023-06-01,train
奔驰C级,2023-07-01,train
奔驰C级,2023-08-01,train
奔驰C级,2023-09-01,train
奔驰C级,2023-10-01,train
奔驰C级,2023-11-01,train
奔驰C级,2023-12-01,train
奔驰C级,2024-01-01,train
奔驰C级,2024-02-01,train
奔驰C级,2024-03-01,train
奔驰C级,2024-04-01,train
奔驰C级,2024-05-01,train
奔驰C级,2024-06-01,train
奔驰C级,2024-07-01,train
奔驰C级,2024-08-01,train
奔驰C级,2024-09-01,train
奔驰C级,2024-10-01,train
奔驰C级,2024-11-01,train
奔驰C级,2024-12-01,train
奔驰C级,2025-01-01,train
奔驰C级,2025-02-01,train
奔驰C级,2025-03-01,train
奔驰C级,2025-04-01,train
奔驰C级,2025-05-01,train
奔驰C级,2025-06-01,train
奔驰C级,2025-07-01,val
奔驰C级,2025-08-01,val
奔驰C级,2025-09-01,val
奔驰C级,2025-10-01,val
奔驰C级,2025-11-01,val
奔驰C级,2025-12-01,val
奔驰C级,2026-01-01,test
奔驰C级,2026-02-01,test
奔驰C级,2026-03-01,test
奔驰C级,2026-04-01,test
奔驰C级,2026-05-01,test
奔驰C级,2026-06-01,test
奔驰E级,2022-01-01,train
奔驰E级,2022-02-01,train
奔驰E级,2022-03-01,train
奔驰E级,2022-04-01,train
奔驰E级,2022-05-01,train
奔驰E级,2022-06-01,train
奔驰E级,2022-07-01,train
奔驰E级,2022-08-01,train
奔驰E级,2022-09-01,train
奔驰E级,2022-10-01,train
奔驰E级,2022-11-01,train
奔驰E级,2022-12-01,train
奔驰E级,2023-01-01,train
奔驰E级,2023-02-01,train
奔驰E级,2023-03-01,train
奔驰E级,2023-04-01,train
奔驰E级,2023-05-01,train
奔驰E级,2023-06-01,train
奔驰E级,2023-07-01,train
奔驰E级,2023-08-01,train
奔驰E级,2023-09-01,train
奔驰E级,2023-10-01,train
奔驰E级,2023-11-01,train
奔驰E级,2023-12-01,train
奔驰E级,2024-01-01,train
奔驰E级,2024-02-01,train
奔驰E级,2024-03-01,train
奔驰E级,2024-04-01,train
奔驰E级,2024-05-01,train
奔驰E级,2024-06-01,train
奔驰E级,2024-07-01,train
奔驰E级,2024-08-01,train
奔驰E级,2024-09-01,train
奔驰E级,2024-10-01,train
奔驰E级,2024-11-01,train
奔驰E级,2024-12-01,train
奔驰E级,2025-01-01,train
奔驰E级,2025-02-01,train
奔驰E级,2025-03-01,train
奔驰E级,2025-04-01,train
奔驰E级,2025-05-01,train
奔驰E级,2025-06-01,train
奔驰E级,2025-07-01,val
奔驰E级,2025-08-01,val
奔驰E级,2025-09-01,val
奔驰E级,2025-10-01,val
奔驰E级,2025-11-01,val
奔驰E级,2025-12-01,val
奔驰E级,2026-01-01,test
奔驰E级,2026-02-01,test
奔驰E级,2026-03-01,test
奔驰E级,2026-04-01,test
奔驰E级,2026-05-01,test
奔驰E级,2026-06-01,test
奔驰GLB,2022-01-01,train
奔驰GLB,2022-02-01,train
奔驰GLB,2022-03-01,train
奔驰GLB,2022-04-01,train
奔驰GLB,2022-05-01,train
奔驰GLB,2022-06-01,train
奔驰GLB,2022-07-01,train
奔驰GLB,2022-08-01,train
奔驰GLB,2022-09-01,train
奔驰GLB,2022-10-01,train
奔驰GLB,2022-11-01,train
奔驰GLB,2022-12-01,train
奔驰GLB,2023-01-01,train
奔驰GLB,2023-02-01,train
奔驰GLB,2023-03-01,train
奔驰GLB,2023-04-01,train
奔驰GLB,2023-05-01,train
奔驰GLB,2023-06-01,train
奔驰GLB,2023-07-01,train
奔驰GLB,2023-08-01,train
奔驰GLB,2023-09-01,train
奔驰GLB,2023-10-01,train
奔驰GLB,2023-11-01,train
奔驰GLB,2023-12-01,train
奔驰GLB,2024-01-01,train
奔驰GLB,2024-02-01,train
奔驰GLB,2024-03-01,train
奔驰GLB,2024-04-01,train
奔驰GLB,2024-05-01,train
奔驰GLB,2024-06-01,train
奔驰GLB,2024-07-01,train
奔驰GLB,2024-08-01,train
奔驰GLB,2024-09-01,train
奔驰GLB,2024-10-01,train
奔驰GLB,2024-11-01,train
奔驰GLB,2024-12-01,train
奔驰GLB,2025-01-01,train
奔驰GLB,2025-02-01,train
奔驰GLB,2025-03-01,train
奔驰GLB,2025-04-01,train
奔驰GLB,2025-05-01,train
奔驰GLB,2025-06-01,train
奔驰GLB,2025-07-01,val
奔驰GLB,2025-08-01,val
奔驰GLB,2025-09-01,val
奔驰GLB,2025-10-01,val
奔驰GLB,2025-11-01,val
奔驰GLB,2025-12-01,val
奔驰GLB,2026-01-01,test
奔驰GLB,2026-02-01,test
奔驰GLB,2026-03-01,test
奔驰GLB,2026-04-01,test
奔驰GLB,2026-05-01,test
奔驰GLB,2026-06-01,test
奔驰GLC,2022-01-01,train
奔驰GLC,2022-02-01,train
奔驰GLC,2022-03-01,train
奔驰GLC,2022-04-01,train
奔驰GLC,2022-05-01,train
奔驰GLC,2022-06-01,train
奔驰GLC,2022-07-01,train
奔驰GLC,2022-08-01,train
奔驰GLC,2022-09-01,train
奔驰GLC,2022-10-01,train
奔驰GLC,2022-11-01,train
奔驰GLC,2022-12-01,train
奔驰GLC,2023-01-01,train
奔驰GLC,2023-02-01,train
奔驰GLC,2023-03-01,train
奔驰GLC,2023-04-01,train
奔驰GLC,2023-05-01,train
奔驰GLC,2023-06-01,train
奔驰GLC,2023-07-01,train
奔驰GLC,2023-08-01,train
奔驰GLC,2023-09-01,train
奔驰GLC,2023-10-01,train
奔驰GLC,2023-11-01,train
奔驰GLC,2023-12-01,train
奔驰GLC,2024-01-01,train
奔驰GLC,2024-02-01,train
奔驰GLC,2024-03-01,train
奔驰GLC,2024-04-01,train
奔驰GLC,2024-05-01,train
奔驰GLC,2024-06-01,train
奔驰GLC,2024-07-01,train
奔驰GLC,2024-08-01,train
奔驰GLC,2024-09-01,train
奔驰GLC,2024-10-01,train
奔驰GLC,2024-11-01,train
奔驰GLC,2024-12-01,train
奔驰GLC,2025-01-01,train
奔驰GLC,2025-02-01,train
奔驰GLC,2025-03-01,train
奔驰GLC,2025-04-01,train
奔驰GLC,2025-05-01,train
奔驰GLC,2025-06-01,train
奔驰GLC,2025-07-01,val
奔驰GLC,2025-08-01,val
奔驰GLC,2025-09-01,val
奔驰GLC,2025-10-01,val
奔驰GLC,2025-11-01,val
奔驰GLC,2025-12-01,val
奔驰GLC,2026-01-01,test
奔驰GLC,2026-02-01,test
奔驰GLC,2026-03-01,test
奔驰GLC,2026-04-01,test
奔驰GLC,2026-05-01,test
奔驰GLC,2026-06-01,test
奔驰V级,2022-01-01,train
奔驰V级,2022-02-01,train
奔驰V级,2022-03-01,train
奔驰V级,2022-04-01,train
奔驰V级,2022-05-01,train
奔驰V级,2022-06-01,train
奔驰V级,2022-07-01,train
奔驰V级,2022-08-01,train
奔驰V级,2022-09-01,train
奔驰V级,2022-10-01,train
奔驰V级,2022-11-01,train
奔驰V级,2022-12-01,train
奔驰V级,2023-01-01,train
奔驰V级,2023-02-01,train
奔驰V级,2023-03-01,train
奔驰V级,2023-04-01,train
奔驰V级,2023-05-01,train
奔驰V级,2023-06-01,train
奔驰V级,2023-07-01,train
奔驰V级,2023-08-01,train
奔驰V级,2023-09-01,train
奔驰V级,2023-10-01,train
奔驰V级,2023-11-01,train
奔驰V级,2023-12-01,train
奔驰V级,2024-01-01,train
奔驰V级,2024-02-01,train
奔驰V级,2024-03-01,train
奔驰V级,2024-04-01,train
奔驰V级,2024-05-01,train
奔驰V级,2024-06-01,train
奔驰V级,2024-07-01,train
奔驰V级,2024-08-01,train
奔驰V级,2024-09-01,train
奔驰V级,2024-10-01,train
奔驰V级,2024-11-01,train
奔驰V级,2024-12-01,train
奔驰V级,2025-01-01,train
奔驰V级,2025-02-01,train
奔驰V级,2025-03-01,train
奔驰V级,2025-04-01,train
奔驰V级,2025-05-01,train
奔驰V级,2025-06-01,train
奔驰V级,2025-07-01,val
奔驰V级,2025-08-01,val
奔驰V级,2025-09-01,val
奔驰V级,2025-10-01,val
奔驰V级,2025-11-01,val
奔驰V级,2025-12-01,val
奔驰V级,2026-01-01,test
奔驰V级,2026-02-01,test
奔驰V级,2026-03-01,test
奔驰V级,2026-04-01,test
奔驰V级,2026-05-01,test
奔驰V级,2026-06-01,test
奕炫,2022-01-01,train
奕炫,2022-02-01,train
奕炫,2022-03-01,train
奕炫,2022-04-01,train
奕炫,2022-05-01,train
奕炫,2022-06-01,train
奕炫,2022-07-01,train
奕炫,2022-08-01,train
奕炫,2022-09-01,train
奕炫,2022-10-01,train
奕炫,2022-11-01,train
奕炫,2022-12-01,train
奕炫,2023-01-01,train
奕炫,2023-02-01,train
奕炫,2023-03-01,train
奕炫,2023-04-01,train
奕炫,2023-05-01,train
奕炫,2023-06-01,train
奕炫,2023-07-01,train
奕炫,2023-08-01,train
奕炫,2023-09-01,train
奕炫,2023-10-01,train
奕炫,2023-11-01,train
奕炫,2023-12-01,train
奕炫,2024-01-01,train
奕炫,2024-02-01,train
奕炫,2024-03-01,train
奕炫,2024-04-01,train
奕炫,2024-05-01,train
奕炫,2024-06-01,train
奕炫,2024-07-01,train
奕炫,2024-08-01,train
奕炫,2024-09-01,train
奕炫,2024-10-01,train
奕炫,2024-11-01,train
奕炫,2024-12-01,train
奕炫,2025-01-01,train
奕炫,2025-02-01,train
奕炫,2025-03-01,train
奕炫,2025-04-01,train
奕炫,2025-05-01,train
奕炫,2025-06-01,train
奕炫,2025-07-01,val
奕炫,2025-08-01,val
奕炫,2025-09-01,val
奕炫,2025-10-01,val
奕炫,2025-11-01,val
奕炫,2025-12-01,val
奕炫,2026-01-01,test
奕炫,2026-02-01,test
奕炫,2026-03-01,test
奕炫,2026-04-01,test
奕炫,2026-05-01,test
奕炫,2026-06-01,test
奕跑,2022-01-01,train
奕跑,2022-02-01,train
奕跑,2022-03-01,train
奕跑,2022-04-01,train
奕跑,2022-05-01,train
奕跑,2022-06-01,train
奕跑,2022-07-01,train
奕跑,2022-08-01,train
奕跑,2022-09-01,train
奕跑,2022-10-01,train
奕跑,2022-11-01,train
奕跑,2022-12-01,train
奕跑,2023-01-01,train
奕跑,2023-02-01,train
奕跑,2023-03-01,train
奕跑,2023-04-01,train
奕跑,2023-05-01,train
奕跑,2023-06-01,train
奕跑,2023-07-01,train
奕跑,2023-08-01,train
奕跑,2023-09-01,train
奕跑,2023-10-01,train
奕跑,2023-11-01,train
奕跑,2023-12-01,train
奕跑,2024-01-01,train
奕跑,2024-02-01,train
奕跑,2024-03-01,train
奕跑,2024-04-01,train
奕跑,2024-05-01,train
奕跑,2024-06-01,train
奕跑,2024-07-01,train
奕跑,2024-08-01,train
奕跑,2024-09-01,train
奕跑,2024-10-01,train
奕跑,2024-11-01,train
奕跑,2024-12-01,train
奕跑,2025-01-01,train
奕跑,2025-02-01,train
奕跑,2025-03-01,train
奕跑,2025-04-01,train
奕跑,2025-05-01,train
奕跑,2025-06-01,train
奕跑,2025-07-01,val
奕跑,2025-08-01,val
奕跑,2025-09-01,val
奕跑,2025-10-01,val
奕跑,2025-11-01,val
奕跑,2025-12-01,val
奕跑,2026-01-01,test
奕跑,2026-02-01,test
奕跑,2026-03-01,test
奕跑,2026-04-01,test
奕跑,2026-05-01,test
奕跑,2026-06-01,test
奥德赛,2022-01-01,train
奥德赛,2022-02-01,train
奥德赛,2022-03-01,train
奥德赛,2022-04-01,train
奥德赛,2022-05-01,train
奥德赛,2022-06-01,train
奥德赛,2022-07-01,train
奥德赛,2022-08-01,train
奥德赛,2022-09-01,train
奥德赛,2022-10-01,train
奥德赛,2022-11-01,train
奥德赛,2022-12-01,train
奥德赛,2023-01-01,train
奥德赛,2023-02-01,train
奥德赛,2023-03-01,train
奥德赛,2023-04-01,train
奥德赛,2023-05-01,train
奥德赛,2023-06-01,train
奥德赛,2023-07-01,train
奥德赛,2023-08-01,train
奥德赛,2023-09-01,train
奥德赛,2023-10-01,train
奥德赛,2023-11-01,train
奥德赛,2023-12-01,train
奥德赛,2024-01-01,train
奥德赛,2024-02-01,train
奥德赛,2024-03-01,train
奥德赛,2024-04-01,train
奥德赛,2024-05-01,train
奥德赛,2024-06-01,train
奥德赛,2024-07-01,train
奥德赛,2024-08-01,train
奥德赛,2024-09-01,train
奥德赛,2024-10-01,train
奥德赛,2024-11-01,train
奥德赛,2024-12-01,train
奥德赛,2025-01-01,train
奥德赛,2025-02-01,train
奥德赛,2025-03-01,train
奥德赛,2025-04-01,train
奥德赛,2025-05-01,train
奥德赛,2025-06-01,train
奥德赛,2025-07-01,val
奥德赛,2025-08-01,val
奥德赛,2025-09-01,val
奥德赛,2025-10-01,val
奥德赛,2025-11-01,val
奥德赛,2025-12-01,val
奥德赛,2026-01-01,test
奥德赛,2026-02-01,test
奥德赛,2026-03-01,test
奥德赛,2026-04-01,test
奥德赛,2026-05-01,test
奥德赛,2026-06-01,test
奥迪A3,2022-01-01,train
奥迪A3,2022-02-01,train
奥迪A3,2022-03-01,train
奥迪A3,2022-04-01,train
奥迪A3,2022-05-01,train
奥迪A3,2022-06-01,train
奥迪A3,2022-07-01,train
奥迪A3,2022-08-01,train
奥迪A3,2022-09-01,train
奥迪A3,2022-10-01,train
奥迪A3,2022-11-01,train
奥迪A3,2022-12-01,train
奥迪A3,2023-01-01,train
奥迪A3,2023-02-01,train
奥迪A3,2023-03-01,train
奥迪A3,2023-04-01,train
奥迪A3,2023-05-01,train
奥迪A3,2023-06-01,train
奥迪A3,2023-07-01,train
奥迪A3,2023-08-01,train
奥迪A3,2023-09-01,train
奥迪A3,2023-10-01,train
奥迪A3,2023-11-01,train
奥迪A3,2023-12-01,train
奥迪A3,2024-01-01,train
奥迪A3,2024-02-01,train
奥迪A3,2024-03-01,train
奥迪A3,2024-04-01,train
奥迪A3,2024-05-01,train
奥迪A3,2024-06-01,train
奥迪A3,2024-07-01,train
奥迪A3,2024-08-01,train
奥迪A3,2024-09-01,train
奥迪A3,2024-10-01,train
奥迪A3,2024-11-01,train
奥迪A3,2024-12-01,train
奥迪A3,2025-01-01,train
奥迪A3,2025-02-01,train
奥迪A3,2025-03-01,train
奥迪A3,2025-04-01,train
奥迪A3,2025-05-01,train
奥迪A3,2025-06-01,train
奥迪A3,2025-07-01,val
奥迪A3,2025-08-01,val
奥迪A3,2025-09-01,val
奥迪A3,2025-10-01,val
奥迪A3,2025-11-01,val
奥迪A3,2025-12-01,val
奥迪A3,2026-01-01,test
奥迪A3,2026-02-01,test
奥迪A3,2026-03-01,test
奥迪A3,2026-04-01,test
奥迪A3,2026-05-01,test
奥迪A3,2026-06-01,test
奥迪A4L,2022-01-01,train
奥迪A4L,2022-02-01,train
奥迪A4L,2022-03-01,train
奥迪A4L,2022-04-01,train
奥迪A4L,2022-05-01,train
奥迪A4L,2022-06-01,train
奥迪A4L,2022-07-01,train
奥迪A4L,2022-08-01,train
奥迪A4L,2022-09-01,train
奥迪A4L,2022-10-01,train
奥迪A4L,2022-11-01,train
奥迪A4L,2022-12-01,train
奥迪A4L,2023-01-01,train
奥迪A4L,2023-02-01,train
奥迪A4L,2023-03-01,train
奥迪A4L,2023-04-01,train
奥迪A4L,2023-05-01,train
奥迪A4L,2023-06-01,train
奥迪A4L,2023-07-01,train
奥迪A4L,2023-08-01,train
奥迪A4L,2023-09-01,train
奥迪A4L,2023-10-01,train
奥迪A4L,2023-11-01,train
奥迪A4L,2023-12-01,train
奥迪A4L,2024-01-01,train
奥迪A4L,2024-02-01,train
奥迪A4L,2024-03-01,train
奥迪A4L,2024-04-01,train
奥迪A4L,2024-05-01,train
奥迪A4L,2024-06-01,train
奥迪A4L,2024-07-01,train
奥迪A4L,2024-08-01,train
奥迪A4L,2024-09-01,train
奥迪A4L,2024-10-01,train
奥迪A4L,2024-11-01,train
奥迪A4L,2024-12-01,train
奥迪A4L,2025-01-01,train
奥迪A4L,2025-02-01,train
奥迪A4L,2025-03-01,train
奥迪A4L,2025-04-01,train
奥迪A4L,2025-05-01,train
奥迪A4L,2025-06-01,train
奥迪A4L,2025-07-01,val
奥迪A4L,2025-08-01,val
奥迪A4L,2025-09-01,val
奥迪A4L,2025-10-01,val
奥迪A4L,2025-11-01,val
奥迪A4L,2025-12-01,val
奥迪A4L,2026-01-01,test
奥迪A4L,2026-02-01,test
奥迪A4L,2026-03-01,test
奥迪A4L,2026-04-01,test
奥迪A4L,2026-05-01,test
奥迪A4L,2026-06-01,test
奥迪A5L,2022-01-01,train
奥迪A5L,2022-02-01,train
奥迪A5L,2022-03-01,train
奥迪A5L,2022-04-01,train
奥迪A5L,2022-05-01,train
奥迪A5L,2022-06-01,train
奥迪A5L,2022-07-01,train
奥迪A5L,2022-08-01,train
奥迪A5L,2022-09-01,train
奥迪A5L,2022-10-01,train
奥迪A5L,2022-11-01,train
奥迪A5L,2022-12-01,train
奥迪A5L,2023-01-01,train
奥迪A5L,2023-02-01,train
奥迪A5L,2023-03-01,train
奥迪A5L,2023-04-01,train
奥迪A5L,2023-05-01,train
奥迪A5L,2023-06-01,train
奥迪A5L,2023-07-01,train
奥迪A5L,2023-08-01,train
奥迪A5L,2023-09-01,train
奥迪A5L,2023-10-01,train
奥迪A5L,2023-11-01,train
奥迪A5L,2023-12-01,train
奥迪A5L,2024-01-01,train
奥迪A5L,2024-02-01,train
奥迪A5L,2024-03-01,train
奥迪A5L,2024-04-01,train
奥迪A5L,2024-05-01,train
奥迪A5L,2024-06-01,train
奥迪A5L,2024-07-01,train
奥迪A5L,2024-08-01,train
奥迪A5L,2024-09-01,train
奥迪A5L,2024-10-01,train
奥迪A5L,2024-11-01,train
奥迪A5L,2024-12-01,train
奥迪A5L,2025-01-01,train
奥迪A5L,2025-02-01,train
奥迪A5L,2025-03-01,train
奥迪A5L,2025-04-01,train
奥迪A5L,2025-05-01,train
奥迪A5L,2025-06-01,train
奥迪A5L,2025-07-01,val
奥迪A5L,2025-08-01,val
奥迪A5L,2025-09-01,val
奥迪A5L,2025-10-01,val
奥迪A5L,2025-11-01,val
奥迪A5L,2025-12-01,val
奥迪A5L,2026-01-01,test
奥迪A5L,2026-02-01,test
奥迪A5L,2026-03-01,test
奥迪A5L,2026-04-01,test
奥迪A5L,2026-05-01,test
奥迪A5L,2026-06-01,test
奥迪A5L Sportback,2022-01-01,train
奥迪A5L Sportback,2022-02-01,train
奥迪A5L Sportback,2022-03-01,train
奥迪A5L Sportback,2022-04-01,train
奥迪A5L Sportback,2022-05-01,train
奥迪A5L Sportback,2022-06-01,train
奥迪A5L Sportback,2022-07-01,train
奥迪A5L Sportback,2022-08-01,train
奥迪A5L Sportback,2022-09-01,train
奥迪A5L Sportback,2022-10-01,train
奥迪A5L Sportback,2022-11-01,train
奥迪A5L Sportback,2022-12-01,train
奥迪A5L Sportback,2023-01-01,train
奥迪A5L Sportback,2023-02-01,train
奥迪A5L Sportback,2023-03-01,train
奥迪A5L Sportback,2023-04-01,train
奥迪A5L Sportback,2023-05-01,train
奥迪A5L Sportback,2023-06-01,train
奥迪A5L Sportback,2023-07-01,train
奥迪A5L Sportback,2023-08-01,train
奥迪A5L Sportback,2023-09-01,train
奥迪A5L Sportback,2023-10-01,train
奥迪A5L Sportback,2023-11-01,train
奥迪A5L Sportback,2023-12-01,train
奥迪A5L Sportback,2024-01-01,train
奥迪A5L Sportback,2024-02-01,train
奥迪A5L Sportback,2024-03-01,train
奥迪A5L Sportback,2024-04-01,train
奥迪A5L Sportback,2024-05-01,train
奥迪A5L Sportback,2024-06-01,train
奥迪A5L Sportback,2024-07-01,train
奥迪A5L Sportback,2024-08-01,train
奥迪A5L Sportback,2024-09-01,train
奥迪A5L Sportback,2024-10-01,train
奥迪A5L Sportback,2024-11-01,train
奥迪A5L Sportback,2024-12-01,train
奥迪A5L Sportback,2025-01-01,train
奥迪A5L Sportback,2025-02-01,train
奥迪A5L Sportback,2025-03-01,train
奥迪A5L Sportback,2025-04-01,train
奥迪A5L Sportback,2025-05-01,train
奥迪A5L Sportback,2025-06-01,train
奥迪A5L Sportback,2025-07-01,val
奥迪A5L Sportback,2025-08-01,val
奥迪A5L Sportback,2025-09-01,val
奥迪A5L Sportback,2025-10-01,val
奥迪A5L Sportback,2025-11-01,val
奥迪A5L Sportback,2025-12-01,val
奥迪A5L Sportback,2026-01-01,test
奥迪A5L Sportback,2026-02-01,test
奥迪A5L Sportback,2026-03-01,test
奥迪A5L Sportback,2026-04-01,test
奥迪A5L Sportback,2026-05-01,test
奥迪A5L Sportback,2026-06-01,test
奥迪A6L,2022-01-01,train
奥迪A6L,2022-02-01,train
奥迪A6L,2022-03-01,train
奥迪A6L,2022-04-01,train
奥迪A6L,2022-05-01,train
奥迪A6L,2022-06-01,train
奥迪A6L,2022-07-01,train
奥迪A6L,2022-08-01,train
奥迪A6L,2022-09-01,train
奥迪A6L,2022-10-01,train
奥迪A6L,2022-11-01,train
奥迪A6L,2022-12-01,train
奥迪A6L,2023-01-01,train
奥迪A6L,2023-02-01,train
奥迪A6L,2023-03-01,train
奥迪A6L,2023-04-01,train
奥迪A6L,2023-05-01,train
奥迪A6L,2023-06-01,train
奥迪A6L,2023-07-01,train
奥迪A6L,2023-08-01,train
奥迪A6L,2023-09-01,train
奥迪A6L,2023-10-01,train
奥迪A6L,2023-11-01,train
奥迪A6L,2023-12-01,train
奥迪A6L,2024-01-01,train
奥迪A6L,2024-02-01,train
奥迪A6L,2024-03-01,train
奥迪A6L,2024-04-01,train
奥迪A6L,2024-05-01,train
奥迪A6L,2024-06-01,train
奥迪A6L,2024-07-01,train
奥迪A6L,2024-08-01,train
奥迪A6L,2024-09-01,train
奥迪A6L,2024-10-01,train
奥迪A6L,2024-11-01,train
奥迪A6L,2024-12-01,train
奥迪A6L,2025-01-01,train
奥迪A6L,2025-02-01,train
奥迪A6L,2025-03-01,train
奥迪A6L,2025-04-01,train
奥迪A6L,2025-05-01,train
奥迪A6L,2025-06-01,train
奥迪A6L,2025-07-01,val
奥迪A6L,2025-08-01,val
奥迪A6L,2025-09-01,val
奥迪A6L,2025-10-01,val
奥迪A6L,2025-11-01,val
奥迪A6L,2025-12-01,val
奥迪A6L,2026-01-01,test
奥迪A6L,2026-02-01,test
奥迪A6L,2026-03-01,test
奥迪A6L,2026-04-01,test
奥迪A6L,2026-05-01,test
奥迪A6L,2026-06-01,test
奥迪A6L e-tron,2022-01-01,train
奥迪A6L e-tron,2022-02-01,train
奥迪A6L e-tron,2022-03-01,train
奥迪A6L e-tron,2022-04-01,train
奥迪A6L e-tron,2022-05-01,train
奥迪A6L e-tron,2022-06-01,train
奥迪A6L e-tron,2022-07-01,train
奥迪A6L e-tron,2022-08-01,train
奥迪A6L e-tron,2022-09-01,train
奥迪A6L e-tron,2022-10-01,train
奥迪A6L e-tron,2022-11-01,train
奥迪A6L e-tron,2022-12-01,train
奥迪A6L e-tron,2023-01-01,train
奥迪A6L e-tron,2023-02-01,train
奥迪A6L e-tron,2023-03-01,train
奥迪A6L e-tron,2023-04-01,train
奥迪A6L e-tron,2023-05-01,train
奥迪A6L e-tron,2023-06-01,train
奥迪A6L e-tron,2023-07-01,train
奥迪A6L e-tron,2023-08-01,train
奥迪A6L e-tron,2023-09-01,train
奥迪A6L e-tron,2023-10-01,train
奥迪A6L e-tron,2023-11-01,train
奥迪A6L e-tron,2023-12-01,train
奥迪A6L e-tron,2024-01-01,train
奥迪A6L e-tron,2024-02-01,train
奥迪A6L e-tron,2024-03-01,train
奥迪A6L e-tron,2024-04-01,train
奥迪A6L e-tron,2024-05-01,train
奥迪A6L e-tron,2024-06-01,train
奥迪A6L e-tron,2024-07-01,train
奥迪A6L e-tron,2024-08-01,train
奥迪A6L e-tron,2024-09-01,train
奥迪A6L e-tron,2024-10-01,train
奥迪A6L e-tron,2024-11-01,train
奥迪A6L e-tron,2024-12-01,train
奥迪A6L e-tron,2025-01-01,train
奥迪A6L e-tron,2025-02-01,train
奥迪A6L e-tron,2025-03-01,train
奥迪A6L e-tron,2025-04-01,train
奥迪A6L e-tron,2025-05-01,train
奥迪A6L e-tron,2025-06-01,train
奥迪A6L e-tron,2025-07-01,val
奥迪A6L e-tron,2025-08-01,val
奥迪A6L e-tron,2025-09-01,val
奥迪A6L e-tron,2025-10-01,val
奥迪A6L e-tron,2025-11-01,val
奥迪A6L e-tron,2025-12-01,val
奥迪A6L e-tron,2026-01-01,test
奥迪A6L e-tron,2026-02-01,test
奥迪A6L e-tron,2026-03-01,test
奥迪A6L e-tron,2026-04-01,test
奥迪A6L e-tron,2026-05-01,test
奥迪A6L e-tron,2026-06-01,test
奥迪A7L,2022-01-01,train
奥迪A7L,2022-02-01,train
奥迪A7L,2022-03-01,train
奥迪A7L,2022-04-01,train
奥迪A7L,2022-05-01,train
奥迪A7L,2022-06-01,train
奥迪A7L,2022-07-01,train
奥迪A7L,2022-08-01,train
奥迪A7L,2022-09-01,train
奥迪A7L,2022-10-01,train
奥迪A7L,2022-11-01,train
奥迪A7L,2022-12-01,train
奥迪A7L,2023-01-01,train
奥迪A7L,2023-02-01,train
奥迪A7L,2023-03-01,train
奥迪A7L,2023-04-01,train
奥迪A7L,2023-05-01,train
奥迪A7L,2023-06-01,train
奥迪A7L,2023-07-01,train
奥迪A7L,2023-08-01,train
奥迪A7L,2023-09-01,train
奥迪A7L,2023-10-01,train
奥迪A7L,2023-11-01,train
奥迪A7L,2023-12-01,train
奥迪A7L,2024-01-01,train
奥迪A7L,2024-02-01,train
奥迪A7L,2024-03-01,train
奥迪A7L,2024-04-01,train
奥迪A7L,2024-05-01,train
奥迪A7L,2024-06-01,train
奥迪A7L,2024-07-01,train
奥迪A7L,2024-08-01,train
奥迪A7L,2024-09-01,train
奥迪A7L,2024-10-01,train
奥迪A7L,2024-11-01,train
奥迪A7L,2024-12-01,train
奥迪A7L,2025-01-01,train
奥迪A7L,2025-02-01,train
奥迪A7L,2025-03-01,train
奥迪A7L,2025-04-01,train
奥迪A7L,2025-05-01,train
奥迪A7L,2025-06-01,train
奥迪A7L,2025-07-01,val
奥迪A7L,2025-08-01,val
奥迪A7L,2025-09-01,val
奥迪A7L,2025-10-01,val
奥迪A7L,2025-11-01,val
奥迪A7L,2025-12-01,val
奥迪A7L,2026-01-01,test
奥迪A7L,2026-02-01,test
奥迪A7L,2026-03-01,test
奥迪A7L,2026-04-01,test
奥迪A7L,2026-05-01,test
奥迪A7L,2026-06-01,test
奥迪E5 Sportback,2022-01-01,train
奥迪E5 Sportback,2022-02-01,train
奥迪E5 Sportback,2022-03-01,train
奥迪E5 Sportback,2022-04-01,train
奥迪E5 Sportback,2022-05-01,train
奥迪E5 Sportback,2022-06-01,train
奥迪E5 Sportback,2022-07-01,train
奥迪E5 Sportback,2022-08-01,train
奥迪E5 Sportback,2022-09-01,train
奥迪E5 Sportback,2022-10-01,train
奥迪E5 Sportback,2022-11-01,train
奥迪E5 Sportback,2022-12-01,train
奥迪E5 Sportback,2023-01-01,train
奥迪E5 Sportback,2023-02-01,train
奥迪E5 Sportback,2023-03-01,train
奥迪E5 Sportback,2023-04-01,train
奥迪E5 Sportback,2023-05-01,train
奥迪E5 Sportback,2023-06-01,train
奥迪E5 Sportback,2023-07-01,train
奥迪E5 Sportback,2023-08-01,train
奥迪E5 Sportback,2023-09-01,train
奥迪E5 Sportback,2023-10-01,train
奥迪E5 Sportback,2023-11-01,train
奥迪E5 Sportback,2023-12-01,train
奥迪E5 Sportback,2024-01-01,train
奥迪E5 Sportback,2024-02-01,train
奥迪E5 Sportback,2024-03-01,train
奥迪E5 Sportback,2024-04-01,train
奥迪E5 Sportback,2024-05-01,train
奥迪E5 Sportback,2024-06-01,train
奥迪E5 Sportback,2024-07-01,train
奥迪E5 Sportback,2024-08-01,train
奥迪E5 Sportback,2024-09-01,train
奥迪E5 Sportback,2024-10-01,train
奥迪E5 Sportback,2024-11-01,train
奥迪E5 Sportback,2024-12-01,train
奥迪E5 Sportback,2025-01-01,train
奥迪E5 Sportback,2025-02-01,train
奥迪E5 Sportback,2025-03-01,train
奥迪E5 Sportback,2025-04-01,train
奥迪E5 Sportback,2025-05-01,train
奥迪E5 Sportback,2025-06-01,train
奥迪E5 Sportback,2025-07-01,val
奥迪E5 Sportback,2025-08-01,val
奥迪E5 Sportback,2025-09-01,val
奥迪E5 Sportback,2025-10-01,val
奥迪E5 Sportback,2025-11-01,val
奥迪E5 Sportback,2025-12-01,val
奥迪E5 Sportback,2026-01-01,test
奥迪E5 Sportback,2026-02-01,test
奥迪E5 Sportback,2026-03-01,test
奥迪E5 Sportback,2026-04-01,test
奥迪E5 Sportback,2026-05-01,test
奥迪E5 Sportback,2026-06-01,test
奥迪Q2L,2022-01-01,train
奥迪Q2L,2022-02-01,train
奥迪Q2L,2022-03-01,train
奥迪Q2L,2022-04-01,train
奥迪Q2L,2022-05-01,train
奥迪Q2L,2022-06-01,train
奥迪Q2L,2022-07-01,train
奥迪Q2L,2022-08-01,train
奥迪Q2L,2022-09-01,train
奥迪Q2L,2022-10-01,train
奥迪Q2L,2022-11-01,train
奥迪Q2L,2022-12-01,train
奥迪Q2L,2023-01-01,train
奥迪Q2L,2023-02-01,train
奥迪Q2L,2023-03-01,train
奥迪Q2L,2023-04-01,train
奥迪Q2L,2023-05-01,train
奥迪Q2L,2023-06-01,train
奥迪Q2L,2023-07-01,train
奥迪Q2L,2023-08-01,train
奥迪Q2L,2023-09-01,train
奥迪Q2L,2023-10-01,train
奥迪Q2L,2023-11-01,train
奥迪Q2L,2023-12-01,train
奥迪Q2L,2024-01-01,train
奥迪Q2L,2024-02-01,train
奥迪Q2L,2024-03-01,train
奥迪Q2L,2024-04-01,train
奥迪Q2L,2024-05-01,train
奥迪Q2L,2024-06-01,train
奥迪Q2L,2024-07-01,train
奥迪Q2L,2024-08-01,train
奥迪Q2L,2024-09-01,train
奥迪Q2L,2024-10-01,train
奥迪Q2L,2024-11-01,train
奥迪Q2L,2024-12-01,train
奥迪Q2L,2025-01-01,train
奥迪Q2L,2025-02-01,train
奥迪Q2L,2025-03-01,train
奥迪Q2L,2025-04-01,train
奥迪Q2L,2025-05-01,train
奥迪Q2L,2025-06-01,train
奥迪Q2L,2025-07-01,val
奥迪Q2L,2025-08-01,val
奥迪Q2L,2025-09-01,val
奥迪Q2L,2025-10-01,val
奥迪Q2L,2025-11-01,val
奥迪Q2L,2025-12-01,val
奥迪Q2L,2026-01-01,test
奥迪Q2L,2026-02-01,test
奥迪Q2L,2026-03-01,test
奥迪Q2L,2026-04-01,test
奥迪Q2L,2026-05-01,test
奥迪Q2L,2026-06-01,test
奥迪Q3,2022-01-01,train
奥迪Q3,2022-02-01,train
奥迪Q3,2022-03-01,train
奥迪Q3,2022-04-01,train
奥迪Q3,2022-05-01,train
奥迪Q3,2022-06-01,train
奥迪Q3,2022-07-01,train
奥迪Q3,2022-08-01,train
奥迪Q3,2022-09-01,train
奥迪Q3,2022-10-01,train
奥迪Q3,2022-11-01,train
奥迪Q3,2022-12-01,train
奥迪Q3,2023-01-01,train
奥迪Q3,2023-02-01,train
奥迪Q3,2023-03-01,train
奥迪Q3,2023-04-01,train
奥迪Q3,2023-05-01,train
奥迪Q3,2023-06-01,train
奥迪Q3,2023-07-01,train
奥迪Q3,2023-08-01,train
奥迪Q3,2023-09-01,train
奥迪Q3,2023-10-01,train
奥迪Q3,2023-11-01,train
奥迪Q3,2023-12-01,train
奥迪Q3,2024-01-01,train
奥迪Q3,2024-02-01,train
奥迪Q3,2024-03-01,train
奥迪Q3,2024-04-01,train
奥迪Q3,2024-05-01,train
奥迪Q3,2024-06-01,train
奥迪Q3,2024-07-01,train
奥迪Q3,2024-08-01,train
奥迪Q3,2024-09-01,train
奥迪Q3,2024-10-01,train
奥迪Q3,2024-11-01,train
奥迪Q3,2024-12-01,train
奥迪Q3,2025-01-01,train
奥迪Q3,2025-02-01,train
奥迪Q3,2025-03-01,train
奥迪Q3,2025-04-01,train
奥迪Q3,2025-05-01,train
奥迪Q3,2025-06-01,train
奥迪Q3,2025-07-01,val
奥迪Q3,2025-08-01,val
奥迪Q3,2025-09-01,val
奥迪Q3,2025-10-01,val
奥迪Q3,2025-11-01,val
奥迪Q3,2025-12-01,val
奥迪Q3,2026-01-01,test
奥迪Q3,2026-02-01,test
奥迪Q3,2026-03-01,test
奥迪Q3,2026-04-01,test
奥迪Q3,2026-05-01,test
奥迪Q3,2026-06-01,test
奥迪Q3 Sportback,2022-01-01,train
奥迪Q3 Sportback,2022-02-01,train
奥迪Q3 Sportback,2022-03-01,train
奥迪Q3 Sportback,2022-04-01,train
奥迪Q3 Sportback,2022-05-01,train
奥迪Q3 Sportback,2022-06-01,train
奥迪Q3 Sportback,2022-07-01,train
奥迪Q3 Sportback,2022-08-01,train
奥迪Q3 Sportback,2022-09-01,train
奥迪Q3 Sportback,2022-10-01,train
奥迪Q3 Sportback,2022-11-01,train
奥迪Q3 Sportback,2022-12-01,train
奥迪Q3 Sportback,2023-01-01,train
奥迪Q3 Sportback,2023-02-01,train
奥迪Q3 Sportback,2023-03-01,train
奥迪Q3 Sportback,2023-04-01,train
奥迪Q3 Sportback,2023-05-01,train
奥迪Q3 Sportback,2023-06-01,train
奥迪Q3 Sportback,2023-07-01,train
奥迪Q3 Sportback,2023-08-01,train
奥迪Q3 Sportback,2023-09-01,train
奥迪Q3 Sportback,2023-10-01,train
奥迪Q3 Sportback,2023-11-01,train
奥迪Q3 Sportback,2023-12-01,train
奥迪Q3 Sportback,2024-01-01,train
奥迪Q3 Sportback,2024-02-01,train
奥迪Q3 Sportback,2024-03-01,train
奥迪Q3 Sportback,2024-04-01,train
奥迪Q3 Sportback,2024-05-01,train
奥迪Q3 Sportback,2024-06-01,train
奥迪Q3 Sportback,2024-07-01,train
奥迪Q3 Sportback,2024-08-01,train
奥迪Q3 Sportback,2024-09-01,train
奥迪Q3 Sportback,2024-10-01,train
奥迪Q3 Sportback,2024-11-01,train
奥迪Q3 Sportback,2024-12-01,train
奥迪Q3 Sportback,2025-01-01,train
奥迪Q3 Sportback,2025-02-01,train
奥迪Q3 Sportback,2025-03-01,train
奥迪Q3 Sportback,2025-04-01,train
奥迪Q3 Sportback,2025-05-01,train
奥迪Q3 Sportback,2025-06-01,train
奥迪Q3 Sportback,2025-07-01,val
奥迪Q3 Sportback,2025-08-01,val
奥迪Q3 Sportback,2025-09-01,val
奥迪Q3 Sportback,2025-10-01,val
奥迪Q3 Sportback,2025-11-01,val
奥迪Q3 Sportback,2025-12-01,val
奥迪Q3 Sportback,2026-01-01,test
奥迪Q3 Sportback,2026-02-01,test
奥迪Q3 Sportback,2026-03-01,test
奥迪Q3 Sportback,2026-04-01,test
奥迪Q3 Sportback,2026-05-01,test
奥迪Q3 Sportback,2026-06-01,test
奥迪Q4 e-tron,2022-01-01,train
奥迪Q4 e-tron,2022-02-01,train
奥迪Q4 e-tron,2022-03-01,train
奥迪Q4 e-tron,2022-04-01,train
奥迪Q4 e-tron,2022-05-01,train
奥迪Q4 e-tron,2022-06-01,train
奥迪Q4 e-tron,2022-07-01,train
奥迪Q4 e-tron,2022-08-01,train
奥迪Q4 e-tron,2022-09-01,train
奥迪Q4 e-tron,2022-10-01,train
奥迪Q4 e-tron,2022-11-01,train
奥迪Q4 e-tron,2022-12-01,train
奥迪Q4 e-tron,2023-01-01,train
奥迪Q4 e-tron,2023-02-01,train
奥迪Q4 e-tron,2023-03-01,train
奥迪Q4 e-tron,2023-04-01,train
奥迪Q4 e-tron,2023-05-01,train
奥迪Q4 e-tron,2023-06-01,train
奥迪Q4 e-tron,2023-07-01,train
奥迪Q4 e-tron,2023-08-01,train
奥迪Q4 e-tron,2023-09-01,train
奥迪Q4 e-tron,2023-10-01,train
奥迪Q4 e-tron,2023-11-01,train
奥迪Q4 e-tron,2023-12-01,train
奥迪Q4 e-tron,2024-01-01,train
奥迪Q4 e-tron,2024-02-01,train
奥迪Q4 e-tron,2024-03-01,train
奥迪Q4 e-tron,2024-04-01,train
奥迪Q4 e-tron,2024-05-01,train
奥迪Q4 e-tron,2024-06-01,train
奥迪Q4 e-tron,2024-07-01,train
奥迪Q4 e-tron,2024-08-01,train
奥迪Q4 e-tron,2024-09-01,train
奥迪Q4 e-tron,2024-10-01,train
奥迪Q4 e-tron,2024-11-01,train
奥迪Q4 e-tron,2024-12-01,train
奥迪Q4 e-tron,2025-01-01,train
奥迪Q4 e-tron,2025-02-01,train
奥迪Q4 e-tron,2025-03-01,train
奥迪Q4 e-tron,2025-04-01,train
奥迪Q4 e-tron,2025-05-01,train
奥迪Q4 e-tron,2025-06-01,train
奥迪Q4 e-tron,2025-07-01,val
奥迪Q4 e-tron,2025-08-01,val
奥迪Q4 e-tron,2025-09-01,val
奥迪Q4 e-tron,2025-10-01,val
奥迪Q4 e-tron,2025-11-01,val
奥迪Q4 e-tron,2025-12-01,val
奥迪Q4 e-tron,2026-01-01,test
奥迪Q4 e-tron,2026-02-01,test
奥迪Q4 e-tron,2026-03-01,test
奥迪Q4 e-tron,2026-04-01,test
奥迪Q4 e-tron,2026-05-01,test
奥迪Q4 e-tron,2026-06-01,test
奥迪Q5 e-tron,2022-01-01,train
奥迪Q5 e-tron,2022-02-01,train
奥迪Q5 e-tron,2022-03-01,train
奥迪Q5 e-tron,2022-04-01,train
奥迪Q5 e-tron,2022-05-01,train
奥迪Q5 e-tron,2022-06-01,train
奥迪Q5 e-tron,2022-07-01,train
奥迪Q5 e-tron,2022-08-01,train
奥迪Q5 e-tron,2022-09-01,train
奥迪Q5 e-tron,2022-10-01,train
奥迪Q5 e-tron,2022-11-01,train
奥迪Q5 e-tron,2022-12-01,train
奥迪Q5 e-tron,2023-01-01,train
奥迪Q5 e-tron,2023-02-01,train
奥迪Q5 e-tron,2023-03-01,train
奥迪Q5 e-tron,2023-04-01,train
奥迪Q5 e-tron,2023-05-01,train
奥迪Q5 e-tron,2023-06-01,train
奥迪Q5 e-tron,2023-07-01,train
奥迪Q5 e-tron,2023-08-01,train
奥迪Q5 e-tron,2023-09-01,train
奥迪Q5 e-tron,2023-10-01,train
奥迪Q5 e-tron,2023-11-01,train
奥迪Q5 e-tron,2023-12-01,train
奥迪Q5 e-tron,2024-01-01,train
奥迪Q5 e-tron,2024-02-01,train
奥迪Q5 e-tron,2024-03-01,train
奥迪Q5 e-tron,2024-04-01,train
奥迪Q5 e-tron,2024-05-01,train
奥迪Q5 e-tron,2024-06-01,train
奥迪Q5 e-tron,2024-07-01,train
奥迪Q5 e-tron,2024-08-01,train
奥迪Q5 e-tron,2024-09-01,train
奥迪Q5 e-tron,2024-10-01,train
奥迪Q5 e-tron,2024-11-01,train
奥迪Q5 e-tron,2024-12-01,train
奥迪Q5 e-tron,2025-01-01,train
奥迪Q5 e-tron,2025-02-01,train
奥迪Q5 e-tron,2025-03-01,train
奥迪Q5 e-tron,2025-04-01,train
奥迪Q5 e-tron,2025-05-01,train
奥迪Q5 e-tron,2025-06-01,train
奥迪Q5 e-tron,2025-07-01,val
奥迪Q5 e-tron,2025-08-01,val
奥迪Q5 e-tron,2025-09-01,val
奥迪Q5 e-tron,2025-10-01,val
奥迪Q5 e-tron,2025-11-01,val
奥迪Q5 e-tron,2025-12-01,val
奥迪Q5 e-tron,2026-01-01,test
奥迪Q5 e-tron,2026-02-01,test
奥迪Q5 e-tron,2026-03-01,test
奥迪Q5 e-tron,2026-04-01,test
奥迪Q5 e-tron,2026-05-01,test
奥迪Q5 e-tron,2026-06-01,test
奥迪Q5L,2022-01-01,train
奥迪Q5L,2022-02-01,train
奥迪Q5L,2022-03-01,train
奥迪Q5L,2022-04-01,train
奥迪Q5L,2022-05-01,train
奥迪Q5L,2022-06-01,train
奥迪Q5L,2022-07-01,train
奥迪Q5L,2022-08-01,train
奥迪Q5L,2022-09-01,train
奥迪Q5L,2022-10-01,train
奥迪Q5L,2022-11-01,train
奥迪Q5L,2022-12-01,train
奥迪Q5L,2023-01-01,train
奥迪Q5L,2023-02-01,train
奥迪Q5L,2023-03-01,train
奥迪Q5L,2023-04-01,train
奥迪Q5L,2023-05-01,train
奥迪Q5L,2023-06-01,train
奥迪Q5L,2023-07-01,train
奥迪Q5L,2023-08-01,train
奥迪Q5L,2023-09-01,train
奥迪Q5L,2023-10-01,train
奥迪Q5L,2023-11-01,train
奥迪Q5L,2023-12-01,train
奥迪Q5L,2024-01-01,train
奥迪Q5L,2024-02-01,train
奥迪Q5L,2024-03-01,train
奥迪Q5L,2024-04-01,train
奥迪Q5L,2024-05-01,train
奥迪Q5L,2024-06-01,train
奥迪Q5L,2024-07-01,train
奥迪Q5L,2024-08-01,train
奥迪Q5L,2024-09-01,train
奥迪Q5L,2024-10-01,train
奥迪Q5L,2024-11-01,train
奥迪Q5L,2024-12-01,train
奥迪Q5L,2025-01-01,train
奥迪Q5L,2025-02-01,train
奥迪Q5L,2025-03-01,train
奥迪Q5L,2025-04-01,train
奥迪Q5L,2025-05-01,train
奥迪Q5L,2025-06-01,train
奥迪Q5L,2025-07-01,val
奥迪Q5L,2025-08-01,val
奥迪Q5L,2025-09-01,val
奥迪Q5L,2025-10-01,val
奥迪Q5L,2025-11-01,val
奥迪Q5L,2025-12-01,val
奥迪Q5L,2026-01-01,test
奥迪Q5L,2026-02-01,test
奥迪Q5L,2026-03-01,test
奥迪Q5L,2026-04-01,test
奥迪Q5L,2026-05-01,test
奥迪Q5L,2026-06-01,test
奥迪Q5L Sportback,2022-01-01,train
奥迪Q5L Sportback,2022-02-01,train
奥迪Q5L Sportback,2022-03-01,train
奥迪Q5L Sportback,2022-04-01,train
奥迪Q5L Sportback,2022-05-01,train
奥迪Q5L Sportback,2022-06-01,train
奥迪Q5L Sportback,2022-07-01,train
奥迪Q5L Sportback,2022-08-01,train
奥迪Q5L Sportback,2022-09-01,train
奥迪Q5L Sportback,2022-10-01,train
奥迪Q5L Sportback,2022-11-01,train
奥迪Q5L Sportback,2022-12-01,train
奥迪Q5L Sportback,2023-01-01,train
奥迪Q5L Sportback,2023-02-01,train
奥迪Q5L Sportback,2023-03-01,train
奥迪Q5L Sportback,2023-04-01,train
奥迪Q5L Sportback,2023-05-01,train
奥迪Q5L Sportback,2023-06-01,train
奥迪Q5L Sportback,2023-07-01,train
奥迪Q5L Sportback,2023-08-01,train
奥迪Q5L Sportback,2023-09-01,train
奥迪Q5L Sportback,2023-10-01,train
奥迪Q5L Sportback,2023-11-01,train
奥迪Q5L Sportback,2023-12-01,train
奥迪Q5L Sportback,2024-01-01,train
奥迪Q5L Sportback,2024-02-01,train
奥迪Q5L Sportback,2024-03-01,train
奥迪Q5L Sportback,2024-04-01,train
奥迪Q5L Sportback,2024-05-01,train
奥迪Q5L Sportback,2024-06-01,train
奥迪Q5L Sportback,2024-07-01,train
奥迪Q5L Sportback,2024-08-01,train
奥迪Q5L Sportback,2024-09-01,train
奥迪Q5L Sportback,2024-10-01,train
奥迪Q5L Sportback,2024-11-01,train
奥迪Q5L Sportback,2024-12-01,train
奥迪Q5L Sportback,2025-01-01,train
奥迪Q5L Sportback,2025-02-01,train
奥迪Q5L Sportback,2025-03-01,train
奥迪Q5L Sportback,2025-04-01,train
奥迪Q5L Sportback,2025-05-01,train
奥迪Q5L Sportback,2025-06-01,train
奥迪Q5L Sportback,2025-07-01,val
奥迪Q5L Sportback,2025-08-01,val
奥迪Q5L Sportback,2025-09-01,val
奥迪Q5L Sportback,2025-10-01,val
奥迪Q5L Sportback,2025-11-01,val
奥迪Q5L Sportback,2025-12-01,val
奥迪Q5L Sportback,2026-01-01,test
奥迪Q5L Sportback,2026-02-01,test
奥迪Q5L Sportback,2026-03-01,test
奥迪Q5L Sportback,2026-04-01,test
奥迪Q5L Sportback,2026-05-01,test
奥迪Q5L Sportback,2026-06-01,test
奥迪Q6L Sportback e-tron,2022-01-01,train
奥迪Q6L Sportback e-tron,2022-02-01,train
奥迪Q6L Sportback e-tron,2022-03-01,train
奥迪Q6L Sportback e-tron,2022-04-01,train
奥迪Q6L Sportback e-tron,2022-05-01,train
奥迪Q6L Sportback e-tron,2022-06-01,train
奥迪Q6L Sportback e-tron,2022-07-01,train
奥迪Q6L Sportback e-tron,2022-08-01,train
奥迪Q6L Sportback e-tron,2022-09-01,train
奥迪Q6L Sportback e-tron,2022-10-01,train
奥迪Q6L Sportback e-tron,2022-11-01,train
奥迪Q6L Sportback e-tron,2022-12-01,train
奥迪Q6L Sportback e-tron,2023-01-01,train
奥迪Q6L Sportback e-tron,2023-02-01,train
奥迪Q6L Sportback e-tron,2023-03-01,train
奥迪Q6L Sportback e-tron,2023-04-01,train
奥迪Q6L Sportback e-tron,2023-05-01,train
奥迪Q6L Sportback e-tron,2023-06-01,train
奥迪Q6L Sportback e-tron,2023-07-01,train
奥迪Q6L Sportback e-tron,2023-08-01,train
奥迪Q6L Sportback e-tron,2023-09-01,train
奥迪Q6L Sportback e-tron,2023-10-01,train
奥迪Q6L Sportback e-tron,2023-11-01,train
奥迪Q6L Sportback e-tron,2023-12-01,train
奥迪Q6L Sportback e-tron,2024-01-01,train
奥迪Q6L Sportback e-tron,2024-02-01,train
奥迪Q6L Sportback e-tron,2024-03-01,train
奥迪Q6L Sportback e-tron,2024-04-01,train
奥迪Q6L Sportback e-tron,2024-05-01,train
奥迪Q6L Sportback e-tron,2024-06-01,train
奥迪Q6L Sportback e-tron,2024-07-01,train
奥迪Q6L Sportback e-tron,2024-08-01,train
奥迪Q6L Sportback e-tron,2024-09-01,train
奥迪Q6L Sportback e-tron,2024-10-01,train
奥迪Q6L Sportback e-tron,2024-11-01,train
奥迪Q6L Sportback e-tron,2024-12-01,train
奥迪Q6L Sportback e-tron,2025-01-01,train
奥迪Q6L Sportback e-tron,2025-02-01,train
奥迪Q6L Sportback e-tron,2025-03-01,train
奥迪Q6L Sportback e-tron,2025-04-01,train
奥迪Q6L Sportback e-tron,2025-05-01,train
奥迪Q6L Sportback e-tron,2025-06-01,train
奥迪Q6L Sportback e-tron,2025-07-01,val
奥迪Q6L Sportback e-tron,2025-08-01,val
奥迪Q6L Sportback e-tron,2025-09-01,val
奥迪Q6L Sportback e-tron,2025-10-01,val
奥迪Q6L Sportback e-tron,2025-11-01,val
奥迪Q6L Sportback e-tron,2025-12-01,val
奥迪Q6L Sportback e-tron,2026-01-01,test
奥迪Q6L Sportback e-tron,2026-02-01,test
奥迪Q6L Sportback e-tron,2026-03-01,test
奥迪Q6L Sportback e-tron,2026-04-01,test
奥迪Q6L Sportback e-tron,2026-05-01,test
奥迪Q6L Sportback e-tron,2026-06-01,test
奥迪Q6L e-tron,2022-01-01,train
奥迪Q6L e-tron,2022-02-01,train
奥迪Q6L e-tron,2022-03-01,train
奥迪Q6L e-tron,2022-04-01,train
奥迪Q6L e-tron,2022-05-01,train
奥迪Q6L e-tron,2022-06-01,train
奥迪Q6L e-tron,2022-07-01,train
奥迪Q6L e-tron,2022-08-01,train
奥迪Q6L e-tron,2022-09-01,train
奥迪Q6L e-tron,2022-10-01,train
奥迪Q6L e-tron,2022-11-01,train
奥迪Q6L e-tron,2022-12-01,train
奥迪Q6L e-tron,2023-01-01,train
奥迪Q6L e-tron,2023-02-01,train
奥迪Q6L e-tron,2023-03-01,train
奥迪Q6L e-tron,2023-04-01,train
奥迪Q6L e-tron,2023-05-01,train
奥迪Q6L e-tron,2023-06-01,train
奥迪Q6L e-tron,2023-07-01,train
奥迪Q6L e-tron,2023-08-01,train
奥迪Q6L e-tron,2023-09-01,train
奥迪Q6L e-tron,2023-10-01,train
奥迪Q6L e-tron,2023-11-01,train
奥迪Q6L e-tron,2023-12-01,train
奥迪Q6L e-tron,2024-01-01,train
奥迪Q6L e-tron,2024-02-01,train
奥迪Q6L e-tron,2024-03-01,train
奥迪Q6L e-tron,2024-04-01,train
奥迪Q6L e-tron,2024-05-01,train
奥迪Q6L e-tron,2024-06-01,train
奥迪Q6L e-tron,2024-07-01,train
奥迪Q6L e-tron,2024-08-01,train
奥迪Q6L e-tron,2024-09-01,train
奥迪Q6L e-tron,2024-10-01,train
奥迪Q6L e-tron,2024-11-01,train
奥迪Q6L e-tron,2024-12-01,train
奥迪Q6L e-tron,2025-01-01,train
奥迪Q6L e-tron,2025-02-01,train
奥迪Q6L e-tron,2025-03-01,train
奥迪Q6L e-tron,2025-04-01,train
奥迪Q6L e-tron,2025-05-01,train
奥迪Q6L e-tron,2025-06-01,train
奥迪Q6L e-tron,2025-07-01,val
奥迪Q6L e-tron,2025-08-01,val
奥迪Q6L e-tron,2025-09-01,val
奥迪Q6L e-tron,2025-10-01,val
奥迪Q6L e-tron,2025-11-01,val
奥迪Q6L e-tron,2025-12-01,val
奥迪Q6L e-tron,2026-01-01,test
奥迪Q6L e-tron,2026-02-01,test
奥迪Q6L e-tron,2026-03-01,test
奥迪Q6L e-tron,2026-04-01,test
奥迪Q6L e-tron,2026-05-01,test
奥迪Q6L e-tron,2026-06-01,test
威兰达,2022-01-01,train
威兰达,2022-02-01,train
威兰达,2022-03-01,train
威兰达,2022-04-01,train
威兰达,2022-05-01,train
威兰达,2022-06-01,train
威兰达,2022-07-01,train
威兰达,2022-08-01,train
威兰达,2022-09-01,train
威兰达,2022-10-01,train
威兰达,2022-11-01,train
威兰达,2022-12-01,train
威兰达,2023-01-01,train
威兰达,2023-02-01,train
威兰达,2023-03-01,train
威兰达,2023-04-01,train
威兰达,2023-05-01,train
威兰达,2023-06-01,train
威兰达,2023-07-01,train
威兰达,2023-08-01,train
威兰达,2023-09-01,train
威兰达,2023-10-01,train
威兰达,2023-11-01,train
威兰达,2023-12-01,train
威兰达,2024-01-01,train
威兰达,2024-02-01,train
威兰达,2024-03-01,train
威兰达,2024-04-01,train
威兰达,2024-05-01,train
威兰达,2024-06-01,train
威兰达,2024-07-01,train
威兰达,2024-08-01,train
威兰达,2024-09-01,train
威兰达,2024-10-01,train
威兰达,2024-11-01,train
威兰达,2024-12-01,train
威兰达,2025-01-01,train
威兰达,2025-02-01,train
威兰达,2025-03-01,train
威兰达,2025-04-01,train
威兰达,2025-05-01,train
威兰达,2025-06-01,train
威兰达,2025-07-01,val
威兰达,2025-08-01,val
威兰达,2025-09-01,val
威兰达,2025-10-01,val
威兰达,2025-11-01,val
威兰达,2025-12-01,val
威兰达,2026-01-01,test
威兰达,2026-02-01,test
威兰达,2026-03-01,test
威兰达,2026-04-01,test
威兰达,2026-05-01,test
威兰达,2026-06-01,test
威朗,2022-01-01,train
威朗,2022-02-01,train
威朗,2022-03-01,train
威朗,2022-04-01,train
威朗,2022-05-01,train
威朗,2022-06-01,train
威朗,2022-07-01,train
威朗,2022-08-01,train
威朗,2022-09-01,train
威朗,2022-10-01,train
威朗,2022-11-01,train
威朗,2022-12-01,train
威朗,2023-01-01,train
威朗,2023-02-01,train
威朗,2023-03-01,train
威朗,2023-04-01,train
威朗,2023-05-01,train
威朗,2023-06-01,train
威朗,2023-07-01,train
威朗,2023-08-01,train
威朗,2023-09-01,train
威朗,2023-10-01,train
威朗,2023-11-01,train
威朗,2023-12-01,train
威朗,2024-01-01,train
威朗,2024-02-01,train
威朗,2024-03-01,train
威朗,2024-04-01,train
威朗,2024-05-01,train
威朗,2024-06-01,train
威朗,2024-07-01,train
威朗,2024-08-01,train
威朗,2024-09-01,train
威朗,2024-10-01,train
威朗,2024-11-01,train
威朗,2024-12-01,train
威朗,2025-01-01,train
威朗,2025-02-01,train
威朗,2025-03-01,train
威朗,2025-04-01,train
威朗,2025-05-01,train
威朗,2025-06-01,train
威朗,2025-07-01,val
威朗,2025-08-01,val
威朗,2025-09-01,val
威朗,2025-10-01,val
威朗,2025-11-01,val
威朗,2025-12-01,val
威朗,2026-01-01,test
威朗,2026-02-01,test
威朗,2026-03-01,test
威朗,2026-04-01,test
威朗,2026-05-01,test
威朗,2026-06-01,test
威然,2022-01-01,train
威然,2022-02-01,train
威然,2022-03-01,train
威然,2022-04-01,train
威然,2022-05-01,train
威然,2022-06-01,train
威然,2022-07-01,train
威然,2022-08-01,train
威然,2022-09-01,train
威然,2022-10-01,train
威然,2022-11-01,train
威然,2022-12-01,train
威然,2023-01-01,train
威然,2023-02-01,train
威然,2023-03-01,train
威然,2023-04-01,train
威然,2023-05-01,train
威然,2023-06-01,train
威然,2023-07-01,train
威然,2023-08-01,train
威然,2023-09-01,train
威然,2023-10-01,train
威然,2023-11-01,train
威然,2023-12-01,train
威然,2024-01-01,train
威然,2024-02-01,train
威然,2024-03-01,train
威然,2024-04-01,train
威然,2024-05-01,train
威然,2024-06-01,train
威然,2024-07-01,train
威然,2024-08-01,train
威然,2024-09-01,train
威然,2024-10-01,train
威然,2024-11-01,train
威然,2024-12-01,train
威然,2025-01-01,train
威然,2025-02-01,train
威然,2025-03-01,train
威然,2025-04-01,train
威然,2025-05-01,train
威然,2025-06-01,train
威然,2025-07-01,val
威然,2025-08-01,val
威然,2025-09-01,val
威然,2025-10-01,val
威然,2025-11-01,val
威然,2025-12-01,val
威然,2026-01-01,test
威然,2026-02-01,test
威然,2026-03-01,test
威然,2026-04-01,test
威然,2026-05-01,test
威然,2026-06-01,test
威霆,2022-01-01,train
威霆,2022-02-01,train
威霆,2022-03-01,train
威霆,2022-04-01,train
威霆,2022-05-01,train
威霆,2022-06-01,train
威霆,2022-07-01,train
威霆,2022-08-01,train
威霆,2022-09-01,train
威霆,2022-10-01,train
威霆,2022-11-01,train
威霆,2022-12-01,train
威霆,2023-01-01,train
威霆,2023-02-01,train
威霆,2023-03-01,train
威霆,2023-04-01,train
威霆,2023-05-01,train
威霆,2023-06-01,train
威霆,2023-07-01,train
威霆,2023-08-01,train
威霆,2023-09-01,train
威霆,2023-10-01,train
威霆,2023-11-01,train
威霆,2023-12-01,train
威霆,2024-01-01,train
威霆,2024-02-01,train
威霆,2024-03-01,train
威霆,2024-04-01,train
威霆,2024-05-01,train
威霆,2024-06-01,train
威霆,2024-07-01,train
威霆,2024-08-01,train
威霆,2024-09-01,train
威霆,2024-10-01,train
威霆,2024-11-01,train
威霆,2024-12-01,train
威霆,2025-01-01,train
威霆,2025-02-01,train
威霆,2025-03-01,train
威霆,2025-04-01,train
威霆,2025-05-01,train
威霆,2025-06-01,train
威霆,2025-07-01,val
威霆,2025-08-01,val
威霆,2025-09-01,val
威霆,2025-10-01,val
威霆,2025-11-01,val
威霆,2025-12-01,val
威霆,2026-01-01,test
威霆,2026-02-01,test
威霆,2026-03-01,test
威霆,2026-04-01,test
威霆,2026-05-01,test
威霆,2026-06-01,test
威飒,2022-01-01,train
威飒,2022-02-01,train
威飒,2022-03-01,train
威飒,2022-04-01,train
威飒,2022-05-01,train
威飒,2022-06-01,train
威飒,2022-07-01,train
威飒,2022-08-01,train
威飒,2022-09-01,train
威飒,2022-10-01,train
威飒,2022-11-01,train
威飒,2022-12-01,train
威飒,2023-01-01,train
威飒,2023-02-01,train
威飒,2023-03-01,train
威飒,2023-04-01,train
威飒,2023-05-01,train
威飒,2023-06-01,train
威飒,2023-07-01,train
威飒,2023-08-01,train
威飒,2023-09-01,train
威飒,2023-10-01,train
威飒,2023-11-01,train
威飒,2023-12-01,train
威飒,2024-01-01,train
威飒,2024-02-01,train
威飒,2024-03-01,train
威飒,2024-04-01,train
威飒,2024-05-01,train
威飒,2024-06-01,train
威飒,2024-07-01,train
威飒,2024-08-01,train
威飒,2024-09-01,train
威飒,2024-10-01,train
威飒,2024-11-01,train
威飒,2024-12-01,train
威飒,2025-01-01,train
威飒,2025-02-01,train
威飒,2025-03-01,train
威飒,2025-04-01,train
威飒,2025-05-01,train
威飒,2025-06-01,train
威飒,2025-07-01,val
威飒,2025-08-01,val
威飒,2025-09-01,val
威飒,2025-10-01,val
威飒,2025-11-01,val
威飒,2025-12-01,val
威飒,2026-01-01,test
威飒,2026-02-01,test
威飒,2026-03-01,test
威飒,2026-04-01,test
威飒,2026-05-01,test
威飒,2026-06-01,test
宋L EV,2022-01-01,train
宋L EV,2022-02-01,train
宋L EV,2022-03-01,train
宋L EV,2022-04-01,train
宋L EV,2022-05-01,train
宋L EV,2022-06-01,train
宋L EV,2022-07-01,train
宋L EV,2022-08-01,train
宋L EV,2022-09-01,train
宋L EV,2022-10-01,train
宋L EV,2022-11-01,train
宋L EV,2022-12-01,train
宋L EV,2023-01-01,train
宋L EV,2023-02-01,train
宋L EV,2023-03-01,train
宋L EV,2023-04-01,train
宋L EV,2023-05-01,train
宋L EV,2023-06-01,train
宋L EV,2023-07-01,train
宋L EV,2023-08-01,train
宋L EV,2023-09-01,train
宋L EV,2023-10-01,train
宋L EV,2023-11-01,train
宋L EV,2023-12-01,train
宋L EV,2024-01-01,train
宋L EV,2024-02-01,train
宋L EV,2024-03-01,train
宋L EV,2024-04-01,train
宋L EV,2024-05-01,train
宋L EV,2024-06-01,train
宋L EV,2024-07-01,train
宋L EV,2024-08-01,train
宋L EV,2024-09-01,train
宋L EV,2024-10-01,train
宋L EV,2024-11-01,train
宋L EV,2024-12-01,train
宋L EV,2025-01-01,train
宋L EV,2025-02-01,train
宋L EV,2025-03-01,train
宋L EV,2025-04-01,train
宋L EV,2025-05-01,train
宋L EV,2025-06-01,train
宋L EV,2025-07-01,val
宋L EV,2025-08-01,val
宋L EV,2025-09-01,val
宋L EV,2025-10-01,val
宋L EV,2025-11-01,val
宋L EV,2025-12-01,val
宋L EV,2026-01-01,test
宋L EV,2026-02-01,test
宋L EV,2026-03-01,test
宋L EV,2026-04-01,test
宋L EV,2026-05-01,test
宋L EV,2026-06-01,test
宋PLUS新能源,2022-01-01,train
宋PLUS新能源,2022-02-01,train
宋PLUS新能源,2022-03-01,train
宋PLUS新能源,2022-04-01,train
宋PLUS新能源,2022-05-01,train
宋PLUS新能源,2022-06-01,train
宋PLUS新能源,2022-07-01,train
宋PLUS新能源,2022-08-01,train
宋PLUS新能源,2022-09-01,train
宋PLUS新能源,2022-10-01,train
宋PLUS新能源,2022-11-01,train
宋PLUS新能源,2022-12-01,train
宋PLUS新能源,2023-01-01,train
宋PLUS新能源,2023-02-01,train
宋PLUS新能源,2023-03-01,train
宋PLUS新能源,2023-04-01,train
宋PLUS新能源,2023-05-01,train
宋PLUS新能源,2023-06-01,train
宋PLUS新能源,2023-07-01,train
宋PLUS新能源,2023-08-01,train
宋PLUS新能源,2023-09-01,train
宋PLUS新能源,2023-10-01,train
宋PLUS新能源,2023-11-01,train
宋PLUS新能源,2023-12-01,train
宋PLUS新能源,2024-01-01,train
宋PLUS新能源,2024-02-01,train
宋PLUS新能源,2024-03-01,train
宋PLUS新能源,2024-04-01,train
宋PLUS新能源,2024-05-01,train
宋PLUS新能源,2024-06-01,train
宋PLUS新能源,2024-07-01,train
宋PLUS新能源,2024-08-01,train
宋PLUS新能源,2024-09-01,train
宋PLUS新能源,2024-10-01,train
宋PLUS新能源,2024-11-01,train
宋PLUS新能源,2024-12-01,train
宋PLUS新能源,2025-01-01,train
宋PLUS新能源,2025-02-01,train
宋PLUS新能源,2025-03-01,train
宋PLUS新能源,2025-04-01,train
宋PLUS新能源,2025-05-01,train
宋PLUS新能源,2025-06-01,train
宋PLUS新能源,2025-07-01,val
宋PLUS新能源,2025-08-01,val
宋PLUS新能源,2025-09-01,val
宋PLUS新能源,2025-10-01,val
宋PLUS新能源,2025-11-01,val
宋PLUS新能源,2025-12-01,val
宋PLUS新能源,2026-01-01,test
宋PLUS新能源,2026-02-01,test
宋PLUS新能源,2026-03-01,test
宋PLUS新能源,2026-04-01,test
宋PLUS新能源,2026-05-01,test
宋PLUS新能源,2026-06-01,test
宋Pro新能源,2022-01-01,train
宋Pro新能源,2022-02-01,train
宋Pro新能源,2022-03-01,train
宋Pro新能源,2022-04-01,train
宋Pro新能源,2022-05-01,train
宋Pro新能源,2022-06-01,train
宋Pro新能源,2022-07-01,train
宋Pro新能源,2022-08-01,train
宋Pro新能源,2022-09-01,train
宋Pro新能源,2022-10-01,train
宋Pro新能源,2022-11-01,train
宋Pro新能源,2022-12-01,train
宋Pro新能源,2023-01-01,train
宋Pro新能源,2023-02-01,train
宋Pro新能源,2023-03-01,train
宋Pro新能源,2023-04-01,train
宋Pro新能源,2023-05-01,train
宋Pro新能源,2023-06-01,train
宋Pro新能源,2023-07-01,train
宋Pro新能源,2023-08-01,train
宋Pro新能源,2023-09-01,train
宋Pro新能源,2023-10-01,train
宋Pro新能源,2023-11-01,train
宋Pro新能源,2023-12-01,train
宋Pro新能源,2024-01-01,train
宋Pro新能源,2024-02-01,train
宋Pro新能源,2024-03-01,train
宋Pro新能源,2024-04-01,train
宋Pro新能源,2024-05-01,train
宋Pro新能源,2024-06-01,train
宋Pro新能源,2024-07-01,train
宋Pro新能源,2024-08-01,train
宋Pro新能源,2024-09-01,train
宋Pro新能源,2024-10-01,train
宋Pro新能源,2024-11-01,train
宋Pro新能源,2024-12-01,train
宋Pro新能源,2025-01-01,train
宋Pro新能源,2025-02-01,train
宋Pro新能源,2025-03-01,train
宋Pro新能源,2025-04-01,train
宋Pro新能源,2025-05-01,train
宋Pro新能源,2025-06-01,train
宋Pro新能源,2025-07-01,val
宋Pro新能源,2025-08-01,val
宋Pro新能源,2025-09-01,val
宋Pro新能源,2025-10-01,val
宋Pro新能源,2025-11-01,val
宋Pro新能源,2025-12-01,val
宋Pro新能源,2026-01-01,test
宋Pro新能源,2026-02-01,test
宋Pro新能源,2026-03-01,test
宋Pro新能源,2026-04-01,test
宋Pro新能源,2026-05-01,test
宋Pro新能源,2026-06-01,test
宏光MINIEV,2022-01-01,train
宏光MINIEV,2022-02-01,train
宏光MINIEV,2022-03-01,train
宏光MINIEV,2022-04-01,train
宏光MINIEV,2022-05-01,train
宏光MINIEV,2022-06-01,train
宏光MINIEV,2022-07-01,train
宏光MINIEV,2022-08-01,train
宏光MINIEV,2022-09-01,train
宏光MINIEV,2022-10-01,train
宏光MINIEV,2022-11-01,train
宏光MINIEV,2022-12-01,train
宏光MINIEV,2023-01-01,train
宏光MINIEV,2023-02-01,train
宏光MINIEV,2023-03-01,train
宏光MINIEV,2023-04-01,train
宏光MINIEV,2023-05-01,train
宏光MINIEV,2023-06-01,train
宏光MINIEV,2023-07-01,train
宏光MINIEV,2023-08-01,train
宏光MINIEV,2023-09-01,train
宏光MINIEV,2023-10-01,train
宏光MINIEV,2023-11-01,train
宏光MINIEV,2023-12-01,train
宏光MINIEV,2024-01-01,train
宏光MINIEV,2024-02-01,train
宏光MINIEV,2024-03-01,train
宏光MINIEV,2024-04-01,train
宏光MINIEV,2024-05-01,train
宏光MINIEV,2024-06-01,train
宏光MINIEV,2024-07-01,train
宏光MINIEV,2024-08-01,train
宏光MINIEV,2024-09-01,train
宏光MINIEV,2024-10-01,train
宏光MINIEV,2024-11-01,train
宏光MINIEV,2024-12-01,train
宏光MINIEV,2025-01-01,train
宏光MINIEV,2025-02-01,train
宏光MINIEV,2025-03-01,train
宏光MINIEV,2025-04-01,train
宏光MINIEV,2025-05-01,train
宏光MINIEV,2025-06-01,train
宏光MINIEV,2025-07-01,val
宏光MINIEV,2025-08-01,val
宏光MINIEV,2025-09-01,val
宏光MINIEV,2025-10-01,val
宏光MINIEV,2025-11-01,val
宏光MINIEV,2025-12-01,val
宏光MINIEV,2026-01-01,test
宏光MINIEV,2026-02-01,test
宏光MINIEV,2026-03-01,test
宏光MINIEV,2026-04-01,test
宏光MINIEV,2026-05-01,test
宏光MINIEV,2026-06-01,test
宝来,2022-01-01,train
宝来,2022-02-01,train
宝来,2022-03-01,train
宝来,2022-04-01,train
宝来,2022-05-01,train
宝来,2022-06-01,train
宝来,2022-07-01,train
宝来,2022-08-01,train
宝来,2022-09-01,train
宝来,2022-10-01,train
宝来,2022-11-01,train
宝来,2022-12-01,train
宝来,2023-01-01,train
宝来,2023-02-01,train
宝来,2023-03-01,train
宝来,2023-04-01,train
宝来,2023-05-01,train
宝来,2023-06-01,train
宝来,2023-07-01,train
宝来,2023-08-01,train
宝来,2023-09-01,train
宝来,2023-10-01,train
宝来,2023-11-01,train
宝来,2023-12-01,train
宝来,2024-01-01,train
宝来,2024-02-01,train
宝来,2024-03-01,train
宝来,2024-04-01,train
宝来,2024-05-01,train
宝来,2024-06-01,train
宝来,2024-07-01,train
宝来,2024-08-01,train
宝来,2024-09-01,train
宝来,2024-10-01,train
宝来,2024-11-01,train
宝来,2024-12-01,train
宝来,2025-01-01,train
宝来,2025-02-01,train
宝来,2025-03-01,train
宝来,2025-04-01,train
宝来,2025-05-01,train
宝来,2025-06-01,train
宝来,2025-07-01,val
宝来,2025-08-01,val
宝来,2025-09-01,val
宝来,2025-10-01,val
宝来,2025-11-01,val
宝来,2025-12-01,val
宝来,2026-01-01,test
宝来,2026-02-01,test
宝来,2026-03-01,test
宝来,2026-04-01,test
宝来,2026-05-01,test
宝来,2026-06-01,test
宝马1系,2022-01-01,train
宝马1系,2022-02-01,train
宝马1系,2022-03-01,train
宝马1系,2022-04-01,train
宝马1系,2022-05-01,train
宝马1系,2022-06-01,train
宝马1系,2022-07-01,train
宝马1系,2022-08-01,train
宝马1系,2022-09-01,train
宝马1系,2022-10-01,train
宝马1系,2022-11-01,train
宝马1系,2022-12-01,train
宝马1系,2023-01-01,train
宝马1系,2023-02-01,train
宝马1系,2023-03-01,train
宝马1系,2023-04-01,train
宝马1系,2023-05-01,train
宝马1系,2023-06-01,train
宝马1系,2023-07-01,train
宝马1系,2023-08-01,train
宝马1系,2023-09-01,train
宝马1系,2023-10-01,train
宝马1系,2023-11-01,train
宝马1系,2023-12-01,train
宝马1系,2024-01-01,train
宝马1系,2024-02-01,train
宝马1系,2024-03-01,train
宝马1系,2024-04-01,train
宝马1系,2024-05-01,train
宝马1系,2024-06-01,train
宝马1系,2024-07-01,train
宝马1系,2024-08-01,train
宝马1系,2024-09-01,train
宝马1系,2024-10-01,train
宝马1系,2024-11-01,train
宝马1系,2024-12-01,train
宝马1系,2025-01-01,train
宝马1系,2025-02-01,train
宝马1系,2025-03-01,train
宝马1系,2025-04-01,train
宝马1系,2025-05-01,train
宝马1系,2025-06-01,train
宝马1系,2025-07-01,val
宝马1系,2025-08-01,val
宝马1系,2025-09-01,val
宝马1系,2025-10-01,val
宝马1系,2025-11-01,val
宝马1系,2025-12-01,val
宝马1系,2026-01-01,test
宝马1系,2026-02-01,test
宝马1系,2026-03-01,test
宝马1系,2026-04-01,test
宝马1系,2026-05-01,test
宝马1系,2026-06-01,test
宝马2系,2022-01-01,train
宝马2系,2022-02-01,train
宝马2系,2022-03-01,train
宝马2系,2022-04-01,train
宝马2系,2022-05-01,train
宝马2系,2022-06-01,train
宝马2系,2022-07-01,train
宝马2系,2022-08-01,train
宝马2系,2022-09-01,train
宝马2系,2022-10-01,train
宝马2系,2022-11-01,train
宝马2系,2022-12-01,train
宝马2系,2023-01-01,train
宝马2系,2023-02-01,train
宝马2系,2023-03-01,train
宝马2系,2023-04-01,train
宝马2系,2023-05-01,train
宝马2系,2023-06-01,train
宝马2系,2023-07-01,train
宝马2系,2023-08-01,train
宝马2系,2023-09-01,train
宝马2系,2023-10-01,train
宝马2系,2023-11-01,train
宝马2系,2023-12-01,train
宝马2系,2024-01-01,train
宝马2系,2024-02-01,train
宝马2系,2024-03-01,train
宝马2系,2024-04-01,train
宝马2系,2024-05-01,train
宝马2系,2024-06-01,train
宝马2系,2024-07-01,train
宝马2系,2024-08-01,train
宝马2系,2024-09-01,train
宝马2系,2024-10-01,train
宝马2系,2024-11-01,train
宝马2系,2024-12-01,train
宝马2系,2025-01-01,train
宝马2系,2025-02-01,train
宝马2系,2025-03-01,train
宝马2系,2025-04-01,train
宝马2系,2025-05-01,train
宝马2系,2025-06-01,train
宝马2系,2025-07-01,val
宝马2系,2025-08-01,val
宝马2系,2025-09-01,val
宝马2系,2025-10-01,val
宝马2系,2025-11-01,val
宝马2系,2025-12-01,val
宝马2系,2026-01-01,test
宝马2系,2026-02-01,test
宝马2系,2026-03-01,test
宝马2系,2026-04-01,test
宝马2系,2026-05-01,test
宝马2系,2026-06-01,test
宝马3系,2022-01-01,train
宝马3系,2022-02-01,train
宝马3系,2022-03-01,train
宝马3系,2022-04-01,train
宝马3系,2022-05-01,train
宝马3系,2022-06-01,train
宝马3系,2022-07-01,train
宝马3系,2022-08-01,train
宝马3系,2022-09-01,train
宝马3系,2022-10-01,train
宝马3系,2022-11-01,train
宝马3系,2022-12-01,train
宝马3系,2023-01-01,train
宝马3系,2023-02-01,train
宝马3系,2023-03-01,train
宝马3系,2023-04-01,train
宝马3系,2023-05-01,train
宝马3系,2023-06-01,train
宝马3系,2023-07-01,train
宝马3系,2023-08-01,train
宝马3系,2023-09-01,train
宝马3系,2023-10-01,train
宝马3系,2023-11-01,train
宝马3系,2023-12-01,train
宝马3系,2024-01-01,train
宝马3系,2024-02-01,train
宝马3系,2024-03-01,train
宝马3系,2024-04-01,train
宝马3系,2024-05-01,train
宝马3系,2024-06-01,train
宝马3系,2024-07-01,train
宝马3系,2024-08-01,train
宝马3系,2024-09-01,train
宝马3系,2024-10-01,train
宝马3系,2024-11-01,train
宝马3系,2024-12-01,train
宝马3系,2025-01-01,train
宝马3系,2025-02-01,train
宝马3系,2025-03-01,train
宝马3系,2025-04-01,train
宝马3系,2025-05-01,train
宝马3系,2025-06-01,train
宝马3系,2025-07-01,val
宝马3系,2025-08-01,val
宝马3系,2025-09-01,val
宝马3系,2025-10-01,val
宝马3系,2025-11-01,val
宝马3系,2025-12-01,val
宝马3系,2026-01-01,test
宝马3系,2026-02-01,test
宝马3系,2026-03-01,test
宝马3系,2026-04-01,test
宝马3系,2026-05-01,test
宝马3系,2026-06-01,test
宝马5系,2022-01-01,train
宝马5系,2022-02-01,train
宝马5系,2022-03-01,train
宝马5系,2022-04-01,train
宝马5系,2022-05-01,train
宝马5系,2022-06-01,train
宝马5系,2022-07-01,train
宝马5系,2022-08-01,train
宝马5系,2022-09-01,train
宝马5系,2022-10-01,train
宝马5系,2022-11-01,train
宝马5系,2022-12-01,train
宝马5系,2023-01-01,train
宝马5系,2023-02-01,train
宝马5系,2023-03-01,train
宝马5系,2023-04-01,train
宝马5系,2023-05-01,train
宝马5系,2023-06-01,train
宝马5系,2023-07-01,train
宝马5系,2023-08-01,train
宝马5系,2023-09-01,train
宝马5系,2023-10-01,train
宝马5系,2023-11-01,train
宝马5系,2023-12-01,train
宝马5系,2024-01-01,train
宝马5系,2024-02-01,train
宝马5系,2024-03-01,train
宝马5系,2024-04-01,train
宝马5系,2024-05-01,train
宝马5系,2024-06-01,train
宝马5系,2024-07-01,train
宝马5系,2024-08-01,train
宝马5系,2024-09-01,train
宝马5系,2024-10-01,train
宝马5系,2024-11-01,train
宝马5系,2024-12-01,train
宝马5系,2025-01-01,train
宝马5系,2025-02-01,train
宝马5系,2025-03-01,train
宝马5系,2025-04-01,train
宝马5系,2025-05-01,train
宝马5系,2025-06-01,train
宝马5系,2025-07-01,val
宝马5系,2025-08-01,val
宝马5系,2025-09-01,val
宝马5系,2025-10-01,val
宝马5系,2025-11-01,val
宝马5系,2025-12-01,val
宝马5系,2026-01-01,test
宝马5系,2026-02-01,test
宝马5系,2026-03-01,test
宝马5系,2026-04-01,test
宝马5系,2026-05-01,test
宝马5系,2026-06-01,test
宝马X1,2022-01-01,train
宝马X1,2022-02-01,train
宝马X1,2022-03-01,train
宝马X1,2022-04-01,train
宝马X1,2022-05-01,train
宝马X1,2022-06-01,train
宝马X1,2022-07-01,train
宝马X1,2022-08-01,train
宝马X1,2022-09-01,train
宝马X1,2022-10-01,train
宝马X1,2022-11-01,train
宝马X1,2022-12-01,train
宝马X1,2023-01-01,train
宝马X1,2023-02-01,train
宝马X1,2023-03-01,train
宝马X1,2023-04-01,train
宝马X1,2023-05-01,train
宝马X1,2023-06-01,train
宝马X1,2023-07-01,train
宝马X1,2023-08-01,train
宝马X1,2023-09-01,train
宝马X1,2023-10-01,train
宝马X1,2023-11-01,train
宝马X1,2023-12-01,train
宝马X1,2024-01-01,train
宝马X1,2024-02-01,train
宝马X1,2024-03-01,train
宝马X1,2024-04-01,train
宝马X1,2024-05-01,train
宝马X1,2024-06-01,train
宝马X1,2024-07-01,train
宝马X1,2024-08-01,train
宝马X1,2024-09-01,train
宝马X1,2024-10-01,train
宝马X1,2024-11-01,train
宝马X1,2024-12-01,train
宝马X1,2025-01-01,train
宝马X1,2025-02-01,train
宝马X1,2025-03-01,train
宝马X1,2025-04-01,train
宝马X1,2025-05-01,train
宝马X1,2025-06-01,train
宝马X1,2025-07-01,val
宝马X1,2025-08-01,val
宝马X1,2025-09-01,val
宝马X1,2025-10-01,val
宝马X1,2025-11-01,val
宝马X1,2025-12-01,val
宝马X1,2026-01-01,test
宝马X1,2026-02-01,test
宝马X1,2026-03-01,test
宝马X1,2026-04-01,test
宝马X1,2026-05-01,test
宝马X1,2026-06-01,test
宝马X2,2022-01-01,train
宝马X2,2022-02-01,train
宝马X2,2022-03-01,train
宝马X2,2022-04-01,train
宝马X2,2022-05-01,train
宝马X2,2022-06-01,train
宝马X2,2022-07-01,train
宝马X2,2022-08-01,train
宝马X2,2022-09-01,train
宝马X2,2022-10-01,train
宝马X2,2022-11-01,train
宝马X2,2022-12-01,train
宝马X2,2023-01-01,train
宝马X2,2023-02-01,train
宝马X2,2023-03-01,train
宝马X2,2023-04-01,train
宝马X2,2023-05-01,train
宝马X2,2023-06-01,train
宝马X2,2023-07-01,train
宝马X2,2023-08-01,train
宝马X2,2023-09-01,train
宝马X2,2023-10-01,train
宝马X2,2023-11-01,train
宝马X2,2023-12-01,train
宝马X2,2024-01-01,train
宝马X2,2024-02-01,train
宝马X2,2024-03-01,train
宝马X2,2024-04-01,train
宝马X2,2024-05-01,train
宝马X2,2024-06-01,train
宝马X2,2024-07-01,train
宝马X2,2024-08-01,train
宝马X2,2024-09-01,train
宝马X2,2024-10-01,train
宝马X2,2024-11-01,train
宝马X2,2024-12-01,train
宝马X2,2025-01-01,train
宝马X2,2025-02-01,train
宝马X2,2025-03-01,train
宝马X2,2025-04-01,train
宝马X2,2025-05-01,train
宝马X2,2025-06-01,train
宝马X2,2025-07-01,val
宝马X2,2025-08-01,val
宝马X2,2025-09-01,val
宝马X2,2025-10-01,val
宝马X2,2025-11-01,val
宝马X2,2025-12-01,val
宝马X2,2026-01-01,test
宝马X2,2026-02-01,test
宝马X2,2026-03-01,test
宝马X2,2026-04-01,test
宝马X2,2026-05-01,test
宝马X2,2026-06-01,test
宝马X3,2022-01-01,train
宝马X3,2022-02-01,train
宝马X3,2022-03-01,train
宝马X3,2022-04-01,train
宝马X3,2022-05-01,train
宝马X3,2022-06-01,train
宝马X3,2022-07-01,train
宝马X3,2022-08-01,train
宝马X3,2022-09-01,train
宝马X3,2022-10-01,train
宝马X3,2022-11-01,train
宝马X3,2022-12-01,train
宝马X3,2023-01-01,train
宝马X3,2023-02-01,train
宝马X3,2023-03-01,train
宝马X3,2023-04-01,train
宝马X3,2023-05-01,train
宝马X3,2023-06-01,train
宝马X3,2023-07-01,train
宝马X3,2023-08-01,train
宝马X3,2023-09-01,train
宝马X3,2023-10-01,train
宝马X3,2023-11-01,train
宝马X3,2023-12-01,train
宝马X3,2024-01-01,train
宝马X3,2024-02-01,train
宝马X3,2024-03-01,train
宝马X3,2024-04-01,train
宝马X3,2024-05-01,train
宝马X3,2024-06-01,train
宝马X3,2024-07-01,train
宝马X3,2024-08-01,train
宝马X3,2024-09-01,train
宝马X3,2024-10-01,train
宝马X3,2024-11-01,train
宝马X3,2024-12-01,train
宝马X3,2025-01-01,train
宝马X3,2025-02-01,train
宝马X3,2025-03-01,train
宝马X3,2025-04-01,train
宝马X3,2025-05-01,train
宝马X3,2025-06-01,train
宝马X3,2025-07-01,val
宝马X3,2025-08-01,val
宝马X3,2025-09-01,val
宝马X3,2025-10-01,val
宝马X3,2025-11-01,val
宝马X3,2025-12-01,val
宝马X3,2026-01-01,test
宝马X3,2026-02-01,test
宝马X3,2026-03-01,test
宝马X3,2026-04-01,test
宝马X3,2026-05-01,test
宝马X3,2026-06-01,test
宝马X5,2022-01-01,train
宝马X5,2022-02-01,train
宝马X5,2022-03-01,train
宝马X5,2022-04-01,train
宝马X5,2022-05-01,train
宝马X5,2022-06-01,train
宝马X5,2022-07-01,train
宝马X5,2022-08-01,train
宝马X5,2022-09-01,train
宝马X5,2022-10-01,train
宝马X5,2022-11-01,train
宝马X5,2022-12-01,train
宝马X5,2023-01-01,train
宝马X5,2023-02-01,train
宝马X5,2023-03-01,train
宝马X5,2023-04-01,train
宝马X5,2023-05-01,train
宝马X5,2023-06-01,train
宝马X5,2023-07-01,train
宝马X5,2023-08-01,train
宝马X5,2023-09-01,train
宝马X5,2023-10-01,train
宝马X5,2023-11-01,train
宝马X5,2023-12-01,train
宝马X5,2024-01-01,train
宝马X5,2024-02-01,train
宝马X5,2024-03-01,train
宝马X5,2024-04-01,train
宝马X5,2024-05-01,train
宝马X5,2024-06-01,train
宝马X5,2024-07-01,train
宝马X5,2024-08-01,train
宝马X5,2024-09-01,train
宝马X5,2024-10-01,train
宝马X5,2024-11-01,train
宝马X5,2024-12-01,train
宝马X5,2025-01-01,train
宝马X5,2025-02-01,train
宝马X5,2025-03-01,train
宝马X5,2025-04-01,train
宝马X5,2025-05-01,train
宝马X5,2025-06-01,train
宝马X5,2025-07-01,val
宝马X5,2025-08-01,val
宝马X5,2025-09-01,val
宝马X5,2025-10-01,val
宝马X5,2025-11-01,val
宝马X5,2025-12-01,val
宝马X5,2026-01-01,test
宝马X5,2026-02-01,test
宝马X5,2026-03-01,test
宝马X5,2026-04-01,test
宝马X5,2026-05-01,test
宝马X5,2026-06-01,test
宝马i3,2022-01-01,train
宝马i3,2022-02-01,train
宝马i3,2022-03-01,train
宝马i3,2022-04-01,train
宝马i3,2022-05-01,train
宝马i3,2022-06-01,train
宝马i3,2022-07-01,train
宝马i3,2022-08-01,train
宝马i3,2022-09-01,train
宝马i3,2022-10-01,train
宝马i3,2022-11-01,train
宝马i3,2022-12-01,train
宝马i3,2023-01-01,train
宝马i3,2023-02-01,train
宝马i3,2023-03-01,train
宝马i3,2023-04-01,train
宝马i3,2023-05-01,train
宝马i3,2023-06-01,train
宝马i3,2023-07-01,train
宝马i3,2023-08-01,train
宝马i3,2023-09-01,train
宝马i3,2023-10-01,train
宝马i3,2023-11-01,train
宝马i3,2023-12-01,train
宝马i3,2024-01-01,train
宝马i3,2024-02-01,train
宝马i3,2024-03-01,train
宝马i3,2024-04-01,train
宝马i3,2024-05-01,train
宝马i3,2024-06-01,train
宝马i3,2024-07-01,train
宝马i3,2024-08-01,train
宝马i3,2024-09-01,train
宝马i3,2024-10-01,train
宝马i3,2024-11-01,train
宝马i3,2024-12-01,train
宝马i3,2025-01-01,train
宝马i3,2025-02-01,train
宝马i3,2025-03-01,train
宝马i3,2025-04-01,train
宝马i3,2025-05-01,train
宝马i3,2025-06-01,train
宝马i3,2025-07-01,val
宝马i3,2025-08-01,val
宝马i3,2025-09-01,val
宝马i3,2025-10-01,val
宝马i3,2025-11-01,val
宝马i3,2025-12-01,val
宝马i3,2026-01-01,test
宝马i3,2026-02-01,test
宝马i3,2026-03-01,test
宝马i3,2026-04-01,test
宝马i3,2026-05-01,test
宝马i3,2026-06-01,test
宝马i5,2022-01-01,train
宝马i5,2022-02-01,train
宝马i5,2022-03-01,train
宝马i5,2022-04-01,train
宝马i5,2022-05-01,train
宝马i5,2022-06-01,train
宝马i5,2022-07-01,train
宝马i5,2022-08-01,train
宝马i5,2022-09-01,train
宝马i5,2022-10-01,train
宝马i5,2022-11-01,train
宝马i5,2022-12-01,train
宝马i5,2023-01-01,train
宝马i5,2023-02-01,train
宝马i5,2023-03-01,train
宝马i5,2023-04-01,train
宝马i5,2023-05-01,train
宝马i5,2023-06-01,train
宝马i5,2023-07-01,train
宝马i5,2023-08-01,train
宝马i5,2023-09-01,train
宝马i5,2023-10-01,train
宝马i5,2023-11-01,train
宝马i5,2023-12-01,train
宝马i5,2024-01-01,train
宝马i5,2024-02-01,train
宝马i5,2024-03-01,train
宝马i5,2024-04-01,train
宝马i5,2024-05-01,train
宝马i5,2024-06-01,train
宝马i5,2024-07-01,train
宝马i5,2024-08-01,train
宝马i5,2024-09-01,train
宝马i5,2024-10-01,train
宝马i5,2024-11-01,train
宝马i5,2024-12-01,train
宝马i5,2025-01-01,train
宝马i5,2025-02-01,train
宝马i5,2025-03-01,train
宝马i5,2025-04-01,train
宝马i5,2025-05-01,train
宝马i5,2025-06-01,train
宝马i5,2025-07-01,val
宝马i5,2025-08-01,val
宝马i5,2025-09-01,val
宝马i5,2025-10-01,val
宝马i5,2025-11-01,val
宝马i5,2025-12-01,val
宝马i5,2026-01-01,test
宝马i5,2026-02-01,test
宝马i5,2026-03-01,test
宝马i5,2026-04-01,test
宝马i5,2026-05-01,test
宝马i5,2026-06-01,test
宝马iX1,2022-01-01,train
宝马iX1,2022-02-01,train
宝马iX1,2022-03-01,train
宝马iX1,2022-04-01,train
宝马iX1,2022-05-01,train
宝马iX1,2022-06-01,train
宝马iX1,2022-07-01,train
宝马iX1,2022-08-01,train
宝马iX1,2022-09-01,train
宝马iX1,2022-10-01,train
宝马iX1,2022-11-01,train
宝马iX1,2022-12-01,train
宝马iX1,2023-01-01,train
宝马iX1,2023-02-01,train
宝马iX1,2023-03-01,train
宝马iX1,2023-04-01,train
宝马iX1,2023-05-01,train
宝马iX1,2023-06-01,train
宝马iX1,2023-07-01,train
宝马iX1,2023-08-01,train
宝马iX1,2023-09-01,train
宝马iX1,2023-10-01,train
宝马iX1,2023-11-01,train
宝马iX1,2023-12-01,train
宝马iX1,2024-01-01,train
宝马iX1,2024-02-01,train
宝马iX1,2024-03-01,train
宝马iX1,2024-04-01,train
宝马iX1,2024-05-01,train
宝马iX1,2024-06-01,train
宝马iX1,2024-07-01,train
宝马iX1,2024-08-01,train
宝马iX1,2024-09-01,train
宝马iX1,2024-10-01,train
宝马iX1,2024-11-01,train
宝马iX1,2024-12-01,train
宝马iX1,2025-01-01,train
宝马iX1,2025-02-01,train
宝马iX1,2025-03-01,train
宝马iX1,2025-04-01,train
宝马iX1,2025-05-01,train
宝马iX1,2025-06-01,train
宝马iX1,2025-07-01,val
宝马iX1,2025-08-01,val
宝马iX1,2025-09-01,val
宝马iX1,2025-10-01,val
宝马iX1,2025-11-01,val
宝马iX1,2025-12-01,val
宝马iX1,2026-01-01,test
宝马iX1,2026-02-01,test
宝马iX1,2026-03-01,test
宝马iX1,2026-04-01,test
宝马iX1,2026-05-01,test
宝马iX1,2026-06-01,test
宝马iX3,2022-01-01,train
宝马iX3,2022-02-01,train
宝马iX3,2022-03-01,train
宝马iX3,2022-04-01,train
宝马iX3,2022-05-01,train
宝马iX3,2022-06-01,train
宝马iX3,2022-07-01,train
宝马iX3,2022-08-01,train
宝马iX3,2022-09-01,train
宝马iX3,2022-10-01,train
宝马iX3,2022-11-01,train
宝马iX3,2022-12-01,train
宝马iX3,2023-01-01,train
宝马iX3,2023-02-01,train
宝马iX3,2023-03-01,train
宝马iX3,2023-04-01,train
宝马iX3,2023-05-01,train
宝马iX3,2023-06-01,train
宝马iX3,2023-07-01,train
宝马iX3,2023-08-01,train
宝马iX3,2023-09-01,train
宝马iX3,2023-10-01,train
宝马iX3,2023-11-01,train
宝马iX3,2023-12-01,train
宝马iX3,2024-01-01,train
宝马iX3,2024-02-01,train
宝马iX3,2024-03-01,train
宝马iX3,2024-04-01,train
宝马iX3,2024-05-01,train
宝马iX3,2024-06-01,train
宝马iX3,2024-07-01,train
宝马iX3,2024-08-01,train
宝马iX3,2024-09-01,train
宝马iX3,2024-10-01,train
宝马iX3,2024-11-01,train
宝马iX3,2024-12-01,train
宝马iX3,2025-01-01,train
宝马iX3,2025-02-01,train
宝马iX3,2025-03-01,train
宝马iX3,2025-04-01,train
宝马iX3,2025-05-01,train
宝马iX3,2025-06-01,train
宝马iX3,2025-07-01,val
宝马iX3,2025-08-01,val
宝马iX3,2025-09-01,val
宝马iX3,2025-10-01,val
宝马iX3,2025-11-01,val
宝马iX3,2025-12-01,val
宝马iX3,2026-01-01,test
宝马iX3,2026-02-01,test
宝马iX3,2026-03-01,test
宝马iX3,2026-04-01,test
宝马iX3,2026-05-01,test
宝马iX3,2026-06-01,test
宝骏KiWi EV,2022-01-01,train
宝骏KiWi EV,2022-02-01,train
宝骏KiWi EV,2022-03-01,train
宝骏KiWi EV,2022-04-01,train
宝骏KiWi EV,2022-05-01,train
宝骏KiWi EV,2022-06-01,train
宝骏KiWi EV,2022-07-01,train
宝骏KiWi EV,2022-08-01,train
宝骏KiWi EV,2022-09-01,train
宝骏KiWi EV,2022-10-01,train
宝骏KiWi EV,2022-11-01,train
宝骏KiWi EV,2022-12-01,train
宝骏KiWi EV,2023-01-01,train
宝骏KiWi EV,2023-02-01,train
宝骏KiWi EV,2023-03-01,train
宝骏KiWi EV,2023-04-01,train
宝骏KiWi EV,2023-05-01,train
宝骏KiWi EV,2023-06-01,train
宝骏KiWi EV,2023-07-01,train
宝骏KiWi EV,2023-08-01,train
宝骏KiWi EV,2023-09-01,train
宝骏KiWi EV,2023-10-01,train
宝骏KiWi EV,2023-11-01,train
宝骏KiWi EV,2023-12-01,train
宝骏KiWi EV,2024-01-01,train
宝骏KiWi EV,2024-02-01,train
宝骏KiWi EV,2024-03-01,train
宝骏KiWi EV,2024-04-01,train
宝骏KiWi EV,2024-05-01,train
宝骏KiWi EV,2024-06-01,train
宝骏KiWi EV,2024-07-01,train
宝骏KiWi EV,2024-08-01,train
宝骏KiWi EV,2024-09-01,train
宝骏KiWi EV,2024-10-01,train
宝骏KiWi EV,2024-11-01,train
宝骏KiWi EV,2024-12-01,train
宝骏KiWi EV,2025-01-01,train
宝骏KiWi EV,2025-02-01,train
宝骏KiWi EV,2025-03-01,train
宝骏KiWi EV,2025-04-01,train
宝骏KiWi EV,2025-05-01,train
宝骏KiWi EV,2025-06-01,train
宝骏KiWi EV,2025-07-01,val
宝骏KiWi EV,2025-08-01,val
宝骏KiWi EV,2025-09-01,val
宝骏KiWi EV,2025-10-01,val
宝骏KiWi EV,2025-11-01,val
宝骏KiWi EV,2025-12-01,val
宝骏KiWi EV,2026-01-01,test
宝骏KiWi EV,2026-02-01,test
宝骏KiWi EV,2026-03-01,test
宝骏KiWi EV,2026-04-01,test
宝骏KiWi EV,2026-05-01,test
宝骏KiWi EV,2026-06-01,test
小米SU7,2022-01-01,train
小米SU7,2022-02-01,train
小米SU7,2022-03-01,train
小米SU7,2022-04-01,train
小米SU7,2022-05-01,train
小米SU7,2022-06-01,train
小米SU7,2022-07-01,train
小米SU7,2022-08-01,train
小米SU7,2022-09-01,train
小米SU7,2022-10-01,train
小米SU7,2022-11-01,train
小米SU7,2022-12-01,train
小米SU7,2023-01-01,train
小米SU7,2023-02-01,train
小米SU7,2023-03-01,train
小米SU7,2023-04-01,train
小米SU7,2023-05-01,train
小米SU7,2023-06-01,train
小米SU7,2023-07-01,train
小米SU7,2023-08-01,train
小米SU7,2023-09-01,train
小米SU7,2023-10-01,train
小米SU7,2023-11-01,train
小米SU7,2023-12-01,train
小米SU7,2024-01-01,train
小米SU7,2024-02-01,train
小米SU7,2024-03-01,train
小米SU7,2024-04-01,train
小米SU7,2024-05-01,train
小米SU7,2024-06-01,train
小米SU7,2024-07-01,train
小米SU7,2024-08-01,train
小米SU7,2024-09-01,train
小米SU7,2024-10-01,train
小米SU7,2024-11-01,train
小米SU7,2024-12-01,train
小米SU7,2025-01-01,train
小米SU7,2025-02-01,train
小米SU7,2025-03-01,train
小米SU7,2025-04-01,train
小米SU7,2025-05-01,train
小米SU7,2025-06-01,train
小米SU7,2025-07-01,val
小米SU7,2025-08-01,val
小米SU7,2025-09-01,val
小米SU7,2025-10-01,val
小米SU7,2025-11-01,val
小米SU7,2025-12-01,val
小米SU7,2026-01-01,test
小米SU7,2026-02-01,test
小米SU7,2026-03-01,test
小米SU7,2026-04-01,test
小米SU7,2026-05-01,test
小米SU7,2026-06-01,test
小虎FEV,2022-01-01,train
小虎FEV,2022-02-01,train
小虎FEV,2022-03-01,train
小虎FEV,2022-04-01,train
小虎FEV,2022-05-01,train
小虎FEV,2022-06-01,train
小虎FEV,2022-07-01,train
小虎FEV,2022-08-01,train
小虎FEV,2022-09-01,train
小虎FEV,2022-10-01,train
小虎FEV,2022-11-01,train
小虎FEV,2022-12-01,train
小虎FEV,2023-01-01,train
小虎FEV,2023-02-01,train
小虎FEV,2023-03-01,train
小虎FEV,2023-04-01,train
小虎FEV,2023-05-01,train
小虎FEV,2023-06-01,train
小虎FEV,2023-07-01,train
小虎FEV,2023-08-01,train
小虎FEV,2023-09-01,train
小虎FEV,2023-10-01,train
小虎FEV,2023-11-01,train
小虎FEV,2023-12-01,train
小虎FEV,2024-01-01,train
小虎FEV,2024-02-01,train
小虎FEV,2024-03-01,train
小虎FEV,2024-04-01,train
小虎FEV,2024-05-01,train
小虎FEV,2024-06-01,train
小虎FEV,2024-07-01,train
小虎FEV,2024-08-01,train
小虎FEV,2024-09-01,train
小虎FEV,2024-10-01,train
小虎FEV,2024-11-01,train
小虎FEV,2024-12-01,train
小虎FEV,2025-01-01,train
小虎FEV,2025-02-01,train
小虎FEV,2025-03-01,train
小虎FEV,2025-04-01,train
小虎FEV,2025-05-01,train
小虎FEV,2025-06-01,train
小虎FEV,2025-07-01,val
小虎FEV,2025-08-01,val
小虎FEV,2025-09-01,val
小虎FEV,2025-10-01,val
小虎FEV,2025-11-01,val
小虎FEV,2025-12-01,val
小虎FEV,2026-01-01,test
小虎FEV,2026-02-01,test
小虎FEV,2026-03-01,test
小虎FEV,2026-04-01,test
小虎FEV,2026-05-01,test
小虎FEV,2026-06-01,test
小鹏G3,2022-01-01,train
小鹏G3,2022-02-01,train
小鹏G3,2022-03-01,train
小鹏G3,2022-04-01,train
小鹏G3,2022-05-01,train
小鹏G3,2022-06-01,train
小鹏G3,2022-07-01,train
小鹏G3,2022-08-01,train
小鹏G3,2022-09-01,train
小鹏G3,2022-10-01,train
小鹏G3,2022-11-01,train
小鹏G3,2022-12-01,train
小鹏G3,2023-01-01,train
小鹏G3,2023-02-01,train
小鹏G3,2023-03-01,train
小鹏G3,2023-04-01,train
小鹏G3,2023-05-01,train
小鹏G3,2023-06-01,train
小鹏G3,2023-07-01,train
小鹏G3,2023-08-01,train
小鹏G3,2023-09-01,train
小鹏G3,2023-10-01,train
小鹏G3,2023-11-01,train
小鹏G3,2023-12-01,train
小鹏G3,2024-01-01,train
小鹏G3,2024-02-01,train
小鹏G3,2024-03-01,train
小鹏G3,2024-04-01,train
小鹏G3,2024-05-01,train
小鹏G3,2024-06-01,train
小鹏G3,2024-07-01,train
小鹏G3,2024-08-01,train
小鹏G3,2024-09-01,train
小鹏G3,2024-10-01,train
小鹏G3,2024-11-01,train
小鹏G3,2024-12-01,train
小鹏G3,2025-01-01,train
小鹏G3,2025-02-01,train
小鹏G3,2025-03-01,train
小鹏G3,2025-04-01,train
小鹏G3,2025-05-01,train
小鹏G3,2025-06-01,train
小鹏G3,2025-07-01,val
小鹏G3,2025-08-01,val
小鹏G3,2025-09-01,val
小鹏G3,2025-10-01,val
小鹏G3,2025-11-01,val
小鹏G3,2025-12-01,val
小鹏G3,2026-01-01,test
小鹏G3,2026-02-01,test
小鹏G3,2026-03-01,test
小鹏G3,2026-04-01,test
小鹏G3,2026-05-01,test
小鹏G3,2026-06-01,test
小鹏MONA M03,2022-01-01,train
小鹏MONA M03,2022-02-01,train
小鹏MONA M03,2022-03-01,train
小鹏MONA M03,2022-04-01,train
小鹏MONA M03,2022-05-01,train
小鹏MONA M03,2022-06-01,train
小鹏MONA M03,2022-07-01,train
小鹏MONA M03,2022-08-01,train
小鹏MONA M03,2022-09-01,train
小鹏MONA M03,2022-10-01,train
小鹏MONA M03,2022-11-01,train
小鹏MONA M03,2022-12-01,train
小鹏MONA M03,2023-01-01,train
小鹏MONA M03,2023-02-01,train
小鹏MONA M03,2023-03-01,train
小鹏MONA M03,2023-04-01,train
小鹏MONA M03,2023-05-01,train
小鹏MONA M03,2023-06-01,train
小鹏MONA M03,2023-07-01,train
小鹏MONA M03,2023-08-01,train
小鹏MONA M03,2023-09-01,train
小鹏MONA M03,2023-10-01,train
小鹏MONA M03,2023-11-01,train
小鹏MONA M03,2023-12-01,train
小鹏MONA M03,2024-01-01,train
小鹏MONA M03,2024-02-01,train
小鹏MONA M03,2024-03-01,train
小鹏MONA M03,2024-04-01,train
小鹏MONA M03,2024-05-01,train
小鹏MONA M03,2024-06-01,train
小鹏MONA M03,2024-07-01,train
小鹏MONA M03,2024-08-01,train
小鹏MONA M03,2024-09-01,train
小鹏MONA M03,2024-10-01,train
小鹏MONA M03,2024-11-01,train
小鹏MONA M03,2024-12-01,train
小鹏MONA M03,2025-01-01,train
小鹏MONA M03,2025-02-01,train
小鹏MONA M03,2025-03-01,train
小鹏MONA M03,2025-04-01,train
小鹏MONA M03,2025-05-01,train
小鹏MONA M03,2025-06-01,train
小鹏MONA M03,2025-07-01,val
小鹏MONA M03,2025-08-01,val
小鹏MONA M03,2025-09-01,val
小鹏MONA M03,2025-10-01,val
小鹏MONA M03,2025-11-01,val
小鹏MONA M03,2025-12-01,val
小鹏MONA M03,2026-01-01,test
小鹏MONA M03,2026-02-01,test
小鹏MONA M03,2026-03-01,test
小鹏MONA M03,2026-04-01,test
小鹏MONA M03,2026-05-01,test
小鹏MONA M03,2026-06-01,test
小鹏P5,2022-01-01,train
小鹏P5,2022-02-01,train
小鹏P5,2022-03-01,train
小鹏P5,2022-04-01,train
小鹏P5,2022-05-01,train
小鹏P5,2022-06-01,train
小鹏P5,2022-07-01,train
小鹏P5,2022-08-01,train
小鹏P5,2022-09-01,train
小鹏P5,2022-10-01,train
小鹏P5,2022-11-01,train
小鹏P5,2022-12-01,train
小鹏P5,2023-01-01,train
小鹏P5,2023-02-01,train
小鹏P5,2023-03-01,train
小鹏P5,2023-04-01,train
小鹏P5,2023-05-01,train
小鹏P5,2023-06-01,train
小鹏P5,2023-07-01,train
小鹏P5,2023-08-01,train
小鹏P5,2023-09-01,train
小鹏P5,2023-10-01,train
小鹏P5,2023-11-01,train
小鹏P5,2023-12-01,train
小鹏P5,2024-01-01,train
小鹏P5,2024-02-01,train
小鹏P5,2024-03-01,train
小鹏P5,2024-04-01,train
小鹏P5,2024-05-01,train
小鹏P5,2024-06-01,train
小鹏P5,2024-07-01,train
小鹏P5,2024-08-01,train
小鹏P5,2024-09-01,train
小鹏P5,2024-10-01,train
小鹏P5,2024-11-01,train
小鹏P5,2024-12-01,train
小鹏P5,2025-01-01,train
小鹏P5,2025-02-01,train
小鹏P5,2025-03-01,train
小鹏P5,2025-04-01,train
小鹏P5,2025-05-01,train
小鹏P5,2025-06-01,train
小鹏P5,2025-07-01,val
小鹏P5,2025-08-01,val
小鹏P5,2025-09-01,val
小鹏P5,2025-10-01,val
小鹏P5,2025-11-01,val
小鹏P5,2025-12-01,val
小鹏P5,2026-01-01,test
小鹏P5,2026-02-01,test
小鹏P5,2026-03-01,test
小鹏P5,2026-04-01,test
小鹏P5,2026-05-01,test
小鹏P5,2026-06-01,test
小鹏P7,2022-01-01,train
小鹏P7,2022-02-01,train
小鹏P7,2022-03-01,train
小鹏P7,2022-04-01,train
小鹏P7,2022-05-01,train
小鹏P7,2022-06-01,train
小鹏P7,2022-07-01,train
小鹏P7,2022-08-01,train
小鹏P7,2022-09-01,train
小鹏P7,2022-10-01,train
小鹏P7,2022-11-01,train
小鹏P7,2022-12-01,train
小鹏P7,2023-01-01,train
小鹏P7,2023-02-01,train
小鹏P7,2023-03-01,train
小鹏P7,2023-04-01,train
小鹏P7,2023-05-01,train
小鹏P7,2023-06-01,train
小鹏P7,2023-07-01,train
小鹏P7,2023-08-01,train
小鹏P7,2023-09-01,train
小鹏P7,2023-10-01,train
小鹏P7,2023-11-01,train
小鹏P7,2023-12-01,train
小鹏P7,2024-01-01,train
小鹏P7,2024-02-01,train
小鹏P7,2024-03-01,train
小鹏P7,2024-04-01,train
小鹏P7,2024-05-01,train
小鹏P7,2024-06-01,train
小鹏P7,2024-07-01,train
小鹏P7,2024-08-01,train
小鹏P7,2024-09-01,train
小鹏P7,2024-10-01,train
小鹏P7,2024-11-01,train
小鹏P7,2024-12-01,train
小鹏P7,2025-01-01,train
小鹏P7,2025-02-01,train
小鹏P7,2025-03-01,train
小鹏P7,2025-04-01,train
小鹏P7,2025-05-01,train
小鹏P7,2025-06-01,train
小鹏P7,2025-07-01,val
小鹏P7,2025-08-01,val
小鹏P7,2025-09-01,val
小鹏P7,2025-10-01,val
小鹏P7,2025-11-01,val
小鹏P7,2025-12-01,val
小鹏P7,2026-01-01,test
小鹏P7,2026-02-01,test
小鹏P7,2026-03-01,test
小鹏P7,2026-04-01,test
小鹏P7,2026-05-01,test
小鹏P7,2026-06-01,test
小鹏P7+,2022-01-01,train
小鹏P7+,2022-02-01,train
小鹏P7+,2022-03-01,train
小鹏P7+,2022-04-01,train
小鹏P7+,2022-05-01,train
小鹏P7+,2022-06-01,train
小鹏P7+,2022-07-01,train
小鹏P7+,2022-08-01,train
小鹏P7+,2022-09-01,train
小鹏P7+,2022-10-01,train
小鹏P7+,2022-11-01,train
小鹏P7+,2022-12-01,train
小鹏P7+,2023-01-01,train
小鹏P7+,2023-02-01,train
小鹏P7+,2023-03-01,train
小鹏P7+,2023-04-01,train
小鹏P7+,2023-05-01,train
小鹏P7+,2023-06-01,train
小鹏P7+,2023-07-01,train
小鹏P7+,2023-08-01,train
小鹏P7+,2023-09-01,train
小鹏P7+,2023-10-01,train
小鹏P7+,2023-11-01,train
小鹏P7+,2023-12-01,train
小鹏P7+,2024-01-01,train
小鹏P7+,2024-02-01,train
小鹏P7+,2024-03-01,train
小鹏P7+,2024-04-01,train
小鹏P7+,2024-05-01,train
小鹏P7+,2024-06-01,train
小鹏P7+,2024-07-01,train
小鹏P7+,2024-08-01,train
小鹏P7+,2024-09-01,train
小鹏P7+,2024-10-01,train
小鹏P7+,2024-11-01,train
小鹏P7+,2024-12-01,train
小鹏P7+,2025-01-01,train
小鹏P7+,2025-02-01,train
小鹏P7+,2025-03-01,train
小鹏P7+,2025-04-01,train
小鹏P7+,2025-05-01,train
小鹏P7+,2025-06-01,train
小鹏P7+,2025-07-01,val
小鹏P7+,2025-08-01,val
小鹏P7+,2025-09-01,val
小鹏P7+,2025-10-01,val
小鹏P7+,2025-11-01,val
小鹏P7+,2025-12-01,val
小鹏P7+,2026-01-01,test
小鹏P7+,2026-02-01,test
小鹏P7+,2026-03-01,test
小鹏P7+,2026-04-01,test
小鹏P7+,2026-05-01,test
小鹏P7+,2026-06-01,test
小鹏X9,2022-01-01,train
小鹏X9,2022-02-01,train
小鹏X9,2022-03-01,train
小鹏X9,2022-04-01,train
小鹏X9,2022-05-01,train
小鹏X9,2022-06-01,train
小鹏X9,2022-07-01,train
小鹏X9,2022-08-01,train
小鹏X9,2022-09-01,train
小鹏X9,2022-10-01,train
小鹏X9,2022-11-01,train
小鹏X9,2022-12-01,train
小鹏X9,2023-01-01,train
小鹏X9,2023-02-01,train
小鹏X9,2023-03-01,train
小鹏X9,2023-04-01,train
小鹏X9,2023-05-01,train
小鹏X9,2023-06-01,train
小鹏X9,2023-07-01,train
小鹏X9,2023-08-01,train
小鹏X9,2023-09-01,train
小鹏X9,2023-10-01,train
小鹏X9,2023-11-01,train
小鹏X9,2023-12-01,train
小鹏X9,2024-01-01,train
小鹏X9,2024-02-01,train
小鹏X9,2024-03-01,train
小鹏X9,2024-04-01,train
小鹏X9,2024-05-01,train
小鹏X9,2024-06-01,train
小鹏X9,2024-07-01,train
小鹏X9,2024-08-01,train
小鹏X9,2024-09-01,train
小鹏X9,2024-10-01,train
小鹏X9,2024-11-01,train
小鹏X9,2024-12-01,train
小鹏X9,2025-01-01,train
小鹏X9,2025-02-01,train
小鹏X9,2025-03-01,train
小鹏X9,2025-04-01,train
小鹏X9,2025-05-01,train
小鹏X9,2025-06-01,train
小鹏X9,2025-07-01,val
小鹏X9,2025-08-01,val
小鹏X9,2025-09-01,val
小鹏X9,2025-10-01,val
小鹏X9,2025-11-01,val
小鹏X9,2025-12-01,val
小鹏X9,2026-01-01,test
小鹏X9,2026-02-01,test
小鹏X9,2026-03-01,test
小鹏X9,2026-04-01,test
小鹏X9,2026-05-01,test
小鹏X9,2026-06-01,test
岚图梦想家,2022-01-01,train
岚图梦想家,2022-02-01,train
岚图梦想家,2022-03-01,train
岚图梦想家,2022-04-01,train
岚图梦想家,2022-05-01,train
岚图梦想家,2022-06-01,train
岚图梦想家,2022-07-01,train
岚图梦想家,2022-08-01,train
岚图梦想家,2022-09-01,train
岚图梦想家,2022-10-01,train
岚图梦想家,2022-11-01,train
岚图梦想家,2022-12-01,train
岚图梦想家,2023-01-01,train
岚图梦想家,2023-02-01,train
岚图梦想家,2023-03-01,train
岚图梦想家,2023-04-01,train
岚图梦想家,2023-05-01,train
岚图梦想家,2023-06-01,train
岚图梦想家,2023-07-01,train
岚图梦想家,2023-08-01,train
岚图梦想家,2023-09-01,train
岚图梦想家,2023-10-01,train
岚图梦想家,2023-11-01,train
岚图梦想家,2023-12-01,train
岚图梦想家,2024-01-01,train
岚图梦想家,2024-02-01,train
岚图梦想家,2024-03-01,train
岚图梦想家,2024-04-01,train
岚图梦想家,2024-05-01,train
岚图梦想家,2024-06-01,train
岚图梦想家,2024-07-01,train
岚图梦想家,2024-08-01,train
岚图梦想家,2024-09-01,train
岚图梦想家,2024-10-01,train
岚图梦想家,2024-11-01,train
岚图梦想家,2024-12-01,train
岚图梦想家,2025-01-01,train
岚图梦想家,2025-02-01,train
岚图梦想家,2025-03-01,train
岚图梦想家,2025-04-01,train
岚图梦想家,2025-05-01,train
岚图梦想家,2025-06-01,train
岚图梦想家,2025-07-01,val
岚图梦想家,2025-08-01,val
岚图梦想家,2025-09-01,val
岚图梦想家,2025-10-01,val
岚图梦想家,2025-11-01,val
岚图梦想家,2025-12-01,val
岚图梦想家,2026-01-01,test
岚图梦想家,2026-02-01,test
岚图梦想家,2026-03-01,test
岚图梦想家,2026-04-01,test
岚图梦想家,2026-05-01,test
岚图梦想家,2026-06-01,test
岚图追光L,2022-01-01,train
岚图追光L,2022-02-01,train
岚图追光L,2022-03-01,train
岚图追光L,2022-04-01,train
岚图追光L,2022-05-01,train
岚图追光L,2022-06-01,train
岚图追光L,2022-07-01,train
岚图追光L,2022-08-01,train
岚图追光L,2022-09-01,train
岚图追光L,2022-10-01,train
岚图追光L,2022-11-01,train
岚图追光L,2022-12-01,train
岚图追光L,2023-01-01,train
岚图追光L,2023-02-01,train
岚图追光L,2023-03-01,train
岚图追光L,2023-04-01,train
岚图追光L,2023-05-01,train
岚图追光L,2023-06-01,train
岚图追光L,2023-07-01,train
岚图追光L,2023-08-01,train
岚图追光L,2023-09-01,train
岚图追光L,2023-10-01,train
岚图追光L,2023-11-01,train
岚图追光L,2023-12-01,train
岚图追光L,2024-01-01,train
岚图追光L,2024-02-01,train
岚图追光L,2024-03-01,train
岚图追光L,2024-04-01,train
岚图追光L,2024-05-01,train
岚图追光L,2024-06-01,train
岚图追光L,2024-07-01,train
岚图追光L,2024-08-01,train
岚图追光L,2024-09-01,train
岚图追光L,2024-10-01,train
岚图追光L,2024-11-01,train
岚图追光L,2024-12-01,train
岚图追光L,2025-01-01,train
岚图追光L,2025-02-01,train
岚图追光L,2025-03-01,train
岚图追光L,2025-04-01,train
岚图追光L,2025-05-01,train
岚图追光L,2025-06-01,train
岚图追光L,2025-07-01,val
岚图追光L,2025-08-01,val
岚图追光L,2025-09-01,val
岚图追光L,2025-10-01,val
岚图追光L,2025-11-01,val
岚图追光L,2025-12-01,val
岚图追光L,2026-01-01,test
岚图追光L,2026-02-01,test
岚图追光L,2026-03-01,test
岚图追光L,2026-04-01,test
岚图追光L,2026-05-01,test
岚图追光L,2026-06-01,test
帕萨特,2022-01-01,train
帕萨特,2022-02-01,train
帕萨特,2022-03-01,train
帕萨特,2022-04-01,train
帕萨特,2022-05-01,train
帕萨特,2022-06-01,train
帕萨特,2022-07-01,train
帕萨特,2022-08-01,train
帕萨特,2022-09-01,train
帕萨特,2022-10-01,train
帕萨特,2022-11-01,train
帕萨特,2022-12-01,train
帕萨特,2023-01-01,train
帕萨特,2023-02-01,train
帕萨特,2023-03-01,train
帕萨特,2023-04-01,train
帕萨特,2023-05-01,train
帕萨特,2023-06-01,train
帕萨特,2023-07-01,train
帕萨特,2023-08-01,train
帕萨特,2023-09-01,train
帕萨特,2023-10-01,train
帕萨特,2023-11-01,train
帕萨特,2023-12-01,train
帕萨特,2024-01-01,train
帕萨特,2024-02-01,train
帕萨特,2024-03-01,train
帕萨特,2024-04-01,train
帕萨特,2024-05-01,train
帕萨特,2024-06-01,train
帕萨特,2024-07-01,train
帕萨特,2024-08-01,train
帕萨特,2024-09-01,train
帕萨特,2024-10-01,train
帕萨特,2024-11-01,train
帕萨特,2024-12-01,train
帕萨特,2025-01-01,train
帕萨特,2025-02-01,train
帕萨特,2025-03-01,train
帕萨特,2025-04-01,train
帕萨特,2025-05-01,train
帕萨特,2025-06-01,train
帕萨特,2025-07-01,val
帕萨特,2025-08-01,val
帕萨特,2025-09-01,val
帕萨特,2025-10-01,val
帕萨特,2025-11-01,val
帕萨特,2025-12-01,val
帕萨特,2026-01-01,test
帕萨特,2026-02-01,test
帕萨特,2026-03-01,test
帕萨特,2026-04-01,test
帕萨特,2026-05-01,test
帕萨特,2026-06-01,test
帕萨特新能源,2022-01-01,train
帕萨特新能源,2022-02-01,train
帕萨特新能源,2022-03-01,train
帕萨特新能源,2022-04-01,train
帕萨特新能源,2022-05-01,train
帕萨特新能源,2022-06-01,train
帕萨特新能源,2022-07-01,train
帕萨特新能源,2022-08-01,train
帕萨特新能源,2022-09-01,train
帕萨特新能源,2022-10-01,train
帕萨特新能源,2022-11-01,train
帕萨特新能源,2022-12-01,train
帕萨特新能源,2023-01-01,train
帕萨特新能源,2023-02-01,train
帕萨特新能源,2023-03-01,train
帕萨特新能源,2023-04-01,train
帕萨特新能源,2023-05-01,train
帕萨特新能源,2023-06-01,train
帕萨特新能源,2023-07-01,train
帕萨特新能源,2023-08-01,train
帕萨特新能源,2023-09-01,train
帕萨特新能源,2023-10-01,train
帕萨特新能源,2023-11-01,train
帕萨特新能源,2023-12-01,train
帕萨特新能源,2024-01-01,train
帕萨特新能源,2024-02-01,train
帕萨特新能源,2024-03-01,train
帕萨特新能源,2024-04-01,train
帕萨特新能源,2024-05-01,train
帕萨特新能源,2024-06-01,train
帕萨特新能源,2024-07-01,train
帕萨特新能源,2024-08-01,train
帕萨特新能源,2024-09-01,train
帕萨特新能源,2024-10-01,train
帕萨特新能源,2024-11-01,train
帕萨特新能源,2024-12-01,train
帕萨特新能源,2025-01-01,train
帕萨特新能源,2025-02-01,train
帕萨特新能源,2025-03-01,train
帕萨特新能源,2025-04-01,train
帕萨特新能源,2025-05-01,train
帕萨特新能源,2025-06-01,train
帕萨特新能源,2025-07-01,val
帕萨特新能源,2025-08-01,val
帕萨特新能源,2025-09-01,val
帕萨特新能源,2025-10-01,val
帕萨特新能源,2025-11-01,val
帕萨特新能源,2025-12-01,val
帕萨特新能源,2026-01-01,test
帕萨特新能源,2026-02-01,test
帕萨特新能源,2026-03-01,test
帕萨特新能源,2026-04-01,test
帕萨特新能源,2026-05-01,test
帕萨特新能源,2026-06-01,test
广汽本田P7,2022-01-01,train
广汽本田P7,2022-02-01,train
广汽本田P7,2022-03-01,train
广汽本田P7,2022-04-01,train
广汽本田P7,2022-05-01,train
广汽本田P7,2022-06-01,train
广汽本田P7,2022-07-01,train
广汽本田P7,2022-08-01,train
广汽本田P7,2022-09-01,train
广汽本田P7,2022-10-01,train
广汽本田P7,2022-11-01,train
广汽本田P7,2022-12-01,train
广汽本田P7,2023-01-01,train
广汽本田P7,2023-02-01,train
广汽本田P7,2023-03-01,train
广汽本田P7,2023-04-01,train
广汽本田P7,2023-05-01,train
广汽本田P7,2023-06-01,train
广汽本田P7,2023-07-01,train
广汽本田P7,2023-08-01,train
广汽本田P7,2023-09-01,train
广汽本田P7,2023-10-01,train
广汽本田P7,2023-11-01,train
广汽本田P7,2023-12-01,train
广汽本田P7,2024-01-01,train
广汽本田P7,2024-02-01,train
广汽本田P7,2024-03-01,train
广汽本田P7,2024-04-01,train
广汽本田P7,2024-05-01,train
广汽本田P7,2024-06-01,train
广汽本田P7,2024-07-01,train
广汽本田P7,2024-08-01,train
广汽本田P7,2024-09-01,train
广汽本田P7,2024-10-01,train
广汽本田P7,2024-11-01,train
广汽本田P7,2024-12-01,train
广汽本田P7,2025-01-01,train
广汽本田P7,2025-02-01,train
广汽本田P7,2025-03-01,train
广汽本田P7,2025-04-01,train
广汽本田P7,2025-05-01,train
广汽本田P7,2025-06-01,train
广汽本田P7,2025-07-01,val
广汽本田P7,2025-08-01,val
广汽本田P7,2025-09-01,val
广汽本田P7,2025-10-01,val
广汽本田P7,2025-11-01,val
广汽本田P7,2025-12-01,val
广汽本田P7,2026-01-01,test
广汽本田P7,2026-02-01,test
广汽本田P7,2026-03-01,test
广汽本田P7,2026-04-01,test
广汽本田P7,2026-05-01,test
广汽本田P7,2026-06-01,test
库斯途,2022-01-01,train
库斯途,2022-02-01,train
库斯途,2022-03-01,train
库斯途,2022-04-01,train
库斯途,2022-05-01,train
库斯途,2022-06-01,train
库斯途,2022-07-01,train
库斯途,2022-08-01,train
库斯途,2022-09-01,train
库斯途,2022-10-01,train
库斯途,2022-11-01,train
库斯途,2022-12-01,train
库斯途,2023-01-01,train
库斯途,2023-02-01,train
库斯途,2023-03-01,train
库斯途,2023-04-01,train
库斯途,2023-05-01,train
库斯途,2023-06-01,train
库斯途,2023-07-01,train
库斯途,2023-08-01,train
库斯途,2023-09-01,train
库斯途,2023-10-01,train
库斯途,2023-11-01,train
库斯途,2023-12-01,train
库斯途,2024-01-01,train
库斯途,2024-02-01,train
库斯途,2024-03-01,train
库斯途,2024-04-01,train
库斯途,2024-05-01,train
库斯途,2024-06-01,train
库斯途,2024-07-01,train
库斯途,2024-08-01,train
库斯途,2024-09-01,train
库斯途,2024-10-01,train
库斯途,2024-11-01,train
库斯途,2024-12-01,train
库斯途,2025-01-01,train
库斯途,2025-02-01,train
库斯途,2025-03-01,train
库斯途,2025-04-01,train
库斯途,2025-05-01,train
库斯途,2025-06-01,train
库斯途,2025-07-01,val
库斯途,2025-08-01,val
库斯途,2025-09-01,val
库斯途,2025-10-01,val
库斯途,2025-11-01,val
库斯途,2025-12-01,val
库斯途,2026-01-01,test
库斯途,2026-02-01,test
库斯途,2026-03-01,test
库斯途,2026-04-01,test
库斯途,2026-05-01,test
库斯途,2026-06-01,test
影豹,2022-01-01,train
影豹,2022-02-01,train
影豹,2022-03-01,train
影豹,2022-04-01,train
影豹,2022-05-01,train
影豹,2022-06-01,train
影豹,2022-07-01,train
影豹,2022-08-01,train
影豹,2022-09-01,train
影豹,2022-10-01,train
影豹,2022-11-01,train
影豹,2022-12-01,train
影豹,2023-01-01,train
影豹,2023-02-01,train
影豹,2023-03-01,train
影豹,2023-04-01,train
影豹,2023-05-01,train
影豹,2023-06-01,train
影豹,2023-07-01,train
影豹,2023-08-01,train
影豹,2023-09-01,train
影豹,2023-10-01,train
影豹,2023-11-01,train
影豹,2023-12-01,train
影豹,2024-01-01,train
影豹,2024-02-01,train
影豹,2024-03-01,train
影豹,2024-04-01,train
影豹,2024-05-01,train
影豹,2024-06-01,train
影豹,2024-07-01,train
影豹,2024-08-01,train
影豹,2024-09-01,train
影豹,2024-10-01,train
影豹,2024-11-01,train
影豹,2024-12-01,train
影豹,2025-01-01,train
影豹,2025-02-01,train
影豹,2025-03-01,train
影豹,2025-04-01,train
影豹,2025-05-01,train
影豹,2025-06-01,train
影豹,2025-07-01,val
影豹,2025-08-01,val
影豹,2025-09-01,val
影豹,2025-10-01,val
影豹,2025-11-01,val
影豹,2025-12-01,val
影豹,2026-01-01,test
影豹,2026-02-01,test
影豹,2026-03-01,test
影豹,2026-04-01,test
影豹,2026-05-01,test
影豹,2026-06-01,test
微蓝6,2022-01-01,train
微蓝6,2022-02-01,train
微蓝6,2022-03-01,train
微蓝6,2022-04-01,train
微蓝6,2022-05-01,train
微蓝6,2022-06-01,train
微蓝6,2022-07-01,train
微蓝6,2022-08-01,train
微蓝6,2022-09-01,train
微蓝6,2022-10-01,train
微蓝6,2022-11-01,train
微蓝6,2022-12-01,train
微蓝6,2023-01-01,train
微蓝6,2023-02-01,train
微蓝6,2023-03-01,train
微蓝6,2023-04-01,train
微蓝6,2023-05-01,train
微蓝6,2023-06-01,train
微蓝6,2023-07-01,train
微蓝6,2023-08-01,train
微蓝6,2023-09-01,train
微蓝6,2023-10-01,train
微蓝6,2023-11-01,train
微蓝6,2023-12-01,train
微蓝6,2024-01-01,train
微蓝6,2024-02-01,train
微蓝6,2024-03-01,train
微蓝6,2024-04-01,train
微蓝6,2024-05-01,train
微蓝6,2024-06-01,train
微蓝6,2024-07-01,train
微蓝6,2024-08-01,train
微蓝6,2024-09-01,train
微蓝6,2024-10-01,train
微蓝6,2024-11-01,train
微蓝6,2024-12-01,train
微蓝6,2025-01-01,train
微蓝6,2025-02-01,train
微蓝6,2025-03-01,train
微蓝6,2025-04-01,train
微蓝6,2025-05-01,train
微蓝6,2025-06-01,train
微蓝6,2025-07-01,val
微蓝6,2025-08-01,val
微蓝6,2025-09-01,val
微蓝6,2025-10-01,val
微蓝6,2025-11-01,val
微蓝6,2025-12-01,val
微蓝6,2026-01-01,test
微蓝6,2026-02-01,test
微蓝6,2026-03-01,test
微蓝6,2026-04-01,test
微蓝6,2026-05-01,test
微蓝6,2026-06-01,test
思域,2022-01-01,train
思域,2022-02-01,train
思域,2022-03-01,train
思域,2022-04-01,train
思域,2022-05-01,train
思域,2022-06-01,train
思域,2022-07-01,train
思域,2022-08-01,train
思域,2022-09-01,train
思域,2022-10-01,train
思域,2022-11-01,train
思域,2022-12-01,train
思域,2023-01-01,train
思域,2023-02-01,train
思域,2023-03-01,train
思域,2023-04-01,train
思域,2023-05-01,train
思域,2023-06-01,train
思域,2023-07-01,train
思域,2023-08-01,train
思域,2023-09-01,train
思域,2023-10-01,train
思域,2023-11-01,train
思域,2023-12-01,train
思域,2024-01-01,train
思域,2024-02-01,train
思域,2024-03-01,train
思域,2024-04-01,train
思域,2024-05-01,train
思域,2024-06-01,train
思域,2024-07-01,train
思域,2024-08-01,train
思域,2024-09-01,train
思域,2024-10-01,train
思域,2024-11-01,train
思域,2024-12-01,train
思域,2025-01-01,train
思域,2025-02-01,train
思域,2025-03-01,train
思域,2025-04-01,train
思域,2025-05-01,train
思域,2025-06-01,train
思域,2025-07-01,val
思域,2025-08-01,val
思域,2025-09-01,val
思域,2025-10-01,val
思域,2025-11-01,val
思域,2025-12-01,val
思域,2026-01-01,test
思域,2026-02-01,test
思域,2026-03-01,test
思域,2026-04-01,test
思域,2026-05-01,test
思域,2026-06-01,test
悦意03,2022-01-01,train
悦意03,2022-02-01,train
悦意03,2022-03-01,train
悦意03,2022-04-01,train
悦意03,2022-05-01,train
悦意03,2022-06-01,train
悦意03,2022-07-01,train
悦意03,2022-08-01,train
悦意03,2022-09-01,train
悦意03,2022-10-01,train
悦意03,2022-11-01,train
悦意03,2022-12-01,train
悦意03,2023-01-01,train
悦意03,2023-02-01,train
悦意03,2023-03-01,train
悦意03,2023-04-01,train
悦意03,2023-05-01,train
悦意03,2023-06-01,train
悦意03,2023-07-01,train
悦意03,2023-08-01,train
悦意03,2023-09-01,train
悦意03,2023-10-01,train
悦意03,2023-11-01,train
悦意03,2023-12-01,train
悦意03,2024-01-01,train
悦意03,2024-02-01,train
悦意03,2024-03-01,train
悦意03,2024-04-01,train
悦意03,2024-05-01,train
悦意03,2024-06-01,train
悦意03,2024-07-01,train
悦意03,2024-08-01,train
悦意03,2024-09-01,train
悦意03,2024-10-01,train
悦意03,2024-11-01,train
悦意03,2024-12-01,train
悦意03,2025-01-01,train
悦意03,2025-02-01,train
悦意03,2025-03-01,train
悦意03,2025-04-01,train
悦意03,2025-05-01,train
悦意03,2025-06-01,train
悦意03,2025-07-01,val
悦意03,2025-08-01,val
悦意03,2025-09-01,val
悦意03,2025-10-01,val
悦意03,2025-11-01,val
悦意03,2025-12-01,val
悦意03,2026-01-01,test
悦意03,2026-02-01,test
悦意03,2026-03-01,test
悦意03,2026-04-01,test
悦意03,2026-05-01,test
悦意03,2026-06-01,test
悦意07,2022-01-01,train
悦意07,2022-02-01,train
悦意07,2022-03-01,train
悦意07,2022-04-01,train
悦意07,2022-05-01,train
悦意07,2022-06-01,train
悦意07,2022-07-01,train
悦意07,2022-08-01,train
悦意07,2022-09-01,train
悦意07,2022-10-01,train
悦意07,2022-11-01,train
悦意07,2022-12-01,train
悦意07,2023-01-01,train
悦意07,2023-02-01,train
悦意07,2023-03-01,train
悦意07,2023-04-01,train
悦意07,2023-05-01,train
悦意07,2023-06-01,train
悦意07,2023-07-01,train
悦意07,2023-08-01,train
悦意07,2023-09-01,train
悦意07,2023-10-01,train
悦意07,2023-11-01,train
悦意07,2023-12-01,train
悦意07,2024-01-01,train
悦意07,2024-02-01,train
悦意07,2024-03-01,train
悦意07,2024-04-01,train
悦意07,2024-05-01,train
悦意07,2024-06-01,train
悦意07,2024-07-01,train
悦意07,2024-08-01,train
悦意07,2024-09-01,train
悦意07,2024-10-01,train
悦意07,2024-11-01,train
悦意07,2024-12-01,train
悦意07,2025-01-01,train
悦意07,2025-02-01,train
悦意07,2025-03-01,train
悦意07,2025-04-01,train
悦意07,2025-05-01,train
悦意07,2025-06-01,train
悦意07,2025-07-01,val
悦意07,2025-08-01,val
悦意07,2025-09-01,val
悦意07,2025-10-01,val
悦意07,2025-11-01,val
悦意07,2025-12-01,val
悦意07,2026-01-01,test
悦意07,2026-02-01,test
悦意07,2026-03-01,test
悦意07,2026-04-01,test
悦意07,2026-05-01,test
悦意07,2026-06-01,test
护卫舰07,2022-01-01,train
护卫舰07,2022-02-01,train
护卫舰07,2022-03-01,train
护卫舰07,2022-04-01,train
护卫舰07,2022-05-01,train
护卫舰07,2022-06-01,train
护卫舰07,2022-07-01,train
护卫舰07,2022-08-01,train
护卫舰07,2022-09-01,train
护卫舰07,2022-10-01,train
护卫舰07,2022-11-01,train
护卫舰07,2022-12-01,train
护卫舰07,2023-01-01,train
护卫舰07,2023-02-01,train
护卫舰07,2023-03-01,train
护卫舰07,2023-04-01,train
护卫舰07,2023-05-01,train
护卫舰07,2023-06-01,train
护卫舰07,2023-07-01,train
护卫舰07,2023-08-01,train
护卫舰07,2023-09-01,train
护卫舰07,2023-10-01,train
护卫舰07,2023-11-01,train
护卫舰07,2023-12-01,train
护卫舰07,2024-01-01,train
护卫舰07,2024-02-01,train
护卫舰07,2024-03-01,train
护卫舰07,2024-04-01,train
护卫舰07,2024-05-01,train
护卫舰07,2024-06-01,train
护卫舰07,2024-07-01,train
护卫舰07,2024-08-01,train
护卫舰07,2024-09-01,train
护卫舰07,2024-10-01,train
护卫舰07,2024-11-01,train
护卫舰07,2024-12-01,train
护卫舰07,2025-01-01,train
护卫舰07,2025-02-01,train
护卫舰07,2025-03-01,train
护卫舰07,2025-04-01,train
护卫舰07,2025-05-01,train
护卫舰07,2025-06-01,train
护卫舰07,2025-07-01,val
护卫舰07,2025-08-01,val
护卫舰07,2025-09-01,val
护卫舰07,2025-10-01,val
护卫舰07,2025-11-01,val
护卫舰07,2025-12-01,val
护卫舰07,2026-01-01,test
护卫舰07,2026-02-01,test
护卫舰07,2026-03-01,test
护卫舰07,2026-04-01,test
护卫舰07,2026-05-01,test
护卫舰07,2026-06-01,test
捷豹XEL,2022-01-01,train
捷豹XEL,2022-02-01,train
捷豹XEL,2022-03-01,train
捷豹XEL,2022-04-01,train
捷豹XEL,2022-05-01,train
捷豹XEL,2022-06-01,train
捷豹XEL,2022-07-01,train
捷豹XEL,2022-08-01,train
捷豹XEL,2022-09-01,train
捷豹XEL,2022-10-01,train
捷豹XEL,2022-11-01,train
捷豹XEL,2022-12-01,train
捷豹XEL,2023-01-01,train
捷豹XEL,2023-02-01,train
捷豹XEL,2023-03-01,train
捷豹XEL,2023-04-01,train
捷豹XEL,2023-05-01,train
捷豹XEL,2023-06-01,train
捷豹XEL,2023-07-01,train
捷豹XEL,2023-08-01,train
捷豹XEL,2023-09-01,train
捷豹XEL,2023-10-01,train
捷豹XEL,2023-11-01,train
捷豹XEL,2023-12-01,train
捷豹XEL,2024-01-01,train
捷豹XEL,2024-02-01,train
捷豹XEL,2024-03-01,train
捷豹XEL,2024-04-01,train
捷豹XEL,2024-05-01,train
捷豹XEL,2024-06-01,train
捷豹XEL,2024-07-01,train
捷豹XEL,2024-08-01,train
捷豹XEL,2024-09-01,train
捷豹XEL,2024-10-01,train
捷豹XEL,2024-11-01,train
捷豹XEL,2024-12-01,train
捷豹XEL,2025-01-01,train
捷豹XEL,2025-02-01,train
捷豹XEL,2025-03-01,train
捷豹XEL,2025-04-01,train
捷豹XEL,2025-05-01,train
捷豹XEL,2025-06-01,train
捷豹XEL,2025-07-01,val
捷豹XEL,2025-08-01,val
捷豹XEL,2025-09-01,val
捷豹XEL,2025-10-01,val
捷豹XEL,2025-11-01,val
捷豹XEL,2025-12-01,val
捷豹XEL,2026-01-01,test
捷豹XEL,2026-02-01,test
捷豹XEL,2026-03-01,test
捷豹XEL,2026-04-01,test
捷豹XEL,2026-05-01,test
捷豹XEL,2026-06-01,test
捷豹XFL,2022-01-01,train
捷豹XFL,2022-02-01,train
捷豹XFL,2022-03-01,train
捷豹XFL,2022-04-01,train
捷豹XFL,2022-05-01,train
捷豹XFL,2022-06-01,train
捷豹XFL,2022-07-01,train
捷豹XFL,2022-08-01,train
捷豹XFL,2022-09-01,train
捷豹XFL,2022-10-01,train
捷豹XFL,2022-11-01,train
捷豹XFL,2022-12-01,train
捷豹XFL,2023-01-01,train
捷豹XFL,2023-02-01,train
捷豹XFL,2023-03-01,train
捷豹XFL,2023-04-01,train
捷豹XFL,2023-05-01,train
捷豹XFL,2023-06-01,train
捷豹XFL,2023-07-01,train
捷豹XFL,2023-08-01,train
捷豹XFL,2023-09-01,train
捷豹XFL,2023-10-01,train
捷豹XFL,2023-11-01,train
捷豹XFL,2023-12-01,train
捷豹XFL,2024-01-01,train
捷豹XFL,2024-02-01,train
捷豹XFL,2024-03-01,train
捷豹XFL,2024-04-01,train
捷豹XFL,2024-05-01,train
捷豹XFL,2024-06-01,train
捷豹XFL,2024-07-01,train
捷豹XFL,2024-08-01,train
捷豹XFL,2024-09-01,train
捷豹XFL,2024-10-01,train
捷豹XFL,2024-11-01,train
捷豹XFL,2024-12-01,train
捷豹XFL,2025-01-01,train
捷豹XFL,2025-02-01,train
捷豹XFL,2025-03-01,train
捷豹XFL,2025-04-01,train
捷豹XFL,2025-05-01,train
捷豹XFL,2025-06-01,train
捷豹XFL,2025-07-01,val
捷豹XFL,2025-08-01,val
捷豹XFL,2025-09-01,val
捷豹XFL,2025-10-01,val
捷豹XFL,2025-11-01,val
捷豹XFL,2025-12-01,val
捷豹XFL,2026-01-01,test
捷豹XFL,2026-02-01,test
捷豹XFL,2026-03-01,test
捷豹XFL,2026-04-01,test
捷豹XFL,2026-05-01,test
捷豹XFL,2026-06-01,test
捷达VA3,2022-01-01,train
捷达VA3,2022-02-01,train
捷达VA3,2022-03-01,train
捷达VA3,2022-04-01,train
捷达VA3,2022-05-01,train
捷达VA3,2022-06-01,train
捷达VA3,2022-07-01,train
捷达VA3,2022-08-01,train
捷达VA3,2022-09-01,train
捷达VA3,2022-10-01,train
捷达VA3,2022-11-01,train
捷达VA3,2022-12-01,train
捷达VA3,2023-01-01,train
捷达VA3,2023-02-01,train
捷达VA3,2023-03-01,train
捷达VA3,2023-04-01,train
捷达VA3,2023-05-01,train
捷达VA3,2023-06-01,train
捷达VA3,2023-07-01,train
捷达VA3,2023-08-01,train
捷达VA3,2023-09-01,train
捷达VA3,2023-10-01,train
捷达VA3,2023-11-01,train
捷达VA3,2023-12-01,train
捷达VA3,2024-01-01,train
捷达VA3,2024-02-01,train
捷达VA3,2024-03-01,train
捷达VA3,2024-04-01,train
捷达VA3,2024-05-01,train
捷达VA3,2024-06-01,train
捷达VA3,2024-07-01,train
捷达VA3,2024-08-01,train
捷达VA3,2024-09-01,train
捷达VA3,2024-10-01,train
捷达VA3,2024-11-01,train
捷达VA3,2024-12-01,train
捷达VA3,2025-01-01,train
捷达VA3,2025-02-01,train
捷达VA3,2025-03-01,train
捷达VA3,2025-04-01,train
捷达VA3,2025-05-01,train
捷达VA3,2025-06-01,train
捷达VA3,2025-07-01,val
捷达VA3,2025-08-01,val
捷达VA3,2025-09-01,val
捷达VA3,2025-10-01,val
捷达VA3,2025-11-01,val
捷达VA3,2025-12-01,val
捷达VA3,2026-01-01,test
捷达VA3,2026-02-01,test
捷达VA3,2026-03-01,test
捷达VA3,2026-04-01,test
捷达VA3,2026-05-01,test
捷达VA3,2026-06-01,test
捷达VA7,2022-01-01,train
捷达VA7,2022-02-01,train
捷达VA7,2022-03-01,train
捷达VA7,2022-04-01,train
捷达VA7,2022-05-01,train
捷达VA7,2022-06-01,train
捷达VA7,2022-07-01,train
捷达VA7,2022-08-01,train
捷达VA7,2022-09-01,train
捷达VA7,2022-10-01,train
捷达VA7,2022-11-01,train
捷达VA7,2022-12-01,train
捷达VA7,2023-01-01,train
捷达VA7,2023-02-01,train
捷达VA7,2023-03-01,train
捷达VA7,2023-04-01,train
捷达VA7,2023-05-01,train
捷达VA7,2023-06-01,train
捷达VA7,2023-07-01,train
捷达VA7,2023-08-01,train
捷达VA7,2023-09-01,train
捷达VA7,2023-10-01,train
捷达VA7,2023-11-01,train
捷达VA7,2023-12-01,train
捷达VA7,2024-01-01,train
捷达VA7,2024-02-01,train
捷达VA7,2024-03-01,train
捷达VA7,2024-04-01,train
捷达VA7,2024-05-01,train
捷达VA7,2024-06-01,train
捷达VA7,2024-07-01,train
捷达VA7,2024-08-01,train
捷达VA7,2024-09-01,train
捷达VA7,2024-10-01,train
捷达VA7,2024-11-01,train
捷达VA7,2024-12-01,train
捷达VA7,2025-01-01,train
捷达VA7,2025-02-01,train
捷达VA7,2025-03-01,train
捷达VA7,2025-04-01,train
捷达VA7,2025-05-01,train
捷达VA7,2025-06-01,train
捷达VA7,2025-07-01,val
捷达VA7,2025-08-01,val
捷达VA7,2025-09-01,val
捷达VA7,2025-10-01,val
捷达VA7,2025-11-01,val
捷达VA7,2025-12-01,val
捷达VA7,2026-01-01,test
捷达VA7,2026-02-01,test
捷达VA7,2026-03-01,test
捷达VA7,2026-04-01,test
捷达VA7,2026-05-01,test
捷达VA7,2026-06-01,test
探岳,2022-01-01,train
探岳,2022-02-01,train
探岳,2022-03-01,train
探岳,2022-04-01,train
探岳,2022-05-01,train
探岳,2022-06-01,train
探岳,2022-07-01,train
探岳,2022-08-01,train
探岳,2022-09-01,train
探岳,2022-10-01,train
探岳,2022-11-01,train
探岳,2022-12-01,train
探岳,2023-01-01,train
探岳,2023-02-01,train
探岳,2023-03-01,train
探岳,2023-04-01,train
探岳,2023-05-01,train
探岳,2023-06-01,train
探岳,2023-07-01,train
探岳,2023-08-01,train
探岳,2023-09-01,train
探岳,2023-10-01,train
探岳,2023-11-01,train
探岳,2023-12-01,train
探岳,2024-01-01,train
探岳,2024-02-01,train
探岳,2024-03-01,train
探岳,2024-04-01,train
探岳,2024-05-01,train
探岳,2024-06-01,train
探岳,2024-07-01,train
探岳,2024-08-01,train
探岳,2024-09-01,train
探岳,2024-10-01,train
探岳,2024-11-01,train
探岳,2024-12-01,train
探岳,2025-01-01,train
探岳,2025-02-01,train
探岳,2025-03-01,train
探岳,2025-04-01,train
探岳,2025-05-01,train
探岳,2025-06-01,train
探岳,2025-07-01,val
探岳,2025-08-01,val
探岳,2025-09-01,val
探岳,2025-10-01,val
探岳,2025-11-01,val
探岳,2025-12-01,val
探岳,2026-01-01,test
探岳,2026-02-01,test
探岳,2026-03-01,test
探岳,2026-04-01,test
探岳,2026-05-01,test
探岳,2026-06-01,test
探岳X,2022-01-01,train
探岳X,2022-02-01,train
探岳X,2022-03-01,train
探岳X,2022-04-01,train
探岳X,2022-05-01,train
探岳X,2022-06-01,train
探岳X,2022-07-01,train
探岳X,2022-08-01,train
探岳X,2022-09-01,train
探岳X,2022-10-01,train
探岳X,2022-11-01,train
探岳X,2022-12-01,train
探岳X,2023-01-01,train
探岳X,2023-02-01,train
探岳X,2023-03-01,train
探岳X,2023-04-01,train
探岳X,2023-05-01,train
探岳X,2023-06-01,train
探岳X,2023-07-01,train
探岳X,2023-08-01,train
探岳X,2023-09-01,train
探岳X,2023-10-01,train
探岳X,2023-11-01,train
探岳X,2023-12-01,train
探岳X,2024-01-01,train
探岳X,2024-02-01,train
探岳X,2024-03-01,train
探岳X,2024-04-01,train
探岳X,2024-05-01,train
探岳X,2024-06-01,train
探岳X,2024-07-01,train
探岳X,2024-08-01,train
探岳X,2024-09-01,train
探岳X,2024-10-01,train
探岳X,2024-11-01,train
探岳X,2024-12-01,train
探岳X,2025-01-01,train
探岳X,2025-02-01,train
探岳X,2025-03-01,train
探岳X,2025-04-01,train
探岳X,2025-05-01,train
探岳X,2025-06-01,train
探岳X,2025-07-01,val
探岳X,2025-08-01,val
探岳X,2025-09-01,val
探岳X,2025-10-01,val
探岳X,2025-11-01,val
探岳X,2025-12-01,val
探岳X,2026-01-01,test
探岳X,2026-02-01,test
探岳X,2026-03-01,test
探岳X,2026-04-01,test
探岳X,2026-05-01,test
探岳X,2026-06-01,test
探界者,2022-01-01,train
探界者,2022-02-01,train
探界者,2022-03-01,train
探界者,2022-04-01,train
探界者,2022-05-01,train
探界者,2022-06-01,train
探界者,2022-07-01,train
探界者,2022-08-01,train
探界者,2022-09-01,train
探界者,2022-10-01,train
探界者,2022-11-01,train
探界者,2022-12-01,train
探界者,2023-01-01,train
探界者,2023-02-01,train
探界者,2023-03-01,train
探界者,2023-04-01,train
探界者,2023-05-01,train
探界者,2023-06-01,train
探界者,2023-07-01,train
探界者,2023-08-01,train
探界者,2023-09-01,train
探界者,2023-10-01,train
探界者,2023-11-01,train
探界者,2023-12-01,train
探界者,2024-01-01,train
探界者,2024-02-01,train
探界者,2024-03-01,train
探界者,2024-04-01,train
探界者,2024-05-01,train
探界者,2024-06-01,train
探界者,2024-07-01,train
探界者,2024-08-01,train
探界者,2024-09-01,train
探界者,2024-10-01,train
探界者,2024-11-01,train
探界者,2024-12-01,train
探界者,2025-01-01,train
探界者,2025-02-01,train
探界者,2025-03-01,train
探界者,2025-04-01,train
探界者,2025-05-01,train
探界者,2025-06-01,train
探界者,2025-07-01,val
探界者,2025-08-01,val
探界者,2025-09-01,val
探界者,2025-10-01,val
探界者,2025-11-01,val
探界者,2025-12-01,val
探界者,2026-01-01,test
探界者,2026-02-01,test
探界者,2026-03-01,test
探界者,2026-04-01,test
探界者,2026-05-01,test
探界者,2026-06-01,test
探险者,2022-01-01,train
探险者,2022-02-01,train
探险者,2022-03-01,train
探险者,2022-04-01,train
探险者,2022-05-01,train
探险者,2022-06-01,train
探险者,2022-07-01,train
探险者,2022-08-01,train
探险者,2022-09-01,train
探险者,2022-10-01,train
探险者,2022-11-01,train
探险者,2022-12-01,train
探险者,2023-01-01,train
探险者,2023-02-01,train
探险者,2023-03-01,train
探险者,2023-04-01,train
探险者,2023-05-01,train
探险者,2023-06-01,train
探险者,2023-07-01,train
探险者,2023-08-01,train
探险者,2023-09-01,train
探险者,2023-10-01,train
探险者,2023-11-01,train
探险者,2023-12-01,train
探险者,2024-01-01,train
探险者,2024-02-01,train
探险者,2024-03-01,train
探险者,2024-04-01,train
探险者,2024-05-01,train
探险者,2024-06-01,train
探险者,2024-07-01,train
探险者,2024-08-01,train
探险者,2024-09-01,train
探险者,2024-10-01,train
探险者,2024-11-01,train
探险者,2024-12-01,train
探险者,2025-01-01,train
探险者,2025-02-01,train
探险者,2025-03-01,train
探险者,2025-04-01,train
探险者,2025-05-01,train
探险者,2025-06-01,train
探险者,2025-07-01,val
探险者,2025-08-01,val
探险者,2025-09-01,val
探险者,2025-10-01,val
探险者,2025-11-01,val
探险者,2025-12-01,val
探险者,2026-01-01,test
探险者,2026-02-01,test
探险者,2026-03-01,test
探险者,2026-04-01,test
探险者,2026-05-01,test
探险者,2026-06-01,test
揽境,2022-01-01,train
揽境,2022-02-01,train
揽境,2022-03-01,train
揽境,2022-04-01,train
揽境,2022-05-01,train
揽境,2022-06-01,train
揽境,2022-07-01,train
揽境,2022-08-01,train
揽境,2022-09-01,train
揽境,2022-10-01,train
揽境,2022-11-01,train
揽境,2022-12-01,train
揽境,2023-01-01,train
揽境,2023-02-01,train
揽境,2023-03-01,train
揽境,2023-04-01,train
揽境,2023-05-01,train
揽境,2023-06-01,train
揽境,2023-07-01,train
揽境,2023-08-01,train
揽境,2023-09-01,train
揽境,2023-10-01,train
揽境,2023-11-01,train
揽境,2023-12-01,train
揽境,2024-01-01,train
揽境,2024-02-01,train
揽境,2024-03-01,train
揽境,2024-04-01,train
揽境,2024-05-01,train
揽境,2024-06-01,train
揽境,2024-07-01,train
揽境,2024-08-01,train
揽境,2024-09-01,train
揽境,2024-10-01,train
揽境,2024-11-01,train
揽境,2024-12-01,train
揽境,2025-01-01,train
揽境,2025-02-01,train
揽境,2025-03-01,train
揽境,2025-04-01,train
揽境,2025-05-01,train
揽境,2025-06-01,train
揽境,2025-07-01,val
揽境,2025-08-01,val
揽境,2025-09-01,val
揽境,2025-10-01,val
揽境,2025-11-01,val
揽境,2025-12-01,val
揽境,2026-01-01,test
揽境,2026-02-01,test
揽境,2026-03-01,test
揽境,2026-04-01,test
揽境,2026-05-01,test
揽境,2026-06-01,test
揽巡,2022-01-01,train
揽巡,2022-02-01,train
揽巡,2022-03-01,train
揽巡,2022-04-01,train
揽巡,2022-05-01,train
揽巡,2022-06-01,train
揽巡,2022-07-01,train
揽巡,2022-08-01,train
揽巡,2022-09-01,train
揽巡,2022-10-01,train
揽巡,2022-11-01,train
揽巡,2022-12-01,train
揽巡,2023-01-01,train
揽巡,2023-02-01,train
揽巡,2023-03-01,train
揽巡,2023-04-01,train
揽巡,2023-05-01,train
揽巡,2023-06-01,train
揽巡,2023-07-01,train
揽巡,2023-08-01,train
揽巡,2023-09-01,train
揽巡,2023-10-01,train
揽巡,2023-11-01,train
揽巡,2023-12-01,train
揽巡,2024-01-01,train
揽巡,2024-02-01,train
揽巡,2024-03-01,train
揽巡,2024-04-01,train
揽巡,2024-05-01,train
揽巡,2024-06-01,train
揽巡,2024-07-01,train
揽巡,2024-08-01,train
揽巡,2024-09-01,train
揽巡,2024-10-01,train
揽巡,2024-11-01,train
揽巡,2024-12-01,train
揽巡,2025-01-01,train
揽巡,2025-02-01,train
揽巡,2025-03-01,train
揽巡,2025-04-01,train
揽巡,2025-05-01,train
揽巡,2025-06-01,train
揽巡,2025-07-01,val
揽巡,2025-08-01,val
揽巡,2025-09-01,val
揽巡,2025-10-01,val
揽巡,2025-11-01,val
揽巡,2025-12-01,val
揽巡,2026-01-01,test
揽巡,2026-02-01,test
揽巡,2026-03-01,test
揽巡,2026-04-01,test
揽巡,2026-05-01,test
揽巡,2026-06-01,test
摩卡,2022-01-01,train
摩卡,2022-02-01,train
摩卡,2022-03-01,train
摩卡,2022-04-01,train
摩卡,2022-05-01,train
摩卡,2022-06-01,train
摩卡,2022-07-01,train
摩卡,2022-08-01,train
摩卡,2022-09-01,train
摩卡,2022-10-01,train
摩卡,2022-11-01,train
摩卡,2022-12-01,train
摩卡,2023-01-01,train
摩卡,2023-02-01,train
摩卡,2023-03-01,train
摩卡,2023-04-01,train
摩卡,2023-05-01,train
摩卡,2023-06-01,train
摩卡,2023-07-01,train
摩卡,2023-08-01,train
摩卡,2023-09-01,train
摩卡,2023-10-01,train
摩卡,2023-11-01,train
摩卡,2023-12-01,train
摩卡,2024-01-01,train
摩卡,2024-02-01,train
摩卡,2024-03-01,train
摩卡,2024-04-01,train
摩卡,2024-05-01,train
摩卡,2024-06-01,train
摩卡,2024-07-01,train
摩卡,2024-08-01,train
摩卡,2024-09-01,train
摩卡,2024-10-01,train
摩卡,2024-11-01,train
摩卡,2024-12-01,train
摩卡,2025-01-01,train
摩卡,2025-02-01,train
摩卡,2025-03-01,train
摩卡,2025-04-01,train
摩卡,2025-05-01,train
摩卡,2025-06-01,train
摩卡,2025-07-01,val
摩卡,2025-08-01,val
摩卡,2025-09-01,val
摩卡,2025-10-01,val
摩卡,2025-11-01,val
摩卡,2025-12-01,val
摩卡,2026-01-01,test
摩卡,2026-02-01,test
摩卡,2026-03-01,test
摩卡,2026-04-01,test
摩卡,2026-05-01,test
摩卡,2026-06-01,test
新帝豪,2022-01-01,train
新帝豪,2022-02-01,train
新帝豪,2022-03-01,train
新帝豪,2022-04-01,train
新帝豪,2022-05-01,train
新帝豪,2022-06-01,train
新帝豪,2022-07-01,train
新帝豪,2022-08-01,train
新帝豪,2022-09-01,train
新帝豪,2022-10-01,train
新帝豪,2022-11-01,train
新帝豪,2022-12-01,train
新帝豪,2023-01-01,train
新帝豪,2023-02-01,train
新帝豪,2023-03-01,train
新帝豪,2023-04-01,train
新帝豪,2023-05-01,train
新帝豪,2023-06-01,train
新帝豪,2023-07-01,train
新帝豪,2023-08-01,train
新帝豪,2023-09-01,train
新帝豪,2023-10-01,train
新帝豪,2023-11-01,train
新帝豪,2023-12-01,train
新帝豪,2024-01-01,train
新帝豪,2024-02-01,train
新帝豪,2024-03-01,train
新帝豪,2024-04-01,train
新帝豪,2024-05-01,train
新帝豪,2024-06-01,train
新帝豪,2024-07-01,train
新帝豪,2024-08-01,train
新帝豪,2024-09-01,train
新帝豪,2024-10-01,train
新帝豪,2024-11-01,train
新帝豪,2024-12-01,train
新帝豪,2025-01-01,train
新帝豪,2025-02-01,train
新帝豪,2025-03-01,train
新帝豪,2025-04-01,train
新帝豪,2025-05-01,train
新帝豪,2025-06-01,train
新帝豪,2025-07-01,val
新帝豪,2025-08-01,val
新帝豪,2025-09-01,val
新帝豪,2025-10-01,val
新帝豪,2025-11-01,val
新帝豪,2025-12-01,val
新帝豪,2026-01-01,test
新帝豪,2026-02-01,test
新帝豪,2026-03-01,test
新帝豪,2026-04-01,test
新帝豪,2026-05-01,test
新帝豪,2026-06-01,test
日产N6,2022-01-01,train
日产N6,2022-02-01,train
日产N6,2022-03-01,train
日产N6,2022-04-01,train
日产N6,2022-05-01,train
日产N6,2022-06-01,train
日产N6,2022-07-01,train
日产N6,2022-08-01,train
日产N6,2022-09-01,train
日产N6,2022-10-01,train
日产N6,2022-11-01,train
日产N6,2022-12-01,train
日产N6,2023-01-01,train
日产N6,2023-02-01,train
日产N6,2023-03-01,train
日产N6,2023-04-01,train
日产N6,2023-05-01,train
日产N6,2023-06-01,train
日产N6,2023-07-01,train
日产N6,2023-08-01,train
日产N6,2023-09-01,train
日产N6,2023-10-01,train
日产N6,2023-11-01,train
日产N6,2023-12-01,train
日产N6,2024-01-01,train
日产N6,2024-02-01,train
日产N6,2024-03-01,train
日产N6,2024-04-01,train
日产N6,2024-05-01,train
日产N6,2024-06-01,train
日产N6,2024-07-01,train
日产N6,2024-08-01,train
日产N6,2024-09-01,train
日产N6,2024-10-01,train
日产N6,2024-11-01,train
日产N6,2024-12-01,train
日产N6,2025-01-01,train
日产N6,2025-02-01,train
日产N6,2025-03-01,train
日产N6,2025-04-01,train
日产N6,2025-05-01,train
日产N6,2025-06-01,train
日产N6,2025-07-01,val
日产N6,2025-08-01,val
日产N6,2025-09-01,val
日产N6,2025-10-01,val
日产N6,2025-11-01,val
日产N6,2025-12-01,val
日产N6,2026-01-01,test
日产N6,2026-02-01,test
日产N6,2026-03-01,test
日产N6,2026-04-01,test
日产N6,2026-05-01,test
日产N6,2026-06-01,test
日产N7,2022-01-01,train
日产N7,2022-02-01,train
日产N7,2022-03-01,train
日产N7,2022-04-01,train
日产N7,2022-05-01,train
日产N7,2022-06-01,train
日产N7,2022-07-01,train
日产N7,2022-08-01,train
日产N7,2022-09-01,train
日产N7,2022-10-01,train
日产N7,2022-11-01,train
日产N7,2022-12-01,train
日产N7,2023-01-01,train
日产N7,2023-02-01,train
日产N7,2023-03-01,train
日产N7,2023-04-01,train
日产N7,2023-05-01,train
日产N7,2023-06-01,train
日产N7,2023-07-01,train
日产N7,2023-08-01,train
日产N7,2023-09-01,train
日产N7,2023-10-01,train
日产N7,2023-11-01,train
日产N7,2023-12-01,train
日产N7,2024-01-01,train
日产N7,2024-02-01,train
日产N7,2024-03-01,train
日产N7,2024-04-01,train
日产N7,2024-05-01,train
日产N7,2024-06-01,train
日产N7,2024-07-01,train
日产N7,2024-08-01,train
日产N7,2024-09-01,train
日产N7,2024-10-01,train
日产N7,2024-11-01,train
日产N7,2024-12-01,train
日产N7,2025-01-01,train
日产N7,2025-02-01,train
日产N7,2025-03-01,train
日产N7,2025-04-01,train
日产N7,2025-05-01,train
日产N7,2025-06-01,train
日产N7,2025-07-01,val
日产N7,2025-08-01,val
日产N7,2025-09-01,val
日产N7,2025-10-01,val
日产N7,2025-11-01,val
日产N7,2025-12-01,val
日产N7,2026-01-01,test
日产N7,2026-02-01,test
日产N7,2026-03-01,test
日产N7,2026-04-01,test
日产N7,2026-05-01,test
日产N7,2026-06-01,test
日产NX8,2022-01-01,train
日产NX8,2022-02-01,train
日产NX8,2022-03-01,train
日产NX8,2022-04-01,train
日产NX8,2022-05-01,train
日产NX8,2022-06-01,train
日产NX8,2022-07-01,train
日产NX8,2022-08-01,train
日产NX8,2022-09-01,train
日产NX8,2022-10-01,train
日产NX8,2022-11-01,train
日产NX8,2022-12-01,train
日产NX8,2023-01-01,train
日产NX8,2023-02-01,train
日产NX8,2023-03-01,train
日产NX8,2023-04-01,train
日产NX8,2023-05-01,train
日产NX8,2023-06-01,train
日产NX8,2023-07-01,train
日产NX8,2023-08-01,train
日产NX8,2023-09-01,train
日产NX8,2023-10-01,train
日产NX8,2023-11-01,train
日产NX8,2023-12-01,train
日产NX8,2024-01-01,train
日产NX8,2024-02-01,train
日产NX8,2024-03-01,train
日产NX8,2024-04-01,train
日产NX8,2024-05-01,train
日产NX8,2024-06-01,train
日产NX8,2024-07-01,train
日产NX8,2024-08-01,train
日产NX8,2024-09-01,train
日产NX8,2024-10-01,train
日产NX8,2024-11-01,train
日产NX8,2024-12-01,train
日产NX8,2025-01-01,train
日产NX8,2025-02-01,train
日产NX8,2025-03-01,train
日产NX8,2025-04-01,train
日产NX8,2025-05-01,train
日产NX8,2025-06-01,train
日产NX8,2025-07-01,val
日产NX8,2025-08-01,val
日产NX8,2025-09-01,val
日产NX8,2025-10-01,val
日产NX8,2025-11-01,val
日产NX8,2025-12-01,val
日产NX8,2026-01-01,test
日产NX8,2026-02-01,test
日产NX8,2026-03-01,test
日产NX8,2026-04-01,test
日产NX8,2026-05-01,test
日产NX8,2026-06-01,test
昂科威,2022-01-01,train
昂科威,2022-02-01,train
昂科威,2022-03-01,train
昂科威,2022-04-01,train
昂科威,2022-05-01,train
昂科威,2022-06-01,train
昂科威,2022-07-01,train
昂科威,2022-08-01,train
昂科威,2022-09-01,train
昂科威,2022-10-01,train
昂科威,2022-11-01,train
昂科威,2022-12-01,train
昂科威,2023-01-01,train
昂科威,2023-02-01,train
昂科威,2023-03-01,train
昂科威,2023-04-01,train
昂科威,2023-05-01,train
昂科威,2023-06-01,train
昂科威,2023-07-01,train
昂科威,2023-08-01,train
昂科威,2023-09-01,train
昂科威,2023-10-01,train
昂科威,2023-11-01,train
昂科威,2023-12-01,train
昂科威,2024-01-01,train
昂科威,2024-02-01,train
昂科威,2024-03-01,train
昂科威,2024-04-01,train
昂科威,2024-05-01,train
昂科威,2024-06-01,train
昂科威,2024-07-01,train
昂科威,2024-08-01,train
昂科威,2024-09-01,train
昂科威,2024-10-01,train
昂科威,2024-11-01,train
昂科威,2024-12-01,train
昂科威,2025-01-01,train
昂科威,2025-02-01,train
昂科威,2025-03-01,train
昂科威,2025-04-01,train
昂科威,2025-05-01,train
昂科威,2025-06-01,train
昂科威,2025-07-01,val
昂科威,2025-08-01,val
昂科威,2025-09-01,val
昂科威,2025-10-01,val
昂科威,2025-11-01,val
昂科威,2025-12-01,val
昂科威,2026-01-01,test
昂科威,2026-02-01,test
昂科威,2026-03-01,test
昂科威,2026-04-01,test
昂科威,2026-05-01,test
昂科威,2026-06-01,test
昊铂GT,2022-01-01,train
昊铂GT,2022-02-01,train
昊铂GT,2022-03-01,train
昊铂GT,2022-04-01,train
昊铂GT,2022-05-01,train
昊铂GT,2022-06-01,train
昊铂GT,2022-07-01,train
昊铂GT,2022-08-01,train
昊铂GT,2022-09-01,train
昊铂GT,2022-10-01,train
昊铂GT,2022-11-01,train
昊铂GT,2022-12-01,train
昊铂GT,2023-01-01,train
昊铂GT,2023-02-01,train
昊铂GT,2023-03-01,train
昊铂GT,2023-04-01,train
昊铂GT,2023-05-01,train
昊铂GT,2023-06-01,train
昊铂GT,2023-07-01,train
昊铂GT,2023-08-01,train
昊铂GT,2023-09-01,train
昊铂GT,2023-10-01,train
昊铂GT,2023-11-01,train
昊铂GT,2023-12-01,train
昊铂GT,2024-01-01,train
昊铂GT,2024-02-01,train
昊铂GT,2024-03-01,train
昊铂GT,2024-04-01,train
昊铂GT,2024-05-01,train
昊铂GT,2024-06-01,train
昊铂GT,2024-07-01,train
昊铂GT,2024-08-01,train
昊铂GT,2024-09-01,train
昊铂GT,2024-10-01,train
昊铂GT,2024-11-01,train
昊铂GT,2024-12-01,train
昊铂GT,2025-01-01,train
昊铂GT,2025-02-01,train
昊铂GT,2025-03-01,train
昊铂GT,2025-04-01,train
昊铂GT,2025-05-01,train
昊铂GT,2025-06-01,train
昊铂GT,2025-07-01,val
昊铂GT,2025-08-01,val
昊铂GT,2025-09-01,val
昊铂GT,2025-10-01,val
昊铂GT,2025-11-01,val
昊铂GT,2025-12-01,val
昊铂GT,2026-01-01,test
昊铂GT,2026-02-01,test
昊铂GT,2026-03-01,test
昊铂GT,2026-04-01,test
昊铂GT,2026-05-01,test
昊铂GT,2026-06-01,test
星海S7,2022-01-01,train
星海S7,2022-02-01,train
星海S7,2022-03-01,train
星海S7,2022-04-01,train
星海S7,2022-05-01,train
星海S7,2022-06-01,train
星海S7,2022-07-01,train
星海S7,2022-08-01,train
星海S7,2022-09-01,train
星海S7,2022-10-01,train
星海S7,2022-11-01,train
星海S7,2022-12-01,train
星海S7,2023-01-01,train
星海S7,2023-02-01,train
星海S7,2023-03-01,train
星海S7,2023-04-01,train
星海S7,2023-05-01,train
星海S7,2023-06-01,train
星海S7,2023-07-01,train
星海S7,2023-08-01,train
星海S7,2023-09-01,train
星海S7,2023-10-01,train
星海S7,2023-11-01,train
星海S7,2023-12-01,train
星海S7,2024-01-01,train
星海S7,2024-02-01,train
星海S7,2024-03-01,train
星海S7,2024-04-01,train
星海S7,2024-05-01,train
星海S7,2024-06-01,train
星海S7,2024-07-01,train
星海S7,2024-08-01,train
星海S7,2024-09-01,train
星海S7,2024-10-01,train
星海S7,2024-11-01,train
星海S7,2024-12-01,train
星海S7,2025-01-01,train
星海S7,2025-02-01,train
星海S7,2025-03-01,train
星海S7,2025-04-01,train
星海S7,2025-05-01,train
星海S7,2025-06-01,train
星海S7,2025-07-01,val
星海S7,2025-08-01,val
星海S7,2025-09-01,val
星海S7,2025-10-01,val
星海S7,2025-11-01,val
星海S7,2025-12-01,val
星海S7,2026-01-01,test
星海S7,2026-02-01,test
星海S7,2026-03-01,test
星海S7,2026-04-01,test
星海S7,2026-05-01,test
星海S7,2026-06-01,test
星海T5,2022-01-01,train
星海T5,2022-02-01,train
星海T5,2022-03-01,train
星海T5,2022-04-01,train
星海T5,2022-05-01,train
星海T5,2022-06-01,train
星海T5,2022-07-01,train
星海T5,2022-08-01,train
星海T5,2022-09-01,train
星海T5,2022-10-01,train
星海T5,2022-11-01,train
星海T5,2022-12-01,train
星海T5,2023-01-01,train
星海T5,2023-02-01,train
星海T5,2023-03-01,train
星海T5,2023-04-01,train
星海T5,2023-05-01,train
星海T5,2023-06-01,train
星海T5,2023-07-01,train
星海T5,2023-08-01,train
星海T5,2023-09-01,train
星海T5,2023-10-01,train
星海T5,2023-11-01,train
星海T5,2023-12-01,train
星海T5,2024-01-01,train
星海T5,2024-02-01,train
星海T5,2024-03-01,train
星海T5,2024-04-01,train
星海T5,2024-05-01,train
星海T5,2024-06-01,train
星海T5,2024-07-01,train
星海T5,2024-08-01,train
星海T5,2024-09-01,train
星海T5,2024-10-01,train
星海T5,2024-11-01,train
星海T5,2024-12-01,train
星海T5,2025-01-01,train
星海T5,2025-02-01,train
星海T5,2025-03-01,train
星海T5,2025-04-01,train
星海T5,2025-05-01,train
星海T5,2025-06-01,train
星海T5,2025-07-01,val
星海T5,2025-08-01,val
星海T5,2025-09-01,val
星海T5,2025-10-01,val
星海T5,2025-11-01,val
星海T5,2025-12-01,val
星海T5,2026-01-01,test
星海T5,2026-02-01,test
星海T5,2026-03-01,test
星海T5,2026-04-01,test
星海T5,2026-05-01,test
星海T5,2026-06-01,test
星海V9,2022-01-01,train
星海V9,2022-02-01,train
星海V9,2022-03-01,train
星海V9,2022-04-01,train
星海V9,2022-05-01,train
星海V9,2022-06-01,train
星海V9,2022-07-01,train
星海V9,2022-08-01,train
星海V9,2022-09-01,train
星海V9,2022-10-01,train
星海V9,2022-11-01,train
星海V9,2022-12-01,train
星海V9,2023-01-01,train
星海V9,2023-02-01,train
星海V9,2023-03-01,train
星海V9,2023-04-01,train
星海V9,2023-05-01,train
星海V9,2023-06-01,train
星海V9,2023-07-01,train
星海V9,2023-08-01,train
星海V9,2023-09-01,train
星海V9,2023-10-01,train
星海V9,2023-11-01,train
星海V9,2023-12-01,train
星海V9,2024-01-01,train
星海V9,2024-02-01,train
星海V9,2024-03-01,train
星海V9,2024-04-01,train
星海V9,2024-05-01,train
星海V9,2024-06-01,train
星海V9,2024-07-01,train
星海V9,2024-08-01,train
星海V9,2024-09-01,train
星海V9,2024-10-01,train
星海V9,2024-11-01,train
星海V9,2024-12-01,train
星海V9,2025-01-01,train
星海V9,2025-02-01,train
星海V9,2025-03-01,train
星海V9,2025-04-01,train
星海V9,2025-05-01,train
星海V9,2025-06-01,train
星海V9,2025-07-01,val
星海V9,2025-08-01,val
星海V9,2025-09-01,val
星海V9,2025-10-01,val
星海V9,2025-11-01,val
星海V9,2025-12-01,val
星海V9,2026-01-01,test
星海V9,2026-02-01,test
星海V9,2026-03-01,test
星海V9,2026-04-01,test
星海V9,2026-05-01,test
星海V9,2026-06-01,test
星瑞,2022-01-01,train
星瑞,2022-02-01,train
星瑞,2022-03-01,train
星瑞,2022-04-01,train
星瑞,2022-05-01,train
星瑞,2022-06-01,train
星瑞,2022-07-01,train
星瑞,2022-08-01,train
星瑞,2022-09-01,train
星瑞,2022-10-01,train
星瑞,2022-11-01,train
星瑞,2022-12-01,train
星瑞,2023-01-01,train
星瑞,2023-02-01,train
星瑞,2023-03-01,train
星瑞,2023-04-01,train
星瑞,2023-05-01,train
星瑞,2023-06-01,train
星瑞,2023-07-01,train
星瑞,2023-08-01,train
星瑞,2023-09-01,train
星瑞,2023-10-01,train
星瑞,2023-11-01,train
星瑞,2023-12-01,train
星瑞,2024-01-01,train
星瑞,2024-02-01,train
星瑞,2024-03-01,train
星瑞,2024-04-01,train
星瑞,2024-05-01,train
星瑞,2024-06-01,train
星瑞,2024-07-01,train
星瑞,2024-08-01,train
星瑞,2024-09-01,train
星瑞,2024-10-01,train
星瑞,2024-11-01,train
星瑞,2024-12-01,train
星瑞,2025-01-01,train
星瑞,2025-02-01,train
星瑞,2025-03-01,train
星瑞,2025-04-01,train
星瑞,2025-05-01,train
星瑞,2025-06-01,train
星瑞,2025-07-01,val
星瑞,2025-08-01,val
星瑞,2025-09-01,val
星瑞,2025-10-01,val
星瑞,2025-11-01,val
星瑞,2025-12-01,val
星瑞,2026-01-01,test
星瑞,2026-02-01,test
星瑞,2026-03-01,test
星瑞,2026-04-01,test
星瑞,2026-05-01,test
星瑞,2026-06-01,test
星瑞L,2022-01-01,train
星瑞L,2022-02-01,train
星瑞L,2022-03-01,train
星瑞L,2022-04-01,train
星瑞L,2022-05-01,train
星瑞L,2022-06-01,train
星瑞L,2022-07-01,train
星瑞L,2022-08-01,train
星瑞L,2022-09-01,train
星瑞L,2022-10-01,train
星瑞L,2022-11-01,train
星瑞L,2022-12-01,train
星瑞L,2023-01-01,train
星瑞L,2023-02-01,train
星瑞L,2023-03-01,train
星瑞L,2023-04-01,train
星瑞L,2023-05-01,train
星瑞L,2023-06-01,train
星瑞L,2023-07-01,train
星瑞L,2023-08-01,train
星瑞L,2023-09-01,train
星瑞L,2023-10-01,train
星瑞L,2023-11-01,train
星瑞L,2023-12-01,train
星瑞L,2024-01-01,train
星瑞L,2024-02-01,train
星瑞L,2024-03-01,train
星瑞L,2024-04-01,train
星瑞L,2024-05-01,train
星瑞L,2024-06-01,train
星瑞L,2024-07-01,train
星瑞L,2024-08-01,train
星瑞L,2024-09-01,train
星瑞L,2024-10-01,train
星瑞L,2024-11-01,train
星瑞L,2024-12-01,train
星瑞L,2025-01-01,train
星瑞L,2025-02-01,train
星瑞L,2025-03-01,train
星瑞L,2025-04-01,train
星瑞L,2025-05-01,train
星瑞L,2025-06-01,train
星瑞L,2025-07-01,val
星瑞L,2025-08-01,val
星瑞L,2025-09-01,val
星瑞L,2025-10-01,val
星瑞L,2025-11-01,val
星瑞L,2025-12-01,val
星瑞L,2026-01-01,test
星瑞L,2026-02-01,test
星瑞L,2026-03-01,test
星瑞L,2026-04-01,test
星瑞L,2026-05-01,test
星瑞L,2026-06-01,test
星越L,2022-01-01,train
星越L,2022-02-01,train
星越L,2022-03-01,train
星越L,2022-04-01,train
星越L,2022-05-01,train
星越L,2022-06-01,train
星越L,2022-07-01,train
星越L,2022-08-01,train
星越L,2022-09-01,train
星越L,2022-10-01,train
星越L,2022-11-01,train
星越L,2022-12-01,train
星越L,2023-01-01,train
星越L,2023-02-01,train
星越L,2023-03-01,train
星越L,2023-04-01,train
星越L,2023-05-01,train
星越L,2023-06-01,train
星越L,2023-07-01,train
星越L,2023-08-01,train
星越L,2023-09-01,train
星越L,2023-10-01,train
星越L,2023-11-01,train
星越L,2023-12-01,train
星越L,2024-01-01,train
星越L,2024-02-01,train
星越L,2024-03-01,train
星越L,2024-04-01,train
星越L,2024-05-01,train
星越L,2024-06-01,train
星越L,2024-07-01,train
星越L,2024-08-01,train
星越L,2024-09-01,train
星越L,2024-10-01,train
星越L,2024-11-01,train
星越L,2024-12-01,train
星越L,2025-01-01,train
星越L,2025-02-01,train
星越L,2025-03-01,train
星越L,2025-04-01,train
星越L,2025-05-01,train
星越L,2025-06-01,train
星越L,2025-07-01,val
星越L,2025-08-01,val
星越L,2025-09-01,val
星越L,2025-10-01,val
星越L,2025-11-01,val
星越L,2025-12-01,val
星越L,2026-01-01,test
星越L,2026-02-01,test
星越L,2026-03-01,test
星越L,2026-04-01,test
星越L,2026-05-01,test
星越L,2026-06-01,test
星越L 智擎,2022-01-01,train
星越L 智擎,2022-02-01,train
星越L 智擎,2022-03-01,train
星越L 智擎,2022-04-01,train
星越L 智擎,2022-05-01,train
星越L 智擎,2022-06-01,train
星越L 智擎,2022-07-01,train
星越L 智擎,2022-08-01,train
星越L 智擎,2022-09-01,train
星越L 智擎,2022-10-01,train
星越L 智擎,2022-11-01,train
星越L 智擎,2022-12-01,train
星越L 智擎,2023-01-01,train
星越L 智擎,2023-02-01,train
星越L 智擎,2023-03-01,train
星越L 智擎,2023-04-01,train
星越L 智擎,2023-05-01,train
星越L 智擎,2023-06-01,train
星越L 智擎,2023-07-01,train
星越L 智擎,2023-08-01,train
星越L 智擎,2023-09-01,train
星越L 智擎,2023-10-01,train
星越L 智擎,2023-11-01,train
星越L 智擎,2023-12-01,train
星越L 智擎,2024-01-01,train
星越L 智擎,2024-02-01,train
星越L 智擎,2024-03-01,train
星越L 智擎,2024-04-01,train
星越L 智擎,2024-05-01,train
星越L 智擎,2024-06-01,train
星越L 智擎,2024-07-01,train
星越L 智擎,2024-08-01,train
星越L 智擎,2024-09-01,train
星越L 智擎,2024-10-01,train
星越L 智擎,2024-11-01,train
星越L 智擎,2024-12-01,train
星越L 智擎,2025-01-01,train
星越L 智擎,2025-02-01,train
星越L 智擎,2025-03-01,train
星越L 智擎,2025-04-01,train
星越L 智擎,2025-05-01,train
星越L 智擎,2025-06-01,train
星越L 智擎,2025-07-01,val
星越L 智擎,2025-08-01,val
星越L 智擎,2025-09-01,val
星越L 智擎,2025-10-01,val
星越L 智擎,2025-11-01,val
星越L 智擎,2025-12-01,val
星越L 智擎,2026-01-01,test
星越L 智擎,2026-02-01,test
星越L 智擎,2026-03-01,test
星越L 智擎,2026-04-01,test
星越L 智擎,2026-05-01,test
星越L 智擎,2026-06-01,test
星途ES,2022-01-01,train
星途ES,2022-02-01,train
星途ES,2022-03-01,train
星途ES,2022-04-01,train
星途ES,2022-05-01,train
星途ES,2022-06-01,train
星途ES,2022-07-01,train
星途ES,2022-08-01,train
星途ES,2022-09-01,train
星途ES,2022-10-01,train
星途ES,2022-11-01,train
星途ES,2022-12-01,train
星途ES,2023-01-01,train
星途ES,2023-02-01,train
星途ES,2023-03-01,train
星途ES,2023-04-01,train
星途ES,2023-05-01,train
星途ES,2023-06-01,train
星途ES,2023-07-01,train
星途ES,2023-08-01,train
星途ES,2023-09-01,train
星途ES,2023-10-01,train
星途ES,2023-11-01,train
星途ES,2023-12-01,train
星途ES,2024-01-01,train
星途ES,2024-02-01,train
星途ES,2024-03-01,train
星途ES,2024-04-01,train
星途ES,2024-05-01,train
星途ES,2024-06-01,train
星途ES,2024-07-01,train
星途ES,2024-08-01,train
星途ES,2024-09-01,train
星途ES,2024-10-01,train
星途ES,2024-11-01,train
星途ES,2024-12-01,train
星途ES,2025-01-01,train
星途ES,2025-02-01,train
星途ES,2025-03-01,train
星途ES,2025-04-01,train
星途ES,2025-05-01,train
星途ES,2025-06-01,train
星途ES,2025-07-01,val
星途ES,2025-08-01,val
星途ES,2025-09-01,val
星途ES,2025-10-01,val
星途ES,2025-11-01,val
星途ES,2025-12-01,val
星途ES,2026-01-01,test
星途ES,2026-02-01,test
星途ES,2026-03-01,test
星途ES,2026-04-01,test
星途ES,2026-05-01,test
星途ES,2026-06-01,test
普拉多,2022-01-01,train
普拉多,2022-02-01,train
普拉多,2022-03-01,train
普拉多,2022-04-01,train
普拉多,2022-05-01,train
普拉多,2022-06-01,train
普拉多,2022-07-01,train
普拉多,2022-08-01,train
普拉多,2022-09-01,train
普拉多,2022-10-01,train
普拉多,2022-11-01,train
普拉多,2022-12-01,train
普拉多,2023-01-01,train
普拉多,2023-02-01,train
普拉多,2023-03-01,train
普拉多,2023-04-01,train
普拉多,2023-05-01,train
普拉多,2023-06-01,train
普拉多,2023-07-01,train
普拉多,2023-08-01,train
普拉多,2023-09-01,train
普拉多,2023-10-01,train
普拉多,2023-11-01,train
普拉多,2023-12-01,train
普拉多,2024-01-01,train
普拉多,2024-02-01,train
普拉多,2024-03-01,train
普拉多,2024-04-01,train
普拉多,2024-05-01,train
普拉多,2024-06-01,train
普拉多,2024-07-01,train
普拉多,2024-08-01,train
普拉多,2024-09-01,train
普拉多,2024-10-01,train
普拉多,2024-11-01,train
普拉多,2024-12-01,train
普拉多,2025-01-01,train
普拉多,2025-02-01,train
普拉多,2025-03-01,train
普拉多,2025-04-01,train
普拉多,2025-05-01,train
普拉多,2025-06-01,train
普拉多,2025-07-01,val
普拉多,2025-08-01,val
普拉多,2025-09-01,val
普拉多,2025-10-01,val
普拉多,2025-11-01,val
普拉多,2025-12-01,val
普拉多,2026-01-01,test
普拉多,2026-02-01,test
普拉多,2026-03-01,test
普拉多,2026-04-01,test
普拉多,2026-05-01,test
普拉多,2026-06-01,test
智己L6,2022-01-01,train
智己L6,2022-02-01,train
智己L6,2022-03-01,train
智己L6,2022-04-01,train
智己L6,2022-05-01,train
智己L6,2022-06-01,train
智己L6,2022-07-01,train
智己L6,2022-08-01,train
智己L6,2022-09-01,train
智己L6,2022-10-01,train
智己L6,2022-11-01,train
智己L6,2022-12-01,train
智己L6,2023-01-01,train
智己L6,2023-02-01,train
智己L6,2023-03-01,train
智己L6,2023-04-01,train
智己L6,2023-05-01,train
智己L6,2023-06-01,train
智己L6,2023-07-01,train
智己L6,2023-08-01,train
智己L6,2023-09-01,train
智己L6,2023-10-01,train
智己L6,2023-11-01,train
智己L6,2023-12-01,train
智己L6,2024-01-01,train
智己L6,2024-02-01,train
智己L6,2024-03-01,train
智己L6,2024-04-01,train
智己L6,2024-05-01,train
智己L6,2024-06-01,train
智己L6,2024-07-01,train
智己L6,2024-08-01,train
智己L6,2024-09-01,train
智己L6,2024-10-01,train
智己L6,2024-11-01,train
智己L6,2024-12-01,train
智己L6,2025-01-01,train
智己L6,2025-02-01,train
智己L6,2025-03-01,train
智己L6,2025-04-01,train
智己L6,2025-05-01,train
智己L6,2025-06-01,train
智己L6,2025-07-01,val
智己L6,2025-08-01,val
智己L6,2025-09-01,val
智己L6,2025-10-01,val
智己L6,2025-11-01,val
智己L6,2025-12-01,val
智己L6,2026-01-01,test
智己L6,2026-02-01,test
智己L6,2026-03-01,test
智己L6,2026-04-01,test
智己L6,2026-05-01,test
智己L6,2026-06-01,test
智己L7,2022-01-01,train
智己L7,2022-02-01,train
智己L7,2022-03-01,train
智己L7,2022-04-01,train
智己L7,2022-05-01,train
智己L7,2022-06-01,train
智己L7,2022-07-01,train
智己L7,2022-08-01,train
智己L7,2022-09-01,train
智己L7,2022-10-01,train
智己L7,2022-11-01,train
智己L7,2022-12-01,train
智己L7,2023-01-01,train
智己L7,2023-02-01,train
智己L7,2023-03-01,train
智己L7,2023-04-01,train
智己L7,2023-05-01,train
智己L7,2023-06-01,train
智己L7,2023-07-01,train
智己L7,2023-08-01,train
智己L7,2023-09-01,train
智己L7,2023-10-01,train
智己L7,2023-11-01,train
智己L7,2023-12-01,train
智己L7,2024-01-01,train
智己L7,2024-02-01,train
智己L7,2024-03-01,train
智己L7,2024-04-01,train
智己L7,2024-05-01,train
智己L7,2024-06-01,train
智己L7,2024-07-01,train
智己L7,2024-08-01,train
智己L7,2024-09-01,train
智己L7,2024-10-01,train
智己L7,2024-11-01,train
智己L7,2024-12-01,train
智己L7,2025-01-01,train
智己L7,2025-02-01,train
智己L7,2025-03-01,train
智己L7,2025-04-01,train
智己L7,2025-05-01,train
智己L7,2025-06-01,train
智己L7,2025-07-01,val
智己L7,2025-08-01,val
智己L7,2025-09-01,val
智己L7,2025-10-01,val
智己L7,2025-11-01,val
智己L7,2025-12-01,val
智己L7,2026-01-01,test
智己L7,2026-02-01,test
智己L7,2026-03-01,test
智己L7,2026-04-01,test
智己L7,2026-05-01,test
智己L7,2026-06-01,test
智跑,2022-01-01,train
智跑,2022-02-01,train
智跑,2022-03-01,train
智跑,2022-04-01,train
智跑,2022-05-01,train
智跑,2022-06-01,train
智跑,2022-07-01,train
智跑,2022-08-01,train
智跑,2022-09-01,train
智跑,2022-10-01,train
智跑,2022-11-01,train
智跑,2022-12-01,train
智跑,2023-01-01,train
智跑,2023-02-01,train
智跑,2023-03-01,train
智跑,2023-04-01,train
智跑,2023-05-01,train
智跑,2023-06-01,train
智跑,2023-07-01,train
智跑,2023-08-01,train
智跑,2023-09-01,train
智跑,2023-10-01,train
智跑,2023-11-01,train
智跑,2023-12-01,train
智跑,2024-01-01,train
智跑,2024-02-01,train
智跑,2024-03-01,train
智跑,2024-04-01,train
智跑,2024-05-01,train
智跑,2024-06-01,train
智跑,2024-07-01,train
智跑,2024-08-01,train
智跑,2024-09-01,train
智跑,2024-10-01,train
智跑,2024-11-01,train
智跑,2024-12-01,train
智跑,2025-01-01,train
智跑,2025-02-01,train
智跑,2025-03-01,train
智跑,2025-04-01,train
智跑,2025-05-01,train
智跑,2025-06-01,train
智跑,2025-07-01,val
智跑,2025-08-01,val
智跑,2025-09-01,val
智跑,2025-10-01,val
智跑,2025-11-01,val
智跑,2025-12-01,val
智跑,2026-01-01,test
智跑,2026-02-01,test
智跑,2026-03-01,test
智跑,2026-04-01,test
智跑,2026-05-01,test
智跑,2026-06-01,test
曹操60,2022-01-01,train
曹操60,2022-02-01,train
曹操60,2022-03-01,train
曹操60,2022-04-01,train
曹操60,2022-05-01,train
曹操60,2022-06-01,train
曹操60,2022-07-01,train
曹操60,2022-08-01,train
曹操60,2022-09-01,train
曹操60,2022-10-01,train
曹操60,2022-11-01,train
曹操60,2022-12-01,train
曹操60,2023-01-01,train
曹操60,2023-02-01,train
曹操60,2023-03-01,train
曹操60,2023-04-01,train
曹操60,2023-05-01,train
曹操60,2023-06-01,train
曹操60,2023-07-01,train
曹操60,2023-08-01,train
曹操60,2023-09-01,train
曹操60,2023-10-01,train
曹操60,2023-11-01,train
曹操60,2023-12-01,train
曹操60,2024-01-01,train
曹操60,2024-02-01,train
曹操60,2024-03-01,train
曹操60,2024-04-01,train
曹操60,2024-05-01,train
曹操60,2024-06-01,train
曹操60,2024-07-01,train
曹操60,2024-08-01,train
曹操60,2024-09-01,train
曹操60,2024-10-01,train
曹操60,2024-11-01,train
曹操60,2024-12-01,train
曹操60,2025-01-01,train
曹操60,2025-02-01,train
曹操60,2025-03-01,train
曹操60,2025-04-01,train
曹操60,2025-05-01,train
曹操60,2025-06-01,train
曹操60,2025-07-01,val
曹操60,2025-08-01,val
曹操60,2025-09-01,val
曹操60,2025-10-01,val
曹操60,2025-11-01,val
曹操60,2025-12-01,val
曹操60,2026-01-01,test
曹操60,2026-02-01,test
曹操60,2026-03-01,test
曹操60,2026-04-01,test
曹操60,2026-05-01,test
曹操60,2026-06-01,test
朗逸,2022-01-01,train
朗逸,2022-02-01,train
朗逸,2022-03-01,train
朗逸,2022-04-01,train
朗逸,2022-05-01,train
朗逸,2022-06-01,train
朗逸,2022-07-01,train
朗逸,2022-08-01,train
朗逸,2022-09-01,train
朗逸,2022-10-01,train
朗逸,2022-11-01,train
朗逸,2022-12-01,train
朗逸,2023-01-01,train
朗逸,2023-02-01,train
朗逸,2023-03-01,train
朗逸,2023-04-01,train
朗逸,2023-05-01,train
朗逸,2023-06-01,train
朗逸,2023-07-01,train
朗逸,2023-08-01,train
朗逸,2023-09-01,train
朗逸,2023-10-01,train
朗逸,2023-11-01,train
朗逸,2023-12-01,train
朗逸,2024-01-01,train
朗逸,2024-02-01,train
朗逸,2024-03-01,train
朗逸,2024-04-01,train
朗逸,2024-05-01,train
朗逸,2024-06-01,train
朗逸,2024-07-01,train
朗逸,2024-08-01,train
朗逸,2024-09-01,train
朗逸,2024-10-01,train
朗逸,2024-11-01,train
朗逸,2024-12-01,train
朗逸,2025-01-01,train
朗逸,2025-02-01,train
朗逸,2025-03-01,train
朗逸,2025-04-01,train
朗逸,2025-05-01,train
朗逸,2025-06-01,train
朗逸,2025-07-01,val
朗逸,2025-08-01,val
朗逸,2025-09-01,val
朗逸,2025-10-01,val
朗逸,2025-11-01,val
朗逸,2025-12-01,val
朗逸,2026-01-01,test
朗逸,2026-02-01,test
朗逸,2026-03-01,test
朗逸,2026-04-01,test
朗逸,2026-05-01,test
朗逸,2026-06-01,test
本田CR-V,2022-01-01,train
本田CR-V,2022-02-01,train
本田CR-V,2022-03-01,train
本田CR-V,2022-04-01,train
本田CR-V,2022-05-01,train
本田CR-V,2022-06-01,train
本田CR-V,2022-07-01,train
本田CR-V,2022-08-01,train
本田CR-V,2022-09-01,train
本田CR-V,2022-10-01,train
本田CR-V,2022-11-01,train
本田CR-V,2022-12-01,train
本田CR-V,2023-01-01,train
本田CR-V,2023-02-01,train
本田CR-V,2023-03-01,train
本田CR-V,2023-04-01,train
本田CR-V,2023-05-01,train
本田CR-V,2023-06-01,train
本田CR-V,2023-07-01,train
本田CR-V,2023-08-01,train
本田CR-V,2023-09-01,train
本田CR-V,2023-10-01,train
本田CR-V,2023-11-01,train
本田CR-V,2023-12-01,train
本田CR-V,2024-01-01,train
本田CR-V,2024-02-01,train
本田CR-V,2024-03-01,train
本田CR-V,2024-04-01,train
本田CR-V,2024-05-01,train
本田CR-V,2024-06-01,train
本田CR-V,2024-07-01,train
本田CR-V,2024-08-01,train
本田CR-V,2024-09-01,train
本田CR-V,2024-10-01,train
本田CR-V,2024-11-01,train
本田CR-V,2024-12-01,train
本田CR-V,2025-01-01,train
本田CR-V,2025-02-01,train
本田CR-V,2025-03-01,train
本田CR-V,2025-04-01,train
本田CR-V,2025-05-01,train
本田CR-V,2025-06-01,train
本田CR-V,2025-07-01,val
本田CR-V,2025-08-01,val
本田CR-V,2025-09-01,val
本田CR-V,2025-10-01,val
本田CR-V,2025-11-01,val
本田CR-V,2025-12-01,val
本田CR-V,2026-01-01,test
本田CR-V,2026-02-01,test
本田CR-V,2026-03-01,test
本田CR-V,2026-04-01,test
本田CR-V,2026-05-01,test
本田CR-V,2026-06-01,test
本田HR-V,2022-01-01,train
本田HR-V,2022-02-01,train
本田HR-V,2022-03-01,train
本田HR-V,2022-04-01,train
本田HR-V,2022-05-01,train
本田HR-V,2022-06-01,train
本田HR-V,2022-07-01,train
本田HR-V,2022-08-01,train
本田HR-V,2022-09-01,train
本田HR-V,2022-10-01,train
本田HR-V,2022-11-01,train
本田HR-V,2022-12-01,train
本田HR-V,2023-01-01,train
本田HR-V,2023-02-01,train
本田HR-V,2023-03-01,train
本田HR-V,2023-04-01,train
本田HR-V,2023-05-01,train
本田HR-V,2023-06-01,train
本田HR-V,2023-07-01,train
本田HR-V,2023-08-01,train
本田HR-V,2023-09-01,train
本田HR-V,2023-10-01,train
本田HR-V,2023-11-01,train
本田HR-V,2023-12-01,train
本田HR-V,2024-01-01,train
本田HR-V,2024-02-01,train
本田HR-V,2024-03-01,train
本田HR-V,2024-04-01,train
本田HR-V,2024-05-01,train
本田HR-V,2024-06-01,train
本田HR-V,2024-07-01,train
本田HR-V,2024-08-01,train
本田HR-V,2024-09-01,train
本田HR-V,2024-10-01,train
本田HR-V,2024-11-01,train
本田HR-V,2024-12-01,train
本田HR-V,2025-01-01,train
本田HR-V,2025-02-01,train
本田HR-V,2025-03-01,train
本田HR-V,2025-04-01,train
本田HR-V,2025-05-01,train
本田HR-V,2025-06-01,train
本田HR-V,2025-07-01,val
本田HR-V,2025-08-01,val
本田HR-V,2025-09-01,val
本田HR-V,2025-10-01,val
本田HR-V,2025-11-01,val
本田HR-V,2025-12-01,val
本田HR-V,2026-01-01,test
本田HR-V,2026-02-01,test
本田HR-V,2026-03-01,test
本田HR-V,2026-04-01,test
本田HR-V,2026-05-01,test
本田HR-V,2026-06-01,test
本田UR-V,2022-01-01,train
本田UR-V,2022-02-01,train
本田UR-V,2022-03-01,train
本田UR-V,2022-04-01,train
本田UR-V,2022-05-01,train
本田UR-V,2022-06-01,train
本田UR-V,2022-07-01,train
本田UR-V,2022-08-01,train
本田UR-V,2022-09-01,train
本田UR-V,2022-10-01,train
本田UR-V,2022-11-01,train
本田UR-V,2022-12-01,train
本田UR-V,2023-01-01,train
本田UR-V,2023-02-01,train
本田UR-V,2023-03-01,train
本田UR-V,2023-04-01,train
本田UR-V,2023-05-01,train
本田UR-V,2023-06-01,train
本田UR-V,2023-07-01,train
本田UR-V,2023-08-01,train
本田UR-V,2023-09-01,train
本田UR-V,2023-10-01,train
本田UR-V,2023-11-01,train
本田UR-V,2023-12-01,train
本田UR-V,2024-01-01,train
本田UR-V,2024-02-01,train
本田UR-V,2024-03-01,train
本田UR-V,2024-04-01,train
本田UR-V,2024-05-01,train
本田UR-V,2024-06-01,train
本田UR-V,2024-07-01,train
本田UR-V,2024-08-01,train
本田UR-V,2024-09-01,train
本田UR-V,2024-10-01,train
本田UR-V,2024-11-01,train
本田UR-V,2024-12-01,train
本田UR-V,2025-01-01,train
本田UR-V,2025-02-01,train
本田UR-V,2025-03-01,train
本田UR-V,2025-04-01,train
本田UR-V,2025-05-01,train
本田UR-V,2025-06-01,train
本田UR-V,2025-07-01,val
本田UR-V,2025-08-01,val
本田UR-V,2025-09-01,val
本田UR-V,2025-10-01,val
本田UR-V,2025-11-01,val
本田UR-V,2025-12-01,val
本田UR-V,2026-01-01,test
本田UR-V,2026-02-01,test
本田UR-V,2026-03-01,test
本田UR-V,2026-04-01,test
本田UR-V,2026-05-01,test
本田UR-V,2026-06-01,test
本田XR-V,2022-01-01,train
本田XR-V,2022-02-01,train
本田XR-V,2022-03-01,train
本田XR-V,2022-04-01,train
本田XR-V,2022-05-01,train
本田XR-V,2022-06-01,train
本田XR-V,2022-07-01,train
本田XR-V,2022-08-01,train
本田XR-V,2022-09-01,train
本田XR-V,2022-10-01,train
本田XR-V,2022-11-01,train
本田XR-V,2022-12-01,train
本田XR-V,2023-01-01,train
本田XR-V,2023-02-01,train
本田XR-V,2023-03-01,train
本田XR-V,2023-04-01,train
本田XR-V,2023-05-01,train
本田XR-V,2023-06-01,train
本田XR-V,2023-07-01,train
本田XR-V,2023-08-01,train
本田XR-V,2023-09-01,train
本田XR-V,2023-10-01,train
本田XR-V,2023-11-01,train
本田XR-V,2023-12-01,train
本田XR-V,2024-01-01,train
本田XR-V,2024-02-01,train
本田XR-V,2024-03-01,train
本田XR-V,2024-04-01,train
本田XR-V,2024-05-01,train
本田XR-V,2024-06-01,train
本田XR-V,2024-07-01,train
本田XR-V,2024-08-01,train
本田XR-V,2024-09-01,train
本田XR-V,2024-10-01,train
本田XR-V,2024-11-01,train
本田XR-V,2024-12-01,train
本田XR-V,2025-01-01,train
本田XR-V,2025-02-01,train
本田XR-V,2025-03-01,train
本田XR-V,2025-04-01,train
本田XR-V,2025-05-01,train
本田XR-V,2025-06-01,train
本田XR-V,2025-07-01,val
本田XR-V,2025-08-01,val
本田XR-V,2025-09-01,val
本田XR-V,2025-10-01,val
本田XR-V,2025-11-01,val
本田XR-V,2025-12-01,val
本田XR-V,2026-01-01,test
本田XR-V,2026-02-01,test
本田XR-V,2026-03-01,test
本田XR-V,2026-04-01,test
本田XR-V,2026-05-01,test
本田XR-V,2026-06-01,test
极氪001,2022-01-01,train
极氪001,2022-02-01,train
极氪001,2022-03-01,train
极氪001,2022-04-01,train
极氪001,2022-05-01,train
极氪001,2022-06-01,train
极氪001,2022-07-01,train
极氪001,2022-08-01,train
极氪001,2022-09-01,train
极氪001,2022-10-01,train
极氪001,2022-11-01,train
极氪001,2022-12-01,train
极氪001,2023-01-01,train
极氪001,2023-02-01,train
极氪001,2023-03-01,train
极氪001,2023-04-01,train
极氪001,2023-05-01,train
极氪001,2023-06-01,train
极氪001,2023-07-01,train
极氪001,2023-08-01,train
极氪001,2023-09-01,train
极氪001,2023-10-01,train
极氪001,2023-11-01,train
极氪001,2023-12-01,train
极氪001,2024-01-01,train
极氪001,2024-02-01,train
极氪001,2024-03-01,train
极氪001,2024-04-01,train
极氪001,2024-05-01,train
极氪001,2024-06-01,train
极氪001,2024-07-01,train
极氪001,2024-08-01,train
极氪001,2024-09-01,train
极氪001,2024-10-01,train
极氪001,2024-11-01,train
极氪001,2024-12-01,train
极氪001,2025-01-01,train
极氪001,2025-02-01,train
极氪001,2025-03-01,train
极氪001,2025-04-01,train
极氪001,2025-05-01,train
极氪001,2025-06-01,train
极氪001,2025-07-01,val
极氪001,2025-08-01,val
极氪001,2025-09-01,val
极氪001,2025-10-01,val
极氪001,2025-11-01,val
极氪001,2025-12-01,val
极氪001,2026-01-01,test
极氪001,2026-02-01,test
极氪001,2026-03-01,test
极氪001,2026-04-01,test
极氪001,2026-05-01,test
极氪001,2026-06-01,test
极氪009,2022-01-01,train
极氪009,2022-02-01,train
极氪009,2022-03-01,train
极氪009,2022-04-01,train
极氪009,2022-05-01,train
极氪009,2022-06-01,train
极氪009,2022-07-01,train
极氪009,2022-08-01,train
极氪009,2022-09-01,train
极氪009,2022-10-01,train
极氪009,2022-11-01,train
极氪009,2022-12-01,train
极氪009,2023-01-01,train
极氪009,2023-02-01,train
极氪009,2023-03-01,train
极氪009,2023-04-01,train
极氪009,2023-05-01,train
极氪009,2023-06-01,train
极氪009,2023-07-01,train
极氪009,2023-08-01,train
极氪009,2023-09-01,train
极氪009,2023-10-01,train
极氪009,2023-11-01,train
极氪009,2023-12-01,train
极氪009,2024-01-01,train
极氪009,2024-02-01,train
极氪009,2024-03-01,train
极氪009,2024-04-01,train
极氪009,2024-05-01,train
极氪009,2024-06-01,train
极氪009,2024-07-01,train
极氪009,2024-08-01,train
极氪009,2024-09-01,train
极氪009,2024-10-01,train
极氪009,2024-11-01,train
极氪009,2024-12-01,train
极氪009,2025-01-01,train
极氪009,2025-02-01,train
极氪009,2025-03-01,train
极氪009,2025-04-01,train
极氪009,2025-05-01,train
极氪009,2025-06-01,train
极氪009,2025-07-01,val
极氪009,2025-08-01,val
极氪009,2025-09-01,val
极氪009,2025-10-01,val
极氪009,2025-11-01,val
极氪009,2025-12-01,val
极氪009,2026-01-01,test
极氪009,2026-02-01,test
极氪009,2026-03-01,test
极氪009,2026-04-01,test
极氪009,2026-05-01,test
极氪009,2026-06-01,test
极狐 阿尔法S5,2022-01-01,train
极狐 阿尔法S5,2022-02-01,train
极狐 阿尔法S5,2022-03-01,train
极狐 阿尔法S5,2022-04-01,train
极狐 阿尔法S5,2022-05-01,train
极狐 阿尔法S5,2022-06-01,train
极狐 阿尔法S5,2022-07-01,train
极狐 阿尔法S5,2022-08-01,train
极狐 阿尔法S5,2022-09-01,train
极狐 阿尔法S5,2022-10-01,train
极狐 阿尔法S5,2022-11-01,train
极狐 阿尔法S5,2022-12-01,train
极狐 阿尔法S5,2023-01-01,train
极狐 阿尔法S5,2023-02-01,train
极狐 阿尔法S5,2023-03-01,train
极狐 阿尔法S5,2023-04-01,train
极狐 阿尔法S5,2023-05-01,train
极狐 阿尔法S5,2023-06-01,train
极狐 阿尔法S5,2023-07-01,train
极狐 阿尔法S5,2023-08-01,train
极狐 阿尔法S5,2023-09-01,train
极狐 阿尔法S5,2023-10-01,train
极狐 阿尔法S5,2023-11-01,train
极狐 阿尔法S5,2023-12-01,train
极狐 阿尔法S5,2024-01-01,train
极狐 阿尔法S5,2024-02-01,train
极狐 阿尔法S5,2024-03-01,train
极狐 阿尔法S5,2024-04-01,train
极狐 阿尔法S5,2024-05-01,train
极狐 阿尔法S5,2024-06-01,train
极狐 阿尔法S5,2024-07-01,train
极狐 阿尔法S5,2024-08-01,train
极狐 阿尔法S5,2024-09-01,train
极狐 阿尔法S5,2024-10-01,train
极狐 阿尔法S5,2024-11-01,train
极狐 阿尔法S5,2024-12-01,train
极狐 阿尔法S5,2025-01-01,train
极狐 阿尔法S5,2025-02-01,train
极狐 阿尔法S5,2025-03-01,train
极狐 阿尔法S5,2025-04-01,train
极狐 阿尔法S5,2025-05-01,train
极狐 阿尔法S5,2025-06-01,train
极狐 阿尔法S5,2025-07-01,val
极狐 阿尔法S5,2025-08-01,val
极狐 阿尔法S5,2025-09-01,val
极狐 阿尔法S5,2025-10-01,val
极狐 阿尔法S5,2025-11-01,val
极狐 阿尔法S5,2025-12-01,val
极狐 阿尔法S5,2026-01-01,test
极狐 阿尔法S5,2026-02-01,test
极狐 阿尔法S5,2026-03-01,test
极狐 阿尔法S5,2026-04-01,test
极狐 阿尔法S5,2026-05-01,test
极狐 阿尔法S5,2026-06-01,test
极狐考拉,2022-01-01,train
极狐考拉,2022-02-01,train
极狐考拉,2022-03-01,train
极狐考拉,2022-04-01,train
极狐考拉,2022-05-01,train
极狐考拉,2022-06-01,train
极狐考拉,2022-07-01,train
极狐考拉,2022-08-01,train
极狐考拉,2022-09-01,train
极狐考拉,2022-10-01,train
极狐考拉,2022-11-01,train
极狐考拉,2022-12-01,train
极狐考拉,2023-01-01,train
极狐考拉,2023-02-01,train
极狐考拉,2023-03-01,train
极狐考拉,2023-04-01,train
极狐考拉,2023-05-01,train
极狐考拉,2023-06-01,train
极狐考拉,2023-07-01,train
极狐考拉,2023-08-01,train
极狐考拉,2023-09-01,train
极狐考拉,2023-10-01,train
极狐考拉,2023-11-01,train
极狐考拉,2023-12-01,train
极狐考拉,2024-01-01,train
极狐考拉,2024-02-01,train
极狐考拉,2024-03-01,train
极狐考拉,2024-04-01,train
极狐考拉,2024-05-01,train
极狐考拉,2024-06-01,train
极狐考拉,2024-07-01,train
极狐考拉,2024-08-01,train
极狐考拉,2024-09-01,train
极狐考拉,2024-10-01,train
极狐考拉,2024-11-01,train
极狐考拉,2024-12-01,train
极狐考拉,2025-01-01,train
极狐考拉,2025-02-01,train
极狐考拉,2025-03-01,train
极狐考拉,2025-04-01,train
极狐考拉,2025-05-01,train
极狐考拉,2025-06-01,train
极狐考拉,2025-07-01,val
极狐考拉,2025-08-01,val
极狐考拉,2025-09-01,val
极狐考拉,2025-10-01,val
极狐考拉,2025-11-01,val
极狐考拉,2025-12-01,val
极狐考拉,2026-01-01,test
极狐考拉,2026-02-01,test
极狐考拉,2026-03-01,test
极狐考拉,2026-04-01,test
极狐考拉,2026-05-01,test
极狐考拉,2026-06-01,test
林肯Z,2022-01-01,train
林肯Z,2022-02-01,train
林肯Z,2022-03-01,train
林肯Z,2022-04-01,train
林肯Z,2022-05-01,train
林肯Z,2022-06-01,train
林肯Z,2022-07-01,train
林肯Z,2022-08-01,train
林肯Z,2022-09-01,train
林肯Z,2022-10-01,train
林肯Z,2022-11-01,train
林肯Z,2022-12-01,train
林肯Z,2023-01-01,train
林肯Z,2023-02-01,train
林肯Z,2023-03-01,train
林肯Z,2023-04-01,train
林肯Z,2023-05-01,train
林肯Z,2023-06-01,train
林肯Z,2023-07-01,train
林肯Z,2023-08-01,train
林肯Z,2023-09-01,train
林肯Z,2023-10-01,train
林肯Z,2023-11-01,train
林肯Z,2023-12-01,train
林肯Z,2024-01-01,train
林肯Z,2024-02-01,train
林肯Z,2024-03-01,train
林肯Z,2024-04-01,train
林肯Z,2024-05-01,train
林肯Z,2024-06-01,train
林肯Z,2024-07-01,train
林肯Z,2024-08-01,train
林肯Z,2024-09-01,train
林肯Z,2024-10-01,train
林肯Z,2024-11-01,train
林肯Z,2024-12-01,train
林肯Z,2025-01-01,train
林肯Z,2025-02-01,train
林肯Z,2025-03-01,train
林肯Z,2025-04-01,train
林肯Z,2025-05-01,train
林肯Z,2025-06-01,train
林肯Z,2025-07-01,val
林肯Z,2025-08-01,val
林肯Z,2025-09-01,val
林肯Z,2025-10-01,val
林肯Z,2025-11-01,val
林肯Z,2025-12-01,val
林肯Z,2026-01-01,test
林肯Z,2026-02-01,test
林肯Z,2026-03-01,test
林肯Z,2026-04-01,test
林肯Z,2026-05-01,test
林肯Z,2026-06-01,test
枫叶60s,2022-01-01,train
枫叶60s,2022-02-01,train
枫叶60s,2022-03-01,train
枫叶60s,2022-04-01,train
枫叶60s,2022-05-01,train
枫叶60s,2022-06-01,train
枫叶60s,2022-07-01,train
枫叶60s,2022-08-01,train
枫叶60s,2022-09-01,train
枫叶60s,2022-10-01,train
枫叶60s,2022-11-01,train
枫叶60s,2022-12-01,train
枫叶60s,2023-01-01,train
枫叶60s,2023-02-01,train
枫叶60s,2023-03-01,train
枫叶60s,2023-04-01,train
枫叶60s,2023-05-01,train
枫叶60s,2023-06-01,train
枫叶60s,2023-07-01,train
枫叶60s,2023-08-01,train
枫叶60s,2023-09-01,train
枫叶60s,2023-10-01,train
枫叶60s,2023-11-01,train
枫叶60s,2023-12-01,train
枫叶60s,2024-01-01,train
枫叶60s,2024-02-01,train
枫叶60s,2024-03-01,train
枫叶60s,2024-04-01,train
枫叶60s,2024-05-01,train
枫叶60s,2024-06-01,train
枫叶60s,2024-07-01,train
枫叶60s,2024-08-01,train
枫叶60s,2024-09-01,train
枫叶60s,2024-10-01,train
枫叶60s,2024-11-01,train
枫叶60s,2024-12-01,train
枫叶60s,2025-01-01,train
枫叶60s,2025-02-01,train
枫叶60s,2025-03-01,train
枫叶60s,2025-04-01,train
枫叶60s,2025-05-01,train
枫叶60s,2025-06-01,train
枫叶60s,2025-07-01,val
枫叶60s,2025-08-01,val
枫叶60s,2025-09-01,val
枫叶60s,2025-10-01,val
枫叶60s,2025-11-01,val
枫叶60s,2025-12-01,val
枫叶60s,2026-01-01,test
枫叶60s,2026-02-01,test
枫叶60s,2026-03-01,test
枫叶60s,2026-04-01,test
枫叶60s,2026-05-01,test
枫叶60s,2026-06-01,test
标致4008,2022-01-01,train
标致4008,2022-02-01,train
标致4008,2022-03-01,train
标致4008,2022-04-01,train
标致4008,2022-05-01,train
标致4008,2022-06-01,train
标致4008,2022-07-01,train
标致4008,2022-08-01,train
标致4008,2022-09-01,train
标致4008,2022-10-01,train
标致4008,2022-11-01,train
标致4008,2022-12-01,train
标致4008,2023-01-01,train
标致4008,2023-02-01,train
标致4008,2023-03-01,train
标致4008,2023-04-01,train
标致4008,2023-05-01,train
标致4008,2023-06-01,train
标致4008,2023-07-01,train
标致4008,2023-08-01,train
标致4008,2023-09-01,train
标致4008,2023-10-01,train
标致4008,2023-11-01,train
标致4008,2023-12-01,train
标致4008,2024-01-01,train
标致4008,2024-02-01,train
标致4008,2024-03-01,train
标致4008,2024-04-01,train
标致4008,2024-05-01,train
标致4008,2024-06-01,train
标致4008,2024-07-01,train
标致4008,2024-08-01,train
标致4008,2024-09-01,train
标致4008,2024-10-01,train
标致4008,2024-11-01,train
标致4008,2024-12-01,train
标致4008,2025-01-01,train
标致4008,2025-02-01,train
标致4008,2025-03-01,train
标致4008,2025-04-01,train
标致4008,2025-05-01,train
标致4008,2025-06-01,train
标致4008,2025-07-01,val
标致4008,2025-08-01,val
标致4008,2025-09-01,val
标致4008,2025-10-01,val
标致4008,2025-11-01,val
标致4008,2025-12-01,val
标致4008,2026-01-01,test
标致4008,2026-02-01,test
标致4008,2026-03-01,test
标致4008,2026-04-01,test
标致4008,2026-05-01,test
标致4008,2026-06-01,test
标致408,2022-01-01,train
标致408,2022-02-01,train
标致408,2022-03-01,train
标致408,2022-04-01,train
标致408,2022-05-01,train
标致408,2022-06-01,train
标致408,2022-07-01,train
标致408,2022-08-01,train
标致408,2022-09-01,train
标致408,2022-10-01,train
标致408,2022-11-01,train
标致408,2022-12-01,train
标致408,2023-01-01,train
标致408,2023-02-01,train
标致408,2023-03-01,train
标致408,2023-04-01,train
标致408,2023-05-01,train
标致408,2023-06-01,train
标致408,2023-07-01,train
标致408,2023-08-01,train
标致408,2023-09-01,train
标致408,2023-10-01,train
标致408,2023-11-01,train
标致408,2023-12-01,train
标致408,2024-01-01,train
标致408,2024-02-01,train
标致408,2024-03-01,train
标致408,2024-04-01,train
标致408,2024-05-01,train
标致408,2024-06-01,train
标致408,2024-07-01,train
标致408,2024-08-01,train
标致408,2024-09-01,train
标致408,2024-10-01,train
标致408,2024-11-01,train
标致408,2024-12-01,train
标致408,2025-01-01,train
标致408,2025-02-01,train
标致408,2025-03-01,train
标致408,2025-04-01,train
标致408,2025-05-01,train
标致408,2025-06-01,train
标致408,2025-07-01,val
标致408,2025-08-01,val
标致408,2025-09-01,val
标致408,2025-10-01,val
标致408,2025-11-01,val
标致408,2025-12-01,val
标致408,2026-01-01,test
标致408,2026-02-01,test
标致408,2026-03-01,test
标致408,2026-04-01,test
标致408,2026-05-01,test
标致408,2026-06-01,test
标致408X,2022-01-01,train
标致408X,2022-02-01,train
标致408X,2022-03-01,train
标致408X,2022-04-01,train
标致408X,2022-05-01,train
标致408X,2022-06-01,train
标致408X,2022-07-01,train
标致408X,2022-08-01,train
标致408X,2022-09-01,train
标致408X,2022-10-01,train
标致408X,2022-11-01,train
标致408X,2022-12-01,train
标致408X,2023-01-01,train
标致408X,2023-02-01,train
标致408X,2023-03-01,train
标致408X,2023-04-01,train
标致408X,2023-05-01,train
标致408X,2023-06-01,train
标致408X,2023-07-01,train
标致408X,2023-08-01,train
标致408X,2023-09-01,train
标致408X,2023-10-01,train
标致408X,2023-11-01,train
标致408X,2023-12-01,train
标致408X,2024-01-01,train
标致408X,2024-02-01,train
标致408X,2024-03-01,train
标致408X,2024-04-01,train
标致408X,2024-05-01,train
标致408X,2024-06-01,train
标致408X,2024-07-01,train
标致408X,2024-08-01,train
标致408X,2024-09-01,train
标致408X,2024-10-01,train
标致408X,2024-11-01,train
标致408X,2024-12-01,train
标致408X,2025-01-01,train
标致408X,2025-02-01,train
标致408X,2025-03-01,train
标致408X,2025-04-01,train
标致408X,2025-05-01,train
标致408X,2025-06-01,train
标致408X,2025-07-01,val
标致408X,2025-08-01,val
标致408X,2025-09-01,val
标致408X,2025-10-01,val
标致408X,2025-11-01,val
标致408X,2025-12-01,val
标致408X,2026-01-01,test
标致408X,2026-02-01,test
标致408X,2026-03-01,test
标致408X,2026-04-01,test
标致408X,2026-05-01,test
标致408X,2026-06-01,test
标致5008,2022-01-01,train
标致5008,2022-02-01,train
标致5008,2022-03-01,train
标致5008,2022-04-01,train
标致5008,2022-05-01,train
标致5008,2022-06-01,train
标致5008,2022-07-01,train
标致5008,2022-08-01,train
标致5008,2022-09-01,train
标致5008,2022-10-01,train
标致5008,2022-11-01,train
标致5008,2022-12-01,train
标致5008,2023-01-01,train
标致5008,2023-02-01,train
标致5008,2023-03-01,train
标致5008,2023-04-01,train
标致5008,2023-05-01,train
标致5008,2023-06-01,train
标致5008,2023-07-01,train
标致5008,2023-08-01,train
标致5008,2023-09-01,train
标致5008,2023-10-01,train
标致5008,2023-11-01,train
标致5008,2023-12-01,train
标致5008,2024-01-01,train
标致5008,2024-02-01,train
标致5008,2024-03-01,train
标致5008,2024-04-01,train
标致5008,2024-05-01,train
标致5008,2024-06-01,train
标致5008,2024-07-01,train
标致5008,2024-08-01,train
标致5008,2024-09-01,train
标致5008,2024-10-01,train
标致5008,2024-11-01,train
标致5008,2024-12-01,train
标致5008,2025-01-01,train
标致5008,2025-02-01,train
标致5008,2025-03-01,train
标致5008,2025-04-01,train
标致5008,2025-05-01,train
标致5008,2025-06-01,train
标致5008,2025-07-01,val
标致5008,2025-08-01,val
标致5008,2025-09-01,val
标致5008,2025-10-01,val
标致5008,2025-11-01,val
标致5008,2025-12-01,val
标致5008,2026-01-01,test
标致5008,2026-02-01,test
标致5008,2026-03-01,test
标致5008,2026-04-01,test
标致5008,2026-05-01,test
标致5008,2026-06-01,test
标致508,2022-01-01,train
标致508,2022-02-01,train
标致508,2022-03-01,train
标致508,2022-04-01,train
标致508,2022-05-01,train
标致508,2022-06-01,train
标致508,2022-07-01,train
标致508,2022-08-01,train
标致508,2022-09-01,train
标致508,2022-10-01,train
标致508,2022-11-01,train
标致508,2022-12-01,train
标致508,2023-01-01,train
标致508,2023-02-01,train
标致508,2023-03-01,train
标致508,2023-04-01,train
标致508,2023-05-01,train
标致508,2023-06-01,train
标致508,2023-07-01,train
标致508,2023-08-01,train
标致508,2023-09-01,train
标致508,2023-10-01,train
标致508,2023-11-01,train
标致508,2023-12-01,train
标致508,2024-01-01,train
标致508,2024-02-01,train
标致508,2024-03-01,train
标致508,2024-04-01,train
标致508,2024-05-01,train
标致508,2024-06-01,train
标致508,2024-07-01,train
标致508,2024-08-01,train
标致508,2024-09-01,train
标致508,2024-10-01,train
标致508,2024-11-01,train
标致508,2024-12-01,train
标致508,2025-01-01,train
标致508,2025-02-01,train
标致508,2025-03-01,train
标致508,2025-04-01,train
标致508,2025-05-01,train
标致508,2025-06-01,train
标致508,2025-07-01,val
标致508,2025-08-01,val
标致508,2025-09-01,val
标致508,2025-10-01,val
标致508,2025-11-01,val
标致508,2025-12-01,val
标致508,2026-01-01,test
标致508,2026-02-01,test
标致508,2026-03-01,test
标致508,2026-04-01,test
标致508,2026-05-01,test
标致508,2026-06-01,test
格瑞维亚,2022-01-01,train
格瑞维亚,2022-02-01,train
格瑞维亚,2022-03-01,train
格瑞维亚,2022-04-01,train
格瑞维亚,2022-05-01,train
格瑞维亚,2022-06-01,train
格瑞维亚,2022-07-01,train
格瑞维亚,2022-08-01,train
格瑞维亚,2022-09-01,train
格瑞维亚,2022-10-01,train
格瑞维亚,2022-11-01,train
格瑞维亚,2022-12-01,train
格瑞维亚,2023-01-01,train
格瑞维亚,2023-02-01,train
格瑞维亚,2023-03-01,train
格瑞维亚,2023-04-01,train
格瑞维亚,2023-05-01,train
格瑞维亚,2023-06-01,train
格瑞维亚,2023-07-01,train
格瑞维亚,2023-08-01,train
格瑞维亚,2023-09-01,train
格瑞维亚,2023-10-01,train
格瑞维亚,2023-11-01,train
格瑞维亚,2023-12-01,train
格瑞维亚,2024-01-01,train
格瑞维亚,2024-02-01,train
格瑞维亚,2024-03-01,train
格瑞维亚,2024-04-01,train
格瑞维亚,2024-05-01,train
格瑞维亚,2024-06-01,train
格瑞维亚,2024-07-01,train
格瑞维亚,2024-08-01,train
格瑞维亚,2024-09-01,train
格瑞维亚,2024-10-01,train
格瑞维亚,2024-11-01,train
格瑞维亚,2024-12-01,train
格瑞维亚,2025-01-01,train
格瑞维亚,2025-02-01,train
格瑞维亚,2025-03-01,train
格瑞维亚,2025-04-01,train
格瑞维亚,2025-05-01,train
格瑞维亚,2025-06-01,train
格瑞维亚,2025-07-01,val
格瑞维亚,2025-08-01,val
格瑞维亚,2025-09-01,val
格瑞维亚,2025-10-01,val
格瑞维亚,2025-11-01,val
格瑞维亚,2025-12-01,val
格瑞维亚,2026-01-01,test
格瑞维亚,2026-02-01,test
格瑞维亚,2026-03-01,test
格瑞维亚,2026-04-01,test
格瑞维亚,2026-05-01,test
格瑞维亚,2026-06-01,test
欧拉好猫,2022-01-01,train
欧拉好猫,2022-02-01,train
欧拉好猫,2022-03-01,train
欧拉好猫,2022-04-01,train
欧拉好猫,2022-05-01,train
欧拉好猫,2022-06-01,train
欧拉好猫,2022-07-01,train
欧拉好猫,2022-08-01,train
欧拉好猫,2022-09-01,train
欧拉好猫,2022-10-01,train
欧拉好猫,2022-11-01,train
欧拉好猫,2022-12-01,train
欧拉好猫,2023-01-01,train
欧拉好猫,2023-02-01,train
欧拉好猫,2023-03-01,train
欧拉好猫,2023-04-01,train
欧拉好猫,2023-05-01,train
欧拉好猫,2023-06-01,train
欧拉好猫,2023-07-01,train
欧拉好猫,2023-08-01,train
欧拉好猫,2023-09-01,train
欧拉好猫,2023-10-01,train
欧拉好猫,2023-11-01,train
欧拉好猫,2023-12-01,train
欧拉好猫,2024-01-01,train
欧拉好猫,2024-02-01,train
欧拉好猫,2024-03-01,train
欧拉好猫,2024-04-01,train
欧拉好猫,2024-05-01,train
欧拉好猫,2024-06-01,train
欧拉好猫,2024-07-01,train
欧拉好猫,2024-08-01,train
欧拉好猫,2024-09-01,train
欧拉好猫,2024-10-01,train
欧拉好猫,2024-11-01,train
欧拉好猫,2024-12-01,train
欧拉好猫,2025-01-01,train
欧拉好猫,2025-02-01,train
欧拉好猫,2025-03-01,train
欧拉好猫,2025-04-01,train
欧拉好猫,2025-05-01,train
欧拉好猫,2025-06-01,train
欧拉好猫,2025-07-01,val
欧拉好猫,2025-08-01,val
欧拉好猫,2025-09-01,val
欧拉好猫,2025-10-01,val
欧拉好猫,2025-11-01,val
欧拉好猫,2025-12-01,val
欧拉好猫,2026-01-01,test
欧拉好猫,2026-02-01,test
欧拉好猫,2026-03-01,test
欧拉好猫,2026-04-01,test
欧拉好猫,2026-05-01,test
欧拉好猫,2026-06-01,test
欧拉闪电猫,2022-01-01,train
欧拉闪电猫,2022-02-01,train
欧拉闪电猫,2022-03-01,train
欧拉闪电猫,2022-04-01,train
欧拉闪电猫,2022-05-01,train
欧拉闪电猫,2022-06-01,train
欧拉闪电猫,2022-07-01,train
欧拉闪电猫,2022-08-01,train
欧拉闪电猫,2022-09-01,train
欧拉闪电猫,2022-10-01,train
欧拉闪电猫,2022-11-01,train
欧拉闪电猫,2022-12-01,train
欧拉闪电猫,2023-01-01,train
欧拉闪电猫,2023-02-01,train
欧拉闪电猫,2023-03-01,train
欧拉闪电猫,2023-04-01,train
欧拉闪电猫,2023-05-01,train
欧拉闪电猫,2023-06-01,train
欧拉闪电猫,2023-07-01,train
欧拉闪电猫,2023-08-01,train
欧拉闪电猫,2023-09-01,train
欧拉闪电猫,2023-10-01,train
欧拉闪电猫,2023-11-01,train
欧拉闪电猫,2023-12-01,train
欧拉闪电猫,2024-01-01,train
欧拉闪电猫,2024-02-01,train
欧拉闪电猫,2024-03-01,train
欧拉闪电猫,2024-04-01,train
欧拉闪电猫,2024-05-01,train
欧拉闪电猫,2024-06-01,train
欧拉闪电猫,2024-07-01,train
欧拉闪电猫,2024-08-01,train
欧拉闪电猫,2024-09-01,train
欧拉闪电猫,2024-10-01,train
欧拉闪电猫,2024-11-01,train
欧拉闪电猫,2024-12-01,train
欧拉闪电猫,2025-01-01,train
欧拉闪电猫,2025-02-01,train
欧拉闪电猫,2025-03-01,train
欧拉闪电猫,2025-04-01,train
欧拉闪电猫,2025-05-01,train
欧拉闪电猫,2025-06-01,train
欧拉闪电猫,2025-07-01,val
欧拉闪电猫,2025-08-01,val
欧拉闪电猫,2025-09-01,val
欧拉闪电猫,2025-10-01,val
欧拉闪电猫,2025-11-01,val
欧拉闪电猫,2025-12-01,val
欧拉闪电猫,2026-01-01,test
欧拉闪电猫,2026-02-01,test
欧拉闪电猫,2026-03-01,test
欧拉闪电猫,2026-04-01,test
欧拉闪电猫,2026-05-01,test
欧拉闪电猫,2026-06-01,test
欧诺S,2022-01-01,train
欧诺S,2022-02-01,train
欧诺S,2022-03-01,train
欧诺S,2022-04-01,train
欧诺S,2022-05-01,train
欧诺S,2022-06-01,train
欧诺S,2022-07-01,train
欧诺S,2022-08-01,train
欧诺S,2022-09-01,train
欧诺S,2022-10-01,train
欧诺S,2022-11-01,train
欧诺S,2022-12-01,train
欧诺S,2023-01-01,train
欧诺S,2023-02-01,train
欧诺S,2023-03-01,train
欧诺S,2023-04-01,train
欧诺S,2023-05-01,train
欧诺S,2023-06-01,train
欧诺S,2023-07-01,train
欧诺S,2023-08-01,train
欧诺S,2023-09-01,train
欧诺S,2023-10-01,train
欧诺S,2023-11-01,train
欧诺S,2023-12-01,train
欧诺S,2024-01-01,train
欧诺S,2024-02-01,train
欧诺S,2024-03-01,train
欧诺S,2024-04-01,train
欧诺S,2024-05-01,train
欧诺S,2024-06-01,train
欧诺S,2024-07-01,train
欧诺S,2024-08-01,train
欧诺S,2024-09-01,train
欧诺S,2024-10-01,train
欧诺S,2024-11-01,train
欧诺S,2024-12-01,train
欧诺S,2025-01-01,train
欧诺S,2025-02-01,train
欧诺S,2025-03-01,train
欧诺S,2025-04-01,train
欧诺S,2025-05-01,train
欧诺S,2025-06-01,train
欧诺S,2025-07-01,val
欧诺S,2025-08-01,val
欧诺S,2025-09-01,val
欧诺S,2025-10-01,val
欧诺S,2025-11-01,val
欧诺S,2025-12-01,val
欧诺S,2026-01-01,test
欧诺S,2026-02-01,test
欧诺S,2026-03-01,test
欧诺S,2026-04-01,test
欧诺S,2026-05-01,test
欧诺S,2026-06-01,test
比亚迪M9,2022-01-01,train
比亚迪M9,2022-02-01,train
比亚迪M9,2022-03-01,train
比亚迪M9,2022-04-01,train
比亚迪M9,2022-05-01,train
比亚迪M9,2022-06-01,train
比亚迪M9,2022-07-01,train
比亚迪M9,2022-08-01,train
比亚迪M9,2022-09-01,train
比亚迪M9,2022-10-01,train
比亚迪M9,2022-11-01,train
比亚迪M9,2022-12-01,train
比亚迪M9,2023-01-01,train
比亚迪M9,2023-02-01,train
比亚迪M9,2023-03-01,train
比亚迪M9,2023-04-01,train
比亚迪M9,2023-05-01,train
比亚迪M9,2023-06-01,train
比亚迪M9,2023-07-01,train
比亚迪M9,2023-08-01,train
比亚迪M9,2023-09-01,train
比亚迪M9,2023-10-01,train
比亚迪M9,2023-11-01,train
比亚迪M9,2023-12-01,train
比亚迪M9,2024-01-01,train
比亚迪M9,2024-02-01,train
比亚迪M9,2024-03-01,train
比亚迪M9,2024-04-01,train
比亚迪M9,2024-05-01,train
比亚迪M9,2024-06-01,train
比亚迪M9,2024-07-01,train
比亚迪M9,2024-08-01,train
比亚迪M9,2024-09-01,train
比亚迪M9,2024-10-01,train
比亚迪M9,2024-11-01,train
比亚迪M9,2024-12-01,train
比亚迪M9,2025-01-01,train
比亚迪M9,2025-02-01,train
比亚迪M9,2025-03-01,train
比亚迪M9,2025-04-01,train
比亚迪M9,2025-05-01,train
比亚迪M9,2025-06-01,train
比亚迪M9,2025-07-01,val
比亚迪M9,2025-08-01,val
比亚迪M9,2025-09-01,val
比亚迪M9,2025-10-01,val
比亚迪M9,2025-11-01,val
比亚迪M9,2025-12-01,val
比亚迪M9,2026-01-01,test
比亚迪M9,2026-02-01,test
比亚迪M9,2026-03-01,test
比亚迪M9,2026-04-01,test
比亚迪M9,2026-05-01,test
比亚迪M9,2026-06-01,test
比亚迪e7,2022-01-01,train
比亚迪e7,2022-02-01,train
比亚迪e7,2022-03-01,train
比亚迪e7,2022-04-01,train
比亚迪e7,2022-05-01,train
比亚迪e7,2022-06-01,train
比亚迪e7,2022-07-01,train
比亚迪e7,2022-08-01,train
比亚迪e7,2022-09-01,train
比亚迪e7,2022-10-01,train
比亚迪e7,2022-11-01,train
比亚迪e7,2022-12-01,train
比亚迪e7,2023-01-01,train
比亚迪e7,2023-02-01,train
比亚迪e7,2023-03-01,train
比亚迪e7,2023-04-01,train
比亚迪e7,2023-05-01,train
比亚迪e7,2023-06-01,train
比亚迪e7,2023-07-01,train
比亚迪e7,2023-08-01,train
比亚迪e7,2023-09-01,train
比亚迪e7,2023-10-01,train
比亚迪e7,2023-11-01,train
比亚迪e7,2023-12-01,train
比亚迪e7,2024-01-01,train
比亚迪e7,2024-02-01,train
比亚迪e7,2024-03-01,train
比亚迪e7,2024-04-01,train
比亚迪e7,2024-05-01,train
比亚迪e7,2024-06-01,train
比亚迪e7,2024-07-01,train
比亚迪e7,2024-08-01,train
比亚迪e7,2024-09-01,train
比亚迪e7,2024-10-01,train
比亚迪e7,2024-11-01,train
比亚迪e7,2024-12-01,train
比亚迪e7,2025-01-01,train
比亚迪e7,2025-02-01,train
比亚迪e7,2025-03-01,train
比亚迪e7,2025-04-01,train
比亚迪e7,2025-05-01,train
比亚迪e7,2025-06-01,train
比亚迪e7,2025-07-01,val
比亚迪e7,2025-08-01,val
比亚迪e7,2025-09-01,val
比亚迪e7,2025-10-01,val
比亚迪e7,2025-11-01,val
比亚迪e7,2025-12-01,val
比亚迪e7,2026-01-01,test
比亚迪e7,2026-02-01,test
比亚迪e7,2026-03-01,test
比亚迪e7,2026-04-01,test
比亚迪e7,2026-05-01,test
比亚迪e7,2026-06-01,test
比亚迪e9,2022-01-01,train
比亚迪e9,2022-02-01,train
比亚迪e9,2022-03-01,train
比亚迪e9,2022-04-01,train
比亚迪e9,2022-05-01,train
比亚迪e9,2022-06-01,train
比亚迪e9,2022-07-01,train
比亚迪e9,2022-08-01,train
比亚迪e9,2022-09-01,train
比亚迪e9,2022-10-01,train
比亚迪e9,2022-11-01,train
比亚迪e9,2022-12-01,train
比亚迪e9,2023-01-01,train
比亚迪e9,2023-02-01,train
比亚迪e9,2023-03-01,train
比亚迪e9,2023-04-01,train
比亚迪e9,2023-05-01,train
比亚迪e9,2023-06-01,train
比亚迪e9,2023-07-01,train
比亚迪e9,2023-08-01,train
比亚迪e9,2023-09-01,train
比亚迪e9,2023-10-01,train
比亚迪e9,2023-11-01,train
比亚迪e9,2023-12-01,train
比亚迪e9,2024-01-01,train
比亚迪e9,2024-02-01,train
比亚迪e9,2024-03-01,train
比亚迪e9,2024-04-01,train
比亚迪e9,2024-05-01,train
比亚迪e9,2024-06-01,train
比亚迪e9,2024-07-01,train
比亚迪e9,2024-08-01,train
比亚迪e9,2024-09-01,train
比亚迪e9,2024-10-01,train
比亚迪e9,2024-11-01,train
比亚迪e9,2024-12-01,train
比亚迪e9,2025-01-01,train
比亚迪e9,2025-02-01,train
比亚迪e9,2025-03-01,train
比亚迪e9,2025-04-01,train
比亚迪e9,2025-05-01,train
比亚迪e9,2025-06-01,train
比亚迪e9,2025-07-01,val
比亚迪e9,2025-08-01,val
比亚迪e9,2025-09-01,val
比亚迪e9,2025-10-01,val
比亚迪e9,2025-11-01,val
比亚迪e9,2025-12-01,val
比亚迪e9,2026-01-01,test
比亚迪e9,2026-02-01,test
比亚迪e9,2026-03-01,test
比亚迪e9,2026-04-01,test
比亚迪e9,2026-05-01,test
比亚迪e9,2026-06-01,test
汉,2022-01-01,train
汉,2022-02-01,train
汉,2022-03-01,train
汉,2022-04-01,train
汉,2022-05-01,train
汉,2022-06-01,train
汉,2022-07-01,train
汉,2022-08-01,train
汉,2022-09-01,train
汉,2022-10-01,train
汉,2022-11-01,train
汉,2022-12-01,train
汉,2023-01-01,train
汉,2023-02-01,train
汉,2023-03-01,train
汉,2023-04-01,train
汉,2023-05-01,train
汉,2023-06-01,train
汉,2023-07-01,train
汉,2023-08-01,train
汉,2023-09-01,train
汉,2023-10-01,train
汉,2023-11-01,train
汉,2023-12-01,train
汉,2024-01-01,train
汉,2024-02-01,train
汉,2024-03-01,train
汉,2024-04-01,train
汉,2024-05-01,train
汉,2024-06-01,train
汉,2024-07-01,train
汉,2024-08-01,train
汉,2024-09-01,train
汉,2024-10-01,train
汉,2024-11-01,train
汉,2024-12-01,train
汉,2025-01-01,train
汉,2025-02-01,train
汉,2025-03-01,train
汉,2025-04-01,train
汉,2025-05-01,train
汉,2025-06-01,train
汉,2025-07-01,val
汉,2025-08-01,val
汉,2025-09-01,val
汉,2025-10-01,val
汉,2025-11-01,val
汉,2025-12-01,val
汉,2026-01-01,test
汉,2026-02-01,test
汉,2026-03-01,test
汉,2026-04-01,test
汉,2026-05-01,test
汉,2026-06-01,test
江淮A5 PLUS,2022-01-01,train
江淮A5 PLUS,2022-02-01,train
江淮A5 PLUS,2022-03-01,train
江淮A5 PLUS,2022-04-01,train
江淮A5 PLUS,2022-05-01,train
江淮A5 PLUS,2022-06-01,train
江淮A5 PLUS,2022-07-01,train
江淮A5 PLUS,2022-08-01,train
江淮A5 PLUS,2022-09-01,train
江淮A5 PLUS,2022-10-01,train
江淮A5 PLUS,2022-11-01,train
江淮A5 PLUS,2022-12-01,train
江淮A5 PLUS,2023-01-01,train
江淮A5 PLUS,2023-02-01,train
江淮A5 PLUS,2023-03-01,train
江淮A5 PLUS,2023-04-01,train
江淮A5 PLUS,2023-05-01,train
江淮A5 PLUS,2023-06-01,train
江淮A5 PLUS,2023-07-01,train
江淮A5 PLUS,2023-08-01,train
江淮A5 PLUS,2023-09-01,train
江淮A5 PLUS,2023-10-01,train
江淮A5 PLUS,2023-11-01,train
江淮A5 PLUS,2023-12-01,train
江淮A5 PLUS,2024-01-01,train
江淮A5 PLUS,2024-02-01,train
江淮A5 PLUS,2024-03-01,train
江淮A5 PLUS,2024-04-01,train
江淮A5 PLUS,2024-05-01,train
江淮A5 PLUS,2024-06-01,train
江淮A5 PLUS,2024-07-01,train
江淮A5 PLUS,2024-08-01,train
江淮A5 PLUS,2024-09-01,train
江淮A5 PLUS,2024-10-01,train
江淮A5 PLUS,2024-11-01,train
江淮A5 PLUS,2024-12-01,train
江淮A5 PLUS,2025-01-01,train
江淮A5 PLUS,2025-02-01,train
江淮A5 PLUS,2025-03-01,train
江淮A5 PLUS,2025-04-01,train
江淮A5 PLUS,2025-05-01,train
江淮A5 PLUS,2025-06-01,train
江淮A5 PLUS,2025-07-01,val
江淮A5 PLUS,2025-08-01,val
江淮A5 PLUS,2025-09-01,val
江淮A5 PLUS,2025-10-01,val
江淮A5 PLUS,2025-11-01,val
江淮A5 PLUS,2025-12-01,val
江淮A5 PLUS,2026-01-01,test
江淮A5 PLUS,2026-02-01,test
江淮A5 PLUS,2026-03-01,test
江淮A5 PLUS,2026-04-01,test
江淮A5 PLUS,2026-05-01,test
江淮A5 PLUS,2026-06-01,test
江淮QX PHEV,2022-01-01,train
江淮QX PHEV,2022-02-01,train
江淮QX PHEV,2022-03-01,train
江淮QX PHEV,2022-04-01,train
江淮QX PHEV,2022-05-01,train
江淮QX PHEV,2022-06-01,train
江淮QX PHEV,2022-07-01,train
江淮QX PHEV,2022-08-01,train
江淮QX PHEV,2022-09-01,train
江淮QX PHEV,2022-10-01,train
江淮QX PHEV,2022-11-01,train
江淮QX PHEV,2022-12-01,train
江淮QX PHEV,2023-01-01,train
江淮QX PHEV,2023-02-01,train
江淮QX PHEV,2023-03-01,train
江淮QX PHEV,2023-04-01,train
江淮QX PHEV,2023-05-01,train
江淮QX PHEV,2023-06-01,train
江淮QX PHEV,2023-07-01,train
江淮QX PHEV,2023-08-01,train
江淮QX PHEV,2023-09-01,train
江淮QX PHEV,2023-10-01,train
江淮QX PHEV,2023-11-01,train
江淮QX PHEV,2023-12-01,train
江淮QX PHEV,2024-01-01,train
江淮QX PHEV,2024-02-01,train
江淮QX PHEV,2024-03-01,train
江淮QX PHEV,2024-04-01,train
江淮QX PHEV,2024-05-01,train
江淮QX PHEV,2024-06-01,train
江淮QX PHEV,2024-07-01,train
江淮QX PHEV,2024-08-01,train
江淮QX PHEV,2024-09-01,train
江淮QX PHEV,2024-10-01,train
江淮QX PHEV,2024-11-01,train
江淮QX PHEV,2024-12-01,train
江淮QX PHEV,2025-01-01,train
江淮QX PHEV,2025-02-01,train
江淮QX PHEV,2025-03-01,train
江淮QX PHEV,2025-04-01,train
江淮QX PHEV,2025-05-01,train
江淮QX PHEV,2025-06-01,train
江淮QX PHEV,2025-07-01,val
江淮QX PHEV,2025-08-01,val
江淮QX PHEV,2025-09-01,val
江淮QX PHEV,2025-10-01,val
江淮QX PHEV,2025-11-01,val
江淮QX PHEV,2025-12-01,val
江淮QX PHEV,2026-01-01,test
江淮QX PHEV,2026-02-01,test
江淮QX PHEV,2026-03-01,test
江淮QX PHEV,2026-04-01,test
江淮QX PHEV,2026-05-01,test
江淮QX PHEV,2026-06-01,test
沃兰多,2022-01-01,train
沃兰多,2022-02-01,train
沃兰多,2022-03-01,train
沃兰多,2022-04-01,train
沃兰多,2022-05-01,train
沃兰多,2022-06-01,train
沃兰多,2022-07-01,train
沃兰多,2022-08-01,train
沃兰多,2022-09-01,train
沃兰多,2022-10-01,train
沃兰多,2022-11-01,train
沃兰多,2022-12-01,train
沃兰多,2023-01-01,train
沃兰多,2023-02-01,train
沃兰多,2023-03-01,train
沃兰多,2023-04-01,train
沃兰多,2023-05-01,train
沃兰多,2023-06-01,train
沃兰多,2023-07-01,train
沃兰多,2023-08-01,train
沃兰多,2023-09-01,train
沃兰多,2023-10-01,train
沃兰多,2023-11-01,train
沃兰多,2023-12-01,train
沃兰多,2024-01-01,train
沃兰多,2024-02-01,train
沃兰多,2024-03-01,train
沃兰多,2024-04-01,train
沃兰多,2024-05-01,train
沃兰多,2024-06-01,train
沃兰多,2024-07-01,train
沃兰多,2024-08-01,train
沃兰多,2024-09-01,train
沃兰多,2024-10-01,train
沃兰多,2024-11-01,train
沃兰多,2024-12-01,train
沃兰多,2025-01-01,train
沃兰多,2025-02-01,train
沃兰多,2025-03-01,train
沃兰多,2025-04-01,train
沃兰多,2025-05-01,train
沃兰多,2025-06-01,train
沃兰多,2025-07-01,val
沃兰多,2025-08-01,val
沃兰多,2025-09-01,val
沃兰多,2025-10-01,val
沃兰多,2025-11-01,val
沃兰多,2025-12-01,val
沃兰多,2026-01-01,test
沃兰多,2026-02-01,test
沃兰多,2026-03-01,test
沃兰多,2026-04-01,test
沃兰多,2026-05-01,test
沃兰多,2026-06-01,test
沃尔沃C40,2022-01-01,train
沃尔沃C40,2022-02-01,train
沃尔沃C40,2022-03-01,train
沃尔沃C40,2022-04-01,train
沃尔沃C40,2022-05-01,train
沃尔沃C40,2022-06-01,train
沃尔沃C40,2022-07-01,train
沃尔沃C40,2022-08-01,train
沃尔沃C40,2022-09-01,train
沃尔沃C40,2022-10-01,train
沃尔沃C40,2022-11-01,train
沃尔沃C40,2022-12-01,train
沃尔沃C40,2023-01-01,train
沃尔沃C40,2023-02-01,train
沃尔沃C40,2023-03-01,train
沃尔沃C40,2023-04-01,train
沃尔沃C40,2023-05-01,train
沃尔沃C40,2023-06-01,train
沃尔沃C40,2023-07-01,train
沃尔沃C40,2023-08-01,train
沃尔沃C40,2023-09-01,train
沃尔沃C40,2023-10-01,train
沃尔沃C40,2023-11-01,train
沃尔沃C40,2023-12-01,train
沃尔沃C40,2024-01-01,train
沃尔沃C40,2024-02-01,train
沃尔沃C40,2024-03-01,train
沃尔沃C40,2024-04-01,train
沃尔沃C40,2024-05-01,train
沃尔沃C40,2024-06-01,train
沃尔沃C40,2024-07-01,train
沃尔沃C40,2024-08-01,train
沃尔沃C40,2024-09-01,train
沃尔沃C40,2024-10-01,train
沃尔沃C40,2024-11-01,train
沃尔沃C40,2024-12-01,train
沃尔沃C40,2025-01-01,train
沃尔沃C40,2025-02-01,train
沃尔沃C40,2025-03-01,train
沃尔沃C40,2025-04-01,train
沃尔沃C40,2025-05-01,train
沃尔沃C40,2025-06-01,train
沃尔沃C40,2025-07-01,val
沃尔沃C40,2025-08-01,val
沃尔沃C40,2025-09-01,val
沃尔沃C40,2025-10-01,val
沃尔沃C40,2025-11-01,val
沃尔沃C40,2025-12-01,val
沃尔沃C40,2026-01-01,test
沃尔沃C40,2026-02-01,test
沃尔沃C40,2026-03-01,test
沃尔沃C40,2026-04-01,test
沃尔沃C40,2026-05-01,test
沃尔沃C40,2026-06-01,test
沃尔沃EM90,2022-01-01,train
沃尔沃EM90,2022-02-01,train
沃尔沃EM90,2022-03-01,train
沃尔沃EM90,2022-04-01,train
沃尔沃EM90,2022-05-01,train
沃尔沃EM90,2022-06-01,train
沃尔沃EM90,2022-07-01,train
沃尔沃EM90,2022-08-01,train
沃尔沃EM90,2022-09-01,train
沃尔沃EM90,2022-10-01,train
沃尔沃EM90,2022-11-01,train
沃尔沃EM90,2022-12-01,train
沃尔沃EM90,2023-01-01,train
沃尔沃EM90,2023-02-01,train
沃尔沃EM90,2023-03-01,train
沃尔沃EM90,2023-04-01,train
沃尔沃EM90,2023-05-01,train
沃尔沃EM90,2023-06-01,train
沃尔沃EM90,2023-07-01,train
沃尔沃EM90,2023-08-01,train
沃尔沃EM90,2023-09-01,train
沃尔沃EM90,2023-10-01,train
沃尔沃EM90,2023-11-01,train
沃尔沃EM90,2023-12-01,train
沃尔沃EM90,2024-01-01,train
沃尔沃EM90,2024-02-01,train
沃尔沃EM90,2024-03-01,train
沃尔沃EM90,2024-04-01,train
沃尔沃EM90,2024-05-01,train
沃尔沃EM90,2024-06-01,train
沃尔沃EM90,2024-07-01,train
沃尔沃EM90,2024-08-01,train
沃尔沃EM90,2024-09-01,train
沃尔沃EM90,2024-10-01,train
沃尔沃EM90,2024-11-01,train
沃尔沃EM90,2024-12-01,train
沃尔沃EM90,2025-01-01,train
沃尔沃EM90,2025-02-01,train
沃尔沃EM90,2025-03-01,train
沃尔沃EM90,2025-04-01,train
沃尔沃EM90,2025-05-01,train
沃尔沃EM90,2025-06-01,train
沃尔沃EM90,2025-07-01,val
沃尔沃EM90,2025-08-01,val
沃尔沃EM90,2025-09-01,val
沃尔沃EM90,2025-10-01,val
沃尔沃EM90,2025-11-01,val
沃尔沃EM90,2025-12-01,val
沃尔沃EM90,2026-01-01,test
沃尔沃EM90,2026-02-01,test
沃尔沃EM90,2026-03-01,test
沃尔沃EM90,2026-04-01,test
沃尔沃EM90,2026-05-01,test
沃尔沃EM90,2026-06-01,test
沃尔沃ES90,2022-01-01,train
沃尔沃ES90,2022-02-01,train
沃尔沃ES90,2022-03-01,train
沃尔沃ES90,2022-04-01,train
沃尔沃ES90,2022-05-01,train
沃尔沃ES90,2022-06-01,train
沃尔沃ES90,2022-07-01,train
沃尔沃ES90,2022-08-01,train
沃尔沃ES90,2022-09-01,train
沃尔沃ES90,2022-10-01,train
沃尔沃ES90,2022-11-01,train
沃尔沃ES90,2022-12-01,train
沃尔沃ES90,2023-01-01,train
沃尔沃ES90,2023-02-01,train
沃尔沃ES90,2023-03-01,train
沃尔沃ES90,2023-04-01,train
沃尔沃ES90,2023-05-01,train
沃尔沃ES90,2023-06-01,train
沃尔沃ES90,2023-07-01,train
沃尔沃ES90,2023-08-01,train
沃尔沃ES90,2023-09-01,train
沃尔沃ES90,2023-10-01,train
沃尔沃ES90,2023-11-01,train
沃尔沃ES90,2023-12-01,train
沃尔沃ES90,2024-01-01,train
沃尔沃ES90,2024-02-01,train
沃尔沃ES90,2024-03-01,train
沃尔沃ES90,2024-04-01,train
沃尔沃ES90,2024-05-01,train
沃尔沃ES90,2024-06-01,train
沃尔沃ES90,2024-07-01,train
沃尔沃ES90,2024-08-01,train
沃尔沃ES90,2024-09-01,train
沃尔沃ES90,2024-10-01,train
沃尔沃ES90,2024-11-01,train
沃尔沃ES90,2024-12-01,train
沃尔沃ES90,2025-01-01,train
沃尔沃ES90,2025-02-01,train
沃尔沃ES90,2025-03-01,train
沃尔沃ES90,2025-04-01,train
沃尔沃ES90,2025-05-01,train
沃尔沃ES90,2025-06-01,train
沃尔沃ES90,2025-07-01,val
沃尔沃ES90,2025-08-01,val
沃尔沃ES90,2025-09-01,val
沃尔沃ES90,2025-10-01,val
沃尔沃ES90,2025-11-01,val
沃尔沃ES90,2025-12-01,val
沃尔沃ES90,2026-01-01,test
沃尔沃ES90,2026-02-01,test
沃尔沃ES90,2026-03-01,test
沃尔沃ES90,2026-04-01,test
沃尔沃ES90,2026-05-01,test
沃尔沃ES90,2026-06-01,test
沃尔沃S60,2022-01-01,train
沃尔沃S60,2022-02-01,train
沃尔沃S60,2022-03-01,train
沃尔沃S60,2022-04-01,train
沃尔沃S60,2022-05-01,train
沃尔沃S60,2022-06-01,train
沃尔沃S60,2022-07-01,train
沃尔沃S60,2022-08-01,train
沃尔沃S60,2022-09-01,train
沃尔沃S60,2022-10-01,train
沃尔沃S60,2022-11-01,train
沃尔沃S60,2022-12-01,train
沃尔沃S60,2023-01-01,train
沃尔沃S60,2023-02-01,train
沃尔沃S60,2023-03-01,train
沃尔沃S60,2023-04-01,train
沃尔沃S60,2023-05-01,train
沃尔沃S60,2023-06-01,train
沃尔沃S60,2023-07-01,train
沃尔沃S60,2023-08-01,train
沃尔沃S60,2023-09-01,train
沃尔沃S60,2023-10-01,train
沃尔沃S60,2023-11-01,train
沃尔沃S60,2023-12-01,train
沃尔沃S60,2024-01-01,train
沃尔沃S60,2024-02-01,train
沃尔沃S60,2024-03-01,train
沃尔沃S60,2024-04-01,train
沃尔沃S60,2024-05-01,train
沃尔沃S60,2024-06-01,train
沃尔沃S60,2024-07-01,train
沃尔沃S60,2024-08-01,train
沃尔沃S60,2024-09-01,train
沃尔沃S60,2024-10-01,train
沃尔沃S60,2024-11-01,train
沃尔沃S60,2024-12-01,train
沃尔沃S60,2025-01-01,train
沃尔沃S60,2025-02-01,train
沃尔沃S60,2025-03-01,train
沃尔沃S60,2025-04-01,train
沃尔沃S60,2025-05-01,train
沃尔沃S60,2025-06-01,train
沃尔沃S60,2025-07-01,val
沃尔沃S60,2025-08-01,val
沃尔沃S60,2025-09-01,val
沃尔沃S60,2025-10-01,val
沃尔沃S60,2025-11-01,val
沃尔沃S60,2025-12-01,val
沃尔沃S60,2026-01-01,test
沃尔沃S60,2026-02-01,test
沃尔沃S60,2026-03-01,test
沃尔沃S60,2026-04-01,test
沃尔沃S60,2026-05-01,test
沃尔沃S60,2026-06-01,test
沃尔沃S90,2022-01-01,train
沃尔沃S90,2022-02-01,train
沃尔沃S90,2022-03-01,train
沃尔沃S90,2022-04-01,train
沃尔沃S90,2022-05-01,train
沃尔沃S90,2022-06-01,train
沃尔沃S90,2022-07-01,train
沃尔沃S90,2022-08-01,train
沃尔沃S90,2022-09-01,train
沃尔沃S90,2022-10-01,train
沃尔沃S90,2022-11-01,train
沃尔沃S90,2022-12-01,train
沃尔沃S90,2023-01-01,train
沃尔沃S90,2023-02-01,train
沃尔沃S90,2023-03-01,train
沃尔沃S90,2023-04-01,train
沃尔沃S90,2023-05-01,train
沃尔沃S90,2023-06-01,train
沃尔沃S90,2023-07-01,train
沃尔沃S90,2023-08-01,train
沃尔沃S90,2023-09-01,train
沃尔沃S90,2023-10-01,train
沃尔沃S90,2023-11-01,train
沃尔沃S90,2023-12-01,train
沃尔沃S90,2024-01-01,train
沃尔沃S90,2024-02-01,train
沃尔沃S90,2024-03-01,train
沃尔沃S90,2024-04-01,train
沃尔沃S90,2024-05-01,train
沃尔沃S90,2024-06-01,train
沃尔沃S90,2024-07-01,train
沃尔沃S90,2024-08-01,train
沃尔沃S90,2024-09-01,train
沃尔沃S90,2024-10-01,train
沃尔沃S90,2024-11-01,train
沃尔沃S90,2024-12-01,train
沃尔沃S90,2025-01-01,train
沃尔沃S90,2025-02-01,train
沃尔沃S90,2025-03-01,train
沃尔沃S90,2025-04-01,train
沃尔沃S90,2025-05-01,train
沃尔沃S90,2025-06-01,train
沃尔沃S90,2025-07-01,val
沃尔沃S90,2025-08-01,val
沃尔沃S90,2025-09-01,val
沃尔沃S90,2025-10-01,val
沃尔沃S90,2025-11-01,val
沃尔沃S90,2025-12-01,val
沃尔沃S90,2026-01-01,test
沃尔沃S90,2026-02-01,test
沃尔沃S90,2026-03-01,test
沃尔沃S90,2026-04-01,test
沃尔沃S90,2026-05-01,test
沃尔沃S90,2026-06-01,test
沃尔沃S90新能源,2022-01-01,train
沃尔沃S90新能源,2022-02-01,train
沃尔沃S90新能源,2022-03-01,train
沃尔沃S90新能源,2022-04-01,train
沃尔沃S90新能源,2022-05-01,train
沃尔沃S90新能源,2022-06-01,train
沃尔沃S90新能源,2022-07-01,train
沃尔沃S90新能源,2022-08-01,train
沃尔沃S90新能源,2022-09-01,train
沃尔沃S90新能源,2022-10-01,train
沃尔沃S90新能源,2022-11-01,train
沃尔沃S90新能源,2022-12-01,train
沃尔沃S90新能源,2023-01-01,train
沃尔沃S90新能源,2023-02-01,train
沃尔沃S90新能源,2023-03-01,train
沃尔沃S90新能源,2023-04-01,train
沃尔沃S90新能源,2023-05-01,train
沃尔沃S90新能源,2023-06-01,train
沃尔沃S90新能源,2023-07-01,train
沃尔沃S90新能源,2023-08-01,train
沃尔沃S90新能源,2023-09-01,train
沃尔沃S90新能源,2023-10-01,train
沃尔沃S90新能源,2023-11-01,train
沃尔沃S90新能源,2023-12-01,train
沃尔沃S90新能源,2024-01-01,train
沃尔沃S90新能源,2024-02-01,train
沃尔沃S90新能源,2024-03-01,train
沃尔沃S90新能源,2024-04-01,train
沃尔沃S90新能源,2024-05-01,train
沃尔沃S90新能源,2024-06-01,train
沃尔沃S90新能源,2024-07-01,train
沃尔沃S90新能源,2024-08-01,train
沃尔沃S90新能源,2024-09-01,train
沃尔沃S90新能源,2024-10-01,train
沃尔沃S90新能源,2024-11-01,train
沃尔沃S90新能源,2024-12-01,train
沃尔沃S90新能源,2025-01-01,train
沃尔沃S90新能源,2025-02-01,train
沃尔沃S90新能源,2025-03-01,train
沃尔沃S90新能源,2025-04-01,train
沃尔沃S90新能源,2025-05-01,train
沃尔沃S90新能源,2025-06-01,train
沃尔沃S90新能源,2025-07-01,val
沃尔沃S90新能源,2025-08-01,val
沃尔沃S90新能源,2025-09-01,val
沃尔沃S90新能源,2025-10-01,val
沃尔沃S90新能源,2025-11-01,val
沃尔沃S90新能源,2025-12-01,val
沃尔沃S90新能源,2026-01-01,test
沃尔沃S90新能源,2026-02-01,test
沃尔沃S90新能源,2026-03-01,test
沃尔沃S90新能源,2026-04-01,test
沃尔沃S90新能源,2026-05-01,test
沃尔沃S90新能源,2026-06-01,test
海狮05EV,2022-01-01,train
海狮05EV,2022-02-01,train
海狮05EV,2022-03-01,train
海狮05EV,2022-04-01,train
海狮05EV,2022-05-01,train
海狮05EV,2022-06-01,train
海狮05EV,2022-07-01,train
海狮05EV,2022-08-01,train
海狮05EV,2022-09-01,train
海狮05EV,2022-10-01,train
海狮05EV,2022-11-01,train
海狮05EV,2022-12-01,train
海狮05EV,2023-01-01,train
海狮05EV,2023-02-01,train
海狮05EV,2023-03-01,train
海狮05EV,2023-04-01,train
海狮05EV,2023-05-01,train
海狮05EV,2023-06-01,train
海狮05EV,2023-07-01,train
海狮05EV,2023-08-01,train
海狮05EV,2023-09-01,train
海狮05EV,2023-10-01,train
海狮05EV,2023-11-01,train
海狮05EV,2023-12-01,train
海狮05EV,2024-01-01,train
海狮05EV,2024-02-01,train
海狮05EV,2024-03-01,train
海狮05EV,2024-04-01,train
海狮05EV,2024-05-01,train
海狮05EV,2024-06-01,train
海狮05EV,2024-07-01,train
海狮05EV,2024-08-01,train
海狮05EV,2024-09-01,train
海狮05EV,2024-10-01,train
海狮05EV,2024-11-01,train
海狮05EV,2024-12-01,train
海狮05EV,2025-01-01,train
海狮05EV,2025-02-01,train
海狮05EV,2025-03-01,train
海狮05EV,2025-04-01,train
海狮05EV,2025-05-01,train
海狮05EV,2025-06-01,train
海狮05EV,2025-07-01,val
海狮05EV,2025-08-01,val
海狮05EV,2025-09-01,val
海狮05EV,2025-10-01,val
海狮05EV,2025-11-01,val
海狮05EV,2025-12-01,val
海狮05EV,2026-01-01,test
海狮05EV,2026-02-01,test
海狮05EV,2026-03-01,test
海狮05EV,2026-04-01,test
海狮05EV,2026-05-01,test
海狮05EV,2026-06-01,test
海狮06EV,2022-01-01,train
海狮06EV,2022-02-01,train
海狮06EV,2022-03-01,train
海狮06EV,2022-04-01,train
海狮06EV,2022-05-01,train
海狮06EV,2022-06-01,train
海狮06EV,2022-07-01,train
海狮06EV,2022-08-01,train
海狮06EV,2022-09-01,train
海狮06EV,2022-10-01,train
海狮06EV,2022-11-01,train
海狮06EV,2022-12-01,train
海狮06EV,2023-01-01,train
海狮06EV,2023-02-01,train
海狮06EV,2023-03-01,train
海狮06EV,2023-04-01,train
海狮06EV,2023-05-01,train
海狮06EV,2023-06-01,train
海狮06EV,2023-07-01,train
海狮06EV,2023-08-01,train
海狮06EV,2023-09-01,train
海狮06EV,2023-10-01,train
海狮06EV,2023-11-01,train
海狮06EV,2023-12-01,train
海狮06EV,2024-01-01,train
海狮06EV,2024-02-01,train
海狮06EV,2024-03-01,train
海狮06EV,2024-04-01,train
海狮06EV,2024-05-01,train
海狮06EV,2024-06-01,train
海狮06EV,2024-07-01,train
海狮06EV,2024-08-01,train
海狮06EV,2024-09-01,train
海狮06EV,2024-10-01,train
海狮06EV,2024-11-01,train
海狮06EV,2024-12-01,train
海狮06EV,2025-01-01,train
海狮06EV,2025-02-01,train
海狮06EV,2025-03-01,train
海狮06EV,2025-04-01,train
海狮06EV,2025-05-01,train
海狮06EV,2025-06-01,train
海狮06EV,2025-07-01,val
海狮06EV,2025-08-01,val
海狮06EV,2025-09-01,val
海狮06EV,2025-10-01,val
海狮06EV,2025-11-01,val
海狮06EV,2025-12-01,val
海狮06EV,2026-01-01,test
海狮06EV,2026-02-01,test
海狮06EV,2026-03-01,test
海狮06EV,2026-04-01,test
海狮06EV,2026-05-01,test
海狮06EV,2026-06-01,test
海狮07EV,2022-01-01,train
海狮07EV,2022-02-01,train
海狮07EV,2022-03-01,train
海狮07EV,2022-04-01,train
海狮07EV,2022-05-01,train
海狮07EV,2022-06-01,train
海狮07EV,2022-07-01,train
海狮07EV,2022-08-01,train
海狮07EV,2022-09-01,train
海狮07EV,2022-10-01,train
海狮07EV,2022-11-01,train
海狮07EV,2022-12-01,train
海狮07EV,2023-01-01,train
海狮07EV,2023-02-01,train
海狮07EV,2023-03-01,train
海狮07EV,2023-04-01,train
海狮07EV,2023-05-01,train
海狮07EV,2023-06-01,train
海狮07EV,2023-07-01,train
海狮07EV,2023-08-01,train
海狮07EV,2023-09-01,train
海狮07EV,2023-10-01,train
海狮07EV,2023-11-01,train
海狮07EV,2023-12-01,train
海狮07EV,2024-01-01,train
海狮07EV,2024-02-01,train
海狮07EV,2024-03-01,train
海狮07EV,2024-04-01,train
海狮07EV,2024-05-01,train
海狮07EV,2024-06-01,train
海狮07EV,2024-07-01,train
海狮07EV,2024-08-01,train
海狮07EV,2024-09-01,train
海狮07EV,2024-10-01,train
海狮07EV,2024-11-01,train
海狮07EV,2024-12-01,train
海狮07EV,2025-01-01,train
海狮07EV,2025-02-01,train
海狮07EV,2025-03-01,train
海狮07EV,2025-04-01,train
海狮07EV,2025-05-01,train
海狮07EV,2025-06-01,train
海狮07EV,2025-07-01,val
海狮07EV,2025-08-01,val
海狮07EV,2025-09-01,val
海狮07EV,2025-10-01,val
海狮07EV,2025-11-01,val
海狮07EV,2025-12-01,val
海狮07EV,2026-01-01,test
海狮07EV,2026-02-01,test
海狮07EV,2026-03-01,test
海狮07EV,2026-04-01,test
海狮07EV,2026-05-01,test
海狮07EV,2026-06-01,test
海豚,2022-01-01,train
海豚,2022-02-01,train
海豚,2022-03-01,train
海豚,2022-04-01,train
海豚,2022-05-01,train
海豚,2022-06-01,train
海豚,2022-07-01,train
海豚,2022-08-01,train
海豚,2022-09-01,train
海豚,2022-10-01,train
海豚,2022-11-01,train
海豚,2022-12-01,train
海豚,2023-01-01,train
海豚,2023-02-01,train
海豚,2023-03-01,train
海豚,2023-04-01,train
海豚,2023-05-01,train
海豚,2023-06-01,train
海豚,2023-07-01,train
海豚,2023-08-01,train
海豚,2023-09-01,train
海豚,2023-10-01,train
海豚,2023-11-01,train
海豚,2023-12-01,train
海豚,2024-01-01,train
海豚,2024-02-01,train
海豚,2024-03-01,train
海豚,2024-04-01,train
海豚,2024-05-01,train
海豚,2024-06-01,train
海豚,2024-07-01,train
海豚,2024-08-01,train
海豚,2024-09-01,train
海豚,2024-10-01,train
海豚,2024-11-01,train
海豚,2024-12-01,train
海豚,2025-01-01,train
海豚,2025-02-01,train
海豚,2025-03-01,train
海豚,2025-04-01,train
海豚,2025-05-01,train
海豚,2025-06-01,train
海豚,2025-07-01,val
海豚,2025-08-01,val
海豚,2025-09-01,val
海豚,2025-10-01,val
海豚,2025-11-01,val
海豚,2025-12-01,val
海豚,2026-01-01,test
海豚,2026-02-01,test
海豚,2026-03-01,test
海豚,2026-04-01,test
海豚,2026-05-01,test
海豚,2026-06-01,test
海豹,2022-01-01,train
海豹,2022-02-01,train
海豹,2022-03-01,train
海豹,2022-04-01,train
海豹,2022-05-01,train
海豹,2022-06-01,train
海豹,2022-07-01,train
海豹,2022-08-01,train
海豹,2022-09-01,train
海豹,2022-10-01,train
海豹,2022-11-01,train
海豹,2022-12-01,train
海豹,2023-01-01,train
海豹,2023-02-01,train
海豹,2023-03-01,train
海豹,2023-04-01,train
海豹,2023-05-01,train
海豹,2023-06-01,train
海豹,2023-07-01,train
海豹,2023-08-01,train
海豹,2023-09-01,train
海豹,2023-10-01,train
海豹,2023-11-01,train
海豹,2023-12-01,train
海豹,2024-01-01,train
海豹,2024-02-01,train
海豹,2024-03-01,train
海豹,2024-04-01,train
海豹,2024-05-01,train
海豹,2024-06-01,train
海豹,2024-07-01,train
海豹,2024-08-01,train
海豹,2024-09-01,train
海豹,2024-10-01,train
海豹,2024-11-01,train
海豹,2024-12-01,train
海豹,2025-01-01,train
海豹,2025-02-01,train
海豹,2025-03-01,train
海豹,2025-04-01,train
海豹,2025-05-01,train
海豹,2025-06-01,train
海豹,2025-07-01,val
海豹,2025-08-01,val
海豹,2025-09-01,val
海豹,2025-10-01,val
海豹,2025-11-01,val
海豹,2025-12-01,val
海豹,2026-01-01,test
海豹,2026-02-01,test
海豹,2026-03-01,test
海豹,2026-04-01,test
海豹,2026-05-01,test
海豹,2026-06-01,test
海豹06DM-i,2022-01-01,train
海豹06DM-i,2022-02-01,train
海豹06DM-i,2022-03-01,train
海豹06DM-i,2022-04-01,train
海豹06DM-i,2022-05-01,train
海豹06DM-i,2022-06-01,train
海豹06DM-i,2022-07-01,train
海豹06DM-i,2022-08-01,train
海豹06DM-i,2022-09-01,train
海豹06DM-i,2022-10-01,train
海豹06DM-i,2022-11-01,train
海豹06DM-i,2022-12-01,train
海豹06DM-i,2023-01-01,train
海豹06DM-i,2023-02-01,train
海豹06DM-i,2023-03-01,train
海豹06DM-i,2023-04-01,train
海豹06DM-i,2023-05-01,train
海豹06DM-i,2023-06-01,train
海豹06DM-i,2023-07-01,train
海豹06DM-i,2023-08-01,train
海豹06DM-i,2023-09-01,train
海豹06DM-i,2023-10-01,train
海豹06DM-i,2023-11-01,train
海豹06DM-i,2023-12-01,train
海豹06DM-i,2024-01-01,train
海豹06DM-i,2024-02-01,train
海豹06DM-i,2024-03-01,train
海豹06DM-i,2024-04-01,train
海豹06DM-i,2024-05-01,train
海豹06DM-i,2024-06-01,train
海豹06DM-i,2024-07-01,train
海豹06DM-i,2024-08-01,train
海豹06DM-i,2024-09-01,train
海豹06DM-i,2024-10-01,train
海豹06DM-i,2024-11-01,train
海豹06DM-i,2024-12-01,train
海豹06DM-i,2025-01-01,train
海豹06DM-i,2025-02-01,train
海豹06DM-i,2025-03-01,train
海豹06DM-i,2025-04-01,train
海豹06DM-i,2025-05-01,train
海豹06DM-i,2025-06-01,train
海豹06DM-i,2025-07-01,val
海豹06DM-i,2025-08-01,val
海豹06DM-i,2025-09-01,val
海豹06DM-i,2025-10-01,val
海豹06DM-i,2025-11-01,val
海豹06DM-i,2025-12-01,val
海豹06DM-i,2026-01-01,test
海豹06DM-i,2026-02-01,test
海豹06DM-i,2026-03-01,test
海豹06DM-i,2026-04-01,test
海豹06DM-i,2026-05-01,test
海豹06DM-i,2026-06-01,test
海豹06EV,2022-01-01,train
海豹06EV,2022-02-01,train
海豹06EV,2022-03-01,train
海豹06EV,2022-04-01,train
海豹06EV,2022-05-01,train
海豹06EV,2022-06-01,train
海豹06EV,2022-07-01,train
海豹06EV,2022-08-01,train
海豹06EV,2022-09-01,train
海豹06EV,2022-10-01,train
海豹06EV,2022-11-01,train
海豹06EV,2022-12-01,train
海豹06EV,2023-01-01,train
海豹06EV,2023-02-01,train
海豹06EV,2023-03-01,train
海豹06EV,2023-04-01,train
海豹06EV,2023-05-01,train
海豹06EV,2023-06-01,train
海豹06EV,2023-07-01,train
海豹06EV,2023-08-01,train
海豹06EV,2023-09-01,train
海豹06EV,2023-10-01,train
海豹06EV,2023-11-01,train
海豹06EV,2023-12-01,train
海豹06EV,2024-01-01,train
海豹06EV,2024-02-01,train
海豹06EV,2024-03-01,train
海豹06EV,2024-04-01,train
海豹06EV,2024-05-01,train
海豹06EV,2024-06-01,train
海豹06EV,2024-07-01,train
海豹06EV,2024-08-01,train
海豹06EV,2024-09-01,train
海豹06EV,2024-10-01,train
海豹06EV,2024-11-01,train
海豹06EV,2024-12-01,train
海豹06EV,2025-01-01,train
海豹06EV,2025-02-01,train
海豹06EV,2025-03-01,train
海豹06EV,2025-04-01,train
海豹06EV,2025-05-01,train
海豹06EV,2025-06-01,train
海豹06EV,2025-07-01,val
海豹06EV,2025-08-01,val
海豹06EV,2025-09-01,val
海豹06EV,2025-10-01,val
海豹06EV,2025-11-01,val
海豹06EV,2025-12-01,val
海豹06EV,2026-01-01,test
海豹06EV,2026-02-01,test
海豹06EV,2026-03-01,test
海豹06EV,2026-04-01,test
海豹06EV,2026-05-01,test
海豹06EV,2026-06-01,test
海豹06GT,2022-01-01,train
海豹06GT,2022-02-01,train
海豹06GT,2022-03-01,train
海豹06GT,2022-04-01,train
海豹06GT,2022-05-01,train
海豹06GT,2022-06-01,train
海豹06GT,2022-07-01,train
海豹06GT,2022-08-01,train
海豹06GT,2022-09-01,train
海豹06GT,2022-10-01,train
海豹06GT,2022-11-01,train
海豹06GT,2022-12-01,train
海豹06GT,2023-01-01,train
海豹06GT,2023-02-01,train
海豹06GT,2023-03-01,train
海豹06GT,2023-04-01,train
海豹06GT,2023-05-01,train
海豹06GT,2023-06-01,train
海豹06GT,2023-07-01,train
海豹06GT,2023-08-01,train
海豹06GT,2023-09-01,train
海豹06GT,2023-10-01,train
海豹06GT,2023-11-01,train
海豹06GT,2023-12-01,train
海豹06GT,2024-01-01,train
海豹06GT,2024-02-01,train
海豹06GT,2024-03-01,train
海豹06GT,2024-04-01,train
海豹06GT,2024-05-01,train
海豹06GT,2024-06-01,train
海豹06GT,2024-07-01,train
海豹06GT,2024-08-01,train
海豹06GT,2024-09-01,train
海豹06GT,2024-10-01,train
海豹06GT,2024-11-01,train
海豹06GT,2024-12-01,train
海豹06GT,2025-01-01,train
海豹06GT,2025-02-01,train
海豹06GT,2025-03-01,train
海豹06GT,2025-04-01,train
海豹06GT,2025-05-01,train
海豹06GT,2025-06-01,train
海豹06GT,2025-07-01,val
海豹06GT,2025-08-01,val
海豹06GT,2025-09-01,val
海豹06GT,2025-10-01,val
海豹06GT,2025-11-01,val
海豹06GT,2025-12-01,val
海豹06GT,2026-01-01,test
海豹06GT,2026-02-01,test
海豹06GT,2026-03-01,test
海豹06GT,2026-04-01,test
海豹06GT,2026-05-01,test
海豹06GT,2026-06-01,test
海豹07DM-i,2022-01-01,train
海豹07DM-i,2022-02-01,train
海豹07DM-i,2022-03-01,train
海豹07DM-i,2022-04-01,train
海豹07DM-i,2022-05-01,train
海豹07DM-i,2022-06-01,train
海豹07DM-i,2022-07-01,train
海豹07DM-i,2022-08-01,train
海豹07DM-i,2022-09-01,train
海豹07DM-i,2022-10-01,train
海豹07DM-i,2022-11-01,train
海豹07DM-i,2022-12-01,train
海豹07DM-i,2023-01-01,train
海豹07DM-i,2023-02-01,train
海豹07DM-i,2023-03-01,train
海豹07DM-i,2023-04-01,train
海豹07DM-i,2023-05-01,train
海豹07DM-i,2023-06-01,train
海豹07DM-i,2023-07-01,train
海豹07DM-i,2023-08-01,train
海豹07DM-i,2023-09-01,train
海豹07DM-i,2023-10-01,train
海豹07DM-i,2023-11-01,train
海豹07DM-i,2023-12-01,train
海豹07DM-i,2024-01-01,train
海豹07DM-i,2024-02-01,train
海豹07DM-i,2024-03-01,train
海豹07DM-i,2024-04-01,train
海豹07DM-i,2024-05-01,train
海豹07DM-i,2024-06-01,train
海豹07DM-i,2024-07-01,train
海豹07DM-i,2024-08-01,train
海豹07DM-i,2024-09-01,train
海豹07DM-i,2024-10-01,train
海豹07DM-i,2024-11-01,train
海豹07DM-i,2024-12-01,train
海豹07DM-i,2025-01-01,train
海豹07DM-i,2025-02-01,train
海豹07DM-i,2025-03-01,train
海豹07DM-i,2025-04-01,train
海豹07DM-i,2025-05-01,train
海豹07DM-i,2025-06-01,train
海豹07DM-i,2025-07-01,val
海豹07DM-i,2025-08-01,val
海豹07DM-i,2025-09-01,val
海豹07DM-i,2025-10-01,val
海豹07DM-i,2025-11-01,val
海豹07DM-i,2025-12-01,val
海豹07DM-i,2026-01-01,test
海豹07DM-i,2026-02-01,test
海豹07DM-i,2026-03-01,test
海豹07DM-i,2026-04-01,test
海豹07DM-i,2026-05-01,test
海豹07DM-i,2026-06-01,test
海豹07EV,2022-01-01,train
海豹07EV,2022-02-01,train
海豹07EV,2022-03-01,train
海豹07EV,2022-04-01,train
海豹07EV,2022-05-01,train
海豹07EV,2022-06-01,train
海豹07EV,2022-07-01,train
海豹07EV,2022-08-01,train
海豹07EV,2022-09-01,train
海豹07EV,2022-10-01,train
海豹07EV,2022-11-01,train
海豹07EV,2022-12-01,train
海豹07EV,2023-01-01,train
海豹07EV,2023-02-01,train
海豹07EV,2023-03-01,train
海豹07EV,2023-04-01,train
海豹07EV,2023-05-01,train
海豹07EV,2023-06-01,train
海豹07EV,2023-07-01,train
海豹07EV,2023-08-01,train
海豹07EV,2023-09-01,train
海豹07EV,2023-10-01,train
海豹07EV,2023-11-01,train
海豹07EV,2023-12-01,train
海豹07EV,2024-01-01,train
海豹07EV,2024-02-01,train
海豹07EV,2024-03-01,train
海豹07EV,2024-04-01,train
海豹07EV,2024-05-01,train
海豹07EV,2024-06-01,train
海豹07EV,2024-07-01,train
海豹07EV,2024-08-01,train
海豹07EV,2024-09-01,train
海豹07EV,2024-10-01,train
海豹07EV,2024-11-01,train
海豹07EV,2024-12-01,train
海豹07EV,2025-01-01,train
海豹07EV,2025-02-01,train
海豹07EV,2025-03-01,train
海豹07EV,2025-04-01,train
海豹07EV,2025-05-01,train
海豹07EV,2025-06-01,train
海豹07EV,2025-07-01,val
海豹07EV,2025-08-01,val
海豹07EV,2025-09-01,val
海豹07EV,2025-10-01,val
海豹07EV,2025-11-01,val
海豹07EV,2025-12-01,val
海豹07EV,2026-01-01,test
海豹07EV,2026-02-01,test
海豹07EV,2026-03-01,test
海豹07EV,2026-04-01,test
海豹07EV,2026-05-01,test
海豹07EV,2026-06-01,test
海马8S,2022-01-01,train
海马8S,2022-02-01,train
海马8S,2022-03-01,train
海马8S,2022-04-01,train
海马8S,2022-05-01,train
海马8S,2022-06-01,train
海马8S,2022-07-01,train
海马8S,2022-08-01,train
海马8S,2022-09-01,train
海马8S,2022-10-01,train
海马8S,2022-11-01,train
海马8S,2022-12-01,train
海马8S,2023-01-01,train
海马8S,2023-02-01,train
海马8S,2023-03-01,train
海马8S,2023-04-01,train
海马8S,2023-05-01,train
海马8S,2023-06-01,train
海马8S,2023-07-01,train
海马8S,2023-08-01,train
海马8S,2023-09-01,train
海马8S,2023-10-01,train
海马8S,2023-11-01,train
海马8S,2023-12-01,train
海马8S,2024-01-01,train
海马8S,2024-02-01,train
海马8S,2024-03-01,train
海马8S,2024-04-01,train
海马8S,2024-05-01,train
海马8S,2024-06-01,train
海马8S,2024-07-01,train
海马8S,2024-08-01,train
海马8S,2024-09-01,train
海马8S,2024-10-01,train
海马8S,2024-11-01,train
海马8S,2024-12-01,train
海马8S,2025-01-01,train
海马8S,2025-02-01,train
海马8S,2025-03-01,train
海马8S,2025-04-01,train
海马8S,2025-05-01,train
海马8S,2025-06-01,train
海马8S,2025-07-01,val
海马8S,2025-08-01,val
海马8S,2025-09-01,val
海马8S,2025-10-01,val
海马8S,2025-11-01,val
海马8S,2025-12-01,val
海马8S,2026-01-01,test
海马8S,2026-02-01,test
海马8S,2026-03-01,test
海马8S,2026-04-01,test
海马8S,2026-05-01,test
海马8S,2026-06-01,test
海马INJOY,2022-01-01,train
海马INJOY,2022-02-01,train
海马INJOY,2022-03-01,train
海马INJOY,2022-04-01,train
海马INJOY,2022-05-01,train
海马INJOY,2022-06-01,train
海马INJOY,2022-07-01,train
海马INJOY,2022-08-01,train
海马INJOY,2022-09-01,train
海马INJOY,2022-10-01,train
海马INJOY,2022-11-01,train
海马INJOY,2022-12-01,train
海马INJOY,2023-01-01,train
海马INJOY,2023-02-01,train
海马INJOY,2023-03-01,train
海马INJOY,2023-04-01,train
海马INJOY,2023-05-01,train
海马INJOY,2023-06-01,train
海马INJOY,2023-07-01,train
海马INJOY,2023-08-01,train
海马INJOY,2023-09-01,train
海马INJOY,2023-10-01,train
海马INJOY,2023-11-01,train
海马INJOY,2023-12-01,train
海马INJOY,2024-01-01,train
海马INJOY,2024-02-01,train
海马INJOY,2024-03-01,train
海马INJOY,2024-04-01,train
海马INJOY,2024-05-01,train
海马INJOY,2024-06-01,train
海马INJOY,2024-07-01,train
海马INJOY,2024-08-01,train
海马INJOY,2024-09-01,train
海马INJOY,2024-10-01,train
海马INJOY,2024-11-01,train
海马INJOY,2024-12-01,train
海马INJOY,2025-01-01,train
海马INJOY,2025-02-01,train
海马INJOY,2025-03-01,train
海马INJOY,2025-04-01,train
海马INJOY,2025-05-01,train
海马INJOY,2025-06-01,train
海马INJOY,2025-07-01,val
海马INJOY,2025-08-01,val
海马INJOY,2025-09-01,val
海马INJOY,2025-10-01,val
海马INJOY,2025-11-01,val
海马INJOY,2025-12-01,val
海马INJOY,2026-01-01,test
海马INJOY,2026-02-01,test
海马INJOY,2026-03-01,test
海马INJOY,2026-04-01,test
海马INJOY,2026-05-01,test
海马INJOY,2026-06-01,test
海鸥,2022-01-01,train
海鸥,2022-02-01,train
海鸥,2022-03-01,train
海鸥,2022-04-01,train
海鸥,2022-05-01,train
海鸥,2022-06-01,train
海鸥,2022-07-01,train
海鸥,2022-08-01,train
海鸥,2022-09-01,train
海鸥,2022-10-01,train
海鸥,2022-11-01,train
海鸥,2022-12-01,train
海鸥,2023-01-01,train
海鸥,2023-02-01,train
海鸥,2023-03-01,train
海鸥,2023-04-01,train
海鸥,2023-05-01,train
海鸥,2023-06-01,train
海鸥,2023-07-01,train
海鸥,2023-08-01,train
海鸥,2023-09-01,train
海鸥,2023-10-01,train
海鸥,2023-11-01,train
海鸥,2023-12-01,train
海鸥,2024-01-01,train
海鸥,2024-02-01,train
海鸥,2024-03-01,train
海鸥,2024-04-01,train
海鸥,2024-05-01,train
海鸥,2024-06-01,train
海鸥,2024-07-01,train
海鸥,2024-08-01,train
海鸥,2024-09-01,train
海鸥,2024-10-01,train
海鸥,2024-11-01,train
海鸥,2024-12-01,train
海鸥,2025-01-01,train
海鸥,2025-02-01,train
海鸥,2025-03-01,train
海鸥,2025-04-01,train
海鸥,2025-05-01,train
海鸥,2025-06-01,train
海鸥,2025-07-01,val
海鸥,2025-08-01,val
海鸥,2025-09-01,val
海鸥,2025-10-01,val
海鸥,2025-11-01,val
海鸥,2025-12-01,val
海鸥,2026-01-01,test
海鸥,2026-02-01,test
海鸥,2026-03-01,test
海鸥,2026-04-01,test
海鸥,2026-05-01,test
海鸥,2026-06-01,test
深蓝L06,2022-01-01,train
深蓝L06,2022-02-01,train
深蓝L06,2022-03-01,train
深蓝L06,2022-04-01,train
深蓝L06,2022-05-01,train
深蓝L06,2022-06-01,train
深蓝L06,2022-07-01,train
深蓝L06,2022-08-01,train
深蓝L06,2022-09-01,train
深蓝L06,2022-10-01,train
深蓝L06,2022-11-01,train
深蓝L06,2022-12-01,train
深蓝L06,2023-01-01,train
深蓝L06,2023-02-01,train
深蓝L06,2023-03-01,train
深蓝L06,2023-04-01,train
深蓝L06,2023-05-01,train
深蓝L06,2023-06-01,train
深蓝L06,2023-07-01,train
深蓝L06,2023-08-01,train
深蓝L06,2023-09-01,train
深蓝L06,2023-10-01,train
深蓝L06,2023-11-01,train
深蓝L06,2023-12-01,train
深蓝L06,2024-01-01,train
深蓝L06,2024-02-01,train
深蓝L06,2024-03-01,train
深蓝L06,2024-04-01,train
深蓝L06,2024-05-01,train
深蓝L06,2024-06-01,train
深蓝L06,2024-07-01,train
深蓝L06,2024-08-01,train
深蓝L06,2024-09-01,train
深蓝L06,2024-10-01,train
深蓝L06,2024-11-01,train
深蓝L06,2024-12-01,train
深蓝L06,2025-01-01,train
深蓝L06,2025-02-01,train
深蓝L06,2025-03-01,train
深蓝L06,2025-04-01,train
深蓝L06,2025-05-01,train
深蓝L06,2025-06-01,train
深蓝L06,2025-07-01,val
深蓝L06,2025-08-01,val
深蓝L06,2025-09-01,val
深蓝L06,2025-10-01,val
深蓝L06,2025-11-01,val
深蓝L06,2025-12-01,val
深蓝L06,2026-01-01,test
深蓝L06,2026-02-01,test
深蓝L06,2026-03-01,test
深蓝L06,2026-04-01,test
深蓝L06,2026-05-01,test
深蓝L06,2026-06-01,test
深蓝L07,2022-01-01,train
深蓝L07,2022-02-01,train
深蓝L07,2022-03-01,train
深蓝L07,2022-04-01,train
深蓝L07,2022-05-01,train
深蓝L07,2022-06-01,train
深蓝L07,2022-07-01,train
深蓝L07,2022-08-01,train
深蓝L07,2022-09-01,train
深蓝L07,2022-10-01,train
深蓝L07,2022-11-01,train
深蓝L07,2022-12-01,train
深蓝L07,2023-01-01,train
深蓝L07,2023-02-01,train
深蓝L07,2023-03-01,train
深蓝L07,2023-04-01,train
深蓝L07,2023-05-01,train
深蓝L07,2023-06-01,train
深蓝L07,2023-07-01,train
深蓝L07,2023-08-01,train
深蓝L07,2023-09-01,train
深蓝L07,2023-10-01,train
深蓝L07,2023-11-01,train
深蓝L07,2023-12-01,train
深蓝L07,2024-01-01,train
深蓝L07,2024-02-01,train
深蓝L07,2024-03-01,train
深蓝L07,2024-04-01,train
深蓝L07,2024-05-01,train
深蓝L07,2024-06-01,train
深蓝L07,2024-07-01,train
深蓝L07,2024-08-01,train
深蓝L07,2024-09-01,train
深蓝L07,2024-10-01,train
深蓝L07,2024-11-01,train
深蓝L07,2024-12-01,train
深蓝L07,2025-01-01,train
深蓝L07,2025-02-01,train
深蓝L07,2025-03-01,train
深蓝L07,2025-04-01,train
深蓝L07,2025-05-01,train
深蓝L07,2025-06-01,train
深蓝L07,2025-07-01,val
深蓝L07,2025-08-01,val
深蓝L07,2025-09-01,val
深蓝L07,2025-10-01,val
深蓝L07,2025-11-01,val
深蓝L07,2025-12-01,val
深蓝L07,2026-01-01,test
深蓝L07,2026-02-01,test
深蓝L07,2026-03-01,test
深蓝L07,2026-04-01,test
深蓝L07,2026-05-01,test
深蓝L07,2026-06-01,test
深蓝SL03,2022-01-01,train
深蓝SL03,2022-02-01,train
深蓝SL03,2022-03-01,train
深蓝SL03,2022-04-01,train
深蓝SL03,2022-05-01,train
深蓝SL03,2022-06-01,train
深蓝SL03,2022-07-01,train
深蓝SL03,2022-08-01,train
深蓝SL03,2022-09-01,train
深蓝SL03,2022-10-01,train
深蓝SL03,2022-11-01,train
深蓝SL03,2022-12-01,train
深蓝SL03,2023-01-01,train
深蓝SL03,2023-02-01,train
深蓝SL03,2023-03-01,train
深蓝SL03,2023-04-01,train
深蓝SL03,2023-05-01,train
深蓝SL03,2023-06-01,train
深蓝SL03,2023-07-01,train
深蓝SL03,2023-08-01,train
深蓝SL03,2023-09-01,train
深蓝SL03,2023-10-01,train
深蓝SL03,2023-11-01,train
深蓝SL03,2023-12-01,train
深蓝SL03,2024-01-01,train
深蓝SL03,2024-02-01,train
深蓝SL03,2024-03-01,train
深蓝SL03,2024-04-01,train
深蓝SL03,2024-05-01,train
深蓝SL03,2024-06-01,train
深蓝SL03,2024-07-01,train
深蓝SL03,2024-08-01,train
深蓝SL03,2024-09-01,train
深蓝SL03,2024-10-01,train
深蓝SL03,2024-11-01,train
深蓝SL03,2024-12-01,train
深蓝SL03,2025-01-01,train
深蓝SL03,2025-02-01,train
深蓝SL03,2025-03-01,train
深蓝SL03,2025-04-01,train
深蓝SL03,2025-05-01,train
深蓝SL03,2025-06-01,train
深蓝SL03,2025-07-01,val
深蓝SL03,2025-08-01,val
深蓝SL03,2025-09-01,val
深蓝SL03,2025-10-01,val
深蓝SL03,2025-11-01,val
深蓝SL03,2025-12-01,val
深蓝SL03,2026-01-01,test
深蓝SL03,2026-02-01,test
深蓝SL03,2026-03-01,test
深蓝SL03,2026-04-01,test
深蓝SL03,2026-05-01,test
深蓝SL03,2026-06-01,test
灵悉L,2022-01-01,train
灵悉L,2022-02-01,train
灵悉L,2022-03-01,train
灵悉L,2022-04-01,train
灵悉L,2022-05-01,train
灵悉L,2022-06-01,train
灵悉L,2022-07-01,train
灵悉L,2022-08-01,train
灵悉L,2022-09-01,train
灵悉L,2022-10-01,train
灵悉L,2022-11-01,train
灵悉L,2022-12-01,train
灵悉L,2023-01-01,train
灵悉L,2023-02-01,train
灵悉L,2023-03-01,train
灵悉L,2023-04-01,train
灵悉L,2023-05-01,train
灵悉L,2023-06-01,train
灵悉L,2023-07-01,train
灵悉L,2023-08-01,train
灵悉L,2023-09-01,train
灵悉L,2023-10-01,train
灵悉L,2023-11-01,train
灵悉L,2023-12-01,train
灵悉L,2024-01-01,train
灵悉L,2024-02-01,train
灵悉L,2024-03-01,train
灵悉L,2024-04-01,train
灵悉L,2024-05-01,train
灵悉L,2024-06-01,train
灵悉L,2024-07-01,train
灵悉L,2024-08-01,train
灵悉L,2024-09-01,train
灵悉L,2024-10-01,train
灵悉L,2024-11-01,train
灵悉L,2024-12-01,train
灵悉L,2025-01-01,train
灵悉L,2025-02-01,train
灵悉L,2025-03-01,train
灵悉L,2025-04-01,train
灵悉L,2025-05-01,train
灵悉L,2025-06-01,train
灵悉L,2025-07-01,val
灵悉L,2025-08-01,val
灵悉L,2025-09-01,val
灵悉L,2025-10-01,val
灵悉L,2025-11-01,val
灵悉L,2025-12-01,val
灵悉L,2026-01-01,test
灵悉L,2026-02-01,test
灵悉L,2026-03-01,test
灵悉L,2026-04-01,test
灵悉L,2026-05-01,test
灵悉L,2026-06-01,test
焕驰,2022-01-01,train
焕驰,2022-02-01,train
焕驰,2022-03-01,train
焕驰,2022-04-01,train
焕驰,2022-05-01,train
焕驰,2022-06-01,train
焕驰,2022-07-01,train
焕驰,2022-08-01,train
焕驰,2022-09-01,train
焕驰,2022-10-01,train
焕驰,2022-11-01,train
焕驰,2022-12-01,train
焕驰,2023-01-01,train
焕驰,2023-02-01,train
焕驰,2023-03-01,train
焕驰,2023-04-01,train
焕驰,2023-05-01,train
焕驰,2023-06-01,train
焕驰,2023-07-01,train
焕驰,2023-08-01,train
焕驰,2023-09-01,train
焕驰,2023-10-01,train
焕驰,2023-11-01,train
焕驰,2023-12-01,train
焕驰,2024-01-01,train
焕驰,2024-02-01,train
焕驰,2024-03-01,train
焕驰,2024-04-01,train
焕驰,2024-05-01,train
焕驰,2024-06-01,train
焕驰,2024-07-01,train
焕驰,2024-08-01,train
焕驰,2024-09-01,train
焕驰,2024-10-01,train
焕驰,2024-11-01,train
焕驰,2024-12-01,train
焕驰,2025-01-01,train
焕驰,2025-02-01,train
焕驰,2025-03-01,train
焕驰,2025-04-01,train
焕驰,2025-05-01,train
焕驰,2025-06-01,train
焕驰,2025-07-01,val
焕驰,2025-08-01,val
焕驰,2025-09-01,val
焕驰,2025-10-01,val
焕驰,2025-11-01,val
焕驰,2025-12-01,val
焕驰,2026-01-01,test
焕驰,2026-02-01,test
焕驰,2026-03-01,test
焕驰,2026-04-01,test
焕驰,2026-05-01,test
焕驰,2026-06-01,test
爱跑,2022-01-01,train
爱跑,2022-02-01,train
爱跑,2022-03-01,train
爱跑,2022-04-01,train
爱跑,2022-05-01,train
爱跑,2022-06-01,train
爱跑,2022-07-01,train
爱跑,2022-08-01,train
爱跑,2022-09-01,train
爱跑,2022-10-01,train
爱跑,2022-11-01,train
爱跑,2022-12-01,train
爱跑,2023-01-01,train
爱跑,2023-02-01,train
爱跑,2023-03-01,train
爱跑,2023-04-01,train
爱跑,2023-05-01,train
爱跑,2023-06-01,train
爱跑,2023-07-01,train
爱跑,2023-08-01,train
爱跑,2023-09-01,train
爱跑,2023-10-01,train
爱跑,2023-11-01,train
爱跑,2023-12-01,train
爱跑,2024-01-01,train
爱跑,2024-02-01,train
爱跑,2024-03-01,train
爱跑,2024-04-01,train
爱跑,2024-05-01,train
爱跑,2024-06-01,train
爱跑,2024-07-01,train
爱跑,2024-08-01,train
爱跑,2024-09-01,train
爱跑,2024-10-01,train
爱跑,2024-11-01,train
爱跑,2024-12-01,train
爱跑,2025-01-01,train
爱跑,2025-02-01,train
爱跑,2025-03-01,train
爱跑,2025-04-01,train
爱跑,2025-05-01,train
爱跑,2025-06-01,train
爱跑,2025-07-01,val
爱跑,2025-08-01,val
爱跑,2025-09-01,val
爱跑,2025-10-01,val
爱跑,2025-11-01,val
爱跑,2025-12-01,val
爱跑,2026-01-01,test
爱跑,2026-02-01,test
爱跑,2026-03-01,test
爱跑,2026-04-01,test
爱跑,2026-05-01,test
爱跑,2026-06-01,test
狮铂拓界,2022-01-01,train
狮铂拓界,2022-02-01,train
狮铂拓界,2022-03-01,train
狮铂拓界,2022-04-01,train
狮铂拓界,2022-05-01,train
狮铂拓界,2022-06-01,train
狮铂拓界,2022-07-01,train
狮铂拓界,2022-08-01,train
狮铂拓界,2022-09-01,train
狮铂拓界,2022-10-01,train
狮铂拓界,2022-11-01,train
狮铂拓界,2022-12-01,train
狮铂拓界,2023-01-01,train
狮铂拓界,2023-02-01,train
狮铂拓界,2023-03-01,train
狮铂拓界,2023-04-01,train
狮铂拓界,2023-05-01,train
狮铂拓界,2023-06-01,train
狮铂拓界,2023-07-01,train
狮铂拓界,2023-08-01,train
狮铂拓界,2023-09-01,train
狮铂拓界,2023-10-01,train
狮铂拓界,2023-11-01,train
狮铂拓界,2023-12-01,train
狮铂拓界,2024-01-01,train
狮铂拓界,2024-02-01,train
狮铂拓界,2024-03-01,train
狮铂拓界,2024-04-01,train
狮铂拓界,2024-05-01,train
狮铂拓界,2024-06-01,train
狮铂拓界,2024-07-01,train
狮铂拓界,2024-08-01,train
狮铂拓界,2024-09-01,train
狮铂拓界,2024-10-01,train
狮铂拓界,2024-11-01,train
狮铂拓界,2024-12-01,train
狮铂拓界,2025-01-01,train
狮铂拓界,2025-02-01,train
狮铂拓界,2025-03-01,train
狮铂拓界,2025-04-01,train
狮铂拓界,2025-05-01,train
狮铂拓界,2025-06-01,train
狮铂拓界,2025-07-01,val
狮铂拓界,2025-08-01,val
狮铂拓界,2025-09-01,val
狮铂拓界,2025-10-01,val
狮铂拓界,2025-11-01,val
狮铂拓界,2025-12-01,val
狮铂拓界,2026-01-01,test
狮铂拓界,2026-02-01,test
狮铂拓界,2026-03-01,test
狮铂拓界,2026-04-01,test
狮铂拓界,2026-05-01,test
狮铂拓界,2026-06-01,test
猛士917,2022-01-01,train
猛士917,2022-02-01,train
猛士917,2022-03-01,train
猛士917,2022-04-01,train
猛士917,2022-05-01,train
猛士917,2022-06-01,train
猛士917,2022-07-01,train
猛士917,2022-08-01,train
猛士917,2022-09-01,train
猛士917,2022-10-01,train
猛士917,2022-11-01,train
猛士917,2022-12-01,train
猛士917,2023-01-01,train
猛士917,2023-02-01,train
猛士917,2023-03-01,train
猛士917,2023-04-01,train
猛士917,2023-05-01,train
猛士917,2023-06-01,train
猛士917,2023-07-01,train
猛士917,2023-08-01,train
猛士917,2023-09-01,train
猛士917,2023-10-01,train
猛士917,2023-11-01,train
猛士917,2023-12-01,train
猛士917,2024-01-01,train
猛士917,2024-02-01,train
猛士917,2024-03-01,train
猛士917,2024-04-01,train
猛士917,2024-05-01,train
猛士917,2024-06-01,train
猛士917,2024-07-01,train
猛士917,2024-08-01,train
猛士917,2024-09-01,train
猛士917,2024-10-01,train
猛士917,2024-11-01,train
猛士917,2024-12-01,train
猛士917,2025-01-01,train
猛士917,2025-02-01,train
猛士917,2025-03-01,train
猛士917,2025-04-01,train
猛士917,2025-05-01,train
猛士917,2025-06-01,train
猛士917,2025-07-01,val
猛士917,2025-08-01,val
猛士917,2025-09-01,val
猛士917,2025-10-01,val
猛士917,2025-11-01,val
猛士917,2025-12-01,val
猛士917,2026-01-01,test
猛士917,2026-02-01,test
猛士917,2026-03-01,test
猛士917,2026-04-01,test
猛士917,2026-05-01,test
猛士917,2026-06-01,test
理想MEGA,2022-01-01,train
理想MEGA,2022-02-01,train
理想MEGA,2022-03-01,train
理想MEGA,2022-04-01,train
理想MEGA,2022-05-01,train
理想MEGA,2022-06-01,train
理想MEGA,2022-07-01,train
理想MEGA,2022-08-01,train
理想MEGA,2022-09-01,train
理想MEGA,2022-10-01,train
理想MEGA,2022-11-01,train
理想MEGA,2022-12-01,train
理想MEGA,2023-01-01,train
理想MEGA,2023-02-01,train
理想MEGA,2023-03-01,train
理想MEGA,2023-04-01,train
理想MEGA,2023-05-01,train
理想MEGA,2023-06-01,train
理想MEGA,2023-07-01,train
理想MEGA,2023-08-01,train
理想MEGA,2023-09-01,train
理想MEGA,2023-10-01,train
理想MEGA,2023-11-01,train
理想MEGA,2023-12-01,train
理想MEGA,2024-01-01,train
理想MEGA,2024-02-01,train
理想MEGA,2024-03-01,train
理想MEGA,2024-04-01,train
理想MEGA,2024-05-01,train
理想MEGA,2024-06-01,train
理想MEGA,2024-07-01,train
理想MEGA,2024-08-01,train
理想MEGA,2024-09-01,train
理想MEGA,2024-10-01,train
理想MEGA,2024-11-01,train
理想MEGA,2024-12-01,train
理想MEGA,2025-01-01,train
理想MEGA,2025-02-01,train
理想MEGA,2025-03-01,train
理想MEGA,2025-04-01,train
理想MEGA,2025-05-01,train
理想MEGA,2025-06-01,train
理想MEGA,2025-07-01,val
理想MEGA,2025-08-01,val
理想MEGA,2025-09-01,val
理想MEGA,2025-10-01,val
理想MEGA,2025-11-01,val
理想MEGA,2025-12-01,val
理想MEGA,2026-01-01,test
理想MEGA,2026-02-01,test
理想MEGA,2026-03-01,test
理想MEGA,2026-04-01,test
理想MEGA,2026-05-01,test
理想MEGA,2026-06-01,test
瑞虎3x,2022-01-01,train
瑞虎3x,2022-02-01,train
瑞虎3x,2022-03-01,train
瑞虎3x,2022-04-01,train
瑞虎3x,2022-05-01,train
瑞虎3x,2022-06-01,train
瑞虎3x,2022-07-01,train
瑞虎3x,2022-08-01,train
瑞虎3x,2022-09-01,train
瑞虎3x,2022-10-01,train
瑞虎3x,2022-11-01,train
瑞虎3x,2022-12-01,train
瑞虎3x,2023-01-01,train
瑞虎3x,2023-02-01,train
瑞虎3x,2023-03-01,train
瑞虎3x,2023-04-01,train
瑞虎3x,2023-05-01,train
瑞虎3x,2023-06-01,train
瑞虎3x,2023-07-01,train
瑞虎3x,2023-08-01,train
瑞虎3x,2023-09-01,train
瑞虎3x,2023-10-01,train
瑞虎3x,2023-11-01,train
瑞虎3x,2023-12-01,train
瑞虎3x,2024-01-01,train
瑞虎3x,2024-02-01,train
瑞虎3x,2024-03-01,train
瑞虎3x,2024-04-01,train
瑞虎3x,2024-05-01,train
瑞虎3x,2024-06-01,train
瑞虎3x,2024-07-01,train
瑞虎3x,2024-08-01,train
瑞虎3x,2024-09-01,train
瑞虎3x,2024-10-01,train
瑞虎3x,2024-11-01,train
瑞虎3x,2024-12-01,train
瑞虎3x,2025-01-01,train
瑞虎3x,2025-02-01,train
瑞虎3x,2025-03-01,train
瑞虎3x,2025-04-01,train
瑞虎3x,2025-05-01,train
瑞虎3x,2025-06-01,train
瑞虎3x,2025-07-01,val
瑞虎3x,2025-08-01,val
瑞虎3x,2025-09-01,val
瑞虎3x,2025-10-01,val
瑞虎3x,2025-11-01,val
瑞虎3x,2025-12-01,val
瑞虎3x,2026-01-01,test
瑞虎3x,2026-02-01,test
瑞虎3x,2026-03-01,test
瑞虎3x,2026-04-01,test
瑞虎3x,2026-05-01,test
瑞虎3x,2026-06-01,test
瑞虎5x,2022-01-01,train
瑞虎5x,2022-02-01,train
瑞虎5x,2022-03-01,train
瑞虎5x,2022-04-01,train
瑞虎5x,2022-05-01,train
瑞虎5x,2022-06-01,train
瑞虎5x,2022-07-01,train
瑞虎5x,2022-08-01,train
瑞虎5x,2022-09-01,train
瑞虎5x,2022-10-01,train
瑞虎5x,2022-11-01,train
瑞虎5x,2022-12-01,train
瑞虎5x,2023-01-01,train
瑞虎5x,2023-02-01,train
瑞虎5x,2023-03-01,train
瑞虎5x,2023-04-01,train
瑞虎5x,2023-05-01,train
瑞虎5x,2023-06-01,train
瑞虎5x,2023-07-01,train
瑞虎5x,2023-08-01,train
瑞虎5x,2023-09-01,train
瑞虎5x,2023-10-01,train
瑞虎5x,2023-11-01,train
瑞虎5x,2023-12-01,train
瑞虎5x,2024-01-01,train
瑞虎5x,2024-02-01,train
瑞虎5x,2024-03-01,train
瑞虎5x,2024-04-01,train
瑞虎5x,2024-05-01,train
瑞虎5x,2024-06-01,train
瑞虎5x,2024-07-01,train
瑞虎5x,2024-08-01,train
瑞虎5x,2024-09-01,train
瑞虎5x,2024-10-01,train
瑞虎5x,2024-11-01,train
瑞虎5x,2024-12-01,train
瑞虎5x,2025-01-01,train
瑞虎5x,2025-02-01,train
瑞虎5x,2025-03-01,train
瑞虎5x,2025-04-01,train
瑞虎5x,2025-05-01,train
瑞虎5x,2025-06-01,train
瑞虎5x,2025-07-01,val
瑞虎5x,2025-08-01,val
瑞虎5x,2025-09-01,val
瑞虎5x,2025-10-01,val
瑞虎5x,2025-11-01,val
瑞虎5x,2025-12-01,val
瑞虎5x,2026-01-01,test
瑞虎5x,2026-02-01,test
瑞虎5x,2026-03-01,test
瑞虎5x,2026-04-01,test
瑞虎5x,2026-05-01,test
瑞虎5x,2026-06-01,test
瑞虎7,2022-01-01,train
瑞虎7,2022-02-01,train
瑞虎7,2022-03-01,train
瑞虎7,2022-04-01,train
瑞虎7,2022-05-01,train
瑞虎7,2022-06-01,train
瑞虎7,2022-07-01,train
瑞虎7,2022-08-01,train
瑞虎7,2022-09-01,train
瑞虎7,2022-10-01,train
瑞虎7,2022-11-01,train
瑞虎7,2022-12-01,train
瑞虎7,2023-01-01,train
瑞虎7,2023-02-01,train
瑞虎7,2023-03-01,train
瑞虎7,2023-04-01,train
瑞虎7,2023-05-01,train
瑞虎7,2023-06-01,train
瑞虎7,2023-07-01,train
瑞虎7,2023-08-01,train
瑞虎7,2023-09-01,train
瑞虎7,2023-10-01,train
瑞虎7,2023-11-01,train
瑞虎7,2023-12-01,train
瑞虎7,2024-01-01,train
瑞虎7,2024-02-01,train
瑞虎7,2024-03-01,train
瑞虎7,2024-04-01,train
瑞虎7,2024-05-01,train
瑞虎7,2024-06-01,train
瑞虎7,2024-07-01,train
瑞虎7,2024-08-01,train
瑞虎7,2024-09-01,train
瑞虎7,2024-10-01,train
瑞虎7,2024-11-01,train
瑞虎7,2024-12-01,train
瑞虎7,2025-01-01,train
瑞虎7,2025-02-01,train
瑞虎7,2025-03-01,train
瑞虎7,2025-04-01,train
瑞虎7,2025-05-01,train
瑞虎7,2025-06-01,train
瑞虎7,2025-07-01,val
瑞虎7,2025-08-01,val
瑞虎7,2025-09-01,val
瑞虎7,2025-10-01,val
瑞虎7,2025-11-01,val
瑞虎7,2025-12-01,val
瑞虎7,2026-01-01,test
瑞虎7,2026-02-01,test
瑞虎7,2026-03-01,test
瑞虎7,2026-04-01,test
瑞虎7,2026-05-01,test
瑞虎7,2026-06-01,test
瑞虎8,2022-01-01,train
瑞虎8,2022-02-01,train
瑞虎8,2022-03-01,train
瑞虎8,2022-04-01,train
瑞虎8,2022-05-01,train
瑞虎8,2022-06-01,train
瑞虎8,2022-07-01,train
瑞虎8,2022-08-01,train
瑞虎8,2022-09-01,train
瑞虎8,2022-10-01,train
瑞虎8,2022-11-01,train
瑞虎8,2022-12-01,train
瑞虎8,2023-01-01,train
瑞虎8,2023-02-01,train
瑞虎8,2023-03-01,train
瑞虎8,2023-04-01,train
瑞虎8,2023-05-01,train
瑞虎8,2023-06-01,train
瑞虎8,2023-07-01,train
瑞虎8,2023-08-01,train
瑞虎8,2023-09-01,train
瑞虎8,2023-10-01,train
瑞虎8,2023-11-01,train
瑞虎8,2023-12-01,train
瑞虎8,2024-01-01,train
瑞虎8,2024-02-01,train
瑞虎8,2024-03-01,train
瑞虎8,2024-04-01,train
瑞虎8,2024-05-01,train
瑞虎8,2024-06-01,train
瑞虎8,2024-07-01,train
瑞虎8,2024-08-01,train
瑞虎8,2024-09-01,train
瑞虎8,2024-10-01,train
瑞虎8,2024-11-01,train
瑞虎8,2024-12-01,train
瑞虎8,2025-01-01,train
瑞虎8,2025-02-01,train
瑞虎8,2025-03-01,train
瑞虎8,2025-04-01,train
瑞虎8,2025-05-01,train
瑞虎8,2025-06-01,train
瑞虎8,2025-07-01,val
瑞虎8,2025-08-01,val
瑞虎8,2025-09-01,val
瑞虎8,2025-10-01,val
瑞虎8,2025-11-01,val
瑞虎8,2025-12-01,val
瑞虎8,2026-01-01,test
瑞虎8,2026-02-01,test
瑞虎8,2026-03-01,test
瑞虎8,2026-04-01,test
瑞虎8,2026-05-01,test
瑞虎8,2026-06-01,test
瑞虎9,2022-01-01,train
瑞虎9,2022-02-01,train
瑞虎9,2022-03-01,train
瑞虎9,2022-04-01,train
瑞虎9,2022-05-01,train
瑞虎9,2022-06-01,train
瑞虎9,2022-07-01,train
瑞虎9,2022-08-01,train
瑞虎9,2022-09-01,train
瑞虎9,2022-10-01,train
瑞虎9,2022-11-01,train
瑞虎9,2022-12-01,train
瑞虎9,2023-01-01,train
瑞虎9,2023-02-01,train
瑞虎9,2023-03-01,train
瑞虎9,2023-04-01,train
瑞虎9,2023-05-01,train
瑞虎9,2023-06-01,train
瑞虎9,2023-07-01,train
瑞虎9,2023-08-01,train
瑞虎9,2023-09-01,train
瑞虎9,2023-10-01,train
瑞虎9,2023-11-01,train
瑞虎9,2023-12-01,train
瑞虎9,2024-01-01,train
瑞虎9,2024-02-01,train
瑞虎9,2024-03-01,train
瑞虎9,2024-04-01,train
瑞虎9,2024-05-01,train
瑞虎9,2024-06-01,train
瑞虎9,2024-07-01,train
瑞虎9,2024-08-01,train
瑞虎9,2024-09-01,train
瑞虎9,2024-10-01,train
瑞虎9,2024-11-01,train
瑞虎9,2024-12-01,train
瑞虎9,2025-01-01,train
瑞虎9,2025-02-01,train
瑞虎9,2025-03-01,train
瑞虎9,2025-04-01,train
瑞虎9,2025-05-01,train
瑞虎9,2025-06-01,train
瑞虎9,2025-07-01,val
瑞虎9,2025-08-01,val
瑞虎9,2025-09-01,val
瑞虎9,2025-10-01,val
瑞虎9,2025-11-01,val
瑞虎9,2025-12-01,val
瑞虎9,2026-01-01,test
瑞虎9,2026-02-01,test
瑞虎9,2026-03-01,test
瑞虎9,2026-04-01,test
瑞虎9,2026-05-01,test
瑞虎9,2026-06-01,test
瑞风E3,2022-01-01,train
瑞风E3,2022-02-01,train
瑞风E3,2022-03-01,train
瑞风E3,2022-04-01,train
瑞风E3,2022-05-01,train
瑞风E3,2022-06-01,train
瑞风E3,2022-07-01,train
瑞风E3,2022-08-01,train
瑞风E3,2022-09-01,train
瑞风E3,2022-10-01,train
瑞风E3,2022-11-01,train
瑞风E3,2022-12-01,train
瑞风E3,2023-01-01,train
瑞风E3,2023-02-01,train
瑞风E3,2023-03-01,train
瑞风E3,2023-04-01,train
瑞风E3,2023-05-01,train
瑞风E3,2023-06-01,train
瑞风E3,2023-07-01,train
瑞风E3,2023-08-01,train
瑞风E3,2023-09-01,train
瑞风E3,2023-10-01,train
瑞风E3,2023-11-01,train
瑞风E3,2023-12-01,train
瑞风E3,2024-01-01,train
瑞风E3,2024-02-01,train
瑞风E3,2024-03-01,train
瑞风E3,2024-04-01,train
瑞风E3,2024-05-01,train
瑞风E3,2024-06-01,train
瑞风E3,2024-07-01,train
瑞风E3,2024-08-01,train
瑞风E3,2024-09-01,train
瑞风E3,2024-10-01,train
瑞风E3,2024-11-01,train
瑞风E3,2024-12-01,train
瑞风E3,2025-01-01,train
瑞风E3,2025-02-01,train
瑞风E3,2025-03-01,train
瑞风E3,2025-04-01,train
瑞风E3,2025-05-01,train
瑞风E3,2025-06-01,train
瑞风E3,2025-07-01,val
瑞风E3,2025-08-01,val
瑞风E3,2025-09-01,val
瑞风E3,2025-10-01,val
瑞风E3,2025-11-01,val
瑞风E3,2025-12-01,val
瑞风E3,2026-01-01,test
瑞风E3,2026-02-01,test
瑞风E3,2026-03-01,test
瑞风E3,2026-04-01,test
瑞风E3,2026-05-01,test
瑞风E3,2026-06-01,test
瑞风M3,2022-01-01,train
瑞风M3,2022-02-01,train
瑞风M3,2022-03-01,train
瑞风M3,2022-04-01,train
瑞风M3,2022-05-01,train
瑞风M3,2022-06-01,train
瑞风M3,2022-07-01,train
瑞风M3,2022-08-01,train
瑞风M3,2022-09-01,train
瑞风M3,2022-10-01,train
瑞风M3,2022-11-01,train
瑞风M3,2022-12-01,train
瑞风M3,2023-01-01,train
瑞风M3,2023-02-01,train
瑞风M3,2023-03-01,train
瑞风M3,2023-04-01,train
瑞风M3,2023-05-01,train
瑞风M3,2023-06-01,train
瑞风M3,2023-07-01,train
瑞风M3,2023-08-01,train
瑞风M3,2023-09-01,train
瑞风M3,2023-10-01,train
瑞风M3,2023-11-01,train
瑞风M3,2023-12-01,train
瑞风M3,2024-01-01,train
瑞风M3,2024-02-01,train
瑞风M3,2024-03-01,train
瑞风M3,2024-04-01,train
瑞风M3,2024-05-01,train
瑞风M3,2024-06-01,train
瑞风M3,2024-07-01,train
瑞风M3,2024-08-01,train
瑞风M3,2024-09-01,train
瑞风M3,2024-10-01,train
瑞风M3,2024-11-01,train
瑞风M3,2024-12-01,train
瑞风M3,2025-01-01,train
瑞风M3,2025-02-01,train
瑞风M3,2025-03-01,train
瑞风M3,2025-04-01,train
瑞风M3,2025-05-01,train
瑞风M3,2025-06-01,train
瑞风M3,2025-07-01,val
瑞风M3,2025-08-01,val
瑞风M3,2025-09-01,val
瑞风M3,2025-10-01,val
瑞风M3,2025-11-01,val
瑞风M3,2025-12-01,val
瑞风M3,2026-01-01,test
瑞风M3,2026-02-01,test
瑞风M3,2026-03-01,test
瑞风M3,2026-04-01,test
瑞风M3,2026-05-01,test
瑞风M3,2026-06-01,test
瑞风RF8,2022-01-01,train
瑞风RF8,2022-02-01,train
瑞风RF8,2022-03-01,train
瑞风RF8,2022-04-01,train
瑞风RF8,2022-05-01,train
瑞风RF8,2022-06-01,train
瑞风RF8,2022-07-01,train
瑞风RF8,2022-08-01,train
瑞风RF8,2022-09-01,train
瑞风RF8,2022-10-01,train
瑞风RF8,2022-11-01,train
瑞风RF8,2022-12-01,train
瑞风RF8,2023-01-01,train
瑞风RF8,2023-02-01,train
瑞风RF8,2023-03-01,train
瑞风RF8,2023-04-01,train
瑞风RF8,2023-05-01,train
瑞风RF8,2023-06-01,train
瑞风RF8,2023-07-01,train
瑞风RF8,2023-08-01,train
瑞风RF8,2023-09-01,train
瑞风RF8,2023-10-01,train
瑞风RF8,2023-11-01,train
瑞风RF8,2023-12-01,train
瑞风RF8,2024-01-01,train
瑞风RF8,2024-02-01,train
瑞风RF8,2024-03-01,train
瑞风RF8,2024-04-01,train
瑞风RF8,2024-05-01,train
瑞风RF8,2024-06-01,train
瑞风RF8,2024-07-01,train
瑞风RF8,2024-08-01,train
瑞风RF8,2024-09-01,train
瑞风RF8,2024-10-01,train
瑞风RF8,2024-11-01,train
瑞风RF8,2024-12-01,train
瑞风RF8,2025-01-01,train
瑞风RF8,2025-02-01,train
瑞风RF8,2025-03-01,train
瑞风RF8,2025-04-01,train
瑞风RF8,2025-05-01,train
瑞风RF8,2025-06-01,train
瑞风RF8,2025-07-01,val
瑞风RF8,2025-08-01,val
瑞风RF8,2025-09-01,val
瑞风RF8,2025-10-01,val
瑞风RF8,2025-11-01,val
瑞风RF8,2025-12-01,val
瑞风RF8,2026-01-01,test
瑞风RF8,2026-02-01,test
瑞风RF8,2026-03-01,test
瑞风RF8,2026-04-01,test
瑞风RF8,2026-05-01,test
瑞风RF8,2026-06-01,test
瑞风RF8新能源,2022-01-01,train
瑞风RF8新能源,2022-02-01,train
瑞风RF8新能源,2022-03-01,train
瑞风RF8新能源,2022-04-01,train
瑞风RF8新能源,2022-05-01,train
瑞风RF8新能源,2022-06-01,train
瑞风RF8新能源,2022-07-01,train
瑞风RF8新能源,2022-08-01,train
瑞风RF8新能源,2022-09-01,train
瑞风RF8新能源,2022-10-01,train
瑞风RF8新能源,2022-11-01,train
瑞风RF8新能源,2022-12-01,train
瑞风RF8新能源,2023-01-01,train
瑞风RF8新能源,2023-02-01,train
瑞风RF8新能源,2023-03-01,train
瑞风RF8新能源,2023-04-01,train
瑞风RF8新能源,2023-05-01,train
瑞风RF8新能源,2023-06-01,train
瑞风RF8新能源,2023-07-01,train
瑞风RF8新能源,2023-08-01,train
瑞风RF8新能源,2023-09-01,train
瑞风RF8新能源,2023-10-01,train
瑞风RF8新能源,2023-11-01,train
瑞风RF8新能源,2023-12-01,train
瑞风RF8新能源,2024-01-01,train
瑞风RF8新能源,2024-02-01,train
瑞风RF8新能源,2024-03-01,train
瑞风RF8新能源,2024-04-01,train
瑞风RF8新能源,2024-05-01,train
瑞风RF8新能源,2024-06-01,train
瑞风RF8新能源,2024-07-01,train
瑞风RF8新能源,2024-08-01,train
瑞风RF8新能源,2024-09-01,train
瑞风RF8新能源,2024-10-01,train
瑞风RF8新能源,2024-11-01,train
瑞风RF8新能源,2024-12-01,train
瑞风RF8新能源,2025-01-01,train
瑞风RF8新能源,2025-02-01,train
瑞风RF8新能源,2025-03-01,train
瑞风RF8新能源,2025-04-01,train
瑞风RF8新能源,2025-05-01,train
瑞风RF8新能源,2025-06-01,train
瑞风RF8新能源,2025-07-01,val
瑞风RF8新能源,2025-08-01,val
瑞风RF8新能源,2025-09-01,val
瑞风RF8新能源,2025-10-01,val
瑞风RF8新能源,2025-11-01,val
瑞风RF8新能源,2025-12-01,val
瑞风RF8新能源,2026-01-01,test
瑞风RF8新能源,2026-02-01,test
瑞风RF8新能源,2026-03-01,test
瑞风RF8新能源,2026-04-01,test
瑞风RF8新能源,2026-05-01,test
瑞风RF8新能源,2026-06-01,test
电动MINI ACEMAN,2022-01-01,train
电动MINI ACEMAN,2022-02-01,train
电动MINI ACEMAN,2022-03-01,train
电动MINI ACEMAN,2022-04-01,train
电动MINI ACEMAN,2022-05-01,train
电动MINI ACEMAN,2022-06-01,train
电动MINI ACEMAN,2022-07-01,train
电动MINI ACEMAN,2022-08-01,train
电动MINI ACEMAN,2022-09-01,train
电动MINI ACEMAN,2022-10-01,train
电动MINI ACEMAN,2022-11-01,train
电动MINI ACEMAN,2022-12-01,train
电动MINI ACEMAN,2023-01-01,train
电动MINI ACEMAN,2023-02-01,train
电动MINI ACEMAN,2023-03-01,train
电动MINI ACEMAN,2023-04-01,train
电动MINI ACEMAN,2023-05-01,train
电动MINI ACEMAN,2023-06-01,train
电动MINI ACEMAN,2023-07-01,train
电动MINI ACEMAN,2023-08-01,train
电动MINI ACEMAN,2023-09-01,train
电动MINI ACEMAN,2023-10-01,train
电动MINI ACEMAN,2023-11-01,train
电动MINI ACEMAN,2023-12-01,train
电动MINI ACEMAN,2024-01-01,train
电动MINI ACEMAN,2024-02-01,train
电动MINI ACEMAN,2024-03-01,train
电动MINI ACEMAN,2024-04-01,train
电动MINI ACEMAN,2024-05-01,train
电动MINI ACEMAN,2024-06-01,train
电动MINI ACEMAN,2024-07-01,train
电动MINI ACEMAN,2024-08-01,train
电动MINI ACEMAN,2024-09-01,train
电动MINI ACEMAN,2024-10-01,train
电动MINI ACEMAN,2024-11-01,train
电动MINI ACEMAN,2024-12-01,train
电动MINI ACEMAN,2025-01-01,train
电动MINI ACEMAN,2025-02-01,train
电动MINI ACEMAN,2025-03-01,train
电动MINI ACEMAN,2025-04-01,train
电动MINI ACEMAN,2025-05-01,train
电动MINI ACEMAN,2025-06-01,train
电动MINI ACEMAN,2025-07-01,val
电动MINI ACEMAN,2025-08-01,val
电动MINI ACEMAN,2025-09-01,val
电动MINI ACEMAN,2025-10-01,val
电动MINI ACEMAN,2025-11-01,val
电动MINI ACEMAN,2025-12-01,val
电动MINI ACEMAN,2026-01-01,test
电动MINI ACEMAN,2026-02-01,test
电动MINI ACEMAN,2026-03-01,test
电动MINI ACEMAN,2026-04-01,test
电动MINI ACEMAN,2026-05-01,test
电动MINI ACEMAN,2026-06-01,test
电动MINI COOPER,2022-01-01,train
电动MINI COOPER,2022-02-01,train
电动MINI COOPER,2022-03-01,train
电动MINI COOPER,2022-04-01,train
电动MINI COOPER,2022-05-01,train
电动MINI COOPER,2022-06-01,train
电动MINI COOPER,2022-07-01,train
电动MINI COOPER,2022-08-01,train
电动MINI COOPER,2022-09-01,train
电动MINI COOPER,2022-10-01,train
电动MINI COOPER,2022-11-01,train
电动MINI COOPER,2022-12-01,train
电动MINI COOPER,2023-01-01,train
电动MINI COOPER,2023-02-01,train
电动MINI COOPER,2023-03-01,train
电动MINI COOPER,2023-04-01,train
电动MINI COOPER,2023-05-01,train
电动MINI COOPER,2023-06-01,train
电动MINI COOPER,2023-07-01,train
电动MINI COOPER,2023-08-01,train
电动MINI COOPER,2023-09-01,train
电动MINI COOPER,2023-10-01,train
电动MINI COOPER,2023-11-01,train
电动MINI COOPER,2023-12-01,train
电动MINI COOPER,2024-01-01,train
电动MINI COOPER,2024-02-01,train
电动MINI COOPER,2024-03-01,train
电动MINI COOPER,2024-04-01,train
电动MINI COOPER,2024-05-01,train
电动MINI COOPER,2024-06-01,train
电动MINI COOPER,2024-07-01,train
电动MINI COOPER,2024-08-01,train
电动MINI COOPER,2024-09-01,train
电动MINI COOPER,2024-10-01,train
电动MINI COOPER,2024-11-01,train
电动MINI COOPER,2024-12-01,train
电动MINI COOPER,2025-01-01,train
电动MINI COOPER,2025-02-01,train
电动MINI COOPER,2025-03-01,train
电动MINI COOPER,2025-04-01,train
电动MINI COOPER,2025-05-01,train
电动MINI COOPER,2025-06-01,train
电动MINI COOPER,2025-07-01,val
电动MINI COOPER,2025-08-01,val
电动MINI COOPER,2025-09-01,val
电动MINI COOPER,2025-10-01,val
电动MINI COOPER,2025-11-01,val
电动MINI COOPER,2025-12-01,val
电动MINI COOPER,2026-01-01,test
电动MINI COOPER,2026-02-01,test
电动MINI COOPER,2026-03-01,test
电动MINI COOPER,2026-04-01,test
电动MINI COOPER,2026-05-01,test
电动MINI COOPER,2026-06-01,test
皇冠陆放,2022-01-01,train
皇冠陆放,2022-02-01,train
皇冠陆放,2022-03-01,train
皇冠陆放,2022-04-01,train
皇冠陆放,2022-05-01,train
皇冠陆放,2022-06-01,train
皇冠陆放,2022-07-01,train
皇冠陆放,2022-08-01,train
皇冠陆放,2022-09-01,train
皇冠陆放,2022-10-01,train
皇冠陆放,2022-11-01,train
皇冠陆放,2022-12-01,train
皇冠陆放,2023-01-01,train
皇冠陆放,2023-02-01,train
皇冠陆放,2023-03-01,train
皇冠陆放,2023-04-01,train
皇冠陆放,2023-05-01,train
皇冠陆放,2023-06-01,train
皇冠陆放,2023-07-01,train
皇冠陆放,2023-08-01,train
皇冠陆放,2023-09-01,train
皇冠陆放,2023-10-01,train
皇冠陆放,2023-11-01,train
皇冠陆放,2023-12-01,train
皇冠陆放,2024-01-01,train
皇冠陆放,2024-02-01,train
皇冠陆放,2024-03-01,train
皇冠陆放,2024-04-01,train
皇冠陆放,2024-05-01,train
皇冠陆放,2024-06-01,train
皇冠陆放,2024-07-01,train
皇冠陆放,2024-08-01,train
皇冠陆放,2024-09-01,train
皇冠陆放,2024-10-01,train
皇冠陆放,2024-11-01,train
皇冠陆放,2024-12-01,train
皇冠陆放,2025-01-01,train
皇冠陆放,2025-02-01,train
皇冠陆放,2025-03-01,train
皇冠陆放,2025-04-01,train
皇冠陆放,2025-05-01,train
皇冠陆放,2025-06-01,train
皇冠陆放,2025-07-01,val
皇冠陆放,2025-08-01,val
皇冠陆放,2025-09-01,val
皇冠陆放,2025-10-01,val
皇冠陆放,2025-11-01,val
皇冠陆放,2025-12-01,val
皇冠陆放,2026-01-01,test
皇冠陆放,2026-02-01,test
皇冠陆放,2026-03-01,test
皇冠陆放,2026-04-01,test
皇冠陆放,2026-05-01,test
皇冠陆放,2026-06-01,test
皓影,2022-01-01,train
皓影,2022-02-01,train
皓影,2022-03-01,train
皓影,2022-04-01,train
皓影,2022-05-01,train
皓影,2022-06-01,train
皓影,2022-07-01,train
皓影,2022-08-01,train
皓影,2022-09-01,train
皓影,2022-10-01,train
皓影,2022-11-01,train
皓影,2022-12-01,train
皓影,2023-01-01,train
皓影,2023-02-01,train
皓影,2023-03-01,train
皓影,2023-04-01,train
皓影,2023-05-01,train
皓影,2023-06-01,train
皓影,2023-07-01,train
皓影,2023-08-01,train
皓影,2023-09-01,train
皓影,2023-10-01,train
皓影,2023-11-01,train
皓影,2023-12-01,train
皓影,2024-01-01,train
皓影,2024-02-01,train
皓影,2024-03-01,train
皓影,2024-04-01,train
皓影,2024-05-01,train
皓影,2024-06-01,train
皓影,2024-07-01,train
皓影,2024-08-01,train
皓影,2024-09-01,train
皓影,2024-10-01,train
皓影,2024-11-01,train
皓影,2024-12-01,train
皓影,2025-01-01,train
皓影,2025-02-01,train
皓影,2025-03-01,train
皓影,2025-04-01,train
皓影,2025-05-01,train
皓影,2025-06-01,train
皓影,2025-07-01,val
皓影,2025-08-01,val
皓影,2025-09-01,val
皓影,2025-10-01,val
皓影,2025-11-01,val
皓影,2025-12-01,val
皓影,2026-01-01,test
皓影,2026-02-01,test
皓影,2026-03-01,test
皓影,2026-04-01,test
皓影,2026-05-01,test
皓影,2026-06-01,test
皓影新能源,2022-01-01,train
皓影新能源,2022-02-01,train
皓影新能源,2022-03-01,train
皓影新能源,2022-04-01,train
皓影新能源,2022-05-01,train
皓影新能源,2022-06-01,train
皓影新能源,2022-07-01,train
皓影新能源,2022-08-01,train
皓影新能源,2022-09-01,train
皓影新能源,2022-10-01,train
皓影新能源,2022-11-01,train
皓影新能源,2022-12-01,train
皓影新能源,2023-01-01,train
皓影新能源,2023-02-01,train
皓影新能源,2023-03-01,train
皓影新能源,2023-04-01,train
皓影新能源,2023-05-01,train
皓影新能源,2023-06-01,train
皓影新能源,2023-07-01,train
皓影新能源,2023-08-01,train
皓影新能源,2023-09-01,train
皓影新能源,2023-10-01,train
皓影新能源,2023-11-01,train
皓影新能源,2023-12-01,train
皓影新能源,2024-01-01,train
皓影新能源,2024-02-01,train
皓影新能源,2024-03-01,train
皓影新能源,2024-04-01,train
皓影新能源,2024-05-01,train
皓影新能源,2024-06-01,train
皓影新能源,2024-07-01,train
皓影新能源,2024-08-01,train
皓影新能源,2024-09-01,train
皓影新能源,2024-10-01,train
皓影新能源,2024-11-01,train
皓影新能源,2024-12-01,train
皓影新能源,2025-01-01,train
皓影新能源,2025-02-01,train
皓影新能源,2025-03-01,train
皓影新能源,2025-04-01,train
皓影新能源,2025-05-01,train
皓影新能源,2025-06-01,train
皓影新能源,2025-07-01,val
皓影新能源,2025-08-01,val
皓影新能源,2025-09-01,val
皓影新能源,2025-10-01,val
皓影新能源,2025-11-01,val
皓影新能源,2025-12-01,val
皓影新能源,2026-01-01,test
皓影新能源,2026-02-01,test
皓影新能源,2026-03-01,test
皓影新能源,2026-04-01,test
皓影新能源,2026-05-01,test
皓影新能源,2026-06-01,test
睿蓝8,2022-01-01,train
睿蓝8,2022-02-01,train
睿蓝8,2022-03-01,train
睿蓝8,2022-04-01,train
睿蓝8,2022-05-01,train
睿蓝8,2022-06-01,train
睿蓝8,2022-07-01,train
睿蓝8,2022-08-01,train
睿蓝8,2022-09-01,train
睿蓝8,2022-10-01,train
睿蓝8,2022-11-01,train
睿蓝8,2022-12-01,train
睿蓝8,2023-01-01,train
睿蓝8,2023-02-01,train
睿蓝8,2023-03-01,train
睿蓝8,2023-04-01,train
睿蓝8,2023-05-01,train
睿蓝8,2023-06-01,train
睿蓝8,2023-07-01,train
睿蓝8,2023-08-01,train
睿蓝8,2023-09-01,train
睿蓝8,2023-10-01,train
睿蓝8,2023-11-01,train
睿蓝8,2023-12-01,train
睿蓝8,2024-01-01,train
睿蓝8,2024-02-01,train
睿蓝8,2024-03-01,train
睿蓝8,2024-04-01,train
睿蓝8,2024-05-01,train
睿蓝8,2024-06-01,train
睿蓝8,2024-07-01,train
睿蓝8,2024-08-01,train
睿蓝8,2024-09-01,train
睿蓝8,2024-10-01,train
睿蓝8,2024-11-01,train
睿蓝8,2024-12-01,train
睿蓝8,2025-01-01,train
睿蓝8,2025-02-01,train
睿蓝8,2025-03-01,train
睿蓝8,2025-04-01,train
睿蓝8,2025-05-01,train
睿蓝8,2025-06-01,train
睿蓝8,2025-07-01,val
睿蓝8,2025-08-01,val
睿蓝8,2025-09-01,val
睿蓝8,2025-10-01,val
睿蓝8,2025-11-01,val
睿蓝8,2025-12-01,val
睿蓝8,2026-01-01,test
睿蓝8,2026-02-01,test
睿蓝8,2026-03-01,test
睿蓝8,2026-04-01,test
睿蓝8,2026-05-01,test
睿蓝8,2026-06-01,test
福瑞迪,2022-01-01,train
福瑞迪,2022-02-01,train
福瑞迪,2022-03-01,train
福瑞迪,2022-04-01,train
福瑞迪,2022-05-01,train
福瑞迪,2022-06-01,train
福瑞迪,2022-07-01,train
福瑞迪,2022-08-01,train
福瑞迪,2022-09-01,train
福瑞迪,2022-10-01,train
福瑞迪,2022-11-01,train
福瑞迪,2022-12-01,train
福瑞迪,2023-01-01,train
福瑞迪,2023-02-01,train
福瑞迪,2023-03-01,train
福瑞迪,2023-04-01,train
福瑞迪,2023-05-01,train
福瑞迪,2023-06-01,train
福瑞迪,2023-07-01,train
福瑞迪,2023-08-01,train
福瑞迪,2023-09-01,train
福瑞迪,2023-10-01,train
福瑞迪,2023-11-01,train
福瑞迪,2023-12-01,train
福瑞迪,2024-01-01,train
福瑞迪,2024-02-01,train
福瑞迪,2024-03-01,train
福瑞迪,2024-04-01,train
福瑞迪,2024-05-01,train
福瑞迪,2024-06-01,train
福瑞迪,2024-07-01,train
福瑞迪,2024-08-01,train
福瑞迪,2024-09-01,train
福瑞迪,2024-10-01,train
福瑞迪,2024-11-01,train
福瑞迪,2024-12-01,train
福瑞迪,2025-01-01,train
福瑞迪,2025-02-01,train
福瑞迪,2025-03-01,train
福瑞迪,2025-04-01,train
福瑞迪,2025-05-01,train
福瑞迪,2025-06-01,train
福瑞迪,2025-07-01,val
福瑞迪,2025-08-01,val
福瑞迪,2025-09-01,val
福瑞迪,2025-10-01,val
福瑞迪,2025-11-01,val
福瑞迪,2025-12-01,val
福瑞迪,2026-01-01,test
福瑞迪,2026-02-01,test
福瑞迪,2026-03-01,test
福瑞迪,2026-04-01,test
福瑞迪,2026-05-01,test
福瑞迪,2026-06-01,test
秦L,2022-01-01,train
秦L,2022-02-01,train
秦L,2022-03-01,train
秦L,2022-04-01,train
秦L,2022-05-01,train
秦L,2022-06-01,train
秦L,2022-07-01,train
秦L,2022-08-01,train
秦L,2022-09-01,train
秦L,2022-10-01,train
秦L,2022-11-01,train
秦L,2022-12-01,train
秦L,2023-01-01,train
秦L,2023-02-01,train
秦L,2023-03-01,train
秦L,2023-04-01,train
秦L,2023-05-01,train
秦L,2023-06-01,train
秦L,2023-07-01,train
秦L,2023-08-01,train
秦L,2023-09-01,train
秦L,2023-10-01,train
秦L,2023-11-01,train
秦L,2023-12-01,train
秦L,2024-01-01,train
秦L,2024-02-01,train
秦L,2024-03-01,train
秦L,2024-04-01,train
秦L,2024-05-01,train
秦L,2024-06-01,train
秦L,2024-07-01,train
秦L,2024-08-01,train
秦L,2024-09-01,train
秦L,2024-10-01,train
秦L,2024-11-01,train
秦L,2024-12-01,train
秦L,2025-01-01,train
秦L,2025-02-01,train
秦L,2025-03-01,train
秦L,2025-04-01,train
秦L,2025-05-01,train
秦L,2025-06-01,train
秦L,2025-07-01,val
秦L,2025-08-01,val
秦L,2025-09-01,val
秦L,2025-10-01,val
秦L,2025-11-01,val
秦L,2025-12-01,val
秦L,2026-01-01,test
秦L,2026-02-01,test
秦L,2026-03-01,test
秦L,2026-04-01,test
秦L,2026-05-01,test
秦L,2026-06-01,test
秦PLUS,2022-01-01,train
秦PLUS,2022-02-01,train
秦PLUS,2022-03-01,train
秦PLUS,2022-04-01,train
秦PLUS,2022-05-01,train
秦PLUS,2022-06-01,train
秦PLUS,2022-07-01,train
秦PLUS,2022-08-01,train
秦PLUS,2022-09-01,train
秦PLUS,2022-10-01,train
秦PLUS,2022-11-01,train
秦PLUS,2022-12-01,train
秦PLUS,2023-01-01,train
秦PLUS,2023-02-01,train
秦PLUS,2023-03-01,train
秦PLUS,2023-04-01,train
秦PLUS,2023-05-01,train
秦PLUS,2023-06-01,train
秦PLUS,2023-07-01,train
秦PLUS,2023-08-01,train
秦PLUS,2023-09-01,train
秦PLUS,2023-10-01,train
秦PLUS,2023-11-01,train
秦PLUS,2023-12-01,train
秦PLUS,2024-01-01,train
秦PLUS,2024-02-01,train
秦PLUS,2024-03-01,train
秦PLUS,2024-04-01,train
秦PLUS,2024-05-01,train
秦PLUS,2024-06-01,train
秦PLUS,2024-07-01,train
秦PLUS,2024-08-01,train
秦PLUS,2024-09-01,train
秦PLUS,2024-10-01,train
秦PLUS,2024-11-01,train
秦PLUS,2024-12-01,train
秦PLUS,2025-01-01,train
秦PLUS,2025-02-01,train
秦PLUS,2025-03-01,train
秦PLUS,2025-04-01,train
秦PLUS,2025-05-01,train
秦PLUS,2025-06-01,train
秦PLUS,2025-07-01,val
秦PLUS,2025-08-01,val
秦PLUS,2025-09-01,val
秦PLUS,2025-10-01,val
秦PLUS,2025-11-01,val
秦PLUS,2025-12-01,val
秦PLUS,2026-01-01,test
秦PLUS,2026-02-01,test
秦PLUS,2026-03-01,test
秦PLUS,2026-04-01,test
秦PLUS,2026-05-01,test
秦PLUS,2026-06-01,test
秦新能源,2022-01-01,train
秦新能源,2022-02-01,train
秦新能源,2022-03-01,train
秦新能源,2022-04-01,train
秦新能源,2022-05-01,train
秦新能源,2022-06-01,train
秦新能源,2022-07-01,train
秦新能源,2022-08-01,train
秦新能源,2022-09-01,train
秦新能源,2022-10-01,train
秦新能源,2022-11-01,train
秦新能源,2022-12-01,train
秦新能源,2023-01-01,train
秦新能源,2023-02-01,train
秦新能源,2023-03-01,train
秦新能源,2023-04-01,train
秦新能源,2023-05-01,train
秦新能源,2023-06-01,train
秦新能源,2023-07-01,train
秦新能源,2023-08-01,train
秦新能源,2023-09-01,train
秦新能源,2023-10-01,train
秦新能源,2023-11-01,train
秦新能源,2023-12-01,train
秦新能源,2024-01-01,train
秦新能源,2024-02-01,train
秦新能源,2024-03-01,train
秦新能源,2024-04-01,train
秦新能源,2024-05-01,train
秦新能源,2024-06-01,train
秦新能源,2024-07-01,train
秦新能源,2024-08-01,train
秦新能源,2024-09-01,train
秦新能源,2024-10-01,train
秦新能源,2024-11-01,train
秦新能源,2024-12-01,train
秦新能源,2025-01-01,train
秦新能源,2025-02-01,train
秦新能源,2025-03-01,train
秦新能源,2025-04-01,train
秦新能源,2025-05-01,train
秦新能源,2025-06-01,train
秦新能源,2025-07-01,val
秦新能源,2025-08-01,val
秦新能源,2025-09-01,val
秦新能源,2025-10-01,val
秦新能源,2025-11-01,val
秦新能源,2025-12-01,val
秦新能源,2026-01-01,test
秦新能源,2026-02-01,test
秦新能源,2026-03-01,test
秦新能源,2026-04-01,test
秦新能源,2026-05-01,test
秦新能源,2026-06-01,test
索纳塔,2022-01-01,train
索纳塔,2022-02-01,train
索纳塔,2022-03-01,train
索纳塔,2022-04-01,train
索纳塔,2022-05-01,train
索纳塔,2022-06-01,train
索纳塔,2022-07-01,train
索纳塔,2022-08-01,train
索纳塔,2022-09-01,train
索纳塔,2022-10-01,train
索纳塔,2022-11-01,train
索纳塔,2022-12-01,train
索纳塔,2023-01-01,train
索纳塔,2023-02-01,train
索纳塔,2023-03-01,train
索纳塔,2023-04-01,train
索纳塔,2023-05-01,train
索纳塔,2023-06-01,train
索纳塔,2023-07-01,train
索纳塔,2023-08-01,train
索纳塔,2023-09-01,train
索纳塔,2023-10-01,train
索纳塔,2023-11-01,train
索纳塔,2023-12-01,train
索纳塔,2024-01-01,train
索纳塔,2024-02-01,train
索纳塔,2024-03-01,train
索纳塔,2024-04-01,train
索纳塔,2024-05-01,train
索纳塔,2024-06-01,train
索纳塔,2024-07-01,train
索纳塔,2024-08-01,train
索纳塔,2024-09-01,train
索纳塔,2024-10-01,train
索纳塔,2024-11-01,train
索纳塔,2024-12-01,train
索纳塔,2025-01-01,train
索纳塔,2025-02-01,train
索纳塔,2025-03-01,train
索纳塔,2025-04-01,train
索纳塔,2025-05-01,train
索纳塔,2025-06-01,train
索纳塔,2025-07-01,val
索纳塔,2025-08-01,val
索纳塔,2025-09-01,val
索纳塔,2025-10-01,val
索纳塔,2025-11-01,val
索纳塔,2025-12-01,val
索纳塔,2026-01-01,test
索纳塔,2026-02-01,test
索纳塔,2026-03-01,test
索纳塔,2026-04-01,test
索纳塔,2026-05-01,test
索纳塔,2026-06-01,test
红旗E-HS9,2022-01-01,train
红旗E-HS9,2022-02-01,train
红旗E-HS9,2022-03-01,train
红旗E-HS9,2022-04-01,train
红旗E-HS9,2022-05-01,train
红旗E-HS9,2022-06-01,train
红旗E-HS9,2022-07-01,train
红旗E-HS9,2022-08-01,train
红旗E-HS9,2022-09-01,train
红旗E-HS9,2022-10-01,train
红旗E-HS9,2022-11-01,train
红旗E-HS9,2022-12-01,train
红旗E-HS9,2023-01-01,train
红旗E-HS9,2023-02-01,train
红旗E-HS9,2023-03-01,train
红旗E-HS9,2023-04-01,train
红旗E-HS9,2023-05-01,train
红旗E-HS9,2023-06-01,train
红旗E-HS9,2023-07-01,train
红旗E-HS9,2023-08-01,train
红旗E-HS9,2023-09-01,train
红旗E-HS9,2023-10-01,train
红旗E-HS9,2023-11-01,train
红旗E-HS9,2023-12-01,train
红旗E-HS9,2024-01-01,train
红旗E-HS9,2024-02-01,train
红旗E-HS9,2024-03-01,train
红旗E-HS9,2024-04-01,train
红旗E-HS9,2024-05-01,train
红旗E-HS9,2024-06-01,train
红旗E-HS9,2024-07-01,train
红旗E-HS9,2024-08-01,train
红旗E-HS9,2024-09-01,train
红旗E-HS9,2024-10-01,train
红旗E-HS9,2024-11-01,train
红旗E-HS9,2024-12-01,train
红旗E-HS9,2025-01-01,train
红旗E-HS9,2025-02-01,train
红旗E-HS9,2025-03-01,train
红旗E-HS9,2025-04-01,train
红旗E-HS9,2025-05-01,train
红旗E-HS9,2025-06-01,train
红旗E-HS9,2025-07-01,val
红旗E-HS9,2025-08-01,val
红旗E-HS9,2025-09-01,val
红旗E-HS9,2025-10-01,val
红旗E-HS9,2025-11-01,val
红旗E-HS9,2025-12-01,val
红旗E-HS9,2026-01-01,test
红旗E-HS9,2026-02-01,test
红旗E-HS9,2026-03-01,test
红旗E-HS9,2026-04-01,test
红旗E-HS9,2026-05-01,test
红旗E-HS9,2026-06-01,test
红旗E-QM5,2022-01-01,train
红旗E-QM5,2022-02-01,train
红旗E-QM5,2022-03-01,train
红旗E-QM5,2022-04-01,train
红旗E-QM5,2022-05-01,train
红旗E-QM5,2022-06-01,train
红旗E-QM5,2022-07-01,train
红旗E-QM5,2022-08-01,train
红旗E-QM5,2022-09-01,train
红旗E-QM5,2022-10-01,train
红旗E-QM5,2022-11-01,train
红旗E-QM5,2022-12-01,train
红旗E-QM5,2023-01-01,train
红旗E-QM5,2023-02-01,train
红旗E-QM5,2023-03-01,train
红旗E-QM5,2023-04-01,train
红旗E-QM5,2023-05-01,train
红旗E-QM5,2023-06-01,train
红旗E-QM5,2023-07-01,train
红旗E-QM5,2023-08-01,train
红旗E-QM5,2023-09-01,train
红旗E-QM5,2023-10-01,train
红旗E-QM5,2023-11-01,train
红旗E-QM5,2023-12-01,train
红旗E-QM5,2024-01-01,train
红旗E-QM5,2024-02-01,train
红旗E-QM5,2024-03-01,train
红旗E-QM5,2024-04-01,train
红旗E-QM5,2024-05-01,train
红旗E-QM5,2024-06-01,train
红旗E-QM5,2024-07-01,train
红旗E-QM5,2024-08-01,train
红旗E-QM5,2024-09-01,train
红旗E-QM5,2024-10-01,train
红旗E-QM5,2024-11-01,train
红旗E-QM5,2024-12-01,train
红旗E-QM5,2025-01-01,train
红旗E-QM5,2025-02-01,train
红旗E-QM5,2025-03-01,train
红旗E-QM5,2025-04-01,train
红旗E-QM5,2025-05-01,train
红旗E-QM5,2025-06-01,train
红旗E-QM5,2025-07-01,val
红旗E-QM5,2025-08-01,val
红旗E-QM5,2025-09-01,val
红旗E-QM5,2025-10-01,val
红旗E-QM5,2025-11-01,val
红旗E-QM5,2025-12-01,val
红旗E-QM5,2026-01-01,test
红旗E-QM5,2026-02-01,test
红旗E-QM5,2026-03-01,test
红旗E-QM5,2026-04-01,test
红旗E-QM5,2026-05-01,test
红旗E-QM5,2026-06-01,test
红旗EH7,2022-01-01,train
红旗EH7,2022-02-01,train
红旗EH7,2022-03-01,train
红旗EH7,2022-04-01,train
红旗EH7,2022-05-01,train
红旗EH7,2022-06-01,train
红旗EH7,2022-07-01,train
红旗EH7,2022-08-01,train
红旗EH7,2022-09-01,train
红旗EH7,2022-10-01,train
红旗EH7,2022-11-01,train
红旗EH7,2022-12-01,train
红旗EH7,2023-01-01,train
红旗EH7,2023-02-01,train
红旗EH7,2023-03-01,train
红旗EH7,2023-04-01,train
红旗EH7,2023-05-01,train
红旗EH7,2023-06-01,train
红旗EH7,2023-07-01,train
红旗EH7,2023-08-01,train
红旗EH7,2023-09-01,train
红旗EH7,2023-10-01,train
红旗EH7,2023-11-01,train
红旗EH7,2023-12-01,train
红旗EH7,2024-01-01,train
红旗EH7,2024-02-01,train
红旗EH7,2024-03-01,train
红旗EH7,2024-04-01,train
红旗EH7,2024-05-01,train
红旗EH7,2024-06-01,train
红旗EH7,2024-07-01,train
红旗EH7,2024-08-01,train
红旗EH7,2024-09-01,train
红旗EH7,2024-10-01,train
红旗EH7,2024-11-01,train
红旗EH7,2024-12-01,train
红旗EH7,2025-01-01,train
红旗EH7,2025-02-01,train
红旗EH7,2025-03-01,train
红旗EH7,2025-04-01,train
红旗EH7,2025-05-01,train
红旗EH7,2025-06-01,train
红旗EH7,2025-07-01,val
红旗EH7,2025-08-01,val
红旗EH7,2025-09-01,val
红旗EH7,2025-10-01,val
红旗EH7,2025-11-01,val
红旗EH7,2025-12-01,val
红旗EH7,2026-01-01,test
红旗EH7,2026-02-01,test
红旗EH7,2026-03-01,test
红旗EH7,2026-04-01,test
红旗EH7,2026-05-01,test
红旗EH7,2026-06-01,test
红旗H5,2022-01-01,train
红旗H5,2022-02-01,train
红旗H5,2022-03-01,train
红旗H5,2022-04-01,train
红旗H5,2022-05-01,train
红旗H5,2022-06-01,train
红旗H5,2022-07-01,train
红旗H5,2022-08-01,train
红旗H5,2022-09-01,train
红旗H5,2022-10-01,train
红旗H5,2022-11-01,train
红旗H5,2022-12-01,train
红旗H5,2023-01-01,train
红旗H5,2023-02-01,train
红旗H5,2023-03-01,train
红旗H5,2023-04-01,train
红旗H5,2023-05-01,train
红旗H5,2023-06-01,train
红旗H5,2023-07-01,train
红旗H5,2023-08-01,train
红旗H5,2023-09-01,train
红旗H5,2023-10-01,train
红旗H5,2023-11-01,train
红旗H5,2023-12-01,train
红旗H5,2024-01-01,train
红旗H5,2024-02-01,train
红旗H5,2024-03-01,train
红旗H5,2024-04-01,train
红旗H5,2024-05-01,train
红旗H5,2024-06-01,train
红旗H5,2024-07-01,train
红旗H5,2024-08-01,train
红旗H5,2024-09-01,train
红旗H5,2024-10-01,train
红旗H5,2024-11-01,train
红旗H5,2024-12-01,train
红旗H5,2025-01-01,train
红旗H5,2025-02-01,train
红旗H5,2025-03-01,train
红旗H5,2025-04-01,train
红旗H5,2025-05-01,train
红旗H5,2025-06-01,train
红旗H5,2025-07-01,val
红旗H5,2025-08-01,val
红旗H5,2025-09-01,val
红旗H5,2025-10-01,val
红旗H5,2025-11-01,val
红旗H5,2025-12-01,val
红旗H5,2026-01-01,test
红旗H5,2026-02-01,test
红旗H5,2026-03-01,test
红旗H5,2026-04-01,test
红旗H5,2026-05-01,test
红旗H5,2026-06-01,test
红旗H5 PHEV,2022-01-01,train
红旗H5 PHEV,2022-02-01,train
红旗H5 PHEV,2022-03-01,train
红旗H5 PHEV,2022-04-01,train
红旗H5 PHEV,2022-05-01,train
红旗H5 PHEV,2022-06-01,train
红旗H5 PHEV,2022-07-01,train
红旗H5 PHEV,2022-08-01,train
红旗H5 PHEV,2022-09-01,train
红旗H5 PHEV,2022-10-01,train
红旗H5 PHEV,2022-11-01,train
红旗H5 PHEV,2022-12-01,train
红旗H5 PHEV,2023-01-01,train
红旗H5 PHEV,2023-02-01,train
红旗H5 PHEV,2023-03-01,train
红旗H5 PHEV,2023-04-01,train
红旗H5 PHEV,2023-05-01,train
红旗H5 PHEV,2023-06-01,train
红旗H5 PHEV,2023-07-01,train
红旗H5 PHEV,2023-08-01,train
红旗H5 PHEV,2023-09-01,train
红旗H5 PHEV,2023-10-01,train
红旗H5 PHEV,2023-11-01,train
红旗H5 PHEV,2023-12-01,train
红旗H5 PHEV,2024-01-01,train
红旗H5 PHEV,2024-02-01,train
红旗H5 PHEV,2024-03-01,train
红旗H5 PHEV,2024-04-01,train
红旗H5 PHEV,2024-05-01,train
红旗H5 PHEV,2024-06-01,train
红旗H5 PHEV,2024-07-01,train
红旗H5 PHEV,2024-08-01,train
红旗H5 PHEV,2024-09-01,train
红旗H5 PHEV,2024-10-01,train
红旗H5 PHEV,2024-11-01,train
红旗H5 PHEV,2024-12-01,train
红旗H5 PHEV,2025-01-01,train
红旗H5 PHEV,2025-02-01,train
红旗H5 PHEV,2025-03-01,train
红旗H5 PHEV,2025-04-01,train
红旗H5 PHEV,2025-05-01,train
红旗H5 PHEV,2025-06-01,train
红旗H5 PHEV,2025-07-01,val
红旗H5 PHEV,2025-08-01,val
红旗H5 PHEV,2025-09-01,val
红旗H5 PHEV,2025-10-01,val
红旗H5 PHEV,2025-11-01,val
红旗H5 PHEV,2025-12-01,val
红旗H5 PHEV,2026-01-01,test
红旗H5 PHEV,2026-02-01,test
红旗H5 PHEV,2026-03-01,test
红旗H5 PHEV,2026-04-01,test
红旗H5 PHEV,2026-05-01,test
红旗H5 PHEV,2026-06-01,test
红旗H6,2022-01-01,train
红旗H6,2022-02-01,train
红旗H6,2022-03-01,train
红旗H6,2022-04-01,train
红旗H6,2022-05-01,train
红旗H6,2022-06-01,train
红旗H6,2022-07-01,train
红旗H6,2022-08-01,train
红旗H6,2022-09-01,train
红旗H6,2022-10-01,train
红旗H6,2022-11-01,train
红旗H6,2022-12-01,train
红旗H6,2023-01-01,train
红旗H6,2023-02-01,train
红旗H6,2023-03-01,train
红旗H6,2023-04-01,train
红旗H6,2023-05-01,train
红旗H6,2023-06-01,train
红旗H6,2023-07-01,train
红旗H6,2023-08-01,train
红旗H6,2023-09-01,train
红旗H6,2023-10-01,train
红旗H6,2023-11-01,train
红旗H6,2023-12-01,train
红旗H6,2024-01-01,train
红旗H6,2024-02-01,train
红旗H6,2024-03-01,train
红旗H6,2024-04-01,train
红旗H6,2024-05-01,train
红旗H6,2024-06-01,train
红旗H6,2024-07-01,train
红旗H6,2024-08-01,train
红旗H6,2024-09-01,train
红旗H6,2024-10-01,train
红旗H6,2024-11-01,train
红旗H6,2024-12-01,train
红旗H6,2025-01-01,train
红旗H6,2025-02-01,train
红旗H6,2025-03-01,train
红旗H6,2025-04-01,train
红旗H6,2025-05-01,train
红旗H6,2025-06-01,train
红旗H6,2025-07-01,val
红旗H6,2025-08-01,val
红旗H6,2025-09-01,val
红旗H6,2025-10-01,val
红旗H6,2025-11-01,val
红旗H6,2025-12-01,val
红旗H6,2026-01-01,test
红旗H6,2026-02-01,test
红旗H6,2026-03-01,test
红旗H6,2026-04-01,test
红旗H6,2026-05-01,test
红旗H6,2026-06-01,test
红旗H9,2022-01-01,train
红旗H9,2022-02-01,train
红旗H9,2022-03-01,train
红旗H9,2022-04-01,train
红旗H9,2022-05-01,train
红旗H9,2022-06-01,train
红旗H9,2022-07-01,train
红旗H9,2022-08-01,train
红旗H9,2022-09-01,train
红旗H9,2022-10-01,train
红旗H9,2022-11-01,train
红旗H9,2022-12-01,train
红旗H9,2023-01-01,train
红旗H9,2023-02-01,train
红旗H9,2023-03-01,train
红旗H9,2023-04-01,train
红旗H9,2023-05-01,train
红旗H9,2023-06-01,train
红旗H9,2023-07-01,train
红旗H9,2023-08-01,train
红旗H9,2023-09-01,train
红旗H9,2023-10-01,train
红旗H9,2023-11-01,train
红旗H9,2023-12-01,train
红旗H9,2024-01-01,train
红旗H9,2024-02-01,train
红旗H9,2024-03-01,train
红旗H9,2024-04-01,train
红旗H9,2024-05-01,train
红旗H9,2024-06-01,train
红旗H9,2024-07-01,train
红旗H9,2024-08-01,train
红旗H9,2024-09-01,train
红旗H9,2024-10-01,train
红旗H9,2024-11-01,train
红旗H9,2024-12-01,train
红旗H9,2025-01-01,train
红旗H9,2025-02-01,train
红旗H9,2025-03-01,train
红旗H9,2025-04-01,train
红旗H9,2025-05-01,train
红旗H9,2025-06-01,train
红旗H9,2025-07-01,val
红旗H9,2025-08-01,val
红旗H9,2025-09-01,val
红旗H9,2025-10-01,val
红旗H9,2025-11-01,val
红旗H9,2025-12-01,val
红旗H9,2026-01-01,test
红旗H9,2026-02-01,test
红旗H9,2026-03-01,test
红旗H9,2026-04-01,test
红旗H9,2026-05-01,test
红旗H9,2026-06-01,test
红旗HQ9,2022-01-01,train
红旗HQ9,2022-02-01,train
红旗HQ9,2022-03-01,train
红旗HQ9,2022-04-01,train
红旗HQ9,2022-05-01,train
红旗HQ9,2022-06-01,train
红旗HQ9,2022-07-01,train
红旗HQ9,2022-08-01,train
红旗HQ9,2022-09-01,train
红旗HQ9,2022-10-01,train
红旗HQ9,2022-11-01,train
红旗HQ9,2022-12-01,train
红旗HQ9,2023-01-01,train
红旗HQ9,2023-02-01,train
红旗HQ9,2023-03-01,train
红旗HQ9,2023-04-01,train
红旗HQ9,2023-05-01,train
红旗HQ9,2023-06-01,train
红旗HQ9,2023-07-01,train
红旗HQ9,2023-08-01,train
红旗HQ9,2023-09-01,train
红旗HQ9,2023-10-01,train
红旗HQ9,2023-11-01,train
红旗HQ9,2023-12-01,train
红旗HQ9,2024-01-01,train
红旗HQ9,2024-02-01,train
红旗HQ9,2024-03-01,train
红旗HQ9,2024-04-01,train
红旗HQ9,2024-05-01,train
红旗HQ9,2024-06-01,train
红旗HQ9,2024-07-01,train
红旗HQ9,2024-08-01,train
红旗HQ9,2024-09-01,train
红旗HQ9,2024-10-01,train
红旗HQ9,2024-11-01,train
红旗HQ9,2024-12-01,train
红旗HQ9,2025-01-01,train
红旗HQ9,2025-02-01,train
红旗HQ9,2025-03-01,train
红旗HQ9,2025-04-01,train
红旗HQ9,2025-05-01,train
红旗HQ9,2025-06-01,train
红旗HQ9,2025-07-01,val
红旗HQ9,2025-08-01,val
红旗HQ9,2025-09-01,val
红旗HQ9,2025-10-01,val
红旗HQ9,2025-11-01,val
红旗HQ9,2025-12-01,val
红旗HQ9,2026-01-01,test
红旗HQ9,2026-02-01,test
红旗HQ9,2026-03-01,test
红旗HQ9,2026-04-01,test
红旗HQ9,2026-05-01,test
红旗HQ9,2026-06-01,test
红旗HS3,2022-01-01,train
红旗HS3,2022-02-01,train
红旗HS3,2022-03-01,train
红旗HS3,2022-04-01,train
红旗HS3,2022-05-01,train
红旗HS3,2022-06-01,train
红旗HS3,2022-07-01,train
红旗HS3,2022-08-01,train
红旗HS3,2022-09-01,train
红旗HS3,2022-10-01,train
红旗HS3,2022-11-01,train
红旗HS3,2022-12-01,train
红旗HS3,2023-01-01,train
红旗HS3,2023-02-01,train
红旗HS3,2023-03-01,train
红旗HS3,2023-04-01,train
红旗HS3,2023-05-01,train
红旗HS3,2023-06-01,train
红旗HS3,2023-07-01,train
红旗HS3,2023-08-01,train
红旗HS3,2023-09-01,train
红旗HS3,2023-10-01,train
红旗HS3,2023-11-01,train
红旗HS3,2023-12-01,train
红旗HS3,2024-01-01,train
红旗HS3,2024-02-01,train
红旗HS3,2024-03-01,train
红旗HS3,2024-04-01,train
红旗HS3,2024-05-01,train
红旗HS3,2024-06-01,train
红旗HS3,2024-07-01,train
红旗HS3,2024-08-01,train
红旗HS3,2024-09-01,train
红旗HS3,2024-10-01,train
红旗HS3,2024-11-01,train
红旗HS3,2024-12-01,train
红旗HS3,2025-01-01,train
红旗HS3,2025-02-01,train
红旗HS3,2025-03-01,train
红旗HS3,2025-04-01,train
红旗HS3,2025-05-01,train
红旗HS3,2025-06-01,train
红旗HS3,2025-07-01,val
红旗HS3,2025-08-01,val
红旗HS3,2025-09-01,val
红旗HS3,2025-10-01,val
红旗HS3,2025-11-01,val
红旗HS3,2025-12-01,val
红旗HS3,2026-01-01,test
红旗HS3,2026-02-01,test
红旗HS3,2026-03-01,test
红旗HS3,2026-04-01,test
红旗HS3,2026-05-01,test
红旗HS3,2026-06-01,test
红旗HS3 PHEV,2022-01-01,train
红旗HS3 PHEV,2022-02-01,train
红旗HS3 PHEV,2022-03-01,train
红旗HS3 PHEV,2022-04-01,train
红旗HS3 PHEV,2022-05-01,train
红旗HS3 PHEV,2022-06-01,train
红旗HS3 PHEV,2022-07-01,train
红旗HS3 PHEV,2022-08-01,train
红旗HS3 PHEV,2022-09-01,train
红旗HS3 PHEV,2022-10-01,train
红旗HS3 PHEV,2022-11-01,train
红旗HS3 PHEV,2022-12-01,train
红旗HS3 PHEV,2023-01-01,train
红旗HS3 PHEV,2023-02-01,train
红旗HS3 PHEV,2023-03-01,train
红旗HS3 PHEV,2023-04-01,train
红旗HS3 PHEV,2023-05-01,train
红旗HS3 PHEV,2023-06-01,train
红旗HS3 PHEV,2023-07-01,train
红旗HS3 PHEV,2023-08-01,train
红旗HS3 PHEV,2023-09-01,train
红旗HS3 PHEV,2023-10-01,train
红旗HS3 PHEV,2023-11-01,train
红旗HS3 PHEV,2023-12-01,train
红旗HS3 PHEV,2024-01-01,train
红旗HS3 PHEV,2024-02-01,train
红旗HS3 PHEV,2024-03-01,train
红旗HS3 PHEV,2024-04-01,train
红旗HS3 PHEV,2024-05-01,train
红旗HS3 PHEV,2024-06-01,train
红旗HS3 PHEV,2024-07-01,train
红旗HS3 PHEV,2024-08-01,train
红旗HS3 PHEV,2024-09-01,train
红旗HS3 PHEV,2024-10-01,train
红旗HS3 PHEV,2024-11-01,train
红旗HS3 PHEV,2024-12-01,train
红旗HS3 PHEV,2025-01-01,train
红旗HS3 PHEV,2025-02-01,train
红旗HS3 PHEV,2025-03-01,train
红旗HS3 PHEV,2025-04-01,train
红旗HS3 PHEV,2025-05-01,train
红旗HS3 PHEV,2025-06-01,train
红旗HS3 PHEV,2025-07-01,val
红旗HS3 PHEV,2025-08-01,val
红旗HS3 PHEV,2025-09-01,val
红旗HS3 PHEV,2025-10-01,val
红旗HS3 PHEV,2025-11-01,val
红旗HS3 PHEV,2025-12-01,val
红旗HS3 PHEV,2026-01-01,test
红旗HS3 PHEV,2026-02-01,test
红旗HS3 PHEV,2026-03-01,test
红旗HS3 PHEV,2026-04-01,test
红旗HS3 PHEV,2026-05-01,test
红旗HS3 PHEV,2026-06-01,test
红旗HS5,2022-01-01,train
红旗HS5,2022-02-01,train
红旗HS5,2022-03-01,train
红旗HS5,2022-04-01,train
红旗HS5,2022-05-01,train
红旗HS5,2022-06-01,train
红旗HS5,2022-07-01,train
红旗HS5,2022-08-01,train
红旗HS5,2022-09-01,train
红旗HS5,2022-10-01,train
红旗HS5,2022-11-01,train
红旗HS5,2022-12-01,train
红旗HS5,2023-01-01,train
红旗HS5,2023-02-01,train
红旗HS5,2023-03-01,train
红旗HS5,2023-04-01,train
红旗HS5,2023-05-01,train
红旗HS5,2023-06-01,train
红旗HS5,2023-07-01,train
红旗HS5,2023-08-01,train
红旗HS5,2023-09-01,train
红旗HS5,2023-10-01,train
红旗HS5,2023-11-01,train
红旗HS5,2023-12-01,train
红旗HS5,2024-01-01,train
红旗HS5,2024-02-01,train
红旗HS5,2024-03-01,train
红旗HS5,2024-04-01,train
红旗HS5,2024-05-01,train
红旗HS5,2024-06-01,train
红旗HS5,2024-07-01,train
红旗HS5,2024-08-01,train
红旗HS5,2024-09-01,train
红旗HS5,2024-10-01,train
红旗HS5,2024-11-01,train
红旗HS5,2024-12-01,train
红旗HS5,2025-01-01,train
红旗HS5,2025-02-01,train
红旗HS5,2025-03-01,train
红旗HS5,2025-04-01,train
红旗HS5,2025-05-01,train
红旗HS5,2025-06-01,train
红旗HS5,2025-07-01,val
红旗HS5,2025-08-01,val
红旗HS5,2025-09-01,val
红旗HS5,2025-10-01,val
红旗HS5,2025-11-01,val
红旗HS5,2025-12-01,val
红旗HS5,2026-01-01,test
红旗HS5,2026-02-01,test
红旗HS5,2026-03-01,test
红旗HS5,2026-04-01,test
红旗HS5,2026-05-01,test
红旗HS5,2026-06-01,test
红旗HS7 PHEV,2022-01-01,train
红旗HS7 PHEV,2022-02-01,train
红旗HS7 PHEV,2022-03-01,train
红旗HS7 PHEV,2022-04-01,train
红旗HS7 PHEV,2022-05-01,train
红旗HS7 PHEV,2022-06-01,train
红旗HS7 PHEV,2022-07-01,train
红旗HS7 PHEV,2022-08-01,train
红旗HS7 PHEV,2022-09-01,train
红旗HS7 PHEV,2022-10-01,train
红旗HS7 PHEV,2022-11-01,train
红旗HS7 PHEV,2022-12-01,train
红旗HS7 PHEV,2023-01-01,train
红旗HS7 PHEV,2023-02-01,train
红旗HS7 PHEV,2023-03-01,train
红旗HS7 PHEV,2023-04-01,train
红旗HS7 PHEV,2023-05-01,train
红旗HS7 PHEV,2023-06-01,train
红旗HS7 PHEV,2023-07-01,train
红旗HS7 PHEV,2023-08-01,train
红旗HS7 PHEV,2023-09-01,train
红旗HS7 PHEV,2023-10-01,train
红旗HS7 PHEV,2023-11-01,train
红旗HS7 PHEV,2023-12-01,train
红旗HS7 PHEV,2024-01-01,train
红旗HS7 PHEV,2024-02-01,train
红旗HS7 PHEV,2024-03-01,train
红旗HS7 PHEV,2024-04-01,train
红旗HS7 PHEV,2024-05-01,train
红旗HS7 PHEV,2024-06-01,train
红旗HS7 PHEV,2024-07-01,train
红旗HS7 PHEV,2024-08-01,train
红旗HS7 PHEV,2024-09-01,train
红旗HS7 PHEV,2024-10-01,train
红旗HS7 PHEV,2024-11-01,train
红旗HS7 PHEV,2024-12-01,train
红旗HS7 PHEV,2025-01-01,train
红旗HS7 PHEV,2025-02-01,train
红旗HS7 PHEV,2025-03-01,train
红旗HS7 PHEV,2025-04-01,train
红旗HS7 PHEV,2025-05-01,train
红旗HS7 PHEV,2025-06-01,train
红旗HS7 PHEV,2025-07-01,val
红旗HS7 PHEV,2025-08-01,val
红旗HS7 PHEV,2025-09-01,val
红旗HS7 PHEV,2025-10-01,val
红旗HS7 PHEV,2025-11-01,val
红旗HS7 PHEV,2025-12-01,val
红旗HS7 PHEV,2026-01-01,test
红旗HS7 PHEV,2026-02-01,test
红旗HS7 PHEV,2026-03-01,test
红旗HS7 PHEV,2026-04-01,test
红旗HS7 PHEV,2026-05-01,test
红旗HS7 PHEV,2026-06-01,test
红旗国耀,2022-01-01,train
红旗国耀,2022-02-01,train
红旗国耀,2022-03-01,train
红旗国耀,2022-04-01,train
红旗国耀,2022-05-01,train
红旗国耀,2022-06-01,train
红旗国耀,2022-07-01,train
红旗国耀,2022-08-01,train
红旗国耀,2022-09-01,train
红旗国耀,2022-10-01,train
红旗国耀,2022-11-01,train
红旗国耀,2022-12-01,train
红旗国耀,2023-01-01,train
红旗国耀,2023-02-01,train
红旗国耀,2023-03-01,train
红旗国耀,2023-04-01,train
红旗国耀,2023-05-01,train
红旗国耀,2023-06-01,train
红旗国耀,2023-07-01,train
红旗国耀,2023-08-01,train
红旗国耀,2023-09-01,train
红旗国耀,2023-10-01,train
红旗国耀,2023-11-01,train
红旗国耀,2023-12-01,train
红旗国耀,2024-01-01,train
红旗国耀,2024-02-01,train
红旗国耀,2024-03-01,train
红旗国耀,2024-04-01,train
红旗国耀,2024-05-01,train
红旗国耀,2024-06-01,train
红旗国耀,2024-07-01,train
红旗国耀,2024-08-01,train
红旗国耀,2024-09-01,train
红旗国耀,2024-10-01,train
红旗国耀,2024-11-01,train
红旗国耀,2024-12-01,train
红旗国耀,2025-01-01,train
红旗国耀,2025-02-01,train
红旗国耀,2025-03-01,train
红旗国耀,2025-04-01,train
红旗国耀,2025-05-01,train
红旗国耀,2025-06-01,train
红旗国耀,2025-07-01,val
红旗国耀,2025-08-01,val
红旗国耀,2025-09-01,val
红旗国耀,2025-10-01,val
红旗国耀,2025-11-01,val
红旗国耀,2025-12-01,val
红旗国耀,2026-01-01,test
红旗国耀,2026-02-01,test
红旗国耀,2026-03-01,test
红旗国耀,2026-04-01,test
红旗国耀,2026-05-01,test
红旗国耀,2026-06-01,test
红旗天工05,2022-01-01,train
红旗天工05,2022-02-01,train
红旗天工05,2022-03-01,train
红旗天工05,2022-04-01,train
红旗天工05,2022-05-01,train
红旗天工05,2022-06-01,train
红旗天工05,2022-07-01,train
红旗天工05,2022-08-01,train
红旗天工05,2022-09-01,train
红旗天工05,2022-10-01,train
红旗天工05,2022-11-01,train
红旗天工05,2022-12-01,train
红旗天工05,2023-01-01,train
红旗天工05,2023-02-01,train
红旗天工05,2023-03-01,train
红旗天工05,2023-04-01,train
红旗天工05,2023-05-01,train
红旗天工05,2023-06-01,train
红旗天工05,2023-07-01,train
红旗天工05,2023-08-01,train
红旗天工05,2023-09-01,train
红旗天工05,2023-10-01,train
红旗天工05,2023-11-01,train
红旗天工05,2023-12-01,train
红旗天工05,2024-01-01,train
红旗天工05,2024-02-01,train
红旗天工05,2024-03-01,train
红旗天工05,2024-04-01,train
红旗天工05,2024-05-01,train
红旗天工05,2024-06-01,train
红旗天工05,2024-07-01,train
红旗天工05,2024-08-01,train
红旗天工05,2024-09-01,train
红旗天工05,2024-10-01,train
红旗天工05,2024-11-01,train
红旗天工05,2024-12-01,train
红旗天工05,2025-01-01,train
红旗天工05,2025-02-01,train
红旗天工05,2025-03-01,train
红旗天工05,2025-04-01,train
红旗天工05,2025-05-01,train
红旗天工05,2025-06-01,train
红旗天工05,2025-07-01,val
红旗天工05,2025-08-01,val
红旗天工05,2025-09-01,val
红旗天工05,2025-10-01,val
红旗天工05,2025-11-01,val
红旗天工05,2025-12-01,val
红旗天工05,2026-01-01,test
红旗天工05,2026-02-01,test
红旗天工05,2026-03-01,test
红旗天工05,2026-04-01,test
红旗天工05,2026-05-01,test
红旗天工05,2026-06-01,test
红旗天工06,2022-01-01,train
红旗天工06,2022-02-01,train
红旗天工06,2022-03-01,train
红旗天工06,2022-04-01,train
红旗天工06,2022-05-01,train
红旗天工06,2022-06-01,train
红旗天工06,2022-07-01,train
红旗天工06,2022-08-01,train
红旗天工06,2022-09-01,train
红旗天工06,2022-10-01,train
红旗天工06,2022-11-01,train
红旗天工06,2022-12-01,train
红旗天工06,2023-01-01,train
红旗天工06,2023-02-01,train
红旗天工06,2023-03-01,train
红旗天工06,2023-04-01,train
红旗天工06,2023-05-01,train
红旗天工06,2023-06-01,train
红旗天工06,2023-07-01,train
红旗天工06,2023-08-01,train
红旗天工06,2023-09-01,train
红旗天工06,2023-10-01,train
红旗天工06,2023-11-01,train
红旗天工06,2023-12-01,train
红旗天工06,2024-01-01,train
红旗天工06,2024-02-01,train
红旗天工06,2024-03-01,train
红旗天工06,2024-04-01,train
红旗天工06,2024-05-01,train
红旗天工06,2024-06-01,train
红旗天工06,2024-07-01,train
红旗天工06,2024-08-01,train
红旗天工06,2024-09-01,train
红旗天工06,2024-10-01,train
红旗天工06,2024-11-01,train
红旗天工06,2024-12-01,train
红旗天工06,2025-01-01,train
红旗天工06,2025-02-01,train
红旗天工06,2025-03-01,train
红旗天工06,2025-04-01,train
红旗天工06,2025-05-01,train
红旗天工06,2025-06-01,train
红旗天工06,2025-07-01,val
红旗天工06,2025-08-01,val
红旗天工06,2025-09-01,val
红旗天工06,2025-10-01,val
红旗天工06,2025-11-01,val
红旗天工06,2025-12-01,val
红旗天工06,2026-01-01,test
红旗天工06,2026-02-01,test
红旗天工06,2026-03-01,test
红旗天工06,2026-04-01,test
红旗天工06,2026-05-01,test
红旗天工06,2026-06-01,test
红旗天工08,2022-01-01,train
红旗天工08,2022-02-01,train
红旗天工08,2022-03-01,train
红旗天工08,2022-04-01,train
红旗天工08,2022-05-01,train
红旗天工08,2022-06-01,train
红旗天工08,2022-07-01,train
红旗天工08,2022-08-01,train
红旗天工08,2022-09-01,train
红旗天工08,2022-10-01,train
红旗天工08,2022-11-01,train
红旗天工08,2022-12-01,train
红旗天工08,2023-01-01,train
红旗天工08,2023-02-01,train
红旗天工08,2023-03-01,train
红旗天工08,2023-04-01,train
红旗天工08,2023-05-01,train
红旗天工08,2023-06-01,train
红旗天工08,2023-07-01,train
红旗天工08,2023-08-01,train
红旗天工08,2023-09-01,train
红旗天工08,2023-10-01,train
红旗天工08,2023-11-01,train
红旗天工08,2023-12-01,train
红旗天工08,2024-01-01,train
红旗天工08,2024-02-01,train
红旗天工08,2024-03-01,train
红旗天工08,2024-04-01,train
红旗天工08,2024-05-01,train
红旗天工08,2024-06-01,train
红旗天工08,2024-07-01,train
红旗天工08,2024-08-01,train
红旗天工08,2024-09-01,train
红旗天工08,2024-10-01,train
红旗天工08,2024-11-01,train
红旗天工08,2024-12-01,train
红旗天工08,2025-01-01,train
红旗天工08,2025-02-01,train
红旗天工08,2025-03-01,train
红旗天工08,2025-04-01,train
红旗天工08,2025-05-01,train
红旗天工08,2025-06-01,train
红旗天工08,2025-07-01,val
红旗天工08,2025-08-01,val
红旗天工08,2025-09-01,val
红旗天工08,2025-10-01,val
红旗天工08,2025-11-01,val
红旗天工08,2025-12-01,val
红旗天工08,2026-01-01,test
红旗天工08,2026-02-01,test
红旗天工08,2026-03-01,test
红旗天工08,2026-04-01,test
红旗天工08,2026-05-01,test
红旗天工08,2026-06-01,test
纳米01,2022-01-01,train
纳米01,2022-02-01,train
纳米01,2022-03-01,train
纳米01,2022-04-01,train
纳米01,2022-05-01,train
纳米01,2022-06-01,train
纳米01,2022-07-01,train
纳米01,2022-08-01,train
纳米01,2022-09-01,train
纳米01,2022-10-01,train
纳米01,2022-11-01,train
纳米01,2022-12-01,train
纳米01,2023-01-01,train
纳米01,2023-02-01,train
纳米01,2023-03-01,train
纳米01,2023-04-01,train
纳米01,2023-05-01,train
纳米01,2023-06-01,train
纳米01,2023-07-01,train
纳米01,2023-08-01,train
纳米01,2023-09-01,train
纳米01,2023-10-01,train
纳米01,2023-11-01,train
纳米01,2023-12-01,train
纳米01,2024-01-01,train
纳米01,2024-02-01,train
纳米01,2024-03-01,train
纳米01,2024-04-01,train
纳米01,2024-05-01,train
纳米01,2024-06-01,train
纳米01,2024-07-01,train
纳米01,2024-08-01,train
纳米01,2024-09-01,train
纳米01,2024-10-01,train
纳米01,2024-11-01,train
纳米01,2024-12-01,train
纳米01,2025-01-01,train
纳米01,2025-02-01,train
纳米01,2025-03-01,train
纳米01,2025-04-01,train
纳米01,2025-05-01,train
纳米01,2025-06-01,train
纳米01,2025-07-01,val
纳米01,2025-08-01,val
纳米01,2025-09-01,val
纳米01,2025-10-01,val
纳米01,2025-11-01,val
纳米01,2025-12-01,val
纳米01,2026-01-01,test
纳米01,2026-02-01,test
纳米01,2026-03-01,test
纳米01,2026-04-01,test
纳米01,2026-05-01,test
纳米01,2026-06-01,test
缤智,2022-01-01,train
缤智,2022-02-01,train
缤智,2022-03-01,train
缤智,2022-04-01,train
缤智,2022-05-01,train
缤智,2022-06-01,train
缤智,2022-07-01,train
缤智,2022-08-01,train
缤智,2022-09-01,train
缤智,2022-10-01,train
缤智,2022-11-01,train
缤智,2022-12-01,train
缤智,2023-01-01,train
缤智,2023-02-01,train
缤智,2023-03-01,train
缤智,2023-04-01,train
缤智,2023-05-01,train
缤智,2023-06-01,train
缤智,2023-07-01,train
缤智,2023-08-01,train
缤智,2023-09-01,train
缤智,2023-10-01,train
缤智,2023-11-01,train
缤智,2023-12-01,train
缤智,2024-01-01,train
缤智,2024-02-01,train
缤智,2024-03-01,train
缤智,2024-04-01,train
缤智,2024-05-01,train
缤智,2024-06-01,train
缤智,2024-07-01,train
缤智,2024-08-01,train
缤智,2024-09-01,train
缤智,2024-10-01,train
缤智,2024-11-01,train
缤智,2024-12-01,train
缤智,2025-01-01,train
缤智,2025-02-01,train
缤智,2025-03-01,train
缤智,2025-04-01,train
缤智,2025-05-01,train
缤智,2025-06-01,train
缤智,2025-07-01,val
缤智,2025-08-01,val
缤智,2025-09-01,val
缤智,2025-10-01,val
缤智,2025-11-01,val
缤智,2025-12-01,val
缤智,2026-01-01,test
缤智,2026-02-01,test
缤智,2026-03-01,test
缤智,2026-04-01,test
缤智,2026-05-01,test
缤智,2026-06-01,test
缤瑞,2022-01-01,train
缤瑞,2022-02-01,train
缤瑞,2022-03-01,train
缤瑞,2022-04-01,train
缤瑞,2022-05-01,train
缤瑞,2022-06-01,train
缤瑞,2022-07-01,train
缤瑞,2022-08-01,train
缤瑞,2022-09-01,train
缤瑞,2022-10-01,train
缤瑞,2022-11-01,train
缤瑞,2022-12-01,train
缤瑞,2023-01-01,train
缤瑞,2023-02-01,train
缤瑞,2023-03-01,train
缤瑞,2023-04-01,train
缤瑞,2023-05-01,train
缤瑞,2023-06-01,train
缤瑞,2023-07-01,train
缤瑞,2023-08-01,train
缤瑞,2023-09-01,train
缤瑞,2023-10-01,train
缤瑞,2023-11-01,train
缤瑞,2023-12-01,train
缤瑞,2024-01-01,train
缤瑞,2024-02-01,train
缤瑞,2024-03-01,train
缤瑞,2024-04-01,train
缤瑞,2024-05-01,train
缤瑞,2024-06-01,train
缤瑞,2024-07-01,train
缤瑞,2024-08-01,train
缤瑞,2024-09-01,train
缤瑞,2024-10-01,train
缤瑞,2024-11-01,train
缤瑞,2024-12-01,train
缤瑞,2025-01-01,train
缤瑞,2025-02-01,train
缤瑞,2025-03-01,train
缤瑞,2025-04-01,train
缤瑞,2025-05-01,train
缤瑞,2025-06-01,train
缤瑞,2025-07-01,val
缤瑞,2025-08-01,val
缤瑞,2025-09-01,val
缤瑞,2025-10-01,val
缤瑞,2025-11-01,val
缤瑞,2025-12-01,val
缤瑞,2026-01-01,test
缤瑞,2026-02-01,test
缤瑞,2026-03-01,test
缤瑞,2026-04-01,test
缤瑞,2026-05-01,test
缤瑞,2026-06-01,test
缤越,2022-01-01,train
缤越,2022-02-01,train
缤越,2022-03-01,train
缤越,2022-04-01,train
缤越,2022-05-01,train
缤越,2022-06-01,train
缤越,2022-07-01,train
缤越,2022-08-01,train
缤越,2022-09-01,train
缤越,2022-10-01,train
缤越,2022-11-01,train
缤越,2022-12-01,train
缤越,2023-01-01,train
缤越,2023-02-01,train
缤越,2023-03-01,train
缤越,2023-04-01,train
缤越,2023-05-01,train
缤越,2023-06-01,train
缤越,2023-07-01,train
缤越,2023-08-01,train
缤越,2023-09-01,train
缤越,2023-10-01,train
缤越,2023-11-01,train
缤越,2023-12-01,train
缤越,2024-01-01,train
缤越,2024-02-01,train
缤越,2024-03-01,train
缤越,2024-04-01,train
缤越,2024-05-01,train
缤越,2024-06-01,train
缤越,2024-07-01,train
缤越,2024-08-01,train
缤越,2024-09-01,train
缤越,2024-10-01,train
缤越,2024-11-01,train
缤越,2024-12-01,train
缤越,2025-01-01,train
缤越,2025-02-01,train
缤越,2025-03-01,train
缤越,2025-04-01,train
缤越,2025-05-01,train
缤越,2025-06-01,train
缤越,2025-07-01,val
缤越,2025-08-01,val
缤越,2025-09-01,val
缤越,2025-10-01,val
缤越,2025-11-01,val
缤越,2025-12-01,val
缤越,2026-01-01,test
缤越,2026-02-01,test
缤越,2026-03-01,test
缤越,2026-04-01,test
缤越,2026-05-01,test
缤越,2026-06-01,test
羿驰05,2022-01-01,train
羿驰05,2022-02-01,train
羿驰05,2022-03-01,train
羿驰05,2022-04-01,train
羿驰05,2022-05-01,train
羿驰05,2022-06-01,train
羿驰05,2022-07-01,train
羿驰05,2022-08-01,train
羿驰05,2022-09-01,train
羿驰05,2022-10-01,train
羿驰05,2022-11-01,train
羿驰05,2022-12-01,train
羿驰05,2023-01-01,train
羿驰05,2023-02-01,train
羿驰05,2023-03-01,train
羿驰05,2023-04-01,train
羿驰05,2023-05-01,train
羿驰05,2023-06-01,train
羿驰05,2023-07-01,train
羿驰05,2023-08-01,train
羿驰05,2023-09-01,train
羿驰05,2023-10-01,train
羿驰05,2023-11-01,train
羿驰05,2023-12-01,train
羿驰05,2024-01-01,train
羿驰05,2024-02-01,train
羿驰05,2024-03-01,train
羿驰05,2024-04-01,train
羿驰05,2024-05-01,train
羿驰05,2024-06-01,train
羿驰05,2024-07-01,train
羿驰05,2024-08-01,train
羿驰05,2024-09-01,train
羿驰05,2024-10-01,train
羿驰05,2024-11-01,train
羿驰05,2024-12-01,train
羿驰05,2025-01-01,train
羿驰05,2025-02-01,train
羿驰05,2025-03-01,train
羿驰05,2025-04-01,train
羿驰05,2025-05-01,train
羿驰05,2025-06-01,train
羿驰05,2025-07-01,val
羿驰05,2025-08-01,val
羿驰05,2025-09-01,val
羿驰05,2025-10-01,val
羿驰05,2025-11-01,val
羿驰05,2025-12-01,val
羿驰05,2026-01-01,test
羿驰05,2026-02-01,test
羿驰05,2026-03-01,test
羿驰05,2026-04-01,test
羿驰05,2026-05-01,test
羿驰05,2026-06-01,test
胜达,2022-01-01,train
胜达,2022-02-01,train
胜达,2022-03-01,train
胜达,2022-04-01,train
胜达,2022-05-01,train
胜达,2022-06-01,train
胜达,2022-07-01,train
胜达,2022-08-01,train
胜达,2022-09-01,train
胜达,2022-10-01,train
胜达,2022-11-01,train
胜达,2022-12-01,train
胜达,2023-01-01,train
胜达,2023-02-01,train
胜达,2023-03-01,train
胜达,2023-04-01,train
胜达,2023-05-01,train
胜达,2023-06-01,train
胜达,2023-07-01,train
胜达,2023-08-01,train
胜达,2023-09-01,train
胜达,2023-10-01,train
胜达,2023-11-01,train
胜达,2023-12-01,train
胜达,2024-01-01,train
胜达,2024-02-01,train
胜达,2024-03-01,train
胜达,2024-04-01,train
胜达,2024-05-01,train
胜达,2024-06-01,train
胜达,2024-07-01,train
胜达,2024-08-01,train
胜达,2024-09-01,train
胜达,2024-10-01,train
胜达,2024-11-01,train
胜达,2024-12-01,train
胜达,2025-01-01,train
胜达,2025-02-01,train
胜达,2025-03-01,train
胜达,2025-04-01,train
胜达,2025-05-01,train
胜达,2025-06-01,train
胜达,2025-07-01,val
胜达,2025-08-01,val
胜达,2025-09-01,val
胜达,2025-10-01,val
胜达,2025-11-01,val
胜达,2025-12-01,val
胜达,2026-01-01,test
胜达,2026-02-01,test
胜达,2026-03-01,test
胜达,2026-04-01,test
胜达,2026-05-01,test
胜达,2026-06-01,test
腾势D9,2022-01-01,train
腾势D9,2022-02-01,train
腾势D9,2022-03-01,train
腾势D9,2022-04-01,train
腾势D9,2022-05-01,train
腾势D9,2022-06-01,train
腾势D9,2022-07-01,train
腾势D9,2022-08-01,train
腾势D9,2022-09-01,train
腾势D9,2022-10-01,train
腾势D9,2022-11-01,train
腾势D9,2022-12-01,train
腾势D9,2023-01-01,train
腾势D9,2023-02-01,train
腾势D9,2023-03-01,train
腾势D9,2023-04-01,train
腾势D9,2023-05-01,train
腾势D9,2023-06-01,train
腾势D9,2023-07-01,train
腾势D9,2023-08-01,train
腾势D9,2023-09-01,train
腾势D9,2023-10-01,train
腾势D9,2023-11-01,train
腾势D9,2023-12-01,train
腾势D9,2024-01-01,train
腾势D9,2024-02-01,train
腾势D9,2024-03-01,train
腾势D9,2024-04-01,train
腾势D9,2024-05-01,train
腾势D9,2024-06-01,train
腾势D9,2024-07-01,train
腾势D9,2024-08-01,train
腾势D9,2024-09-01,train
腾势D9,2024-10-01,train
腾势D9,2024-11-01,train
腾势D9,2024-12-01,train
腾势D9,2025-01-01,train
腾势D9,2025-02-01,train
腾势D9,2025-03-01,train
腾势D9,2025-04-01,train
腾势D9,2025-05-01,train
腾势D9,2025-06-01,train
腾势D9,2025-07-01,val
腾势D9,2025-08-01,val
腾势D9,2025-09-01,val
腾势D9,2025-10-01,val
腾势D9,2025-11-01,val
腾势D9,2025-12-01,val
腾势D9,2026-01-01,test
腾势D9,2026-02-01,test
腾势D9,2026-03-01,test
腾势D9,2026-04-01,test
腾势D9,2026-05-01,test
腾势D9,2026-06-01,test
艾力绅,2022-01-01,train
艾力绅,2022-02-01,train
艾力绅,2022-03-01,train
艾力绅,2022-04-01,train
艾力绅,2022-05-01,train
艾力绅,2022-06-01,train
艾力绅,2022-07-01,train
艾力绅,2022-08-01,train
艾力绅,2022-09-01,train
艾力绅,2022-10-01,train
艾力绅,2022-11-01,train
艾力绅,2022-12-01,train
艾力绅,2023-01-01,train
艾力绅,2023-02-01,train
艾力绅,2023-03-01,train
艾力绅,2023-04-01,train
艾力绅,2023-05-01,train
艾力绅,2023-06-01,train
艾力绅,2023-07-01,train
艾力绅,2023-08-01,train
艾力绅,2023-09-01,train
艾力绅,2023-10-01,train
艾力绅,2023-11-01,train
艾力绅,2023-12-01,train
艾力绅,2024-01-01,train
艾力绅,2024-02-01,train
艾力绅,2024-03-01,train
艾力绅,2024-04-01,train
艾力绅,2024-05-01,train
艾力绅,2024-06-01,train
艾力绅,2024-07-01,train
艾力绅,2024-08-01,train
艾力绅,2024-09-01,train
艾力绅,2024-10-01,train
艾力绅,2024-11-01,train
艾力绅,2024-12-01,train
艾力绅,2025-01-01,train
艾力绅,2025-02-01,train
艾力绅,2025-03-01,train
艾力绅,2025-04-01,train
艾力绅,2025-05-01,train
艾力绅,2025-06-01,train
艾力绅,2025-07-01,val
艾力绅,2025-08-01,val
艾力绅,2025-09-01,val
艾力绅,2025-10-01,val
艾力绅,2025-11-01,val
艾力绅,2025-12-01,val
艾力绅,2026-01-01,test
艾力绅,2026-02-01,test
艾力绅,2026-03-01,test
艾力绅,2026-04-01,test
艾力绅,2026-05-01,test
艾力绅,2026-06-01,test
艾瑞泽5,2022-01-01,train
艾瑞泽5,2022-02-01,train
艾瑞泽5,2022-03-01,train
艾瑞泽5,2022-04-01,train
艾瑞泽5,2022-05-01,train
艾瑞泽5,2022-06-01,train
艾瑞泽5,2022-07-01,train
艾瑞泽5,2022-08-01,train
艾瑞泽5,2022-09-01,train
艾瑞泽5,2022-10-01,train
艾瑞泽5,2022-11-01,train
艾瑞泽5,2022-12-01,train
艾瑞泽5,2023-01-01,train
艾瑞泽5,2023-02-01,train
艾瑞泽5,2023-03-01,train
艾瑞泽5,2023-04-01,train
艾瑞泽5,2023-05-01,train
艾瑞泽5,2023-06-01,train
艾瑞泽5,2023-07-01,train
艾瑞泽5,2023-08-01,train
艾瑞泽5,2023-09-01,train
艾瑞泽5,2023-10-01,train
艾瑞泽5,2023-11-01,train
艾瑞泽5,2023-12-01,train
艾瑞泽5,2024-01-01,train
艾瑞泽5,2024-02-01,train
艾瑞泽5,2024-03-01,train
艾瑞泽5,2024-04-01,train
艾瑞泽5,2024-05-01,train
艾瑞泽5,2024-06-01,train
艾瑞泽5,2024-07-01,train
艾瑞泽5,2024-08-01,train
艾瑞泽5,2024-09-01,train
艾瑞泽5,2024-10-01,train
艾瑞泽5,2024-11-01,train
艾瑞泽5,2024-12-01,train
艾瑞泽5,2025-01-01,train
艾瑞泽5,2025-02-01,train
艾瑞泽5,2025-03-01,train
艾瑞泽5,2025-04-01,train
艾瑞泽5,2025-05-01,train
艾瑞泽5,2025-06-01,train
艾瑞泽5,2025-07-01,val
艾瑞泽5,2025-08-01,val
艾瑞泽5,2025-09-01,val
艾瑞泽5,2025-10-01,val
艾瑞泽5,2025-11-01,val
艾瑞泽5,2025-12-01,val
艾瑞泽5,2026-01-01,test
艾瑞泽5,2026-02-01,test
艾瑞泽5,2026-03-01,test
艾瑞泽5,2026-04-01,test
艾瑞泽5,2026-05-01,test
艾瑞泽5,2026-06-01,test
艾瑞泽8,2022-01-01,train
艾瑞泽8,2022-02-01,train
艾瑞泽8,2022-03-01,train
艾瑞泽8,2022-04-01,train
艾瑞泽8,2022-05-01,train
艾瑞泽8,2022-06-01,train
艾瑞泽8,2022-07-01,train
艾瑞泽8,2022-08-01,train
艾瑞泽8,2022-09-01,train
艾瑞泽8,2022-10-01,train
艾瑞泽8,2022-11-01,train
艾瑞泽8,2022-12-01,train
艾瑞泽8,2023-01-01,train
艾瑞泽8,2023-02-01,train
艾瑞泽8,2023-03-01,train
艾瑞泽8,2023-04-01,train
艾瑞泽8,2023-05-01,train
艾瑞泽8,2023-06-01,train
艾瑞泽8,2023-07-01,train
艾瑞泽8,2023-08-01,train
艾瑞泽8,2023-09-01,train
艾瑞泽8,2023-10-01,train
艾瑞泽8,2023-11-01,train
艾瑞泽8,2023-12-01,train
艾瑞泽8,2024-01-01,train
艾瑞泽8,2024-02-01,train
艾瑞泽8,2024-03-01,train
艾瑞泽8,2024-04-01,train
艾瑞泽8,2024-05-01,train
艾瑞泽8,2024-06-01,train
艾瑞泽8,2024-07-01,train
艾瑞泽8,2024-08-01,train
艾瑞泽8,2024-09-01,train
艾瑞泽8,2024-10-01,train
艾瑞泽8,2024-11-01,train
艾瑞泽8,2024-12-01,train
艾瑞泽8,2025-01-01,train
艾瑞泽8,2025-02-01,train
艾瑞泽8,2025-03-01,train
艾瑞泽8,2025-04-01,train
艾瑞泽8,2025-05-01,train
艾瑞泽8,2025-06-01,train
艾瑞泽8,2025-07-01,val
艾瑞泽8,2025-08-01,val
艾瑞泽8,2025-09-01,val
艾瑞泽8,2025-10-01,val
艾瑞泽8,2025-11-01,val
艾瑞泽8,2025-12-01,val
艾瑞泽8,2026-01-01,test
艾瑞泽8,2026-02-01,test
艾瑞泽8,2026-03-01,test
艾瑞泽8,2026-04-01,test
艾瑞泽8,2026-05-01,test
艾瑞泽8,2026-06-01,test
英仕派,2022-01-01,train
英仕派,2022-02-01,train
英仕派,2022-03-01,train
英仕派,2022-04-01,train
英仕派,2022-05-01,train
英仕派,2022-06-01,train
英仕派,2022-07-01,train
英仕派,2022-08-01,train
英仕派,2022-09-01,train
英仕派,2022-10-01,train
英仕派,2022-11-01,train
英仕派,2022-12-01,train
英仕派,2023-01-01,train
英仕派,2023-02-01,train
英仕派,2023-03-01,train
英仕派,2023-04-01,train
英仕派,2023-05-01,train
英仕派,2023-06-01,train
英仕派,2023-07-01,train
英仕派,2023-08-01,train
英仕派,2023-09-01,train
英仕派,2023-10-01,train
英仕派,2023-11-01,train
英仕派,2023-12-01,train
英仕派,2024-01-01,train
英仕派,2024-02-01,train
英仕派,2024-03-01,train
英仕派,2024-04-01,train
英仕派,2024-05-01,train
英仕派,2024-06-01,train
英仕派,2024-07-01,train
英仕派,2024-08-01,train
英仕派,2024-09-01,train
英仕派,2024-10-01,train
英仕派,2024-11-01,train
英仕派,2024-12-01,train
英仕派,2025-01-01,train
英仕派,2025-02-01,train
英仕派,2025-03-01,train
英仕派,2025-04-01,train
英仕派,2025-05-01,train
英仕派,2025-06-01,train
英仕派,2025-07-01,val
英仕派,2025-08-01,val
英仕派,2025-09-01,val
英仕派,2025-10-01,val
英仕派,2025-11-01,val
英仕派,2025-12-01,val
英仕派,2026-01-01,test
英仕派,2026-02-01,test
英仕派,2026-03-01,test
英仕派,2026-04-01,test
英仕派,2026-05-01,test
英仕派,2026-06-01,test
荣威D5X DMH,2022-01-01,train
荣威D5X DMH,2022-02-01,train
荣威D5X DMH,2022-03-01,train
荣威D5X DMH,2022-04-01,train
荣威D5X DMH,2022-05-01,train
荣威D5X DMH,2022-06-01,train
荣威D5X DMH,2022-07-01,train
荣威D5X DMH,2022-08-01,train
荣威D5X DMH,2022-09-01,train
荣威D5X DMH,2022-10-01,train
荣威D5X DMH,2022-11-01,train
荣威D5X DMH,2022-12-01,train
荣威D5X DMH,2023-01-01,train
荣威D5X DMH,2023-02-01,train
荣威D5X DMH,2023-03-01,train
荣威D5X DMH,2023-04-01,train
荣威D5X DMH,2023-05-01,train
荣威D5X DMH,2023-06-01,train
荣威D5X DMH,2023-07-01,train
荣威D5X DMH,2023-08-01,train
荣威D5X DMH,2023-09-01,train
荣威D5X DMH,2023-10-01,train
荣威D5X DMH,2023-11-01,train
荣威D5X DMH,2023-12-01,train
荣威D5X DMH,2024-01-01,train
荣威D5X DMH,2024-02-01,train
荣威D5X DMH,2024-03-01,train
荣威D5X DMH,2024-04-01,train
荣威D5X DMH,2024-05-01,train
荣威D5X DMH,2024-06-01,train
荣威D5X DMH,2024-07-01,train
荣威D5X DMH,2024-08-01,train
荣威D5X DMH,2024-09-01,train
荣威D5X DMH,2024-10-01,train
荣威D5X DMH,2024-11-01,train
荣威D5X DMH,2024-12-01,train
荣威D5X DMH,2025-01-01,train
荣威D5X DMH,2025-02-01,train
荣威D5X DMH,2025-03-01,train
荣威D5X DMH,2025-04-01,train
荣威D5X DMH,2025-05-01,train
荣威D5X DMH,2025-06-01,train
荣威D5X DMH,2025-07-01,val
荣威D5X DMH,2025-08-01,val
荣威D5X DMH,2025-09-01,val
荣威D5X DMH,2025-10-01,val
荣威D5X DMH,2025-11-01,val
荣威D5X DMH,2025-12-01,val
荣威D5X DMH,2026-01-01,test
荣威D5X DMH,2026-02-01,test
荣威D5X DMH,2026-03-01,test
荣威D5X DMH,2026-04-01,test
荣威D5X DMH,2026-05-01,test
荣威D5X DMH,2026-06-01,test
荣威D6,2022-01-01,train
荣威D6,2022-02-01,train
荣威D6,2022-03-01,train
荣威D6,2022-04-01,train
荣威D6,2022-05-01,train
荣威D6,2022-06-01,train
荣威D6,2022-07-01,train
荣威D6,2022-08-01,train
荣威D6,2022-09-01,train
荣威D6,2022-10-01,train
荣威D6,2022-11-01,train
荣威D6,2022-12-01,train
荣威D6,2023-01-01,train
荣威D6,2023-02-01,train
荣威D6,2023-03-01,train
荣威D6,2023-04-01,train
荣威D6,2023-05-01,train
荣威D6,2023-06-01,train
荣威D6,2023-07-01,train
荣威D6,2023-08-01,train
荣威D6,2023-09-01,train
荣威D6,2023-10-01,train
荣威D6,2023-11-01,train
荣威D6,2023-12-01,train
荣威D6,2024-01-01,train
荣威D6,2024-02-01,train
荣威D6,2024-03-01,train
荣威D6,2024-04-01,train
荣威D6,2024-05-01,train
荣威D6,2024-06-01,train
荣威D6,2024-07-01,train
荣威D6,2024-08-01,train
荣威D6,2024-09-01,train
荣威D6,2024-10-01,train
荣威D6,2024-11-01,train
荣威D6,2024-12-01,train
荣威D6,2025-01-01,train
荣威D6,2025-02-01,train
荣威D6,2025-03-01,train
荣威D6,2025-04-01,train
荣威D6,2025-05-01,train
荣威D6,2025-06-01,train
荣威D6,2025-07-01,val
荣威D6,2025-08-01,val
荣威D6,2025-09-01,val
荣威D6,2025-10-01,val
荣威D6,2025-11-01,val
荣威D6,2025-12-01,val
荣威D6,2026-01-01,test
荣威D6,2026-02-01,test
荣威D6,2026-03-01,test
荣威D6,2026-04-01,test
荣威D6,2026-05-01,test
荣威D6,2026-06-01,test
荣威D7,2022-01-01,train
荣威D7,2022-02-01,train
荣威D7,2022-03-01,train
荣威D7,2022-04-01,train
荣威D7,2022-05-01,train
荣威D7,2022-06-01,train
荣威D7,2022-07-01,train
荣威D7,2022-08-01,train
荣威D7,2022-09-01,train
荣威D7,2022-10-01,train
荣威D7,2022-11-01,train
荣威D7,2022-12-01,train
荣威D7,2023-01-01,train
荣威D7,2023-02-01,train
荣威D7,2023-03-01,train
荣威D7,2023-04-01,train
荣威D7,2023-05-01,train
荣威D7,2023-06-01,train
荣威D7,2023-07-01,train
荣威D7,2023-08-01,train
荣威D7,2023-09-01,train
荣威D7,2023-10-01,train
荣威D7,2023-11-01,train
荣威D7,2023-12-01,train
荣威D7,2024-01-01,train
荣威D7,2024-02-01,train
荣威D7,2024-03-01,train
荣威D7,2024-04-01,train
荣威D7,2024-05-01,train
荣威D7,2024-06-01,train
荣威D7,2024-07-01,train
荣威D7,2024-08-01,train
荣威D7,2024-09-01,train
荣威D7,2024-10-01,train
荣威D7,2024-11-01,train
荣威D7,2024-12-01,train
荣威D7,2025-01-01,train
荣威D7,2025-02-01,train
荣威D7,2025-03-01,train
荣威D7,2025-04-01,train
荣威D7,2025-05-01,train
荣威D7,2025-06-01,train
荣威D7,2025-07-01,val
荣威D7,2025-08-01,val
荣威D7,2025-09-01,val
荣威D7,2025-10-01,val
荣威D7,2025-11-01,val
荣威D7,2025-12-01,val
荣威D7,2026-01-01,test
荣威D7,2026-02-01,test
荣威D7,2026-03-01,test
荣威D7,2026-04-01,test
荣威D7,2026-05-01,test
荣威D7,2026-06-01,test
荣威RX3,2022-01-01,train
荣威RX3,2022-02-01,train
荣威RX3,2022-03-01,train
荣威RX3,2022-04-01,train
荣威RX3,2022-05-01,train
荣威RX3,2022-06-01,train
荣威RX3,2022-07-01,train
荣威RX3,2022-08-01,train
荣威RX3,2022-09-01,train
荣威RX3,2022-10-01,train
荣威RX3,2022-11-01,train
荣威RX3,2022-12-01,train
荣威RX3,2023-01-01,train
荣威RX3,2023-02-01,train
荣威RX3,2023-03-01,train
荣威RX3,2023-04-01,train
荣威RX3,2023-05-01,train
荣威RX3,2023-06-01,train
荣威RX3,2023-07-01,train
荣威RX3,2023-08-01,train
荣威RX3,2023-09-01,train
荣威RX3,2023-10-01,train
荣威RX3,2023-11-01,train
荣威RX3,2023-12-01,train
荣威RX3,2024-01-01,train
荣威RX3,2024-02-01,train
荣威RX3,2024-03-01,train
荣威RX3,2024-04-01,train
荣威RX3,2024-05-01,train
荣威RX3,2024-06-01,train
荣威RX3,2024-07-01,train
荣威RX3,2024-08-01,train
荣威RX3,2024-09-01,train
荣威RX3,2024-10-01,train
荣威RX3,2024-11-01,train
荣威RX3,2024-12-01,train
荣威RX3,2025-01-01,train
荣威RX3,2025-02-01,train
荣威RX3,2025-03-01,train
荣威RX3,2025-04-01,train
荣威RX3,2025-05-01,train
荣威RX3,2025-06-01,train
荣威RX3,2025-07-01,val
荣威RX3,2025-08-01,val
荣威RX3,2025-09-01,val
荣威RX3,2025-10-01,val
荣威RX3,2025-11-01,val
荣威RX3,2025-12-01,val
荣威RX3,2026-01-01,test
荣威RX3,2026-02-01,test
荣威RX3,2026-03-01,test
荣威RX3,2026-04-01,test
荣威RX3,2026-05-01,test
荣威RX3,2026-06-01,test
荣威i5,2022-01-01,train
荣威i5,2022-02-01,train
荣威i5,2022-03-01,train
荣威i5,2022-04-01,train
荣威i5,2022-05-01,train
荣威i5,2022-06-01,train
荣威i5,2022-07-01,train
荣威i5,2022-08-01,train
荣威i5,2022-09-01,train
荣威i5,2022-10-01,train
荣威i5,2022-11-01,train
荣威i5,2022-12-01,train
荣威i5,2023-01-01,train
荣威i5,2023-02-01,train
荣威i5,2023-03-01,train
荣威i5,2023-04-01,train
荣威i5,2023-05-01,train
荣威i5,2023-06-01,train
荣威i5,2023-07-01,train
荣威i5,2023-08-01,train
荣威i5,2023-09-01,train
荣威i5,2023-10-01,train
荣威i5,2023-11-01,train
荣威i5,2023-12-01,train
荣威i5,2024-01-01,train
荣威i5,2024-02-01,train
荣威i5,2024-03-01,train
荣威i5,2024-04-01,train
荣威i5,2024-05-01,train
荣威i5,2024-06-01,train
荣威i5,2024-07-01,train
荣威i5,2024-08-01,train
荣威i5,2024-09-01,train
荣威i5,2024-10-01,train
荣威i5,2024-11-01,train
荣威i5,2024-12-01,train
荣威i5,2025-01-01,train
荣威i5,2025-02-01,train
荣威i5,2025-03-01,train
荣威i5,2025-04-01,train
荣威i5,2025-05-01,train
荣威i5,2025-06-01,train
荣威i5,2025-07-01,val
荣威i5,2025-08-01,val
荣威i5,2025-09-01,val
荣威i5,2025-10-01,val
荣威i5,2025-11-01,val
荣威i5,2025-12-01,val
荣威i5,2026-01-01,test
荣威i5,2026-02-01,test
荣威i5,2026-03-01,test
荣威i5,2026-04-01,test
荣威i5,2026-05-01,test
荣威i5,2026-06-01,test
荣威i6 MAX新能源,2022-01-01,train
荣威i6 MAX新能源,2022-02-01,train
荣威i6 MAX新能源,2022-03-01,train
荣威i6 MAX新能源,2022-04-01,train
荣威i6 MAX新能源,2022-05-01,train
荣威i6 MAX新能源,2022-06-01,train
荣威i6 MAX新能源,2022-07-01,train
荣威i6 MAX新能源,2022-08-01,train
荣威i6 MAX新能源,2022-09-01,train
荣威i6 MAX新能源,2022-10-01,train
荣威i6 MAX新能源,2022-11-01,train
荣威i6 MAX新能源,2022-12-01,train
荣威i6 MAX新能源,2023-01-01,train
荣威i6 MAX新能源,2023-02-01,train
荣威i6 MAX新能源,2023-03-01,train
荣威i6 MAX新能源,2023-04-01,train
荣威i6 MAX新能源,2023-05-01,train
荣威i6 MAX新能源,2023-06-01,train
荣威i6 MAX新能源,2023-07-01,train
荣威i6 MAX新能源,2023-08-01,train
荣威i6 MAX新能源,2023-09-01,train
荣威i6 MAX新能源,2023-10-01,train
荣威i6 MAX新能源,2023-11-01,train
荣威i6 MAX新能源,2023-12-01,train
荣威i6 MAX新能源,2024-01-01,train
荣威i6 MAX新能源,2024-02-01,train
荣威i6 MAX新能源,2024-03-01,train
荣威i6 MAX新能源,2024-04-01,train
荣威i6 MAX新能源,2024-05-01,train
荣威i6 MAX新能源,2024-06-01,train
荣威i6 MAX新能源,2024-07-01,train
荣威i6 MAX新能源,2024-08-01,train
荣威i6 MAX新能源,2024-09-01,train
荣威i6 MAX新能源,2024-10-01,train
荣威i6 MAX新能源,2024-11-01,train
荣威i6 MAX新能源,2024-12-01,train
荣威i6 MAX新能源,2025-01-01,train
荣威i6 MAX新能源,2025-02-01,train
荣威i6 MAX新能源,2025-03-01,train
荣威i6 MAX新能源,2025-04-01,train
荣威i6 MAX新能源,2025-05-01,train
荣威i6 MAX新能源,2025-06-01,train
荣威i6 MAX新能源,2025-07-01,val
荣威i6 MAX新能源,2025-08-01,val
荣威i6 MAX新能源,2025-09-01,val
荣威i6 MAX新能源,2025-10-01,val
荣威i6 MAX新能源,2025-11-01,val
荣威i6 MAX新能源,2025-12-01,val
荣威i6 MAX新能源,2026-01-01,test
荣威i6 MAX新能源,2026-02-01,test
荣威i6 MAX新能源,2026-03-01,test
荣威i6 MAX新能源,2026-04-01,test
荣威i6 MAX新能源,2026-05-01,test
荣威i6 MAX新能源,2026-06-01,test
荣威iMAX8,2022-01-01,train
荣威iMAX8,2022-02-01,train
荣威iMAX8,2022-03-01,train
荣威iMAX8,2022-04-01,train
荣威iMAX8,2022-05-01,train
荣威iMAX8,2022-06-01,train
荣威iMAX8,2022-07-01,train
荣威iMAX8,2022-08-01,train
荣威iMAX8,2022-09-01,train
荣威iMAX8,2022-10-01,train
荣威iMAX8,2022-11-01,train
荣威iMAX8,2022-12-01,train
荣威iMAX8,2023-01-01,train
荣威iMAX8,2023-02-01,train
荣威iMAX8,2023-03-01,train
荣威iMAX8,2023-04-01,train
荣威iMAX8,2023-05-01,train
荣威iMAX8,2023-06-01,train
荣威iMAX8,2023-07-01,train
荣威iMAX8,2023-08-01,train
荣威iMAX8,2023-09-01,train
荣威iMAX8,2023-10-01,train
荣威iMAX8,2023-11-01,train
荣威iMAX8,2023-12-01,train
荣威iMAX8,2024-01-01,train
荣威iMAX8,2024-02-01,train
荣威iMAX8,2024-03-01,train
荣威iMAX8,2024-04-01,train
荣威iMAX8,2024-05-01,train
荣威iMAX8,2024-06-01,train
荣威iMAX8,2024-07-01,train
荣威iMAX8,2024-08-01,train
荣威iMAX8,2024-09-01,train
荣威iMAX8,2024-10-01,train
荣威iMAX8,2024-11-01,train
荣威iMAX8,2024-12-01,train
荣威iMAX8,2025-01-01,train
荣威iMAX8,2025-02-01,train
荣威iMAX8,2025-03-01,train
荣威iMAX8,2025-04-01,train
荣威iMAX8,2025-05-01,train
荣威iMAX8,2025-06-01,train
荣威iMAX8,2025-07-01,val
荣威iMAX8,2025-08-01,val
荣威iMAX8,2025-09-01,val
荣威iMAX8,2025-10-01,val
荣威iMAX8,2025-11-01,val
荣威iMAX8,2025-12-01,val
荣威iMAX8,2026-01-01,test
荣威iMAX8,2026-02-01,test
荣威iMAX8,2026-03-01,test
荣威iMAX8,2026-04-01,test
荣威iMAX8,2026-05-01,test
荣威iMAX8,2026-06-01,test
荣威iMAX8新能源,2022-01-01,train
荣威iMAX8新能源,2022-02-01,train
荣威iMAX8新能源,2022-03-01,train
荣威iMAX8新能源,2022-04-01,train
荣威iMAX8新能源,2022-05-01,train
荣威iMAX8新能源,2022-06-01,train
荣威iMAX8新能源,2022-07-01,train
荣威iMAX8新能源,2022-08-01,train
荣威iMAX8新能源,2022-09-01,train
荣威iMAX8新能源,2022-10-01,train
荣威iMAX8新能源,2022-11-01,train
荣威iMAX8新能源,2022-12-01,train
荣威iMAX8新能源,2023-01-01,train
荣威iMAX8新能源,2023-02-01,train
荣威iMAX8新能源,2023-03-01,train
荣威iMAX8新能源,2023-04-01,train
荣威iMAX8新能源,2023-05-01,train
荣威iMAX8新能源,2023-06-01,train
荣威iMAX8新能源,2023-07-01,train
荣威iMAX8新能源,2023-08-01,train
荣威iMAX8新能源,2023-09-01,train
荣威iMAX8新能源,2023-10-01,train
荣威iMAX8新能源,2023-11-01,train
荣威iMAX8新能源,2023-12-01,train
荣威iMAX8新能源,2024-01-01,train
荣威iMAX8新能源,2024-02-01,train
荣威iMAX8新能源,2024-03-01,train
荣威iMAX8新能源,2024-04-01,train
荣威iMAX8新能源,2024-05-01,train
荣威iMAX8新能源,2024-06-01,train
荣威iMAX8新能源,2024-07-01,train
荣威iMAX8新能源,2024-08-01,train
荣威iMAX8新能源,2024-09-01,train
荣威iMAX8新能源,2024-10-01,train
荣威iMAX8新能源,2024-11-01,train
荣威iMAX8新能源,2024-12-01,train
荣威iMAX8新能源,2025-01-01,train
荣威iMAX8新能源,2025-02-01,train
荣威iMAX8新能源,2025-03-01,train
荣威iMAX8新能源,2025-04-01,train
荣威iMAX8新能源,2025-05-01,train
荣威iMAX8新能源,2025-06-01,train
荣威iMAX8新能源,2025-07-01,val
荣威iMAX8新能源,2025-08-01,val
荣威iMAX8新能源,2025-09-01,val
荣威iMAX8新能源,2025-10-01,val
荣威iMAX8新能源,2025-11-01,val
荣威iMAX8新能源,2025-12-01,val
荣威iMAX8新能源,2026-01-01,test
荣威iMAX8新能源,2026-02-01,test
荣威iMAX8新能源,2026-03-01,test
荣威iMAX8新能源,2026-04-01,test
荣威iMAX8新能源,2026-05-01,test
荣威iMAX8新能源,2026-06-01,test
菱智,2022-01-01,train
菱智,2022-02-01,train
菱智,2022-03-01,train
菱智,2022-04-01,train
菱智,2022-05-01,train
菱智,2022-06-01,train
菱智,2022-07-01,train
菱智,2022-08-01,train
菱智,2022-09-01,train
菱智,2022-10-01,train
菱智,2022-11-01,train
菱智,2022-12-01,train
菱智,2023-01-01,train
菱智,2023-02-01,train
菱智,2023-03-01,train
菱智,2023-04-01,train
菱智,2023-05-01,train
菱智,2023-06-01,train
菱智,2023-07-01,train
菱智,2023-08-01,train
菱智,2023-09-01,train
菱智,2023-10-01,train
菱智,2023-11-01,train
菱智,2023-12-01,train
菱智,2024-01-01,train
菱智,2024-02-01,train
菱智,2024-03-01,train
菱智,2024-04-01,train
菱智,2024-05-01,train
菱智,2024-06-01,train
菱智,2024-07-01,train
菱智,2024-08-01,train
菱智,2024-09-01,train
菱智,2024-10-01,train
菱智,2024-11-01,train
菱智,2024-12-01,train
菱智,2025-01-01,train
菱智,2025-02-01,train
菱智,2025-03-01,train
菱智,2025-04-01,train
菱智,2025-05-01,train
菱智,2025-06-01,train
菱智,2025-07-01,val
菱智,2025-08-01,val
菱智,2025-09-01,val
菱智,2025-10-01,val
菱智,2025-11-01,val
菱智,2025-12-01,val
菱智,2026-01-01,test
菱智,2026-02-01,test
菱智,2026-03-01,test
菱智,2026-04-01,test
菱智,2026-05-01,test
菱智,2026-06-01,test
蒙迪欧,2022-01-01,train
蒙迪欧,2022-02-01,train
蒙迪欧,2022-03-01,train
蒙迪欧,2022-04-01,train
蒙迪欧,2022-05-01,train
蒙迪欧,2022-06-01,train
蒙迪欧,2022-07-01,train
蒙迪欧,2022-08-01,train
蒙迪欧,2022-09-01,train
蒙迪欧,2022-10-01,train
蒙迪欧,2022-11-01,train
蒙迪欧,2022-12-01,train
蒙迪欧,2023-01-01,train
蒙迪欧,2023-02-01,train
蒙迪欧,2023-03-01,train
蒙迪欧,2023-04-01,train
蒙迪欧,2023-05-01,train
蒙迪欧,2023-06-01,train
蒙迪欧,2023-07-01,train
蒙迪欧,2023-08-01,train
蒙迪欧,2023-09-01,train
蒙迪欧,2023-10-01,train
蒙迪欧,2023-11-01,train
蒙迪欧,2023-12-01,train
蒙迪欧,2024-01-01,train
蒙迪欧,2024-02-01,train
蒙迪欧,2024-03-01,train
蒙迪欧,2024-04-01,train
蒙迪欧,2024-05-01,train
蒙迪欧,2024-06-01,train
蒙迪欧,2024-07-01,train
蒙迪欧,2024-08-01,train
蒙迪欧,2024-09-01,train
蒙迪欧,2024-10-01,train
蒙迪欧,2024-11-01,train
蒙迪欧,2024-12-01,train
蒙迪欧,2025-01-01,train
蒙迪欧,2025-02-01,train
蒙迪欧,2025-03-01,train
蒙迪欧,2025-04-01,train
蒙迪欧,2025-05-01,train
蒙迪欧,2025-06-01,train
蒙迪欧,2025-07-01,val
蒙迪欧,2025-08-01,val
蒙迪欧,2025-09-01,val
蒙迪欧,2025-10-01,val
蒙迪欧,2025-11-01,val
蒙迪欧,2025-12-01,val
蒙迪欧,2026-01-01,test
蒙迪欧,2026-02-01,test
蒙迪欧,2026-03-01,test
蒙迪欧,2026-04-01,test
蒙迪欧,2026-05-01,test
蒙迪欧,2026-06-01,test
蔚来ET5,2022-01-01,train
蔚来ET5,2022-02-01,train
蔚来ET5,2022-03-01,train
蔚来ET5,2022-04-01,train
蔚来ET5,2022-05-01,train
蔚来ET5,2022-06-01,train
蔚来ET5,2022-07-01,train
蔚来ET5,2022-08-01,train
蔚来ET5,2022-09-01,train
蔚来ET5,2022-10-01,train
蔚来ET5,2022-11-01,train
蔚来ET5,2022-12-01,train
蔚来ET5,2023-01-01,train
蔚来ET5,2023-02-01,train
蔚来ET5,2023-03-01,train
蔚来ET5,2023-04-01,train
蔚来ET5,2023-05-01,train
蔚来ET5,2023-06-01,train
蔚来ET5,2023-07-01,train
蔚来ET5,2023-08-01,train
蔚来ET5,2023-09-01,train
蔚来ET5,2023-10-01,train
蔚来ET5,2023-11-01,train
蔚来ET5,2023-12-01,train
蔚来ET5,2024-01-01,train
蔚来ET5,2024-02-01,train
蔚来ET5,2024-03-01,train
蔚来ET5,2024-04-01,train
蔚来ET5,2024-05-01,train
蔚来ET5,2024-06-01,train
蔚来ET5,2024-07-01,train
蔚来ET5,2024-08-01,train
蔚来ET5,2024-09-01,train
蔚来ET5,2024-10-01,train
蔚来ET5,2024-11-01,train
蔚来ET5,2024-12-01,train
蔚来ET5,2025-01-01,train
蔚来ET5,2025-02-01,train
蔚来ET5,2025-03-01,train
蔚来ET5,2025-04-01,train
蔚来ET5,2025-05-01,train
蔚来ET5,2025-06-01,train
蔚来ET5,2025-07-01,val
蔚来ET5,2025-08-01,val
蔚来ET5,2025-09-01,val
蔚来ET5,2025-10-01,val
蔚来ET5,2025-11-01,val
蔚来ET5,2025-12-01,val
蔚来ET5,2026-01-01,test
蔚来ET5,2026-02-01,test
蔚来ET5,2026-03-01,test
蔚来ET5,2026-04-01,test
蔚来ET5,2026-05-01,test
蔚来ET5,2026-06-01,test
蔚来ET5T,2022-01-01,train
蔚来ET5T,2022-02-01,train
蔚来ET5T,2022-03-01,train
蔚来ET5T,2022-04-01,train
蔚来ET5T,2022-05-01,train
蔚来ET5T,2022-06-01,train
蔚来ET5T,2022-07-01,train
蔚来ET5T,2022-08-01,train
蔚来ET5T,2022-09-01,train
蔚来ET5T,2022-10-01,train
蔚来ET5T,2022-11-01,train
蔚来ET5T,2022-12-01,train
蔚来ET5T,2023-01-01,train
蔚来ET5T,2023-02-01,train
蔚来ET5T,2023-03-01,train
蔚来ET5T,2023-04-01,train
蔚来ET5T,2023-05-01,train
蔚来ET5T,2023-06-01,train
蔚来ET5T,2023-07-01,train
蔚来ET5T,2023-08-01,train
蔚来ET5T,2023-09-01,train
蔚来ET5T,2023-10-01,train
蔚来ET5T,2023-11-01,train
蔚来ET5T,2023-12-01,train
蔚来ET5T,2024-01-01,train
蔚来ET5T,2024-02-01,train
蔚来ET5T,2024-03-01,train
蔚来ET5T,2024-04-01,train
蔚来ET5T,2024-05-01,train
蔚来ET5T,2024-06-01,train
蔚来ET5T,2024-07-01,train
蔚来ET5T,2024-08-01,train
蔚来ET5T,2024-09-01,train
蔚来ET5T,2024-10-01,train
蔚来ET5T,2024-11-01,train
蔚来ET5T,2024-12-01,train
蔚来ET5T,2025-01-01,train
蔚来ET5T,2025-02-01,train
蔚来ET5T,2025-03-01,train
蔚来ET5T,2025-04-01,train
蔚来ET5T,2025-05-01,train
蔚来ET5T,2025-06-01,train
蔚来ET5T,2025-07-01,val
蔚来ET5T,2025-08-01,val
蔚来ET5T,2025-09-01,val
蔚来ET5T,2025-10-01,val
蔚来ET5T,2025-11-01,val
蔚来ET5T,2025-12-01,val
蔚来ET5T,2026-01-01,test
蔚来ET5T,2026-02-01,test
蔚来ET5T,2026-03-01,test
蔚来ET5T,2026-04-01,test
蔚来ET5T,2026-05-01,test
蔚来ET5T,2026-06-01,test
蔚来ET7,2022-01-01,train
蔚来ET7,2022-02-01,train
蔚来ET7,2022-03-01,train
蔚来ET7,2022-04-01,train
蔚来ET7,2022-05-01,train
蔚来ET7,2022-06-01,train
蔚来ET7,2022-07-01,train
蔚来ET7,2022-08-01,train
蔚来ET7,2022-09-01,train
蔚来ET7,2022-10-01,train
蔚来ET7,2022-11-01,train
蔚来ET7,2022-12-01,train
蔚来ET7,2023-01-01,train
蔚来ET7,2023-02-01,train
蔚来ET7,2023-03-01,train
蔚来ET7,2023-04-01,train
蔚来ET7,2023-05-01,train
蔚来ET7,2023-06-01,train
蔚来ET7,2023-07-01,train
蔚来ET7,2023-08-01,train
蔚来ET7,2023-09-01,train
蔚来ET7,2023-10-01,train
蔚来ET7,2023-11-01,train
蔚来ET7,2023-12-01,train
蔚来ET7,2024-01-01,train
蔚来ET7,2024-02-01,train
蔚来ET7,2024-03-01,train
蔚来ET7,2024-04-01,train
蔚来ET7,2024-05-01,train
蔚来ET7,2024-06-01,train
蔚来ET7,2024-07-01,train
蔚来ET7,2024-08-01,train
蔚来ET7,2024-09-01,train
蔚来ET7,2024-10-01,train
蔚来ET7,2024-11-01,train
蔚来ET7,2024-12-01,train
蔚来ET7,2025-01-01,train
蔚来ET7,2025-02-01,train
蔚来ET7,2025-03-01,train
蔚来ET7,2025-04-01,train
蔚来ET7,2025-05-01,train
蔚来ET7,2025-06-01,train
蔚来ET7,2025-07-01,val
蔚来ET7,2025-08-01,val
蔚来ET7,2025-09-01,val
蔚来ET7,2025-10-01,val
蔚来ET7,2025-11-01,val
蔚来ET7,2025-12-01,val
蔚来ET7,2026-01-01,test
蔚来ET7,2026-02-01,test
蔚来ET7,2026-03-01,test
蔚来ET7,2026-04-01,test
蔚来ET7,2026-05-01,test
蔚来ET7,2026-06-01,test
蔚来ET9,2022-01-01,train
蔚来ET9,2022-02-01,train
蔚来ET9,2022-03-01,train
蔚来ET9,2022-04-01,train
蔚来ET9,2022-05-01,train
蔚来ET9,2022-06-01,train
蔚来ET9,2022-07-01,train
蔚来ET9,2022-08-01,train
蔚来ET9,2022-09-01,train
蔚来ET9,2022-10-01,train
蔚来ET9,2022-11-01,train
蔚来ET9,2022-12-01,train
蔚来ET9,2023-01-01,train
蔚来ET9,2023-02-01,train
蔚来ET9,2023-03-01,train
蔚来ET9,2023-04-01,train
蔚来ET9,2023-05-01,train
蔚来ET9,2023-06-01,train
蔚来ET9,2023-07-01,train
蔚来ET9,2023-08-01,train
蔚来ET9,2023-09-01,train
蔚来ET9,2023-10-01,train
蔚来ET9,2023-11-01,train
蔚来ET9,2023-12-01,train
蔚来ET9,2024-01-01,train
蔚来ET9,2024-02-01,train
蔚来ET9,2024-03-01,train
蔚来ET9,2024-04-01,train
蔚来ET9,2024-05-01,train
蔚来ET9,2024-06-01,train
蔚来ET9,2024-07-01,train
蔚来ET9,2024-08-01,train
蔚来ET9,2024-09-01,train
蔚来ET9,2024-10-01,train
蔚来ET9,2024-11-01,train
蔚来ET9,2024-12-01,train
蔚来ET9,2025-01-01,train
蔚来ET9,2025-02-01,train
蔚来ET9,2025-03-01,train
蔚来ET9,2025-04-01,train
蔚来ET9,2025-05-01,train
蔚来ET9,2025-06-01,train
蔚来ET9,2025-07-01,val
蔚来ET9,2025-08-01,val
蔚来ET9,2025-09-01,val
蔚来ET9,2025-10-01,val
蔚来ET9,2025-11-01,val
蔚来ET9,2025-12-01,val
蔚来ET9,2026-01-01,test
蔚来ET9,2026-02-01,test
蔚来ET9,2026-03-01,test
蔚来ET9,2026-04-01,test
蔚来ET9,2026-05-01,test
蔚来ET9,2026-06-01,test
豪越L,2022-01-01,train
豪越L,2022-02-01,train
豪越L,2022-03-01,train
豪越L,2022-04-01,train
豪越L,2022-05-01,train
豪越L,2022-06-01,train
豪越L,2022-07-01,train
豪越L,2022-08-01,train
豪越L,2022-09-01,train
豪越L,2022-10-01,train
豪越L,2022-11-01,train
豪越L,2022-12-01,train
豪越L,2023-01-01,train
豪越L,2023-02-01,train
豪越L,2023-03-01,train
豪越L,2023-04-01,train
豪越L,2023-05-01,train
豪越L,2023-06-01,train
豪越L,2023-07-01,train
豪越L,2023-08-01,train
豪越L,2023-09-01,train
豪越L,2023-10-01,train
豪越L,2023-11-01,train
豪越L,2023-12-01,train
豪越L,2024-01-01,train
豪越L,2024-02-01,train
豪越L,2024-03-01,train
豪越L,2024-04-01,train
豪越L,2024-05-01,train
豪越L,2024-06-01,train
豪越L,2024-07-01,train
豪越L,2024-08-01,train
豪越L,2024-09-01,train
豪越L,2024-10-01,train
豪越L,2024-11-01,train
豪越L,2024-12-01,train
豪越L,2025-01-01,train
豪越L,2025-02-01,train
豪越L,2025-03-01,train
豪越L,2025-04-01,train
豪越L,2025-05-01,train
豪越L,2025-06-01,train
豪越L,2025-07-01,val
豪越L,2025-08-01,val
豪越L,2025-09-01,val
豪越L,2025-10-01,val
豪越L,2025-11-01,val
豪越L,2025-12-01,val
豪越L,2026-01-01,test
豪越L,2026-02-01,test
豪越L,2026-03-01,test
豪越L,2026-04-01,test
豪越L,2026-05-01,test
豪越L,2026-06-01,test
赛图斯,2022-01-01,train
赛图斯,2022-02-01,train
赛图斯,2022-03-01,train
赛图斯,2022-04-01,train
赛图斯,2022-05-01,train
赛图斯,2022-06-01,train
赛图斯,2022-07-01,train
赛图斯,2022-08-01,train
赛图斯,2022-09-01,train
赛图斯,2022-10-01,train
赛图斯,2022-11-01,train
赛图斯,2022-12-01,train
赛图斯,2023-01-01,train
赛图斯,2023-02-01,train
赛图斯,2023-03-01,train
赛图斯,2023-04-01,train
赛图斯,2023-05-01,train
赛图斯,2023-06-01,train
赛图斯,2023-07-01,train
赛图斯,2023-08-01,train
赛图斯,2023-09-01,train
赛图斯,2023-10-01,train
赛图斯,2023-11-01,train
赛图斯,2023-12-01,train
赛图斯,2024-01-01,train
赛图斯,2024-02-01,train
赛图斯,2024-03-01,train
赛图斯,2024-04-01,train
赛图斯,2024-05-01,train
赛图斯,2024-06-01,train
赛图斯,2024-07-01,train
赛图斯,2024-08-01,train
赛图斯,2024-09-01,train
赛图斯,2024-10-01,train
赛图斯,2024-11-01,train
赛图斯,2024-12-01,train
赛图斯,2025-01-01,train
赛图斯,2025-02-01,train
赛图斯,2025-03-01,train
赛图斯,2025-04-01,train
赛图斯,2025-05-01,train
赛图斯,2025-06-01,train
赛图斯,2025-07-01,val
赛图斯,2025-08-01,val
赛图斯,2025-09-01,val
赛图斯,2025-10-01,val
赛图斯,2025-11-01,val
赛图斯,2025-12-01,val
赛图斯,2026-01-01,test
赛图斯,2026-02-01,test
赛图斯,2026-03-01,test
赛图斯,2026-04-01,test
赛图斯,2026-05-01,test
赛图斯,2026-06-01,test
赛那SIENNA,2022-01-01,train
赛那SIENNA,2022-02-01,train
赛那SIENNA,2022-03-01,train
赛那SIENNA,2022-04-01,train
赛那SIENNA,2022-05-01,train
赛那SIENNA,2022-06-01,train
赛那SIENNA,2022-07-01,train
赛那SIENNA,2022-08-01,train
赛那SIENNA,2022-09-01,train
赛那SIENNA,2022-10-01,train
赛那SIENNA,2022-11-01,train
赛那SIENNA,2022-12-01,train
赛那SIENNA,2023-01-01,train
赛那SIENNA,2023-02-01,train
赛那SIENNA,2023-03-01,train
赛那SIENNA,2023-04-01,train
赛那SIENNA,2023-05-01,train
赛那SIENNA,2023-06-01,train
赛那SIENNA,2023-07-01,train
赛那SIENNA,2023-08-01,train
赛那SIENNA,2023-09-01,train
赛那SIENNA,2023-10-01,train
赛那SIENNA,2023-11-01,train
赛那SIENNA,2023-12-01,train
赛那SIENNA,2024-01-01,train
赛那SIENNA,2024-02-01,train
赛那SIENNA,2024-03-01,train
赛那SIENNA,2024-04-01,train
赛那SIENNA,2024-05-01,train
赛那SIENNA,2024-06-01,train
赛那SIENNA,2024-07-01,train
赛那SIENNA,2024-08-01,train
赛那SIENNA,2024-09-01,train
赛那SIENNA,2024-10-01,train
赛那SIENNA,2024-11-01,train
赛那SIENNA,2024-12-01,train
赛那SIENNA,2025-01-01,train
赛那SIENNA,2025-02-01,train
赛那SIENNA,2025-03-01,train
赛那SIENNA,2025-04-01,train
赛那SIENNA,2025-05-01,train
赛那SIENNA,2025-06-01,train
赛那SIENNA,2025-07-01,val
赛那SIENNA,2025-08-01,val
赛那SIENNA,2025-09-01,val
赛那SIENNA,2025-10-01,val
赛那SIENNA,2025-11-01,val
赛那SIENNA,2025-12-01,val
赛那SIENNA,2026-01-01,test
赛那SIENNA,2026-02-01,test
赛那SIENNA,2026-03-01,test
赛那SIENNA,2026-04-01,test
赛那SIENNA,2026-05-01,test
赛那SIENNA,2026-06-01,test
起亚EV5,2022-01-01,train
起亚EV5,2022-02-01,train
起亚EV5,2022-03-01,train
起亚EV5,2022-04-01,train
起亚EV5,2022-05-01,train
起亚EV5,2022-06-01,train
起亚EV5,2022-07-01,train
起亚EV5,2022-08-01,train
起亚EV5,2022-09-01,train
起亚EV5,2022-10-01,train
起亚EV5,2022-11-01,train
起亚EV5,2022-12-01,train
起亚EV5,2023-01-01,train
起亚EV5,2023-02-01,train
起亚EV5,2023-03-01,train
起亚EV5,2023-04-01,train
起亚EV5,2023-05-01,train
起亚EV5,2023-06-01,train
起亚EV5,2023-07-01,train
起亚EV5,2023-08-01,train
起亚EV5,2023-09-01,train
起亚EV5,2023-10-01,train
起亚EV5,2023-11-01,train
起亚EV5,2023-12-01,train
起亚EV5,2024-01-01,train
起亚EV5,2024-02-01,train
起亚EV5,2024-03-01,train
起亚EV5,2024-04-01,train
起亚EV5,2024-05-01,train
起亚EV5,2024-06-01,train
起亚EV5,2024-07-01,train
起亚EV5,2024-08-01,train
起亚EV5,2024-09-01,train
起亚EV5,2024-10-01,train
起亚EV5,2024-11-01,train
起亚EV5,2024-12-01,train
起亚EV5,2025-01-01,train
起亚EV5,2025-02-01,train
起亚EV5,2025-03-01,train
起亚EV5,2025-04-01,train
起亚EV5,2025-05-01,train
起亚EV5,2025-06-01,train
起亚EV5,2025-07-01,val
起亚EV5,2025-08-01,val
起亚EV5,2025-09-01,val
起亚EV5,2025-10-01,val
起亚EV5,2025-11-01,val
起亚EV5,2025-12-01,val
起亚EV5,2026-01-01,test
起亚EV5,2026-02-01,test
起亚EV5,2026-03-01,test
起亚EV5,2026-04-01,test
起亚EV5,2026-05-01,test
起亚EV5,2026-06-01,test
起亚K3,2022-01-01,train
起亚K3,2022-02-01,train
起亚K3,2022-03-01,train
起亚K3,2022-04-01,train
起亚K3,2022-05-01,train
起亚K3,2022-06-01,train
起亚K3,2022-07-01,train
起亚K3,2022-08-01,train
起亚K3,2022-09-01,train
起亚K3,2022-10-01,train
起亚K3,2022-11-01,train
起亚K3,2022-12-01,train
起亚K3,2023-01-01,train
起亚K3,2023-02-01,train
起亚K3,2023-03-01,train
起亚K3,2023-04-01,train
起亚K3,2023-05-01,train
起亚K3,2023-06-01,train
起亚K3,2023-07-01,train
起亚K3,2023-08-01,train
起亚K3,2023-09-01,train
起亚K3,2023-10-01,train
起亚K3,2023-11-01,train
起亚K3,2023-12-01,train
起亚K3,2024-01-01,train
起亚K3,2024-02-01,train
起亚K3,2024-03-01,train
起亚K3,2024-04-01,train
起亚K3,2024-05-01,train
起亚K3,2024-06-01,train
起亚K3,2024-07-01,train
起亚K3,2024-08-01,train
起亚K3,2024-09-01,train
起亚K3,2024-10-01,train
起亚K3,2024-11-01,train
起亚K3,2024-12-01,train
起亚K3,2025-01-01,train
起亚K3,2025-02-01,train
起亚K3,2025-03-01,train
起亚K3,2025-04-01,train
起亚K3,2025-05-01,train
起亚K3,2025-06-01,train
起亚K3,2025-07-01,val
起亚K3,2025-08-01,val
起亚K3,2025-09-01,val
起亚K3,2025-10-01,val
起亚K3,2025-11-01,val
起亚K3,2025-12-01,val
起亚K3,2026-01-01,test
起亚K3,2026-02-01,test
起亚K3,2026-03-01,test
起亚K3,2026-04-01,test
起亚K3,2026-05-01,test
起亚K3,2026-06-01,test
起亚K5凯酷,2022-01-01,train
起亚K5凯酷,2022-02-01,train
起亚K5凯酷,2022-03-01,train
起亚K5凯酷,2022-04-01,train
起亚K5凯酷,2022-05-01,train
起亚K5凯酷,2022-06-01,train
起亚K5凯酷,2022-07-01,train
起亚K5凯酷,2022-08-01,train
起亚K5凯酷,2022-09-01,train
起亚K5凯酷,2022-10-01,train
起亚K5凯酷,2022-11-01,train
起亚K5凯酷,2022-12-01,train
起亚K5凯酷,2023-01-01,train
起亚K5凯酷,2023-02-01,train
起亚K5凯酷,2023-03-01,train
起亚K5凯酷,2023-04-01,train
起亚K5凯酷,2023-05-01,train
起亚K5凯酷,2023-06-01,train
起亚K5凯酷,2023-07-01,train
起亚K5凯酷,2023-08-01,train
起亚K5凯酷,2023-09-01,train
起亚K5凯酷,2023-10-01,train
起亚K5凯酷,2023-11-01,train
起亚K5凯酷,2023-12-01,train
起亚K5凯酷,2024-01-01,train
起亚K5凯酷,2024-02-01,train
起亚K5凯酷,2024-03-01,train
起亚K5凯酷,2024-04-01,train
起亚K5凯酷,2024-05-01,train
起亚K5凯酷,2024-06-01,train
起亚K5凯酷,2024-07-01,train
起亚K5凯酷,2024-08-01,train
起亚K5凯酷,2024-09-01,train
起亚K5凯酷,2024-10-01,train
起亚K5凯酷,2024-11-01,train
起亚K5凯酷,2024-12-01,train
起亚K5凯酷,2025-01-01,train
起亚K5凯酷,2025-02-01,train
起亚K5凯酷,2025-03-01,train
起亚K5凯酷,2025-04-01,train
起亚K5凯酷,2025-05-01,train
起亚K5凯酷,2025-06-01,train
起亚K5凯酷,2025-07-01,val
起亚K5凯酷,2025-08-01,val
起亚K5凯酷,2025-09-01,val
起亚K5凯酷,2025-10-01,val
起亚K5凯酷,2025-11-01,val
起亚K5凯酷,2025-12-01,val
起亚K5凯酷,2026-01-01,test
起亚K5凯酷,2026-02-01,test
起亚K5凯酷,2026-03-01,test
起亚K5凯酷,2026-04-01,test
起亚K5凯酷,2026-05-01,test
起亚K5凯酷,2026-06-01,test
起亚KX3傲跑,2022-01-01,train
起亚KX3傲跑,2022-02-01,train
起亚KX3傲跑,2022-03-01,train
起亚KX3傲跑,2022-04-01,train
起亚KX3傲跑,2022-05-01,train
起亚KX3傲跑,2022-06-01,train
起亚KX3傲跑,2022-07-01,train
起亚KX3傲跑,2022-08-01,train
起亚KX3傲跑,2022-09-01,train
起亚KX3傲跑,2022-10-01,train
起亚KX3傲跑,2022-11-01,train
起亚KX3傲跑,2022-12-01,train
起亚KX3傲跑,2023-01-01,train
起亚KX3傲跑,2023-02-01,train
起亚KX3傲跑,2023-03-01,train
起亚KX3傲跑,2023-04-01,train
起亚KX3傲跑,2023-05-01,train
起亚KX3傲跑,2023-06-01,train
起亚KX3傲跑,2023-07-01,train
起亚KX3傲跑,2023-08-01,train
起亚KX3傲跑,2023-09-01,train
起亚KX3傲跑,2023-10-01,train
起亚KX3傲跑,2023-11-01,train
起亚KX3傲跑,2023-12-01,train
起亚KX3傲跑,2024-01-01,train
起亚KX3傲跑,2024-02-01,train
起亚KX3傲跑,2024-03-01,train
起亚KX3傲跑,2024-04-01,train
起亚KX3傲跑,2024-05-01,train
起亚KX3傲跑,2024-06-01,train
起亚KX3傲跑,2024-07-01,train
起亚KX3傲跑,2024-08-01,train
起亚KX3傲跑,2024-09-01,train
起亚KX3傲跑,2024-10-01,train
起亚KX3傲跑,2024-11-01,train
起亚KX3傲跑,2024-12-01,train
起亚KX3傲跑,2025-01-01,train
起亚KX3傲跑,2025-02-01,train
起亚KX3傲跑,2025-03-01,train
起亚KX3傲跑,2025-04-01,train
起亚KX3傲跑,2025-05-01,train
起亚KX3傲跑,2025-06-01,train
起亚KX3傲跑,2025-07-01,val
起亚KX3傲跑,2025-08-01,val
起亚KX3傲跑,2025-09-01,val
起亚KX3傲跑,2025-10-01,val
起亚KX3傲跑,2025-11-01,val
起亚KX3傲跑,2025-12-01,val
起亚KX3傲跑,2026-01-01,test
起亚KX3傲跑,2026-02-01,test
起亚KX3傲跑,2026-03-01,test
起亚KX3傲跑,2026-04-01,test
起亚KX3傲跑,2026-05-01,test
起亚KX3傲跑,2026-06-01,test
轩度EV,2022-01-01,train
轩度EV,2022-02-01,train
轩度EV,2022-03-01,train
轩度EV,2022-04-01,train
轩度EV,2022-05-01,train
轩度EV,2022-06-01,train
轩度EV,2022-07-01,train
轩度EV,2022-08-01,train
轩度EV,2022-09-01,train
轩度EV,2022-10-01,train
轩度EV,2022-11-01,train
轩度EV,2022-12-01,train
轩度EV,2023-01-01,train
轩度EV,2023-02-01,train
轩度EV,2023-03-01,train
轩度EV,2023-04-01,train
轩度EV,2023-05-01,train
轩度EV,2023-06-01,train
轩度EV,2023-07-01,train
轩度EV,2023-08-01,train
轩度EV,2023-09-01,train
轩度EV,2023-10-01,train
轩度EV,2023-11-01,train
轩度EV,2023-12-01,train
轩度EV,2024-01-01,train
轩度EV,2024-02-01,train
轩度EV,2024-03-01,train
轩度EV,2024-04-01,train
轩度EV,2024-05-01,train
轩度EV,2024-06-01,train
轩度EV,2024-07-01,train
轩度EV,2024-08-01,train
轩度EV,2024-09-01,train
轩度EV,2024-10-01,train
轩度EV,2024-11-01,train
轩度EV,2024-12-01,train
轩度EV,2025-01-01,train
轩度EV,2025-02-01,train
轩度EV,2025-03-01,train
轩度EV,2025-04-01,train
轩度EV,2025-05-01,train
轩度EV,2025-06-01,train
轩度EV,2025-07-01,val
轩度EV,2025-08-01,val
轩度EV,2025-09-01,val
轩度EV,2025-10-01,val
轩度EV,2025-11-01,val
轩度EV,2025-12-01,val
轩度EV,2026-01-01,test
轩度EV,2026-02-01,test
轩度EV,2026-03-01,test
轩度EV,2026-04-01,test
轩度EV,2026-05-01,test
轩度EV,2026-06-01,test
轩逸,2022-01-01,train
轩逸,2022-02-01,train
轩逸,2022-03-01,train
轩逸,2022-04-01,train
轩逸,2022-05-01,train
轩逸,2022-06-01,train
轩逸,2022-07-01,train
轩逸,2022-08-01,train
轩逸,2022-09-01,train
轩逸,2022-10-01,train
轩逸,2022-11-01,train
轩逸,2022-12-01,train
轩逸,2023-01-01,train
轩逸,2023-02-01,train
轩逸,2023-03-01,train
轩逸,2023-04-01,train
轩逸,2023-05-01,train
轩逸,2023-06-01,train
轩逸,2023-07-01,train
轩逸,2023-08-01,train
轩逸,2023-09-01,train
轩逸,2023-10-01,train
轩逸,2023-11-01,train
轩逸,2023-12-01,train
轩逸,2024-01-01,train
轩逸,2024-02-01,train
轩逸,2024-03-01,train
轩逸,2024-04-01,train
轩逸,2024-05-01,train
轩逸,2024-06-01,train
轩逸,2024-07-01,train
轩逸,2024-08-01,train
轩逸,2024-09-01,train
轩逸,2024-10-01,train
轩逸,2024-11-01,train
轩逸,2024-12-01,train
轩逸,2025-01-01,train
轩逸,2025-02-01,train
轩逸,2025-03-01,train
轩逸,2025-04-01,train
轩逸,2025-05-01,train
轩逸,2025-06-01,train
轩逸,2025-07-01,val
轩逸,2025-08-01,val
轩逸,2025-09-01,val
轩逸,2025-10-01,val
轩逸,2025-11-01,val
轩逸,2025-12-01,val
轩逸,2026-01-01,test
轩逸,2026-02-01,test
轩逸,2026-03-01,test
轩逸,2026-04-01,test
轩逸,2026-05-01,test
轩逸,2026-06-01,test
迈腾,2022-01-01,train
迈腾,2022-02-01,train
迈腾,2022-03-01,train
迈腾,2022-04-01,train
迈腾,2022-05-01,train
迈腾,2022-06-01,train
迈腾,2022-07-01,train
迈腾,2022-08-01,train
迈腾,2022-09-01,train
迈腾,2022-10-01,train
迈腾,2022-11-01,train
迈腾,2022-12-01,train
迈腾,2023-01-01,train
迈腾,2023-02-01,train
迈腾,2023-03-01,train
迈腾,2023-04-01,train
迈腾,2023-05-01,train
迈腾,2023-06-01,train
迈腾,2023-07-01,train
迈腾,2023-08-01,train
迈腾,2023-09-01,train
迈腾,2023-10-01,train
迈腾,2023-11-01,train
迈腾,2023-12-01,train
迈腾,2024-01-01,train
迈腾,2024-02-01,train
迈腾,2024-03-01,train
迈腾,2024-04-01,train
迈腾,2024-05-01,train
迈腾,2024-06-01,train
迈腾,2024-07-01,train
迈腾,2024-08-01,train
迈腾,2024-09-01,train
迈腾,2024-10-01,train
迈腾,2024-11-01,train
迈腾,2024-12-01,train
迈腾,2025-01-01,train
迈腾,2025-02-01,train
迈腾,2025-03-01,train
迈腾,2025-04-01,train
迈腾,2025-05-01,train
迈腾,2025-06-01,train
迈腾,2025-07-01,val
迈腾,2025-08-01,val
迈腾,2025-09-01,val
迈腾,2025-10-01,val
迈腾,2025-11-01,val
迈腾,2025-12-01,val
迈腾,2026-01-01,test
迈腾,2026-02-01,test
迈腾,2026-03-01,test
迈腾,2026-04-01,test
迈腾,2026-05-01,test
迈腾,2026-06-01,test
迈腾PHEV,2022-01-01,train
迈腾PHEV,2022-02-01,train
迈腾PHEV,2022-03-01,train
迈腾PHEV,2022-04-01,train
迈腾PHEV,2022-05-01,train
迈腾PHEV,2022-06-01,train
迈腾PHEV,2022-07-01,train
迈腾PHEV,2022-08-01,train
迈腾PHEV,2022-09-01,train
迈腾PHEV,2022-10-01,train
迈腾PHEV,2022-11-01,train
迈腾PHEV,2022-12-01,train
迈腾PHEV,2023-01-01,train
迈腾PHEV,2023-02-01,train
迈腾PHEV,2023-03-01,train
迈腾PHEV,2023-04-01,train
迈腾PHEV,2023-05-01,train
迈腾PHEV,2023-06-01,train
迈腾PHEV,2023-07-01,train
迈腾PHEV,2023-08-01,train
迈腾PHEV,2023-09-01,train
迈腾PHEV,2023-10-01,train
迈腾PHEV,2023-11-01,train
迈腾PHEV,2023-12-01,train
迈腾PHEV,2024-01-01,train
迈腾PHEV,2024-02-01,train
迈腾PHEV,2024-03-01,train
迈腾PHEV,2024-04-01,train
迈腾PHEV,2024-05-01,train
迈腾PHEV,2024-06-01,train
迈腾PHEV,2024-07-01,train
迈腾PHEV,2024-08-01,train
迈腾PHEV,2024-09-01,train
迈腾PHEV,2024-10-01,train
迈腾PHEV,2024-11-01,train
迈腾PHEV,2024-12-01,train
迈腾PHEV,2025-01-01,train
迈腾PHEV,2025-02-01,train
迈腾PHEV,2025-03-01,train
迈腾PHEV,2025-04-01,train
迈腾PHEV,2025-05-01,train
迈腾PHEV,2025-06-01,train
迈腾PHEV,2025-07-01,val
迈腾PHEV,2025-08-01,val
迈腾PHEV,2025-09-01,val
迈腾PHEV,2025-10-01,val
迈腾PHEV,2025-11-01,val
迈腾PHEV,2025-12-01,val
迈腾PHEV,2026-01-01,test
迈腾PHEV,2026-02-01,test
迈腾PHEV,2026-03-01,test
迈腾PHEV,2026-04-01,test
迈腾PHEV,2026-05-01,test
迈腾PHEV,2026-06-01,test
迈锐宝XL,2022-01-01,train
迈锐宝XL,2022-02-01,train
迈锐宝XL,2022-03-01,train
迈锐宝XL,2022-04-01,train
迈锐宝XL,2022-05-01,train
迈锐宝XL,2022-06-01,train
迈锐宝XL,2022-07-01,train
迈锐宝XL,2022-08-01,train
迈锐宝XL,2022-09-01,train
迈锐宝XL,2022-10-01,train
迈锐宝XL,2022-11-01,train
迈锐宝XL,2022-12-01,train
迈锐宝XL,2023-01-01,train
迈锐宝XL,2023-02-01,train
迈锐宝XL,2023-03-01,train
迈锐宝XL,2023-04-01,train
迈锐宝XL,2023-05-01,train
迈锐宝XL,2023-06-01,train
迈锐宝XL,2023-07-01,train
迈锐宝XL,2023-08-01,train
迈锐宝XL,2023-09-01,train
迈锐宝XL,2023-10-01,train
迈锐宝XL,2023-11-01,train
迈锐宝XL,2023-12-01,train
迈锐宝XL,2024-01-01,train
迈锐宝XL,2024-02-01,train
迈锐宝XL,2024-03-01,train
迈锐宝XL,2024-04-01,train
迈锐宝XL,2024-05-01,train
迈锐宝XL,2024-06-01,train
迈锐宝XL,2024-07-01,train
迈锐宝XL,2024-08-01,train
迈锐宝XL,2024-09-01,train
迈锐宝XL,2024-10-01,train
迈锐宝XL,2024-11-01,train
迈锐宝XL,2024-12-01,train
迈锐宝XL,2025-01-01,train
迈锐宝XL,2025-02-01,train
迈锐宝XL,2025-03-01,train
迈锐宝XL,2025-04-01,train
迈锐宝XL,2025-05-01,train
迈锐宝XL,2025-06-01,train
迈锐宝XL,2025-07-01,val
迈锐宝XL,2025-08-01,val
迈锐宝XL,2025-09-01,val
迈锐宝XL,2025-10-01,val
迈锐宝XL,2025-11-01,val
迈锐宝XL,2025-12-01,val
迈锐宝XL,2026-01-01,test
迈锐宝XL,2026-02-01,test
迈锐宝XL,2026-03-01,test
迈锐宝XL,2026-04-01,test
迈锐宝XL,2026-05-01,test
迈锐宝XL,2026-06-01,test
逍客,2022-01-01,train
逍客,2022-02-01,train
逍客,2022-03-01,train
逍客,2022-04-01,train
逍客,2022-05-01,train
逍客,2022-06-01,train
逍客,2022-07-01,train
逍客,2022-08-01,train
逍客,2022-09-01,train
逍客,2022-10-01,train
逍客,2022-11-01,train
逍客,2022-12-01,train
逍客,2023-01-01,train
逍客,2023-02-01,train
逍客,2023-03-01,train
逍客,2023-04-01,train
逍客,2023-05-01,train
逍客,2023-06-01,train
逍客,2023-07-01,train
逍客,2023-08-01,train
逍客,2023-09-01,train
逍客,2023-10-01,train
逍客,2023-11-01,train
逍客,2023-12-01,train
逍客,2024-01-01,train
逍客,2024-02-01,train
逍客,2024-03-01,train
逍客,2024-04-01,train
逍客,2024-05-01,train
逍客,2024-06-01,train
逍客,2024-07-01,train
逍客,2024-08-01,train
逍客,2024-09-01,train
逍客,2024-10-01,train
逍客,2024-11-01,train
逍客,2024-12-01,train
逍客,2025-01-01,train
逍客,2025-02-01,train
逍客,2025-03-01,train
逍客,2025-04-01,train
逍客,2025-05-01,train
逍客,2025-06-01,train
逍客,2025-07-01,val
逍客,2025-08-01,val
逍客,2025-09-01,val
逍客,2025-10-01,val
逍客,2025-11-01,val
逍客,2025-12-01,val
逍客,2026-01-01,test
逍客,2026-02-01,test
逍客,2026-03-01,test
逍客,2026-04-01,test
逍客,2026-05-01,test
逍客,2026-06-01,test
途安,2022-01-01,train
途安,2022-02-01,train
途安,2022-03-01,train
途安,2022-04-01,train
途安,2022-05-01,train
途安,2022-06-01,train
途安,2022-07-01,train
途安,2022-08-01,train
途安,2022-09-01,train
途安,2022-10-01,train
途安,2022-11-01,train
途安,2022-12-01,train
途安,2023-01-01,train
途安,2023-02-01,train
途安,2023-03-01,train
途安,2023-04-01,train
途安,2023-05-01,train
途安,2023-06-01,train
途安,2023-07-01,train
途安,2023-08-01,train
途安,2023-09-01,train
途安,2023-10-01,train
途安,2023-11-01,train
途安,2023-12-01,train
途安,2024-01-01,train
途安,2024-02-01,train
途安,2024-03-01,train
途安,2024-04-01,train
途安,2024-05-01,train
途安,2024-06-01,train
途安,2024-07-01,train
途安,2024-08-01,train
途安,2024-09-01,train
途安,2024-10-01,train
途安,2024-11-01,train
途安,2024-12-01,train
途安,2025-01-01,train
途安,2025-02-01,train
途安,2025-03-01,train
途安,2025-04-01,train
途安,2025-05-01,train
途安,2025-06-01,train
途安,2025-07-01,val
途安,2025-08-01,val
途安,2025-09-01,val
途安,2025-10-01,val
途安,2025-11-01,val
途安,2025-12-01,val
途安,2026-01-01,test
途安,2026-02-01,test
途安,2026-03-01,test
途安,2026-04-01,test
途安,2026-05-01,test
途安,2026-06-01,test
途岳,2022-01-01,train
途岳,2022-02-01,train
途岳,2022-03-01,train
途岳,2022-04-01,train
途岳,2022-05-01,train
途岳,2022-06-01,train
途岳,2022-07-01,train
途岳,2022-08-01,train
途岳,2022-09-01,train
途岳,2022-10-01,train
途岳,2022-11-01,train
途岳,2022-12-01,train
途岳,2023-01-01,train
途岳,2023-02-01,train
途岳,2023-03-01,train
途岳,2023-04-01,train
途岳,2023-05-01,train
途岳,2023-06-01,train
途岳,2023-07-01,train
途岳,2023-08-01,train
途岳,2023-09-01,train
途岳,2023-10-01,train
途岳,2023-11-01,train
途岳,2023-12-01,train
途岳,2024-01-01,train
途岳,2024-02-01,train
途岳,2024-03-01,train
途岳,2024-04-01,train
途岳,2024-05-01,train
途岳,2024-06-01,train
途岳,2024-07-01,train
途岳,2024-08-01,train
途岳,2024-09-01,train
途岳,2024-10-01,train
途岳,2024-11-01,train
途岳,2024-12-01,train
途岳,2025-01-01,train
途岳,2025-02-01,train
途岳,2025-03-01,train
途岳,2025-04-01,train
途岳,2025-05-01,train
途岳,2025-06-01,train
途岳,2025-07-01,val
途岳,2025-08-01,val
途岳,2025-09-01,val
途岳,2025-10-01,val
途岳,2025-11-01,val
途岳,2025-12-01,val
途岳,2026-01-01,test
途岳,2026-02-01,test
途岳,2026-03-01,test
途岳,2026-04-01,test
途岳,2026-05-01,test
途岳,2026-06-01,test
途昂,2022-01-01,train
途昂,2022-02-01,train
途昂,2022-03-01,train
途昂,2022-04-01,train
途昂,2022-05-01,train
途昂,2022-06-01,train
途昂,2022-07-01,train
途昂,2022-08-01,train
途昂,2022-09-01,train
途昂,2022-10-01,train
途昂,2022-11-01,train
途昂,2022-12-01,train
途昂,2023-01-01,train
途昂,2023-02-01,train
途昂,2023-03-01,train
途昂,2023-04-01,train
途昂,2023-05-01,train
途昂,2023-06-01,train
途昂,2023-07-01,train
途昂,2023-08-01,train
途昂,2023-09-01,train
途昂,2023-10-01,train
途昂,2023-11-01,train
途昂,2023-12-01,train
途昂,2024-01-01,train
途昂,2024-02-01,train
途昂,2024-03-01,train
途昂,2024-04-01,train
途昂,2024-05-01,train
途昂,2024-06-01,train
途昂,2024-07-01,train
途昂,2024-08-01,train
途昂,2024-09-01,train
途昂,2024-10-01,train
途昂,2024-11-01,train
途昂,2024-12-01,train
途昂,2025-01-01,train
途昂,2025-02-01,train
途昂,2025-03-01,train
途昂,2025-04-01,train
途昂,2025-05-01,train
途昂,2025-06-01,train
途昂,2025-07-01,val
途昂,2025-08-01,val
途昂,2025-09-01,val
途昂,2025-10-01,val
途昂,2025-11-01,val
途昂,2025-12-01,val
途昂,2026-01-01,test
途昂,2026-02-01,test
途昂,2026-03-01,test
途昂,2026-04-01,test
途昂,2026-05-01,test
途昂,2026-06-01,test
途胜L,2022-01-01,train
途胜L,2022-02-01,train
途胜L,2022-03-01,train
途胜L,2022-04-01,train
途胜L,2022-05-01,train
途胜L,2022-06-01,train
途胜L,2022-07-01,train
途胜L,2022-08-01,train
途胜L,2022-09-01,train
途胜L,2022-10-01,train
途胜L,2022-11-01,train
途胜L,2022-12-01,train
途胜L,2023-01-01,train
途胜L,2023-02-01,train
途胜L,2023-03-01,train
途胜L,2023-04-01,train
途胜L,2023-05-01,train
途胜L,2023-06-01,train
途胜L,2023-07-01,train
途胜L,2023-08-01,train
途胜L,2023-09-01,train
途胜L,2023-10-01,train
途胜L,2023-11-01,train
途胜L,2023-12-01,train
途胜L,2024-01-01,train
途胜L,2024-02-01,train
途胜L,2024-03-01,train
途胜L,2024-04-01,train
途胜L,2024-05-01,train
途胜L,2024-06-01,train
途胜L,2024-07-01,train
途胜L,2024-08-01,train
途胜L,2024-09-01,train
途胜L,2024-10-01,train
途胜L,2024-11-01,train
途胜L,2024-12-01,train
途胜L,2025-01-01,train
途胜L,2025-02-01,train
途胜L,2025-03-01,train
途胜L,2025-04-01,train
途胜L,2025-05-01,train
途胜L,2025-06-01,train
途胜L,2025-07-01,val
途胜L,2025-08-01,val
途胜L,2025-09-01,val
途胜L,2025-10-01,val
途胜L,2025-11-01,val
途胜L,2025-12-01,val
途胜L,2026-01-01,test
途胜L,2026-02-01,test
途胜L,2026-03-01,test
途胜L,2026-04-01,test
途胜L,2026-05-01,test
途胜L,2026-06-01,test
途观L,2022-01-01,train
途观L,2022-02-01,train
途观L,2022-03-01,train
途观L,2022-04-01,train
途观L,2022-05-01,train
途观L,2022-06-01,train
途观L,2022-07-01,train
途观L,2022-08-01,train
途观L,2022-09-01,train
途观L,2022-10-01,train
途观L,2022-11-01,train
途观L,2022-12-01,train
途观L,2023-01-01,train
途观L,2023-02-01,train
途观L,2023-03-01,train
途观L,2023-04-01,train
途观L,2023-05-01,train
途观L,2023-06-01,train
途观L,2023-07-01,train
途观L,2023-08-01,train
途观L,2023-09-01,train
途观L,2023-10-01,train
途观L,2023-11-01,train
途观L,2023-12-01,train
途观L,2024-01-01,train
途观L,2024-02-01,train
途观L,2024-03-01,train
途观L,2024-04-01,train
途观L,2024-05-01,train
途观L,2024-06-01,train
途观L,2024-07-01,train
途观L,2024-08-01,train
途观L,2024-09-01,train
途观L,2024-10-01,train
途观L,2024-11-01,train
途观L,2024-12-01,train
途观L,2025-01-01,train
途观L,2025-02-01,train
途观L,2025-03-01,train
途观L,2025-04-01,train
途观L,2025-05-01,train
途观L,2025-06-01,train
途观L,2025-07-01,val
途观L,2025-08-01,val
途观L,2025-09-01,val
途观L,2025-10-01,val
途观L,2025-11-01,val
途观L,2025-12-01,val
途观L,2026-01-01,test
途观L,2026-02-01,test
途观L,2026-03-01,test
途观L,2026-04-01,test
途观L,2026-05-01,test
途观L,2026-06-01,test
途观L新能源,2022-01-01,train
途观L新能源,2022-02-01,train
途观L新能源,2022-03-01,train
途观L新能源,2022-04-01,train
途观L新能源,2022-05-01,train
途观L新能源,2022-06-01,train
途观L新能源,2022-07-01,train
途观L新能源,2022-08-01,train
途观L新能源,2022-09-01,train
途观L新能源,2022-10-01,train
途观L新能源,2022-11-01,train
途观L新能源,2022-12-01,train
途观L新能源,2023-01-01,train
途观L新能源,2023-02-01,train
途观L新能源,2023-03-01,train
途观L新能源,2023-04-01,train
途观L新能源,2023-05-01,train
途观L新能源,2023-06-01,train
途观L新能源,2023-07-01,train
途观L新能源,2023-08-01,train
途观L新能源,2023-09-01,train
途观L新能源,2023-10-01,train
途观L新能源,2023-11-01,train
途观L新能源,2023-12-01,train
途观L新能源,2024-01-01,train
途观L新能源,2024-02-01,train
途观L新能源,2024-03-01,train
途观L新能源,2024-04-01,train
途观L新能源,2024-05-01,train
途观L新能源,2024-06-01,train
途观L新能源,2024-07-01,train
途观L新能源,2024-08-01,train
途观L新能源,2024-09-01,train
途观L新能源,2024-10-01,train
途观L新能源,2024-11-01,train
途观L新能源,2024-12-01,train
途观L新能源,2025-01-01,train
途观L新能源,2025-02-01,train
途观L新能源,2025-03-01,train
途观L新能源,2025-04-01,train
途观L新能源,2025-05-01,train
途观L新能源,2025-06-01,train
途观L新能源,2025-07-01,val
途观L新能源,2025-08-01,val
途观L新能源,2025-09-01,val
途观L新能源,2025-10-01,val
途观L新能源,2025-11-01,val
途观L新能源,2025-12-01,val
途观L新能源,2026-01-01,test
途观L新能源,2026-02-01,test
途观L新能源,2026-03-01,test
途观L新能源,2026-04-01,test
途观L新能源,2026-05-01,test
途观L新能源,2026-06-01,test
速腾,2022-01-01,train
速腾,2022-02-01,train
速腾,2022-03-01,train
速腾,2022-04-01,train
速腾,2022-05-01,train
速腾,2022-06-01,train
速腾,2022-07-01,train
速腾,2022-08-01,train
速腾,2022-09-01,train
速腾,2022-10-01,train
速腾,2022-11-01,train
速腾,2022-12-01,train
速腾,2023-01-01,train
速腾,2023-02-01,train
速腾,2023-03-01,train
速腾,2023-04-01,train
速腾,2023-05-01,train
速腾,2023-06-01,train
速腾,2023-07-01,train
速腾,2023-08-01,train
速腾,2023-09-01,train
速腾,2023-10-01,train
速腾,2023-11-01,train
速腾,2023-12-01,train
速腾,2024-01-01,train
速腾,2024-02-01,train
速腾,2024-03-01,train
速腾,2024-04-01,train
速腾,2024-05-01,train
速腾,2024-06-01,train
速腾,2024-07-01,train
速腾,2024-08-01,train
速腾,2024-09-01,train
速腾,2024-10-01,train
速腾,2024-11-01,train
速腾,2024-12-01,train
速腾,2025-01-01,train
速腾,2025-02-01,train
速腾,2025-03-01,train
速腾,2025-04-01,train
速腾,2025-05-01,train
速腾,2025-06-01,train
速腾,2025-07-01,val
速腾,2025-08-01,val
速腾,2025-09-01,val
速腾,2025-10-01,val
速腾,2025-11-01,val
速腾,2025-12-01,val
速腾,2026-01-01,test
速腾,2026-02-01,test
速腾,2026-03-01,test
速腾,2026-04-01,test
速腾,2026-05-01,test
速腾,2026-06-01,test
逸动,2022-01-01,train
逸动,2022-02-01,train
逸动,2022-03-01,train
逸动,2022-04-01,train
逸动,2022-05-01,train
逸动,2022-06-01,train
逸动,2022-07-01,train
逸动,2022-08-01,train
逸动,2022-09-01,train
逸动,2022-10-01,train
逸动,2022-11-01,train
逸动,2022-12-01,train
逸动,2023-01-01,train
逸动,2023-02-01,train
逸动,2023-03-01,train
逸动,2023-04-01,train
逸动,2023-05-01,train
逸动,2023-06-01,train
逸动,2023-07-01,train
逸动,2023-08-01,train
逸动,2023-09-01,train
逸动,2023-10-01,train
逸动,2023-11-01,train
逸动,2023-12-01,train
逸动,2024-01-01,train
逸动,2024-02-01,train
逸动,2024-03-01,train
逸动,2024-04-01,train
逸动,2024-05-01,train
逸动,2024-06-01,train
逸动,2024-07-01,train
逸动,2024-08-01,train
逸动,2024-09-01,train
逸动,2024-10-01,train
逸动,2024-11-01,train
逸动,2024-12-01,train
逸动,2025-01-01,train
逸动,2025-02-01,train
逸动,2025-03-01,train
逸动,2025-04-01,train
逸动,2025-05-01,train
逸动,2025-06-01,train
逸动,2025-07-01,val
逸动,2025-08-01,val
逸动,2025-09-01,val
逸动,2025-10-01,val
逸动,2025-11-01,val
逸动,2025-12-01,val
逸动,2026-01-01,test
逸动,2026-02-01,test
逸动,2026-03-01,test
逸动,2026-04-01,test
逸动,2026-05-01,test
逸动,2026-06-01,test
钇为3,2022-01-01,train
钇为3,2022-02-01,train
钇为3,2022-03-01,train
钇为3,2022-04-01,train
钇为3,2022-05-01,train
钇为3,2022-06-01,train
钇为3,2022-07-01,train
钇为3,2022-08-01,train
钇为3,2022-09-01,train
钇为3,2022-10-01,train
钇为3,2022-11-01,train
钇为3,2022-12-01,train
钇为3,2023-01-01,train
钇为3,2023-02-01,train
钇为3,2023-03-01,train
钇为3,2023-04-01,train
钇为3,2023-05-01,train
钇为3,2023-06-01,train
钇为3,2023-07-01,train
钇为3,2023-08-01,train
钇为3,2023-09-01,train
钇为3,2023-10-01,train
钇为3,2023-11-01,train
钇为3,2023-12-01,train
钇为3,2024-01-01,train
钇为3,2024-02-01,train
钇为3,2024-03-01,train
钇为3,2024-04-01,train
钇为3,2024-05-01,train
钇为3,2024-06-01,train
钇为3,2024-07-01,train
钇为3,2024-08-01,train
钇为3,2024-09-01,train
钇为3,2024-10-01,train
钇为3,2024-11-01,train
钇为3,2024-12-01,train
钇为3,2025-01-01,train
钇为3,2025-02-01,train
钇为3,2025-03-01,train
钇为3,2025-04-01,train
钇为3,2025-05-01,train
钇为3,2025-06-01,train
钇为3,2025-07-01,val
钇为3,2025-08-01,val
钇为3,2025-09-01,val
钇为3,2025-10-01,val
钇为3,2025-11-01,val
钇为3,2025-12-01,val
钇为3,2026-01-01,test
钇为3,2026-02-01,test
钇为3,2026-03-01,test
钇为3,2026-04-01,test
钇为3,2026-05-01,test
钇为3,2026-06-01,test
铂智3X,2022-01-01,train
铂智3X,2022-02-01,train
铂智3X,2022-03-01,train
铂智3X,2022-04-01,train
铂智3X,2022-05-01,train
铂智3X,2022-06-01,train
铂智3X,2022-07-01,train
铂智3X,2022-08-01,train
铂智3X,2022-09-01,train
铂智3X,2022-10-01,train
铂智3X,2022-11-01,train
铂智3X,2022-12-01,train
铂智3X,2023-01-01,train
铂智3X,2023-02-01,train
铂智3X,2023-03-01,train
铂智3X,2023-04-01,train
铂智3X,2023-05-01,train
铂智3X,2023-06-01,train
铂智3X,2023-07-01,train
铂智3X,2023-08-01,train
铂智3X,2023-09-01,train
铂智3X,2023-10-01,train
铂智3X,2023-11-01,train
铂智3X,2023-12-01,train
铂智3X,2024-01-01,train
铂智3X,2024-02-01,train
铂智3X,2024-03-01,train
铂智3X,2024-04-01,train
铂智3X,2024-05-01,train
铂智3X,2024-06-01,train
铂智3X,2024-07-01,train
铂智3X,2024-08-01,train
铂智3X,2024-09-01,train
铂智3X,2024-10-01,train
铂智3X,2024-11-01,train
铂智3X,2024-12-01,train
铂智3X,2025-01-01,train
铂智3X,2025-02-01,train
铂智3X,2025-03-01,train
铂智3X,2025-04-01,train
铂智3X,2025-05-01,train
铂智3X,2025-06-01,train
铂智3X,2025-07-01,val
铂智3X,2025-08-01,val
铂智3X,2025-09-01,val
铂智3X,2025-10-01,val
铂智3X,2025-11-01,val
铂智3X,2025-12-01,val
铂智3X,2026-01-01,test
铂智3X,2026-02-01,test
铂智3X,2026-03-01,test
铂智3X,2026-04-01,test
铂智3X,2026-05-01,test
铂智3X,2026-06-01,test
铂智4X,2022-01-01,train
铂智4X,2022-02-01,train
铂智4X,2022-03-01,train
铂智4X,2022-04-01,train
铂智4X,2022-05-01,train
铂智4X,2022-06-01,train
铂智4X,2022-07-01,train
铂智4X,2022-08-01,train
铂智4X,2022-09-01,train
铂智4X,2022-10-01,train
铂智4X,2022-11-01,train
铂智4X,2022-12-01,train
铂智4X,2023-01-01,train
铂智4X,2023-02-01,train
铂智4X,2023-03-01,train
铂智4X,2023-04-01,train
铂智4X,2023-05-01,train
铂智4X,2023-06-01,train
铂智4X,2023-07-01,train
铂智4X,2023-08-01,train
铂智4X,2023-09-01,train
铂智4X,2023-10-01,train
铂智4X,2023-11-01,train
铂智4X,2023-12-01,train
铂智4X,2024-01-01,train
铂智4X,2024-02-01,train
铂智4X,2024-03-01,train
铂智4X,2024-04-01,train
铂智4X,2024-05-01,train
铂智4X,2024-06-01,train
铂智4X,2024-07-01,train
铂智4X,2024-08-01,train
铂智4X,2024-09-01,train
铂智4X,2024-10-01,train
铂智4X,2024-11-01,train
铂智4X,2024-12-01,train
铂智4X,2025-01-01,train
铂智4X,2025-02-01,train
铂智4X,2025-03-01,train
铂智4X,2025-04-01,train
铂智4X,2025-05-01,train
铂智4X,2025-06-01,train
铂智4X,2025-07-01,val
铂智4X,2025-08-01,val
铂智4X,2025-09-01,val
铂智4X,2025-10-01,val
铂智4X,2025-11-01,val
铂智4X,2025-12-01,val
铂智4X,2026-01-01,test
铂智4X,2026-02-01,test
铂智4X,2026-03-01,test
铂智4X,2026-04-01,test
铂智4X,2026-05-01,test
铂智4X,2026-06-01,test
铂智7,2022-01-01,train
铂智7,2022-02-01,train
铂智7,2022-03-01,train
铂智7,2022-04-01,train
铂智7,2022-05-01,train
铂智7,2022-06-01,train
铂智7,2022-07-01,train
铂智7,2022-08-01,train
铂智7,2022-09-01,train
铂智7,2022-10-01,train
铂智7,2022-11-01,train
铂智7,2022-12-01,train
铂智7,2023-01-01,train
铂智7,2023-02-01,train
铂智7,2023-03-01,train
铂智7,2023-04-01,train
铂智7,2023-05-01,train
铂智7,2023-06-01,train
铂智7,2023-07-01,train
铂智7,2023-08-01,train
铂智7,2023-09-01,train
铂智7,2023-10-01,train
铂智7,2023-11-01,train
铂智7,2023-12-01,train
铂智7,2024-01-01,train
铂智7,2024-02-01,train
铂智7,2024-03-01,train
铂智7,2024-04-01,train
铂智7,2024-05-01,train
铂智7,2024-06-01,train
铂智7,2024-07-01,train
铂智7,2024-08-01,train
铂智7,2024-09-01,train
铂智7,2024-10-01,train
铂智7,2024-11-01,train
铂智7,2024-12-01,train
铂智7,2025-01-01,train
铂智7,2025-02-01,train
铂智7,2025-03-01,train
铂智7,2025-04-01,train
铂智7,2025-05-01,train
铂智7,2025-06-01,train
铂智7,2025-07-01,val
铂智7,2025-08-01,val
铂智7,2025-09-01,val
铂智7,2025-10-01,val
铂智7,2025-11-01,val
铂智7,2025-12-01,val
铂智7,2026-01-01,test
铂智7,2026-02-01,test
铂智7,2026-03-01,test
铂智7,2026-04-01,test
铂智7,2026-05-01,test
铂智7,2026-06-01,test
银河E8,2022-01-01,train
银河E8,2022-02-01,train
银河E8,2022-03-01,train
银河E8,2022-04-01,train
银河E8,2022-05-01,train
银河E8,2022-06-01,train
银河E8,2022-07-01,train
银河E8,2022-08-01,train
银河E8,2022-09-01,train
银河E8,2022-10-01,train
银河E8,2022-11-01,train
银河E8,2022-12-01,train
银河E8,2023-01-01,train
银河E8,2023-02-01,train
银河E8,2023-03-01,train
银河E8,2023-04-01,train
银河E8,2023-05-01,train
银河E8,2023-06-01,train
银河E8,2023-07-01,train
银河E8,2023-08-01,train
银河E8,2023-09-01,train
银河E8,2023-10-01,train
银河E8,2023-11-01,train
银河E8,2023-12-01,train
银河E8,2024-01-01,train
银河E8,2024-02-01,train
银河E8,2024-03-01,train
银河E8,2024-04-01,train
银河E8,2024-05-01,train
银河E8,2024-06-01,train
银河E8,2024-07-01,train
银河E8,2024-08-01,train
银河E8,2024-09-01,train
银河E8,2024-10-01,train
银河E8,2024-11-01,train
银河E8,2024-12-01,train
银河E8,2025-01-01,train
银河E8,2025-02-01,train
银河E8,2025-03-01,train
银河E8,2025-04-01,train
银河E8,2025-05-01,train
银河E8,2025-06-01,train
银河E8,2025-07-01,val
银河E8,2025-08-01,val
银河E8,2025-09-01,val
银河E8,2025-10-01,val
银河E8,2025-11-01,val
银河E8,2025-12-01,val
银河E8,2026-01-01,test
银河E8,2026-02-01,test
银河E8,2026-03-01,test
银河E8,2026-04-01,test
银河E8,2026-05-01,test
银河E8,2026-06-01,test
银河V900,2022-01-01,train
银河V900,2022-02-01,train
银河V900,2022-03-01,train
银河V900,2022-04-01,train
银河V900,2022-05-01,train
银河V900,2022-06-01,train
银河V900,2022-07-01,train
银河V900,2022-08-01,train
银河V900,2022-09-01,train
银河V900,2022-10-01,train
银河V900,2022-11-01,train
银河V900,2022-12-01,train
银河V900,2023-01-01,train
银河V900,2023-02-01,train
银河V900,2023-03-01,train
银河V900,2023-04-01,train
银河V900,2023-05-01,train
银河V900,2023-06-01,train
银河V900,2023-07-01,train
银河V900,2023-08-01,train
银河V900,2023-09-01,train
银河V900,2023-10-01,train
银河V900,2023-11-01,train
银河V900,2023-12-01,train
银河V900,2024-01-01,train
银河V900,2024-02-01,train
银河V900,2024-03-01,train
银河V900,2024-04-01,train
银河V900,2024-05-01,train
银河V900,2024-06-01,train
银河V900,2024-07-01,train
银河V900,2024-08-01,train
银河V900,2024-09-01,train
银河V900,2024-10-01,train
银河V900,2024-11-01,train
银河V900,2024-12-01,train
银河V900,2025-01-01,train
银河V900,2025-02-01,train
银河V900,2025-03-01,train
银河V900,2025-04-01,train
银河V900,2025-05-01,train
银河V900,2025-06-01,train
银河V900,2025-07-01,val
银河V900,2025-08-01,val
银河V900,2025-09-01,val
银河V900,2025-10-01,val
银河V900,2025-11-01,val
银河V900,2025-12-01,val
银河V900,2026-01-01,test
银河V900,2026-02-01,test
银河V900,2026-03-01,test
银河V900,2026-04-01,test
银河V900,2026-05-01,test
银河V900,2026-06-01,test
银河星耀6,2022-01-01,train
银河星耀6,2022-02-01,train
银河星耀6,2022-03-01,train
银河星耀6,2022-04-01,train
银河星耀6,2022-05-01,train
银河星耀6,2022-06-01,train
银河星耀6,2022-07-01,train
银河星耀6,2022-08-01,train
银河星耀6,2022-09-01,train
银河星耀6,2022-10-01,train
银河星耀6,2022-11-01,train
银河星耀6,2022-12-01,train
银河星耀6,2023-01-01,train
银河星耀6,2023-02-01,train
银河星耀6,2023-03-01,train
银河星耀6,2023-04-01,train
银河星耀6,2023-05-01,train
银河星耀6,2023-06-01,train
银河星耀6,2023-07-01,train
银河星耀6,2023-08-01,train
银河星耀6,2023-09-01,train
银河星耀6,2023-10-01,train
银河星耀6,2023-11-01,train
银河星耀6,2023-12-01,train
银河星耀6,2024-01-01,train
银河星耀6,2024-02-01,train
银河星耀6,2024-03-01,train
银河星耀6,2024-04-01,train
银河星耀6,2024-05-01,train
银河星耀6,2024-06-01,train
银河星耀6,2024-07-01,train
银河星耀6,2024-08-01,train
银河星耀6,2024-09-01,train
银河星耀6,2024-10-01,train
银河星耀6,2024-11-01,train
银河星耀6,2024-12-01,train
银河星耀6,2025-01-01,train
银河星耀6,2025-02-01,train
银河星耀6,2025-03-01,train
银河星耀6,2025-04-01,train
银河星耀6,2025-05-01,train
银河星耀6,2025-06-01,train
银河星耀6,2025-07-01,val
银河星耀6,2025-08-01,val
银河星耀6,2025-09-01,val
银河星耀6,2025-10-01,val
银河星耀6,2025-11-01,val
银河星耀6,2025-12-01,val
银河星耀6,2026-01-01,test
银河星耀6,2026-02-01,test
银河星耀6,2026-03-01,test
银河星耀6,2026-04-01,test
银河星耀6,2026-05-01,test
银河星耀6,2026-06-01,test
银河星耀7,2022-01-01,train
银河星耀7,2022-02-01,train
银河星耀7,2022-03-01,train
银河星耀7,2022-04-01,train
银河星耀7,2022-05-01,train
银河星耀7,2022-06-01,train
银河星耀7,2022-07-01,train
银河星耀7,2022-08-01,train
银河星耀7,2022-09-01,train
银河星耀7,2022-10-01,train
银河星耀7,2022-11-01,train
银河星耀7,2022-12-01,train
银河星耀7,2023-01-01,train
银河星耀7,2023-02-01,train
银河星耀7,2023-03-01,train
银河星耀7,2023-04-01,train
银河星耀7,2023-05-01,train
银河星耀7,2023-06-01,train
银河星耀7,2023-07-01,train
银河星耀7,2023-08-01,train
银河星耀7,2023-09-01,train
银河星耀7,2023-10-01,train
银河星耀7,2023-11-01,train
银河星耀7,2023-12-01,train
银河星耀7,2024-01-01,train
银河星耀7,2024-02-01,train
银河星耀7,2024-03-01,train
银河星耀7,2024-04-01,train
银河星耀7,2024-05-01,train
银河星耀7,2024-06-01,train
银河星耀7,2024-07-01,train
银河星耀7,2024-08-01,train
银河星耀7,2024-09-01,train
银河星耀7,2024-10-01,train
银河星耀7,2024-11-01,train
银河星耀7,2024-12-01,train
银河星耀7,2025-01-01,train
银河星耀7,2025-02-01,train
银河星耀7,2025-03-01,train
银河星耀7,2025-04-01,train
银河星耀7,2025-05-01,train
银河星耀7,2025-06-01,train
银河星耀7,2025-07-01,val
银河星耀7,2025-08-01,val
银河星耀7,2025-09-01,val
银河星耀7,2025-10-01,val
银河星耀7,2025-11-01,val
银河星耀7,2025-12-01,val
银河星耀7,2026-01-01,test
银河星耀7,2026-02-01,test
银河星耀7,2026-03-01,test
银河星耀7,2026-04-01,test
银河星耀7,2026-05-01,test
银河星耀7,2026-06-01,test
锋兰达,2022-01-01,train
锋兰达,2022-02-01,train
锋兰达,2022-03-01,train
锋兰达,2022-04-01,train
锋兰达,2022-05-01,train
锋兰达,2022-06-01,train
锋兰达,2022-07-01,train
锋兰达,2022-08-01,train
锋兰达,2022-09-01,train
锋兰达,2022-10-01,train
锋兰达,2022-11-01,train
锋兰达,2022-12-01,train
锋兰达,2023-01-01,train
锋兰达,2023-02-01,train
锋兰达,2023-03-01,train
锋兰达,2023-04-01,train
锋兰达,2023-05-01,train
锋兰达,2023-06-01,train
锋兰达,2023-07-01,train
锋兰达,2023-08-01,train
锋兰达,2023-09-01,train
锋兰达,2023-10-01,train
锋兰达,2023-11-01,train
锋兰达,2023-12-01,train
锋兰达,2024-01-01,train
锋兰达,2024-02-01,train
锋兰达,2024-03-01,train
锋兰达,2024-04-01,train
锋兰达,2024-05-01,train
锋兰达,2024-06-01,train
锋兰达,2024-07-01,train
锋兰达,2024-08-01,train
锋兰达,2024-09-01,train
锋兰达,2024-10-01,train
锋兰达,2024-11-01,train
锋兰达,2024-12-01,train
锋兰达,2025-01-01,train
锋兰达,2025-02-01,train
锋兰达,2025-03-01,train
锋兰达,2025-04-01,train
锋兰达,2025-05-01,train
锋兰达,2025-06-01,train
锋兰达,2025-07-01,val
锋兰达,2025-08-01,val
锋兰达,2025-09-01,val
锋兰达,2025-10-01,val
锋兰达,2025-11-01,val
锋兰达,2025-12-01,val
锋兰达,2026-01-01,test
锋兰达,2026-02-01,test
锋兰达,2026-03-01,test
锋兰达,2026-04-01,test
锋兰达,2026-05-01,test
锋兰达,2026-06-01,test
锐界L,2022-01-01,train
锐界L,2022-02-01,train
锐界L,2022-03-01,train
锐界L,2022-04-01,train
锐界L,2022-05-01,train
锐界L,2022-06-01,train
锐界L,2022-07-01,train
锐界L,2022-08-01,train
锐界L,2022-09-01,train
锐界L,2022-10-01,train
锐界L,2022-11-01,train
锐界L,2022-12-01,train
锐界L,2023-01-01,train
锐界L,2023-02-01,train
锐界L,2023-03-01,train
锐界L,2023-04-01,train
锐界L,2023-05-01,train
锐界L,2023-06-01,train
锐界L,2023-07-01,train
锐界L,2023-08-01,train
锐界L,2023-09-01,train
锐界L,2023-10-01,train
锐界L,2023-11-01,train
锐界L,2023-12-01,train
锐界L,2024-01-01,train
锐界L,2024-02-01,train
锐界L,2024-03-01,train
锐界L,2024-04-01,train
锐界L,2024-05-01,train
锐界L,2024-06-01,train
锐界L,2024-07-01,train
锐界L,2024-08-01,train
锐界L,2024-09-01,train
锐界L,2024-10-01,train
锐界L,2024-11-01,train
锐界L,2024-12-01,train
锐界L,2025-01-01,train
锐界L,2025-02-01,train
锐界L,2025-03-01,train
锐界L,2025-04-01,train
锐界L,2025-05-01,train
锐界L,2025-06-01,train
锐界L,2025-07-01,val
锐界L,2025-08-01,val
锐界L,2025-09-01,val
锐界L,2025-10-01,val
锐界L,2025-11-01,val
锐界L,2025-12-01,val
锐界L,2026-01-01,test
锐界L,2026-02-01,test
锐界L,2026-03-01,test
锐界L,2026-04-01,test
锐界L,2026-05-01,test
锐界L,2026-06-01,test
锐程PLUS,2022-01-01,train
锐程PLUS,2022-02-01,train
锐程PLUS,2022-03-01,train
锐程PLUS,2022-04-01,train
锐程PLUS,2022-05-01,train
锐程PLUS,2022-06-01,train
锐程PLUS,2022-07-01,train
锐程PLUS,2022-08-01,train
锐程PLUS,2022-09-01,train
锐程PLUS,2022-10-01,train
锐程PLUS,2022-11-01,train
锐程PLUS,2022-12-01,train
锐程PLUS,2023-01-01,train
锐程PLUS,2023-02-01,train
锐程PLUS,2023-03-01,train
锐程PLUS,2023-04-01,train
锐程PLUS,2023-05-01,train
锐程PLUS,2023-06-01,train
锐程PLUS,2023-07-01,train
锐程PLUS,2023-08-01,train
锐程PLUS,2023-09-01,train
锐程PLUS,2023-10-01,train
锐程PLUS,2023-11-01,train
锐程PLUS,2023-12-01,train
锐程PLUS,2024-01-01,train
锐程PLUS,2024-02-01,train
锐程PLUS,2024-03-01,train
锐程PLUS,2024-04-01,train
锐程PLUS,2024-05-01,train
锐程PLUS,2024-06-01,train
锐程PLUS,2024-07-01,train
锐程PLUS,2024-08-01,train
锐程PLUS,2024-09-01,train
锐程PLUS,2024-10-01,train
锐程PLUS,2024-11-01,train
锐程PLUS,2024-12-01,train
锐程PLUS,2025-01-01,train
锐程PLUS,2025-02-01,train
锐程PLUS,2025-03-01,train
锐程PLUS,2025-04-01,train
锐程PLUS,2025-05-01,train
锐程PLUS,2025-06-01,train
锐程PLUS,2025-07-01,val
锐程PLUS,2025-08-01,val
锐程PLUS,2025-09-01,val
锐程PLUS,2025-10-01,val
锐程PLUS,2025-11-01,val
锐程PLUS,2025-12-01,val
锐程PLUS,2026-01-01,test
锐程PLUS,2026-02-01,test
锐程PLUS,2026-03-01,test
锐程PLUS,2026-04-01,test
锐程PLUS,2026-05-01,test
锐程PLUS,2026-06-01,test
锐际,2022-01-01,train
锐际,2022-02-01,train
锐际,2022-03-01,train
锐际,2022-04-01,train
锐际,2022-05-01,train
锐际,2022-06-01,train
锐际,2022-07-01,train
锐际,2022-08-01,train
锐际,2022-09-01,train
锐际,2022-10-01,train
锐际,2022-11-01,train
锐际,2022-12-01,train
锐际,2023-01-01,train
锐际,2023-02-01,train
锐际,2023-03-01,train
锐际,2023-04-01,train
锐际,2023-05-01,train
锐际,2023-06-01,train
锐际,2023-07-01,train
锐际,2023-08-01,train
锐际,2023-09-01,train
锐际,2023-10-01,train
锐际,2023-11-01,train
锐际,2023-12-01,train
锐际,2024-01-01,train
锐际,2024-02-01,train
锐际,2024-03-01,train
锐际,2024-04-01,train
锐际,2024-05-01,train
锐际,2024-06-01,train
锐际,2024-07-01,train
锐际,2024-08-01,train
锐际,2024-09-01,train
锐际,2024-10-01,train
锐际,2024-11-01,train
锐际,2024-12-01,train
锐际,2025-01-01,train
锐际,2025-02-01,train
锐际,2025-03-01,train
锐际,2025-04-01,train
锐际,2025-05-01,train
锐际,2025-06-01,train
锐际,2025-07-01,val
锐际,2025-08-01,val
锐际,2025-09-01,val
锐际,2025-10-01,val
锐际,2025-11-01,val
锐际,2025-12-01,val
锐际,2026-01-01,test
锐际,2026-02-01,test
锐际,2026-03-01,test
锐际,2026-04-01,test
锐际,2026-05-01,test
锐际,2026-06-01,test
长安CS75 PLUS,2022-01-01,train
长安CS75 PLUS,2022-02-01,train
长安CS75 PLUS,2022-03-01,train
长安CS75 PLUS,2022-04-01,train
长安CS75 PLUS,2022-05-01,train
长安CS75 PLUS,2022-06-01,train
长安CS75 PLUS,2022-07-01,train
长安CS75 PLUS,2022-08-01,train
长安CS75 PLUS,2022-09-01,train
长安CS75 PLUS,2022-10-01,train
长安CS75 PLUS,2022-11-01,train
长安CS75 PLUS,2022-12-01,train
长安CS75 PLUS,2023-01-01,train
长安CS75 PLUS,2023-02-01,train
长安CS75 PLUS,2023-03-01,train
长安CS75 PLUS,2023-04-01,train
长安CS75 PLUS,2023-05-01,train
长安CS75 PLUS,2023-06-01,train
长安CS75 PLUS,2023-07-01,train
长安CS75 PLUS,2023-08-01,train
长安CS75 PLUS,2023-09-01,train
长安CS75 PLUS,2023-10-01,train
长安CS75 PLUS,2023-11-01,train
长安CS75 PLUS,2023-12-01,train
长安CS75 PLUS,2024-01-01,train
长安CS75 PLUS,2024-02-01,train
长安CS75 PLUS,2024-03-01,train
长安CS75 PLUS,2024-04-01,train
长安CS75 PLUS,2024-05-01,train
长安CS75 PLUS,2024-06-01,train
长安CS75 PLUS,2024-07-01,train
长安CS75 PLUS,2024-08-01,train
长安CS75 PLUS,2024-09-01,train
长安CS75 PLUS,2024-10-01,train
长安CS75 PLUS,2024-11-01,train
长安CS75 PLUS,2024-12-01,train
长安CS75 PLUS,2025-01-01,train
长安CS75 PLUS,2025-02-01,train
长安CS75 PLUS,2025-03-01,train
长安CS75 PLUS,2025-04-01,train
长安CS75 PLUS,2025-05-01,train
长安CS75 PLUS,2025-06-01,train
长安CS75 PLUS,2025-07-01,val
长安CS75 PLUS,2025-08-01,val
长安CS75 PLUS,2025-09-01,val
长安CS75 PLUS,2025-10-01,val
长安CS75 PLUS,2025-11-01,val
长安CS75 PLUS,2025-12-01,val
长安CS75 PLUS,2026-01-01,test
长安CS75 PLUS,2026-02-01,test
长安CS75 PLUS,2026-03-01,test
长安CS75 PLUS,2026-04-01,test
长安CS75 PLUS,2026-05-01,test
长安CS75 PLUS,2026-06-01,test
长安Lumin,2022-01-01,train
长安Lumin,2022-02-01,train
长安Lumin,2022-03-01,train
长安Lumin,2022-04-01,train
长安Lumin,2022-05-01,train
长安Lumin,2022-06-01,train
长安Lumin,2022-07-01,train
长安Lumin,2022-08-01,train
长安Lumin,2022-09-01,train
长安Lumin,2022-10-01,train
长安Lumin,2022-11-01,train
长安Lumin,2022-12-01,train
长安Lumin,2023-01-01,train
长安Lumin,2023-02-01,train
长安Lumin,2023-03-01,train
长安Lumin,2023-04-01,train
长安Lumin,2023-05-01,train
长安Lumin,2023-06-01,train
长安Lumin,2023-07-01,train
长安Lumin,2023-08-01,train
长安Lumin,2023-09-01,train
长安Lumin,2023-10-01,train
长安Lumin,2023-11-01,train
长安Lumin,2023-12-01,train
长安Lumin,2024-01-01,train
长安Lumin,2024-02-01,train
长安Lumin,2024-03-01,train
长安Lumin,2024-04-01,train
长安Lumin,2024-05-01,train
长安Lumin,2024-06-01,train
长安Lumin,2024-07-01,train
长安Lumin,2024-08-01,train
长安Lumin,2024-09-01,train
长安Lumin,2024-10-01,train
长安Lumin,2024-11-01,train
长安Lumin,2024-12-01,train
长安Lumin,2025-01-01,train
长安Lumin,2025-02-01,train
长安Lumin,2025-03-01,train
长安Lumin,2025-04-01,train
长安Lumin,2025-05-01,train
长安Lumin,2025-06-01,train
长安Lumin,2025-07-01,val
长安Lumin,2025-08-01,val
长安Lumin,2025-09-01,val
长安Lumin,2025-10-01,val
长安Lumin,2025-11-01,val
长安Lumin,2025-12-01,val
长安Lumin,2026-01-01,test
长安Lumin,2026-02-01,test
长安Lumin,2026-03-01,test
长安Lumin,2026-04-01,test
长安Lumin,2026-05-01,test
长安Lumin,2026-06-01,test
长安UNI-K,2022-01-01,train
长安UNI-K,2022-02-01,train
长安UNI-K,2022-03-01,train
长安UNI-K,2022-04-01,train
长安UNI-K,2022-05-01,train
长安UNI-K,2022-06-01,train
长安UNI-K,2022-07-01,train
长安UNI-K,2022-08-01,train
长安UNI-K,2022-09-01,train
长安UNI-K,2022-10-01,train
长安UNI-K,2022-11-01,train
长安UNI-K,2022-12-01,train
长安UNI-K,2023-01-01,train
长安UNI-K,2023-02-01,train
长安UNI-K,2023-03-01,train
长安UNI-K,2023-04-01,train
长安UNI-K,2023-05-01,train
长安UNI-K,2023-06-01,train
长安UNI-K,2023-07-01,train
长安UNI-K,2023-08-01,train
长安UNI-K,2023-09-01,train
长安UNI-K,2023-10-01,train
长安UNI-K,2023-11-01,train
长安UNI-K,2023-12-01,train
长安UNI-K,2024-01-01,train
长安UNI-K,2024-02-01,train
长安UNI-K,2024-03-01,train
长安UNI-K,2024-04-01,train
长安UNI-K,2024-05-01,train
长安UNI-K,2024-06-01,train
长安UNI-K,2024-07-01,train
长安UNI-K,2024-08-01,train
长安UNI-K,2024-09-01,train
长安UNI-K,2024-10-01,train
长安UNI-K,2024-11-01,train
长安UNI-K,2024-12-01,train
长安UNI-K,2025-01-01,train
长安UNI-K,2025-02-01,train
长安UNI-K,2025-03-01,train
长安UNI-K,2025-04-01,train
长安UNI-K,2025-05-01,train
长安UNI-K,2025-06-01,train
长安UNI-K,2025-07-01,val
长安UNI-K,2025-08-01,val
长安UNI-K,2025-09-01,val
长安UNI-K,2025-10-01,val
长安UNI-K,2025-11-01,val
长安UNI-K,2025-12-01,val
长安UNI-K,2026-01-01,test
长安UNI-K,2026-02-01,test
长安UNI-K,2026-03-01,test
长安UNI-K,2026-04-01,test
长安UNI-K,2026-05-01,test
长安UNI-K,2026-06-01,test
长安UNI-K 智电iDD,2022-01-01,train
长安UNI-K 智电iDD,2022-02-01,train
长安UNI-K 智电iDD,2022-03-01,train
长安UNI-K 智电iDD,2022-04-01,train
长安UNI-K 智电iDD,2022-05-01,train
长安UNI-K 智电iDD,2022-06-01,train
长安UNI-K 智电iDD,2022-07-01,train
长安UNI-K 智电iDD,2022-08-01,train
长安UNI-K 智电iDD,2022-09-01,train
长安UNI-K 智电iDD,2022-10-01,train
长安UNI-K 智电iDD,2022-11-01,train
长安UNI-K 智电iDD,2022-12-01,train
长安UNI-K 智电iDD,2023-01-01,train
长安UNI-K 智电iDD,2023-02-01,train
长安UNI-K 智电iDD,2023-03-01,train
长安UNI-K 智电iDD,2023-04-01,train
长安UNI-K 智电iDD,2023-05-01,train
长安UNI-K 智电iDD,2023-06-01,train
长安UNI-K 智电iDD,2023-07-01,train
长安UNI-K 智电iDD,2023-08-01,train
长安UNI-K 智电iDD,2023-09-01,train
长安UNI-K 智电iDD,2023-10-01,train
长安UNI-K 智电iDD,2023-11-01,train
长安UNI-K 智电iDD,2023-12-01,train
长安UNI-K 智电iDD,2024-01-01,train
长安UNI-K 智电iDD,2024-02-01,train
长安UNI-K 智电iDD,2024-03-01,train
长安UNI-K 智电iDD,2024-04-01,train
长安UNI-K 智电iDD,2024-05-01,train
长安UNI-K 智电iDD,2024-06-01,train
长安UNI-K 智电iDD,2024-07-01,train
长安UNI-K 智电iDD,2024-08-01,train
长安UNI-K 智电iDD,2024-09-01,train
长安UNI-K 智电iDD,2024-10-01,train
长安UNI-K 智电iDD,2024-11-01,train
长安UNI-K 智电iDD,2024-12-01,train
长安UNI-K 智电iDD,2025-01-01,train
长安UNI-K 智电iDD,2025-02-01,train
长安UNI-K 智电iDD,2025-03-01,train
长安UNI-K 智电iDD,2025-04-01,train
长安UNI-K 智电iDD,2025-05-01,train
长安UNI-K 智电iDD,2025-06-01,train
长安UNI-K 智电iDD,2025-07-01,val
长安UNI-K 智电iDD,2025-08-01,val
长安UNI-K 智电iDD,2025-09-01,val
长安UNI-K 智电iDD,2025-10-01,val
长安UNI-K 智电iDD,2025-11-01,val
长安UNI-K 智电iDD,2025-12-01,val
长安UNI-K 智电iDD,2026-01-01,test
长安UNI-K 智电iDD,2026-02-01,test
长安UNI-K 智电iDD,2026-03-01,test
长安UNI-K 智电iDD,2026-04-01,test
长安UNI-K 智电iDD,2026-05-01,test
长安UNI-K 智电iDD,2026-06-01,test
长安UNI-T,2022-01-01,train
长安UNI-T,2022-02-01,train
长安UNI-T,2022-03-01,train
长安UNI-T,2022-04-01,train
长安UNI-T,2022-05-01,train
长安UNI-T,2022-06-01,train
长安UNI-T,2022-07-01,train
长安UNI-T,2022-08-01,train
长安UNI-T,2022-09-01,train
长安UNI-T,2022-10-01,train
长安UNI-T,2022-11-01,train
长安UNI-T,2022-12-01,train
长安UNI-T,2023-01-01,train
长安UNI-T,2023-02-01,train
长安UNI-T,2023-03-01,train
长安UNI-T,2023-04-01,train
长安UNI-T,2023-05-01,train
长安UNI-T,2023-06-01,train
长安UNI-T,2023-07-01,train
长安UNI-T,2023-08-01,train
长安UNI-T,2023-09-01,train
长安UNI-T,2023-10-01,train
长安UNI-T,2023-11-01,train
长安UNI-T,2023-12-01,train
长安UNI-T,2024-01-01,train
长安UNI-T,2024-02-01,train
长安UNI-T,2024-03-01,train
长安UNI-T,2024-04-01,train
长安UNI-T,2024-05-01,train
长安UNI-T,2024-06-01,train
长安UNI-T,2024-07-01,train
长安UNI-T,2024-08-01,train
长安UNI-T,2024-09-01,train
长安UNI-T,2024-10-01,train
长安UNI-T,2024-11-01,train
长安UNI-T,2024-12-01,train
长安UNI-T,2025-01-01,train
长安UNI-T,2025-02-01,train
长安UNI-T,2025-03-01,train
长安UNI-T,2025-04-01,train
长安UNI-T,2025-05-01,train
长安UNI-T,2025-06-01,train
长安UNI-T,2025-07-01,val
长安UNI-T,2025-08-01,val
长安UNI-T,2025-09-01,val
长安UNI-T,2025-10-01,val
长安UNI-T,2025-11-01,val
长安UNI-T,2025-12-01,val
长安UNI-T,2026-01-01,test
长安UNI-T,2026-02-01,test
长安UNI-T,2026-03-01,test
长安UNI-T,2026-04-01,test
长安UNI-T,2026-05-01,test
长安UNI-T,2026-06-01,test
长安UNI-V,2022-01-01,train
长安UNI-V,2022-02-01,train
长安UNI-V,2022-03-01,train
长安UNI-V,2022-04-01,train
长安UNI-V,2022-05-01,train
长安UNI-V,2022-06-01,train
长安UNI-V,2022-07-01,train
长安UNI-V,2022-08-01,train
长安UNI-V,2022-09-01,train
长安UNI-V,2022-10-01,train
长安UNI-V,2022-11-01,train
长安UNI-V,2022-12-01,train
长安UNI-V,2023-01-01,train
长安UNI-V,2023-02-01,train
长安UNI-V,2023-03-01,train
长安UNI-V,2023-04-01,train
长安UNI-V,2023-05-01,train
长安UNI-V,2023-06-01,train
长安UNI-V,2023-07-01,train
长安UNI-V,2023-08-01,train
长安UNI-V,2023-09-01,train
长安UNI-V,2023-10-01,train
长安UNI-V,2023-11-01,train
长安UNI-V,2023-12-01,train
长安UNI-V,2024-01-01,train
长安UNI-V,2024-02-01,train
长安UNI-V,2024-03-01,train
长安UNI-V,2024-04-01,train
长安UNI-V,2024-05-01,train
长安UNI-V,2024-06-01,train
长安UNI-V,2024-07-01,train
长安UNI-V,2024-08-01,train
长安UNI-V,2024-09-01,train
长安UNI-V,2024-10-01,train
长安UNI-V,2024-11-01,train
长安UNI-V,2024-12-01,train
长安UNI-V,2025-01-01,train
长安UNI-V,2025-02-01,train
长安UNI-V,2025-03-01,train
长安UNI-V,2025-04-01,train
长安UNI-V,2025-05-01,train
长安UNI-V,2025-06-01,train
长安UNI-V,2025-07-01,val
长安UNI-V,2025-08-01,val
长安UNI-V,2025-09-01,val
长安UNI-V,2025-10-01,val
长安UNI-V,2025-11-01,val
长安UNI-V,2025-12-01,val
长安UNI-V,2026-01-01,test
长安UNI-V,2026-02-01,test
长安UNI-V,2026-03-01,test
长安UNI-V,2026-04-01,test
长安UNI-V,2026-05-01,test
长安UNI-V,2026-06-01,test
长安UNI-Z新能源,2022-01-01,train
长安UNI-Z新能源,2022-02-01,train
长安UNI-Z新能源,2022-03-01,train
长安UNI-Z新能源,2022-04-01,train
长安UNI-Z新能源,2022-05-01,train
长安UNI-Z新能源,2022-06-01,train
长安UNI-Z新能源,2022-07-01,train
长安UNI-Z新能源,2022-08-01,train
长安UNI-Z新能源,2022-09-01,train
长安UNI-Z新能源,2022-10-01,train
长安UNI-Z新能源,2022-11-01,train
长安UNI-Z新能源,2022-12-01,train
长安UNI-Z新能源,2023-01-01,train
长安UNI-Z新能源,2023-02-01,train
长安UNI-Z新能源,2023-03-01,train
长安UNI-Z新能源,2023-04-01,train
长安UNI-Z新能源,2023-05-01,train
长安UNI-Z新能源,2023-06-01,train
长安UNI-Z新能源,2023-07-01,train
长安UNI-Z新能源,2023-08-01,train
长安UNI-Z新能源,2023-09-01,train
长安UNI-Z新能源,2023-10-01,train
长安UNI-Z新能源,2023-11-01,train
长安UNI-Z新能源,2023-12-01,train
长安UNI-Z新能源,2024-01-01,train
长安UNI-Z新能源,2024-02-01,train
长安UNI-Z新能源,2024-03-01,train
长安UNI-Z新能源,2024-04-01,train
长安UNI-Z新能源,2024-05-01,train
长安UNI-Z新能源,2024-06-01,train
长安UNI-Z新能源,2024-07-01,train
长安UNI-Z新能源,2024-08-01,train
长安UNI-Z新能源,2024-09-01,train
长安UNI-Z新能源,2024-10-01,train
长安UNI-Z新能源,2024-11-01,train
长安UNI-Z新能源,2024-12-01,train
长安UNI-Z新能源,2025-01-01,train
长安UNI-Z新能源,2025-02-01,train
长安UNI-Z新能源,2025-03-01,train
长安UNI-Z新能源,2025-04-01,train
长安UNI-Z新能源,2025-05-01,train
长安UNI-Z新能源,2025-06-01,train
长安UNI-Z新能源,2025-07-01,val
长安UNI-Z新能源,2025-08-01,val
长安UNI-Z新能源,2025-09-01,val
长安UNI-Z新能源,2025-10-01,val
长安UNI-Z新能源,2025-11-01,val
长安UNI-Z新能源,2025-12-01,val
长安UNI-Z新能源,2026-01-01,test
长安UNI-Z新能源,2026-02-01,test
长安UNI-Z新能源,2026-03-01,test
长安UNI-Z新能源,2026-04-01,test
长安UNI-Z新能源,2026-05-01,test
长安UNI-Z新能源,2026-06-01,test
长安X5 PLUS,2022-01-01,train
长安X5 PLUS,2022-02-01,train
长安X5 PLUS,2022-03-01,train
长安X5 PLUS,2022-04-01,train
长安X5 PLUS,2022-05-01,train
长安X5 PLUS,2022-06-01,train
长安X5 PLUS,2022-07-01,train
长安X5 PLUS,2022-08-01,train
长安X5 PLUS,2022-09-01,train
长安X5 PLUS,2022-10-01,train
长安X5 PLUS,2022-11-01,train
长安X5 PLUS,2022-12-01,train
长安X5 PLUS,2023-01-01,train
长安X5 PLUS,2023-02-01,train
长安X5 PLUS,2023-03-01,train
长安X5 PLUS,2023-04-01,train
长安X5 PLUS,2023-05-01,train
长安X5 PLUS,2023-06-01,train
长安X5 PLUS,2023-07-01,train
长安X5 PLUS,2023-08-01,train
长安X5 PLUS,2023-09-01,train
长安X5 PLUS,2023-10-01,train
长安X5 PLUS,2023-11-01,train
长安X5 PLUS,2023-12-01,train
长安X5 PLUS,2024-01-01,train
长安X5 PLUS,2024-02-01,train
长安X5 PLUS,2024-03-01,train
长安X5 PLUS,2024-04-01,train
长安X5 PLUS,2024-05-01,train
长安X5 PLUS,2024-06-01,train
长安X5 PLUS,2024-07-01,train
长安X5 PLUS,2024-08-01,train
长安X5 PLUS,2024-09-01,train
长安X5 PLUS,2024-10-01,train
长安X5 PLUS,2024-11-01,train
长安X5 PLUS,2024-12-01,train
长安X5 PLUS,2025-01-01,train
长安X5 PLUS,2025-02-01,train
长安X5 PLUS,2025-03-01,train
长安X5 PLUS,2025-04-01,train
长安X5 PLUS,2025-05-01,train
长安X5 PLUS,2025-06-01,train
长安X5 PLUS,2025-07-01,val
长安X5 PLUS,2025-08-01,val
长安X5 PLUS,2025-09-01,val
长安X5 PLUS,2025-10-01,val
长安X5 PLUS,2025-11-01,val
长安X5 PLUS,2025-12-01,val
长安X5 PLUS,2026-01-01,test
长安X5 PLUS,2026-02-01,test
长安X5 PLUS,2026-03-01,test
长安X5 PLUS,2026-04-01,test
长安X5 PLUS,2026-05-01,test
长安X5 PLUS,2026-06-01,test
长安启源A07,2022-01-01,train
长安启源A07,2022-02-01,train
长安启源A07,2022-03-01,train
长安启源A07,2022-04-01,train
长安启源A07,2022-05-01,train
长安启源A07,2022-06-01,train
长安启源A07,2022-07-01,train
长安启源A07,2022-08-01,train
长安启源A07,2022-09-01,train
长安启源A07,2022-10-01,train
长安启源A07,2022-11-01,train
长安启源A07,2022-12-01,train
长安启源A07,2023-01-01,train
长安启源A07,2023-02-01,train
长安启源A07,2023-03-01,train
长安启源A07,2023-04-01,train
长安启源A07,2023-05-01,train
长安启源A07,2023-06-01,train
长安启源A07,2023-07-01,train
长安启源A07,2023-08-01,train
长安启源A07,2023-09-01,train
长安启源A07,2023-10-01,train
长安启源A07,2023-11-01,train
长安启源A07,2023-12-01,train
长安启源A07,2024-01-01,train
长安启源A07,2024-02-01,train
长安启源A07,2024-03-01,train
长安启源A07,2024-04-01,train
长安启源A07,2024-05-01,train
长安启源A07,2024-06-01,train
长安启源A07,2024-07-01,train
长安启源A07,2024-08-01,train
长安启源A07,2024-09-01,train
长安启源A07,2024-10-01,train
长安启源A07,2024-11-01,train
长安启源A07,2024-12-01,train
长安启源A07,2025-01-01,train
长安启源A07,2025-02-01,train
长安启源A07,2025-03-01,train
长安启源A07,2025-04-01,train
长安启源A07,2025-05-01,train
长安启源A07,2025-06-01,train
长安启源A07,2025-07-01,val
长安启源A07,2025-08-01,val
长安启源A07,2025-09-01,val
长安启源A07,2025-10-01,val
长安启源A07,2025-11-01,val
长安启源A07,2025-12-01,val
长安启源A07,2026-01-01,test
长安启源A07,2026-02-01,test
长安启源A07,2026-03-01,test
长安启源A07,2026-04-01,test
长安启源A07,2026-05-01,test
长安启源A07,2026-06-01,test
长安启源Q05经典,2022-01-01,train
长安启源Q05经典,2022-02-01,train
长安启源Q05经典,2022-03-01,train
长安启源Q05经典,2022-04-01,train
长安启源Q05经典,2022-05-01,train
长安启源Q05经典,2022-06-01,train
长安启源Q05经典,2022-07-01,train
长安启源Q05经典,2022-08-01,train
长安启源Q05经典,2022-09-01,train
长安启源Q05经典,2022-10-01,train
长安启源Q05经典,2022-11-01,train
长安启源Q05经典,2022-12-01,train
长安启源Q05经典,2023-01-01,train
长安启源Q05经典,2023-02-01,train
长安启源Q05经典,2023-03-01,train
长安启源Q05经典,2023-04-01,train
长安启源Q05经典,2023-05-01,train
长安启源Q05经典,2023-06-01,train
长安启源Q05经典,2023-07-01,train
长安启源Q05经典,2023-08-01,train
长安启源Q05经典,2023-09-01,train
长安启源Q05经典,2023-10-01,train
长安启源Q05经典,2023-11-01,train
长安启源Q05经典,2023-12-01,train
长安启源Q05经典,2024-01-01,train
长安启源Q05经典,2024-02-01,train
长安启源Q05经典,2024-03-01,train
长安启源Q05经典,2024-04-01,train
长安启源Q05经典,2024-05-01,train
长安启源Q05经典,2024-06-01,train
长安启源Q05经典,2024-07-01,train
长安启源Q05经典,2024-08-01,train
长安启源Q05经典,2024-09-01,train
长安启源Q05经典,2024-10-01,train
长安启源Q05经典,2024-11-01,train
长安启源Q05经典,2024-12-01,train
长安启源Q05经典,2025-01-01,train
长安启源Q05经典,2025-02-01,train
长安启源Q05经典,2025-03-01,train
长安启源Q05经典,2025-04-01,train
长安启源Q05经典,2025-05-01,train
长安启源Q05经典,2025-06-01,train
长安启源Q05经典,2025-07-01,val
长安启源Q05经典,2025-08-01,val
长安启源Q05经典,2025-09-01,val
长安启源Q05经典,2025-10-01,val
长安启源Q05经典,2025-11-01,val
长安启源Q05经典,2025-12-01,val
长安启源Q05经典,2026-01-01,test
长安启源Q05经典,2026-02-01,test
长安启源Q05经典,2026-03-01,test
长安启源Q05经典,2026-04-01,test
长安启源Q05经典,2026-05-01,test
长安启源Q05经典,2026-06-01,test
长安欧尚520,2022-01-01,train
长安欧尚520,2022-02-01,train
长安欧尚520,2022-03-01,train
长安欧尚520,2022-04-01,train
长安欧尚520,2022-05-01,train
长安欧尚520,2022-06-01,train
长安欧尚520,2022-07-01,train
长安欧尚520,2022-08-01,train
长安欧尚520,2022-09-01,train
长安欧尚520,2022-10-01,train
长安欧尚520,2022-11-01,train
长安欧尚520,2022-12-01,train
长安欧尚520,2023-01-01,train
长安欧尚520,2023-02-01,train
长安欧尚520,2023-03-01,train
长安欧尚520,2023-04-01,train
长安欧尚520,2023-05-01,train
长安欧尚520,2023-06-01,train
长安欧尚520,2023-07-01,train
长安欧尚520,2023-08-01,train
长安欧尚520,2023-09-01,train
长安欧尚520,2023-10-01,train
长安欧尚520,2023-11-01,train
长安欧尚520,2023-12-01,train
长安欧尚520,2024-01-01,train
长安欧尚520,2024-02-01,train
长安欧尚520,2024-03-01,train
长安欧尚520,2024-04-01,train
长安欧尚520,2024-05-01,train
长安欧尚520,2024-06-01,train
长安欧尚520,2024-07-01,train
长安欧尚520,2024-08-01,train
长安欧尚520,2024-09-01,train
长安欧尚520,2024-10-01,train
长安欧尚520,2024-11-01,train
长安欧尚520,2024-12-01,train
长安欧尚520,2025-01-01,train
长安欧尚520,2025-02-01,train
长安欧尚520,2025-03-01,train
长安欧尚520,2025-04-01,train
长安欧尚520,2025-05-01,train
长安欧尚520,2025-06-01,train
长安欧尚520,2025-07-01,val
长安欧尚520,2025-08-01,val
长安欧尚520,2025-09-01,val
长安欧尚520,2025-10-01,val
长安欧尚520,2025-11-01,val
长安欧尚520,2025-12-01,val
长安欧尚520,2026-01-01,test
长安欧尚520,2026-02-01,test
长安欧尚520,2026-03-01,test
长安欧尚520,2026-04-01,test
长安欧尚520,2026-05-01,test
长安欧尚520,2026-06-01,test
雅阁,2022-01-01,train
雅阁,2022-02-01,train
雅阁,2022-03-01,train
雅阁,2022-04-01,train
雅阁,2022-05-01,train
雅阁,2022-06-01,train
雅阁,2022-07-01,train
雅阁,2022-08-01,train
雅阁,2022-09-01,train
雅阁,2022-10-01,train
雅阁,2022-11-01,train
雅阁,2022-12-01,train
雅阁,2023-01-01,train
雅阁,2023-02-01,train
雅阁,2023-03-01,train
雅阁,2023-04-01,train
雅阁,2023-05-01,train
雅阁,2023-06-01,train
雅阁,2023-07-01,train
雅阁,2023-08-01,train
雅阁,2023-09-01,train
雅阁,2023-10-01,train
雅阁,2023-11-01,train
雅阁,2023-12-01,train
雅阁,2024-01-01,train
雅阁,2024-02-01,train
雅阁,2024-03-01,train
雅阁,2024-04-01,train
雅阁,2024-05-01,train
雅阁,2024-06-01,train
雅阁,2024-07-01,train
雅阁,2024-08-01,train
雅阁,2024-09-01,train
雅阁,2024-10-01,train
雅阁,2024-11-01,train
雅阁,2024-12-01,train
雅阁,2025-01-01,train
雅阁,2025-02-01,train
雅阁,2025-03-01,train
雅阁,2025-04-01,train
雅阁,2025-05-01,train
雅阁,2025-06-01,train
雅阁,2025-07-01,val
雅阁,2025-08-01,val
雅阁,2025-09-01,val
雅阁,2025-10-01,val
雅阁,2025-11-01,val
雅阁,2025-12-01,val
雅阁,2026-01-01,test
雅阁,2026-02-01,test
雅阁,2026-03-01,test
雅阁,2026-04-01,test
雅阁,2026-05-01,test
雅阁,2026-06-01,test
零跑B01,2022-01-01,train
零跑B01,2022-02-01,train
零跑B01,2022-03-01,train
零跑B01,2022-04-01,train
零跑B01,2022-05-01,train
零跑B01,2022-06-01,train
零跑B01,2022-07-01,train
零跑B01,2022-08-01,train
零跑B01,2022-09-01,train
零跑B01,2022-10-01,train
零跑B01,2022-11-01,train
零跑B01,2022-12-01,train
零跑B01,2023-01-01,train
零跑B01,2023-02-01,train
零跑B01,2023-03-01,train
零跑B01,2023-04-01,train
零跑B01,2023-05-01,train
零跑B01,2023-06-01,train
零跑B01,2023-07-01,train
零跑B01,2023-08-01,train
零跑B01,2023-09-01,train
零跑B01,2023-10-01,train
零跑B01,2023-11-01,train
零跑B01,2023-12-01,train
零跑B01,2024-01-01,train
零跑B01,2024-02-01,train
零跑B01,2024-03-01,train
零跑B01,2024-04-01,train
零跑B01,2024-05-01,train
零跑B01,2024-06-01,train
零跑B01,2024-07-01,train
零跑B01,2024-08-01,train
零跑B01,2024-09-01,train
零跑B01,2024-10-01,train
零跑B01,2024-11-01,train
零跑B01,2024-12-01,train
零跑B01,2025-01-01,train
零跑B01,2025-02-01,train
零跑B01,2025-03-01,train
零跑B01,2025-04-01,train
零跑B01,2025-05-01,train
零跑B01,2025-06-01,train
零跑B01,2025-07-01,val
零跑B01,2025-08-01,val
零跑B01,2025-09-01,val
零跑B01,2025-10-01,val
零跑B01,2025-11-01,val
零跑B01,2025-12-01,val
零跑B01,2026-01-01,test
零跑B01,2026-02-01,test
零跑B01,2026-03-01,test
零跑B01,2026-04-01,test
零跑B01,2026-05-01,test
零跑B01,2026-06-01,test
零跑Lafa5,2022-01-01,train
零跑Lafa5,2022-02-01,train
零跑Lafa5,2022-03-01,train
零跑Lafa5,2022-04-01,train
零跑Lafa5,2022-05-01,train
零跑Lafa5,2022-06-01,train
零跑Lafa5,2022-07-01,train
零跑Lafa5,2022-08-01,train
零跑Lafa5,2022-09-01,train
零跑Lafa5,2022-10-01,train
零跑Lafa5,2022-11-01,train
零跑Lafa5,2022-12-01,train
零跑Lafa5,2023-01-01,train
零跑Lafa5,2023-02-01,train
零跑Lafa5,2023-03-01,train
零跑Lafa5,2023-04-01,train
零跑Lafa5,2023-05-01,train
零跑Lafa5,2023-06-01,train
零跑Lafa5,2023-07-01,train
零跑Lafa5,2023-08-01,train
零跑Lafa5,2023-09-01,train
零跑Lafa5,2023-10-01,train
零跑Lafa5,2023-11-01,train
零跑Lafa5,2023-12-01,train
零跑Lafa5,2024-01-01,train
零跑Lafa5,2024-02-01,train
零跑Lafa5,2024-03-01,train
零跑Lafa5,2024-04-01,train
零跑Lafa5,2024-05-01,train
零跑Lafa5,2024-06-01,train
零跑Lafa5,2024-07-01,train
零跑Lafa5,2024-08-01,train
零跑Lafa5,2024-09-01,train
零跑Lafa5,2024-10-01,train
零跑Lafa5,2024-11-01,train
零跑Lafa5,2024-12-01,train
零跑Lafa5,2025-01-01,train
零跑Lafa5,2025-02-01,train
零跑Lafa5,2025-03-01,train
零跑Lafa5,2025-04-01,train
零跑Lafa5,2025-05-01,train
零跑Lafa5,2025-06-01,train
零跑Lafa5,2025-07-01,val
零跑Lafa5,2025-08-01,val
零跑Lafa5,2025-09-01,val
零跑Lafa5,2025-10-01,val
零跑Lafa5,2025-11-01,val
零跑Lafa5,2025-12-01,val
零跑Lafa5,2026-01-01,test
零跑Lafa5,2026-02-01,test
零跑Lafa5,2026-03-01,test
零跑Lafa5,2026-04-01,test
零跑Lafa5,2026-05-01,test
零跑Lafa5,2026-06-01,test
零跑T03,2022-01-01,train
零跑T03,2022-02-01,train
零跑T03,2022-03-01,train
零跑T03,2022-04-01,train
零跑T03,2022-05-01,train
零跑T03,2022-06-01,train
零跑T03,2022-07-01,train
零跑T03,2022-08-01,train
零跑T03,2022-09-01,train
零跑T03,2022-10-01,train
零跑T03,2022-11-01,train
零跑T03,2022-12-01,train
零跑T03,2023-01-01,train
零跑T03,2023-02-01,train
零跑T03,2023-03-01,train
零跑T03,2023-04-01,train
零跑T03,2023-05-01,train
零跑T03,2023-06-01,train
零跑T03,2023-07-01,train
零跑T03,2023-08-01,train
零跑T03,2023-09-01,train
零跑T03,2023-10-01,train
零跑T03,2023-11-01,train
零跑T03,2023-12-01,train
零跑T03,2024-01-01,train
零跑T03,2024-02-01,train
零跑T03,2024-03-01,train
零跑T03,2024-04-01,train
零跑T03,2024-05-01,train
零跑T03,2024-06-01,train
零跑T03,2024-07-01,train
零跑T03,2024-08-01,train
零跑T03,2024-09-01,train
零跑T03,2024-10-01,train
零跑T03,2024-11-01,train
零跑T03,2024-12-01,train
零跑T03,2025-01-01,train
零跑T03,2025-02-01,train
零跑T03,2025-03-01,train
零跑T03,2025-04-01,train
零跑T03,2025-05-01,train
零跑T03,2025-06-01,train
零跑T03,2025-07-01,val
零跑T03,2025-08-01,val
零跑T03,2025-09-01,val
零跑T03,2025-10-01,val
零跑T03,2025-11-01,val
零跑T03,2025-12-01,val
零跑T03,2026-01-01,test
零跑T03,2026-02-01,test
零跑T03,2026-03-01,test
零跑T03,2026-04-01,test
零跑T03,2026-05-01,test
零跑T03,2026-06-01,test
雷凌,2022-01-01,train
雷凌,2022-02-01,train
雷凌,2022-03-01,train
雷凌,2022-04-01,train
雷凌,2022-05-01,train
雷凌,2022-06-01,train
雷凌,2022-07-01,train
雷凌,2022-08-01,train
雷凌,2022-09-01,train
雷凌,2022-10-01,train
雷凌,2022-11-01,train
雷凌,2022-12-01,train
雷凌,2023-01-01,train
雷凌,2023-02-01,train
雷凌,2023-03-01,train
雷凌,2023-04-01,train
雷凌,2023-05-01,train
雷凌,2023-06-01,train
雷凌,2023-07-01,train
雷凌,2023-08-01,train
雷凌,2023-09-01,train
雷凌,2023-10-01,train
雷凌,2023-11-01,train
雷凌,2023-12-01,train
雷凌,2024-01-01,train
雷凌,2024-02-01,train
雷凌,2024-03-01,train
雷凌,2024-04-01,train
雷凌,2024-05-01,train
雷凌,2024-06-01,train
雷凌,2024-07-01,train
雷凌,2024-08-01,train
雷凌,2024-09-01,train
雷凌,2024-10-01,train
雷凌,2024-11-01,train
雷凌,2024-12-01,train
雷凌,2025-01-01,train
雷凌,2025-02-01,train
雷凌,2025-03-01,train
雷凌,2025-04-01,train
雷凌,2025-05-01,train
雷凌,2025-06-01,train
雷凌,2025-07-01,val
雷凌,2025-08-01,val
雷凌,2025-09-01,val
雷凌,2025-10-01,val
雷凌,2025-11-01,val
雷凌,2025-12-01,val
雷凌,2026-01-01,test
雷凌,2026-02-01,test
雷凌,2026-03-01,test
雷凌,2026-04-01,test
雷凌,2026-05-01,test
雷凌,2026-06-01,test
领克03,2022-01-01,train
领克03,2022-02-01,train
领克03,2022-03-01,train
领克03,2022-04-01,train
领克03,2022-05-01,train
领克03,2022-06-01,train
领克03,2022-07-01,train
领克03,2022-08-01,train
领克03,2022-09-01,train
领克03,2022-10-01,train
领克03,2022-11-01,train
领克03,2022-12-01,train
领克03,2023-01-01,train
领克03,2023-02-01,train
领克03,2023-03-01,train
领克03,2023-04-01,train
领克03,2023-05-01,train
领克03,2023-06-01,train
领克03,2023-07-01,train
领克03,2023-08-01,train
领克03,2023-09-01,train
领克03,2023-10-01,train
领克03,2023-11-01,train
领克03,2023-12-01,train
领克03,2024-01-01,train
领克03,2024-02-01,train
领克03,2024-03-01,train
领克03,2024-04-01,train
领克03,2024-05-01,train
领克03,2024-06-01,train
领克03,2024-07-01,train
领克03,2024-08-01,train
领克03,2024-09-01,train
领克03,2024-10-01,train
领克03,2024-11-01,train
领克03,2024-12-01,train
领克03,2025-01-01,train
领克03,2025-02-01,train
领克03,2025-03-01,train
领克03,2025-04-01,train
领克03,2025-05-01,train
领克03,2025-06-01,train
领克03,2025-07-01,val
领克03,2025-08-01,val
领克03,2025-09-01,val
领克03,2025-10-01,val
领克03,2025-11-01,val
领克03,2025-12-01,val
领克03,2026-01-01,test
领克03,2026-02-01,test
领克03,2026-03-01,test
领克03,2026-04-01,test
领克03,2026-05-01,test
领克03,2026-06-01,test
领克07,2022-01-01,train
领克07,2022-02-01,train
领克07,2022-03-01,train
领克07,2022-04-01,train
领克07,2022-05-01,train
领克07,2022-06-01,train
领克07,2022-07-01,train
领克07,2022-08-01,train
领克07,2022-09-01,train
领克07,2022-10-01,train
领克07,2022-11-01,train
领克07,2022-12-01,train
领克07,2023-01-01,train
领克07,2023-02-01,train
领克07,2023-03-01,train
领克07,2023-04-01,train
领克07,2023-05-01,train
领克07,2023-06-01,train
领克07,2023-07-01,train
领克07,2023-08-01,train
领克07,2023-09-01,train
领克07,2023-10-01,train
领克07,2023-11-01,train
领克07,2023-12-01,train
领克07,2024-01-01,train
领克07,2024-02-01,train
领克07,2024-03-01,train
领克07,2024-04-01,train
领克07,2024-05-01,train
领克07,2024-06-01,train
领克07,2024-07-01,train
领克07,2024-08-01,train
领克07,2024-09-01,train
领克07,2024-10-01,train
领克07,2024-11-01,train
领克07,2024-12-01,train
领克07,2025-01-01,train
领克07,2025-02-01,train
领克07,2025-03-01,train
领克07,2025-04-01,train
领克07,2025-05-01,train
领克07,2025-06-01,train
领克07,2025-07-01,val
领克07,2025-08-01,val
领克07,2025-09-01,val
领克07,2025-10-01,val
领克07,2025-11-01,val
领克07,2025-12-01,val
领克07,2026-01-01,test
领克07,2026-02-01,test
领克07,2026-03-01,test
领克07,2026-04-01,test
领克07,2026-05-01,test
领克07,2026-06-01,test
领克10,2022-01-01,train
领克10,2022-02-01,train
领克10,2022-03-01,train
领克10,2022-04-01,train
领克10,2022-05-01,train
领克10,2022-06-01,train
领克10,2022-07-01,train
领克10,2022-08-01,train
领克10,2022-09-01,train
领克10,2022-10-01,train
领克10,2022-11-01,train
领克10,2022-12-01,train
领克10,2023-01-01,train
领克10,2023-02-01,train
领克10,2023-03-01,train
领克10,2023-04-01,train
领克10,2023-05-01,train
领克10,2023-06-01,train
领克10,2023-07-01,train
领克10,2023-08-01,train
领克10,2023-09-01,train
领克10,2023-10-01,train
领克10,2023-11-01,train
领克10,2023-12-01,train
领克10,2024-01-01,train
领克10,2024-02-01,train
领克10,2024-03-01,train
领克10,2024-04-01,train
领克10,2024-05-01,train
领克10,2024-06-01,train
领克10,2024-07-01,train
领克10,2024-08-01,train
领克10,2024-09-01,train
领克10,2024-10-01,train
领克10,2024-11-01,train
领克10,2024-12-01,train
领克10,2025-01-01,train
领克10,2025-02-01,train
领克10,2025-03-01,train
领克10,2025-04-01,train
领克10,2025-05-01,train
领克10,2025-06-01,train
领克10,2025-07-01,val
领克10,2025-08-01,val
领克10,2025-09-01,val
领克10,2025-10-01,val
领克10,2025-11-01,val
领克10,2025-12-01,val
领克10,2026-01-01,test
领克10,2026-02-01,test
领克10,2026-03-01,test
领克10,2026-04-01,test
领克10,2026-05-01,test
领克10,2026-06-01,test
风云A9L,2022-01-01,train
风云A9L,2022-02-01,train
风云A9L,2022-03-01,train
风云A9L,2022-04-01,train
风云A9L,2022-05-01,train
风云A9L,2022-06-01,train
风云A9L,2022-07-01,train
风云A9L,2022-08-01,train
风云A9L,2022-09-01,train
风云A9L,2022-10-01,train
风云A9L,2022-11-01,train
风云A9L,2022-12-01,train
风云A9L,2023-01-01,train
风云A9L,2023-02-01,train
风云A9L,2023-03-01,train
风云A9L,2023-04-01,train
风云A9L,2023-05-01,train
风云A9L,2023-06-01,train
风云A9L,2023-07-01,train
风云A9L,2023-08-01,train
风云A9L,2023-09-01,train
风云A9L,2023-10-01,train
风云A9L,2023-11-01,train
风云A9L,2023-12-01,train
风云A9L,2024-01-01,train
风云A9L,2024-02-01,train
风云A9L,2024-03-01,train
风云A9L,2024-04-01,train
风云A9L,2024-05-01,train
风云A9L,2024-06-01,train
风云A9L,2024-07-01,train
风云A9L,2024-08-01,train
风云A9L,2024-09-01,train
风云A9L,2024-10-01,train
风云A9L,2024-11-01,train
风云A9L,2024-12-01,train
风云A9L,2025-01-01,train
风云A9L,2025-02-01,train
风云A9L,2025-03-01,train
风云A9L,2025-04-01,train
风云A9L,2025-05-01,train
风云A9L,2025-06-01,train
风云A9L,2025-07-01,val
风云A9L,2025-08-01,val
风云A9L,2025-09-01,val
风云A9L,2025-10-01,val
风云A9L,2025-11-01,val
风云A9L,2025-12-01,val
风云A9L,2026-01-01,test
风云A9L,2026-02-01,test
风云A9L,2026-03-01,test
风云A9L,2026-04-01,test
风云A9L,2026-05-01,test
风云A9L,2026-06-01,test
风光330,2022-01-01,train
风光330,2022-02-01,train
风光330,2022-03-01,train
风光330,2022-04-01,train
风光330,2022-05-01,train
风光330,2022-06-01,train
风光330,2022-07-01,train
风光330,2022-08-01,train
风光330,2022-09-01,train
风光330,2022-10-01,train
风光330,2022-11-01,train
风光330,2022-12-01,train
风光330,2023-01-01,train
风光330,2023-02-01,train
风光330,2023-03-01,train
风光330,2023-04-01,train
风光330,2023-05-01,train
风光330,2023-06-01,train
风光330,2023-07-01,train
风光330,2023-08-01,train
风光330,2023-09-01,train
风光330,2023-10-01,train
风光330,2023-11-01,train
风光330,2023-12-01,train
风光330,2024-01-01,train
风光330,2024-02-01,train
风光330,2024-03-01,train
风光330,2024-04-01,train
风光330,2024-05-01,train
风光330,2024-06-01,train
风光330,2024-07-01,train
风光330,2024-08-01,train
风光330,2024-09-01,train
风光330,2024-10-01,train
风光330,2024-11-01,train
风光330,2024-12-01,train
风光330,2025-01-01,train
风光330,2025-02-01,train
风光330,2025-03-01,train
风光330,2025-04-01,train
风光330,2025-05-01,train
风光330,2025-06-01,train
风光330,2025-07-01,val
风光330,2025-08-01,val
风光330,2025-09-01,val
风光330,2025-10-01,val
风光330,2025-11-01,val
风光330,2025-12-01,val
风光330,2026-01-01,test
风光330,2026-02-01,test
风光330,2026-03-01,test
风光330,2026-04-01,test
风光330,2026-05-01,test
风光330,2026-06-01,test
风光380,2022-01-01,train
风光380,2022-02-01,train
风光380,2022-03-01,train
风光380,2022-04-01,train
风光380,2022-05-01,train
风光380,2022-06-01,train
风光380,2022-07-01,train
风光380,2022-08-01,train
风光380,2022-09-01,train
风光380,2022-10-01,train
风光380,2022-11-01,train
风光380,2022-12-01,train
风光380,2023-01-01,train
风光380,2023-02-01,train
风光380,2023-03-01,train
风光380,2023-04-01,train
风光380,2023-05-01,train
风光380,2023-06-01,train
风光380,2023-07-01,train
风光380,2023-08-01,train
风光380,2023-09-01,train
风光380,2023-10-01,train
风光380,2023-11-01,train
风光380,2023-12-01,train
风光380,2024-01-01,train
风光380,2024-02-01,train
风光380,2024-03-01,train
风光380,2024-04-01,train
风光380,2024-05-01,train
风光380,2024-06-01,train
风光380,2024-07-01,train
风光380,2024-08-01,train
风光380,2024-09-01,train
风光380,2024-10-01,train
风光380,2024-11-01,train
风光380,2024-12-01,train
风光380,2025-01-01,train
风光380,2025-02-01,train
风光380,2025-03-01,train
风光380,2025-04-01,train
风光380,2025-05-01,train
风光380,2025-06-01,train
风光380,2025-07-01,val
风光380,2025-08-01,val
风光380,2025-09-01,val
风光380,2025-10-01,val
风光380,2025-11-01,val
风光380,2025-12-01,val
风光380,2026-01-01,test
风光380,2026-02-01,test
风光380,2026-03-01,test
风光380,2026-04-01,test
风光380,2026-05-01,test
风光380,2026-06-01,test
风光E380,2022-01-01,train
风光E380,2022-02-01,train
风光E380,2022-03-01,train
风光E380,2022-04-01,train
风光E380,2022-05-01,train
风光E380,2022-06-01,train
风光E380,2022-07-01,train
风光E380,2022-08-01,train
风光E380,2022-09-01,train
风光E380,2022-10-01,train
风光E380,2022-11-01,train
风光E380,2022-12-01,train
风光E380,2023-01-01,train
风光E380,2023-02-01,train
风光E380,2023-03-01,train
风光E380,2023-04-01,train
风光E380,2023-05-01,train
风光E380,2023-06-01,train
风光E380,2023-07-01,train
风光E380,2023-08-01,train
风光E380,2023-09-01,train
风光E380,2023-10-01,train
风光E380,2023-11-01,train
风光E380,2023-12-01,train
风光E380,2024-01-01,train
风光E380,2024-02-01,train
风光E380,2024-03-01,train
风光E380,2024-04-01,train
风光E380,2024-05-01,train
风光E380,2024-06-01,train
风光E380,2024-07-01,train
风光E380,2024-08-01,train
风光E380,2024-09-01,train
风光E380,2024-10-01,train
风光E380,2024-11-01,train
风光E380,2024-12-01,train
风光E380,2025-01-01,train
风光E380,2025-02-01,train
风光E380,2025-03-01,train
风光E380,2025-04-01,train
风光E380,2025-05-01,train
风光E380,2025-06-01,train
风光E380,2025-07-01,val
风光E380,2025-08-01,val
风光E380,2025-09-01,val
风光E380,2025-10-01,val
风光E380,2025-11-01,val
风光E380,2025-12-01,val
风光E380,2026-01-01,test
风光E380,2026-02-01,test
风光E380,2026-03-01,test
风光E380,2026-04-01,test
风光E380,2026-05-01,test
风光E380,2026-06-01,test
飞凡F7,2022-01-01,train
飞凡F7,2022-02-01,train
飞凡F7,2022-03-01,train
飞凡F7,2022-04-01,train
飞凡F7,2022-05-01,train
飞凡F7,2022-06-01,train
飞凡F7,2022-07-01,train
飞凡F7,2022-08-01,train
飞凡F7,2022-09-01,train
飞凡F7,2022-10-01,train
飞凡F7,2022-11-01,train
飞凡F7,2022-12-01,train
飞凡F7,2023-01-01,train
飞凡F7,2023-02-01,train
飞凡F7,2023-03-01,train
飞凡F7,2023-04-01,train
飞凡F7,2023-05-01,train
飞凡F7,2023-06-01,train
飞凡F7,2023-07-01,train
飞凡F7,2023-08-01,train
飞凡F7,2023-09-01,train
飞凡F7,2023-10-01,train
飞凡F7,2023-11-01,train
飞凡F7,2023-12-01,train
飞凡F7,2024-01-01,train
飞凡F7,2024-02-01,train
飞凡F7,2024-03-01,train
飞凡F7,2024-04-01,train
飞凡F7,2024-05-01,train
飞凡F7,2024-06-01,train
飞凡F7,2024-07-01,train
飞凡F7,2024-08-01,train
飞凡F7,2024-09-01,train
飞凡F7,2024-10-01,train
飞凡F7,2024-11-01,train
飞凡F7,2024-12-01,train
飞凡F7,2025-01-01,train
飞凡F7,2025-02-01,train
飞凡F7,2025-03-01,train
飞凡F7,2025-04-01,train
飞凡F7,2025-05-01,train
飞凡F7,2025-06-01,train
飞凡F7,2025-07-01,val
飞凡F7,2025-08-01,val
飞凡F7,2025-09-01,val
飞凡F7,2025-10-01,val
飞凡F7,2025-11-01,val
飞凡F7,2025-12-01,val
飞凡F7,2026-01-01,test
飞凡F7,2026-02-01,test
飞凡F7,2026-03-01,test
飞凡F7,2026-04-01,test
飞凡F7,2026-05-01,test
飞凡F7,2026-06-01,test
马自达3 昂克赛拉,2022-01-01,train
马自达3 昂克赛拉,2022-02-01,train
马自达3 昂克赛拉,2022-03-01,train
马自达3 昂克赛拉,2022-04-01,train
马自达3 昂克赛拉,2022-05-01,train
马自达3 昂克赛拉,2022-06-01,train
马自达3 昂克赛拉,2022-07-01,train
马自达3 昂克赛拉,2022-08-01,train
马自达3 昂克赛拉,2022-09-01,train
马自达3 昂克赛拉,2022-10-01,train
马自达3 昂克赛拉,2022-11-01,train
马自达3 昂克赛拉,2022-12-01,train
马自达3 昂克赛拉,2023-01-01,train
马自达3 昂克赛拉,2023-02-01,train
马自达3 昂克赛拉,2023-03-01,train
马自达3 昂克赛拉,2023-04-01,train
马自达3 昂克赛拉,2023-05-01,train
马自达3 昂克赛拉,2023-06-01,train
马自达3 昂克赛拉,2023-07-01,train
马自达3 昂克赛拉,2023-08-01,train
马自达3 昂克赛拉,2023-09-01,train
马自达3 昂克赛拉,2023-10-01,train
马自达3 昂克赛拉,2023-11-01,train
马自达3 昂克赛拉,2023-12-01,train
马自达3 昂克赛拉,2024-01-01,train
马自达3 昂克赛拉,2024-02-01,train
马自达3 昂克赛拉,2024-03-01,train
马自达3 昂克赛拉,2024-04-01,train
马自达3 昂克赛拉,2024-05-01,train
马自达3 昂克赛拉,2024-06-01,train
马自达3 昂克赛拉,2024-07-01,train
马自达3 昂克赛拉,2024-08-01,train
马自达3 昂克赛拉,2024-09-01,train
马自达3 昂克赛拉,2024-10-01,train
马自达3 昂克赛拉,2024-11-01,train
马自达3 昂克赛拉,2024-12-01,train
马自达3 昂克赛拉,2025-01-01,train
马自达3 昂克赛拉,2025-02-01,train
马自达3 昂克赛拉,2025-03-01,train
马自达3 昂克赛拉,2025-04-01,train
马自达3 昂克赛拉,2025-05-01,train
马自达3 昂克赛拉,2025-06-01,train
马自达3 昂克赛拉,2025-07-01,val
马自达3 昂克赛拉,2025-08-01,val
马自达3 昂克赛拉,2025-09-01,val
马自达3 昂克赛拉,2025-10-01,val
马自达3 昂克赛拉,2025-11-01,val
马自达3 昂克赛拉,2025-12-01,val
马自达3 昂克赛拉,2026-01-01,test
马自达3 昂克赛拉,2026-02-01,test
马自达3 昂克赛拉,2026-03-01,test
马自达3 昂克赛拉,2026-04-01,test
马自达3 昂克赛拉,2026-05-01,test
马自达3 昂克赛拉,2026-06-01,test
马自达EZ-6,2022-01-01,train
马自达EZ-6,2022-02-01,train
马自达EZ-6,2022-03-01,train
马自达EZ-6,2022-04-01,train
马自达EZ-6,2022-05-01,train
马自达EZ-6,2022-06-01,train
马自达EZ-6,2022-07-01,train
马自达EZ-6,2022-08-01,train
马自达EZ-6,2022-09-01,train
马自达EZ-6,2022-10-01,train
马自达EZ-6,2022-11-01,train
马自达EZ-6,2022-12-01,train
马自达EZ-6,2023-01-01,train
马自达EZ-6,2023-02-01,train
马自达EZ-6,2023-03-01,train
马自达EZ-6,2023-04-01,train
马自达EZ-6,2023-05-01,train
马自达EZ-6,2023-06-01,train
马自达EZ-6,2023-07-01,train
马自达EZ-6,2023-08-01,train
马自达EZ-6,2023-09-01,train
马自达EZ-6,2023-10-01,train
马自达EZ-6,2023-11-01,train
马自达EZ-6,2023-12-01,train
马自达EZ-6,2024-01-01,train
马自达EZ-6,2024-02-01,train
马自达EZ-6,2024-03-01,train
马自达EZ-6,2024-04-01,train
马自达EZ-6,2024-05-01,train
马自达EZ-6,2024-06-01,train
马自达EZ-6,2024-07-01,train
马自达EZ-6,2024-08-01,train
马自达EZ-6,2024-09-01,train
马自达EZ-6,2024-10-01,train
马自达EZ-6,2024-11-01,train
马自达EZ-6,2024-12-01,train
马自达EZ-6,2025-01-01,train
马自达EZ-6,2025-02-01,train
马自达EZ-6,2025-03-01,train
马自达EZ-6,2025-04-01,train
马自达EZ-6,2025-05-01,train
马自达EZ-6,2025-06-01,train
马自达EZ-6,2025-07-01,val
马自达EZ-6,2025-08-01,val
马自达EZ-6,2025-09-01,val
马自达EZ-6,2025-10-01,val
马自达EZ-6,2025-11-01,val
马自达EZ-6,2025-12-01,val
马自达EZ-6,2026-01-01,test
马自达EZ-6,2026-02-01,test
马自达EZ-6,2026-03-01,test
马自达EZ-6,2026-04-01,test
马自达EZ-6,2026-05-01,test
马自达EZ-6,2026-06-01,test
驱逐舰05,2022-01-01,train
驱逐舰05,2022-02-01,train
驱逐舰05,2022-03-01,train
驱逐舰05,2022-04-01,train
驱逐舰05,2022-05-01,train
驱逐舰05,2022-06-01,train
驱逐舰05,2022-07-01,train
驱逐舰05,2022-08-01,train
驱逐舰05,2022-09-01,train
驱逐舰05,2022-10-01,train
驱逐舰05,2022-11-01,train
驱逐舰05,2022-12-01,train
驱逐舰05,2023-01-01,train
驱逐舰05,2023-02-01,train
驱逐舰05,2023-03-01,train
驱逐舰05,2023-04-01,train
驱逐舰05,2023-05-01,train
驱逐舰05,2023-06-01,train
驱逐舰05,2023-07-01,train
驱逐舰05,2023-08-01,train
驱逐舰05,2023-09-01,train
驱逐舰05,2023-10-01,train
驱逐舰05,2023-11-01,train
驱逐舰05,2023-12-01,train
驱逐舰05,2024-01-01,train
驱逐舰05,2024-02-01,train
驱逐舰05,2024-03-01,train
驱逐舰05,2024-04-01,train
驱逐舰05,2024-05-01,train
驱逐舰05,2024-06-01,train
驱逐舰05,2024-07-01,train
驱逐舰05,2024-08-01,train
驱逐舰05,2024-09-01,train
驱逐舰05,2024-10-01,train
驱逐舰05,2024-11-01,train
驱逐舰05,2024-12-01,train
驱逐舰05,2025-01-01,train
驱逐舰05,2025-02-01,train
驱逐舰05,2025-03-01,train
驱逐舰05,2025-04-01,train
驱逐舰05,2025-05-01,train
驱逐舰05,2025-06-01,train
驱逐舰05,2025-07-01,val
驱逐舰05,2025-08-01,val
驱逐舰05,2025-09-01,val
驱逐舰05,2025-10-01,val
驱逐舰05,2025-11-01,val
驱逐舰05,2025-12-01,val
驱逐舰05,2026-01-01,test
驱逐舰05,2026-02-01,test
驱逐舰05,2026-03-01,test
驱逐舰05,2026-04-01,test
驱逐舰05,2026-05-01,test
驱逐舰05,2026-06-01,test
骐达,2022-01-01,train
骐达,2022-02-01,train
骐达,2022-03-01,train
骐达,2022-04-01,train
骐达,2022-05-01,train
骐达,2022-06-01,train
骐达,2022-07-01,train
骐达,2022-08-01,train
骐达,2022-09-01,train
骐达,2022-10-01,train
骐达,2022-11-01,train
骐达,2022-12-01,train
骐达,2023-01-01,train
骐达,2023-02-01,train
骐达,2023-03-01,train
骐达,2023-04-01,train
骐达,2023-05-01,train
骐达,2023-06-01,train
骐达,2023-07-01,train
骐达,2023-08-01,train
骐达,2023-09-01,train
骐达,2023-10-01,train
骐达,2023-11-01,train
骐达,2023-12-01,train
骐达,2024-01-01,train
骐达,2024-02-01,train
骐达,2024-03-01,train
骐达,2024-04-01,train
骐达,2024-05-01,train
骐达,2024-06-01,train
骐达,2024-07-01,train
骐达,2024-08-01,train
骐达,2024-09-01,train
骐达,2024-10-01,train
骐达,2024-11-01,train
骐达,2024-12-01,train
骐达,2025-01-01,train
骐达,2025-02-01,train
骐达,2025-03-01,train
骐达,2025-04-01,train
骐达,2025-05-01,train
骐达,2025-06-01,train
骐达,2025-07-01,val
骐达,2025-08-01,val
骐达,2025-09-01,val
骐达,2025-10-01,val
骐达,2025-11-01,val
骐达,2025-12-01,val
骐达,2026-01-01,test
骐达,2026-02-01,test
骐达,2026-03-01,test
骐达,2026-04-01,test
骐达,2026-05-01,test
骐达,2026-06-01,test
高尔夫,2022-01-01,train
高尔夫,2022-02-01,train
高尔夫,2022-03-01,train
高尔夫,2022-04-01,train
高尔夫,2022-05-01,train
高尔夫,2022-06-01,train
高尔夫,2022-07-01,train
高尔夫,2022-08-01,train
高尔夫,2022-09-01,train
高尔夫,2022-10-01,train
高尔夫,2022-11-01,train
高尔夫,2022-12-01,train
高尔夫,2023-01-01,train
高尔夫,2023-02-01,train
高尔夫,2023-03-01,train
高尔夫,2023-04-01,train
高尔夫,2023-05-01,train
高尔夫,2023-06-01,train
高尔夫,2023-07-01,train
高尔夫,2023-08-01,train
高尔夫,2023-09-01,train
高尔夫,2023-10-01,train
高尔夫,2023-11-01,train
高尔夫,2023-12-01,train
高尔夫,2024-01-01,train
高尔夫,2024-02-01,train
高尔夫,2024-03-01,train
高尔夫,2024-04-01,train
高尔夫,2024-05-01,train
高尔夫,2024-06-01,train
高尔夫,2024-07-01,train
高尔夫,2024-08-01,train
高尔夫,2024-09-01,train
高尔夫,2024-10-01,train
高尔夫,2024-11-01,train
高尔夫,2024-12-01,train
高尔夫,2025-01-01,train
高尔夫,2025-02-01,train
高尔夫,2025-03-01,train
高尔夫,2025-04-01,train
高尔夫,2025-05-01,train
高尔夫,2025-06-01,train
高尔夫,2025-07-01,val
高尔夫,2025-08-01,val
高尔夫,2025-09-01,val
高尔夫,2025-10-01,val
高尔夫,2025-11-01,val
高尔夫,2025-12-01,val
高尔夫,2026-01-01,test
高尔夫,2026-02-01,test
高尔夫,2026-03-01,test
高尔夫,2026-04-01,test
高尔夫,2026-05-01,test
高尔夫,2026-06-01,test
高尔夫GTI,2022-01-01,train
高尔夫GTI,2022-02-01,train
高尔夫GTI,2022-03-01,train
高尔夫GTI,2022-04-01,train
高尔夫GTI,2022-05-01,train
高尔夫GTI,2022-06-01,train
高尔夫GTI,2022-07-01,train
高尔夫GTI,2022-08-01,train
高尔夫GTI,2022-09-01,train
高尔夫GTI,2022-10-01,train
高尔夫GTI,2022-11-01,train
高尔夫GTI,2022-12-01,train
高尔夫GTI,2023-01-01,train
高尔夫GTI,2023-02-01,train
高尔夫GTI,2023-03-01,train
高尔夫GTI,2023-04-01,train
高尔夫GTI,2023-05-01,train
高尔夫GTI,2023-06-01,train
高尔夫GTI,2023-07-01,train
高尔夫GTI,2023-08-01,train
高尔夫GTI,2023-09-01,train
高尔夫GTI,2023-10-01,train
高尔夫GTI,2023-11-01,train
高尔夫GTI,2023-12-01,train
高尔夫GTI,2024-01-01,train
高尔夫GTI,2024-02-01,train
高尔夫GTI,2024-03-01,train
高尔夫GTI,2024-04-01,train
高尔夫GTI,2024-05-01,train
高尔夫GTI,2024-06-01,train
高尔夫GTI,2024-07-01,train
高尔夫GTI,2024-08-01,train
高尔夫GTI,2024-09-01,train
高尔夫GTI,2024-10-01,train
高尔夫GTI,2024-11-01,train
高尔夫GTI,2024-12-01,train
高尔夫GTI,2025-01-01,train
高尔夫GTI,2025-02-01,train
高尔夫GTI,2025-03-01,train
高尔夫GTI,2025-04-01,train
高尔夫GTI,2025-05-01,train
高尔夫GTI,2025-06-01,train
高尔夫GTI,2025-07-01,val
高尔夫GTI,2025-08-01,val
高尔夫GTI,2025-09-01,val
高尔夫GTI,2025-10-01,val
高尔夫GTI,2025-11-01,val
高尔夫GTI,2025-12-01,val
高尔夫GTI,2026-01-01,test
高尔夫GTI,2026-02-01,test
高尔夫GTI,2026-03-01,test
高尔夫GTI,2026-04-01,test
高尔夫GTI,2026-05-01,test
高尔夫GTI,2026-06-01,test
魏牌 高山,2022-01-01,train
魏牌 高山,2022-02-01,train
魏牌 高山,2022-03-01,train
魏牌 高山,2022-04-01,train
魏牌 高山,2022-05-01,train
魏牌 高山,2022-06-01,train
魏牌 高山,2022-07-01,train
魏牌 高山,2022-08-01,train
魏牌 高山,2022-09-01,train
魏牌 高山,2022-10-01,train
魏牌 高山,2022-11-01,train
魏牌 高山,2022-12-01,train
魏牌 高山,2023-01-01,train
魏牌 高山,2023-02-01,train
魏牌 高山,2023-03-01,train
魏牌 高山,2023-04-01,train
魏牌 高山,2023-05-01,train
魏牌 高山,2023-06-01,train
魏牌 高山,2023-07-01,train
魏牌 高山,2023-08-01,train
魏牌 高山,2023-09-01,train
魏牌 高山,2023-10-01,train
魏牌 高山,2023-11-01,train
魏牌 高山,2023-12-01,train
魏牌 高山,2024-01-01,train
魏牌 高山,2024-02-01,train
魏牌 高山,2024-03-01,train
魏牌 高山,2024-04-01,train
魏牌 高山,2024-05-01,train
魏牌 高山,2024-06-01,train
魏牌 高山,2024-07-01,train
魏牌 高山,2024-08-01,train
魏牌 高山,2024-09-01,train
魏牌 高山,2024-10-01,train
魏牌 高山,2024-11-01,train
魏牌 高山,2024-12-01,train
魏牌 高山,2025-01-01,train
魏牌 高山,2025-02-01,train
魏牌 高山,2025-03-01,train
魏牌 高山,2025-04-01,train
魏牌 高山,2025-05-01,train
魏牌 高山,2025-06-01,train
魏牌 高山,2025-07-01,val
魏牌 高山,2025-08-01,val
魏牌 高山,2025-09-01,val
魏牌 高山,2025-10-01,val
魏牌 高山,2025-11-01,val
魏牌 高山,2025-12-01,val
魏牌 高山,2026-01-01,test
魏牌 高山,2026-02-01,test
魏牌 高山,2026-03-01,test
魏牌 高山,2026-04-01,test
魏牌 高山,2026-05-01,test
魏牌 高山,2026-06-01,test
