series_name,source_series_id,source_series_name,source_identity_match,date,source_sales,source_url,fetched_at,content_sha256
长安启源Q05经典,sg30092,长安启源Q05经典,True,2022-06-01,,https://price.pcauto.com.cn/salescar/sg30092/y2022-m6/,2026-08-28T23:32:14+08:00,6d2e0193e9d237fc1627b2bde2d09712c874785f76d59c4af5cbc7c9cb7d42aa
长安启源Q05经典,sg30092,长安启源Q05经典,True,2022-05-01,,https://price.pcauto.com.cn/salescar/sg30092/y2022-m6/,2026-08-28T23:32:14+08:00,6d2e0193e9d237fc1627b2bde2d09712c874785f76d59c4af5cbc7c9cb7d42aa
长安启源Q05经典,sg30092,长安启源Q05经典,True,2022-04-01,,https://price.pcauto.com.cn/salescar/sg30092/y2022-m6/,2026-08-28T23:32:14+08:00,6d2e0193e9d237fc1627b2bde2d09712c874785f76d59c4af5cbc7c9cb7d42aa
长安启源Q05经典,sg30092,长安启源Q05经典,True,2022-03-01,,https://price.pcauto.com.cn/salescar/sg30092/y2022-m6/,2026-08-28T23:32:14+08:00,6d2e0193e9d237fc1627b2bde2d09712c874785f76d59c4af5cbc7c9cb7d42aa
长安启源Q05经典,sg30092,长安启源Q05经典,True,2022-02-01,,https://price.pcauto.com.cn/salescar/sg30092/y2022-m6/,2026-08-28T23:32:14+08:00,6d2e0193e9d237fc1627b2bde2d09712c874785f76d59c4af5cbc7c9cb7d42aa
长安启源Q05经典,sg30092,长安启源Q05经典,True,2022-01-01,,https://price.pcauto.com.cn/salescar/sg30092/y2022-m6/,2026-08-28T23:32:14+08:00,6d2e0193e9d237fc1627b2bde2d09712c874785f76d59c4af5cbc7c9cb7d42aa
长安启源Q05经典,sg30092,长安启源Q05经典,True,2022-12-01,,https://price.pcauto.com.cn/salescar/sg30092/y2022-m12/,2026-08-28T23:32:15+08:00,003ae9fda7b0ef86034f91836510dd4118b3dfd4a0bbaf5e38c7fd846b41cc6a
长安启源Q05经典,sg30092,长安启源Q05经典,True,2022-11-01,,https://price.pcauto.com.cn/salescar/sg30092/y2022-m12/,2026-08-28T23:32:15+08:00,003ae9fda7b0ef86034f91836510dd4118b3dfd4a0bbaf5e38c7fd846b41cc6a
长安启源Q05经典,sg30092,长安启源Q05经典,True,2022-10-01,,https://price.pcauto.com.cn/salescar/sg30092/y2022-m12/,2026-08-28T23:32:15+08:00,003ae9fda7b0ef86034f91836510dd4118b3dfd4a0bbaf5e38c7fd846b41cc6a
长安启源Q05经典,sg30092,长安启源Q05经典,True,2022-09-01,,https://price.pcauto.com.cn/salescar/sg30092/y2022-m12/,2026-08-28T23:32:15+08:00,003ae9fda7b0ef86034f91836510dd4118b3dfd4a0bbaf5e38c7fd846b41cc6a
长安启源Q05经典,sg30092,长安启源Q05经典,True,2022-08-01,,https://price.pcauto.com.cn/salescar/sg30092/y2022-m12/,2026-08-28T23:32:15+08:00,003ae9fda7b0ef86034f91836510dd4118b3dfd4a0bbaf5e38c7fd846b41cc6a
长安启源Q05经典,sg30092,长安启源Q05经典,True,2022-07-01,,https://price.pcauto.com.cn/salescar/sg30092/y2022-m12/,2026-08-28T23:32:15+08:00,003ae9fda7b0ef86034f91836510dd4118b3dfd4a0bbaf5e38c7fd846b41cc6a
长安启源Q05经典,sg30092,长安启源Q05经典,True,2023-06-01,,https://price.pcauto.com.cn/salescar/sg30092/y2023-m6/,2026-08-28T23:32:17+08:00,722c0451d8fa650f9b97b72e09558d195e2f02430f0df934d74a2427deddad75
长安启源Q05经典,sg30092,长安启源Q05经典,True,2023-05-01,,https://price.pcauto.com.cn/salescar/sg30092/y2023-m6/,2026-08-28T23:32:17+08:00,722c0451d8fa650f9b97b72e09558d195e2f02430f0df934d74a2427deddad75
长安启源Q05经典,sg30092,长安启源Q05经典,True,2023-04-01,,https://price.pcauto.com.cn/salescar/sg30092/y2023-m6/,2026-08-28T23:32:17+08:00,722c0451d8fa650f9b97b72e09558d195e2f02430f0df934d74a2427deddad75
长安启源Q05经典,sg30092,长安启源Q05经典,True,2023-03-01,,https://price.pcauto.com.cn/salescar/sg30092/y2023-m6/,2026-08-28T23:32:17+08:00,722c0451d8fa650f9b97b72e09558d195e2f02430f0df934d74a2427deddad75
长安启源Q05经典,sg30092,长安启源Q05经典,True,2023-02-01,,https://price.pcauto.com.cn/salescar/sg30092/y2023-m6/,2026-08-28T23:32:17+08:00,722c0451d8fa650f9b97b72e09558d195e2f02430f0df934d74a2427deddad75
长安启源Q05经典,sg30092,长安启源Q05经典,True,2023-01-01,,https://price.pcauto.com.cn/salescar/sg30092/y2023-m6/,2026-08-28T23:32:17+08:00,722c0451d8fa650f9b97b72e09558d195e2f02430f0df934d74a2427deddad75
长安启源Q05经典,sg30092,长安启源Q05经典,True,2023-12-01,338.0,https://price.pcauto.com.cn/salescar/sg30092/y2023-m12/,2026-08-28T23:32:18+08:00,4aecf753abcae2cba0b1643d402bf2b74d81642d315cb765efb381f463e982eb
长安启源Q05经典,sg30092,长安启源Q05经典,True,2023-11-01,,https://price.pcauto.com.cn/salescar/sg30092/y2023-m12/,2026-08-28T23:32:18+08:00,4aecf753abcae2cba0b1643d402bf2b74d81642d315cb765efb381f463e982eb
长安启源Q05经典,sg30092,长安启源Q05经典,True,2023-10-01,,https://price.pcauto.com.cn/salescar/sg30092/y2023-m12/,2026-08-28T23:32:18+08:00,4aecf753abcae2cba0b1643d402bf2b74d81642d315cb765efb381f463e982eb
长安启源Q05经典,sg30092,长安启源Q05经典,True,2023-09-01,,https://price.pcauto.com.cn/salescar/sg30092/y2023-m12/,2026-08-28T23:32:18+08:00,4aecf753abcae2cba0b1643d402bf2b74d81642d315cb765efb381f463e982eb
长安启源Q05经典,sg30092,长安启源Q05经典,True,2023-08-01,,https://price.pcauto.com.cn/salescar/sg30092/y2023-m12/,2026-08-28T23:32:18+08:00,4aecf753abcae2cba0b1643d402bf2b74d81642d315cb765efb381f463e982eb
长安启源Q05经典,sg30092,长安启源Q05经典,True,2023-07-01,,https://price.pcauto.com.cn/salescar/sg30092/y2023-m12/,2026-08-28T23:32:18+08:00,4aecf753abcae2cba0b1643d402bf2b74d81642d315cb765efb381f463e982eb
长安启源Q05经典,sg30092,长安启源Q05经典,True,2024-06-01,4196.0,https://price.pcauto.com.cn/salescar/sg30092/y2024-m6/,2026-08-28T23:32:20+08:00,ad4917b2926d5b8dcd77d577f62619850a7ff30ddd2a42805c7c2537b14880e8
长安启源Q05经典,sg30092,长安启源Q05经典,True,2024-05-01,4063.0,https://price.pcauto.com.cn/salescar/sg30092/y2024-m6/,2026-08-28T23:32:20+08:00,ad4917b2926d5b8dcd77d577f62619850a7ff30ddd2a42805c7c2537b14880e8
长安启源Q05经典,sg30092,长安启源Q05经典,True,2024-04-01,3241.0,https://price.pcauto.com.cn/salescar/sg30092/y2024-m6/,2026-08-28T23:32:20+08:00,ad4917b2926d5b8dcd77d577f62619850a7ff30ddd2a42805c7c2537b14880e8
长安启源Q05经典,sg30092,长安启源Q05经典,True,2024-03-01,4751.0,https://price.pcauto.com.cn/salescar/sg30092/y2024-m6/,2026-08-28T23:32:20+08:00,ad4917b2926d5b8dcd77d577f62619850a7ff30ddd2a42805c7c2537b14880e8
长安启源Q05经典,sg30092,长安启源Q05经典,True,2024-02-01,1749.0,https://price.pcauto.com.cn/salescar/sg30092/y2024-m6/,2026-08-28T23:32:20+08:00,ad4917b2926d5b8dcd77d577f62619850a7ff30ddd2a42805c7c2537b14880e8
长安启源Q05经典,sg30092,长安启源Q05经典,True,2024-01-01,,https://price.pcauto.com.cn/salescar/sg30092/y2024-m6/,2026-08-28T23:32:20+08:00,ad4917b2926d5b8dcd77d577f62619850a7ff30ddd2a42805c7c2537b14880e8
长安启源Q05经典,sg30092,长安启源Q05经典,True,2024-12-01,3201.0,https://price.pcauto.com.cn/salescar/sg30092/y2024-m12/,2026-08-28T23:32:22+08:00,cacbb75ec89eaafbbc6883700431ac883534b7f509f96157d8d50a7b57c24f99
长安启源Q05经典,sg30092,长安启源Q05经典,True,2024-11-01,3695.0,https://price.pcauto.com.cn/salescar/sg30092/y2024-m12/,2026-08-28T23:32:22+08:00,cacbb75ec89eaafbbc6883700431ac883534b7f509f96157d8d50a7b57c24f99
长安启源Q05经典,sg30092,长安启源Q05经典,True,2024-10-01,3478.0,https://price.pcauto.com.cn/salescar/sg30092/y2024-m12/,2026-08-28T23:32:22+08:00,cacbb75ec89eaafbbc6883700431ac883534b7f509f96157d8d50a7b57c24f99
长安启源Q05经典,sg30092,长安启源Q05经典,True,2024-09-01,3628.0,https://price.pcauto.com.cn/salescar/sg30092/y2024-m12/,2026-08-28T23:32:22+08:00,cacbb75ec89eaafbbc6883700431ac883534b7f509f96157d8d50a7b57c24f99
长安启源Q05经典,sg30092,长安启源Q05经典,True,2024-08-01,3503.0,https://price.pcauto.com.cn/salescar/sg30092/y2024-m12/,2026-08-28T23:32:22+08:00,cacbb75ec89eaafbbc6883700431ac883534b7f509f96157d8d50a7b57c24f99
长安启源Q05经典,sg30092,长安启源Q05经典,True,2024-07-01,2672.0,https://price.pcauto.com.cn/salescar/sg30092/y2024-m12/,2026-08-28T23:32:22+08:00,cacbb75ec89eaafbbc6883700431ac883534b7f509f96157d8d50a7b57c24f99
长安启源Q05经典,sg30092,长安启源Q05经典,True,2025-06-01,2112.0,https://price.pcauto.com.cn/salescar/sg30092/y2025-m6/,2026-08-28T23:32:24+08:00,36ed4348382713ec3d2c85e9c81bf15f74e345c343e0223c34d39597408a976f
长安启源Q05经典,sg30092,长安启源Q05经典,True,2025-05-01,1944.0,https://price.pcauto.com.cn/salescar/sg30092/y2025-m6/,2026-08-28T23:32:24+08:00,36ed4348382713ec3d2c85e9c81bf15f74e345c343e0223c34d39597408a976f
长安启源Q05经典,sg30092,长安启源Q05经典,True,2025-04-01,2136.0,https://price.pcauto.com.cn/salescar/sg30092/y2025-m6/,2026-08-28T23:32:24+08:00,36ed4348382713ec3d2c85e9c81bf15f74e345c343e0223c34d39597408a976f
长安启源Q05经典,sg30092,长安启源Q05经典,True,2025-03-01,3042.0,https://price.pcauto.com.cn/salescar/sg30092/y2025-m6/,2026-08-28T23:32:24+08:00,36ed4348382713ec3d2c85e9c81bf15f74e345c343e0223c34d39597408a976f
长安启源Q05经典,sg30092,长安启源Q05经典,True,2025-02-01,1323.0,https://price.pcauto.com.cn/salescar/sg30092/y2025-m6/,2026-08-28T23:32:24+08:00,36ed4348382713ec3d2c85e9c81bf15f74e345c343e0223c34d39597408a976f
长安启源Q05经典,sg30092,长安启源Q05经典,True,2025-01-01,2565.0,https://price.pcauto.com.cn/salescar/sg30092/y2025-m6/,2026-08-28T23:32:24+08:00,36ed4348382713ec3d2c85e9c81bf15f74e345c343e0223c34d39597408a976f
长安启源Q05经典,sg30092,长安启源Q05经典,True,2025-12-01,4074.0,https://price.pcauto.com.cn/salescar/sg30092/y2025-m12/,2026-08-28T23:32:25+08:00,dba497249ce07169d7cb05646f786cd30a223bfca12d3fa974479746fc3636df
长安启源Q05经典,sg30092,长安启源Q05经典,True,2025-11-01,1338.0,https://price.pcauto.com.cn/salescar/sg30092/y2025-m12/,2026-08-28T23:32:25+08:00,dba497249ce07169d7cb05646f786cd30a223bfca12d3fa974479746fc3636df
长安启源Q05经典,sg30092,长安启源Q05经典,True,2025-10-01,1649.0,https://price.pcauto.com.cn/salescar/sg30092/y2025-m12/,2026-08-28T23:32:25+08:00,dba497249ce07169d7cb05646f786cd30a223bfca12d3fa974479746fc3636df
长安启源Q05经典,sg30092,长安启源Q05经典,True,2025-09-01,1895.0,https://price.pcauto.com.cn/salescar/sg30092/y2025-m12/,2026-08-28T23:32:25+08:00,dba497249ce07169d7cb05646f786cd30a223bfca12d3fa974479746fc3636df
长安启源Q05经典,sg30092,长安启源Q05经典,True,2025-08-01,1193.0,https://price.pcauto.com.cn/salescar/sg30092/y2025-m12/,2026-08-28T23:32:25+08:00,dba497249ce07169d7cb05646f786cd30a223bfca12d3fa974479746fc3636df
长安启源Q05经典,sg30092,长安启源Q05经典,True,2025-07-01,932.0,https://price.pcauto.com.cn/salescar/sg30092/y2025-m12/,2026-08-28T23:32:25+08:00,dba497249ce07169d7cb05646f786cd30a223bfca12d3fa974479746fc3636df
长安启源Q05经典,sg30092,长安启源Q05经典,True,2026-06-01,,https://price.pcauto.com.cn/salescar/sg30092/y2026-m6/,2026-08-28T23:31:23+08:00,07e494d8ce01548760b5a9e4f9a6e8bbcd49cbce80cace0bc08f1cdc1241b1c9
长安启源Q05经典,sg30092,长安启源Q05经典,True,2026-05-01,,https://price.pcauto.com.cn/salescar/sg30092/y2026-m6/,2026-08-28T23:31:23+08:00,07e494d8ce01548760b5a9e4f9a6e8bbcd49cbce80cace0bc08f1cdc1241b1c9
长安启源Q05经典,sg30092,长安启源Q05经典,True,2026-04-01,,https://price.pcauto.com.cn/salescar/sg30092/y2026-m6/,2026-08-28T23:31:23+08:00,07e494d8ce01548760b5a9e4f9a6e8bbcd49cbce80cace0bc08f1cdc1241b1c9
长安启源Q05经典,sg30092,长安启源Q05经典,True,2026-03-01,,https://price.pcauto.com.cn/salescar/sg30092/y2026-m6/,2026-08-28T23:31:23+08:00,07e494d8ce01548760b5a9e4f9a6e8bbcd49cbce80cace0bc08f1cdc1241b1c9
长安启源Q05经典,sg30092,长安启源Q05经典,True,2026-02-01,,https://price.pcauto.com.cn/salescar/sg30092/y2026-m6/,2026-08-28T23:31:23+08:00,07e494d8ce01548760b5a9e4f9a6e8bbcd49cbce80cace0bc08f1cdc1241b1c9
长安启源Q05经典,sg30092,长安启源Q05经典,True,2026-01-01,,https://price.pcauto.com.cn/salescar/sg30092/y2026-m6/,2026-08-28T23:31:23+08:00,07e494d8ce01548760b5a9e4f9a6e8bbcd49cbce80cace0bc08f1cdc1241b1c9
奥迪Q5 e-tron,sg27551,奥迪Q5 e-tron,True,2022-06-01,125.0,https://price.pcauto.com.cn/salescar/sg27551/y2022-m6/,2026-08-28T23:32:28+08:00,7dd35a394d9fd466483f1f6238c93f640842154ff94fb303b5959a7e6633ef40
奥迪Q5 e-tron,sg27551,奥迪Q5 e-tron,True,2022-05-01,97.0,https://price.pcauto.com.cn/salescar/sg27551/y2022-m6/,2026-08-28T23:32:28+08:00,7dd35a394d9fd466483f1f6238c93f640842154ff94fb303b5959a7e6633ef40
奥迪Q5 e-tron,sg27551,奥迪Q5 e-tron,True,2022-04-01,,https://price.pcauto.com.cn/salescar/sg27551/y2022-m6/,2026-08-28T23:32:28+08:00,7dd35a394d9fd466483f1f6238c93f640842154ff94fb303b5959a7e6633ef40
奥迪Q5 e-tron,sg27551,奥迪Q5 e-tron,True,2022-03-01,62.0,https://price.pcauto.com.cn/salescar/sg27551/y2022-m6/,2026-08-28T23:32:28+08:00,7dd35a394d9fd466483f1f6238c93f640842154ff94fb303b5959a7e6633ef40
奥迪Q5 e-tron,sg27551,奥迪Q5 e-tron,True,2022-02-01,,https://price.pcauto.com.cn/salescar/sg27551/y2022-m6/,2026-08-28T23:32:28+08:00,7dd35a394d9fd466483f1f6238c93f640842154ff94fb303b5959a7e6633ef40
奥迪Q5 e-tron,sg27551,奥迪Q5 e-tron,True,2022-01-01,,https://price.pcauto.com.cn/salescar/sg27551/y2022-m6/,2026-08-28T23:32:28+08:00,7dd35a394d9fd466483f1f6238c93f640842154ff94fb303b5959a7e6633ef40
奥迪Q5 e-tron,sg27551,奥迪Q5 e-tron,True,2022-12-01,92.0,https://price.pcauto.com.cn/salescar/sg27551/y2022-m12/,2026-08-28T23:32:30+08:00,d0caf1f9cbaf208059d6efa95edc61742942ff10bca0a8aa062228729c247907
奥迪Q5 e-tron,sg27551,奥迪Q5 e-tron,True,2022-11-01,132.0,https://price.pcauto.com.cn/salescar/sg27551/y2022-m12/,2026-08-28T23:32:30+08:00,d0caf1f9cbaf208059d6efa95edc61742942ff10bca0a8aa062228729c247907
奥迪Q5 e-tron,sg27551,奥迪Q5 e-tron,True,2022-10-01,290.0,https://price.pcauto.com.cn/salescar/sg27551/y2022-m12/,2026-08-28T23:32:30+08:00,d0caf1f9cbaf208059d6efa95edc61742942ff10bca0a8aa062228729c247907
奥迪Q5 e-tron,sg27551,奥迪Q5 e-tron,True,2022-09-01,340.0,https://price.pcauto.com.cn/salescar/sg27551/y2022-m12/,2026-08-28T23:32:30+08:00,d0caf1f9cbaf208059d6efa95edc61742942ff10bca0a8aa062228729c247907
奥迪Q5 e-tron,sg27551,奥迪Q5 e-tron,True,2022-08-01,338.0,https://price.pcauto.com.cn/salescar/sg27551/y2022-m12/,2026-08-28T23:32:30+08:00,d0caf1f9cbaf208059d6efa95edc61742942ff10bca0a8aa062228729c247907
奥迪Q5 e-tron,sg27551,奥迪Q5 e-tron,True,2022-07-01,261.0,https://price.pcauto.com.cn/salescar/sg27551/y2022-m12/,2026-08-28T23:32:30+08:00,d0caf1f9cbaf208059d6efa95edc61742942ff10bca0a8aa062228729c247907
奥迪Q5 e-tron,sg27551,奥迪Q5 e-tron,True,2023-06-01,618.0,https://price.pcauto.com.cn/salescar/sg27551/y2023-m6/,2026-08-28T23:32:31+08:00,6febb5dc4d28ac2239053f1a8a692484ee4ec3eb78d466366d52d6a57d1c2bde
奥迪Q5 e-tron,sg27551,奥迪Q5 e-tron,True,2023-05-01,602.0,https://price.pcauto.com.cn/salescar/sg27551/y2023-m6/,2026-08-28T23:32:31+08:00,6febb5dc4d28ac2239053f1a8a692484ee4ec3eb78d466366d52d6a57d1c2bde
奥迪Q5 e-tron,sg27551,奥迪Q5 e-tron,True,2023-04-01,455.0,https://price.pcauto.com.cn/salescar/sg27551/y2023-m6/,2026-08-28T23:32:31+08:00,6febb5dc4d28ac2239053f1a8a692484ee4ec3eb78d466366d52d6a57d1c2bde
奥迪Q5 e-tron,sg27551,奥迪Q5 e-tron,True,2023-03-01,260.0,https://price.pcauto.com.cn/salescar/sg27551/y2023-m6/,2026-08-28T23:32:31+08:00,6febb5dc4d28ac2239053f1a8a692484ee4ec3eb78d466366d52d6a57d1c2bde
奥迪Q5 e-tron,sg27551,奥迪Q5 e-tron,True,2023-02-01,114.0,https://price.pcauto.com.cn/salescar/sg27551/y2023-m6/,2026-08-28T23:32:31+08:00,6febb5dc4d28ac2239053f1a8a692484ee4ec3eb78d466366d52d6a57d1c2bde
奥迪Q5 e-tron,sg27551,奥迪Q5 e-tron,True,2023-01-01,70.0,https://price.pcauto.com.cn/salescar/sg27551/y2023-m6/,2026-08-28T23:32:31+08:00,6febb5dc4d28ac2239053f1a8a692484ee4ec3eb78d466366d52d6a57d1c2bde
奥迪Q5 e-tron,sg27551,奥迪Q5 e-tron,True,2023-12-01,791.0,https://price.pcauto.com.cn/salescar/sg27551/y2023-m12/,2026-08-28T23:32:34+08:00,fa0594057a069c4adb6623c13fcc21a06d608bf8417e90d7078757408396c84b
奥迪Q5 e-tron,sg27551,奥迪Q5 e-tron,True,2023-11-01,600.0,https://price.pcauto.com.cn/salescar/sg27551/y2023-m12/,2026-08-28T23:32:34+08:00,fa0594057a069c4adb6623c13fcc21a06d608bf8417e90d7078757408396c84b
奥迪Q5 e-tron,sg27551,奥迪Q5 e-tron,True,2023-10-01,405.0,https://price.pcauto.com.cn/salescar/sg27551/y2023-m12/,2026-08-28T23:32:34+08:00,fa0594057a069c4adb6623c13fcc21a06d608bf8417e90d7078757408396c84b
奥迪Q5 e-tron,sg27551,奥迪Q5 e-tron,True,2023-09-01,510.0,https://price.pcauto.com.cn/salescar/sg27551/y2023-m12/,2026-08-28T23:32:34+08:00,fa0594057a069c4adb6623c13fcc21a06d608bf8417e90d7078757408396c84b
奥迪Q5 e-tron,sg27551,奥迪Q5 e-tron,True,2023-08-01,357.0,https://price.pcauto.com.cn/salescar/sg27551/y2023-m12/,2026-08-28T23:32:34+08:00,fa0594057a069c4adb6623c13fcc21a06d608bf8417e90d7078757408396c84b
奥迪Q5 e-tron,sg27551,奥迪Q5 e-tron,True,2023-07-01,425.0,https://price.pcauto.com.cn/salescar/sg27551/y2023-m12/,2026-08-28T23:32:34+08:00,fa0594057a069c4adb6623c13fcc21a06d608bf8417e90d7078757408396c84b
奥迪Q5 e-tron,sg27551,奥迪Q5 e-tron,True,2024-06-01,350.0,https://price.pcauto.com.cn/salescar/sg27551/y2024-m6/,2026-08-28T23:32:35+08:00,7684d7ffcac17684efd342c02bdc4b4b11e75cf10f9f636d52af9184eb30056d
奥迪Q5 e-tron,sg27551,奥迪Q5 e-tron,True,2024-05-01,400.0,https://price.pcauto.com.cn/salescar/sg27551/y2024-m6/,2026-08-28T23:32:35+08:00,7684d7ffcac17684efd342c02bdc4b4b11e75cf10f9f636d52af9184eb30056d
奥迪Q5 e-tron,sg27551,奥迪Q5 e-tron,True,2024-04-01,470.0,https://price.pcauto.com.cn/salescar/sg27551/y2024-m6/,2026-08-28T23:32:35+08:00,7684d7ffcac17684efd342c02bdc4b4b11e75cf10f9f636d52af9184eb30056d
奥迪Q5 e-tron,sg27551,奥迪Q5 e-tron,True,2024-03-01,390.0,https://price.pcauto.com.cn/salescar/sg27551/y2024-m6/,2026-08-28T23:32:35+08:00,7684d7ffcac17684efd342c02bdc4b4b11e75cf10f9f636d52af9184eb30056d
奥迪Q5 e-tron,sg27551,奥迪Q5 e-tron,True,2024-02-01,260.0,https://price.pcauto.com.cn/salescar/sg27551/y2024-m6/,2026-08-28T23:32:35+08:00,7684d7ffcac17684efd342c02bdc4b4b11e75cf10f9f636d52af9184eb30056d
奥迪Q5 e-tron,sg27551,奥迪Q5 e-tron,True,2024-01-01,330.0,https://price.pcauto.com.cn/salescar/sg27551/y2024-m6/,2026-08-28T23:32:35+08:00,7684d7ffcac17684efd342c02bdc4b4b11e75cf10f9f636d52af9184eb30056d
奥迪Q5 e-tron,sg27551,奥迪Q5 e-tron,True,2024-12-01,1092.0,https://price.pcauto.com.cn/salescar/sg27551/y2024-m12/,2026-08-28T23:32:37+08:00,b019355842654c341936ff2818f4b5bead244c01442c3713d5efd3ee9344f268
奥迪Q5 e-tron,sg27551,奥迪Q5 e-tron,True,2024-11-01,900.0,https://price.pcauto.com.cn/salescar/sg27551/y2024-m12/,2026-08-28T23:32:37+08:00,b019355842654c341936ff2818f4b5bead244c01442c3713d5efd3ee9344f268
奥迪Q5 e-tron,sg27551,奥迪Q5 e-tron,True,2024-10-01,700.0,https://price.pcauto.com.cn/salescar/sg27551/y2024-m12/,2026-08-28T23:32:37+08:00,b019355842654c341936ff2818f4b5bead244c01442c3713d5efd3ee9344f268
奥迪Q5 e-tron,sg27551,奥迪Q5 e-tron,True,2024-09-01,380.0,https://price.pcauto.com.cn/salescar/sg27551/y2024-m12/,2026-08-28T23:32:37+08:00,b019355842654c341936ff2818f4b5bead244c01442c3713d5efd3ee9344f268
奥迪Q5 e-tron,sg27551,奥迪Q5 e-tron,True,2024-08-01,380.0,https://price.pcauto.com.cn/salescar/sg27551/y2024-m12/,2026-08-28T23:32:37+08:00,b019355842654c341936ff2818f4b5bead244c01442c3713d5efd3ee9344f268
奥迪Q5 e-tron,sg27551,奥迪Q5 e-tron,True,2024-07-01,350.0,https://price.pcauto.com.cn/salescar/sg27551/y2024-m12/,2026-08-28T23:32:37+08:00,b019355842654c341936ff2818f4b5bead244c01442c3713d5efd3ee9344f268
奥迪Q5 e-tron,sg27551,奥迪Q5 e-tron,True,2025-06-01,109.0,https://price.pcauto.com.cn/salescar/sg27551/y2025-m6/,2026-08-28T23:32:39+08:00,d6464dedcdd3be579bf95e436b21123032bde7385ec8fd9ed4a4c7cc3613e055
奥迪Q5 e-tron,sg27551,奥迪Q5 e-tron,True,2025-05-01,650.0,https://price.pcauto.com.cn/salescar/sg27551/y2025-m6/,2026-08-28T23:32:39+08:00,d6464dedcdd3be579bf95e436b21123032bde7385ec8fd9ed4a4c7cc3613e055
奥迪Q5 e-tron,sg27551,奥迪Q5 e-tron,True,2025-04-01,450.0,https://price.pcauto.com.cn/salescar/sg27551/y2025-m6/,2026-08-28T23:32:39+08:00,d6464dedcdd3be579bf95e436b21123032bde7385ec8fd9ed4a4c7cc3613e055
奥迪Q5 e-tron,sg27551,奥迪Q5 e-tron,True,2025-03-01,750.0,https://price.pcauto.com.cn/salescar/sg27551/y2025-m6/,2026-08-28T23:32:39+08:00,d6464dedcdd3be579bf95e436b21123032bde7385ec8fd9ed4a4c7cc3613e055
奥迪Q5 e-tron,sg27551,奥迪Q5 e-tron,True,2025-02-01,150.0,https://price.pcauto.com.cn/salescar/sg27551/y2025-m6/,2026-08-28T23:32:39+08:00,d6464dedcdd3be579bf95e436b21123032bde7385ec8fd9ed4a4c7cc3613e055
奥迪Q5 e-tron,sg27551,奥迪Q5 e-tron,True,2025-01-01,200.0,https://price.pcauto.com.cn/salescar/sg27551/y2025-m6/,2026-08-28T23:32:39+08:00,d6464dedcdd3be579bf95e436b21123032bde7385ec8fd9ed4a4c7cc3613e055
奥迪Q5 e-tron,sg27551,奥迪Q5 e-tron,True,2025-12-01,100.0,https://price.pcauto.com.cn/salescar/sg27551/y2025-m12/,2026-08-28T23:32:40+08:00,5d5bdef018a04a757e9bfaec939ae2d8855687f92cc3bfe9662f5ba22bbe51cb
奥迪Q5 e-tron,sg27551,奥迪Q5 e-tron,True,2025-11-01,710.0,https://price.pcauto.com.cn/salescar/sg27551/y2025-m12/,2026-08-28T23:32:40+08:00,5d5bdef018a04a757e9bfaec939ae2d8855687f92cc3bfe9662f5ba22bbe51cb
奥迪Q5 e-tron,sg27551,奥迪Q5 e-tron,True,2025-10-01,20.0,https://price.pcauto.com.cn/salescar/sg27551/y2025-m12/,2026-08-28T23:32:40+08:00,5d5bdef018a04a757e9bfaec939ae2d8855687f92cc3bfe9662f5ba22bbe51cb
奥迪Q5 e-tron,sg27551,奥迪Q5 e-tron,True,2025-09-01,30.0,https://price.pcauto.com.cn/salescar/sg27551/y2025-m12/,2026-08-28T23:32:40+08:00,5d5bdef018a04a757e9bfaec939ae2d8855687f92cc3bfe9662f5ba22bbe51cb
奥迪Q5 e-tron,sg27551,奥迪Q5 e-tron,True,2025-08-01,99.0,https://price.pcauto.com.cn/salescar/sg27551/y2025-m12/,2026-08-28T23:32:40+08:00,5d5bdef018a04a757e9bfaec939ae2d8855687f92cc3bfe9662f5ba22bbe51cb
奥迪Q5 e-tron,sg27551,奥迪Q5 e-tron,True,2025-07-01,70.0,https://price.pcauto.com.cn/salescar/sg27551/y2025-m12/,2026-08-28T23:32:40+08:00,5d5bdef018a04a757e9bfaec939ae2d8855687f92cc3bfe9662f5ba22bbe51cb
奥迪Q5 e-tron,sg27551,奥迪Q5 e-tron,True,2026-06-01,,https://price.pcauto.com.cn/salescar/sg27551/y2026-m6/,2026-08-28T23:32:42+08:00,d5d1e64ab327d4b213658ee44d3e8b6ef49425fab7a4313570f6ec0dfb7ab824
奥迪Q5 e-tron,sg27551,奥迪Q5 e-tron,True,2026-05-01,,https://price.pcauto.com.cn/salescar/sg27551/y2026-m6/,2026-08-28T23:32:42+08:00,d5d1e64ab327d4b213658ee44d3e8b6ef49425fab7a4313570f6ec0dfb7ab824
奥迪Q5 e-tron,sg27551,奥迪Q5 e-tron,True,2026-04-01,,https://price.pcauto.com.cn/salescar/sg27551/y2026-m6/,2026-08-28T23:32:42+08:00,d5d1e64ab327d4b213658ee44d3e8b6ef49425fab7a4313570f6ec0dfb7ab824
奥迪Q5 e-tron,sg27551,奥迪Q5 e-tron,True,2026-03-01,,https://price.pcauto.com.cn/salescar/sg27551/y2026-m6/,2026-08-28T23:32:42+08:00,d5d1e64ab327d4b213658ee44d3e8b6ef49425fab7a4313570f6ec0dfb7ab824
奥迪Q5 e-tron,sg27551,奥迪Q5 e-tron,True,2026-02-01,,https://price.pcauto.com.cn/salescar/sg27551/y2026-m6/,2026-08-28T23:32:42+08:00,d5d1e64ab327d4b213658ee44d3e8b6ef49425fab7a4313570f6ec0dfb7ab824
奥迪Q5 e-tron,sg27551,奥迪Q5 e-tron,True,2026-01-01,,https://price.pcauto.com.cn/salescar/sg27551/y2026-m6/,2026-08-28T23:32:42+08:00,d5d1e64ab327d4b213658ee44d3e8b6ef49425fab7a4313570f6ec0dfb7ab824
电动MINI COOPER,sg30347,电动MINI COOPER,True,2022-06-01,,https://price.pcauto.com.cn/salescar/sg30347/y2022-m6/,2026-08-28T23:32:44+08:00,a9ff7ea5842c5517ebaf0a1e477d60aeac7205ad97c31ba55f4324570998947f
电动MINI COOPER,sg30347,电动MINI COOPER,True,2022-05-01,,https://price.pcauto.com.cn/salescar/sg30347/y2022-m6/,2026-08-28T23:32:44+08:00,a9ff7ea5842c5517ebaf0a1e477d60aeac7205ad97c31ba55f4324570998947f
电动MINI COOPER,sg30347,电动MINI COOPER,True,2022-04-01,,https://price.pcauto.com.cn/salescar/sg30347/y2022-m6/,2026-08-28T23:32:44+08:00,a9ff7ea5842c5517ebaf0a1e477d60aeac7205ad97c31ba55f4324570998947f
电动MINI COOPER,sg30347,电动MINI COOPER,True,2022-03-01,,https://price.pcauto.com.cn/salescar/sg30347/y2022-m6/,2026-08-28T23:32:44+08:00,a9ff7ea5842c5517ebaf0a1e477d60aeac7205ad97c31ba55f4324570998947f
电动MINI COOPER,sg30347,电动MINI COOPER,True,2022-02-01,,https://price.pcauto.com.cn/salescar/sg30347/y2022-m6/,2026-08-28T23:32:44+08:00,a9ff7ea5842c5517ebaf0a1e477d60aeac7205ad97c31ba55f4324570998947f
电动MINI COOPER,sg30347,电动MINI COOPER,True,2022-01-01,,https://price.pcauto.com.cn/salescar/sg30347/y2022-m6/,2026-08-28T23:32:44+08:00,a9ff7ea5842c5517ebaf0a1e477d60aeac7205ad97c31ba55f4324570998947f
电动MINI COOPER,sg30347,电动MINI COOPER,True,2022-12-01,,https://price.pcauto.com.cn/salescar/sg30347/y2022-m12/,2026-08-28T23:32:46+08:00,50c2f637c8a60297bfb26ededc2551c843028e186b6f9cab4a50afffd1b7b64d
电动MINI COOPER,sg30347,电动MINI COOPER,True,2022-11-01,,https://price.pcauto.com.cn/salescar/sg30347/y2022-m12/,2026-08-28T23:32:46+08:00,50c2f637c8a60297bfb26ededc2551c843028e186b6f9cab4a50afffd1b7b64d
电动MINI COOPER,sg30347,电动MINI COOPER,True,2022-10-01,,https://price.pcauto.com.cn/salescar/sg30347/y2022-m12/,2026-08-28T23:32:46+08:00,50c2f637c8a60297bfb26ededc2551c843028e186b6f9cab4a50afffd1b7b64d
电动MINI COOPER,sg30347,电动MINI COOPER,True,2022-09-01,,https://price.pcauto.com.cn/salescar/sg30347/y2022-m12/,2026-08-28T23:32:46+08:00,50c2f637c8a60297bfb26ededc2551c843028e186b6f9cab4a50afffd1b7b64d
电动MINI COOPER,sg30347,电动MINI COOPER,True,2022-08-01,,https://price.pcauto.com.cn/salescar/sg30347/y2022-m12/,2026-08-28T23:32:46+08:00,50c2f637c8a60297bfb26ededc2551c843028e186b6f9cab4a50afffd1b7b64d
电动MINI COOPER,sg30347,电动MINI COOPER,True,2022-07-01,,https://price.pcauto.com.cn/salescar/sg30347/y2022-m12/,2026-08-28T23:32:46+08:00,50c2f637c8a60297bfb26ededc2551c843028e186b6f9cab4a50afffd1b7b64d
电动MINI COOPER,sg30347,电动MINI COOPER,True,2023-06-01,,https://price.pcauto.com.cn/salescar/sg30347/y2023-m6/,2026-08-28T23:32:47+08:00,67fa9c037403e2bccd1029dbd2a32cbca2d43767cb23aebfc16e4c32e8ded1a3
电动MINI COOPER,sg30347,电动MINI COOPER,True,2023-05-01,,https://price.pcauto.com.cn/salescar/sg30347/y2023-m6/,2026-08-28T23:32:47+08:00,67fa9c037403e2bccd1029dbd2a32cbca2d43767cb23aebfc16e4c32e8ded1a3
电动MINI COOPER,sg30347,电动MINI COOPER,True,2023-04-01,,https://price.pcauto.com.cn/salescar/sg30347/y2023-m6/,2026-08-28T23:32:47+08:00,67fa9c037403e2bccd1029dbd2a32cbca2d43767cb23aebfc16e4c32e8ded1a3
电动MINI COOPER,sg30347,电动MINI COOPER,True,2023-03-01,,https://price.pcauto.com.cn/salescar/sg30347/y2023-m6/,2026-08-28T23:32:47+08:00,67fa9c037403e2bccd1029dbd2a32cbca2d43767cb23aebfc16e4c32e8ded1a3
电动MINI COOPER,sg30347,电动MINI COOPER,True,2023-02-01,,https://price.pcauto.com.cn/salescar/sg30347/y2023-m6/,2026-08-28T23:32:47+08:00,67fa9c037403e2bccd1029dbd2a32cbca2d43767cb23aebfc16e4c32e8ded1a3
电动MINI COOPER,sg30347,电动MINI COOPER,True,2023-01-01,,https://price.pcauto.com.cn/salescar/sg30347/y2023-m6/,2026-08-28T23:32:47+08:00,67fa9c037403e2bccd1029dbd2a32cbca2d43767cb23aebfc16e4c32e8ded1a3
电动MINI COOPER,sg30347,电动MINI COOPER,True,2023-12-01,,https://price.pcauto.com.cn/salescar/sg30347/y2023-m12/,2026-08-28T23:32:49+08:00,9f3e89e3a1813d4044cad38f16a3f5d99b79cea66212874a11c0c71c5427e85e
电动MINI COOPER,sg30347,电动MINI COOPER,True,2023-11-01,,https://price.pcauto.com.cn/salescar/sg30347/y2023-m12/,2026-08-28T23:32:49+08:00,9f3e89e3a1813d4044cad38f16a3f5d99b79cea66212874a11c0c71c5427e85e
电动MINI COOPER,sg30347,电动MINI COOPER,True,2023-10-01,,https://price.pcauto.com.cn/salescar/sg30347/y2023-m12/,2026-08-28T23:32:49+08:00,9f3e89e3a1813d4044cad38f16a3f5d99b79cea66212874a11c0c71c5427e85e
电动MINI COOPER,sg30347,电动MINI COOPER,True,2023-09-01,,https://price.pcauto.com.cn/salescar/sg30347/y2023-m12/,2026-08-28T23:32:49+08:00,9f3e89e3a1813d4044cad38f16a3f5d99b79cea66212874a11c0c71c5427e85e
电动MINI COOPER,sg30347,电动MINI COOPER,True,2023-08-01,,https://price.pcauto.com.cn/salescar/sg30347/y2023-m12/,2026-08-28T23:32:49+08:00,9f3e89e3a1813d4044cad38f16a3f5d99b79cea66212874a11c0c71c5427e85e
电动MINI COOPER,sg30347,电动MINI COOPER,True,2023-07-01,,https://price.pcauto.com.cn/salescar/sg30347/y2023-m12/,2026-08-28T23:32:49+08:00,9f3e89e3a1813d4044cad38f16a3f5d99b79cea66212874a11c0c71c5427e85e
电动MINI COOPER,sg30347,电动MINI COOPER,True,2024-06-01,,https://price.pcauto.com.cn/salescar/sg30347/y2024-m6/,2026-08-28T23:32:51+08:00,d145cc37f5d12246e51297bf863e7c3b7963a9bb5451b2e92be808ac738b3485
电动MINI COOPER,sg30347,电动MINI COOPER,True,2024-05-01,,https://price.pcauto.com.cn/salescar/sg30347/y2024-m6/,2026-08-28T23:32:51+08:00,d145cc37f5d12246e51297bf863e7c3b7963a9bb5451b2e92be808ac738b3485
电动MINI COOPER,sg30347,电动MINI COOPER,True,2024-04-01,,https://price.pcauto.com.cn/salescar/sg30347/y2024-m6/,2026-08-28T23:32:51+08:00,d145cc37f5d12246e51297bf863e7c3b7963a9bb5451b2e92be808ac738b3485
电动MINI COOPER,sg30347,电动MINI COOPER,True,2024-03-01,,https://price.pcauto.com.cn/salescar/sg30347/y2024-m6/,2026-08-28T23:32:51+08:00,d145cc37f5d12246e51297bf863e7c3b7963a9bb5451b2e92be808ac738b3485
电动MINI COOPER,sg30347,电动MINI COOPER,True,2024-02-01,,https://price.pcauto.com.cn/salescar/sg30347/y2024-m6/,2026-08-28T23:32:51+08:00,d145cc37f5d12246e51297bf863e7c3b7963a9bb5451b2e92be808ac738b3485
电动MINI COOPER,sg30347,电动MINI COOPER,True,2024-01-01,,https://price.pcauto.com.cn/salescar/sg30347/y2024-m6/,2026-08-28T23:32:51+08:00,d145cc37f5d12246e51297bf863e7c3b7963a9bb5451b2e92be808ac738b3485
电动MINI COOPER,sg30347,电动MINI COOPER,True,2024-12-01,,https://price.pcauto.com.cn/salescar/sg30347/y2024-m12/,2026-08-28T23:32:53+08:00,c0169e3e1bc823ed380172e31df2bf8ae80090a940313b3ead95e2fed89f458f
电动MINI COOPER,sg30347,电动MINI COOPER,True,2024-11-01,,https://price.pcauto.com.cn/salescar/sg30347/y2024-m12/,2026-08-28T23:32:53+08:00,c0169e3e1bc823ed380172e31df2bf8ae80090a940313b3ead95e2fed89f458f
电动MINI COOPER,sg30347,电动MINI COOPER,True,2024-10-01,,https://price.pcauto.com.cn/salescar/sg30347/y2024-m12/,2026-08-28T23:32:53+08:00,c0169e3e1bc823ed380172e31df2bf8ae80090a940313b3ead95e2fed89f458f
电动MINI COOPER,sg30347,电动MINI COOPER,True,2024-09-01,,https://price.pcauto.com.cn/salescar/sg30347/y2024-m12/,2026-08-28T23:32:53+08:00,c0169e3e1bc823ed380172e31df2bf8ae80090a940313b3ead95e2fed89f458f
电动MINI COOPER,sg30347,电动MINI COOPER,True,2024-08-01,,https://price.pcauto.com.cn/salescar/sg30347/y2024-m12/,2026-08-28T23:32:53+08:00,c0169e3e1bc823ed380172e31df2bf8ae80090a940313b3ead95e2fed89f458f
电动MINI COOPER,sg30347,电动MINI COOPER,True,2024-07-01,,https://price.pcauto.com.cn/salescar/sg30347/y2024-m12/,2026-08-28T23:32:53+08:00,c0169e3e1bc823ed380172e31df2bf8ae80090a940313b3ead95e2fed89f458f
电动MINI COOPER,sg30347,电动MINI COOPER,True,2025-06-01,1658.0,https://price.pcauto.com.cn/salescar/sg30347/y2025-m6/,2026-08-28T23:32:55+08:00,10967f0882350633bc7e128c45a51b3676cd8a502b213b7eb4109a75378e7008
电动MINI COOPER,sg30347,电动MINI COOPER,True,2025-05-01,1913.0,https://price.pcauto.com.cn/salescar/sg30347/y2025-m6/,2026-08-28T23:32:55+08:00,10967f0882350633bc7e128c45a51b3676cd8a502b213b7eb4109a75378e7008
电动MINI COOPER,sg30347,电动MINI COOPER,True,2025-04-01,604.0,https://price.pcauto.com.cn/salescar/sg30347/y2025-m6/,2026-08-28T23:32:55+08:00,10967f0882350633bc7e128c45a51b3676cd8a502b213b7eb4109a75378e7008
电动MINI COOPER,sg30347,电动MINI COOPER,True,2025-03-01,579.0,https://price.pcauto.com.cn/salescar/sg30347/y2025-m6/,2026-08-28T23:32:55+08:00,10967f0882350633bc7e128c45a51b3676cd8a502b213b7eb4109a75378e7008
电动MINI COOPER,sg30347,电动MINI COOPER,True,2025-02-01,,https://price.pcauto.com.cn/salescar/sg30347/y2025-m6/,2026-08-28T23:32:55+08:00,10967f0882350633bc7e128c45a51b3676cd8a502b213b7eb4109a75378e7008
电动MINI COOPER,sg30347,电动MINI COOPER,True,2025-01-01,,https://price.pcauto.com.cn/salescar/sg30347/y2025-m6/,2026-08-28T23:32:55+08:00,10967f0882350633bc7e128c45a51b3676cd8a502b213b7eb4109a75378e7008
电动MINI COOPER,sg30347,电动MINI COOPER,True,2025-12-01,298.0,https://price.pcauto.com.cn/salescar/sg30347/y2025-m12/,2026-08-28T23:32:57+08:00,30efd2f7030e327b7586bacfcc317ddaf25ace24fb1e4ee260ec8b6ee7b87689
电动MINI COOPER,sg30347,电动MINI COOPER,True,2025-11-01,146.0,https://price.pcauto.com.cn/salescar/sg30347/y2025-m12/,2026-08-28T23:32:57+08:00,30efd2f7030e327b7586bacfcc317ddaf25ace24fb1e4ee260ec8b6ee7b87689
电动MINI COOPER,sg30347,电动MINI COOPER,True,2025-10-01,1740.0,https://price.pcauto.com.cn/salescar/sg30347/y2025-m12/,2026-08-28T23:32:57+08:00,30efd2f7030e327b7586bacfcc317ddaf25ace24fb1e4ee260ec8b6ee7b87689
电动MINI COOPER,sg30347,电动MINI COOPER,True,2025-09-01,242.0,https://price.pcauto.com.cn/salescar/sg30347/y2025-m12/,2026-08-28T23:32:57+08:00,30efd2f7030e327b7586bacfcc317ddaf25ace24fb1e4ee260ec8b6ee7b87689
电动MINI COOPER,sg30347,电动MINI COOPER,True,2025-08-01,645.0,https://price.pcauto.com.cn/salescar/sg30347/y2025-m12/,2026-08-28T23:32:57+08:00,30efd2f7030e327b7586bacfcc317ddaf25ace24fb1e4ee260ec8b6ee7b87689
电动MINI COOPER,sg30347,电动MINI COOPER,True,2025-07-01,1707.0,https://price.pcauto.com.cn/salescar/sg30347/y2025-m12/,2026-08-28T23:32:57+08:00,30efd2f7030e327b7586bacfcc317ddaf25ace24fb1e4ee260ec8b6ee7b87689
电动MINI COOPER,sg30347,电动MINI COOPER,True,2026-06-01,,https://price.pcauto.com.cn/salescar/sg30347/y2026-m6/,2026-08-28T23:32:58+08:00,282dc0aa83b3098fe7291461756c90a066c5b12c24d23e657e5a6c8792477fb4
电动MINI COOPER,sg30347,电动MINI COOPER,True,2026-05-01,,https://price.pcauto.com.cn/salescar/sg30347/y2026-m6/,2026-08-28T23:32:58+08:00,282dc0aa83b3098fe7291461756c90a066c5b12c24d23e657e5a6c8792477fb4
电动MINI COOPER,sg30347,电动MINI COOPER,True,2026-04-01,,https://price.pcauto.com.cn/salescar/sg30347/y2026-m6/,2026-08-28T23:32:58+08:00,282dc0aa83b3098fe7291461756c90a066c5b12c24d23e657e5a6c8792477fb4
电动MINI COOPER,sg30347,电动MINI COOPER,True,2026-03-01,,https://price.pcauto.com.cn/salescar/sg30347/y2026-m6/,2026-08-28T23:32:58+08:00,282dc0aa83b3098fe7291461756c90a066c5b12c24d23e657e5a6c8792477fb4
电动MINI COOPER,sg30347,电动MINI COOPER,True,2026-02-01,,https://price.pcauto.com.cn/salescar/sg30347/y2026-m6/,2026-08-28T23:32:58+08:00,282dc0aa83b3098fe7291461756c90a066c5b12c24d23e657e5a6c8792477fb4
电动MINI COOPER,sg30347,电动MINI COOPER,True,2026-01-01,,https://price.pcauto.com.cn/salescar/sg30347/y2026-m6/,2026-08-28T23:32:58+08:00,282dc0aa83b3098fe7291461756c90a066c5b12c24d23e657e5a6c8792477fb4
海马8S,sg22904,海马8S,True,2022-06-01,74.0,https://price.pcauto.com.cn/salescar/sg22904/y2022-m6/,2026-08-28T23:32:59+08:00,755c3ea360389d640078d403cf0628a69e05558ffa13e99792ee05a635e7402b
海马8S,sg22904,海马8S,True,2022-05-01,67.0,https://price.pcauto.com.cn/salescar/sg22904/y2022-m6/,2026-08-28T23:32:59+08:00,755c3ea360389d640078d403cf0628a69e05558ffa13e99792ee05a635e7402b
海马8S,sg22904,海马8S,True,2022-04-01,13.0,https://price.pcauto.com.cn/salescar/sg22904/y2022-m6/,2026-08-28T23:32:59+08:00,755c3ea360389d640078d403cf0628a69e05558ffa13e99792ee05a635e7402b
海马8S,sg22904,海马8S,True,2022-03-01,18.0,https://price.pcauto.com.cn/salescar/sg22904/y2022-m6/,2026-08-28T23:32:59+08:00,755c3ea360389d640078d403cf0628a69e05558ffa13e99792ee05a635e7402b
海马8S,sg22904,海马8S,True,2022-02-01,14.0,https://price.pcauto.com.cn/salescar/sg22904/y2022-m6/,2026-08-28T23:32:59+08:00,755c3ea360389d640078d403cf0628a69e05558ffa13e99792ee05a635e7402b
海马8S,sg22904,海马8S,True,2022-01-01,22.0,https://price.pcauto.com.cn/salescar/sg22904/y2022-m6/,2026-08-28T23:32:59+08:00,755c3ea360389d640078d403cf0628a69e05558ffa13e99792ee05a635e7402b
海马8S,sg22904,海马8S,True,2022-12-01,61.0,https://price.pcauto.com.cn/salescar/sg22904/y2022-m12/,2026-08-28T23:33:02+08:00,1d52685c0a212bad6b086125f36ae4907e084f782562541844488cc371d99688
海马8S,sg22904,海马8S,True,2022-11-01,10.0,https://price.pcauto.com.cn/salescar/sg22904/y2022-m12/,2026-08-28T23:33:02+08:00,1d52685c0a212bad6b086125f36ae4907e084f782562541844488cc371d99688
海马8S,sg22904,海马8S,True,2022-10-01,249.0,https://price.pcauto.com.cn/salescar/sg22904/y2022-m12/,2026-08-28T23:33:02+08:00,1d52685c0a212bad6b086125f36ae4907e084f782562541844488cc371d99688
海马8S,sg22904,海马8S,True,2022-09-01,153.0,https://price.pcauto.com.cn/salescar/sg22904/y2022-m12/,2026-08-28T23:33:02+08:00,1d52685c0a212bad6b086125f36ae4907e084f782562541844488cc371d99688
海马8S,sg22904,海马8S,True,2022-08-01,190.0,https://price.pcauto.com.cn/salescar/sg22904/y2022-m12/,2026-08-28T23:33:02+08:00,1d52685c0a212bad6b086125f36ae4907e084f782562541844488cc371d99688
海马8S,sg22904,海马8S,True,2022-07-01,60.0,https://price.pcauto.com.cn/salescar/sg22904/y2022-m12/,2026-08-28T23:33:02+08:00,1d52685c0a212bad6b086125f36ae4907e084f782562541844488cc371d99688
海马8S,sg22904,海马8S,True,2023-06-01,482.0,https://price.pcauto.com.cn/salescar/sg22904/y2023-m6/,2026-08-28T23:33:04+08:00,52d8d9ac542fe86945d7f18c3af8c3a7c8488525a88ed06e5e0f1c7d5b400766
海马8S,sg22904,海马8S,True,2023-05-01,964.0,https://price.pcauto.com.cn/salescar/sg22904/y2023-m6/,2026-08-28T23:33:04+08:00,52d8d9ac542fe86945d7f18c3af8c3a7c8488525a88ed06e5e0f1c7d5b400766
海马8S,sg22904,海马8S,True,2023-04-01,1000.0,https://price.pcauto.com.cn/salescar/sg22904/y2023-m6/,2026-08-28T23:33:04+08:00,52d8d9ac542fe86945d7f18c3af8c3a7c8488525a88ed06e5e0f1c7d5b400766
海马8S,sg22904,海马8S,True,2023-03-01,961.0,https://price.pcauto.com.cn/salescar/sg22904/y2023-m6/,2026-08-28T23:33:04+08:00,52d8d9ac542fe86945d7f18c3af8c3a7c8488525a88ed06e5e0f1c7d5b400766
海马8S,sg22904,海马8S,True,2023-02-01,122.0,https://price.pcauto.com.cn/salescar/sg22904/y2023-m6/,2026-08-28T23:33:04+08:00,52d8d9ac542fe86945d7f18c3af8c3a7c8488525a88ed06e5e0f1c7d5b400766
海马8S,sg22904,海马8S,True,2023-01-01,487.0,https://price.pcauto.com.cn/salescar/sg22904/y2023-m6/,2026-08-28T23:33:04+08:00,52d8d9ac542fe86945d7f18c3af8c3a7c8488525a88ed06e5e0f1c7d5b400766
海马8S,sg22904,海马8S,True,2023-12-01,991.0,https://price.pcauto.com.cn/salescar/sg22904/y2023-m12/,2026-08-28T23:33:05+08:00,a933096d900342ddcfc188be152515a50540bc4557f001506e686138e5603d24
海马8S,sg22904,海马8S,True,2023-11-01,6.0,https://price.pcauto.com.cn/salescar/sg22904/y2023-m12/,2026-08-28T23:33:05+08:00,a933096d900342ddcfc188be152515a50540bc4557f001506e686138e5603d24
海马8S,sg22904,海马8S,True,2023-10-01,,https://price.pcauto.com.cn/salescar/sg22904/y2023-m12/,2026-08-28T23:33:05+08:00,a933096d900342ddcfc188be152515a50540bc4557f001506e686138e5603d24
海马8S,sg22904,海马8S,True,2023-09-01,,https://price.pcauto.com.cn/salescar/sg22904/y2023-m12/,2026-08-28T23:33:05+08:00,a933096d900342ddcfc188be152515a50540bc4557f001506e686138e5603d24
海马8S,sg22904,海马8S,True,2023-08-01,,https://price.pcauto.com.cn/salescar/sg22904/y2023-m12/,2026-08-28T23:33:05+08:00,a933096d900342ddcfc188be152515a50540bc4557f001506e686138e5603d24
海马8S,sg22904,海马8S,True,2023-07-01,3.0,https://price.pcauto.com.cn/salescar/sg22904/y2023-m12/,2026-08-28T23:33:05+08:00,a933096d900342ddcfc188be152515a50540bc4557f001506e686138e5603d24
海马8S,sg22904,海马8S,True,2024-06-01,,https://price.pcauto.com.cn/salescar/sg22904/y2024-m6/,2026-08-28T23:33:07+08:00,e20c092935dbc4aabac9e67e07daa5ff1ffe52cd02dcfe72caea790f2d8d79db
海马8S,sg22904,海马8S,True,2024-05-01,,https://price.pcauto.com.cn/salescar/sg22904/y2024-m6/,2026-08-28T23:33:07+08:00,e20c092935dbc4aabac9e67e07daa5ff1ffe52cd02dcfe72caea790f2d8d79db
海马8S,sg22904,海马8S,True,2024-04-01,,https://price.pcauto.com.cn/salescar/sg22904/y2024-m6/,2026-08-28T23:33:07+08:00,e20c092935dbc4aabac9e67e07daa5ff1ffe52cd02dcfe72caea790f2d8d79db
海马8S,sg22904,海马8S,True,2024-03-01,,https://price.pcauto.com.cn/salescar/sg22904/y2024-m6/,2026-08-28T23:33:07+08:00,e20c092935dbc4aabac9e67e07daa5ff1ffe52cd02dcfe72caea790f2d8d79db
海马8S,sg22904,海马8S,True,2024-02-01,,https://price.pcauto.com.cn/salescar/sg22904/y2024-m6/,2026-08-28T23:33:07+08:00,e20c092935dbc4aabac9e67e07daa5ff1ffe52cd02dcfe72caea790f2d8d79db
海马8S,sg22904,海马8S,True,2024-01-01,27.0,https://price.pcauto.com.cn/salescar/sg22904/y2024-m6/,2026-08-28T23:33:07+08:00,e20c092935dbc4aabac9e67e07daa5ff1ffe52cd02dcfe72caea790f2d8d79db
海马8S,sg22904,海马8S,True,2024-12-01,1730.0,https://price.pcauto.com.cn/salescar/sg22904/y2024-m12/,2026-08-28T23:33:09+08:00,7c691c5221a3e1f7bc5fc82ec62a806941e5a9a0a5aaa3970728a087a26f1d85
海马8S,sg22904,海马8S,True,2024-11-01,,https://price.pcauto.com.cn/salescar/sg22904/y2024-m12/,2026-08-28T23:33:09+08:00,7c691c5221a3e1f7bc5fc82ec62a806941e5a9a0a5aaa3970728a087a26f1d85
海马8S,sg22904,海马8S,True,2024-10-01,,https://price.pcauto.com.cn/salescar/sg22904/y2024-m12/,2026-08-28T23:33:09+08:00,7c691c5221a3e1f7bc5fc82ec62a806941e5a9a0a5aaa3970728a087a26f1d85
海马8S,sg22904,海马8S,True,2024-09-01,,https://price.pcauto.com.cn/salescar/sg22904/y2024-m12/,2026-08-28T23:33:09+08:00,7c691c5221a3e1f7bc5fc82ec62a806941e5a9a0a5aaa3970728a087a26f1d85
海马8S,sg22904,海马8S,True,2024-08-01,245.0,https://price.pcauto.com.cn/salescar/sg22904/y2024-m12/,2026-08-28T23:33:09+08:00,7c691c5221a3e1f7bc5fc82ec62a806941e5a9a0a5aaa3970728a087a26f1d85
海马8S,sg22904,海马8S,True,2024-07-01,,https://price.pcauto.com.cn/salescar/sg22904/y2024-m12/,2026-08-28T23:33:09+08:00,7c691c5221a3e1f7bc5fc82ec62a806941e5a9a0a5aaa3970728a087a26f1d85
海马8S,sg22904,海马8S,True,2025-06-01,,https://price.pcauto.com.cn/salescar/sg22904/y2025-m6/,2026-08-28T23:33:14+08:00,b010a099b122d705270e0489900d79f12561d1442b3f3e762e3a2f121aa04acb
海马8S,sg22904,海马8S,True,2025-05-01,,https://price.pcauto.com.cn/salescar/sg22904/y2025-m6/,2026-08-28T23:33:14+08:00,b010a099b122d705270e0489900d79f12561d1442b3f3e762e3a2f121aa04acb
海马8S,sg22904,海马8S,True,2025-04-01,,https://price.pcauto.com.cn/salescar/sg22904/y2025-m6/,2026-08-28T23:33:14+08:00,b010a099b122d705270e0489900d79f12561d1442b3f3e762e3a2f121aa04acb
海马8S,sg22904,海马8S,True,2025-03-01,,https://price.pcauto.com.cn/salescar/sg22904/y2025-m6/,2026-08-28T23:33:14+08:00,b010a099b122d705270e0489900d79f12561d1442b3f3e762e3a2f121aa04acb
海马8S,sg22904,海马8S,True,2025-02-01,,https://price.pcauto.com.cn/salescar/sg22904/y2025-m6/,2026-08-28T23:33:14+08:00,b010a099b122d705270e0489900d79f12561d1442b3f3e762e3a2f121aa04acb
海马8S,sg22904,海马8S,True,2025-01-01,,https://price.pcauto.com.cn/salescar/sg22904/y2025-m6/,2026-08-28T23:33:14+08:00,b010a099b122d705270e0489900d79f12561d1442b3f3e762e3a2f121aa04acb
海马8S,sg22904,海马8S,True,2025-12-01,483.0,https://price.pcauto.com.cn/salescar/sg22904/y2025-m12/,2026-08-28T23:33:15+08:00,ce22a89378d48d00c2822292fd1685f3d4f4d90399274ad857f8a41311174b98
海马8S,sg22904,海马8S,True,2025-11-01,480.0,https://price.pcauto.com.cn/salescar/sg22904/y2025-m12/,2026-08-28T23:33:15+08:00,ce22a89378d48d00c2822292fd1685f3d4f4d90399274ad857f8a41311174b98
海马8S,sg22904,海马8S,True,2025-10-01,,https://price.pcauto.com.cn/salescar/sg22904/y2025-m12/,2026-08-28T23:33:15+08:00,ce22a89378d48d00c2822292fd1685f3d4f4d90399274ad857f8a41311174b98
海马8S,sg22904,海马8S,True,2025-09-01,,https://price.pcauto.com.cn/salescar/sg22904/y2025-m12/,2026-08-28T23:33:15+08:00,ce22a89378d48d00c2822292fd1685f3d4f4d90399274ad857f8a41311174b98
海马8S,sg22904,海马8S,True,2025-08-01,480.0,https://price.pcauto.com.cn/salescar/sg22904/y2025-m12/,2026-08-28T23:33:15+08:00,ce22a89378d48d00c2822292fd1685f3d4f4d90399274ad857f8a41311174b98
海马8S,sg22904,海马8S,True,2025-07-01,44.0,https://price.pcauto.com.cn/salescar/sg22904/y2025-m12/,2026-08-28T23:33:15+08:00,ce22a89378d48d00c2822292fd1685f3d4f4d90399274ad857f8a41311174b98
海马8S,sg22904,海马8S,True,2026-06-01,,https://price.pcauto.com.cn/salescar/sg22904/y2026-m6/,2026-08-28T23:33:17+08:00,76497140bd2f973a771852ce3678cfd27c2aeee5f57ea3c44efb18941fede16e
海马8S,sg22904,海马8S,True,2026-05-01,,https://price.pcauto.com.cn/salescar/sg22904/y2026-m6/,2026-08-28T23:33:17+08:00,76497140bd2f973a771852ce3678cfd27c2aeee5f57ea3c44efb18941fede16e
海马8S,sg22904,海马8S,True,2026-04-01,,https://price.pcauto.com.cn/salescar/sg22904/y2026-m6/,2026-08-28T23:33:17+08:00,76497140bd2f973a771852ce3678cfd27c2aeee5f57ea3c44efb18941fede16e
海马8S,sg22904,海马8S,True,2026-03-01,,https://price.pcauto.com.cn/salescar/sg22904/y2026-m6/,2026-08-28T23:33:17+08:00,76497140bd2f973a771852ce3678cfd27c2aeee5f57ea3c44efb18941fede16e
海马8S,sg22904,海马8S,True,2026-02-01,,https://price.pcauto.com.cn/salescar/sg22904/y2026-m6/,2026-08-28T23:33:17+08:00,76497140bd2f973a771852ce3678cfd27c2aeee5f57ea3c44efb18941fede16e
海马8S,sg22904,海马8S,True,2026-01-01,,https://price.pcauto.com.cn/salescar/sg22904/y2026-m6/,2026-08-28T23:33:17+08:00,76497140bd2f973a771852ce3678cfd27c2aeee5f57ea3c44efb18941fede16e
奔奔E-Star,sg26061,奔奔E-Star,True,2022-06-01,10088.0,https://price.pcauto.com.cn/salescar/sg26061/y2022-m6/,2026-08-28T23:33:19+08:00,4eaee9e1ddf351d42c40e4381c134babdf57988318c5efb2bd74de766a57a65c
奔奔E-Star,sg26061,奔奔E-Star,True,2022-05-01,8429.0,https://price.pcauto.com.cn/salescar/sg26061/y2022-m6/,2026-08-28T23:33:19+08:00,4eaee9e1ddf351d42c40e4381c134babdf57988318c5efb2bd74de766a57a65c
奔奔E-Star,sg26061,奔奔E-Star,True,2022-04-01,6692.0,https://price.pcauto.com.cn/salescar/sg26061/y2022-m6/,2026-08-28T23:33:19+08:00,4eaee9e1ddf351d42c40e4381c134babdf57988318c5efb2bd74de766a57a65c
奔奔E-Star,sg26061,奔奔E-Star,True,2022-03-01,10707.0,https://price.pcauto.com.cn/salescar/sg26061/y2022-m6/,2026-08-28T23:33:19+08:00,4eaee9e1ddf351d42c40e4381c134babdf57988318c5efb2bd74de766a57a65c
奔奔E-Star,sg26061,奔奔E-Star,True,2022-02-01,5613.0,https://price.pcauto.com.cn/salescar/sg26061/y2022-m6/,2026-08-28T23:33:19+08:00,4eaee9e1ddf351d42c40e4381c134babdf57988318c5efb2bd74de766a57a65c
奔奔E-Star,sg26061,奔奔E-Star,True,2022-01-01,9852.0,https://price.pcauto.com.cn/salescar/sg26061/y2022-m6/,2026-08-28T23:33:19+08:00,4eaee9e1ddf351d42c40e4381c134babdf57988318c5efb2bd74de766a57a65c
奔奔E-Star,sg26061,奔奔E-Star,True,2022-12-01,6349.0,https://price.pcauto.com.cn/salescar/sg26061/y2022-m12/,2026-08-28T23:33:21+08:00,3ad50d30a8717558b7cde5e02453a4dcb7cc7d0479a740ed6b70eb48d12f4a87
奔奔E-Star,sg26061,奔奔E-Star,True,2022-11-01,5451.0,https://price.pcauto.com.cn/salescar/sg26061/y2022-m12/,2026-08-28T23:33:21+08:00,3ad50d30a8717558b7cde5e02453a4dcb7cc7d0479a740ed6b70eb48d12f4a87
奔奔E-Star,sg26061,奔奔E-Star,True,2022-10-01,9664.0,https://price.pcauto.com.cn/salescar/sg26061/y2022-m12/,2026-08-28T23:33:21+08:00,3ad50d30a8717558b7cde5e02453a4dcb7cc7d0479a740ed6b70eb48d12f4a87
奔奔E-Star,sg26061,奔奔E-Star,True,2022-09-01,6655.0,https://price.pcauto.com.cn/salescar/sg26061/y2022-m12/,2026-08-28T23:33:21+08:00,3ad50d30a8717558b7cde5e02453a4dcb7cc7d0479a740ed6b70eb48d12f4a87
奔奔E-Star,sg26061,奔奔E-Star,True,2022-08-01,3880.0,https://price.pcauto.com.cn/salescar/sg26061/y2022-m12/,2026-08-28T23:33:21+08:00,3ad50d30a8717558b7cde5e02453a4dcb7cc7d0479a740ed6b70eb48d12f4a87
奔奔E-Star,sg26061,奔奔E-Star,True,2022-07-01,8726.0,https://price.pcauto.com.cn/salescar/sg26061/y2022-m12/,2026-08-28T23:33:21+08:00,3ad50d30a8717558b7cde5e02453a4dcb7cc7d0479a740ed6b70eb48d12f4a87
奔奔E-Star,sg26061,奔奔E-Star,True,2023-06-01,936.0,https://price.pcauto.com.cn/salescar/sg26061/y2023-m6/,2026-08-28T23:33:23+08:00,3c9a230aa9287873abe6d5398ed390db4ebda6735252ff36af38d1f84e44f989
奔奔E-Star,sg26061,奔奔E-Star,True,2023-05-01,771.0,https://price.pcauto.com.cn/salescar/sg26061/y2023-m6/,2026-08-28T23:33:23+08:00,3c9a230aa9287873abe6d5398ed390db4ebda6735252ff36af38d1f84e44f989
奔奔E-Star,sg26061,奔奔E-Star,True,2023-04-01,42.0,https://price.pcauto.com.cn/salescar/sg26061/y2023-m6/,2026-08-28T23:33:23+08:00,3c9a230aa9287873abe6d5398ed390db4ebda6735252ff36af38d1f84e44f989
奔奔E-Star,sg26061,奔奔E-Star,True,2023-03-01,14.0,https://price.pcauto.com.cn/salescar/sg26061/y2023-m6/,2026-08-28T23:33:23+08:00,3c9a230aa9287873abe6d5398ed390db4ebda6735252ff36af38d1f84e44f989
奔奔E-Star,sg26061,奔奔E-Star,True,2023-02-01,,https://price.pcauto.com.cn/salescar/sg26061/y2023-m6/,2026-08-28T23:33:23+08:00,3c9a230aa9287873abe6d5398ed390db4ebda6735252ff36af38d1f84e44f989
奔奔E-Star,sg26061,奔奔E-Star,True,2023-01-01,4683.0,https://price.pcauto.com.cn/salescar/sg26061/y2023-m6/,2026-08-28T23:33:23+08:00,3c9a230aa9287873abe6d5398ed390db4ebda6735252ff36af38d1f84e44f989
奔奔E-Star,sg26061,奔奔E-Star,True,2023-12-01,1471.0,https://price.pcauto.com.cn/salescar/sg26061/y2023-m12/,2026-08-28T23:33:24+08:00,12a55dbd53d8a72ae88393dcd239565cd568f6f3a4d8c0682dc18b992a95350e
奔奔E-Star,sg26061,奔奔E-Star,True,2023-11-01,2281.0,https://price.pcauto.com.cn/salescar/sg26061/y2023-m12/,2026-08-28T23:33:24+08:00,12a55dbd53d8a72ae88393dcd239565cd568f6f3a4d8c0682dc18b992a95350e
奔奔E-Star,sg26061,奔奔E-Star,True,2023-10-01,3342.0,https://price.pcauto.com.cn/salescar/sg26061/y2023-m12/,2026-08-28T23:33:24+08:00,12a55dbd53d8a72ae88393dcd239565cd568f6f3a4d8c0682dc18b992a95350e
奔奔E-Star,sg26061,奔奔E-Star,True,2023-09-01,1458.0,https://price.pcauto.com.cn/salescar/sg26061/y2023-m12/,2026-08-28T23:33:24+08:00,12a55dbd53d8a72ae88393dcd239565cd568f6f3a4d8c0682dc18b992a95350e
奔奔E-Star,sg26061,奔奔E-Star,True,2023-08-01,1169.0,https://price.pcauto.com.cn/salescar/sg26061/y2023-m12/,2026-08-28T23:33:24+08:00,12a55dbd53d8a72ae88393dcd239565cd568f6f3a4d8c0682dc18b992a95350e
奔奔E-Star,sg26061,奔奔E-Star,True,2023-07-01,538.0,https://price.pcauto.com.cn/salescar/sg26061/y2023-m12/,2026-08-28T23:33:24+08:00,12a55dbd53d8a72ae88393dcd239565cd568f6f3a4d8c0682dc18b992a95350e
奔奔E-Star,sg26061,奔奔E-Star,True,2024-06-01,134.0,https://price.pcauto.com.cn/salescar/sg26061/y2024-m6/,2026-08-28T23:33:26+08:00,52b9e3c718f7f8e203338fe91b0bec5c90a7505ecd89d313eb62267d9d1dd2c7
奔奔E-Star,sg26061,奔奔E-Star,True,2024-05-01,418.0,https://price.pcauto.com.cn/salescar/sg26061/y2024-m6/,2026-08-28T23:33:26+08:00,52b9e3c718f7f8e203338fe91b0bec5c90a7505ecd89d313eb62267d9d1dd2c7
奔奔E-Star,sg26061,奔奔E-Star,True,2024-04-01,374.0,https://price.pcauto.com.cn/salescar/sg26061/y2024-m6/,2026-08-28T23:33:26+08:00,52b9e3c718f7f8e203338fe91b0bec5c90a7505ecd89d313eb62267d9d1dd2c7
奔奔E-Star,sg26061,奔奔E-Star,True,2024-03-01,814.0,https://price.pcauto.com.cn/salescar/sg26061/y2024-m6/,2026-08-28T23:33:26+08:00,52b9e3c718f7f8e203338fe91b0bec5c90a7505ecd89d313eb62267d9d1dd2c7
奔奔E-Star,sg26061,奔奔E-Star,True,2024-02-01,339.0,https://price.pcauto.com.cn/salescar/sg26061/y2024-m6/,2026-08-28T23:33:26+08:00,52b9e3c718f7f8e203338fe91b0bec5c90a7505ecd89d313eb62267d9d1dd2c7
奔奔E-Star,sg26061,奔奔E-Star,True,2024-01-01,423.0,https://price.pcauto.com.cn/salescar/sg26061/y2024-m6/,2026-08-28T23:33:26+08:00,52b9e3c718f7f8e203338fe91b0bec5c90a7505ecd89d313eb62267d9d1dd2c7
奔奔E-Star,sg26061,奔奔E-Star,True,2024-12-01,4.0,https://price.pcauto.com.cn/salescar/sg26061/y2024-m12/,2026-08-28T23:33:28+08:00,4d26ce7d1ba2cb0fb14f005778a888378fbe1fbbd1c450e23dc5ad64073d3305
奔奔E-Star,sg26061,奔奔E-Star,True,2024-11-01,13.0,https://price.pcauto.com.cn/salescar/sg26061/y2024-m12/,2026-08-28T23:33:28+08:00,4d26ce7d1ba2cb0fb14f005778a888378fbe1fbbd1c450e23dc5ad64073d3305
奔奔E-Star,sg26061,奔奔E-Star,True,2024-10-01,16.0,https://price.pcauto.com.cn/salescar/sg26061/y2024-m12/,2026-08-28T23:33:28+08:00,4d26ce7d1ba2cb0fb14f005778a888378fbe1fbbd1c450e23dc5ad64073d3305
奔奔E-Star,sg26061,奔奔E-Star,True,2024-09-01,29.0,https://price.pcauto.com.cn/salescar/sg26061/y2024-m12/,2026-08-28T23:33:28+08:00,4d26ce7d1ba2cb0fb14f005778a888378fbe1fbbd1c450e23dc5ad64073d3305
奔奔E-Star,sg26061,奔奔E-Star,True,2024-08-01,636.0,https://price.pcauto.com.cn/salescar/sg26061/y2024-m12/,2026-08-28T23:33:28+08:00,4d26ce7d1ba2cb0fb14f005778a888378fbe1fbbd1c450e23dc5ad64073d3305
奔奔E-Star,sg26061,奔奔E-Star,True,2024-07-01,549.0,https://price.pcauto.com.cn/salescar/sg26061/y2024-m12/,2026-08-28T23:33:28+08:00,4d26ce7d1ba2cb0fb14f005778a888378fbe1fbbd1c450e23dc5ad64073d3305
奔奔E-Star,sg26061,奔奔E-Star,True,2025-06-01,10.0,https://price.pcauto.com.cn/salescar/sg26061/y2025-m6/,2026-08-28T23:33:30+08:00,173722db91a016a64c28ad63e03342a8849f79a43000ba4011ee7117d48f7f95
奔奔E-Star,sg26061,奔奔E-Star,True,2025-05-01,,https://price.pcauto.com.cn/salescar/sg26061/y2025-m6/,2026-08-28T23:33:30+08:00,173722db91a016a64c28ad63e03342a8849f79a43000ba4011ee7117d48f7f95
奔奔E-Star,sg26061,奔奔E-Star,True,2025-04-01,,https://price.pcauto.com.cn/salescar/sg26061/y2025-m6/,2026-08-28T23:33:30+08:00,173722db91a016a64c28ad63e03342a8849f79a43000ba4011ee7117d48f7f95
奔奔E-Star,sg26061,奔奔E-Star,True,2025-03-01,,https://price.pcauto.com.cn/salescar/sg26061/y2025-m6/,2026-08-28T23:33:30+08:00,173722db91a016a64c28ad63e03342a8849f79a43000ba4011ee7117d48f7f95
奔奔E-Star,sg26061,奔奔E-Star,True,2025-02-01,3.0,https://price.pcauto.com.cn/salescar/sg26061/y2025-m6/,2026-08-28T23:33:30+08:00,173722db91a016a64c28ad63e03342a8849f79a43000ba4011ee7117d48f7f95
奔奔E-Star,sg26061,奔奔E-Star,True,2025-01-01,2775.0,https://price.pcauto.com.cn/salescar/sg26061/y2025-m6/,2026-08-28T23:33:30+08:00,173722db91a016a64c28ad63e03342a8849f79a43000ba4011ee7117d48f7f95
奔奔E-Star,sg26061,奔奔E-Star,True,2025-12-01,3.0,https://price.pcauto.com.cn/salescar/sg26061/y2025-m12/,2026-08-28T23:33:31+08:00,8e4081d4aa03018a5339f8348e63e167d3ab4d7ce4b1c9b144eb18ca3296db90
奔奔E-Star,sg26061,奔奔E-Star,True,2025-11-01,,https://price.pcauto.com.cn/salescar/sg26061/y2025-m12/,2026-08-28T23:33:31+08:00,8e4081d4aa03018a5339f8348e63e167d3ab4d7ce4b1c9b144eb18ca3296db90
奔奔E-Star,sg26061,奔奔E-Star,True,2025-10-01,,https://price.pcauto.com.cn/salescar/sg26061/y2025-m12/,2026-08-28T23:33:31+08:00,8e4081d4aa03018a5339f8348e63e167d3ab4d7ce4b1c9b144eb18ca3296db90
奔奔E-Star,sg26061,奔奔E-Star,True,2025-09-01,,https://price.pcauto.com.cn/salescar/sg26061/y2025-m12/,2026-08-28T23:33:31+08:00,8e4081d4aa03018a5339f8348e63e167d3ab4d7ce4b1c9b144eb18ca3296db90
奔奔E-Star,sg26061,奔奔E-Star,True,2025-08-01,,https://price.pcauto.com.cn/salescar/sg26061/y2025-m12/,2026-08-28T23:33:31+08:00,8e4081d4aa03018a5339f8348e63e167d3ab4d7ce4b1c9b144eb18ca3296db90
奔奔E-Star,sg26061,奔奔E-Star,True,2025-07-01,11.0,https://price.pcauto.com.cn/salescar/sg26061/y2025-m12/,2026-08-28T23:33:31+08:00,8e4081d4aa03018a5339f8348e63e167d3ab4d7ce4b1c9b144eb18ca3296db90
奔奔E-Star,sg26061,奔奔E-Star,True,2026-06-01,,https://price.pcauto.com.cn/salescar/sg26061/y2026-m6/,2026-08-28T23:33:33+08:00,35725cb64032f8e06ecff033d75570a7cf311e28a819642239044c2b9f4d82e0
奔奔E-Star,sg26061,奔奔E-Star,True,2026-05-01,,https://price.pcauto.com.cn/salescar/sg26061/y2026-m6/,2026-08-28T23:33:33+08:00,35725cb64032f8e06ecff033d75570a7cf311e28a819642239044c2b9f4d82e0
奔奔E-Star,sg26061,奔奔E-Star,True,2026-04-01,,https://price.pcauto.com.cn/salescar/sg26061/y2026-m6/,2026-08-28T23:33:33+08:00,35725cb64032f8e06ecff033d75570a7cf311e28a819642239044c2b9f4d82e0
奔奔E-Star,sg26061,奔奔E-Star,True,2026-03-01,,https://price.pcauto.com.cn/salescar/sg26061/y2026-m6/,2026-08-28T23:33:33+08:00,35725cb64032f8e06ecff033d75570a7cf311e28a819642239044c2b9f4d82e0
奔奔E-Star,sg26061,奔奔E-Star,True,2026-02-01,,https://price.pcauto.com.cn/salescar/sg26061/y2026-m6/,2026-08-28T23:33:33+08:00,35725cb64032f8e06ecff033d75570a7cf311e28a819642239044c2b9f4d82e0
奔奔E-Star,sg26061,奔奔E-Star,True,2026-01-01,,https://price.pcauto.com.cn/salescar/sg26061/y2026-m6/,2026-08-28T23:33:33+08:00,35725cb64032f8e06ecff033d75570a7cf311e28a819642239044c2b9f4d82e0
摩卡,sg27201,摩卡,True,2022-06-01,448.0,https://price.pcauto.com.cn/salescar/sg27201/y2022-m6/,2026-08-28T23:33:35+08:00,a51f9064d50bde14f9bf4fde035d89385a5a4064a7a7991865146123862ee325
摩卡,sg27201,摩卡,True,2022-05-01,435.0,https://price.pcauto.com.cn/salescar/sg27201/y2022-m6/,2026-08-28T23:33:35+08:00,a51f9064d50bde14f9bf4fde035d89385a5a4064a7a7991865146123862ee325
摩卡,sg27201,摩卡,True,2022-04-01,495.0,https://price.pcauto.com.cn/salescar/sg27201/y2022-m6/,2026-08-28T23:33:35+08:00,a51f9064d50bde14f9bf4fde035d89385a5a4064a7a7991865146123862ee325
摩卡,sg27201,摩卡,True,2022-03-01,1360.0,https://price.pcauto.com.cn/salescar/sg27201/y2022-m6/,2026-08-28T23:33:35+08:00,a51f9064d50bde14f9bf4fde035d89385a5a4064a7a7991865146123862ee325
摩卡,sg27201,摩卡,True,2022-02-01,1729.0,https://price.pcauto.com.cn/salescar/sg27201/y2022-m6/,2026-08-28T23:33:35+08:00,a51f9064d50bde14f9bf4fde035d89385a5a4064a7a7991865146123862ee325
摩卡,sg27201,摩卡,True,2022-01-01,2542.0,https://price.pcauto.com.cn/salescar/sg27201/y2022-m6/,2026-08-28T23:33:35+08:00,a51f9064d50bde14f9bf4fde035d89385a5a4064a7a7991865146123862ee325
摩卡,sg27201,摩卡,True,2022-12-01,8.0,https://price.pcauto.com.cn/salescar/sg27201/y2022-m12/,2026-08-28T23:33:37+08:00,d2500658a4bb2f8bdfd30090606dbc9f47ab4f17acade5e983de597f8a5f4acf
摩卡,sg27201,摩卡,True,2022-11-01,11.0,https://price.pcauto.com.cn/salescar/sg27201/y2022-m12/,2026-08-28T23:33:37+08:00,d2500658a4bb2f8bdfd30090606dbc9f47ab4f17acade5e983de597f8a5f4acf
摩卡,sg27201,摩卡,True,2022-10-01,25.0,https://price.pcauto.com.cn/salescar/sg27201/y2022-m12/,2026-08-28T23:33:37+08:00,d2500658a4bb2f8bdfd30090606dbc9f47ab4f17acade5e983de597f8a5f4acf
摩卡,sg27201,摩卡,True,2022-09-01,31.0,https://price.pcauto.com.cn/salescar/sg27201/y2022-m12/,2026-08-28T23:33:37+08:00,d2500658a4bb2f8bdfd30090606dbc9f47ab4f17acade5e983de597f8a5f4acf
摩卡,sg27201,摩卡,True,2022-08-01,116.0,https://price.pcauto.com.cn/salescar/sg27201/y2022-m12/,2026-08-28T23:33:37+08:00,d2500658a4bb2f8bdfd30090606dbc9f47ab4f17acade5e983de597f8a5f4acf
摩卡,sg27201,摩卡,True,2022-07-01,344.0,https://price.pcauto.com.cn/salescar/sg27201/y2022-m12/,2026-08-28T23:33:37+08:00,d2500658a4bb2f8bdfd30090606dbc9f47ab4f17acade5e983de597f8a5f4acf
摩卡,sg27201,摩卡,True,2023-06-01,,https://price.pcauto.com.cn/salescar/sg27201/y2023-m6/,2026-08-28T23:33:39+08:00,674e5a0b12b15af49f9c6aad80cb847c4bb3ac5e6b710c6267f1dc6ac25a9bfc
摩卡,sg27201,摩卡,True,2023-05-01,,https://price.pcauto.com.cn/salescar/sg27201/y2023-m6/,2026-08-28T23:33:39+08:00,674e5a0b12b15af49f9c6aad80cb847c4bb3ac5e6b710c6267f1dc6ac25a9bfc
摩卡,sg27201,摩卡,True,2023-04-01,,https://price.pcauto.com.cn/salescar/sg27201/y2023-m6/,2026-08-28T23:33:39+08:00,674e5a0b12b15af49f9c6aad80cb847c4bb3ac5e6b710c6267f1dc6ac25a9bfc
摩卡,sg27201,摩卡,True,2023-03-01,,https://price.pcauto.com.cn/salescar/sg27201/y2023-m6/,2026-08-28T23:33:39+08:00,674e5a0b12b15af49f9c6aad80cb847c4bb3ac5e6b710c6267f1dc6ac25a9bfc
摩卡,sg27201,摩卡,True,2023-02-01,,https://price.pcauto.com.cn/salescar/sg27201/y2023-m6/,2026-08-28T23:33:39+08:00,674e5a0b12b15af49f9c6aad80cb847c4bb3ac5e6b710c6267f1dc6ac25a9bfc
摩卡,sg27201,摩卡,True,2023-01-01,,https://price.pcauto.com.cn/salescar/sg27201/y2023-m6/,2026-08-28T23:33:39+08:00,674e5a0b12b15af49f9c6aad80cb847c4bb3ac5e6b710c6267f1dc6ac25a9bfc
摩卡,sg27201,摩卡,True,2023-12-01,,https://price.pcauto.com.cn/salescar/sg27201/y2023-m12/,2026-08-28T23:33:40+08:00,c16958c8c77da9ee02edd7bb979d94195068a8607c591aec39df23541f14f63e
摩卡,sg27201,摩卡,True,2023-11-01,,https://price.pcauto.com.cn/salescar/sg27201/y2023-m12/,2026-08-28T23:33:40+08:00,c16958c8c77da9ee02edd7bb979d94195068a8607c591aec39df23541f14f63e
摩卡,sg27201,摩卡,True,2023-10-01,,https://price.pcauto.com.cn/salescar/sg27201/y2023-m12/,2026-08-28T23:33:40+08:00,c16958c8c77da9ee02edd7bb979d94195068a8607c591aec39df23541f14f63e
摩卡,sg27201,摩卡,True,2023-09-01,,https://price.pcauto.com.cn/salescar/sg27201/y2023-m12/,2026-08-28T23:33:40+08:00,c16958c8c77da9ee02edd7bb979d94195068a8607c591aec39df23541f14f63e
摩卡,sg27201,摩卡,True,2023-08-01,,https://price.pcauto.com.cn/salescar/sg27201/y2023-m12/,2026-08-28T23:33:40+08:00,c16958c8c77da9ee02edd7bb979d94195068a8607c591aec39df23541f14f63e
摩卡,sg27201,摩卡,True,2023-07-01,,https://price.pcauto.com.cn/salescar/sg27201/y2023-m12/,2026-08-28T23:33:40+08:00,c16958c8c77da9ee02edd7bb979d94195068a8607c591aec39df23541f14f63e
摩卡,sg27201,摩卡,True,2024-06-01,,https://price.pcauto.com.cn/salescar/sg27201/y2024-m6/,2026-08-28T23:33:42+08:00,c0f49690b20bc83c03f5ab008dd98aabbb69e5eda2b5b879280fedc3715f4707
摩卡,sg27201,摩卡,True,2024-05-01,,https://price.pcauto.com.cn/salescar/sg27201/y2024-m6/,2026-08-28T23:33:42+08:00,c0f49690b20bc83c03f5ab008dd98aabbb69e5eda2b5b879280fedc3715f4707
摩卡,sg27201,摩卡,True,2024-04-01,,https://price.pcauto.com.cn/salescar/sg27201/y2024-m6/,2026-08-28T23:33:42+08:00,c0f49690b20bc83c03f5ab008dd98aabbb69e5eda2b5b879280fedc3715f4707
摩卡,sg27201,摩卡,True,2024-03-01,,https://price.pcauto.com.cn/salescar/sg27201/y2024-m6/,2026-08-28T23:33:42+08:00,c0f49690b20bc83c03f5ab008dd98aabbb69e5eda2b5b879280fedc3715f4707
摩卡,sg27201,摩卡,True,2024-02-01,,https://price.pcauto.com.cn/salescar/sg27201/y2024-m6/,2026-08-28T23:33:42+08:00,c0f49690b20bc83c03f5ab008dd98aabbb69e5eda2b5b879280fedc3715f4707
摩卡,sg27201,摩卡,True,2024-01-01,,https://price.pcauto.com.cn/salescar/sg27201/y2024-m6/,2026-08-28T23:33:42+08:00,c0f49690b20bc83c03f5ab008dd98aabbb69e5eda2b5b879280fedc3715f4707
摩卡,sg27201,摩卡,True,2024-12-01,,https://price.pcauto.com.cn/salescar/sg27201/y2024-m12/,2026-08-28T23:33:43+08:00,c7403c8dc69564c317b498df689c770d70d7700849f178b05c94e32fe965a508
摩卡,sg27201,摩卡,True,2024-11-01,,https://price.pcauto.com.cn/salescar/sg27201/y2024-m12/,2026-08-28T23:33:43+08:00,c7403c8dc69564c317b498df689c770d70d7700849f178b05c94e32fe965a508
摩卡,sg27201,摩卡,True,2024-10-01,,https://price.pcauto.com.cn/salescar/sg27201/y2024-m12/,2026-08-28T23:33:43+08:00,c7403c8dc69564c317b498df689c770d70d7700849f178b05c94e32fe965a508
摩卡,sg27201,摩卡,True,2024-09-01,,https://price.pcauto.com.cn/salescar/sg27201/y2024-m12/,2026-08-28T23:33:43+08:00,c7403c8dc69564c317b498df689c770d70d7700849f178b05c94e32fe965a508
摩卡,sg27201,摩卡,True,2024-08-01,,https://price.pcauto.com.cn/salescar/sg27201/y2024-m12/,2026-08-28T23:33:43+08:00,c7403c8dc69564c317b498df689c770d70d7700849f178b05c94e32fe965a508
摩卡,sg27201,摩卡,True,2024-07-01,,https://price.pcauto.com.cn/salescar/sg27201/y2024-m12/,2026-08-28T23:33:43+08:00,c7403c8dc69564c317b498df689c770d70d7700849f178b05c94e32fe965a508
摩卡,sg27201,摩卡,True,2025-06-01,,https://price.pcauto.com.cn/salescar/sg27201/y2025-m6/,2026-08-28T23:33:45+08:00,d18cc6d4d4b63a0d6eee11c511a4f655b1b08b11a66b59579ed3f37ea11993e3
摩卡,sg27201,摩卡,True,2025-05-01,,https://price.pcauto.com.cn/salescar/sg27201/y2025-m6/,2026-08-28T23:33:45+08:00,d18cc6d4d4b63a0d6eee11c511a4f655b1b08b11a66b59579ed3f37ea11993e3
摩卡,sg27201,摩卡,True,2025-04-01,,https://price.pcauto.com.cn/salescar/sg27201/y2025-m6/,2026-08-28T23:33:45+08:00,d18cc6d4d4b63a0d6eee11c511a4f655b1b08b11a66b59579ed3f37ea11993e3
摩卡,sg27201,摩卡,True,2025-03-01,,https://price.pcauto.com.cn/salescar/sg27201/y2025-m6/,2026-08-28T23:33:45+08:00,d18cc6d4d4b63a0d6eee11c511a4f655b1b08b11a66b59579ed3f37ea11993e3
摩卡,sg27201,摩卡,True,2025-02-01,,https://price.pcauto.com.cn/salescar/sg27201/y2025-m6/,2026-08-28T23:33:45+08:00,d18cc6d4d4b63a0d6eee11c511a4f655b1b08b11a66b59579ed3f37ea11993e3
摩卡,sg27201,摩卡,True,2025-01-01,,https://price.pcauto.com.cn/salescar/sg27201/y2025-m6/,2026-08-28T23:33:45+08:00,d18cc6d4d4b63a0d6eee11c511a4f655b1b08b11a66b59579ed3f37ea11993e3
摩卡,sg27201,摩卡,True,2025-12-01,,https://price.pcauto.com.cn/salescar/sg27201/y2025-m12/,2026-08-28T23:33:47+08:00,8cff972fa103fbc6eb70aa58e0bbc11e42ec85b4df2ee5b97696faa47a72cefd
摩卡,sg27201,摩卡,True,2025-11-01,,https://price.pcauto.com.cn/salescar/sg27201/y2025-m12/,2026-08-28T23:33:47+08:00,8cff972fa103fbc6eb70aa58e0bbc11e42ec85b4df2ee5b97696faa47a72cefd
摩卡,sg27201,摩卡,True,2025-10-01,,https://price.pcauto.com.cn/salescar/sg27201/y2025-m12/,2026-08-28T23:33:47+08:00,8cff972fa103fbc6eb70aa58e0bbc11e42ec85b4df2ee5b97696faa47a72cefd
摩卡,sg27201,摩卡,True,2025-09-01,,https://price.pcauto.com.cn/salescar/sg27201/y2025-m12/,2026-08-28T23:33:47+08:00,8cff972fa103fbc6eb70aa58e0bbc11e42ec85b4df2ee5b97696faa47a72cefd
摩卡,sg27201,摩卡,True,2025-08-01,,https://price.pcauto.com.cn/salescar/sg27201/y2025-m12/,2026-08-28T23:33:47+08:00,8cff972fa103fbc6eb70aa58e0bbc11e42ec85b4df2ee5b97696faa47a72cefd
摩卡,sg27201,摩卡,True,2025-07-01,,https://price.pcauto.com.cn/salescar/sg27201/y2025-m12/,2026-08-28T23:33:47+08:00,8cff972fa103fbc6eb70aa58e0bbc11e42ec85b4df2ee5b97696faa47a72cefd
摩卡,sg27201,摩卡,True,2026-06-01,,https://price.pcauto.com.cn/salescar/sg27201/y2026-m6/,2026-08-28T23:33:49+08:00,49028d40b89460bdf70b8227fbeb889a0a18315c591843a152bfff9d13e1431d
摩卡,sg27201,摩卡,True,2026-05-01,,https://price.pcauto.com.cn/salescar/sg27201/y2026-m6/,2026-08-28T23:33:49+08:00,49028d40b89460bdf70b8227fbeb889a0a18315c591843a152bfff9d13e1431d
摩卡,sg27201,摩卡,True,2026-04-01,,https://price.pcauto.com.cn/salescar/sg27201/y2026-m6/,2026-08-28T23:33:49+08:00,49028d40b89460bdf70b8227fbeb889a0a18315c591843a152bfff9d13e1431d
摩卡,sg27201,摩卡,True,2026-03-01,,https://price.pcauto.com.cn/salescar/sg27201/y2026-m6/,2026-08-28T23:33:49+08:00,49028d40b89460bdf70b8227fbeb889a0a18315c591843a152bfff9d13e1431d
摩卡,sg27201,摩卡,True,2026-02-01,,https://price.pcauto.com.cn/salescar/sg27201/y2026-m6/,2026-08-28T23:33:49+08:00,49028d40b89460bdf70b8227fbeb889a0a18315c591843a152bfff9d13e1431d
摩卡,sg27201,摩卡,True,2026-01-01,,https://price.pcauto.com.cn/salescar/sg27201/y2026-m6/,2026-08-28T23:33:49+08:00,49028d40b89460bdf70b8227fbeb889a0a18315c591843a152bfff9d13e1431d
五菱宏光,sg4613,五菱宏光,True,2022-06-01,,https://price.pcauto.com.cn/salescar/sg4613/y2022-m6/,2026-08-28T23:33:50+08:00,29167b22202fc6f085707178fcff6e9cb3111d3c33ae991b333c2baec5800292
五菱宏光,sg4613,五菱宏光,True,2022-05-01,,https://price.pcauto.com.cn/salescar/sg4613/y2022-m6/,2026-08-28T23:33:50+08:00,29167b22202fc6f085707178fcff6e9cb3111d3c33ae991b333c2baec5800292
五菱宏光,sg4613,五菱宏光,True,2022-04-01,,https://price.pcauto.com.cn/salescar/sg4613/y2022-m6/,2026-08-28T23:33:50+08:00,29167b22202fc6f085707178fcff6e9cb3111d3c33ae991b333c2baec5800292
五菱宏光,sg4613,五菱宏光,True,2022-03-01,,https://price.pcauto.com.cn/salescar/sg4613/y2022-m6/,2026-08-28T23:33:50+08:00,29167b22202fc6f085707178fcff6e9cb3111d3c33ae991b333c2baec5800292
五菱宏光,sg4613,五菱宏光,True,2022-02-01,,https://price.pcauto.com.cn/salescar/sg4613/y2022-m6/,2026-08-28T23:33:50+08:00,29167b22202fc6f085707178fcff6e9cb3111d3c33ae991b333c2baec5800292
五菱宏光,sg4613,五菱宏光,True,2022-01-01,,https://price.pcauto.com.cn/salescar/sg4613/y2022-m6/,2026-08-28T23:33:50+08:00,29167b22202fc6f085707178fcff6e9cb3111d3c33ae991b333c2baec5800292
五菱宏光,sg4613,五菱宏光,True,2022-12-01,,https://price.pcauto.com.cn/salescar/sg4613/y2022-m12/,2026-08-28T23:33:53+08:00,da29710333b761c17387764e22bd1f86e291de0141223f6b63567990f165530b
五菱宏光,sg4613,五菱宏光,True,2022-11-01,,https://price.pcauto.com.cn/salescar/sg4613/y2022-m12/,2026-08-28T23:33:53+08:00,da29710333b761c17387764e22bd1f86e291de0141223f6b63567990f165530b
五菱宏光,sg4613,五菱宏光,True,2022-10-01,,https://price.pcauto.com.cn/salescar/sg4613/y2022-m12/,2026-08-28T23:33:53+08:00,da29710333b761c17387764e22bd1f86e291de0141223f6b63567990f165530b
五菱宏光,sg4613,五菱宏光,True,2022-09-01,,https://price.pcauto.com.cn/salescar/sg4613/y2022-m12/,2026-08-28T23:33:53+08:00,da29710333b761c17387764e22bd1f86e291de0141223f6b63567990f165530b
五菱宏光,sg4613,五菱宏光,True,2022-08-01,,https://price.pcauto.com.cn/salescar/sg4613/y2022-m12/,2026-08-28T23:33:53+08:00,da29710333b761c17387764e22bd1f86e291de0141223f6b63567990f165530b
五菱宏光,sg4613,五菱宏光,True,2022-07-01,,https://price.pcauto.com.cn/salescar/sg4613/y2022-m12/,2026-08-28T23:33:53+08:00,da29710333b761c17387764e22bd1f86e291de0141223f6b63567990f165530b
五菱宏光,sg4613,五菱宏光,True,2023-06-01,,https://price.pcauto.com.cn/salescar/sg4613/y2023-m6/,2026-08-28T23:33:55+08:00,ef405c095cbe6fa7e59e0f055a707c90f7378ce77fbe3a978a71778b2cbbd695
五菱宏光,sg4613,五菱宏光,True,2023-05-01,,https://price.pcauto.com.cn/salescar/sg4613/y2023-m6/,2026-08-28T23:33:55+08:00,ef405c095cbe6fa7e59e0f055a707c90f7378ce77fbe3a978a71778b2cbbd695
五菱宏光,sg4613,五菱宏光,True,2023-04-01,,https://price.pcauto.com.cn/salescar/sg4613/y2023-m6/,2026-08-28T23:33:55+08:00,ef405c095cbe6fa7e59e0f055a707c90f7378ce77fbe3a978a71778b2cbbd695
五菱宏光,sg4613,五菱宏光,True,2023-03-01,,https://price.pcauto.com.cn/salescar/sg4613/y2023-m6/,2026-08-28T23:33:55+08:00,ef405c095cbe6fa7e59e0f055a707c90f7378ce77fbe3a978a71778b2cbbd695
五菱宏光,sg4613,五菱宏光,True,2023-02-01,,https://price.pcauto.com.cn/salescar/sg4613/y2023-m6/,2026-08-28T23:33:55+08:00,ef405c095cbe6fa7e59e0f055a707c90f7378ce77fbe3a978a71778b2cbbd695
五菱宏光,sg4613,五菱宏光,True,2023-01-01,,https://price.pcauto.com.cn/salescar/sg4613/y2023-m6/,2026-08-28T23:33:55+08:00,ef405c095cbe6fa7e59e0f055a707c90f7378ce77fbe3a978a71778b2cbbd695
五菱宏光,sg4613,五菱宏光,True,2023-12-01,,https://price.pcauto.com.cn/salescar/sg4613/y2023-m12/,2026-08-28T23:33:56+08:00,e26308c2255c9d6346ef425ba4ea958c49937a2e9a905ecf307c8c66111c1658
五菱宏光,sg4613,五菱宏光,True,2023-11-01,,https://price.pcauto.com.cn/salescar/sg4613/y2023-m12/,2026-08-28T23:33:56+08:00,e26308c2255c9d6346ef425ba4ea958c49937a2e9a905ecf307c8c66111c1658
五菱宏光,sg4613,五菱宏光,True,2023-10-01,,https://price.pcauto.com.cn/salescar/sg4613/y2023-m12/,2026-08-28T23:33:56+08:00,e26308c2255c9d6346ef425ba4ea958c49937a2e9a905ecf307c8c66111c1658
五菱宏光,sg4613,五菱宏光,True,2023-09-01,,https://price.pcauto.com.cn/salescar/sg4613/y2023-m12/,2026-08-28T23:33:56+08:00,e26308c2255c9d6346ef425ba4ea958c49937a2e9a905ecf307c8c66111c1658
五菱宏光,sg4613,五菱宏光,True,2023-08-01,,https://price.pcauto.com.cn/salescar/sg4613/y2023-m12/,2026-08-28T23:33:56+08:00,e26308c2255c9d6346ef425ba4ea958c49937a2e9a905ecf307c8c66111c1658
五菱宏光,sg4613,五菱宏光,True,2023-07-01,,https://price.pcauto.com.cn/salescar/sg4613/y2023-m12/,2026-08-28T23:33:56+08:00,e26308c2255c9d6346ef425ba4ea958c49937a2e9a905ecf307c8c66111c1658
五菱宏光,sg4613,五菱宏光,True,2024-06-01,,https://price.pcauto.com.cn/salescar/sg4613/y2024-m6/,2026-08-28T23:33:59+08:00,0ebce944b7e4a33ffb0713472bd210f4eef4a608fb852a7a50c19a9ebba9ed03
五菱宏光,sg4613,五菱宏光,True,2024-05-01,,https://price.pcauto.com.cn/salescar/sg4613/y2024-m6/,2026-08-28T23:33:59+08:00,0ebce944b7e4a33ffb0713472bd210f4eef4a608fb852a7a50c19a9ebba9ed03
五菱宏光,sg4613,五菱宏光,True,2024-04-01,,https://price.pcauto.com.cn/salescar/sg4613/y2024-m6/,2026-08-28T23:33:59+08:00,0ebce944b7e4a33ffb0713472bd210f4eef4a608fb852a7a50c19a9ebba9ed03
五菱宏光,sg4613,五菱宏光,True,2024-03-01,,https://price.pcauto.com.cn/salescar/sg4613/y2024-m6/,2026-08-28T23:33:59+08:00,0ebce944b7e4a33ffb0713472bd210f4eef4a608fb852a7a50c19a9ebba9ed03
五菱宏光,sg4613,五菱宏光,True,2024-02-01,,https://price.pcauto.com.cn/salescar/sg4613/y2024-m6/,2026-08-28T23:33:59+08:00,0ebce944b7e4a33ffb0713472bd210f4eef4a608fb852a7a50c19a9ebba9ed03
五菱宏光,sg4613,五菱宏光,True,2024-01-01,,https://price.pcauto.com.cn/salescar/sg4613/y2024-m6/,2026-08-28T23:33:59+08:00,0ebce944b7e4a33ffb0713472bd210f4eef4a608fb852a7a50c19a9ebba9ed03
五菱宏光,sg4613,五菱宏光,True,2024-12-01,,https://price.pcauto.com.cn/salescar/sg4613/y2024-m12/,2026-08-28T23:34:00+08:00,99947101b4cf478fa444226fb98ec890d05a484cd5d5309e4fc52ae4561712b1
五菱宏光,sg4613,五菱宏光,True,2024-11-01,,https://price.pcauto.com.cn/salescar/sg4613/y2024-m12/,2026-08-28T23:34:00+08:00,99947101b4cf478fa444226fb98ec890d05a484cd5d5309e4fc52ae4561712b1
五菱宏光,sg4613,五菱宏光,True,2024-10-01,,https://price.pcauto.com.cn/salescar/sg4613/y2024-m12/,2026-08-28T23:34:00+08:00,99947101b4cf478fa444226fb98ec890d05a484cd5d5309e4fc52ae4561712b1
五菱宏光,sg4613,五菱宏光,True,2024-09-01,,https://price.pcauto.com.cn/salescar/sg4613/y2024-m12/,2026-08-28T23:34:00+08:00,99947101b4cf478fa444226fb98ec890d05a484cd5d5309e4fc52ae4561712b1
五菱宏光,sg4613,五菱宏光,True,2024-08-01,,https://price.pcauto.com.cn/salescar/sg4613/y2024-m12/,2026-08-28T23:34:00+08:00,99947101b4cf478fa444226fb98ec890d05a484cd5d5309e4fc52ae4561712b1
五菱宏光,sg4613,五菱宏光,True,2024-07-01,,https://price.pcauto.com.cn/salescar/sg4613/y2024-m12/,2026-08-28T23:34:00+08:00,99947101b4cf478fa444226fb98ec890d05a484cd5d5309e4fc52ae4561712b1
五菱宏光,sg4613,五菱宏光,True,2025-06-01,,https://price.pcauto.com.cn/salescar/sg4613/y2025-m6/,2026-08-28T23:34:02+08:00,75b07bb84c9fb43dda596d5ba27f0e0ce7eba344d456ca82b890204474667467
五菱宏光,sg4613,五菱宏光,True,2025-05-01,,https://price.pcauto.com.cn/salescar/sg4613/y2025-m6/,2026-08-28T23:34:02+08:00,75b07bb84c9fb43dda596d5ba27f0e0ce7eba344d456ca82b890204474667467
五菱宏光,sg4613,五菱宏光,True,2025-04-01,,https://price.pcauto.com.cn/salescar/sg4613/y2025-m6/,2026-08-28T23:34:02+08:00,75b07bb84c9fb43dda596d5ba27f0e0ce7eba344d456ca82b890204474667467
五菱宏光,sg4613,五菱宏光,True,2025-03-01,,https://price.pcauto.com.cn/salescar/sg4613/y2025-m6/,2026-08-28T23:34:02+08:00,75b07bb84c9fb43dda596d5ba27f0e0ce7eba344d456ca82b890204474667467
五菱宏光,sg4613,五菱宏光,True,2025-02-01,,https://price.pcauto.com.cn/salescar/sg4613/y2025-m6/,2026-08-28T23:34:02+08:00,75b07bb84c9fb43dda596d5ba27f0e0ce7eba344d456ca82b890204474667467
五菱宏光,sg4613,五菱宏光,True,2025-01-01,,https://price.pcauto.com.cn/salescar/sg4613/y2025-m6/,2026-08-28T23:34:02+08:00,75b07bb84c9fb43dda596d5ba27f0e0ce7eba344d456ca82b890204474667467
五菱宏光,sg4613,五菱宏光,True,2025-12-01,,https://price.pcauto.com.cn/salescar/sg4613/y2025-m12/,2026-08-28T23:34:05+08:00,2e7e2bad56428010b7ceb4073429feaf9101e941e2953f2c4719f27cc28e4051
五菱宏光,sg4613,五菱宏光,True,2025-11-01,,https://price.pcauto.com.cn/salescar/sg4613/y2025-m12/,2026-08-28T23:34:05+08:00,2e7e2bad56428010b7ceb4073429feaf9101e941e2953f2c4719f27cc28e4051
五菱宏光,sg4613,五菱宏光,True,2025-10-01,,https://price.pcauto.com.cn/salescar/sg4613/y2025-m12/,2026-08-28T23:34:05+08:00,2e7e2bad56428010b7ceb4073429feaf9101e941e2953f2c4719f27cc28e4051
五菱宏光,sg4613,五菱宏光,True,2025-09-01,,https://price.pcauto.com.cn/salescar/sg4613/y2025-m12/,2026-08-28T23:34:05+08:00,2e7e2bad56428010b7ceb4073429feaf9101e941e2953f2c4719f27cc28e4051
五菱宏光,sg4613,五菱宏光,True,2025-08-01,,https://price.pcauto.com.cn/salescar/sg4613/y2025-m12/,2026-08-28T23:34:05+08:00,2e7e2bad56428010b7ceb4073429feaf9101e941e2953f2c4719f27cc28e4051
五菱宏光,sg4613,五菱宏光,True,2025-07-01,,https://price.pcauto.com.cn/salescar/sg4613/y2025-m12/,2026-08-28T23:34:05+08:00,2e7e2bad56428010b7ceb4073429feaf9101e941e2953f2c4719f27cc28e4051
五菱宏光,sg4613,五菱宏光,True,2026-06-01,,https://price.pcauto.com.cn/salescar/sg4613/y2026-m6/,2026-08-28T23:34:06+08:00,67f3b27f068d2704e651871664dea8c454d7eb7ef4375bc77c5ff7ecd15fd554
五菱宏光,sg4613,五菱宏光,True,2026-05-01,,https://price.pcauto.com.cn/salescar/sg4613/y2026-m6/,2026-08-28T23:34:06+08:00,67f3b27f068d2704e651871664dea8c454d7eb7ef4375bc77c5ff7ecd15fd554
五菱宏光,sg4613,五菱宏光,True,2026-04-01,,https://price.pcauto.com.cn/salescar/sg4613/y2026-m6/,2026-08-28T23:34:06+08:00,67f3b27f068d2704e651871664dea8c454d7eb7ef4375bc77c5ff7ecd15fd554
五菱宏光,sg4613,五菱宏光,True,2026-03-01,,https://price.pcauto.com.cn/salescar/sg4613/y2026-m6/,2026-08-28T23:34:06+08:00,67f3b27f068d2704e651871664dea8c454d7eb7ef4375bc77c5ff7ecd15fd554
五菱宏光,sg4613,五菱宏光,True,2026-02-01,,https://price.pcauto.com.cn/salescar/sg4613/y2026-m6/,2026-08-28T23:34:06+08:00,67f3b27f068d2704e651871664dea8c454d7eb7ef4375bc77c5ff7ecd15fd554
五菱宏光,sg4613,五菱宏光,True,2026-01-01,,https://price.pcauto.com.cn/salescar/sg4613/y2026-m6/,2026-08-28T23:34:06+08:00,67f3b27f068d2704e651871664dea8c454d7eb7ef4375bc77c5ff7ecd15fd554
五菱宏光S,sg9604,五菱宏光S,True,2022-06-01,,https://price.pcauto.com.cn/salescar/sg9604/y2022-m6/,2026-08-28T23:34:08+08:00,c28d82afbd719fef82659058a0d60288fe31e8e67e839069183afd6a6758d75a
五菱宏光S,sg9604,五菱宏光S,True,2022-05-01,,https://price.pcauto.com.cn/salescar/sg9604/y2022-m6/,2026-08-28T23:34:08+08:00,c28d82afbd719fef82659058a0d60288fe31e8e67e839069183afd6a6758d75a
五菱宏光S,sg9604,五菱宏光S,True,2022-04-01,,https://price.pcauto.com.cn/salescar/sg9604/y2022-m6/,2026-08-28T23:34:08+08:00,c28d82afbd719fef82659058a0d60288fe31e8e67e839069183afd6a6758d75a
五菱宏光S,sg9604,五菱宏光S,True,2022-03-01,,https://price.pcauto.com.cn/salescar/sg9604/y2022-m6/,2026-08-28T23:34:08+08:00,c28d82afbd719fef82659058a0d60288fe31e8e67e839069183afd6a6758d75a
五菱宏光S,sg9604,五菱宏光S,True,2022-02-01,,https://price.pcauto.com.cn/salescar/sg9604/y2022-m6/,2026-08-28T23:34:08+08:00,c28d82afbd719fef82659058a0d60288fe31e8e67e839069183afd6a6758d75a
五菱宏光S,sg9604,五菱宏光S,True,2022-01-01,,https://price.pcauto.com.cn/salescar/sg9604/y2022-m6/,2026-08-28T23:34:08+08:00,c28d82afbd719fef82659058a0d60288fe31e8e67e839069183afd6a6758d75a
五菱宏光S,sg9604,五菱宏光S,True,2022-12-01,,https://price.pcauto.com.cn/salescar/sg9604/y2022-m12/,2026-08-28T23:34:09+08:00,1755a2c446ea511851185328e962f40c847228b50347efc3d43bf113d6a42f24
五菱宏光S,sg9604,五菱宏光S,True,2022-11-01,,https://price.pcauto.com.cn/salescar/sg9604/y2022-m12/,2026-08-28T23:34:09+08:00,1755a2c446ea511851185328e962f40c847228b50347efc3d43bf113d6a42f24
五菱宏光S,sg9604,五菱宏光S,True,2022-10-01,,https://price.pcauto.com.cn/salescar/sg9604/y2022-m12/,2026-08-28T23:34:09+08:00,1755a2c446ea511851185328e962f40c847228b50347efc3d43bf113d6a42f24
五菱宏光S,sg9604,五菱宏光S,True,2022-09-01,,https://price.pcauto.com.cn/salescar/sg9604/y2022-m12/,2026-08-28T23:34:09+08:00,1755a2c446ea511851185328e962f40c847228b50347efc3d43bf113d6a42f24
五菱宏光S,sg9604,五菱宏光S,True,2022-08-01,,https://price.pcauto.com.cn/salescar/sg9604/y2022-m12/,2026-08-28T23:34:09+08:00,1755a2c446ea511851185328e962f40c847228b50347efc3d43bf113d6a42f24
五菱宏光S,sg9604,五菱宏光S,True,2022-07-01,,https://price.pcauto.com.cn/salescar/sg9604/y2022-m12/,2026-08-28T23:34:09+08:00,1755a2c446ea511851185328e962f40c847228b50347efc3d43bf113d6a42f24
五菱宏光S,sg9604,五菱宏光S,True,2023-06-01,,https://price.pcauto.com.cn/salescar/sg9604/y2023-m6/,2026-08-28T23:34:11+08:00,cb53bb76a7a8cc540f50a7ce2e57b1364af13e331255d81db4ce5705cc14d8e5
五菱宏光S,sg9604,五菱宏光S,True,2023-05-01,,https://price.pcauto.com.cn/salescar/sg9604/y2023-m6/,2026-08-28T23:34:11+08:00,cb53bb76a7a8cc540f50a7ce2e57b1364af13e331255d81db4ce5705cc14d8e5
五菱宏光S,sg9604,五菱宏光S,True,2023-04-01,,https://price.pcauto.com.cn/salescar/sg9604/y2023-m6/,2026-08-28T23:34:11+08:00,cb53bb76a7a8cc540f50a7ce2e57b1364af13e331255d81db4ce5705cc14d8e5
五菱宏光S,sg9604,五菱宏光S,True,2023-03-01,,https://price.pcauto.com.cn/salescar/sg9604/y2023-m6/,2026-08-28T23:34:11+08:00,cb53bb76a7a8cc540f50a7ce2e57b1364af13e331255d81db4ce5705cc14d8e5
五菱宏光S,sg9604,五菱宏光S,True,2023-02-01,,https://price.pcauto.com.cn/salescar/sg9604/y2023-m6/,2026-08-28T23:34:11+08:00,cb53bb76a7a8cc540f50a7ce2e57b1364af13e331255d81db4ce5705cc14d8e5
五菱宏光S,sg9604,五菱宏光S,True,2023-01-01,,https://price.pcauto.com.cn/salescar/sg9604/y2023-m6/,2026-08-28T23:34:11+08:00,cb53bb76a7a8cc540f50a7ce2e57b1364af13e331255d81db4ce5705cc14d8e5
五菱宏光S,sg9604,五菱宏光S,True,2023-12-01,,https://price.pcauto.com.cn/salescar/sg9604/y2023-m12/,2026-08-28T23:34:12+08:00,7500a0e8933c071c90f9455d763dc8033402e29d34c949195aed5d8b2f06d446
五菱宏光S,sg9604,五菱宏光S,True,2023-11-01,,https://price.pcauto.com.cn/salescar/sg9604/y2023-m12/,2026-08-28T23:34:12+08:00,7500a0e8933c071c90f9455d763dc8033402e29d34c949195aed5d8b2f06d446
五菱宏光S,sg9604,五菱宏光S,True,2023-10-01,,https://price.pcauto.com.cn/salescar/sg9604/y2023-m12/,2026-08-28T23:34:12+08:00,7500a0e8933c071c90f9455d763dc8033402e29d34c949195aed5d8b2f06d446
五菱宏光S,sg9604,五菱宏光S,True,2023-09-01,,https://price.pcauto.com.cn/salescar/sg9604/y2023-m12/,2026-08-28T23:34:12+08:00,7500a0e8933c071c90f9455d763dc8033402e29d34c949195aed5d8b2f06d446
五菱宏光S,sg9604,五菱宏光S,True,2023-08-01,,https://price.pcauto.com.cn/salescar/sg9604/y2023-m12/,2026-08-28T23:34:12+08:00,7500a0e8933c071c90f9455d763dc8033402e29d34c949195aed5d8b2f06d446
五菱宏光S,sg9604,五菱宏光S,True,2023-07-01,,https://price.pcauto.com.cn/salescar/sg9604/y2023-m12/,2026-08-28T23:34:12+08:00,7500a0e8933c071c90f9455d763dc8033402e29d34c949195aed5d8b2f06d446
五菱宏光S,sg9604,五菱宏光S,True,2024-06-01,,https://price.pcauto.com.cn/salescar/sg9604/y2024-m6/,2026-08-28T23:34:14+08:00,bc073050b266326c2f43b4f090d65225cf2ce11acc36eea02746ab92b91d9aa8
五菱宏光S,sg9604,五菱宏光S,True,2024-05-01,,https://price.pcauto.com.cn/salescar/sg9604/y2024-m6/,2026-08-28T23:34:14+08:00,bc073050b266326c2f43b4f090d65225cf2ce11acc36eea02746ab92b91d9aa8
五菱宏光S,sg9604,五菱宏光S,True,2024-04-01,,https://price.pcauto.com.cn/salescar/sg9604/y2024-m6/,2026-08-28T23:34:14+08:00,bc073050b266326c2f43b4f090d65225cf2ce11acc36eea02746ab92b91d9aa8
五菱宏光S,sg9604,五菱宏光S,True,2024-03-01,,https://price.pcauto.com.cn/salescar/sg9604/y2024-m6/,2026-08-28T23:34:14+08:00,bc073050b266326c2f43b4f090d65225cf2ce11acc36eea02746ab92b91d9aa8
五菱宏光S,sg9604,五菱宏光S,True,2024-02-01,,https://price.pcauto.com.cn/salescar/sg9604/y2024-m6/,2026-08-28T23:34:14+08:00,bc073050b266326c2f43b4f090d65225cf2ce11acc36eea02746ab92b91d9aa8
五菱宏光S,sg9604,五菱宏光S,True,2024-01-01,,https://price.pcauto.com.cn/salescar/sg9604/y2024-m6/,2026-08-28T23:34:14+08:00,bc073050b266326c2f43b4f090d65225cf2ce11acc36eea02746ab92b91d9aa8
五菱宏光S,sg9604,五菱宏光S,True,2024-12-01,,https://price.pcauto.com.cn/salescar/sg9604/y2024-m12/,2026-08-28T23:34:16+08:00,7379c32d232662863e8fb5bec9449bb89ebd04de39e4fcfe5c02f2d2308a1291
五菱宏光S,sg9604,五菱宏光S,True,2024-11-01,,https://price.pcauto.com.cn/salescar/sg9604/y2024-m12/,2026-08-28T23:34:16+08:00,7379c32d232662863e8fb5bec9449bb89ebd04de39e4fcfe5c02f2d2308a1291
五菱宏光S,sg9604,五菱宏光S,True,2024-10-01,,https://price.pcauto.com.cn/salescar/sg9604/y2024-m12/,2026-08-28T23:34:16+08:00,7379c32d232662863e8fb5bec9449bb89ebd04de39e4fcfe5c02f2d2308a1291
五菱宏光S,sg9604,五菱宏光S,True,2024-09-01,,https://price.pcauto.com.cn/salescar/sg9604/y2024-m12/,2026-08-28T23:34:16+08:00,7379c32d232662863e8fb5bec9449bb89ebd04de39e4fcfe5c02f2d2308a1291
五菱宏光S,sg9604,五菱宏光S,True,2024-08-01,,https://price.pcauto.com.cn/salescar/sg9604/y2024-m12/,2026-08-28T23:34:16+08:00,7379c32d232662863e8fb5bec9449bb89ebd04de39e4fcfe5c02f2d2308a1291
五菱宏光S,sg9604,五菱宏光S,True,2024-07-01,,https://price.pcauto.com.cn/salescar/sg9604/y2024-m12/,2026-08-28T23:34:16+08:00,7379c32d232662863e8fb5bec9449bb89ebd04de39e4fcfe5c02f2d2308a1291
五菱宏光S,sg9604,五菱宏光S,True,2025-06-01,,https://price.pcauto.com.cn/salescar/sg9604/y2025-m6/,2026-08-28T23:34:18+08:00,cb7a30ca2c851f3d8cc066353351219cb0845b5e6f506b29de07b3fd056f364a
五菱宏光S,sg9604,五菱宏光S,True,2025-05-01,,https://price.pcauto.com.cn/salescar/sg9604/y2025-m6/,2026-08-28T23:34:18+08:00,cb7a30ca2c851f3d8cc066353351219cb0845b5e6f506b29de07b3fd056f364a
五菱宏光S,sg9604,五菱宏光S,True,2025-04-01,,https://price.pcauto.com.cn/salescar/sg9604/y2025-m6/,2026-08-28T23:34:18+08:00,cb7a30ca2c851f3d8cc066353351219cb0845b5e6f506b29de07b3fd056f364a
五菱宏光S,sg9604,五菱宏光S,True,2025-03-01,,https://price.pcauto.com.cn/salescar/sg9604/y2025-m6/,2026-08-28T23:34:18+08:00,cb7a30ca2c851f3d8cc066353351219cb0845b5e6f506b29de07b3fd056f364a
五菱宏光S,sg9604,五菱宏光S,True,2025-02-01,,https://price.pcauto.com.cn/salescar/sg9604/y2025-m6/,2026-08-28T23:34:18+08:00,cb7a30ca2c851f3d8cc066353351219cb0845b5e6f506b29de07b3fd056f364a
五菱宏光S,sg9604,五菱宏光S,True,2025-01-01,,https://price.pcauto.com.cn/salescar/sg9604/y2025-m6/,2026-08-28T23:34:18+08:00,cb7a30ca2c851f3d8cc066353351219cb0845b5e6f506b29de07b3fd056f364a
五菱宏光S,sg9604,五菱宏光S,True,2025-12-01,,https://price.pcauto.com.cn/salescar/sg9604/y2025-m12/,2026-08-28T23:34:20+08:00,993074ee21aab1e791b5819804ca24fc75e763eabf1bbbf8d6533d396473c020
五菱宏光S,sg9604,五菱宏光S,True,2025-11-01,,https://price.pcauto.com.cn/salescar/sg9604/y2025-m12/,2026-08-28T23:34:20+08:00,993074ee21aab1e791b5819804ca24fc75e763eabf1bbbf8d6533d396473c020
五菱宏光S,sg9604,五菱宏光S,True,2025-10-01,,https://price.pcauto.com.cn/salescar/sg9604/y2025-m12/,2026-08-28T23:34:20+08:00,993074ee21aab1e791b5819804ca24fc75e763eabf1bbbf8d6533d396473c020
五菱宏光S,sg9604,五菱宏光S,True,2025-09-01,,https://price.pcauto.com.cn/salescar/sg9604/y2025-m12/,2026-08-28T23:34:20+08:00,993074ee21aab1e791b5819804ca24fc75e763eabf1bbbf8d6533d396473c020
五菱宏光S,sg9604,五菱宏光S,True,2025-08-01,,https://price.pcauto.com.cn/salescar/sg9604/y2025-m12/,2026-08-28T23:34:20+08:00,993074ee21aab1e791b5819804ca24fc75e763eabf1bbbf8d6533d396473c020
五菱宏光S,sg9604,五菱宏光S,True,2025-07-01,,https://price.pcauto.com.cn/salescar/sg9604/y2025-m12/,2026-08-28T23:34:20+08:00,993074ee21aab1e791b5819804ca24fc75e763eabf1bbbf8d6533d396473c020
五菱宏光S,sg9604,五菱宏光S,True,2026-06-01,2215.0,https://price.pcauto.com.cn/salescar/sg9604/y2026-m6/,2026-08-28T23:34:22+08:00,dfcb5cca3e69ad0ee93ce211bb82a3ea6983c0a27f7da686001383fc6eb206dc
五菱宏光S,sg9604,五菱宏光S,True,2026-05-01,,https://price.pcauto.com.cn/salescar/sg9604/y2026-m6/,2026-08-28T23:34:22+08:00,dfcb5cca3e69ad0ee93ce211bb82a3ea6983c0a27f7da686001383fc6eb206dc
五菱宏光S,sg9604,五菱宏光S,True,2026-04-01,,https://price.pcauto.com.cn/salescar/sg9604/y2026-m6/,2026-08-28T23:34:22+08:00,dfcb5cca3e69ad0ee93ce211bb82a3ea6983c0a27f7da686001383fc6eb206dc
五菱宏光S,sg9604,五菱宏光S,True,2026-03-01,,https://price.pcauto.com.cn/salescar/sg9604/y2026-m6/,2026-08-28T23:34:22+08:00,dfcb5cca3e69ad0ee93ce211bb82a3ea6983c0a27f7da686001383fc6eb206dc
五菱宏光S,sg9604,五菱宏光S,True,2026-02-01,,https://price.pcauto.com.cn/salescar/sg9604/y2026-m6/,2026-08-28T23:34:22+08:00,dfcb5cca3e69ad0ee93ce211bb82a3ea6983c0a27f7da686001383fc6eb206dc
五菱宏光S,sg9604,五菱宏光S,True,2026-01-01,,https://price.pcauto.com.cn/salescar/sg9604/y2026-m6/,2026-08-28T23:34:22+08:00,dfcb5cca3e69ad0ee93ce211bb82a3ea6983c0a27f7da686001383fc6eb206dc
电动MINI ACEMAN,sg30388,电动MINI ACEMAN,True,2022-06-01,,https://price.pcauto.com.cn/salescar/sg30388/y2022-m6/,2026-08-28T23:34:24+08:00,2ae26588250e7cda8fecfcbdd6fe79d88df6f6af2cb52e0ca7f1eae254658be5
电动MINI ACEMAN,sg30388,电动MINI ACEMAN,True,2022-05-01,,https://price.pcauto.com.cn/salescar/sg30388/y2022-m6/,2026-08-28T23:34:24+08:00,2ae26588250e7cda8fecfcbdd6fe79d88df6f6af2cb52e0ca7f1eae254658be5
电动MINI ACEMAN,sg30388,电动MINI ACEMAN,True,2022-04-01,,https://price.pcauto.com.cn/salescar/sg30388/y2022-m6/,2026-08-28T23:34:24+08:00,2ae26588250e7cda8fecfcbdd6fe79d88df6f6af2cb52e0ca7f1eae254658be5
电动MINI ACEMAN,sg30388,电动MINI ACEMAN,True,2022-03-01,,https://price.pcauto.com.cn/salescar/sg30388/y2022-m6/,2026-08-28T23:34:24+08:00,2ae26588250e7cda8fecfcbdd6fe79d88df6f6af2cb52e0ca7f1eae254658be5
电动MINI ACEMAN,sg30388,电动MINI ACEMAN,True,2022-02-01,,https://price.pcauto.com.cn/salescar/sg30388/y2022-m6/,2026-08-28T23:34:24+08:00,2ae26588250e7cda8fecfcbdd6fe79d88df6f6af2cb52e0ca7f1eae254658be5
电动MINI ACEMAN,sg30388,电动MINI ACEMAN,True,2022-01-01,,https://price.pcauto.com.cn/salescar/sg30388/y2022-m6/,2026-08-28T23:34:24+08:00,2ae26588250e7cda8fecfcbdd6fe79d88df6f6af2cb52e0ca7f1eae254658be5
电动MINI ACEMAN,sg30388,电动MINI ACEMAN,True,2022-12-01,,https://price.pcauto.com.cn/salescar/sg30388/y2022-m12/,2026-08-28T23:34:26+08:00,0db4b96fd621f145fb94de3f85caaf4b4c165f94a0f64ae7d0cf7cf2711a72f2
电动MINI ACEMAN,sg30388,电动MINI ACEMAN,True,2022-11-01,,https://price.pcauto.com.cn/salescar/sg30388/y2022-m12/,2026-08-28T23:34:26+08:00,0db4b96fd621f145fb94de3f85caaf4b4c165f94a0f64ae7d0cf7cf2711a72f2
电动MINI ACEMAN,sg30388,电动MINI ACEMAN,True,2022-10-01,,https://price.pcauto.com.cn/salescar/sg30388/y2022-m12/,2026-08-28T23:34:26+08:00,0db4b96fd621f145fb94de3f85caaf4b4c165f94a0f64ae7d0cf7cf2711a72f2
电动MINI ACEMAN,sg30388,电动MINI ACEMAN,True,2022-09-01,,https://price.pcauto.com.cn/salescar/sg30388/y2022-m12/,2026-08-28T23:34:26+08:00,0db4b96fd621f145fb94de3f85caaf4b4c165f94a0f64ae7d0cf7cf2711a72f2
电动MINI ACEMAN,sg30388,电动MINI ACEMAN,True,2022-08-01,,https://price.pcauto.com.cn/salescar/sg30388/y2022-m12/,2026-08-28T23:34:26+08:00,0db4b96fd621f145fb94de3f85caaf4b4c165f94a0f64ae7d0cf7cf2711a72f2
电动MINI ACEMAN,sg30388,电动MINI ACEMAN,True,2022-07-01,,https://price.pcauto.com.cn/salescar/sg30388/y2022-m12/,2026-08-28T23:34:26+08:00,0db4b96fd621f145fb94de3f85caaf4b4c165f94a0f64ae7d0cf7cf2711a72f2
电动MINI ACEMAN,sg30388,电动MINI ACEMAN,True,2023-06-01,,https://price.pcauto.com.cn/salescar/sg30388/y2023-m6/,2026-08-28T23:34:28+08:00,f20ffef7ef09905dd80d780507af108110cbc49fa3661fb512e0411e9ef90b53
电动MINI ACEMAN,sg30388,电动MINI ACEMAN,True,2023-05-01,,https://price.pcauto.com.cn/salescar/sg30388/y2023-m6/,2026-08-28T23:34:28+08:00,f20ffef7ef09905dd80d780507af108110cbc49fa3661fb512e0411e9ef90b53
电动MINI ACEMAN,sg30388,电动MINI ACEMAN,True,2023-04-01,,https://price.pcauto.com.cn/salescar/sg30388/y2023-m6/,2026-08-28T23:34:28+08:00,f20ffef7ef09905dd80d780507af108110cbc49fa3661fb512e0411e9ef90b53
电动MINI ACEMAN,sg30388,电动MINI ACEMAN,True,2023-03-01,,https://price.pcauto.com.cn/salescar/sg30388/y2023-m6/,2026-08-28T23:34:28+08:00,f20ffef7ef09905dd80d780507af108110cbc49fa3661fb512e0411e9ef90b53
电动MINI ACEMAN,sg30388,电动MINI ACEMAN,True,2023-02-01,,https://price.pcauto.com.cn/salescar/sg30388/y2023-m6/,2026-08-28T23:34:28+08:00,f20ffef7ef09905dd80d780507af108110cbc49fa3661fb512e0411e9ef90b53
电动MINI ACEMAN,sg30388,电动MINI ACEMAN,True,2023-01-01,,https://price.pcauto.com.cn/salescar/sg30388/y2023-m6/,2026-08-28T23:34:28+08:00,f20ffef7ef09905dd80d780507af108110cbc49fa3661fb512e0411e9ef90b53
电动MINI ACEMAN,sg30388,电动MINI ACEMAN,True,2023-12-01,,https://price.pcauto.com.cn/salescar/sg30388/y2023-m12/,2026-08-28T23:34:29+08:00,858727e2738383bd3c975f7713c03969269ef8b8d02315661333f4a6ea37e865
电动MINI ACEMAN,sg30388,电动MINI ACEMAN,True,2023-11-01,,https://price.pcauto.com.cn/salescar/sg30388/y2023-m12/,2026-08-28T23:34:29+08:00,858727e2738383bd3c975f7713c03969269ef8b8d02315661333f4a6ea37e865
电动MINI ACEMAN,sg30388,电动MINI ACEMAN,True,2023-10-01,,https://price.pcauto.com.cn/salescar/sg30388/y2023-m12/,2026-08-28T23:34:29+08:00,858727e2738383bd3c975f7713c03969269ef8b8d02315661333f4a6ea37e865
电动MINI ACEMAN,sg30388,电动MINI ACEMAN,True,2023-09-01,,https://price.pcauto.com.cn/salescar/sg30388/y2023-m12/,2026-08-28T23:34:29+08:00,858727e2738383bd3c975f7713c03969269ef8b8d02315661333f4a6ea37e865
电动MINI ACEMAN,sg30388,电动MINI ACEMAN,True,2023-08-01,,https://price.pcauto.com.cn/salescar/sg30388/y2023-m12/,2026-08-28T23:34:29+08:00,858727e2738383bd3c975f7713c03969269ef8b8d02315661333f4a6ea37e865
电动MINI ACEMAN,sg30388,电动MINI ACEMAN,True,2023-07-01,,https://price.pcauto.com.cn/salescar/sg30388/y2023-m12/,2026-08-28T23:34:29+08:00,858727e2738383bd3c975f7713c03969269ef8b8d02315661333f4a6ea37e865
电动MINI ACEMAN,sg30388,电动MINI ACEMAN,True,2024-06-01,,https://price.pcauto.com.cn/salescar/sg30388/y2024-m6/,2026-08-28T23:34:31+08:00,b885a189f4f3378c887f09f5e4d13bf64c7b17a39635fbdaae6e354815a8650e
电动MINI ACEMAN,sg30388,电动MINI ACEMAN,True,2024-05-01,,https://price.pcauto.com.cn/salescar/sg30388/y2024-m6/,2026-08-28T23:34:31+08:00,b885a189f4f3378c887f09f5e4d13bf64c7b17a39635fbdaae6e354815a8650e
电动MINI ACEMAN,sg30388,电动MINI ACEMAN,True,2024-04-01,,https://price.pcauto.com.cn/salescar/sg30388/y2024-m6/,2026-08-28T23:34:31+08:00,b885a189f4f3378c887f09f5e4d13bf64c7b17a39635fbdaae6e354815a8650e
电动MINI ACEMAN,sg30388,电动MINI ACEMAN,True,2024-03-01,,https://price.pcauto.com.cn/salescar/sg30388/y2024-m6/,2026-08-28T23:34:31+08:00,b885a189f4f3378c887f09f5e4d13bf64c7b17a39635fbdaae6e354815a8650e
电动MINI ACEMAN,sg30388,电动MINI ACEMAN,True,2024-02-01,,https://price.pcauto.com.cn/salescar/sg30388/y2024-m6/,2026-08-28T23:34:31+08:00,b885a189f4f3378c887f09f5e4d13bf64c7b17a39635fbdaae6e354815a8650e
电动MINI ACEMAN,sg30388,电动MINI ACEMAN,True,2024-01-01,,https://price.pcauto.com.cn/salescar/sg30388/y2024-m6/,2026-08-28T23:34:31+08:00,b885a189f4f3378c887f09f5e4d13bf64c7b17a39635fbdaae6e354815a8650e
电动MINI ACEMAN,sg30388,电动MINI ACEMAN,True,2024-12-01,,https://price.pcauto.com.cn/salescar/sg30388/y2024-m12/,2026-08-28T23:34:33+08:00,09476f258a13e4c45f258761057906eca3c9fa0ada9b56bea53ff6589d4c8bad
电动MINI ACEMAN,sg30388,电动MINI ACEMAN,True,2024-11-01,,https://price.pcauto.com.cn/salescar/sg30388/y2024-m12/,2026-08-28T23:34:33+08:00,09476f258a13e4c45f258761057906eca3c9fa0ada9b56bea53ff6589d4c8bad
电动MINI ACEMAN,sg30388,电动MINI ACEMAN,True,2024-10-01,,https://price.pcauto.com.cn/salescar/sg30388/y2024-m12/,2026-08-28T23:34:33+08:00,09476f258a13e4c45f258761057906eca3c9fa0ada9b56bea53ff6589d4c8bad
电动MINI ACEMAN,sg30388,电动MINI ACEMAN,True,2024-09-01,,https://price.pcauto.com.cn/salescar/sg30388/y2024-m12/,2026-08-28T23:34:33+08:00,09476f258a13e4c45f258761057906eca3c9fa0ada9b56bea53ff6589d4c8bad
电动MINI ACEMAN,sg30388,电动MINI ACEMAN,True,2024-08-01,,https://price.pcauto.com.cn/salescar/sg30388/y2024-m12/,2026-08-28T23:34:33+08:00,09476f258a13e4c45f258761057906eca3c9fa0ada9b56bea53ff6589d4c8bad
电动MINI ACEMAN,sg30388,电动MINI ACEMAN,True,2024-07-01,,https://price.pcauto.com.cn/salescar/sg30388/y2024-m12/,2026-08-28T23:34:33+08:00,09476f258a13e4c45f258761057906eca3c9fa0ada9b56bea53ff6589d4c8bad
电动MINI ACEMAN,sg30388,电动MINI ACEMAN,True,2025-06-01,100.0,https://price.pcauto.com.cn/salescar/sg30388/y2025-m6/,2026-08-28T23:34:34+08:00,f76372c7a0593c5b667eb55ee1f6c7ff48a032d45ca1000586cadc9cda8b1fd4
电动MINI ACEMAN,sg30388,电动MINI ACEMAN,True,2025-05-01,326.0,https://price.pcauto.com.cn/salescar/sg30388/y2025-m6/,2026-08-28T23:34:34+08:00,f76372c7a0593c5b667eb55ee1f6c7ff48a032d45ca1000586cadc9cda8b1fd4
电动MINI ACEMAN,sg30388,电动MINI ACEMAN,True,2025-04-01,71.0,https://price.pcauto.com.cn/salescar/sg30388/y2025-m6/,2026-08-28T23:34:34+08:00,f76372c7a0593c5b667eb55ee1f6c7ff48a032d45ca1000586cadc9cda8b1fd4
电动MINI ACEMAN,sg30388,电动MINI ACEMAN,True,2025-03-01,280.0,https://price.pcauto.com.cn/salescar/sg30388/y2025-m6/,2026-08-28T23:34:34+08:00,f76372c7a0593c5b667eb55ee1f6c7ff48a032d45ca1000586cadc9cda8b1fd4
电动MINI ACEMAN,sg30388,电动MINI ACEMAN,True,2025-02-01,,https://price.pcauto.com.cn/salescar/sg30388/y2025-m6/,2026-08-28T23:34:34+08:00,f76372c7a0593c5b667eb55ee1f6c7ff48a032d45ca1000586cadc9cda8b1fd4
电动MINI ACEMAN,sg30388,电动MINI ACEMAN,True,2025-01-01,,https://price.pcauto.com.cn/salescar/sg30388/y2025-m6/,2026-08-28T23:34:34+08:00,f76372c7a0593c5b667eb55ee1f6c7ff48a032d45ca1000586cadc9cda8b1fd4
电动MINI ACEMAN,sg30388,电动MINI ACEMAN,True,2025-12-01,268.0,https://price.pcauto.com.cn/salescar/sg30388/y2025-m12/,2026-08-28T23:34:36+08:00,3971c974ea5fed9a7dc696b0115464499852c63825fc9d19d9528456618f86e9
电动MINI ACEMAN,sg30388,电动MINI ACEMAN,True,2025-11-01,149.0,https://price.pcauto.com.cn/salescar/sg30388/y2025-m12/,2026-08-28T23:34:36+08:00,3971c974ea5fed9a7dc696b0115464499852c63825fc9d19d9528456618f86e9
电动MINI ACEMAN,sg30388,电动MINI ACEMAN,True,2025-10-01,87.0,https://price.pcauto.com.cn/salescar/sg30388/y2025-m12/,2026-08-28T23:34:36+08:00,3971c974ea5fed9a7dc696b0115464499852c63825fc9d19d9528456618f86e9
电动MINI ACEMAN,sg30388,电动MINI ACEMAN,True,2025-09-01,112.0,https://price.pcauto.com.cn/salescar/sg30388/y2025-m12/,2026-08-28T23:34:36+08:00,3971c974ea5fed9a7dc696b0115464499852c63825fc9d19d9528456618f86e9
电动MINI ACEMAN,sg30388,电动MINI ACEMAN,True,2025-08-01,50.0,https://price.pcauto.com.cn/salescar/sg30388/y2025-m12/,2026-08-28T23:34:36+08:00,3971c974ea5fed9a7dc696b0115464499852c63825fc9d19d9528456618f86e9
电动MINI ACEMAN,sg30388,电动MINI ACEMAN,True,2025-07-01,50.0,https://price.pcauto.com.cn/salescar/sg30388/y2025-m12/,2026-08-28T23:34:36+08:00,3971c974ea5fed9a7dc696b0115464499852c63825fc9d19d9528456618f86e9
电动MINI ACEMAN,sg30388,电动MINI ACEMAN,True,2026-06-01,,https://price.pcauto.com.cn/salescar/sg30388/y2026-m6/,2026-08-28T23:34:38+08:00,444afdf7565dfe96df1c8daeb1f9c73bb7ab6f8ceabed9e74d8665cc644342ec
电动MINI ACEMAN,sg30388,电动MINI ACEMAN,True,2026-05-01,,https://price.pcauto.com.cn/salescar/sg30388/y2026-m6/,2026-08-28T23:34:38+08:00,444afdf7565dfe96df1c8daeb1f9c73bb7ab6f8ceabed9e74d8665cc644342ec
电动MINI ACEMAN,sg30388,电动MINI ACEMAN,True,2026-04-01,,https://price.pcauto.com.cn/salescar/sg30388/y2026-m6/,2026-08-28T23:34:38+08:00,444afdf7565dfe96df1c8daeb1f9c73bb7ab6f8ceabed9e74d8665cc644342ec
电动MINI ACEMAN,sg30388,电动MINI ACEMAN,True,2026-03-01,,https://price.pcauto.com.cn/salescar/sg30388/y2026-m6/,2026-08-28T23:34:38+08:00,444afdf7565dfe96df1c8daeb1f9c73bb7ab6f8ceabed9e74d8665cc644342ec
电动MINI ACEMAN,sg30388,电动MINI ACEMAN,True,2026-02-01,,https://price.pcauto.com.cn/salescar/sg30388/y2026-m6/,2026-08-28T23:34:38+08:00,444afdf7565dfe96df1c8daeb1f9c73bb7ab6f8ceabed9e74d8665cc644342ec
电动MINI ACEMAN,sg30388,电动MINI ACEMAN,True,2026-01-01,,https://price.pcauto.com.cn/salescar/sg30388/y2026-m6/,2026-08-28T23:34:38+08:00,444afdf7565dfe96df1c8daeb1f9c73bb7ab6f8ceabed9e74d8665cc644342ec
哪吒AYA,sg30064,哪吒AYA,True,2022-06-01,,https://price.pcauto.com.cn/salescar/sg30064/y2022-m6/,2026-08-28T23:34:40+08:00,7843fb596835f8f0519e2189fb4d98f333eec8cdedb154c0513054840edce8c5
哪吒AYA,sg30064,哪吒AYA,True,2022-05-01,,https://price.pcauto.com.cn/salescar/sg30064/y2022-m6/,2026-08-28T23:34:40+08:00,7843fb596835f8f0519e2189fb4d98f333eec8cdedb154c0513054840edce8c5
哪吒AYA,sg30064,哪吒AYA,True,2022-04-01,,https://price.pcauto.com.cn/salescar/sg30064/y2022-m6/,2026-08-28T23:34:40+08:00,7843fb596835f8f0519e2189fb4d98f333eec8cdedb154c0513054840edce8c5
哪吒AYA,sg30064,哪吒AYA,True,2022-03-01,,https://price.pcauto.com.cn/salescar/sg30064/y2022-m6/,2026-08-28T23:34:40+08:00,7843fb596835f8f0519e2189fb4d98f333eec8cdedb154c0513054840edce8c5
哪吒AYA,sg30064,哪吒AYA,True,2022-02-01,,https://price.pcauto.com.cn/salescar/sg30064/y2022-m6/,2026-08-28T23:34:40+08:00,7843fb596835f8f0519e2189fb4d98f333eec8cdedb154c0513054840edce8c5
哪吒AYA,sg30064,哪吒AYA,True,2022-01-01,,https://price.pcauto.com.cn/salescar/sg30064/y2022-m6/,2026-08-28T23:34:40+08:00,7843fb596835f8f0519e2189fb4d98f333eec8cdedb154c0513054840edce8c5
哪吒AYA,sg30064,哪吒AYA,True,2022-12-01,,https://price.pcauto.com.cn/salescar/sg30064/y2022-m12/,2026-08-28T23:34:41+08:00,91e04ffacc3aac0288db63233882b768caee2d46b88e2fa7dc826da285ab8296
哪吒AYA,sg30064,哪吒AYA,True,2022-11-01,,https://price.pcauto.com.cn/salescar/sg30064/y2022-m12/,2026-08-28T23:34:41+08:00,91e04ffacc3aac0288db63233882b768caee2d46b88e2fa7dc826da285ab8296
哪吒AYA,sg30064,哪吒AYA,True,2022-10-01,,https://price.pcauto.com.cn/salescar/sg30064/y2022-m12/,2026-08-28T23:34:41+08:00,91e04ffacc3aac0288db63233882b768caee2d46b88e2fa7dc826da285ab8296
哪吒AYA,sg30064,哪吒AYA,True,2022-09-01,,https://price.pcauto.com.cn/salescar/sg30064/y2022-m12/,2026-08-28T23:34:41+08:00,91e04ffacc3aac0288db63233882b768caee2d46b88e2fa7dc826da285ab8296
哪吒AYA,sg30064,哪吒AYA,True,2022-08-01,,https://price.pcauto.com.cn/salescar/sg30064/y2022-m12/,2026-08-28T23:34:41+08:00,91e04ffacc3aac0288db63233882b768caee2d46b88e2fa7dc826da285ab8296
哪吒AYA,sg30064,哪吒AYA,True,2022-07-01,,https://price.pcauto.com.cn/salescar/sg30064/y2022-m12/,2026-08-28T23:34:41+08:00,91e04ffacc3aac0288db63233882b768caee2d46b88e2fa7dc826da285ab8296
哪吒AYA,sg30064,哪吒AYA,True,2023-06-01,,https://price.pcauto.com.cn/salescar/sg30064/y2023-m6/,2026-08-28T23:34:42+08:00,cd72507f4ad536d5fb55a01ab9eb7fd410ae41b471a7202e563ff33400d1d44b
哪吒AYA,sg30064,哪吒AYA,True,2023-05-01,,https://price.pcauto.com.cn/salescar/sg30064/y2023-m6/,2026-08-28T23:34:42+08:00,cd72507f4ad536d5fb55a01ab9eb7fd410ae41b471a7202e563ff33400d1d44b
哪吒AYA,sg30064,哪吒AYA,True,2023-04-01,,https://price.pcauto.com.cn/salescar/sg30064/y2023-m6/,2026-08-28T23:34:42+08:00,cd72507f4ad536d5fb55a01ab9eb7fd410ae41b471a7202e563ff33400d1d44b
哪吒AYA,sg30064,哪吒AYA,True,2023-03-01,,https://price.pcauto.com.cn/salescar/sg30064/y2023-m6/,2026-08-28T23:34:42+08:00,cd72507f4ad536d5fb55a01ab9eb7fd410ae41b471a7202e563ff33400d1d44b
哪吒AYA,sg30064,哪吒AYA,True,2023-02-01,,https://price.pcauto.com.cn/salescar/sg30064/y2023-m6/,2026-08-28T23:34:42+08:00,cd72507f4ad536d5fb55a01ab9eb7fd410ae41b471a7202e563ff33400d1d44b
哪吒AYA,sg30064,哪吒AYA,True,2023-01-01,,https://price.pcauto.com.cn/salescar/sg30064/y2023-m6/,2026-08-28T23:34:42+08:00,cd72507f4ad536d5fb55a01ab9eb7fd410ae41b471a7202e563ff33400d1d44b
哪吒AYA,sg30064,哪吒AYA,True,2023-12-01,8.0,https://price.pcauto.com.cn/salescar/sg30064/y2023-m12/,2026-08-28T23:34:44+08:00,00b6f1a731d2f764caeea9043193b1a21320e3c1b209b4bca88397b4bbd4a89c
哪吒AYA,sg30064,哪吒AYA,True,2023-11-01,126.0,https://price.pcauto.com.cn/salescar/sg30064/y2023-m12/,2026-08-28T23:34:44+08:00,00b6f1a731d2f764caeea9043193b1a21320e3c1b209b4bca88397b4bbd4a89c
哪吒AYA,sg30064,哪吒AYA,True,2023-10-01,3767.0,https://price.pcauto.com.cn/salescar/sg30064/y2023-m12/,2026-08-28T23:34:44+08:00,00b6f1a731d2f764caeea9043193b1a21320e3c1b209b4bca88397b4bbd4a89c
哪吒AYA,sg30064,哪吒AYA,True,2023-09-01,5225.0,https://price.pcauto.com.cn/salescar/sg30064/y2023-m12/,2026-08-28T23:34:44+08:00,00b6f1a731d2f764caeea9043193b1a21320e3c1b209b4bca88397b4bbd4a89c
哪吒AYA,sg30064,哪吒AYA,True,2023-08-01,5609.0,https://price.pcauto.com.cn/salescar/sg30064/y2023-m12/,2026-08-28T23:34:44+08:00,00b6f1a731d2f764caeea9043193b1a21320e3c1b209b4bca88397b4bbd4a89c
哪吒AYA,sg30064,哪吒AYA,True,2023-07-01,,https://price.pcauto.com.cn/salescar/sg30064/y2023-m12/,2026-08-28T23:34:44+08:00,00b6f1a731d2f764caeea9043193b1a21320e3c1b209b4bca88397b4bbd4a89c
哪吒AYA,sg30064,哪吒AYA,True,2024-06-01,337.0,https://price.pcauto.com.cn/salescar/sg30064/y2024-m6/,2026-08-28T23:34:45+08:00,cc90b12c2d580f8da2317b65a80ae75df163e799a33b865b68423d5937a8330c
哪吒AYA,sg30064,哪吒AYA,True,2024-05-01,462.0,https://price.pcauto.com.cn/salescar/sg30064/y2024-m6/,2026-08-28T23:34:45+08:00,cc90b12c2d580f8da2317b65a80ae75df163e799a33b865b68423d5937a8330c
哪吒AYA,sg30064,哪吒AYA,True,2024-04-01,461.0,https://price.pcauto.com.cn/salescar/sg30064/y2024-m6/,2026-08-28T23:34:45+08:00,cc90b12c2d580f8da2317b65a80ae75df163e799a33b865b68423d5937a8330c
哪吒AYA,sg30064,哪吒AYA,True,2024-03-01,1564.0,https://price.pcauto.com.cn/salescar/sg30064/y2024-m6/,2026-08-28T23:34:45+08:00,cc90b12c2d580f8da2317b65a80ae75df163e799a33b865b68423d5937a8330c
哪吒AYA,sg30064,哪吒AYA,True,2024-02-01,536.0,https://price.pcauto.com.cn/salescar/sg30064/y2024-m6/,2026-08-28T23:34:45+08:00,cc90b12c2d580f8da2317b65a80ae75df163e799a33b865b68423d5937a8330c
哪吒AYA,sg30064,哪吒AYA,True,2024-01-01,553.0,https://price.pcauto.com.cn/salescar/sg30064/y2024-m6/,2026-08-28T23:34:45+08:00,cc90b12c2d580f8da2317b65a80ae75df163e799a33b865b68423d5937a8330c
哪吒AYA,sg30064,哪吒AYA,True,2024-12-01,49.0,https://price.pcauto.com.cn/salescar/sg30064/y2024-m12/,2026-08-28T23:34:47+08:00,9836f9d253a06ea08b447dfd84c0f1b25131653343f6c10e642c9a8dff4e47cb
哪吒AYA,sg30064,哪吒AYA,True,2024-11-01,259.0,https://price.pcauto.com.cn/salescar/sg30064/y2024-m12/,2026-08-28T23:34:47+08:00,9836f9d253a06ea08b447dfd84c0f1b25131653343f6c10e642c9a8dff4e47cb
哪吒AYA,sg30064,哪吒AYA,True,2024-10-01,1217.0,https://price.pcauto.com.cn/salescar/sg30064/y2024-m12/,2026-08-28T23:34:47+08:00,9836f9d253a06ea08b447dfd84c0f1b25131653343f6c10e642c9a8dff4e47cb
哪吒AYA,sg30064,哪吒AYA,True,2024-09-01,1334.0,https://price.pcauto.com.cn/salescar/sg30064/y2024-m12/,2026-08-28T23:34:47+08:00,9836f9d253a06ea08b447dfd84c0f1b25131653343f6c10e642c9a8dff4e47cb
哪吒AYA,sg30064,哪吒AYA,True,2024-08-01,125.0,https://price.pcauto.com.cn/salescar/sg30064/y2024-m12/,2026-08-28T23:34:47+08:00,9836f9d253a06ea08b447dfd84c0f1b25131653343f6c10e642c9a8dff4e47cb
哪吒AYA,sg30064,哪吒AYA,True,2024-07-01,24.0,https://price.pcauto.com.cn/salescar/sg30064/y2024-m12/,2026-08-28T23:34:47+08:00,9836f9d253a06ea08b447dfd84c0f1b25131653343f6c10e642c9a8dff4e47cb
哪吒AYA,sg30064,哪吒AYA,True,2025-06-01,,https://price.pcauto.com.cn/salescar/sg30064/y2025-m6/,2026-08-28T23:34:49+08:00,b5cab7db1f3373e1d3e02e13f7ae1f0ab14dc4a72c0001471fa52b9050301371
哪吒AYA,sg30064,哪吒AYA,True,2025-05-01,,https://price.pcauto.com.cn/salescar/sg30064/y2025-m6/,2026-08-28T23:34:49+08:00,b5cab7db1f3373e1d3e02e13f7ae1f0ab14dc4a72c0001471fa52b9050301371
哪吒AYA,sg30064,哪吒AYA,True,2025-04-01,,https://price.pcauto.com.cn/salescar/sg30064/y2025-m6/,2026-08-28T23:34:49+08:00,b5cab7db1f3373e1d3e02e13f7ae1f0ab14dc4a72c0001471fa52b9050301371
哪吒AYA,sg30064,哪吒AYA,True,2025-03-01,,https://price.pcauto.com.cn/salescar/sg30064/y2025-m6/,2026-08-28T23:34:49+08:00,b5cab7db1f3373e1d3e02e13f7ae1f0ab14dc4a72c0001471fa52b9050301371
哪吒AYA,sg30064,哪吒AYA,True,2025-02-01,,https://price.pcauto.com.cn/salescar/sg30064/y2025-m6/,2026-08-28T23:34:49+08:00,b5cab7db1f3373e1d3e02e13f7ae1f0ab14dc4a72c0001471fa52b9050301371
哪吒AYA,sg30064,哪吒AYA,True,2025-01-01,,https://price.pcauto.com.cn/salescar/sg30064/y2025-m6/,2026-08-28T23:34:49+08:00,b5cab7db1f3373e1d3e02e13f7ae1f0ab14dc4a72c0001471fa52b9050301371
哪吒AYA,sg30064,哪吒AYA,True,2025-12-01,,https://price.pcauto.com.cn/salescar/sg30064/y2025-m12/,2026-08-28T23:34:51+08:00,0fc8cb75957c09c27d401634ba39764a452f32d0f1dd70b999486328984b9daa
哪吒AYA,sg30064,哪吒AYA,True,2025-11-01,,https://price.pcauto.com.cn/salescar/sg30064/y2025-m12/,2026-08-28T23:34:51+08:00,0fc8cb75957c09c27d401634ba39764a452f32d0f1dd70b999486328984b9daa
哪吒AYA,sg30064,哪吒AYA,True,2025-10-01,,https://price.pcauto.com.cn/salescar/sg30064/y2025-m12/,2026-08-28T23:34:51+08:00,0fc8cb75957c09c27d401634ba39764a452f32d0f1dd70b999486328984b9daa
哪吒AYA,sg30064,哪吒AYA,True,2025-09-01,,https://price.pcauto.com.cn/salescar/sg30064/y2025-m12/,2026-08-28T23:34:51+08:00,0fc8cb75957c09c27d401634ba39764a452f32d0f1dd70b999486328984b9daa
哪吒AYA,sg30064,哪吒AYA,True,2025-08-01,,https://price.pcauto.com.cn/salescar/sg30064/y2025-m12/,2026-08-28T23:34:51+08:00,0fc8cb75957c09c27d401634ba39764a452f32d0f1dd70b999486328984b9daa
哪吒AYA,sg30064,哪吒AYA,True,2025-07-01,,https://price.pcauto.com.cn/salescar/sg30064/y2025-m12/,2026-08-28T23:34:51+08:00,0fc8cb75957c09c27d401634ba39764a452f32d0f1dd70b999486328984b9daa
哪吒AYA,sg30064,哪吒AYA,True,2026-06-01,,https://price.pcauto.com.cn/salescar/sg30064/y2026-m6/,2026-08-28T23:34:52+08:00,7ed8d9aafd449904a01bd8083ea85aff475da9c839831821355c54a1b3e1a45e
哪吒AYA,sg30064,哪吒AYA,True,2026-05-01,,https://price.pcauto.com.cn/salescar/sg30064/y2026-m6/,2026-08-28T23:34:52+08:00,7ed8d9aafd449904a01bd8083ea85aff475da9c839831821355c54a1b3e1a45e
哪吒AYA,sg30064,哪吒AYA,True,2026-04-01,,https://price.pcauto.com.cn/salescar/sg30064/y2026-m6/,2026-08-28T23:34:52+08:00,7ed8d9aafd449904a01bd8083ea85aff475da9c839831821355c54a1b3e1a45e
哪吒AYA,sg30064,哪吒AYA,True,2026-03-01,,https://price.pcauto.com.cn/salescar/sg30064/y2026-m6/,2026-08-28T23:34:52+08:00,7ed8d9aafd449904a01bd8083ea85aff475da9c839831821355c54a1b3e1a45e
哪吒AYA,sg30064,哪吒AYA,True,2026-02-01,,https://price.pcauto.com.cn/salescar/sg30064/y2026-m6/,2026-08-28T23:34:52+08:00,7ed8d9aafd449904a01bd8083ea85aff475da9c839831821355c54a1b3e1a45e
哪吒AYA,sg30064,哪吒AYA,True,2026-01-01,,https://price.pcauto.com.cn/salescar/sg30064/y2026-m6/,2026-08-28T23:34:52+08:00,7ed8d9aafd449904a01bd8083ea85aff475da9c839831821355c54a1b3e1a45e
