series_id,series_name,brand,category,in_model_cohort,row_months,raw_positive_months,repaired_positive_months,raw_first_positive_date,raw_last_positive_date,repaired_first_positive_date,repaired_last_positive_date,prelaunch_zero_months,internal_zero_months,longest_internal_zero_run,trailing_zero_months,raw_train_positive_months,raw_test_sales,repaired_test_sales,test_sales_delta,reference_avg_12_before_raw_cutoff,audit_status,current_modeling_action,evidence_url,status_note,flag_never_positive,flag_no_positive_in_training,flag_all_zero_raw_test,flag_all_zero_repaired_test,flag_internal_gap_ge3,flag_recent_trailing_cutoff,flag_high_volume_cutoff,verification_priority,risk_score,verification_reason
30092,长安启源Q05经典,长安启源,SUV,True,54,24,24,2023-12-01,2025-12-01,2023-12-01,2025-12-01,23,1,1,6,18,0,0,0,2016.9166666666667,source_page_stops_before_period,keep_zero_pending_manual,https://price.pcauto.com.cn/salescar/sg30092/,同源页面序列止于2025-12；不可与名称不同的新Q05自动合并,False,False,True,True,False,True,True,high,135,source page stops before audit period; affects 371-series model cohort; entire repaired test window is zero; positive in 2025 then at least 6 trailing zeros; high-volume history followed by a zero gap
27551,奥迪Q5 e-tron,奥迪,SUV,True,54,45,45,2022-03-01,2025-12-01,2022-03-01,2025-12-01,2,1,1,6,39,0,0,0,278.1666666666667,source_page_stops_before_period,keep_zero_pending_manual,https://price.pcauto.com.cn/salescar/sg27551/,同源页面序列止于2025-12但未见明确停售标记,False,False,True,True,False,True,False,high,110,source page stops before audit period; affects 371-series model cohort; entire repaired test window is zero; positive in 2025 then at least 6 trailing zeros
30347,电动MINI COOPER,MINI,轿车,True,54,10,10,2025-03-01,2025-12-01,2025-03-01,2025-12-01,38,0,0,6,4,0,0,0,794.3333333333334,unreviewed,not_reviewed,,,False,False,True,True,False,True,True,high,90,affects 371-series model cohort; entire repaired test window is zero; positive in 2025 then at least 6 trailing zeros; high-volume history followed by a zero gap
22904,海马8S,海马郑州,SUV,True,54,28,28,2022-01-01,2025-12-01,2022-01-01,2025-12-01,0,20,6,6,24,0,0,0,123.91666666666667,unreviewed,not_reviewed,,,False,False,True,True,True,True,False,high,77,affects 371-series model cohort; entire repaired test window is zero; internal zero run=6 months; positive in 2025 then at least 6 trailing zeros
26061,奔奔E-Star,长安欧尚,轿车,True,54,40,40,2022-01-01,2025-12-01,2022-01-01,2025-12-01,0,8,4,6,38,0,0,0,233.5,unreviewed,not_reviewed,,,False,False,True,True,True,True,False,high,73,affects 371-series model cohort; entire repaired test window is zero; internal zero run=4 months; positive in 2025 then at least 6 trailing zeros
27201,摩卡,魏牌,SUV,True,54,12,12,2022-01-01,2022-12-01,2022-01-01,2022-12-01,0,0,0,42,12,0,0,0,628.6666666666666,unreviewed,not_reviewed,,,False,False,True,True,False,False,True,high,70,affects 371-series model cohort; entire repaired test window is zero; high-volume history followed by a zero gap
30064,哪吒AYA,哪吒汽车,SUV,False,54,17,17,2023-08-01,2024-12-01,2023-08-01,2024-12-01,19,0,0,18,17,0,0,0,576.75,unresolved,keep_zero_pending_manual,,2024-12后全零；尚未以同口径来源确认生命周期状态,False,False,True,True,False,False,True,high,70,previous high-risk review unresolved; entire repaired test window is zero; high-volume history followed by a zero gap
28842,极越01,极越,SUV,False,54,13,13,2023-12-01,2024-12-01,2023-12-01,2024-12-01,23,0,0,18,13,0,0,0,795.6666666666666,unresolved,keep_zero_pending_manual,,2024-12后全零；尚未以同口径来源确认生命周期状态,False,False,True,True,False,False,True,high,70,previous high-risk review unresolved; entire repaired test window is zero; high-volume history followed by a zero gap
4613,五菱宏光,五菱,SUV,True,54,0,0,,,,,0,0,0,54,0,0,0,0,0.0,unreviewed,not_reviewed,,,True,True,True,True,False,False,False,high,65,affects 371-series model cohort; no positive sales in entire 54-month panel
30388,电动MINI ACEMAN,MINI,SUV,True,54,10,10,2025-03-01,2025-12-01,2025-03-01,2025-12-01,38,0,0,6,4,0,0,0,124.41666666666667,unreviewed,not_reviewed,,,False,False,True,True,False,True,False,high,65,affects 371-series model cohort; entire repaired test window is zero; positive in 2025 then at least 6 trailing zeros
30133,捷途山海L9,捷途,SUV,False,54,26,26,2023-11-01,2025-12-01,2023-11-01,2025-12-01,22,0,0,6,20,0,0,0,320.1666666666667,unresolved,keep_zero_pending_manual,,2025年末仍有销量；测试期全零需继续核验,False,False,True,True,False,True,False,high,65,previous high-risk review unresolved; entire repaired test window is zero; positive in 2025 then at least 6 trailing zeros
28760,长安欧尚Z6 智电iDD,长安欧尚,SUV,False,54,38,38,2022-09-01,2025-12-01,2022-09-01,2025-12-01,8,2,1,6,33,0,0,0,114.08333333333333,unresolved,keep_zero_pending_manual,,2025年销量降至个位数后归零；尚无足够证据区分停产后零值和来源缺失,False,False,True,True,False,True,False,high,65,previous high-risk review unresolved; entire repaired test window is zero; positive in 2025 then at least 6 trailing zeros
28964,东南DX8 PLUS,东南,轿车,False,54,3,3,2022-10-01,2022-12-01,2022-10-01,2022-12-01,9,0,0,42,3,0,0,0,947.0,unreviewed,not_reviewed,,,False,False,True,True,False,False,True,high,40,entire repaired test window is zero; high-volume history followed by a zero gap
21666,博骏,野马汽车,SUV,False,54,12,12,2022-01-01,2022-12-01,2022-01-01,2022-12-01,0,0,0,42,12,0,0,0,654.1666666666666,unreviewed,not_reviewed,,,False,False,True,True,False,False,True,high,40,entire repaired test window is zero; high-volume history followed by a zero gap
23173,名爵HS,MG名爵,SUV,False,54,12,12,2022-01-01,2022-12-01,2022-01-01,2022-12-01,0,0,0,42,12,0,0,0,503.75,unreviewed,not_reviewed,,,False,False,True,True,False,False,True,high,40,entire repaired test window is zero; high-volume history followed by a zero gap
10846,启悦,铃木,轿车,False,54,12,12,2022-01-01,2022-12-01,2022-01-01,2022-12-01,0,0,0,42,12,0,0,0,845.5,unreviewed,not_reviewed,,,False,False,True,True,False,False,True,high,40,entire repaired test window is zero; high-volume history followed by a zero gap
24725,威马W6,威马汽车,SUV,False,54,12,12,2022-01-01,2022-12-01,2022-01-01,2022-12-01,0,0,0,42,12,0,0,0,530.6666666666666,unreviewed,not_reviewed,,,False,False,True,True,False,False,True,high,40,entire repaired test window is zero; high-volume history followed by a zero gap
22283,宝骏530,宝骏,SUV,False,54,10,10,2022-01-01,2022-12-01,2022-01-01,2022-12-01,0,2,1,42,10,0,0,0,918.6666666666666,unreviewed,not_reviewed,,,False,False,True,True,False,False,True,high,40,entire repaired test window is zero; high-volume history followed by a zero gap
100,桑塔纳,大众,轿车,False,54,23,23,2022-01-01,2023-12-01,2022-01-01,2023-12-01,0,1,1,30,23,0,0,0,2589.1666666666665,unreviewed,not_reviewed,,,False,False,True,True,False,False,True,high,40,entire repaired test window is zero; high-volume history followed by a zero gap
25051,荣威RX5 eMAX,荣威,SUV,False,54,10,10,2022-03-01,2022-12-01,2022-03-01,2022-12-01,2,0,0,42,10,0,0,0,984.75,unreviewed,not_reviewed,,,False,False,True,True,False,False,True,high,40,entire repaired test window is zero; high-volume history followed by a zero gap
25604,长安CS55PLUS,长安,SUV,False,54,48,48,2022-01-01,2026-06-01,2022-01-01,2026-06-01,0,6,6,0,36,24263,24263,0,4512.5,unreviewed,not_reviewed,,,False,False,False,False,True,False,True,high,37,internal zero run=6 months; high-volume history followed by a zero gap
28671,沃尔沃C40,沃尔沃,SUV,True,54,32,32,2022-07-01,2025-12-01,2022-07-01,2025-12-01,6,10,10,6,31,0,0,0,0.3333333333333333,unreviewed,not_reviewed,,,False,False,True,True,True,True,False,medium,85,affects 371-series model cohort; entire repaired test window is zero; internal zero run=10 months; positive in 2025 then at least 6 trailing zeros
30727,海马INJOY,海马,轿车,True,54,3,3,2024-12-01,2025-12-01,2024-12-01,2025-12-01,35,10,7,6,1,0,0,0,5.916666666666667,unreviewed,not_reviewed,,,False,False,True,True,True,True,False,medium,79,affects 371-series model cohort; entire repaired test window is zero; internal zero run=7 months; positive in 2025 then at least 6 trailing zeros
28425,合创A06,合创汽车,轿车,True,54,27,27,2022-11-01,2025-12-01,2022-11-01,2025-12-01,10,11,5,6,26,0,0,0,2.1666666666666665,unreviewed,not_reviewed,,,False,False,True,True,True,True,False,medium,75,affects 371-series model cohort; entire repaired test window is zero; internal zero run=5 months; positive in 2025 then at least 6 trailing zeros
29652,Polestar 4,Polestar极星,SUV,True,54,1,1,2025-12-01,2025-12-01,2025-12-01,2025-12-01,47,0,0,6,0,0,0,0,7.0,unreviewed,not_reviewed,,,False,True,True,True,False,True,False,medium,65,affects 371-series model cohort; entire repaired test window is zero; positive in 2025 then at least 6 trailing zeros
27476,欧拉闪电猫,欧拉,轿车,True,54,38,38,2022-11-01,2025-12-01,2022-11-01,2025-12-01,10,0,0,6,32,0,0,0,29.833333333333332,unreviewed,not_reviewed,,,False,False,True,True,False,True,False,medium,65,affects 371-series model cohort; entire repaired test window is zero; positive in 2025 then at least 6 trailing zeros
29119,猛士917,猛士,SUV,True,54,3,3,2025-10-01,2025-12-01,2025-10-01,2025-12-01,45,0,0,6,0,0,0,0,4.75,unreviewed,not_reviewed,,,False,True,True,True,False,True,False,medium,65,affects 371-series model cohort; entire repaired test window is zero; positive in 2025 then at least 6 trailing zeros
25651,红旗E-HS9,红旗,SUV,True,54,24,24,2023-12-01,2025-12-01,2023-12-01,2025-12-01,23,1,1,6,18,0,0,0,26.5,unreviewed,not_reviewed,,,False,False,True,True,False,True,False,medium,65,affects 371-series model cohort; entire repaired test window is zero; positive in 2025 then at least 6 trailing zeros
29951,江淮A5 PLUS,江淮,轿车,True,54,12,12,2023-06-01,2024-12-01,2023-06-01,2024-12-01,17,7,7,18,12,0,0,0,7.25,unreviewed,not_reviewed,,,False,False,True,True,True,False,False,medium,59,affects 371-series model cohort; entire repaired test window is zero; internal zero run=7 months
23313,启辰T60,启辰,SUV,True,54,27,27,2022-01-01,2024-12-01,2022-01-01,2024-12-01,0,9,6,18,27,0,0,0,0.25,unreviewed,not_reviewed,,,False,False,True,True,True,False,False,medium,57,affects 371-series model cohort; entire repaired test window is zero; internal zero run=6 months
23869,享域,本田,轿车,True,54,31,31,2022-01-01,2024-12-01,2022-01-01,2024-12-01,0,5,4,18,31,0,0,0,4.083333333333333,unreviewed,not_reviewed,,,False,False,True,True,True,False,False,medium,53,affects 371-series model cohort; entire repaired test window is zero; internal zero run=4 months
27422,小虎FEV,小虎,轿车,True,54,30,30,2022-01-01,2024-12-01,2022-01-01,2024-12-01,0,6,4,18,30,0,0,0,41.083333333333336,unreviewed,not_reviewed,,,False,False,True,True,True,False,False,medium,53,affects 371-series model cohort; entire repaired test window is zero; internal zero run=4 months
21448,奥迪A6L e-tron,奥迪,轿车,True,54,29,29,2022-01-01,2026-06-01,2022-01-01,2026-06-01,0,25,11,0,25,139,139,0,50.166666666666664,unreviewed,not_reviewed,,,False,False,False,False,True,False,False,medium,52,affects 371-series model cohort; internal zero run=11 months
27362,ID.6 CROZZ,大众,SUV,True,54,49,49,2022-01-01,2026-06-01,2022-01-01,2026-06-01,0,5,5,0,42,1,1,0,5.416666666666667,unreviewed,not_reviewed,,,False,False,False,False,True,False,False,medium,40,affects 371-series model cohort; internal zero run=5 months
23973,迈腾PHEV,大众,轿车,True,54,44,44,2022-01-01,2026-06-01,2022-01-01,2026-06-01,0,10,5,0,41,118,118,0,10.0,unreviewed,not_reviewed,,,False,False,False,False,True,False,False,medium,40,affects 371-series model cohort; internal zero run=5 months
28601,枫叶60s,睿蓝汽车,轿车,True,54,48,48,2022-01-01,2026-06-01,2022-01-01,2026-06-01,0,6,4,0,37,1370,1370,0,178.83333333333334,unreviewed,not_reviewed,,,False,False,False,False,True,False,False,medium,38,affects 371-series model cohort; internal zero run=4 months
24136,SWM斯威X2,SWM斯威汽车,MPV,False,54,10,10,2022-01-01,2023-12-01,2022-01-01,2023-12-01,0,14,11,30,10,0,0,0,5.916666666666667,unreviewed,not_reviewed,,,False,False,True,True,True,False,False,medium,37,entire repaired test window is zero; internal zero run=11 months
30355,红旗天工08,红旗,SUV,True,54,23,23,2024-05-01,2026-06-01,2024-05-01,2026-06-01,28,3,3,0,11,460,460,0,132.25,unreviewed,not_reviewed,,,False,False,False,False,True,False,False,medium,36,affects 371-series model cohort; internal zero run=3 months
26763,荣威i6 MAX新能源,荣威,轿车,True,54,50,50,2022-02-01,2026-06-01,2022-02-01,2026-06-01,1,3,3,0,41,31,31,0,290.8333333333333,unreviewed,not_reviewed,,,False,False,False,False,True,False,False,medium,36,affects 371-series model cohort; internal zero run=3 months
28426,合创V09,合创汽车,MPV,False,54,23,23,2023-10-01,2025-12-01,2023-10-01,2025-12-01,21,4,2,6,17,0,0,0,14.583333333333334,unreviewed,not_reviewed,,,False,False,True,True,False,True,False,medium,35,entire repaired test window is zero; positive in 2025 then at least 6 trailing zeros
22393,奕泽IZOA,丰田,SUV,False,54,45,45,2022-01-01,2025-12-01,2022-01-01,2025-12-01,0,3,2,6,42,0,0,0,13.0,unreviewed,not_reviewed,,,False,False,True,True,False,True,False,medium,35,entire repaired test window is zero; positive in 2025 then at least 6 trailing zeros
30999,星海X5,东风风行,SUV,False,54,3,3,2025-10-01,2025-12-01,2025-10-01,2025-12-01,45,0,0,6,0,0,0,0,473.25,unreviewed,not_reviewed,,,False,True,True,True,False,True,False,medium,35,entire repaired test window is zero; positive in 2025 then at least 6 trailing zeros
22333,零跑S01,零跑汽车,轿车,False,54,4,4,2022-01-01,2022-12-01,2022-01-01,2022-12-01,0,8,8,42,4,0,0,0,5.25,unreviewed,not_reviewed,,,False,False,True,True,True,False,False,medium,31,entire repaired test window is zero; internal zero run=8 months
27044,MG领航新能源,MG名爵,SUV,False,54,7,7,2023-01-01,2023-12-01,2023-01-01,2023-12-01,12,5,5,30,7,0,0,0,11.5,unreviewed,not_reviewed,,,False,False,True,True,True,False,False,medium,25,entire repaired test window is zero; internal zero run=5 months
20582,SWM斯威X7,SWM斯威汽车,SUV,False,54,13,13,2022-01-01,2023-12-01,2022-01-01,2023-12-01,0,11,5,30,13,0,0,0,99.83333333333333,unreviewed,not_reviewed,,,False,False,True,True,True,False,False,medium,25,entire repaired test window is zero; internal zero run=5 months
22734,逸动DT,长安,轿车,False,54,16,16,2022-04-01,2023-12-01,2022-04-01,2023-12-01,3,5,5,30,16,0,0,0,40.416666666666664,unreviewed,not_reviewed,,,False,False,True,True,True,False,False,medium,25,entire repaired test window is zero; internal zero run=5 months
26402,锐际新能源,福特,SUV,False,54,15,15,2022-01-01,2023-12-01,2022-01-01,2023-12-01,0,9,5,30,15,0,0,0,0.4166666666666667,unreviewed,not_reviewed,,,False,False,True,True,True,False,False,medium,25,entire repaired test window is zero; internal zero run=5 months
25100,冒险家新能源,林肯,SUV,False,54,14,14,2022-05-01,2023-12-01,2022-05-01,2023-12-01,4,6,4,30,14,0,0,0,1.0833333333333333,unreviewed,not_reviewed,,,False,False,True,True,True,False,False,medium,23,entire repaired test window is zero; internal zero run=4 months
3188,凯越,别克,轿车,False,54,14,14,2022-07-01,2023-12-01,2022-07-01,2023-12-01,6,4,4,30,14,0,0,0,27.0,unreviewed,not_reviewed,,,False,False,True,True,True,False,False,medium,23,entire repaired test window is zero; internal zero run=4 months
23803,富康ES500,东风富康,轿车,False,54,4,4,2022-03-01,2022-12-01,2022-03-01,2022-12-01,2,6,4,42,4,0,0,0,0.8333333333333334,unreviewed,not_reviewed,,,False,False,True,True,True,False,False,medium,23,entire repaired test window is zero; internal zero run=4 months
13509,自由侠,Jeep,SUV,False,54,6,6,2022-03-01,2022-12-01,2022-03-01,2022-12-01,2,4,4,42,6,0,0,0,2.75,unreviewed,not_reviewed,,,False,False,True,True,True,False,False,medium,23,entire repaired test window is zero; internal zero run=4 months
25479,锐程CC,长安,轿车,False,54,18,18,2022-01-01,2023-12-01,2022-01-01,2023-12-01,0,6,4,30,18,0,0,0,69.08333333333333,unreviewed,not_reviewed,,,False,False,True,True,True,False,False,medium,23,entire repaired test window is zero; internal zero run=4 months
13351,雷凌双擎E+,丰田,轿车,False,54,19,19,2022-01-01,2023-12-01,2022-01-01,2023-12-01,0,5,4,30,19,0,0,0,1.8333333333333333,unreviewed,not_reviewed,,,False,False,True,True,True,False,False,medium,23,entire repaired test window is zero; internal zero run=4 months
28742,ARIYA艾睿雅,日产,SUV,False,54,37,37,2022-10-01,2026-06-01,2022-10-01,2026-06-01,9,8,5,0,30,7,7,0,1.5833333333333333,unreviewed,not_reviewed,,,False,False,False,False,True,False,False,medium,10,internal zero run=5 months
24824,Model 3,特斯拉,轿车,True,54,27,54,2022-01-01,2024-05-01,2022-01-01,2026-06-01,0,0,0,0,27,0,66442,66442,11015.583333333334,confirmed_source_gap_repaired,apply_verified_history_and_test,https://m.pcauto.com.cn/x/5105/51055697.html,同源年度表纠正2022-01至02非零错值并补齐2022-10至11及2024-06至2025-12；同源月页补齐2026-01至06,False,False,True,False,False,False,False,reviewed_repaired,0,same-source gap fully repaired through overlay
26651,Model Y,特斯拉,SUV,True,54,26,54,2022-01-01,2024-05-01,2022-01-01,2026-06-01,0,0,0,0,26,0,172513,172513,39220.0,confirmed_source_gap_repaired,apply_verified_history_and_test,https://www.pcauto.com.cn/jxwd/5158/51588188.html,同源年度表纠正2022-01至02非零错值并补齐2022-09至11及2024-06至2025-12；同源月页补齐2026-01至06,False,False,True,False,False,False,False,reviewed_repaired,0,same-source gap fully repaired through overlay
9604,五菱宏光S,五菱,MPV,True,54,0,1,,,2026-06-01,2026-06-01,53,0,0,0,0,0,2215,2215,0.0,confirmed_source_gap_repaired,apply_verified_history_and_test,https://price.pcauto.com.cn/salescar/sg9604/y2026-m6/,批量回采540个试点车系月中唯一明确差异；仅2026-06有来源销量2215，其余月份源站显示为无记录,False,True,True,False,False,False,False,reviewed_repaired,0,same-source gap fully repaired through overlay
29436,iCAR 03,iCAR,SUV,True,54,25,25,2023-12-01,2025-12-01,2023-12-01,2025-12-01,23,0,0,6,19,0,0,0,1011.8333333333334,confirmed_post_discontinuation,keep_zero,https://price.pcauto.com.cn/salescar/sg29436/,同源车系页标记停售且销量序列止于2025-12,False,False,True,True,False,True,True,reviewed_keep,0,same-source discontinuation already verified
27583,EVOS,福特,SUV,True,54,36,36,2022-01-01,2024-12-01,2022-01-01,2024-12-01,0,0,0,18,36,0,0,0,74.33333333333333,unreviewed,not_reviewed,,,False,False,True,True,False,False,False,low,45,affects 371-series model cohort; entire repaired test window is zero
29851,五菱星云,五菱,SUV,True,54,15,15,2023-09-01,2024-12-01,2023-09-01,2024-12-01,20,1,1,18,15,0,0,0,239.08333333333334,unreviewed,not_reviewed,,,False,False,True,True,False,False,False,low,45,affects 371-series model cohort; entire repaired test window is zero
12513,传祺GA8,广汽传祺,轿车,True,54,24,24,2022-01-01,2023-12-01,2022-01-01,2023-12-01,0,0,0,30,24,0,0,0,15.666666666666666,unreviewed,not_reviewed,,,False,False,True,True,False,False,False,low,45,affects 371-series model cohort; entire repaired test window is zero
13838,别克GL6,别克,MPV,True,54,24,24,2022-01-01,2023-12-01,2022-01-01,2023-12-01,0,0,0,30,24,0,0,0,82.83333333333333,unreviewed,not_reviewed,,,False,False,True,True,False,False,False,low,45,affects 371-series model cohort; entire repaired test window is zero
13350,卡罗拉双擎E+,丰田,轿车,True,54,24,24,2022-01-01,2023-12-01,2022-01-01,2023-12-01,0,0,0,30,24,0,0,0,35.25,unreviewed,not_reviewed,,,False,False,True,True,False,False,False,low,45,affects 371-series model cohort; entire repaired test window is zero
22263,小鹏G3,小鹏,SUV,True,54,35,35,2022-01-01,2024-12-01,2022-01-01,2024-12-01,0,1,1,18,35,0,0,0,30.0,unreviewed,not_reviewed,,,False,False,True,True,False,False,False,low,45,affects 371-series model cohort; entire repaired test window is zero
27442,小鹏P5,小鹏,轿车,True,54,36,36,2022-01-01,2024-12-01,2022-01-01,2024-12-01,0,0,0,18,36,0,0,0,394.1666666666667,unreviewed,not_reviewed,,,False,False,True,True,False,False,False,low,45,affects 371-series model cohort; entire repaired test window is zero
23253,沃兰多,雪佛兰,轿车,True,54,23,23,2022-02-01,2023-12-01,2022-02-01,2023-12-01,1,0,0,30,23,0,0,0,150.83333333333334,unreviewed,not_reviewed,,,False,False,True,True,False,False,False,low,45,affects 371-series model cohort; entire repaired test window is zero
21973,荣威RX3,荣威,SUV,True,54,24,24,2022-01-01,2023-12-01,2022-01-01,2023-12-01,0,0,0,30,24,0,0,0,63.166666666666664,unreviewed,not_reviewed,,,False,False,True,True,False,False,False,low,45,affects 371-series model cohort; entire repaired test window is zero
11787,起亚KX3傲跑,起亚,SUV,True,54,24,24,2022-01-01,2023-12-01,2022-01-01,2023-12-01,0,0,0,30,24,0,0,0,417.1666666666667,unreviewed,not_reviewed,,,False,False,True,True,False,False,False,low,45,affects 371-series model cohort; entire repaired test window is zero
13018,C4世嘉,雪铁龙,轿车,False,54,0,0,,,,,0,0,0,54,0,0,0,0,0.0,unreviewed,not_reviewed,,,True,True,True,True,False,False,False,low,35,no positive sales in entire 54-month panel
9656,DS 5,DS,轿车,False,54,0,0,,,,,0,0,0,54,0,0,0,0,0.0,unreviewed,not_reviewed,,,True,True,True,True,False,False,False,low,35,no positive sales in entire 54-month panel
10199,DS 5LS,DS,轿车,False,54,0,0,,,,,0,0,0,54,0,0,0,0,0.0,unreviewed,not_reviewed,,,True,True,True,True,False,False,False,low,35,no positive sales in entire 54-month panel
10750,DS 6,DS,SUV,False,54,0,0,,,,,0,0,0,54,0,0,0,0,0.0,unreviewed,not_reviewed,,,True,True,True,True,False,False,False,low,35,no positive sales in entire 54-month panel
22407,ENCINO昂希诺,现代,SUV,False,54,0,0,,,,,0,0,0,54,0,0,0,0,0.0,unreviewed,not_reviewed,,,True,True,True,True,False,False,False,low,35,no positive sales in entire 54-month panel
11899,ES210,北汽新能源,轿车,False,54,0,0,,,,,0,0,0,54,0,0,0,0,0.0,unreviewed,not_reviewed,,,True,True,True,True,False,False,False,low,35,no positive sales in entire 54-month panel
11889,EV系列,北汽新能源,轿车,False,54,0,0,,,,,0,0,0,54,0,0,0,0,0.0,unreviewed,not_reviewed,,,True,True,True,True,False,False,False,low,35,no positive sales in entire 54-month panel
11763,GX3,中兴,SUV,False,54,0,0,,,,,0,0,0,54,0,0,0,0,0.0,unreviewed,not_reviewed,,,True,True,True,True,False,False,False,low,35,no positive sales in entire 54-month panel
12011,K50,开瑞,MPV,False,54,0,0,,,,,0,0,0,54,0,0,0,0,0.0,unreviewed,not_reviewed,,,True,True,True,True,False,False,False,low,35,no positive sales in entire 54-month panel
22189,LITE,LITE,轿车,False,54,0,0,,,,,0,0,0,54,0,0,0,0,0.0,unreviewed,not_reviewed,,,True,True,True,True,False,False,False,low,35,no positive sales in entire 54-month panel
22634,Mattu,猎豹汽车,SUV,False,54,0,0,,,,,0,0,0,54,0,0,0,0,0.0,unreviewed,not_reviewed,,,True,True,True,True,False,False,False,low,35,no positive sales in entire 54-month panel
10069,Ottimo致悦,菲亚特,轿车,False,54,0,0,,,,,0,0,0,54,0,0,0,0,0.0,unreviewed,not_reviewed,,,True,True,True,True,False,False,False,low,35,no positive sales in entire 54-month panel
22937,SITECH DEV 1,新特,SUV,False,54,0,0,,,,,0,0,0,54,0,0,0,0,0.0,unreviewed,not_reviewed,,,True,True,True,True,False,False,False,low,35,no positive sales in entire 54-month panel
3337,V3菱悦,东南,轿车,False,54,0,0,,,,,0,0,0,54,0,0,0,0,0.0,unreviewed,not_reviewed,,,True,True,True,True,False,False,False,low,35,no positive sales in entire 54-month panel
12764,V5 plus,东南,轿车,False,54,0,0,,,,,0,0,0,54,0,0,0,0,0.0,unreviewed,not_reviewed,,,True,True,True,True,False,False,False,low,35,no positive sales in entire 54-month panel
7542,V5菱致,东南,轿车,False,54,0,0,,,,,0,0,0,54,0,0,0,0,0.0,unreviewed,not_reviewed,,,True,True,True,True,False,False,False,low,35,no positive sales in entire 54-month panel
8129,V6菱仕,东南,轿车,False,54,0,0,,,,,0,0,0,54,0,0,0,0,0.0,unreviewed,not_reviewed,,,True,True,True,True,False,False,False,low,35,no positive sales in entire 54-month panel
21072,VELITE 5,别克,轿车,False,54,0,0,,,,,0,0,0,54,0,0,0,0,0.0,unreviewed,not_reviewed,,,True,True,True,True,False,False,False,low,35,no positive sales in entire 54-month panel
22184,WEY P8,魏牌,SUV,False,54,0,0,,,,,0,0,0,54,0,0,0,0,0.0,unreviewed,not_reviewed,,,True,True,True,True,False,False,False,low,35,no positive sales in entire 54-month panel
9509,Yeti,斯柯达,SUV,False,54,0,0,,,,,0,0,0,54,0,0,0,0,0.0,unreviewed,not_reviewed,,,True,True,True,True,False,False,False,low,35,no positive sales in entire 54-month panel
11920,mu-X牧游侠,五十铃,SUV,False,54,0,0,,,,,0,0,0,54,0,0,0,0,0.0,unreviewed,not_reviewed,,,True,True,True,True,False,False,False,low,35,no positive sales in entire 54-month panel
14192,上汽大通MAXUS D90,大通,SUV,False,54,0,0,,,,,0,0,0,54,0,0,0,0,0.0,unreviewed,not_reviewed,,,True,True,True,True,False,False,False,low,35,no positive sales in entire 54-month panel
13500,上汽大通MAXUS EG10,大通,MPV,False,54,0,0,,,,,0,0,0,54,0,0,0,0,0.0,unreviewed,not_reviewed,,,True,True,True,True,False,False,False,low,35,no positive sales in entire 54-month panel
23694,世锐PHEV,广汽集团,SUV,False,54,0,0,,,,,0,0,0,54,0,0,0,0,0.0,unreviewed,not_reviewed,,,True,True,True,True,False,False,False,low,35,no positive sales in entire 54-month panel
4018,丘比特,海马,轿车,False,54,0,0,,,,,0,0,0,54,0,0,0,0,0.0,unreviewed,not_reviewed,,,True,True,True,True,False,False,False,low,35,no positive sales in entire 54-month panel
22253,东南DX3新能源,东南,SUV,False,54,0,0,,,,,0,0,0,54,0,0,0,0,0.0,unreviewed,not_reviewed,,,True,True,True,True,False,False,False,low,35,no positive sales in entire 54-month panel
10821,东风A9,东风风神,轿车,False,54,0,0,,,,,0,0,0,54,0,0,0,0,0.0,unreviewed,not_reviewed,,,True,True,True,True,False,False,False,low,35,no positive sales in entire 54-month panel
13591,东风风度MX5,东风风度,SUV,False,54,0,0,,,,,0,0,0,54,0,0,0,0,0.0,unreviewed,not_reviewed,,,True,True,True,True,False,False,False,low,35,no positive sales in entire 54-month panel
11837,东风风度MX6,东风风度,SUV,False,54,0,0,,,,,0,0,0,54,0,0,0,0,0.0,unreviewed,not_reviewed,,,True,True,True,True,False,False,False,low,35,no positive sales in entire 54-month panel
11021,东风风神A30,东风风神,轿车,False,54,0,0,,,,,0,0,0,54,0,0,0,0,0.0,unreviewed,not_reviewed,,,True,True,True,True,False,False,False,low,35,no positive sales in entire 54-month panel
12523,东风风神AX3,东风风神,SUV,False,54,0,0,,,,,0,0,0,54,0,0,0,0,0.0,unreviewed,not_reviewed,,,True,True,True,True,False,False,False,low,35,no positive sales in entire 54-month panel
21223,东风风神AX4,东风风神,SUV,False,54,0,0,,,,,0,0,0,54,0,0,0,0,0.0,unreviewed,not_reviewed,,,True,True,True,True,False,False,False,low,35,no positive sales in entire 54-month panel
14242,东风风神AX5,东风风神,SUV,False,54,0,0,,,,,0,0,0,54,0,0,0,0,0.0,unreviewed,not_reviewed,,,True,True,True,True,False,False,False,low,35,no positive sales in entire 54-month panel
11747,东风风神E30,东风风神,轿车,False,54,0,0,,,,,0,0,0,54,0,0,0,0,0.0,unreviewed,not_reviewed,,,True,True,True,True,False,False,False,low,35,no positive sales in entire 54-month panel
4445,东风风神H30,东风风神,轿车,False,54,0,0,,,,,0,0,0,54,0,0,0,0,0.0,unreviewed,not_reviewed,,,True,True,True,True,False,False,False,low,35,no positive sales in entire 54-month panel
10856,东风风神L60,东风风神,轿车,False,54,0,0,,,,,0,0,0,54,0,0,0,0,0.0,unreviewed,not_reviewed,,,True,True,True,True,False,False,False,low,35,no positive sales in entire 54-month panel
3904,东风风神S30,东风风神,轿车,False,54,0,0,,,,,0,0,0,54,0,0,0,0,0.0,unreviewed,not_reviewed,,,True,True,True,True,False,False,False,low,35,no positive sales in entire 54-month panel
8109,中兴C3,中兴,SUV,False,54,0,0,,,,,0,0,0,54,0,0,0,0,0.0,unreviewed,not_reviewed,,,True,True,True,True,False,False,False,low,35,no positive sales in entire 54-month panel
9327,中华H220,中华,轿车,False,54,0,0,,,,,0,0,0,54,0,0,0,0,0.0,unreviewed,not_reviewed,,,True,True,True,True,False,False,False,low,35,no positive sales in entire 54-month panel
8019,中华H230,中华,轿车,False,54,0,0,,,,,0,0,0,54,0,0,0,0,0.0,unreviewed,not_reviewed,,,True,True,True,True,False,False,False,low,35,no positive sales in entire 54-month panel
21332,中华H230EV,中华,轿车,False,54,0,0,,,,,0,0,0,54,0,0,0,0,0.0,unreviewed,not_reviewed,,,True,True,True,True,False,False,False,low,35,no positive sales in entire 54-month panel
13746,中华H3,中华,轿车,False,54,0,0,,,,,0,0,0,54,0,0,0,0,0.0,unreviewed,not_reviewed,,,True,True,True,True,False,False,False,low,35,no positive sales in entire 54-month panel
8470,中华H320,中华,轿车,False,54,0,0,,,,,0,0,0,54,0,0,0,0,0.0,unreviewed,not_reviewed,,,True,True,True,True,False,False,False,low,35,no positive sales in entire 54-month panel
9192,中华H330,中华,轿车,False,54,0,0,,,,,0,0,0,54,0,0,0,0,0.0,unreviewed,not_reviewed,,,True,True,True,True,False,False,False,low,35,no positive sales in entire 54-month panel
7280,中华H530,中华,轿车,False,54,0,0,,,,,0,0,0,54,0,0,0,0,0.0,unreviewed,not_reviewed,,,True,True,True,True,False,False,False,low,35,no positive sales in entire 54-month panel
11962,中华V3,中华,SUV,False,54,0,0,,,,,0,0,0,54,0,0,0,0,0.0,unreviewed,not_reviewed,,,True,True,True,True,False,False,False,low,35,no positive sales in entire 54-month panel
7659,中华V5,中华,SUV,False,54,0,0,,,,,0,0,0,54,0,0,0,0,0.0,unreviewed,not_reviewed,,,True,True,True,True,False,False,False,low,35,no positive sales in entire 54-month panel
22085,中华V6,中华,SUV,False,54,0,0,,,,,0,0,0,54,0,0,0,0,0.0,unreviewed,not_reviewed,,,True,True,True,True,False,False,False,low,35,no positive sales in entire 54-month panel
22023,中华V7,中华,SUV,False,54,0,0,,,,,0,0,0,54,0,0,0,0,0.0,unreviewed,not_reviewed,,,True,True,True,True,False,False,False,low,35,no positive sales in entire 54-month panel
13278,乐风RV,雪佛兰,轿车,False,54,0,0,,,,,0,0,0,54,0,0,0,0,0.0,unreviewed,not_reviewed,,,True,True,True,True,False,False,False,low,35,no positive sales in entire 54-month panel
3182,乐驰,宝骏,轿车,False,54,0,0,,,,,0,0,0,54,0,0,0,0,0.0,unreviewed,not_reviewed,,,True,True,True,True,False,False,False,low,35,no positive sales in entire 54-month panel
11577,云100,众泰,轿车,False,54,0,0,,,,,0,0,0,54,0,0,0,0,0.0,unreviewed,not_reviewed,,,True,True,True,True,False,False,False,low,35,no positive sales in entire 54-month panel
25784,五菱730,五菱,MPV,False,54,0,0,,,,,0,0,0,54,0,0,0,0,0.0,unreviewed,not_reviewed,,,True,True,True,True,False,False,False,low,35,no positive sales in entire 54-month panel
12995,五菱宏光S1,五菱,MPV,False,54,0,0,,,,,0,0,0,54,0,0,0,0,0.0,unreviewed,not_reviewed,,,True,True,True,True,False,False,False,low,35,no positive sales in entire 54-month panel
10921,众泰E20,众泰,轿车,False,54,0,0,,,,,0,0,0,54,0,0,0,0,0.0,unreviewed,not_reviewed,,,True,True,True,True,False,False,False,low,35,no positive sales in entire 54-month panel
12572,众泰E200,众泰,轿车,False,54,0,0,,,,,0,0,0,54,0,0,0,0,0.0,unreviewed,not_reviewed,,,True,True,True,True,False,False,False,low,35,no positive sales in entire 54-month panel
13070,众泰SR7,众泰,SUV,False,54,0,0,,,,,0,0,0,54,0,0,0,0,0.0,unreviewed,not_reviewed,,,True,True,True,True,False,False,False,low,35,no positive sales in entire 54-month panel
14029,众泰SR9,众泰,SUV,False,54,0,0,,,,,0,0,0,54,0,0,0,0,0.0,unreviewed,not_reviewed,,,True,True,True,True,False,False,False,low,35,no positive sales in entire 54-month panel
9220,众泰T200,众泰,SUV,False,54,0,0,,,,,0,0,0,54,0,0,0,0,0.0,unreviewed,not_reviewed,,,True,True,True,True,False,False,False,low,35,no positive sales in entire 54-month panel
14181,众泰T300,众泰,SUV,False,54,0,0,,,,,0,0,0,54,0,0,0,0,0.0,unreviewed,not_reviewed,,,True,True,True,True,False,False,False,low,35,no positive sales in entire 54-month panel
22764,众泰T300新能源,众泰,SUV,False,54,0,0,,,,,0,0,0,54,0,0,0,0,0.0,unreviewed,not_reviewed,,,True,True,True,True,False,False,False,low,35,no positive sales in entire 54-month panel
21593,众泰T500,众泰,SUV,False,54,0,0,,,,,0,0,0,54,0,0,0,0,0.0,unreviewed,not_reviewed,,,True,True,True,True,False,False,False,low,35,no positive sales in entire 54-month panel
4665,众泰T600,众泰,SUV,False,54,0,0,,,,,0,0,0,54,0,0,0,0,0.0,unreviewed,not_reviewed,,,True,True,True,True,False,False,False,low,35,no positive sales in entire 54-month panel
13604,众泰T700,众泰,SUV,False,54,0,0,,,,,0,0,0,54,0,0,0,0,0.0,unreviewed,not_reviewed,,,True,True,True,True,False,False,False,low,35,no positive sales in entire 54-month panel
9181,众泰Z100,众泰,轿车,False,54,0,0,,,,,0,0,0,54,0,0,0,0,0.0,unreviewed,not_reviewed,,,True,True,True,True,False,False,False,low,35,no positive sales in entire 54-month panel
21924,众泰Z300,众泰,轿车,False,54,0,0,,,,,0,0,0,54,0,0,0,0,0.0,unreviewed,not_reviewed,,,True,True,True,True,False,False,False,low,35,no positive sales in entire 54-month panel
7538,众泰Z360,众泰,轿车,False,54,0,0,,,,,0,0,0,54,0,0,0,0,0.0,unreviewed,not_reviewed,,,True,True,True,True,False,False,False,low,35,no positive sales in entire 54-month panel
21925,众泰Z500,众泰,轿车,False,54,0,0,,,,,0,0,0,54,0,0,0,0,0.0,unreviewed,not_reviewed,,,True,True,True,True,False,False,False,low,35,no positive sales in entire 54-month panel
21434,众泰Z500EV,众泰,轿车,False,54,0,0,,,,,0,0,0,54,0,0,0,0,0.0,unreviewed,not_reviewed,,,True,True,True,True,False,False,False,low,35,no positive sales in entire 54-month panel
10500,众泰Z560,众泰,轿车,False,54,0,0,,,,,0,0,0,54,0,0,0,0,0.0,unreviewed,not_reviewed,,,True,True,True,True,False,False,False,low,35,no positive sales in entire 54-month panel
12001,众泰Z700,众泰,轿车,False,54,0,0,,,,,0,0,0,54,0,0,0,0,0.0,unreviewed,not_reviewed,,,True,True,True,True,False,False,False,low,35,no positive sales in entire 54-month panel
12553,众泰大迈X5,众泰,SUV,False,54,0,0,,,,,0,0,0,54,0,0,0,0,0.0,unreviewed,not_reviewed,,,True,True,True,True,False,False,False,low,35,no positive sales in entire 54-month panel
14211,众泰大迈X7,众泰,SUV,False,54,0,0,,,,,0,0,0,54,0,0,0,0,0.0,unreviewed,not_reviewed,,,True,True,True,True,False,False,False,low,35,no positive sales in entire 54-month panel
9090,传祺GA3,广汽传祺,轿车,False,54,0,0,,,,,0,0,0,54,0,0,0,0,0.0,unreviewed,not_reviewed,,,True,True,True,True,False,False,False,low,35,no positive sales in entire 54-month panel
21623,传祺GA3S PHEV,广汽传祺,轿车,False,54,0,0,,,,,0,0,0,54,0,0,0,0,0.0,unreviewed,not_reviewed,,,True,True,True,True,False,False,False,low,35,no positive sales in entire 54-month panel
11231,传祺GA3S视界,广汽传祺,轿车,False,54,0,0,,,,,0,0,0,54,0,0,0,0,0.0,unreviewed,not_reviewed,,,True,True,True,True,False,False,False,low,35,no positive sales in entire 54-month panel
4680,传祺GA5,广汽传祺,轿车,False,54,0,0,,,,,0,0,0,54,0,0,0,0,0.0,unreviewed,not_reviewed,,,True,True,True,True,False,False,False,low,35,no positive sales in entire 54-month panel
21446,传祺GA5新能源,广汽传祺,轿车,False,54,0,0,,,,,0,0,0,54,0,0,0,0,0.0,unreviewed,not_reviewed,,,True,True,True,True,False,False,False,low,35,no positive sales in entire 54-month panel
21255,传祺GE3,埃安,SUV,False,54,0,0,,,,,0,0,0,54,0,0,0,0,0.0,unreviewed,not_reviewed,,,True,True,True,True,False,False,False,low,35,no positive sales in entire 54-month panel
21664,传祺GS4新能源,广汽传祺,SUV,False,54,0,0,,,,,0,0,0,54,0,0,0,0,0.0,unreviewed,not_reviewed,,,True,True,True,True,False,False,False,low,35,no positive sales in entire 54-month panel
11121,传祺GS5 Super,广汽传祺,SUV,False,54,0,0,,,,,0,0,0,54,0,0,0,0,0.0,unreviewed,not_reviewed,,,True,True,True,True,False,False,False,low,35,no positive sales in entire 54-month panel
21162,传祺GS7,广汽传祺,SUV,False,54,0,0,,,,,0,0,0,54,0,0,0,0,0.0,unreviewed,not_reviewed,,,True,True,True,True,False,False,False,low,35,no positive sales in entire 54-month panel
21303,伽途im,福田,MPV,False,54,0,0,,,,,0,0,0,54,0,0,0,0,0.0,unreviewed,not_reviewed,,,True,True,True,True,False,False,False,low,35,no positive sales in entire 54-month panel
13655,伽途ix5,福田,MPV,False,54,0,0,,,,,0,0,0,54,0,0,0,0,0.0,unreviewed,not_reviewed,,,True,True,True,True,False,False,False,low,35,no positive sales in entire 54-month panel
11891,元,比亚迪,SUV,False,54,0,0,,,,,0,0,0,54,0,0,0,0,0.0,unreviewed,not_reviewed,,,True,True,True,True,False,False,False,low,35,no positive sales in entire 54-month panel
21423,元新能源,比亚迪,SUV,False,54,0,0,,,,,0,0,0,54,0,0,0,0,0.0,unreviewed,not_reviewed,,,True,True,True,True,False,False,False,low,35,no positive sales in entire 54-month panel
22816,全球鹰EX3,全球鹰,SUV,False,54,0,0,,,,,0,0,0,54,0,0,0,0,0.0,unreviewed,not_reviewed,,,True,True,True,True,False,False,False,low,35,no positive sales in entire 54-month panel
12875,全球鹰K10,全球鹰,轿车,False,54,0,0,,,,,0,0,0,54,0,0,0,0,0.0,unreviewed,not_reviewed,,,True,True,True,True,False,False,False,low,35,no positive sales in entire 54-month panel
12876,全球鹰K11,全球鹰,轿车,False,54,0,0,,,,,0,0,0,54,0,0,0,0,0.0,unreviewed,not_reviewed,,,True,True,True,True,False,False,False,low,35,no positive sales in entire 54-month panel
20522,全球鹰K12,全球鹰,轿车,False,54,0,0,,,,,0,0,0,54,0,0,0,0,0.0,unreviewed,not_reviewed,,,True,True,True,True,False,False,False,low,35,no positive sales in entire 54-month panel
20524,全球鹰K17,全球鹰,轿车,False,54,0,0,,,,,0,0,0,54,0,0,0,0,0.0,unreviewed,not_reviewed,,,True,True,True,True,False,False,False,low,35,no positive sales in entire 54-month panel
1133,兰德酷路泽,丰田,SUV,False,54,0,0,,,,,0,0,0,54,0,0,0,0,0.0,unreviewed,not_reviewed,,,True,True,True,True,False,False,False,low,35,no positive sales in entire 54-month panel
21193,凌轩,长安,MPV,False,54,0,0,,,,,0,0,0,54,0,0,0,0,0.0,unreviewed,not_reviewed,,,True,True,True,True,False,False,False,low,35,no positive sales in entire 54-month panel
22063,凯绅,起亚,轿车,False,54,0,0,,,,,0,0,0,54,0,0,0,0,0.0,unreviewed,not_reviewed,,,True,True,True,True,False,False,False,low,35,no positive sales in entire 54-month panel
11372,凯翼C3,凯翼,轿车,False,54,0,0,,,,,0,0,0,54,0,0,0,0,0.0,unreviewed,not_reviewed,,,True,True,True,True,False,False,False,low,35,no positive sales in entire 54-month panel
11373,凯翼C3R,凯翼,轿车,False,54,0,0,,,,,0,0,0,54,0,0,0,0,0.0,unreviewed,not_reviewed,,,True,True,True,True,False,False,False,low,35,no positive sales in entire 54-month panel
22326,凯翼E3,凯翼,轿车,False,54,0,0,,,,,0,0,0,54,0,0,0,0,0.0,unreviewed,not_reviewed,,,True,True,True,True,False,False,False,low,35,no positive sales in entire 54-month panel
26691,凯翼E5 EV,凯翼,轿车,False,54,0,0,,,,,0,0,0,54,0,0,0,0,0.0,unreviewed,not_reviewed,,,True,True,True,True,False,False,False,low,35,no positive sales in entire 54-month panel
13614,凯翼V3,凯翼,SUV,False,54,0,0,,,,,0,0,0,54,0,0,0,0,0.0,unreviewed,not_reviewed,,,True,True,True,True,False,False,False,low,35,no positive sales in entire 54-month panel
20542,凯翼X5,凯翼,SUV,False,54,0,0,,,,,0,0,0,54,0,0,0,0,0.0,unreviewed,not_reviewed,,,True,True,True,True,False,False,False,low,35,no positive sales in entire 54-month panel
10951,凯迪拉克ATS-L,凯迪拉克,轿车,False,54,0,0,,,,,0,0,0,54,0,0,0,0,0.0,unreviewed,not_reviewed,,,True,True,True,True,False,False,False,low,35,no positive sales in entire 54-month panel
4512,凯迪拉克XTS,凯迪拉克,轿车,False,54,0,0,,,,,0,0,0,54,0,0,0,0,0.0,unreviewed,not_reviewed,,,True,True,True,True,False,False,False,low,35,no positive sales in entire 54-month panel
1583,利亚纳,铃木,轿车,False,54,0,0,,,,,0,0,0,54,0,0,0,0,0.0,unreviewed,not_reviewed,,,True,True,True,True,False,False,False,low,35,no positive sales in entire 54-month panel
10048,利亚纳A6,铃木,轿车,False,54,0,0,,,,,0,0,0,54,0,0,0,0,0.0,unreviewed,not_reviewed,,,True,True,True,True,False,False,False,low,35,no positive sales in entire 54-month panel
3314,力帆320,力帆,轿车,False,54,0,0,,,,,0,0,0,54,0,0,0,0,0.0,unreviewed,not_reviewed,,,True,True,True,True,False,False,False,low,35,no positive sales in entire 54-month panel
9318,力帆330,力帆,轿车,False,54,0,0,,,,,0,0,0,54,0,0,0,0,0.0,unreviewed,not_reviewed,,,True,True,True,True,False,False,False,low,35,no positive sales in entire 54-month panel
1623,力帆520,力帆,轿车,False,54,0,0,,,,,0,0,0,54,0,0,0,0,0.0,unreviewed,not_reviewed,,,True,True,True,True,False,False,False,low,35,no positive sales in entire 54-month panel
3192,力帆520i,力帆,轿车,False,54,0,0,,,,,0,0,0,54,0,0,0,0,0.0,unreviewed,not_reviewed,,,True,True,True,True,False,False,False,low,35,no positive sales in entire 54-month panel
8572,力帆530,力帆,轿车,False,54,0,0,,,,,0,0,0,54,0,0,0,0,0.0,unreviewed,not_reviewed,,,True,True,True,True,False,False,False,low,35,no positive sales in entire 54-month panel
3315,力帆620,力帆,轿车,False,54,0,0,,,,,0,0,0,54,0,0,0,0,0.0,unreviewed,not_reviewed,,,True,True,True,True,False,False,False,low,35,no positive sales in entire 54-month panel
21457,力帆620新能源,力帆,轿车,False,54,0,0,,,,,0,0,0,54,0,0,0,0,0.0,unreviewed,not_reviewed,,,True,True,True,True,False,False,False,low,35,no positive sales in entire 54-month panel
9319,力帆630,力帆,轿车,False,54,0,0,,,,,0,0,0,54,0,0,0,0,0.0,unreviewed,not_reviewed,,,True,True,True,True,False,False,False,low,35,no positive sales in entire 54-month panel
21086,力帆650,力帆,轿车,False,54,0,0,,,,,0,0,0,54,0,0,0,0,0.0,unreviewed,not_reviewed,,,True,True,True,True,False,False,False,low,35,no positive sales in entire 54-month panel
22853,力帆650新能源,力帆,轿车,False,54,0,0,,,,,0,0,0,54,0,0,0,0,0.0,unreviewed,not_reviewed,,,True,True,True,True,False,False,False,low,35,no positive sales in entire 54-month panel
7291,力帆720,力帆,轿车,False,54,0,0,,,,,0,0,0,54,0,0,0,0,0.0,unreviewed,not_reviewed,,,True,True,True,True,False,False,False,low,35,no positive sales in entire 54-month panel
9887,力帆820,力帆,轿车,False,54,0,0,,,,,0,0,0,54,0,0,0,0,0.0,unreviewed,not_reviewed,,,True,True,True,True,False,False,False,low,35,no positive sales in entire 54-month panel
21657,力帆820新能源,力帆,轿车,False,54,0,0,,,,,0,0,0,54,0,0,0,0,0.0,unreviewed,not_reviewed,,,True,True,True,True,False,False,False,low,35,no positive sales in entire 54-month panel
9867,力帆X50,力帆,SUV,False,54,0,0,,,,,0,0,0,54,0,0,0,0,0.0,unreviewed,not_reviewed,,,True,True,True,True,False,False,False,low,35,no positive sales in entire 54-month panel
4526,力帆X60,力帆,SUV,False,54,0,0,,,,,0,0,0,54,0,0,0,0,0.0,unreviewed,not_reviewed,,,True,True,True,True,False,False,False,low,35,no positive sales in entire 54-month panel
12603,力帆X70,力帆,轿车,False,54,0,0,,,,,0,0,0,54,0,0,0,0,0.0,unreviewed,not_reviewed,,,True,True,True,True,False,False,False,low,35,no positive sales in entire 54-month panel
12514,力帆X80,力帆,SUV,False,54,0,0,,,,,0,0,0,54,0,0,0,0,0.0,unreviewed,not_reviewed,,,True,True,True,True,False,False,False,low,35,no positive sales in entire 54-month panel
28181,力帆枫叶80V,力帆,MPV,False,54,0,0,,,,,0,0,0,54,0,0,0,0,0.0,unreviewed,not_reviewed,,,True,True,True,True,False,False,False,low,35,no positive sales in entire 54-month panel
12596,北京BJ20,北京越野,SUV,False,54,0,0,,,,,0,0,0,54,0,0,0,0,0.0,unreviewed,not_reviewed,,,True,True,True,True,False,False,False,low,35,no positive sales in entire 54-month panel
4685,北京BW007,北汽制造,SUV,False,54,0,0,,,,,0,0,0,54,0,0,0,0,0.0,unreviewed,not_reviewed,,,True,True,True,True,False,False,False,low,35,no positive sales in entire 54-month panel
24453,北京EU7,北京汽车,轿车,False,54,0,0,,,,,0,0,0,54,0,0,0,0,0.0,unreviewed,not_reviewed,,,True,True,True,True,False,False,False,low,35,no positive sales in entire 54-month panel
7169,北京汽车E系列,北京汽车,轿车,False,54,0,0,,,,,0,0,0,54,0,0,0,0,0.0,unreviewed,not_reviewed,,,True,True,True,True,False,False,False,low,35,no positive sales in entire 54-month panel
4591,北斗星,铃木,轿车,False,54,0,0,,,,,0,0,0,54,0,0,0,0,0.0,unreviewed,not_reviewed,,,True,True,True,True,False,False,False,low,35,no positive sales in entire 54-month panel
21923,北斗星X5E,北汽昌河,轿车,False,54,0,0,,,,,0,0,0,54,0,0,0,0,0.0,unreviewed,not_reviewed,,,True,True,True,True,False,False,False,low,35,no positive sales in entire 54-month panel
20513,北汽威旺M50F,北汽威旺,MPV,False,54,0,0,,,,,0,0,0,54,0,0,0,0,0.0,unreviewed,not_reviewed,,,True,True,True,True,False,False,False,low,35,no positive sales in entire 54-month panel
22190,北汽威旺M60,北汽威旺,MPV,False,54,0,0,,,,,0,0,0,54,0,0,0,0,0.0,unreviewed,not_reviewed,,,True,True,True,True,False,False,False,low,35,no positive sales in entire 54-month panel
13757,北汽威旺S50,北汽威旺,SUV,False,54,0,0,,,,,0,0,0,54,0,0,0,0,0.0,unreviewed,not_reviewed,,,True,True,True,True,False,False,False,low,35,no positive sales in entire 54-month panel
11879,北汽幻速H2,北汽幻速,MPV,False,54,0,0,,,,,0,0,0,54,0,0,0,0,0.0,unreviewed,not_reviewed,,,True,True,True,True,False,False,False,low,35,no positive sales in entire 54-month panel
12954,北汽幻速H3,北汽幻速,MPV,False,54,0,0,,,,,0,0,0,54,0,0,0,0,0.0,unreviewed,not_reviewed,,,True,True,True,True,False,False,False,low,35,no positive sales in entire 54-month panel
21336,北汽幻速H5,北汽幻速,MPV,False,54,0,0,,,,,0,0,0,54,0,0,0,0,0.0,unreviewed,not_reviewed,,,True,True,True,True,False,False,False,low,35,no positive sales in entire 54-month panel
9857,北汽幻速S2,北汽幻速,SUV,False,54,0,0,,,,,0,0,0,54,0,0,0,0,0.0,unreviewed,not_reviewed,,,True,True,True,True,False,False,False,low,35,no positive sales in entire 54-month panel
10510,北汽幻速S3,北汽幻速,SUV,False,54,0,0,,,,,0,0,0,54,0,0,0,0,0.0,unreviewed,not_reviewed,,,True,True,True,True,False,False,False,low,35,no positive sales in entire 54-month panel
21091,北汽幻速S5,北汽幻速,SUV,False,54,0,0,,,,,0,0,0,54,0,0,0,0,0.0,unreviewed,not_reviewed,,,True,True,True,True,False,False,False,low,35,no positive sales in entire 54-month panel
12081,北汽幻速S6,北汽幻速,SUV,False,54,0,0,,,,,0,0,0,54,0,0,0,0,0.0,unreviewed,not_reviewed,,,True,True,True,True,False,False,False,low,35,no positive sales in entire 54-month panel
21986,北汽幻速S7,北汽幻速,SUV,False,54,0,0,,,,,0,0,0,54,0,0,0,0,0.0,unreviewed,not_reviewed,,,True,True,True,True,False,False,False,low,35,no positive sales in entire 54-month panel
13388,北汽新能源EU,北汽新能源,轿车,False,54,0,0,,,,,0,0,0,54,0,0,0,0,0.0,unreviewed,not_reviewed,,,True,True,True,True,False,False,False,low,35,no positive sales in entire 54-month panel
7086,华泰B11,华泰,轿车,False,54,0,0,,,,,0,0,0,54,0,0,0,0,0.0,unreviewed,not_reviewed,,,True,True,True,True,False,False,False,low,35,no positive sales in entire 54-month panel
21955,华泰EV160R,华泰新能源,轿车,False,54,0,0,,,,,0,0,0,54,0,0,0,0,0.0,unreviewed,not_reviewed,,,True,True,True,True,False,False,False,low,35,no positive sales in entire 54-month panel
14039,华泰XEV260,华泰新能源,SUV,False,54,0,0,,,,,0,0,0,54,0,0,0,0,0.0,unreviewed,not_reviewed,,,True,True,True,True,False,False,False,low,35,no positive sales in entire 54-month panel
11687,华颂7,华颂,MPV,False,54,0,0,,,,,0,0,0,54,0,0,0,0,0.0,unreviewed,not_reviewed,,,True,True,True,True,False,False,False,low,35,no positive sales in entire 54-month panel
22113,华骐300E,华骐,轿车,False,54,0,0,,,,,0,0,0,54,0,0,0,0,0.0,unreviewed,not_reviewed,,,True,True,True,True,False,False,False,low,35,no positive sales in entire 54-month panel
12512,发现神行,路虎,SUV,False,54,0,0,,,,,0,0,0,54,0,0,0,0,0.0,unreviewed,not_reviewed,,,True,True,True,True,False,False,False,low,35,no positive sales in entire 54-month panel
4021,吉利EC8,吉利汽车,轿车,False,54,0,0,,,,,0,0,0,54,0,0,0,0,0.0,unreviewed,not_reviewed,,,True,True,True,True,False,False,False,low,35,no positive sales in entire 54-month panel
4076,吉利GX7,吉利汽车,SUV,False,54,0,0,,,,,0,0,0,54,0,0,0,0,0.0,unreviewed,not_reviewed,,,True,True,True,True,False,False,False,low,35,no positive sales in entire 54-month panel
3945,吉利英伦TX4,吉利汽车,轿车,False,54,0,0,,,,,0,0,0,54,0,0,0,0,0.0,unreviewed,not_reviewed,,,True,True,True,True,False,False,False,low,35,no positive sales in entire 54-month panel
9271,名爵GS 锐腾,MG名爵,SUV,False,54,0,0,,,,,0,0,0,54,0,0,0,0,0.0,unreviewed,not_reviewed,,,True,True,True,True,False,False,False,low,35,no positive sales in entire 54-month panel
11161,名爵GT 锐行,MG名爵,轿车,False,54,0,0,,,,,0,0,0,54,0,0,0,0,0.0,unreviewed,not_reviewed,,,True,True,True,True,False,False,False,low,35,no positive sales in entire 54-month panel
4266,名驭,现代,轿车,False,54,0,0,,,,,0,0,0,54,0,0,0,0,0.0,unreviewed,not_reviewed,,,True,True,True,True,False,False,False,low,35,no positive sales in entire 54-month panel
3494,君阁,三菱,MPV,False,54,0,0,,,,,0,0,0,54,0,0,0,0,0.0,unreviewed,not_reviewed,,,True,True,True,True,False,False,False,low,35,no positive sales in entire 54-month panel
22089,君马S70,君马汽车,SUV,False,54,0,0,,,,,0,0,0,54,0,0,0,0,0.0,unreviewed,not_reviewed,,,True,True,True,True,False,False,False,low,35,no positive sales in entire 54-month panel
22676,君马SEEK 5(赛克5),君马汽车,SUV,False,54,0,0,,,,,0,0,0,54,0,0,0,0,0.0,unreviewed,not_reviewed,,,True,True,True,True,False,False,False,low,35,no positive sales in entire 54-month panel
7669,启辰D50,启辰,轿车,False,54,0,0,,,,,0,0,0,54,0,0,0,0,0.0,unreviewed,not_reviewed,,,True,True,True,True,False,False,False,low,35,no positive sales in entire 54-month panel
21102,启辰M50V,启辰,MPV,False,54,0,0,,,,,0,0,0,54,0,0,0,0,0.0,unreviewed,not_reviewed,,,True,True,True,True,False,False,False,low,35,no positive sales in entire 54-month panel
10871,启辰R30,启辰,轿车,False,54,0,0,,,,,0,0,0,54,0,0,0,0,0.0,unreviewed,not_reviewed,,,True,True,True,True,False,False,False,low,35,no positive sales in entire 54-month panel
8390,启辰R50,启辰,轿车,False,54,0,0,,,,,0,0,0,54,0,0,0,0,0.0,unreviewed,not_reviewed,,,True,True,True,True,False,False,False,low,35,no positive sales in entire 54-month panel
11677,启辰T70,启辰,SUV,False,54,0,0,,,,,0,0,0,54,0,0,0,0,0.0,unreviewed,not_reviewed,,,True,True,True,True,False,False,False,low,35,no positive sales in entire 54-month panel
24575,启辰e30,启辰,SUV,False,54,0,0,,,,,0,0,0,54,0,0,0,0,0.0,unreviewed,not_reviewed,,,True,True,True,True,False,False,False,low,35,no positive sales in entire 54-month panel
3985,和悦,江淮,轿车,False,54,0,0,,,,,0,0,0,54,0,0,0,0,0.0,unreviewed,not_reviewed,,,True,True,True,True,False,False,False,low,35,no positive sales in entire 54-month panel
3324,和悦A13,江淮,轿车,False,54,0,0,,,,,0,0,0,54,0,0,0,0,0.0,unreviewed,not_reviewed,,,True,True,True,True,False,False,False,low,35,no positive sales in entire 54-month panel
8711,和悦A30,江淮,轿车,False,54,0,0,,,,,0,0,0,54,0,0,0,0,0.0,unreviewed,not_reviewed,,,True,True,True,True,False,False,False,low,35,no positive sales in entire 54-month panel
22950,哈弗F5,哈弗,SUV,False,54,0,0,,,,,0,0,0,54,0,0,0,0,0.0,unreviewed,not_reviewed,,,True,True,True,True,False,False,False,low,35,no positive sales in entire 54-month panel
11041,哈弗H1,哈弗,SUV,False,54,0,0,,,,,0,0,0,54,0,0,0,0,0.0,unreviewed,not_reviewed,,,True,True,True,True,False,False,False,low,35,no positive sales in entire 54-month panel
9291,哈弗H2,哈弗,SUV,False,54,0,0,,,,,0,0,0,54,0,0,0,0,0.0,unreviewed,not_reviewed,,,True,True,True,True,False,False,False,low,35,no positive sales in entire 54-month panel
22363,哈弗H4,哈弗,SUV,False,54,0,0,,,,,0,0,0,54,0,0,0,0,0.0,unreviewed,not_reviewed,,,True,True,True,True,False,False,False,low,35,no positive sales in entire 54-month panel
4014,哈弗H5经典,哈弗,SUV,False,54,0,0,,,,,0,0,0,54,0,0,0,0,0.0,unreviewed,not_reviewed,,,True,True,True,True,False,False,False,low,35,no positive sales in entire 54-month panel
9292,哈弗H7,哈弗,SUV,False,54,0,0,,,,,0,0,0,54,0,0,0,0,0.0,unreviewed,not_reviewed,,,True,True,True,True,False,False,False,low,35,no positive sales in entire 54-month panel
4055,哈弗H8,哈弗,SUV,False,54,0,0,,,,,0,0,0,54,0,0,0,0,0.0,unreviewed,not_reviewed,,,True,True,True,True,False,False,False,low,35,no positive sales in entire 54-month panel
12884,哥瑞,本田,轿车,False,54,0,0,,,,,0,0,0,54,0,0,0,0,0.0,unreviewed,not_reviewed,,,True,True,True,True,False,False,False,low,35,no positive sales in entire 54-month panel
23113,哪吒N01,哪吒汽车,SUV,False,54,0,0,,,,,0,0,0,54,0,0,0,0,0.0,unreviewed,not_reviewed,,,True,True,True,True,False,False,False,low,35,no positive sales in entire 54-month panel
22976,唐,比亚迪,SUV,False,54,0,0,,,,,0,0,0,54,0,0,0,0,0.0,unreviewed,not_reviewed,,,True,True,True,True,False,False,False,low,35,no positive sales in entire 54-month panel
4559,唯雅诺,奔驰,MPV,False,54,0,0,,,,,0,0,0,54,0,0,0,0,0.0,unreviewed,not_reviewed,,,True,True,True,True,False,False,False,low,35,no positive sales in entire 54-month panel
3542,嘉年华,福特,轿车,False,54,0,0,,,,,0,0,0,54,0,0,0,0,0.0,unreviewed,not_reviewed,,,True,True,True,True,False,False,False,low,35,no positive sales in entire 54-month panel
25291,嘉悦A5,江淮,轿车,False,54,0,0,,,,,0,0,0,54,0,0,0,0,0.0,unreviewed,not_reviewed,,,True,True,True,True,False,False,False,low,35,no positive sales in entire 54-month panel
26241,嘉悦X4,江淮,SUV,False,54,0,0,,,,,0,0,0,54,0,0,0,0,0.0,unreviewed,not_reviewed,,,True,True,True,True,False,False,False,low,35,no positive sales in entire 54-month panel
26212,嘉悦X7,江淮,SUV,False,54,0,0,,,,,0,0,0,54,0,0,0,0,0.0,unreviewed,not_reviewed,,,True,True,True,True,False,False,False,low,35,no positive sales in entire 54-month panel
11091,圣达菲,华泰,SUV,False,54,0,0,,,,,0,0,0,54,0,0,0,0,0.0,unreviewed,not_reviewed,,,True,True,True,True,False,False,False,low,35,no positive sales in entire 54-month panel
22411,圣达菲2,华泰新能源,轿车,False,54,0,0,,,,,0,0,0,54,0,0,0,0,0.0,unreviewed,not_reviewed,,,True,True,True,True,False,False,False,low,35,no positive sales in entire 54-month panel
5005,夏利,一汽,轿车,False,54,0,0,,,,,0,0,0,54,0,0,0,0,0.0,unreviewed,not_reviewed,,,True,True,True,True,False,False,False,low,35,no positive sales in entire 54-month panel
4275,夏利N5,一汽,轿车,False,54,0,0,,,,,0,0,0,54,0,0,0,0,0.0,unreviewed,not_reviewed,,,True,True,True,True,False,False,False,low,35,no positive sales in entire 54-month panel
7331,夏利N7,一汽,轿车,False,54,0,0,,,,,0,0,0,54,0,0,0,0,0.0,unreviewed,not_reviewed,,,True,True,True,True,False,False,False,low,35,no positive sales in entire 54-month panel
23593,大乘G70S,大乘汽车,SUV,False,54,0,0,,,,,0,0,0,54,0,0,0,0,0.0,unreviewed,not_reviewed,,,True,True,True,True,False,False,False,low,35,no positive sales in entire 54-month panel
2203,天语SX4,铃木,轿车,False,54,0,0,,,,,0,0,0,54,0,0,0,0,0.0,unreviewed,not_reviewed,,,True,True,True,True,False,False,False,low,35,no positive sales in entire 54-month panel
7099,天语·尚悦,铃木,轿车,False,54,0,0,,,,,0,0,0,54,0,0,0,0,0.0,unreviewed,not_reviewed,,,True,True,True,True,False,False,False,low,35,no positive sales in entire 54-month panel
2443,奇瑞A1,奇瑞,轿车,False,54,0,0,,,,,0,0,0,54,0,0,0,0,0.0,unreviewed,not_reviewed,,,True,True,True,True,False,False,False,low,35,no positive sales in entire 54-month panel
3275,奇瑞A3,奇瑞,轿车,False,54,0,0,,,,,0,0,0,54,0,0,0,0,0.0,unreviewed,not_reviewed,,,True,True,True,True,False,False,False,low,35,no positive sales in entire 54-month panel
8580,奇瑞E3,奇瑞,轿车,False,54,0,0,,,,,0,0,0,54,0,0,0,0,0.0,unreviewed,not_reviewed,,,True,True,True,True,False,False,False,low,35,no positive sales in entire 54-month panel
7272,奇瑞E5,奇瑞,轿车,False,54,0,0,,,,,0,0,0,54,0,0,0,0,0.0,unreviewed,not_reviewed,,,True,True,True,True,False,False,False,low,35,no positive sales in entire 54-month panel
1903,奇瑞V5,奇瑞,MPV,False,54,0,0,,,,,0,0,0,54,0,0,0,0,0.0,unreviewed,not_reviewed,,,True,True,True,True,False,False,False,low,35,no positive sales in entire 54-month panel
11697,奇瑞eQ,奇瑞新能源,轿车,False,54,0,0,,,,,0,0,0,54,0,0,0,0,0.0,unreviewed,not_reviewed,,,True,True,True,True,False,False,False,low,35,no positive sales in entire 54-month panel
10109,奔奔,长安,轿车,False,54,0,0,,,,,0,0,0,54,0,0,0,0,0.0,unreviewed,not_reviewed,,,True,True,True,True,False,False,False,low,35,no positive sales in entire 54-month panel
21435,奔奔EV,长安,轿车,False,54,0,0,,,,,0,0,0,54,0,0,0,0,0.0,unreviewed,not_reviewed,,,True,True,True,True,False,False,False,low,35,no positive sales in entire 54-month panel
5054,奔奔Mini,长安,轿车,False,54,0,0,,,,,0,0,0,54,0,0,0,0,0.0,unreviewed,not_reviewed,,,True,True,True,True,False,False,False,low,35,no positive sales in entire 54-month panel
4640,奔腾B30,奔腾,轿车,False,54,0,0,,,,,0,0,0,54,0,0,0,0,0.0,unreviewed,not_reviewed,,,True,True,True,True,False,False,False,low,35,no positive sales in entire 54-month panel
3624,奔腾B50,奔腾,轿车,False,54,0,0,,,,,0,0,0,54,0,0,0,0,0.0,unreviewed,not_reviewed,,,True,True,True,True,False,False,False,low,35,no positive sales in entire 54-month panel
7085,奔腾B90,奔腾,轿车,False,54,0,0,,,,,0,0,0,54,0,0,0,0,0.0,unreviewed,not_reviewed,,,True,True,True,True,False,False,False,low,35,no positive sales in entire 54-month panel
21053,奔腾X40,奔腾,SUV,False,54,0,0,,,,,0,0,0,54,0,0,0,0,0.0,unreviewed,not_reviewed,,,True,True,True,True,False,False,False,low,35,no positive sales in entire 54-month panel
23606,奔腾X40新能源,奔腾,SUV,False,54,0,0,,,,,0,0,0,54,0,0,0,0,0.0,unreviewed,not_reviewed,,,True,True,True,True,False,False,False,low,35,no positive sales in entire 54-month panel
8582,奔腾X80,奔腾,SUV,False,54,0,0,,,,,0,0,0,54,0,0,0,0,0.0,unreviewed,not_reviewed,,,True,True,True,True,False,False,False,low,35,no positive sales in entire 54-month panel
7651,奔驰GLK,奔驰,SUV,False,54,0,0,,,,,0,0,0,54,0,0,0,0,0.0,unreviewed,not_reviewed,,,True,True,True,True,False,False,False,low,35,no positive sales in entire 54-month panel
2975,奥丁,东风,SUV,False,54,0,0,,,,,0,0,0,54,0,0,0,0,0.0,unreviewed,not_reviewed,,,True,True,True,True,False,False,False,low,35,no positive sales in entire 54-month panel
23,奥拓,铃木,轿车,False,54,0,0,,,,,0,0,0,54,0,0,0,0,0.0,unreviewed,not_reviewed,,,True,True,True,True,False,False,False,low,35,no positive sales in entire 54-month panel
8199,奥轩GX5,广汽吉奥,SUV,False,54,0,0,,,,,0,0,0,54,0,0,0,0,0.0,unreviewed,not_reviewed,,,True,True,True,True,False,False,False,low,35,no positive sales in entire 54-month panel
4457,奥迪Q5,奥迪,SUV,False,54,0,0,,,,,0,0,0,54,0,0,0,0,0.0,unreviewed,not_reviewed,,,True,True,True,True,False,False,False,low,35,no positive sales in entire 54-month panel
2113,威志,一汽,轿车,False,54,0,0,,,,,0,0,0,54,0,0,0,0,0.0,unreviewed,not_reviewed,,,True,True,True,True,False,False,False,low,35,no positive sales in entire 54-month panel
5067,威志V2,一汽,轿车,False,54,0,0,,,,,0,0,0,54,0,0,0,0,0.0,unreviewed,not_reviewed,,,True,True,True,True,False,False,False,low,35,no positive sales in entire 54-month panel
7999,威志V5,一汽,轿车,False,54,0,0,,,,,0,0,0,54,0,0,0,0,0.0,unreviewed,not_reviewed,,,True,True,True,True,False,False,False,low,35,no positive sales in entire 54-month panel
21633,宋MAX,比亚迪,MPV,False,54,0,0,,,,,0,0,0,54,0,0,0,0,0.0,unreviewed,not_reviewed,,,True,True,True,True,False,False,False,low,35,no positive sales in entire 54-month panel
21533,宋新能源,比亚迪,SUV,False,54,0,0,,,,,0,0,0,54,0,0,0,0,0.0,unreviewed,not_reviewed,,,True,True,True,True,False,False,False,low,35,no positive sales in entire 54-month panel
4684,宝利格,华泰,SUV,False,54,0,0,,,,,0,0,0,54,0,0,0,0,0.0,unreviewed,not_reviewed,,,True,True,True,True,False,False,False,low,35,no positive sales in entire 54-month panel
23064,宝沃BX3,宝沃,SUV,False,54,0,0,,,,,0,0,0,54,0,0,0,0,0.0,unreviewed,not_reviewed,,,True,True,True,True,False,False,False,low,35,no positive sales in entire 54-month panel
13928,宝沃BX5,宝沃,SUV,False,54,0,0,,,,,0,0,0,54,0,0,0,0,0.0,unreviewed,not_reviewed,,,True,True,True,True,False,False,False,low,35,no positive sales in entire 54-month panel
13929,宝沃BX6,宝沃,SUV,False,54,0,0,,,,,0,0,0,54,0,0,0,0,0.0,unreviewed,not_reviewed,,,True,True,True,True,False,False,False,low,35,no positive sales in entire 54-month panel
13138,宝沃BX7,宝沃,SUV,False,54,0,0,,,,,0,0,0,54,0,0,0,0,0.0,unreviewed,not_reviewed,,,True,True,True,True,False,False,False,low,35,no positive sales in entire 54-month panel
12002,宝骏560,宝骏,SUV,False,54,0,0,,,,,0,0,0,54,0,0,0,0,0.0,unreviewed,not_reviewed,,,True,True,True,True,False,False,False,low,35,no positive sales in entire 54-month panel
13625,宝骏E100,宝骏,轿车,False,54,0,0,,,,,0,0,0,54,0,0,0,0,0.0,unreviewed,not_reviewed,,,True,True,True,True,False,False,False,low,35,no positive sales in entire 54-month panel
25833,宝骏E300,宝骏,轿车,False,54,0,0,,,,,0,0,0,54,0,0,0,0,0.0,unreviewed,not_reviewed,,,True,True,True,True,False,False,False,low,35,no positive sales in entire 54-month panel
25691,宝骏RS-7,宝骏,SUV,False,54,0,0,,,,,0,0,0,54,0,0,0,0,0.0,unreviewed,not_reviewed,,,True,True,True,True,False,False,False,low,35,no positive sales in entire 54-month panel
865,尊驰,中华,轿车,False,54,0,0,,,,,0,0,0,54,0,0,0,0,0.0,unreviewed,not_reviewed,,,True,True,True,True,False,False,False,low,35,no positive sales in entire 54-month panel
23823,尼欧Ⅱ,长安欧尚,轿车,False,54,0,0,,,,,0,0,0,54,0,0,0,0,0.0,unreviewed,not_reviewed,,,True,True,True,True,False,False,False,low,35,no positive sales in entire 54-month panel
4315,帅客,东风,MPV,False,54,0,0,,,,,0,0,0,54,0,0,0,0,0.0,unreviewed,not_reviewed,,,True,True,True,True,False,False,False,low,35,no positive sales in entire 54-month panel
2253,帕杰罗,三菱,SUV,False,54,0,0,,,,,0,0,0,54,0,0,0,0,0.0,unreviewed,not_reviewed,,,True,True,True,True,False,False,False,low,35,no positive sales in entire 54-month panel
8981,帕杰罗劲畅,三菱,SUV,False,54,0,0,,,,,0,0,0,54,0,0,0,0,0.0,unreviewed,not_reviewed,,,True,True,True,True,False,False,False,low,35,no positive sales in entire 54-month panel
13867,帝豪GL,吉利汽车,轿车,False,54,0,0,,,,,0,0,0,54,0,0,0,0,0.0,unreviewed,not_reviewed,,,True,True,True,True,False,False,False,low,35,no positive sales in entire 54-month panel
22633,帝豪GL新能源,吉利汽车,轿车,False,54,0,0,,,,,0,0,0,54,0,0,0,0,0.0,unreviewed,not_reviewed,,,True,True,True,True,False,False,False,low,35,no positive sales in entire 54-month panel
10822,帝豪GS,吉利汽车,SUV,False,54,0,0,,,,,0,0,0,54,0,0,0,0,0.0,unreviewed,not_reviewed,,,True,True,True,True,False,False,False,low,35,no positive sales in entire 54-month panel
22424,帝豪GSe,吉利汽车,SUV,False,54,0,0,,,,,0,0,0,54,0,0,0,0,0.0,unreviewed,not_reviewed,,,True,True,True,True,False,False,False,low,35,no positive sales in entire 54-month panel
22675,广汽丰田ix4,广汽集团,SUV,False,54,0,0,,,,,0,0,0,54,0,0,0,0,0.0,unreviewed,not_reviewed,,,True,True,True,True,False,False,False,low,35,no positive sales in entire 54-month panel
22293,御捷E行,御捷,轿车,False,54,0,0,,,,,0,0,0,54,0,0,0,0,0.0,unreviewed,not_reviewed,,,True,True,True,True,False,False,False,low,35,no positive sales in entire 54-month panel
2974,御轩,东风,MPV,False,54,0,0,,,,,0,0,0,54,0,0,0,0,0.0,unreviewed,not_reviewed,,,True,True,True,True,False,False,False,low,35,no positive sales in entire 54-month panel
22959,思皓E20X,思皓,SUV,False,54,0,0,,,,,0,0,0,54,0,0,0,0,0.0,unreviewed,not_reviewed,,,True,True,True,True,False,False,False,low,35,no positive sales in entire 54-month panel
27085,思皓X4,思皓,SUV,False,54,0,0,,,,,0,0,0,54,0,0,0,0,0.0,unreviewed,not_reviewed,,,True,True,True,True,False,False,False,low,35,no positive sales in entire 54-month panel
27084,思皓X7,思皓,SUV,False,54,0,0,,,,,0,0,0,54,0,0,0,0,0.0,unreviewed,not_reviewed,,,True,True,True,True,False,False,False,low,35,no positive sales in entire 54-month panel
4132,思铂睿,本田,轿车,False,54,0,0,,,,,0,0,0,54,0,0,0,0,0.0,unreviewed,not_reviewed,,,True,True,True,True,False,False,False,low,35,no positive sales in entire 54-month panel
8001,思铭,思铭,轿车,False,54,0,0,,,,,0,0,0,54,0,0,0,0,0.0,unreviewed,not_reviewed,,,True,True,True,True,False,False,False,low,35,no positive sales in entire 54-month panel
8550,思锐,比亚迪,轿车,False,54,0,0,,,,,0,0,0,54,0,0,0,0,0.0,unreviewed,not_reviewed,,,True,True,True,True,False,False,False,low,35,no positive sales in entire 54-month panel
3986,悦悦,江淮,轿车,False,54,0,0,,,,,0,0,0,54,0,0,0,0,0.0,unreviewed,not_reviewed,,,True,True,True,True,False,False,False,low,35,no positive sales in entire 54-month panel
20912,悦纳RV,现代,轿车,False,54,0,0,,,,,0,0,0,54,0,0,0,0,0.0,unreviewed,not_reviewed,,,True,True,True,True,False,False,False,low,35,no positive sales in entire 54-month panel
7742,悦翔V3,长安,轿车,False,54,0,0,,,,,0,0,0,54,0,0,0,0,0.0,unreviewed,not_reviewed,,,True,True,True,True,False,False,False,low,35,no positive sales in entire 54-month panel
10640,悦翔V7,长安,轿车,False,54,0,0,,,,,0,0,0,54,0,0,0,0,0.0,unreviewed,not_reviewed,,,True,True,True,True,False,False,False,low,35,no positive sales in entire 54-month panel
2173,戈蓝,三菱,轿车,False,54,0,0,,,,,0,0,0,54,0,0,0,0,0.0,unreviewed,not_reviewed,,,True,True,True,True,False,False,False,low,35,no positive sales in entire 54-month panel
89,捷达,大众,轿车,False,54,0,0,,,,,0,0,0,54,0,0,0,0,0.0,unreviewed,not_reviewed,,,True,True,True,True,False,False,False,low,35,no positive sales in entire 54-month panel
24613,捷途X95,捷途,SUV,False,54,0,0,,,,,0,0,0,54,0,0,0,0,0.0,unreviewed,not_reviewed,,,True,True,True,True,False,False,False,low,35,no positive sales in entire 54-month panel
1893,新金刚,吉利汽车,轿车,False,54,0,0,,,,,0,0,0,54,0,0,0,0,0.0,unreviewed,not_reviewed,,,True,True,True,True,False,False,False,low,35,no positive sales in entire 54-month panel
4705,旗云2,奇瑞,轿车,False,54,0,0,,,,,0,0,0,54,0,0,0,0,0.0,unreviewed,not_reviewed,,,True,True,True,True,False,False,False,low,35,no positive sales in entire 54-month panel
4704,旗云3,奇瑞,轿车,False,54,0,0,,,,,0,0,0,54,0,0,0,0,0.0,unreviewed,not_reviewed,,,True,True,True,True,False,False,False,low,35,no positive sales in entire 54-month panel
4067,日产NV200,日产,MPV,False,54,0,0,,,,,0,0,0,54,0,0,0,0,0.0,unreviewed,not_reviewed,,,True,True,True,True,False,False,False,low,35,no positive sales in entire 54-month panel
20865,昌河M70,北汽昌河,MPV,False,54,0,0,,,,,0,0,0,54,0,0,0,0,0.0,unreviewed,not_reviewed,,,True,True,True,True,False,False,False,low,35,no positive sales in entire 54-month panel
13386,昌河Q25,北汽昌河,SUV,False,54,0,0,,,,,0,0,0,54,0,0,0,0,0.0,unreviewed,not_reviewed,,,True,True,True,True,False,False,False,low,35,no positive sales in entire 54-month panel
22374,昌河Q7,北汽昌河,SUV,False,54,0,0,,,,,0,0,0,54,0,0,0,0,0.0,unreviewed,not_reviewed,,,True,True,True,True,False,False,False,low,35,no positive sales in entire 54-month panel
22865,易至EX5,江铃集团新能源,SUV,False,54,0,0,,,,,0,0,0,54,0,0,0,0,0.0,unreviewed,not_reviewed,,,True,True,True,True,False,False,False,low,35,no positive sales in entire 54-month panel
9605,星朗,广汽吉奥,MPV,False,54,0,0,,,,,0,0,0,54,0,0,0,0,0.0,unreviewed,not_reviewed,,,True,True,True,True,False,False,False,low,35,no positive sales in entire 54-month panel
23836,星越,吉利汽车,SUV,False,54,0,0,,,,,0,0,0,54,0,0,0,0,0.0,unreviewed,not_reviewed,,,True,True,True,True,False,False,False,low,35,no positive sales in entire 54-month panel
8710,晨风,启辰,轿车,False,54,0,0,,,,,0,0,0,54,0,0,0,0,0.0,unreviewed,not_reviewed,,,True,True,True,True,False,False,False,low,35,no positive sales in entire 54-month panel
1654,普力马,海马,MPV,False,54,0,0,,,,,0,0,0,54,0,0,0,0,0.0,unreviewed,not_reviewed,,,True,True,True,True,False,False,False,low,35,no positive sales in entire 54-month panel
1564,普锐斯,丰田,轿车,False,54,0,0,,,,,0,0,0,54,0,0,0,0,0.0,unreviewed,not_reviewed,,,True,True,True,True,False,False,False,low,35,no positive sales in entire 54-month panel
4350,景程,雪佛兰,轿车,False,54,0,0,,,,,0,0,0,54,0,0,0,0,0.0,unreviewed,not_reviewed,,,True,True,True,True,False,False,False,low,35,no positive sales in entire 54-month panel
3044,景逸,东风风行,轿车,False,54,0,0,,,,,0,0,0,54,0,0,0,0,0.0,unreviewed,not_reviewed,,,True,True,True,True,False,False,False,low,35,no positive sales in entire 54-month panel
7682,景逸SUV,东风风行,SUV,False,54,0,0,,,,,0,0,0,54,0,0,0,0,0.0,unreviewed,not_reviewed,,,True,True,True,True,False,False,False,low,35,no positive sales in entire 54-month panel
9590,景逸X5,东风风行,SUV,False,54,0,0,,,,,0,0,0,54,0,0,0,0,0.0,unreviewed,not_reviewed,,,True,True,True,True,False,False,False,low,35,no positive sales in entire 54-month panel
3474,晶锐,斯柯达,轿车,False,54,0,0,,,,,0,0,0,54,0,0,0,0,0.0,unreviewed,not_reviewed,,,True,True,True,True,False,False,False,low,35,no positive sales in entire 54-month panel
8049,朗动,现代,轿车,False,54,0,0,,,,,0,0,0,54,0,0,0,0,0.0,unreviewed,not_reviewed,,,True,True,True,True,False,False,False,low,35,no positive sales in entire 54-month panel
9191,朗逸两厢,大众,轿车,False,54,0,0,,,,,0,0,0,54,0,0,0,0,0.0,unreviewed,not_reviewed,,,True,True,True,True,False,False,False,low,35,no positive sales in entire 54-month panel
23325,朗逸纯电,大众,轿车,False,54,0,0,,,,,0,0,0,54,0,0,0,0,0.0,unreviewed,not_reviewed,,,True,True,True,True,False,False,False,low,35,no positive sales in entire 54-month panel
9322,杰德,本田,轿车,False,54,0,0,,,,,0,0,0,54,0,0,0,0,0.0,unreviewed,not_reviewed,,,True,True,True,True,False,False,False,low,35,no positive sales in entire 54-month panel
2514,林荫大道,别克,轿车,False,54,0,0,,,,,0,0,0,54,0,0,0,0,0.0,unreviewed,not_reviewed,,,True,True,True,True,False,False,False,low,35,no positive sales in entire 54-month panel
26201,枫叶30x,睿蓝汽车,SUV,False,54,0,0,,,,,0,0,0,54,0,0,0,0,0.0,unreviewed,not_reviewed,,,True,True,True,True,False,False,False,low,35,no positive sales in entire 54-month panel
319,标致307,标致,轿车,False,54,0,0,,,,,0,0,0,54,0,0,0,0,0.0,unreviewed,not_reviewed,,,True,True,True,True,False,False,False,low,35,no positive sales in entire 54-month panel
11748,标致308S,标致,轿车,False,54,0,0,,,,,0,0,0,54,0,0,0,0,0.0,unreviewed,not_reviewed,,,True,True,True,True,False,False,False,low,35,no positive sales in entire 54-month panel
12583,桑塔纳·浩纳,大众,轿车,False,54,0,0,,,,,0,0,0,54,0,0,0,0,0.0,unreviewed,not_reviewed,,,True,True,True,True,False,False,False,low,35,no positive sales in entire 54-month panel
5064,森雅M80,一汽,MPV,False,54,0,0,,,,,0,0,0,54,0,0,0,0,0.0,unreviewed,not_reviewed,,,True,True,True,True,False,False,False,low,35,no positive sales in entire 54-month panel
22828,森雅R9,一汽,SUV,False,54,0,0,,,,,0,0,0,54,0,0,0,0,0.0,unreviewed,not_reviewed,,,True,True,True,True,False,False,False,low,35,no positive sales in entire 54-month panel
7229,欧力威,长安欧尚,轿车,False,54,0,0,,,,,0,0,0,54,0,0,0,0,0.0,unreviewed,not_reviewed,,,True,True,True,True,False,False,False,low,35,no positive sales in entire 54-month panel
21933,欧力威EV,长安欧尚,轿车,False,54,0,0,,,,,0,0,0,54,0,0,0,0,0.0,unreviewed,not_reviewed,,,True,True,True,True,False,False,False,low,35,no positive sales in entire 54-month panel
24334,欧尚长行,长安凯程,MPV,False,54,0,0,,,,,0,0,0,54,0,0,0,0,0.0,unreviewed,not_reviewed,,,True,True,True,True,False,False,False,low,35,no positive sales in entire 54-month panel
22991,欧拉iQ,欧拉,轿车,False,54,0,0,,,,,0,0,0,54,0,0,0,0,0.0,unreviewed,not_reviewed,,,True,True,True,True,False,False,False,low,35,no positive sales in entire 54-month panel
7819,欧朗,欧朗,轿车,False,54,0,0,,,,,0,0,0,54,0,0,0,0,0.0,unreviewed,not_reviewed,,,True,True,True,True,False,False,False,low,35,no positive sales in entire 54-month panel
4491,歌诗图,本田,轿车,False,54,0,0,,,,,0,0,0,54,0,0,0,0,0.0,unreviewed,not_reviewed,,,True,True,True,True,False,False,False,low,35,no positive sales in entire 54-month panel
3264,比亚迪F0,比亚迪,轿车,False,54,0,0,,,,,0,0,0,54,0,0,0,0,0.0,unreviewed,not_reviewed,,,True,True,True,True,False,False,False,low,35,no positive sales in entire 54-month panel
3976,比亚迪G3,比亚迪,轿车,False,54,0,0,,,,,0,0,0,54,0,0,0,0,0.0,unreviewed,not_reviewed,,,True,True,True,True,False,False,False,low,35,no positive sales in entire 54-month panel
10370,比亚迪G5,比亚迪,轿车,False,54,0,0,,,,,0,0,0,54,0,0,0,0,0.0,unreviewed,not_reviewed,,,True,True,True,True,False,False,False,low,35,no positive sales in entire 54-month panel
4718,比亚迪G6,比亚迪,轿车,False,54,0,0,,,,,0,0,0,54,0,0,0,0,0.0,unreviewed,not_reviewed,,,True,True,True,True,False,False,False,low,35,no positive sales in entire 54-month panel
4514,比亚迪L3,比亚迪,轿车,False,54,0,0,,,,,0,0,0,54,0,0,0,0,0.0,unreviewed,not_reviewed,,,True,True,True,True,False,False,False,low,35,no positive sales in entire 54-month panel
3629,比亚迪M6,比亚迪,MPV,False,54,0,0,,,,,0,0,0,54,0,0,0,0,0.0,unreviewed,not_reviewed,,,True,True,True,True,False,False,False,low,35,no positive sales in entire 54-month panel
23984,比亚迪S2,比亚迪,SUV,False,54,0,0,,,,,0,0,0,54,0,0,0,0,0.0,unreviewed,not_reviewed,,,True,True,True,True,False,False,False,low,35,no positive sales in entire 54-month panel
4005,比亚迪S6,比亚迪,SUV,False,54,0,0,,,,,0,0,0,54,0,0,0,0,0.0,unreviewed,not_reviewed,,,True,True,True,True,False,False,False,low,35,no positive sales in entire 54-month panel
9251,比亚迪S7,比亚迪,SUV,False,54,0,0,,,,,0,0,0,54,0,0,0,0,0.0,unreviewed,not_reviewed,,,True,True,True,True,False,False,False,low,35,no positive sales in entire 54-month panel
24143,比亚迪e1,比亚迪,轿车,False,54,0,0,,,,,0,0,0,54,0,0,0,0,0.0,unreviewed,not_reviewed,,,True,True,True,True,False,False,False,low,35,no positive sales in entire 54-month panel
14091,比亚迪e5,比亚迪,轿车,False,54,0,0,,,,,0,0,0,54,0,0,0,0,0.0,unreviewed,not_reviewed,,,True,True,True,True,False,False,False,low,35,no positive sales in entire 54-month panel
20672,比速M3,比速汽车,MPV,False,54,0,0,,,,,0,0,0,54,0,0,0,0,0.0,unreviewed,not_reviewed,,,True,True,True,True,False,False,False,low,35,no positive sales in entire 54-month panel
20562,比速T3,比速汽车,SUV,False,54,0,0,,,,,0,0,0,54,0,0,0,0,0.0,unreviewed,not_reviewed,,,True,True,True,True,False,False,False,low,35,no positive sales in entire 54-month panel
21293,比速T5,比速汽车,SUV,False,54,0,0,,,,,0,0,0,54,0,0,0,0,0.0,unreviewed,not_reviewed,,,True,True,True,True,False,False,False,low,35,no positive sales in entire 54-month panel
4278,永源A380,永源,SUV,False,54,0,0,,,,,0,0,0,54,0,0,0,0,0.0,unreviewed,not_reviewed,,,True,True,True,True,False,False,False,low,35,no positive sales in entire 54-month panel
22962,汉腾V7,汉腾,MPV,False,54,0,0,,,,,0,0,0,54,0,0,0,0,0.0,unreviewed,not_reviewed,,,True,True,True,True,False,False,False,low,35,no positive sales in entire 54-month panel
20932,汉腾X5,汉腾,SUV,False,54,0,0,,,,,0,0,0,54,0,0,0,0,0.0,unreviewed,not_reviewed,,,True,True,True,True,False,False,False,low,35,no positive sales in entire 54-month panel
23304,汉腾X5 EV,汉腾,SUV,False,54,0,0,,,,,0,0,0,54,0,0,0,0,0.0,unreviewed,not_reviewed,,,True,True,True,True,False,False,False,low,35,no positive sales in entire 54-month panel
14383,汉腾X7,汉腾,SUV,False,54,0,0,,,,,0,0,0,54,0,0,0,0,0.0,unreviewed,not_reviewed,,,True,True,True,True,False,False,False,low,35,no positive sales in entire 54-month panel
14384,汉腾X7 PHEV,汉腾,SUV,False,54,0,0,,,,,0,0,0,54,0,0,0,0,0.0,unreviewed,not_reviewed,,,True,True,True,True,False,False,False,low,35,no positive sales in entire 54-month panel
13908,江南T11,众泰,轿车,False,54,0,0,,,,,0,0,0,54,0,0,0,0,0.0,unreviewed,not_reviewed,,,True,True,True,True,False,False,False,low,35,no positive sales in entire 54-month panel
793,江南TT,众泰,轿车,False,54,0,0,,,,,0,0,0,54,0,0,0,0,0.0,unreviewed,not_reviewed,,,True,True,True,True,False,False,False,low,35,no positive sales in entire 54-month panel
25732,江淮iC5,江淮,轿车,False,54,0,0,,,,,0,0,0,54,0,0,0,0,0.0,unreviewed,not_reviewed,,,True,True,True,True,False,False,False,low,35,no positive sales in entire 54-month panel
10460,江淮iEV,江淮,轿车,False,54,0,0,,,,,0,0,0,54,0,0,0,0,0.0,unreviewed,not_reviewed,,,True,True,True,True,False,False,False,low,35,no positive sales in entire 54-month panel
14194,江淮iEV6E,江淮,轿车,False,54,0,0,,,,,0,0,0,54,0,0,0,0,0.0,unreviewed,not_reviewed,,,True,True,True,True,False,False,False,low,35,no positive sales in entire 54-month panel
14191,江淮iEV7,江淮,轿车,False,54,0,0,,,,,0,0,0,54,0,0,0,0,0.0,unreviewed,not_reviewed,,,True,True,True,True,False,False,False,low,35,no positive sales in entire 54-month panel
21678,江淮iEV7S,江淮,SUV,False,54,0,0,,,,,0,0,0,54,0,0,0,0,0.0,unreviewed,not_reviewed,,,True,True,True,True,False,False,False,low,35,no positive sales in entire 54-month panel
22723,江淮iEVA50,江淮,轿车,False,54,0,0,,,,,0,0,0,54,0,0,0,0,0.0,unreviewed,not_reviewed,,,True,True,True,True,False,False,False,low,35,no positive sales in entire 54-month panel
24183,江淮iEVS4,江淮,SUV,False,54,0,0,,,,,0,0,0,54,0,0,0,0,0.0,unreviewed,not_reviewed,,,True,True,True,True,False,False,False,low,35,no positive sales in entire 54-month panel
20892,江铃E100,江铃集团新能源,轿车,False,54,0,0,,,,,0,0,0,54,0,0,0,0,0.0,unreviewed,not_reviewed,,,True,True,True,True,False,False,False,low,35,no positive sales in entire 54-month panel
21703,江铃E160,江铃集团新能源,轿车,False,54,0,0,,,,,0,0,0,54,0,0,0,0,0.0,unreviewed,not_reviewed,,,True,True,True,True,False,False,False,low,35,no positive sales in entire 54-month panel
20454,江铃E200L,江铃集团新能源,轿车,False,54,0,0,,,,,0,0,0,54,0,0,0,0,0.0,unreviewed,not_reviewed,,,True,True,True,True,False,False,False,low,35,no positive sales in entire 54-month panel
3725,沃尔沃S80L,沃尔沃,轿车,False,54,0,0,,,,,0,0,0,54,0,0,0,0,0.0,unreviewed,not_reviewed,,,True,True,True,True,False,False,False,low,35,no positive sales in entire 54-month panel
11462,沃尔沃XC CLASSIC,沃尔沃,SUV,False,54,0,0,,,,,0,0,0,54,0,0,0,0,0.0,unreviewed,not_reviewed,,,True,True,True,True,False,False,False,low,35,no positive sales in entire 54-month panel
4504,派喜,铃木,轿车,False,54,0,0,,,,,0,0,0,54,0,0,0,0,0.0,unreviewed,not_reviewed,,,True,True,True,True,False,False,False,low,35,no positive sales in entire 54-month panel
20762,海马E3,海马新能源,轿车,False,54,0,0,,,,,0,0,0,54,0,0,0,0,0.0,unreviewed,not_reviewed,,,True,True,True,True,False,False,False,low,35,no positive sales in entire 54-month panel
7324,海马M3,海马郑州,轿车,False,54,0,0,,,,,0,0,0,54,0,0,0,0,0.0,unreviewed,not_reviewed,,,True,True,True,True,False,False,False,low,35,no positive sales in entire 54-month panel
8910,海马M6,海马郑州,轿车,False,54,0,0,,,,,0,0,0,54,0,0,0,0,0.0,unreviewed,not_reviewed,,,True,True,True,True,False,False,False,low,35,no positive sales in entire 54-month panel
8760,海马M8,海马,轿车,False,54,0,0,,,,,0,0,0,54,0,0,0,0,0.0,unreviewed,not_reviewed,,,True,True,True,True,False,False,False,low,35,no positive sales in entire 54-month panel
7322,海马爱尚,海马郑州,轿车,False,54,0,0,,,,,0,0,0,54,0,0,0,0,0.0,unreviewed,not_reviewed,,,True,True,True,True,False,False,False,low,35,no positive sales in entire 54-month panel
1376,爱唯欧,雪佛兰,轿车,False,54,0,0,,,,,0,0,0,54,0,0,0,0,0.0,unreviewed,not_reviewed,,,True,True,True,True,False,False,False,low,35,no positive sales in entire 54-month panel
419,爱迪尔,北汽昌河,轿车,False,54,0,0,,,,,0,0,0,54,0,0,0,0,0.0,unreviewed,not_reviewed,,,True,True,True,True,False,False,False,low,35,no positive sales in entire 54-month panel
357,特拉卡,华泰,SUV,False,54,0,0,,,,,0,0,0,54,0,0,0,0,0.0,unreviewed,not_reviewed,,,True,True,True,True,False,False,False,low,35,no positive sales in entire 54-month panel
4034,狮跑,起亚,SUV,False,54,0,0,,,,,0,0,0,54,0,0,0,0,0.0,unreviewed,not_reviewed,,,True,True,True,True,False,False,False,low,35,no positive sales in entire 54-month panel
10812,猎豹CS10,猎豹汽车,SUV,False,54,0,0,,,,,0,0,0,54,0,0,0,0,0.0,unreviewed,not_reviewed,,,True,True,True,True,False,False,False,low,35,no positive sales in entire 54-month panel
3014,猎豹CS6,猎豹汽车,SUV,False,54,0,0,,,,,0,0,0,54,0,0,0,0,0.0,unreviewed,not_reviewed,,,True,True,True,True,False,False,False,low,35,no positive sales in entire 54-month panel
14264,猎豹CS9,猎豹汽车,SUV,False,54,0,0,,,,,0,0,0,54,0,0,0,0,0.0,unreviewed,not_reviewed,,,True,True,True,True,False,False,False,low,35,no positive sales in entire 54-month panel
21640,猎豹CS9新能源,猎豹汽车,SUV,False,54,0,0,,,,,0,0,0,54,0,0,0,0,0.0,unreviewed,not_reviewed,,,True,True,True,True,False,False,False,low,35,no positive sales in entire 54-month panel
10851,猎豹Q6,猎豹汽车,SUV,False,54,0,0,,,,,0,0,0,54,0,0,0,0,0.0,unreviewed,not_reviewed,,,True,True,True,True,False,False,False,low,35,no positive sales in entire 54-month panel
4265,王子,海马郑州,轿车,False,54,0,0,,,,,0,0,0,54,0,0,0,0,0.0,unreviewed,not_reviewed,,,True,True,True,True,False,False,False,low,35,no positive sales in entire 54-month panel
4503,玛驰,日产,轿车,False,54,0,0,,,,,0,0,0,54,0,0,0,0,0.0,unreviewed,not_reviewed,,,True,True,True,True,False,False,False,low,35,no positive sales in entire 54-month panel
3626,理念S1,理念,轿车,False,54,0,0,,,,,0,0,0,54,0,0,0,0,0.0,unreviewed,not_reviewed,,,True,True,True,True,False,False,False,low,35,no positive sales in entire 54-month panel
4611,瑞纳,现代,轿车,False,54,0,0,,,,,0,0,0,54,0,0,0,0,0.0,unreviewed,not_reviewed,,,True,True,True,True,False,False,False,low,35,no positive sales in entire 54-month panel
5044,瑞虎5,奇瑞,SUV,False,54,0,0,,,,,0,0,0,54,0,0,0,0,0.0,unreviewed,not_reviewed,,,True,True,True,True,False,False,False,low,35,no positive sales in entire 54-month panel
215,瑞风,江淮,MPV,False,54,0,0,,,,,0,0,0,54,0,0,0,0,0.0,unreviewed,not_reviewed,,,True,True,True,True,False,False,False,low,35,no positive sales in entire 54-month panel
10902,瑞风A60,江淮,轿车,False,54,0,0,,,,,0,0,0,54,0,0,0,0,0.0,unreviewed,not_reviewed,,,True,True,True,True,False,False,False,low,35,no positive sales in entire 54-month panel
3924,瑞风M2,江淮,MPV,False,54,0,0,,,,,0,0,0,54,0,0,0,0,0.0,unreviewed,not_reviewed,,,True,True,True,True,False,False,False,low,35,no positive sales in entire 54-month panel
11869,瑞风S2,江淮,SUV,False,54,0,0,,,,,0,0,0,54,0,0,0,0,0.0,unreviewed,not_reviewed,,,True,True,True,True,False,False,False,low,35,no positive sales in entire 54-month panel
9202,瑞风S3,江淮,SUV,False,54,0,0,,,,,0,0,0,54,0,0,0,0,0.0,unreviewed,not_reviewed,,,True,True,True,True,False,False,False,low,35,no positive sales in entire 54-month panel
23573,瑞风S4,江淮,SUV,False,54,0,0,,,,,0,0,0,54,0,0,0,0,0.0,unreviewed,not_reviewed,,,True,True,True,True,False,False,False,low,35,no positive sales in entire 54-month panel
4548,瑞风S5,江淮,SUV,False,54,0,0,,,,,0,0,0,54,0,0,0,0,0.0,unreviewed,not_reviewed,,,True,True,True,True,False,False,False,low,35,no positive sales in entire 54-month panel
14142,瑞风S7,江淮,SUV,False,54,0,0,,,,,0,0,0,54,0,0,0,0,0.0,unreviewed,not_reviewed,,,True,True,True,True,False,False,False,low,35,no positive sales in entire 54-month panel
26363,瑞驰新能源S513,瑞驰新能源,SUV,False,54,0,0,,,,,0,0,0,54,0,0,0,0,0.0,unreviewed,not_reviewed,,,True,True,True,True,False,False,False,low,35,no positive sales in entire 54-month panel
3954,瑞麒G6,瑞麒,轿车,False,54,0,0,,,,,0,0,0,54,0,0,0,0,0.0,unreviewed,not_reviewed,,,True,True,True,True,False,False,False,low,35,no positive sales in entire 54-month panel
4004,瑞麒M1,瑞麒,轿车,False,54,0,0,,,,,0,0,0,54,0,0,0,0,0.0,unreviewed,not_reviewed,,,True,True,True,True,False,False,False,low,35,no positive sales in entire 54-month panel
22318,电咖·EV10,电咖,轿车,False,54,0,0,,,,,0,0,0,54,0,0,0,0,0.0,unreviewed,not_reviewed,,,True,True,True,True,False,False,False,low,35,no positive sales in entire 54-month panel
933,皇冠,丰田,轿车,False,54,0,0,,,,,0,0,0,54,0,0,0,0,0.0,unreviewed,not_reviewed,,,True,True,True,True,False,False,False,low,35,no positive sales in entire 54-month panel
3374,睿翼,马自达,轿车,False,54,0,0,,,,,0,0,0,54,0,0,0,0,0.0,unreviewed,not_reviewed,,,True,True,True,True,False,False,False,low,35,no positive sales in entire 54-month panel
24855,睿行ES30,长安凯程,轿车,False,54,0,0,,,,,0,0,0,54,0,0,0,0,0.0,unreviewed,not_reviewed,,,True,True,True,True,False,False,False,low,35,no positive sales in entire 54-month panel
21704,睿骋CC,长安,轿车,False,54,0,0,,,,,0,0,0,54,0,0,0,0,0.0,unreviewed,not_reviewed,,,True,True,True,True,False,False,False,low,35,no positive sales in entire 54-month panel
10981,知豆,知豆,轿车,False,54,0,0,,,,,0,0,0,54,0,0,0,0,0.0,unreviewed,not_reviewed,,,True,True,True,True,False,False,False,low,35,no positive sales in entire 54-month panel
12071,知豆D1,知豆,轿车,False,54,0,0,,,,,0,0,0,54,0,0,0,0,0.0,unreviewed,not_reviewed,,,True,True,True,True,False,False,False,low,35,no positive sales in entire 54-month panel
12794,知豆D2,知豆,轿车,False,54,0,0,,,,,0,0,0,54,0,0,0,0,0.0,unreviewed,not_reviewed,,,True,True,True,True,False,False,False,low,35,no positive sales in entire 54-month panel
22317,知豆D3,知豆,轿车,False,54,0,0,,,,,0,0,0,54,0,0,0,0,0.0,unreviewed,not_reviewed,,,True,True,True,True,False,False,False,low,35,no positive sales in entire 54-month panel
21665,祺智EV,广汽集团,SUV,False,54,0,0,,,,,0,0,0,54,0,0,0,0,0.0,unreviewed,not_reviewed,,,True,True,True,True,False,False,False,low,35,no positive sales in entire 54-month panel
22493,祺智PHEV,广汽集团,SUV,False,54,0,0,,,,,0,0,0,54,0,0,0,0,0.0,unreviewed,not_reviewed,,,True,True,True,True,False,False,False,low,35,no positive sales in entire 54-month panel
294,福美来,海马,轿车,False,54,0,0,,,,,0,0,0,54,0,0,0,0,0.0,unreviewed,not_reviewed,,,True,True,True,True,False,False,False,low,35,no positive sales in entire 54-month panel
22124,福美来F7,海马,MPV,False,54,0,0,,,,,0,0,0,54,0,0,0,0,0.0,unreviewed,not_reviewed,,,True,True,True,True,False,False,False,low,35,no positive sales in entire 54-month panel
13725,福美来七座版,海马,MPV,False,54,0,0,,,,,0,0,0,54,0,0,0,0,0.0,unreviewed,not_reviewed,,,True,True,True,True,False,False,False,low,35,no positive sales in entire 54-month panel
3540,秀尔,起亚,轿车,False,54,0,0,,,,,0,0,0,54,0,0,0,0,0.0,unreviewed,not_reviewed,,,True,True,True,True,False,False,False,low,35,no positive sales in entire 54-month panel
7650,科帕奇,雪佛兰,SUV,False,54,0,0,,,,,0,0,0,54,0,0,0,0,0.0,unreviewed,not_reviewed,,,True,True,True,True,False,False,False,low,35,no positive sales in entire 54-month panel
14251,科雷傲,雷诺,SUV,False,54,0,0,,,,,0,0,0,54,0,0,0,0,0.0,unreviewed,not_reviewed,,,True,True,True,True,False,False,False,low,35,no positive sales in entire 54-month panel
12997,科雷嘉,雷诺,SUV,False,54,0,0,,,,,0,0,0,54,0,0,0,0,0.0,unreviewed,not_reviewed,,,True,True,True,True,False,False,False,low,35,no positive sales in entire 54-month panel
24955,科雷缤,雷诺,SUV,False,54,0,0,,,,,0,0,0,54,0,0,0,0,0.0,unreviewed,not_reviewed,,,True,True,True,True,False,False,False,low,35,no positive sales in entire 54-month panel
3544,科鲁兹,雪佛兰,轿车,False,54,0,0,,,,,0,0,0,54,0,0,0,0,0.0,unreviewed,not_reviewed,,,True,True,True,True,False,False,False,low,35,no positive sales in entire 54-month panel
25279,秦,比亚迪,轿车,False,54,0,0,,,,,0,0,0,54,0,0,0,0,0.0,unreviewed,not_reviewed,,,True,True,True,True,False,False,False,low,35,no positive sales in entire 54-month panel
23433,秦Pro,比亚迪,轿车,False,54,0,0,,,,,0,0,0,54,0,0,0,0,0.0,unreviewed,not_reviewed,,,True,True,True,True,False,False,False,low,35,no positive sales in entire 54-month panel
23683,秦Pro新能源,比亚迪,轿车,False,54,0,0,,,,,0,0,0,54,0,0,0,0,0.0,unreviewed,not_reviewed,,,True,True,True,True,False,False,False,low,35,no positive sales in entire 54-month panel
20652,竞瑞,本田,轿车,False,54,0,0,,,,,0,0,0,54,0,0,0,0,0.0,unreviewed,not_reviewed,,,True,True,True,True,False,False,False,low,35,no positive sales in entire 54-month panel
8099,纳5,纳智捷,轿车,False,54,0,0,,,,,0,0,0,54,0,0,0,0,0.0,unreviewed,not_reviewed,,,True,True,True,True,False,False,False,low,35,no positive sales in entire 54-month panel
7282,纳智捷MASTER CEO,纳智捷,MPV,False,54,0,0,,,,,0,0,0,54,0,0,0,0,0.0,unreviewed,not_reviewed,,,True,True,True,True,False,False,False,low,35,no positive sales in entire 54-month panel
21638,纳智捷U5 SUV,纳智捷,SUV,False,54,0,0,,,,,0,0,0,54,0,0,0,0,0.0,unreviewed,not_reviewed,,,True,True,True,True,False,False,False,low,35,no positive sales in entire 54-month panel
24233,纳智捷URX,纳智捷,SUV,False,54,0,0,,,,,0,0,0,54,0,0,0,0,0.0,unreviewed,not_reviewed,,,True,True,True,True,False,False,False,low,35,no positive sales in entire 54-month panel
10221,纳智捷优6 SUV,纳智捷,SUV,False,54,0,0,,,,,0,0,0,54,0,0,0,0,0.0,unreviewed,not_reviewed,,,True,True,True,True,False,False,False,low,35,no positive sales in entire 54-month panel
9321,纳智捷大7 MPV,纳智捷,MPV,False,54,0,0,,,,,0,0,0,54,0,0,0,0,0.0,unreviewed,not_reviewed,,,True,True,True,True,False,False,False,low,35,no positive sales in entire 54-month panel
7281,纳智捷大7 SUV,纳智捷,SUV,False,54,0,0,,,,,0,0,0,54,0,0,0,0,0.0,unreviewed,not_reviewed,,,True,True,True,True,False,False,False,low,35,no positive sales in entire 54-month panel
11807,绅宝 - CC,北京汽车,轿车,False,54,0,0,,,,,0,0,0,54,0,0,0,0,0.0,unreviewed,not_reviewed,,,True,True,True,True,False,False,False,low,35,no positive sales in entire 54-month panel
11483,绅宝D20,北京汽车,轿车,False,54,0,0,,,,,0,0,0,54,0,0,0,0,0.0,unreviewed,not_reviewed,,,True,True,True,True,False,False,False,low,35,no positive sales in entire 54-month panel
11292,绅宝D60,北京汽车,轿车,False,54,0,0,,,,,0,0,0,54,0,0,0,0,0.0,unreviewed,not_reviewed,,,True,True,True,True,False,False,False,low,35,no positive sales in entire 54-month panel
7681,绅宝D70,北京汽车,轿车,False,54,0,0,,,,,0,0,0,54,0,0,0,0,0.0,unreviewed,not_reviewed,,,True,True,True,True,False,False,False,low,35,no positive sales in entire 54-month panel
11759,绅宝D80,北京汽车,轿车,False,54,0,0,,,,,0,0,0,54,0,0,0,0,0.0,unreviewed,not_reviewed,,,True,True,True,True,False,False,False,low,35,no positive sales in entire 54-month panel
12744,绅宝X25,北京汽车,SUV,False,54,0,0,,,,,0,0,0,54,0,0,0,0,0.0,unreviewed,not_reviewed,,,True,True,True,True,False,False,False,low,35,no positive sales in entire 54-month panel
13258,绅宝X35,北京汽车,SUV,False,54,0,0,,,,,0,0,0,54,0,0,0,0,0.0,unreviewed,not_reviewed,,,True,True,True,True,False,False,False,low,35,no positive sales in entire 54-month panel
12592,绅宝X55,北京汽车,SUV,False,54,0,0,,,,,0,0,0,54,0,0,0,0,0.0,unreviewed,not_reviewed,,,True,True,True,True,False,False,False,low,35,no positive sales in entire 54-month panel
11761,绅宝X65,北京汽车,SUV,False,54,0,0,,,,,0,0,0,54,0,0,0,0,0.0,unreviewed,not_reviewed,,,True,True,True,True,False,False,False,low,35,no positive sales in entire 54-month panel
3254,经典世嘉,雪铁龙,轿车,False,54,0,0,,,,,0,0,0,54,0,0,0,0,0.0,unreviewed,not_reviewed,,,True,True,True,True,False,False,False,low,35,no positive sales in entire 54-month panel
5052,经典圣达菲,华泰,SUV,False,54,0,0,,,,,0,0,0,54,0,0,0,0,0.0,unreviewed,not_reviewed,,,True,True,True,True,False,False,False,low,35,no positive sales in entire 54-month panel
3295,经典熊猫,吉利汽车,轿车,False,54,0,0,,,,,0,0,0,54,0,0,0,0,0.0,unreviewed,not_reviewed,,,True,True,True,True,False,False,False,low,35,no positive sales in entire 54-month panel
13069,维特拉,铃木,SUV,False,54,0,0,,,,,0,0,0,54,0,0,0,0,0.0,unreviewed,not_reviewed,,,True,True,True,True,False,False,False,low,35,no positive sales in entire 54-month panel
25,羚羊,铃木,轿车,False,54,0,0,,,,,0,0,0,54,0,0,0,0,0.0,unreviewed,not_reviewed,,,True,True,True,True,False,False,False,low,35,no positive sales in entire 54-month panel
8029,翼搏,福特,SUV,False,54,0,0,,,,,0,0,0,54,0,0,0,0,0.0,unreviewed,not_reviewed,,,True,True,True,True,False,False,False,low,35,no positive sales in entire 54-month panel
4127,翼神,三菱,轿车,False,54,0,0,,,,,0,0,0,54,0,0,0,0,0.0,unreviewed,not_reviewed,,,True,True,True,True,False,False,False,low,35,no positive sales in entire 54-month panel
4312,翼虎,福特,SUV,False,54,0,0,,,,,0,0,0,54,0,0,0,0,0.0,unreviewed,not_reviewed,,,True,True,True,True,False,False,False,low,35,no positive sales in entire 54-month panel
8089,腾势经典,腾势,轿车,False,54,0,0,,,,,0,0,0,54,0,0,0,0,0.0,unreviewed,not_reviewed,,,True,True,True,True,False,False,False,low,35,no positive sales in entire 54-month panel
3001,自由舰,吉利汽车,轿车,False,54,0,0,,,,,0,0,0,54,0,0,0,0,0.0,unreviewed,not_reviewed,,,True,True,True,True,False,False,False,low,35,no positive sales in entire 54-month panel
5025,致胜,福特,轿车,False,54,0,0,,,,,0,0,0,54,0,0,0,0,0.0,unreviewed,not_reviewed,,,True,True,True,True,False,False,False,low,35,no positive sales in entire 54-month panel
9809,艾瑞泽3,奇瑞,轿车,False,54,0,0,,,,,0,0,0,54,0,0,0,0,0.0,unreviewed,not_reviewed,,,True,True,True,True,False,False,False,low,35,no positive sales in entire 54-month panel
9313,艾瑞泽7,奇瑞,轿车,False,54,0,0,,,,,0,0,0,54,0,0,0,0,0.0,unreviewed,not_reviewed,,,True,True,True,True,False,False,False,low,35,no positive sales in entire 54-month panel
22938,艾瑞泽GX,奇瑞,轿车,False,54,0,0,,,,,0,0,0,54,0,0,0,0,0.0,unreviewed,not_reviewed,,,True,True,True,True,False,False,False,low,35,no positive sales in entire 54-month panel
9838,艾瑞泽M7,奇瑞,MPV,False,54,0,0,,,,,0,0,0,54,0,0,0,0,0.0,unreviewed,not_reviewed,,,True,True,True,True,False,False,False,low,35,no positive sales in entire 54-month panel
12585,芝麻,众泰,轿车,False,54,0,0,,,,,0,0,0,54,0,0,0,0,0.0,unreviewed,not_reviewed,,,True,True,True,True,False,False,False,low,35,no positive sales in entire 54-month panel
487,花冠,丰田,轿车,False,54,0,0,,,,,0,0,0,54,0,0,0,0,0.0,unreviewed,not_reviewed,,,True,True,True,True,False,False,False,low,35,no positive sales in entire 54-month panel
13469,英致727,英致,MPV,False,54,0,0,,,,,0,0,0,54,0,0,0,0,0.0,unreviewed,not_reviewed,,,True,True,True,True,False,False,False,low,35,no positive sales in entire 54-month panel
12633,英致737,英致,MPV,False,54,0,0,,,,,0,0,0,54,0,0,0,0,0.0,unreviewed,not_reviewed,,,True,True,True,True,False,False,False,low,35,no positive sales in entire 54-month panel
23626,英致737EV,英致,MPV,False,54,0,0,,,,,0,0,0,54,0,0,0,0,0.0,unreviewed,not_reviewed,,,True,True,True,True,False,False,False,low,35,no positive sales in entire 54-month panel
10961,英致G3,英致,SUV,False,54,0,0,,,,,0,0,0,54,0,0,0,0,0.0,unreviewed,not_reviewed,,,True,True,True,True,False,False,False,low,35,no positive sales in entire 54-month panel
12944,英致G5,英致,SUV,False,54,0,0,,,,,0,0,0,54,0,0,0,0,0.0,unreviewed,not_reviewed,,,True,True,True,True,False,False,False,low,35,no positive sales in entire 54-month panel
4083,荣威350,荣威,轿车,False,54,0,0,,,,,0,0,0,54,0,0,0,0,0.0,unreviewed,not_reviewed,,,True,True,True,True,False,False,False,low,35,no positive sales in entire 54-month panel
12774,荣威360,荣威,轿车,False,54,0,0,,,,,0,0,0,54,0,0,0,0,0.0,unreviewed,not_reviewed,,,True,True,True,True,False,False,False,low,35,no positive sales in entire 54-month panel
3234,荣威550,荣威,轿车,False,54,0,0,,,,,0,0,0,54,0,0,0,0,0.0,unreviewed,not_reviewed,,,True,True,True,True,False,False,False,low,35,no positive sales in entire 54-month panel
1984,荣威750,荣威,轿车,False,54,0,0,,,,,0,0,0,54,0,0,0,0,0.0,unreviewed,not_reviewed,,,True,True,True,True,False,False,False,low,35,no positive sales in entire 54-month panel
4664,荣威950,荣威,轿车,False,54,0,0,,,,,0,0,0,54,0,0,0,0,0.0,unreviewed,not_reviewed,,,True,True,True,True,False,False,False,low,35,no positive sales in entire 54-month panel
3896,荣威W5,荣威,SUV,False,54,0,0,,,,,0,0,0,54,0,0,0,0,0.0,unreviewed,not_reviewed,,,True,True,True,True,False,False,False,low,35,no positive sales in entire 54-month panel
4670,荣威e50,荣威,轿车,False,54,0,0,,,,,0,0,0,54,0,0,0,0,0.0,unreviewed,not_reviewed,,,True,True,True,True,False,False,False,low,35,no positive sales in entire 54-month panel
12331,荣威e550,荣威,轿车,False,54,0,0,,,,,0,0,0,54,0,0,0,0,0.0,unreviewed,not_reviewed,,,True,True,True,True,False,False,False,low,35,no positive sales in entire 54-month panel
13520,荣威e950,荣威,轿车,False,54,0,0,,,,,0,0,0,54,0,0,0,0,0.0,unreviewed,not_reviewed,,,True,True,True,True,False,False,False,low,35,no positive sales in entire 54-month panel
4347,莲花L3,莲花汽车,轿车,False,54,0,0,,,,,0,0,0,54,0,0,0,0,0.0,unreviewed,not_reviewed,,,True,True,True,True,False,False,False,low,35,no positive sales in entire 54-month panel
4650,莲花L5,莲花汽车,轿车,False,54,0,0,,,,,0,0,0,54,0,0,0,0,0.0,unreviewed,not_reviewed,,,True,True,True,True,False,False,False,low,35,no positive sales in entire 54-month panel
8059,菲翔,菲亚特,轿车,False,54,0,0,,,,,0,0,0,54,0,0,0,0,0.0,unreviewed,not_reviewed,,,True,True,True,True,False,False,False,low,35,no positive sales in entire 54-month panel
1884,蓝瑟,三菱,轿车,False,54,0,0,,,,,0,0,0,54,0,0,0,0,0.0,unreviewed,not_reviewed,,,True,True,True,True,False,False,False,low,35,no positive sales in entire 54-month panel
22243,裕路EV2,裕路,轿车,False,54,0,0,,,,,0,0,0,54,0,0,0,0,0.0,unreviewed,not_reviewed,,,True,True,True,True,False,False,False,low,35,no positive sales in entire 54-month panel
13397,西玛,日产,轿车,False,54,0,0,,,,,0,0,0,54,0,0,0,0,0.0,unreviewed,not_reviewed,,,True,True,True,True,False,False,False,low,35,no positive sales in entire 54-month panel
23753,观境,金杯,SUV,False,54,0,0,,,,,0,0,0,54,0,0,0,0,0.0,unreviewed,not_reviewed,,,True,True,True,True,False,False,False,low,35,no positive sales in entire 54-month panel
8840,观致3,观致,轿车,False,54,0,0,,,,,0,0,0,54,0,0,0,0,0.0,unreviewed,not_reviewed,,,True,True,True,True,False,False,False,low,35,no positive sales in entire 54-month panel
11758,观致3都市SUV,观致,SUV,False,54,0,0,,,,,0,0,0,54,0,0,0,0,0.0,unreviewed,not_reviewed,,,True,True,True,True,False,False,False,low,35,no positive sales in entire 54-month panel
13288,观致5,观致,SUV,False,54,0,0,,,,,0,0,0,54,0,0,0,0,0.0,unreviewed,not_reviewed,,,True,True,True,True,False,False,False,low,35,no positive sales in entire 54-month panel
21647,讴歌TLX-L,讴歌,轿车,False,54,0,0,,,,,0,0,0,54,0,0,0,0,0.0,unreviewed,not_reviewed,,,True,True,True,True,False,False,False,low,35,no positive sales in entire 54-month panel
3094,赛拉图,起亚,轿车,False,54,0,0,,,,,0,0,0,54,0,0,0,0,0.0,unreviewed,not_reviewed,,,True,True,True,True,False,False,False,low,35,no positive sales in entire 54-month panel
954,赛欧,雪佛兰,轿车,False,54,0,0,,,,,0,0,0,54,0,0,0,0,0.0,unreviewed,not_reviewed,,,True,True,True,True,False,False,False,low,35,no positive sales in entire 54-month panel
7130,起亚K2,起亚,轿车,False,54,0,0,,,,,0,0,0,54,0,0,0,0,0.0,unreviewed,not_reviewed,,,True,True,True,True,False,False,False,low,35,no positive sales in entire 54-month panel
10331,起亚K3S,起亚,轿车,False,54,0,0,,,,,0,0,0,54,0,0,0,0,0.0,unreviewed,not_reviewed,,,True,True,True,True,False,False,False,low,35,no positive sales in entire 54-month panel
10018,起亚K4,起亚,轿车,False,54,0,0,,,,,0,0,0,54,0,0,0,0,0.0,unreviewed,not_reviewed,,,True,True,True,True,False,False,False,low,35,no positive sales in entire 54-month panel
21439,起亚K5新能源,起亚,轿车,False,54,0,0,,,,,0,0,0,54,0,0,0,0,0.0,unreviewed,not_reviewed,,,True,True,True,True,False,False,False,low,35,no positive sales in entire 54-month panel
21964,起亚KX CROSS,起亚,轿车,False,54,0,0,,,,,0,0,0,54,0,0,0,0,0.0,unreviewed,not_reviewed,,,True,True,True,True,False,False,False,low,35,no positive sales in entire 54-month panel
23314,起亚KX3新能源,起亚,SUV,False,54,0,0,,,,,0,0,0,54,0,0,0,0,0.0,unreviewed,not_reviewed,,,True,True,True,True,False,False,False,low,35,no positive sales in entire 54-month panel
4564,路盛E70,华泰,轿车,False,54,0,0,,,,,0,0,0,54,0,0,0,0,0.0,unreviewed,not_reviewed,,,True,True,True,True,False,False,False,low,35,no positive sales in entire 54-month panel
20642,路盛E80,华泰,轿车,False,54,0,0,,,,,0,0,0,54,0,0,0,0,0.0,unreviewed,not_reviewed,,,True,True,True,True,False,False,False,low,35,no positive sales in entire 54-month panel
22413,路盛S1,华泰新能源,轿车,False,54,0,0,,,,,0,0,0,54,0,0,0,0,0.0,unreviewed,not_reviewed,,,True,True,True,True,False,False,False,low,35,no positive sales in entire 54-month panel
20802,轩朗,力帆,MPV,False,54,0,0,,,,,0,0,0,54,0,0,0,0,0.0,unreviewed,not_reviewed,,,True,True,True,True,False,False,False,low,35,no positive sales in entire 54-month panel
13590,迈威,力帆,SUV,False,54,0,0,,,,,0,0,0,54,0,0,0,0,0.0,unreviewed,not_reviewed,,,True,True,True,True,False,False,False,low,35,no positive sales in entire 54-month panel
1397,迈锐宝,雪佛兰,轿车,False,54,0,0,,,,,0,0,0,54,0,0,0,0,0.0,unreviewed,not_reviewed,,,True,True,True,True,False,False,False,low,35,no positive sales in entire 54-month panel
2063,远景,吉利汽车,轿车,False,54,0,0,,,,,0,0,0,54,0,0,0,0,0.0,unreviewed,not_reviewed,,,True,True,True,True,False,False,False,low,35,no positive sales in entire 54-month panel
22091,远景S1,吉利汽车,SUV,False,54,0,0,,,,,0,0,0,54,0,0,0,0,0.0,unreviewed,not_reviewed,,,True,True,True,True,False,False,False,low,35,no positive sales in entire 54-month panel
21273,远景X1,吉利汽车,SUV,False,54,0,0,,,,,0,0,0,54,0,0,0,0,0.0,unreviewed,not_reviewed,,,True,True,True,True,False,False,False,low,35,no positive sales in entire 54-month panel
3634,迷迪,福田,MPV,False,54,0,0,,,,,0,0,0,54,0,0,0,0,0.0,unreviewed,not_reviewed,,,True,True,True,True,False,False,False,low,35,no positive sales in entire 54-month panel
3895,途观,大众,SUV,False,54,0,0,,,,,0,0,0,54,0,0,0,0,0.0,unreviewed,not_reviewed,,,True,True,True,True,False,False,False,low,35,no positive sales in entire 54-month panel
8440,速锐,比亚迪,轿车,False,54,0,0,,,,,0,0,0,54,0,0,0,0,0.0,unreviewed,not_reviewed,,,True,True,True,True,False,False,False,low,35,no positive sales in entire 54-month panel
9200,逸动XT,长安,轿车,False,54,0,0,,,,,0,0,0,54,0,0,0,0,0.0,unreviewed,not_reviewed,,,True,True,True,True,False,False,False,low,35,no positive sales in entire 54-month panel
7201,逸动经典,长安,轿车,False,54,0,0,,,,,0,0,0,54,0,0,0,0,0.0,unreviewed,not_reviewed,,,True,True,True,True,False,False,False,low,35,no positive sales in entire 54-month panel
7087,逸致,丰田,MPV,False,54,0,0,,,,,0,0,0,54,0,0,0,0,0.0,unreviewed,not_reviewed,,,True,True,True,True,False,False,False,low,35,no positive sales in entire 54-month panel
22987,逸行,现代,轿车,False,54,0,0,,,,,0,0,0,54,0,0,0,0,0.0,unreviewed,not_reviewed,,,True,True,True,True,False,False,False,low,35,no positive sales in entire 54-month panel
13078,野马EC70,野马汽车,SUV,False,54,0,0,,,,,0,0,0,54,0,0,0,0,0.0,unreviewed,not_reviewed,,,True,True,True,True,False,False,False,low,35,no positive sales in entire 54-month panel
7571,野马E系,野马汽车,轿车,False,54,0,0,,,,,0,0,0,54,0,0,0,0,0.0,unreviewed,not_reviewed,,,True,True,True,True,False,False,False,low,35,no positive sales in entire 54-month panel
7629,野马F10,野马汽车,SUV,False,54,0,0,,,,,0,0,0,54,0,0,0,0,0.0,unreviewed,not_reviewed,,,True,True,True,True,False,False,False,low,35,no positive sales in entire 54-month panel
8300,野马F12,野马汽车,SUV,False,54,0,0,,,,,0,0,0,54,0,0,0,0,0.0,unreviewed,not_reviewed,,,True,True,True,True,False,False,False,low,35,no positive sales in entire 54-month panel
7569,野马F16,野马汽车,SUV,False,54,0,0,,,,,0,0,0,54,0,0,0,0,0.0,unreviewed,not_reviewed,,,True,True,True,True,False,False,False,low,35,no positive sales in entire 54-month panel
12091,野马T70,野马汽车,SUV,False,54,0,0,,,,,0,0,0,54,0,0,0,0,0.0,unreviewed,not_reviewed,,,True,True,True,True,False,False,False,low,35,no positive sales in entire 54-month panel
14382,野马T80,野马汽车,SUV,False,54,0,0,,,,,0,0,0,54,0,0,0,0,0.0,unreviewed,not_reviewed,,,True,True,True,True,False,False,False,low,35,no positive sales in entire 54-month panel
12442,金杯750,金杯,MPV,False,54,0,0,,,,,0,0,0,54,0,0,0,0,0.0,unreviewed,not_reviewed,,,True,True,True,True,False,False,False,low,35,no positive sales in entire 54-month panel
21282,金杯F50,金杯,MPV,False,54,0,0,,,,,0,0,0,54,0,0,0,0,0.0,unreviewed,not_reviewed,,,True,True,True,True,False,False,False,low,35,no positive sales in entire 54-month panel
3539,锋范,本田,轿车,False,54,0,0,,,,,0,0,0,54,0,0,0,0,0.0,unreviewed,not_reviewed,,,True,True,True,True,False,False,False,low,35,no positive sales in entire 54-month panel
8575,锋驭,铃木,SUV,False,54,0,0,,,,,0,0,0,54,0,0,0,0,0.0,unreviewed,not_reviewed,,,True,True,True,True,False,False,False,low,35,no positive sales in entire 54-month panel
13745,锐3,纳智捷,轿车,False,54,0,0,,,,,0,0,0,54,0,0,0,0,0.0,unreviewed,not_reviewed,,,True,True,True,True,False,False,False,low,35,no positive sales in entire 54-month panel
1177,锐志,丰田,轿车,False,54,0,0,,,,,0,0,0,54,0,0,0,0,0.0,unreviewed,not_reviewed,,,True,True,True,True,False,False,False,low,35,no positive sales in entire 54-month panel
2323,锐欧,起亚,轿车,False,54,0,0,,,,,0,0,0,54,0,0,0,0,0.0,unreviewed,not_reviewed,,,True,True,True,True,False,False,False,low,35,no positive sales in entire 54-month panel
4015,长城C20R,长城,轿车,False,54,0,0,,,,,0,0,0,54,0,0,0,0,0.0,unreviewed,not_reviewed,,,True,True,True,True,False,False,False,low,35,no positive sales in entire 54-month panel
4581,长城C30,长城,轿车,False,54,0,0,,,,,0,0,0,54,0,0,0,0,0.0,unreviewed,not_reviewed,,,True,True,True,True,False,False,False,low,35,no positive sales in entire 54-month panel
21764,长城C30新能源,长城,轿车,False,54,0,0,,,,,0,0,0,54,0,0,0,0,0.0,unreviewed,not_reviewed,,,True,True,True,True,False,False,False,low,35,no positive sales in entire 54-month panel
4674,长城C50,长城,轿车,False,54,0,0,,,,,0,0,0,54,0,0,0,0,0.0,unreviewed,not_reviewed,,,True,True,True,True,False,False,False,low,35,no positive sales in entire 54-month panel
4463,长城M2,长城,SUV,False,54,0,0,,,,,0,0,0,54,0,0,0,0,0.0,unreviewed,not_reviewed,,,True,True,True,True,False,False,False,low,35,no positive sales in entire 54-month panel
7199,长城M4,长城,SUV,False,54,0,0,,,,,0,0,0,54,0,0,0,0,0.0,unreviewed,not_reviewed,,,True,True,True,True,False,False,False,low,35,no positive sales in entire 54-month panel
21653,长安CS15EV,长安,SUV,False,54,0,0,,,,,0,0,0,54,0,0,0,0,0.0,unreviewed,not_reviewed,,,True,True,True,True,False,False,False,low,35,no positive sales in entire 54-month panel
8022,长安CS35,长安,SUV,False,54,0,0,,,,,0,0,0,54,0,0,0,0,0.0,unreviewed,not_reviewed,,,True,True,True,True,False,False,False,low,35,no positive sales in entire 54-month panel
4585,长安CX20,长安,轿车,False,54,0,0,,,,,0,0,0,54,0,0,0,0,0.0,unreviewed,not_reviewed,,,True,True,True,True,False,False,False,low,35,no positive sales in entire 54-month panel
21523,长安欧尚A800,长安欧尚,MPV,False,54,0,0,,,,,0,0,0,54,0,0,0,0,0.0,unreviewed,not_reviewed,,,True,True,True,True,False,False,False,low,35,no positive sales in entire 54-month panel
24443,长安欧尚科赛5,长安欧尚,SUV,False,54,0,0,,,,,0,0,0,54,0,0,0,0,0.0,unreviewed,not_reviewed,,,True,True,True,True,False,False,False,low,35,no positive sales in entire 54-month panel
26704,长安欧尚科赛Pro,长安欧尚,SUV,False,54,0,0,,,,,0,0,0,54,0,0,0,0,0.0,unreviewed,not_reviewed,,,True,True,True,True,False,False,False,low,35,no positive sales in entire 54-month panel
377,阳光,日产,轿车,False,54,0,0,,,,,0,0,0,54,0,0,0,0,0.0,unreviewed,not_reviewed,,,True,True,True,True,False,False,False,low,35,no positive sales in entire 54-month panel
652,陆霸,北汽制造,SUV,False,54,0,0,,,,,0,0,0,54,0,0,0,0,0.0,unreviewed,not_reviewed,,,True,True,True,True,False,False,False,low,35,no positive sales in entire 54-month panel
8571,陆风X5,陆风,SUV,False,54,0,0,,,,,0,0,0,54,0,0,0,0,0.0,unreviewed,not_reviewed,,,True,True,True,True,False,False,False,low,35,no positive sales in entire 54-month panel
8860,陆风X7,陆风,SUV,False,54,0,0,,,,,0,0,0,54,0,0,0,0,0.0,unreviewed,not_reviewed,,,True,True,True,True,False,False,False,low,35,no positive sales in entire 54-month panel
4248,陆风X8,陆风,SUV,False,54,0,0,,,,,0,0,0,54,0,0,0,0,0.0,unreviewed,not_reviewed,,,True,True,True,True,False,False,False,low,35,no positive sales in entire 54-month panel
1053,雨燕,铃木,轿车,False,54,0,0,,,,,0,0,0,54,0,0,0,0,0.0,unreviewed,not_reviewed,,,True,True,True,True,False,False,False,low,35,no positive sales in entire 54-month panel
2064,雪铁龙C2,雪铁龙,轿车,False,54,0,0,,,,,0,0,0,54,0,0,0,0,0.0,unreviewed,not_reviewed,,,True,True,True,True,False,False,False,low,35,no positive sales in entire 54-month panel
8331,雪铁龙C4L,雪铁龙,轿车,False,54,0,0,,,,,0,0,0,54,0,0,0,0,0.0,unreviewed,not_reviewed,,,True,True,True,True,False,False,False,low,35,no positive sales in entire 54-month panel
4125,雪铁龙C5,雪铁龙,轿车,False,54,0,0,,,,,0,0,0,54,0,0,0,0,0.0,unreviewed,not_reviewed,,,True,True,True,True,False,False,False,low,35,no positive sales in entire 54-month panel
24965,雷丁i3,雷丁,轿车,False,54,0,0,,,,,0,0,0,54,0,0,0,0,0.0,unreviewed,not_reviewed,,,True,True,True,True,False,False,False,low,35,no positive sales in entire 54-month panel
24995,雷丁i5,雷丁,轿车,False,54,0,0,,,,,0,0,0,54,0,0,0,0,0.0,unreviewed,not_reviewed,,,True,True,True,True,False,False,False,low,35,no positive sales in entire 54-month panel
24975,雷丁i9,雷丁,SUV,False,54,0,0,,,,,0,0,0,54,0,0,0,0,0.0,unreviewed,not_reviewed,,,True,True,True,True,False,False,False,low,35,no positive sales in entire 54-month panel
24224,雷诺 e诺,雷诺,SUV,False,54,0,0,,,,,0,0,0,54,0,0,0,0,0.0,unreviewed,not_reviewed,,,True,True,True,True,False,False,False,low,35,no positive sales in entire 54-month panel
13398,领动,现代,轿车,False,54,0,0,,,,,0,0,0,54,0,0,0,0,0.0,unreviewed,not_reviewed,,,True,True,True,True,False,False,False,low,35,no positive sales in entire 54-month panel
23993,领途E骋,领途,轿车,False,54,0,0,,,,,0,0,0,54,0,0,0,0,0.0,unreviewed,not_reviewed,,,True,True,True,True,False,False,False,low,35,no positive sales in entire 54-month panel
23608,领途K-ONE,领途,SUV,False,54,0,0,,,,,0,0,0,54,0,0,0,0,0.0,unreviewed,not_reviewed,,,True,True,True,True,False,False,False,low,35,no positive sales in entire 54-month panel
4100,风云2,奇瑞,轿车,False,54,0,0,,,,,0,0,0,54,0,0,0,0,0.0,unreviewed,not_reviewed,,,True,True,True,True,False,False,False,low,35,no positive sales in entire 54-month panel
9423,风光,东风小康,MPV,False,54,0,0,,,,,0,0,0,54,0,0,0,0,0.0,unreviewed,not_reviewed,,,True,True,True,True,False,False,False,low,35,no positive sales in entire 54-month panel
12986,风光360,东风风光,MPV,False,54,0,0,,,,,0,0,0,54,0,0,0,0,0.0,unreviewed,not_reviewed,,,True,True,True,True,False,False,False,low,35,no positive sales in entire 54-month panel
1614,风尚,陆风,MPV,False,54,0,0,,,,,0,0,0,54,0,0,0,0,0.0,unreviewed,not_reviewed,,,True,True,True,True,False,False,False,low,35,no positive sales in entire 54-month panel
11002,风尚·陆地方舟,陆地方舟,MPV,False,54,0,0,,,,,0,0,0,54,0,0,0,0,0.0,unreviewed,not_reviewed,,,True,True,True,True,False,False,False,low,35,no positive sales in entire 54-month panel
9261,风行CM7,东风风行,MPV,False,54,0,0,,,,,0,0,0,54,0,0,0,0,0.0,unreviewed,not_reviewed,,,True,True,True,True,False,False,False,low,35,no positive sales in entire 54-month panel
12543,风行S500,东风风行,MPV,False,54,0,0,,,,,0,0,0,54,0,0,0,0,0.0,unreviewed,not_reviewed,,,True,True,True,True,False,False,False,low,35,no positive sales in entire 54-month panel
22354,风行S500EV,东风风行,轿车,False,54,0,0,,,,,0,0,0,54,0,0,0,0,0.0,unreviewed,not_reviewed,,,True,True,True,True,False,False,False,low,35,no positive sales in entire 54-month panel
13540,风行SX6,东风风行,SUV,False,54,0,0,,,,,0,0,0,54,0,0,0,0,0.0,unreviewed,not_reviewed,,,True,True,True,True,False,False,False,low,35,no positive sales in entire 54-month panel
444,飞腾,猎豹汽车,SUV,False,54,0,0,,,,,0,0,0,54,0,0,0,0,0.0,unreviewed,not_reviewed,,,True,True,True,True,False,False,False,low,35,no positive sales in entire 54-month panel
3124,马自达2,马自达,轿车,False,54,0,0,,,,,0,0,0,54,0,0,0,0,0.0,unreviewed,not_reviewed,,,True,True,True,True,False,False,False,low,35,no positive sales in entire 54-month panel
1649,马自达3,马自达,轿车,False,54,0,0,,,,,0,0,0,54,0,0,0,0,0.0,unreviewed,not_reviewed,,,True,True,True,True,False,False,False,low,35,no positive sales in entire 54-month panel
7565,马自达3星骋,马自达,轿车,False,54,0,0,,,,,0,0,0,54,0,0,0,0,0.0,unreviewed,not_reviewed,,,True,True,True,True,False,False,False,low,35,no positive sales in entire 54-month panel
354,马自达6,马自达,轿车,False,54,0,0,,,,,0,0,0,54,0,0,0,0,0.0,unreviewed,not_reviewed,,,True,True,True,True,False,False,False,low,35,no positive sales in entire 54-month panel
7042,马自达8,马自达,MPV,False,54,0,0,,,,,0,0,0,54,0,0,0,0,0.0,unreviewed,not_reviewed,,,True,True,True,True,False,False,False,low,35,no positive sales in entire 54-month panel
8680,马自达CX-7,马自达,SUV,False,54,0,0,,,,,0,0,0,54,0,0,0,0,0.0,unreviewed,not_reviewed,,,True,True,True,True,False,False,False,low,35,no positive sales in entire 54-month panel
12623,驭胜S330,驭胜,SUV,False,54,0,0,,,,,0,0,0,54,0,0,0,0,0.0,unreviewed,not_reviewed,,,True,True,True,True,False,False,False,low,35,no positive sales in entire 54-month panel
4519,驭胜S350,驭胜,SUV,False,54,0,0,,,,,0,0,0,54,0,0,0,0,0.0,unreviewed,not_reviewed,,,True,True,True,True,False,False,False,low,35,no positive sales in entire 54-month panel
21625,骁途,铃木,SUV,False,54,0,0,,,,,0,0,0,54,0,0,0,0,0.0,unreviewed,not_reviewed,,,True,True,True,True,False,False,False,low,35,no positive sales in entire 54-month panel
2543,骊威,日产,轿车,False,54,0,0,,,,,0,0,0,54,0,0,0,0,0.0,unreviewed,not_reviewed,,,True,True,True,True,False,False,False,low,35,no positive sales in entire 54-month panel
1584,骏捷,中华,轿车,False,54,0,0,,,,,0,0,0,54,0,0,0,0,0.0,unreviewed,not_reviewed,,,True,True,True,True,False,False,False,low,35,no positive sales in entire 54-month panel
3184,骏捷FRV,中华,轿车,False,54,0,0,,,,,0,0,0,54,0,0,0,0,0.0,unreviewed,not_reviewed,,,True,True,True,True,False,False,False,low,35,no positive sales in entire 54-month panel
3785,骏捷FSV,中华,轿车,False,54,0,0,,,,,0,0,0,54,0,0,0,0,0.0,unreviewed,not_reviewed,,,True,True,True,True,False,False,False,low,35,no positive sales in entire 54-month panel
21613,骏派A50,一汽,轿车,False,54,0,0,,,,,0,0,0,54,0,0,0,0,0.0,unreviewed,not_reviewed,,,True,True,True,True,False,False,False,low,35,no positive sales in entire 54-month panel
14265,骏派A70,一汽,轿车,False,54,0,0,,,,,0,0,0,54,0,0,0,0,0.0,unreviewed,not_reviewed,,,True,True,True,True,False,False,False,low,35,no positive sales in entire 54-month panel
21943,骏派A70E,一汽,轿车,False,54,0,0,,,,,0,0,0,54,0,0,0,0,0.0,unreviewed,not_reviewed,,,True,True,True,True,False,False,False,low,35,no positive sales in entire 54-month panel
21587,骏派CX65,一汽,轿车,False,54,0,0,,,,,0,0,0,54,0,0,0,0,0.0,unreviewed,not_reviewed,,,True,True,True,True,False,False,False,low,35,no positive sales in entire 54-month panel
7329,骏派D60,一汽,SUV,False,54,0,0,,,,,0,0,0,54,0,0,0,0,0.0,unreviewed,not_reviewed,,,True,True,True,True,False,False,False,low,35,no positive sales in entire 54-month panel
22635,骏派D80,一汽,SUV,False,54,0,0,,,,,0,0,0,54,0,0,0,0,0.0,unreviewed,not_reviewed,,,True,True,True,True,False,False,False,low,35,no positive sales in entire 54-month panel
3898,骑士,海马,SUV,False,54,0,0,,,,,0,0,0,54,0,0,0,0,0.0,unreviewed,not_reviewed,,,True,True,True,True,False,False,False,low,35,no positive sales in entire 54-month panel
13428,高尔夫·嘉旅,大众,MPV,False,54,0,0,,,,,0,0,0,54,0,0,0,0,0.0,unreviewed,not_reviewed,,,True,True,True,True,False,False,False,low,35,no positive sales in entire 54-month panel
23893,高尔夫·纯电,大众,轿车,False,54,0,0,,,,,0,0,0,54,0,0,0,0,0.0,unreviewed,not_reviewed,,,True,True,True,True,False,False,False,low,35,no positive sales in entire 54-month panel
21074,魏牌 VV5,魏牌,SUV,False,54,0,0,,,,,0,0,0,54,0,0,0,0,0.0,unreviewed,not_reviewed,,,True,True,True,True,False,False,False,low,35,no positive sales in entire 54-month panel
22948,魏牌 VV6,魏牌,SUV,False,54,0,0,,,,,0,0,0,54,0,0,0,0,0.0,unreviewed,not_reviewed,,,True,True,True,True,False,False,False,low,35,no positive sales in entire 54-month panel
21073,魏牌 VV7,魏牌,SUV,False,54,0,0,,,,,0,0,0,54,0,0,0,0,0.0,unreviewed,not_reviewed,,,True,True,True,True,False,False,False,low,35,no positive sales in entire 54-month panel
445,黑金刚,猎豹汽车,SUV,False,54,0,0,,,,,0,0,0,54,0,0,0,0,0.0,unreviewed,not_reviewed,,,True,True,True,True,False,False,False,low,35,no positive sales in entire 54-month panel
14221,传祺GA4,广汽传祺,轿车,False,54,7,7,2022-01-01,2022-12-01,2022-01-01,2022-12-01,0,5,2,42,7,0,0,0,4.083333333333333,unreviewed,not_reviewed,,,False,False,True,True,False,False,False,low,15,entire repaired test window is zero
9917,北京现代ix25,现代,SUV,False,54,11,11,2022-01-01,2022-12-01,2022-01-01,2022-12-01,0,1,1,42,11,0,0,0,18.916666666666668,unreviewed,not_reviewed,,,False,False,True,True,False,False,False,low,15,entire repaired test window is zero
22825,博瑞,吉利汽车,轿车,False,54,12,12,2022-01-01,2022-12-01,2022-01-01,2022-12-01,0,0,0,42,12,0,0,0,285.9166666666667,unreviewed,not_reviewed,,,False,False,True,True,False,False,False,low,15,entire repaired test window is zero
24794,名爵HS新能源,MG名爵,SUV,False,54,11,11,2022-01-01,2022-12-01,2022-01-01,2022-12-01,0,1,1,42,11,0,0,0,192.08333333333334,unreviewed,not_reviewed,,,False,False,True,True,False,False,False,low,15,entire repaired test window is zero
22923,大指挥官PHEV,Jeep,SUV,False,54,12,12,2022-01-01,2022-12-01,2022-01-01,2022-12-01,0,0,0,42,12,0,0,0,17.25,unreviewed,not_reviewed,,,False,False,True,True,False,False,False,low,15,entire repaired test window is zero
24053,大通D60,大通,SUV,False,54,33,33,2022-01-01,2024-12-01,2022-01-01,2024-12-01,0,3,1,18,33,0,0,0,8.083333333333334,unreviewed,not_reviewed,,,False,False,True,True,False,False,False,low,15,entire repaired test window is zero
22483,威马EX5,威马汽车,SUV,False,54,12,12,2022-01-01,2022-12-01,2022-01-01,2022-12-01,0,0,0,42,12,0,0,0,353.9166666666667,unreviewed,not_reviewed,,,False,False,True,True,False,False,False,low,15,entire repaired test window is zero
24895,宝骏RC-6,宝骏,轿车,False,54,8,8,2022-05-01,2022-12-01,2022-05-01,2022-12-01,4,0,0,42,8,0,0,0,2.5,unreviewed,not_reviewed,,,False,False,True,True,False,False,False,low,15,entire repaired test window is zero
23534,宝骏RS-5,宝骏,SUV,False,54,9,9,2022-03-01,2022-12-01,2022-03-01,2022-12-01,2,1,1,42,9,0,0,0,10.25,unreviewed,not_reviewed,,,False,False,True,True,False,False,False,low,15,entire repaired test window is zero
28725,思皓爱跑,思皓,轿车,False,54,18,18,2022-07-01,2023-12-01,2022-07-01,2023-12-01,6,0,0,30,18,0,0,0,284.6666666666667,unreviewed,not_reviewed,,,False,False,True,True,False,False,False,low,15,entire repaired test window is zero
12904,斯派卡,野马汽车,MPV,False,54,12,12,2022-01-01,2022-12-01,2022-01-01,2022-12-01,0,0,0,42,12,0,0,0,241.66666666666666,unreviewed,not_reviewed,,,False,False,True,True,False,False,False,low,15,entire repaired test window is zero
25542,斯派卡新能源,野马汽车,MPV,False,54,12,12,2022-01-01,2022-12-01,2022-01-01,2022-12-01,0,0,0,42,12,0,0,0,45.916666666666664,unreviewed,not_reviewed,,,False,False,True,True,False,False,False,low,15,entire repaired test window is zero
28726,无界PRO,奇瑞新能源,轿车,False,54,14,14,2022-11-01,2023-12-01,2022-11-01,2023-12-01,10,0,0,30,14,0,0,0,78.41666666666667,unreviewed,not_reviewed,,,False,False,True,True,False,False,False,low,15,entire repaired test window is zero
29412,极越07,极越,轿车,False,54,4,4,2024-09-01,2024-12-01,2024-09-01,2024-12-01,32,0,0,18,4,0,0,0,334.4166666666667,unreviewed,not_reviewed,,,False,False,True,True,False,False,False,low,15,entire repaired test window is zero
26012,海马6P,海马,SUV,False,54,1,1,2023-12-01,2023-12-01,2023-12-01,2023-12-01,23,0,0,30,1,0,0,0,1.1666666666666667,unreviewed,not_reviewed,,,False,False,True,True,False,False,False,low,15,entire repaired test window is zero
27464,玛奇朵DHT-PHEV,魏牌,SUV,False,54,11,11,2022-02-01,2022-12-01,2022-02-01,2022-12-01,1,0,0,42,11,0,0,0,116.25,unreviewed,not_reviewed,,,False,False,True,True,False,False,False,low,15,entire repaired test window is zero
22444,瑞虎3xe,奇瑞新能源,SUV,False,54,1,1,2022-12-01,2022-12-01,2022-12-01,2022-12-01,11,0,0,42,1,0,0,0,0.25,unreviewed,not_reviewed,,,False,False,True,True,False,False,False,low,15,entire repaired test window is zero
11342,英菲尼迪Q50L,英菲尼迪,轿车,False,54,21,21,2022-01-01,2023-12-01,2022-01-01,2023-12-01,0,3,2,30,21,0,0,0,218.25,unreviewed,not_reviewed,,,False,False,True,True,False,False,False,low,15,entire repaired test window is zero
26504,荣威i6 MAX,荣威,轿车,False,54,11,11,2023-01-01,2023-12-01,2023-01-01,2023-12-01,12,1,1,30,11,0,0,0,45.916666666666664,unreviewed,not_reviewed,,,False,False,True,True,False,False,False,low,15,entire repaired test window is zero
129,蓝鸟,日产,轿车,False,54,19,19,2022-02-01,2023-12-01,2022-02-01,2023-12-01,1,4,2,30,19,0,0,0,99.5,unreviewed,not_reviewed,,,False,False,True,True,False,False,False,low,15,entire repaired test window is zero
23535,野马EC60,野马汽车,SUV,False,54,10,10,2022-03-01,2022-12-01,2022-03-01,2022-12-01,2,0,0,42,10,0,0,0,22.416666666666668,unreviewed,not_reviewed,,,False,False,True,True,False,False,False,low,15,entire repaired test window is zero
22323,长安欧尚X70A,长安欧尚,SUV,False,54,10,10,2022-03-01,2022-12-01,2022-03-01,2022-12-01,2,0,0,42,10,0,0,0,117.58333333333333,unreviewed,not_reviewed,,,False,False,True,True,False,False,False,low,15,entire repaired test window is zero
24680,领动 插电混动,现代,轿车,False,54,12,12,2022-01-01,2022-12-01,2022-01-01,2022-12-01,0,0,0,42,12,0,0,0,39.916666666666664,unreviewed,not_reviewed,,,False,False,True,True,False,False,False,low,15,entire repaired test window is zero
30604,AION RT,埃安,轿车,True,54,21,21,2024-10-01,2026-06-01,2024-10-01,2026-06-01,33,0,0,0,9,24297,24297,0,4383.083333333333,unreviewed,not_reviewed,,,False,False,False,False,False,False,False,low,0,no prioritized anomaly
23867,AION S,埃安,轿车,True,54,54,54,2022-01-01,2026-06-01,2022-01-01,2026-06-01,0,0,0,0,42,13223,13223,0,2979.0,unreviewed,not_reviewed,,,False,False,False,False,False,False,False,low,0,no prioritized anomaly
30636,AION UT,埃安,轿车,True,54,17,17,2025-02-01,2026-06-01,2025-02-01,2026-06-01,37,0,0,0,5,11775,11775,0,3608.0,unreviewed,not_reviewed,,,False,False,False,False,False,False,False,low,0,no prioritized anomaly
30870,EO 羿欧,现代,SUV,True,54,9,9,2025-10-01,2026-06-01,2025-10-01,2026-06-01,45,0,0,0,0,487,487,0,87.08333333333333,unreviewed,not_reviewed,,,False,True,False,False,False,False,False,low,0,no prioritized anomaly
25600,ID.4 CROZZ,大众,SUV,True,54,54,54,2022-01-01,2026-06-01,2022-01-01,2026-06-01,0,0,0,0,42,3405,3405,0,1125.5833333333333,unreviewed,not_reviewed,,,False,False,False,False,False,False,False,low,0,no prioritized anomaly
26993,ID.4 X,大众,SUV,True,54,54,54,2022-01-01,2026-06-01,2022-01-01,2026-06-01,0,0,0,0,42,562,562,0,437.75,unreviewed,not_reviewed,,,False,False,False,False,False,False,False,low,0,no prioritized anomaly
30049,IQ傲歌,凯迪拉克,SUV,True,54,27,27,2024-04-01,2026-06-01,2024-04-01,2026-06-01,27,0,0,0,15,73,73,0,24.333333333333332,unreviewed,not_reviewed,,,False,False,False,False,False,False,False,low,0,no prioritized anomaly
28281,IQ锐歌,凯迪拉克,SUV,True,54,48,48,2022-07-01,2026-06-01,2022-07-01,2026-06-01,6,0,0,0,36,757,757,0,117.58333333333333,unreviewed,not_reviewed,,,False,False,False,False,False,False,False,low,0,no prioritized anomaly
28701,MG4,MG名爵,轿车,True,54,47,47,2022-08-01,2026-06-01,2022-08-01,2026-06-01,7,0,0,0,35,70753,70753,0,10194.833333333334,unreviewed,not_reviewed,,,False,False,False,False,False,False,False,low,0,no prioritized anomaly
3686,MG6,MG名爵,轿车,True,54,54,54,2022-01-01,2026-06-01,2022-01-01,2026-06-01,0,0,0,0,42,114,114,0,46.916666666666664,unreviewed,not_reviewed,,,False,False,False,False,False,False,False,low,0,no prioritized anomaly
1983,MG7,MG名爵,轿车,True,54,39,39,2023-04-01,2026-06-01,2023-04-01,2026-06-01,15,0,0,0,27,4445,4445,0,847.9166666666666,unreviewed,not_reviewed,,,False,False,False,False,False,False,False,low,0,no prioritized anomaly
30130,PATHFINDER探陆,日产,SUV,True,54,30,30,2024-01-01,2026-06-01,2024-01-01,2026-06-01,24,0,0,0,18,1338,1338,0,359.5,unreviewed,not_reviewed,,,False,False,False,False,False,False,False,low,0,no prioritized anomaly
27822,QQ冰淇淋,奇瑞新能源,轿车,True,54,54,54,2022-01-01,2026-06-01,2022-01-01,2026-06-01,0,0,0,0,42,4949,4949,0,1621.9166666666667,unreviewed,not_reviewed,,,False,False,False,False,False,False,False,low,0,no prioritized anomaly
3715,RAV4荣放,丰田,SUV,True,54,54,54,2022-01-01,2026-06-01,2022-01-01,2026-06-01,0,0,0,0,42,68874,68874,0,14658.25,unreviewed,not_reviewed,,,False,False,False,False,False,False,False,low,0,no prioritized anomaly
22663,T-ROC探歌,大众,SUV,True,54,54,54,2022-01-01,2026-06-01,2022-01-01,2026-06-01,0,0,0,0,42,13741,13741,0,3082.75,unreviewed,not_reviewed,,,False,False,False,False,False,False,False,low,0,no prioritized anomaly
30207,eπ007,东风奕派,轿车,True,54,28,28,2024-03-01,2026-06-01,2024-03-01,2026-06-01,26,0,0,0,16,6100,6100,0,1524.5,unreviewed,not_reviewed,,,False,False,False,False,False,False,False,low,0,no prioritized anomaly
26592,e爱丽舍,东风富康,轿车,True,54,52,52,2022-01-01,2026-06-01,2022-01-01,2026-06-01,0,2,2,0,40,3796,3796,0,535.6666666666666,unreviewed,not_reviewed,,,False,False,False,False,False,False,False,low,0,no prioritized anomaly
30673,firefly萤火虫,firefly萤火虫,轿车,True,54,15,15,2025-04-01,2026-06-01,2025-04-01,2026-06-01,39,0,0,0,3,28951,28951,0,4980.083333333333,unreviewed,not_reviewed,,,False,False,False,False,False,False,False,low,0,no prioritized anomaly
29236,世纪,别克,MPV,True,54,44,44,2022-11-01,2026-06-01,2022-11-01,2026-06-01,10,0,0,0,32,1614,1614,0,348.25,unreviewed,not_reviewed,,,False,False,False,False,False,False,False,low,0,no prioritized anomaly
30424,东风本田S7,本田,SUV,True,54,16,16,2025-03-01,2026-06-01,2025-03-01,2026-06-01,38,0,0,0,4,1710,1710,0,278.9166666666667,unreviewed,not_reviewed,,,False,False,False,False,False,False,False,low,0,no prioritized anomaly
29117,丰田bZ3,丰田,轿车,True,54,40,40,2023-03-01,2026-06-01,2023-03-01,2026-06-01,14,0,0,0,28,6132,6132,0,1338.25,unreviewed,not_reviewed,,,False,False,False,False,False,False,False,low,0,no prioritized anomaly
30455,丰田bZ5,丰田,SUV,True,54,14,14,2025-05-01,2026-06-01,2025-05-01,2026-06-01,40,0,0,0,2,5341,5341,0,1369.6666666666667,unreviewed,not_reviewed,,,False,False,False,False,False,False,False,low,0,no prioritized anomaly
28681,五菱佳辰,五菱,MPV,True,54,51,51,2022-04-01,2026-06-01,2022-04-01,2026-06-01,3,0,0,0,39,1639,1639,0,525.6666666666666,unreviewed,not_reviewed,,,False,False,False,False,False,False,False,low,0,no prioritized anomaly
27762,五菱征程,五菱,MPV,True,54,54,54,2022-01-01,2026-06-01,2022-01-01,2026-06-01,0,0,0,0,42,519,519,0,113.16666666666667,unreviewed,not_reviewed,,,False,False,False,False,False,False,False,low,0,no prioritized anomaly
30093,五菱星光,五菱,轿车,True,54,32,32,2023-11-01,2026-06-01,2023-11-01,2026-06-01,22,0,0,0,20,2257,2257,0,972.9166666666666,unreviewed,not_reviewed,,,False,False,False,False,False,False,False,low,0,no prioritized anomaly
28864,五菱星驰,五菱,SUV,True,54,46,46,2022-09-01,2026-06-01,2022-09-01,2026-06-01,8,0,0,0,34,1378,1378,0,427.5,unreviewed,not_reviewed,,,False,False,False,False,False,False,False,low,0,no prioritized anomaly
27042,亚洲狮,丰田,轿车,True,54,51,51,2022-01-01,2026-06-01,2022-01-01,2026-06-01,0,3,2,0,41,17,17,0,2.8333333333333335,unreviewed,not_reviewed,,,False,False,False,False,False,False,False,low,0,no prioritized anomaly
23627,亚洲龙,丰田,轿车,True,54,54,54,2022-01-01,2026-06-01,2022-01-01,2026-06-01,0,0,0,0,42,46376,46376,0,9777.666666666666,unreviewed,not_reviewed,,,False,False,False,False,False,False,False,low,0,no prioritized anomaly
2463,伊兰特,现代,轿车,True,54,54,54,2022-01-01,2026-06-01,2022-01-01,2026-06-01,0,0,0,0,42,21390,21390,0,4476.166666666667,unreviewed,not_reviewed,,,False,False,False,False,False,False,False,low,0,no prioritized anomaly
30061,传祺E8新能源,广汽传祺,MPV,True,54,33,33,2023-09-01,2026-06-01,2023-09-01,2026-06-01,20,1,1,0,21,8929,8929,0,1984.0833333333333,unreviewed,not_reviewed,,,False,False,False,False,False,False,False,low,0,no prioritized anomaly
22683,传祺M6,广汽传祺,MPV,True,54,54,54,2022-01-01,2026-06-01,2022-01-01,2026-06-01,0,0,0,0,42,11522,11522,0,2244.8333333333335,unreviewed,not_reviewed,,,False,False,False,False,False,False,False,low,0,no prioritized anomaly
4470,传祺M8,广汽传祺,MPV,True,54,54,54,2022-01-01,2026-06-01,2022-01-01,2026-06-01,0,0,0,0,42,29222,29222,0,4702.833333333333,unreviewed,not_reviewed,,,False,False,False,False,False,False,False,low,0,no prioritized anomaly
27808,元PLUS,比亚迪,SUV,True,54,54,54,2022-01-01,2026-06-01,2022-01-01,2026-06-01,0,0,0,0,42,25153,25153,0,6920.916666666667,unreviewed,not_reviewed,,,False,False,False,False,False,False,False,low,0,no prioritized anomaly
30301,元UP,比亚迪,SUV,True,54,28,28,2024-03-01,2026-06-01,2024-03-01,2026-06-01,26,0,0,0,16,82670,82670,0,16657.833333333332,unreviewed,not_reviewed,,,False,False,False,False,False,False,False,low,0,no prioritized anomaly
14252,冠道,本田,SUV,True,54,54,54,2022-01-01,2026-06-01,2022-01-01,2026-06-01,0,0,0,0,42,1932,1932,0,394.5833333333333,unreviewed,not_reviewed,,,False,False,False,False,False,False,False,low,0,no prioritized anomaly
26263,凌宝BOX,凌宝汽车,轿车,True,54,54,54,2022-01-01,2026-06-01,2022-01-01,2026-06-01,0,0,0,0,42,1534,1534,0,344.5833333333333,unreviewed,not_reviewed,,,False,False,False,False,False,False,False,low,0,no prioritized anomaly
27023,凌尚,丰田,轿车,True,54,53,53,2022-01-01,2026-06-01,2022-01-01,2026-06-01,0,1,1,0,42,59,59,0,35.416666666666664,unreviewed,not_reviewed,,,False,False,False,False,False,False,False,low,0,no prioritized anomaly
27803,凌放HARRIER,丰田,SUV,True,54,52,52,2022-01-01,2026-06-01,2022-01-01,2026-06-01,0,2,2,0,42,26,26,0,52.75,unreviewed,not_reviewed,,,False,False,False,False,False,False,False,low,0,no prioritized anomaly
10891,凌渡,大众,轿车,True,54,54,54,2022-01-01,2026-06-01,2022-01-01,2026-06-01,0,0,0,0,42,11549,11549,0,2492.3333333333335,unreviewed,not_reviewed,,,False,False,False,False,False,False,False,low,0,no prioritized anomaly
27461,凡尔赛C5 X,雪铁龙,轿车,True,54,54,54,2022-01-01,2026-06-01,2022-01-01,2026-06-01,0,0,0,0,42,6400,6400,0,1162.5,unreviewed,not_reviewed,,,False,False,False,False,False,False,False,low,0,no prioritized anomaly
31132,凯威德,凯迪拉克,SUV,True,54,3,3,2026-04-01,2026-06-01,2026-04-01,2026-06-01,51,0,0,0,0,313,313,0,26.083333333333332,unreviewed,not_reviewed,,,False,True,False,False,False,False,False,low,0,no prioritized anomaly
4550,凯美瑞,丰田,轿车,True,54,54,54,2022-01-01,2026-06-01,2022-01-01,2026-06-01,0,0,0,0,42,85981,85981,0,16375.666666666666,unreviewed,not_reviewed,,,False,False,False,False,False,False,False,low,0,no prioritized anomaly
28972,凯翼拾月,凯翼,轿车,True,54,31,31,2023-12-01,2026-06-01,2023-12-01,2026-06-01,23,0,0,0,19,2918,2918,0,446.0833333333333,unreviewed,not_reviewed,,,False,False,False,False,False,False,False,low,0,no prioritized anomaly
24885,凯迪拉克CT5,凯迪拉克,轿车,True,54,54,54,2022-01-01,2026-06-01,2022-01-01,2026-06-01,0,0,0,0,42,15366,15366,0,2725.0833333333335,unreviewed,not_reviewed,,,False,False,False,False,False,False,False,low,0,no prioritized anomaly
13635,凯迪拉克XT5,凯迪拉克,SUV,True,54,54,54,2022-01-01,2026-06-01,2022-01-01,2026-06-01,0,0,0,0,42,21683,21683,0,3722.25,unreviewed,not_reviewed,,,False,False,False,False,False,False,False,low,0,no prioritized anomaly
24164,凯迪拉克XT6,凯迪拉克,SUV,True,54,54,54,2022-01-01,2026-06-01,2022-01-01,2026-06-01,0,0,0,0,42,538,538,0,127.66666666666667,unreviewed,not_reviewed,,,False,False,False,False,False,False,False,low,0,no prioritized anomaly
29443,别克E4,别克,SUV,True,54,36,36,2023-06-01,2026-06-01,2023-06-01,2026-06-01,17,1,1,0,24,10,10,0,7.583333333333333,unreviewed,not_reviewed,,,False,False,False,False,False,False,False,low,0,no prioritized anomaly
106,别克GL8,别克,MPV,True,54,54,54,2022-01-01,2026-06-01,2022-01-01,2026-06-01,0,0,0,0,42,19653,19653,0,3768.5,unreviewed,not_reviewed,,,False,False,False,False,False,False,False,low,0,no prioritized anomaly
30413,别克GL8新能源,别克,MPV,True,54,25,25,2024-06-01,2026-06-01,2024-06-01,2026-06-01,29,0,0,0,13,15175,15175,0,4026.1666666666665,unreviewed,not_reviewed,,,False,False,False,False,False,False,False,low,0,no prioritized anomaly
4573,勇士,北汽制造,SUV,True,54,37,37,2023-06-01,2026-06-01,2023-06-01,2026-06-01,17,0,0,0,25,854,854,0,140.91666666666666,unreviewed,not_reviewed,,,False,False,False,False,False,False,False,low,0,no prioritized anomaly
22795,北京EU5,北京汽车,轿车,True,54,53,53,2022-01-01,2026-06-01,2022-01-01,2026-06-01,0,1,1,0,42,852,852,0,603.5,unreviewed,not_reviewed,,,False,False,False,False,False,False,False,low,0,no prioritized anomaly
4431,北京现代ix35,现代,SUV,True,54,54,54,2022-01-01,2026-06-01,2022-01-01,2026-06-01,0,0,0,0,42,681,681,0,204.5,unreviewed,not_reviewed,,,False,False,False,False,False,False,False,low,0,no prioritized anomaly
31178,博越REV,吉利汽车,SUV,True,54,4,4,2026-03-01,2026-06-01,2026-03-01,2026-06-01,50,0,0,0,0,1042,1042,0,86.83333333333333,unreviewed,not_reviewed,,,False,True,False,False,False,False,False,low,0,no prioritized anomaly
2734,卡罗拉,丰田,轿车,True,54,54,54,2022-01-01,2026-06-01,2022-01-01,2026-06-01,0,0,0,0,42,31428,31428,0,6326.333333333333,unreviewed,not_reviewed,,,False,False,False,False,False,False,False,low,0,no prioritized anomaly
28123,卡罗拉锐放,丰田,SUV,True,54,54,54,2022-01-01,2026-06-01,2022-01-01,2026-06-01,0,0,0,0,42,67793,67793,0,13990.75,unreviewed,not_reviewed,,,False,False,False,False,False,False,False,low,0,no prioritized anomaly
22969,吉利ICON,吉利汽车,SUV,True,54,54,54,2022-01-01,2026-06-01,2022-01-01,2026-06-01,0,0,0,0,42,4363,4363,0,1218.4166666666667,unreviewed,not_reviewed,,,False,False,False,False,False,False,False,low,0,no prioritized anomaly
29374,吉利熊猫,吉利银河,轿车,True,54,41,41,2023-02-01,2026-06-01,2023-02-01,2026-06-01,13,0,0,0,29,19933,19933,0,7565.166666666667,unreviewed,not_reviewed,,,False,False,False,False,False,False,False,low,0,no prioritized anomaly
3543,君威,别克,轿车,True,54,54,54,2022-01-01,2026-06-01,2022-01-01,2026-06-01,0,0,0,0,42,14219,14219,0,2946.0,unreviewed,not_reviewed,,,False,False,False,False,False,False,False,low,0,no prioritized anomaly
3745,君越,别克,轿车,True,54,54,54,2022-01-01,2026-06-01,2022-01-01,2026-06-01,0,0,0,0,42,27144,27144,0,4719.0,unreviewed,not_reviewed,,,False,False,False,False,False,False,False,low,0,no prioritized anomaly
21914,启辰D60,启辰,轿车,True,54,54,54,2022-01-01,2026-06-01,2022-01-01,2026-06-01,0,0,0,0,42,688,688,0,144.25,unreviewed,not_reviewed,,,False,False,False,False,False,False,False,low,0,no prioritized anomaly
9847,唐新能源,比亚迪,SUV,True,54,54,54,2022-01-01,2026-06-01,2022-01-01,2026-06-01,0,0,0,0,42,10224,10224,0,3446.3333333333335,unreviewed,not_reviewed,,,False,False,False,False,False,False,False,low,0,no prioritized anomaly
651,嘉华,起亚,MPV,True,54,54,54,2022-01-01,2026-06-01,2022-01-01,2026-06-01,0,0,0,0,42,439,439,0,86.58333333333333,unreviewed,not_reviewed,,,False,False,False,False,False,False,False,low,0,no prioritized anomaly
28005,型格,本田,轿车,True,54,54,54,2022-01-01,2026-06-01,2022-01-01,2026-06-01,0,0,0,0,42,1999,1999,0,748.0833333333334,unreviewed,not_reviewed,,,False,False,False,False,False,False,False,low,0,no prioritized anomaly
30990,埃尚,埃尚,轿车,True,54,4,4,2026-03-01,2026-06-01,2026-03-01,2026-06-01,50,0,0,0,0,1488,1488,0,124.0,unreviewed,not_reviewed,,,False,True,False,False,False,False,False,low,0,no prioritized anomaly
30571,夏,比亚迪,MPV,True,54,18,18,2025-01-01,2026-06-01,2025-01-01,2026-06-01,36,0,0,0,6,4101,4101,0,1155.1666666666667,unreviewed,not_reviewed,,,False,False,False,False,False,False,False,low,0,no prioritized anomaly
4517,大众CC,大众,轿车,True,54,54,54,2022-01-01,2026-06-01,2022-01-01,2026-06-01,0,0,0,0,42,5330,5330,0,1046.5,unreviewed,not_reviewed,,,False,False,False,False,False,False,False,low,0,no prioritized anomaly
25599,大众ID.3,大众,轿车,True,54,54,54,2022-01-01,2026-06-01,2022-01-01,2026-06-01,0,0,0,0,42,3904,3904,0,1587.8333333333333,unreviewed,not_reviewed,,,False,False,False,False,False,False,False,low,0,no prioritized anomaly
29642,大家7,大通,MPV,True,54,26,26,2024-05-01,2026-06-01,2024-05-01,2026-06-01,28,0,0,0,14,373,373,0,107.83333333333333,unreviewed,not_reviewed,,,False,False,False,False,False,False,False,low,0,no prioritized anomaly
27431,大家9,大通,MPV,True,54,49,49,2022-06-01,2026-06-01,2022-06-01,2026-06-01,5,0,0,0,37,651,651,0,113.33333333333333,unreviewed,not_reviewed,,,False,False,False,False,False,False,False,low,0,no prioritized anomaly
9312,大通G10,大通,MPV,True,54,53,53,2022-01-01,2026-06-01,2022-01-01,2026-06-01,0,1,1,0,41,980,980,0,217.33333333333334,unreviewed,not_reviewed,,,False,False,False,False,False,False,False,low,0,no prioritized anomaly
22554,大通G50,大通,MPV,True,54,54,54,2022-01-01,2026-06-01,2022-01-01,2026-06-01,0,0,0,0,42,1525,1525,0,374.1666666666667,unreviewed,not_reviewed,,,False,False,False,False,False,False,False,low,0,no prioritized anomaly
30056,大通G70,大通,MPV,True,54,26,26,2024-05-01,2026-06-01,2024-05-01,2026-06-01,28,0,0,0,14,88,88,0,13.416666666666666,unreviewed,not_reviewed,,,False,False,False,False,False,False,False,low,0,no prioritized anomaly
28271,大通G90,大通,MPV,True,54,48,48,2022-07-01,2026-06-01,2022-07-01,2026-06-01,6,0,0,0,36,89,89,0,21.666666666666668,unreviewed,not_reviewed,,,False,False,False,False,False,False,False,low,0,no prioritized anomaly
3195,天籁,日产,轿车,True,54,54,54,2022-01-01,2026-06-01,2022-01-01,2026-06-01,0,0,0,0,42,27222,27222,0,4964.583333333333,unreviewed,not_reviewed,,,False,False,False,False,False,False,False,low,0,no prioritized anomaly
3384,奇骏,日产,SUV,True,54,54,54,2022-01-01,2026-06-01,2022-01-01,2026-06-01,0,0,0,0,42,14767,14767,0,3358.9166666666665,unreviewed,not_reviewed,,,False,False,False,False,False,False,False,low,0,no prioritized anomaly
29713,奔腾小马,奔腾,轿车,True,54,26,26,2024-05-01,2026-06-01,2024-05-01,2026-06-01,28,0,0,0,14,26025,26025,0,7643.333333333333,unreviewed,not_reviewed,,,False,False,False,False,False,False,False,low,0,no prioritized anomaly
22951,奔驰A级,奔驰,轿车,True,54,54,54,2022-01-01,2026-06-01,2022-01-01,2026-06-01,0,0,0,0,42,1298,1298,0,688.75,unreviewed,not_reviewed,,,False,False,False,False,False,False,False,low,0,no prioritized anomaly
3178,奔驰C级,奔驰,轿车,True,54,54,54,2022-01-01,2026-06-01,2022-01-01,2026-06-01,0,0,0,0,42,40993,40993,0,7968.916666666667,unreviewed,not_reviewed,,,False,False,False,False,False,False,False,low,0,no prioritized anomaly
1603,奔驰E级,奔驰,轿车,True,54,54,54,2022-01-01,2026-06-01,2022-01-01,2026-06-01,0,0,0,0,42,61225,61225,0,10511.916666666666,unreviewed,not_reviewed,,,False,False,False,False,False,False,False,low,0,no prioritized anomaly
24905,奔驰GLB,奔驰,SUV,True,54,54,54,2022-01-01,2026-06-01,2022-01-01,2026-06-01,0,0,0,0,42,6084,6084,0,1691.75,unreviewed,not_reviewed,,,False,False,False,False,False,False,False,low,0,no prioritized anomaly
12975,奔驰GLC,奔驰,SUV,True,54,54,54,2022-01-01,2026-06-01,2022-01-01,2026-06-01,0,0,0,0,42,52537,52537,0,9413.5,unreviewed,not_reviewed,,,False,False,False,False,False,False,False,low,0,no prioritized anomaly
13360,奔驰V级,奔驰,MPV,True,54,54,54,2022-01-01,2026-06-01,2022-01-01,2026-06-01,0,0,0,0,42,1685,1685,0,558.4166666666666,unreviewed,not_reviewed,,,False,False,False,False,False,False,False,low,0,no prioritized anomaly
24417,奕炫,东风风神,轿车,True,54,54,54,2022-01-01,2026-06-01,2022-01-01,2026-06-01,0,0,0,0,42,5313,5313,0,779.25,unreviewed,not_reviewed,,,False,False,False,False,False,False,False,low,0,no prioritized anomaly
22943,奕跑,起亚,SUV,True,54,54,54,2022-01-01,2026-06-01,2022-01-01,2026-06-01,0,0,0,0,42,11439,11439,0,1803.0833333333333,unreviewed,not_reviewed,,,False,False,False,False,False,False,False,low,0,no prioritized anomaly
3565,奥德赛,本田,MPV,True,54,54,54,2022-01-01,2026-06-01,2022-01-01,2026-06-01,0,0,0,0,42,5878,5878,0,1261.0833333333333,unreviewed,not_reviewed,,,False,False,False,False,False,False,False,low,0,no prioritized anomaly
9550,奥迪A3,奥迪,轿车,True,54,54,54,2022-01-01,2026-06-01,2022-01-01,2026-06-01,0,0,0,0,42,34354,34354,0,5873.083333333333,unreviewed,not_reviewed,,,False,False,False,False,False,False,False,low,0,no prioritized anomaly
3524,奥迪A4L,奥迪,轿车,True,54,54,54,2022-01-01,2026-06-01,2022-01-01,2026-06-01,0,0,0,0,42,14181,14181,0,4431.166666666667,unreviewed,not_reviewed,,,False,False,False,False,False,False,False,low,0,no prioritized anomaly
30632,奥迪A5L,奥迪,轿车,True,54,11,11,2025-08-01,2026-06-01,2025-08-01,2026-06-01,43,0,0,0,0,22183,22183,0,3924.3333333333335,unreviewed,not_reviewed,,,False,True,False,False,False,False,False,low,0,no prioritized anomaly
30599,奥迪A5L Sportback,奥迪,轿车,True,54,12,12,2025-07-01,2026-06-01,2025-07-01,2026-06-01,42,0,0,0,0,8198,8198,0,1792.6666666666667,unreviewed,not_reviewed,,,False,True,False,False,False,False,False,low,0,no prioritized anomaly
4313,奥迪A6L,奥迪,轿车,True,54,54,54,2022-01-01,2026-06-01,2022-01-01,2026-06-01,0,0,0,0,42,59253,59253,0,12145.666666666666,unreviewed,not_reviewed,,,False,False,False,False,False,False,False,low,0,no prioritized anomaly
25801,奥迪A7L,奥迪,轿车,True,54,54,54,2022-01-01,2026-06-01,2022-01-01,2026-06-01,0,0,0,0,42,2325,2325,0,637.4166666666666,unreviewed,not_reviewed,,,False,False,False,False,False,False,False,low,0,no prioritized anomaly
30661,奥迪E5 Sportback,奥迪AUDI,轿车,True,54,11,11,2025-08-01,2026-06-01,2025-08-01,2026-06-01,43,0,0,0,0,4923,4923,0,964.4166666666666,unreviewed,not_reviewed,,,False,True,False,False,False,False,False,low,0,no prioritized anomaly
22543,奥迪Q2L,奥迪,SUV,True,54,54,54,2022-01-01,2026-06-01,2022-01-01,2026-06-01,0,0,0,0,42,2012,2012,0,417.1666666666667,unreviewed,not_reviewed,,,False,False,False,False,False,False,False,low,0,no prioritized anomaly
8670,奥迪Q3,奥迪,SUV,True,54,54,54,2022-01-01,2026-06-01,2022-01-01,2026-06-01,0,0,0,0,42,15050,15050,0,2667.6666666666665,unreviewed,not_reviewed,,,False,False,False,False,False,False,False,low,0,no prioritized anomaly
26902,奥迪Q3 Sportback,奥迪,SUV,True,54,54,54,2022-01-01,2026-06-01,2022-01-01,2026-06-01,0,0,0,0,42,659,659,0,159.5,unreviewed,not_reviewed,,,False,False,False,False,False,False,False,low,0,no prioritized anomaly
28384,奥迪Q4 e-tron,奥迪,SUV,True,54,47,47,2022-08-01,2026-06-01,2022-08-01,2026-06-01,7,0,0,0,35,2333,2333,0,375.25,unreviewed,not_reviewed,,,False,False,False,False,False,False,False,low,0,no prioritized anomaly
23054,奥迪Q5L,奥迪,SUV,True,54,54,54,2022-01-01,2026-06-01,2022-01-01,2026-06-01,0,0,0,0,42,51363,51363,0,9798.5,unreviewed,not_reviewed,,,False,False,False,False,False,False,False,low,0,no prioritized anomaly
27003,奥迪Q5L Sportback,奥迪,SUV,True,54,54,54,2022-01-01,2026-06-01,2022-01-01,2026-06-01,0,0,0,0,42,1762,1762,0,301.8333333333333,unreviewed,not_reviewed,,,False,False,False,False,False,False,False,low,0,no prioritized anomaly
30652,奥迪Q6L Sportback e-tron,奥迪,SUV,True,54,11,11,2025-08-01,2026-06-01,2025-08-01,2026-06-01,43,0,0,0,0,163,163,0,51.5,unreviewed,not_reviewed,,,False,True,False,False,False,False,False,low,0,no prioritized anomaly
30431,奥迪Q6L e-tron,奥迪,SUV,True,54,11,11,2025-08-01,2026-06-01,2025-08-01,2026-06-01,43,0,0,0,0,2528,2528,0,558.1666666666666,unreviewed,not_reviewed,,,False,True,False,False,False,False,False,low,0,no prioritized anomaly
25490,威兰达,丰田,SUV,True,54,54,54,2022-01-01,2026-06-01,2022-01-01,2026-06-01,0,0,0,0,42,43473,43473,0,8252.583333333334,unreviewed,not_reviewed,,,False,False,False,False,False,False,False,low,0,no prioritized anomaly
12381,威朗,别克,轿车,True,54,53,53,2022-01-01,2026-06-01,2022-01-01,2026-06-01,0,1,1,0,41,1470,1470,0,741.0,unreviewed,not_reviewed,,,False,False,False,False,False,False,False,low,0,no prioritized anomaly
25419,威然,大众,MPV,True,54,54,54,2022-01-01,2026-06-01,2022-01-01,2026-06-01,0,0,0,0,42,1902,1902,0,586.1666666666666,unreviewed,not_reviewed,,,False,False,False,False,False,False,False,low,0,no prioritized anomaly
4560,威霆,奔驰,MPV,True,54,54,54,2022-01-01,2026-06-01,2022-01-01,2026-06-01,0,0,0,0,42,1868,1868,0,547.5833333333334,unreviewed,not_reviewed,,,False,False,False,False,False,False,False,low,0,no prioritized anomaly
28006,威飒,丰田,SUV,True,54,52,52,2022-03-01,2026-06-01,2022-03-01,2026-06-01,2,0,0,0,40,59,59,0,94.25,unreviewed,not_reviewed,,,False,False,False,False,False,False,False,low,0,no prioritized anomaly
29661,宋L EV,比亚迪,SUV,True,54,31,31,2023-12-01,2026-06-01,2023-12-01,2026-06-01,23,0,0,0,19,1100,1100,0,433.0,unreviewed,not_reviewed,,,False,False,False,False,False,False,False,low,0,no prioritized anomaly
26406,宋PLUS新能源,比亚迪,SUV,True,54,54,54,2022-01-01,2026-06-01,2022-01-01,2026-06-01,0,0,0,0,42,1498,1498,0,5370.833333333333,unreviewed,not_reviewed,,,False,False,False,False,False,False,False,low,0,no prioritized anomaly
24638,宋Pro新能源,比亚迪,SUV,True,54,43,43,2022-12-01,2026-06-01,2022-12-01,2026-06-01,11,0,0,0,31,76298,76298,0,13068.25,unreviewed,not_reviewed,,,False,False,False,False,False,False,False,low,0,no prioritized anomaly
26211,宏光MINIEV,五菱,轿车,True,54,54,54,2022-01-01,2026-06-01,2022-01-01,2026-06-01,0,0,0,0,42,72799,72799,0,28111.166666666668,unreviewed,not_reviewed,,,False,False,False,False,False,False,False,low,0,no prioritized anomaly
3286,宝来,大众,轿车,True,54,54,54,2022-01-01,2026-06-01,2022-01-01,2026-06-01,0,0,0,0,42,26557,26557,0,5557.083333333333,unreviewed,not_reviewed,,,False,False,False,False,False,False,False,low,0,no prioritized anomaly
20583,宝马1系,宝马,轿车,True,54,53,53,2022-01-01,2026-06-01,2022-01-01,2026-06-01,0,1,1,0,41,17,17,0,5.916666666666667,unreviewed,not_reviewed,,,False,False,False,False,False,False,False,low,0,no prioritized anomaly
30547,宝马2系,宝马,轿车,True,54,18,18,2025-01-01,2026-06-01,2025-01-01,2026-06-01,36,0,0,0,6,2510,2510,0,605.75,unreviewed,not_reviewed,,,False,False,False,False,False,False,False,low,0,no prioritized anomaly
424,宝马3系,宝马,轿车,True,54,54,54,2022-01-01,2026-06-01,2022-01-01,2026-06-01,0,0,0,0,42,65448,65448,0,11817.833333333334,unreviewed,not_reviewed,,,False,False,False,False,False,False,False,low,0,no prioritized anomaly
441,宝马5系,宝马,轿车,True,54,54,54,2022-01-01,2026-06-01,2022-01-01,2026-06-01,0,0,0,0,42,48041,48041,0,8733.5,unreviewed,not_reviewed,,,False,False,False,False,False,False,False,low,0,no prioritized anomaly
7209,宝马X1,宝马,SUV,True,54,54,54,2022-01-01,2026-06-01,2022-01-01,2026-06-01,0,0,0,0,42,21969,21969,0,3882.5833333333335,unreviewed,not_reviewed,,,False,False,False,False,False,False,False,low,0,no prioritized anomaly
24785,宝马X2,宝马,SUV,True,54,53,53,2022-01-01,2026-06-01,2022-01-01,2026-06-01,0,1,1,0,42,24,24,0,7.75,unreviewed,not_reviewed,,,False,False,False,False,False,False,False,low,0,no prioritized anomaly
11244,宝马X3,宝马,SUV,True,54,54,54,2022-01-01,2026-06-01,2022-01-01,2026-06-01,0,0,0,0,42,39920,39920,0,7002.25,unreviewed,not_reviewed,,,False,False,False,False,False,False,False,low,0,no prioritized anomaly
28452,宝马X5,宝马,SUV,True,54,51,51,2022-04-01,2026-06-01,2022-04-01,2026-06-01,3,0,0,0,39,30133,30133,0,5449.416666666667,unreviewed,not_reviewed,,,False,False,False,False,False,False,False,low,0,no prioritized anomaly
28462,宝马i3,宝马,轿车,True,54,49,49,2022-06-01,2026-06-01,2022-06-01,2026-06-01,5,0,0,0,37,6345,6345,0,1380.25,unreviewed,not_reviewed,,,False,False,False,False,False,False,False,low,0,no prioritized anomaly
30081,宝马i5,宝马,轿车,True,54,30,30,2024-01-01,2026-06-01,2024-01-01,2026-06-01,24,0,0,0,18,1742,1742,0,451.0,unreviewed,not_reviewed,,,False,False,False,False,False,False,False,low,0,no prioritized anomaly
29701,宝马iX1,宝马,SUV,True,54,33,33,2023-10-01,2026-06-01,2023-10-01,2026-06-01,21,0,0,0,21,4638,4638,0,976.0833333333334,unreviewed,not_reviewed,,,False,False,False,False,False,False,False,low,0,no prioritized anomaly
26403,宝马iX3,宝马,SUV,True,54,54,54,2022-01-01,2026-06-01,2022-01-01,2026-06-01,0,0,0,0,42,167,167,0,73.83333333333333,unreviewed,not_reviewed,,,False,False,False,False,False,False,False,low,0,no prioritized anomaly
27591,宝骏KiWi EV,宝骏,轿车,True,54,52,52,2022-01-01,2026-06-01,2022-01-01,2026-06-01,0,2,1,0,42,72,72,0,28.916666666666668,unreviewed,not_reviewed,,,False,False,False,False,False,False,False,low,0,no prioritized anomaly
29425,小米SU7,小米汽车,轿车,True,54,27,27,2024-04-01,2026-06-01,2024-04-01,2026-06-01,27,0,0,0,15,80496,80496,0,15247.333333333334,unreviewed,not_reviewed,,,False,False,False,False,False,False,False,low,0,no prioritized anomaly
30174,小鹏MONA M03,小鹏,轿车,True,54,23,23,2024-08-01,2026-06-01,2024-08-01,2026-06-01,31,0,0,0,11,62312,62312,0,12608.833333333334,unreviewed,not_reviewed,,,False,False,False,False,False,False,False,low,0,no prioritized anomaly
24513,小鹏P7,小鹏,轿车,True,54,54,54,2022-01-01,2026-06-01,2022-01-01,2026-06-01,0,0,0,0,42,8790,8790,0,2395.5,unreviewed,not_reviewed,,,False,False,False,False,False,False,False,low,0,no prioritized anomaly
30372,小鹏P7+,小鹏,轿车,True,54,21,21,2024-10-01,2026-06-01,2024-10-01,2026-06-01,33,0,0,0,9,20696,20696,0,4319.666666666667,unreviewed,not_reviewed,,,False,False,False,False,False,False,False,low,0,no prioritized anomaly
29369,小鹏X9,小鹏,MPV,True,54,30,30,2024-01-01,2026-06-01,2024-01-01,2026-06-01,24,0,0,0,18,13324,13324,0,2062.0833333333335,unreviewed,not_reviewed,,,False,False,False,False,False,False,False,low,0,no prioritized anomaly
28371,岚图梦想家,岚图汽车,MPV,True,54,52,52,2022-03-01,2026-06-01,2022-03-01,2026-06-01,2,0,0,0,40,31940,31940,0,6260.916666666667,unreviewed,not_reviewed,,,False,False,False,False,False,False,False,low,0,no prioritized anomaly
31015,岚图追光L,岚图汽车,轿车,True,54,4,4,2026-03-01,2026-06-01,2026-03-01,2026-06-01,50,0,0,0,0,672,672,0,56.0,unreviewed,not_reviewed,,,False,True,False,False,False,False,False,low,0,no prioritized anomaly
99,帕萨特,大众,轿车,True,54,54,54,2022-01-01,2026-06-01,2022-01-01,2026-06-01,0,0,0,0,42,80040,80040,0,16000.75,unreviewed,not_reviewed,,,False,False,False,False,False,False,False,low,0,no prioritized anomaly
23463,帕萨特新能源,大众,轿车,True,54,54,54,2022-01-01,2026-06-01,2022-01-01,2026-06-01,0,0,0,0,42,3500,3500,0,655.5,unreviewed,not_reviewed,,,False,False,False,False,False,False,False,low,0,no prioritized anomaly
30423,广汽本田P7,本田,SUV,True,54,16,16,2025-03-01,2026-06-01,2025-03-01,2026-06-01,38,0,0,0,4,1162,1162,0,355.75,unreviewed,not_reviewed,,,False,False,False,False,False,False,False,low,0,no prioritized anomaly
27451,库斯途,现代,MPV,True,54,54,54,2022-01-01,2026-06-01,2022-01-01,2026-06-01,0,0,0,0,42,8301,8301,0,1477.8333333333333,unreviewed,not_reviewed,,,False,False,False,False,False,False,False,low,0,no prioritized anomaly
27011,影豹,广汽传祺,轿车,True,54,54,54,2022-01-01,2026-06-01,2022-01-01,2026-06-01,0,0,0,0,42,4139,4139,0,758.9166666666666,unreviewed,not_reviewed,,,False,False,False,False,False,False,False,low,0,no prioritized anomaly
22833,微蓝6,别克,轿车,True,54,54,54,2022-01-01,2026-06-01,2022-01-01,2026-06-01,0,0,0,0,42,854,854,0,221.5,unreviewed,not_reviewed,,,False,False,False,False,False,False,False,low,0,no prioritized anomaly
1726,思域,本田,轿车,True,54,54,54,2022-01-01,2026-06-01,2022-01-01,2026-06-01,0,0,0,0,42,11966,11966,0,3014.9166666666665,unreviewed,not_reviewed,,,False,False,False,False,False,False,False,low,0,no prioritized anomaly
30627,悦意03,奔腾,SUV,True,54,16,16,2025-03-01,2026-06-01,2025-03-01,2026-06-01,38,0,0,0,4,10934,10934,0,2663.8333333333335,unreviewed,not_reviewed,,,False,False,False,False,False,False,False,low,0,no prioritized anomaly
30706,悦意07,奔腾,SUV,True,54,14,14,2025-05-01,2026-06-01,2025-05-01,2026-06-01,40,0,0,0,2,992,992,0,385.6666666666667,unreviewed,not_reviewed,,,False,False,False,False,False,False,False,low,0,no prioritized anomaly
27552,护卫舰07,比亚迪,SUV,True,54,41,41,2022-12-01,2026-06-01,2022-12-01,2026-06-01,11,2,2,0,31,6,6,0,9.75,unreviewed,not_reviewed,,,False,False,False,False,False,False,False,low,0,no prioritized anomaly
22065,捷豹XEL,捷豹,轿车,True,54,54,54,2022-01-01,2026-06-01,2022-01-01,2026-06-01,0,0,0,0,42,27,27,0,338.75,unreviewed,not_reviewed,,,False,False,False,False,False,False,False,low,0,no prioritized anomaly
14113,捷豹XFL,捷豹,轿车,True,54,54,54,2022-01-01,2026-06-01,2022-01-01,2026-06-01,0,0,0,0,42,1903,1903,0,619.8333333333334,unreviewed,not_reviewed,,,False,False,False,False,False,False,False,low,0,no prioritized anomaly
24304,捷达VA3,捷达,轿车,True,54,54,54,2022-01-01,2026-06-01,2022-01-01,2026-06-01,0,0,0,0,42,13999,13999,0,2395.3333333333335,unreviewed,not_reviewed,,,False,False,False,False,False,False,False,low,0,no prioritized anomaly
30642,捷达VA7,捷达,轿车,True,54,19,19,2024-12-01,2026-06-01,2024-12-01,2026-06-01,35,0,0,0,7,637,637,0,296.9166666666667,unreviewed,not_reviewed,,,False,False,False,False,False,False,False,low,0,no prioritized anomaly
22813,探岳,大众,SUV,True,54,54,54,2022-01-01,2026-06-01,2022-01-01,2026-06-01,0,0,0,0,42,73469,73469,0,13670.083333333334,unreviewed,not_reviewed,,,False,False,False,False,False,False,False,low,0,no prioritized anomaly
24604,探岳X,大众,SUV,True,54,54,54,2022-01-01,2026-06-01,2022-01-01,2026-06-01,0,0,0,0,42,1311,1311,0,320.4166666666667,unreviewed,not_reviewed,,,False,False,False,False,False,False,False,low,0,no prioritized anomaly
21013,探界者,雪佛兰,SUV,True,54,52,52,2022-01-01,2026-06-01,2022-01-01,2026-06-01,0,2,1,0,42,22,22,0,16.833333333333332,unreviewed,not_reviewed,,,False,False,False,False,False,False,False,low,0,no prioritized anomaly
25901,探险者,福特,SUV,True,54,54,54,2022-01-01,2026-06-01,2022-01-01,2026-06-01,0,0,0,0,42,4284,4284,0,934.0833333333334,unreviewed,not_reviewed,,,False,False,False,False,False,False,False,low,0,no prioritized anomaly
24603,揽境,大众,SUV,True,54,54,54,2022-01-01,2026-06-01,2022-01-01,2026-06-01,0,0,0,0,42,3108,3108,0,738.25,unreviewed,not_reviewed,,,False,False,False,False,False,False,False,low,0,no prioritized anomaly
28793,揽巡,大众,SUV,True,54,45,45,2022-10-01,2026-06-01,2022-10-01,2026-06-01,9,0,0,0,33,9626,9626,0,1861.3333333333333,unreviewed,not_reviewed,,,False,False,False,False,False,False,False,low,0,no prioritized anomaly
11262,新帝豪,吉利汽车,轿车,True,54,54,54,2022-01-01,2026-06-01,2022-01-01,2026-06-01,0,0,0,0,42,56536,56536,0,9109.833333333334,unreviewed,not_reviewed,,,False,False,False,False,False,False,False,low,0,no prioritized anomaly
30862,日产N6,日产,轿车,True,54,8,8,2025-11-01,2026-06-01,2025-11-01,2026-06-01,46,0,0,0,0,13933,13933,0,1776.6666666666667,unreviewed,not_reviewed,,,False,True,False,False,False,False,False,low,0,no prioritized anomaly
30655,日产N7,日产,轿车,True,54,15,15,2025-04-01,2026-06-01,2025-04-01,2026-06-01,39,0,0,0,3,7446,7446,0,3578.3333333333335,unreviewed,not_reviewed,,,False,False,False,False,False,False,False,low,0,no prioritized anomaly
31118,日产NX8,日产,SUV,True,54,4,4,2026-03-01,2026-06-01,2026-03-01,2026-06-01,50,0,0,0,0,12211,12211,0,1017.5833333333334,unreviewed,not_reviewed,,,False,True,False,False,False,False,False,low,0,no prioritized anomaly
11081,昂科威,别克,SUV,True,54,54,54,2022-01-01,2026-06-01,2022-01-01,2026-06-01,0,0,0,0,42,51096,51096,0,9872.416666666666,unreviewed,not_reviewed,,,False,False,False,False,False,False,False,low,0,no prioritized anomaly
29362,昊铂GT,昊铂,轿车,True,54,37,37,2023-06-01,2026-06-01,2023-06-01,2026-06-01,17,0,0,0,25,130,130,0,81.41666666666667,unreviewed,not_reviewed,,,False,False,False,False,False,False,False,low,0,no prioritized anomaly
30393,星海S7,东风风行,轿车,True,54,22,22,2024-09-01,2026-06-01,2024-09-01,2026-06-01,32,0,0,0,10,4798,4798,0,1184.5833333333333,unreviewed,not_reviewed,,,False,False,False,False,False,False,False,low,0,no prioritized anomaly
31151,星海T5,东风风行,SUV,True,54,7,7,2025-12-01,2026-06-01,2025-12-01,2026-06-01,47,0,0,0,0,5567,5567,0,671.8333333333334,unreviewed,not_reviewed,,,False,True,False,False,False,False,False,low,0,no prioritized anomaly
29351,星海V9,东风风行,MPV,True,54,25,25,2024-06-01,2026-06-01,2024-06-01,2026-06-01,29,0,0,0,13,2482,2482,0,430.9166666666667,unreviewed,not_reviewed,,,False,False,False,False,False,False,False,low,0,no prioritized anomaly
24636,星瑞,吉利汽车,轿车,True,54,54,54,2022-01-01,2026-06-01,2022-01-01,2026-06-01,0,0,0,0,42,65657,65657,0,10063.25,unreviewed,not_reviewed,,,False,False,False,False,False,False,False,low,0,no prioritized anomaly
30198,星瑞L,吉利汽车,轿车,True,54,30,30,2023-10-01,2026-06-01,2023-10-01,2026-06-01,21,3,1,0,19,2324,2324,0,255.83333333333334,unreviewed,not_reviewed,,,False,False,False,False,False,False,False,low,0,no prioritized anomaly
27132,星越L,吉利汽车,SUV,True,54,54,54,2022-01-01,2026-06-01,2022-01-01,2026-06-01,0,0,0,0,42,77254,77254,0,14530.75,unreviewed,not_reviewed,,,False,False,False,False,False,False,False,low,0,no prioritized anomaly
30206,星越L 智擎,吉利汽车,SUV,True,54,17,17,2025-01-01,2026-06-01,2025-01-01,2026-06-01,36,1,1,0,6,5010,5010,0,478.3333333333333,unreviewed,not_reviewed,,,False,False,False,False,False,False,False,low,0,no prioritized anomaly
29521,星途ES,星途,轿车,True,54,31,31,2023-12-01,2026-06-01,2023-12-01,2026-06-01,23,0,0,0,19,814,814,0,359.3333333333333,unreviewed,not_reviewed,,,False,False,False,False,False,False,False,low,0,no prioritized anomaly
411,普拉多,丰田,SUV,True,54,24,24,2024-07-01,2026-06-01,2024-07-01,2026-06-01,30,0,0,0,12,8688,8688,0,1719.1666666666667,unreviewed,not_reviewed,,,False,False,False,False,False,False,False,low,0,no prioritized anomaly
30356,智己L6,智己汽车,轿车,True,54,27,27,2024-04-01,2026-06-01,2024-04-01,2026-06-01,27,0,0,0,15,5681,5681,0,1502.0,unreviewed,not_reviewed,,,False,False,False,False,False,False,False,low,0,no prioritized anomaly
27191,智己L7,智己汽车,轿车,True,54,49,49,2022-06-01,2026-06-01,2022-06-01,2026-06-01,5,0,0,0,37,67,67,0,12.166666666666666,unreviewed,not_reviewed,,,False,False,False,False,False,False,False,low,0,no prioritized anomaly
4553,智跑,起亚,SUV,True,54,54,54,2022-01-01,2026-06-01,2022-01-01,2026-06-01,0,0,0,0,42,223,223,0,84.75,unreviewed,not_reviewed,,,False,False,False,False,False,False,False,low,0,no prioritized anomaly
29541,曹操60,曹操汽车,轿车,True,54,36,36,2023-05-01,2026-06-01,2023-05-01,2026-06-01,16,2,2,0,26,508,508,0,525.5833333333334,unreviewed,not_reviewed,,,False,False,False,False,False,False,False,low,0,no prioritized anomaly
3225,朗逸,大众,轿车,True,54,54,54,2022-01-01,2026-06-01,2022-01-01,2026-06-01,0,0,0,0,42,100465,100465,0,19498.333333333332,unreviewed,not_reviewed,,,False,False,False,False,False,False,False,low,0,no prioritized anomaly
631,本田CR-V,本田,SUV,True,54,54,54,2022-01-01,2026-06-01,2022-01-01,2026-06-01,0,0,0,0,42,69089,69089,0,12648.333333333334,unreviewed,not_reviewed,,,False,False,False,False,False,False,False,low,0,no prioritized anomaly
28953,本田HR-V,本田,SUV,True,54,39,39,2023-04-01,2026-06-01,2023-04-01,2026-06-01,15,0,0,0,27,12155,12155,0,1363.4166666666667,unreviewed,not_reviewed,,,False,False,False,False,False,False,False,low,0,no prioritized anomaly
20934,本田UR-V,本田,SUV,True,54,54,54,2022-01-01,2026-06-01,2022-01-01,2026-06-01,0,0,0,0,42,990,990,0,221.91666666666666,unreviewed,not_reviewed,,,False,False,False,False,False,False,False,low,0,no prioritized anomaly
11382,本田XR-V,本田,SUV,True,54,54,54,2022-01-01,2026-06-01,2022-01-01,2026-06-01,0,0,0,0,42,1813,1813,0,301.75,unreviewed,not_reviewed,,,False,False,False,False,False,False,False,low,0,no prioritized anomaly
27421,极氪001,极氪,轿车,True,54,54,54,2022-01-01,2026-06-01,2022-01-01,2026-06-01,0,0,0,0,42,15002,15002,0,3204.8333333333335,unreviewed,not_reviewed,,,False,False,False,False,False,False,False,low,0,no prioritized anomaly
28991,极氪009,极氪,MPV,True,54,41,41,2023-02-01,2026-06-01,2023-02-01,2026-06-01,13,0,0,0,29,7086,7086,0,1276.3333333333333,unreviewed,not_reviewed,,,False,False,False,False,False,False,False,low,0,no prioritized anomaly
30094,极狐 阿尔法S5,ARCFOX极狐,轿车,True,54,30,30,2024-01-01,2026-06-01,2024-01-01,2026-06-01,24,0,0,0,18,21457,21457,0,2955.8333333333335,unreviewed,not_reviewed,,,False,False,False,False,False,False,False,low,0,no prioritized anomaly
29431,极狐考拉,ARCFOX极狐,MPV,True,54,35,35,2023-08-01,2026-06-01,2023-08-01,2026-06-01,19,0,0,0,23,764,764,0,612.75,unreviewed,not_reviewed,,,False,False,False,False,False,False,False,low,0,no prioritized anomaly
28261,林肯Z,林肯,轿车,True,54,50,50,2022-05-01,2026-06-01,2022-05-01,2026-06-01,4,0,0,0,38,5483,5483,0,1157.5,unreviewed,not_reviewed,,,False,False,False,False,False,False,False,low,0,no prioritized anomaly
20545,标致4008,标致,SUV,True,54,52,52,2022-01-01,2026-06-01,2022-01-01,2026-06-01,0,2,1,0,41,258,258,0,62.916666666666664,unreviewed,not_reviewed,,,False,False,False,False,False,False,False,low,0,no prioritized anomaly
4447,标致408,标致,轿车,True,54,53,53,2022-01-01,2026-06-01,2022-01-01,2026-06-01,0,1,1,0,41,4459,4459,0,684.5833333333334,unreviewed,not_reviewed,,,False,False,False,False,False,False,False,low,0,no prioritized anomaly
28881,标致408X,标致,轿车,True,54,39,39,2023-03-01,2026-06-01,2023-03-01,2026-06-01,14,1,1,0,27,165,165,0,34.75,unreviewed,not_reviewed,,,False,False,False,False,False,False,False,low,0,no prioritized anomaly
21224,标致5008,标致,SUV,True,54,54,54,2022-01-01,2026-06-01,2022-01-01,2026-06-01,0,0,0,0,42,814,814,0,146.66666666666666,unreviewed,not_reviewed,,,False,False,False,False,False,False,False,low,0,no prioritized anomaly
4715,标致508,标致,轿车,True,54,54,54,2022-01-01,2026-06-01,2022-01-01,2026-06-01,0,0,0,0,42,719,719,0,129.41666666666666,unreviewed,not_reviewed,,,False,False,False,False,False,False,False,low,0,no prioritized anomaly
28711,格瑞维亚,丰田,MPV,True,54,43,43,2022-12-01,2026-06-01,2022-12-01,2026-06-01,11,0,0,0,31,18067,18067,0,4591.0,unreviewed,not_reviewed,,,False,False,False,False,False,False,False,low,0,no prioritized anomaly
26572,欧拉好猫,欧拉,轿车,True,54,54,54,2022-01-01,2026-06-01,2022-01-01,2026-06-01,0,0,0,0,42,4757,4757,0,2236.25,unreviewed,not_reviewed,,,False,False,False,False,False,False,False,low,0,no prioritized anomaly
7739,欧诺S,长安凯程,MPV,True,54,54,54,2022-01-01,2026-06-01,2022-01-01,2026-06-01,0,0,0,0,42,3138,3138,0,692.0833333333334,unreviewed,not_reviewed,,,False,False,False,False,False,False,False,low,0,no prioritized anomaly
30914,比亚迪M9,比亚迪,MPV,True,54,10,10,2025-09-01,2026-06-01,2025-09-01,2026-06-01,44,0,0,0,0,51,51,0,26.0,unreviewed,not_reviewed,,,False,True,False,False,False,False,False,low,0,no prioritized anomaly
30728,比亚迪e7,比亚迪,轿车,True,54,13,13,2025-06-01,2026-06-01,2025-06-01,2026-06-01,41,0,0,0,1,11747,11747,0,2062.5833333333335,unreviewed,not_reviewed,,,False,False,False,False,False,False,False,low,0,no prioritized anomaly
27035,比亚迪e9,比亚迪,轿车,True,54,5,5,2026-02-01,2026-06-01,2026-02-01,2026-06-01,49,0,0,0,0,159,159,0,13.25,unreviewed,not_reviewed,,,False,True,False,False,False,False,False,low,0,no prioritized anomaly
25611,汉,比亚迪,轿车,True,54,54,54,2022-01-01,2026-06-01,2022-01-01,2026-06-01,0,0,0,0,42,17279,17279,0,5301.25,unreviewed,not_reviewed,,,False,False,False,False,False,False,False,low,0,no prioritized anomaly
30117,江淮QX PHEV,江淮,SUV,True,54,33,33,2023-09-01,2026-06-01,2023-09-01,2026-06-01,20,1,1,0,22,19,19,0,13.5,unreviewed,not_reviewed,,,False,False,False,False,False,False,False,low,0,no prioritized anomaly
30196,沃尔沃EM90,沃尔沃,MPV,True,54,25,25,2024-06-01,2026-06-01,2024-06-01,2026-06-01,29,0,0,0,13,116,116,0,58.833333333333336,unreviewed,not_reviewed,,,False,False,False,False,False,False,False,low,0,no prioritized anomaly
31183,沃尔沃ES90,沃尔沃,轿车,True,54,2,2,2026-05-01,2026-06-01,2026-05-01,2026-06-01,52,0,0,0,0,50,50,0,4.166666666666667,unreviewed,not_reviewed,,,False,True,False,False,False,False,False,low,0,no prioritized anomaly
9767,沃尔沃S60,沃尔沃,轿车,True,54,54,54,2022-01-01,2026-06-01,2022-01-01,2026-06-01,0,0,0,0,42,13165,13165,0,2176.3333333333335,unreviewed,not_reviewed,,,False,False,False,False,False,False,False,low,0,no prioritized anomaly
20543,沃尔沃S90,沃尔沃,轿车,True,54,54,54,2022-01-01,2026-06-01,2022-01-01,2026-06-01,0,0,0,0,42,5771,5771,0,1318.0833333333333,unreviewed,not_reviewed,,,False,False,False,False,False,False,False,low,0,no prioritized anomaly
22513,沃尔沃S90新能源,沃尔沃,轿车,True,54,54,54,2022-01-01,2026-06-01,2022-01-01,2026-06-01,0,0,0,0,42,142,142,0,125.5,unreviewed,not_reviewed,,,False,False,False,False,False,False,False,low,0,no prioritized anomaly
30704,海狮05EV,比亚迪,SUV,True,54,16,16,2025-03-01,2026-06-01,2025-03-01,2026-06-01,38,0,0,0,4,27984,27984,0,6840.5,unreviewed,not_reviewed,,,False,False,False,False,False,False,False,low,0,no prioritized anomaly
30836,海狮06EV,比亚迪,SUV,True,54,12,12,2025-07-01,2026-06-01,2025-07-01,2026-06-01,42,0,0,0,0,63270,63270,0,12817.666666666666,unreviewed,not_reviewed,,,False,True,False,False,False,False,False,low,0,no prioritized anomaly
30273,海狮07EV,比亚迪,SUV,True,54,26,26,2024-05-01,2026-06-01,2024-05-01,2026-06-01,28,0,0,0,14,977,977,0,747.4166666666666,unreviewed,not_reviewed,,,False,False,False,False,False,False,False,low,0,no prioritized anomaly
27496,海豚,比亚迪,轿车,True,54,54,54,2022-01-01,2026-06-01,2022-01-01,2026-06-01,0,0,0,0,42,69113,69113,0,13894.666666666666,unreviewed,not_reviewed,,,False,False,False,False,False,False,False,low,0,no prioritized anomaly
28011,海豹,比亚迪,轿车,True,54,47,47,2022-08-01,2026-06-01,2022-08-01,2026-06-01,7,0,0,0,35,431,431,0,175.66666666666666,unreviewed,not_reviewed,,,False,False,False,False,False,False,False,low,0,no prioritized anomaly
30374,海豹06DM-i,比亚迪,轿车,True,54,26,26,2024-05-01,2026-06-01,2024-05-01,2026-06-01,28,0,0,0,14,31561,31561,0,8737.25,unreviewed,not_reviewed,,,False,False,False,False,False,False,False,low,0,no prioritized anomaly
30794,海豹06EV,比亚迪,轿车,True,54,13,13,2025-06-01,2026-06-01,2025-06-01,2026-06-01,41,0,0,0,1,23838,23838,0,6254.75,unreviewed,not_reviewed,,,False,False,False,False,False,False,False,low,0,no prioritized anomaly
30439,海豹06GT,比亚迪,轿车,True,54,21,21,2024-10-01,2026-06-01,2024-10-01,2026-06-01,33,0,0,0,9,12731,12731,0,2486.5,unreviewed,not_reviewed,,,False,False,False,False,False,False,False,low,0,no prioritized anomaly
29582,海豹07DM-i,比亚迪,轿车,True,54,34,34,2023-09-01,2026-06-01,2023-09-01,2026-06-01,20,0,0,0,22,2967,2967,0,999.75,unreviewed,not_reviewed,,,False,False,False,False,False,False,False,low,0,no prioritized anomaly
31123,海豹07EV,比亚迪,轿车,True,54,3,3,2026-04-01,2026-06-01,2026-04-01,2026-06-01,51,0,0,0,0,1873,1873,0,156.08333333333334,unreviewed,not_reviewed,,,False,True,False,False,False,False,False,low,0,no prioritized anomaly
28871,海鸥,比亚迪,轿车,True,54,38,38,2023-05-01,2026-06-01,2023-05-01,2026-06-01,16,0,0,0,26,55105,55105,0,15929.083333333334,unreviewed,not_reviewed,,,False,False,False,False,False,False,False,low,0,no prioritized anomaly
30944,深蓝L06,深蓝汽车,轿车,True,54,9,9,2025-10-01,2026-06-01,2025-10-01,2026-06-01,45,0,0,0,0,28405,28405,0,3050.3333333333335,unreviewed,not_reviewed,,,False,True,False,False,False,False,False,low,0,no prioritized anomaly
30463,深蓝L07,深蓝汽车,轿车,True,54,22,22,2024-09-01,2026-06-01,2024-09-01,2026-06-01,32,0,0,0,10,4389,4389,0,1317.8333333333333,unreviewed,not_reviewed,,,False,False,False,False,False,False,False,low,0,no prioritized anomaly
27941,深蓝SL03,深蓝汽车,轿车,True,54,47,47,2022-08-01,2026-06-01,2022-08-01,2026-06-01,7,0,0,0,35,1575,1575,0,789.8333333333334,unreviewed,not_reviewed,,,False,False,False,False,False,False,False,low,0,no prioritized anomaly
30202,灵悉L,灵悉,轿车,True,54,22,22,2024-09-01,2026-06-01,2024-09-01,2026-06-01,32,0,0,0,10,214,214,0,276.25,unreviewed,not_reviewed,,,False,False,False,False,False,False,False,low,0,no prioritized anomaly
21624,焕驰,起亚,轿车,True,54,52,52,2022-01-01,2026-06-01,2022-01-01,2026-06-01,0,2,1,0,42,10,10,0,8.833333333333334,unreviewed,not_reviewed,,,False,False,False,False,False,False,False,low,0,no prioritized anomaly
30346,爱跑,江淮钇为,轿车,True,54,30,30,2024-01-01,2026-06-01,2024-01-01,2026-06-01,24,0,0,0,18,59,59,0,82.33333333333333,unreviewed,not_reviewed,,,False,False,False,False,False,False,False,low,0,no prioritized anomaly
28996,狮铂拓界,起亚,SUV,True,54,45,45,2022-10-01,2026-06-01,2022-10-01,2026-06-01,9,0,0,0,33,5151,5151,0,1209.0833333333333,unreviewed,not_reviewed,,,False,False,False,False,False,False,False,low,0,no prioritized anomaly
28995,理想MEGA,理想汽车,MPV,True,54,28,28,2024-03-01,2026-06-01,2024-03-01,2026-06-01,26,0,0,0,16,2843,2843,0,1298.25,unreviewed,not_reviewed,,,False,False,False,False,False,False,False,low,0,no prioritized anomaly
14373,瑞虎3x,奇瑞,SUV,True,54,54,54,2022-01-01,2026-06-01,2022-01-01,2026-06-01,0,0,0,0,42,4529,4529,0,1219.25,unreviewed,not_reviewed,,,False,False,False,False,False,False,False,low,0,no prioritized anomaly
22103,瑞虎5x,奇瑞,SUV,True,54,54,54,2022-01-01,2026-06-01,2022-01-01,2026-06-01,0,0,0,0,42,15795,15795,0,3655.6666666666665,unreviewed,not_reviewed,,,False,False,False,False,False,False,False,low,0,no prioritized anomaly
14068,瑞虎7,奇瑞,SUV,True,54,54,54,2022-01-01,2026-06-01,2022-01-01,2026-06-01,0,0,0,0,42,13365,13365,0,2972.5,unreviewed,not_reviewed,,,False,False,False,False,False,False,False,low,0,no prioritized anomaly
22674,瑞虎8,奇瑞,SUV,True,54,54,54,2022-01-01,2026-06-01,2022-01-01,2026-06-01,0,0,0,0,42,61320,61320,0,12590.833333333334,unreviewed,not_reviewed,,,False,False,False,False,False,False,False,low,0,no prioritized anomaly
29370,瑞虎9,奇瑞,SUV,True,54,37,37,2023-06-01,2026-06-01,2023-06-01,2026-06-01,17,0,0,0,25,24269,24269,0,4050.0833333333335,unreviewed,not_reviewed,,,False,False,False,False,False,False,False,low,0,no prioritized anomaly
28391,瑞风E3,江淮瑞风,MPV,True,54,49,49,2022-06-01,2026-06-01,2022-06-01,2026-06-01,5,0,0,0,37,966,966,0,137.16666666666666,unreviewed,not_reviewed,,,False,False,False,False,False,False,False,low,0,no prioritized anomaly
10901,瑞风M3,江淮瑞风,MPV,True,54,52,52,2022-03-01,2026-06-01,2022-03-01,2026-06-01,2,0,0,0,40,2193,2193,0,491.5833333333333,unreviewed,not_reviewed,,,False,False,False,False,False,False,False,low,0,no prioritized anomaly
30267,瑞风RF8,江淮瑞风,MPV,True,54,26,26,2024-05-01,2026-06-01,2024-05-01,2026-06-01,28,0,0,0,14,104,104,0,21.333333333333332,unreviewed,not_reviewed,,,False,False,False,False,False,False,False,low,0,no prioritized anomaly
29621,瑞风RF8新能源,江淮瑞风,MPV,True,54,26,26,2024-05-01,2026-06-01,2024-05-01,2026-06-01,28,0,0,0,14,699,699,0,94.83333333333333,unreviewed,not_reviewed,,,False,False,False,False,False,False,False,low,0,no prioritized anomaly
27393,皇冠陆放,丰田,SUV,True,54,54,54,2022-01-01,2026-06-01,2022-01-01,2026-06-01,0,0,0,0,42,20987,20987,0,4525.083333333333,unreviewed,not_reviewed,,,False,False,False,False,False,False,False,low,0,no prioritized anomaly
25152,皓影,本田,SUV,True,54,54,54,2022-01-01,2026-06-01,2022-01-01,2026-06-01,0,0,0,0,42,30199,30199,0,7702.916666666667,unreviewed,not_reviewed,,,False,False,False,False,False,False,False,low,0,no prioritized anomaly
27432,皓影新能源,本田,SUV,True,54,54,54,2022-01-01,2026-06-01,2022-01-01,2026-06-01,0,0,0,0,42,404,404,0,124.75,unreviewed,not_reviewed,,,False,False,False,False,False,False,False,low,0,no prioritized anomaly
30631,睿蓝8,睿蓝汽车,MPV,True,54,20,20,2024-11-01,2026-06-01,2024-11-01,2026-06-01,34,0,0,0,8,176,176,0,52.416666666666664,unreviewed,not_reviewed,,,False,False,False,False,False,False,False,low,0,no prioritized anomaly
3734,福瑞迪,起亚,轿车,True,54,54,54,2022-01-01,2026-06-01,2022-01-01,2026-06-01,0,0,0,0,42,3753,3753,0,659.9166666666666,unreviewed,not_reviewed,,,False,False,False,False,False,False,False,low,0,no prioritized anomaly
30359,秦L,比亚迪,轿车,True,54,26,26,2024-05-01,2026-06-01,2024-05-01,2026-06-01,28,0,0,0,14,53704,53704,0,15285.416666666666,unreviewed,not_reviewed,,,False,False,False,False,False,False,False,low,0,no prioritized anomaly
27043,秦PLUS,比亚迪,轿车,True,54,54,54,2022-01-01,2026-06-01,2022-01-01,2026-06-01,0,0,0,0,42,68369,68369,0,24340.083333333332,unreviewed,not_reviewed,,,False,False,False,False,False,False,False,low,0,no prioritized anomaly
8120,秦新能源,比亚迪,轿车,True,54,54,54,2022-01-01,2026-06-01,2022-01-01,2026-06-01,0,0,0,0,42,402,402,0,496.5,unreviewed,not_reviewed,,,False,False,False,False,False,False,False,low,0,no prioritized anomaly
11808,索纳塔,现代,轿车,True,54,54,54,2022-01-01,2026-06-01,2022-01-01,2026-06-01,0,0,0,0,42,5237,5237,0,1058.5,unreviewed,not_reviewed,,,False,False,False,False,False,False,False,low,0,no prioritized anomaly
27171,红旗E-QM5,红旗,轿车,True,54,54,54,2022-01-01,2026-06-01,2022-01-01,2026-06-01,0,0,0,0,42,16425,16425,0,4788.25,unreviewed,not_reviewed,,,False,False,False,False,False,False,False,low,0,no prioritized anomaly
29681,红旗EH7,红旗,轿车,True,54,29,29,2024-02-01,2026-06-01,2024-02-01,2026-06-01,25,0,0,0,17,709,709,0,161.16666666666666,unreviewed,not_reviewed,,,False,False,False,False,False,False,False,low,0,no prioritized anomaly
29098,红旗H5,红旗,轿车,True,54,45,45,2022-10-01,2026-06-01,2022-10-01,2026-06-01,9,0,0,0,33,53883,53883,0,11473.166666666666,unreviewed,not_reviewed,,,False,False,False,False,False,False,False,low,0,no prioritized anomaly
27471,红旗H5 PHEV,红旗,轿车,True,54,16,16,2025-03-01,2026-06-01,2025-03-01,2026-06-01,38,0,0,0,4,4864,4864,0,1292.0833333333333,unreviewed,not_reviewed,,,False,False,False,False,False,False,False,low,0,no prioritized anomaly
29214,红旗H6,红旗,轿车,True,54,40,40,2023-03-01,2026-06-01,2023-03-01,2026-06-01,14,0,0,0,28,5799,5799,0,1279.0833333333333,unreviewed,not_reviewed,,,False,False,False,False,False,False,False,low,0,no prioritized anomaly
25866,红旗H9,红旗,轿车,True,54,54,54,2022-01-01,2026-06-01,2022-01-01,2026-06-01,0,0,0,0,42,2656,2656,0,610.0,unreviewed,not_reviewed,,,False,False,False,False,False,False,False,low,0,no prioritized anomaly
28789,红旗HQ9,红旗,MPV,True,54,46,46,2022-09-01,2026-06-01,2022-09-01,2026-06-01,8,0,0,0,34,192,192,0,79.33333333333333,unreviewed,not_reviewed,,,False,False,False,False,False,False,False,low,0,no prioritized anomaly
29464,红旗HS3,红旗,SUV,True,54,36,36,2023-07-01,2026-06-01,2023-07-01,2026-06-01,18,0,0,0,24,3963,3963,0,1086.0833333333333,unreviewed,not_reviewed,,,False,False,False,False,False,False,False,low,0,no prioritized anomaly
30537,红旗HS3 PHEV,红旗,SUV,True,54,22,22,2024-09-01,2026-06-01,2024-09-01,2026-06-01,32,0,0,0,10,7773,7773,0,2452.3333333333335,unreviewed,not_reviewed,,,False,False,False,False,False,False,False,low,0,no prioritized anomaly
24184,红旗HS5,红旗,SUV,True,54,54,54,2022-01-01,2026-06-01,2022-01-01,2026-06-01,0,0,0,0,42,23652,23652,0,5405.583333333333,unreviewed,not_reviewed,,,False,False,False,False,False,False,False,low,0,no prioritized anomaly
30373,红旗HS7 PHEV,红旗,SUV,True,54,24,24,2024-07-01,2026-06-01,2024-07-01,2026-06-01,30,0,0,0,12,464,464,0,437.6666666666667,unreviewed,not_reviewed,,,False,False,False,False,False,False,False,low,0,no prioritized anomaly
28211,红旗国耀,红旗,SUV,True,54,30,30,2023-12-01,2026-06-01,2023-12-01,2026-06-01,23,1,1,0,18,26,26,0,4.25,unreviewed,not_reviewed,,,False,False,False,False,False,False,False,low,0,no prioritized anomaly
30453,红旗天工05,红旗,轿车,True,54,18,18,2025-01-01,2026-06-01,2025-01-01,2026-06-01,36,0,0,0,6,1852,1852,0,328.75,unreviewed,not_reviewed,,,False,False,False,False,False,False,False,low,0,no prioritized anomaly
30459,红旗天工06,红旗,SUV,True,54,16,16,2025-03-01,2026-06-01,2025-03-01,2026-06-01,38,0,0,0,4,463,463,0,157.75,unreviewed,not_reviewed,,,False,False,False,False,False,False,False,low,0,no prioritized anomaly
30120,纳米01,东风纳米,轿车,True,54,30,30,2024-01-01,2026-06-01,2024-01-01,2026-06-01,24,0,0,0,18,13439,13439,0,2552.4166666666665,unreviewed,not_reviewed,,,False,False,False,False,False,False,False,low,0,no prioritized anomaly
10791,缤智,本田,SUV,True,54,54,54,2022-01-01,2026-06-01,2022-01-01,2026-06-01,0,0,0,0,42,3075,3075,0,520.3333333333334,unreviewed,not_reviewed,,,False,False,False,False,False,False,False,low,0,no prioritized anomaly
22679,缤瑞,吉利汽车,轿车,True,54,54,54,2022-01-01,2026-06-01,2022-01-01,2026-06-01,0,0,0,0,42,4373,4373,0,597.8333333333334,unreviewed,not_reviewed,,,False,False,False,False,False,False,False,low,0,no prioritized anomaly
22894,缤越,吉利汽车,SUV,True,54,54,54,2022-01-01,2026-06-01,2022-01-01,2026-06-01,0,0,0,0,42,66359,66359,0,11396.416666666666,unreviewed,not_reviewed,,,False,False,False,False,False,False,False,low,0,no prioritized anomaly
30741,羿驰05,江铃集团新能源,轿车,True,54,2,2,2026-05-01,2026-06-01,2026-05-01,2026-06-01,52,0,0,0,0,329,329,0,27.416666666666668,unreviewed,not_reviewed,,,False,True,False,False,False,False,False,low,0,no prioritized anomaly
8000,胜达,现代,SUV,True,54,54,54,2022-01-01,2026-06-01,2022-01-01,2026-06-01,0,0,0,0,42,934,934,0,161.0,unreviewed,not_reviewed,,,False,False,False,False,False,False,False,low,0,no prioritized anomaly
28718,腾势D9,腾势,MPV,True,54,45,45,2022-10-01,2026-06-01,2022-10-01,2026-06-01,9,0,0,0,33,28226,28226,0,5688.833333333333,unreviewed,not_reviewed,,,False,False,False,False,False,False,False,low,0,no prioritized anomaly
7989,艾力绅,本田,MPV,True,54,54,54,2022-01-01,2026-06-01,2022-01-01,2026-06-01,0,0,0,0,42,1739,1739,0,416.25,unreviewed,not_reviewed,,,False,False,False,False,False,False,False,low,0,no prioritized anomaly
10660,艾瑞泽5,奇瑞,轿车,True,54,54,54,2022-01-01,2026-06-01,2022-01-01,2026-06-01,0,0,0,0,42,8422,8422,0,1809.8333333333333,unreviewed,not_reviewed,,,False,False,False,False,False,False,False,low,0,no prioritized anomaly
28700,艾瑞泽8,奇瑞,轿车,True,54,45,45,2022-10-01,2026-06-01,2022-10-01,2026-06-01,9,0,0,0,33,50390,50390,0,10973.333333333334,unreviewed,not_reviewed,,,False,False,False,False,False,False,False,low,0,no prioritized anomaly
22980,英仕派,本田,轿车,True,54,54,54,2022-01-01,2026-06-01,2022-01-01,2026-06-01,0,0,0,0,42,16078,16078,0,3868.9166666666665,unreviewed,not_reviewed,,,False,False,False,False,False,False,False,low,0,no prioritized anomaly
30129,荣威D5X DMH,荣威,SUV,True,54,28,28,2024-02-01,2026-06-01,2024-02-01,2026-06-01,25,1,1,0,16,76,76,0,148.16666666666666,unreviewed,not_reviewed,,,False,False,False,False,False,False,False,low,0,no prioritized anomaly
30716,荣威D6,荣威,轿车,True,54,15,15,2025-04-01,2026-06-01,2025-04-01,2026-06-01,39,0,0,0,3,8099,8099,0,2119.0833333333335,unreviewed,not_reviewed,,,False,False,False,False,False,False,False,low,0,no prioritized anomaly
30001,荣威D7,荣威,轿车,True,54,32,32,2023-11-01,2026-06-01,2023-11-01,2026-06-01,22,0,0,0,20,3690,3690,0,961.6666666666666,unreviewed,not_reviewed,,,False,False,False,False,False,False,False,low,0,no prioritized anomaly
23393,荣威i5,荣威,轿车,True,54,54,54,2022-01-01,2026-06-01,2022-01-01,2026-06-01,0,0,0,0,42,25219,25219,0,5649.5,unreviewed,not_reviewed,,,False,False,False,False,False,False,False,low,0,no prioritized anomaly
26445,荣威iMAX8,荣威,MPV,True,54,54,54,2022-01-01,2026-06-01,2022-01-01,2026-06-01,0,0,0,0,42,62,62,0,37.916666666666664,unreviewed,not_reviewed,,,False,False,False,False,False,False,False,low,0,no prioritized anomaly
28636,荣威iMAX8新能源,荣威,MPV,True,54,47,47,2022-08-01,2026-06-01,2022-08-01,2026-06-01,7,0,0,0,35,298,298,0,153.75,unreviewed,not_reviewed,,,False,False,False,False,False,False,False,low,0,no prioritized anomaly
4556,菱智,东风风行,MPV,True,54,53,53,2022-01-01,2026-06-01,2022-01-01,2026-06-01,0,1,1,0,41,5471,5471,0,1008.0833333333334,unreviewed,not_reviewed,,,False,False,False,False,False,False,False,low,0,no prioritized anomaly
2143,蒙迪欧,福特,轿车,True,54,54,54,2022-01-01,2026-06-01,2022-01-01,2026-06-01,0,0,0,0,42,12692,12692,0,2979.0833333333335,unreviewed,not_reviewed,,,False,False,False,False,False,False,False,low,0,no prioritized anomaly
28446,蔚来ET5,蔚来,轿车,True,54,46,46,2022-09-01,2026-06-01,2022-09-01,2026-06-01,8,0,0,0,34,4008,4008,0,994.0833333333334,unreviewed,not_reviewed,,,False,False,False,False,False,False,False,low,0,no prioritized anomaly
29995,蔚来ET5T,蔚来,轿车,True,54,37,37,2023-06-01,2026-06-01,2023-06-01,2026-06-01,17,0,0,0,25,12081,12081,0,3122.0,unreviewed,not_reviewed,,,False,False,False,False,False,False,False,low,0,no prioritized anomaly
24611,蔚来ET7,蔚来,轿车,True,54,52,52,2022-03-01,2026-06-01,2022-03-01,2026-06-01,2,0,0,0,40,96,96,0,116.25,unreviewed,not_reviewed,,,False,False,False,False,False,False,False,low,0,no prioritized anomaly
30321,蔚来ET9,蔚来,轿车,True,54,2,2,2026-05-01,2026-06-01,2026-05-01,2026-06-01,52,0,0,0,0,278,278,0,23.166666666666668,unreviewed,not_reviewed,,,False,True,False,False,False,False,False,low,0,no prioritized anomaly
29207,豪越L,吉利汽车,SUV,True,54,38,38,2023-04-01,2026-06-01,2023-04-01,2026-06-01,15,1,1,0,26,6257,6257,0,1072.6666666666667,unreviewed,not_reviewed,,,False,False,False,False,False,False,False,low,0,no prioritized anomaly
29561,赛图斯,起亚,SUV,True,54,39,39,2023-04-01,2026-06-01,2023-04-01,2026-06-01,15,0,0,0,27,8777,8777,0,1730.5,unreviewed,not_reviewed,,,False,False,False,False,False,False,False,low,0,no prioritized anomaly
27747,赛那SIENNA,丰田,MPV,True,54,54,54,2022-01-01,2026-06-01,2022-01-01,2026-06-01,0,0,0,0,42,42015,42015,0,7390.416666666667,unreviewed,not_reviewed,,,False,False,False,False,False,False,False,low,0,no prioritized anomaly
30091,起亚EV5,起亚,SUV,True,54,32,32,2023-11-01,2026-06-01,2023-11-01,2026-06-01,22,0,0,0,20,242,242,0,112.83333333333333,unreviewed,not_reviewed,,,False,False,False,False,False,False,False,low,0,no prioritized anomaly
7889,起亚K3,起亚,轿车,True,54,54,54,2022-01-01,2026-06-01,2022-01-01,2026-06-01,0,0,0,0,42,5736,5736,0,767.4166666666666,unreviewed,not_reviewed,,,False,False,False,False,False,False,False,low,0,no prioritized anomaly
7075,起亚K5凯酷,起亚,轿车,True,54,54,54,2022-01-01,2026-06-01,2022-01-01,2026-06-01,0,0,0,0,42,198,198,0,86.08333333333333,unreviewed,not_reviewed,,,False,False,False,False,False,False,False,low,0,no prioritized anomaly
28982,轩度EV,凯翼,轿车,True,54,21,21,2024-10-01,2026-06-01,2024-10-01,2026-06-01,33,0,0,0,9,735,735,0,106.08333333333333,unreviewed,not_reviewed,,,False,False,False,False,False,False,False,low,0,no prioritized anomaly
3996,轩逸,日产,轿车,True,54,54,54,2022-01-01,2026-06-01,2022-01-01,2026-06-01,0,0,0,0,42,95129,95129,0,23232.083333333332,unreviewed,not_reviewed,,,False,False,False,False,False,False,False,low,0,no prioritized anomaly
2824,迈腾,大众,轿车,True,54,54,54,2022-01-01,2026-06-01,2022-01-01,2026-06-01,0,0,0,0,42,76776,76776,0,15137.583333333334,unreviewed,not_reviewed,,,False,False,False,False,False,False,False,low,0,no prioritized anomaly
13877,迈锐宝XL,雪佛兰,轿车,True,54,54,54,2022-01-01,2026-06-01,2022-01-01,2026-06-01,0,0,0,0,42,2262,2262,0,274.8333333333333,unreviewed,not_reviewed,,,False,False,False,False,False,False,False,low,0,no prioritized anomaly
3127,逍客,日产,SUV,True,54,54,54,2022-01-01,2026-06-01,2022-01-01,2026-06-01,0,0,0,0,42,27478,27478,0,5922.916666666667,unreviewed,not_reviewed,,,False,False,False,False,False,False,False,low,0,no prioritized anomaly
678,途安,大众,MPV,True,54,52,52,2022-03-01,2026-06-01,2022-03-01,2026-06-01,2,0,0,0,40,509,509,0,57.166666666666664,unreviewed,not_reviewed,,,False,False,False,False,False,False,False,low,0,no prioritized anomaly
22815,途岳,大众,SUV,True,54,54,54,2022-01-01,2026-06-01,2022-01-01,2026-06-01,0,0,0,0,42,50822,50822,0,10647.083333333334,unreviewed,not_reviewed,,,False,False,False,False,False,False,False,low,0,no prioritized anomaly
20963,途昂,大众,SUV,True,54,54,54,2022-01-01,2026-06-01,2022-01-01,2026-06-01,0,0,0,0,42,11538,11538,0,2489.0833333333335,unreviewed,not_reviewed,,,False,False,False,False,False,False,False,low,0,no prioritized anomaly
1074,途胜L,现代,SUV,True,54,54,54,2022-01-01,2026-06-01,2022-01-01,2026-06-01,0,0,0,0,42,10175,10175,0,1989.6666666666667,unreviewed,not_reviewed,,,False,False,False,False,False,False,False,low,0,no prioritized anomaly
21172,途观L,大众,SUV,True,54,54,54,2022-01-01,2026-06-01,2022-01-01,2026-06-01,0,0,0,0,42,82806,82806,0,16209.75,unreviewed,not_reviewed,,,False,False,False,False,False,False,False,low,0,no prioritized anomaly
22814,途观L新能源,大众,SUV,True,54,53,53,2022-01-01,2026-06-01,2022-01-01,2026-06-01,0,1,1,0,42,506,506,0,84.41666666666667,unreviewed,not_reviewed,,,False,False,False,False,False,False,False,low,0,no prioritized anomaly
1633,速腾,大众,轿车,True,54,54,54,2022-01-01,2026-06-01,2022-01-01,2026-06-01,0,0,0,0,42,84591,84591,0,18437.75,unreviewed,not_reviewed,,,False,False,False,False,False,False,False,low,0,no prioritized anomaly
26101,逸动,长安,轿车,True,54,54,54,2022-01-01,2026-06-01,2022-01-01,2026-06-01,0,0,0,0,42,58634,58634,0,12384.916666666666,unreviewed,not_reviewed,,,False,False,False,False,False,False,False,low,0,no prioritized anomaly
29732,钇为3,江淮钇为,轿车,True,54,37,37,2023-05-01,2026-06-01,2023-05-01,2026-06-01,16,1,1,0,26,195,195,0,114.41666666666667,unreviewed,not_reviewed,,,False,False,False,False,False,False,False,low,0,no prioritized anomaly
30454,铂智3X,丰田,SUV,True,54,16,16,2025-03-01,2026-06-01,2025-03-01,2026-06-01,38,0,0,0,4,41518,41518,0,7661.166666666667,unreviewed,not_reviewed,,,False,False,False,False,False,False,False,low,0,no prioritized anomaly
30302,铂智4X,丰田,SUV,True,54,31,31,2023-11-01,2026-06-01,2023-11-01,2026-06-01,22,1,1,0,20,333,333,0,87.66666666666667,unreviewed,not_reviewed,,,False,False,False,False,False,False,False,low,0,no prioritized anomaly
30672,铂智7,丰田,轿车,True,54,4,4,2026-03-01,2026-06-01,2026-03-01,2026-06-01,50,0,0,0,0,10351,10351,0,862.5833333333334,unreviewed,not_reviewed,,,False,True,False,False,False,False,False,low,0,no prioritized anomaly
29481,银河E8,吉利银河,轿车,True,54,30,30,2024-01-01,2026-06-01,2024-01-01,2026-06-01,24,0,0,0,18,1277,1277,0,329.0833333333333,unreviewed,not_reviewed,,,False,False,False,False,False,False,False,low,0,no prioritized anomaly
31093,银河V900,吉利银河,MPV,True,54,7,7,2025-12-01,2026-06-01,2025-12-01,2026-06-01,47,0,0,0,0,2582,2582,0,235.41666666666666,unreviewed,not_reviewed,,,False,True,False,False,False,False,False,low,0,no prioritized anomaly
30935,银河星耀6,吉利银河,轿车,True,54,10,10,2025-09-01,2026-06-01,2025-09-01,2026-06-01,44,0,0,0,0,15231,15231,0,2703.3333333333335,unreviewed,not_reviewed,,,False,True,False,False,False,False,False,low,0,no prioritized anomaly
31010,银河星耀7,吉利银河,轿车,True,54,3,3,2026-04-01,2026-06-01,2026-04-01,2026-06-01,51,0,0,0,0,7797,7797,0,649.75,unreviewed,not_reviewed,,,False,True,False,False,False,False,False,low,0,no prioritized anomaly
28071,锋兰达,丰田,SUV,True,54,54,54,2022-01-01,2026-06-01,2022-01-01,2026-06-01,0,0,0,0,42,78625,78625,0,14073.75,unreviewed,not_reviewed,,,False,False,False,False,False,False,False,low,0,no prioritized anomaly
11607,锐界L,福特,SUV,True,54,54,54,2022-01-01,2026-06-01,2022-01-01,2026-06-01,0,0,0,0,42,10599,10599,0,2290.0,unreviewed,not_reviewed,,,False,False,False,False,False,False,False,low,0,no prioritized anomaly
29137,锐程PLUS,长安,轿车,True,54,45,45,2022-10-01,2026-06-01,2022-10-01,2026-06-01,9,0,0,0,33,21,21,0,32.333333333333336,unreviewed,not_reviewed,,,False,False,False,False,False,False,False,low,0,no prioritized anomaly
24504,锐际,福特,SUV,True,54,54,54,2022-01-01,2026-06-01,2022-01-01,2026-06-01,0,0,0,0,42,1225,1225,0,325.8333333333333,unreviewed,not_reviewed,,,False,False,False,False,False,False,False,low,0,no prioritized anomaly
24393,长安CS75 PLUS,长安,SUV,True,54,54,54,2022-01-01,2026-06-01,2022-01-01,2026-06-01,0,0,0,0,42,72962,72962,0,12364.25,unreviewed,not_reviewed,,,False,False,False,False,False,False,False,low,0,no prioritized anomaly
28707,长安Lumin,长安启源,轿车,True,54,50,50,2022-05-01,2026-06-01,2022-05-01,2026-06-01,4,0,0,0,38,11826,11826,0,8400.666666666666,unreviewed,not_reviewed,,,False,False,False,False,False,False,False,low,0,no prioritized anomaly
26841,长安UNI-K,长安,SUV,True,54,52,52,2022-01-01,2026-06-01,2022-01-01,2026-06-01,0,2,1,0,41,166,166,0,133.0,unreviewed,not_reviewed,,,False,False,False,False,False,False,False,low,0,no prioritized anomaly
28032,长安UNI-K 智电iDD,长安,SUV,True,54,47,47,2022-03-01,2026-06-01,2022-03-01,2026-06-01,2,5,2,0,39,7,7,0,3.4166666666666665,unreviewed,not_reviewed,,,False,False,False,False,False,False,False,low,0,no prioritized anomaly
25903,长安UNI-T,长安,SUV,True,54,54,54,2022-01-01,2026-06-01,2022-01-01,2026-06-01,0,0,0,0,42,102,102,0,102.0,unreviewed,not_reviewed,,,False,False,False,False,False,False,False,low,0,no prioritized anomaly
27881,长安UNI-V,长安,轿车,True,54,54,54,2022-01-01,2026-06-01,2022-01-01,2026-06-01,0,0,0,0,42,12613,12613,0,3363.8333333333335,unreviewed,not_reviewed,,,False,False,False,False,False,False,False,low,0,no prioritized anomaly
30365,长安UNI-Z新能源,长安,SUV,True,54,27,27,2024-04-01,2026-06-01,2024-04-01,2026-06-01,27,0,0,0,15,19808,19808,0,4790.083333333333,unreviewed,not_reviewed,,,False,False,False,False,False,False,False,low,0,no prioritized anomaly
30322,长安X5 PLUS,长安,SUV,True,54,17,17,2025-02-01,2026-06-01,2025-02-01,2026-06-01,37,0,0,0,5,50256,50256,0,8416.583333333334,unreviewed,not_reviewed,,,False,False,False,False,False,False,False,low,0,no prioritized anomaly
29653,长安启源A07,长安启源,轿车,True,54,34,34,2023-09-01,2026-06-01,2023-09-01,2026-06-01,20,0,0,0,22,9305,9305,0,2866.6666666666665,unreviewed,not_reviewed,,,False,False,False,False,False,False,False,low,0,no prioritized anomaly
30626,长安欧尚520,长安欧尚,轿车,True,54,15,15,2025-04-01,2026-06-01,2025-04-01,2026-06-01,39,0,0,0,3,2668,2668,0,961.6666666666666,unreviewed,not_reviewed,,,False,False,False,False,False,False,False,low,0,no prioritized anomaly
90,雅阁,本田,轿车,True,54,54,54,2022-01-01,2026-06-01,2022-01-01,2026-06-01,0,0,0,0,42,40401,40401,0,10231.75,unreviewed,not_reviewed,,,False,False,False,False,False,False,False,low,0,no prioritized anomaly
30816,零跑B01,零跑汽车,轿车,True,54,13,13,2025-06-01,2026-06-01,2025-06-01,2026-06-01,41,0,0,0,1,21466,21466,0,7314.833333333333,unreviewed,not_reviewed,,,False,False,False,False,False,False,False,low,0,no prioritized anomaly
30983,零跑Lafa5,零跑汽车,轿车,True,54,9,9,2025-10-01,2026-06-01,2025-10-01,2026-06-01,45,0,0,0,0,20044,20044,0,3150.6666666666665,unreviewed,not_reviewed,,,False,True,False,False,False,False,False,low,0,no prioritized anomaly
25653,零跑T03,零跑汽车,轿车,True,54,54,54,2022-01-01,2026-06-01,2022-01-01,2026-06-01,0,0,0,0,42,3773,3773,0,1771.5,unreviewed,not_reviewed,,,False,False,False,False,False,False,False,low,0,no prioritized anomaly
10801,雷凌,丰田,轿车,True,54,54,54,2022-01-01,2026-06-01,2022-01-01,2026-06-01,0,0,0,0,42,2626,2626,0,1138.0833333333333,unreviewed,not_reviewed,,,False,False,False,False,False,False,False,low,0,no prioritized anomaly
21568,领克03,领克,轿车,True,54,54,54,2022-01-01,2026-06-01,2022-01-01,2026-06-01,0,0,0,0,42,23160,23160,0,4107.333333333333,unreviewed,not_reviewed,,,False,False,False,False,False,False,False,low,0,no prioritized anomaly
30358,领克07,领克,轿车,True,54,26,26,2024-05-01,2026-06-01,2024-05-01,2026-06-01,28,0,0,0,14,12175,12175,0,2406.0,unreviewed,not_reviewed,,,False,False,False,False,False,False,False,low,0,no prioritized anomaly
30905,领克10,领克,轿车,True,54,11,11,2025-08-01,2026-06-01,2025-08-01,2026-06-01,43,0,0,0,0,18023,18023,0,3603.8333333333335,unreviewed,not_reviewed,,,False,True,False,False,False,False,False,low,0,no prioritized anomaly
30262,风云A9L,奇瑞风云,轿车,True,54,12,12,2025-07-01,2026-06-01,2025-07-01,2026-06-01,42,0,0,0,0,13354,13354,0,5364.0,unreviewed,not_reviewed,,,False,True,False,False,False,False,False,low,0,no prioritized anomaly
12985,风光330,东风风光,MPV,True,54,53,53,2022-01-01,2026-06-01,2022-01-01,2026-06-01,0,1,1,0,41,58,58,0,17.083333333333332,unreviewed,not_reviewed,,,False,False,False,False,False,False,False,low,0,no prioritized anomaly
28692,风光380,东风风光,MPV,True,54,51,51,2022-03-01,2026-06-01,2022-03-01,2026-06-01,2,1,1,0,39,271,271,0,67.08333333333333,unreviewed,not_reviewed,,,False,False,False,False,False,False,False,low,0,no prioritized anomaly
29241,风光E380,东风风光,MPV,True,54,41,41,2022-11-01,2026-06-01,2022-11-01,2026-06-01,10,3,2,0,30,20,20,0,11.416666666666666,unreviewed,not_reviewed,,,False,False,False,False,False,False,False,low,0,no prioritized anomaly
29146,飞凡F7,飞凡汽车,轿车,True,54,39,39,2023-03-01,2026-06-01,2023-03-01,2026-06-01,14,1,1,0,28,962,962,0,151.16666666666666,unreviewed,not_reviewed,,,False,False,False,False,False,False,False,low,0,no prioritized anomaly
10280,马自达3 昂克赛拉,马自达,轿车,True,54,54,54,2022-01-01,2026-06-01,2022-01-01,2026-06-01,0,0,0,0,42,3583,3583,0,794.5,unreviewed,not_reviewed,,,False,False,False,False,False,False,False,low,0,no prioritized anomaly
30443,马自达EZ-6,马自达,轿车,True,54,20,20,2024-11-01,2026-06-01,2024-11-01,2026-06-01,34,0,0,0,8,8199,8199,0,1685.5833333333333,unreviewed,not_reviewed,,,False,False,False,False,False,False,False,low,0,no prioritized anomaly
27924,驱逐舰05,比亚迪,轿车,True,54,52,52,2022-03-01,2026-06-01,2022-03-01,2026-06-01,2,0,0,0,40,4388,4388,0,3913.3333333333335,unreviewed,not_reviewed,,,False,False,False,False,False,False,False,low,0,no prioritized anomaly
5045,骐达,日产,轿车,True,54,54,54,2022-01-01,2026-06-01,2022-01-01,2026-06-01,0,0,0,0,42,495,495,0,140.91666666666666,unreviewed,not_reviewed,,,False,False,False,False,False,False,False,low,0,no prioritized anomaly
4437,高尔夫,大众,轿车,True,54,54,54,2022-01-01,2026-06-01,2022-01-01,2026-06-01,0,0,0,0,42,7498,7498,0,1851.6666666666667,unreviewed,not_reviewed,,,False,False,False,False,False,False,False,low,0,no prioritized anomaly
30566,高尔夫GTI,大众,轿车,True,54,14,14,2025-05-01,2026-06-01,2025-05-01,2026-06-01,40,0,0,0,2,982,982,0,165.58333333333334,unreviewed,not_reviewed,,,False,False,False,False,False,False,False,low,0,no prioritized anomaly
29651,魏牌 高山,魏牌,MPV,True,54,32,32,2023-11-01,2026-06-01,2023-11-01,2026-06-01,22,0,0,0,20,34227,34227,0,7004.416666666667,unreviewed,not_reviewed,,,False,False,False,False,False,False,False,low,0,no prioritized anomaly
30835,ID.ERA 9X,大众,SUV,False,54,3,3,2026-04-01,2026-06-01,2026-04-01,2026-06-01,51,0,0,0,0,10347,10347,0,862.25,unreviewed,not_reviewed,,,False,True,False,False,False,False,False,low,0,no prioritized anomaly
31221,MG 4X,MG名爵,SUV,False,54,2,2,2026-05-01,2026-06-01,2026-05-01,2026-06-01,52,0,0,0,0,4004,4004,0,333.6666666666667,unreviewed,not_reviewed,,,False,True,False,False,False,False,False,low,0,no prioritized anomaly
27404,MG Cyberster,MG名爵,轿车,False,54,30,30,2023-12-01,2026-06-01,2023-12-01,2026-06-01,23,1,1,0,18,33,33,0,20.333333333333332,unreviewed,not_reviewed,,,False,False,False,False,False,False,False,low,0,no prioritized anomaly
30535,MG ES5,MG名爵,SUV,False,54,20,20,2024-11-01,2026-06-01,2024-11-01,2026-06-01,34,0,0,0,8,439,439,0,234.83333333333334,unreviewed,not_reviewed,,,False,False,False,False,False,False,False,low,0,no prioritized anomaly
7195,MG5,MG名爵,轿车,False,54,54,54,2022-01-01,2026-06-01,2022-01-01,2026-06-01,0,0,0,0,42,13612,13612,0,3366.0833333333335,unreviewed,not_reviewed,,,False,False,False,False,False,False,False,low,0,no prioritized anomaly
29761,e:NP2 极湃2,本田,SUV,False,54,25,25,2024-05-01,2026-06-01,2024-05-01,2026-06-01,28,1,1,0,14,30,30,0,145.0,unreviewed,not_reviewed,,,False,False,False,False,False,False,False,low,0,no prioritized anomaly
31114,smart精灵#6 EHD,smart,轿车,False,54,2,2,2026-05-01,2026-06-01,2026-05-01,2026-06-01,52,0,0,0,0,331,331,0,27.583333333333332,unreviewed,not_reviewed,,,False,True,False,False,False,False,False,low,0,no prioritized anomaly
31134,五菱星光560,五菱,SUV,False,54,7,7,2025-12-01,2026-06-01,2025-12-01,2026-06-01,47,0,0,0,0,18799,18799,0,1596.3333333333333,unreviewed,not_reviewed,,,False,True,False,False,False,False,False,low,0,no prioritized anomaly
30926,五菱星光560新能源,五菱,SUV,False,54,7,7,2025-12-01,2026-06-01,2025-12-01,2026-06-01,47,0,0,0,0,5084,5084,0,494.3333333333333,unreviewed,not_reviewed,,,False,True,False,False,False,False,False,low,0,no prioritized anomaly
30919,五菱星光730,五菱,MPV,False,54,9,9,2025-10-01,2026-06-01,2025-10-01,2026-06-01,45,0,0,0,0,17619,17619,0,1970.9166666666667,unreviewed,not_reviewed,,,False,True,False,False,False,False,False,low,0,no prioritized anomaly
30906,五菱星光730新能源,五菱,MPV,False,54,9,9,2025-10-01,2026-06-01,2025-10-01,2026-06-01,45,0,0,0,0,18039,18039,0,2571.3333333333335,unreviewed,not_reviewed,,,False,True,False,False,False,False,False,low,0,no prioritized anomaly
30489,五菱星光S,五菱,SUV,False,54,24,24,2024-07-01,2026-06-01,2024-07-01,2026-06-01,30,0,0,0,12,954,954,0,822.3333333333334,unreviewed,not_reviewed,,,False,False,False,False,False,False,False,low,0,no prioritized anomaly
31120,五菱缤果Pro,五菱,轿车,False,54,2,2,2026-05-01,2026-06-01,2026-05-01,2026-06-01,52,0,0,0,0,27811,27811,0,2317.5833333333335,unreviewed,not_reviewed,,,False,True,False,False,False,False,False,low,0,no prioritized anomaly
30916,五菱缤果S,五菱,轿车,False,54,10,10,2025-09-01,2026-06-01,2025-09-01,2026-06-01,44,0,0,0,0,38100,38100,0,7660.0,unreviewed,not_reviewed,,,False,True,False,False,False,False,False,low,0,no prioritized anomaly
30392,享界S9,鸿蒙智行,轿车,False,54,21,21,2024-10-01,2026-06-01,2024-10-01,2026-06-01,33,0,0,0,9,6437,6437,0,1194.5833333333333,unreviewed,not_reviewed,,,False,False,False,False,False,False,False,low,0,no prioritized anomaly
30923,享界S9T,鸿蒙智行,轿车,False,54,10,10,2025-09-01,2026-06-01,2025-09-01,2026-06-01,44,0,0,0,0,14607,14607,0,2731.8333333333335,unreviewed,not_reviewed,,,False,True,False,False,False,False,False,low,0,no prioritized anomaly
30352,仰望U7,仰望,轿车,False,54,2,2,2026-05-01,2026-06-01,2026-05-01,2026-06-01,52,0,0,0,0,213,213,0,17.75,unreviewed,not_reviewed,,,False,True,False,False,False,False,False,low,0,no prioritized anomaly
29571,传祺E9,广汽传祺,MPV,False,54,39,39,2023-04-01,2026-06-01,2023-04-01,2026-06-01,15,0,0,0,27,350,350,0,155.25,unreviewed,not_reviewed,,,False,False,False,False,False,False,False,low,0,no prioritized anomaly
30536,吉利星愿,吉利银河,轿车,False,54,22,22,2024-09-01,2026-06-01,2024-09-01,2026-06-01,32,0,0,0,10,194159,194159,0,37916.166666666664,unreviewed,not_reviewed,,,False,False,False,False,False,False,False,low,0,no prioritized anomaly
30724,唐L,比亚迪,SUV,False,54,15,15,2025-04-01,2026-06-01,2025-04-01,2026-06-01,39,0,0,0,3,4075,4075,0,2012.1666666666667,unreviewed,not_reviewed,,,False,False,False,False,False,False,False,low,0,no prioritized anomaly
30861,大唐,比亚迪,SUV,False,54,1,1,2026-06-01,2026-06-01,2026-06-01,2026-06-01,53,0,0,0,0,2451,2451,0,204.25,unreviewed,not_reviewed,,,False,True,False,False,False,False,False,low,0,no prioritized anomaly
30791,大通G50插电混动,大通,MPV,False,54,16,16,2025-03-01,2026-06-01,2025-03-01,2026-06-01,38,0,0,0,4,569,569,0,184.91666666666666,unreviewed,not_reviewed,,,False,False,False,False,False,False,False,low,0,no prioritized anomaly
13168,奇瑞QQ3EV,奇瑞新能源,轿车,False,54,3,3,2026-04-01,2026-06-01,2026-04-01,2026-06-01,51,0,0,0,0,27541,27541,0,2295.0833333333335,unreviewed,not_reviewed,,,False,True,False,False,False,False,False,low,0,no prioritized anomaly
30526,宋L DM-i,比亚迪,SUV,False,54,24,24,2024-07-01,2026-06-01,2024-07-01,2026-06-01,30,0,0,0,12,27232,27232,0,7594.333333333333,unreviewed,not_reviewed,,,False,False,False,False,False,False,False,low,0,no prioritized anomaly
31161,宋Ultra,比亚迪,SUV,False,54,4,4,2026-03-01,2026-06-01,2026-03-01,2026-06-01,50,0,0,0,0,28538,28538,0,2378.1666666666665,unreviewed,not_reviewed,,,False,True,False,False,False,False,False,low,0,no prioritized anomaly
30548,宝骏享境,宝骏,轿车,False,54,15,15,2025-04-01,2026-06-01,2025-04-01,2026-06-01,39,0,0,0,3,1412,1412,0,204.41666666666666,unreviewed,not_reviewed,,,False,False,False,False,False,False,False,low,0,no prioritized anomaly
30647,尊界S800,鸿蒙智行,轿车,False,54,2,2,2026-05-01,2026-06-01,2026-05-01,2026-06-01,52,0,0,0,0,1531,1531,0,127.58333333333333,unreviewed,not_reviewed,,,False,True,False,False,False,False,False,low,0,no prioritized anomaly
31153,尚界Z7,鸿蒙智行,轿车,False,54,3,3,2026-04-01,2026-06-01,2026-04-01,2026-06-01,51,0,0,0,0,7624,7624,0,635.3333333333334,unreviewed,not_reviewed,,,False,True,False,False,False,False,False,low,0,no prioritized anomaly
31193,尚界Z7T,鸿蒙智行,轿车,False,54,3,3,2026-04-01,2026-06-01,2026-04-01,2026-06-01,51,0,0,0,0,5264,5264,0,438.6666666666667,unreviewed,not_reviewed,,,False,True,False,False,False,False,False,low,0,no prioritized anomaly
30840,悦意08,奔腾,轿车,False,54,1,1,2026-06-01,2026-06-01,2026-06-01,2026-06-01,53,0,0,0,0,515,515,0,42.916666666666664,unreviewed,not_reviewed,,,False,True,False,False,False,False,False,low,0,no prioritized anomaly
30957,昊铂A800,昊铂,轿车,False,54,9,9,2025-10-01,2026-06-01,2025-10-01,2026-06-01,45,0,0,0,0,245,245,0,35.083333333333336,unreviewed,not_reviewed,,,False,True,False,False,False,False,False,low,0,no prioritized anomaly
30083,智界S7,鸿蒙智行,轿车,False,54,32,32,2023-11-01,2026-06-01,2023-11-01,2026-06-01,22,0,0,0,20,2973,2973,0,876.75,unreviewed,not_reviewed,,,False,False,False,False,False,False,False,low,0,no prioritized anomaly
31096,智界V9,鸿蒙智行,MPV,False,54,2,2,2026-05-01,2026-06-01,2026-05-01,2026-06-01,52,0,0,0,0,4367,4367,0,363.9166666666667,unreviewed,not_reviewed,,,False,True,False,False,False,False,False,low,0,no prioritized anomaly
29771,本田e:NS2猎光,本田,SUV,False,54,24,24,2024-07-01,2026-06-01,2024-07-01,2026-06-01,30,0,0,0,12,323,323,0,119.5,unreviewed,not_reviewed,,,False,False,False,False,False,False,False,low,0,no prioritized anomaly
30726,极氪007 GT,极氪,轿车,False,54,1,1,2026-06-01,2026-06-01,2026-06-01,2026-06-01,53,0,0,0,0,7837,7837,0,653.0833333333334,unreviewed,not_reviewed,,,False,True,False,False,False,False,False,low,0,no prioritized anomaly
30341,极氪MIX,极氪,SUV,False,54,22,22,2024-09-01,2026-06-01,2024-09-01,2026-06-01,32,0,0,0,10,19,19,0,61.416666666666664,unreviewed,not_reviewed,,,False,False,False,False,False,False,False,low,0,no prioritized anomaly
30917,极狐贝塔S3,ARCFOX极狐,轿车,False,54,2,2,2026-05-01,2026-06-01,2026-05-01,2026-06-01,52,0,0,0,0,15282,15282,0,1273.5,unreviewed,not_reviewed,,,False,True,False,False,False,False,False,low,0,no prioritized anomaly
30841,极狐贝塔T1,ARCFOX极狐,轿车,False,54,10,10,2025-09-01,2026-06-01,2025-09-01,2026-06-01,44,0,0,0,0,34344,34344,0,7568.5,unreviewed,not_reviewed,,,False,True,False,False,False,False,False,low,0,no prioritized anomaly
31087,极狐问道V9,ARCFOX极狐,MPV,False,54,3,3,2026-04-01,2026-06-01,2026-04-01,2026-06-01,51,0,0,0,0,2097,2097,0,174.75,unreviewed,not_reviewed,,,False,True,False,False,False,False,False,low,0,no prioritized anomaly
30736,汉L,比亚迪,轿车,False,54,15,15,2025-04-01,2026-06-01,2025-04-01,2026-06-01,39,0,0,0,3,4378,4378,0,1523.0833333333333,unreviewed,not_reviewed,,,False,False,False,False,False,False,False,low,0,no prioritized anomaly
30534,海狮05DM-i,比亚迪,SUV,False,54,22,22,2024-09-01,2026-06-01,2024-09-01,2026-06-01,32,0,0,0,10,20570,20570,0,2629.5,unreviewed,not_reviewed,,,False,False,False,False,False,False,False,low,0,no prioritized anomaly
30842,海狮06DM-i,比亚迪,SUV,False,54,12,12,2025-07-01,2026-06-01,2025-07-01,2026-06-01,42,0,0,0,0,23242,23242,0,5738.833333333333,unreviewed,not_reviewed,,,False,True,False,False,False,False,False,low,0,no prioritized anomaly
30707,海狮07DM-i,比亚迪,SUV,False,54,14,14,2025-05-01,2026-06-01,2025-05-01,2026-06-01,40,0,0,0,2,693,693,0,392.0833333333333,unreviewed,not_reviewed,,,False,False,False,False,False,False,False,low,0,no prioritized anomaly
30705,海豹05DM-i,比亚迪,轿车,False,54,17,17,2025-02-01,2026-06-01,2025-02-01,2026-06-01,37,0,0,0,5,27734,27734,0,9787.916666666666,unreviewed,not_reviewed,,,False,False,False,False,False,False,False,low,0,no prioritized anomaly
30860,海豹06DM-i旅行版,比亚迪,轿车,False,54,12,12,2025-07-01,2026-06-01,2025-07-01,2026-06-01,42,0,0,0,0,8246,8246,0,2124.5833333333335,unreviewed,not_reviewed,,,False,True,False,False,False,False,False,low,0,no prioritized anomaly
29112,王牌M7,北汽制造,MPV,False,54,37,37,2023-06-01,2026-06-01,2023-06-01,2026-06-01,17,0,0,0,25,4329,4329,0,978.0833333333334,unreviewed,not_reviewed,,,False,False,False,False,False,False,False,low,0,no prioritized anomaly
29223,王牌M7新能源,北汽制造,MPV,False,54,9,9,2025-10-01,2026-06-01,2025-10-01,2026-06-01,45,0,0,0,0,1208,1208,0,210.33333333333334,unreviewed,not_reviewed,,,False,True,False,False,False,False,False,low,0,no prioritized anomaly
30949,睿蓝蓝气球,睿蓝汽车,轿车,False,54,11,11,2025-08-01,2026-06-01,2025-08-01,2026-06-01,43,0,0,0,0,320,320,0,349.75,unreviewed,not_reviewed,,,False,True,False,False,False,False,False,low,0,no prioritized anomaly
31265,红旗H7 PHEV,红旗,轿车,False,54,1,1,2026-06-01,2026-06-01,2026-06-01,2026-06-01,53,0,0,0,0,91,91,0,7.583333333333333,unreviewed,not_reviewed,,,False,True,False,False,False,False,False,low,0,no prioritized anomaly
30265,红旗HQ9新能源,红旗,MPV,False,54,24,24,2024-07-01,2026-06-01,2024-07-01,2026-06-01,30,0,0,0,12,1203,1203,0,246.25,unreviewed,not_reviewed,,,False,False,False,False,False,False,False,low,0,no prioritized anomaly
9488,红旗国礼,红旗,轿车,False,54,2,2,2026-05-01,2026-06-01,2026-05-01,2026-06-01,52,0,0,0,0,2,2,0,0.16666666666666666,unreviewed,not_reviewed,,,False,True,False,False,False,False,False,low,0,no prioritized anomaly
27631,红旗国雅,红旗,轿车,False,54,2,2,2026-05-01,2026-06-01,2026-05-01,2026-06-01,52,0,0,0,0,17,17,0,1.4166666666666667,unreviewed,not_reviewed,,,False,True,False,False,False,False,False,low,0,no prioritized anomaly
30414,腾势Z9GT,腾势,轿车,False,54,22,22,2024-09-01,2026-06-01,2024-09-01,2026-06-01,32,0,0,0,10,16764,16764,0,1652.3333333333333,unreviewed,not_reviewed,,,False,False,False,False,False,False,False,low,0,no prioritized anomaly
30857,至境E7,别克,SUV,False,54,3,3,2026-04-01,2026-06-01,2026-04-01,2026-06-01,51,0,0,0,0,15785,15785,0,1315.4166666666667,unreviewed,not_reviewed,,,False,True,False,False,False,False,False,low,0,no prioritized anomaly
30856,至境L7,别克,轿车,False,54,9,9,2025-10-01,2026-06-01,2025-10-01,2026-06-01,45,0,0,0,0,3639,3639,0,965.1666666666666,unreviewed,not_reviewed,,,False,True,False,False,False,False,False,low,0,no prioritized anomaly
30654,至境世家,别克,MPV,False,54,8,8,2025-11-01,2026-06-01,2025-11-01,2026-06-01,46,0,0,0,0,11332,11332,0,1185.25,unreviewed,not_reviewed,,,False,True,False,False,False,False,False,low,0,no prioritized anomaly
30897,荣威M7,荣威,轿车,False,54,10,10,2025-09-01,2026-06-01,2025-09-01,2026-06-01,44,0,0,0,0,5326,5326,0,1368.1666666666667,unreviewed,not_reviewed,,,False,True,False,False,False,False,False,low,0,no prioritized anomaly
30889,银河A7,吉利银河,轿车,False,54,13,13,2025-06-01,2026-06-01,2025-06-01,2026-06-01,41,0,0,0,1,28669,28669,0,7810.416666666667,unreviewed,not_reviewed,,,False,False,False,False,False,False,False,low,0,no prioritized anomaly
30795,银河星耀8,吉利银河,轿车,False,54,15,15,2025-04-01,2026-06-01,2025-04-01,2026-06-01,39,0,0,0,3,19114,19114,0,6047.083333333333,unreviewed,not_reviewed,,,False,False,False,False,False,False,False,low,0,no prioritized anomaly
31133,锐胜M8,北汽制造,MPV,False,54,7,7,2025-12-01,2026-06-01,2025-12-01,2026-06-01,47,0,0,0,0,72,72,0,6.5,unreviewed,not_reviewed,,,False,True,False,False,False,False,False,low,0,no prioritized anomaly
31051,锐胜M8新能源,北汽制造,MPV,False,54,9,9,2025-10-01,2026-06-01,2025-10-01,2026-06-01,45,0,0,0,0,821,821,0,95.41666666666667,unreviewed,not_reviewed,,,False,True,False,False,False,False,False,low,0,no prioritized anomaly
30703,阿维塔06,阿维塔,轿车,False,54,15,15,2025-04-01,2026-06-01,2025-04-01,2026-06-01,39,0,0,0,3,9368,9368,0,2389.4166666666665,unreviewed,not_reviewed,,,False,False,False,False,False,False,False,low,0,no prioritized anomaly
29447,阿维塔12,阿维塔,轿车,False,54,30,30,2023-12-01,2026-06-01,2023-12-01,2026-06-01,23,1,1,0,18,4917,4917,0,1222.5,unreviewed,not_reviewed,,,False,False,False,False,False,False,False,low,0,no prioritized anomaly
31126,零跑D99,零跑汽车,MPV,False,54,1,1,2026-06-01,2026-06-01,2026-06-01,2026-06-01,53,0,0,0,0,327,327,0,27.25,unreviewed,not_reviewed,,,False,True,False,False,False,False,False,low,0,no prioritized anomaly
