version,scenario,series_name,date,actual,pred,cold_start_at_forecast_origin,review_available_prior,review_available_180d,cold_start_pred,source_pred,cold_start_method
SELECTED_FEEDBACK_COLD_START,fixed_origin_primary,AION RT,2026-01-01,3071.0,3547.354248046875,False,1,1,,3547.354248046875,historical_series_model
SELECTED_FEEDBACK_COLD_START,fixed_origin_primary,AION RT,2026-02-01,1223.0,2568.8798828125,False,1,1,,2568.8798828125,historical_series_model
SELECTED_FEEDBACK_COLD_START,fixed_origin_primary,AION RT,2026-03-01,5448.0,3580.95263671875,False,1,1,,3580.95263671875,historical_series_model
SELECTED_FEEDBACK_COLD_START,fixed_origin_primary,AION RT,2026-04-01,4990.0,3080.699462890625,False,1,1,,3080.699462890625,historical_series_model
SELECTED_FEEDBACK_COLD_START,fixed_origin_primary,AION RT,2026-05-01,5063.0,3027.5654296875,False,1,1,,3027.5654296875,historical_series_model
SELECTED_FEEDBACK_COLD_START,fixed_origin_primary,AION RT,2026-06-01,4502.0,3227.02294921875,False,1,1,,3227.02294921875,historical_series_model
SELECTED_FEEDBACK_COLD_START,fixed_origin_primary,AION S,2026-01-01,3148.0,2950.44677734375,False,1,1,,2950.44677734375,historical_series_model
SELECTED_FEEDBACK_COLD_START,fixed_origin_primary,AION S,2026-02-01,788.0,2119.935791015625,False,1,1,,2119.935791015625,historical_series_model
SELECTED_FEEDBACK_COLD_START,fixed_origin_primary,AION S,2026-03-01,4193.0,2736.35986328125,False,1,1,,2736.35986328125,historical_series_model
SELECTED_FEEDBACK_COLD_START,fixed_origin_primary,AION S,2026-04-01,3665.0,2311.953857421875,False,1,1,,2311.953857421875,historical_series_model
SELECTED_FEEDBACK_COLD_START,fixed_origin_primary,AION S,2026-05-01,963.0,2215.150634765625,False,1,1,,2215.150634765625,historical_series_model
SELECTED_FEEDBACK_COLD_START,fixed_origin_primary,AION S,2026-06-01,466.0,2180.408447265625,False,1,1,,2180.408447265625,historical_series_model
SELECTED_FEEDBACK_COLD_START,fixed_origin_primary,AION UT,2026-01-01,2200.0,3296.408203125,False,1,1,,3296.408203125,historical_series_model
SELECTED_FEEDBACK_COLD_START,fixed_origin_primary,AION UT,2026-02-01,1054.0,2462.041259765625,False,1,1,,2462.041259765625,historical_series_model
SELECTED_FEEDBACK_COLD_START,fixed_origin_primary,AION UT,2026-03-01,2767.0,2745.705810546875,False,1,1,,2745.705810546875,historical_series_model
SELECTED_FEEDBACK_COLD_START,fixed_origin_primary,AION UT,2026-04-01,2645.0,2476.68798828125,False,1,1,,2476.68798828125,historical_series_model
SELECTED_FEEDBACK_COLD_START,fixed_origin_primary,AION UT,2026-05-01,1700.0,2154.066162109375,False,1,1,,2154.066162109375,historical_series_model
SELECTED_FEEDBACK_COLD_START,fixed_origin_primary,AION UT,2026-06-01,1409.0,2114.240478515625,False,1,1,,2114.240478515625,historical_series_model
SELECTED_FEEDBACK_COLD_START,fixed_origin_primary,EO 羿欧,2026-01-01,90.0,152.09092712402344,False,1,1,,152.09092712402344,historical_series_model
SELECTED_FEEDBACK_COLD_START,fixed_origin_primary,EO 羿欧,2026-02-01,30.0,144.38381958007812,False,1,1,,144.38381958007812,historical_series_model
SELECTED_FEEDBACK_COLD_START,fixed_origin_primary,EO 羿欧,2026-03-01,84.0,249.60096740722656,False,1,1,,249.60096740722656,historical_series_model
SELECTED_FEEDBACK_COLD_START,fixed_origin_primary,EO 羿欧,2026-04-01,94.0,198.27349853515625,False,1,1,,198.27349853515625,historical_series_model
SELECTED_FEEDBACK_COLD_START,fixed_origin_primary,EO 羿欧,2026-05-01,125.0,202.60243225097656,False,1,1,,202.60243225097656,historical_series_model
SELECTED_FEEDBACK_COLD_START,fixed_origin_primary,EO 羿欧,2026-06-01,64.0,221.41326904296875,False,1,1,,221.41326904296875,historical_series_model
SELECTED_FEEDBACK_COLD_START,fixed_origin_primary,EVOS,2026-01-01,0.0,0.2096601128578186,False,1,1,,0.2096601128578186,historical_series_model
SELECTED_FEEDBACK_COLD_START,fixed_origin_primary,EVOS,2026-02-01,0.0,0.1017181500792503,False,1,1,,0.1017181500792503,historical_series_model
SELECTED_FEEDBACK_COLD_START,fixed_origin_primary,EVOS,2026-03-01,0.0,0.3997789621353149,False,1,1,,0.3997789621353149,historical_series_model
SELECTED_FEEDBACK_COLD_START,fixed_origin_primary,EVOS,2026-04-01,0.0,0.1380667090415954,False,1,1,,0.1380667090415954,historical_series_model
SELECTED_FEEDBACK_COLD_START,fixed_origin_primary,EVOS,2026-05-01,0.0,0.1622619479894638,False,1,1,,0.1622619479894638,historical_series_model
SELECTED_FEEDBACK_COLD_START,fixed_origin_primary,EVOS,2026-06-01,0.0,0.0550572834908962,False,1,1,,0.0550572834908962,historical_series_model
SELECTED_FEEDBACK_COLD_START,fixed_origin_primary,ID.4 CROZZ,2026-01-01,454.0,1347.5447998046875,False,1,1,,1347.5447998046875,historical_series_model
SELECTED_FEEDBACK_COLD_START,fixed_origin_primary,ID.4 CROZZ,2026-02-01,160.0,972.7587890625,False,1,1,,972.7587890625,historical_series_model
SELECTED_FEEDBACK_COLD_START,fixed_origin_primary,ID.4 CROZZ,2026-03-01,542.0,1407.1773681640625,False,1,1,,1407.1773681640625,historical_series_model
SELECTED_FEEDBACK_COLD_START,fixed_origin_primary,ID.4 CROZZ,2026-04-01,623.0,1263.5484619140625,False,1,1,,1263.5484619140625,historical_series_model
SELECTED_FEEDBACK_COLD_START,fixed_origin_primary,ID.4 CROZZ,2026-05-01,942.0,1226.5450439453125,False,1,1,,1226.5450439453125,historical_series_model
SELECTED_FEEDBACK_COLD_START,fixed_origin_primary,ID.4 CROZZ,2026-06-01,684.0,1260.3824462890625,False,1,1,,1260.3824462890625,historical_series_model
SELECTED_FEEDBACK_COLD_START,fixed_origin_primary,ID.4 X,2026-01-01,47.0,151.62933349609375,False,1,1,,151.62933349609375,historical_series_model
SELECTED_FEEDBACK_COLD_START,fixed_origin_primary,ID.4 X,2026-02-01,14.0,111.3210906982422,False,1,1,,111.3210906982422,historical_series_model
SELECTED_FEEDBACK_COLD_START,fixed_origin_primary,ID.4 X,2026-03-01,123.0,133.75497436523438,False,1,1,,133.75497436523438,historical_series_model
SELECTED_FEEDBACK_COLD_START,fixed_origin_primary,ID.4 X,2026-04-01,148.0,107.32137298583984,False,1,1,,107.32137298583984,historical_series_model
SELECTED_FEEDBACK_COLD_START,fixed_origin_primary,ID.4 X,2026-05-01,121.0,91.55905151367188,False,1,1,,91.55905151367188,historical_series_model
SELECTED_FEEDBACK_COLD_START,fixed_origin_primary,ID.4 X,2026-06-01,109.0,74.96836853027344,False,1,1,,74.96836853027344,historical_series_model
SELECTED_FEEDBACK_COLD_START,fixed_origin_primary,ID.6 CROZZ,2026-01-01,0.0,24.899478912353516,False,1,1,,24.899478912353516,historical_series_model
SELECTED_FEEDBACK_COLD_START,fixed_origin_primary,ID.6 CROZZ,2026-02-01,0.0,29.094406127929688,False,1,1,,29.094406127929688,historical_series_model
SELECTED_FEEDBACK_COLD_START,fixed_origin_primary,ID.6 CROZZ,2026-03-01,0.0,62.555870056152344,False,1,1,,62.555870056152344,historical_series_model
SELECTED_FEEDBACK_COLD_START,fixed_origin_primary,ID.6 CROZZ,2026-04-01,0.0,78.436279296875,False,1,1,,78.436279296875,historical_series_model
SELECTED_FEEDBACK_COLD_START,fixed_origin_primary,ID.6 CROZZ,2026-05-01,0.0,90.94386291503906,False,1,1,,90.94386291503906,historical_series_model
SELECTED_FEEDBACK_COLD_START,fixed_origin_primary,ID.6 CROZZ,2026-06-01,1.0,90.50064086914062,False,1,1,,90.50064086914062,historical_series_model
SELECTED_FEEDBACK_COLD_START,fixed_origin_primary,IQ傲歌,2026-01-01,22.0,39.57465362548828,False,1,1,,39.57465362548828,historical_series_model
SELECTED_FEEDBACK_COLD_START,fixed_origin_primary,IQ傲歌,2026-02-01,8.0,49.920223236083984,False,1,1,,49.920223236083984,historical_series_model
SELECTED_FEEDBACK_COLD_START,fixed_origin_primary,IQ傲歌,2026-03-01,17.0,88.83394622802734,False,1,1,,88.83394622802734,historical_series_model
SELECTED_FEEDBACK_COLD_START,fixed_origin_primary,IQ傲歌,2026-04-01,11.0,84.0833740234375,False,1,1,,84.0833740234375,historical_series_model
SELECTED_FEEDBACK_COLD_START,fixed_origin_primary,IQ傲歌,2026-05-01,11.0,80.98552703857422,False,1,1,,80.98552703857422,historical_series_model
SELECTED_FEEDBACK_COLD_START,fixed_origin_primary,IQ傲歌,2026-06-01,4.0,77.81509399414062,False,1,1,,77.81509399414062,historical_series_model
SELECTED_FEEDBACK_COLD_START,fixed_origin_primary,IQ锐歌,2026-01-01,69.0,103.55228424072266,False,1,1,,103.55228424072266,historical_series_model
SELECTED_FEEDBACK_COLD_START,fixed_origin_primary,IQ锐歌,2026-02-01,17.0,73.92269134521484,False,1,1,,73.92269134521484,historical_series_model
SELECTED_FEEDBACK_COLD_START,fixed_origin_primary,IQ锐歌,2026-03-01,576.0,89.64375305175781,False,1,1,,89.64375305175781,historical_series_model
SELECTED_FEEDBACK_COLD_START,fixed_origin_primary,IQ锐歌,2026-04-01,40.0,78.25773620605469,False,1,1,,78.25773620605469,historical_series_model
SELECTED_FEEDBACK_COLD_START,fixed_origin_primary,IQ锐歌,2026-05-01,33.0,68.46057891845703,False,1,1,,68.46057891845703,historical_series_model
SELECTED_FEEDBACK_COLD_START,fixed_origin_primary,IQ锐歌,2026-06-01,22.0,70.99681091308594,False,1,1,,70.99681091308594,historical_series_model
SELECTED_FEEDBACK_COLD_START,fixed_origin_primary,MG4,2026-01-01,10007.0,8676.626953125,False,1,1,,8676.626953125,historical_series_model
SELECTED_FEEDBACK_COLD_START,fixed_origin_primary,MG4,2026-02-01,4086.0,7043.52734375,False,1,1,,7043.52734375,historical_series_model
SELECTED_FEEDBACK_COLD_START,fixed_origin_primary,MG4,2026-03-01,14007.0,9404.4443359375,False,1,1,,9404.4443359375,historical_series_model
SELECTED_FEEDBACK_COLD_START,fixed_origin_primary,MG4,2026-04-01,13189.0,6945.25390625,False,1,1,,6945.25390625,historical_series_model
SELECTED_FEEDBACK_COLD_START,fixed_origin_primary,MG4,2026-05-01,15067.0,6792.96240234375,False,1,1,,6792.96240234375,historical_series_model
SELECTED_FEEDBACK_COLD_START,fixed_origin_primary,MG4,2026-06-01,14397.0,7224.42041015625,False,1,1,,7224.42041015625,historical_series_model
SELECTED_FEEDBACK_COLD_START,fixed_origin_primary,MG6,2026-01-01,35.0,54.07101821899414,False,1,1,,54.07101821899414,historical_series_model
SELECTED_FEEDBACK_COLD_START,fixed_origin_primary,MG6,2026-02-01,35.0,61.6048469543457,False,1,1,,61.6048469543457,historical_series_model
SELECTED_FEEDBACK_COLD_START,fixed_origin_primary,MG6,2026-03-01,20.0,70.34076690673828,False,1,1,,70.34076690673828,historical_series_model
SELECTED_FEEDBACK_COLD_START,fixed_origin_primary,MG6,2026-04-01,12.0,67.03460693359375,False,1,1,,67.03460693359375,historical_series_model
SELECTED_FEEDBACK_COLD_START,fixed_origin_primary,MG6,2026-05-01,4.0,69.8370132446289,False,1,1,,69.8370132446289,historical_series_model
SELECTED_FEEDBACK_COLD_START,fixed_origin_primary,MG6,2026-06-01,8.0,71.130615234375,False,1,1,,71.130615234375,historical_series_model
SELECTED_FEEDBACK_COLD_START,fixed_origin_primary,MG7,2026-01-01,1221.0,611.0592651367188,False,1,1,,611.0592651367188,historical_series_model
SELECTED_FEEDBACK_COLD_START,fixed_origin_primary,MG7,2026-02-01,775.0,421.9107360839844,False,1,1,,421.9107360839844,historical_series_model
SELECTED_FEEDBACK_COLD_START,fixed_origin_primary,MG7,2026-03-01,1012.0,553.689208984375,False,1,1,,553.689208984375,historical_series_model
SELECTED_FEEDBACK_COLD_START,fixed_origin_primary,MG7,2026-04-01,553.0,472.6192626953125,False,1,1,,472.6192626953125,historical_series_model
SELECTED_FEEDBACK_COLD_START,fixed_origin_primary,MG7,2026-05-01,456.0,365.42584228515625,False,1,1,,365.42584228515625,historical_series_model
SELECTED_FEEDBACK_COLD_START,fixed_origin_primary,MG7,2026-06-01,428.0,369.3232421875,False,1,1,,369.3232421875,historical_series_model
SELECTED_FEEDBACK_COLD_START,fixed_origin_primary,Model 3,2026-01-01,1640.0,13608.0048828125,False,1,1,,13608.0048828125,historical_series_model
SELECTED_FEEDBACK_COLD_START,fixed_origin_primary,Model 3,2026-02-01,12920.0,14201.2041015625,False,1,1,,14201.2041015625,historical_series_model
SELECTED_FEEDBACK_COLD_START,fixed_origin_primary,Model 3,2026-03-01,16280.0,16251.421875,False,1,1,,16251.421875,historical_series_model
SELECTED_FEEDBACK_COLD_START,fixed_origin_primary,Model 3,2026-04-01,2966.0,11616.419921875,False,1,1,,11616.419921875,historical_series_model
SELECTED_FEEDBACK_COLD_START,fixed_origin_primary,Model 3,2026-05-01,18370.0,14444.8876953125,False,1,1,,14444.8876953125,historical_series_model
SELECTED_FEEDBACK_COLD_START,fixed_origin_primary,Model 3,2026-06-01,14266.0,14667.6484375,False,1,1,,14667.6484375,historical_series_model
SELECTED_FEEDBACK_COLD_START,fixed_origin_primary,Model Y,2026-01-01,16845.0,23342.326171875,False,1,1,,23342.326171875,historical_series_model
SELECTED_FEEDBACK_COLD_START,fixed_origin_primary,Model Y,2026-02-01,25286.0,22514.609375,False,1,1,,22514.609375,historical_series_model
SELECTED_FEEDBACK_COLD_START,fixed_origin_primary,Model Y,2026-03-01,39827.0,29531.517578125,False,1,1,,29531.517578125,historical_series_model
SELECTED_FEEDBACK_COLD_START,fixed_origin_primary,Model Y,2026-04-01,22990.0,26110.490234375,False,1,1,,26110.490234375,historical_series_model
SELECTED_FEEDBACK_COLD_START,fixed_origin_primary,Model Y,2026-05-01,28911.0,25533.36328125,False,1,1,,25533.36328125,historical_series_model
SELECTED_FEEDBACK_COLD_START,fixed_origin_primary,Model Y,2026-06-01,38654.0,29217.11328125,False,1,1,,29217.11328125,historical_series_model
SELECTED_FEEDBACK_COLD_START,fixed_origin_primary,PATHFINDER探陆,2026-01-01,387.0,274.4107666015625,False,1,1,,274.4107666015625,historical_series_model
SELECTED_FEEDBACK_COLD_START,fixed_origin_primary,PATHFINDER探陆,2026-02-01,131.0,181.48324584960935,False,1,1,,181.48324584960935,historical_series_model
SELECTED_FEEDBACK_COLD_START,fixed_origin_primary,PATHFINDER探陆,2026-03-01,211.0,287.32470703125,False,1,1,,287.32470703125,historical_series_model
SELECTED_FEEDBACK_COLD_START,fixed_origin_primary,PATHFINDER探陆,2026-04-01,225.0,196.29017639160156,False,1,1,,196.29017639160156,historical_series_model
SELECTED_FEEDBACK_COLD_START,fixed_origin_primary,PATHFINDER探陆,2026-05-01,225.0,181.98426818847656,False,1,1,,181.98426818847656,historical_series_model
SELECTED_FEEDBACK_COLD_START,fixed_origin_primary,PATHFINDER探陆,2026-06-01,159.0,190.6062774658203,False,1,1,,190.6062774658203,historical_series_model
SELECTED_FEEDBACK_COLD_START,fixed_origin_primary,Polestar 4,2026-01-01,0.0,100.6330108642578,False,1,1,,100.6330108642578,historical_series_model
SELECTED_FEEDBACK_COLD_START,fixed_origin_primary,Polestar 4,2026-02-01,0.0,86.90547180175781,False,1,1,,86.90547180175781,historical_series_model
SELECTED_FEEDBACK_COLD_START,fixed_origin_primary,Polestar 4,2026-03-01,0.0,106.65592956542967,False,1,1,,106.65592956542967,historical_series_model
SELECTED_FEEDBACK_COLD_START,fixed_origin_primary,Polestar 4,2026-04-01,0.0,101.5381317138672,False,1,1,,101.5381317138672,historical_series_model
SELECTED_FEEDBACK_COLD_START,fixed_origin_primary,Polestar 4,2026-05-01,0.0,81.823974609375,False,1,1,,81.823974609375,historical_series_model
SELECTED_FEEDBACK_COLD_START,fixed_origin_primary,Polestar 4,2026-06-01,0.0,75.7439193725586,False,1,1,,75.7439193725586,historical_series_model
SELECTED_FEEDBACK_COLD_START,fixed_origin_primary,QQ冰淇淋,2026-01-01,376.0,874.6944580078125,False,1,1,,874.6944580078125,historical_series_model
SELECTED_FEEDBACK_COLD_START,fixed_origin_primary,QQ冰淇淋,2026-02-01,334.0,604.4630126953125,False,1,1,,604.4630126953125,historical_series_model
SELECTED_FEEDBACK_COLD_START,fixed_origin_primary,QQ冰淇淋,2026-03-01,906.0,736.7882080078125,False,1,1,,736.7882080078125,historical_series_model
SELECTED_FEEDBACK_COLD_START,fixed_origin_primary,QQ冰淇淋,2026-04-01,1958.0,610.8342895507812,False,1,1,,610.8342895507812,historical_series_model
SELECTED_FEEDBACK_COLD_START,fixed_origin_primary,QQ冰淇淋,2026-05-01,545.0,546.2764282226562,False,1,1,,546.2764282226562,historical_series_model
SELECTED_FEEDBACK_COLD_START,fixed_origin_primary,QQ冰淇淋,2026-06-01,830.0,540.807861328125,False,1,1,,540.807861328125,historical_series_model
SELECTED_FEEDBACK_COLD_START,fixed_origin_primary,RAV4荣放,2026-01-01,11316.0,11879.34765625,False,1,1,,11879.34765625,historical_series_model
SELECTED_FEEDBACK_COLD_START,fixed_origin_primary,RAV4荣放,2026-02-01,7789.0,10407.86328125,False,1,1,,10407.86328125,historical_series_model
SELECTED_FEEDBACK_COLD_START,fixed_origin_primary,RAV4荣放,2026-03-01,14662.0,11034.31640625,False,1,1,,11034.31640625,historical_series_model
SELECTED_FEEDBACK_COLD_START,fixed_origin_primary,RAV4荣放,2026-04-01,11452.0,10597.177734375,False,1,1,,10597.177734375,historical_series_model
SELECTED_FEEDBACK_COLD_START,fixed_origin_primary,RAV4荣放,2026-05-01,9857.0,10800.46875,False,1,1,,10800.46875,historical_series_model
SELECTED_FEEDBACK_COLD_START,fixed_origin_primary,RAV4荣放,2026-06-01,13798.0,10936.259765625,False,1,1,,10936.259765625,historical_series_model
SELECTED_FEEDBACK_COLD_START,fixed_origin_primary,T-ROC探歌,2026-01-01,2183.0,2516.939697265625,False,1,1,,2516.939697265625,historical_series_model
SELECTED_FEEDBACK_COLD_START,fixed_origin_primary,T-ROC探歌,2026-02-01,1540.0,1833.0645751953125,False,1,1,,1833.0645751953125,historical_series_model
SELECTED_FEEDBACK_COLD_START,fixed_origin_primary,T-ROC探歌,2026-03-01,2031.0,2283.8291015625,False,1,1,,2283.8291015625,historical_series_model
SELECTED_FEEDBACK_COLD_START,fixed_origin_primary,T-ROC探歌,2026-04-01,1532.0,1932.67529296875,False,1,1,,1932.67529296875,historical_series_model
SELECTED_FEEDBACK_COLD_START,fixed_origin_primary,T-ROC探歌,2026-05-01,3344.0,1872.50244140625,False,1,1,,1872.50244140625,historical_series_model
SELECTED_FEEDBACK_COLD_START,fixed_origin_primary,T-ROC探歌,2026-06-01,3111.0,1796.4554443359375,False,1,1,,1796.4554443359375,historical_series_model
SELECTED_FEEDBACK_COLD_START,fixed_origin_primary,eπ007,2026-01-01,772.0,1251.33642578125,False,1,1,,1251.33642578125,historical_series_model
SELECTED_FEEDBACK_COLD_START,fixed_origin_primary,eπ007,2026-02-01,447.0,780.3041381835938,False,1,1,,780.3041381835938,historical_series_model
SELECTED_FEEDBACK_COLD_START,fixed_origin_primary,eπ007,2026-03-01,1835.0,1182.9600830078125,False,1,1,,1182.9600830078125,historical_series_model
SELECTED_FEEDBACK_COLD_START,fixed_origin_primary,eπ007,2026-04-01,903.0,1088.5216064453125,False,1,1,,1088.5216064453125,historical_series_model
SELECTED_FEEDBACK_COLD_START,fixed_origin_primary,eπ007,2026-05-01,1175.0,981.891845703125,False,1,1,,981.891845703125,historical_series_model
SELECTED_FEEDBACK_COLD_START,fixed_origin_primary,eπ007,2026-06-01,968.0,1026.73974609375,False,1,1,,1026.73974609375,historical_series_model
SELECTED_FEEDBACK_COLD_START,fixed_origin_primary,e爱丽舍,2026-01-01,460.0,339.38671875,False,1,0,,339.38671875,historical_series_model
SELECTED_FEEDBACK_COLD_START,fixed_origin_primary,e爱丽舍,2026-02-01,147.0,250.0415802001953,False,1,0,,250.0415802001953,historical_series_model
SELECTED_FEEDBACK_COLD_START,fixed_origin_primary,e爱丽舍,2026-03-01,621.0,363.4320983886719,False,1,0,,363.4320983886719,historical_series_model
SELECTED_FEEDBACK_COLD_START,fixed_origin_primary,e爱丽舍,2026-04-01,678.0,285.5119323730469,False,1,0,,285.5119323730469,historical_series_model
SELECTED_FEEDBACK_COLD_START,fixed_origin_primary,e爱丽舍,2026-05-01,887.0,227.734375,False,1,0,,227.734375,historical_series_model
SELECTED_FEEDBACK_COLD_START,fixed_origin_primary,e爱丽舍,2026-06-01,1003.0,211.34361267089844,False,1,0,,211.34361267089844,historical_series_model
SELECTED_FEEDBACK_COLD_START,fixed_origin_primary,firefly萤火虫,2026-01-01,2737.0,4537.02880859375,False,1,1,,4537.02880859375,historical_series_model
SELECTED_FEEDBACK_COLD_START,fixed_origin_primary,firefly萤火虫,2026-02-01,2645.0,3157.20263671875,False,1,1,,3157.20263671875,historical_series_model
SELECTED_FEEDBACK_COLD_START,fixed_origin_primary,firefly萤火虫,2026-03-01,6078.0,3607.631591796875,False,1,1,,3607.631591796875,historical_series_model
SELECTED_FEEDBACK_COLD_START,fixed_origin_primary,firefly萤火虫,2026-04-01,4973.0,3249.704345703125,False,1,1,,3249.704345703125,historical_series_model
SELECTED_FEEDBACK_COLD_START,fixed_origin_primary,firefly萤火虫,2026-05-01,5604.0,3229.881103515625,False,1,1,,3229.881103515625,historical_series_model
SELECTED_FEEDBACK_COLD_START,fixed_origin_primary,firefly萤火虫,2026-06-01,6914.0,3286.320068359375,False,1,1,,3286.320068359375,historical_series_model
SELECTED_FEEDBACK_COLD_START,fixed_origin_primary,iCAR 03,2026-01-01,0.0,58.056861877441406,False,1,1,,58.056861877441406,historical_series_model
SELECTED_FEEDBACK_COLD_START,fixed_origin_primary,iCAR 03,2026-02-01,0.0,52.64527893066406,False,1,1,,52.64527893066406,historical_series_model
SELECTED_FEEDBACK_COLD_START,fixed_origin_primary,iCAR 03,2026-03-01,0.0,92.14019012451172,False,1,1,,92.14019012451172,historical_series_model
SELECTED_FEEDBACK_COLD_START,fixed_origin_primary,iCAR 03,2026-04-01,0.0,81.35018157958984,False,1,1,,81.35018157958984,historical_series_model
SELECTED_FEEDBACK_COLD_START,fixed_origin_primary,iCAR 03,2026-05-01,0.0,65.85550689697266,False,1,1,,65.85550689697266,historical_series_model
SELECTED_FEEDBACK_COLD_START,fixed_origin_primary,iCAR 03,2026-06-01,0.0,72.4545669555664,False,1,1,,72.4545669555664,historical_series_model
SELECTED_FEEDBACK_COLD_START,fixed_origin_primary,世纪,2026-01-01,270.0,237.58673095703125,False,1,1,,237.58673095703125,historical_series_model
SELECTED_FEEDBACK_COLD_START,fixed_origin_primary,世纪,2026-02-01,109.0,158.6798095703125,False,1,1,,158.6798095703125,historical_series_model
SELECTED_FEEDBACK_COLD_START,fixed_origin_primary,世纪,2026-03-01,218.0,263.4341735839844,False,1,1,,263.4341735839844,historical_series_model
SELECTED_FEEDBACK_COLD_START,fixed_origin_primary,世纪,2026-04-01,155.0,197.9369201660156,False,1,1,,197.9369201660156,historical_series_model
SELECTED_FEEDBACK_COLD_START,fixed_origin_primary,世纪,2026-05-01,499.0,190.0673370361328,False,1,1,,190.0673370361328,historical_series_model
SELECTED_FEEDBACK_COLD_START,fixed_origin_primary,世纪,2026-06-01,363.0,203.5679931640625,False,1,1,,203.5679931640625,historical_series_model
SELECTED_FEEDBACK_COLD_START,fixed_origin_primary,东风本田S7,2026-01-01,80.0,311.0957336425781,False,1,1,,311.0957336425781,historical_series_model
SELECTED_FEEDBACK_COLD_START,fixed_origin_primary,东风本田S7,2026-02-01,37.0,228.8226318359375,False,1,1,,228.8226318359375,historical_series_model
SELECTED_FEEDBACK_COLD_START,fixed_origin_primary,东风本田S7,2026-03-01,388.0,317.5599365234375,False,1,1,,317.5599365234375,historical_series_model
SELECTED_FEEDBACK_COLD_START,fixed_origin_primary,东风本田S7,2026-04-01,365.0,285.3758850097656,False,1,1,,285.3758850097656,historical_series_model
SELECTED_FEEDBACK_COLD_START,fixed_origin_primary,东风本田S7,2026-05-01,426.0,242.7122802734375,False,1,1,,242.7122802734375,historical_series_model
SELECTED_FEEDBACK_COLD_START,fixed_origin_primary,东风本田S7,2026-06-01,414.0,226.02015686035156,False,1,1,,226.02015686035156,historical_series_model
SELECTED_FEEDBACK_COLD_START,fixed_origin_primary,丰田bZ3,2026-01-01,300.0,1598.036865234375,False,1,1,,1598.036865234375,historical_series_model
SELECTED_FEEDBACK_COLD_START,fixed_origin_primary,丰田bZ3,2026-02-01,156.0,1236.1514892578125,False,1,1,,1236.1514892578125,historical_series_model
SELECTED_FEEDBACK_COLD_START,fixed_origin_primary,丰田bZ3,2026-03-01,991.0,1620.9000244140625,False,1,1,,1620.9000244140625,historical_series_model
SELECTED_FEEDBACK_COLD_START,fixed_origin_primary,丰田bZ3,2026-04-01,1346.0,1528.6280517578125,False,1,1,,1528.6280517578125,historical_series_model
SELECTED_FEEDBACK_COLD_START,fixed_origin_primary,丰田bZ3,2026-05-01,1929.0,1531.929931640625,False,1,1,,1531.929931640625,historical_series_model
SELECTED_FEEDBACK_COLD_START,fixed_origin_primary,丰田bZ3,2026-06-01,1410.0,1548.5972900390625,False,1,1,,1548.5972900390625,historical_series_model
SELECTED_FEEDBACK_COLD_START,fixed_origin_primary,丰田bZ5,2026-01-01,505.0,845.2660522460938,False,1,1,,845.2660522460938,historical_series_model
SELECTED_FEEDBACK_COLD_START,fixed_origin_primary,丰田bZ5,2026-02-01,225.0,717.3087768554688,False,1,1,,717.3087768554688,historical_series_model
SELECTED_FEEDBACK_COLD_START,fixed_origin_primary,丰田bZ5,2026-03-01,707.0,1048.3306884765625,False,1,1,,1048.3306884765625,historical_series_model
SELECTED_FEEDBACK_COLD_START,fixed_origin_primary,丰田bZ5,2026-04-01,1526.0,856.02294921875,False,1,1,,856.02294921875,historical_series_model
SELECTED_FEEDBACK_COLD_START,fixed_origin_primary,丰田bZ5,2026-05-01,1655.0,862.6775512695312,False,1,1,,862.6775512695312,historical_series_model
SELECTED_FEEDBACK_COLD_START,fixed_origin_primary,丰田bZ5,2026-06-01,723.0,952.8187255859376,False,1,1,,952.8187255859376,historical_series_model
SELECTED_FEEDBACK_COLD_START,fixed_origin_primary,五菱佳辰,2026-01-01,657.0,173.56077575683594,False,1,0,,173.56077575683594,historical_series_model
SELECTED_FEEDBACK_COLD_START,fixed_origin_primary,五菱佳辰,2026-02-01,285.0,139.63795471191406,False,1,0,,139.63795471191406,historical_series_model
SELECTED_FEEDBACK_COLD_START,fixed_origin_primary,五菱佳辰,2026-03-01,240.0,182.43215942382812,False,1,0,,182.43215942382812,historical_series_model
SELECTED_FEEDBACK_COLD_START,fixed_origin_primary,五菱佳辰,2026-04-01,203.0,152.23233032226562,False,1,0,,152.23233032226562,historical_series_model
SELECTED_FEEDBACK_COLD_START,fixed_origin_primary,五菱佳辰,2026-05-01,115.0,132.18687438964844,False,1,0,,132.18687438964844,historical_series_model
SELECTED_FEEDBACK_COLD_START,fixed_origin_primary,五菱佳辰,2026-06-01,139.0,133.53199768066406,False,1,0,,133.53199768066406,historical_series_model
SELECTED_FEEDBACK_COLD_START,fixed_origin_primary,五菱宏光,2026-01-01,0.0,34.99702453613281,False,1,1,,34.99702453613281,historical_series_model
SELECTED_FEEDBACK_COLD_START,fixed_origin_primary,五菱宏光,2026-02-01,0.0,30.428722381591797,False,1,1,,30.428722381591797,historical_series_model
SELECTED_FEEDBACK_COLD_START,fixed_origin_primary,五菱宏光,2026-03-01,0.0,31.215229034423828,False,1,1,,31.215229034423828,historical_series_model
SELECTED_FEEDBACK_COLD_START,fixed_origin_primary,五菱宏光,2026-04-01,0.0,23.291324615478516,False,1,1,,23.291324615478516,historical_series_model
SELECTED_FEEDBACK_COLD_START,fixed_origin_primary,五菱宏光,2026-05-01,0.0,19.805830001831055,False,1,1,,19.805830001831055,historical_series_model
SELECTED_FEEDBACK_COLD_START,fixed_origin_primary,五菱宏光,2026-06-01,0.0,16.502805709838867,False,1,1,,16.502805709838867,historical_series_model
SELECTED_FEEDBACK_COLD_START,fixed_origin_primary,五菱宏光S,2026-01-01,0.0,0.2253212630748748,False,0,0,,0.2253212630748748,historical_series_model
SELECTED_FEEDBACK_COLD_START,fixed_origin_primary,五菱宏光S,2026-02-01,0.0,0.1211334615945816,False,0,0,,0.1211334615945816,historical_series_model
SELECTED_FEEDBACK_COLD_START,fixed_origin_primary,五菱宏光S,2026-03-01,0.0,0.0444490797817707,False,0,0,,0.0444490797817707,historical_series_model
SELECTED_FEEDBACK_COLD_START,fixed_origin_primary,五菱宏光S,2026-04-01,0.0,0.0,False,0,0,,0.0,historical_series_model
SELECTED_FEEDBACK_COLD_START,fixed_origin_primary,五菱宏光S,2026-05-01,0.0,0.0,False,0,0,,0.0,historical_series_model
SELECTED_FEEDBACK_COLD_START,fixed_origin_primary,五菱宏光S,2026-06-01,2215.0,0.0086700385436415,False,0,0,,0.0086700385436415,historical_series_model
SELECTED_FEEDBACK_COLD_START,fixed_origin_primary,五菱征程,2026-01-01,96.0,45.681114196777344,False,1,0,,45.681114196777344,historical_series_model
SELECTED_FEEDBACK_COLD_START,fixed_origin_primary,五菱征程,2026-02-01,84.0,30.602209091186523,False,1,0,,30.602209091186523,historical_series_model
SELECTED_FEEDBACK_COLD_START,fixed_origin_primary,五菱征程,2026-03-01,130.0,26.885440826416016,False,1,0,,26.885440826416016,historical_series_model
SELECTED_FEEDBACK_COLD_START,fixed_origin_primary,五菱征程,2026-04-01,76.0,21.440561294555664,False,1,0,,21.440561294555664,historical_series_model
SELECTED_FEEDBACK_COLD_START,fixed_origin_primary,五菱征程,2026-05-01,64.0,20.70170211791992,False,1,0,,20.70170211791992,historical_series_model
SELECTED_FEEDBACK_COLD_START,fixed_origin_primary,五菱征程,2026-06-01,69.0,14.783235549926758,False,1,0,,14.783235549926758,historical_series_model
SELECTED_FEEDBACK_COLD_START,fixed_origin_primary,五菱星云,2026-01-01,0.0,0.2401348501443863,False,1,0,,0.2401348501443863,historical_series_model
SELECTED_FEEDBACK_COLD_START,fixed_origin_primary,五菱星云,2026-02-01,0.0,0.2381992191076278,False,1,0,,0.2381992191076278,historical_series_model
SELECTED_FEEDBACK_COLD_START,fixed_origin_primary,五菱星云,2026-03-01,0.0,0.2973320484161377,False,1,0,,0.2973320484161377,historical_series_model
SELECTED_FEEDBACK_COLD_START,fixed_origin_primary,五菱星云,2026-04-01,0.0,0.1725777685642242,False,1,0,,0.1725777685642242,historical_series_model
SELECTED_FEEDBACK_COLD_START,fixed_origin_primary,五菱星云,2026-05-01,0.0,0.1129181757569313,False,1,0,,0.1129181757569313,historical_series_model
SELECTED_FEEDBACK_COLD_START,fixed_origin_primary,五菱星云,2026-06-01,0.0,0.1909993439912796,False,1,0,,0.1909993439912796,historical_series_model
SELECTED_FEEDBACK_COLD_START,fixed_origin_primary,五菱星光,2026-01-01,252.0,1243.14404296875,False,1,1,,1243.14404296875,historical_series_model
SELECTED_FEEDBACK_COLD_START,fixed_origin_primary,五菱星光,2026-02-01,165.0,811.53466796875,False,1,1,,811.53466796875,historical_series_model
SELECTED_FEEDBACK_COLD_START,fixed_origin_primary,五菱星光,2026-03-01,357.0,1271.955322265625,False,1,1,,1271.955322265625,historical_series_model
SELECTED_FEEDBACK_COLD_START,fixed_origin_primary,五菱星光,2026-04-01,477.0,1159.936767578125,False,1,1,,1159.936767578125,historical_series_model
SELECTED_FEEDBACK_COLD_START,fixed_origin_primary,五菱星光,2026-05-01,498.0,1203.31201171875,False,1,1,,1203.31201171875,historical_series_model
SELECTED_FEEDBACK_COLD_START,fixed_origin_primary,五菱星光,2026-06-01,508.0,1272.18115234375,False,1,1,,1272.18115234375,historical_series_model
SELECTED_FEEDBACK_COLD_START,fixed_origin_primary,五菱星驰,2026-01-01,822.0,303.9931335449219,False,1,1,,303.9931335449219,historical_series_model
SELECTED_FEEDBACK_COLD_START,fixed_origin_primary,五菱星驰,2026-02-01,422.0,277.33148193359375,False,1,1,,277.33148193359375,historical_series_model
SELECTED_FEEDBACK_COLD_START,fixed_origin_primary,五菱星驰,2026-03-01,5.0,393.8549499511719,False,1,1,,393.8549499511719,historical_series_model
SELECTED_FEEDBACK_COLD_START,fixed_origin_primary,五菱星驰,2026-04-01,90.0,344.4453125,False,1,1,,344.4453125,historical_series_model
SELECTED_FEEDBACK_COLD_START,fixed_origin_primary,五菱星驰,2026-05-01,35.0,329.33270263671875,False,1,1,,329.33270263671875,historical_series_model
SELECTED_FEEDBACK_COLD_START,fixed_origin_primary,五菱星驰,2026-06-01,4.0,359.6335144042969,False,1,1,,359.6335144042969,historical_series_model
SELECTED_FEEDBACK_COLD_START,fixed_origin_primary,亚洲狮,2026-01-01,2.0,1.3233553171157837,False,1,0,,1.3233553171157837,historical_series_model
SELECTED_FEEDBACK_COLD_START,fixed_origin_primary,亚洲狮,2026-02-01,5.0,1.0374066829681396,False,1,0,,1.0374066829681396,historical_series_model
SELECTED_FEEDBACK_COLD_START,fixed_origin_primary,亚洲狮,2026-03-01,5.0,0.9684978127479552,False,1,0,,0.9684978127479552,historical_series_model
SELECTED_FEEDBACK_COLD_START,fixed_origin_primary,亚洲狮,2026-04-01,0.0,0.6688424944877625,False,1,0,,0.6688424944877625,historical_series_model
SELECTED_FEEDBACK_COLD_START,fixed_origin_primary,亚洲狮,2026-05-01,4.0,0.618531346321106,False,1,0,,0.618531346321106,historical_series_model
SELECTED_FEEDBACK_COLD_START,fixed_origin_primary,亚洲狮,2026-06-01,1.0,0.6322697401046753,False,1,0,,0.6322697401046753,historical_series_model
SELECTED_FEEDBACK_COLD_START,fixed_origin_primary,亚洲龙,2026-01-01,13349.0,10362.1123046875,False,1,1,,10362.1123046875,historical_series_model
SELECTED_FEEDBACK_COLD_START,fixed_origin_primary,亚洲龙,2026-02-01,4963.0,8603.1376953125,False,1,1,,8603.1376953125,historical_series_model
SELECTED_FEEDBACK_COLD_START,fixed_origin_primary,亚洲龙,2026-03-01,10700.0,10443.451171875,False,1,1,,10443.451171875,historical_series_model
SELECTED_FEEDBACK_COLD_START,fixed_origin_primary,亚洲龙,2026-04-01,6113.0,9349.6650390625,False,1,1,,9349.6650390625,historical_series_model
SELECTED_FEEDBACK_COLD_START,fixed_origin_primary,亚洲龙,2026-05-01,5225.0,9098.6357421875,False,1,1,,9098.6357421875,historical_series_model
SELECTED_FEEDBACK_COLD_START,fixed_origin_primary,亚洲龙,2026-06-01,6026.0,9889.9375,False,1,1,,9889.9375,historical_series_model
SELECTED_FEEDBACK_COLD_START,fixed_origin_primary,享域,2026-01-01,0.0,0.1664480715990066,False,1,0,,0.1664480715990066,historical_series_model
SELECTED_FEEDBACK_COLD_START,fixed_origin_primary,享域,2026-02-01,0.0,0.1646269559860229,False,1,0,,0.1646269559860229,historical_series_model
SELECTED_FEEDBACK_COLD_START,fixed_origin_primary,享域,2026-03-01,0.0,0.1965456008911132,False,1,0,,0.1965456008911132,historical_series_model
SELECTED_FEEDBACK_COLD_START,fixed_origin_primary,享域,2026-04-01,0.0,0.0259403139352798,False,1,0,,0.0259403139352798,historical_series_model
SELECTED_FEEDBACK_COLD_START,fixed_origin_primary,享域,2026-05-01,0.0,0.024080941453576,False,1,0,,0.024080941453576,historical_series_model
SELECTED_FEEDBACK_COLD_START,fixed_origin_primary,享域,2026-06-01,0.0,0.0327731221914291,False,1,0,,0.0327731221914291,historical_series_model
SELECTED_FEEDBACK_COLD_START,fixed_origin_primary,伊兰特,2026-01-01,5061.0,5459.5185546875,False,1,0,,5459.5185546875,historical_series_model
SELECTED_FEEDBACK_COLD_START,fixed_origin_primary,伊兰特,2026-02-01,2878.0,3720.140625,False,1,0,,3720.140625,historical_series_model
SELECTED_FEEDBACK_COLD_START,fixed_origin_primary,伊兰特,2026-03-01,4043.0,4454.37255859375,False,1,0,,4454.37255859375,historical_series_model
SELECTED_FEEDBACK_COLD_START,fixed_origin_primary,伊兰特,2026-04-01,2198.0,3937.844482421875,False,1,0,,3937.844482421875,historical_series_model
SELECTED_FEEDBACK_COLD_START,fixed_origin_primary,伊兰特,2026-05-01,2730.0,3937.123291015625,False,1,0,,3937.123291015625,historical_series_model
SELECTED_FEEDBACK_COLD_START,fixed_origin_primary,伊兰特,2026-06-01,4480.0,4260.73388671875,False,1,0,,4260.73388671875,historical_series_model
SELECTED_FEEDBACK_COLD_START,fixed_origin_primary,传祺E8新能源,2026-01-01,1561.0,1382.943359375,False,1,1,,1382.943359375,historical_series_model
SELECTED_FEEDBACK_COLD_START,fixed_origin_primary,传祺E8新能源,2026-02-01,725.0,949.197998046875,False,1,1,,949.197998046875,historical_series_model
SELECTED_FEEDBACK_COLD_START,fixed_origin_primary,传祺E8新能源,2026-03-01,1438.0,1309.5,False,1,1,,1309.5,historical_series_model
SELECTED_FEEDBACK_COLD_START,fixed_origin_primary,传祺E8新能源,2026-04-01,1546.0,1068.9886474609375,False,1,1,,1068.9886474609375,historical_series_model
SELECTED_FEEDBACK_COLD_START,fixed_origin_primary,传祺E8新能源,2026-05-01,1510.0,1107.743896484375,False,1,1,,1107.743896484375,historical_series_model
SELECTED_FEEDBACK_COLD_START,fixed_origin_primary,传祺E8新能源,2026-06-01,2149.0,1165.6192626953125,False,1,1,,1165.6192626953125,historical_series_model
SELECTED_FEEDBACK_COLD_START,fixed_origin_primary,传祺GA8,2026-01-01,0.0,0.1360955238342285,False,1,0,,0.1360955238342285,historical_series_model
SELECTED_FEEDBACK_COLD_START,fixed_origin_primary,传祺GA8,2026-02-01,0.0,0.0347178019583225,False,1,0,,0.0347178019583225,historical_series_model
SELECTED_FEEDBACK_COLD_START,fixed_origin_primary,传祺GA8,2026-03-01,0.0,0.1176539808511734,False,1,0,,0.1176539808511734,historical_series_model
SELECTED_FEEDBACK_COLD_START,fixed_origin_primary,传祺GA8,2026-04-01,0.0,0.0,False,1,0,,0.0,historical_series_model
SELECTED_FEEDBACK_COLD_START,fixed_origin_primary,传祺GA8,2026-05-01,0.0,0.0,False,1,0,,0.0,historical_series_model
SELECTED_FEEDBACK_COLD_START,fixed_origin_primary,传祺GA8,2026-06-01,0.0,0.030030520632863,False,1,0,,0.030030520632863,historical_series_model
SELECTED_FEEDBACK_COLD_START,fixed_origin_primary,传祺M6,2026-01-01,2912.0,1352.7828369140625,False,1,1,,1352.7828369140625,historical_series_model
SELECTED_FEEDBACK_COLD_START,fixed_origin_primary,传祺M6,2026-02-01,1426.0,973.3574829101562,False,1,1,,973.3574829101562,historical_series_model
SELECTED_FEEDBACK_COLD_START,fixed_origin_primary,传祺M6,2026-03-01,2726.0,1353.3787841796875,False,1,1,,1353.3787841796875,historical_series_model
SELECTED_FEEDBACK_COLD_START,fixed_origin_primary,传祺M6,2026-04-01,1146.0,1192.657958984375,False,1,1,,1192.657958984375,historical_series_model
SELECTED_FEEDBACK_COLD_START,fixed_origin_primary,传祺M6,2026-05-01,1265.0,1196.2989501953125,False,1,1,,1196.2989501953125,historical_series_model
SELECTED_FEEDBACK_COLD_START,fixed_origin_primary,传祺M6,2026-06-01,2047.0,1215.8961181640625,False,1,1,,1215.8961181640625,historical_series_model
SELECTED_FEEDBACK_COLD_START,fixed_origin_primary,传祺M8,2026-01-01,5445.0,2989.86474609375,False,1,1,,2989.86474609375,historical_series_model
SELECTED_FEEDBACK_COLD_START,fixed_origin_primary,传祺M8,2026-02-01,2404.0,2321.330810546875,False,1,1,,2321.330810546875,historical_series_model
SELECTED_FEEDBACK_COLD_START,fixed_origin_primary,传祺M8,2026-03-01,5134.0,2874.03466796875,False,1,1,,2874.03466796875,historical_series_model
SELECTED_FEEDBACK_COLD_START,fixed_origin_primary,传祺M8,2026-04-01,4916.0,2436.235595703125,False,1,1,,2436.235595703125,historical_series_model
SELECTED_FEEDBACK_COLD_START,fixed_origin_primary,传祺M8,2026-05-01,5248.0,2263.298828125,False,1,1,,2263.298828125,historical_series_model
SELECTED_FEEDBACK_COLD_START,fixed_origin_primary,传祺M8,2026-06-01,6075.0,2341.170654296875,False,1,1,,2341.170654296875,historical_series_model
SELECTED_FEEDBACK_COLD_START,fixed_origin_primary,元PLUS,2026-01-01,2281.0,5563.97900390625,False,1,1,,5563.97900390625,historical_series_model
SELECTED_FEEDBACK_COLD_START,fixed_origin_primary,元PLUS,2026-02-01,1854.0,3624.873046875,False,1,1,,3624.873046875,historical_series_model
SELECTED_FEEDBACK_COLD_START,fixed_origin_primary,元PLUS,2026-03-01,6540.0,4003.078369140625,False,1,1,,4003.078369140625,historical_series_model
SELECTED_FEEDBACK_COLD_START,fixed_origin_primary,元PLUS,2026-04-01,5111.0,3743.73291015625,False,1,1,,3743.73291015625,historical_series_model
SELECTED_FEEDBACK_COLD_START,fixed_origin_primary,元PLUS,2026-05-01,3820.0,3535.101806640625,False,1,1,,3535.101806640625,historical_series_model
SELECTED_FEEDBACK_COLD_START,fixed_origin_primary,元PLUS,2026-06-01,5547.0,3781.52392578125,False,1,1,,3781.52392578125,historical_series_model
SELECTED_FEEDBACK_COLD_START,fixed_origin_primary,元UP,2026-01-01,5251.0,15145.6259765625,False,1,1,,15145.6259765625,historical_series_model
SELECTED_FEEDBACK_COLD_START,fixed_origin_primary,元UP,2026-02-01,5235.0,12085.5546875,False,1,1,,12085.5546875,historical_series_model
SELECTED_FEEDBACK_COLD_START,fixed_origin_primary,元UP,2026-03-01,21538.0,14686.9521484375,False,1,1,,14686.9521484375,historical_series_model
SELECTED_FEEDBACK_COLD_START,fixed_origin_primary,元UP,2026-04-01,15658.0,11210.0966796875,False,1,1,,11210.0966796875,historical_series_model
SELECTED_FEEDBACK_COLD_START,fixed_origin_primary,元UP,2026-05-01,17043.0,12963.556640625,False,1,1,,12963.556640625,historical_series_model
SELECTED_FEEDBACK_COLD_START,fixed_origin_primary,元UP,2026-06-01,17945.0,13578.4716796875,False,1,1,,13578.4716796875,historical_series_model
SELECTED_FEEDBACK_COLD_START,fixed_origin_primary,冠道,2026-01-01,392.0,381.7908630371094,False,1,0,,381.7908630371094,historical_series_model
SELECTED_FEEDBACK_COLD_START,fixed_origin_primary,冠道,2026-02-01,193.0,261.0163879394531,False,1,0,,261.0163879394531,historical_series_model
SELECTED_FEEDBACK_COLD_START,fixed_origin_primary,冠道,2026-03-01,349.0,367.2332763671875,False,1,0,,367.2332763671875,historical_series_model
SELECTED_FEEDBACK_COLD_START,fixed_origin_primary,冠道,2026-04-01,346.0,296.52392578125,False,1,0,,296.52392578125,historical_series_model
SELECTED_FEEDBACK_COLD_START,fixed_origin_primary,冠道,2026-05-01,313.0,274.5945739746094,False,1,0,,274.5945739746094,historical_series_model
SELECTED_FEEDBACK_COLD_START,fixed_origin_primary,冠道,2026-06-01,339.0,249.9127960205078,False,1,0,,249.9127960205078,historical_series_model
SELECTED_FEEDBACK_COLD_START,fixed_origin_primary,凌宝BOX,2026-01-01,180.0,241.4130401611328,False,1,1,,241.4130401611328,historical_series_model
SELECTED_FEEDBACK_COLD_START,fixed_origin_primary,凌宝BOX,2026-02-01,124.0,224.4064788818359,False,1,1,,224.4064788818359,historical_series_model
SELECTED_FEEDBACK_COLD_START,fixed_origin_primary,凌宝BOX,2026-03-01,135.0,346.9623107910156,False,1,1,,346.9623107910156,historical_series_model
SELECTED_FEEDBACK_COLD_START,fixed_origin_primary,凌宝BOX,2026-04-01,372.0,312.0823059082031,False,1,1,,312.0823059082031,historical_series_model
SELECTED_FEEDBACK_COLD_START,fixed_origin_primary,凌宝BOX,2026-05-01,381.0,308.6492614746094,False,1,1,,308.6492614746094,historical_series_model
SELECTED_FEEDBACK_COLD_START,fixed_origin_primary,凌宝BOX,2026-06-01,342.0,346.6175231933594,False,1,1,,346.6175231933594,historical_series_model
SELECTED_FEEDBACK_COLD_START,fixed_origin_primary,凌尚,2026-01-01,34.0,49.162105560302734,False,1,0,,49.162105560302734,historical_series_model
SELECTED_FEEDBACK_COLD_START,fixed_origin_primary,凌尚,2026-02-01,10.0,48.41940689086914,False,1,0,,48.41940689086914,historical_series_model
SELECTED_FEEDBACK_COLD_START,fixed_origin_primary,凌尚,2026-03-01,6.0,58.09368133544922,False,1,0,,58.09368133544922,historical_series_model
SELECTED_FEEDBACK_COLD_START,fixed_origin_primary,凌尚,2026-04-01,4.0,59.79234313964844,False,1,0,,59.79234313964844,historical_series_model
SELECTED_FEEDBACK_COLD_START,fixed_origin_primary,凌尚,2026-05-01,0.0,57.57640838623047,False,1,0,,57.57640838623047,historical_series_model
SELECTED_FEEDBACK_COLD_START,fixed_origin_primary,凌尚,2026-06-01,5.0,63.65087127685547,False,1,0,,63.65087127685547,historical_series_model
SELECTED_FEEDBACK_COLD_START,fixed_origin_primary,凌放HARRIER,2026-01-01,11.0,11.169514656066896,False,1,0,,11.169514656066896,historical_series_model
SELECTED_FEEDBACK_COLD_START,fixed_origin_primary,凌放HARRIER,2026-02-01,4.0,7.968309879302979,False,1,0,,7.968309879302979,historical_series_model
SELECTED_FEEDBACK_COLD_START,fixed_origin_primary,凌放HARRIER,2026-03-01,6.0,8.555548667907715,False,1,0,,8.555548667907715,historical_series_model
SELECTED_FEEDBACK_COLD_START,fixed_origin_primary,凌放HARRIER,2026-04-01,0.0,5.971968650817871,False,1,0,,5.971968650817871,historical_series_model
SELECTED_FEEDBACK_COLD_START,fixed_origin_primary,凌放HARRIER,2026-05-01,0.0,4.284351348876953,False,1,0,,4.284351348876953,historical_series_model
SELECTED_FEEDBACK_COLD_START,fixed_origin_primary,凌放HARRIER,2026-06-01,5.0,3.5219457149505615,False,1,0,,3.5219457149505615,historical_series_model
SELECTED_FEEDBACK_COLD_START,fixed_origin_primary,凌渡,2026-01-01,3285.0,2771.19287109375,False,1,1,,2771.19287109375,historical_series_model
SELECTED_FEEDBACK_COLD_START,fixed_origin_primary,凌渡,2026-02-01,2464.0,2015.19970703125,False,1,1,,2015.19970703125,historical_series_model
SELECTED_FEEDBACK_COLD_START,fixed_origin_primary,凌渡,2026-03-01,2114.0,2490.348876953125,False,1,1,,2490.348876953125,historical_series_model
SELECTED_FEEDBACK_COLD_START,fixed_origin_primary,凌渡,2026-04-01,1180.0,2028.486572265625,False,1,1,,2028.486572265625,historical_series_model
SELECTED_FEEDBACK_COLD_START,fixed_origin_primary,凌渡,2026-05-01,1319.0,2037.9847412109375,False,1,1,,2037.9847412109375,historical_series_model
SELECTED_FEEDBACK_COLD_START,fixed_origin_primary,凌渡,2026-06-01,1187.0,1930.3458251953125,False,1,1,,1930.3458251953125,historical_series_model
SELECTED_FEEDBACK_COLD_START,fixed_origin_primary,凡尔赛C5 X,2026-01-01,1195.0,797.3480834960938,False,1,1,,797.3480834960938,historical_series_model
SELECTED_FEEDBACK_COLD_START,fixed_origin_primary,凡尔赛C5 X,2026-02-01,943.0,663.062255859375,False,1,1,,663.062255859375,historical_series_model
SELECTED_FEEDBACK_COLD_START,fixed_origin_primary,凡尔赛C5 X,2026-03-01,1821.0,825.1275634765625,False,1,1,,825.1275634765625,historical_series_model
SELECTED_FEEDBACK_COLD_START,fixed_origin_primary,凡尔赛C5 X,2026-04-01,1115.0,752.5288696289062,False,1,1,,752.5288696289062,historical_series_model
SELECTED_FEEDBACK_COLD_START,fixed_origin_primary,凡尔赛C5 X,2026-05-01,595.0,735.7447509765625,False,1,1,,735.7447509765625,historical_series_model
SELECTED_FEEDBACK_COLD_START,fixed_origin_primary,凡尔赛C5 X,2026-06-01,731.0,762.728759765625,False,1,1,,762.728759765625,historical_series_model
SELECTED_FEEDBACK_COLD_START,fixed_origin_primary,凯威德,2026-01-01,0.0,0.0,True,0,0,0.0,1.3727434873580933,HORIZON_MEDIAN
SELECTED_FEEDBACK_COLD_START,fixed_origin_primary,凯威德,2026-02-01,0.0,0.0,True,0,0,0.0,1.6804920434951782,HORIZON_MEDIAN
SELECTED_FEEDBACK_COLD_START,fixed_origin_primary,凯威德,2026-03-01,0.0,108.0,True,0,0,108.0,1.628242015838623,HORIZON_MEDIAN
SELECTED_FEEDBACK_COLD_START,fixed_origin_primary,凯威德,2026-04-01,80.0,292.0,True,0,0,292.0,1.0089398622512815,HORIZON_MEDIAN
SELECTED_FEEDBACK_COLD_START,fixed_origin_primary,凯威德,2026-05-01,155.0,418.5,True,0,0,418.5,1.0192818641662598,HORIZON_MEDIAN
SELECTED_FEEDBACK_COLD_START,fixed_origin_primary,凯威德,2026-06-01,78.0,792.0,True,0,0,792.0,2.108163833618164,HORIZON_MEDIAN
SELECTED_FEEDBACK_COLD_START,fixed_origin_primary,凯美瑞,2026-01-01,17426.0,15416.6259765625,False,1,1,,15416.6259765625,historical_series_model
SELECTED_FEEDBACK_COLD_START,fixed_origin_primary,凯美瑞,2026-02-01,11172.0,11151.2333984375,False,1,1,,11151.2333984375,historical_series_model
SELECTED_FEEDBACK_COLD_START,fixed_origin_primary,凯美瑞,2026-03-01,17069.0,14172.1953125,False,1,1,,14172.1953125,historical_series_model
SELECTED_FEEDBACK_COLD_START,fixed_origin_primary,凯美瑞,2026-04-01,10963.0,11128.486328125,False,1,1,,11128.486328125,historical_series_model
SELECTED_FEEDBACK_COLD_START,fixed_origin_primary,凯美瑞,2026-05-01,12237.0,12184.103515625,False,1,1,,12184.103515625,historical_series_model
SELECTED_FEEDBACK_COLD_START,fixed_origin_primary,凯美瑞,2026-06-01,17114.0,13339.2607421875,False,1,1,,13339.2607421875,historical_series_model
SELECTED_FEEDBACK_COLD_START,fixed_origin_primary,凯翼拾月,2026-01-01,74.0,270.5535583496094,False,1,0,,270.5535583496094,historical_series_model
SELECTED_FEEDBACK_COLD_START,fixed_origin_primary,凯翼拾月,2026-02-01,110.0,209.7231903076172,False,1,0,,209.7231903076172,historical_series_model
SELECTED_FEEDBACK_COLD_START,fixed_origin_primary,凯翼拾月,2026-03-01,181.0,295.69586181640625,False,1,0,,295.69586181640625,historical_series_model
SELECTED_FEEDBACK_COLD_START,fixed_origin_primary,凯翼拾月,2026-04-01,254.0,264.3662414550781,False,1,0,,264.3662414550781,historical_series_model
SELECTED_FEEDBACK_COLD_START,fixed_origin_primary,凯翼拾月,2026-05-01,882.0,219.1278381347656,False,1,0,,219.1278381347656,historical_series_model
SELECTED_FEEDBACK_COLD_START,fixed_origin_primary,凯翼拾月,2026-06-01,1417.0,207.0587615966797,False,1,0,,207.0587615966797,historical_series_model
SELECTED_FEEDBACK_COLD_START,fixed_origin_primary,凯迪拉克CT5,2026-01-01,3673.0,2516.546142578125,False,1,1,,2516.546142578125,historical_series_model
SELECTED_FEEDBACK_COLD_START,fixed_origin_primary,凯迪拉克CT5,2026-02-01,1857.0,1960.3643798828125,False,1,1,,1960.3643798828125,historical_series_model
SELECTED_FEEDBACK_COLD_START,fixed_origin_primary,凯迪拉克CT5,2026-03-01,3819.0,2547.999755859375,False,1,1,,2547.999755859375,historical_series_model
SELECTED_FEEDBACK_COLD_START,fixed_origin_primary,凯迪拉克CT5,2026-04-01,2195.0,2185.59375,False,1,1,,2185.59375,historical_series_model
SELECTED_FEEDBACK_COLD_START,fixed_origin_primary,凯迪拉克CT5,2026-05-01,1970.0,2269.56005859375,False,1,1,,2269.56005859375,historical_series_model
SELECTED_FEEDBACK_COLD_START,fixed_origin_primary,凯迪拉克CT5,2026-06-01,1852.0,2185.609375,False,1,1,,2185.609375,historical_series_model
SELECTED_FEEDBACK_COLD_START,fixed_origin_primary,凯迪拉克XT5,2026-01-01,4786.0,3202.944091796875,False,1,1,,3202.944091796875,historical_series_model
SELECTED_FEEDBACK_COLD_START,fixed_origin_primary,凯迪拉克XT5,2026-02-01,2440.0,2554.884765625,False,1,1,,2554.884765625,historical_series_model
SELECTED_FEEDBACK_COLD_START,fixed_origin_primary,凯迪拉克XT5,2026-03-01,4424.0,3363.127685546875,False,1,1,,3363.127685546875,historical_series_model
SELECTED_FEEDBACK_COLD_START,fixed_origin_primary,凯迪拉克XT5,2026-04-01,3429.0,3009.40380859375,False,1,1,,3009.40380859375,historical_series_model
SELECTED_FEEDBACK_COLD_START,fixed_origin_primary,凯迪拉克XT5,2026-05-01,3339.0,2911.75,False,1,1,,2911.75,historical_series_model
SELECTED_FEEDBACK_COLD_START,fixed_origin_primary,凯迪拉克XT5,2026-06-01,3265.0,3129.26806640625,False,1,1,,3129.26806640625,historical_series_model
SELECTED_FEEDBACK_COLD_START,fixed_origin_primary,凯迪拉克XT6,2026-01-01,151.0,131.73489379882812,False,1,1,,131.73489379882812,historical_series_model
SELECTED_FEEDBACK_COLD_START,fixed_origin_primary,凯迪拉克XT6,2026-02-01,62.0,96.59481811523438,False,1,1,,96.59481811523438,historical_series_model
SELECTED_FEEDBACK_COLD_START,fixed_origin_primary,凯迪拉克XT6,2026-03-01,101.0,86.63787078857422,False,1,1,,86.63787078857422,historical_series_model
SELECTED_FEEDBACK_COLD_START,fixed_origin_primary,凯迪拉克XT6,2026-04-01,87.0,65.52088165283203,False,1,1,,65.52088165283203,historical_series_model
SELECTED_FEEDBACK_COLD_START,fixed_origin_primary,凯迪拉克XT6,2026-05-01,72.0,41.21207427978515,False,1,1,,41.21207427978515,historical_series_model
SELECTED_FEEDBACK_COLD_START,fixed_origin_primary,凯迪拉克XT6,2026-06-01,65.0,40.10002136230469,False,1,1,,40.10002136230469,historical_series_model
SELECTED_FEEDBACK_COLD_START,fixed_origin_primary,别克E4,2026-01-01,2.0,0.6990540027618408,False,1,0,,0.6990540027618408,historical_series_model
SELECTED_FEEDBACK_COLD_START,fixed_origin_primary,别克E4,2026-02-01,2.0,0.2171742767095565,False,1,0,,0.2171742767095565,historical_series_model
SELECTED_FEEDBACK_COLD_START,fixed_origin_primary,别克E4,2026-03-01,2.0,0.3282976448535919,False,1,0,,0.3282976448535919,historical_series_model
SELECTED_FEEDBACK_COLD_START,fixed_origin_primary,别克E4,2026-04-01,2.0,0.1765237897634506,False,1,0,,0.1765237897634506,historical_series_model
SELECTED_FEEDBACK_COLD_START,fixed_origin_primary,别克E4,2026-05-01,1.0,0.1887923330068588,False,1,0,,0.1887923330068588,historical_series_model
SELECTED_FEEDBACK_COLD_START,fixed_origin_primary,别克E4,2026-06-01,1.0,0.215666115283966,False,1,0,,0.215666115283966,historical_series_model
SELECTED_FEEDBACK_COLD_START,fixed_origin_primary,别克GL6,2026-01-01,0.0,0.0094941072165966,False,1,0,,0.0094941072165966,historical_series_model
SELECTED_FEEDBACK_COLD_START,fixed_origin_primary,别克GL6,2026-02-01,0.0,0.0,False,1,0,,0.0,historical_series_model
SELECTED_FEEDBACK_COLD_START,fixed_origin_primary,别克GL6,2026-03-01,0.0,0.1318440735340118,False,1,0,,0.1318440735340118,historical_series_model
SELECTED_FEEDBACK_COLD_START,fixed_origin_primary,别克GL6,2026-04-01,0.0,0.0,False,1,0,,0.0,historical_series_model
SELECTED_FEEDBACK_COLD_START,fixed_origin_primary,别克GL6,2026-05-01,0.0,0.0038170160260051,False,1,0,,0.0038170160260051,historical_series_model
SELECTED_FEEDBACK_COLD_START,fixed_origin_primary,别克GL6,2026-06-01,0.0,0.0123372804373502,False,1,0,,0.0123372804373502,historical_series_model
SELECTED_FEEDBACK_COLD_START,fixed_origin_primary,别克GL8,2026-01-01,4437.0,2819.714599609375,False,1,1,,2819.714599609375,historical_series_model
SELECTED_FEEDBACK_COLD_START,fixed_origin_primary,别克GL8,2026-02-01,1794.0,2151.725341796875,False,1,1,,2151.725341796875,historical_series_model
SELECTED_FEEDBACK_COLD_START,fixed_origin_primary,别克GL8,2026-03-01,4491.0,2981.738037109375,False,1,1,,2981.738037109375,historical_series_model
SELECTED_FEEDBACK_COLD_START,fixed_origin_primary,别克GL8,2026-04-01,3198.0,2462.7529296875,False,1,1,,2462.7529296875,historical_series_model
SELECTED_FEEDBACK_COLD_START,fixed_origin_primary,别克GL8,2026-05-01,2952.0,2332.334228515625,False,1,1,,2332.334228515625,historical_series_model
SELECTED_FEEDBACK_COLD_START,fixed_origin_primary,别克GL8,2026-06-01,2781.0,2345.285400390625,False,1,1,,2345.285400390625,historical_series_model
SELECTED_FEEDBACK_COLD_START,fixed_origin_primary,别克GL8新能源,2026-01-01,2175.0,3418.279296875,False,1,1,,3418.279296875,historical_series_model
SELECTED_FEEDBACK_COLD_START,fixed_origin_primary,别克GL8新能源,2026-02-01,1712.0,2626.2099609375,False,1,1,,2626.2099609375,historical_series_model
SELECTED_FEEDBACK_COLD_START,fixed_origin_primary,别克GL8新能源,2026-03-01,2638.0,3377.0419921875,False,1,1,,3377.0419921875,historical_series_model
SELECTED_FEEDBACK_COLD_START,fixed_origin_primary,别克GL8新能源,2026-04-01,2355.0,2868.400146484375,False,1,1,,2868.400146484375,historical_series_model
SELECTED_FEEDBACK_COLD_START,fixed_origin_primary,别克GL8新能源,2026-05-01,2683.0,2718.613525390625,False,1,1,,2718.613525390625,historical_series_model
SELECTED_FEEDBACK_COLD_START,fixed_origin_primary,别克GL8新能源,2026-06-01,3612.0,2945.446533203125,False,1,1,,2945.446533203125,historical_series_model
SELECTED_FEEDBACK_COLD_START,fixed_origin_primary,勇士,2026-01-01,122.0,92.36768341064452,False,1,0,,92.36768341064452,historical_series_model
SELECTED_FEEDBACK_COLD_START,fixed_origin_primary,勇士,2026-02-01,76.0,53.993709564208984,False,1,0,,53.993709564208984,historical_series_model
SELECTED_FEEDBACK_COLD_START,fixed_origin_primary,勇士,2026-03-01,151.0,70.80261993408203,False,1,0,,70.80261993408203,historical_series_model
SELECTED_FEEDBACK_COLD_START,fixed_origin_primary,勇士,2026-04-01,176.0,54.96133804321289,False,1,0,,54.96133804321289,historical_series_model
SELECTED_FEEDBACK_COLD_START,fixed_origin_primary,勇士,2026-05-01,181.0,60.68517303466797,False,1,0,,60.68517303466797,historical_series_model
SELECTED_FEEDBACK_COLD_START,fixed_origin_primary,勇士,2026-06-01,148.0,64.20875549316406,False,1,0,,64.20875549316406,historical_series_model
SELECTED_FEEDBACK_COLD_START,fixed_origin_primary,北京EU5,2026-01-01,5.0,931.462646484375,False,1,0,,931.462646484375,historical_series_model
SELECTED_FEEDBACK_COLD_START,fixed_origin_primary,北京EU5,2026-02-01,4.0,702.6422729492188,False,1,0,,702.6422729492188,historical_series_model
SELECTED_FEEDBACK_COLD_START,fixed_origin_primary,北京EU5,2026-03-01,0.0,1003.6859741210938,False,1,0,,1003.6859741210938,historical_series_model
SELECTED_FEEDBACK_COLD_START,fixed_origin_primary,北京EU5,2026-04-01,23.0,812.77197265625,False,1,0,,812.77197265625,historical_series_model
SELECTED_FEEDBACK_COLD_START,fixed_origin_primary,北京EU5,2026-05-01,89.0,796.7190551757812,False,1,0,,796.7190551757812,historical_series_model
SELECTED_FEEDBACK_COLD_START,fixed_origin_primary,北京EU5,2026-06-01,731.0,806.8493041992188,False,1,0,,806.8493041992188,historical_series_model
SELECTED_FEEDBACK_COLD_START,fixed_origin_primary,北京现代ix35,2026-01-01,178.0,109.49468994140624,False,1,0,,109.49468994140624,historical_series_model
SELECTED_FEEDBACK_COLD_START,fixed_origin_primary,北京现代ix35,2026-02-01,145.0,75.02696228027344,False,1,0,,75.02696228027344,historical_series_model
SELECTED_FEEDBACK_COLD_START,fixed_origin_primary,北京现代ix35,2026-03-01,111.0,71.28204345703125,False,1,0,,71.28204345703125,historical_series_model
SELECTED_FEEDBACK_COLD_START,fixed_origin_primary,北京现代ix35,2026-04-01,88.0,55.395111083984375,False,1,0,,55.395111083984375,historical_series_model
SELECTED_FEEDBACK_COLD_START,fixed_origin_primary,北京现代ix35,2026-05-01,73.0,54.42934036254883,False,1,0,,54.42934036254883,historical_series_model
SELECTED_FEEDBACK_COLD_START,fixed_origin_primary,北京现代ix35,2026-06-01,86.0,56.2807731628418,False,1,0,,56.2807731628418,historical_series_model
SELECTED_FEEDBACK_COLD_START,fixed_origin_primary,博越REV,2026-01-01,0.0,0.0,True,0,0,0.0,1.1612224578857422,HORIZON_MEDIAN
SELECTED_FEEDBACK_COLD_START,fixed_origin_primary,博越REV,2026-02-01,0.0,0.0,True,0,0,0.0,2.711059093475342,HORIZON_MEDIAN
SELECTED_FEEDBACK_COLD_START,fixed_origin_primary,博越REV,2026-03-01,132.0,108.0,True,0,0,108.0,2.8861215114593506,HORIZON_MEDIAN
SELECTED_FEEDBACK_COLD_START,fixed_origin_primary,博越REV,2026-04-01,503.0,292.0,True,0,0,292.0,1.3689627647399902,HORIZON_MEDIAN
SELECTED_FEEDBACK_COLD_START,fixed_origin_primary,博越REV,2026-05-01,227.0,418.5,True,0,0,418.5,0.9772788286209106,HORIZON_MEDIAN
SELECTED_FEEDBACK_COLD_START,fixed_origin_primary,博越REV,2026-06-01,180.0,792.0,True,0,0,792.0,0.4138895869255066,HORIZON_MEDIAN
SELECTED_FEEDBACK_COLD_START,fixed_origin_primary,卡罗拉,2026-01-01,6043.0,4387.2734375,False,1,1,,4387.2734375,historical_series_model
SELECTED_FEEDBACK_COLD_START,fixed_origin_primary,卡罗拉,2026-02-01,5004.0,3417.037109375,False,1,1,,3417.037109375,historical_series_model
SELECTED_FEEDBACK_COLD_START,fixed_origin_primary,卡罗拉,2026-03-01,8216.0,3618.91650390625,False,1,1,,3618.91650390625,historical_series_model
SELECTED_FEEDBACK_COLD_START,fixed_origin_primary,卡罗拉,2026-04-01,3670.0,3307.25,False,1,1,,3307.25,historical_series_model
SELECTED_FEEDBACK_COLD_START,fixed_origin_primary,卡罗拉,2026-05-01,3268.0,3392.498779296875,False,1,1,,3392.498779296875,historical_series_model
SELECTED_FEEDBACK_COLD_START,fixed_origin_primary,卡罗拉,2026-06-01,5227.0,3622.415283203125,False,1,1,,3622.415283203125,historical_series_model
SELECTED_FEEDBACK_COLD_START,fixed_origin_primary,卡罗拉双擎E+,2026-01-01,0.0,0.1592826843261718,False,1,0,,0.1592826843261718,historical_series_model
SELECTED_FEEDBACK_COLD_START,fixed_origin_primary,卡罗拉双擎E+,2026-02-01,0.0,0.0986189618706703,False,1,0,,0.0986189618706703,historical_series_model
SELECTED_FEEDBACK_COLD_START,fixed_origin_primary,卡罗拉双擎E+,2026-03-01,0.0,0.1635299623012542,False,1,0,,0.1635299623012542,historical_series_model
SELECTED_FEEDBACK_COLD_START,fixed_origin_primary,卡罗拉双擎E+,2026-04-01,0.0,0.0,False,1,0,,0.0,historical_series_model
SELECTED_FEEDBACK_COLD_START,fixed_origin_primary,卡罗拉双擎E+,2026-05-01,0.0,0.0,False,1,0,,0.0,historical_series_model
SELECTED_FEEDBACK_COLD_START,fixed_origin_primary,卡罗拉双擎E+,2026-06-01,0.0,0.0,False,1,0,,0.0,historical_series_model
SELECTED_FEEDBACK_COLD_START,fixed_origin_primary,卡罗拉锐放,2026-01-01,20188.0,14064.7822265625,False,1,1,,14064.7822265625,historical_series_model
SELECTED_FEEDBACK_COLD_START,fixed_origin_primary,卡罗拉锐放,2026-02-01,7395.0,11205.115234375,False,1,1,,11205.115234375,historical_series_model
SELECTED_FEEDBACK_COLD_START,fixed_origin_primary,卡罗拉锐放,2026-03-01,13555.0,14201.4345703125,False,1,1,,14201.4345703125,historical_series_model
SELECTED_FEEDBACK_COLD_START,fixed_origin_primary,卡罗拉锐放,2026-04-01,9184.0,11154.658203125,False,1,1,,11154.658203125,historical_series_model
SELECTED_FEEDBACK_COLD_START,fixed_origin_primary,卡罗拉锐放,2026-05-01,6783.0,12213.57421875,False,1,1,,12213.57421875,historical_series_model
SELECTED_FEEDBACK_COLD_START,fixed_origin_primary,卡罗拉锐放,2026-06-01,10688.0,13213.8525390625,False,1,1,,13213.8525390625,historical_series_model
SELECTED_FEEDBACK_COLD_START,fixed_origin_primary,合创A06,2026-01-01,0.0,1.2227381467819214,False,1,0,,1.2227381467819214,historical_series_model
SELECTED_FEEDBACK_COLD_START,fixed_origin_primary,合创A06,2026-02-01,0.0,0.8619250655174255,False,1,0,,0.8619250655174255,historical_series_model
SELECTED_FEEDBACK_COLD_START,fixed_origin_primary,合创A06,2026-03-01,0.0,0.3488230109214782,False,1,0,,0.3488230109214782,historical_series_model
SELECTED_FEEDBACK_COLD_START,fixed_origin_primary,合创A06,2026-04-01,0.0,0.203517198562622,False,1,0,,0.203517198562622,historical_series_model
SELECTED_FEEDBACK_COLD_START,fixed_origin_primary,合创A06,2026-05-01,0.0,0.1540872007608413,False,1,0,,0.1540872007608413,historical_series_model
SELECTED_FEEDBACK_COLD_START,fixed_origin_primary,合创A06,2026-06-01,0.0,0.2223320007324218,False,1,0,,0.2223320007324218,historical_series_model
SELECTED_FEEDBACK_COLD_START,fixed_origin_primary,吉利ICON,2026-01-01,1228.0,839.424560546875,False,1,1,,839.424560546875,historical_series_model
SELECTED_FEEDBACK_COLD_START,fixed_origin_primary,吉利ICON,2026-02-01,369.0,698.18994140625,False,1,1,,698.18994140625,historical_series_model
SELECTED_FEEDBACK_COLD_START,fixed_origin_primary,吉利ICON,2026-03-01,929.0,818.6962280273438,False,1,1,,818.6962280273438,historical_series_model
SELECTED_FEEDBACK_COLD_START,fixed_origin_primary,吉利ICON,2026-04-01,515.0,753.1798706054688,False,1,1,,753.1798706054688,historical_series_model
SELECTED_FEEDBACK_COLD_START,fixed_origin_primary,吉利ICON,2026-05-01,635.0,726.0383911132812,False,1,1,,726.0383911132812,historical_series_model
SELECTED_FEEDBACK_COLD_START,fixed_origin_primary,吉利ICON,2026-06-01,687.0,730.44580078125,False,1,1,,730.44580078125,historical_series_model
SELECTED_FEEDBACK_COLD_START,fixed_origin_primary,吉利熊猫,2026-01-01,2015.0,5283.2294921875,False,1,1,,5283.2294921875,historical_series_model
SELECTED_FEEDBACK_COLD_START,fixed_origin_primary,吉利熊猫,2026-02-01,1586.0,3763.857177734375,False,1,1,,3763.857177734375,historical_series_model
SELECTED_FEEDBACK_COLD_START,fixed_origin_primary,吉利熊猫,2026-03-01,6562.0,3042.456298828125,False,1,1,,3042.456298828125,historical_series_model
SELECTED_FEEDBACK_COLD_START,fixed_origin_primary,吉利熊猫,2026-04-01,4367.0,2522.692626953125,False,1,1,,2522.692626953125,historical_series_model
SELECTED_FEEDBACK_COLD_START,fixed_origin_primary,吉利熊猫,2026-05-01,2728.0,2716.2880859375,False,1,1,,2716.2880859375,historical_series_model
SELECTED_FEEDBACK_COLD_START,fixed_origin_primary,吉利熊猫,2026-06-01,2675.0,2786.017578125,False,1,1,,2786.017578125,historical_series_model
SELECTED_FEEDBACK_COLD_START,fixed_origin_primary,君威,2026-01-01,4104.0,2620.043701171875,False,1,1,,2620.043701171875,historical_series_model
SELECTED_FEEDBACK_COLD_START,fixed_origin_primary,君威,2026-02-01,1959.0,1945.5927734375,False,1,1,,1945.5927734375,historical_series_model
SELECTED_FEEDBACK_COLD_START,fixed_origin_primary,君威,2026-03-01,3652.0,2457.37353515625,False,1,1,,2457.37353515625,historical_series_model
SELECTED_FEEDBACK_COLD_START,fixed_origin_primary,君威,2026-04-01,1532.0,1947.0450439453125,False,1,1,,1947.0450439453125,historical_series_model
SELECTED_FEEDBACK_COLD_START,fixed_origin_primary,君威,2026-05-01,1537.0,1984.9620361328125,False,1,1,,1984.9620361328125,historical_series_model
SELECTED_FEEDBACK_COLD_START,fixed_origin_primary,君威,2026-06-01,1435.0,1895.499755859375,False,1,1,,1895.499755859375,historical_series_model
SELECTED_FEEDBACK_COLD_START,fixed_origin_primary,君越,2026-01-01,6403.0,4032.486083984375,False,1,1,,4032.486083984375,historical_series_model
SELECTED_FEEDBACK_COLD_START,fixed_origin_primary,君越,2026-02-01,3151.0,2901.618896484375,False,1,1,,2901.618896484375,historical_series_model
SELECTED_FEEDBACK_COLD_START,fixed_origin_primary,君越,2026-03-01,6751.0,3755.851806640625,False,1,1,,3755.851806640625,historical_series_model
SELECTED_FEEDBACK_COLD_START,fixed_origin_primary,君越,2026-04-01,3248.0,3240.185546875,False,1,1,,3240.185546875,historical_series_model
SELECTED_FEEDBACK_COLD_START,fixed_origin_primary,君越,2026-05-01,3624.0,3292.4326171875,False,1,1,,3292.4326171875,historical_series_model
SELECTED_FEEDBACK_COLD_START,fixed_origin_primary,君越,2026-06-01,3967.0,3660.23193359375,False,1,1,,3660.23193359375,historical_series_model
SELECTED_FEEDBACK_COLD_START,fixed_origin_primary,启辰D60,2026-01-01,138.0,137.04949951171875,False,1,1,,137.04949951171875,historical_series_model
SELECTED_FEEDBACK_COLD_START,fixed_origin_primary,启辰D60,2026-02-01,86.0,115.31431579589844,False,1,1,,115.31431579589844,historical_series_model
SELECTED_FEEDBACK_COLD_START,fixed_origin_primary,启辰D60,2026-03-01,135.0,141.99102783203125,False,1,1,,141.99102783203125,historical_series_model
SELECTED_FEEDBACK_COLD_START,fixed_origin_primary,启辰D60,2026-04-01,148.0,133.8489532470703,False,1,1,,133.8489532470703,historical_series_model
SELECTED_FEEDBACK_COLD_START,fixed_origin_primary,启辰D60,2026-05-01,99.0,133.71707153320312,False,1,1,,133.71707153320312,historical_series_model
SELECTED_FEEDBACK_COLD_START,fixed_origin_primary,启辰D60,2026-06-01,82.0,146.07118225097656,False,1,1,,146.07118225097656,historical_series_model
SELECTED_FEEDBACK_COLD_START,fixed_origin_primary,启辰T60,2026-01-01,0.0,0.239494651556015,False,1,0,,0.239494651556015,historical_series_model
SELECTED_FEEDBACK_COLD_START,fixed_origin_primary,启辰T60,2026-02-01,0.0,0.2375596314668655,False,1,0,,0.2375596314668655,historical_series_model
SELECTED_FEEDBACK_COLD_START,fixed_origin_primary,启辰T60,2026-03-01,0.0,0.319013774394989,False,1,0,,0.319013774394989,historical_series_model
SELECTED_FEEDBACK_COLD_START,fixed_origin_primary,启辰T60,2026-04-01,0.0,0.1309465765953064,False,1,0,,0.1309465765953064,historical_series_model
SELECTED_FEEDBACK_COLD_START,fixed_origin_primary,启辰T60,2026-05-01,0.0,0.0734051167964935,False,1,0,,0.0734051167964935,historical_series_model
SELECTED_FEEDBACK_COLD_START,fixed_origin_primary,启辰T60,2026-06-01,0.0,0.0338989496231079,False,1,0,,0.0338989496231079,historical_series_model
SELECTED_FEEDBACK_COLD_START,fixed_origin_primary,唐新能源,2026-01-01,1502.0,3802.79443359375,False,1,1,,3802.79443359375,historical_series_model
SELECTED_FEEDBACK_COLD_START,fixed_origin_primary,唐新能源,2026-02-01,1328.0,2775.3916015625,False,1,1,,2775.3916015625,historical_series_model
SELECTED_FEEDBACK_COLD_START,fixed_origin_primary,唐新能源,2026-03-01,1785.0,3566.79736328125,False,1,1,,3566.79736328125,historical_series_model
SELECTED_FEEDBACK_COLD_START,fixed_origin_primary,唐新能源,2026-04-01,1829.0,3023.484130859375,False,1,1,,3023.484130859375,historical_series_model
SELECTED_FEEDBACK_COLD_START,fixed_origin_primary,唐新能源,2026-05-01,2110.0,2934.044921875,False,1,1,,2934.044921875,historical_series_model
SELECTED_FEEDBACK_COLD_START,fixed_origin_primary,唐新能源,2026-06-01,1670.0,3244.9306640625,False,1,1,,3244.9306640625,historical_series_model
SELECTED_FEEDBACK_COLD_START,fixed_origin_primary,嘉华,2026-01-01,97.0,57.86085510253906,False,1,1,,57.86085510253906,historical_series_model
SELECTED_FEEDBACK_COLD_START,fixed_origin_primary,嘉华,2026-02-01,64.0,57.24580001831055,False,1,1,,57.24580001831055,historical_series_model
SELECTED_FEEDBACK_COLD_START,fixed_origin_primary,嘉华,2026-03-01,71.0,113.12830352783205,False,1,1,,113.12830352783205,historical_series_model
SELECTED_FEEDBACK_COLD_START,fixed_origin_primary,嘉华,2026-04-01,81.0,109.03987884521484,False,1,1,,109.03987884521484,historical_series_model
SELECTED_FEEDBACK_COLD_START,fixed_origin_primary,嘉华,2026-05-01,64.0,110.0551300048828,False,1,1,,110.0551300048828,historical_series_model
SELECTED_FEEDBACK_COLD_START,fixed_origin_primary,嘉华,2026-06-01,62.0,117.93922424316406,False,1,1,,117.93922424316406,historical_series_model
SELECTED_FEEDBACK_COLD_START,fixed_origin_primary,型格,2026-01-01,936.0,740.5645751953125,False,1,1,,740.5645751953125,historical_series_model
SELECTED_FEEDBACK_COLD_START,fixed_origin_primary,型格,2026-02-01,332.0,552.32666015625,False,1,1,,552.32666015625,historical_series_model
SELECTED_FEEDBACK_COLD_START,fixed_origin_primary,型格,2026-03-01,345.0,707.3732299804688,False,1,1,,707.3732299804688,historical_series_model
SELECTED_FEEDBACK_COLD_START,fixed_origin_primary,型格,2026-04-01,134.0,607.9937744140625,False,1,1,,607.9937744140625,historical_series_model
SELECTED_FEEDBACK_COLD_START,fixed_origin_primary,型格,2026-05-01,142.0,542.189453125,False,1,1,,542.189453125,historical_series_model
SELECTED_FEEDBACK_COLD_START,fixed_origin_primary,型格,2026-06-01,110.0,568.5117797851562,False,1,1,,568.5117797851562,historical_series_model
SELECTED_FEEDBACK_COLD_START,fixed_origin_primary,埃尚,2026-01-01,0.0,0.0,True,1,1,0.0,67.55143737792969,HORIZON_MEDIAN
SELECTED_FEEDBACK_COLD_START,fixed_origin_primary,埃尚,2026-02-01,0.0,0.0,True,1,1,0.0,105.12503814697266,HORIZON_MEDIAN
SELECTED_FEEDBACK_COLD_START,fixed_origin_primary,埃尚,2026-03-01,217.0,108.0,True,1,1,108.0,179.4019775390625,HORIZON_MEDIAN
SELECTED_FEEDBACK_COLD_START,fixed_origin_primary,埃尚,2026-04-01,408.0,292.0,True,1,1,292.0,163.87803649902344,HORIZON_MEDIAN
SELECTED_FEEDBACK_COLD_START,fixed_origin_primary,埃尚,2026-05-01,451.0,418.5,True,1,1,418.5,168.38197326660156,HORIZON_MEDIAN
SELECTED_FEEDBACK_COLD_START,fixed_origin_primary,埃尚,2026-06-01,412.0,792.0,True,1,1,792.0,178.50672912597656,HORIZON_MEDIAN
SELECTED_FEEDBACK_COLD_START,fixed_origin_primary,夏,2026-01-01,732.0,1670.473876953125,False,1,1,,1670.473876953125,historical_series_model
SELECTED_FEEDBACK_COLD_START,fixed_origin_primary,夏,2026-02-01,625.0,1198.754638671875,False,1,1,,1198.754638671875,historical_series_model
SELECTED_FEEDBACK_COLD_START,fixed_origin_primary,夏,2026-03-01,897.0,1524.39111328125,False,1,1,,1524.39111328125,historical_series_model
SELECTED_FEEDBACK_COLD_START,fixed_origin_primary,夏,2026-04-01,697.0,1353.712158203125,False,1,1,,1353.712158203125,historical_series_model
SELECTED_FEEDBACK_COLD_START,fixed_origin_primary,夏,2026-05-01,648.0,1385.64111328125,False,1,1,,1385.64111328125,historical_series_model
SELECTED_FEEDBACK_COLD_START,fixed_origin_primary,夏,2026-06-01,502.0,1411.9400634765625,False,1,1,,1411.9400634765625,historical_series_model
SELECTED_FEEDBACK_COLD_START,fixed_origin_primary,大众CC,2026-01-01,1362.0,755.5213623046875,False,1,1,,755.5213623046875,historical_series_model
SELECTED_FEEDBACK_COLD_START,fixed_origin_primary,大众CC,2026-02-01,1120.0,539.8295288085938,False,1,1,,539.8295288085938,historical_series_model
SELECTED_FEEDBACK_COLD_START,fixed_origin_primary,大众CC,2026-03-01,834.0,714.4083862304688,False,1,1,,714.4083862304688,historical_series_model
SELECTED_FEEDBACK_COLD_START,fixed_origin_primary,大众CC,2026-04-01,620.0,629.4612426757812,False,1,1,,629.4612426757812,historical_series_model
SELECTED_FEEDBACK_COLD_START,fixed_origin_primary,大众CC,2026-05-01,678.0,584.8984985351562,False,1,1,,584.8984985351562,historical_series_model
SELECTED_FEEDBACK_COLD_START,fixed_origin_primary,大众CC,2026-06-01,716.0,590.3787841796875,False,1,1,,590.3787841796875,historical_series_model
SELECTED_FEEDBACK_COLD_START,fixed_origin_primary,大众ID.3,2026-01-01,452.0,1511.7008056640625,False,1,1,,1511.7008056640625,historical_series_model
SELECTED_FEEDBACK_COLD_START,fixed_origin_primary,大众ID.3,2026-02-01,306.0,1047.8580322265625,False,1,1,,1047.8580322265625,historical_series_model
SELECTED_FEEDBACK_COLD_START,fixed_origin_primary,大众ID.3,2026-03-01,945.0,1465.0592041015625,False,1,1,,1465.0592041015625,historical_series_model
SELECTED_FEEDBACK_COLD_START,fixed_origin_primary,大众ID.3,2026-04-01,762.0,1215.9268798828125,False,1,1,,1215.9268798828125,historical_series_model
SELECTED_FEEDBACK_COLD_START,fixed_origin_primary,大众ID.3,2026-05-01,759.0,1189.9603271484375,False,1,1,,1189.9603271484375,historical_series_model
SELECTED_FEEDBACK_COLD_START,fixed_origin_primary,大众ID.3,2026-06-01,680.0,1233.1383056640625,False,1,1,,1233.1383056640625,historical_series_model
SELECTED_FEEDBACK_COLD_START,fixed_origin_primary,大家7,2026-01-01,30.0,196.04525756835935,False,1,1,,196.04525756835935,historical_series_model
SELECTED_FEEDBACK_COLD_START,fixed_origin_primary,大家7,2026-02-01,56.0,151.31967163085938,False,1,1,,151.31967163085938,historical_series_model
SELECTED_FEEDBACK_COLD_START,fixed_origin_primary,大家7,2026-03-01,42.0,250.1934051513672,False,1,1,,250.1934051513672,historical_series_model
SELECTED_FEEDBACK_COLD_START,fixed_origin_primary,大家7,2026-04-01,16.0,179.30050659179688,False,1,1,,179.30050659179688,historical_series_model
SELECTED_FEEDBACK_COLD_START,fixed_origin_primary,大家7,2026-05-01,135.0,184.6151123046875,False,1,1,,184.6151123046875,historical_series_model
SELECTED_FEEDBACK_COLD_START,fixed_origin_primary,大家7,2026-06-01,94.0,190.2639617919922,False,1,1,,190.2639617919922,historical_series_model
SELECTED_FEEDBACK_COLD_START,fixed_origin_primary,大家9,2026-01-01,34.0,148.90005493164062,False,1,0,,148.90005493164062,historical_series_model
SELECTED_FEEDBACK_COLD_START,fixed_origin_primary,大家9,2026-02-01,21.0,135.45574951171875,False,1,0,,135.45574951171875,historical_series_model
SELECTED_FEEDBACK_COLD_START,fixed_origin_primary,大家9,2026-03-01,152.0,201.1864471435547,False,1,0,,201.1864471435547,historical_series_model
SELECTED_FEEDBACK_COLD_START,fixed_origin_primary,大家9,2026-04-01,95.0,163.65380859375,False,1,0,,163.65380859375,historical_series_model
SELECTED_FEEDBACK_COLD_START,fixed_origin_primary,大家9,2026-05-01,128.0,155.45713806152344,False,1,0,,155.45713806152344,historical_series_model
SELECTED_FEEDBACK_COLD_START,fixed_origin_primary,大家9,2026-06-01,221.0,159.93980407714844,False,1,0,,159.93980407714844,historical_series_model
SELECTED_FEEDBACK_COLD_START,fixed_origin_primary,大通G10,2026-01-01,203.0,179.57125854492188,False,1,1,,179.57125854492188,historical_series_model
SELECTED_FEEDBACK_COLD_START,fixed_origin_primary,大通G10,2026-02-01,126.0,154.3791046142578,False,1,1,,154.3791046142578,historical_series_model
SELECTED_FEEDBACK_COLD_START,fixed_origin_primary,大通G10,2026-03-01,202.0,234.5641326904297,False,1,1,,234.5641326904297,historical_series_model
SELECTED_FEEDBACK_COLD_START,fixed_origin_primary,大通G10,2026-04-01,167.0,172.481201171875,False,1,1,,172.481201171875,historical_series_model
SELECTED_FEEDBACK_COLD_START,fixed_origin_primary,大通G10,2026-05-01,139.0,167.4586639404297,False,1,1,,167.4586639404297,historical_series_model
SELECTED_FEEDBACK_COLD_START,fixed_origin_primary,大通G10,2026-06-01,143.0,178.0954132080078,False,1,1,,178.0954132080078,historical_series_model
SELECTED_FEEDBACK_COLD_START,fixed_origin_primary,大通G50,2026-01-01,344.0,201.3287048339844,False,1,1,,201.3287048339844,historical_series_model
SELECTED_FEEDBACK_COLD_START,fixed_origin_primary,大通G50,2026-02-01,238.0,158.1439971923828,False,1,1,,158.1439971923828,historical_series_model
SELECTED_FEEDBACK_COLD_START,fixed_origin_primary,大通G50,2026-03-01,275.0,234.3347625732422,False,1,1,,234.3347625732422,historical_series_model
SELECTED_FEEDBACK_COLD_START,fixed_origin_primary,大通G50,2026-04-01,190.0,162.34231567382812,False,1,1,,162.34231567382812,historical_series_model
SELECTED_FEEDBACK_COLD_START,fixed_origin_primary,大通G50,2026-05-01,130.0,152.1051025390625,False,1,1,,152.1051025390625,historical_series_model
SELECTED_FEEDBACK_COLD_START,fixed_origin_primary,大通G50,2026-06-01,348.0,156.11398315429688,False,1,1,,156.11398315429688,historical_series_model
SELECTED_FEEDBACK_COLD_START,fixed_origin_primary,大通G70,2026-01-01,13.0,8.180402755737305,False,1,1,,8.180402755737305,historical_series_model
SELECTED_FEEDBACK_COLD_START,fixed_origin_primary,大通G70,2026-02-01,6.0,7.483541965484619,False,1,1,,7.483541965484619,historical_series_model
SELECTED_FEEDBACK_COLD_START,fixed_origin_primary,大通G70,2026-03-01,13.0,8.756817817687988,False,1,1,,8.756817817687988,historical_series_model
SELECTED_FEEDBACK_COLD_START,fixed_origin_primary,大通G70,2026-04-01,17.0,7.58482027053833,False,1,1,,7.58482027053833,historical_series_model
SELECTED_FEEDBACK_COLD_START,fixed_origin_primary,大通G70,2026-05-01,16.0,6.834094047546387,False,1,1,,6.834094047546387,historical_series_model
SELECTED_FEEDBACK_COLD_START,fixed_origin_primary,大通G70,2026-06-01,23.0,5.678563117980957,False,1,1,,5.678563117980957,historical_series_model
SELECTED_FEEDBACK_COLD_START,fixed_origin_primary,大通G90,2026-01-01,19.0,25.602733612060547,False,1,1,,25.602733612060547,historical_series_model
SELECTED_FEEDBACK_COLD_START,fixed_origin_primary,大通G90,2026-02-01,10.0,27.202268600463867,False,1,1,,27.202268600463867,historical_series_model
SELECTED_FEEDBACK_COLD_START,fixed_origin_primary,大通G90,2026-03-01,23.0,40.136844635009766,False,1,1,,40.136844635009766,historical_series_model
SELECTED_FEEDBACK_COLD_START,fixed_origin_primary,大通G90,2026-04-01,13.0,46.402366638183594,False,1,1,,46.402366638183594,historical_series_model
SELECTED_FEEDBACK_COLD_START,fixed_origin_primary,大通G90,2026-05-01,19.0,48.19696044921875,False,1,1,,48.19696044921875,historical_series_model
SELECTED_FEEDBACK_COLD_START,fixed_origin_primary,大通G90,2026-06-01,5.0,58.91820526123047,False,1,1,,58.91820526123047,historical_series_model
SELECTED_FEEDBACK_COLD_START,fixed_origin_primary,天籁,2026-01-01,6724.0,5041.09814453125,False,1,1,,5041.09814453125,historical_series_model
SELECTED_FEEDBACK_COLD_START,fixed_origin_primary,天籁,2026-02-01,3655.0,3016.44580078125,False,1,1,,3016.44580078125,historical_series_model
SELECTED_FEEDBACK_COLD_START,fixed_origin_primary,天籁,2026-03-01,5217.0,3932.536376953125,False,1,1,,3932.536376953125,historical_series_model
SELECTED_FEEDBACK_COLD_START,fixed_origin_primary,天籁,2026-04-01,5285.0,3568.99609375,False,1,1,,3568.99609375,historical_series_model
SELECTED_FEEDBACK_COLD_START,fixed_origin_primary,天籁,2026-05-01,2287.0,3320.410400390625,False,1,1,,3320.410400390625,historical_series_model
SELECTED_FEEDBACK_COLD_START,fixed_origin_primary,天籁,2026-06-01,4054.0,3607.59033203125,False,1,1,,3607.59033203125,historical_series_model
SELECTED_FEEDBACK_COLD_START,fixed_origin_primary,奇骏,2026-01-01,3027.0,3160.423828125,False,1,0,,3160.423828125,historical_series_model
SELECTED_FEEDBACK_COLD_START,fixed_origin_primary,奇骏,2026-02-01,1833.0,2470.7841796875,False,1,0,,2470.7841796875,historical_series_model
SELECTED_FEEDBACK_COLD_START,fixed_origin_primary,奇骏,2026-03-01,3584.0,2806.435546875,False,1,0,,2806.435546875,historical_series_model
SELECTED_FEEDBACK_COLD_START,fixed_origin_primary,奇骏,2026-04-01,1691.0,2573.953369140625,False,1,0,,2573.953369140625,historical_series_model
SELECTED_FEEDBACK_COLD_START,fixed_origin_primary,奇骏,2026-05-01,1722.0,2627.722412109375,False,1,0,,2627.722412109375,historical_series_model
SELECTED_FEEDBACK_COLD_START,fixed_origin_primary,奇骏,2026-06-01,2910.0,2807.01806640625,False,1,0,,2807.01806640625,historical_series_model
SELECTED_FEEDBACK_COLD_START,fixed_origin_primary,奔奔E-Star,2026-01-01,0.0,2.9978723526000977,False,1,0,,2.9978723526000977,historical_series_model
SELECTED_FEEDBACK_COLD_START,fixed_origin_primary,奔奔E-Star,2026-02-01,0.0,1.890344262123108,False,1,0,,1.890344262123108,historical_series_model
SELECTED_FEEDBACK_COLD_START,fixed_origin_primary,奔奔E-Star,2026-03-01,0.0,0.7338007688522339,False,1,0,,0.7338007688522339,historical_series_model
SELECTED_FEEDBACK_COLD_START,fixed_origin_primary,奔奔E-Star,2026-04-01,0.0,0.0726881250739097,False,1,0,,0.0726881250739097,historical_series_model
SELECTED_FEEDBACK_COLD_START,fixed_origin_primary,奔奔E-Star,2026-05-01,0.0,0.2018520683050155,False,1,0,,0.2018520683050155,historical_series_model
SELECTED_FEEDBACK_COLD_START,fixed_origin_primary,奔奔E-Star,2026-06-01,0.0,0.2993457913398742,False,1,0,,0.2993457913398742,historical_series_model
SELECTED_FEEDBACK_COLD_START,fixed_origin_primary,奔腾小马,2026-01-01,1239.0,6471.08935546875,False,1,1,,6471.08935546875,historical_series_model
SELECTED_FEEDBACK_COLD_START,fixed_origin_primary,奔腾小马,2026-02-01,1493.0,4628.55078125,False,1,1,,4628.55078125,historical_series_model
SELECTED_FEEDBACK_COLD_START,fixed_origin_primary,奔腾小马,2026-03-01,6601.0,3342.449951171875,False,1,1,,3342.449951171875,historical_series_model
SELECTED_FEEDBACK_COLD_START,fixed_origin_primary,奔腾小马,2026-04-01,5846.0,3114.267333984375,False,1,1,,3114.267333984375,historical_series_model
SELECTED_FEEDBACK_COLD_START,fixed_origin_primary,奔腾小马,2026-05-01,6334.0,3075.5634765625,False,1,1,,3075.5634765625,historical_series_model
SELECTED_FEEDBACK_COLD_START,fixed_origin_primary,奔腾小马,2026-06-01,4512.0,2901.827880859375,False,1,1,,2901.827880859375,historical_series_model
SELECTED_FEEDBACK_COLD_START,fixed_origin_primary,奔驰A级,2026-01-01,207.0,907.458740234375,False,1,1,,907.458740234375,historical_series_model
SELECTED_FEEDBACK_COLD_START,fixed_origin_primary,奔驰A级,2026-02-01,45.0,728.285888671875,False,1,1,,728.285888671875,historical_series_model
SELECTED_FEEDBACK_COLD_START,fixed_origin_primary,奔驰A级,2026-03-01,446.0,963.1485595703124,False,1,1,,963.1485595703124,historical_series_model
SELECTED_FEEDBACK_COLD_START,fixed_origin_primary,奔驰A级,2026-04-01,319.0,872.1943359375,False,1,1,,872.1943359375,historical_series_model
SELECTED_FEEDBACK_COLD_START,fixed_origin_primary,奔驰A级,2026-05-01,278.0,904.5126342773438,False,1,1,,904.5126342773438,historical_series_model
SELECTED_FEEDBACK_COLD_START,fixed_origin_primary,奔驰A级,2026-06-01,3.0,943.56201171875,False,1,1,,943.56201171875,historical_series_model
SELECTED_FEEDBACK_COLD_START,fixed_origin_primary,奔驰C级,2026-01-01,7362.0,8050.181640625,False,1,1,,8050.181640625,historical_series_model
SELECTED_FEEDBACK_COLD_START,fixed_origin_primary,奔驰C级,2026-02-01,2827.0,6848.72998046875,False,1,1,,6848.72998046875,historical_series_model
SELECTED_FEEDBACK_COLD_START,fixed_origin_primary,奔驰C级,2026-03-01,8000.0,8191.72265625,False,1,1,,8191.72265625,historical_series_model
SELECTED_FEEDBACK_COLD_START,fixed_origin_primary,奔驰C级,2026-04-01,9950.0,7835.88427734375,False,1,1,,7835.88427734375,historical_series_model
SELECTED_FEEDBACK_COLD_START,fixed_origin_primary,奔驰C级,2026-05-01,6839.0,8394.8505859375,False,1,1,,8394.8505859375,historical_series_model
SELECTED_FEEDBACK_COLD_START,fixed_origin_primary,奔驰C级,2026-06-01,6015.0,9667.1923828125,False,1,1,,9667.1923828125,historical_series_model
SELECTED_FEEDBACK_COLD_START,fixed_origin_primary,奔驰E级,2026-01-01,12119.0,9671.361328125,False,1,0,,9671.361328125,historical_series_model
SELECTED_FEEDBACK_COLD_START,fixed_origin_primary,奔驰E级,2026-02-01,8583.0,7933.361328125,False,1,0,,7933.361328125,historical_series_model
SELECTED_FEEDBACK_COLD_START,fixed_origin_primary,奔驰E级,2026-03-01,14545.0,10422.0478515625,False,1,0,,10422.0478515625,historical_series_model
SELECTED_FEEDBACK_COLD_START,fixed_origin_primary,奔驰E级,2026-04-01,7450.0,9200.8349609375,False,1,0,,9200.8349609375,historical_series_model
SELECTED_FEEDBACK_COLD_START,fixed_origin_primary,奔驰E级,2026-05-01,8928.0,8993.8056640625,False,1,0,,8993.8056640625,historical_series_model
SELECTED_FEEDBACK_COLD_START,fixed_origin_primary,奔驰E级,2026-06-01,9600.0,9851.056640625,False,1,0,,9851.056640625,historical_series_model
SELECTED_FEEDBACK_COLD_START,fixed_origin_primary,奔驰GLB,2026-01-01,174.0,2139.428466796875,False,1,1,,2139.428466796875,historical_series_model
SELECTED_FEEDBACK_COLD_START,fixed_origin_primary,奔驰GLB,2026-02-01,97.0,1459.838134765625,False,1,1,,1459.838134765625,historical_series_model
SELECTED_FEEDBACK_COLD_START,fixed_origin_primary,奔驰GLB,2026-03-01,2301.0,1967.2843017578125,False,1,1,,1967.2843017578125,historical_series_model
SELECTED_FEEDBACK_COLD_START,fixed_origin_primary,奔驰GLB,2026-04-01,1700.0,1769.49072265625,False,1,1,,1769.49072265625,historical_series_model
SELECTED_FEEDBACK_COLD_START,fixed_origin_primary,奔驰GLB,2026-05-01,1012.0,1751.4984130859375,False,1,1,,1751.4984130859375,historical_series_model
SELECTED_FEEDBACK_COLD_START,fixed_origin_primary,奔驰GLB,2026-06-01,800.0,1776.346435546875,False,1,1,,1776.346435546875,historical_series_model
SELECTED_FEEDBACK_COLD_START,fixed_origin_primary,奔驰GLC,2026-01-01,7145.0,9064.54296875,False,1,1,,9064.54296875,historical_series_model
SELECTED_FEEDBACK_COLD_START,fixed_origin_primary,奔驰GLC,2026-02-01,6430.0,7153.1455078125,False,1,1,,7153.1455078125,historical_series_model
SELECTED_FEEDBACK_COLD_START,fixed_origin_primary,奔驰GLC,2026-03-01,14550.0,9692.3134765625,False,1,1,,9692.3134765625,historical_series_model
SELECTED_FEEDBACK_COLD_START,fixed_origin_primary,奔驰GLC,2026-04-01,8200.0,8766.984375,False,1,1,,8766.984375,historical_series_model
SELECTED_FEEDBACK_COLD_START,fixed_origin_primary,奔驰GLC,2026-05-01,7865.0,8971.8642578125,False,1,1,,8971.8642578125,historical_series_model
SELECTED_FEEDBACK_COLD_START,fixed_origin_primary,奔驰GLC,2026-06-01,8347.0,9906.1083984375,False,1,1,,9906.1083984375,historical_series_model
SELECTED_FEEDBACK_COLD_START,fixed_origin_primary,奔驰V级,2026-01-01,374.0,699.4610595703125,False,1,1,,699.4610595703125,historical_series_model
SELECTED_FEEDBACK_COLD_START,fixed_origin_primary,奔驰V级,2026-02-01,178.0,527.2568969726562,False,1,1,,527.2568969726562,historical_series_model
SELECTED_FEEDBACK_COLD_START,fixed_origin_primary,奔驰V级,2026-03-01,307.0,774.5001831054688,False,1,1,,774.5001831054688,historical_series_model
SELECTED_FEEDBACK_COLD_START,fixed_origin_primary,奔驰V级,2026-04-01,322.0,663.3134155273438,False,1,1,,663.3134155273438,historical_series_model
SELECTED_FEEDBACK_COLD_START,fixed_origin_primary,奔驰V级,2026-05-01,254.0,696.364990234375,False,1,1,,696.364990234375,historical_series_model
SELECTED_FEEDBACK_COLD_START,fixed_origin_primary,奔驰V级,2026-06-01,250.0,690.3302001953125,False,1,1,,690.3302001953125,historical_series_model
SELECTED_FEEDBACK_COLD_START,fixed_origin_primary,奕炫,2026-01-01,1224.0,242.3350067138672,False,1,0,,242.3350067138672,historical_series_model
SELECTED_FEEDBACK_COLD_START,fixed_origin_primary,奕炫,2026-02-01,1395.0,167.989501953125,False,1,0,,167.989501953125,historical_series_model
SELECTED_FEEDBACK_COLD_START,fixed_origin_primary,奕炫,2026-03-01,699.0,263.9529113769531,False,1,0,,263.9529113769531,historical_series_model
SELECTED_FEEDBACK_COLD_START,fixed_origin_primary,奕炫,2026-04-01,605.0,220.1356964111328,False,1,0,,220.1356964111328,historical_series_model
SELECTED_FEEDBACK_COLD_START,fixed_origin_primary,奕炫,2026-05-01,699.0,211.6776123046875,False,1,0,,211.6776123046875,historical_series_model
SELECTED_FEEDBACK_COLD_START,fixed_origin_primary,奕炫,2026-06-01,691.0,234.3553009033203,False,1,0,,234.3553009033203,historical_series_model
SELECTED_FEEDBACK_COLD_START,fixed_origin_primary,奕跑,2026-01-01,2338.0,1063.1312255859375,False,1,1,,1063.1312255859375,historical_series_model
SELECTED_FEEDBACK_COLD_START,fixed_origin_primary,奕跑,2026-02-01,1885.0,850.22900390625,False,1,1,,850.22900390625,historical_series_model
SELECTED_FEEDBACK_COLD_START,fixed_origin_primary,奕跑,2026-03-01,2211.0,1082.5712890625,False,1,1,,1082.5712890625,historical_series_model
SELECTED_FEEDBACK_COLD_START,fixed_origin_primary,奕跑,2026-04-01,1509.0,913.0640869140624,False,1,1,,913.0640869140624,historical_series_model
SELECTED_FEEDBACK_COLD_START,fixed_origin_primary,奕跑,2026-05-01,1483.0,886.4113159179688,False,1,1,,886.4113159179688,historical_series_model
SELECTED_FEEDBACK_COLD_START,fixed_origin_primary,奕跑,2026-06-01,2013.0,932.4017333984376,False,1,1,,932.4017333984376,historical_series_model
SELECTED_FEEDBACK_COLD_START,fixed_origin_primary,奥德赛,2026-01-01,1542.0,970.534423828125,False,1,1,,970.534423828125,historical_series_model
SELECTED_FEEDBACK_COLD_START,fixed_origin_primary,奥德赛,2026-02-01,696.0,785.1751098632812,False,1,1,,785.1751098632812,historical_series_model
SELECTED_FEEDBACK_COLD_START,fixed_origin_primary,奥德赛,2026-03-01,1156.0,1029.8170166015625,False,1,1,,1029.8170166015625,historical_series_model
SELECTED_FEEDBACK_COLD_START,fixed_origin_primary,奥德赛,2026-04-01,836.0,886.5975341796875,False,1,1,,886.5975341796875,historical_series_model
SELECTED_FEEDBACK_COLD_START,fixed_origin_primary,奥德赛,2026-05-01,834.0,876.7178344726562,False,1,1,,876.7178344726562,historical_series_model
SELECTED_FEEDBACK_COLD_START,fixed_origin_primary,奥德赛,2026-06-01,814.0,935.9866333007812,False,1,1,,935.9866333007812,historical_series_model
SELECTED_FEEDBACK_COLD_START,fixed_origin_primary,奥迪A3,2026-01-01,5770.0,5448.59326171875,False,1,1,,5448.59326171875,historical_series_model
SELECTED_FEEDBACK_COLD_START,fixed_origin_primary,奥迪A3,2026-02-01,3952.0,3623.00634765625,False,1,1,,3623.00634765625,historical_series_model
SELECTED_FEEDBACK_COLD_START,fixed_origin_primary,奥迪A3,2026-03-01,7611.0,4287.11962890625,False,1,1,,4287.11962890625,historical_series_model
SELECTED_FEEDBACK_COLD_START,fixed_origin_primary,奥迪A3,2026-04-01,5936.0,3987.483154296875,False,1,1,,3987.483154296875,historical_series_model
SELECTED_FEEDBACK_COLD_START,fixed_origin_primary,奥迪A3,2026-05-01,5801.0,3950.85546875,False,1,1,,3950.85546875,historical_series_model
SELECTED_FEEDBACK_COLD_START,fixed_origin_primary,奥迪A3,2026-06-01,5284.0,4237.5615234375,False,1,1,,4237.5615234375,historical_series_model
SELECTED_FEEDBACK_COLD_START,fixed_origin_primary,奥迪A4L,2026-01-01,4300.0,4971.4892578125,False,1,1,,4971.4892578125,historical_series_model
SELECTED_FEEDBACK_COLD_START,fixed_origin_primary,奥迪A4L,2026-02-01,2276.0,3381.687255859375,False,1,1,,3381.687255859375,historical_series_model
SELECTED_FEEDBACK_COLD_START,fixed_origin_primary,奥迪A4L,2026-03-01,2366.0,4143.4326171875,False,1,1,,4143.4326171875,historical_series_model
SELECTED_FEEDBACK_COLD_START,fixed_origin_primary,奥迪A4L,2026-04-01,1410.0,3874.101806640625,False,1,1,,3874.101806640625,historical_series_model
SELECTED_FEEDBACK_COLD_START,fixed_origin_primary,奥迪A4L,2026-05-01,1663.0,3915.64697265625,False,1,1,,3915.64697265625,historical_series_model
SELECTED_FEEDBACK_COLD_START,fixed_origin_primary,奥迪A4L,2026-06-01,2166.0,4218.4208984375,False,1,1,,4218.4208984375,historical_series_model
SELECTED_FEEDBACK_COLD_START,fixed_origin_primary,奥迪A5L,2026-01-01,5009.0,4722.23828125,False,1,1,,4722.23828125,historical_series_model
SELECTED_FEEDBACK_COLD_START,fixed_origin_primary,奥迪A5L,2026-02-01,3246.0,3053.255126953125,False,1,1,,3053.255126953125,historical_series_model
SELECTED_FEEDBACK_COLD_START,fixed_origin_primary,奥迪A5L,2026-03-01,4598.0,3246.469482421875,False,1,1,,3246.469482421875,historical_series_model
SELECTED_FEEDBACK_COLD_START,fixed_origin_primary,奥迪A5L,2026-04-01,3196.0,2450.37939453125,False,1,1,,2450.37939453125,historical_series_model
SELECTED_FEEDBACK_COLD_START,fixed_origin_primary,奥迪A5L,2026-05-01,3013.0,1753.385498046875,False,1,1,,1753.385498046875,historical_series_model
SELECTED_FEEDBACK_COLD_START,fixed_origin_primary,奥迪A5L,2026-06-01,3121.0,1350.1702880859375,False,1,1,,1350.1702880859375,historical_series_model
SELECTED_FEEDBACK_COLD_START,fixed_origin_primary,奥迪A5L Sportback,2026-01-01,2000.0,1775.5584716796875,False,1,1,,1775.5584716796875,historical_series_model
SELECTED_FEEDBACK_COLD_START,fixed_origin_primary,奥迪A5L Sportback,2026-02-01,1160.0,1225.601806640625,False,1,1,,1225.601806640625,historical_series_model
SELECTED_FEEDBACK_COLD_START,fixed_origin_primary,奥迪A5L Sportback,2026-03-01,1420.0,1573.8466796875,False,1,1,,1573.8466796875,historical_series_model
SELECTED_FEEDBACK_COLD_START,fixed_origin_primary,奥迪A5L Sportback,2026-04-01,1420.0,1481.96435546875,False,1,1,,1481.96435546875,historical_series_model
SELECTED_FEEDBACK_COLD_START,fixed_origin_primary,奥迪A5L Sportback,2026-05-01,1475.0,1485.332763671875,False,1,1,,1485.332763671875,historical_series_model
SELECTED_FEEDBACK_COLD_START,fixed_origin_primary,奥迪A5L Sportback,2026-06-01,723.0,1512.092529296875,False,1,1,,1512.092529296875,historical_series_model
SELECTED_FEEDBACK_COLD_START,fixed_origin_primary,奥迪A6L,2026-01-01,15660.0,12914.7744140625,False,1,1,,12914.7744140625,historical_series_model
SELECTED_FEEDBACK_COLD_START,fixed_origin_primary,奥迪A6L,2026-02-01,7749.0,10401.263671875,False,1,1,,10401.263671875,historical_series_model
SELECTED_FEEDBACK_COLD_START,fixed_origin_primary,奥迪A6L,2026-03-01,10591.0,13216.9150390625,False,1,1,,13216.9150390625,historical_series_model
SELECTED_FEEDBACK_COLD_START,fixed_origin_primary,奥迪A6L,2026-04-01,9449.0,10969.9921875,False,1,1,,10969.9921875,historical_series_model
SELECTED_FEEDBACK_COLD_START,fixed_origin_primary,奥迪A6L,2026-05-01,8709.0,10989.8369140625,False,1,1,,10989.8369140625,historical_series_model
SELECTED_FEEDBACK_COLD_START,fixed_origin_primary,奥迪A6L,2026-06-01,7095.0,13110.6005859375,False,1,1,,13110.6005859375,historical_series_model
SELECTED_FEEDBACK_COLD_START,fixed_origin_primary,奥迪A6L e-tron,2026-01-01,0.0,307.0852966308594,False,0,0,,307.0852966308594,historical_series_model
SELECTED_FEEDBACK_COLD_START,fixed_origin_primary,奥迪A6L e-tron,2026-02-01,0.0,286.2787170410156,False,0,0,,286.2787170410156,historical_series_model
SELECTED_FEEDBACK_COLD_START,fixed_origin_primary,奥迪A6L e-tron,2026-03-01,0.0,376.64703369140625,False,0,0,,376.64703369140625,historical_series_model
SELECTED_FEEDBACK_COLD_START,fixed_origin_primary,奥迪A6L e-tron,2026-04-01,29.0,292.2588195800781,False,0,0,,292.2588195800781,historical_series_model
SELECTED_FEEDBACK_COLD_START,fixed_origin_primary,奥迪A6L e-tron,2026-05-01,70.0,266.94842529296875,False,0,0,,266.94842529296875,historical_series_model
SELECTED_FEEDBACK_COLD_START,fixed_origin_primary,奥迪A6L e-tron,2026-06-01,40.0,246.98768615722656,False,0,0,,246.98768615722656,historical_series_model
SELECTED_FEEDBACK_COLD_START,fixed_origin_primary,奥迪A7L,2026-01-01,830.0,523.31494140625,False,1,1,,523.31494140625,historical_series_model
SELECTED_FEEDBACK_COLD_START,fixed_origin_primary,奥迪A7L,2026-02-01,350.0,444.4692687988281,False,1,1,,444.4692687988281,historical_series_model
SELECTED_FEEDBACK_COLD_START,fixed_origin_primary,奥迪A7L,2026-03-01,350.0,612.0889282226562,False,1,1,,612.0889282226562,historical_series_model
SELECTED_FEEDBACK_COLD_START,fixed_origin_primary,奥迪A7L,2026-04-01,300.0,497.61224365234375,False,1,1,,497.61224365234375,historical_series_model
SELECTED_FEEDBACK_COLD_START,fixed_origin_primary,奥迪A7L,2026-05-01,245.0,440.9794006347656,False,1,1,,440.9794006347656,historical_series_model
SELECTED_FEEDBACK_COLD_START,fixed_origin_primary,奥迪A7L,2026-06-01,250.0,451.5348815917969,False,1,1,,451.5348815917969,historical_series_model
SELECTED_FEEDBACK_COLD_START,fixed_origin_primary,奥迪E5 Sportback,2026-01-01,420.0,1254.091796875,False,1,1,,1254.091796875,historical_series_model
SELECTED_FEEDBACK_COLD_START,fixed_origin_primary,奥迪E5 Sportback,2026-02-01,303.0,933.8154907226562,False,1,1,,933.8154907226562,historical_series_model
SELECTED_FEEDBACK_COLD_START,fixed_origin_primary,奥迪E5 Sportback,2026-03-01,2630.0,1356.6396484375,False,1,1,,1356.6396484375,historical_series_model
SELECTED_FEEDBACK_COLD_START,fixed_origin_primary,奥迪E5 Sportback,2026-04-01,800.0,1189.1859130859375,False,1,1,,1189.1859130859375,historical_series_model
SELECTED_FEEDBACK_COLD_START,fixed_origin_primary,奥迪E5 Sportback,2026-05-01,500.0,1218.332763671875,False,1,1,,1218.332763671875,historical_series_model
SELECTED_FEEDBACK_COLD_START,fixed_origin_primary,奥迪E5 Sportback,2026-06-01,270.0,1286.8609619140625,False,1,1,,1286.8609619140625,historical_series_model
SELECTED_FEEDBACK_COLD_START,fixed_origin_primary,奥迪Q2L,2026-01-01,277.0,303.4720458984375,False,1,1,,303.4720458984375,historical_series_model
SELECTED_FEEDBACK_COLD_START,fixed_origin_primary,奥迪Q2L,2026-02-01,170.0,247.9867706298828,False,1,1,,247.9867706298828,historical_series_model
SELECTED_FEEDBACK_COLD_START,fixed_origin_primary,奥迪Q2L,2026-03-01,311.0,343.44476318359375,False,1,1,,343.44476318359375,historical_series_model
SELECTED_FEEDBACK_COLD_START,fixed_origin_primary,奥迪Q2L,2026-04-01,816.0,307.098388671875,False,1,1,,307.098388671875,historical_series_model
SELECTED_FEEDBACK_COLD_START,fixed_origin_primary,奥迪Q2L,2026-05-01,265.0,289.7159118652344,False,1,1,,289.7159118652344,historical_series_model
SELECTED_FEEDBACK_COLD_START,fixed_origin_primary,奥迪Q2L,2026-06-01,173.0,312.41943359375,False,1,1,,312.41943359375,historical_series_model
SELECTED_FEEDBACK_COLD_START,fixed_origin_primary,奥迪Q3,2026-01-01,2426.0,2037.4559326171875,False,1,1,,2037.4559326171875,historical_series_model
SELECTED_FEEDBACK_COLD_START,fixed_origin_primary,奥迪Q3,2026-02-01,1651.0,1460.1285400390625,False,1,1,,1460.1285400390625,historical_series_model
SELECTED_FEEDBACK_COLD_START,fixed_origin_primary,奥迪Q3,2026-03-01,2927.0,1851.149658203125,False,1,1,,1851.149658203125,historical_series_model
SELECTED_FEEDBACK_COLD_START,fixed_origin_primary,奥迪Q3,2026-04-01,2192.0,1676.40234375,False,1,1,,1676.40234375,historical_series_model
SELECTED_FEEDBACK_COLD_START,fixed_origin_primary,奥迪Q3,2026-05-01,2977.0,1708.836181640625,False,1,1,,1708.836181640625,historical_series_model
SELECTED_FEEDBACK_COLD_START,fixed_origin_primary,奥迪Q3,2026-06-01,2877.0,1706.0125732421875,False,1,1,,1706.0125732421875,historical_series_model
SELECTED_FEEDBACK_COLD_START,fixed_origin_primary,奥迪Q3 Sportback,2026-01-01,148.0,141.90692138671875,False,1,1,,141.90692138671875,historical_series_model
SELECTED_FEEDBACK_COLD_START,fixed_origin_primary,奥迪Q3 Sportback,2026-02-01,94.0,109.02366638183594,False,1,1,,109.02366638183594,historical_series_model
SELECTED_FEEDBACK_COLD_START,fixed_origin_primary,奥迪Q3 Sportback,2026-03-01,140.0,129.91445922851562,False,1,1,,129.91445922851562,historical_series_model
SELECTED_FEEDBACK_COLD_START,fixed_origin_primary,奥迪Q3 Sportback,2026-04-01,83.0,104.23070526123048,False,1,1,,104.23070526123048,historical_series_model
SELECTED_FEEDBACK_COLD_START,fixed_origin_primary,奥迪Q3 Sportback,2026-05-01,100.0,100.96085357666016,False,1,1,,100.96085357666016,historical_series_model
SELECTED_FEEDBACK_COLD_START,fixed_origin_primary,奥迪Q3 Sportback,2026-06-01,94.0,79.17372131347656,False,1,1,,79.17372131347656,historical_series_model
SELECTED_FEEDBACK_COLD_START,fixed_origin_primary,奥迪Q4 e-tron,2026-01-01,47.0,166.30128479003906,False,1,1,,166.30128479003906,historical_series_model
SELECTED_FEEDBACK_COLD_START,fixed_origin_primary,奥迪Q4 e-tron,2026-02-01,20.0,141.831298828125,False,1,1,,141.831298828125,historical_series_model
SELECTED_FEEDBACK_COLD_START,fixed_origin_primary,奥迪Q4 e-tron,2026-03-01,33.0,235.34327697753903,False,1,1,,235.34327697753903,historical_series_model
SELECTED_FEEDBACK_COLD_START,fixed_origin_primary,奥迪Q4 e-tron,2026-04-01,1491.0,174.64537048339844,False,1,1,,174.64537048339844,historical_series_model
SELECTED_FEEDBACK_COLD_START,fixed_origin_primary,奥迪Q4 e-tron,2026-05-01,733.0,189.5778961181641,False,1,1,,189.5778961181641,historical_series_model
SELECTED_FEEDBACK_COLD_START,fixed_origin_primary,奥迪Q4 e-tron,2026-06-01,9.0,195.42404174804688,False,1,1,,195.42404174804688,historical_series_model
SELECTED_FEEDBACK_COLD_START,fixed_origin_primary,奥迪Q5 e-tron,2026-01-01,0.0,81.57403564453125,False,1,1,,81.57403564453125,historical_series_model
SELECTED_FEEDBACK_COLD_START,fixed_origin_primary,奥迪Q5 e-tron,2026-02-01,0.0,74.00733947753906,False,1,1,,74.00733947753906,historical_series_model
SELECTED_FEEDBACK_COLD_START,fixed_origin_primary,奥迪Q5 e-tron,2026-03-01,0.0,97.83473205566406,False,1,1,,97.83473205566406,historical_series_model
SELECTED_FEEDBACK_COLD_START,fixed_origin_primary,奥迪Q5 e-tron,2026-04-01,0.0,80.80730438232422,False,1,1,,80.80730438232422,historical_series_model
SELECTED_FEEDBACK_COLD_START,fixed_origin_primary,奥迪Q5 e-tron,2026-05-01,0.0,72.05743408203125,False,1,1,,72.05743408203125,historical_series_model
SELECTED_FEEDBACK_COLD_START,fixed_origin_primary,奥迪Q5 e-tron,2026-06-01,0.0,79.81092834472656,False,1,1,,79.81092834472656,historical_series_model
SELECTED_FEEDBACK_COLD_START,fixed_origin_primary,奥迪Q5L,2026-01-01,14190.0,10185.0078125,False,1,0,,10185.0078125,historical_series_model
SELECTED_FEEDBACK_COLD_START,fixed_origin_primary,奥迪Q5L,2026-02-01,7745.0,8282.4638671875,False,1,0,,8282.4638671875,historical_series_model
SELECTED_FEEDBACK_COLD_START,fixed_origin_primary,奥迪Q5L,2026-03-01,9698.0,10750.060546875,False,1,0,,10750.060546875,historical_series_model
SELECTED_FEEDBACK_COLD_START,fixed_origin_primary,奥迪Q5L,2026-04-01,7358.0,9291.189453125,False,1,0,,9291.189453125,historical_series_model
SELECTED_FEEDBACK_COLD_START,fixed_origin_primary,奥迪Q5L,2026-05-01,6272.0,9588.5966796875,False,1,0,,9588.5966796875,historical_series_model
SELECTED_FEEDBACK_COLD_START,fixed_origin_primary,奥迪Q5L,2026-06-01,6100.0,10776.8125,False,1,0,,10776.8125,historical_series_model
SELECTED_FEEDBACK_COLD_START,fixed_origin_primary,奥迪Q5L Sportback,2026-01-01,173.0,159.07769775390625,False,1,1,,159.07769775390625,historical_series_model
SELECTED_FEEDBACK_COLD_START,fixed_origin_primary,奥迪Q5L Sportback,2026-02-01,97.0,140.5664520263672,False,1,1,,140.5664520263672,historical_series_model
SELECTED_FEEDBACK_COLD_START,fixed_origin_primary,奥迪Q5L Sportback,2026-03-01,125.0,200.5160675048828,False,1,1,,200.5160675048828,historical_series_model
SELECTED_FEEDBACK_COLD_START,fixed_origin_primary,奥迪Q5L Sportback,2026-04-01,69.0,163.65780639648438,False,1,1,,163.65780639648438,historical_series_model
SELECTED_FEEDBACK_COLD_START,fixed_origin_primary,奥迪Q5L Sportback,2026-05-01,1217.0,167.9281005859375,False,1,1,,167.9281005859375,historical_series_model
SELECTED_FEEDBACK_COLD_START,fixed_origin_primary,奥迪Q5L Sportback,2026-06-01,81.0,158.78195190429688,False,1,1,,158.78195190429688,historical_series_model
SELECTED_FEEDBACK_COLD_START,fixed_origin_primary,奥迪Q6L Sportback e-tron,2026-01-01,12.0,95.43370056152344,False,1,1,,95.43370056152344,historical_series_model
SELECTED_FEEDBACK_COLD_START,fixed_origin_primary,奥迪Q6L Sportback e-tron,2026-02-01,11.0,67.70812225341797,False,1,1,,67.70812225341797,historical_series_model
SELECTED_FEEDBACK_COLD_START,fixed_origin_primary,奥迪Q6L Sportback e-tron,2026-03-01,14.0,107.41056060791016,False,1,1,,107.41056060791016,historical_series_model
SELECTED_FEEDBACK_COLD_START,fixed_origin_primary,奥迪Q6L Sportback e-tron,2026-04-01,27.0,105.90415954589844,False,1,1,,105.90415954589844,historical_series_model
SELECTED_FEEDBACK_COLD_START,fixed_origin_primary,奥迪Q6L Sportback e-tron,2026-05-01,39.0,103.02069854736328,False,1,1,,103.02069854736328,historical_series_model
SELECTED_FEEDBACK_COLD_START,fixed_origin_primary,奥迪Q6L Sportback e-tron,2026-06-01,60.0,112.28244018554688,False,1,1,,112.28244018554688,historical_series_model
SELECTED_FEEDBACK_COLD_START,fixed_origin_primary,奥迪Q6L e-tron,2026-01-01,388.0,623.5034790039062,False,1,1,,623.5034790039062,historical_series_model
SELECTED_FEEDBACK_COLD_START,fixed_origin_primary,奥迪Q6L e-tron,2026-02-01,69.0,466.1642150878906,False,1,1,,466.1642150878906,historical_series_model
SELECTED_FEEDBACK_COLD_START,fixed_origin_primary,奥迪Q6L e-tron,2026-03-01,136.0,764.6806640625,False,1,1,,764.6806640625,historical_series_model
SELECTED_FEEDBACK_COLD_START,fixed_origin_primary,奥迪Q6L e-tron,2026-04-01,444.0,646.24560546875,False,1,1,,646.24560546875,historical_series_model
SELECTED_FEEDBACK_COLD_START,fixed_origin_primary,奥迪Q6L e-tron,2026-05-01,891.0,577.9425048828125,False,1,1,,577.9425048828125,historical_series_model
SELECTED_FEEDBACK_COLD_START,fixed_origin_primary,奥迪Q6L e-tron,2026-06-01,600.0,614.2909545898438,False,1,1,,614.2909545898438,historical_series_model
SELECTED_FEEDBACK_COLD_START,fixed_origin_primary,威兰达,2026-01-01,4719.0,4116.65869140625,False,1,0,,4116.65869140625,historical_series_model
SELECTED_FEEDBACK_COLD_START,fixed_origin_primary,威兰达,2026-02-01,4886.0,3103.77978515625,False,1,0,,3103.77978515625,historical_series_model
SELECTED_FEEDBACK_COLD_START,fixed_origin_primary,威兰达,2026-03-01,9247.0,3034.8525390625,False,1,0,,3034.8525390625,historical_series_model
SELECTED_FEEDBACK_COLD_START,fixed_origin_primary,威兰达,2026-04-01,5528.0,2897.61474609375,False,1,0,,2897.61474609375,historical_series_model
SELECTED_FEEDBACK_COLD_START,fixed_origin_primary,威兰达,2026-05-01,8056.0,2787.89990234375,False,1,0,,2787.89990234375,historical_series_model
SELECTED_FEEDBACK_COLD_START,fixed_origin_primary,威兰达,2026-06-01,11037.0,2960.806396484375,False,1,0,,2960.806396484375,historical_series_model
SELECTED_FEEDBACK_COLD_START,fixed_origin_primary,威朗,2026-01-01,503.0,683.3621215820312,False,1,1,,683.3621215820312,historical_series_model
SELECTED_FEEDBACK_COLD_START,fixed_origin_primary,威朗,2026-02-01,223.0,521.8424682617188,False,1,1,,521.8424682617188,historical_series_model
SELECTED_FEEDBACK_COLD_START,fixed_origin_primary,威朗,2026-03-01,348.0,648.2340698242188,False,1,1,,648.2340698242188,historical_series_model
SELECTED_FEEDBACK_COLD_START,fixed_origin_primary,威朗,2026-04-01,153.0,531.9029541015625,False,1,1,,531.9029541015625,historical_series_model
SELECTED_FEEDBACK_COLD_START,fixed_origin_primary,威朗,2026-05-01,115.0,518.6919555664062,False,1,1,,518.6919555664062,historical_series_model
SELECTED_FEEDBACK_COLD_START,fixed_origin_primary,威朗,2026-06-01,128.0,523.9639282226562,False,1,1,,523.9639282226562,historical_series_model
SELECTED_FEEDBACK_COLD_START,fixed_origin_primary,威然,2026-01-01,432.0,856.3797607421875,False,1,1,,856.3797607421875,historical_series_model
SELECTED_FEEDBACK_COLD_START,fixed_origin_primary,威然,2026-02-01,225.0,743.0986328125,False,1,1,,743.0986328125,historical_series_model
SELECTED_FEEDBACK_COLD_START,fixed_origin_primary,威然,2026-03-01,641.0,1082.439453125,False,1,1,,1082.439453125,historical_series_model
SELECTED_FEEDBACK_COLD_START,fixed_origin_primary,威然,2026-04-01,193.0,878.8897094726562,False,1,1,,878.8897094726562,historical_series_model
SELECTED_FEEDBACK_COLD_START,fixed_origin_primary,威然,2026-05-01,251.0,867.1943359375,False,1,1,,867.1943359375,historical_series_model
SELECTED_FEEDBACK_COLD_START,fixed_origin_primary,威然,2026-06-01,160.0,909.690673828125,False,1,1,,909.690673828125,historical_series_model
SELECTED_FEEDBACK_COLD_START,fixed_origin_primary,威霆,2026-01-01,347.0,587.8738403320312,False,1,1,,587.8738403320312,historical_series_model
SELECTED_FEEDBACK_COLD_START,fixed_origin_primary,威霆,2026-02-01,161.0,509.0372314453125,False,1,1,,509.0372314453125,historical_series_model
SELECTED_FEEDBACK_COLD_START,fixed_origin_primary,威霆,2026-03-01,349.0,714.1713256835938,False,1,1,,714.1713256835938,historical_series_model
SELECTED_FEEDBACK_COLD_START,fixed_origin_primary,威霆,2026-04-01,381.0,630.0149536132812,False,1,1,,630.0149536132812,historical_series_model
SELECTED_FEEDBACK_COLD_START,fixed_origin_primary,威霆,2026-05-01,320.0,625.8275146484375,False,1,1,,625.8275146484375,historical_series_model
SELECTED_FEEDBACK_COLD_START,fixed_origin_primary,威霆,2026-06-01,310.0,642.269775390625,False,1,1,,642.269775390625,historical_series_model
SELECTED_FEEDBACK_COLD_START,fixed_origin_primary,威飒,2026-01-01,32.0,58.58675765991211,False,1,1,,58.58675765991211,historical_series_model
SELECTED_FEEDBACK_COLD_START,fixed_origin_primary,威飒,2026-02-01,3.0,52.00359725952149,False,1,1,,52.00359725952149,historical_series_model
SELECTED_FEEDBACK_COLD_START,fixed_origin_primary,威飒,2026-03-01,12.0,94.34430694580078,False,1,1,,94.34430694580078,historical_series_model
SELECTED_FEEDBACK_COLD_START,fixed_origin_primary,威飒,2026-04-01,7.0,74.79143524169922,False,1,1,,74.79143524169922,historical_series_model
SELECTED_FEEDBACK_COLD_START,fixed_origin_primary,威飒,2026-05-01,2.0,67.9147720336914,False,1,1,,67.9147720336914,historical_series_model
SELECTED_FEEDBACK_COLD_START,fixed_origin_primary,威飒,2026-06-01,3.0,75.71154022216797,False,1,1,,75.71154022216797,historical_series_model
SELECTED_FEEDBACK_COLD_START,fixed_origin_primary,宋L EV,2026-01-01,205.0,266.9475402832031,False,1,1,,266.9475402832031,historical_series_model
SELECTED_FEEDBACK_COLD_START,fixed_origin_primary,宋L EV,2026-02-01,148.0,193.83450317382812,False,1,1,,193.83450317382812,historical_series_model
SELECTED_FEEDBACK_COLD_START,fixed_origin_primary,宋L EV,2026-03-01,204.0,325.7672119140625,False,1,1,,325.7672119140625,historical_series_model
SELECTED_FEEDBACK_COLD_START,fixed_origin_primary,宋L EV,2026-04-01,241.0,288.33575439453125,False,1,1,,288.33575439453125,historical_series_model
SELECTED_FEEDBACK_COLD_START,fixed_origin_primary,宋L EV,2026-05-01,183.0,264.1452941894531,False,1,1,,264.1452941894531,historical_series_model
SELECTED_FEEDBACK_COLD_START,fixed_origin_primary,宋L EV,2026-06-01,119.0,260.36016845703125,False,1,1,,260.36016845703125,historical_series_model
SELECTED_FEEDBACK_COLD_START,fixed_origin_primary,宋PLUS新能源,2026-01-01,391.0,4482.79931640625,False,1,1,,4482.79931640625,historical_series_model
SELECTED_FEEDBACK_COLD_START,fixed_origin_primary,宋PLUS新能源,2026-02-01,229.0,3121.85546875,False,1,1,,3121.85546875,historical_series_model
SELECTED_FEEDBACK_COLD_START,fixed_origin_primary,宋PLUS新能源,2026-03-01,327.0,3464.0361328125,False,1,1,,3464.0361328125,historical_series_model
SELECTED_FEEDBACK_COLD_START,fixed_origin_primary,宋PLUS新能源,2026-04-01,378.0,3372.724609375,False,1,1,,3372.724609375,historical_series_model
SELECTED_FEEDBACK_COLD_START,fixed_origin_primary,宋PLUS新能源,2026-05-01,133.0,3394.6611328125,False,1,1,,3394.6611328125,historical_series_model
SELECTED_FEEDBACK_COLD_START,fixed_origin_primary,宋PLUS新能源,2026-06-01,40.0,3552.10498046875,False,1,1,,3552.10498046875,historical_series_model
SELECTED_FEEDBACK_COLD_START,fixed_origin_primary,宋Pro新能源,2026-01-01,7481.0,12140.4423828125,False,1,1,,12140.4423828125,historical_series_model
SELECTED_FEEDBACK_COLD_START,fixed_origin_primary,宋Pro新能源,2026-02-01,9295.0,10318.81640625,False,1,1,,10318.81640625,historical_series_model
SELECTED_FEEDBACK_COLD_START,fixed_origin_primary,宋Pro新能源,2026-03-01,14043.0,13543.55078125,False,1,1,,13543.55078125,historical_series_model
SELECTED_FEEDBACK_COLD_START,fixed_origin_primary,宋Pro新能源,2026-04-01,12543.0,10572.0810546875,False,1,1,,10572.0810546875,historical_series_model
SELECTED_FEEDBACK_COLD_START,fixed_origin_primary,宋Pro新能源,2026-05-01,15497.0,11145.396484375,False,1,1,,11145.396484375,historical_series_model
SELECTED_FEEDBACK_COLD_START,fixed_origin_primary,宋Pro新能源,2026-06-01,17439.0,12411.5595703125,False,1,1,,12411.5595703125,historical_series_model
SELECTED_FEEDBACK_COLD_START,fixed_origin_primary,宏光MINIEV,2026-01-01,7133.0,22178.626953125,False,1,1,,22178.626953125,historical_series_model
SELECTED_FEEDBACK_COLD_START,fixed_origin_primary,宏光MINIEV,2026-02-01,4866.0,17473.025390625,False,1,1,,17473.025390625,historical_series_model
SELECTED_FEEDBACK_COLD_START,fixed_origin_primary,宏光MINIEV,2026-03-01,16806.0,18792.271484375,False,1,1,,18792.271484375,historical_series_model
SELECTED_FEEDBACK_COLD_START,fixed_origin_primary,宏光MINIEV,2026-04-01,13229.0,17293.015625,False,1,1,,17293.015625,historical_series_model
SELECTED_FEEDBACK_COLD_START,fixed_origin_primary,宏光MINIEV,2026-05-01,18308.0,15905.078125,False,1,1,,15905.078125,historical_series_model
SELECTED_FEEDBACK_COLD_START,fixed_origin_primary,宏光MINIEV,2026-06-01,12457.0,17035.306640625,False,1,1,,17035.306640625,historical_series_model
SELECTED_FEEDBACK_COLD_START,fixed_origin_primary,宝来,2026-01-01,6108.0,5686.01513671875,False,1,1,,5686.01513671875,historical_series_model
SELECTED_FEEDBACK_COLD_START,fixed_origin_primary,宝来,2026-02-01,4741.0,4021.82177734375,False,1,1,,4021.82177734375,historical_series_model
SELECTED_FEEDBACK_COLD_START,fixed_origin_primary,宝来,2026-03-01,5522.0,4170.37255859375,False,1,1,,4170.37255859375,historical_series_model
SELECTED_FEEDBACK_COLD_START,fixed_origin_primary,宝来,2026-04-01,3896.0,4027.073486328125,False,1,1,,4027.073486328125,historical_series_model
SELECTED_FEEDBACK_COLD_START,fixed_origin_primary,宝来,2026-05-01,2991.0,3896.591552734375,False,1,1,,3896.591552734375,historical_series_model
SELECTED_FEEDBACK_COLD_START,fixed_origin_primary,宝来,2026-06-01,3299.0,4133.48828125,False,1,1,,4133.48828125,historical_series_model
SELECTED_FEEDBACK_COLD_START,fixed_origin_primary,宝马1系,2026-01-01,2.0,8.02666187286377,False,1,0,,8.02666187286377,historical_series_model
SELECTED_FEEDBACK_COLD_START,fixed_origin_primary,宝马1系,2026-02-01,1.0,7.966265678405762,False,1,0,,7.966265678405762,historical_series_model
SELECTED_FEEDBACK_COLD_START,fixed_origin_primary,宝马1系,2026-03-01,9.0,7.858298778533936,False,1,0,,7.858298778533936,historical_series_model
SELECTED_FEEDBACK_COLD_START,fixed_origin_primary,宝马1系,2026-04-01,2.0,5.748350143432617,False,1,0,,5.748350143432617,historical_series_model
SELECTED_FEEDBACK_COLD_START,fixed_origin_primary,宝马1系,2026-05-01,1.0,4.1902971267700195,False,1,0,,4.1902971267700195,historical_series_model
SELECTED_FEEDBACK_COLD_START,fixed_origin_primary,宝马1系,2026-06-01,2.0,3.962201833724976,False,1,0,,3.962201833724976,historical_series_model
SELECTED_FEEDBACK_COLD_START,fixed_origin_primary,宝马2系,2026-01-01,450.0,560.2095336914062,False,1,1,,560.2095336914062,historical_series_model
SELECTED_FEEDBACK_COLD_START,fixed_origin_primary,宝马2系,2026-02-01,335.0,439.37408447265625,False,1,1,,439.37408447265625,historical_series_model
SELECTED_FEEDBACK_COLD_START,fixed_origin_primary,宝马2系,2026-03-01,546.0,584.2875366210938,False,1,1,,584.2875366210938,historical_series_model
SELECTED_FEEDBACK_COLD_START,fixed_origin_primary,宝马2系,2026-04-01,447.0,504.1066589355469,False,1,1,,504.1066589355469,historical_series_model
SELECTED_FEEDBACK_COLD_START,fixed_origin_primary,宝马2系,2026-05-01,401.0,416.5625305175781,False,1,1,,416.5625305175781,historical_series_model
SELECTED_FEEDBACK_COLD_START,fixed_origin_primary,宝马2系,2026-06-01,331.0,432.38714599609375,False,1,1,,432.38714599609375,historical_series_model
SELECTED_FEEDBACK_COLD_START,fixed_origin_primary,宝马3系,2026-01-01,14626.0,11129.8125,False,1,1,,11129.8125,historical_series_model
SELECTED_FEEDBACK_COLD_START,fixed_origin_primary,宝马3系,2026-02-01,9459.0,9307.083984375,False,1,1,,9307.083984375,historical_series_model
SELECTED_FEEDBACK_COLD_START,fixed_origin_primary,宝马3系,2026-03-01,11953.0,10630.939453125,False,1,1,,10630.939453125,historical_series_model
SELECTED_FEEDBACK_COLD_START,fixed_origin_primary,宝马3系,2026-04-01,9107.0,9609.8740234375,False,1,1,,9609.8740234375,historical_series_model
SELECTED_FEEDBACK_COLD_START,fixed_origin_primary,宝马3系,2026-05-01,9754.0,10439.9453125,False,1,1,,10439.9453125,historical_series_model
SELECTED_FEEDBACK_COLD_START,fixed_origin_primary,宝马3系,2026-06-01,10549.0,10890.8251953125,False,1,1,,10890.8251953125,historical_series_model
SELECTED_FEEDBACK_COLD_START,fixed_origin_primary,宝马5系,2026-01-01,12976.0,9115.634765625,False,1,1,,9115.634765625,historical_series_model
SELECTED_FEEDBACK_COLD_START,fixed_origin_primary,宝马5系,2026-02-01,7247.0,7055.69091796875,False,1,1,,7055.69091796875,historical_series_model
SELECTED_FEEDBACK_COLD_START,fixed_origin_primary,宝马5系,2026-03-01,7740.0,8678.025390625,False,1,1,,8678.025390625,historical_series_model
SELECTED_FEEDBACK_COLD_START,fixed_origin_primary,宝马5系,2026-04-01,6622.0,8023.67431640625,False,1,1,,8023.67431640625,historical_series_model
SELECTED_FEEDBACK_COLD_START,fixed_origin_primary,宝马5系,2026-05-01,6491.0,8882.8515625,False,1,1,,8882.8515625,historical_series_model
SELECTED_FEEDBACK_COLD_START,fixed_origin_primary,宝马5系,2026-06-01,6965.0,9682.21484375,False,1,1,,9682.21484375,historical_series_model
SELECTED_FEEDBACK_COLD_START,fixed_origin_primary,宝马X1,2026-01-01,4234.0,2949.066650390625,False,1,1,,2949.066650390625,historical_series_model
SELECTED_FEEDBACK_COLD_START,fixed_origin_primary,宝马X1,2026-02-01,3492.0,2356.0458984375,False,1,1,,2356.0458984375,historical_series_model
SELECTED_FEEDBACK_COLD_START,fixed_origin_primary,宝马X1,2026-03-01,4257.0,2801.402587890625,False,1,1,,2801.402587890625,historical_series_model
SELECTED_FEEDBACK_COLD_START,fixed_origin_primary,宝马X1,2026-04-01,3397.0,2511.6708984375,False,1,1,,2511.6708984375,historical_series_model
SELECTED_FEEDBACK_COLD_START,fixed_origin_primary,宝马X1,2026-05-01,3418.0,2606.186279296875,False,1,1,,2606.186279296875,historical_series_model
SELECTED_FEEDBACK_COLD_START,fixed_origin_primary,宝马X1,2026-06-01,3171.0,2813.89794921875,False,1,1,,2813.89794921875,historical_series_model
SELECTED_FEEDBACK_COLD_START,fixed_origin_primary,宝马X2,2026-01-01,2.0,9.844403266906738,False,1,0,,9.844403266906738,historical_series_model
SELECTED_FEEDBACK_COLD_START,fixed_origin_primary,宝马X2,2026-02-01,0.0,7.765498161315918,False,1,0,,7.765498161315918,historical_series_model
SELECTED_FEEDBACK_COLD_START,fixed_origin_primary,宝马X2,2026-03-01,8.0,9.031243324279783,False,1,0,,9.031243324279783,historical_series_model
SELECTED_FEEDBACK_COLD_START,fixed_origin_primary,宝马X2,2026-04-01,4.0,6.418538570404053,False,1,0,,6.418538570404053,historical_series_model
SELECTED_FEEDBACK_COLD_START,fixed_origin_primary,宝马X2,2026-05-01,7.0,5.387372016906738,False,1,0,,5.387372016906738,historical_series_model
SELECTED_FEEDBACK_COLD_START,fixed_origin_primary,宝马X2,2026-06-01,3.0,4.118490695953369,False,1,0,,4.118490695953369,historical_series_model
SELECTED_FEEDBACK_COLD_START,fixed_origin_primary,宝马X3,2026-01-01,8341.0,6737.3662109375,False,1,1,,6737.3662109375,historical_series_model
SELECTED_FEEDBACK_COLD_START,fixed_origin_primary,宝马X3,2026-02-01,5583.0,5146.7119140625,False,1,1,,5146.7119140625,historical_series_model
SELECTED_FEEDBACK_COLD_START,fixed_origin_primary,宝马X3,2026-03-01,7424.0,5367.2275390625,False,1,1,,5367.2275390625,historical_series_model
SELECTED_FEEDBACK_COLD_START,fixed_origin_primary,宝马X3,2026-04-01,5410.0,4691.27734375,False,1,1,,4691.27734375,historical_series_model
SELECTED_FEEDBACK_COLD_START,fixed_origin_primary,宝马X3,2026-05-01,6771.0,4652.0009765625,False,1,1,,4652.0009765625,historical_series_model
SELECTED_FEEDBACK_COLD_START,fixed_origin_primary,宝马X3,2026-06-01,6391.0,4804.7509765625,False,1,1,,4804.7509765625,historical_series_model
SELECTED_FEEDBACK_COLD_START,fixed_origin_primary,宝马X5,2026-01-01,7852.0,5690.111328125,False,1,1,,5690.111328125,historical_series_model
SELECTED_FEEDBACK_COLD_START,fixed_origin_primary,宝马X5,2026-02-01,5283.0,3916.71533203125,False,1,1,,3916.71533203125,historical_series_model
SELECTED_FEEDBACK_COLD_START,fixed_origin_primary,宝马X5,2026-03-01,5276.0,4511.48046875,False,1,1,,4511.48046875,historical_series_model
SELECTED_FEEDBACK_COLD_START,fixed_origin_primary,宝马X5,2026-04-01,4280.0,3952.679931640625,False,1,1,,3952.679931640625,historical_series_model
SELECTED_FEEDBACK_COLD_START,fixed_origin_primary,宝马X5,2026-05-01,3813.0,3933.4931640625,False,1,1,,3933.4931640625,historical_series_model
SELECTED_FEEDBACK_COLD_START,fixed_origin_primary,宝马X5,2026-06-01,3629.0,4231.0625,False,1,1,,4231.0625,historical_series_model
SELECTED_FEEDBACK_COLD_START,fixed_origin_primary,宝马i3,2026-01-01,1038.0,933.73486328125,False,1,1,,933.73486328125,historical_series_model
SELECTED_FEEDBACK_COLD_START,fixed_origin_primary,宝马i3,2026-02-01,577.0,773.6138916015625,False,1,1,,773.6138916015625,historical_series_model
SELECTED_FEEDBACK_COLD_START,fixed_origin_primary,宝马i3,2026-03-01,1235.0,1060.9940185546875,False,1,1,,1060.9940185546875,historical_series_model
SELECTED_FEEDBACK_COLD_START,fixed_origin_primary,宝马i3,2026-04-01,1276.0,917.9561157226562,False,1,1,,917.9561157226562,historical_series_model
SELECTED_FEEDBACK_COLD_START,fixed_origin_primary,宝马i3,2026-05-01,1180.0,885.03125,False,1,1,,885.03125,historical_series_model
SELECTED_FEEDBACK_COLD_START,fixed_origin_primary,宝马i3,2026-06-01,1039.0,935.9964599609376,False,1,1,,935.9964599609376,historical_series_model
SELECTED_FEEDBACK_COLD_START,fixed_origin_primary,宝马i5,2026-01-01,222.0,502.2161254882813,False,1,1,,502.2161254882813,historical_series_model
SELECTED_FEEDBACK_COLD_START,fixed_origin_primary,宝马i5,2026-02-01,166.0,377.1072082519531,False,1,1,,377.1072082519531,historical_series_model
SELECTED_FEEDBACK_COLD_START,fixed_origin_primary,宝马i5,2026-03-01,366.0,519.2793579101562,False,1,1,,519.2793579101562,historical_series_model
SELECTED_FEEDBACK_COLD_START,fixed_origin_primary,宝马i5,2026-04-01,415.0,454.246337890625,False,1,1,,454.246337890625,historical_series_model
SELECTED_FEEDBACK_COLD_START,fixed_origin_primary,宝马i5,2026-05-01,324.0,387.9889831542969,False,1,1,,387.9889831542969,historical_series_model
SELECTED_FEEDBACK_COLD_START,fixed_origin_primary,宝马i5,2026-06-01,249.0,370.0327453613281,False,1,1,,370.0327453613281,historical_series_model
SELECTED_FEEDBACK_COLD_START,fixed_origin_primary,宝马iX1,2026-01-01,744.0,897.3069458007812,False,1,1,,897.3069458007812,historical_series_model
SELECTED_FEEDBACK_COLD_START,fixed_origin_primary,宝马iX1,2026-02-01,428.0,760.4146728515625,False,1,1,,760.4146728515625,historical_series_model
SELECTED_FEEDBACK_COLD_START,fixed_origin_primary,宝马iX1,2026-03-01,904.0,1044.6151123046875,False,1,1,,1044.6151123046875,historical_series_model
SELECTED_FEEDBACK_COLD_START,fixed_origin_primary,宝马iX1,2026-04-01,948.0,927.7830200195312,False,1,1,,927.7830200195312,historical_series_model
SELECTED_FEEDBACK_COLD_START,fixed_origin_primary,宝马iX1,2026-05-01,878.0,929.9224243164062,False,1,1,,929.9224243164062,historical_series_model
SELECTED_FEEDBACK_COLD_START,fixed_origin_primary,宝马iX1,2026-06-01,736.0,983.2698364257812,False,1,1,,983.2698364257812,historical_series_model
SELECTED_FEEDBACK_COLD_START,fixed_origin_primary,宝马iX3,2026-01-01,14.0,43.8226203918457,False,1,0,,43.8226203918457,historical_series_model
SELECTED_FEEDBACK_COLD_START,fixed_origin_primary,宝马iX3,2026-02-01,18.0,49.14690399169922,False,1,0,,49.14690399169922,historical_series_model
SELECTED_FEEDBACK_COLD_START,fixed_origin_primary,宝马iX3,2026-03-01,97.0,77.8010025024414,False,1,0,,77.8010025024414,historical_series_model
SELECTED_FEEDBACK_COLD_START,fixed_origin_primary,宝马iX3,2026-04-01,16.0,65.50083923339844,False,1,0,,65.50083923339844,historical_series_model
SELECTED_FEEDBACK_COLD_START,fixed_origin_primary,宝马iX3,2026-05-01,14.0,68.21128845214844,False,1,0,,68.21128845214844,historical_series_model
SELECTED_FEEDBACK_COLD_START,fixed_origin_primary,宝马iX3,2026-06-01,8.0,60.532413482666016,False,1,0,,60.532413482666016,historical_series_model
SELECTED_FEEDBACK_COLD_START,fixed_origin_primary,宝骏KiWi EV,2026-01-01,67.0,54.97572326660156,False,1,0,,54.97572326660156,historical_series_model
SELECTED_FEEDBACK_COLD_START,fixed_origin_primary,宝骏KiWi EV,2026-02-01,1.0,44.36494827270508,False,1,0,,44.36494827270508,historical_series_model
SELECTED_FEEDBACK_COLD_START,fixed_origin_primary,宝骏KiWi EV,2026-03-01,0.0,47.93042755126953,False,1,0,,47.93042755126953,historical_series_model
SELECTED_FEEDBACK_COLD_START,fixed_origin_primary,宝骏KiWi EV,2026-04-01,1.0,48.94093322753906,False,1,0,,48.94093322753906,historical_series_model
SELECTED_FEEDBACK_COLD_START,fixed_origin_primary,宝骏KiWi EV,2026-05-01,0.0,46.297794342041016,False,1,0,,46.297794342041016,historical_series_model
SELECTED_FEEDBACK_COLD_START,fixed_origin_primary,宝骏KiWi EV,2026-06-01,3.0,49.62336349487305,False,1,0,,49.62336349487305,historical_series_model
SELECTED_FEEDBACK_COLD_START,fixed_origin_primary,小米SU7,2026-01-01,1133.0,10568.5322265625,False,1,1,,10568.5322265625,historical_series_model
SELECTED_FEEDBACK_COLD_START,fixed_origin_primary,小米SU7,2026-02-01,218.0,8168.91650390625,False,1,1,,8168.91650390625,historical_series_model
SELECTED_FEEDBACK_COLD_START,fixed_origin_primary,小米SU7,2026-03-01,7882.0,10048.2646484375,False,1,1,,10048.2646484375,historical_series_model
SELECTED_FEEDBACK_COLD_START,fixed_origin_primary,小米SU7,2026-04-01,26826.0,9309.4892578125,False,1,1,,9309.4892578125,historical_series_model
SELECTED_FEEDBACK_COLD_START,fixed_origin_primary,小米SU7,2026-05-01,24023.0,8924.6328125,False,1,1,,8924.6328125,historical_series_model
SELECTED_FEEDBACK_COLD_START,fixed_origin_primary,小米SU7,2026-06-01,20414.0,9583.1298828125,False,1,1,,9583.1298828125,historical_series_model
SELECTED_FEEDBACK_COLD_START,fixed_origin_primary,小虎FEV,2026-01-01,0.0,0.2718963325023651,False,1,0,,0.2718963325023651,historical_series_model
SELECTED_FEEDBACK_COLD_START,fixed_origin_primary,小虎FEV,2026-02-01,0.0,0.169303685426712,False,1,0,,0.169303685426712,historical_series_model
SELECTED_FEEDBACK_COLD_START,fixed_origin_primary,小虎FEV,2026-03-01,0.0,0.2209207862615585,False,1,0,,0.2209207862615585,historical_series_model
SELECTED_FEEDBACK_COLD_START,fixed_origin_primary,小虎FEV,2026-04-01,0.0,0.1163846254348754,False,1,0,,0.1163846254348754,historical_series_model
SELECTED_FEEDBACK_COLD_START,fixed_origin_primary,小虎FEV,2026-05-01,0.0,0.6170032024383545,False,1,0,,0.6170032024383545,historical_series_model
SELECTED_FEEDBACK_COLD_START,fixed_origin_primary,小虎FEV,2026-06-01,0.0,0.4066947698593139,False,1,0,,0.4066947698593139,historical_series_model
SELECTED_FEEDBACK_COLD_START,fixed_origin_primary,小鹏G3,2026-01-01,0.0,0.3963409960269928,False,1,1,,0.3963409960269928,historical_series_model
SELECTED_FEEDBACK_COLD_START,fixed_origin_primary,小鹏G3,2026-02-01,0.0,0.3254086077213287,False,1,1,,0.3254086077213287,historical_series_model
SELECTED_FEEDBACK_COLD_START,fixed_origin_primary,小鹏G3,2026-03-01,0.0,0.5311246514320374,False,1,1,,0.5311246514320374,historical_series_model
SELECTED_FEEDBACK_COLD_START,fixed_origin_primary,小鹏G3,2026-04-01,0.0,0.207916721701622,False,1,1,,0.207916721701622,historical_series_model
SELECTED_FEEDBACK_COLD_START,fixed_origin_primary,小鹏G3,2026-05-01,0.0,0.2059296518564224,False,1,1,,0.2059296518564224,historical_series_model
SELECTED_FEEDBACK_COLD_START,fixed_origin_primary,小鹏G3,2026-06-01,0.0,0.2987057864665985,False,1,1,,0.2987057864665985,historical_series_model
SELECTED_FEEDBACK_COLD_START,fixed_origin_primary,小鹏MONA M03,2026-01-01,6718.0,11178.1953125,False,0,0,,11178.1953125,historical_series_model
SELECTED_FEEDBACK_COLD_START,fixed_origin_primary,小鹏MONA M03,2026-02-01,4373.0,9296.046875,False,0,0,,9296.046875,historical_series_model
SELECTED_FEEDBACK_COLD_START,fixed_origin_primary,小鹏MONA M03,2026-03-01,9306.0,12062.603515625,False,0,0,,12062.603515625,historical_series_model
SELECTED_FEEDBACK_COLD_START,fixed_origin_primary,小鹏MONA M03,2026-04-01,13595.0,10728.171875,False,0,0,,10728.171875,historical_series_model
SELECTED_FEEDBACK_COLD_START,fixed_origin_primary,小鹏MONA M03,2026-05-01,14160.0,11137.298828125,False,0,0,,11137.298828125,historical_series_model
SELECTED_FEEDBACK_COLD_START,fixed_origin_primary,小鹏MONA M03,2026-06-01,14160.0,12834.5419921875,False,0,0,,12834.5419921875,historical_series_model
SELECTED_FEEDBACK_COLD_START,fixed_origin_primary,小鹏P5,2026-01-01,0.0,0.5726338624954224,False,1,0,,0.5726338624954224,historical_series_model
SELECTED_FEEDBACK_COLD_START,fixed_origin_primary,小鹏P5,2026-02-01,0.0,0.570179283618927,False,1,0,,0.570179283618927,historical_series_model
SELECTED_FEEDBACK_COLD_START,fixed_origin_primary,小鹏P5,2026-03-01,0.0,0.4654847085475921,False,1,0,,0.4654847085475921,historical_series_model
SELECTED_FEEDBACK_COLD_START,fixed_origin_primary,小鹏P5,2026-04-01,0.0,0.2980358600616455,False,1,0,,0.2980358600616455,historical_series_model
SELECTED_FEEDBACK_COLD_START,fixed_origin_primary,小鹏P5,2026-05-01,0.0,0.2319928556680679,False,1,0,,0.2319928556680679,historical_series_model
SELECTED_FEEDBACK_COLD_START,fixed_origin_primary,小鹏P5,2026-06-01,0.0,0.2547732889652252,False,1,0,,0.2547732889652252,historical_series_model
SELECTED_FEEDBACK_COLD_START,fixed_origin_primary,小鹏P7,2026-01-01,854.0,1952.6898193359375,False,1,0,,1952.6898193359375,historical_series_model
SELECTED_FEEDBACK_COLD_START,fixed_origin_primary,小鹏P7,2026-02-01,676.0,1371.549560546875,False,1,0,,1371.549560546875,historical_series_model
SELECTED_FEEDBACK_COLD_START,fixed_origin_primary,小鹏P7,2026-03-01,1592.0,1818.2095947265625,False,1,0,,1818.2095947265625,historical_series_model
SELECTED_FEEDBACK_COLD_START,fixed_origin_primary,小鹏P7,2026-04-01,1891.0,1653.2030029296875,False,1,0,,1653.2030029296875,historical_series_model
SELECTED_FEEDBACK_COLD_START,fixed_origin_primary,小鹏P7,2026-05-01,1896.0,1735.7969970703125,False,1,0,,1735.7969970703125,historical_series_model
SELECTED_FEEDBACK_COLD_START,fixed_origin_primary,小鹏P7,2026-06-01,1881.0,1762.9195556640625,False,1,0,,1762.9195556640625,historical_series_model
SELECTED_FEEDBACK_COLD_START,fixed_origin_primary,小鹏P7+,2026-01-01,2745.0,3649.31591796875,False,1,1,,3649.31591796875,historical_series_model
SELECTED_FEEDBACK_COLD_START,fixed_origin_primary,小鹏P7+,2026-02-01,2547.0,2649.48095703125,False,1,1,,2649.48095703125,historical_series_model
SELECTED_FEEDBACK_COLD_START,fixed_origin_primary,小鹏P7+,2026-03-01,3748.0,3564.60693359375,False,1,1,,3564.60693359375,historical_series_model
SELECTED_FEEDBACK_COLD_START,fixed_origin_primary,小鹏P7+,2026-04-01,3718.0,3055.25390625,False,1,1,,3055.25390625,historical_series_model
SELECTED_FEEDBACK_COLD_START,fixed_origin_primary,小鹏P7+,2026-05-01,3677.0,2981.931640625,False,1,1,,2981.931640625,historical_series_model
SELECTED_FEEDBACK_COLD_START,fixed_origin_primary,小鹏P7+,2026-06-01,4261.0,3262.953369140625,False,1,1,,3262.953369140625,historical_series_model
SELECTED_FEEDBACK_COLD_START,fixed_origin_primary,小鹏X9,2026-01-01,3971.0,2471.939453125,False,1,1,,2471.939453125,historical_series_model
SELECTED_FEEDBACK_COLD_START,fixed_origin_primary,小鹏X9,2026-02-01,1720.0,1671.157958984375,False,1,1,,1671.157958984375,historical_series_model
SELECTED_FEEDBACK_COLD_START,fixed_origin_primary,小鹏X9,2026-03-01,2601.0,2644.060791015625,False,1,1,,2644.060791015625,historical_series_model
SELECTED_FEEDBACK_COLD_START,fixed_origin_primary,小鹏X9,2026-04-01,2009.0,2111.794921875,False,1,1,,2111.794921875,historical_series_model
SELECTED_FEEDBACK_COLD_START,fixed_origin_primary,小鹏X9,2026-05-01,1557.0,2087.898193359375,False,1,1,,2087.898193359375,historical_series_model
SELECTED_FEEDBACK_COLD_START,fixed_origin_primary,小鹏X9,2026-06-01,1466.0,1925.223876953125,False,1,1,,1925.223876953125,historical_series_model
SELECTED_FEEDBACK_COLD_START,fixed_origin_primary,岚图梦想家,2026-01-01,3574.0,6136.78662109375,False,0,0,,6136.78662109375,historical_series_model
SELECTED_FEEDBACK_COLD_START,fixed_origin_primary,岚图梦想家,2026-02-01,3980.0,4758.98779296875,False,0,0,,4758.98779296875,historical_series_model
SELECTED_FEEDBACK_COLD_START,fixed_origin_primary,岚图梦想家,2026-03-01,5511.0,5223.75390625,False,0,0,,5223.75390625,historical_series_model
SELECTED_FEEDBACK_COLD_START,fixed_origin_primary,岚图梦想家,2026-04-01,6995.0,4390.60595703125,False,0,0,,4390.60595703125,historical_series_model
SELECTED_FEEDBACK_COLD_START,fixed_origin_primary,岚图梦想家,2026-05-01,4954.0,4499.15087890625,False,0,0,,4499.15087890625,historical_series_model
SELECTED_FEEDBACK_COLD_START,fixed_origin_primary,岚图梦想家,2026-06-01,6926.0,4660.7509765625,False,0,0,,4660.7509765625,historical_series_model
SELECTED_FEEDBACK_COLD_START,fixed_origin_primary,岚图追光L,2026-01-01,0.0,0.0,True,1,1,0.0,8.760493278503418,HORIZON_MEDIAN
SELECTED_FEEDBACK_COLD_START,fixed_origin_primary,岚图追光L,2026-02-01,0.0,0.0,True,1,1,0.0,49.7693977355957,HORIZON_MEDIAN
SELECTED_FEEDBACK_COLD_START,fixed_origin_primary,岚图追光L,2026-03-01,137.0,108.0,True,1,1,108.0,75.58190155029297,HORIZON_MEDIAN
SELECTED_FEEDBACK_COLD_START,fixed_origin_primary,岚图追光L,2026-04-01,100.0,292.0,True,1,1,292.0,75.24039459228516,HORIZON_MEDIAN
SELECTED_FEEDBACK_COLD_START,fixed_origin_primary,岚图追光L,2026-05-01,195.0,418.5,True,1,1,418.5,78.78742218017578,HORIZON_MEDIAN
SELECTED_FEEDBACK_COLD_START,fixed_origin_primary,岚图追光L,2026-06-01,240.0,792.0,True,1,1,792.0,82.90975189208984,HORIZON_MEDIAN
SELECTED_FEEDBACK_COLD_START,fixed_origin_primary,帕萨特,2026-01-01,20799.0,15144.427734375,False,1,1,,15144.427734375,historical_series_model
SELECTED_FEEDBACK_COLD_START,fixed_origin_primary,帕萨特,2026-02-01,13988.0,12371.435546875,False,1,1,,12371.435546875,historical_series_model
SELECTED_FEEDBACK_COLD_START,fixed_origin_primary,帕萨特,2026-03-01,16067.0,14767.927734375,False,1,1,,14767.927734375,historical_series_model
SELECTED_FEEDBACK_COLD_START,fixed_origin_primary,帕萨特,2026-04-01,8129.0,11728.0107421875,False,1,1,,11728.0107421875,historical_series_model
SELECTED_FEEDBACK_COLD_START,fixed_origin_primary,帕萨特,2026-05-01,10727.0,13466.98828125,False,1,1,,13466.98828125,historical_series_model
SELECTED_FEEDBACK_COLD_START,fixed_origin_primary,帕萨特,2026-06-01,10330.0,13824.50390625,False,1,1,,13824.50390625,historical_series_model
SELECTED_FEEDBACK_COLD_START,fixed_origin_primary,帕萨特新能源,2026-01-01,42.0,1221.8800048828125,False,0,0,,1221.8800048828125,historical_series_model
SELECTED_FEEDBACK_COLD_START,fixed_origin_primary,帕萨特新能源,2026-02-01,12.0,831.515625,False,0,0,,831.515625,historical_series_model
SELECTED_FEEDBACK_COLD_START,fixed_origin_primary,帕萨特新能源,2026-03-01,87.0,1260.04150390625,False,0,0,,1260.04150390625,historical_series_model
SELECTED_FEEDBACK_COLD_START,fixed_origin_primary,帕萨特新能源,2026-04-01,189.0,1106.7022705078125,False,0,0,,1106.7022705078125,historical_series_model
SELECTED_FEEDBACK_COLD_START,fixed_origin_primary,帕萨特新能源,2026-05-01,256.0,1100.340087890625,False,0,0,,1100.340087890625,historical_series_model
SELECTED_FEEDBACK_COLD_START,fixed_origin_primary,帕萨特新能源,2026-06-01,2914.0,1106.7694091796875,False,0,0,,1106.7694091796875,historical_series_model
SELECTED_FEEDBACK_COLD_START,fixed_origin_primary,广汽本田P7,2026-01-01,274.0,623.6475830078125,False,1,1,,623.6475830078125,historical_series_model
SELECTED_FEEDBACK_COLD_START,fixed_origin_primary,广汽本田P7,2026-02-01,152.0,523.4724731445312,False,1,1,,523.4724731445312,historical_series_model
SELECTED_FEEDBACK_COLD_START,fixed_origin_primary,广汽本田P7,2026-03-01,187.0,770.0165405273438,False,1,1,,770.0165405273438,historical_series_model
SELECTED_FEEDBACK_COLD_START,fixed_origin_primary,广汽本田P7,2026-04-01,234.0,678.1309204101562,False,1,1,,678.1309204101562,historical_series_model
SELECTED_FEEDBACK_COLD_START,fixed_origin_primary,广汽本田P7,2026-05-01,186.0,695.9630737304688,False,1,1,,695.9630737304688,historical_series_model
SELECTED_FEEDBACK_COLD_START,fixed_origin_primary,广汽本田P7,2026-06-01,129.0,701.027587890625,False,1,1,,701.027587890625,historical_series_model
SELECTED_FEEDBACK_COLD_START,fixed_origin_primary,库斯途,2026-01-01,2112.0,952.0185546875,False,1,1,,952.0185546875,historical_series_model
SELECTED_FEEDBACK_COLD_START,fixed_origin_primary,库斯途,2026-02-01,1050.0,748.820556640625,False,1,1,,748.820556640625,historical_series_model
SELECTED_FEEDBACK_COLD_START,fixed_origin_primary,库斯途,2026-03-01,1722.0,1020.2454223632812,False,1,1,,1020.2454223632812,historical_series_model
SELECTED_FEEDBACK_COLD_START,fixed_origin_primary,库斯途,2026-04-01,1187.0,863.2410888671875,False,1,1,,863.2410888671875,historical_series_model
SELECTED_FEEDBACK_COLD_START,fixed_origin_primary,库斯途,2026-05-01,1089.0,860.566162109375,False,1,1,,860.566162109375,historical_series_model
SELECTED_FEEDBACK_COLD_START,fixed_origin_primary,库斯途,2026-06-01,1141.0,939.7548217773438,False,1,1,,939.7548217773438,historical_series_model
SELECTED_FEEDBACK_COLD_START,fixed_origin_primary,影豹,2026-01-01,1457.0,596.6110229492188,False,1,1,,596.6110229492188,historical_series_model
SELECTED_FEEDBACK_COLD_START,fixed_origin_primary,影豹,2026-02-01,447.0,457.7361450195313,False,1,1,,457.7361450195313,historical_series_model
SELECTED_FEEDBACK_COLD_START,fixed_origin_primary,影豹,2026-03-01,769.0,616.5086059570312,False,1,1,,616.5086059570312,historical_series_model
SELECTED_FEEDBACK_COLD_START,fixed_origin_primary,影豹,2026-04-01,600.0,515.28564453125,False,1,1,,515.28564453125,historical_series_model
SELECTED_FEEDBACK_COLD_START,fixed_origin_primary,影豹,2026-05-01,725.0,495.0955200195313,False,1,1,,495.0955200195313,historical_series_model
SELECTED_FEEDBACK_COLD_START,fixed_origin_primary,影豹,2026-06-01,141.0,458.657958984375,False,1,1,,458.657958984375,historical_series_model
SELECTED_FEEDBACK_COLD_START,fixed_origin_primary,微蓝6,2026-01-01,89.0,132.70974731445312,False,1,1,,132.70974731445312,historical_series_model
SELECTED_FEEDBACK_COLD_START,fixed_origin_primary,微蓝6,2026-02-01,50.0,117.28697967529295,False,1,1,,117.28697967529295,historical_series_model
SELECTED_FEEDBACK_COLD_START,fixed_origin_primary,微蓝6,2026-03-01,189.0,157.49037170410156,False,1,1,,157.49037170410156,historical_series_model
SELECTED_FEEDBACK_COLD_START,fixed_origin_primary,微蓝6,2026-04-01,249.0,140.62762451171875,False,1,1,,140.62762451171875,historical_series_model
SELECTED_FEEDBACK_COLD_START,fixed_origin_primary,微蓝6,2026-05-01,146.0,131.52529907226562,False,1,1,,131.52529907226562,historical_series_model
SELECTED_FEEDBACK_COLD_START,fixed_origin_primary,微蓝6,2026-06-01,131.0,130.27032470703125,False,1,1,,130.27032470703125,historical_series_model
SELECTED_FEEDBACK_COLD_START,fixed_origin_primary,思域,2026-01-01,3217.0,3231.62548828125,False,1,1,,3231.62548828125,historical_series_model
SELECTED_FEEDBACK_COLD_START,fixed_origin_primary,思域,2026-02-01,2113.0,2511.41796875,False,1,1,,2511.41796875,historical_series_model
SELECTED_FEEDBACK_COLD_START,fixed_origin_primary,思域,2026-03-01,1841.0,2935.296142578125,False,1,1,,2935.296142578125,historical_series_model
SELECTED_FEEDBACK_COLD_START,fixed_origin_primary,思域,2026-04-01,1400.0,2672.44140625,False,1,1,,2672.44140625,historical_series_model
SELECTED_FEEDBACK_COLD_START,fixed_origin_primary,思域,2026-05-01,1644.0,2674.521484375,False,1,1,,2674.521484375,historical_series_model
SELECTED_FEEDBACK_COLD_START,fixed_origin_primary,思域,2026-06-01,1751.0,2814.173095703125,False,1,1,,2814.173095703125,historical_series_model
SELECTED_FEEDBACK_COLD_START,fixed_origin_primary,悦意03,2026-01-01,1544.0,2790.8779296875,False,1,1,,2790.8779296875,historical_series_model
SELECTED_FEEDBACK_COLD_START,fixed_origin_primary,悦意03,2026-02-01,741.0,1932.505615234375,False,1,1,,1932.505615234375,historical_series_model
SELECTED_FEEDBACK_COLD_START,fixed_origin_primary,悦意03,2026-03-01,1733.0,2565.1806640625,False,1,1,,2565.1806640625,historical_series_model
SELECTED_FEEDBACK_COLD_START,fixed_origin_primary,悦意03,2026-04-01,2088.0,2272.686767578125,False,1,1,,2272.686767578125,historical_series_model
SELECTED_FEEDBACK_COLD_START,fixed_origin_primary,悦意03,2026-05-01,2561.0,2217.753662109375,False,1,1,,2217.753662109375,historical_series_model
SELECTED_FEEDBACK_COLD_START,fixed_origin_primary,悦意03,2026-06-01,2267.0,2208.3134765625,False,1,1,,2208.3134765625,historical_series_model
SELECTED_FEEDBACK_COLD_START,fixed_origin_primary,悦意07,2026-01-01,227.0,595.0835571289062,False,1,1,,595.0835571289062,historical_series_model
SELECTED_FEEDBACK_COLD_START,fixed_origin_primary,悦意07,2026-02-01,170.0,455.769287109375,False,1,1,,455.769287109375,historical_series_model
SELECTED_FEEDBACK_COLD_START,fixed_origin_primary,悦意07,2026-03-01,225.0,722.5384521484375,False,1,1,,722.5384521484375,historical_series_model
SELECTED_FEEDBACK_COLD_START,fixed_origin_primary,悦意07,2026-04-01,142.0,588.9539184570312,False,1,1,,588.9539184570312,historical_series_model
SELECTED_FEEDBACK_COLD_START,fixed_origin_primary,悦意07,2026-05-01,124.0,554.387939453125,False,1,1,,554.387939453125,historical_series_model
SELECTED_FEEDBACK_COLD_START,fixed_origin_primary,悦意07,2026-06-01,104.0,605.2091674804688,False,1,1,,605.2091674804688,historical_series_model
SELECTED_FEEDBACK_COLD_START,fixed_origin_primary,护卫舰07,2026-01-01,1.0,9.714771270751951,False,1,0,,9.714771270751951,historical_series_model
SELECTED_FEEDBACK_COLD_START,fixed_origin_primary,护卫舰07,2026-02-01,0.0,7.327141284942627,False,1,0,,7.327141284942627,historical_series_model
SELECTED_FEEDBACK_COLD_START,fixed_origin_primary,护卫舰07,2026-03-01,0.0,7.0472869873046875,False,1,0,,7.0472869873046875,historical_series_model
SELECTED_FEEDBACK_COLD_START,fixed_origin_primary,护卫舰07,2026-04-01,1.0,5.631570339202881,False,1,0,,5.631570339202881,historical_series_model
SELECTED_FEEDBACK_COLD_START,fixed_origin_primary,护卫舰07,2026-05-01,1.0,3.8357884883880615,False,1,0,,3.8357884883880615,historical_series_model
SELECTED_FEEDBACK_COLD_START,fixed_origin_primary,护卫舰07,2026-06-01,3.0,1.6140161752700806,False,1,0,,1.6140161752700806,historical_series_model
SELECTED_FEEDBACK_COLD_START,fixed_origin_primary,捷豹XEL,2026-01-01,17.0,94.39997100830078,False,1,1,,94.39997100830078,historical_series_model
SELECTED_FEEDBACK_COLD_START,fixed_origin_primary,捷豹XEL,2026-02-01,4.0,76.63278198242188,False,1,1,,76.63278198242188,historical_series_model
SELECTED_FEEDBACK_COLD_START,fixed_origin_primary,捷豹XEL,2026-03-01,2.0,83.23925018310547,False,1,1,,83.23925018310547,historical_series_model
SELECTED_FEEDBACK_COLD_START,fixed_origin_primary,捷豹XEL,2026-04-01,1.0,77.36599731445312,False,1,1,,77.36599731445312,historical_series_model
SELECTED_FEEDBACK_COLD_START,fixed_origin_primary,捷豹XEL,2026-05-01,2.0,70.81529235839844,False,1,1,,70.81529235839844,historical_series_model
SELECTED_FEEDBACK_COLD_START,fixed_origin_primary,捷豹XEL,2026-06-01,1.0,70.23922729492188,False,1,1,,70.23922729492188,historical_series_model
SELECTED_FEEDBACK_COLD_START,fixed_origin_primary,捷豹XFL,2026-01-01,1052.0,783.8428344726562,False,1,1,,783.8428344726562,historical_series_model
SELECTED_FEEDBACK_COLD_START,fixed_origin_primary,捷豹XFL,2026-02-01,354.0,626.9547729492188,False,1,1,,626.9547729492188,historical_series_model
SELECTED_FEEDBACK_COLD_START,fixed_origin_primary,捷豹XFL,2026-03-01,275.0,877.315673828125,False,1,1,,877.315673828125,historical_series_model
SELECTED_FEEDBACK_COLD_START,fixed_origin_primary,捷豹XFL,2026-04-01,121.0,792.3796997070312,False,1,1,,792.3796997070312,historical_series_model
SELECTED_FEEDBACK_COLD_START,fixed_origin_primary,捷豹XFL,2026-05-01,48.0,798.6461181640625,False,1,1,,798.6461181640625,historical_series_model
SELECTED_FEEDBACK_COLD_START,fixed_origin_primary,捷豹XFL,2026-06-01,53.0,885.1542358398438,False,1,1,,885.1542358398438,historical_series_model
SELECTED_FEEDBACK_COLD_START,fixed_origin_primary,捷达VA3,2026-01-01,1848.0,1798.6766357421875,False,1,1,,1798.6766357421875,historical_series_model
SELECTED_FEEDBACK_COLD_START,fixed_origin_primary,捷达VA3,2026-02-01,697.0,1330.736083984375,False,1,1,,1330.736083984375,historical_series_model
SELECTED_FEEDBACK_COLD_START,fixed_origin_primary,捷达VA3,2026-03-01,2729.0,1746.4932861328125,False,1,1,,1746.4932861328125,historical_series_model
SELECTED_FEEDBACK_COLD_START,fixed_origin_primary,捷达VA3,2026-04-01,2660.0,1585.16943359375,False,1,1,,1585.16943359375,historical_series_model
SELECTED_FEEDBACK_COLD_START,fixed_origin_primary,捷达VA3,2026-05-01,3005.0,1635.8592529296875,False,1,1,,1635.8592529296875,historical_series_model
SELECTED_FEEDBACK_COLD_START,fixed_origin_primary,捷达VA3,2026-06-01,3060.0,1673.558837890625,False,1,1,,1673.558837890625,historical_series_model
SELECTED_FEEDBACK_COLD_START,fixed_origin_primary,捷达VA7,2026-01-01,141.0,234.0028381347656,False,1,1,,234.0028381347656,historical_series_model
SELECTED_FEEDBACK_COLD_START,fixed_origin_primary,捷达VA7,2026-02-01,92.0,173.6891632080078,False,1,1,,173.6891632080078,historical_series_model
SELECTED_FEEDBACK_COLD_START,fixed_origin_primary,捷达VA7,2026-03-01,100.0,283.6760559082031,False,1,1,,283.6760559082031,historical_series_model
SELECTED_FEEDBACK_COLD_START,fixed_origin_primary,捷达VA7,2026-04-01,72.0,212.4637908935547,False,1,1,,212.4637908935547,historical_series_model
SELECTED_FEEDBACK_COLD_START,fixed_origin_primary,捷达VA7,2026-05-01,126.0,193.86163330078125,False,1,1,,193.86163330078125,historical_series_model
SELECTED_FEEDBACK_COLD_START,fixed_origin_primary,捷达VA7,2026-06-01,106.0,213.13888549804688,False,1,1,,213.13888549804688,historical_series_model
SELECTED_FEEDBACK_COLD_START,fixed_origin_primary,探岳,2026-01-01,16732.0,11953.4267578125,False,1,1,,11953.4267578125,historical_series_model
SELECTED_FEEDBACK_COLD_START,fixed_origin_primary,探岳,2026-02-01,11084.0,9430.2861328125,False,1,1,,9430.2861328125,historical_series_model
SELECTED_FEEDBACK_COLD_START,fixed_origin_primary,探岳,2026-03-01,15897.0,11745.787109375,False,1,1,,11745.787109375,historical_series_model
SELECTED_FEEDBACK_COLD_START,fixed_origin_primary,探岳,2026-04-01,6667.0,10484.8701171875,False,1,1,,10484.8701171875,historical_series_model
SELECTED_FEEDBACK_COLD_START,fixed_origin_primary,探岳,2026-05-01,11425.0,11015.400390625,False,1,1,,11015.400390625,historical_series_model
SELECTED_FEEDBACK_COLD_START,fixed_origin_primary,探岳,2026-06-01,11664.0,12119.07421875,False,1,1,,12119.07421875,historical_series_model
SELECTED_FEEDBACK_COLD_START,fixed_origin_primary,探岳X,2026-01-01,22.0,70.9505844116211,False,1,1,,70.9505844116211,historical_series_model
SELECTED_FEEDBACK_COLD_START,fixed_origin_primary,探岳X,2026-02-01,14.0,39.26580047607422,False,1,1,,39.26580047607422,historical_series_model
SELECTED_FEEDBACK_COLD_START,fixed_origin_primary,探岳X,2026-03-01,1004.0,74.09097290039062,False,1,1,,74.09097290039062,historical_series_model
SELECTED_FEEDBACK_COLD_START,fixed_origin_primary,探岳X,2026-04-01,258.0,55.02450942993164,False,1,1,,55.02450942993164,historical_series_model
SELECTED_FEEDBACK_COLD_START,fixed_origin_primary,探岳X,2026-05-01,8.0,53.55923080444336,False,1,1,,53.55923080444336,historical_series_model
SELECTED_FEEDBACK_COLD_START,fixed_origin_primary,探岳X,2026-06-01,5.0,63.36250305175781,False,1,1,,63.36250305175781,historical_series_model
SELECTED_FEEDBACK_COLD_START,fixed_origin_primary,探界者,2026-01-01,0.0,6.840183734893799,False,1,1,,6.840183734893799,historical_series_model
SELECTED_FEEDBACK_COLD_START,fixed_origin_primary,探界者,2026-02-01,13.0,5.200493335723877,False,1,1,,5.200493335723877,historical_series_model
SELECTED_FEEDBACK_COLD_START,fixed_origin_primary,探界者,2026-03-01,6.0,5.355201721191406,False,1,1,,5.355201721191406,historical_series_model
SELECTED_FEEDBACK_COLD_START,fixed_origin_primary,探界者,2026-04-01,2.0,5.231836795806885,False,1,1,,5.231836795806885,historical_series_model
SELECTED_FEEDBACK_COLD_START,fixed_origin_primary,探界者,2026-05-01,0.0,4.265258312225342,False,1,1,,4.265258312225342,historical_series_model
SELECTED_FEEDBACK_COLD_START,fixed_origin_primary,探界者,2026-06-01,1.0,5.98484468460083,False,1,1,,5.98484468460083,historical_series_model
SELECTED_FEEDBACK_COLD_START,fixed_origin_primary,探险者,2026-01-01,857.0,726.6376953125,False,1,1,,726.6376953125,historical_series_model
SELECTED_FEEDBACK_COLD_START,fixed_origin_primary,探险者,2026-02-01,477.0,578.835693359375,False,1,1,,578.835693359375,historical_series_model
SELECTED_FEEDBACK_COLD_START,fixed_origin_primary,探险者,2026-03-01,868.0,865.8822021484375,False,1,1,,865.8822021484375,historical_series_model
SELECTED_FEEDBACK_COLD_START,fixed_origin_primary,探险者,2026-04-01,658.0,767.9168090820312,False,1,1,,767.9168090820312,historical_series_model
SELECTED_FEEDBACK_COLD_START,fixed_origin_primary,探险者,2026-05-01,723.0,829.0057983398438,False,1,1,,829.0057983398438,historical_series_model
SELECTED_FEEDBACK_COLD_START,fixed_origin_primary,探险者,2026-06-01,701.0,892.3931884765625,False,1,1,,892.3931884765625,historical_series_model
SELECTED_FEEDBACK_COLD_START,fixed_origin_primary,揽境,2026-01-01,632.0,553.777587890625,False,1,1,,553.777587890625,historical_series_model
SELECTED_FEEDBACK_COLD_START,fixed_origin_primary,揽境,2026-02-01,399.0,451.7813720703125,False,1,1,,451.7813720703125,historical_series_model
SELECTED_FEEDBACK_COLD_START,fixed_origin_primary,揽境,2026-03-01,412.0,604.0427856445312,False,1,1,,604.0427856445312,historical_series_model
SELECTED_FEEDBACK_COLD_START,fixed_origin_primary,揽境,2026-04-01,516.0,511.3404541015625,False,1,1,,511.3404541015625,historical_series_model
SELECTED_FEEDBACK_COLD_START,fixed_origin_primary,揽境,2026-05-01,713.0,502.0522766113281,False,1,1,,502.0522766113281,historical_series_model
SELECTED_FEEDBACK_COLD_START,fixed_origin_primary,揽境,2026-06-01,436.0,424.4949951171875,False,1,1,,424.4949951171875,historical_series_model
SELECTED_FEEDBACK_COLD_START,fixed_origin_primary,揽巡,2026-01-01,1475.0,1076.7191162109375,False,1,1,,1076.7191162109375,historical_series_model
SELECTED_FEEDBACK_COLD_START,fixed_origin_primary,揽巡,2026-02-01,988.0,829.7684326171875,False,1,1,,829.7684326171875,historical_series_model
SELECTED_FEEDBACK_COLD_START,fixed_origin_primary,揽巡,2026-03-01,2158.0,1123.210205078125,False,1,1,,1123.210205078125,historical_series_model
SELECTED_FEEDBACK_COLD_START,fixed_origin_primary,揽巡,2026-04-01,1701.0,906.6581420898438,False,1,1,,906.6581420898438,historical_series_model
SELECTED_FEEDBACK_COLD_START,fixed_origin_primary,揽巡,2026-05-01,1175.0,890.9676513671875,False,1,1,,890.9676513671875,historical_series_model
SELECTED_FEEDBACK_COLD_START,fixed_origin_primary,揽巡,2026-06-01,2129.0,931.6814575195312,False,1,1,,931.6814575195312,historical_series_model
SELECTED_FEEDBACK_COLD_START,fixed_origin_primary,摩卡,2026-01-01,0.0,0.2041536122560501,False,0,0,,0.2041536122560501,historical_series_model
SELECTED_FEEDBACK_COLD_START,fixed_origin_primary,摩卡,2026-02-01,0.0,0.0421177223324775,False,0,0,,0.0421177223324775,historical_series_model
SELECTED_FEEDBACK_COLD_START,fixed_origin_primary,摩卡,2026-03-01,0.0,0.0,False,0,0,,0.0,historical_series_model
SELECTED_FEEDBACK_COLD_START,fixed_origin_primary,摩卡,2026-04-01,0.0,0.0,False,0,0,,0.0,historical_series_model
SELECTED_FEEDBACK_COLD_START,fixed_origin_primary,摩卡,2026-05-01,0.0,0.0,False,0,0,,0.0,historical_series_model
SELECTED_FEEDBACK_COLD_START,fixed_origin_primary,摩卡,2026-06-01,0.0,0.0,False,0,0,,0.0,historical_series_model
SELECTED_FEEDBACK_COLD_START,fixed_origin_primary,新帝豪,2026-01-01,16805.0,7889.23388671875,False,0,0,,7889.23388671875,historical_series_model
SELECTED_FEEDBACK_COLD_START,fixed_origin_primary,新帝豪,2026-02-01,10505.0,6627.53466796875,False,0,0,,6627.53466796875,historical_series_model
SELECTED_FEEDBACK_COLD_START,fixed_origin_primary,新帝豪,2026-03-01,9278.0,7235.357421875,False,0,0,,7235.357421875,historical_series_model
SELECTED_FEEDBACK_COLD_START,fixed_origin_primary,新帝豪,2026-04-01,6055.0,6966.25830078125,False,0,0,,6966.25830078125,historical_series_model
SELECTED_FEEDBACK_COLD_START,fixed_origin_primary,新帝豪,2026-05-01,6750.0,7204.85009765625,False,0,0,,7204.85009765625,historical_series_model
SELECTED_FEEDBACK_COLD_START,fixed_origin_primary,新帝豪,2026-06-01,7143.0,8140.193359375,False,0,0,,8140.193359375,historical_series_model
SELECTED_FEEDBACK_COLD_START,fixed_origin_primary,日产N6,2026-01-01,3012.0,5299.5927734375,False,1,1,,5299.5927734375,historical_series_model
SELECTED_FEEDBACK_COLD_START,fixed_origin_primary,日产N6,2026-02-01,1861.0,2661.020751953125,False,1,1,,2661.020751953125,historical_series_model
SELECTED_FEEDBACK_COLD_START,fixed_origin_primary,日产N6,2026-03-01,2665.0,3807.375244140625,False,1,1,,3807.375244140625,historical_series_model
SELECTED_FEEDBACK_COLD_START,fixed_origin_primary,日产N6,2026-04-01,1892.0,3572.842041015625,False,1,1,,3572.842041015625,historical_series_model
SELECTED_FEEDBACK_COLD_START,fixed_origin_primary,日产N6,2026-05-01,2002.0,3368.618408203125,False,1,1,,3368.618408203125,historical_series_model
SELECTED_FEEDBACK_COLD_START,fixed_origin_primary,日产N6,2026-06-01,2501.0,3749.7587890625,False,1,1,,3749.7587890625,historical_series_model
SELECTED_FEEDBACK_COLD_START,fixed_origin_primary,日产N7,2026-01-01,978.0,1601.918701171875,False,1,1,,1601.918701171875,historical_series_model
SELECTED_FEEDBACK_COLD_START,fixed_origin_primary,日产N7,2026-02-01,587.0,1008.4669189453124,False,1,1,,1008.4669189453124,historical_series_model
SELECTED_FEEDBACK_COLD_START,fixed_origin_primary,日产N7,2026-03-01,1382.0,1156.067626953125,False,1,1,,1156.067626953125,historical_series_model
SELECTED_FEEDBACK_COLD_START,fixed_origin_primary,日产N7,2026-04-01,1635.0,867.3425903320312,False,1,1,,867.3425903320312,historical_series_model
SELECTED_FEEDBACK_COLD_START,fixed_origin_primary,日产N7,2026-05-01,1447.0,761.6355590820312,False,1,1,,761.6355590820312,historical_series_model
SELECTED_FEEDBACK_COLD_START,fixed_origin_primary,日产N7,2026-06-01,1417.0,688.4856567382812,False,1,1,,688.4856567382812,historical_series_model
SELECTED_FEEDBACK_COLD_START,fixed_origin_primary,日产NX8,2026-01-01,0.0,0.0,True,0,0,0.0,1.8723231554031372,HORIZON_MEDIAN
SELECTED_FEEDBACK_COLD_START,fixed_origin_primary,日产NX8,2026-02-01,0.0,0.0,True,0,0,0.0,4.045135498046875,HORIZON_MEDIAN
SELECTED_FEEDBACK_COLD_START,fixed_origin_primary,日产NX8,2026-03-01,282.0,108.0,True,0,0,108.0,10.20940399169922,HORIZON_MEDIAN
SELECTED_FEEDBACK_COLD_START,fixed_origin_primary,日产NX8,2026-04-01,1953.0,292.0,True,0,0,292.0,8.340895652770996,HORIZON_MEDIAN
SELECTED_FEEDBACK_COLD_START,fixed_origin_primary,日产NX8,2026-05-01,4578.0,418.5,True,0,0,418.5,8.960358619689941,HORIZON_MEDIAN
SELECTED_FEEDBACK_COLD_START,fixed_origin_primary,日产NX8,2026-06-01,5398.0,792.0,True,0,0,792.0,9.925992012023926,HORIZON_MEDIAN
SELECTED_FEEDBACK_COLD_START,fixed_origin_primary,昂科威,2026-01-01,13302.0,7793.3916015625,False,1,1,,7793.3916015625,historical_series_model
SELECTED_FEEDBACK_COLD_START,fixed_origin_primary,昂科威,2026-02-01,6506.0,6905.76513671875,False,1,1,,6905.76513671875,historical_series_model
SELECTED_FEEDBACK_COLD_START,fixed_origin_primary,昂科威,2026-03-01,12755.0,8540.3740234375,False,1,1,,8540.3740234375,historical_series_model
SELECTED_FEEDBACK_COLD_START,fixed_origin_primary,昂科威,2026-04-01,5464.0,7403.24755859375,False,1,1,,7403.24755859375,historical_series_model
SELECTED_FEEDBACK_COLD_START,fixed_origin_primary,昂科威,2026-05-01,6519.0,8220.5966796875,False,1,1,,8220.5966796875,historical_series_model
SELECTED_FEEDBACK_COLD_START,fixed_origin_primary,昂科威,2026-06-01,6550.0,8910.3955078125,False,1,1,,8910.3955078125,historical_series_model
SELECTED_FEEDBACK_COLD_START,fixed_origin_primary,昊铂GT,2026-01-01,25.0,66.60733795166016,False,1,1,,66.60733795166016,historical_series_model
SELECTED_FEEDBACK_COLD_START,fixed_origin_primary,昊铂GT,2026-02-01,10.0,55.76678466796875,False,1,1,,55.76678466796875,historical_series_model
SELECTED_FEEDBACK_COLD_START,fixed_origin_primary,昊铂GT,2026-03-01,17.0,70.78526306152344,False,1,1,,70.78526306152344,historical_series_model
SELECTED_FEEDBACK_COLD_START,fixed_origin_primary,昊铂GT,2026-04-01,28.0,94.41912841796876,False,1,1,,94.41912841796876,historical_series_model
SELECTED_FEEDBACK_COLD_START,fixed_origin_primary,昊铂GT,2026-05-01,24.0,133.7362060546875,False,1,1,,133.7362060546875,historical_series_model
SELECTED_FEEDBACK_COLD_START,fixed_origin_primary,昊铂GT,2026-06-01,26.0,147.08628845214844,False,1,1,,147.08628845214844,historical_series_model
SELECTED_FEEDBACK_COLD_START,fixed_origin_primary,星海S7,2026-01-01,1055.0,1129.06689453125,False,1,1,,1129.06689453125,historical_series_model
SELECTED_FEEDBACK_COLD_START,fixed_origin_primary,星海S7,2026-02-01,230.0,884.7330322265625,False,1,1,,884.7330322265625,historical_series_model
SELECTED_FEEDBACK_COLD_START,fixed_origin_primary,星海S7,2026-03-01,1703.0,1277.17333984375,False,1,1,,1277.17333984375,historical_series_model
SELECTED_FEEDBACK_COLD_START,fixed_origin_primary,星海S7,2026-04-01,219.0,1004.4527587890624,False,1,1,,1004.4527587890624,historical_series_model
SELECTED_FEEDBACK_COLD_START,fixed_origin_primary,星海S7,2026-05-01,1257.0,1060.370361328125,False,1,1,,1060.370361328125,historical_series_model
SELECTED_FEEDBACK_COLD_START,fixed_origin_primary,星海S7,2026-06-01,334.0,1133.1280517578125,False,1,1,,1133.1280517578125,historical_series_model
SELECTED_FEEDBACK_COLD_START,fixed_origin_primary,星海T5,2026-01-01,637.0,1574.1756591796875,False,0,0,,1574.1756591796875,historical_series_model
SELECTED_FEEDBACK_COLD_START,fixed_origin_primary,星海T5,2026-02-01,263.0,1350.337890625,False,0,0,,1350.337890625,historical_series_model
SELECTED_FEEDBACK_COLD_START,fixed_origin_primary,星海T5,2026-03-01,1041.0,1825.248779296875,False,0,0,,1825.248779296875,historical_series_model
SELECTED_FEEDBACK_COLD_START,fixed_origin_primary,星海T5,2026-04-01,684.0,1567.453369140625,False,0,0,,1567.453369140625,historical_series_model
SELECTED_FEEDBACK_COLD_START,fixed_origin_primary,星海T5,2026-05-01,1120.0,1635.9608154296875,False,0,0,,1635.9608154296875,historical_series_model
SELECTED_FEEDBACK_COLD_START,fixed_origin_primary,星海T5,2026-06-01,1822.0,1662.5980224609375,False,0,0,,1662.5980224609375,historical_series_model
SELECTED_FEEDBACK_COLD_START,fixed_origin_primary,星海V9,2026-01-01,251.0,335.14593505859375,False,1,1,,335.14593505859375,historical_series_model
SELECTED_FEEDBACK_COLD_START,fixed_origin_primary,星海V9,2026-02-01,220.0,245.9453887939453,False,1,1,,245.9453887939453,historical_series_model
SELECTED_FEEDBACK_COLD_START,fixed_origin_primary,星海V9,2026-03-01,260.0,330.65167236328125,False,1,1,,330.65167236328125,historical_series_model
SELECTED_FEEDBACK_COLD_START,fixed_origin_primary,星海V9,2026-04-01,749.0,268.4003601074219,False,1,1,,268.4003601074219,historical_series_model
SELECTED_FEEDBACK_COLD_START,fixed_origin_primary,星海V9,2026-05-01,481.0,225.20982360839844,False,1,1,,225.20982360839844,historical_series_model
SELECTED_FEEDBACK_COLD_START,fixed_origin_primary,星海V9,2026-06-01,521.0,207.5494384765625,False,1,1,,207.5494384765625,historical_series_model
SELECTED_FEEDBACK_COLD_START,fixed_origin_primary,星瑞,2026-01-01,19011.0,8540.9033203125,False,1,1,,8540.9033203125,historical_series_model
SELECTED_FEEDBACK_COLD_START,fixed_origin_primary,星瑞,2026-02-01,12409.0,7619.546875,False,1,1,,7619.546875,historical_series_model
SELECTED_FEEDBACK_COLD_START,fixed_origin_primary,星瑞,2026-03-01,10919.0,9200.9228515625,False,1,1,,9200.9228515625,historical_series_model
SELECTED_FEEDBACK_COLD_START,fixed_origin_primary,星瑞,2026-04-01,7427.0,8461.7333984375,False,1,1,,8461.7333984375,historical_series_model
SELECTED_FEEDBACK_COLD_START,fixed_origin_primary,星瑞,2026-05-01,7730.0,9095.642578125,False,1,1,,9095.642578125,historical_series_model
SELECTED_FEEDBACK_COLD_START,fixed_origin_primary,星瑞,2026-06-01,8161.0,9866.72265625,False,1,1,,9866.72265625,historical_series_model
SELECTED_FEEDBACK_COLD_START,fixed_origin_primary,星瑞L,2026-01-01,16.0,22.500120162963867,False,0,0,,22.500120162963867,historical_series_model
SELECTED_FEEDBACK_COLD_START,fixed_origin_primary,星瑞L,2026-02-01,2.0,27.80816650390625,False,0,0,,27.80816650390625,historical_series_model
SELECTED_FEEDBACK_COLD_START,fixed_origin_primary,星瑞L,2026-03-01,63.0,27.172283172607425,False,0,0,,27.172283172607425,historical_series_model
SELECTED_FEEDBACK_COLD_START,fixed_origin_primary,星瑞L,2026-04-01,0.0,31.984224319458008,False,0,0,,31.984224319458008,historical_series_model
SELECTED_FEEDBACK_COLD_START,fixed_origin_primary,星瑞L,2026-05-01,862.0,33.587093353271484,False,0,0,,33.587093353271484,historical_series_model
SELECTED_FEEDBACK_COLD_START,fixed_origin_primary,星瑞L,2026-06-01,1381.0,38.4853630065918,False,0,0,,38.4853630065918,historical_series_model
SELECTED_FEEDBACK_COLD_START,fixed_origin_primary,星越L,2026-01-01,23760.0,10001.748046875,False,1,1,,10001.748046875,historical_series_model
SELECTED_FEEDBACK_COLD_START,fixed_origin_primary,星越L,2026-02-01,10134.0,7487.205078125,False,1,1,,7487.205078125,historical_series_model
SELECTED_FEEDBACK_COLD_START,fixed_origin_primary,星越L,2026-03-01,12871.0,8424.287109375,False,1,1,,8424.287109375,historical_series_model
SELECTED_FEEDBACK_COLD_START,fixed_origin_primary,星越L,2026-04-01,9046.0,8198.0302734375,False,1,1,,8198.0302734375,historical_series_model
SELECTED_FEEDBACK_COLD_START,fixed_origin_primary,星越L,2026-05-01,9528.0,8735.7578125,False,1,1,,8735.7578125,historical_series_model
SELECTED_FEEDBACK_COLD_START,fixed_origin_primary,星越L,2026-06-01,11915.0,9557.005859375,False,1,1,,9557.005859375,historical_series_model
SELECTED_FEEDBACK_COLD_START,fixed_origin_primary,星越L 智擎,2026-01-01,55.0,24.22100830078125,False,0,0,,24.22100830078125,historical_series_model
SELECTED_FEEDBACK_COLD_START,fixed_origin_primary,星越L 智擎,2026-02-01,10.0,23.52035140991211,False,0,0,,23.52035140991211,historical_series_model
SELECTED_FEEDBACK_COLD_START,fixed_origin_primary,星越L 智擎,2026-03-01,69.0,27.396652221679688,False,0,0,,27.396652221679688,historical_series_model
SELECTED_FEEDBACK_COLD_START,fixed_origin_primary,星越L 智擎,2026-04-01,0.0,25.456918716430664,False,0,0,,25.456918716430664,historical_series_model
SELECTED_FEEDBACK_COLD_START,fixed_origin_primary,星越L 智擎,2026-05-01,1571.0,26.55171012878418,False,0,0,,26.55171012878418,historical_series_model
SELECTED_FEEDBACK_COLD_START,fixed_origin_primary,星越L 智擎,2026-06-01,3305.0,27.21471786499023,False,0,0,,27.21471786499023,historical_series_model
SELECTED_FEEDBACK_COLD_START,fixed_origin_primary,星途ES,2026-01-01,83.0,391.5179748535156,False,1,1,,391.5179748535156,historical_series_model
SELECTED_FEEDBACK_COLD_START,fixed_origin_primary,星途ES,2026-02-01,14.0,346.8846740722656,False,1,1,,346.8846740722656,historical_series_model
SELECTED_FEEDBACK_COLD_START,fixed_origin_primary,星途ES,2026-03-01,147.0,497.4189758300781,False,1,1,,497.4189758300781,historical_series_model
SELECTED_FEEDBACK_COLD_START,fixed_origin_primary,星途ES,2026-04-01,31.0,360.6329650878906,False,1,1,,360.6329650878906,historical_series_model
SELECTED_FEEDBACK_COLD_START,fixed_origin_primary,星途ES,2026-05-01,259.0,338.1733703613281,False,1,1,,338.1733703613281,historical_series_model
SELECTED_FEEDBACK_COLD_START,fixed_origin_primary,星途ES,2026-06-01,280.0,363.2890930175781,False,1,1,,363.2890930175781,historical_series_model
SELECTED_FEEDBACK_COLD_START,fixed_origin_primary,普拉多,2026-01-01,2252.0,1505.359375,False,1,1,,1505.359375,historical_series_model
SELECTED_FEEDBACK_COLD_START,fixed_origin_primary,普拉多,2026-02-01,1104.0,1063.3529052734375,False,1,1,,1063.3529052734375,historical_series_model
SELECTED_FEEDBACK_COLD_START,fixed_origin_primary,普拉多,2026-03-01,1743.0,1488.024169921875,False,1,1,,1488.024169921875,historical_series_model
SELECTED_FEEDBACK_COLD_START,fixed_origin_primary,普拉多,2026-04-01,1267.0,1252.8953857421875,False,1,1,,1252.8953857421875,historical_series_model
SELECTED_FEEDBACK_COLD_START,fixed_origin_primary,普拉多,2026-05-01,1183.0,1230.46484375,False,1,1,,1230.46484375,historical_series_model
SELECTED_FEEDBACK_COLD_START,fixed_origin_primary,普拉多,2026-06-01,1139.0,1325.380859375,False,1,1,,1325.380859375,historical_series_model
SELECTED_FEEDBACK_COLD_START,fixed_origin_primary,智己L6,2026-01-01,495.0,869.2119750976562,False,1,1,,869.2119750976562,historical_series_model
SELECTED_FEEDBACK_COLD_START,fixed_origin_primary,智己L6,2026-02-01,381.0,745.2529296875,False,1,1,,745.2529296875,historical_series_model
SELECTED_FEEDBACK_COLD_START,fixed_origin_primary,智己L6,2026-03-01,1156.0,1025.8447265625,False,1,1,,1025.8447265625,historical_series_model
SELECTED_FEEDBACK_COLD_START,fixed_origin_primary,智己L6,2026-04-01,965.0,859.0372314453125,False,1,1,,859.0372314453125,historical_series_model
SELECTED_FEEDBACK_COLD_START,fixed_origin_primary,智己L6,2026-05-01,1446.0,869.1808471679688,False,1,1,,869.1808471679688,historical_series_model
SELECTED_FEEDBACK_COLD_START,fixed_origin_primary,智己L6,2026-06-01,1238.0,942.2055053710938,False,1,1,,942.2055053710938,historical_series_model
SELECTED_FEEDBACK_COLD_START,fixed_origin_primary,智己L7,2026-01-01,11.0,13.92089557647705,False,1,0,,13.92089557647705,historical_series_model
SELECTED_FEEDBACK_COLD_START,fixed_origin_primary,智己L7,2026-02-01,1.0,15.38233470916748,False,1,0,,15.38233470916748,historical_series_model
SELECTED_FEEDBACK_COLD_START,fixed_origin_primary,智己L7,2026-03-01,7.0,12.909972190856934,False,1,0,,12.909972190856934,historical_series_model
SELECTED_FEEDBACK_COLD_START,fixed_origin_primary,智己L7,2026-04-01,6.0,10.106431007385254,False,1,0,,10.106431007385254,historical_series_model
SELECTED_FEEDBACK_COLD_START,fixed_origin_primary,智己L7,2026-05-01,10.0,10.973918914794922,False,1,0,,10.973918914794922,historical_series_model
SELECTED_FEEDBACK_COLD_START,fixed_origin_primary,智己L7,2026-06-01,32.0,10.462406158447266,False,1,0,,10.462406158447266,historical_series_model
SELECTED_FEEDBACK_COLD_START,fixed_origin_primary,智跑,2026-01-01,59.0,45.126163482666016,False,1,0,,45.126163482666016,historical_series_model
SELECTED_FEEDBACK_COLD_START,fixed_origin_primary,智跑,2026-02-01,29.0,43.28696823120117,False,1,0,,43.28696823120117,historical_series_model
SELECTED_FEEDBACK_COLD_START,fixed_origin_primary,智跑,2026-03-01,55.0,72.91829681396484,False,1,0,,72.91829681396484,historical_series_model
SELECTED_FEEDBACK_COLD_START,fixed_origin_primary,智跑,2026-04-01,18.0,54.53548049926758,False,1,0,,54.53548049926758,historical_series_model
SELECTED_FEEDBACK_COLD_START,fixed_origin_primary,智跑,2026-05-01,31.0,55.95153045654297,False,1,0,,55.95153045654297,historical_series_model
SELECTED_FEEDBACK_COLD_START,fixed_origin_primary,智跑,2026-06-01,31.0,59.305477142333984,False,1,0,,59.305477142333984,historical_series_model
SELECTED_FEEDBACK_COLD_START,fixed_origin_primary,曹操60,2026-01-01,0.0,1004.5966186523438,False,1,1,,1004.5966186523438,historical_series_model
SELECTED_FEEDBACK_COLD_START,fixed_origin_primary,曹操60,2026-02-01,0.0,721.5867919921875,False,1,1,,721.5867919921875,historical_series_model
SELECTED_FEEDBACK_COLD_START,fixed_origin_primary,曹操60,2026-03-01,200.0,1086.7567138671875,False,1,1,,1086.7567138671875,historical_series_model
SELECTED_FEEDBACK_COLD_START,fixed_origin_primary,曹操60,2026-04-01,46.0,872.586669921875,False,1,1,,872.586669921875,historical_series_model
SELECTED_FEEDBACK_COLD_START,fixed_origin_primary,曹操60,2026-05-01,149.0,837.2177734375,False,1,1,,837.2177734375,historical_series_model
SELECTED_FEEDBACK_COLD_START,fixed_origin_primary,曹操60,2026-06-01,113.0,878.6484985351562,False,1,1,,878.6484985351562,historical_series_model
SELECTED_FEEDBACK_COLD_START,fixed_origin_primary,朗逸,2026-01-01,23481.0,17289.255859375,False,1,1,,17289.255859375,historical_series_model
SELECTED_FEEDBACK_COLD_START,fixed_origin_primary,朗逸,2026-02-01,16111.0,13046.1259765625,False,1,1,,13046.1259765625,historical_series_model
SELECTED_FEEDBACK_COLD_START,fixed_origin_primary,朗逸,2026-03-01,19939.0,16534.193359375,False,1,1,,16534.193359375,historical_series_model
SELECTED_FEEDBACK_COLD_START,fixed_origin_primary,朗逸,2026-04-01,12457.0,12145.3984375,False,1,1,,12145.3984375,historical_series_model
SELECTED_FEEDBACK_COLD_START,fixed_origin_primary,朗逸,2026-05-01,13033.0,14373.37109375,False,1,1,,14373.37109375,historical_series_model
SELECTED_FEEDBACK_COLD_START,fixed_origin_primary,朗逸,2026-06-01,15444.0,14938.1572265625,False,1,1,,14938.1572265625,historical_series_model
SELECTED_FEEDBACK_COLD_START,fixed_origin_primary,本田CR-V,2026-01-01,18900.0,11271.6572265625,False,1,1,,11271.6572265625,historical_series_model
SELECTED_FEEDBACK_COLD_START,fixed_origin_primary,本田CR-V,2026-02-01,10089.0,9624.7802734375,False,1,1,,9624.7802734375,historical_series_model
SELECTED_FEEDBACK_COLD_START,fixed_origin_primary,本田CR-V,2026-03-01,10433.0,11918.181640625,False,1,1,,11918.181640625,historical_series_model
SELECTED_FEEDBACK_COLD_START,fixed_origin_primary,本田CR-V,2026-04-01,8042.0,10466.3759765625,False,1,1,,10466.3759765625,historical_series_model
SELECTED_FEEDBACK_COLD_START,fixed_origin_primary,本田CR-V,2026-05-01,10744.0,10913.4306640625,False,1,1,,10913.4306640625,historical_series_model
SELECTED_FEEDBACK_COLD_START,fixed_origin_primary,本田CR-V,2026-06-01,10881.0,10816.7060546875,False,1,1,,10816.7060546875,historical_series_model
SELECTED_FEEDBACK_COLD_START,fixed_origin_primary,本田HR-V,2026-01-01,2123.0,634.0376586914062,False,1,1,,634.0376586914062,historical_series_model
SELECTED_FEEDBACK_COLD_START,fixed_origin_primary,本田HR-V,2026-02-01,1908.0,482.81292724609375,False,1,1,,482.81292724609375,historical_series_model
SELECTED_FEEDBACK_COLD_START,fixed_origin_primary,本田HR-V,2026-03-01,2480.0,753.7684326171875,False,1,1,,753.7684326171875,historical_series_model
SELECTED_FEEDBACK_COLD_START,fixed_origin_primary,本田HR-V,2026-04-01,1676.0,620.2482299804688,False,1,1,,620.2482299804688,historical_series_model
SELECTED_FEEDBACK_COLD_START,fixed_origin_primary,本田HR-V,2026-05-01,1686.0,577.3131713867188,False,1,1,,577.3131713867188,historical_series_model
SELECTED_FEEDBACK_COLD_START,fixed_origin_primary,本田HR-V,2026-06-01,2282.0,592.066650390625,False,1,1,,592.066650390625,historical_series_model
SELECTED_FEEDBACK_COLD_START,fixed_origin_primary,本田UR-V,2026-01-01,198.0,146.71412658691406,False,1,1,,146.71412658691406,historical_series_model
SELECTED_FEEDBACK_COLD_START,fixed_origin_primary,本田UR-V,2026-02-01,123.0,132.40736389160156,False,1,1,,132.40736389160156,historical_series_model
SELECTED_FEEDBACK_COLD_START,fixed_origin_primary,本田UR-V,2026-03-01,218.0,189.0934295654297,False,1,1,,189.0934295654297,historical_series_model
SELECTED_FEEDBACK_COLD_START,fixed_origin_primary,本田UR-V,2026-04-01,179.0,152.4232177734375,False,1,1,,152.4232177734375,historical_series_model
SELECTED_FEEDBACK_COLD_START,fixed_origin_primary,本田UR-V,2026-05-01,116.0,151.271240234375,False,1,1,,151.271240234375,historical_series_model
SELECTED_FEEDBACK_COLD_START,fixed_origin_primary,本田UR-V,2026-06-01,156.0,149.0808563232422,False,1,1,,149.0808563232422,historical_series_model
SELECTED_FEEDBACK_COLD_START,fixed_origin_primary,本田XR-V,2026-01-01,298.0,138.9379119873047,False,1,1,,138.9379119873047,historical_series_model
SELECTED_FEEDBACK_COLD_START,fixed_origin_primary,本田XR-V,2026-02-01,200.0,110.45231628417967,False,1,1,,110.45231628417967,historical_series_model
SELECTED_FEEDBACK_COLD_START,fixed_origin_primary,本田XR-V,2026-03-01,594.0,120.06101989746094,False,1,1,,120.06101989746094,historical_series_model
SELECTED_FEEDBACK_COLD_START,fixed_origin_primary,本田XR-V,2026-04-01,451.0,97.56741333007812,False,1,1,,97.56741333007812,historical_series_model
SELECTED_FEEDBACK_COLD_START,fixed_origin_primary,本田XR-V,2026-05-01,236.0,78.34939575195312,False,1,1,,78.34939575195312,historical_series_model
SELECTED_FEEDBACK_COLD_START,fixed_origin_primary,本田XR-V,2026-06-01,34.0,69.30258178710938,False,1,1,,69.30258178710938,historical_series_model
SELECTED_FEEDBACK_COLD_START,fixed_origin_primary,极氪001,2026-01-01,2956.0,3452.674072265625,False,1,1,,3452.674072265625,historical_series_model
SELECTED_FEEDBACK_COLD_START,fixed_origin_primary,极氪001,2026-02-01,3205.0,2630.620849609375,False,1,1,,2630.620849609375,historical_series_model
SELECTED_FEEDBACK_COLD_START,fixed_origin_primary,极氪001,2026-03-01,2854.0,3588.113037109375,False,1,1,,3588.113037109375,historical_series_model
SELECTED_FEEDBACK_COLD_START,fixed_origin_primary,极氪001,2026-04-01,2267.0,2959.72607421875,False,1,1,,2959.72607421875,historical_series_model
SELECTED_FEEDBACK_COLD_START,fixed_origin_primary,极氪001,2026-05-01,1876.0,2906.2314453125,False,1,1,,2906.2314453125,historical_series_model
SELECTED_FEEDBACK_COLD_START,fixed_origin_primary,极氪001,2026-06-01,1844.0,3072.123779296875,False,1,1,,3072.123779296875,historical_series_model
SELECTED_FEEDBACK_COLD_START,fixed_origin_primary,极氪009,2026-01-01,576.0,889.0137329101562,False,1,1,,889.0137329101562,historical_series_model
SELECTED_FEEDBACK_COLD_START,fixed_origin_primary,极氪009,2026-02-01,927.0,744.0099487304688,False,1,1,,744.0099487304688,historical_series_model
SELECTED_FEEDBACK_COLD_START,fixed_origin_primary,极氪009,2026-03-01,721.0,1056.9102783203125,False,1,1,,1056.9102783203125,historical_series_model
SELECTED_FEEDBACK_COLD_START,fixed_origin_primary,极氪009,2026-04-01,483.0,882.0437622070312,False,1,1,,882.0437622070312,historical_series_model
SELECTED_FEEDBACK_COLD_START,fixed_origin_primary,极氪009,2026-05-01,1536.0,859.0478515625,False,1,1,,859.0478515625,historical_series_model
SELECTED_FEEDBACK_COLD_START,fixed_origin_primary,极氪009,2026-06-01,2843.0,931.3399658203124,False,1,1,,931.3399658203124,historical_series_model
SELECTED_FEEDBACK_COLD_START,fixed_origin_primary,极狐 阿尔法S5,2026-01-01,8.0,1280.0020751953125,False,1,1,,1280.0020751953125,historical_series_model
SELECTED_FEEDBACK_COLD_START,fixed_origin_primary,极狐 阿尔法S5,2026-02-01,806.0,764.981201171875,False,1,1,,764.981201171875,historical_series_model
SELECTED_FEEDBACK_COLD_START,fixed_origin_primary,极狐 阿尔法S5,2026-03-01,3375.0,1197.1658935546875,False,1,1,,1197.1658935546875,historical_series_model
SELECTED_FEEDBACK_COLD_START,fixed_origin_primary,极狐 阿尔法S5,2026-04-01,6046.0,1093.129638671875,False,1,1,,1093.129638671875,historical_series_model
SELECTED_FEEDBACK_COLD_START,fixed_origin_primary,极狐 阿尔法S5,2026-05-01,5578.0,1100.270751953125,False,1,1,,1100.270751953125,historical_series_model
SELECTED_FEEDBACK_COLD_START,fixed_origin_primary,极狐 阿尔法S5,2026-06-01,5644.0,1277.83056640625,False,1,1,,1277.83056640625,historical_series_model
SELECTED_FEEDBACK_COLD_START,fixed_origin_primary,极狐考拉,2026-01-01,404.0,559.5711059570312,False,1,1,,559.5711059570312,historical_series_model
SELECTED_FEEDBACK_COLD_START,fixed_origin_primary,极狐考拉,2026-02-01,34.0,417.822998046875,False,1,1,,417.822998046875,historical_series_model
SELECTED_FEEDBACK_COLD_START,fixed_origin_primary,极狐考拉,2026-03-01,135.0,697.5947875976562,False,1,1,,697.5947875976562,historical_series_model
SELECTED_FEEDBACK_COLD_START,fixed_origin_primary,极狐考拉,2026-04-01,113.0,558.5042724609375,False,1,1,,558.5042724609375,historical_series_model
SELECTED_FEEDBACK_COLD_START,fixed_origin_primary,极狐考拉,2026-05-01,24.0,521.2467041015625,False,1,1,,521.2467041015625,historical_series_model
SELECTED_FEEDBACK_COLD_START,fixed_origin_primary,极狐考拉,2026-06-01,54.0,580.6744995117188,False,1,1,,580.6744995117188,historical_series_model
SELECTED_FEEDBACK_COLD_START,fixed_origin_primary,林肯Z,2026-01-01,1308.0,910.3987426757812,False,1,1,,910.3987426757812,historical_series_model
SELECTED_FEEDBACK_COLD_START,fixed_origin_primary,林肯Z,2026-02-01,713.0,732.4212036132812,False,1,1,,732.4212036132812,historical_series_model
SELECTED_FEEDBACK_COLD_START,fixed_origin_primary,林肯Z,2026-03-01,1280.0,1010.9334716796876,False,1,1,,1010.9334716796876,historical_series_model
SELECTED_FEEDBACK_COLD_START,fixed_origin_primary,林肯Z,2026-04-01,732.0,850.009033203125,False,1,1,,850.009033203125,historical_series_model
SELECTED_FEEDBACK_COLD_START,fixed_origin_primary,林肯Z,2026-05-01,737.0,873.7537841796875,False,1,1,,873.7537841796875,historical_series_model
SELECTED_FEEDBACK_COLD_START,fixed_origin_primary,林肯Z,2026-06-01,713.0,965.0735473632812,False,1,1,,965.0735473632812,historical_series_model
SELECTED_FEEDBACK_COLD_START,fixed_origin_primary,枫叶60s,2026-01-01,0.0,138.93324279785156,False,1,0,,138.93324279785156,historical_series_model
SELECTED_FEEDBACK_COLD_START,fixed_origin_primary,枫叶60s,2026-02-01,4.0,142.53590393066406,False,1,0,,142.53590393066406,historical_series_model
SELECTED_FEEDBACK_COLD_START,fixed_origin_primary,枫叶60s,2026-03-01,233.0,273.9894104003906,False,1,0,,273.9894104003906,historical_series_model
SELECTED_FEEDBACK_COLD_START,fixed_origin_primary,枫叶60s,2026-04-01,306.0,210.1705017089844,False,1,0,,210.1705017089844,historical_series_model
SELECTED_FEEDBACK_COLD_START,fixed_origin_primary,枫叶60s,2026-05-01,600.0,230.67562866210935,False,1,0,,230.67562866210935,historical_series_model
SELECTED_FEEDBACK_COLD_START,fixed_origin_primary,枫叶60s,2026-06-01,227.0,280.3997497558594,False,1,0,,280.3997497558594,historical_series_model
SELECTED_FEEDBACK_COLD_START,fixed_origin_primary,标致4008,2026-01-01,34.0,73.4989013671875,False,1,1,,73.4989013671875,historical_series_model
SELECTED_FEEDBACK_COLD_START,fixed_origin_primary,标致4008,2026-02-01,0.0,58.466121673583984,False,1,1,,58.466121673583984,historical_series_model
SELECTED_FEEDBACK_COLD_START,fixed_origin_primary,标致4008,2026-03-01,1.0,101.89807891845705,False,1,1,,101.89807891845705,historical_series_model
SELECTED_FEEDBACK_COLD_START,fixed_origin_primary,标致4008,2026-04-01,100.0,92.4936752319336,False,1,1,,92.4936752319336,historical_series_model
SELECTED_FEEDBACK_COLD_START,fixed_origin_primary,标致4008,2026-05-01,54.0,84.42774200439453,False,1,1,,84.42774200439453,historical_series_model
SELECTED_FEEDBACK_COLD_START,fixed_origin_primary,标致4008,2026-06-01,69.0,91.87604522705078,False,1,1,,91.87604522705078,historical_series_model
SELECTED_FEEDBACK_COLD_START,fixed_origin_primary,标致408,2026-01-01,1494.0,354.1595764160156,False,1,1,,354.1595764160156,historical_series_model
SELECTED_FEEDBACK_COLD_START,fixed_origin_primary,标致408,2026-02-01,685.0,279.6269836425781,False,1,1,,279.6269836425781,historical_series_model
SELECTED_FEEDBACK_COLD_START,fixed_origin_primary,标致408,2026-03-01,478.0,377.3450927734375,False,1,1,,377.3450927734375,historical_series_model
SELECTED_FEEDBACK_COLD_START,fixed_origin_primary,标致408,2026-04-01,453.0,328.5613098144531,False,1,1,,328.5613098144531,historical_series_model
SELECTED_FEEDBACK_COLD_START,fixed_origin_primary,标致408,2026-05-01,822.0,336.29443359375,False,1,1,,336.29443359375,historical_series_model
SELECTED_FEEDBACK_COLD_START,fixed_origin_primary,标致408,2026-06-01,527.0,372.5106201171875,False,1,1,,372.5106201171875,historical_series_model
SELECTED_FEEDBACK_COLD_START,fixed_origin_primary,标致408X,2026-01-01,43.0,47.95995330810547,False,1,1,,47.95995330810547,historical_series_model
SELECTED_FEEDBACK_COLD_START,fixed_origin_primary,标致408X,2026-02-01,20.0,55.122047424316406,False,1,1,,55.122047424316406,historical_series_model
SELECTED_FEEDBACK_COLD_START,fixed_origin_primary,标致408X,2026-03-01,33.0,88.97868347167969,False,1,1,,88.97868347167969,historical_series_model
SELECTED_FEEDBACK_COLD_START,fixed_origin_primary,标致408X,2026-04-01,26.0,85.05052185058594,False,1,1,,85.05052185058594,historical_series_model
SELECTED_FEEDBACK_COLD_START,fixed_origin_primary,标致408X,2026-05-01,23.0,79.42700958251953,False,1,1,,79.42700958251953,historical_series_model
SELECTED_FEEDBACK_COLD_START,fixed_origin_primary,标致408X,2026-06-01,20.0,77.27569580078125,False,1,1,,77.27569580078125,historical_series_model
SELECTED_FEEDBACK_COLD_START,fixed_origin_primary,标致5008,2026-01-01,159.0,121.38471221923828,False,1,1,,121.38471221923828,historical_series_model
SELECTED_FEEDBACK_COLD_START,fixed_origin_primary,标致5008,2026-02-01,83.0,98.6955795288086,False,1,1,,98.6955795288086,historical_series_model
SELECTED_FEEDBACK_COLD_START,fixed_origin_primary,标致5008,2026-03-01,244.0,120.65480041503906,False,1,1,,120.65480041503906,historical_series_model
SELECTED_FEEDBACK_COLD_START,fixed_origin_primary,标致5008,2026-04-01,124.0,112.97488403320312,False,1,1,,112.97488403320312,historical_series_model
SELECTED_FEEDBACK_COLD_START,fixed_origin_primary,标致5008,2026-05-01,99.0,120.34397888183594,False,1,1,,120.34397888183594,historical_series_model
SELECTED_FEEDBACK_COLD_START,fixed_origin_primary,标致5008,2026-06-01,105.0,126.6800308227539,False,1,1,,126.6800308227539,historical_series_model
SELECTED_FEEDBACK_COLD_START,fixed_origin_primary,标致508,2026-01-01,136.0,124.44449615478516,False,1,1,,124.44449615478516,historical_series_model
SELECTED_FEEDBACK_COLD_START,fixed_origin_primary,标致508,2026-02-01,108.0,93.27841186523438,False,1,1,,93.27841186523438,historical_series_model
SELECTED_FEEDBACK_COLD_START,fixed_origin_primary,标致508,2026-03-01,219.0,121.7459487915039,False,1,1,,121.7459487915039,historical_series_model
SELECTED_FEEDBACK_COLD_START,fixed_origin_primary,标致508,2026-04-01,78.0,107.9802703857422,False,1,1,,107.9802703857422,historical_series_model
SELECTED_FEEDBACK_COLD_START,fixed_origin_primary,标致508,2026-05-01,100.0,109.60075378417967,False,1,1,,109.60075378417967,historical_series_model
SELECTED_FEEDBACK_COLD_START,fixed_origin_primary,标致508,2026-06-01,78.0,109.86634826660156,False,1,1,,109.86634826660156,historical_series_model
SELECTED_FEEDBACK_COLD_START,fixed_origin_primary,格瑞维亚,2026-01-01,5068.0,4836.1328125,False,1,1,,4836.1328125,historical_series_model
SELECTED_FEEDBACK_COLD_START,fixed_origin_primary,格瑞维亚,2026-02-01,1472.0,3601.617431640625,False,1,1,,3601.617431640625,historical_series_model
SELECTED_FEEDBACK_COLD_START,fixed_origin_primary,格瑞维亚,2026-03-01,4329.0,4458.95947265625,False,1,1,,4458.95947265625,historical_series_model
SELECTED_FEEDBACK_COLD_START,fixed_origin_primary,格瑞维亚,2026-04-01,2559.0,3834.156494140625,False,1,1,,3834.156494140625,historical_series_model
SELECTED_FEEDBACK_COLD_START,fixed_origin_primary,格瑞维亚,2026-05-01,2563.0,3816.23291015625,False,1,1,,3816.23291015625,historical_series_model
SELECTED_FEEDBACK_COLD_START,fixed_origin_primary,格瑞维亚,2026-06-01,2076.0,4082.153076171875,False,1,1,,4082.153076171875,historical_series_model
SELECTED_FEEDBACK_COLD_START,fixed_origin_primary,欧拉好猫,2026-01-01,502.0,1665.3870849609375,False,1,1,,1665.3870849609375,historical_series_model
SELECTED_FEEDBACK_COLD_START,fixed_origin_primary,欧拉好猫,2026-02-01,218.0,1252.94140625,False,1,1,,1252.94140625,historical_series_model
SELECTED_FEEDBACK_COLD_START,fixed_origin_primary,欧拉好猫,2026-03-01,784.0,1635.803955078125,False,1,1,,1635.803955078125,historical_series_model
SELECTED_FEEDBACK_COLD_START,fixed_origin_primary,欧拉好猫,2026-04-01,1125.0,1627.832763671875,False,1,1,,1627.832763671875,historical_series_model
SELECTED_FEEDBACK_COLD_START,fixed_origin_primary,欧拉好猫,2026-05-01,1112.0,1678.427978515625,False,1,1,,1678.427978515625,historical_series_model
SELECTED_FEEDBACK_COLD_START,fixed_origin_primary,欧拉好猫,2026-06-01,1016.0,1689.3720703125,False,1,1,,1689.3720703125,historical_series_model
SELECTED_FEEDBACK_COLD_START,fixed_origin_primary,欧拉闪电猫,2026-01-01,0.0,17.47040367126465,False,1,0,,17.47040367126465,historical_series_model
SELECTED_FEEDBACK_COLD_START,fixed_origin_primary,欧拉闪电猫,2026-02-01,0.0,13.07629108428955,False,1,0,,13.07629108428955,historical_series_model
SELECTED_FEEDBACK_COLD_START,fixed_origin_primary,欧拉闪电猫,2026-03-01,0.0,14.422430038452148,False,1,0,,14.422430038452148,historical_series_model
SELECTED_FEEDBACK_COLD_START,fixed_origin_primary,欧拉闪电猫,2026-04-01,0.0,12.08586597442627,False,1,0,,12.08586597442627,historical_series_model
SELECTED_FEEDBACK_COLD_START,fixed_origin_primary,欧拉闪电猫,2026-05-01,0.0,9.753856658935549,False,1,0,,9.753856658935549,historical_series_model
SELECTED_FEEDBACK_COLD_START,fixed_origin_primary,欧拉闪电猫,2026-06-01,0.0,11.577391624450684,False,1,0,,11.577391624450684,historical_series_model
SELECTED_FEEDBACK_COLD_START,fixed_origin_primary,欧诺S,2026-01-01,564.0,384.2761840820313,False,1,1,,384.2761840820313,historical_series_model
SELECTED_FEEDBACK_COLD_START,fixed_origin_primary,欧诺S,2026-02-01,440.0,297.2804870605469,False,1,1,,297.2804870605469,historical_series_model
SELECTED_FEEDBACK_COLD_START,fixed_origin_primary,欧诺S,2026-03-01,677.0,372.1211242675781,False,1,1,,372.1211242675781,historical_series_model
SELECTED_FEEDBACK_COLD_START,fixed_origin_primary,欧诺S,2026-04-01,576.0,299.57135009765625,False,1,1,,299.57135009765625,historical_series_model
SELECTED_FEEDBACK_COLD_START,fixed_origin_primary,欧诺S,2026-05-01,531.0,269.88543701171875,False,1,1,,269.88543701171875,historical_series_model
SELECTED_FEEDBACK_COLD_START,fixed_origin_primary,欧诺S,2026-06-01,350.0,244.52737426757812,False,1,1,,244.52737426757812,historical_series_model
SELECTED_FEEDBACK_COLD_START,fixed_origin_primary,比亚迪M9,2026-01-01,5.0,107.79537963867188,False,1,1,,107.79537963867188,historical_series_model
SELECTED_FEEDBACK_COLD_START,fixed_origin_primary,比亚迪M9,2026-02-01,11.0,75.39680480957031,False,1,1,,75.39680480957031,historical_series_model
SELECTED_FEEDBACK_COLD_START,fixed_origin_primary,比亚迪M9,2026-03-01,6.0,69.04279327392578,False,1,1,,69.04279327392578,historical_series_model
SELECTED_FEEDBACK_COLD_START,fixed_origin_primary,比亚迪M9,2026-04-01,13.0,70.49517059326172,False,1,1,,70.49517059326172,historical_series_model
SELECTED_FEEDBACK_COLD_START,fixed_origin_primary,比亚迪M9,2026-05-01,9.0,70.55113983154297,False,1,1,,70.55113983154297,historical_series_model
SELECTED_FEEDBACK_COLD_START,fixed_origin_primary,比亚迪M9,2026-06-01,7.0,72.9789810180664,False,1,1,,72.9789810180664,historical_series_model
SELECTED_FEEDBACK_COLD_START,fixed_origin_primary,比亚迪e7,2026-01-01,673.0,2912.17919921875,False,1,1,,2912.17919921875,historical_series_model
SELECTED_FEEDBACK_COLD_START,fixed_origin_primary,比亚迪e7,2026-02-01,561.0,1864.087158203125,False,1,1,,1864.087158203125,historical_series_model
SELECTED_FEEDBACK_COLD_START,fixed_origin_primary,比亚迪e7,2026-03-01,2673.0,2497.42724609375,False,1,1,,2497.42724609375,historical_series_model
SELECTED_FEEDBACK_COLD_START,fixed_origin_primary,比亚迪e7,2026-04-01,2833.0,1901.2210693359375,False,1,1,,1901.2210693359375,historical_series_model
SELECTED_FEEDBACK_COLD_START,fixed_origin_primary,比亚迪e7,2026-05-01,2829.0,1897.469482421875,False,1,1,,1897.469482421875,historical_series_model
SELECTED_FEEDBACK_COLD_START,fixed_origin_primary,比亚迪e7,2026-06-01,2178.0,1801.753173828125,False,1,1,,1801.753173828125,historical_series_model
SELECTED_FEEDBACK_COLD_START,fixed_origin_primary,比亚迪e9,2026-01-01,0.0,0.6395596861839294,False,1,0,,0.6395596861839294,historical_series_model
SELECTED_FEEDBACK_COLD_START,fixed_origin_primary,比亚迪e9,2026-02-01,11.0,0.4597983956336975,False,1,0,,0.4597983956336975,historical_series_model
SELECTED_FEEDBACK_COLD_START,fixed_origin_primary,比亚迪e9,2026-03-01,58.0,0.2847360372543335,False,1,0,,0.2847360372543335,historical_series_model
SELECTED_FEEDBACK_COLD_START,fixed_origin_primary,比亚迪e9,2026-04-01,48.0,0.1053663715720176,False,1,0,,0.1053663715720176,historical_series_model
SELECTED_FEEDBACK_COLD_START,fixed_origin_primary,比亚迪e9,2026-05-01,22.0,0.1035477891564369,False,1,0,,0.1035477891564369,historical_series_model
SELECTED_FEEDBACK_COLD_START,fixed_origin_primary,比亚迪e9,2026-06-01,20.0,0.1432436257600784,False,1,0,,0.1432436257600784,historical_series_model
SELECTED_FEEDBACK_COLD_START,fixed_origin_primary,汉,2026-01-01,2147.0,6822.78662109375,False,1,1,,6822.78662109375,historical_series_model
SELECTED_FEEDBACK_COLD_START,fixed_origin_primary,汉,2026-02-01,1962.0,5875.23095703125,False,1,1,,5875.23095703125,historical_series_model
SELECTED_FEEDBACK_COLD_START,fixed_origin_primary,汉,2026-03-01,3661.0,7211.6083984375,False,1,1,,7211.6083984375,historical_series_model
SELECTED_FEEDBACK_COLD_START,fixed_origin_primary,汉,2026-04-01,2834.0,6835.98388671875,False,1,1,,6835.98388671875,historical_series_model
SELECTED_FEEDBACK_COLD_START,fixed_origin_primary,汉,2026-05-01,3390.0,7021.25830078125,False,1,1,,7021.25830078125,historical_series_model
SELECTED_FEEDBACK_COLD_START,fixed_origin_primary,汉,2026-06-01,3285.0,8048.193359375,False,1,1,,8048.193359375,historical_series_model
SELECTED_FEEDBACK_COLD_START,fixed_origin_primary,江淮A5 PLUS,2026-01-01,0.0,0.4396783709526062,False,1,0,,0.4396783709526062,historical_series_model
SELECTED_FEEDBACK_COLD_START,fixed_origin_primary,江淮A5 PLUS,2026-02-01,0.0,0.3734773099422455,False,1,0,,0.3734773099422455,historical_series_model
SELECTED_FEEDBACK_COLD_START,fixed_origin_primary,江淮A5 PLUS,2026-03-01,0.0,0.3823556303977966,False,1,0,,0.3823556303977966,historical_series_model
SELECTED_FEEDBACK_COLD_START,fixed_origin_primary,江淮A5 PLUS,2026-04-01,0.0,0.1834471672773361,False,1,0,,0.1834471672773361,historical_series_model
SELECTED_FEEDBACK_COLD_START,fixed_origin_primary,江淮A5 PLUS,2026-05-01,0.0,0.2425802201032638,False,1,0,,0.2425802201032638,historical_series_model
SELECTED_FEEDBACK_COLD_START,fixed_origin_primary,江淮A5 PLUS,2026-06-01,0.0,0.2509389221668243,False,1,0,,0.2509389221668243,historical_series_model
SELECTED_FEEDBACK_COLD_START,fixed_origin_primary,江淮QX PHEV,2026-01-01,2.0,1.3743802309036257,False,1,0,,1.3743802309036257,historical_series_model
SELECTED_FEEDBACK_COLD_START,fixed_origin_primary,江淮QX PHEV,2026-02-01,1.0,0.5730202794075012,False,1,0,,0.5730202794075012,historical_series_model
SELECTED_FEEDBACK_COLD_START,fixed_origin_primary,江淮QX PHEV,2026-03-01,9.0,0.3219072520732879,False,1,0,,0.3219072520732879,historical_series_model
SELECTED_FEEDBACK_COLD_START,fixed_origin_primary,江淮QX PHEV,2026-04-01,5.0,0.1087476536631584,False,1,0,,0.1087476536631584,historical_series_model
SELECTED_FEEDBACK_COLD_START,fixed_origin_primary,江淮QX PHEV,2026-05-01,0.0,0.0986994057893753,False,1,0,,0.0986994057893753,historical_series_model
SELECTED_FEEDBACK_COLD_START,fixed_origin_primary,江淮QX PHEV,2026-06-01,2.0,0.0760257765650749,False,1,0,,0.0760257765650749,historical_series_model
SELECTED_FEEDBACK_COLD_START,fixed_origin_primary,沃兰多,2026-01-01,0.0,0.0,False,1,0,,0.0,historical_series_model
SELECTED_FEEDBACK_COLD_START,fixed_origin_primary,沃兰多,2026-02-01,0.0,0.0,False,1,0,,0.0,historical_series_model
SELECTED_FEEDBACK_COLD_START,fixed_origin_primary,沃兰多,2026-03-01,0.0,0.0,False,1,0,,0.0,historical_series_model
SELECTED_FEEDBACK_COLD_START,fixed_origin_primary,沃兰多,2026-04-01,0.0,0.0,False,1,0,,0.0,historical_series_model
SELECTED_FEEDBACK_COLD_START,fixed_origin_primary,沃兰多,2026-05-01,0.0,0.0,False,1,0,,0.0,historical_series_model
SELECTED_FEEDBACK_COLD_START,fixed_origin_primary,沃兰多,2026-06-01,0.0,0.0,False,1,0,,0.0,historical_series_model
SELECTED_FEEDBACK_COLD_START,fixed_origin_primary,沃尔沃C40,2026-01-01,0.0,1.2031804323196411,False,1,0,,1.2031804323196411,historical_series_model
SELECTED_FEEDBACK_COLD_START,fixed_origin_primary,沃尔沃C40,2026-02-01,0.0,0.7738510370254517,False,1,0,,0.7738510370254517,historical_series_model
SELECTED_FEEDBACK_COLD_START,fixed_origin_primary,沃尔沃C40,2026-03-01,0.0,0.3044232726097107,False,1,0,,0.3044232726097107,historical_series_model
SELECTED_FEEDBACK_COLD_START,fixed_origin_primary,沃尔沃C40,2026-04-01,0.0,0.1385416537523269,False,1,0,,0.1385416537523269,historical_series_model
SELECTED_FEEDBACK_COLD_START,fixed_origin_primary,沃尔沃C40,2026-05-01,0.0,0.0673849955201149,False,1,0,,0.0673849955201149,historical_series_model
SELECTED_FEEDBACK_COLD_START,fixed_origin_primary,沃尔沃C40,2026-06-01,0.0,0.1702902913093567,False,1,0,,0.1702902913093567,historical_series_model
SELECTED_FEEDBACK_COLD_START,fixed_origin_primary,沃尔沃EM90,2026-01-01,17.0,57.43304443359375,False,1,1,,57.43304443359375,historical_series_model
SELECTED_FEEDBACK_COLD_START,fixed_origin_primary,沃尔沃EM90,2026-02-01,6.0,55.063419342041016,False,1,1,,55.063419342041016,historical_series_model
SELECTED_FEEDBACK_COLD_START,fixed_origin_primary,沃尔沃EM90,2026-03-01,22.0,93.24987030029295,False,1,1,,93.24987030029295,historical_series_model
SELECTED_FEEDBACK_COLD_START,fixed_origin_primary,沃尔沃EM90,2026-04-01,25.0,82.74638366699219,False,1,1,,82.74638366699219,historical_series_model
SELECTED_FEEDBACK_COLD_START,fixed_origin_primary,沃尔沃EM90,2026-05-01,22.0,80.36062622070312,False,1,1,,80.36062622070312,historical_series_model
SELECTED_FEEDBACK_COLD_START,fixed_origin_primary,沃尔沃EM90,2026-06-01,24.0,85.69288635253906,False,1,1,,85.69288635253906,historical_series_model
SELECTED_FEEDBACK_COLD_START,fixed_origin_primary,沃尔沃ES90,2026-01-01,0.0,0.0,True,0,0,0.0,1.487185001373291,HORIZON_MEDIAN
SELECTED_FEEDBACK_COLD_START,fixed_origin_primary,沃尔沃ES90,2026-02-01,0.0,0.0,True,0,0,0.0,2.7630112171173096,HORIZON_MEDIAN
SELECTED_FEEDBACK_COLD_START,fixed_origin_primary,沃尔沃ES90,2026-03-01,0.0,108.0,True,0,0,108.0,2.916562080383301,HORIZON_MEDIAN
SELECTED_FEEDBACK_COLD_START,fixed_origin_primary,沃尔沃ES90,2026-04-01,0.0,292.0,True,0,0,292.0,1.855360984802246,HORIZON_MEDIAN
SELECTED_FEEDBACK_COLD_START,fixed_origin_primary,沃尔沃ES90,2026-05-01,23.0,418.5,True,0,0,418.5,1.4732681512832642,HORIZON_MEDIAN
SELECTED_FEEDBACK_COLD_START,fixed_origin_primary,沃尔沃ES90,2026-06-01,27.0,792.0,True,0,0,792.0,2.8620078563690186,HORIZON_MEDIAN
SELECTED_FEEDBACK_COLD_START,fixed_origin_primary,沃尔沃S60,2026-01-01,2451.0,1873.45849609375,False,1,1,,1873.45849609375,historical_series_model
SELECTED_FEEDBACK_COLD_START,fixed_origin_primary,沃尔沃S60,2026-02-01,1041.0,1321.1318359375,False,1,1,,1321.1318359375,historical_series_model
SELECTED_FEEDBACK_COLD_START,fixed_origin_primary,沃尔沃S60,2026-03-01,2782.0,1649.774658203125,False,1,1,,1649.774658203125,historical_series_model
SELECTED_FEEDBACK_COLD_START,fixed_origin_primary,沃尔沃S60,2026-04-01,2510.0,1621.4136962890625,False,1,1,,1621.4136962890625,historical_series_model
SELECTED_FEEDBACK_COLD_START,fixed_origin_primary,沃尔沃S60,2026-05-01,2260.0,1687.2020263671875,False,1,1,,1687.2020263671875,historical_series_model
SELECTED_FEEDBACK_COLD_START,fixed_origin_primary,沃尔沃S60,2026-06-01,2121.0,1705.361572265625,False,1,1,,1705.361572265625,historical_series_model
SELECTED_FEEDBACK_COLD_START,fixed_origin_primary,沃尔沃S90,2026-01-01,2157.0,1474.448974609375,False,1,1,,1474.448974609375,historical_series_model
SELECTED_FEEDBACK_COLD_START,fixed_origin_primary,沃尔沃S90,2026-02-01,504.0,1034.3594970703125,False,1,1,,1034.3594970703125,historical_series_model
SELECTED_FEEDBACK_COLD_START,fixed_origin_primary,沃尔沃S90,2026-03-01,1775.0,1489.4512939453125,False,1,1,,1489.4512939453125,historical_series_model
SELECTED_FEEDBACK_COLD_START,fixed_origin_primary,沃尔沃S90,2026-04-01,428.0,1290.5440673828125,False,1,1,,1290.5440673828125,historical_series_model
SELECTED_FEEDBACK_COLD_START,fixed_origin_primary,沃尔沃S90,2026-05-01,397.0,1250.9620361328125,False,1,1,,1250.9620361328125,historical_series_model
SELECTED_FEEDBACK_COLD_START,fixed_origin_primary,沃尔沃S90,2026-06-01,510.0,1285.4610595703125,False,1,1,,1285.4610595703125,historical_series_model
SELECTED_FEEDBACK_COLD_START,fixed_origin_primary,沃尔沃S90新能源,2026-01-01,28.0,156.4430694580078,False,0,0,,156.4430694580078,historical_series_model
SELECTED_FEEDBACK_COLD_START,fixed_origin_primary,沃尔沃S90新能源,2026-02-01,18.0,139.3319549560547,False,0,0,,139.3319549560547,historical_series_model
SELECTED_FEEDBACK_COLD_START,fixed_origin_primary,沃尔沃S90新能源,2026-03-01,63.0,231.5246124267578,False,0,0,,231.5246124267578,historical_series_model
SELECTED_FEEDBACK_COLD_START,fixed_origin_primary,沃尔沃S90新能源,2026-04-01,15.0,193.3363342285156,False,0,0,,193.3363342285156,historical_series_model
SELECTED_FEEDBACK_COLD_START,fixed_origin_primary,沃尔沃S90新能源,2026-05-01,11.0,196.9818878173828,False,0,0,,196.9818878173828,historical_series_model
SELECTED_FEEDBACK_COLD_START,fixed_origin_primary,沃尔沃S90新能源,2026-06-01,7.0,218.08287048339844,False,0,0,,218.08287048339844,historical_series_model
SELECTED_FEEDBACK_COLD_START,fixed_origin_primary,海狮05EV,2026-01-01,1633.0,5595.9560546875,False,1,1,,5595.9560546875,historical_series_model
SELECTED_FEEDBACK_COLD_START,fixed_origin_primary,海狮05EV,2026-02-01,1556.0,3653.2587890625,False,1,1,,3653.2587890625,historical_series_model
SELECTED_FEEDBACK_COLD_START,fixed_origin_primary,海狮05EV,2026-03-01,5486.0,4055.867919921875,False,1,1,,4055.867919921875,historical_series_model
SELECTED_FEEDBACK_COLD_START,fixed_origin_primary,海狮05EV,2026-04-01,5140.0,3644.163818359375,False,1,1,,3644.163818359375,historical_series_model
SELECTED_FEEDBACK_COLD_START,fixed_origin_primary,海狮05EV,2026-05-01,6416.0,3503.6474609375,False,1,1,,3503.6474609375,historical_series_model
SELECTED_FEEDBACK_COLD_START,fixed_origin_primary,海狮05EV,2026-06-01,7753.0,3818.0244140625,False,1,1,,3818.0244140625,historical_series_model
SELECTED_FEEDBACK_COLD_START,fixed_origin_primary,海狮06EV,2026-01-01,4004.0,11165.2275390625,False,1,1,,11165.2275390625,historical_series_model
SELECTED_FEEDBACK_COLD_START,fixed_origin_primary,海狮06EV,2026-02-01,3621.0,8934.1884765625,False,1,1,,8934.1884765625,historical_series_model
SELECTED_FEEDBACK_COLD_START,fixed_origin_primary,海狮06EV,2026-03-01,13584.0,12078.3759765625,False,1,1,,12078.3759765625,historical_series_model
SELECTED_FEEDBACK_COLD_START,fixed_origin_primary,海狮06EV,2026-04-01,15659.0,9595.046875,False,1,1,,9595.046875,historical_series_model
SELECTED_FEEDBACK_COLD_START,fixed_origin_primary,海狮06EV,2026-05-01,14868.0,10208.2998046875,False,1,1,,10208.2998046875,historical_series_model
SELECTED_FEEDBACK_COLD_START,fixed_origin_primary,海狮06EV,2026-06-01,11534.0,10397.5146484375,False,1,1,,10397.5146484375,historical_series_model
SELECTED_FEEDBACK_COLD_START,fixed_origin_primary,海狮07EV,2026-01-01,173.0,555.7786865234375,False,1,1,,555.7786865234375,historical_series_model
SELECTED_FEEDBACK_COLD_START,fixed_origin_primary,海狮07EV,2026-02-01,110.0,429.27252197265625,False,1,1,,429.27252197265625,historical_series_model
SELECTED_FEEDBACK_COLD_START,fixed_origin_primary,海狮07EV,2026-03-01,216.0,660.2680053710938,False,1,1,,660.2680053710938,historical_series_model
SELECTED_FEEDBACK_COLD_START,fixed_origin_primary,海狮07EV,2026-04-01,149.0,529.9681396484375,False,1,1,,529.9681396484375,historical_series_model
SELECTED_FEEDBACK_COLD_START,fixed_origin_primary,海狮07EV,2026-05-01,207.0,505.0376892089844,False,1,1,,505.0376892089844,historical_series_model
SELECTED_FEEDBACK_COLD_START,fixed_origin_primary,海狮07EV,2026-06-01,122.0,470.3554382324219,False,1,1,,470.3554382324219,historical_series_model
SELECTED_FEEDBACK_COLD_START,fixed_origin_primary,海豚,2026-01-01,5699.0,11873.287109375,False,1,1,,11873.287109375,historical_series_model
SELECTED_FEEDBACK_COLD_START,fixed_origin_primary,海豚,2026-02-01,6081.0,9426.2392578125,False,1,1,,9426.2392578125,historical_series_model
SELECTED_FEEDBACK_COLD_START,fixed_origin_primary,海豚,2026-03-01,17291.0,11432.58984375,False,1,1,,11432.58984375,historical_series_model
SELECTED_FEEDBACK_COLD_START,fixed_origin_primary,海豚,2026-04-01,14218.0,10266.1015625,False,1,1,,10266.1015625,historical_series_model
SELECTED_FEEDBACK_COLD_START,fixed_origin_primary,海豚,2026-05-01,12819.0,10560.2001953125,False,1,1,,10560.2001953125,historical_series_model
SELECTED_FEEDBACK_COLD_START,fixed_origin_primary,海豚,2026-06-01,13005.0,10689.0234375,False,1,1,,10689.0234375,historical_series_model
SELECTED_FEEDBACK_COLD_START,fixed_origin_primary,海豹,2026-01-01,49.0,135.06785583496094,False,1,1,,135.06785583496094,historical_series_model
SELECTED_FEEDBACK_COLD_START,fixed_origin_primary,海豹,2026-02-01,47.0,122.88746643066406,False,1,1,,122.88746643066406,historical_series_model
SELECTED_FEEDBACK_COLD_START,fixed_origin_primary,海豹,2026-03-01,127.0,166.4276123046875,False,1,1,,166.4276123046875,historical_series_model
SELECTED_FEEDBACK_COLD_START,fixed_origin_primary,海豹,2026-04-01,79.0,157.92703247070312,False,1,1,,157.92703247070312,historical_series_model
SELECTED_FEEDBACK_COLD_START,fixed_origin_primary,海豹,2026-05-01,80.0,157.36172485351562,False,1,1,,157.36172485351562,historical_series_model
SELECTED_FEEDBACK_COLD_START,fixed_origin_primary,海豹,2026-06-01,49.0,170.25778198242188,False,1,1,,170.25778198242188,historical_series_model
SELECTED_FEEDBACK_COLD_START,fixed_origin_primary,海豹06DM-i,2026-01-01,3568.0,7499.26220703125,False,0,0,,7499.26220703125,historical_series_model
SELECTED_FEEDBACK_COLD_START,fixed_origin_primary,海豹06DM-i,2026-02-01,4419.0,6473.29296875,False,0,0,,6473.29296875,historical_series_model
SELECTED_FEEDBACK_COLD_START,fixed_origin_primary,海豹06DM-i,2026-03-01,6831.0,7486.21240234375,False,0,0,,7486.21240234375,historical_series_model
SELECTED_FEEDBACK_COLD_START,fixed_origin_primary,海豹06DM-i,2026-04-01,5414.0,6894.93212890625,False,0,0,,6894.93212890625,historical_series_model
SELECTED_FEEDBACK_COLD_START,fixed_origin_primary,海豹06DM-i,2026-05-01,5504.0,6924.1337890625,False,0,0,,6924.1337890625,historical_series_model
SELECTED_FEEDBACK_COLD_START,fixed_origin_primary,海豹06DM-i,2026-06-01,5825.0,7559.3779296875,False,0,0,,7559.3779296875,historical_series_model
SELECTED_FEEDBACK_COLD_START,fixed_origin_primary,海豹06EV,2026-01-01,2314.0,6677.89208984375,False,1,1,,6677.89208984375,historical_series_model
SELECTED_FEEDBACK_COLD_START,fixed_origin_primary,海豹06EV,2026-02-01,2437.0,5321.28271484375,False,1,1,,5321.28271484375,historical_series_model
SELECTED_FEEDBACK_COLD_START,fixed_origin_primary,海豹06EV,2026-03-01,7081.0,5085.38525390625,False,1,1,,5085.38525390625,historical_series_model
SELECTED_FEEDBACK_COLD_START,fixed_origin_primary,海豹06EV,2026-04-01,4840.0,4375.2744140625,False,1,1,,4375.2744140625,historical_series_model
SELECTED_FEEDBACK_COLD_START,fixed_origin_primary,海豹06EV,2026-05-01,2911.0,4408.55908203125,False,1,1,,4408.55908203125,historical_series_model
SELECTED_FEEDBACK_COLD_START,fixed_origin_primary,海豹06EV,2026-06-01,4255.0,4617.02392578125,False,1,1,,4617.02392578125,historical_series_model
SELECTED_FEEDBACK_COLD_START,fixed_origin_primary,海豹06GT,2026-01-01,598.0,1168.35498046875,False,1,1,,1168.35498046875,historical_series_model
SELECTED_FEEDBACK_COLD_START,fixed_origin_primary,海豹06GT,2026-02-01,559.0,876.61279296875,False,1,1,,876.61279296875,historical_series_model
SELECTED_FEEDBACK_COLD_START,fixed_origin_primary,海豹06GT,2026-03-01,1240.0,1216.5206298828125,False,1,1,,1216.5206298828125,historical_series_model
SELECTED_FEEDBACK_COLD_START,fixed_origin_primary,海豹06GT,2026-04-01,2699.0,1012.3724365234376,False,1,1,,1012.3724365234376,historical_series_model
SELECTED_FEEDBACK_COLD_START,fixed_origin_primary,海豹06GT,2026-05-01,3529.0,1029.1202392578125,False,1,1,,1029.1202392578125,historical_series_model
SELECTED_FEEDBACK_COLD_START,fixed_origin_primary,海豹06GT,2026-06-01,4106.0,1055.1627197265625,False,1,1,,1055.1627197265625,historical_series_model
SELECTED_FEEDBACK_COLD_START,fixed_origin_primary,海豹07DM-i,2026-01-01,238.0,510.0909118652344,False,1,1,,510.0909118652344,historical_series_model
SELECTED_FEEDBACK_COLD_START,fixed_origin_primary,海豹07DM-i,2026-02-01,277.0,412.8792114257813,False,1,1,,412.8792114257813,historical_series_model
SELECTED_FEEDBACK_COLD_START,fixed_origin_primary,海豹07DM-i,2026-03-01,432.0,728.7620849609375,False,1,1,,728.7620849609375,historical_series_model
SELECTED_FEEDBACK_COLD_START,fixed_origin_primary,海豹07DM-i,2026-04-01,628.0,590.55029296875,False,1,1,,590.55029296875,historical_series_model
SELECTED_FEEDBACK_COLD_START,fixed_origin_primary,海豹07DM-i,2026-05-01,615.0,587.7744750976562,False,1,1,,587.7744750976562,historical_series_model
SELECTED_FEEDBACK_COLD_START,fixed_origin_primary,海豹07DM-i,2026-06-01,777.0,716.2549438476562,False,1,1,,716.2549438476562,historical_series_model
SELECTED_FEEDBACK_COLD_START,fixed_origin_primary,海豹07EV,2026-01-01,0.0,0.0,True,0,0,0.0,2.8820228576660156,HORIZON_MEDIAN
SELECTED_FEEDBACK_COLD_START,fixed_origin_primary,海豹07EV,2026-02-01,0.0,0.0,True,0,0,0.0,9.422853469848633,HORIZON_MEDIAN
SELECTED_FEEDBACK_COLD_START,fixed_origin_primary,海豹07EV,2026-03-01,0.0,108.0,True,0,0,108.0,12.617793083190918,HORIZON_MEDIAN
SELECTED_FEEDBACK_COLD_START,fixed_origin_primary,海豹07EV,2026-04-01,612.0,292.0,True,0,0,292.0,7.186305999755859,HORIZON_MEDIAN
SELECTED_FEEDBACK_COLD_START,fixed_origin_primary,海豹07EV,2026-05-01,634.0,418.5,True,0,0,418.5,8.159918785095215,HORIZON_MEDIAN
SELECTED_FEEDBACK_COLD_START,fixed_origin_primary,海豹07EV,2026-06-01,627.0,792.0,True,0,0,792.0,9.15544319152832,HORIZON_MEDIAN
SELECTED_FEEDBACK_COLD_START,fixed_origin_primary,海马8S,2026-01-01,0.0,220.9838409423828,False,1,0,,220.9838409423828,historical_series_model
SELECTED_FEEDBACK_COLD_START,fixed_origin_primary,海马8S,2026-02-01,0.0,145.52708435058594,False,1,0,,145.52708435058594,historical_series_model
SELECTED_FEEDBACK_COLD_START,fixed_origin_primary,海马8S,2026-03-01,0.0,232.4130859375,False,1,0,,232.4130859375,historical_series_model
SELECTED_FEEDBACK_COLD_START,fixed_origin_primary,海马8S,2026-04-01,0.0,151.49851989746094,False,1,0,,151.49851989746094,historical_series_model
SELECTED_FEEDBACK_COLD_START,fixed_origin_primary,海马8S,2026-05-01,0.0,140.9564971923828,False,1,0,,140.9564971923828,historical_series_model
SELECTED_FEEDBACK_COLD_START,fixed_origin_primary,海马8S,2026-06-01,0.0,138.12680053710938,False,1,0,,138.12680053710938,historical_series_model
SELECTED_FEEDBACK_COLD_START,fixed_origin_primary,海马INJOY,2026-01-01,0.0,18.923704147338867,False,0,0,,18.923704147338867,historical_series_model
SELECTED_FEEDBACK_COLD_START,fixed_origin_primary,海马INJOY,2026-02-01,0.0,10.606364250183104,False,0,0,,10.606364250183104,historical_series_model
SELECTED_FEEDBACK_COLD_START,fixed_origin_primary,海马INJOY,2026-03-01,0.0,9.959529876708984,False,0,0,,9.959529876708984,historical_series_model
SELECTED_FEEDBACK_COLD_START,fixed_origin_primary,海马INJOY,2026-04-01,0.0,5.53007698059082,False,0,0,,5.53007698059082,historical_series_model
SELECTED_FEEDBACK_COLD_START,fixed_origin_primary,海马INJOY,2026-05-01,0.0,3.52496337890625,False,0,0,,3.52496337890625,historical_series_model
SELECTED_FEEDBACK_COLD_START,fixed_origin_primary,海马INJOY,2026-06-01,0.0,1.7204667329788208,False,0,0,,1.7204667329788208,historical_series_model
SELECTED_FEEDBACK_COLD_START,fixed_origin_primary,海鸥,2026-01-01,5329.0,17421.142578125,False,1,1,,17421.142578125,historical_series_model
SELECTED_FEEDBACK_COLD_START,fixed_origin_primary,海鸥,2026-02-01,5856.0,13300.666015625,False,1,1,,13300.666015625,historical_series_model
SELECTED_FEEDBACK_COLD_START,fixed_origin_primary,海鸥,2026-03-01,14409.0,15713.486328125,False,1,1,,15713.486328125,historical_series_model
SELECTED_FEEDBACK_COLD_START,fixed_origin_primary,海鸥,2026-04-01,9864.0,12256.7275390625,False,1,1,,12256.7275390625,historical_series_model
SELECTED_FEEDBACK_COLD_START,fixed_origin_primary,海鸥,2026-05-01,9822.0,14184.203125,False,1,1,,14184.203125,historical_series_model
SELECTED_FEEDBACK_COLD_START,fixed_origin_primary,海鸥,2026-06-01,9825.0,14936.3486328125,False,1,1,,14936.3486328125,historical_series_model
SELECTED_FEEDBACK_COLD_START,fixed_origin_primary,深蓝L06,2026-01-01,1656.0,2395.31005859375,False,1,1,,2395.31005859375,historical_series_model
SELECTED_FEEDBACK_COLD_START,fixed_origin_primary,深蓝L06,2026-02-01,1902.0,1646.48046875,False,1,1,,1646.48046875,historical_series_model
SELECTED_FEEDBACK_COLD_START,fixed_origin_primary,深蓝L06,2026-03-01,4958.0,2589.968505859375,False,1,1,,2589.968505859375,historical_series_model
SELECTED_FEEDBACK_COLD_START,fixed_origin_primary,深蓝L06,2026-04-01,5189.0,2090.766845703125,False,1,1,,2090.766845703125,historical_series_model
SELECTED_FEEDBACK_COLD_START,fixed_origin_primary,深蓝L06,2026-05-01,6723.0,1956.6175537109375,False,1,1,,1956.6175537109375,historical_series_model
SELECTED_FEEDBACK_COLD_START,fixed_origin_primary,深蓝L06,2026-06-01,7977.0,1902.4659423828125,False,1,1,,1902.4659423828125,historical_series_model
SELECTED_FEEDBACK_COLD_START,fixed_origin_primary,深蓝L07,2026-01-01,509.0,454.3889770507813,False,1,1,,454.3889770507813,historical_series_model
SELECTED_FEEDBACK_COLD_START,fixed_origin_primary,深蓝L07,2026-02-01,659.0,293.1446228027344,False,1,1,,293.1446228027344,historical_series_model
SELECTED_FEEDBACK_COLD_START,fixed_origin_primary,深蓝L07,2026-03-01,1501.0,237.28713989257812,False,1,1,,237.28713989257812,historical_series_model
SELECTED_FEEDBACK_COLD_START,fixed_origin_primary,深蓝L07,2026-04-01,726.0,161.6703643798828,False,1,1,,161.6703643798828,historical_series_model
SELECTED_FEEDBACK_COLD_START,fixed_origin_primary,深蓝L07,2026-05-01,712.0,179.46771240234375,False,1,1,,179.46771240234375,historical_series_model
SELECTED_FEEDBACK_COLD_START,fixed_origin_primary,深蓝L07,2026-06-01,282.0,136.8234405517578,False,1,1,,136.8234405517578,historical_series_model
SELECTED_FEEDBACK_COLD_START,fixed_origin_primary,深蓝SL03,2026-01-01,564.0,246.8713531494141,False,1,1,,246.8713531494141,historical_series_model
SELECTED_FEEDBACK_COLD_START,fixed_origin_primary,深蓝SL03,2026-02-01,544.0,161.94004821777344,False,1,1,,161.94004821777344,historical_series_model
SELECTED_FEEDBACK_COLD_START,fixed_origin_primary,深蓝SL03,2026-03-01,335.0,228.8104705810547,False,1,1,,228.8104705810547,historical_series_model
SELECTED_FEEDBACK_COLD_START,fixed_origin_primary,深蓝SL03,2026-04-01,120.0,149.8684844970703,False,1,1,,149.8684844970703,historical_series_model
SELECTED_FEEDBACK_COLD_START,fixed_origin_primary,深蓝SL03,2026-05-01,7.0,163.8983917236328,False,1,1,,163.8983917236328,historical_series_model
SELECTED_FEEDBACK_COLD_START,fixed_origin_primary,深蓝SL03,2026-06-01,5.0,159.7020721435547,False,1,1,,159.7020721435547,historical_series_model
SELECTED_FEEDBACK_COLD_START,fixed_origin_primary,灵悉L,2026-01-01,46.0,205.1714630126953,False,1,1,,205.1714630126953,historical_series_model
SELECTED_FEEDBACK_COLD_START,fixed_origin_primary,灵悉L,2026-02-01,22.0,169.6454315185547,False,1,1,,169.6454315185547,historical_series_model
SELECTED_FEEDBACK_COLD_START,fixed_origin_primary,灵悉L,2026-03-01,62.0,276.8857727050781,False,1,1,,276.8857727050781,historical_series_model
SELECTED_FEEDBACK_COLD_START,fixed_origin_primary,灵悉L,2026-04-01,39.0,227.3230133056641,False,1,1,,227.3230133056641,historical_series_model
SELECTED_FEEDBACK_COLD_START,fixed_origin_primary,灵悉L,2026-05-01,24.0,195.12408447265625,False,1,1,,195.12408447265625,historical_series_model
SELECTED_FEEDBACK_COLD_START,fixed_origin_primary,灵悉L,2026-06-01,21.0,214.30569458007812,False,1,1,,214.30569458007812,historical_series_model
SELECTED_FEEDBACK_COLD_START,fixed_origin_primary,焕驰,2026-01-01,1.0,1.625839114189148,False,1,1,,1.625839114189148,historical_series_model
SELECTED_FEEDBACK_COLD_START,fixed_origin_primary,焕驰,2026-02-01,0.0,1.118914246559143,False,1,1,,1.118914246559143,historical_series_model
SELECTED_FEEDBACK_COLD_START,fixed_origin_primary,焕驰,2026-03-01,1.0,1.369188666343689,False,1,1,,1.369188666343689,historical_series_model
SELECTED_FEEDBACK_COLD_START,fixed_origin_primary,焕驰,2026-04-01,2.0,1.023566961288452,False,1,1,,1.023566961288452,historical_series_model
SELECTED_FEEDBACK_COLD_START,fixed_origin_primary,焕驰,2026-05-01,0.0,1.0337865352630615,False,1,1,,1.0337865352630615,historical_series_model
SELECTED_FEEDBACK_COLD_START,fixed_origin_primary,焕驰,2026-06-01,6.0,1.1379162073135376,False,1,1,,1.1379162073135376,historical_series_model
SELECTED_FEEDBACK_COLD_START,fixed_origin_primary,爱跑,2026-01-01,1.0,205.9523468017578,False,0,0,,205.9523468017578,historical_series_model
SELECTED_FEEDBACK_COLD_START,fixed_origin_primary,爱跑,2026-02-01,8.0,155.82192993164062,False,0,0,,155.82192993164062,historical_series_model
SELECTED_FEEDBACK_COLD_START,fixed_origin_primary,爱跑,2026-03-01,2.0,280.833740234375,False,0,0,,280.833740234375,historical_series_model
SELECTED_FEEDBACK_COLD_START,fixed_origin_primary,爱跑,2026-04-01,28.0,227.31430053710935,False,0,0,,227.31430053710935,historical_series_model
SELECTED_FEEDBACK_COLD_START,fixed_origin_primary,爱跑,2026-05-01,7.0,196.4230499267578,False,0,0,,196.4230499267578,historical_series_model
SELECTED_FEEDBACK_COLD_START,fixed_origin_primary,爱跑,2026-06-01,13.0,217.78221130371097,False,0,0,,217.78221130371097,historical_series_model
SELECTED_FEEDBACK_COLD_START,fixed_origin_primary,狮铂拓界,2026-01-01,963.0,1157.6964111328125,False,1,1,,1157.6964111328125,historical_series_model
SELECTED_FEEDBACK_COLD_START,fixed_origin_primary,狮铂拓界,2026-02-01,374.0,865.4821166992188,False,1,1,,865.4821166992188,historical_series_model
SELECTED_FEEDBACK_COLD_START,fixed_origin_primary,狮铂拓界,2026-03-01,895.0,1184.69677734375,False,1,1,,1184.69677734375,historical_series_model
SELECTED_FEEDBACK_COLD_START,fixed_origin_primary,狮铂拓界,2026-04-01,1363.0,1021.0473022460938,False,1,1,,1021.0473022460938,historical_series_model
SELECTED_FEEDBACK_COLD_START,fixed_origin_primary,狮铂拓界,2026-05-01,656.0,1001.058837890625,False,1,1,,1001.058837890625,historical_series_model
SELECTED_FEEDBACK_COLD_START,fixed_origin_primary,狮铂拓界,2026-06-01,900.0,1055.721435546875,False,1,1,,1055.721435546875,historical_series_model
SELECTED_FEEDBACK_COLD_START,fixed_origin_primary,猛士917,2026-01-01,0.0,16.56106948852539,False,1,1,,16.56106948852539,historical_series_model
SELECTED_FEEDBACK_COLD_START,fixed_origin_primary,猛士917,2026-02-01,0.0,17.13909149169922,False,1,1,,17.13909149169922,historical_series_model
SELECTED_FEEDBACK_COLD_START,fixed_origin_primary,猛士917,2026-03-01,0.0,16.11701202392578,False,1,1,,16.11701202392578,historical_series_model
SELECTED_FEEDBACK_COLD_START,fixed_origin_primary,猛士917,2026-04-01,0.0,20.666473388671875,False,1,1,,20.666473388671875,historical_series_model
SELECTED_FEEDBACK_COLD_START,fixed_origin_primary,猛士917,2026-05-01,0.0,27.564746856689453,False,1,1,,27.564746856689453,historical_series_model
SELECTED_FEEDBACK_COLD_START,fixed_origin_primary,猛士917,2026-06-01,0.0,35.75189971923828,False,1,1,,35.75189971923828,historical_series_model
SELECTED_FEEDBACK_COLD_START,fixed_origin_primary,理想MEGA,2026-01-01,414.0,658.9368286132812,False,1,1,,658.9368286132812,historical_series_model
SELECTED_FEEDBACK_COLD_START,fixed_origin_primary,理想MEGA,2026-02-01,388.0,483.8103637695313,False,1,1,,483.8103637695313,historical_series_model
SELECTED_FEEDBACK_COLD_START,fixed_origin_primary,理想MEGA,2026-03-01,576.0,766.5398559570312,False,1,1,,766.5398559570312,historical_series_model
SELECTED_FEEDBACK_COLD_START,fixed_origin_primary,理想MEGA,2026-04-01,670.0,680.648193359375,False,1,1,,680.648193359375,historical_series_model
SELECTED_FEEDBACK_COLD_START,fixed_origin_primary,理想MEGA,2026-05-01,469.0,687.2315673828125,False,1,1,,687.2315673828125,historical_series_model
SELECTED_FEEDBACK_COLD_START,fixed_origin_primary,理想MEGA,2026-06-01,326.0,720.5528564453125,False,1,1,,720.5528564453125,historical_series_model
SELECTED_FEEDBACK_COLD_START,fixed_origin_primary,瑞虎3x,2026-01-01,950.0,984.3644409179688,False,1,1,,984.3644409179688,historical_series_model
SELECTED_FEEDBACK_COLD_START,fixed_origin_primary,瑞虎3x,2026-02-01,811.0,842.4866333007812,False,1,1,,842.4866333007812,historical_series_model
SELECTED_FEEDBACK_COLD_START,fixed_origin_primary,瑞虎3x,2026-03-01,850.0,1056.34033203125,False,1,1,,1056.34033203125,historical_series_model
SELECTED_FEEDBACK_COLD_START,fixed_origin_primary,瑞虎3x,2026-04-01,560.0,924.9375,False,1,1,,924.9375,historical_series_model
SELECTED_FEEDBACK_COLD_START,fixed_origin_primary,瑞虎3x,2026-05-01,719.0,943.1558837890624,False,1,1,,943.1558837890624,historical_series_model
SELECTED_FEEDBACK_COLD_START,fixed_origin_primary,瑞虎3x,2026-06-01,639.0,973.4666748046876,False,1,1,,973.4666748046876,historical_series_model
SELECTED_FEEDBACK_COLD_START,fixed_origin_primary,瑞虎5x,2026-01-01,3516.0,3010.33984375,False,1,1,,3010.33984375,historical_series_model
SELECTED_FEEDBACK_COLD_START,fixed_origin_primary,瑞虎5x,2026-02-01,3681.0,2046.6446533203125,False,1,1,,2046.6446533203125,historical_series_model
SELECTED_FEEDBACK_COLD_START,fixed_origin_primary,瑞虎5x,2026-03-01,2803.0,2555.853759765625,False,1,1,,2555.853759765625,historical_series_model
SELECTED_FEEDBACK_COLD_START,fixed_origin_primary,瑞虎5x,2026-04-01,1875.0,2178.714599609375,False,1,1,,2178.714599609375,historical_series_model
SELECTED_FEEDBACK_COLD_START,fixed_origin_primary,瑞虎5x,2026-05-01,2057.0,2067.52099609375,False,1,1,,2067.52099609375,historical_series_model
SELECTED_FEEDBACK_COLD_START,fixed_origin_primary,瑞虎5x,2026-06-01,1863.0,1817.7012939453125,False,1,1,,1817.7012939453125,historical_series_model
SELECTED_FEEDBACK_COLD_START,fixed_origin_primary,瑞虎7,2026-01-01,2982.0,2255.7587890625,False,1,1,,2255.7587890625,historical_series_model
SELECTED_FEEDBACK_COLD_START,fixed_origin_primary,瑞虎7,2026-02-01,2890.0,1382.4808349609375,False,1,1,,1382.4808349609375,historical_series_model
SELECTED_FEEDBACK_COLD_START,fixed_origin_primary,瑞虎7,2026-03-01,1685.0,1670.6309814453125,False,1,1,,1670.6309814453125,historical_series_model
SELECTED_FEEDBACK_COLD_START,fixed_origin_primary,瑞虎7,2026-04-01,1521.0,1538.3992919921875,False,1,1,,1538.3992919921875,historical_series_model
SELECTED_FEEDBACK_COLD_START,fixed_origin_primary,瑞虎7,2026-05-01,2293.0,1488.6490478515625,False,1,1,,1488.6490478515625,historical_series_model
SELECTED_FEEDBACK_COLD_START,fixed_origin_primary,瑞虎7,2026-06-01,1994.0,1477.6669921875,False,1,1,,1477.6669921875,historical_series_model
SELECTED_FEEDBACK_COLD_START,fixed_origin_primary,瑞虎8,2026-01-01,15705.0,11566.140625,False,1,1,,11566.140625,historical_series_model
SELECTED_FEEDBACK_COLD_START,fixed_origin_primary,瑞虎8,2026-02-01,13488.0,10146.33203125,False,1,1,,10146.33203125,historical_series_model
SELECTED_FEEDBACK_COLD_START,fixed_origin_primary,瑞虎8,2026-03-01,9334.0,11684.0556640625,False,1,1,,11684.0556640625,historical_series_model
SELECTED_FEEDBACK_COLD_START,fixed_origin_primary,瑞虎8,2026-04-01,5859.0,10553.3427734375,False,1,1,,10553.3427734375,historical_series_model
SELECTED_FEEDBACK_COLD_START,fixed_origin_primary,瑞虎8,2026-05-01,7099.0,10811.7646484375,False,1,1,,10811.7646484375,historical_series_model
SELECTED_FEEDBACK_COLD_START,fixed_origin_primary,瑞虎8,2026-06-01,9835.0,10865.9140625,False,1,1,,10865.9140625,historical_series_model
SELECTED_FEEDBACK_COLD_START,fixed_origin_primary,瑞虎9,2026-01-01,5857.0,4039.50439453125,False,1,1,,4039.50439453125,historical_series_model
SELECTED_FEEDBACK_COLD_START,fixed_origin_primary,瑞虎9,2026-02-01,4592.0,2861.15087890625,False,1,1,,2861.15087890625,historical_series_model
SELECTED_FEEDBACK_COLD_START,fixed_origin_primary,瑞虎9,2026-03-01,3377.0,3517.330810546875,False,1,1,,3517.330810546875,historical_series_model
SELECTED_FEEDBACK_COLD_START,fixed_origin_primary,瑞虎9,2026-04-01,3011.0,3068.404052734375,False,1,1,,3068.404052734375,historical_series_model
SELECTED_FEEDBACK_COLD_START,fixed_origin_primary,瑞虎9,2026-05-01,3580.0,2950.983154296875,False,1,1,,2950.983154296875,historical_series_model
SELECTED_FEEDBACK_COLD_START,fixed_origin_primary,瑞虎9,2026-06-01,3852.0,3194.69873046875,False,1,1,,3194.69873046875,historical_series_model
SELECTED_FEEDBACK_COLD_START,fixed_origin_primary,瑞风E3,2026-01-01,96.0,77.84065246582031,False,1,1,,77.84065246582031,historical_series_model
SELECTED_FEEDBACK_COLD_START,fixed_origin_primary,瑞风E3,2026-02-01,50.0,53.663848876953125,False,1,1,,53.663848876953125,historical_series_model
SELECTED_FEEDBACK_COLD_START,fixed_origin_primary,瑞风E3,2026-03-01,125.0,77.2788314819336,False,1,1,,77.2788314819336,historical_series_model
SELECTED_FEEDBACK_COLD_START,fixed_origin_primary,瑞风E3,2026-04-01,178.0,64.89503479003906,False,1,1,,64.89503479003906,historical_series_model
SELECTED_FEEDBACK_COLD_START,fixed_origin_primary,瑞风E3,2026-05-01,248.0,72.03141784667969,False,1,1,,72.03141784667969,historical_series_model
SELECTED_FEEDBACK_COLD_START,fixed_origin_primary,瑞风E3,2026-06-01,269.0,69.57511901855469,False,1,1,,69.57511901855469,historical_series_model
SELECTED_FEEDBACK_COLD_START,fixed_origin_primary,瑞风M3,2026-01-01,607.0,386.6635437011719,False,1,1,,386.6635437011719,historical_series_model
SELECTED_FEEDBACK_COLD_START,fixed_origin_primary,瑞风M3,2026-02-01,156.0,315.559326171875,False,1,1,,315.559326171875,historical_series_model
SELECTED_FEEDBACK_COLD_START,fixed_origin_primary,瑞风M3,2026-03-01,600.0,417.446533203125,False,1,1,,417.446533203125,historical_series_model
SELECTED_FEEDBACK_COLD_START,fixed_origin_primary,瑞风M3,2026-04-01,371.0,358.48199462890625,False,1,1,,358.48199462890625,historical_series_model
SELECTED_FEEDBACK_COLD_START,fixed_origin_primary,瑞风M3,2026-05-01,256.0,318.119873046875,False,1,1,,318.119873046875,historical_series_model
SELECTED_FEEDBACK_COLD_START,fixed_origin_primary,瑞风M3,2026-06-01,203.0,324.0595703125,False,1,1,,324.0595703125,historical_series_model
SELECTED_FEEDBACK_COLD_START,fixed_origin_primary,瑞风RF8,2026-01-01,49.0,23.299711227416992,False,1,1,,23.299711227416992,historical_series_model
SELECTED_FEEDBACK_COLD_START,fixed_origin_primary,瑞风RF8,2026-02-01,28.0,27.222070693969727,False,1,1,,27.222070693969727,historical_series_model
SELECTED_FEEDBACK_COLD_START,fixed_origin_primary,瑞风RF8,2026-03-01,8.0,35.15562057495117,False,1,1,,35.15562057495117,historical_series_model
SELECTED_FEEDBACK_COLD_START,fixed_origin_primary,瑞风RF8,2026-04-01,11.0,42.185997009277344,False,1,1,,42.185997009277344,historical_series_model
SELECTED_FEEDBACK_COLD_START,fixed_origin_primary,瑞风RF8,2026-05-01,5.0,43.86842346191406,False,1,1,,43.86842346191406,historical_series_model
SELECTED_FEEDBACK_COLD_START,fixed_origin_primary,瑞风RF8,2026-06-01,3.0,50.01390075683594,False,1,1,,50.01390075683594,historical_series_model
SELECTED_FEEDBACK_COLD_START,fixed_origin_primary,瑞风RF8新能源,2026-01-01,3.0,53.4470329284668,False,0,0,,53.4470329284668,historical_series_model
SELECTED_FEEDBACK_COLD_START,fixed_origin_primary,瑞风RF8新能源,2026-02-01,13.0,77.82012939453125,False,0,0,,77.82012939453125,historical_series_model
SELECTED_FEEDBACK_COLD_START,fixed_origin_primary,瑞风RF8新能源,2026-03-01,205.0,119.78217315673828,False,0,0,,119.78217315673828,historical_series_model
SELECTED_FEEDBACK_COLD_START,fixed_origin_primary,瑞风RF8新能源,2026-04-01,313.0,116.3675308227539,False,0,0,,116.3675308227539,historical_series_model
SELECTED_FEEDBACK_COLD_START,fixed_origin_primary,瑞风RF8新能源,2026-05-01,121.0,134.32406616210938,False,0,0,,134.32406616210938,historical_series_model
SELECTED_FEEDBACK_COLD_START,fixed_origin_primary,瑞风RF8新能源,2026-06-01,44.0,145.86683654785156,False,0,0,,145.86683654785156,historical_series_model
SELECTED_FEEDBACK_COLD_START,fixed_origin_primary,电动MINI ACEMAN,2026-01-01,0.0,149.23680114746094,False,1,1,,149.23680114746094,historical_series_model
SELECTED_FEEDBACK_COLD_START,fixed_origin_primary,电动MINI ACEMAN,2026-02-01,0.0,137.38442993164062,False,1,1,,137.38442993164062,historical_series_model
SELECTED_FEEDBACK_COLD_START,fixed_origin_primary,电动MINI ACEMAN,2026-03-01,0.0,238.6306610107422,False,1,1,,238.6306610107422,historical_series_model
SELECTED_FEEDBACK_COLD_START,fixed_origin_primary,电动MINI ACEMAN,2026-04-01,0.0,189.4742431640625,False,1,1,,189.4742431640625,historical_series_model
SELECTED_FEEDBACK_COLD_START,fixed_origin_primary,电动MINI ACEMAN,2026-05-01,0.0,206.3441925048828,False,1,1,,206.3441925048828,historical_series_model
SELECTED_FEEDBACK_COLD_START,fixed_origin_primary,电动MINI ACEMAN,2026-06-01,0.0,208.30128479003903,False,1,1,,208.30128479003903,historical_series_model
SELECTED_FEEDBACK_COLD_START,fixed_origin_primary,电动MINI COOPER,2026-01-01,0.0,252.2001190185547,False,1,1,,252.2001190185547,historical_series_model
SELECTED_FEEDBACK_COLD_START,fixed_origin_primary,电动MINI COOPER,2026-02-01,0.0,175.69020080566406,False,1,1,,175.69020080566406,historical_series_model
SELECTED_FEEDBACK_COLD_START,fixed_origin_primary,电动MINI COOPER,2026-03-01,0.0,366.0343933105469,False,1,1,,366.0343933105469,historical_series_model
SELECTED_FEEDBACK_COLD_START,fixed_origin_primary,电动MINI COOPER,2026-04-01,0.0,267.42236328125,False,1,1,,267.42236328125,historical_series_model
SELECTED_FEEDBACK_COLD_START,fixed_origin_primary,电动MINI COOPER,2026-05-01,0.0,253.68685913085935,False,1,1,,253.68685913085935,historical_series_model
SELECTED_FEEDBACK_COLD_START,fixed_origin_primary,电动MINI COOPER,2026-06-01,0.0,231.60833740234375,False,1,1,,231.60833740234375,historical_series_model
SELECTED_FEEDBACK_COLD_START,fixed_origin_primary,皇冠陆放,2026-01-01,5894.0,5887.73583984375,False,1,1,,5887.73583984375,historical_series_model
SELECTED_FEEDBACK_COLD_START,fixed_origin_primary,皇冠陆放,2026-02-01,1918.0,4662.58740234375,False,1,1,,4662.58740234375,historical_series_model
SELECTED_FEEDBACK_COLD_START,fixed_origin_primary,皇冠陆放,2026-03-01,5027.0,5217.04638671875,False,1,1,,5217.04638671875,historical_series_model
SELECTED_FEEDBACK_COLD_START,fixed_origin_primary,皇冠陆放,2026-04-01,2847.0,4474.92529296875,False,1,1,,4474.92529296875,historical_series_model
SELECTED_FEEDBACK_COLD_START,fixed_origin_primary,皇冠陆放,2026-05-01,2494.0,4656.75146484375,False,1,1,,4656.75146484375,historical_series_model
SELECTED_FEEDBACK_COLD_START,fixed_origin_primary,皇冠陆放,2026-06-01,2807.0,4852.40283203125,False,1,1,,4852.40283203125,historical_series_model
SELECTED_FEEDBACK_COLD_START,fixed_origin_primary,皓影,2026-01-01,9355.0,9085.79296875,False,1,1,,9085.79296875,historical_series_model
SELECTED_FEEDBACK_COLD_START,fixed_origin_primary,皓影,2026-02-01,3445.0,7121.52392578125,False,1,1,,7121.52392578125,historical_series_model
SELECTED_FEEDBACK_COLD_START,fixed_origin_primary,皓影,2026-03-01,5567.0,8861.712890625,False,1,1,,8861.712890625,historical_series_model
SELECTED_FEEDBACK_COLD_START,fixed_origin_primary,皓影,2026-04-01,3122.0,8209.2509765625,False,1,1,,8209.2509765625,historical_series_model
SELECTED_FEEDBACK_COLD_START,fixed_origin_primary,皓影,2026-05-01,4382.0,8843.1962890625,False,1,1,,8843.1962890625,historical_series_model
SELECTED_FEEDBACK_COLD_START,fixed_origin_primary,皓影,2026-06-01,4328.0,9660.67578125,False,1,1,,9660.67578125,historical_series_model
SELECTED_FEEDBACK_COLD_START,fixed_origin_primary,皓影新能源,2026-01-01,71.0,115.30844116210938,False,1,1,,115.30844116210938,historical_series_model
SELECTED_FEEDBACK_COLD_START,fixed_origin_primary,皓影新能源,2026-02-01,73.0,76.1731948852539,False,1,1,,76.1731948852539,historical_series_model
SELECTED_FEEDBACK_COLD_START,fixed_origin_primary,皓影新能源,2026-03-01,122.0,82.61726379394531,False,1,1,,82.61726379394531,historical_series_model
SELECTED_FEEDBACK_COLD_START,fixed_origin_primary,皓影新能源,2026-04-01,51.0,65.16874694824219,False,1,1,,65.16874694824219,historical_series_model
SELECTED_FEEDBACK_COLD_START,fixed_origin_primary,皓影新能源,2026-05-01,20.0,61.060157775878906,False,1,1,,61.060157775878906,historical_series_model
SELECTED_FEEDBACK_COLD_START,fixed_origin_primary,皓影新能源,2026-06-01,67.0,66.25701904296875,False,1,1,,66.25701904296875,historical_series_model
SELECTED_FEEDBACK_COLD_START,fixed_origin_primary,睿蓝8,2026-01-01,9.0,27.836408615112305,False,1,1,,27.836408615112305,historical_series_model
SELECTED_FEEDBACK_COLD_START,fixed_origin_primary,睿蓝8,2026-02-01,7.0,24.68549919128418,False,1,1,,24.68549919128418,historical_series_model
SELECTED_FEEDBACK_COLD_START,fixed_origin_primary,睿蓝8,2026-03-01,35.0,34.6832275390625,False,1,1,,34.6832275390625,historical_series_model
SELECTED_FEEDBACK_COLD_START,fixed_origin_primary,睿蓝8,2026-04-01,24.0,40.04167938232422,False,1,1,,40.04167938232422,historical_series_model
SELECTED_FEEDBACK_COLD_START,fixed_origin_primary,睿蓝8,2026-05-01,54.0,39.165252685546875,False,1,1,,39.165252685546875,historical_series_model
SELECTED_FEEDBACK_COLD_START,fixed_origin_primary,睿蓝8,2026-06-01,47.0,47.61323928833008,False,1,1,,47.61323928833008,historical_series_model
SELECTED_FEEDBACK_COLD_START,fixed_origin_primary,福瑞迪,2026-01-01,958.0,178.13845825195312,False,1,0,,178.13845825195312,historical_series_model
SELECTED_FEEDBACK_COLD_START,fixed_origin_primary,福瑞迪,2026-02-01,271.0,124.78699493408205,False,1,0,,124.78699493408205,historical_series_model
SELECTED_FEEDBACK_COLD_START,fixed_origin_primary,福瑞迪,2026-03-01,1124.0,138.84092712402344,False,1,0,,138.84092712402344,historical_series_model
SELECTED_FEEDBACK_COLD_START,fixed_origin_primary,福瑞迪,2026-04-01,134.0,126.18158721923828,False,1,0,,126.18158721923828,historical_series_model
SELECTED_FEEDBACK_COLD_START,fixed_origin_primary,福瑞迪,2026-05-01,858.0,109.95270538330078,False,1,0,,109.95270538330078,historical_series_model
SELECTED_FEEDBACK_COLD_START,fixed_origin_primary,福瑞迪,2026-06-01,408.0,106.7879409790039,False,1,0,,106.7879409790039,historical_series_model
SELECTED_FEEDBACK_COLD_START,fixed_origin_primary,秦L,2026-01-01,5877.0,13010.8232421875,False,0,0,,13010.8232421875,historical_series_model
SELECTED_FEEDBACK_COLD_START,fixed_origin_primary,秦L,2026-02-01,5450.0,9922.25,False,0,0,,9922.25,historical_series_model
SELECTED_FEEDBACK_COLD_START,fixed_origin_primary,秦L,2026-03-01,12156.0,12529.365234375,False,0,0,,12529.365234375,historical_series_model
SELECTED_FEEDBACK_COLD_START,fixed_origin_primary,秦L,2026-04-01,10171.0,10817.7373046875,False,0,0,,10817.7373046875,historical_series_model
SELECTED_FEEDBACK_COLD_START,fixed_origin_primary,秦L,2026-05-01,10019.0,11137.6171875,False,0,0,,11137.6171875,historical_series_model
SELECTED_FEEDBACK_COLD_START,fixed_origin_primary,秦L,2026-06-01,10031.0,13006.791015625,False,0,0,,13006.791015625,historical_series_model
SELECTED_FEEDBACK_COLD_START,fixed_origin_primary,秦PLUS,2026-01-01,6983.0,27002.455078125,False,1,1,,27002.455078125,historical_series_model
SELECTED_FEEDBACK_COLD_START,fixed_origin_primary,秦PLUS,2026-02-01,6098.0,22095.04296875,False,1,1,,22095.04296875,historical_series_model
SELECTED_FEEDBACK_COLD_START,fixed_origin_primary,秦PLUS,2026-03-01,15363.0,27145.916015625,False,1,1,,27145.916015625,historical_series_model
SELECTED_FEEDBACK_COLD_START,fixed_origin_primary,秦PLUS,2026-04-01,13228.0,23267.556640625,False,1,1,,23267.556640625,historical_series_model
SELECTED_FEEDBACK_COLD_START,fixed_origin_primary,秦PLUS,2026-05-01,12971.0,22947.0,False,1,1,,22947.0,historical_series_model
SELECTED_FEEDBACK_COLD_START,fixed_origin_primary,秦PLUS,2026-06-01,13726.0,23737.193359375,False,1,1,,23737.193359375,historical_series_model
SELECTED_FEEDBACK_COLD_START,fixed_origin_primary,秦新能源,2026-01-01,58.0,1018.7014770507812,False,1,0,,1018.7014770507812,historical_series_model
SELECTED_FEEDBACK_COLD_START,fixed_origin_primary,秦新能源,2026-02-01,28.0,774.5178833007812,False,1,0,,774.5178833007812,historical_series_model
SELECTED_FEEDBACK_COLD_START,fixed_origin_primary,秦新能源,2026-03-01,85.0,1042.9930419921875,False,1,0,,1042.9930419921875,historical_series_model
SELECTED_FEEDBACK_COLD_START,fixed_origin_primary,秦新能源,2026-04-01,149.0,873.8768310546875,False,1,0,,873.8768310546875,historical_series_model
SELECTED_FEEDBACK_COLD_START,fixed_origin_primary,秦新能源,2026-05-01,59.0,822.3059692382812,False,1,0,,822.3059692382812,historical_series_model
SELECTED_FEEDBACK_COLD_START,fixed_origin_primary,秦新能源,2026-06-01,23.0,848.4522094726562,False,1,0,,848.4522094726562,historical_series_model
SELECTED_FEEDBACK_COLD_START,fixed_origin_primary,索纳塔,2026-01-01,1396.0,906.7806396484376,False,1,1,,906.7806396484376,historical_series_model
SELECTED_FEEDBACK_COLD_START,fixed_origin_primary,索纳塔,2026-02-01,903.0,719.184814453125,False,1,1,,719.184814453125,historical_series_model
SELECTED_FEEDBACK_COLD_START,fixed_origin_primary,索纳塔,2026-03-01,904.0,918.8995971679688,False,1,1,,918.8995971679688,historical_series_model
SELECTED_FEEDBACK_COLD_START,fixed_origin_primary,索纳塔,2026-04-01,572.0,778.5149536132812,False,1,1,,778.5149536132812,historical_series_model
SELECTED_FEEDBACK_COLD_START,fixed_origin_primary,索纳塔,2026-05-01,727.0,754.0841064453125,False,1,1,,754.0841064453125,historical_series_model
SELECTED_FEEDBACK_COLD_START,fixed_origin_primary,索纳塔,2026-06-01,735.0,755.7125854492188,False,1,1,,755.7125854492188,historical_series_model
SELECTED_FEEDBACK_COLD_START,fixed_origin_primary,红旗E-HS9,2026-01-01,0.0,12.131877899169922,False,1,1,,12.131877899169922,historical_series_model
SELECTED_FEEDBACK_COLD_START,fixed_origin_primary,红旗E-HS9,2026-02-01,0.0,10.35374355316162,False,1,1,,10.35374355316162,historical_series_model
SELECTED_FEEDBACK_COLD_START,fixed_origin_primary,红旗E-HS9,2026-03-01,0.0,13.441158294677734,False,1,1,,13.441158294677734,historical_series_model
SELECTED_FEEDBACK_COLD_START,fixed_origin_primary,红旗E-HS9,2026-04-01,0.0,11.260178565979004,False,1,1,,11.260178565979004,historical_series_model
SELECTED_FEEDBACK_COLD_START,fixed_origin_primary,红旗E-HS9,2026-05-01,0.0,11.05243968963623,False,1,1,,11.05243968963623,historical_series_model
SELECTED_FEEDBACK_COLD_START,fixed_origin_primary,红旗E-HS9,2026-06-01,0.0,11.996341705322266,False,1,1,,11.996341705322266,historical_series_model
SELECTED_FEEDBACK_COLD_START,fixed_origin_primary,红旗E-QM5,2026-01-01,2549.0,4617.900390625,False,1,1,,4617.900390625,historical_series_model
SELECTED_FEEDBACK_COLD_START,fixed_origin_primary,红旗E-QM5,2026-02-01,2327.0,3196.509521484375,False,1,1,,3196.509521484375,historical_series_model
SELECTED_FEEDBACK_COLD_START,fixed_origin_primary,红旗E-QM5,2026-03-01,1813.0,3791.73193359375,False,1,1,,3791.73193359375,historical_series_model
SELECTED_FEEDBACK_COLD_START,fixed_origin_primary,红旗E-QM5,2026-04-01,2166.0,3556.67236328125,False,1,1,,3556.67236328125,historical_series_model
SELECTED_FEEDBACK_COLD_START,fixed_origin_primary,红旗E-QM5,2026-05-01,5293.0,3431.302001953125,False,1,1,,3431.302001953125,historical_series_model
SELECTED_FEEDBACK_COLD_START,fixed_origin_primary,红旗E-QM5,2026-06-01,2277.0,3831.388671875,False,1,1,,3831.388671875,historical_series_model
SELECTED_FEEDBACK_COLD_START,fixed_origin_primary,红旗EH7,2026-01-01,65.0,210.12611389160156,False,1,1,,210.12611389160156,historical_series_model
SELECTED_FEEDBACK_COLD_START,fixed_origin_primary,红旗EH7,2026-02-01,16.0,172.42538452148438,False,1,1,,172.42538452148438,historical_series_model
SELECTED_FEEDBACK_COLD_START,fixed_origin_primary,红旗EH7,2026-03-01,69.0,283.1044921875,False,1,1,,283.1044921875,historical_series_model
SELECTED_FEEDBACK_COLD_START,fixed_origin_primary,红旗EH7,2026-04-01,64.0,234.80564880371097,False,1,1,,234.80564880371097,historical_series_model
SELECTED_FEEDBACK_COLD_START,fixed_origin_primary,红旗EH7,2026-05-01,186.0,220.6880798339844,False,1,1,,220.6880798339844,historical_series_model
SELECTED_FEEDBACK_COLD_START,fixed_origin_primary,红旗EH7,2026-06-01,309.0,240.735107421875,False,1,1,,240.735107421875,historical_series_model
SELECTED_FEEDBACK_COLD_START,fixed_origin_primary,红旗H5,2026-01-01,16073.0,11626.4619140625,False,1,1,,11626.4619140625,historical_series_model
SELECTED_FEEDBACK_COLD_START,fixed_origin_primary,红旗H5,2026-02-01,7973.0,9661.4130859375,False,1,1,,9661.4130859375,historical_series_model
SELECTED_FEEDBACK_COLD_START,fixed_origin_primary,红旗H5,2026-03-01,9376.0,11201.2470703125,False,1,1,,11201.2470703125,historical_series_model
SELECTED_FEEDBACK_COLD_START,fixed_origin_primary,红旗H5,2026-04-01,6683.0,10275.9765625,False,1,1,,10275.9765625,historical_series_model
SELECTED_FEEDBACK_COLD_START,fixed_origin_primary,红旗H5,2026-05-01,7322.0,10654.326171875,False,1,1,,10654.326171875,historical_series_model
SELECTED_FEEDBACK_COLD_START,fixed_origin_primary,红旗H5,2026-06-01,6456.0,10750.5625,False,1,1,,10750.5625,historical_series_model
SELECTED_FEEDBACK_COLD_START,fixed_origin_primary,红旗H5 PHEV,2026-01-01,480.0,1105.1605224609375,False,1,1,,1105.1605224609375,historical_series_model
SELECTED_FEEDBACK_COLD_START,fixed_origin_primary,红旗H5 PHEV,2026-02-01,364.0,821.1204223632812,False,1,1,,821.1204223632812,historical_series_model
SELECTED_FEEDBACK_COLD_START,fixed_origin_primary,红旗H5 PHEV,2026-03-01,939.0,1077.349853515625,False,1,1,,1077.349853515625,historical_series_model
SELECTED_FEEDBACK_COLD_START,fixed_origin_primary,红旗H5 PHEV,2026-04-01,1109.0,904.8577270507812,False,1,1,,904.8577270507812,historical_series_model
SELECTED_FEEDBACK_COLD_START,fixed_origin_primary,红旗H5 PHEV,2026-05-01,959.0,883.3314819335938,False,1,1,,883.3314819335938,historical_series_model
SELECTED_FEEDBACK_COLD_START,fixed_origin_primary,红旗H5 PHEV,2026-06-01,1013.0,975.6087646484376,False,1,1,,975.6087646484376,historical_series_model
SELECTED_FEEDBACK_COLD_START,fixed_origin_primary,红旗H6,2026-01-01,1174.0,1148.0321044921875,False,1,1,,1148.0321044921875,historical_series_model
SELECTED_FEEDBACK_COLD_START,fixed_origin_primary,红旗H6,2026-02-01,855.0,888.5796508789062,False,1,1,,888.5796508789062,historical_series_model
SELECTED_FEEDBACK_COLD_START,fixed_origin_primary,红旗H6,2026-03-01,1212.0,1208.670166015625,False,1,1,,1208.670166015625,historical_series_model
SELECTED_FEEDBACK_COLD_START,fixed_origin_primary,红旗H6,2026-04-01,973.0,1021.800048828125,False,1,1,,1021.800048828125,historical_series_model
SELECTED_FEEDBACK_COLD_START,fixed_origin_primary,红旗H6,2026-05-01,730.0,1051.856201171875,False,1,1,,1051.856201171875,historical_series_model
SELECTED_FEEDBACK_COLD_START,fixed_origin_primary,红旗H6,2026-06-01,855.0,1128.406982421875,False,1,1,,1128.406982421875,historical_series_model
SELECTED_FEEDBACK_COLD_START,fixed_origin_primary,红旗H9,2026-01-01,494.0,652.192626953125,False,1,1,,652.192626953125,historical_series_model
SELECTED_FEEDBACK_COLD_START,fixed_origin_primary,红旗H9,2026-02-01,371.0,450.7912292480469,False,1,1,,450.7912292480469,historical_series_model
SELECTED_FEEDBACK_COLD_START,fixed_origin_primary,红旗H9,2026-03-01,507.0,646.489501953125,False,1,1,,646.489501953125,historical_series_model
SELECTED_FEEDBACK_COLD_START,fixed_origin_primary,红旗H9,2026-04-01,431.0,513.1497802734375,False,1,1,,513.1497802734375,historical_series_model
SELECTED_FEEDBACK_COLD_START,fixed_origin_primary,红旗H9,2026-05-01,365.0,482.5002136230469,False,1,1,,482.5002136230469,historical_series_model
SELECTED_FEEDBACK_COLD_START,fixed_origin_primary,红旗H9,2026-06-01,488.0,433.0259704589844,False,1,1,,433.0259704589844,historical_series_model
SELECTED_FEEDBACK_COLD_START,fixed_origin_primary,红旗HQ9,2026-01-01,47.0,83.95384979248047,False,1,1,,83.95384979248047,historical_series_model
SELECTED_FEEDBACK_COLD_START,fixed_origin_primary,红旗HQ9,2026-02-01,15.0,63.72406768798828,False,1,1,,63.72406768798828,historical_series_model
SELECTED_FEEDBACK_COLD_START,fixed_origin_primary,红旗HQ9,2026-03-01,51.0,91.44538116455078,False,1,1,,91.44538116455078,historical_series_model
SELECTED_FEEDBACK_COLD_START,fixed_origin_primary,红旗HQ9,2026-04-01,23.0,79.96100616455078,False,1,1,,79.96100616455078,historical_series_model
SELECTED_FEEDBACK_COLD_START,fixed_origin_primary,红旗HQ9,2026-05-01,20.0,76.76404571533203,False,1,1,,76.76404571533203,historical_series_model
SELECTED_FEEDBACK_COLD_START,fixed_origin_primary,红旗HQ9,2026-06-01,36.0,70.33655548095703,False,1,1,,70.33655548095703,historical_series_model
SELECTED_FEEDBACK_COLD_START,fixed_origin_primary,红旗HS3,2026-01-01,747.0,754.0787353515625,False,1,1,,754.0787353515625,historical_series_model
SELECTED_FEEDBACK_COLD_START,fixed_origin_primary,红旗HS3,2026-02-01,467.0,595.2123413085938,False,1,1,,595.2123413085938,historical_series_model
SELECTED_FEEDBACK_COLD_START,fixed_origin_primary,红旗HS3,2026-03-01,1010.0,752.7034912109375,False,1,1,,752.7034912109375,historical_series_model
SELECTED_FEEDBACK_COLD_START,fixed_origin_primary,红旗HS3,2026-04-01,745.0,646.6401977539062,False,1,1,,646.6401977539062,historical_series_model
SELECTED_FEEDBACK_COLD_START,fixed_origin_primary,红旗HS3,2026-05-01,618.0,584.5211791992188,False,1,1,,584.5211791992188,historical_series_model
SELECTED_FEEDBACK_COLD_START,fixed_origin_primary,红旗HS3,2026-06-01,376.0,591.5087280273438,False,1,1,,591.5087280273438,historical_series_model
SELECTED_FEEDBACK_COLD_START,fixed_origin_primary,红旗HS3 PHEV,2026-01-01,1041.0,2382.860107421875,False,1,1,,2382.860107421875,historical_series_model
SELECTED_FEEDBACK_COLD_START,fixed_origin_primary,红旗HS3 PHEV,2026-02-01,772.0,1547.455322265625,False,1,1,,1547.455322265625,historical_series_model
SELECTED_FEEDBACK_COLD_START,fixed_origin_primary,红旗HS3 PHEV,2026-03-01,1496.0,2005.8115234375,False,1,1,,2005.8115234375,historical_series_model
SELECTED_FEEDBACK_COLD_START,fixed_origin_primary,红旗HS3 PHEV,2026-04-01,1363.0,1711.4447021484375,False,1,1,,1711.4447021484375,historical_series_model
SELECTED_FEEDBACK_COLD_START,fixed_origin_primary,红旗HS3 PHEV,2026-05-01,1589.0,1688.658935546875,False,1,1,,1688.658935546875,historical_series_model
SELECTED_FEEDBACK_COLD_START,fixed_origin_primary,红旗HS3 PHEV,2026-06-01,1512.0,1731.6552734375,False,1,1,,1731.6552734375,historical_series_model
SELECTED_FEEDBACK_COLD_START,fixed_origin_primary,红旗HS5,2026-01-01,4706.0,5425.0751953125,False,1,1,,5425.0751953125,historical_series_model
SELECTED_FEEDBACK_COLD_START,fixed_origin_primary,红旗HS5,2026-02-01,3723.0,3703.876953125,False,1,1,,3703.876953125,historical_series_model
SELECTED_FEEDBACK_COLD_START,fixed_origin_primary,红旗HS5,2026-03-01,5242.0,4200.5322265625,False,1,1,,4200.5322265625,historical_series_model
SELECTED_FEEDBACK_COLD_START,fixed_origin_primary,红旗HS5,2026-04-01,3321.0,4023.45654296875,False,1,1,,4023.45654296875,historical_series_model
SELECTED_FEEDBACK_COLD_START,fixed_origin_primary,红旗HS5,2026-05-01,3186.0,3925.149658203125,False,1,1,,3925.149658203125,historical_series_model
SELECTED_FEEDBACK_COLD_START,fixed_origin_primary,红旗HS5,2026-06-01,3474.0,4284.94873046875,False,1,1,,4284.94873046875,historical_series_model
SELECTED_FEEDBACK_COLD_START,fixed_origin_primary,红旗HS7 PHEV,2026-01-01,35.0,606.4082641601562,False,1,1,,606.4082641601562,historical_series_model
SELECTED_FEEDBACK_COLD_START,fixed_origin_primary,红旗HS7 PHEV,2026-02-01,26.0,454.9632568359375,False,1,1,,454.9632568359375,historical_series_model
SELECTED_FEEDBACK_COLD_START,fixed_origin_primary,红旗HS7 PHEV,2026-03-01,129.0,738.4061279296875,False,1,1,,738.4061279296875,historical_series_model
SELECTED_FEEDBACK_COLD_START,fixed_origin_primary,红旗HS7 PHEV,2026-04-01,85.0,599.1966552734375,False,1,1,,599.1966552734375,historical_series_model
SELECTED_FEEDBACK_COLD_START,fixed_origin_primary,红旗HS7 PHEV,2026-05-01,105.0,550.0792846679688,False,1,1,,550.0792846679688,historical_series_model
SELECTED_FEEDBACK_COLD_START,fixed_origin_primary,红旗HS7 PHEV,2026-06-01,84.0,594.9073486328125,False,1,1,,594.9073486328125,historical_series_model
SELECTED_FEEDBACK_COLD_START,fixed_origin_primary,红旗国耀,2026-01-01,5.0,5.178511142730713,False,0,0,,5.178511142730713,historical_series_model
SELECTED_FEEDBACK_COLD_START,fixed_origin_primary,红旗国耀,2026-02-01,3.0,3.717664003372192,False,0,0,,3.717664003372192,historical_series_model
SELECTED_FEEDBACK_COLD_START,fixed_origin_primary,红旗国耀,2026-03-01,3.0,1.5600371360778809,False,0,0,,1.5600371360778809,historical_series_model
SELECTED_FEEDBACK_COLD_START,fixed_origin_primary,红旗国耀,2026-04-01,4.0,0.7464534640312195,False,0,0,,0.7464534640312195,historical_series_model
SELECTED_FEEDBACK_COLD_START,fixed_origin_primary,红旗国耀,2026-05-01,3.0,0.1297414302825927,False,0,0,,0.1297414302825927,historical_series_model
SELECTED_FEEDBACK_COLD_START,fixed_origin_primary,红旗国耀,2026-06-01,8.0,0.2735908329486847,False,0,0,,0.2735908329486847,historical_series_model
SELECTED_FEEDBACK_COLD_START,fixed_origin_primary,红旗天工05,2026-01-01,272.0,316.4245300292969,False,1,1,,316.4245300292969,historical_series_model
SELECTED_FEEDBACK_COLD_START,fixed_origin_primary,红旗天工05,2026-02-01,50.0,257.859375,False,1,1,,257.859375,historical_series_model
SELECTED_FEEDBACK_COLD_START,fixed_origin_primary,红旗天工05,2026-03-01,558.0,389.0343017578125,False,1,1,,389.0343017578125,historical_series_model
SELECTED_FEEDBACK_COLD_START,fixed_origin_primary,红旗天工05,2026-04-01,238.0,314.1419372558594,False,1,1,,314.1419372558594,historical_series_model
SELECTED_FEEDBACK_COLD_START,fixed_origin_primary,红旗天工05,2026-05-01,296.0,306.4788818359375,False,1,1,,306.4788818359375,historical_series_model
SELECTED_FEEDBACK_COLD_START,fixed_origin_primary,红旗天工05,2026-06-01,438.0,327.93597412109375,False,1,1,,327.93597412109375,historical_series_model
SELECTED_FEEDBACK_COLD_START,fixed_origin_primary,红旗天工06,2026-01-01,87.0,131.4171600341797,False,1,1,,131.4171600341797,historical_series_model
SELECTED_FEEDBACK_COLD_START,fixed_origin_primary,红旗天工06,2026-02-01,24.0,97.8290786743164,False,1,1,,97.8290786743164,historical_series_model
SELECTED_FEEDBACK_COLD_START,fixed_origin_primary,红旗天工06,2026-03-01,46.0,121.19175720214844,False,1,1,,121.19175720214844,historical_series_model
SELECTED_FEEDBACK_COLD_START,fixed_origin_primary,红旗天工06,2026-04-01,115.0,117.023193359375,False,1,1,,117.023193359375,historical_series_model
SELECTED_FEEDBACK_COLD_START,fixed_origin_primary,红旗天工06,2026-05-01,85.0,129.07896423339844,False,1,1,,129.07896423339844,historical_series_model
SELECTED_FEEDBACK_COLD_START,fixed_origin_primary,红旗天工06,2026-06-01,106.0,129.2460479736328,False,1,1,,129.2460479736328,historical_series_model
SELECTED_FEEDBACK_COLD_START,fixed_origin_primary,红旗天工08,2026-01-01,51.0,203.40447998046875,False,1,1,,203.40447998046875,historical_series_model
SELECTED_FEEDBACK_COLD_START,fixed_origin_primary,红旗天工08,2026-02-01,27.0,145.62884521484375,False,1,1,,145.62884521484375,historical_series_model
SELECTED_FEEDBACK_COLD_START,fixed_origin_primary,红旗天工08,2026-03-01,64.0,263.55499267578125,False,1,1,,263.55499267578125,historical_series_model
SELECTED_FEEDBACK_COLD_START,fixed_origin_primary,红旗天工08,2026-04-01,63.0,206.5709228515625,False,1,1,,206.5709228515625,historical_series_model
SELECTED_FEEDBACK_COLD_START,fixed_origin_primary,红旗天工08,2026-05-01,237.0,189.05010986328125,False,1,1,,189.05010986328125,historical_series_model
SELECTED_FEEDBACK_COLD_START,fixed_origin_primary,红旗天工08,2026-06-01,18.0,209.2639007568359,False,1,1,,209.2639007568359,historical_series_model
SELECTED_FEEDBACK_COLD_START,fixed_origin_primary,纳米01,2026-01-01,1675.0,1571.27001953125,False,1,1,,1571.27001953125,historical_series_model
SELECTED_FEEDBACK_COLD_START,fixed_origin_primary,纳米01,2026-02-01,1149.0,1208.984619140625,False,1,1,,1208.984619140625,historical_series_model
SELECTED_FEEDBACK_COLD_START,fixed_origin_primary,纳米01,2026-03-01,2216.0,1532.010986328125,False,1,1,,1532.010986328125,historical_series_model
SELECTED_FEEDBACK_COLD_START,fixed_origin_primary,纳米01,2026-04-01,2245.0,1415.0548095703125,False,1,1,,1415.0548095703125,historical_series_model
SELECTED_FEEDBACK_COLD_START,fixed_origin_primary,纳米01,2026-05-01,1812.0,1399.9140625,False,1,1,,1399.9140625,historical_series_model
SELECTED_FEEDBACK_COLD_START,fixed_origin_primary,纳米01,2026-06-01,4342.0,1412.614013671875,False,1,1,,1412.614013671875,historical_series_model
SELECTED_FEEDBACK_COLD_START,fixed_origin_primary,缤智,2026-01-01,510.0,381.0348510742187,False,1,0,,381.0348510742187,historical_series_model
SELECTED_FEEDBACK_COLD_START,fixed_origin_primary,缤智,2026-02-01,552.0,300.4217224121094,False,1,0,,300.4217224121094,historical_series_model
SELECTED_FEEDBACK_COLD_START,fixed_origin_primary,缤智,2026-03-01,934.0,408.12603759765625,False,1,0,,408.12603759765625,historical_series_model
SELECTED_FEEDBACK_COLD_START,fixed_origin_primary,缤智,2026-04-01,369.0,348.1766357421875,False,1,0,,348.1766357421875,historical_series_model
SELECTED_FEEDBACK_COLD_START,fixed_origin_primary,缤智,2026-05-01,314.0,305.2279968261719,False,1,0,,305.2279968261719,historical_series_model
SELECTED_FEEDBACK_COLD_START,fixed_origin_primary,缤智,2026-06-01,396.0,308.6339111328125,False,1,0,,308.6339111328125,historical_series_model
SELECTED_FEEDBACK_COLD_START,fixed_origin_primary,缤瑞,2026-01-01,276.0,314.6514587402344,False,1,0,,314.6514587402344,historical_series_model
SELECTED_FEEDBACK_COLD_START,fixed_origin_primary,缤瑞,2026-02-01,1680.0,279.8264465332031,False,1,0,,279.8264465332031,historical_series_model
SELECTED_FEEDBACK_COLD_START,fixed_origin_primary,缤瑞,2026-03-01,1278.0,344.2697448730469,False,1,0,,344.2697448730469,historical_series_model
SELECTED_FEEDBACK_COLD_START,fixed_origin_primary,缤瑞,2026-04-01,616.0,309.2818603515625,False,1,0,,309.2818603515625,historical_series_model
SELECTED_FEEDBACK_COLD_START,fixed_origin_primary,缤瑞,2026-05-01,298.0,292.7717590332031,False,1,0,,292.7717590332031,historical_series_model
SELECTED_FEEDBACK_COLD_START,fixed_origin_primary,缤瑞,2026-06-01,225.0,316.5438232421875,False,1,0,,316.5438232421875,historical_series_model
SELECTED_FEEDBACK_COLD_START,fixed_origin_primary,缤越,2026-01-01,8233.0,9742.138671875,False,1,1,,9742.138671875,historical_series_model
SELECTED_FEEDBACK_COLD_START,fixed_origin_primary,缤越,2026-02-01,6834.0,8152.01904296875,False,1,1,,8152.01904296875,historical_series_model
SELECTED_FEEDBACK_COLD_START,fixed_origin_primary,缤越,2026-03-01,12218.0,9489.021484375,False,1,1,,9489.021484375,historical_series_model
SELECTED_FEEDBACK_COLD_START,fixed_origin_primary,缤越,2026-04-01,14923.0,9207.26953125,False,1,1,,9207.26953125,historical_series_model
SELECTED_FEEDBACK_COLD_START,fixed_origin_primary,缤越,2026-05-01,12841.0,9224.5419921875,False,1,1,,9224.5419921875,historical_series_model
SELECTED_FEEDBACK_COLD_START,fixed_origin_primary,缤越,2026-06-01,11310.0,9943.0537109375,False,1,1,,9943.0537109375,historical_series_model
SELECTED_FEEDBACK_COLD_START,fixed_origin_primary,羿驰05,2026-01-01,0.0,0.8259116411209106,False,1,1,,0.8259116411209106,historical_series_model
SELECTED_FEEDBACK_COLD_START,fixed_origin_primary,羿驰05,2026-02-01,0.0,0.7937520146369934,False,1,1,,0.7937520146369934,historical_series_model
SELECTED_FEEDBACK_COLD_START,fixed_origin_primary,羿驰05,2026-03-01,0.0,0.3475576341152191,False,1,1,,0.3475576341152191,historical_series_model
SELECTED_FEEDBACK_COLD_START,fixed_origin_primary,羿驰05,2026-04-01,0.0,0.1348425596952438,False,1,1,,0.1348425596952438,historical_series_model
SELECTED_FEEDBACK_COLD_START,fixed_origin_primary,羿驰05,2026-05-01,159.0,0.1915468424558639,False,1,1,,0.1915468424558639,historical_series_model
SELECTED_FEEDBACK_COLD_START,fixed_origin_primary,羿驰05,2026-06-01,170.0,0.4708011746406555,False,1,1,,0.4708011746406555,historical_series_model
SELECTED_FEEDBACK_COLD_START,fixed_origin_primary,胜达,2026-01-01,175.0,77.70235443115234,False,1,1,,77.70235443115234,historical_series_model
SELECTED_FEEDBACK_COLD_START,fixed_origin_primary,胜达,2026-02-01,35.0,49.502498626708984,False,1,1,,49.502498626708984,historical_series_model
SELECTED_FEEDBACK_COLD_START,fixed_origin_primary,胜达,2026-03-01,169.0,70.81145477294922,False,1,1,,70.81145477294922,historical_series_model
SELECTED_FEEDBACK_COLD_START,fixed_origin_primary,胜达,2026-04-01,139.0,74.0618667602539,False,1,1,,74.0618667602539,historical_series_model
SELECTED_FEEDBACK_COLD_START,fixed_origin_primary,胜达,2026-05-01,270.0,71.45157623291016,False,1,1,,71.45157623291016,historical_series_model
SELECTED_FEEDBACK_COLD_START,fixed_origin_primary,胜达,2026-06-01,146.0,66.53767395019531,False,1,1,,66.53767395019531,historical_series_model
SELECTED_FEEDBACK_COLD_START,fixed_origin_primary,腾势D9,2026-01-01,2904.0,5337.6259765625,False,0,0,,5337.6259765625,historical_series_model
SELECTED_FEEDBACK_COLD_START,fixed_origin_primary,腾势D9,2026-02-01,3121.0,3706.255615234375,False,0,0,,3706.255615234375,historical_series_model
SELECTED_FEEDBACK_COLD_START,fixed_origin_primary,腾势D9,2026-03-01,4307.0,4742.39794921875,False,0,0,,4742.39794921875,historical_series_model
SELECTED_FEEDBACK_COLD_START,fixed_origin_primary,腾势D9,2026-04-01,4797.0,3956.101318359375,False,0,0,,3956.101318359375,historical_series_model
SELECTED_FEEDBACK_COLD_START,fixed_origin_primary,腾势D9,2026-05-01,6145.0,3848.07275390625,False,0,0,,3848.07275390625,historical_series_model
SELECTED_FEEDBACK_COLD_START,fixed_origin_primary,腾势D9,2026-06-01,6952.0,4191.0263671875,False,0,0,,4191.0263671875,historical_series_model
SELECTED_FEEDBACK_COLD_START,fixed_origin_primary,艾力绅,2026-01-01,423.0,280.51434326171875,False,1,0,,280.51434326171875,historical_series_model
SELECTED_FEEDBACK_COLD_START,fixed_origin_primary,艾力绅,2026-02-01,192.0,186.7111358642578,False,1,0,,186.7111358642578,historical_series_model
SELECTED_FEEDBACK_COLD_START,fixed_origin_primary,艾力绅,2026-03-01,379.0,294.4328918457031,False,1,0,,294.4328918457031,historical_series_model
SELECTED_FEEDBACK_COLD_START,fixed_origin_primary,艾力绅,2026-04-01,229.0,249.5204315185547,False,1,0,,249.5204315185547,historical_series_model
SELECTED_FEEDBACK_COLD_START,fixed_origin_primary,艾力绅,2026-05-01,269.0,193.727783203125,False,1,0,,193.727783203125,historical_series_model
SELECTED_FEEDBACK_COLD_START,fixed_origin_primary,艾力绅,2026-06-01,247.0,201.95184326171875,False,1,0,,201.95184326171875,historical_series_model
SELECTED_FEEDBACK_COLD_START,fixed_origin_primary,艾瑞泽5,2026-01-01,1882.0,1370.9122314453125,False,1,1,,1370.9122314453125,historical_series_model
SELECTED_FEEDBACK_COLD_START,fixed_origin_primary,艾瑞泽5,2026-02-01,1280.0,1036.9852294921875,False,1,1,,1036.9852294921875,historical_series_model
SELECTED_FEEDBACK_COLD_START,fixed_origin_primary,艾瑞泽5,2026-03-01,1925.0,1366.5975341796875,False,1,1,,1366.5975341796875,historical_series_model
SELECTED_FEEDBACK_COLD_START,fixed_origin_primary,艾瑞泽5,2026-04-01,1166.0,1215.009765625,False,1,1,,1215.009765625,historical_series_model
SELECTED_FEEDBACK_COLD_START,fixed_origin_primary,艾瑞泽5,2026-05-01,1147.0,1192.90966796875,False,1,1,,1192.90966796875,historical_series_model
SELECTED_FEEDBACK_COLD_START,fixed_origin_primary,艾瑞泽5,2026-06-01,1022.0,1258.4178466796875,False,1,1,,1258.4178466796875,historical_series_model
SELECTED_FEEDBACK_COLD_START,fixed_origin_primary,艾瑞泽8,2026-01-01,12478.0,11421.244140625,False,1,1,,11421.244140625,historical_series_model
SELECTED_FEEDBACK_COLD_START,fixed_origin_primary,艾瑞泽8,2026-02-01,12130.0,10055.7236328125,False,1,1,,10055.7236328125,historical_series_model
SELECTED_FEEDBACK_COLD_START,fixed_origin_primary,艾瑞泽8,2026-03-01,7536.0,11068.4990234375,False,1,1,,11068.4990234375,historical_series_model
SELECTED_FEEDBACK_COLD_START,fixed_origin_primary,艾瑞泽8,2026-04-01,5344.0,9950.2734375,False,1,1,,9950.2734375,historical_series_model
SELECTED_FEEDBACK_COLD_START,fixed_origin_primary,艾瑞泽8,2026-05-01,5775.0,10662.5810546875,False,1,1,,10662.5810546875,historical_series_model
SELECTED_FEEDBACK_COLD_START,fixed_origin_primary,艾瑞泽8,2026-06-01,7127.0,10882.7470703125,False,1,1,,10882.7470703125,historical_series_model
SELECTED_FEEDBACK_COLD_START,fixed_origin_primary,英仕派,2026-01-01,4960.0,3843.439453125,False,1,1,,3843.439453125,historical_series_model
SELECTED_FEEDBACK_COLD_START,fixed_origin_primary,英仕派,2026-02-01,2796.0,2779.543701171875,False,1,1,,2779.543701171875,historical_series_model
SELECTED_FEEDBACK_COLD_START,fixed_origin_primary,英仕派,2026-03-01,2026.0,3648.66162109375,False,1,1,,3648.66162109375,historical_series_model
SELECTED_FEEDBACK_COLD_START,fixed_origin_primary,英仕派,2026-04-01,1729.0,3200.42724609375,False,1,1,,3200.42724609375,historical_series_model
SELECTED_FEEDBACK_COLD_START,fixed_origin_primary,英仕派,2026-05-01,2086.0,3256.826904296875,False,1,1,,3256.826904296875,historical_series_model
SELECTED_FEEDBACK_COLD_START,fixed_origin_primary,英仕派,2026-06-01,2481.0,3654.24169921875,False,1,1,,3654.24169921875,historical_series_model
SELECTED_FEEDBACK_COLD_START,fixed_origin_primary,荣威D5X DMH,2026-01-01,16.0,97.10928344726562,False,1,1,,97.10928344726562,historical_series_model
SELECTED_FEEDBACK_COLD_START,fixed_origin_primary,荣威D5X DMH,2026-02-01,14.0,65.48546600341797,False,1,1,,65.48546600341797,historical_series_model
SELECTED_FEEDBACK_COLD_START,fixed_origin_primary,荣威D5X DMH,2026-03-01,18.0,95.5847396850586,False,1,1,,95.5847396850586,historical_series_model
SELECTED_FEEDBACK_COLD_START,fixed_origin_primary,荣威D5X DMH,2026-04-01,8.0,81.25337219238281,False,1,1,,81.25337219238281,historical_series_model
SELECTED_FEEDBACK_COLD_START,fixed_origin_primary,荣威D5X DMH,2026-05-01,10.0,73.45503997802734,False,1,1,,73.45503997802734,historical_series_model
SELECTED_FEEDBACK_COLD_START,fixed_origin_primary,荣威D5X DMH,2026-06-01,10.0,76.13887023925781,False,1,1,,76.13887023925781,historical_series_model
SELECTED_FEEDBACK_COLD_START,fixed_origin_primary,荣威D6,2026-01-01,924.0,1800.247802734375,False,1,1,,1800.247802734375,historical_series_model
SELECTED_FEEDBACK_COLD_START,fixed_origin_primary,荣威D6,2026-02-01,137.0,1303.12158203125,False,1,1,,1303.12158203125,historical_series_model
SELECTED_FEEDBACK_COLD_START,fixed_origin_primary,荣威D6,2026-03-01,1777.0,1660.7071533203125,False,1,1,,1660.7071533203125,historical_series_model
SELECTED_FEEDBACK_COLD_START,fixed_origin_primary,荣威D6,2026-04-01,1556.0,1585.1822509765625,False,1,1,,1585.1822509765625,historical_series_model
SELECTED_FEEDBACK_COLD_START,fixed_origin_primary,荣威D6,2026-05-01,1863.0,1652.8946533203125,False,1,1,,1652.8946533203125,historical_series_model
SELECTED_FEEDBACK_COLD_START,fixed_origin_primary,荣威D6,2026-06-01,1842.0,1732.4361572265625,False,1,1,,1732.4361572265625,historical_series_model
SELECTED_FEEDBACK_COLD_START,fixed_origin_primary,荣威D7,2026-01-01,957.0,691.06640625,False,1,1,,691.06640625,historical_series_model
SELECTED_FEEDBACK_COLD_START,fixed_origin_primary,荣威D7,2026-02-01,201.0,480.3849182128906,False,1,1,,480.3849182128906,historical_series_model
SELECTED_FEEDBACK_COLD_START,fixed_origin_primary,荣威D7,2026-03-01,805.0,625.1598510742188,False,1,1,,625.1598510742188,historical_series_model
SELECTED_FEEDBACK_COLD_START,fixed_origin_primary,荣威D7,2026-04-01,551.0,533.42041015625,False,1,1,,533.42041015625,historical_series_model
SELECTED_FEEDBACK_COLD_START,fixed_origin_primary,荣威D7,2026-05-01,751.0,489.8197021484375,False,1,1,,489.8197021484375,historical_series_model
SELECTED_FEEDBACK_COLD_START,fixed_origin_primary,荣威D7,2026-06-01,425.0,449.5690307617187,False,1,1,,449.5690307617187,historical_series_model
SELECTED_FEEDBACK_COLD_START,fixed_origin_primary,荣威RX3,2026-01-01,0.0,0.0459847748279571,False,1,0,,0.0459847748279571,historical_series_model
SELECTED_FEEDBACK_COLD_START,fixed_origin_primary,荣威RX3,2026-02-01,0.0,0.0443521551787853,False,1,0,,0.0443521551787853,historical_series_model
SELECTED_FEEDBACK_COLD_START,fixed_origin_primary,荣威RX3,2026-03-01,0.0,0.1546672731637954,False,1,0,,0.1546672731637954,historical_series_model
SELECTED_FEEDBACK_COLD_START,fixed_origin_primary,荣威RX3,2026-04-01,0.0,0.0436319485306739,False,1,0,,0.0436319485306739,historical_series_model
SELECTED_FEEDBACK_COLD_START,fixed_origin_primary,荣威RX3,2026-05-01,0.0,0.0,False,1,0,,0.0,historical_series_model
SELECTED_FEEDBACK_COLD_START,fixed_origin_primary,荣威RX3,2026-06-01,0.0,0.0,False,1,0,,0.0,historical_series_model
SELECTED_FEEDBACK_COLD_START,fixed_origin_primary,荣威i5,2026-01-01,5900.0,4000.2880859375,False,1,1,,4000.2880859375,historical_series_model
SELECTED_FEEDBACK_COLD_START,fixed_origin_primary,荣威i5,2026-02-01,4163.0,3213.913818359375,False,1,1,,3213.913818359375,historical_series_model
SELECTED_FEEDBACK_COLD_START,fixed_origin_primary,荣威i5,2026-03-01,5946.0,3552.308349609375,False,1,1,,3552.308349609375,historical_series_model
SELECTED_FEEDBACK_COLD_START,fixed_origin_primary,荣威i5,2026-04-01,6547.0,3168.203125,False,1,1,,3168.203125,historical_series_model
SELECTED_FEEDBACK_COLD_START,fixed_origin_primary,荣威i5,2026-05-01,2416.0,3141.531494140625,False,1,1,,3141.531494140625,historical_series_model
SELECTED_FEEDBACK_COLD_START,fixed_origin_primary,荣威i5,2026-06-01,247.0,3282.556884765625,False,1,1,,3282.556884765625,historical_series_model
SELECTED_FEEDBACK_COLD_START,fixed_origin_primary,荣威i6 MAX新能源,2026-01-01,0.0,154.80258178710938,False,1,1,,154.80258178710938,historical_series_model
SELECTED_FEEDBACK_COLD_START,fixed_origin_primary,荣威i6 MAX新能源,2026-02-01,0.0,127.73961639404295,False,1,1,,127.73961639404295,historical_series_model
SELECTED_FEEDBACK_COLD_START,fixed_origin_primary,荣威i6 MAX新能源,2026-03-01,0.0,162.397705078125,False,1,1,,162.397705078125,historical_series_model
SELECTED_FEEDBACK_COLD_START,fixed_origin_primary,荣威i6 MAX新能源,2026-04-01,17.0,148.31045532226562,False,1,1,,148.31045532226562,historical_series_model
SELECTED_FEEDBACK_COLD_START,fixed_origin_primary,荣威i6 MAX新能源,2026-05-01,9.0,142.47889709472656,False,1,1,,142.47889709472656,historical_series_model
SELECTED_FEEDBACK_COLD_START,fixed_origin_primary,荣威i6 MAX新能源,2026-06-01,5.0,153.96836853027344,False,1,1,,153.96836853027344,historical_series_model
SELECTED_FEEDBACK_COLD_START,fixed_origin_primary,荣威iMAX8,2026-01-01,10.0,81.39456939697266,False,1,1,,81.39456939697266,historical_series_model
SELECTED_FEEDBACK_COLD_START,fixed_origin_primary,荣威iMAX8,2026-02-01,7.0,60.85654067993164,False,1,1,,60.85654067993164,historical_series_model
SELECTED_FEEDBACK_COLD_START,fixed_origin_primary,荣威iMAX8,2026-03-01,13.0,111.55672454833984,False,1,1,,111.55672454833984,historical_series_model
SELECTED_FEEDBACK_COLD_START,fixed_origin_primary,荣威iMAX8,2026-04-01,6.0,113.29288482666016,False,1,1,,113.29288482666016,historical_series_model
SELECTED_FEEDBACK_COLD_START,fixed_origin_primary,荣威iMAX8,2026-05-01,21.0,105.6134796142578,False,1,1,,105.6134796142578,historical_series_model
SELECTED_FEEDBACK_COLD_START,fixed_origin_primary,荣威iMAX8,2026-06-01,5.0,110.28121185302734,False,1,1,,110.28121185302734,historical_series_model
SELECTED_FEEDBACK_COLD_START,fixed_origin_primary,荣威iMAX8新能源,2026-01-01,14.0,142.4217071533203,False,1,1,,142.4217071533203,historical_series_model
SELECTED_FEEDBACK_COLD_START,fixed_origin_primary,荣威iMAX8新能源,2026-02-01,26.0,116.6206512451172,False,1,1,,116.6206512451172,historical_series_model
SELECTED_FEEDBACK_COLD_START,fixed_origin_primary,荣威iMAX8新能源,2026-03-01,52.0,149.35491943359375,False,1,1,,149.35491943359375,historical_series_model
SELECTED_FEEDBACK_COLD_START,fixed_origin_primary,荣威iMAX8新能源,2026-04-01,104.0,131.82302856445312,False,1,1,,131.82302856445312,historical_series_model
SELECTED_FEEDBACK_COLD_START,fixed_origin_primary,荣威iMAX8新能源,2026-05-01,44.0,116.68673706054688,False,1,1,,116.68673706054688,historical_series_model
SELECTED_FEEDBACK_COLD_START,fixed_origin_primary,荣威iMAX8新能源,2026-06-01,58.0,129.96710205078125,False,1,1,,129.96710205078125,historical_series_model
SELECTED_FEEDBACK_COLD_START,fixed_origin_primary,菱智,2026-01-01,1050.0,414.4685974121094,False,1,1,,414.4685974121094,historical_series_model
SELECTED_FEEDBACK_COLD_START,fixed_origin_primary,菱智,2026-02-01,650.0,347.4870300292969,False,1,1,,347.4870300292969,historical_series_model
SELECTED_FEEDBACK_COLD_START,fixed_origin_primary,菱智,2026-03-01,899.0,443.7673645019531,False,1,1,,443.7673645019531,historical_series_model
SELECTED_FEEDBACK_COLD_START,fixed_origin_primary,菱智,2026-04-01,1252.0,341.50982666015625,False,1,1,,341.50982666015625,historical_series_model
SELECTED_FEEDBACK_COLD_START,fixed_origin_primary,菱智,2026-05-01,688.0,305.6960754394531,False,1,1,,305.6960754394531,historical_series_model
SELECTED_FEEDBACK_COLD_START,fixed_origin_primary,菱智,2026-06-01,932.0,313.6341247558594,False,1,1,,313.6341247558594,historical_series_model
SELECTED_FEEDBACK_COLD_START,fixed_origin_primary,蒙迪欧,2026-01-01,3453.0,2582.345703125,False,1,1,,2582.345703125,historical_series_model
SELECTED_FEEDBACK_COLD_START,fixed_origin_primary,蒙迪欧,2026-02-01,2375.0,1921.581787109375,False,1,1,,1921.581787109375,historical_series_model
SELECTED_FEEDBACK_COLD_START,fixed_origin_primary,蒙迪欧,2026-03-01,2261.0,2515.383056640625,False,1,1,,2515.383056640625,historical_series_model
SELECTED_FEEDBACK_COLD_START,fixed_origin_primary,蒙迪欧,2026-04-01,1355.0,2240.357666015625,False,1,1,,2240.357666015625,historical_series_model
SELECTED_FEEDBACK_COLD_START,fixed_origin_primary,蒙迪欧,2026-05-01,1445.0,2209.888916015625,False,1,1,,2209.888916015625,historical_series_model
SELECTED_FEEDBACK_COLD_START,fixed_origin_primary,蒙迪欧,2026-06-01,1803.0,2103.649169921875,False,1,1,,2103.649169921875,historical_series_model
SELECTED_FEEDBACK_COLD_START,fixed_origin_primary,蔚来ET5,2026-01-01,447.0,790.4036254882812,False,1,1,,790.4036254882812,historical_series_model
SELECTED_FEEDBACK_COLD_START,fixed_origin_primary,蔚来ET5,2026-02-01,482.0,605.8457641601562,False,1,1,,605.8457641601562,historical_series_model
SELECTED_FEEDBACK_COLD_START,fixed_origin_primary,蔚来ET5,2026-03-01,959.0,736.2276000976562,False,1,1,,736.2276000976562,historical_series_model
SELECTED_FEEDBACK_COLD_START,fixed_origin_primary,蔚来ET5,2026-04-01,810.0,619.673828125,False,1,1,,619.673828125,historical_series_model
SELECTED_FEEDBACK_COLD_START,fixed_origin_primary,蔚来ET5,2026-05-01,700.0,494.1140747070313,False,1,1,,494.1140747070313,historical_series_model
SELECTED_FEEDBACK_COLD_START,fixed_origin_primary,蔚来ET5,2026-06-01,610.0,400.2849731445313,False,1,1,,400.2849731445313,historical_series_model
SELECTED_FEEDBACK_COLD_START,fixed_origin_primary,蔚来ET5T,2026-01-01,1334.0,2776.71044921875,False,1,1,,2776.71044921875,historical_series_model
SELECTED_FEEDBACK_COLD_START,fixed_origin_primary,蔚来ET5T,2026-02-01,1667.0,1852.772705078125,False,1,1,,1852.772705078125,historical_series_model
SELECTED_FEEDBACK_COLD_START,fixed_origin_primary,蔚来ET5T,2026-03-01,2611.0,2604.111083984375,False,1,1,,2604.111083984375,historical_series_model
SELECTED_FEEDBACK_COLD_START,fixed_origin_primary,蔚来ET5T,2026-04-01,2403.0,2263.200439453125,False,1,1,,2263.200439453125,historical_series_model
SELECTED_FEEDBACK_COLD_START,fixed_origin_primary,蔚来ET5T,2026-05-01,2251.0,2218.705078125,False,1,1,,2218.705078125,historical_series_model
SELECTED_FEEDBACK_COLD_START,fixed_origin_primary,蔚来ET5T,2026-06-01,1815.0,2187.583984375,False,1,1,,2187.583984375,historical_series_model
SELECTED_FEEDBACK_COLD_START,fixed_origin_primary,蔚来ET7,2026-01-01,15.0,60.51149368286133,False,1,1,,60.51149368286133,historical_series_model
SELECTED_FEEDBACK_COLD_START,fixed_origin_primary,蔚来ET7,2026-02-01,20.0,48.45171356201172,False,1,1,,48.45171356201172,historical_series_model
SELECTED_FEEDBACK_COLD_START,fixed_origin_primary,蔚来ET7,2026-03-01,17.0,68.22835540771484,False,1,1,,68.22835540771484,historical_series_model
SELECTED_FEEDBACK_COLD_START,fixed_origin_primary,蔚来ET7,2026-04-01,22.0,79.04216766357422,False,1,1,,79.04216766357422,historical_series_model
SELECTED_FEEDBACK_COLD_START,fixed_origin_primary,蔚来ET7,2026-05-01,11.0,100.97943115234376,False,1,1,,100.97943115234376,historical_series_model
SELECTED_FEEDBACK_COLD_START,fixed_origin_primary,蔚来ET7,2026-06-01,11.0,147.38088989257812,False,1,1,,147.38088989257812,historical_series_model
SELECTED_FEEDBACK_COLD_START,fixed_origin_primary,蔚来ET9,2026-01-01,0.0,0.6028290390968323,False,1,1,,0.6028290390968323,historical_series_model
SELECTED_FEEDBACK_COLD_START,fixed_origin_primary,蔚来ET9,2026-02-01,0.0,0.5120564103126526,False,1,1,,0.5120564103126526,historical_series_model
SELECTED_FEEDBACK_COLD_START,fixed_origin_primary,蔚来ET9,2026-03-01,0.0,0.9955427646636964,False,1,1,,0.9955427646636964,historical_series_model
SELECTED_FEEDBACK_COLD_START,fixed_origin_primary,蔚来ET9,2026-04-01,0.0,0.6695579290390015,False,1,1,,0.6695579290390015,historical_series_model
SELECTED_FEEDBACK_COLD_START,fixed_origin_primary,蔚来ET9,2026-05-01,153.0,0.5652137398719788,False,1,1,,0.5652137398719788,historical_series_model
SELECTED_FEEDBACK_COLD_START,fixed_origin_primary,蔚来ET9,2026-06-01,125.0,0.6616495847702026,False,1,1,,0.6616495847702026,historical_series_model
SELECTED_FEEDBACK_COLD_START,fixed_origin_primary,豪越L,2026-01-01,2633.0,808.703125,False,1,1,,808.703125,historical_series_model
SELECTED_FEEDBACK_COLD_START,fixed_origin_primary,豪越L,2026-02-01,705.0,683.1461181640625,False,1,1,,683.1461181640625,historical_series_model
SELECTED_FEEDBACK_COLD_START,fixed_origin_primary,豪越L,2026-03-01,928.0,846.684814453125,False,1,1,,846.684814453125,historical_series_model
SELECTED_FEEDBACK_COLD_START,fixed_origin_primary,豪越L,2026-04-01,672.0,728.6810302734375,False,1,1,,728.6810302734375,historical_series_model
SELECTED_FEEDBACK_COLD_START,fixed_origin_primary,豪越L,2026-05-01,714.0,694.486083984375,False,1,1,,694.486083984375,historical_series_model
SELECTED_FEEDBACK_COLD_START,fixed_origin_primary,豪越L,2026-06-01,605.0,691.5001831054688,False,1,1,,691.5001831054688,historical_series_model
SELECTED_FEEDBACK_COLD_START,fixed_origin_primary,赛图斯,2026-01-01,1138.0,1781.3826904296875,False,1,1,,1781.3826904296875,historical_series_model
SELECTED_FEEDBACK_COLD_START,fixed_origin_primary,赛图斯,2026-02-01,695.0,1260.5972900390625,False,1,1,,1260.5972900390625,historical_series_model
SELECTED_FEEDBACK_COLD_START,fixed_origin_primary,赛图斯,2026-03-01,1234.0,1540.26123046875,False,1,1,,1540.26123046875,historical_series_model
SELECTED_FEEDBACK_COLD_START,fixed_origin_primary,赛图斯,2026-04-01,1717.0,1445.1973876953125,False,1,1,,1445.1973876953125,historical_series_model
SELECTED_FEEDBACK_COLD_START,fixed_origin_primary,赛图斯,2026-05-01,1926.0,1436.306884765625,False,1,1,,1436.306884765625,historical_series_model
SELECTED_FEEDBACK_COLD_START,fixed_origin_primary,赛图斯,2026-06-01,2067.0,1425.671875,False,1,1,,1425.671875,historical_series_model
SELECTED_FEEDBACK_COLD_START,fixed_origin_primary,赛那SIENNA,2026-01-01,9133.0,5883.82275390625,False,1,1,,5883.82275390625,historical_series_model
SELECTED_FEEDBACK_COLD_START,fixed_origin_primary,赛那SIENNA,2026-02-01,5086.0,4749.97216796875,False,1,1,,4749.97216796875,historical_series_model
SELECTED_FEEDBACK_COLD_START,fixed_origin_primary,赛那SIENNA,2026-03-01,7738.0,5256.44775390625,False,1,1,,5256.44775390625,historical_series_model
SELECTED_FEEDBACK_COLD_START,fixed_origin_primary,赛那SIENNA,2026-04-01,6542.0,4315.80029296875,False,1,1,,4315.80029296875,historical_series_model
SELECTED_FEEDBACK_COLD_START,fixed_origin_primary,赛那SIENNA,2026-05-01,7479.0,4450.3974609375,False,1,1,,4450.3974609375,historical_series_model
SELECTED_FEEDBACK_COLD_START,fixed_origin_primary,赛那SIENNA,2026-06-01,6037.0,4612.419921875,False,1,1,,4612.419921875,historical_series_model
SELECTED_FEEDBACK_COLD_START,fixed_origin_primary,起亚EV5,2026-01-01,50.0,127.70174407958984,False,1,1,,127.70174407958984,historical_series_model
SELECTED_FEEDBACK_COLD_START,fixed_origin_primary,起亚EV5,2026-02-01,6.0,87.64512634277344,False,1,1,,87.64512634277344,historical_series_model
SELECTED_FEEDBACK_COLD_START,fixed_origin_primary,起亚EV5,2026-03-01,28.0,110.04803466796876,False,1,1,,110.04803466796876,historical_series_model
SELECTED_FEEDBACK_COLD_START,fixed_origin_primary,起亚EV5,2026-04-01,47.0,101.19293212890624,False,1,1,,101.19293212890624,historical_series_model
SELECTED_FEEDBACK_COLD_START,fixed_origin_primary,起亚EV5,2026-05-01,37.0,83.6809310913086,False,1,1,,83.6809310913086,historical_series_model
SELECTED_FEEDBACK_COLD_START,fixed_origin_primary,起亚EV5,2026-06-01,74.0,87.17957305908203,False,1,1,,87.17957305908203,historical_series_model
SELECTED_FEEDBACK_COLD_START,fixed_origin_primary,起亚K3,2026-01-01,994.0,452.5162353515625,False,1,1,,452.5162353515625,historical_series_model
SELECTED_FEEDBACK_COLD_START,fixed_origin_primary,起亚K3,2026-02-01,736.0,364.2911987304687,False,1,1,,364.2911987304687,historical_series_model
SELECTED_FEEDBACK_COLD_START,fixed_origin_primary,起亚K3,2026-03-01,563.0,463.98492431640625,False,1,1,,463.98492431640625,historical_series_model
SELECTED_FEEDBACK_COLD_START,fixed_origin_primary,起亚K3,2026-04-01,1137.0,394.74029541015625,False,1,1,,394.74029541015625,historical_series_model
SELECTED_FEEDBACK_COLD_START,fixed_origin_primary,起亚K3,2026-05-01,980.0,381.54052734375,False,1,1,,381.54052734375,historical_series_model
SELECTED_FEEDBACK_COLD_START,fixed_origin_primary,起亚K3,2026-06-01,1326.0,372.02239990234375,False,1,1,,372.02239990234375,historical_series_model
SELECTED_FEEDBACK_COLD_START,fixed_origin_primary,起亚K5凯酷,2026-01-01,108.0,152.8475341796875,False,0,0,,152.8475341796875,historical_series_model
SELECTED_FEEDBACK_COLD_START,fixed_origin_primary,起亚K5凯酷,2026-02-01,46.0,136.9180450439453,False,0,0,,136.9180450439453,historical_series_model
SELECTED_FEEDBACK_COLD_START,fixed_origin_primary,起亚K5凯酷,2026-03-01,9.0,214.1656036376953,False,0,0,,214.1656036376953,historical_series_model
SELECTED_FEEDBACK_COLD_START,fixed_origin_primary,起亚K5凯酷,2026-04-01,12.0,184.97250366210935,False,0,0,,184.97250366210935,historical_series_model
SELECTED_FEEDBACK_COLD_START,fixed_origin_primary,起亚K5凯酷,2026-05-01,4.0,192.68736267089844,False,0,0,,192.68736267089844,historical_series_model
SELECTED_FEEDBACK_COLD_START,fixed_origin_primary,起亚K5凯酷,2026-06-01,19.0,216.38624572753903,False,0,0,,216.38624572753903,historical_series_model
SELECTED_FEEDBACK_COLD_START,fixed_origin_primary,起亚KX3傲跑,2026-01-01,0.0,0.0338013768196105,False,1,0,,0.0338013768196105,historical_series_model
SELECTED_FEEDBACK_COLD_START,fixed_origin_primary,起亚KX3傲跑,2026-02-01,0.0,0.0321876630187034,False,1,0,,0.0321876630187034,historical_series_model
SELECTED_FEEDBACK_COLD_START,fixed_origin_primary,起亚KX3傲跑,2026-03-01,0.0,0.1859178096055984,False,1,0,,0.1859178096055984,historical_series_model
SELECTED_FEEDBACK_COLD_START,fixed_origin_primary,起亚KX3傲跑,2026-04-01,0.0,0.0168277733027935,False,1,0,,0.0168277733027935,historical_series_model
SELECTED_FEEDBACK_COLD_START,fixed_origin_primary,起亚KX3傲跑,2026-05-01,0.0,0.0149849224835634,False,1,0,,0.0149849224835634,historical_series_model
SELECTED_FEEDBACK_COLD_START,fixed_origin_primary,起亚KX3傲跑,2026-06-01,0.0,0.0,False,1,0,,0.0,historical_series_model
SELECTED_FEEDBACK_COLD_START,fixed_origin_primary,轩度EV,2026-01-01,144.0,54.235782623291016,False,0,0,,54.235782623291016,historical_series_model
SELECTED_FEEDBACK_COLD_START,fixed_origin_primary,轩度EV,2026-02-01,32.0,55.31256103515625,False,0,0,,55.31256103515625,historical_series_model
SELECTED_FEEDBACK_COLD_START,fixed_origin_primary,轩度EV,2026-03-01,122.0,90.89665985107422,False,0,0,,90.89665985107422,historical_series_model
SELECTED_FEEDBACK_COLD_START,fixed_origin_primary,轩度EV,2026-04-01,83.0,90.3019027709961,False,0,0,,90.3019027709961,historical_series_model
SELECTED_FEEDBACK_COLD_START,fixed_origin_primary,轩度EV,2026-05-01,224.0,86.19818878173828,False,0,0,,86.19818878173828,historical_series_model
SELECTED_FEEDBACK_COLD_START,fixed_origin_primary,轩度EV,2026-06-01,130.0,93.7918472290039,False,0,0,,93.7918472290039,historical_series_model
SELECTED_FEEDBACK_COLD_START,fixed_origin_primary,轩逸,2026-01-01,24209.0,21220.224609375,False,1,1,,21220.224609375,historical_series_model
SELECTED_FEEDBACK_COLD_START,fixed_origin_primary,轩逸,2026-02-01,8998.0,17907.99609375,False,1,1,,17907.99609375,historical_series_model
SELECTED_FEEDBACK_COLD_START,fixed_origin_primary,轩逸,2026-03-01,28093.0,20787.65234375,False,1,1,,20787.65234375,historical_series_model
SELECTED_FEEDBACK_COLD_START,fixed_origin_primary,轩逸,2026-04-01,10564.0,18791.142578125,False,1,1,,18791.142578125,historical_series_model
SELECTED_FEEDBACK_COLD_START,fixed_origin_primary,轩逸,2026-05-01,12936.0,17963.126953125,False,1,1,,17963.126953125,historical_series_model
SELECTED_FEEDBACK_COLD_START,fixed_origin_primary,轩逸,2026-06-01,10329.0,20059.7578125,False,1,1,,20059.7578125,historical_series_model
SELECTED_FEEDBACK_COLD_START,fixed_origin_primary,迈腾,2026-01-01,19306.0,14472.5224609375,False,1,1,,14472.5224609375,historical_series_model
SELECTED_FEEDBACK_COLD_START,fixed_origin_primary,迈腾,2026-02-01,11232.0,10855.7724609375,False,1,1,,10855.7724609375,historical_series_model
SELECTED_FEEDBACK_COLD_START,fixed_origin_primary,迈腾,2026-03-01,13048.0,11880.15234375,False,1,1,,11880.15234375,historical_series_model
SELECTED_FEEDBACK_COLD_START,fixed_origin_primary,迈腾,2026-04-01,8124.0,10969.1025390625,False,1,1,,10969.1025390625,historical_series_model
SELECTED_FEEDBACK_COLD_START,fixed_origin_primary,迈腾,2026-05-01,12170.0,11072.173828125,False,1,1,,11072.173828125,historical_series_model
SELECTED_FEEDBACK_COLD_START,fixed_origin_primary,迈腾,2026-06-01,12896.0,12573.6826171875,False,1,1,,12573.6826171875,historical_series_model
SELECTED_FEEDBACK_COLD_START,fixed_origin_primary,迈腾PHEV,2026-01-01,0.0,1.5144569873809814,False,1,1,,1.5144569873809814,historical_series_model
SELECTED_FEEDBACK_COLD_START,fixed_origin_primary,迈腾PHEV,2026-02-01,0.0,1.4255131483078003,False,1,1,,1.4255131483078003,historical_series_model
SELECTED_FEEDBACK_COLD_START,fixed_origin_primary,迈腾PHEV,2026-03-01,0.0,1.4214588403701782,False,1,1,,1.4214588403701782,historical_series_model
SELECTED_FEEDBACK_COLD_START,fixed_origin_primary,迈腾PHEV,2026-04-01,0.0,0.8364710807800293,False,1,1,,0.8364710807800293,historical_series_model
SELECTED_FEEDBACK_COLD_START,fixed_origin_primary,迈腾PHEV,2026-05-01,0.0,0.3248116970062256,False,1,1,,0.3248116970062256,historical_series_model
SELECTED_FEEDBACK_COLD_START,fixed_origin_primary,迈腾PHEV,2026-06-01,118.0,0.3500891029834747,False,1,1,,0.3500891029834747,historical_series_model
SELECTED_FEEDBACK_COLD_START,fixed_origin_primary,迈锐宝XL,2026-01-01,7.0,110.19078063964844,False,1,1,,110.19078063964844,historical_series_model
SELECTED_FEEDBACK_COLD_START,fixed_origin_primary,迈锐宝XL,2026-02-01,356.0,80.77933502197266,False,1,1,,80.77933502197266,historical_series_model
SELECTED_FEEDBACK_COLD_START,fixed_origin_primary,迈锐宝XL,2026-03-01,1888.0,89.98906707763672,False,1,1,,89.98906707763672,historical_series_model
SELECTED_FEEDBACK_COLD_START,fixed_origin_primary,迈锐宝XL,2026-04-01,7.0,84.27919006347656,False,1,1,,84.27919006347656,historical_series_model
SELECTED_FEEDBACK_COLD_START,fixed_origin_primary,迈锐宝XL,2026-05-01,2.0,82.72757720947266,False,1,1,,82.72757720947266,historical_series_model
SELECTED_FEEDBACK_COLD_START,fixed_origin_primary,迈锐宝XL,2026-06-01,2.0,79.53661346435547,False,1,1,,79.53661346435547,historical_series_model
SELECTED_FEEDBACK_COLD_START,fixed_origin_primary,逍客,2026-01-01,6405.0,5887.93798828125,False,1,1,,5887.93798828125,historical_series_model
SELECTED_FEEDBACK_COLD_START,fixed_origin_primary,逍客,2026-02-01,3088.0,4687.421875,False,1,1,,4687.421875,historical_series_model
SELECTED_FEEDBACK_COLD_START,fixed_origin_primary,逍客,2026-03-01,5931.0,4644.87548828125,False,1,1,,4644.87548828125,historical_series_model
SELECTED_FEEDBACK_COLD_START,fixed_origin_primary,逍客,2026-04-01,2711.0,4099.9521484375,False,1,1,,4099.9521484375,historical_series_model
SELECTED_FEEDBACK_COLD_START,fixed_origin_primary,逍客,2026-05-01,4797.0,4071.707275390625,False,1,1,,4071.707275390625,historical_series_model
SELECTED_FEEDBACK_COLD_START,fixed_origin_primary,逍客,2026-06-01,4546.0,4138.10400390625,False,1,1,,4138.10400390625,historical_series_model
SELECTED_FEEDBACK_COLD_START,fixed_origin_primary,途安,2026-01-01,6.0,11.492165565490724,False,1,0,,11.492165565490724,historical_series_model
SELECTED_FEEDBACK_COLD_START,fixed_origin_primary,途安,2026-02-01,13.0,14.366552352905272,False,1,0,,14.366552352905272,historical_series_model
SELECTED_FEEDBACK_COLD_START,fixed_origin_primary,途安,2026-03-01,418.0,10.512064933776855,False,1,0,,10.512064933776855,historical_series_model
SELECTED_FEEDBACK_COLD_START,fixed_origin_primary,途安,2026-04-01,2.0,8.53438949584961,False,1,0,,8.53438949584961,historical_series_model
SELECTED_FEEDBACK_COLD_START,fixed_origin_primary,途安,2026-05-01,53.0,9.137590408325195,False,1,0,,9.137590408325195,historical_series_model
SELECTED_FEEDBACK_COLD_START,fixed_origin_primary,途安,2026-06-01,17.0,7.773754596710205,False,1,0,,7.773754596710205,historical_series_model
SELECTED_FEEDBACK_COLD_START,fixed_origin_primary,途岳,2026-01-01,13057.0,10467.34375,False,1,1,,10467.34375,historical_series_model
SELECTED_FEEDBACK_COLD_START,fixed_origin_primary,途岳,2026-02-01,7403.0,8413.873046875,False,1,1,,8413.873046875,historical_series_model
SELECTED_FEEDBACK_COLD_START,fixed_origin_primary,途岳,2026-03-01,8198.0,10010.232421875,False,1,1,,10010.232421875,historical_series_model
SELECTED_FEEDBACK_COLD_START,fixed_origin_primary,途岳,2026-04-01,6289.0,9155.1318359375,False,1,1,,9155.1318359375,historical_series_model
SELECTED_FEEDBACK_COLD_START,fixed_origin_primary,途岳,2026-05-01,7283.0,9018.759765625,False,1,1,,9018.759765625,historical_series_model
SELECTED_FEEDBACK_COLD_START,fixed_origin_primary,途岳,2026-06-01,8592.0,9715.0712890625,False,1,1,,9715.0712890625,historical_series_model
SELECTED_FEEDBACK_COLD_START,fixed_origin_primary,途昂,2026-01-01,2564.0,2382.714599609375,False,1,1,,2382.714599609375,historical_series_model
SELECTED_FEEDBACK_COLD_START,fixed_origin_primary,途昂,2026-02-01,1337.0,1649.9501953125,False,1,1,,1649.9501953125,historical_series_model
SELECTED_FEEDBACK_COLD_START,fixed_origin_primary,途昂,2026-03-01,2285.0,2424.50048828125,False,1,1,,2424.50048828125,historical_series_model
SELECTED_FEEDBACK_COLD_START,fixed_origin_primary,途昂,2026-04-01,2215.0,1939.8076171875,False,1,1,,1939.8076171875,historical_series_model
SELECTED_FEEDBACK_COLD_START,fixed_origin_primary,途昂,2026-05-01,1230.0,1961.911865234375,False,1,1,,1961.911865234375,historical_series_model
SELECTED_FEEDBACK_COLD_START,fixed_origin_primary,途昂,2026-06-01,1907.0,1907.657470703125,False,1,1,,1907.657470703125,historical_series_model
SELECTED_FEEDBACK_COLD_START,fixed_origin_primary,途胜L,2026-01-01,2389.0,1780.720703125,False,0,0,,1780.720703125,historical_series_model
SELECTED_FEEDBACK_COLD_START,fixed_origin_primary,途胜L,2026-02-01,1562.0,1232.7117919921875,False,0,0,,1232.7117919921875,historical_series_model
SELECTED_FEEDBACK_COLD_START,fixed_origin_primary,途胜L,2026-03-01,1876.0,1598.550048828125,False,0,0,,1598.550048828125,historical_series_model
SELECTED_FEEDBACK_COLD_START,fixed_origin_primary,途胜L,2026-04-01,1134.0,1553.9791259765625,False,0,0,,1553.9791259765625,historical_series_model
SELECTED_FEEDBACK_COLD_START,fixed_origin_primary,途胜L,2026-05-01,1486.0,1553.277099609375,False,0,0,,1553.277099609375,historical_series_model
SELECTED_FEEDBACK_COLD_START,fixed_origin_primary,途胜L,2026-06-01,1728.0,1566.4671630859375,False,0,0,,1566.4671630859375,historical_series_model
SELECTED_FEEDBACK_COLD_START,fixed_origin_primary,途观L,2026-01-01,21330.0,14407.5732421875,False,1,1,,14407.5732421875,historical_series_model
SELECTED_FEEDBACK_COLD_START,fixed_origin_primary,途观L,2026-02-01,12477.0,11460.6904296875,False,1,1,,11460.6904296875,historical_series_model
SELECTED_FEEDBACK_COLD_START,fixed_origin_primary,途观L,2026-03-01,14581.0,14040.791015625,False,1,1,,14040.791015625,historical_series_model
SELECTED_FEEDBACK_COLD_START,fixed_origin_primary,途观L,2026-04-01,9109.0,10716.1044921875,False,1,1,,10716.1044921875,historical_series_model
SELECTED_FEEDBACK_COLD_START,fixed_origin_primary,途观L,2026-05-01,12503.0,11161.4912109375,False,1,1,,11161.4912109375,historical_series_model
SELECTED_FEEDBACK_COLD_START,fixed_origin_primary,途观L,2026-06-01,12806.0,13137.048828125,False,1,1,,13137.048828125,historical_series_model
SELECTED_FEEDBACK_COLD_START,fixed_origin_primary,途观L新能源,2026-01-01,5.0,215.9690093994141,False,0,0,,215.9690093994141,historical_series_model
SELECTED_FEEDBACK_COLD_START,fixed_origin_primary,途观L新能源,2026-02-01,0.0,172.52215576171875,False,0,0,,172.52215576171875,historical_series_model
SELECTED_FEEDBACK_COLD_START,fixed_origin_primary,途观L新能源,2026-03-01,2.0,273.9140319824219,False,0,0,,273.9140319824219,historical_series_model
SELECTED_FEEDBACK_COLD_START,fixed_origin_primary,途观L新能源,2026-04-01,1.0,210.51092529296875,False,0,0,,210.51092529296875,historical_series_model
SELECTED_FEEDBACK_COLD_START,fixed_origin_primary,途观L新能源,2026-05-01,161.0,195.0186309814453,False,0,0,,195.0186309814453,historical_series_model
SELECTED_FEEDBACK_COLD_START,fixed_origin_primary,途观L新能源,2026-06-01,337.0,209.8005828857422,False,0,0,,209.8005828857422,historical_series_model
SELECTED_FEEDBACK_COLD_START,fixed_origin_primary,速腾,2026-01-01,25316.0,18862.138671875,False,1,1,,18862.138671875,historical_series_model
SELECTED_FEEDBACK_COLD_START,fixed_origin_primary,速腾,2026-02-01,13803.0,16507.28125,False,1,1,,16507.28125,historical_series_model
SELECTED_FEEDBACK_COLD_START,fixed_origin_primary,速腾,2026-03-01,16891.0,17216.427734375,False,1,1,,17216.427734375,historical_series_model
SELECTED_FEEDBACK_COLD_START,fixed_origin_primary,速腾,2026-04-01,9806.0,15168.1337890625,False,1,1,,15168.1337890625,historical_series_model
SELECTED_FEEDBACK_COLD_START,fixed_origin_primary,速腾,2026-05-01,9554.0,15598.8701171875,False,1,1,,15598.8701171875,historical_series_model
SELECTED_FEEDBACK_COLD_START,fixed_origin_primary,速腾,2026-06-01,9221.0,15892.8564453125,False,1,1,,15892.8564453125,historical_series_model
SELECTED_FEEDBACK_COLD_START,fixed_origin_primary,逸动,2026-01-01,13895.0,11350.5712890625,False,1,1,,11350.5712890625,historical_series_model
SELECTED_FEEDBACK_COLD_START,fixed_origin_primary,逸动,2026-02-01,11118.0,9342.5693359375,False,1,1,,9342.5693359375,historical_series_model
SELECTED_FEEDBACK_COLD_START,fixed_origin_primary,逸动,2026-03-01,11212.0,10149.6611328125,False,1,1,,10149.6611328125,historical_series_model
SELECTED_FEEDBACK_COLD_START,fixed_origin_primary,逸动,2026-04-01,7193.0,9538.0380859375,False,1,1,,9538.0380859375,historical_series_model
SELECTED_FEEDBACK_COLD_START,fixed_origin_primary,逸动,2026-05-01,7304.0,10033.861328125,False,1,1,,10033.861328125,historical_series_model
SELECTED_FEEDBACK_COLD_START,fixed_origin_primary,逸动,2026-06-01,7912.0,10635.1279296875,False,1,1,,10635.1279296875,historical_series_model
SELECTED_FEEDBACK_COLD_START,fixed_origin_primary,钇为3,2026-01-01,1.0,57.3875617980957,False,1,1,,57.3875617980957,historical_series_model
SELECTED_FEEDBACK_COLD_START,fixed_origin_primary,钇为3,2026-02-01,0.0,69.87952423095703,False,1,1,,69.87952423095703,historical_series_model
SELECTED_FEEDBACK_COLD_START,fixed_origin_primary,钇为3,2026-03-01,143.0,116.49105072021484,False,1,1,,116.49105072021484,historical_series_model
SELECTED_FEEDBACK_COLD_START,fixed_origin_primary,钇为3,2026-04-01,27.0,104.5649185180664,False,1,1,,104.5649185180664,historical_series_model
SELECTED_FEEDBACK_COLD_START,fixed_origin_primary,钇为3,2026-05-01,1.0,87.89177703857422,False,1,1,,87.89177703857422,historical_series_model
SELECTED_FEEDBACK_COLD_START,fixed_origin_primary,钇为3,2026-06-01,23.0,83.204833984375,False,1,1,,83.204833984375,historical_series_model
SELECTED_FEEDBACK_COLD_START,fixed_origin_primary,铂智3X,2026-01-01,5228.0,6464.7470703125,False,1,1,,6464.7470703125,historical_series_model
SELECTED_FEEDBACK_COLD_START,fixed_origin_primary,铂智3X,2026-02-01,3689.0,5160.47119140625,False,1,1,,5160.47119140625,historical_series_model
SELECTED_FEEDBACK_COLD_START,fixed_origin_primary,铂智3X,2026-03-01,7948.0,5188.38720703125,False,1,1,,5188.38720703125,historical_series_model
SELECTED_FEEDBACK_COLD_START,fixed_origin_primary,铂智3X,2026-04-01,10027.0,4403.86865234375,False,1,1,,4403.86865234375,historical_series_model
SELECTED_FEEDBACK_COLD_START,fixed_origin_primary,铂智3X,2026-05-01,6731.0,4441.98291015625,False,1,1,,4441.98291015625,historical_series_model
SELECTED_FEEDBACK_COLD_START,fixed_origin_primary,铂智3X,2026-06-01,7895.0,4655.60546875,False,1,1,,4655.60546875,historical_series_model
SELECTED_FEEDBACK_COLD_START,fixed_origin_primary,铂智4X,2026-01-01,0.0,72.90444946289062,False,1,0,,72.90444946289062,historical_series_model
SELECTED_FEEDBACK_COLD_START,fixed_origin_primary,铂智4X,2026-02-01,1.0,60.67879104614258,False,1,0,,60.67879104614258,historical_series_model
SELECTED_FEEDBACK_COLD_START,fixed_origin_primary,铂智4X,2026-03-01,41.0,102.8957290649414,False,1,0,,102.8957290649414,historical_series_model
SELECTED_FEEDBACK_COLD_START,fixed_origin_primary,铂智4X,2026-04-01,93.0,84.416015625,False,1,0,,84.416015625,historical_series_model
SELECTED_FEEDBACK_COLD_START,fixed_origin_primary,铂智4X,2026-05-01,88.0,85.88523864746094,False,1,0,,85.88523864746094,historical_series_model
SELECTED_FEEDBACK_COLD_START,fixed_origin_primary,铂智4X,2026-06-01,110.0,95.20580291748048,False,1,0,,95.20580291748048,historical_series_model
SELECTED_FEEDBACK_COLD_START,fixed_origin_primary,铂智7,2026-01-01,0.0,0.0,True,0,0,0.0,1.6526124477386477,HORIZON_MEDIAN
SELECTED_FEEDBACK_COLD_START,fixed_origin_primary,铂智7,2026-02-01,0.0,0.0,True,0,0,0.0,2.9130115509033203,HORIZON_MEDIAN
SELECTED_FEEDBACK_COLD_START,fixed_origin_primary,铂智7,2026-03-01,703.0,108.0,True,0,0,108.0,3.6242480278015137,HORIZON_MEDIAN
SELECTED_FEEDBACK_COLD_START,fixed_origin_primary,铂智7,2026-04-01,4637.0,292.0,True,0,0,292.0,2.096961259841919,HORIZON_MEDIAN
SELECTED_FEEDBACK_COLD_START,fixed_origin_primary,铂智7,2026-05-01,3254.0,418.5,True,0,0,418.5,1.858543276786804,HORIZON_MEDIAN
SELECTED_FEEDBACK_COLD_START,fixed_origin_primary,铂智7,2026-06-01,1757.0,792.0,True,0,0,792.0,1.304530382156372,HORIZON_MEDIAN
SELECTED_FEEDBACK_COLD_START,fixed_origin_primary,银河E8,2026-01-01,139.0,326.5198669433594,False,1,1,,326.5198669433594,historical_series_model
SELECTED_FEEDBACK_COLD_START,fixed_origin_primary,银河E8,2026-02-01,120.0,251.96286010742188,False,1,1,,251.96286010742188,historical_series_model
SELECTED_FEEDBACK_COLD_START,fixed_origin_primary,银河E8,2026-03-01,335.0,320.4553527832031,False,1,1,,320.4553527832031,historical_series_model
SELECTED_FEEDBACK_COLD_START,fixed_origin_primary,银河E8,2026-04-01,243.0,304.6344299316406,False,1,1,,304.6344299316406,historical_series_model
SELECTED_FEEDBACK_COLD_START,fixed_origin_primary,银河E8,2026-05-01,262.0,300.4369812011719,False,1,1,,300.4369812011719,historical_series_model
SELECTED_FEEDBACK_COLD_START,fixed_origin_primary,银河E8,2026-06-01,178.0,310.6614685058594,False,1,1,,310.6614685058594,historical_series_model
SELECTED_FEEDBACK_COLD_START,fixed_origin_primary,银河V900,2026-01-01,438.0,265.5661315917969,False,0,0,,265.5661315917969,historical_series_model
SELECTED_FEEDBACK_COLD_START,fixed_origin_primary,银河V900,2026-02-01,1047.0,187.83360290527344,False,0,0,,187.83360290527344,historical_series_model
SELECTED_FEEDBACK_COLD_START,fixed_origin_primary,银河V900,2026-03-01,242.0,300.55126953125,False,0,0,,300.55126953125,historical_series_model
SELECTED_FEEDBACK_COLD_START,fixed_origin_primary,银河V900,2026-04-01,200.0,244.5519561767578,False,0,0,,244.5519561767578,historical_series_model
SELECTED_FEEDBACK_COLD_START,fixed_origin_primary,银河V900,2026-05-01,221.0,200.1353302001953,False,0,0,,200.1353302001953,historical_series_model
SELECTED_FEEDBACK_COLD_START,fixed_origin_primary,银河V900,2026-06-01,434.0,209.88986206054688,False,0,0,,209.88986206054688,historical_series_model
SELECTED_FEEDBACK_COLD_START,fixed_origin_primary,银河星耀6,2026-01-01,2298.0,4927.09814453125,False,1,1,,4927.09814453125,historical_series_model
SELECTED_FEEDBACK_COLD_START,fixed_origin_primary,银河星耀6,2026-02-01,865.0,3679.363525390625,False,1,1,,3679.363525390625,historical_series_model
SELECTED_FEEDBACK_COLD_START,fixed_origin_primary,银河星耀6,2026-03-01,2276.0,4554.67724609375,False,1,1,,4554.67724609375,historical_series_model
SELECTED_FEEDBACK_COLD_START,fixed_origin_primary,银河星耀6,2026-04-01,2823.0,3902.353515625,False,1,1,,3902.353515625,historical_series_model
SELECTED_FEEDBACK_COLD_START,fixed_origin_primary,银河星耀6,2026-05-01,2708.0,3975.11376953125,False,1,1,,3975.11376953125,historical_series_model
SELECTED_FEEDBACK_COLD_START,fixed_origin_primary,银河星耀6,2026-06-01,4261.0,4355.58642578125,False,1,1,,4355.58642578125,historical_series_model
SELECTED_FEEDBACK_COLD_START,fixed_origin_primary,银河星耀7,2026-01-01,0.0,0.0,True,0,0,0.0,2.3399059772491455,HORIZON_MEDIAN
SELECTED_FEEDBACK_COLD_START,fixed_origin_primary,银河星耀7,2026-02-01,0.0,0.0,True,0,0,0.0,7.344865322113037,HORIZON_MEDIAN
SELECTED_FEEDBACK_COLD_START,fixed_origin_primary,银河星耀7,2026-03-01,0.0,108.0,True,0,0,108.0,16.009729385375977,HORIZON_MEDIAN
SELECTED_FEEDBACK_COLD_START,fixed_origin_primary,银河星耀7,2026-04-01,519.0,292.0,True,0,0,292.0,7.785973072052002,HORIZON_MEDIAN
SELECTED_FEEDBACK_COLD_START,fixed_origin_primary,银河星耀7,2026-05-01,1346.0,418.5,True,0,0,418.5,6.85233211517334,HORIZON_MEDIAN
SELECTED_FEEDBACK_COLD_START,fixed_origin_primary,银河星耀7,2026-06-01,5932.0,792.0,True,0,0,792.0,6.74687385559082,HORIZON_MEDIAN
SELECTED_FEEDBACK_COLD_START,fixed_origin_primary,锋兰达,2026-01-01,18629.0,13062.7841796875,False,1,1,,13062.7841796875,historical_series_model
SELECTED_FEEDBACK_COLD_START,fixed_origin_primary,锋兰达,2026-02-01,12043.0,10150.1455078125,False,1,1,,10150.1455078125,historical_series_model
SELECTED_FEEDBACK_COLD_START,fixed_origin_primary,锋兰达,2026-03-01,15470.0,12827.5546875,False,1,1,,12827.5546875,historical_series_model
SELECTED_FEEDBACK_COLD_START,fixed_origin_primary,锋兰达,2026-04-01,10876.0,10877.8486328125,False,1,1,,10877.8486328125,historical_series_model
SELECTED_FEEDBACK_COLD_START,fixed_origin_primary,锋兰达,2026-05-01,10725.0,11056.3125,False,1,1,,11056.3125,historical_series_model
SELECTED_FEEDBACK_COLD_START,fixed_origin_primary,锋兰达,2026-06-01,10882.0,13049.4482421875,False,1,1,,13049.4482421875,historical_series_model
SELECTED_FEEDBACK_COLD_START,fixed_origin_primary,锐界L,2026-01-01,2422.0,1880.2305908203125,False,0,0,,1880.2305908203125,historical_series_model
SELECTED_FEEDBACK_COLD_START,fixed_origin_primary,锐界L,2026-02-01,1621.0,1307.6927490234375,False,0,0,,1307.6927490234375,historical_series_model
SELECTED_FEEDBACK_COLD_START,fixed_origin_primary,锐界L,2026-03-01,2067.0,1673.103759765625,False,0,0,,1673.103759765625,historical_series_model
SELECTED_FEEDBACK_COLD_START,fixed_origin_primary,锐界L,2026-04-01,1336.0,1620.01708984375,False,0,0,,1620.01708984375,historical_series_model
SELECTED_FEEDBACK_COLD_START,fixed_origin_primary,锐界L,2026-05-01,1500.0,1682.5306396484375,False,0,0,,1682.5306396484375,historical_series_model
SELECTED_FEEDBACK_COLD_START,fixed_origin_primary,锐界L,2026-06-01,1653.0,1729.322021484375,False,0,0,,1729.322021484375,historical_series_model
SELECTED_FEEDBACK_COLD_START,fixed_origin_primary,锐程PLUS,2026-01-01,7.0,46.84659957885742,False,1,1,,46.84659957885742,historical_series_model
SELECTED_FEEDBACK_COLD_START,fixed_origin_primary,锐程PLUS,2026-02-01,2.0,45.450557708740234,False,1,1,,45.450557708740234,historical_series_model
SELECTED_FEEDBACK_COLD_START,fixed_origin_primary,锐程PLUS,2026-03-01,4.0,66.70427703857422,False,1,1,,66.70427703857422,historical_series_model
SELECTED_FEEDBACK_COLD_START,fixed_origin_primary,锐程PLUS,2026-04-01,1.0,55.035945892333984,False,1,1,,55.035945892333984,historical_series_model
SELECTED_FEEDBACK_COLD_START,fixed_origin_primary,锐程PLUS,2026-05-01,3.0,57.442325592041016,False,1,1,,57.442325592041016,historical_series_model
SELECTED_FEEDBACK_COLD_START,fixed_origin_primary,锐程PLUS,2026-06-01,4.0,67.3587875366211,False,1,1,,67.3587875366211,historical_series_model
SELECTED_FEEDBACK_COLD_START,fixed_origin_primary,锐际,2026-01-01,322.0,187.99322509765625,False,1,1,,187.99322509765625,historical_series_model
SELECTED_FEEDBACK_COLD_START,fixed_origin_primary,锐际,2026-02-01,203.0,142.37733459472656,False,1,1,,142.37733459472656,historical_series_model
SELECTED_FEEDBACK_COLD_START,fixed_origin_primary,锐际,2026-03-01,265.0,238.41558837890625,False,1,1,,238.41558837890625,historical_series_model
SELECTED_FEEDBACK_COLD_START,fixed_origin_primary,锐际,2026-04-01,152.0,162.082763671875,False,1,1,,162.082763671875,historical_series_model
SELECTED_FEEDBACK_COLD_START,fixed_origin_primary,锐际,2026-05-01,154.0,152.23780822753906,False,1,1,,152.23780822753906,historical_series_model
SELECTED_FEEDBACK_COLD_START,fixed_origin_primary,锐际,2026-06-01,129.0,156.39344787597656,False,1,1,,156.39344787597656,historical_series_model
SELECTED_FEEDBACK_COLD_START,fixed_origin_primary,长安CS75 PLUS,2026-01-01,14440.0,10399.8359375,False,1,1,,10399.8359375,historical_series_model
SELECTED_FEEDBACK_COLD_START,fixed_origin_primary,长安CS75 PLUS,2026-02-01,14219.0,6794.375,False,1,1,,6794.375,historical_series_model
SELECTED_FEEDBACK_COLD_START,fixed_origin_primary,长安CS75 PLUS,2026-03-01,13802.0,9208.349609375,False,1,1,,9208.349609375,historical_series_model
SELECTED_FEEDBACK_COLD_START,fixed_origin_primary,长安CS75 PLUS,2026-04-01,8716.0,6678.05126953125,False,1,1,,6678.05126953125,historical_series_model
SELECTED_FEEDBACK_COLD_START,fixed_origin_primary,长安CS75 PLUS,2026-05-01,10103.0,7436.16943359375,False,1,1,,7436.16943359375,historical_series_model
SELECTED_FEEDBACK_COLD_START,fixed_origin_primary,长安CS75 PLUS,2026-06-01,11682.0,7845.80810546875,False,1,1,,7845.80810546875,historical_series_model
SELECTED_FEEDBACK_COLD_START,fixed_origin_primary,长安Lumin,2026-01-01,1159.0,7684.517578125,False,1,1,,7684.517578125,historical_series_model
SELECTED_FEEDBACK_COLD_START,fixed_origin_primary,长安Lumin,2026-02-01,1087.0,5847.3837890625,False,1,1,,5847.3837890625,historical_series_model
SELECTED_FEEDBACK_COLD_START,fixed_origin_primary,长安Lumin,2026-03-01,2930.0,6324.94482421875,False,1,1,,6324.94482421875,historical_series_model
SELECTED_FEEDBACK_COLD_START,fixed_origin_primary,长安Lumin,2026-04-01,2769.0,5820.912109375,False,1,1,,5820.912109375,historical_series_model
SELECTED_FEEDBACK_COLD_START,fixed_origin_primary,长安Lumin,2026-05-01,1980.0,5915.3974609375,False,1,1,,5915.3974609375,historical_series_model
SELECTED_FEEDBACK_COLD_START,fixed_origin_primary,长安Lumin,2026-06-01,1901.0,6311.716796875,False,1,1,,6311.716796875,historical_series_model
SELECTED_FEEDBACK_COLD_START,fixed_origin_primary,长安UNI-K,2026-01-01,19.0,101.3746566772461,False,1,1,,101.3746566772461,historical_series_model
SELECTED_FEEDBACK_COLD_START,fixed_origin_primary,长安UNI-K,2026-02-01,7.0,61.57837677001953,False,1,1,,61.57837677001953,historical_series_model
SELECTED_FEEDBACK_COLD_START,fixed_origin_primary,长安UNI-K,2026-03-01,122.0,82.89414978027344,False,1,1,,82.89414978027344,historical_series_model
SELECTED_FEEDBACK_COLD_START,fixed_origin_primary,长安UNI-K,2026-04-01,0.0,70.0405502319336,False,1,1,,70.0405502319336,historical_series_model
SELECTED_FEEDBACK_COLD_START,fixed_origin_primary,长安UNI-K,2026-05-01,16.0,65.62904357910156,False,1,1,,65.62904357910156,historical_series_model
SELECTED_FEEDBACK_COLD_START,fixed_origin_primary,长安UNI-K,2026-06-01,2.0,70.38681030273438,False,1,1,,70.38681030273438,historical_series_model
SELECTED_FEEDBACK_COLD_START,fixed_origin_primary,长安UNI-K 智电iDD,2026-01-01,1.0,4.739013671875,False,1,0,,4.739013671875,historical_series_model
SELECTED_FEEDBACK_COLD_START,fixed_origin_primary,长安UNI-K 智电iDD,2026-02-01,0.0,3.0511789321899414,False,1,0,,3.0511789321899414,historical_series_model
SELECTED_FEEDBACK_COLD_START,fixed_origin_primary,长安UNI-K 智电iDD,2026-03-01,1.0,1.8558284044265747,False,1,0,,1.8558284044265747,historical_series_model
SELECTED_FEEDBACK_COLD_START,fixed_origin_primary,长安UNI-K 智电iDD,2026-04-01,1.0,0.9527958631515504,False,1,0,,0.9527958631515504,historical_series_model
SELECTED_FEEDBACK_COLD_START,fixed_origin_primary,长安UNI-K 智电iDD,2026-05-01,0.0,0.4737868905067444,False,1,0,,0.4737868905067444,historical_series_model
SELECTED_FEEDBACK_COLD_START,fixed_origin_primary,长安UNI-K 智电iDD,2026-06-01,4.0,0.4850781559944153,False,1,0,,0.4850781559944153,historical_series_model
SELECTED_FEEDBACK_COLD_START,fixed_origin_primary,长安UNI-T,2026-01-01,31.0,33.772918701171875,False,1,0,,33.772918701171875,historical_series_model
SELECTED_FEEDBACK_COLD_START,fixed_origin_primary,长安UNI-T,2026-02-01,36.0,36.059932708740234,False,1,0,,36.059932708740234,historical_series_model
SELECTED_FEEDBACK_COLD_START,fixed_origin_primary,长安UNI-T,2026-03-01,22.0,46.801605224609375,False,1,0,,46.801605224609375,historical_series_model
SELECTED_FEEDBACK_COLD_START,fixed_origin_primary,长安UNI-T,2026-04-01,8.0,52.95929718017578,False,1,0,,52.95929718017578,historical_series_model
SELECTED_FEEDBACK_COLD_START,fixed_origin_primary,长安UNI-T,2026-05-01,3.0,55.551700592041016,False,1,0,,55.551700592041016,historical_series_model
SELECTED_FEEDBACK_COLD_START,fixed_origin_primary,长安UNI-T,2026-06-01,2.0,61.87517547607422,False,1,0,,61.87517547607422,historical_series_model
SELECTED_FEEDBACK_COLD_START,fixed_origin_primary,长安UNI-V,2026-01-01,3676.0,3223.906005859375,False,1,1,,3223.906005859375,historical_series_model
SELECTED_FEEDBACK_COLD_START,fixed_origin_primary,长安UNI-V,2026-02-01,2864.0,2594.9384765625,False,1,1,,2594.9384765625,historical_series_model
SELECTED_FEEDBACK_COLD_START,fixed_origin_primary,长安UNI-V,2026-03-01,2093.0,3137.60791015625,False,1,1,,3137.60791015625,historical_series_model
SELECTED_FEEDBACK_COLD_START,fixed_origin_primary,长安UNI-V,2026-04-01,1370.0,2673.19873046875,False,1,1,,2673.19873046875,historical_series_model
SELECTED_FEEDBACK_COLD_START,fixed_origin_primary,长安UNI-V,2026-05-01,1342.0,2626.8828125,False,1,1,,2626.8828125,historical_series_model
SELECTED_FEEDBACK_COLD_START,fixed_origin_primary,长安UNI-V,2026-06-01,1268.0,2817.63720703125,False,1,1,,2817.63720703125,historical_series_model
SELECTED_FEEDBACK_COLD_START,fixed_origin_primary,长安UNI-Z新能源,2026-01-01,2096.0,3725.783935546875,False,0,0,,3725.783935546875,historical_series_model
SELECTED_FEEDBACK_COLD_START,fixed_origin_primary,长安UNI-Z新能源,2026-02-01,2735.0,2868.875,False,0,0,,2868.875,historical_series_model
SELECTED_FEEDBACK_COLD_START,fixed_origin_primary,长安UNI-Z新能源,2026-03-01,9507.0,3602.2119140625,False,0,0,,3602.2119140625,historical_series_model
SELECTED_FEEDBACK_COLD_START,fixed_origin_primary,长安UNI-Z新能源,2026-04-01,1585.0,3069.908935546875,False,0,0,,3069.908935546875,historical_series_model
SELECTED_FEEDBACK_COLD_START,fixed_origin_primary,长安UNI-Z新能源,2026-05-01,2003.0,2867.87744140625,False,0,0,,2867.87744140625,historical_series_model
SELECTED_FEEDBACK_COLD_START,fixed_origin_primary,长安UNI-Z新能源,2026-06-01,1882.0,2956.53857421875,False,0,0,,2956.53857421875,historical_series_model
SELECTED_FEEDBACK_COLD_START,fixed_origin_primary,长安X5 PLUS,2026-01-01,9527.0,6120.24951171875,False,1,1,,6120.24951171875,historical_series_model
SELECTED_FEEDBACK_COLD_START,fixed_origin_primary,长安X5 PLUS,2026-02-01,6964.0,4726.5283203125,False,1,1,,4726.5283203125,historical_series_model
SELECTED_FEEDBACK_COLD_START,fixed_origin_primary,长安X5 PLUS,2026-03-01,9075.0,4852.55078125,False,1,1,,4852.55078125,historical_series_model
SELECTED_FEEDBACK_COLD_START,fixed_origin_primary,长安X5 PLUS,2026-04-01,9147.0,4207.42529296875,False,1,1,,4207.42529296875,historical_series_model
SELECTED_FEEDBACK_COLD_START,fixed_origin_primary,长安X5 PLUS,2026-05-01,7620.0,4466.208984375,False,1,1,,4466.208984375,historical_series_model
SELECTED_FEEDBACK_COLD_START,fixed_origin_primary,长安X5 PLUS,2026-06-01,7923.0,4697.69873046875,False,1,1,,4697.69873046875,historical_series_model
SELECTED_FEEDBACK_COLD_START,fixed_origin_primary,长安启源A07,2026-01-01,756.0,2249.840576171875,False,1,1,,2249.840576171875,historical_series_model
SELECTED_FEEDBACK_COLD_START,fixed_origin_primary,长安启源A07,2026-02-01,1015.0,1514.3206787109375,False,1,1,,1514.3206787109375,historical_series_model
SELECTED_FEEDBACK_COLD_START,fixed_origin_primary,长安启源A07,2026-03-01,1362.0,1912.1322021484375,False,1,1,,1912.1322021484375,historical_series_model
SELECTED_FEEDBACK_COLD_START,fixed_origin_primary,长安启源A07,2026-04-01,1860.0,1670.614990234375,False,1,1,,1670.614990234375,historical_series_model
SELECTED_FEEDBACK_COLD_START,fixed_origin_primary,长安启源A07,2026-05-01,1674.0,1688.6016845703125,False,1,1,,1688.6016845703125,historical_series_model
SELECTED_FEEDBACK_COLD_START,fixed_origin_primary,长安启源A07,2026-06-01,2638.0,1687.560302734375,False,1,1,,1687.560302734375,historical_series_model
SELECTED_FEEDBACK_COLD_START,fixed_origin_primary,长安启源Q05经典,2026-01-01,0.0,2151.94921875,False,0,0,,2151.94921875,historical_series_model
SELECTED_FEEDBACK_COLD_START,fixed_origin_primary,长安启源Q05经典,2026-02-01,0.0,1537.226806640625,False,0,0,,1537.226806640625,historical_series_model
SELECTED_FEEDBACK_COLD_START,fixed_origin_primary,长安启源Q05经典,2026-03-01,0.0,2362.8193359375,False,0,0,,2362.8193359375,historical_series_model
SELECTED_FEEDBACK_COLD_START,fixed_origin_primary,长安启源Q05经典,2026-04-01,0.0,1855.406982421875,False,0,0,,1855.406982421875,historical_series_model
SELECTED_FEEDBACK_COLD_START,fixed_origin_primary,长安启源Q05经典,2026-05-01,0.0,1862.8514404296875,False,0,0,,1862.8514404296875,historical_series_model
SELECTED_FEEDBACK_COLD_START,fixed_origin_primary,长安启源Q05经典,2026-06-01,0.0,1795.2884521484375,False,0,0,,1795.2884521484375,historical_series_model
SELECTED_FEEDBACK_COLD_START,fixed_origin_primary,长安欧尚520,2026-01-01,762.0,1496.1375732421875,False,0,0,,1496.1375732421875,historical_series_model
SELECTED_FEEDBACK_COLD_START,fixed_origin_primary,长安欧尚520,2026-02-01,135.0,1005.49462890625,False,0,0,,1005.49462890625,historical_series_model
SELECTED_FEEDBACK_COLD_START,fixed_origin_primary,长安欧尚520,2026-03-01,213.0,1435.4456787109375,False,0,0,,1435.4456787109375,historical_series_model
SELECTED_FEEDBACK_COLD_START,fixed_origin_primary,长安欧尚520,2026-04-01,333.0,1268.629150390625,False,0,0,,1268.629150390625,historical_series_model
SELECTED_FEEDBACK_COLD_START,fixed_origin_primary,长安欧尚520,2026-05-01,608.0,1229.938232421875,False,0,0,,1229.938232421875,historical_series_model
SELECTED_FEEDBACK_COLD_START,fixed_origin_primary,长安欧尚520,2026-06-01,617.0,1290.80224609375,False,0,0,,1290.80224609375,historical_series_model
SELECTED_FEEDBACK_COLD_START,fixed_origin_primary,雅阁,2026-01-01,13825.0,13491.0029296875,False,1,1,,13491.0029296875,historical_series_model
SELECTED_FEEDBACK_COLD_START,fixed_origin_primary,雅阁,2026-02-01,4630.0,10486.2294921875,False,1,1,,10486.2294921875,historical_series_model
SELECTED_FEEDBACK_COLD_START,fixed_origin_primary,雅阁,2026-03-01,6757.0,12760.3447265625,False,1,1,,12760.3447265625,historical_series_model
SELECTED_FEEDBACK_COLD_START,fixed_origin_primary,雅阁,2026-04-01,2593.0,10966.853515625,False,1,1,,10966.853515625,historical_series_model
SELECTED_FEEDBACK_COLD_START,fixed_origin_primary,雅阁,2026-05-01,4677.0,11127.4033203125,False,1,1,,11127.4033203125,historical_series_model
SELECTED_FEEDBACK_COLD_START,fixed_origin_primary,雅阁,2026-06-01,7919.0,13189.0478515625,False,1,1,,13189.0478515625,historical_series_model
SELECTED_FEEDBACK_COLD_START,fixed_origin_primary,零跑B01,2026-01-01,2099.0,7477.61328125,False,1,1,,7477.61328125,historical_series_model
SELECTED_FEEDBACK_COLD_START,fixed_origin_primary,零跑B01,2026-02-01,2425.0,5649.02783203125,False,1,1,,5649.02783203125,historical_series_model
SELECTED_FEEDBACK_COLD_START,fixed_origin_primary,零跑B01,2026-03-01,4011.0,5664.0,False,1,1,,5664.0,historical_series_model
SELECTED_FEEDBACK_COLD_START,fixed_origin_primary,零跑B01,2026-04-01,5438.0,4703.2138671875,False,1,1,,4703.2138671875,historical_series_model
SELECTED_FEEDBACK_COLD_START,fixed_origin_primary,零跑B01,2026-05-01,3996.0,4617.5263671875,False,1,1,,4617.5263671875,historical_series_model
SELECTED_FEEDBACK_COLD_START,fixed_origin_primary,零跑B01,2026-06-01,3497.0,4732.95751953125,False,1,1,,4732.95751953125,historical_series_model
SELECTED_FEEDBACK_COLD_START,fixed_origin_primary,零跑Lafa5,2026-01-01,1807.0,5559.47509765625,False,1,1,,5559.47509765625,historical_series_model
SELECTED_FEEDBACK_COLD_START,fixed_origin_primary,零跑Lafa5,2026-02-01,1482.0,3774.29833984375,False,1,1,,3774.29833984375,historical_series_model
SELECTED_FEEDBACK_COLD_START,fixed_origin_primary,零跑Lafa5,2026-03-01,2671.0,5084.26513671875,False,1,1,,5084.26513671875,historical_series_model
SELECTED_FEEDBACK_COLD_START,fixed_origin_primary,零跑Lafa5,2026-04-01,4707.0,3971.251708984375,False,1,1,,3971.251708984375,historical_series_model
SELECTED_FEEDBACK_COLD_START,fixed_origin_primary,零跑Lafa5,2026-05-01,4708.0,4000.3681640625,False,1,1,,4000.3681640625,historical_series_model
SELECTED_FEEDBACK_COLD_START,fixed_origin_primary,零跑Lafa5,2026-06-01,4669.0,4370.87353515625,False,1,1,,4370.87353515625,historical_series_model
SELECTED_FEEDBACK_COLD_START,fixed_origin_primary,零跑T03,2026-01-01,322.0,976.5755615234376,False,1,1,,976.5755615234376,historical_series_model
SELECTED_FEEDBACK_COLD_START,fixed_origin_primary,零跑T03,2026-02-01,1763.0,702.8728637695312,False,1,1,,702.8728637695312,historical_series_model
SELECTED_FEEDBACK_COLD_START,fixed_origin_primary,零跑T03,2026-03-01,438.0,928.8554077148438,False,1,1,,928.8554077148438,historical_series_model
SELECTED_FEEDBACK_COLD_START,fixed_origin_primary,零跑T03,2026-04-01,270.0,835.1431274414062,False,1,1,,835.1431274414062,historical_series_model
SELECTED_FEEDBACK_COLD_START,fixed_origin_primary,零跑T03,2026-05-01,979.0,879.1406860351562,False,1,1,,879.1406860351562,historical_series_model
SELECTED_FEEDBACK_COLD_START,fixed_origin_primary,零跑T03,2026-06-01,1.0,939.739990234375,False,1,1,,939.739990234375,historical_series_model
SELECTED_FEEDBACK_COLD_START,fixed_origin_primary,雷凌,2026-01-01,941.0,909.8973999023438,False,1,0,,909.8973999023438,historical_series_model
SELECTED_FEEDBACK_COLD_START,fixed_origin_primary,雷凌,2026-02-01,416.0,729.6754150390625,False,1,0,,729.6754150390625,historical_series_model
SELECTED_FEEDBACK_COLD_START,fixed_origin_primary,雷凌,2026-03-01,646.0,918.3071899414062,False,1,0,,918.3071899414062,historical_series_model
SELECTED_FEEDBACK_COLD_START,fixed_origin_primary,雷凌,2026-04-01,300.0,799.7999877929688,False,1,0,,799.7999877929688,historical_series_model
SELECTED_FEEDBACK_COLD_START,fixed_origin_primary,雷凌,2026-05-01,194.0,782.5441284179688,False,1,0,,782.5441284179688,historical_series_model
SELECTED_FEEDBACK_COLD_START,fixed_origin_primary,雷凌,2026-06-01,129.0,824.0524291992188,False,1,0,,824.0524291992188,historical_series_model
SELECTED_FEEDBACK_COLD_START,fixed_origin_primary,领克03,2026-01-01,6402.0,4048.430908203125,False,1,1,,4048.430908203125,historical_series_model
SELECTED_FEEDBACK_COLD_START,fixed_origin_primary,领克03,2026-02-01,3250.0,2223.506103515625,False,1,1,,2223.506103515625,historical_series_model
SELECTED_FEEDBACK_COLD_START,fixed_origin_primary,领克03,2026-03-01,4469.0,2789.622802734375,False,1,1,,2789.622802734375,historical_series_model
SELECTED_FEEDBACK_COLD_START,fixed_origin_primary,领克03,2026-04-01,3324.0,2554.204833984375,False,1,1,,2554.204833984375,historical_series_model
SELECTED_FEEDBACK_COLD_START,fixed_origin_primary,领克03,2026-05-01,2899.0,2473.08349609375,False,1,1,,2473.08349609375,historical_series_model
SELECTED_FEEDBACK_COLD_START,fixed_origin_primary,领克03,2026-06-01,2816.0,2359.68017578125,False,1,1,,2359.68017578125,historical_series_model
SELECTED_FEEDBACK_COLD_START,fixed_origin_primary,领克07,2026-01-01,3489.0,1943.5499267578125,False,0,0,,1943.5499267578125,historical_series_model
SELECTED_FEEDBACK_COLD_START,fixed_origin_primary,领克07,2026-02-01,2099.0,1519.6690673828125,False,0,0,,1519.6690673828125,historical_series_model
SELECTED_FEEDBACK_COLD_START,fixed_origin_primary,领克07,2026-03-01,1853.0,1842.7547607421875,False,0,0,,1842.7547607421875,historical_series_model
SELECTED_FEEDBACK_COLD_START,fixed_origin_primary,领克07,2026-04-01,1714.0,1617.592529296875,False,0,0,,1617.592529296875,historical_series_model
SELECTED_FEEDBACK_COLD_START,fixed_origin_primary,领克07,2026-05-01,1764.0,1688.1376953125,False,0,0,,1688.1376953125,historical_series_model
SELECTED_FEEDBACK_COLD_START,fixed_origin_primary,领克07,2026-06-01,1256.0,1688.8330078125,False,0,0,,1688.8330078125,historical_series_model
SELECTED_FEEDBACK_COLD_START,fixed_origin_primary,领克10,2026-01-01,3482.0,3515.032958984375,False,0,0,,3515.032958984375,historical_series_model
SELECTED_FEEDBACK_COLD_START,fixed_origin_primary,领克10,2026-02-01,2181.0,2574.690185546875,False,0,0,,2574.690185546875,historical_series_model
SELECTED_FEEDBACK_COLD_START,fixed_origin_primary,领克10,2026-03-01,2371.0,3505.221923828125,False,0,0,,3505.221923828125,historical_series_model
SELECTED_FEEDBACK_COLD_START,fixed_origin_primary,领克10,2026-04-01,2380.0,2943.111083984375,False,0,0,,2943.111083984375,historical_series_model
SELECTED_FEEDBACK_COLD_START,fixed_origin_primary,领克10,2026-05-01,3107.0,2866.99267578125,False,0,0,,2866.99267578125,historical_series_model
SELECTED_FEEDBACK_COLD_START,fixed_origin_primary,领克10,2026-06-01,4502.0,3004.658935546875,False,0,0,,3004.658935546875,historical_series_model
SELECTED_FEEDBACK_COLD_START,fixed_origin_primary,风云A9L,2026-01-01,2094.0,6530.59619140625,False,1,1,,6530.59619140625,historical_series_model
SELECTED_FEEDBACK_COLD_START,fixed_origin_primary,风云A9L,2026-02-01,2004.0,5148.20947265625,False,1,1,,5148.20947265625,historical_series_model
SELECTED_FEEDBACK_COLD_START,fixed_origin_primary,风云A9L,2026-03-01,2015.0,4768.12109375,False,1,1,,4768.12109375,historical_series_model
SELECTED_FEEDBACK_COLD_START,fixed_origin_primary,风云A9L,2026-04-01,2173.0,3833.297119140625,False,1,1,,3833.297119140625,historical_series_model
SELECTED_FEEDBACK_COLD_START,fixed_origin_primary,风云A9L,2026-05-01,2333.0,3674.10595703125,False,1,1,,3674.10595703125,historical_series_model
SELECTED_FEEDBACK_COLD_START,fixed_origin_primary,风云A9L,2026-06-01,2735.0,3381.53564453125,False,1,1,,3381.53564453125,historical_series_model
SELECTED_FEEDBACK_COLD_START,fixed_origin_primary,风光330,2026-01-01,11.0,5.129176616668701,False,0,0,,5.129176616668701,historical_series_model
SELECTED_FEEDBACK_COLD_START,fixed_origin_primary,风光330,2026-02-01,9.0,5.546945095062256,False,0,0,,5.546945095062256,historical_series_model
SELECTED_FEEDBACK_COLD_START,fixed_origin_primary,风光330,2026-03-01,14.0,4.019870758056641,False,0,0,,4.019870758056641,historical_series_model
SELECTED_FEEDBACK_COLD_START,fixed_origin_primary,风光330,2026-04-01,3.0,4.164044380187988,False,0,0,,4.164044380187988,historical_series_model
SELECTED_FEEDBACK_COLD_START,fixed_origin_primary,风光330,2026-05-01,12.0,3.790175676345825,False,0,0,,3.790175676345825,historical_series_model
SELECTED_FEEDBACK_COLD_START,fixed_origin_primary,风光330,2026-06-01,9.0,2.0366005897521973,False,0,0,,2.0366005897521973,historical_series_model
SELECTED_FEEDBACK_COLD_START,fixed_origin_primary,风光380,2026-01-01,45.0,58.08734130859375,False,0,0,,58.08734130859375,historical_series_model
SELECTED_FEEDBACK_COLD_START,fixed_origin_primary,风光380,2026-02-01,32.0,62.66078567504883,False,0,0,,62.66078567504883,historical_series_model
SELECTED_FEEDBACK_COLD_START,fixed_origin_primary,风光380,2026-03-01,60.0,96.29720306396484,False,0,0,,96.29720306396484,historical_series_model
SELECTED_FEEDBACK_COLD_START,fixed_origin_primary,风光380,2026-04-01,35.0,79.88591766357422,False,0,0,,79.88591766357422,historical_series_model
SELECTED_FEEDBACK_COLD_START,fixed_origin_primary,风光380,2026-05-01,44.0,70.4703598022461,False,0,0,,70.4703598022461,historical_series_model
SELECTED_FEEDBACK_COLD_START,fixed_origin_primary,风光380,2026-06-01,55.0,71.92375183105469,False,0,0,,71.92375183105469,historical_series_model
SELECTED_FEEDBACK_COLD_START,fixed_origin_primary,风光E380,2026-01-01,0.0,20.333526611328125,False,0,0,,20.333526611328125,historical_series_model
SELECTED_FEEDBACK_COLD_START,fixed_origin_primary,风光E380,2026-02-01,1.0,16.082416534423828,False,0,0,,16.082416534423828,historical_series_model
SELECTED_FEEDBACK_COLD_START,fixed_origin_primary,风光E380,2026-03-01,1.0,11.494041442871094,False,0,0,,11.494041442871094,historical_series_model
SELECTED_FEEDBACK_COLD_START,fixed_origin_primary,风光E380,2026-04-01,7.0,9.444828987121582,False,0,0,,9.444828987121582,historical_series_model
SELECTED_FEEDBACK_COLD_START,fixed_origin_primary,风光E380,2026-05-01,7.0,8.18969440460205,False,0,0,,8.18969440460205,historical_series_model
SELECTED_FEEDBACK_COLD_START,fixed_origin_primary,风光E380,2026-06-01,4.0,7.037603855133057,False,0,0,,7.037603855133057,historical_series_model
SELECTED_FEEDBACK_COLD_START,fixed_origin_primary,飞凡F7,2026-01-01,233.0,127.5010986328125,False,1,0,,127.5010986328125,historical_series_model
SELECTED_FEEDBACK_COLD_START,fixed_origin_primary,飞凡F7,2026-02-01,0.0,110.45794677734376,False,1,0,,110.45794677734376,historical_series_model
SELECTED_FEEDBACK_COLD_START,fixed_origin_primary,飞凡F7,2026-03-01,53.0,153.08827209472656,False,1,0,,153.08827209472656,historical_series_model
SELECTED_FEEDBACK_COLD_START,fixed_origin_primary,飞凡F7,2026-04-01,262.0,138.51742553710938,False,1,0,,138.51742553710938,historical_series_model
SELECTED_FEEDBACK_COLD_START,fixed_origin_primary,飞凡F7,2026-05-01,224.0,140.51132202148438,False,1,0,,140.51132202148438,historical_series_model
SELECTED_FEEDBACK_COLD_START,fixed_origin_primary,飞凡F7,2026-06-01,190.0,155.792236328125,False,1,0,,155.792236328125,historical_series_model
SELECTED_FEEDBACK_COLD_START,fixed_origin_primary,马自达3 昂克赛拉,2026-01-01,956.0,855.197021484375,False,1,1,,855.197021484375,historical_series_model
SELECTED_FEEDBACK_COLD_START,fixed_origin_primary,马自达3 昂克赛拉,2026-02-01,666.0,731.9506225585938,False,1,1,,731.9506225585938,historical_series_model
SELECTED_FEEDBACK_COLD_START,fixed_origin_primary,马自达3 昂克赛拉,2026-03-01,684.0,913.3980102539062,False,1,1,,913.3980102539062,historical_series_model
SELECTED_FEEDBACK_COLD_START,fixed_origin_primary,马自达3 昂克赛拉,2026-04-01,423.0,810.1422119140625,False,1,1,,810.1422119140625,historical_series_model
SELECTED_FEEDBACK_COLD_START,fixed_origin_primary,马自达3 昂克赛拉,2026-05-01,464.0,823.1024780273438,False,1,1,,823.1024780273438,historical_series_model
SELECTED_FEEDBACK_COLD_START,fixed_origin_primary,马自达3 昂克赛拉,2026-06-01,390.0,903.3920288085938,False,1,1,,903.3920288085938,historical_series_model
SELECTED_FEEDBACK_COLD_START,fixed_origin_primary,马自达EZ-6,2026-01-01,1305.0,1485.3759765625,False,1,1,,1485.3759765625,historical_series_model
SELECTED_FEEDBACK_COLD_START,fixed_origin_primary,马自达EZ-6,2026-02-01,703.0,1001.8628540039062,False,1,1,,1001.8628540039062,historical_series_model
SELECTED_FEEDBACK_COLD_START,fixed_origin_primary,马自达EZ-6,2026-03-01,1287.0,1339.4827880859375,False,1,1,,1339.4827880859375,historical_series_model
SELECTED_FEEDBACK_COLD_START,fixed_origin_primary,马自达EZ-6,2026-04-01,2038.0,1217.2958984375,False,1,1,,1217.2958984375,historical_series_model
SELECTED_FEEDBACK_COLD_START,fixed_origin_primary,马自达EZ-6,2026-05-01,1833.0,1218.8084716796875,False,1,1,,1218.8084716796875,historical_series_model
SELECTED_FEEDBACK_COLD_START,fixed_origin_primary,马自达EZ-6,2026-06-01,1033.0,1287.8150634765625,False,1,1,,1287.8150634765625,historical_series_model
SELECTED_FEEDBACK_COLD_START,fixed_origin_primary,驱逐舰05,2026-01-01,42.0,7261.34521484375,False,1,1,,7261.34521484375,historical_series_model
SELECTED_FEEDBACK_COLD_START,fixed_origin_primary,驱逐舰05,2026-02-01,13.0,5995.142578125,False,1,1,,5995.142578125,historical_series_model
SELECTED_FEEDBACK_COLD_START,fixed_origin_primary,驱逐舰05,2026-03-01,41.0,7440.412109375,False,1,1,,7440.412109375,historical_series_model
SELECTED_FEEDBACK_COLD_START,fixed_origin_primary,驱逐舰05,2026-04-01,30.0,7074.45166015625,False,1,1,,7074.45166015625,historical_series_model
SELECTED_FEEDBACK_COLD_START,fixed_origin_primary,驱逐舰05,2026-05-01,2981.0,7285.29296875,False,1,1,,7285.29296875,historical_series_model
SELECTED_FEEDBACK_COLD_START,fixed_origin_primary,驱逐舰05,2026-06-01,1281.0,8287.0869140625,False,1,1,,8287.0869140625,historical_series_model
SELECTED_FEEDBACK_COLD_START,fixed_origin_primary,骐达,2026-01-01,102.0,78.84127807617188,False,0,0,,78.84127807617188,historical_series_model
SELECTED_FEEDBACK_COLD_START,fixed_origin_primary,骐达,2026-02-01,50.0,57.23768997192383,False,0,0,,57.23768997192383,historical_series_model
SELECTED_FEEDBACK_COLD_START,fixed_origin_primary,骐达,2026-03-01,141.0,91.62390899658205,False,0,0,,91.62390899658205,historical_series_model
SELECTED_FEEDBACK_COLD_START,fixed_origin_primary,骐达,2026-04-01,80.0,76.2809829711914,False,0,0,,76.2809829711914,historical_series_model
SELECTED_FEEDBACK_COLD_START,fixed_origin_primary,骐达,2026-05-01,31.0,65.82080078125,False,0,0,,65.82080078125,historical_series_model
SELECTED_FEEDBACK_COLD_START,fixed_origin_primary,骐达,2026-06-01,91.0,74.8205337524414,False,0,0,,74.8205337524414,historical_series_model
SELECTED_FEEDBACK_COLD_START,fixed_origin_primary,高尔夫,2026-01-01,1135.0,1863.7421875,False,1,1,,1863.7421875,historical_series_model
SELECTED_FEEDBACK_COLD_START,fixed_origin_primary,高尔夫,2026-02-01,756.0,1357.8267822265625,False,1,1,,1357.8267822265625,historical_series_model
SELECTED_FEEDBACK_COLD_START,fixed_origin_primary,高尔夫,2026-03-01,1508.0,1757.1749267578125,False,1,1,,1757.1749267578125,historical_series_model
SELECTED_FEEDBACK_COLD_START,fixed_origin_primary,高尔夫,2026-04-01,972.0,1579.2288818359375,False,1,1,,1579.2288818359375,historical_series_model
SELECTED_FEEDBACK_COLD_START,fixed_origin_primary,高尔夫,2026-05-01,1821.0,1623.5091552734375,False,1,1,,1623.5091552734375,historical_series_model
SELECTED_FEEDBACK_COLD_START,fixed_origin_primary,高尔夫,2026-06-01,1306.0,1642.93896484375,False,1,1,,1642.93896484375,historical_series_model
SELECTED_FEEDBACK_COLD_START,fixed_origin_primary,高尔夫GTI,2026-01-01,165.0,149.05287170410156,False,1,1,,149.05287170410156,historical_series_model
SELECTED_FEEDBACK_COLD_START,fixed_origin_primary,高尔夫GTI,2026-02-01,110.0,136.45713806152344,False,1,1,,136.45713806152344,historical_series_model
SELECTED_FEEDBACK_COLD_START,fixed_origin_primary,高尔夫GTI,2026-03-01,176.0,213.02169799804688,False,1,1,,213.02169799804688,historical_series_model
SELECTED_FEEDBACK_COLD_START,fixed_origin_primary,高尔夫GTI,2026-04-01,207.0,181.02447509765625,False,1,1,,181.02447509765625,historical_series_model
SELECTED_FEEDBACK_COLD_START,fixed_origin_primary,高尔夫GTI,2026-05-01,178.0,211.7605743408203,False,1,1,,211.7605743408203,historical_series_model
SELECTED_FEEDBACK_COLD_START,fixed_origin_primary,高尔夫GTI,2026-06-01,146.0,214.7413330078125,False,1,1,,214.7413330078125,historical_series_model
SELECTED_FEEDBACK_COLD_START,fixed_origin_primary,魏牌 高山,2026-01-01,6707.0,7776.03173828125,False,0,0,,7776.03173828125,historical_series_model
SELECTED_FEEDBACK_COLD_START,fixed_origin_primary,魏牌 高山,2026-02-01,4369.0,5686.22119140625,False,0,0,,5686.22119140625,historical_series_model
SELECTED_FEEDBACK_COLD_START,fixed_origin_primary,魏牌 高山,2026-03-01,6447.0,6367.3955078125,False,0,0,,6367.3955078125,historical_series_model
SELECTED_FEEDBACK_COLD_START,fixed_origin_primary,魏牌 高山,2026-04-01,6122.0,5820.86181640625,False,0,0,,5820.86181640625,historical_series_model
SELECTED_FEEDBACK_COLD_START,fixed_origin_primary,魏牌 高山,2026-05-01,5662.0,5975.75439453125,False,0,0,,5975.75439453125,historical_series_model
SELECTED_FEEDBACK_COLD_START,fixed_origin_primary,魏牌 高山,2026-06-01,4920.0,6417.75341796875,False,0,0,,6417.75341796875,historical_series_model
