MAE,RMSE,MAPE,WMAPE,version,scenario,series_name,test_months,actual_volume
1444.68359375,1540.315884414341,46.77543405101219,35.67560424126435,ALL_SENTIMENT_FIXED,fixed_origin_primary,AION RT,6,24297.0
1331.4249674479167,1471.734451005458,153.47992512256982,60.41404979722832,ALL_SENTIMENT_FIXED,fixed_origin_primary,AION S,6,13223.0
1316.6124674479167,1373.0319651922578,82.75605535682251,67.08853337314224,ALL_SENTIMENT_FIXED,fixed_origin_primary,AION UT,6,11775.0
191.0753402709961,198.1858926660965,286.2809997170167,235.41109684311633,ALL_SENTIMENT_FIXED,fixed_origin_primary,EO 羿欧,6,487.0
0.08618520945310593,0.08947920545385649,,,ALL_SENTIMENT_FIXED,fixed_origin_primary,EVOS,6,0.0
500.83604939778644,580.3950750012665,148.53851854286165,88.25304835203286,ALL_SENTIMENT_FIXED,fixed_origin_primary,ID.4 CROZZ,6,3405.0
66.45163599650066,72.47592779223956,182.48657816991252,70.94480711370176,ALL_SENTIMENT_FIXED,fixed_origin_primary,ID.4 X,6,562.0
18.46511475245158,18.70028499886327,2133.810806274414,11079.068851470947,ALL_SENTIMENT_FIXED,fixed_origin_primary,ID.6 CROZZ,6,1.0
18.905306180318195,19.87772678322203,238.47784184304578,155.38607819439613,ALL_SENTIMENT_FIXED,fixed_origin_primary,IQ傲歌,6,73.0
135.72562535603842,202.44012803640874,226.12909502596986,107.57645338655621,ALL_SENTIMENT_FIXED,fixed_origin_primary,IQ锐歌,6,757.0
5125.020589192708,5638.404876283937,44.584610341371125,43.46122925551744,ALL_SENTIMENT_FIXED,fixed_origin_primary,MG4,6,70753.0
17.369078636169434,20.219714050600906,230.4311148325602,91.41620334826017,ALL_SENTIMENT_FIXED,fixed_origin_primary,MG6,6,114.0
467.71204630533856,498.25583981313997,64.01703924260708,63.133234596896095,ALL_SENTIMENT_FIXED,fixed_origin_primary,MG7,6,4445.0
4857.779459635417,6762.570259008617,185.92229546534963,43.86784979051278,ALL_SENTIMENT_FIXED,fixed_origin_primary,Model 3,6,66442.0
5941.4404296875,6631.588186348795,21.4072566750345,20.664322444178122,ALL_SENTIMENT_FIXED,fixed_origin_primary,Model Y,6,172513.0
54.21166737874349,71.84647474316048,21.134645635570237,24.310164743831162,ALL_SENTIMENT_FIXED,fixed_origin_primary,PATHFINDER探陆,6,1338.0
50.08336194356283,51.68870968605341,,,ALL_SENTIMENT_FIXED,fixed_origin_primary,Polestar 4,6,0.0
447.66259765625,584.235108615621,67.14820044694517,54.27309731132552,ALL_SENTIMENT_FIXED,fixed_origin_primary,QQ冰淇淋,6,4949.0
2013.99658203125,2415.945130945103,16.679311363660396,17.545052548403607,ALL_SENTIMENT_FIXED,fixed_origin_primary,RAV4荣放,6,68874.0
762.0624796549479,915.0478374258873,31.628593263617994,33.27541574797822,ALL_SENTIMENT_FIXED,fixed_origin_primary,T-ROC探歌,6,13741.0
343.1321207682292,402.6447320583299,42.95351230029993,33.750700403432376,ALL_SENTIMENT_FIXED,fixed_origin_primary,eπ007,6,6100.0
430.0974706013997,504.3806339100709,63.15537278356311,67.98168660717593,ALL_SENTIMENT_FIXED,fixed_origin_primary,e爱丽舍,6,3796.0
1852.6245524088542,2094.417385457295,37.27546438936967,38.39503752703922,ALL_SENTIMENT_FIXED,fixed_origin_primary,firefly萤火虫,6,28951.0
92.02578481038411,92.49414052935299,,,ALL_SENTIMENT_FIXED,fixed_origin_primary,iCAR 03,6,0.0
116.81464131673177,171.39513144247593,37.20988359169552,43.4255172181159,ALL_SENTIMENT_FIXED,fixed_origin_primary,世纪,6,1614.0
160.8483683268229,164.68128068067605,146.29133980325562,56.438023974323826,ALL_SENTIMENT_FIXED,fixed_origin_primary,东风本田S7,6,1710.0
651.3681437174479,783.4465399231879,203.85878651234907,63.73465202714754,ALL_SENTIMENT_FIXED,fixed_origin_primary,丰田bZ3,6,6132.0
461.6023763020833,509.3382196399986,71.71045751162026,51.85572472968545,ALL_SENTIMENT_FIXED,fixed_origin_primary,丰田bZ5,6,5341.0
136.8153559366862,212.66866144529635,37.12273984738974,50.08493810983021,ALL_SENTIMENT_FIXED,fixed_origin_primary,五菱佳辰,6,1639.0
47.46772321065267,48.673389917547794,,,ALL_SENTIMENT_FIXED,fixed_origin_primary,五菱宏光,6,0.0
369.26689645648,904.1836576564941,99.99045440023156,100.02715028166503,ALL_SENTIMENT_FIXED,fixed_origin_primary,五菱宏光S,6,2215.0
59.9819016456604,63.64898944271679,69.77662987546486,69.34323889671722,ALL_SENTIMENT_FIXED,fixed_origin_primary,五菱征程,6,519.0
0.15413841853539148,0.15750163550418275,,,ALL_SENTIMENT_FIXED,fixed_origin_primary,五菱星云,6,0.0
877.1591593424479,907.3616394341716,293.6428920108376,233.18364891691127,ALL_SENTIMENT_FIXED,fixed_origin_primary,五菱星光,6,2257.0
292.22259012858075,315.1254910851443,2407.1636409749144,127.23770252332977,ALL_SENTIMENT_FIXED,fixed_origin_primary,五菱星驰,6,1378.0
1.9719051321347554,2.3764387782661704,50.040361404418945,69.59665172240314,ALL_SENTIMENT_FIXED,fixed_origin_primary,亚洲狮,6,17.0
3090.7587890625,3234.6332611047974,48.51517000731921,39.98739161284932,ALL_SENTIMENT_FIXED,fixed_origin_primary,亚洲龙,6,46376.0
0.07328773786624272,0.07737107232831647,,,ALL_SENTIMENT_FIXED,fixed_origin_primary,享域,6,0.0
685.2225748697916,868.6338526215121,25.369630340514153,19.220829589615473,ALL_SENTIMENT_FIXED,fixed_origin_primary,伊兰特,6,21390.0
549.2664794921875,669.5071324296136,33.05563669114724,36.90893579295694,ALL_SENTIMENT_FIXED,fixed_origin_primary,传祺E8新能源,6,8929.0
0.0953681009511153,0.09822042003916968,,,ALL_SENTIMENT_FIXED,fixed_origin_primary,传祺GA8,6,0.0
694.5942789713541,877.3989043087589,30.47119349632183,36.170505761396676,ALL_SENTIMENT_FIXED,fixed_origin_primary,传祺M6,6,11522.0
2834.0650227864585,3059.7477569682383,54.59787276045485,58.19037073683783,ALL_SENTIMENT_FIXED,fixed_origin_primary,传祺M8,6,29222.0
1493.8165690104167,1968.5205707330317,59.83774948338784,35.63352051072437,ALL_SENTIMENT_FIXED,fixed_origin_primary,元PLUS,6,25153.0
6227.076985677083,6490.631303110982,67.25504884110669,45.19470414184408,ALL_SENTIMENT_FIXED,fixed_origin_primary,元UP,6,82670.0
32.15961710611979,36.04022780951564,11.618107480007726,9.987458728608631,ALL_SENTIMENT_FIXED,fixed_origin_primary,冠道,6,1932.0
88.99084981282552,96.2027653942173,40.57758575831842,34.80737280814557,ALL_SENTIMENT_FIXED,fixed_origin_primary,凌宝BOX,6,1534.0
6.093618710835774,7.403540077526186,63.46776988459568,61.969003839007875,ALL_SENTIMENT_FIXED,fixed_origin_primary,凌尚,6,59.0
1.874758819739024,2.001300966387056,32.1487044023745,43.26366507090055,ALL_SENTIMENT_FIXED,fixed_origin_primary,凌放HARRIER,6,26.0
757.192138671875,823.3998697513553,51.644932907273585,39.338062447235686,ALL_SENTIMENT_FIXED,fixed_origin_primary,凌渡,6,11549.0
399.75885009765625,519.6362696086014,32.12409344653061,37.47739219665527,ALL_SENTIMENT_FIXED,fixed_origin_primary,凡尔赛C5 X,6,6400.0
52.28105995555719,77.76703143973722,99.57819678109146,100.21928425985402,ALL_SENTIMENT_FIXED,fixed_origin_primary,凯威德,6,313.0
2477.9847005208335,3182.028756217875,15.247747233446397,17.292085696985378,ALL_SENTIMENT_FIXED,fixed_origin_primary,凯美瑞,6,85981.0
396.8302815755208,621.1540863525958,79.07733484535973,81.59635673245802,ALL_SENTIMENT_FIXED,fixed_origin_primary,凯翼拾月,6,2918.0
602.5423990885416,742.2949434071074,21.012012309313654,23.527621987057465,ALL_SENTIMENT_FIXED,fixed_origin_primary,凯迪拉克CT5,6,15366.0
852.0213623046875,1083.2407776149391,20.693865797993528,23.576664547470948,ALL_SENTIMENT_FIXED,fixed_origin_primary,凯迪拉克XT5,6,21683.0
45.52039082845052,48.1817992040228,60.29688346297745,50.766235124666004,ALL_SENTIMENT_FIXED,fixed_origin_primary,凯迪拉克XT6,6,538.0
0.9498401582241058,1.101271144318799,52.04191481073698,56.99040949344635,ALL_SENTIMENT_FIXED,fixed_origin_primary,别克E4,6,10.0
0.08396595964829127,0.08587384307369758,,,ALL_SENTIMENT_FIXED,fixed_origin_primary,别克GL6,6,0.0
779.2213134765625,986.4208673710947,22.174503169794672,23.789385238179285,ALL_SENTIMENT_FIXED,fixed_origin_primary,别克GL8,6,19653.0
589.6614583333334,678.2332217281042,25.27818165094012,23.314456342668862,ALL_SENTIMENT_FIXED,fixed_origin_primary,别克GL8新能源,6,15175.0
52.600128173828125,63.2908365168974,32.93802522038905,36.95559356475044,ALL_SENTIMENT_FIXED,fixed_origin_primary,勇士,6,854.0
635.6083577473959,702.626089430845,7227.476619451589,447.6115195404196,ALL_SENTIMENT_FIXED,fixed_origin_primary,北京EU5,6,852.0
25.413042704264324,32.35726083939685,19.416790155224383,22.39034599494654,ALL_SENTIMENT_FIXED,fixed_origin_primary,北京现代ix35,6,681.0
173.60051164527735,242.70442304039298,99.7952707285373,99.96190689747255,ALL_SENTIMENT_FIXED,fixed_origin_primary,博越REV,6,1042.0
1555.0697428385417,2121.7968918267816,24.61604366024152,29.688234876642642,ALL_SENTIMENT_FIXED,fixed_origin_primary,卡罗拉,6,31428.0
0.16085249682267508,0.16457831347915766,,,ALL_SENTIMENT_FIXED,fixed_origin_primary,卡罗拉双擎E+,6,0.0
3060.0537109375,3585.233688620272,32.07317218998259,27.082917507154132,ALL_SENTIMENT_FIXED,fixed_origin_primary,卡罗拉锐放,6,67793.0
1.3977458675702412,1.4111806147642614,,,ALL_SENTIMENT_FIXED,fixed_origin_primary,合创A06,6,0.0
202.3900146484375,246.50732524119215,33.723348130016454,27.8326859475275,ALL_SENTIMENT_FIXED,fixed_origin_primary,吉利ICON,6,4363.0
2309.3678181966147,2457.6775294814156,83.34457127075862,69.51390613143874,ALL_SENTIMENT_FIXED,fixed_origin_primary,吉利熊猫,6,19933.0
854.968017578125,956.4698000705305,38.2051277816124,36.07713696792144,ALL_SENTIMENT_FIXED,fixed_origin_primary,君威,6,14219.0
1308.5589599609375,1823.2519596958582,23.2551401450934,28.92482228030366,ALL_SENTIMENT_FIXED,fixed_origin_primary,君越,6,27144.0
36.537890116373696,40.88579999794767,37.076288997888106,31.864439054977062,ALL_SENTIMENT_FIXED,fixed_origin_primary,启辰D60,6,688.0
0.09272287661830585,0.0942228523675348,,,ALL_SENTIMENT_FIXED,fixed_origin_primary,启辰T60,6,0.0
1297.9943440755208,1348.527447043241,80.2037652747789,76.17337699973714,ALL_SENTIMENT_FIXED,fixed_origin_primary,唐新能源,6,10224.0
10.933458964029947,14.383951190068538,14.242353793698273,14.943224096624075,ALL_SENTIMENT_FIXED,fixed_origin_primary,嘉华,6,439.0
377.98931884765625,397.52414554285144,222.89197254115783,113.45352241550464,ALL_SENTIMENT_FIXED,fixed_origin_primary,型格,6,1999.0
245.21597317854562,308.7058400123543,98.80953678666398,98.87740853973614,ALL_SENTIMENT_FIXED,fixed_origin_primary,埃尚,6,1488.0
597.6690063476562,610.2527743031721,90.2331981983763,87.44242960463149,ALL_SENTIMENT_FIXED,fixed_origin_primary,夏,6,4101.0
292.76483154296875,367.75364254399517,30.22894323199227,32.956641449489915,ALL_SENTIMENT_FIXED,fixed_origin_primary,大众CC,6,5330.0
939.2297973632812,945.7923430651597,171.4330600632347,144.34884180788134,ALL_SENTIMENT_FIXED,fixed_origin_primary,大众ID.3,6,3904.0
131.32125600179037,142.13409917945648,405.9498815959853,211.2406262763384,ALL_SENTIMENT_FIXED,fixed_origin_primary,大家7,6,373.0
64.40043258666992,81.39060690425333,155.3758365910126,59.35523740706905,ALL_SENTIMENT_FIXED,fixed_origin_primary,大家9,6,651.0
110.46725972493489,114.50952113947915,71.06547521245369,67.63301615812341,ALL_SENTIMENT_FIXED,fixed_origin_primary,大通G10,6,980.0
94.38446044921875,114.27405546792542,33.190729770895835,37.13486968493853,ALL_SENTIMENT_FIXED,fixed_origin_primary,大通G50,6,1525.0
8.18553360303243,9.447082075107245,49.264328060865296,55.810456384312026,ALL_SENTIMENT_FIXED,fixed_origin_primary,大通G70,6,88.0
18.73305670420329,19.885346785879715,192.66000580649163,126.29026991597723,ALL_SENTIMENT_FIXED,fixed_origin_primary,大通G90,6,89.0
1204.3124186197917,1330.356533875911,27.334049963590328,26.544245506277093,ALL_SENTIMENT_FIXED,fixed_origin_primary,天籁,6,27222.0
616.3849690755209,747.0035582706397,31.949655864135956,25.04442211995073,ALL_SENTIMENT_FIXED,fixed_origin_primary,奇骏,6,14767.0
4.498261133829753,4.505533479658541,,,ALL_SENTIMENT_FIXED,fixed_origin_primary,奔奔E-Star,6,0.0
2265.9041748046875,3054.6395399202092,135.4882154280431,52.23986570154899,ALL_SENTIMENT_FIXED,fixed_origin_primary,奔腾小马,6,26025.0
624.2549641927084,639.6979348752576,5438.232304976965,288.5616167300655,ALL_SENTIMENT_FIXED,fixed_origin_primary,奔驰A级,6,1298.0
1529.1480305989583,1982.2228275651407,32.028314767046965,22.381597305866247,ALL_SENTIMENT_FIXED,fixed_origin_primary,奔驰C级,6,40993.0
1817.9957682291667,2457.6076794852115,15.931931248784895,17.816210060228666,ALL_SENTIMENT_FIXED,fixed_origin_primary,奔驰E级,6,61225.0
951.6844889322916,1163.4895177266874,494.70257739754953,93.8544860879972,ALL_SENTIMENT_FIXED,fixed_origin_primary,奔驰GLB,6,6084.0
1729.3095703125,2453.118739771604,17.639178039974727,19.74961916720597,ALL_SENTIMENT_FIXED,fixed_origin_primary,奔驰GLC,6,52537.0
324.9067128499349,327.04186314140486,121.87729581631157,115.69378499107475,ALL_SENTIMENT_FIXED,fixed_origin_primary,奔驰V级,6,1685.0
667.6852035522461,742.7388054997169,72.12375777233017,75.40205573712548,ALL_SENTIMENT_FIXED,fixed_origin_primary,奕炫,6,5313.0
905.2064717610677,947.160762087556,46.302045494019254,47.48001425444887,ALL_SENTIMENT_FIXED,fixed_origin_primary,奕跑,6,11439.0
186.84133911132812,242.78520583710193,17.562019232168762,19.07192981742036,ALL_SENTIMENT_FIXED,fixed_origin_primary,奥德赛,6,5878.0
1776.7662760416667,1996.0657510102992,29.39604212134683,31.0316052170053,ALL_SENTIMENT_FIXED,fixed_origin_primary,奥迪A3,6,34354.0
1296.7348225911458,1471.2053170588636,71.84777371160183,54.86502316865436,ALL_SENTIMENT_FIXED,fixed_origin_primary,奥迪A4L,6,14181.0
1052.9993693033855,1236.9281931442963,30.21736354395,28.48125238164501,ALL_SENTIMENT_FIXED,fixed_origin_primary,奥迪A5L,6,22183.0
226.1728719075521,275.33034056548325,21.199495245081255,16.553271913214353,ALL_SENTIMENT_FIXED,fixed_origin_primary,奥迪A5L Sportback,6,8198.0
2287.3885091145835,2529.4121641045294,25.411306863133294,23.162255167987276,ALL_SENTIMENT_FIXED,fixed_origin_primary,奥迪A6L,6,59253.0
331.1060333251953,336.1489435218767,729.3007391818442,1429.2346762238647,ALL_SENTIMENT_FIXED,fixed_origin_primary,奥迪A6L e-tron,6,139.0
166.33233133951822,181.00594142934727,46.070750988231595,42.924472603746636,ALL_SENTIMENT_FIXED,fixed_origin_primary,奥迪A7L,6,2325.0
732.1688232421875,810.6497845591914,146.39191910123304,89.23446962122942,ALL_SENTIMENT_FIXED,fixed_origin_primary,奥迪E5 Sportback,6,4923.0
130.255495707194,220.16518278880883,34.27614572092884,38.843587189024056,ALL_SENTIMENT_FIXED,fixed_origin_primary,奥迪Q2L,6,2012.0
573.0132242838541,718.8783366167933,20.659461160548812,22.844381034572258,ALL_SENTIMENT_FIXED,fixed_origin_primary,奥迪Q3,6,15050.0
31.265230814615887,35.079705320769456,32.660521719055,28.466067509513703,ALL_SENTIMENT_FIXED,fixed_origin_primary,奥迪Q3 Sportback,6,659.0
421.3107223510742,583.7363480647408,722.8068222420522,108.35252182196508,ALL_SENTIMENT_FIXED,fixed_origin_primary,奥迪Q4 e-tron,6,2333.0
84.88295873006184,84.90505166034336,,,ALL_SENTIMENT_FIXED,fixed_origin_primary,奥迪Q5 e-tron,6,0.0
1995.1162109375,2428.036227099097,25.128635770466435,23.306071034840254,ALL_SENTIMENT_FIXED,fixed_origin_primary,奥迪Q5L,6,51363.0
222.28307342529297,442.36026512220474,64.64654185673372,75.69230650123484,ALL_SENTIMENT_FIXED,fixed_origin_primary,奥迪Q5L Sportback,6,1762.0
93.94552103678386,94.5643632334956,489.68777304601,345.81173387773197,ALL_SENTIMENT_FIXED,fixed_origin_primary,奥迪Q6L Sportback e-tron,6,163.0
292.61097717285156,333.8152663496503,186.35613112835264,69.44880787330338,ALL_SENTIMENT_FIXED,fixed_origin_primary,奥迪Q6L e-tron,6,2528.0
3026.837646484375,3810.178518266584,35.65341678720878,41.775414346620316,ALL_SENTIMENT_FIXED,fixed_origin_primary,威兰达,6,43473.0
335.00787862141925,355.34943808730566,206.38837856580614,136.73790964139562,ALL_SENTIMENT_FIXED,fixed_origin_primary,威朗,6,1470.0
539.4971110026041,559.4780015803833,234.82363531355554,170.18836309230417,ALL_SENTIMENT_FIXED,fixed_origin_primary,威然,6,1902.0
240.56245930989584,245.92460404443867,87.22410795040587,77.26845588112286,ALL_SENTIMENT_FIXED,fixed_origin_primary,威霆,6,1868.0
69.0782699584961,70.70111726582695,1752.830319177537,702.4908809338585,ALL_SENTIMENT_FIXED,fixed_origin_primary,威飒,6,59.0
103.96818033854167,113.92799781291147,64.87728242249938,56.70991654829546,ALL_SENTIMENT_FIXED,fixed_origin_primary,宋L EV,6,1100.0
3981.3082682291665,4003.459678537633,2821.065688651179,1594.6495066338452,ALL_SENTIMENT_FIXED,fixed_origin_primary,宋PLUS新能源,6,1498.0
5038.198811848958,5720.960671591759,38.606316021200904,39.61990205653326,ALL_SENTIMENT_FIXED,fixed_origin_primary,宋Pro新能源,6,76298.0
6748.340494791667,8540.93206455383,94.4979936990627,55.618954887773185,ALL_SENTIMENT_FIXED,fixed_origin_primary,宏光MINIEV,6,72799.0
918.7778727213541,1123.6050445024734,18.8933651771896,20.75786887196643,ALL_SENTIMENT_FIXED,fixed_origin_primary,宝来,6,26557.0
3.7754332224527993,3.9676540515810137,228.40744124518503,133.25058432186353,ALL_SENTIMENT_FIXED,fixed_origin_primary,宝马1系,6,17.0
171.52267456054688,175.7504262896185,43.375262360025005,41.00143614993152,ALL_SENTIMENT_FIXED,fixed_origin_primary,宝马2系,6,2510.0
1277.7659505208333,1768.0627077958304,10.50663515925776,11.714025949035877,ALL_SENTIMENT_FIXED,fixed_origin_primary,宝马3系,6,65448.0
1490.4854329427083,1920.4735556916366,17.185319980466897,18.615167456248308,ALL_SENTIMENT_FIXED,fixed_origin_primary,宝马5系,6,48041.0
914.2928466796875,1005.3709939805818,24.13874384360645,24.970445082061655,ALL_SENTIMENT_FIXED,fixed_origin_primary,宝马X1,6,21969.0
3.4325849215189614,4.455727233237611,102.84385601679485,85.81462303797403,ALL_SENTIMENT_FIXED,fixed_origin_primary,宝马X2,6,24.0
1571.1108805338542,1778.5645387592883,22.925002212354144,23.613890989987787,ALL_SENTIMENT_FIXED,fixed_origin_primary,宝马X3,6,39920.0
1139.107421875,1506.3409393107702,19.676586799691012,22.681593373543954,ALL_SENTIMENT_FIXED,fixed_origin_primary,宝马X5,6,30133.0
222.73928833007812,238.3714538581493,21.888006997474204,21.06281686336436,ALL_SENTIMENT_FIXED,fixed_origin_primary,宝马i3,6,6345.0
100.66272481282552,118.71050177194749,43.53533030044153,34.67143219729926,ALL_SENTIMENT_FIXED,fixed_origin_primary,宝马i5,6,1742.0
171.6822509765625,196.77004044107704,27.68313507774219,22.209864291922703,ALL_SENTIMENT_FIXED,fixed_origin_primary,宝马iX1,6,4638.0
17.51324764887492,32.93453794328526,45.76136905390899,62.92184784026917,ALL_SENTIMENT_FIXED,fixed_origin_primary,宝马iX3,6,167.0
47.88869857788086,50.852610846147364,3383.633661507374,399.0724881490072,ALL_SENTIMENT_FIXED,fixed_origin_primary,宝骏KiWi EV,6,72.0
11151.633951822916,13092.492115406481,634.3107063617389,83.12189886570451,ALL_SENTIMENT_FIXED,fixed_origin_primary,小米SU7,6,80496.0
0.195868706330657,0.24078586486838027,,,ALL_SENTIMENT_FIXED,fixed_origin_primary,小虎FEV,6,0.0
0.038206337698890515,0.05684389052780909,,,ALL_SENTIMENT_FIXED,fixed_origin_primary,小鹏G3,6,0.0
3535.2159830729165,3659.2177454200864,42.88740037535605,34.04046716272548,ALL_SENTIMENT_FIXED,fixed_origin_primary,小鹏MONA M03,6,62312.0
0.1437427302201589,0.1464054455607284,,,ALL_SENTIMENT_FIXED,fixed_origin_primary,小鹏P5,6,0.0
470.97084554036456,518.132291825669,41.9519849182971,32.14818058296004,ALL_SENTIMENT_FIXED,fixed_origin_primary,小鹏P7,6,8790.0
799.8607177734375,941.0557931684117,21.199303293640963,23.188849568228765,ALL_SENTIMENT_FIXED,fixed_origin_primary,小鹏P7+,6,20696.0
569.0218302408854,773.4955741706731,21.301941742256524,25.623919104212796,ALL_SENTIMENT_FIXED,fixed_origin_primary,小鹏X9,6,13324.0
1773.6968587239583,2028.621283901845,34.1802134510139,33.31928976939183,ALL_SENTIMENT_FIXED,fixed_origin_primary,岚图梦想家,6,31940.0
99.26094309488933,125.52846168352117,88.26103120266934,88.62584204900831,ALL_SENTIMENT_FIXED,fixed_origin_primary,岚图追光L,6,672.0
3123.3935546875,3555.5308573574785,23.753864422137127,23.41374478776237,ALL_SENTIMENT_FIXED,fixed_origin_primary,帕萨特,6,80040.0
1116.3517354329426,1174.589861562649,1943.154016523474,191.3745832170759,ALL_SENTIMENT_FIXED,fixed_origin_primary,帕萨特新能源,6,3500.0
438.4076894124349,450.7266911297304,248.5634002445286,226.37230090142938,ALL_SENTIMENT_FIXED,fixed_origin_primary,广汽本田P7,6,1162.0
453.0212097167969,585.667534671971,28.73788494012164,32.74457605470162,ALL_SENTIMENT_FIXED,fixed_origin_primary,库斯途,6,8301.0
286.7925669352214,393.5001485341115,59.977659883003454,41.574182208536556,ALL_SENTIMENT_FIXED,fixed_origin_primary,影豹,6,4139.0
50.76033020019531,63.0310268425404,56.528461883970785,35.6629954568117,ALL_SENTIMENT_FIXED,fixed_origin_primary,微蓝6,6,854.0
598.2289225260416,693.3232857887446,35.88202043516864,29.9964360283825,ALL_SENTIMENT_FIXED,fixed_origin_primary,思域,6,11966.0
892.563720703125,1003.4175205696881,69.20654428985728,48.979168869752606,ALL_SENTIMENT_FIXED,fixed_origin_primary,悦意03,6,10934.0
459.2652943929036,465.8005817271187,309.2993000274538,277.781428060224,ALL_SENTIMENT_FIXED,fixed_origin_primary,悦意07,6,992.0
4.0844389994939165,4.453063869451443,316.77755316098535,408.44389994939166,ALL_SENTIMENT_FIXED,fixed_origin_primary,护卫舰07,6,6.0
106.13526407877605,106.28257288718918,5856.635875327914,2358.561423972801,ALL_SENTIMENT_FIXED,fixed_origin_primary,捷豹XEL,6,27.0
600.4498697916666,646.404682385279,713.3184284660247,189.3168270493957,ALL_SENTIMENT_FIXED,fixed_origin_primary,捷豹XFL,6,1903.0
961.2239176432291,1053.4013076315334,48.628385353751874,41.198253488530426,ALL_SENTIMENT_FIXED,fixed_origin_primary,捷达VA3,6,13999.0
104.48772939046223,107.1855133386816,104.76671254688041,98.41858341330824,ALL_SENTIMENT_FIXED,fixed_origin_primary,捷达VA7,6,637.0
3160.5354817708335,3586.090782782226,26.058661407570323,25.811175993446216,ALL_SENTIMENT_FIXED,fixed_origin_primary,探岳,6,73469.0
220.28426869710287,390.13518358996123,440.3452918949385,100.81659894604249,ALL_SENTIMENT_FIXED,fixed_origin_primary,探岳X,6,1311.0
18.222567399342854,20.488481945424002,1017.4160015888702,496.9791108911688,ALL_SENTIMENT_FIXED,fixed_origin_primary,探界者,6,22.0
93.69826253255208,109.12851116831553,13.530250310705885,13.123005956940068,ALL_SENTIMENT_FIXED,fixed_origin_primary,探险者,6,4284.0
116.79804992675781,154.45194340105252,20.938134501993908,22.54788608624668,ALL_SENTIMENT_FIXED,fixed_origin_primary,揽境,6,3108.0
490.8212076822917,612.083404743421,26.44230109524633,30.593468170514754,ALL_SENTIMENT_FIXED,fixed_origin_primary,揽巡,6,9626.0
0.14893613383173943,0.15154041561980816,,,ALL_SENTIMENT_FIXED,fixed_origin_primary,摩卡,6,0.0
2936.075439453125,4418.44161930287,23.936929212135226,31.159708215506495,ALL_SENTIMENT_FIXED,fixed_origin_primary,新帝豪,6,56536.0
634.8660481770834,729.1888540325589,27.50713280772864,27.33938339957296,ALL_SENTIMENT_FIXED,fixed_origin_primary,日产N6,6,13933.0
677.234873453776,707.7447195047342,61.65748823461823,54.57170616065883,ALL_SENTIMENT_FIXED,fixed_origin_primary,日产N7,6,7446.0
2035.1005116452773,2999.4939643272432,99.94202942942823,99.99674940522205,ALL_SENTIMENT_FIXED,fixed_origin_primary,日产NX8,6,12211.0
2386.9027506510415,2807.3592962106295,26.739389302903565,28.028449397029608,ALL_SENTIMENT_FIXED,fixed_origin_primary,昂科威,6,51096.0
12.360167185465494,17.12146969737071,83.76493593074977,57.046925471379204,ALL_SENTIMENT_FIXED,fixed_origin_primary,昊铂GT,6,130.0
489.4169108072917,544.9359924578654,147.93594383200107,61.20261494046999,ALL_SENTIMENT_FIXED,fixed_origin_primary,星海S7,6,4798.0
358.74732462565106,452.1535792460804,57.28175797410413,38.6650610338406,ALL_SENTIMENT_FIXED,fixed_origin_primary,星海T5,6,5567.0
178.77799479166666,238.33377146703316,34.61449718283805,43.21788754029009,ALL_SENTIMENT_FIXED,fixed_origin_primary,星海V9,6,2482.0
4084.804931640625,5548.6917955278,30.761691241145524,37.32858581696354,ALL_SENTIMENT_FIXED,fixed_origin_primary,星瑞,6,65657.0
379.4461730321248,645.351160957896,358.43872564719004,97.96372797731277,ALL_SENTIMENT_FIXED,fixed_origin_primary,星瑞L,6,2324.0
5217.142333984375,6989.230094257959,34.74654666615013,40.51939576449925,ALL_SENTIMENT_FIXED,fixed_origin_primary,星越L,6,77254.0
821.3857491811117,1479.747727808948,92.55384750551343,98.36955080013313,ALL_SENTIMENT_FIXED,fixed_origin_primary,星越L 智擎,6,5010.0
168.71129608154297,192.7212940396097,516.7785814385987,124.35722069892603,ALL_SENTIMENT_FIXED,fixed_origin_primary,星途ES,6,814.0
292.97760009765625,352.81054505931667,19.94698694527258,20.233259675252505,ALL_SENTIMENT_FIXED,fixed_origin_primary,普拉多,6,8688.0
413.07965087890625,451.6150809637334,54.95554275874838,43.62749349187533,ALL_SENTIMENT_FIXED,fixed_origin_primary,智己L6,6,5681.0
8.23446273803711,11.455080959640947,219.71900353743052,73.74145735555621,ALL_SENTIMENT_FIXED,fixed_origin_primary,智己L7,6,67.0
8.859094619750977,12.25430115402655,35.79992902314235,23.836129021751507,ALL_SENTIMENT_FIXED,fixed_origin_primary,智跑,6,223.0
509.9900665283203,515.1305456324977,536.8438800818752,602.3504722775436,ALL_SENTIMENT_FIXED,fixed_origin_primary,曹操60,6,508.0
3131.115234375,4128.974401752575,16.17485376392694,18.699737626287764,ALL_SENTIMENT_FIXED,fixed_origin_primary,朗逸,6,100465.0
1956.533203125,3307.577107967043,14.042637443787589,16.991415737309847,ALL_SENTIMENT_FIXED,fixed_origin_primary,本田CR-V,6,69089.0
1424.937728881836,1452.820906602719,69.82139181191175,70.33834943061305,ALL_SENTIMENT_FIXED,fixed_origin_primary,本田HR-V,6,12155.0
43.489306131998696,52.80806841137641,31.61137747839972,26.357155231514362,ALL_SENTIMENT_FIXED,fixed_origin_primary,本田UR-V,6,990.0
167.45405069986978,211.4327577380343,104.7377458470641,55.41777739653716,ALL_SENTIMENT_FIXED,fixed_origin_primary,本田XR-V,6,1813.0
810.6569417317709,866.7680261096328,36.70683012821407,32.4219547419719,ALL_SENTIMENT_FIXED,fixed_origin_primary,极氪001,6,15002.0
684.6694946289062,1057.9812367786421,43.56350948497275,57.97370826663051,ALL_SENTIMENT_FIXED,fixed_origin_primary,极氪009,6,7086.0
2851.916748046875,3332.8317451420044,3081.4435587732746,79.74787010430745,ALL_SENTIMENT_FIXED,fixed_origin_primary,极狐 阿尔法S5,6,21457.0
155.7069295247396,166.31241684027606,317.02092692698653,122.28292894613055,ALL_SENTIMENT_FIXED,fixed_origin_primary,极狐考拉,6,764.0
226.38447062174478,248.00102080017794,24.22837979724486,24.77305897739319,ALL_SENTIMENT_FIXED,fixed_origin_primary,林肯Z,6,5483.0
167.17499033610025,213.4900138785372,698.9088696478763,73.21532423478844,ALL_SENTIMENT_FIXED,fixed_origin_primary,枫叶60s,6,1370.0
42.061789194742836,49.526609752791224,1814.6395418361337,97.8181144063787,ALL_SENTIMENT_FIXED,fixed_origin_primary,标致4008,6,258.0
434.4745229085286,553.4891287834037,51.405798011675685,58.46259559208728,ALL_SENTIMENT_FIXED,fixed_origin_primary,标致408,6,4459.0
19.7273375193278,21.642343105753007,83.45965239994605,71.73577279755563,ALL_SENTIMENT_FIXED,fixed_origin_primary,标致408X,6,165.0
47.05311711629232,54.21114571009291,34.76349644367074,34.68288730930637,ALL_SENTIMENT_FIXED,fixed_origin_primary,标致5008,6,814.0
34.58904902140299,55.14433982282486,21.7315805508033,28.86429681897329,ALL_SENTIMENT_FIXED,fixed_origin_primary,标致508,6,719.0
1280.1146240234375,1491.054416660224,61.77041190265092,42.51224743532753,ALL_SENTIMENT_FIXED,fixed_origin_primary,格瑞维亚,6,18067.0
911.4088745117188,948.2186728853056,182.8752871795179,114.95592278894917,ALL_SENTIMENT_FIXED,fixed_origin_primary,欧拉好猫,6,4757.0
9.155423084894815,9.700880886940965,,,ALL_SENTIMENT_FIXED,fixed_origin_primary,欧拉闪电猫,6,0.0
128.18309020996094,152.13832696698654,22.227191208546557,24.509195068826184,ALL_SENTIMENT_FIXED,fixed_origin_primary,欧诺S,6,3138.0
38.817134857177734,41.342313617174206,546.8357119322237,456.6721747903263,ALL_SENTIMENT_FIXED,fixed_origin_primary,比亚迪M9,6,51.0
860.7186889648438,1180.4558393100504,109.94315758141195,43.962817177058504,ALL_SENTIMENT_FIXED,fixed_origin_primary,比亚迪e7,6,11747.0
26.287514438231785,33.10339338153197,98.58442655949227,99.1981676914407,ALL_SENTIMENT_FIXED,fixed_origin_primary,比亚迪e9,6,159.0
2932.1847330729165,3061.95561149724,113.72992153431711,101.81786213575728,ALL_SENTIMENT_FIXED,fixed_origin_primary,汉,6,17279.0
0.15406687060991922,0.15563638156353996,,,ALL_SENTIMENT_FIXED,fixed_origin_primary,江淮A5 PLUS,6,0.0
2.045455574989319,2.781429620286173,53.80852116478814,64.59333394703111,ALL_SENTIMENT_FIXED,fixed_origin_primary,江淮QX PHEV,6,19.0
0.0777152640124162,0.08047641687110337,,,ALL_SENTIMENT_FIXED,fixed_origin_primary,沃兰多,6,0.0
1.4888633290926616,1.5066380527722887,,,ALL_SENTIMENT_FIXED,fixed_origin_primary,沃尔沃C40,6,0.0
19.080504417419434,22.347309141047223,170.633067791758,98.69226422803156,ALL_SENTIMENT_FIXED,fixed_origin_primary,沃尔沃EM90,6,116.0
8.6282749325037,14.314586471031578,98.7956366509247,103.5392991900444,ALL_SENTIMENT_FIXED,fixed_origin_primary,沃尔沃ES90,6,50.0
689.1431884765625,735.2052602383294,30.5064784841057,31.407969091221986,ALL_SENTIMENT_FIXED,fixed_origin_primary,沃尔沃S60,6,13165.0
659.3180745442709,676.190410217681,116.29783531696032,68.54805834804411,ALL_SENTIMENT_FIXED,fixed_origin_primary,沃尔沃S90,6,5771.0
153.75235239664713,155.1527534450024,1121.0427736995196,649.6578270280864,ALL_SENTIMENT_FIXED,fixed_origin_primary,沃尔沃S90新能源,6,142.0
2165.2081705729165,2594.032253012724,87.4444713889003,46.42384585276408,ALL_SENTIMENT_FIXED,fixed_origin_primary,海狮05EV,6,27984.0
4091.947265625,4838.470804045482,72.3448275987166,38.804620821479375,ALL_SENTIMENT_FIXED,fixed_origin_primary,海狮06EV,6,63270.0
263.2429911295573,268.40014411938483,171.6639625479481,161.66406824742518,ALL_SENTIMENT_FIXED,fixed_origin_primary,海狮07EV,6,977.0
4019.6500651041665,4241.176043409428,43.82186420783346,34.89632976520336,ALL_SENTIMENT_FIXED,fixed_origin_primary,海豚,6,69113.0
71.49953079223633,78.17065179521926,123.48512920736229,99.53530968756797,ALL_SENTIMENT_FIXED,fixed_origin_primary,海豹,6,431.0
2531.5630696614585,2717.6184954334967,54.188860071191925,48.12705053061927,ALL_SENTIMENT_FIXED,fixed_origin_primary,海豹06DM-i,6,31561.0
1685.570556640625,2137.1162550812032,61.32862915330654,42.42563696553297,ALL_SENTIMENT_FIXED,fixed_origin_primary,海豹06EV,6,23838.0
1341.0038248697917,1678.5185854542283,67.48393080510279,63.20024310123911,ALL_SENTIMENT_FIXED,fixed_origin_primary,海豹06GT,6,12731.0
258.87157185872394,303.63033143642247,54.07833906991241,52.350166199944184,ALL_SENTIMENT_FIXED,fixed_origin_primary,海豹07DM-i,6,2967.0
312.28105995555717,441.25018106559133,99.93873027122838,100.03664494038138,ALL_SENTIMENT_FIXED,fixed_origin_primary,海豹07EV,6,1873.0
89.64776357014973,90.65727671045461,,,ALL_SENTIMENT_FIXED,fixed_origin_primary,海马8S,6,0.0
33.07006041208903,33.222084321318725,,,ALL_SENTIMENT_FIXED,fixed_origin_primary,海马INJOY,6,0.0
3946.2356770833335,4887.468953980415,59.82935734905842,42.9678142863624,ALL_SENTIMENT_FIXED,fixed_origin_primary,海鸥,6,55105.0
2811.1953125,3440.561037737357,50.684890464311614,59.38099586340433,ALL_SENTIMENT_FIXED,fixed_origin_primary,深蓝L06,6,28405.0
592.375498453776,702.3145911378257,76.59252936263,80.98092938534191,ALL_SENTIMENT_FIXED,fixed_origin_primary,深蓝L07,6,4389.0
203.52997843424478,234.95867629685966,1118.3123142365757,77.5352298797123,ALL_SENTIMENT_FIXED,fixed_origin_primary,深蓝SL03,6,1575.0
225.67080434163412,230.97229382575563,763.9635036769849,632.7218813316845,ALL_SENTIMENT_FIXED,fixed_origin_primary,灵悉L,6,214.0
3.3369264205296836,3.658400041894854,219.49641505877176,200.21558523178103,ALL_SENTIMENT_FIXED,fixed_origin_primary,焕驰,6,10.0
208.36249542236328,210.38698311208773,7219.109044057545,2118.940631413864,ALL_SENTIMENT_FIXED,fixed_origin_primary,爱跑,6,59.0
330.8130391438802,355.22498046652953,52.46028720868159,38.533842649258034,ALL_SENTIMENT_FIXED,fixed_origin_primary,狮铂拓界,6,5151.0
48.85578600565592,50.61996838743366,,,ALL_SENTIMENT_FIXED,fixed_origin_primary,猛士917,6,0.0
185.41366068522134,222.32312495018925,45.727663298972466,39.13056504084869,ALL_SENTIMENT_FIXED,fixed_origin_primary,理想MEGA,6,2843.0
187.58387247721353,219.42556018115033,28.289911342041112,24.85103190247916,ALL_SENTIMENT_FIXED,fixed_origin_primary,瑞虎3x,6,4529.0
722.888916015625,821.5359772194024,30.711161578707152,27.460167749881293,ALL_SENTIMENT_FIXED,fixed_origin_primary,瑞虎5x,6,15795.0
484.1803385416667,529.3961387026515,22.9357490325943,21.73649106808829,ALL_SENTIMENT_FIXED,fixed_origin_primary,瑞虎7,6,13365.0
2925.5320638020835,3304.8678854896248,31.569848691544216,28.62555835422782,ALL_SENTIMENT_FIXED,fixed_origin_primary,瑞虎8,6,61320.0
926.811279296875,1206.7499127759238,20.06538357189336,22.913460281763772,ALL_SENTIMENT_FIXED,fixed_origin_primary,瑞虎9,6,24269.0
82.78822199503581,108.38638041548715,42.652631781707335,51.42125589753776,ALL_SENTIMENT_FIXED,fixed_origin_primary,瑞风E3,6,966.0
122.1972147623698,145.1067625015028,40.12670842969449,33.432890495860406,ALL_SENTIMENT_FIXED,fixed_origin_primary,瑞风M3,6,2193.0
20.612619082132976,22.778808762550334,338.37697739700417,118.91895624307485,ALL_SENTIMENT_FIXED,fixed_origin_primary,瑞风RF8,6,104.0
94.96615727742513,135.32416748979455,220.02546742405693,81.51601483040784,ALL_SENTIMENT_FIXED,fixed_origin_primary,瑞风RF8新能源,6,699.0
181.73682149251303,183.36274499979228,,,ALL_SENTIMENT_FIXED,fixed_origin_primary,电动MINI ACEMAN,6,0.0
305.19334665934247,307.59777217664276,,,ALL_SENTIMENT_FIXED,fixed_origin_primary,电动MINI COOPER,6,0.0
868.5622151692709,923.2057497368899,30.441941957359457,24.83143513134619,ALL_SENTIMENT_FIXED,fixed_origin_primary,皇冠陆放,6,20987.0
3041.0773111979165,3378.6238196355034,78.18345538444603,60.420755214369684,ALL_SENTIMENT_FIXED,fixed_origin_primary,皓影,6,30199.0
49.77899678548177,57.32840400909527,127.10107706007506,73.9292031467551,ALL_SENTIMENT_FIXED,fixed_origin_primary,皓影新能源,6,404.0
16.305550893147785,18.466341564244402,135.92657395834198,55.587105317549266,ALL_SENTIMENT_FIXED,fixed_origin_primary,睿蓝8,6,176.0
483.78684488932294,601.3444457063704,62.68959362632174,77.34401996631861,ALL_SENTIMENT_FIXED,fixed_origin_primary,福瑞迪,6,3753.0
3136.6555989583335,3951.675681327806,46.92799948948619,35.043820932798305,ALL_SENTIMENT_FIXED,fixed_origin_primary,秦L,6,53704.0
9440.402994791666,10253.85181096536,107.32190623570818,82.84810070170691,ALL_SENTIMENT_FIXED,fixed_origin_primary,秦PLUS,6,68369.0
698.7549438476562,706.2603030347848,1492.4094819181653,1042.9178266382928,ALL_SENTIMENT_FIXED,fixed_origin_primary,秦新能源,6,402.0
222.76288859049478,274.5543688079545,25.28214868653454,25.521812708477537,ALL_SENTIMENT_FIXED,fixed_origin_primary,索纳塔,6,5237.0
9.45547882715861,9.610772558291558,,,ALL_SENTIMENT_FIXED,fixed_origin_primary,红旗E-HS9,6,0.0
1631.0572509765625,1689.4164613697242,67.9162273176076,59.58200003567352,ALL_SENTIMENT_FIXED,fixed_origin_primary,红旗E-QM5,6,16425.0
132.9133504231771,145.7931973100398,311.06426106155334,112.47956312257581,ALL_SENTIMENT_FIXED,fixed_origin_primary,红旗EH7,6,709.0
2832.5904947916665,3150.3373028267483,33.96607520262309,31.54156778343819,ALL_SENTIMENT_FIXED,fixed_origin_primary,红旗H5,6,53883.0
228.0202433268229,303.2146760597584,45.200859175587,28.127497120907428,ALL_SENTIMENT_FIXED,fixed_origin_primary,红旗H5 PHEV,6,4864.0
122.92777506510417,150.09302688639366,12.257951647290922,12.718859292819884,ALL_SENTIMENT_FIXED,fixed_origin_primary,红旗H6,6,5799.0
115.34828694661458,120.1833864713818,26.82066145572815,26.057594942759323,ALL_SENTIMENT_FIXED,fixed_origin_primary,红旗H9,6,2656.0
61.63126881917318,63.70594607114834,252.51268142588378,192.5977150599162,ALL_SENTIMENT_FIXED,fixed_origin_primary,红旗HQ9,6,192.0
117.6685078938802,149.86998168526787,21.72694105701743,17.815065540330085,ALL_SENTIMENT_FIXED,fixed_origin_primary,红旗HS3,6,3963.0
710.5240681966146,797.8371003925336,64.45047944350912,54.845547525790394,ALL_SENTIMENT_FIXED,fixed_origin_primary,红旗HS3 PHEV,6,7773.0
605.3874104817709,664.0282726284449,15.421956471125977,15.357367084773484,ALL_SENTIMENT_FIXED,fixed_origin_primary,红旗HS5,6,23652.0
523.2871704101562,526.8673544128062,909.0140624245992,676.6644444958918,ALL_SENTIMENT_FIXED,fixed_origin_primary,红旗HS7 PHEV,6,464.0
1.5801015694936116,1.8259948823669219,39.43725652164883,36.463882372929504,ALL_SENTIMENT_FIXED,fixed_origin_primary,红旗国耀,6,26.0
112.3140360514323,134.77408650874457,85.47646130160219,36.38683673372537,ALL_SENTIMENT_FIXED,fixed_origin_primary,红旗天工05,6,1852.0
36.32569249471029,45.8335089584273,91.70996980455531,47.0743315266224,ALL_SENTIMENT_FIXED,fixed_origin_primary,红旗天工06,6,463.0
156.04422251383463,168.72461989489128,444.19708920330805,203.5359424093495,ALL_SENTIMENT_FIXED,fixed_origin_primary,红旗天工08,6,460.0
1091.6203206380208,1575.2056056246058,38.614157674941715,48.73667626927692,ALL_SENTIMENT_FIXED,fixed_origin_primary,纳米01,6,13439.0
162.8956553141276,243.650789186612,24.45188321484583,31.784518110073677,ALL_SENTIMENT_FIXED,fixed_origin_primary,缤智,6,3075.0
465.9617869059245,711.0926671989778,41.76390412416567,63.932557087481065,ALL_SENTIMENT_FIXED,fixed_origin_primary,缤瑞,6,4373.0
3167.174560546875,3645.379551099001,26.411847176017062,28.636729551803448,ALL_SENTIMENT_FIXED,fixed_origin_primary,缤越,6,66359.0
54.574025889237724,92.95039441323974,97.8183378116581,99.52709888614783,ALL_SENTIMENT_FIXED,fixed_origin_primary,羿驰05,6,329.0
67.32813262939453,81.9577893306825,51.74779288992143,43.25147706385087,ALL_SENTIMENT_FIXED,fixed_origin_primary,胜达,6,934.0
1471.0594075520833,1826.049432657282,31.707260165890737,31.270305552726207,ALL_SENTIMENT_FIXED,fixed_origin_primary,腾势D9,6,28226.0
69.2623519897461,92.38563193417197,20.158026643819678,23.89730373424247,ALL_SENTIMENT_FIXED,fixed_origin_primary,艾力绅,6,1739.0
228.263427734375,288.0615442927985,14.639708143669708,16.261939757851458,ALL_SENTIMENT_FIXED,fixed_origin_primary,艾瑞泽5,6,8422.0
3199.1212565104165,3398.173860981745,46.41117424042005,38.09233486616888,ALL_SENTIMENT_FIXED,fixed_origin_primary,艾瑞泽8,6,50390.0
1092.8471272786458,1220.9855993674505,47.25996322293267,40.78295038979895,ALL_SENTIMENT_FIXED,fixed_origin_primary,英仕派,6,16078.0
84.90564346313477,85.19657609504878,728.2717207499913,670.307711551064,ALL_SENTIMENT_FIXED,fixed_origin_primary,荣威D5X DMH,6,76.0
541.9919637044271,737.1452999025121,192.94718526958593,40.15250996699052,ALL_SENTIMENT_FIXED,fixed_origin_primary,荣威D6,6,8099.0
174.51122538248697,213.58569648704466,40.21732413110595,28.375809005282438,ALL_SENTIMENT_FIXED,fixed_origin_primary,荣威D7,6,3690.0
0.08192859590053558,0.08565880186854359,,,ALL_SENTIMENT_FIXED,fixed_origin_primary,荣威RX3,6,0.0
1990.8430582682292,2183.153499664709,265.71303738258376,47.36531325432957,ALL_SENTIMENT_FIXED,fixed_origin_primary,荣威i5,6,25219.0
55.1964438756307,65.93486799964356,245.27104720570682,1068.318268560594,ALL_SENTIMENT_FIXED,fixed_origin_primary,荣威i6 MAX新能源,6,31.0
55.655853271484375,56.17199251311972,707.2455725477728,538.6050316595262,ALL_SENTIMENT_FIXED,fixed_origin_primary,荣威iMAX8,6,62.0
47.19439697265625,57.83306351657632,194.36229573491752,95.02227578387165,ALL_SENTIMENT_FIXED,fixed_origin_primary,荣威iMAX8新能源,6,298.0
468.05316162109375,506.0445839014682,49.22502435500966,51.33099926387429,ALL_SENTIMENT_FIXED,fixed_origin_primary,菱智,6,5471.0
721.4488932291666,820.8878732445121,41.88781100351521,34.10568357528364,ALL_SENTIMENT_FIXED,fixed_origin_primary,蒙迪欧,6,12692.0
216.64682006835938,243.0594687979254,37.65170562530895,32.43215869286817,ALL_SENTIMENT_FIXED,fixed_origin_primary,蔚来ET5,6,4008.0
728.2647298177084,862.3915588090316,43.535027295675896,36.16909509896738,ALL_SENTIMENT_FIXED,fixed_origin_primary,蔚来ET5T,6,12081.0
14.741649309794107,17.72375416215976,102.76562075351437,92.13530818621317,ALL_SENTIMENT_FIXED,fixed_origin_primary,蔚来ET7,6,96.0
46.4208132425944,80.47163888509242,99.75407152861551,100.18880555955627,ALL_SENTIMENT_FIXED,fixed_origin_primary,蔚来ET9,6,278.0
384.7450256347656,759.8569846971875,22.810805808700387,36.89420095586693,ALL_SENTIMENT_FIXED,fixed_origin_primary,豪越L,6,6257.0
482.8081868489583,571.6515286184575,45.128071525186044,33.005003088683495,ALL_SENTIMENT_FIXED,fixed_origin_primary,赛图斯,6,8777.0
2423.254638671875,2637.4771464353207,33.20401744066021,34.60556427949839,ALL_SENTIMENT_FIXED,fixed_origin_primary,赛那SIENNA,6,42015.0
62.293496449788414,67.47240182641336,385.2958748193647,154.44668541269854,ALL_SENTIMENT_FIXED,fixed_origin_primary,起亚EV5,6,242.0
605.5108846028646,666.2432659851885,59.492766332646994,63.33795864046701,ALL_SENTIMENT_FIXED,fixed_origin_primary,起亚K3,6,5736.0
135.687624613444,143.93904418970698,1441.4459128074973,411.1746200407394,ALL_SENTIMENT_FIXED,fixed_origin_primary,起亚K5凯酷,6,198.0
0.04090071345369021,0.04744988211535279,,,ALL_SENTIMENT_FIXED,fixed_origin_primary,起亚KX3傲跑,6,0.0
48.05162493387858,62.7325405341617,41.934210097577434,39.22581627255394,ALL_SENTIMENT_FIXED,fixed_origin_primary,轩度EV,6,735.0
5763.95458984375,6414.52334153791,43.130942362301546,36.35455806227596,ALL_SENTIMENT_FIXED,fixed_origin_primary,轩逸,6,95129.0
2181.3564453125,2818.3179510059053,16.735168140783806,17.047174471026104,ALL_SENTIMENT_FIXED,fixed_origin_primary,迈腾,6,76776.0
21.1133470137914,47.15009695795282,97.78114819930772,107.35600176504103,ALL_SENTIMENT_FIXED,fixed_origin_primary,迈腾PHEV,6,118.0
402.36363983154297,745.7617591608077,1775.4177157835265,106.7277559234862,ALL_SENTIMENT_FIXED,fixed_origin_primary,迈锐宝XL,6,2262.0
897.762451171875,1030.3522733892687,24.416172476420325,19.603226970781172,ALL_SENTIMENT_FIXED,fixed_origin_primary,逍客,6,27478.0
79.72134613990784,167.02806705063986,114.68199762858042,93.97408189380099,ALL_SENTIMENT_FIXED,fixed_origin_primary,途安,6,509.0
1417.5135091145833,1687.2508845895252,17.15773033470082,16.735038083285783,ALL_SENTIMENT_FIXED,fixed_origin_primary,途岳,6,50822.0
248.26029459635416,316.5127334532324,16.988558181695105,12.91005172107926,ALL_SENTIMENT_FIXED,fixed_origin_primary,途昂,6,11538.0
277.08900960286456,334.37019636625,17.88968100233905,16.339401057662776,ALL_SENTIMENT_FIXED,fixed_origin_primary,途胜L,6,10175.0
2237.8365885416665,3169.6878706704097,15.145350236951597,16.215032161014904,ALL_SENTIMENT_FIXED,fixed_origin_primary,途观L,6,82806.0
179.688596089681,194.49432377688112,8173.460819805652,213.069481529266,ALL_SENTIMENT_FIXED,fixed_origin_primary,途观L新能源,6,506.0
3827.1279296875,4540.005581610073,28.76533277683601,27.145639108327124,ALL_SENTIMENT_FIXED,fixed_origin_primary,速腾,6,84591.0
2167.4622395833335,2263.0364358039074,24.537057854220077,22.17957744226899,ALL_SENTIMENT_FIXED,fixed_origin_primary,逸动,6,58634.0
65.71447245279948,66.76787006252007,3083.1025024393784,202.19837677784454,ALL_SENTIMENT_FIXED,fixed_origin_primary,钇为3,6,195.0
2534.3773600260415,2754.348557592151,36.1574634111524,36.62571453383171,ALL_SENTIMENT_FIXED,fixed_origin_primary,铂智3X,6,41518.0
39.57795524597168,43.63525078688059,1077.2312565289594,71.31163107382285,ALL_SENTIMENT_FIXED,fixed_origin_primary,铂智4X,6,333.0
1725.1005116452773,2437.9907818813786,99.97113887882327,99.996165296799,ALL_SENTIMENT_FIXED,fixed_origin_primary,铂智7,6,10351.0
108.42742156982422,121.39735998497576,65.49466122096891,50.94475563186729,ALL_SENTIMENT_FIXED,fixed_origin_primary,银河E8,6,1277.0
225.4109090169271,375.05349013088033,34.445031889346495,52.38053656473905,ALL_SENTIMENT_FIXED,fixed_origin_primary,银河V900,6,2582.0
1255.439697265625,1391.5600470485595,75.83950164548702,49.455966014009256,ALL_SENTIMENT_FIXED,fixed_origin_primary,银河星耀6,6,15231.0
1299.6143932888906,2492.142035248207,99.95637183569478,100.00880286947984,ALL_SENTIMENT_FIXED,fixed_origin_primary,银河星耀7,6,7797.0
2581.548828125,3477.703764783698,17.078144779973627,19.700213632750398,ALL_SENTIMENT_FIXED,fixed_origin_primary,锋兰达,6,78625.0
276.5308430989583,321.30186942928145,16.74504839973468,15.654166040133502,ALL_SENTIMENT_FIXED,fixed_origin_primary,锐界L,6,10599.0
31.494425137837727,31.615790608927156,1365.8756543719578,899.8407182239351,ALL_SENTIMENT_FIXED,fixed_origin_primary,锐程PLUS,6,21.0
60.847129821777344,71.0737009509312,35.48488878040008,29.802675831074616,ALL_SENTIMENT_FIXED,fixed_origin_primary,锐际,6,1225.0
5528.890706380208,5852.715423065303,44.91593010929296,45.466604860449614,ALL_SENTIMENT_FIXED,fixed_origin_primary,长安CS75 PLUS,6,72962.0
5143.3056640625,5177.655992633665,310.4868364250208,260.9490443461441,ALL_SENTIMENT_FIXED,fixed_origin_primary,长安Lumin,6,11826.0
73.43665313720703,77.2925304339212,1268.7245993271542,265.4336860380977,ALL_SENTIMENT_FIXED,fixed_origin_primary,长安UNI-K,6,166.0
4.806456089019775,5.0035255185602,425.1223713159561,411.98195048740934,ALL_SENTIMENT_FIXED,fixed_origin_primary,长安UNI-K 智电iDD,6,7.0
15.414453824361166,17.1090200443223,381.55943744019703,90.6732577903598,ALL_SENTIMENT_FIXED,fixed_origin_primary,长安UNI-T,6,102.0
1040.458740234375,1144.9506632585283,67.45507033654775,49.49458845164711,ALL_SENTIMENT_FIXED,fixed_origin_primary,长安UNI-V,6,12613.0
1940.626953125,2650.385485103701,62.34593082853701,58.7831266091983,ALL_SENTIMENT_FIXED,fixed_origin_primary,长安UNI-Z新能源,6,19808.0
3542.6209309895835,3686.130103292517,41.97302484914271,42.29490127733504,ALL_SENTIMENT_FIXED,fixed_origin_primary,长安X5 PLUS,6,50256.0
724.7199096679688,886.2238405887116,65.21473853987881,46.73099901136822,ALL_SENTIMENT_FIXED,fixed_origin_primary,长安启源A07,6,9305.0
2005.636942545573,2027.4935484698387,,,ALL_SENTIMENT_FIXED,fixed_origin_primary,长安启源Q05经典,6,0.0
908.4322713216146,944.5786665798239,328.7055762407643,204.29511349061795,ALL_SENTIMENT_FIXED,fixed_origin_primary,长安欧尚520,6,2668.0
4427.759114583333,4859.073217026238,104.66717111968183,65.75717107868617,ALL_SENTIMENT_FIXED,fixed_origin_primary,雅阁,6,40401.0
3618.0323893229165,3823.912177990449,123.68337582440596,101.12826952360709,ALL_SENTIMENT_FIXED,fixed_origin_primary,零跑B01,6,21466.0
1557.673828125,1921.310946332213,73.71154971711533,46.627634048842545,ALL_SENTIMENT_FIXED,fixed_origin_primary,零跑Lafa5,6,20044.0
673.8903605143229,741.1711246046425,16273.370821487808,107.16517792435563,ALL_SENTIMENT_FIXED,fixed_origin_primary,零跑T03,6,3773.0
429.59759521484375,501.7467460000813,206.65063250330982,98.1563431564761,ALL_SENTIMENT_FIXED,fixed_origin_primary,雷凌,6,2626.0
779.008544921875,1247.6526595342,15.863926344680607,20.1815685212921,ALL_SENTIMENT_FIXED,fixed_origin_primary,领克03,6,23160.0
531.3004557291666,807.1950015331971,22.256128212118462,26.183184676591374,ALL_SENTIMENT_FIXED,fixed_origin_primary,领克07,6,12175.0
849.4085693359375,1131.2374565615437,24.30316653619096,28.277486633832467,ALL_SENTIMENT_FIXED,fixed_origin_primary,领克10,6,18023.0
2822.788777669271,3054.832658462841,132.91275096633314,126.82891018433146,ALL_SENTIMENT_FIXED,fixed_origin_primary,风云A9L,6,13354.0
6.014073610305786,6.867612920872762,54.050254874816595,62.214554589370195,ALL_SENTIMENT_FIXED,fixed_origin_primary,风光330,6,58.0
55.31763458251953,60.30681403476944,127.12404846514343,122.47446771037535,ALL_SENTIMENT_FIXED,fixed_origin_primary,风光380,6,271.0
24.455478032430012,24.607424576303824,1312.1048532213483,733.6643409729004,ALL_SENTIMENT_FIXED,fixed_origin_primary,风光E380,6,20.0
114.03994115193684,118.07545843842973,68.4855041162023,71.12678242324544,ALL_SENTIMENT_FIXED,fixed_origin_primary,飞凡F7,6,962.0
145.56285603841147,163.38998034209254,29.686603584446587,24.375582925773617,ALL_SENTIMENT_FIXED,fixed_origin_primary,马自达3 昂克赛拉,6,3583.0
414.04905192057294,438.7005152287618,33.11476796464792,30.299967209701638,ALL_SENTIMENT_FIXED,fixed_origin_primary,马自达EZ-6,6,8199.0
4855.087809244792,5137.447044145223,15350.846179462402,663.8679775630982,ALL_SENTIMENT_FIXED,fixed_origin_primary,驱逐舰05,6,4388.0
38.019771575927734,45.34578386135467,76.42593026505406,46.08457160718513,ALL_SENTIMENT_FIXED,fixed_origin_primary,骐达,6,495.0
483.0842692057292,548.8495051735406,46.70995601927528,38.65705008314717,ALL_SENTIMENT_FIXED,fixed_origin_primary,高尔夫,6,7498.0
37.397115071614586,48.35849524570421,25.58233989934664,22.849561143552698,ALL_SENTIMENT_FIXED,fixed_origin_primary,高尔夫GTI,6,982.0
1410.77197265625,1507.884467030946,26.43323918918428,24.73086112115435,ALL_SENTIMENT_FIXED,fixed_origin_primary,魏牌 高山,6,34227.0
1527.0461018880208,1618.6089215211352,47.238898310545174,37.70949751544686,BASE,fixed_origin_primary,AION RT,6,24297.0
1206.41748046875,1322.6972959202071,130.48157755083014,54.74177480762686,BASE,fixed_origin_primary,AION S,6,13223.0
1189.8219401041667,1268.1075673504524,75.91990957977121,60.62786955944798,BASE,fixed_origin_primary,AION UT,6,11775.0
78.17762247721355,83.32207031563426,133.7330870065256,96.3173993559099,BASE,fixed_origin_primary,EO 羿欧,6,487.0
0.21209352711836496,0.22652215111493784,,,BASE,fixed_origin_primary,EVOS,6,0.0
550.6113789876302,615.9799194556131,157.5802177753927,97.02403153967052,BASE,fixed_origin_primary,ID.4 CROZZ,6,3405.0
61.96739959716797,75.87913423898944,207.6463223784125,66.15736611797291,BASE,fixed_origin_primary,ID.4 X,6,562.0
6.272146383921306,6.382332523134883,550.1463413238525,3763.287830352783,BASE,fixed_origin_primary,ID.6 CROZZ,6,1.0
32.49267991383871,34.67109959400013,407.7543698955135,267.0631225794962,BASE,fixed_origin_primary,IQ傲歌,6,73.0
121.2683614095052,202.0880072503075,165.70790448613113,96.11759160594865,BASE,fixed_origin_primary,IQ锐歌,6,757.0
4320.433186848958,4677.628377694399,40.765915351041436,36.638162510556086,BASE,fixed_origin_primary,MG4,6,70753.0
16.587918917338055,19.33416561672398,221.62204197474887,87.30483640704239,BASE,fixed_origin_primary,MG6,6,114.0
243.16737365722656,343.70676557145197,25.0403983115145,32.823492507162186,BASE,fixed_origin_primary,MG7,6,4445.0
4733.48681640625,6572.02192350317,179.86387066405814,42.7454334584111,BASE,fixed_origin_primary,Model 3,6,66442.0
6248.480143229167,7042.5454116297415,22.202912271027976,21.7322061869975,BASE,fixed_origin_primary,Model Y,6,172513.0
56.90221913655599,66.1922958023575,27.53623676481938,25.51669019576502,BASE,fixed_origin_primary,PATHFINDER探陆,6,1338.0
69.06645520528157,70.43842195326003,,,BASE,fixed_origin_primary,Polestar 4,6,0.0
492.319086710612,660.6603190802288,64.01149647852152,59.68709881316775,BASE,fixed_origin_primary,QQ冰淇淋,6,4949.0
1950.8059895833333,2468.9371245492193,15.874835175185172,16.994563895664548,BASE,fixed_origin_primary,RAV4荣放,6,68874.0
678.5868123372396,853.722290885329,26.847991773672675,29.630455381874953,BASE,fixed_origin_primary,T-ROC探歌,6,13741.0
320.3855692545573,373.94416105663424,40.71332898004445,31.51333468077613,BASE,fixed_origin_primary,eπ007,6,6100.0
432.82212320963544,507.105842666764,61.98375753536506,68.41234824177587,BASE,fixed_origin_primary,e爱丽舍,6,3796.0
1929.3621419270833,2122.3453933665364,39.632684122939594,39.985398955346966,BASE,fixed_origin_primary,firefly萤火虫,6,28951.0
68.41476058959961,68.67172828278419,,,BASE,fixed_origin_primary,iCAR 03,6,0.0
105.16161855061848,151.9063074220076,33.78980566238507,39.093538494653714,BASE,fixed_origin_primary,世纪,6,1614.0
149.38026428222656,157.8240732988669,136.79742228481757,52.414127818325106,BASE,fixed_origin_primary,东风本田S7,6,1710.0
604.5236002604166,723.8819433464664,187.0740480310388,59.15103720747717,BASE,fixed_origin_primary,丰田bZ3,6,6132.0
455.9027913411458,495.7292748781844,72.73931841000349,51.215441828250796,BASE,fixed_origin_primary,丰田bZ5,6,5341.0
123.07795715332031,207.8257788857944,31.553953135729074,45.05599407687137,BASE,fixed_origin_primary,五菱佳辰,6,1639.0
58.325588862101235,61.618609211763655,,,BASE,fixed_origin_primary,五菱宏光,6,0.0
369.2491929009557,904.1967030241399,99.99189741589953,100.02235473615053,BASE,fixed_origin_primary,五菱宏光S,6,2215.0
51.978675524393715,56.518388513359916,60.134589217744825,60.090954363460945,BASE,fixed_origin_primary,五菱征程,6,519.0
0.2993355443080266,0.3014860947784288,,,BASE,fixed_origin_primary,五菱星云,6,0.0
778.4529724121094,800.1744828517111,254.1415154049684,206.9436346687043,BASE,fixed_origin_primary,五菱星光,6,2257.0
302.8844935099284,326.06059684694304,2502.070686545084,131.88004071549858,BASE,fixed_origin_primary,五菱星驰,6,1378.0
1.9853146076202393,2.159851866555908,61.747743964195244,70.06992732777316,BASE,fixed_origin_primary,亚洲狮,6,17.0
3076.9081217447915,3263.439138197464,48.14596080381876,39.80819546849394,BASE,fixed_origin_primary,亚洲龙,6,46376.0
0.14877611647049585,0.15211224127072423,,,BASE,fixed_origin_primary,享域,6,0.0
696.3931070963541,819.0941727977179,24.455999515165228,19.53416850200152,BASE,fixed_origin_primary,伊兰特,6,21390.0
318.11705525716144,439.43165056436095,21.316467541996623,21.376440044159132,BASE,fixed_origin_primary,传祺E8新能源,6,8929.0
0.23086763421694437,0.24211984790571625,,,BASE,fixed_origin_primary,传祺GA8,6,0.0
682.9950968424479,850.4935439736905,30.622710161576265,35.56648655662808,BASE,fixed_origin_primary,传祺M6,6,11522.0
2488.3087361653647,2794.614255388228,46.2450830139342,51.09113824170895,BASE,fixed_origin_primary,传祺M8,6,29222.0
1667.0884602864583,2138.2736998639643,65.67318194631049,39.76675053360931,BASE,fixed_origin_primary,元PLUS,6,25153.0
5719.070475260417,6050.035406471152,63.389821751675434,41.507708783794,BASE,fixed_origin_primary,元UP,6,82670.0
35.03172810872396,40.331882722687354,12.740684171833971,10.879418667305577,BASE,fixed_origin_primary,冠道,6,1932.0
77.68984731038411,92.29179179642446,43.844460042249466,30.387163224400567,BASE,fixed_origin_primary,凌宝BOX,6,1534.0
25.71482499440511,27.457905246892764,446.4230729645374,261.50669485835704,BASE,fixed_origin_primary,凌尚,6,59.0
3.5087953011194863,3.8553563848820174,57.57419015422012,80.97219925660355,BASE,fixed_origin_primary,凌放HARRIER,6,26.0
623.8708699544271,655.1950587749227,39.97112457249212,32.41168256755184,BASE,fixed_origin_primary,凌渡,6,11549.0
429.26183064778644,546.7542828304299,34.43070067805017,40.24329662322998,BASE,fixed_origin_primary,凡尔赛C5 X,6,6400.0
52.16049487981945,77.993774293646,99.98088711863068,99.98816909869544,BASE,fixed_origin_primary,凯威德,6,313.0
2233.4108072916665,2792.866160990128,13.95833030621732,15.585379146264872,BASE,fixed_origin_primary,凯美瑞,6,85981.0
371.8715337117513,569.5936812772297,81.8463427386454,76.46433181187484,BASE,fixed_origin_primary,凯翼拾月,6,2918.0
499.64556884765625,794.9816952935728,14.278871795673046,19.509784023727303,BASE,fixed_origin_primary,凯迪拉克CT5,6,15366.0
912.3687337239584,1068.2770671667463,22.98853079617489,25.24656367819836,BASE,fixed_origin_primary,凯迪拉克XT5,6,21683.0
54.87543614705404,61.76442914662945,73.74295514980354,61.199371167718255,BASE,fixed_origin_primary,凯迪拉克XT6,6,538.0
0.7970977425575256,1.1032340511156533,66.64462784926096,47.82586455345154,BASE,fixed_origin_primary,别克E4,6,10.0
0.24404165148735046,0.24429902126657993,,,BASE,fixed_origin_primary,别克GL6,6,0.0
874.4948323567709,996.915313711941,25.2492978596983,26.69805624658131,BASE,fixed_origin_primary,别克GL8,6,19653.0
703.227783203125,743.4681421252864,30.27285613373783,27.804722894357496,BASE,fixed_origin_primary,别克GL8新能源,6,15175.0
47.48112233479818,57.934440383068335,29.328830890574626,33.359102342949534,BASE,fixed_origin_primary,勇士,6,854.0
652.0465393066406,721.7848936618816,7471.723170500448,459.1877037370709,BASE,fixed_origin_primary,北京EU5,6,852.0
25.31469217936198,29.237150547864054,22.139568071833967,22.30369355009866,BASE,fixed_origin_primary,北京现代ix35,6,681.0
173.65513240514943,243.0112229606888,99.99147303164153,99.99335839068107,BASE,fixed_origin_primary,博越REV,6,1042.0
1619.3627115885417,2153.289774326739,26.02377527119214,30.91566841520698,BASE,fixed_origin_primary,卡罗拉,6,31428.0
0.10899996633330981,0.11061216787135318,,,BASE,fixed_origin_primary,卡罗拉双擎E+,6,0.0
3055.40771484375,3554.2366241177583,31.397018454152864,27.04179825212411,BASE,fixed_origin_primary,卡罗拉锐放,6,67793.0
3.61725119749705,3.6832290832423777,,,BASE,fixed_origin_primary,合创A06,6,0.0
221.01974487304688,265.1297558696597,38.152354658807084,30.394647472800397,BASE,fixed_origin_primary,吉利ICON,6,4363.0
2349.2342529296875,2640.6348464647504,88.05973119736738,70.71391921726847,BASE,fixed_origin_primary,吉利熊猫,6,19933.0
747.1436767578125,917.8699659755329,29.256590929240406,31.527266759595435,BASE,fixed_origin_primary,君威,6,14219.0
1337.6915283203125,1787.5214192651874,24.63024208593846,29.568778256417165,BASE,fixed_origin_primary,君越,6,27144.0
56.16547139485677,64.05555633467996,57.15642511897858,48.98151575132858,BASE,fixed_origin_primary,启辰D60,6,688.0
0.2246703157822291,0.22846891900269842,,,BASE,fixed_origin_primary,启辰T60,6,0.0
1571.5757649739583,1611.2487849891645,95.30011466934701,92.22862470504451,BASE,fixed_origin_primary,唐新能源,6,10224.0
14.923687616984049,18.344990891221396,19.96395693488948,20.396839567631957,BASE,fixed_origin_primary,嘉华,6,439.0
377.2316589355469,390.3738758258541,216.8346566654821,113.22611073603208,BASE,fixed_origin_primary,型格,6,1999.0
247.98846573848277,312.6889092484146,99.9949982659034,99.9953490880979,BASE,fixed_origin_primary,埃尚,6,1488.0
536.6767985026041,551.9994494555526,81.46238654823583,78.51891711815716,BASE,fixed_origin_primary,夏,6,4101.0
247.65709431966147,372.9106882680631,22.706712372553735,27.87884739058103,BASE,fixed_origin_primary,大众CC,6,5330.0
743.8823445638021,759.631211709535,137.66352702374618,114.32618000468268,BASE,fixed_origin_primary,大众ID.3,6,3904.0
133.12464650472006,143.4260809445744,407.1877135398075,214.14152252769983,BASE,fixed_origin_primary,大家7,6,373.0
78.10960133870442,86.20365697909429,184.55888689968697,71.99041598037275,BASE,fixed_origin_primary,大家9,6,651.0
13.444564819335938,16.932897195728504,8.697514419982717,8.231366215919962,BASE,fixed_origin_primary,大通G10,6,980.0
72.96962992350261,85.24849422046246,31.423398802951862,28.70936259285348,BASE,fixed_origin_primary,大通G50,6,1525.0
8.52429978052775,10.06319034131784,51.99872539648346,58.120225776325576,BASE,fixed_origin_primary,大通G70,6,88.0
19.499733924865723,21.159438279691532,201.3903283918994,131.4588803923532,BASE,fixed_origin_primary,大通G90,6,89.0
1117.1180419921875,1279.6928597011236,26.023280563648242,24.622394577742725,BASE,fixed_origin_primary,天籁,6,27222.0
624.2552897135416,719.5159468961956,30.972948650991906,25.36420219598598,BASE,fixed_origin_primary,奇骏,6,14767.0
3.2965327898661294,3.492177540766204,,,BASE,fixed_origin_primary,奔奔E-Star,6,0.0
2910.079549153646,3242.2335432699742,138.45366876609899,67.09117116204371,BASE,fixed_origin_primary,奔腾小马,6,26025.0
627.0469868977865,639.0315932784341,5319.929413120477,289.8522281499783,BASE,fixed_origin_primary,奔驰A级,6,1298.0
1599.72412109375,2051.4981168353743,34.105939370049704,23.414594507751325,BASE,fixed_origin_primary,奔驰C级,6,40993.0
1757.6682942708333,2463.9047046703704,15.294328499530788,17.225005742139647,BASE,fixed_origin_primary,奔驰E级,6,61225.0
945.2449747721354,1164.8335142117908,493.8586748607735,93.21942551993446,BASE,fixed_origin_primary,奔驰GLB,6,6084.0
1615.5331217447917,2656.6271723113805,15.23699889685209,18.45023265597341,BASE,fixed_origin_primary,奔驰GLC,6,52537.0
316.84849039713544,320.14167917969627,120.438256392633,112.824388271977,BASE,fixed_origin_primary,奔驰V级,6,1685.0
656.9102910359701,725.3089995632611,71.40898555364342,74.18523896510108,BASE,fixed_origin_primary,奕炫,6,5313.0
912.4002685546875,955.695821774352,46.65867611388907,47.85734427247246,BASE,fixed_origin_primary,奕跑,6,11439.0
186.70560709635416,253.45782287244305,17.590887553386505,19.058074899253572,BASE,fixed_origin_primary,奥德赛,6,5878.0
1823.0417073567708,2034.6600742630321,30.240056411854443,31.83981557938122,BASE,fixed_origin_primary,奥迪A3,6,34354.0
1581.79345703125,1771.6370599259476,85.83753617464,66.92589198355194,BASE,fixed_origin_primary,奥迪A4L,6,14181.0
478.1659342447917,571.7950347868173,14.747376761118375,12.933307512368705,BASE,fixed_origin_primary,奥迪A5L,6,22183.0
323.95436604817706,410.2040588031345,31.098098057287054,23.709760872030525,BASE,fixed_origin_primary,奥迪A5L Sportback,6,8198.0
2248.9052734375,2528.2240115571162,25.113111659562794,22.772571246392587,BASE,fixed_origin_primary,奥迪A6L,6,59253.0
326.8994547526042,333.9834871397203,682.500039587663,1411.0767831047663,BASE,fixed_origin_primary,奥迪A6L e-tron,6,139.0
173.57510884602866,183.84384295720463,48.95506846089182,44.793576476394485,BASE,fixed_origin_primary,奥迪A7L,6,2325.0
715.8714701334635,799.5218629670169,139.4184552681753,87.24819867562019,BASE,fixed_origin_primary,奥迪E5 Sportback,6,4923.0
122.30987294514973,226.67840769468452,27.477529593557108,36.47411718046215,BASE,fixed_origin_primary,奥迪Q2L,6,2012.0
546.3336791992188,692.9332195809914,19.541192836622155,21.78074468568314,BASE,fixed_origin_primary,奥迪Q3,6,15050.0
23.536331176757812,27.355633584718255,24.96872919669372,21.429133089612577,BASE,fixed_origin_primary,奥迪Q3 Sportback,6,659.0
427.8969497680664,564.6145848916709,867.9635019779139,110.04636513537926,BASE,fixed_origin_primary,奥迪Q4 e-tron,6,2333.0
105.06206893920898,105.38867259631292,,,BASE,fixed_origin_primary,奥迪Q5 e-tron,6,0.0
2068.3741861979165,2534.0972857224206,26.23926117619433,24.16183851641746,BASE,fixed_origin_primary,奥迪Q5L,6,51363.0
236.08533732096353,427.2229614419393,88.73542250768513,80.39228285617374,BASE,fixed_origin_primary,奥迪Q5L Sportback,6,1762.0
57.645057678222656,59.29420706173761,339.2087384067492,212.1903963615558,BASE,fixed_origin_primary,奥迪Q6L Sportback e-tron,6,163.0
295.2823537190755,341.6874042957858,184.78242813332665,70.08283711686919,BASE,fixed_origin_primary,奥迪Q6L e-tron,6,2528.0
3283.3284505208335,4099.678615409123,38.94584367120875,45.31541578249718,BASE,fixed_origin_primary,威兰达,6,43473.0
210.54903666178384,222.32570376129607,129.29994777697172,85.93838231093218,BASE,fixed_origin_primary,威朗,6,1470.0
579.2570088704427,599.0793849673463,249.01352563997256,182.73091762474533,BASE,fixed_origin_primary,威然,6,1902.0
169.76050821940103,185.34473253008915,65.66167265482673,54.52692983492538,BASE,fixed_origin_primary,威霆,6,1868.0
52.21422894795736,53.0858706842027,1346.721625706506,530.9921587927867,BASE,fixed_origin_primary,威飒,6,59.0
61.11589050292969,64.79619083263805,37.13992873588769,33.33594027432528,BASE,fixed_origin_primary,宋L EV,6,1100.0
3818.852254231771,3837.0677894858823,2778.714742836768,1529.5803421489068,BASE,fixed_origin_primary,宋PLUS新能源,6,1498.0
3094.7473958333335,3601.303399523717,25.906682789657438,24.33679044666964,BASE,fixed_origin_primary,宋Pro新能源,6,76298.0
9095.867838541666,10217.508904085758,115.39894592051255,74.96697349036387,BASE,fixed_origin_primary,宏光MINIEV,6,72799.0
929.6788736979166,1078.9572985900872,19.780400318090432,21.004154242525512,BASE,fixed_origin_primary,宝来,6,26557.0
3.791865825653076,4.238155431181626,253.23156979348923,133.8305585524615,BASE,fixed_origin_primary,宝马1系,6,17.0
68.31961059570312,77.35791166394539,17.573568805852886,16.331381018893175,BASE,fixed_origin_primary,宝马2系,6,2510.0
1338.1162109375,1768.9498471638278,11.151090909088442,12.267291996126696,BASE,fixed_origin_primary,宝马3系,6,65448.0
1407.19775390625,1977.4791087222359,15.554087840355932,17.574959978846195,BASE,fixed_origin_primary,宝马5系,6,48041.0
1000.9618733723959,1057.2213118816944,26.73544772491786,27.33748117909042,BASE,fixed_origin_primary,宝马X1,6,21969.0
4.236037810643514,5.50673866791738,131.86933335803803,105.90094526608785,BASE,fixed_origin_primary,宝马X2,6,24.0
1507.135009765625,1717.5145221463308,21.79698737101874,22.652329806096567,BASE,fixed_origin_primary,宝马X3,6,39920.0
1080.7327880859375,1448.4678816236603,18.517368744986854,21.519253736818854,BASE,fixed_origin_primary,宝马X5,6,30133.0
201.6667683919271,212.16293001382755,19.93542328526782,19.070143583160952,BASE,fixed_origin_primary,宝马i3,6,6345.0
151.1789805094401,166.2158952947571,63.46458042934305,52.07083140394033,BASE,fixed_origin_primary,宝马i5,6,1742.0
134.37057495117188,163.48986352699055,21.93758324727833,17.382998053191702,BASE,fixed_origin_primary,宝马iX1,6,4638.0
33.7181650797526,34.06807181364589,222.54530811689554,121.14310807096744,BASE,fixed_origin_primary,宝马iX3,6,167.0
57.1443297068278,61.685242830013856,3881.6533411320165,476.2027475568983,BASE,fixed_origin_primary,宝骏KiWi EV,6,72.0
10534.39404296875,11698.035090025372,802.5377669751258,78.52112435128764,BASE,fixed_origin_primary,小米SU7,6,80496.0
0.4451330800851186,0.5238049676698323,,,BASE,fixed_origin_primary,小虎FEV,6,0.0
0.29972149431705475,0.312687072393298,,,BASE,fixed_origin_primary,小鹏G3,6,0.0
3662.64599609375,3798.7870603060746,44.640913667285794,35.267486160871904,BASE,fixed_origin_primary,小鹏MONA M03,6,62312.0
0.30944057802359265,0.3189068886089931,,,BASE,fixed_origin_primary,小鹏P5,6,0.0
461.4486490885417,553.4419243843794,47.28743361915135,31.498201302972127,BASE,fixed_origin_primary,小鹏P7,6,8790.0
591.5149332682291,707.7393222665892,16.843212154355804,17.14867413804298,BASE,fixed_origin_primary,小鹏P7+,6,20696.0
507.63474527994794,738.1437932881043,20.22998985015243,22.85956523326094,BASE,fixed_origin_primary,小鹏X9,6,13324.0
1466.4740397135417,1709.5856783156714,30.305700696735254,27.548040821168595,BASE,fixed_origin_primary,岚图梦想家,6,31940.0
111.98846573848277,143.97340547134476,99.98879839897897,99.98970155221676,BASE,fixed_origin_primary,岚图追光L,6,672.0
3494.4931640625,3876.979180968811,27.261932885556057,26.19560093000375,BASE,fixed_origin_primary,帕萨特,6,80040.0
1108.1079711914062,1170.940162878369,1925.217737495918,189.96136648995537,BASE,fixed_origin_primary,帕萨特新能源,6,3500.0
346.5680898030599,353.2558184308602,192.47060607119133,178.95082089658857,BASE,fixed_origin_primary,广汽本田P7,6,1162.0
463.86826578776044,589.4296783629479,29.74853349223218,33.528606128497316,BASE,fixed_origin_primary,库斯途,6,8301.0
309.65456136067706,415.67133463377553,56.41827080510227,44.88831524919213,BASE,fixed_origin_primary,影豹,6,4139.0
49.96880086263021,62.109084792169526,47.76522125234081,35.10688585196502,BASE,fixed_origin_primary,微蓝6,6,854.0
371.8404134114583,448.5543771428214,22.005689153916485,18.644847739167226,BASE,fixed_origin_primary,思域,6,11966.0
760.698974609375,957.7892086583704,62.74795887448281,41.74313012306795,BASE,fixed_origin_primary,悦意03,6,10934.0
268.56629435221356,271.3821627302966,171.9685607205286,162.43929093883884,BASE,fixed_origin_primary,悦意07,6,992.0
8.916446685791016,9.013727373722624,715.9982681274414,891.6446685791016,BASE,fixed_origin_primary,护卫舰07,6,6.0
145.08907572428384,146.2346736285511,8410.706104951747,3224.2016827618636,BASE,fixed_origin_primary,捷豹XEL,6,27.0
545.4952799479166,575.5893699960563,613.4975420806564,171.99010402982134,BASE,fixed_origin_primary,捷豹XFL,6,1903.0
1004.4015909830729,1130.502950717473,46.777222601031085,43.048857389088056,BASE,fixed_origin_primary,捷达VA3,6,13999.0
142.2627919514974,144.24718667056493,144.46713597587194,133.99949006420476,BASE,fixed_origin_primary,捷达VA7,6,637.0
2987.791015625,3450.735135008435,24.893731948228123,24.400422074276225,BASE,fixed_origin_primary,探岳,6,73469.0
225.7304859161377,386.05333648218016,572.2503131055266,103.30914687237423,BASE,fixed_origin_primary,探岳X,6,1311.0
16.29504330952962,18.554044817353205,935.5636352147812,444.4102720780806,BASE,fixed_origin_primary,探界者,6,22.0
74.13639322916667,93.91437579023696,10.759316521285859,10.383248351423903,BASE,fixed_origin_primary,探险者,6,4284.0
92.93550109863281,125.27822435729053,17.286799953827074,17.941216428307495,BASE,fixed_origin_primary,揽境,6,3108.0
519.7134908040365,659.4380478115202,27.466058226765472,32.394358454438176,BASE,fixed_origin_primary,揽巡,6,9626.0
0.04571136871042351,0.08461987871149823,,,BASE,fixed_origin_primary,摩卡,6,0.0
3003.226318359375,4574.071798874724,24.218235843032602,31.872360814624752,BASE,fixed_origin_primary,新帝豪,6,56536.0
1007.4271240234375,1170.1142494082803,42.782267242744716,43.3830671365867,BASE,fixed_origin_primary,日产N6,6,13933.0
689.5946655273438,755.4434917987763,70.88731989883138,55.56766039704624,BASE,fixed_origin_primary,日产N7,6,7446.0
2035.1551324051495,2999.715977948031,99.99818303027513,99.99943325223893,BASE,fixed_origin_primary,日产NX8,6,12211.0
2471.2848307291665,2885.3479662763575,27.922654880348645,29.019314592874196,BASE,fixed_origin_primary,昂科威,6,51096.0
40.499423344930015,40.89494007113313,214.50986809002072,186.92041543813852,BASE,fixed_origin_primary,昊铂GT,6,130.0
482.29799397786456,539.1244401506834,138.31526777532932,60.312379405318616,BASE,fixed_origin_primary,星海S7,6,4798.0
411.95009358723956,532.888657734636,55.100544585368226,44.39914786282446,BASE,fixed_origin_primary,星海T5,6,5567.0
194.68887583414713,269.4464788551122,35.583635104370764,47.06419238536997,BASE,fixed_origin_primary,星海V9,6,2482.0
4101.113362630208,5654.961578361119,30.59458282429923,37.477618800403995,BASE,fixed_origin_primary,星瑞,6,65657.0
379.29730796813965,650.7006807997884,243.22781943623818,97.9252946561462,BASE,fixed_origin_primary,星瑞L,6,2324.0
4440.589192708333,6438.551020932745,28.023358648352765,34.488227349069305,BASE,fixed_origin_primary,星越L,6,77254.0
822.9026880264282,1481.0706709587848,89.020112567838,98.55122012292553,BASE,fixed_origin_primary,星越L 智擎,6,5010.0
193.71101888020834,225.41917118247858,578.360443070467,142.78453480113635,BASE,fixed_origin_primary,星途ES,6,814.0
204.70182291666666,334.52081756999,11.047266023972087,14.136866223526704,BASE,fixed_origin_primary,普拉多,6,8688.0
308.7374267578125,364.1407001632797,45.552770125635014,32.60736772657763,BASE,fixed_origin_primary,智己L6,6,5681.0
9.0304061571757,11.882581049548099,296.4463735043917,80.86930887023016,BASE,fixed_origin_primary,智己L7,6,67.0
17.338965733846027,20.85066332879647,69.58109994552024,46.651925741289766,BASE,fixed_origin_primary,智跑,6,223.0
821.264638264974,827.1044508871726,887.9590099505953,969.9976042499692,BASE,fixed_origin_primary,曹操60,6,508.0
3885.3800455729165,4868.7141416685545,20.558415283608696,23.20437990687055,BASE,fixed_origin_primary,朗逸,6,100465.0
1945.0240885416667,3232.4841750094665,14.058811344745786,16.891465401511095,BASE,fixed_origin_primary,本田CR-V,6,69089.0
1508.4307250976562,1534.3619530313727,74.05652553158838,74.45976429934956,BASE,fixed_origin_primary,本田HR-V,6,12155.0
25.926956176757812,26.37626181389417,16.24052996196643,15.713306773792613,BASE,fixed_origin_primary,本田UR-V,6,990.0
189.05063501993814,234.98857755856653,85.94901166460525,62.56501986318968,BASE,fixed_origin_primary,本田XR-V,6,1813.0
994.8670247395834,1058.4623261885301,44.63971352212801,39.78937573948473,BASE,fixed_origin_primary,极氪001,6,15002.0
650.504872639974,945.4231623082146,48.00374705714675,55.08085289076833,BASE,fixed_origin_primary,极氪009,6,7086.0
2934.056671142578,3455.8611853543625,2935.375294437472,82.04474076923833,BASE,fixed_origin_primary,极狐 阿尔法S5,6,21457.0
295.29322814941406,317.85293897151047,596.537969554688,231.90567655713147,BASE,fixed_origin_primary,极狐考拉,6,764.0
222.90151977539062,238.012807827909,25.026777635615215,24.39192264549232,BASE,fixed_origin_primary,林肯Z,6,5483.0
146.2807388305664,191.4055696085358,652.2047269995894,64.06455715207288,BASE,fixed_origin_primary,枫叶60s,6,1370.0
33.55824979146322,40.55093472540761,1418.7126566788709,78.04244137549586,BASE,fixed_origin_primary,标致4008,6,258.0
461.87105051676434,569.7857299526705,56.1623204506074,62.149053668997226,BASE,fixed_origin_primary,标致408,6,4459.0
16.059074719746906,17.282257392619208,66.30500738234126,58.39663534453421,BASE,fixed_origin_primary,标致408X,6,165.0
45.6093864440918,58.02259758041936,31.077602780050455,33.61871236665243,BASE,fixed_origin_primary,标致5008,6,814.0
28.116680145263672,42.98040136618402,20.580027698487033,23.463154502306264,BASE,fixed_origin_primary,标致508,6,719.0
1227.5742594401042,1441.694877553697,60.18272660047308,40.76739667150399,BASE,fixed_origin_primary,格瑞维亚,6,18067.0
922.4877522786459,973.9625358927533,188.02793542729364,116.3533006868168,BASE,fixed_origin_primary,欧拉好猫,6,4757.0
15.884224573771158,15.97893160594798,,,BASE,fixed_origin_primary,欧拉闪电猫,6,0.0
188.92631022135416,210.30514041190622,34.52965487454967,36.12357748018244,BASE,fixed_origin_primary,欧诺S,6,3138.0
23.70835081736247,24.723616579582696,319.93182128994886,278.92177432191136,BASE,fixed_origin_primary,比亚迪M9,6,51.0
904.3329264322916,1216.1360695120106,112.70714165710996,46.19049594444326,BASE,fixed_origin_primary,比亚迪e7,6,11747.0
26.211759304006893,33.04120042246072,98.45876989656107,98.91229926040339,BASE,fixed_origin_primary,比亚迪e9,6,159.0
2636.9530436197915,2867.4399671848405,105.05709586564362,91.56616853821836,BASE,fixed_origin_primary,汉,6,17279.0
0.2102965364853541,0.24115394286729977,,,BASE,fixed_origin_primary,江淮A5 PLUS,6,0.0
2.3567484418551126,3.1360342234405123,57.07751920488147,74.42363500595093,BASE,fixed_origin_primary,江淮QX PHEV,6,19.0
0.16155261546373367,0.16301000690747203,,,BASE,fixed_origin_primary,沃兰多,6,0.0
8.154667059580484,8.301141591370659,,,BASE,fixed_origin_primary,沃尔沃C40,6,0.0
27.203615188598633,28.396012081216803,206.29846788600165,140.70835442378603,BASE,fixed_origin_primary,沃尔沃EM90,6,116.0
8.332524021156132,14.469106488716509,99.92624345563964,99.99028825387359,BASE,fixed_origin_primary,沃尔沃ES90,6,50.0
670.6909993489584,706.5628501906934,30.076398041943737,30.56700338848272,BASE,fixed_origin_primary,沃尔沃S60,6,13165.0
659.9922892252604,689.1905144027581,118.35153726191882,68.61815517850567,BASE,fixed_origin_primary,沃尔沃S90,6,5771.0
178.3356679280599,179.75086844509008,1283.0906911192174,753.5309912453235,BASE,fixed_origin_primary,沃尔沃S90新能源,6,142.0
2356.7476399739585,2782.4292745359094,94.89142638708223,50.530609776457084,BASE,fixed_origin_primary,海狮05EV,6,27984.0
3933.6980794270835,4691.586550241052,71.51571922859998,37.3039173013474,BASE,fixed_origin_primary,海狮06EV,6,63270.0
319.4416249593099,324.7701484823336,207.4105296681242,196.17704705791806,BASE,fixed_origin_primary,海狮07EV,6,977.0
3457.82080078125,3949.235705507852,40.10676133015579,30.018845665341544,BASE,fixed_origin_primary,海豚,6,69113.0
75.9298833211263,81.31184836266159,129.38878402235864,105.70285381131272,BASE,fixed_origin_primary,海豹,6,431.0
2347.3882649739585,2523.806731726948,50.40126617671997,44.625739329690916,BASE,fixed_origin_primary,海豹06DM-i,6,31561.0
1827.663330078125,2300.493261184174,66.90808887439724,46.00209740946703,BASE,fixed_origin_primary,海豹06EV,6,23838.0
1353.3910013834636,1677.9284422393546,68.8473975878304,63.78403902522018,BASE,fixed_origin_primary,海豹06GT,6,12731.0
178.36338806152344,196.9407969685308,49.17427209543792,36.069441468457725,BASE,fixed_origin_primary,海豹07DM-i,6,2967.0
312.16049487981945,441.50550175127574,99.99716454953213,99.99802291932284,BASE,fixed_origin_primary,海豹07EV,6,1873.0
179.3983383178711,183.530704947168,,,BASE,fixed_origin_primary,海马8S,6,0.0
24.10009225209554,24.59490440496325,,,BASE,fixed_origin_primary,海马INJOY,6,0.0
4001.07177734375,4779.286947780096,59.109486694590395,43.564886424212865,BASE,fixed_origin_primary,海鸥,6,55105.0
3030.0616251627603,3672.1726890881587,55.6751675540363,64.00411811644628,BASE,fixed_origin_primary,深蓝L06,6,28405.0
548.7134908040365,676.1114251912944,67.91901708644814,75.01209717075002,BASE,fixed_origin_primary,深蓝L07,6,4389.0
190.72528839111328,216.33024566792076,1176.7643086122675,72.6572527204241,BASE,fixed_origin_primary,深蓝SL03,6,1575.0
184.8641586303711,186.46979865759553,604.2669992270459,518.3107251318816,BASE,fixed_origin_primary,灵悉L,6,214.0
1.6635512312253316,1.9046879942383423,79.7225832939148,99.8130738735199,BASE,fixed_origin_primary,焕驰,6,10.0
209.71558380126953,212.5412405187927,7124.950470417848,2132.7008522163,BASE,fixed_origin_primary,爱跑,6,59.0
256.30226643880206,290.433527231941,40.15231950266458,29.854661204286785,BASE,fixed_origin_primary,狮铂拓界,6,5151.0
8.242798566818237,8.460313078726887,,,BASE,fixed_origin_primary,猛士917,6,0.0
150.85650634765625,180.51664082188293,37.108766024046396,31.83746176876319,BASE,fixed_origin_primary,理想MEGA,6,2843.0
152.44501749674478,199.93907440113762,23.897437005690556,20.19585129124462,BASE,fixed_origin_primary,瑞虎3x,6,4529.0
672.8020426432291,778.3479542870251,27.550873705729455,25.55753248407328,BASE,fixed_origin_primary,瑞虎5x,6,15795.0
561.77783203125,633.4955871014495,25.705417187207402,25.22010469276094,BASE,fixed_origin_primary,瑞虎7,6,13365.0
3007.6700846354165,3345.2360587358507,32.928017826348196,29.42925718821347,BASE,fixed_origin_primary,瑞虎8,6,61320.0
955.7215983072916,1175.7550559901506,21.448047717931882,23.628207136032593,BASE,fixed_origin_primary,瑞虎9,6,24269.0
71.54065831502278,95.05711472914598,37.802194446710665,44.435191500014156,BASE,fixed_origin_primary,瑞风E3,6,966.0
130.44438680013022,161.33455069349512,36.4019835585301,35.68929871412591,BASE,fixed_origin_primary,瑞风M3,6,2193.0
25.441299756368,27.704245158248572,406.73062869480685,146.77672936366156,BASE,fixed_origin_primary,瑞风RF8,6,104.0
91.89930025736491,128.80983545757422,234.24102981716786,78.8835195342188,BASE,fixed_origin_primary,瑞风RF8新能源,6,699.0
186.1039276123047,188.5271857575641,,,BASE,fixed_origin_primary,电动MINI ACEMAN,6,0.0
332.04578653971356,336.80483660415365,,,BASE,fixed_origin_primary,电动MINI COOPER,6,0.0
979.7669270833334,1013.0362508405918,35.086773447499624,28.010680719016534,BASE,fixed_origin_primary,皇冠陆放,6,20987.0
2885.3920084635415,3170.607471547658,73.6776008605205,57.327567306140104,BASE,fixed_origin_primary,皓影,6,30199.0
61.05549748738607,68.46075562048343,153.56473295807635,90.67648141691001,BASE,fixed_origin_primary,皓影新能源,6,404.0
15.33347193400065,16.631137072624515,113.84284652998542,52.27319977500222,BASE,fixed_origin_primary,睿蓝8,6,176.0
441.25658416748047,553.4566939294255,59.45094700807707,70.54461777257882,BASE,fixed_origin_primary,福瑞迪,6,3753.0
3025.7711588541665,3684.82151520849,44.49666865550987,33.80498091971734,BASE,fixed_origin_primary,秦L,6,53704.0
12863.688151041666,13055.522685874968,134.3765917115575,112.8905335842999,BASE,fixed_origin_primary,秦PLUS,6,68369.0
669.0770263671875,674.5511798127144,1435.8580552840854,998.6224274137127,BASE,fixed_origin_primary,秦新能源,6,402.0
184.85147094726562,259.54272881190514,19.84862359275528,21.17832395805984,BASE,fixed_origin_primary,索纳塔,6,5237.0
9.049320220947266,9.248687609719786,,,BASE,fixed_origin_primary,红旗E-HS9,6,0.0
1630.2764892578125,1702.5708705575103,66.33255437979874,59.55347905964612,BASE,fixed_origin_primary,红旗E-QM5,6,16425.0
144.44957733154297,160.71951925234902,329.79573825439473,122.24223751611534,BASE,fixed_origin_primary,红旗EH7,6,709.0
2762.85009765625,3171.2839147257378,32.666993919647915,30.76499190085463,BASE,fixed_origin_primary,红旗H5,6,53883.0
223.60767618815103,299.0290736780757,44.623158679380985,27.58318374031468,BASE,fixed_origin_primary,红旗H5 PHEV,6,4864.0
111.2296651204427,156.34103085846465,13.60323061743737,11.508501305788174,BASE,fixed_origin_primary,红旗H6,6,5799.0
154.03980509440103,164.20192053068394,36.10172618690149,34.798148741205054,BASE,fixed_origin_primary,红旗H9,6,2656.0
86.64795049031575,91.12295229094076,344.67562860012754,270.7748452822367,BASE,fixed_origin_primary,红旗HQ9,6,192.0
126.85957845052083,163.46551535842977,24.733202921522324,19.206597797202246,BASE,fixed_origin_primary,红旗HS3,6,3963.0
730.5580647786459,816.3378820749665,65.52021580983654,56.39197721178277,BASE,fixed_origin_primary,红旗HS3 PHEV,6,7773.0
514.6618245442709,544.6576677612233,13.252159471468438,13.05585551862686,BASE,fixed_origin_primary,红旗HS5,6,23652.0
509.4217020670573,512.2573249519114,893.1164396212764,658.7349595694707,BASE,fixed_origin_primary,红旗HS7 PHEV,6,464.0
2.284455895423889,2.82580199632205,56.086288160747955,52.71821297132052,BASE,fixed_origin_primary,红旗国耀,6,26.0
106.65145619710286,123.16175997693783,88.15803928785954,34.552307623251465,BASE,fixed_origin_primary,红旗天工05,6,1852.0
56.66589101155599,63.25185552651584,122.02816406127906,73.43312010136846,BASE,fixed_origin_primary,红旗天工06,6,463.0
136.90999603271484,145.4807300507525,387.222618174725,178.57825569484544,BASE,fixed_origin_primary,红旗天工08,6,460.0
815.4733072916666,1284.6092028920498,27.63085207187152,36.40776727249051,BASE,fixed_origin_primary,纳米01,6,13439.0
237.1114018758138,302.9059542806266,40.772094728278816,46.26563939040269,BASE,fixed_origin_primary,缤智,6,3075.0
463.7222442626953,703.6581654312838,43.289392116660764,63.625279340868325,BASE,fixed_origin_primary,缤瑞,6,4373.0
3085.0555826822915,3603.056842018986,25.45519386937873,27.89423212539934,BASE,fixed_origin_primary,缤越,6,66359.0
54.909916480382286,94.51290148137919,99.46334742172269,100.13966531376708,BASE,fixed_origin_primary,羿驰05,6,329.0
78.9246203104655,92.45843539054069,54.44037022262368,50.701040884667336,BASE,fixed_origin_primary,胜达,6,934.0
1431.9022623697917,1794.4366867880422,30.084505044910255,30.437942231342557,BASE,fixed_origin_primary,腾势D9,6,28226.0
70.06263987223308,88.65474497003335,21.112438731840992,24.173423762702612,BASE,fixed_origin_primary,艾力绅,6,1739.0
283.60369873046875,380.47308467306686,17.189621939978895,20.204490529361347,BASE,fixed_origin_primary,艾瑞泽5,6,8422.0
3228.6551106770835,3428.636070758346,46.70874193326928,38.44399814261262,BASE,fixed_origin_primary,艾瑞泽8,6,50390.0
1015.750732421875,1167.792898388268,44.07274639565551,37.90586139153657,BASE,fixed_origin_primary,英仕派,6,16078.0
81.71397908528645,82.46191555062825,704.288145196501,645.11036119963,BASE,fixed_origin_primary,荣威D5X DMH,6,76.0
499.2637532552083,701.4695817952482,187.34122613855104,36.987066545638356,BASE,fixed_origin_primary,荣威D6,6,8099.0
197.9607187906901,231.99536430550805,50.40551751624621,32.188734762713835,BASE,fixed_origin_primary,荣威D7,6,3690.0
0.15242987871170044,0.15735018512427001,,,BASE,fixed_origin_primary,荣威RX3,6,0.0
1947.033447265625,2137.237360820525,245.34114277045106,46.32301313927495,BASE,fixed_origin_primary,荣威i5,6,25219.0
124.74697748819987,125.82700839209885,1444.3230626058473,2414.4576288038684,BASE,fixed_origin_primary,荣威i6 MAX新能源,6,31.0
71.26202710469563,72.47476805259072,894.3437186906044,689.6325203680223,BASE,fixed_origin_primary,荣威iMAX8,6,62.0
104.59679158528645,109.11820044038909,357.75570796458567,210.5975669502412,BASE,fixed_origin_primary,荣威iMAX8新能源,6,298.0
486.589838663737,523.4499936588954,51.45887367096316,53.36390115120493,BASE,fixed_origin_primary,菱智,6,5471.0
494.13330078125,580.544851557913,25.158472798911518,23.35959505741806,BASE,fixed_origin_primary,蒙迪欧,6,12692.0
118.1350809733073,167.1386652569236,23.393157645675288,17.684892361273548,BASE,fixed_origin_primary,蔚来ET5,6,4008.0
531.1341552734375,705.1982075393463,33.15832851923128,26.378651863592623,BASE,fixed_origin_primary,蔚来ET5T,6,12081.0
97.63422520955403,109.11733982628267,710.2441071019028,610.2139075597127,BASE,fixed_origin_primary,蔚来ET7,6,96.0
46.32723251233498,80.4817673615326,99.76054413271885,99.98683276043522,BASE,fixed_origin_primary,蔚来ET9,6,278.0
362.1519063313802,749.0211201266171,19.93879744763694,34.72768799725557,BASE,fixed_origin_primary,豪越L,6,6257.0
499.87611897786456,530.8926477858408,40.88710967353299,34.17177525199029,BASE,fixed_origin_primary,赛图斯,6,8777.0
1973.8758138020833,2204.6545595055895,26.755858277732308,28.188158711918366,BASE,fixed_origin_primary,赛那SIENNA,6,42015.0
78.95273462931316,80.08813038668396,412.8992409704332,195.75058172556982,BASE,fixed_origin_primary,起亚EV5,6,242.0
596.9281565348307,657.5319862986787,58.66851969634247,62.44018373795301,BASE,fixed_origin_primary,起亚K3,6,5736.0
113.1414082845052,118.73687636713863,1171.0164548057714,342.8527523772885,BASE,fixed_origin_primary,起亚K5凯酷,6,198.0
0.15166249622901282,0.15660043339377294,,,BASE,fixed_origin_primary,起亚KX3傲跑,6,0.0
74.54346656799316,91.35484991384676,54.08577421860684,60.85180944325973,BASE,fixed_origin_primary,轩度EV,6,735.0
6360.294270833333,6789.922507457766,47.18429124371209,40.11580656266753,BASE,fixed_origin_primary,轩逸,6,95129.0
1678.4041341145833,2584.700116658849,13.26589440207499,13.116631245034254,BASE,fixed_origin_primary,迈腾,6,76776.0
24.178507566452026,46.71115728569718,96.05703394291764,122.94156389721368,BASE,fixed_origin_primary,迈腾PHEV,6,118.0
403.6398646036784,737.4965203318051,2020.1845671373173,107.06627708320381,BASE,fixed_origin_primary,迈锐宝XL,6,2262.0
888.2242024739584,1131.835214887457,26.075619578179683,19.394953107372263,BASE,fixed_origin_primary,逍客,6,27478.0
79.40732590357463,165.49696022247966,148.6440468234046,93.6039205150192,BASE,fixed_origin_primary,途安,6,509.0
1775.1363932291667,1921.3072579527854,22.246960354235426,20.957101962486718,BASE,fixed_origin_primary,途岳,6,50822.0
291.8893229166667,379.9143222175959,19.873361741268194,15.178851945744496,BASE,fixed_origin_primary,途昂,6,11538.0
282.29722086588544,327.98708796809495,17.41361527500347,16.6465191665387,BASE,fixed_origin_primary,途胜L,6,10175.0
2256.2447916666665,3336.588370691751,15.292926533190032,16.348415271840206,BASE,fixed_origin_primary,途观L,6,82806.0
136.87430572509766,150.69502157030178,5608.076247184354,162.30154829062963,BASE,fixed_origin_primary,途观L新能源,6,506.0
4071.8642578125,4651.549336429038,29.643985321484852,28.88154241807639,BASE,fixed_origin_primary,速腾,6,84591.0
2283.10546875,2407.038527772494,25.66269239038605,23.362951210048777,BASE,fixed_origin_primary,逸动,6,58634.0
93.63027890523274,103.97360193650296,4554.290635331776,288.09316586225464,BASE,fixed_origin_primary,钇为3,6,195.0
2230.160888671875,2450.9304168416347,32.42241414616747,32.229310978446094,BASE,fixed_origin_primary,铂智3X,6,41518.0
40.693342208862305,43.95518088799345,1121.0628018575778,73.32133731326542,BASE,fixed_origin_primary,铂智4X,6,333.0
1725.1551324051495,2438.2778381412713,99.99891957172423,99.99933141175632,BASE,fixed_origin_primary,铂智7,6,10351.0
73.03973897298177,89.89385441101041,47.567902553862076,34.31781001079801,BASE,fixed_origin_primary,银河E8,6,1277.0
367.2757390340169,475.01586256616537,78.8858351742746,85.34680225422547,BASE,fixed_origin_primary,银河V900,6,2582.0
1593.513671875,1821.4592164582555,96.50258885647253,62.773829894622814,BASE,fixed_origin_primary,银河星耀6,6,15231.0
1299.4938282131527,2492.3012299160728,99.99845068167511,99.9995250644981,BASE,fixed_origin_primary,银河星耀7,6,7797.0
2293.60302734375,3201.957650231125,14.94462223083008,17.502852990858507,BASE,fixed_origin_primary,锋兰达,6,78625.0
216.20414225260416,266.65369252128846,12.590495265694523,12.239124950614446,BASE,fixed_origin_primary,锐界L,6,10599.0
37.51915009816488,37.96030507803978,1549.9233548603358,1071.975717090425,BASE,fixed_origin_primary,锐程PLUS,6,21.0
50.309407552083336,61.41655794514555,24.454571329909815,24.641342474489797,BASE,fixed_origin_primary,锐际,6,1225.0
4840.597330729167,5132.135076734298,39.03991410445906,39.806452652579424,BASE,fixed_origin_primary,长安CS75 PLUS,6,72962.0
5121.893961588542,5138.970519825426,306.5254158694506,259.86270733579613,BASE,fixed_origin_primary,长安Lumin,6,11826.0
66.77046076456706,69.4420378307941,1125.5343331918018,241.33901481168814,BASE,fixed_origin_primary,长安UNI-K,6,166.0
2.480650464693705,2.703739015310509,213.76851052045822,212.6271826880319,BASE,fixed_origin_primary,长安UNI-K 智电iDD,6,7.0
29.227591196695965,35.385089146414714,824.3937812489046,171.927007039388,BASE,fixed_origin_primary,长安UNI-T,6,102.0
781.9325764973959,840.5324501294374,49.080449761561844,37.19650724636783,BASE,fixed_origin_primary,长安UNI-V,6,12613.0
1840.5545247395833,2659.097814660135,55.988192815582224,55.75185353613439,BASE,fixed_origin_primary,长安UNI-Z新能源,6,19808.0
3441.2237955729165,3536.8298100803213,40.74776242253477,41.084333758033864,BASE,fixed_origin_primary,长安X5 PLUS,6,50256.0
775.7786458333334,903.983776243936,69.12043459169158,50.0233409457281,BASE,fixed_origin_primary,长安启源A07,6,9305.0
1924.4441935221355,1944.247708808285,,,BASE,fixed_origin_primary,长安启源Q05经典,6,0.0
869.5138346354166,908.9989863750749,322.7541237782691,195.54284137228262,BASE,fixed_origin_primary,长安欧尚520,6,2668.0
4700.57470703125,5178.956477752971,111.45885528796656,69.80878751067424,BASE,fixed_origin_primary,雅阁,6,40401.0
3874.35546875,4068.7971593507527,131.17455825402618,108.2928016980341,BASE,fixed_origin_primary,零跑B01,6,21466.0
1695.4690755208333,2016.8179844258657,79.48836539535405,50.75241694833865,BASE,fixed_origin_primary,零跑Lafa5,6,20044.0
614.5203145345052,646.5063355589523,10361.126538243689,97.72387721195417,BASE,fixed_origin_primary,零跑T03,6,3773.0
352.47385660807294,395.8140668373223,161.9104650708601,80.53477302545458,BASE,fixed_origin_primary,雷凌,6,2626.0
840.6144205729166,1276.2920565819654,17.1757647918583,21.777575662510795,BASE,fixed_origin_primary,领克03,6,23160.0
520.5702921549479,771.9496830048868,21.80636834167092,25.654388114412217,BASE,fixed_origin_primary,领克07,6,12175.0
601.1569010416666,767.709487207435,19.512839442945026,20.012991212617212,BASE,fixed_origin_primary,领克10,6,18023.0
4123.892496744792,4154.285682119638,189.11047725693643,185.287966006206,BASE,fixed_origin_primary,风云A9L,6,13354.0
6.699483891328176,7.521132686920666,61.29059468455588,69.30500577236045,BASE,fixed_origin_primary,风光330,6,58.0
8.35763168334961,9.903867253159682,21.55080131122044,18.5039815867519,BASE,fixed_origin_primary,风光380,6,271.0
19.2076473236084,19.420614036749654,1061.51880809239,576.229419708252,BASE,fixed_origin_primary,风光E380,6,20.0
96.94779586791992,100.2355506425835,62.979581356685834,60.4664007492224,BASE,fixed_origin_primary,飞凡F7,6,962.0
245.23017374674478,280.86399428324296,51.940012537342554,41.06561659169603,BASE,fixed_origin_primary,马自达3 昂克赛拉,6,3583.0
352.66396077473956,433.514483951403,24.838906464180145,25.807827352706887,BASE,fixed_origin_primary,马自达EZ-6,6,8199.0
4804.623128255208,5104.230533626395,15271.570225941763,656.9676109738207,BASE,fixed_origin_primary,驱逐舰05,6,4388.0
24.75152079264323,32.242362117351476,46.971979449442244,30.0018433850221,BASE,fixed_origin_primary,骐达,6,495.0
490.44826253255206,542.500984580695,46.93013124308419,39.24632668972143,BASE,fixed_origin_primary,高尔夫,6,7498.0
42.80016326904297,56.17160492557068,28.567683952854946,26.15081258800996,BASE,fixed_origin_primary,高尔夫GTI,6,982.0
1218.5485026041667,1461.8723470699674,23.540442517277942,21.36117981600783,BASE,fixed_origin_primary,魏牌 高山,6,34227.0
1314.517578125,1404.0646163069011,42.29037478750785,32.46123171070502,LOCAL_LEXICON_FIXED,fixed_origin_primary,AION RT,6,24297.0
1334.2164306640625,1507.9261315716858,157.028068190686,60.540713786465815,LOCAL_LEXICON_FIXED,fixed_origin_primary,AION S,6,13223.0
1292.5308024088542,1373.7237048088607,81.57343000315356,65.86144216096072,LOCAL_LEXICON_FIXED,fixed_origin_primary,AION UT,6,11775.0
76.44894663492839,82.708591888688,134.02460345670093,94.18761392393641,LOCAL_LEXICON_FIXED,fixed_origin_primary,EO 羿欧,6,487.0
0.283490315079689,0.29662974360483996,,,LOCAL_LEXICON_FIXED,fixed_origin_primary,EVOS,6,0.0
548.9191589355469,608.7920248407308,155.14380365251768,96.72584298423733,LOCAL_LEXICON_FIXED,fixed_origin_primary,ID.4 CROZZ,6,3405.0
45.804308573404946,62.875428357110664,174.77171085654305,48.90139705345724,LOCAL_LEXICON_FIXED,fixed_origin_primary,ID.4 X,6,562.0
24.58383623758952,25.731772037881935,3618.5226440429688,14750.301742553711,LOCAL_LEXICON_FIXED,fixed_origin_primary,ID.6 CROZZ,6,1.0
20.019219080607098,21.123478925304493,260.12123937912804,164.54152668992134,LOCAL_LEXICON_FIXED,fixed_origin_primary,IQ傲歌,6,73.0
121.54956944783528,205.91140990466494,161.6496652166557,96.34047776578754,LOCAL_LEXICON_FIXED,fixed_origin_primary,IQ锐歌,6,757.0
5353.350992838542,5897.0541944050565,46.0466590372498,45.39751806570923,LOCAL_LEXICON_FIXED,fixed_origin_primary,MG4,6,70753.0
17.34824848175049,21.105255205278972,240.89333799150253,91.30657095658151,LOCAL_LEXICON_FIXED,fixed_origin_primary,MG6,6,114.0
275.765869140625,358.9184681457684,31.169927362047563,37.22373936656355,LOCAL_LEXICON_FIXED,fixed_origin_primary,MG7,6,4445.0
4756.160807291667,6541.622860004902,180.16860425912452,42.9501894039162,LOCAL_LEXICON_FIXED,fixed_origin_primary,Model 3,6,66442.0
7463.3642578125,8714.897676071938,24.77224306179816,25.957571630471328,LOCAL_LEXICON_FIXED,fixed_origin_primary,Model Y,6,172513.0
56.88625844319662,67.56585598338035,27.22784091380393,25.509532934168888,LOCAL_LEXICON_FIXED,fixed_origin_primary,PATHFINDER探陆,6,1338.0
55.69523175557455,56.653815786311526,,,LOCAL_LEXICON_FIXED,fixed_origin_primary,Polestar 4,6,0.0
464.9882100423177,627.0143200457288,67.32957073989732,56.373595883085606,LOCAL_LEXICON_FIXED,fixed_origin_primary,QQ冰淇淋,6,4949.0
2015.1806640625,2525.7026550536702,16.346527071976528,17.555367750348463,LOCAL_LEXICON_FIXED,fixed_origin_primary,RAV4荣放,6,68874.0
754.5443115234375,873.8816207576785,31.495187209303417,32.94713535507332,LOCAL_LEXICON_FIXED,fixed_origin_primary,T-ROC探歌,6,13741.0
430.7300618489583,485.2746584694348,45.516507245783636,42.36689132940574,LOCAL_LEXICON_FIXED,fixed_origin_primary,eπ007,6,6100.0
418.5134785970052,496.7775337371246,61.53049181773014,66.15070789204508,LOCAL_LEXICON_FIXED,fixed_origin_primary,e爱丽舍,6,3796.0
1824.1964518229167,2052.141371703562,36.392854451170415,37.80587444626265,LOCAL_LEXICON_FIXED,fixed_origin_primary,firefly萤火虫,6,28951.0
72.32823435465495,72.64831800272937,,,LOCAL_LEXICON_FIXED,fixed_origin_primary,iCAR 03,6,0.0
107.8046366373698,162.3541569753604,33.3157956206421,40.07607309939398,LOCAL_LEXICON_FIXED,fixed_origin_primary,世纪,6,1614.0
160.12070973714194,166.98327868063308,143.48167502876353,56.182705170926994,LOCAL_LEXICON_FIXED,fixed_origin_primary,东风本田S7,6,1710.0
604.7100219726562,732.801793338437,191.45403160106628,59.16927807951626,LOCAL_LEXICON_FIXED,fixed_origin_primary,丰田bZ3,6,6132.0
459.10802205403644,494.7692440403908,73.41827438250051,51.5755126815993,LOCAL_LEXICON_FIXED,fixed_origin_primary,丰田bZ5,6,5341.0
128.79322560628256,210.49603280406205,32.856891802655056,47.14822169845609,LOCAL_LEXICON_FIXED,fixed_origin_primary,五菱佳辰,6,1639.0
41.072848637898765,41.751478956038035,,,LOCAL_LEXICON_FIXED,fixed_origin_primary,五菱宏光,6,0.0
369.28940167029697,904.1990356513666,99.9921546267602,100.03324650211205,LOCAL_LEXICON_FIXED,fixed_origin_primary,五菱宏光S,6,2215.0
60.30088885625204,64.06070518023904,70.6912410438409,69.71201023844166,LOCAL_LEXICON_FIXED,fixed_origin_primary,五菱征程,6,519.0
0.23829802374045053,0.24242065909223542,,,LOCAL_LEXICON_FIXED,fixed_origin_primary,五菱星云,6,0.0
816.5984090169271,824.7868266315241,263.1610068337893,217.084202662896,LOCAL_LEXICON_FIXED,fixed_origin_primary,五菱星光,6,2257.0
260.8963088989258,297.552740196146,1982.2629472966203,113.5978122927108,LOCAL_LEXICON_FIXED,fixed_origin_primary,五菱星驰,6,1378.0
2.2108775675296783,2.7716366697027754,71.02083244919777,78.0309729716357,LOCAL_LEXICON_FIXED,fixed_origin_primary,亚洲狮,6,17.0
3063.1341959635415,3222.6336121595364,47.51297604441651,39.62999218514156,LOCAL_LEXICON_FIXED,fixed_origin_primary,亚洲龙,6,46376.0
0.1417171210050583,0.14212890667371889,,,LOCAL_LEXICON_FIXED,fixed_origin_primary,享域,6,0.0
643.0823567708334,847.2578920003804,24.343111739295555,18.03877578599813,LOCAL_LEXICON_FIXED,fixed_origin_primary,伊兰特,6,21390.0
259.4152425130208,371.3229665645991,18.45507145352365,17.431867567231773,LOCAL_LEXICON_FIXED,fixed_origin_primary,传祺E8新能源,6,8929.0
0.14955046524604163,0.15135972725631813,,,LOCAL_LEXICON_FIXED,fixed_origin_primary,传祺GA8,6,0.0
766.3946228027344,970.5294831281376,33.33255553172403,39.90945787898287,LOCAL_LEXICON_FIXED,fixed_origin_primary,传祺M6,6,11522.0
2611.1248168945312,2864.3312871023095,49.51185492027776,53.612856414233065,LOCAL_LEXICON_FIXED,fixed_origin_primary,传祺M8,6,29222.0
1512.1165364583333,2016.8860449460255,61.03032137205058,36.07004818013756,LOCAL_LEXICON_FIXED,fixed_origin_primary,元PLUS,6,25153.0
5734.4091796875,5974.202455122218,60.63602878511601,41.619033601215676,LOCAL_LEXICON_FIXED,fixed_origin_primary,元UP,6,82670.0
46.96087646484375,50.28913501321897,16.285673868070834,14.58412312572787,LOCAL_LEXICON_FIXED,fixed_origin_primary,冠道,6,1932.0
114.90308125813802,125.51442469342796,49.4039602406366,44.94253504229649,LOCAL_LEXICON_FIXED,fixed_origin_primary,凌宝BOX,6,1534.0
17.429287274678547,18.094345963861098,275.29886279386636,177.24698923401914,LOCAL_LEXICON_FIXED,fixed_origin_primary,凌尚,6,59.0
2.2615944941838584,2.581360911085237,38.78643438671574,52.190642173473655,LOCAL_LEXICON_FIXED,fixed_origin_primary,凌放HARRIER,6,26.0
633.031005859375,675.3154127826147,41.197284290682305,32.8875749862001,LOCAL_LEXICON_FIXED,fixed_origin_primary,凌渡,6,11549.0
405.3024190266927,535.1221012799507,32.18728187126146,37.99710178375244,LOCAL_LEXICON_FIXED,fixed_origin_primary,凡尔赛C5 X,6,6400.0
33.644470850626625,40.52923497073666,28.321992691666882,64.4941933238849,LOCAL_LEXICON_FIXED,fixed_origin_primary,凯威德,6,313.0
2372.27001953125,3020.916292964382,14.610334906621233,16.554378429173305,LOCAL_LEXICON_FIXED,fixed_origin_primary,凯美瑞,6,85981.0
384.19219462076825,597.18623266853,83.55928737654989,78.99770965471588,LOCAL_LEXICON_FIXED,fixed_origin_primary,凯翼拾月,6,2918.0
503.5760091145833,821.3749361521569,14.162331082374694,19.66325689631329,LOCAL_LEXICON_FIXED,fixed_origin_primary,凯迪拉克CT5,6,15366.0
805.2649739583334,1002.6162942523375,19.78503539605871,22.282847593737028,LOCAL_LEXICON_FIXED,fixed_origin_primary,凯迪拉克XT5,6,21683.0
58.76985549926758,62.321721904113836,78.10820193236711,65.54258977613485,LOCAL_LEXICON_FIXED,fixed_origin_primary,凯迪拉克XT6,6,538.0
0.5208364526430765,0.5404911776567842,34.97008979320526,31.2501871585846,LOCAL_LEXICON_FIXED,fixed_origin_primary,别克E4,6,10.0
0.11886994664867719,0.11902169073063153,,,LOCAL_LEXICON_FIXED,fixed_origin_primary,别克GL6,6,0.0
647.7772216796875,861.0108655684953,18.381979015113643,19.776437847036714,LOCAL_LEXICON_FIXED,fixed_origin_primary,别克GL8,6,19653.0
786.3070068359375,835.0128286870554,34.47843237238968,31.089568639312194,LOCAL_LEXICON_FIXED,fixed_origin_primary,别克GL8新能源,6,15175.0
56.15786616007487,67.66035775894176,35.24536326553828,39.455175288108805,LOCAL_LEXICON_FIXED,fixed_origin_primary,勇士,6,854.0
603.4810791015625,670.9426762395534,6627.032841041109,424.9866754236356,LOCAL_LEXICON_FIXED,fixed_origin_primary,北京EU5,6,852.0
22.14574432373047,28.2721234576926,16.88461636276908,19.511669007692042,LOCAL_LEXICON_FIXED,fixed_origin_primary,北京现代ix35,6,681.0
123.46380043029785,184.81688636314982,59.358333040228864,71.09239948001796,LOCAL_LEXICON_FIXED,fixed_origin_primary,博越REV,6,1042.0
1605.8193359375,2158.114292058568,25.597927310517694,30.657108360777013,LOCAL_LEXICON_FIXED,fixed_origin_primary,卡罗拉,6,31428.0
0.018816037714714184,0.0223187732219864,,,LOCAL_LEXICON_FIXED,fixed_origin_primary,卡罗拉双擎E+,6,0.0
3189.87890625,3793.436357091429,33.49687504903581,28.231931670673966,LOCAL_LEXICON_FIXED,fixed_origin_primary,卡罗拉锐放,6,67793.0
1.6722639203071594,1.7427741921861617,,,LOCAL_LEXICON_FIXED,fixed_origin_primary,合创A06,6,0.0
206.68067423502603,246.51305504473643,33.51853451634592,28.422737689895854,LOCAL_LEXICON_FIXED,fixed_origin_primary,吉利ICON,6,4363.0
1939.11279296875,2451.6218762343788,88.47039326207633,58.36891966995685,LOCAL_LEXICON_FIXED,fixed_origin_primary,吉利熊猫,6,19933.0
883.2969970703125,954.1476769772974,41.33188868878585,37.27253662298246,LOCAL_LEXICON_FIXED,fixed_origin_primary,君威,6,14219.0
1150.3996988932292,1712.150297119225,19.692885563494343,25.428817393749544,LOCAL_LEXICON_FIXED,fixed_origin_primary,君越,6,27144.0
31.496869405110676,37.74006028300404,33.49689511591036,27.46820006259652,LOCAL_LEXICON_FIXED,fixed_origin_primary,启辰D60,6,688.0
0.13921071092287698,0.1397054460518089,,,LOCAL_LEXICON_FIXED,fixed_origin_primary,启辰T60,6,0.0
1446.3380940755208,1473.000375444521,87.79994920710271,84.87899613119254,LOCAL_LEXICON_FIXED,fixed_origin_primary,唐新能源,6,10224.0
20.31179428100586,24.511440234204656,28.511325744818144,27.760994461511423,LOCAL_LEXICON_FIXED,fixed_origin_primary,嘉华,6,439.0
362.3392639160156,375.69660166262713,213.00783583164474,108.7561572534314,LOCAL_LEXICON_FIXED,fixed_origin_primary,型格,6,1999.0
211.44193013509116,253.20099359142222,76.37993874614826,85.25884279640772,LOCAL_LEXICON_FIXED,fixed_origin_primary,埃尚,6,1488.0
517.3392028808594,537.6748469855669,78.39072329420792,75.68971512521718,LOCAL_LEXICON_FIXED,fixed_origin_primary,夏,6,4101.0
249.5547892252604,359.498292431888,23.16313905043734,28.09247158258091,LOCAL_LEXICON_FIXED,fixed_origin_primary,大众CC,6,5330.0
715.5633748372396,737.7974058051418,134.06368837532028,109.97387932949378,LOCAL_LEXICON_FIXED,fixed_origin_primary,大众ID.3,6,3904.0
104.86820475260417,121.61024866082714,344.46799305099154,168.68880121062332,LOCAL_LEXICON_FIXED,fixed_origin_primary,大家7,6,373.0
77.0677998860677,85.08286443802781,183.42301380265374,71.03023030973984,LOCAL_LEXICON_FIXED,fixed_origin_primary,大家9,6,651.0
36.84350077311198,40.09364066341495,24.32251031617333,22.55724537129305,LOCAL_LEXICON_FIXED,fixed_origin_primary,大通G10,6,980.0
69.46378326416016,85.11829049986557,26.656567747390465,27.330013087538426,LOCAL_LEXICON_FIXED,fixed_origin_primary,大通G50,6,1525.0
8.369915246963501,9.92629445955401,50.143299558778864,57.06760395656932,LOCAL_LEXICON_FIXED,fixed_origin_primary,大通G70,6,88.0
11.739794413248697,13.746665104169267,137.49009557546168,79.14468143763168,LOCAL_LEXICON_FIXED,fixed_origin_primary,大通G90,6,89.0
1207.208984375,1328.3407340932267,27.9331413208182,26.608088701234294,LOCAL_LEXICON_FIXED,fixed_origin_primary,天籁,6,27222.0
630.4811604817709,778.749705046318,32.01835689438242,25.617166404080887,LOCAL_LEXICON_FIXED,fixed_origin_primary,奇骏,6,14767.0
6.935444037119548,7.412011386529748,,,LOCAL_LEXICON_FIXED,fixed_origin_primary,奔奔E-Star,6,0.0
2088.6954752604165,2937.775733770416,131.04645533937443,48.154362542026895,LOCAL_LEXICON_FIXED,fixed_origin_primary,奔腾小马,6,26025.0
636.7160949707031,650.1370868823078,5349.182076683485,294.32176963206615,LOCAL_LEXICON_FIXED,fixed_origin_primary,奔驰A级,6,1298.0
1533.267822265625,2013.0823136743647,31.554987862853466,22.44189723512246,LOCAL_LEXICON_FIXED,fixed_origin_primary,奔驰C级,6,40993.0
1883.83251953125,2672.0415621616125,16.05470661912043,18.461404846365863,LOCAL_LEXICON_FIXED,fixed_origin_primary,奔驰E级,6,61225.0
995.9499308268229,1197.8787173810454,499.3589979985269,98.21991428272415,LOCAL_LEXICON_FIXED,fixed_origin_primary,奔驰GLB,6,6084.0
1664.0760904947917,2623.1226700239354,16.044692074421516,19.004618731501132,LOCAL_LEXICON_FIXED,fixed_origin_primary,奔驰GLC,6,52537.0
324.73194885253906,328.8943963311913,122.99921100922431,115.631554487551,LOCAL_LEXICON_FIXED,fixed_origin_primary,奔驰V级,6,1685.0
690.7949676513672,756.5146837771989,75.65453708387385,78.01185405436107,LOCAL_LEXICON_FIXED,fixed_origin_primary,奕炫,6,5313.0
870.993174235026,924.6766321468742,44.19677842576246,45.6854536708642,LOCAL_LEXICON_FIXED,fixed_origin_primary,奕跑,6,11439.0
170.71929931640625,267.942136234293,14.239823206803065,17.426263965607987,LOCAL_LEXICON_FIXED,fixed_origin_primary,奥德赛,6,5878.0
1746.8977864583333,1953.6471628648221,28.965290560169905,30.50994562132503,LOCAL_LEXICON_FIXED,fixed_origin_primary,奥迪A3,6,34354.0
1606.1815185546875,1803.5423896286413,87.49169781114668,67.9577541169743,LOCAL_LEXICON_FIXED,fixed_origin_primary,奥迪A4L,6,14181.0
438.1397298177083,553.5963966252889,11.303107371630098,11.850689171465762,LOCAL_LEXICON_FIXED,fixed_origin_primary,奥迪A5L,6,22183.0
353.55157470703125,444.34206593632473,34.606382929252646,25.875938622129635,LOCAL_LEXICON_FIXED,fixed_origin_primary,奥迪A5L Sportback,6,8198.0
2256.1298828125,2581.913907027809,24.94139597804704,22.84572814351172,LOCAL_LEXICON_FIXED,fixed_origin_primary,奥迪A6L,6,59253.0
283.96242268880206,291.34260666132997,599.0464072391906,1225.7370763545414,LOCAL_LEXICON_FIXED,fixed_origin_primary,奥迪A6L e-tron,6,139.0
186.57972208658853,199.6155104132497,52.93768711436613,48.149605699764784,LOCAL_LEXICON_FIXED,fixed_origin_primary,奥迪A7L,6,2325.0
742.6085001627604,810.6287865171576,148.6036401376307,90.50682512647903,LOCAL_LEXICON_FIXED,fixed_origin_primary,奥迪E5 Sportback,6,4923.0
122.83387247721355,229.72728260223033,26.06599999199061,36.630379466365866,LOCAL_LEXICON_FIXED,fixed_origin_primary,奥迪Q2L,6,2012.0
641.7414754231771,774.0043428292245,23.259177898133828,25.584377757734632,LOCAL_LEXICON_FIXED,fixed_origin_primary,奥迪Q3,6,15050.0
36.69079081217448,38.43044652138261,37.08027351154629,33.405879343406205,LOCAL_LEXICON_FIXED,fixed_origin_primary,奥迪Q3 Sportback,6,659.0
429.63374582926434,556.2780667651751,968.3778179088636,110.49303364661749,LOCAL_LEXICON_FIXED,fixed_origin_primary,奥迪Q4 e-tron,6,2333.0
88.83598200480144,89.93393639201292,,,LOCAL_LEXICON_FIXED,fixed_origin_primary,奥迪Q5 e-tron,6,0.0
2086.7212727864585,2605.755110016034,26.132911497990335,24.376161121271636,LOCAL_LEXICON_FIXED,fixed_origin_primary,奥迪Q5L,6,51363.0
229.1222152709961,439.6838377664958,73.28845025530613,78.02118567684316,LOCAL_LEXICON_FIXED,fixed_origin_primary,奥迪Q5L Sportback,6,1762.0
60.13575871785482,62.22895814708732,362.3651160744068,221.35862104731837,LOCAL_LEXICON_FIXED,fixed_origin_primary,奥迪Q6L Sportback e-tron,6,163.0
295.98118591308594,345.987700356715,183.40190340929055,70.24869918823242,LOCAL_LEXICON_FIXED,fixed_origin_primary,奥迪Q6L e-tron,6,2528.0
3158.0502115885415,3928.437070960195,37.537392434585335,43.58636687031318,LOCAL_LEXICON_FIXED,fixed_origin_primary,威兰达,6,43473.0
238.45420837402344,248.22823345770877,142.80678886937216,97.32824831592794,LOCAL_LEXICON_FIXED,fixed_origin_primary,威朗,6,1470.0
521.5987243652344,541.1806820289122,227.05941021198987,164.54218434234522,LOCAL_LEXICON_FIXED,fixed_origin_primary,威然,6,1902.0
177.56004333496094,191.63815317947862,66.50942068552351,57.03213383349923,LOCAL_LEXICON_FIXED,fixed_origin_primary,威霆,6,1868.0
34.56563377380371,35.714308372949446,800.9566206780692,351.5149197335971,LOCAL_LEXICON_FIXED,fixed_origin_primary,威飒,6,59.0
68.89975484212239,73.25906276307501,42.38202007408607,37.581684459339485,LOCAL_LEXICON_FIXED,fixed_origin_primary,宋L EV,6,1100.0
3756.272989908854,3775.6134715784747,2884.167757636176,1504.5152162518775,LOCAL_LEXICON_FIXED,fixed_origin_primary,宋PLUS新能源,6,1498.0
3773.0013020833335,4320.470834325729,29.827658252749643,29.67051274279798,LOCAL_LEXICON_FIXED,fixed_origin_primary,宋Pro新能源,6,76298.0
6788.514485677083,7995.6367908971515,89.333903241123,55.95006375645614,LOCAL_LEXICON_FIXED,fixed_origin_primary,宏光MINIEV,6,72799.0
974.2277425130209,1168.6836592489396,20.21721607520178,22.01064297578087,LOCAL_LEXICON_FIXED,fixed_origin_primary,宝来,6,26557.0
3.5477583408355713,3.9363098957161746,256.7954019263939,125.21500026478488,LOCAL_LEXICON_FIXED,fixed_origin_primary,宝马1系,6,17.0
60.57528177897135,69.29841023478426,15.651966176286292,14.480147038797933,LOCAL_LEXICON_FIXED,fixed_origin_primary,宝马2系,6,2510.0
1746.5226236979167,2190.5197696553023,14.624989609378389,16.011391856416544,LOCAL_LEXICON_FIXED,fixed_origin_primary,宝马3系,6,65448.0
1368.8770345052083,1993.1435675390962,14.805184816978498,17.096359790660582,LOCAL_LEXICON_FIXED,fixed_origin_primary,宝马5系,6,48041.0
933.9214680989584,1037.2546495912418,24.565845545011502,25.50652650823319,LOCAL_LEXICON_FIXED,fixed_origin_primary,宝马X1,6,21969.0
3.651230732599894,4.6828952746967865,110.2559883253915,91.28076831499735,LOCAL_LEXICON_FIXED,fixed_origin_primary,宝马X2,6,24.0
1738.477783203125,1867.099114770832,25.64139172902789,26.129425599245366,LOCAL_LEXICON_FIXED,fixed_origin_primary,宝马X3,6,39920.0
1004.5606282552084,1352.0452399452497,17.338409429060818,20.002534661438457,LOCAL_LEXICON_FIXED,fixed_origin_primary,宝马X5,6,30133.0
217.58045450846353,232.46423429333515,21.10198225305396,20.574983877868895,LOCAL_LEXICON_FIXED,fixed_origin_primary,宝马i3,6,6345.0
100.0236307779948,123.40012728602419,44.0815163897989,34.45130796027375,LOCAL_LEXICON_FIXED,fixed_origin_primary,宝马i5,6,1742.0
139.03801472981772,168.5408583057848,22.843416909276552,17.98680656271898,LOCAL_LEXICON_FIXED,fixed_origin_primary,宝马iX1,6,4638.0
34.50362586975098,34.86072323623703,223.43313127832522,123.96512288533286,LOCAL_LEXICON_FIXED,fixed_origin_primary,宝马iX3,6,167.0
29.333374977111816,31.456638834716994,2030.0409226868287,244.4447914759318,LOCAL_LEXICON_FIXED,fixed_origin_primary,宝骏KiWi EV,6,72.0
10427.389811197916,11684.329814762448,772.1679936758898,77.72353765055095,LOCAL_LEXICON_FIXED,fixed_origin_primary,小米SU7,6,80496.0
0.20744821925957999,0.20944392169328743,,,LOCAL_LEXICON_FIXED,fixed_origin_primary,小虎FEV,6,0.0
0.26500428716341656,0.2650336923179933,,,LOCAL_LEXICON_FIXED,fixed_origin_primary,小鹏G3,6,0.0
3248.946533203125,3504.0968639868042,38.59641436258503,31.283988957534266,LOCAL_LEXICON_FIXED,fixed_origin_primary,小鹏MONA M03,6,62312.0
0.14961561808983484,0.14991168570979818,,,LOCAL_LEXICON_FIXED,fixed_origin_primary,小鹏P5,6,0.0
439.49900309244794,523.7964152567299,44.41359253113772,29.99993195170293,LOCAL_LEXICON_FIXED,fixed_origin_primary,小鹏P7,6,8790.0
410.1852213541667,486.49261338872105,12.03469500184292,11.89172462371956,LOCAL_LEXICON_FIXED,fixed_origin_primary,小鹏P7+,6,20696.0
451.300048828125,684.6543615744359,18.38494368729874,20.32272810694048,LOCAL_LEXICON_FIXED,fixed_origin_primary,小鹏X9,6,13324.0
1622.451171875,1934.7988716105544,29.654886008182196,30.478105921258607,LOCAL_LEXICON_FIXED,fixed_origin_primary,岚图梦想家,6,31940.0
83.98207012812297,106.77507487525956,70.87729882355065,74.98399118582407,LOCAL_LEXICON_FIXED,fixed_origin_primary,岚图追光L,6,672.0
3396.2360026041665,3862.8075088489304,25.54445866365329,25.45904049928161,LOCAL_LEXICON_FIXED,fixed_origin_primary,帕萨特,6,80040.0
1145.2578938802083,1201.487469929166,2050.928633280189,196.32992466517857,LOCAL_LEXICON_FIXED,fixed_origin_primary,帕萨特新能源,6,3500.0
441.82793680826825,453.2689833335451,249.94380304844177,228.13834947070652,LOCAL_LEXICON_FIXED,fixed_origin_primary,广汽本田P7,6,1162.0
518.3526407877604,628.4871212575301,34.01610064710886,37.466761170058575,LOCAL_LEXICON_FIXED,fixed_origin_primary,库斯途,6,8301.0
320.73024495442706,426.7696303476741,59.58784585536178,46.493874600786725,LOCAL_LEXICON_FIXED,fixed_origin_primary,影豹,6,4139.0
51.89184824625651,65.61955949375607,52.54274584482753,36.457973006737596,LOCAL_LEXICON_FIXED,fixed_origin_primary,微蓝6,6,854.0
386.56520589192706,476.89326195810736,23.17209410579679,19.383179302620444,LOCAL_LEXICON_FIXED,fixed_origin_primary,思域,6,11966.0
916.0584309895834,1045.898709511155,71.87109545950133,50.26843411320194,LOCAL_LEXICON_FIXED,fixed_origin_primary,悦意03,6,10934.0
301.73729451497394,303.43768521134325,195.3823072768367,182.5023958759923,LOCAL_LEXICON_FIXED,fixed_origin_primary,悦意07,6,992.0
6.485591729482015,6.902989561456743,546.8823432922363,648.5591729482014,LOCAL_LEXICON_FIXED,fixed_origin_primary,护卫舰07,6,6.0
100.20844904581706,100.8451679668782,5793.15746718762,2226.854423240379,LOCAL_LEXICON_FIXED,fixed_origin_primary,捷豹XEL,6,27.0
604.8566182454427,649.0864831049356,715.7228430831161,190.70623801748064,LOCAL_LEXICON_FIXED,fixed_origin_primary,捷豹XFL,6,1903.0
957.8679606119791,1080.2129549629665,44.331221112035884,41.054416484548,LOCAL_LEXICON_FIXED,fixed_origin_primary,捷达VA3,6,13999.0
108.16835276285808,111.39702426478243,109.47460166509306,101.88541861493697,LOCAL_LEXICON_FIXED,fixed_origin_primary,捷达VA7,6,637.0
3222.6422526041665,3691.773633837086,26.4513128264676,26.31838396551607,LOCAL_LEXICON_FIXED,fixed_origin_primary,探岳,6,73469.0
220.74953524271646,397.67365244697123,346.8147330520506,101.02953558019061,LOCAL_LEXICON_FIXED,fixed_origin_primary,探岳X,6,1311.0
13.696582635243734,14.894132804695316,728.984722112998,373.54316277937454,LOCAL_LEXICON_FIXED,fixed_origin_primary,探界者,6,22.0
127.180908203125,136.91045777013304,18.33176884817531,17.812452129289216,LOCAL_LEXICON_FIXED,fixed_origin_primary,探险者,6,4284.0
108.85768127441406,156.15572717582162,19.91819695425283,21.01499638502202,LOCAL_LEXICON_FIXED,fixed_origin_primary,揽境,6,3108.0
518.2593383789062,660.6277120502267,27.296720161607535,32.30371940861664,LOCAL_LEXICON_FIXED,fixed_origin_primary,揽巡,6,9626.0
0.17538761099179587,0.18065219325035164,,,LOCAL_LEXICON_FIXED,fixed_origin_primary,摩卡,6,0.0
3554.6365559895835,4724.683814163767,31.598871950485,37.72431607460291,LOCAL_LEXICON_FIXED,fixed_origin_primary,新帝豪,6,56536.0
777.54150390625,976.5279857046112,33.507066249872445,33.48344953303309,LOCAL_LEXICON_FIXED,fixed_origin_primary,日产N6,6,13933.0
695.2847951253256,724.4077066052547,62.49660804960856,56.026172048777234,LOCAL_LEXICON_FIXED,fixed_origin_primary,日产N7,6,7446.0
1984.9638004302979,2934.560844604975,92.50961779104583,97.53323071478,LOCAL_LEXICON_FIXED,fixed_origin_primary,日产NX8,6,12211.0
2260.3013509114585,3030.534824688855,22.80451546391814,26.541819526907684,LOCAL_LEXICON_FIXED,fixed_origin_primary,昂科威,6,51096.0
30.615968704223633,31.721021460013276,171.6543911924515,141.30447094257062,LOCAL_LEXICON_FIXED,fixed_origin_primary,昊铂GT,6,130.0
525.2522888183594,641.1132586420974,176.12913929562194,65.68390439579316,LOCAL_LEXICON_FIXED,fixed_origin_primary,星海S7,6,4798.0
407.0519205729167,507.63138478864505,63.24808437947434,43.87123268254895,LOCAL_LEXICON_FIXED,fixed_origin_primary,星海T5,6,5567.0
205.54632059733072,283.02827780373536,37.751739642507495,49.688876856727816,LOCAL_LEXICON_FIXED,fixed_origin_primary,星海V9,6,2482.0
4159.475179036458,5724.869695612293,31.03026139326478,38.010952486739804,LOCAL_LEXICON_FIXED,fixed_origin_primary,星瑞,6,65657.0
379.55747000376385,647.7182843011851,308.14672967305256,97.99246213522302,LOCAL_LEXICON_FIXED,fixed_origin_primary,星瑞L,6,2324.0
4753.955240885417,6480.0243910295185,31.261710148627003,36.922012381640435,LOCAL_LEXICON_FIXED,fixed_origin_primary,星越L,6,77254.0
822.4517389933268,1481.9293107049261,91.92369628167278,98.49721425069782,LOCAL_LEXICON_FIXED,fixed_origin_primary,星越L 智擎,6,5010.0
223.39944966634116,253.08401753098457,646.1218678245439,164.6678990169591,LOCAL_LEXICON_FIXED,fixed_origin_primary,星途ES,6,814.0
210.76363118489584,328.17288439885476,11.60253811801975,14.555499391222087,LOCAL_LEXICON_FIXED,fixed_origin_primary,普拉多,6,8688.0
360.4827575683594,404.37191077139164,47.64846447384408,38.072461633694,LOCAL_LEXICON_FIXED,fixed_origin_primary,智己L6,6,5681.0
7.444106658299764,10.912262047653892,180.1623213099797,66.6636417161173,LOCAL_LEXICON_FIXED,fixed_origin_primary,智己L7,6,67.0
9.566805203755697,12.05682693742619,37.878773346861564,25.740283059432368,LOCAL_LEXICON_FIXED,fixed_origin_primary,智跑,6,223.0
757.3909606933594,759.2954638718928,807.4099078629507,894.5562527874323,LOCAL_LEXICON_FIXED,fixed_origin_primary,曹操60,6,508.0
5218.91162109375,6134.382923926601,28.663192394056864,31.16853603400438,LOCAL_LEXICON_FIXED,fixed_origin_primary,朗逸,6,100465.0
2207.9274088541665,3495.9325004162474,16.06571690194298,19.174636270788405,LOCAL_LEXICON_FIXED,fixed_origin_primary,本田CR-V,6,69089.0
1520.9777577718098,1545.541017843754,74.75545302040942,75.07911597392727,LOCAL_LEXICON_FIXED,fixed_origin_primary,本田HR-V,6,12155.0
39.19089380900065,45.05490601730887,22.49039954653271,23.752056853939788,LOCAL_LEXICON_FIXED,fixed_origin_primary,本田UR-V,6,990.0
190.20809936523438,239.88179851084612,70.5977733057501,62.94807480371794,LOCAL_LEXICON_FIXED,fixed_origin_primary,本田XR-V,6,1813.0
1008.264892578125,1092.0994993661172,46.121036079368665,40.32521900725737,LOCAL_LEXICON_FIXED,fixed_origin_primary,极氪001,6,15002.0
607.5257771809896,861.0776763721442,47.38458345860468,51.44164074352155,LOCAL_LEXICON_FIXED,fixed_origin_primary,极氪009,6,7086.0
2847.2984619140625,3335.44572777545,3078.7009969478604,79.6187294192309,LOCAL_LEXICON_FIXED,fixed_origin_primary,极狐 阿尔法S5,6,21457.0
320.83196512858075,338.9539395553258,640.2431925623663,251.96227627899012,LOCAL_LEXICON_FIXED,fixed_origin_primary,极狐考拉,6,764.0
209.24683634440103,252.70243587558087,20.80227851288322,22.89770231746136,LOCAL_LEXICON_FIXED,fixed_origin_primary,林肯Z,6,5483.0
172.12954711914062,218.32873489315872,652.6396044566734,75.3852031178718,LOCAL_LEXICON_FIXED,fixed_origin_primary,枫叶60s,6,1370.0
39.84188334147135,45.85592459821263,1669.2311992320417,92.65554265458455,LOCAL_LEXICON_FIXED,fixed_origin_primary,标致4008,6,258.0
446.90041097005206,565.2026554288874,53.240820237942486,60.13461461808281,LOCAL_LEXICON_FIXED,fixed_origin_primary,标致408,6,4459.0
22.110301971435547,24.175901360583968,94.34055116228728,80.40109807794744,LOCAL_LEXICON_FIXED,fixed_origin_primary,标致408X,6,165.0
50.712554931640625,57.56802134566936,37.88849650919161,37.38026162037392,LOCAL_LEXICON_FIXED,fixed_origin_primary,标致5008,6,814.0
41.14234415690104,49.04364594849287,40.4602322941382,34.33297148002868,LOCAL_LEXICON_FIXED,fixed_origin_primary,标致508,6,719.0
1034.2084147135417,1199.75571394864,49.456850535274235,34.34577123086982,LOCAL_LEXICON_FIXED,fixed_origin_primary,格瑞维亚,6,18067.0
779.5923665364584,819.0366374405388,160.61828646880568,98.32991799913286,LOCAL_LEXICON_FIXED,fixed_origin_primary,欧拉好猫,6,4757.0
9.110782543818155,9.692113241786977,,,LOCAL_LEXICON_FIXED,fixed_origin_primary,欧拉闪电猫,6,0.0
201.21886189778647,217.75051795106285,37.06439519568853,38.473969770131255,LOCAL_LEXICON_FIXED,fixed_origin_primary,欧诺S,6,3138.0
41.6484120686849,42.31561932098278,575.792073209485,489.9813184551165,LOCAL_LEXICON_FIXED,fixed_origin_primary,比亚迪M9,6,51.0
822.3905436197916,1223.7927109465354,113.32036160532456,42.00513545346684,LOCAL_LEXICON_FIXED,fixed_origin_primary,比亚迪e7,6,11747.0
26.216560771067936,32.99522857311084,98.46732376290868,98.93041800402995,LOCAL_LEXICON_FIXED,fixed_origin_primary,比亚迪e9,6,159.0
2446.774658203125,2658.584348173307,96.99813822671408,84.96237021366254,LOCAL_LEXICON_FIXED,fixed_origin_primary,汉,6,17279.0
0.17191465944051743,0.18085600446702804,,,LOCAL_LEXICON_FIXED,fixed_origin_primary,江淮A5 PLUS,6,0.0
2.268650929133097,3.353207046721456,51.50289045439826,71.64160828841361,LOCAL_LEXICON_FIXED,fixed_origin_primary,江淮QX PHEV,6,19.0
0.06043186659614245,0.060699561860638726,,,LOCAL_LEXICON_FIXED,fixed_origin_primary,沃兰多,6,0.0
2.4727728565533957,2.5291527555676634,,,LOCAL_LEXICON_FIXED,fixed_origin_primary,沃尔沃C40,6,0.0
43.8803825378418,44.46421325420647,321.3120904832954,226.96749588538862,LOCAL_LEXICON_FIXED,fixed_origin_primary,沃尔沃EM90,6,116.0
56.00256156921387,61.93486689998991,295.3799544133234,672.0307388305664,LOCAL_LEXICON_FIXED,fixed_origin_primary,沃尔沃ES90,6,50.0
645.2755737304688,682.9922239495198,29.054535594156405,29.40868547195452,LOCAL_LEXICON_FIXED,fixed_origin_primary,沃尔沃S60,6,13165.0
705.1792399088541,746.0421754041428,131.2857633905296,73.31615732893995,LOCAL_LEXICON_FIXED,fixed_origin_primary,沃尔沃S90,6,5771.0
178.9212417602539,181.00376584021964,1293.3632006881444,756.0052468743123,LOCAL_LEXICON_FIXED,fixed_origin_primary,沃尔沃S90新能源,6,142.0
2182.539306640625,2628.383426942016,88.06403566083112,46.795439679258685,LOCAL_LEXICON_FIXED,fixed_origin_primary,海狮05EV,6,27984.0
3971.1787109375,4596.00379197255,68.14523454062011,37.65935240339024,LOCAL_LEXICON_FIXED,fixed_origin_primary,海狮06EV,6,63270.0
299.54058329264325,306.10621046785195,195.09845663434865,183.95532239056902,LOCAL_LEXICON_FIXED,fixed_origin_primary,海狮07EV,6,977.0
4181.345703125,4470.150390591327,42.32375264939731,36.3000798963292,LOCAL_LEXICON_FIXED,fixed_origin_primary,海豚,6,69113.0
73.5479367574056,78.4131458305215,126.81852557950111,102.3869189198222,LOCAL_LEXICON_FIXED,fixed_origin_primary,海豹,6,431.0
2001.003662109375,2320.101177108573,44.477280486896106,38.04068937187114,LOCAL_LEXICON_FIXED,fixed_origin_primary,海豹06DM-i,6,31561.0
1576.5872395833333,1994.0609478950887,57.218917089043856,39.682538121906205,LOCAL_LEXICON_FIXED,fixed_origin_primary,海豹06EV,6,23838.0
1343.8570658365886,1703.8084759234657,65.10195173595167,63.3347136518697,LOCAL_LEXICON_FIXED,fixed_origin_primary,海豹06GT,6,12731.0
163.58411661783853,189.7241056747248,46.030125564350364,33.08071114617564,LOCAL_LEXICON_FIXED,fixed_origin_primary,海豹07DM-i,6,2967.0
282.3202648162842,376.01033093887514,84.92157696181745,90.43895295769914,LOCAL_LEXICON_FIXED,fixed_origin_primary,海豹07EV,6,1873.0
175.9123738606771,178.35851259649667,,,LOCAL_LEXICON_FIXED,fixed_origin_primary,海马8S,6,0.0
25.055365244547527,25.24259044804174,,,LOCAL_LEXICON_FIXED,fixed_origin_primary,海马INJOY,6,0.0
3586.5270182291665,4210.001892255915,52.643598091206364,39.051197004582164,LOCAL_LEXICON_FIXED,fixed_origin_primary,海鸥,6,55105.0
2966.5473836263022,3620.0162664589116,54.00116604472921,62.66250414278406,LOCAL_LEXICON_FIXED,fixed_origin_primary,深蓝L06,6,28405.0
536.8538042704264,623.8768451002303,69.9841109481579,73.39081398091955,LOCAL_LEXICON_FIXED,fixed_origin_primary,深蓝L07,6,4389.0
212.02605438232422,235.8932352756724,1528.261603623806,80.77183024088541,LOCAL_LEXICON_FIXED,fixed_origin_primary,深蓝SL03,6,1575.0
215.68684895833334,216.98043684547028,720.9629459832576,604.7294830607477,LOCAL_LEXICON_FIXED,fixed_origin_primary,灵悉L,6,214.0
1.8135356108347576,1.94566405004617,94.58454847335815,108.81213665008545,LOCAL_LEXICON_FIXED,fixed_origin_primary,焕驰,6,10.0
207.0107905069987,209.82243852645865,7089.743940821498,2105.1944797321903,LOCAL_LEXICON_FIXED,fixed_origin_primary,爱跑,6,59.0
282.4851481119792,307.413176089221,44.44805804351798,32.90450181851825,LOCAL_LEXICON_FIXED,fixed_origin_primary,狮铂拓界,6,5151.0
36.51006825764974,37.65419777111726,,,LOCAL_LEXICON_FIXED,fixed_origin_primary,猛士917,6,0.0
133.63818359375,172.24772427711338,32.444407770102565,28.203626505891666,LOCAL_LEXICON_FIXED,fixed_origin_primary,理想MEGA,6,2843.0
151.5829874674479,199.70371220018865,23.788634265176135,20.081649918407763,LOCAL_LEXICON_FIXED,fixed_origin_primary,瑞虎3x,6,4529.0
751.59521484375,865.7312662409033,31.97168688994215,28.550625445156697,LOCAL_LEXICON_FIXED,fixed_origin_primary,瑞虎5x,6,15795.0
530.8303833007812,633.500807491362,21.70629808782034,23.830769171752245,LOCAL_LEXICON_FIXED,fixed_origin_primary,瑞虎7,6,13365.0
3018.85498046875,3375.9368455950885,32.582078394558,29.538698439028867,LOCAL_LEXICON_FIXED,fixed_origin_primary,瑞虎8,6,61320.0
836.1104329427084,1088.6271683928435,18.442225762858097,20.671072552046848,LOCAL_LEXICON_FIXED,fixed_origin_primary,瑞虎9,6,24269.0
94.82493019104004,125.29376096174039,45.26817935656038,58.89747216834785,LOCAL_LEXICON_FIXED,fixed_origin_primary,瑞风E3,6,966.0
124.93350474039714,164.2781796538587,31.51243602676836,34.181533444705096,LOCAL_LEXICON_FIXED,fixed_origin_primary,瑞风M3,6,2193.0
18.747954686482746,20.054081233223364,289.71362922147875,108.16127703740047,LOCAL_LEXICON_FIXED,fixed_origin_primary,瑞风RF8,6,104.0
99.01726563771565,138.4574326250627,245.398971728943,84.99336106241687,LOCAL_LEXICON_FIXED,fixed_origin_primary,瑞风RF8新能源,6,699.0
255.549196879069,260.5510721046945,,,LOCAL_LEXICON_FIXED,fixed_origin_primary,电动MINI ACEMAN,6,0.0
261.674555460612,265.2108435366613,,,LOCAL_LEXICON_FIXED,fixed_origin_primary,电动MINI COOPER,6,0.0
1155.4269612630208,1179.9293215020841,40.91013591975772,33.032647675123286,LOCAL_LEXICON_FIXED,fixed_origin_primary,皇冠陆放,6,20987.0
2966.8307291666665,3281.337466286545,75.96204913974563,58.94560871220902,LOCAL_LEXICON_FIXED,fixed_origin_primary,皓影,6,30199.0
56.07768249511719,62.69052874159929,140.71666797932923,83.28368687393642,LOCAL_LEXICON_FIXED,fixed_origin_primary,皓影新能源,6,404.0
17.698139826456707,19.778231070551154,138.01134912492347,60.33456759019331,LOCAL_LEXICON_FIXED,fixed_origin_primary,睿蓝8,6,176.0
486.5528093973796,604.6246611842458,63.09767326248378,77.786220527159,LOCAL_LEXICON_FIXED,fixed_origin_primary,福瑞迪,6,3753.0
3227.4065755208335,3854.3821263747986,46.913588058967015,36.05772280114144,LOCAL_LEXICON_FIXED,fixed_origin_primary,秦L,6,53704.0
10953.712239583334,11304.94893556147,118.65399640412694,96.12876221313753,LOCAL_LEXICON_FIXED,fixed_origin_primary,秦PLUS,6,68369.0
704.220448811849,709.1639958495088,1524.932451160373,1051.075296734103,LOCAL_LEXICON_FIXED,fixed_origin_primary,秦新能源,6,402.0
199.66836547851562,259.59744515712543,22.057280265279168,22.8758868220564,LOCAL_LEXICON_FIXED,fixed_origin_primary,索纳塔,6,5237.0
8.375452677408854,8.561235007328188,,,LOCAL_LEXICON_FIXED,fixed_origin_primary,红旗E-HS9,6,0.0
1582.05615234375,1643.5780259031214,66.31034466226369,57.79200556506849,LOCAL_LEXICON_FIXED,fixed_origin_primary,红旗E-QM5,6,16425.0
131.73277028401694,144.0740138620081,302.96758018000907,111.48048260988739,LOCAL_LEXICON_FIXED,fixed_origin_primary,红旗EH7,6,709.0
2475.0802408854165,2978.932923943361,28.49954306276335,27.56060621218659,LOCAL_LEXICON_FIXED,fixed_origin_primary,红旗H5,6,53883.0
226.03697713216147,304.3261918500078,44.770223687039916,27.88285079755281,LOCAL_LEXICON_FIXED,fixed_origin_primary,红旗H5 PHEV,6,4864.0
122.61781819661458,174.37079211003098,14.968054903932618,12.686789259867004,LOCAL_LEXICON_FIXED,fixed_origin_primary,红旗H6,6,5799.0
120.4735819498698,128.85057086702886,28.029209438686042,27.215417609157335,LOCAL_LEXICON_FIXED,fixed_origin_primary,红旗H9,6,2656.0
56.442056020100914,57.68059334168866,230.29889504633255,176.38142506281537,LOCAL_LEXICON_FIXED,fixed_origin_primary,红旗HQ9,6,192.0
127.89987182617188,168.84268101185947,24.77679609593618,19.364098686778483,LOCAL_LEXICON_FIXED,fixed_origin_primary,红旗HS3,6,3963.0
580.3882446289062,715.9017372780916,53.47462007168505,44.80032764406841,LOCAL_LEXICON_FIXED,fixed_origin_primary,红旗HS3 PHEV,6,7773.0
571.4835205078125,652.7511860951402,14.442718245467582,14.497298845961758,LOCAL_LEXICON_FIXED,fixed_origin_primary,红旗HS5,6,23652.0
504.3657531738281,506.7242955535614,882.3166469752136,652.1970946213295,LOCAL_LEXICON_FIXED,fixed_origin_primary,红旗HS7 PHEV,6,464.0
1.2889077266057332,2.1229214990074357,21.606039173073235,29.744024460132305,LOCAL_LEXICON_FIXED,fixed_origin_primary,红旗国耀,6,26.0
128.4295425415039,155.62888736885597,86.98945029598994,41.607843155994786,LOCAL_LEXICON_FIXED,fixed_origin_primary,红旗天工05,6,1852.0
62.702196756998696,71.36549640938709,136.8722433966975,81.25554655334605,LOCAL_LEXICON_FIXED,fixed_origin_primary,红旗天工06,6,463.0
133.22088368733725,139.0938080145945,373.357437045479,173.76637002696162,LOCAL_LEXICON_FIXED,fixed_origin_primary,红旗天工08,6,460.0
718.8037516276041,1192.9343685810795,23.454140536011344,32.091840983448364,LOCAL_LEXICON_FIXED,fixed_origin_primary,纳米01,6,13439.0
221.8206990559896,279.5938098876455,38.66082894966907,43.28208762068089,LOCAL_LEXICON_FIXED,fixed_origin_primary,缤智,6,3075.0
470.9900410970052,709.2438301373802,43.504358069268186,64.62246161861493,LOCAL_LEXICON_FIXED,fixed_origin_primary,缤瑞,6,4373.0
3308.030517578125,3976.542002122007,26.402388273123268,29.91031074227874,LOCAL_LEXICON_FIXED,fixed_origin_primary,缤越,6,66359.0
55.038772801558174,94.67468154393623,99.62707740948282,100.37466164417906,LOCAL_LEXICON_FIXED,fixed_origin_primary,羿驰05,6,329.0
80.33230209350586,92.8912114887484,58.443127936979685,51.605333250646154,LOCAL_LEXICON_FIXED,fixed_origin_primary,胜达,6,934.0
1461.6869303385417,1862.307255647806,29.323533968177856,31.071074831826152,LOCAL_LEXICON_FIXED,fixed_origin_primary,腾势D9,6,28226.0
72.19695790608723,89.56637638317675,22.18097225460355,24.90981871400365,LOCAL_LEXICON_FIXED,fixed_origin_primary,艾力绅,6,1739.0
252.00288899739584,324.51930119053304,15.904205965264612,17.953186107627346,LOCAL_LEXICON_FIXED,fixed_origin_primary,艾瑞泽5,6,8422.0
3060.2526041666665,3180.883367334341,42.85713985170537,36.43880854336178,LOCAL_LEXICON_FIXED,fixed_origin_primary,艾瑞泽8,6,50390.0
1102.7671712239583,1220.0644595189947,47.96394693214245,41.15314732767602,LOCAL_LEXICON_FIXED,fixed_origin_primary,英仕派,6,16078.0
69.93379465738933,71.45833152900303,583.3742596106555,552.1089051899157,LOCAL_LEXICON_FIXED,fixed_origin_primary,荣威D5X DMH,6,76.0
504.8858642578125,711.2069886441756,188.17305777968255,37.40357063275559,LOCAL_LEXICON_FIXED,fixed_origin_primary,荣威D6,6,8099.0
198.1515146891276,225.0990281432986,43.836421596077464,32.21975848603701,LOCAL_LEXICON_FIXED,fixed_origin_primary,荣威D7,6,3690.0
0.11103653411070506,0.11162598428433927,,,LOCAL_LEXICON_FIXED,fixed_origin_primary,荣威RX3,6,0.0
2090.555419921875,2274.4282484294836,252.27240998022023,49.73762845287779,LOCAL_LEXICON_FIXED,fixed_origin_primary,荣威i5,6,25219.0
118.5016377766927,119.77567941600032,1244.3888223353035,2293.5800860005043,LOCAL_LEXICON_FIXED,fixed_origin_primary,荣威i6 MAX新能源,6,31.0
64.63308906555176,65.32151974514045,822.7510648827559,625.4815070859847,LOCAL_LEXICON_FIXED,fixed_origin_primary,荣威iMAX8,6,62.0
89.73919932047527,96.13650759057019,320.9705517790203,180.6829516519636,LOCAL_LEXICON_FIXED,fixed_origin_primary,荣威iMAX8新能源,6,298.0
538.3169403076172,574.3254220214795,57.2396305771019,59.036769180144454,LOCAL_LEXICON_FIXED,fixed_origin_primary,菱智,6,5471.0
513.935302734375,581.9358872679375,27.714534195571254,24.295712388955643,LOCAL_LEXICON_FIXED,fixed_origin_primary,蒙迪欧,6,12692.0
157.2691650390625,189.6492410288602,28.459261692377225,23.543288179500372,LOCAL_LEXICON_FIXED,fixed_origin_primary,蔚来ET5,6,4008.0
744.6011962890625,837.5951571623981,43.226657136810516,36.98044183208654,LOCAL_LEXICON_FIXED,fixed_origin_primary,蔚来ET5T,6,12081.0
76.57581583658855,86.47393593889821,574.5155774647468,478.5988489786784,LOCAL_LEXICON_FIXED,fixed_origin_primary,蔚来ET7,6,96.0
46.4337329963843,80.39746401900017,99.6624815796715,100.2166899202539,LOCAL_LEXICON_FIXED,fixed_origin_primary,蔚来ET9,6,278.0
363.8638000488281,766.9166847451988,19.819220414194476,34.89184593723779,LOCAL_LEXICON_FIXED,fixed_origin_primary,豪越L,6,6257.0
519.8295084635416,553.7886504725752,41.664070744684636,35.535798687265014,LOCAL_LEXICON_FIXED,fixed_origin_primary,赛图斯,6,8777.0
1764.1228841145833,2023.2242271979808,23.709293517749845,25.192758073753424,LOCAL_LEXICON_FIXED,fixed_origin_primary,赛那SIENNA,6,42015.0
84.48230361938477,90.0640055147207,492.04625691750994,209.46025690756557,LOCAL_LEXICON_FIXED,fixed_origin_primary,起亚EV5,6,242.0
582.3478342692057,643.3497516029229,57.08482852752482,60.91504542564914,LOCAL_LEXICON_FIXED,fixed_origin_primary,起亚K3,6,5736.0
144.418212890625,151.04942008315808,1490.0462795328372,437.63094815340907,LOCAL_LEXICON_FIXED,fixed_origin_primary,起亚K5凯酷,6,198.0
0.10455635686715443,0.10517487182350366,,,LOCAL_LEXICON_FIXED,fixed_origin_primary,起亚KX3傲跑,6,0.0
66.27508227030437,80.91605805472986,52.66012984352342,54.10210797575866,LOCAL_LEXICON_FIXED,fixed_origin_primary,轩度EV,6,735.0
6380.22314453125,6790.202163444795,47.97672957676533,40.241502451605186,LOCAL_LEXICON_FIXED,fixed_origin_primary,轩逸,6,95129.0
2014.43505859375,2737.1446748131707,15.47636500764496,15.742693486978352,LOCAL_LEXICON_FIXED,fixed_origin_primary,迈腾,6,76776.0
21.106379449367523,47.63055626007614,98.79593162213341,107.32057347136028,LOCAL_LEXICON_FIXED,fixed_origin_primary,迈腾PHEV,6,118.0
395.5667304992676,735.4172440998516,1708.706422923699,104.92486220139723,LOCAL_LEXICON_FIXED,fixed_origin_primary,迈锐宝XL,6,2262.0
980.2067464192709,1014.7537238641194,24.469763442383904,21.403451774203454,LOCAL_LEXICON_FIXED,fixed_origin_primary,逍客,6,27478.0
78.99309070905049,167.47155515869125,102.07346658621307,93.11562755487289,LOCAL_LEXICON_FIXED,fixed_origin_primary,途安,6,509.0
1330.22021484375,1626.5056009817192,15.75423900710023,15.704461235414783,LOCAL_LEXICON_FIXED,fixed_origin_primary,途岳,6,50822.0
330.60528564453125,432.7661045872296,22.689918364319876,17.192162540017225,LOCAL_LEXICON_FIXED,fixed_origin_primary,途昂,6,11538.0
289.04054768880206,332.482268089536,17.81814949074489,17.04416006027334,LOCAL_LEXICON_FIXED,fixed_origin_primary,途胜L,6,10175.0
2414.21728515625,3425.4347742592918,16.1138092562108,17.493060540223535,LOCAL_LEXICON_FIXED,fixed_origin_primary,途观L,6,82806.0
142.00173950195312,156.8603503738245,5963.302101039494,168.3815092908535,LOCAL_LEXICON_FIXED,fixed_origin_primary,途观L新能源,6,506.0
4026.333984375,4824.429794476195,28.517844645300013,28.55859832162996,LOCAL_LEXICON_FIXED,fixed_origin_primary,速腾,6,84591.0
2272.166015625,2349.1404401695013,25.29333236341367,23.251008107497356,LOCAL_LEXICON_FIXED,fixed_origin_primary,逸动,6,58634.0
71.9605884552002,73.91934519503583,3355.009918007557,221.41719524676984,LOCAL_LEXICON_FIXED,fixed_origin_primary,钇为3,6,195.0
2594.068359375,2989.372701877219,34.78773660893802,37.48834278204634,LOCAL_LEXICON_FIXED,fixed_origin_primary,铂智3X,6,41518.0
36.8135871887207,47.00536919295544,1418.082060311385,66.33078772742469,LOCAL_LEXICON_FIXED,fixed_origin_primary,铂智4X,6,333.0
1674.9638004302979,2375.743036780589,95.15020406796017,97.08997007614516,LOCAL_LEXICON_FIXED,fixed_origin_primary,铂智7,6,10351.0
78.5614751180013,98.6453800386714,51.84473329469191,36.912204440721055,LOCAL_LEXICON_FIXED,fixed_origin_primary,银河E8,6,1277.0
284.08158620198566,406.6767085094255,53.00650103160285,66.01431127854043,LOCAL_LEXICON_FIXED,fixed_origin_primary,银河V900,6,2582.0
1565.1012369791667,1781.408699227417,95.77596713761473,61.65456911479876,LOCAL_LEXICON_FIXED,fixed_origin_primary,银河星耀6,6,15231.0
1269.6535981496174,2439.1938842235277,91.70871780884315,97.70323956518796,LOCAL_LEXICON_FIXED,fixed_origin_primary,银河星耀7,6,7797.0
2546.0732421875,3465.232407024227,16.7886814654998,19.429493740063595,LOCAL_LEXICON_FIXED,fixed_origin_primary,锋兰达,6,78625.0
273.4527180989583,325.70081560644905,16.43037253969363,15.479916110894894,LOCAL_LEXICON_FIXED,fixed_origin_primary,锐界L,6,10599.0
25.027024269104004,25.095149419161608,1043.3807350340344,715.0578362601144,LOCAL_LEXICON_FIXED,fixed_origin_primary,锐程PLUS,6,21.0
42.57157897949219,58.81988183467342,17.371114001022946,20.85138562260842,LOCAL_LEXICON_FIXED,fixed_origin_primary,锐际,6,1225.0
5072.366129557292,5328.33864966715,40.93029152541265,41.7123938178007,LOCAL_LEXICON_FIXED,fixed_origin_primary,长安CS75 PLUS,6,72962.0
4672.906087239583,4743.511437562867,287.05982059174784,237.08300797765517,LOCAL_LEXICON_FIXED,fixed_origin_primary,长安Lumin,6,11826.0
69.74107869466145,72.63840124548523,1198.7390157548416,252.07618805299325,LOCAL_LEXICON_FIXED,fixed_origin_primary,长安UNI-K,6,166.0
4.38302222887675,4.710791399745875,404.1652351617813,375.6876196180071,LOCAL_LEXICON_FIXED,fixed_origin_primary,长安UNI-K 智电iDD,6,7.0
18.111806233723957,20.39448290087642,470.1578133914426,106.54003666896446,LOCAL_LEXICON_FIXED,fixed_origin_primary,长安UNI-T,6,102.0
677.1977132161459,713.6821617207696,41.74370578016226,32.21427320460536,LOCAL_LEXICON_FIXED,fixed_origin_primary,长安UNI-V,6,12613.0
1988.5158284505208,2688.8285860583555,65.18513597576013,60.23371855161109,LOCAL_LEXICON_FIXED,fixed_origin_primary,长安UNI-Z新能源,6,19808.0
3404.462890625,3500.1333802047398,40.39012395378839,40.64544998358405,LOCAL_LEXICON_FIXED,fixed_origin_primary,长安X5 PLUS,6,50256.0
779.241943359375,884.1854800072384,69.13836612117265,50.24665943209297,LOCAL_LEXICON_FIXED,fixed_origin_primary,长安启源A07,6,9305.0
1995.7933146158855,2015.7710930121755,,,LOCAL_LEXICON_FIXED,fixed_origin_primary,长安启源Q05经典,6,0.0
787.3894551595052,823.5072665008774,283.5368374276518,177.0740903657058,LOCAL_LEXICON_FIXED,fixed_origin_primary,长安欧尚520,6,2668.0
4285.313151041667,4698.477968117062,101.1083376854179,63.64168933009084,LOCAL_LEXICON_FIXED,fixed_origin_primary,雅阁,6,40401.0
2515.55029296875,2868.485070387486,91.10198838780823,70.312595536255,LOCAL_LEXICON_FIXED,fixed_origin_primary,零跑B01,6,21466.0
1652.6680501302083,1826.1234198242737,72.3238992833768,49.471204853229146,LOCAL_LEXICON_FIXED,fixed_origin_primary,零跑Lafa5,6,20044.0
520.7795104980469,563.8751751343449,9307.671147753003,82.81677876989879,LOCAL_LEXICON_FIXED,fixed_origin_primary,零跑T03,6,3773.0
333.23572794596356,384.47053711739306,159.1947342684642,76.13916099298481,LOCAL_LEXICON_FIXED,fixed_origin_primary,雷凌,6,2626.0
980.4808349609375,1401.7143347835695,20.723005965028012,25.401057900542423,LOCAL_LEXICON_FIXED,fixed_origin_primary,领克03,6,23160.0
498.60373942057294,785.138581231376,20.56281644528493,24.571847527913242,LOCAL_LEXICON_FIXED,fixed_origin_primary,领克07,6,12175.0
553.9804280598959,821.0846990318713,15.672923708789776,18.442448917268905,LOCAL_LEXICON_FIXED,fixed_origin_primary,领克10,6,18023.0
3063.350830078125,3212.387440200361,143.16149307850418,137.63744930708964,LOCAL_LEXICON_FIXED,fixed_origin_primary,风云A9L,6,13354.0
5.342605511347453,5.962124458805601,53.88436721975612,55.26833287600813,LOCAL_LEXICON_FIXED,fixed_origin_primary,风光330,6,58.0
10.774212519327799,13.154773362801413,28.842694425078296,23.85434506124236,LOCAL_LEXICON_FIXED,fixed_origin_primary,风光380,6,271.0
21.59210777282715,21.98441335698156,1215.3929219927106,647.7632331848145,LOCAL_LEXICON_FIXED,fixed_origin_primary,风光E380,6,20.0
96.02249399820964,99.4903014856124,63.4550269421897,59.889289395972746,LOCAL_LEXICON_FIXED,fixed_origin_primary,飞凡F7,6,962.0
184.7502237955729,220.46110334508916,39.27673014799852,30.937799128479977,LOCAL_LEXICON_FIXED,fixed_origin_primary,马自达3 昂克赛拉,6,3583.0
388.65234375,421.4137128763137,30.666591011935186,28.441444840834247,LOCAL_LEXICON_FIXED,fixed_origin_primary,马自达EZ-6,6,8199.0
4583.63818359375,4885.136865711505,14431.580866968341,626.7508911021536,LOCAL_LEXICON_FIXED,fixed_origin_primary,驱逐舰05,6,4388.0
25.98784001668294,33.775087128414135,52.81182762341413,31.50041214143387,LOCAL_LEXICON_FIXED,fixed_origin_primary,骐达,6,495.0
454.267822265625,505.73543622799053,43.459440037964434,36.35111941309349,LOCAL_LEXICON_FIXED,fixed_origin_primary,高尔夫,6,7498.0
23.7446772257487,26.697656307739248,15.717571274392231,14.507949425101039,LOCAL_LEXICON_FIXED,fixed_origin_primary,高尔夫GTI,6,982.0
508.7159016927083,687.4692100116617,10.272777323380486,8.917800012143191,LOCAL_LEXICON_FIXED,fixed_origin_primary,魏牌 高山,6,34227.0
1455.9014078776042,1554.8625969473198,46.03109392634775,35.95262150580576,PLATFORM_RATING_FIXED,fixed_origin_primary,AION RT,6,24297.0
1296.391845703125,1415.724232633845,143.70529747142703,58.8244050080825,PLATFORM_RATING_FIXED,fixed_origin_primary,AION S,6,13223.0
1218.7576904296875,1282.8603978392266,77.24746402025761,62.102302697054135,PLATFORM_RATING_FIXED,fixed_origin_primary,AION UT,6,11775.0
87.37005360921223,93.36827781001388,152.078178468771,107.64277652059002,PLATFORM_RATING_FIXED,fixed_origin_primary,EO 羿欧,6,487.0
0.1878756731748581,0.18796383216986912,,,PLATFORM_RATING_FIXED,fixed_origin_primary,EVOS,6,0.0
557.7175903320312,622.1217187350113,159.78388388421533,98.27622737128304,PLATFORM_RATING_FIXED,fixed_origin_primary,ID.4 CROZZ,6,3405.0
47.18265914916992,65.55009888818779,180.65920528648348,50.372945710857564,PLATFORM_RATING_FIXED,fixed_origin_primary,ID.4 X,6,562.0
8.66618529955546,8.79404724495668,697.9593753814697,5199.711179733276,PLATFORM_RATING_FIXED,fixed_origin_primary,ID.6 CROZZ,6,1.0
20.63699944814046,21.32469793745839,254.38277791528142,169.61917354635995,PLATFORM_RATING_FIXED,fixed_origin_primary,IQ傲歌,6,73.0
126.16845194498698,201.465341061513,188.70155975534016,100.00141501584172,PLATFORM_RATING_FIXED,fixed_origin_primary,IQ锐歌,6,757.0
4567.88916015625,4979.165273550695,41.550124097212645,38.73664008725778,PLATFORM_RATING_FIXED,fixed_origin_primary,MG4,6,70753.0
15.072515487670898,17.652216390545544,199.43851705581423,79.32902888247841,PLATFORM_RATING_FIXED,fixed_origin_primary,MG6,6,114.0
445.49429575602215,478.1909839829729,60.52080336429145,60.13421315041919,PLATFORM_RATING_FIXED,fixed_origin_primary,MG7,6,4445.0
4796.541341145833,6596.780992683039,180.56711653355327,43.31484309153096,PLATFORM_RATING_FIXED,fixed_origin_primary,Model 3,6,66442.0
6395.255859375,7040.824644817142,22.540302512374243,22.242691945679454,PLATFORM_RATING_FIXED,fixed_origin_primary,Model Y,6,172513.0
52.598429361979164,71.65788101342602,20.584849377263556,23.586739624205904,PLATFORM_RATING_FIXED,fixed_origin_primary,PATHFINDER探陆,6,1338.0
110.11624018351237,110.7391327199144,,,PLATFORM_RATING_FIXED,fixed_origin_primary,Polestar 4,6,0.0
577.2538299560547,734.5047887076782,73.849869191977,69.98429944910745,PLATFORM_RATING_FIXED,fixed_origin_primary,QQ冰淇淋,6,4949.0
1931.50927734375,2404.91368776828,15.659200416840205,16.826459424547,PLATFORM_RATING_FIXED,fixed_origin_primary,RAV4荣放,6,68874.0
802.7343546549479,1181.7314125196021,27.642240161237936,35.05135090553589,PLATFORM_RATING_FIXED,fixed_origin_primary,T-ROC探歌,6,13741.0
342.3395589192708,403.7654860391237,41.36238695472663,33.672743500256146,PLATFORM_RATING_FIXED,fixed_origin_primary,eπ007,6,6100.0
417.8087844848633,494.6934872948,60.52515932008626,66.03932315356111,PLATFORM_RATING_FIXED,fixed_origin_primary,e爱丽舍,6,3796.0
1895.4135335286458,2131.1620619792325,37.70463177671248,39.281825156892246,PLATFORM_RATING_FIXED,fixed_origin_primary,firefly萤火虫,6,28951.0
88.28172175089519,89.55476567798095,,,PLATFORM_RATING_FIXED,fixed_origin_primary,iCAR 03,6,0.0
106.85462188720703,151.43930078277896,34.48675840371384,39.722907764760976,PLATFORM_RATING_FIXED,fixed_origin_primary,世纪,6,1614.0
119.37950642903645,142.0704135238552,153.8740422973122,41.88754611545139,PLATFORM_RATING_FIXED,fixed_origin_primary,东风本田S7,6,1710.0
621.7582397460938,766.6228093601975,200.3346263910472,60.83740114932424,PLATFORM_RATING_FIXED,fixed_origin_primary,丰田bZ3,6,6132.0
455.1302998860677,506.3692459410938,72.07536296930024,51.12866128658315,PLATFORM_RATING_FIXED,fixed_origin_primary,丰田bZ5,6,5341.0
125.06554158528645,205.83600084991627,32.22102285439713,45.78360277679797,PLATFORM_RATING_FIXED,fixed_origin_primary,五菱佳辰,6,1639.0
31.55335521697998,35.84382623584867,,,PLATFORM_RATING_FIXED,fixed_origin_primary,五菱宏光,6,0.0
369.3670415232579,904.1678988692264,99.9887085351126,100.0542776135236,PLATFORM_RATING_FIXED,fixed_origin_primary,五菱宏光S,6,2215.0
63.64999643961588,67.90136486369438,74.6461310055628,73.58381091285074,PLATFORM_RATING_FIXED,fixed_origin_primary,五菱征程,6,519.0
0.16315469642480215,0.1686754743263126,,,PLATFORM_RATING_FIXED,fixed_origin_primary,五菱星云,6,0.0
751.4407552083334,764.1266309273799,242.40079396336452,199.76271737926453,PLATFORM_RATING_FIXED,fixed_origin_primary,五菱星光,6,2257.0
278.47387440999347,305.0518745563666,2304.9992970081294,121.25132412626711,PLATFORM_RATING_FIXED,fixed_origin_primary,五菱星驰,6,1378.0
1.9538466334342957,2.4105814902364755,49.1076774597168,68.95929294473984,PLATFORM_RATING_FIXED,fixed_origin_primary,亚洲狮,6,17.0
3161.312255859375,3377.6167631145972,50.025390266782644,40.90019306355928,PLATFORM_RATING_FIXED,fixed_origin_primary,亚洲龙,6,46376.0
0.16060394793748856,0.16167485510279586,,,PLATFORM_RATING_FIXED,fixed_origin_primary,享域,6,0.0
663.2388509114584,848.2707354708617,24.274692354726522,18.604175341134876,PLATFORM_RATING_FIXED,fixed_origin_primary,伊兰特,6,21390.0
368.3849283854167,489.5902254728003,23.407467697929178,24.75427898210886,PLATFORM_RATING_FIXED,fixed_origin_primary,传祺E8新能源,6,8929.0
0.1552180921037992,0.15601613120363614,,,PLATFORM_RATING_FIXED,fixed_origin_primary,传祺GA8,6,0.0
778.3911743164062,978.4409118506138,34.071169967089986,40.53416981338689,PLATFORM_RATING_FIXED,fixed_origin_primary,传祺M6,6,11522.0
2572.3158162434897,2829.724311950147,48.66475589320769,52.816011557939014,PLATFORM_RATING_FIXED,fixed_origin_primary,传祺M8,6,29222.0
1440.3253580729167,1859.9824512704938,56.8902083778733,34.35754044621914,PLATFORM_RATING_FIXED,fixed_origin_primary,元PLUS,6,25153.0
5822.800944010417,6100.502252167062,62.93895754307457,42.2605608613312,PLATFORM_RATING_FIXED,fixed_origin_primary,元UP,6,82670.0
46.057701110839844,51.497705092694986,15.680837335327947,14.303633885353989,PLATFORM_RATING_FIXED,fixed_origin_primary,冠道,6,1932.0
103.00917053222656,111.35492601110215,44.61190109217383,40.29041872186176,PLATFORM_RATING_FIXED,fixed_origin_primary,凌宝BOX,6,1534.0
30.643346786499023,33.96929584491594,524.943577186734,311.6272554559223,PLATFORM_RATING_FIXED,fixed_origin_primary,凌尚,6,59.0
3.337023456891378,3.7208915910548366,49.56330736478169,77.00823362057025,PLATFORM_RATING_FIXED,fixed_origin_primary,凌放HARRIER,6,26.0
641.636962890625,697.6266695388479,43.948838751089035,33.33467639920123,PLATFORM_RATING_FIXED,fixed_origin_primary,凌渡,6,11549.0
424.5508626302083,547.6193606697088,33.75247199858437,39.80164337158203,PLATFORM_RATING_FIXED,fixed_origin_primary,凡尔赛C5 X,6,6400.0
49.941495875517525,72.57755441665134,90.67146965909801,95.7344968859761,PLATFORM_RATING_FIXED,fixed_origin_primary,凯威德,6,313.0
2270.9117838541665,2907.1356104080746,13.99991050075988,15.847071682261197,PLATFORM_RATING_FIXED,fixed_origin_primary,凯美瑞,6,85981.0
375.33912404378253,579.4112931907291,83.7268853594221,77.17733873415679,PLATFORM_RATING_FIXED,fixed_origin_primary,凯翼拾月,6,2918.0
639.8666381835938,940.8145884130207,19.527375803498714,24.9850307763996,PLATFORM_RATING_FIXED,fixed_origin_primary,凯迪拉克CT5,6,15366.0
1301.4065755208333,1431.3314370498065,34.086376072951936,36.01180396220541,PLATFORM_RATING_FIXED,fixed_origin_primary,凯迪拉克XT5,6,21683.0
43.57420857747396,45.98108904360506,57.56771497128159,48.59577164774048,PLATFORM_RATING_FIXED,fixed_origin_primary,凯迪拉克XT6,6,538.0
0.8484004338582357,0.8816647479303897,61.41805648803711,50.90402603149414,PLATFORM_RATING_FIXED,fixed_origin_primary,别克E4,6,10.0
0.1261520559589068,0.1279385269324378,,,PLATFORM_RATING_FIXED,fixed_origin_primary,别克GL6,6,0.0
756.6497802734375,978.9875295539405,21.300549357609466,23.100283323872308,PLATFORM_RATING_FIXED,fixed_origin_primary,别克GL8,6,19653.0
732.0091145833334,792.974515697145,31.531287346780797,28.942699752883033,PLATFORM_RATING_FIXED,fixed_origin_primary,别克GL8新能源,6,15175.0
47.78050867716471,56.99928264855076,30.382597358832903,33.569444035478725,PLATFORM_RATING_FIXED,fixed_origin_primary,勇士,6,854.0
565.9473775227865,621.892229274677,6025.685092295229,398.5544912132299,PLATFORM_RATING_FIXED,fixed_origin_primary,北京EU5,6,852.0
19.186036427815754,24.99997513905891,15.019247827158825,16.903996852701106,PLATFORM_RATING_FIXED,fixed_origin_primary,北京现代ix35,6,681.0
168.00693796078363,236.1032705882602,95.7060102922414,96.74103913288886,PLATFORM_RATING_FIXED,fixed_origin_primary,博越REV,6,1042.0
1610.7704264322917,2181.938620208572,25.64646912092779,30.751630897905528,PLATFORM_RATING_FIXED,fixed_origin_primary,卡罗拉,6,31428.0
0.08466424358387788,0.09684552926102273,,,PLATFORM_RATING_FIXED,fixed_origin_primary,卡罗拉双擎E+,6,0.0
3097.2434895833335,3593.71459518538,32.9673602141134,27.412064575251133,PLATFORM_RATING_FIXED,fixed_origin_primary,卡罗拉锐放,6,67793.0
2.6743260622024536,2.748010271741713,,,PLATFORM_RATING_FIXED,fixed_origin_primary,合创A06,6,0.0
210.58295694986978,251.53408669045663,35.0439571022487,28.959379823498022,PLATFORM_RATING_FIXED,fixed_origin_primary,吉利ICON,6,4363.0
1945.7126871744792,2530.771158574892,86.28217535934078,58.56758201498457,PLATFORM_RATING_FIXED,fixed_origin_primary,吉利熊猫,6,19933.0
725.1862996419271,867.2940279867146,29.609773951433553,30.60072999403307,PLATFORM_RATING_FIXED,fixed_origin_primary,君威,6,14219.0
1232.1640218098958,1746.1549352768138,21.648163522436384,27.236163169980017,PLATFORM_RATING_FIXED,fixed_origin_primary,君越,6,27144.0
27.677173614501953,32.25356657295099,28.825087974425095,24.13707001264705,PLATFORM_RATING_FIXED,fixed_origin_primary,启辰D60,6,688.0
0.15015525619188944,0.1504193172555836,,,PLATFORM_RATING_FIXED,fixed_origin_primary,启辰T60,6,0.0
1427.2432047526042,1478.7434687766165,87.60376721768864,83.75840403477724,PLATFORM_RATING_FIXED,fixed_origin_primary,唐新能源,6,10224.0
23.74549611409505,26.33897914719533,32.30386743159181,32.45398102154221,PLATFORM_RATING_FIXED,fixed_origin_primary,嘉华,6,439.0
242.8656463623047,248.25246937952738,124.9940522665087,72.89614197968125,PLATFORM_RATING_FIXED,fixed_origin_primary,型格,6,1999.0
231.13227224349976,290.41398520130105,92.06622355679042,93.19849687237894,PLATFORM_RATING_FIXED,fixed_origin_primary,埃尚,6,1488.0
369.1387430826823,401.5393875762177,55.38261729609671,54.00713139468651,PLATFORM_RATING_FIXED,fixed_origin_primary,夏,6,4101.0
243.60425821940103,361.364242067302,22.30491663972548,27.422618186048897,PLATFORM_RATING_FIXED,fixed_origin_primary,大众CC,6,5330.0
872.9630330403646,881.1150997247347,160.7074356355015,134.16440056972817,PLATFORM_RATING_FIXED,fixed_origin_primary,大众ID.3,6,3904.0
136.50883992513022,145.79023203097955,413.5795667740573,219.58526529511562,PLATFORM_RATING_FIXED,fixed_origin_primary,大家7,6,373.0
60.63200378417969,74.16872271193239,157.0942118055922,55.8820311374928,PLATFORM_RATING_FIXED,fixed_origin_primary,大家9,6,651.0
33.08611806233724,38.06251320164201,22.044025444112183,20.256806976941167,PLATFORM_RATING_FIXED,fixed_origin_primary,大通G10,6,980.0
79.39811197916667,91.8170224311693,31.128625213031043,31.23860143442623,PLATFORM_RATING_FIXED,fixed_origin_primary,大通G50,6,1525.0
7.065792242685954,8.372032891428521,46.386894831484746,48.1758562001315,PLATFORM_RATING_FIXED,fixed_origin_primary,大通G70,6,88.0
14.394725799560547,16.3417274570119,163.03686941816434,97.04309527793627,PLATFORM_RATING_FIXED,fixed_origin_primary,大通G90,6,89.0
1213.3939208984375,1332.9168362771425,28.57847372293911,26.74441086397261,PLATFORM_RATING_FIXED,fixed_origin_primary,天籁,6,27222.0
616.5893961588541,735.5624418326644,31.640905188509933,25.05272822477907,PLATFORM_RATING_FIXED,fixed_origin_primary,奇骏,6,14767.0
2.3506452639897666,2.3564508084009033,,,PLATFORM_RATING_FIXED,fixed_origin_primary,奔奔E-Star,6,0.0
2111.509765625,2978.43413100185,132.26321553126098,48.680340417867434,PLATFORM_RATING_FIXED,fixed_origin_primary,奔腾小马,6,26025.0
584.4444681803385,601.7773324655724,5226.901014342232,270.1592302836696,PLATFORM_RATING_FIXED,fixed_origin_primary,奔驰A级,6,1298.0
1619.7958984375,2089.825529287283,32.34811351335696,23.70837799288903,PLATFORM_RATING_FIXED,fixed_origin_primary,奔驰C级,6,40993.0
1834.6976725260417,2527.3789079893754,16.02156046259702,17.979887358360553,PLATFORM_RATING_FIXED,fixed_origin_primary,奔驰E级,6,61225.0
934.8171997070312,1130.684938258649,479.1068910498728,92.19104533599914,PLATFORM_RATING_FIXED,fixed_origin_primary,奔驰GLB,6,6084.0
1601.0172526041667,2594.318212840125,15.258941112659327,18.28445384324381,PLATFORM_RATING_FIXED,fixed_origin_primary,奔驰GLC,6,52537.0
415.84840901692706,423.9438221872633,156.6725505469222,148.0765848131491,PLATFORM_RATING_FIXED,fixed_origin_primary,奔驰V级,6,1685.0
688.2149937947592,753.6325936119304,75.42534103229124,77.72049619364869,PLATFORM_RATING_FIXED,fixed_origin_primary,奕炫,6,5313.0
978.4823201497396,1014.0842831809663,50.37947071331219,51.323489124035646,PLATFORM_RATING_FIXED,fixed_origin_primary,奕跑,6,11439.0
197.8064168294271,262.09193301651044,18.349651750214434,20.191196001642776,PLATFORM_RATING_FIXED,fixed_origin_primary,奥德赛,6,5878.0
1768.227783203125,1990.820278147076,29.205998589062283,30.88247860283737,PLATFORM_RATING_FIXED,fixed_origin_primary,奥迪A3,6,34354.0
1324.8190104166667,1499.4778712114894,73.16033323837453,56.0532688985262,PLATFORM_RATING_FIXED,fixed_origin_primary,奥迪A4L,6,14181.0
841.9771525065104,966.219362991064,23.658259603703456,22.77357848369951,PLATFORM_RATING_FIXED,fixed_origin_primary,奥迪A5L,6,22183.0
263.788818359375,308.47262648765667,22.69930826918566,19.30632971647048,PLATFORM_RATING_FIXED,fixed_origin_primary,奥迪A5L Sportback,6,8198.0
2247.56640625,2572.9906295948463,24.613878242039043,22.7590137841122,PLATFORM_RATING_FIXED,fixed_origin_primary,奥迪A6L,6,59253.0
286.1153259277344,291.38629404792573,616.252873488052,1235.0301838607238,PLATFORM_RATING_FIXED,fixed_origin_primary,奥迪A6L e-tron,6,139.0
147.31459045410156,175.21450571113832,39.154221085053706,38.016668504284276,PLATFORM_RATING_FIXED,fixed_origin_primary,奥迪A7L,6,2325.0
698.5255839029948,810.1439914895531,131.12486830254875,85.13413575904872,PLATFORM_RATING_FIXED,fixed_origin_primary,奥迪E5 Sportback,6,4923.0
126.17953491210938,235.93463729624492,25.986181553091825,37.62809192210021,PLATFORM_RATING_FIXED,fixed_origin_primary,奥迪Q2L,6,2012.0
568.9793294270834,712.2580057933978,20.250027907709878,22.683561306063122,PLATFORM_RATING_FIXED,fixed_origin_primary,奥迪Q3,6,15050.0
16.771859486897785,17.370676617285383,15.756166615899664,15.270281778662628,PLATFORM_RATING_FIXED,fixed_origin_primary,奥迪Q3 Sportback,6,659.0
418.8508758544922,564.1362162726512,797.0779829458287,107.71989949108243,PLATFORM_RATING_FIXED,fixed_origin_primary,奥迪Q4 e-tron,6,2333.0
144.81875610351562,145.96080051757244,,,PLATFORM_RATING_FIXED,fixed_origin_primary,奥迪Q5 e-tron,6,0.0
2060.380615234375,2582.3126576346403,26.046833129358916,24.068461132344783,PLATFORM_RATING_FIXED,fixed_origin_primary,奥迪Q5L,6,51363.0
207.07636515299478,453.88334916384065,40.205259804351655,70.51408575016849,PLATFORM_RATING_FIXED,fixed_origin_primary,奥迪Q5L Sportback,6,1762.0
75.5859972635905,76.69899199093804,430.20839755359077,278.23066477395275,PLATFORM_RATING_FIXED,fixed_origin_primary,奥迪Q6L Sportback e-tron,6,163.0
285.91212463378906,324.70912895379746,173.65084606950535,67.85889034029805,PLATFORM_RATING_FIXED,fixed_origin_primary,奥迪Q6L e-tron,6,2528.0
3140.556681315104,3978.9905593985504,36.85246731980649,43.34492693830797,PLATFORM_RATING_FIXED,fixed_origin_primary,威兰达,6,43473.0
269.39491780598956,285.72290754693495,166.0448324572049,109.95710930856717,PLATFORM_RATING_FIXED,fixed_origin_primary,威朗,6,1470.0
519.8359069824219,544.6482667346834,229.136592798034,163.98609053073244,PLATFORM_RATING_FIXED,fixed_origin_primary,威然,6,1902.0
208.50542704264322,214.14615812233373,77.12150520561362,66.9717645747248,PLATFORM_RATING_FIXED,fixed_origin_primary,威霆,6,1868.0
40.46078109741211,41.204557080444886,967.554213130285,411.4655704821571,PLATFORM_RATING_FIXED,fixed_origin_primary,威飒,6,59.0
45.60820007324219,56.58954685295654,29.602805418612178,24.877200039950285,PLATFORM_RATING_FIXED,fixed_origin_primary,宋L EV,6,1100.0
4130.059814453125,4147.531944316669,3075.5262780614157,1654.2295652015189,PLATFORM_RATING_FIXED,fixed_origin_primary,宋PLUS新能源,6,1498.0
3924.10595703125,4384.243274596028,30.77268881365342,30.858784951358487,PLATFORM_RATING_FIXED,fixed_origin_primary,宋Pro新能源,6,76298.0
7031.571614583333,8495.415080054778,94.04723335850412,57.95330936894738,PLATFORM_RATING_FIXED,fixed_origin_primary,宏光MINIEV,6,72799.0
962.8179524739584,1204.8150313792441,19.315220065312722,21.752862578016156,PLATFORM_RATING_FIXED,fixed_origin_primary,宝来,6,26557.0
3.4873143434524536,3.852481271363888,230.1337551187586,123.0816827100866,PLATFORM_RATING_FIXED,fixed_origin_primary,宝马1系,6,17.0
123.67965698242188,129.77989682312844,32.038951489969115,29.56485824281001,PLATFORM_RATING_FIXED,fixed_origin_primary,宝马2系,6,2510.0
1650.8087565104167,2101.421208851318,13.763892870019609,15.133926994044892,PLATFORM_RATING_FIXED,fixed_origin_primary,宝马3系,6,65448.0
1520.1016438802083,1990.536194699802,17.1485001552534,18.985054148084448,PLATFORM_RATING_FIXED,fixed_origin_primary,宝马5系,6,48041.0
1029.8018391927083,1091.0414439839794,27.454333040934436,28.125135578115756,PLATFORM_RATING_FIXED,fixed_origin_primary,宝马X1,6,21969.0
4.080098708470662,5.142481848739832,123.89207147416612,102.00246771176656,PLATFORM_RATING_FIXED,fixed_origin_primary,宝马X2,6,24.0
1785.239013671875,1917.0229180577296,26.19433847964417,26.832249704487097,PLATFORM_RATING_FIXED,fixed_origin_primary,宝马X3,6,39920.0
1073.4806722005208,1462.603019948428,17.979756543137075,21.37485160190862,PLATFORM_RATING_FIXED,fixed_origin_primary,宝马X5,6,30133.0
208.6147257486979,220.00632380821813,20.646736732004875,19.72716082730004,PLATFORM_RATING_FIXED,fixed_origin_primary,宝马i3,6,6345.0
140.52411397298178,152.76488441023085,58.89917829869219,48.400957740407044,PLATFORM_RATING_FIXED,fixed_origin_primary,宝马i5,6,1742.0
139.66414388020834,161.0567409088831,22.22567292154217,18.06780645280832,PLATFORM_RATING_FIXED,fixed_origin_primary,宝马iX1,6,4638.0
32.166083653767906,33.908722794016775,199.72077394828386,115.5667676183278,PLATFORM_RATING_FIXED,fixed_origin_primary,宝马iX3,6,167.0
61.33405431111654,64.58431261461074,4174.420062582291,511.11711925930445,PLATFORM_RATING_FIXED,fixed_origin_primary,宝骏KiWi EV,6,72.0
10281.679931640625,11510.307354233002,734.8301808141748,76.63744731395815,PLATFORM_RATING_FIXED,fixed_origin_primary,小米SU7,6,80496.0
0.15999508400758108,0.16777204331160928,,,PLATFORM_RATING_FIXED,fixed_origin_primary,小虎FEV,6,0.0
0.08162287498513858,0.08514447395463101,,,PLATFORM_RATING_FIXED,fixed_origin_primary,小鹏G3,6,0.0
3305.6638997395835,3509.2851842236455,38.8293928923462,31.830118433748716,PLATFORM_RATING_FIXED,fixed_origin_primary,小鹏MONA M03,6,62312.0
0.17981397608915964,0.18359768573034566,,,PLATFORM_RATING_FIXED,fixed_origin_primary,小鹏P5,6,0.0
458.0283203125,557.7862231075463,47.206782040032884,31.26473176194539,PLATFORM_RATING_FIXED,fixed_origin_primary,小鹏P7,6,8790.0
698.4603271484375,814.930623746967,19.348244118890598,20.249139751114345,PLATFORM_RATING_FIXED,fixed_origin_primary,小鹏P7+,6,20696.0
398.4712727864583,655.3843279709225,13.431251445785964,17.943767912929676,PLATFORM_RATING_FIXED,fixed_origin_primary,小鹏X9,6,13324.0
1409.47314453125,1730.6114834848752,26.27638664054402,26.477266334337823,PLATFORM_RATING_FIXED,fixed_origin_primary,岚图梦想家,6,31940.0
111.81085827449958,143.65477776961123,99.7155622062832,99.83112345937461,PLATFORM_RATING_FIXED,fixed_origin_primary,岚图追光L,6,672.0
3363.7986653645835,3817.1561891385854,25.361302317587892,25.21588204920977,PLATFORM_RATING_FIXED,fixed_origin_primary,帕萨特,6,80040.0
1041.7130839029949,1133.4032328649614,1658.5515400362262,178.57938581194196,PLATFORM_RATING_FIXED,fixed_origin_primary,帕萨特新能源,6,3500.0
314.61036682128906,316.6648500566285,173.58525468274715,162.44941488190486,PLATFORM_RATING_FIXED,fixed_origin_primary,广汽本田P7,6,1162.0
478.00536092122394,605.3933210573663,30.587539689186226,34.55044170012461,PLATFORM_RATING_FIXED,fixed_origin_primary,库斯途,6,8301.0
299.4805094401042,403.3621583624062,58.9447324127959,43.41345872531107,PLATFORM_RATING_FIXED,fixed_origin_primary,影豹,6,4139.0
47.55233256022135,61.216063609983884,52.448037451406435,33.40913294629135,PLATFORM_RATING_FIXED,fixed_origin_primary,微蓝6,6,854.0
462.26611328125,528.810818074788,27.82419510001775,23.17897943914006,PLATFORM_RATING_FIXED,fixed_origin_primary,思域,6,11966.0
947.1688639322916,1054.6252343615847,72.67475306429616,51.975609873731024,PLATFORM_RATING_FIXED,fixed_origin_primary,悦意03,6,10934.0
284.97174072265625,287.32407731081696,187.49884173568478,172.36193995321952,PLATFORM_RATING_FIXED,fixed_origin_primary,悦意07,6,992.0
5.166774193445842,5.581148109529866,391.98605616887414,516.6774193445842,PLATFORM_RATING_FIXED,fixed_origin_primary,护卫舰07,6,6.0
131.11039225260416,131.94494758384715,7659.6416005901265,2913.5642722800926,PLATFORM_RATING_FIXED,fixed_origin_primary,捷豹XEL,6,27.0
587.9913024902344,629.0450993359339,692.1256775593258,185.38874487343176,PLATFORM_RATING_FIXED,fixed_origin_primary,捷豹XFL,6,1903.0
944.8218790690104,1064.8069534405638,45.44449699118151,40.4952587642979,PLATFORM_RATING_FIXED,fixed_origin_primary,捷达VA3,6,13999.0
158.08810424804688,159.29346778423817,159.46202999308008,148.90559269831732,PLATFORM_RATING_FIXED,fixed_origin_primary,捷达VA7,6,637.0
3171.8484700520835,3631.6575085415866,26.437392434529755,25.90356588535641,PLATFORM_RATING_FIXED,fixed_origin_primary,探岳,6,73469.0
224.84894180297852,382.03169189692386,563.0325322055792,102.9056941890062,PLATFORM_RATING_FIXED,fixed_origin_primary,探岳X,6,1311.0
13.292316436767578,14.233246491922749,696.5660174687703,362.5177210027521,PLATFORM_RATING_FIXED,fixed_origin_primary,探界者,6,22.0
90.45594278971355,132.45488686858815,11.070401080399568,12.668899550380047,PLATFORM_RATING_FIXED,fixed_origin_primary,探险者,6,4284.0
108.84751383463542,150.57190788250762,19.597353418028064,21.013033558809926,PLATFORM_RATING_FIXED,fixed_origin_primary,揽境,6,3108.0
552.1227823893229,688.091167880204,29.474734865036474,34.41446804836835,PLATFORM_RATING_FIXED,fixed_origin_primary,揽巡,6,9626.0
0.18391686181227365,0.19063812857209084,,,PLATFORM_RATING_FIXED,fixed_origin_primary,摩卡,6,0.0
3218.67626953125,4601.5479794066705,27.08593549945662,34.15886800832656,PLATFORM_RATING_FIXED,fixed_origin_primary,新帝豪,6,56536.0
784.3211669921875,834.3565565895376,34.779088386811324,33.77540373181027,PLATFORM_RATING_FIXED,fixed_origin_primary,日产N6,6,13933.0
457.15464274088544,558.2765223817524,51.062454807395454,36.83760215478529,PLATFORM_RATING_FIXED,fixed_origin_primary,日产N7,6,7446.0
2029.5069379607837,2994.3743375608306,98.86568931226635,99.72190342940547,PLATFORM_RATING_FIXED,fixed_origin_primary,日产NX8,6,12211.0
2332.7259928385415,2816.5506121529206,25.785729803812025,27.392273283684144,PLATFORM_RATING_FIXED,fixed_origin_primary,昂科威,6,51096.0
18.77326202392578,20.633505543784896,110.71097339926578,86.6458247258113,PLATFORM_RATING_FIXED,fixed_origin_primary,昊铂GT,6,130.0
483.84156290690106,532.1410928310041,138.23490007793498,60.505405949174786,PLATFORM_RATING_FIXED,fixed_origin_primary,星海S7,6,4798.0
398.3778483072917,507.68136242720857,57.12097673859356,42.93635871822795,PLATFORM_RATING_FIXED,fixed_origin_primary,星海T5,6,5567.0
192.7917912801107,253.0892472104191,37.771602452218886,46.6055901563523,PLATFORM_RATING_FIXED,fixed_origin_primary,星海V9,6,2482.0
4458.794026692708,5775.091414677052,34.892658699590136,40.74624816875009,PLATFORM_RATING_FIXED,fixed_origin_primary,星瑞,6,65657.0
381.2319224675496,650.2446978898723,327.2191625075799,98.42476483671678,PLATFORM_RATING_FIXED,fixed_origin_primary,星瑞L,6,2324.0
4136.674967447917,6040.894951976245,25.98589211143711,32.12785073224364,PLATFORM_RATING_FIXED,fixed_origin_primary,星越L,6,77254.0
823.0751533508301,1482.8016101040266,91.52610920168428,98.57187465279402,PLATFORM_RATING_FIXED,fixed_origin_primary,星越L 智擎,6,5010.0
141.21736653645834,173.47599936565288,466.00781188873714,104.09142496544841,PLATFORM_RATING_FIXED,fixed_origin_primary,星途ES,6,814.0
249.76192220052084,349.3329831892244,14.972504069907558,17.248751533185143,PLATFORM_RATING_FIXED,fixed_origin_primary,普拉多,6,8688.0
374.3362630208333,413.7405998871997,46.18619413354192,39.53560250176025,PLATFORM_RATING_FIXED,fixed_origin_primary,智己L6,6,5681.0
7.9493567943573,10.983221904102344,200.49899741512704,71.18826980021463,PLATFORM_RATING_FIXED,fixed_origin_primary,智己L7,6,67.0
8.088802337646484,10.858199888392791,34.097194104344794,21.763593733577984,PLATFORM_RATING_FIXED,fixed_origin_primary,智跑,6,223.0
780.1911417643229,783.9936392964992,842.7149344224553,921.4856005090429,PLATFORM_RATING_FIXED,fixed_origin_primary,曹操60,6,508.0
3649.810546875,4625.810230834182,19.174188628990883,21.79750488354153,PLATFORM_RATING_FIXED,fixed_origin_primary,朗逸,6,100465.0
2168.9873046875,3453.718281011992,15.882862735024684,18.836462864023215,PLATFORM_RATING_FIXED,fixed_origin_primary,本田CR-V,6,69089.0
1325.093017578125,1353.858233843991,64.82603478491608,65.4097746233546,PLATFORM_RATING_FIXED,fixed_origin_primary,本田HR-V,6,12155.0
40.81938807169596,46.61720508289376,23.616934634427867,24.739023073755128,PLATFORM_RATING_FIXED,fixed_origin_primary,本田UR-V,6,990.0
168.286376953125,214.96371680985348,80.02459216308183,55.69323010031716,PLATFORM_RATING_FIXED,fixed_origin_primary,本田XR-V,6,1813.0
455.5986328125,471.9286081185326,19.7203235184473,18.221515777063058,PLATFORM_RATING_FIXED,fixed_origin_primary,极氪001,6,15002.0
684.1138712565104,1058.1198231932774,43.77263026098544,57.92666141037345,PLATFORM_RATING_FIXED,fixed_origin_primary,极氪009,6,7086.0
2953.0612589518228,3470.31826102157,2968.258642473192,82.57616420613758,PLATFORM_RATING_FIXED,fixed_origin_primary,极狐 阿尔法S5,6,21457.0
214.1495564778646,229.85448555296009,433.80156078772114,168.18027995643817,PLATFORM_RATING_FIXED,fixed_origin_primary,极狐考拉,6,764.0
219.06742350260416,245.18059229071497,23.070046543550458,23.97236076993662,PLATFORM_RATING_FIXED,fixed_origin_primary,林肯Z,6,5483.0
162.6151123046875,208.86761202563181,719.9591441647392,71.21829735971716,PLATFORM_RATING_FIXED,fixed_origin_primary,枫叶60s,6,1370.0
43.26239140828451,50.33713861254833,1783.5942717622736,100.61021257740583,PLATFORM_RATING_FIXED,fixed_origin_primary,标致4008,6,258.0
451.180170694987,570.2880341866695,53.731413020215854,60.710496168870186,PLATFORM_RATING_FIXED,fixed_origin_primary,标致408,6,4459.0
16.807875951131184,18.123467554620127,70.53848603776382,61.11954891320431,PLATFORM_RATING_FIXED,fixed_origin_primary,标致408X,6,165.0
47.63603210449219,58.70329515983587,33.887734186157516,35.11255437677557,PLATFORM_RATING_FIXED,fixed_origin_primary,标致5008,6,814.0
32.131292978922524,46.35007590804736,25.18822846560073,26.813318202160662,PLATFORM_RATING_FIXED,fixed_origin_primary,标致508,6,719.0
1120.7519124348958,1373.9203416709656,56.12555250314103,37.21985650417543,PLATFORM_RATING_FIXED,fixed_origin_primary,格瑞维亚,6,18067.0
862.6149495442709,901.6319579846914,171.9390640351896,108.80154923829357,PLATFORM_RATING_FIXED,fixed_origin_primary,欧拉好猫,6,4757.0
10.03403123219808,10.585910032392954,,,PLATFORM_RATING_FIXED,fixed_origin_primary,欧拉闪电猫,6,0.0
161.00125630696616,183.39165337975828,28.68355327481728,30.784179026188557,PLATFORM_RATING_FIXED,fixed_origin_primary,欧诺S,6,3138.0
18.63827673594157,18.836532457018194,249.08400264481273,219.27384395225374,PLATFORM_RATING_FIXED,fixed_origin_primary,比亚迪M9,6,51.0
904.3793131510416,1111.846098346975,101.89523943584675,46.1928652328786,PLATFORM_RATING_FIXED,fixed_origin_primary,比亚迪e7,6,11747.0
26.217420533299446,33.014111817541554,98.13897937167992,98.93366238980923,PLATFORM_RATING_FIXED,fixed_origin_primary,比亚迪e9,6,159.0
2352.1809895833335,2607.9370257424525,94.43646761859986,81.67767774466115,PLATFORM_RATING_FIXED,fixed_origin_primary,汉,6,17279.0
0.18179752926031748,0.18337031409950533,,,PLATFORM_RATING_FIXED,fixed_origin_primary,江淮A5 PLUS,6,0.0
2.9277308806777,4.216520337267157,83.92477197779549,92.4546593898221,PLATFORM_RATING_FIXED,fixed_origin_primary,江淮QX PHEV,6,19.0
0.12977181623379389,0.13006654447774865,,,PLATFORM_RATING_FIXED,fixed_origin_primary,沃兰多,6,0.0
6.7513547738393145,7.185001681493929,,,PLATFORM_RATING_FIXED,fixed_origin_primary,沃尔沃C40,6,0.0
15.475109736124674,17.263733720743563,129.35353190829483,80.04367104892073,PLATFORM_RATING_FIXED,fixed_origin_primary,沃尔沃EM90,6,116.0
9.973229706287384,12.19777117611628,71.10915560269318,119.67875647544861,PLATFORM_RATING_FIXED,fixed_origin_primary,沃尔沃ES90,6,50.0
695.0987345377604,738.6139221759413,30.55228431300297,31.679395421394325,PLATFORM_RATING_FIXED,fixed_origin_primary,沃尔沃S60,6,13165.0
681.0167236328125,695.38220593912,116.46704169259824,70.8040260231654,PLATFORM_RATING_FIXED,fixed_origin_primary,沃尔沃S90,6,5771.0
211.31234741210938,217.32837902506827,1590.445643852054,892.8690735722931,PLATFORM_RATING_FIXED,fixed_origin_primary,沃尔沃S90新能源,6,142.0
2144.8252766927085,2574.3728946201077,86.94751847531282,45.98681982617299,PLATFORM_RATING_FIXED,fixed_origin_primary,海狮05EV,6,27984.0
4258.533365885417,4776.686324395829,70.82448928068068,40.38438469308124,PLATFORM_RATING_FIXED,fixed_origin_primary,海狮06EV,6,63270.0
298.4911702473958,303.4164341774813,195.2570042975734,183.31085173842118,PLATFORM_RATING_FIXED,fixed_origin_primary,海狮07EV,6,977.0
4043.0110677083335,4275.020527665041,42.536669121117285,35.099136785047676,PLATFORM_RATING_FIXED,fixed_origin_primary,海豚,6,69113.0
94.67488861083984,97.04375505429037,156.53491702167167,131.79798878539188,PLATFORM_RATING_FIXED,fixed_origin_primary,海豹,6,431.0
1939.7916666666667,2240.3935102729547,43.11185884019875,36.87700009505402,PLATFORM_RATING_FIXED,fixed_origin_primary,海豹06DM-i,6,31561.0
1635.653076171875,2042.1782472746627,58.98052816350102,41.16921913344765,PLATFORM_RATING_FIXED,fixed_origin_primary,海豹06EV,6,23838.0
1327.4706522623699,1662.744160908676,66.72099789282835,62.56243746425433,PLATFORM_RATING_FIXED,fixed_origin_primary,海豹06GT,6,12731.0
241.61022440592447,299.0975156145854,47.00664571678618,48.85949937430222,PLATFORM_RATING_FIXED,fixed_origin_primary,海豹07DM-i,6,2967.0
309.94149587551755,435.4620819913783,98.61349231030049,99.28718501084384,PLATFORM_RATING_FIXED,fixed_origin_primary,海豹07EV,6,1873.0
174.5892537434896,177.3463919386273,,,PLATFORM_RATING_FIXED,fixed_origin_primary,海马8S,6,0.0
19.195692539215088,19.976039640803492,,,PLATFORM_RATING_FIXED,fixed_origin_primary,海马INJOY,6,0.0
3771.5919596354165,4496.218748510292,55.70135373842798,41.06624037349151,PLATFORM_RATING_FIXED,fixed_origin_primary,海鸥,6,55105.0
2930.4478963216147,3573.1440370445284,53.302433371528636,61.89997316644846,PLATFORM_RATING_FIXED,fixed_origin_primary,深蓝L06,6,28405.0
521.1628786722819,654.4713784188123,63.58693980787816,71.24577972279998,PLATFORM_RATING_FIXED,fixed_origin_primary,深蓝L07,6,4389.0
188.77040100097656,210.45129506884464,1096.5330043335803,71.91253371465774,PLATFORM_RATING_FIXED,fixed_origin_primary,深蓝SL03,6,1575.0
238.7014414469401,243.2565654831962,802.8450003408498,669.2563778886172,PLATFORM_RATING_FIXED,fixed_origin_primary,灵悉L,6,214.0
1.363073209921519,1.5555520118901625,57.764645417531334,81.78439259529114,PLATFORM_RATING_FIXED,fixed_origin_primary,焕驰,6,10.0
218.85766092936197,221.78755959558492,7633.899250659314,2225.6711280952063,PLATFORM_RATING_FIXED,fixed_origin_primary,爱跑,6,59.0
305.86171468098956,329.8642185250154,48.151364619561484,35.62745657320787,PLATFORM_RATING_FIXED,fixed_origin_primary,狮铂拓界,6,5151.0
56.07359091440836,62.26962626647193,,,PLATFORM_RATING_FIXED,fixed_origin_primary,猛士917,6,0.0
270.8092346191406,295.54193989643403,65.32857259490353,57.152845857011734,PLATFORM_RATING_FIXED,fixed_origin_primary,理想MEGA,6,2843.0
146.1837158203125,183.99966705700402,22.597662495397515,19.36635669953356,PLATFORM_RATING_FIXED,fixed_origin_primary,瑞虎3x,6,4529.0
718.4264322916666,807.3741479021056,30.677791190072888,27.290652698638812,PLATFORM_RATING_FIXED,fixed_origin_primary,瑞虎5x,6,15795.0
547.4109700520834,609.7193495733777,24.967699893280717,24.575127723999252,PLATFORM_RATING_FIXED,fixed_origin_primary,瑞虎7,6,13365.0
3081.7618815104165,3441.703533811463,33.49430306078977,30.15422584648157,PLATFORM_RATING_FIXED,fixed_origin_primary,瑞虎8,6,61320.0
749.1500651041666,1034.8698939515946,15.967763943994278,18.521160289360914,PLATFORM_RATING_FIXED,fixed_origin_primary,瑞虎9,6,24269.0
80.23294067382812,105.03425307177238,42.57188949742787,49.83412464212927,PLATFORM_RATING_FIXED,fixed_origin_primary,瑞风E3,6,966.0
120.11844380696614,142.73454100380513,38.383556999031306,32.86414331243944,PLATFORM_RATING_FIXED,fixed_origin_primary,瑞风M3,6,2193.0
18.32917658487956,19.484990867279453,266.11143307252365,105.74524952815129,PLATFORM_RATING_FIXED,fixed_origin_primary,瑞风RF8,6,104.0
93.52024968465169,132.59613370211113,250.585209227468,80.27489243317741,PLATFORM_RATING_FIXED,fixed_origin_primary,瑞风RF8新能源,6,699.0
240.67398071289062,243.99365370720784,,,PLATFORM_RATING_FIXED,fixed_origin_primary,电动MINI ACEMAN,6,0.0
303.28165435791016,304.4366758267524,,,PLATFORM_RATING_FIXED,fixed_origin_primary,电动MINI COOPER,6,0.0
717.8795979817709,931.4879842285552,22.426019926805978,20.52355071182458,PLATFORM_RATING_FIXED,fixed_origin_primary,皇冠陆放,6,20987.0
3147.1705729166665,3495.864144166727,80.76088645292332,62.5286381585483,PLATFORM_RATING_FIXED,fixed_origin_primary,皓影,6,30199.0
61.012701670328774,68.75966965876387,154.07971255481962,90.61292327276551,PLATFORM_RATING_FIXED,fixed_origin_primary,皓影新能源,6,404.0
19.432532628377277,20.94014446412701,146.898331935958,66.24727032401346,PLATFORM_RATING_FIXED,fixed_origin_primary,睿蓝8,6,176.0
474.59439849853516,589.9226740407627,61.86995376798563,75.87440423637652,PLATFORM_RATING_FIXED,fixed_origin_primary,福瑞迪,6,3753.0
3000.69189453125,3713.3805028738498,44.31974660044896,33.524786546975086,PLATFORM_RATING_FIXED,fixed_origin_primary,秦L,6,53704.0
9606.043294270834,10148.261615287933,106.57558952573713,84.30174460007458,PLATFORM_RATING_FIXED,fixed_origin_primary,秦PLUS,6,68369.0
661.0705057779948,665.7399110192662,1436.2412744012825,986.6723966835742,PLATFORM_RATING_FIXED,fixed_origin_primary,秦新能源,6,402.0
220.16357421875,282.28905781542977,24.66147330030929,25.224010794586594,PLATFORM_RATING_FIXED,fixed_origin_primary,索纳塔,6,5237.0
12.687113761901855,12.762299931969332,,,PLATFORM_RATING_FIXED,fixed_origin_primary,红旗E-HS9,6,0.0
1528.0504557291667,1600.5310297186463,63.20781384095242,55.819194729832574,PLATFORM_RATING_FIXED,fixed_origin_primary,红旗E-QM5,6,16425.0
154.0281016031901,172.21448072410945,361.38235559003795,130.34818189268555,PLATFORM_RATING_FIXED,fixed_origin_primary,红旗EH7,6,709.0
2793.5100911458335,3202.9217087708257,33.38216798619691,31.106398208850656,PLATFORM_RATING_FIXED,fixed_origin_primary,红旗H5,6,53883.0
221.35188802083334,294.04519595499823,43.90332908103565,27.30492039730674,PLATFORM_RATING_FIXED,fixed_origin_primary,红旗H5 PHEV,6,4864.0
106.61302693684895,133.46782468724638,12.322050262222856,11.03083568927563,PLATFORM_RATING_FIXED,fixed_origin_primary,红旗H6,6,5799.0
110.76552836100261,119.05877862520384,25.924337168166833,25.022333214081915,PLATFORM_RATING_FIXED,fixed_origin_primary,红旗H9,6,2656.0
72.3098258972168,74.23934619473955,287.4153660302811,225.9682059288025,PLATFORM_RATING_FIXED,fixed_origin_primary,红旗HQ9,6,192.0
129.02034505208334,169.5108869237936,24.900490486350023,19.533738842101943,PLATFORM_RATING_FIXED,fixed_origin_primary,红旗HS3,6,3963.0
946.7280476888021,1027.604866505924,84.25462257101036,73.07819742869951,PLATFORM_RATING_FIXED,fixed_origin_primary,红旗HS3 PHEV,6,7773.0
449.3201090494792,707.3792063290413,10.217732258526162,11.398277753665123,PLATFORM_RATING_FIXED,fixed_origin_primary,红旗HS5,6,23652.0
483.2725016276042,486.628525480934,851.4961955901558,624.9213383115572,PLATFORM_RATING_FIXED,fixed_origin_primary,红旗HS7 PHEV,6,464.0
2.6828651428222656,3.0561812819803706,72.8712257411745,61.912272526667664,PLATFORM_RATING_FIXED,fixed_origin_primary,红旗国耀,6,26.0
115.65701293945312,142.6647650692309,83.55288721275674,37.46987460241462,PLATFORM_RATING_FIXED,fixed_origin_primary,红旗天工05,6,1852.0
36.94634501139323,45.190169901980866,92.11754023831861,47.87863284413809,PLATFORM_RATING_FIXED,fixed_origin_primary,红旗天工06,6,463.0
151.80504608154297,162.93490431844162,426.5109544039054,198.0065818454908,PLATFORM_RATING_FIXED,fixed_origin_primary,红旗天工08,6,460.0
964.5936889648438,1440.439494746893,33.6246819785321,43.065422529868755,PLATFORM_RATING_FIXED,fixed_origin_primary,纳米01,6,13439.0
205.9652303059896,274.34293581074485,34.29396057014365,40.18833762068089,PLATFORM_RATING_FIXED,fixed_origin_primary,缤智,6,3075.0
498.40189361572266,738.87518549497,46.79024934546914,68.38352073392034,PLATFORM_RATING_FIXED,fixed_origin_primary,缤瑞,6,4373.0
3281.2325846354165,3984.1368268059105,25.9701536498347,29.668011133098,PLATFORM_RATING_FIXED,fixed_origin_primary,缤越,6,66359.0
55.10322146614393,94.76339787289102,99.71886140116929,100.49219720269409,PLATFORM_RATING_FIXED,fixed_origin_primary,羿驰05,6,329.0
81.8858019510905,94.8625114959716,57.166794458470825,52.60329889791681,PLATFORM_RATING_FIXED,fixed_origin_primary,胜达,6,934.0
1382.1615397135417,1755.2858083245872,28.699412278247543,29.380603834341564,PLATFORM_RATING_FIXED,fixed_origin_primary,腾势D9,6,28226.0
95.77623240152995,108.72254794778772,30.69089426462041,33.04527857442091,PLATFORM_RATING_FIXED,fixed_origin_primary,艾力绅,6,1739.0
251.48579915364584,331.12767139483526,15.5551519922449,17.9163476005922,PLATFORM_RATING_FIXED,fixed_origin_primary,艾瑞泽5,6,8422.0
3302.3414713541665,3437.750937617423,46.33658659007503,39.321390807948006,PLATFORM_RATING_FIXED,fixed_origin_primary,艾瑞泽8,6,50390.0
1053.1151529947917,1185.9819959254007,45.95783060652238,39.300229617917346,PLATFORM_RATING_FIXED,fixed_origin_primary,英仕派,6,16078.0
89.06520589192708,89.78874070026328,763.1494929046227,703.1463623046875,PLATFORM_RATING_FIXED,fixed_origin_primary,荣威D5X DMH,6,76.0
504.7715250651042,718.7789516672751,185.98943460124536,37.39510001717033,PLATFORM_RATING_FIXED,fixed_origin_primary,荣威D6,6,8099.0
239.08680216471353,273.7877607075126,61.47368612875933,38.87590279101033,PLATFORM_RATING_FIXED,fixed_origin_primary,荣威D7,6,3690.0
0.14118378857771555,0.14146023756718717,,,PLATFORM_RATING_FIXED,fixed_origin_primary,荣威RX3,6,0.0
2026.0190022786458,2225.7771899068202,243.8457177583079,48.20220474115498,PLATFORM_RATING_FIXED,fixed_origin_primary,荣威i5,6,25219.0
96.50597890218098,99.473734674561,911.4522105364498,1867.857656171245,PLATFORM_RATING_FIXED,fixed_origin_primary,荣威i6 MAX新能源,6,31.0
61.80199368794759,62.39331387836175,779.1551584376521,598.0838098833638,PLATFORM_RATING_FIXED,fixed_origin_primary,荣威iMAX8,6,62.0
62.14782587687174,75.87201270034535,263.2249158102792,125.12985075880216,PLATFORM_RATING_FIXED,fixed_origin_primary,荣威iMAX8新能源,6,298.0
471.7775573730469,507.138576308189,49.83263793751045,51.739450634953045,PLATFORM_RATING_FIXED,fixed_origin_primary,菱智,6,5471.0
565.9545491536459,657.762664466698,31.701126941329978,26.75486365365486,PLATFORM_RATING_FIXED,fixed_origin_primary,蒙迪欧,6,12692.0
121.5796407063802,159.7700641182925,20.25859814229145,18.200545015925183,PLATFORM_RATING_FIXED,fixed_origin_primary,蔚来ET5,6,4008.0
594.83251953125,768.7082410973569,36.80566337976533,29.542216018438044,PLATFORM_RATING_FIXED,fixed_origin_primary,蔚来ET5T,6,12081.0
24.076913197835285,24.7997176299172,159.06042405557432,150.48070748647052,PLATFORM_RATING_FIXED,fixed_origin_primary,蔚来ET7,6,96.0
46.39434195806583,80.49832242145374,99.78424190652916,100.13167329078956,PLATFORM_RATING_FIXED,fixed_origin_primary,蔚来ET9,6,278.0
395.4257303873698,793.7719455386808,21.813257121759,37.9184015074991,PLATFORM_RATING_FIXED,fixed_origin_primary,豪越L,6,6257.0
436.96185302734375,491.11040540035856,38.96373765793826,29.87092535221673,PLATFORM_RATING_FIXED,fixed_origin_primary,赛图斯,6,8777.0
2047.8873697916667,2248.400269195338,27.99375588760931,29.245089179459715,PLATFORM_RATING_FIXED,fixed_origin_primary,赛那SIENNA,6,42015.0
95.88881810506184,98.10670954578009,521.7043263465926,237.7408713348641,PLATFORM_RATING_FIXED,fixed_origin_primary,起亚EV5,6,242.0
647.0223083496094,711.738614108425,63.738135276055615,67.68015777715578,PLATFORM_RATING_FIXED,fixed_origin_primary,起亚K3,6,5736.0
135.59717305501303,143.71052270225152,1436.8278236258761,410.90052440913036,PLATFORM_RATING_FIXED,fixed_origin_primary,起亚K5凯酷,6,198.0
0.09779959544539452,0.09816857739894576,,,PLATFORM_RATING_FIXED,fixed_origin_primary,起亚KX3傲跑,6,0.0
67.41048876444499,82.33561654217225,52.6116744805031,55.028970419955094,PLATFORM_RATING_FIXED,fixed_origin_primary,轩度EV,6,735.0
5705.8271484375,6347.9412659792315,41.70859605049637,35.98793521494497,PLATFORM_RATING_FIXED,fixed_origin_primary,轩逸,6,95129.0
1881.7491861979167,2562.0533975812928,14.760886569939066,14.705761067504818,PLATFORM_RATING_FIXED,fixed_origin_primary,迈腾,6,76776.0
25.445648392041523,44.494374016605,90.29051085649911,129.38465284088912,PLATFORM_RATING_FIXED,fixed_origin_primary,迈腾PHEV,6,118.0
397.48516209920246,741.7841019486867,1707.303615975435,105.43372999978845,PLATFORM_RATING_FIXED,fixed_origin_primary,迈锐宝XL,6,2262.0
877.0755208333334,1074.9571616658798,24.660741887944084,19.151514393332846,PLATFORM_RATING_FIXED,fixed_origin_primary,逍客,6,27478.0
78.54929264386494,166.59605308920285,94.96120814482641,92.5924864171296,PLATFORM_RATING_FIXED,fixed_origin_primary,途安,6,509.0
1290.9637858072917,1662.9399683702072,15.23943982282732,15.241003334862363,PLATFORM_RATING_FIXED,fixed_origin_primary,途岳,6,50822.0
312.78045654296875,431.6994746177331,22.0820069348682,16.26523434960836,PLATFORM_RATING_FIXED,fixed_origin_primary,途昂,6,11538.0
301.40537516276044,342.7888000089283,18.83314931440836,17.773289935887593,PLATFORM_RATING_FIXED,fixed_origin_primary,途胜L,6,10175.0
2452.56884765625,3396.77179472835,16.60686330570955,17.770950276474533,PLATFORM_RATING_FIXED,fixed_origin_primary,途观L,6,82806.0
154.76738484700522,167.26861659210732,6738.73189816193,183.5186381585042,PLATFORM_RATING_FIXED,fixed_origin_primary,途观L新能源,6,506.0
4090.7350260416665,4902.074080144133,28.219720873918487,29.015391893050086,PLATFORM_RATING_FIXED,fixed_origin_primary,速腾,6,84591.0
2320.1373697916665,2412.7756899953933,25.933943271955528,23.74189756583211,PLATFORM_RATING_FIXED,fixed_origin_primary,逸动,6,58634.0
77.09760157267253,80.03293040585388,3643.7609923412256,237.223389454377,PLATFORM_RATING_FIXED,fixed_origin_primary,钇为3,6,195.0
2363.061279296875,2627.406666335802,32.712953698899696,34.14992936986668,PLATFORM_RATING_FIXED,fixed_origin_primary,铂智3X,6,41518.0
46.428370793660484,49.41948513010504,1068.8788827304445,83.6547221507396,PLATFORM_RATING_FIXED,fixed_origin_primary,铂智4X,6,333.0
1719.5069379607837,2431.632009634474,99.41737541637924,99.67193148260749,PLATFORM_RATING_FIXED,fixed_origin_primary,铂智7,6,10351.0
66.96422322591145,87.61463607002469,43.8114829555532,31.463221562683536,PLATFORM_RATING_FIXED,fixed_origin_primary,银河E8,6,1277.0
253.91049448649088,391.1626219710423,42.66326518944466,59.00321328113654,PLATFORM_RATING_FIXED,fixed_origin_primary,银河V900,6,2582.0
1375.68701171875,1515.507746369612,80.61920708150193,54.19290965998621,PLATFORM_RATING_FIXED,fixed_origin_primary,银河星耀6,6,15231.0
1297.2748292088509,2488.573206451797,99.03007215985687,99.82876715727978,PLATFORM_RATING_FIXED,fixed_origin_primary,银河星耀7,6,7797.0
2337.2412109375,3330.9853260957143,15.09846082824559,17.835862976947535,PLATFORM_RATING_FIXED,fixed_origin_primary,锋兰达,6,78625.0
240.7805379231771,289.1915399062916,14.597705559472876,13.630372936494597,PLATFORM_RATING_FIXED,fixed_origin_primary,锐界L,6,10599.0
22.35204315185547,22.612897870027986,921.6145401909238,638.6298043387277,PLATFORM_RATING_FIXED,fixed_origin_primary,锐程PLUS,6,21.0
36.808998107910156,53.527232981452094,14.614504597748443,18.02889703244579,PLATFORM_RATING_FIXED,fixed_origin_primary,锐际,6,1225.0
5396.912679036458,5699.819684636044,43.73146426549905,44.381288991829656,PLATFORM_RATING_FIXED,fixed_origin_primary,长安CS75 PLUS,6,72962.0
4754.380045572917,4780.283600313313,285.888543635442,241.21664361100542,PLATFORM_RATING_FIXED,fixed_origin_primary,长安Lumin,6,11826.0
69.8306490580241,73.04849955306939,1210.004887881209,252.39993635430395,PLATFORM_RATING_FIXED,fixed_origin_primary,长安UNI-K,6,166.0
3.8288842837015786,4.3766189865634395,361.8943214416504,328.19008146013533,PLATFORM_RATING_FIXED,fixed_origin_primary,长安UNI-K 智电iDD,6,7.0
14.420495986938477,16.621834747284883,381.31672133189585,84.82644698199104,PLATFORM_RATING_FIXED,fixed_origin_primary,长安UNI-T,6,102.0
1025.3709716796875,1165.2289928696605,68.2311588755189,48.776863791945814,PLATFORM_RATING_FIXED,fixed_origin_primary,长安UNI-V,6,12613.0
1948.3559163411458,2643.996980074034,62.83258961894575,59.01724302325765,PLATFORM_RATING_FIXED,fixed_origin_primary,长安UNI-Z新能源,6,19808.0
3413.5673828125,3489.8367217769296,40.523930162535876,40.75414735927054,PLATFORM_RATING_FIXED,fixed_origin_primary,长安X5 PLUS,6,50256.0
769.8669230143229,926.3972275089678,70.0170263494581,49.64214441790368,PLATFORM_RATING_FIXED,fixed_origin_primary,长安启源A07,6,9305.0
1779.8218587239583,1801.376410798071,,,PLATFORM_RATING_FIXED,fixed_origin_primary,长安启源Q05经典,6,0.0
860.9141642252604,896.3830255657009,316.0924562248192,193.60888250942887,PLATFORM_RATING_FIXED,fixed_origin_primary,长安欧尚520,6,2668.0
4498.67578125,4917.783724329185,105.88365752360424,66.81036283136555,PLATFORM_RATING_FIXED,fixed_origin_primary,雅阁,6,40401.0
3163.564453125,3407.190766649973,109.64493794177763,88.42535506731576,PLATFORM_RATING_FIXED,fixed_origin_primary,零跑B01,6,21466.0
1494.6918538411458,1678.4516215453218,64.88105027935038,44.74232250572179,PLATFORM_RATING_FIXED,fixed_origin_primary,零跑Lafa5,6,20044.0
657.5942891438802,716.9784274689075,15124.898973540394,104.57370089751608,PLATFORM_RATING_FIXED,fixed_origin_primary,零跑T03,6,3773.0
395.28321329752606,452.66271759623544,185.8459606971407,90.31604264223748,PLATFORM_RATING_FIXED,fixed_origin_primary,雷凌,6,2626.0
770.0179443359375,1232.79603400741,15.27785377658677,19.948651407666777,PLATFORM_RATING_FIXED,fixed_origin_primary,领克03,6,23160.0
499.53220621744794,782.609366390089,20.391183736006504,24.61760359182495,PLATFORM_RATING_FIXED,fixed_origin_primary,领克07,6,12175.0
724.6224365234375,901.2161252908572,24.425000016349788,24.12325705565458,PLATFORM_RATING_FIXED,fixed_origin_primary,领克10,6,18023.0
2698.5013834635415,2848.9348986688715,125.99196721797551,121.24463307459375,PLATFORM_RATING_FIXED,fixed_origin_primary,风云A9L,6,13354.0
6.1055779457092285,6.819106841812394,56.46844624670266,63.16115116250926,PLATFORM_RATING_FIXED,fixed_origin_primary,风光330,6,58.0
10.238744735717773,12.62359374789781,27.573696501040583,22.668807532954478,PLATFORM_RATING_FIXED,fixed_origin_primary,风光380,6,271.0
20.914562225341797,21.15828553179404,1152.1710463932582,627.4368667602539,PLATFORM_RATING_FIXED,fixed_origin_primary,风光E380,6,20.0
113.04139073689778,117.22601375296357,67.17144299767578,70.50398590658905,PLATFORM_RATING_FIXED,fixed_origin_primary,飞凡F7,6,962.0
200.23369344075522,228.2249863982429,41.93692771000084,33.53062128508321,PLATFORM_RATING_FIXED,fixed_origin_primary,马自达3 昂克赛拉,6,3583.0
335.93092854817706,494.6237266229839,21.433312129608083,24.583309809599495,PLATFORM_RATING_FIXED,fixed_origin_primary,马自达EZ-6,6,8199.0
4377.894368489583,4664.012915688635,13479.45967260629,598.6181907688582,PLATFORM_RATING_FIXED,fixed_origin_primary,驱逐舰05,6,4388.0
28.43835703531901,34.41073559923257,55.24695522557435,34.470735800386684,PLATFORM_RATING_FIXED,fixed_origin_primary,骐达,6,495.0
464.84765625,521.9473229216726,44.802279962245336,37.19773189517205,PLATFORM_RATING_FIXED,fixed_origin_primary,高尔夫,6,7498.0
28.833180745442707,35.09169549513553,19.54270855680026,17.61701471208312,PLATFORM_RATING_FIXED,fixed_origin_primary,高尔夫GTI,6,982.0
722.5220540364584,865.9254370696164,14.032809942791392,12.665826172959212,PLATFORM_RATING_FIXED,fixed_origin_primary,魏牌 高山,6,34227.0
1332.4037679036458,1435.5509171153383,42.69435917230567,32.90292055571418,REVIEW_RICH_FIXED,fixed_origin_primary,AION RT,6,24297.0
1327.0518798828125,1459.6328544901894,148.8022659161091,60.2156188406328,REVIEW_RICH_FIXED,fixed_origin_primary,AION S,6,13223.0
1309.0165201822917,1359.5492824172854,81.55843866916989,66.7014787354034,REVIEW_RICH_FIXED,fixed_origin_primary,AION UT,6,11775.0
157.73838806152344,162.41572806939774,240.92867673356216,194.33887646183587,REVIEW_RICH_FIXED,fixed_origin_primary,EO 羿欧,6,487.0
0.3385045751929283,0.34627195876745653,,,REVIEW_RICH_FIXED,fixed_origin_primary,EVOS,6,0.0
661.8648478190104,706.3097717863822,176.657637851174,116.62816701656571,REVIEW_RICH_FIXED,fixed_origin_primary,ID.4 CROZZ,6,3405.0
62.352439880371094,69.38780758948747,180.09594841391623,66.5684411534211,REVIEW_RICH_FIXED,fixed_origin_primary,ID.4 X,6,562.0
11.979695002237955,12.13277331955128,1174.4884490966797,7187.817001342773,REVIEW_RICH_FIXED,fixed_origin_primary,ID.6 CROZZ,6,1.0
19.778194745381672,21.14530008782616,253.7246518806553,162.5605047565617,REVIEW_RICH_FIXED,fixed_origin_primary,IQ傲歌,6,73.0
126.81714502970378,199.162524858434,194.34780116663373,100.5155706972553,REVIEW_RICH_FIXED,fixed_origin_primary,IQ锐歌,6,757.0
6662.1103515625,7477.748126224182,52.50340579484306,56.496066752469865,REVIEW_RICH_FIXED,fixed_origin_primary,MG4,6,70753.0
16.147685686747234,19.038410052272923,217.3929131977142,84.9878194039328,REVIEW_RICH_FIXED,fixed_origin_primary,MG6,6,114.0
444.43311818440753,480.5818633325158,59.69420443163974,59.9909720833846,REVIEW_RICH_FIXED,fixed_origin_primary,MG7,6,4445.0
4974.034505208333,6925.8037924516775,190.63630326984386,44.91768313905361,REVIEW_RICH_FIXED,fixed_origin_primary,Model 3,6,66442.0
4704.400390625,5447.614737690075,18.966780385579373,16.361898722849872,REVIEW_RICH_FIXED,fixed_origin_primary,Model Y,6,172513.0
59.59345245361328,81.70094668164636,22.90250733300944,26.723521279647212,REVIEW_RICH_FIXED,fixed_origin_primary,PATHFINDER探陆,6,1338.0
51.51659711201986,52.07921523479803,,,REVIEW_RICH_FIXED,fixed_origin_primary,Polestar 4,6,0.0
534.6988372802734,686.5645815067439,72.4663705714487,64.82507625139706,REVIEW_RICH_FIXED,fixed_origin_primary,QQ冰淇淋,6,4949.0
1907.2722981770833,2324.518372416158,15.706774214595317,16.615317520490315,REVIEW_RICH_FIXED,fixed_origin_primary,RAV4荣放,6,68874.0
661.6108805338541,877.0549179887512,25.31745725567072,28.889202264777854,REVIEW_RICH_FIXED,fixed_origin_primary,T-ROC探歌,6,13741.0
332.0111490885417,404.68794450464685,38.61942882010983,32.656834336577866,REVIEW_RICH_FIXED,fixed_origin_primary,eπ007,6,6100.0
427.00293986002606,500.1826538894848,59.04166043494238,67.49256162171118,REVIEW_RICH_FIXED,fixed_origin_primary,e爱丽舍,6,3796.0
1926.4773763020833,2149.6715416647776,39.069362116445674,39.925613131886635,REVIEW_RICH_FIXED,fixed_origin_primary,firefly萤火虫,6,28951.0
85.7953618367513,86.06716103237424,,,REVIEW_RICH_FIXED,fixed_origin_primary,iCAR 03,6,0.0
103.21736399332683,142.1239193291541,34.91542285020849,38.370767283764614,REVIEW_RICH_FIXED,fixed_origin_primary,世纪,6,1614.0
129.004638671875,138.37586177386555,142.0432503137671,45.26478549890351,REVIEW_RICH_FIXED,fixed_origin_primary,东风本田S7,6,1710.0
624.0244140625,749.3140373906721,194.3335393856089,61.059140319227,REVIEW_RICH_FIXED,fixed_origin_primary,丰田bZ3,6,6132.0
471.62987263997394,496.3003869055842,77.24513924199701,52.98219876127773,REVIEW_RICH_FIXED,fixed_origin_primary,丰田bZ5,6,5341.0
126.25473276774089,205.5341607325136,32.20249136611712,46.21893817000887,REVIEW_RICH_FIXED,fixed_origin_primary,五菱佳辰,6,1639.0
29.81430943806966,33.05019141198704,,,REVIEW_RICH_FIXED,fixed_origin_primary,五菱宏光,6,0.0
369.22017005085945,904.1132704819722,99.98267072049005,100.01449301603415,REVIEW_RICH_FIXED,fixed_origin_primary,五菱宏光S,6,2215.0
63.50776974360148,67.03758737025882,74.05578748231389,73.41938698682252,REVIEW_RICH_FIXED,fixed_origin_primary,五菱征程,6,519.0
0.13703259701530138,0.1652025175140205,,,REVIEW_RICH_FIXED,fixed_origin_primary,五菱星云,6,0.0
763.5516255696615,786.1449232089552,247.46596185511484,202.98226643411468,REVIEW_RICH_FIXED,fixed_origin_primary,五菱星光,6,2257.0
297.43300374348956,318.9866467194248,2577.958799888627,129.50638769672986,REVIEW_RICH_FIXED,fixed_origin_primary,五菱星驰,6,1378.0
2.1742648482322693,2.6513996037890784,64.6211804151535,76.7387593493742,REVIEW_RICH_FIXED,fixed_origin_primary,亚洲狮,6,17.0
3103.5231119791665,3247.992957982426,48.447401210750265,40.15253293055675,REVIEW_RICH_FIXED,fixed_origin_primary,亚洲龙,6,46376.0
0.08798993926029652,0.11265297366863974,,,REVIEW_RICH_FIXED,fixed_origin_primary,享域,6,0.0
656.7378336588541,799.9735216706729,23.69520421684106,18.42181861595664,REVIEW_RICH_FIXED,fixed_origin_primary,伊兰特,6,21390.0
530.5960693359375,655.4128091438449,31.314259127639826,35.65434445084136,REVIEW_RICH_FIXED,fixed_origin_primary,传祺E8新能源,6,8929.0
0.0727413718899091,0.09191716759264751,,,REVIEW_RICH_FIXED,fixed_origin_primary,传祺GA8,6,0.0
856.3772684733073,1024.3359836855932,39.31573819430867,44.595240503730636,REVIEW_RICH_FIXED,fixed_origin_primary,传祺M6,6,11522.0
2485.1595458984375,2743.638067724785,46.74508403461775,51.02647756960723,REVIEW_RICH_FIXED,fixed_origin_primary,传祺M8,6,29222.0
1591.0762532552083,1958.8994792930557,60.88679932641634,37.953554325652014,REVIEW_RICH_FIXED,fixed_origin_primary,元PLUS,6,25153.0
5743.868326822917,6018.931593163953,63.391997606133955,41.6876859331529,REVIEW_RICH_FIXED,fixed_origin_primary,元UP,6,82670.0
31.21777089436849,35.39190371030652,11.332699794217014,9.694959905083381,REVIEW_RICH_FIXED,fixed_origin_primary,冠道,6,1932.0
103.03036753336589,114.18327998601548,44.94047263027174,40.298709595840634,REVIEW_RICH_FIXED,fixed_origin_primary,凌宝BOX,6,1534.0
8.918875296910604,9.655055529510378,118.65877114090266,90.70042674824343,REVIEW_RICH_FIXED,fixed_origin_primary,凌尚,6,59.0
2.5344914197921753,2.8140654695206915,43.97454659144084,58.48826353366559,REVIEW_RICH_FIXED,fixed_origin_primary,凌放HARRIER,6,26.0
744.8490804036459,797.0203752465136,49.913570418281395,38.69680909534917,REVIEW_RICH_FIXED,fixed_origin_primary,凌渡,6,11549.0
415.6474609375,541.0809193705861,32.89465220234221,38.966949462890625,REVIEW_RICH_FIXED,fixed_origin_primary,凡尔赛C5 X,6,6400.0
52.15956539505472,77.98463470685772,99.96619171320123,99.98638733876304,REVIEW_RICH_FIXED,fixed_origin_primary,凯威德,6,313.0
2352.6513671875,2910.6000099780363,14.652402157385469,16.417473864138586,REVIEW_RICH_FIXED,fixed_origin_primary,凯美瑞,6,85981.0
392.1439514160156,611.0756272521392,80.13335384343426,80.63275217601418,REVIEW_RICH_FIXED,fixed_origin_primary,凯翼拾月,6,2918.0
608.4748128255209,893.6354112175552,18.5030665596836,23.759266412554503,REVIEW_RICH_FIXED,fixed_origin_primary,凯迪拉克CT5,6,15366.0
817.431884765625,1015.9490626574898,20.058262064648304,22.61952362954273,REVIEW_RICH_FIXED,fixed_origin_primary,凯迪拉克XT5,6,21683.0
18.81600507100423,24.704741623712223,24.336714820074167,20.984392272495427,REVIEW_RICH_FIXED,fixed_origin_primary,凯迪拉克XT6,6,538.0
1.1327295104662578,1.248580039339382,65.58652048309645,67.96377062797546,REVIEW_RICH_FIXED,fixed_origin_primary,别克E4,6,10.0
0.10505745063225429,0.1104214755744474,,,REVIEW_RICH_FIXED,fixed_origin_primary,别克GL6,6,0.0
729.9698486328125,929.5904375083414,21.205500937329823,22.28575327836399,REVIEW_RICH_FIXED,fixed_origin_primary,别克GL8,6,19653.0
628.2584635416666,726.5093806723598,27.163123215921498,24.84053233113674,REVIEW_RICH_FIXED,fixed_origin_primary,别克GL8新能源,6,15175.0
50.5926513671875,60.250089964116704,33.20703974105423,35.54518831418326,REVIEW_RICH_FIXED,fixed_origin_primary,勇士,6,854.0
640.0059102376302,709.616026602921,7422.448045806054,450.7083874912889,REVIEW_RICH_FIXED,fixed_origin_primary,北京EU5,6,852.0
27.70959536234538,32.20969564711709,22.86467127501245,24.413740407352755,REVIEW_RICH_FIXED,fixed_origin_primary,北京现代ix35,6,681.0
173.64975847086558,243.00152921357596,99.98477810605308,99.99026399474026,REVIEW_RICH_FIXED,fixed_origin_primary,博越REV,6,1042.0
1521.6919352213542,2112.9801845754614,23.836616124516684,29.051010599873123,REVIEW_RICH_FIXED,fixed_origin_primary,卡罗拉,6,31428.0
0.05376465401301781,0.06851213835717794,,,REVIEW_RICH_FIXED,fixed_origin_primary,卡罗拉双擎E+,6,0.0
3043.7841796875,3551.9276624269255,31.030636452845428,26.938924487963362,REVIEW_RICH_FIXED,fixed_origin_primary,卡罗拉锐放,6,67793.0
1.6621554891268413,1.7010031552246816,,,REVIEW_RICH_FIXED,fixed_origin_primary,合创A06,6,0.0
264.46872965494794,283.2099652492666,45.17606863519559,36.36975425005014,REVIEW_RICH_FIXED,fixed_origin_primary,吉利ICON,6,4363.0
2317.226359049479,2634.1959571307602,87.49074820709684,69.75045479504779,REVIEW_RICH_FIXED,fixed_origin_primary,吉利熊猫,6,19933.0
783.3019205729166,908.1947094229139,33.55986376204636,33.05303835317181,REVIEW_RICH_FIXED,fixed_origin_primary,君威,6,14219.0
1273.28271484375,1822.0993587256705,22.2968166761701,28.145064430675287,REVIEW_RICH_FIXED,fixed_origin_primary,君越,6,27144.0
32.21773783365885,39.51027697852453,34.47283776493855,28.09686438981877,REVIEW_RICH_FIXED,fixed_origin_primary,启辰D60,6,688.0
0.0752915379901727,0.09562220104311843,,,REVIEW_RICH_FIXED,fixed_origin_primary,启辰T60,6,0.0
1331.1560465494792,1395.144830295605,82.49523936540868,78.11948629985206,REVIEW_RICH_FIXED,fixed_origin_primary,唐新能源,6,10224.0
16.167545954386394,19.926876635085954,22.424967831174587,22.09687374175817,REVIEW_RICH_FIXED,fixed_origin_primary,嘉华,6,439.0
354.3596496582031,368.03024855112744,208.72756771179834,106.36107543517852,REVIEW_RICH_FIXED,fixed_origin_primary,型格,6,1999.0
241.98205784956613,304.0086799316276,96.89391778011527,97.57341042321215,REVIEW_RICH_FIXED,fixed_origin_primary,埃尚,6,1488.0
570.343994140625,587.4634081476039,86.22846905486341,83.44462240535844,REVIEW_RICH_FIXED,fixed_origin_primary,夏,6,4101.0
246.03412882486978,358.91862354610254,23.030364510147415,27.69614958628928,REVIEW_RICH_FIXED,fixed_origin_primary,大众CC,6,5330.0
674.3853963216146,694.2644955966753,125.4271210030551,103.64529656582191,REVIEW_RICH_FIXED,fixed_origin_primary,大众ID.3,6,3904.0
92.49491755167644,110.21436074726245,302.0170974158861,148.78539016355458,REVIEW_RICH_FIXED,fixed_origin_primary,大家7,6,373.0
55.85128529866537,71.45126157761531,149.79141321992654,51.475838984945035,REVIEW_RICH_FIXED,fixed_origin_primary,大家9,6,651.0
71.20977274576823,73.30910965715938,46.60374852567673,43.597820048429526,REVIEW_RICH_FIXED,fixed_origin_primary,大通G10,6,980.0
75.19302368164062,83.5894773569791,36.29956515230803,29.584140464907787,REVIEW_RICH_FIXED,fixed_origin_primary,大通G50,6,1525.0
8.465010007222494,9.945340466141113,50.549912323773896,57.71597732197154,REVIEW_RICH_FIXED,fixed_origin_primary,大通G70,6,88.0
22.324555079142254,24.58122127964717,239.4877431460238,150.50261851107138,REVIEW_RICH_FIXED,fixed_origin_primary,大通G90,6,89.0
1042.5275065104167,1245.3046985279027,26.194361957186814,22.978344864677467,REVIEW_RICH_FIXED,fixed_origin_primary,天籁,6,27222.0
627.2060139973959,765.0136867499042,33.20410366931875,25.484093478596705,REVIEW_RICH_FIXED,fixed_origin_primary,奇骏,6,14767.0
4.905449469884236,5.918253249080013,,,REVIEW_RICH_FIXED,fixed_origin_primary,奔奔E-Star,6,0.0
2927.66796875,3137.275669087246,131.07306077962966,67.49666786743515,REVIEW_RICH_FIXED,fixed_origin_primary,奔腾小马,6,26025.0
632.9266255696615,645.8976368325135,5386.345421907824,292.57008886116864,REVIEW_RICH_FIXED,fixed_origin_primary,奔驰A级,6,1298.0
1641.3203125,2004.61429545458,34.766579815487944,24.02342320640109,REVIEW_RICH_FIXED,fixed_origin_primary,奔驰C级,6,40993.0
1740.9432779947917,2477.1272121147967,15.139822071965902,17.061101948499388,REVIEW_RICH_FIXED,fixed_origin_primary,奔驰E级,6,61225.0
883.3573608398438,1068.5709119802575,444.74370216844835,87.11611053647374,REVIEW_RICH_FIXED,fixed_origin_primary,奔驰GLB,6,6084.0
1814.2736002604167,2848.8096211356383,16.972469670931556,20.71995279814702,REVIEW_RICH_FIXED,fixed_origin_primary,奔驰GLC,6,52537.0
400.0967203776042,404.39538444019104,152.13945658213308,142.46767491190653,REVIEW_RICH_FIXED,fixed_origin_primary,奔驰V级,6,1685.0
676.3612492879232,744.376181130218,73.76186882508048,76.38184633403988,REVIEW_RICH_FIXED,fixed_origin_primary,奕炫,6,5313.0
889.9354146321615,938.2319515192512,45.34992298921477,46.679014667304564,REVIEW_RICH_FIXED,fixed_origin_primary,奕跑,6,11439.0
186.04761759440103,246.9832742390794,17.78655546106815,18.990910268227395,REVIEW_RICH_FIXED,fixed_origin_primary,奥德赛,6,5878.0
1844.6883138020833,2096.799242666299,30.359775542613615,32.2178782174201,REVIEW_RICH_FIXED,fixed_origin_primary,奥迪A3,6,34354.0
1686.4740804036458,1886.1049498361563,92.0165723804757,71.35494310994905,REVIEW_RICH_FIXED,fixed_origin_primary,奥迪A4L,6,14181.0
896.9854329427084,1052.0329853526357,25.571547521407812,24.261428110067392,REVIEW_RICH_FIXED,fixed_origin_primary,奥迪A5L,6,22183.0
267.9645182291667,310.98050126737036,19.943369311150995,19.61194327122469,REVIEW_RICH_FIXED,fixed_origin_primary,奥迪A5L Sportback,6,8198.0
2289.3253580729165,2605.7689803027033,25.073419032492524,23.181867835278382,REVIEW_RICH_FIXED,fixed_origin_primary,奥迪A6L,6,59253.0
452.06109619140625,459.1757366854114,957.7438844326878,1951.3428612578687,REVIEW_RICH_FIXED,fixed_origin_primary,奥迪A6L e-tron,6,139.0
191.39726765950522,202.30790577516922,54.62879552654376,49.39284326696909,REVIEW_RICH_FIXED,fixed_origin_primary,奥迪A7L,6,2325.0
664.7235819498698,749.7714778855187,128.0214488990198,81.01445240095914,REVIEW_RICH_FIXED,fixed_origin_primary,奥迪E5 Sportback,6,4923.0
128.62004852294922,218.34756641634812,33.18328865308344,38.35587928119758,REVIEW_RICH_FIXED,fixed_origin_primary,奥迪Q2L,6,2012.0
500.25986735026044,636.5182987874091,17.931392064804154,19.94391497741902,REVIEW_RICH_FIXED,fixed_origin_primary,奥迪Q3,6,15050.0
75.99665069580078,81.84961567259546,76.86191571696278,69.19270169572151,REVIEW_RICH_FIXED,fixed_origin_primary,奥迪Q3 Sportback,6,659.0
427.3996073404948,568.959955457711,886.6804860283705,109.91845881024298,REVIEW_RICH_FIXED,fixed_origin_primary,奥迪Q4 e-tron,6,2333.0
80.21271133422852,80.35672716721336,,,REVIEW_RICH_FIXED,fixed_origin_primary,奥迪Q5 e-tron,6,0.0
2198.7338053385415,2707.052590371607,27.93473390955316,25.68464231456739,REVIEW_RICH_FIXED,fixed_origin_primary,奥迪Q5L,6,51363.0
230.67689259847006,430.9830137626545,80.60359762612451,78.55058771798072,REVIEW_RICH_FIXED,fixed_origin_primary,奥迪Q5L Sportback,6,1762.0
72.0793228149414,73.51902247069461,402.09174065774505,265.322660668496,REVIEW_RICH_FIXED,fixed_origin_primary,奥迪Q6L Sportback e-tron,6,163.0
282.44798787434894,323.5679666635474,177.05233563555257,67.03670598283598,REVIEW_RICH_FIXED,fixed_origin_primary,奥迪Q6L e-tron,6,2528.0
3001.7003580729165,3789.3436115288864,35.349195194674984,41.428477787218505,REVIEW_RICH_FIXED,fixed_origin_primary,威兰达,6,43473.0
259.06664021809894,271.24703510078683,157.49097008745696,105.7414858033057,REVIEW_RICH_FIXED,fixed_origin_primary,威朗,6,1470.0
612.1873881022135,627.9723018790967,261.69105670978917,193.11904987451533,REVIEW_RICH_FIXED,fixed_origin_primary,威然,6,1902.0
260.5491689046224,264.35699868628404,93.48057998196121,83.6881698837117,REVIEW_RICH_FIXED,fixed_origin_primary,威霆,6,1868.0
51.960137685139976,52.59399214393812,1343.2728335970924,528.4081798488811,REVIEW_RICH_FIXED,fixed_origin_primary,威飒,6,59.0
99.49261474609375,109.11261738668404,62.68082726783847,54.26869895241477,REVIEW_RICH_FIXED,fixed_origin_primary,宋L EV,6,1100.0
4186.789143880208,4199.347683371038,3143.434937049969,1676.9515930094294,REVIEW_RICH_FIXED,fixed_origin_primary,宋PLUS新能源,6,1498.0
5150.686604817708,5694.9077854154075,39.60866791687751,40.50449504430817,REVIEW_RICH_FIXED,fixed_origin_primary,宋Pro新能源,6,76298.0
8495.605143229166,9940.53985479895,111.85488793697111,70.01968551679968,REVIEW_RICH_FIXED,fixed_origin_primary,宏光MINIEV,6,72799.0
1016.6405843098959,1124.0353578091883,22.91951162787247,22.968872635686918,REVIEW_RICH_FIXED,fixed_origin_primary,宝来,6,26557.0
2.675199270248413,2.7909027239815263,164.5993952397947,94.4187977734734,REVIEW_RICH_FIXED,fixed_origin_primary,宝马1系,6,17.0
226.26239013671875,234.52316767088797,57.214883668771776,54.086627124315235,REVIEW_RICH_FIXED,fixed_origin_primary,宝马2系,6,2510.0
1188.16650390625,1724.8972220458807,9.613304019210316,10.892615547362027,REVIEW_RICH_FIXED,fixed_origin_primary,宝马3系,6,65448.0
1333.0839029947917,1987.681926910369,14.163670156190419,16.64932748687319,REVIEW_RICH_FIXED,fixed_origin_primary,宝马5系,6,48041.0
944.27099609375,1023.6945608034574,25.018340760851526,25.789184653659703,REVIEW_RICH_FIXED,fixed_origin_primary,宝马X1,6,21969.0
4.051087697347005,4.679639148789085,115.67032110123408,101.27719243367513,REVIEW_RICH_FIXED,fixed_origin_primary,宝马X2,6,24.0
1778.2491048177083,1899.6799712200443,26.121430963634413,26.727190954173974,REVIEW_RICH_FIXED,fixed_origin_primary,宝马X3,6,39920.0
967.8152262369791,1288.9334049155987,16.896622226119774,19.270870332930258,REVIEW_RICH_FIXED,fixed_origin_primary,宝马X5,6,30133.0
188.0394083658854,201.16265812895028,18.92869147352145,17.781504337199568,REVIEW_RICH_FIXED,fixed_origin_primary,宝马i3,6,6345.0
145.02737935384116,157.43773695142266,60.61188434644124,49.95202503576618,REVIEW_RICH_FIXED,fixed_origin_primary,宝马i5,6,1742.0
180.03386433919272,208.9739768439749,28.868216632675647,23.2902799921336,REVIEW_RICH_FIXED,fixed_origin_primary,宝马iX1,6,4638.0
22.04982280731201,30.421234129840922,95.44521093349023,79.22092026579166,REVIEW_RICH_FIXED,fixed_origin_primary,宝马iX3,6,167.0
19.338403860727947,21.009626701735726,1285.291151858088,161.15336550606622,REVIEW_RICH_FIXED,fixed_origin_primary,宝骏KiWi EV,6,72.0
11357.782958984375,13224.667371893147,684.2369626011716,84.65848955712862,REVIEW_RICH_FIXED,fixed_origin_primary,小米SU7,6,80496.0
0.3046262015899022,0.3328189942604148,,,REVIEW_RICH_FIXED,fixed_origin_primary,小虎FEV,6,0.0
0.40205776194731396,0.4249888027402037,,,REVIEW_RICH_FIXED,fixed_origin_primary,小鹏G3,6,0.0
3285.568359375,3464.8395358662915,39.24667431782296,31.636619200555273,REVIEW_RICH_FIXED,fixed_origin_primary,小鹏MONA M03,6,62312.0
0.12213591610391934,0.15571746263429906,,,REVIEW_RICH_FIXED,fixed_origin_primary,小鹏P5,6,0.0
553.4429728190104,584.709682901936,48.40611891579151,37.77767732552972,REVIEW_RICH_FIXED,fixed_origin_primary,小鹏P7,6,8790.0
851.293701171875,1021.1684345298597,22.45986565419912,24.67994881634736,REVIEW_RICH_FIXED,fixed_origin_primary,小鹏P7+,6,20696.0
494.73765055338544,773.1685932511435,18.00434078636769,22.278789427501593,REVIEW_RICH_FIXED,fixed_origin_primary,小鹏X9,6,13324.0
1542.0677897135417,1783.5124618341474,29.20442175887294,28.968086218789136,REVIEW_RICH_FIXED,fixed_origin_primary,岚图梦想家,6,31940.0
111.97519888511549,143.9553415233367,99.97245271860872,99.97785614742453,REVIEW_RICH_FIXED,fixed_origin_primary,岚图追光L,6,672.0
3403.361328125,3815.8956681492996,26.105058638134192,25.512453734070466,REVIEW_RICH_FIXED,fixed_origin_primary,帕萨特,6,80040.0
1196.7432861328125,1252.4913835708035,2094.2129960495818,205.15599190848212,REVIEW_RICH_FIXED,fixed_origin_primary,帕萨特新能源,6,3500.0
344.7549641927083,348.8631748264624,190.43208290382137,178.01461145922977,REVIEW_RICH_FIXED,fixed_origin_primary,广汽本田P7,6,1162.0
491.6834716796875,616.3471715286332,31.668058086150207,35.539101675438204,REVIEW_RICH_FIXED,fixed_origin_primary,库斯途,6,8301.0
296.4147135416667,400.2684328699127,58.96203848537305,42.96903312998309,REVIEW_RICH_FIXED,fixed_origin_primary,影豹,6,4139.0
47.89984639485677,58.02344422252329,53.48607981124706,33.65328786523895,REVIEW_RICH_FIXED,fixed_origin_primary,微蓝6,6,854.0
905.072021484375,1008.2526887110313,53.9473752641708,45.382183928683354,REVIEW_RICH_FIXED,fixed_origin_primary,思域,6,11966.0
916.1123046875,1049.8557565074914,71.07303836997039,50.271390416361804,REVIEW_RICH_FIXED,fixed_origin_primary,悦意03,6,10934.0
501.9050598144531,509.687526897532,340.5508100517922,303.57160875874183,REVIEW_RICH_FIXED,fixed_origin_primary,悦意07,6,992.0
6.7918407917022705,7.154112489422161,547.4235653877258,679.184079170227,REVIEW_RICH_FIXED,fixed_origin_primary,护卫舰07,6,6.0
139.3819808959961,140.6563452069213,8152.208346946567,3097.377353244358,REVIEW_RICH_FIXED,fixed_origin_primary,捷豹XEL,6,27.0
479.3027852376302,506.16699665050464,552.6946101442145,151.12016350109204,REVIEW_RICH_FIXED,fixed_origin_primary,捷豹XFL,6,1903.0
946.9566650390625,1071.6469042798728,44.70517758089953,40.586756127111755,REVIEW_RICH_FIXED,fixed_origin_primary,捷达VA3,6,13999.0
104.02506256103516,106.83952284247871,105.31672761952507,97.9827904813518,REVIEW_RICH_FIXED,fixed_origin_primary,捷达VA7,6,637.0
3171.2101236979165,3649.961614178277,26.355268921270277,25.898352695949995,REVIEW_RICH_FIXED,fixed_origin_primary,探岳,6,73469.0
234.0624211629232,369.2352486049775,929.3933258020066,107.12238954824859,REVIEW_RICH_FIXED,fixed_origin_primary,探岳X,6,1311.0
9.116071065266928,9.758160406022034,427.51730130268976,248.62011996182528,REVIEW_RICH_FIXED,fixed_origin_primary,探界者,6,22.0
75.53385416666667,93.95115261149584,10.845362704047655,10.578971171802054,REVIEW_RICH_FIXED,fixed_origin_primary,探险者,6,4284.0
114.54796854654948,152.64386577911506,21.088217466170253,22.113507441418818,REVIEW_RICH_FIXED,fixed_origin_primary,揽境,6,3108.0
552.5679626464844,682.6228479244696,29.771149514521266,34.442216661945835,REVIEW_RICH_FIXED,fixed_origin_primary,揽巡,6,9626.0
0.13553255222116908,0.16719525475302077,,,REVIEW_RICH_FIXED,fixed_origin_primary,摩卡,6,0.0
3373.9886067708335,4789.58837394373,28.445698416071185,35.80715232882588,REVIEW_RICH_FIXED,fixed_origin_primary,新帝豪,6,56536.0
809.7869873046875,832.9873842559425,35.85760501031073,34.87204423905925,REVIEW_RICH_FIXED,fixed_origin_primary,日产N6,6,13933.0
718.4387563069662,774.2126236804174,60.84444334349658,57.89192234544449,REVIEW_RICH_FIXED,fixed_origin_primary,日产N7,6,7446.0
2035.1497584708657,2999.7065288129543,99.99668952916979,99.99916919847018,REVIEW_RICH_FIXED,fixed_origin_primary,日产NX8,6,12211.0
2260.8260091145835,2868.523238162315,23.86288126745883,26.547980379457297,REVIEW_RICH_FIXED,fixed_origin_primary,昂科威,6,51096.0
25.86736551920573,28.167817633676115,152.2074415676383,119.38784085787259,REVIEW_RICH_FIXED,fixed_origin_primary,昊铂GT,6,130.0
494.2836201985677,584.3658812042177,163.81119174958977,61.81120719448533,REVIEW_RICH_FIXED,fixed_origin_primary,星海S7,6,4798.0
645.3570353190104,689.5835670154255,117.76744888240091,69.55527594600436,REVIEW_RICH_FIXED,fixed_origin_primary,星海T5,6,5567.0
180.46630859375,220.3937095850929,40.17535162587975,43.62602141670024,REVIEW_RICH_FIXED,fixed_origin_primary,星海V9,6,2482.0
4322.110595703125,5778.145168196056,32.96135233808319,39.49718015477215,REVIEW_RICH_FIXED,fixed_origin_primary,星瑞,6,65657.0
378.1044324239095,646.8953248408764,273.63415044631216,97.61732334524342,REVIEW_RICH_FIXED,fixed_origin_primary,星瑞L,6,2324.0
4290.016194661458,6277.450006045361,26.922032659723044,33.31878888856078,REVIEW_RICH_FIXED,fixed_origin_primary,星越L,6,77254.0
819.227510770162,1475.7502505932218,95.98100945267296,98.11107913415114,REVIEW_RICH_FIXED,fixed_origin_primary,星越L 智擎,6,5010.0
207.73771158854166,239.40197877676079,604.4195702614729,153.12362033553438,REVIEW_RICH_FIXED,fixed_origin_primary,星途ES,6,814.0
231.21626790364584,370.83960561076475,12.76679113598212,15.967974302737971,REVIEW_RICH_FIXED,fixed_origin_primary,普拉多,6,8688.0
456.1837972005208,499.0781397914849,52.09084688615984,48.179946896728126,REVIEW_RICH_FIXED,fixed_origin_primary,智己L6,6,5681.0
8.950922966003418,11.747635829539265,284.2003889491548,80.15751909853806,REVIEW_RICH_FIXED,fixed_origin_primary,智己L7,6,67.0
18.325171788533527,20.95397736476351,70.74433054858777,49.305394946726985,REVIEW_RICH_FIXED,fixed_origin_primary,智跑,6,223.0
628.207041422526,634.7109548885335,683.9330467643701,741.9768205777866,REVIEW_RICH_FIXED,fixed_origin_primary,曹操60,6,508.0
3551.27392578125,4588.004982112363,18.4524009403647,21.20902160422784,REVIEW_RICH_FIXED,fixed_origin_primary,朗逸,6,100465.0
2110.3474934895835,3396.8821587884563,15.521034988858842,18.32720832685015,REVIEW_RICH_FIXED,fixed_origin_primary,本田CR-V,6,69089.0
1396.4886169433594,1422.3257666615505,68.47003771541425,68.93403292192642,REVIEW_RICH_FIXED,fixed_origin_primary,本田HR-V,6,12155.0
44.70609029134115,55.22113384553991,32.691099297933185,27.094600176570395,REVIEW_RICH_FIXED,fixed_origin_primary,本田UR-V,6,990.0
156.5204823811849,197.8384704333466,114.91966887821138,51.799387439995,REVIEW_RICH_FIXED,fixed_origin_primary,本田XR-V,6,1813.0
1129.4750162760417,1263.1631666660087,51.916430690952,45.17297758736335,REVIEW_RICH_FIXED,fixed_origin_primary,极氪001,6,15002.0
634.5654602050781,895.0792206354064,49.92916696745107,53.73119900127673,REVIEW_RICH_FIXED,fixed_origin_primary,极氪009,6,7086.0
2856.380645751953,3391.4981311224433,2893.029036220265,79.87269364082454,REVIEW_RICH_FIXED,fixed_origin_primary,极狐 阿尔法S5,6,21457.0
287.2991231282552,303.28027646550447,558.1861834250983,225.6275836085774,REVIEW_RICH_FIXED,fixed_origin_primary,极狐考拉,6,764.0
226.74036661783853,248.78681810053027,24.729619494539048,24.812004371822567,REVIEW_RICH_FIXED,fixed_origin_primary,林肯Z,6,5483.0
173.15661239624023,218.87480458660932,628.2310800751274,75.83501272828039,REVIEW_RICH_FIXED,fixed_origin_primary,枫叶60s,6,1370.0
46.03153991699219,55.84314174244648,2074.1367948096504,107.05009283021438,REVIEW_RICH_FIXED,fixed_origin_primary,标致4008,6,258.0
428.9569142659505,546.5839282889466,50.65121135441893,57.720149934866626,REVIEW_RICH_FIXED,fixed_origin_primary,标致408,6,4459.0
20.90028731028239,23.716515192521854,88.02292985871324,76.00104476466323,REVIEW_RICH_FIXED,fixed_origin_primary,标致408X,6,165.0
39.565470377604164,53.63436900381828,26.204649562540144,29.16373737906941,REVIEW_RICH_FIXED,fixed_origin_primary,标致5008,6,814.0
34.59441248575846,47.13608883331161,28.46399838426727,28.868772588950037,REVIEW_RICH_FIXED,fixed_origin_primary,标致508,6,719.0
1382.3250732421875,1571.716003914668,66.13985556738807,45.90662777136838,REVIEW_RICH_FIXED,fixed_origin_primary,格瑞维亚,6,18067.0
995.6457112630209,1041.0732293016456,196.57825329797788,125.5807077481212,REVIEW_RICH_FIXED,fixed_origin_primary,欧拉好猫,6,4757.0
9.402001142501831,10.013826867827477,,,REVIEW_RICH_FIXED,fixed_origin_primary,欧拉闪电猫,6,0.0
149.7209218343099,174.43515578745553,26.444230748320912,28.627327310575506,REVIEW_RICH_FIXED,fixed_origin_primary,欧诺S,6,3138.0
37.53771209716797,39.39150194444173,480.58596674008436,441.6201423196232,REVIEW_RICH_FIXED,fixed_origin_primary,比亚迪M9,6,51.0
782.3447875976562,1109.908715144393,105.02677710161016,39.95972355142536,REVIEW_RICH_FIXED,fixed_origin_primary,比亚迪e7,6,11747.0
26.245296518007915,33.04893378617663,98.61966822814885,99.03885478493552,REVIEW_RICH_FIXED,fixed_origin_primary,比亚迪e9,6,159.0
2308.5203450520835,2544.5615091753634,93.03277899231568,80.16159540663523,REVIEW_RICH_FIXED,fixed_origin_primary,汉,6,17279.0
0.11231925586859386,0.14582575897922556,,,REVIEW_RICH_FIXED,fixed_origin_primary,江淮A5 PLUS,6,0.0
2.868620733420054,4.121028381011142,81.75400961107677,90.58802316063328,REVIEW_RICH_FIXED,fixed_origin_primary,江淮QX PHEV,6,19.0
0.05476717899243037,0.06718242845297219,,,REVIEW_RICH_FIXED,fixed_origin_primary,沃兰多,6,0.0
1.7914722959200542,1.9262148752824066,,,REVIEW_RICH_FIXED,fixed_origin_primary,沃尔沃C40,6,0.0
19.154622713724773,22.80439306263876,167.00231762408364,99.0756347261626,REVIEW_RICH_FIXED,fixed_origin_primary,沃尔沃EM90,6,116.0
8.336038985910514,14.461023684476427,99.87007726940675,100.03246783092618,REVIEW_RICH_FIXED,fixed_origin_primary,沃尔沃ES90,6,50.0
650.158447265625,699.3903312595489,28.33965099779938,29.631224334172046,REVIEW_RICH_FIXED,fixed_origin_primary,沃尔沃S60,6,13165.0
611.2621256510416,624.2961531205607,102.59257560848015,63.55177185767198,REVIEW_RICH_FIXED,fixed_origin_primary,沃尔沃S90,6,5771.0
159.4338862101237,160.16815959582306,1141.7638047123369,673.6643079301001,REVIEW_RICH_FIXED,fixed_origin_primary,沃尔沃S90新能源,6,142.0
2187.1513671875,2558.6983776001703,86.06394256115338,46.8943260546205,REVIEW_RICH_FIXED,fixed_origin_primary,海狮05EV,6,27984.0
3847.1180013020835,4580.751474518513,69.97597443654112,36.482863928896,REVIEW_RICH_FIXED,fixed_origin_primary,海狮06EV,6,63270.0
308.99818929036456,314.1905777818196,199.87320625604366,189.76347346388818,REVIEW_RICH_FIXED,fixed_origin_primary,海狮07EV,6,977.0
4633.920572916667,4978.884349013758,42.68105712377415,40.22907909872238,REVIEW_RICH_FIXED,fixed_origin_primary,海豚,6,69113.0
130.02237192789713,136.09179692411567,209.42605654196825,181.00562217340666,REVIEW_RICH_FIXED,fixed_origin_primary,海豹,6,431.0
2208.7215169270835,2459.0907980671745,48.067443693520836,41.98957289554355,REVIEW_RICH_FIXED,fixed_origin_primary,海豹06DM-i,6,31561.0
1684.023193359375,2039.305978820608,59.790375842504396,42.3866899914265,REVIEW_RICH_FIXED,fixed_origin_primary,海豹06EV,6,23838.0
1322.2689412434895,1644.0496956649947,66.09019717602696,62.31728573922659,REVIEW_RICH_FIXED,fixed_origin_primary,海豹06GT,6,12731.0
224.81844584147134,238.34882581815612,53.76295757595009,45.463790867840515,REVIEW_RICH_FIXED,fixed_origin_primary,海豹07DM-i,6,2967.0
312.1595653950547,441.49575668238174,99.99495700939248,99.9977251665952,REVIEW_RICH_FIXED,fixed_origin_primary,海豹07EV,6,1873.0
105.78811264038086,110.86636375290904,,,REVIEW_RICH_FIXED,fixed_origin_primary,海马8S,6,0.0
31.44453303019206,31.551818969296235,,,REVIEW_RICH_FIXED,fixed_origin_primary,海马INJOY,6,0.0
2534.248046875,3866.14888012066,41.14548427631976,27.593663517375916,REVIEW_RICH_FIXED,fixed_origin_primary,海鸥,6,55105.0
2817.4921061197915,3476.406897460599,50.87960685289291,59.51400329772487,REVIEW_RICH_FIXED,fixed_origin_primary,深蓝L06,6,28405.0
525.4479815165201,664.0722460289832,63.81258101631947,71.83157642057692,REVIEW_RICH_FIXED,fixed_origin_primary,深蓝L07,6,4389.0
202.34616088867188,227.85076189049587,1220.049808947031,77.0842517671131,REVIEW_RICH_FIXED,fixed_origin_primary,深蓝SL03,6,1575.0
223.186648050944,224.86448097501682,748.3869020488565,625.7569571521794,REVIEW_RICH_FIXED,fixed_origin_primary,灵悉L,6,214.0
5.172807971636455,5.6109212691477515,291.44754211107886,310.36847829818726,REVIEW_RICH_FIXED,fixed_origin_primary,焕驰,6,10.0
209.42605590820312,211.00890569422606,6994.277188716791,2129.7565007613875,REVIEW_RICH_FIXED,fixed_origin_primary,爱跑,6,59.0
268.25632731119794,297.3617070022133,42.00276702145553,31.247096949469764,REVIEW_RICH_FIXED,fixed_origin_primary,狮铂拓界,6,5151.0
24.263678550720215,25.17998401689639,,,REVIEW_RICH_FIXED,fixed_origin_primary,猛士917,6,0.0
149.2153116861979,181.22962627071524,35.82802745769758,31.491096381188445,REVIEW_RICH_FIXED,fixed_origin_primary,理想MEGA,6,2843.0
157.3697306315104,198.85256272225797,24.230467393241923,20.848275199581863,REVIEW_RICH_FIXED,fixed_origin_primary,瑞虎3x,6,4529.0
761.9974365234375,827.3387563307092,33.11140741526604,28.94577156784188,REVIEW_RICH_FIXED,fixed_origin_primary,瑞虎5x,6,15795.0
516.1626790364584,585.6252222742701,23.594634627628768,23.172286376496444,REVIEW_RICH_FIXED,fixed_origin_primary,瑞虎7,6,13365.0
2956.6650390625,3350.5063270040314,31.54277245333064,28.930186292196673,REVIEW_RICH_FIXED,fixed_origin_primary,瑞虎8,6,61320.0
819.956298828125,1050.3310298730448,18.38204565394794,20.27169554974968,REVIEW_RICH_FIXED,fixed_origin_primary,瑞虎9,6,24269.0
77.53365325927734,105.03267911350893,39.490338253721106,48.1575486082468,REVIEW_RICH_FIXED,fixed_origin_primary,瑞风E3,6,966.0
140.15701293945312,165.8154888609555,40.25383440416036,38.346651967018644,REVIEW_RICH_FIXED,fixed_origin_primary,瑞风M3,6,2193.0
18.81036122639974,20.223038573903235,288.0369657763401,108.5213147676908,REVIEW_RICH_FIXED,fixed_origin_primary,瑞风RF8,6,104.0
96.19102478027344,135.77641905850874,231.2002107610376,82.56740324486991,REVIEW_RICH_FIXED,fixed_origin_primary,瑞风RF8新能源,6,699.0
164.53123474121094,165.5902296163188,,,REVIEW_RICH_FIXED,fixed_origin_primary,电动MINI ACEMAN,6,0.0
270.60584767659503,276.02865332853804,,,REVIEW_RICH_FIXED,fixed_origin_primary,电动MINI COOPER,6,0.0
1240.7488606770833,1319.0460535793825,46.44130756598528,35.47192625941059,REVIEW_RICH_FIXED,fixed_origin_primary,皇冠陆放,6,20987.0
2299.308837890625,2470.70932182875,58.20432443048196,45.68314522780142,REVIEW_RICH_FIXED,fixed_origin_primary,皓影,6,30199.0
86.06846364339192,89.00899570267154,198.30670095138504,127.82445095553257,REVIEW_RICH_FIXED,fixed_origin_primary,皓影新能源,6,404.0
64.70718256632487,68.16244531665984,346.2498044976598,220.59266783974388,REVIEW_RICH_FIXED,fixed_origin_primary,睿蓝8,6,176.0
486.74756749471027,601.7453301257102,63.84135405920438,77.81735691362275,REVIEW_RICH_FIXED,fixed_origin_primary,福瑞迪,6,3753.0
3274.5550130208335,3977.4649180684396,47.776285860523366,36.58448174833346,REVIEW_RICH_FIXED,fixed_origin_primary,秦L,6,53704.0
13462.742838541666,13730.573763542749,143.5315960769769,118.14778193516067,REVIEW_RICH_FIXED,fixed_origin_primary,秦PLUS,6,68369.0
770.0834757486979,774.125735227365,1668.9728620678711,1149.378322012982,REVIEW_RICH_FIXED,fixed_origin_primary,秦新能源,6,402.0
224.30213419596353,265.24658647933785,26.840472563125022,25.69816316929122,REVIEW_RICH_FIXED,fixed_origin_primary,索纳塔,6,5237.0
8.656094551086426,8.8092860883923,,,REVIEW_RICH_FIXED,fixed_origin_primary,红旗E-HS9,6,0.0
1492.827392578125,1589.566513722612,59.074957303078556,54.53250749143835,REVIEW_RICH_FIXED,fixed_origin_primary,红旗E-QM5,6,16425.0
139.69618479410806,152.17727353065143,327.7092929093477,118.21962041814504,REVIEW_RICH_FIXED,fixed_origin_primary,红旗EH7,6,709.0
3020.26611328125,3286.3869182129506,36.61775266022902,33.63138036057291,REVIEW_RICH_FIXED,fixed_origin_primary,红旗H5,6,53883.0
216.43470255533853,287.74187268490743,43.11092724112855,26.698359690214456,REVIEW_RICH_FIXED,fixed_origin_primary,红旗H5 PHEV,6,4864.0
87.91747029622395,102.56776916133786,9.980479755216015,9.096479078760886,REVIEW_RICH_FIXED,fixed_origin_primary,红旗H6,6,5799.0
142.09344991048178,153.3369276018971,33.17814869644976,32.099423925560636,REVIEW_RICH_FIXED,fixed_origin_primary,红旗H9,6,2656.0
69.28153483072917,71.48535188661333,277.92880749654836,216.50479634602866,REVIEW_RICH_FIXED,fixed_origin_primary,红旗HQ9,6,192.0
135.9300537109375,168.94465454618046,24.993624633484636,20.57987187145155,REVIEW_RICH_FIXED,fixed_origin_primary,红旗HS3,6,3963.0
908.5349934895834,973.8098350038704,79.04036370906319,70.13006510919207,REVIEW_RICH_FIXED,fixed_origin_primary,红旗HS3 PHEV,6,7773.0
486.5780029296875,588.1906267375031,11.860793293002498,12.343429805420788,REVIEW_RICH_FIXED,fixed_origin_primary,红旗HS5,6,23652.0
524.1714223225912,527.6236421617319,927.1405956932076,677.8078736930058,REVIEW_RICH_FIXED,fixed_origin_primary,红旗HS7 PHEV,6,464.0
1.7738587061564128,1.9853639497289985,50.398995081583664,40.935200911301834,REVIEW_RICH_FIXED,fixed_origin_primary,红旗国耀,6,26.0
115.33058675130208,131.51593041028678,90.71184234333607,37.36412097774365,REVIEW_RICH_FIXED,fixed_origin_primary,红旗天工05,6,1852.0
46.56748962402344,55.81637161011162,113.5159284822102,60.34663882162864,REVIEW_RICH_FIXED,fixed_origin_primary,红旗天工06,6,463.0
140.71355183919272,149.12253573347252,399.92324161192585,183.53941544242528,REVIEW_RICH_FIXED,fixed_origin_primary,红旗天工08,6,460.0
974.4476928710938,1430.4550399295397,34.04647939729771,43.50536615244112,REVIEW_RICH_FIXED,fixed_origin_primary,纳米01,6,13439.0
161.25694783528647,234.69140123050266,24.82592578248485,31.464770309324187,REVIEW_RICH_FIXED,fixed_origin_primary,缤智,6,3075.0
468.9784927368164,711.9355873522981,41.89118098777219,64.34646595977358,REVIEW_RICH_FIXED,fixed_origin_primary,缤瑞,6,4373.0
3369.6280110677085,4083.906171022932,26.61658045807623,30.46725849757569,REVIEW_RICH_FIXED,fixed_origin_primary,缤越,6,66359.0
54.92482604583105,94.63618043430141,99.59092445475852,100.16685601063413,REVIEW_RICH_FIXED,fixed_origin_primary,羿驰05,6,329.0
50.75812021891276,64.8452596631326,44.690722543464716,32.60692947681762,REVIEW_RICH_FIXED,fixed_origin_primary,胜达,6,934.0
1519.6151936848958,1917.328210606197,31.164203984637844,32.302455757490875,REVIEW_RICH_FIXED,fixed_origin_primary,腾势D9,6,28226.0
70.39374033610027,88.5597490312991,21.29046332894624,24.287661990603883,REVIEW_RICH_FIXED,fixed_origin_primary,艾力绅,6,1739.0
345.908447265625,425.82543413245446,22.02348455977554,24.643204507168726,REVIEW_RICH_FIXED,fixed_origin_primary,艾瑞泽5,6,8422.0
3312.9541015625,3483.581223639511,47.87936482468415,39.44775671636238,REVIEW_RICH_FIXED,fixed_origin_primary,艾瑞泽8,6,50390.0
1232.9480794270833,1332.5968876504533,54.447767013977874,46.011248143814534,REVIEW_RICH_FIXED,fixed_origin_primary,英仕派,6,16078.0
114.5847765604655,114.74799880229764,991.2706760123924,904.6166570563065,REVIEW_RICH_FIXED,fixed_origin_primary,荣威D5X DMH,6,76.0
518.2826131184896,742.6337688235647,194.65570823019348,38.39604492790391,REVIEW_RICH_FIXED,fixed_origin_primary,荣威D6,6,8099.0
257.88038635253906,287.09621702177725,45.82012248873475,41.93177013862424,REVIEW_RICH_FIXED,fixed_origin_primary,荣威D7,6,3690.0
0.09864557720720768,0.11684610206799707,,,REVIEW_RICH_FIXED,fixed_origin_primary,荣威RX3,6,0.0
1959.6406656901042,2159.4735004611493,262.8406359958944,46.622958856975394,REVIEW_RICH_FIXED,fixed_origin_primary,荣威i5,6,25219.0
131.87444814046225,134.80792862581706,1277.696136275148,2552.408673686366,REVIEW_RICH_FIXED,fixed_origin_primary,荣威i6 MAX新能源,6,31.0
53.74844614664713,53.986268862525584,670.1713850326446,520.1462530320691,REVIEW_RICH_FIXED,fixed_origin_primary,荣威iMAX8,6,62.0
57.7744509379069,67.72150666535956,236.43676510553865,116.32439786155753,REVIEW_RICH_FIXED,fixed_origin_primary,荣威iMAX8新能源,6,298.0
457.42847696940106,498.5164864187095,47.91912133329683,50.165798973065364,REVIEW_RICH_FIXED,fixed_origin_primary,菱智,6,5471.0
792.6834716796875,895.5930771072564,45.81858922007968,37.47321801196127,REVIEW_RICH_FIXED,fixed_origin_primary,蒙迪欧,6,12692.0
191.5803426106771,230.588722829159,35.062555802846845,28.67969200758639,REVIEW_RICH_FIXED,fixed_origin_primary,蔚来ET5,6,4008.0
768.0274251302084,921.3805718243328,46.42094703993805,38.14389993196962,REVIEW_RICH_FIXED,fixed_origin_primary,蔚来ET5T,6,12081.0
16.080501874287922,18.896958359270904,111.14133235321681,100.50313671429952,REVIEW_RICH_FIXED,fixed_origin_primary,蔚来ET7,6,96.0
46.33950021614631,80.4949281058208,99.78238034957374,100.01330981902082,REVIEW_RICH_FIXED,fixed_origin_primary,蔚来ET9,6,278.0
353.5782063802083,757.030440730279,18.855608791186782,33.90553361485137,REVIEW_RICH_FIXED,fixed_origin_primary,豪越L,6,6257.0
452.2981363932292,487.8920403967048,38.82905822005161,30.91932116166543,REVIEW_RICH_FIXED,fixed_origin_primary,赛图斯,6,8777.0
2931.049112955729,3101.5725236655603,40.66261370677926,41.85718119179906,REVIEW_RICH_FIXED,fixed_origin_primary,赛那SIENNA,6,42015.0
82.23620859781902,83.8785060071157,439.40866756736045,203.89142627558434,REVIEW_RICH_FIXED,fixed_origin_primary,起亚EV5,6,242.0
587.1754150390625,652.9689727001312,57.10542628627518,61.42002249362578,REVIEW_RICH_FIXED,fixed_origin_primary,起亚K3,6,5736.0
136.5204086303711,144.41169816224016,1446.1936527043881,413.6982079708215,REVIEW_RICH_FIXED,fixed_origin_primary,起亚K5凯酷,6,198.0
0.07568214709560077,0.09540147035920236,,,REVIEW_RICH_FIXED,fixed_origin_primary,起亚KX3傲跑,6,0.0
76.37868690490723,91.65432310543461,57.028345008784875,62.34994849380182,REVIEW_RICH_FIXED,fixed_origin_primary,轩度EV,6,735.0
7132.884440104167,7436.75908324346,57.87743448964879,44.98870653599323,REVIEW_RICH_FIXED,fixed_origin_primary,轩逸,6,95129.0
3144.3251953125,3772.7699030331223,22.20408594925193,24.57271956324242,REVIEW_RICH_FIXED,fixed_origin_primary,迈腾,6,76776.0
24.419662594795227,42.553521889060555,85.5600809646865,124.16777590573844,REVIEW_RICH_FIXED,fixed_origin_primary,迈腾PHEV,6,118.0
395.5429547627767,750.4988256960637,1375.4927799754685,104.91855563999381,REVIEW_RICH_FIXED,fixed_origin_primary,迈锐宝XL,6,2262.0
889.6605631510416,1115.2863675250671,25.692029240024745,19.426316976876954,REVIEW_RICH_FIXED,fixed_origin_primary,逍客,6,27478.0
78.04600461324056,165.33257821803178,104.57616111419554,91.9992195833877,REVIEW_RICH_FIXED,fixed_origin_primary,途安,6,509.0
1382.3379720052083,1744.1572231261212,16.599978531471997,16.319758828915134,REVIEW_RICH_FIXED,fixed_origin_primary,途岳,6,50822.0
317.97178141276044,422.4486396824153,21.553312687301517,16.53519404122519,REVIEW_RICH_FIXED,fixed_origin_primary,途昂,6,11538.0
306.7580973307292,363.06941099145035,19.326919557722192,18.08892957232801,REVIEW_RICH_FIXED,fixed_origin_primary,途胜L,6,10175.0
2586.560546875,3397.2787582377423,17.441734709551852,18.741834264727196,REVIEW_RICH_FIXED,fixed_origin_primary,途观L,6,82806.0
201.16863505045572,216.23139069671484,9496.884018546452,238.53988345903844,REVIEW_RICH_FIXED,fixed_origin_primary,途观L新能源,6,506.0
4221.784505208333,4994.463977458086,31.78959442040093,29.94491970924803,REVIEW_RICH_FIXED,fixed_origin_primary,速腾,6,84591.0
2197.9103190104165,2344.563260983661,25.54935274376981,22.491151744828088,REVIEW_RICH_FIXED,fixed_origin_primary,逸动,6,58634.0
93.93097496032715,105.80258345654201,4710.660024875578,289.0183844933143,REVIEW_RICH_FIXED,fixed_origin_primary,钇为3,6,195.0
2671.8426920572915,3083.7125970759566,35.6774974301658,38.612303464385924,REVIEW_RICH_FIXED,fixed_origin_primary,铂智3X,6,41518.0
38.729496002197266,42.20300538222431,1062.1848482529815,69.78287567963471,REVIEW_RICH_FIXED,fixed_origin_primary,铂智4X,6,333.0
1725.1497584708657,2438.268242975808,99.99806224513897,99.99901990943091,REVIEW_RICH_FIXED,fixed_origin_primary,铂智7,6,10351.0
94.81369527180989,111.70270671610243,60.34250179259851,44.548329806645214,REVIEW_RICH_FIXED,fixed_origin_primary,银河E8,6,1277.0
280.8508071899414,402.2080043672019,53.224154321065306,65.26354930827453,REVIEW_RICH_FIXED,fixed_origin_primary,银河V900,6,2582.0
1606.1787109375,1841.2747834874335,98.77840021960719,63.27274811650581,REVIEW_RICH_FIXED,fixed_origin_primary,银河星耀6,6,15231.0
1299.4928987283881,2492.2937446898304,99.99718165950297,99.99945353815991,REVIEW_RICH_FIXED,fixed_origin_primary,银河星耀7,6,7797.0
2845.8056640625,3799.2275374561527,18.914204454149424,21.716799980127185,REVIEW_RICH_FIXED,fixed_origin_primary,锋兰达,6,78625.0
240.0296834309896,295.2317818015692,14.349303581661468,13.587867728898361,REVIEW_RICH_FIXED,fixed_origin_primary,锐界L,6,10599.0
26.229437192281086,26.425372325393212,1056.9646033029708,749.4124912080312,REVIEW_RICH_FIXED,fixed_origin_primary,锐程PLUS,6,21.0
71.15655771891277,86.01781199997839,44.056371011123765,34.852191535794006,REVIEW_RICH_FIXED,fixed_origin_primary,锐际,6,1225.0
4817.805338541667,5210.592978454674,38.400883632154375,39.61902364415723,REVIEW_RICH_FIXED,fixed_origin_primary,长安CS75 PLUS,6,72962.0
4712.847005208333,4759.56417313568,287.6389683316866,239.10943709834265,REVIEW_RICH_FIXED,fixed_origin_primary,长安Lumin,6,11826.0
79.63100306193034,85.81094690374755,1453.8552298899072,287.8229026334831,REVIEW_RICH_FIXED,fixed_origin_primary,长安UNI-K,6,166.0
2.88882577419281,3.20063103620807,243.84645223617554,247.61363778795516,REVIEW_RICH_FIXED,fixed_origin_primary,长安UNI-K 智电iDD,6,7.0
13.696768760681152,15.584047887811742,353.1666215369584,80.56922800400677,REVIEW_RICH_FIXED,fixed_origin_primary,长安UNI-T,6,102.0
1068.4591064453125,1227.5167513525416,71.51151364423694,50.82656496211746,REVIEW_RICH_FIXED,fixed_origin_primary,长安UNI-V,6,12613.0
1848.1190592447917,2599.3672931856822,57.75605274000088,55.98098927437778,REVIEW_RICH_FIXED,fixed_origin_primary,长安UNI-Z新能源,6,19808.0
3446.2289225260415,3536.538228460165,40.799558399626186,41.144089332927905,REVIEW_RICH_FIXED,fixed_origin_primary,长安X5 PLUS,6,50256.0
821.8277587890625,976.9138292618427,73.96782651071304,52.99265505356663,REVIEW_RICH_FIXED,fixed_origin_primary,长安启源A07,6,9305.0
1899.7115478515625,1916.4247959342217,,,REVIEW_RICH_FIXED,fixed_origin_primary,长安启源Q05经典,6,0.0
952.4029134114584,986.9434415850021,340.8850235000128,214.18356373571027,REVIEW_RICH_FIXED,fixed_origin_primary,长安欧尚520,6,2668.0
5059.292317708333,5477.216242420566,117.03941424479358,75.13614491287345,REVIEW_RICH_FIXED,fixed_origin_primary,雅阁,6,40401.0
1908.9475911458333,2517.7101855261703,74.80508333543101,53.35733507348831,REVIEW_RICH_FIXED,fixed_origin_primary,零跑B01,6,21466.0
1415.4637044270833,1821.2896010355216,70.73528473435641,42.37069560248703,REVIEW_RICH_FIXED,fixed_origin_primary,零跑Lafa5,6,20044.0
628.1470998128256,649.7305141180192,7977.449228096286,99.89087195539234,REVIEW_RICH_FIXED,fixed_origin_primary,零跑T03,6,3773.0
381.3134256998698,429.6931293376067,175.20261655190896,87.12416428786057,REVIEW_RICH_FIXED,fixed_origin_primary,雷凌,6,2626.0
954.687255859375,1310.948200739054,20.873171646308254,24.73283046267811,REVIEW_RICH_FIXED,fixed_origin_primary,领克03,6,23160.0
524.3510538736979,775.2055597833878,22.33380098535382,25.84070902046971,REVIEW_RICH_FIXED,fixed_origin_primary,领克07,6,12175.0
595.3141276041666,807.4472397545744,18.81301567860059,19.81848063932198,REVIEW_RICH_FIXED,fixed_origin_primary,领克10,6,18023.0
2392.2693684895835,2614.689655281593,112.70915020810548,107.48551902753856,REVIEW_RICH_FIXED,fixed_origin_primary,风云A9L,6,13354.0
7.150468826293945,7.9375538497774105,68.93129792349336,73.97036716855806,REVIEW_RICH_FIXED,fixed_origin_primary,风光330,6,58.0
19.110836664835613,20.817054440222808,46.990001141996316,42.31181549410098,REVIEW_RICH_FIXED,fixed_origin_primary,风光380,6,271.0
20.49845854441325,20.606354206403342,1091.1129120418004,614.9537563323975,REVIEW_RICH_FIXED,fixed_origin_primary,风光E380,6,20.0
94.7512690226237,97.83293360326762,62.12370818604531,59.09642558583599,REVIEW_RICH_FIXED,fixed_origin_primary,飞凡F7,6,962.0
100.64000447591145,127.66602175422425,14.824258834427697,16.852917299901442,REVIEW_RICH_FIXED,fixed_origin_primary,马自达3 昂克赛拉,6,3583.0
360.75649007161456,469.8043434092247,25.10268371405085,26.400035863272198,REVIEW_RICH_FIXED,fixed_origin_primary,马自达EZ-6,6,8199.0
4442.330240885417,4744.44425562989,14014.294060507766,607.4289299296377,REVIEW_RICH_FIXED,fixed_origin_primary,驱逐舰05,6,4388.0
28.100897471110027,35.16243995553396,55.59491084486788,34.06169390437579,REVIEW_RICH_FIXED,fixed_origin_primary,骐达,6,495.0
396.9666341145833,460.8223518284043,38.089038216255794,31.76580160959589,REVIEW_RICH_FIXED,fixed_origin_primary,高尔夫,6,7498.0
32.88150278727213,41.38992621634962,22.49704208089649,20.090531234585825,REVIEW_RICH_FIXED,fixed_origin_primary,高尔夫GTI,6,982.0
831.685546875,953.2868184052755,15.821070041680732,14.579464403102813,REVIEW_RICH_FIXED,fixed_origin_primary,魏牌 高山,6,34227.0
1463.5273844401042,1541.8478868772856,45.17527659309331,36.14094047265352,REVIEW_TEXT_FIXED,fixed_origin_primary,AION RT,6,24297.0
1223.4289143880208,1322.3936537813058,131.21041073498196,55.51367682317269,REVIEW_TEXT_FIXED,fixed_origin_primary,AION S,6,13223.0
1341.5566813151042,1376.5074259098094,82.31254232759774,68.3595761179671,REVIEW_TEXT_FIXED,fixed_origin_primary,AION UT,6,11775.0
90.31444803873698,94.55051090347995,153.2525877586802,111.2703671935158,REVIEW_TEXT_FIXED,fixed_origin_primary,EO 羿欧,6,487.0
0.127051946396629,0.13277575540294473,,,REVIEW_TEXT_FIXED,fixed_origin_primary,EVOS,6,0.0
604.8039754231771,672.4105872965567,172.00239903699347,106.57338773976687,REVIEW_TEXT_FIXED,fixed_origin_primary,ID.4 CROZZ,6,3405.0
63.02712758382162,74.26889378393126,201.30598387667925,67.28874831012985,REVIEW_TEXT_FIXED,fixed_origin_primary,ID.4 X,6,562.0
8.580288569132486,8.763336850375888,749.971866607666,5148.173141479492,REVIEW_TEXT_FIXED,fixed_origin_primary,ID.6 CROZZ,6,1.0
19.778998057047527,21.136245347484163,252.07129731747767,162.56710731819882,REVIEW_TEXT_FIXED,fixed_origin_primary,IQ傲歌,6,73.0
123.55714797973633,205.2577054461526,170.3199805368288,97.93168928380686,REVIEW_TEXT_FIXED,fixed_origin_primary,IQ锐歌,6,757.0
4999.600016276042,5502.61692372878,43.04829162737894,42.39763698734506,REVIEW_TEXT_FIXED,fixed_origin_primary,MG4,6,70753.0
17.904805501302082,21.5008696899536,245.60957530188182,94.2358184279057,REVIEW_TEXT_FIXED,fixed_origin_primary,MG6,6,114.0
304.1812489827474,368.03903145248614,36.81606879837604,41.059336195646445,REVIEW_TEXT_FIXED,fixed_origin_primary,MG7,6,4445.0
4842.8759765625,6641.746165648429,181.16777939287655,43.733264891747694,REVIEW_TEXT_FIXED,fixed_origin_primary,Model 3,6,66442.0
6464.490559895833,7163.237961797032,23.181959875737476,22.483490148206222,REVIEW_TEXT_FIXED,fixed_origin_primary,Model Y,6,172513.0
65.50191497802734,85.21578096389142,27.4741470949059,29.37305604395845,REVIEW_TEXT_FIXED,fixed_origin_primary,PATHFINDER探陆,6,1338.0
41.3845485051473,42.28622051806625,,,REVIEW_TEXT_FIXED,fixed_origin_primary,Polestar 4,6,0.0
434.48203531901044,584.4544765583319,72.54747350153669,52.67513057009623,REVIEW_TEXT_FIXED,fixed_origin_primary,QQ冰淇淋,6,4949.0
2072.8904622395835,2794.579933280852,16.372909994187225,18.058110133631704,REVIEW_TEXT_FIXED,fixed_origin_primary,RAV4荣放,6,68874.0
645.9689737955729,957.6710882403064,22.350819198289628,28.206199277879612,REVIEW_TEXT_FIXED,fixed_origin_primary,T-ROC探歌,6,13741.0
323.8774108886719,384.22391280039653,40.02471859221788,31.85679451363986,REVIEW_TEXT_FIXED,fixed_origin_primary,eπ007,6,6100.0
414.14021555582684,492.89700590755746,58.06313523725192,65.45946505097369,REVIEW_TEXT_FIXED,fixed_origin_primary,e爱丽舍,6,3796.0
1727.7151692708333,1931.8051298979938,35.87997018818234,35.80633144148734,REVIEW_TEXT_FIXED,fixed_origin_primary,firefly萤火虫,6,28951.0
57.08265686035156,57.938381770382534,,,REVIEW_TEXT_FIXED,fixed_origin_primary,iCAR 03,6,0.0
108.98184967041016,141.41084285986844,40.65823781102507,40.513698762234256,REVIEW_TEXT_FIXED,fixed_origin_primary,世纪,6,1614.0
107.39781443277995,137.3747658417135,150.23788717076167,37.68344366062454,REVIEW_TEXT_FIXED,fixed_origin_primary,东风本田S7,6,1710.0
659.9881998697916,797.002678866123,210.45025549125475,64.57810174851191,REVIEW_TEXT_FIXED,fixed_origin_primary,丰田bZ3,6,6132.0
476.60247802734375,516.7466634220157,79.15406733083645,53.540813858155076,REVIEW_TEXT_FIXED,fixed_origin_primary,丰田bZ5,6,5341.0
148.76139958699545,218.0513738582252,44.37902456903901,54.458108451615175,REVIEW_TEXT_FIXED,fixed_origin_primary,五菱佳辰,6,1639.0
49.89483833312988,52.43717265258563,,,REVIEW_TEXT_FIXED,fixed_origin_primary,五菱宏光,6,0.0
369.2630923415224,904.1567245837435,99.98747581956619,100.02611982163134,REVIEW_TEXT_FIXED,fixed_origin_primary,五菱宏光S,6,2215.0
59.905638694763184,64.3986065068973,70.05846952318096,69.25507363556437,REVIEW_TEXT_FIXED,fixed_origin_primary,五菱征程,6,519.0
0.06775917951017618,0.08831269101511707,,,REVIEW_TEXT_FIXED,fixed_origin_primary,五菱星云,6,0.0
786.5024108886719,809.5522879993978,259.4985278500627,209.08349425485295,REVIEW_TEXT_FIXED,fixed_origin_primary,五菱星光,6,2257.0
227.83011627197266,271.50462189790187,1526.4078293030718,99.20034090216517,REVIEW_TEXT_FIXED,fixed_origin_primary,五菱星驰,6,1378.0
2.4008404264847436,3.038555939933575,67.910285115242,84.73554446416742,REVIEW_TEXT_FIXED,fixed_origin_primary,亚洲狮,6,17.0
3090.7254231770835,3257.765969077209,47.92870766744831,39.98695993415236,REVIEW_TEXT_FIXED,fixed_origin_primary,亚洲龙,6,46376.0
0.06434519433726867,0.07875794516378057,,,REVIEW_TEXT_FIXED,fixed_origin_primary,享域,6,0.0
680.9372965494791,866.6084574701875,24.643691950047245,19.1006254291579,REVIEW_TEXT_FIXED,fixed_origin_primary,伊兰特,6,21390.0
548.5200703938802,666.5709338784942,34.842152129711884,36.85877950905231,REVIEW_TEXT_FIXED,fixed_origin_primary,传祺E8新能源,6,8929.0
0.07895390503108501,0.09481280211675226,,,REVIEW_TEXT_FIXED,fixed_origin_primary,传祺GA8,6,0.0
722.4635213216146,920.9521573359415,31.464122415837544,37.62177684368762,REVIEW_TEXT_FIXED,fixed_origin_primary,传祺M6,6,11522.0
2592.0410766601562,2888.7945890630012,48.65417595728918,53.22101998480918,REVIEW_TEXT_FIXED,fixed_origin_primary,传祺M8,6,29222.0
1530.3710123697917,1980.7083842802322,60.80429957418069,36.50549069382877,REVIEW_TEXT_FIXED,fixed_origin_primary,元PLUS,6,25153.0
5988.235026041667,6278.207059899718,64.18063823819605,43.46124368725051,REVIEW_TEXT_FIXED,fixed_origin_primary,元UP,6,82670.0
36.54508972167969,40.49239017664247,12.985740011579185,11.349406745863257,REVIEW_TEXT_FIXED,fixed_origin_primary,冠道,6,1932.0
98.40579986572266,118.11040927210644,36.0024452960476,38.48988260719269,REVIEW_TEXT_FIXED,fixed_origin_primary,凌宝BOX,6,1534.0
8.458012819290161,8.949718194679482,119.50287089628333,86.01368968769656,REVIEW_TEXT_FIXED,fixed_origin_primary,凌尚,6,59.0
2.1186933293938637,2.7067895769055874,44.68035277769421,48.89292298601224,REVIEW_TEXT_FIXED,fixed_origin_primary,凌放HARRIER,6,26.0
625.2808227539062,660.1763500340151,40.63055672632627,32.48493321087053,REVIEW_TEXT_FIXED,fixed_origin_primary,凌渡,6,11549.0
413.5696512858073,536.3486980130465,32.8481176919683,38.772154808044434,REVIEW_TEXT_FIXED,fixed_origin_primary,凡尔赛C5 X,6,6400.0
52.16014217492193,77.98727768195229,99.96985144905942,99.9874929870708,REVIEW_TEXT_FIXED,fixed_origin_primary,凯威德,6,313.0
2355.69287109375,2961.6670207127436,14.6942558769845,16.438698347963506,REVIEW_TEXT_FIXED,fixed_origin_primary,凯美瑞,6,85981.0
386.60662333170575,603.1257743137515,81.50311223456411,79.49416518129658,REVIEW_TEXT_FIXED,fixed_origin_primary,凯翼拾月,6,2918.0
570.6684163411459,891.5273382877066,16.584706714292004,22.28303070445708,REVIEW_TEXT_FIXED,fixed_origin_primary,凯迪拉克CT5,6,15366.0
822.0287272135416,1024.3090636441589,20.141481832488793,22.746724914823822,REVIEW_TEXT_FIXED,fixed_origin_primary,凯迪拉克XT5,6,21683.0
14.743746439615885,22.78030085990342,18.1772204319179,16.4428398954824,REVIEW_TEXT_FIXED,fixed_origin_primary,凯迪拉克XT6,6,538.0
1.2959791620572407,1.4178445177545522,73.88226936260858,77.75874972343445,REVIEW_TEXT_FIXED,fixed_origin_primary,别克E4,6,10.0
0.0949243853489558,0.09823084027459247,,,REVIEW_TEXT_FIXED,fixed_origin_primary,别克GL6,6,0.0
811.3463134765625,988.0927349357248,22.636972448232807,24.77015153340139,REVIEW_TEXT_FIXED,fixed_origin_primary,别克GL8,6,19653.0
677.8144124348959,797.1748991849586,28.917915005469236,26.799910870572486,REVIEW_TEXT_FIXED,fixed_origin_primary,别克GL8新能源,6,15175.0
48.96041997273763,59.44923418079035,30.459413905048223,34.39842152651356,REVIEW_TEXT_FIXED,fixed_origin_primary,勇士,6,854.0
635.1512654622396,704.3112426934399,7637.070428942181,447.2896235649575,REVIEW_TEXT_FIXED,fixed_origin_primary,北京EU5,6,852.0
29.599189122517902,35.469411181610646,23.992530284865545,26.07858072468538,REVIEW_TEXT_FIXED,fixed_origin_primary,北京现代ix35,6,681.0
173.6517884392912,243.00440624814362,99.98661140385308,99.99143288250933,REVIEW_TEXT_FIXED,fixed_origin_primary,博越REV,6,1042.0
1547.7915445963542,2028.6100219074078,25.605873178733635,29.549284929292746,REVIEW_TEXT_FIXED,fixed_origin_primary,卡罗拉,6,31428.0
0.03027908317744732,0.03316195502452786,,,REVIEW_TEXT_FIXED,fixed_origin_primary,卡罗拉双擎E+,6,0.0
3055.5069986979165,3543.6444688567167,30.65422048638404,27.042676961024736,REVIEW_TEXT_FIXED,fixed_origin_primary,卡罗拉锐放,6,67793.0
0.24705613839129606,0.3473815157727009,,,REVIEW_TEXT_FIXED,fixed_origin_primary,合创A06,6,0.0
250.88158162434897,281.2502104424897,43.761260008105964,34.50124890548003,REVIEW_TEXT_FIXED,fixed_origin_primary,吉利ICON,6,4363.0
2343.3087158203125,2810.8509903295435,99.6957965048758,70.53555558582187,REVIEW_TEXT_FIXED,fixed_origin_primary,吉利熊猫,6,19933.0
996.1051839192709,1224.132849014804,38.513669699605316,42.03271048256295,REVIEW_TEXT_FIXED,fixed_origin_primary,君威,6,14219.0
1357.7964274088542,1800.3991681983005,25.052307729229618,30.013183629727102,REVIEW_TEXT_FIXED,fixed_origin_primary,君越,6,27144.0
26.758694966634113,33.52522399711608,28.945213277309296,23.33607119183208,REVIEW_TEXT_FIXED,fixed_origin_primary,启辰D60,6,688.0
0.07795840424175064,0.0942063445791466,,,REVIEW_TEXT_FIXED,fixed_origin_primary,启辰T60,6,0.0
1323.1667073567708,1398.152948507167,81.94700683470472,77.65062836600768,REVIEW_TEXT_FIXED,fixed_origin_primary,唐新能源,6,10224.0
30.7602055867513,34.94221646522221,43.47882906850688,42.04128326207467,REVIEW_TEXT_FIXED,fixed_origin_primary,嘉华,6,439.0
426.49669392903644,451.75962349612024,258.85471520215344,128.01301468605396,REVIEW_TEXT_FIXED,fixed_origin_primary,型格,6,1999.0
247.76989363816878,312.4353949591146,99.87069717497434,99.90721517668095,REVIEW_TEXT_FIXED,fixed_origin_primary,埃尚,6,1488.0
622.8473307291666,634.2296582998933,93.93618264789345,91.12616396915386,REVIEW_TEXT_FIXED,fixed_origin_primary,夏,6,4101.0
226.25780232747397,348.7006733876986,20.031351083804836,25.46992146275504,REVIEW_TEXT_FIXED,fixed_origin_primary,大众CC,6,5330.0
958.3142903645834,964.496384151363,174.77121265506207,147.28190937980276,REVIEW_TEXT_FIXED,fixed_origin_primary,大众ID.3,6,3904.0
114.97924041748047,130.10919271109154,369.58867116969117,184.9532017439364,REVIEW_TEXT_FIXED,fixed_origin_primary,大家7,6,373.0
68.04978307088216,84.15267257741097,164.28217451379513,62.718694074545766,REVIEW_TEXT_FIXED,fixed_origin_primary,大家9,6,651.0
43.508262634277344,46.46578485985731,29.01108238623886,26.637711816904496,REVIEW_TEXT_FIXED,fixed_origin_primary,大通G10,6,980.0
77.18016560872395,88.98439753981583,32.239743242557985,30.365966796875,REVIEW_TEXT_FIXED,fixed_origin_primary,大通G50,6,1525.0
5.677552223205566,6.587466133313875,39.12604862862885,38.71058334003795,REVIEW_TEXT_FIXED,fixed_origin_primary,大通G70,6,88.0
26.480471928914387,28.345596083162373,273.86322500923535,178.52003547582734,REVIEW_TEXT_FIXED,fixed_origin_primary,大通G90,6,89.0
1146.1276448567708,1275.1795236863513,27.461437880122276,25.261795125782914,REVIEW_TEXT_FIXED,fixed_origin_primary,天籁,6,27222.0
648.1779378255209,745.2153802513832,31.68093607284037,26.33620658869862,REVIEW_TEXT_FIXED,fixed_origin_primary,奇骏,6,14767.0
4.639356891314189,4.868168876261643,,,REVIEW_TEXT_FIXED,fixed_origin_primary,奔奔E-Star,6,0.0
2403.1888020833335,3092.1538177838975,138.3222878129224,55.40492915465898,REVIEW_TEXT_FIXED,fixed_origin_primary,奔腾小马,6,26025.0
631.8426106770834,648.4609104105708,5526.161932196218,292.06900339464556,REVIEW_TEXT_FIXED,fixed_origin_primary,奔驰A级,6,1298.0
1540.8037923177083,2022.9089172970293,31.741765492210106,22.5521985556223,REVIEW_TEXT_FIXED,fixed_origin_primary,奔驰C级,6,40993.0
2054.8794759114585,2777.812914957958,17.821947846998683,20.13765105017354,REVIEW_TEXT_FIXED,fixed_origin_primary,奔驰E级,6,61225.0
968.8879801432291,1172.845896468836,491.73639685799833,95.55108285436185,REVIEW_TEXT_FIXED,fixed_origin_primary,奔驰GLB,6,6084.0
1469.9439290364583,2533.792034626142,13.438531298609488,16.787527978793516,REVIEW_TEXT_FIXED,fixed_origin_primary,奔驰GLC,6,52537.0
450.2808329264323,457.9512329654077,170.37907049293116,160.33738857914503,REVIEW_TEXT_FIXED,fixed_origin_primary,奔驰V级,6,1685.0
682.879758199056,751.2629314129895,74.52869872299556,77.1179851156472,REVIEW_TEXT_FIXED,fixed_origin_primary,奕炫,6,5313.0
912.3207600911459,949.614926745578,46.823807679322755,47.85317388361636,REVIEW_TEXT_FIXED,fixed_origin_primary,奕跑,6,11439.0
177.59041341145834,260.30965807342704,15.948358961514526,18.12763661906686,REVIEW_TEXT_FIXED,fixed_origin_primary,奥德赛,6,5878.0
1921.6879475911458,2136.7185455813474,32.02278634016694,33.56269338518622,REVIEW_TEXT_FIXED,fixed_origin_primary,奥迪A3,6,34354.0
1419.4231770833333,1642.320954826951,79.33331506711224,60.05598379874479,REVIEW_TEXT_FIXED,fixed_origin_primary,奥迪A4L,6,14181.0
312.6540934244792,414.4345429109239,8.667087505323872,8.45658639745244,REVIEW_TEXT_FIXED,fixed_origin_primary,奥迪A5L,6,22183.0
211.64725748697916,260.4898248174215,17.51062459382942,15.49016278265278,REVIEW_TEXT_FIXED,fixed_origin_primary,奥迪A5L Sportback,6,8198.0
2264.2332356770835,2579.974901141605,24.814591167489823,22.92778325833713,REVIEW_TEXT_FIXED,fixed_origin_primary,奥迪A6L,6,59253.0
333.0766092936198,340.5597682562505,739.8663331330898,1437.740759540805,REVIEW_TEXT_FIXED,fixed_origin_primary,奥迪A6L e-tron,6,139.0
186.1137898763021,199.26229816879516,53.049269605710116,48.02936512936828,REVIEW_TEXT_FIXED,fixed_origin_primary,奥迪A7L,6,2325.0
706.2723592122396,777.023981927534,140.29716773828272,86.07828875225346,REVIEW_TEXT_FIXED,fixed_origin_primary,奥迪E5 Sportback,6,4923.0
130.64075215657553,228.21553077903516,31.11338617515269,38.95847479818356,REVIEW_TEXT_FIXED,fixed_origin_primary,奥迪Q2L,6,2012.0
587.1951090494791,723.647959980474,21.08850107569289,23.409771789348007,REVIEW_TEXT_FIXED,fixed_origin_primary,奥迪Q3,6,15050.0
66.15707651774089,72.81457998916626,66.92940480193825,60.2340605624348,REVIEW_TEXT_FIXED,fixed_origin_primary,奥迪Q3 Sportback,6,659.0
435.58226521809894,566.636842083019,901.2507680411501,112.02287146629206,REVIEW_TEXT_FIXED,fixed_origin_primary,奥迪Q4 e-tron,6,2333.0
104.63328552246094,104.68630238227308,,,REVIEW_TEXT_FIXED,fixed_origin_primary,奥迪Q5 e-tron,6,0.0
2028.2894694010417,2478.144614822005,24.636861191342028,23.693586465755992,REVIEW_TEXT_FIXED,fixed_origin_primary,奥迪Q5L,6,51363.0
237.02555084228516,429.58126261219485,89.86590115871343,80.7124463708122,REVIEW_TEXT_FIXED,fixed_origin_primary,奥迪Q5L Sportback,6,1762.0
96.23909759521484,97.35114530975483,485.3567939857855,354.25434697625093,REVIEW_TEXT_FIXED,fixed_origin_primary,奥迪Q6L Sportback e-tron,6,163.0
299.9816640218099,363.55208832698395,207.23517707381157,71.19817975201185,REVIEW_TEXT_FIXED,fixed_origin_primary,奥迪Q6L e-tron,6,2528.0
3055.19384765625,3828.441415634389,36.09704065568719,42.16677727770685,REVIEW_TEXT_FIXED,fixed_origin_primary,威兰达,6,43473.0
283.4177602132161,299.320618854523,174.07961191182218,115.68071845437393,REVIEW_TEXT_FIXED,fixed_origin_primary,威朗,6,1470.0
561.6869608561198,577.620450896232,240.5266617549354,177.1883157274826,REVIEW_TEXT_FIXED,fixed_origin_primary,威然,6,1902.0
230.75015258789062,238.01049850242947,85.69498022338212,74.11675136656017,REVIEW_TEXT_FIXED,fixed_origin_primary,威霆,6,1868.0
61.7937920888265,63.27521435586295,1600.2153063577318,628.4114449711169,REVIEW_TEXT_FIXED,fixed_origin_primary,威飒,6,59.0
96.79481252034505,107.08902717530344,61.24418453040003,52.79717046564275,REVIEW_TEXT_FIXED,fixed_origin_primary,宋L EV,6,1100.0
4270.4997151692705,4284.3617914445085,3313.4113169908373,1710.4805267700683,REVIEW_TEXT_FIXED,fixed_origin_primary,宋PLUS新能源,6,1498.0
4780.720458984375,5390.089680162639,35.76068487162789,37.59511750492313,REVIEW_TEXT_FIXED,fixed_origin_primary,宋Pro新能源,6,76298.0
8692.940104166666,9774.717082367926,110.03117626682109,71.64609489828156,REVIEW_TEXT_FIXED,fixed_origin_primary,宏光MINIEV,6,72799.0
1019.6909993489584,1205.0475690886822,21.877036031503337,23.037790398364837,REVIEW_TEXT_FIXED,fixed_origin_primary,宝来,6,26557.0
3.4762887159983316,3.7262174536242054,220.9667453059444,122.69254291758817,REVIEW_TEXT_FIXED,fixed_origin_primary,宝马1系,6,17.0
131.0592295328776,133.8030858654258,33.40145848928248,31.3288994899309,REVIEW_TEXT_FIXED,fixed_origin_primary,宝马2系,6,2510.0
1380.2403971354167,1969.7612487713288,11.23876801135615,12.653468987306718,REVIEW_TEXT_FIXED,fixed_origin_primary,宝马3系,6,65448.0
1581.4354654947917,2027.9427109183348,18.163582057113413,19.751072610829812,REVIEW_TEXT_FIXED,fixed_origin_primary,宝马5系,6,48041.0
954.3204752604166,1043.5920308323923,25.260431393784362,26.063648102155312,REVIEW_TEXT_FIXED,fixed_origin_primary,宝马X1,6,21969.0
3.8692221641540527,4.796907451387404,120.80214398247855,96.73055410385132,REVIEW_TEXT_FIXED,fixed_origin_primary,宝马X2,6,24.0
1610.251953125,1763.7410673792353,23.36835986272917,24.202183664203407,REVIEW_TEXT_FIXED,fixed_origin_primary,宝马X3,6,39920.0
1096.0137125651042,1366.2095465732646,19.895789982444693,21.82352329801422,REVIEW_TEXT_FIXED,fixed_origin_primary,宝马X5,6,30133.0
191.11970011393228,202.81548910302112,19.519318345250834,18.0727848807501,REVIEW_TEXT_FIXED,fixed_origin_primary,宝马i3,6,6345.0
161.1509246826172,171.62342395750514,66.12710651673969,55.50548496531017,REVIEW_TEXT_FIXED,fixed_origin_primary,宝马i5,6,1742.0
150.76099650065103,180.5286560437624,24.74729670711698,19.503363066060935,REVIEW_TEXT_FIXED,fixed_origin_primary,宝马iX1,6,4638.0
20.3236026763916,30.25906831538373,86.94011474705195,73.01893177146684,REVIEW_TEXT_FIXED,fixed_origin_primary,宝马iX3,6,167.0
32.85757064819336,37.007576791035156,2489.9903268956427,273.8130887349447,REVIEW_TEXT_FIXED,fixed_origin_primary,宝骏KiWi EV,6,72.0
11252.8896484375,13180.38335887234,666.6516639708481,83.87663721256335,REVIEW_TEXT_FIXED,fixed_origin_primary,小米SU7,6,80496.0
0.39322448273499805,0.3998002909585272,,,REVIEW_TEXT_FIXED,fixed_origin_primary,小虎FEV,6,0.0
0.11288816978534062,0.14030741550637224,,,REVIEW_TEXT_FIXED,fixed_origin_primary,小鹏G3,6,0.0
3304.165771484375,3460.7913276599747,39.112770330449514,31.815693010826568,REVIEW_TEXT_FIXED,fixed_origin_primary,小鹏MONA M03,6,62312.0
0.08335729564229648,0.10253926550495901,,,REVIEW_TEXT_FIXED,fixed_origin_primary,小鹏P5,6,0.0
546.5979410807291,579.1756771626182,46.57844393921082,37.3104396642136,REVIEW_TEXT_FIXED,fixed_origin_primary,小鹏P7,6,8790.0
1018.1878662109375,1190.139343202712,27.270665584171034,29.518395812068153,REVIEW_TEXT_FIXED,fixed_origin_primary,小鹏P7+,6,20696.0
461.93430582682294,667.3751435255112,16.39747317321041,20.801604885626972,REVIEW_TEXT_FIXED,fixed_origin_primary,小鹏X9,6,13324.0
1658.9630126953125,1921.382414896064,30.52857341322422,31.163988967350893,REVIEW_TEXT_FIXED,fixed_origin_primary,岚图梦想家,6,31940.0
111.97319902378756,143.95343177402225,99.97240316646946,99.97607055695316,REVIEW_TEXT_FIXED,fixed_origin_primary,岚图追光L,6,672.0
3524.7381184895835,3908.00683599019,26.961557764012223,26.422324726308723,REVIEW_TEXT_FIXED,fixed_origin_primary,帕萨特,6,80040.0
1231.971211751302,1265.065090051867,2397.587556463073,211.1950648716518,REVIEW_TEXT_FIXED,fixed_origin_primary,帕萨特新能源,6,3500.0
405.0291442871094,412.4418785703778,222.94123330345158,209.13725178336114,REVIEW_TEXT_FIXED,fixed_origin_primary,广汽本田P7,6,1162.0
487.5034586588542,607.4389173564658,31.54014478915137,35.23696846106644,REVIEW_TEXT_FIXED,fixed_origin_primary,库斯途,6,8301.0
286.39698282877606,398.2143275358019,65.41036258746531,41.516837327196335,REVIEW_TEXT_FIXED,fixed_origin_primary,影豹,6,4139.0
66.32286834716797,70.94677614363509,65.97575528347328,46.59686300737796,REVIEW_TEXT_FIXED,fixed_origin_primary,微蓝6,6,854.0
867.1571858723959,1001.316871205981,52.36411731563888,43.481055617870425,REVIEW_TEXT_FIXED,fixed_origin_primary,思域,6,11966.0
981.2722574869791,1103.7964474972487,75.6248925998491,53.847023458220924,REVIEW_TEXT_FIXED,fixed_origin_primary,悦意03,6,10934.0
446.46851603190106,448.5460039216969,299.78429483162955,270.04144114832724,REVIEW_TEXT_FIXED,fixed_origin_primary,悦意07,6,992.0
4.51416810353597,4.712399581167887,343.53303511937463,451.416810353597,REVIEW_TEXT_FIXED,fixed_origin_primary,护卫舰07,6,6.0
114.20932133992513,116.69766724624704,7030.675837572883,2537.984918665003,REVIEW_TEXT_FIXED,fixed_origin_primary,捷豹XEL,6,27.0
511.69101969401044,537.998080791544,576.0715662091745,161.3319032140863,REVIEW_TEXT_FIXED,fixed_origin_primary,捷豹XFL,6,1903.0
958.4180094401041,1074.462580234163,46.633802223418776,41.07799168969659,REVIEW_TEXT_FIXED,fixed_origin_primary,捷达VA3,6,13999.0
59.97289021809896,65.18464680485994,62.03011649453226,56.489378541380496,REVIEW_TEXT_FIXED,fixed_origin_primary,捷达VA7,6,637.0
3107.1111653645835,3636.6938545549415,25.991656876064344,25.37487510676272,REVIEW_TEXT_FIXED,fixed_origin_primary,探岳,6,73469.0
240.1137606302897,379.5153506755467,895.8552731329254,109.8918812953271,REVIEW_TEXT_FIXED,fixed_origin_primary,探岳X,6,1311.0
16.566977341969807,19.265255419779628,801.1696332540268,451.8266547809947,REVIEW_TEXT_FIXED,fixed_origin_primary,探界者,6,22.0
75.66614786783855,90.94877018825969,11.067806499219211,10.597499701377947,REVIEW_TEXT_FIXED,fixed_origin_primary,探险者,6,4284.0
92.66100565592448,116.14026181499405,17.5439597912836,17.88822503010125,REVIEW_TEXT_FIXED,fixed_origin_primary,揽境,6,3108.0
517.3294067382812,650.2965237835823,27.4971998255558,32.24575566621325,REVIEW_TEXT_FIXED,fixed_origin_primary,揽巡,6,9626.0
0.09831327913949887,0.1310749361527557,,,REVIEW_TEXT_FIXED,fixed_origin_primary,摩卡,6,0.0
3254.5697428385415,4809.629155449849,26.638909743762113,34.539794921875,REVIEW_TEXT_FIXED,fixed_origin_primary,新帝豪,6,56536.0
849.8199055989584,1000.1524682626998,36.45805455249753,36.595991054286586,REVIEW_TEXT_FIXED,fixed_origin_primary,日产N6,6,13933.0
373.4756266276042,462.0890644517034,42.21816349596247,30.09473220206319,REVIEW_TEXT_FIXED,fixed_origin_primary,日产N7,6,7446.0
2035.1517884392913,2999.708856987369,99.99716672461034,99.99926894304927,REVIEW_TEXT_FIXED,fixed_origin_primary,日产NX8,6,12211.0
2381.404052734375,2989.278161316898,25.5243322179372,27.963880374992662,REVIEW_TEXT_FIXED,fixed_origin_primary,昂科威,6,51096.0
23.01392110188802,23.47557105990409,127.65060397981527,106.21809739332933,REVIEW_TEXT_FIXED,fixed_origin_primary,昊铂GT,6,130.0
495.4464111328125,586.4162784688374,163.89875952052282,61.95661664853846,REVIEW_TEXT_FIXED,fixed_origin_primary,星海S7,6,4798.0
480.47557576497394,546.1190294885288,83.6652876863156,51.78468573001336,REVIEW_TEXT_FIXED,fixed_origin_primary,星海T5,6,5567.0
164.52977752685547,218.30744232005964,33.02257318116611,39.77351592107707,REVIEW_TEXT_FIXED,fixed_origin_primary,星海V9,6,2482.0
4607.611735026042,5901.258583123137,36.2758136375478,42.10620407596487,REVIEW_TEXT_FIXED,fixed_origin_primary,星瑞,6,65657.0
379.8835496902466,647.933465129416,305.4994624249344,98.07664794068329,REVIEW_TEXT_FIXED,fixed_origin_primary,星瑞L,6,2324.0
3992.7007649739585,5964.756360899391,24.644207551123777,31.009662399155708,REVIEW_TEXT_FIXED,fixed_origin_primary,星越L,6,77254.0
821.0778640111288,1478.584412835292,93.32282211219258,98.33267832468607,REVIEW_TEXT_FIXED,fixed_origin_primary,星越L 智擎,6,5010.0
222.07855733235678,255.6689995340123,634.5675915053775,163.6942683039485,REVIEW_TEXT_FIXED,fixed_origin_primary,星途ES,6,814.0
348.1288248697917,416.9572569333416,23.64274089831139,24.042045916422076,REVIEW_TEXT_FIXED,fixed_origin_primary,普拉多,6,8688.0
489.2811991373698,526.7196678220313,58.871679670848664,51.67553590607673,REVIEW_TEXT_FIXED,fixed_origin_primary,智己L6,6,5681.0
8.037715037663778,11.278886329855489,202.01070762063344,71.97953765072039,REVIEW_TEXT_FIXED,fixed_origin_primary,智己L7,6,67.0
27.72711753845215,31.27929080083193,104.68001674291028,74.60210996892954,REVIEW_TEXT_FIXED,fixed_origin_primary,智跑,6,223.0
717.8808797200521,720.1205587820849,806.7233947162312,847.8908028189592,REVIEW_TEXT_FIXED,fixed_origin_primary,曹操60,6,508.0
3846.4943033854165,4856.544779801994,20.2573666913071,22.972145344460756,REVIEW_TEXT_FIXED,fixed_origin_primary,朗逸,6,100465.0
2048.03857421875,3408.763218193762,15.077266936143785,17.78608960227026,REVIEW_TEXT_FIXED,fixed_origin_primary,本田CR-V,6,69089.0
1320.730712890625,1347.8209641952285,64.66960159629355,65.19444078439942,REVIEW_TEXT_FIXED,fixed_origin_primary,本田HR-V,6,12155.0
39.09963734944662,50.33628324145488,29.45922701275721,23.696749908755525,REVIEW_TEXT_FIXED,fixed_origin_primary,本田UR-V,6,990.0
191.07704416910806,235.45778045954776,84.94377025237453,63.23564616738271,REVIEW_TEXT_FIXED,fixed_origin_primary,本田XR-V,6,1813.0
1101.398681640625,1196.5804267146734,50.132192086388514,44.05007392243534,REVIEW_TEXT_FIXED,fixed_origin_primary,极氪001,6,15002.0
689.2986246744791,1060.6399304278536,43.918580383289054,58.365675247627365,REVIEW_TEXT_FIXED,fixed_origin_primary,极氪009,6,7086.0
2925.6555989583335,3431.02453908805,3057.5855316598136,81.80982240644079,REVIEW_TEXT_FIXED,fixed_origin_primary,极狐 阿尔法S5,6,21457.0
171.8905817667643,198.76689898178034,362.98777391097275,134.99260348175207,REVIEW_TEXT_FIXED,fixed_origin_primary,极狐考拉,6,764.0
223.7548828125,249.3125140461452,23.91110623576744,24.485305432701075,REVIEW_TEXT_FIXED,fixed_origin_primary,林肯Z,6,5483.0
132.11574045817056,184.02639477725896,706.0908602945545,57.860908229855724,REVIEW_TEXT_FIXED,fixed_origin_primary,枫叶60s,6,1370.0
49.639621098836265,57.069339276054016,2110.0917929977904,115.4409792996192,REVIEW_TEXT_FIXED,fixed_origin_primary,标致4008,6,258.0
505.1208750406901,610.0428464049684,62.76924111603376,67.96872057062437,REVIEW_TEXT_FIXED,fixed_origin_primary,标致408,6,4459.0
20.470394134521484,22.22620644621167,85.36709487183786,74.43779685280539,REVIEW_TEXT_FIXED,fixed_origin_primary,标致408X,6,165.0
39.06011835734049,55.3392565836492,24.500425590154276,28.791242032437715,REVIEW_TEXT_FIXED,fixed_origin_primary,标致5008,6,814.0
36.486707051595054,49.511161334535196,28.267425885301105,30.44787792900839,REVIEW_TEXT_FIXED,fixed_origin_primary,标致508,6,719.0
1407.1097005208333,1621.614547561303,67.04833030465825,46.72971828817734,REVIEW_TEXT_FIXED,fixed_origin_primary,格瑞维亚,6,18067.0
866.5683186848959,910.848490338734,177.72897820796533,109.30018734726457,REVIEW_TEXT_FIXED,fixed_origin_primary,欧拉好猫,6,4757.0
8.621047735214233,9.181304445675535,,,REVIEW_TEXT_FIXED,fixed_origin_primary,欧拉闪电猫,6,0.0
140.1469930013021,163.49870505777608,24.55315574330461,26.79674818380537,REVIEW_TEXT_FIXED,fixed_origin_primary,欧诺S,6,3138.0
41.749558766682945,43.68539373311389,554.055391112562,491.17127960803464,REVIEW_TEXT_FIXED,fixed_origin_primary,比亚迪M9,6,51.0
910.0911458333334,1307.6496003243844,122.15847965671315,46.48460777219716,REVIEW_TEXT_FIXED,fixed_origin_primary,比亚迪e7,6,11747.0
26.294422121097643,33.11373024586207,98.92787971154495,99.2242344192364,REVIEW_TEXT_FIXED,fixed_origin_primary,比亚迪e9,6,159.0
2534.8621419270835,2700.127812938053,99.77025093364162,88.02114041068639,REVIEW_TEXT_FIXED,fixed_origin_primary,汉,6,17279.0
0.10394972159216802,0.1317587606798769,,,REVIEW_TEXT_FIXED,fixed_origin_primary,江淮A5 PLUS,6,0.0
2.848994473616282,3.5511336951568375,72.53145869572957,89.96824653525101,REVIEW_TEXT_FIXED,fixed_origin_primary,江淮QX PHEV,6,19.0
0.03505603224039078,0.04293508570605749,,,REVIEW_TEXT_FIXED,fixed_origin_primary,沃兰多,6,0.0
1.3075448075930278,1.3874994447200042,,,REVIEW_TEXT_FIXED,fixed_origin_primary,沃尔沃C40,6,0.0
29.704008102416992,30.33581318727737,217.62960417073748,153.64142121939824,REVIEW_TEXT_FIXED,fixed_origin_primary,沃尔沃EM90,6,116.0
8.335162577219307,14.462877709089057,99.88398738280418,100.02195092663169,REVIEW_TEXT_FIXED,fixed_origin_primary,沃尔沃ES90,6,50.0
648.1604207356771,681.172364315111,29.74530283778754,29.540163497258355,REVIEW_TEXT_FIXED,fixed_origin_primary,沃尔沃S60,6,13165.0
638.1787618001302,650.8850014442165,109.7446525387938,66.35024381910901,REVIEW_TEXT_FIXED,fixed_origin_primary,沃尔沃S90,6,5771.0
154.14104970296225,155.52860791605698,1118.3346333212435,651.3002100125166,REVIEW_TEXT_FIXED,fixed_origin_primary,沃尔沃S90新能源,6,142.0
2246.4063313802085,2678.0008112903524,92.88828459250053,48.164801273160556,REVIEW_TEXT_FIXED,fixed_origin_primary,海狮05EV,6,27984.0
4569.2734375,4958.363601704679,70.33939265398523,43.331184803224275,REVIEW_TEXT_FIXED,fixed_origin_primary,海狮06EV,6,63270.0
333.78650919596356,338.1278304997822,217.86879696795398,204.98659725443002,REVIEW_TEXT_FIXED,fixed_origin_primary,海狮07EV,6,977.0
3751.5390625,4038.5463179185067,40.95435417954973,32.56874158986008,REVIEW_TEXT_FIXED,fixed_origin_primary,海豚,6,69113.0
42.13766860961914,46.54894620059563,75.02556845711867,58.66032753079231,REVIEW_TEXT_FIXED,fixed_origin_primary,海豹,6,431.0
2185.1649576822915,2407.942196251423,47.45992137450485,41.54174375366354,REVIEW_TEXT_FIXED,fixed_origin_primary,海豹06DM-i,6,31561.0
1621.0386555989583,2008.2174708442442,57.07991460868587,40.801375675785515,REVIEW_TEXT_FIXED,fixed_origin_primary,海豹06EV,6,23838.0
1269.1470947265625,1558.3103352858127,66.17535516187164,59.81370330971153,REVIEW_TEXT_FIXED,fixed_origin_primary,海豹06GT,6,12731.0
195.8955281575521,219.32281787692574,43.319753538230984,39.614869192629335,REVIEW_TEXT_FIXED,fixed_origin_primary,海豹07DM-i,6,2967.0
312.16014217492193,441.4983579330308,99.99554690319935,99.99790993323714,REVIEW_TEXT_FIXED,fixed_origin_primary,海豹07EV,6,1873.0
81.245667775472,85.9147617101151,,,REVIEW_TEXT_FIXED,fixed_origin_primary,海马8S,6,0.0
24.63890806833903,24.739911076687477,,,REVIEW_TEXT_FIXED,fixed_origin_primary,海马INJOY,6,0.0
3434.9391276041665,4214.823788485015,51.31981222864167,37.40066194651121,REVIEW_TEXT_FIXED,fixed_origin_primary,海鸥,6,55105.0
2958.163370768229,3604.4196553292313,54.32126782546269,62.48540828941868,REVIEW_TEXT_FIXED,fixed_origin_primary,深蓝L06,6,28405.0
518.5079867045084,628.2324176825407,67.79254735516092,70.88284165475167,REVIEW_TEXT_FIXED,fixed_origin_primary,深蓝L07,6,4389.0
194.12430318196616,220.4534450191613,1176.8301099079683,73.95211549789187,REVIEW_TEXT_FIXED,fixed_origin_primary,深蓝SL03,6,1575.0
226.4583307902018,229.2281922423609,752.4407730040906,634.9298994117808,REVIEW_TEXT_FIXED,fixed_origin_primary,灵悉L,6,214.0
1.676830490430196,1.8158342948602895,83.94795656204224,100.60982942581175,REVIEW_TEXT_FIXED,fixed_origin_primary,焕驰,6,10.0
208.85886891682944,210.67181387693566,7026.08169443878,2123.9884974592824,REVIEW_TEXT_FIXED,fixed_origin_primary,爱跑,6,59.0
297.2888895670573,325.59846451074736,47.59665475095494,34.62887473116567,REVIEW_TEXT_FIXED,fixed_origin_primary,狮铂拓界,6,5151.0
11.088726679484049,11.1244104898884,,,REVIEW_TEXT_FIXED,fixed_origin_primary,猛士917,6,0.0
306.7773946126302,329.33821045505255,71.73198762833877,64.74373435370318,REVIEW_TEXT_FIXED,fixed_origin_primary,理想MEGA,6,2843.0
177.5289510091146,209.69473471380792,26.754654678965075,23.51896016901496,REVIEW_TEXT_FIXED,fixed_origin_primary,瑞虎3x,6,4529.0
709.3543701171875,819.6120079726013,29.36384352390771,26.94603495221985,REVIEW_TEXT_FIXED,fixed_origin_primary,瑞虎5x,6,15795.0
556.4001871744791,627.2695012365862,23.81784801306546,24.978684048237,REVIEW_TEXT_FIXED,fixed_origin_primary,瑞虎7,6,13365.0
3157.9078776041665,3454.8451133685885,34.63867026583272,30.899294301410634,REVIEW_TEXT_FIXED,fixed_origin_primary,瑞虎8,6,61320.0
853.4974365234375,1093.917191226366,19.217086736319114,21.100929659815506,REVIEW_TEXT_FIXED,fixed_origin_primary,瑞虎9,6,24269.0
63.3404172261556,85.60374034760345,32.78508086420462,39.3418740535128,REVIEW_TEXT_FIXED,fixed_origin_primary,瑞风E3,6,966.0
129.3565470377604,158.14918287837867,35.45999573387543,35.39166813618616,REVIEW_TEXT_FIXED,fixed_origin_primary,瑞风M3,6,2193.0
22.088756561279297,23.967122249647517,345.3745849804395,127.43513400738055,REVIEW_TEXT_FIXED,fixed_origin_primary,瑞风RF8,6,104.0
96.90399201711018,138.4309064663442,204.6625671254195,83.17939228936497,REVIEW_TEXT_FIXED,fixed_origin_primary,瑞风RF8新能源,6,699.0
191.3007609049479,194.31308105843775,,,REVIEW_TEXT_FIXED,fixed_origin_primary,电动MINI ACEMAN,6,0.0
323.1822814941406,327.25559883938246,,,REVIEW_TEXT_FIXED,fixed_origin_primary,电动MINI COOPER,6,0.0
1234.8149820963542,1298.2774412329102,45.58735244583518,35.30228185342415,REVIEW_TEXT_FIXED,fixed_origin_primary,皇冠陆放,6,20987.0
3196.3811848958335,3540.1569462352463,81.5661860474326,63.50636481133481,REVIEW_TEXT_FIXED,fixed_origin_primary,皓影,6,30199.0
62.21083068847656,67.31726208787995,148.90511048227611,92.39232280466815,REVIEW_TEXT_FIXED,fixed_origin_primary,皓影新能源,6,404.0
61.7913023630778,63.91652600274204,324.17862670453536,210.65216714685616,REVIEW_TEXT_FIXED,fixed_origin_primary,睿蓝8,6,176.0
493.54133224487305,607.9593092230709,65.69386634595075,78.90349036688617,REVIEW_TEXT_FIXED,fixed_origin_primary,福瑞迪,6,3753.0
2899.3566080729165,3592.992721100724,42.78694743959217,32.392633041184084,REVIEW_TEXT_FIXED,fixed_origin_primary,秦L,6,53704.0
12190.826822916666,12458.1312750157,129.4485082457484,106.98556500387602,REVIEW_TEXT_FIXED,fixed_origin_primary,秦PLUS,6,68369.0
650.3474629720052,655.6920246927577,1414.0528295171052,970.6678551820974,REVIEW_TEXT_FIXED,fixed_origin_primary,秦新能源,6,402.0
175.86919148763022,259.0135576129416,18.52784372539117,20.149229500205866,REVIEW_TEXT_FIXED,fixed_origin_primary,索纳塔,6,5237.0
9.569090843200684,9.616936982518517,,,REVIEW_TEXT_FIXED,fixed_origin_primary,红旗E-HS9,6,0.0
1453.0294189453125,1548.9289180172368,58.4415262845686,53.07870023544521,REVIEW_TEXT_FIXED,fixed_origin_primary,红旗E-QM5,6,16425.0
125.27419789632161,136.27716856032862,288.03662177383484,106.01483601945412,REVIEW_TEXT_FIXED,fixed_origin_primary,红旗EH7,6,709.0
2817.9012044270835,3219.7560865114056,34.101189502991964,31.377999047125254,REVIEW_TEXT_FIXED,fixed_origin_primary,红旗H5,6,53883.0
244.2350870768229,322.33524027376416,48.64667592002984,30.12768343875283,REVIEW_TEXT_FIXED,fixed_origin_primary,红旗H5 PHEV,6,4864.0
118.71598307291667,159.87498203840258,14.226569392616076,12.283081538842904,REVIEW_TEXT_FIXED,fixed_origin_primary,红旗H6,6,5799.0
177.7304433186849,190.50914390099388,41.21635648675786,40.14994954488363,REVIEW_TEXT_FIXED,fixed_origin_primary,红旗H9,6,2656.0
58.14636993408203,60.116788151244194,234.8190909999293,181.70740604400635,REVIEW_TEXT_FIXED,fixed_origin_primary,红旗HQ9,6,192.0
151.3453572591146,189.86346169292693,30.619857917645838,22.91375583029744,REVIEW_TEXT_FIXED,fixed_origin_primary,红旗HS3,6,3963.0
747.7785034179688,826.186026540474,67.26211950557354,57.721227589190946,REVIEW_TEXT_FIXED,fixed_origin_primary,红旗HS3 PHEV,6,7773.0
651.7850341796875,704.6625843439873,16.979294812559363,16.534374281575026,REVIEW_TEXT_FIXED,fixed_origin_primary,红旗HS5,6,23652.0
601.2737019856771,604.1162549059088,1021.2036088319836,777.5090973952721,REVIEW_TEXT_FIXED,fixed_origin_primary,红旗HS7 PHEV,6,464.0
2.1225273609161377,2.2225673491589593,58.1418416235182,48.98140063652626,REVIEW_TEXT_FIXED,fixed_origin_primary,红旗国耀,6,26.0
119.93851216634114,130.99207191661696,97.14584138332971,38.856969384343785,REVIEW_TEXT_FIXED,fixed_origin_primary,红旗天工05,6,1852.0
47.59324391682943,55.95963168033441,110.48485117355872,61.67591004340747,REVIEW_TEXT_FIXED,fixed_origin_primary,红旗天工06,6,463.0
146.26763407389322,156.9312628877567,412.5299955223696,190.78387053116506,REVIEW_TEXT_FIXED,fixed_origin_primary,红旗天工08,6,460.0
866.5830891927084,1355.1823253055657,28.926768582837237,38.68962374548887,REVIEW_TEXT_FIXED,fixed_origin_primary,纳米01,6,13439.0
173.32073465983072,253.5347240691901,26.415184134216833,33.8186799336255,REVIEW_TEXT_FIXED,fixed_origin_primary,缤智,6,3075.0
475.0528030395508,721.3380803794457,42.16584234005962,65.17989522609889,REVIEW_TEXT_FIXED,fixed_origin_primary,缤瑞,6,4373.0
3136.1669108072915,3831.3844483898297,24.718255403394952,28.356366830186936,REVIEW_TEXT_FIXED,fixed_origin_primary,缤越,6,66359.0
53.83612844347954,91.23100451934623,96.02967632376966,98.1813892586253,REVIEW_TEXT_FIXED,fixed_origin_primary,羿驰05,6,329.0
65.38100179036458,79.53746936636631,50.35473782145618,42.00064354841408,REVIEW_TEXT_FIXED,fixed_origin_primary,胜达,6,934.0
1426.5474446614583,1808.5040999175533,30.432293423247987,30.324114886872916,REVIEW_TEXT_FIXED,fixed_origin_primary,腾势D9,6,28226.0
71.26011403401692,87.32745117034139,22.01914116672555,24.586583335486,REVIEW_TEXT_FIXED,fixed_origin_primary,艾力绅,6,1739.0
239.8118693033854,342.68421237285264,14.081952821923297,17.08467366207923,REVIEW_TEXT_FIXED,fixed_origin_primary,艾瑞泽5,6,8422.0
3366.7815755208335,3548.817854681247,48.71309015410019,40.08868714650725,REVIEW_TEXT_FIXED,fixed_origin_primary,艾瑞泽8,6,50390.0
1183.7150065104167,1325.9683742605073,52.7339167040721,44.17396466639196,REVIEW_TEXT_FIXED,fixed_origin_primary,英仕派,6,16078.0
92.03767395019531,92.62693813606522,793.533045854518,726.6132153962789,REVIEW_TEXT_FIXED,fixed_origin_primary,荣威D5X DMH,6,76.0
614.6692708333334,757.8430122436594,188.88286989819437,45.53667891097666,REVIEW_TEXT_FIXED,fixed_origin_primary,荣威D6,6,8099.0
262.08216349283856,281.73936086529346,50.421056520087824,42.614985933794884,REVIEW_TEXT_FIXED,fixed_origin_primary,荣威D7,6,3690.0
0.08374193407750379,0.10197683095312826,,,REVIEW_TEXT_FIXED,fixed_origin_primary,荣威RX3,6,0.0
2011.1908365885417,2199.711701946152,242.09726756360905,47.849419166228834,REVIEW_TEXT_FIXED,fixed_origin_primary,荣威i5,6,25219.0
123.03332392374675,124.22261354802528,1398.579480871396,2381.290140459614,REVIEW_TEXT_FIXED,fixed_origin_primary,荣威i6 MAX新能源,6,31.0
58.03630574544271,58.66316398927799,736.6298414470222,561.6416685042843,REVIEW_TEXT_FIXED,fixed_origin_primary,荣威iMAX8,6,62.0
49.57515335083008,60.69476713759286,215.49631258320753,99.8157450016713,REVIEW_TEXT_FIXED,fixed_origin_primary,荣威iMAX8新能源,6,298.0
460.6488037109375,500.3431784371682,48.295457028206414,50.51896951682736,REVIEW_TEXT_FIXED,fixed_origin_primary,菱智,6,5471.0
636.221923828125,705.8380296987967,34.10513837192204,30.076674621562795,REVIEW_TEXT_FIXED,fixed_origin_primary,蒙迪欧,6,12692.0
118.34212239583333,160.47145496144353,22.61686992809575,17.715886586202593,REVIEW_TEXT_FIXED,fixed_origin_primary,蔚来ET5,6,4008.0
603.2921142578125,780.1209923582062,37.2826268746662,29.962359784346287,REVIEW_TEXT_FIXED,fixed_origin_primary,蔚来ET5T,6,12081.0
52.202680587768555,53.372762181632005,367.836059478515,326.26675367355347,REVIEW_TEXT_FIXED,fixed_origin_primary,蔚来ET7,6,96.0
46.409962886323534,80.50597965195797,99.80460165513108,100.16538752443928,REVIEW_TEXT_FIXED,fixed_origin_primary,蔚来ET9,6,278.0
346.4751383463542,736.5671763304264,18.00930040157556,33.224401951064806,REVIEW_TEXT_FIXED,fixed_origin_primary,豪越L,6,6257.0
484.55950927734375,565.9111136329466,44.78213173311076,33.12472434389954,REVIEW_TEXT_FIXED,fixed_origin_primary,赛图斯,6,8777.0
2470.8978678385415,2624.7047418501,34.11438269839942,35.28593884810484,REVIEW_TEXT_FIXED,fixed_origin_primary,赛那SIENNA,6,42015.0
94.70990244547527,96.4888029483217,509.45054169252717,234.81793994745934,REVIEW_TEXT_FIXED,fixed_origin_primary,起亚EV5,6,242.0
571.5866546630859,638.6471247808738,55.44970640024497,59.789399023335356,REVIEW_TEXT_FIXED,fixed_origin_primary,起亚K3,6,5736.0
122.58887990315755,129.74607743982438,1308.2195685900417,371.4814542519926,REVIEW_TEXT_FIXED,fixed_origin_primary,起亚K5凯酷,6,198.0
0.060726866126060486,0.07456790523367121,,,REVIEW_TEXT_FIXED,fixed_origin_primary,起亚KX3傲跑,6,0.0
60.62632942199707,75.55955343823925,47.88764152508864,49.490881160813935,REVIEW_TEXT_FIXED,fixed_origin_primary,轩度EV,6,735.0
6946.590494791667,7224.645770342744,53.4008867185469,43.81370872052686,REVIEW_TEXT_FIXED,fixed_origin_primary,轩逸,6,95129.0
2037.4095052083333,2746.2233584581677,16.07043617549241,15.92223745864593,REVIEW_TEXT_FIXED,fixed_origin_primary,迈腾,6,76776.0
20.908305207888287,47.192372430618455,97.88987899230699,106.31341631129636,REVIEW_TEXT_FIXED,fixed_origin_primary,迈腾PHEV,6,118.0
400.65194574991864,746.0068095974304,1669.6598244230559,106.2737256631084,REVIEW_TEXT_FIXED,fixed_origin_primary,迈锐宝XL,6,2262.0
920.8429361979166,1116.4832375430567,26.023578206761496,20.107204371451708,REVIEW_TEXT_FIXED,fixed_origin_primary,逍客,6,27478.0
79.67373418807983,166.83329048625188,114.51239639341179,93.9179577855558,REVIEW_TEXT_FIXED,fixed_origin_primary,途安,6,509.0
1559.7333170572917,1828.497331545351,18.95750323462796,18.41407245355112,REVIEW_TEXT_FIXED,fixed_origin_primary,途岳,6,50822.0
262.2396647135417,343.3220160180438,17.84428135686462,13.637008045425983,REVIEW_TEXT_FIXED,fixed_origin_primary,途昂,6,11538.0
246.2688191731771,315.435443082695,16.08403885791694,14.521994250998157,REVIEW_TEXT_FIXED,fixed_origin_primary,途胜L,6,10175.0
2489.32666015625,3430.9057310442904,16.855429274765,18.037291936499166,REVIEW_TEXT_FIXED,fixed_origin_primary,途观L,6,82806.0
154.8069839477539,166.82933733785794,6682.640249653532,183.56559361393744,REVIEW_TEXT_FIXED,fixed_origin_primary,途观L新能源,6,506.0
4335.4873046875,5003.509513308281,31.44409782557089,30.751408339096358,REVIEW_TEXT_FIXED,fixed_origin_primary,速腾,6,84591.0
2308.7757161458335,2465.5111777589823,26.271243177797388,23.625634097750453,REVIEW_TEXT_FIXED,fixed_origin_primary,逸动,6,58634.0
96.11521085103352,108.59598809115754,4808.636816490926,295.73911031087243,REVIEW_TEXT_FIXED,fixed_origin_primary,钇为3,6,195.0
2532.693359375,2921.8259783339436,33.979741867290386,36.60137809203237,REVIEW_TEXT_FIXED,fixed_origin_primary,铂智3X,6,41518.0
36.104740142822266,44.074552642780304,1225.7531974394485,65.053585842923,REVIEW_TEXT_FIXED,fixed_origin_primary,铂智4X,6,333.0
1725.1517884392913,2438.271124715926,99.99830464730796,99.99913757739105,REVIEW_TEXT_FIXED,fixed_origin_primary,铂智7,6,10351.0
143.49820963541666,146.87078917193944,79.98350000739771,67.42280797278778,REVIEW_TEXT_FIXED,fixed_origin_primary,银河E8,6,1277.0
263.15057881673175,392.0726790099107,46.03425137401898,61.15040561194387,REVIEW_TEXT_FIXED,fixed_origin_primary,银河V900,6,2582.0
1437.9408772786458,1597.5632582113299,85.03525117975731,56.645297509499535,REVIEW_TEXT_FIXED,fixed_origin_primary,银河星耀6,6,15231.0
1299.4934755082552,2492.2950842627283,99.99759050350444,99.99949792291306,REVIEW_TEXT_FIXED,fixed_origin_primary,银河星耀7,6,7797.0
2977.82958984375,4006.269191363525,19.727655212940665,22.724295757154213,REVIEW_TEXT_FIXED,fixed_origin_primary,锋兰达,6,78625.0
247.95013427734375,306.73419230664183,14.966565735955676,14.036237434324583,REVIEW_TEXT_FIXED,fixed_origin_primary,锐界L,6,10599.0
28.49018923441569,28.651552799860774,1212.0065590691945,814.0054066975912,REVIEW_TEXT_FIXED,fixed_origin_primary,锐程PLUS,6,21.0
59.88518269856771,69.8224930887839,34.35558926347428,29.331518056441325,REVIEW_TEXT_FIXED,fixed_origin_primary,锐际,6,1225.0
4800.76708984375,5262.562284626173,38.104414524038454,39.47891030819125,REVIEW_TEXT_FIXED,fixed_origin_primary,长安CS75 PLUS,6,72962.0
5700.51416015625,5732.536470330232,342.18397624157944,289.21938915049464,REVIEW_TEXT_FIXED,fixed_origin_primary,长安Lumin,6,11826.0
65.1934814453125,66.73442027829785,1048.874100334001,235.63908956137047,REVIEW_TEXT_FIXED,fixed_origin_primary,长安UNI-K,6,166.0
2.5402464071909585,2.781879108766891,203.5547822713852,217.73540633065357,REVIEW_TEXT_FIXED,fixed_origin_primary,长安UNI-K 智电iDD,6,7.0
27.870994567871094,31.7117846709358,697.2088567283807,163.94702686982995,REVIEW_TEXT_FIXED,fixed_origin_primary,长安UNI-T,6,102.0
948.6697998046875,1076.7985631364725,63.12063955110142,45.128191539111434,REVIEW_TEXT_FIXED,fixed_origin_primary,长安UNI-V,6,12613.0
1948.1763509114583,2669.5931774717565,62.85042921932299,59.01180384424853,REVIEW_TEXT_FIXED,fixed_origin_primary,长安UNI-Z新能源,6,19808.0
3418.4210611979165,3495.1783626566157,40.537502427134015,40.81209480895316,REVIEW_TEXT_FIXED,fixed_origin_primary,长安X5 PLUS,6,50256.0
722.6255289713541,869.3949454699575,64.61788051704725,46.595950282946,REVIEW_TEXT_FIXED,fixed_origin_primary,长安启源A07,6,9305.0
1997.847188313802,2016.9662790392538,,,REVIEW_TEXT_FIXED,fixed_origin_primary,长安启源Q05经典,6,0.0
1007.9034220377604,1033.705577509755,352.77664584853386,226.66493748975122,REVIEW_TEXT_FIXED,fixed_origin_primary,长安欧尚520,6,2668.0
4997.026529947917,5461.1128499555,116.73370706969473,74.21142837971215,REVIEW_TEXT_FIXED,fixed_origin_primary,雅阁,6,40401.0
2219.6736653645835,2679.7965592673877,83.4982394228405,62.04249507214898,REVIEW_TEXT_FIXED,fixed_origin_primary,零跑B01,6,21466.0
1539.4037679036458,1864.6987913590383,72.4963867064568,46.080735419187164,REVIEW_TEXT_FIXED,fixed_origin_primary,零跑Lafa5,6,20044.0
666.3037516276041,718.2787426039234,14901.040973505993,105.95872011040616,REVIEW_TEXT_FIXED,fixed_origin_primary,零跑T03,6,3773.0
428.4744160970052,494.2064765414543,203.29917077147056,97.89971426435763,REVIEW_TEXT_FIXED,fixed_origin_primary,雷凌,6,2626.0
969.0103759765625,1339.917755251754,20.89279052362144,25.10389575068815,REVIEW_TEXT_FIXED,fixed_origin_primary,领克03,6,23160.0
589.3683471679688,778.0806897323994,26.55773160548683,29.04484667768224,REVIEW_TEXT_FIXED,fixed_origin_primary,领克07,6,12175.0
615.3394368489584,797.6434139313372,19.252204911512486,20.485139106107475,REVIEW_TEXT_FIXED,fixed_origin_primary,领克10,6,18023.0
2483.8141276041665,2648.88821072513,116.15194791897639,111.59865782256253,REVIEW_TEXT_FIXED,fixed_origin_primary,风云A9L,6,13354.0
3.2486711343129477,3.725352278164728,46.987480871261106,33.606942768754635,REVIEW_TEXT_FIXED,fixed_origin_primary,风光330,6,58.0
37.38765780131022,39.559176628924824,87.58322908306076,82.77710214312226,REVIEW_TEXT_FIXED,fixed_origin_primary,风光380,6,271.0
24.344526608784992,24.48655192869601,1279.687100819179,730.3357982635498,REVIEW_TEXT_FIXED,fixed_origin_primary,风光E380,6,20.0
104.89278920491536,109.54311650740534,64.0284798275853,65.42169804880376,REVIEW_TEXT_FIXED,fixed_origin_primary,飞凡F7,6,962.0
127.33203125,145.09598195897408,23.304199082350227,21.322695715880545,REVIEW_TEXT_FIXED,fixed_origin_primary,马自达3 昂克赛拉,6,3583.0
398.1266276041667,407.18741658550357,32.46865674929456,29.13476967465545,REVIEW_TEXT_FIXED,fixed_origin_primary,马自达EZ-6,6,8199.0
4659.299641927083,4924.607414580585,14370.106275014294,637.0965782033386,REVIEW_TEXT_FIXED,fixed_origin_primary,驱逐舰05,6,4388.0
29.02398935953776,34.866176886130674,55.94987708320799,35.180593163076075,REVIEW_TEXT_FIXED,fixed_origin_primary,骐达,6,495.0
499.72007242838544,558.884804235418,48.17206090122876,39.98826933275957,REVIEW_TEXT_FIXED,fixed_origin_primary,高尔夫,6,7498.0
26.630706787109375,31.14954235099376,15.98686272724892,16.271307609231798,REVIEW_TEXT_FIXED,fixed_origin_primary,高尔夫GTI,6,982.0
610.5986328125,823.5890604562447,12.113173052326493,10.70380634258042,REVIEW_TEXT_FIXED,fixed_origin_primary,魏牌 高山,6,34227.0
1484.0240071614583,1564.2724744036504,45.571921314552974,36.647092410457056,REVIEW_TEXT_ROLLING,rolling_origin_supplement,AION RT,6,24297.0
1204.7759602864583,1299.133228373654,129.0136280782787,54.6672900379547,REVIEW_TEXT_ROLLING,rolling_origin_supplement,AION S,6,13223.0
1252.6164957682292,1300.7505343475957,77.85971567503944,63.827592141056265,REVIEW_TEXT_ROLLING,rolling_origin_supplement,AION UT,6,11775.0
96.3520024617513,101.48988808770693,164.45295166749753,118.70883260174698,REVIEW_TEXT_ROLLING,rolling_origin_supplement,EO 羿欧,6,487.0
0.1350281536579132,0.14055660701624786,,,REVIEW_TEXT_ROLLING,rolling_origin_supplement,EVOS,6,0.0
603.5083618164062,671.3520413817852,171.7944353761956,106.34508578262665,REVIEW_TEXT_ROLLING,rolling_origin_supplement,ID.4 CROZZ,6,3405.0
63.22615305582682,74.31376074153226,201.53674942129265,67.50123102045569,REVIEW_TEXT_ROLLING,rolling_origin_supplement,ID.4 X,6,562.0
7.866111834843953,8.048516549312131,631.7117214202881,4719.667100906372,REVIEW_TEXT_ROLLING,rolling_origin_supplement,ID.6 CROZZ,6,1.0
22.691749572753906,24.270585065952726,282.57239583129336,186.5075307349636,REVIEW_TEXT_ROLLING,rolling_origin_supplement,IQ傲歌,6,73.0
115.56386947631836,207.08206090931176,134.9870169835341,91.59619773552313,REVIEW_TEXT_ROLLING,rolling_origin_supplement,IQ锐歌,6,757.0
4967.174153645833,5461.156438419714,42.823065103587815,42.12265899944172,REVIEW_TEXT_ROLLING,rolling_origin_supplement,MG4,6,70753.0
18.44835090637207,22.102556242233906,247.32018024202378,97.09658371774775,REVIEW_TEXT_ROLLING,rolling_origin_supplement,MG6,6,114.0
398.51915232340497,433.6358322155488,54.03825033615016,53.79336139348548,REVIEW_TEXT_ROLLING,rolling_origin_supplement,MG7,6,4445.0
5063.60595703125,6548.901554956563,178.37472837350663,45.72655209383748,REVIEW_TEXT_ROLLING,rolling_origin_supplement,Model 3,6,66442.0
6434.1943359375,7069.501492722665,23.15677634745129,22.378119918861188,REVIEW_TEXT_ROLLING,rolling_origin_supplement,Model Y,6,172513.0
60.943275451660156,84.09476481087553,25.066859411945448,27.328823072493343,REVIEW_TEXT_ROLLING,rolling_origin_supplement,PATHFINDER探陆,6,1338.0
36.91993776957194,38.50997642308179,,,REVIEW_TEXT_ROLLING,rolling_origin_supplement,Polestar 4,6,0.0
432.4925130208333,583.6942910073,72.28390806382158,52.433927624267525,REVIEW_TEXT_ROLLING,rolling_origin_supplement,QQ冰淇淋,6,4949.0
2072.8904622395835,2794.579933280852,16.372909994187225,18.058110133631704,REVIEW_TEXT_ROLLING,rolling_origin_supplement,RAV4荣放,6,68874.0
674.9732055664062,980.6981505395897,23.519995972001396,29.472667443406138,REVIEW_TEXT_ROLLING,rolling_origin_supplement,T-ROC探歌,6,13741.0
322.74732462565106,384.1550518993082,39.907974143558704,31.745638487768957,REVIEW_TEXT_ROLLING,rolling_origin_supplement,eπ007,6,6100.0
414.14021555582684,492.89700590755746,58.06313523725192,65.45946505097369,REVIEW_TEXT_ROLLING,rolling_origin_supplement,e爱丽舍,6,3796.0
1750.3035074869792,1961.7395755057628,36.23464940240464,36.27446735837061,REVIEW_TEXT_ROLLING,rolling_origin_supplement,firefly萤火虫,6,28951.0
48.1451784769694,50.177671297437875,,,REVIEW_TEXT_ROLLING,rolling_origin_supplement,iCAR 03,6,0.0
104.38021341959636,139.64931827637625,37.861336158827015,38.80305331583507,REVIEW_TEXT_ROLLING,rolling_origin_supplement,世纪,6,1614.0
105.12891387939453,135.62090342114774,149.69125537022754,36.88733820329632,REVIEW_TEXT_ROLLING,rolling_origin_supplement,东风本田S7,6,1710.0
659.9881998697916,797.002678866123,210.45025549125475,64.57810174851191,REVIEW_TEXT_ROLLING,rolling_origin_supplement,丰田bZ3,6,6132.0
475.40331013997394,510.4994541224071,79.41201251707307,53.406101120386516,REVIEW_TEXT_ROLLING,rolling_origin_supplement,丰田bZ5,6,5341.0
148.76139958699545,218.0513738582252,44.37902456903901,54.458108451615175,REVIEW_TEXT_ROLLING,rolling_origin_supplement,五菱佳辰,6,1639.0
49.34216117858887,52.13572026313339,,,REVIEW_TEXT_ROLLING,rolling_origin_supplement,五菱宏光,6,0.0
369.2630923415224,904.1567245837435,99.98747581956619,100.02611982163134,REVIEW_TEXT_ROLLING,rolling_origin_supplement,五菱宏光S,6,2215.0
59.905638694763184,64.3986065068973,70.05846952318096,69.25507363556437,REVIEW_TEXT_ROLLING,rolling_origin_supplement,五菱征程,6,519.0
0.06775917951017618,0.08831269101511707,,,REVIEW_TEXT_ROLLING,rolling_origin_supplement,五菱星云,6,0.0
821.0140075683594,836.9614693171657,266.390072890125,218.25804366017528,REVIEW_TEXT_ROLLING,rolling_origin_supplement,五菱星光,6,2257.0
230.05753072102866,272.87075987931627,1567.6642117558195,100.17018754181217,REVIEW_TEXT_ROLLING,rolling_origin_supplement,五菱星驰,6,1378.0
2.4008404264847436,3.038555939933575,67.910285115242,84.73554446416742,REVIEW_TEXT_ROLLING,rolling_origin_supplement,亚洲狮,6,17.0
3157.1670735677085,3335.182249752078,49.056499599371286,40.84656382914923,REVIEW_TEXT_ROLLING,rolling_origin_supplement,亚洲龙,6,46376.0
0.06434519433726867,0.07875794516378057,,,REVIEW_TEXT_ROLLING,rolling_origin_supplement,享域,6,0.0
680.9372965494791,866.6084574701875,24.643691950047245,19.1006254291579,REVIEW_TEXT_ROLLING,rolling_origin_supplement,伊兰特,6,21390.0
545.7228495279948,665.0747353857203,34.647901529551426,36.67081528914737,REVIEW_TEXT_ROLLING,rolling_origin_supplement,传祺E8新能源,6,8929.0
0.07895390503108501,0.09481280211675226,,,REVIEW_TEXT_ROLLING,rolling_origin_supplement,传祺GA8,6,0.0
723.441162109375,921.8283200479705,31.504939846532192,37.672686796183385,REVIEW_TEXT_ROLLING,rolling_origin_supplement,传祺M6,6,11522.0
2546.4668579101562,2844.246384183119,47.780894168228876,52.28526845342871,REVIEW_TEXT_ROLLING,rolling_origin_supplement,传祺M8,6,29222.0
1590.2720540364583,1994.0558231532618,61.593721318019526,37.93437094668131,REVIEW_TEXT_ROLLING,rolling_origin_supplement,元PLUS,6,25153.0
6271.597819010417,6508.974109414471,65.66637737164585,45.51782619337426,REVIEW_TEXT_ROLLING,rolling_origin_supplement,元UP,6,82670.0
42.48169962565104,46.638218839215675,14.765792154411143,13.19307441790405,REVIEW_TEXT_ROLLING,rolling_origin_supplement,冠道,6,1932.0
98.74817911783855,118.65120299246331,36.088313533684676,38.62379887268783,REVIEW_TEXT_ROLLING,rolling_origin_supplement,凌宝BOX,6,1534.0
9.79558833440145,10.17777137684096,140.5193141488468,99.61615255323507,REVIEW_TEXT_ROLLING,rolling_origin_supplement,凌尚,6,59.0
2.1186933293938637,2.7067895769055874,44.68035277769421,48.89292298601224,REVIEW_TEXT_ROLLING,rolling_origin_supplement,凌放HARRIER,6,26.0
591.9979451497396,637.9532146311099,38.545294799417746,30.755802847852088,REVIEW_TEXT_ROLLING,rolling_origin_supplement,凌渡,6,11549.0
411.1768798828125,536.8936389254629,32.55148695080271,38.54783248901367,REVIEW_TEXT_ROLLING,rolling_origin_supplement,凡尔赛C5 X,6,6400.0
52.16014217492193,77.98727768195229,99.96985144905942,99.9874929870708,REVIEW_TEXT_ROLLING,rolling_origin_supplement,凯威德,6,313.0
2441.7926432291665,2992.4684786793346,15.348135730733958,17.03952717388144,REVIEW_TEXT_ROLLING,rolling_origin_supplement,凯美瑞,6,85981.0
386.60662333170575,603.1257743137515,81.50311223456411,79.49416518129658,REVIEW_TEXT_ROLLING,rolling_origin_supplement,凯翼拾月,6,2918.0
572.6283365885416,891.7112464733132,16.690249000096845,22.35956019478882,REVIEW_TEXT_ROLLING,rolling_origin_supplement,凯迪拉克CT5,6,15366.0
882.199951171875,1049.709595630743,22.035751992722208,24.411749790302313,REVIEW_TEXT_ROLLING,rolling_origin_supplement,凯迪拉克XT5,6,21683.0
16.442852020263672,23.177865718181256,20.495093931334292,18.337753182450193,REVIEW_TEXT_ROLLING,rolling_origin_supplement,凯迪拉克XT6,6,538.0
1.2959791620572407,1.4178445177545522,73.88226936260858,77.75874972343445,REVIEW_TEXT_ROLLING,rolling_origin_supplement,别克E4,6,10.0
0.0949243853489558,0.09823084027459247,,,REVIEW_TEXT_ROLLING,rolling_origin_supplement,别克GL6,6,0.0
953.8441162109375,1066.2746098192792,27.52405278632325,29.12056529418219,REVIEW_TEXT_ROLLING,rolling_origin_supplement,别克GL8,6,19653.0
662.5358479817709,776.0792985391588,28.494920419280838,26.1958160651771,REVIEW_TEXT_ROLLING,rolling_origin_supplement,别克GL8新能源,6,15175.0
59.83893712361654,72.77458286161439,37.07846504703149,42.041407815187256,REVIEW_TEXT_ROLLING,rolling_origin_supplement,勇士,6,854.0
635.1512654622396,704.3112426934399,7637.070428942181,447.2896235649575,REVIEW_TEXT_ROLLING,rolling_origin_supplement,北京EU5,6,852.0
29.133712768554688,35.21561323566877,23.38448390897158,25.668469399607652,REVIEW_TEXT_ROLLING,rolling_origin_supplement,北京现代ix35,6,681.0
173.56511747371405,242.87333298204757,99.94345584987013,99.94152637641885,REVIEW_TEXT_ROLLING,rolling_origin_supplement,博越REV,6,1042.0
1555.7705891927083,2053.186431639893,25.524977443862856,29.70161491395014,REVIEW_TEXT_ROLLING,rolling_origin_supplement,卡罗拉,6,31428.0
0.03027908317744732,0.03316195502452786,,,REVIEW_TEXT_ROLLING,rolling_origin_supplement,卡罗拉双擎E+,6,0.0
3006.94677734375,3542.0422927883997,30.44427493256438,26.612896116210376,REVIEW_TEXT_ROLLING,rolling_origin_supplement,卡罗拉锐放,6,67793.0
0.24705613839129606,0.3473815157727009,,,REVIEW_TEXT_ROLLING,rolling_origin_supplement,合创A06,6,0.0
237.44685872395834,278.7117753470547,41.9561077663939,32.653705073200776,REVIEW_TEXT_ROLLING,rolling_origin_supplement,吉利ICON,6,4363.0
2624.3181762695312,2968.425984045528,106.94427511706431,78.99417577693868,REVIEW_TEXT_ROLLING,rolling_origin_supplement,吉利熊猫,6,19933.0
996.1051839192709,1224.132849014804,38.513669699605316,42.03271048256295,REVIEW_TEXT_ROLLING,rolling_origin_supplement,君威,6,14219.0
1367.7840983072917,1810.8494548648002,25.267634666617138,30.233954427658965,REVIEW_TEXT_ROLLING,rolling_origin_supplement,君越,6,27144.0
27.300501505533855,34.10911923580729,29.472510541240048,23.808576894360918,REVIEW_TEXT_ROLLING,rolling_origin_supplement,启辰D60,6,688.0
0.07795840424175064,0.0942063445791466,,,REVIEW_TEXT_ROLLING,rolling_origin_supplement,启辰T60,6,0.0
1317.0590413411458,1396.5050891074902,81.60190852578224,77.29219726180433,REVIEW_TEXT_ROLLING,rolling_origin_supplement,唐新能源,6,10224.0
24.12552769978841,27.162303661952095,33.434405547753386,32.973386377842935,REVIEW_TEXT_ROLLING,rolling_origin_supplement,嘉华,6,439.0
427.5268046061198,452.27783922322817,258.9922227080697,128.3222024830775,REVIEW_TEXT_ROLLING,rolling_origin_supplement,型格,6,1999.0
247.82182434325418,312.4934065286535,99.89695243195037,99.92815497711862,REVIEW_TEXT_ROLLING,rolling_origin_supplement,埃尚,6,1488.0
623.8421630859375,635.2019795816612,94.11211621309575,91.27171369216349,REVIEW_TEXT_ROLLING,rolling_origin_supplement,夏,6,4101.0
223.869384765625,351.1776675905997,19.407664647505264,25.20105644641182,REVIEW_TEXT_ROLLING,rolling_origin_supplement,大众CC,6,5330.0
952.6533203125,959.5825705674702,174.2606622822593,146.411883244749,REVIEW_TEXT_ROLLING,rolling_origin_supplement,大众ID.3,6,3904.0
114.65596262613933,129.96557200794774,369.2447586257112,184.43318384901767,REVIEW_TEXT_ROLLING,rolling_origin_supplement,大家7,6,373.0
68.04978307088216,84.15267257741097,164.28217451379513,62.718694074545766,REVIEW_TEXT_ROLLING,rolling_origin_supplement,大家9,6,651.0
45.20617167154948,48.45160228313938,30.217193985767803,27.67724796217315,REVIEW_TEXT_ROLLING,rolling_origin_supplement,大通G10,6,980.0
76.03190612792969,87.81088851495163,32.79454141887659,29.914192574923153,REVIEW_TEXT_ROLLING,rolling_origin_supplement,大通G50,6,1525.0
6.631682236989339,7.888931325421117,47.24724698575371,45.216015252200044,REVIEW_TEXT_ROLLING,rolling_origin_supplement,大通G70,6,88.0
19.17245356241862,19.946942728747974,192.2699572744416,129.25249592641765,REVIEW_TEXT_ROLLING,rolling_origin_supplement,大通G90,6,89.0
1147.7134195963542,1275.4813284101156,27.500554178582643,25.296747180876224,REVIEW_TEXT_ROLLING,rolling_origin_supplement,天籁,6,27222.0
648.1779378255209,745.2153802513832,31.68093607284037,26.33620658869862,REVIEW_TEXT_ROLLING,rolling_origin_supplement,奇骏,6,14767.0
4.639356891314189,4.868168876261643,,,REVIEW_TEXT_ROLLING,rolling_origin_supplement,奔奔E-Star,6,0.0
2387.7106119791665,3090.0400283092927,138.22392922906238,55.048083273294914,REVIEW_TEXT_ROLLING,rolling_origin_supplement,奔腾小马,6,26025.0
619.9658508300781,634.6982540684567,5310.395521012561,286.5789757303905,REVIEW_TEXT_ROLLING,rolling_origin_supplement,奔驰A级,6,1298.0
1556.5345052083333,2055.0308229065404,31.847676812827448,22.782443420218083,REVIEW_TEXT_ROLLING,rolling_origin_supplement,奔驰C级,6,40993.0
2041.3346354166667,2761.644511428437,17.63170097809641,20.00491271947734,REVIEW_TEXT_ROLLING,rolling_origin_supplement,奔驰E级,6,61225.0
964.0908610026041,1166.3053410246234,489.6214829119879,95.07799418171639,REVIEW_TEXT_ROLLING,rolling_origin_supplement,奔驰GLB,6,6084.0
1517.76708984375,2633.5975275626333,13.811265543833548,17.333693471386834,REVIEW_TEXT_ROLLING,rolling_origin_supplement,奔驰GLC,6,52537.0
454.4674072265625,462.3839487521387,171.7988814229672,161.8281568759273,REVIEW_TEXT_ROLLING,rolling_origin_supplement,奔驰V级,6,1685.0
666.0652949015299,739.3779610107134,72.08176318388081,75.21911856595483,REVIEW_TEXT_ROLLING,rolling_origin_supplement,奕炫,6,5313.0
919.9999593098959,957.8091135222861,47.21583713439669,48.25596429634911,REVIEW_TEXT_ROLLING,rolling_origin_supplement,奕跑,6,11439.0
176.0523885091146,259.4899269476587,15.707767648142093,17.97064190293786,REVIEW_TEXT_ROLLING,rolling_origin_supplement,奥德赛,6,5878.0
1872.6772867838542,2091.3085847232974,31.10676363644919,32.70671165134518,REVIEW_TEXT_ROLLING,rolling_origin_supplement,奥迪A3,6,34354.0
1419.6852620442708,1642.5884886257106,79.34541501914075,60.06707264837195,REVIEW_TEXT_ROLLING,rolling_origin_supplement,奥迪A4L,6,14181.0
175.478515625,355.2078706315552,4.130094788950106,4.746297136320607,REVIEW_TEXT_ROLLING,rolling_origin_supplement,奥迪A5L,6,22183.0
245.8668212890625,292.6088302054475,21.69478602022358,17.99464415387137,REVIEW_TEXT_ROLLING,rolling_origin_supplement,奥迪A5L Sportback,6,8198.0
2224.583984375,2535.9626603216193,24.31961471757882,22.526292181408536,REVIEW_TEXT_ROLLING,rolling_origin_supplement,奥迪A6L,6,59253.0
340.04883829752606,346.59126077815336,774.7274781526212,1467.836712075652,REVIEW_TEXT_ROLLING,rolling_origin_supplement,奥迪A6L e-tron,6,139.0
192.93513997395834,206.11330339949902,55.631835674536745,49.78971354166667,REVIEW_TEXT_ROLLING,rolling_origin_supplement,奥迪A7L,6,2325.0
681.4597778320312,794.972365079095,128.21082720578872,83.05420814528108,REVIEW_TEXT_ROLLING,rolling_origin_supplement,奥迪E5 Sportback,6,4923.0
127.51564534505208,227.1452475025296,29.511357562886808,38.02653439713283,REVIEW_TEXT_ROLLING,rolling_origin_supplement,奥迪Q2L,6,2012.0
585.0563557942709,725.521466396184,20.953122640577995,23.32450587884136,REVIEW_TEXT_ROLLING,rolling_origin_supplement,奥迪Q3,6,15050.0
67.03497823079427,73.96752909926086,67.85063693075793,61.0333640948051,REVIEW_TEXT_ROLLING,rolling_origin_supplement,奥迪Q3 Sportback,6,659.0
435.0786895751953,565.3836176829454,905.1775889943927,111.89336208534813,REVIEW_TEXT_ROLLING,rolling_origin_supplement,奥迪Q4 e-tron,6,2333.0
106.73849232991536,107.01485962246603,,,REVIEW_TEXT_ROLLING,rolling_origin_supplement,奥迪Q5 e-tron,6,0.0
2054.4486490885415,2490.681949219066,24.967458924395423,23.999166509999903,REVIEW_TEXT_ROLLING,rolling_origin_supplement,奥迪Q5L,6,51363.0
235.49803924560547,430.3518290903405,87.19330535726999,80.19229486229472,REVIEW_TEXT_ROLLING,rolling_origin_supplement,奥迪Q5L Sportback,6,1762.0
67.27989959716797,69.49740417786468,399.7365476788682,247.65607213681463,REVIEW_TEXT_ROLLING,rolling_origin_supplement,奥迪Q6L Sportback e-tron,6,163.0
300.3936818440755,364.15444897690446,207.97020737103372,71.29596879210654,REVIEW_TEXT_ROLLING,rolling_origin_supplement,奥迪Q6L e-tron,6,2528.0
3100.7674560546875,3864.853724470396,36.80712713740448,42.795769181625666,REVIEW_TEXT_ROLLING,rolling_origin_supplement,威兰达,6,43473.0
280.1415710449219,295.4801466480282,171.46248982753872,114.34349838568241,REVIEW_TEXT_ROLLING,rolling_origin_supplement,威朗,6,1470.0
568.9427998860677,586.2260800394611,244.29521709285194,179.47722393882262,REVIEW_TEXT_ROLLING,rolling_origin_supplement,威然,6,1902.0
232.3369344075521,239.40210054059085,86.20972330473458,74.62642432790753,REVIEW_TEXT_ROLLING,rolling_origin_supplement,威霆,6,1868.0
62.54840278625488,64.15877313989591,1631.7601400708395,636.085452063609,REVIEW_TEXT_ROLLING,rolling_origin_supplement,威飒,6,59.0
97.1979751586914,107.72182960600071,61.56473318458519,53.017077359286226,REVIEW_TEXT_ROLLING,rolling_origin_supplement,宋L EV,6,1100.0
4319.8940022786455,4331.984222924312,3348.334850436572,1730.2646204053322,REVIEW_TEXT_ROLLING,rolling_origin_supplement,宋PLUS新能源,6,1498.0
4782.810302734375,5393.505409207866,35.77266860779395,37.61155183151098,REVIEW_TEXT_ROLLING,rolling_origin_supplement,宋Pro新能源,6,76298.0
8746.528971354166,9818.765491627484,110.42584484039214,72.08776745302133,REVIEW_TEXT_ROLLING,rolling_origin_supplement,宏光MINIEV,6,72799.0
978.8846028645834,1186.1591279035997,20.576865032140446,22.115855018215534,REVIEW_TEXT_ROLLING,rolling_origin_supplement,宝来,6,26557.0
3.4762887159983316,3.7262174536242054,220.9667453059444,122.69254291758817,REVIEW_TEXT_ROLLING,rolling_origin_supplement,宝马1系,6,17.0
128.8404744466146,131.573806248494,32.82442404941951,30.79851978803536,REVIEW_TEXT_ROLLING,rolling_origin_supplement,宝马2系,6,2510.0
1371.6341145833333,1957.6378007870599,11.166639476102048,12.57457017403129,REVIEW_TEXT_ROLLING,rolling_origin_supplement,宝马3系,6,65448.0
1469.9187825520833,1964.0866085767989,16.53360505103862,18.35830373079765,REVIEW_TEXT_ROLLING,rolling_origin_supplement,宝马5系,6,48041.0
1048.34814453125,1102.3339646300851,28.071043318334993,28.63165764116482,REVIEW_TEXT_ROLLING,rolling_origin_supplement,宝马X1,6,21969.0
4.2628858884175616,5.051434743368021,134.22992059162684,106.57214721043904,REVIEW_TEXT_ROLLING,rolling_origin_supplement,宝马X2,6,24.0
1565.3204752604167,1719.5151408684262,22.709317159241493,23.526860850607463,REVIEW_TEXT_ROLLING,rolling_origin_supplement,宝马X3,6,39920.0
1068.4751383463542,1362.794653274357,18.942517712889586,21.275182789891897,REVIEW_TEXT_ROLLING,rolling_origin_supplement,宝马X5,6,30133.0
191.8422648111979,203.27738279482483,19.58886258945349,18.1411125116972,REVIEW_TEXT_ROLLING,rolling_origin_supplement,宝马i3,6,6345.0
163.38398234049478,172.49423927298122,66.66095542013622,56.27462078317846,REVIEW_TEXT_ROLLING,rolling_origin_supplement,宝马i5,6,1742.0
150.76099650065103,180.5286560437624,24.74729670711698,19.503363066060935,REVIEW_TEXT_ROLLING,rolling_origin_supplement,宝马iX1,6,4638.0
20.56943416595459,30.42951102994955,90.57591803782779,73.90215868007637,REVIEW_TEXT_ROLLING,rolling_origin_supplement,宝马iX3,6,167.0
32.85757064819336,37.007576791035156,2489.9903268956427,273.8130887349447,REVIEW_TEXT_ROLLING,rolling_origin_supplement,宝骏KiWi EV,6,72.0
10713.057779947916,12536.993272723052,664.1773764486753,79.85284570623075,REVIEW_TEXT_ROLLING,rolling_origin_supplement,小米SU7,6,80496.0
0.39322448273499805,0.3998002909585272,,,REVIEW_TEXT_ROLLING,rolling_origin_supplement,小虎FEV,6,0.0
0.10929580281178157,0.13511829656710614,,,REVIEW_TEXT_ROLLING,rolling_origin_supplement,小鹏G3,6,0.0
3304.165771484375,3460.7913276599747,39.112770330449514,31.815693010826568,REVIEW_TEXT_ROLLING,rolling_origin_supplement,小鹏MONA M03,6,62312.0
0.08335729564229648,0.10253926550495901,,,REVIEW_TEXT_ROLLING,rolling_origin_supplement,小鹏P5,6,0.0
512.3978881835938,539.3294991267567,44.75899586371148,34.97596506372654,REVIEW_TEXT_ROLLING,rolling_origin_supplement,小鹏P7,6,8790.0
1007.7416585286459,1180.4446821423262,26.991277811718177,29.215548662407592,REVIEW_TEXT_ROLLING,rolling_origin_supplement,小鹏P7+,6,20696.0
460.15472412109375,662.8891466193666,16.620735297111462,20.721467612778163,REVIEW_TEXT_ROLLING,rolling_origin_supplement,小鹏X9,6,13324.0
1658.9630126953125,1921.382414896064,30.52857341322422,31.163988967350893,REVIEW_TEXT_ROLLING,rolling_origin_supplement,岚图梦想家,6,31940.0
111.95672065058413,143.927946880545,99.9478931534891,99.96135772373582,REVIEW_TEXT_ROLLING,rolling_origin_supplement,岚图追光L,6,672.0
3281.9519856770835,3767.669929999977,24.409548452594247,24.602338723216516,REVIEW_TEXT_ROLLING,rolling_origin_supplement,帕萨特,6,80040.0
1231.971211751302,1265.065090051867,2397.587556463073,211.1950648716518,REVIEW_TEXT_ROLLING,rolling_origin_supplement,帕萨特新能源,6,3500.0
398.25408935546875,404.09499752608275,219.35281696626149,205.6389445897429,REVIEW_TEXT_ROLLING,rolling_origin_supplement,广汽本田P7,6,1162.0
490.26487223307294,608.4854943921864,31.786821867059228,35.43656467170748,REVIEW_TEXT_ROLLING,rolling_origin_supplement,库斯途,6,8301.0
279.51491292317706,396.99289160671833,64.84749274889717,40.51919491517425,REVIEW_TEXT_ROLLING,rolling_origin_supplement,影豹,6,4139.0
64.37799072265625,67.43397426673206,64.34351465098909,45.23043844683109,REVIEW_TEXT_ROLLING,rolling_origin_supplement,微蓝6,6,854.0
863.8957112630209,997.462272277655,52.156554005505086,43.31751853232596,REVIEW_TEXT_ROLLING,rolling_origin_supplement,思域,6,11966.0
962.2298177083334,1096.7262673145676,74.82635341100718,52.802075235503935,REVIEW_TEXT_ROLLING,rolling_origin_supplement,悦意03,6,10934.0
440.46828206380206,442.6428373100999,295.9178796269372,266.41226737729966,REVIEW_TEXT_ROLLING,rolling_origin_supplement,悦意07,6,992.0
4.51416810353597,4.712399581167887,343.53303511937463,451.416810353597,REVIEW_TEXT_ROLLING,rolling_origin_supplement,护卫舰07,6,6.0
86.67715581258138,87.09222748037186,4877.040303922167,1926.1590180573642,REVIEW_TEXT_ROLLING,rolling_origin_supplement,捷豹XEL,6,27.0
515.6592203776041,542.5605735423205,575.0269786261197,162.5830437343996,REVIEW_TEXT_ROLLING,rolling_origin_supplement,捷豹XFL,6,1903.0
955.2367553710938,1069.4629351055228,46.912015396974844,40.94164249036761,REVIEW_TEXT_ROLLING,rolling_origin_supplement,捷达VA3,6,13999.0
59.91932678222656,65.32726160652133,61.94544163916016,56.438926325488126,REVIEW_TEXT_ROLLING,rolling_origin_supplement,捷达VA7,6,637.0
3161.6873372395835,3653.168607163012,26.465923341096254,25.82058286275504,REVIEW_TEXT_ROLLING,rolling_origin_supplement,探岳,6,73469.0
234.03312174479166,380.5561942762555,728.8000285558883,107.10898020356598,REVIEW_TEXT_ROLLING,rolling_origin_supplement,探岳X,6,1311.0
8.293091694513956,9.190658420605574,339.10727256383655,226.17522803219882,REVIEW_TEXT_ROLLING,rolling_origin_supplement,探界者,6,22.0
76.01033528645833,91.79619677636687,11.217257481757258,10.645705222193044,REVIEW_TEXT_ROLLING,rolling_origin_supplement,探险者,6,4284.0
88.20176696777344,115.27433597753661,16.495452338948592,17.0273681404968,REVIEW_TEXT_ROLLING,rolling_origin_supplement,揽境,6,3108.0
523.4703776041666,660.2683661561556,27.785433553008694,32.628529665749014,REVIEW_TEXT_ROLLING,rolling_origin_supplement,揽巡,6,9626.0
0.09831327913949887,0.1310749361527557,,,REVIEW_TEXT_ROLLING,rolling_origin_supplement,摩卡,6,0.0
3254.5697428385415,4809.629155449849,26.638909743762113,34.539794921875,REVIEW_TEXT_ROLLING,rolling_origin_supplement,新帝豪,6,56536.0
889.5758463541666,1036.0631353734145,38.23572701142737,38.30801032171822,REVIEW_TEXT_ROLLING,rolling_origin_supplement,日产N6,6,13933.0
566.6268513997396,610.7653391908536,57.731631825597006,45.65889213535371,REVIEW_TEXT_ROLLING,rolling_origin_supplement,日产N7,6,7446.0
2035.0406656451523,2999.536242833244,99.99358091972192,99.99380881067,REVIEW_TEXT_ROLLING,rolling_origin_supplement,日产NX8,6,12211.0
2378.1582845052085,2987.9183467133053,25.474778504514813,27.925766609971912,REVIEW_TEXT_ROLLING,rolling_origin_supplement,昂科威,6,51096.0
14.137667338053385,18.41614841719097,91.371140815605,65.25077232947716,REVIEW_TEXT_ROLLING,rolling_origin_supplement,昊铂GT,6,130.0
497.29820760091144,588.4487741626145,164.70388841969628,62.18818769498684,REVIEW_TEXT_ROLLING,rolling_origin_supplement,星海S7,6,4798.0
480.47557576497394,546.1190294885288,83.6652876863156,51.78468573001336,REVIEW_TEXT_ROLLING,rolling_origin_supplement,星海T5,6,5567.0
163.9559097290039,217.9266183002379,32.89582225278401,39.6347888144248,REVIEW_TEXT_ROLLING,rolling_origin_supplement,星海V9,6,2482.0
4538.649983723958,5897.611965091824,35.30649316488202,41.476003933082154,REVIEW_TEXT_ROLLING,rolling_origin_supplement,星瑞,6,65657.0
379.8835496902466,647.933465129416,305.4994624249344,98.07664794068329,REVIEW_TEXT_ROLLING,rolling_origin_supplement,星瑞L,6,2324.0
5150.599527994792,6517.169462916116,35.52508796144846,40.00258519684256,REVIEW_TEXT_ROLLING,rolling_origin_supplement,星越L,6,77254.0
821.0778640111288,1478.584412835292,93.32282211219258,98.33267832468607,REVIEW_TEXT_ROLLING,rolling_origin_supplement,星越L 智擎,6,5010.0
213.12254842122397,248.12025670741707,620.6594670581477,157.09278753407173,REVIEW_TEXT_ROLLING,rolling_origin_supplement,星途ES,6,814.0
270.80859375,352.94428023234303,16.9080702546652,18.702250949585636,REVIEW_TEXT_ROLLING,rolling_origin_supplement,普拉多,6,8688.0
298.607421875,352.4949825205038,43.55273017052272,31.537485147861293,REVIEW_TEXT_ROLLING,rolling_origin_supplement,智己L6,6,5681.0
7.5983780225118,10.321252492116164,200.6377794482835,68.0451763210012,REVIEW_TEXT_ROLLING,rolling_origin_supplement,智己L7,6,67.0
27.72711753845215,31.27929080083193,104.68001674291028,74.60210996892954,REVIEW_TEXT_ROLLING,rolling_origin_supplement,智跑,6,223.0
677.4750162760416,679.5340832455261,752.087257805367,800.1673420583169,REVIEW_TEXT_ROLLING,rolling_origin_supplement,曹操60,6,508.0
3969.7556966145835,4873.11782099554,21.18524409611883,23.708290628266063,REVIEW_TEXT_ROLLING,rolling_origin_supplement,朗逸,6,100465.0
2033.2425130208333,3392.802868915404,14.848471419050616,17.6575939413293,REVIEW_TEXT_ROLLING,rolling_origin_supplement,本田CR-V,6,69089.0
1343.7493489583333,1369.9628119240863,65.83350000617249,66.3306959584533,REVIEW_TEXT_ROLLING,rolling_origin_supplement,本田HR-V,6,12155.0
37.371777852376304,47.050595384672384,27.96969296355866,22.649562334773517,REVIEW_TEXT_ROLLING,rolling_origin_supplement,本田UR-V,6,990.0
183.34070841471353,224.522513433338,96.06972513042386,60.675358548719316,REVIEW_TEXT_ROLLING,rolling_origin_supplement,本田XR-V,6,1813.0
1100.9661865234375,1196.0232332701853,50.10913797566424,44.03277642408096,REVIEW_TEXT_ROLLING,rolling_origin_supplement,极氪001,6,15002.0
689.2986246744791,1060.6399304278536,43.918580383289054,58.365675247627365,REVIEW_TEXT_ROLLING,rolling_origin_supplement,极氪009,6,7086.0
2892.7889607747397,3388.9932060824735,3056.9969713917444,80.89077580579035,REVIEW_TEXT_ROLLING,rolling_origin_supplement,极狐 阿尔法S5,6,21457.0
171.8905817667643,198.76689898178034,362.98777391097275,134.99260348175207,REVIEW_TEXT_ROLLING,rolling_origin_supplement,极狐考拉,6,764.0
221.40406290690103,247.45722889939987,23.587415161858914,24.2280572212549,REVIEW_TEXT_ROLLING,rolling_origin_supplement,林肯Z,6,5483.0
132.11574045817056,184.02639477725896,706.0908602945545,57.860908229855724,REVIEW_TEXT_ROLLING,rolling_origin_supplement,枫叶60s,6,1370.0
40.48661104838053,47.280994667095264,1709.178389780677,94.15490941483846,REVIEW_TEXT_ROLLING,rolling_origin_supplement,标致4008,6,258.0
502.21946716308594,607.8114562029347,62.31540252437111,67.5783091046987,REVIEW_TEXT_ROLLING,rolling_origin_supplement,标致408,6,4459.0
19.561593373616535,21.25494876097011,82.1014551701562,71.13306681315105,REVIEW_TEXT_ROLLING,rolling_origin_supplement,标致408X,6,165.0
43.34707005818685,58.053499929841365,28.63783325356292,31.951157291046815,REVIEW_TEXT_ROLLING,rolling_origin_supplement,标致5008,6,814.0
40.68062082926432,59.452278468824595,28.092376643097168,33.94766689507454,REVIEW_TEXT_ROLLING,rolling_origin_supplement,标致508,6,719.0
1384.015625,1599.7802763008783,66.1405340847093,45.96277052083909,REVIEW_TEXT_ROLLING,rolling_origin_supplement,格瑞维亚,6,18067.0
827.7975260416666,878.9698337311287,173.68046838159057,104.41003061278116,REVIEW_TEXT_ROLLING,rolling_origin_supplement,欧拉好猫,6,4757.0
8.621047735214233,9.181304445675535,,,REVIEW_TEXT_ROLLING,rolling_origin_supplement,欧拉闪电猫,6,0.0
137.56008911132812,160.7197705945493,24.085665192067875,26.302120288972873,REVIEW_TEXT_ROLLING,rolling_origin_supplement,欧诺S,6,3138.0
51.37544631958008,54.919184591530986,673.1401641393479,604.4170155244715,REVIEW_TEXT_ROLLING,rolling_origin_supplement,比亚迪M9,6,51.0
908.0626220703125,1302.5262518129593,121.6551531604172,46.38099712626096,REVIEW_TEXT_ROLLING,rolling_origin_supplement,比亚迪e7,6,11747.0
25.78975074738264,32.615150473036834,96.33397422031797,97.31981414106657,REVIEW_TEXT_ROLLING,rolling_origin_supplement,比亚迪e9,6,159.0
2537.4117024739585,2701.558389595123,99.8479659469022,88.10967194191649,REVIEW_TEXT_ROLLING,rolling_origin_supplement,汉,6,17279.0
0.2437979339932402,0.459493217246239,,,REVIEW_TEXT_ROLLING,rolling_origin_supplement,江淮A5 PLUS,6,0.0
2.848994473616282,3.5511336951568375,72.53145869572957,89.96824653525101,REVIEW_TEXT_ROLLING,rolling_origin_supplement,江淮QX PHEV,6,19.0
0.03505603224039078,0.04293508570605749,,,REVIEW_TEXT_ROLLING,rolling_origin_supplement,沃兰多,6,0.0
1.3075448075930278,1.3874994447200042,,,REVIEW_TEXT_ROLLING,rolling_origin_supplement,沃尔沃C40,6,0.0
21.697720845540363,23.851358442302164,174.12026195786783,112.2295905803812,REVIEW_TEXT_ROLLING,rolling_origin_supplement,沃尔沃EM90,6,116.0
8.2051997181649,14.222058244534717,98.43995561553301,98.46239661797881,REVIEW_TEXT_ROLLING,rolling_origin_supplement,沃尔沃ES90,6,50.0
649.7728068033854,682.4900604293039,29.818973989658048,29.61364861997959,REVIEW_TEXT_ROLLING,rolling_origin_supplement,沃尔沃S60,6,13165.0
635.3964538574219,648.2243120418882,109.23707616991594,66.06097250293764,REVIEW_TEXT_ROLLING,rolling_origin_supplement,沃尔沃S90,6,5771.0
154.14104970296225,155.52860791605698,1118.3346333212435,651.3002100125166,REVIEW_TEXT_ROLLING,rolling_origin_supplement,沃尔沃S90新能源,6,142.0
2253.9871419270835,2687.3772716833037,92.98660572669966,48.327340092776225,REVIEW_TEXT_ROLLING,rolling_origin_supplement,海狮05EV,6,27984.0
4641.3603515625,5020.260062131626,70.79686135562454,44.01479707503556,REVIEW_TEXT_ROLLING,rolling_origin_supplement,海狮06EV,6,63270.0
333.9658711751302,338.25318021770096,217.9554452670683,205.0967479069377,REVIEW_TEXT_ROLLING,rolling_origin_supplement,海狮07EV,6,977.0
3676.09326171875,3976.0251351918373,40.50566241281834,31.913763793081618,REVIEW_TEXT_ROLLING,rolling_origin_supplement,海豚,6,69113.0
42.441061655680336,46.928548945860875,75.61870054356358,59.082684439462184,REVIEW_TEXT_ROLLING,rolling_origin_supplement,海豹,6,431.0
2185.1649576822915,2407.942196251423,47.45992137450485,41.54174375366354,REVIEW_TEXT_ROLLING,rolling_origin_supplement,海豹06DM-i,6,31561.0
1644.517822265625,2028.5821997136838,58.43873549891033,41.39234387781588,REVIEW_TEXT_ROLLING,rolling_origin_supplement,海豹06EV,6,23838.0
1268.5111897786458,1558.1665743495548,66.12407250478158,59.783733710406686,REVIEW_TEXT_ROLLING,rolling_origin_supplement,海豹06GT,6,12731.0
172.22830708821616,181.2253116760408,43.286365461746065,34.828777975372326,REVIEW_TEXT_ROLLING,rolling_origin_supplement,海豹07DM-i,6,2967.0
312.1392336928596,441.46842506396825,99.98893116660066,99.99121207459464,REVIEW_TEXT_ROLLING,rolling_origin_supplement,海豹07EV,6,1873.0
81.245667775472,85.9147617101151,,,REVIEW_TEXT_ROLLING,rolling_origin_supplement,海马8S,6,0.0
24.63890806833903,24.739911076687477,,,REVIEW_TEXT_ROLLING,rolling_origin_supplement,海马INJOY,6,0.0
3429.4228515625,4213.5879597984995,51.263883948294264,37.34059905521278,REVIEW_TEXT_ROLLING,rolling_origin_supplement,海鸥,6,55105.0
2929.8787841796875,3601.4222810911783,53.335405230616395,61.88795178693232,REVIEW_TEXT_ROLLING,rolling_origin_supplement,深蓝L06,6,28405.0
515.4913457234701,615.2468409193838,68.07623490226108,70.4704505431948,REVIEW_TEXT_ROLLING,rolling_origin_supplement,深蓝L07,6,4389.0
196.2642364501953,220.43652436447593,1142.5181110838168,74.76732817150298,REVIEW_TEXT_ROLLING,rolling_origin_supplement,深蓝SL03,6,1575.0
226.3215560913086,229.25625849920843,753.866893617757,634.5464189475942,REVIEW_TEXT_ROLLING,rolling_origin_supplement,灵悉L,6,214.0
2.827608029047648,4.183048208777959,94.38300132751465,169.6564817428589,REVIEW_TEXT_ROLLING,rolling_origin_supplement,焕驰,6,10.0
183.0460688273112,185.214581187527,6597.322112212687,1861.4854457014696,REVIEW_TEXT_ROLLING,rolling_origin_supplement,爱跑,6,59.0
296.0737609863281,324.3631799220689,47.363709865668575,34.48733383649716,REVIEW_TEXT_ROLLING,rolling_origin_supplement,狮铂拓界,6,5151.0
12.226815223693848,12.241504439963107,,,REVIEW_TEXT_ROLLING,rolling_origin_supplement,猛士917,6,0.0
259.0900166829427,285.95534168726914,61.0524302204161,54.67956736185917,REVIEW_TEXT_ROLLING,rolling_origin_supplement,理想MEGA,6,2843.0
175.36919148763022,207.37445751782107,26.435291888127182,23.232836143205592,REVIEW_TEXT_ROLLING,rolling_origin_supplement,瑞虎3x,6,4529.0
707.6189371744791,816.4176352991625,29.248593028128038,26.880111573579455,REVIEW_TEXT_ROLLING,rolling_origin_supplement,瑞虎5x,6,15795.0
559.2032877604166,628.6476445832163,23.958424772641063,25.10452470304901,REVIEW_TEXT_ROLLING,rolling_origin_supplement,瑞虎7,6,13365.0
3156.8206380208335,3454.694675036381,34.62853965679059,30.888655949323223,REVIEW_TEXT_ROLLING,rolling_origin_supplement,瑞虎8,6,61320.0
862.7635904947916,1093.267676722296,19.43919622151978,21.3300158348871,REVIEW_TEXT_ROLLING,rolling_origin_supplement,瑞虎9,6,24269.0
78.16708501180013,104.06087230047943,39.20675596954496,48.55098447937896,REVIEW_TEXT_ROLLING,rolling_origin_supplement,瑞风E3,6,966.0
136.71493021647134,160.82959027901447,39.13519212787211,37.40490566798122,REVIEW_TEXT_ROLLING,rolling_origin_supplement,瑞风M3,6,2193.0
23.547237078348797,25.531491122701226,376.03964835681813,135.8494446827815,REVIEW_TEXT_ROLLING,rolling_origin_supplement,瑞风RF8,6,104.0
96.90399201711018,138.4309064663442,204.6625671254195,83.17939228936497,REVIEW_TEXT_ROLLING,rolling_origin_supplement,瑞风RF8新能源,6,699.0
179.55154927571616,181.88929458607913,,,REVIEW_TEXT_ROLLING,rolling_origin_supplement,电动MINI ACEMAN,6,0.0
322.95554606119794,327.0229205137726,,,REVIEW_TEXT_ROLLING,rolling_origin_supplement,电动MINI COOPER,6,0.0
1211.5786539713542,1266.05189407584,44.44830864604324,34.63797552688867,REVIEW_TEXT_ROLLING,rolling_origin_supplement,皇冠陆放,6,20987.0
3130.1973470052085,3469.730114774229,79.99751679619939,62.191410583235374,REVIEW_TEXT_ROLLING,rolling_origin_supplement,皓影,6,30199.0
61.86080423990885,66.97227983727582,147.72806647258824,91.87248154441909,REVIEW_TEXT_ROLLING,rolling_origin_supplement,皓影新能源,6,404.0
46.29369799296061,47.08776625692965,266.7988556891187,157.81942497600207,REVIEW_TEXT_ROLLING,rolling_origin_supplement,睿蓝8,6,176.0
493.54133224487305,607.9593092230709,65.69386634595075,78.90349036688617,REVIEW_TEXT_ROLLING,rolling_origin_supplement,福瑞迪,6,3753.0
2899.3566080729165,3592.992721100724,42.78694743959217,32.392633041184084,REVIEW_TEXT_ROLLING,rolling_origin_supplement,秦L,6,53704.0
12216.923502604166,12479.97300238081,129.63863413593856,107.21458704328717,REVIEW_TEXT_ROLLING,rolling_origin_supplement,秦PLUS,6,68369.0
649.7205607096354,655.0952404341114,1411.3271675068015,969.7321801636349,REVIEW_TEXT_ROLLING,rolling_origin_supplement,秦新能源,6,402.0
175.86919148763022,259.0135576129416,18.52784372539117,20.149229500205866,REVIEW_TEXT_ROLLING,rolling_origin_supplement,索纳塔,6,5237.0
9.1864173412323,9.300922454395955,,,REVIEW_TEXT_ROLLING,rolling_origin_supplement,红旗E-HS9,6,0.0
1451.3714192708333,1547.3668369748193,58.314906951549816,53.01813403729072,REVIEW_TEXT_ROLLING,rolling_origin_supplement,红旗E-QM5,6,16425.0
126.12415059407552,136.8312715189587,288.3034919785279,106.73411897947153,REVIEW_TEXT_ROLLING,rolling_origin_supplement,红旗EH7,6,709.0
2805.5439453125,3206.314106754359,33.91863410701095,31.240398032542732,REVIEW_TEXT_ROLLING,rolling_origin_supplement,红旗H5,6,53883.0
244.59920247395834,322.4528284762842,48.69274554292349,30.172598989386305,REVIEW_TEXT_ROLLING,rolling_origin_supplement,红旗H5 PHEV,6,4864.0
120.29915364583333,164.8797631284132,14.500828489637554,12.446886047163304,REVIEW_TEXT_ROLLING,rolling_origin_supplement,红旗H6,6,5799.0
181.88561503092447,194.78943143192276,42.203931536112,41.088617853371495,REVIEW_TEXT_ROLLING,rolling_origin_supplement,红旗H9,6,2656.0
58.30783208211263,60.389555417454716,235.4585290942922,182.211975256602,REVIEW_TEXT_ROLLING,rolling_origin_supplement,红旗HQ9,6,192.0
148.23928833007812,187.54337439035785,30.116614526240582,22.44349558366058,REVIEW_TEXT_ROLLING,rolling_origin_supplement,红旗HS3,6,3963.0
745.8879801432291,824.8833994147836,67.25725409236442,57.57529757956227,REVIEW_TEXT_ROLLING,rolling_origin_supplement,红旗HS3 PHEV,6,7773.0
697.52734375,749.6072247977112,18.43073390461074,17.69475757864028,REVIEW_TEXT_ROLLING,rolling_origin_supplement,红旗HS5,6,23652.0
600.6105346679688,603.5745980030504,1018.6529653023362,776.6515534499596,REVIEW_TEXT_ROLLING,rolling_origin_supplement,红旗HS7 PHEV,6,464.0
2.1225273609161377,2.2225673491589593,58.1418416235182,48.98140063652626,REVIEW_TEXT_ROLLING,rolling_origin_supplement,红旗国耀,6,26.0
122.5702616373698,134.04604564452538,99.10125418413789,39.70958800346753,REVIEW_TEXT_ROLLING,rolling_origin_supplement,红旗天工05,6,1852.0
55.074581146240234,60.862692813943845,118.65013494426486,71.37094748972817,REVIEW_TEXT_ROLLING,rolling_origin_supplement,红旗天工06,6,463.0
141.29763793945312,152.52113204916301,412.0616551513886,184.30126687754756,REVIEW_TEXT_ROLLING,rolling_origin_supplement,红旗天工08,6,460.0
866.3380737304688,1354.6505701762756,28.902674395541517,38.67868474129632,REVIEW_TEXT_ROLLING,rolling_origin_supplement,纳米01,6,13439.0
194.76632181803384,261.44200053473077,32.03836934039669,38.003184744982214,REVIEW_TEXT_ROLLING,rolling_origin_supplement,缤智,6,3075.0
472.38416290283203,720.6461511759699,41.23681195142617,64.81374290914687,REVIEW_TEXT_ROLLING,rolling_origin_supplement,缤瑞,6,4373.0
3182.2286783854165,3882.415851685398,25.118097380121252,28.772844784147587,REVIEW_TEXT_ROLLING,rolling_origin_supplement,缤越,6,66359.0
54.55200562874476,89.79852840700134,94.46945860788992,99.48694035637342,REVIEW_TEXT_ROLLING,rolling_origin_supplement,羿驰05,6,329.0
55.56350962320963,71.33698511319633,44.71466042798849,35.693903398207475,REVIEW_TEXT_ROLLING,rolling_origin_supplement,胜达,6,934.0
1426.5474446614583,1808.5040999175533,30.432293423247987,30.324114886872916,REVIEW_TEXT_ROLLING,rolling_origin_supplement,腾势D9,6,28226.0
68.92024993896484,85.46459080229499,21.112189203199893,23.779269674168436,REVIEW_TEXT_ROLLING,rolling_origin_supplement,艾力绅,6,1739.0
268.625,347.8676276566255,16.93987690877979,19.13737829494182,REVIEW_TEXT_ROLLING,rolling_origin_supplement,艾瑞泽5,6,8422.0
3366.5413411458335,3548.574665060441,48.70971938975334,40.08582664591189,REVIEW_TEXT_ROLLING,rolling_origin_supplement,艾瑞泽8,6,50390.0
1135.3724365234375,1289.455078057539,50.68566639269048,42.369913043541644,REVIEW_TEXT_ROLLING,rolling_origin_supplement,英仕派,6,16078.0
86.90958023071289,87.54431275351537,743.1077039304864,686.1282649793122,REVIEW_TEXT_ROLLING,rolling_origin_supplement,荣威D5X DMH,6,76.0
501.2715657552083,705.0912297950247,190.62342886501955,37.135811761097045,REVIEW_TEXT_ROLLING,rolling_origin_supplement,荣威D6,6,8099.0
262.08216349283856,281.73936086529346,50.421056520087824,42.614985933794884,REVIEW_TEXT_ROLLING,rolling_origin_supplement,荣威D7,6,3690.0
0.08374193407750379,0.10197683095312826,,,REVIEW_TEXT_ROLLING,rolling_origin_supplement,荣威RX3,6,0.0
2008.4632975260417,2197.208384942085,241.4770917416439,47.78452668684821,REVIEW_TEXT_ROLLING,rolling_origin_supplement,荣威i5,6,25219.0
122.84118779500325,124.04665020363818,1394.0836093212786,2377.5713766774825,REVIEW_TEXT_ROLLING,rolling_origin_supplement,荣威i6 MAX新能源,6,31.0
58.771949768066406,59.442055605425764,745.4997253185081,568.7608042070942,REVIEW_TEXT_ROLLING,rolling_origin_supplement,荣威iMAX8,6,62.0
52.68520863850912,62.94406027969489,224.72201732962404,106.07760128558883,REVIEW_TEXT_ROLLING,rolling_origin_supplement,荣威iMAX8新能源,6,298.0
462.23915100097656,501.5365104099429,48.497428337344864,50.69338157568743,REVIEW_TEXT_ROLLING,rolling_origin_supplement,菱智,6,5471.0
515.0785725911459,603.8505197124176,26.45215357049368,24.349759183319218,REVIEW_TEXT_ROLLING,rolling_origin_supplement,蒙迪欧,6,12692.0
123.3091328938802,163.75604783869628,23.41670909356042,18.459451032017995,REVIEW_TEXT_ROLLING,rolling_origin_supplement,蔚来ET5,6,4008.0
609.3341471354166,778.247546176517,37.44936122238105,30.262435914348977,REVIEW_TEXT_ROLLING,rolling_origin_supplement,蔚来ET5T,6,12081.0
56.51823870340983,58.73592670208891,404.16965799110676,353.2389918963114,REVIEW_TEXT_ROLLING,rolling_origin_supplement,蔚来ET7,6,96.0
46.369783186664186,80.4795449374244,99.77145904450634,100.0786687481961,REVIEW_TEXT_ROLLING,rolling_origin_supplement,蔚来ET9,6,278.0
347.6326599121094,736.6731013796564,18.224505896607194,33.33539970389413,REVIEW_TEXT_ROLLING,rolling_origin_supplement,豪越L,6,6257.0
484.55950927734375,565.9111136329466,44.78213173311076,33.12472434389954,REVIEW_TEXT_ROLLING,rolling_origin_supplement,赛图斯,6,8777.0
2497.194864908854,2651.4506726605377,34.50334454041091,35.661476114371354,REVIEW_TEXT_ROLLING,rolling_origin_supplement,赛那SIENNA,6,42015.0
85.69012196858723,90.30835875410698,493.0889025709351,212.4548478560014,REVIEW_TEXT_ROLLING,rolling_origin_supplement,起亚EV5,6,242.0
548.3005015055338,609.4684231577615,53.3326142705741,57.3536089440935,REVIEW_TEXT_ROLLING,rolling_origin_supplement,起亚K3,6,5736.0
122.58887990315755,129.74607743982438,1308.2195685900417,371.4814542519926,REVIEW_TEXT_ROLLING,rolling_origin_supplement,起亚K5凯酷,6,198.0
0.060726866126060486,0.07456790523367121,,,REVIEW_TEXT_ROLLING,rolling_origin_supplement,起亚KX3傲跑,6,0.0
60.62632942199707,75.55955343823925,47.88764152508864,49.490881160813935,REVIEW_TEXT_ROLLING,rolling_origin_supplement,轩度EV,6,735.0
6928.220865885417,7209.245435597208,53.18719118358849,43.69784733920519,REVIEW_TEXT_ROLLING,rolling_origin_supplement,轩逸,6,95129.0
2199.9446614583335,2766.522349620323,17.19515968272701,17.192440305238616,REVIEW_TEXT_ROLLING,rolling_origin_supplement,迈腾,6,76776.0
22.937952995300293,45.51194735238345,93.66210396006956,116.63365929813709,REVIEW_TEXT_ROLLING,rolling_origin_supplement,迈腾PHEV,6,118.0
401.6288070678711,746.1009651965076,1718.5028903206796,106.53284007105334,REVIEW_TEXT_ROLLING,rolling_origin_supplement,迈锐宝XL,6,2262.0
906.4098307291666,1104.7680115212722,25.61647068705963,19.792048127138074,REVIEW_TEXT_ROLLING,rolling_origin_supplement,逍客,6,27478.0
78.11988258361816,160.1261769162882,275.27977665544745,92.0863055995499,REVIEW_TEXT_ROLLING,rolling_origin_supplement,途安,6,509.0
1420.8329264322917,1747.9008579963709,17.184988233395547,16.774226828132992,REVIEW_TEXT_ROLLING,rolling_origin_supplement,途岳,6,50822.0
263.8230794270833,339.11336444012835,17.813166022486612,13.7193489041645,REVIEW_TEXT_ROLLING,rolling_origin_supplement,途昂,6,11538.0
246.2688191731771,315.435443082695,16.08403885791694,14.521994250998157,REVIEW_TEXT_ROLLING,rolling_origin_supplement,途胜L,6,10175.0
2710.7545572916665,3479.8921283163954,18.188357395204246,19.64172565242857,REVIEW_TEXT_ROLLING,rolling_origin_supplement,途观L,6,82806.0
154.8069839477539,166.82933733785794,6682.640249653532,183.56559361393744,REVIEW_TEXT_ROLLING,rolling_origin_supplement,途观L新能源,6,506.0
4276.417154947917,4958.3170025697555,30.81644457905718,30.332426534368313,REVIEW_TEXT_ROLLING,rolling_origin_supplement,速腾,6,84591.0
2322.978515625,2471.2043246177254,26.406972779358323,23.770970927704063,REVIEW_TEXT_ROLLING,rolling_origin_supplement,逸动,6,58634.0
102.74335606892903,118.52293278088771,4908.995311218099,316.1334032890124,REVIEW_TEXT_ROLLING,rolling_origin_supplement,钇为3,6,195.0
2100.08447265625,2392.9331038010187,29.195110154336845,30.34950343450431,REVIEW_TEXT_ROLLING,rolling_origin_supplement,铂智3X,6,41518.0
36.104740142822266,44.074552642780304,1225.7531974394485,65.053585842923,REVIEW_TEXT_ROLLING,rolling_origin_supplement,铂智4X,6,333.0
1725.147143724064,2438.264559755152,99.99811397940599,99.99886834455013,REVIEW_TEXT_ROLLING,rolling_origin_supplement,铂智7,6,10351.0
150.5642344156901,154.0791261490411,82.67333813427507,70.74278829241509,REVIEW_TEXT_ROLLING,rolling_origin_supplement,银河E8,6,1277.0
238.4062245686849,385.4464461405727,36.57821668267565,55.4003620221576,REVIEW_TEXT_ROLLING,rolling_origin_supplement,银河V900,6,2582.0
1447.8802083333333,1605.7349461533217,85.42093895679486,57.03684098220734,REVIEW_TEXT_ROLLING,rolling_origin_supplement,银河星耀6,6,15231.0
1299.401759837133,2492.0767903440565,99.99449826914429,99.99244015676285,REVIEW_TEXT_ROLLING,rolling_origin_supplement,银河星耀7,6,7797.0
3057.90673828125,4013.214539306039,20.487553995962816,23.335377335055643,REVIEW_TEXT_ROLLING,rolling_origin_supplement,锋兰达,6,78625.0
247.95013427734375,306.73419230664183,14.966565735955676,14.036237434324583,REVIEW_TEXT_ROLLING,rolling_origin_supplement,锐界L,6,10599.0
22.59782346089681,22.815887424661238,918.2265050827513,645.652098882766,REVIEW_TEXT_ROLLING,rolling_origin_supplement,锐程PLUS,6,21.0
55.769788106282554,66.44824645338107,31.69877462243649,27.315814582669006,REVIEW_TEXT_ROLLING,rolling_origin_supplement,锐际,6,1225.0
4823.752360026042,5277.983010954072,38.32458189642141,39.667928730238,REVIEW_TEXT_ROLLING,rolling_origin_supplement,长安CS75 PLUS,6,72962.0
5684.417236328125,5717.895610977658,341.3636614443828,288.40270098062535,REVIEW_TEXT_ROLLING,rolling_origin_supplement,长安Lumin,6,11826.0
60.79665311177572,62.59380749951714,977.1749876830606,219.74693895822548,REVIEW_TEXT_ROLLING,rolling_origin_supplement,长安UNI-K,6,166.0
2.5402464071909585,2.781879108766891,203.5547822713852,217.73540633065357,REVIEW_TEXT_ROLLING,rolling_origin_supplement,长安UNI-K 智电iDD,6,7.0
27.870994567871094,31.7117846709358,697.2088567283807,163.94702686982995,REVIEW_TEXT_ROLLING,rolling_origin_supplement,长安UNI-T,6,102.0
948.6697998046875,1076.7985631364725,63.12063955110142,45.128191539111434,REVIEW_TEXT_ROLLING,rolling_origin_supplement,长安UNI-V,6,12613.0
1948.1763509114583,2669.5931774717565,62.85042921932299,59.01180384424853,REVIEW_TEXT_ROLLING,rolling_origin_supplement,长安UNI-Z新能源,6,19808.0
3438.6259765625,3516.201542434311,40.78335616662276,41.05331872686843,REVIEW_TEXT_ROLLING,rolling_origin_supplement,长安X5 PLUS,6,50256.0
686.0589192708334,871.3749011563319,61.4973497013529,44.238081844438476,REVIEW_TEXT_ROLLING,rolling_origin_supplement,长安启源A07,6,9305.0
1997.847188313802,2016.9662790392538,,,REVIEW_TEXT_ROLLING,rolling_origin_supplement,长安启源Q05经典,6,0.0
1007.9034220377604,1033.705577509755,352.77664584853386,226.66493748975122,REVIEW_TEXT_ROLLING,rolling_origin_supplement,长安欧尚520,6,2668.0
4559.075358072917,5027.119523965009,108.19448758637928,67.70736404652732,REVIEW_TEXT_ROLLING,rolling_origin_supplement,雅阁,6,40401.0
2407.61083984375,2797.612311755315,88.67014637305212,67.2955606031049,REVIEW_TEXT_ROLLING,rolling_origin_supplement,零跑B01,6,21466.0
1714.3441162109375,1928.5888836798592,75.42261898370668,51.31742515099593,REVIEW_TEXT_ROLLING,rolling_origin_supplement,零跑Lafa5,6,20044.0
666.6160074869791,718.5740564671297,14901.11226479809,106.00837648878544,REVIEW_TEXT_ROLLING,rolling_origin_supplement,零跑T03,6,3773.0
428.4744160970052,494.2064765414543,203.29917077147056,97.89971426435763,REVIEW_TEXT_ROLLING,rolling_origin_supplement,雷凌,6,2626.0
973.9963785807291,1340.3506287578048,21.06729509552513,25.233066802609567,REVIEW_TEXT_ROLLING,rolling_origin_supplement,领克03,6,23160.0
589.3683471679688,778.0806897323994,26.55773160548683,29.04484667768224,REVIEW_TEXT_ROLLING,rolling_origin_supplement,领克07,6,12175.0
615.3394368489584,797.6434139313372,19.252204911512486,20.485139106107475,REVIEW_TEXT_ROLLING,rolling_origin_supplement,领克10,6,18023.0
2724.4853515625,2820.8011885466153,126.13624114965447,122.41210206211622,REVIEW_TEXT_ROLLING,rolling_origin_supplement,风云A9L,6,13354.0
3.2486711343129477,3.725352278164728,46.987480871261106,33.606942768754635,REVIEW_TEXT_ROLLING,rolling_origin_supplement,风光330,6,58.0
37.38765780131022,39.559176628924824,87.58322908306076,82.77710214312226,REVIEW_TEXT_ROLLING,rolling_origin_supplement,风光380,6,271.0
24.344526608784992,24.48655192869601,1279.687100819179,730.3357982635498,REVIEW_TEXT_ROLLING,rolling_origin_supplement,风光E380,6,20.0
104.89278920491536,109.54311650740534,64.0284798275853,65.42169804880376,REVIEW_TEXT_ROLLING,rolling_origin_supplement,飞凡F7,6,962.0
134.29881795247397,150.93712275070553,25.003514307202085,22.489335967480987,REVIEW_TEXT_ROLLING,rolling_origin_supplement,马自达3 昂克赛拉,6,3583.0
414.1795247395833,419.4265521577231,34.15914854840709,30.30951516572143,REVIEW_TEXT_ROLLING,rolling_origin_supplement,马自达EZ-6,6,8199.0
4669.328287760417,4937.377556740737,14402.798903292845,638.4678606782703,REVIEW_TEXT_ROLLING,rolling_origin_supplement,驱逐舰05,6,4388.0
29.02398935953776,34.866176886130674,55.94987708320799,35.180593163076075,REVIEW_TEXT_ROLLING,rolling_origin_supplement,骐达,6,495.0
505.5296630859375,558.605892839297,48.43424822955096,40.45316055635669,REVIEW_TEXT_ROLLING,rolling_origin_supplement,高尔夫,6,7498.0
24.16985321044922,27.770976195233242,15.614996841810697,14.767731085814187,REVIEW_TEXT_ROLLING,rolling_origin_supplement,高尔夫GTI,6,982.0
610.5986328125,823.5890604562447,12.113173052326493,10.70380634258042,REVIEW_TEXT_ROLLING,rolling_origin_supplement,魏牌 高山,6,34227.0
