series_name_canonical,review_id,publish_time,content,rating_overall,corpus_source,legacy_absa_available,qa_stratum,appearance,interior,space,power,control,comfort,fuel_consumption,configuration,intelligence,value
秦PLUS,01kbd4d6f86mvk8dsq6wvg0000,2025-12-01 00:00:00,"最满意: 极低的油耗：即使在电池电量不足、完全亏电的状态下，其官方百公里油耗也仅为 3.8L（NEDC工况），远低于同级别燃油车,性价比很高，适合充电方便、日常短途通勤的用户，可以当作纯电车使用，天天用消费都不高。外观好看，空间也大，适合家用。
最不满意: 虽然低速安静，但高速行驶时（尤其是发动机高负荷介入时），胎噪和风噪相对明显。汽车动力不足，走山路感觉底盘不足，
空间 5: 比亚迪秦PLUS DM-i 是一款“空间利用率很高” 的汽车。它把有限的尺寸最大化地转化为了实用的乘坐和装载空间，尤其是后排的宽敞度和座椅放倒功能，很好地契合了家庭用户的核心需求。对于我们一家四口，它的空间是完全足够。坐满5人也不会觉得拥挤，空间非常足啊，非常好。
驾驶感受 4: 作为城市通勤代步的 “电动化”平顺静谧体验极佳。综合油耗极低，用车成本是巨大优势。各方面感觉尚可。动力很足，看上去很不错，车开上很平稳，没有顿挫感，开较长时间不会觉得累，各方面感觉都不错，值得推荐。
续航 4: 我们买的55km 版本：电池容量8.32kWh，NEDC纯电续航55公里。可油可电，场景覆盖广：既能享受纯电的低成本和平顺，又能拥有燃油车的便利和无焦虑。续航方面，实用性很强。
外观 5: 我们选的墨玉蓝，非常时尚大气，适合年轻一族。侧面采用流畅动感的轿跑姿态；车尾层次分明，科技感足，整体非常不错。
内饰 5: 比亚迪秦内饰在同等价位汽车里面算高配了，不算特别豪华，但够用。内饰颜色耐脏，时尚感十足，座椅很舒服，空间也大，坐5个人也不会感觉拥挤，性价比很高，值得入手。
性价比 5: 对于预算10万左右的汽车，比亚迪秦决定值得推荐啊，它以满足家庭日常通勤和长途出行为核心，同时极度看重经济性和实用科技的轿车。性价比非常高。同等价位的汽车里面，它各方面比较划算，汽车里面的佼佼者。
智能化 4: 我们买的低配，你好小迪各方面都有，自动上下电都可以，nfc开关门不错，远程启动，蓝牙开锁方便，小迪有很智能，平时使用完全够用，使用非常方便，非常方便智能，家用够用了。",4.57,autohome_incremental,False,autohome_incremental|unlabeled|high,,,,,,,,,,
岚图追光L,01knpn5sj86mw34dsm6grg0000,2026-04-08 00:00:00,"最满意: 最让我满意的是岚图追光L的驾乘质感与静谧性，作为纯电轿车，它起步和行驶时几乎没有噪音，加上自带的主动降噪黑科技，关上车窗就能隔绝外界的喧嚣，车内特别安静，不管是通勤还是长途开，都觉得很舒心。动力输出平顺又有劲，轻踩油门就能感受到充沛的动力，超车、提速都很从容，完全没有拖沓感。而且座椅的包裹性和柔软度刚刚好，久坐也不会觉得腰酸背痛，再加上流畅的车机和便捷的智能配置，日常开车不用费心操作，开着顺手、坐着舒服，这种沉浸式的驾乘体验，是我最满意的地方，每次开车都觉得是一种享受。
最不满意: 我最不满意的地方主要体现在细节上还有可提升空间，主打年轻家用free+和新知音的主驾和中间的螺纹接口支持供电功能，但是高端行政的追光L有这个螺纹接口但并没有供电功能，但是用手机磁吸支架时，不能像free+一样能同时进行无线充电，重新引一条线太影响内饰的美感。手扶箱底下没有堵死了没有挖空，减少了一定的储物空间，希望能像free+学习，同时增加车内磁吸点位少了，增加点磁吸点位，可以使车内可玩性更高，细节处的品控小问题，还是让人觉得有些遗憾，希望厂家能在细节做工上再打磨得精细一些。
空间 4: 相比老款车型，岚图追光L的空间实用性提升明显，家用和日常代步都完全够用。储物空间的细节设计很贴心，门板储物格容积比老款大不少，分层设计能分别放下水杯、手机、钥匙和随身小物件，拿取的时候一目了然，不用乱翻找。中控台下方做了掏空处理，留出了宽敞的储物区域，还配备了手机无线充电板，位置就在扶手箱前方，随手就能放取手机，充电时也不影响操作挡把，日常使用特别方便。后备箱空间规整度很高，内部没有多余凸起，轮拱也没有侵占太多空间，日常放两个24寸行李箱和背包绰绰有余，完全能满足日常出行和短途自驾的储物需求。
驾驶感受 5: 日常开岚图追光L，最让我惊喜的是动力表现和操控性。动力输出特别线性平顺，电机起步轻快有力，市区通勤跟车、红绿灯起步都很从容，中高速再加速时动力储备充足，超车时一脚油门就能快速响应，推背感明显，全程没有丝毫顿挫感，驾驶感受特别顺滑。操控性也很出色，转向手感轻重适中，指向精准，没有虚位，打方向时车身跟随性很好，过弯时车身侧倾控制得非常到位，不会有明显的倾斜感，开起来灵活不笨重，不管是市区拥堵路段，还是高速、弯道，都能轻松驾驭，新手也能很快上手。
续航 5: 岚图追光L的续航表现完全符合我的预期，日常开空调、听音乐的状态下，实际续航和官方数据差距很小，真实续航能达到官方标注的九成左右，没有虚标情况，日常通勤一周充一次电就足够，完全没有续航焦虑。续航稳定性也很不错，表显续航和实际行驶里程基本一致，掉电线性均匀，不会出现突然大幅掉电的情况，开车时能精准掌握剩余续航，心里特别踏实。百公里电耗处于合理范围，日常市区代步电耗不高，作为一款中大型纯电轿车，这样的能耗表现很出色，对比同系列长续航版，这款车型的续航表现也处于主流水平，日常家用完全够用。
外观 5: 对比老款岚图追光，新车整体姿态更显修长低趴，自带轿跑的运动感，视觉上更显大气时尚。前脸大灯组造型格外犀利，内部做了全新的灯组结构，点亮后光线锐利，白天行车也有不错的辨识度，晚上开灯后视线清晰，安全感拉满。侧面线条流畅飘逸，顺滑的腰线从车头延伸至车尾，搭配大溜背造型，完美勾勒出轿跑车身的动感，少了老款的沉稳，多了年轻运动的气息。尾部采用贯穿式尾灯，造型简洁流畅，夜间点亮后效果惊艳，灯光均匀细腻，尾部轮廓层次分明，整体外观比老款更具时尚感和运动感，开出去回头率很高。
内饰 4: 和老款相比，岚图追光L的内饰整体风格偏向豪华科技风，质感提升特别大。中控台，所有按键驾驶员开车时操作各项功能不用歪身、不用低头，特别便捷顺手。科技感方面表现出众，车内中控的15寸2K大屏幕清晰度极高，显示色彩鲜艳细腻，不管是导航、影音还是车辆设置，画面都很清晰，看着很舒服。车内手能碰到的地方几乎全是软质材料包裹，触感柔软细腻，没有生硬的塑料感，做工也很精致，座椅和中控台的缝线均匀工整，接缝处严密紧实，按键的阻尼感细腻高级，没有松散的感觉，用料特别厚道，坐进车内就能感受到满满的高级感。
性价比 4: 岚图追光L的性价比在同级别纯电轿车里表现十分突出，它的定价贴合家用与品质需求，却搭载了诸多高端配置如，超大HUD，后轮转向，空气悬架，百万级魔毯，豪华内饰、大空间等核心配置一应俱全，不用额外加钱选装，就能享受到高品质的驾乘体验。纯电车型免购置税，能省下一笔购车成本，后期日常使用的电耗成本也远低于燃油车，养车压力小。车辆的品控、用料、配置都很扎实，没有偷工减料，动力、续航、智能化、空间等方面都没有明显短板，既能满足日常通勤，也能兼顾家庭出行，从购车到后期使用，整体成本合理，产品力与价格匹配度高，入手之后觉得物超所值，是一款性价比很高的纯电中大型轿车。
智能化 5: 对比老款，岚图追光L的智能化水平有了质的飞跃，鸿蒙5.0车机系统流畅度非常好，操作起来跟手顺滑，切换界面、打开软件、调节功能都没有卡顿、死机的情况，反应速度很快，而且内置的导航、音乐、影音等App都很实用，还支持OTA远程升级，能不断更新功能，车机越用越好用。语音助手的表现也很亮眼，对普通话的识别率特别高，就算是日常口语化的指令，也能精准听懂，响应速度极快，下达指令后马上就能执行，能控制空调、车窗、音乐、导航等大部分车内功能，开车时全程不用动手，只用语音就能操作，既安全又方便，大大提升了用车的便捷度。",4.57,autohome_incremental,False,autohome_incremental|unlabeled|high,,,,,,,,,,
秦新能源,01cz7ga11968skadsn60w00000,2021-11-24 00:00:00,"最满意: 费用低、费用低、费用低、重要的事情说三遍。1、燃料费用差不多不到50快就能跑400公里。2、西安的新能源车可以每次免费停车2小时。3、上班堵车可以走公交车道，罚款少了，乘客也愿意给好评。
最不满意: 其实一切都还ok啦，非说不满意就是在西安，明明秦PRO都上市了，买这个老款秦EV还要等车，而且还不是等几天，是等2个月。这个差评！
空间 5: 秦EV车型与老款的秦相比，电池放在了车辆底部，降低重心后不但增加了车辆的行驶稳定性，更重要的是释放了后备箱的空间。加上车本身的尺寸，在储物空间没有问题。至于说乘坐空间，我是滴滴司机，每天遇到的人也是环肥燕瘦，各类型都有。目前没有遇到说做起来不舒服的，反而不少客户说感觉比他叫的专车感受还好。（豪车没开过，不敢乱评价）
驾驶感受 5: 在新能源里面算一般吧，毕竟也曾经感受过混动那心脏受不了的感觉。但在普通燃油车里面，绝对超越绝大多数车型。买这个车，我也不追求能够有多么强烈的驾驶乐趣，还是以驾乘舒适性和日常使用成本低作为主要的考量对象。
操控 5: 车时间不长，公里数也只有14000多。目前使用一切良好，方向没有虚位，助力大，低速情况下转向很轻松。另外就是支撑很到位（或者说电池都压到位了）转向的侧倾明显比其他车小很多。
续航 5: 我基本都是在西安市内跑，偶尔回宝鸡上高速，简单总结如下：1、低速行驶，尤其是堵车。只要不开空调不开灯，几乎不费电，费的电也就是空调和灯的。2、城市路况下，只要你不是故意急加速及减速，一般跑过标称的400公里问题不大，冬季另说。3、高速工况下，还是很费电的，标称的400公里能跑300出头。4、车是新车，里程数也少，以上数据仅供参考。
舒适性 5: 整车密封性很好，在城市行驶过程中几乎没有噪音，高速情况下也主要是风燥。乘坐舒适性方面，主驾非常不错，电动调节的座椅可以让你处在最舒适的位置。从乘客的反馈上说，没有客户抱怨车小，没有抱怨坐着不舒服，反而有客户明确说比一般的专车的乘坐体验更好。
外观 4: 外观比较耐看，但确实没有没有新款好看。但真要说有啥问题我也说不出来。简单说就是新款真的更符合驾驶者的喜好，而老款就真的是老款，老了，什么都不如年轻人了。
内饰 5: 说实话，我不懂什么叫内饰风格，只能说看着还算顺眼，用料也比较实在，软性材质在需要出现的地方都能出现，比原来的车型有很大的进步。但话说回来，也只是比自己有进步，在内饰方面，个人觉得还是要和吉利多学习，把粉抹在脸上。其实买了比亚迪车之后才逐渐关注到，比亚迪的新能源技术非常厉害，但在国内大家反而都觉得其他国外品牌因为造成时间长等原因比咱们比亚迪厉害，其实从比亚迪制造新能源的大巴出口上就可以看出，咱们的技术有多厉害。
性价比 5: 这个方面怎么说呢：我觉得性价比高，是因为我跑滴滴，每天的公里数都很多，如果加油每天平均花150块，确实有点太多了。而真的把这些油钱省下来，不用3年燃料费用就可以将车价省出来，收入方面还和原来速锐一样。而且。不限行限号，可以走公交道，停车免停车费等一切便利加起来，性价比就更高了。在说售后保养方面（目前只做了首保，不要钱的），所以我具体不知道费用有多少，但想想也能知道，没有发动机那就肯定不用什么机油机滤啥的，而电机啥的好像是终身免维护的吧，那你还保养啥？各种油、液的添加，最多再加上玻璃水，你说能花多少钱。不过有一点需要给大家说下：电池在车辆地盘位置，很容易刮蹭，一旦破皮电池的索赔方面的就比较麻烦了，原则上只有你的电池包有破损，不管你你的电池是否损坏、也不关是否因为电池包破损造成电池损坏，都是一个原则，电池不保修。电池的费用，估计能顶大半个车钱，所以还是小心为妙！
选择这款车的理由: 跑滴滴用，一开始用的速锐，每天大约三分之一的费用都给了加油站。最后早核算了收入和费用后，毅然决定买纯电。而在纯电方面，能够超越比亚迪而且我能买得起的，不多，或者说没有！
电耗: 冬季的时候，跑到240左右的时候就要赶紧找充电桩了；现在，我的秦又满血复活了，只要不是太猛，在基本合理的操作下，基本上跑上400不是问题。其实能耗这里，有一些说不清楚，比如我曾经把车开到电量为零了，我连板车司机电话都要了，但在限制时速的情况下，仍然跑了小20公里开到了充电站，如果算能耗的话，这些有怎么算？有了这次经历，我跑车就更大胆了。
保养: 车马上30000公里了，目前保养过两次。一次免费的，一次花销195。说实话，养车费用比我以前的速锐还便宜的多。首先是公里数长了，再是需要更换的物件少了，费用自然就低。套用一个广告词：跑滴滴，就是要用这种的！
故障: 这个必须说一下，买车的天气比较凉了，所以一直都是用热风，没什么问题；但现在天气热了，开冷风后吹出来有一股味道，说不出是什么味道，也不大，但就是让人感觉不爽，后台通过清洗空调好了一阵子，一个月左右又出来了，解决不掉。不能没事总往4S店跑，所以我自己网上买了几瓶空调清洗剂，以后味道出来就自己弄。
吐槽: 这有啥好说的，开空调，味道有点大；原车配的米其林轮胎不耐磨，我用车又比较费，看样子轮胎已经不能坚持太久了，
评价: 万事俱备，只欠东风。我把所有的准备工作都做好了，现在就等西安政府的滴滴合法化进程了。期待明天，期待好日子尽快来临。
电耗: 这几天天气逐渐凉了，晚上基本就不用开空调了。充一次电基本跑一天没问题了。
评价: 我都是在公共充电桩充电，却是很快，基本上一个半小时可以全部充满。
保养: 目前做了3次保养，一次免费，2次收费。最近没有再去保养，感觉保养也就是检查，基本没什么要更换的东西。
故障: 故障。上次有个朋友开玩笑说。你的车和现在孩子们玩的玩具车，原理基本一样，能有啥问题。我自己想想，好像也是啊。
吐槽: 感觉生意不好做了，充电的网约车越来越多
电耗: 现在西安的天气，开空调的时间已经不用很多了，目前电耗基本就是14--15之间，可以说很满意了。
评价: 我一只是在公共充电桩充电，一方面是我家条件不允许装充电桩，另一方面也是装了充电桩充电功率也不够，速度慢影响跑车。
保养: 40000公里，更换了齿轮油和刹车油，因为空调的问题，我还专门清洗了一下空调系统。一起算下来一共花了400块。总体上看。目前保养4次，3次收费，这次是第一次因为更换东西收费，以前都是检查费。由此可见，以后的春电车车主4万公里前不用专门保养，只要自己开着没问题就不用来4S店，都是检查啊。
故障: 故障真没有，我老婆说我这车基本就和孩子的玩具车一样，只要电池有电，想开多久开多久，毕竟现在的电控系统大多数都是免维护的，能有啥问题。
吐槽: 现在西安市2环内的充电站已经不能随去随充了，可见西安的纯电车保有量已经超过了充电桩的负荷了，只有在三环外的充电桩基本可以做到随到随充。
电耗: 西安的温度目前开始往下降了，我的耗电量也有一点升高
保养: 先说清楚，不是说保养的，解释下今天有个哥们的问题。和各位同行分享下。希望能帮助各位跑车的同志。我是用私户买车来跑滴滴的，换车是因为觉得以前用速锐跑车，赚的不多，挣的钱很大一部分都给加油站做了贡献了。所以换了这个车，目前在费用方面还是比较满意的。再说下私信那个哥们提的问题，1、电池保修：目前比亚迪的电池是终身保修的，仅限私户，公户不了解，听新的出租车司机（E5）说是1年和多少万公里来着，记不得了。2、冬天和夏天的公里数差多少：我只用了一年，所以没有太多的数据。就个人而言，差了不到50公里，当然，这是新车，可能衰减的没那么厉害，今年的情况我会继续监控，到时候再给大家汇报结果，不过整体而言，比那个方向汽要好很多（充电时和一个司机聊的，衰减最多50%，数据不多，大家仅供参考。3、关于公户的保险费用：这个我真不知道，提问的哥们说一年的保险费用要达到13000 ，我觉得肯定是有人从中拿钱了，不然怎么可能这么高，我的车新车也就5000多，今年更是只有不到4000，所以我觉得不可能。
故障: 目前真没啥故障，NND连保养都是检查为主。
吐槽: 还是一样的，西安现在的纯电车越来越多了，更有那些混动的慢充占着充电口，充电是越来越难了，有时要跑好几个充电站才能充上电，郁闷啊。在这里也呼吁一下，那些为了省停车费的混动车主，饶了我们这些靠充电挣钱的人吧。
电耗: 西安最近有点冷的感觉了，所以上车就要开暖风。冷车时候基本上暖风能达到4KW/h的标准，车热了以后能差不多1.5-2KW/h的样子，感觉比空调还要费点电。所以现在尽量不让乘客抽烟，因为抽了烟味道很难散掉，而且经过空调系统循环后的味道比烟的味道更难闻，再次上来的客户也比较不喜欢。不过有一点值得炫一下，我的客人基本上女士能占到6成以上，抽烟的情况也比较少。
保养: 目前保养了4次，一次免费，其余都是收费的。一共花费900元左右，说实话，很满意、非常满意。虽然保养绝大时候都是检查费和工时费，换件极少，到目前一共也就换了制动液、齿轮油和各类滤芯，也只换过1次，其他费用全部都是检查费啥的。下次保养估计还要一周就差不多了，我争取多托几天，在即将过年的时候最保养，顺便再检查一下，安安心心的回家过年。
故障: 故障还是老样子，空调有味道，不仔细闻还闻不出来。去店里检查也检查不出来啥味道，但时间长了真的能闻到。
吐槽: 很多朋友都通过私信问我车续航能力有没有衰减，冬季和夏季的差别大不大。可能是今年的冬天还不够冷吧，我感觉差距不大，而且夏天一直开着空调，感觉比冬天还更费电，我都觉得这个感觉是不是我的错觉。
电耗: 夏天到了，虽然也开空调，但现在的公里数又能回到400了。说实话，按这么个标准，保修期前想换个电池估计难了。哈哈
保养: 开了快两年了，跑了小8万公里，保养费用1000块。说实话，对我这种靠车过生活的人，确实太实用了。夸了好多次了，这次就不夸了，但结论要说一下，纯电动车的保养支出确实太少了，当然，别的车不了解，至少是比亚迪的纯电车型。
故障: 老生常谈，空调异味。这个问题出现了好久了，也检查过好多次，但就是查不出，好在我不抽烟，现在的乘客上车之后也会主动把烟灭了，只要每次保养时候去把空调清洗一下，问题不是特别大。不过我现在也掌握了这个技能，网上买了空调清洗剂，自己就可以搞定，又省了不少。
吐槽: 没啥吐槽的，着这东西就是个工具，只要稳定性好，别的问题都能克服。
电耗: 最近家里出了点事情，跑车跑的少了。由于没有那么着急的充电需求，基本不在外面充电了，都是在家里直接在老家院子里慢充。然后发现一个问题，慢充的电比快充的电耐用，今天保养问了下店里，大概意思是慢充状态下可以均衡电池，在具体的我也就听不太懂了。反正就是一个意思，慢充要比快充更好。时不时的慢充一下，对电池的保养更好。
保养: 做了第五次保养，换了些东西，就是那些什么液。470块，比起前面保养要多一点，和燃油车就少多了，整体挺满意，毕竟都8万公里了。
故障: 轮胎爆了，算不算故障，不过换轮胎的说，也该换了，如果还用，如果在高速上，那就危险了。所以我直接换了四条轮胎。
吐槽: 原来还吐槽个充电贵，最近在家里充电，连这个都没法吐槽了，哈哈。车真的不错，但是夏天快过去了，希望空调的味道别像前几年一样，一换季就有味道。
电耗: 冬天了，暖气开的多，能耗蹭蹭的往上涨。尤其这几天，下了大雪，啥都美，风景好，生意好，补助也足，唯一的问题就是全程必须开暖气，夏天400 的续航现在330基本就算差不多了。运气好的时候可以抽空充个电，运气不好就只能等着了，好在西安的社会充电桩数量多，功率大。稍微多花点钱充电，赶紧跑车是正经。
保养: 上周提前保养了，不到200块的花费也主要是检查费。这里还要再说下，新能源车的保养费用，真的是低到令人发指，只要没有事故，不用换件，几乎所有的保养费用都是检查费。
故障: 没啥问题，就是冬季的暖气温度上的速度有点慢，而且是很浪费的电的那种升温，心疼啊，真的，谁用谁知道。当然，如果我不是营运车，特别在乎续航或者每天只用充一次的话，这都不是事。
吐槽: 吐啥槽啊，如果不是车价比一般燃油车贵，我真不知道说这车有啥不好。
电耗: 先从今天开始，正式开始速冻模式。目前百公里电耗25左右，估计最近还会更低。满电行驶预计好的情况下能达到240-260，暖气开，但不会感到热的情况下。和夏天比，少了有接近三分之一。对于家用其实无所谓的，但对于我们跑车的，就要多休息，多充电了。
保养: 电动车基本没啥保养的费用，去保养也基本都是检查费。我现在最大的支出一方面是电费，另一方面其实是换了6条轮胎。比亚迪原装的轮胎就挺不错，我也没好意思换太差的，另外就是保养真不花啥钱，就显得轮胎的费用有点高了。
故障: 开暖气特别费电算不算故障，如果能把这个解决了，我觉得比亚迪就完美了。
吐槽: 夏天真的爽，冬天真的惨。尤其是对我这种跑车生活的人来说。夏天时候，怎么舒服怎么来，冬天时候，怎么省电怎么来。西安现在的充电桩是越来越多了，但车的增加速度感觉比桩的增加速度还猛，看来新能源真的要普及了，越来越多的人知道新能源的好处了。
电耗: 跑车用的，很少能跑到底，一般剩20左右电量时候我就开始准备找电站了。因为万一接个大活，因为电量不够不能接，你说多郁闷。个人预估吧，目前西安零度左右的情况，像我这种不太狠吹暖风的人，满电应该能跑个接近300公里，和夏天时候差了有100公里，接近三分之一的电就被这天气给糟蹋了。
保养: 能抽个时间写这个口碑，也是因为想要赶紧回家，所以早早去4S店保养了。现在4S店又开了一个专门给营运车做保养的店子。设施感觉差一些，但速度绝对快。不过店里的人还是让我来店，原因是我的车还没有转成营运车，我感觉这样挺好，如果真哪天转成了营运车，去那个店难找不说，设施还不如这边，体验不出咱们“高端客户”的档次，哈哈。
故障: 冬天费电、冬天费电、冬天费电。重要的事情说三遍。
吐槽: 没啥吐槽的，就是快过年了，想赶紧回家。再晚怕回去还要做核算啥的，再来个隔离就更划不来了，速度留点声音，纪念一下这不平凡的2020.
电耗: 发这个口碑，就是回答有个哥们的提问。有个哥们说他去年提车，怎么跑冬天时候也就跑个240公里就定天了，这里我说明下，关于电耗，我只说我的情况，不参杂别人的因素。就拿这次看到的电耗。明显比以往要搞不少，已经达到21.5度了。啥原因？因为今年过年我没跑车，都是拉着家里人转转，买买东西啥的，自然没必要想跑车时候一样计算，想咋跑就咋跑，毕竟想一天跑个200多公里还是不现实的。这就是我电耗增加的原因。都是一辆车，私家车和网约车的用法是不一样的，用车时候的心态也是不一样的，这就决定了你用车方式，上车前开空调预热再上车还是上车后在开暖气，开多高的温度和多大的分量，大回馈还是小回馈？脚下踩的力度，路线的熟练情况，都是你电耗变化的原因。这就是我为啥说，我只谈我的情况，因为不了解你的情况，所以我也不能说你的情况就一定是错的。不都是为了把车用好么，没必要怀疑我说的东西。也别把我当托，哪个托买个保有量极少的车，还两年多一点跑10万公里，就为了做好一个托？我当托的职业素质也太高了吧。
保养: 不花啥钱，跑得越多越省钱。
故障: 米其林的轮胎太软了，我都还了好几条了，费用还高的不行。
吐槽: 冬天太费电，充电时间也不短。我有买个秦DMI的冲动了。
电耗: 夏天到了，整体的用电量就下来了。冬季时候的25，现在就只有15左右了。整体非常满意，绝对的居家跑车两不误，外加省钱BUFF加持。
保养: 4月做了一次保养，目前保养的总费用接近3500块了。11万公里，保养用了3500块，你还要啥自行车？而且其中绝大部分费用都是工时费，或者说叫检查费，因为很多时候没有其他费用，搞的我在保养时候都不好意思和人家搞价，这算不算缺点啊。
故障: 故障就是车没故障，但费轮胎。不知道啥原因，可能是我自己比较倒霉吧，没事就轮胎被钉子扎了，路烂的时候还爆过胎，总体上说就一句话，车没问题，但人品有待提高，尽量减少以后的轮胎更换频率。
吐槽: 这个可有的说了，为啥秦pulsDMI 这么提车时间这么久？我五一车展定的车，说要大概3个月才能提车，现在都月底了，还是最少3个月，搞的还有没有一点点人和人之间的信任了。
电耗: 毕竟是三年的老车了，每天最少一次充电。目前的电耗、尤其是天气冷了之后开暖气的电耗，已经和原来不能比了。原来差不多14-15度电每百公里，现在已经差不多达到18-19了，耗电量增加增加明显。反应到车辆的行驶距离上，就是原来最好能跑到350上面，现在基本就是不到300了。保养时候还专门问了下售后技术人员，人家给我说电池衰减有部分原因，但也可以做几次慢充，搞搞那个电池均衡，会有一些提升，因为我一直都是充电桩的快充，以前从没有过慢充，那个均衡就没有均衡过，所以可能提升还会比较大。我用车的性质不允许我去搞那个均衡，有那几个小时我睡觉多好，以后就交给我老婆吧，毕竟新车已经提到家了。
保养: 12万公里了，一共做了10次保养，花费 请客吃饭也就是4000出头，便宜、便宜、真便宜。
故障: 没啥故障，除了换轮胎换的勤一点。我就纳闷了，米其林在我车上，把不耐磨的特性表现的淋漓尽致。
吐槽: 秦DMI太火了，我5月订车，10月才提车，差评！哈哈
电耗: 这个月基本没跑车，不光是有了新欢不要旧爱的原因。主要原因还是因为老婆在信心满满上路后的第一次就遭遇了小刮蹭，严重影响了她的上路信心，导致在后面开了几次之后毅然又选回了原先使用的小电动摩托。造成现在车也没修还一直闲置落灰的状态，我都有点心疼我的老秦了。
保养: 保养方面这个无需赘言，我以前已经说过很多次了。新能源车或者准确点说纯电车，保养几乎没有什么费用，只管开，到了公里数直接开到4S店检查，没问题掏200-300的人工费走人，有问题就等着让店里人处理结束后走人，依然还是200-300块的人工费用，几乎没有其它任何费用产生。说的够不够直白，十多万公里，4000元左右的保养费用，够不够说明问题？这就是我毅然再次选择新能源的一个原因。
故障: 只要你不撞，几乎没啥问题。可能是我运气比较好的原因吧，除了换轮胎，换雨刮器，没要过其他的钱。以前那个空调有味道的问题，现在也减轻了，或者说我们全家也已经适应了。
吐槽: 加速有点快，老婆在驾校学车用F3说跑不动，之所以会撞，主要还是因为加速太快，反应不过来。好吧，这姑且也算个槽点吧。",4.88,autohome_incremental,False,autohome_incremental|unlabeled|high,,,,,,,,,,
江淮QX PHEV,01j0bakt396mskedsk6cwg0000,2024-06-14 00:00:00,"最满意: 江淮suv这台车的整体设计还是挺漂亮的，外观做工用料也非常好，最满意的还是整车的运动感很足。个人感觉是非常豪华的，既年轻又时尚，品质也非常豪华的一台车
最不满意: 但是缺点就是车漆稍微有点薄，这是这台车的缺陷，因为新车买回来还没一个月去洗车的时候就被划伤了一小块，感觉还是挺心疼的
空间 5: 空间还是非常宽敞的，因为这台车的乘坐空间也都很充足，整体的空间表现非常大，毕竟也是一台suv车型，空间很满意
驾驶感受 5: 动力特别强，混动的车型提速的时候非常快，动力和性能的表现都非常出色，车子提速的时候能够感觉到很强的驾驶体验，推背感特别足
续航 5: 油耗很低，作为一台家用车型确实挺省油的，油耗的表现基本上和官方是一致的，区别也不是很大这台车的油耗确实非常的低，非常经济使用非常省油的一台车型
外观 4: 就是它的车漆感觉有点薄，稍微不注意就会划伤车漆，这是这台车的一个缺点
内饰 5: 内饰的做工还是挺精致的，内饰的设计非常的豪华，特别。年轻化整体的运动感还是非常充足的，设计感很强的一台车
性价比 5: 这台车性价比非常高，作为一台家用车，它的保值率还是挺ok的，性能的表现也非常好，整体的表现也都非常满意，品质也很好
智能化 5: 配置很丰富的一款车型，车内功能非常全，该有的功能都有，方向盘也是多功能设计",4.86,autohome_incremental,False,autohome_incremental|unlabeled|high,,,,,,,,,,
北京EU5,01dgmx5ve968v3gchk70t00000,2019-07-25 00:00:00,"最满意: 外形和空间符合预期，配置满意，续航很满意。
最不满意: 缺少方向盘加热，以后冬季用车体验估计会差。
续航 5: 基本上从提车到现在，跑了5000公里，其中80%都是高速。以120km/h巡航的时候，电耗大概在19~21kwh区间浮动，市区以80km/h驾驶的时候，电耗在13kwh左右。
内饰 5: 相比之前的EV160，实现了质的飞跃。全液晶仪表盘把档次一下就提上来了。另外车内储物空间也不少，好评。
性价比 5: 新能源纯电动汽车最大的痛点还是续航。续航上去了，才有资格谈其它的。北汽EU5R550作为目前市面上续航最长的车型之一，配置也是很丰富的。我购买的是智领版，也就是顶配车型，除了标配的LED大灯，全车360度影像，并线辅助，语音助手，定速巡航等等之类的以外，还配备了ACC自适应巡航，以及车道偏离预警，基本上实现了L2级的辅助驾驶功能。算上之前车辆置换以及商家优惠，我的车实际落地价格是142000。目前除了因为毫米波雷达太脏以及下大暴雨，误报过两次ACC故障，没有任何毛病。总体来说，性价比还是很令人满意的。
选择这款车的理由: 之前的EV160已经驾驶了4年，随着生活圈子的不断变大，明显感觉到续航越来越不够用，于是换车的事儿就提上了日程。本来是准备买一辆纯电动紧凑级SUV的，预算落地20万以内，先后对比了宋，威马，小鹏，北汽EX5几款车型，宋的价格超过预算，威马设计不敢恭维，小鹏续航太短，北汽EX5迟迟没有现车，再加上家里已经有一辆汉兰达，只好退而求其次换辆三厢车了，于是选了当时续航最高的北汽EU5R550。",4.88,autohome_incremental,False,autohome_incremental|unlabeled|high,,,,,,,,,,
凌尚,01gsve5kc86gw36c9p6rtg0000,2023-02-22 00:00:00,"最满意: 我对这款凌尚最为满意的就是它的油耗表现非常优秀，主要是得益于它的动力总成是混合动力系统，比起同排量的纯燃油车，油耗表现要好上太多了，而且只需要加92号的汽油，平时的用车成本大大降低，每个月都能省下来不少的油钱，而且凌尚的驾驶感受还是挺不错的，尤其是起步的时候，一踩油门，动力进行最大扭矩输出，所以整体的动力来的比较快比较猛，提速比较快，平时在绿灯的时候一脚油门，其他车子都被甩在身后的感觉还是挺爽的，还有就是这款车的外观设计比较符合我这种年轻人的审美，前脸大灯的造型还是挺特别的，看上去比较有辨识度，远远看上去，就像是一把战斧，营造出了一个凶悍的前脸，看上去更加战斗，下方硕大的中网就像是这款凌尚的大嘴，看上去比较威武霸气，侧面的腰线设计也比较有肌肉感，从车头一直延伸到车尾，看着比较有流畅感，整个车身设计得也比较流线型，整个侧面的设计层次感非常丰富，车顶尾部线条的处理比较优美，让人感觉有一点点溜背的感觉，显得比较运动，而且这款车的轮毂也挺好看的，造型比较时尚，看上去也不会太小气，同时这部凌尚的配置也是相当丰富，它前后都用上了独立悬挂，在这个价位的合资车型来说，还是比较少见的，其他车型的后悬挂还基本是非独立悬挂布局，所以这款凌尚在处理一些路面起伏的时候，会更加从容，对于车尾的跳动抑制得更加好，整个车身姿态也能够控制得比较好，有一个我比较喜欢的配置，就是它的自动驻车功能，平时用起来还是非常实用和方便的，只要我踩刹车把车子完全刹停之后，过一阵子，电脑就会自动帮我拉上手刹，这时候我放开刹车车子也不会动了，当需要继续行驶时，只需要踩一踩油门，车子就能够继续开了，免去了自己手动拉手刹的动作，显得比较优雅自然，这辆凌尚还有上坡辅助系统，能够帮助驾驶者更加从容地进行半坡起步，它的车载蓝牙，平时上车连接手机听音乐和导航都十分方便，前后排都配备了USB/TYPE-C充电接口，这个配置真的是后排乘客的一大福音，充电更加方便了，这款凌尚全系都配备了LED的大灯光源和日间行车灯，还是挺良心的，大灯还是自动的，用起来高级感和科技感十足。
最不满意: 我对这款凌尚最不满意的就是它的空间表现比较差，尤其是后排的乘坐空间比较狭窄，腿部空间并不宽敞，如果个子超过1米75，坐在这个后排，还是感觉比较压抑的，同事它的车漆也比较薄，我买车到现在，车身上已经多了挺多的划痕了，有一些还露出了底漆，基本上都是被小石子打的或者是被钥匙刮的，还有就是开起来的时候车内噪音会比较大，尤其是在一些沥青路面，传进车厢内的胎噪声还是比较扰人的，跑高速的时候，风噪声也比较明显。
空间 5: 空间表现并不是这辆凌尚的强项，后排的乘坐空间我并不满意，腿部空间有点不太够用，身高比较高的人坐在这个后排还是会出现膝盖顶到前排座椅的情况，后备箱的容积也比较小。不过呢这一点我是能接受的，毕竟我一个人用车的时间是比较多的。
驾驶感受 5: 这套动力系统开起来相当轻快，而且也足够平顺，起步和提速都比较迅猛。
油耗 5: 油耗是凌尚的一大优势，基本能控制在5.5L左右，非常省油，基本上是不会有太大的经济压力。
外观 5: 前脸造型比较战斗，大灯造型有特点，设计感比较强，车身的线条设计也比较流畅。
内饰 4: 座椅总体比较偏硬，而且底盘的滤震性比较差，对于胎噪和风噪的抑制做的也不是很好，整体舒适性比较差。不过呢内饰设计富有科技感，做工也比较用心，整体的材质用料也比较搭配。
性价比 5: 选择这款凌尚的最主要原因，是因为看中了它的动力系统，丰田做动力系统的水平一直都走在世界的前列，用起来让人感觉还是比较可靠有信心的，动力系统的凌尚开起来动力体验会比较好，而且油耗也能够降得比较低，平时能够省下不少的用车成本，而且凌尚的外观看上去比较时尚好看，前脸也富有运动性，非常适合年轻人开。总的说这款凌尚的性价比还是不错的，好开省油，外观好看，而且动力也比较不错。
配置 5: 方向盘握起来的手感比较舒服，转向的精准度也不错，过弯的时候对于侧倾的控制还是挺到位的。另外就是这款车的配置也很丰富，车机的功能特别的多，而且使用起来也很舒服。",4.86,autohome_incremental,False,autohome_incremental|unlabeled|high,,,,,,,,,,
MG7,01hwq0emwx6msk8dsp74rg0000,2024-04-30 00:00:00,"最满意: 最满意的当然就是他的外观了，哈哈。对于颜值控来说，外观决定一切。名爵7的轿跑外观实在是太帅了，无法自拔了。LED大灯时刻，照亮前进的路，前脸格栅也是当下潮流了，好多车型都在用这种样式的格栅。整车腰线设计流畅，屁股是溜背式的，掀背的尾门非常帅气，也非常的实用。
最不满意: 最不满意的地方就是胎噪了，可能是轮胎用的是性能胎的缘故，名爵7这款车的胎噪确实有点大，到时候也只能自己去做个底盘隔音了
空间 5: 空间方面个人觉得在b级车里面算是非常大的了，内部空间非常充足。首先就是驾驶位，一般来说这个位置都是属于我的，我一米八的个子，一百五的体重，坐在驾驶位完全不会感觉到挤，头部还有剩余空间，开车姿势也是挺舒服的。在就是后排空间了，名爵7的后排空间确实大，腿部空间非常充足，我一米八的个子坐在后排，腿甚至可以伸直。后排坐三个人完全没问题。后备箱空间也非常大，放五六个行李箱完全没问题，而且掀背的设计，后备箱拿取东西的时候还非常的方便。
驾驶感受 5: 动力方面我非常满意，加速真的很快，一脚油门踩下去，就能感受到发动机强劲的动力，推背感很强，还能听到声浪的声音，非常帅了，哈哈。
油耗 5: 油耗方面我很满意了，我平时开车为了听到声浪的声音，经常地板油。现在1万多公里开下来，综合油耗才7.2个左右。我非常满意。
外观 5: 第一点当然就是看上了名爵7的外观了，外观颜值爆表，名爵绿这颜色也是十分艳丽。第二点那就是名爵7的动力非常棒，2.0t的发动机输出还是非常强劲的，加速很猛，推背感非常强。搭配上尾排的声音，真的很帅。第三点就是要讲到他的性价比方面了，裸车价格十五w，我觉得这个价位买名爵7还是挺值得的，品牌历史悠久，上汽做工有保障，配置方面也是非常丰富，自带bose音响，音质方面表现非常好。最主要的还是外观很符合我的胃口
内饰 4: 内饰非常漂亮，绿搭配的内饰很潮流了，坐进车内有点跑车的感觉了，哈哈。中控屏液晶显示屏，能显示导航，用起来非常的方便。仪表盘也是全液晶的，科技感十足。不足的地方也有，那就是倒车影像不是高清的，有点模糊看不清路。
性价比 5: MG这个品牌历史也是比较悠久的， 上汽的做工也是有保障，我个人觉得这个价位买名爵7这款车还是比较划算的。动力充沛，配置丰富，自带的斑马系统让平时开车的时候也是有了无限乐趣。
配置 4: 国产车的配置我觉得都不用我多说了，绝对顶，有好多配置我还没用习惯",4.71,autohome_incremental,False,autohome_incremental|unlabeled|high,,,,,,,,,,
享域,01fprvy13k6gr36c9h74v00000,2022-02-16 00:00:00,"最满意: 空间超大，大的不像是紧凑型轿车，我和帕萨特停一起，长度看不出太大差距，就是没帕萨特宽，油耗也不错，基本上都是市区短途比较多，上下班来回10公里，油耗平均在7个上下，偶尔跑跑国道 指向精准，过弯还算可以中规中矩，高速120很稳，座椅很舒服，cvt变速箱比较平顺 ，后备箱空间很大，车内空间大，基本可以媲美一些中型车，正常身高后排可以跷二郎腿，主要就是上下班接送孩子
最不满意: 胎噪有点大，不过这是本田通病，没啥好说的，乐享中配车型竟然化妆镜都没有，太奇葩了，后备胎储物盒都没有，后背箱装重一点的东西就会凹陷下去，轮毂太小，和车身比列失调，钣金车漆太薄，后排座椅放不下来
空间 5: 空间也是我选择的主要因素，空间真是紧凑车基本无敌，后排二郎腿妥妥的。
驾驶感受 5: 享域搭配的是1.0T发动机，虽然排量不高，家用完全够了，高速超车也没压力，过年满座，带满后备箱的东西，上高速也无压力，这点很满意，不必其他1.5L和1.8L的差什么
操控 5: 这个中规中矩，指向精准，方向盘我觉得软硬也合适，不是很重，那种很轻的方向盘我觉得很无力，开着没感觉，享域的刚刚合适，需要点力度又不费劲，刚刚好
油耗 5: 目前的我油耗基本在7个上下，但是这个对于我来说还是比较满意的，我通勤基本是来回10公里，而且路况不好，很堵，所以这个油耗对于我来说还是比较满意的，试过在国道70km/h跑过，这个速度真的很省油
舒适性 5: 享域的舒适度也不错，虽然有点噪音，但是开了音乐基本无感，可圈可点的是空间带来的舒适感真心不错，配上软硬合适的座椅，后排坐着很舒服，平时开车带着老婆孩子出去逛逛真的不错
外观 5: 享域的外观很硬朗，线条很流畅，中网和大灯搭配的刚刚好，很协调，选择享域的原因有一大部分就是因为享域的前脸不是家族式的镀铬大条，略长的车身看着也很大气，溜背的造型看起来很有年轻气息和运动感，同事买朗逸比我早几天，看到我的享域的时候说为啥当时没看到享域呢，看到就不买朗逸了。
内饰 5: 内饰比较简单，塑料感有点强，不过这个价位的合资车也不能要求太多，全部都好的话就不是这个价格了，比较一分钱一分货，不过胜在布局比较合理，看起来舒服用起来方便，所以我们不能太苛刻，对得起这个价格了
性价比 5: 享域的性价比还是比较高的，不过这个东西也看人，要看你怎么看了，有人会说这个价格买国产品牌性价比更高，可以多很多配置，但是国产车目前空间、油耗控制和动力又没有享域这么好。对于家用车，我觉得空间更重要，加上享域的油耗，我觉得很适合家用，性价比很高
选择这款车的理由: 车身尺寸大，空间大，颜值好看，后备箱空间也大，而且是合资车，本田的质量还是比较信赖的，加上亲民的价格，很有诱惑力，是不错的选择，所以对于家用选车来说，我觉得享域很不错，推荐以家用为目的的购车者可以多考虑下享域，虽然高配功能更多，但是我觉得不是很实用，所以我推荐乐享版本，功能实用，价格也不高，性价比很高
跑长途: 那些说享域无法跑到120码的看看这是啥，我还是正常没踩到底的，踩到底一百四五没有问题",5.0,autohome_incremental,False,autohome_incremental|unlabeled|high,,,,,,,,,,
别克GL6,01gwrnbkde6gw3gdsm6gs00000,2023-03-30 00:00:00,"最满意: 1、性价比高，9万多买个合资车，配置也很高，颜值也在线，封面图片我觉的是这个车的最美角度。2、虽然是3缸机，但是动力真的不错，坐五个成年人提速还是很有力，动力比我之前1.8自吸手动的车好很多。3、多媒体大联屏，这个真香，还免费送了每年100G的流量，听歌、导航足够了。不知道这个免费流量是不是终身的。
最不满意: 1、有一建启动，没有无钥匙进入。2、有前后电动调节，靠背不能电动调节。3、六座情况下，后备箱真的太小了。4、过连续减速带确实有些颠。5、冷车状态、在上下坡时，踩住刹车，发动机确实抖得像拖拉机一样，声音巨大，还好这只是特定场景下的情况。
空间 4: 6个独立座位真的很赞，座椅也够软，第三排空间做大人也没问题。车子的门板储物个空间还是不错了，手套箱下面还有个单独放雨伞的地方，但是扶手箱里面确实不大，好在里面是通空调的，夏天可以冰镇饮料。
驾驶感受 5: 首先说下3缸机的感受，冷车情况下确实有抖动、声音较大，但还可以接受，车热起来就没事有什么明显的感觉了，特别是车跑起来，根本分别不出是不是3缸机。还有等红绿灯时，如果D档，踩着刹车，会明显感觉到发动机抖动，所以我一般是挂到N档，踩刹车，或者自动启停。 这个车的自动启停和3缸机简直是绝配，完美的解决了怠速时感觉抖动的感受问题，而且发动机启动的一瞬间几乎感觉不到，哈佛h6的1.5t，自动启停发动机启动的一瞬间都会有很明显的感受，也会比较大的发动机声音。但是，自动启停功能不是一直都有，可能是电池电量充足才会触发这个功能，而且必须是把刹车踩死才会触发，触发后屏幕左下角有绿色圆圈带A的标识，看到好多车友，一上车就关闭自动启停，也许是怕损坏电池吧。反正，我觉得这个功能很好用，至于损坏电池之类的担忧，那是以后的事情了，我还是相信厂家不会将一套很容易损坏的东西装上车的。 这个车方向盘很轻，虚伪不多，操控精准，发动机提速也很有力的，毕竟163匹的马力，和一些1.5t的四缸机数据都差不多，但是油门响应会有1秒钟的延迟，之后动力才会迸发出来，超车要做好提前量。 车子底盘调教偏硬，连续多个减速带时，会觉得比较颠，底盘比较生硬，凡是有利有弊，这样的底盘支撑性好，过弯车身倾斜小。 总体来说，还是一辆比较好看、好开的车子，目前还是比较满意的。
油耗 4: 刚提车时，平均油耗12个，目前开了500多公里，已经降到表显8.2了，一直都是在市里跑，上下班单车10公里，也是走快速路，估计还会降，我驾驶属于比较柔和，起步不着急、不急加速、油门踩到比较浅，再加上自动启停（估计开启这个功能百公里至少省1个油），刚提车时，D档刹车等红灯，等了4-5个红灯，看着表先油耗竟然涨了1个！！
外观 5: 车子造型属于年轻、时尚的那种，和别的MPV完全是2种风格，gl6的车头更长，安全系数会更高。
内饰 4: 车子从出厂到我买到，6个月时的时间，应该不算库存车把，车子内的气味非常小，这点很高级。中控台也有搪塑工艺的地方、门板也有仿皮的地方，前面4个座椅后面带有储物袋，真心不错，物有所值。
性价比 5: 15.99万的gl6全身缺点，9.39万的gl6真香！
配置 4: gl6的配置可以说够用了，自动车灯，这个跑高速时遇到连续的隧道，真的非常方便，谁用谁知道。前排座椅加热，大概3分钟就会热起来，很好用。车载高德导航地图真心赞，平时用手机也是用高德地图，可以解放手机了，而且不会像之前的车，导航还要不时的去4s店升级，要不就不准确。语音交互也很方便，还是表灵敏，准确的。多媒体屏幕这个是亮点，成功的营造出了高级感，就是启动后又是会一直转圈圈，反应稍慢。还有一点，我关注的平均油耗、胎压显示不能同时显示，比较遗憾。全景天虽然用到不多，但是真的很敞亮，很高级的感觉。",4.43,autohome_incremental,False,autohome_incremental|unlabeled|high,,,,,,,,,,
宝马X2,01fwwjcqsc6grkccsg68sg0000,2022-02-27 00:00:00,"最满意: 操控感非常好，动力储备还算充足，外形也是我喜欢的。
最不满意: 悬挂为了突出运动感调得是相当硬的，碾过井盖恨不得能感觉到上面刻的是啥字，车载香薰都颠坏两个了。
驾驶感受 5: 宝马万年B48在这么小的车上面动力还是相当够的，2.0T发动机能输出192马力，日常行驶双离合还是比较平顺的。comfort模式油门没那么跟脚，换到sport动力就随传随到，超车打灯3下没闪完已经过去了，那叫一个舒爽。
操控 5: 油门响应在comfort和ECO模式下面会稍慢，sport模式就很快了。
油耗 5: 市区一般在8.8左右，高速可以去到6上下，这个动力水平算相当省的了。
舒适性 3: 舒适性只能说一般了，但作为一个追求操控的Bimmer来说这都不是事，要舒服我开极氪001就好了。
外观 5: 外观是相当满意的，越看越耐看。
内饰 4: 宝马上一代的内饰设计语言，跟X1一样，科技感还是稍显不足，也没有液晶仪表盘，如果换成2系里面那套仪表和中控我肯定吹爆这台车。
性价比 5: 性价比相当高，BBA里面2.0T的车25w内能落地的应该只有这个了。
选择这款车的理由: 奥迪Q2、Q3，宝马X1、X2选车的时候都有关注和试驾，一开始觉得Q3不错，后来这边车行说X2优惠挺大，而且有现车，过去看了之后也觉得性价比挺高，前排空间是很充裕的，后排坐垫稍短，靠背也比较直，考虑到使用频率不高，也可以接受。中期改款把哈曼卡顿砍了挺可惜，原车轮毂挺丑的，提车之后就换掉了。总体来说还是相当满意的。",4.5,autohome_incremental,False,autohome_incremental|unlabeled|high,,,,,,,,,,
荣威iMAX8新能源,01jyz5bdrm6mv36dhp6wr00000,2025-06-30 00:00:00,"最满意: 车子劲儿特别足，开起来非常顺畅。不管换到哪种开法，都没有那种突然一顿或者往前窜的感觉，感觉特别稳当舒服，让人很安心
最不满意: 想坐满七个人的话，后备箱的地方就不太够用了，这真是鱼和熊掌不能兼得啊。另外就是后排座椅的坐垫感觉有点矮，腿下面总觉得空落落的，托得不够实在，要是坐的时间长了，没那么放松，感觉能再高点托着腿就更好了。
空间 4: 坐满七个人一起出门是完全没问题的。不过呢，如果是跑比较远的长途，大家带的行李包包比较多，那后备箱就有点捉襟见肘了，会感觉不太够放。但如果是周末去附近郊游或者城里短途转转，行李带得不多，那后备箱的空间还是完全够用的，不会觉得挤。
驾驶感受 5: 这车提速特别快，而且很安静，几乎没啥声音，想开快点的时候心里特别有底。虽然车身看着挺大挺沉的，但开起来一点都没有笨重感，方向盘一带，想超个车也挺麻利的，动作挺干脆。
续航 5: 我每天上下班大概就开这些路程，平时也不怎么跑远地方，主要就是通勤用。车子从充满电开始用，用到剩下大约四分之一电量的时候，差不多能跑个三天左右，感觉还是挺耐用的。
外观 5: 整车的线条挺柔和的，看着很流畅顺眼，没有那种硬邦邦的感觉。车头的大灯里面亮晶晶的，排得整整齐齐，显得特别精神有神采。再配上那套大尺寸的轮毂，整个车停在那里或者开起来都挺有气场的。
内饰 4: 车厢里面好多地方，像中控台啊、车门板这些手常碰到的地方，都用的是软软的皮革包裹着，摸上去手感很好，看着也显得挺有档次的，不廉价。不过新车内饰的味道还是有点大的
性价比 5: 买这车不用交那个好几万的购置税，一下子就省了不少钱。而且平时开起来用电比用油便宜多了，用车成本挺低的。整体来看，这车各方面的表现都还可以，没啥让人特别头疼的大毛病，iMAX8卖这个价钱，我觉得是挺值的，划算。
智能化 4: 车里自带的导航特别好用，想去哪里直接跟它说一声就行，不用动手去戳屏幕，操作起来特别方便。方言指令识别的成功率不高",4.57,autohome_incremental,False,autohome_incremental|unlabeled|high,,,,,,,,,,
五菱星光,01k3c139n36mv3ecsj6rt00000,2025-08-24 00:00:00,"最满意: 性价比很高的车，外观内饰我都很满意，行驶起来很安静，我一个月开车1000公里左右也就花一百多块钱，基本都是用电，非常适合我这种上班族。
最不满意: 不满意的是一体式大灯在保险杠上非常容易碰撞到，轮胎太薄，起步太快的话会打滑，标配的轮毂只有17寸有点小。
驾驶感受 5: 提速还是很猛的，超车加速无压力，电机功率为最高时，百公里加速是7秒多，一脚油门下去响应非常快。这个价位的车已经算很快了。
续航 5: 纯电模式一般续航在135左右，混动模式也很不错，满油满电状态下，从城市到村里往返再加上周边自驾游，能跑1000公里没问题的，完全告别里程焦虑。即使是亏电油耗，油耗实测在百公里综合油耗5L左右。
外观 4: 车辆的外观是最打动我的点，我是最初的时候就比较看好这个前脸，侧身流线型不错，车标的车标也很高档，所以S05的外观我感觉比较帅气的。车头一体的大灯，还有贯穿式的尾灯很有个性，晚上远远就能认出来，车辆轮毂也是黑色的，黑白配非常经典。
内饰 4: 内饰能用摸到的地方非常柔软，用料十足。
性价比 5: 不到十万的车，从外观，内饰，智能化，续航能耗方面都是性价比非常高的车，适合我这种上班族的日常通勤。
智能化 4: 可以远程开空调，还可以预约时间提前开启空调，在这个酷暑的夏天，提前十分钟开好空调，再坐上车里非常凉快，这个功能必须点赞，",4.57,autohome_incremental,False,autohome_incremental|unlabeled|high,,,,,,,,,,
江淮QX PHEV,01hwhh1jfs6msk8dhh6ct00000,2024-04-28 00:00:00,"新车好评: 最满意最漂亮的一台车型，颜值也非常高，外观的做工用料很好，整体设计得非常漂亮，比较年轻也比较上档次的一款车，品质非常好，做工也是非常优秀，这也是我比较满意的一款车型。
新车槽点: 缺点是隔音的效果有一些不太满意，车内还是会感觉到噪音稍微有那么一点偏大的一些，隔音的效果稍微偏差了一点。
空间 5: 整车的乘坐空间也是挺大的，空间很宽敞，不会感觉到有任何的拥挤，整体的乘坐空间还是挺满意的，整车的空间表现非常好的一款车，很给力的一台车型。
驾驶感受 5: 这台车的驾驶感受还是挺好的，车的驾驶感很足，方向的灵敏度也很高，整体的驾驶感很强的一款车。
续航 5: 续航非常满意的一款车型质量也都比较放心，续航里程还是挺好的，和官方的续航也都没有特别大的差距。
外观 5: 外观还是挺精致的，颜值也都非常高，做工用料很好，外观的设计非常的漂亮，又年轻又时尚的一台车，整体的运动感还是很足的，特别豪华的一款车型。
内饰 4: 内饰整体的做工用料非常好，运动感很足，内饰的设计也比较豪华也比较上档次的一款车型。缺点就是如果在长途行驶的话，还是会感觉到车内噪音偏大的一些，隔音不是特别的好。
价格政策 5: 价格也有优惠，新车的价格也都有一定的优惠。这款车质量还是非常放心的，品质也非常好的一台车型。
智能化 5: 智能化的表现很出色，车内功能非常全，该有的功能都有。最满意的还是他的倒车影像确实比较清晰。",4.86,autohome_incremental,False,autohome_incremental|unlabeled|high,,,,,,,,,,
小鹏P5,01hfbyxwye6ms32dsh6wrg0000,2023-11-16 00:00:00,"最满意: 小鹏总体来说最让人惊喜的是他的智驾系统，做得挺成熟，特别是在停车场记忆泊车，遥控泊车和高速NGP，都让他在同级价位选择中脱颖而出！而且价格主打一个性价比，空间容量够大，家庭代步用车来说真的很符合预期。
最不满意: 这个车主打智能，但是唤醒词不知道为什么坚定的不能改，一定要用你好，小P固定词语来唤醒，不能用户自定义，按道理来说这个功能并不难实现，希望可以尽快推出该自定义。
空间 5: 买这辆车主打是家庭用车，家里几个小孩，所以优先考虑的是乘坐舒适感和空间容量。每次试驾都要去后排感受一下，P5的乘坐感受是很舒适的，后排坐进去离前排空间还很大，三个小朋友也完全不觉得有紧凑感，符合我的需求。后备箱容量也很大，因为没有油车配置的备胎，所以下层打开还可以放很多东西的，家庭出行什么的妥妥满足，小推车放下去毫无压力。
驾驶感受 4: 这个车比较意外的是驾驶感受和油车接近，可能由于一直使用的是标准模式，没有开高动能回收的原因。开起来是比较顺滑的感觉，没有顿挫感，当时去车展是看另一台车的，刚好路过新上市的P5，就顺带试了一下，驾驶感受很惊喜，另一品牌电车开起来明显比较硬的感觉，颠簸路段就觉得有点起飞了，小鹏这台车这方面处理的还是挺好的。
续航 4: 用车在广东最南端，属于比较热的城市，但是可能对电车了解不够深入，买车时候的500标，实际用起来只有接近400。当时纠结电车就是有一点续航焦虑，毕竟目前家里没有装家充的条件。向销售了解时，他们表示快充一次是30-40分钟，这个时间比我心里预期短了很多，而且当前每天通勤来回也就是十公里不到，使用起来还不算太麻烦，基本去个大半个小时，看一集电视就可以完成充电了，满电可以用十天八天了。目前用了不到一个月，有发现充电时间越来越长的样子，不知道是不是温度还是什么原因，还要继续观察一段时间。
外观 4: 本来对小鹏的了解就是知道P7，主打一个帅，但是电车来说价格有点高，性价比不够，而且后排也不够宽敞，所以就不纳入考虑了。P5外观只能是不过不失，有点胖胖的，选了银黑色还算是个精神小伙。
内饰 5: 对于女司机来说，最重要是高颜值，主打一个好看！这个白色内饰深得我心，都是皮面，超高档的。使用了一段时间，还是很满意的。
性价比 5: 总体比较下来，这台车现在属于性价比很高的车型了。之前入手的都是油车，落地价格都是比这个贵很多，但是乘坐感受P5并不逊色，特别充电一次才三四十，简直YYDS！保养什么的没了发电机机油那些，也是花不了什么钱。买的时候还有厂家优惠和地方补贴，折算下来真的很实惠，十几万功能又多，空间也大，真的很符合我的需求和预期了。美中不足的就是电车保险还挺贵的，emm……但是这个应该新能源都是这样吧，也没办法了。
智能化 5: 选车的时候看到功能介绍，就被NGP吸引了，提车后立刻体验了一把，表现还是挺好的。设置好导航后就可以按照路线行驶，熟练超车，下匝道，跟车都能很好的完成，还会自己调整路段限速行驶。这个只能感叹科技的进步真的实现了以前想象不到的东西。不过这个毕竟只是智能辅助系统，能很大程度上帮助司机解放双手，但是还是要自己时刻关注路面情况的，施工路段和超车后车突然冲上来，这个情况都是NGP的弱点，一定要自己接管才可以呢。  P5的智能泊车也是很好用的，基本上都能好好完成，除了有时候有些花草干扰，或者细柱子，会突然停止泊车撂担子哈哈，这会就要自食其力了。最喜欢他的摄像头可以提供距离精准到厘米估算，再窄的地方都能看着距离估摸挤进去，真的对女司机来说太友好了！",4.57,autohome_incremental,False,autohome_incremental|unlabeled|high,,,,,,,,,,
别克GL6,01gn95rm5p6gvkadhp6rs00000,2022-12-27 00:00:00,"最满意: 最满意的是空间，他的空间是比较灵活的，两座，三座，四座，五座，六座随时调整。如果第二排第三排不用的情况下，可以完全放平，形成一个大床。放上被子就可以在车里看星星了。当时买这个车也是因为有了六座的需求，家里六口人，五座车已经做不下去了。但又不是天天，只是偶尔，第三排应个急，所以空间来说够了。
最不满意: 不满意的应该是发动机吧，冬天的时候冷启动发动机声音真是太难听了。如果不等发动机热一下就起步，发动机才响呢，就像一个拖拉机。所以我一般都提前五分钟用安吉星远程打火，等我出门的时候发动机已经热的差不多了。这样还好一点。
空间 5: 当时就是奔着空间才选择的这个车辆。空间灵活性比较高。只要不超过六个人，我都能拉的了。尤其做四个人的时候，那么车上的每个人都是有舒服的位置。而且当后排不做人的时候，就可以放到，形成一个全平的空间。拉一些大件的东西或者比较长的东西也不在话下。而且后排还标配全景天窗，做起来也不压抑，显得空间更大了。
驾驶感受 5: 别看GL6是一款MPV，它的操控性也是不错。这给我了一个大大的惊喜。平时转弯的时候抓地力很强，和可能和它原装的米其林的轮胎有关系。低俗安静，高速稳。比较满意。
油耗 5: 目前油耗还是有点高，大约9个油吧。不过想到这么重的一个车子也能理解。毕竟我之前的手动挡的车油耗也得八个多油。期望以后能在降低一点吧。
外观 5: 外观还是不错的，号称小GL8.影藏的D柱和GL8有着异曲同工之妙。远近光一体的LED大灯到了晚上还是比较亮的。配合着LED的日间行车灯，点亮的效果还是不错的。整个车身的侧面比较硬朗。尾灯点亮的效果也不错。我买的麦田金的颜色，是一种金属漆，在阳光下面还是比较亮的。
内饰 5: 看惯了传统的内饰，GL6的内饰给我了眼前一亮的感觉。双10.25寸的大连屏竟显科技。而且功能还很多。导航，音乐啥的应有尽有。而且中控显示屏还内嵌进入了中控台里面，从外面看不突兀，从里面看显高档。比其他的连屏看着舒服点。座椅采用了棕色真皮座椅，没有采用黑色的座椅，更加显得温馨。
性价比 5: 因为三缸的原因，大家可能不太认可这个车辆。所以这个车目前优惠比较多。现在落地也就十一万多点吧。性价比爆棚。买一个合资六座MPV这个价格，我觉着没有什么对手。因为我之前开的也是三缸的F0.所以对发动机没有太大的抵触。况且它还提供八年十六万公里的质保，你还怕什么，现在哪里还有能开坏的车啊。
配置 5: 虽然说现在价格便宜，但是该有的配置该有都有啊。首先说一键启动，这样我以后再也不用掏出钥匙来进行打火了。而且还有着座椅加热，这个功能在我们北方非常的实用。每次热车暖风不热的时候座椅就开始热了起来，即使不开暖风也不冷了。这真是北方必备的动能。还有每年送的流量，我喜欢听音乐，临时想高歌一曲，也不用蓝牙自己找了，直接语音就可以实现播放我喜欢的音乐。导航这两个屏幕都可以显示。也非常的只能，再也不用手机导航了。其余的什么电动座椅，全景天才，倒车影像啥的也都有。配置还是比较厚道的。",5.0,autohome_incremental,False,autohome_incremental|unlabeled|high,,,,,,,,,,
秦新能源,01eza7xskt6ctk0c9q6rt00000,2021-02-24 00:00:00,"最满意: 我买秦EV就是看中这款车的性价比了，价格也是符合我的预算，而且车子的外观也符合我的审美，续航里程也达到四百多，平时上下班代步是足够的了，充一次电能用一个星期左右，这样的续航能力，周末出行都是没问题的，新能源的用车成本也比燃油车要低，对于以后的用车来说经济压力要小一些
最不满意: 我买的这个配置的，大屏不能旋转，也不能语音识别
空间 5: 秦EV的长宽高4675/1770/1500mm，虽然它的定位是紧凑型的轿车，但是我1.76的身高坐在驾驶位置，头顶还剩下五指的空间，驾驶空间是足够了的，后排坐了三个成年人前面腿部空间还是挺足的，也都不会显的拥挤，空间的规划还是比较合理的，各种小储物格，用来放一些比如说卡、钥匙都是非常方便的，后备箱的空间也是很大的，能放不少东西，后排座椅靠背还能支持按4/6比例放倒，所以后备箱的可利用性还是很强的
驾驶感受 5: 秦EV搭载台交流永磁同步电机，起动时响应的速度非常迅速，动力来得也非常的干脆，连贯顺畅的动力输出，作为家用车来说，动力啃足够用了，毕竟安全永远排在第一位，还有三种驾驶模式可选，分别是ECO（节能）、SPORT（运动）、雪地模式，切换到运动模式的时候，感觉到动力反应非常的迅速，明显能感受到推背感，节能模式下动力相对就比较弱点，节能模式也是我平时用的比较多的，对于日常出行是绰绰有余了，雪地模式当然就是适合下雪天啦
操控 5: 秦EV前悬架结构是麦弗逊式独立悬架，后悬架是扭力梁式非独立，悬架调校比较软，还是以舒适为主，面对一些路面上的小颠簸时过滤处理得不错，底盘非常的扎实，支撑性不错，过弯时车辆的行驶稳定性特别的好，方向盘很轻巧灵活，指向很灵敏，还是三幅式的，老婆也能轻轻松松的驾驭，
续航 5: 秦EV用的三元锂电池组，电池的容量为53.1kWh，续航可达421km，我平时上下班日常用车的话，冬天四五天充一次电是足够用的了，平时周末带上家人朋友来个周边游，完全没有了里程上的压力，而且它支持还快充，在30分钟左右就可将电量充至30%到80%，有时晚上忘了充电，早上起来吃个早餐的时间，电就充的差不多了，不但进一步缓解了我对用车续航里程焦虑的同时，电费相对还是便宜些，也为我减轻了不少的用车成本。
舒适性 4: 座椅采用了白色缝线，材质细腻，触感舒适，座椅的细节处做的很好，让车内更显档次，包裹性也很好，内部填充很柔软，坐在上面很舒服，不过主副座椅都只能手动调节还是有点不满的，后排座椅的舒适度也不错，并支持4：6放倒，带有中央扶手，后排还配有一个USB充电口，大大的提升了后排乘客的舒适性，由于是电动车没有了发动机的噪音，开起来非常的安静，即使车速高也不会噪音很不是很大
外观 5: 全新比亚迪秦EV采用了比亚迪的家族式前脸，Dragon Face的设计语言，前脸看上去更加扁平，线条更显细腻，中网采用的封闭式点阵式格栅设计，整体来说辨识度还是挺高的，两条平行式镀铬条连接造型犀利的前大灯，大灯组与前中网的融合度更高，看上去十分有神，大灯组用的矩阵式设计，内部包含5颗独立LED光源，其中外侧3颗为近光灯，内侧2颗为远光，日间行车灯兼具转向灯的功能，并且带有流水效果，非常的有辨识度，尾部采用了镀铬装饰贯穿的设计，没有采用灯带贯穿式的设计，但是尾灯的造型看起来也很有层次感
内饰 4: 内饰的整体设计非常的简单，中控台上贯穿左右的饰条拉伸了视觉宽度，在材料上，用了软质材质与银色拉丝质感的饰板的组合，兼顾了触感和质感，看起来也比较年轻，这个也是我非常喜欢的部分，不过可惜的是我买的配置是的8英寸的大屏不能旋转，也没有了比亚迪的DiLink 系统，不过如果对于多媒体要求不高，倒车影像，导航，听歌等的日常用车使用还是没有问题的
性价比 5: 秦EV续航里程长、充电时间快、配置高，驾驶舒适，作为城市通勤车，真心是不错的选择。
选择这款车的理由: 买新能源首先想到的就是比亚迪了，做新能源领域最早的自主品牌了，而且口碑也不错，后续的保养也便宜",4.75,autohome_incremental,False,autohome_incremental|unlabeled|high,,,,,,,,,,
凯翼拾月,01je1gjwwr6mtk0dhh6crg0000,2024-12-02 00:00:00,"最满意: 车大，宽敞，摄像头不清楚，走土路异响严重
最不满意: 遥控把车子锁上以后，车辆后备箱门依然可以手动打开，质量问题太多
空间 4: 车子还可以，就是小毛病太多，售后配件不全
驾驶感受 1: 起步肉，深踩还可以，玻璃反光，起步噪音大
续航 2: 续航一般，实测100公里，电池质量不行，别跑远道，天天充电，60公里就跑50的电量，
外观 4: 外观好看，挺好，灯光一般，远光太散，不好用
内饰 4: 内饰质量还可以，没什么毛病，就内饰好看，可好看了，就奔内室买的
性价比 3: 性价比一般，不是很高，电瓶还不是不行，小毛病多
智能化 1: 能连手机网，但是不知道能干啥，弱鸡一样的智能",2.71,autohome_incremental,False,autohome_incremental|unlabeled|low_or_missing,,,,,,,,,,
荣威i6 MAX新能源,01k5mp103d6mv3jcsp68tg0000,2025-09-21 00:00:00,"最满意: 没有满意之处，豪无性价比，车质量太差，小毛病不少，日间行车灯坏了厂家也不提供质服务，就一个字悔。
最不满意: 价高质低:1、车不到20万公里，时间两年内，换了空调压缩机和慢充口，还好免费换，要不得得大出血，压缩机得六七千；2、两年多后充电机模块又坏了，不知是不是属于电器几大件之列，厂家不提供质保，不知是不是属于电器三大件之列？4S点得七八千，搞不起，找拆车件也要
2100，像这样再换几件，感觉可买台新车了？这样的质量能让消费者放心吗？",2.57,autohome_incremental,False,autohome_incremental|unlabeled|low_or_missing,,,,,,,,,,
卡罗拉双擎E+,01ekcct06d6cs3cd9n6mv00000,2020-09-29 00:00:00,"最满意: 最满意的是卡罗拉双擎E 的油耗，百公里仅4.3L，平均算下来才两毛钱一公里，即使在日系车中也算是很省油的了！纯电续航55km，据说官方宣称满油满电续航可以到达惊人的985km，实测下来城市工况没有900km也有850km的续航能力，跑高速可能会稍微少些，因为这个车高速并没有市区省油。作为一款油箱仅有40L的小家伙，这个续航能力还是可圈可点的！上海区分峰谷电价，白天0.617元一度电，晚上0.324元一度电。夜间三个小时家用充电桩慢充花费2.5元可以从0到100%充满电，合计下来纯电5分钱才一公里，相当省钱。内饰软性材料覆盖较多，摸着挺舒服，前后排乘坐空间尚可，家用足够，后排地板凸起算是同级别中很低的，后排乘客脚感比较舒适。后备箱可以在驾驶座手动开启，有效避免了小电瓶亏电打不开后备箱继而无法为小电瓶搭电的尴尬局面。外观方面天际蓝色是卡罗拉双擎E 的广告款配色，也是卡罗拉双擎E 独有的配色，非常亮眼，打蜡镀晶镀膜之后更是亮瞎了我的眼，绝对是这条街上最靓的仔。后排空调出风口设计在前排座椅下，隐蔽性极其高，难以察觉到，但可以送来徐徐微风。
最不满意: 内饰垃圾，塑料用的过多，外观比较中庸，除了颜色亮眼，外观设计不够年轻张扬。漆面太薄不够厚、容易蹭破。座舱隔音比较差，胎噪风噪以及上高速后发动机噪声惨不忍睹，目测四门门板和发动机舱是很少有隔音棉包裹的，全系没有电子手刹，机械手刹可漂移、可过弯、可弹射起步，但是就是看起来太复古太掉价，强迫症患者经常会回过头去看手刹有没有拉好。低配置对得起A级车的定位，对不起小20万的定价。后排座椅中间的位置坐垫比较凸起是全系的弊病，对于满员乘坐，中间乘客不是太友好，仿佛后排只能坐俩人是最合适的。全系不标配电动折叠后视镜，锁车后无法自动折叠要手动去掰，倒车时更是无法自动下翻要手动去调节按钮。除了旗舰版和2020舒适版全系其他款没有无钥匙进入，倒车影像和中控大屏成了选装配置，原车的收音机CD机复古中控实在是无力吐槽。全系没有标配倒车雷达和前探雷达，要自己后期改装选装。后备箱开启方式奇葩，不能在车后面通过按键直接开启，一定要在熄火状态下按遥控器、或者不管熄火不熄火都到驾驶座拉一下机械拉杆开启后备箱。后备箱空间被牵引动力蓄电池侵占严重，装载能力有限。1.8L的发动机感觉深踩油门后啸叫厉害，但是光有声音，动力输出却少得可怜，起步太肉，没劲。后排没有点烟器接口、也没有USB接口，无法充电对后排乘客长途行车不太友好。
空间 5: 我身高一米七，120斤，平时通常是我和我老婆两个人乘坐，前排空间尚可。
驾驶感受 3: 得益于车身重量较轻，开启运动档之后起步还是很快的，但是深踩油门1.8L发动机略显动力不足，超车不够有力
操控 4: 悬挂偏硬，过颠簸路面感受强烈，方向盘基本没有虚位，转向清晰
续航 5: 平常上下班通勤，城市路况较多，省心省力省油
舒适性 3: 路感清晰，悬架偏硬，前排乘坐舒适度尚可，后排中间坐垫较高坐着不舒服
外观 4: 外观设计比较中庸，没有采用新款卡罗拉造型
内饰 3: 内饰太老年化，不够年轻人的张力和个性，用起来还是够用的
性价比 4: 性价比还是可以的，虽说算不上五星神车，但也中规中矩，很省油了！赞！
选择这款车的理由: 选车时候看了比亚迪秦新能源，比亚迪新能源，还有名爵eMG6新能源和荣威ei6新能源，对比下来觉得丰田的混动技术还是比较靠谱，三大件综合能力相较于国产车更为稳定、故障率更低，稳定可靠，所以选择了卡罗拉双擎E",3.88,autohome_incremental,False,autohome_incremental|unlabeled|mid,,,,,,,,,,
宏光MINIEV,01k7remvgz6mvk2c1m60v00000,2025-10-17 00:00:00,"最满意: 使用比较满意，我平时上下班来回得40公里，要是开油车，一个月油钱得不少。后来就想着买辆小电车代步，选宏光MINIEV是觉得五菱牌子靠谱，这么多年做小车，技术成熟。这小车到手后，确实给我省了不少钱，充电便宜，一周充2次就够。而且车身小，我们小区停车位紧张，它随便找个空就能停，有次我甚至把它停在两个大车位中间的空隙里，太方便了。续航也还行，标着215km，实际跑个一百大几公里没啥问题，我周末去周边小镇玩，来回几十公里，也不用半路充电。
最不满意: 底盘下护板得自己加装，出厂也不给护板，裸露的地方太多了，要不注意路况容易把电池损伤到，最害怕下雨害怕进水。
还有快充充电也比较慢充满也快50分钟了。
空间 3: 空间日常代步够用，后排坐个小孩或者身材娇小的朋友也能凑合。但后备箱是真小，基本放不了啥东西，买菜要是买多了，只能放副驾或者后排。
驾驶感受 4: 驾驶操控性一般，车身高风大了还有一些抖动，，过弯的时候速度稍微快点就心里发慌。减震也硬，过个减速带或者坑洼路段，颠得人难受。不过转向挺灵活的，在市区里穿梭很方便。
续航 4: 续航可以跑150-170左右吧，电耗挺低的，一公里几分钱，比油车省太多了，这也是我最满意的，大大降低了代步成本。
外观 4: 外观挺可爱的，车身线条也很俏皮，开出去不少人都觉得这小车挺萌的。
内饰 3: 内饰塑料比较多，没有科技感，看着特别廉价，座椅短时间坐着还可以，长时间会让你觉得腰酸背疼。
性价比 4: 性价比能接受，不能要求太高，这车才三万多块钱，能上绿牌，城市代步特别合适，要是能把底盘下护板标配，再优化一下机械钥匙开门报警的问题，我觉得还是很值得冲的。
智能化 3: 智能化比较短缺，像自动大灯、无钥匙进入这些实用配置都没有，想要配置都得自己改装才可以。",3.57,autohome_incremental,False,autohome_incremental|unlabeled|mid,,,,,,,,,,
勇士,01d483vsem68t36e9p70sg0000,2019-02-21 00:00:00,"最满意: 最满意之一是，车的高度宽度带来蛮多的回头率。最满意之二是，个性的外观还包括前双挡风玻璃，车头中网造型，给人霸气的感觉。最满意之三是，车内空间非常大，前排伸手才刚刚摸到车顶，驾驶座位虽然不豪华，但也舒适，适合长途驾驶座姿.最满意之四是，100000的价格能买到4驱，2.0T，这些配置也值了。
最不满意: 最不满意之一是，车的高度宽度带来蛮多的停车麻烦，地下停车场保证进不了，户外停车场也不是每个车位都有效。最不满意之二是，车内座位分配不合理，后排坐姿不适合长途。最不满意之三是，噪音比较大，超过100公里时速，车内交流像骂街。最不满意之四是，内饰简陋，有些已经掉下来了。好多铁框裸露在外，就像拖拉机。最不满意之五是，音响差，80年代的怀旧音质。最不满意之六是，售后4S店，居然在广州只有一家。
空间 5: 乘坐空间宽敞，没有压迫感。后排空间也大（前提是要改装座位）。箱体有足够的高度。
驾驶感受 4: 80公里以下的提速还可以，对得住2.0T和两吨的车重。但最高速只能135公里/小时。不过这么高的重心，120都够了。
操控 1: 方向机虚位大，开快车，车就像醉酒，走不了直线。
油耗 4: 测过两次油耗，第一次全高速120公里/小时，不开空调，耗油13.5升/100公里。第二次综合路况高速县道空调都有，速度控制在50-90之间，油耗11.2升/100公里。
舒适性 3: 座椅软硬度适中，但隔音一差，加上钢板避震，舒适性差。
外观 4: 车身野性，比例合适，但造工粗糙。
内饰 1: 中控台样式陈旧，用料低廉，做工粗糙，新车的造工好像其他车10年的折旧
性价比 4: 缺点像天上的星星一样多，优点像太阳一样少，但太阳出来，星星就看不见了。
选择这款车的理由: 广州购车需要指标限制，所以购车都要慎重。开始选车的要求是，价格想控制在100000以下，为了省油不选带T的。当初犹豫前驱的宝骏730，后驱的欧尚，四驱的战旗大三门。后来又改变想法买带T的车，接着就发现了勇士大四门。喜欢它的霸气外观，还有使用空间大，改装空间大。",3.25,autohome_incremental,False,autohome_incremental|unlabeled|mid,,,,,,,,,,
五菱征程,01fvsfg15k6grk6e1s6rw00000,2022-02-13 00:00:00,"最满意: 首先外观比较大气，车身线条营造出来的感觉比较硬朗，车头有点suv的即视感，整体看着比较敦实，稳重的感觉。同级别对比的话配置也不算太差，如果能再提高一下就更好了。可能得益于1.5t+6挡的缘故吧，油耗比较有优势，市区开8~9个，郊区最低开到过5.3L百公里，高速一般110以内7.5个左右。之前开过菱智和大通，油耗都比较高。隐藏式侧滑门设计的不错，总体比较满意，毕竟价格摆在那里！
最不满意: 最不满意的就是配置了，顶配豪华版还是钢板悬挂，这个也太说不过去了，我这车平时开基本都是带一两个人，拉货的也不太多，过个减速带或者路况差点太颠了，既然价格都小10万了，为什么不给个弹簧悬挂，后轮碟刹也没有，ESP也是没有，日间行车灯，天窗这些都不给选择，同价位宏光s3可是都一样不少，五菱征程这车简配太厉害了，作为一台伪MPV座椅最起码要设计灵活点吧，最起码二排折叠翻转，三排悬挂都应该给个选择，哪怕加钱也可以啊。
还有就是后排侧滑门异响，每次都是去售后调下就好了，开几天就又响了，没办法等等改电动门吧。
空间 4: 载人的话空间没得说，开习惯了不愿意坐小车了！除了三排因为座椅不能调整紧凑点外前面两排都很宽松，如果第三排座椅可以前后滑动或者侧挂选择就更好了，给载人或者拉货不同需求的用户多个选择的空聊就更好了。
驾驶感受 3: 1.5的排量不算大动力这一块也够用了，高速超车还可以，涡轮增加比较有后劲，市区起步我感觉就比较肉了根开小车没法比，舍得给油的话会好些，这个就看个人习惯了。对比其它品牌五菱征程1.5t+6挡也算是比较厚道了，兼顾油耗和动力了。
操控 4: 整体操控感还不错，挺好开的，买之前担心车身过长拐弯费劲，现在看来多虑了。跑高速120码以上车身肯定发飘了，毕竟车身高度和长度在这呢！
油耗 4: 目前行驶10000多公里。油耗平均5毛多，还算不错了，以前我宏光也差不多这个样子。
舒适性 2: 后悬架钢板减震太硬了，拉人的话需要考虑了，噪音也能接受，这个价位的车还是后驱我觉得可以了。
外观 4: 外观这一块，前脸比较满意，后面有点牵强了虎头蛇尾的感觉，前面看以为是suv后面再一看就是面包车。
内饰 3: 内饰整体还不错吧，应该把中控屏得功能再提升下，现在都是联网语音控制操作了，这个有点落后。
性价比 5: 性价比整体较高，期待增配，可惜车已经买了。建议厂家提供选择二排座椅折叠翻转，三排侧挂这些实用配置，四轮碟刹，车身稳定系统，后轮弹簧悬挂，日间行车灯，电动侧滑门，后排玻璃升降这些该有的配置也应该放到高配车型上供用户选择。
选择这款车的理由: 选择五菱征程说白了就是价格便宜性价比高，因为以前开的就是五菱信得过五菱的质量，对比过东风菱智(外观老气油耗高)，上汽大通g10（价格高油耗也高），甚至还考虑过福特全顺（车身有点大了不方便）。考虑价格和油耗的因素五菱征程同价位同级别几乎无敌手，同级别的其它品牌几款车各有优势吧，萝卜白菜各对各眼！",3.63,autohome_incremental,False,autohome_incremental|unlabeled|mid,,,,,,,,,,
奔奔E-Star,01hb7ty8g16mrkcdsh64wg0000,2023-09-26 00:00:00,"新车好评: 之前在这买了Z6idd的插电混动，开着还不错，续航也杠杠的！今天带着朋友过来看看，他家想买个小电车给媳妇用。他已经看了几款了，听欧尚卖奔奔，就过来看看！展厅很漂亮，国庆气氛已经到位了，屋里摆着的是个绿色的奔奔E-Star，试驾车是个白色的，我朋友更倾向于白色。这车优点很多，1.小巧，去哪停靠很方便，2.二一个是续航比较实在，没那么虚，310公里续航冬天跑280没问题。3.还有就是带快充和慢充，平时在家或者出去应急都没问题👍4.提速很快，起步动力很强，也许这就是电车的共同优点吧！5.车内空间比较舒适，后排坐3人完全没问题，后期座椅也能放倒，拉点大的东西放在后备箱还是很给力的呢。
新车槽点: 整体不错，但是槽点也很多……1.这车做工比较粗糙，看着就简单，塑料感很重！2.试驾时候，松开“油门”顿挫感很明显，销售说是在能量回收，我觉得应该还得磨合磨合估计好一点！3.外观一般，我们这种居家的还可以，小年轻估计更倾向于时尚的吧。
空间 4: 空间作为小车还是不错的，坐里面还算宽敞。家用合适，接孩子啥的没问题！后备箱不大，但是后排座位可以放倒，拉东西没问题，当然有拉东西又坐好几个人的，需要考虑一下
驾驶感受 3: 加速很快，收油门顿挫感强！没有复杂的操控，简单，易上手，整体比较轻巧
续航 5: 续航官方是310公里，去年有个同事开长安的奔奔，冬天280没问题，跑高速不算啊！开车，也分人，每个人手法不一样，续航结果也就不同了！这车在续航这块，还是可以的，比较实在
外观 4: 外观一般，中规中矩，虽然加了绿色和粉色两个颜色，但颜值这玩意不是换身衣服就能解决的哈哈哈
内饰 4: 内饰塑料感比较强，娱乐设施简单，座椅为织物座椅，唯一的感受就是座椅比较透气吧！粉色的车内饰也是粉色的，照片没有拍，感兴趣的朋友可以去她们店里看，公主风大大滴！
价格政策 5: 这车三电系统终身质保，现在买还是挺划算的，销售说最近在做国庆节活动，买车优惠力度大，礼品也多。
智能化 3: 没有什么太智能的东西，中控也简单！也许年轻人不太喜欢，但是家用很实在！",4.0,autohome_incremental,False,autohome_incremental|unlabeled|mid,,,,,,,,,,
宝骏KiWi EV,01havqtnme6mrkae9s6rtg0000,2023-09-21 00:00:00,"最满意: 刚考下驾驶本儿，就想买个车上班儿用。刚开始考虑的是七八万块钱买个油车。，长期来就不用换了。后来我爸说，油车以后的费用太多，一个月下来油费的话也在七八百块钱，后来就考虑电车了。想的是上就自己上班儿用，不用太大的，续航得长点儿，不想老充电，最好有快充。当时看的车还挺多的，像宏光 mini 那么大小的正好合适但是他没有快充续航就有点儿短，还有晴空看的也挺好的，就是没有车得定，最后选了宝骏的这个kiwi。我选的是个黑色的，外观很有未来感，看着就特别酷。 kiwi里边的空间我也感觉挺满意的，是个四座儿的，后排的空间就稍微小一点儿，体格稍微大的人就坐着不舒服，平常我就一个人开，后排大不大无所谓啦。他的配置倒是挺不错的，有空调，有倒车雷达，还有车联网，只有一个屏，既是仪表盘也是中控屏。当然，最满意的还是它的价格，这个车的价位是77800，最后给我优惠了16000元，下来是61800，然后买了个全险，花了2900，再加上上牌上户的300，一共就花了这么多。我开了这多半个月，感觉挺好的，车特别容易操控，总体感觉来说挺满意的。
最不满意: 我最最不满意的是这个车没有一点点后备箱，平常买个东西可以把后排放倒放东西，但是后排坐上人就一点儿东西都放不下了。
空间 3: 这个车的驾驶室空间挺大的，坐着挺舒适。但是第二排坐着就有点儿憋屈。后备箱就没有后备箱，他的后备箱只能放个充电枪。放小零碎儿的储物格儿倒是挺多的。
驾驶感受 4: 这个车开起来还是挺稳的，平常就是六十迈左，起步的话也没有直接窜出去，开起来很灵敏，而且他特别好放在我们公司，随便找个小位置就放下了，非常方便。
续航 4: 这款车的续航是305km，我平常也没有给用完才充过，大概的话也能跑到280左右。买这个车的时候送了一个充电桩，是个7kw的，在家里差不多是四五个小时能充满，在外边儿快充站的话是一个多小时， 感觉还好。
外观 4: 我挺满意他这个外观的，是一个纯黑色的，看着充满未来科技感，很有潮流赶和时尚气息，刚开始开到公司的时候，很多人问我这是什么车？太酷了。他们都挺喜欢的。
内饰 4: 里边的内饰也是一个黑色的，它的所有显示功能都集中到了一个10.25英寸的仪表盘上，配有一个双辐式的方向牌，科技感满满。座椅都是皮质座椅，手感不错，舒适性也很好。就是第二排不好上，得把前排往前放才能上第二排。空调的话，它那个出风风量有点儿小，要开时间长点儿才能感觉到凉快。
性价比 5: 性价比倒是超高，我觉得优惠挺多的，指导价是77800，给我优惠了16000，下来是61800，续航300km的有快充，价位在6万多的，我感觉这个还可以了。保养首保是免费的，以后的保养也就是100来块钱，啊，他的服务也特别好，全车给我检查了，然后才让我提的车。
智能化 4: 这个车可以在手机APP上远程控制打开车门儿，有倒车雷达，有导航用着还挺好的，可以语音打开空调听音乐，语音打电话，这些功能都挺好用的。",4.0,autohome_incremental,False,autohome_incremental|unlabeled|mid,,,,,,,,,,
迈锐宝XL,01jfw1qhhs6mtk4c9s6ww00000,2024-12-24 00:00:00,"最满意: 大宝外观帅的不要不要的，当初在汽车之家上面看到迈锐宝xl就被外观所吸引，后面就在上面询价，直接去了店里，现在想想咋没多去几家店看看，销售人员上车时介绍的时候，我感觉内饰还不错（可能是我第一部车吧），仁者见仁智者见智吧，还可以的，物理按键很方便实用。动力高速上也是随叫随到，在当时也是最强买菜车了喔
最不满意: 迈锐宝XL小毛病太多了，低速顿挫二三十码突突的，一闯一闯的，挂不上P档呀，高位刹车灯裂了，但是没有漏水，A柱有电流滋滋滋声，挂不上P挡，高压油泵，燃油模块，有的遇到了，有的没有遇到，不知道后面会不会有，人无完人，车无完车。
油耗 5: 想要马儿跑，得让马儿吃得饱。
外观 5: 刷视频，看到五颜六色的大宝，心里还是很澎湃的，没有去改。
内饰 3: 内饰仁者见仁智者见智，我觉得还不错，没有那么丑，
性价比 4: 性价比很高，辨识度也很高
配置 3: 三大件妥妥的没毛病，2.0/9AT，Lsy的发动机说烧机油，确实是有一些，但是正常保养都无所谓啦。",4.0,autohome_incremental,False,autohome_incremental|unlabeled|mid,,,,,,,,,,
皓影新能源,01k8jhx7by6mvk2dss60t00000,2025-10-27 00:00:00,"最满意: 外观不错，空间大，操控也很好，加速有劲，续航无虚标。
最不满意: 电池小，纯电里程低。高速噪音大，但是馈电油耗不错，不急加速保持在800-100速度很省油。东莞回湖北满油满电基本能到，不需要中途加油。",3.29,autohome_incremental,False,autohome_incremental|unlabeled|mid,,,,,,,,,,
福瑞迪,01aa3d451k74tkac1s6m000000,2020-12-25 00:00:00,"最满意: 性价比确实是比较高。
最不满意: 车漆实在是太薄了，一不小心，油漆就被伤到了，可能金属底色就露出来了。
空间 4: 同价位中算不错了。
驾驶感受 4: 同价位里，出类拔萃了，大众高尔夫1.6L的发动机马力才110P，福瑞迪已经达到123P。点个赞
操控 4: 操控算是能接受的范围内。
油耗 3: 对于我来说，油耗稍稍偏高，但是也算能够接受吧。
舒适性 4: 舒适性尚可，一次开过8小时，没觉得累。
外观 3: 仁者见仁智者见智，本人觉得还不错，14款哪儿都不错，就是前脸没有12款好看了。
内饰 4: 实用度高，简洁大方。
性价比 5: 性价比真的是高。
选择这款车的理由: 同价位性价比最高！！先前也一直逛各种论坛，对比各种车型的外观，性能参数，内饰，实用性等等，当自己真的决定要购车时，一直拿不定主意要买什么车，当然也考虑过德系大众高尔夫，POLO，美系雪佛莱别克，日系阳光，老轩逸昂科塞拉等车型，经过一番对比，油耗，实用性，动力等等各方面，最后选择了起亚福瑞迪。油耗优于雪佛莱景程别克凯越等车型，目前两次保养之后基本在7.4左右，不过本人行驶的路线在外环，中环比较多，拥堵路段相对比较少。但油耗明显不如日系的阳光和德系的POLO等车型省油，朋友开POLO，昂科塞拉等车型，油耗不满6个，且拥堵路段比我的多。目前驾驶福瑞迪还不满一年，公里数快到一万公里了，磨合的差不多了，觉得动力还是比较给力的，但是操控欠佳，可能因为车身高度和重心高度偏高的原因，加上车重才1.2吨不到，所以高速过弯的时候确实信心不足，另外一点，福瑞迪的车漆实在是太薄了，目前引擎盖上已经有一块油漆脱落了，露出了金属底色，看上去像是在行驶中小石子弹到的。车尾保险杠也有几处比较深的划痕，应该也是石子或者树枝刮到的。总体来说，福瑞迪还是让我很满意，无论外观/内饰，动力，舒适性，都觉得能够满足我的日常代步需求了，偶尔长途自驾游也没有问题。
油耗: 城市道路夏天开空调大约在7.6-7.8左右，不开空调在7.2左右，油耗相对一直都比较稳定。
保养: 正常大小保养都会做，机油机滤空滤，35000公里的时候更换了火花塞换了依金火花塞用到80000公里时候再次更换。气门室盖垫更换过一次，个人觉得是被修理厂忽悠换的，其实肉眼都看不到漏油，手摸上去也很干爽。其他都是常规保养，刹车很耐用，一直到现在都还未更换。（很少高速，几乎全程都是城市用车）
故障: 目前没有任何故障，非常棒，从没有把我撂在半路。
吐槽: 综合各方面来说，这台福瑞迪在我手上已经开了五年半了，没有任何不顺手的地方，唯一唯一要吐槽的地方可能就是车漆比较薄吧，这是在新车的时候就提到过的，因为日常驾驶，还是会遇到一些货车之类的，有一些小石子崩一下，就会出现划痕，甚至掉漆，整体日常养护我还是做的比较到位的，自己还是会经常手工洗车和打蜡。",3.88,autohome_incremental,False,autohome_incremental|unlabeled|mid,,,,,,,,,,
别克GL8新能源,01kbary1526mvk8dsh6cwg0000,2025-12-01 00:00:00,"最满意: 整体用下来，这台陆尚在我心里更像是“家用工具车里的完全体”。之前家里从进口高尔夫纯电、特斯拉、ID.3 到 ix3，把常见新能源都折腾过一圈，城市通勤都挺好，但一遇到节假日全家出远门，空间局促、后排难受、续航焦虑这些问题就被放大。换成陆尚之后，这些痛点基本一次性解决。
  空间和舒适是它最大卖点。二排是真的能当“头等舱”用，长途可以躺平追剧，三排成年人坐几小时也没问题，全家跑景德镇、洛阳、成都那 6000 公里，没有人喊累。再加上不错的静音，高速巡航时车里聊天、听歌都很轻松，这点比我之前那几台车体验好一截。
  城市里用电通勤，能耗表现也挺稳。我成都市内基本纯电跑，车这么大，电耗没吓人，用车成本算下来比以前那几台新能源也不高多少。混动逻辑适应一下就还挺顺手，适合既要带家人，又不想天天跑加油站的用户。
最不满意: 槽点也有，主要集中在驾驶辅助上。跟车减速有点生硬，快车道行驶时总觉得车身略偏左，电驱状态下踩刹车退出辅助再给油，会有一小段类似“空挡”的迟滞感。这些细节对习惯了宝马、大众那种调校的人来说，会有落差，希望后期能靠 OTA 打磨好一点。
空间 4: 陆尚空间表现非常优秀，二排如头等舱，三排成年人长途也轻松；全车储物丰富，后备箱装载能力强，真正满足全家出行需求。
驾驶感受 5: 驾驶感受偏家用取向，油门调校平顺不突兀，底盘过滤舒适，高速巡航稳定感不错；但辅助驾驶介入生硬，再加速有轻微迟滞，整体更适合稳稳开而不是追求激情。
续航 4: 续航真的不错！可油可电毫无压力！
外观 4: 陆尚外观稳重耐看，线条简洁不浮夸，实车气场更足，停在地库低调但有品质感，越看越顺眼的家用 MPV 风格。
内饰 4: 陆尚内饰温润耐看，材质触感舒服，中控布局简洁不乱，大屏体验顺手；座椅支撑和包裹感都不错，整体舒适氛围很到位。
性价比 4: 陆尚性价比算是亮点，空间、舒适性、能耗表现都对得起价格；置换补贴和国补到位后落地更划算，长期使用成本不高，是家用 MPV 里比较务实的一款。
智能化 3: 智能化短板比较明显，驾驶辅助跟车不够柔顺，刹车退出后油门存在迟滞；界面逻辑偏粗糙，细节打磨不足，整体体验与同级合资品牌有差距。",4.0,autohome_incremental,False,autohome_incremental|unlabeled|mid,,,,,,,,,,
宏光MINIEV,01k7r99w0d6mvk2c1k6ctg0000,2025-10-17 00:00:00,"最满意: 我觉得续航还可以，续航标称215km，实际跑下来，我在市区正常开，开着空调、听着音乐，百公里电耗大概在9.7kwh，能跑个一百七八十公里，一个月充电费也就百八十块，比开帕萨特省太多了。然后是停车方便，车身小，在市区里找停车位，别人停不进去的小空，我一挪就进去了省心了。
最不满意: 内饰塑料感是真强，内饰看着有点廉价，像老头乐差不多，跟外观的可爱劲不太搭。我想要黑色内饰座椅织物的不好清理已经撒上饮料了，操控性也一般，车身高，轮胎又小又窄，过弯或者遇到不好的路况，得特别小心，急打方向或者雨天猛加油都不敢。还有隔音，是真差，跑起来胎噪、风噪全进来了，速度稍微快点，跟旁边人说话都得提高点音量。
空间 4: 前排还行，不憋屈。但后排就很局促了，长途肯定不行。后备箱空间也小，放个背包、买点菜啥的还行，稍微大一点的东西就装不下了。
驾驶感受 4: 开起来很轻巧，方向盘不沉，女生开没问题。加速很平顺，毕竟是电车，起步响应很快。但速度起来后，动力就一般了，高速上超车啥的别想。底盘有点硬，过减速带或者坑洼路面，颠簸感挺明显的。还有就是刚才说的隔音差。
续航 5: 电耗续航方面，在市区通勤，百公里电耗大概9-10度，续航170问题不大当然不能开太猛，如果按照我家充电桩每度电0.56元来算，一公里也就6分钱左右，比油车省太多了，这也是我最满意的一点。充电也方便，家里能充，外面充电桩也能充，快充也能支持充满也快1个小时了。
外观 5: 外观是真可爱，圆乎乎的，大灯和车尾设计得都挺俏皮。车身颜色也好看，我选的白色，干干净净的，挺适合女生开，我对象偶尔也开这台车。
内饰 3: 内饰就像我之前说的，塑料感太强中控台也不给个显示屏还得自己改装，就一个仪表盘显得廉价。中控那些按键啥的，设计得挺简单，操作起来不复杂，上手快。
座椅是织物的不好清理，千万别和我一样撒饮料，不然时间久了就会变成地图了，织物坐这还比较舒服吧感觉皮的要到了冬天会很凉的。
智能化 3: 智能化没啥比较差，就是基础的电动车窗、遥控钥匙，胎压监测，驻车雷达只有后面的，自己花钱装了倒车影像。",4.0,autohome_incremental,False,autohome_incremental|unlabeled|mid,,,,,,,,,,
宏光MINIEV,01katayg5k6mvk6e9m60w00000,2025-11-24 00:00:00,"最满意: 家里有台油车，但市区上下班堵车又费油，就想整个小车代步。去年看中宏光MINIEV进阶215，颜值卡哇伊，价格也合适，果断入手。现在开了小半年满意点也比较多最大感受就是停车方便，我们小区车位紧张，这小车随便找个空就能停，再也不用为找车位发愁。平时上下班代步，一周充一次电，电费才几块钱，比开油车省太多了，买这车确实比较满意，省心省心❤️。
最不满意: 提车时保险捆绑销售必须店里买保险太贵，另外储物空间不多，四门的储物太小，放水杯放不下，小矿泉没问题，后备箱放个充电器就行了。
空间 4: 空间前排俩人刚好，还有富余。偶尔带三个朋友短途出门也能挤挤。反正后排空间不算大，大人坐进去很憋屈。
驾驶感受 4: 车比较小开着特别好上手。动能回收力度很足，只要预留够距离，刹车都很少用。
动力方面，起步挺猛，上了90公里后就有点力不从心了，不过市区开也很少超70，够用。满载四人的话动力就有点拖了，不过这种情况不多，一般2人最多了。
续航 3: 续航215公里基本能跑到170已经算最高续航了，如果手法不好也就150了，电耗低平时都是9.6左右。通勤代步遮风挡雨没问题。
外观 5: 外观是真好看，特别卡哇伊，审美符合要求。开出也是大道上最亮的车，朋友都说这小车不仅省钱，代步也贼拉帅！
内饰 4: 内饰很简单，毕竟价位在这，座椅舒适度还可以，没有车机更别提智能方面了，，买这车我觉得一般都是不看重配置，主要是为了通勤省钱。
性价比 4: 价格很亲民，市区代步车很划算。现在油车加这小车的用车成本，比以前只开油车少了很大支出，，性价比确实也可以。
智能化 3: 配置不算丰富，不过音响还不错，蓝牙连手比直接用手机外放强多了。有后驻车雷达，而且配置支持快慢充，慢充来不及，就去快充桩充，半小时差不多能到百分之60也挺方便。",3.86,autohome_incremental,False,autohome_incremental|unlabeled|mid,,,,,,,,,,
勇士,01e3spc39p68wkgcsp60sg0000,2025-02-07 00:00:00,"最满意: 空间很大，外观比较硬朗，一般轿车前后塑料保险杠这个车是铁质的，一直就特别喜欢勇士，年轻的时候买不起，现在攒够钱了，买上就买了，别的牌子的车都没考虑。 我对内饰方面没有太高的要求音响好不好，有没有分区空调什么的都不所谓。
最不满意: 小毛病很多，漏风但不漏雨，买来把所有漏风的地方都堵住了，2.0t的发动机动力还是有点弱，新款2.4t的听说动力还行，后悔没在等等买2.4t的了，2.0的路上超车舍得给油也还可以，没有网上好多人说的那么费油，我现在加260块汽油能跑430公里左右，我家这边加油站优惠完了4.9一升。 没有重度越野过，去过一次延庆西山沟越野场地，还没有完全建好，只要是进入了不想玩了退不出来，没修退路，只能一条道走到底，成功出来以后感觉死里逃生了一样，我个人建议下雨下雪千万别去，里面都是黄土，变泥坑了肯定出不来，地上看到了好多汽车零件。想去的可以私信加我我给你发地址
空间 5: 空间很好，后备箱很大，能装很多东西，家里好多放不下的都放在我车里，儿童和成人的滑板车就放了3个
驾驶感受 4: 动力只能说够用，挂上低4，2档起步脱困动力无敌
操控 4: 很好，民用的是螺旋弹簧减震，舒适度提高了很多，越野强度下降的很多，没有前后硬桥的结实
油耗 4: 没有网上说的那么费油，12个油左右，越野油耗除外，买这样的车不要在乎油耗，纠结费不费油的问题，闲费油就买电动车吧，不烧油烧电。
舒适性 3: 买这车就不为了舒适，也不可能舒适，开了一年多了颈椎病好多了，有肾结石的可以做做，保准颠好。
外观 5: 硬朗，挡风玻璃有两块要是碎了一块还能继续开，其他车不行
内饰 3: 几乎谈不上内饰，后期自己加装的导航倒车影像什么的，之前没装后来倒车把小超市门口遮阳棚撞塌以后当天下午高价安装，清晰度不错。
性价比 1: 性价比不高，保有量太低，买来以后问了身边收二手车的哥们6年以后能卖多少钱，他们都没回我，我也没好意思再问，那就开到报废吧，初步决定等到东风猛士出民用版了再换猛士玩玩，现在的猛士柴油北京不让上路，上外地牌照我又没有勇气，现在猛士民用太丑了。勇士还是很硬的，男人就应该硬点不是吗
选择这款车的理由: 选择这个车主要是原自己年轻时的一个梦，其实有很多别的选择，主要是现在不买等以后肯定后悔，适不适合自己只有拥有了才知道
挨撞: 记录一下勇士第一次被别人撞得经历，之前想写老忘，现在想起来的赶紧补上。
 事情发生在今年6月份，我停好车准备在车里抽根烟再回家，在低头拿烟再抬头的时候突然发现一个哥们正在往我车位这里倒车，这时心里想这哥们是什么路子，勇士这么大的车停在车位里看不到吗，国家好像规定近视眼瞎到了一定程度就不能开车了，突然哥们加速了，在我声嘶力竭的骂街声中撞上了，估计他以为我大声喊是在给他加油呢！
 我很气愤的下车了走到了他的车边也没顾上看看车损，看到他还冲着我傻乐，这时他下车像我赔礼道歉说挂错挡了，我无语了，他车前是树林，后面是我车，挂前挂后都都没戏，挂蹦档差不多，最后看在我的车损不大的份上也没让他修车，最后还帮他停好车。
 下面图片就是双方车损情况。我的车花了6块买了个自喷漆修好了。",3.63,autohome_incremental,False,autohome_incremental|unlabeled|mid,,,,,,,,,,
沃兰多,01dvd2ds0868w3ecsh68wg0000,2025-03-03 00:00:00,"最满意: 1）空间巨大，第二排座椅还能前后调节，靠背角度还能调整倾斜，简直完美；2）动力强劲，从乐风的93匹马力，暴增达到163匹马力，杠杠滴，老婆坐车不多，直言有推背感。我可能开的车子多了，没啥感觉。3）后备箱开口大，得益于两厢造型，堆大件行李很方便。
最不满意: 1）做工实在是有点差，副驾驶密封条有点寒蝉；2）相比乐风，有些部位减配明显；3）国六车型低速行驶，有低频噪音，据说来自于为了满足国六标准的某配件。
空间 5: 第一排空间足够，第二排能前后移动和靠背调节，第三排把中排前移，足够坐小孩和女生。
驾驶感受 4: 虽然是三缸发动机，虽然涡轮起步时不是强项，但介入后真的挺猛的，呵呵！老婆觉得三缸声音不难听，还有点小刺激，哈哈！我觉得相比以前的乐风，保持某个不小的油门角度，乐风从0-70还是挺轻松的话，沃兰多从0-120挺轻松的。尝试过提速到132公里/小时，还是很轻松的事情，动力作为家用，是足够了，呵呵！当然现在新车，满载空调开空调还是没试过。我跑高速是一家三口，开空调的状态。
操控 3: 竟车身比以前的轿车高了，以前乐风在轿车里面也矮，也有1.5米，盘旋上下闸道，时速80也敢，现在开沃兰多不太敢，毕竟车身高度达到了1.63米，呵呵！感觉新车还是悠着点为好。
油耗 4: 毕竟1.5吨车身，不能要求太高吧，合理。
舒适性 4: 新车还是一切都好！底盘也挺有韧性，挺有质感，虽然比不上B级车，但A级车内还是可以。车内各种配置也很合理，比乐风是进步了至少15年，哈哈哈哈！
外观 4: 外观很满意，结合了休旅车的外观、MPV的空间、SUV的前脸，很喜欢。就是接近角有点小，资料才15度？
内饰 3: 前两天发现密封条装配拉跨。差评。但是去4S上牌，发现也不是每辆都这样，晕！
性价比 5: 自己买的总归夸好呗！何况动力和空间都满意啊！
选择这款车的理由: 第一辆车 乐风。除了后排空间，几乎全满意。对雪佛兰印象挺不错。迈锐宝XL车身太长，4.9米不适合老小区停车；探界者太贵，落地下来的价差，够孩子补课、够家庭旅游，够过年花销，总之省钱的诱惑太大，本质是自己太穷。
油耗: 由于我基本上是在周末用车居多，而且城市高架、环路占大多数，因此平均油耗是8个。相比较以前的乐风，那肯定是高点，以前乐风基本会在7.5上下，总体在动力输出强很多的前提下，油耗还算可控范围内。不过我也相信市区堵车状态，会很费油，所以近期也在尝试不关闭启停了。
保养: 3700公里了，暂时没考虑去做保养，准备5000公里或者半年了再去呗！这个不急！
故障: 之前在千岛湖自驾，上车后把钥匙放在了驾驶员侧的门板上，结果没有被识别出来，导致车辆不能启动。之前的乐风是机械钥匙，我这个10年16万公里的老驾驶员，也无可奈何，哈哈！只能联系销售，关闭电源，把钥匙拿到中控排挡后，然后启动就行了，虚惊一场~~~~
吐槽: 随着驾驶时间越来越长，对车子也是越来越熟悉。总体觉得冬天的空调制热效果，没有以前乐风那么给力。坐过几次专车，车型有轩逸、威朗，感觉轿车的确是比沃兰多大两厢车里面热，难道空间越大，制热效果越差？？
油耗: 截止目前每次加油都做记录，平均油耗在8.3升/百公里，还能接受。
保养: 在4S做了一次免费保养，确认了只要在4S有了记录，发动机就是8年16万公里的政策。由于是疫情期间，保养车辆并不多，无需预约，半小时就保养完毕了，用的也是4S的全合成机油，反正首保免费，姑且用着所谓的原厂机油吧。保养完毕，目前感觉行车噪音比之前稍大，也不知道是换了机油呢，还是我油门踩的狠了，呵呵。
故障: 目前6500公里了，暂时还没有发现有什么故障。但有时候在粗糙的路况下行车，主驾驶开窗，的确底盘传来的嗡嗡声多一点，据说是国六版本增加的什么装置发出的声音，低速滑行下居多。
吐槽: 这车的离地间隙不算很高，也从侧面印证了其并非SUV，而只能算两厢休旅车。尤其从照片看这前唇下方的扰流板，几乎蹭到地面了。实际在去佛罗伦萨购物小镇的停车场，上坡时候，的确剐蹭到了这个扰流板，说明离地间隙真的不高。以前总听说杰德离地比较低，其实沃兰多也半斤八两，就是普通轿车的水准，我觉得还没有我以前乐风离地间隙高吧~~~~
油耗: 现在夏天了，开空调市区内油耗总归9个多，偶尔超过10一丢丢。高速上的话我一般也是开着空调跑，油耗也在7.8左右，反正不到8个油。比之前的A0级小车，那是基本多1.5个油/百公里，在预期范围内，能接受。说实话，有车的生活已经10多年了，油耗已经不怎么在乎了，反正总归10个以内，偶尔超过10个，基本不当回事，该狠踩油门就踩，该开空调就开。我觉得我今后是要上2.0T动力的，所以这块都能接受。
保养: 就在5500公里的时候，去了4S给爱车做首保。最近4S打了我两次电话，说保养间隔时间到了，我就回答知道了。反正下次保养在1万公里时候再去，现在才8千多公里，不着急。
故障: 目前为止没发现什么故障。
吐槽: 之前人们总说通用的自动变速器 傻，当时开着手动档，也没啥体会。即便买了沃兰多，也是正在兴奋头上，所以没啥感觉。自从这行驶里程来到了8千多公里，我觉得感触开始渐渐有了。松油门滑行，以前我手动档直接就空档了（危险不提倡），但是我还是觉得这样又快又省，毕竟没有发动机反拖的制动力了，能一直以极低的油耗不断往前。即便车流量大，我滑行时候也尽量挂最高档5档，这样滑行阻力小。这些老司机都知道啊~~~~但是通用这个6AT，丢油门很久了，就还是以原来的挡位滑行，一不会空档、二不会升档减少滑行阻力、三居然连我手动模式升档都不行。。。。我也知道电脑是不会给我空档的，那么好歹在滑行模式下升一档减少阻力啊，就眼睁睁看着维持原来转速，然后车速不断下降，转速也下降，最后转速一直低下去，就自动降档，转速往上一抬，继续保持更大阻力滑行，期间我都没踩油门，这种设置，怎么会省油呢~~哈哈哈哈~~~~据说大众双离合懂得空档滑行？？？以后我要去试驾试试看，也不知别家变速箱，丰田、本田、马自达是怎么样的节奏？
评价: 刚刚自驾游回来，来回780公里，全程我一人驾驶，某些路段限速80，那我维持时速80（转速在2350转），某些路段限速120，我就顶着120驾驶（转速2550转），这就是变速箱不肯升最高档的坏处，时速80在5档、时速120在6档，转速相差居然不大~~~这变速箱逻辑感人，难道是因为三缸，怕时速80升6档会带来三缸之震动？不得而知啊！不过后备箱空间大，后排座椅多角度调节还是好评了。毕竟乘坐体验比原来的轿车舒服多了，连续驾驶4.5小时，我也不是很腰酸背痛，原来的小轿车毕竟A0级，早就坐的不舒服了，这个还能行驶中电动调节座椅，稍许变换下驾驶姿势，挺舒服的，这点很满意。1.3T的发动机，现在身体已经适应了这种加速力度，因此虽然觉得开的爽，但是没以前那么给我加速爽快感了，哈哈哈哈！高速上80提速到120，就是一口气的事情，感觉不拖沓（相比以前的乐风），明显脚下踩下去，转速提上去，转眼没多久，时速就达到120了，再往上去到130超车，也是很利索的事情，再往上就超过限速20%，我不太敢尝试，毕竟没必要和钞票过不去。这次自驾，还尝试了将方向盘设置成标准助力模式，想比平时市区内使用的舒适助力模式，标准助力模式更适合高速，手感很稳重，单手驾驶也很放心，毕竟方向转向明显变重呀。但是下到地面，在市区内拐几个弯，就嫌这个助力模式太重，手酸~~~赶紧调节会舒适模式，反正市区和高速切换下就行。总的来说用车还是挺满意的，空调制冷效果也挺满意，夏天启动后开到3格，之后高速上就开1格风量制冷，一家三口也就行了。希望保持良好状态吧~~~~
油耗: 城市路段上不封顶，毕竟开空调、满载、路况都会有负面影响。使用小熊油耗记录，最高在夏天开空调堵车，到达过接近11升每百公里，也就那么一次。其余时候夏天开空调都在10个油以内。高速路段给到我惊喜，上周自驾出游，在高速上跑不快，先是以时速100驾驶，后段用时速120驾驶，路程在600公里以上，结果跑出了6.04升的“超低”油耗（看在163匹马力，1.5吨车身重量的份上）。对我而言之前的乐风，在高速也无非就是这个最佳油耗了。
保养: 保养我要吐槽一下，我本以为这次所谓的大保养，就是：更换三滤、外加更换空调滤芯。没想到4S在放机油之前加了个清洗步骤，我以为是和放机油同步的动作，就答应了~~~~然后我2年没有清洗空调，这次又加了清洗空调，结果费用达到1680大洋~~~~~天哪，这还是A级两厢轿车（沃兰多官方定位）车型吗？即便去掉清洗空调和机油清洗步骤，单单更换三滤、机油、空调滤，算下来也要1200多元，真心不便宜，敢情雪佛兰把车价优惠都要在保养中赚回来~~~~
故障: 目前无
吐槽: 就是吐槽本次保养吧~~~~~其余用车都挺满意的啦~~~~
油耗: 最近开空调了，油耗上去点了。平时高架路段走得多，车显油耗会到6.5-7这个区间内，实测油耗也在7.7-8升之间，总之这个油耗还是挺不错的，毕竟也是7座车，裸车净重就有1.5吨。靠着3缸1.3T能拉动再维持这个油耗水准，挺不错的了！表示还算满意，毕竟不能开着沃兰多，还和人家小轿车去比较油耗吧！
保养: 常规保养而已，都在4S店进行。
故障: 低速时候转动方向盘挪车，会有“咯噔”轻微异响，同时手感略微卡滞！看车友会在质保到期前更换，我也懒的换了，听说换好了过1年还会这样！
吐槽: 买之前试驾几次觉得动力还是足够的。现在开多了觉得变速箱反应还是慢、低速状态还是挺无力。尤其是刹车后减速到时速20左右开始提速，油门踩多了容易窜、踩少了车子又不走。挺容易在这个片段被人插队～～～速度上来之后倒是加速挺充沛的，也算小排量涡轮的遗憾吧，2.0T肯定不这样～～～
油耗: 城市道路拥堵走走停停，基本在8.5-10之间的油耗，开空调会再高一丢丢。高速路段控制时速在100-110，会比较低，在6.0-6.5区间；如果时速120，在6.5-7.0区间。综合油耗在7.98升/百公里，这是我小熊油耗记录显示的平均值，还算可以，达到心理预期。
保养: 至今就是正常保养，外加4万公里更换刹车油。4S更换价格是比较贵的，刹车油更换（材料 工时）花费小1千，再加上当场的小保养，4万公里保养花费1千6吧~~群里面有的说通用变速箱，最好尽早更换变速箱油，但是说明书和4S又说8万公里更换，一时也比较糊涂，也是第一次开自动挡汽车，再看看吧！
故障: 我用车也比较仔细，目前没有出现过让我糟心的故障。唯一就是车子在停车场，旁边被“爱猫人士”放了猫食，结果野猫钻车子里，破坏了我的隔热棉还是隔音棉，问了群里大神和4S技师，都说没关系。同时引擎内盖也被野猫爪子磨破了，真是气人！
吐槽: 与爱车相处的第四年，已经动了换车的念头了，有时候不禁埋怨自己，当年心急为啥要换1.3T的沃兰多，再等个1-2年，说不定就能换2.0T动力的星瑞或者星越L了，2.0T的动力多赞啊，梦寐以求啊~~再仔细回想下，当年也不是没有2.0T的车子，荣威RX5、哈弗H6、长安CS75都有高配2.0T，只是价格15W往上买不起，事实当年选择国产车2.0T也不多！而在接近2.0T排量的车子，自己又买得起，吉利博越算一个。其1.8T其实在当年，在排量和马力（184匹）也已经很接近低功率的2.0T了！但自己没有选择的原因就是油耗，动辄10个甚至出头的油耗，让当年的我感觉沉重。时至今日，虽然感觉勉强能负担10个油的油耗，但和一众新能源插混、增程那种动辄6个油相比，似乎油耗差距反而更大了，算下来每年1万公里差不多相差3千大洋不到点~~~有时候很迷茫，到底是坚持排量“越换越大”的梦想，去上一台2.0T呢？还是就此拥抱趋势，让排量“停滞不前”选择个1.5T的插混增程？既喜欢大排量，又喜欢带电的低油耗，纠结~~~好在沃兰多目前服役4年，正值当打之年，短时间也不可能动卖了置换的心思，虽然排量、三缸，多少让我有点小小的耿耿于怀，但是其内部大空间却一直让我满意，毕竟车子年限老了，动力会缩水、配置会过时，但空间实打实永远在那里！
评价: 春节刚过自驾游归来，上海-南昌-长沙-岳阳-景德镇-回家，一圈2677公里，总体表现还是挺满意的，就是车子开久了，对于低速下动力响应觉得慢了，尤其是开了别人的电动车之后，越发觉得沃兰多这种小排量涡轮在油门响应上的差距。不清楚如果是2.0T是否在油门响应上会有提升。
油耗: 高速时候，维持速度在100-110，比较省油，在6-6.5个油；市区里面，开空调、堵车（均速10以内），基本在10个油。
保养: 雪佛兰4S店，在上海也关闭了好多。当然也没啥可以担心的，毕竟通用大牌子。还可以在别克4S做保养，GL6本是换壳车，即便英朗也是同样K平台产物。保养价格方面，以前在纯雪佛兰4S店也不算便宜了，现在别克4S店，同样都是保养一次700左右价格。这就是恶性循环吧，再往后，我也考虑外面保养了，500以内搞定，毕竟也不算精贵的车款。
故障: 大小毛病无非就是：转向系统在低速时候略有卡滞，据说是十字节的问题，我反正不高兴拆车，也不去管，目前好像也不怎么碍事。真正觉得烦人的倒是油表显示。一共8格，加满油不显示满格，给我显示7格；然后即便偶尔加满油到了8格，跑了20公里，区区20公里，就会掉一格油，反正我也无感了。满箱油市区跑足450公里再去加油，我也不管怎么显示油耗低、一格油都没有，反正我就跑到450公里去加油。
吐槽: 这几年跑过几次自驾游，来回都在2500公里以上。上海-山东半岛、上海-江西-湖南、上海-福建。基本上出发当天都是要跑700公里以上的，车子动力在高速上还是基本够用，短暂提速到150 也没问题。感觉通用这款1.3T引擎，配沃兰多一口气提速到130，还是挺轻松的，再往上就是要深吸一口气再提速了。同样7座体型更庞大的皇冠陆放，去年在青甘大环线驾驶过，因为综合218匹的马力，一口气提速到160都很轻松。这里面还是可以看出动力上的差别。另外在市区里面，就不要苛责这款发动机太多了，小排量涡轮的种种劣势，一个没有落下，油门轻点没反应，重踩就窜，跟车时候，尤其是插队防插队，挺难控制。我这些年也是看着国产车的进步，感叹其实这个三缸1.3T，做增程器的话，其实应该很不错啊，马力足够，发电应该很合格，市区里面呢就交给电机驱动吧！在国外尤其欧洲，挺多人接受小排量涡轮，可能是因为人家路况好，秩序好吧，不需要频繁的起步，所以也不太会感受到小排量涡轮起步时候的种种无力感。总而言之，沃兰多空间很棒但车高略有不足（1650就好了）；车宽也稍微窄了点（1850更佳）；动力高速够用，市区凑合；配置现在看是落伍了，没有360环影只有倒车影像，没有ACC自适应只有定速巡航；LED大灯还是值回票价。在我购车的2019年，还是能打，结合这个价格还可以，现在不行了。残值也低，群里好多人卖出去也就3万上下，那么还是留在手上吧，毕竟不买就省钱，日常上下班也不怎么开，每年跑跑自驾游还是能够胜任。实在太远或者时间不够，飞过去租车也是一种方式。在这个电车当道的时代，手里有台车，等待固态电池就行了，希望自己耐得住寂寞!",4.0,autohome_incremental,False,autohome_incremental|unlabeled|mid,,,,,,,,,,
小鹏P7,01h8x5gt7r6mrk4csj68vg0000,2023-08-28 00:00:00,"最满意: 最满意的地方，我想了想也就是空间了。说实在的，小鹏P7这款车它的缺点比较多，优点还真就是没有多少。唯独就是空间还说得过去，可以满足我们一家人对于空间的需求。其他的方面就那样吧，反正整体来说这个车表现的很一般般，没有达到和它价格相符的水平。
最不满意: 要说不满意的地方，这台车子还真是不少。比如说刹车有顶神经质，感觉不好，还有就是新车的味道特别明显。
空间 4: 因为尺寸在这摆着，所以它的空间还是可以的。比如说后排，也有个差不多两拳的腿部空间，头顶的话还有个全景天窗，这样也算是能够让车里面的空间显得更通透一些。至于后备箱的空间，临时来说也够用了，没觉得有啥拥挤的。
驾驶感受 4: 作为一台电动车，小鹏P7的刹车的脚感我觉得有点问题，特别是刚开始踩下去的时候，它的反应有点过于灵敏了。这样的坏处就是一刹车，车身是肯定会出现明显的点头前倾现象，感觉车子不是特别稳。
续航 4: 官方说是这台车的续航能有586km，但是实际上开下来完全达不到这个数。百公里的耗电量在开空调的情况下，经常动不动就到15kWh。这对于一台电动车来说，肯定是算不上多么好的。毕竟能耗太高了，续航就明显缩水了。这样的话平时充电的频率就比较高，没办法，买了电动车就是充电这方面确实是有点繁琐。如果续航能再长一点，不要缩水那么厉害就好了。
外观 4: 外观的部分，前面和车尾的设计还是说的过去的，但是不太好的就是它的侧面的处理，轮毂用了燃油车一样的造型，没有采用电动车常用的低风阻设计，和整个车的设计风格有点不搭配。
内饰 4: 抛开设计不谈，这台车在新车刚买回来的时候，车里面的那个味道简直不要太明显了。特别是晚上在地下车库停一晚上，早上起来一开车门那个味道绝对会让你感觉特别明显刺鼻。
性价比 3: 关于性价比的部分，我觉得勉强还可以接受。但是其他的方面这台车确实是有不少的缺点，现在我都有点后悔当初买了这款车了，真的应该多对比对看看，不该那么着急就订了它。
智能化 4: 说起配置，这台车我觉得也没有什么特别好的表现。一台二十多万的车，只有定速续航这样的最最基础的配置，什么高级别的驾驶辅助配置都没有。这样的价格，拿出这样的配置水准，我觉得小鹏P7真的是不太应该的。",3.86,autohome_incremental,False,autohome_incremental|unlabeled|mid,,,,,,,,,,
EVOS,01fy166e676grkjcsn74s00000,2022-03-13 00:00:00,"最满意: 最满意的当属外观，真的真的，这辆车的回头率绝对超出市面大多数车型，不说最亮眼，但是在路上开过去绝对能赚到部分人回头观望的眼光。提车第二天停在公司楼下也有很多同事在边上询问这款车型，当然大多数人都认为这是福特的一款新能源车。EVOS就像一辆SUV趴在地上随时准备起飞的感觉，长流线的造型加上ST版本运动套件，黑色悬浮顶，相信大多数审美正常的人都不会觉得难看。
最不满意: 目前使用下来相对不满意的就是车机系统，的确的确这块1.1米的大长屏能实现80%以上的功能。但是毕竟电子系统跟物理按键相比，bug实在是会有太多。目前也有其他车主讨论反馈，车辆启动以后音响音量默认恢复到6，这个是福特厂家的一个设计，也希望以后能听到车主真实的声音，因为这个6实在是太太太吵了，一点火从音响中炸出来的声音相信大多数提车后的车主都体验过。其他福特账号的登录问题目前也在逐渐习惯，综合来说，大毛病没遇到，小毛病有点也属正常。车机系统也希望在明年第一季度整车OTA升级中能够得到完善。
空间 5: 我净身高180，前排调节正常驾驶坐姿，后排差不多
有一 个小臂，顶部空间不到一拳，但是不会觉得压
抑，横向空间优秀，后排不系安全带会有自己能被甩出去的错觉，试驾的时候后排坐了两个朋友也说
这后排大的有点晃荡。后备箱深度可以，但是溜背造型势必会牺牲一点上方的储物空间，不拉货的情况下日常也绝对够用。
驾驶感受 4: 2.0T238P，动力输出根本不需要担心，只有过剩，
你也可以佛系经济模式，也可以运动模式暴躁起来。
前几天晚上很晚回家，边上一辆A4可能看我不太服
气，连着超了我几次，在一个红灯以后我直接切了运动模式让他看了看我漂亮的尾灯。
操控 4: 这个车转向还是有虚位的，相比锐际，可能锐际更是一台注重操控的车，EVOS整体调校都偏向舒适一些，但是并不是说这车不运动。动力相比锐际小了10P但是目前感觉不出来这10P的差距，整体提逵
过弯相当完美。
油耗 3: 目前开了500公里左右，没有太大的判断性，综合油耗11个，最近也是上班路上实在太堵，高架上都没有开超过60码。昨天跑了一趟机场，从新计数以后油耗掉到了10，说明这个车的油耗情况，在高速高架稳定行驶的路段还是比较良好的，估计首保后日常使用在9个油左右。也不用太相信工信部给的数据。
一般来说2.0T的车油耗都不会特别低，10个油左右还是能接受的。
舒适性 4: 驾驶位10向调节，副驾驶8向调节，带新风系统。悬挂偏舒适，但是过坎有反馈，过弯也明显有支撑，在操控和舒适方面是偏向舒适的，毕竟5米长的大车也没有那么灵敏的操控，但是绝不会让你觉得笨重。
外观 4: 外观不用过多赘述了，这车是第一眼看上就喜欢的那种，在今年上海车展第一次亮相就觉得外观无敌，是心目中非常满意的一款车，以后可能会把车的轮眉贴黑，做成首发限量版的那种轮眉，轮毂老婆劝住我了，本来也是想全部熏黑的，现在看看这种拉丝工艺的轮毂也还不错。
内饰 4: 能摸到的地方基本都用皮革包裹取来了，我的ST版本自带7色氛围灯，唯一缺点就是只有常亮，没有呼
吸灯
性价比 4: 价格还是贵了，我不是冲着这个外形，估计也不会去考虑，不过喜欢这种事情谁说的清楚呢，买就对了
选择这款车的理由: EVOS整体是一辆很不错的车，从外观颜值，到内部
装饰，到动力操纵，你说不出哪里有特别明品的不
足。目前提车半个多月，开了九百公里左右，最近路况一直不是很好，南昌很多地方修高架都在堵车，综合油耗卡在10下不来。还是那句话，EVOS绝对是辆你想让他快，他就能快起来的好车，只要你舍得你的油钱",4.0,autohome_incremental,False,autohome_incremental|unlabeled|mid,,,,,,,,,,
MG4,7599589982499508248,2026-01-26 16:59:59,目前提车快一个月了，说说感受：空间体验上确实够用了，后排坐三个人没压力，2米7多的轴距都可以跷二郎腿了，还有续航方面目前在南京室外温度5-6度左右，跑了几趟高速下来续航在280-300这个样子，基本速度在110了很不错了，外观方面东来紫的颜色很好看转弯半径小属于好开好看类型，还添加了好几个小的配件，前面风口，中控垫，扶手箱套，中控下垫，都是和内饰颜色很配的，改装了车子喇叭，无损安装的，送了接头可以直接分两个一接二的，可以很方便的安装成功,4.42,dongchedi_incremental,False,dongchedi_incremental|unlabeled|high,,,,,,,,,,
MG4,7611805849043865625,2026-02-28 14:57:47,"这个车空间特别大，然后续航也是比较高的，然后快充在高速上都没有问题，然后智能驾驶跑高速也很省心，然后外观也比较好看。各种模式就是就是下来开起来还是蛮舒服的。有就是经济模式可以省电，也有就是动力模式，就是开起来特别加速特别舒服。就是另外一个，因为它整个价格是很实惠，性价比很高嘛，所以有时候我自己不小心刮蹭了，相对来说也没有那么心疼，然后觉得很值。带嗯小朋友和老年人他们也都做的都还可以，都是蛮舒服的。他还有两个不足，就是没有小桌板，还有没有冰箱，没有那个按摩，但是在这个价位下已经很好了。

唯一的问题是自带的百度地图导航提醒会滞后，经常走冤枉路。我多个朋友和我们同时看了，确实按导航走是错的，百度导航会滞后。",5.0,dongchedi_incremental,False,dongchedi_incremental|unlabeled|high,,,,,,,,,,
MG4,7559728057561403416,2025-10-11 06:50:36,"续航扎时，在武汉15-32度，开空调电耗11以内续航400以上，不开空调电耗10以内，续航440左右。车子内部空间大，动力强悍，加速迅猛，内饰没什么味道，综合产品力和性价比高。外观谈不上特别好看，但是在大众水平线，门把手没有用隐藏式好评，配有电动后备箱好评
烂路偶有低频压耳的声音，下车后车内有人，车机会自己关闭，没法继续开空调。然后app没法显示每段小计里程和电耗。
没什么气味，坐着软硬适中，长时间驾驶膝关节下面有点不适，适合短，中长途驾驶，无锡回武汉800公里，腰部支撑足够。
动力嘎嘎猛，运动模式90时速重踩能到140，不错，经济模式日常够用。
下车后车内有人，车机会自己关闭，没法继续开空调，没有洗车模式。车机没法显示上几次路程小计里程和电耗。
最满意的是续航，在武汉15-32度，开空调电耗11以内续航400以上，不开空调电耗10以内，续航440左右。无锡回武汉 高速冲3次电没有规划好距离，按理充2次就妥妥够。115左右280-300续航，100以上300+续航，挺不错的。80%电量以下充电时间基本10分钟100公里，
开了2000公里了，最满意续航，低速底盘平稳，过减速带摇晃明显，中高速动力强劲，动力和刹车匹配，动力和底盘匹配有一点点那么上升空间。不过话说回来8万的小车，都是优点了

提前购买了抖音优惠券999抵2000，性价比特别高，然后厂商直补3000，非常给力。落地7.68-0.1-0.3+0.62=7.9 然后江苏省补1万，7万落地，对比星愿和极狐T1，性价比大大的。

说实话销售服务一般，调车搞了一上午，下午上牌开票还是比较顺利，搞到4点多，还是晚了点，一大早就把车款全部付清了，保险上牌也是全程配合，提车搞了2-3个小时，拖着我，不让我走，本来我就是武汉到无锡购车，距离比较远，得赶路，然后省补也没人帮我检查一下，都是自己填的。毕竟是个外地人去江苏提车，钱收了车卖了，就那么回事，没体验到什么购车服务，提车出来门禁都没办法开门，还得让你跟着前车走，差点被栏杆砸车，玻璃水，胎压未检查",5.0,dongchedi_incremental,False,dongchedi_incremental|unlabeled|high,,,,,,,,,,
MG4,7577197762043727896,2025-11-27 08:42:31,"苦苦等了五十天，终于提车了，本来都要退了，销售说有一个灰色外观，蓝色内饰的，问我要不要
我是定的紫色外观紫色内饰，不过当时是因为说紫色限时免费才选的，冷静下来之后，再仔细看，好像紫色确实不太适合男性，能改成灰色那更好了。
提车还挺麻烦的，花了三四个小时，中间还吃了他们一顿饭，好事多磨，终于开回家
开了三天，跑了三四百公里，体验还是很不错的。
目前感觉最接受不了的，就是他自带的是百度地图，还不能装高德地图
百度地图太难用了，每次都是快到岔路才提示我变道，那时候往往都要来不及了
其他部分还挺满意，特别是动力和空间，这个车虽然是小车，但是内部空间真的巨大，后排轻松三人，而且后排的前后空间也大，不会挤",4.17,dongchedi_incremental,False,dongchedi_incremental|unlabeled|high,,,,,,,,,,
MG6,7052251532556767265,2022-01-12 17:37:43,"三代6是从预热就开始关注的一款车，那时候被那个绿绿的车漆和帅气的前脸彻底给征服了，所以就一直在刷相关的信息，包括前期的交666得终身基础保养、666油费、轮胎险啥的也在4s交了钱，可以说是拉满了优惠
        7月开发布会也是收到4s邀请，到展厅现场观看了发布会，之前看过二代车，声浪和音响很难兼得，所以也没有兴起换车的念头。三代出来配置表后，因为同时想要bose音响和排气声浪和acc巡航，所以最关注的就是顶配智驾旗舰版，发布会当晚等了一晚上等到了价格，13.98万元，前6000名车主直降6000，且终身质保。这谁顶得住啊！当晚直接下了定金，绿色！智驾旗舰版！就是干！
        接下来就是漫长的等车过程，绿色车漆供应量跟不上，等了一个月才等到了我的小绿，2020年8月提车到现在已经跑了接近3.8w公里了，总体来讲，MG6是物有所值的，优劣势都有，下面简单总结一下：

(干货预警)

1，外观方面
外观在2020年自然不用多说，在10万多这个级别自然是出众的，也是这个车子的大卖点了可以说是，尤其是mg拥有tcr赛车，在这样的赛车基因加持下，会让我觉得这个车子外形看起来真的很赏心悦目。但是后期还是有可提升空间，比如离地间隙略高，比如轮毂个人觉得不是特别好看
2，内饰
内饰放到今时今日与同级别国产车相比，属实没什么优势，不过也算简约大方，主要吐槽的就是门板和中空台的硬塑料，眼镜盒里的软包不到位，放眼镜在里面颠簸的时候有时候会有异响，杯架没有固定夹，但储物空间还可以，档把下面做了掏空很实用，放点口罩啊，充电线啥的都可以，不会显得很凌乱。
3，配置
我购买的是顶配车型，各项配置已经拉满了，但和落地15w左右的其他国产车型相比，名爵败了，主要败在哪呢，我觉得是座椅通风，方向盘加热和副驾电动调节上，夏天真的很需要座椅通风。但就实用性来说其他配置也很可以了，自动大灯，自动远近光，后视镜折叠，后视镜来车提示，座椅加热，app远程空调和座椅加热，自动雨刮，自动刹车，后排出风，acc自适应巡航，4种驾驶模式选择，关闭防滑，排气阀门，bose音响等等吧，总体来说吊打十万多的合资车，但是略逊于配置拉满的其他品牌国产车。
4，操控和动力
城市街道行驶来看，结合180多匹的动力，操控还是可以的，紧急变道等也完全hold住，悬挂感觉前段硬，真要大角度劈弯还是略软，侧倾还是明显了些，当然了，可能和我喜欢暴力驾驶有关，总而言之，年轻人想要追求些激情，动力和操控完全能满足你，再加上声浪的加持，你就是整天街道最亮的仔。
5，用车成本
用车成本来看，主要的争议点就是油耗了，保养成本真的不高，一次也就三四百块，而且我还有一年两次的免费基础保养券，保养成本就更低了。油耗的话我城市早晚高峰目前是10个油，暴力驾驶能达到13。高速巡航油耗可以低到6个多，所以这个车子的油耗是非常依赖道路工况的，最近一直早晚高峰出行，一箱油显示里程560左右，之前去上海参加活动，高速巡航，加满油显示750多公里的续航...说省也省，说费也费。
        关于这个问题我觉得吧，既然选择了激情，就别在乎柴米油盐，二者不可兼得～自己看的开即可。
        最后附上我的小绿的几张美图",4.11,dongchedi_incremental,False,dongchedi_incremental|unlabeled|high,,,,,,,,,,
MG6,7062546201878466568,2022-02-09 11:33:59,"【最不满意】
1.胎噪大，普利司通泰然者T005，这条胎某宝900块一条也不知道贵在哪，听评论说这条胎耐磨。虽说前车窗是双层夹胶玻璃，但是速度上去了胎噪还是很明显。
2.悬挂硬，这个可以说即是优点也是缺点。从家用角度来说硬毕竟不够舒适，尤其是过减速带，但是如果跑快速路或者高速，就感觉很稳，操控起来顺手不发飘。
3.车机系统多少有点问题，首先是行车记录仪加载不出来实时画面，但确实在录制；偶尔需要点击多次才能有反应；不能自行下载第三方软件，自带的软件全都是垃圾。
4.缺芯片，后视镜折叠的芯片多少老哥都在等呢。


【购车经历】
朋友20年提的二代mg6，我看开的不错也没什么毛病当初就看的mg6。后来影豹火了，多方考虑还是选的小6。订车，贷款，提车，开走，一个下午搞定。

【提车价格】
MG6 pro Trophy旗舰版，不算保险14.2万，其中包括2000块贷款服务费。

【驾驶感受】
1.eco模式方向盘轻，但是动力还有。运动模式的话，就很窜。
2.极速的话很容易到180到190公里，再往上提速就慢了。
3.开过朋友的老尼桑，底盘那叫一个散。自己的mg6开习惯了，也习惯了底盘的那种一致性，虽说悬挂硬，但是很整。。。怎么说呢不好描述，去试驾一下就知道了（白嫖才是王道）
4.速度起来了的时候，操控性很不错，方向感也很清晰。


【油耗】
快速路上大概6个多，上下班走走停停8个多。


写在最后，现在已经跑了2100公里，总体来说很满意。过年的时候车停楼下，准备搬年货的时候，至少两波大爷们围过来说车挺好看。
前几天给车加装了护板花了100多块钱，底盘升起来的时候，应该是边梁吧，有两个孔已经生锈了。问过师傅生锈这块不太重要。等过一阵做首保的时候去4s店把底盘装甲没喷到的地方再喷一遍。
音响是真的不错，一般来说绝大部分时间自己一个人开车，听着喜欢的歌，慢慢悠悠开车也是一种享受，现在想想花了8000块从豪华版升级到旗舰版，还算是蛮值的。
以后的路还长，不开斗气车，老老实实开本分车，路就在脚下🙂",4.1,dongchedi_incremental,False,dongchedi_incremental|unlabeled|high,,,,,,,,,,
MG4,7582030105526931518,2025-12-10 09:09:09,"11月底提车，开到现在400km，主要讲讲缺点吧
优点:
1.续航扎实，我基本无高速需求，不开空调国道开80左右，打9折左右。
2.动力对比同价位降维打击，60-100提速很快，超车随便超。在星愿，极狐t1之间选择mg4，这是最大的理由
3.转向手感可以调重，星愿开起来很轻，和玩具车一样
缺点:
1.内饰没有黑色
2.后背箱没有灯
3.车机开机很慢，每次上车播放音效还不能关，没有高德地图，车机百度地图的导航里程不能同步到手机端。车机商店内app很少
4.喇叭和电动车一样，每次用都绷不住
5.行车记录仪画质很差
6.车内阅读灯不能常亮，晚上坐车里玩手机不舒服
7.速度60左右，开一半窗户，车窗共振，噪音很大
8.",4.17,dongchedi_incremental,False,dongchedi_incremental|unlabeled|high,,,,,,,,,,
MG4,7571370981051093016,2025-11-11 16:28:04,"【购车经历】
一直都在关注纯电小车，偶然间刷到了MG4，从此以后对这款车的了解就没有停过。期间也对比了T1、星愿，综合下来还是mg4更符合我的用车需求（经常要跑高速）。9月份下的大定，等了快一个月，终于开上了！

【空间表现】
跟我之前的油车相比，后排空间是大了不少，地台纯平，中间坐人也不会很难受了。坐过我的车的都夸空间大颜值高，哈哈。


【续航能耗】
平常上下班通勤80km，国道+高速+市区，测试好几次动态表显续航与实际里程1:1，看来这车动态续航还是比较准确的。

【充电时间】
外面快充从15%-80%用了25分钟左右，80%-100%又要20多分钟，所以日常紧急补能还是够了。

【最满意】
MG4操控和舒适都得到了平衡，高速上到120也不会飘，市区里开方向盘轻盈，终于可以单手操作，过减速带也很软。360影像和透明底盘好评，还有一点就是这种级别的车还配了单踏板模式，增加了更多趣味性（因为我平常特斯拉开的比较多，习惯了它的单踏板模式），没想到在mg4上得到了延续。

【最不满意】
刹车前段有点偏软，得多习惯一下。自动大灯过于灵敏，特别是天蒙蒙黑的时候一会亮灯一会关灯的。行车记录仪只有前方视角，没有后车视角，希望后续OTA能优化一下。内饰颜色偏浅不紧脏，只有自己花钱买个坐垫。",4.75,dongchedi_incremental,False,dongchedi_incremental|unlabeled|high,,,,,,,,,,
MG4,7572073216772935705,2025-11-13 13:39:51,"【续航能耗】
首先落地不到9万的小车，比我同学几年前十几万买的思域还好开，我说这车是板悬他震惊了?，这个价位做到这个驾驶质感真的值得认可。续航方面城区能达到标定续航，高速110-120左右大概7折，符合电车预期，充电30到80不到20分钟。
【外观】
外观可爱之余不失动感，个人感觉良好。内饰方面配色给人的感觉干净整洁，但是可惜没出黑色版，现在配色虽然好看，但是不耐脏。
【智能座舱】
车机挺流畅，可以下载qq音乐，网易云，百度地图导航，还有腾讯视频等等。配置方面，因为是非智驾版，那肯定没得智驾了，但是除了智驾，能用得上的，比较实用的，基本已经配上了，比如座椅通风加热，各个位置的安全气囊，定速巡航等。
【空间表现】
虽然是小车但是空间够大，腿部空间很足，后排坐三个人也不会觉得拥挤，家用挺合适。
【最不满意】
车机尽快出多点软件啊，现在软件数量太少了！想用高德地图啊，露营模式，还有哨兵模式也很需要。
还有可能是因为看车的人多，4s店工作人员太忙？服务有待提高。希望去首保时能看到有所改善。",4.5,dongchedi_incremental,False,dongchedi_incremental|unlabeled|high,,,,,,,,,,
MG6,7137473635547090957,2022-08-30 09:23:00,"【购车经历】
去年5月份的时候，市场上十万出头的价格还没有什么能打的车型，菲斯塔和思域当时落地都要十五万多了，配置虽然说得过去，但是奈何腰包不够，再加上名爵的bose音响和原厂的弗吉亚排气，深深打动了我。
       那时候的我还很喜欢魏派vv5，奈何改款之后没有老款前脸好看，试驾名爵6之后觉得还不错，颜值也在线，再加上我对国产车没什么偏见，（家里有个众泰z300,有六七年了吧，反正没怎么坏）感觉还行，就订车了

说说我这三万公里的感受吧
异响！！！
是的，中控异响，不过还好，异响位置是油门踏板右侧覆盖板里面一颗螺丝松动，会有低速共振异响，已经修好。
第二次异响，最终发现是我眼镜盒里的眼睛响。。。
【维修成本】维修成本其实挺低的，除小保养外换了一次火花塞，ngk的火花塞价格也不贵。今年夏天的南京非常热，油耗将近10个。也不知道是不是石化的汽油不耐烧了怎么回事
其实三万公里没多远，车子没出故障
跟大家分享一下简单的改装
（没有性能强的改装，全部心情件）
目前改装了
碳纤维方向盘+翻毛皮气囊盖1080
前铲侧裙后包角450
雅兰360全包围脚垫900
氛围灯1000
四门隔音800
魔术师obd仪表450
xp同款尾灯特价置换1900",4.5,dongchedi_incremental,False,dongchedi_incremental|unlabeled|high,,,,,,,,,,
MG6,6917130331929710605,2021-01-13 14:38:27,"兄弟们，勿喷，开了三千多公里了，发表一下个人观点
优点：
1.外观符合我的审美
2.内饰比较不错
3.音响和排气也是购车时考虑的一方面(喜欢音浪，买不起跑车，十万级别也能嗨一嗨，还是不错的)
4.后排空间和后备箱空间对于我来说足够用(放钓鱼工具足够)
5.操控方面，没接触过太多的车，不好评判，保守说驾驶感受还可以
6.油耗表显7.5左右，不太在乎油耗，也没具体计算过
7.加速方面，没有专业仪器，不晓得0-100具体多少，但是推背感还是有的，超车啥的轻轻松

缺点：
1.隔音隔音隔音(不知道是不是轮胎的问题)
2.保值率！
3.座椅硬
4.发动机声音有点大
5.挡风玻璃下面是硬塑料，副驾驶座椅不能自动调节(掉价)
6.容易被说是“马爵奔”(马自达，名爵，奔驰)
7.遇到思域，他总想崩我",4.07,dongchedi_incremental,False,dongchedi_incremental|unlabeled|high,,,,,,,,,,
eπ007,7385165305036673086,2024-06-27 20:53:45,"昨天提的东风奕派007 530pro，说说提车和实车体验吧。
提车前：提车预算在15万左右，在确定007前，也考虑了很多款车，希望大家买车前都先明确好自己的需求和预算，因为我用车需求95%都是上下班通勤，不跑长途，顶多也就跑跑武汉（来回不到300公里），且家里有家充条件，所以纯电车是第一首选，老婆不喜欢suv，直接把范围缩小了一大半，同级同价位的车我们看了深蓝sL03，长安启源A07，零跑c01，海豹ev，老婆不喜欢深蓝和零跑的外观，直接pass，启源的后排空间和外观不太满意，海豹落地得17w超了预算，奕派007刚好在我老婆的审美点上，最后选了奕派007。
提车：先说大家关心的价格，我们是530pro，指导价是16.66，说实话，如果是这个价，其实性价比就不高了，现在官方活动2000抵3w，实际优惠后13.86，然后找销售谈了2000的现金优惠13.66，基本上就是裸车价了，500的上牌，5000的保险，落地基本上就是14.21w。其他就是贴膜1000，因为送的膜太辣鸡了，加了1000换的好点的车膜，再就是花了99元，买了一个终生免费保养的权益卡。这就是我提车的全部费用了。
关于置换补贴是10000，其中湖北省的5000，厂家的5000，还有个1000的武汉消费券（要求过户在武汉过）。
关于贷款，厂家提供的是定额6w的两年免息贷款，因为这个跟厂家的5000元的置换补贴不能同时享受，所以我没选。
关于交付，我选择的卓联汽车销售公司的4s店，武汉基本上都是他们的4s店，加上卓联是东风集团旗下的，相当于官方销售，新车他们都检查好了给我的，有全车检验报告，交付送了全车膜，脚垫，遮阳板，交付礼（一束花、钥匙套、雨伞），送的东西不指望太好，只能说除了膜都是能用。
关于选配，因为送1w的选装基金，我们基本上都是合着1w选的，一个全套马牌轮胎5000，这个必选，其他都无所了，对颜色没有要求的，就选软包内饰，有要求就选颜色。加钱选装的随意。
用车感受：
也谈不上感受，因为我也就昨天从武汉开回家，今天开着上下了班。
外观：没得说，对颜值党来说，只能说太帅了。
内饰：谈不上多好多豪华，基本上就是这个价位国产新能源的普遍标准，但可以说吊打二十几万的油车。
车机系统：一般，如果你是从油车过度过来的，绝对可以满足你的所有需求，但你如果是对智能化车机有要求，那就不太够了。具体我说几个缺点吧，首先是车机分辨度稍微低了点，包括摄像头的像素也低了点，流畅度够用，app商店应用太少，当然这是对比特斯拉和海豹，因为我只开过这两个电车。我能包容他的车机系统，是因为可以后期ota升级。
续航：我目前还没跑完，所以不好作评价，我从武汉到我家，全程大概150公里，全程空调，120码左右，耗电41%。今天城市通勤，21公里，全程空调，耗电5%。供大家参考。
驾驶感受：动力方面家用够够的，要多少给多少。底盘调教的话也没问题，很有韧性，软硬适中，没有海豹那么软。也不像特斯拉那么硬，底盘有护板，东风军工级的没问题。电门和刹车，舒适模式+动能回收弱，我感觉很像油车，从油车过度过来的，直接上手。空间方面绝对够，我们基本上就是冲着空间买的，本人185，前排坐下后，后排我坐，还能有3拳的距离，2915的轴距，空间设计合理。后背箱很大，还有一个下沉空间，刚好够放一个钓箱，钓鱼佬的福音。说几个缺点吧，因为没有双层玻璃，胎噪比较大，速度越快越大，换马牌轮胎好一点。关门声音有点low，解放车的关门声。",4.57,dongchedi_incremental,False,dongchedi_incremental|unlabeled|high,,,,,,,,,,
MG4,7591775308919869502,2026-01-05 15:33:44,动力还行 配置也还可以 电动座椅 方向盘加热 空调啥的 缺一个360℃的雷达，只有一个倒车雷达,4.5,dongchedi_incremental,False,dongchedi_incremental|unlabeled|high,,,,,,,,,,
MG4,7579495493277847576,2025-12-18 20:07:38,外观见仁见智，侧面稍微好看点，购车对比过星愿，极狐t1等一些，从做工用料和空间表现来看，选择了名爵，有两个小细节比较吸引人，一个是传统的门把手更有安全感，第二个是后雨刮器，这个有些车减配了，从细节看出来这个车是有用心的，有网友说这个车的电子转向机是博士的？有没有懂哥说说。好像是用料最好的这个价位段。客观说座椅不算舒服，反而是后排空间比较大，小车的操控还可以的，但是不要追求什么极限过弯，它就是一个纯电小两厢，底盘感觉像电动高尔夫的感觉，电耗做的是比较优秀的，夏天的时候国道工况跑10左右电耗，踩的猛一点的话大概就是市区12电耗，高速16，冬天0-1度的时候开方向盘加热和座椅加热➕暖气电耗也就14。这个价位段它还是最能打的。,4.25,dongchedi_incremental,False,dongchedi_incremental|unlabeled|high,,,,,,,,,,
MG4,7559579003145687102,2025-10-10 21:35:11,"去年看海鸥，然后到星愿，差点定了星愿，今年网上看到MG4的宣传，就俺不急待但体验中心看实车，一下就被车子的外观吸引住了，家里森特别喜欢这圈东来紫，尾巴看起来🈶大众高尔夫到感觉！
内饰虽然不是很高级，但至少从容版配的是皮质，缺点是内饰只有2种颜色选，感觉颜色比较淡，可能是为了和车外观相互应。
车子空间设计的非常优秀，能装很多东西，本身车子就是小车里的大车，尤其后背箱空间超大，没有备胎，但空出空间可以装好多东西！
车的配置很高在这个级别的车里，和id3不相上下，这也是我选这个车比较关键的理由。
车子驾驶感受，感觉油门踩起来和油车差不多，也没感觉头晕。
续航的话暂时开了38公里，路况高架加路面掉电39公里样子，还是蛮准的！",4.83,dongchedi_incremental,False,dongchedi_incremental|unlabeled|high,,,,,,,,,,
MG6,7248408291099807781,2023-06-25 08:46:07,"外观：买的时候一眼就看中了，有兄弟说像鲶鱼?，这个东西萝卜青菜，各有所爱吧。
内饰：个人觉得这个价位比合资车好太多，所以略过。
配置：行车中基本该有的功能都有了，acc很好用，尤其在一个人开车需要喝水或者吃东西抽烟的时候。
空间：我175主驾位置调整好以后，后排还有膝盖距离主驾靠背还有一拳半的距离，a级车空间中规中矩，后排由于溜背的原因顶棚有点矮，高度有点局促。
驾驶感受：底盘怎么说呢，我也不是专业的赛车手或者职业技师或者维修人员，所以略过。市区有顿挫，高速很稳，要吐槽的就是风噪，还有后排中间位置没有头枕。
用车成本：目前就是常规保养，如果4s店搞活动的话还是很划算，基本二百来块钱一次，没有活动就450左右。
可靠性：两年了该有的划痕都有了，没有生锈。
油耗：这个大家比较关心，这个怎么说呢，跟大家习惯有关系，我只能说高速950公里，一路空调不到7个油，也别说人家都5个多，这个车7个，你得知道5个多的车他的速度是多少。
还有说一下，这个屌车是有点硬的，前段时间上高速前车挡视线，突然压起来一根高栏货车上面那种两头弯的镀锌管，前车压起来的时候已经躲不开了，被砸右侧前门，一点凹陷都没有，只是掉了一个小米粒一样的漆。
最后综合21年底提车时候的价格，因为刚上市我就订车了，是顶配，所以落地15，现在会更便宜一点。这个价格要啥自行车，个人觉得很香。

给大家附图油耗。",4.21,dongchedi_incremental,False,dongchedi_incremental|unlabeled|high,,,,,,,,,,
MG6,6952904359952781319,2021-04-20 00:19:57,用车体验很一般说真的，我19年买的车，到现在刚一年半，电瓶就坏了，而且电瓶的质保期是一年两万公里，我三万公里，难以想象才一年多的时间电瓶就坏了，去4s店以后查原因为什么电瓶会坏，去了以后人家就说得先换新的电瓶才能查出来，意思就是得先花钱买新电瓶，没办法换了以后，人家查了半天也找不到原因，于是就推辞的说这个车的电瓶就这样基本都是2年一换，你们评评理有这样的车吗？两年一换电瓶？真的很后悔买这个车 ，在4s店花了700左右换的新电瓶，唉。而且油耗胎噪都特别高，尤其是胎噪震的你脑瓜子疼，还有就是这种牌子的车4s店特别少保养维修去的话太远，每次我都得跑200多公里去一趟4s店，唉总体来说体验很差，慎拍还有就是后期特别肉，刚开始还行现在才1年我这个车就特别肉，顿挫感特别明显。,2.64,dongchedi_incremental,False,dongchedi_incremental|unlabeled|low_or_missing,,,,,,,,,,
QQ冰淇淋,7063635309753274399,2022-02-12 09:52:35,"微型车在停车愈发困难的城市中有着不错的便利性，可以解决像上班通勤、代步买菜、接送孩子这些日常出行需求，同时作为新能源车型，还有着用车成本低的优势。奇瑞QQ冰淇淋在满足以上条件的同时，2.99至4.39万元的指导售价，也大大降低了购车门槛。

【外观颜值Q萌】
QQ冰淇淋走的是可爱路线，有着香芋紫、海盐蓝、薄荷绿、椰子白、浅藕色、柠檬黄和樱花粉多种车身颜色涂装，可以满足大家的小个性。前脸为标志性的封闭式进气格栅，中间LOGO后方便是充电口。下包围的贯穿式黑色饰板，还带来了一丝运动气息。最有辨识度的应该就是两侧配备的多边形大灯组，内部的U型结构犹如一双炯炯有神的大眼睛，十分呆萌。灯光配置方面，圣代款提供了卤素远/近光灯和LED日间行车灯，并带有大灯高度可调的功能。

车身侧面看起来就像一个方正的长盒子，双色车身的设计营造出悬浮式车顶的视觉效果，搭配贯穿式腰线，为车身带来了一定的层次感。两侧的车门和车窗均采用了不小的尺寸，不仅方便后排乘客上下车，视野也很开阔。下方所配备的低风阻轮毂也会根据车身颜色的不同所改变，小细节还是很有意思的。值得一提的是，车门采用了W型防撞钢梁设计，并提供门板钢梁整体轧制、前副车架刚性提升和前纵梁增加吸能盒等多项安全设计，为用户的日常出行带来更强、更安全的保护。车尾采用了与车头相呼应的设计，两侧尾灯组也是U型状的设计，并进行了熏黑处理，进一步提升了精致感。上方配有一个小尺寸扰流板，搭配下包围的梯形黑色护板，为车尾带来了一丝运动感。辅助配置方面，我们所推荐的车型配有后倒车雷达和倒车影像，对于娇小的车身来说是完全就够用的。

【内饰简洁而精致】
内饰依旧是走可爱路线，撞色的设计风格使整体多了一份活泼与俏皮感。比较独特的是，中控台上并没有配备中控屏，而是设计成了一个手机支架，在行车中开启导航时会方便一些。不要觉得失望，QQ冰淇淋还为用户带来了一个“高技能”，就是iCar生态系统，车主可以通过手机APP来远程操控开关近光灯、开关中控锁、开关空调、App智能补电等12项功能，另外车辆的实时状态也可以随时查看。下方保留了三个空调旋钮，这样简单明了的布局相信更受年轻人的喜爱。多功能方向盘采用了塑料材质进行包裹，双幅平底式的设计则更显运动感。此外，中间标有iCar的标识，彰显了其身份。

后方的全液晶仪表是车内的唯一一块屏幕，整体显示效果也很清晰，不仅可以呈现行车时的基本信息，而且还集成了倒车影像、蓝牙/车载电话等中控屏上的部分功能，实用性还是很不错的。换挡方式为全新的电子旋钮式设计，值得注意的是，新车并没有配备P挡位，所以当停车挂N挡后要记得拉起手刹防止溜车。副驾驶前方配有网兜和挂钩来代替手套箱，在有限的空间里充分满足储物需求。前排提供了两个USB充电接口，全车分布2个扬声器喇叭。

【材质安全环保】
车内座椅采用了一体式的撞色设计，在富有运动的效果下还兼具时尚感。另外织物材质包裹的座椅不仅透气性好，还是得到认证的母婴级抗菌生态面料，安全无异味，宝妈带孩子出门会更放心一些。内部填充物很软也很厚实，所带来的承托性和舒适度还是不错的。后排只能乘坐两人，也采用了一体式设计座椅，坐垫同样是比较柔软的。我身高175cm坐到后排，腿部还有三指的剩余空间，头部也还有三指的剩余空间，相对来说较为紧凑。但是如果是临时应急或是接送小孩乘坐，还是够用的。当然，大多数用户是用不到第二排的，那么我们所推荐的车型还支持比例放倒，就会形成一个纯平状态的后备厢，灵活与多变的设计可以满足日常出行的多种场所要求。

【驾乘体验】
QQ冰淇淋采用了一台永磁同步电机，最大可输出20kW，峰值扭矩达85N·m，搭载了容量为9.6kW·h和13.9kW·h的磷酸铁锂电池。此外，新车提供运动和经济两种驾驶模式，在经济模式下，得益于743kg的小巧车身，踩下踏板后响应很快，提速表现也很不错，比较适合用于大城市的日常通勤，毕竟拥堵时轻巧的车身在车流里可以更容易并线穿梭。当切换运动模式，踩下踏板后可以感受到动力反应很积极，再加上方向盘可以轻松操控，超车也就更容易了。但是一旦超过60km/h，加速就会明显减弱，而且考虑到车上所乘坐的人员数量，速度也会有相对的变化。此外，前麦弗逊独立悬架+后三连杆非独立悬架组合的运用，所带来的韧性使车辆在经过轻微颠簸的路段时并不会单薄的跳起来，但是如果是较大的坑洼路面颠簸感还是很明显的。

【推荐车型 2022款 圣代】
圣代款配备有胎压报警、倒车影像、后倒驻车雷达、上坡辅助等日常使用度较高的配置，而且只有该款车型的后排座椅有比例放倒功能，相对来说会更实用。尤其是170km的续航里程会比其他车型更胜一筹，就算周末去周边游玩一趟也会更安心一些。所以说，如果你想要一辆颜值在线又相对安全的代步车，那么这款QQ冰淇淋是不错的选择。",3.0,dongchedi_incremental,False,dongchedi_incremental|unlabeled|low_or_missing,,,,,,,,,,
MG6,7043068722491166727,2021-12-18 23:43:43,"用车两年4万公里 正常保养没什么问题 颜值还是不错 油耗上下班通勤不堵车7.5个油左右高速基本6.5左右
内饰基本拉胯 各种硬塑料 新车2000公里异响 车机反应慢 功能也少 
变速箱也是拉胯各种异响顿挫 新车就异响一过碎石路段变速箱就咔咔啦啦的 反应也是比较慢干式双离合除了块其他都是缺点
动力开始觉得猛因为以前福瑞迪自吸车所以动力开始用觉得猛得一匹 可是配上这拉胯变速箱实在不敢恭维 低速顿挫 地板油降档等好久 舒适性不要说了避震硬的很过烂路没点高级感思域避震真的强它不止一个档次 估计也是地盘调教垃圾 说运动侧倾很大说舒适那就是跟开拖拉机一样    空间这块没得挑后排一放到啥都可以装   售后不管厦门还是漳州都是垃圾一样体验 喷漆比外面路边摊还垃圾各种流漆 3个月起泡 都怀疑学徒在搞 换了个尾箱 尽然能把螺丝帽丢后备箱夹层里 取半天取不出 实在不敢恭维 买车店也退网 各种服务也没得到   卖也卖不了几个钱 当拖拉机开吧（顿挫感人）",2.89,dongchedi_incremental,False,dongchedi_incremental|unlabeled|low_or_missing,,,,,,,,,,
MG6,7309718389931397182,2023-12-07 13:20:37,"在十年前安外形经验一众，是自己喜欢的车，买回家爱不释手，如今成家后手动挡阻止了媳妇驾驶它的兴趣，太繁琐，操作不便利。
这么些年的一路陪伴，基本没有把我丢路上，也就正常保养，唯一吐槽的地方就是车门太重，玻璃升降器主副驾驶都坏过几次，用料太扎实了😏，与同级别同尺寸车型中了 0.2t。
家庭用车之前使用率不高，没有出现大的事故，除了后保险杠，其它全部原版原漆，本人平时使用也比较爱惜，车基本就是我一人驾驶，所以车的整体机械部件和零部件都比较好，整车过减速带还是没有异响，很整。
动力都还行，外观放现在也不过时，就是配置相比现在的车型太单一了，总体感觉不错。
有时候都在想，如果我换车了，这辆车的下一任主人会捡到宝，这车驾驶油耗都表现的还不错，陪伴了十年风风雨雨，它早已是不可或缺家庭成员一样，希望它能一如既往的保持下去。",3.93,dongchedi_incremental,False,dongchedi_incremental|unlabeled|mid,,,,,,,,,,
MG4,7576286604445093913,2025-11-24 21:44:56,"买名爵4之前，对比了很多家，很多种类的同价位的车，星愿，名爵4，埃安UT，综合对比还是感觉名爵4最有性价比，360全景影像，皮质座椅，多功能方向盘，近场移车，远程控车等，感觉名爵4功能是同价位最多的，最实用的，所以选择了名爵4
 
用车感受:车速开到120，车子不飘，挺稳定的，音响音质也挺高级，生态互联功能确实不错，省的买手机支架了。最可惜的是没有赶上省补和国补，糟心

提车过程中，等车时间太长太长，9月25大定的，一直等到11月份才提车，不过销售挺好的，耐心解答一切问题，不厌其烦，我一直在骚扰我的销售，催着他问什么时候到车，销售也是超级无奈。

送的礼品很少，基本没有，脚垫，看见很多车友都说送的脚垫不匹配而且不好，我感觉送的脚垫挺贴合的，质量还可以。期待后续行驶中，还能开发其他功能",3.75,dongchedi_incremental,False,dongchedi_incremental|unlabeled|mid,,,,,,,,,,
MG6,7004850453078872095,2021-09-06 23:57:19,"怎么说呢   提车也有一个月了  我买这车一开始就是喜欢这个车的外表   其它都没去想  听说这个车油耗有点高。   我提车加了200开了130多点公里就显示去加油了，关键是在最后两格油就开了30多点公里㎞就显示加油，和销售说了  说这个是正常的，新车都是这样的前一箱油半箱都是洗车用的    后面又加了200现在还有三格  现在是跑了300公里㎞多点 ，关键这400只能跑到450公里多点，高架跑了三回  其它都是在市区开
【提车价格】
优惠12000   车价111800加了一个800终身质保反正全款落地124500
【销售态度】
挺好的
【购车经历】
这说的 不敢相信去看了一下车  什么都不懂就叫了订金  没多久感觉不想买了   可是这钱又退不了  弄来弄去的还是买了   买车不是关键   关键是   没验车没试驾  就把钱全部打过去了   对了还有2万是贷款的，不知道是太相信自己  还是太相信销售。怎么说勒  销售还是蛮好的这个价格还好吧，  说来还是缘分啊销售和我是老乡

【驾驶感受】
这个不知道怎么说了去上牌的时候才看到后胎裂了不知道在那弄的   昨天贴防撞胶条又看到副驾驶门边有个洞  关键车都没开放在下区一个星期昨天去上好牌回来用抹布擦的时候好像没有啊去贴那东西的时候才看到    怎么感觉这车好脆弱，这副驾驶那个洞肯定不是碰哪里  这个像是弹弓打的是的。  感觉烦怎么都想不明白",3.57,dongchedi_incremental,False,dongchedi_incremental|unlabeled|mid,,,,,,,,,,
MG6,6945282868973146126,2021-04-02 14:02:27,"操控：
总体还可以，底子不错，顾可以用来改装提升操控性。

空间：
非常好，装大物件也不在话下，个人搬家装过家具套件。

动力：
同级别中是不错的，但个人认为还有足够的提升空间，厂商略显保守，上到190批也绰绰有余。

舒适型：
后排空间很大，坐着比较舒服，但长途驾驶可能会略有疲劳。

配置：
选的是旗舰版，配置该有的都有了，但个人觉得有些配置显得多余，多余的配置经费可以放到提升操控性层面来。

外观：
外观很吸引人，但掀背设计为了提升空间牺牲了一点溜背造型，也就是说了刻意向上拱了一点，同俗话说就是显得有点驼背。

安全性：
除了三次事故，好在车身和大梁都完好无损，车身强度可以的。紧急刹停共6次，以上三次事故中的一次就是因主动刹停至后方追尾。

内饰：比较扎眼，但看惯了也就这样。

缺点：
隔音问题比较严重，虽然隔音比思域好，但对于我来说依旧比较头疼，以至于后来去做了隔音。变速箱响应很快，调教很激进，但需要一段时间磨合，且油门需要深踩，磨合期内对于新手来说会有严重顿挫尴尬，开车老手不存在这个问题；远厂减震较硬，走烂路需要控制速度。

建议后续改进：
变速箱干换湿这个不用说了，已经换了。但动力和底盘操控可以再次提升，且可以加强一下轮胎轮毂规格，现有的225/45/R18过小，至少可以上245尺寸；刹车卡钳至少可以换成四活塞；底盘连接处李子串可换成高性能版，避震器和绞牙建议升级到KW级别；车身略微降低，没必要和普通车那样；减震调教没必要全系通用，高性能版和普通版调教必须要有差异，运动版硬一点无所谓，喜欢玩车的都不在意，但普通版需要软一点考虑舒适度；增加2.0T版本，至少出个高性能版，这样可以树立标杆！",4.0,dongchedi_incremental,False,dongchedi_incremental|unlabeled|mid,,,,,,,,,,
MG4,7545185658499780670,2025-09-02 02:50:42,"价格完全超出预期，交999小定的时候购车欲望不算太强，主要担心的是底盘离地间隙低了一点，抖音有人测过最小离地间隙在14厘米，担心走非铺装路面或者路况不好的时候刮到电池。近两个月陆续试驾过吉利星愿，埃安ut，名爵4，第一购车选择是星愿，灵活性，后驱，较高的离地间隙都是我看中的。但是广西问了两三个城市都没有优惠，只有3000厂补。结果29号mg4上市的时候看到这个价格实在忍不住了，底盘低？自己克服一下！！！立马联系当地销售了解车源，刚好剩一台自由版紫外紫内的，瞌睡来枕头，马上锁单，在店里交了5000定金。提车前问了店里的贷款政策，3000服务费，500上牌费，直接拒绝，选择全款提车。指导价80800+4000保险+300上牌费=85100，报废补贴20000，报废残值2400，小定999抵2000。85100-23400=61700，这价格无敌。31号马上提车回家，1号办好上牌手续。这几天跑了700多公里，市区，国道，高速都跑了。说一下个人短期体验：8万元价位的评价，10分满分的话：动力9分(如果不是前驱急加速有拉扯感，低速地板电挠胎的话我给10分)，刹车线性程度9分，电门踏板8.5分（主要是电门有点重，不像其他电车那么轻盈，可能我还没适应），指向性8分，底盘稳定性、侧倾控制9分，隔音8分，空间9分，车机综合体验8分，能耗9分，充电速度9分，空调制冷9分（好冷，但是这个自动空调的风速对车内温度的自动调节不够理想）。

目前个人认为的缺点：自由版的镀银隔热玻璃在白天的时候有点泛白，通透度有影响。在地库信号不太好，无法联网，同样的地方，4万块的马卡龙都没有这种情况。不是后驱，不是独悬，电池牌子不占优，车头没有倒车雷达，转向灯和倒车灯是卤素灯有点掉价，后尾箱没有照明灯。还有后座的照明灯前排关不了（或者我没找到？）。

但是整体还是很满意的！！！",3.86,dongchedi_incremental,False,dongchedi_incremental|unlabeled|mid,,,,,,,,,,
MG6,6982881536752226319,2021-07-09 19:06:42,"【最不满意】
胎躁真的大，最好跑了140，平常路，不干在快了，真的大。耳朵有点不舒服
【驾驶感受】
开都都必较舒服的，没什么问题，50个小时内跑了200公里了，都好，车长车宽，停车要注意，路窄的地方也要注意，不然你容易刮到。
领豪豪华版车机不是斑马系统吗，我问了客服说不是，这个车机太简单了，没有什么可以调的，不好玩，还不能远程控制，无钥匙进入启动好用。悬挂有点硬，能接受，空间是大的，装东西也方便，要后期想加前铲，尾翼也搞一会，但不是原车那种，我不喜欢那种，也想做全车隔音，胎躁真的受不了，不知道你们感觉怎么样。
【油耗】
刚提车开的是13.5，现在也就10，后期慢慢开，首保做完应该会降，这几天油门踩的有点狠，动力真的足，顿挫没感觉到，就是油门踩下去，有1到2秒延迟，还可以，能接受。
开开看吧，还有什么后面在来补充。",3.64,dongchedi_incremental,False,dongchedi_incremental|unlabeled|mid,,,,,,,,,,
MG6,7156531125815349259,2022-10-20 17:55:48,"19年底提的车，人生第一辆车，第一次就直接1300公里从江苏干回湖北老家了，首付了4.6万，贷了7万，现在结清了，各方面还行吧，大问题没有，小问题就后备箱锁，也免费解决了，说不满意的话就是顿挫的问题，升档积极，降档迟钝，当时第一次去4s，没人鸟我，但是就是想提，后面向店里反馈，第二次就有人接待了，真的是这一点体验也不好，当天交钱，第二天就提车走人，不墨迹，价格方面也是看的附近地区车主价格，然后去谈的，刚开始跟我玩套路要申请，我直接就走了，后面说同意，我直接交钱，人家价格让我满意就可以了。

其实油耗市区不算低，8.9个的话就1.5的排量来说算高的了，高速还可以20年油价低的时候，大概5.5块，380块钱的 油干1300公里到江苏

补过几次胎",4.0,dongchedi_incremental,False,dongchedi_incremental|unlabeled|mid,,,,,,,,,,
MG6,6942122371503362061,2021-03-21 23:00:20,"一开始接触名爵6这款车还是从懂车帝无意刷到了，大概是7.8月份那会吧名爵6是销量最火的时候再了解车辆外观配置感觉自己都还蛮喜欢就开始从车友圈咨询价格优惠跟跟销售谈价格的方式再预约试驾距离自己比较近的4S店，（其实那时候开始就一直在手机上了解这款名爵6直到接近1月份了才开始预约试驾因为刚开始的时候预算都不是很充足）从定车到提车用了快大半个月，因为接近过年了灰色现车没有需要定，本来是打算想买个红色的后面还是定了灰色的。
再说一下提完车的自己用车感受吧到现在也开了接近一个月了，外观设计我的自己是挺喜欢的，内饰做工也可以，不过吧该是塑料的也还是塑料??，后排空间坐我个人1.78的身高在里面也蛮充足的，配置的话就不用说啦该有的配置都有了中控台放东西的空间也足够了后排也配备有两个充电口，动力的话这个就不用再多介绍了吧，这个可以了解到啦，油耗的话我自己开车一直都是保持9-10之间??有些时候开的话踩的是稍微猛一些再到噪音的话开快了风噪胎噪也是稍微是大，个人感受吧，反正我都是开车放音乐放大声了哈就没啥感觉了????，总的来说这款车我自己感受是挺好的也蛮喜欢的，这个价位的车同级别来说也算得上可以的了叭。噢，我的车型是旗舰版的
以上所说的都是我个人自己的用车体验跟感受，我还有说的不是很详细不是很明白的还请多多补充需要简单了解可以来问??????",3.83,dongchedi_incremental,False,dongchedi_incremental|unlabeled|mid,,,,,,,,,,
MG6,7005447727630782478,2021-09-08 14:35:03,"【最满意】第一次去店里看到实车的时候，名爵6 Pro给我的感觉就是太帅了，同价位的本田思域、领克03都去看过实车，但老实说它们都无法给到我名爵6 Pro这样的感觉，比如它大尺寸的中网设计，熏黑的轮毂、红色刹车卡钳以及原厂就配备大尺寸的尾翼，在这个价位下能看到很多性能车才配备的东西，第一眼见到名爵6 Pro的时候它真的很吸引我。
当然，名爵6 Pro的内饰设计同样很有运动感，比如方向盘双红色的一键启动按钮、黄色的安全带设计以及运动主题的全液晶仪表。所以，名爵6 Pro原厂状态下给我的感觉就像是一台改装车，这种感觉我很喜欢。
【驾驶感受】在看完实车之后，我就在4S店里约了试驾，名爵6 Pro的动态部分相对来讲是让我有点小失望的，它的方向盘的精装性没有达到我的预期，底盘感觉也是在舒适性和运动性之间有点模糊不清，当然，它的优点也是很明显，油门反应很积极，刹车制动力也非常不错。同时这台车还配有可开启的阀门，如果你喜欢跑赛道，这台车确实还是值得推荐。
【乘坐体验】名爵6 Pro的前后排舒适性还是不错，座椅软硬适中，但空间方面我稍微吐槽一下，我的身高是179cm，实际体验了后排之后，名爵6 Pro的后排腿部空间和头部空间显得有点局促，虽然轴距比本田思域要大，但对后排实际体验之后我认为空间还是思域强一点，后者后排地台也没有隆起，乘坐三个人也没有问题。所以，如果是家用，思域在乘坐体验上会比名爵6 Pro强一点，但如果只是个人使用，并且爱好驾驶、是一个颜控，那么名爵6 Pro无疑更值得入手。",3.86,dongchedi_incremental,False,dongchedi_incremental|unlabeled|mid,,,,,,,,,,
MG6,6903045326618234887,2020-12-06 15:41:26,"【内饰】名爵6延续目前主流的简洁布局，视觉效果清爽耐看。平底方向盘颇具运动感，并且左右两侧还增加了打孔处理，真皮包裹的材质手感细腻。个人认为中央通道是内饰最精华的部分，采用悬浮式设计，上面的实体按键都是按照依次排列，并且都侧倾于主驾驶一侧，方便驾驶员操控。同时通道下方还能腾出一点空间放置手机之类的小物品，这一点也能看出，名爵6对车内储物空间的利用，在细节方面做得十分到位。

【轮胎】18英寸黑色铝合金轮圈搭载了普利司通泰然者T005系列轮胎，规格为225/45 R18，每条售价约700元（市场价），轮胎厚度适中，不会显得特别臃肿，更加符合运动风格。在同级轿车中，18寸的大轮胎还是比较少见的，对于车身稳定方面有很大的帮助，但对于油耗方面来说会有一定的影响。

【悬架】名爵6采用了前麦弗逊 后多连杆式独立悬架，当然在遇到较大坑洼时，悬架也能很好的吸收震动，并且没有反复的弹跳，舒适性也能得到保障。悬架阻尼偏硬，在快速并线时能带来不错的稳定性。为驾驶者带来更强的信心。

【隔音】名爵6前排采用双层玻璃，能有效提升行驶时的静谧性。官方给出数据是怠速情况下是42.7分贝，而时速120km/h时是67.2分贝。在实际驾驶时时速达到120km/h可以明显感觉到发动机的轰鸣声以及胎噪声，而80km/h一下，相对比较静音，只有细微胎噪干扰，不过并不影响体验。
【动力】名爵6搭载1.5T涡轮增压发动机，最大马力181匹，匹配7挡湿式双离合变速箱。这台湿式双离合变速箱，在温度控制方面比干式双离合更好，更无需担忧耐用性层面的问题，整体表现还是非常不错的。起步和加速时升挡几乎没有顿挫。并且对于深踩油门后降挡的判断也很精准、迅速。在中低速时深踩油门可以带来一定的推背感，不过受制于排量的限制，在中后段的加速中动力储备并没有很充足，即便是深踩油门，也没有很强的动力输出，但是还是可以满足日常驾驶需求。",3.86,dongchedi_incremental,False,dongchedi_incremental|unlabeled|mid,,,,,,,,,,
MG4,7576588473893654553,2025-11-25 17:15:29,"【让我决定购买MG4的心理历程】
手里有一台可报废的车，今年一直在观望，之前看中的是星愿，但是价格和配置不够让我心动，直到8.30号在网上刷到了mg4，被价格吸引到了，配置也比较满意，空间挺大的，后来去试驾觉得很容易操控，给店里交了定金就回去等车了。

【1000多公里用车感受之缺点】
1.等车时间太久了，下定时说9月底交车，中间我一直催，结果愣是等到11月才提车，差点错过报废补贴。
2.下电或者停车状态，有时候会有异响，不知道从哪个地方传出来的。
3.每次开空调是内循环，关了空调就自动变成外循环了，为了避免晚上有小动物钻进车里，还需要手动切换成内循环，希望改进这个问题。
4.在车内按下锁车键后，坐后排的人拉一下门就打开了，跟没锁一样。
5.车机语音不智能，喊它关闭车灯，它说它不会这个技能。
6.明明设置了默认播放器是网易云音乐，很多次都自动变成蓝牙音乐了。
7.升级的1.1版本，全景影像老是出现错位情况。
8.速度60km/h时，不能开窗户，玻璃会共振，还有就是胎噪声太大了。

【1000多公里用车感受之优点】
1.最满意的地方就是空间很大，后排坐180以上的男生，腿部还有很大空间，后备箱也很能装，下沉式后备箱可以装很多东西。
2.性价比高，这个价格能买到这样的配置很不错了。
3.开起来很稳当，跑高速不飘。
4.有540度影像，停车很方便，再也不会因为停车而头疼了。
5.方向盘可以调节轻重。
6.雨天影像功能很好用，晚上或者下雨天看外面看不太清，打开这个功能就可以了。
7.续航电耗扎实，上下班电耗大概是在11左右。

【充满电所需时间】
我用快充大概是1个小时充满，慢充从25到100，用了10个小时。

【裸车价格及赠品】
我没有小定优惠，裸车价格是76800-3000=73800。除了贴膜脚垫，还另外送了2次保养。保险4200，600上牌费。

【实际续航电耗】
官方标的437km，我没测过实际能跑多少，预估跑390应该没问题。日常通勤能耗在11左右。

【内饰选择】
这个车内饰颜色只有蓝色和紫色，个人觉得紫色更好看，就是中控台反光比较明显，不过问题不大，买个避光垫就解决了。

【座椅车机功能】
座椅是电动的，可惜没有座椅记忆功能。车机一般般吧，可以下载的软件太少，自带的百度地图不好用。没有carplay，苹果手机只能投屏。

【购买配件及花费】
我给车上买了tpe脚垫、后备箱垫、牌照框、避光垫、停车装饰牌、方向盘套、屏幕钢化膜、全包座椅套、后备箱灯、手套箱挂钩、储物分格、钥匙套、一体硅胶垫、头枕及腰靠，这些总花费1068。贴膜花了1000。

总体来说推荐购买，这款车很适合女生开，加速刹车效果都很不错，有预算的车友可以买智趣版，续航更多，还有智驾功能。",3.69,dongchedi_incremental,False,dongchedi_incremental|unlabeled|mid,,,,,,,,,,
MG6,6984308894818373670,2021-07-13 15:25:35,"刚开始购车的时候考虑的本来是BJ40和两厢思域的但是查了很久资料总觉得BJ40油耗偏高后来就考虑其他车型，两厢思域在那个时候对比下来还是相当有优势的，造型  空间都还可以但是考虑到家里已经有一辆两厢车和一辆SUV后面我就把目光转向了轿车后来再广告上看到名爵6就在我眼前一亮 运动套件  造型独特  还自带尾翼 当时就深入我心隔天就去4S店试驾订车了 后来就是被当猪宰了 21年2月拿到的车20款T豪落地算了13.8 后来因为喜欢也没过多计较了就是有点后悔没上顶配
【外观内饰】 外观比较喜欢就是溜背没溜到位，内饰也年轻化， 就是中控台塑料件很减分要是包起来就好了
【动力】 7档湿式双离合，超车没有过多的拖泥带水，但是涡轮总是会延迟点时间才能介入，（深踩油门，动力反应迟钝）不过涡轮介入后动力是可以的
【油耗】 全高速的话可以到6.几左右，但是在城里我感觉一箱油就400左右油耗还是偏高了
【保养】 目前保养过三次第一次首保也多出了260换全合成机油剩下两次都是700左右 一次是在4S店一次是在途虎感觉保养成本有点高 也不知道是不是我自身的问题",3.36,dongchedi_incremental,False,dongchedi_incremental|unlabeled|mid,,,,,,,,,,
MG6,6995081882945720353,2021-08-11 16:10:17,"车型：17款手动豪华智联版
车龄：3年1个月
裸车价：10.78万
提车城市：苏州昆山
目前行驶里程：7.5万公里
------------------------------/
优点：外观好看，空间够大，动力强劲

买车3年多了，当初也没研究过什么车，选车就三点要求，外观空间动力，名爵6的出现让我直接排除了其他同级别车型，不管是自己开，还是作为家庭用车，都可以很好的满足需求。

外观来说，二代的造型比一代好看太多，让外观党欲罢不能，包括后来的三代，再到现在的PRO、X。不得不说，上汽很懂年轻人的心。

空间来说，掀背的后备箱随便在哪个停车场马路边，都是高吸睛的存在，开口大，放什么都轻而易举。后排空间比我坐过的很多SUV都大，本人身高175，坐后排半躺绰绰有余。

动力来说，1.3吨的车重，1.5T169匹的动力，真的很够用，在马路上超车提速真的轻而易举，特别我还是手动挡的，这个动力真的很让我满足。

刹车响应快，刹的心中有信心，不会柔柔弱弱很无力的样子。都说悬挂硬，可能我车子更换过改装避震，重新换回原厂之后，感觉原厂避震就像移动的沙发一样，很舒服。

------------------------------/
缺点：胎噪风噪大，隔音效果一般

关于隔音效果，怎么说呢，可能价格就在这里吧，开过几款同级别的车，其实在胎噪风噪的处理上，基本没区别。

最后关于大家关心的油耗我说一下吧，我的开车环境基本出门就是国道，路况好，但是车子多，特别是电瓶车摩托车到处乱窜。而我个人我不是个耐得住性子的人，开车都比较暴力，所以会很频繁的地板油去超车。目前加95的油，一箱油基本在550-600公里左右，如果按刚买车时候的开车状态，慢慢悠悠，一箱油相信开到650向上是没问题的。",3.89,dongchedi_incremental,False,dongchedi_incremental|unlabeled|mid,,,,,,,,,,
MG6,6997685818689064973,2021-08-18 16:34:53,"外观方面，新款的名爵6 Pro在外观设计上可谓把张扬这个词发挥的淋漓尽致。超大尺寸的的进气格栅内部采用黑色网状的中网造型，并且辅以黑色装饰条的点缀。大灯采用分体式设计，狭长犀利的灯组造型非常有攻击性。同时新车还搭载了黑色的五辐式轮圈以及大尺寸的固定式黑色扰流板，整体对运动氛围的营造是非常到位的。作为一台量产车，名爵6 Pro在外观上的改进空间已经很小了。

内饰方面，名爵6 Pro延续了此前名爵6的设计，不过在其基础上，名爵6 Pro在方向盘两侧增加了翻毛皮的材质，同时在中央通道和座椅、方向盘等多处增加了亮黄色的缝线和元素点缀，对整体运动氛围的营造还是比较到位的。

配置方面，作为全系的顶配车型，1.5T 自动Trophy智驾旗舰版车型搭载了360度全景影像、远程启动、全液晶仪表、内置行车记录仪、前排座椅加热、BOSE音响、雨量感应雨刷等配置，对于这个级别的车型来说，舒适便利配置已经很到位了。而相比次顶配车型价格增加6000元，顶配车型配备了全套的主动安全和驾驶辅助功能，可以说性价比很高了。

空间方面，溜背式车身造型以及偏向年轻运动的定位总让人担心名爵6 Pro的后排空间是否被大幅牺牲了。不过实际体验下来，其后排空间表现与同级别主流轿车基本相当，对于175cm左右的乘坐着来说，腿部空间两拳三指左右，头部空间超过一拳，这样的空间表现已经足够满足日常的使用。

动力性能方面，名爵6 Pro搭载了最大功率181马力的1.5T发动机，匹配7速湿式双离合变速箱。对于一台有运动风格但仍是以满足日常使用为主的车型来说，这台车的动力表现可以说足够充沛，同时变速箱的换挡动作也足够平顺，应对日常驾驶时能够令人满意的。同时名爵6 Pro还配有可开闭的排气阀门，进一步营造整体的运动氛围，给人带来更强的感官上的刺激。但说到底，名爵6 Pro仍是一台家用车，在换挡的平顺性和换挡速度上，它还是选择了前者。

底盘方面，名爵6 Pro在调教上确实展现出了一定的运动感，方向盘手感比较紧致，车头响应性也表现的不错，不过要是以真正的运动或者说性能车型的标准要求它，名爵6 Pro还是显得有些买菜。悬挂的支撑性为了保证日常舒适性并没有做的很极致，表现是能符合预期的，当然在家用车中，它的悬挂还是偏硬的。另外值得一提的是，名爵6 Pro的隔音表现在同级别车型中是做的比较好的，尤其是中高速行驶时，车内表现得比较安静。",3.86,dongchedi_incremental,False,dongchedi_incremental|unlabeled|mid,,,,,,,,,,
MG6,7003348380822802472,2021-09-02 22:48:31,"【购车经历】
家里有一辆车了，还有一个占标车，心想今年把占标车卖了买辆新的让媳妇开，她呢，为了省钱就不想今年买，在我的劝说下终于是买了。一上来看了一堆b级车，钟意阿特兹，君威GS，亚洲龙，力狮，后来觉得就是个代步工具，没必要花那么多钱，而且媳妇也是练手，选择范围就变成了帝豪gl，科鲁泽，帝豪没试驾，然后整体感觉就是不是年轻人开的。试驾科鲁泽了，1.3的，落地8.6，送6年基础保养，谈不下来了，在低速的时候不刻意感觉不到抖，速度起来了没问题，这个价格这个动力，要啥自行车。本来4s要是优惠2000我就定了，他就给我咬死了8.6不优惠，我就走了。然后前一天晚上在二手车上看见了MG6，二手车9.9顶配，正好里雪佛兰不远，就去看了，一问是上汽认证的二手车，4s的试驾车，跑了5000公里，送终身基础保养，3年保修，包过户，一看比科鲁泽贵了1.4万，但是级别高了，买吧，最后还送了强险和车船税。

【最满意】
颜色就是绿色的，好看，动力足，掀背车，后备箱大，配置高。
【驾驶感受】
家里的车是雷凌双擎，开习惯后再开名爵的感觉就是起步的时候这是什么破玩意，太窜了，这变速箱和发动机匹配是什么鬼，但是速度上来后就没有这种感觉了，起步的感觉太差了。
【油耗】
之前看小熊和论坛里的油耗大概了解了8.5左右，实际我开了400多公里，平均时速29㎞，表显油耗7.8。
【最不满意】
我对这个车有三点不满意，
第一个就是刚才说的起步窜的问题，驾驶模式调整到经济模式会好一些。
第二个就是车里的塑料件太差劲了，这是十多万的车的水平？？？我以为两元店买的塑料玩具了，主要体现在后视镜的塑料部分，天窗的塑料部分。说实话，你提升下基础的用料和做工是会增加成本，你减少一些没用的驾驶辅助功能，运动车型要那么多驾驶辅助干啥，基础用料和做工写不进配置表里？
第三个就是，我这是一年的二手车了，车里还老么大的新车味儿，还是第二个问题，咱们基础用料不能好点吗？家里三辆车，雷凌和名爵6都是味道经久不散，一年以上吧，远景X6就是最便宜的，但是味道也有，但是一个月就没味儿了。
写在最后，我买名爵6之前是去4s试了，但是试车的时候是地板油，所以没发现窜的毛病，所以提醒大家，试驾的时候也是要按平常的习惯去试。
【提车价格】
车9.9商业险0.22贴膜0.14脚垫0.03车载净化器0.03合计10.41。
最最后，绿色的车漆容易让绿色的虫子🐛以为是同类，😂",3.21,dongchedi_incremental,False,dongchedi_incremental|unlabeled|mid,,,,,,,,,,
MG6,6950435921619587079,2021-04-13 08:41:09,"名爵6作为上汽乘用车2020年推出的重磅车型，在上市之初可是担任着挽回名爵品牌销量额重要任务，最一开始它的销量确实有着这样的潜力，可是随着时间的推移销量持续下滑，最近有朋友问我，现在想要入手一台名爵6 2020款 1.5T 自动Trophy数字曼巴豪华版不知合不合适，现在我们就从一下几个方面进行一下简单的评析。
1、外观方面：名爵6的外观设计还是主要以年轻、运动作为主打，高颜值的设计还是吸引了不少年轻人的注意，名爵6从车头看过去还是非常具有战斗气场，亮黑设计的数字燃动进气格栅、LED粒子流尾灯让名爵6Trophy充满了浓浓的运动美学设计感，出厂既是改装车，对于改装爱好者算是一个福音。
2、内饰方面：名爵6在内饰方面的设计还是能偶满足大部分年轻人的用车需求，12.3英寸的全液晶仪表盘搭配上10.1英寸的IPS魅彩硬屏，不仅看上去很有科技感，在日常的使用过程中实用性也很强，双大屏搭配让用户体验更佳，内置的车机系统使用起来还算流畅。
3、配置方面：在车身的安全配置方面还是比较丰富的，如，车身稳定系统、刹车辅助、ABS防抱死、胎压监测等都有配备；舒适性配置方面满足日常还是没有问题的。
4、空间方面：车内的乘坐空间整体来或满足日常使用还是没有问题，前排头部的空间还是比较富裕的，只是后排的满载能力有待提高；掀背式车身设计在拿取物品时还是比较方便的，后备厢容物能力比较符合预期。
5、动力方面：名爵6搭载的是一套1.5T涡轮增压发动机+7DCT的动力组合，动力响应速度还是挺快的，动力储备也比较厚实，日常使用没有问题。
敲黑板
1、在售后方面是很多用户反应比较强烈的一个问题，在用户体验感上会稍微差上一些
2、舒适性的配置虽然够用，但是在自主品牌中，12万左右的价格智能辅助系统配置较少，舒适性的配置也相对欠缺一点
3、作为自主品牌，优惠力度还是小了一点
购车费用：车型指导价为12.68万，终端供应商优惠0.7万左右（具体以当地经销商为准），裸车价格为11.99万，车辆购置税10336元，上牌费用500元，车船使用税420元，交强险950元，商业险4236元，最终全款预估到手价为13.65万元左右。
总的来说名爵6 2020款 1.5T 自动Trophy数字曼巴豪华版外观够时尚，内饰设计相对来说也还算良心，只是在配置方面的表现稍微欠缺一点；如果不是特别着急买车的话，不妨去对比一下同级别其它车型再选也不迟。",3.79,dongchedi_incremental,False,dongchedi_incremental|unlabeled|mid,,,,,,,,,,
元UP,7565489267305107518,2025-10-26 19:27:00,我这里是县城，只送膜和脚垫。车辆10月生产的，目前行驶230km，总体来说还可以，70kw动力对我来说够用，如果喜欢激烈驾驶的就不够了，红绿灯起步有点肉。目前app上看不到充电功率，版本1.0,4.2,old_v1,True,old_v1|legacy|high,0.0,0.0,0.0,-1.0,0.0,0.0,0.0,0.0,-1.0,0.0
宋L EV,7511682034461331481,2025-06-03 19:29:00,"买了一年半载拖到现在才来认证哈哈哈太懒了
【购车经历】
买车前在小鹏p7i，问界M5和宋L这几款车里纠结，但是刚开完宋L发布会第二天就去4s店订了，等了一个月才提车，本来想上四驱顶配的，但是销售说次顶配够用了，就没再坚持，订了662灰色，从提车（2024.1）到现在（2025.6）一共开了两万五公里
【提车价格】
加了6000的感光天幕，保险5500，刚上市的时候没有优惠
【空间表现】
还可以，比家里那辆紧凑老丰田好，平时上班午休的时候可以不用睡办公室了哈哈哈，买了一张后排床垫，后排放平就成了移动大床房，能睡得很舒服
【续航能耗】
市区经济模式基本能1比1，但是我开车比较激进，总看不得前面有车，总是大脚踩电门，运动模式市区九折吧，高速的话就耗电量高了，卡着限速120时速续航六折😂市区电耗百公里15kw左右，高速20左右
【辅助驾驶】
高速勉强能用，但是要经常介入，智能泊车不如我奶奶停车，AEB试过一两次抽风，虚空急刹
【智能座舱】
ota了三次吧，但是还没给我推最新的2.0，听说要更新哨兵模式和加入ai大模型了，挺期待的，毕竟画了快两年的饼。香氛味道一般，音响不好，白瞎了这丹拿
【充电时间】
送的1.5kw随车充要50+个小时（忽略）7kw家充12个小时，高速快充从20%到充满要接近一个小时
【服务体验】
总体来说4s店还可以吧
【维修成本】
从提车（2024.1）到现在（2025.6），遇到过两次小事故，出了一次险，换了智驾和车门控制的一个小零件，保险赔了7千多，不懂贵还是便宜，保险第二年4300，估计明年要涨回五六千了

【最不满意】（应该是发现的各个小毛病吧）重点来了！
1、方向盘偏硬偏重，调了舒适会好一点，但还是重，没有家里那辆丰田方向盘这么轻盈（可能这是运动车型的一个特点？）啊对了，车门也重，估计是用料比较厚实，快练成麒麟臂了。
2、停车场景，轻轻踩刹车的时候，车停下来前的那两三秒会咯吱咯吱的响，刚提车的时候一直到现在还有，我刚开始还以为是新车都这样，没想到磨合了这么久，2.5W公里了还这样，等有空得去4s店看看了
3、空调声音有点不懂怎么说
风量小的时候还好，把风量开到最大的时候，压缩机的声音咯吱咯吱的，它不像我旧的那辆油车开最大风量正常轰轰的声音，是咯吱咯吱的，服了，这个也得等有空的时候去4s店看看，看看别的车是不是也这样
4、50英寸的AR HUD啊……整成这鬼样，浪费，一点也不AR
5、最不满意的，就是保值率和价格了，之前极氪001一年三代同堂我还嘲笑了一下，如今宋L也是，绝了，我是小丑。24款，24智驾款，25智驾款一起在24年出现，byd癫了，这么卖这么背刺真不怕老车主伤心？你让一直支持你的老车主怎么想，反正以后换车应该会着重考虑一下这个品牌的调性了，总感觉买了之后一出店门口就变古董车了。
其他的暂时想不到了，还有的话之后我再在评论区补充",4.1,old_v1,True,old_v1|legacy|high,0.0,-1.0,1.0,0.0,-1.0,-1.0,-1.0,-1.0,-1.0,-1.0
风云A9L,7562509651313446937,2025-10-29 00:56:00,"一、选车对比：
其实看车是从20年就开始了，但是下决心买还是今年下半年。一直都很喜欢轿车，当年看的还是油车，星瑞8、艾瑞泽8、univ、影豹这些，如今回头看也大都经过了市场的考验。后来byd销量爆炸、一堆新势力横空出世，逐渐开始关注新能源。但是到如今电池技术还是迟迟没有突破，我过年过节必须跑450公里的高速回家，小伙伴们每年都会堵车4到8小时，担心充电问题，所以纯电不考虑，只能买混动。但是又想尽可能地贴近电车的体验，那电池自然是越大越好。
8月，在试驾了一圈15万以下的混动轿车之后，发现各家都会提供免息或者低息贷款，而加钱是真可以说一分钱一分货，最后一咬牙把预算提到了18万。挑到9月中旬，落入决赛圈的就是a9l、10emp、钛7这三台新车。一番纠结之后，总结了自己的核心需求：大电池、安全、轿车。10emp很帅，但是240版本比a9l贵一万左右，宣传重点的激光雷达智驾和四驱都很好，但是优先级还是在大电池后面。a9l的底盘拆解视频网上一堆，但是10emp抬底盘的视频就两三个，看起来中段还是没有隔热瓦，到底是新技术还是减配，心里还是打鼓。
二、购车花费：
9月14号下定a9l，10月1号销售说从上海调来一台，但是国庆节不能上牌，所以最后正式提车是10月12号。落地价就是裸车17.29万+保险6975+上牌费500，没有其他费用，当然也没有优惠。办了厂家的十万三年免息，4s店说办贷款发票都要低开七千七，所以发票上价格是16万多。店里送了脚垫和膜。另外app上会发一张优惠券，然后花了999在商城里买充电桩。
三、印象最深的优缺点：
1、优点：配置划分舒服，全系都有大电池和铝底盘，低配也没有在气囊上动刀，安全性高。车子很大，外型和车漆很棒，有那种几年前汉上市时给人的感觉。氛围灯和音响让人惊艳。
2、缺点：车机芯片没有用最新的8295，智能化水平和智驾一般般，电耗油耗偏高。动力肉，不是能给人驾驶激情的类型。9月相比8月涨价了，不再免费送充电桩。排产不够多，我提车算快的，网上很多人抱怨都是要等一个多月。
四、用车体验：
1、驾驶感受：底盘低速有点晃，高速过坑很稳，信心很足。方向盘高速时会变得很重，也可能是车道居中辅助系统的作用。动力肉，起步要把油门踩深才行，并不是线性调教，调得像油车。刹车也有虚位，前段太虚，没啥信心，后段力度又突然变大，我老是踩出顿挫。
2、辅助驾驶：智驾不太敢用，目前用的最多的就是泊车，很好用，常规的车位都可以顺利停进去。附带的一套主动安全配置也好用，尤其是后侧预警，变道帮大忙了。低速时转向会自动跳出360，超过30码就没有了。要是有转向补盲就更好了。
3、车机：还有优化的空间，下拉菜单会掉帧，开机要个几十秒。360出现过一次卡死不动的情况。目前能用的app很少，白瞎这个大屏了。分屏应用不能自由调整大小，导航从大屏到仪表不能三指飞屏这样快捷操作，而是要用方向盘按键，先调出导航卡片再长按滚轮，不够方便。我用的红米，iccoa连接车机并不好用，支持的app很少，也不能多应用分屏。
4、续航：偏高，不过我早有预期，能够接受。上下班低速开，纯电开到200是没有问题的，但是跑高速、开空调、放音乐视频，续航会降很多，尤其是天变冷了，有个160多吧。馈电油耗也不低，像每天跑40公里左右、中间跑几十公里高架的情况下，馈电油耗在6个以上。
5、功能布局：我选的橙色内饰，整体来说能够让人满意。手摸的地方很多都做了软质包裹，但是皮质包覆面积偏少，尤其是内门把手那一圈，手一摸都是硬塑料。新车有塑料和皮革的那种味道，而且并不小。氛围灯极其好看，看着就觉得舒服。脚灯扶手箱灯后备箱灯都还可以，但是没有手动开关，使用不太方便。后视镜上还有迎宾灯，不是很能欣赏，但是灯效也不错。音响听起来不错，毕竟23个喇叭嘛，但是听不太出来不同声效的区别。放大音乐，门板会有振动的情况。座椅略硬，包裹性一般，配置齐全，通风加热按摩都有。副驾给了零重力座椅，体验蛮好，就是脚部空间不太够，不能抬到舒服的角度。主驾要是也有就好了。隐私玻璃很黑，前后排双层玻璃的隔音效果不错，开起来风噪还好，主要是胎噪。香氛系统体验下来也很棒，有迎宾功能，一拉车门上车就能闻到味道。
6、加装：不要着急买那些车品！唯一刚需的就是停车牌和行车记录仪U盘，其他的都可以等等，我就是买了一堆有的没的，吸尘器啦充气泵啦搭电宝啦，都吃灰了，没必要，别乱花钱。车机性能也足够用，手机支架不是刚需。建议先开一个月，再看到底要什么。
7、空间：乘坐空间很充裕，后排座椅能够跷二郎腿，但是后排坐起来并不舒服，会感觉靠背不够躺，坐垫也不够长。如果后排常坐人，建议买个腰靠。储物空间还算够用吧，门板上开了个雨伞槽，好评。中控台下的镂空空间不好用，正常驾驶姿势并不方便从里面掏东西。后备箱垂直高度不大够，无法竖着放下桶装水。",4.1,old_v1,True,old_v1|legacy|high,1.0,1.0,1.0,-1.0,-1.0,1.0,-1.0,1.0,-1.0,1.0
AION UT,7485005183093592089,2025-03-23 22:41:00,"车整体比同级别的大一圈，长宽高，轴距都大一点，车内空间完全不会挤，有放电功能有时候可以郊游当个充电宝用，用了215的胎宽，跑高速不会飘，整体非常稳，电机是100瓦的提速也非常快，不会肉，内饰能摸的到的都是真皮，整体质感非常好，储物空间也大，车机反应数度也快，整体的功能都有了，语音唤醒数度也快，因为才提车几天上下班用满电可以跑多少不清楚，但是现在城市跑电耗11左右，整体下来这车还是非常不错的，小车最注重安全，全车钢非常厚实，重量也重，电池号称枪击不着火，拧成麻花都可以。


缺点有1：没有送充电桩，这点感觉不够全面2：刚提车新车味道比较大。
3：配置够用但是还是缺一点实用的，比如蓝牙钥匙，锁车自动升窗，锁车自动折耳，这些都要顶配才有，钥匙支配一把。",4.6,old_v1,True,old_v1|legacy|high,1.0,1.0,1.0,1.0,1.0,1.0,1.0,-1.0,1.0,1.0
奥迪Q5L Sportback,7229223111495782433,2023-05-04 15:44:00,"用了半年来说几句供未来车友参考
【购车经历】
二月订车等了整半年 选红内估计更久
【外观】
看中外观买的，隐藏式排气真的拉低颜值
没等到改款的自带黑标 略可惜
顶配是碳纤维内饰条，所以内饰还看得过去
在4S贴了车衣 1个w 现在中国的用/停车环境 感觉车衣还是很有必要的
【油耗】
奥迪确实省油，就是表显续航水分太大，启动一次跑一段就掉10公里
【驾驶感受】
起步稍肉，深踩很爽
矩阵大灯真亮但一个4.9w 切记小心“护灯”别问怎么知道的。。。顶配尾灯也很有辨识度
都顶配了 还是没有HUD 选配还将近2w 离谱
车机固件更新到最新版本后流畅多了 用户也没有再登出过 还能投屏车机的高德地图 增添不少科技感
App 不好用！！！基本只能用来看个车辆定位和截屏自我安慰
【提车价格】
买的时候正贵 贷款不算利息落地近48 没什么参考价值 现在肯定比这价钱便宜

另外，想求一个淮安或者江苏的车友群，想找个组织请教请教改车的经验，谢谢大家！",4.3,old_v1,True,old_v1|legacy|high,1.0,1.0,0.0,1.0,0.0,0.0,1.0,-1.0,1.0,-1.0
皇冠陆放,7058273946365333543,2022-01-28 23:07:00,"整体感受大于预期，看网上很多人吐槽它发动机噪音大其实不大，比汉兰达隔音要好些，只是这个发动机的声音不好听，闷呲闷呲的 突突突，，哈哈，等车时间无比煎熬，要买车的朋友做好打算，这个车外观无敌，谁看谁喜欢，真的，一开始530，Q5L，X3，汉兰达，都试驾过，这车行驶质感，舒服度能以上几台车要好，530提速稳定性好些，但是论乘坐舒服度，还是陆放好些，我和老婆都同意这个说话，油耗可能新车一百多公里吧，这阵越跑越高，，是不是东北天冷开空调啥的也没管它，目前11了，老婆本来不喜欢这车，慢慢给洗脑，哈哈等车一百多天，洗了一百多天，提车之后，不管去哪里都能成为焦点，经常会被问这是啥车，多钱买的，要不是就是碰见俩口子那种一起看还说老公我们也买这个吧，我都有点害羞了，外观啥的确实好看，最后奉劝一句要买尊贵的朋友你要是不差1万8就拿顶配吧，音响长年开差点不是一星半点的真的后期改也不少钱的


【购车经历】
老婆喜欢宝马，我不喜欢，我喜欢汉兰达很久了，以前起亚车 一直想换来着，机缘巧合下跟老婆逛车展看见陆放了，顿时吸引，，，啥也看不上了就要陆放了，跟俩销售一伙成功给老婆拿下交了五千定金。建议大家不要光看网上评论，像我一样挨个试驾，也不要钱，不行多试驾几次！
【最不满意】
咋说呢，这车噪音不大，就是发动机的声音不好听，闷屁似的，突突突！突突突突！感觉是发动机动力有些带不动这么重的车！还有一点我不满意的就是副驾驶不能高低调节，为啥要这么抠，都顶配了，你还要我怎么办呢？各种舒适功能也只是够用，能用，一点都不能有惊喜！唉太丰田了！还有后背箱有个坡不好，拉个球，后备箱就是弹弹乐了
【油耗】
油耗真的低，我个人油角就重，还经常短途行驶，车上显示综合油耗超不过9个油，前一阵去唐山 来回1千多公里，加满油跑的，中间回来又加了一次是460元（95号）到家下高速时又加了274块钱到跳枪，显示一共跑了1112公里，一公里合6毛多吧，我这在我们群都是高油耗了，你们说行不行这么大个车！
【驾驶感受】
整体行驶感受不错，感觉跟轿车差不多的舒服，真的，这套悬架底盘特别舒服，让你不想激烈驾驶，过个坑啊包的，都挺柔和的，感觉比五系舒服，但是行驶质感没有五系，有种东西叫免费试驾不花钱的，奉劝各位观望的朋友多去试驾，多去好好感受，总有一款适合你的",4.4,old_v1,True,old_v1|legacy|high,1.0,0.0,0.0,-1.0,1.0,1.0,1.0,-1.0,0.0,1.0
奥迪E5 Sportback,7565901975284355097,2025-10-28 20:48:00,"一开始只是因为老车跳了好多故障码，顺嘴提了一句，结果掌握财政大权的母亲大人，立马拍板决定把家里我爸的20年老车拿去置换一辆纯电，打算全面拥抱新能源，没想到居然有国补，拿报废更划算，等于车价直减2w，然后预算又蹭蹭的涨到了30，这就不得不开始做功课了。
长话短说，排除掉一些交车时间巨长，品牌争议巨大的车。25-35的范围，可选的车型分别是ModelY长续，极氪001，领克900，理想i8。
特斯拉ModelY：你猫哥曾经说过，当你没有特别喜欢一辆车的时候，或者挑花眼了，不知道买哪个，就选特斯拉，它的定位就是一个兜底，保底的选择。备选！
极氪001:坐上去的感觉棒极了，音响效果简直爆炸，而且焕新001马上要上了，芯片算力都有提升，外观也是没有大改，试驾以后底盘也很稳，犹豫焕新版还是老版ing。
领克900，魔毯智能悬架过小坑啊转弯啊，加速，都比i8的感觉好多了，加上后排也有i8一样的娱乐屏，家庭出门的不二选择，更犹豫了。
理想i8，乱停车的梗过不去了，不敢买了，哈哈哈；唯一pass了
正打算抓阄的时候，没有了4个圈的奥迪还算奥迪吗的这个话题成功留住了我，好奇点进去看了一下，就是你们懂一句话吗？就是当它出现的时候，别的，都只能是将就，没错，他就是E5Sportback，越看越爱，越看越喜欢，是它就行。
一开始联系销售的时候还没有试驾车，就只能一遍一遍的问，终于可以试驾了，立马赶过去签协议试驾，你别说，还是德国奥迪的那种感觉，底盘就一个字，稳。试驾也是momenta的，小定还送电子后视镜，感觉诚意拉满。
然后就是小定等发布，没想到发布会还有一个1w的保险补贴，惊喜连连。
接下来就是催着结款，催着办手续，催着交车。
当当当，终于提到车了，不得不说，四个字母越看越中，压根没想着说改回四个圈。Audi就足够证明一切。

一句话，在这个浮躁的社会，坚持自己，本就不容易，有一个自己喜欢的，就大胆的去做去抓住。",4.3,old_v1,True,old_v1|legacy|high,1.0,0.0,0.0,0.0,1.0,1.0,0.0,1.0,0.0,1.0
IQ锐歌,7198344195306688564,2023-02-10 10:37:00,"优点：外观很漂亮，空间足够大，内饰也有设计感，有品位。座椅很舒服，按摩腰托加热通风都有，后排带独立空调和座椅加热，全景天窗可开启，acc lcc 主动防撞都有。总之基本该有的功能都有。续航很扎实，充电地图也好用，签约的充电站覆盖面足够了。最要表扬的是机械素质一流，底盘调教很棒，驾驶和动态乘坐体验远超那些所谓带空悬的新势力。
缺点：1是车机。中控大屏硬件到位了，但是车机软件稳定性和健壮性不够，菜单的易用性也不算很到位，总之车机的用户体验需要提升。2. 承诺的功能不能如期交付，确实遗憾。尤其是行车记录仪要年底ota，这个不合理，如果环视影像记录有难度，那厂商可以先提供一个前拍的基础版，满足行车记录的基本要求。
总之，还是基本满意的，车子硬件能力认可的。用户体验还要提升。ps，不是托，有一说一的车主。",4.9,old_v1,True,old_v1|legacy|high,1.0,1.0,1.0,0.0,1.0,1.0,1.0,1.0,-1.0,0.0
海豹06EV,7607925798405689368,2026-02-18 04:00:00,"外观还是比较喜欢的  简单不复杂
内饰对我来说还行  能接受 主打一个素 不喜欢那种到处都是按键啥啥的 
空间还行  300斤的我  虽然略微拥挤  但是主驾舒适度还是不错的 这个可以点赞
续航也够用 一周一次 那种每天动不动跑  500 1000公里的建议买油车！
贴膜后悔了  找机会还是贴个半透的
对我来说最大的缺点没有电尾门  没有电尾门   没有电尾门  好想去装一个🥺🥺🥺
至于舒适度豪车俺也没坐过  至于几十万的车嗯...作为普通人  略微对比没啥感觉  毕竟现在的路都好😅😅😅
关于胎压 4s店打的  具体多少好 俺也不知道  就这吧....

这车没有啥特别大的优点！也没有啥特别大的缺点  中规中矩家用代步  属于城市道路你随意   高速咱们一换一😆😆😆😆",4.1,old_v1,True,old_v1|legacy|high,1.0,1.0,1.0,0.0,0.0,1.0,1.0,-1.0,0.0,0.0
海豹,7162931308824367136,2022-11-07 01:02:00,冲着外观买的，确实挺好看。参加了交车仪式，开了电动卡丁车挺有意思，办的还是挺用心的。当时还有2个小插曲，一是我以为临牌已经发到4s店结果没有，仪式结束销售帮我拖回去了，也没收我拖车钱。二是第一次验车发现轮胎扎钉子了，果断换车，等了两三天车就到了，销售还不停道歉，挺热情的。整个购车体验虽然有瑕疵还是挺愉快的。开了半个月300多公里，主要就是上下班代步，接接老婆下班，出去吃吃饭什么的，也不跑高速。对续航没什么焦虑。对零百加速也没有需求。驾驶体验还行，后排空间还算大的，但和汉比起来要小一点。方向盘挺轻的一个手操作没问题，不管打满还是半圈都很丝滑，指向性也很好。电门刹车很轻，脚很轻松，即使长时间等红灯踩这刹车也不会很累，最近一直在用自动驻车也挺好用的。转向灯不再是嘀嗒嘀嗒，音效挺好听的。平时一直用n模式动力回收标准加速和刹车都很平滑，跟车基本不怎么使用刹车，放掉电门速度很快就能下来。能耗个人感觉还行放个图大家看，基本都是开24-26℃空调的，不太喜欢听音乐除非老婆在车上。动力我个人觉得是够用了，加速是线性的，想爽切个运动模式也可以。快速过弯时拉扯感还行，底盘还是比较稳定的。倒车时刹车异响比较明显，特别是刚抬起刹车时，看评论好像是通病。80以上的高速行驶时噪音个人感觉不高。前唇比较低上台阶和下坡要慢，台阶超过十公分的就别上了很危险。360感觉还是挺准的，特别是小区倒车入库时，到红线时会有数字距离显示下车看过基本差不多。后排座位有点高，车内后视镜看会有遮挡视野。行人提示音其实个人觉得挺好用特别是小区里还能增加回头率但音效太难听了，如果有多种选择就好了。在外面充电都是用快充，对缩短电池寿命个人无所谓。基本30%就会去充电，充到90%左右结束差不多半个小时，要看充电桩功率大小。暂时就这些感受，欢迎小伙伴交流。,4.4,old_v1,True,old_v1|legacy|high,1.0,0.0,1.0,1.0,1.0,1.0,1.0,1.0,1.0,0.0
途岳,7298035630414499891,2023-11-06 01:47:00,"没啥好说的，1.5t发动机高速120转速2500，动力是有一些欠缺，但是日常代步够了，那天高速上跑了500公里，油耗在整整6个，市区高峰期堵车在9.5个，日常8个。作为自己的第一辆车，也考虑了挺久的，本来想提他大哥途观L或者他二个探岳，但是由于价格原因（其实就是自己不努力工作），还是选择了途岳。当时看的是两驱月尊版（两驱顶配），但是没现车，订车最少要等3个月，就提了满月版（两驱次顶配）。
也考虑过丰田锋兰达，哈弗大狗，领克01，本田XRV和低配CRV，最后综合下来，还是听从家人的建议选择了德系（我舅舅是机关小车班的，我舅妈是公交车司机，两个人的驾照都是A照，上述的所有车型都有过试驾，试驾都是我们三个人一人开一圈）。
然后提车第一天，应该是太高兴了有点得意忘形，快速路80的速度，我往右变道，另一辆车往左变道，我的右侧车门和他的左前翼子板顶上了，直接一血。我右侧两个门钣金，他左前翼子板和发动机盖直接变形（好在双方气囊都没爆）。最后责任划分一人一半，但是感觉挺对不起我的途岳的，出生第一天就遭受到这么严重的打击。
再说回驾驶体验方面，车子不到一个月跑了1500公里，高速、市区、快速路、早晚高峰期大堵车、夜里无人道路都跑过，除了高速上超车的时候动力有点不够以外（1.5T还要它怎样），其他时间都感觉完全够用。起步算是比较快的，比起以前开过的逍客（2022款）和天籁（具体哪一年的忘了，反正是v6的发动机），比不上天籁那种大沙发的舒适度，但是比起逍客的cvt来说没有那种肉肉的动力来的慢感觉。
再说大众给它配备的各种辅助驾驶。其实说到底，我在以前真感觉没啥大用处，我的观点是：开车毕竟是人在驾驶车，车的辅助驾驶再高级，再牛逼，也不能代替驾驶员的主观反应。但是在我开着新车拉了一趟来回500公里的高速以后，我发现，原来开车真的可以不用累着自己，上了高速，ACC一开，脚就放刹车上就行（有情况方便快速反应），各种影像提示，报警提示，无时无刻在保护着我。说完这些，就不得不提一嘴德系的灯，大众不愧是奥迪他大哥，这灯完全不用改。我同事有一辆A8（可恶，为什么他能买得起A8）日常代步他开cs75plus（改了激光矩阵灯，听他说一套灯改下来2万多），那天他夜里坐我车，我和他聊改灯的事，他直接告诉我完全不需要，原唱配的就已经很好了。
反正我也不知道写了这么多有多少有价值的内容，大伙当个乐子看就行了。如果能帮到各位，我不胜荣幸。
总之，途岳，以后的日子，拜托了。
最后的最后，放点图吧。",4.6,old_v1,True,old_v1|legacy|high,0.0,0.0,0.0,-1.0,0.0,0.0,1.0,1.0,1.0,1.0
马自达EZ-6,7597074264583311422,2026-01-19 22:08:00,同价位最优选择没有之一，虽说不够智能化，喜欢开车的朋友都知道，其他车的驾驶感觉没法比,4.6,old_v1,True,old_v1|legacy|high,0.0,0.0,0.0,0.0,1.0,0.0,0.0,0.0,-1.0,1.0
AION UT,7616285620654051390,2026-03-12 16:38:00,整体感觉中规中矩，我选的420低配。没什么配置，就是标配倒车碰撞预警。还不错吧。,4.2,old_v1,True,old_v1|legacy|high,0.0,0.0,0.0,0.0,0.0,0.0,0.0,-1.0,0.0,0.0
锐际,7303458110528557056,2023-11-20 16:27:00,"颜值仁者见仁吧，个人非常喜欢黑色的外观，再加上今年更换了炫黑轮毂，显得更加运动时尚。

【亮点配置】
 24款新升级了电动尾门和座椅加热功能，都是比较实用的配置，刚好天气转冷马上就用上了。

【动力表现】
动力更没的说，只要舍得踩油门动力随叫随到，目前还不到1000公里，正在磨合阶段，油耗10.3，在预期范围内，首保以后估计可以江到10个以内！


【购车经历】
本来奔着比亚迪秦去的，网上都说混动当纯燃油车开也才四五个的油耗，售价才10.8W,看过实车之后果断放弃了，外观还可以，坐进车内看到一乃乃的中控屏被果断劝退了，我电瓶车的中控屏都比它大！还有车门和内饰整体给人很廉价的感觉，最后果断放弃，刚好旁边就是福特四儿子店，进去一眼就被展厅里的锐际吸引了，看了下做工和内饰，问了一下价格也还能接受，深切体会到一分价钱一分货的道理，果断下单！谁让一眼就入心了呢！
【最不满意】
中控听说一直没有OTA升级，而且不能手机互联，这一点算是一个小遗憾吧，还有就是价格因为是新款上市没有太大的优惠，再早一个月的老款听说能优惠到4个W，后悔下手晚了，害！

总体来说还是相当满意的！后续使用中有啥问题再和大家交流学习，就酱……",4.2,old_v1,True,old_v1|legacy|high,1.0,-1.0,0.0,1.0,0.0,0.0,1.0,1.0,-1.0,-1.0
深蓝SL03,7496683290703712318,2025-04-24 09:19:00,外表也还行就是背刺车主刚买来不到半个月就出了个置换补贴五千,4.1,old_v1,True,old_v1|legacy|high,1.0,0.0,0.0,0.0,0.0,0.0,0.0,0.0,0.0,-1.0
艾瑞泽8,7164662964467798057,2022-12-06 15:33:00,"感谢圈主Vhvib推荐~
【驾驶感受】驾驶感受动力：发动机1.6T197马力最大功率145KW最大扭矩290N变速箱7档湿式双离合。这个动力已经满足日常的家庭出行需求。底盘滤震表现优异，过个坑不会太震，车身非常稳定，但是开运动模式暴力驾驶的建议关闭ESP。方向盘转向手感很轻松，感觉一个手指就能转过去。驾驶模式分为三档：经济/标准/运动。经济模式下运行平稳，脚力慢慢踩下时，加速很平缓。适合新手以及对动力要求不高的人驾驶。标准模式下运行就开始变得狂躁，脚力慢慢踩下到1/3处有明显的推背加速。适合日常的超车和变道加速。运动模式下轻轻踩下油门，动力澎湃，弹射起步，前轮有明显的打滑弹射。在运动模式下仪表盘的数字变为橙红色。非常激情。动力随叫随到。隔音也还行，目前没有大家所流传的A柱风噪。刹车踏板有时候会比较硬，有时候会比较软，我觉得应该是和车机系统力的防碰撞系统介入有关。辅助驾驶方面打开车道偏离辅助在65KM/H以上如果不打转向灯，系统会有一个回正的力介入方向盘。所以建议新手要关闭这个功能，只能驾驶这块目前用的比较少不做评论，我每次开的时候把脚放刹车上，就怕前方急刹或突然有车插道。这个功能还是相信自己比较好。

【空间表现】艾瑞泽8的车身4780*1843*1469，这个尺寸A+级轿车，前排主驾上对于我175的身高200斤的胖子来说正好，脚也能弯曲自如。后排空间上也很宽敞，我坐在后排膝盖离前排有3拳的空间。储物空间也很大，前排光放手机就能放2个，2个杯架，后面凹进去的可以放手机或钥匙，有个按钮的双开门柜子，可以放8瓶左右的矿泉水，还有制冷或制热的功能，后背箱空间也非常大，足足有470L

【油耗】油耗情况：92的油，成本比较低，目前我开了700公里，基本在市里走走停停，平均车速20km/H油耗在8个左右。之前去马山回市区走了湖底隧道，平均车速56km/h油耗达到了6个。目前就加2次油，还剩30%，算了一下基本一箱油可以跑600KM。

【优点】艾瑞泽8的外观造型美观，符合我的审美尤其是后背有轿跑的感觉。内饰方面，木纹门板加上电动座椅按钮，座椅感觉像电竞座椅，有6向调节，副驾有4向，舒适度不错，还有中控双联屏体现了整车的高级感。安全方面也值得肯定，整车大量采用高强度钢，双吸能盒、多碰撞路径等，气囊数量达到10个。智能驾驶方面非常科技，360摄像，在倒车时会有绿色黄色红色的墙出现，如果显示红色的墙就要踩刹车防碰撞了，开门预警后排圆圈的喇叭一圈会变红提示后方有来车，并线辅助，自动领航都还行。动力方面满足日常出行需要，动力很强劲。人性化方面目前感受到的就是如果副驾驶或后排有人在接听电话，系统会自动关闭音量，如果前窗起雾会自动打开除雾或净化空气。还有自动记录微笑瞬间。
【缺点】车机响应速度一般，一般开机需要50秒左右，语音控制灵敏度差还会出现错误识别。A柱风噪暂未遇到。远程控制系统比较迟钝，有时候需要操作3~4次才会成功，总是提示连接不功请重新操作。车钥匙响应慢也要按好多次长按远程发动发动机。香氛系统的盒子不严密有漏香，即使不开香氛系统，车里永远飘散香味。刹车有时候硬有时软，踩得不能得心应手，人车合一。每次我一个人上车车机跟我说的唯一一句话都是今天天气不错，为啥我老婆座副驾第一句话就是美女你好啊，今天适合出去旅行，祝你有个愉快的心情。气死差评。",4.1,old_v1,True,old_v1|legacy|high,1.0,1.0,1.0,1.0,1.0,1.0,1.0,1.0,-1.0,0.0
ID.4 X,7056330907468173319,2022-01-23 17:33:00,车机卡顿，各种报故障码，系统不稳定，死机，杂音。北方（山东烟台）冬天续航差100%-5%，空调22度，一档风，座椅加热1档，方向盘加热一档续航180km，多次测试最多200km，购车一个月进店维修11次，从交车后第二天开始，每次，每天开车都会报故障灯如下列:半自动驾驶辅助故障，警告和信息不可用，车前测距监控不可用，预约空调不可用，交通标志识别不可用，车道保持辅助不可用，驱动系统故障，电驱动系统失效，此按键在您的车辆内不起作用，购车1个月往返4s店11次.一直无法消除故障。10月中旬下高速突然死机，#全车断电，只有方向盘，刹车有用，加速电门失效。停车15分钟后故障消失，9月24日购车10月3日正式使用，10月3日-10月31日2，共去4s11次，4s态度极好，但表示无能为力，他们只能消除故障码，十几次的车机无网络，每次出现无网络都必须去4s重载通讯模块，车机无网络造成车辆无法充电，最多只能充5%.跑了7800km，有800+km是往返4s店（单程15km往返30km）500+km4s技师试车。入冬后烟台地区温度0℃--6℃，多次满电100%-5%只能跑170-190km，续航缩水严重不足厂家标定的1/3。又来新的了，2022年2月5日刹车失灵，多次投诉厂家给的答复是踩刹车太急，系统没反应过来，这是学会了特斯拉的套路，找了一下现在刹车失灵的不是个例了，要买的看好了吧，各种推卸责任给车主，7点建的群9.20就8个了，还有更多车主看到请联系我,2.5,old_v1,True,old_v1|legacy|low_or_missing,0.0,0.0,0.0,-1.0,-1.0,0.0,-1.0,-1.0,-1.0,-1.0
奥迪Q4 e-tron,7326876853124206654,2024-01-22 19:04:00,最失望的是续航只能300.，充电80%，显示行车438公里，开了三公里停车，再启动变成338公里，他们数据605公里怎么来的不知道，电车最关注续航，就算现在理论推算，充满电也就五百，和605有啥关系不知道，国家职能部门也能通过，公关的能量大，要么就是电池做手脚，非常失望。再选一百次我不会选奥迪。7配置差的不可思议，听说这么贵车倒车镜自动折叠没有吗？？？,2.4,old_v1,True,old_v1|legacy|low_or_missing,0.0,0.0,0.0,0.0,0.0,0.0,-1.0,-1.0,0.0,-1.0
大通G10,7529764430020612158,2025-07-22 12:52:00,动力外观都还过得去，就是前刹车暴响，每次踩刹车和松刹车都会暴响。并且座椅走稍微烂点的路会异响，且响声很大。国产车始终垃圾的很啊,2.5,old_v1,True,old_v1|legacy|low_or_missing,1.0,0.0,0.0,1.0,0.0,-1.0,0.0,0.0,0.0,0.0
瑞虎3x,7129451550480535584,2022-08-08 18:58:00,"一：购车经历：
1：原因：家里已经有一辆车了（14款标志2008），2021年媳妇考出的驾照，考虑到用车场景，再加上媳妇驾驶不了手动挡，所以考虑再买一辆自动挡小车型午（小型加自动挡，关键价格不能太高）。
2：选车经历：考虑到钱包的因素，一开始看了一大堆二手车，就当练手用，发现内饰太普通。然后决定看新车，看过polo、吉利远景X3、长安CS15，直到在奇瑞店看到的瑞虎3XpULS钛金灰（颜色满意，价格可以接受）
3：购车历程：2021/8/15号看的车，17号买的，全车下来69264.91元，送一次保养、脚垫、贴膜、行车记录仪。
二：优缺点：
1：优点：钛金灰颜色，外观满意；操作容易上手；奇瑞官方微信小程序可以每天签到得积分兑换东西；油耗不高（表显示最高7.1，最低5.8/100公里）；中控储物空间可以（对比我的标志2008）
2：缺点：提车一个多月（9月18号），胎压报警之后又出现过两次，最后加大胎压没有出现过
           22年1月28号做的首保，没有换空滤，感觉有点恶心，之后晋城总4S点说让840买3次保养（没买）
            21年冬天用车，一到寒冷天车里结霜，有一次前面两个车窗玻璃没办法降下来。
             22年最近一次开车中控出现异响，后备箱上面的挡板不能放重一点东西，感觉只能放一些轻东西（卫生纸之类），满满的塑料感。",3.0,old_v1,True,old_v1|legacy|low_or_missing,1.0,-1.0,1.0,0.0,1.0,-1.0,1.0,0.0,0.0,1.0
大通G50,7164198712057532420,2022-11-10 10:02:00,当时就是看中这车的外观，还有空间了，开回去的路上就是面包车的感觉，然后开车去上海，在高速上我就后悔了，那天风大，车速就没敢上120，一路100开的一身汗，平时开开国道80还是可以的，还有胎噪很大，这轮胎是真的差,2.2,old_v1,True,old_v1|legacy|low_or_missing,1.0,0.0,1.0,0.0,-1.0,-1.0,0.0,0.0,0.0,0.0
奔腾小马,7518931313240313880,2025-06-23 08:13:00,微型车，什么智驾什么的，都不要考虑了。充一次电十来块开制冷拉到底能跑个160-170还要什么自行车。一公里一毛钱啊，什么概念,2.6,old_v1,True,old_v1|legacy|low_or_missing,0.0,0.0,0.0,0.0,0.0,0.0,1.0,0.0,-1.0,1.0
荣威D5X DMH,7407280957083897881,2024-09-02 16:28:00,后排座椅太直坐着不舒服，刹车有异响 动力可以，售后服务差 右前门听音乐喔喔响,1.9,old_v1,True,old_v1|legacy|low_or_missing,0.0,0.0,-1.0,1.0,-1.0,-1.0,0.0,0.0,0.0,0.0
朗逸,7606165613265817625,2026-02-13 10:07:00,日常代步工具，空间还是有些紧凑，换挡不是太快，特别是下坡的时候，二挡升三挡太慢，转速太高。大毛病没有，但小毛病不断。比如，一是车窗有过升降异常，升到顶后会反弹下来，估计传感器故障。二是天窗异响，我塞了很多垫子给他卡紧了才不响的。,2.5,old_v1,True,old_v1|legacy|low_or_missing,0.0,0.0,-1.0,0.0,-1.0,-1.0,0.0,0.0,0.0,0.0
奥迪A5L Sportback,7559864135521947672,2025-10-11 15:33:00,很难想象这个动力怎么跟宝马打，指导价33万还是204马力的发动机，看看隔壁凯迪拉克，全系高功率很难吗？,2.8,old_v1,True,old_v1|legacy|low_or_missing,0.0,0.0,0.0,-1.0,0.0,0.0,0.0,0.0,0.0,-1.0
宝马i3,7600780495906951193,2026-01-29 21:53:00,如果没开过人生第一台宝马考虑他也是可以的毕竟门槛低，也能有3系开车的操控感，对它智能驾驶车机互动就别太依赖，你是希望自己开它可以考虑的，也喜欢宝马牌子电车，同时偶尔就1-3人坐你车就别说他后排座椅啊，它已经比油车3系后排空间大了,2.8,old_v1,True,old_v1|legacy|low_or_missing,0.0,0.0,1.0,0.0,1.0,0.0,0.0,0.0,-1.0,0.0
奔腾小马,7430690182950604824,2024-10-28 13:12:00,整体可以不错 挺喜欢 价格感觉还能再砍一下 开了一千公里了 上下班20左右 刹车不能踩太重 会怂的 速度加速很快 一脚上60 最快开了90多 快速路上,2.4,old_v1,True,old_v1|legacy|low_or_missing,0.0,0.0,0.0,1.0,-1.0,0.0,0.0,0.0,0.0,-1.0
威霆,7199949583722483767,2023-02-14 18:01:00,驾驶感受习惯就好了，没感觉不方便。油耗这么大车也不可能低，主要是奔着空间，同价位内没有能和威霆空间媲美的。简单改装一下，气势方面也还可以。虽然是奔驰，但是不能用豪华车标准评价威霆，我主要是奔着实用买的，真七座，坐七个人每人都有独立座椅，后备箱还有足够的空间放东西。,2.9,old_v1,True,old_v1|legacy|low_or_missing,0.0,0.0,1.0,0.0,0.0,0.0,-1.0,0.0,0.0,1.0
瑞虎5x,7597625009971941438,2026-01-21 09:45:00,新车提回来一周去贴膜，贴膜师傅告知左后玻璃有划痕，去4s店反馈厂家索赔，反馈结果是人为造成的不给理赔，这划痕窗户升上去就卡在密封条里看不到车窗降下来才能看到他说我人为造成的，我这第一辆车就是奇瑞艾瑞泽5开了8年开着还不错换车又买了辆奇瑞就这结果就这售后要不卖不过别人呢！避雷吧！以后在在换车绝对不考虑奇瑞了这售后真的恶心！,3.0,old_v1,True,old_v1|legacy|low_or_missing,0.0,0.0,0.0,0.0,0.0,0.0,0.0,0.0,0.0,-1.0
星海S7,7537546302976954393,2025-08-12 12:09:00,市区续航8折左右，高速续航6折左右，刹车回弹卡顿，刹车偏软，特别是后段基本无力，车内异响，找不到异响原因。,2.1,old_v1,True,old_v1|legacy|low_or_missing,0.0,0.0,0.0,0.0,-1.0,-1.0,-1.0,0.0,0.0,0.0
悦意03,7587744522264662078,2025-12-25 18:46:00,一般般，续航比较差劲，能达到16的电耗，高速只能行驶270左右，速度不上110码更不敢开空调，没有热泵，开空调只能跑200公里,2.4,old_v1,True,old_v1|legacy|low_or_missing,0.0,0.0,0.0,0.0,0.0,0.0,-1.0,-1.0,0.0,0.0
凯美瑞,7589635506233692184,2025-12-30 21:02:00,"主要是市区跑客户，一年20000km，电车在等固态电池。需要一款能开10年的，省油省心耐用的车。丰田的这个双擎动力电池是锂电池，不过小而且调的比较保守。
普通的前脸除黑色和钛灰银以外没法看，稍微运动的前脸需要加2000，珍珠白又得加2000

后排空间与竞品相较小。

新车的异味儿比较大。大抵是沥青和回收棉。我一度在等威兰达。曾认为新威兰达可能会优化工艺，不使用沥青和回收棉，但威兰达还是沥青回收棉，遂买凯美瑞现车。

配置也比较低。当然我选的是次低配。尤其是中控屏的大黑边和7inch的小仪表盘。
七英寸的小仪表盘显示内容有限。无法同时显示转速表和能源驱动表，
低配的l大灯比较普通。
中控屏使用有线连接carwith和有线连接的carlife无法稳定使用60hz而且在有线的情况下不跟手，反应迟滞。我手头也没有苹果。无从验证有线CarPlay是否60Hz，以及跟手情况。

2.0的双擎在介入的时候发动机噪音明显。冷启动噪音大。高速急加速嘶吼。但在电池接入时噪音控制的不错。
4s店免费送的行车记录仪接线方式略显粗糙。这个保险盒取电存在一定风险。

应该买尊贵版。尊贵版的360，8个雷达，pksb，大仪表盘都是我用得到的。窄边框的中控屏也有情绪价值。",2.4,old_v1,True,old_v1|legacy|low_or_missing,-1.0,-1.0,-1.0,-1.0,0.0,-1.0,1.0,-1.0,-1.0,0.0
奔腾小马,7641890557005926462,2026-05-20 16:38:00,50%的电跑了150公里，按照表显这个电量满电能跑300公里了,3.7,old_v1,True,old_v1|legacy|mid,0.0,0.0,0.0,0.0,0.0,0.0,1.0,0.0,0.0,0.0
君越,7136506548804653091,2022-08-27 21:31:00,"本人还在上学，车主是我爸，但是预计未来用车次数我爸多，行驶里程我多。

【空间表现】
空间非常大，后排腿部空间三拳左右，后备箱巨大，美系那啥后备箱名不虚传。

【舒适性】
非常好，坐着很舒服，隔音也很好，我认为同级别最强。

【最不满意】
优惠不是很高，谈价钱谈得心累，本地4S店串通一气，前后跑了三家店，最后一家甚至各种套路，电话里一个价，面谈一个价，准备交钱的时候又冒出新价，最后当在第一家提的。

【购车经历】
看过的备选车是丰田凯美瑞，本田雅阁，大众途观，以及最喜欢的比亚迪汉。因为我爸不相信新能源车，我不喜欢日系和德系，最后就选了美系大沙发，再加上根据我查资料看到的，针对君越的批评集中在油耗高、内饰老、配置少上面，所以我觉得车的质量应该没什么问题。
泰安一共有三家别克4S店，第一次去谈价钱的那家店，前后换了两个销售接待我和我爸，因为第一个销售干到7月底就离职了，第一个销售一上来的优惠是4.5，第二个销售变成4了，所以当时我很不高兴，后面我开学我爸继续谈价钱，托了关系找到另一家店去买，说能优惠5-6万，于是我爸准备去面谈交钱，结果去了以后改口说只能优惠5万，要交钱的时候再次突然改口说这5万包括置换补贴的6千，我爸直接生气走了（后面知道其实三家店已经通过气了）。还是回到了第一家店，谈了好几次，652T优惠5万，但是要办18个月免息贷款交服务费，我爸一直是打算全款购车，所以不同意，最后经理说要不然选艾维亚先享，优惠4.6万，贷款不要手续费，送终身免费保养（一年一次更换机油和机滤），我爸这个时候也谈得很心累了，还是想赶紧提车解决一桩心事，最后就成交了。
我看了好多懂车分，这个价格在我看来还是太高，我心中理想价是裸车优惠5.5万，也就是裸车价21.08，最低也得优惠个5万，裸车价21.58。但是谈得确实心累，我爸还提到最后经理有点生气（感觉就好像是优惠这么多你还不买浪费我时间），我推测是销售套路，不过我体谅我爸谈价钱谈得确实心累，而且泰安的三家店已经串通了，我爸一个人实在是不好单枪匹马独斗了，我觉得只要车是好车，开着舒服，省点心让身体健健康康的也就可以了，所以我最后也认可我爸提车的价格。


【提车价格】
裸车219800，贷款18个月80000免息免服务费，挂牌320，轮胎险299，送3D软包、全车太阳膜、行车记录仪、终身免费保养（一年一次机油、机滤），工时费280，保险5736，购置税9725（感谢国家??），这样算的落地是236160。
另外二手车抵扣2000，置换补贴6000（六个月以后厂家返到银行卡），这样算的落地就是228160。

【驾驶感受】
开过的车比较少，而且也没有激烈驾驶的习惯，缓踩油门的话毫无感觉就跑到100km/h了，地板油的话，延迟1秒多之后有推背感，在我看来动力绝对够用，操控感很好，座椅舒适。

【油耗】
新车买了停到停车位以后还没再开过，表显39.6，以后我觉得我和我爸的驾驶习惯能压到市区9.5甚至9以下。

【维修成本】
以后再说

【亮点配置】
愿意花钱上艾维亚先享也就是看上了它比652T升级的一些配置，最重要的是抬头显示，其他常用的主要是电动尾门，座椅通风加热，外后视镜锁车折叠，内流媒体后视镜，个别升级的主动安全配置几乎不会去用。

【一点心得】
谈价钱还是要多磨，而且不要怕丢脸，砍价有什么丢人的，毕竟钱是自己的，但是如果谈得心累的话，要么就不买，要么就一咬牙直接上，不要把自己搞得太心累，那样把自己搞得精疲力尽还不开心反而得不偿失。",3.7,old_v1,True,old_v1|legacy|mid,0.0,0.0,1.0,1.0,1.0,1.0,-1.0,1.0,0.0,-1.0
凌渡,7142503408577024015,2022-09-12 22:52:00,"【最不满意】
车机偶尔会死机，出现黑屏，还有每次连接苹果手机有可能出现显示不了，连接了以后来语音又没用，还要手动再去弄一下。
还有异响是真的闹心，特别是下雨过后更是难受，保养的时候去问了4儿子居然说大众就这些，没办法，果然是买之前是一个态度买完以后又是一个态度。
【驾驶感受】
在同等价位的车里面个人感觉就领克03能媲美，不管内饰还是外观
【空间表现】
主驾驶有电动座椅调节，想不通副驾驶座椅调节居然用转轮去调节，每次调个座椅都要麻烦的很

【油耗】
油一直是加的95号，也用了半年左右了，正常油耗一直在7.6--8.0之间，实在是想不通论坛里面的大佬是怎么开到5、6个油的，希望大佬们能教一下
【驾驶感受】
低速的时候有明显的顿挫感特别是2 3档的时候就感觉喉咙里憋了一口气一样，但是平时超个车还是挺容易的。",3.2,old_v1,True,old_v1|legacy|mid,1.0,1.0,-1.0,0.0,-1.0,-1.0,1.0,-1.0,-1.0,0.0
锐程PLUS,7227583885582798851,2023-05-01 16:05:00,"【购车经历】
购买前观望了好几个月，对比了好多车型，最终选择了锐程这款车，外观大气，适合家用
【提车价格】
只能说销售套路深，压价压到裸车优惠1.8，定金都付了，提车时又说给不了这个价格，除非先入他们公司的户三个月，气得要死，我说那把定金退了，我不买了，他们又商量了半天，最后还是让我提了。
但是收费的时候，因为我是小白，啥都不懂，好像被他们多收了我500块钱，全款提的车，没选择在他们店里上牌，收了我一个裸车价，一个保险费，一个临牌打印费，一个500块钱的莫名其妙费用，我问销售，销售说是强制险，当时我信了，后来回家后想想觉得不对劲，保险都是在一个单子上，这五百是单独的一个单子，套路多的让人心累……
赠品就送了一个脚垫一个太阳膜，去售后花了600装了个底盘装甲、发动机护板。其他的啥也没送，去拿脚垫的时候，送的脚垫简直了，用都用不了，又添了两百多升级了一个稍微好点的脚垫，太阳膜也没贴，说要再添1200能贴个3M的，对贴膜也不懂，不知道是不是坑，当时也没贴，总之就是连环套，一套接一套，买车真让人心累。
【驾驶感受】
中高速动力不错，30码以下提速真的很肉，同样的力度踩油门，过了30码，直接轰的一下就窜了出去，我的抬头显有点歪，右边比左边高，有没有懂哥知道怎么调正，还是要去4s店让他们调？",3.6,old_v1,True,old_v1|legacy|mid,1.0,0.0,0.0,1.0,0.0,0.0,0.0,0.0,0.0,-1.0
启辰D60,7511316624448688152,2025-06-02 19:45:00,买车那时已经问好了有没有现车，答应是有现车才买的，最后还是等上1个月才提车。外观是的确不错的，油耗中规中矩，内饰方面没什么可以吐槽了，内饰还好。整车开着挺顺畅舒适，比我驾驶过的吉利、卡罗拉、雷凌都要顺畅不少，别说这动力，动力虽然没有那些大马力的好开，但是这个价格可以拥有台这样的车，很不错，最起码给油或者开着的顺畅程度都很不错，最大的吐槽点就是日产系列的车挂了p档后它不会自动给你拉上手刹，而像丰田卡罗拉、本田这些车都是可以，这就导致一开始上手的司机经常挂了d档前进后发现还拉着手刹，而且一些大头虾的司机有时候停车挂了p档就没有自动拉起手刹这就有点尴尬了，一样日产和启辰这点可以完善。,3.6,old_v1,True,old_v1|legacy|mid,1.0,1.0,0.0,1.0,1.0,1.0,0.0,-1.0,0.0,1.0
卡罗拉锐放,7347865596433813566,2024-03-19 08:45:00,"外观能满足基本视觉审美，比较满意，一些小的细节比较粗糙，不像日本车那么精巧，漆面加价的也没得到匹配的漆面价值，单漆面差评，内饰塑料感满满，也就3万元低端面包车的配置，没什么好描述的，合资车有那个自信，没办法。配置倒是有些小惊喜，L2辅助驾驶很不错，除了这点，其他全是槽点，绝大多数功能隐藏，不开放使用，用一个贱字形容，可能万恶的资本主义就是这样吧，空间中规中矩，小巧的车自然是小巧的空间，选了这个就得接受，驾驶感受还行，毕竟丰田发动机技术还是过硬的，配了模拟10速变速箱，换挡还是平顺，底盘调校也能接受，槽点主要在后扭力梁非独立悬挂上，和3万面包车的感受一样吧。
总而言之，这款车还是容易让人接受的，这个价位和配置比国产车掉了好几个档次，但是图三大件质量的话，还是占据了发动机和变速箱优势的，萝卜青菜各有所爱，个人观点，不作意见。",3.3,old_v1,True,old_v1|legacy|mid,1.0,-1.0,0.0,1.0,1.0,-1.0,0.0,1.0,1.0,-1.0
威朗,7237859025835003936,2023-05-27 21:49:00,外观还行，以前经常租车过年，去年租了个1.3t得英朗老款回老家，感觉还可以，加上媳妇，加上父母一个大姨，五个人吧，短途还行，长途有点挤吧，但是够用，动力更不用说了，给油就走，推背感杠杠的，老妈老是让我买SUV，说空间大，坐着舒服，我想一年你开车回老家，有几次啊，哪能天天在车上生活啊！房子大不就好了嘛，车这个东西我觉得自己够用就行，这个1.5t的更不用说了，就是不舍得踩底油门，但是也是轻轻一踩，轻松到达100多，跟没感觉似的，本来在朗逸克鲁泽，这几个都在选择，但是想想最近租的车，就相信自己的直觉一把，所以在今年也提了个威朗Pro乐享，配置吧，我觉得家用还是少了一点，没有带后倒车影像，跟4s店一直磨的磨了一个副厂的，嗨，就那样了，十万多说贵也不贵，说便宜吧也不便宜，希望自己选择的没错,3.3,old_v1,True,old_v1|legacy|mid,1.0,0.0,1.0,1.0,0.0,-1.0,0.0,-1.0,0.0,0.0
凡尔赛C5 X,7472613793403506750,2025-02-18 12:37:00,"【购车经历】
去年下半年因为工作变动的原因，想着换一辆车，后面去看了很多车，本来是打算买新能源的，但是因为家里没有车位，安不了充电桩，所以就放弃了买新能源，后面也是朋友推荐，来看的C5X，从试驾到提车一气呵成，总共一星期就拿下了，目前刚做完首保，各方面都还不错。
【提车价格】
提的享不凡1.6T版本，全款裸车价格谈到了12.1万，保险店里买的，花了4900元，返点百分之十，上牌花了500块，送了车膜，脚垫，一套露营设备，记录仪，还有三次保养，1K油卡。
【驾驶感受】
1.6T发动机，175马力，猛踩能有推背感，最近开车回老家爬高上低的，一踩就有动力，很合适，动力没有滞后，这点很满意的，转弯侧倾不大，避震还好，还算舒适吧，正常铺装道路跑跑是没问题的。
【油耗】
刚提回来的时候，正常市区开不堵车的情况下，油耗差不多有八九个，最近开回老家了，油耗差不多8个出头这样，还算比较能接受，经济性的话就那样。
【最不满意】
最不满意的点就是车漆太薄，错车的时候蹭了一下，就刮掉了一小片车漆。还不满意的点就是油耗有点高，官方测的说是6个多油耗，我这差的有点多。
【最满意】
最满意的点主要就是动力和驾驶感受，1.6T的动力，很够用，高速轻松跑个110没问题，路感也很不错，方向破也比较跟手，开起来不累。",4.0,old_v1,True,old_v1|legacy|mid,0.0,0.0,0.0,1.0,1.0,1.0,-1.0,0.0,0.0,0.0
深蓝L06,7614900308660998169,2026-03-08 23:02:00,车开了有一个月了，就一个感觉，底盘很稳。我驾照已经拿了10年，也算是一个老司机了，车也换过两台了，都是15-20万这个区间的车，具体什么车我就不说了，免得有拉踩的嫌疑，但真感觉底盘都没有L06表现好。现在过减速带，“砰砰”两下干脆利落就过去了，没有多余震感，前段时间跑山路，时速50公里过弯，车身侧倾都很小，朋友坐后排都没觉得有甩出去的感觉。这段时间开下来，最满意的就是这底盘。当然缺点也有，后备箱开口稍小，搬大件得找角度。但冲这行驶感受，也值了。,3.6,old_v1,True,old_v1|legacy|mid,0.0,0.0,-1.0,0.0,1.0,1.0,0.0,0.0,0.0,1.0
林肯Z,7580573132990205977,2025-12-06 10:55:00,整体感觉可以，就是配置有点少了，好喜欢那些自主泊车的，很合适新手，这个车没有，辅助驾驶也是l1,3.7,old_v1,True,old_v1|legacy|mid,0.0,0.0,0.0,0.0,0.0,0.0,0.0,-1.0,-1.0,0.0
普拉多,7262602600711721019,2023-08-02 14:28:00,老款的LC120个人认为是最经典的一款车，市区油耗偏高，长途自驾是真的舒服，得益于空气悬架和软硬可调，小颠簸过滤的特别好，车载冰箱大赞，制冷杠杠的，空间表现还可以，长途行车比小车强，但和MPV比，舒适度还是差点，坊间，这款车被称为‘跟斗王’，我感觉整体还好，高速140多还是很稳的。驾驶室视觉效果通透，堵车不压抑。带大梁的车，注定不是在城市里开的，但和 牧马人 BJ40比，完全不是一个量级，乘坐舒适方面。如果不是重度越野，穿越，只是单纯的去旅行，跑跑祖国的大好河山，换套AT胎，素车完全足够，1GR的发动机，虽然技术老旧，但胜在皮实耐造，特别说明一点，这车长途油耗比2700还要省，实测10个多点。最后想说，网友调侃的一车传三代，保养好了，不缺油水，也不是不可能。,3.6,old_v1,True,old_v1|legacy|mid,1.0,0.0,1.0,1.0,1.0,1.0,-1.0,1.0,0.0,1.0
零跑T03,7536227341177983038,2025-08-08 22:53:00,代代步还是可以的，但是空调一直有异响，新车味道挺大的，其它没什么问题,3.1,old_v1,True,old_v1|legacy|mid,0.0,0.0,0.0,0.0,0.0,-1.0,0.0,0.0,0.0,0.0
海鸥,7444733966571016217,2024-12-05 09:31:00,"家里已有一辆油车，可老婆日常市区接送孩子，油车显得笨重又费油，停车更是老大难。于是，购置一辆小巧灵活经济实惠的纯电车提上日程，预算10万内。
看了几款热门小车，五菱宏光MINIEV小巧但空间局促;长安Lumin可爱却配置欠佳。海鸥是老婆钦点的，哈哈，她觉得比亚迪品牌可靠，续航也能满足日常，果断入手。

优点:
外观时尚，超高颜值，
价格亲民，性价比优。
市区动力足，操控灵活
能耗低，省钱省心。续航与能耗:续航标305km，市区实际续航约240-280km，尚可接受。市内充电多，电量不足随时充。正常驾驶百公里电耗11-13度，开空调或激烈驾驶稍高。相比油车，成本超低，每月电费寥几十元，超划算。

驾驶感受:
动力充足，运动模式下加速迅猛，推背感强，老婆市区超车轻松。转向精准，底盘扎实，过颠簸路不颠。但车速快时车身发飘，毕竟车轻。
外观:小巧精致，时尚感爆棚!前脸犀利大灯如灵动双眸，车身线条流畅，准备去贴个悬浮顶，走在街上，它就是最靓的仔，每次都赚足回头率。
内饰:虽价格亲民，但做工用料用心。座椅舒适，中控台简洁易用。不过，新车异味较重，通风多日才消散。

智能配置:
配置基础却实用，倒车影像雷达助停车。车机功能简单，反应尚可，导航音乐俱全。若能增添智能驾驶辅助，如自适应巡航、车道偏离预警等，就更完美。

缺点:
新车异味大。
高速发飘、隔音差。
智能配置少。",3.8,old_v1,True,old_v1|legacy|mid,1.0,1.0,0.0,1.0,1.0,-1.0,1.0,1.0,-1.0,1.0
长安X5 PLUS,7346938727345688638,2024-03-16 20:34:00,底盘调教的不行，速度快了就有点飘，后排座椅太矮，个子小的人看外面都看不到,3.1,old_v1,True,old_v1|legacy|mid,0.0,0.0,-1.0,0.0,-1.0,-1.0,0.0,0.0,0.0,0.0
荣威D6,7565155436689625112,2025-10-25 21:48:00,"【提车价格】

裸车10.58万，保险4923元，上牌500元，落地十一万出点头，送了脚垫，全车膜，三次保养。

【购车经历】

我在老家经营着一个农家乐，生意时好时坏，考虑到食材的一个新鲜度，所以我一般都是驱车到镇里购买，长期下来，油钱就成了一笔很大的开支，所以便想换一台新能源的车子，对比了比亚迪的海豹07和吉利银河的星舰7，比亚迪三电确实不错，但是海豹07的外观实在是不敢恭维，星舰7嘛总说不出来怪怪的感觉，最终入手了荣威D6。

【最不满意】

1：内饰用料很差，以塑料为主。

2：买车时送的脚垫和全车膜质量很差，果然天下没有白吃的午餐，脚垫用了不到20天就坏了。

3：车机卡，我现在都是直接链接蓝牙了，那些车机花里胡哨的软件不好用。",3.8,old_v1,True,old_v1|legacy|mid,1.0,-1.0,0.0,0.0,0.0,0.0,0.0,-1.0,-1.0,0.0
英仕派,7115588698829230115,2022-07-02 10:01:00,"【购车经历】
       
       当初考虑买燃油的雅阁，到了广汽本田4s店，站了十几分钟没有人来接待🥹，找销售，直接回我没现车，一副爱理不理的样子，是因为我开面包车去的吗？
       去东风本田4s店，懂车帝上联系的，挺热情，然后去试驾顶配混动，的确好开，比面包车强多了🤪。和销售直接谈价格，优惠2.4w，但是手续费和贷款手续费收我8000多元，还没现车，要等一两个月，这个我接受不了，销售让我等618再来，有大优惠。后来我说那就在等等。再回去的路上，我连襟说他大哥有认识汽贸的朋友，就联系报价，同样是优惠2.4，但是没有其他费用，然后我们过去谈了一下，爽快的付了定金，送了脚垫和膜，最后又要了行车记录仪，6.17号车到了，去付了钱提车，结果又要2200元的拖车费，因为这个费用闹的不愉快，没有提车仪式，上完牌直接开走。到了贴膜店，我想大家也都能猜到，送的膜只价值五百元，店员各种说不好，推荐加钱贴好一点的，最后加了900元，贴了不知道啥牌子的膜。送的行车记录仪简直不能看，十年前20万像素的，不清楚，让我扔掉了。
       


【提车价格】
      提的入门级混动，指导价19.99w的那款，优惠2.4w，税七千六百多，具体忘了，保险接近7000元，上牌花了300，拖车费2200元，其他没啥费用了。
【驾驶感受】
    因为是混动，三百多牛米的电机，提速还是很轻松的，因为还没做首保，没有地板油过，不过深踩油门，动力还是杠杠的。悬挂有点硬，过弯支撑足，比较有信心。隔音我觉得挺好，可能是我开习惯面包车和货车。开运动模式加速起步时候，方向盘能感觉到抖动，不清楚是轮胎打滑还是什么原因，还有就是刹车，是因为动力回收的原因吗？踩下去感觉踩到中间好像有间隙一样，阻尼感中断了一下。感觉怪怪的，等首保时候去检查一下。
【油耗】
    油耗车上显示5.4，实际可能会高一点80%城市道路，15%国道，剩下的是高速。平均时速22/km。
【亮点配置】
    虽然是混动入门，但是带l2级辅助驾驶，acc自适应巡航，道路偏离自动修正，前边有车会自动刹车。
【空间表现】
    我身高185，体重185😅，我调整好座椅，后排也不会感觉挤腿，我老婆开，那我坐后边翘个二郎腿轻松，感觉坐s一样。后排只能全比例放倒，不支持46比例，座椅柔软舒服，前排座椅有点窄，感觉没有我屁股宽，可能是我太胖了吧🤪。后备箱空间够用，基本上没放过东西，我工作比较忙，没时间带家人出去玩。
【最不满意】
   座椅不带电动，全手动🙁，后视镜不带折叠，不带加热，没有倒车雷达，好歹也是20万级别的车了。车机就只能连个蓝牙，看个倒车影像，其他啥功能没有。倒车影像还比较模糊。其他的也在接受范围内吧
   
   打算月底去首保，三个多月开了2200公里，对了，问问车友，我在汽贸买的车，首保去4s店保养免费吗？我发小有汽修店，以后也没打算去四儿子店保养。",3.3,old_v1,True,old_v1|legacy|mid,0.0,0.0,1.0,1.0,1.0,1.0,1.0,-1.0,1.0,0.0
冠道,6962856714693513252,2021-05-16 20:00:00,"现在很多人买车都更加注重车内空间和外观的颜值，SUV车型也是目前的热门选择。我们要说的是2020款本田冠道，大家对于这辆车印象最深的就是大五座空间。今天一起来看看，它符不符合你的购车需求。

“购车优惠少，保养略贵”

目前2020款冠道并没有太多优惠，基本都是原价购车，即便部分地区有优惠，也只是2000元左右的小幅度。但是冠道可以享受首付50%，12期低息贷款政策。2020款本田冠道 370TURBO 四驱尊享版开走所需费用为184373元，而贷款产生的总利息为9107元，所以每月还款总额为12959元。最终实际总支出为330773元。

无论是首保还是后续保养，2020款本田冠道的官方建议保养周期都为5000公里，相比于同级别车型来说，保养周期较短。2.0T四驱车型在前6万公里的总保养费用要明显高于1.5T车型，总费用为13093元。主要原因在于本田冠道2.0T车型搭载的是9AT变速箱，单更换变速箱油的材料费用为2784元，相比于1.5T车型的276元，足足贵了10倍。根据车主实测油耗每百公里11.24升来计算，目前上海92号汽油的单价5.47元/升，一年2万公里所需要的燃油费用为12280元。最后，一年保险费8701元，一年2万公里油费12280元，一年2万公里保养费4364元，上海地区车船税360元，一年的总费用为25705元。

“2.0T动力很充沛”

动力方面，370版本车型依然是2.0T发动机，最大马力272匹，最大扭矩370牛米，搭配九速手自一体变速箱。改款对油门开合度对扭矩的限制进行了调整，所以通俗点就是，不用踩那么深，车就开始发力了。方向盘转向力度与驾驶模式有紧密的联系。当调到运动模式时，方向盘的力度会明显变大，伴随悬架系统支撑性的增加，给人瞬间带来一种紧绷感。而COMFORT或者ECON模式下，转向一下就会变得温和很多，人也会不自觉地放松下来。更灵敏的油门伴随的是更积极的降挡。正常模式下，车辆提速和减速时的换挡都比较平顺，有一种“听话”的体验。不过在SPORT模式下，整个车就会显得有些兴奋，此时急加速或者急刹车，都感觉车辆“需要安抚”，挡位过度也没有之前从容了。

自适应悬架软硬调节功能让悬架的支撑性可以随驾驶模式的切换而调整。在试驾过程中我特意试了一下，舒适模式下车辆的悬架通过颠簸时确实更舒缓，而在运动模式下，车辆会颠簸得更紧实有力，当然，过弯时整体的支撑也会更有力。从谐振块、双层玻璃到ANC主动降噪系统，冠道在降噪方面下的功夫一直不少。而实际体验起来，车内整体的静谧性也还不错，跟之前相比变化不大。如果说有什么问题，那就是在高速行驶时，A柱部分的风噪相对比较明显。

“外观设计成熟带点运动”

2020款冠道外观第一眼看上去并没有明显变化。中网进气格栅从原来的蜂窝形状变成了现在的三幅横条样式，粗壮的银色镀铬依然是本田家族标志的设计。大灯的造型同样也没有太多的变化，整个样式看起来和凌派相差不大。并且灯腔内的设计依然非常具有层次感。配置LED远近灯光源，日间行车灯，自动头灯，转向辅助灯和车前雾灯全部都有。灯光配置还是比较丰富。大溜背的造型，让这辆大尺寸的车型看起来更加灵活。车辆尾部的造型变化，看起来更加明显，在尾灯和排气方面都进行了一定的改变。尾灯的造型看起来更像是艾力绅，转向灯也变成了流水式。也配置了电动后备箱和感应后备箱功能。

“内饰用料好，设计中规中矩”

在内饰方面，新款冠道的变化主要集中在细节和装饰方面，整体设计依然是比较规整，样式沉稳大气。中控台依然使用了软质材料包裹和木纹装饰板的搭配，整体氛围更加典雅。座椅中间宽大的扶手一直都是我个人的最爱。控区配备的8英寸触控液晶屏幕，支持导航，蓝牙和手机互联等功能，并且依然可以调节角度，很好用。但是这个屏幕尺寸在如今的汽车市场并没有太多优势。前排和后排各有一个USB接口，这个数量有点差强人意。整个方向盘的设计由原来的黑色变成了现在的磨砂银色，真皮包裹，并且全系有换挡拨片。仪表盘虽然不是全液晶显示，但是都采用了彩色的液晶屏幕。

“乘坐空间宽敞舒适”

本田冠道的车内空间表现一直处于领先的状态。新款车型在座椅方面进行了一些调整。首先是进行了皮革打孔的设计，坐起来更透气。其次增加了更多的缝线，从而增加了乘坐者与座椅之间的摩擦力。支持主副驾驶座电动调节，有座椅加热。前排座椅的舒适性依然比较优秀，填充物厚实，坐上去有大沙发的感觉。后排看上去就有非常棒的空间表现。座椅的舒适性与前排保持一致，我身高180cm乘坐后排，腿部空间还有三拳多的距离，轻松翘起二郎腿，头部空间也有一拳。并且后排地板是全平的状态，轻松乘坐三个人。后排有独立的空调出风口和USB接口。",4.1,old_v1,False,old_v1|unlabeled|high,,,,,,,,,,
小米SU7,7650759379200790553,2026-06-13 14:14:00,外观好看，续航持久，内饰简约，驾驶体验很满意，智能驾驶比较保守。,5.0,old_v1,False,old_v1|unlabeled|high,,,,,,,,,,
奥迪Q5L,6918864725073727495,2021-04-08 19:18:00,"提车小半年了 每天上下班通勤大概70多公里 加上周末到处浪 还开过一次浙江出差 刚刚满一万公里 离二保不远了😅

目前来说还是很满意的 Q5L外观大气沉稳 侧面的流线贯穿整车 后部造型独特很具有辨识度 20寸的轮毂和原厂红卡钳很吸晴 可能唯一的缺点就是少了一点点激进感和运动气息 不过这些可以靠外形的改装来实现
内部装饰和设计就稍微有点点不比外形了 虽然机械感十足但是确实少了一点这个价位的车该有的豪华感 中控覆盖基本搪塑 没有皮质的部分 些许意大利绒面稍微拯救了一点内饰的分数
因为买的是个次顶配 所以配置基本都有了 很多甚至作为一个老司机基本都不会去用 360真的很实用 特别是拥挤的地方停车 有如神助 很奇怪的是全系没有座椅通风 夏天可能不太舒服
Q5L空间是没什么可抱怨的了 坐后排必须二郎腿翘起来才对得起这个车 后备箱也非常能装 记得把那个遮罩取下来 基本没什么用
奥迪这一代的操控确实好了不少 别的不敢说 就底盘真的很让人满意 扎实有力 入弯稳健 出弯有速 方向上有那么一点点的虚位 不是非常明显 最让人头疼的就是那个大众祖传的油门 低俗状态下真的煎熬 特别是上下班堵在路上 轻踩不动 多一点就乱窜 然后配上双离合的低速顿挫 分分钟能把你送走
45的高功率发动机对于城市工况绰绰有余 推上S档完全可以小小的激烈一把 在雨天的高速上毫不逊色 加速澎湃 超车轻盈 别跟钢炮车犟（思域 Polo A3）崩不过
舒适性对于一个司机来说还行吧 运动座椅偏硬是真的 上下班开开倒也没什么不舒服 高速几个小时的连续开车会有不舒服 买个腰靠 脖靠也基本能解决问题 后排座位角度过直 中台过高 对于后座人来说很不舒适 所以这车短途是OK的 长途就选高铁吧

车子稍微改了一下 改色膜 前后包围 排气 轮毂烤漆 也不准备再改什么其他的了 颜色看腻了再去换一个 总的来说Q5L是一个非常合适新婚小两口的家用车 大部分情况都能给你一个满意的体验",4.4,old_v1,False,old_v1|unlabeled|high,,,,,,,,,,
冠道,6884976584093077511,2020-10-18 23:05:00,"冠道车评

冠道外观很威武，车身大，看起来很有气势。内饰本田一贯的内饰风格，除了好用以外没啥豪华感。不过空间很大放手机钱包的地方比较宽敞。前后排空间182身高200斤的胖哥坐进去一点都不局促。后排座椅宽大舒适，变大的腿部空间，坐满人的情况下，6岁的小女孩可以自由走动。后备箱5个人的24寸行李箱轻松放下。

1.5的发动机起步阶段比较肉，需要多给点油门，基本上90以上加速就比较吃力了。隔音效果是真的好，关上和开启是两个世界。

油耗高速7个油左右，城市10个油，这么大的车身算是比较省油了，保养一次不到九百块钱。",4.1,old_v1,False,old_v1|unlabeled|high,,,,,,,,,,
大众CC,7010171221031522344,2021-09-21 08:04:00,"9月17入提车，要写一点东西，车外观是真好看，本来计划按照网上的当天去交钱买保险第二天开回来，结果当天上海保险一小时后生效，当天就提回来了，外观真漂亮，到了晚上才发现比白天还好看，有行李架灯很炫，地上有CC标志灯，有档次，一箱油没开完，不堵车，9左右，开了200多公里，还能续540公里
空间还是舒服，第二排俩娃坐着说比以前的舒服。
很满意的就是车转弯比我以前的RX5转弯半径小，很容易一把转过去，这点我和我老婆都有同感
吐槽一点车机不是很满意，前一辆是RX5互联网版，能终身免流量升级地图，连手机后可以用手机流量听歌
CC的流量只送5年，一年1G，地图不是终身升级，也许是我还没适应，反应总觉得没那么好，连手机热点和蓝牙后不能用车自带的语音搜歌，只能听手机的播放蓝牙歌曲
总体还是满意，这么漂亮发现路上很少碰到同款车，真说不过去",4.4,old_v1,False,old_v1|unlabeled|high,,,,,,,,,,
索纳塔,7034755879421349926,2021-11-26 14:05:00,"【销售态度】
销售挺热情的，时不时的会端茶倒水过来。午饭时间到了，也会提醒我们先吃饭再继续谈。这个细节不错不错
【购车经历】
经历的话，买车的比较急，和销售谈了好久都拿不下来。后来让她叫来经理，价格方面再进行商讨！经理一直压住17000的优惠不放。后面经过我们一再强调，动之以情，晓之以理！价格还算合适。后面销售还热心的给了我们几张饭票去食堂吃饭，下午就交首付啦！（买车不是吃饭，提醒各位新手帅哥美女们，一定跑个34次，经理才回放价格）
【油耗】
油耗的话，一开始我就加了三百块，差不多加满吧！回来一趟家！高速省油啊，5.6L每百公里。

【空间表现】
空间表现第一次坐上去驾驶位感觉挺窄的，碰到头了，结果是电动座椅调得太高。哈哈很宽大，后排三个人不拥挤。
【亮点配置】
配置就是双联屏很大，触摸灵敏，罪主要车道保持好评啊。高速想喝口水的时候就很方便，踩住油门，管好刹车就行！
【乘坐体验】
过减速带有点硬弹！其他表现很好！过弯很有支撑性（自己上高速时，忘记开ac热了我一百公里，要哭了！新手请谅解）
【驾驶感受】
2.0t的动力不是白给的！转向虚位有一点，问题不大，很好操控！动力积极，而且平顺润滑，不小心时速就上来了！（个人钟爱侧颜哈）
总之一句话，买得值，用得放心，当其他人对比其他车让你选择时。自己想好就ok了，因为是你喜欢是你用车！买了以后才发现别人说的不过是浮云，保值我还买这车，请你转身买恢度谢谢，要是真有质量问题找4s店就好了！加油",4.5,old_v1,False,old_v1|unlabeled|high,,,,,,,,,,
奔驰GLC,6920451704269836302,2021-01-22 13:31:00,之前对比过Q5，X3很长一段时间，也非常纠结。老实讲，这三款40万左右的SUV都各有优点，也都各有不足之处，自己根据自己的需求与喜好最后还是选择BBA中SUV销量最好的GLC。首先是因为自己居家为主的用车，要保证内部空间不仅大，而且要舒适。特别是第二排的乘车体验也非常重要。2020款后排空间宽敞，而且对腿部支撑比较友善，家人坐上去很满意。第二，自己买的是GLC300L动感，258匹马力完全能满足自己的日常需求，9AT的变速箱也比较平顺，在变道或者超车加速的时候，没有感到顿挫感。第三，内饰也比较大气稳重，适合像自己这样的中年人群。第四，外观也比较符合中国人的审美标准，特别是2020款中期改款后，星辉的前脸设计比较有档次，再加上奔驰的大LOGO，更是很讨喜。不足之处在于，首先这款车的底盘儿调教的还是有一些硬，特别是经过减速带之类的，颠簸感比较明显，比X3的通过性还是要差了一些。第二，内饰用料除了方向盘都是人造仿皮。第三，没有大联萍的设计。始终想不明白，目前A级都用到联屏，GLC确是单屏。第四，后备箱空间没有想象中大，至少没有Q5L的大。第五，发动机特别是刚启动车的时候声音很大。另外，目前没有发现那些车评大神们所喷的GLC的各种异响，油耗也还不错，百公里10个油左右。至于铝换钢的问题，我还是想说两句，目前合资车减配是常态，从安全性的角度，GLC并没有打折扣，从中保研的碰撞结果可以证明。因此，买车最主要的就是买自己喜欢的那款就好，世界上也木有完美的车型，因此即要接受它得优点，也要接受他的缺点。整体来说，我还是比较满意这款GLC300动感。,4.4,old_v1,False,old_v1|unlabeled|high,,,,,,,,,,
长安UNI-T,6935361190377820197,2021-03-03 17:43:00,"啃啃，买车已有四个月了，说说并分享下买车用车这么久以来的感受吧。平时跑的少目前才三千多公里。
从Unit发布消息以来就持续关注中。。到上市发布首先就被它的超前颜值设计和科技配置惊呆了！ 然后本来就想直接就订车做先享官的，再车圈和网上谢谢车友和什么虚标什么的评测，就没打算去试驾体验，就一直再观望中，终于熬到了十月 忍不住了，就去附近几家四S店主动去接触了，试驾了！先试乘的体验了一波动力！前段提速爆发力很有感觉带有推背的！然后就是试驾，当方向盘握在自己手中的时候。去操控发现这车真的很奈斯！然后回去过后果断跟家里沟通 十一月初就直接全款拿下了！
从外观颜值来说：绝对是很香的 回头率很高 提车回到楼下还有人问和称赞[表情] 结果一个月后停在楼下 不知道哪位嫉妒它的颜值就给我车左前方划了一条长长的划痕 当时心里忒气了[表情] 过年开回家 看到这20的大轮毂配上这车身简直不要太帅气，家里人和兄弟伙些都觉得这车设计很前卫很好看。
从操作来说的话：档把设计绝对是个加分的亮点！看腻了平常的立体档把 鸡腿[表情]类 再看它的档把设计顿时就吸引住了！ 平时开车体验不足的是 ：低速行驶略有顿挫 转速会拉的有点高 过一会平稳后就恢复了 还有就是减震有点偏硬 当这基于它的设计 还是能接受！
从安全配置来说：安全配置很丰富全面  由于我买的旗舰版基本上配置都有，对于我这种五六年没开过的新手来说。它的很多配置功能对我来说都很受用 ，360全景雷达很受用和清晰 。特别是回来老家过后，家里路比较窄 会车让车的时候简直不要太舒服。其他的功能必须提前预警和预防前车碰撞这些主动的都很不错，反正配置很香，很多自己也没用，慢慢适用。从油耗来说的话：由于才适应开车没多久，控油控脚不是很熟练，首保前显示有11个油多。后面首保后，回家过年跑了几次高速。油耗基本就降到现在9左右  反正市区油耗平均再8-9个几，高速的话这车还是比较省油的很稳，在6-7左右。
总之说的表达的不是很全面，但还是很庆幸，满意自己的选择，网上别人说的再多，不如自己去试一下。试完你会发现它还是很香！反正能吸引到妹子。",4.6,old_v1,False,old_v1|unlabeled|high,,,,,,,,,,
AION RT,7656349549388107838,2026-06-28 15:47:00,这个价位配置也够，续航也够，宁德电池很扎实，内饰也很好看，性价比拉满,4.5,old_v1,False,old_v1|unlabeled|high,,,,,,,,,,
元UP,7647769176152477758,2026-06-05 12:54:00,车型设计的很好看，比亚迪小型车最好看的了吧。开起来底板很整加速很线性，超车了特别容易，市区代步太轻松了,4.9,old_v1,False,old_v1|unlabeled|high,,,,,,,,,,
奔驰V级,7027295483764674595,2021-11-06 11:35:00,北京4s店原价提车，加装4万装饰。用了一段时间，期间不怎么开，感觉还可以。简单说说吧，外观还可以，配置，乘坐都还满意，就是噪音大了点！油耗一般！【第三排空间】标轴家用够用了！陆续呈上用车感受！,4.9,old_v1,False,old_v1|unlabeled|high,,,,,,,,,,
冠道,6928757228396613645,2021-02-13 22:36:00,"我想买辆家用车，在宝马X1和本田冠道这两个车中间选择，有点纠结，当时我想如果想有面子的话，就考虑买宝马X1，考虑到实用性和性价比，我最后还是选择冠道，而且还有后期保养方面的话，宝马X1更贵一些。
先说说我的买车价格：
我买的是20款240TURBO两驱CVT尊享版，厂商指导价26.58万，那是我们优惠了1.5万左右，购置税21000，上牌费300，交强险950，商业保险7800左右，全部做下来花了28万左右，小贵，然后是国庆买的车，送了一些加油卡的小礼品。
车的优点：
第一、空间很大，是个卖点，本田冠道这款车的车身尺寸长4858MM、宽1942MM、高1670MM，轴距为2820MM，车内空间绝对够用了，后排空间更是越级了，装个儿童座椅后也没觉得小多少。后备箱空间也够用了，全家出行，两个行李箱，一个杂物箱，还有些多余的空间。
第二、外观好看，前脸设计我是比较喜欢的，很酷带着点犀利很有运动感，车身外观时尚偏运动，年轻人开着挺有活力感。
第三、舒适性好，作为一台五座中型SUV，他的舒适度还是非常不错的。得益于他比较宽大和高大的车身，也就使得他的内部空间非常的宽敞与充裕，整体的舒适度也就由此而变高了。
第四、动力刚好够用，20款240TURBO两驱CVT尊享版，搭载的是1.5T直列4缸涡轮增压发动机，最大马力193PS，谈不上强劲，但是作为日常家用足够了。
车的缺点：
第一、座椅太短，腿部不能获得很好的支撑，开久了膝盖疼。
第二、后排比例放倒，放倒不能纯平，不能平躺。
第三、胎噪明显，尤其是后排胎噪较大，底盘隔音一般。
提车需要看的细节点：
第一、一定要看好车漆有没有剐蹭过得地方，有没有补漆的痕迹，太阳下看看车漆表面有没有色差；
第二、再有就是你看一下车子的出厂日期在不在六个月之内，如果超过六个月了，那就说明他是库存车。
第三、再有就是看一下你车上的配置和你配置表里面的能不能对得上；
第四、检查一下他的随车工具齐全不齐全，再有看一下玻璃能不能正常升降。空调可不可以正常开启。
日常用车护理技巧：
1、全景天窗保养，这个也简单，就是清理上面的灰尘，还有就是要把它的轨道里面的一些异物都给它清理掉，尤其是在洗车的时候，让师傅帮你做一下润滑，这样的话冠道的天窗基本上不会出现什么太大的问题。
2、新车除味，无论配置多高级，新车或多或少都会有些味道，而冠道去除异味最好的方法，就是可以打开空气净化器来净化一下空气，或者说往里面放几个竹炭包来吸附一下，再有就是放一些车载香水来掩盖一下它的异味。要不然放一些橘子柚子之类的新鲜水果也行。
3、安装挡泥板，我有时候需要开冠道回乡下，很偏僻，会遇到土路，没安装之前，下雨的时候，两个门下面全是泥，安装了个挡泥板之后，它可以有效的避免这种情况。
总之，本田冠道虽然胎噪明显，价格还有点小贵，但是他的空间真的很大，外观好看，动力也能满足日常家用，我觉得我买冠道是个正确的选择。",4.1,old_v1,False,old_v1|unlabeled|high,,,,,,,,,,
亚洲龙,6976835547683622948,2021-06-23 16:57:00,"亚洲龙2019款-2.5L双擎-豪华提车交作业啦
       选车经历：
       之前一直开着一辆07年产二手老马六，这车当时接手过来时已经跑了14万公里，车况还凑合，手头上也不宽裕，看着车友们现在二十出头就提新车真是自叹不如加羡慕、嫉妒；
       虽然老马六的内饰和车型已经跟不上现在的审美，不过这辆老马却为我的小家庭和工作付出了很多，在我手里晃晃悠悠又开了七万多公里，老大、老二的降生都是靠它大半夜驮着媳妇去的医院。
年数和公里数都长了，因为不是新车，我平时也是懒得保养收拾，小毛病不断，撒风漏气、跑冒滴漏，平常也是自己继续克服克服，终于在今年五一假期返程上高速前在加油站内水箱皮带断了，万幸老马没有把我们一家四口撂到高速上，我和媳妇也没有心思再修修补补了，合计着换新车。
       二手的车也开够了，打算坚决换一辆新车开开。首先把老马六卖给了上门收车的车贩子，自己小摩托代步，平时自己对车了解不多，就看周边亲戚朋友开啥车，分别去了红旗和沃尔沃4S店看，其他品牌的都没去。红旗的H9自己还体验了两把，感觉没有自己底气开这车；沃尔沃的到店感受是内饰感觉很好、内部没有异味，但是后来销售顾问一直电话邀约也没再过去，此时正在和一丰销售顾问谈亚洲龙。
所在的城市有五家丰田，我跑了四家，当时自己还没接触懂车帝，对车型配置、办理手续、价格优惠和附赠品、车的优缺点一点概念也没有，就是老办法：拿着第一家（西城的）价格的问第二家（南城的），又拿第二家（南城的）的价格问第三家（北城的），一天内跑遍了三个4s店，每谈一家就在上一家的车价优惠上自己再撒点小慌，试探下一家，最终跑下来发现第三家竟然做不了第二家的价格，虽然上下浮动几千，但是感觉第二家的落地价格合适，晚上六点又带着媳妇折返过去要下定金，因为一点赠品都没给，磨了到其他销售都下班了，最后和销售主管还是谈崩了，无功而返。
       能定下车真是要感谢红旗4S店，红旗的电话邀约一直让我到店看车，路程太远了，但是老是电话邀约，不好意思拒绝就过去了，其实是奔着一块看下相隔不远的第四家一汽丰田4s店的目的，半小时看完红旗直奔亚洲龙，前面几家谈的情况跟销售顾问一介绍，又把自己的小九九也一说，销售顾问就去申请价格了，很快领导同意了，217800的裸车价，保险5650，分期服务费5000，购置税19274办理了两年免息分期，月供3670 ，送了后四雷达、全车膜、脚垫、记录仪，抽了两袋烟就微信交了点定金就回家了。
       5月22日在第四家一丰4S店定下车，当时约定是7月底前到车，想要浅色内饰，银外黑内没得挑，也知道生产线搬迁的事影响交车，但是也没多想，心里觉得交车晚点就晚点，最起码肯定是新车，总比库存车强吧。没想到销售顾问说三周后就能到车，提车办手续也比较简单就是跟着销售顾问跑呗，让干嘛就干嘛，反正不再掏钱就成，这不一转眼车到手开了一周了。
       亚洲双擎混动油耗低确实是一大吸引我的卖点，我曾经跑出过3.7L/百公里的油耗，虽说不上太准确的油耗吧，但我的老马六因为保养不及时、球笼头损坏之类的毛病没有及时维修，开启来明显感觉油表指针降得哗哗的。现在也不用盯着油表指针啦，一看能量显示绿色回收就感觉在大马路上捡钱了一样，O(∩_∩)O哈哈~。
       操控啥的我也没得说，平时开车习惯比较稳当，没有激情驾驶的习惯，感觉平顺挺好的，各类辅助系统一开始也不懂，关键是想学习下我那老马六也没有啊，最近两天也研究了下方向盘按钮，除了车道保持和自动驻车辅助用得多，其他的也轻易感受不出来。
       最后说说缺点吧，第一、车内味道有点大，我一直在传统方式暴晒通风除味；第二、过减速带时，中控附近偶尔会刺啦一声类似收音机噪音的杂响让我感觉不舒服，这一点我后来发现是误会亚洲龙了，实际上这个声音是送的行车记录仪的拍照提示音。
       有了新朋友，不忘老朋友，不管怎么说，结尾还是要再次感谢我的老马六。",4.8,old_v1,False,old_v1|unlabeled|high,,,,,,,,,,
途昂,7017735104139104288,2021-10-11 17:16:00,总体来说还是比较满意的，如果说非要挑一样缺点的话只能是油耗有点高，但是可以接受，目前刚刚行驶几十公里，全部是市区，油耗15个左右，反正我是不太在乎油耗，本来是比较喜欢途乐，但是考虑到舒适性和配置什么的，最终还是选择了途昂，晚上的途昂才是王者，这一代的灯光感觉可以风头盖过大哥灯厂了，车子很大，很霸气，再配上530v6的标，三万的差价真的不用考虑，直接顶配，有钱揍得吃腰子，就得抽华子，就得喝台子！买车就得买顶配！这个级别途昂绝对的王者！对比过bba差不多价格的产品，全部2.0小4不说，减配减的没有爸爸，总之，买了不后悔，吐槽一下，顶配车等了两个月，不过一切都是值得的，真香！,4.6,old_v1,False,old_v1|unlabeled|high,,,,,,,,,,
威然,6949561517981306917,2021-04-11 00:08:00,"外型尽管是中型MPV，但总体的造型设计也不会太过于商务。前脸应用了大众目前全新的家族化设计，大面积的镀铬进气口格栅看上去很有精致感。车身的纹理十分顺畅，围绕到尾端多了一丝运动的感觉。

空间：

车身尺寸各自为5346x1976x1781mm，轴距为3180mm。

购买这辆车的主要目的还在于让家人都能在车里舒适地旅行，威然的内部空间完全能满足我的需求。前座的头顶部空间非常好，视线也十分地宽阔，平常驾车的时候脚部也不会顶着仪表台。坐在第二排的感觉是最舒适的，单独的座椅，前座宽阔的脚部空间，很享受。

操纵：

在男生中，我个子165，比较矮，威然驾驶座的位置调整到了最前面，我的脚还是有点拉不上刹车油门，座位太低，我坐在前排，盲点很多，压根就不能正常驾驶，所以没办法只在主驾驶座放一个厚厚的垫子。不清楚设计威然这一车的人如何想的，难道说买大车的人一定是身高很高的人吗？

耗油量略微有点儿高，市区里开的话大约11.7上下，高速上的话大约11个的样子。

舒适度：

因为我们经常露营的地方是一些新路或荒山，平时走一些坑道基本上感觉不到震动。并且内置的音质非常好，驾车中途我们喜欢听歌，坐在第二排座椅上仿佛在低音炮音箱上

空间：

MPV的空间确实很好，乘坐空间比普通 SUV大很多，全家五口人坐着，第二排空间稍大点，后面三、四个成年人坐着很随意，脚部空间也没有感觉到压抑，里面的储物柜空间也很充足，放一些东西也没什么问题，如果第三排不够用，可以放下来，那样就可以了。备厢容量436-2100L那也是非常可以，近途交通出行带个一家人的行李箱没什么问题。

动力：

在2.0T大功率汽车引擎驱动下，接近2.2吨的车身依然没有任何的压力，每次起步都很快，官网给出的零百加速仅需要10.5秒，但这辆车的外形比较大，所以起步也不会比较困难。开始时，会感觉到有一段明显的延迟时间，而在加速至30码后，加速速度逐渐变得较轻，但并不是那种很强的感觉。

缺点：最不满意的是离地空隙四五十公分高，进入车内说辛苦，就是这个高宽比的问题，进入车内的姿势就没那么干脆利落，家中的老人也不太满意。但拿车后回家装的电动踏板很多，还有一点，拿车有点难，但泊车确实也是个问题，有舍有得吧。",4.1,old_v1,False,old_v1|unlabeled|high,,,,,,,,,,
标致5008,6970085071176863780,2021-06-14 14:34:00,"给我“惊喜”的大狮子，标致5008！！
【提车价格】
我们这边优惠力度还可以，置换补贴1万，裸车22.2万，价格觉得真心可以了，同价位无敌的存在，只是发表个人意见！
【最满意】
当然是它的操控，底盘，空间。
1.先说操控，法系的赛车示的方向盘爱不释手越开越有感觉，转弯半径很小，调头什么的基本一把过。
2.再说说底盘，法系车的底盘调校世界闻名，这个车日常底盘过滤的非常干净利索，转弯时很有韧劲，过减速带的时候建议还是减减速吧，60码过减速带的时候前排没啥感觉，后排乘客后觉得猛地一跳，这一点不如小5，但是价钱一分货，也不能20多万的价格想要50多万的东西不是。
3.空间 其实买这个车的初衷就是家庭要迎来第二个宝宝了，我和老婆一人一辆轿车已经不能满足我们日常游玩需求了，这个车5座的时候时候空间巨大无比，前排调整好座椅后，第二排能跷二郎腿，不是夸张，自己去体验下看看就知道了，第三排空间只适合成年人短途行驶，1-2小时的车程还能接受，如果用不到第三排的话这个后备箱绝对够用的，后面躺个孩子跟玩是的对空间真的满意。
【油耗】
油耗真的低，我们是三线城市，上下班基本高架桥平均油耗7.8，市区堵车的时候自己算了一下，差不多9.5左右，现在加了362块钱的油跑了320km还剩下一半的油，跑完这一箱油到时候看看能跑多少吧。

【动力表现】
1.8T+8At动力随叫随到，起步很有劲，只要舍得给油门，保证你满意，如果喜欢激烈驾驶开一下运动模式，绝对让你有推背感。平常超车什么的都没问题，2档升3档的时候有一点的顿挫，可能是我脚法问题，跑跑再试试。

【维修成本】
这个还没首保，不知道多少？话说送了5年6次保养包含工时费，用完之后再说呗，听说法系的零配件很贵，以后开车还是注意点吧。

【购车经历】
当时也看了很多车，途观L，福特锐界，日产楼兰，标致5008。
途观L看了中保研的测试直接把我全退了，不是说大众不好，自己家人开车还是安全第一，关键时刻保命啊。
福特锐界，这个车动力空间都很满意，无奈朋友的老君越后期油耗增多，变速箱问题频频出现，有点怕怕的感觉，加上老婆大人一听说落地得30万左右，心疼，再次被劝退。
日产楼兰，这个车的空间和座椅真的舒服，动力一般，外观自己感觉挺时尚的，最后交完订车押金了，等了半个月，结果销售来句还要再等半个月，想提前购买就得店内上保险，气的直接退订金走人。日产某源你这样做以后谁还敢买你的东西，算了不说了。
标致5008，就在日产旁边，当时退完订车押金以后想着这有个标致店去看看吧，到了店里直奔目标7座嘛，看到5008的前脸，太霸气了，两颗獠牙日光灯，点缀的前脸，媳妇一眼就看中了，内饰更没得说，法系的内饰真的漂亮。基本手能碰到的地方都是软的，接着试驾，动力够用，底盘满意，加上销售讲的法系总统堡垒的安全，买车首先就是安全不是，没有安全其他的还有其他的么，老婆感觉很满意，交钱，等车，半个月顺利提车。有时候缘分就是那么一瞬间。有点絮叨了。嘿嘿，主要是真的挺满意。

【最不满意】
没有四驱，扭力梁，虽然调校的底盘确实不错。没有AodoHold，你有启停，不给配这个，这么大的车企略显小气，车机真的难用，交互功能设计太垃圾了，特别是那个语音基本自娱自乐你说你的它听它的，没有座椅通风，20多万的车连个通风都不给，差评。其他的该有的都有了。毕竟瑕不掩瑜。车无完车。
对了最后补充一点:4s店的送的东西，3M原厂膜，脚垫，踏板，行车记录仪，底盘装甲自己花钱买的，销售都佩服我了，话说觉得还是有点亏，应该在砍砍的。
好啦，啰嗦了那么多，希望对大家选车有点帮助，有什么不懂得直接问就行，毕竟我也是个热心人。???",4.2,old_v1,False,old_v1|unlabeled|high,,,,,,,,,,
智己L6,7655226236238581785,2026-06-25 15:12:00,"售后太僵化！质保期小故障，逼我单程70公里跨省跑门店，拒不提供上门服务。
近期车辆门锁提示喇叭出现故障，音质沉闷异常，属于原厂配件质量问题，车辆仍在质保范围内。
联系官方售后报备问题后，客服告知诸暨本地没有智己售后网点，最近服务中心单程70公里。我结合实际通勤情况，申请上门检测排查小故障，却被客服直接拒绝，口径死板，坚持必须亲自驱车到店才能检修。
仅仅一处喇叭小故障，就要车主自费承担油费、大把时间长途奔波，网点布局不合理的后果，不该由消费者独自承受。质保本就是车企应尽的责任，死板的售后规则完全不顾及车主现实出行困难，整体购车售后体验大打折扣。

在此投诉诉求：

1. 完善绍兴诸暨区域售后网点布局，解决本地车主维保难的现状

2. 针对短途小故障开通上门检修服务，不要一刀切强制车主远距离到店
希望官方能够人性化处理本次故障问题，给到合理解决方案。",1.4,old_v1,False,old_v1|unlabeled|low_or_missing,,,,,,,,,,
途岳,7011429478127636513,2021-09-24 17:27:00,这辆车没有一些特别的地方，比较均衡。什么都能够给你一点，比如，空间，动力，外观，油耗都还可以。不是最好但也不是最差。起初一直都在看日产，丰田本田这些。可是受今年芯片短缺的影响。我要的车型版本没有现车，有的最多等一个月，有的两个月。于是我和我朋友在成都车展现场就瞎溜达，来了就问有现车吗，好几次被当鸽子，价格谈好没有现车也是醉了，最后逛到上汽展厅，看到大众还不错，外观沉稳大气，于是当天上午谈好价格，下午就办理手续。当天下午就开车回家了。说一下在高速上的感受，涡轮增压发动机真不是盖的，稍微多给一点油保持个四五秒就有一点推背感了，根本不需要地板油，不得不说大众的底盘整体性，整体感很强，一点都没有松散的感觉。油耗高速表现还可以5.5/100km,3.0,old_v1,False,old_v1|unlabeled|low_or_missing,,,,,,,,,,
皓影,7654630701198757913,2026-06-24 00:36:00,狗屁不是 要什么没什么内饰丑油门不跟脚噪音大内饰异响辅助驾驶和智障样都26年了备胎没有什么功能都没有倒车音像晚上模糊灯还不亮座椅时间长累人这车可叫我失望毁了,1.9,old_v1,False,old_v1|unlabeled|low_or_missing,,,,,,,,,,
焕驰,6973582819570225182,2021-06-14 17:42:00,"适合短途代步，长途操控一般，配置低，保养99元全合成京东网购加30手工费。
优点：发动机声很静，每公里3毛左右，夏季空调0.41一公里，不挑油，一直加私营加油站的油，石化就加个3箱油，整车小毛病少。合资车中车价低，是真省油，用车成本低
缺点：后排空间小。后排设计不合理，不能放到。后尾箱在外边不能开启，不能遥控控制后备箱。升级玻璃按键位置不合理，后排没有喇叭，隔音一般",3.0,old_v1,False,old_v1|unlabeled|low_or_missing,,,,,,,,,,
卡罗拉,7019263477067812901,2021-10-15 20:07:00,"【提车价格】
20年买的二手的，17年上牌的花了11万
现在想想挺后悔的！


【驾驶感受】
真的没有啥驾驶感受，太中规中矩了，没有任何操控，减震也一般，隔音也一般，唯一的就是启动没啥声音，开着动力还可以，毕竟电机启动前期挺快，但是只适合家用，高速声音太大，噪音大

【乘坐体验】
和普通卡罗拉一样空间，家庭使用没啥问题，后排也可以，坐人也不拘束，空间这点不错的，但是乘坐时间比较累，座椅支撑不到位，倾角不好！而且隔音不咋的，所以开高速时间长，耳朵不舒服


【动力表现】
动力在家用车中我感觉算不错了，不管是市区代步，前期起步和后期的加速都很轻松！跟车动力也可以！但是高速上就差点了，到100以后再加速就没有啥推动力，比较缓慢，但是就是个家用车，不能强求太多！


【油耗】
当时就是图油耗低去买的，很多评论包括测评都说油耗非常低，4个油！其实不是的，在市区拥堵路段基本上在6.5到7个油，就比普通卡罗拉省一个多油，（可能沈阳太堵了）我也在双擎车友会里问了很多人，都说实际市区都是6到7个油，没有吹的4 5个油那么省！


【最不满意】
起步和换挡有轻微顿挫，驾驶质感一般，隔音差！最主要的是维修配件价格非常贵，出现过一次刹车泵坏了，后来查了一下发现是通病，结果去4S店维修发现过了3年质保，更换总泵要1万7！后来问了好几家修理厂，最后花了一万3更换的，而且一个大灯一千多，中网保险杠竟然2000多！配件维修价格比豪车还贵！开十年省的油钱，不够一次维修钱！很后悔！",3.0,old_v1,False,old_v1|unlabeled|low_or_missing,,,,,,,,,,
本田XR-V,6954634451326341157,2021-04-24 16:57:00,2020款XR-V在动力，开了不到3000km，就出现发动机故障灯亮起黄灯，打电话给4S店。他们叫我把电池负极拆了再装上去就不去了。每次出现问题都叫我把电池负极，搞不明白为什么会这样 。轮胎气压 时不时也很亮 ，检查胎压又没问题 ，又老是亮黄灯 。噪音也很差，隔音不好 。,2.7,old_v1,False,old_v1|unlabeled|low_or_missing,,,,,,,,,,
缤智,6902345506010173454,2020-12-04 18:25:00,"缤智的优点有两个：1是空间利用率非常高，机械结构对于空间的侵占非常小。带来的最大好处就是车内空间的提升，虽然它是一个小型SUV，但是后排依旧能保证1拳半的腿部空间，对于小型SUV普遍憋屈的后排乘坐体验来说，缤智已经是好了太多太多。2是本田的地球梦动力表现超出预期。80公里每小时以下的动力表现更接近2.0L自然吸气的车型，动力响应很灵敏，出力也很顺畅，超过80之后的加速表现才会展现出排量的劣势。
缺点有两个：1是内饰无论是设计还是用料都是在是让人难以接受，设计平平无奇，塑料感极其强烈，很难想象这是一个10多万的合资车型。这点必须得打差评。2是配置水平很低。不说别的，座椅还是织物的呢，最低配车型配置更是低的令人发指。这两点可以说 拖了缤智后腿。",2.8,old_v1,False,old_v1|unlabeled|low_or_missing,,,,,,,,,,
探岳,7037664766319398927,2021-12-04 10:13:00,"2020年10月7日产探岳330两豪版本。于21年3月购入，至今行驶5400多公里，有约3000公里高速路况。3000公里时进行首保，颗粒捕捉器检测堵塞0级，我以为应该也不会堵了。
首保之后跑了约800公里高速，于12月1日发现加速给油时发动机异响，进气声音变大，发动机舱有烧糊味道。
于12月2日到本地4s店检测堵塞2级，当时就觉得心凉了。从购车时我了解过颗粒捕捉器的问题，也考虑过用车方式，认为偶尔跑高速应该还是能做到的，对于我这样的行驶方式，都不是完全跑市区，基本上到节假日我就会开出去转转的，依然堵塞2级。
至于4s店仍旧是让我跑高速，12月4日，我的车在4s店进行了大众所谓的“颗粒捕捉器升级方案”，至今仍然没有得到有效解决，反而在主驾驶位感觉到发动机的低频共振，开久了会觉得头晕恶心不舒服。电话联系厂家要求降级。
个人总结：
1、颗粒捕捉器堵塞不是偶然事件，只是看什么时候发生。
2、大众厂家的升级程序并没有起到实质性的作用，唯一作用就是发动机舱没有烧糊味了，

对解决颗粒捕捉器堵塞只是拖延之计。
2019款的探岳车友是没有这个问题的，所以没有出现问题的请你看看你的是什么车型，环保清单是否有颗粒捕捉器。没有堵的车友我想说恭喜你没有这样的烦恼。
最后，希望还在观望探岳330车款的车友，既然你不怕，那你就买，维权队伍等着你的加入。
图片只是为了证明我是真实车友，爱信不信吧，喜欢给大众舔的就继续舔，谁是真车友只有买了的才知道。
颗粒捕捉器真的堵了，五千多公里2级堵塞。毫无办法，甚至想去拆掉了。",2.5,old_v1,False,old_v1|unlabeled|low_or_missing,,,,,,,,,,
长安UNI-T,7654137826870562878,2026-06-22 16:43:00,"开了4年了，应该有资格说说自己的用车感受了吧，外观无可厚非还是那么好看，这四年里面换了哪些零件，说一说，主驾驶的座位开了一年以后海绵坍塌，因为在质保期内更换，方向盘的翻毛皮全部脱落了光秃秃的，也在质保期内更换了，摄像头只要在阳光暴晒的情况下就发白啥都看不到，也更换了三个问题也找不到，日行车灯是塑料的，尾灯的塑料特别薄，只要去加油站那种自动洗车洗不了几次就开始开裂，开到第三年门上面的盖子掉色特别严重，车漆开裂，刚好过了质保期换不了，这是很心疼的，这个唯独让我满意的就是动力，方向机异响也更换了，其他人的车子是怎么样子，给我的感觉长安这款车给我的感觉质量真的很差，车窗按键在颠簸的路况也会产生异响，1万公里的时候出现几次开着开着，突然之间没有动力，去几个4儿子都找不出问题，但是买的时候满大街的所谓的测评都说好，加上车的颜值在当时能打的没几个，所以就买了，说实在的开了四年后悔吗？很后悔，现在卖的又不值钱，所以只能凑合着用，但动力这块真的没得说，什么辅助驾驶，什么车机，之类的也就那个样子可有可无，但宣传说的就天花乱坠，还是那句老司机听听就好，不到现在二六年了，还有没有人想买这款车，不管是二手也好，还是新车也罢，如果你在乎动力，颜值可以入手，两个人用车没问题，如果是家庭用车，别考虑了，会后悔，喜欢驾驶感受玩一玩的可以考虑，真把它当成家用车来用的话，这个真的不用再考虑了，这就是我四年用车的感受，中规中矩很中肯，关于油耗方面，如果说能稳定定在70码1400转，不开空调的情况下，油耗表现可以做到5.5，开空调应该是6.0-6.5左右，超过这个区间的话，8个到10个油左右100公里，这是50,000公里的真实油耗，什么音响之类的，别想了，就比手机强一点，我坐到别人的车的时候什么vv5vv7这类车就想给自己两个大耳光，干嘛不多对比就买了",2.7,old_v1,False,old_v1|unlabeled|low_or_missing,,,,,,,,,,
零跑Lafa5,7654786965136494616,2026-06-24 11:04:00,"这个价位中的外观是比较吸引人的，作为一个人用的通勤代步工具非常满意，说一下购入的心路历程，一开始是看中了海豹06gt的，赶上BYD也是在换代和涨价，因为平常高速有其他选择所以对闪充没有太大兴趣，自己本身比较喜欢开车所以智驾啥的也没啥要求，对比下来选择了这款。
续航：维持在6折吧，开着空调听着歌，座椅通风还按摩，达成率不高，对他有期待的可以不用期待了。
驾控：虽说这个版本看着运动，你也不要对他有太高期望，他就是个好看点的代步车，因为底盘点可能会给你一点心理安慰。他的行驶质感是比较差的但是这个价位也算是可以了。
槽点：提车还没有超一个月，方向盘跑偏，车阳帘电脑掉落造成车内异响，售后拉（销售说送的月亮椅啦放电枪啦要好几个月才能邮寄），其实像这种小问题都不是很严重，但是你想做品牌想增加客户粘性还是要把你们产品细节做好。",2.4,old_v1,False,old_v1|unlabeled|low_or_missing,,,,,,,,,,
焕驰,6958701489594306574,2021-05-05 15:15:00,买他的理由1.便宜，6.2万，办下来7万。2.安全配置高，有esp，这个价位只有瑞虎3p了，但瑞虎屁股太丑了，接受不了。3.内饰不丑，也没啥亮点，前脸有点丑。动力不开空调还行，跑高速有点飘，操纵还行。后备箱要用钥匙开，太难过,2.9,old_v1,False,old_v1|unlabeled|low_or_missing,,,,,,,,,,
探岳,6977690105779589158,2021-06-25 19:21:00,"买车前：买这个车之前的时候我看过好多车，比如亚洲龙、迈腾、凯美瑞、英诗派、CT5、XT4还有国产的比亚迪唐，综合比较起来，我觉得这个车性价比特别高。
当时真的特别特别想买亚洲龙的2.5豪华， 但是销售说要等车，等了两三个月，而且去了店里跟我开始讲的时候又高了好几千块钱，所以就不太想要，（本来亚洲龙二十四万多就超预算了，他还给我加价），
凯美瑞当时只是去看了一下感觉越看越丑，他的内饰还可以，但是它的外观是真的不好看。
我又去看了雅阁跟英诗派，应诗派在前年还是去年的时候，他能18万多落地，但是今年最低19。而且我最恶心的就是他的行人保护，我开车驾驶，有时候喜欢激情一点，经常走的快速路被大车压了很多坑，我怕直接触发行人保护。凯迪拉克这个品牌是我在一八年的时候特别想买那个停产的车，后来看了一圈，囊中羞涩，他的保养有点高。后来想买迈腾豪华或者领先，因为迈腾，毕竟是一个标杆，无论是在年轻人的观念里，还是在老年人的观念里他就是一个标准，后来看了好多人说他的机电单元，过了五年就报废。感觉很恶心，当然当时的时候没有想自己，这个车跟他是用了一个变速箱，但是选择了车就那么几个还是去大众店瞅瞅，去的时候销售就特别推荐这个探岳，当时滴眼看到的是探月X那个车是真的漂亮。不过那个车需要等车。而且性价比是真的低。我之前了解过车的溜背需要比不溜背的车，它的成本要高1～2W的，但是我接受不了，他俩一样的配置那个车还要搞那么多。最后多多转转，还是选择了这个探岳，选完之后，来车圈儿过了几天就蒙了，全是说颗粒捕捉器的问题，到现在我还是有一个侥幸的心理。希望自己不被选中吧。

买车后：刚买车那一段时间没有发这个感受，原因就是我不知道怎么写这个东西，因为我没有体验过，不要把这个车的感受随便写别给你们误导。我现在感觉这个车跑长途还可以，他的滑行感觉挺长的，我之前开的车是吉普自由光（公司的车），。给你们看一下，我开车到现在的油耗，车的照片儿就不拍了，我从买车到现在我一次也没洗。
我对我这个车的定义就是代步还有拉东西，所以我对他的其他需求没那么高。
再就是他的行驶质感，我感觉还是赶不上迈腾，如果你们没有特别需求SUV的这个想法，那就去买个迈腾吧，我真心感觉迈腾的质感是比他好的，但是如果你有需求SUV这个想法，而且觉得SUV或者轿车，无所谓，那么你还是选择探岳，因为探岳的配置比同价位迈腾的还是高很多的，具体还是看你自己的选择。",2.9,old_v1,False,old_v1|unlabeled|low_or_missing,,,,,,,,,,
奥迪A4L,7008355758811123753,2021-09-16 10:39:00,"三月份买的车到现在已经用了半年了，写一下用车感受，供后边想买的兄弟参考参考，我会多说一些它的缺点，毕竟优点有那些充值的兄弟们。
     
【购车经历】
         这里和大部分兄弟不一样，我是在汽贸买的，有个朋友的朋友在汽贸，本着能省则省的心态去找的人，但事后觉得不杀熟都对不起咱这送上门的蛋糕呀，虽然没有加装项，但是只送了脚垫，常规玻璃膜，所以还是老老实实4儿子买车吧，省不了几个。
        订车提车前后用了一个多月，提车当天带着漆膜仪去的，想着遇贵人，但是没那个命。

【油耗】
           没有具体计算过，一直看快乐表来的，高速最低5.3过，平时市区平均8.5左右，着车就从地库爬坡瞬时油耗直接顶出仪表盘，中规中矩，在可以接受的范围。
【外观】
        外观很好，唯一不满意的地方就是车头两侧本应该是雾灯的地方原来就是俩高尔夫，不知道里面是不是雷达，但是总有种开车顶个球用的感觉。
【内饰】
        座椅好硬，真的，好硬。
        中控，储物空间布置不合理，卡槽可以和储物格合并，储物格和杯架互换一下位置，现在的这种布局，喜欢喝茶的，杯子放进杯架你就按不到启停按钮，还没有放手机的地方，门把手可以设计储物的，但是设计师并没有，时尚运动是低配不假，可也是个三十万的车了，后排扶手没有杯架，黑人问号？？？
        还有内饰味道好大，新车刚拿回来那几天不敢开，每次开完头疼，买了碳包，买了臭氧发生器，现在半年了，刚上车还有味道，每次开空调要先开窗，不然空调管道那个气冲上来一口就给你送走，可以说这个非常非常不满意。
        后排USB充电口，就那个带阻尼的开合，买回来半个月就掉了，连带里面的线路，挂在外面，就好像让人捅了肠子流外面了，去4儿子搞了半天，昨天我发现他就是把阻尼齿轮对上了，线路就没接上，压根没电，下次再去弄吧也用不到几次。
【动态驾驶】
       指哪打哪，操控性很好，动力也跟得上，可能是12v的原因起步翘头，方向盘很轻，升档没有顿挫感，降档有拖拽感，仔细看瞬时油耗，当12V介入的时候就会有拖拽感（就是瞬时油耗的白色记录条变成绿色的时候）。
        避震有点硬，我天真的在驾驶模式那里点了舒适，原来是让变速箱反应快点儿。
        驾驶位高速有风声，很多车主反应，我的也不例外，应该是设计缺陷吧。
【静态感受】
       车子怠速不规则抖动，我是怎么发现的呢，我车里有个挂件，怠速的时候来回晃，4儿子给我的解释原话我贴在这：这是EA888 3代发动机工况要求反馈，平衡调节，怠速抖动时在调节发动机配比，正常反馈。
         
【最不满意】
         配置太低，30的车，没有无钥匙进入，座椅通风加热，后排出风口，座椅记忆，并线辅助，自动刹车，全部需要选配，有人说我在想屁吃，正是因为有你们，厂家才敢这么配置，十几二十万的车都有的配置，他没有，你还在替他讲话。
        总之总体还是满意的，说了这么多缺点是希望他能改进的更加完美，少请点水军，多干点实事，群众的眼睛是雪亮的。",2.9,old_v1,False,old_v1|unlabeled|low_or_missing,,,,,,,,,,
英仕派,6898936800081874958,2020-11-25 13:58:00,"INSPIRE混动的优点有两个：1是混动系统的燃油经济性确实非常不错，当时拿到试驾车的那几天我开车在市区里转，百公里5L的油耗轻轻松松。2是整个空间布局做的不错，机械结构占用的空间非常小，车内空间很大。特别是后排空间，2拳的腿部空间足够满载一家子日常出行了。
缺点有两个：1是内饰设计简单到让人以为这是一台不到10万的车，设计毫无亮点，用料也比较廉价。这点个人认为是这台车最大的短板。2是A柱和防火墙部分的强度不够，这也直接导致了其在中保研25%小面积碰撞测试中表现不佳，这也是导致其口碑崩塌的主要原因。",3.0,old_v1,False,old_v1|unlabeled|low_or_missing,,,,,,,,,,
红旗HS5,6903058170655019022,2020-12-06 16:31:00,"外观：红旗的外观不用多说，直瀑式格栅，一竖直上的车标怎么看都很符合中国自古来就追求的中正形象，两个字形容：“大气”，完美契合很多中年成功人士的需求。当然，相对而言，即使HS5做了很多偏运动的线条设计，整体和年轻运动的形象始终有一定差距。

内饰：内饰的色调以深色系为主，符合红旗的品牌形象，但相比外观上还做出的略微偏向运动化的努力，内饰即使采用了非对称性的设计，但仍然没什么运动感可言。座椅翻毛皮的使用以及菱形纹的运用从外观而言真的不是很好看，但大面积的皮质包裹手感确实很舒服，豪华感不错。

配置：占据大半中控台的双联屏一定能在上车的第一时间吸引住人的眼球，UI的设计也比较简洁，初次见面即可上手，内置的各种功能也比较齐全，一般的APP也都可以下载。语音识别还算精准，但有两个点很尬，一是如果此刻正在导航把导航的提示音关闭的话，语音控制的反馈也会变成哑巴，二就是虽然官方宣称语音支持连续指令输入，但连续三条以上的指令车机压根儿就不会理你。

空间：我175cm的身高，坐在后排腿部有三拳，头部也有四指多，可以说我见过的大部分车型当中这也绝对算得上排得上号的，值得点赞。

动力：动力和操控上红旗HS5真的算不上优秀，只能说是中规中矩，仅能满足日常使用。降挡的速度比较慢，动力的延迟比较明显，涡轮的介入也比较突兀，一脚油门后经常等半天突然蹿那么一下再加速，感受比较差。

操控：转向的手感比较好，低速的时候较轻，速度起来之后方向会开始变沉变稳，虽然谈不上指哪打哪，但指向性也还算不错。底盘也是红旗的短板，不说高速，就是一些城市路段50时速过弯侧倾都比较明显，然而舒适性同样称不上优秀，过一些连续减速带时后排的抖动特别明显，面对大的起伏也会感觉到多次弹跳。

总结：感觉红旗HS5在极力突破其中规中矩的形象，虽然内饰以及外观都在做出运动化的努力，但不得不说效果不佳，有点画虎不成反类犬的感觉，不仅运动性不足，甚至由于舒适性的缺失，丧失了红旗品牌中正商务的体感。当然，20多万买个如此大的SUV已经算得上物有所值。",3.0,old_v1,False,old_v1|unlabeled|low_or_missing,,,,,,,,,,
奥迪Q5L,7654951716479062040,2026-06-24 21:27:00,起步肉，跟十几万车没多大区别，就四个o值钱，办理提车手续中尽是套路,2.6,old_v1,False,old_v1|unlabeled|low_or_missing,,,,,,,,,,
焕驰,6934324099640463367,2021-02-28 23:33:00,"2月份最后一天，今天跟大家说道一下起亚旗下的焕驰，入门级家用轿车，官方指导价6.49~6.89万，再加上优惠，门槛非常低。非常适合刚出来工作的年轻人。不用担心风里来雨里去。不仅如此，这款车性价比也非常高，起步价6万多，还是合资。
外观上，起亚焕驰的造型还是非常不错的，前脸和车身都是起亚家族式的风格，辨识度很高。车长4300mm、轴距2570mm，空间上非常紧凑，但是结合价位的话，还算能够接受。焕驰的内饰比较简约，有异味，廉价感也有。车机系统没有只有收音机，娱乐性一般，不过可以后期改装。
对于焕驰这款车，除了价格便宜之外，个人感觉优势还是挺多的。
1、油耗经济。发动机排量不大，还是自吸。油耗基本能控制在5到6升油，即使堵车，上下班油耗也能控制在7.5升以内，非常经济。
2、动力够用。发动机1.4L，动力区间在20~60km，提速不快，起步但是还挺快。开车时速100km以上，车身并没有发飘，动力完全够用。上坡略感乏力，不过深踩油门还是可以的。
3、性价比高。空间上，个人身高176cm，满载的话乘坐空间虽然有点挤，但是完全能坐下。后备箱空间也可以，在这个价位，性价比还是很高的。
至于焕驰的缺点就是隔音不行。驾驶这款车感觉起亚因为价格低而降低了配置，感觉没有装配隔音板。轮胎胎噪、风噪声和发动机声音都比较大，尤其是烂路和速度快的时候。再者就是内饰中控车机，只有收音机，建议加个1000元，换个大屏，有倒车影像方便，也好看了很多。
总的来说，用国产车的价格，换个合资自动挡，整体还是感觉比较满意的。",3.3,old_v1,False,old_v1|unlabeled|mid,,,,,,,,,,
凌渡,6904568674611367943,2020-12-10 18:12:00,"这款车是媳妇的第二辆车，她比较喜欢这种轿跑，我对这种车不感兴趣，因为我本身是一个200斤的胖子，我坐进去不太舒服，所以一般都是她在开，这款车被誉为最实惠的轿跑，确实有它的过人之处。

外观：凌渡外观特别的时尚，可以说是颜值爆表，媳妇开着多了一种女王范，16寸的轮毂，底盘越低越有运动感。

内饰：内饰做的比较精致，虽然说是织布座椅但是后期缝制上去一层皮面，坐起来也比较舒服，里面的内饰和大众的其他车大同小异，中规中矩。

配置：4缸1.4T的发动机，一看就比较省油。有种外表时尚内心朴素的感觉，大天窗比较帅气，干式双离合也可以更加省油。

空间：我一个200斤的胖子，基本不开媳妇的车，因为确实空间坐着不太舒服，适合瘦一点的男女开，要是后备箱的地方能挪点给后座就好了，后备箱总体来说不小了。

动力操控和舒适性：1.4T的发动机也完全够我媳妇用了，有人说起步太慢了，其实我觉得还好，带涡轮的发动机前期加速都有点慢的感觉，中后期基本上就有没有，方向盘比较稳，油耗确实不高，百公里在6个左右吧，上高速会更低一些。开快点车身低趴比较稳，但是如果遇到坑洼路段，还是慢点驶过，悬架有点硬，太快驶过有明显的震动感。

缺点：低配版缺少巡航定速，后排也没有空调等。低速的时候有顿挫感。性价比不是很高，属于圆一个跑车梦。干式双离合换挡快、省油，但是故障率高。和高尔夫一样，发动机启停常开，我不知道是不是大众车都这样，我高尔夫和凌渡都是常开状态，每次都要关闭没有记忆功能。",3.6,old_v1,False,old_v1|unlabeled|mid,,,,,,,,,,
奥迪Q2L,6942663089338716196,2021-03-23 09:58:00,"最终选择这款车型主要是颜值

颜值上看上去时尚动感 

  内饰设计中规中矩 没有什么亮点 比较朴素 最令我讨厌的就是竖在台子上那块屏幕 太丑了 要是能升降就好了

  驾照感总体上还是比较优秀 动力够用 轻给油比较柔 猛给油它就窜 行驶过程中换挡拨片稍微有点顿挫。驾驶通过性比较好 灵巧方便。

  从开始看车到购车期间用了半个月时间 因
为购 车让我认识并下载了懂车帝 在懂车帝上对比看车选车 对比价格 看帖子 10天左右的时间几乎沉浸在懂车帝里 备选了好几款车 从领克 魏系列 起亚 宝马 从中对比的过程就不多说了。最终还是选择了第一感觉的车型Q2L
  在懂车帝上选定好喜欢的车型 去4s店买车还是非常方便的 根据懂车帝上的车主报价和帖子参考 砍价还是非常实用的 ，但是销售听说我是在懂车帝上看的 给我报价还是非常实在的，也没兜兜转转 直接了当就订车了，我感觉在懂车帝app里选好看好 大大让我省去了在市场上逛游选车",3.6,old_v1,False,old_v1|unlabeled|mid,,,,,,,,,,
瑞虎3x,7002227519898259495,2021-08-30 22:19:00,"【购车经历】
去年疫情的原因，萌生出考驾照的念头。奈何工作太忙，一直拖沓到今年夏天才学车。8.11下证，开始各种刷视频、论坛去了解车。在权衡练手、日常使用、自身因素等各种方面，选择了虎子。
这里不得不吐槽某些博主，差点让我错过了这么一款性价比超高的车子。现在开了半个月，1200km。
【提车价格】
全款下来不到7个
【空间表现】
本人身高163，体重70。坐在车里感觉很合适，充电口下面放手机有点局促（本人iPhone8连车机后，如果直接放没什么太大问题），可能稍微大一点的手机就需要手机架了；其他的车内地方基本够用。后备箱现在装了一个60L的整理箱、两件怡宝矿泉水、八瓶玻璃水（某宝打特价买的），昨天朋友送我两件红酒、两个20斤西瓜、十斤核桃，空间基本上满了（上面的置物架没放东西）。对我而言作为日常使用基本够用。
【驾驶感受】
转向软，不需要很费力。正常胎噪，过连续减速带的时候底盘过滤有点弱，底盘略硬一点（比起试驾的焕驰、远景X3等来说好不少）。在这个价位的车型里，个人觉得各方面还是可以接受的。变速箱顿挫感并没有很明显，也许是作为新手的我而言没有那么敏感吧，哈哈！
【动力表现】
运动模式没怎么跑过，没有评论的资格。在经济模式下超车，可能需要地板油了。急加速的推背感也很正常，毕竟有惯性嘛；不过动力还是比较充足的，毕竟这样的小车配的可是1.5自吸。唯独不太喜欢的是刹车肉，40市区跟车行驶，当需要停车的时候需要提前预判（前几天开车的时候基本都是急刹停住的）。车机连CarPlay的表现还是可以的，反映比较灵敏。
【最满意】
看似车比较小，但是内部空间还是OK的。我的练车教练180cm，坐在副驾驶没有很局促。最近经常拉朋友出去玩，坐在后排并没有不适的感觉。
我开车喜欢听歌或者电台新闻，音响表现还是挺不错的。
另外，奇瑞在虎子的配置，个人觉得不次于10多个大众及日系车的（10多个的日系车及大众车也试驾过，中配还需要自己改装，毕竟新车，还是不希望大改的）。奇瑞的厚道真让我对它有了很大改观，不再停留在QQ的印象了～
【最不满意】
虽然180的教练坐副驾驶没有什么问题，但他主驾开车的时候明显能看出不是很舒服。
底盘略硬，过连续减速带有点痛苦。
刹车很肉，弄得我基本上都不敢跟车太近。
语音反映有点慢",3.5,old_v1,False,old_v1|unlabeled|mid,,,,,,,,,,
长安CS75 PLUS,7019336015617724416,2021-10-16 00:48:00,"从6月起就关注75p了，因工作原因未能当时就提车，这也给我留下遗憾。毕竟75p领航22款相比起21款来，外观没有多大变动，关键是把雾灯改没了～没了。。。这玩意平时可以不用，但没了，就很隔应，另外就是22款比21款优惠要少好多。曾经因这两点一度想过放弃他，后来也去看了他同层次的其它车子，发现还是他看着顺眼些（各人眼光不同，仅代表个人观点）终于还是选择了他。同时长安的销售也占了一部份比例，服务态度确实不错。9月26日下的定金，10月14日正式提车了，讲下动力，油耗及坐乘感受吧，外观，变速箱就不多说了，就为了他们才买的75p。我提车后直接从乌鲁木齐开回沙雅县了，总路程800多公里，下面这个照片是我停服务区闲下来时拍的，平均8个多油基本都是高速，市区还没跑抱歉了没有记录@.@，感觉还可以了，2.0T的不算高吧。一趟800多公里路程下来坐乘体验很明显了，我说说几个方面吧。1前排坐椅包裹性太强，有些许活动不自如，算个小缺点吧，软硬感觉还行，800多公里跑下来不是很累，腰部支撑部位感觉到位，起到不小作用，这里点个赞。2领航版副驾驶座没配电动调节感觉挺掉档的。3后排座椅不好不差吧，感觉国产同价位的都差不多，亮点是能放下纯平，可以当床睡。4隔音不好，胎噪比较大，特别是上了100码以上，走刚修的沥青路，声音特别大。再来说下动力吧，我用的eco模式和一般模式，eco模式前段给油反应不给力比较肉，中段开始涡轮介入动力充足，超车相当轻松。一般模式起步要好些，中段差不多。运动模式动力就比较好了，都说长安虚鲸，百米加速什么的，我感觉75p还可以，我是正常用户，总觉得网上那些人在意那百米加速差那么个1-2秒，还有最高速度上限等真没必要。高速上我跑个150.160都开始心虚了，那些动不动就200以上速度的我想都不敢想，声明下跑150.160的是公司车不是75p,毕竟新车还是不舍得太造他。再有我国高速都有限速120最高，跑太快一是怕罚款，二是真不安全，不建议各位去尝试，毕竟命重要啊！这些是我在正常驾驶使用下的感受，总的来说如果舍得给油什么模式都挺猛，就是费油，顺便说下我这边92#都7.13了，日插插的心疼啊😱。都说了这么多了，顺便说下75p的悬挂不知道是硬还是我胎压高了过不平路蹦蹦跳，我的胎压2.6/2.6/2.3/2.5提车就直接开都没管他，估计是会有点影响的。还有不得不说75p的操控挺舒服的，别看那么大的车，拐弯行车还是挺灵活的，顺心！就是D字方向盘用的不习惯。以上只是我800多公里下来的感受分享给车友们，讲的不好的地方各位友友多担待些- ̗̀(๑ᵔ⌔ᵔ๑)。还有啊，我就想凑3个照片，自己又懒得去拍照，所以就从官网搬了两张照片各位不要在意啊，毕竟车友圈友友拍照水平都比我好，想看帅气的75p可以看他们拍的去✌(̿▀̿ ̿Ĺ̯̿̿▀̿ ̿)✌",3.9,old_v1,False,old_v1|unlabeled|mid,,,,,,,,,,
君威,6970124660151160863,2021-06-05 10:03:00,"【购车经历】
80后，需要一辆沉稳B级，看过同级雅阁，君越，K5,索纳塔，凯美瑞，迈锐宝，天籁，迈腾，蒙迪欧等主流车型，在懂车帝看了一年了跟逛街一样，研究外观，底盘，操控，空间，整车质量，发动机，变速箱，车历史。研究完日系车，韩系，德系就不考虑了，果断选择美系君威，不是因为别的，是因为看的太累了，果断点得了。（之前也是研究完了君威才选择）
【提车价格】
坐标丹东市，全款16.88落地，优惠4万含置换补贴2000元。各地区价格差异化挺大，疫情原因在当地买。
【外观】首先就是外观打动了我，君威看起来非常大气，本人喜欢大，前脸采用宽大的中网设计，内部镶嵌点阵式格栅，LED灯完美结合横置镀铬中网，锋利显霸气而且很凌厉的感觉，运动不失沉稳，下方采用三角形进气槽，设计年轻，修长的车身笔直的腰线，线条从前门一直到车尾，有层次感，溜背式造型屁股很圆润，一贯采用别克家族式设计，做工整体圆，视觉比雅阁小，但是长度还比雅阁多出几厘米。后尾排气两个假的镀铬略显威武。君威这个外观沉稳带些运动，有辨识度。左看右看上看下看不失风度而且耐看，符合审美。
【亮点配置】前脸造型中网横镀铬完美融合LED日行灯，看起来更加锋利，大气，轮胎尺寸225/55R17也很奈斯，整体造型非常漂亮且沉稳，1.5T加9AT的动力总成完全可以，LED日行灯，天窗，被动行人保护，上坡辅助，自动启停，双区恒温空调，车内单色氛围灯，主动式进气，防侧滑，倒车影像，雷达该有的配置都有，满足我需求。入门级配置同级最多，二话没说直接订车
【驾驶感受】
君威这款车整体感受适中，开了一次长途觉得腰有点累，座椅不是那么太舒适，短途还是可以的，操纵感还是有的，特别是有换挡拨片，悬挂适中，颠簸路面我觉得不是那么难受，固特异轮胎过滤沙石表现一般。静音效果适中，胎噪较大，风噪适中，各种噪音导致我播放音乐来掩饰这种尴尬，涡轮介入延迟，挂挡顿挫，起步稍肉，君威这车就适合跑中长距离，经常市里开车建议买日系无顿挫，挂档平顺的。
【空间表现】
空间表现力B级车我觉得都还可以，没有那么多过分要求，君威这段时间接送客户，只能说还凑合。白色的内饰也给客户增加温馨的感觉，内心舒适，客户都问我什么车，她们都觉得挺好。内心当然是开心的。当然和雅阁比还是空间小点，毕竟雅阁号称空间魔术师，比上不足比下有余。
【动力表现】
1.5T+9AT的动力总成满足我一切日常需求，最大输出169匹，整体动力表现还算出色，车里做四个人爬坡稍微费劲，偶尔会听到发动机嗡嗡响声，高速行进底盘沉稳开到140不会感觉车要起飞那种飘飘的感觉，就是每次跑高速进服务区我肯定把机盖打开，因为太热了，快速散热。变速箱调校起步平顺性强，顿挫略有，人性化退档加速，提高转速，动力充沛，君威这个车高速真的不虚。前麦弗逊后多连杆悬架走颠簸路底盘很好的过滤和吸收。
【油耗】
油耗的问题40%市区+60%国道，市区表显12个左右，城乡结合8左右，以前的美式油老虎那是过去式，现在美系车不是那么费油，我买车也不会考虑油耗，因为我就算15个油我也能烧的起，只要是车辆能给我带来潜在的商业价值费点油不算什么。标号92，一直加92的油。我买车不会考虑油耗的问题。
【养护成本】目前行驶5200公里，第一次保养4S店免费的（更换全合成机油），机滤，轮胎扎钉子补胎一个轮胎25，玻璃水上网买的-25度的，其余小毛病暂时没有。
【最不满意】
不满意的也许就是刚提车时的异味，我买了一瓶香水喷在车里，过了三天这个味道没有了。还有就是暗影灰这个颜色好看是好看，就是没有白色的耐脏，下完雨我肯定去洗车，车活一张脸，勤收拾呗。内饰座椅也是白色，经常拿清洗剂擦拭，精英加个后视镜折叠更完美了，车机延迟，卡顿。有时候卡的死机，只能重启。
【最满意】
外观颜值这一块拿捏的很到位，回头率很高。同级配置丰富。家用，小微企业用都很合适。

最后感谢咖酷大威圈主推荐。",4.0,old_v1,False,old_v1|unlabeled|mid,,,,,,,,,,
红旗H9,6945292364369891365,2021-03-30 12:01:00,"事情是这样的，小皂说她借了一辆双色红旗h9给我开，我兴奋了两周，满心欢喜地.....等到了一辆非原厂车漆的贴膜丐版......

但刚看到它的一瞬间我还是被这辆“东方劳斯莱斯”的外观震慑了三秒，那叫一个威风凛凛、方方正正、直上直下、遥看直瀑挂前脸，开上它那真是自带追光、举世瞩目、广结善缘、满街宾客无不伸颈侧目微笑默叹以为妙绝！
脑补路人os：“啊！好大一辆车，好方一张脸！”
然而精彩才刚刚开始。
一进到车内，浓浓的奔驰E的气息扑面而来，除了缝线不齐、接缝忽大忽小、车内储物空间不合理、材质微微廉价感以及两块屏显示的内容比较简陋之外，基本上，乍一看，有豪华车那味了。
拿31万的丐版来说，这个价格就只能买个观感，就是说只能买个“看上去还不错”，用起来或开起来还是差了不少意思。
网上那些H9各种cer pia的灯包括氛围灯，丐版都是没有的。各种主动安全功能、自适应巡航、无线充电、后排控制副驾驶座椅放倒、四个座椅加热通风按摩、后排座椅平躺甚至是后排座椅调节等等功能也都是...没有的。
开起来的感觉呢，首先是方向盘过于轻了，虚位太大，2.0T开起来的感觉也微微有点吃力，动力反馈和刹车速度都是有迟滞的，开了运动模式也只是声音大了一点，和舒适模式没有什么显著的区别。
总之一句话，你不管做什么动作，急打方向、急加速、急刹车，它都足足给你慢半拍。
这玩意儿也很容易理解，它的逻辑是这样的：老板跟后面坐着，你在前面就算深一脚浅一脚的，老板也察觉不到。这车虽然开着有点儿肉，处处反应慢，但乘坐感受就是超稳，绝稳，太稳了！开上它，人均老司机！

我的总体感觉是，这款车（特指丐版）真的有很大的市场，非常适合有以下需求的人群购买：
1、用作小企业基础商务接待：有里有面有情怀，在后座的老板还没新鲜够、还来不及问那些没有的功能时，就到目的地了；
2、用作专车：空间够大、行车够稳，很容易得到五星好评；
3、用作出租：我们看了租车公司这辆车的排期，完！全！排！满！作为稀缺车型，即便是什么功能都没有的丐版，也好租到爆炸啊！

要说这款车的价格跨度也真是绝了，从31万到54万，硬是从小老板儿到大老板儿，把整个老板市场打了个通透。
有朝一日我若当了大老板儿，必买一辆顶配H9，在夕阳的余晖下，从容地躺在后排，从植绒扶手箱里拿出商业伙伴送我的古巴雪茄，眯缝着眼睛跟我的司机说：你靠边停个车，我得去趟小卖部，买个火儿。",3.4,old_v1,False,old_v1|unlabeled|mid,,,,,,,,,,
红旗E-HS9,6926434476151017479,2021-02-07 16:23:00,"红旗E-HS9定位是一台大型纯电动SUV，横向来看几乎没有直接的对手，因为目前这个定位的车型非常少。

优势：

1、新能源车型，部分城市能够享受不限购不限号的待遇，在有家用充电桩的情况下后期用车成本远低于燃油车。

2、外形霸气十足，四平八稳的设计语言放在大型SUV更显稳重，封闭式格栅搭配直瀑式镀铬饰条很有视觉冲击力，分体式大灯组视觉效果也颇为个性。车身侧面线条非常优雅，加上超过5.2米的长度，给人的感觉非常舒展，也颇有时尚感。尾部熏黑的贯穿式尾灯组质感出色，下包围部分的贯穿式镀铬条也有效提高了档次感。

2、内饰设计豪华，大面积软质材料的应用对得起售价，触手可及的地方基本上都使用了软质材料覆盖，质感比较出色。全液晶仪表盘以及中控屏显示效果都比较细腻，可显示的内容非常丰富，功能性也让人满意，支持在线导航、语音控制等，流畅度也比较高。空调操作区域也采用了液晶屏设计，尺寸比较大，UI设计简洁，操作非常方便。副驾驶前方也提供了一块娱乐液晶屏幕，功能丰富，中控屏在导航时也不会影响到副驾驶用户娱乐。

3、座椅采用了2-3-2的常规布局，身高1米7的同事乘坐在第二排腿部空间在1拳半到2拳半之间，不会觉得局促。第三排腿部空间最大接近1拳，最小则几乎没有额外的腿部空间。适当调整第二排座椅位置的话，两排乘客都不会觉得特别局促。而且座椅填充物比较柔软，第三排的坐姿也并不低，有一定的实用性。

4、虽然车身看起来比较笨重，但驾驭起来其实并不难，驾驶员的视野非常开阔，有一种居高临下的感觉。转向手感比较轻柔，市区内驾驶时并无太多压力，开惯了这个级别车型的话，上手红旗H-ES9并无难度。刹车的脚感的比较线性，动能回收的力度也不会觉得突兀。

5、动力方面搭载了前后双电机，总功率达到了320kW，峰值扭矩为600N·m。虽然整备质量超过2.5吨，但起步并不觉得肉。踏板的调教比较沉稳，动力输出给人的感觉也足够平顺，并不会觉得窜，符合稳重大气的车型定位。开启运动模式之后动力感受会有明显提升，起步有推背感，中后段也依然有爆发力。

6、虽然是低配车型，没有配备空气悬架，但底盘厚重感依然出色，对于颠簸的过滤也很到位，车内乘客对于路况的感知非常低，过减速带时车内也不会感觉到明显的冲击力。

缺点：

1、隔音效果不够好，虽然风噪控制的比较到位，但急加速时电机啸叫以及胎噪都会比较明显的传递到车内，有很大的提升空间。

2、悬架支撑性一般，来回并线或者转弯时侧倾比较大，不适合激烈驾驶。

3、车头位置视野盲区比较大。

4、NEDC续航里程只有460km，冬季实际续航里程不到300km，市区内代步足够，但基本上无缘跑长途。

总结：

红旗E-HS9是一款舒适性表现比较好的车型，对于7座有需求，而且在市区内商务接待比较多的话值得考虑，即便是低配车型在配置方面也比较丰富，满足日常驾驶所需并无问题。但如果有长途需求的话它并不适合你，空间表现在同级别也算不上优秀。",4.0,old_v1,False,old_v1|unlabeled|mid,,,,,,,,,,
RAV4荣放,7001284590815940643,2021-08-28 09:19:00,"外观和丰田的口碑了，这款新款刚出的时候我就一直在关注，犀利的外观就占据了我一大半购车想法，当然还有不错的经济实用性。虽然定位是一台紧凑型SUV，但个人觉得空间感还是很不错的，本人170，空间完全够用，而且后备箱超大，今年过年准备自驾长途回老家，后排座放倒，铺床被子就可以躺着睡。全系配置都挺高的，多功能方向盘，自动驻车，自适应定速巡航，车道偏离，L2级自动驾驶，全车配备7个气囊。
不满意的点：
个人觉得噪音有点大，高速上车速上一百多后，胎噪、风噪声音太大了，感觉哪里在漏风，听歌要把音量调很大，说话声都要比平常大点。车门，引擎盖等边上的缝隙有点大，都有半个小指头那么大，感觉做工不那么精细，怪不得漏风。第二个就要属大彩电了，应该是都在吐槽的一点，没一点质感，分辨率低，颜色单一，功能比较少，而且还有一点点挡视线。第三个就是音响效果一般般，6个喇叭，就感觉只是在听个响而已。第四个就是360倒车影像，简直是不摆了，那个清晰度感觉就是用座机拍的，太模糊了，不知道厂家为什么要弄这么低的像素，现在都2021年了第五个就是后排座中间凸起，要是能弄平就好，不太喜欢。
性价比：
这款车性价比很高，保值率很好，作为家用城市SUV，无非就是经济适用，空间大，油耗低，保养成本低，省心，耐开，开不坏的丰田不是空口无凭的，是经得起折腾的。昨天刚去做的首保，提前一天SSSS店预约，刚好赶上Ssss店搞游园活动，送了一件体恤，一顶帽子，一本日历，一条毛巾，还有积分买了个小风扇。4S店的服务态度和质量很好，值得推荐!",3.3,old_v1,False,old_v1|unlabeled|mid,,,,,,,,,,
别克GL8,6928357610169045005,2021-02-12 20:46:00,"【优点】
1、外观的设计真的是百看不厌，非常的经典，也特别的时尚和大气。虽然和丰田埃尔法那种富贵的气息没法相提并论，但是在50万以内，我认为别克GL8的外观设计在同级别中属于上游的水准。前脸采用的别克家族设计，盾牌造型的熏黑进气中网内部填充着波浪造型的黑色材质，看起来比较有质感。前进气中网与两侧的灯组进行了衔接，一体感较好。进气中网的下方有一条不规则的镀铬饰条进行横向贯穿，精致感很明显。侧面的设计非常的时尚，不规则的风力轮毂加上熏黑的后车窗玻璃，营造出了时尚以及悬浮感觉。车尾的设计经典耐看且层次鲜明，车尾采用的也是方正的设计，看起来相当的大气。

2、内饰的舒适度很高。购买这辆车子当然也是因为这辆车的舒适性，它的座椅相当的柔软，而且底盘调校得舒适，隔音效果也很好。车身数据部，长宽高分别为5219/1878/1805mm，轴距是3088mm。像我这种1米75中等身材的男性，车内三排座椅都可以随意坐，并不会觉得紧凑，其中第二排的舒适度自然是最好的。我们这辆车宜商宜家，平时主要家用，我媳妇以及小孩都是坐在第二排，因为舒适度高，也特别安全，而且拥有座椅加热以及真皮，我的小孩说坐起来比我们原来的那辆轿车好太多了。

3、内饰设计得特别的科技，行车电脑屏使用的是12.3英寸的彩色液晶屏，中控部分采用的是12.3英寸的大屏，而且功能配置高。空调部分采用的是触摸加钢琴烤漆材质的设计，看起来相当的时尚。此外，车内采用了米色的内饰设计，看起来比较温馨。

【缺点】
1、车子的操控和轿车相比差太多了，感觉摇摇晃晃的，没有驾驶感，而且车子重心高，拐弯的时候感觉支撑性不好。

2、天窗采用的居然是单片天窗，我觉得这个价格对于别克车来说已经是相当的昂贵了，有些偏小气。

3、遥控钥匙塑料感太强，而且遥控钥匙内部的机械钥匙摇摇晃晃的有异响，感觉钥匙没有完全密封好。",3.1,old_v1,False,old_v1|unlabeled|mid,,,,,,,,,,
冠道,6938573390189957128,2021-03-12 09:28:00,"空间：本田冠道的内部空间在同级车内属于领先行列了，基本是找不到对手。前后排空间都非常宽大，甚至可以说随便乘坐，后排空间有时还可以乘坐4个人，同时后排空间地板平整，不会影响乘坐者的舒适感。

动力：搭载了1.5T涡轮增压发动机，发动机具备VTEC特有技术，最大马力为193匹，最大扭矩为243N•m，匹配了CVT无级变速箱，动力在同级别车内也具备绝对的话语权，城市中驾驶轻松平稳，发挥7成功力就行，高速上踩足油门，推背感特别强烈，市区内的综合油耗为9.8L，应该很多车主都可以接受。

下面再来说一下这款车的几项缺点：
1.车机系统不好，用起来非常不方便，是一个比较鸡肋的配置。
2.空调的制冷效果不高，需要一段时间才能将车内制冷，吹出来的冷风相对也不算柔和。
3.储物空间上有些缺点，主要是因为车子溜背造型影响了后备箱的空间，不过日常家用是够用的。

购车费用：这款车的厂商指导价为25.58万，优惠价格为1万，裸车价为24.48万，给出的优惠幅度比较有诚意。购置税大约为21752元，车船使用费420元，交强险950元，上牌费500元，加上商业保险大概7878元，这款车的最后落地价格为277299元。

总结：相对其它同级车型来看，冠道的价格定位是合理的，不算特别高，同时它的内部配置丰富，乘坐空间与动力系统在同级别车内不说第一也能排前三，入手一辆很划算。",4.0,old_v1,False,old_v1|unlabeled|mid,,,,,,,,,,
凌渡,6975347900712751140,2021-06-19 11:53:00,"外观：这个就不用多说了，哈哈有点cc的感觉，不好看我也不会选它不是。
内饰：不愧是大众，就你这内饰销量上的去就见鬼了，还主打年轻群体简直不知所谓。买的当天就直杀成都把内饰改了，看不下去。
配置：能满足我的日常，最不满意的就是没有带一键启动，人生第一辆车当时买的时候感觉可有可无，现在嘛后悔啦！
空间：后排空间确实有点小，但对我这单身狗来说没有多大关系，这车比较低趴不适合长的高的人，我170就没问题哈。
操控：操控可以哦，指哪打哪。低速时顿挫确实有，有时到🚥时减速，松刹车又没踩油门有点自动往前冲的感觉，不知道这又是什么鬼，开我哥的马自达CX4就没有这种感受。
动力和舒适性：动力还行哈，感觉跟我哥的 马自达CX4  2.0差不多哈，当然我的小渡车身要轻些；舒适性10几万的车就别想那么多了。
油耗：油耗有点意外，以前都是听别人说的日系车省油，但没想到德系大众的车也是这样，虽然加的95#，但一箱油可以跑8-900公里，自己看截图吧！",3.2,old_v1,False,old_v1|unlabeled|mid,,,,,,,,,,
本田CR-V,6972046909317844999,2021-06-10 14:22:00,"作为一名有着十余年维修经验的老技师，见识过许多车，我个人还是比较喜欢日系的本田，它的质量品牌口碑都挺不错的。2021款 本田CR-V 锐·混动 2.0L 四驱净骋版是一辆紧凑型SUV。该车外观的颜值简直完美，大气时尚，符合年轻人的审美，独特的装饰线条，富有一定的视觉冲击力，但是听车主说它的车漆有点薄，我感觉还是有改进空间的。内饰没有带给我什么新鲜感，特色完全凸显不出来，颜色也比较单调，但是也并没有明显的塑料廉价感。在动力方面，该车搭配2.0L 146马力 L4 油电混动发动机，匹配E-CVT无级变速箱，我感觉如果只是上下班乘坐不跑高速的话，动力是满满够用的，跑高速时的加速感可能会比较弱。
前天，车主把车开来，说该车出现发动机机油增多的现象。机油增多是一个比较常见的故障，根据以往维修该车的经验，我首先怀疑是机油外部泄漏，不过我很快打消了这个想法。没有办法，只能一处一处检查，我先后对曲轴箱通风装置、活塞环、气缸垫和凸轮轴轴承等进行了检查，最后发现主要的故障原因是气门导管磨损过度，当气门导管磨损过度时，机油就会从气门杆与气门导管的配合间隙处大量进入气缸而被烧掉，导致机油增多。我对损坏了的气门导管进行了更换，维修价格在300元左右，寻找故障的原因比较花时间，总体维修耗时不到两天。
我觉得这款车的保养成本在同级别车中算是比较低的，在5000公里或6个月需做首次保养，需要更换发动机机油、机油滤清器等，价格在600元左右。首保结束之后每年保养一次即可，根据车辆情况可更换发动机机油、机油滤清器、空调滤清器芯、燃油滤清器、制动液和火花塞等，小保养价格在1000元左右，大保养价格在1300元左右。",3.4,old_v1,False,old_v1|unlabeled|mid,,,,,,,,,,
标致408,6933047238427938829,2021-02-25 12:04:00,"【外观】造型设计延续了标致汽车家族式设计语言，前脸采用大尺寸梯形设计的中网，内嵌熏黑式进气格栅，搭配两侧不规则的前大灯组，增添了不少时尚感。而下方开放式的进气网也十分独特，衔接着日间行车灯以及雾灯，使整车前脸看起来非常帅气。车身侧面采用单腰线勾勒，线条柔和，横穿前后门把手，一直延伸至车尾，营造出年轻运动的视觉体验。车尾部分设计较为简约，不规则的尾灯设计与前脸相呼应。唯一不足的是没有采用一体式尾灯设计，不过也并不影响该车的美观。

【空间】车身尺寸分别为4750*1820*1488mm，轴距为2730mm，空间表现不错，在同级别车型中占据不错优势。本人身高1米78，乘坐于前排副驾驶位，头部空间约有一拳一指左右，腿部可拉伸130度，有较大的舒展空间。保持前排座椅不动，来到后排，后排的腿部空间有将近两拳距离，并且后排中间地台隆起的高度并不高，对于中间乘客来说比较友好，长途乘坐并不感到容易疲劳。行李舱容积为455L，基本上可以满足我们一家四口出行储物的需求。

【驾驶体验】搭载1.2T涡轮增压发动机，匹配6挡双离合变速箱，最大输出136匹马力。起步状态下，油门比较轻快，还伴随着一丝闯动，踩下油门踏板车身会立刻向前移动，在城市拥堵路况中能够更高效地跟车。而时速达到20km/h时，涡轮开始介入工作，深踩油门可获得较为不错的动力输出，推背感也很强。当时速达到100km/h加速，动力储备力依旧充足，深踩油门可以感受到第二波的动力输出，这要得益于8AT变速箱的功劳，动力表现还是比较不错的。时速在60km/h以下，车内几乎是一种静谧的状态，而时速达到80km/h以上，发动机的噪音传入车内，但并不是很明显，胎噪和风噪也随着车速的变化而变大，不过是在可以接受的范围内。

【底盘】对于路面接缝、井盖甚至减速带等较大颠簸的过滤都很充分，而且有一定的柔韧感。缺点自然就是较软的悬架导致侧向支撑略差，高速过弯或快速并线时，车辆会出现比较明显的侧倾，另外，悬架对高频率小振动的处理有些不够细腻，表现就是路感有些丰富。

【购车费用】厂商指导价是12.97万，优惠3万，裸车价是9.97万，加上购置税8823元，车船税420元，上牌费500元，以及保险5500元，最终全款落地价是11.6万。",3.6,old_v1,False,old_v1|unlabeled|mid,,,,,,,,,,
小虎FEV,7037004365902647304,2021-12-02 15:30:00,"现在3万元左右的微型纯电动车非常受欢迎，毕竟五菱宏光MINI EV卖得非常好。小虎FEV是郑州日产负责制造的，这款小车外形还是很不错的，很有自己的特色，有双门和四门车型可供选择。下面我们来重点说下这款车的驾乘感受，首先从空间上来说，双排座的车型后排空间表现非常不错，而且无论是双门还是四门，后备箱空间表现也很好，这点是比五菱宏光MINI EV好的地方。
    内饰的精细度谈不上多么细致，毕竟在这个价位区间，只能算还说得过去。
    开起来的话，动力表现还算可以，但唯一不解的是，在时速20公里以下时，有非常明显的电流声，厂家人说这是低速提醒音，提醒其它车辆及路边行人注意的，可是为啥不能采用另外一种好听的声音，偏要用这种电流声，确实搞不懂。",3.6,old_v1,False,old_v1|unlabeled|mid,,,,,,,,,,
奥迪Q2L,7006188525523570720,2021-09-10 14:29:00,"【亮点配置】
参考大众朗逸，大众宝来。q2l就是买个标，话虽如此，但是开着心理舒服。比较适合女人开。
【空间表现】
前排正常。后排1米9坐进去会顶到头。后备箱表现一般，两个中号行李箱。
【驾驶感受】
安全性很强，主动刹车介入很及时！不要问我为什么，我也很懵。
动力一般，市区够用。作为代步车，很完美。胎噪有点大。
【提车价格】
丐版，落地18万2，因为是4s二手车。8月上牌，9月过户给我，实表5公里。
【保养】
市区代步，没啥好操心的，就一年搞一次。而且这个ea211还算稳定，就是这个干式双离合，听说不好，好像也就那回事，没什么问题。
【最不满意】
屏幕不能升降。
【油耗】
市区8个油，高速6个。",3.1,old_v1,False,old_v1|unlabeled|mid,,,,,,,,,,
赛图斯,7585033378236207129,2025-12-18 11:23:00,外观设计时尚动感，线条流畅，给人一种很大气的感觉。但是回老家时候开回去挂到地盘了，车漆太薄了，弄一点车漆都要500,4.1,old_v1,True,old_v1|legacy|high,1.0,0.0,0.0,0.0,0.0,0.0,0.0,0.0,0.0,-1.0
岚图追光L,01ks715fne6mw38e9q64sg0000,2026-05-22 00:00:00,"最满意: 刚过完年，大庆的二月依旧冷得刺骨，开了七八年的老款天籁其实还能跑,但冬天每次启动那个动静,越来越让我觉得它老了,我也该对自己好一点了。终于下定决心,在对比了多款车型后，把2026款岚图追光L四驱Ultra提了回来，到今天正好跑了2688公里。
 我最满意的就是全车座椅的通风加热按摩,这配置在东北冬天就是“续命神器”。大庆的冬天到底有多冷,没在东北生活过的人根本想象不到，零下二三十度,露天停一晚上车,第二天早上坐进去,皮座椅能冰得你龇牙咧嘴。但现在我每天早上出门前,先用手机APP把座椅加热打开,等下楼坐进去那一瞬间,从腰到腿一下子被暖流裹住,整个人就像被一只大手稳稳地托着,僵硬的肌肉慢慢舒展开来。后排中央扶手上的那块触摸屏可根据自己的需要调节控制很多功能,再挑一首爱听的老歌,音乐声一出，整个人就松弛下来了。
最不满意: 储物空间设计,真的让人挠头。 以前老车上手套箱虽然不大,但最起码能塞个抽纸盒、放几本书什么的，现在追光L的副驾前面就一个小抽屉,我量了一下,连标准装的抽纸盒都塞不进去，只能放一些薄一点的纸或者行驶本、驾驶证之类的东西，稍微厚一点、大一点的物品都塞不下，应用场景用途不高。
空间 4: 追光L的后排腿部空间,同价位基本难寻对手，我身高182,前排调整好我的坐姿之后,坐到后排膝盖前面至少还有三拳多的余量,轻轻松松翘个二郎腿。后备箱也很规整,我上周去新玛特采购了整整两大购物车的东西,包括两箱饮料,全部塞进去毫无压力。
驾驶感受 5: 追光L的后轮转向真香,5米多的大车,调头一把过，以前开老车在商贸那边调头,碰到车多路窄的时候得倒一把才能转过去,尴尬又麻烦。现在追光L的独立后轮转向功能,实际体验下来,转弯半径明显比同尺寸的其他车小了很多。动力方面,双电机四驱百公里加速4.8秒，这数据看着挺唬人,但实际开起来不会感觉很突兀,动力输出非常线性,踩多少给多少,既不会让人觉得动力不够,也不会窜出去让你措手不及。底盘调校在同价位里确实算比较出色的,空气悬挂加可变阻尼过滤路面的效果很细腻,开起来稳稳当当的。
续航 5: 我这台追光L四驱Ultra版配的是63度的三元锂电池,CLTC纯电续航官方标的410公里，实际用下来,现在天气暖和了,在市区通勤开个三百四五十公里完全没问题,差不多一周到一周半充一次电就行。二月刚提车那会儿,大庆还在零下十几度,开着空调和座椅加热的情况下,续航大概会缩到两百四五十公里左右,但也够我用近一周了。作为混动车型，满油满电的情况下，春夏综合实际续航能超1000多公里，长途旅行完全没有续航焦虑。
外观 5: 玄英黑车漆,白天看深邃,晚上看高级，这种颜色是追光L几个单色车漆里比较讲究的一种,漆面里面好像添加了特殊的金属颗粒,凑近了阳光底下能看到漆面深处一闪一闪的莹光,不是那种死板的黑,而是特别通透的质感。前脸扶摇直上直瀑式格栅配贯穿式日行灯,亮了灯,气场一下子就拉满。特别要说的一点是,这台车的体感尺寸非常大,车长过5.1米,轴距过3米,往那一停跟旁边的普通轿车一比,明显大了一圈，那种压迫感和存在感,不是靠设计语言堆出来的,而是尺寸本身带来的底气。
内饰 4: 稻米白内饰,美是真美,伺候起来也确实费心。当初选稻米白而没有选丹霞红或者烟山灰,就是看中这种米白色的高级感，实际用起来,视野确实开阔,坐在车里没有深色内饰那种压抑感。全车大面积软皮包裹加上实木饰板点缀,摸上去细腻温润,细节处的走线非常规整。至于不好打理这个事儿,我早就做好了心理准备，去买了一套同色系的座椅垫,既能保持视觉效果统一,又不怕被弄脏。后排扶手那块屏幕设计得很讨巧,独立控制空调、座椅加热和音响、甚至还能控制遮阳帘,不用再往前探头喊前座帮忙,确实方便。
性价比 5: 30.99万的裸车价,给你魔毯悬挂、后轮转向、华为智驾加上四个满配座椅,还想怎样?同价位去看BBA,入门级的连座椅加热都要选装,更别提通风按摩这种配置了，而追光L把这些在BBA上要额外加好几万才能换来的配置,全部标配，尤其对一个东北车主来说,四座座椅加热不只是舒适性的提升,更是刚需。再加上空气悬挂、鸿蒙座舱等一系列配置,30.99万的价格放在2026年的中大型新能源轿车市场里,属于诚意很足的那一档，更何况还有东风这种大国企的售后网络兜底,开起来心里踏实。我就觉得,这台车,没选错。
智能化 5: 岚图追光L的智驾系统硬件底子确实扎实,1颗192线激光雷达加上二十多个传感器,能覆盖从车位到车位的全程领航辅助。我每天上下班走的世纪大道那段路,路况复杂、车流密集,以前开得挺烦心的，现在设好导航,车会自己变道、自己跟车,我只需要把手搭在方向盘上做监督就行,轻松了很多。自动泊车功能也是利用率极高,地下停车场那种紧凑车位,以前我得来回揉好几把才能进去,现在点一下自动泊车,它自己就能稳稳当当地钻进去。",4.71,autohome_incremental,False,autohome_incremental|unlabeled|high,,,,,,,,,,
威然,7296331487618535439,2023-11-01 11:39:00,配置对比国产车还是有点低。没有下车锁车，地库没信号还得跑下来才能锁。还有就是自动启停，这个逼配置是真烦。就不能默认关闭吗。油耗不上不下，之前1.5的昂科威都要8个油。380的动力还是比330强些。反正也就贵个几千块钱。,4.8,old_v1,True,old_v1|legacy|high,0.0,0.0,0.0,1.0,0.0,0.0,-1.0,-1.0,0.0,0.0
瑞虎3x,7655949392586739774,2026-06-27 13:57:00,买到开了200多公里，还是很满意的，很好开，提速也满意，油耗正常，性价比很高哦。,4.8,old_v1,False,old_v1|unlabeled|high,,,,,,,,,,
高尔夫,7154072556180344863,2022-10-14 08:07:00,"我是把飞度卖了再考虑一台两厢小车，正好国内八代GTI上了，试了一下还是OK，就订车了。本来想买红色，但一看不是大红色，有点偏暗红，就订了这锰石黑。车子买了一年，用车最不满意是这车机系统，上车通电关启停，一直要耐心等待一会，如果夏天很热，空调也得耐心等待，有次朋友着急开空调，多按了几下就死机了，不得不熄火关机重启，这一点体验很差。虽然后来升级了一次车机，开机速度还是堪忧，不过正常开机成功以后，流畅度还算OK。
 然后这方向机是挺满意的，转弯变道一开始虽然上手略觉得怪异，习惯以后觉得很棒，特别是跑山的时候，还有侧方停车，这一点很爽。
动力方面虽然现在别的2.0T动不动250+马力，但这个EA888还是可以的，毕竟之前我一直开自吸车，这样的动力表现很知足了，前驱马力太大也不一定好开，在够用前提下得好开就可以了。（因为对于动力追求是无止境的 自我要求达到即可）
至于油耗嘛，这车就是多等一个红灯，多一次起步就涨油耗，市区经常12-13油耗，还是温柔开，高速试过长距离，一直在5.8左右，再低也下不去多少了。之前朋友和我赌我开去川西自驾可以一箱油一千公里，我稳着油门一路100巡航最低油耗也是5.6，一箱油只能850公里，不敢极限操作啊，怕断油抛锚哈哈哈哈，就算干断油也是开不到一千公里的.（一个GTI车主如此在意油耗也是没谁了）
正好也许有人要问这车乘坐舒适度，我个人觉得是算OK，毕竟运动车型，座椅偏硬，桶椅设计，长距离舒适度的确欠佳，但也不至于到崩溃的程度，我一口气开了一千公里，车上睡觉，再开一千公里还是顶得住。哈哈哈。
总体来讲这车还是不错，虽然有些小毛病容易炸毛，开起来还是很爽的，一年时间我开了两万公里，不过接下来要把这原厂邓禄普轮胎换了，抓地一言难尽，看了很多车主提车就是换轮胎的。我还是勤俭节约跑了一年准备换。最后说几句，这车排气没有阀门，开起来一直呼噜噜的，要有个开关就好了，天天听虽然不至于觉得烦，就是进出小区都知道我出门回家了，晚上想出门溜车一直害怕吵到邻居（老小区没地库）。运动模式收油会放炮，挺好听的，哈哈哈。请圈主推荐加精",3.6,old_v1,True,old_v1|legacy|mid,1.0,0.0,0.0,1.0,1.0,1.0,-1.0,-1.0,-1.0,0.0
威朗,7223400300709679162,2023-04-18 22:43:00,"看了两个月了，本来想着花八万多块钱全款买辆科鲁泽，但是后来试驾之后，觉得动力方面一般，然后就看了长安逸动，颜值还是差点意思。
三月底长安逸动大降价，考察了一下后来还是看向了别克威朗，发现这款车动力和颜值都不错，然后就是试驾。
试驾的感觉挺不错的，当时就觉得就这辆了，虽然比预算高了两万来块钱，但是买车还是买自己喜欢的，毕竟是经常需要用到的必需品。
然后就是聊价格，销售刚开始报的就是全款优惠五万，保险五千，分期还能更低，这个销售还比较靠谱，然后回去考虑，过了几天郑州办了车展，去车展又对比了价格，发现还是那个销售报的低，当场就去找他订了，优惠五万零五百，保险四千五，全部算下来102200，但是不送倒车影像和行车记录仪，怎么磨都不行。
无所谓了，也不想再麻烦了，直接订了省事了，下午出不了临时牌，第二天过来提车上牌了。

提醒大家，新车去加油千万不要听大妈忽悠，让你加磨合油说的新车必须得加，忽悠了我130，还有上牌尽量自己上，我拿500买了教训，和自己上没什么区别。赠品全车太阳膜能不要就别要，尽量要价格优惠，都是套路，贴的膜很差，基本上都有隐形消费！！！",4.6,old_v1,True,old_v1|legacy|high,1.0,0.0,0.0,1.0,0.0,0.0,0.0,-1.0,0.0,1.0
朗逸,7600380299918184473,2026-01-28 19:57:00,车子空间可以，1.5升动力不太足，变速箱反应有点慢 车子质感是很好的,4.9,old_v1,True,old_v1|legacy|high,0.0,0.0,1.0,-1.0,-1.0,0.0,0.0,0.0,0.0,0.0
锋兰达,7632588752241561662,2026-04-25 15:02:00,开着舒服新车油耗高了一些，磨合完应该能节省油，锋兰达车适合女士开，挺好的,5.0,old_v1,True,old_v1|legacy|high,0.0,0.0,0.0,0.0,0.0,1.0,-1.0,0.0,0.0,0.0
星瑞,7585207508369674302,2026-01-06 16:00:00,"购车过程:
油车，混动，纯电这三种车，最后还是选择了燃油车，可能有小伙伴不理解这年头谁还在买纯油车，但是考虑家里不方便装充电桩，我比较懒，也不想花时间跑出去充电，等个几十分钟的时间有时候真感觉很长，虽然快充快，但是还是比较损电池，跟手机一样。而且县城的充电桩还比较少，高峰还要排队充，所以还是选择了燃油车。
看了速腾，轩逸，朗逸，星瑞，帝豪，虽然速腾，朗逸还是挺不错，销量还是挺高的，但是了解到大众车干式双离合比较费变速箱，故障率比较高。轩逸的话去店里不能试驾，而且服务态度不是很好，进门没有人迎客，自己看车，虽然省油耐操，但是这后排空间确实小，车里还是感觉满满廉价感，问了销售说没有置换补贴，省心版落地还要9万就不考虑了。最后是进了吉利4s店，不得不说吉利的服务就比较好，进出门就给水跟饮料，跟不要钱一样，坐下来还给倒茶水，虽然可能其他店都是这样，但是主要是经历了日产的店之后就感觉这服务天差地别。然后看了帝豪跟星瑞，不得不说第5代帝豪确实帅，但是体验下来跟星瑞确实不是一个级别的东西，毕竟星瑞是cma架构的，开起来还是比较稳重一点，昆仑版增加的东西对于我来说不是很实用，小老百姓要性价比，最后就选择了星瑞扶摇。
价格:
价格方面他品置换有1.4，我还有国补1.5，到手实际就8.2，还是可以接受的
外观:
这车的外观比较稳重，选的是黑色的车看起来比较大气，有点豪华的气质
内饰:
不得不说国产车的内饰在同价位就是不错
空间:
后排空间对于我们这种小矮人很友好，坐进去就比B级车小一点，膝盖有个两拳多的距离
配置:
配置还是比较丰富的，有l2驾驶辅助，车机还是比较流畅，至于后面车机卡的问题，我觉得不重要，只要地图能导航，能听歌就行。
动力操控:
1.5t动力是不错，比起我那小破车雨燕好多了，虽然起步比不上自吸，但是速度起来之后就还可以，最主要是这个转弯支撑性太强了。不过过减速带感觉底盘有点硬吧。
车内的风噪，胎噪是有，但是10万级别的车基本都是存在的，影响不大。
过一些坑洼路段跟减速带感觉有点小异响，不知道是不是后备箱的东西，有一个异响找出来是安全带的卡扣导致的。
油耗:
平时我的驾驶工况是差不多50%高速，20%市区，30%省道，实测加满油能跑600多公里，实测油耗6.33个油（附图)，感觉还行吧。虽然对比轩逸还是费油一点，但是车身比轩逸重费油也正常。
提车半个多月了，总体下来还是比较满意的，就希望这个三大件不要出现大毛病，经的起市场检验，越买越好",4.8,old_v1,True,old_v1|legacy|high,1.0,1.0,1.0,1.0,1.0,-1.0,1.0,1.0,0.0,1.0
奥迪Q3 Sportback,7293802912818401295,2023-10-26 22:02:00,"【空间表现】
前排肯定没问题,选择了轿跑后排空间要损失,两人刚刚好
【外观】
当时买车就冲着这个外观去的,没的说,基本上回头率很高,样子好看,适合年轻人.
【油耗】
自从出了磨合期基本上暴力驾驶,市区通勤来回百公里估计要12-15个油,这车只要是起步轻踩,油耗就能下来,高速目前最低跑到过8个油,最近一直加98
【动力表现】
220马力基本上马路上的车比比起步还是有优势的,普通档位需要深踩油门才有所反应,S档没得说,
四驱起步有点吃亏,好在不滑,下雨天试过,很稳.

已经入手整一年,目前暂无其他问题,对车很满意,有时候车机会死机也就忍忍了,明年争取上二阶轮上搞到300匹就OK~",4.5,old_v1,True,old_v1|legacy|high,1.0,0.0,-1.0,1.0,1.0,0.0,-1.0,0.0,-1.0,0.0
蔚来ET7,7221099250132717620,2023-04-12 20:17:00,"提车半年，8000km
提车地址：苏州
极光绿 白内
小结一下就是颜值满意，性能够用，用车便宜

先说说当时为什么选et7
1、光是每天来回70km的通勤，一个月就比油车省一千（以家里油车的油耗做比较），划得来；
2、在40左右的预算范围内看了bba，基本要啥没啥，其次我对驾驶体验要求较低，开得快开得舒服就行了。
3、一点小虚荣，定位在电动车内不算低
4、长得好看，比较看重颜值

下面是这半年的用车体验：
颜值：
内饰确实是好看的，我个人觉得称得上极简风格，木纹很优雅，目前座椅也没什么变脏痕迹。
外观极光绿很特别，天气不好就偏灰，天气好就绿的明显一点，装绿牌也不突兀，唯一缺点是太长了，还是显得有些商务。

续航：确实虚标，550实际大概350-400，从苏州到安吉只需在本地充一次电就能来回，周边游够用。

充电：选择了充电桩+每月四次换电的选项，舍不得新电池暂时还没换过电；充电桩很多不愁没电充，在家充更划算，四舍五入零成本用车。

服务：维修会有人上门取送车很方便，有专属的一对一服务小群，有什么问题就问回复很快。

舒适性&空间：很多人都吐槽座椅不舒服，太高之类的，其实我没啥感觉，可能是我比较耐坐，一口气开四小时也不带喘的，坐过我车的朋友们都说空间很大坐着很舒服，空间绝对够。

车机功能：
偶尔会出现问题，比如突然断网、带钥匙靠近车自动弹出门把手有延迟、误判雷达故障，但重启车机都能恢复；
顺带一提自动泊车很笨，不好停的车位基本停不进去，很搞笑，好停的车位倒也不需要自动泊车停。

空气悬架：可以升降，过一些特殊路段避免刮底盘；开起来很轻，不像家里的油车像趴在路上开很稳，160再往上就怕车飞起来。

智能化配置：nomi很好玩，弥补了机械按键少的问题，但他也很笨，经常听不懂我说话，希望他以后能再聪明一点。

其他暂时想不到了，希望可以给考虑这台车的大家一点小小参考。",4.2,old_v1,True,old_v1|legacy|high,1.0,1.0,1.0,1.0,0.0,1.0,1.0,1.0,-1.0,1.0
长安UNI-K 智电iDD,7221831670414970932,2023-04-14 19:17:00,"外观:整体来说还是比较时尚年轻化，特别是从某个小巷子开出来的时候，前脸确实很阔气 整体车型的流线型也比较不错！
内饰: 整体内部来讲在这个价位里面还算是可以的，有真皮的座椅以及方向盘 还有大面积的软包 腿长的人右腿靠在马鞍边也不会很硌腿，三联屏看着比较舒服右边的流媒体也很方便，如果中控屏能再大一点就更完美了，
配置:配置也是想吐槽一下，总觉得十八九万的车 怎么说也得差不多嘛，连L2的辅驾都不给 隐私玻璃 隔音玻璃也不给 三叉戟的日行灯也不给 非要加点钱才行😓，22款亏在电机功率上 85 太小了 起步还是有点肉，多功能方向盘上的按键是整体的 虽然美观度上好一些 但确实容易触碰 按流媒体的时候不太容易识别到 要压好几次才能按出来 其他方面还算是中规中矩 。
空间: 整体乘坐空间那确实没啥说的，同价位少逢敌手，我1米8身高坐在后排可以跷二郎腿😂 把宝宝椅装上后在宝宝椅前面还能站个人 ，小朋友在后排跑来跑去没问题，除过宝宝椅 还能在座两个大人也不是特别拥挤，前排空间也比较大 主要是宽敞，后备箱也相当友好 能放下不少东西，折叠的宝宝推车随便放还有空间，盖板提起来里面还有很多小的空间可以放东西，需要吐槽的就是方向盘对于我来说有点低 还有点远，座近了腿不行 坐远了胳膊累😂
续航: 续航里程主要是看是否开空调和脚法，说的是纯电能跑130，开了半年实际下就开出来过一次130续航，冬天空调开开 二挡 27° 电耗21-22左右，基本能开70-80公里，不开空调的情况下 110-120公里 电耗在17-17.7左右 ，猛踩起步或者加速的情况下80-100公里 电耗在17.5-18左右，当然这些跟天气也有很大的关系，开冷风试过一次但是开的时间短 油耗没有明显大上升 等夏天了在分享，油耗方面 网上很多车主说是油老虎 我觉得还好，毕竟2吨重的车 跑过高速 馈电状态下西安到宝鸡200公里 油耗是7个油，满电带油状态下230公里 油耗是3.5个油，市区油耗堵车状态下油耗会高一些好像8个油吧（家有充电桩很少用油😂）但平时通勤来回也就十几公里所以我这个数据不是很准确，但这个里程显示是挺有毛病的，很多车友吐槽的也没啥问题 虚标 油箱还能跑200多公里就提示，最早满油满电提示1100公里续航 但实际根本跑不了这么多 虽然我没跑过😂😂 但很多测评还是比较真是的，之后系统升级表显满油满电950，可能会真实一些吧 没专业测过 最多就是馈电状态下开到了油显剩100公里 就在没敢开了 赶紧去加了个油😁
智能化：整体车机使用流畅度还不错，可以连续语音控制，不像有的车机每说一个指令都需要先唤醒一次车机，这个大k做的还是很不错的，像开空调 开车窗 开天幕 问天气 定闹钟 导航 包括打游戏之类的都没有什么问题 有车友反应有时候中控会蓝屏死机什么的目前我还没有遇到！
驾驶感受：目前半年行驶7千多公里 大多是都是在市区 跑过四五次高速 但都不远最多230公里，整体乘坐感受来说的话还是比较舒适的，底盘调校的相对软一些 路过坑洼路面没有那么颠簸 所以 零重力座舱还是比较真实，纯电行驶感受没的说 比较顺畅  但是我的车有个问题就是纯电开到30的时候会轻微顿一下然后速度上去，猛踩的话顿挫有点明显 但有时候也不会有这种情况 ，由于电机功率有点小85千瓦 所以起步给人感觉有点肉 但是你猛踩也就把你弹出去了😂 但这个车的好处就是 你只要使劲儿踩 不管在哪一个速度（130码以下哦 往高没试过）都能明显感觉到加速感 动力还是很可以的，馈电行驶的话 就不是那么友好了，首先声音上来讲 纯电开惯了 发动机一想 那个声音听着是真难受 特别是换挡转速高的时候😂，但神奇的是 副驾和后排几乎听不到只有主驾最清晰，还有就是如果油门控制的太过于精细 顿挫感还是比较明显的，这也是P2架构的弊端 ，动力回收方面一般 不像某迪P1+P3 那么好，但馈电时的动力那也是杠杠的 有一次转速的声音把我听操了（就是生气发火的意思）高转速半天不跳档 我一脚来了个深踩 把我直接弹出去了 吓我一跳 方向盘差点没抓稳😂 ，但这个车的转速是真高 之前开的是手动挡 没开过自动挡 所以不知道转速到底多少跳转合适，我这个有时候2千4跳，有时候2千6跳，还有一次竟然是2.8跳，这个让人听着很讨厌，其他的驾驶感受就是拐弯什么的也都比较柔顺 超车轻轻松松 给油就行，充电快充1小时充满，慢冲没计时过😂慢充好处就是可以预约充电 我设置凌晨1点开始 1°电3毛8 ，充满一次十来块钱还是比较剩 一月就用个七八十块 确实比油车省，还有就是之前开的车小 突然开大车 后视镜看不到车后轮 导致我没过两月就拿了一血 拐弯右后门给跐小石桩上了 在车上是一点看不到 最后买了两个小圆镜子装上去就好多了，其他的好像也没啥了，想不起来了😂",3.7,old_v1,True,old_v1|legacy|mid,1.0,1.0,1.0,-1.0,0.0,1.0,1.0,-1.0,1.0,0.0
微蓝6,7306518310848319550,2023-11-28 22:23:00,"【智能化】
没有，基本语音唤醒都没有，别克安吉星也没有，问官方说减配了，2024款就这样，只能连蓝牙听歌，和听广播，瞬间觉得像个十年前的车一样，店里看车时候放的是2023款，是有语音唤醒的，服了，价格低了减配可以理解，但是还能把这个减下去，别克的脸也是不要了！",3.6,old_v1,True,old_v1|legacy|mid,0.0,0.0,0.0,0.0,0.0,0.0,0.0,-1.0,-1.0,-1.0
比亚迪e9,7200700259805171768,2023-02-16 18:34:00,外观大气，改款后的中网更具有品牌识别度也更好看，车身确实宽大，内饰改款后颜色比21款高档且更加耐脏。驾驶感受毕竟平稳，加速够用。监顾运营及私家车使用是理想的选择，最重要的是有现车。充电支持超充，比较方便，续航实打实，不虚标，目前都挺满意。,4.2,old_v1,True,old_v1|legacy|high,1.0,1.0,1.0,1.0,1.0,0.0,0.0,0.0,0.0,1.0
途岳,7028053756004536355,2022-02-21 16:24:00,"【提车价格】：18.7w
【加装】：电动副驾，电动尾门
【驾驶感受】：驾驶感受还是计较舒适的。长途不累
【油耗】：我一般在城市里面开，油耗几乎是6.8左右，堵车的话8个多，高速7个多
【最喜欢的配置】：CarPlay我觉得最实用的功能就是          不支持无线
【空间】：空间非常可以，只不过后排中间位置坐人，如果坐久了就很不舒服。
【转向】：方向盘很轻，转向也比较灵活
【动力】：如果经常在城市里面的话280没问题（个人觉得60-80应该是最省油的速度），响应即使，如果经常开山路上坡的话280属实有点不够，推荐330。
【缺点】：车降噪不怎么行，上60后风燥确实有点大（不过开开音乐可以接受）。在3档下变速箱换挡顿挫感确实有点大

个人觉得对于现在的我来说小岳岳已经足够了。",3.8,old_v1,True,old_v1|legacy|mid,0.0,0.0,1.0,1.0,1.0,1.0,1.0,1.0,0.0,0.0
奥迪A6L,7006158424836673573,2021-09-10 12:32:00,"本人97年，算是人生中第一辆车吧。56E最后还是选择了A6。
【舒适性】
这个车开起来还是非常舒服的后排空间也还可以，座椅和方向盘的调节肯定可以找到自己最舒服的角度。自己刷了车道保持陡坡缓降等等，还是对长途驾驶非常友好的。
【油耗】
综合油耗7.7市区9-11市郊7-9高速6.6左右（定速巡航）一箱油大约550元，能跑1120km，个人觉得非常省油了。
【空间表现】
个人认为后备箱的空间完全可以给后排让出来15cm那样就更完美了。
【最不满意】
自动启停很烦，车子整个前台会异响，没有储物空间，手机和墨镜都没地方放。大灯会起雾，售后说正常。没办法，谁让喜欢呢！
【提车价格】
当时找了朋友，价格上可能稍微便宜点裸车35.5，送了全车隔热膜和电动尾门。我的价格可能算是抄底了吧，7.27看车交定金，7.28提车29号上牌。昨天去店里保养听销售说价格一路飙升，我现在卖的话是要赚钱的，虽然我已经开了7400km了。
【购车经历】
在网上对比了一下56E，也到店看过。当我到奥迪看A6的时候进店到交定金也就是半个小时吧，效率还是杠杠的。
【销售态度】
对于销售我只想呵呵，买车时候笑脸相迎，买完了我给打电话不接，发微信让他回电话，就在微信反问我什么事，也没给我回电话。
【驾驶感受】
总体还是比较满意，毕竟这款车子这么多年了，还是很可靠的。
【额外花费】
车衣10000.航空脚垫2480.换了个后排充电口280.后备箱隔音棉160.脚踏板150+.前唇装饰条200+.驾驶室头部扶手换成了眼镜盒60等等，其他的暂时没想起来。
综合来说的话，这个车还是比较适合年轻人开的一款轿车，不张扬不浮躁很稳重。",4.0,old_v1,False,old_v1|unlabeled|mid,,,,,,,,,,
零跑T03,7578020723436834878,2025-11-29 14:06:00,车挺好，西宁市昆仑这家4S店有个干维修的人，叫罗德龙，几年前你卖车时给我挖的坑（高价+低开发票），我一直记得，这也算是我作为消费者的“第一课”。不过你放心，以后在我的朋友圈里，你和你现在的店都会是“重点推荐”对象。这家店的老板，你也得提防这人的人品道德问题。祝你在新岗位一切顺利，毕竟修车这行，诚信比技术更重要，你说呢？”罗德龙!,3.8,old_v1,True,old_v1|legacy|mid,0.0,0.0,0.0,0.0,0.0,0.0,0.0,0.0,0.0,-1.0
凯迪拉克XT6,7039939632863121416,2021-12-10 13:21:00,"原来沃尔沃V60空间不够置换的。。。
XT6优点
 1、空间大，6座刚好出门吃饭一辆车满足，旅行的话，6人3天的短途旅行没问题，2个行李箱+几个包。5人出行的话，放倒一个座椅，5个人都有自己的独立座椅，第三排有出风口，有充电的，视线也不会差
 2、隔音好，行驶质感不错，长途贼舒服，从深圳跑了一次武汉，2200公里。跑了一次三亚2100公里 三亚回来的环岛路上刚好台风雨，一路狂风暴雨，开启四驱感觉还挺稳的。
 3、油耗还可以，跑长途一箱油轻轻松松1100+，120转速1600，综合油耗 9左右
 4、车子外观够大气，要用的配置基本都有，车子味道小，安全配置也高，自动刹车触发过2次。
 5、便宜 ， 性价比高
缺点  
1、前脸离地太低了，
2、内饰沿用起码5年前的，有点落伍。车机系统一般般，不过最近升级了系统，语音系统能控制导航和空调等简单的功能了，比刚开始“智障”的系统好多了
3、我的是风尚，长途第二排的如果能放到能躺就
好了
最后总结，车子不错，适合家用。(记住：不要停立体车库)",4.3,old_v1,False,old_v1|unlabeled|high,,,,,,,,,,
AION RT,7444473540125921305,2024-12-04 17:00:00,"【购车经历】
一开始走了很多家车企，最后相中了新出的这款AION的车，性价比太高了！而且好看，梦中情车。
【空间表现】
空间真的很大，前排后排和后备箱。
【最不满意】
车机系统还没有HICAR。我华为手机连不上😔
机盖内没有行李架
【外观】
很大气，尤其白加黑，太棒了。内饰使用了皮质材质的用料，摸起来手感很好

【其他】
1. 以前开的油车，动力方面真的没的说，起车特别快
2.上高速后明显感觉用电废了很多
3.操控性很好，跟手，油门偏硬，比我以前的大众硬了很多
4. 我这款车配了头部气囊，更安全一些
5. 另外还配备了灭火器，这是我没想到的。太感谢了
6. 没有前面雷达，车后雷达感觉没有我以前的高尔夫好用。也可能是个人感觉得问题

但总之是很满意的一款车，也选到了一个很棒的车牌号😃",4.9,old_v1,True,old_v1|legacy|high,1.0,1.0,1.0,1.0,1.0,0.0,-1.0,1.0,-1.0,1.0
途岳,7596618908568670232,2026-01-18 16:51:00,外观设计大气，内饰简单沉稳，动力家庭随便够用，油耗还能接受跑高速特别省油，超控一个字稳,3.5,old_v1,True,old_v1|legacy|mid,1.0,1.0,0.0,1.0,1.0,0.0,1.0,0.0,0.0,0.0
轩逸,7020608933488234536,2021-10-19 11:08:00,"【空间表现】日产大沙发不是说说的，主要用来家用，逢年过节，全家一起出发才是幸福，空间够大，后排两大一小没问题，后备箱，足够大，可惜后排不能放倒。
【购车经历】
去看车只需花了一上午只看轩逸，就决定购买了，但是决定买车前，一波三折，成家之后有小孩没车真的不方便，都是靠租车回老家，租过现代 荣威 轩逸 朗逸，第一次租轩逸的时候，除了动力不足之处，其他都满意，主要家人说了坐着舒服。半年的一嗨租车经济，家人说，看看今年能不能买辆车，经常租车也不是办法，节假日又贵，也不方便，所以今年才有购车的想法，起初选择是国产，由于预算不足，没办法，然后就开始在懂车帝里看，朋友推荐，说，懂车帝可以查看车主成交价，方便你预算。我首选是帝豪up，从价格上8万左右，由于没开过，又看了其他，瑞虎3x由于太小，后面看了名爵5外观很吸引我，但是比帝豪贵，后面又看了逸动TD不到，8万，家人不喜欢，这些都是在网上看，再然后，我朋友买了轩逸，经典豪华版，看了实车，感觉不错，家人也说了销量这么好，应该不错，老爸出点，就不要考虑国产了，经过家人商量，8月底就决定去看车。
【提车价格】
价格不知道买贵还在中间，落地11.6w，后雷达，抱枕颈枕，全车脚垫，防爆膜，迎宾踏板 10次保养。
【油耗】
刚提车时候油耗17 18，然后上下班开了300公里，国庆回一趟老家，虽然高速免费，也不算很快，综合油耗7.4，来回600公里，高速路程不到300，回去时候加满150元，下来加满150元，回来后继续再开150公里。总之油耗满意
【保养】
现在还没到首保

【驾驶感受】
感受一般，毕竟最车那么车型，轩逸，没什么特别之处，不习惯自动启停，刹车就关掉发动车，一松就打开，听说可以加装默认关闭自动启停
【最不满意】
漆层公认是最薄，这个任何车主都不满意，我所不满意就是，停车拔钥匙之后，车窗就关不了，每次停车前关掉车窗不然，不然再打火才能关。
[加装]
雷达：是4S送，我自己在外面加装前雷达，用处就是停车倒车，很容易判断无前车的的距离，避免剐蹭。其他就没有了，就是买一些内饰之类",3.9,old_v1,False,old_v1|unlabeled|mid,,,,,,,,,,
库斯途,7636560562897309721,2026-05-06 07:55:00,个人对外观比较喜欢，内饰简单，无亮点，空间够用，满载情况少，配置够用，车机应该是上个世纪的产物吧，卡顿要命，动力嘛，1.5T家用完全够用！满载稍显吃力，至于说操控，这个价位的纯家用车，哪有什么操控！可靠性怎么说呢，现在的车，发动机和变速箱一般不会坏，其他地方真是不敢去说，就说我的车，挂牌当天后备箱的灯泡坏了，四s店让我自费，开仨月，左后视镜加热线掉了，到冬天前风挡玻璃冻的嘎嘎响，我以为要碎了，开到一万七千公里时方向往右侧跑偏，去四s店里让我做四轮定位，还要自费，告诉我定位属于保养范围，我说还在保修期呢，方向跑偏，我是来修车的，不是来保养的，他说修车也要做定位，定位就是要收费，总之，买车前告诉你终身质保，坏了你就来店里修，但是没告诉你，修啥都要收费，北京现代真是让人无语😓至于说保养单次收费898元一次，花四千买十次保养，还比较划算。最后吐槽，最重要的吐槽，终身质保，保养收费，修车收费！！！,2.9,old_v1,True,old_v1|legacy|low_or_missing,1.0,-1.0,1.0,1.0,-1.0,0.0,0.0,-1.0,-1.0,-1.0
荣威D6,7645347466073624638,2026-05-30 00:13:00,开了几天感觉还不错，马力足续航也很实就是不太想要天窗，可惜没有不带天窗的，新车低配都不生产,5.0,old_v1,True,old_v1|legacy|high,0.0,0.0,0.0,1.0,0.0,0.0,0.0,-1.0,0.0,0.0
高尔夫,6948722539564634149,2021-04-08 17:52:00,"其实一直想记录一下自己提车，用车的过程，但奈何觉得自己没文化，一拖再拖。买车差俩月就一年了。目前跑了8500+公里，说说感受吧。
    去年6月中旬，终于拥有了自己人生第一辆车，而且还是朝思暮想的deam car----MK7.5 R-line。对两厢车有种痴迷的喜欢，颜色是达喀尔蓝，都说这个颜色难定要等，我在和销售谈价的时候销售接了个电话，说刚好有一辆达喀尔蓝到店，直接立等可取。于是幸运的我没有经历过其余达喀尔蓝车主那种度日如年的等车的日子。

    内饰方面:高尔夫的内饰完全体现不出来这是一辆2020年的车。虽然比不上同价位国产车的豪华科技感，但相较于普通款的内饰，阿兰的蜂窝方向盘简直拉高了高尔夫内饰的整体档次。加之我买车的时候是7.5末期的最后改款，全系标配了液晶仪表和无钥匙进入，屏幕也是全触摸设计了，还有阿兰主副驾的两条氛围灯(滑稽)。普通款不知道，阿兰在内饰能摸到的地方都是软的。好像说车门储物格里面的软包裹都没了，但我的储物格靠近门和底部是有包裹的，靠近我的这一侧里面也是硬塑料。还有阿兰的座椅，皮质座椅和翻毛皮双拼，爱的不要不要的。十分运动。

操控方面:因为是本人的第一辆车，也没有开过很多的车型，只是在当时买车时试驾过03和高尔夫，先试驾的03，后试驾的高尔夫。试驾完03直接pass。虽然不能具象的说明什么是操控，但我知道，03那样的，肯定不是我想要的开车的感觉。03的油门刹车踏板太高了，感觉脚搭在上面基本都和脚腕贴在一起了。试驾一圈下来脚腕就受不了了。高尔夫的方向盘转向力度很符合我的开车习惯。开过03和昂科旗，转向助力都太轻了，给不了我转向掉头那种自信，桑塔纳又太重了，应该是没有电子助力的，上次帮我们经理挪车，一个手转向没转过去差点撞上。哈哈哈。

动力方面:没有合适的场地让我测过零百。1.4T的动力可以很负责的说，日常用车完完全全够用，马路上超车真的很轻松。高速跑到过158，就和平常开车是一样的。我是无意间开到这么高的，是后来看到违章才知道。双离合换挡快不得不说，每次换挡就有那种来手动的感觉。低速行驶顿挫是有的。不过我对顿挫这件事没有什么太大的不满。让我不爽的就是每次早晨上班开车，左右前轮会兹兹的响，提速到20就没了。但早高峰哪能跑到20啊。问了车友，说这是通病，刹车片的问题。

空间和舒适方面:紧凑级车型谈空间就是耍流氓啊。我和女朋友日常出行完全够用。偶尔拉拉朋友也刚合适。唯一就是后备箱空间确实小，只能放得下一个24寸的箱子，不过好在回家都是两个人，另一个箱子放不下，后排放倒后空间也是足够的。nvh没有过对比，正常行驶开窗和关窗是两个世界，朋友说这一代的隔音好了很多。唯一就是韩泰的胎在跑高速遇到水泥混凝土路面，胎噪极大。

最后说说油耗。我目前平均10个！！！是的，百公里10个油！但是抛开路况谈油耗也是耍流氓。高速最低跑到5个油。可能因为西安太堵的原因，再加之每天上下班在中轴线上走，6公里我开回家用时40分钟。所以10个也算是合理。

因为自己开的车也少，没有太多的对比，只是自己日常用车的感受。最后，因为喜欢高尔夫，所以，即使他有缺点，我也愿意包容。",4.5,old_v1,False,old_v1|unlabeled|high,,,,,,,,,,
奥迪E5 Sportback,7593657641683914777,2026-01-10 17:11:00,车子外形和内饰还是挺能打的，空间嘛，毕竟是中型车，基本够用，电耗市区开18左右，长时间巡航会低点，充电速度比想象中要快很多。,4.2,old_v1,True,old_v1|legacy|high,1.0,1.0,1.0,0.0,0.0,0.0,-1.0,0.0,0.0,0.0
天籁,7077536825694228491,2022-03-21 21:03:00,"【空间表现】
4.91的车长，内部表现确实很棒，比之前开的昂克赛拉强不少，这个是肯定的了?。家里人坐过后都说比其他亲戚的啥x3 Q5 A4空间还大一些，后排坐三个成年人都很宽敞。
【舒适性】
日产大沙发，确实名不虚传。虽然现在21款的天籁座椅稍微短了点，但还是很舒服，坐过的人没一个不睡着的。主驾的话。。。。也有点短，不过不重要，本人175，谁让自己腿短呢?，所以感觉还好。
【最不满意】
最最最不满意的，就是异响了。油箱加满的异响倒没听到，就是中控，车门，还有B柱，有些异响，自己对这些很敏感，听着非常不爽，无奈这是日产通病呢? 只能慢慢忍受了。可能有人说昂克赛拉声音更大，可别人那是发动机声音大啊，别的异响其实还好。
【购车经历】
购车的速度还是非常快的，从有这个想法到提车不超过半个月。现在网上看了下车评，让媳妇选了下外观，自己看了下配置啥的。第二天就去4S店看了，第一家只优惠2W，有熟人说可以优惠更多，果断这家就没谈了，第二家优惠3.2W，只有车价，购置税，保险，上牌，利息，别的费用都没有，已经准备交定金的，无奈媳妇第二天有事没来，就没去了。刚好第二天忙完附近就有一家日产4S店，进去看了下，试驾的2.0T顶配，开起来贼爽，想想都很激动，无奈预算有限，只能选2.0L的。商量半天别人优惠3.4W，直接当场果断交定金。也是只有车价，购置税，上牌，保险，利息，总共19.8W白色，十次包养，5年15W公里的延保，还送了一脚踢，锁车后视镜，车窗自动折叠，转向流水灯，车垫（还不如十块一个的脚垫，聊胜于无），。第一辆昂克赛拉是家里出的钱，这一次是自己跟媳妇凑的。虽然也没交多少，但心情还是不同。
【驾驶感受】
试驾的2.0T肯定没话说，要啥思域，迈腾，，要啥自行车。可惜自己是2.0L的，不过感觉也不太肉，起步轻踩油门，响应很快。高速上超车其实也没多少吧，别人跑120，你也不用超，别人跑100，你也能跑120。 所以还是那句话，只有肉车，没有肉人。最最最最最担心的就是变速箱链条会不会断?
【油耗】
现在开了三千五百公里吧，加了四回还是五回油，最后一次刚加的。现在显示5.7。应该是比较低的了，对于B级车来说，应该是很低了。",3.7,old_v1,True,old_v1|legacy|mid,0.0,0.0,1.0,1.0,0.0,1.0,1.0,0.0,0.0,0.0
奔驰C级,7029476838346854440,2021-11-12 08:40:00,"外观无可挑剔，当年刚改款就买了，到现在看车子外观和内饰也不过时。当年的配置放在当下也是够用的水平，挺不错的。空间因为当时选择了标轴，当年两个人的时候，空间没问题，有了孩子以后明显空间不够用了。
车子是好车子，我6年跑了10万公里，车子除了在8万公里的时候换过一次水泵，原厂电瓶用到10万公里的时候提示让我充电，估计是到寿命了，昨天双十一购入新电瓶。再什么问题也没有了。六年多的车子无渗漏，不烧机油，内饰几乎没有什么异响，动力也不减当年。
说句实话，当年奔驰的车子质量还是挺可靠的，现在据说换装1.5t以后质量不行了，当年奔驰M274的这个2.0t加7AT的组合真的是稳定性没得说。
关于奔驰7AT顿挫，车子刚买来的时候2档换3档的时候偶尔会有顿挫，冬天冷车的时候尤为明显，4S店重新匹配变速箱以后有所缓解。公里数上来以后，最近冷车4，5档切换的时候顿挫明显，感觉快换挡的时候松开油门再缓踩可有效解决此顿挫。水温上来以后顿挫明显缓解。
最后再说一句，本人比较爱车，所以车子全程4S店保养，个人觉得车子三分开七分养，别觉得自己聪明，买点所谓的好机油到外面换就是好，适合的就是最好的，厂家推荐你的东西是人家经过几百万公里测试的，但凡你加一次假机油进去，发动机的损伤就存在，这是不可挽回的，奉劝各位车友在你没有特别靠谱的修车资源的时候，有事就去4S店吧。
最后祝能耐心看完我的文章的所有车友们早日提上自己心爱的车子。",3.9,old_v1,False,old_v1|unlabeled|mid,,,,,,,,,,
凯迪拉克XT5,6945318129635430407,2021-03-30 13:41:00,"1.经过一番排除筛选之后，XT5成了唯一选择，纠结点在于是四驱豪华还是尊贵（原领先运动版）。春节前试驾了多次四驱豪华，感觉还可以，但心里一直还惦记着次顶配，除了电子悬挂、真皮座椅等配置更丰富之外，我觉得次顶配和铂金版两款车的运动外观设计让整个车的调性都变年轻了。年后店里来电话追踪购车意向，问了问价格觉得比较满意，毫不犹豫就下定决心，毕竟再犹豫没准次顶配又定不到。
2.颜色方面，我的是黛蓝色，当时感觉更个性一些，但现在有点后悔没定黑色的，阳光下从某个角度看甚至有点像GL8。白色也不错，很暖男的感觉，深色比较酷但是太太太爱脏了。提车前后正好赶上北京沙尘暴频发，这外观，跟出土文物没啥区别。我觉得说凯迪拉克爱去洗浴中心这事儿比较戏谑，但以后经常跑洗车房是难免的了。
3.新车开了不到一千公里，还得再看看，总体感受从以下几个方面解释吧，供考虑这款车的朋友参考：（1）油耗10.5，90%以上北京市区高峰时段行驶，谈不上惊喜，还算满意吧，毕竟车重在那里摆着。（2）起步及低速阶段升挡不太积极，涡轮介入也需要反应时间，想要快就得肯给油，伴随的就是发动机的“怒吼”……气氛给的很足，就是车没见怎么加速。速度到40以上，整车轻快很多，感觉40-90这个区间是这款车的舒适区，非常好开，一点也不会觉得那么笨重。（3）其实四驱豪华的行驶质感就不错，而次顶配和顶配肯定是更好了，隔音这些别人说得太多了，我这款车的电子悬挂对舒适度而言感觉加分不少，悬挂阻尼反馈很有韧性，不是一味地求软，过个坑坎也把不适感降到了相当低的程度，这点要好好夸一下。（4）内饰和空间方面，精致度只能说还对的起价格吧，空间没有特殊，同级中等的表现。顶棚处有轻微异响目前还能接受，但是驾姿舒适度实在很难说满意，座椅稍微有些短，但也还能接受，可是刹车踏板位置实在太高了，备刹车时脚永远处在一个紧张得想抽筋的状态，而且这跟座椅怎么调位置一点关系都没有，再加上刹车脚感偏硬，别扭，建议大家试驾的时候多感受一下这个方面。如果没有autohold这个功能，恐怕这车就真买废了，毕竟我换车希望改善的主要就是空间和舒适度。",4.1,old_v1,False,old_v1|unlabeled|high,,,,,,,,,,
捷豹XEL,01kecfzyzt6mvkee1h74rg0000,2026-01-07 00:00:00,"最满意: 终于入手捷豹XEL90周年典藏版，真的太值了！对比过BBA入门款，捷豹的配置和驾驶感直接胜出。
最不满意: 怠速时变速箱有些顿挫，豪华品牌后期的维修保养成本相对较高
空间 5: 空间在轿车中算正常的，不大不小，后排空间略显局促，受溜背造型影响的，但由于我后排不需要坐人，也就没有在意
驾驶感受 5: 开起来最惊喜的就是动力，2.0T 高功率发动机踩油门就有劲儿，涡轮介入早，起步轻快，高速上超车深踩油门，推背感立马就来，完全不拖沓。
底盘更是扎实，全铝车身加双叉臂前悬，过弯侧倾特别小，走坑洼路滤震干脆，一点不松散，跑高速稳得很。
油耗 4: 油耗对于2.0T的车来说，算作正常，市区9-10个油，高速上7-8个油
外观 5: 选的是外绿内棕，捷豹的绿，叫赛车绿，这种绿很特别，看起来不炸眼，但阳光下又闪闪发光，带着一些细闪，看起来很高级。
尾标搭配捷豹经典的小黑豹，酷酷的，轮毂也是黑色的，与绿色外观呼应，显得格外优雅，运动且独特，回头率很高
内饰 5: 内饰 跟路虎是同款的，有两个屏幕，其中空调旋钮带有电子温度显示，给人一种高级感觉
有十个颜色的氛围灯，氛围这块也是杠杠的
性价比 4: 最意外的是性价比，如今裸车价已经到了15.98万，这个价位能买到后驱豪华车，比同级别BBA入门版动力强不少，配置也没缩水。
配置 5: 英国之宝音响，矩阵式自适应LED大灯
手机无线充电",4.71,autohome_incremental,False,autohome_incremental|unlabeled|high,,,,,,,,,,
MG6,7106884847745896485,2022-06-08 23:35:42,"十来万的车也许是我们大多数年轻人能够负担的起的车子了吧，作为一个二十多岁人生第一次购车者，我应该跟大家分享一下购车经历和用车惊喜与不足!

【提车价格】
广州某名爵4S店购买，14W分期落地。这个价格对当时来说已经差不多了，服务费有
3K
做三年低息30%首付，月供2555左右。
【购车经历】
从提车到现在差不多一个月。销售还可以，不怎么薅，也很爽快
【油耗】
高速油耗6个多一点点，拥堵10个往上，一般道路7个多。
【保养】
除了首保送了三次保养。
【亮点配置】
配置方面先说说动力，发动机15c4e基本上名爵都在用这款，181匹马力，285牛米可以说挺强了，小红按钮我觉得是个非常不错的配置，打开超级运动模式推背感还是有的，轮胎方面用的18寸轮毂配宽扁胎我还是比较喜欢的，可开关阀门排气也是心满意足，公路上偶尔来点小激情很不错。还有尾部F1领航灯样的雾灯极其不错，到了晚上我就习惯性的打开它，给后车起到一定安全作用。另外车机支持carplay是非常不错的，毕竟是目前非常好用的车机交互功能。
【驾驶感受】
驾驶感受和不满意的地方。
首先胎噪大、风噪大，上高速风噪更大。日常路上稍微不好的路面最大的是胎噪。当然，轮胎这东西鱼与熊掌不可兼得。底盘方面比较硬，路道不好的地方开不太合适。高速过弯，原地掉头姿态可以说非常好，这得益于这样扎实的底盘调教。
操控好，指向精准，高速不觉得飘。
座椅颜值非常不错，我是特别喜欢这个座椅的，很运动支撑性好，但是比较硬。
空间方面也是很大，我坐着还是挺宽敞，后备箱容积也是很大的，这点掀背肯定是优于三厢车的。当然掀背风噪会比三厢大。
接着说动力，这个价位双离合变速箱没有顿挫是不可能的，猛给油会有零点几秒的延迟，升档响应能力呢还可以。我认为这款车中段动力挺优秀，当踏板踩到一半的时候明显可以感觉到充沛的动力涌来，不敢深踩踏板，太快了。
到目前为止行驶1千公里的里程，大部分市区开。
最后做个总结
这款车适合不在乎保值，主要家用，喜欢驾驶乐趣，有动力，有操控，一两个人开，且不在意舒适
度的拥有。祝大家用车愉快!",4.4,dongchedi_incremental,False,dongchedi_incremental|unlabeled|high,,,,,,,,,,
红旗H6,7540591417626742846,2025-08-20 17:05:00,油耗太高，动力外观都不错，内饰好看空间大，车内配置不够高，氛围灯低配不全面,4.0,old_v1,True,old_v1|legacy|mid,1.0,1.0,1.0,1.0,0.0,0.0,-1.0,-1.0,0.0,0.0
狮铂拓界,7634202314781249560,2026-04-29 23:23:00,"1.5动力够用，隔音不错，油耗城市代步，目前不到200公里，表显10个油。
倒车影像很拉胯，不准确。",3.8,old_v1,True,old_v1|legacy|mid,0.0,0.0,0.0,1.0,0.0,1.0,0.0,-1.0,0.0,0.0
普拉多,7611914942572138558,2026-02-28 21:57:00,好开，动力猛，开山路满载游刃有余，就是城区开的时候有点不好停车,4.5,old_v1,True,old_v1|legacy|high,0.0,0.0,0.0,1.0,1.0,0.0,0.0,0.0,0.0,0.0
马自达EZ-6,7444471000177070105,2024-12-04 16:34:00,"【外观】
外观我打满分，真的是很好看！！看起来特别大气，提车后有很多人都夸好看，之前刷到视频就觉得很好看，然后去4s店看实车，比视频更好看，建议大家去看看实车，尤其是珠光白，我觉得很惊艳！
【空间表现】
空间我觉得还行，毕竟是将近5米的车长了，算是主流b级车的空间表现。
【辅助驾驶】
自适应巡航之类的还没用过，不过自动泊车挺好用的，用了几次了，都停的很正，手动也能停，但是不得不说这个功能很省心，机器比人要停的更好，唯一遗憾的是必须有车位框才能识别到并停车，希望下次能升级，没有车位框也能识别。
【充电时间】
充电的话，目前还没用过快充，不过看别的车友反馈应该在半小时内就能充满，慢充的话，我用的小区的充电桩，从百分之二十到充满，大概七八个小时，还可以，足够用了。",4.0,old_v1,True,old_v1|legacy|mid,1.0,0.0,1.0,0.0,0.0,0.0,0.0,1.0,1.0,0.0
奥迪Q6L e-tron,7550316812928307224,2025-09-15 22:07:00,"【购车经历】
其实我动买车的念头有段时间了，之前一直开着一辆旧车，各方面都有点跟不上需求。这次打算换车，目标就很明确，想要一辆新能源SUV，空间要大，品牌靠谱，质量稳定。我就开始在网上各种看评测、逛论坛，也去线下车展实地看车对比 。奥迪Q6L e-tron就是在这个过程中进入我的视线的，网上对它基于奥迪和保时捷联合开发的PPE平台这一点讨论很多，我也觉得这个平台挺有技术含量，就想着一定要去4S店试驾体验一番。
到了4S店，销售还算热情吧，给我介绍了各个版本的区别。首发领航版的配置更符合我的需求，像华为乾崑智驾系统对我这种经常跑高速的人来说很实用，还有一些外观套件和独特配置也很吸引我，当下就决定就是它了。店里有现车，提车大概用了8天左右。
【提车价格】
有置换，因为不是BBA和蔚小理，裸车算完优惠是34.58万，落地35.58万，省补1.5万目前还在申请，就先不算进去了，赠品没给啥，不过价格这块给的力度挺大。
【驾驶感受】
PPE确实有点东西，整个车开起来就是很稳，底盘调校的不硬不软，我家小区门口就有减速带，每次出门都得给你来一下，现在开着Q6L出去，就是那种颠簸感来的很慢，不是突然来这么一下。",4.0,old_v1,True,old_v1|legacy|mid,1.0,0.0,1.0,0.0,1.0,1.0,0.0,1.0,1.0,1.0
