series_name,aspect,aspect_zh,mentioned_reviews,scored_mentions,mean_polarity,negative_rate_among_scored,positive_rate_among_scored,brand,category
AION RT,appearance,外观,41,41,0.8536585365853658,0.0,0.8536585365853658,埃安,轿车
AION RT,comfort,舒适性,46,45,0.4,0.2222222222222222,0.6222222222222222,埃安,轿车
AION RT,configuration,配置,44,42,0.23809523809523808,0.30952380952380953,0.5476190476190477,埃安,轿车
AION RT,control,操控,27,27,0.4074074074074074,0.18518518518518517,0.5925925925925926,埃安,轿车
AION RT,fuel_consumption,能耗/油耗,62,62,0.14516129032258066,0.27419354838709675,0.41935483870967744,埃安,轿车
AION RT,intelligence,智能化,36,36,0.16666666666666666,0.4166666666666667,0.5833333333333334,埃安,轿车
AION RT,interior,内饰,40,40,0.7,0.075,0.775,埃安,轿车
AION RT,power,动力,24,24,0.7916666666666666,0.0,0.7916666666666666,埃安,轿车
AION RT,space,空间,48,48,0.6666666666666666,0.125,0.7916666666666666,埃安,轿车
AION RT,value,性价比,40,40,0.775,0.075,0.85,埃安,轿车
AION S,appearance,外观,56,54,0.8333333333333334,0.037037037037037035,0.8703703703703703,埃安,轿车
AION S,comfort,舒适性,65,64,0.03125,0.359375,0.390625,埃安,轿车
AION S,configuration,配置,50,43,-0.023255813953488372,0.4186046511627907,0.3953488372093023,埃安,轿车
AION S,control,操控,49,44,0.045454545454545456,0.4090909090909091,0.45454545454545453,埃安,轿车
AION S,fuel_consumption,能耗/油耗,75,70,0.02857142857142857,0.35714285714285715,0.38571428571428573,埃安,轿车
AION S,intelligence,智能化,47,46,-0.21739130434782608,0.5652173913043478,0.34782608695652173,埃安,轿车
AION S,interior,内饰,53,52,0.5,0.1346153846153846,0.6346153846153846,埃安,轿车
AION S,power,动力,46,46,0.8913043478260869,0.0,0.8913043478260869,埃安,轿车
AION S,space,空间,61,60,0.6666666666666666,0.08333333333333333,0.75,埃安,轿车
AION S,value,性价比,52,50,0.42,0.18,0.6,埃安,轿车
AION UT,appearance,外观,49,49,0.9591836734693877,0.0,0.9591836734693877,埃安,轿车
AION UT,comfort,舒适性,58,57,0.3157894736842105,0.2631578947368421,0.5789473684210527,埃安,轿车
AION UT,configuration,配置,40,39,-0.07692307692307693,0.48717948717948717,0.41025641025641024,埃安,轿车
AION UT,control,操控,31,30,0.3333333333333333,0.3,0.6333333333333333,埃安,轿车
AION UT,fuel_consumption,能耗/油耗,64,64,0.609375,0.03125,0.640625,埃安,轿车
AION UT,intelligence,智能化,36,36,0.2222222222222222,0.3611111111111111,0.5833333333333334,埃安,轿车
AION UT,interior,内饰,50,48,0.5208333333333334,0.125,0.6458333333333334,埃安,轿车
AION UT,power,动力,30,30,0.8666666666666667,0.06666666666666667,0.9333333333333333,埃安,轿车
AION UT,space,空间,70,70,0.9571428571428572,0.014285714285714285,0.9714285714285714,埃安,轿车
AION UT,value,性价比,48,48,0.5208333333333334,0.14583333333333334,0.6666666666666666,埃安,轿车
EO 羿欧,appearance,外观,2,2,1.0,0.0,1.0,现代,SUV
EO 羿欧,configuration,配置,1,1,-1.0,1.0,0.0,现代,SUV
EO 羿欧,control,操控,2,2,0.0,0.5,0.5,现代,SUV
EO 羿欧,fuel_consumption,能耗/油耗,1,1,1.0,0.0,1.0,现代,SUV
EO 羿欧,intelligence,智能化,3,3,-0.3333333333333333,0.6666666666666666,0.3333333333333333,现代,SUV
EO 羿欧,interior,内饰,1,1,1.0,0.0,1.0,现代,SUV
EO 羿欧,power,动力,1,1,1.0,0.0,1.0,现代,SUV
EO 羿欧,space,空间,2,2,1.0,0.0,1.0,现代,SUV
EO 羿欧,value,性价比,2,2,0.0,0.5,0.5,现代,SUV
EVOS,appearance,外观,10,10,1.0,0.0,1.0,福特,SUV
EVOS,comfort,舒适性,9,7,0.14285714285714285,0.2857142857142857,0.42857142857142855,福特,SUV
EVOS,configuration,配置,10,10,0.6,0.2,0.8,福特,SUV
EVOS,control,操控,9,8,0.375,0.25,0.625,福特,SUV
EVOS,fuel_consumption,能耗/油耗,10,10,0.3,0.2,0.5,福特,SUV
EVOS,intelligence,智能化,7,7,-0.14285714285714285,0.5714285714285714,0.42857142857142855,福特,SUV
EVOS,interior,内饰,10,10,0.7,0.0,0.7,福特,SUV
EVOS,power,动力,10,10,1.0,0.0,1.0,福特,SUV
EVOS,space,空间,10,10,0.6,0.2,0.8,福特,SUV
EVOS,value,性价比,10,10,0.4,0.3,0.7,福特,SUV
ID.4 CROZZ,appearance,外观,133,130,0.8538461538461538,0.007692307692307693,0.8615384615384616,大众,SUV
ID.4 CROZZ,comfort,舒适性,157,150,0.4266666666666667,0.17333333333333334,0.6,大众,SUV
ID.4 CROZZ,configuration,配置,143,129,0.31007751937984496,0.2713178294573643,0.5813953488372093,大众,SUV
ID.4 CROZZ,control,操控,165,164,0.8353658536585366,0.054878048780487805,0.8902439024390244,大众,SUV
ID.4 CROZZ,fuel_consumption,能耗/油耗,172,166,0.5060240963855421,0.12650602409638553,0.6325301204819277,大众,SUV
ID.4 CROZZ,intelligence,智能化,179,178,-0.4550561797752809,0.7134831460674157,0.25842696629213485,大众,SUV
ID.4 CROZZ,interior,内饰,115,110,0.07272727272727272,0.32727272727272727,0.4,大众,SUV
ID.4 CROZZ,power,动力,113,111,0.7207207207207207,0.04504504504504504,0.7657657657657657,大众,SUV
ID.4 CROZZ,space,空间,154,149,0.7785234899328859,0.053691275167785234,0.8322147651006712,大众,SUV
ID.4 CROZZ,value,性价比,127,122,0.5573770491803278,0.12295081967213115,0.680327868852459,大众,SUV
ID.4 X,appearance,外观,137,134,0.8955223880597015,0.007462686567164179,0.9029850746268657,大众,SUV
ID.4 X,comfort,舒适性,178,170,0.4176470588235294,0.17058823529411765,0.5882352941176471,大众,SUV
ID.4 X,configuration,配置,131,118,0.3898305084745763,0.22033898305084745,0.6101694915254238,大众,SUV
ID.4 X,control,操控,161,159,0.7735849056603774,0.07547169811320754,0.8490566037735849,大众,SUV
ID.4 X,fuel_consumption,能耗/油耗,181,165,0.4484848484848485,0.15151515151515152,0.6,大众,SUV
ID.4 X,intelligence,智能化,157,157,-0.3375796178343949,0.643312101910828,0.3057324840764331,大众,SUV
ID.4 X,interior,内饰,124,116,0.27586206896551724,0.25,0.5258620689655172,大众,SUV
ID.4 X,power,动力,130,129,0.6589147286821705,0.06201550387596899,0.7209302325581395,大众,SUV
ID.4 X,space,空间,152,146,0.8424657534246576,0.03424657534246575,0.8767123287671232,大众,SUV
ID.4 X,value,性价比,128,127,0.4330708661417323,0.11811023622047244,0.5511811023622047,大众,SUV
ID.6 CROZZ,appearance,外观,10,9,1.0,0.0,1.0,大众,SUV
ID.6 CROZZ,comfort,舒适性,10,7,0.42857142857142855,0.2857142857142857,0.7142857142857143,大众,SUV
ID.6 CROZZ,configuration,配置,10,9,1.0,0.0,1.0,大众,SUV
ID.6 CROZZ,control,操控,9,9,1.0,0.0,1.0,大众,SUV
ID.6 CROZZ,fuel_consumption,能耗/油耗,10,10,0.9,0.0,0.9,大众,SUV
ID.6 CROZZ,intelligence,智能化,10,10,0.0,0.5,0.5,大众,SUV
ID.6 CROZZ,interior,内饰,10,9,1.0,0.0,1.0,大众,SUV
ID.6 CROZZ,power,动力,8,8,1.0,0.0,1.0,大众,SUV
ID.6 CROZZ,space,空间,10,10,1.0,0.0,1.0,大众,SUV
ID.6 CROZZ,value,性价比,9,9,1.0,0.0,1.0,大众,SUV
IQ傲歌,appearance,外观,21,21,1.0,0.0,1.0,凯迪拉克,SUV
IQ傲歌,comfort,舒适性,14,14,0.5714285714285714,0.14285714285714285,0.7142857142857143,凯迪拉克,SUV
IQ傲歌,configuration,配置,14,14,0.5,0.21428571428571427,0.7142857142857143,凯迪拉克,SUV
IQ傲歌,control,操控,16,16,0.8125,0.0625,0.875,凯迪拉克,SUV
IQ傲歌,fuel_consumption,能耗/油耗,20,20,0.3,0.2,0.5,凯迪拉克,SUV
IQ傲歌,intelligence,智能化,22,22,-0.7272727272727273,0.8636363636363636,0.13636363636363635,凯迪拉克,SUV
IQ傲歌,interior,内饰,19,19,0.8421052631578947,0.0,0.8421052631578947,凯迪拉克,SUV
IQ傲歌,power,动力,13,13,0.38461538461538464,0.23076923076923078,0.6153846153846154,凯迪拉克,SUV
IQ傲歌,space,空间,18,18,0.1111111111111111,0.2222222222222222,0.3333333333333333,凯迪拉克,SUV
IQ傲歌,value,性价比,14,14,0.6428571428571429,0.0,0.6428571428571429,凯迪拉克,SUV
IQ锐歌,appearance,外观,85,85,0.9647058823529412,0.0,0.9647058823529412,凯迪拉克,SUV
IQ锐歌,comfort,舒适性,60,60,0.65,0.1,0.75,凯迪拉克,SUV
IQ锐歌,configuration,配置,68,68,0.5588235294117647,0.16176470588235295,0.7205882352941176,凯迪拉克,SUV
IQ锐歌,control,操控,68,68,0.7794117647058824,0.014705882352941176,0.7941176470588235,凯迪拉克,SUV
IQ锐歌,fuel_consumption,能耗/油耗,81,81,0.6419753086419753,0.06172839506172839,0.7037037037037037,凯迪拉克,SUV
IQ锐歌,intelligence,智能化,86,86,-0.4069767441860465,0.6976744186046512,0.29069767441860467,凯迪拉克,SUV
IQ锐歌,interior,内饰,63,63,0.6984126984126984,0.06349206349206349,0.7619047619047619,凯迪拉克,SUV
IQ锐歌,power,动力,46,46,0.782608695652174,0.0,0.782608695652174,凯迪拉克,SUV
IQ锐歌,space,空间,58,58,0.5689655172413793,0.10344827586206896,0.6724137931034483,凯迪拉克,SUV
IQ锐歌,value,性价比,37,37,0.2702702702702703,0.16216216216216217,0.43243243243243246,凯迪拉克,SUV
MG4,appearance,外观,92,76,0.8289473684210527,0.039473684210526314,0.868421052631579,MG名爵,轿车
MG4,comfort,舒适性,115,59,-0.1694915254237288,0.5254237288135594,0.3559322033898305,MG名爵,轿车
MG4,configuration,配置,105,60,0.7833333333333333,0.1,0.8833333333333333,MG名爵,轿车
MG4,control,操控,92,67,0.582089552238806,0.1791044776119403,0.7611940298507462,MG名爵,轿车
MG4,fuel_consumption,能耗/油耗,135,119,0.8067226890756303,0.058823529411764705,0.865546218487395,MG名爵,轿车
MG4,intelligence,智能化,96,92,-0.1956521739130435,0.5543478260869565,0.358695652173913,MG名爵,轿车
MG4,interior,内饰,111,73,0.0,0.4383561643835616,0.4383561643835616,MG名爵,轿车
MG4,power,动力,97,88,0.9886363636363636,0.0,0.9886363636363636,MG名爵,轿车
MG4,space,空间,138,130,0.9846153846153847,0.0,0.9846153846153847,MG名爵,轿车
MG4,value,性价比,131,112,0.8035714285714286,0.08035714285714286,0.8839285714285714,MG名爵,轿车
MG6,appearance,外观,162,151,0.9470198675496688,0.013245033112582781,0.9602649006622517,MG名爵,轿车
MG6,comfort,舒适性,162,129,-0.5038759689922481,0.7209302325581395,0.21705426356589147,MG名爵,轿车
MG6,configuration,配置,108,79,0.5569620253164557,0.20253164556962025,0.759493670886076,MG名爵,轿车
MG6,control,操控,140,117,0.39316239316239315,0.26495726495726496,0.6581196581196581,MG名爵,轿车
MG6,fuel_consumption,能耗/油耗,131,123,0.10569105691056911,0.34146341463414637,0.44715447154471544,MG名爵,轿车
MG6,intelligence,智能化,75,64,-0.0625,0.515625,0.453125,MG名爵,轿车
MG6,interior,内饰,137,114,0.2631578947368421,0.2807017543859649,0.543859649122807,MG名爵,轿车
MG6,power,动力,181,177,0.751412429378531,0.1016949152542373,0.8531073446327684,MG名爵,轿车
MG6,space,空间,155,132,0.7121212121212122,0.09848484848484848,0.8106060606060606,MG名爵,轿车
MG6,value,性价比,148,123,0.5772357723577236,0.12195121951219512,0.6991869918699187,MG名爵,轿车
MG7,appearance,外观,27,27,1.0,0.0,1.0,MG名爵,轿车
MG7,comfort,舒适性,22,12,0.3333333333333333,0.3333333333333333,0.6666666666666666,MG名爵,轿车
MG7,configuration,配置,27,25,1.0,0.0,1.0,MG名爵,轿车
MG7,control,操控,19,11,1.0,0.0,1.0,MG名爵,轿车
MG7,fuel_consumption,能耗/油耗,26,26,0.5769230769230769,0.19230769230769232,0.7692307692307693,MG名爵,轿车
MG7,intelligence,智能化,22,22,0.7272727272727273,0.13636363636363635,0.8636363636363636,MG名爵,轿车
MG7,interior,内饰,27,26,1.0,0.0,1.0,MG名爵,轿车
MG7,power,动力,24,24,0.9166666666666666,0.041666666666666664,0.9583333333333334,MG名爵,轿车
MG7,space,空间,26,24,0.7083333333333334,0.125,0.8333333333333334,MG名爵,轿车
MG7,value,性价比,27,27,0.9259259259259259,0.037037037037037035,0.9629629629629629,MG名爵,轿车
Model 3,appearance,外观,65,59,0.8305084745762712,0.06779661016949153,0.8983050847457628,特斯拉,轿车
Model 3,comfort,舒适性,72,60,-0.6166666666666667,0.7166666666666667,0.1,特斯拉,轿车
Model 3,configuration,配置,62,37,0.40540540540540543,0.08108108108108109,0.4864864864864865,特斯拉,轿车
Model 3,control,操控,81,74,0.8378378378378378,0.05405405405405406,0.8918918918918919,特斯拉,轿车
Model 3,fuel_consumption,能耗/油耗,87,81,0.4567901234567901,0.19753086419753085,0.654320987654321,特斯拉,轿车
Model 3,intelligence,智能化,68,67,0.43283582089552236,0.2537313432835821,0.6865671641791045,特斯拉,轿车
Model 3,interior,内饰,66,56,0.125,0.39285714285714285,0.5178571428571429,特斯拉,轿车
Model 3,power,动力,83,81,0.9506172839506173,0.012345679012345678,0.9629629629629629,特斯拉,轿车
Model 3,space,空间,65,56,-0.16071428571428573,0.5178571428571429,0.35714285714285715,特斯拉,轿车
Model 3,value,性价比,63,59,0.6101694915254238,0.11864406779661017,0.7288135593220338,特斯拉,轿车
Model Y,appearance,外观,75,69,0.6521739130434783,0.10144927536231885,0.7536231884057971,特斯拉,SUV
Model Y,comfort,舒适性,86,80,-0.675,0.775,0.1,特斯拉,SUV
Model Y,configuration,配置,74,50,0.42,0.18,0.6,特斯拉,SUV
Model Y,control,操控,85,83,0.6385542168674698,0.14457831325301204,0.7831325301204819,特斯拉,SUV
Model Y,fuel_consumption,能耗/油耗,90,84,0.6428571428571429,0.08333333333333333,0.7261904761904762,特斯拉,SUV
Model Y,intelligence,智能化,70,69,0.5652173913043478,0.18840579710144928,0.7536231884057971,特斯拉,SUV
Model Y,interior,内饰,69,63,0.19047619047619047,0.2857142857142857,0.47619047619047616,特斯拉,SUV
Model Y,power,动力,84,83,0.891566265060241,0.012048192771084338,0.9036144578313253,特斯拉,SUV
Model Y,space,空间,91,88,0.9545454545454546,0.011363636363636364,0.9659090909090909,特斯拉,SUV
Model Y,value,性价比,76,70,0.7,0.04285714285714286,0.7428571428571429,特斯拉,SUV
PATHFINDER探陆,appearance,外观,10,10,1.0,0.0,1.0,日产,SUV
PATHFINDER探陆,comfort,舒适性,9,7,1.0,0.0,1.0,日产,SUV
PATHFINDER探陆,configuration,配置,10,10,0.8,0.1,0.9,日产,SUV
PATHFINDER探陆,control,操控,8,6,1.0,0.0,1.0,日产,SUV
PATHFINDER探陆,fuel_consumption,能耗/油耗,10,10,0.2,0.3,0.5,日产,SUV
PATHFINDER探陆,intelligence,智能化,7,7,0.7142857142857143,0.14285714285714285,0.8571428571428571,日产,SUV
PATHFINDER探陆,interior,内饰,9,9,1.0,0.0,1.0,日产,SUV
PATHFINDER探陆,power,动力,10,10,1.0,0.0,1.0,日产,SUV
PATHFINDER探陆,space,空间,10,10,0.8,0.1,0.9,日产,SUV
PATHFINDER探陆,value,性价比,10,10,0.6,0.2,0.8,日产,SUV
Polestar 4,appearance,外观,46,46,0.782608695652174,0.043478260869565216,0.8260869565217391,Polestar极星,SUV
Polestar 4,comfort,舒适性,30,30,0.3333333333333333,0.26666666666666666,0.6,Polestar极星,SUV
Polestar 4,configuration,配置,36,36,0.0,0.3611111111111111,0.3611111111111111,Polestar极星,SUV
Polestar 4,control,操控,49,49,0.8571428571428571,0.061224489795918366,0.9183673469387755,Polestar极星,SUV
Polestar 4,fuel_consumption,能耗/油耗,33,33,0.21212121212121213,0.15151515151515152,0.36363636363636365,Polestar极星,SUV
Polestar 4,intelligence,智能化,38,38,-0.2894736842105263,0.631578947368421,0.34210526315789475,Polestar极星,SUV
Polestar 4,interior,内饰,36,36,0.3888888888888889,0.19444444444444445,0.5833333333333334,Polestar极星,SUV
Polestar 4,power,动力,35,35,0.6285714285714286,0.08571428571428572,0.7142857142857143,Polestar极星,SUV
Polestar 4,space,空间,32,31,0.6774193548387096,0.06451612903225806,0.7419354838709677,Polestar极星,SUV
Polestar 4,value,性价比,26,26,0.19230769230769232,0.19230769230769232,0.38461538461538464,Polestar极星,SUV
QQ冰淇淋,appearance,外观,10,10,1.0,0.0,1.0,奇瑞新能源,轿车
QQ冰淇淋,comfort,舒适性,8,5,0.2,0.2,0.4,奇瑞新能源,轿车
QQ冰淇淋,configuration,配置,8,5,1.0,0.0,1.0,奇瑞新能源,轿车
QQ冰淇淋,control,操控,8,6,0.16666666666666666,0.3333333333333333,0.5,奇瑞新能源,轿车
QQ冰淇淋,fuel_consumption,能耗/油耗,13,10,0.8,0.1,0.9,奇瑞新能源,轿车
QQ冰淇淋,intelligence,智能化,4,4,0.5,0.25,0.75,奇瑞新能源,轿车
QQ冰淇淋,interior,内饰,8,7,0.7142857142857143,0.0,0.7142857142857143,奇瑞新能源,轿车
QQ冰淇淋,power,动力,8,7,0.8571428571428571,0.0,0.8571428571428571,奇瑞新能源,轿车
QQ冰淇淋,space,空间,12,11,0.2727272727272727,0.2727272727272727,0.5454545454545454,奇瑞新能源,轿车
QQ冰淇淋,value,性价比,10,9,0.5555555555555556,0.2222222222222222,0.7777777777777778,奇瑞新能源,轿车
RAV4荣放,appearance,外观,84,80,0.825,0.05,0.875,丰田,SUV
RAV4荣放,comfort,舒适性,98,89,-0.0898876404494382,0.48314606741573035,0.39325842696629215,丰田,SUV
RAV4荣放,configuration,配置,92,80,0.1375,0.4,0.5375,丰田,SUV
RAV4荣放,control,操控,80,71,0.676056338028169,0.08450704225352113,0.7605633802816901,丰田,SUV
RAV4荣放,fuel_consumption,能耗/油耗,92,91,0.7032967032967034,0.13186813186813187,0.8351648351648352,丰田,SUV
RAV4荣放,intelligence,智能化,59,59,-0.4576271186440678,0.6779661016949152,0.22033898305084745,丰田,SUV
RAV4荣放,interior,内饰,92,87,-0.4482758620689655,0.6436781609195402,0.19540229885057472,丰田,SUV
RAV4荣放,power,动力,95,93,0.11827956989247312,0.3763440860215054,0.4946236559139785,丰田,SUV
RAV4荣放,space,空间,93,90,0.8666666666666667,0.05555555555555555,0.9222222222222223,丰田,SUV
RAV4荣放,value,性价比,85,84,0.4523809523809524,0.14285714285714285,0.5952380952380952,丰田,SUV
T-ROC探歌,appearance,外观,10,10,1.0,0.0,1.0,大众,SUV
T-ROC探歌,comfort,舒适性,8,3,0.3333333333333333,0.3333333333333333,0.6666666666666666,大众,SUV
T-ROC探歌,configuration,配置,9,9,0.7777777777777778,0.1111111111111111,0.8888888888888888,大众,SUV
T-ROC探歌,control,操控,9,8,1.0,0.0,1.0,大众,SUV
T-ROC探歌,fuel_consumption,能耗/油耗,10,10,0.7,0.1,0.8,大众,SUV
T-ROC探歌,intelligence,智能化,7,7,0.42857142857142855,0.2857142857142857,0.7142857142857143,大众,SUV
T-ROC探歌,interior,内饰,10,10,0.4,0.2,0.6,大众,SUV
T-ROC探歌,power,动力,9,9,0.8888888888888888,0.0,0.8888888888888888,大众,SUV
T-ROC探歌,space,空间,10,10,0.8,0.1,0.9,大众,SUV
T-ROC探歌,value,性价比,9,9,0.7777777777777778,0.1111111111111111,0.8888888888888888,大众,SUV
eπ007,appearance,外观,13,13,1.0,0.0,1.0,东风奕派,轿车
eπ007,comfort,舒适性,11,7,-0.42857142857142855,0.7142857142857143,0.2857142857142857,东风奕派,轿车
eπ007,configuration,配置,9,5,0.6,0.2,0.8,东风奕派,轿车
eπ007,control,操控,9,8,0.75,0.125,0.875,东风奕派,轿车
eπ007,fuel_consumption,能耗/油耗,10,8,0.625,0.125,0.75,东风奕派,轿车
eπ007,intelligence,智能化,12,12,-0.75,0.8333333333333334,0.08333333333333333,东风奕派,轿车
eπ007,interior,内饰,11,6,0.6666666666666666,0.16666666666666666,0.8333333333333334,东风奕派,轿车
eπ007,power,动力,12,11,1.0,0.0,1.0,东风奕派,轿车
eπ007,space,空间,13,11,0.45454545454545453,0.18181818181818182,0.6363636363636364,东风奕派,轿车
eπ007,value,性价比,9,8,1.0,0.0,1.0,东风奕派,轿车
e爱丽舍,appearance,外观,1,1,1.0,0.0,1.0,东风富康,轿车
e爱丽舍,comfort,舒适性,1,1,1.0,0.0,1.0,东风富康,轿车
e爱丽舍,configuration,配置,1,1,1.0,0.0,1.0,东风富康,轿车
e爱丽舍,control,操控,1,1,0.0,0.0,0.0,东风富康,轿车
e爱丽舍,fuel_consumption,能耗/油耗,1,1,0.0,0.0,0.0,东风富康,轿车
e爱丽舍,interior,内饰,1,1,1.0,0.0,1.0,东风富康,轿车
e爱丽舍,power,动力,1,1,1.0,0.0,1.0,东风富康,轿车
e爱丽舍,space,空间,1,1,1.0,0.0,1.0,东风富康,轿车
firefly萤火虫,appearance,外观,47,46,0.8260869565217391,0.021739130434782608,0.8478260869565217,firefly萤火虫,轿车
firefly萤火虫,comfort,舒适性,39,37,0.21621621621621623,0.32432432432432434,0.5405405405405406,firefly萤火虫,轿车
firefly萤火虫,configuration,配置,43,41,0.3902439024390244,0.24390243902439024,0.6341463414634146,firefly萤火虫,轿车
firefly萤火虫,control,操控,33,33,0.6363636363636364,0.15151515151515152,0.7878787878787878,firefly萤火虫,轿车
firefly萤火虫,fuel_consumption,能耗/油耗,62,62,-0.11290322580645161,0.43548387096774194,0.3225806451612903,firefly萤火虫,轿车
firefly萤火虫,intelligence,智能化,41,41,0.34146341463414637,0.2926829268292683,0.6341463414634146,firefly萤火虫,轿车
firefly萤火虫,interior,内饰,46,46,0.6739130434782609,0.13043478260869565,0.8043478260869565,firefly萤火虫,轿车
firefly萤火虫,power,动力,25,25,0.64,0.16,0.8,firefly萤火虫,轿车
firefly萤火虫,space,空间,50,50,0.34,0.28,0.62,firefly萤火虫,轿车
firefly萤火虫,value,性价比,40,39,0.5897435897435898,0.15384615384615385,0.7435897435897436,firefly萤火虫,轿车
iCAR 03,appearance,外观,10,10,1.0,0.0,1.0,iCAR,SUV
iCAR 03,comfort,舒适性,10,5,0.4,0.2,0.6,iCAR,SUV
iCAR 03,configuration,配置,9,7,0.7142857142857143,0.0,0.7142857142857143,iCAR,SUV
iCAR 03,control,操控,8,6,1.0,0.0,1.0,iCAR,SUV
iCAR 03,fuel_consumption,能耗/油耗,10,10,-0.6,0.8,0.2,iCAR,SUV
iCAR 03,intelligence,智能化,10,10,0.4,0.2,0.6,iCAR,SUV
iCAR 03,interior,内饰,10,9,0.7777777777777778,0.0,0.7777777777777778,iCAR,SUV
iCAR 03,power,动力,6,6,1.0,0.0,1.0,iCAR,SUV
iCAR 03,space,空间,10,10,0.8,0.1,0.9,iCAR,SUV
iCAR 03,value,性价比,9,9,0.7777777777777778,0.0,0.7777777777777778,iCAR,SUV
世纪,appearance,外观,19,19,0.8421052631578947,0.05263157894736842,0.8947368421052632,别克,MPV
世纪,comfort,舒适性,24,23,0.6086956521739131,0.13043478260869565,0.7391304347826086,别克,MPV
世纪,configuration,配置,21,21,0.5714285714285714,0.09523809523809523,0.6666666666666666,别克,MPV
世纪,control,操控,16,16,-0.3125,0.5,0.1875,别克,MPV
世纪,fuel_consumption,能耗/油耗,10,10,-0.1,0.4,0.3,别克,MPV
世纪,intelligence,智能化,21,21,-0.23809523809523808,0.6190476190476191,0.38095238095238093,别克,MPV
世纪,interior,内饰,21,21,0.8095238095238095,0.047619047619047616,0.8571428571428571,别克,MPV
世纪,power,动力,29,28,-0.5357142857142857,0.7142857142857143,0.17857142857142858,别克,MPV
世纪,space,空间,24,24,0.5833333333333334,0.08333333333333333,0.6666666666666666,别克,MPV
世纪,value,性价比,7,7,0.0,0.14285714285714285,0.14285714285714285,别克,MPV
东风本田S7,appearance,外观,10,10,0.2,0.3,0.5,本田,SUV
东风本田S7,comfort,舒适性,7,7,0.8571428571428571,0.0,0.8571428571428571,本田,SUV
东风本田S7,configuration,配置,11,11,-0.09090909090909091,0.45454545454545453,0.36363636363636365,本田,SUV
东风本田S7,control,操控,12,12,0.75,0.08333333333333333,0.8333333333333334,本田,SUV
东风本田S7,fuel_consumption,能耗/油耗,13,13,-0.07692307692307693,0.46153846153846156,0.38461538461538464,本田,SUV
东风本田S7,intelligence,智能化,20,20,-0.8,0.85,0.05,本田,SUV
东风本田S7,interior,内饰,7,7,0.42857142857142855,0.14285714285714285,0.5714285714285714,本田,SUV
东风本田S7,power,动力,6,6,1.0,0.0,1.0,本田,SUV
东风本田S7,space,空间,18,18,0.9444444444444444,0.0,0.9444444444444444,本田,SUV
东风本田S7,value,性价比,13,13,0.6153846153846154,0.07692307692307693,0.6923076923076923,本田,SUV
丰田bZ3,appearance,外观,36,36,0.5833333333333334,0.1111111111111111,0.6944444444444444,丰田,轿车
丰田bZ3,comfort,舒适性,24,24,0.08333333333333333,0.2916666666666667,0.375,丰田,轿车
丰田bZ3,configuration,配置,24,24,-0.08333333333333333,0.4583333333333333,0.375,丰田,轿车
丰田bZ3,control,操控,22,22,0.2727272727272727,0.22727272727272727,0.5,丰田,轿车
丰田bZ3,fuel_consumption,能耗/油耗,39,39,0.15384615384615385,0.1282051282051282,0.28205128205128205,丰田,轿车
丰田bZ3,intelligence,智能化,14,14,0.14285714285714285,0.42857142857142855,0.5714285714285714,丰田,轿车
丰田bZ3,interior,内饰,23,23,-0.30434782608695654,0.6086956521739131,0.30434782608695654,丰田,轿车
丰田bZ3,power,动力,17,17,0.6470588235294118,0.11764705882352941,0.7647058823529411,丰田,轿车
丰田bZ3,space,空间,23,23,0.4782608695652174,0.17391304347826086,0.6521739130434783,丰田,轿车
丰田bZ3,value,性价比,15,15,0.6,0.13333333333333333,0.7333333333333333,丰田,轿车
丰田bZ5,appearance,外观,43,43,0.8372093023255814,0.023255813953488372,0.8604651162790697,丰田,SUV
丰田bZ5,comfort,舒适性,18,18,0.16666666666666666,0.3333333333333333,0.5,丰田,SUV
丰田bZ5,configuration,配置,24,23,0.5652173913043478,0.17391304347826086,0.7391304347826086,丰田,SUV
丰田bZ5,control,操控,23,21,0.47619047619047616,0.19047619047619047,0.6666666666666666,丰田,SUV
丰田bZ5,fuel_consumption,能耗/油耗,23,23,0.34782608695652173,0.13043478260869565,0.4782608695652174,丰田,SUV
丰田bZ5,intelligence,智能化,27,27,0.037037037037037035,0.4444444444444444,0.48148148148148145,丰田,SUV
丰田bZ5,interior,内饰,20,19,0.2631578947368421,0.2631578947368421,0.5263157894736842,丰田,SUV
丰田bZ5,power,动力,18,18,0.7777777777777778,0.05555555555555555,0.8333333333333334,丰田,SUV
丰田bZ5,space,空间,30,29,0.6206896551724138,0.13793103448275862,0.7586206896551724,丰田,SUV
丰田bZ5,value,性价比,13,13,0.5384615384615384,0.15384615384615385,0.6923076923076923,丰田,SUV
五菱佳辰,appearance,外观,10,10,0.9,0.0,0.9,五菱,MPV
五菱佳辰,comfort,舒适性,9,8,-0.25,0.625,0.375,五菱,MPV
五菱佳辰,configuration,配置,10,10,1.0,0.0,1.0,五菱,MPV
五菱佳辰,control,操控,7,6,0.3333333333333333,0.3333333333333333,0.6666666666666666,五菱,MPV
五菱佳辰,fuel_consumption,能耗/油耗,10,10,0.9,0.0,0.9,五菱,MPV
五菱佳辰,intelligence,智能化,8,8,0.625,0.0,0.625,五菱,MPV
五菱佳辰,interior,内饰,10,10,0.6,0.2,0.8,五菱,MPV
五菱佳辰,power,动力,9,9,0.8888888888888888,0.0,0.8888888888888888,五菱,MPV
五菱佳辰,space,空间,10,10,1.0,0.0,1.0,五菱,MPV
五菱佳辰,value,性价比,10,10,1.0,0.0,1.0,五菱,MPV
五菱宏光,appearance,外观,10,10,0.8,0.0,0.8,五菱,SUV
五菱宏光,comfort,舒适性,10,7,-0.14285714285714285,0.5714285714285714,0.42857142857142855,五菱,SUV
五菱宏光,configuration,配置,8,8,0.75,0.0,0.75,五菱,SUV
五菱宏光,control,操控,6,6,0.16666666666666666,0.3333333333333333,0.5,五菱,SUV
五菱宏光,fuel_consumption,能耗/油耗,10,10,0.7,0.1,0.8,五菱,SUV
五菱宏光,intelligence,智能化,2,2,-1.0,1.0,0.0,五菱,SUV
五菱宏光,interior,内饰,10,10,0.8,0.0,0.8,五菱,SUV
五菱宏光,power,动力,10,10,0.6,0.2,0.8,五菱,SUV
五菱宏光,space,空间,10,10,0.9,0.0,0.9,五菱,SUV
五菱宏光,value,性价比,10,10,0.9,0.0,0.9,五菱,SUV
五菱征程,appearance,外观,10,10,0.8,0.1,0.9,五菱,MPV
五菱征程,comfort,舒适性,10,10,-0.2,0.6,0.4,五菱,MPV
五菱征程,configuration,配置,6,3,-0.3333333333333333,0.6666666666666666,0.3333333333333333,五菱,MPV
五菱征程,control,操控,10,10,0.6,0.2,0.8,五菱,MPV
五菱征程,fuel_consumption,能耗/油耗,10,10,0.4,0.3,0.7,五菱,MPV
五菱征程,intelligence,智能化,1,0,,,,五菱,MPV
五菱征程,interior,内饰,10,10,0.0,0.4,0.4,五菱,MPV
五菱征程,power,动力,10,10,0.8,0.1,0.9,五菱,MPV
五菱征程,space,空间,10,10,1.0,0.0,1.0,五菱,MPV
五菱征程,value,性价比,10,10,1.0,0.0,1.0,五菱,MPV
五菱星云,appearance,外观,10,10,0.9,0.0,0.9,五菱,SUV
五菱星云,comfort,舒适性,8,6,0.6666666666666666,0.16666666666666666,0.8333333333333334,五菱,SUV
五菱星云,configuration,配置,9,9,1.0,0.0,1.0,五菱,SUV
五菱星云,control,操控,7,5,0.2,0.4,0.6,五菱,SUV
五菱星云,fuel_consumption,能耗/油耗,10,10,1.0,0.0,1.0,五菱,SUV
五菱星云,intelligence,智能化,9,7,0.7142857142857143,0.14285714285714285,0.8571428571428571,五菱,SUV
五菱星云,interior,内饰,10,10,0.8,0.0,0.8,五菱,SUV
五菱星云,power,动力,10,10,0.7,0.1,0.8,五菱,SUV
五菱星云,space,空间,10,10,0.8,0.1,0.9,五菱,SUV
五菱星云,value,性价比,10,10,0.8,0.0,0.8,五菱,SUV
五菱星光,appearance,外观,10,10,1.0,0.0,1.0,五菱,轿车
五菱星光,comfort,舒适性,10,8,-0.375,0.625,0.25,五菱,轿车
五菱星光,configuration,配置,10,9,0.7777777777777778,0.1111111111111111,0.8888888888888888,五菱,轿车
五菱星光,control,操控,8,7,0.8571428571428571,0.0,0.8571428571428571,五菱,轿车
五菱星光,fuel_consumption,能耗/油耗,10,10,1.0,0.0,1.0,五菱,轿车
五菱星光,intelligence,智能化,10,10,0.9,0.0,0.9,五菱,轿车
五菱星光,interior,内饰,10,10,0.1,0.4,0.5,五菱,轿车
五菱星光,power,动力,9,9,1.0,0.0,1.0,五菱,轿车
五菱星光,space,空间,9,9,1.0,0.0,1.0,五菱,轿车
五菱星光,value,性价比,10,9,1.0,0.0,1.0,五菱,轿车
五菱星驰,appearance,外观,10,10,1.0,0.0,1.0,五菱,SUV
五菱星驰,comfort,舒适性,10,4,-0.25,0.5,0.25,五菱,SUV
五菱星驰,configuration,配置,10,10,0.3,0.3,0.6,五菱,SUV
五菱星驰,control,操控,9,3,0.3333333333333333,0.3333333333333333,0.6666666666666666,五菱,SUV
五菱星驰,fuel_consumption,能耗/油耗,10,10,0.9,0.0,0.9,五菱,SUV
五菱星驰,intelligence,智能化,6,5,0.8,0.0,0.8,五菱,SUV
五菱星驰,interior,内饰,10,10,0.3,0.3,0.6,五菱,SUV
五菱星驰,power,动力,9,9,0.6666666666666666,0.1111111111111111,0.7777777777777778,五菱,SUV
五菱星驰,space,空间,10,10,0.6,0.2,0.8,五菱,SUV
五菱星驰,value,性价比,10,9,1.0,0.0,1.0,五菱,SUV
亚洲狮,appearance,外观,10,10,1.0,0.0,1.0,丰田,轿车
亚洲狮,comfort,舒适性,10,8,0.25,0.375,0.625,丰田,轿车
亚洲狮,configuration,配置,10,10,1.0,0.0,1.0,丰田,轿车
亚洲狮,control,操控,10,7,0.42857142857142855,0.2857142857142857,0.7142857142857143,丰田,轿车
亚洲狮,fuel_consumption,能耗/油耗,10,10,1.0,0.0,1.0,丰田,轿车
亚洲狮,intelligence,智能化,7,5,0.6,0.2,0.8,丰田,轿车
亚洲狮,interior,内饰,10,10,0.6,0.1,0.7,丰田,轿车
亚洲狮,power,动力,10,10,1.0,0.0,1.0,丰田,轿车
亚洲狮,space,空间,10,10,1.0,0.0,1.0,丰田,轿车
亚洲狮,value,性价比,10,10,1.0,0.0,1.0,丰田,轿车
亚洲龙,appearance,外观,81,75,0.8933333333333333,0.04,0.9333333333333333,丰田,轿车
亚洲龙,comfort,舒适性,82,76,0.23684210526315788,0.3026315789473684,0.5394736842105263,丰田,轿车
亚洲龙,configuration,配置,76,60,0.11666666666666667,0.38333333333333336,0.5,丰田,轿车
亚洲龙,control,操控,70,65,0.5384615384615384,0.18461538461538463,0.7230769230769231,丰田,轿车
亚洲龙,fuel_consumption,能耗/油耗,84,81,0.7654320987654321,0.08641975308641975,0.8518518518518519,丰田,轿车
亚洲龙,intelligence,智能化,36,34,-0.5882352941176471,0.7352941176470589,0.14705882352941177,丰田,轿车
亚洲龙,interior,内饰,75,69,-0.13043478260869565,0.5217391304347826,0.391304347826087,丰田,轿车
亚洲龙,power,动力,81,80,0.7,0.1125,0.8125,丰田,轿车
亚洲龙,space,空间,82,80,0.7,0.1,0.8,丰田,轿车
亚洲龙,value,性价比,76,76,0.5,0.14473684210526316,0.6447368421052632,丰田,轿车
享域,appearance,外观,10,10,1.0,0.0,1.0,本田,轿车
享域,comfort,舒适性,10,9,0.6666666666666666,0.1111111111111111,0.7777777777777778,本田,轿车
享域,configuration,配置,8,5,0.8,0.0,0.8,本田,轿车
享域,control,操控,10,8,0.875,0.0,0.875,本田,轿车
享域,fuel_consumption,能耗/油耗,10,10,1.0,0.0,1.0,本田,轿车
享域,intelligence,智能化,2,2,1.0,0.0,1.0,本田,轿车
享域,interior,内饰,10,10,0.5,0.2,0.7,本田,轿车
享域,power,动力,10,10,0.6,0.2,0.8,本田,轿车
享域,space,空间,10,10,1.0,0.0,1.0,本田,轿车
享域,value,性价比,10,10,1.0,0.0,1.0,本田,轿车
伊兰特,appearance,外观,83,81,0.9753086419753086,0.012345679012345678,0.9876543209876543,现代,轿车
伊兰特,comfort,舒适性,81,68,-0.4411764705882353,0.6617647058823529,0.22058823529411764,现代,轿车
伊兰特,configuration,配置,81,73,0.726027397260274,0.1095890410958904,0.8356164383561644,现代,轿车
伊兰特,control,操控,75,65,0.4307692307692308,0.15384615384615385,0.5846153846153846,现代,轿车
伊兰特,fuel_consumption,能耗/油耗,72,70,0.6142857142857143,0.12857142857142856,0.7428571428571429,现代,轿车
伊兰特,intelligence,智能化,40,37,0.2702702702702703,0.2972972972972973,0.5675675675675675,现代,轿车
伊兰特,interior,内饰,72,68,0.08823529411764706,0.35294117647058826,0.4411764705882353,现代,轿车
伊兰特,power,动力,89,88,0.09090909090909091,0.3977272727272727,0.48863636363636365,现代,轿车
伊兰特,space,空间,79,72,0.9305555555555556,0.0,0.9305555555555556,现代,轿车
伊兰特,value,性价比,90,81,0.6049382716049383,0.13580246913580246,0.7407407407407407,现代,轿车
传祺E8新能源,appearance,外观,24,24,0.7916666666666666,0.0,0.7916666666666666,广汽传祺,MPV
传祺E8新能源,comfort,舒适性,25,25,0.88,0.04,0.92,广汽传祺,MPV
传祺E8新能源,configuration,配置,23,19,1.0,0.0,1.0,广汽传祺,MPV
传祺E8新能源,control,操控,19,18,0.7222222222222222,0.1111111111111111,0.8333333333333334,广汽传祺,MPV
传祺E8新能源,fuel_consumption,能耗/油耗,25,25,0.92,0.04,0.96,广汽传祺,MPV
传祺E8新能源,intelligence,智能化,24,24,1.0,0.0,1.0,广汽传祺,MPV
传祺E8新能源,interior,内饰,25,24,0.7083333333333334,0.08333333333333333,0.7916666666666666,广汽传祺,MPV
传祺E8新能源,power,动力,19,18,0.9444444444444444,0.0,0.9444444444444444,广汽传祺,MPV
传祺E8新能源,space,空间,25,25,0.96,0.0,0.96,广汽传祺,MPV
传祺E8新能源,value,性价比,25,25,0.88,0.04,0.92,广汽传祺,MPV
传祺GA8,appearance,外观,10,10,1.0,0.0,1.0,广汽传祺,轿车
传祺GA8,comfort,舒适性,10,10,0.4,0.2,0.6,广汽传祺,轿车
传祺GA8,configuration,配置,7,5,0.6,0.2,0.8,广汽传祺,轿车
传祺GA8,control,操控,10,10,0.5,0.2,0.7,广汽传祺,轿车
传祺GA8,fuel_consumption,能耗/油耗,10,10,0.6,0.1,0.7,广汽传祺,轿车
传祺GA8,intelligence,智能化,1,0,,,,广汽传祺,轿车
传祺GA8,interior,内饰,10,10,-0.1,0.5,0.4,广汽传祺,轿车
传祺GA8,power,动力,10,10,0.8,0.1,0.9,广汽传祺,轿车
传祺GA8,space,空间,10,10,0.8,0.1,0.9,广汽传祺,轿车
传祺GA8,value,性价比,10,10,0.9,0.0,0.9,广汽传祺,轿车
传祺M6,appearance,外观,62,62,0.8225806451612904,0.016129032258064516,0.8387096774193549,广汽传祺,MPV
传祺M6,comfort,舒适性,76,76,0.2631578947368421,0.32894736842105265,0.5921052631578947,广汽传祺,MPV
传祺M6,configuration,配置,62,60,0.06666666666666667,0.4166666666666667,0.48333333333333334,广汽传祺,MPV
传祺M6,control,操控,49,47,0.3829787234042553,0.2978723404255319,0.6808510638297872,广汽传祺,MPV
传祺M6,fuel_consumption,能耗/油耗,72,72,0.2361111111111111,0.3194444444444444,0.5555555555555556,广汽传祺,MPV
传祺M6,intelligence,智能化,40,39,-0.358974358974359,0.5897435897435898,0.23076923076923078,广汽传祺,MPV
传祺M6,interior,内饰,51,49,0.6122448979591837,0.10204081632653061,0.7142857142857143,广汽传祺,MPV
传祺M6,power,动力,72,70,0.17142857142857143,0.35714285714285715,0.5285714285714286,广汽传祺,MPV
传祺M6,space,空间,89,89,0.8876404494382022,0.0449438202247191,0.9325842696629213,广汽传祺,MPV
传祺M6,value,性价比,69,66,0.7575757575757576,0.06060606060606061,0.8181818181818182,广汽传祺,MPV
传祺M8,appearance,外观,71,71,0.9295774647887324,0.0,0.9295774647887324,广汽传祺,MPV
传祺M8,comfort,舒适性,72,70,0.5714285714285714,0.17142857142857143,0.7428571428571429,广汽传祺,MPV
传祺M8,configuration,配置,68,64,0.453125,0.25,0.703125,广汽传祺,MPV
传祺M8,control,操控,52,48,0.10416666666666667,0.3333333333333333,0.4375,广汽传祺,MPV
传祺M8,fuel_consumption,能耗/油耗,71,68,0.23529411764705882,0.3382352941176471,0.5735294117647058,广汽传祺,MPV
传祺M8,intelligence,智能化,26,26,-0.038461538461538464,0.5,0.46153846153846156,广汽传祺,MPV
传祺M8,interior,内饰,63,60,0.4666666666666667,0.18333333333333332,0.65,广汽传祺,MPV
传祺M8,power,动力,64,64,0.75,0.078125,0.828125,广汽传祺,MPV
传祺M8,space,空间,87,86,0.6744186046511628,0.12790697674418605,0.8023255813953488,广汽传祺,MPV
传祺M8,value,性价比,69,63,0.5714285714285714,0.07936507936507936,0.6507936507936508,广汽传祺,MPV
元PLUS,appearance,外观,53,53,0.7547169811320755,0.03773584905660377,0.7924528301886793,比亚迪,SUV
元PLUS,comfort,舒适性,65,63,0.047619047619047616,0.4444444444444444,0.49206349206349204,比亚迪,SUV
元PLUS,configuration,配置,59,58,0.08620689655172414,0.41379310344827586,0.5,比亚迪,SUV
元PLUS,control,操控,52,51,0.21568627450980393,0.3333333333333333,0.5490196078431373,比亚迪,SUV
元PLUS,fuel_consumption,能耗/油耗,71,71,0.5070422535211268,0.07042253521126761,0.5774647887323944,比亚迪,SUV
元PLUS,intelligence,智能化,46,46,0.391304347826087,0.21739130434782608,0.6086956521739131,比亚迪,SUV
元PLUS,interior,内饰,50,50,0.06,0.36,0.42,比亚迪,SUV
元PLUS,power,动力,46,45,0.7111111111111111,0.06666666666666667,0.7777777777777778,比亚迪,SUV
元PLUS,space,空间,50,49,0.4897959183673469,0.14285714285714285,0.6326530612244898,比亚迪,SUV
元PLUS,value,性价比,61,60,0.55,0.1,0.65,比亚迪,SUV
元UP,appearance,外观,27,27,0.9259259259259259,0.037037037037037035,0.9629629629629629,比亚迪,SUV
元UP,comfort,舒适性,31,31,-0.1935483870967742,0.4838709677419355,0.2903225806451613,比亚迪,SUV
元UP,configuration,配置,26,26,0.6538461538461539,0.11538461538461539,0.7692307692307693,比亚迪,SUV
元UP,control,操控,22,21,0.23809523809523808,0.23809523809523808,0.47619047619047616,比亚迪,SUV
元UP,fuel_consumption,能耗/油耗,50,50,-0.18,0.46,0.28,比亚迪,SUV
元UP,intelligence,智能化,32,32,0.46875,0.21875,0.6875,比亚迪,SUV
元UP,interior,内饰,19,18,0.5,0.16666666666666666,0.6666666666666666,比亚迪,SUV
元UP,power,动力,21,21,0.6190476190476191,0.14285714285714285,0.7619047619047619,比亚迪,SUV
元UP,space,空间,42,42,0.5476190476190477,0.21428571428571427,0.7619047619047619,比亚迪,SUV
元UP,value,性价比,37,37,0.8108108108108109,0.05405405405405406,0.8648648648648649,比亚迪,SUV
冠道,appearance,外观,72,57,0.9298245614035088,0.0,0.9298245614035088,本田,SUV
冠道,comfort,舒适性,84,78,0.6282051282051282,0.15384615384615385,0.782051282051282,本田,SUV
冠道,configuration,配置,64,53,0.11320754716981132,0.37735849056603776,0.49056603773584906,本田,SUV
冠道,control,操控,58,52,0.4807692307692308,0.15384615384615385,0.6346153846153846,本田,SUV
冠道,fuel_consumption,能耗/油耗,64,58,-0.13793103448275862,0.5172413793103449,0.3793103448275862,本田,SUV
冠道,intelligence,智能化,27,24,-0.625,0.7916666666666666,0.16666666666666666,本田,SUV
冠道,interior,内饰,76,65,0.5076923076923077,0.16923076923076924,0.676923076923077,本田,SUV
冠道,power,动力,90,90,0.5,0.17777777777777778,0.6777777777777778,本田,SUV
冠道,space,空间,92,91,0.8791208791208791,0.04395604395604396,0.9230769230769231,本田,SUV
冠道,value,性价比,57,53,0.3584905660377358,0.1320754716981132,0.49056603773584906,本田,SUV
凌宝BOX,appearance,外观,3,3,1.0,0.0,1.0,凌宝汽车,轿车
凌宝BOX,comfort,舒适性,6,6,-0.3333333333333333,0.5,0.16666666666666666,凌宝汽车,轿车
凌宝BOX,configuration,配置,4,4,1.0,0.0,1.0,凌宝汽车,轿车
凌宝BOX,control,操控,3,3,0.6666666666666666,0.0,0.6666666666666666,凌宝汽车,轿车
凌宝BOX,fuel_consumption,能耗/油耗,6,6,0.3333333333333333,0.0,0.3333333333333333,凌宝汽车,轿车
凌宝BOX,intelligence,智能化,1,1,-1.0,1.0,0.0,凌宝汽车,轿车
凌宝BOX,interior,内饰,3,3,0.0,0.3333333333333333,0.3333333333333333,凌宝汽车,轿车
凌宝BOX,power,动力,5,5,0.0,0.4,0.4,凌宝汽车,轿车
凌宝BOX,space,空间,4,4,1.0,0.0,1.0,凌宝汽车,轿车
凌宝BOX,value,性价比,2,2,1.0,0.0,1.0,凌宝汽车,轿车
凌尚,appearance,外观,10,10,0.9,0.0,0.9,丰田,轿车
凌尚,comfort,舒适性,10,8,0.25,0.375,0.625,丰田,轿车
凌尚,configuration,配置,10,9,0.8888888888888888,0.0,0.8888888888888888,丰田,轿车
凌尚,control,操控,7,3,0.3333333333333333,0.3333333333333333,0.6666666666666666,丰田,轿车
凌尚,fuel_consumption,能耗/油耗,10,10,0.8,0.1,0.9,丰田,轿车
凌尚,intelligence,智能化,5,4,0.25,0.25,0.5,丰田,轿车
凌尚,interior,内饰,10,10,0.2,0.2,0.4,丰田,轿车
凌尚,power,动力,10,10,0.8,0.1,0.9,丰田,轿车
凌尚,space,空间,10,10,0.7,0.1,0.8,丰田,轿车
凌尚,value,性价比,10,10,1.0,0.0,1.0,丰田,轿车
凌放HARRIER,appearance,外观,10,10,1.0,0.0,1.0,丰田,SUV
凌放HARRIER,comfort,舒适性,10,8,0.5,0.25,0.75,丰田,SUV
凌放HARRIER,configuration,配置,10,9,1.0,0.0,1.0,丰田,SUV
凌放HARRIER,control,操控,10,8,1.0,0.0,1.0,丰田,SUV
凌放HARRIER,fuel_consumption,能耗/油耗,10,10,1.0,0.0,1.0,丰田,SUV
凌放HARRIER,intelligence,智能化,6,6,0.6666666666666666,0.16666666666666666,0.8333333333333334,丰田,SUV
凌放HARRIER,interior,内饰,10,10,0.8,0.1,0.9,丰田,SUV
凌放HARRIER,power,动力,10,10,0.4,0.3,0.7,丰田,SUV
凌放HARRIER,space,空间,10,10,0.8,0.1,0.9,丰田,SUV
凌放HARRIER,value,性价比,10,10,0.6,0.1,0.7,丰田,SUV
凌渡,appearance,外观,157,154,0.9675324675324676,0.006493506493506494,0.974025974025974,大众,轿车
凌渡,comfort,舒适性,154,134,-0.3208955223880597,0.582089552238806,0.26119402985074625,大众,轿车
凌渡,configuration,配置,135,123,0.24390243902439024,0.3089430894308943,0.5528455284552846,大众,轿车
凌渡,control,操控,129,121,0.6115702479338843,0.15702479338842976,0.768595041322314,大众,轿车
凌渡,fuel_consumption,能耗/油耗,129,128,0.5546875,0.15625,0.7109375,大众,轿车
凌渡,intelligence,智能化,65,62,0.11290322580645161,0.41935483870967744,0.532258064516129,大众,轿车
凌渡,interior,内饰,130,115,0.3739130434782609,0.22608695652173913,0.6,大众,轿车
凌渡,power,动力,168,168,0.6607142857142857,0.125,0.7857142857142857,大众,轿车
凌渡,space,空间,152,148,0.11486486486486487,0.3581081081081081,0.47297297297297297,大众,轿车
凌渡,value,性价比,130,129,0.24806201550387597,0.2558139534883721,0.5038759689922481,大众,轿车
凡尔赛C5 X,appearance,外观,80,80,0.95,0.0,0.95,雪铁龙,轿车
凡尔赛C5 X,comfort,舒适性,76,76,0.6842105263157895,0.13157894736842105,0.8157894736842105,雪铁龙,轿车
凡尔赛C5 X,configuration,配置,63,61,0.01639344262295082,0.45901639344262296,0.47540983606557374,雪铁龙,轿车
凡尔赛C5 X,control,操控,78,78,0.6538461538461539,0.14102564102564102,0.7948717948717948,雪铁龙,轿车
凡尔赛C5 X,fuel_consumption,能耗/油耗,72,72,0.5,0.2361111111111111,0.7361111111111112,雪铁龙,轿车
凡尔赛C5 X,intelligence,智能化,47,47,-0.48936170212765956,0.6595744680851063,0.1702127659574468,雪铁龙,轿车
凡尔赛C5 X,interior,内饰,58,57,0.07017543859649122,0.3684210526315789,0.43859649122807015,雪铁龙,轿车
凡尔赛C5 X,power,动力,75,75,0.6133333333333333,0.12,0.7333333333333333,雪铁龙,轿车
凡尔赛C5 X,space,空间,74,73,0.7397260273972602,0.1095890410958904,0.8493150684931506,雪铁龙,轿车
凡尔赛C5 X,value,性价比,81,81,0.7283950617283951,0.024691358024691357,0.7530864197530864,雪铁龙,轿车
凯威德,comfort,舒适性,1,0,,,,凯迪拉克,SUV
凯威德,control,操控,1,1,1.0,0.0,1.0,凯迪拉克,SUV
凯威德,fuel_consumption,能耗/油耗,1,1,-1.0,1.0,0.0,凯迪拉克,SUV
凯美瑞,appearance,外观,78,77,0.7922077922077922,0.07792207792207792,0.8701298701298701,丰田,轿车
凯美瑞,comfort,舒适性,85,83,0.40963855421686746,0.2289156626506024,0.6385542168674698,丰田,轿车
凯美瑞,configuration,配置,87,75,0.3466666666666667,0.29333333333333333,0.64,丰田,轿车
凯美瑞,control,操控,72,68,0.5,0.14705882352941177,0.6470588235294118,丰田,轿车
凯美瑞,fuel_consumption,能耗/油耗,93,91,0.5934065934065934,0.15384615384615385,0.7472527472527473,丰田,轿车
凯美瑞,intelligence,智能化,64,63,-0.031746031746031744,0.4444444444444444,0.4126984126984127,丰田,轿车
凯美瑞,interior,内饰,76,71,0.16901408450704225,0.30985915492957744,0.4788732394366197,丰田,轿车
凯美瑞,power,动力,95,95,0.25263157894736843,0.3157894736842105,0.5684210526315789,丰田,轿车
凯美瑞,space,空间,82,79,0.43037974683544306,0.22784810126582278,0.6582278481012658,丰田,轿车
凯美瑞,value,性价比,85,83,0.5180722891566265,0.12048192771084337,0.6385542168674698,丰田,轿车
凯翼拾月,appearance,外观,23,21,1.0,0.0,1.0,凯翼,轿车
凯翼拾月,comfort,舒适性,20,11,0.18181818181818182,0.36363636363636365,0.5454545454545454,凯翼,轿车
凯翼拾月,configuration,配置,22,18,0.9444444444444444,0.0,0.9444444444444444,凯翼,轿车
凯翼拾月,control,操控,15,9,0.7777777777777778,0.1111111111111111,0.8888888888888888,凯翼,轿车
凯翼拾月,fuel_consumption,能耗/油耗,22,22,0.7272727272727273,0.09090909090909091,0.8181818181818182,凯翼,轿车
凯翼拾月,intelligence,智能化,20,20,0.6,0.2,0.8,凯翼,轿车
凯翼拾月,interior,内饰,21,21,0.5238095238095238,0.14285714285714285,0.6666666666666666,凯翼,轿车
凯翼拾月,power,动力,18,18,0.7777777777777778,0.1111111111111111,0.8888888888888888,凯翼,轿车
凯翼拾月,space,空间,23,23,1.0,0.0,1.0,凯翼,轿车
凯翼拾月,value,性价比,22,22,0.8636363636363636,0.045454545454545456,0.9090909090909091,凯翼,轿车
凯迪拉克CT5,appearance,外观,87,87,0.9195402298850575,0.011494252873563218,0.9310344827586207,凯迪拉克,轿车
凯迪拉克CT5,comfort,舒适性,84,72,0.4166666666666667,0.2361111111111111,0.6527777777777778,凯迪拉克,轿车
凯迪拉克CT5,configuration,配置,77,65,0.7538461538461538,0.09230769230769231,0.8461538461538461,凯迪拉克,轿车
凯迪拉克CT5,control,操控,93,92,0.8369565217391305,0.06521739130434782,0.9021739130434783,凯迪拉克,轿车
凯迪拉克CT5,fuel_consumption,能耗/油耗,87,83,-0.27710843373493976,0.5662650602409639,0.2891566265060241,凯迪拉克,轿车
凯迪拉克CT5,intelligence,智能化,40,36,-0.4166666666666667,0.6388888888888888,0.2222222222222222,凯迪拉克,轿车
凯迪拉克CT5,interior,内饰,82,72,0.4444444444444444,0.1388888888888889,0.5833333333333334,凯迪拉克,轿车
凯迪拉克CT5,power,动力,95,95,0.7263157894736842,0.10526315789473684,0.8315789473684211,凯迪拉克,轿车
凯迪拉克CT5,space,空间,92,86,-0.1511627906976744,0.5348837209302325,0.38372093023255816,凯迪拉克,轿车
凯迪拉克CT5,value,性价比,83,83,0.6385542168674698,0.10843373493975904,0.7469879518072289,凯迪拉克,轿车
凯迪拉克XT5,appearance,外观,62,59,0.9322033898305084,0.0,0.9322033898305084,凯迪拉克,SUV
凯迪拉克XT5,comfort,舒适性,62,60,0.75,0.1,0.85,凯迪拉克,SUV
凯迪拉克XT5,configuration,配置,54,47,0.8297872340425532,0.06382978723404255,0.8936170212765957,凯迪拉克,SUV
凯迪拉克XT5,control,操控,63,62,0.5967741935483871,0.14516129032258066,0.7419354838709677,凯迪拉克,SUV
凯迪拉克XT5,fuel_consumption,能耗/油耗,71,67,0.1044776119402985,0.373134328358209,0.47761194029850745,凯迪拉克,SUV
凯迪拉克XT5,intelligence,智能化,25,21,0.19047619047619047,0.3333333333333333,0.5238095238095238,凯迪拉克,SUV
凯迪拉克XT5,interior,内饰,67,61,0.6065573770491803,0.14754098360655737,0.7540983606557377,凯迪拉克,SUV
凯迪拉克XT5,power,动力,75,74,0.6081081081081081,0.16216216216216217,0.7702702702702703,凯迪拉克,SUV
凯迪拉克XT5,space,空间,71,68,0.7205882352941176,0.10294117647058823,0.8235294117647058,凯迪拉克,SUV
凯迪拉克XT5,value,性价比,63,62,0.6451612903225806,0.06451612903225806,0.7096774193548387,凯迪拉克,SUV
凯迪拉克XT6,appearance,外观,74,65,0.9384615384615385,0.015384615384615385,0.9538461538461539,凯迪拉克,SUV
凯迪拉克XT6,comfort,舒适性,79,70,0.7428571428571429,0.08571428571428572,0.8285714285714286,凯迪拉克,SUV
凯迪拉克XT6,configuration,配置,67,58,0.5172413793103449,0.20689655172413793,0.7241379310344828,凯迪拉克,SUV
凯迪拉克XT6,control,操控,74,72,0.18055555555555555,0.3472222222222222,0.5277777777777778,凯迪拉克,SUV
凯迪拉克XT6,fuel_consumption,能耗/油耗,77,74,0.36486486486486486,0.22972972972972974,0.5945945945945946,凯迪拉克,SUV
凯迪拉克XT6,intelligence,智能化,32,29,0.034482758620689655,0.4482758620689655,0.4827586206896552,凯迪拉克,SUV
凯迪拉克XT6,interior,内饰,78,62,0.25806451612903225,0.24193548387096775,0.5,凯迪拉克,SUV
凯迪拉克XT6,power,动力,80,79,0.4177215189873418,0.20253164556962025,0.620253164556962,凯迪拉克,SUV
凯迪拉克XT6,space,空间,89,85,0.8,0.07058823529411765,0.8705882352941177,凯迪拉克,SUV
凯迪拉克XT6,value,性价比,77,75,0.4533333333333333,0.14666666666666667,0.6,凯迪拉克,SUV
别克E4,appearance,外观,10,10,1.0,0.0,1.0,别克,SUV
别克E4,comfort,舒适性,10,8,0.75,0.125,0.875,别克,SUV
别克E4,configuration,配置,10,9,0.8888888888888888,0.0,0.8888888888888888,别克,SUV
别克E4,control,操控,9,9,0.7777777777777778,0.1111111111111111,0.8888888888888888,别克,SUV
别克E4,fuel_consumption,能耗/油耗,10,10,1.0,0.0,1.0,别克,SUV
别克E4,intelligence,智能化,10,10,0.4,0.3,0.7,别克,SUV
别克E4,interior,内饰,10,10,0.9,0.0,0.9,别克,SUV
别克E4,power,动力,9,9,1.0,0.0,1.0,别克,SUV
别克E4,space,空间,10,10,0.7,0.1,0.8,别克,SUV
别克E4,value,性价比,10,10,0.7,0.1,0.8,别克,SUV
别克GL6,appearance,外观,10,10,0.9,0.0,0.9,别克,MPV
别克GL6,comfort,舒适性,10,8,0.625,0.125,0.75,别克,MPV
别克GL6,configuration,配置,10,10,1.0,0.0,1.0,别克,MPV
别克GL6,control,操控,10,9,1.0,0.0,1.0,别克,MPV
别克GL6,fuel_consumption,能耗/油耗,10,10,0.1,0.4,0.5,别克,MPV
别克GL6,intelligence,智能化,9,8,0.75,0.125,0.875,别克,MPV
别克GL6,interior,内饰,10,10,0.9,0.0,0.9,别克,MPV
别克GL6,power,动力,10,9,0.7777777777777778,0.1111111111111111,0.8888888888888888,别克,MPV
别克GL6,space,空间,10,10,0.6,0.1,0.7,别克,MPV
别克GL6,value,性价比,10,10,1.0,0.0,1.0,别克,MPV
别克GL8,appearance,外观,60,54,0.8888888888888888,0.0,0.8888888888888888,别克,MPV
别克GL8,comfort,舒适性,76,72,0.6388888888888888,0.1527777777777778,0.7916666666666666,别克,MPV
别克GL8,configuration,配置,64,50,0.32,0.3,0.62,别克,MPV
别克GL8,control,操控,65,55,0.0,0.41818181818181815,0.41818181818181815,别克,MPV
别克GL8,fuel_consumption,能耗/油耗,53,51,-0.1568627450980392,0.49019607843137253,0.3333333333333333,别克,MPV
别克GL8,intelligence,智能化,34,32,-0.15625,0.53125,0.375,别克,MPV
别克GL8,interior,内饰,64,62,0.45161290322580644,0.20967741935483872,0.6612903225806451,别克,MPV
别克GL8,power,动力,80,74,0.6486486486486487,0.10810810810810811,0.7567567567567568,别克,MPV
别克GL8,space,空间,88,83,0.8674698795180723,0.04819277108433735,0.9156626506024096,别克,MPV
别克GL8,value,性价比,57,48,0.375,0.16666666666666666,0.5416666666666666,别克,MPV
别克GL8新能源,appearance,外观,20,20,1.0,0.0,1.0,别克,MPV
别克GL8新能源,comfort,舒适性,20,17,0.8823529411764706,0.058823529411764705,0.9411764705882353,别克,MPV
别克GL8新能源,configuration,配置,18,12,0.75,0.08333333333333333,0.8333333333333334,别克,MPV
别克GL8新能源,control,操控,19,15,0.8,0.06666666666666667,0.8666666666666667,别克,MPV
别克GL8新能源,fuel_consumption,能耗/油耗,20,20,0.9,0.0,0.9,别克,MPV
别克GL8新能源,intelligence,智能化,20,20,-0.15,0.45,0.3,别克,MPV
别克GL8新能源,interior,内饰,20,20,0.75,0.05,0.8,别克,MPV
别克GL8新能源,power,动力,20,20,1.0,0.0,1.0,别克,MPV
别克GL8新能源,space,空间,20,20,1.0,0.0,1.0,别克,MPV
别克GL8新能源,value,性价比,20,19,0.7894736842105263,0.05263157894736842,0.8421052631578947,别克,MPV
勇士,appearance,外观,10,10,1.0,0.0,1.0,北汽制造,SUV
勇士,comfort,舒适性,10,10,-0.2,0.6,0.4,北汽制造,SUV
勇士,configuration,配置,8,5,-0.6,0.8,0.2,北汽制造,SUV
勇士,control,操控,9,9,0.1111111111111111,0.4444444444444444,0.5555555555555556,北汽制造,SUV
勇士,fuel_consumption,能耗/油耗,10,10,0.5,0.2,0.7,北汽制造,SUV
勇士,intelligence,智能化,3,2,-1.0,1.0,0.0,北汽制造,SUV
勇士,interior,内饰,10,10,-0.5,0.7,0.2,北汽制造,SUV
勇士,power,动力,10,10,0.5,0.2,0.7,北汽制造,SUV
勇士,space,空间,10,10,0.8,0.1,0.9,北汽制造,SUV
勇士,value,性价比,10,10,0.3,0.3,0.6,北汽制造,SUV
北京EU5,appearance,外观,10,10,1.0,0.0,1.0,北京汽车,轿车
北京EU5,comfort,舒适性,9,9,0.2222222222222222,0.2222222222222222,0.4444444444444444,北京汽车,轿车
北京EU5,configuration,配置,7,5,1.0,0.0,1.0,北京汽车,轿车
北京EU5,control,操控,10,9,0.3333333333333333,0.2222222222222222,0.5555555555555556,北京汽车,轿车
北京EU5,fuel_consumption,能耗/油耗,10,10,0.8,0.1,0.9,北京汽车,轿车
北京EU5,intelligence,智能化,4,4,0.25,0.25,0.5,北京汽车,轿车
北京EU5,interior,内饰,10,10,0.3,0.3,0.6,北京汽车,轿车
北京EU5,power,动力,9,9,0.7777777777777778,0.1111111111111111,0.8888888888888888,北京汽车,轿车
北京EU5,space,空间,10,10,1.0,0.0,1.0,北京汽车,轿车
北京EU5,value,性价比,10,10,0.5,0.2,0.7,北京汽车,轿车
北京现代ix35,appearance,外观,10,10,0.8,0.0,0.8,现代,SUV
北京现代ix35,comfort,舒适性,10,10,0.4,0.3,0.7,现代,SUV
北京现代ix35,configuration,配置,10,10,0.8,0.0,0.8,现代,SUV
北京现代ix35,control,操控,8,7,0.5714285714285714,0.14285714285714285,0.7142857142857143,现代,SUV
北京现代ix35,fuel_consumption,能耗/油耗,10,10,0.5,0.2,0.7,现代,SUV
北京现代ix35,intelligence,智能化,8,5,0.6,0.2,0.8,现代,SUV
北京现代ix35,interior,内饰,10,10,0.8,0.1,0.9,现代,SUV
北京现代ix35,power,动力,10,10,0.8,0.0,0.8,现代,SUV
北京现代ix35,space,空间,10,10,0.9,0.0,0.9,现代,SUV
北京现代ix35,value,性价比,10,10,0.9,0.0,0.9,现代,SUV
博越REV,appearance,外观,9,8,0.375,0.25,0.625,吉利汽车,SUV
博越REV,comfort,舒适性,4,4,0.0,0.5,0.5,吉利汽车,SUV
博越REV,configuration,配置,9,8,0.875,0.0,0.875,吉利汽车,SUV
博越REV,control,操控,4,4,0.75,0.0,0.75,吉利汽车,SUV
博越REV,fuel_consumption,能耗/油耗,12,12,0.6666666666666666,0.0,0.6666666666666666,吉利汽车,SUV
博越REV,intelligence,智能化,8,8,0.125,0.375,0.5,吉利汽车,SUV
博越REV,interior,内饰,6,6,0.0,0.3333333333333333,0.3333333333333333,吉利汽车,SUV
博越REV,power,动力,2,2,1.0,0.0,1.0,吉利汽车,SUV
博越REV,space,空间,9,9,0.3333333333333333,0.3333333333333333,0.6666666666666666,吉利汽车,SUV
博越REV,value,性价比,11,11,0.5454545454545454,0.18181818181818182,0.7272727272727273,吉利汽车,SUV
卡罗拉,appearance,外观,65,56,0.6071428571428571,0.10714285714285714,0.7142857142857143,丰田,轿车
卡罗拉,comfort,舒适性,64,55,-0.14545454545454545,0.45454545454545453,0.3090909090909091,丰田,轿车
卡罗拉,configuration,配置,60,45,0.2222222222222222,0.28888888888888886,0.5111111111111111,丰田,轿车
卡罗拉,control,操控,62,54,0.5185185185185185,0.18518518518518517,0.7037037037037037,丰田,轿车
卡罗拉,fuel_consumption,能耗/油耗,84,82,0.6585365853658537,0.14634146341463414,0.8048780487804879,丰田,轿车
卡罗拉,intelligence,智能化,29,26,-0.15384615384615385,0.5,0.34615384615384615,丰田,轿车
卡罗拉,interior,内饰,60,52,-0.28846153846153844,0.5384615384615384,0.25,丰田,轿车
卡罗拉,power,动力,69,68,0.3235294117647059,0.19117647058823528,0.5147058823529411,丰田,轿车
卡罗拉,space,空间,67,61,-0.18032786885245902,0.5081967213114754,0.32786885245901637,丰田,轿车
卡罗拉,value,性价比,60,57,0.543859649122807,0.12280701754385964,0.6666666666666666,丰田,轿车
卡罗拉双擎E+,appearance,外观,10,10,0.8,0.1,0.9,丰田,轿车
卡罗拉双擎E+,comfort,舒适性,10,10,0.2,0.4,0.6,丰田,轿车
卡罗拉双擎E+,configuration,配置,6,4,-0.5,0.75,0.25,丰田,轿车
卡罗拉双擎E+,control,操控,10,10,0.0,0.5,0.5,丰田,轿车
卡罗拉双擎E+,fuel_consumption,能耗/油耗,10,10,1.0,0.0,1.0,丰田,轿车
卡罗拉双擎E+,intelligence,智能化,2,1,1.0,0.0,1.0,丰田,轿车
卡罗拉双擎E+,interior,内饰,10,10,0.5,0.2,0.7,丰田,轿车
卡罗拉双擎E+,power,动力,10,10,0.5,0.2,0.7,丰田,轿车
卡罗拉双擎E+,space,空间,10,10,0.6,0.2,0.8,丰田,轿车
卡罗拉双擎E+,value,性价比,10,10,0.8,0.1,0.9,丰田,轿车
卡罗拉锐放,appearance,外观,42,41,0.8292682926829268,0.04878048780487805,0.8780487804878049,丰田,SUV
卡罗拉锐放,comfort,舒适性,37,36,-0.3888888888888889,0.6111111111111112,0.2222222222222222,丰田,SUV
卡罗拉锐放,configuration,配置,41,39,0.3333333333333333,0.28205128205128205,0.6153846153846154,丰田,SUV
卡罗拉锐放,control,操控,29,28,0.75,0.07142857142857142,0.8214285714285714,丰田,SUV
卡罗拉锐放,fuel_consumption,能耗/油耗,62,61,0.5245901639344263,0.22950819672131148,0.7540983606557377,丰田,SUV
卡罗拉锐放,intelligence,智能化,26,26,0.23076923076923078,0.2692307692307692,0.5,丰田,SUV
卡罗拉锐放,interior,内饰,39,39,-0.6410256410256411,0.7948717948717948,0.15384615384615385,丰田,SUV
卡罗拉锐放,power,动力,50,50,0.8,0.04,0.84,丰田,SUV
卡罗拉锐放,space,空间,45,45,-0.022222222222222223,0.4888888888888889,0.4666666666666667,丰田,SUV
卡罗拉锐放,value,性价比,41,40,0.325,0.275,0.6,丰田,SUV
合创A06,appearance,外观,10,10,1.0,0.0,1.0,合创汽车,轿车
合创A06,comfort,舒适性,7,1,1.0,0.0,1.0,合创汽车,轿车
合创A06,configuration,配置,10,8,-0.25,0.625,0.375,合创汽车,轿车
合创A06,control,操控,7,3,0.3333333333333333,0.3333333333333333,0.6666666666666666,合创汽车,轿车
合创A06,fuel_consumption,能耗/油耗,10,10,1.0,0.0,1.0,合创汽车,轿车
合创A06,intelligence,智能化,10,10,-0.1,0.5,0.4,合创汽车,轿车
合创A06,interior,内饰,10,10,-0.7,0.8,0.1,合创汽车,轿车
合创A06,power,动力,8,8,1.0,0.0,1.0,合创汽车,轿车
合创A06,space,空间,10,10,0.7,0.1,0.8,合创汽车,轿车
合创A06,value,性价比,10,10,1.0,0.0,1.0,合创汽车,轿车
吉利ICON,appearance,外观,86,86,0.9651162790697675,0.0,0.9651162790697675,吉利汽车,SUV
吉利ICON,comfort,舒适性,77,66,-0.09090909090909091,0.45454545454545453,0.36363636363636365,吉利汽车,SUV
吉利ICON,configuration,配置,79,73,0.7945205479452054,0.0821917808219178,0.8767123287671232,吉利汽车,SUV
吉利ICON,control,操控,73,63,0.30158730158730157,0.23809523809523808,0.5396825396825397,吉利汽车,SUV
吉利ICON,fuel_consumption,能耗/油耗,74,69,0.5507246376811594,0.15942028985507245,0.7101449275362319,吉利汽车,SUV
吉利ICON,intelligence,智能化,61,60,0.43333333333333335,0.25,0.6833333333333333,吉利汽车,SUV
吉利ICON,interior,内饰,86,83,0.8072289156626506,0.04819277108433735,0.8554216867469879,吉利汽车,SUV
吉利ICON,power,动力,86,86,0.813953488372093,0.03488372093023256,0.8488372093023255,吉利汽车,SUV
吉利ICON,space,空间,86,83,0.18072289156626506,0.3373493975903614,0.5180722891566265,吉利汽车,SUV
吉利ICON,value,性价比,60,56,0.48214285714285715,0.14285714285714285,0.625,吉利汽车,SUV
吉利熊猫,appearance,外观,10,10,1.0,0.0,1.0,吉利银河,轿车
吉利熊猫,comfort,舒适性,10,9,-0.1111111111111111,0.4444444444444444,0.3333333333333333,吉利银河,轿车
吉利熊猫,configuration,配置,10,9,1.0,0.0,1.0,吉利银河,轿车
吉利熊猫,control,操控,8,8,0.25,0.375,0.625,吉利银河,轿车
吉利熊猫,fuel_consumption,能耗/油耗,8,8,0.5,0.125,0.625,吉利银河,轿车
吉利熊猫,intelligence,智能化,10,10,0.8,0.0,0.8,吉利银河,轿车
吉利熊猫,interior,内饰,10,10,0.1,0.2,0.3,吉利银河,轿车
吉利熊猫,power,动力,3,2,0.0,0.5,0.5,吉利银河,轿车
吉利熊猫,space,空间,9,9,0.4444444444444444,0.2222222222222222,0.6666666666666666,吉利银河,轿车
吉利熊猫,value,性价比,10,10,1.0,0.0,1.0,吉利银河,轿车
君威,appearance,外观,80,80,0.9375,0.0125,0.95,别克,轿车
君威,comfort,舒适性,89,86,-0.11627906976744186,0.5232558139534884,0.4069767441860465,别克,轿车
君威,configuration,配置,80,77,0.38961038961038963,0.2727272727272727,0.6623376623376623,别克,轿车
君威,control,操控,86,84,0.7023809523809523,0.13095238095238096,0.8333333333333334,别克,轿车
君威,fuel_consumption,能耗/油耗,91,89,0.21348314606741572,0.3146067415730337,0.5280898876404494,别克,轿车
君威,intelligence,智能化,46,45,-0.3111111111111111,0.5333333333333333,0.2222222222222222,别克,轿车
君威,interior,内饰,85,80,0.375,0.2375,0.6125,别克,轿车
君威,power,动力,96,95,0.7368421052631579,0.09473684210526316,0.8315789473684211,别克,轿车
君威,space,空间,90,89,0.43820224719101125,0.24719101123595505,0.6853932584269663,别克,轿车
君威,value,性价比,97,97,0.8556701030927835,0.030927835051546393,0.8865979381443299,别克,轿车
君越,appearance,外观,79,73,0.9041095890410958,0.0,0.9041095890410958,别克,轿车
君越,comfort,舒适性,93,90,0.8,0.05555555555555555,0.8555555555555555,别克,轿车
君越,configuration,配置,79,73,0.4520547945205479,0.2328767123287671,0.684931506849315,别克,轿车
君越,control,操控,85,78,0.32051282051282054,0.23076923076923078,0.5512820512820513,别克,轿车
君越,fuel_consumption,能耗/油耗,87,86,0.3372093023255814,0.2558139534883721,0.5930232558139535,别克,轿车
君越,intelligence,智能化,52,50,-0.6,0.74,0.14,别克,轿车
君越,interior,内饰,86,77,0.5064935064935064,0.16883116883116883,0.6753246753246753,别克,轿车
君越,power,动力,95,93,0.8924731182795699,0.021505376344086023,0.9139784946236559,别克,轿车
君越,space,空间,94,88,0.7954545454545454,0.06818181818181818,0.8636363636363636,别克,轿车
君越,value,性价比,86,82,0.7195121951219512,0.06097560975609756,0.7804878048780488,别克,轿车
启辰D60,appearance,外观,44,44,0.5454545454545454,0.11363636363636363,0.6590909090909091,启辰,轿车
启辰D60,comfort,舒适性,59,54,-0.24074074074074073,0.5555555555555556,0.3148148148148148,启辰,轿车
启辰D60,configuration,配置,45,33,0.15151515151515152,0.36363636363636365,0.5151515151515151,启辰,轿车
启辰D60,control,操控,31,27,-0.037037037037037035,0.37037037037037035,0.3333333333333333,启辰,轿车
启辰D60,fuel_consumption,能耗/油耗,63,61,0.819672131147541,0.04918032786885246,0.8688524590163934,启辰,轿车
启辰D60,intelligence,智能化,24,21,-0.3333333333333333,0.5714285714285714,0.23809523809523808,启辰,轿车
启辰D60,interior,内饰,41,34,-0.029411764705882353,0.3235294117647059,0.29411764705882354,启辰,轿车
启辰D60,power,动力,79,77,-0.3246753246753247,0.5584415584415584,0.23376623376623376,启辰,轿车
启辰D60,space,空间,63,60,0.8166666666666667,0.05,0.8666666666666667,启辰,轿车
启辰D60,value,性价比,53,50,0.54,0.14,0.68,启辰,轿车
启辰T60,appearance,外观,10,10,1.0,0.0,1.0,启辰,SUV
启辰T60,comfort,舒适性,10,10,0.4,0.3,0.7,启辰,SUV
启辰T60,configuration,配置,8,5,1.0,0.0,1.0,启辰,SUV
启辰T60,control,操控,10,9,0.7777777777777778,0.1111111111111111,0.8888888888888888,启辰,SUV
启辰T60,fuel_consumption,能耗/油耗,10,10,0.8,0.1,0.9,启辰,SUV
启辰T60,intelligence,智能化,3,2,1.0,0.0,1.0,启辰,SUV
启辰T60,interior,内饰,10,10,0.9,0.0,0.9,启辰,SUV
启辰T60,power,动力,9,9,0.7777777777777778,0.1111111111111111,0.8888888888888888,启辰,SUV
启辰T60,space,空间,10,10,1.0,0.0,1.0,启辰,SUV
启辰T60,value,性价比,10,10,1.0,0.0,1.0,启辰,SUV
唐新能源,appearance,外观,22,22,0.9545454545454546,0.0,0.9545454545454546,比亚迪,SUV
唐新能源,comfort,舒适性,27,21,0.3333333333333333,0.3333333333333333,0.6666666666666666,比亚迪,SUV
唐新能源,configuration,配置,20,11,1.0,0.0,1.0,比亚迪,SUV
唐新能源,control,操控,21,19,0.42105263157894735,0.2631578947368421,0.6842105263157895,比亚迪,SUV
唐新能源,fuel_consumption,能耗/油耗,28,26,0.6153846153846154,0.19230769230769232,0.8076923076923077,比亚迪,SUV
唐新能源,intelligence,智能化,25,25,0.72,0.08,0.8,比亚迪,SUV
唐新能源,interior,内饰,22,21,0.6666666666666666,0.14285714285714285,0.8095238095238095,比亚迪,SUV
唐新能源,power,动力,22,21,1.0,0.0,1.0,比亚迪,SUV
唐新能源,space,空间,28,28,0.6071428571428571,0.17857142857142858,0.7857142857142857,比亚迪,SUV
唐新能源,value,性价比,22,22,0.9090909090909091,0.045454545454545456,0.9545454545454546,比亚迪,SUV
嘉华,appearance,外观,72,68,0.8382352941176471,0.014705882352941176,0.8529411764705882,起亚,MPV
嘉华,comfort,舒适性,78,74,0.5945945945945946,0.14864864864864866,0.7432432432432432,起亚,MPV
嘉华,configuration,配置,69,65,0.8923076923076924,0.046153846153846156,0.9384615384615385,起亚,MPV
嘉华,control,操控,55,47,0.7446808510638298,0.0425531914893617,0.7872340425531915,起亚,MPV
嘉华,fuel_consumption,能耗/油耗,45,43,0.2558139534883721,0.32558139534883723,0.5813953488372093,起亚,MPV
嘉华,intelligence,智能化,41,40,0.525,0.225,0.75,起亚,MPV
嘉华,interior,内饰,56,49,0.6938775510204082,0.061224489795918366,0.7551020408163265,起亚,MPV
嘉华,power,动力,65,59,0.7796610169491526,0.0847457627118644,0.864406779661017,起亚,MPV
嘉华,space,空间,84,83,0.8674698795180723,0.024096385542168676,0.891566265060241,起亚,MPV
嘉华,value,性价比,51,48,0.5,0.16666666666666666,0.6666666666666666,起亚,MPV
型格,appearance,外观,66,66,0.7878787878787878,0.07575757575757576,0.8636363636363636,本田,轿车
型格,comfort,舒适性,74,74,-0.21621621621621623,0.5405405405405406,0.32432432432432434,本田,轿车
型格,configuration,配置,71,71,0.23943661971830985,0.36619718309859156,0.6056338028169014,本田,轿车
型格,control,操控,78,78,0.6923076923076923,0.10256410256410256,0.7948717948717948,本田,轿车
型格,fuel_consumption,能耗/油耗,69,69,0.3188405797101449,0.2898550724637681,0.6086956521739131,本田,轿车
型格,intelligence,智能化,43,43,0.09302325581395349,0.3953488372093023,0.4883720930232558,本田,轿车
型格,interior,内饰,58,58,0.1206896551724138,0.3448275862068966,0.46551724137931033,本田,轿车
型格,power,动力,83,83,0.8554216867469879,0.04819277108433735,0.9036144578313253,本田,轿车
型格,space,空间,58,58,0.41379310344827586,0.15517241379310345,0.5689655172413793,本田,轿车
型格,value,性价比,80,80,0.4125,0.1625,0.575,本田,轿车
埃尚,appearance,外观,1,1,1.0,0.0,1.0,埃尚,轿车
埃尚,comfort,舒适性,3,2,0.5,0.0,0.5,埃尚,轿车
埃尚,control,操控,2,2,1.0,0.0,1.0,埃尚,轿车
埃尚,fuel_consumption,能耗/油耗,2,2,0.0,0.0,0.0,埃尚,轿车
埃尚,interior,内饰,1,1,1.0,0.0,1.0,埃尚,轿车
埃尚,power,动力,1,1,1.0,0.0,1.0,埃尚,轿车
埃尚,space,空间,3,3,0.6666666666666666,0.0,0.6666666666666666,埃尚,轿车
埃尚,value,性价比,1,1,1.0,0.0,1.0,埃尚,轿车
夏,appearance,外观,17,17,0.5882352941176471,0.17647058823529413,0.7647058823529411,比亚迪,MPV
夏,comfort,舒适性,34,34,0.058823529411764705,0.38235294117647056,0.4411764705882353,比亚迪,MPV
夏,configuration,配置,34,34,0.4117647058823529,0.23529411764705882,0.6470588235294118,比亚迪,MPV
夏,control,操控,16,16,0.0,0.375,0.375,比亚迪,MPV
夏,fuel_consumption,能耗/油耗,33,33,-0.09090909090909091,0.3939393939393939,0.30303030303030304,比亚迪,MPV
夏,intelligence,智能化,24,24,0.25,0.3333333333333333,0.5833333333333334,比亚迪,MPV
夏,interior,内饰,30,30,-0.03333333333333333,0.4,0.36666666666666664,比亚迪,MPV
夏,power,动力,13,13,0.5384615384615384,0.07692307692307693,0.6153846153846154,比亚迪,MPV
夏,space,空间,41,41,0.5609756097560976,0.14634146341463414,0.7073170731707317,比亚迪,MPV
夏,value,性价比,29,29,0.5172413793103449,0.1724137931034483,0.6896551724137931,比亚迪,MPV
大众CC,appearance,外观,183,181,0.988950276243094,0.0,0.988950276243094,大众,轿车
大众CC,comfort,舒适性,146,135,-0.037037037037037035,0.4666666666666667,0.42962962962962964,大众,轿车
大众CC,configuration,配置,139,125,0.376,0.232,0.608,大众,轿车
大众CC,control,操控,133,130,0.4846153846153846,0.17692307692307693,0.6615384615384615,大众,轿车
大众CC,fuel_consumption,能耗/油耗,146,141,0.028368794326241134,0.40425531914893614,0.4326241134751773,大众,轿车
大众CC,intelligence,智能化,66,62,-0.25806451612903225,0.5,0.24193548387096775,大众,轿车
大众CC,interior,内饰,140,137,-0.06569343065693431,0.45985401459854014,0.39416058394160586,大众,轿车
大众CC,power,动力,170,169,0.9112426035502958,0.029585798816568046,0.9408284023668639,大众,轿车
大众CC,space,空间,153,146,0.7397260273972602,0.0958904109589041,0.8356164383561644,大众,轿车
大众CC,value,性价比,144,135,0.4148148148148148,0.1259259259259259,0.5407407407407407,大众,轿车
大众ID.3,appearance,外观,135,131,0.7938931297709924,0.030534351145038167,0.8244274809160306,大众,轿车
大众ID.3,comfort,舒适性,137,132,0.17424242424242425,0.29545454545454547,0.4696969696969697,大众,轿车
大众ID.3,configuration,配置,122,114,0.18421052631578946,0.3333333333333333,0.5175438596491229,大众,轿车
大众ID.3,control,操控,157,156,0.9102564102564102,0.02564102564102564,0.9358974358974359,大众,轿车
大众ID.3,fuel_consumption,能耗/油耗,159,157,0.2802547770700637,0.2229299363057325,0.5031847133757962,大众,轿车
大众ID.3,intelligence,智能化,148,148,-0.3581081081081081,0.6418918918918919,0.28378378378378377,大众,轿车
大众ID.3,interior,内饰,122,119,-0.18487394957983194,0.48739495798319327,0.3025210084033613,大众,轿车
大众ID.3,power,动力,122,119,0.865546218487395,0.008403361344537815,0.8739495798319328,大众,轿车
大众ID.3,space,空间,119,117,0.6410256410256411,0.08547008547008547,0.7264957264957265,大众,轿车
大众ID.3,value,性价比,140,138,0.391304347826087,0.16666666666666666,0.5579710144927537,大众,轿车
大家7,appearance,外观,10,10,0.8,0.1,0.9,大通,MPV
大家7,comfort,舒适性,9,7,0.7142857142857143,0.14285714285714285,0.8571428571428571,大通,MPV
大家7,configuration,配置,10,7,0.7142857142857143,0.14285714285714285,0.8571428571428571,大通,MPV
大家7,control,操控,3,1,-1.0,1.0,0.0,大通,MPV
大家7,fuel_consumption,能耗/油耗,10,9,0.4444444444444444,0.2222222222222222,0.6666666666666666,大通,MPV
大家7,intelligence,智能化,10,10,0.5,0.2,0.7,大通,MPV
大家7,interior,内饰,9,9,0.8888888888888888,0.0,0.8888888888888888,大通,MPV
大家7,power,动力,5,5,0.6,0.2,0.8,大通,MPV
大家7,space,空间,10,10,0.8,0.1,0.9,大通,MPV
大家7,value,性价比,10,10,0.7,0.1,0.8,大通,MPV
大家9,appearance,外观,10,10,0.9,0.0,0.9,大通,MPV
大家9,comfort,舒适性,9,6,1.0,0.0,1.0,大通,MPV
大家9,configuration,配置,10,7,0.8571428571428571,0.0,0.8571428571428571,大通,MPV
大家9,control,操控,8,6,0.6666666666666666,0.16666666666666666,0.8333333333333334,大通,MPV
大家9,fuel_consumption,能耗/油耗,10,9,1.0,0.0,1.0,大通,MPV
大家9,intelligence,智能化,10,10,1.0,0.0,1.0,大通,MPV
大家9,interior,内饰,10,10,0.8,0.0,0.8,大通,MPV
大家9,power,动力,8,8,1.0,0.0,1.0,大通,MPV
大家9,space,空间,10,10,1.0,0.0,1.0,大通,MPV
大家9,value,性价比,10,10,0.4,0.1,0.5,大通,MPV
大通G10,appearance,外观,24,23,0.7391304347826086,0.0,0.7391304347826086,大通,MPV
大通G10,comfort,舒适性,31,26,-0.038461538461538464,0.46153846153846156,0.4230769230769231,大通,MPV
大通G10,configuration,配置,10,9,0.4444444444444444,0.2222222222222222,0.6666666666666666,大通,MPV
大通G10,control,操控,13,10,0.0,0.3,0.3,大通,MPV
大通G10,fuel_consumption,能耗/油耗,27,26,-0.11538461538461539,0.46153846153846156,0.34615384615384615,大通,MPV
大通G10,intelligence,智能化,2,2,-0.5,0.5,0.0,大通,MPV
大通G10,interior,内饰,20,19,-0.10526315789473684,0.5263157894736842,0.42105263157894735,大通,MPV
大通G10,power,动力,30,29,0.4827586206896552,0.20689655172413793,0.6896551724137931,大通,MPV
大通G10,space,空间,36,36,0.8888888888888888,0.05555555555555555,0.9444444444444444,大通,MPV
大通G10,value,性价比,17,14,0.7142857142857143,0.14285714285714285,0.8571428571428571,大通,MPV
大通G50,appearance,外观,63,55,0.7454545454545455,0.05454545454545454,0.8,大通,MPV
大通G50,comfort,舒适性,65,51,0.19607843137254902,0.35294117647058826,0.5490196078431373,大通,MPV
大通G50,configuration,配置,50,42,0.4523809523809524,0.23809523809523808,0.6904761904761905,大通,MPV
大通G50,control,操控,41,34,0.17647058823529413,0.35294117647058826,0.5294117647058824,大通,MPV
大通G50,fuel_consumption,能耗/油耗,46,40,0.275,0.3,0.575,大通,MPV
大通G50,intelligence,智能化,23,22,0.18181818181818182,0.36363636363636365,0.5454545454545454,大通,MPV
大通G50,interior,内饰,47,40,0.275,0.275,0.55,大通,MPV
大通G50,power,动力,77,73,0.3698630136986301,0.1917808219178082,0.5616438356164384,大通,MPV
大通G50,space,空间,74,71,0.9154929577464789,0.028169014084507043,0.9436619718309859,大通,MPV
大通G50,value,性价比,47,47,0.8723404255319149,0.0,0.8723404255319149,大通,MPV
大通G70,appearance,外观,3,3,1.0,0.0,1.0,大通,MPV
大通G70,comfort,舒适性,3,3,0.6666666666666666,0.0,0.6666666666666666,大通,MPV
大通G70,configuration,配置,5,5,0.4,0.2,0.6,大通,MPV
大通G70,control,操控,4,4,-0.25,0.5,0.25,大通,MPV
大通G70,fuel_consumption,能耗/油耗,4,4,0.0,0.5,0.5,大通,MPV
大通G70,intelligence,智能化,3,3,-1.0,1.0,0.0,大通,MPV
大通G70,interior,内饰,3,3,0.3333333333333333,0.3333333333333333,0.6666666666666666,大通,MPV
大通G70,power,动力,5,5,0.6,0.0,0.6,大通,MPV
大通G70,space,空间,6,6,0.6666666666666666,0.16666666666666666,0.8333333333333334,大通,MPV
大通G70,value,性价比,5,5,0.6,0.2,0.8,大通,MPV
大通G90,appearance,外观,17,17,0.8823529411764706,0.0,0.8823529411764706,大通,MPV
大通G90,comfort,舒适性,18,18,0.7777777777777778,0.05555555555555555,0.8333333333333334,大通,MPV
大通G90,configuration,配置,15,15,0.8666666666666667,0.06666666666666667,0.9333333333333333,大通,MPV
大通G90,control,操控,9,9,0.7777777777777778,0.0,0.7777777777777778,大通,MPV
大通G90,fuel_consumption,能耗/油耗,11,11,0.2727272727272727,0.2727272727272727,0.5454545454545454,大通,MPV
大通G90,intelligence,智能化,7,7,0.7142857142857143,0.14285714285714285,0.8571428571428571,大通,MPV
大通G90,interior,内饰,14,14,0.6428571428571429,0.07142857142857142,0.7142857142857143,大通,MPV
大通G90,power,动力,13,13,0.6153846153846154,0.15384615384615385,0.7692307692307693,大通,MPV
大通G90,space,空间,22,22,0.5454545454545454,0.13636363636363635,0.6818181818181818,大通,MPV
大通G90,value,性价比,10,10,0.4,0.2,0.6,大通,MPV
天籁,appearance,外观,79,74,0.7162162162162162,0.06756756756756757,0.7837837837837838,日产,轿车
天籁,comfort,舒适性,96,94,0.7659574468085106,0.10638297872340426,0.8723404255319149,日产,轿车
天籁,configuration,配置,73,61,0.11475409836065574,0.4098360655737705,0.5245901639344263,日产,轿车
天籁,control,操控,77,72,0.3194444444444444,0.19444444444444445,0.5138888888888888,日产,轿车
天籁,fuel_consumption,能耗/油耗,91,90,0.6666666666666666,0.14444444444444443,0.8111111111111111,日产,轿车
天籁,intelligence,智能化,38,35,-0.05714285714285714,0.42857142857142855,0.37142857142857144,日产,轿车
天籁,interior,内饰,59,51,0.058823529411764705,0.3137254901960784,0.37254901960784315,日产,轿车
天籁,power,动力,97,94,0.1595744680851064,0.3617021276595745,0.5212765957446809,日产,轿车
天籁,space,空间,96,89,0.5955056179775281,0.1348314606741573,0.7303370786516854,日产,轿车
天籁,value,性价比,92,90,0.7777777777777778,0.05555555555555555,0.8333333333333334,日产,轿车
奇骏,appearance,外观,79,74,0.7567567567567568,0.05405405405405406,0.8108108108108109,日产,SUV
奇骏,comfort,舒适性,87,86,0.26744186046511625,0.3488372093023256,0.6162790697674418,日产,SUV
奇骏,configuration,配置,73,61,0.5245901639344263,0.19672131147540983,0.7213114754098361,日产,SUV
奇骏,control,操控,71,69,0.6231884057971014,0.08695652173913043,0.7101449275362319,日产,SUV
奇骏,fuel_consumption,能耗/油耗,80,79,0.759493670886076,0.08860759493670886,0.8481012658227848,日产,SUV
奇骏,intelligence,智能化,43,40,0.425,0.2,0.625,日产,SUV
奇骏,interior,内饰,71,68,0.4264705882352941,0.23529411764705882,0.6617647058823529,日产,SUV
奇骏,power,动力,96,96,0.6666666666666666,0.09375,0.7604166666666666,日产,SUV
奇骏,space,空间,88,86,0.8372093023255814,0.046511627906976744,0.8837209302325582,日产,SUV
奇骏,value,性价比,76,74,0.5405405405405406,0.17567567567567569,0.7162162162162162,日产,SUV
奔奔E-Star,appearance,外观,3,2,0.0,0.0,0.0,长安欧尚,轿车
奔奔E-Star,comfort,舒适性,2,0,,,,长安欧尚,轿车
奔奔E-Star,configuration,配置,1,1,1.0,0.0,1.0,长安欧尚,轿车
奔奔E-Star,control,操控,2,2,0.0,0.5,0.5,长安欧尚,轿车
奔奔E-Star,fuel_consumption,能耗/油耗,3,3,0.3333333333333333,0.3333333333333333,0.6666666666666666,长安欧尚,轿车
奔奔E-Star,intelligence,智能化,2,2,-1.0,1.0,0.0,长安欧尚,轿车
奔奔E-Star,interior,内饰,2,2,0.0,0.5,0.5,长安欧尚,轿车
奔奔E-Star,power,动力,2,2,1.0,0.0,1.0,长安欧尚,轿车
奔奔E-Star,space,空间,2,2,1.0,0.0,1.0,长安欧尚,轿车
奔奔E-Star,value,性价比,2,2,1.0,0.0,1.0,长安欧尚,轿车
奔腾小马,appearance,外观,26,26,0.7692307692307693,0.038461538461538464,0.8076923076923077,奔腾,轿车
奔腾小马,comfort,舒适性,29,29,-0.5172413793103449,0.6551724137931034,0.13793103448275862,奔腾,轿车
奔腾小马,configuration,配置,28,28,-0.07142857142857142,0.4642857142857143,0.39285714285714285,奔腾,轿车
奔腾小马,control,操控,23,23,-0.43478260869565216,0.6521739130434783,0.21739130434782608,奔腾,轿车
奔腾小马,fuel_consumption,能耗/油耗,47,47,0.2765957446808511,0.06382978723404255,0.3404255319148936,奔腾,轿车
奔腾小马,intelligence,智能化,9,9,0.0,0.4444444444444444,0.4444444444444444,奔腾,轿车
奔腾小马,interior,内饰,23,23,0.17391304347826086,0.30434782608695654,0.4782608695652174,奔腾,轿车
奔腾小马,power,动力,21,21,0.7619047619047619,0.047619047619047616,0.8095238095238095,奔腾,轿车
奔腾小马,space,空间,33,33,0.42424242424242425,0.24242424242424243,0.6666666666666666,奔腾,轿车
奔腾小马,value,性价比,43,42,0.7380952380952381,0.07142857142857142,0.8095238095238095,奔腾,轿车
奔驰A级,appearance,外观,70,67,0.9552238805970149,0.0,0.9552238805970149,奔驰,轿车
奔驰A级,comfort,舒适性,80,72,-0.5,0.6944444444444444,0.19444444444444445,奔驰,轿车
奔驰A级,configuration,配置,53,45,0.06666666666666667,0.4444444444444444,0.5111111111111111,奔驰,轿车
奔驰A级,control,操控,67,65,0.36923076923076925,0.23076923076923078,0.6,奔驰,轿车
奔驰A级,fuel_consumption,能耗/油耗,66,62,0.5161290322580645,0.16129032258064516,0.6774193548387096,奔驰,轿车
奔驰A级,intelligence,智能化,34,32,0.25,0.28125,0.53125,奔驰,轿车
奔驰A级,interior,内饰,83,79,0.8860759493670886,0.0379746835443038,0.9240506329113924,奔驰,轿车
奔驰A级,power,动力,89,89,0.29213483146067415,0.30337078651685395,0.5955056179775281,奔驰,轿车
奔驰A级,space,空间,75,72,0.5138888888888888,0.16666666666666666,0.6805555555555556,奔驰,轿车
奔驰A级,value,性价比,71,66,0.19696969696969696,0.24242424242424243,0.4393939393939394,奔驰,轿车
奔驰C级,appearance,外观,82,77,0.974025974025974,0.0,0.974025974025974,奔驰,轿车
奔驰C级,comfort,舒适性,77,66,0.3181818181818182,0.30303030303030304,0.6212121212121212,奔驰,轿车
奔驰C级,configuration,配置,71,63,-0.1111111111111111,0.5079365079365079,0.3968253968253968,奔驰,轿车
奔驰C级,control,操控,74,63,0.1746031746031746,0.30158730158730157,0.47619047619047616,奔驰,轿车
奔驰C级,fuel_consumption,能耗/油耗,74,66,0.13636363636363635,0.36363636363636365,0.5,奔驰,轿车
奔驰C级,intelligence,智能化,42,38,0.10526315789473684,0.34210526315789475,0.4473684210526316,奔驰,轿车
奔驰C级,interior,内饰,90,86,0.8837209302325582,0.011627906976744186,0.8953488372093024,奔驰,轿车
奔驰C级,power,动力,87,86,0.023255813953488372,0.43023255813953487,0.45348837209302323,奔驰,轿车
奔驰C级,space,空间,70,63,0.36507936507936506,0.23809523809523808,0.6031746031746031,奔驰,轿车
奔驰C级,value,性价比,78,77,0.18181818181818182,0.23376623376623376,0.4155844155844156,奔驰,轿车
奔驰E级,appearance,外观,64,59,0.7457627118644068,0.11864406779661017,0.864406779661017,奔驰,轿车
奔驰E级,comfort,舒适性,56,51,0.49019607843137253,0.21568627450980393,0.7058823529411765,奔驰,轿车
奔驰E级,configuration,配置,50,41,0.24390243902439024,0.36585365853658536,0.6097560975609756,奔驰,轿车
奔驰E级,control,操控,49,45,-0.022222222222222223,0.4666666666666667,0.4444444444444444,奔驰,轿车
奔驰E级,fuel_consumption,能耗/油耗,40,36,0.2777777777777778,0.25,0.5277777777777778,奔驰,轿车
奔驰E级,intelligence,智能化,25,23,-0.043478260869565216,0.43478260869565216,0.391304347826087,奔驰,轿车
奔驰E级,interior,内饰,74,72,0.9583333333333334,0.013888888888888888,0.9722222222222222,奔驰,轿车
奔驰E级,power,动力,62,60,0.5333333333333333,0.2,0.7333333333333333,奔驰,轿车
奔驰E级,space,空间,60,50,0.84,0.02,0.86,奔驰,轿车
奔驰E级,value,性价比,65,58,0.2413793103448276,0.22413793103448276,0.46551724137931033,奔驰,轿车
奔驰GLB,appearance,外观,62,62,0.9354838709677419,0.0,0.9354838709677419,奔驰,SUV
奔驰GLB,comfort,舒适性,62,55,-0.32727272727272727,0.6181818181818182,0.2909090909090909,奔驰,SUV
奔驰GLB,configuration,配置,47,41,-0.2926829268292683,0.6341463414634146,0.34146341463414637,奔驰,SUV
奔驰GLB,control,操控,39,33,0.45454545454545453,0.18181818181818182,0.6363636363636364,奔驰,SUV
奔驰GLB,fuel_consumption,能耗/油耗,54,53,0.660377358490566,0.1320754716981132,0.7924528301886793,奔驰,SUV
奔驰GLB,intelligence,智能化,26,24,0.041666666666666664,0.4166666666666667,0.4583333333333333,奔驰,SUV
奔驰GLB,interior,内饰,57,57,0.7543859649122807,0.07017543859649122,0.8245614035087719,奔驰,SUV
奔驰GLB,power,动力,77,76,0.3684210526315789,0.27631578947368424,0.6447368421052632,奔驰,SUV
奔驰GLB,space,空间,66,63,0.6984126984126984,0.1111111111111111,0.8095238095238095,奔驰,SUV
奔驰GLB,value,性价比,59,58,0.46551724137931033,0.1724137931034483,0.6379310344827587,奔驰,SUV
奔驰GLC,appearance,外观,61,56,0.9107142857142857,0.017857142857142856,0.9285714285714286,奔驰,SUV
奔驰GLC,comfort,舒适性,62,51,0.23529411764705882,0.3333333333333333,0.5686274509803921,奔驰,SUV
奔驰GLC,configuration,配置,39,30,0.23333333333333334,0.36666666666666664,0.6,奔驰,SUV
奔驰GLC,control,操控,60,51,0.2549019607843137,0.3137254901960784,0.5686274509803921,奔驰,SUV
奔驰GLC,fuel_consumption,能耗/油耗,53,49,-0.02040816326530612,0.40816326530612246,0.3877551020408163,奔驰,SUV
奔驰GLC,intelligence,智能化,31,26,-0.23076923076923078,0.5384615384615384,0.3076923076923077,奔驰,SUV
奔驰GLC,interior,内饰,70,67,0.8805970149253731,0.04477611940298507,0.9253731343283582,奔驰,SUV
奔驰GLC,power,动力,73,69,0.5797101449275363,0.17391304347826086,0.7536231884057971,奔驰,SUV
奔驰GLC,space,空间,67,63,0.6825396825396826,0.12698412698412698,0.8095238095238095,奔驰,SUV
奔驰GLC,value,性价比,53,52,0.11538461538461539,0.28846153846153844,0.40384615384615385,奔驰,SUV
奔驰V级,appearance,外观,43,39,0.5897435897435898,0.1282051282051282,0.717948717948718,奔驰,MPV
奔驰V级,comfort,舒适性,67,65,0.23076923076923078,0.35384615384615387,0.5846153846153846,奔驰,MPV
奔驰V级,configuration,配置,36,31,0.6129032258064516,0.1935483870967742,0.8064516129032258,奔驰,MPV
奔驰V级,control,操控,44,39,0.05128205128205128,0.38461538461538464,0.4358974358974359,奔驰,MPV
奔驰V级,fuel_consumption,能耗/油耗,30,28,0.17857142857142858,0.32142857142857145,0.5,奔驰,MPV
奔驰V级,intelligence,智能化,13,12,0.3333333333333333,0.25,0.5833333333333334,奔驰,MPV
奔驰V级,interior,内饰,44,38,0.2631578947368421,0.3157894736842105,0.5789473684210527,奔驰,MPV
奔驰V级,power,动力,46,41,0.21951219512195122,0.2682926829268293,0.4878048780487805,奔驰,MPV
奔驰V级,space,空间,66,64,0.921875,0.015625,0.9375,奔驰,MPV
奔驰V级,value,性价比,29,23,0.43478260869565216,0.17391304347826086,0.6086956521739131,奔驰,MPV
奕炫,appearance,外观,72,69,0.9130434782608695,0.028985507246376812,0.9420289855072463,东风风神,轿车
奕炫,comfort,舒适性,81,75,-0.36,0.6133333333333333,0.25333333333333335,东风风神,轿车
奕炫,configuration,配置,51,44,0.38636363636363635,0.2727272727272727,0.6590909090909091,东风风神,轿车
奕炫,control,操控,73,70,0.38571428571428573,0.22857142857142856,0.6142857142857143,东风风神,轿车
奕炫,fuel_consumption,能耗/油耗,51,49,0.46938775510204084,0.20408163265306123,0.673469387755102,东风风神,轿车
奕炫,intelligence,智能化,48,48,-0.1875,0.5416666666666666,0.3541666666666667,东风风神,轿车
奕炫,interior,内饰,67,53,0.4716981132075472,0.1509433962264151,0.6226415094339622,东风风神,轿车
奕炫,power,动力,85,84,0.3333333333333333,0.2619047619047619,0.5952380952380952,东风风神,轿车
奕炫,space,空间,64,59,0.2711864406779661,0.23728813559322035,0.5084745762711864,东风风神,轿车
奕炫,value,性价比,69,67,0.5522388059701493,0.11940298507462686,0.6716417910447762,东风风神,轿车
奕跑,appearance,外观,52,50,0.94,0.02,0.96,起亚,SUV
奕跑,comfort,舒适性,51,41,-0.43902439024390244,0.6097560975609756,0.17073170731707318,起亚,SUV
奕跑,configuration,配置,44,37,0.6486486486486487,0.10810810810810811,0.7567567567567568,起亚,SUV
奕跑,control,操控,46,40,0.45,0.175,0.625,起亚,SUV
奕跑,fuel_consumption,能耗/油耗,52,52,0.5576923076923077,0.19230769230769232,0.75,起亚,SUV
奕跑,intelligence,智能化,6,6,0.0,0.5,0.5,起亚,SUV
奕跑,interior,内饰,44,37,-0.05405405405405406,0.43243243243243246,0.3783783783783784,起亚,SUV
奕跑,power,动力,64,59,-0.15254237288135594,0.4915254237288136,0.3389830508474576,起亚,SUV
奕跑,space,空间,55,52,0.2692307692307692,0.25,0.5192307692307693,起亚,SUV
奕跑,value,性价比,53,52,0.7115384615384616,0.057692307692307696,0.7692307692307693,起亚,SUV
奥德赛,appearance,外观,56,49,0.7142857142857143,0.10204081632653061,0.8163265306122449,本田,MPV
奥德赛,comfort,舒适性,84,82,0.18292682926829268,0.32926829268292684,0.5121951219512195,本田,MPV
奥德赛,configuration,配置,61,54,-0.018518518518518517,0.48148148148148145,0.46296296296296297,本田,MPV
奥德赛,control,操控,65,62,0.532258064516129,0.16129032258064516,0.6935483870967742,本田,MPV
奥德赛,fuel_consumption,能耗/油耗,80,79,0.7721518987341772,0.10126582278481013,0.8734177215189873,本田,MPV
奥德赛,intelligence,智能化,30,28,0.14285714285714285,0.32142857142857145,0.4642857142857143,本田,MPV
奥德赛,interior,内饰,54,49,0.2653061224489796,0.2857142857142857,0.5510204081632653,本田,MPV
奥德赛,power,动力,74,71,0.5633802816901409,0.14084507042253522,0.704225352112676,本田,MPV
奥德赛,space,空间,89,86,0.7674418604651163,0.09302325581395349,0.8604651162790697,本田,MPV
奥德赛,value,性价比,62,58,0.22413793103448276,0.1724137931034483,0.39655172413793105,本田,MPV
奥迪A3,appearance,外观,76,71,0.9577464788732394,0.014084507042253521,0.971830985915493,奥迪,轿车
奥迪A3,comfort,舒适性,59,57,-0.24561403508771928,0.543859649122807,0.2982456140350877,奥迪,轿车
奥迪A3,configuration,配置,49,43,0.13953488372093023,0.3953488372093023,0.5348837209302325,奥迪,轿车
奥迪A3,control,操控,57,51,0.7058823529411765,0.0784313725490196,0.7843137254901961,奥迪,轿车
奥迪A3,fuel_consumption,能耗/油耗,46,46,0.391304347826087,0.2826086956521739,0.6739130434782609,奥迪,轿车
奥迪A3,intelligence,智能化,24,22,-0.13636363636363635,0.5,0.36363636363636365,奥迪,轿车
奥迪A3,interior,内饰,62,59,0.6779661016949152,0.1016949152542373,0.7796610169491526,奥迪,轿车
奥迪A3,power,动力,72,72,0.7083333333333334,0.09722222222222222,0.8055555555555556,奥迪,轿车
奥迪A3,space,空间,71,67,-0.014925373134328358,0.44776119402985076,0.43283582089552236,奥迪,轿车
奥迪A3,value,性价比,61,60,0.35,0.16666666666666666,0.5166666666666667,奥迪,轿车
奥迪A4L,appearance,外观,85,84,0.9523809523809523,0.011904761904761904,0.9642857142857143,奥迪,轿车
奥迪A4L,comfort,舒适性,88,84,-0.20238095238095238,0.5595238095238095,0.35714285714285715,奥迪,轿车
奥迪A4L,configuration,配置,79,68,-0.029411764705882353,0.47058823529411764,0.4411764705882353,奥迪,轿车
奥迪A4L,control,操控,84,79,0.8227848101265823,0.06329113924050633,0.8860759493670886,奥迪,轿车
奥迪A4L,fuel_consumption,能耗/油耗,77,76,0.4342105263157895,0.25,0.6842105263157895,奥迪,轿车
奥迪A4L,intelligence,智能化,59,57,-0.3684210526315789,0.5263157894736842,0.15789473684210525,奥迪,轿车
奥迪A4L,interior,内饰,85,82,0.36585365853658536,0.24390243902439024,0.6097560975609756,奥迪,轿车
奥迪A4L,power,动力,96,96,0.9270833333333334,0.03125,0.9583333333333334,奥迪,轿车
奥迪A4L,space,空间,84,74,0.4594594594594595,0.20270270270270271,0.6621621621621622,奥迪,轿车
奥迪A4L,value,性价比,95,93,0.4838709677419355,0.11827956989247312,0.6021505376344086,奥迪,轿车
奥迪A5L,appearance,外观,82,82,0.8902439024390244,0.024390243902439025,0.9146341463414634,奥迪,轿车
奥迪A5L,comfort,舒适性,61,60,0.6666666666666666,0.1,0.7666666666666667,奥迪,轿车
奥迪A5L,configuration,配置,59,59,0.3728813559322034,0.2542372881355932,0.6271186440677966,奥迪,轿车
奥迪A5L,control,操控,75,75,0.9066666666666666,0.013333333333333334,0.92,奥迪,轿车
奥迪A5L,fuel_consumption,能耗/油耗,76,76,-0.013157894736842105,0.4868421052631579,0.47368421052631576,奥迪,轿车
奥迪A5L,intelligence,智能化,66,66,-0.22727272727272727,0.5757575757575758,0.3484848484848485,奥迪,轿车
奥迪A5L,interior,内饰,77,76,0.631578947368421,0.14473684210526316,0.7763157894736842,奥迪,轿车
奥迪A5L,power,动力,85,85,0.788235294117647,0.08235294117647059,0.8705882352941177,奥迪,轿车
奥迪A5L,space,空间,75,75,0.6133333333333333,0.14666666666666667,0.76,奥迪,轿车
奥迪A5L,value,性价比,58,58,0.29310344827586204,0.13793103448275862,0.43103448275862066,奥迪,轿车
奥迪A5L Sportback,appearance,外观,63,63,0.9047619047619048,0.031746031746031744,0.9365079365079365,奥迪,轿车
奥迪A5L Sportback,comfort,舒适性,32,31,0.3225806451612903,0.2903225806451613,0.6129032258064516,奥迪,轿车
奥迪A5L Sportback,configuration,配置,38,36,0.16666666666666666,0.3333333333333333,0.5,奥迪,轿车
奥迪A5L Sportback,control,操控,49,48,0.8125,0.041666666666666664,0.8541666666666666,奥迪,轿车
奥迪A5L Sportback,fuel_consumption,能耗/油耗,48,48,0.22916666666666666,0.3541666666666667,0.5833333333333334,奥迪,轿车
奥迪A5L Sportback,intelligence,智能化,60,60,-0.03333333333333333,0.48333333333333334,0.45,奥迪,轿车
奥迪A5L Sportback,interior,内饰,56,55,0.5454545454545454,0.14545454545454545,0.6909090909090909,奥迪,轿车
奥迪A5L Sportback,power,动力,55,55,0.7272727272727273,0.09090909090909091,0.8181818181818182,奥迪,轿车
奥迪A5L Sportback,space,空间,51,51,0.23529411764705882,0.3333333333333333,0.5686274509803921,奥迪,轿车
奥迪A5L Sportback,value,性价比,40,40,0.025,0.3,0.325,奥迪,轿车
奥迪A6L,appearance,外观,79,73,0.8767123287671232,0.0410958904109589,0.9178082191780822,奥迪,轿车
奥迪A6L,comfort,舒适性,72,63,0.23809523809523808,0.3333333333333333,0.5714285714285714,奥迪,轿车
奥迪A6L,configuration,配置,58,45,-0.1111111111111111,0.5111111111111111,0.4,奥迪,轿车
奥迪A6L,control,操控,71,69,0.7246376811594203,0.08695652173913043,0.8115942028985508,奥迪,轿车
奥迪A6L,fuel_consumption,能耗/油耗,57,54,0.4074074074074074,0.25925925925925924,0.6666666666666666,奥迪,轿车
奥迪A6L,intelligence,智能化,30,29,-0.3448275862068966,0.6206896551724138,0.27586206896551724,奥迪,轿车
奥迪A6L,interior,内饰,70,67,0.47761194029850745,0.22388059701492538,0.7014925373134329,奥迪,轿车
奥迪A6L,power,动力,78,76,0.8026315789473685,0.07894736842105263,0.881578947368421,奥迪,轿车
奥迪A6L,space,空间,71,67,0.6567164179104478,0.11940298507462686,0.7761194029850746,奥迪,轿车
奥迪A6L,value,性价比,72,69,0.463768115942029,0.13043478260869565,0.5942028985507246,奥迪,轿车
奥迪A6L e-tron,appearance,外观,1,1,0.0,0.0,0.0,奥迪,轿车
奥迪A6L e-tron,configuration,配置,1,1,-1.0,1.0,0.0,奥迪,轿车
奥迪A6L e-tron,control,操控,1,1,0.0,0.0,0.0,奥迪,轿车
奥迪A7L,appearance,外观,73,72,0.9444444444444444,0.0,0.9444444444444444,奥迪,轿车
奥迪A7L,comfort,舒适性,57,56,0.44642857142857145,0.23214285714285715,0.6785714285714286,奥迪,轿车
奥迪A7L,configuration,配置,62,61,0.19672131147540983,0.3442622950819672,0.5409836065573771,奥迪,轿车
奥迪A7L,control,操控,57,57,0.9122807017543859,0.017543859649122806,0.9298245614035088,奥迪,轿车
奥迪A7L,fuel_consumption,能耗/油耗,52,52,0.038461538461538464,0.46153846153846156,0.5,奥迪,轿车
奥迪A7L,intelligence,智能化,44,44,-0.7272727272727273,0.8181818181818182,0.09090909090909091,奥迪,轿车
奥迪A7L,interior,内饰,47,47,0.5106382978723404,0.1702127659574468,0.6808510638297872,奥迪,轿车
奥迪A7L,power,动力,67,67,0.8656716417910447,0.04477611940298507,0.9104477611940298,奥迪,轿车
奥迪A7L,space,空间,57,57,0.7192982456140351,0.07017543859649122,0.7894736842105263,奥迪,轿车
奥迪A7L,value,性价比,59,59,0.559322033898305,0.0847457627118644,0.6440677966101694,奥迪,轿车
奥迪E5 Sportback,appearance,外观,51,51,0.9803921568627451,0.0,0.9803921568627451,奥迪AUDI,轿车
奥迪E5 Sportback,comfort,舒适性,37,36,0.5833333333333334,0.1388888888888889,0.7222222222222222,奥迪AUDI,轿车
奥迪E5 Sportback,configuration,配置,31,31,0.7096774193548387,0.06451612903225806,0.7741935483870968,奥迪AUDI,轿车
奥迪E5 Sportback,control,操控,50,50,0.86,0.02,0.88,奥迪AUDI,轿车
奥迪E5 Sportback,fuel_consumption,能耗/油耗,44,44,-0.022727272727272728,0.4090909090909091,0.38636363636363635,奥迪AUDI,轿车
奥迪E5 Sportback,intelligence,智能化,54,53,0.09433962264150944,0.4339622641509434,0.5283018867924528,奥迪AUDI,轿车
奥迪E5 Sportback,interior,内饰,44,43,0.7674418604651163,0.06976744186046512,0.8372093023255814,奥迪AUDI,轿车
奥迪E5 Sportback,power,动力,30,30,0.7333333333333333,0.03333333333333333,0.7666666666666667,奥迪AUDI,轿车
奥迪E5 Sportback,space,空间,50,49,-0.40816326530612246,0.673469387755102,0.2653061224489796,奥迪AUDI,轿车
奥迪E5 Sportback,value,性价比,37,36,0.5,0.08333333333333333,0.5833333333333334,奥迪AUDI,轿车
奥迪Q2L,appearance,外观,84,77,0.935064935064935,0.025974025974025976,0.961038961038961,奥迪,SUV
奥迪Q2L,comfort,舒适性,88,65,0.015384615384615385,0.4,0.4153846153846154,奥迪,SUV
奥迪Q2L,configuration,配置,58,44,0.3181818181818182,0.2727272727272727,0.5909090909090909,奥迪,SUV
奥迪Q2L,control,操控,77,75,0.68,0.10666666666666667,0.7866666666666666,奥迪,SUV
奥迪Q2L,fuel_consumption,能耗/油耗,54,48,0.4583333333333333,0.20833333333333334,0.6666666666666666,奥迪,SUV
奥迪Q2L,intelligence,智能化,16,11,0.0,0.36363636363636365,0.36363636363636365,奥迪,SUV
奥迪Q2L,interior,内饰,83,72,0.0,0.4027777777777778,0.4027777777777778,奥迪,SUV
奥迪Q2L,power,动力,95,95,0.47368421052631576,0.16842105263157894,0.6421052631578947,奥迪,SUV
奥迪Q2L,space,空间,89,87,-0.16091954022988506,0.42528735632183906,0.26436781609195403,奥迪,SUV
奥迪Q2L,value,性价比,65,63,0.25396825396825395,0.30158730158730157,0.5555555555555556,奥迪,SUV
奥迪Q3,appearance,外观,67,64,0.9375,0.015625,0.953125,奥迪,SUV
奥迪Q3,comfort,舒适性,59,51,-0.0784313725490196,0.43137254901960786,0.35294117647058826,奥迪,SUV
奥迪Q3,configuration,配置,58,45,0.13333333333333333,0.37777777777777777,0.5111111111111111,奥迪,SUV
奥迪Q3,control,操控,60,57,0.5614035087719298,0.15789473684210525,0.7192982456140351,奥迪,SUV
奥迪Q3,fuel_consumption,能耗/油耗,69,67,-0.11940298507462686,0.4925373134328358,0.373134328358209,奥迪,SUV
奥迪Q3,intelligence,智能化,32,29,-0.1724137931034483,0.4827586206896552,0.3103448275862069,奥迪,SUV
奥迪Q3,interior,内饰,63,53,0.41509433962264153,0.24528301886792453,0.660377358490566,奥迪,SUV
奥迪Q3,power,动力,81,79,0.3924050632911392,0.25316455696202533,0.6455696202531646,奥迪,SUV
奥迪Q3,space,空间,85,81,0.2839506172839506,0.30864197530864196,0.5925925925925926,奥迪,SUV
奥迪Q3,value,性价比,74,68,0.20588235294117646,0.22058823529411764,0.4264705882352941,奥迪,SUV
奥迪Q3 Sportback,appearance,外观,79,78,0.9358974358974359,0.02564102564102564,0.9615384615384616,奥迪,SUV
奥迪Q3 Sportback,comfort,舒适性,50,44,-0.25,0.5227272727272727,0.2727272727272727,奥迪,SUV
奥迪Q3 Sportback,configuration,配置,24,22,0.13636363636363635,0.3181818181818182,0.45454545454545453,奥迪,SUV
奥迪Q3 Sportback,control,操控,54,54,0.6666666666666666,0.12962962962962962,0.7962962962962963,奥迪,SUV
奥迪Q3 Sportback,fuel_consumption,能耗/油耗,50,48,-0.020833333333333332,0.3958333333333333,0.375,奥迪,SUV
奥迪Q3 Sportback,intelligence,智能化,12,11,0.09090909090909091,0.36363636363636365,0.45454545454545453,奥迪,SUV
奥迪Q3 Sportback,interior,内饰,69,61,0.3114754098360656,0.2459016393442623,0.5573770491803278,奥迪,SUV
奥迪Q3 Sportback,power,动力,79,78,0.782051282051282,0.08974358974358974,0.8717948717948718,奥迪,SUV
奥迪Q3 Sportback,space,空间,70,68,-0.5,0.6764705882352942,0.17647058823529413,奥迪,SUV
奥迪Q3 Sportback,value,性价比,46,44,0.38636363636363635,0.18181818181818182,0.5681818181818182,奥迪,SUV
奥迪Q4 e-tron,appearance,外观,54,54,0.7592592592592593,0.07407407407407407,0.8333333333333334,奥迪,SUV
奥迪Q4 e-tron,comfort,舒适性,58,58,0.41379310344827586,0.1896551724137931,0.603448275862069,奥迪,SUV
奥迪Q4 e-tron,configuration,配置,44,44,-0.18181818181818182,0.5454545454545454,0.36363636363636365,奥迪,SUV
奥迪Q4 e-tron,control,操控,70,70,0.7571428571428571,0.1,0.8571428571428571,奥迪,SUV
奥迪Q4 e-tron,fuel_consumption,能耗/油耗,82,82,0.36585365853658536,0.18292682926829268,0.5487804878048781,奥迪,SUV
奥迪Q4 e-tron,intelligence,智能化,67,67,-0.7014925373134329,0.835820895522388,0.13432835820895522,奥迪,SUV
奥迪Q4 e-tron,interior,内饰,48,47,0.46808510638297873,0.19148936170212766,0.6595744680851063,奥迪,SUV
奥迪Q4 e-tron,power,动力,42,42,0.6428571428571429,0.11904761904761904,0.7619047619047619,奥迪,SUV
奥迪Q4 e-tron,space,空间,54,54,0.6851851851851852,0.05555555555555555,0.7407407407407407,奥迪,SUV
奥迪Q4 e-tron,value,性价比,48,48,0.6041666666666666,0.125,0.7291666666666666,奥迪,SUV
奥迪Q5 e-tron,appearance,外观,44,44,0.7272727272727273,0.045454545454545456,0.7727272727272727,奥迪,SUV
奥迪Q5 e-tron,comfort,舒适性,54,54,0.5370370370370371,0.16666666666666666,0.7037037037037037,奥迪,SUV
奥迪Q5 e-tron,configuration,配置,37,37,0.21621621621621623,0.2972972972972973,0.5135135135135135,奥迪,SUV
奥迪Q5 e-tron,control,操控,48,48,0.6875,0.08333333333333333,0.7708333333333334,奥迪,SUV
奥迪Q5 e-tron,fuel_consumption,能耗/油耗,52,52,0.25,0.19230769230769232,0.4423076923076923,奥迪,SUV
奥迪Q5 e-tron,intelligence,智能化,45,45,-0.5111111111111111,0.7555555555555555,0.24444444444444444,奥迪,SUV
奥迪Q5 e-tron,interior,内饰,39,39,0.358974358974359,0.2564102564102564,0.6153846153846154,奥迪,SUV
奥迪Q5 e-tron,power,动力,47,47,0.6808510638297872,0.10638297872340426,0.7872340425531915,奥迪,SUV
奥迪Q5 e-tron,space,空间,59,59,0.711864406779661,0.1016949152542373,0.8135593220338984,奥迪,SUV
奥迪Q5 e-tron,value,性价比,42,42,0.2619047619047619,0.2619047619047619,0.5238095238095238,奥迪,SUV
奥迪Q5L,appearance,外观,81,80,0.8875,0.0125,0.9,奥迪,SUV
奥迪Q5L,comfort,舒适性,77,75,0.0,0.4266666666666667,0.4266666666666667,奥迪,SUV
奥迪Q5L,configuration,配置,70,58,0.1206896551724138,0.3275862068965517,0.4482758620689655,奥迪,SUV
奥迪Q5L,control,操控,77,72,0.6944444444444444,0.08333333333333333,0.7777777777777778,奥迪,SUV
奥迪Q5L,fuel_consumption,能耗/油耗,68,65,0.5230769230769231,0.16923076923076924,0.6923076923076923,奥迪,SUV
奥迪Q5L,intelligence,智能化,42,38,-0.39473684210526316,0.6052631578947368,0.21052631578947367,奥迪,SUV
奥迪Q5L,interior,内饰,82,77,0.09090909090909091,0.4025974025974026,0.4935064935064935,奥迪,SUV
奥迪Q5L,power,动力,90,89,0.7640449438202247,0.0898876404494382,0.8539325842696629,奥迪,SUV
奥迪Q5L,space,空间,84,80,0.725,0.125,0.85,奥迪,SUV
奥迪Q5L,value,性价比,76,75,0.5066666666666667,0.10666666666666667,0.6133333333333333,奥迪,SUV
奥迪Q5L Sportback,appearance,外观,84,80,0.975,0.0,0.975,奥迪,SUV
奥迪Q5L Sportback,comfort,舒适性,69,63,0.30158730158730157,0.30158730158730157,0.6031746031746031,奥迪,SUV
奥迪Q5L Sportback,configuration,配置,53,43,0.5348837209302325,0.20930232558139536,0.7441860465116279,奥迪,SUV
奥迪Q5L Sportback,control,操控,64,61,0.6721311475409836,0.11475409836065574,0.7868852459016393,奥迪,SUV
奥迪Q5L Sportback,fuel_consumption,能耗/油耗,60,59,0.13559322033898305,0.3559322033898305,0.4915254237288136,奥迪,SUV
奥迪Q5L Sportback,intelligence,智能化,38,36,-0.16666666666666666,0.5277777777777778,0.3611111111111111,奥迪,SUV
奥迪Q5L Sportback,interior,内饰,75,69,0.057971014492753624,0.42028985507246375,0.4782608695652174,奥迪,SUV
奥迪Q5L Sportback,power,动力,80,79,0.7088607594936709,0.10126582278481013,0.810126582278481,奥迪,SUV
奥迪Q5L Sportback,space,空间,81,79,0.7341772151898734,0.10126582278481013,0.8354430379746836,奥迪,SUV
奥迪Q5L Sportback,value,性价比,60,59,0.2033898305084746,0.23728813559322035,0.4406779661016949,奥迪,SUV
奥迪Q6L Sportback e-tron,appearance,外观,10,10,1.0,0.0,1.0,奥迪,SUV
奥迪Q6L Sportback e-tron,comfort,舒适性,9,9,0.8888888888888888,0.0,0.8888888888888888,奥迪,SUV
奥迪Q6L Sportback e-tron,configuration,配置,10,10,0.7,0.0,0.7,奥迪,SUV
奥迪Q6L Sportback e-tron,control,操控,13,13,0.6923076923076923,0.0,0.6923076923076923,奥迪,SUV
奥迪Q6L Sportback e-tron,fuel_consumption,能耗/油耗,12,12,0.4166666666666667,0.08333333333333333,0.5,奥迪,SUV
奥迪Q6L Sportback e-tron,intelligence,智能化,11,11,0.6363636363636364,0.18181818181818182,0.8181818181818182,奥迪,SUV
奥迪Q6L Sportback e-tron,interior,内饰,9,9,0.8888888888888888,0.0,0.8888888888888888,奥迪,SUV
奥迪Q6L Sportback e-tron,power,动力,10,10,0.8,0.0,0.8,奥迪,SUV
奥迪Q6L Sportback e-tron,space,空间,14,14,0.7142857142857143,0.07142857142857142,0.7857142857142857,奥迪,SUV
奥迪Q6L Sportback e-tron,value,性价比,14,14,0.21428571428571427,0.0,0.21428571428571427,奥迪,SUV
奥迪Q6L e-tron,appearance,外观,23,23,0.7391304347826086,0.0,0.7391304347826086,奥迪,SUV
奥迪Q6L e-tron,comfort,舒适性,34,34,0.5882352941176471,0.08823529411764706,0.6764705882352942,奥迪,SUV
奥迪Q6L e-tron,configuration,配置,26,26,0.5384615384615384,0.11538461538461539,0.6538461538461539,奥迪,SUV
奥迪Q6L e-tron,control,操控,34,34,0.8823529411764706,0.029411764705882353,0.9117647058823529,奥迪,SUV
奥迪Q6L e-tron,fuel_consumption,能耗/油耗,37,37,0.5405405405405406,0.05405405405405406,0.5945945945945946,奥迪,SUV
奥迪Q6L e-tron,intelligence,智能化,38,38,0.47368421052631576,0.23684210526315788,0.7105263157894737,奥迪,SUV
奥迪Q6L e-tron,interior,内饰,23,23,0.4782608695652174,0.08695652173913043,0.5652173913043478,奥迪,SUV
奥迪Q6L e-tron,power,动力,27,27,0.7407407407407407,0.037037037037037035,0.7777777777777778,奥迪,SUV
奥迪Q6L e-tron,space,空间,28,28,0.7857142857142857,0.0,0.7857142857142857,奥迪,SUV
奥迪Q6L e-tron,value,性价比,25,25,0.44,0.04,0.48,奥迪,SUV
威兰达,appearance,外观,94,89,0.898876404494382,0.02247191011235955,0.9213483146067416,丰田,SUV
威兰达,comfort,舒适性,94,91,-0.16483516483516483,0.5604395604395604,0.3956043956043956,丰田,SUV
威兰达,configuration,配置,94,90,-0.24444444444444444,0.5888888888888889,0.34444444444444444,丰田,SUV
威兰达,control,操控,89,85,0.6823529411764706,0.10588235294117647,0.788235294117647,丰田,SUV
威兰达,fuel_consumption,能耗/油耗,93,93,0.6989247311827957,0.12903225806451613,0.8279569892473119,丰田,SUV
威兰达,intelligence,智能化,62,62,-0.5,0.6612903225806451,0.16129032258064516,丰田,SUV
威兰达,interior,内饰,89,88,-0.32954545454545453,0.6363636363636364,0.3068181818181818,丰田,SUV
威兰达,power,动力,96,96,0.23958333333333334,0.3333333333333333,0.5729166666666666,丰田,SUV
威兰达,space,空间,93,93,0.9247311827956989,0.021505376344086023,0.946236559139785,丰田,SUV
威兰达,value,性价比,93,92,0.5217391304347826,0.10869565217391304,0.6304347826086957,丰田,SUV
威朗,appearance,外观,74,74,0.6486486486486487,0.12162162162162163,0.7702702702702703,别克,轿车
威朗,comfort,舒适性,72,72,-0.16666666666666666,0.4861111111111111,0.3194444444444444,别克,轿车
威朗,configuration,配置,77,77,0.23376623376623376,0.35064935064935066,0.5844155844155844,别克,轿车
威朗,control,操控,73,73,0.3150684931506849,0.2191780821917808,0.5342465753424658,别克,轿车
威朗,fuel_consumption,能耗/油耗,84,84,0.39285714285714285,0.21428571428571427,0.6071428571428571,别克,轿车
威朗,intelligence,智能化,59,59,-0.4745762711864407,0.6610169491525424,0.1864406779661017,别克,轿车
威朗,interior,内饰,60,60,0.15,0.3,0.45,别克,轿车
威朗,power,动力,93,93,0.9247311827956989,0.021505376344086023,0.946236559139785,别克,轿车
威朗,space,空间,81,81,0.8024691358024691,0.04938271604938271,0.8518518518518519,别克,轿车
威朗,value,性价比,95,95,0.7263157894736842,0.07368421052631578,0.8,别克,轿车
威然,appearance,外观,110,101,0.8811881188118812,0.009900990099009901,0.8910891089108911,大众,MPV
威然,comfort,舒适性,130,123,0.6422764227642277,0.14634146341463414,0.7886178861788617,大众,MPV
威然,configuration,配置,102,91,0.4065934065934066,0.2857142857142857,0.6923076923076923,大众,MPV
威然,control,操控,95,88,0.5227272727272727,0.1590909090909091,0.6818181818181818,大众,MPV
威然,fuel_consumption,能耗/油耗,94,87,-0.034482758620689655,0.45977011494252873,0.42528735632183906,大众,MPV
威然,intelligence,智能化,42,39,-0.20512820512820512,0.5384615384615384,0.3333333333333333,大众,MPV
威然,interior,内饰,94,89,0.6292134831460674,0.12359550561797752,0.7528089887640449,大众,MPV
威然,power,动力,115,115,0.7565217391304347,0.06086956521739131,0.8173913043478261,大众,MPV
威然,space,空间,154,151,0.543046357615894,0.19205298013245034,0.7350993377483444,大众,MPV
威然,value,性价比,62,57,0.2807017543859649,0.2631578947368421,0.543859649122807,大众,MPV
威霆,appearance,外观,20,19,0.2631578947368421,0.3157894736842105,0.5789473684210527,奔驰,MPV
威霆,comfort,舒适性,23,21,-0.047619047619047616,0.38095238095238093,0.3333333333333333,奔驰,MPV
威霆,configuration,配置,19,17,-0.5294117647058824,0.7647058823529411,0.23529411764705882,奔驰,MPV
威霆,control,操控,17,17,0.4117647058823529,0.17647058823529413,0.5882352941176471,奔驰,MPV
威霆,fuel_consumption,能耗/油耗,15,15,-0.06666666666666667,0.4666666666666667,0.4,奔驰,MPV
威霆,interior,内饰,21,19,-0.5263157894736842,0.7368421052631579,0.21052631578947367,奔驰,MPV
威霆,power,动力,18,18,0.5,0.2222222222222222,0.7222222222222222,奔驰,MPV
威霆,space,空间,35,34,0.9411764705882353,0.0,0.9411764705882353,奔驰,MPV
威霆,value,性价比,16,13,0.6923076923076923,0.0,0.6923076923076923,奔驰,MPV
威飒,appearance,外观,76,76,0.868421052631579,0.039473684210526314,0.9078947368421053,丰田,SUV
威飒,comfort,舒适性,54,54,0.3333333333333333,0.2777777777777778,0.6111111111111112,丰田,SUV
威飒,configuration,配置,51,51,0.37254901960784315,0.3137254901960784,0.6862745098039216,丰田,SUV
威飒,control,操控,41,41,0.43902439024390244,0.1951219512195122,0.6341463414634146,丰田,SUV
威飒,fuel_consumption,能耗/油耗,50,50,0.7,0.08,0.78,丰田,SUV
威飒,intelligence,智能化,31,31,0.0,0.4838709677419355,0.4838709677419355,丰田,SUV
威飒,interior,内饰,55,55,0.6909090909090909,0.10909090909090909,0.8,丰田,SUV
威飒,power,动力,79,79,0.25316455696202533,0.31645569620253167,0.569620253164557,丰田,SUV
威飒,space,空间,58,58,-0.05172413793103448,0.4482758620689655,0.39655172413793105,丰田,SUV
威飒,value,性价比,47,47,0.2765957446808511,0.0851063829787234,0.3617021276595745,丰田,SUV
宋L EV,appearance,外观,68,68,0.9411764705882353,0.0,0.9411764705882353,比亚迪,SUV
宋L EV,comfort,舒适性,53,53,0.0,0.41509433962264153,0.41509433962264153,比亚迪,SUV
宋L EV,configuration,配置,49,49,0.2857142857142857,0.2653061224489796,0.5510204081632653,比亚迪,SUV
宋L EV,control,操控,60,60,0.6333333333333333,0.1,0.7333333333333333,比亚迪,SUV
宋L EV,fuel_consumption,能耗/油耗,69,69,0.21739130434782608,0.2463768115942029,0.463768115942029,比亚迪,SUV
宋L EV,intelligence,智能化,63,63,-0.1746031746031746,0.5396825396825397,0.36507936507936506,比亚迪,SUV
宋L EV,interior,内饰,50,50,0.3,0.26,0.56,比亚迪,SUV
宋L EV,power,动力,51,51,0.5882352941176471,0.13725490196078433,0.7254901960784313,比亚迪,SUV
宋L EV,space,空间,54,54,0.5740740740740741,0.12962962962962962,0.7037037037037037,比亚迪,SUV
宋L EV,value,性价比,55,55,0.23636363636363636,0.21818181818181817,0.45454545454545453,比亚迪,SUV
宋PLUS新能源,appearance,外观,19,19,1.0,0.0,1.0,比亚迪,SUV
宋PLUS新能源,comfort,舒适性,17,17,0.058823529411764705,0.4117647058823529,0.47058823529411764,比亚迪,SUV
宋PLUS新能源,configuration,配置,18,17,1.0,0.0,1.0,比亚迪,SUV
宋PLUS新能源,control,操控,18,13,0.07692307692307693,0.38461538461538464,0.46153846153846156,比亚迪,SUV
宋PLUS新能源,fuel_consumption,能耗/油耗,20,19,0.9473684210526315,0.0,0.9473684210526315,比亚迪,SUV
宋PLUS新能源,intelligence,智能化,19,19,1.0,0.0,1.0,比亚迪,SUV
宋PLUS新能源,interior,内饰,19,19,0.8947368421052632,0.05263157894736842,0.9473684210526315,比亚迪,SUV
宋PLUS新能源,power,动力,16,16,1.0,0.0,1.0,比亚迪,SUV
宋PLUS新能源,space,空间,20,20,0.9,0.0,0.9,比亚迪,SUV
宋PLUS新能源,value,性价比,19,18,1.0,0.0,1.0,比亚迪,SUV
宋Pro新能源,appearance,外观,9,9,0.8888888888888888,0.0,0.8888888888888888,比亚迪,SUV
宋Pro新能源,comfort,舒适性,9,8,0.0,0.5,0.5,比亚迪,SUV
宋Pro新能源,configuration,配置,10,6,1.0,0.0,1.0,比亚迪,SUV
宋Pro新能源,control,操控,9,7,0.42857142857142855,0.2857142857142857,0.7142857142857143,比亚迪,SUV
宋Pro新能源,fuel_consumption,能耗/油耗,10,9,0.8888888888888888,0.0,0.8888888888888888,比亚迪,SUV
宋Pro新能源,intelligence,智能化,11,11,0.8181818181818182,0.09090909090909091,0.9090909090909091,比亚迪,SUV
宋Pro新能源,interior,内饰,9,9,-0.2222222222222222,0.5555555555555556,0.3333333333333333,比亚迪,SUV
宋Pro新能源,power,动力,9,8,1.0,0.0,1.0,比亚迪,SUV
宋Pro新能源,space,空间,10,10,1.0,0.0,1.0,比亚迪,SUV
宋Pro新能源,value,性价比,9,9,1.0,0.0,1.0,比亚迪,SUV
宏光MINIEV,appearance,外观,28,28,1.0,0.0,1.0,五菱,轿车
宏光MINIEV,comfort,舒适性,28,24,-0.2916666666666667,0.625,0.3333333333333333,五菱,轿车
宏光MINIEV,configuration,配置,28,20,0.6,0.15,0.75,五菱,轿车
宏光MINIEV,control,操控,24,19,0.10526315789473684,0.42105263157894735,0.5263157894736842,五菱,轿车
宏光MINIEV,fuel_consumption,能耗/油耗,27,26,0.7307692307692307,0.11538461538461539,0.8461538461538461,五菱,轿车
宏光MINIEV,intelligence,智能化,25,25,0.16,0.32,0.48,五菱,轿车
宏光MINIEV,interior,内饰,28,28,0.0,0.42857142857142855,0.42857142857142855,五菱,轿车
宏光MINIEV,power,动力,18,17,0.5882352941176471,0.058823529411764705,0.6470588235294118,五菱,轿车
宏光MINIEV,space,空间,28,28,0.5,0.17857142857142858,0.6785714285714286,五菱,轿车
宏光MINIEV,value,性价比,26,26,0.9230769230769231,0.038461538461538464,0.9615384615384616,五菱,轿车
宝来,appearance,外观,131,127,0.8267716535433071,0.03937007874015748,0.8661417322834646,大众,轿车
宝来,comfort,舒适性,150,137,-0.27007299270072993,0.5182481751824818,0.24817518248175183,大众,轿车
宝来,configuration,配置,131,124,0.3709677419354839,0.27419354838709675,0.6451612903225806,大众,轿车
宝来,control,操控,130,121,0.6115702479338843,0.10743801652892562,0.71900826446281,大众,轿车
宝来,fuel_consumption,能耗/油耗,154,152,0.506578947368421,0.19078947368421054,0.6973684210526315,大众,轿车
宝来,intelligence,智能化,57,56,-0.25,0.48214285714285715,0.23214285714285715,大众,轿车
宝来,interior,内饰,118,111,-0.02702702702702703,0.4144144144144144,0.38738738738738737,大众,轿车
宝来,power,动力,172,172,-0.11627906976744186,0.5116279069767442,0.3953488372093023,大众,轿车
宝来,space,空间,152,145,0.5724137931034483,0.13793103448275862,0.7103448275862069,大众,轿车
宝来,value,性价比,158,152,0.6118421052631579,0.13157894736842105,0.743421052631579,大众,轿车
宝马1系,appearance,外观,10,10,1.0,0.0,1.0,宝马,轿车
宝马1系,comfort,舒适性,10,4,-0.5,0.75,0.25,宝马,轿车
宝马1系,configuration,配置,10,8,0.875,0.0,0.875,宝马,轿车
宝马1系,control,操控,10,10,1.0,0.0,1.0,宝马,轿车
宝马1系,fuel_consumption,能耗/油耗,10,10,0.8,0.0,0.8,宝马,轿车
宝马1系,intelligence,智能化,3,3,0.6666666666666666,0.0,0.6666666666666666,宝马,轿车
宝马1系,interior,内饰,10,10,0.8,0.1,0.9,宝马,轿车
宝马1系,power,动力,10,10,0.7,0.1,0.8,宝马,轿车
宝马1系,space,空间,10,10,-0.4,0.6,0.2,宝马,轿车
宝马1系,value,性价比,10,10,1.0,0.0,1.0,宝马,轿车
宝马2系,appearance,外观,13,13,0.5384615384615384,0.23076923076923078,0.7692307692307693,宝马,轿车
宝马2系,comfort,舒适性,5,5,0.2,0.2,0.4,宝马,轿车
宝马2系,configuration,配置,8,8,0.375,0.25,0.625,宝马,轿车
宝马2系,control,操控,8,8,1.0,0.0,1.0,宝马,轿车
宝马2系,fuel_consumption,能耗/油耗,8,8,0.25,0.375,0.625,宝马,轿车
宝马2系,intelligence,智能化,5,5,0.0,0.4,0.4,宝马,轿车
宝马2系,interior,内饰,4,4,0.0,0.5,0.5,宝马,轿车
宝马2系,power,动力,19,19,0.9473684210526315,0.0,0.9473684210526315,宝马,轿车
宝马2系,space,空间,13,13,0.6923076923076923,0.15384615384615385,0.8461538461538461,宝马,轿车
宝马2系,value,性价比,11,11,0.7272727272727273,0.0,0.7272727272727273,宝马,轿车
宝马3系,appearance,外观,84,80,0.9375,0.0125,0.95,宝马,轿车
宝马3系,comfort,舒适性,92,85,0.4235294117647059,0.21176470588235294,0.6352941176470588,宝马,轿车
宝马3系,configuration,配置,75,64,0.1875,0.34375,0.53125,宝马,轿车
宝马3系,control,操控,92,91,0.5494505494505495,0.2087912087912088,0.7582417582417582,宝马,轿车
宝马3系,fuel_consumption,能耗/油耗,78,75,0.6266666666666667,0.14666666666666667,0.7733333333333333,宝马,轿车
宝马3系,intelligence,智能化,52,48,0.2708333333333333,0.22916666666666666,0.5,宝马,轿车
宝马3系,interior,内饰,84,78,0.6666666666666666,0.1282051282051282,0.7948717948717948,宝马,轿车
宝马3系,power,动力,93,93,0.956989247311828,0.010752688172043012,0.967741935483871,宝马,轿车
宝马3系,space,空间,87,83,0.6626506024096386,0.10843373493975904,0.7710843373493976,宝马,轿车
宝马3系,value,性价比,87,87,0.25287356321839083,0.25287356321839083,0.5057471264367817,宝马,轿车
宝马5系,appearance,外观,76,69,0.9130434782608695,0.014492753623188406,0.927536231884058,宝马,轿车
宝马5系,comfort,舒适性,93,89,0.449438202247191,0.2247191011235955,0.6741573033707865,宝马,轿车
宝马5系,configuration,配置,81,76,0.19736842105263158,0.35526315789473684,0.5526315789473685,宝马,轿车
宝马5系,control,操控,85,83,0.8313253012048193,0.07228915662650602,0.9036144578313253,宝马,轿车
宝马5系,fuel_consumption,能耗/油耗,68,58,0.39655172413793105,0.1724137931034483,0.5689655172413793,宝马,轿车
宝马5系,intelligence,智能化,57,53,0.2830188679245283,0.24528301886792453,0.5283018867924528,宝马,轿车
宝马5系,interior,内饰,79,72,0.5694444444444444,0.1527777777777778,0.7222222222222222,宝马,轿车
宝马5系,power,动力,93,93,0.9032258064516129,0.03225806451612903,0.9354838709677419,宝马,轿车
宝马5系,space,空间,95,85,0.5647058823529412,0.15294117647058825,0.7176470588235294,宝马,轿车
宝马5系,value,性价比,86,83,0.25301204819277107,0.27710843373493976,0.5301204819277109,宝马,轿车
宝马X1,appearance,外观,60,55,0.9454545454545454,0.01818181818181818,0.9636363636363636,宝马,SUV
宝马X1,comfort,舒适性,68,64,-0.46875,0.65625,0.1875,宝马,SUV
宝马X1,configuration,配置,58,54,-0.07407407407407407,0.46296296296296297,0.3888888888888889,宝马,SUV
宝马X1,control,操控,63,58,0.6724137931034483,0.13793103448275862,0.8103448275862069,宝马,SUV
宝马X1,fuel_consumption,能耗/油耗,60,58,0.3103448275862069,0.25862068965517243,0.5689655172413793,宝马,SUV
宝马X1,intelligence,智能化,30,29,-0.3793103448275862,0.5862068965517241,0.20689655172413793,宝马,SUV
宝马X1,interior,内饰,56,52,-0.019230769230769232,0.46153846153846156,0.4423076923076923,宝马,SUV
宝马X1,power,动力,72,72,0.875,0.041666666666666664,0.9166666666666666,宝马,SUV
宝马X1,space,空间,83,83,0.8554216867469879,0.03614457831325301,0.891566265060241,宝马,SUV
宝马X1,value,性价比,71,68,0.6176470588235294,0.07352941176470588,0.6911764705882353,宝马,SUV
宝马X2,appearance,外观,10,10,0.8,0.1,0.9,宝马,SUV
宝马X2,comfort,舒适性,8,6,-0.5,0.6666666666666666,0.16666666666666666,宝马,SUV
宝马X2,configuration,配置,9,8,0.625,0.125,0.75,宝马,SUV
宝马X2,control,操控,8,7,1.0,0.0,1.0,宝马,SUV
宝马X2,fuel_consumption,能耗/油耗,10,8,1.0,0.0,1.0,宝马,SUV
宝马X2,intelligence,智能化,7,5,-0.2,0.6,0.4,宝马,SUV
宝马X2,interior,内饰,10,10,0.6,0.1,0.7,宝马,SUV
宝马X2,power,动力,8,8,1.0,0.0,1.0,宝马,SUV
宝马X2,space,空间,10,10,0.1,0.3,0.4,宝马,SUV
宝马X2,value,性价比,10,10,0.9,0.0,0.9,宝马,SUV
宝马X3,appearance,外观,75,74,0.8918918918918919,0.02702702702702703,0.918918918918919,宝马,SUV
宝马X3,comfort,舒适性,84,82,0.18292682926829268,0.36585365853658536,0.5487804878048781,宝马,SUV
宝马X3,configuration,配置,65,54,0.16666666666666666,0.37037037037037035,0.5370370370370371,宝马,SUV
宝马X3,control,操控,89,87,0.735632183908046,0.11494252873563218,0.8505747126436781,宝马,SUV
宝马X3,fuel_consumption,能耗/油耗,64,61,0.16393442622950818,0.36065573770491804,0.5245901639344263,宝马,SUV
宝马X3,intelligence,智能化,41,38,-0.07894736842105263,0.42105263157894735,0.34210526315789475,宝马,SUV
宝马X3,interior,内饰,69,63,0.47619047619047616,0.19047619047619047,0.6666666666666666,宝马,SUV
宝马X3,power,动力,85,84,0.8095238095238095,0.023809523809523808,0.8333333333333334,宝马,SUV
宝马X3,space,空间,83,81,0.09876543209876543,0.3950617283950617,0.49382716049382713,宝马,SUV
宝马X3,value,性价比,86,79,0.24050632911392406,0.189873417721519,0.43037974683544306,宝马,SUV
宝马X5,appearance,外观,56,56,0.8214285714285714,0.03571428571428571,0.8571428571428571,宝马,SUV
宝马X5,comfort,舒适性,58,58,0.46551724137931033,0.20689655172413793,0.6724137931034483,宝马,SUV
宝马X5,configuration,配置,40,40,0.25,0.275,0.525,宝马,SUV
宝马X5,control,操控,76,75,0.6133333333333333,0.14666666666666667,0.76,宝马,SUV
宝马X5,fuel_consumption,能耗/油耗,59,59,0.1694915254237288,0.3728813559322034,0.5423728813559322,宝马,SUV
宝马X5,intelligence,智能化,28,28,-0.17857142857142858,0.5,0.32142857142857145,宝马,SUV
宝马X5,interior,内饰,45,45,0.1111111111111111,0.37777777777777777,0.4888888888888889,宝马,SUV
宝马X5,power,动力,68,67,0.8507462686567164,0.05970149253731343,0.9104477611940298,宝马,SUV
宝马X5,space,空间,77,77,0.8961038961038961,0.012987012987012988,0.9090909090909091,宝马,SUV
宝马X5,value,性价比,61,61,0.26229508196721313,0.16393442622950818,0.4262295081967213,宝马,SUV
宝马i3,appearance,外观,52,52,0.5961538461538461,0.19230769230769232,0.7884615384615384,宝马,轿车
宝马i3,comfort,舒适性,67,66,0.5151515151515151,0.21212121212121213,0.7272727272727273,宝马,轿车
宝马i3,configuration,配置,57,56,-0.30357142857142855,0.625,0.32142857142857145,宝马,轿车
宝马i3,control,操控,78,78,0.7051282051282052,0.08974358974358974,0.7948717948717948,宝马,轿车
宝马i3,fuel_consumption,能耗/油耗,71,71,0.4647887323943662,0.11267605633802817,0.5774647887323944,宝马,轿车
宝马i3,intelligence,智能化,68,68,-0.45588235294117646,0.6617647058823529,0.20588235294117646,宝马,轿车
宝马i3,interior,内饰,55,55,0.5272727272727272,0.14545454545454545,0.6727272727272727,宝马,轿车
宝马i3,power,动力,61,61,0.8032786885245902,0.04918032786885246,0.8524590163934426,宝马,轿车
宝马i3,space,空间,62,61,0.4262295081967213,0.19672131147540983,0.6229508196721312,宝马,轿车
宝马i3,value,性价比,73,73,0.5068493150684932,0.136986301369863,0.6438356164383562,宝马,轿车
宝马i5,appearance,外观,24,24,0.625,0.16666666666666666,0.7916666666666666,宝马,轿车
宝马i5,comfort,舒适性,19,19,0.42105263157894735,0.2631578947368421,0.6842105263157895,宝马,轿车
宝马i5,configuration,配置,13,13,0.23076923076923078,0.3076923076923077,0.5384615384615384,宝马,轿车
宝马i5,control,操控,25,25,0.92,0.04,0.96,宝马,轿车
宝马i5,fuel_consumption,能耗/油耗,16,16,0.5625,0.0625,0.625,宝马,轿车
宝马i5,intelligence,智能化,22,22,-0.4090909090909091,0.6818181818181818,0.2727272727272727,宝马,轿车
宝马i5,interior,内饰,21,21,0.9047619047619048,0.0,0.9047619047619048,宝马,轿车
宝马i5,power,动力,19,19,0.7894736842105263,0.10526315789473684,0.8947368421052632,宝马,轿车
宝马i5,space,空间,24,24,0.375,0.25,0.625,宝马,轿车
宝马i5,value,性价比,13,13,0.7692307692307693,0.0,0.7692307692307693,宝马,轿车
宝马iX1,appearance,外观,19,19,0.7894736842105263,0.10526315789473684,0.8947368421052632,宝马,SUV
宝马iX1,comfort,舒适性,24,24,-0.3333333333333333,0.5833333333333334,0.25,宝马,SUV
宝马iX1,configuration,配置,20,19,-0.10526315789473684,0.5263157894736842,0.42105263157894735,宝马,SUV
宝马iX1,control,操控,25,25,0.32,0.32,0.64,宝马,SUV
宝马iX1,fuel_consumption,能耗/油耗,34,34,0.11764705882352941,0.29411764705882354,0.4117647058823529,宝马,SUV
宝马iX1,intelligence,智能化,25,25,-0.72,0.84,0.12,宝马,SUV
宝马iX1,interior,内饰,15,15,0.06666666666666667,0.4,0.4666666666666667,宝马,SUV
宝马iX1,power,动力,18,18,0.6666666666666666,0.16666666666666666,0.8333333333333334,宝马,SUV
宝马iX1,space,空间,30,30,0.8,0.06666666666666667,0.8666666666666667,宝马,SUV
宝马iX1,value,性价比,21,21,0.6190476190476191,0.14285714285714285,0.7619047619047619,宝马,SUV
宝马iX3,appearance,外观,10,10,1.0,0.0,1.0,宝马,SUV
宝马iX3,comfort,舒适性,9,4,1.0,0.0,1.0,宝马,SUV
宝马iX3,configuration,配置,9,8,0.875,0.0,0.875,宝马,SUV
宝马iX3,control,操控,9,9,1.0,0.0,1.0,宝马,SUV
宝马iX3,fuel_consumption,能耗/油耗,10,10,0.7,0.1,0.8,宝马,SUV
宝马iX3,intelligence,智能化,10,10,-0.2,0.5,0.3,宝马,SUV
宝马iX3,interior,内饰,10,10,1.0,0.0,1.0,宝马,SUV
宝马iX3,power,动力,8,8,1.0,0.0,1.0,宝马,SUV
宝马iX3,space,空间,10,10,0.3,0.3,0.6,宝马,SUV
宝马iX3,value,性价比,10,10,0.7,0.1,0.8,宝马,SUV
宝骏KiWi EV,appearance,外观,10,10,1.0,0.0,1.0,宝骏,轿车
宝骏KiWi EV,comfort,舒适性,9,7,0.7142857142857143,0.14285714285714285,0.8571428571428571,宝骏,轿车
宝骏KiWi EV,configuration,配置,10,7,1.0,0.0,1.0,宝骏,轿车
宝骏KiWi EV,control,操控,10,8,1.0,0.0,1.0,宝骏,轿车
宝骏KiWi EV,fuel_consumption,能耗/油耗,10,10,1.0,0.0,1.0,宝骏,轿车
宝骏KiWi EV,intelligence,智能化,10,10,1.0,0.0,1.0,宝骏,轿车
宝骏KiWi EV,interior,内饰,10,10,0.6,0.2,0.8,宝骏,轿车
宝骏KiWi EV,power,动力,6,6,0.8333333333333334,0.0,0.8333333333333334,宝骏,轿车
宝骏KiWi EV,space,空间,10,10,0.5,0.2,0.7,宝骏,轿车
宝骏KiWi EV,value,性价比,10,10,1.0,0.0,1.0,宝骏,轿车
小米SU7,appearance,外观,52,52,0.9423076923076923,0.019230769230769232,0.9615384615384616,小米汽车,轿车
小米SU7,comfort,舒适性,30,25,0.08,0.44,0.52,小米汽车,轿车
小米SU7,configuration,配置,26,19,0.15789473684210525,0.3684210526315789,0.5263157894736842,小米汽车,轿车
小米SU7,control,操控,36,33,0.8181818181818182,0.06060606060606061,0.8787878787878788,小米汽车,轿车
小米SU7,fuel_consumption,能耗/油耗,45,41,0.8292682926829268,0.04878048780487805,0.8780487804878049,小米汽车,轿车
小米SU7,intelligence,智能化,52,50,0.36,0.3,0.66,小米汽车,轿车
小米SU7,interior,内饰,39,33,0.6666666666666666,0.09090909090909091,0.7575757575757576,小米汽车,轿车
小米SU7,power,动力,28,28,0.9642857142857143,0.0,0.9642857142857143,小米汽车,轿车
小米SU7,space,空间,43,43,-0.06976744186046512,0.5116279069767442,0.4418604651162791,小米汽车,轿车
小米SU7,value,性价比,36,34,0.3235294117647059,0.23529411764705882,0.5588235294117647,小米汽车,轿车
小虎FEV,appearance,外观,5,5,1.0,0.0,1.0,小虎,轿车
小虎FEV,comfort,舒适性,2,1,1.0,0.0,1.0,小虎,轿车
小虎FEV,configuration,配置,3,2,1.0,0.0,1.0,小虎,轿车
小虎FEV,control,操控,2,2,0.5,0.0,0.5,小虎,轿车
小虎FEV,fuel_consumption,能耗/油耗,3,2,0.5,0.0,0.5,小虎,轿车
小虎FEV,interior,内饰,5,4,0.75,0.0,0.75,小虎,轿车
小虎FEV,power,动力,5,4,0.75,0.0,0.75,小虎,轿车
小虎FEV,space,空间,2,2,1.0,0.0,1.0,小虎,轿车
小虎FEV,value,性价比,4,4,-0.25,0.5,0.25,小虎,轿车
小鹏G3,appearance,外观,10,10,1.0,0.0,1.0,小鹏,SUV
小鹏G3,comfort,舒适性,10,6,0.8333333333333334,0.0,0.8333333333333334,小鹏,SUV
小鹏G3,configuration,配置,10,5,1.0,0.0,1.0,小鹏,SUV
小鹏G3,control,操控,7,6,0.6666666666666666,0.16666666666666666,0.8333333333333334,小鹏,SUV
小鹏G3,fuel_consumption,能耗/油耗,10,10,0.3,0.3,0.6,小鹏,SUV
小鹏G3,intelligence,智能化,10,10,0.9,0.0,0.9,小鹏,SUV
小鹏G3,interior,内饰,10,10,0.8,0.1,0.9,小鹏,SUV
小鹏G3,power,动力,9,9,1.0,0.0,1.0,小鹏,SUV
小鹏G3,space,空间,10,10,0.3,0.3,0.6,小鹏,SUV
小鹏G3,value,性价比,10,10,0.9,0.0,0.9,小鹏,SUV
小鹏MONA M03,appearance,外观,10,9,1.0,0.0,1.0,小鹏,轿车
小鹏MONA M03,comfort,舒适性,10,5,-0.2,0.6,0.4,小鹏,轿车
小鹏MONA M03,configuration,配置,7,4,1.0,0.0,1.0,小鹏,轿车
小鹏MONA M03,control,操控,9,8,0.5,0.125,0.625,小鹏,轿车
小鹏MONA M03,fuel_consumption,能耗/油耗,10,10,0.9,0.0,0.9,小鹏,轿车
小鹏MONA M03,intelligence,智能化,10,10,1.0,0.0,1.0,小鹏,轿车
小鹏MONA M03,interior,内饰,9,8,0.625,0.125,0.75,小鹏,轿车
小鹏MONA M03,power,动力,4,4,1.0,0.0,1.0,小鹏,轿车
小鹏MONA M03,space,空间,10,10,0.5,0.2,0.7,小鹏,轿车
小鹏MONA M03,value,性价比,9,8,0.875,0.0,0.875,小鹏,轿车
小鹏P5,appearance,外观,10,10,0.9,0.0,0.9,小鹏,轿车
小鹏P5,comfort,舒适性,8,6,0.6666666666666666,0.16666666666666666,0.8333333333333334,小鹏,轿车
小鹏P5,configuration,配置,10,4,1.0,0.0,1.0,小鹏,轿车
小鹏P5,control,操控,7,2,0.0,0.5,0.5,小鹏,轿车
小鹏P5,fuel_consumption,能耗/油耗,10,10,0.4,0.2,0.6,小鹏,轿车
小鹏P5,intelligence,智能化,10,10,1.0,0.0,1.0,小鹏,轿车
小鹏P5,interior,内饰,10,10,1.0,0.0,1.0,小鹏,轿车
小鹏P5,power,动力,8,8,1.0,0.0,1.0,小鹏,轿车
小鹏P5,space,空间,10,10,1.0,0.0,1.0,小鹏,轿车
小鹏P5,value,性价比,10,10,0.7,0.1,0.8,小鹏,轿车
小鹏P7,appearance,外观,10,9,0.8888888888888888,0.0,0.8888888888888888,小鹏,轿车
小鹏P7,comfort,舒适性,10,7,0.7142857142857143,0.14285714285714285,0.8571428571428571,小鹏,轿车
小鹏P7,configuration,配置,8,2,1.0,0.0,1.0,小鹏,轿车
小鹏P7,control,操控,10,8,0.75,0.125,0.875,小鹏,轿车
小鹏P7,fuel_consumption,能耗/油耗,9,9,0.7777777777777778,0.1111111111111111,0.8888888888888888,小鹏,轿车
小鹏P7,intelligence,智能化,10,10,0.6,0.2,0.8,小鹏,轿车
小鹏P7,interior,内饰,9,9,0.8888888888888888,0.0,0.8888888888888888,小鹏,轿车
小鹏P7,power,动力,7,7,1.0,0.0,1.0,小鹏,轿车
小鹏P7,space,空间,10,10,-0.5,0.7,0.2,小鹏,轿车
小鹏P7,value,性价比,9,8,0.75,0.125,0.875,小鹏,轿车
小鹏P7+,appearance,外观,26,26,0.9615384615384616,0.0,0.9615384615384616,小鹏,轿车
小鹏P7+,comfort,舒适性,22,17,0.7647058823529411,0.058823529411764705,0.8235294117647058,小鹏,轿车
小鹏P7+,configuration,配置,20,9,1.0,0.0,1.0,小鹏,轿车
小鹏P7+,control,操控,25,22,0.13636363636363635,0.36363636363636365,0.5,小鹏,轿车
小鹏P7+,fuel_consumption,能耗/油耗,26,26,0.8461538461538461,0.07692307692307693,0.9230769230769231,小鹏,轿车
小鹏P7+,intelligence,智能化,27,27,0.8888888888888888,0.037037037037037035,0.9259259259259259,小鹏,轿车
小鹏P7+,interior,内饰,23,22,0.9545454545454546,0.0,0.9545454545454546,小鹏,轿车
小鹏P7+,power,动力,15,14,0.7142857142857143,0.07142857142857142,0.7857142857142857,小鹏,轿车
小鹏P7+,space,空间,27,27,0.8888888888888888,0.037037037037037035,0.9259259259259259,小鹏,轿车
小鹏P7+,value,性价比,26,26,0.8076923076923077,0.07692307692307693,0.8846153846153846,小鹏,轿车
小鹏X9,appearance,外观,25,23,1.0,0.0,1.0,小鹏,MPV
小鹏X9,comfort,舒适性,23,18,0.7777777777777778,0.1111111111111111,0.8888888888888888,小鹏,MPV
小鹏X9,configuration,配置,22,13,0.8461538461538461,0.07692307692307693,0.9230769230769231,小鹏,MPV
小鹏X9,control,操控,22,18,0.8888888888888888,0.05555555555555555,0.9444444444444444,小鹏,MPV
小鹏X9,fuel_consumption,能耗/油耗,24,22,0.8181818181818182,0.045454545454545456,0.8636363636363636,小鹏,MPV
小鹏X9,intelligence,智能化,24,24,0.9583333333333334,0.0,0.9583333333333334,小鹏,MPV
小鹏X9,interior,内饰,23,23,0.5652173913043478,0.17391304347826086,0.7391304347826086,小鹏,MPV
小鹏X9,power,动力,16,16,0.875,0.0625,0.9375,小鹏,MPV
小鹏X9,space,空间,26,26,0.8461538461538461,0.07692307692307693,0.9230769230769231,小鹏,MPV
小鹏X9,value,性价比,23,23,0.8260869565217391,0.043478260869565216,0.8695652173913043,小鹏,MPV
岚图梦想家,appearance,外观,10,10,1.0,0.0,1.0,岚图汽车,MPV
岚图梦想家,comfort,舒适性,9,9,1.0,0.0,1.0,岚图汽车,MPV
岚图梦想家,configuration,配置,9,4,1.0,0.0,1.0,岚图汽车,MPV
岚图梦想家,control,操控,10,9,0.8888888888888888,0.0,0.8888888888888888,岚图汽车,MPV
岚图梦想家,fuel_consumption,能耗/油耗,9,9,0.5555555555555556,0.2222222222222222,0.7777777777777778,岚图汽车,MPV
岚图梦想家,intelligence,智能化,9,9,0.5555555555555556,0.2222222222222222,0.7777777777777778,岚图汽车,MPV
岚图梦想家,interior,内饰,10,10,0.9,0.0,0.9,岚图汽车,MPV
岚图梦想家,power,动力,9,9,1.0,0.0,1.0,岚图汽车,MPV
岚图梦想家,space,空间,10,8,0.75,0.125,0.875,岚图汽车,MPV
岚图梦想家,value,性价比,7,7,1.0,0.0,1.0,岚图汽车,MPV
岚图追光L,appearance,外观,18,17,1.0,0.0,1.0,岚图汽车,轿车
岚图追光L,comfort,舒适性,18,12,1.0,0.0,1.0,岚图汽车,轿车
岚图追光L,configuration,配置,16,12,1.0,0.0,1.0,岚图汽车,轿车
岚图追光L,control,操控,17,15,1.0,0.0,1.0,岚图汽车,轿车
岚图追光L,fuel_consumption,能耗/油耗,16,16,1.0,0.0,1.0,岚图汽车,轿车
岚图追光L,intelligence,智能化,18,18,0.9444444444444444,0.0,0.9444444444444444,岚图汽车,轿车
岚图追光L,interior,内饰,18,17,0.8823529411764706,0.058823529411764705,0.9411764705882353,岚图汽车,轿车
岚图追光L,power,动力,17,15,1.0,0.0,1.0,岚图汽车,轿车
岚图追光L,space,空间,18,18,0.5,0.2222222222222222,0.7222222222222222,岚图汽车,轿车
岚图追光L,value,性价比,17,15,1.0,0.0,1.0,岚图汽车,轿车
帕萨特,appearance,外观,119,114,0.7894736842105263,0.07894736842105263,0.868421052631579,大众,轿车
帕萨特,comfort,舒适性,113,110,0.06363636363636363,0.4090909090909091,0.4727272727272727,大众,轿车
帕萨特,configuration,配置,107,102,0.5098039215686274,0.20588235294117646,0.7156862745098039,大众,轿车
帕萨特,control,操控,101,100,0.43,0.25,0.68,大众,轿车
帕萨特,fuel_consumption,能耗/油耗,132,131,0.2748091603053435,0.33587786259541985,0.6106870229007634,大众,轿车
帕萨特,intelligence,智能化,65,61,-0.29508196721311475,0.5573770491803278,0.26229508196721313,大众,轿车
帕萨特,interior,内饰,109,103,0.06796116504854369,0.3786407766990291,0.44660194174757284,大众,轿车
帕萨特,power,动力,129,128,0.875,0.0390625,0.9140625,大众,轿车
帕萨特,space,空间,134,126,0.9285714285714286,0.015873015873015872,0.9444444444444444,大众,轿车
帕萨特,value,性价比,113,111,0.5765765765765766,0.13513513513513514,0.7117117117117117,大众,轿车
广汽本田P7,appearance,外观,12,12,0.9166666666666666,0.0,0.9166666666666666,本田,SUV
广汽本田P7,comfort,舒适性,12,12,0.3333333333333333,0.3333333333333333,0.6666666666666666,本田,SUV
广汽本田P7,configuration,配置,6,6,0.3333333333333333,0.3333333333333333,0.6666666666666666,本田,SUV
广汽本田P7,control,操控,13,13,0.7692307692307693,0.07692307692307693,0.8461538461538461,本田,SUV
广汽本田P7,fuel_consumption,能耗/油耗,14,14,-0.21428571428571427,0.35714285714285715,0.14285714285714285,本田,SUV
广汽本田P7,intelligence,智能化,16,16,-0.875,0.9375,0.0625,本田,SUV
广汽本田P7,interior,内饰,8,8,0.375,0.25,0.625,本田,SUV
广汽本田P7,power,动力,10,10,0.8,0.0,0.8,本田,SUV
广汽本田P7,space,空间,12,12,0.9166666666666666,0.0,0.9166666666666666,本田,SUV
广汽本田P7,value,性价比,6,6,0.16666666666666666,0.3333333333333333,0.5,本田,SUV
库斯途,appearance,外观,45,43,0.5813953488372093,0.11627906976744186,0.6976744186046512,现代,MPV
库斯途,comfort,舒适性,43,42,0.47619047619047616,0.19047619047619047,0.6666666666666666,现代,MPV
库斯途,configuration,配置,45,45,0.7555555555555555,0.1111111111111111,0.8666666666666667,现代,MPV
库斯途,control,操控,35,34,0.4117647058823529,0.20588235294117646,0.6176470588235294,现代,MPV
库斯途,fuel_consumption,能耗/油耗,53,51,0.17647058823529413,0.37254901960784315,0.5490196078431373,现代,MPV
库斯途,intelligence,智能化,33,33,-0.45454545454545453,0.6666666666666666,0.21212121212121213,现代,MPV
库斯途,interior,内饰,37,37,-0.24324324324324326,0.5675675675675675,0.32432432432432434,现代,MPV
库斯途,power,动力,64,64,0.75,0.09375,0.84375,现代,MPV
库斯途,space,空间,69,68,0.7352941176470589,0.10294117647058823,0.8382352941176471,现代,MPV
库斯途,value,性价比,63,62,0.7741935483870968,0.06451612903225806,0.8387096774193549,现代,MPV
影豹,appearance,外观,64,61,0.9508196721311475,0.01639344262295082,0.9672131147540983,广汽传祺,轿车
影豹,comfort,舒适性,59,56,-0.35714285714285715,0.5892857142857143,0.23214285714285715,广汽传祺,轿车
影豹,configuration,配置,42,38,0.3684210526315789,0.2894736842105263,0.6578947368421053,广汽传祺,轿车
影豹,control,操控,55,54,0.5370370370370371,0.14814814814814814,0.6851851851851852,广汽传祺,轿车
影豹,fuel_consumption,能耗/油耗,60,60,0.08333333333333333,0.4,0.48333333333333334,广汽传祺,轿车
影豹,intelligence,智能化,26,25,0.16,0.32,0.48,广汽传祺,轿车
影豹,interior,内饰,38,37,0.4864864864864865,0.1891891891891892,0.6756756756756757,广汽传祺,轿车
影豹,power,动力,83,83,0.7831325301204819,0.07228915662650602,0.8554216867469879,广汽传祺,轿车
影豹,space,空间,55,52,0.6730769230769231,0.1346153846153846,0.8076923076923077,广汽传祺,轿车
影豹,value,性价比,63,60,0.7333333333333333,0.06666666666666667,0.8,广汽传祺,轿车
微蓝6,appearance,外观,42,42,0.6666666666666666,0.07142857142857142,0.7380952380952381,别克,轿车
微蓝6,comfort,舒适性,51,51,0.0784313725490196,0.3333333333333333,0.4117647058823529,别克,轿车
微蓝6,configuration,配置,50,50,-0.34,0.58,0.24,别克,轿车
微蓝6,control,操控,47,46,0.6304347826086957,0.13043478260869565,0.7608695652173914,别克,轿车
微蓝6,fuel_consumption,能耗/油耗,80,80,0.075,0.225,0.3,别克,轿车
微蓝6,intelligence,智能化,58,58,-0.8103448275862069,0.8793103448275862,0.06896551724137931,别克,轿车
微蓝6,interior,内饰,36,36,0.027777777777777776,0.3333333333333333,0.3611111111111111,别克,轿车
微蓝6,power,动力,41,40,0.8,0.05,0.85,别克,轿车
微蓝6,space,空间,61,61,0.5901639344262295,0.13114754098360656,0.7213114754098361,别克,轿车
微蓝6,value,性价比,57,57,0.631578947368421,0.08771929824561403,0.7192982456140351,别克,轿车
思域,appearance,外观,82,80,0.8625,0.05,0.9125,本田,轿车
思域,comfort,舒适性,89,87,-0.1839080459770115,0.5287356321839081,0.3448275862068966,本田,轿车
思域,configuration,配置,85,76,0.039473684210526314,0.47368421052631576,0.5131578947368421,本田,轿车
思域,control,操控,76,75,0.72,0.06666666666666667,0.7866666666666666,本田,轿车
思域,fuel_consumption,能耗/油耗,83,80,0.6,0.1625,0.7625,本田,轿车
思域,intelligence,智能化,47,45,0.08888888888888889,0.4222222222222222,0.5111111111111111,本田,轿车
思域,interior,内饰,68,65,-0.015384615384615385,0.4461538461538462,0.4307692307692308,本田,轿车
思域,power,动力,97,96,0.875,0.041666666666666664,0.9166666666666666,本田,轿车
思域,space,空间,81,76,0.631578947368421,0.10526315789473684,0.7368421052631579,本田,轿车
思域,value,性价比,91,81,0.25925925925925924,0.25925925925925924,0.5185185185185185,本田,轿车
悦意03,appearance,外观,18,18,0.7222222222222222,0.05555555555555555,0.7777777777777778,奔腾,SUV
悦意03,comfort,舒适性,26,26,-0.34615384615384615,0.5384615384615384,0.19230769230769232,奔腾,SUV
悦意03,configuration,配置,20,19,-0.15789473684210525,0.47368421052631576,0.3157894736842105,奔腾,SUV
悦意03,control,操控,14,14,-0.21428571428571427,0.42857142857142855,0.21428571428571427,奔腾,SUV
悦意03,fuel_consumption,能耗/油耗,43,43,-0.09302325581395349,0.3488372093023256,0.2558139534883721,奔腾,SUV
悦意03,intelligence,智能化,21,20,-0.6,0.8,0.2,奔腾,SUV
悦意03,interior,内饰,16,16,0.125,0.25,0.375,奔腾,SUV
悦意03,power,动力,15,15,0.7333333333333333,0.06666666666666667,0.8,奔腾,SUV
悦意03,space,空间,31,31,0.8709677419354839,0.0,0.8709677419354839,奔腾,SUV
悦意03,value,性价比,33,33,0.5454545454545454,0.18181818181818182,0.7272727272727273,奔腾,SUV
悦意07,appearance,外观,3,3,0.6666666666666666,0.0,0.6666666666666666,奔腾,SUV
悦意07,comfort,舒适性,3,3,0.0,0.3333333333333333,0.3333333333333333,奔腾,SUV
悦意07,configuration,配置,4,4,0.0,0.25,0.25,奔腾,SUV
悦意07,control,操控,5,5,0.8,0.0,0.8,奔腾,SUV
悦意07,fuel_consumption,能耗/油耗,8,8,0.25,0.125,0.375,奔腾,SUV
悦意07,intelligence,智能化,7,7,-0.42857142857142855,0.7142857142857143,0.2857142857142857,奔腾,SUV
悦意07,interior,内饰,3,3,0.3333333333333333,0.3333333333333333,0.6666666666666666,奔腾,SUV
悦意07,power,动力,5,5,1.0,0.0,1.0,奔腾,SUV
悦意07,space,空间,6,6,0.8333333333333334,0.0,0.8333333333333334,奔腾,SUV
悦意07,value,性价比,6,6,1.0,0.0,1.0,奔腾,SUV
护卫舰07,appearance,外观,10,10,1.0,0.0,1.0,比亚迪,SUV
护卫舰07,comfort,舒适性,9,7,1.0,0.0,1.0,比亚迪,SUV
护卫舰07,configuration,配置,10,7,1.0,0.0,1.0,比亚迪,SUV
护卫舰07,control,操控,10,7,0.8571428571428571,0.0,0.8571428571428571,比亚迪,SUV
护卫舰07,fuel_consumption,能耗/油耗,10,10,0.6,0.2,0.8,比亚迪,SUV
护卫舰07,intelligence,智能化,10,10,0.8,0.1,0.9,比亚迪,SUV
护卫舰07,interior,内饰,10,10,1.0,0.0,1.0,比亚迪,SUV
护卫舰07,power,动力,8,8,0.75,0.125,0.875,比亚迪,SUV
护卫舰07,space,空间,10,10,1.0,0.0,1.0,比亚迪,SUV
护卫舰07,value,性价比,10,10,1.0,0.0,1.0,比亚迪,SUV
捷豹XEL,appearance,外观,10,10,1.0,0.0,1.0,捷豹,轿车
捷豹XEL,comfort,舒适性,10,3,0.3333333333333333,0.3333333333333333,0.6666666666666666,捷豹,轿车
捷豹XEL,configuration,配置,9,9,0.7777777777777778,0.0,0.7777777777777778,捷豹,轿车
捷豹XEL,control,操控,9,9,1.0,0.0,1.0,捷豹,轿车
捷豹XEL,fuel_consumption,能耗/油耗,10,10,-0.1,0.4,0.3,捷豹,轿车
捷豹XEL,intelligence,智能化,8,6,-0.3333333333333333,0.6666666666666666,0.3333333333333333,捷豹,轿车
捷豹XEL,interior,内饰,10,10,0.8,0.1,0.9,捷豹,轿车
捷豹XEL,power,动力,9,9,0.8888888888888888,0.0,0.8888888888888888,捷豹,轿车
捷豹XEL,space,空间,10,9,0.1111111111111111,0.3333333333333333,0.4444444444444444,捷豹,轿车
捷豹XEL,value,性价比,9,9,1.0,0.0,1.0,捷豹,轿车
捷豹XFL,appearance,外观,75,72,0.9861111111111112,0.0,0.9861111111111112,捷豹,轿车
捷豹XFL,comfort,舒适性,63,61,0.22950819672131148,0.32786885245901637,0.5573770491803278,捷豹,轿车
捷豹XFL,configuration,配置,34,28,0.35714285714285715,0.25,0.6071428571428571,捷豹,轿车
捷豹XFL,control,操控,52,52,0.6730769230769231,0.1346153846153846,0.8076923076923077,捷豹,轿车
捷豹XFL,fuel_consumption,能耗/油耗,58,57,-0.05263157894736842,0.49122807017543857,0.43859649122807015,捷豹,轿车
捷豹XFL,intelligence,智能化,17,17,-0.7058823529411765,0.8235294117647058,0.11764705882352941,捷豹,轿车
捷豹XFL,interior,内饰,65,59,0.847457627118644,0.03389830508474576,0.8813559322033898,捷豹,轿车
捷豹XFL,power,动力,58,58,0.6551724137931034,0.08620689655172414,0.7413793103448276,捷豹,轿车
捷豹XFL,space,空间,64,63,0.6349206349206349,0.15873015873015872,0.7936507936507936,捷豹,轿车
捷豹XFL,value,性价比,65,62,0.532258064516129,0.0967741935483871,0.6290322580645161,捷豹,轿车
捷达VA3,appearance,外观,41,38,0.5,0.13157894736842105,0.631578947368421,捷达,轿车
捷达VA3,comfort,舒适性,50,45,-0.5333333333333333,0.6666666666666666,0.13333333333333333,捷达,轿车
捷达VA3,configuration,配置,55,44,-0.09090909090909091,0.4772727272727273,0.38636363636363635,捷达,轿车
捷达VA3,control,操控,46,40,0.4,0.225,0.625,捷达,轿车
捷达VA3,fuel_consumption,能耗/油耗,46,45,0.7777777777777778,0.08888888888888889,0.8666666666666667,捷达,轿车
捷达VA3,intelligence,智能化,5,4,0.0,0.25,0.25,捷达,轿车
捷达VA3,interior,内饰,46,41,-0.3902439024390244,0.5365853658536586,0.14634146341463414,捷达,轿车
捷达VA3,power,动力,67,63,-0.3333333333333333,0.5555555555555556,0.2222222222222222,捷达,轿车
捷达VA3,space,空间,49,45,0.4222222222222222,0.15555555555555556,0.5777777777777777,捷达,轿车
捷达VA3,value,性价比,51,50,0.48,0.16,0.64,捷达,轿车
捷达VA7,appearance,外观,16,16,0.8125,0.0,0.8125,捷达,轿车
捷达VA7,comfort,舒适性,15,15,0.5333333333333333,0.2,0.7333333333333333,捷达,轿车
捷达VA7,configuration,配置,14,14,0.21428571428571427,0.35714285714285715,0.5714285714285714,捷达,轿车
捷达VA7,control,操控,13,13,0.7692307692307693,0.07692307692307693,0.8461538461538461,捷达,轿车
捷达VA7,fuel_consumption,能耗/油耗,14,14,0.8571428571428571,0.07142857142857142,0.9285714285714286,捷达,轿车
捷达VA7,intelligence,智能化,10,10,-0.6,0.7,0.1,捷达,轿车
捷达VA7,interior,内饰,12,12,0.8333333333333334,0.0,0.8333333333333334,捷达,轿车
捷达VA7,power,动力,14,14,0.8571428571428571,0.07142857142857142,0.9285714285714286,捷达,轿车
捷达VA7,space,空间,16,16,0.9375,0.0,0.9375,捷达,轿车
捷达VA7,value,性价比,17,17,0.5882352941176471,0.11764705882352941,0.7058823529411765,捷达,轿车
探岳,appearance,外观,140,134,0.9104477611940298,0.007462686567164179,0.917910447761194,大众,SUV
探岳,comfort,舒适性,135,124,-0.1774193548387097,0.5,0.3225806451612903,大众,SUV
探岳,configuration,配置,128,121,0.4214876033057851,0.256198347107438,0.6776859504132231,大众,SUV
探岳,control,操控,97,95,0.5578947368421052,0.1368421052631579,0.6947368421052632,大众,SUV
探岳,fuel_consumption,能耗/油耗,149,146,0.2054794520547945,0.3424657534246575,0.547945205479452,大众,SUV
探岳,intelligence,智能化,73,68,-0.27941176470588236,0.5294117647058824,0.25,大众,SUV
探岳,interior,内饰,129,121,0.04132231404958678,0.38016528925619836,0.4214876033057851,大众,SUV
探岳,power,动力,160,158,0.7848101265822784,0.06962025316455696,0.8544303797468354,大众,SUV
探岳,space,空间,168,167,0.844311377245509,0.059880239520958084,0.9041916167664671,大众,SUV
探岳,value,性价比,147,141,0.5106382978723404,0.10638297872340426,0.6170212765957447,大众,SUV
探岳X,appearance,外观,165,161,0.937888198757764,0.024844720496894408,0.9627329192546584,大众,SUV
探岳X,comfort,舒适性,119,93,0.010752688172043012,0.44086021505376344,0.45161290322580644,大众,SUV
探岳X,configuration,配置,100,80,0.625,0.1625,0.7875,大众,SUV
探岳X,control,操控,101,95,0.42105263157894735,0.2,0.6210526315789474,大众,SUV
探岳X,fuel_consumption,能耗/油耗,89,82,-0.08536585365853659,0.47560975609756095,0.3902439024390244,大众,SUV
探岳X,intelligence,智能化,56,54,-0.1111111111111111,0.5,0.3888888888888889,大众,SUV
探岳X,interior,内饰,107,98,0.09183673469387756,0.3673469387755102,0.45918367346938777,大众,SUV
探岳X,power,动力,158,155,0.7677419354838709,0.05806451612903226,0.8258064516129032,大众,SUV
探岳X,space,空间,131,120,0.5833333333333334,0.15,0.7333333333333333,大众,SUV
探岳X,value,性价比,81,72,0.09722222222222222,0.2638888888888889,0.3611111111111111,大众,SUV
探界者,appearance,外观,69,66,0.9090909090909091,0.015151515151515152,0.9242424242424242,雪佛兰,SUV
探界者,comfort,舒适性,70,67,-0.014925373134328358,0.417910447761194,0.40298507462686567,雪佛兰,SUV
探界者,configuration,配置,64,58,0.3448275862068966,0.2413793103448276,0.5862068965517241,雪佛兰,SUV
探界者,control,操控,60,58,0.5,0.22413793103448276,0.7241379310344828,雪佛兰,SUV
探界者,fuel_consumption,能耗/油耗,84,81,0.37037037037037035,0.2716049382716049,0.6419753086419753,雪佛兰,SUV
探界者,intelligence,智能化,46,39,-0.4358974358974359,0.6153846153846154,0.1794871794871795,雪佛兰,SUV
探界者,interior,内饰,78,75,-0.08,0.44,0.36,雪佛兰,SUV
探界者,power,动力,91,90,0.6777777777777778,0.14444444444444443,0.8222222222222222,雪佛兰,SUV
探界者,space,空间,81,78,0.8846153846153846,0.038461538461538464,0.9230769230769231,雪佛兰,SUV
探界者,value,性价比,78,78,0.7051282051282052,0.05128205128205128,0.7564102564102564,雪佛兰,SUV
探险者,appearance,外观,60,58,0.8448275862068966,0.034482758620689655,0.8793103448275862,福特,SUV
探险者,comfort,舒适性,64,57,0.38596491228070173,0.2631578947368421,0.6491228070175439,福特,SUV
探险者,configuration,配置,50,49,0.5306122448979592,0.1836734693877551,0.7142857142857143,福特,SUV
探险者,control,操控,64,63,0.8095238095238095,0.07936507936507936,0.8888888888888888,福特,SUV
探险者,fuel_consumption,能耗/油耗,74,71,0.15492957746478872,0.3380281690140845,0.49295774647887325,福特,SUV
探险者,intelligence,智能化,42,40,0.125,0.375,0.5,福特,SUV
探险者,interior,内饰,53,48,0.041666666666666664,0.3333333333333333,0.375,福特,SUV
探险者,power,动力,82,79,0.7721518987341772,0.08860759493670886,0.8607594936708861,福特,SUV
探险者,space,空间,73,71,0.7887323943661971,0.056338028169014086,0.8450704225352113,福特,SUV
探险者,value,性价比,61,55,0.6727272727272727,0.05454545454545454,0.7272727272727273,福特,SUV
揽境,appearance,外观,100,96,0.71875,0.08333333333333333,0.8020833333333334,大众,SUV
揽境,comfort,舒适性,121,115,0.4260869565217391,0.24347826086956523,0.6695652173913044,大众,SUV
揽境,configuration,配置,121,111,0.42342342342342343,0.24324324324324326,0.6666666666666666,大众,SUV
揽境,control,操控,104,99,0.4444444444444444,0.1919191919191919,0.6363636363636364,大众,SUV
揽境,fuel_consumption,能耗/油耗,133,126,-0.18253968253968253,0.5396825396825397,0.35714285714285715,大众,SUV
揽境,intelligence,智能化,92,90,-0.1,0.5222222222222223,0.4222222222222222,大众,SUV
揽境,interior,内饰,103,91,0.5164835164835165,0.21978021978021978,0.7362637362637363,大众,SUV
揽境,power,动力,136,132,0.5984848484848485,0.15151515151515152,0.75,大众,SUV
揽境,space,空间,160,157,0.9808917197452229,0.006369426751592357,0.9872611464968153,大众,SUV
揽境,value,性价比,102,97,0.31958762886597936,0.16494845360824742,0.4845360824742268,大众,SUV
揽巡,appearance,外观,109,109,0.9541284403669725,0.009174311926605505,0.963302752293578,大众,SUV
揽巡,comfort,舒适性,82,81,-0.14814814814814814,0.49382716049382713,0.345679012345679,大众,SUV
揽巡,configuration,配置,91,90,0.06666666666666667,0.4222222222222222,0.4888888888888889,大众,SUV
揽巡,control,操控,78,77,0.6233766233766234,0.11688311688311688,0.7402597402597403,大众,SUV
揽巡,fuel_consumption,能耗/油耗,104,103,-0.27184466019417475,0.6116504854368932,0.33980582524271846,大众,SUV
揽巡,intelligence,智能化,67,67,-0.5223880597014925,0.7313432835820896,0.208955223880597,大众,SUV
揽巡,interior,内饰,79,77,0.18181818181818182,0.33766233766233766,0.5194805194805194,大众,SUV
揽巡,power,动力,112,112,0.5714285714285714,0.16964285714285715,0.7410714285714286,大众,SUV
揽巡,space,空间,145,145,0.9448275862068966,0.013793103448275862,0.9586206896551724,大众,SUV
揽巡,value,性价比,65,64,0.203125,0.171875,0.375,大众,SUV
日产N6,appearance,外观,40,40,0.9,0.025,0.925,日产,轿车
日产N6,comfort,舒适性,54,54,0.5555555555555556,0.2037037037037037,0.7592592592592593,日产,轿车
日产N6,configuration,配置,27,27,-0.07407407407407407,0.48148148148148145,0.4074074074074074,日产,轿车
日产N6,control,操控,19,18,0.0,0.3888888888888889,0.3888888888888889,日产,轿车
日产N6,fuel_consumption,能耗/油耗,49,49,0.42857142857142855,0.16326530612244897,0.5918367346938775,日产,轿车
日产N6,intelligence,智能化,42,41,-0.4878048780487805,0.7317073170731707,0.24390243902439024,日产,轿车
日产N6,interior,内饰,36,36,0.7222222222222222,0.027777777777777776,0.75,日产,轿车
日产N6,power,动力,23,23,0.21739130434782608,0.2608695652173913,0.4782608695652174,日产,轿车
日产N6,space,空间,38,37,0.7297297297297297,0.08108108108108109,0.8108108108108109,日产,轿车
日产N6,value,性价比,37,37,0.5945945945945946,0.13513513513513514,0.7297297297297297,日产,轿车
日产N7,appearance,外观,69,69,0.8115942028985508,0.028985507246376812,0.8405797101449275,日产,轿车
日产N7,comfort,舒适性,89,89,0.8314606741573034,0.07865168539325842,0.9101123595505618,日产,轿车
日产N7,configuration,配置,76,76,0.5921052631578947,0.14473684210526316,0.7368421052631579,日产,轿车
日产N7,control,操控,54,54,0.3148148148148148,0.2222222222222222,0.5370370370370371,日产,轿车
日产N7,fuel_consumption,能耗/油耗,82,82,0.2804878048780488,0.2804878048780488,0.5609756097560976,日产,轿车
日产N7,intelligence,智能化,87,87,-0.1839080459770115,0.5862068965517241,0.40229885057471265,日产,轿车
日产N7,interior,内饰,60,60,0.5833333333333334,0.06666666666666667,0.65,日产,轿车
日产N7,power,动力,37,37,0.7837837837837838,0.05405405405405406,0.8378378378378378,日产,轿车
日产N7,space,空间,80,80,0.7625,0.0875,0.85,日产,轿车
日产N7,value,性价比,68,68,0.8529411764705882,0.0,0.8529411764705882,日产,轿车
日产NX8,appearance,外观,13,11,0.7272727272727273,0.09090909090909091,0.8181818181818182,日产,SUV
日产NX8,comfort,舒适性,26,24,0.7083333333333334,0.125,0.8333333333333334,日产,SUV
日产NX8,configuration,配置,21,13,0.46153846153846156,0.23076923076923078,0.6923076923076923,日产,SUV
日产NX8,control,操控,13,11,0.8181818181818182,0.09090909090909091,0.9090909090909091,日产,SUV
日产NX8,fuel_consumption,能耗/油耗,19,16,0.5625,0.125,0.6875,日产,SUV
日产NX8,intelligence,智能化,27,26,0.38461538461538464,0.2692307692307692,0.6538461538461539,日产,SUV
日产NX8,interior,内饰,16,11,0.09090909090909091,0.2727272727272727,0.36363636363636365,日产,SUV
日产NX8,power,动力,12,10,0.6,0.2,0.8,日产,SUV
日产NX8,space,空间,27,24,0.875,0.041666666666666664,0.9166666666666666,日产,SUV
日产NX8,value,性价比,13,12,0.6666666666666666,0.08333333333333333,0.75,日产,SUV
昂科威,appearance,外观,75,71,0.9154929577464789,0.014084507042253521,0.9295774647887324,别克,SUV
昂科威,comfort,舒适性,89,87,0.7011494252873564,0.12643678160919541,0.8275862068965517,别克,SUV
昂科威,configuration,配置,78,67,0.582089552238806,0.1791044776119403,0.7611940298507462,别克,SUV
昂科威,control,操控,78,75,0.4666666666666667,0.18666666666666668,0.6533333333333333,别克,SUV
昂科威,fuel_consumption,能耗/油耗,81,76,0.35526315789473684,0.2631578947368421,0.618421052631579,别克,SUV
昂科威,intelligence,智能化,41,39,-0.05128205128205128,0.4358974358974359,0.38461538461538464,别克,SUV
昂科威,interior,内饰,80,76,0.631578947368421,0.09210526315789473,0.7236842105263158,别克,SUV
昂科威,power,动力,95,95,0.5578947368421052,0.18947368421052632,0.7473684210526316,别克,SUV
昂科威,space,空间,94,88,0.5681818181818182,0.18181818181818182,0.75,别克,SUV
昂科威,value,性价比,82,81,0.6790123456790124,0.08641975308641975,0.7654320987654321,别克,SUV
昊铂GT,appearance,外观,9,9,1.0,0.0,1.0,昊铂,轿车
昊铂GT,comfort,舒适性,9,6,0.3333333333333333,0.3333333333333333,0.6666666666666666,昊铂,轿车
昊铂GT,configuration,配置,10,6,1.0,0.0,1.0,昊铂,轿车
昊铂GT,control,操控,10,7,1.0,0.0,1.0,昊铂,轿车
昊铂GT,fuel_consumption,能耗/油耗,10,10,0.8,0.1,0.9,昊铂,轿车
昊铂GT,intelligence,智能化,10,10,1.0,0.0,1.0,昊铂,轿车
昊铂GT,interior,内饰,9,9,1.0,0.0,1.0,昊铂,轿车
昊铂GT,power,动力,5,5,1.0,0.0,1.0,昊铂,轿车
昊铂GT,space,空间,10,9,0.6666666666666666,0.1111111111111111,0.7777777777777778,昊铂,轿车
昊铂GT,value,性价比,10,10,1.0,0.0,1.0,昊铂,轿车
星海S7,appearance,外观,22,22,1.0,0.0,1.0,东风风行,轿车
星海S7,comfort,舒适性,16,15,-0.3333333333333333,0.6,0.26666666666666666,东风风行,轿车
星海S7,configuration,配置,11,11,0.09090909090909091,0.36363636363636365,0.45454545454545453,东风风行,轿车
星海S7,control,操控,12,12,0.16666666666666666,0.3333333333333333,0.5,东风风行,轿车
星海S7,fuel_consumption,能耗/油耗,26,26,-0.23076923076923078,0.4230769230769231,0.19230769230769232,东风风行,轿车
星海S7,intelligence,智能化,16,16,-0.4375,0.625,0.1875,东风风行,轿车
星海S7,interior,内饰,12,12,0.6666666666666666,0.08333333333333333,0.75,东风风行,轿车
星海S7,power,动力,8,8,1.0,0.0,1.0,东风风行,轿车
星海S7,space,空间,18,18,0.2222222222222222,0.3888888888888889,0.6111111111111112,东风风行,轿车
星海S7,value,性价比,9,9,0.5555555555555556,0.1111111111111111,0.6666666666666666,东风风行,轿车
星海V9,appearance,外观,17,17,0.8235294117647058,0.058823529411764705,0.8823529411764706,东风风行,MPV
星海V9,comfort,舒适性,16,16,0.4375,0.1875,0.625,东风风行,MPV
星海V9,configuration,配置,13,13,0.07692307692307693,0.46153846153846156,0.5384615384615384,东风风行,MPV
星海V9,control,操控,10,10,0.0,0.4,0.4,东风风行,MPV
星海V9,fuel_consumption,能耗/油耗,23,23,0.08695652173913043,0.34782608695652173,0.43478260869565216,东风风行,MPV
星海V9,intelligence,智能化,22,22,-0.18181818181818182,0.5909090909090909,0.4090909090909091,东风风行,MPV
星海V9,interior,内饰,17,16,0.0625,0.375,0.4375,东风风行,MPV
星海V9,power,动力,14,14,0.7142857142857143,0.14285714285714285,0.8571428571428571,东风风行,MPV
星海V9,space,空间,24,23,0.9130434782608695,0.0,0.9130434782608695,东风风行,MPV
星海V9,value,性价比,11,11,0.7272727272727273,0.09090909090909091,0.8181818181818182,东风风行,MPV
星瑞,appearance,外观,88,83,0.9397590361445783,0.012048192771084338,0.9518072289156626,吉利汽车,轿车
星瑞,comfort,舒适性,96,81,0.19753086419753085,0.38271604938271603,0.5802469135802469,吉利汽车,轿车
星瑞,configuration,配置,92,86,0.8372093023255814,0.06976744186046512,0.9069767441860465,吉利汽车,轿车
星瑞,control,操控,83,76,0.6447368421052632,0.13157894736842105,0.7763157894736842,吉利汽车,轿车
星瑞,fuel_consumption,能耗/油耗,94,91,0.27472527472527475,0.2967032967032967,0.5714285714285714,吉利汽车,轿车
星瑞,intelligence,智能化,76,75,-0.14666666666666667,0.5333333333333333,0.38666666666666666,吉利汽车,轿车
星瑞,interior,内饰,88,83,0.7831325301204819,0.08433734939759036,0.8674698795180723,吉利汽车,轿车
星瑞,power,动力,98,98,0.9897959183673469,0.0,0.9897959183673469,吉利汽车,轿车
星瑞,space,空间,94,90,0.9,0.03333333333333333,0.9333333333333333,吉利汽车,轿车
星瑞,value,性价比,98,93,0.7526881720430108,0.07526881720430108,0.8279569892473119,吉利汽车,轿车
星越L,appearance,外观,76,76,0.9473684210526315,0.0,0.9473684210526315,吉利汽车,SUV
星越L,comfort,舒适性,78,76,0.09210526315789473,0.39473684210526316,0.4868421052631579,吉利汽车,SUV
星越L,configuration,配置,82,81,0.6172839506172839,0.16049382716049382,0.7777777777777778,吉利汽车,SUV
星越L,control,操控,74,74,0.5405405405405406,0.16216216216216217,0.7027027027027027,吉利汽车,SUV
星越L,fuel_consumption,能耗/油耗,93,91,0.26373626373626374,0.34065934065934067,0.6043956043956044,吉利汽车,SUV
星越L,intelligence,智能化,77,77,-0.06493506493506493,0.4805194805194805,0.4155844155844156,吉利汽车,SUV
星越L,interior,内饰,79,79,0.6329113924050633,0.08860759493670886,0.7215189873417721,吉利汽车,SUV
星越L,power,动力,92,91,0.9010989010989011,0.03296703296703297,0.9340659340659341,吉利汽车,SUV
星越L,space,空间,85,85,0.9294117647058824,0.011764705882352941,0.9411764705882353,吉利汽车,SUV
星越L,value,性价比,92,92,0.75,0.05434782608695652,0.8043478260869565,吉利汽车,SUV
星途ES,appearance,外观,77,77,0.948051948051948,0.0,0.948051948051948,星途,轿车
星途ES,comfort,舒适性,72,72,0.5138888888888888,0.16666666666666666,0.6805555555555556,星途,轿车
星途ES,configuration,配置,57,57,0.40350877192982454,0.22807017543859648,0.631578947368421,星途,轿车
星途ES,control,操控,77,77,0.7922077922077922,0.025974025974025976,0.8181818181818182,星途,轿车
星途ES,fuel_consumption,能耗/油耗,82,82,0.7195121951219512,0.06097560975609756,0.7804878048780488,星途,轿车
星途ES,intelligence,智能化,74,74,0.0945945945945946,0.4189189189189189,0.5135135135135135,星途,轿车
星途ES,interior,内饰,73,73,0.6164383561643836,0.0958904109589041,0.7123287671232876,星途,轿车
星途ES,power,动力,51,51,0.7450980392156863,0.0,0.7450980392156863,星途,轿车
星途ES,space,空间,79,79,0.8860759493670886,0.05063291139240506,0.9367088607594937,星途,轿车
星途ES,value,性价比,68,68,0.7352941176470589,0.058823529411764705,0.7941176470588235,星途,轿车
普拉多,appearance,外观,50,49,0.9591836734693877,0.0,0.9591836734693877,丰田,SUV
普拉多,comfort,舒适性,38,36,0.3333333333333333,0.25,0.5833333333333334,丰田,SUV
普拉多,configuration,配置,39,36,0.5,0.19444444444444445,0.6944444444444444,丰田,SUV
普拉多,control,操控,45,45,0.4,0.2222222222222222,0.6222222222222222,丰田,SUV
普拉多,fuel_consumption,能耗/油耗,56,56,0.17857142857142858,0.4107142857142857,0.5892857142857143,丰田,SUV
普拉多,intelligence,智能化,17,16,0.0,0.4375,0.4375,丰田,SUV
普拉多,interior,内饰,33,33,0.0,0.45454545454545453,0.45454545454545453,丰田,SUV
普拉多,power,动力,67,67,0.47761194029850745,0.19402985074626866,0.6716417910447762,丰田,SUV
普拉多,space,空间,50,50,0.42,0.26,0.68,丰田,SUV
普拉多,value,性价比,25,24,0.2916666666666667,0.25,0.5416666666666666,丰田,SUV
智己L6,appearance,外观,74,74,0.9459459459459459,0.0,0.9459459459459459,智己汽车,轿车
智己L6,comfort,舒适性,58,57,0.7719298245614035,0.10526315789473684,0.8771929824561403,智己汽车,轿车
智己L6,configuration,配置,50,50,0.72,0.08,0.8,智己汽车,轿车
智己L6,control,操控,88,88,0.8636363636363636,0.022727272727272728,0.8863636363636364,智己汽车,轿车
智己L6,fuel_consumption,能耗/油耗,73,72,0.5972222222222222,0.1527777777777778,0.75,智己汽车,轿车
智己L6,intelligence,智能化,68,68,0.45588235294117646,0.25,0.7058823529411765,智己汽车,轿车
智己L6,interior,内饰,54,53,0.3018867924528302,0.20754716981132076,0.5094339622641509,智己汽车,轿车
智己L6,power,动力,31,30,0.7666666666666667,0.03333333333333333,0.8,智己汽车,轿车
智己L6,space,空间,59,58,-0.10344827586206896,0.4482758620689655,0.3448275862068966,智己汽车,轿车
智己L6,value,性价比,54,54,0.48148148148148145,0.07407407407407407,0.5555555555555556,智己汽车,轿车
智己L7,appearance,外观,85,85,0.9411764705882353,0.0,0.9411764705882353,智己汽车,轿车
智己L7,comfort,舒适性,68,68,0.4411764705882353,0.23529411764705882,0.6764705882352942,智己汽车,轿车
智己L7,configuration,配置,72,72,0.7916666666666666,0.06944444444444445,0.8611111111111112,智己汽车,轿车
智己L7,control,操控,91,91,0.8901098901098901,0.04395604395604396,0.9340659340659341,智己汽车,轿车
智己L7,fuel_consumption,能耗/油耗,72,72,0.09722222222222222,0.3055555555555556,0.4027777777777778,智己汽车,轿车
智己L7,intelligence,智能化,70,70,0.42857142857142855,0.2571428571428571,0.6857142857142857,智己汽车,轿车
智己L7,interior,内饰,75,75,0.72,0.09333333333333334,0.8133333333333334,智己汽车,轿车
智己L7,power,动力,63,63,0.9206349206349206,0.015873015873015872,0.9365079365079365,智己汽车,轿车
智己L7,space,空间,64,64,0.03125,0.421875,0.453125,智己汽车,轿车
智己L7,value,性价比,45,45,0.4222222222222222,0.08888888888888889,0.5111111111111111,智己汽车,轿车
智跑,appearance,外观,60,58,0.8620689655172413,0.05172413793103448,0.9137931034482759,起亚,SUV
智跑,comfort,舒适性,63,60,-0.1,0.4666666666666667,0.36666666666666664,起亚,SUV
智跑,configuration,配置,55,53,0.7358490566037735,0.1320754716981132,0.8679245283018868,起亚,SUV
智跑,control,操控,44,42,0.38095238095238093,0.21428571428571427,0.5952380952380952,起亚,SUV
智跑,fuel_consumption,能耗/油耗,65,64,0.328125,0.28125,0.609375,起亚,SUV
智跑,intelligence,智能化,30,29,0.1724137931034483,0.3793103448275862,0.5517241379310345,起亚,SUV
智跑,interior,内饰,43,39,0.23076923076923078,0.3333333333333333,0.5641025641025641,起亚,SUV
智跑,power,动力,76,75,0.25333333333333335,0.32,0.5733333333333334,起亚,SUV
智跑,space,空间,68,65,0.9230769230769231,0.03076923076923077,0.9538461538461539,起亚,SUV
智跑,value,性价比,60,53,0.5471698113207547,0.11320754716981132,0.660377358490566,起亚,SUV
曹操60,appearance,外观,3,3,1.0,0.0,1.0,曹操汽车,轿车
曹操60,comfort,舒适性,2,2,0.0,0.0,0.0,曹操汽车,轿车
曹操60,configuration,配置,3,3,-1.0,1.0,0.0,曹操汽车,轿车
曹操60,control,操控,3,3,0.3333333333333333,0.3333333333333333,0.6666666666666666,曹操汽车,轿车
曹操60,fuel_consumption,能耗/油耗,4,4,-0.25,0.5,0.25,曹操汽车,轿车
曹操60,intelligence,智能化,3,3,-1.0,1.0,0.0,曹操汽车,轿车
曹操60,interior,内饰,5,5,-0.2,0.6,0.4,曹操汽车,轿车
曹操60,power,动力,2,2,-0.5,0.5,0.0,曹操汽车,轿车
曹操60,space,空间,6,6,0.6666666666666666,0.16666666666666666,0.8333333333333334,曹操汽车,轿车
曹操60,value,性价比,1,1,0.0,0.0,0.0,曹操汽车,轿车
朗逸,appearance,外观,133,127,0.8188976377952756,0.06299212598425197,0.8818897637795275,大众,轿车
朗逸,comfort,舒适性,108,94,-0.40425531914893614,0.6595744680851063,0.2553191489361702,大众,轿车
朗逸,configuration,配置,115,98,0.0,0.4489795918367347,0.4489795918367347,大众,轿车
朗逸,control,操控,102,95,0.5473684210526316,0.18947368421052632,0.7368421052631579,大众,轿车
朗逸,fuel_consumption,能耗/油耗,128,127,0.5748031496062992,0.1889763779527559,0.7637795275590551,大众,轿车
朗逸,intelligence,智能化,60,58,-0.41379310344827586,0.6206896551724138,0.20689655172413793,大众,轿车
朗逸,interior,内饰,112,108,-0.2222222222222222,0.5,0.2777777777777778,大众,轿车
朗逸,power,动力,145,143,0.09090909090909091,0.4125874125874126,0.5034965034965035,大众,轿车
朗逸,space,空间,133,128,0.6796875,0.09375,0.7734375,大众,轿车
朗逸,value,性价比,133,128,0.515625,0.1171875,0.6328125,大众,轿车
本田CR-V,appearance,外观,67,64,0.640625,0.109375,0.75,本田,SUV
本田CR-V,comfort,舒适性,80,76,-0.07894736842105263,0.5263157894736842,0.4473684210526316,本田,SUV
本田CR-V,configuration,配置,55,43,0.13953488372093023,0.37209302325581395,0.5116279069767442,本田,SUV
本田CR-V,control,操控,65,55,0.5272727272727272,0.14545454545454545,0.6727272727272727,本田,SUV
本田CR-V,fuel_consumption,能耗/油耗,73,69,0.6376811594202898,0.13043478260869565,0.7681159420289855,本田,SUV
本田CR-V,intelligence,智能化,39,35,-0.4,0.6571428571428571,0.2571428571428571,本田,SUV
本田CR-V,interior,内饰,63,54,0.07407407407407407,0.37037037037037035,0.4444444444444444,本田,SUV
本田CR-V,power,动力,88,82,0.6219512195121951,0.0975609756097561,0.7195121951219512,本田,SUV
本田CR-V,space,空间,85,84,0.9404761904761905,0.023809523809523808,0.9642857142857143,本田,SUV
本田CR-V,value,性价比,74,72,0.3888888888888889,0.20833333333333334,0.5972222222222222,本田,SUV
本田HR-V,appearance,外观,51,51,0.8627450980392157,0.058823529411764705,0.9215686274509803,本田,SUV
本田HR-V,comfort,舒适性,50,49,-0.5306122448979592,0.6938775510204082,0.16326530612244897,本田,SUV
本田HR-V,configuration,配置,47,46,-0.08695652173913043,0.5,0.41304347826086957,本田,SUV
本田HR-V,control,操控,23,23,0.6521739130434783,0.13043478260869565,0.782608695652174,本田,SUV
本田HR-V,fuel_consumption,能耗/油耗,63,63,0.31746031746031744,0.2857142857142857,0.6031746031746031,本田,SUV
本田HR-V,intelligence,智能化,33,32,-0.09375,0.5,0.40625,本田,SUV
本田HR-V,interior,内饰,39,38,-0.05263157894736842,0.4473684210526316,0.39473684210526316,本田,SUV
本田HR-V,power,动力,63,63,0.7777777777777778,0.09523809523809523,0.873015873015873,本田,SUV
本田HR-V,space,空间,46,46,0.6739130434782609,0.10869565217391304,0.782608695652174,本田,SUV
本田HR-V,value,性价比,33,33,0.3939393939393939,0.18181818181818182,0.5757575757575758,本田,SUV
本田UR-V,appearance,外观,73,66,0.8939393939393939,0.030303030303030304,0.9242424242424242,本田,SUV
本田UR-V,comfort,舒适性,88,75,0.4666666666666667,0.24,0.7066666666666667,本田,SUV
本田UR-V,configuration,配置,68,54,-0.1111111111111111,0.5370370370370371,0.42592592592592593,本田,SUV
本田UR-V,control,操控,60,52,0.40384615384615385,0.19230769230769232,0.5961538461538461,本田,SUV
本田UR-V,fuel_consumption,能耗/油耗,68,65,-0.35384615384615387,0.6307692307692307,0.27692307692307694,本田,SUV
本田UR-V,intelligence,智能化,29,25,-0.84,0.92,0.08,本田,SUV
本田UR-V,interior,内饰,72,61,0.6557377049180327,0.09836065573770492,0.7540983606557377,本田,SUV
本田UR-V,power,动力,90,88,0.5,0.20454545454545456,0.7045454545454546,本田,SUV
本田UR-V,space,空间,96,94,0.9361702127659575,0.010638297872340425,0.9468085106382979,本田,SUV
本田UR-V,value,性价比,59,54,0.3148148148148148,0.2037037037037037,0.5185185185185185,本田,SUV
本田XR-V,appearance,外观,80,79,0.8860759493670886,0.012658227848101266,0.8987341772151899,本田,SUV
本田XR-V,comfort,舒适性,90,85,-0.8117647058823529,0.8823529411764706,0.07058823529411765,本田,SUV
本田XR-V,configuration,配置,75,71,-0.6056338028169014,0.7605633802816901,0.15492957746478872,本田,SUV
本田XR-V,control,操控,72,64,0.34375,0.296875,0.640625,本田,SUV
本田XR-V,fuel_consumption,能耗/油耗,83,81,0.9135802469135802,0.037037037037037035,0.9506172839506173,本田,SUV
本田XR-V,intelligence,智能化,40,34,-0.6470588235294118,0.6470588235294118,0.0,本田,SUV
本田XR-V,interior,内饰,78,74,-0.5675675675675675,0.7027027027027027,0.13513513513513514,本田,SUV
本田XR-V,power,动力,90,88,0.5454545454545454,0.18181818181818182,0.7272727272727273,本田,SUV
本田XR-V,space,空间,90,88,0.8636363636363636,0.056818181818181816,0.9204545454545454,本田,SUV
本田XR-V,value,性价比,77,72,0.5416666666666666,0.18055555555555555,0.7222222222222222,本田,SUV
极氪001,appearance,外观,26,25,0.96,0.0,0.96,极氪,轿车
极氪001,comfort,舒适性,22,11,0.5454545454545454,0.18181818181818182,0.7272727272727273,极氪,轿车
极氪001,configuration,配置,20,13,0.9230769230769231,0.0,0.9230769230769231,极氪,轿车
极氪001,control,操控,24,19,0.8421052631578947,0.05263157894736842,0.8947368421052632,极氪,轿车
极氪001,fuel_consumption,能耗/油耗,26,26,0.5769230769230769,0.19230769230769232,0.7692307692307693,极氪,轿车
极氪001,intelligence,智能化,26,26,0.4230769230769231,0.2692307692307692,0.6923076923076923,极氪,轿车
极氪001,interior,内饰,25,24,0.5416666666666666,0.16666666666666666,0.7083333333333334,极氪,轿车
极氪001,power,动力,19,19,1.0,0.0,1.0,极氪,轿车
极氪001,space,空间,24,23,0.9130434782608695,0.043478260869565216,0.9565217391304348,极氪,轿车
极氪001,value,性价比,23,23,0.782608695652174,0.08695652173913043,0.8695652173913043,极氪,轿车
极氪009,appearance,外观,27,26,1.0,0.0,1.0,极氪,MPV
极氪009,comfort,舒适性,27,21,1.0,0.0,1.0,极氪,MPV
极氪009,configuration,配置,24,20,1.0,0.0,1.0,极氪,MPV
极氪009,control,操控,25,24,0.8333333333333334,0.08333333333333333,0.9166666666666666,极氪,MPV
极氪009,fuel_consumption,能耗/油耗,27,27,0.5555555555555556,0.14814814814814814,0.7037037037037037,极氪,MPV
极氪009,intelligence,智能化,27,27,0.4444444444444444,0.2222222222222222,0.6666666666666666,极氪,MPV
极氪009,interior,内饰,27,27,0.7777777777777778,0.1111111111111111,0.8888888888888888,极氪,MPV
极氪009,power,动力,20,20,1.0,0.0,1.0,极氪,MPV
极氪009,space,空间,27,27,0.7037037037037037,0.14814814814814814,0.8518518518518519,极氪,MPV
极氪009,value,性价比,26,26,0.9230769230769231,0.038461538461538464,0.9615384615384616,极氪,MPV
极狐 阿尔法S5,appearance,外观,63,63,0.8888888888888888,0.015873015873015872,0.9047619047619048,ARCFOX极狐,轿车
极狐 阿尔法S5,comfort,舒适性,59,55,0.0,0.4,0.4,ARCFOX极狐,轿车
极狐 阿尔法S5,configuration,配置,42,38,0.21052631578947367,0.2631578947368421,0.47368421052631576,ARCFOX极狐,轿车
极狐 阿尔法S5,control,操控,49,49,0.4489795918367347,0.14285714285714285,0.5918367346938775,ARCFOX极狐,轿车
极狐 阿尔法S5,fuel_consumption,能耗/油耗,72,68,0.36764705882352944,0.14705882352941177,0.5147058823529411,ARCFOX极狐,轿车
极狐 阿尔法S5,intelligence,智能化,58,58,-0.3275862068965517,0.6379310344827587,0.3103448275862069,ARCFOX极狐,轿车
极狐 阿尔法S5,interior,内饰,52,49,0.5510204081632653,0.08163265306122448,0.6326530612244898,ARCFOX极狐,轿车
极狐 阿尔法S5,power,动力,28,28,0.8571428571428571,0.0,0.8571428571428571,ARCFOX极狐,轿车
极狐 阿尔法S5,space,空间,50,48,0.4375,0.25,0.6875,ARCFOX极狐,轿车
极狐 阿尔法S5,value,性价比,63,61,0.639344262295082,0.04918032786885246,0.6885245901639344,ARCFOX极狐,轿车
极狐考拉,appearance,外观,10,9,1.0,0.0,1.0,ARCFOX极狐,MPV
极狐考拉,comfort,舒适性,9,9,0.7777777777777778,0.1111111111111111,0.8888888888888888,ARCFOX极狐,MPV
极狐考拉,configuration,配置,10,2,1.0,0.0,1.0,ARCFOX极狐,MPV
极狐考拉,control,操控,9,8,1.0,0.0,1.0,ARCFOX极狐,MPV
极狐考拉,fuel_consumption,能耗/油耗,10,10,0.7,0.1,0.8,ARCFOX极狐,MPV
极狐考拉,intelligence,智能化,8,8,0.75,0.125,0.875,ARCFOX极狐,MPV
极狐考拉,interior,内饰,10,10,1.0,0.0,1.0,ARCFOX极狐,MPV
极狐考拉,power,动力,9,9,0.6666666666666666,0.1111111111111111,0.7777777777777778,ARCFOX极狐,MPV
极狐考拉,space,空间,10,9,1.0,0.0,1.0,ARCFOX极狐,MPV
极狐考拉,value,性价比,8,7,1.0,0.0,1.0,ARCFOX极狐,MPV
林肯Z,appearance,外观,58,58,0.9655172413793104,0.0,0.9655172413793104,林肯,轿车
林肯Z,comfort,舒适性,46,46,0.5652173913043478,0.15217391304347827,0.717391304347826,林肯,轿车
林肯Z,configuration,配置,39,39,0.23076923076923078,0.358974358974359,0.5897435897435898,林肯,轿车
林肯Z,control,操控,41,41,0.2682926829268293,0.2682926829268293,0.5365853658536586,林肯,轿车
林肯Z,fuel_consumption,能耗/油耗,63,63,-0.12698412698412698,0.5238095238095238,0.3968253968253968,林肯,轿车
林肯Z,intelligence,智能化,25,25,-0.08,0.44,0.36,林肯,轿车
林肯Z,interior,内饰,53,53,0.9245283018867925,0.0,0.9245283018867925,林肯,轿车
林肯Z,power,动力,62,62,0.9354838709677419,0.0,0.9354838709677419,林肯,轿车
林肯Z,space,空间,62,62,0.9193548387096774,0.016129032258064516,0.9354838709677419,林肯,轿车
林肯Z,value,性价比,44,43,0.4883720930232558,0.16279069767441862,0.6511627906976745,林肯,轿车
枫叶60s,appearance,外观,6,6,0.6666666666666666,0.16666666666666666,0.8333333333333334,睿蓝汽车,轿车
枫叶60s,comfort,舒适性,2,2,1.0,0.0,1.0,睿蓝汽车,轿车
枫叶60s,configuration,配置,2,2,-0.5,0.5,0.0,睿蓝汽车,轿车
枫叶60s,control,操控,2,2,0.0,0.0,0.0,睿蓝汽车,轿车
枫叶60s,fuel_consumption,能耗/油耗,6,6,0.0,0.0,0.0,睿蓝汽车,轿车
枫叶60s,intelligence,智能化,2,2,0.0,0.0,0.0,睿蓝汽车,轿车
枫叶60s,interior,内饰,5,5,-0.6,0.8,0.2,睿蓝汽车,轿车
枫叶60s,power,动力,5,5,0.6,0.0,0.6,睿蓝汽车,轿车
枫叶60s,space,空间,3,3,1.0,0.0,1.0,睿蓝汽车,轿车
枫叶60s,value,性价比,2,2,1.0,0.0,1.0,睿蓝汽车,轿车
标致4008,appearance,外观,71,69,0.8695652173913043,0.028985507246376812,0.8985507246376812,标致,SUV
标致4008,comfort,舒适性,54,51,-0.09803921568627451,0.47058823529411764,0.37254901960784315,标致,SUV
标致4008,configuration,配置,57,51,0.27450980392156865,0.3137254901960784,0.5882352941176471,标致,SUV
标致4008,control,操控,74,74,0.8243243243243243,0.06756756756756757,0.8918918918918919,标致,SUV
标致4008,fuel_consumption,能耗/油耗,61,61,0.45901639344262296,0.2459016393442623,0.7049180327868853,标致,SUV
标致4008,intelligence,智能化,35,34,-0.29411764705882354,0.6470588235294118,0.35294117647058826,标致,SUV
标致4008,interior,内饰,54,54,0.7592592592592593,0.1111111111111111,0.8703703703703703,标致,SUV
标致4008,power,动力,76,75,0.8133333333333334,0.05333333333333334,0.8666666666666667,标致,SUV
标致4008,space,空间,72,65,0.5846153846153846,0.18461538461538463,0.7692307692307693,标致,SUV
标致4008,value,性价比,73,71,0.5352112676056338,0.11267605633802817,0.647887323943662,标致,SUV
标致408,appearance,外观,71,69,0.7391304347826086,0.07246376811594203,0.8115942028985508,标致,轿车
标致408,comfort,舒适性,72,71,-0.028169014084507043,0.4647887323943662,0.43661971830985913,标致,轿车
标致408,configuration,配置,66,63,0.6031746031746031,0.14285714285714285,0.746031746031746,标致,轿车
标致408,control,操控,81,80,0.7875,0.0625,0.85,标致,轿车
标致408,fuel_consumption,能耗/油耗,78,78,0.4358974358974359,0.2564102564102564,0.6923076923076923,标致,轿车
标致408,intelligence,智能化,32,32,0.03125,0.40625,0.4375,标致,轿车
标致408,interior,内饰,75,72,0.5694444444444444,0.1527777777777778,0.7222222222222222,标致,轿车
标致408,power,动力,86,86,0.7906976744186046,0.06976744186046512,0.8604651162790697,标致,轿车
标致408,space,空间,86,85,0.7647058823529411,0.07058823529411765,0.8352941176470589,标致,轿车
标致408,value,性价比,89,89,0.8202247191011236,0.0449438202247191,0.8651685393258427,标致,轿车
标致408X,appearance,外观,79,79,0.9367088607594937,0.012658227848101266,0.9493670886075949,标致,轿车
标致408X,comfort,舒适性,51,51,0.29411764705882354,0.29411764705882354,0.5882352941176471,标致,轿车
标致408X,configuration,配置,56,56,0.125,0.39285714285714285,0.5178571428571429,标致,轿车
标致408X,control,操控,75,75,0.7866666666666666,0.04,0.8266666666666667,标致,轿车
标致408X,fuel_consumption,能耗/油耗,53,53,0.2641509433962264,0.33962264150943394,0.6037735849056604,标致,轿车
标致408X,intelligence,智能化,40,40,-0.275,0.6,0.325,标致,轿车
标致408X,interior,内饰,75,75,0.6133333333333333,0.12,0.7333333333333333,标致,轿车
标致408X,power,动力,67,67,0.5373134328358209,0.19402985074626866,0.7313432835820896,标致,轿车
标致408X,space,空间,61,61,0.45901639344262296,0.19672131147540983,0.6557377049180327,标致,轿车
标致408X,value,性价比,54,54,0.5185185185185185,0.1111111111111111,0.6296296296296297,标致,轿车
标致5008,appearance,外观,65,62,0.8870967741935484,0.04838709677419355,0.9354838709677419,标致,SUV
标致5008,comfort,舒适性,72,67,0.19402985074626866,0.34328358208955223,0.5373134328358209,标致,SUV
标致5008,configuration,配置,63,54,0.2777777777777778,0.2962962962962963,0.5740740740740741,标致,SUV
标致5008,control,操控,75,74,0.6891891891891891,0.10810810810810811,0.7972972972972973,标致,SUV
标致5008,fuel_consumption,能耗/油耗,60,57,0.40350877192982454,0.24561403508771928,0.6491228070175439,标致,SUV
标致5008,intelligence,智能化,34,34,-0.4117647058823529,0.6176470588235294,0.20588235294117646,标致,SUV
标致5008,interior,内饰,67,62,0.7096774193548387,0.06451612903225806,0.7741935483870968,标致,SUV
标致5008,power,动力,68,67,0.6716417910447762,0.11940298507462686,0.7910447761194029,标致,SUV
标致5008,space,空间,88,87,0.7011494252873564,0.11494252873563218,0.8160919540229885,标致,SUV
标致5008,value,性价比,67,65,0.36923076923076925,0.18461538461538463,0.5538461538461539,标致,SUV
标致508,appearance,外观,10,8,1.0,0.0,1.0,标致,轿车
标致508,comfort,舒适性,9,7,0.14285714285714285,0.42857142857142855,0.5714285714285714,标致,轿车
标致508,configuration,配置,9,4,1.0,0.0,1.0,标致,轿车
标致508,control,操控,9,9,1.0,0.0,1.0,标致,轿车
标致508,fuel_consumption,能耗/油耗,7,6,0.8333333333333334,0.0,0.8333333333333334,标致,轿车
标致508,intelligence,智能化,8,8,-0.75,0.875,0.125,标致,轿车
标致508,interior,内饰,8,8,1.0,0.0,1.0,标致,轿车
标致508,power,动力,9,9,1.0,0.0,1.0,标致,轿车
标致508,space,空间,10,10,-0.8,0.9,0.1,标致,轿车
标致508,value,性价比,8,7,0.7142857142857143,0.14285714285714285,0.8571428571428571,标致,轿车
格瑞维亚,appearance,外观,37,37,0.8108108108108109,0.0,0.8108108108108109,丰田,MPV
格瑞维亚,comfort,舒适性,62,62,-0.08064516129032258,0.5161290322580645,0.43548387096774194,丰田,MPV
格瑞维亚,configuration,配置,45,45,0.08888888888888889,0.37777777777777777,0.4666666666666667,丰田,MPV
格瑞维亚,control,操控,32,32,0.59375,0.125,0.71875,丰田,MPV
格瑞维亚,fuel_consumption,能耗/油耗,67,67,0.8059701492537313,0.05970149253731343,0.8656716417910447,丰田,MPV
格瑞维亚,intelligence,智能化,19,19,-0.10526315789473684,0.47368421052631576,0.3684210526315789,丰田,MPV
格瑞维亚,interior,内饰,49,49,-0.32653061224489793,0.5714285714285714,0.24489795918367346,丰田,MPV
格瑞维亚,power,动力,56,55,0.38181818181818183,0.2,0.5818181818181818,丰田,MPV
格瑞维亚,space,空间,69,69,0.9420289855072463,0.014492753623188406,0.9565217391304348,丰田,MPV
格瑞维亚,value,性价比,35,35,0.6,0.02857142857142857,0.6285714285714286,丰田,MPV
欧拉好猫,appearance,外观,74,71,0.9859154929577465,0.0,0.9859154929577465,欧拉,轿车
欧拉好猫,comfort,舒适性,63,55,-0.45454545454545453,0.6181818181818182,0.16363636363636364,欧拉,轿车
欧拉好猫,configuration,配置,52,45,0.7111111111111111,0.1111111111111111,0.8222222222222222,欧拉,轿车
欧拉好猫,control,操控,47,41,0.4878048780487805,0.12195121951219512,0.6097560975609756,欧拉,轿车
欧拉好猫,fuel_consumption,能耗/油耗,78,67,-0.029850746268656716,0.373134328358209,0.34328358208955223,欧拉,轿车
欧拉好猫,intelligence,智能化,53,53,0.09433962264150944,0.4339622641509434,0.5283018867924528,欧拉,轿车
欧拉好猫,interior,内饰,62,56,0.7142857142857143,0.10714285714285714,0.8214285714285714,欧拉,轿车
欧拉好猫,power,动力,40,40,0.675,0.125,0.8,欧拉,轿车
欧拉好猫,space,空间,54,52,0.28846153846153844,0.2692307692307692,0.5576923076923077,欧拉,轿车
欧拉好猫,value,性价比,58,54,0.46296296296296297,0.2037037037037037,0.6666666666666666,欧拉,轿车
欧拉闪电猫,appearance,外观,87,87,0.9080459770114943,0.011494252873563218,0.9195402298850575,欧拉,轿车
欧拉闪电猫,comfort,舒适性,70,70,0.37142857142857144,0.21428571428571427,0.5857142857142857,欧拉,轿车
欧拉闪电猫,configuration,配置,65,65,0.7538461538461538,0.06153846153846154,0.8153846153846154,欧拉,轿车
欧拉闪电猫,control,操控,51,51,0.5294117647058824,0.09803921568627451,0.6274509803921569,欧拉,轿车
欧拉闪电猫,fuel_consumption,能耗/油耗,67,67,0.31343283582089554,0.19402985074626866,0.5074626865671642,欧拉,轿车
欧拉闪电猫,intelligence,智能化,51,51,0.13725490196078433,0.39215686274509803,0.5294117647058824,欧拉,轿车
欧拉闪电猫,interior,内饰,70,70,0.7714285714285715,0.07142857142857142,0.8428571428571429,欧拉,轿车
欧拉闪电猫,power,动力,50,50,0.8,0.06,0.86,欧拉,轿车
欧拉闪电猫,space,空间,52,52,0.057692307692307696,0.4230769230769231,0.4807692307692308,欧拉,轿车
欧拉闪电猫,value,性价比,46,46,0.6304347826086957,0.043478260869565216,0.6739130434782609,欧拉,轿车
欧诺S,appearance,外观,23,23,0.6086956521739131,0.17391304347826086,0.782608695652174,长安凯程,MPV
欧诺S,comfort,舒适性,21,19,-0.631578947368421,0.7368421052631579,0.10526315789473684,长安凯程,MPV
欧诺S,configuration,配置,9,9,0.3333333333333333,0.2222222222222222,0.5555555555555556,长安凯程,MPV
欧诺S,control,操控,11,11,-0.18181818181818182,0.5454545454545454,0.36363636363636365,长安凯程,MPV
欧诺S,fuel_consumption,能耗/油耗,14,14,0.07142857142857142,0.42857142857142855,0.5,长安凯程,MPV
欧诺S,intelligence,智能化,3,3,0.0,0.3333333333333333,0.3333333333333333,长安凯程,MPV
欧诺S,interior,内饰,13,12,-0.3333333333333333,0.5833333333333334,0.25,长安凯程,MPV
欧诺S,power,动力,22,21,0.14285714285714285,0.3333333333333333,0.47619047619047616,长安凯程,MPV
欧诺S,space,空间,24,23,0.7391304347826086,0.08695652173913043,0.8260869565217391,长安凯程,MPV
欧诺S,value,性价比,22,20,0.25,0.25,0.5,长安凯程,MPV
比亚迪M9,appearance,外观,1,1,1.0,0.0,1.0,比亚迪,MPV
比亚迪M9,comfort,舒适性,3,1,1.0,0.0,1.0,比亚迪,MPV
比亚迪M9,configuration,配置,3,1,1.0,0.0,1.0,比亚迪,MPV
比亚迪M9,control,操控,2,0,,,,比亚迪,MPV
比亚迪M9,fuel_consumption,能耗/油耗,2,1,1.0,0.0,1.0,比亚迪,MPV
比亚迪M9,intelligence,智能化,3,3,1.0,0.0,1.0,比亚迪,MPV
比亚迪M9,interior,内饰,1,1,1.0,0.0,1.0,比亚迪,MPV
比亚迪M9,power,动力,1,1,1.0,0.0,1.0,比亚迪,MPV
比亚迪M9,space,空间,3,3,1.0,0.0,1.0,比亚迪,MPV
比亚迪M9,value,性价比,2,2,1.0,0.0,1.0,比亚迪,MPV
比亚迪e7,appearance,外观,19,18,0.7777777777777778,0.1111111111111111,0.8888888888888888,比亚迪,轿车
比亚迪e7,comfort,舒适性,18,17,-0.11764705882352941,0.35294117647058826,0.23529411764705882,比亚迪,轿车
比亚迪e7,configuration,配置,13,13,0.38461538461538464,0.3076923076923077,0.6923076923076923,比亚迪,轿车
比亚迪e7,control,操控,8,8,0.25,0.375,0.625,比亚迪,轿车
比亚迪e7,fuel_consumption,能耗/油耗,25,25,0.52,0.08,0.6,比亚迪,轿车
比亚迪e7,intelligence,智能化,9,9,-0.3333333333333333,0.6666666666666666,0.3333333333333333,比亚迪,轿车
比亚迪e7,interior,内饰,17,17,-0.6470588235294118,0.8235294117647058,0.17647058823529413,比亚迪,轿车
比亚迪e7,power,动力,8,7,1.0,0.0,1.0,比亚迪,轿车
比亚迪e7,space,空间,19,19,0.8421052631578947,0.05263157894736842,0.8947368421052632,比亚迪,轿车
比亚迪e7,value,性价比,15,15,0.7333333333333333,0.06666666666666667,0.8,比亚迪,轿车
比亚迪e9,appearance,外观,7,7,1.0,0.0,1.0,比亚迪,轿车
比亚迪e9,comfort,舒适性,6,6,0.3333333333333333,0.3333333333333333,0.6666666666666666,比亚迪,轿车
比亚迪e9,configuration,配置,5,5,0.4,0.2,0.6,比亚迪,轿车
比亚迪e9,control,操控,3,3,0.0,0.0,0.0,比亚迪,轿车
比亚迪e9,fuel_consumption,能耗/油耗,7,7,0.2857142857142857,0.0,0.2857142857142857,比亚迪,轿车
比亚迪e9,intelligence,智能化,3,3,0.3333333333333333,0.3333333333333333,0.6666666666666666,比亚迪,轿车
比亚迪e9,interior,内饰,8,8,0.5,0.25,0.75,比亚迪,轿车
比亚迪e9,power,动力,6,6,1.0,0.0,1.0,比亚迪,轿车
比亚迪e9,space,空间,4,4,0.75,0.0,0.75,比亚迪,轿车
比亚迪e9,value,性价比,3,3,0.0,0.3333333333333333,0.3333333333333333,比亚迪,轿车
汉,appearance,外观,19,19,0.8421052631578947,0.05263157894736842,0.8947368421052632,比亚迪,轿车
汉,comfort,舒适性,20,12,0.5,0.25,0.75,比亚迪,轿车
汉,configuration,配置,15,7,0.5714285714285714,0.14285714285714285,0.7142857142857143,比亚迪,轿车
汉,control,操控,20,14,0.0,0.5,0.5,比亚迪,轿车
汉,fuel_consumption,能耗/油耗,18,18,0.5555555555555556,0.16666666666666666,0.7222222222222222,比亚迪,轿车
汉,intelligence,智能化,20,20,0.5,0.25,0.75,比亚迪,轿车
汉,interior,内饰,20,19,0.3684210526315789,0.21052631578947367,0.5789473684210527,比亚迪,轿车
汉,power,动力,13,13,1.0,0.0,1.0,比亚迪,轿车
汉,space,空间,18,18,0.2222222222222222,0.3333333333333333,0.5555555555555556,比亚迪,轿车
汉,value,性价比,15,15,0.5333333333333333,0.2,0.7333333333333333,比亚迪,轿车
江淮A5 PLUS,appearance,外观,10,10,1.0,0.0,1.0,江淮,轿车
江淮A5 PLUS,comfort,舒适性,8,7,0.14285714285714285,0.42857142857142855,0.5714285714285714,江淮,轿车
江淮A5 PLUS,configuration,配置,10,10,1.0,0.0,1.0,江淮,轿车
江淮A5 PLUS,control,操控,10,6,1.0,0.0,1.0,江淮,轿车
江淮A5 PLUS,fuel_consumption,能耗/油耗,10,10,0.1,0.4,0.5,江淮,轿车
江淮A5 PLUS,intelligence,智能化,5,5,0.6,0.2,0.8,江淮,轿车
江淮A5 PLUS,interior,内饰,10,10,0.1,0.3,0.4,江淮,轿车
江淮A5 PLUS,power,动力,10,10,1.0,0.0,1.0,江淮,轿车
江淮A5 PLUS,space,空间,10,10,1.0,0.0,1.0,江淮,轿车
江淮A5 PLUS,value,性价比,10,10,1.0,0.0,1.0,江淮,轿车
江淮QX PHEV,appearance,外观,10,10,0.8,0.1,0.9,江淮,SUV
江淮QX PHEV,comfort,舒适性,6,3,-1.0,1.0,0.0,江淮,SUV
江淮QX PHEV,configuration,配置,9,8,1.0,0.0,1.0,江淮,SUV
江淮QX PHEV,control,操控,5,1,1.0,0.0,1.0,江淮,SUV
江淮QX PHEV,fuel_consumption,能耗/油耗,10,10,1.0,0.0,1.0,江淮,SUV
江淮QX PHEV,intelligence,智能化,10,10,0.8,0.1,0.9,江淮,SUV
江淮QX PHEV,interior,内饰,10,10,0.8,0.0,0.8,江淮,SUV
江淮QX PHEV,power,动力,7,7,1.0,0.0,1.0,江淮,SUV
江淮QX PHEV,space,空间,10,10,0.8,0.1,0.9,江淮,SUV
江淮QX PHEV,value,性价比,10,10,1.0,0.0,1.0,江淮,SUV
沃兰多,appearance,外观,10,10,1.0,0.0,1.0,雪佛兰,轿车
沃兰多,comfort,舒适性,10,10,0.7,0.1,0.8,雪佛兰,轿车
沃兰多,configuration,配置,10,7,1.0,0.0,1.0,雪佛兰,轿车
沃兰多,control,操控,10,10,0.5,0.2,0.7,雪佛兰,轿车
沃兰多,fuel_consumption,能耗/油耗,10,10,1.0,0.0,1.0,雪佛兰,轿车
沃兰多,intelligence,智能化,6,5,-0.2,0.6,0.4,雪佛兰,轿车
沃兰多,interior,内饰,10,10,-0.4,0.5,0.1,雪佛兰,轿车
沃兰多,power,动力,10,10,0.7,0.1,0.8,雪佛兰,轿车
沃兰多,space,空间,10,10,1.0,0.0,1.0,雪佛兰,轿车
沃兰多,value,性价比,10,10,1.0,0.0,1.0,雪佛兰,轿车
沃尔沃C40,appearance,外观,10,10,0.8,0.1,0.9,沃尔沃,SUV
沃尔沃C40,comfort,舒适性,6,5,0.8,0.0,0.8,沃尔沃,SUV
沃尔沃C40,configuration,配置,8,6,1.0,0.0,1.0,沃尔沃,SUV
沃尔沃C40,control,操控,9,7,1.0,0.0,1.0,沃尔沃,SUV
沃尔沃C40,fuel_consumption,能耗/油耗,10,10,0.6,0.2,0.8,沃尔沃,SUV
沃尔沃C40,intelligence,智能化,10,10,0.9,0.0,0.9,沃尔沃,SUV
沃尔沃C40,interior,内饰,10,10,0.8,0.0,0.8,沃尔沃,SUV
沃尔沃C40,power,动力,9,9,1.0,0.0,1.0,沃尔沃,SUV
沃尔沃C40,space,空间,10,10,0.7,0.1,0.8,沃尔沃,SUV
沃尔沃C40,value,性价比,10,10,0.8,0.1,0.9,沃尔沃,SUV
沃尔沃EM90,appearance,外观,9,9,0.8888888888888888,0.0,0.8888888888888888,沃尔沃,MPV
沃尔沃EM90,comfort,舒适性,10,10,1.0,0.0,1.0,沃尔沃,MPV
沃尔沃EM90,configuration,配置,7,7,0.7142857142857143,0.14285714285714285,0.8571428571428571,沃尔沃,MPV
沃尔沃EM90,control,操控,6,6,1.0,0.0,1.0,沃尔沃,MPV
沃尔沃EM90,fuel_consumption,能耗/油耗,3,3,0.3333333333333333,0.3333333333333333,0.6666666666666666,沃尔沃,MPV
沃尔沃EM90,intelligence,智能化,4,4,0.25,0.25,0.5,沃尔沃,MPV
沃尔沃EM90,interior,内饰,9,9,1.0,0.0,1.0,沃尔沃,MPV
沃尔沃EM90,power,动力,6,6,0.6666666666666666,0.16666666666666666,0.8333333333333334,沃尔沃,MPV
沃尔沃EM90,space,空间,8,8,0.75,0.125,0.875,沃尔沃,MPV
沃尔沃EM90,value,性价比,4,4,0.0,0.5,0.5,沃尔沃,MPV
沃尔沃ES90,appearance,外观,1,1,1.0,0.0,1.0,沃尔沃,轿车
沃尔沃ES90,comfort,舒适性,1,1,1.0,0.0,1.0,沃尔沃,轿车
沃尔沃ES90,configuration,配置,1,1,1.0,0.0,1.0,沃尔沃,轿车
沃尔沃ES90,control,操控,1,1,0.0,0.0,0.0,沃尔沃,轿车
沃尔沃ES90,fuel_consumption,能耗/油耗,1,1,1.0,0.0,1.0,沃尔沃,轿车
沃尔沃ES90,intelligence,智能化,1,1,1.0,0.0,1.0,沃尔沃,轿车
沃尔沃ES90,interior,内饰,1,1,1.0,0.0,1.0,沃尔沃,轿车
沃尔沃ES90,space,空间,1,1,1.0,0.0,1.0,沃尔沃,轿车
沃尔沃ES90,value,性价比,1,1,0.0,0.0,0.0,沃尔沃,轿车
沃尔沃S60,appearance,外观,79,78,0.9358974358974359,0.01282051282051282,0.9487179487179487,沃尔沃,轿车
沃尔沃S60,comfort,舒适性,86,84,0.16666666666666666,0.34523809523809523,0.5119047619047619,沃尔沃,轿车
沃尔沃S60,configuration,配置,85,73,0.5205479452054794,0.2054794520547945,0.726027397260274,沃尔沃,轿车
沃尔沃S60,control,操控,91,88,0.7386363636363636,0.09090909090909091,0.8295454545454546,沃尔沃,轿车
沃尔沃S60,fuel_consumption,能耗/油耗,77,74,0.22972972972972974,0.35135135135135137,0.581081081081081,沃尔沃,轿车
沃尔沃S60,intelligence,智能化,51,50,-0.02,0.44,0.42,沃尔沃,轿车
沃尔沃S60,interior,内饰,83,81,0.6049382716049383,0.1111111111111111,0.7160493827160493,沃尔沃,轿车
沃尔沃S60,power,动力,92,90,0.8555555555555555,0.044444444444444446,0.9,沃尔沃,轿车
沃尔沃S60,space,空间,81,77,-0.025974025974025976,0.4155844155844156,0.38961038961038963,沃尔沃,轿车
沃尔沃S60,value,性价比,91,88,0.6931818181818182,0.03409090909090909,0.7272727272727273,沃尔沃,轿车
沃尔沃S90,appearance,外观,74,72,0.9722222222222222,0.0,0.9722222222222222,沃尔沃,轿车
沃尔沃S90,comfort,舒适性,90,87,0.25287356321839083,0.3333333333333333,0.5862068965517241,沃尔沃,轿车
沃尔沃S90,configuration,配置,84,68,0.6764705882352942,0.1323529411764706,0.8088235294117647,沃尔沃,轿车
沃尔沃S90,control,操控,91,86,0.5813953488372093,0.16279069767441862,0.7441860465116279,沃尔沃,轿车
沃尔沃S90,fuel_consumption,能耗/油耗,78,76,0.35526315789473684,0.3026315789473684,0.6578947368421053,沃尔沃,轿车
沃尔沃S90,intelligence,智能化,65,63,0.14285714285714285,0.3492063492063492,0.49206349206349204,沃尔沃,轿车
沃尔沃S90,interior,内饰,87,82,0.8414634146341463,0.06097560975609756,0.9024390243902439,沃尔沃,轿车
沃尔沃S90,power,动力,94,90,0.8666666666666667,0.044444444444444446,0.9111111111111111,沃尔沃,轿车
沃尔沃S90,space,空间,92,87,0.9310344827586207,0.022988505747126436,0.9540229885057471,沃尔沃,轿车
沃尔沃S90,value,性价比,82,82,0.8170731707317073,0.024390243902439025,0.8414634146341463,沃尔沃,轿车
海狮05EV,appearance,外观,37,37,0.5405405405405406,0.1891891891891892,0.7297297297297297,比亚迪,SUV
海狮05EV,comfort,舒适性,36,36,0.3055555555555556,0.2222222222222222,0.5277777777777778,比亚迪,SUV
海狮05EV,configuration,配置,29,28,0.42857142857142855,0.17857142857142858,0.6071428571428571,比亚迪,SUV
海狮05EV,control,操控,29,29,0.5862068965517241,0.13793103448275862,0.7241379310344828,比亚迪,SUV
海狮05EV,fuel_consumption,能耗/油耗,66,66,-0.09090909090909091,0.3939393939393939,0.30303030303030304,比亚迪,SUV
海狮05EV,intelligence,智能化,47,47,0.3404255319148936,0.2765957446808511,0.6170212765957447,比亚迪,SUV
海狮05EV,interior,内饰,35,35,-0.08571428571428572,0.42857142857142855,0.34285714285714286,比亚迪,SUV
海狮05EV,power,动力,23,23,0.6521739130434783,0.08695652173913043,0.7391304347826086,比亚迪,SUV
海狮05EV,space,空间,47,47,0.46808510638297873,0.23404255319148937,0.7021276595744681,比亚迪,SUV
海狮05EV,value,性价比,36,35,0.6285714285714286,0.05714285714285714,0.6857142857142857,比亚迪,SUV
海狮06EV,appearance,外观,32,32,0.5625,0.15625,0.71875,比亚迪,SUV
海狮06EV,comfort,舒适性,39,38,0.34210526315789475,0.15789473684210525,0.5,比亚迪,SUV
海狮06EV,configuration,配置,22,21,0.47619047619047616,0.14285714285714285,0.6190476190476191,比亚迪,SUV
海狮06EV,control,操控,25,25,-0.08,0.4,0.32,比亚迪,SUV
海狮06EV,fuel_consumption,能耗/油耗,57,56,0.07142857142857142,0.32142857142857145,0.39285714285714285,比亚迪,SUV
海狮06EV,intelligence,智能化,47,47,0.0,0.44680851063829785,0.44680851063829785,比亚迪,SUV
海狮06EV,interior,内饰,36,34,-0.20588235294117646,0.47058823529411764,0.2647058823529412,比亚迪,SUV
海狮06EV,power,动力,15,15,0.5333333333333333,0.13333333333333333,0.6666666666666666,比亚迪,SUV
海狮06EV,space,空间,42,42,0.9285714285714286,0.023809523809523808,0.9523809523809523,比亚迪,SUV
海狮06EV,value,性价比,36,36,0.3888888888888889,0.16666666666666666,0.5555555555555556,比亚迪,SUV
海狮07EV,appearance,外观,55,55,0.7454545454545455,0.07272727272727272,0.8181818181818182,比亚迪,SUV
海狮07EV,comfort,舒适性,53,53,0.20754716981132076,0.33962264150943394,0.5471698113207547,比亚迪,SUV
海狮07EV,configuration,配置,47,47,0.5106382978723404,0.1276595744680851,0.6382978723404256,比亚迪,SUV
海狮07EV,control,操控,50,50,0.4,0.2,0.6,比亚迪,SUV
海狮07EV,fuel_consumption,能耗/油耗,80,80,-0.0125,0.3875,0.375,比亚迪,SUV
海狮07EV,intelligence,智能化,67,67,-0.208955223880597,0.582089552238806,0.373134328358209,比亚迪,SUV
海狮07EV,interior,内饰,54,53,0.18867924528301888,0.2641509433962264,0.4528301886792453,比亚迪,SUV
海狮07EV,power,动力,38,38,0.8421052631578947,0.0,0.8421052631578947,比亚迪,SUV
海狮07EV,space,空间,62,62,0.7258064516129032,0.08064516129032258,0.8064516129032258,比亚迪,SUV
海狮07EV,value,性价比,46,45,0.35555555555555557,0.17777777777777778,0.5333333333333333,比亚迪,SUV
海豚,appearance,外观,59,58,0.5689655172413793,0.13793103448275862,0.7068965517241379,比亚迪,轿车
海豚,comfort,舒适性,63,58,0.08620689655172414,0.3793103448275862,0.46551724137931033,比亚迪,轿车
海豚,configuration,配置,63,56,0.5714285714285714,0.14285714285714285,0.7142857142857143,比亚迪,轿车
海豚,control,操控,52,51,0.17647058823529413,0.39215686274509803,0.5686274509803921,比亚迪,轿车
海豚,fuel_consumption,能耗/油耗,79,78,0.5512820512820513,0.1282051282051282,0.6794871794871795,比亚迪,轿车
海豚,intelligence,智能化,52,51,0.6078431372549019,0.19607843137254902,0.803921568627451,比亚迪,轿车
海豚,interior,内饰,49,45,0.4222222222222222,0.2,0.6222222222222222,比亚迪,轿车
海豚,power,动力,59,59,0.8305084745762712,0.03389830508474576,0.864406779661017,比亚迪,轿车
海豚,space,空间,73,71,0.5492957746478874,0.11267605633802817,0.6619718309859155,比亚迪,轿车
海豚,value,性价比,66,66,0.5303030303030303,0.12121212121212122,0.6515151515151515,比亚迪,轿车
海豹,appearance,外观,64,64,0.921875,0.03125,0.953125,比亚迪,轿车
海豹,comfort,舒适性,69,69,0.2608695652173913,0.2608695652173913,0.5217391304347826,比亚迪,轿车
海豹,configuration,配置,53,53,0.22641509433962265,0.2830188679245283,0.5094339622641509,比亚迪,轿车
海豹,control,操控,74,74,0.7027027027027027,0.10810810810810811,0.8108108108108109,比亚迪,轿车
海豹,fuel_consumption,能耗/油耗,83,83,0.012048192771084338,0.3855421686746988,0.39759036144578314,比亚迪,轿车
海豹,intelligence,智能化,62,62,-0.3709677419354839,0.6451612903225806,0.27419354838709675,比亚迪,轿车
海豹,interior,内饰,65,65,0.13846153846153847,0.3230769230769231,0.46153846153846156,比亚迪,轿车
海豹,power,动力,68,68,0.8088235294117647,0.04411764705882353,0.8529411764705882,比亚迪,轿车
海豹,space,空间,48,48,0.3541666666666667,0.22916666666666666,0.5833333333333334,比亚迪,轿车
海豹,value,性价比,56,56,0.44642857142857145,0.125,0.5714285714285714,比亚迪,轿车
海豹06EV,appearance,外观,36,36,0.6944444444444444,0.08333333333333333,0.7777777777777778,比亚迪,轿车
海豹06EV,comfort,舒适性,37,37,0.21621621621621623,0.24324324324324326,0.4594594594594595,比亚迪,轿车
海豹06EV,configuration,配置,24,24,0.4583333333333333,0.16666666666666666,0.625,比亚迪,轿车
海豹06EV,control,操控,23,23,0.34782608695652173,0.21739130434782608,0.5652173913043478,比亚迪,轿车
海豹06EV,fuel_consumption,能耗/油耗,60,59,-0.3220338983050847,0.5423728813559322,0.22033898305084745,比亚迪,轿车
海豹06EV,intelligence,智能化,28,28,0.21428571428571427,0.35714285714285715,0.5714285714285714,比亚迪,轿车
海豹06EV,interior,内饰,30,30,-0.13333333333333333,0.43333333333333335,0.3,比亚迪,轿车
海豹06EV,power,动力,21,20,0.55,0.2,0.75,比亚迪,轿车
海豹06EV,space,空间,31,31,0.41935483870967744,0.22580645161290322,0.6451612903225806,比亚迪,轿车
海豹06EV,value,性价比,35,35,0.6571428571428571,0.11428571428571428,0.7714285714285715,比亚迪,轿车
海豹06GT,appearance,外观,58,58,0.9137931034482759,0.0,0.9137931034482759,比亚迪,轿车
海豹06GT,comfort,舒适性,48,45,-0.022222222222222223,0.4222222222222222,0.4,比亚迪,轿车
海豹06GT,configuration,配置,43,43,0.3953488372093023,0.16279069767441862,0.5581395348837209,比亚迪,轿车
海豹06GT,control,操控,55,54,0.48148148148148145,0.2037037037037037,0.6851851851851852,比亚迪,轿车
海豹06GT,fuel_consumption,能耗/油耗,72,71,0.1267605633802817,0.29577464788732394,0.4225352112676056,比亚迪,轿车
海豹06GT,intelligence,智能化,49,49,0.10204081632653061,0.40816326530612246,0.5102040816326531,比亚迪,轿车
海豹06GT,interior,内饰,49,49,0.3673469387755102,0.22448979591836735,0.5918367346938775,比亚迪,轿车
海豹06GT,power,动力,49,49,0.7959183673469388,0.04081632653061224,0.8367346938775511,比亚迪,轿车
海豹06GT,space,空间,60,59,0.5932203389830508,0.15254237288135594,0.7457627118644068,比亚迪,轿车
海豹06GT,value,性价比,55,54,0.4444444444444444,0.07407407407407407,0.5185185185185185,比亚迪,轿车
海豹07DM-i,appearance,外观,8,8,1.0,0.0,1.0,比亚迪,轿车
海豹07DM-i,comfort,舒适性,8,5,1.0,0.0,1.0,比亚迪,轿车
海豹07DM-i,configuration,配置,8,2,1.0,0.0,1.0,比亚迪,轿车
海豹07DM-i,control,操控,6,6,1.0,0.0,1.0,比亚迪,轿车
海豹07DM-i,fuel_consumption,能耗/油耗,9,9,0.8888888888888888,0.0,0.8888888888888888,比亚迪,轿车
海豹07DM-i,intelligence,智能化,7,7,0.8571428571428571,0.0,0.8571428571428571,比亚迪,轿车
海豹07DM-i,interior,内饰,10,10,0.6,0.2,0.8,比亚迪,轿车
海豹07DM-i,power,动力,7,7,1.0,0.0,1.0,比亚迪,轿车
海豹07DM-i,space,空间,8,7,0.42857142857142855,0.2857142857142857,0.7142857142857143,比亚迪,轿车
海豹07DM-i,value,性价比,8,6,1.0,0.0,1.0,比亚迪,轿车
海豹07EV,appearance,外观,2,2,1.0,0.0,1.0,比亚迪,轿车
海豹07EV,fuel_consumption,能耗/油耗,2,2,0.5,0.0,0.5,比亚迪,轿车
海豹07EV,intelligence,智能化,1,1,1.0,0.0,1.0,比亚迪,轿车
海马8S,appearance,外观,10,10,1.0,0.0,1.0,海马郑州,SUV
海马8S,comfort,舒适性,10,10,0.3,0.2,0.5,海马郑州,SUV
海马8S,configuration,配置,10,7,1.0,0.0,1.0,海马郑州,SUV
海马8S,control,操控,10,10,0.9,0.0,0.9,海马郑州,SUV
海马8S,fuel_consumption,能耗/油耗,10,10,0.4,0.2,0.6,海马郑州,SUV
海马8S,intelligence,智能化,3,2,1.0,0.0,1.0,海马郑州,SUV
海马8S,interior,内饰,10,10,0.6,0.1,0.7,海马郑州,SUV
海马8S,power,动力,10,10,1.0,0.0,1.0,海马郑州,SUV
海马8S,space,空间,10,10,0.9,0.0,0.9,海马郑州,SUV
海马8S,value,性价比,10,10,0.9,0.0,0.9,海马郑州,SUV
海鸥,appearance,外观,49,49,0.7959183673469388,0.04081632653061224,0.8367346938775511,比亚迪,轿车
海鸥,comfort,舒适性,52,51,-0.3137254901960784,0.5490196078431373,0.23529411764705882,比亚迪,轿车
海鸥,configuration,配置,44,44,0.6363636363636364,0.13636363636363635,0.7727272727272727,比亚迪,轿车
海鸥,control,操控,38,37,0.4594594594594595,0.16216216216216217,0.6216216216216216,比亚迪,轿车
海鸥,fuel_consumption,能耗/油耗,57,57,0.2631578947368421,0.24561403508771928,0.5087719298245614,比亚迪,轿车
海鸥,intelligence,智能化,46,46,0.45652173913043476,0.1956521739130435,0.6521739130434783,比亚迪,轿车
海鸥,interior,内饰,45,45,0.08888888888888889,0.37777777777777777,0.4666666666666667,比亚迪,轿车
海鸥,power,动力,34,34,0.7058823529411765,0.08823529411764706,0.7941176470588235,比亚迪,轿车
海鸥,space,空间,65,65,0.24615384615384617,0.35384615384615387,0.6,比亚迪,轿车
海鸥,value,性价比,60,60,0.65,0.11666666666666667,0.7666666666666667,比亚迪,轿车
深蓝L06,appearance,外观,58,58,0.9482758620689655,0.0,0.9482758620689655,深蓝汽车,轿车
深蓝L06,comfort,舒适性,45,39,0.1282051282051282,0.358974358974359,0.48717948717948717,深蓝汽车,轿车
深蓝L06,configuration,配置,39,33,0.3333333333333333,0.2727272727272727,0.6060606060606061,深蓝汽车,轿车
深蓝L06,control,操控,54,52,0.8269230769230769,0.057692307692307696,0.8846153846153846,深蓝汽车,轿车
深蓝L06,fuel_consumption,能耗/油耗,55,53,-0.05660377358490566,0.4339622641509434,0.37735849056603776,深蓝汽车,轿车
深蓝L06,intelligence,智能化,63,63,0.0,0.47619047619047616,0.47619047619047616,深蓝汽车,轿车
深蓝L06,interior,内饰,31,29,0.4482758620689655,0.20689655172413793,0.6551724137931034,深蓝汽车,轿车
深蓝L06,power,动力,28,27,0.9629629629629629,0.0,0.9629629629629629,深蓝汽车,轿车
深蓝L06,space,空间,47,46,-0.391304347826087,0.6521739130434783,0.2608695652173913,深蓝汽车,轿车
深蓝L06,value,性价比,24,24,0.5833333333333334,0.041666666666666664,0.625,深蓝汽车,轿车
深蓝L07,appearance,外观,55,55,0.9636363636363636,0.0,0.9636363636363636,深蓝汽车,轿车
深蓝L07,comfort,舒适性,39,39,0.48717948717948717,0.23076923076923078,0.717948717948718,深蓝汽车,轿车
深蓝L07,configuration,配置,32,32,0.5,0.1875,0.6875,深蓝汽车,轿车
深蓝L07,control,操控,28,28,0.35714285714285715,0.17857142857142858,0.5357142857142857,深蓝汽车,轿车
深蓝L07,fuel_consumption,能耗/油耗,61,60,-0.08333333333333333,0.43333333333333335,0.35,深蓝汽车,轿车
深蓝L07,intelligence,智能化,63,63,0.3968253968253968,0.2857142857142857,0.6825396825396826,深蓝汽车,轿车
深蓝L07,interior,内饰,47,47,0.6382978723404256,0.06382978723404255,0.7021276595744681,深蓝汽车,轿车
深蓝L07,power,动力,27,27,0.7777777777777778,0.07407407407407407,0.8518518518518519,深蓝汽车,轿车
深蓝L07,space,空间,47,47,0.6170212765957447,0.1276595744680851,0.7446808510638298,深蓝汽车,轿车
深蓝L07,value,性价比,43,43,0.3953488372093023,0.13953488372093023,0.5348837209302325,深蓝汽车,轿车
深蓝SL03,appearance,外观,78,78,0.9615384615384616,0.0,0.9615384615384616,深蓝汽车,轿车
深蓝SL03,comfort,舒适性,66,66,-0.10606060606060606,0.5151515151515151,0.4090909090909091,深蓝汽车,轿车
深蓝SL03,configuration,配置,63,63,0.7142857142857143,0.1111111111111111,0.8253968253968254,深蓝汽车,轿车
深蓝SL03,control,操控,64,64,0.375,0.25,0.625,深蓝汽车,轿车
深蓝SL03,fuel_consumption,能耗/油耗,68,68,0.6176470588235294,0.07352941176470588,0.6911764705882353,深蓝汽车,轿车
深蓝SL03,intelligence,智能化,64,64,0.5625,0.15625,0.71875,深蓝汽车,轿车
深蓝SL03,interior,内饰,59,59,0.5084745762711864,0.15254237288135594,0.6610169491525424,深蓝汽车,轿车
深蓝SL03,power,动力,61,61,0.8032786885245902,0.08196721311475409,0.8852459016393442,深蓝汽车,轿车
深蓝SL03,space,空间,66,66,0.6060606060606061,0.12121212121212122,0.7272727272727273,深蓝汽车,轿车
深蓝SL03,value,性价比,78,78,0.6410256410256411,0.1282051282051282,0.7692307692307693,深蓝汽车,轿车
灵悉L,appearance,外观,3,3,0.3333333333333333,0.3333333333333333,0.6666666666666666,灵悉,轿车
灵悉L,comfort,舒适性,1,1,-1.0,1.0,0.0,灵悉,轿车
灵悉L,configuration,配置,3,3,-0.3333333333333333,0.6666666666666666,0.3333333333333333,灵悉,轿车
灵悉L,fuel_consumption,能耗/油耗,1,1,0.0,0.0,0.0,灵悉,轿车
灵悉L,intelligence,智能化,2,2,-1.0,1.0,0.0,灵悉,轿车
灵悉L,interior,内饰,2,2,0.0,0.5,0.5,灵悉,轿车
灵悉L,power,动力,1,1,1.0,0.0,1.0,灵悉,轿车
灵悉L,space,空间,2,2,1.0,0.0,1.0,灵悉,轿车
灵悉L,value,性价比,1,1,1.0,0.0,1.0,灵悉,轿车
焕驰,appearance,外观,32,30,0.7333333333333333,0.13333333333333333,0.8666666666666667,起亚,轿车
焕驰,comfort,舒适性,30,26,-0.6153846153846154,0.7692307692307693,0.15384615384615385,起亚,轿车
焕驰,configuration,配置,23,17,0.0,0.4117647058823529,0.4117647058823529,起亚,轿车
焕驰,control,操控,20,19,0.3684210526315789,0.21052631578947367,0.5789473684210527,起亚,轿车
焕驰,fuel_consumption,能耗/油耗,39,37,0.8648648648648649,0.05405405405405406,0.918918918918919,起亚,轿车
焕驰,intelligence,智能化,2,2,-0.5,0.5,0.0,起亚,轿车
焕驰,interior,内饰,34,27,-0.25925925925925924,0.4444444444444444,0.18518518518518517,起亚,轿车
焕驰,power,动力,45,39,-0.23076923076923078,0.48717948717948717,0.2564102564102564,起亚,轿车
焕驰,space,空间,32,31,-0.25806451612903225,0.4838709677419355,0.22580645161290322,起亚,轿车
焕驰,value,性价比,39,38,0.8157894736842105,0.02631578947368421,0.8421052631578947,起亚,轿车
爱跑,fuel_consumption,能耗/油耗,1,1,0.0,0.0,0.0,江淮钇为,轿车
爱跑,interior,内饰,1,1,1.0,0.0,1.0,江淮钇为,轿车
爱跑,power,动力,1,1,-1.0,1.0,0.0,江淮钇为,轿车
狮铂拓界,appearance,外观,61,61,0.7377049180327869,0.08196721311475409,0.819672131147541,起亚,SUV
狮铂拓界,comfort,舒适性,58,58,0.5862068965517241,0.15517241379310345,0.7413793103448276,起亚,SUV
狮铂拓界,configuration,配置,52,52,0.11538461538461539,0.40384615384615385,0.5192307692307693,起亚,SUV
狮铂拓界,control,操控,60,60,0.7166666666666667,0.06666666666666667,0.7833333333333333,起亚,SUV
狮铂拓界,fuel_consumption,能耗/油耗,68,68,0.29411764705882354,0.29411764705882354,0.5882352941176471,起亚,SUV
狮铂拓界,intelligence,智能化,34,34,-0.058823529411764705,0.47058823529411764,0.4117647058823529,起亚,SUV
狮铂拓界,interior,内饰,46,46,0.41304347826086957,0.1956521739130435,0.6086956521739131,起亚,SUV
狮铂拓界,power,动力,81,81,0.9012345679012346,0.012345679012345678,0.9135802469135802,起亚,SUV
狮铂拓界,space,空间,62,62,0.6935483870967742,0.08064516129032258,0.7741935483870968,起亚,SUV
狮铂拓界,value,性价比,61,61,0.5737704918032787,0.08196721311475409,0.6557377049180327,起亚,SUV
猛士917,appearance,外观,34,34,0.9705882352941176,0.0,0.9705882352941176,猛士,SUV
猛士917,comfort,舒适性,15,15,-0.2,0.6,0.4,猛士,SUV
猛士917,configuration,配置,15,15,0.6666666666666666,0.06666666666666667,0.7333333333333333,猛士,SUV
猛士917,control,操控,27,27,0.5925925925925926,0.1111111111111111,0.7037037037037037,猛士,SUV
猛士917,fuel_consumption,能耗/油耗,38,38,-0.5,0.6578947368421053,0.15789473684210525,猛士,SUV
猛士917,intelligence,智能化,18,18,-0.3333333333333333,0.6666666666666666,0.3333333333333333,猛士,SUV
猛士917,interior,内饰,13,13,0.38461538461538464,0.15384615384615385,0.5384615384615384,猛士,SUV
猛士917,power,动力,33,33,0.8484848484848485,0.06060606060606061,0.9090909090909091,猛士,SUV
猛士917,space,空间,20,20,0.15,0.4,0.55,猛士,SUV
猛士917,value,性价比,20,20,-0.2,0.4,0.2,猛士,SUV
理想MEGA,appearance,外观,25,25,0.88,0.0,0.88,理想汽车,MPV
理想MEGA,comfort,舒适性,24,24,0.625,0.125,0.75,理想汽车,MPV
理想MEGA,configuration,配置,22,22,0.5,0.22727272727272727,0.7272727272727273,理想汽车,MPV
理想MEGA,control,操控,20,20,-0.05,0.45,0.4,理想汽车,MPV
理想MEGA,fuel_consumption,能耗/油耗,26,26,-0.038461538461538464,0.2692307692307692,0.23076923076923078,理想汽车,MPV
理想MEGA,intelligence,智能化,20,20,0.4,0.3,0.7,理想汽车,MPV
理想MEGA,interior,内饰,17,17,0.058823529411764705,0.4117647058823529,0.47058823529411764,理想汽车,MPV
理想MEGA,power,动力,12,12,0.9166666666666666,0.0,0.9166666666666666,理想汽车,MPV
理想MEGA,space,空间,30,30,0.7333333333333333,0.06666666666666667,0.8,理想汽车,MPV
理想MEGA,value,性价比,12,12,-0.5,0.5833333333333334,0.08333333333333333,理想汽车,MPV
瑞虎3x,appearance,外观,47,45,0.6444444444444445,0.1111111111111111,0.7555555555555555,奇瑞,SUV
瑞虎3x,comfort,舒适性,56,53,-0.32075471698113206,0.5849056603773585,0.2641509433962264,奇瑞,SUV
瑞虎3x,configuration,配置,50,47,0.6595744680851063,0.1276595744680851,0.7872340425531915,奇瑞,SUV
瑞虎3x,control,操控,58,55,0.2545454545454545,0.2545454545454545,0.509090909090909,奇瑞,SUV
瑞虎3x,fuel_consumption,能耗/油耗,54,51,0.21568627450980393,0.3333333333333333,0.5490196078431373,奇瑞,SUV
瑞虎3x,intelligence,智能化,10,10,-0.6,0.6,0.0,奇瑞,SUV
瑞虎3x,interior,内饰,35,31,-0.03225806451612903,0.3870967741935484,0.3548387096774194,奇瑞,SUV
瑞虎3x,power,动力,66,65,0.03076923076923077,0.4,0.4307692307692308,奇瑞,SUV
瑞虎3x,space,空间,58,57,0.22807017543859648,0.3333333333333333,0.5614035087719298,奇瑞,SUV
瑞虎3x,value,性价比,65,65,0.7538461538461538,0.06153846153846154,0.8153846153846154,奇瑞,SUV
瑞虎5x,appearance,外观,64,62,0.9193548387096774,0.016129032258064516,0.9354838709677419,奇瑞,SUV
瑞虎5x,comfort,舒适性,66,60,-0.2833333333333333,0.5666666666666667,0.2833333333333333,奇瑞,SUV
瑞虎5x,configuration,配置,54,45,0.7333333333333333,0.1111111111111111,0.8444444444444444,奇瑞,SUV
瑞虎5x,control,操控,65,59,0.4576271186440678,0.2033898305084746,0.6610169491525424,奇瑞,SUV
瑞虎5x,fuel_consumption,能耗/油耗,65,63,0.3333333333333333,0.2857142857142857,0.6190476190476191,奇瑞,SUV
瑞虎5x,intelligence,智能化,24,23,-0.08695652173913043,0.4782608695652174,0.391304347826087,奇瑞,SUV
瑞虎5x,interior,内饰,58,51,0.6274509803921569,0.1568627450980392,0.7843137254901961,奇瑞,SUV
瑞虎5x,power,动力,82,81,0.2716049382716049,0.24691358024691357,0.5185185185185185,奇瑞,SUV
瑞虎5x,space,空间,66,64,0.46875,0.1875,0.65625,奇瑞,SUV
瑞虎5x,value,性价比,63,58,0.9137931034482759,0.017241379310344827,0.9310344827586207,奇瑞,SUV
瑞虎7,appearance,外观,77,72,0.8333333333333334,0.041666666666666664,0.875,奇瑞,SUV
瑞虎7,comfort,舒适性,90,84,0.15476190476190477,0.35714285714285715,0.5119047619047619,奇瑞,SUV
瑞虎7,configuration,配置,72,64,0.515625,0.21875,0.734375,奇瑞,SUV
瑞虎7,control,操控,75,74,0.44594594594594594,0.21621621621621623,0.6621621621621622,奇瑞,SUV
瑞虎7,fuel_consumption,能耗/油耗,86,85,0.5294117647058824,0.16470588235294117,0.6941176470588235,奇瑞,SUV
瑞虎7,intelligence,智能化,36,33,0.06060606060606061,0.42424242424242425,0.48484848484848486,奇瑞,SUV
瑞虎7,interior,内饰,65,60,0.6666666666666666,0.08333333333333333,0.75,奇瑞,SUV
瑞虎7,power,动力,92,92,0.75,0.08695652173913043,0.8369565217391305,奇瑞,SUV
瑞虎7,space,空间,84,83,0.8674698795180723,0.03614457831325301,0.9036144578313253,奇瑞,SUV
瑞虎7,value,性价比,87,84,0.6904761904761905,0.08333333333333333,0.7738095238095238,奇瑞,SUV
瑞虎8,appearance,外观,78,66,0.7878787878787878,0.06060606060606061,0.8484848484848485,奇瑞,SUV
瑞虎8,comfort,舒适性,83,74,0.06756756756756757,0.4189189189189189,0.4864864864864865,奇瑞,SUV
瑞虎8,configuration,配置,65,52,0.5576923076923077,0.17307692307692307,0.7307692307692307,奇瑞,SUV
瑞虎8,control,操控,65,58,0.4482758620689655,0.1896551724137931,0.6379310344827587,奇瑞,SUV
瑞虎8,fuel_consumption,能耗/油耗,76,71,0.39436619718309857,0.23943661971830985,0.6338028169014085,奇瑞,SUV
瑞虎8,intelligence,智能化,37,35,-0.14285714285714285,0.5714285714285714,0.42857142857142855,奇瑞,SUV
瑞虎8,interior,内饰,71,62,0.24193548387096775,0.2903225806451613,0.532258064516129,奇瑞,SUV
瑞虎8,power,动力,88,88,0.8636363636363636,0.03409090909090909,0.8977272727272727,奇瑞,SUV
瑞虎8,space,空间,91,91,0.8351648351648352,0.07692307692307693,0.9120879120879121,奇瑞,SUV
瑞虎8,value,性价比,76,72,0.6944444444444444,0.1111111111111111,0.8055555555555556,奇瑞,SUV
瑞虎9,appearance,外观,61,60,0.9166666666666666,0.016666666666666666,0.9333333333333333,奇瑞,SUV
瑞虎9,comfort,舒适性,60,53,0.5471698113207547,0.18867924528301888,0.7358490566037735,奇瑞,SUV
瑞虎9,configuration,配置,56,51,0.39215686274509803,0.23529411764705882,0.6274509803921569,奇瑞,SUV
瑞虎9,control,操控,59,55,0.7272727272727273,0.09090909090909091,0.8181818181818182,奇瑞,SUV
瑞虎9,fuel_consumption,能耗/油耗,79,78,0.10256410256410256,0.41025641025641024,0.5128205128205128,奇瑞,SUV
瑞虎9,intelligence,智能化,39,39,-0.2564102564102564,0.5897435897435898,0.3333333333333333,奇瑞,SUV
瑞虎9,interior,内饰,55,51,0.37254901960784315,0.23529411764705882,0.6078431372549019,奇瑞,SUV
瑞虎9,power,动力,83,81,0.9259259259259259,0.024691358024691357,0.9506172839506173,奇瑞,SUV
瑞虎9,space,空间,78,78,0.8974358974358975,0.038461538461538464,0.9358974358974359,奇瑞,SUV
瑞虎9,value,性价比,63,62,0.6290322580645161,0.0967741935483871,0.7258064516129032,奇瑞,SUV
瑞风E3,appearance,外观,10,10,1.0,0.0,1.0,江淮瑞风,MPV
瑞风E3,comfort,舒适性,10,7,-0.14285714285714285,0.5714285714285714,0.42857142857142855,江淮瑞风,MPV
瑞风E3,configuration,配置,10,6,0.3333333333333333,0.3333333333333333,0.6666666666666666,江淮瑞风,MPV
瑞风E3,control,操控,10,8,1.0,0.0,1.0,江淮瑞风,MPV
瑞风E3,fuel_consumption,能耗/油耗,10,10,0.8,0.1,0.9,江淮瑞风,MPV
瑞风E3,intelligence,智能化,10,10,0.4,0.3,0.7,江淮瑞风,MPV
瑞风E3,interior,内饰,10,10,-0.4,0.6,0.2,江淮瑞风,MPV
瑞风E3,power,动力,10,10,1.0,0.0,1.0,江淮瑞风,MPV
瑞风E3,space,空间,10,10,1.0,0.0,1.0,江淮瑞风,MPV
瑞风E3,value,性价比,10,10,0.6,0.2,0.8,江淮瑞风,MPV
瑞风M3,appearance,外观,18,18,0.8333333333333334,0.0,0.8333333333333334,江淮瑞风,MPV
瑞风M3,comfort,舒适性,31,30,0.1,0.4,0.5,江淮瑞风,MPV
瑞风M3,configuration,配置,16,16,0.5,0.25,0.75,江淮瑞风,MPV
瑞风M3,control,操控,20,20,0.65,0.15,0.8,江淮瑞风,MPV
瑞风M3,fuel_consumption,能耗/油耗,25,25,0.0,0.48,0.48,江淮瑞风,MPV
瑞风M3,intelligence,智能化,10,10,0.8,0.0,0.8,江淮瑞风,MPV
瑞风M3,interior,内饰,20,18,0.3333333333333333,0.2777777777777778,0.6111111111111112,江淮瑞风,MPV
瑞风M3,power,动力,30,30,0.43333333333333335,0.26666666666666666,0.7,江淮瑞风,MPV
瑞风M3,space,空间,37,35,0.8857142857142857,0.05714285714285714,0.9428571428571428,江淮瑞风,MPV
瑞风M3,value,性价比,15,14,0.6428571428571429,0.0,0.6428571428571429,江淮瑞风,MPV
瑞风RF8,appearance,外观,6,6,0.5,0.16666666666666666,0.6666666666666666,江淮瑞风,MPV
瑞风RF8,comfort,舒适性,8,8,0.5,0.25,0.75,江淮瑞风,MPV
瑞风RF8,configuration,配置,6,6,0.6666666666666666,0.16666666666666666,0.8333333333333334,江淮瑞风,MPV
瑞风RF8,control,操控,6,6,-0.3333333333333333,0.5,0.16666666666666666,江淮瑞风,MPV
瑞风RF8,fuel_consumption,能耗/油耗,6,6,0.6666666666666666,0.16666666666666666,0.8333333333333334,江淮瑞风,MPV
瑞风RF8,intelligence,智能化,5,5,0.2,0.4,0.6,江淮瑞风,MPV
瑞风RF8,interior,内饰,6,6,0.6666666666666666,0.16666666666666666,0.8333333333333334,江淮瑞风,MPV
瑞风RF8,power,动力,6,6,0.6666666666666666,0.16666666666666666,0.8333333333333334,江淮瑞风,MPV
瑞风RF8,space,空间,8,8,0.625,0.0,0.625,江淮瑞风,MPV
瑞风RF8,value,性价比,5,5,0.8,0.0,0.8,江淮瑞风,MPV
电动MINI ACEMAN,appearance,外观,6,6,1.0,0.0,1.0,MINI,SUV
电动MINI ACEMAN,comfort,舒适性,3,3,0.3333333333333333,0.3333333333333333,0.6666666666666666,MINI,SUV
电动MINI ACEMAN,configuration,配置,4,4,0.75,0.0,0.75,MINI,SUV
电动MINI ACEMAN,control,操控,2,2,0.0,0.5,0.5,MINI,SUV
电动MINI ACEMAN,fuel_consumption,能耗/油耗,7,7,0.7142857142857143,0.0,0.7142857142857143,MINI,SUV
电动MINI ACEMAN,intelligence,智能化,6,6,-0.16666666666666666,0.5,0.3333333333333333,MINI,SUV
电动MINI ACEMAN,interior,内饰,5,5,0.8,0.0,0.8,MINI,SUV
电动MINI ACEMAN,power,动力,3,3,1.0,0.0,1.0,MINI,SUV
电动MINI ACEMAN,space,空间,4,4,1.0,0.0,1.0,MINI,SUV
电动MINI ACEMAN,value,性价比,4,4,0.75,0.0,0.75,MINI,SUV
电动MINI COOPER,appearance,外观,14,14,0.8571428571428571,0.07142857142857142,0.9285714285714286,MINI,轿车
电动MINI COOPER,comfort,舒适性,8,8,0.125,0.25,0.375,MINI,轿车
电动MINI COOPER,configuration,配置,7,7,0.14285714285714285,0.42857142857142855,0.5714285714285714,MINI,轿车
电动MINI COOPER,control,操控,8,8,0.25,0.375,0.625,MINI,轿车
电动MINI COOPER,fuel_consumption,能耗/油耗,16,16,0.375,0.125,0.5,MINI,轿车
电动MINI COOPER,intelligence,智能化,11,11,-0.18181818181818182,0.45454545454545453,0.2727272727272727,MINI,轿车
电动MINI COOPER,interior,内饰,9,9,0.5555555555555556,0.1111111111111111,0.6666666666666666,MINI,轿车
电动MINI COOPER,power,动力,11,11,0.9090909090909091,0.0,0.9090909090909091,MINI,轿车
电动MINI COOPER,space,空间,12,12,-0.25,0.5,0.25,MINI,轿车
电动MINI COOPER,value,性价比,8,8,0.625,0.0,0.625,MINI,轿车
皇冠陆放,appearance,外观,58,56,0.8392857142857143,0.07142857142857142,0.9107142857142857,丰田,SUV
皇冠陆放,comfort,舒适性,65,63,0.20634920634920634,0.31746031746031744,0.5238095238095238,丰田,SUV
皇冠陆放,configuration,配置,49,47,-0.1702127659574468,0.5531914893617021,0.3829787234042553,丰田,SUV
皇冠陆放,control,操控,40,37,0.3783783783783784,0.21621621621621623,0.5945945945945946,丰田,SUV
皇冠陆放,fuel_consumption,能耗/油耗,66,64,0.8125,0.0625,0.875,丰田,SUV
皇冠陆放,intelligence,智能化,28,28,-0.6428571428571429,0.8214285714285714,0.17857142857142858,丰田,SUV
皇冠陆放,interior,内饰,51,49,-0.20408163265306123,0.5306122448979592,0.32653061224489793,丰田,SUV
皇冠陆放,power,动力,63,61,0.639344262295082,0.09836065573770492,0.7377049180327869,丰田,SUV
皇冠陆放,space,空间,68,63,0.7777777777777778,0.07936507936507936,0.8571428571428571,丰田,SUV
皇冠陆放,value,性价比,54,49,0.30612244897959184,0.1836734693877551,0.4897959183673469,丰田,SUV
皓影,appearance,外观,76,73,0.863013698630137,0.0547945205479452,0.9178082191780822,本田,SUV
皓影,comfort,舒适性,78,75,0.0,0.4266666666666667,0.4266666666666667,本田,SUV
皓影,configuration,配置,65,55,0.12727272727272726,0.4,0.5272727272727272,本田,SUV
皓影,control,操控,64,57,0.5087719298245614,0.21052631578947367,0.7192982456140351,本田,SUV
皓影,fuel_consumption,能耗/油耗,71,69,0.5507246376811594,0.2028985507246377,0.7536231884057971,本田,SUV
皓影,intelligence,智能化,32,31,-0.03225806451612903,0.4838709677419355,0.45161290322580644,本田,SUV
皓影,interior,内饰,65,53,0.0,0.37735849056603776,0.37735849056603776,本田,SUV
皓影,power,动力,83,79,0.6455696202531646,0.1518987341772152,0.7974683544303798,本田,SUV
皓影,space,空间,81,79,0.9620253164556962,0.012658227848101266,0.9746835443037974,本田,SUV
皓影,value,性价比,62,59,0.4067796610169492,0.13559322033898305,0.5423728813559322,本田,SUV
皓影新能源,appearance,外观,10,10,1.0,0.0,1.0,本田,SUV
皓影新能源,comfort,舒适性,9,8,-0.125,0.5,0.375,本田,SUV
皓影新能源,configuration,配置,6,5,1.0,0.0,1.0,本田,SUV
皓影新能源,control,操控,9,8,0.5,0.25,0.75,本田,SUV
皓影新能源,fuel_consumption,能耗/油耗,10,10,0.4,0.2,0.6,本田,SUV
皓影新能源,intelligence,智能化,8,8,0.0,0.375,0.375,本田,SUV
皓影新能源,interior,内饰,8,8,0.25,0.375,0.625,本田,SUV
皓影新能源,power,动力,10,9,1.0,0.0,1.0,本田,SUV
皓影新能源,space,空间,10,9,1.0,0.0,1.0,本田,SUV
皓影新能源,value,性价比,9,9,0.5555555555555556,0.2222222222222222,0.7777777777777778,本田,SUV
睿蓝8,fuel_consumption,能耗/油耗,1,1,0.0,0.0,0.0,睿蓝汽车,MPV
睿蓝8,space,空间,1,1,1.0,0.0,1.0,睿蓝汽车,MPV
睿蓝8,value,性价比,1,1,1.0,0.0,1.0,睿蓝汽车,MPV
福瑞迪,appearance,外观,10,10,0.6,0.2,0.8,起亚,轿车
福瑞迪,comfort,舒适性,10,10,0.3,0.3,0.6,起亚,轿车
福瑞迪,configuration,配置,8,6,0.8333333333333334,0.0,0.8333333333333334,起亚,轿车
福瑞迪,control,操控,10,10,0.6,0.1,0.7,起亚,轿车
福瑞迪,fuel_consumption,能耗/油耗,10,10,0.5,0.1,0.6,起亚,轿车
福瑞迪,intelligence,智能化,3,0,,,,起亚,轿车
福瑞迪,interior,内饰,10,10,0.7,0.1,0.8,起亚,轿车
福瑞迪,power,动力,10,10,0.7,0.1,0.8,起亚,轿车
福瑞迪,space,空间,10,10,1.0,0.0,1.0,起亚,轿车
福瑞迪,value,性价比,10,10,1.0,0.0,1.0,起亚,轿车
秦L,appearance,外观,10,10,0.8,0.1,0.9,比亚迪,轿车
秦L,comfort,舒适性,9,9,0.4444444444444444,0.2222222222222222,0.6666666666666666,比亚迪,轿车
秦L,configuration,配置,7,5,1.0,0.0,1.0,比亚迪,轿车
秦L,control,操控,10,8,0.75,0.125,0.875,比亚迪,轿车
秦L,fuel_consumption,能耗/油耗,10,10,1.0,0.0,1.0,比亚迪,轿车
秦L,intelligence,智能化,10,10,1.0,0.0,1.0,比亚迪,轿车
秦L,interior,内饰,9,7,0.5714285714285714,0.14285714285714285,0.7142857142857143,比亚迪,轿车
秦L,power,动力,7,6,1.0,0.0,1.0,比亚迪,轿车
秦L,space,空间,10,10,0.8,0.1,0.9,比亚迪,轿车
秦L,value,性价比,10,9,1.0,0.0,1.0,比亚迪,轿车
秦PLUS,appearance,外观,22,21,0.8571428571428571,0.047619047619047616,0.9047619047619048,比亚迪,轿车
秦PLUS,comfort,舒适性,22,16,-0.375,0.6875,0.3125,比亚迪,轿车
秦PLUS,configuration,配置,20,12,0.8333333333333334,0.08333333333333333,0.9166666666666666,比亚迪,轿车
秦PLUS,control,操控,22,15,0.06666666666666667,0.4666666666666667,0.5333333333333333,比亚迪,轿车
秦PLUS,fuel_consumption,能耗/油耗,25,25,0.92,0.04,0.96,比亚迪,轿车
秦PLUS,intelligence,智能化,23,21,0.3333333333333333,0.2857142857142857,0.6190476190476191,比亚迪,轿车
秦PLUS,interior,内饰,23,21,0.2857142857142857,0.2857142857142857,0.5714285714285714,比亚迪,轿车
秦PLUS,power,动力,21,20,1.0,0.0,1.0,比亚迪,轿车
秦PLUS,space,空间,24,23,0.782608695652174,0.08695652173913043,0.8695652173913043,比亚迪,轿车
秦PLUS,value,性价比,23,23,0.9130434782608695,0.043478260869565216,0.9565217391304348,比亚迪,轿车
秦新能源,appearance,外观,10,10,1.0,0.0,1.0,比亚迪,轿车
秦新能源,comfort,舒适性,8,7,0.42857142857142855,0.14285714285714285,0.5714285714285714,比亚迪,轿车
秦新能源,configuration,配置,9,5,0.4,0.2,0.6,比亚迪,轿车
秦新能源,control,操控,9,7,0.42857142857142855,0.14285714285714285,0.5714285714285714,比亚迪,轿车
秦新能源,fuel_consumption,能耗/油耗,10,10,1.0,0.0,1.0,比亚迪,轿车
秦新能源,intelligence,智能化,7,7,0.14285714285714285,0.42857142857142855,0.5714285714285714,比亚迪,轿车
秦新能源,interior,内饰,10,10,0.8,0.1,0.9,比亚迪,轿车
秦新能源,power,动力,9,9,1.0,0.0,1.0,比亚迪,轿车
秦新能源,space,空间,10,10,0.7,0.1,0.8,比亚迪,轿车
秦新能源,value,性价比,10,10,1.0,0.0,1.0,比亚迪,轿车
索纳塔,appearance,外观,84,81,0.7777777777777778,0.06172839506172839,0.8395061728395061,现代,轿车
索纳塔,comfort,舒适性,79,62,0.20967741935483872,0.2903225806451613,0.5,现代,轿车
索纳塔,configuration,配置,82,61,0.7377049180327869,0.08196721311475409,0.819672131147541,现代,轿车
索纳塔,control,操控,72,65,0.4307692307692308,0.16923076923076924,0.6,现代,轿车
索纳塔,fuel_consumption,能耗/油耗,57,54,0.037037037037037035,0.3888888888888889,0.42592592592592593,现代,轿车
索纳塔,intelligence,智能化,32,30,0.5,0.23333333333333334,0.7333333333333333,现代,轿车
索纳塔,interior,内饰,79,71,0.5211267605633803,0.18309859154929578,0.704225352112676,现代,轿车
索纳塔,power,动力,97,95,0.7473684210526316,0.07368421052631578,0.8210526315789474,现代,轿车
索纳塔,space,空间,87,83,0.7349397590361446,0.07228915662650602,0.8072289156626506,现代,轿车
索纳塔,value,性价比,63,58,0.5689655172413793,0.15517241379310345,0.7241379310344828,现代,轿车
红旗E-HS9,appearance,外观,80,78,0.9871794871794872,0.0,0.9871794871794872,红旗,SUV
红旗E-HS9,comfort,舒适性,90,78,0.782051282051282,0.07692307692307693,0.8589743589743589,红旗,SUV
红旗E-HS9,configuration,配置,69,53,0.7547169811320755,0.07547169811320754,0.8301886792452831,红旗,SUV
红旗E-HS9,control,操控,78,70,0.35714285714285715,0.2714285714285714,0.6285714285714286,红旗,SUV
红旗E-HS9,fuel_consumption,能耗/油耗,68,59,-0.3898305084745763,0.5932203389830508,0.2033898305084746,红旗,SUV
红旗E-HS9,intelligence,智能化,46,41,0.04878048780487805,0.4634146341463415,0.5121951219512195,红旗,SUV
红旗E-HS9,interior,内饰,77,72,0.9027777777777778,0.013888888888888888,0.9166666666666666,红旗,SUV
红旗E-HS9,power,动力,74,72,0.9444444444444444,0.013888888888888888,0.9583333333333334,红旗,SUV
红旗E-HS9,space,空间,79,72,0.5972222222222222,0.1111111111111111,0.7083333333333334,红旗,SUV
红旗E-HS9,value,性价比,57,48,-0.10416666666666667,0.3958333333333333,0.2916666666666667,红旗,SUV
红旗E-QM5,appearance,外观,51,51,0.6274509803921569,0.13725490196078433,0.7647058823529411,红旗,轿车
红旗E-QM5,comfort,舒适性,55,55,0.12727272727272726,0.2727272727272727,0.4,红旗,轿车
红旗E-QM5,configuration,配置,51,51,-0.5686274509803921,0.7647058823529411,0.19607843137254902,红旗,轿车
红旗E-QM5,control,操控,46,46,0.2826086956521739,0.2608695652173913,0.5434782608695652,红旗,轿车
红旗E-QM5,fuel_consumption,能耗/油耗,77,77,0.12987012987012986,0.2597402597402597,0.38961038961038963,红旗,轿车
红旗E-QM5,intelligence,智能化,49,49,-0.6122448979591837,0.7755102040816326,0.16326530612244897,红旗,轿车
红旗E-QM5,interior,内饰,39,39,0.1794871794871795,0.28205128205128205,0.46153846153846156,红旗,轿车
红旗E-QM5,power,动力,39,39,0.6410256410256411,0.1282051282051282,0.7692307692307693,红旗,轿车
红旗E-QM5,space,空间,72,72,0.9583333333333334,0.013888888888888888,0.9722222222222222,红旗,轿车
红旗E-QM5,value,性价比,58,58,0.7931034482758621,0.034482758620689655,0.8275862068965517,红旗,轿车
红旗EH7,appearance,外观,12,12,0.6666666666666666,0.08333333333333333,0.75,红旗,轿车
红旗EH7,comfort,舒适性,13,13,0.5384615384615384,0.15384615384615385,0.6923076923076923,红旗,轿车
红旗EH7,configuration,配置,17,17,0.4117647058823529,0.17647058823529413,0.5882352941176471,红旗,轿车
红旗EH7,control,操控,14,14,0.7142857142857143,0.07142857142857142,0.7857142857142857,红旗,轿车
红旗EH7,fuel_consumption,能耗/油耗,22,22,0.13636363636363635,0.2727272727272727,0.4090909090909091,红旗,轿车
红旗EH7,intelligence,智能化,19,19,-0.15789473684210525,0.5263157894736842,0.3684210526315789,红旗,轿车
红旗EH7,interior,内饰,11,11,0.45454545454545453,0.18181818181818182,0.6363636363636364,红旗,轿车
红旗EH7,power,动力,10,10,1.0,0.0,1.0,红旗,轿车
红旗EH7,space,空间,19,19,1.0,0.0,1.0,红旗,轿车
红旗EH7,value,性价比,11,11,0.45454545454545453,0.09090909090909091,0.5454545454545454,红旗,轿车
红旗H5,appearance,外观,71,71,0.971830985915493,0.0,0.971830985915493,红旗,轿车
红旗H5,comfort,舒适性,62,57,0.2631578947368421,0.2982456140350877,0.5614035087719298,红旗,轿车
红旗H5,configuration,配置,45,42,0.6904761904761905,0.14285714285714285,0.8333333333333334,红旗,轿车
红旗H5,control,操控,50,48,0.4791666666666667,0.22916666666666666,0.7083333333333334,红旗,轿车
红旗H5,fuel_consumption,能耗/油耗,75,73,-0.1506849315068493,0.5616438356164384,0.410958904109589,红旗,轿车
红旗H5,intelligence,智能化,54,53,-0.41509433962264153,0.660377358490566,0.24528301886792453,红旗,轿车
红旗H5,interior,内饰,62,59,0.7796610169491526,0.06779661016949153,0.847457627118644,红旗,轿车
红旗H5,power,动力,67,67,0.6716417910447762,0.13432835820895522,0.8059701492537313,红旗,轿车
红旗H5,space,空间,74,73,0.9315068493150684,0.0,0.9315068493150684,红旗,轿车
红旗H5,value,性价比,57,56,0.5714285714285714,0.10714285714285714,0.6785714285714286,红旗,轿车
红旗H5 PHEV,appearance,外观,29,29,0.9655172413793104,0.0,0.9655172413793104,红旗,轿车
红旗H5 PHEV,comfort,舒适性,25,23,0.2608695652173913,0.34782608695652173,0.6086956521739131,红旗,轿车
红旗H5 PHEV,configuration,配置,21,18,-0.1111111111111111,0.5,0.3888888888888889,红旗,轿车
红旗H5 PHEV,control,操控,18,17,0.29411764705882354,0.17647058823529413,0.47058823529411764,红旗,轿车
红旗H5 PHEV,fuel_consumption,能耗/油耗,33,33,0.3333333333333333,0.24242424242424243,0.5757575757575758,红旗,轿车
红旗H5 PHEV,intelligence,智能化,27,27,-0.8518518518518519,0.9259259259259259,0.07407407407407407,红旗,轿车
红旗H5 PHEV,interior,内饰,30,28,0.75,0.10714285714285714,0.8571428571428571,红旗,轿车
红旗H5 PHEV,power,动力,26,26,0.7692307692307693,0.07692307692307693,0.8461538461538461,红旗,轿车
红旗H5 PHEV,space,空间,30,29,0.8620689655172413,0.034482758620689655,0.896551724137931,红旗,轿车
红旗H5 PHEV,value,性价比,17,16,0.125,0.4375,0.5625,红旗,轿车
红旗H6,appearance,外观,65,64,1.0,0.0,1.0,红旗,轿车
红旗H6,comfort,舒适性,39,38,-0.2631578947368421,0.5263157894736842,0.2631578947368421,红旗,轿车
红旗H6,configuration,配置,30,28,0.4642857142857143,0.17857142857142858,0.6428571428571429,红旗,轿车
红旗H6,control,操控,25,25,0.64,0.08,0.72,红旗,轿车
红旗H6,fuel_consumption,能耗/油耗,67,66,-0.24242424242424243,0.5757575757575758,0.3333333333333333,红旗,轿车
红旗H6,intelligence,智能化,39,39,-0.38461538461538464,0.6410256410256411,0.2564102564102564,红旗,轿车
红旗H6,interior,内饰,37,37,0.7837837837837838,0.08108108108108109,0.8648648648648649,红旗,轿车
红旗H6,power,动力,63,63,0.746031746031746,0.1111111111111111,0.8571428571428571,红旗,轿车
红旗H6,space,空间,46,46,0.7608695652173914,0.08695652173913043,0.8478260869565217,红旗,轿车
红旗H6,value,性价比,38,38,0.4473684210526316,0.02631578947368421,0.47368421052631576,红旗,轿车
红旗H9,appearance,外观,83,79,0.9367088607594937,0.0,0.9367088607594937,红旗,轿车
红旗H9,comfort,舒适性,93,83,0.6144578313253012,0.18072289156626506,0.7951807228915663,红旗,轿车
红旗H9,configuration,配置,70,53,0.7169811320754716,0.09433962264150944,0.8113207547169812,红旗,轿车
红旗H9,control,操控,76,66,0.3939393939393939,0.21212121212121213,0.6060606060606061,红旗,轿车
红旗H9,fuel_consumption,能耗/油耗,71,65,-0.1076923076923077,0.4461538461538462,0.3384615384615385,红旗,轿车
红旗H9,intelligence,智能化,34,32,-0.375,0.65625,0.28125,红旗,轿车
红旗H9,interior,内饰,76,75,0.64,0.10666666666666667,0.7466666666666667,红旗,轿车
红旗H9,power,动力,83,82,0.6219512195121951,0.14634146341463414,0.7682926829268293,红旗,轿车
红旗H9,space,空间,90,83,0.30120481927710846,0.27710843373493976,0.5783132530120482,红旗,轿车
红旗H9,value,性价比,62,58,0.5689655172413793,0.10344827586206896,0.6724137931034483,红旗,轿车
红旗HQ9,appearance,外观,21,21,0.8571428571428571,0.0,0.8571428571428571,红旗,MPV
红旗HQ9,comfort,舒适性,17,17,0.7647058823529411,0.058823529411764705,0.8235294117647058,红旗,MPV
红旗HQ9,configuration,配置,16,16,0.75,0.125,0.875,红旗,MPV
红旗HQ9,control,操控,9,9,0.6666666666666666,0.0,0.6666666666666666,红旗,MPV
红旗HQ9,fuel_consumption,能耗/油耗,10,10,-0.5,0.6,0.1,红旗,MPV
红旗HQ9,intelligence,智能化,9,9,-0.1111111111111111,0.5555555555555556,0.4444444444444444,红旗,MPV
红旗HQ9,interior,内饰,16,16,0.6875,0.0625,0.75,红旗,MPV
红旗HQ9,power,动力,18,18,0.5,0.16666666666666666,0.6666666666666666,红旗,MPV
红旗HQ9,space,空间,21,21,0.8095238095238095,0.0,0.8095238095238095,红旗,MPV
红旗HQ9,value,性价比,10,10,-0.3,0.5,0.2,红旗,MPV
红旗HS3,appearance,外观,40,40,1.0,0.0,1.0,红旗,SUV
红旗HS3,comfort,舒适性,33,32,0.125,0.34375,0.46875,红旗,SUV
红旗HS3,configuration,配置,29,29,0.3448275862068966,0.27586206896551724,0.6206896551724138,红旗,SUV
红旗HS3,control,操控,25,24,0.375,0.041666666666666664,0.4166666666666667,红旗,SUV
红旗HS3,fuel_consumption,能耗/油耗,51,51,-0.21568627450980393,0.5490196078431373,0.3333333333333333,红旗,SUV
红旗HS3,intelligence,智能化,28,28,-0.2857142857142857,0.6428571428571429,0.35714285714285715,红旗,SUV
红旗HS3,interior,内饰,39,39,0.4358974358974359,0.20512820512820512,0.6410256410256411,红旗,SUV
红旗HS3,power,动力,37,37,0.13513513513513514,0.35135135135135137,0.4864864864864865,红旗,SUV
红旗HS3,space,空间,41,41,0.7804878048780488,0.04878048780487805,0.8292682926829268,红旗,SUV
红旗HS3,value,性价比,31,31,0.4838709677419355,0.12903225806451613,0.6129032258064516,红旗,SUV
红旗HS3 PHEV,appearance,外观,39,39,0.9230769230769231,0.02564102564102564,0.9487179487179487,红旗,SUV
红旗HS3 PHEV,comfort,舒适性,31,31,0.0967741935483871,0.3548387096774194,0.45161290322580644,红旗,SUV
红旗HS3 PHEV,configuration,配置,29,27,0.1111111111111111,0.37037037037037035,0.48148148148148145,红旗,SUV
红旗HS3 PHEV,control,操控,18,18,0.5555555555555556,0.1111111111111111,0.6666666666666666,红旗,SUV
红旗HS3 PHEV,fuel_consumption,能耗/油耗,45,45,0.17777777777777778,0.3111111111111111,0.4888888888888889,红旗,SUV
红旗HS3 PHEV,intelligence,智能化,41,41,-0.5609756097560976,0.7560975609756098,0.1951219512195122,红旗,SUV
红旗HS3 PHEV,interior,内饰,30,29,0.3793103448275862,0.2413793103448276,0.6206896551724138,红旗,SUV
红旗HS3 PHEV,power,动力,34,34,0.6764705882352942,0.11764705882352941,0.7941176470588235,红旗,SUV
红旗HS3 PHEV,space,空间,43,43,0.7209302325581395,0.11627906976744186,0.8372093023255814,红旗,SUV
红旗HS3 PHEV,value,性价比,29,29,0.6206896551724138,0.10344827586206896,0.7241379310344828,红旗,SUV
红旗HS5,appearance,外观,82,79,0.8987341772151899,0.012658227848101266,0.9113924050632911,红旗,SUV
红旗HS5,comfort,舒适性,98,84,0.11904761904761904,0.36904761904761907,0.4880952380952381,红旗,SUV
红旗HS5,configuration,配置,81,70,0.6571428571428571,0.11428571428571428,0.7714285714285715,红旗,SUV
红旗HS5,control,操控,74,65,0.0,0.4,0.4,红旗,SUV
红旗HS5,fuel_consumption,能耗/油耗,92,90,-0.14444444444444443,0.5111111111111111,0.36666666666666664,红旗,SUV
红旗HS5,intelligence,智能化,62,62,-0.4838709677419355,0.6935483870967742,0.20967741935483872,红旗,SUV
红旗HS5,interior,内饰,78,75,0.68,0.06666666666666667,0.7466666666666667,红旗,SUV
红旗HS5,power,动力,85,82,0.6463414634146342,0.10975609756097561,0.7560975609756098,红旗,SUV
红旗HS5,space,空间,94,94,0.7978723404255319,0.07446808510638298,0.8723404255319149,红旗,SUV
红旗HS5,value,性价比,85,83,0.7108433734939759,0.07228915662650602,0.7831325301204819,红旗,SUV
红旗HS7 PHEV,appearance,外观,16,16,0.9375,0.0,0.9375,红旗,SUV
红旗HS7 PHEV,comfort,舒适性,8,8,0.5,0.125,0.625,红旗,SUV
红旗HS7 PHEV,configuration,配置,9,9,-0.6666666666666666,0.6666666666666666,0.0,红旗,SUV
红旗HS7 PHEV,control,操控,5,5,0.2,0.2,0.4,红旗,SUV
红旗HS7 PHEV,fuel_consumption,能耗/油耗,16,16,0.125,0.3125,0.4375,红旗,SUV
红旗HS7 PHEV,intelligence,智能化,11,11,-0.45454545454545453,0.6363636363636364,0.18181818181818182,红旗,SUV
红旗HS7 PHEV,interior,内饰,9,9,0.2222222222222222,0.2222222222222222,0.4444444444444444,红旗,SUV
红旗HS7 PHEV,power,动力,3,3,1.0,0.0,1.0,红旗,SUV
红旗HS7 PHEV,space,空间,9,9,1.0,0.0,1.0,红旗,SUV
红旗HS7 PHEV,value,性价比,7,7,0.8571428571428571,0.0,0.8571428571428571,红旗,SUV
红旗天工05,appearance,外观,19,19,0.8947368421052632,0.0,0.8947368421052632,红旗,轿车
红旗天工05,comfort,舒适性,12,12,0.16666666666666666,0.25,0.4166666666666667,红旗,轿车
红旗天工05,configuration,配置,18,16,0.25,0.25,0.5,红旗,轿车
红旗天工05,control,操控,20,20,0.65,0.0,0.65,红旗,轿车
红旗天工05,fuel_consumption,能耗/油耗,29,29,0.10344827586206896,0.3103448275862069,0.41379310344827586,红旗,轿车
红旗天工05,intelligence,智能化,26,26,-0.07692307692307693,0.5384615384615384,0.46153846153846156,红旗,轿车
红旗天工05,interior,内饰,19,19,0.47368421052631576,0.10526315789473684,0.5789473684210527,红旗,轿车
红旗天工05,power,动力,11,11,0.8181818181818182,0.0,0.8181818181818182,红旗,轿车
红旗天工05,space,空间,17,16,0.8125,0.0625,0.875,红旗,轿车
红旗天工05,value,性价比,17,17,0.35294117647058826,0.17647058823529413,0.5294117647058824,红旗,轿车
红旗天工06,appearance,外观,4,4,0.75,0.0,0.75,红旗,SUV
红旗天工06,comfort,舒适性,7,7,0.42857142857142855,0.14285714285714285,0.5714285714285714,红旗,SUV
红旗天工06,configuration,配置,5,5,0.0,0.4,0.4,红旗,SUV
红旗天工06,control,操控,7,6,0.6666666666666666,0.16666666666666666,0.8333333333333334,红旗,SUV
红旗天工06,fuel_consumption,能耗/油耗,9,9,0.2222222222222222,0.3333333333333333,0.5555555555555556,红旗,SUV
红旗天工06,intelligence,智能化,8,8,-0.375,0.625,0.25,红旗,SUV
红旗天工06,interior,内饰,5,5,0.4,0.0,0.4,红旗,SUV
红旗天工06,power,动力,4,4,0.5,0.0,0.5,红旗,SUV
红旗天工06,space,空间,9,9,0.5555555555555556,0.1111111111111111,0.6666666666666666,红旗,SUV
红旗天工06,value,性价比,4,4,-0.25,0.5,0.25,红旗,SUV
红旗天工08,appearance,外观,6,6,0.5,0.16666666666666666,0.6666666666666666,红旗,SUV
红旗天工08,comfort,舒适性,8,8,0.75,0.125,0.875,红旗,SUV
红旗天工08,configuration,配置,7,7,0.7142857142857143,0.0,0.7142857142857143,红旗,SUV
红旗天工08,control,操控,8,8,0.625,0.0,0.625,红旗,SUV
红旗天工08,fuel_consumption,能耗/油耗,11,10,0.0,0.2,0.2,红旗,SUV
红旗天工08,intelligence,智能化,9,8,-0.75,0.875,0.125,红旗,SUV
红旗天工08,interior,内饰,8,7,0.42857142857142855,0.2857142857142857,0.7142857142857143,红旗,SUV
红旗天工08,power,动力,10,10,0.9,0.0,0.9,红旗,SUV
红旗天工08,space,空间,9,9,1.0,0.0,1.0,红旗,SUV
红旗天工08,value,性价比,6,6,0.6666666666666666,0.0,0.6666666666666666,红旗,SUV
纳米01,appearance,外观,22,22,1.0,0.0,1.0,东风纳米,轿车
纳米01,comfort,舒适性,21,16,-0.1875,0.5,0.3125,东风纳米,轿车
纳米01,configuration,配置,23,15,0.9333333333333333,0.0,0.9333333333333333,东风纳米,轿车
纳米01,control,操控,22,15,0.8,0.06666666666666667,0.8666666666666667,东风纳米,轿车
纳米01,fuel_consumption,能耗/油耗,22,22,0.8636363636363636,0.045454545454545456,0.9090909090909091,东风纳米,轿车
纳米01,intelligence,智能化,23,23,0.5652173913043478,0.17391304347826086,0.7391304347826086,东风纳米,轿车
纳米01,interior,内饰,22,21,0.7142857142857143,0.09523809523809523,0.8095238095238095,东风纳米,轿车
纳米01,power,动力,15,14,1.0,0.0,1.0,东风纳米,轿车
纳米01,space,空间,23,23,0.5217391304347826,0.08695652173913043,0.6086956521739131,东风纳米,轿车
纳米01,value,性价比,23,22,1.0,0.0,1.0,东风纳米,轿车
缤智,appearance,外观,89,83,0.927710843373494,0.024096385542168676,0.9518072289156626,本田,SUV
缤智,comfort,舒适性,92,89,-0.7303370786516854,0.8314606741573034,0.10112359550561797,本田,SUV
缤智,configuration,配置,86,73,-0.4520547945205479,0.6986301369863014,0.2465753424657534,本田,SUV
缤智,control,操控,73,65,0.3230769230769231,0.23076923076923078,0.5538461538461539,本田,SUV
缤智,fuel_consumption,能耗/油耗,83,82,0.8658536585365854,0.04878048780487805,0.9146341463414634,本田,SUV
缤智,intelligence,智能化,41,35,-0.5142857142857142,0.5428571428571428,0.02857142857142857,本田,SUV
缤智,interior,内饰,80,74,-0.527027027027027,0.7027027027027027,0.17567567567567569,本田,SUV
缤智,power,动力,88,86,0.4186046511627907,0.23255813953488372,0.6511627906976745,本田,SUV
缤智,space,空间,92,91,0.945054945054945,0.02197802197802198,0.967032967032967,本田,SUV
缤智,value,性价比,84,81,0.6172839506172839,0.13580246913580246,0.7530864197530864,本田,SUV
缤瑞,appearance,外观,75,74,0.8513513513513513,0.02702702702702703,0.8783783783783784,吉利汽车,轿车
缤瑞,comfort,舒适性,78,77,-0.14285714285714285,0.4805194805194805,0.33766233766233766,吉利汽车,轿车
缤瑞,configuration,配置,64,63,0.4444444444444444,0.20634920634920634,0.6507936507936508,吉利汽车,轿车
缤瑞,control,操控,76,73,0.4657534246575342,0.1917808219178082,0.6575342465753424,吉利汽车,轿车
缤瑞,fuel_consumption,能耗/油耗,61,59,0.6271186440677966,0.11864406779661017,0.7457627118644068,吉利汽车,轿车
缤瑞,intelligence,智能化,49,48,0.0,0.4166666666666667,0.4166666666666667,吉利汽车,轿车
缤瑞,interior,内饰,70,67,0.6716417910447762,0.11940298507462686,0.7910447761194029,吉利汽车,轿车
缤瑞,power,动力,97,97,0.7319587628865979,0.1134020618556701,0.845360824742268,吉利汽车,轿车
缤瑞,space,空间,75,73,0.5205479452054794,0.136986301369863,0.6575342465753424,吉利汽车,轿车
缤瑞,value,性价比,74,73,0.7123287671232876,0.0410958904109589,0.7534246575342466,吉利汽车,轿车
缤越,appearance,外观,63,61,0.9672131147540983,0.01639344262295082,0.9836065573770492,吉利汽车,SUV
缤越,comfort,舒适性,65,59,-0.5254237288135594,0.6949152542372882,0.1694915254237288,吉利汽车,SUV
缤越,configuration,配置,54,49,0.46938775510204084,0.24489795918367346,0.7142857142857143,吉利汽车,SUV
缤越,control,操控,47,46,0.5652173913043478,0.15217391304347827,0.717391304347826,吉利汽车,SUV
缤越,fuel_consumption,能耗/油耗,64,63,0.14285714285714285,0.36507936507936506,0.5079365079365079,吉利汽车,SUV
缤越,intelligence,智能化,39,37,-0.2702702702702703,0.5675675675675675,0.2972972972972973,吉利汽车,SUV
缤越,interior,内饰,51,48,0.6875,0.041666666666666664,0.7291666666666666,吉利汽车,SUV
缤越,power,动力,79,79,0.7848101265822784,0.08860759493670886,0.8734177215189873,吉利汽车,SUV
缤越,space,空间,74,73,0.6027397260273972,0.136986301369863,0.7397260273972602,吉利汽车,SUV
缤越,value,性价比,66,61,0.8360655737704918,0.03278688524590164,0.8688524590163934,吉利汽车,SUV
羿驰05,appearance,外观,6,6,0.6666666666666666,0.16666666666666666,0.8333333333333334,江铃集团新能源,轿车
羿驰05,comfort,舒适性,7,7,0.14285714285714285,0.14285714285714285,0.2857142857142857,江铃集团新能源,轿车
羿驰05,configuration,配置,5,5,0.2,0.4,0.6,江铃集团新能源,轿车
羿驰05,control,操控,5,5,0.4,0.2,0.6,江铃集团新能源,轿车
羿驰05,fuel_consumption,能耗/油耗,7,7,0.2857142857142857,0.2857142857142857,0.5714285714285714,江铃集团新能源,轿车
羿驰05,intelligence,智能化,4,4,0.0,0.5,0.5,江铃集团新能源,轿车
羿驰05,interior,内饰,5,5,0.6,0.2,0.8,江铃集团新能源,轿车
羿驰05,power,动力,3,3,1.0,0.0,1.0,江铃集团新能源,轿车
羿驰05,space,空间,5,5,1.0,0.0,1.0,江铃集团新能源,轿车
羿驰05,value,性价比,4,4,0.75,0.0,0.75,江铃集团新能源,轿车
胜达,appearance,外观,68,64,0.6875,0.09375,0.78125,现代,SUV
胜达,comfort,舒适性,70,64,0.28125,0.3125,0.59375,现代,SUV
胜达,configuration,配置,60,53,0.8301886792452831,0.05660377358490566,0.8867924528301887,现代,SUV
胜达,control,操控,52,49,0.5102040816326531,0.12244897959183673,0.6326530612244898,现代,SUV
胜达,fuel_consumption,能耗/油耗,73,71,-0.29577464788732394,0.6197183098591549,0.323943661971831,现代,SUV
胜达,intelligence,智能化,31,30,0.6,0.1,0.7,现代,SUV
胜达,interior,内饰,59,55,0.509090909090909,0.10909090909090909,0.6181818181818182,现代,SUV
胜达,power,动力,78,78,0.6410256410256411,0.11538461538461539,0.7564102564102564,现代,SUV
胜达,space,空间,79,79,0.9113924050632911,0.0379746835443038,0.9493670886075949,现代,SUV
胜达,value,性价比,59,59,0.6101694915254238,0.05084745762711865,0.6610169491525424,现代,SUV
腾势D9,appearance,外观,10,10,1.0,0.0,1.0,腾势,MPV
腾势D9,comfort,舒适性,10,10,0.8,0.1,0.9,腾势,MPV
腾势D9,configuration,配置,10,6,1.0,0.0,1.0,腾势,MPV
腾势D9,control,操控,9,8,1.0,0.0,1.0,腾势,MPV
腾势D9,fuel_consumption,能耗/油耗,10,9,1.0,0.0,1.0,腾势,MPV
腾势D9,intelligence,智能化,8,8,1.0,0.0,1.0,腾势,MPV
腾势D9,interior,内饰,10,10,0.8,0.1,0.9,腾势,MPV
腾势D9,power,动力,9,9,1.0,0.0,1.0,腾势,MPV
腾势D9,space,空间,10,10,0.9,0.0,0.9,腾势,MPV
腾势D9,value,性价比,10,10,0.8,0.1,0.9,腾势,MPV
艾力绅,appearance,外观,62,58,0.7068965517241379,0.08620689655172414,0.7931034482758621,本田,MPV
艾力绅,comfort,舒适性,95,91,0.3626373626373626,0.27472527472527475,0.6373626373626373,本田,MPV
艾力绅,configuration,配置,62,48,-0.10416666666666667,0.5416666666666666,0.4375,本田,MPV
艾力绅,control,操控,63,57,0.3508771929824561,0.21052631578947367,0.5614035087719298,本田,MPV
艾力绅,fuel_consumption,能耗/油耗,74,73,0.8082191780821918,0.0821917808219178,0.8904109589041096,本田,MPV
艾力绅,intelligence,智能化,33,30,-0.5666666666666667,0.7333333333333333,0.16666666666666666,本田,MPV
艾力绅,interior,内饰,66,51,-0.0392156862745098,0.4117647058823529,0.37254901960784315,本田,MPV
艾力绅,power,动力,81,78,0.3974358974358974,0.20512820512820512,0.6025641025641025,本田,MPV
艾力绅,space,空间,88,84,0.8452380952380952,0.05952380952380952,0.9047619047619048,本田,MPV
艾力绅,value,性价比,57,50,0.38,0.18,0.56,本田,MPV
艾瑞泽5,appearance,外观,71,65,0.7076923076923077,0.06153846153846154,0.7692307692307693,奇瑞,轿车
艾瑞泽5,comfort,舒适性,74,64,-0.484375,0.671875,0.1875,奇瑞,轿车
艾瑞泽5,configuration,配置,57,52,0.4807692307692308,0.21153846153846154,0.6923076923076923,奇瑞,轿车
艾瑞泽5,control,操控,65,58,0.20689655172413793,0.3103448275862069,0.5172413793103449,奇瑞,轿车
艾瑞泽5,fuel_consumption,能耗/油耗,78,76,0.10526315789473684,0.39473684210526316,0.5,奇瑞,轿车
艾瑞泽5,intelligence,智能化,12,9,-0.1111111111111111,0.4444444444444444,0.3333333333333333,奇瑞,轿车
艾瑞泽5,interior,内饰,62,54,0.35185185185185186,0.2962962962962963,0.6481481481481481,奇瑞,轿车
艾瑞泽5,power,动力,86,82,-0.14634146341463414,0.5,0.35365853658536583,奇瑞,轿车
艾瑞泽5,space,空间,79,78,0.8846153846153846,0.01282051282051282,0.8974358974358975,奇瑞,轿车
艾瑞泽5,value,性价比,79,77,0.7142857142857143,0.09090909090909091,0.8051948051948052,奇瑞,轿车
艾瑞泽8,appearance,外观,75,75,0.9066666666666666,0.013333333333333334,0.92,奇瑞,轿车
艾瑞泽8,comfort,舒适性,91,87,0.3793103448275862,0.27586206896551724,0.6551724137931034,奇瑞,轿车
艾瑞泽8,configuration,配置,73,70,0.6571428571428571,0.15714285714285714,0.8142857142857143,奇瑞,轿车
艾瑞泽8,control,操控,78,77,0.6363636363636364,0.15584415584415584,0.7922077922077922,奇瑞,轿车
艾瑞泽8,fuel_consumption,能耗/油耗,84,80,0.325,0.325,0.65,奇瑞,轿车
艾瑞泽8,intelligence,智能化,67,67,-0.1044776119402985,0.4925373134328358,0.3880597014925373,奇瑞,轿车
艾瑞泽8,interior,内饰,78,78,0.6153846153846154,0.11538461538461539,0.7307692307692307,奇瑞,轿车
艾瑞泽8,power,动力,91,91,0.9340659340659341,0.02197802197802198,0.9560439560439561,奇瑞,轿车
艾瑞泽8,space,空间,83,83,0.9759036144578314,0.012048192771084338,0.9879518072289156,奇瑞,轿车
艾瑞泽8,value,性价比,81,79,0.8354430379746836,0.012658227848101266,0.8481012658227848,奇瑞,轿车
英仕派,appearance,外观,80,76,0.9078947368421053,0.02631578947368421,0.9342105263157895,本田,轿车
英仕派,comfort,舒适性,84,83,-0.39759036144578314,0.6746987951807228,0.27710843373493976,本田,轿车
英仕派,configuration,配置,82,79,0.1518987341772152,0.3924050632911392,0.5443037974683544,本田,轿车
英仕派,control,操控,70,67,0.5223880597014925,0.1791044776119403,0.7014925373134329,本田,轿车
英仕派,fuel_consumption,能耗/油耗,80,80,0.525,0.2,0.725,本田,轿车
英仕派,intelligence,智能化,40,39,-0.5897435897435898,0.717948717948718,0.1282051282051282,本田,轿车
英仕派,interior,内饰,64,59,0.06779661016949153,0.3559322033898305,0.423728813559322,本田,轿车
英仕派,power,动力,85,84,0.8809523809523809,0.023809523809523808,0.9047619047619048,本田,轿车
英仕派,space,空间,85,84,0.9166666666666666,0.011904761904761904,0.9285714285714286,本田,轿车
英仕派,value,性价比,82,79,0.7088607594936709,0.06329113924050633,0.7721518987341772,本田,轿车
荣威D5X DMH,appearance,外观,16,16,0.875,0.0,0.875,荣威,SUV
荣威D5X DMH,comfort,舒适性,23,23,0.34782608695652173,0.2608695652173913,0.6086956521739131,荣威,SUV
荣威D5X DMH,configuration,配置,16,16,-0.4375,0.6875,0.25,荣威,SUV
荣威D5X DMH,control,操控,16,16,0.5,0.1875,0.6875,荣威,SUV
荣威D5X DMH,fuel_consumption,能耗/油耗,23,23,0.6956521739130435,0.13043478260869565,0.8260869565217391,荣威,SUV
荣威D5X DMH,intelligence,智能化,26,26,-0.23076923076923078,0.5769230769230769,0.34615384615384615,荣威,SUV
荣威D5X DMH,interior,内饰,16,16,0.5,0.1875,0.6875,荣威,SUV
荣威D5X DMH,power,动力,31,31,0.967741935483871,0.0,0.967741935483871,荣威,SUV
荣威D5X DMH,space,空间,23,23,0.782608695652174,0.08695652173913043,0.8695652173913043,荣威,SUV
荣威D5X DMH,value,性价比,23,23,0.5217391304347826,0.13043478260869565,0.6521739130434783,荣威,SUV
荣威D6,appearance,外观,43,43,0.6976744186046512,0.09302325581395349,0.7906976744186046,荣威,轿车
荣威D6,comfort,舒适性,66,66,-0.06060606060606061,0.36363636363636365,0.30303030303030304,荣威,轿车
荣威D6,configuration,配置,45,44,-0.18181818181818182,0.4772727272727273,0.29545454545454547,荣威,轿车
荣威D6,control,操控,45,44,0.20454545454545456,0.2727272727272727,0.4772727272727273,荣威,轿车
荣威D6,fuel_consumption,能耗/油耗,84,82,0.6829268292682927,0.04878048780487805,0.7317073170731707,荣威,轿车
荣威D6,intelligence,智能化,45,45,-0.4888888888888889,0.7111111111111111,0.2222222222222222,荣威,轿车
荣威D6,interior,内饰,53,53,-0.2641509433962264,0.5283018867924528,0.2641509433962264,荣威,轿车
荣威D6,power,动力,46,46,0.6521739130434783,0.13043478260869565,0.782608695652174,荣威,轿车
荣威D6,space,空间,68,68,0.6470588235294118,0.11764705882352941,0.7647058823529411,荣威,轿车
荣威D6,value,性价比,76,76,0.6842105263157895,0.05263157894736842,0.7368421052631579,荣威,轿车
荣威D7,appearance,外观,10,10,1.0,0.0,1.0,荣威,轿车
荣威D7,comfort,舒适性,9,7,0.42857142857142855,0.2857142857142857,0.7142857142857143,荣威,轿车
荣威D7,configuration,配置,10,4,1.0,0.0,1.0,荣威,轿车
荣威D7,control,操控,9,7,0.42857142857142855,0.2857142857142857,0.7142857142857143,荣威,轿车
荣威D7,fuel_consumption,能耗/油耗,10,10,1.0,0.0,1.0,荣威,轿车
荣威D7,intelligence,智能化,10,10,0.5,0.1,0.6,荣威,轿车
荣威D7,interior,内饰,10,10,0.7,0.1,0.8,荣威,轿车
荣威D7,power,动力,10,10,0.9,0.0,0.9,荣威,轿车
荣威D7,space,空间,10,10,0.8,0.1,0.9,荣威,轿车
荣威D7,value,性价比,10,10,1.0,0.0,1.0,荣威,轿车
荣威RX3,appearance,外观,10,10,1.0,0.0,1.0,荣威,SUV
荣威RX3,comfort,舒适性,10,10,0.5,0.2,0.7,荣威,SUV
荣威RX3,configuration,配置,9,9,0.7777777777777778,0.1111111111111111,0.8888888888888888,荣威,SUV
荣威RX3,control,操控,10,10,1.0,0.0,1.0,荣威,SUV
荣威RX3,fuel_consumption,能耗/油耗,10,10,1.0,0.0,1.0,荣威,SUV
荣威RX3,intelligence,智能化,6,4,1.0,0.0,1.0,荣威,SUV
荣威RX3,interior,内饰,10,10,0.6,0.1,0.7,荣威,SUV
荣威RX3,power,动力,10,10,0.4,0.2,0.6,荣威,SUV
荣威RX3,space,空间,10,10,0.5,0.2,0.7,荣威,SUV
荣威RX3,value,性价比,10,10,1.0,0.0,1.0,荣威,SUV
荣威i5,appearance,外观,70,68,0.7647058823529411,0.07352941176470588,0.8382352941176471,荣威,轿车
荣威i5,comfort,舒适性,67,60,-0.08333333333333333,0.48333333333333334,0.4,荣威,轿车
荣威i5,configuration,配置,69,64,0.703125,0.140625,0.84375,荣威,轿车
荣威i5,control,操控,58,54,0.35185185185185186,0.25925925925925924,0.6111111111111112,荣威,轿车
荣威i5,fuel_consumption,能耗/油耗,72,69,0.2028985507246377,0.3188405797101449,0.5217391304347826,荣威,轿车
荣威i5,intelligence,智能化,32,32,-0.0625,0.46875,0.40625,荣威,轿车
荣威i5,interior,内饰,50,45,0.08888888888888889,0.3111111111111111,0.4,荣威,轿车
荣威i5,power,动力,84,83,-0.0963855421686747,0.46987951807228917,0.37349397590361444,荣威,轿车
荣威i5,space,空间,69,62,0.5967741935483871,0.11290322580645161,0.7096774193548387,荣威,轿车
荣威i5,value,性价比,76,71,0.7464788732394366,0.08450704225352113,0.8309859154929577,荣威,轿车
荣威i6 MAX新能源,appearance,外观,10,9,1.0,0.0,1.0,荣威,轿车
荣威i6 MAX新能源,comfort,舒适性,10,9,0.8888888888888888,0.0,0.8888888888888888,荣威,轿车
荣威i6 MAX新能源,configuration,配置,6,5,1.0,0.0,1.0,荣威,轿车
荣威i6 MAX新能源,control,操控,9,9,0.7777777777777778,0.0,0.7777777777777778,荣威,轿车
荣威i6 MAX新能源,fuel_consumption,能耗/油耗,10,9,0.8888888888888888,0.0,0.8888888888888888,荣威,轿车
荣威i6 MAX新能源,intelligence,智能化,4,3,1.0,0.0,1.0,荣威,轿车
荣威i6 MAX新能源,interior,内饰,9,9,0.8888888888888888,0.0,0.8888888888888888,荣威,轿车
荣威i6 MAX新能源,power,动力,9,9,1.0,0.0,1.0,荣威,轿车
荣威i6 MAX新能源,space,空间,9,9,0.5555555555555556,0.1111111111111111,0.6666666666666666,荣威,轿车
荣威i6 MAX新能源,value,性价比,10,10,0.5,0.2,0.7,荣威,轿车
荣威iMAX8,appearance,外观,57,52,0.8269230769230769,0.019230769230769232,0.8461538461538461,荣威,MPV
荣威iMAX8,comfort,舒适性,80,79,0.7088607594936709,0.10126582278481013,0.810126582278481,荣威,MPV
荣威iMAX8,configuration,配置,71,63,0.5238095238095238,0.19047619047619047,0.7142857142857143,荣威,MPV
荣威iMAX8,control,操控,64,62,0.7096774193548387,0.11290322580645161,0.8225806451612904,荣威,MPV
荣威iMAX8,fuel_consumption,能耗/油耗,66,64,0.25,0.3125,0.5625,荣威,MPV
荣威iMAX8,intelligence,智能化,39,37,0.02702702702702703,0.4864864864864865,0.5135135135135135,荣威,MPV
荣威iMAX8,interior,内饰,56,50,0.36,0.16,0.52,荣威,MPV
荣威iMAX8,power,动力,75,75,0.5866666666666667,0.13333333333333333,0.72,荣威,MPV
荣威iMAX8,space,空间,82,82,0.573170731707317,0.18292682926829268,0.7560975609756098,荣威,MPV
荣威iMAX8,value,性价比,72,70,0.7857142857142857,0.04285714285714286,0.8285714285714286,荣威,MPV
荣威iMAX8新能源,appearance,外观,10,10,0.9,0.0,0.9,荣威,MPV
荣威iMAX8新能源,comfort,舒适性,8,5,0.0,0.4,0.4,荣威,MPV
荣威iMAX8新能源,configuration,配置,10,7,1.0,0.0,1.0,荣威,MPV
荣威iMAX8新能源,control,操控,6,3,0.0,0.3333333333333333,0.3333333333333333,荣威,MPV
荣威iMAX8新能源,fuel_consumption,能耗/油耗,10,10,0.7,0.1,0.8,荣威,MPV
荣威iMAX8新能源,intelligence,智能化,10,10,0.4,0.2,0.6,荣威,MPV
荣威iMAX8新能源,interior,内饰,10,10,0.6,0.1,0.7,荣威,MPV
荣威iMAX8新能源,power,动力,9,9,1.0,0.0,1.0,荣威,MPV
荣威iMAX8新能源,space,空间,10,10,0.6,0.2,0.8,荣威,MPV
荣威iMAX8新能源,value,性价比,10,10,1.0,0.0,1.0,荣威,MPV
菱智,appearance,外观,16,13,0.8461538461538461,0.0,0.8461538461538461,东风风行,MPV
菱智,comfort,舒适性,28,20,-0.5,0.75,0.25,东风风行,MPV
菱智,configuration,配置,8,6,0.6666666666666666,0.16666666666666666,0.8333333333333334,东风风行,MPV
菱智,control,操控,18,14,-0.14285714285714285,0.5,0.35714285714285715,东风风行,MPV
菱智,fuel_consumption,能耗/油耗,25,25,0.12,0.4,0.52,东风风行,MPV
菱智,intelligence,智能化,3,2,1.0,0.0,1.0,东风风行,MPV
菱智,interior,内饰,14,12,0.5,0.16666666666666666,0.6666666666666666,东风风行,MPV
菱智,power,动力,32,30,-0.3,0.6,0.3,东风风行,MPV
菱智,space,空间,35,35,0.8285714285714286,0.08571428571428572,0.9142857142857143,东风风行,MPV
菱智,value,性价比,20,19,0.6842105263157895,0.10526315789473684,0.7894736842105263,东风风行,MPV
蒙迪欧,appearance,外观,75,75,0.9466666666666667,0.0,0.9466666666666667,福特,轿车
蒙迪欧,comfort,舒适性,71,71,0.3380281690140845,0.2535211267605634,0.5915492957746479,福特,轿车
蒙迪欧,configuration,配置,66,61,0.14754098360655737,0.3770491803278688,0.5245901639344263,福特,轿车
蒙迪欧,control,操控,76,75,0.4666666666666667,0.24,0.7066666666666667,福特,轿车
蒙迪欧,fuel_consumption,能耗/油耗,86,85,-0.07058823529411765,0.4470588235294118,0.3764705882352941,福特,轿车
蒙迪欧,intelligence,智能化,55,53,-0.20754716981132076,0.5471698113207547,0.33962264150943394,福特,轿车
蒙迪欧,interior,内饰,73,67,0.26865671641791045,0.26865671641791045,0.5373134328358209,福特,轿车
蒙迪欧,power,动力,93,93,0.8064516129032258,0.07526881720430108,0.8817204301075269,福特,轿车
蒙迪欧,space,空间,87,85,0.8588235294117647,0.047058823529411764,0.9058823529411765,福特,轿车
蒙迪欧,value,性价比,73,73,0.6027397260273972,0.0821917808219178,0.684931506849315,福特,轿车
蔚来ET5,appearance,外观,81,81,0.9876543209876543,0.0,0.9876543209876543,蔚来,轿车
蔚来ET5,comfort,舒适性,79,79,-0.0379746835443038,0.45569620253164556,0.4177215189873418,蔚来,轿车
蔚来ET5,configuration,配置,63,63,0.5873015873015873,0.1111111111111111,0.6984126984126984,蔚来,轿车
蔚来ET5,control,操控,73,73,0.6986301369863014,0.0684931506849315,0.7671232876712328,蔚来,轿车
蔚来ET5,fuel_consumption,能耗/油耗,88,88,-0.045454545454545456,0.45454545454545453,0.4090909090909091,蔚来,轿车
蔚来ET5,intelligence,智能化,75,75,0.6933333333333334,0.10666666666666667,0.8,蔚来,轿车
蔚来ET5,interior,内饰,74,74,0.7432432432432432,0.05405405405405406,0.7972972972972973,蔚来,轿车
蔚来ET5,power,动力,65,65,0.8923076923076924,0.0,0.8923076923076924,蔚来,轿车
蔚来ET5,space,空间,81,81,-0.13580246913580246,0.5061728395061729,0.37037037037037035,蔚来,轿车
蔚来ET5,value,性价比,64,64,0.421875,0.140625,0.5625,蔚来,轿车
蔚来ET5T,appearance,外观,80,80,0.9625,0.0,0.9625,蔚来,轿车
蔚来ET5T,comfort,舒适性,66,66,-0.2727272727272727,0.5909090909090909,0.3181818181818182,蔚来,轿车
蔚来ET5T,configuration,配置,59,59,0.576271186440678,0.0847457627118644,0.6610169491525424,蔚来,轿车
蔚来ET5T,control,操控,53,53,0.4339622641509434,0.20754716981132076,0.6415094339622641,蔚来,轿车
蔚来ET5T,fuel_consumption,能耗/油耗,80,80,-0.2875,0.6,0.3125,蔚来,轿车
蔚来ET5T,intelligence,智能化,66,66,0.6060606060606061,0.18181818181818182,0.7878787878787878,蔚来,轿车
蔚来ET5T,interior,内饰,63,63,0.7619047619047619,0.015873015873015872,0.7777777777777778,蔚来,轿车
蔚来ET5T,power,动力,41,41,0.8536585365853658,0.0,0.8536585365853658,蔚来,轿车
蔚来ET5T,space,空间,67,67,0.22388059701492538,0.34328358208955223,0.5671641791044776,蔚来,轿车
蔚来ET5T,value,性价比,62,61,0.4262295081967213,0.13114754098360656,0.5573770491803278,蔚来,轿车
蔚来ET7,appearance,外观,66,66,0.8787878787878788,0.015151515151515152,0.8939393939393939,蔚来,轿车
蔚来ET7,comfort,舒适性,84,84,0.5357142857142857,0.21428571428571427,0.75,蔚来,轿车
蔚来ET7,configuration,配置,64,64,0.734375,0.03125,0.765625,蔚来,轿车
蔚来ET7,control,操控,59,59,0.3389830508474576,0.23728813559322035,0.576271186440678,蔚来,轿车
蔚来ET7,fuel_consumption,能耗/油耗,80,80,0.1125,0.275,0.3875,蔚来,轿车
蔚来ET7,intelligence,智能化,64,64,0.625,0.15625,0.78125,蔚来,轿车
蔚来ET7,interior,内饰,61,61,0.6885245901639344,0.13114754098360656,0.819672131147541,蔚来,轿车
蔚来ET7,power,动力,67,67,0.9402985074626866,0.0,0.9402985074626866,蔚来,轿车
蔚来ET7,space,空间,65,65,0.27692307692307694,0.27692307692307694,0.5538461538461539,蔚来,轿车
蔚来ET7,value,性价比,36,36,0.3333333333333333,0.16666666666666666,0.5,蔚来,轿车
蔚来ET9,appearance,外观,6,6,1.0,0.0,1.0,蔚来,轿车
蔚来ET9,comfort,舒适性,6,6,0.3333333333333333,0.3333333333333333,0.6666666666666666,蔚来,轿车
蔚来ET9,configuration,配置,5,5,0.6,0.0,0.6,蔚来,轿车
蔚来ET9,control,操控,7,7,0.5714285714285714,0.14285714285714285,0.7142857142857143,蔚来,轿车
蔚来ET9,fuel_consumption,能耗/油耗,5,5,0.2,0.0,0.2,蔚来,轿车
蔚来ET9,intelligence,智能化,6,6,0.5,0.16666666666666666,0.6666666666666666,蔚来,轿车
蔚来ET9,interior,内饰,7,7,0.5714285714285714,0.0,0.5714285714285714,蔚来,轿车
蔚来ET9,power,动力,5,5,0.2,0.0,0.2,蔚来,轿车
蔚来ET9,space,空间,5,5,0.8,0.0,0.8,蔚来,轿车
蔚来ET9,value,性价比,4,4,-0.5,0.75,0.25,蔚来,轿车
豪越L,appearance,外观,41,41,0.7317073170731707,0.0975609756097561,0.8292682926829268,吉利汽车,SUV
豪越L,comfort,舒适性,60,59,0.2033898305084746,0.288135593220339,0.4915254237288136,吉利汽车,SUV
豪越L,configuration,配置,39,39,0.5128205128205128,0.1794871794871795,0.6923076923076923,吉利汽车,SUV
豪越L,control,操控,41,41,0.4146341463414634,0.24390243902439024,0.6585365853658537,吉利汽车,SUV
豪越L,fuel_consumption,能耗/油耗,58,58,0.3448275862068966,0.29310344827586204,0.6379310344827587,吉利汽车,SUV
豪越L,intelligence,智能化,26,26,-0.07692307692307693,0.46153846153846156,0.38461538461538464,吉利汽车,SUV
豪越L,interior,内饰,35,35,0.42857142857142855,0.2,0.6285714285714286,吉利汽车,SUV
豪越L,power,动力,77,77,0.7792207792207793,0.07792207792207792,0.8571428571428571,吉利汽车,SUV
豪越L,space,空间,81,80,0.9,0.0375,0.9375,吉利汽车,SUV
豪越L,value,性价比,53,53,0.7735849056603774,0.03773584905660377,0.8113207547169812,吉利汽车,SUV
赛图斯,appearance,外观,8,8,0.625,0.125,0.75,起亚,SUV
赛图斯,comfort,舒适性,10,10,-0.1,0.4,0.3,起亚,SUV
赛图斯,configuration,配置,6,6,0.0,0.5,0.5,起亚,SUV
赛图斯,control,操控,7,7,0.7142857142857143,0.0,0.7142857142857143,起亚,SUV
赛图斯,fuel_consumption,能耗/油耗,9,9,0.4444444444444444,0.2222222222222222,0.6666666666666666,起亚,SUV
赛图斯,intelligence,智能化,6,6,0.3333333333333333,0.16666666666666666,0.5,起亚,SUV
赛图斯,interior,内饰,7,7,-0.2857142857142857,0.42857142857142855,0.14285714285714285,起亚,SUV
赛图斯,power,动力,12,12,-0.08333333333333333,0.5,0.4166666666666667,起亚,SUV
赛图斯,space,空间,9,9,0.5555555555555556,0.1111111111111111,0.6666666666666666,起亚,SUV
赛图斯,value,性价比,6,6,-0.16666666666666666,0.3333333333333333,0.16666666666666666,起亚,SUV
赛那SIENNA,appearance,外观,18,18,1.0,0.0,1.0,丰田,MPV
赛那SIENNA,comfort,舒适性,19,19,0.42105263157894735,0.2631578947368421,0.6842105263157895,丰田,MPV
赛那SIENNA,configuration,配置,17,15,0.7333333333333333,0.13333333333333333,0.8666666666666667,丰田,MPV
赛那SIENNA,control,操控,10,4,0.25,0.25,0.5,丰田,MPV
赛那SIENNA,fuel_consumption,能耗/油耗,19,19,1.0,0.0,1.0,丰田,MPV
赛那SIENNA,intelligence,智能化,9,6,0.3333333333333333,0.3333333333333333,0.6666666666666666,丰田,MPV
赛那SIENNA,interior,内饰,17,17,-0.6470588235294118,0.7647058823529411,0.11764705882352941,丰田,MPV
赛那SIENNA,power,动力,17,15,0.8666666666666667,0.06666666666666667,0.9333333333333333,丰田,MPV
赛那SIENNA,space,空间,19,18,1.0,0.0,1.0,丰田,MPV
赛那SIENNA,value,性价比,17,17,0.8235294117647058,0.058823529411764705,0.8823529411764706,丰田,MPV
起亚EV5,appearance,外观,15,15,0.7333333333333333,0.0,0.7333333333333333,起亚,SUV
起亚EV5,comfort,舒适性,20,20,0.45,0.2,0.65,起亚,SUV
起亚EV5,configuration,配置,11,11,0.45454545454545453,0.18181818181818182,0.6363636363636364,起亚,SUV
起亚EV5,control,操控,18,18,0.7222222222222222,0.05555555555555555,0.7777777777777778,起亚,SUV
起亚EV5,fuel_consumption,能耗/油耗,26,26,0.19230769230769232,0.19230769230769232,0.38461538461538464,起亚,SUV
起亚EV5,intelligence,智能化,19,19,-0.3157894736842105,0.631578947368421,0.3157894736842105,起亚,SUV
起亚EV5,interior,内饰,16,16,0.3125,0.1875,0.5,起亚,SUV
起亚EV5,power,动力,13,13,0.46153846153846156,0.15384615384615385,0.6153846153846154,起亚,SUV
起亚EV5,space,空间,21,21,0.9047619047619048,0.0,0.9047619047619048,起亚,SUV
起亚EV5,value,性价比,13,13,0.8461538461538461,0.07692307692307693,0.9230769230769231,起亚,SUV
起亚K3,appearance,外观,66,62,0.8709677419354839,0.04838709677419355,0.9193548387096774,起亚,轿车
起亚K3,comfort,舒适性,78,69,-0.14492753623188406,0.5072463768115942,0.36231884057971014,起亚,轿车
起亚K3,configuration,配置,68,55,0.5272727272727272,0.21818181818181817,0.7454545454545455,起亚,轿车
起亚K3,control,操控,65,59,0.13559322033898305,0.3050847457627119,0.4406779661016949,起亚,轿车
起亚K3,fuel_consumption,能耗/油耗,59,58,0.5862068965517241,0.13793103448275862,0.7241379310344828,起亚,轿车
起亚K3,intelligence,智能化,35,24,-0.041666666666666664,0.5,0.4583333333333333,起亚,轿车
起亚K3,interior,内饰,64,54,0.5185185185185185,0.16666666666666666,0.6851851851851852,起亚,轿车
起亚K3,power,动力,83,81,0.09876543209876543,0.345679012345679,0.4444444444444444,起亚,轿车
起亚K3,space,空间,66,61,0.4426229508196721,0.19672131147540983,0.639344262295082,起亚,轿车
起亚K3,value,性价比,63,62,0.5645161290322581,0.12903225806451613,0.6935483870967742,起亚,轿车
起亚KX3傲跑,appearance,外观,10,10,1.0,0.0,1.0,起亚,SUV
起亚KX3傲跑,comfort,舒适性,10,10,0.2,0.3,0.5,起亚,SUV
起亚KX3傲跑,configuration,配置,8,7,0.7142857142857143,0.14285714285714285,0.8571428571428571,起亚,SUV
起亚KX3傲跑,control,操控,10,10,0.8,0.1,0.9,起亚,SUV
起亚KX3傲跑,fuel_consumption,能耗/油耗,10,10,1.0,0.0,1.0,起亚,SUV
起亚KX3傲跑,intelligence,智能化,4,3,-0.3333333333333333,0.6666666666666666,0.3333333333333333,起亚,SUV
起亚KX3傲跑,interior,内饰,10,10,0.3,0.2,0.5,起亚,SUV
起亚KX3傲跑,power,动力,10,10,0.9,0.0,0.9,起亚,SUV
起亚KX3傲跑,space,空间,10,10,1.0,0.0,1.0,起亚,SUV
起亚KX3傲跑,value,性价比,10,10,1.0,0.0,1.0,起亚,SUV
轩逸,appearance,外观,70,63,0.7777777777777778,0.07936507936507936,0.8571428571428571,日产,轿车
轩逸,comfort,舒适性,75,70,0.5571428571428572,0.17142857142857143,0.7285714285714285,日产,轿车
轩逸,configuration,配置,60,50,0.0,0.42,0.42,日产,轿车
轩逸,control,操控,57,46,0.08695652173913043,0.32608695652173914,0.41304347826086957,日产,轿车
轩逸,fuel_consumption,能耗/油耗,80,78,0.7307692307692307,0.11538461538461539,0.8461538461538461,日产,轿车
轩逸,intelligence,智能化,27,23,0.21739130434782608,0.2608695652173913,0.4782608695652174,日产,轿车
轩逸,interior,内饰,68,60,0.4166666666666667,0.18333333333333332,0.6,日产,轿车
轩逸,power,动力,86,83,-0.12048192771084337,0.4939759036144578,0.37349397590361444,日产,轿车
轩逸,space,空间,68,66,0.8333333333333334,0.06060606060606061,0.8939393939393939,日产,轿车
轩逸,value,性价比,73,71,0.6338028169014085,0.11267605633802817,0.7464788732394366,日产,轿车
迈腾,appearance,外观,107,97,0.8762886597938144,0.020618556701030927,0.8969072164948454,大众,轿车
迈腾,comfort,舒适性,99,89,-0.38202247191011235,0.6404494382022472,0.25842696629213485,大众,轿车
迈腾,configuration,配置,72,66,0.2727272727272727,0.3181818181818182,0.5909090909090909,大众,轿车
迈腾,control,操控,95,91,0.6703296703296703,0.12087912087912088,0.7912087912087912,大众,轿车
迈腾,fuel_consumption,能耗/油耗,106,104,0.19230769230769232,0.34615384615384615,0.5384615384615384,大众,轿车
迈腾,intelligence,智能化,43,40,-0.175,0.475,0.3,大众,轿车
迈腾,interior,内饰,99,84,0.5238095238095238,0.15476190476190477,0.6785714285714286,大众,轿车
迈腾,power,动力,129,128,0.8359375,0.0546875,0.890625,大众,轿车
迈腾,space,空间,127,124,0.9354838709677419,0.008064516129032258,0.9435483870967742,大众,轿车
迈腾,value,性价比,99,95,0.49473684210526314,0.11578947368421053,0.6105263157894737,大众,轿车
迈腾PHEV,appearance,外观,83,69,0.7536231884057971,0.043478260869565216,0.7971014492753623,大众,轿车
迈腾PHEV,comfort,舒适性,101,92,0.44565217391304346,0.21739130434782608,0.6630434782608695,大众,轿车
迈腾PHEV,configuration,配置,82,58,0.43103448275862066,0.27586206896551724,0.7068965517241379,大众,轿车
迈腾PHEV,control,操控,84,79,0.5189873417721519,0.189873417721519,0.7088607594936709,大众,轿车
迈腾PHEV,fuel_consumption,能耗/油耗,128,117,0.5897435897435898,0.1282051282051282,0.717948717948718,大众,轿车
迈腾PHEV,intelligence,智能化,38,33,-0.5151515151515151,0.7272727272727273,0.21212121212121213,大众,轿车
迈腾PHEV,interior,内饰,92,84,0.42857142857142855,0.21428571428571427,0.6428571428571429,大众,轿车
迈腾PHEV,power,动力,126,121,0.7355371900826446,0.09917355371900827,0.8347107438016529,大众,轿车
迈腾PHEV,space,空间,105,100,0.79,0.06,0.85,大众,轿车
迈腾PHEV,value,性价比,94,84,0.42857142857142855,0.16666666666666666,0.5952380952380952,大众,轿车
迈锐宝XL,appearance,外观,10,10,1.0,0.0,1.0,雪佛兰,轿车
迈锐宝XL,comfort,舒适性,9,6,0.0,0.5,0.5,雪佛兰,轿车
迈锐宝XL,configuration,配置,10,10,0.7,0.1,0.8,雪佛兰,轿车
迈锐宝XL,control,操控,10,8,0.625,0.125,0.75,雪佛兰,轿车
迈锐宝XL,fuel_consumption,能耗/油耗,10,10,0.7,0.1,0.8,雪佛兰,轿车
迈锐宝XL,intelligence,智能化,6,6,-0.8333333333333334,0.8333333333333334,0.0,雪佛兰,轿车
迈锐宝XL,interior,内饰,10,10,-0.1,0.5,0.4,雪佛兰,轿车
迈锐宝XL,power,动力,10,10,0.9,0.0,0.9,雪佛兰,轿车
迈锐宝XL,space,空间,9,9,0.8888888888888888,0.0,0.8888888888888888,雪佛兰,轿车
迈锐宝XL,value,性价比,10,10,1.0,0.0,1.0,雪佛兰,轿车
逍客,appearance,外观,65,61,0.819672131147541,0.04918032786885246,0.8688524590163934,日产,SUV
逍客,comfort,舒适性,62,60,0.3333333333333333,0.2833333333333333,0.6166666666666667,日产,SUV
逍客,configuration,配置,57,54,0.25925925925925924,0.3333333333333333,0.5925925925925926,日产,SUV
逍客,control,操控,60,54,0.6666666666666666,0.07407407407407407,0.7407407407407407,日产,SUV
逍客,fuel_consumption,能耗/油耗,64,64,0.234375,0.34375,0.578125,日产,SUV
逍客,intelligence,智能化,28,26,0.23076923076923078,0.34615384615384615,0.5769230769230769,日产,SUV
逍客,interior,内饰,50,47,0.2978723404255319,0.2553191489361702,0.5531914893617021,日产,SUV
逍客,power,动力,71,71,0.23943661971830985,0.29577464788732394,0.5352112676056338,日产,SUV
逍客,space,空间,67,66,0.19696969696969696,0.3333333333333333,0.5303030303030303,日产,SUV
逍客,value,性价比,59,56,0.6785714285714286,0.05357142857142857,0.7321428571428571,日产,SUV
途安,appearance,外观,10,10,0.8,0.1,0.9,大众,MPV
途安,comfort,舒适性,9,8,0.25,0.25,0.5,大众,MPV
途安,configuration,配置,9,9,0.3333333333333333,0.2222222222222222,0.5555555555555556,大众,MPV
途安,control,操控,9,8,0.625,0.125,0.75,大众,MPV
途安,fuel_consumption,能耗/油耗,10,10,1.0,0.0,1.0,大众,MPV
途安,intelligence,智能化,8,7,-0.2857142857142857,0.5714285714285714,0.2857142857142857,大众,MPV
途安,interior,内饰,10,10,0.1,0.4,0.5,大众,MPV
途安,power,动力,8,8,0.75,0.125,0.875,大众,MPV
途安,space,空间,10,10,1.0,0.0,1.0,大众,MPV
途安,value,性价比,9,9,0.8888888888888888,0.0,0.8888888888888888,大众,MPV
途岳,appearance,外观,124,124,0.9758064516129032,0.0,0.9758064516129032,大众,SUV
途岳,comfort,舒适性,121,113,-0.07964601769911504,0.4424778761061947,0.36283185840707965,大众,SUV
途岳,configuration,配置,114,106,0.1509433962264151,0.36792452830188677,0.5188679245283019,大众,SUV
途岳,control,操控,111,109,0.6697247706422018,0.11009174311926606,0.7798165137614679,大众,SUV
途岳,fuel_consumption,能耗/油耗,149,148,0.4391891891891892,0.25,0.6891891891891891,大众,SUV
途岳,intelligence,智能化,54,50,-0.26,0.54,0.28,大众,SUV
途岳,interior,内饰,109,108,-0.018518518518518517,0.4074074074074074,0.3888888888888889,大众,SUV
途岳,power,动力,157,154,0.7012987012987013,0.11688311688311688,0.8181818181818182,大众,SUV
途岳,space,空间,154,153,0.7973856209150327,0.06535947712418301,0.8627450980392157,大众,SUV
途岳,value,性价比,122,116,0.47413793103448276,0.10344827586206896,0.5775862068965517,大众,SUV
途昂,appearance,外观,112,111,0.9099099099099099,0.018018018018018018,0.9279279279279279,大众,SUV
途昂,comfort,舒适性,153,140,-0.007142857142857143,0.44285714285714284,0.4357142857142857,大众,SUV
途昂,configuration,配置,122,112,0.4107142857142857,0.25,0.6607142857142857,大众,SUV
途昂,control,操控,126,121,0.12396694214876033,0.34710743801652894,0.47107438016528924,大众,SUV
途昂,fuel_consumption,能耗/油耗,129,124,-0.1693548387096774,0.5161290322580645,0.3467741935483871,大众,SUV
途昂,intelligence,智能化,59,51,-0.29411764705882354,0.5882352941176471,0.29411764705882354,大众,SUV
途昂,interior,内饰,131,110,0.22727272727272727,0.2727272727272727,0.5,大众,SUV
途昂,power,动力,149,142,0.6197183098591549,0.14788732394366197,0.7676056338028169,大众,SUV
途昂,space,空间,180,174,0.9712643678160919,0.011494252873563218,0.9827586206896551,大众,SUV
途昂,value,性价比,125,116,0.4827586206896552,0.09482758620689655,0.5775862068965517,大众,SUV
途观L,appearance,外观,121,117,0.8461538461538461,0.05982905982905983,0.905982905982906,大众,SUV
途观L,comfort,舒适性,101,95,0.15789473684210525,0.3684210526315789,0.5263157894736842,大众,SUV
途观L,configuration,配置,92,87,0.25287356321839083,0.3448275862068966,0.5977011494252874,大众,SUV
途观L,control,操控,88,87,0.6206896551724138,0.16091954022988506,0.7816091954022989,大众,SUV
途观L,fuel_consumption,能耗/油耗,127,123,0.2845528455284553,0.3089430894308943,0.5934959349593496,大众,SUV
途观L,intelligence,智能化,72,71,-0.4788732394366197,0.676056338028169,0.19718309859154928,大众,SUV
途观L,interior,内饰,103,99,0.010101010101010102,0.3939393939393939,0.40404040404040403,大众,SUV
途观L,power,动力,126,124,0.7258064516129032,0.0967741935483871,0.8225806451612904,大众,SUV
途观L,space,空间,140,137,0.8248175182481752,0.072992700729927,0.8978102189781022,大众,SUV
途观L,value,性价比,101,101,0.31683168316831684,0.1782178217821782,0.49504950495049505,大众,SUV
速腾,appearance,外观,137,136,0.8455882352941176,0.03676470588235294,0.8823529411764706,大众,轿车
速腾,comfort,舒适性,138,121,-0.18181818181818182,0.5289256198347108,0.34710743801652894,大众,轿车
速腾,configuration,配置,140,130,0.2923076923076923,0.27692307692307694,0.5692307692307692,大众,轿车
速腾,control,操控,129,122,0.7459016393442623,0.09016393442622951,0.8360655737704918,大众,轿车
速腾,fuel_consumption,能耗/油耗,149,146,0.589041095890411,0.136986301369863,0.726027397260274,大众,轿车
速腾,intelligence,智能化,74,70,-0.22857142857142856,0.5285714285714286,0.3,大众,轿车
速腾,interior,内饰,127,115,0.4956521739130435,0.16521739130434782,0.6608695652173913,大众,轿车
速腾,power,动力,153,149,0.7248322147651006,0.11409395973154363,0.8389261744966443,大众,轿车
速腾,space,空间,151,147,0.8163265306122449,0.06802721088435375,0.8843537414965986,大众,轿车
速腾,value,性价比,150,147,0.23809523809523808,0.2857142857142857,0.5238095238095238,大众,轿车
逸动,appearance,外观,83,79,0.9240506329113924,0.012658227848101266,0.9367088607594937,长安,轿车
逸动,comfort,舒适性,87,80,-0.2625,0.5625,0.3,长安,轿车
逸动,configuration,配置,81,73,0.7945205479452054,0.0684931506849315,0.863013698630137,长安,轿车
逸动,control,操控,78,65,0.13846153846153847,0.35384615384615387,0.49230769230769234,长安,轿车
逸动,fuel_consumption,能耗/油耗,86,84,0.11904761904761904,0.36904761904761907,0.4880952380952381,长安,轿车
逸动,intelligence,智能化,51,50,0.4,0.22,0.62,长安,轿车
逸动,interior,内饰,74,71,0.7464788732394366,0.07042253521126761,0.8169014084507042,长安,轿车
逸动,power,动力,92,90,0.7222222222222222,0.1111111111111111,0.8333333333333334,长安,轿车
逸动,space,空间,80,75,0.8133333333333334,0.05333333333333334,0.8666666666666667,长安,轿车
逸动,value,性价比,90,87,0.8045977011494253,0.05747126436781609,0.8620689655172413,长安,轿车
钇为3,appearance,外观,29,29,0.8275862068965517,0.034482758620689655,0.8620689655172413,江淮钇为,轿车
钇为3,comfort,舒适性,36,35,-0.05714285714285714,0.37142857142857144,0.3142857142857143,江淮钇为,轿车
钇为3,configuration,配置,27,27,0.2962962962962963,0.25925925925925924,0.5555555555555556,江淮钇为,轿车
钇为3,control,操控,24,24,0.25,0.25,0.5,江淮钇为,轿车
钇为3,fuel_consumption,能耗/油耗,48,48,-0.041666666666666664,0.3125,0.2708333333333333,江淮钇为,轿车
钇为3,intelligence,智能化,20,20,-0.15,0.55,0.4,江淮钇为,轿车
钇为3,interior,内饰,28,28,0.10714285714285714,0.2857142857142857,0.39285714285714285,江淮钇为,轿车
钇为3,power,动力,18,18,0.5555555555555556,0.16666666666666666,0.7222222222222222,江淮钇为,轿车
钇为3,space,空间,32,32,0.71875,0.0625,0.78125,江淮钇为,轿车
钇为3,value,性价比,36,35,0.45714285714285713,0.17142857142857143,0.6285714285714286,江淮钇为,轿车
铂智3X,appearance,外观,43,43,0.7441860465116279,0.06976744186046512,0.813953488372093,丰田,SUV
铂智3X,comfort,舒适性,53,51,0.35294117647058826,0.23529411764705882,0.5882352941176471,丰田,SUV
铂智3X,configuration,配置,46,44,0.45454545454545453,0.22727272727272727,0.6818181818181818,丰田,SUV
铂智3X,control,操控,41,41,0.4634146341463415,0.1951219512195122,0.6585365853658537,丰田,SUV
铂智3X,fuel_consumption,能耗/油耗,66,66,0.13636363636363635,0.3484848484848485,0.48484848484848486,丰田,SUV
铂智3X,intelligence,智能化,59,59,0.4576271186440678,0.2542372881355932,0.711864406779661,丰田,SUV
铂智3X,interior,内饰,43,41,0.4878048780487805,0.14634146341463414,0.6341463414634146,丰田,SUV
铂智3X,power,动力,37,37,0.6756756756756757,0.02702702702702703,0.7027027027027027,丰田,SUV
铂智3X,space,空间,69,69,0.9130434782608695,0.028985507246376812,0.9420289855072463,丰田,SUV
铂智3X,value,性价比,36,36,0.6388888888888888,0.05555555555555555,0.6944444444444444,丰田,SUV
铂智4X,appearance,外观,1,1,1.0,0.0,1.0,丰田,SUV
铂智4X,comfort,舒适性,2,2,1.0,0.0,1.0,丰田,SUV
铂智4X,configuration,配置,2,2,0.0,0.5,0.5,丰田,SUV
铂智4X,control,操控,4,4,0.5,0.0,0.5,丰田,SUV
铂智4X,fuel_consumption,能耗/油耗,4,4,0.5,0.0,0.5,丰田,SUV
铂智4X,intelligence,智能化,3,3,-1.0,1.0,0.0,丰田,SUV
铂智4X,interior,内饰,2,2,-0.5,0.5,0.0,丰田,SUV
铂智4X,power,动力,1,1,1.0,0.0,1.0,丰田,SUV
铂智4X,space,空间,3,3,1.0,0.0,1.0,丰田,SUV
铂智7,appearance,外观,10,10,0.9,0.0,0.9,丰田,轿车
铂智7,comfort,舒适性,6,5,0.8,0.0,0.8,丰田,轿车
铂智7,configuration,配置,4,4,0.5,0.0,0.5,丰田,轿车
铂智7,control,操控,6,6,0.0,0.16666666666666666,0.16666666666666666,丰田,轿车
铂智7,fuel_consumption,能耗/油耗,10,9,-0.3333333333333333,0.5555555555555556,0.2222222222222222,丰田,轿车
铂智7,intelligence,智能化,10,10,0.2,0.4,0.6,丰田,轿车
铂智7,interior,内饰,11,10,0.8,0.0,0.8,丰田,轿车
铂智7,power,动力,2,2,0.0,0.0,0.0,丰田,轿车
铂智7,space,空间,11,11,1.0,0.0,1.0,丰田,轿车
铂智7,value,性价比,4,4,0.75,0.0,0.75,丰田,轿车
银河E8,appearance,外观,55,55,0.7818181818181819,0.07272727272727272,0.8545454545454545,吉利银河,轿车
银河E8,comfort,舒适性,48,48,0.020833333333333332,0.375,0.3958333333333333,吉利银河,轿车
银河E8,configuration,配置,38,38,0.3684210526315789,0.2631578947368421,0.631578947368421,吉利银河,轿车
银河E8,control,操控,49,49,0.5918367346938775,0.10204081632653061,0.6938775510204082,吉利银河,轿车
银河E8,fuel_consumption,能耗/油耗,67,67,0.11940298507462686,0.31343283582089554,0.43283582089552236,吉利银河,轿车
银河E8,intelligence,智能化,63,63,-0.42857142857142855,0.6984126984126984,0.2698412698412698,吉利银河,轿车
银河E8,interior,内饰,42,42,0.6428571428571429,0.11904761904761904,0.7619047619047619,吉利银河,轿车
银河E8,power,动力,30,30,0.9333333333333333,0.0,0.9333333333333333,吉利银河,轿车
银河E8,space,空间,48,48,0.3333333333333333,0.2708333333333333,0.6041666666666666,吉利银河,轿车
银河E8,value,性价比,33,33,0.3939393939393939,0.18181818181818182,0.5757575757575758,吉利银河,轿车
银河V900,appearance,外观,3,3,0.6666666666666666,0.0,0.6666666666666666,吉利银河,MPV
银河V900,comfort,舒适性,4,4,0.75,0.0,0.75,吉利银河,MPV
银河V900,configuration,配置,1,1,1.0,0.0,1.0,吉利银河,MPV
银河V900,control,操控,2,2,0.5,0.0,0.5,吉利银河,MPV
银河V900,fuel_consumption,能耗/油耗,2,2,0.0,0.5,0.5,吉利银河,MPV
银河V900,intelligence,智能化,4,4,0.5,0.25,0.75,吉利银河,MPV
银河V900,interior,内饰,3,3,0.0,0.0,0.0,吉利银河,MPV
银河V900,power,动力,2,2,1.0,0.0,1.0,吉利银河,MPV
银河V900,space,空间,4,4,1.0,0.0,1.0,吉利银河,MPV
银河V900,value,性价比,3,2,0.0,0.0,0.0,吉利银河,MPV
银河星耀6,appearance,外观,44,44,0.8409090909090909,0.06818181818181818,0.9090909090909091,吉利银河,轿车
银河星耀6,comfort,舒适性,33,32,0.03125,0.4375,0.46875,吉利银河,轿车
银河星耀6,configuration,配置,25,25,0.0,0.48,0.48,吉利银河,轿车
银河星耀6,control,操控,24,24,0.5,0.25,0.75,吉利银河,轿车
银河星耀6,fuel_consumption,能耗/油耗,51,49,0.42857142857142855,0.1836734693877551,0.6122448979591837,吉利银河,轿车
银河星耀6,intelligence,智能化,40,40,0.2,0.325,0.525,吉利银河,轿车
银河星耀6,interior,内饰,35,35,0.5142857142857142,0.17142857142857143,0.6857142857142857,吉利银河,轿车
银河星耀6,power,动力,32,32,0.4375,0.28125,0.71875,吉利银河,轿车
银河星耀6,space,空间,35,35,0.8571428571428571,0.05714285714285714,0.9142857142857143,吉利银河,轿车
银河星耀6,value,性价比,37,37,0.7567567567567568,0.05405405405405406,0.8108108108108109,吉利银河,轿车
银河星耀7,appearance,外观,17,17,0.8235294117647058,0.058823529411764705,0.8823529411764706,吉利银河,轿车
银河星耀7,comfort,舒适性,22,16,0.75,0.125,0.875,吉利银河,轿车
银河星耀7,configuration,配置,14,9,1.0,0.0,1.0,吉利银河,轿车
银河星耀7,control,操控,14,11,0.8181818181818182,0.09090909090909091,0.9090909090909091,吉利银河,轿车
银河星耀7,fuel_consumption,能耗/油耗,20,18,0.16666666666666666,0.3333333333333333,0.5,吉利银河,轿车
银河星耀7,intelligence,智能化,23,23,0.34782608695652173,0.21739130434782608,0.5652173913043478,吉利银河,轿车
银河星耀7,interior,内饰,16,13,0.6923076923076923,0.07692307692307693,0.7692307692307693,吉利银河,轿车
银河星耀7,power,动力,16,15,1.0,0.0,1.0,吉利银河,轿车
银河星耀7,space,空间,18,16,0.875,0.0,0.875,吉利银河,轿车
银河星耀7,value,性价比,18,17,0.7058823529411765,0.058823529411764705,0.7647058823529411,吉利银河,轿车
锋兰达,appearance,外观,35,34,0.7352941176470589,0.08823529411764706,0.8235294117647058,丰田,SUV
锋兰达,comfort,舒适性,36,36,-0.2222222222222222,0.5277777777777778,0.3055555555555556,丰田,SUV
锋兰达,configuration,配置,36,35,0.3142857142857143,0.2857142857142857,0.6,丰田,SUV
锋兰达,control,操控,28,28,0.5,0.14285714285714285,0.6428571428571429,丰田,SUV
锋兰达,fuel_consumption,能耗/油耗,55,55,0.4727272727272727,0.23636363636363636,0.7090909090909091,丰田,SUV
锋兰达,intelligence,智能化,19,19,0.47368421052631576,0.2631578947368421,0.7368421052631579,丰田,SUV
锋兰达,interior,内饰,30,30,-0.36666666666666664,0.6333333333333333,0.26666666666666666,丰田,SUV
锋兰达,power,动力,54,52,0.5576923076923077,0.19230769230769232,0.75,丰田,SUV
锋兰达,space,空间,48,48,-0.2916666666666667,0.625,0.3333333333333333,丰田,SUV
锋兰达,value,性价比,38,38,0.6052631578947368,0.10526315789473684,0.7105263157894737,丰田,SUV
锐程PLUS,appearance,外观,64,64,0.921875,0.0,0.921875,长安,轿车
锐程PLUS,comfort,舒适性,78,78,0.16666666666666666,0.358974358974359,0.5256410256410257,长安,轿车
锐程PLUS,configuration,配置,70,70,0.6142857142857143,0.17142857142857143,0.7857142857142857,长安,轿车
锐程PLUS,control,操控,48,48,0.2916666666666667,0.20833333333333334,0.5,长安,轿车
锐程PLUS,fuel_consumption,能耗/油耗,76,76,0.3026315789473684,0.3026315789473684,0.6052631578947368,长安,轿车
锐程PLUS,intelligence,智能化,57,57,0.03508771929824561,0.43859649122807015,0.47368421052631576,长安,轿车
锐程PLUS,interior,内饰,61,61,0.4098360655737705,0.19672131147540983,0.6065573770491803,长安,轿车
锐程PLUS,power,动力,89,89,0.6179775280898876,0.1797752808988764,0.797752808988764,长安,轿车
锐程PLUS,space,空间,76,76,0.7763157894736842,0.05263157894736842,0.8289473684210527,长安,轿车
锐程PLUS,value,性价比,73,73,0.5753424657534246,0.1095890410958904,0.684931506849315,长安,轿车
锐际,appearance,外观,58,55,0.5818181818181818,0.14545454545454545,0.7272727272727273,福特,SUV
锐际,comfort,舒适性,60,53,0.0,0.39622641509433965,0.39622641509433965,福特,SUV
锐际,configuration,配置,45,38,0.2894736842105263,0.3157894736842105,0.6052631578947368,福特,SUV
锐际,control,操控,50,49,0.8775510204081632,0.04081632653061224,0.9183673469387755,福特,SUV
锐际,fuel_consumption,能耗/油耗,69,69,0.13043478260869565,0.37681159420289856,0.5072463768115942,福特,SUV
锐际,intelligence,智能化,35,34,0.058823529411764705,0.38235294117647056,0.4411764705882353,福特,SUV
锐际,interior,内饰,47,42,0.23809523809523808,0.2857142857142857,0.5238095238095238,福特,SUV
锐际,power,动力,90,90,1.0,0.0,1.0,福特,SUV
锐际,space,空间,74,74,0.44594594594594594,0.22972972972972974,0.6756756756756757,福特,SUV
锐际,value,性价比,58,57,0.631578947368421,0.05263157894736842,0.6842105263157895,福特,SUV
长安CS75 PLUS,appearance,外观,69,68,0.75,0.058823529411764705,0.8088235294117647,长安,SUV
长安CS75 PLUS,comfort,舒适性,85,74,-0.06756756756756757,0.44594594594594594,0.3783783783783784,长安,SUV
长安CS75 PLUS,configuration,配置,80,69,0.5942028985507246,0.15942028985507245,0.7536231884057971,长安,SUV
长安CS75 PLUS,control,操控,66,61,0.2786885245901639,0.29508196721311475,0.5737704918032787,长安,SUV
长安CS75 PLUS,fuel_consumption,能耗/油耗,88,82,-0.08536585365853659,0.4634146341463415,0.3780487804878049,长安,SUV
长安CS75 PLUS,intelligence,智能化,56,52,-0.019230769230769232,0.4230769230769231,0.40384615384615385,长安,SUV
长安CS75 PLUS,interior,内饰,74,69,0.6811594202898551,0.043478260869565216,0.7246376811594203,长安,SUV
长安CS75 PLUS,power,动力,91,90,0.6777777777777778,0.1111111111111111,0.7888888888888889,长安,SUV
长安CS75 PLUS,space,空间,87,83,0.8554216867469879,0.04819277108433735,0.9036144578313253,长安,SUV
长安CS75 PLUS,value,性价比,80,78,0.6666666666666666,0.07692307692307693,0.7435897435897436,长安,SUV
长安Lumin,appearance,外观,62,62,0.9032258064516129,0.016129032258064516,0.9193548387096774,长安启源,轿车
长安Lumin,comfort,舒适性,55,54,-0.09259259259259259,0.37037037037037035,0.2777777777777778,长安启源,轿车
长安Lumin,configuration,配置,45,44,0.2727272727272727,0.3409090909090909,0.6136363636363636,长安启源,轿车
长安Lumin,control,操控,50,50,0.14,0.38,0.52,长安启源,轿车
长安Lumin,fuel_consumption,能耗/油耗,73,73,0.4794520547945205,0.0821917808219178,0.5616438356164384,长安启源,轿车
长安Lumin,intelligence,智能化,46,46,-0.4782608695652174,0.6956521739130435,0.21739130434782608,长安启源,轿车
长安Lumin,interior,内饰,44,44,0.11363636363636363,0.4090909090909091,0.5227272727272727,长安启源,轿车
长安Lumin,power,动力,41,41,0.7317073170731707,0.0975609756097561,0.8292682926829268,长安启源,轿车
长安Lumin,space,空间,57,57,0.5964912280701754,0.15789473684210525,0.7543859649122807,长安启源,轿车
长安Lumin,value,性价比,60,60,0.5166666666666667,0.11666666666666667,0.6333333333333333,长安启源,轿车
长安UNI-K,appearance,外观,74,71,1.0,0.0,1.0,长安,SUV
长安UNI-K,comfort,舒适性,66,60,0.5833333333333334,0.16666666666666666,0.75,长安,SUV
长安UNI-K,configuration,配置,58,50,0.78,0.08,0.86,长安,SUV
长安UNI-K,control,操控,59,52,0.15384615384615385,0.34615384615384615,0.5,长安,SUV
长安UNI-K,fuel_consumption,能耗/油耗,70,67,0.16417910447761194,0.373134328358209,0.5373134328358209,长安,SUV
长安UNI-K,intelligence,智能化,49,47,0.23404255319148937,0.3191489361702128,0.5531914893617021,长安,SUV
长安UNI-K,interior,内饰,68,61,0.8032786885245902,0.04918032786885246,0.8524590163934426,长安,SUV
长安UNI-K,power,动力,80,80,0.6375,0.1375,0.775,长安,SUV
长安UNI-K,space,空间,79,72,1.0,0.0,1.0,长安,SUV
长安UNI-K,value,性价比,63,62,0.6774193548387096,0.11290322580645161,0.7903225806451613,长安,SUV
长安UNI-K 智电iDD,appearance,外观,70,70,0.9571428571428572,0.0,0.9571428571428572,长安,SUV
长安UNI-K 智电iDD,comfort,舒适性,81,81,0.24691358024691357,0.32098765432098764,0.5679012345679012,长安,SUV
长安UNI-K 智电iDD,configuration,配置,69,69,0.42028985507246375,0.2318840579710145,0.6521739130434783,长安,SUV
长安UNI-K 智电iDD,control,操控,59,59,-0.1016949152542373,0.4406779661016949,0.3389830508474576,长安,SUV
长安UNI-K 智电iDD,fuel_consumption,能耗/油耗,92,92,0.15217391304347827,0.34782608695652173,0.5,长安,SUV
长安UNI-K 智电iDD,intelligence,智能化,61,61,-0.3770491803278688,0.639344262295082,0.26229508196721313,长安,SUV
长安UNI-K 智电iDD,interior,内饰,64,64,0.484375,0.171875,0.65625,长安,SUV
长安UNI-K 智电iDD,power,动力,89,89,0.550561797752809,0.14606741573033707,0.6966292134831461,长安,SUV
长安UNI-K 智电iDD,space,空间,83,83,0.9156626506024096,0.024096385542168676,0.9397590361445783,长安,SUV
长安UNI-K 智电iDD,value,性价比,71,71,0.5352112676056338,0.056338028169014086,0.5915492957746479,长安,SUV
长安UNI-T,appearance,外观,93,92,0.967391304347826,0.010869565217391304,0.9782608695652174,长安,SUV
长安UNI-T,comfort,舒适性,85,74,-0.16216216216216217,0.5,0.33783783783783783,长安,SUV
长安UNI-T,configuration,配置,79,71,0.7183098591549296,0.09859154929577464,0.8169014084507042,长安,SUV
长安UNI-T,control,操控,76,71,0.2676056338028169,0.28169014084507044,0.5492957746478874,长安,SUV
长安UNI-T,fuel_consumption,能耗/油耗,75,69,0.07246376811594203,0.391304347826087,0.463768115942029,长安,SUV
长安UNI-T,intelligence,智能化,66,66,0.13636363636363635,0.4090909090909091,0.5454545454545454,长安,SUV
长安UNI-T,interior,内饰,61,58,0.7241379310344828,0.06896551724137931,0.7931034482758621,长安,SUV
长安UNI-T,power,动力,88,87,0.7126436781609196,0.09195402298850575,0.8045977011494253,长安,SUV
长安UNI-T,space,空间,77,76,0.32894736842105265,0.23684210526315788,0.5657894736842105,长安,SUV
长安UNI-T,value,性价比,82,75,0.6,0.13333333333333333,0.7333333333333333,长安,SUV
长安UNI-V,appearance,外观,77,77,0.961038961038961,0.0,0.961038961038961,长安,轿车
长安UNI-V,comfort,舒适性,88,88,-0.4659090909090909,0.6931818181818182,0.22727272727272727,长安,轿车
长安UNI-V,configuration,配置,71,70,0.8571428571428571,0.05714285714285714,0.9142857142857143,长安,轿车
长安UNI-V,control,操控,83,83,0.4819277108433735,0.1686746987951807,0.6506024096385542,长安,轿车
长安UNI-V,fuel_consumption,能耗/油耗,84,84,-0.023809523809523808,0.4642857142857143,0.44047619047619047,长安,轿车
长安UNI-V,intelligence,智能化,57,57,0.43859649122807015,0.14035087719298245,0.5789473684210527,长安,轿车
长安UNI-V,interior,内饰,72,72,0.6666666666666666,0.05555555555555555,0.7222222222222222,长安,轿车
长安UNI-V,power,动力,89,89,0.8764044943820225,0.02247191011235955,0.898876404494382,长安,轿车
长安UNI-V,space,空间,83,83,0.04819277108433735,0.43373493975903615,0.4819277108433735,长安,轿车
长安UNI-V,value,性价比,89,89,0.6292134831460674,0.10112359550561797,0.7303370786516854,长安,轿车
长安X5 PLUS,appearance,外观,44,44,0.8863636363636364,0.045454545454545456,0.9318181818181818,长安,SUV
长安X5 PLUS,comfort,舒适性,48,46,-0.391304347826087,0.6304347826086957,0.2391304347826087,长安,SUV
长安X5 PLUS,configuration,配置,27,27,0.5555555555555556,0.18518518518518517,0.7407407407407407,长安,SUV
长安X5 PLUS,control,操控,24,24,0.4583333333333333,0.20833333333333334,0.6666666666666666,长安,SUV
长安X5 PLUS,fuel_consumption,能耗/油耗,49,49,0.2653061224489796,0.3469387755102041,0.6122448979591837,长安,SUV
长安X5 PLUS,intelligence,智能化,28,26,-0.23076923076923078,0.5384615384615384,0.3076923076923077,长安,SUV
长安X5 PLUS,interior,内饰,20,20,0.2,0.3,0.5,长安,SUV
长安X5 PLUS,power,动力,61,61,0.6065573770491803,0.18032786885245902,0.7868852459016393,长安,SUV
长安X5 PLUS,space,空间,44,44,0.4772727272727273,0.22727272727272727,0.7045454545454546,长安,SUV
长安X5 PLUS,value,性价比,36,36,0.6944444444444444,0.08333333333333333,0.7777777777777778,长安,SUV
长安启源A07,appearance,外观,75,75,0.9866666666666667,0.0,0.9866666666666667,长安启源,轿车
长安启源A07,comfort,舒适性,64,63,0.047619047619047616,0.4126984126984127,0.4603174603174603,长安启源,轿车
长安启源A07,configuration,配置,64,62,0.5483870967741935,0.16129032258064516,0.7096774193548387,长安启源,轿车
长安启源A07,control,操控,54,54,-0.2037037037037037,0.48148148148148145,0.2777777777777778,长安启源,轿车
长安启源A07,fuel_consumption,能耗/油耗,77,77,0.4935064935064935,0.11688311688311688,0.6103896103896104,长安启源,轿车
长安启源A07,intelligence,智能化,63,63,-0.30158730158730157,0.6349206349206349,0.3333333333333333,长安启源,轿车
长安启源A07,interior,内饰,68,67,0.582089552238806,0.11940298507462686,0.7014925373134329,长安启源,轿车
长安启源A07,power,动力,44,44,0.8409090909090909,0.022727272727272728,0.8636363636363636,长安启源,轿车
长安启源A07,space,空间,59,59,0.3728813559322034,0.2711864406779661,0.6440677966101694,长安启源,轿车
长安启源A07,value,性价比,66,65,0.6615384615384615,0.09230769230769231,0.7538461538461538,长安启源,轿车
雅阁,appearance,外观,90,87,0.8505747126436781,0.05747126436781609,0.9080459770114943,本田,轿车
雅阁,comfort,舒适性,92,88,-0.17045454545454544,0.5340909090909091,0.36363636363636365,本田,轿车
雅阁,configuration,配置,89,82,-0.12195121951219512,0.4878048780487805,0.36585365853658536,本田,轿车
雅阁,control,操控,83,78,0.5,0.16666666666666666,0.6666666666666666,本田,轿车
雅阁,fuel_consumption,能耗/油耗,91,90,0.7888888888888889,0.05555555555555555,0.8444444444444444,本田,轿车
雅阁,intelligence,智能化,43,43,-0.4883720930232558,0.6744186046511628,0.18604651162790697,本田,轿车
雅阁,interior,内饰,73,66,-0.12121212121212122,0.4393939393939394,0.3181818181818182,本田,轿车
雅阁,power,动力,93,93,0.8279569892473119,0.043010752688172046,0.8709677419354839,本田,轿车
雅阁,space,空间,96,93,0.8924731182795699,0.03225806451612903,0.9247311827956989,本田,轿车
雅阁,value,性价比,87,86,0.5930232558139535,0.06976744186046512,0.6627906976744186,本田,轿车
零跑B01,appearance,外观,54,54,0.8333333333333334,0.05555555555555555,0.8888888888888888,零跑汽车,轿车
零跑B01,comfort,舒适性,72,71,-0.15492957746478872,0.49295774647887325,0.3380281690140845,零跑汽车,轿车
零跑B01,configuration,配置,59,59,0.4576271186440678,0.2542372881355932,0.711864406779661,零跑汽车,轿车
零跑B01,control,操控,52,51,0.3137254901960784,0.19607843137254902,0.5098039215686274,零跑汽车,轿车
零跑B01,fuel_consumption,能耗/油耗,89,88,0.23863636363636365,0.3181818181818182,0.5568181818181818,零跑汽车,轿车
零跑B01,intelligence,智能化,67,67,0.23880597014925373,0.34328358208955223,0.582089552238806,零跑汽车,轿车
零跑B01,interior,内饰,61,59,0.288135593220339,0.23728813559322035,0.5254237288135594,零跑汽车,轿车
零跑B01,power,动力,40,39,0.8461538461538461,0.02564102564102564,0.8717948717948718,零跑汽车,轿车
零跑B01,space,空间,71,70,0.5714285714285714,0.17142857142857143,0.7428571428571429,零跑汽车,轿车
零跑B01,value,性价比,71,70,0.8857142857142857,0.04285714285714286,0.9285714285714286,零跑汽车,轿车
零跑Lafa5,appearance,外观,68,68,0.9852941176470589,0.0,0.9852941176470589,零跑汽车,轿车
零跑Lafa5,comfort,舒适性,55,52,-0.19230769230769232,0.5,0.3076923076923077,零跑汽车,轿车
零跑Lafa5,configuration,配置,51,47,0.3617021276595745,0.23404255319148937,0.5957446808510638,零跑汽车,轿车
零跑Lafa5,control,操控,51,49,0.3673469387755102,0.24489795918367346,0.6122448979591837,零跑汽车,轿车
零跑Lafa5,fuel_consumption,能耗/油耗,70,68,0.08823529411764706,0.3235294117647059,0.4117647058823529,零跑汽车,轿车
零跑Lafa5,intelligence,智能化,61,58,0.1724137931034483,0.3620689655172414,0.5344827586206896,零跑汽车,轿车
零跑Lafa5,interior,内饰,59,54,0.42592592592592593,0.16666666666666666,0.5925925925925926,零跑汽车,轿车
零跑Lafa5,power,动力,41,41,0.8048780487804879,0.0975609756097561,0.9024390243902439,零跑汽车,轿车
零跑Lafa5,space,空间,63,62,0.1935483870967742,0.3709677419354839,0.5645161290322581,零跑汽车,轿车
零跑Lafa5,value,性价比,51,49,0.6530612244897959,0.061224489795918366,0.7142857142857143,零跑汽车,轿车
零跑T03,appearance,外观,64,62,0.7741935483870968,0.06451612903225806,0.8387096774193549,零跑汽车,轿车
零跑T03,comfort,舒适性,68,63,-0.19047619047619047,0.42857142857142855,0.23809523809523808,零跑汽车,轿车
零跑T03,configuration,配置,55,49,0.3469387755102041,0.30612244897959184,0.6530612244897959,零跑汽车,轿车
零跑T03,control,操控,44,42,0.5476190476190477,0.14285714285714285,0.6904761904761905,零跑汽车,轿车
零跑T03,fuel_consumption,能耗/油耗,80,78,0.3333333333333333,0.19230769230769232,0.5256410256410257,零跑汽车,轿车
零跑T03,intelligence,智能化,42,41,0.0,0.4634146341463415,0.4634146341463415,零跑汽车,轿车
零跑T03,interior,内饰,50,49,0.1836734693877551,0.32653061224489793,0.5102040816326531,零跑汽车,轿车
零跑T03,power,动力,42,41,0.7073170731707317,0.07317073170731707,0.7804878048780488,零跑汽车,轿车
零跑T03,space,空间,58,58,0.5862068965517241,0.15517241379310345,0.7413793103448276,零跑汽车,轿车
零跑T03,value,性价比,74,72,0.875,0.027777777777777776,0.9027777777777778,零跑汽车,轿车
雷凌,appearance,外观,83,73,0.7123287671232876,0.0958904109589041,0.8082191780821918,丰田,轿车
雷凌,comfort,舒适性,86,77,-0.4155844155844156,0.5844155844155844,0.16883116883116883,丰田,轿车
雷凌,configuration,配置,89,80,0.4375,0.2375,0.675,丰田,轿车
雷凌,control,操控,85,75,0.6666666666666666,0.10666666666666667,0.7733333333333333,丰田,轿车
雷凌,fuel_consumption,能耗/油耗,92,91,0.4175824175824176,0.24175824175824176,0.6593406593406593,丰田,轿车
雷凌,intelligence,智能化,68,66,-0.16666666666666666,0.5454545454545454,0.3787878787878788,丰田,轿车
雷凌,interior,内饰,79,70,-0.4857142857142857,0.6428571428571429,0.15714285714285714,丰田,轿车
雷凌,power,动力,94,94,0.3404255319148936,0.20212765957446807,0.5425531914893617,丰田,轿车
雷凌,space,空间,90,87,-0.22988505747126436,0.5057471264367817,0.27586206896551724,丰田,轿车
雷凌,value,性价比,91,87,0.6551724137931034,0.10344827586206896,0.7586206896551724,丰田,轿车
领克03,appearance,外观,91,91,0.9120879120879121,0.02197802197802198,0.9340659340659341,领克,轿车
领克03,comfort,舒适性,95,90,-0.18888888888888888,0.5444444444444444,0.35555555555555557,领克,轿车
领克03,configuration,配置,85,77,0.7012987012987013,0.12987012987012986,0.8311688311688312,领克,轿车
领克03,control,操控,95,91,0.7912087912087912,0.07692307692307693,0.8681318681318682,领克,轿车
领克03,fuel_consumption,能耗/油耗,89,88,-0.14772727272727273,0.5340909090909091,0.38636363636363635,领克,轿车
领克03,intelligence,智能化,84,84,-0.4880952380952381,0.7023809523809523,0.21428571428571427,领克,轿车
领克03,interior,内饰,85,83,0.8313253012048193,0.024096385542168676,0.8554216867469879,领克,轿车
领克03,power,动力,99,99,0.9494949494949495,0.020202020202020204,0.9696969696969697,领克,轿车
领克03,space,空间,83,79,0.16455696202531644,0.3291139240506329,0.4936708860759494,领克,轿车
领克03,value,性价比,88,87,0.6896551724137931,0.06896551724137931,0.7586206896551724,领克,轿车
领克10,appearance,外观,42,35,1.0,0.0,1.0,领克,轿车
领克10,comfort,舒适性,33,18,0.5,0.2222222222222222,0.7222222222222222,领克,轿车
领克10,configuration,配置,19,10,0.8,0.1,0.9,领克,轿车
领克10,control,操控,40,36,0.9444444444444444,0.027777777777777776,0.9722222222222222,领克,轿车
领克10,fuel_consumption,能耗/油耗,43,31,0.7419354838709677,0.0967741935483871,0.8387096774193549,领克,轿车
领克10,intelligence,智能化,32,26,0.038461538461538464,0.38461538461538464,0.4230769230769231,领克,轿车
领克10,interior,内饰,27,19,0.9473684210526315,0.0,0.9473684210526315,领克,轿车
领克10,power,动力,34,29,1.0,0.0,1.0,领克,轿车
领克10,space,空间,43,40,1.0,0.0,1.0,领克,轿车
领克10,value,性价比,33,24,0.875,0.041666666666666664,0.9166666666666666,领克,轿车
风云A9L,appearance,外观,66,66,0.9242424242424242,0.0,0.9242424242424242,奇瑞风云,轿车
风云A9L,comfort,舒适性,77,74,0.3918918918918919,0.2702702702702703,0.6621621621621622,奇瑞风云,轿车
风云A9L,configuration,配置,64,59,0.3389830508474576,0.288135593220339,0.6271186440677966,奇瑞风云,轿车
风云A9L,control,操控,71,68,0.4264705882352941,0.22058823529411764,0.6470588235294118,奇瑞风云,轿车
风云A9L,fuel_consumption,能耗/油耗,77,77,0.36363636363636365,0.2597402597402597,0.6233766233766234,奇瑞风云,轿车
风云A9L,intelligence,智能化,76,75,-0.24,0.6,0.36,奇瑞风云,轿车
风云A9L,interior,内饰,78,77,0.6493506493506493,0.05194805194805195,0.7012987012987013,奇瑞风云,轿车
风云A9L,power,动力,53,51,0.7058823529411765,0.0392156862745098,0.7450980392156863,奇瑞风云,轿车
风云A9L,space,空间,79,78,0.8717948717948718,0.02564102564102564,0.8974358974358975,奇瑞风云,轿车
风云A9L,value,性价比,74,71,0.6338028169014085,0.08450704225352113,0.7183098591549296,奇瑞风云,轿车
飞凡F7,appearance,外观,81,81,0.9382716049382716,0.0,0.9382716049382716,飞凡汽车,轿车
飞凡F7,comfort,舒适性,91,91,0.6923076923076923,0.12087912087912088,0.8131868131868132,飞凡汽车,轿车
飞凡F7,configuration,配置,74,74,0.33783783783783783,0.2702702702702703,0.6081081081081081,飞凡汽车,轿车
飞凡F7,control,操控,72,72,0.7638888888888888,0.08333333333333333,0.8472222222222222,飞凡汽车,轿车
飞凡F7,fuel_consumption,能耗/油耗,78,78,0.358974358974359,0.21794871794871795,0.5769230769230769,飞凡汽车,轿车
飞凡F7,intelligence,智能化,76,76,0.0,0.47368421052631576,0.47368421052631576,飞凡汽车,轿车
飞凡F7,interior,内饰,76,76,0.75,0.039473684210526314,0.7894736842105263,飞凡汽车,轿车
飞凡F7,power,动力,66,66,0.8787878787878788,0.015151515151515152,0.8939393939393939,飞凡汽车,轿车
飞凡F7,space,空间,78,78,0.6025641025641025,0.08974358974358974,0.6923076923076923,飞凡汽车,轿车
飞凡F7,value,性价比,58,58,0.5344827586206896,0.15517241379310345,0.6896551724137931,飞凡汽车,轿车
马自达3 昂克赛拉,appearance,外观,88,85,0.9764705882352941,0.0,0.9764705882352941,马自达,轿车
马自达3 昂克赛拉,comfort,舒适性,86,76,-0.18421052631578946,0.5131578947368421,0.32894736842105265,马自达,轿车
马自达3 昂克赛拉,configuration,配置,76,60,0.65,0.15,0.8,马自达,轿车
马自达3 昂克赛拉,control,操控,88,87,0.9425287356321839,0.022988505747126436,0.9655172413793104,马自达,轿车
马自达3 昂克赛拉,fuel_consumption,能耗/油耗,80,76,0.3157894736842105,0.27631578947368424,0.5921052631578947,马自达,轿车
马自达3 昂克赛拉,intelligence,智能化,37,35,0.17142857142857143,0.2857142857142857,0.45714285714285713,马自达,轿车
马自达3 昂克赛拉,interior,内饰,83,80,0.7875,0.0375,0.825,马自达,轿车
马自达3 昂克赛拉,power,动力,97,95,0.7052631578947368,0.11578947368421053,0.8210526315789474,马自达,轿车
马自达3 昂克赛拉,space,空间,96,91,-0.16483516483516483,0.5274725274725275,0.3626373626373626,马自达,轿车
马自达3 昂克赛拉,value,性价比,94,90,0.5,0.12222222222222222,0.6222222222222222,马自达,轿车
马自达EZ-6,appearance,外观,73,73,0.8767123287671232,0.0273972602739726,0.9041095890410958,马自达,轿车
马自达EZ-6,comfort,舒适性,59,59,0.3898305084745763,0.2033898305084746,0.5932203389830508,马自达,轿车
马自达EZ-6,configuration,配置,65,65,0.6307692307692307,0.13846153846153847,0.7692307692307693,马自达,轿车
马自达EZ-6,control,操控,70,70,0.8571428571428571,0.02857142857142857,0.8857142857142857,马自达,轿车
马自达EZ-6,fuel_consumption,能耗/油耗,71,71,0.5774647887323944,0.07042253521126761,0.647887323943662,马自达,轿车
马自达EZ-6,intelligence,智能化,67,67,0.23880597014925373,0.34328358208955223,0.582089552238806,马自达,轿车
马自达EZ-6,interior,内饰,68,68,0.8088235294117647,0.04411764705882353,0.8529411764705882,马自达,轿车
马自达EZ-6,power,动力,43,43,0.6976744186046512,0.046511627906976744,0.7441860465116279,马自达,轿车
马自达EZ-6,space,空间,67,67,0.6268656716417911,0.13432835820895522,0.7611940298507462,马自达,轿车
马自达EZ-6,value,性价比,53,53,0.7924528301886793,0.018867924528301886,0.8113207547169812,马自达,轿车
驱逐舰05,appearance,外观,63,63,0.7301587301587301,0.031746031746031744,0.7619047619047619,比亚迪,轿车
驱逐舰05,comfort,舒适性,84,84,-0.07142857142857142,0.4880952380952381,0.4166666666666667,比亚迪,轿车
驱逐舰05,configuration,配置,52,52,0.6153846153846154,0.1346153846153846,0.75,比亚迪,轿车
驱逐舰05,control,操控,57,57,0.2807017543859649,0.2631578947368421,0.543859649122807,比亚迪,轿车
驱逐舰05,fuel_consumption,能耗/油耗,92,92,0.6304347826086957,0.11956521739130435,0.75,比亚迪,轿车
驱逐舰05,intelligence,智能化,51,51,0.5490196078431373,0.13725490196078433,0.6862745098039216,比亚迪,轿车
驱逐舰05,interior,内饰,56,56,0.35714285714285715,0.19642857142857142,0.5535714285714286,比亚迪,轿车
驱逐舰05,power,动力,76,76,0.7763157894736842,0.039473684210526314,0.8157894736842105,比亚迪,轿车
驱逐舰05,space,空间,63,63,0.4444444444444444,0.1746031746031746,0.6190476190476191,比亚迪,轿车
驱逐舰05,value,性价比,77,77,0.44155844155844154,0.09090909090909091,0.5324675324675324,比亚迪,轿车
高尔夫,appearance,外观,147,143,0.8951048951048951,0.006993006993006993,0.9020979020979021,大众,轿车
高尔夫,comfort,舒适性,158,129,-0.10077519379844961,0.4496124031007752,0.3488372093023256,大众,轿车
高尔夫,configuration,配置,122,97,0.1958762886597938,0.36082474226804123,0.5567010309278351,大众,轿车
高尔夫,control,操控,156,148,0.777027027027027,0.08108108108108109,0.8581081081081081,大众,轿车
高尔夫,fuel_consumption,能耗/油耗,129,123,0.2601626016260163,0.3333333333333333,0.5934959349593496,大众,轿车
高尔夫,intelligence,智能化,103,102,-0.47058823529411764,0.6862745098039216,0.21568627450980393,大众,轿车
高尔夫,interior,内饰,133,124,0.3387096774193548,0.20161290322580644,0.5403225806451613,大众,轿车
高尔夫,power,动力,172,171,0.7602339181286549,0.08187134502923976,0.8421052631578947,大众,轿车
高尔夫,space,空间,133,121,-0.17355371900826447,0.512396694214876,0.33884297520661155,大众,轿车
高尔夫,value,性价比,122,109,0.29357798165137616,0.24770642201834864,0.5412844036697247,大众,轿车
高尔夫GTI,appearance,外观,20,19,0.8947368421052632,0.0,0.8947368421052632,大众,轿车
高尔夫GTI,comfort,舒适性,14,13,0.3076923076923077,0.15384615384615385,0.46153846153846156,大众,轿车
高尔夫GTI,configuration,配置,8,8,0.0,0.5,0.5,大众,轿车
高尔夫GTI,control,操控,28,28,0.8928571428571429,0.0,0.8928571428571429,大众,轿车
高尔夫GTI,fuel_consumption,能耗/油耗,15,15,0.3333333333333333,0.3333333333333333,0.6666666666666666,大众,轿车
高尔夫GTI,intelligence,智能化,7,7,0.0,0.42857142857142855,0.42857142857142855,大众,轿车
高尔夫GTI,interior,内饰,8,7,0.14285714285714285,0.2857142857142857,0.42857142857142855,大众,轿车
高尔夫GTI,power,动力,36,35,0.8285714285714286,0.05714285714285714,0.8857142857142857,大众,轿车
高尔夫GTI,space,空间,16,15,-0.4,0.6,0.2,大众,轿车
高尔夫GTI,value,性价比,10,10,-0.1,0.5,0.4,大众,轿车
