pcauto_series_id,annual_sales,pcauto_brand,brand_id,brand_name,series_id,series_name,car_id,car_name,year,energy_type,manufacturer,vehicle_class,official_price_wan,official_price_str,owner_price,dealer_price,engine_displacement_ml,engine_displacement_l,engine_intake_type,engine_cylinder_arrangement,engine_cylinder_nums,engine_unique_tech,engine_max_horsepower_ps,engine_max_power_kw,engine_max_power_rpm,engine_max_torque_nm,engine_max_torque_rpm,fuel_form,fuel_grade,oil_supply,cylinder_material,environmental_standard,gearbox_short,gear_count,gearbox_type,max_speed_kmh,acceleration_0_100_s,fuel_consumption_l_100km,warranty_period,motor_type,motor_total_power_kw,motor_total_torque_nm,motor_front_power_kw,motor_front_torque_nm,motor_rear_power_kw,motor_rear_torque_nm,motor_system_power_kw,motor_system_torque_nm,battery_type,battery_capacity_kwh,battery_range_km,electricity_consumption_kwh_100km,battery_warranty,charging_time_h,fast_charge_percent,length_mm,width_mm,height_mm,wheelbase_mm,front_track_mm,rear_track_mm,min_ground_clearance_mm,curb_weight_kg,body_structure,door_count,seat_count,trunk_volume_l,door_open_way,driver_airbag,side_airbag,side_air_curtain,knee_airbag,steering_wheel_material,steering_wheel_adjustment,center_screen,multimedia_interface,sound_brand,speaker_count,seat_material,seat_heating,aircon_control,speaker_count_original,original_energy_type
1291,59337.0,五菱汽车,39.0,五菱汽车,1291,五菱荣光,75227,1.2L S 基本型 5座,2022,燃油,上汽通用五菱,微面,4.09,4.09万,暂无报价,4.09万,1206.0,1.2,自然吸气,L,4.0,,76.0,56.0,5600.0,112.0,3600,汽油,92#,多点电喷,铁,国VI,5挡手动,5.0,手动变速箱(MT),100.0,,,3年或6万公里,,,,,,,,,,,,,,,,,4135,1625,1870,2700,1386.0,1408.0,,1145.0,客车,5.0,5.0,,侧滑门,主 / 副,前 / 后,,主 / 副,,,,,,46056,织物,前 / 后,：,46056,燃油
1291,41599.0,五菱汽车,39.0,五菱汽车,1291,五菱荣光,88110,1.5L S 基本型 5/7座,2023,燃油,上汽通用五菱,微面,4.39,4.39万,5.10万,4.39万,1485.0,1.5,自然吸气,L,4.0,,102.0,75.0,5400.0,136.0,4000,汽油,92#,多点电喷,未知,国VI,5挡手动,5.0,手动变速箱(MT),120.0,,,3年或6万公里,,,,,,,,,,,,,,,,,4135,1625,1870,2700,1386.0,1408.0,,1180.0,客车,5.0,5.0,,侧滑门,主 / 副,前 / 后,,主 / 副,,,,AUX,,46056,织物,前 / 后,：,46056,燃油
1292,24884.0,五菱汽车,39.0,五菱汽车,1292,五菱之光,87150,1.5L 实用型 5/7座 LAR,2023,燃油,上汽通用五菱,微面,3.79,3.79万,3.71万,3.79万,1485.0,1.5,自然吸气,L,4.0,,102.0,75.0,5400.0,136.0,4000,汽油,92#,多点电喷,未知,国VI,5挡手动,5.0,手动变速箱(MT),115.0,,,待查,,,,,,,,,,,,,,,,,3797,1510,1820,2500,1290.0,1290.0,,990.0,客车,5.0,5.0,,侧滑门,主 / 副,前 / 后,,主 / 副,,,,AUX,,46056,织物,前 / 后,：,46056,燃油
1293,159806.0,五菱汽车,39.0,五菱汽车,1293,五菱荣光V,38177,1.5L实用型国VI LAR,2019,燃油,上汽通用五菱,微面,4.48,4.48万,4.24万,4.48万,1485.0,1.5,自然吸气,L,4.0,,99.0,73.0,5800.0,140.0,3400,汽油,92#,多点电喷,铁,国VI b,6挡手动,6.0,手动变速箱(MT),150.0,,,待查,,,,,,,,,,,,,,,,,4415,1665,1850,2720,1420.0,1440.0,,1250.0,客车,5.0,5.0,,侧滑门,主 / 副,前 / 后,,主 / 副,,,,AUX,,46056,织物,前 / 后,：,46056,燃油
1293,116950.0,五菱汽车,39.0,五菱汽车,1293,五菱荣光V,44493,1.5L实用型国VI LAR,2020,燃油,上汽通用五菱,微面,4.48,4.48万,4.38万,4.48万,1485.0,1.5,自然吸气,L,4.0,,99.0,73.0,5800.0,140.0,3400,汽油,92#,多点电喷,铁,国VI b,6挡手动,6.0,手动变速箱(MT),150.0,,,待查,,,,,,,,,,,,,,,,,4415,1665,1850,2720,1420.0,1440.0,,1250.0,客车,5.0,5.0,,侧滑门,主 / 副,前 / 后,,主 / 副,,,,AUX,,46056,织物,前 / 后,：,46056,燃油
24540,72763.0,长安,35.0,长安,24540,长安UNI-Z,248772,智慧新蓝鲸 500Bar PRO,2025,燃油,长安汽车,紧凑型SUV,11.59,11.59万,9.27万,9.59万,1494.0,1.5,涡轮增压,L,4.0,500Bar超高压直喷,192.0,141.0,5500.0,310.0,1500,汽油,92#,缸内直喷,铝,国VI,7挡双离合,7.0,湿式双离合变速箱（DCT）,200.0,7.8,,3年或10万公里,,,,,,,,,,,,,,,,,4730,1890,1680,2795,1603.0,1603.0,,1500.0,SUV,5.0,5.0,638.0,平开门,主 / 副,前 / 后,,主 / 副,,上下+前后,,USB/Type-C,,46180,仿皮,前 / 后,自动,46180,燃油
24540,19808.0,长安,35.0,长安,24540,长安UNI-Z,256845,智慧新蓝鲸 500Bar PRO,2026,燃油,长安汽车,紧凑型SUV,11.59,11.59万,8.50万,9.59万,1494.0,1.5,涡轮增压,L,4.0,500Bar超高压直喷,192.0,141.0,5500.0,310.0,1500,汽油,92#,缸内直喷,铝,国VI,7挡双离合,7.0,湿式双离合变速箱（DCT）,200.0,7.8,,3年或10万公里,,,,,,,,,,,,,,,,,4730,1890,1680,2795,1603.0,1603.0,,1500.0,SUV,5.0,5.0,638.0,平开门,主 / 副,前 / 后,,主 / 副,,上下+前后,,USB/Type-C,,46180,仿皮,前 / 后,自动,46180,燃油
24927,33780.0,五菱汽车,39.0,五菱汽车,24927,五菱之光EV,244524,标准型,2025,纯电动,上汽通用五菱,微面,4.78,4.78万,4.63万,4.08万,,,,,,,,,,,,纯电动,,,,,电动车单速变速箱,1.0,固定齿比变速箱,100.0,,6.0,3年或10万公里,永磁/同步,30.0,85.0,,,30.0,85.0,,,,,201.0,,,,,3685,1530,1750,2600,1290.0,1290.0,,892.0,客车,5.0,4.0,527.0,侧滑门,主 / 副,前 / 后,,主 / 副,,,,USB/Type-C,,46056,织物,前 / 后,手动,46056,纯电动
25544,6143.0,奇瑞风云,10409.0,奇瑞风云,25544,风云X3,250771,401风尚版,2025,纯电动,奇瑞汽车,紧凑型SUV,8.99,8.99万,8.54万,8.99万,,,,,,,,,,,,纯电动,,,,,电动车单速变速箱,1.0,固定齿比变速箱,150.0,,,4年或12万公里,永磁/同步,185.0,300.0,,,185.0,300.0,,,,,401.0,,,,,4327,1910,1715,2715,1626.0,1645.0,200.0,1722.0,SUV,5.0,5.0,450.0,平开门,主 / 副,前 / 后,,主 / 副,,上下+前后,,USB/Type-C,,46180,仿皮,前 / 后,自动,46180,纯电动
25544,2620.0,奇瑞风云,10409.0,奇瑞风云,25544,风云X3,255861,520乐游版,2026,纯电动,奇瑞汽车,紧凑型SUV,12.99,12.99万,暂无报价,12.99万,,,,,,,,,,,,纯电动,,,,,电动车单速变速箱,1.0,固定齿比变速箱,150.0,,,4年或12万公里,永磁/同步,185.0,300.0,,,185.0,300.0,,,,,520.0,,,,,4327,1910,1715,2715,1626.0,1645.0,200.0,1827.0,SUV,5.0,5.0,450.0,平开门,主 / 副,前 / 后,,主 / 副,,上下+前后,,USB/Type-C,,46243,仿皮,前 / 后,自动,46243,纯电动
25695,9292.0,华境,10445.0,华境,25695,华境S,257607,200km乾崑悦享版,2026,插电混动,上汽通用五菱,大型SUV,15.98,15.98万,暂无报价,14.98万,1498.0,1.5,涡轮增压,L,4.0,,143.0,105.0,5500.0,220.0,2500,插电式混合动力,92#,缸内直喷,未知,国VI,1挡DHT,1.0,,190.0,8.3,,6年或15万公里,永磁/同步,200.0,310.0,200.0,310.0,,,,,,,130.0,,,,,5235,1999,1800,3105,1725.0,1728.0,,2385.0,SUV,5.0,6.0,423.0,平开门,主 / 副,前 / 后,,主 / 副,,上下+前后,,USB/Type-C+SD卡槽,,12以上,仿皮,前 / 后,自动,12以上,插电混动
25741,26.0,北京汽车制造厂,78.0,北京汽车制造厂,25741,北汽L6H,252733,基本型,2026,纯电动,北京汽车制造厂,小型车,8.58,暂无报价,暂无报价,暂无报价,,,,,,,,,,,,,,,,,,,,,,,,,,,,,,,,,,,,,,,,4025,1770,1560,2615,,,,,两厢车,,5.0,,,主 / 副,前 / 后,,主 / 副,,,,,,,,前 / 后,：,,纯电动
3022,3256.0,长安凯程,171.0,长安凯程,3022,长安之星9 EV,55228,纯电动厢式运输车2座55kW,2021,纯电动,长安轻型车,微面,13.28,13.28万,暂无报价,13.28万,,,,,,,,,,,,纯电动,,,,,电动车单速变速箱,1.0,固定齿比变速箱,,,,3年或6万公里,永磁/同步,55.0,220.0,,,55.0,220.0,,,,,245.0,,,,,4430,1655,1950,2800,1435.0,1435.0,,1370.0,货车,5.0,2.0,,侧滑门,主 / 副,前 / 后,,主 / 副,,,,,,,织物,前 / 后,手动,,纯电动
3022,2870.0,长安凯程,171.0,长安凯程,3022,长安之星9 EV,60087,纯电动客车7座60kW,2022,纯电动,长安轻型车,微面,13.68,13.68万,暂无报价,13.68万,,,,,,,,,,,,纯电动,,,,,电动车单速变速箱,1.0,固定齿比变速箱,,,,3年或6万公里,永磁/同步,60.0,220.0,,,60.0,220.0,,,,,260.0,,,,,4430,1655,1950,2800,1435.0,1435.0,,1470.0,客车,5.0,7.0,,侧滑门,主 / 副,前 / 后,,主 / 副,,,,,,,织物,前 / 后,手动,,纯电动
3022,892.0,长安凯程,171.0,长安凯程,3022,长安之星9 EV,88403,财富版 纯电动厢式运输车2座55kW,2023,纯电动,长安轻型车,微面,16.89,16.89万,暂无报价,16.89万,,,,,,,,,,,,纯电动,,,,,电动车单速变速箱,1.0,固定齿比变速箱,,,,3年或6万公里,永磁/同步,55.0,220.0,,,55.0,220.0,,,,,245.0,,,,,4430,1655,1950,2800,1435.0,1435.0,,1370.0,货车,5.0,2.0,,侧滑门,主 / 副,前 / 后,,主 / 副,,,,USB/Type-C,,46056,织物,前 / 后,手动,46056,纯电动
3022,1047.0,长安凯程,171.0,长安凯程,3022,长安之星9 EV,99374,舒适版 纯电动微型客车 7座35.9KWh,2024,纯电动,长安轻型车,微面,13.28,13.28万,暂无报价,13.28万,,,,,,,,,,,,纯电动,,,,,电动车单速变速箱,1.0,固定齿比变速箱,,,,3年或6万公里,永磁/同步,55.0,220.0,,,55.0,220.0,,,,,220.0,,,,,4430,1655,1950,2800,1435.0,1435.0,,1460.0,客车,5.0,7.0,,侧滑门,主 / 副,前 / 后,,主 / 副,,,,USB/Type-C,,46056,织物,前 / 后,手动,46056,纯电动
3192,112990.0,五菱汽车,39.0,五菱汽车,3192,五菱宏光V,75790,1.2L劲取版 液压助力,2022,燃油,上汽通用五菱,微面,4.48,4.48万,暂无报价,4.48万,1206.0,1.2,自然吸气,L,4.0,,76.0,56.0,5600.0,110.0,3000,汽油,92#,多点电喷,未知,国VI b,5挡手动,5.0,手动变速箱(MT),120.0,,,待查,,,,,,,,,,,,,,,,,4425,1670,1860,2850,1420.0,1440.0,,1185.0,客车,5.0,5.0,,侧滑门,主 / 副,前 / 后,,主 / 副,,,,USB/Type-C,,46056,织物,前 / 后,：,46056,燃油
4320,4381.0,五菱汽车,39.0,五菱汽车,4320,五菱荣光EV,256418,310km 客车版标准型,2026,插电混动,上汽通用五菱,微面,6.98,6.98万,6.87万,6.48万,,,,,,,,,,,,纯电动,,,,,电动车单速变速箱,1.0,固定齿比变速箱,135.0,,,,永磁/同步,100.0,200.0,,,100.0,200.0,,,,,310.0,,,,,4535,1732,1870,2850,,,,1305.0,微面,5.0,5.0,,侧滑门,主 / 副,前 / 后,,主 / 副,,,,USB/Type-C,,46056,织物,前 / 后,手动,46056,插电混动
5356,138.0,Polestar极星,196.0,Polestar极星,5356,Polestar 3,79059,双电机长续航,2024,纯电动,Polestar,中大型SUV,69.8,69.80万,暂无报价,69.80万,,,,,,,,,,,,纯电动,,,,,电动车单速变速箱,1.0,固定齿比变速箱,210.0,5.0,,3年不限公里,永磁/同步,360.0,840.0,,,,,,,,,670.0,,80,,,4900,1968,1627,2985,1673.0,1655.0,211.0,2584.0,SUV,5.0,5.0,484.0,平开门,主 / 副,前 / 后,,主 / 副,,上下+前后,大屏,USB/Type-C,宝华韦健,12以上,仿皮,前 / 后,自动,12以上,纯电动
558,1730.0,新龙马汽车,123.0,新龙马汽车,558,新龙马汽车启腾M70,52664,1.5L M70L 厢货型基本版,2022,燃油,新龙马汽车,微面,4.68,4.68万,暂无报价,4.68万,,1.5,自然吸气,L,4.0,,122.0,90.0,,,,汽油,92#,多点电喷,未知,国VI,5挡手动,5.0,手动变速箱(MT),100.0,,,待查,,,,,,,,,,,,,,,,,4421,1677,1902,3050,,,,1190.0,货车,5.0,2.0,,侧滑门,主 / 副,前 / 后,,主 / 副,,,,,,,织物,前 / 后,：,,燃油
5855,20264.0,开瑞,139.0,开瑞,5855,江豚,81292,宽体版 中航锂电38.64kWh,2023,纯电动,开瑞汽车,微面,15.48,15.48万,暂无报价,15.48万,,,,,,,,,,,,纯电动,,,,,电动车单速变速箱,1.0,固定齿比变速箱,80.0,,,待查,永磁/同步,60.0,220.0,,,60.0,220.0,,,,,260.0,,80,,,4746,1760,1965,3050,,,173.0,1485.0,货车,4.0,2.0,,侧滑门,主 / 副,前 / 后,,主 / 副,,,,USB/Type-C,,,织物,前 / 后,手动,,纯电动
9255,21144.0,瑞驰,198.0,瑞驰,9255,瑞驰EC75,242030,货运 智驾版-先锋型I 41.85kWh,2024,纯电动,瑞驰汽车,微面,7.99,7.99万,暂无报价,7.99万,,,,,,,,,,,,纯电动,,,,,电动车单速变速箱,1.0,固定齿比变速箱,80.0,,,,永磁/同步,70.0,230.0,70.0,230.0,,,,,,,252.0,,,,,5130,1860,2020,3200,1624.0,1624.0,,1730.0,货车,5.0,2.0,,侧滑门,主 / 副,前 / 后,,主 / 副,,,,USB/Type-C,,,织物,前 / 后,手动,,纯电动
9255,17801.0,瑞驰,198.0,瑞驰,9255,瑞驰EC75,244535,客运 智行版-先锋型 41.5kWh,2025,纯电动,瑞驰汽车,微面,8.29,8.29万,暂无报价,8.29万,,,,,,,,,,,,纯电动,,,,,电动车单速变速箱,1.0,固定齿比变速箱,100.0,,,,永磁/同步,70.0,230.0,70.0,230.0,,,,,,,258.0,,,,,5130,1860,2020,3200,1624.0,1624.0,,,客车,6.0,6.0,,侧滑门,主 / 副,前 / 后,,主 / 副,,上下,,USB/Type-C,,46056,织物,前 / 后,手动,46056,纯电动
9255,6150.0,瑞驰,198.0,瑞驰,9255,瑞驰EC75,252038,货运 超充版-先锋型I 2座 58.24kWh,2026,纯电动,瑞驰汽车,微面,9.39,9.39万,暂无报价,9.39万,,,,,,,,,,,,纯电动,,,,,电动车单速变速箱,1.0,固定齿比变速箱,90.0,,,,永磁/同步,70.0,230.0,70.0,230.0,,,,,,,401.0,,,,,5130,1860,2020,3200,1624.0,1624.0,,,货车,6.0,2.0,,侧滑门,主 / 副,前 / 后,,主 / 副,,,,USB/Type-C,,46056,织物,前 / 后,手动,46056,纯电动
sg10059,10682.0,标致,,标致,sg10059,标致2008,pcauto_m109511,标致2008 2022款 230THP 双离合THE ONE,2022,燃油,东风标致,小型SUV,9.97,9.97万,,,1199.0,1.2,涡轮增压,直列,3.0,CVVT连续可变正时系统,136.0,100.0,,230.0,,汽油,92号(原93号),直喷,铝合金,国VI,双离合,6.0,双离合,195.0,,,三年或10万公里,,,,,,,,,,,,,,,,,4312,1785,1545,2612,,,,1270.0,SUV,5.0,5.0,,,,,,,真皮,上下+前后,,,,,仿皮,,手动,,
sg10280,63019.0,马自达,15.0,马自达,1014,马自达3 昂克赛拉,250309,1.5L 手动质美版,2022,燃油,长安马自达,紧凑型车,8.99,8.99万,8.47万,8.69万,1496.0,1.5,自然吸气,L,4.0,Dual S-VT,117.0,86.0,6100.0,148.0,3500,汽油,92#,缸内直喷,铝,国VI,6挡手动,6.0,手动变速箱(MT),196.0,,,3年或10万公里,,,,,,,,,,,,,,,,,4662,1797,1445,2726,1568.0,1581.0,,1297.0,三厢车,4.0,5.0,419.0,平开门,主 / 副,前 / 后,,主 / 副,,上下+前后,大屏,USB/Type-C+SD卡槽,,46243,织物,前 / 后,手动,46243,燃油
sg10280,49419.0,马自达,15.0,马自达,1014,马自达3 昂克赛拉,250309,1.5L 手动质美版,2023,燃油,长安马自达,紧凑型车,8.99,8.99万,8.47万,8.69万,1496.0,1.5,自然吸气,L,4.0,Dual S-VT,117.0,86.0,6100.0,148.0,3500,汽油,92#,缸内直喷,铝,国VI,6挡手动,6.0,手动变速箱(MT),196.0,,,3年或10万公里,,,,,,,,,,,,,,,,,4662,1797,1445,2726,1568.0,1581.0,,1297.0,三厢车,4.0,5.0,419.0,平开门,主 / 副,前 / 后,,主 / 副,,上下+前后,大屏,USB/Type-C+SD卡槽,,46243,织物,前 / 后,手动,46243,燃油
sg10280,29563.0,马自达,15.0,马自达,1014,马自达3 昂克赛拉,250309,1.5L 手动质美版,2024,燃油,长安马自达,紧凑型车,8.99,8.99万,8.47万,8.69万,1496.0,1.5,自然吸气,L,4.0,Dual S-VT,117.0,86.0,6100.0,148.0,3500,汽油,92#,缸内直喷,铝,国VI,6挡手动,6.0,手动变速箱(MT),196.0,,,3年或10万公里,,,,,,,,,,,,,,,,,4662,1797,1445,2726,1568.0,1581.0,,1297.0,三厢车,4.0,5.0,419.0,平开门,主 / 副,前 / 后,,主 / 副,,上下+前后,大屏,USB/Type-C+SD卡槽,,46243,织物,前 / 后,手动,46243,燃油
sg10280,15453.0,马自达,15.0,马自达,1014,马自达3 昂克赛拉,250309,1.5L 手动质美版,2025,燃油,长安马自达,紧凑型车,8.99,8.99万,8.47万,8.69万,1496.0,1.5,自然吸气,L,4.0,Dual S-VT,117.0,86.0,6100.0,148.0,3500,汽油,92#,缸内直喷,铝,国VI,6挡手动,6.0,手动变速箱(MT),196.0,,,3年或10万公里,,,,,,,,,,,,,,,,,4662,1797,1445,2726,1568.0,1581.0,,1297.0,三厢车,4.0,5.0,419.0,平开门,主 / 副,前 / 后,,主 / 副,,上下+前后,大屏,USB/Type-C+SD卡槽,,46243,织物,前 / 后,手动,46243,燃油
sg10280,3583.0,马自达,15.0,马自达,1014,马自达3 昂克赛拉,250309,1.5L 手动质美版,2026,燃油,长安马自达,紧凑型车,8.99,8.99万,8.47万,8.69万,1496.0,1.5,自然吸气,L,4.0,Dual S-VT,117.0,86.0,6100.0,148.0,3500,汽油,92#,缸内直喷,铝,国VI,6挡手动,6.0,手动变速箱(MT),196.0,,,3年或10万公里,,,,,,,,,,,,,,,,,4662,1797,1445,2726,1568.0,1581.0,,1297.0,三厢车,4.0,5.0,419.0,平开门,主 / 副,前 / 后,,主 / 副,,上下+前后,大屏,USB/Type-C+SD卡槽,,46243,织物,前 / 后,手动,46243,燃油
sg10400,4142.0,雪佛兰,6.0,雪佛兰,1357,创酷,91618,RS 1.5T CVT 酷,2023,燃油,上汽通用雪佛兰,小型SUV,10.99,10.99万,8.74万,10.99万,1498.0,1.5,涡轮增压,L,4.0,,184.0,135.0,5500.0,250.0,1500,汽油,92#,缸内直喷,铝,国VI,CVT无级变速,,无级变速箱(CVT),205.0,7.8,,3年或10万公里,,,,,,,,,,,,,,,,,4270,1791,1610,2570,1547.0,1551.0,,1300.0,SUV,5.0,5.0,390.0,平开门,主 / 副,前 / 后,,主 / 副,,上下,大屏,USB/Type-C,,46117,仿皮,前 / 后,手动,46117,燃油
sg106,113674.0,别克,12.0,别克,353,别克GL8,249429,陆上公务舱 2.0T 先享版,2022,燃油,上汽通用别克,中大型MPV,22.99,22.99万,22.16万,22.99万,1998.0,2.0,涡轮增压,L,4.0,Tripower可变气门管理技术,237.0,174.0,5000.0,350.0,1500,汽油,95#,缸内直喷,铝,国VI b,9挡自动,9.0,自动变速箱(AT),195.0,9.2,6.5,3年或10万公里,,,,,,,,,,,,,,,,,5219,1878,1807,3088,1612.0,1626.0,,1975.0,MPV,5.0,7.0,521.0,侧滑门,主 / 副,前 / 后,,主 / 副,,上下+前后,大屏,USB/Type-C,,46243,仿皮,前 / 后,自动,46243,燃油
sg106,110908.0,别克,12.0,别克,353,别克GL8,249429,陆上公务舱 2.0T 先享版,2023,燃油,上汽通用别克,中大型MPV,22.99,22.99万,22.16万,22.99万,1998.0,2.0,涡轮增压,L,4.0,Tripower可变气门管理技术,237.0,174.0,5000.0,350.0,1500,汽油,95#,缸内直喷,铝,国VI b,9挡自动,9.0,自动变速箱(AT),195.0,9.2,6.5,3年或10万公里,,,,,,,,,,,,,,,,,5219,1878,1807,3088,1612.0,1626.0,,1975.0,MPV,5.0,7.0,521.0,侧滑门,主 / 副,前 / 后,,主 / 副,,上下+前后,大屏,USB/Type-C,,46243,仿皮,前 / 后,自动,46243,燃油
sg106,64688.0,别克,12.0,别克,353,别克GL8,249429,陆上公务舱 2.0T 先享版,2024,燃油,上汽通用别克,中大型MPV,22.99,22.99万,22.16万,22.99万,1998.0,2.0,涡轮增压,L,4.0,Tripower可变气门管理技术,237.0,174.0,5000.0,350.0,1500,汽油,95#,缸内直喷,铝,国VI b,9挡自动,9.0,自动变速箱(AT),195.0,9.2,6.5,3年或10万公里,,,,,,,,,,,,,,,,,5219,1878,1807,3088,1612.0,1626.0,,1975.0,MPV,5.0,7.0,521.0,侧滑门,主 / 副,前 / 后,,主 / 副,,上下+前后,大屏,USB/Type-C,,46243,仿皮,前 / 后,自动,46243,燃油
sg106,56853.0,别克,12.0,别克,353,别克GL8,249429,陆上公务舱 2.0T 先享版,2025,燃油,上汽通用别克,中大型MPV,22.99,22.99万,22.16万,22.99万,1998.0,2.0,涡轮增压,L,4.0,Tripower可变气门管理技术,237.0,174.0,5000.0,350.0,1500,汽油,95#,缸内直喷,铝,国VI b,9挡自动,9.0,自动变速箱(AT),195.0,9.2,6.5,3年或10万公里,,,,,,,,,,,,,,,,,5219,1878,1807,3088,1612.0,1626.0,,1975.0,MPV,5.0,7.0,521.0,侧滑门,主 / 副,前 / 后,,主 / 副,,上下+前后,大屏,USB/Type-C,,46243,仿皮,前 / 后,自动,46243,燃油
sg106,19653.0,别克,12.0,别克,353,别克GL8,252194,陆尊 2.0T 智享版,2026,燃油,上汽通用别克,中大型MPV,30.99,30.99万,32.46万,30.99万,1998.0,2.0,涡轮增压,L,4.0,Tripower可变气门管理技术,237.0,174.0,5000.0,350.0,1500,48V轻混系统,95#,缸内直喷,铝,国VI b,9挡自动,9.0,自动变速箱(AT),195.0,9.6,6.6,3年或10万公里,,,,,,,,,,,,,,,,,5219,1878,1807,3088,1612.0,1626.0,,2080.0,MPV,5.0,7.0,521.0,侧滑门,主 / 副,前 / 后,,主 / 副,,上下+前后,大屏,USB/Type-C,,46243,真皮,前 / 后,自动,46243,燃油
sg10660,55385.0,奇瑞,18.0,奇瑞,1081,艾瑞泽5,101041,惠民版 1.5L 手动风尚型,2022,燃油,奇瑞汽车,紧凑型车,5.99,5.99万,4.92万,4.69万,1498.0,1.5,自然吸气,L,4.0,DVVT,120.0,88.0,6300.0,148.0,4900,汽油,92#,多点电喷,铝,国VI b,5挡手动,5.0,手动变速箱(MT),180.0,,6.9,3年或10万公里,,,,,,,,,,,,,,,,,4572,1825,1482,2670,1556.0,1542.0,117.0,1221.0,三厢车,4.0,5.0,430.0,平开门,主 / 副,前 / 后,,主 / 副,,上下,,,,46117,仿皮,前 / 后,手动,46117,燃油
sg10660,42973.0,奇瑞,18.0,奇瑞,1081,艾瑞泽5,101041,惠民版 1.5L 手动风尚型,2023,燃油,奇瑞汽车,紧凑型车,5.99,5.99万,4.92万,4.69万,1498.0,1.5,自然吸气,L,4.0,DVVT,120.0,88.0,6300.0,148.0,4900,汽油,92#,多点电喷,铝,国VI b,5挡手动,5.0,手动变速箱(MT),180.0,,6.9,3年或10万公里,,,,,,,,,,,,,,,,,4572,1825,1482,2670,1556.0,1542.0,117.0,1221.0,三厢车,4.0,5.0,430.0,平开门,主 / 副,前 / 后,,主 / 副,,上下,,,,46117,仿皮,前 / 后,手动,46117,燃油
sg10660,26300.0,奇瑞,18.0,奇瑞,1081,艾瑞泽5,101041,惠民版 1.5L 手动风尚型,2024,燃油,奇瑞汽车,紧凑型车,5.99,5.99万,4.92万,4.69万,1498.0,1.5,自然吸气,L,4.0,DVVT,120.0,88.0,6300.0,148.0,4900,汽油,92#,多点电喷,铝,国VI b,5挡手动,5.0,手动变速箱(MT),180.0,,6.9,3年或10万公里,,,,,,,,,,,,,,,,,4572,1825,1482,2670,1556.0,1542.0,117.0,1221.0,三厢车,4.0,5.0,430.0,平开门,主 / 副,前 / 后,,主 / 副,,上下,,,,46117,仿皮,前 / 后,手动,46117,燃油
sg10660,20752.0,奇瑞,18.0,奇瑞,1081,艾瑞泽5,249109,卓越版 1.5L 手动风尚型,2025,燃油,奇瑞汽车,紧凑型车,5.99,5.99万,4.64万,4.69万,1498.0,1.5,自然吸气,L,4.0,DVVT,120.0,88.0,6300.0,148.0,4900,汽油,92#,多点电喷,铝,国VI b,5挡手动,5.0,手动变速箱(MT),180.0,,6.9,3年或10万公里,,,,,,,,,,,,,,,,,4572,1825,1482,2670,1556.0,1542.0,117.0,1221.0,三厢车,4.0,5.0,430.0,平开门,主 / 副,前 / 后,,主 / 副,,上下,,,,46117,仿皮,前 / 后,手动,46117,燃油
sg10660,8422.0,奇瑞,18.0,奇瑞,1081,艾瑞泽5,249109,卓越版 1.5L 手动风尚型,2026,燃油,奇瑞汽车,紧凑型车,5.99,5.99万,4.64万,4.69万,1498.0,1.5,自然吸气,L,4.0,DVVT,120.0,88.0,6300.0,148.0,4900,汽油,92#,多点电喷,铝,国VI b,5挡手动,5.0,手动变速箱(MT),180.0,,6.9,3年或10万公里,,,,,,,,,,,,,,,,,4572,1825,1482,2670,1556.0,1542.0,117.0,1221.0,三厢车,4.0,5.0,430.0,平开门,主 / 副,前 / 后,,主 / 副,,上下,,,,46117,仿皮,前 / 后,手动,46117,燃油
sg1074,38415.0,现代,,现代,sg1074,途胜L,pcauto_m131764,途胜L 2025款 1.5T 8AT GLS 领先版,2022,燃油,北京现代,紧凑型SUV,15.98,15.98万,,,1497.0,1.5,涡轮增压,直列,4.0,CVVD,200.0,147.0,,253.0,,汽油,92号(原93号),直喷,铝合金,国VI,手自一体,8.0,手自一体,205.0,,,五年或15万公里,,,,,,,,,,,,,,,,,4670,1865,1690,2755,,,,1497.0,SUV,5.0,5.0,,平开门,,,,,塑料,上下+前后,,,,,织物,,自动,,
sg1074,53000.0,现代,,现代,sg1074,途胜L,pcauto_m131764,途胜L 2025款 1.5T 8AT GLS 领先版,2023,燃油,北京现代,紧凑型SUV,15.98,15.98万,,,1497.0,1.5,涡轮增压,直列,4.0,CVVD,200.0,147.0,,253.0,,汽油,92号(原93号),直喷,铝合金,国VI,手自一体,8.0,手自一体,205.0,,,五年或15万公里,,,,,,,,,,,,,,,,,4670,1865,1690,2755,,,,1497.0,SUV,5.0,5.0,,平开门,,,,,塑料,上下+前后,,,,,织物,,自动,,
sg1074,29939.0,现代,,现代,sg1074,途胜L,pcauto_m131764,途胜L 2025款 1.5T 8AT GLS 领先版,2024,燃油,北京现代,紧凑型SUV,15.98,15.98万,,,1497.0,1.5,涡轮增压,直列,4.0,CVVD,200.0,147.0,,253.0,,汽油,92号(原93号),直喷,铝合金,国VI,手自一体,8.0,手自一体,205.0,,,五年或15万公里,,,,,,,,,,,,,,,,,4670,1865,1690,2755,,,,1497.0,SUV,5.0,5.0,,平开门,,,,,塑料,上下+前后,,,,,织物,,自动,,
sg1074,21120.0,现代,,现代,sg1074,途胜L,pcauto_m131764,途胜L 2025款 1.5T 8AT GLS 领先版,2025,燃油,北京现代,紧凑型SUV,15.98,15.98万,,,1497.0,1.5,涡轮增压,直列,4.0,CVVD,200.0,147.0,,253.0,,汽油,92号(原93号),直喷,铝合金,国VI,手自一体,8.0,手自一体,205.0,,,五年或15万公里,,,,,,,,,,,,,,,,,4670,1865,1690,2755,,,,1497.0,SUV,5.0,5.0,,平开门,,,,,塑料,上下+前后,,,,,织物,,自动,,
sg1074,10175.0,现代,,现代,sg1074,途胜L,pcauto_m141159,途胜L 2026款 1.5T 精英版 新上市,2026,燃油,北京现代,紧凑型SUV,16.98,16.98万,,,1497.0,1.5,涡轮增压,直列,4.0,CVVD,200.0,147.0,,253.0,,汽油,92号(原93号),直喷,铝合金,国VI,手自一体,8.0,手自一体,205.0,,,五年或15万公里,,,,,,,,,,,,,,,,,4670,1865,1690,2755,,,,1557.0,SUV,5.0,5.0,,平开门,,,,,塑料,上下+前后,,,,,织物,,自动,,
sg10791,107693.0,本田,9.0,本田,288,缤智,253521,1.5L CVT精英版,2022,燃油,广汽本田,小型SUV,11.99,11.99万,9.58万,8.98万,1498.0,1.5,自然吸气,L,4.0,i-VTEC,124.0,91.0,6600.0,145.0,4700,汽油,92#,缸内直喷,铝,国VI,CVT无级变速,,无级变速箱(CVT),178.0,,5.2,3年或10万公里,,,,,,,,,,,,,,,,,4380,1790,1590,2610,1548.0,1553.0,152.0,1282.0,SUV,5.0,5.0,,平开门,主 / 副,前 / 后,,主 / 副,,上下+前后,大屏,USB/Type-C,,46117,织物,前 / 后,自动,46117,燃油
sg10791,39371.0,本田,9.0,本田,288,缤智,253521,1.5L CVT精英版,2023,燃油,广汽本田,小型SUV,11.99,11.99万,9.58万,8.98万,1498.0,1.5,自然吸气,L,4.0,i-VTEC,124.0,91.0,6600.0,145.0,4700,汽油,92#,缸内直喷,铝,国VI,CVT无级变速,,无级变速箱(CVT),178.0,,5.2,3年或10万公里,,,,,,,,,,,,,,,,,4380,1790,1590,2610,1548.0,1553.0,152.0,1282.0,SUV,5.0,5.0,,平开门,主 / 副,前 / 后,,主 / 副,,上下+前后,大屏,USB/Type-C,,46117,织物,前 / 后,自动,46117,燃油
sg10791,16033.0,本田,9.0,本田,288,缤智,253521,1.5L CVT精英版,2024,燃油,广汽本田,小型SUV,11.99,11.99万,9.58万,8.98万,1498.0,1.5,自然吸气,L,4.0,i-VTEC,124.0,91.0,6600.0,145.0,4700,汽油,92#,缸内直喷,铝,国VI,CVT无级变速,,无级变速箱(CVT),178.0,,5.2,3年或10万公里,,,,,,,,,,,,,,,,,4380,1790,1590,2610,1548.0,1553.0,152.0,1282.0,SUV,5.0,5.0,,平开门,主 / 副,前 / 后,,主 / 副,,上下+前后,大屏,USB/Type-C,,46117,织物,前 / 后,自动,46117,燃油
sg10791,5748.0,本田,9.0,本田,288,缤智,253521,1.5L CVT精英版,2025,燃油,广汽本田,小型SUV,11.99,11.99万,9.58万,8.98万,1498.0,1.5,自然吸气,L,4.0,i-VTEC,124.0,91.0,6600.0,145.0,4700,汽油,92#,缸内直喷,铝,国VI,CVT无级变速,,无级变速箱(CVT),178.0,,5.2,3年或10万公里,,,,,,,,,,,,,,,,,4380,1790,1590,2610,1548.0,1553.0,152.0,1282.0,SUV,5.0,5.0,,平开门,主 / 副,前 / 后,,主 / 副,,上下+前后,大屏,USB/Type-C,,46117,织物,前 / 后,自动,46117,燃油
sg10791,3075.0,本田,9.0,本田,288,缤智,253521,1.5L CVT精英版,2026,燃油,广汽本田,小型SUV,11.99,11.99万,9.58万,8.98万,1498.0,1.5,自然吸气,L,4.0,i-VTEC,124.0,91.0,6600.0,145.0,4700,汽油,92#,缸内直喷,铝,国VI,CVT无级变速,,无级变速箱(CVT),178.0,,5.2,3年或10万公里,,,,,,,,,,,,,,,,,4380,1790,1590,2610,1548.0,1553.0,152.0,1282.0,SUV,5.0,5.0,,平开门,主 / 副,前 / 后,,主 / 副,,上下+前后,大屏,USB/Type-C,,46117,织物,前 / 后,自动,46117,燃油
sg10801,194715.0,丰田,5.0,丰田,534,雷凌,99438,185T 豪华版,2022,燃油,广汽丰田,紧凑型车,12.98,12.98万,8.60万,8.88万,1197.0,1.2,涡轮增压,L,4.0,VVT-iW,116.0,85.0,5200.0,185.0,1500,汽油,92#,缸内直喷,铝,国VI,CVT无级变速(模拟10挡),,无级变速箱(CVT),180.0,,5.95,3年或10万公里,,,,,,,,,,,,,,,,,4640,1780,1455,2700,1527.0,1526.0,,1360.0,三厢车,4.0,5.0,471.0,平开门,主 / 副,前 / 后,,主 / 副,,上下+前后,大屏,USB/Type-C,,46117,织物,前 / 后,手动,46117,燃油
sg10801,114055.0,丰田,5.0,丰田,534,雷凌,99438,185T 豪华版,2023,燃油,广汽丰田,紧凑型车,12.98,12.98万,8.60万,8.88万,1197.0,1.2,涡轮增压,L,4.0,VVT-iW,116.0,85.0,5200.0,185.0,1500,汽油,92#,缸内直喷,铝,国VI,CVT无级变速(模拟10挡),,无级变速箱(CVT),180.0,,5.95,3年或10万公里,,,,,,,,,,,,,,,,,4640,1780,1455,2700,1527.0,1526.0,,1360.0,三厢车,4.0,5.0,471.0,平开门,主 / 副,前 / 后,,主 / 副,,上下+前后,大屏,USB/Type-C,,46117,织物,前 / 后,手动,46117,燃油
sg10801,68943.0,丰田,5.0,丰田,534,雷凌,99438,185T 豪华版,2024,燃油,广汽丰田,紧凑型车,12.98,12.98万,8.60万,8.88万,1197.0,1.2,涡轮增压,L,4.0,VVT-iW,116.0,85.0,5200.0,185.0,1500,汽油,92#,缸内直喷,铝,国VI,CVT无级变速(模拟10挡),,无级变速箱(CVT),180.0,,5.95,3年或10万公里,,,,,,,,,,,,,,,,,4640,1780,1455,2700,1527.0,1526.0,,1360.0,三厢车,4.0,5.0,471.0,平开门,主 / 副,前 / 后,,主 / 副,,上下+前后,大屏,USB/Type-C,,46117,织物,前 / 后,手动,46117,燃油
sg10801,30513.0,丰田,5.0,丰田,534,雷凌,99438,185T 豪华版,2025,燃油,广汽丰田,紧凑型车,12.98,12.98万,8.60万,8.88万,1197.0,1.2,涡轮增压,L,4.0,VVT-iW,116.0,85.0,5200.0,185.0,1500,汽油,92#,缸内直喷,铝,国VI,CVT无级变速(模拟10挡),,无级变速箱(CVT),180.0,,5.95,3年或10万公里,,,,,,,,,,,,,,,,,4640,1780,1455,2700,1527.0,1526.0,,1360.0,三厢车,4.0,5.0,471.0,平开门,主 / 副,前 / 后,,主 / 副,,上下+前后,大屏,USB/Type-C,,46117,织物,前 / 后,手动,46117,燃油
sg10801,2626.0,丰田,5.0,丰田,534,雷凌,254688,雷凌L 智能电混双擎 领先版,2026,插电混动,广汽丰田,紧凑型车,12.98,12.98万,9.69万,9.98万,1798.0,1.8,自然吸气,L,4.0,VVT-i,98.0,72.0,5200.0,142.0,3600,油电混合,92#,多点电喷,铝,国VI,E-CVT无级变速箱,,电子无级变速箱(E-CVT),160.0,,,3年或10万公里,永磁/同步,70.0,185.0,70.0,185.0,,,101.0,,,,,,,,,4695,1780,1435,2750,1531.0,1535.0,,1380.0,三厢车,4.0,5.0,,平开门,主 / 副,前 / 后,,主 / 副,,上下+前后,大屏,USB/Type-C,,46117,仿皮,前 / 后,自动,46117,插电混动
sg10858,403.0,北京越野,,北京越野,sg10858,北京BJ80,pcauto_m126433,北京BJ80 2023款 2.3T 自动侠客版,2023,燃油,北京越野,中大型SUV,29.8,29.8万,,,2290.0,2.3,涡轮增压,直列,4.0,,231.0,170.0,,345.0,,汽油,95号(原97号),多点电喷,铸铁,国VI,手自一体,6.0,手自一体,160.0,,,三年或6万公里,,,,,,,,,,,,,,,,,4765,1955,1985,2800,,,,2315.0,SUV,5.0,5.0,,平开门,,,,,真皮,上下+前后,,,,,仿皮,,自动,,
sg10891,96878.0,大众,1.0,大众,397,凌渡,240949,凌渡L 280TSI DSG潮辣版,2022,燃油,上汽大众,紧凑型车,15.39,15.39万,11.84万,11.39万,1395.0,1.4,涡轮增压,L,4.0,,150.0,110.0,4800.0,250.0,1550,汽油,92#,缸内直喷,铝,国VI b,7挡双离合,7.0,干式双离合变速箱（DCT）,200.0,8.9,,3年或10万公里,,,,,,,,,,,,,,,,,4784,1831,1469,2731,1585.0,1560.0,,1450.0,掀背车,5.0,5.0,523.0,平开门,主 / 副,前 / 后,,主 / 副,,上下+前后,大屏,USB/Type-C,,46180,织物,前 / 后,自动,46180,燃油
sg10891,101553.0,大众,1.0,大众,397,凌渡,240949,凌渡L 280TSI DSG潮辣版,2023,燃油,上汽大众,紧凑型车,15.39,15.39万,11.84万,11.39万,1395.0,1.4,涡轮增压,L,4.0,,150.0,110.0,4800.0,250.0,1550,汽油,92#,缸内直喷,铝,国VI b,7挡双离合,7.0,干式双离合变速箱（DCT）,200.0,8.9,,3年或10万公里,,,,,,,,,,,,,,,,,4784,1831,1469,2731,1585.0,1560.0,,1450.0,掀背车,5.0,5.0,523.0,平开门,主 / 副,前 / 后,,主 / 副,,上下+前后,大屏,USB/Type-C,,46180,织物,前 / 后,自动,46180,燃油
sg10891,67489.0,大众,1.0,大众,397,凌渡,240949,凌渡L 280TSI DSG潮辣版,2024,燃油,上汽大众,紧凑型车,15.39,15.39万,11.84万,11.39万,1395.0,1.4,涡轮增压,L,4.0,,150.0,110.0,4800.0,250.0,1550,汽油,92#,缸内直喷,铝,国VI b,7挡双离合,7.0,干式双离合变速箱（DCT）,200.0,8.9,,3年或10万公里,,,,,,,,,,,,,,,,,4784,1831,1469,2731,1585.0,1560.0,,1450.0,掀背车,5.0,5.0,523.0,平开门,主 / 副,前 / 后,,主 / 副,,上下+前后,大屏,USB/Type-C,,46180,织物,前 / 后,自动,46180,燃油
sg10891,33688.0,大众,1.0,大众,397,凌渡,240949,凌渡L 280TSI DSG潮辣版,2025,燃油,上汽大众,紧凑型车,15.39,15.39万,11.84万,11.39万,1395.0,1.4,涡轮增压,L,4.0,,150.0,110.0,4800.0,250.0,1550,汽油,92#,缸内直喷,铝,国VI b,7挡双离合,7.0,干式双离合变速箱（DCT）,200.0,8.9,,3年或10万公里,,,,,,,,,,,,,,,,,4784,1831,1469,2731,1585.0,1560.0,,1450.0,掀背车,5.0,5.0,523.0,平开门,主 / 副,前 / 后,,主 / 副,,上下+前后,大屏,USB/Type-C,,46180,织物,前 / 后,自动,46180,燃油
sg10891,11549.0,大众,1.0,大众,397,凌渡,251178,凌渡L 300TSI DSG凌感版,2026,燃油,上汽大众,紧凑型车,15.09,15.09万,12.30万,11.99万,1498.0,1.5,涡轮增压,L,4.0,米勒循环,160.0,118.0,5500.0,250.0,1750,汽油,92#,缸内直喷,铝,国VI,7挡双离合,7.0,干式双离合变速箱（DCT）,200.0,,,3年或10万公里,,,,,,,,,,,,,,,,,4791,1831,1469,2731,1585.0,1560.0,115.0,1435.0,掀背车,5.0,5.0,509.0,平开门,主 / 副,前 / 后,,主 / 副,,上下+前后,大屏,USB/Type-C,,46180,织物,前 / 后,自动,46180,燃油
sg10901,11304.0,江淮瑞风,512.0,江淮瑞风,768,瑞风M3,93539,PLUS 1.8L 7/8座舒适版CNG,2022,燃油,江汽集团,紧凑型MPV,10.49,10.49万,暂无报价,10.49万,1798.0,1.8,自然吸气,L,4.0,,116.0,85.0,5600.0,160.0,3600,油气混合,92#,多点电喷,铁,国VI,5挡手动,5.0,手动变速箱(MT),140.0,,,3年或10万公里,,,,,,,,,,,,,,,,,5145,1765,1900,3110,1500.0,1475.0,130.0,1840.0,MPV,4.0,7.0,,侧滑门,主 / 副,前 / 后,,主 / 副,,上下,,USB/Type-C,,46056,织物,前 / 后,手动,46056,燃油
sg10901,15143.0,江淮瑞风,512.0,江淮瑞风,768,瑞风M3,93539,PLUS 1.8L 7/8座舒适版CNG,2023,燃油,江汽集团,紧凑型MPV,10.49,10.49万,暂无报价,10.49万,1798.0,1.8,自然吸气,L,4.0,,116.0,85.0,5600.0,160.0,3600,油气混合,92#,多点电喷,铁,国VI,5挡手动,5.0,手动变速箱(MT),140.0,,,3年或10万公里,,,,,,,,,,,,,,,,,5145,1765,1900,3110,1500.0,1475.0,130.0,1840.0,MPV,4.0,7.0,,侧滑门,主 / 副,前 / 后,,主 / 副,,上下,,USB/Type-C,,46056,织物,前 / 后,手动,46056,燃油
sg10901,9724.0,江淮瑞风,512.0,江淮瑞风,768,瑞风M3,95795,PLUS 2.0L HEV 精英版,2024,插电混动,江汽集团,紧凑型MPV,10.99,10.99万,暂无报价,10.99万,1999.0,2.0,自然吸气,L,4.0,DVVT,136.0,100.0,5600.0,175.0,4000,油电混合,92#,多点电喷,铝,国VI,1挡DHT,1.0,,130.0,,,3年或10万公里,永磁/同步,130.0,320.0,,,130.0,320.0,,,,,,,,,,5145,1765,1900,3110,1500.0,1475.0,130.0,1840.0,MPV,4.0,7.0,,侧滑门,主 / 副,前 / 后,,主 / 副,,上下,,USB/Type-C,,46056,织物,前 / 后,手动,46056,插电混动
sg10901,8307.0,江淮瑞风,512.0,江淮瑞风,768,瑞风M3,245430,1.8L 手动经典版 5座,2025,燃油,江汽集团,紧凑型MPV,6.58,6.58万,5.98万,5.98万,1798.0,1.8,自然吸气,L,4.0,,133.0,98.0,5600.0,182.0,3600,汽油,92#,多点电喷,铁,国VI,5挡手动,5.0,手动变速箱(MT),155.0,,,3年或10万公里,,,,,,,,,,,,,,,,,4715,1765,1900,2810,1500.0,1475.0,130.0,1620.0,MPV,4.0,5.0,,侧滑门,主 / 副,前 / 后,,主 / 副,,上下,,USB/Type-C,,46056,织物,前 / 后,手动,46056,燃油
sg10901,2193.0,江淮瑞风,512.0,江淮瑞风,768,瑞风M3,245430,1.8L 手动经典版 5座,2026,燃油,江汽集团,紧凑型MPV,6.58,6.58万,5.98万,5.98万,1798.0,1.8,自然吸气,L,4.0,,133.0,98.0,5600.0,182.0,3600,汽油,92#,多点电喷,铁,国VI,5挡手动,5.0,手动变速箱(MT),155.0,,,3年或10万公里,,,,,,,,,,,,,,,,,4715,1765,1900,2810,1500.0,1475.0,130.0,1620.0,MPV,4.0,5.0,,侧滑门,主 / 副,前 / 后,,主 / 副,,上下,,USB/Type-C,,46056,织物,前 / 后,手动,46056,燃油
sg11052,12149.0,沃尔沃,24.0,沃尔沃,1282,沃尔沃XC60,248933,B5 四驱智逸豪华版,2026,燃油,沃尔沃亚太,中型SUV,39.69,39.69万,23.62万,23.99万,1969.0,2.0,涡轮增压,L,4.0,米勒循环,250.0,184.0,5400.0,360.0,2000,48V轻混系统,95#,缸内直喷,铝,国VI,8挡手自一体,8.0,手自一体变速箱(AT),180.0,7.1,,3年不限公里,,,,,,,,,,,,,,,,,4708,1902,1660,2865,1653.0,1657.0,209.0,1920.0,SUV,5.0,5.0,483.0,平开门,主 / 副,前 / 后,,主 / 副,,上下+前后,大屏,USB/Type-C,,46306,仿皮,前 / 后,自动,46306,燃油
sg11081,111311.0,别克,12.0,别克,352,昂科威,251733,昂科威Plus 28T 两驱白金版,2022,燃油,上汽通用别克,中型SUV,22.99,22.99万,16.10万,16.39万,1998.0,2.0,涡轮增压,L,4.0,Tripower可变气门管理技术、AFM闭缸技术,237.0,174.0,5000.0,350.0,1500,汽油,95#,缸内直喷,铝,国VI b,9挡手自一体,9.0,手自一体变速箱(AT),210.0,8.0,,3年或10万公里,,,,,,,,,,,,,,,,,4822,1883,1695,2833,1610.0,1612.0,,1770.0,SUV,5.0,5.0,475.0,平开门,主 / 副,前 / 后,,主 / 副,,上下+前后,,USB/Type-C,,46180,仿皮,前 / 后,自动,46180,燃油
sg11081,95028.0,别克,12.0,别克,352,昂科威,251733,昂科威Plus 28T 两驱白金版,2023,燃油,上汽通用别克,中型SUV,22.99,22.99万,16.10万,16.39万,1998.0,2.0,涡轮增压,L,4.0,Tripower可变气门管理技术、AFM闭缸技术,237.0,174.0,5000.0,350.0,1500,汽油,95#,缸内直喷,铝,国VI b,9挡手自一体,9.0,手自一体变速箱(AT),210.0,8.0,,3年或10万公里,,,,,,,,,,,,,,,,,4822,1883,1695,2833,1610.0,1612.0,,1770.0,SUV,5.0,5.0,475.0,平开门,主 / 副,前 / 后,,主 / 副,,上下+前后,,USB/Type-C,,46180,仿皮,前 / 后,自动,46180,燃油
sg11081,72839.0,别克,12.0,别克,352,昂科威,251733,昂科威Plus 28T 两驱白金版,2024,燃油,上汽通用别克,中型SUV,22.99,22.99万,16.10万,16.39万,1998.0,2.0,涡轮增压,L,4.0,Tripower可变气门管理技术、AFM闭缸技术,237.0,174.0,5000.0,350.0,1500,汽油,95#,缸内直喷,铝,国VI b,9挡手自一体,9.0,手自一体变速箱(AT),210.0,8.0,,3年或10万公里,,,,,,,,,,,,,,,,,4822,1883,1695,2833,1610.0,1612.0,,1770.0,SUV,5.0,5.0,475.0,平开门,主 / 副,前 / 后,,主 / 副,,上下+前后,,USB/Type-C,,46180,仿皮,前 / 后,自动,46180,燃油
sg11081,129095.0,别克,12.0,别克,352,昂科威,251733,昂科威Plus 28T 两驱白金版,2025,燃油,上汽通用别克,中型SUV,22.99,22.99万,16.10万,16.39万,1998.0,2.0,涡轮增压,L,4.0,Tripower可变气门管理技术、AFM闭缸技术,237.0,174.0,5000.0,350.0,1500,汽油,95#,缸内直喷,铝,国VI b,9挡手自一体,9.0,手自一体变速箱(AT),210.0,8.0,,3年或10万公里,,,,,,,,,,,,,,,,,4822,1883,1695,2833,1610.0,1612.0,,1770.0,SUV,5.0,5.0,475.0,平开门,主 / 副,前 / 后,,主 / 副,,上下+前后,,USB/Type-C,,46180,仿皮,前 / 后,自动,46180,燃油
sg11081,51096.0,别克,12.0,别克,352,昂科威,251733,昂科威Plus 28T 两驱白金版,2026,燃油,上汽通用别克,中型SUV,22.99,22.99万,16.10万,16.39万,1998.0,2.0,涡轮增压,L,4.0,Tripower可变气门管理技术、AFM闭缸技术,237.0,174.0,5000.0,350.0,1500,汽油,95#,缸内直喷,铝,国VI b,9挡手自一体,9.0,手自一体变速箱(AT),210.0,8.0,,3年或10万公里,,,,,,,,,,,,,,,,,4822,1883,1695,2833,1610.0,1612.0,,1770.0,SUV,5.0,5.0,475.0,平开门,主 / 副,前 / 后,,主 / 副,,上下+前后,,USB/Type-C,,46180,仿皮,前 / 后,自动,46180,燃油
sg11244,114592.0,宝马,4.0,宝马,2812,宝马X3,251039,改款 xDrive25L 豪华套装,2022,燃油,华晨宝马,中型SUV,34.99,34.99万,26.20万,26.60万,1998.0,2.0,涡轮增压,L,4.0,Valvetronic/Double VANOS,212.0,156.0,5000.0,310.0,1500,汽油,95#,混合喷射,铝,国VI,8挡手自一体,8.0,手自一体变速箱(AT),214.0,8.9,8.3,3年或10万公里,,,,,,,,,,,,,,,,,4865,1920,1664,2975,1614.0,1659.0,,1885.0,SUV,5.0,5.0,,平开门,主 / 副,前 / 后,,主 / 副,,上下+前后,,USB/Type-C,,46180,仿皮,前 / 后,自动,46180,燃油
sg11244,116541.0,宝马,4.0,宝马,2812,宝马X3,251039,改款 xDrive25L 豪华套装,2023,燃油,华晨宝马,中型SUV,34.99,34.99万,26.20万,26.60万,1998.0,2.0,涡轮增压,L,4.0,Valvetronic/Double VANOS,212.0,156.0,5000.0,310.0,1500,汽油,95#,混合喷射,铝,国VI,8挡手自一体,8.0,手自一体变速箱(AT),214.0,8.9,8.3,3年或10万公里,,,,,,,,,,,,,,,,,4865,1920,1664,2975,1614.0,1659.0,,1885.0,SUV,5.0,5.0,,平开门,主 / 副,前 / 后,,主 / 副,,上下+前后,,USB/Type-C,,46180,仿皮,前 / 后,自动,46180,燃油
sg11244,110280.0,宝马,4.0,宝马,2812,宝马X3,251039,改款 xDrive25L 豪华套装,2024,燃油,华晨宝马,中型SUV,34.99,34.99万,26.20万,26.60万,1998.0,2.0,涡轮增压,L,4.0,Valvetronic/Double VANOS,212.0,156.0,5000.0,310.0,1500,汽油,95#,混合喷射,铝,国VI,8挡手自一体,8.0,手自一体变速箱(AT),214.0,8.9,8.3,3年或10万公里,,,,,,,,,,,,,,,,,4865,1920,1664,2975,1614.0,1659.0,,1885.0,SUV,5.0,5.0,,平开门,主 / 副,前 / 后,,主 / 副,,上下+前后,,USB/Type-C,,46180,仿皮,前 / 后,自动,46180,燃油
sg11244,76907.0,宝马,4.0,宝马,2812,宝马X3,251039,改款 xDrive25L 豪华套装,2025,燃油,华晨宝马,中型SUV,34.99,34.99万,26.20万,26.60万,1998.0,2.0,涡轮增压,L,4.0,Valvetronic/Double VANOS,212.0,156.0,5000.0,310.0,1500,汽油,95#,混合喷射,铝,国VI,8挡手自一体,8.0,手自一体变速箱(AT),214.0,8.9,8.3,3年或10万公里,,,,,,,,,,,,,,,,,4865,1920,1664,2975,1614.0,1659.0,,1885.0,SUV,5.0,5.0,,平开门,主 / 副,前 / 后,,主 / 副,,上下+前后,,USB/Type-C,,46180,仿皮,前 / 后,自动,46180,燃油
sg11244,39920.0,宝马,4.0,宝马,2812,宝马X3,255799,xDrive25L M运动曜夜套装,2026,燃油,华晨宝马,中型SUV,31.8,31.80万,26.20万,26.60万,1998.0,2.0,涡轮增压,L,4.0,Valvetronic/Double VANOS,212.0,156.0,5000.0,310.0,1500,汽油,95#,混合喷射,铝,国VI,8挡手自一体,8.0,手自一体变速箱(AT),214.0,8.9,8.3,3年或10万公里,,,,,,,,,,,,,,,,,4865,1920,1664,2975,1614.0,1659.0,214.0,1885.0,SUV,5.0,5.0,,平开门,主 / 副,前 / 后,,主 / 副,,上下+前后,,USB/Type-C,,46180,仿皮,前 / 后,自动,46180,燃油
sg11262,137677.0,吉利汽车,,吉利汽车,sg11262,新帝豪,pcauto_m135422,新帝豪 2025款 第4代 400万纪念款 1.5L 手动超越型,2022,燃油,吉利汽车,紧凑型车,6.89,6.89万,,,1499.0,1.5,自然吸气,直列,4.0,DVVT,120.0,88.0,,150.0,,汽油,92号(原93号),直喷,铝合金,国VI,手动,5.0,手动,175.0,,,四年或15万公里,,,,,,,,,,,,,,,,,4638,1820,1460,2650,,,,1205.0,三厢车,4.0,5.0,,平开门,,,,,皮质,上下,,,,,仿皮,,手动,,
sg11262,140037.0,吉利汽车,,吉利汽车,sg11262,新帝豪,pcauto_m135422,新帝豪 2025款 第4代 400万纪念款 1.5L 手动超越型,2023,燃油,吉利汽车,紧凑型车,6.89,6.89万,,,1499.0,1.5,自然吸气,直列,4.0,DVVT,120.0,88.0,,150.0,,汽油,92号(原93号),直喷,铝合金,国VI,手动,5.0,手动,175.0,,,四年或15万公里,,,,,,,,,,,,,,,,,4638,1820,1460,2650,,,,1205.0,三厢车,4.0,5.0,,平开门,,,,,皮质,上下,,,,,仿皮,,手动,,
sg11262,115799.0,吉利汽车,,吉利汽车,sg11262,新帝豪,pcauto_m135422,新帝豪 2025款 第4代 400万纪念款 1.5L 手动超越型,2024,燃油,吉利汽车,紧凑型车,6.89,6.89万,,,1499.0,1.5,自然吸气,直列,4.0,DVVT,120.0,88.0,,150.0,,汽油,92号(原93号),直喷,铝合金,国VI,手动,5.0,手动,175.0,,,四年或15万公里,,,,,,,,,,,,,,,,,4638,1820,1460,2650,,,,1205.0,三厢车,4.0,5.0,,平开门,,,,,皮质,上下,,,,,仿皮,,手动,,
sg11262,117933.0,吉利汽车,,吉利汽车,sg11262,新帝豪,pcauto_m135422,新帝豪 2025款 第4代 400万纪念款 1.5L 手动超越型,2025,燃油,吉利汽车,紧凑型车,6.89,6.89万,,,1499.0,1.5,自然吸气,直列,4.0,DVVT,120.0,88.0,,150.0,,汽油,92号(原93号),直喷,铝合金,国VI,手动,5.0,手动,175.0,,,四年或15万公里,,,,,,,,,,,,,,,,,4638,1820,1460,2650,,,,1205.0,三厢车,4.0,5.0,,平开门,,,,,皮质,上下,,,,,仿皮,,手动,,
sg11262,56536.0,吉利汽车,,吉利汽车,sg11262,新帝豪,pcauto_m137715,新帝豪 2026款 第5代 1.5L CVT豪华型,2026,燃油,吉利汽车,紧凑型车,7.49,7.49万,,,1499.0,1.5,自然吸气,直列,4.0,,120.0,88.0,,150.0,,汽油,92号(原93号),多点电喷,铝合金,国VI,无级变速,8.0,无级变速,170.0,,,四年或15万公里,,,,,,,,,,,,,,,,,4815,1885,1480,2755,,,,1355.0,三厢车,4.0,5.0,,平开门,,,,,皮质,上下+前后,,,,,仿皮,,自动,,
sg11262,,吉利汽车,,吉利汽车,sg11262,新帝豪,pcauto_m140739,新帝豪 2027款 向上 1.5L 手动豪华型,2027,燃油,吉利汽车,紧凑型车,6.89,6.89万,,,1499.0,1.5,自然吸气,直列,4.0,DVVT,120.0,88.0,,150.0,,汽油,92号(原93号),多点电喷,铝合金,国VI,手动,5.0,手动,175.0,,,四年或15万公里,,,,,,,,,,,,,,,,,4630,1820,1470,2650,,,,1205.0,三厢车,4.0,5.0,,平开门,,,,,皮质,上下,,,,,仿皮,,手动,,
sg11374,7230.0,路虎,19.0,路虎,993,揽胜极光,252861,揽胜极光L 2.0T SE,2026,燃油,奇瑞捷豹路虎,中型SUV,42.98,42.98万,19.23万,19.98万,1997.0,2.0,涡轮增压,L,4.0,,249.0,183.0,5500.0,365.0,1300,48V轻混系统,95#,缸内直喷,铝,国VI,9挡手自一体,9.0,手自一体变速箱(AT),229.0,8.2,,3年或10万公里,,,,,,,,,,,,,,,,,4531,1904,1650,2841,1636.0,1642.0,179.0,2000.0,SUV,5.0,5.0,492.0,平开门,主 / 副,前 / 后,,主 / 副,,上下+前后,大屏,USB/Type-C,英国之宝,12以上,仿皮,前 / 后,自动,12以上,燃油
sg11382,107196.0,本田,9.0,本田,279,本田XR-V,92827,1.5L CVT热力版,2022,燃油,东风本田,小型SUV,11.99,11.99万,9.95万,9.19万,1498.0,1.5,自然吸气,L,4.0,i-VTEC,124.0,91.0,6600.0,145.0,4700,汽油,92#,缸内直喷,铝,国VI,CVT无级变速,,无级变速箱(CVT),183.0,,6.3,3年或10万公里,,,,,,,,,,,,,,,,,4380,1790,1590,2610,1548.0,1553.0,150.0,1296.0,SUV,5.0,5.0,,平开门,主 / 副,前 / 后,,主 / 副,,上下+前后,大屏,USB/Type-C,,46117,织物,前 / 后,自动,46117,燃油
sg11382,52608.0,本田,9.0,本田,279,本田XR-V,92827,1.5L CVT热力版,2023,燃油,东风本田,小型SUV,11.99,11.99万,9.95万,9.19万,1498.0,1.5,自然吸气,L,4.0,i-VTEC,124.0,91.0,6600.0,145.0,4700,汽油,92#,缸内直喷,铝,国VI,CVT无级变速,,无级变速箱(CVT),183.0,,6.3,3年或10万公里,,,,,,,,,,,,,,,,,4380,1790,1590,2610,1548.0,1553.0,150.0,1296.0,SUV,5.0,5.0,,平开门,主 / 副,前 / 后,,主 / 副,,上下+前后,大屏,USB/Type-C,,46117,织物,前 / 后,自动,46117,燃油
sg11382,19823.0,本田,9.0,本田,279,本田XR-V,92827,1.5L CVT热力版,2024,燃油,东风本田,小型SUV,11.99,11.99万,9.95万,9.19万,1498.0,1.5,自然吸气,L,4.0,i-VTEC,124.0,91.0,6600.0,145.0,4700,汽油,92#,缸内直喷,铝,国VI,CVT无级变速,,无级变速箱(CVT),183.0,,6.3,3年或10万公里,,,,,,,,,,,,,,,,,4380,1790,1590,2610,1548.0,1553.0,150.0,1296.0,SUV,5.0,5.0,,平开门,主 / 副,前 / 后,,主 / 副,,上下+前后,大屏,USB/Type-C,,46117,织物,前 / 后,自动,46117,燃油
sg11382,3863.0,本田,9.0,本田,279,本田XR-V,92827,1.5L CVT热力版,2025,燃油,东风本田,小型SUV,11.99,11.99万,9.95万,9.19万,1498.0,1.5,自然吸气,L,4.0,i-VTEC,124.0,91.0,6600.0,145.0,4700,汽油,92#,缸内直喷,铝,国VI,CVT无级变速,,无级变速箱(CVT),183.0,,6.3,3年或10万公里,,,,,,,,,,,,,,,,,4380,1790,1590,2610,1548.0,1553.0,150.0,1296.0,SUV,5.0,5.0,,平开门,主 / 副,前 / 后,,主 / 副,,上下+前后,大屏,USB/Type-C,,46117,织物,前 / 后,自动,46117,燃油
sg11382,1813.0,本田,9.0,本田,279,本田XR-V,92827,1.5L CVT热力版,2026,燃油,东风本田,小型SUV,11.99,11.99万,9.95万,9.19万,1498.0,1.5,自然吸气,L,4.0,i-VTEC,124.0,91.0,6600.0,145.0,4700,汽油,92#,缸内直喷,铝,国VI,CVT无级变速,,无级变速箱(CVT),183.0,,6.3,3年或10万公里,,,,,,,,,,,,,,,,,4380,1790,1590,2610,1548.0,1553.0,150.0,1296.0,SUV,5.0,5.0,,平开门,主 / 副,前 / 后,,主 / 副,,上下+前后,大屏,USB/Type-C,,46117,织物,前 / 后,自动,46117,燃油
sg11607,22622.0,福特,,福特,sg11607,锐界L,pcauto_m136917,锐界L 2026款 2.0T EcoBoost 两驱7座时尚型,2022,燃油,长安福特,中型SUV,22.98,22.98万,,,1995.0,2.0,涡轮增压,直列,4.0,,252.0,185.0,,378.0,,汽油,92号(原93号),混合喷射,铝合金,国VI,自动,8.0,自动,193.0,,,三年或10万公里,,,,,,,,,,,,,,,,,5000,1961,1773,2950,,,,1949.0,SUV,5.0,7.0,,平开门,,,,,皮质,上下+前后,,,,,仿皮,,自动,,
sg11607,25502.0,福特,,福特,sg11607,锐界L,pcauto_m136917,锐界L 2026款 2.0T EcoBoost 两驱7座时尚型,2023,燃油,长安福特,中型SUV,22.98,22.98万,,,1995.0,2.0,涡轮增压,直列,4.0,,252.0,185.0,,378.0,,汽油,92号(原93号),混合喷射,铝合金,国VI,自动,8.0,自动,193.0,,,三年或10万公里,,,,,,,,,,,,,,,,,5000,1961,1773,2950,,,,1949.0,SUV,5.0,7.0,,平开门,,,,,皮质,上下+前后,,,,,仿皮,,自动,,
sg11607,29878.0,福特,,福特,sg11607,锐界L,pcauto_m136917,锐界L 2026款 2.0T EcoBoost 两驱7座时尚型,2024,燃油,长安福特,中型SUV,22.98,22.98万,,,1995.0,2.0,涡轮增压,直列,4.0,,252.0,185.0,,378.0,,汽油,92号(原93号),混合喷射,铝合金,国VI,自动,8.0,自动,193.0,,,三年或10万公里,,,,,,,,,,,,,,,,,5000,1961,1773,2950,,,,1949.0,SUV,5.0,7.0,,平开门,,,,,皮质,上下+前后,,,,,仿皮,,自动,,
sg11607,32276.0,福特,,福特,sg11607,锐界L,pcauto_m136917,锐界L 2026款 2.0T EcoBoost 两驱7座时尚型,2025,燃油,长安福特,中型SUV,22.98,22.98万,,,1995.0,2.0,涡轮增压,直列,4.0,,252.0,185.0,,378.0,,汽油,92号(原93号),混合喷射,铝合金,国VI,自动,8.0,自动,193.0,,,三年或10万公里,,,,,,,,,,,,,,,,,5000,1961,1773,2950,,,,1949.0,SUV,5.0,7.0,,平开门,,,,,皮质,上下+前后,,,,,仿皮,,自动,,
sg11607,10599.0,福特,,福特,sg11607,锐界L,pcauto_m136917,锐界L 2026款 2.0T EcoBoost 两驱7座时尚型,2026,燃油,长安福特,中型SUV,22.98,22.98万,,,1995.0,2.0,涡轮增压,直列,4.0,,252.0,185.0,,378.0,,汽油,92号(原93号),混合喷射,铝合金,国VI,自动,8.0,自动,193.0,,,三年或10万公里,,,,,,,,,,,,,,,,,5000,1961,1773,2950,,,,1949.0,SUV,5.0,7.0,,平开门,,,,,皮质,上下+前后,,,,,仿皮,,自动,,
sg11618,201.0,英菲尼迪,29.0,英菲尼迪,1423,英菲尼迪QX50,249950,2.0T 两驱时尚版,2026,燃油,东风英菲尼迪,中型SUV,35.08,35.08万,暂无报价,35.08万,1997.0,2.0,涡轮增压,L,4.0,可变压缩比/双循环/可变气门正时,245.0,180.0,5600.0,380.0,4400,汽油,95#,混合喷射,铝,国VI,CVT无级变速(模拟8挡),,无级变速箱(CVT),215.0,,8.4,4年或10万公里,,,,,,,,,,,,,,,,,4705,1903,1681,2798,1635.0,1630.0,220.0,1800.0,SUV,5.0,5.0,565.0,平开门,主 / 副,前 / 后,,主 / 副,,上下+前后,大屏,USB/Type-C,,46180,仿皮,前 / 后,自动,46180,燃油
sg11717,2285.0,福特,,福特,sg11717,撼路者,pcauto_m97419,撼路者 2020款 2.3T 汽油自动两驱菁英版 5座 国VI,2020,燃油,江铃福特,中型SUV,27.58,27.58万,,,,2.3,涡轮增压,直列,4.0,DVVT,275.0,202.0,,455.0,,汽油,92号(原93号),直喷,铝合金,国VI,手自一体,10.0,手自一体,175.0,,,三年或10万公里,,,,,,,,,,,,,,,,,4892,1862,1837,2850,,,,2205.0,SUV,5.0,5.0,,,,,,,塑料,上下,,,,,织物,,手动,,
sg11787,21541.0,起亚,,起亚,sg11787,起亚KX3傲跑,pcauto_m106395,起亚KX3傲跑 2021款 1.5L CVT风尚版,2021,燃油,起亚,小型SUV,10.88,10.88万,,,1497.0,1.5,自然吸气,直列,4.0,,115.0,84.4,,143.8,,汽油,92号(原93号),多点电喷,铝合金,国VI,无级变速,8.0,无级变速,172.0,,,三年或10万公里,,,,,,,,,,,,,,,,,4345,1800,1645,2630,,,,1220.0,SUV,5.0,5.0,,,,,,,塑料,上下,,,,,织物,,手动,,
sg11787,13973.0,起亚,,起亚,sg11787,起亚KX3傲跑,pcauto_m106395,起亚KX3傲跑 2021款 1.5L CVT风尚版,2022,燃油,起亚,小型SUV,10.88,10.88万,,,1497.0,1.5,自然吸气,直列,4.0,,115.0,84.4,,143.8,,汽油,92号(原93号),多点电喷,铝合金,国VI,无级变速,8.0,无级变速,172.0,,,三年或10万公里,,,,,,,,,,,,,,,,,4345,1800,1645,2630,,,,1220.0,SUV,5.0,5.0,,,,,,,塑料,上下,,,,,织物,,手动,,
sg11787,5006.0,起亚,,起亚,sg11787,起亚KX3傲跑,pcauto_m106395,起亚KX3傲跑 2021款 1.5L CVT风尚版,2023,燃油,起亚,小型SUV,10.88,10.88万,,,1497.0,1.5,自然吸气,直列,4.0,,115.0,84.4,,143.8,,汽油,92号(原93号),多点电喷,铝合金,国VI,无级变速,8.0,无级变速,172.0,,,三年或10万公里,,,,,,,,,,,,,,,,,4345,1800,1645,2630,,,,1220.0,SUV,5.0,5.0,,,,,,,塑料,上下,,,,,织物,,手动,,
sg11808,4063.0,现代,11.0,现代,1318,索纳塔,260046,1.5T Air,2022,燃油,北京现代,中型车,13.98,13.98万,暂无报价,10.98万,1497.0,1.5,涡轮增压,L,4.0,CVVD,170.0,125.0,5500.0,253.0,1500,汽油,92#,缸内直喷,铝,国VI b,8挡手自一体,8.0,手自一体变速箱(AT),210.0,,,可选：3年或15万公里/5年或10万公里/7年或7万公里,,,,,,,,,,,,,,,,,4945,1860,1445,2875,1623.0,1630.0,110.0,1482.0,三厢车,4.0,5.0,480.0,平开门,主 / 副,前 / 后,,主 / 副,,上下+前后,,USB/Type-C,,46180,仿皮,前 / 后,自动,46180,燃油
sg11808,2966.0,现代,11.0,现代,1318,索纳塔,260046,1.5T Air,2023,燃油,北京现代,中型车,13.98,13.98万,暂无报价,10.98万,1497.0,1.5,涡轮增压,L,4.0,CVVD,170.0,125.0,5500.0,253.0,1500,汽油,92#,缸内直喷,铝,国VI b,8挡手自一体,8.0,手自一体变速箱(AT),210.0,,,可选：3年或15万公里/5年或10万公里/7年或7万公里,,,,,,,,,,,,,,,,,4945,1860,1445,2875,1623.0,1630.0,110.0,1482.0,三厢车,4.0,5.0,480.0,平开门,主 / 副,前 / 后,,主 / 副,,上下+前后,,USB/Type-C,,46180,仿皮,前 / 后,自动,46180,燃油
sg11808,11134.0,现代,11.0,现代,1318,索纳塔,260046,1.5T Air,2024,燃油,北京现代,中型车,13.98,13.98万,暂无报价,10.98万,1497.0,1.5,涡轮增压,L,4.0,CVVD,170.0,125.0,5500.0,253.0,1500,汽油,92#,缸内直喷,铝,国VI b,8挡手自一体,8.0,手自一体变速箱(AT),210.0,,,可选：3年或15万公里/5年或10万公里/7年或7万公里,,,,,,,,,,,,,,,,,4945,1860,1445,2875,1623.0,1630.0,110.0,1482.0,三厢车,4.0,5.0,480.0,平开门,主 / 副,前 / 后,,主 / 副,,上下+前后,,USB/Type-C,,46180,仿皮,前 / 后,自动,46180,燃油
sg11808,14598.0,现代,11.0,现代,1318,索纳塔,260046,1.5T Air,2025,燃油,北京现代,中型车,13.98,13.98万,暂无报价,10.98万,1497.0,1.5,涡轮增压,L,4.0,CVVD,170.0,125.0,5500.0,253.0,1500,汽油,92#,缸内直喷,铝,国VI b,8挡手自一体,8.0,手自一体变速箱(AT),210.0,,,可选：3年或15万公里/5年或10万公里/7年或7万公里,,,,,,,,,,,,,,,,,4945,1860,1445,2875,1623.0,1630.0,110.0,1482.0,三厢车,4.0,5.0,480.0,平开门,主 / 副,前 / 后,,主 / 副,,上下+前后,,USB/Type-C,,46180,仿皮,前 / 后,自动,46180,燃油
sg11808,5237.0,现代,11.0,现代,1318,索纳塔,260046,1.5T Air,2026,燃油,北京现代,中型车,13.98,13.98万,暂无报价,10.98万,1497.0,1.5,涡轮增压,L,4.0,CVVD,170.0,125.0,5500.0,253.0,1500,汽油,92#,缸内直喷,铝,国VI b,8挡手自一体,8.0,手自一体变速箱(AT),210.0,,,可选：3年或15万公里/5年或10万公里/7年或7万公里,,,,,,,,,,,,,,,,,4945,1860,1445,2875,1623.0,1630.0,110.0,1482.0,三厢车,4.0,5.0,480.0,平开门,主 / 副,前 / 后,,主 / 副,,上下+前后,,USB/Type-C,,46180,仿皮,前 / 后,自动,46180,燃油
sg11980,29607.0,广汽传祺,40.0,广汽传祺,616,传祺GS4,100094,MAX 1.5TGDI 领航版,2024,燃油,广汽传祺,紧凑型SUV,11.58,11.58万,9.99万,9.28万,1497.0,1.5,涡轮增压,L,4.0,GCCS第三代燃烧控制技术,177.0,130.0,5500.0,270.0,1400,汽油,92#,缸内直喷,铝,国VI b,7挡双离合,7.0,湿式双离合变速箱（DCT）,190.0,8.8,,3年或10万公里,,,,,,,,,,,,,,,,,4685,1901,1690,2750,1617.0,1610.0,,1540.0,SUV,5.0,5.0,638.0,平开门,主 / 副,前 / 后,,主 / 副,,上下+前后,,USB/Type-C,,46117,仿皮,前 / 后,自动,46117,燃油
sg12181,3401.0,奔驰,3.0,奔驰,215,奔驰GLA,246846,GLA 200,2025,燃油,北京奔驰,紧凑型SUV,29.99,29.99万,暂无报价,17.99万,1332.0,1.3,涡轮增压,L,4.0,,163.0,120.0,5500.0,270.0,2000,汽油,95#,缸内直喷,铝,国VI,7挡双离合,7.0,湿式双离合变速箱（DCT）,207.0,9.4,6.61,3年不限公里,,,,,,,,,,,,,,,,,4427,1834,1620,2729,1590.0,1592.0,,1538.0,SUV,5.0,5.0,435.0,平开门,主 / 副,前 / 后,,主 / 副,,上下+前后,大屏,USB/Type-C,,46180,仿皮,前 / 后,自动,46180,燃油
sg12381,122042.0,别克,12.0,别克,345,威朗,78137,Pro 532T 乐逸版,2022,燃油,上汽通用别克,紧凑型车,12.89,12.89万,7.66万,6.59万,1498.0,1.5,涡轮增压,L,4.0,,184.0,135.0,5500.0,250.0,1500,汽油,92#,缸内直喷,铝,国VI,CVT无级变速(模拟7挡),,无级变速箱(CVT),210.0,7.7,,3年或10万公里,,,,,,,,,,,,,,,,,4664,1786,1472,2700,1543.0,1545.0,,1315.0,三厢车,4.0,5.0,480.0,平开门,主 / 副,前 / 后,,主 / 副,,上下,大屏,USB/Type-C,,46180,织物,前 / 后,手动,46180,燃油
sg12381,112821.0,别克,12.0,别克,345,威朗,78137,Pro 532T 乐逸版,2023,燃油,上汽通用别克,紧凑型车,12.89,12.89万,7.66万,6.59万,1498.0,1.5,涡轮增压,L,4.0,,184.0,135.0,5500.0,250.0,1500,汽油,92#,缸内直喷,铝,国VI,CVT无级变速(模拟7挡),,无级变速箱(CVT),210.0,7.7,,3年或10万公里,,,,,,,,,,,,,,,,,4664,1786,1472,2700,1543.0,1545.0,,1315.0,三厢车,4.0,5.0,480.0,平开门,主 / 副,前 / 后,,主 / 副,,上下,大屏,USB/Type-C,,46180,织物,前 / 后,手动,46180,燃油
sg12381,50120.0,别克,12.0,别克,345,威朗,78137,Pro 532T 乐逸版,2024,燃油,上汽通用别克,紧凑型车,12.89,12.89万,7.66万,6.59万,1498.0,1.5,涡轮增压,L,4.0,,184.0,135.0,5500.0,250.0,1500,汽油,92#,缸内直喷,铝,国VI,CVT无级变速(模拟7挡),,无级变速箱(CVT),210.0,7.7,,3年或10万公里,,,,,,,,,,,,,,,,,4664,1786,1472,2700,1543.0,1545.0,,1315.0,三厢车,4.0,5.0,480.0,平开门,主 / 副,前 / 后,,主 / 副,,上下,大屏,USB/Type-C,,46180,织物,前 / 后,手动,46180,燃油
sg12381,19791.0,别克,12.0,别克,345,威朗,78137,Pro 532T 乐逸版,2025,燃油,上汽通用别克,紧凑型车,12.89,12.89万,7.66万,6.59万,1498.0,1.5,涡轮增压,L,4.0,,184.0,135.0,5500.0,250.0,1500,汽油,92#,缸内直喷,铝,国VI,CVT无级变速(模拟7挡),,无级变速箱(CVT),210.0,7.7,,3年或10万公里,,,,,,,,,,,,,,,,,4664,1786,1472,2700,1543.0,1545.0,,1315.0,三厢车,4.0,5.0,480.0,平开门,主 / 副,前 / 后,,主 / 副,,上下,大屏,USB/Type-C,,46180,织物,前 / 后,手动,46180,燃油
sg12381,1470.0,别克,12.0,别克,345,威朗,78137,Pro 532T 乐逸版,2026,燃油,上汽通用别克,紧凑型车,12.89,12.89万,7.66万,6.59万,1498.0,1.5,涡轮增压,L,4.0,,184.0,135.0,5500.0,250.0,1500,汽油,92#,缸内直喷,铝,国VI,CVT无级变速(模拟7挡),,无级变速箱(CVT),210.0,7.7,,3年或10万公里,,,,,,,,,,,,,,,,,4664,1786,1472,2700,1543.0,1545.0,,1315.0,三厢车,4.0,5.0,480.0,平开门,主 / 副,前 / 后,,主 / 副,,上下,大屏,USB/Type-C,,46180,织物,前 / 后,手动,46180,燃油
sg12513,890.0,广汽传祺,,广汽传祺,sg12513,传祺GA8,pcauto_m98858,传祺GA8 2020款 390T 尊享版,2020,燃油,广汽传祺,中大型车,15.68,15.68万,,,1991.0,2.0,涡轮增压,直列,4.0,DCVVT,252.0,185.0,,390.0,,汽油,92号(原93号),直喷,铸铁,国VI,手自一体,6.0,手自一体,210.0,,,五年或15万公里,,,,,,,,,,,,,,,,,5003,1868,1505,2900,,,,1705.0,三厢车,4.0,4.0,,,,,,,皮质,上下+前后,,,,,皮/翻毛皮混搭,,自动,,
sg12513,317.0,广汽传祺,,广汽传祺,sg12513,传祺GA8,pcauto_m98858,传祺GA8 2020款 390T 尊享版,2022,燃油,广汽传祺,中大型车,15.68,15.68万,,,1991.0,2.0,涡轮增压,直列,4.0,DCVVT,252.0,185.0,,390.0,,汽油,92号(原93号),直喷,铸铁,国VI,手自一体,6.0,手自一体,210.0,,,五年或15万公里,,,,,,,,,,,,,,,,,5003,1868,1505,2900,,,,1705.0,三厢车,4.0,4.0,,,,,,,皮质,上下+前后,,,,,皮/翻毛皮混搭,,自动,,
sg12513,188.0,广汽传祺,,广汽传祺,sg12513,传祺GA8,pcauto_m98858,传祺GA8 2020款 390T 尊享版,2023,燃油,广汽传祺,中大型车,15.68,15.68万,,,1991.0,2.0,涡轮增压,直列,4.0,DCVVT,252.0,185.0,,390.0,,汽油,92号(原93号),直喷,铸铁,国VI,手自一体,6.0,手自一体,210.0,,,五年或15万公里,,,,,,,,,,,,,,,,,5003,1868,1505,2900,,,,1705.0,三厢车,4.0,4.0,,,,,,,皮质,上下+前后,,,,,皮/翻毛皮混搭,,自动,,
sg12622,2322.0,福特,7.0,福特,573,途睿欧,88181,2.0T 自动致享版,2023,燃油,江铃福特,中型MPV,21.96,21.96万,21.00万,21.96万,1997.0,2.0,涡轮增压,L,4.0,,220.0,162.0,5500.0,350.0,2000,汽油,92#,缸内直喷,铝,国VI,9挡自动,9.0,自动变速箱(AT),170.0,10.6,,3年或6万公里,,,,,,,,,,,,,,,,,4974,2095,1986,2933,1736.0,1720.0,170.0,2250.0,MPV,5.0,7.0,1360.0,侧滑门,主 / 副,前 / 后,,主 / 副,,上下,,USB/Type-C+AUX,,46180,仿皮,前 / 后,自动,46180,燃油
sg12622,1030.0,福特,7.0,福特,573,途睿欧,98918,2.0T 自动致尊版Plus版,2024,燃油,江铃福特,中型MPV,26.0,26.00万,暂无报价,26.00万,1997.0,2.0,涡轮增压,L,4.0,,220.0,162.0,5500.0,350.0,2000,汽油,92#,缸内直喷,铝,国VI,9挡自动,9.0,自动变速箱(AT),170.0,10.6,,3年或6万公里,,,,,,,,,,,,,,,,,4974,2095,1986,2933,1736.0,1720.0,170.0,2250.0,MPV,5.0,7.0,1360.0,侧滑门,主 / 副,前 / 后,,主 / 副,,上下,,USB/Type-C+AUX,,46180,真皮,前 / 后,自动,46180,燃油
sg12714,110621.0,吉利汽车,73.0,吉利汽车,741,博越,250456,1.5TD 欢乐,2026,燃油,吉利汽车,紧凑型SUV,8.59,8.59万,7.29万,7.69万,1499.0,1.5,涡轮增压,L,4.0,,181.0,133.0,5500.0,290.0,2000,汽油,92#,缸内直喷,铝,国VI b,7挡双离合,7.0,湿式双离合变速箱（DCT）,198.0,,,4年或10万公里,,,,,,,,,,,,,,,,,4549,1865,1650,2707,1580.0,1594.0,,1455.0,SUV,5.0,5.0,580.0,平开门,主 / 副,前 / 后,,主 / 副,,上下+前后,,USB/Type-C,,46117,仿皮,前 / 后,自动,46117,燃油
sg12975,146692.0,奔驰,3.0,奔驰,216,奔驰GLC,257602,GLC 260 L 4MATIC 经典版 5座,2022,燃油,北京奔驰,中型SUV,35.18,35.18万,27.46万,25.42万,1999.0,2.0,涡轮增压,L,4.0,,204.0,150.0,5800.0,320.0,1600,48V轻混系统,95#,缸内直喷,铝,国VI,9挡手自一体,9.0,手自一体变速箱(AT),212.0,8.2,7.55,3年不限公里,,,,,,,,,,,,,,,,,4826,1890,1714,2977,1623.0,1632.0,,2000.0,SUV,5.0,5.0,550.0,平开门,主 / 副,前 / 后,,主 / 副,,上下+前后,大屏,USB/Type-C,,46180,仿皮,前 / 后,自动,46180,燃油
sg12975,113966.0,奔驰,3.0,奔驰,216,奔驰GLC,257602,GLC 260 L 4MATIC 经典版 5座,2023,燃油,北京奔驰,中型SUV,35.18,35.18万,27.46万,25.42万,1999.0,2.0,涡轮增压,L,4.0,,204.0,150.0,5800.0,320.0,1600,48V轻混系统,95#,缸内直喷,铝,国VI,9挡手自一体,9.0,手自一体变速箱(AT),212.0,8.2,7.55,3年不限公里,,,,,,,,,,,,,,,,,4826,1890,1714,2977,1623.0,1632.0,,2000.0,SUV,5.0,5.0,550.0,平开门,主 / 副,前 / 后,,主 / 副,,上下+前后,大屏,USB/Type-C,,46180,仿皮,前 / 后,自动,46180,燃油
sg12975,153100.0,奔驰,3.0,奔驰,216,奔驰GLC,257602,GLC 260 L 4MATIC 经典版 5座,2024,燃油,北京奔驰,中型SUV,35.18,35.18万,27.46万,25.42万,1999.0,2.0,涡轮增压,L,4.0,,204.0,150.0,5800.0,320.0,1600,48V轻混系统,95#,缸内直喷,铝,国VI,9挡手自一体,9.0,手自一体变速箱(AT),212.0,8.2,7.55,3年不限公里,,,,,,,,,,,,,,,,,4826,1890,1714,2977,1623.0,1632.0,,2000.0,SUV,5.0,5.0,550.0,平开门,主 / 副,前 / 后,,主 / 副,,上下+前后,大屏,USB/Type-C,,46180,仿皮,前 / 后,自动,46180,燃油
sg12975,130610.0,奔驰,3.0,奔驰,216,奔驰GLC,257602,GLC 260 L 4MATIC 经典版 5座,2025,燃油,北京奔驰,中型SUV,35.18,35.18万,27.46万,25.42万,1999.0,2.0,涡轮增压,L,4.0,,204.0,150.0,5800.0,320.0,1600,48V轻混系统,95#,缸内直喷,铝,国VI,9挡手自一体,9.0,手自一体变速箱(AT),212.0,8.2,7.55,3年不限公里,,,,,,,,,,,,,,,,,4826,1890,1714,2977,1623.0,1632.0,,2000.0,SUV,5.0,5.0,550.0,平开门,主 / 副,前 / 后,,主 / 副,,上下+前后,大屏,USB/Type-C,,46180,仿皮,前 / 后,自动,46180,燃油
sg12975,52537.0,奔驰,3.0,奔驰,216,奔驰GLC,257602,GLC 260 L 4MATIC 经典版 5座,2026,燃油,北京奔驰,中型SUV,35.18,35.18万,27.46万,25.42万,1999.0,2.0,涡轮增压,L,4.0,,204.0,150.0,5800.0,320.0,1600,48V轻混系统,95#,缸内直喷,铝,国VI,9挡手自一体,9.0,手自一体变速箱(AT),212.0,8.2,7.55,3年不限公里,,,,,,,,,,,,,,,,,4826,1890,1714,2977,1623.0,1632.0,,2000.0,SUV,5.0,5.0,550.0,平开门,主 / 副,前 / 后,,主 / 副,,上下+前后,大屏,USB/Type-C,,46180,仿皮,前 / 后,自动,46180,燃油
sg12985,24013.0,东风风光,,东风风光,sg12985,风光330,pcauto_m91493,风光330 2019款 1.5L 实用型I 国VI DK15,2019,燃油,东风小康,MPV,4.19,4.19万,,,1499.0,1.5,自然吸气,直列,4.0,VVT,116.0,85.0,,135.0,,汽油,92号(原93号),多点电喷,铸铁,国VI,手动,5.0,手动,165.0,,,七年或20万公里,,,,,,,,,,,,,,,,,4365,1720,1790,2725,,,,1235.0,MPV,5.0,7.0,,,,,,,塑料,,,,,,织物,,手动,,
sg12985,6801.0,东风风光,,东风风光,sg12985,风光330,pcauto_m112441,风光330 2022款 1.5L 奢享型国VI DK15,2022,燃油,东风小康,MPV,6.88,6.88万,,,1499.0,1.5,自然吸气,直列,4.0,VVT,116.0,85.0,,135.0,,汽油,92号(原93号),多点电喷,铸铁,国VI,手动,5.0,手动,165.0,,,三年或6万公里,,,,,,,,,,,,,,,,,4365,1720,1790,2725,,,,1235.0,MPV,5.0,5.0,,,,,,,塑料,上下,,,,,织物,,手动,,
sg12985,2421.0,东风风光,,东风风光,sg12985,风光330,pcauto_m125612,风光330 2023款 330S 1.5L 实用型,2023,燃油,东风小康,MPV,4.29,4.29万,,,1499.0,1.5,自然吸气,直列,4.0,,111.0,82.0,,147.0,,汽油,92号(原93号),多点电喷,,国VI,手动,5.0,手动,165.0,,,,,,,,,,,,,,,,,,,,4400,1705,1790,2725,,,,1250.0,MPV,5.0,7.0,,平开门,,,,,塑料,,,,,,织物,,手动,,
sg12985,1913.0,东风风光,,东风风光,sg12985,风光330,pcauto_m125612,风光330 2023款 330S 1.5L 实用型,2024,燃油,东风小康,MPV,4.29,4.29万,,,1499.0,1.5,自然吸气,直列,4.0,,111.0,82.0,,147.0,,汽油,92号(原93号),多点电喷,,国VI,手动,5.0,手动,165.0,,,,,,,,,,,,,,,,,,,,4400,1705,1790,2725,,,,1250.0,MPV,5.0,7.0,,平开门,,,,,塑料,,,,,,织物,,手动,,
sg12985,407.0,东风风光,,东风风光,sg12985,风光330,pcauto_m125612,风光330 2023款 330S 1.5L 实用型,2025,燃油,东风小康,MPV,4.29,4.29万,,,1499.0,1.5,自然吸气,直列,4.0,,111.0,82.0,,147.0,,汽油,92号(原93号),多点电喷,,国VI,手动,5.0,手动,165.0,,,,,,,,,,,,,,,,,,,,4400,1705,1790,2725,,,,1250.0,MPV,5.0,7.0,,平开门,,,,,塑料,,,,,,织物,,手动,,
sg12985,58.0,东风风光,,东风风光,sg12985,风光330,pcauto_m125612,风光330 2023款 330S 1.5L 实用型,2026,燃油,东风小康,MPV,4.29,4.29万,,,1499.0,1.5,自然吸气,直列,4.0,,111.0,82.0,,147.0,,汽油,92号(原93号),多点电喷,,国VI,手动,5.0,手动,165.0,,,,,,,,,,,,,,,,,,,,4400,1705,1790,2725,,,,1250.0,MPV,5.0,7.0,,平开门,,,,,塑料,,,,,,织物,,手动,,
sg13088,998.0,凯迪拉克,30.0,凯迪拉克,859,凯迪拉克CT6,252311,28T 臻享版,2026,燃油,上汽通用凯迪拉克,中大型车,36.99,36.99万,29.86万,28.99万,1998.0,2.0,涡轮增压,L,4.0,Tripower可变气门管理技术,237.0,174.0,5000.0,350.0,1500,汽油,95#,缸内直喷,铝,国VI,10挡手自一体,10.0,手自一体变速箱(AT),230.0,7.47,,3年不限公里,,,,,,,,,,,,,,,,,5223,1890,1473,3109,1618.0,1634.0,111.0,1745.0,三厢车,4.0,5.0,508.0,平开门,主 / 副,前 / 后,,主 / 副,,上下+前后,,USB/Type-C,,,仿皮,前 / 后,自动,,燃油
sg13350,6892.0,丰田,,丰田,sg13350,卡罗拉双擎E+,pcauto_m97275,卡罗拉双擎E+ 2020款 1.8L 舒适版,2020,插电混动,一汽丰田,紧凑型车,21.48,21.48万,,,1798.0,1.8,自然吸气,直列,4.0,,99.0,73.0,,142.0,,插电混动,92号(原93号),多点电喷,铝合金,国VI,电子无级变速箱,,电子无级变速箱(E-CVT),159.0,,,三年或10万公里,永磁同步,53.0,207.0,53.0,207.0,,,,,锂离子电池,10.5,55.0,10.0,八年或20万公里,,,4635,1775,1470,2700,,,,1535.0,三厢车,4.0,5.0,,平开门,,,,,塑料,上下+前后,,,,,仿皮+真皮,,自动,,
sg13350,2838.0,丰田,,丰田,sg13350,卡罗拉双擎E+,pcauto_m97275,卡罗拉双擎E+ 2020款 1.8L 舒适版,2022,插电混动,一汽丰田,紧凑型车,21.48,21.48万,,,1798.0,1.8,自然吸气,直列,4.0,,99.0,73.0,,142.0,,插电混动,92号(原93号),多点电喷,铝合金,国VI,电子无级变速箱,,电子无级变速箱(E-CVT),159.0,,,三年或10万公里,永磁同步,53.0,207.0,53.0,207.0,,,,,锂离子电池,10.5,55.0,10.0,八年或20万公里,,,4635,1775,1470,2700,,,,1535.0,三厢车,4.0,5.0,,平开门,,,,,塑料,上下+前后,,,,,仿皮+真皮,,自动,,
sg13350,423.0,丰田,,丰田,sg13350,卡罗拉双擎E+,pcauto_m97275,卡罗拉双擎E+ 2020款 1.8L 舒适版,2023,插电混动,一汽丰田,紧凑型车,21.48,21.48万,,,1798.0,1.8,自然吸气,直列,4.0,,99.0,73.0,,142.0,,插电混动,92号(原93号),多点电喷,铝合金,国VI,电子无级变速箱,,电子无级变速箱(E-CVT),159.0,,,三年或10万公里,永磁同步,53.0,207.0,53.0,207.0,,,,,锂离子电池,10.5,55.0,10.0,八年或20万公里,,,4635,1775,1470,2700,,,,1535.0,三厢车,4.0,5.0,,平开门,,,,,塑料,上下+前后,,,,,仿皮+真皮,,自动,,
sg13360,19302.0,奔驰,3.0,奔驰,245,奔驰V级,100380,V 300 领航版,2022,燃油,福建奔驰,中大型MPV,49.68,49.68万,38.30万,32.68万,1999.0,2.0,涡轮增压,L,4.0,,231.0,170.0,5500.0,370.0,2000,48V轻混系统,95#,缸内直喷,铝,国VI,9挡手自一体,9.0,手自一体变速箱(AT),185.0,,,3年或6万公里,,,,,,,,,,,,,,,,,5140,1928,1880,3200,1666.0,1646.0,125.0,2460.0,MPV,5.0,7.0,1030.0,侧滑门,主 / 副,前 / 后,,主 / 副,,上下+前后,大屏,USB/Type-C,,46243,仿皮,前 / 后,自动,46243,燃油
sg13360,16552.0,奔驰,3.0,奔驰,245,奔驰V级,100380,V 300 领航版,2023,燃油,福建奔驰,中大型MPV,49.68,49.68万,38.30万,32.68万,1999.0,2.0,涡轮增压,L,4.0,,231.0,170.0,5500.0,370.0,2000,48V轻混系统,95#,缸内直喷,铝,国VI,9挡手自一体,9.0,手自一体变速箱(AT),185.0,,,3年或6万公里,,,,,,,,,,,,,,,,,5140,1928,1880,3200,1666.0,1646.0,125.0,2460.0,MPV,5.0,7.0,1030.0,侧滑门,主 / 副,前 / 后,,主 / 副,,上下+前后,大屏,USB/Type-C,,46243,仿皮,前 / 后,自动,46243,燃油
sg13360,12126.0,奔驰,3.0,奔驰,245,奔驰V级,100380,V 300 领航版,2024,燃油,福建奔驰,中大型MPV,49.68,49.68万,38.30万,32.68万,1999.0,2.0,涡轮增压,L,4.0,,231.0,170.0,5500.0,370.0,2000,48V轻混系统,95#,缸内直喷,铝,国VI,9挡手自一体,9.0,手自一体变速箱(AT),185.0,,,3年或6万公里,,,,,,,,,,,,,,,,,5140,1928,1880,3200,1666.0,1646.0,125.0,2460.0,MPV,5.0,7.0,1030.0,侧滑门,主 / 副,前 / 后,,主 / 副,,上下+前后,大屏,USB/Type-C,,46243,仿皮,前 / 后,自动,46243,燃油
sg13360,10247.0,奔驰,3.0,奔驰,245,奔驰V级,100380,V 300 领航版,2025,燃油,福建奔驰,中大型MPV,49.68,49.68万,38.30万,32.68万,1999.0,2.0,涡轮增压,L,4.0,,231.0,170.0,5500.0,370.0,2000,48V轻混系统,95#,缸内直喷,铝,国VI,9挡手自一体,9.0,手自一体变速箱(AT),185.0,,,3年或6万公里,,,,,,,,,,,,,,,,,5140,1928,1880,3200,1666.0,1646.0,125.0,2460.0,MPV,5.0,7.0,1030.0,侧滑门,主 / 副,前 / 后,,主 / 副,,上下+前后,大屏,USB/Type-C,,46243,仿皮,前 / 后,自动,46243,燃油
sg13360,1685.0,奔驰,3.0,奔驰,245,奔驰V级,100380,V 300 领航版,2026,燃油,福建奔驰,中大型MPV,49.68,49.68万,38.30万,32.68万,1999.0,2.0,涡轮增压,L,4.0,,231.0,170.0,5500.0,370.0,2000,48V轻混系统,95#,缸内直喷,铝,国VI,9挡手自一体,9.0,手自一体变速箱(AT),185.0,,,3年或6万公里,,,,,,,,,,,,,,,,,5140,1928,1880,3200,1666.0,1646.0,125.0,2460.0,MPV,5.0,7.0,1030.0,侧滑门,主 / 副,前 / 后,,主 / 副,,上下+前后,大屏,USB/Type-C,,46243,仿皮,前 / 后,自动,46243,燃油
sg13489,966.0,一汽,,一汽,sg13489,森雅R7,pcauto_m128323,森雅R7 2024款 1.5L 手动时尚型,2024,燃油,一汽吉林,小型SUV,7.98,7.98万,,,1498.0,1.5,自然吸气,直列,4.0,,116.0,85.0,,150.0,,汽油,92号(原93号),多点电喷,铸铁,国VI,手动,5.0,手动,160.0,,,,,,,,,,,,,,,,,,,,4305,1780,1655,2600,,,,,SUV,5.0,5.0,,平开门,,,,,塑料,上下,,,,,织物,,手动,,
sg13624,2512.0,雪铁龙,,雪铁龙,sg13624,雪铁龙C6,pcauto_m120676,雪铁龙C6 2023款 400THP 纪念版,2023,燃油,东风雪铁龙,中大型车,23.68,23.68万,,,1751.0,1.8,涡轮增压,直列,4.0,CVVT,211.0,155.0,,300.0,,汽油,92号(原93号),直喷,铝合金,国VI,手自一体,8.0,手自一体,235.0,,,三年或10万公里,,,,,,,,,,,,,,,,,4980,1858,1475,2900,,,,1645.0,三厢车,4.0,5.0,,平开门,,,,,真皮,上下+前后,,,,,仿皮,,自动,,
sg13635,47228.0,凯迪拉克,30.0,凯迪拉克,861,凯迪拉克XT5,252233,28T 两驱大都会型,2022,燃油,上汽通用凯迪拉克,中型SUV,37.99,37.99万,22.73万,23.49万,1998.0,2.0,涡轮增压,L,4.0,Tripower可变气门管理技术,237.0,174.0,5000.0,350.0,1500,48V轻混系统,95#,缸内直喷,铝,国VI,9挡手自一体,9.0,手自一体变速箱(AT),210.0,8.0,7.97,3年不限公里,,,,,,,,,,,,,,,,,4888,1957,1694,2863,1687.0,1683.0,158.0,1880.0,SUV,5.0,5.0,653.0,平开门,主 / 副,前 / 后,,主 / 副,,上下+前后,大屏,USB/Type-C,,46180,仿皮,前 / 后,自动,46180,燃油
sg13635,34965.0,凯迪拉克,30.0,凯迪拉克,861,凯迪拉克XT5,252233,28T 两驱大都会型,2023,燃油,上汽通用凯迪拉克,中型SUV,37.99,37.99万,22.73万,23.49万,1998.0,2.0,涡轮增压,L,4.0,Tripower可变气门管理技术,237.0,174.0,5000.0,350.0,1500,48V轻混系统,95#,缸内直喷,铝,国VI,9挡手自一体,9.0,手自一体变速箱(AT),210.0,8.0,7.97,3年不限公里,,,,,,,,,,,,,,,,,4888,1957,1694,2863,1687.0,1683.0,158.0,1880.0,SUV,5.0,5.0,653.0,平开门,主 / 副,前 / 后,,主 / 副,,上下+前后,大屏,USB/Type-C,,46180,仿皮,前 / 后,自动,46180,燃油
sg13635,31115.0,凯迪拉克,30.0,凯迪拉克,861,凯迪拉克XT5,252233,28T 两驱大都会型,2024,燃油,上汽通用凯迪拉克,中型SUV,37.99,37.99万,22.73万,23.49万,1998.0,2.0,涡轮增压,L,4.0,Tripower可变气门管理技术,237.0,174.0,5000.0,350.0,1500,48V轻混系统,95#,缸内直喷,铝,国VI,9挡手自一体,9.0,手自一体变速箱(AT),210.0,8.0,7.97,3年不限公里,,,,,,,,,,,,,,,,,4888,1957,1694,2863,1687.0,1683.0,158.0,1880.0,SUV,5.0,5.0,653.0,平开门,主 / 副,前 / 后,,主 / 副,,上下+前后,大屏,USB/Type-C,,46180,仿皮,前 / 后,自动,46180,燃油
sg13635,41266.0,凯迪拉克,30.0,凯迪拉克,861,凯迪拉克XT5,252233,28T 两驱大都会型,2025,燃油,上汽通用凯迪拉克,中型SUV,37.99,37.99万,22.73万,23.49万,1998.0,2.0,涡轮增压,L,4.0,Tripower可变气门管理技术,237.0,174.0,5000.0,350.0,1500,48V轻混系统,95#,缸内直喷,铝,国VI,9挡手自一体,9.0,手自一体变速箱(AT),210.0,8.0,7.97,3年不限公里,,,,,,,,,,,,,,,,,4888,1957,1694,2863,1687.0,1683.0,158.0,1880.0,SUV,5.0,5.0,653.0,平开门,主 / 副,前 / 后,,主 / 副,,上下+前后,大屏,USB/Type-C,,46180,仿皮,前 / 后,自动,46180,燃油
sg13635,21683.0,凯迪拉克,30.0,凯迪拉克,861,凯迪拉克XT5,252233,28T 两驱大都会型,2026,燃油,上汽通用凯迪拉克,中型SUV,37.99,37.99万,22.73万,23.49万,1998.0,2.0,涡轮增压,L,4.0,Tripower可变气门管理技术,237.0,174.0,5000.0,350.0,1500,48V轻混系统,95#,缸内直喷,铝,国VI,9挡手自一体,9.0,手自一体变速箱(AT),210.0,8.0,7.97,3年不限公里,,,,,,,,,,,,,,,,,4888,1957,1694,2863,1687.0,1683.0,158.0,1880.0,SUV,5.0,5.0,653.0,平开门,主 / 副,前 / 后,,主 / 副,,上下+前后,大屏,USB/Type-C,,46180,仿皮,前 / 后,自动,46180,燃油
sg13817,2757.0,东风风光,95.0,东风风光,436,风光580,247931,1.5T 自动舒享版,2025,燃油,东风小康,中型SUV,11.29,11.29万,暂无报价,11.29万,1499.0,1.5,涡轮增压,L,4.0,米勒循环,184.0,135.0,5500.0,300.0,1600,汽油,92#,缸内直喷,铁,国VI,6挡手自一体,6.0,手自一体变速箱(AT),185.0,,7.3,7年或15万公里,,,,,,,,,,,,,,,,,4720,1865,1710,2785,1585.0,1580.0,200.0,1590.0,SUV,5.0,5.0,,平开门,主 / 副,前 / 后,,主 / 副,,上下+前后,大屏,USB/Type-C,,46243,仿皮,前 / 后,自动,46243,燃油
sg13838,3634.0,别克,,别克,sg13838,别克GL6,pcauto_m102593,别克GL6 2021款 323T轻混动 互联精英型,2021,燃油,上汽通用别克,MPV,14.99,14.99万,,,1349.0,1.3,涡轮增压,直列,3.0,48V+启发电机,163.0,120.0,,230.0,,汽油,92号(原93号),多点电喷,铝合金,国VI,手自一体,6.0,手自一体,190.0,,,三年或10万公里,,,,,,,,,,,,,,,,,4692,1794,1626,2796,,,,1490.0,MPV,5.0,6.0,,平开门,,,,,塑料,上下,,,,,织物,,自动,,
sg13838,9616.0,别克,,别克,sg13838,别克GL6,pcauto_m102593,别克GL6 2021款 323T轻混动 互联精英型,2022,燃油,上汽通用别克,MPV,14.99,14.99万,,,1349.0,1.3,涡轮增压,直列,3.0,48V+启发电机,163.0,120.0,,230.0,,汽油,92号(原93号),多点电喷,铝合金,国VI,手自一体,6.0,手自一体,190.0,,,三年或10万公里,,,,,,,,,,,,,,,,,4692,1794,1626,2796,,,,1490.0,MPV,5.0,6.0,,平开门,,,,,塑料,上下,,,,,织物,,自动,,
sg13838,994.0,别克,,别克,sg13838,别克GL6,pcauto_m102593,别克GL6 2021款 323T轻混动 互联精英型,2023,燃油,上汽通用别克,MPV,14.99,14.99万,,,1349.0,1.3,涡轮增压,直列,3.0,48V+启发电机,163.0,120.0,,230.0,,汽油,92号(原93号),多点电喷,铝合金,国VI,手自一体,6.0,手自一体,190.0,,,三年或10万公里,,,,,,,,,,,,,,,,,4692,1794,1626,2796,,,,1490.0,MPV,5.0,6.0,,平开门,,,,,塑料,上下,,,,,织物,,自动,,
sg13877,32745.0,雪佛兰,,雪佛兰,sg13877,迈锐宝XL,pcauto_m123549,迈锐宝XL 2023款 535T 自动锐动版,2022,燃油,上汽通用雪佛兰,中型车,17.59,17.59万,,,1490.0,1.5,涡轮增压,直列,4.0,,169.0,124.0,,250.0,,汽油,92号(原93号),直喷,铝合金,国VI,手自一体,9.0,手自一体,205.0,9.1,,三年或10万公里,,,,,,,,,,,,,,,,,4933,1854,1476,2829,,,,1465.0,三厢车,4.0,5.0,,平开门,,,,,真皮,上下+前后,,,,,仿皮,,自动,,
sg13877,15309.0,雪佛兰,,雪佛兰,sg13877,迈锐宝XL,pcauto_m123549,迈锐宝XL 2023款 535T 自动锐动版,2023,燃油,上汽通用雪佛兰,中型车,17.59,17.59万,,,1490.0,1.5,涡轮增压,直列,4.0,,169.0,124.0,,250.0,,汽油,92号(原93号),直喷,铝合金,国VI,手自一体,9.0,手自一体,205.0,9.1,,三年或10万公里,,,,,,,,,,,,,,,,,4933,1854,1476,2829,,,,1465.0,三厢车,4.0,5.0,,平开门,,,,,真皮,上下+前后,,,,,仿皮,,自动,,
sg13877,2595.0,雪佛兰,,雪佛兰,sg13877,迈锐宝XL,pcauto_m123549,迈锐宝XL 2023款 535T 自动锐动版,2024,燃油,上汽通用雪佛兰,中型车,17.59,17.59万,,,1490.0,1.5,涡轮增压,直列,4.0,,169.0,124.0,,250.0,,汽油,92号(原93号),直喷,铝合金,国VI,手自一体,9.0,手自一体,205.0,9.1,,三年或10万公里,,,,,,,,,,,,,,,,,4933,1854,1476,2829,,,,1465.0,三厢车,4.0,5.0,,平开门,,,,,真皮,上下+前后,,,,,仿皮,,自动,,
sg13877,1148.0,雪佛兰,,雪佛兰,sg13877,迈锐宝XL,pcauto_m123549,迈锐宝XL 2023款 535T 自动锐动版,2025,燃油,上汽通用雪佛兰,中型车,17.59,17.59万,,,1490.0,1.5,涡轮增压,直列,4.0,,169.0,124.0,,250.0,,汽油,92号(原93号),直喷,铝合金,国VI,手自一体,9.0,手自一体,205.0,9.1,,三年或10万公里,,,,,,,,,,,,,,,,,4933,1854,1476,2829,,,,1465.0,三厢车,4.0,5.0,,平开门,,,,,真皮,上下+前后,,,,,仿皮,,自动,,
sg13877,2262.0,雪佛兰,,雪佛兰,sg13877,迈锐宝XL,pcauto_m123549,迈锐宝XL 2023款 535T 自动锐动版,2026,燃油,上汽通用雪佛兰,中型车,17.59,17.59万,,,1490.0,1.5,涡轮增压,直列,4.0,,169.0,124.0,,250.0,,汽油,92号(原93号),直喷,铝合金,国VI,手自一体,9.0,手自一体,205.0,9.1,,三年或10万公里,,,,,,,,,,,,,,,,,4933,1854,1476,2829,,,,1465.0,三厢车,4.0,5.0,,平开门,,,,,真皮,上下+前后,,,,,仿皮,,自动,,
sg13918,7036.0,大众,,大众,sg13918,辉昂,pcauto_m101688,辉昂 2021款 380TSI 豪华版,2021,燃油,上汽大众,中大型车,34.3,34.3万,,,1984.0,2.0,涡轮增压,直列,4.0,,224.0,165.0,,350.0,,汽油,95号(原97号),直喷,铸铁,国VI,湿式双离合,7.0,湿式双离合变速箱,240.0,8.1,,三年或10万公里,,,,,,,,,,,,,,,,,5074,1893,1489,3009,,,,1805.0,三厢车,4.0,5.0,,平开门,,,,,真皮,上下+前后,,,,,真皮,,自动,,
sg14068,59133.0,奇瑞,18.0,奇瑞,1094,瑞虎7,245772,卓越版 1.5T 手动舒适版,2022,燃油,奇瑞汽车,紧凑型SUV,7.49,7.49万,6.40万,6.99万,1498.0,1.5,涡轮增压,L,4.0,,156.0,115.0,5500.0,230.0,1750,汽油,92#,多点电喷,铁,国VI b,6挡手动,6.0,手动变速箱(MT),188.0,,,3年或10万公里,,,,,,,,,,,,,,,,,4500,1842,1746,2670,1556.0,1558.0,196.0,1465.0,SUV,5.0,5.0,475.0,平开门,主 / 副,前 / 后,,主 / 副,,上下+前后,大屏,USB/Type-C,,,仿皮,前 / 后,手动,,燃油
sg14068,52686.0,奇瑞,18.0,奇瑞,1094,瑞虎7,245772,卓越版 1.5T 手动舒适版,2023,燃油,奇瑞汽车,紧凑型SUV,7.49,7.49万,6.40万,6.99万,1498.0,1.5,涡轮增压,L,4.0,,156.0,115.0,5500.0,230.0,1750,汽油,92#,多点电喷,铁,国VI b,6挡手动,6.0,手动变速箱(MT),188.0,,,3年或10万公里,,,,,,,,,,,,,,,,,4500,1842,1746,2670,1556.0,1558.0,196.0,1465.0,SUV,5.0,5.0,475.0,平开门,主 / 副,前 / 后,,主 / 副,,上下+前后,大屏,USB/Type-C,,,仿皮,前 / 后,手动,,燃油
sg14068,59644.0,奇瑞,18.0,奇瑞,1094,瑞虎7,245772,卓越版 1.5T 手动舒适版,2024,燃油,奇瑞汽车,紧凑型SUV,7.49,7.49万,6.40万,6.99万,1498.0,1.5,涡轮增压,L,4.0,,156.0,115.0,5500.0,230.0,1750,汽油,92#,多点电喷,铁,国VI b,6挡手动,6.0,手动变速箱(MT),188.0,,,3年或10万公里,,,,,,,,,,,,,,,,,4500,1842,1746,2670,1556.0,1558.0,196.0,1465.0,SUV,5.0,5.0,475.0,平开门,主 / 副,前 / 后,,主 / 副,,上下+前后,大屏,USB/Type-C,,,仿皮,前 / 后,手动,,燃油
sg14068,50771.0,奇瑞,18.0,奇瑞,1094,瑞虎7,245772,卓越版 1.5T 手动舒适版,2025,燃油,奇瑞汽车,紧凑型SUV,7.49,7.49万,6.40万,6.99万,1498.0,1.5,涡轮增压,L,4.0,,156.0,115.0,5500.0,230.0,1750,汽油,92#,多点电喷,铁,国VI b,6挡手动,6.0,手动变速箱(MT),188.0,,,3年或10万公里,,,,,,,,,,,,,,,,,4500,1842,1746,2670,1556.0,1558.0,196.0,1465.0,SUV,5.0,5.0,475.0,平开门,主 / 副,前 / 后,,主 / 副,,上下+前后,大屏,USB/Type-C,,,仿皮,前 / 后,手动,,燃油
sg14068,13365.0,奇瑞,18.0,奇瑞,1094,瑞虎7,257183,1.5T CVT舒享型,2026,燃油,奇瑞汽车,紧凑型SUV,7.99,7.99万,6.50万,6.99万,1498.0,1.5,涡轮增压,L,4.0,,156.0,115.0,5500.0,230.0,1750,汽油,92#,多点电喷,铁,国VI b,CVT无级变速,,无级变速箱(CVT),186.0,,,3年或10万公里,,,,,,,,,,,,,,,,,4530,1862,1695,2670,1570.0,1570.0,163.0,1465.0,SUV,5.0,5.0,475.0,平开门,主 / 副,前 / 后,,主 / 副,,上下+前后,,USB/Type-C,,46117,织物,前 / 后,手动,46117,燃油
sg14113,10055.0,捷豹,31.0,捷豹,798,捷豹XFL,249223,2.0T P250 两驱尊享豪华版,2022,燃油,奇瑞捷豹路虎,中大型车,43.99,43.99万,21.65万,43.99万,1997.0,2.0,涡轮增压,L,4.0,,250.0,184.0,5500.0,364.0,1300,汽油,95#,缸内直喷,铝,国VI,8挡手自一体,8.0,手自一体变速箱(AT),240.0,7.4,,3年或10万公里,,,,,,,,,,,,,,,,,5102,1890,1456,3100,1605.0,1609.0,,1835.0,三厢车,4.0,5.0,446.0,平开门,主 / 副,前 / 后,,主 / 副,,上下+前后,大屏,USB/Type-C,英国之宝,12以上,真皮,前 / 后,自动,12以上,燃油
sg14113,11317.0,捷豹,31.0,捷豹,798,捷豹XFL,249223,2.0T P250 两驱尊享豪华版,2023,燃油,奇瑞捷豹路虎,中大型车,43.99,43.99万,21.65万,43.99万,1997.0,2.0,涡轮增压,L,4.0,,250.0,184.0,5500.0,364.0,1300,汽油,95#,缸内直喷,铝,国VI,8挡手自一体,8.0,手自一体变速箱(AT),240.0,7.4,,3年或10万公里,,,,,,,,,,,,,,,,,5102,1890,1456,3100,1605.0,1609.0,,1835.0,三厢车,4.0,5.0,446.0,平开门,主 / 副,前 / 后,,主 / 副,,上下+前后,大屏,USB/Type-C,英国之宝,12以上,真皮,前 / 后,自动,12以上,燃油
sg14113,9085.0,捷豹,31.0,捷豹,798,捷豹XFL,249223,2.0T P250 两驱尊享豪华版,2024,燃油,奇瑞捷豹路虎,中大型车,43.99,43.99万,21.65万,43.99万,1997.0,2.0,涡轮增压,L,4.0,,250.0,184.0,5500.0,364.0,1300,汽油,95#,缸内直喷,铝,国VI,8挡手自一体,8.0,手自一体变速箱(AT),240.0,7.4,,3年或10万公里,,,,,,,,,,,,,,,,,5102,1890,1456,3100,1605.0,1609.0,,1835.0,三厢车,4.0,5.0,446.0,平开门,主 / 副,前 / 后,,主 / 副,,上下+前后,大屏,USB/Type-C,英国之宝,12以上,真皮,前 / 后,自动,12以上,燃油
sg14113,7359.0,捷豹,31.0,捷豹,798,捷豹XFL,249223,2.0T P250 两驱尊享豪华版,2025,燃油,奇瑞捷豹路虎,中大型车,43.99,43.99万,21.65万,43.99万,1997.0,2.0,涡轮增压,L,4.0,,250.0,184.0,5500.0,364.0,1300,汽油,95#,缸内直喷,铝,国VI,8挡手自一体,8.0,手自一体变速箱(AT),240.0,7.4,,3年或10万公里,,,,,,,,,,,,,,,,,5102,1890,1456,3100,1605.0,1609.0,,1835.0,三厢车,4.0,5.0,446.0,平开门,主 / 副,前 / 后,,主 / 副,,上下+前后,大屏,USB/Type-C,英国之宝,12以上,真皮,前 / 后,自动,12以上,燃油
sg14113,1903.0,捷豹,31.0,捷豹,798,捷豹XFL,249223,2.0T P250 两驱尊享豪华版,2026,燃油,奇瑞捷豹路虎,中大型车,43.99,43.99万,21.65万,43.99万,1997.0,2.0,涡轮增压,L,4.0,,250.0,184.0,5500.0,364.0,1300,汽油,95#,缸内直喷,铝,国VI,8挡手自一体,8.0,手自一体变速箱(AT),240.0,7.4,,3年或10万公里,,,,,,,,,,,,,,,,,5102,1890,1456,3100,1605.0,1609.0,,1835.0,三厢车,4.0,5.0,446.0,平开门,主 / 副,前 / 后,,主 / 副,,上下+前后,大屏,USB/Type-C,英国之宝,12以上,真皮,前 / 后,自动,12以上,燃油
sg14143,37592.0,荣威,36.0,荣威,1182,荣威RX5,77335,PLUS 330TGI 手动领潮智享版,2023,燃油,上汽集团,紧凑型SUV,9.99,9.99万,8.90万,6.99万,1490.0,1.5,涡轮增压,L,4.0,,181.0,133.0,5600.0,285.0,1500,汽油,92#,缸内直喷,铝,国VI,6挡手动,6.0,手动变速箱(MT),190.0,9.3,6.9,3年或10万公里,,,,,,,,,,,,,,,,,4571,1855,1719,2708,1574.0,1593.0,,1506.0,SUV,5.0,5.0,430.0,平开门,主 / 副,前 / 后,,主 / 副,,上下+前后,大屏,USB/Type-C,,46180,仿皮,前 / 后,手动,46180,燃油
sg14143,18738.0,荣威,36.0,荣威,1182,荣威RX5,248036,PLUS 330TGI 自动领潮智惠版,2025,燃油,上汽集团,紧凑型SUV,10.49,10.49万,6.62万,7.49万,1490.0,1.5,涡轮增压,L,4.0,,181.0,133.0,5600.0,285.0,1500,汽油,92#,缸内直喷,铝,国VI,7挡双离合,7.0,湿式双离合变速箱（DCT）,190.0,,6.9,3年或10万公里,,,,,,,,,,,,,,,,,4571,1855,1719,2708,1574.0,1593.0,,1500.0,SUV,5.0,5.0,430.0,平开门,主 / 副,前 / 后,,主 / 副,,上下+前后,大屏,USB/Type-C,,46117,仿皮,前 / 后,手动,46117,燃油
sg14231,25229.0,广汽传祺,40.0,广汽传祺,617,传祺GS8,90753,领航系列 2.0TGDI 两驱豪华智联版,2024,燃油,广汽传祺,中大型SUV,18.68,18.68万,14.88万,16.68万,1991.0,2.0,涡轮增压,L,4.0,"全新350bar高压缸内直喷技术,电控可变机油泵技术,GCCS燃烧控制专利技术,低惯量E-Turbo增压技术,DCVVT双连续可变气门正时机构",252.0,185.0,5250.0,400.0,1750,汽油,95#,缸内直喷,铁,国VI,8挡手自一体,8.0,手自一体变速箱(AT),210.0,,,5年或15万公里,,,,,,,,,,,,,,,,,4980,1950,1780,2920,1664.0,1676.0,160.0,1920.0,SUV,5.0,7.0,,平开门,主 / 副,前 / 后,,主 / 副,,上下+前后,大屏,USB/Type-C,,46243,真皮+仿皮,前 / 后,自动,46243,燃油
sg14231,25088.0,广汽传祺,40.0,广汽传祺,617,传祺GS8,101800,领航系列 2.0TGDI 两驱5座豪华版,2025,燃油,广汽传祺,中大型SUV,15.98,15.98万,12.36万,13.98万,1991.0,2.0,涡轮增压,L,4.0,"全新350bar高压缸内直喷技术,电控可变机油泵技术,GCCS燃烧控制专利技术,低惯量E-Turbo增压技术,DCVVT双连续可变气门正时机构",252.0,185.0,5250.0,400.0,1750,汽油,95#,缸内直喷,铁,国VI,8挡自动,8.0,自动变速箱(AT),210.0,,,5年或15万公里,,,,,,,,,,,,,,,,,4980,1950,1780,2920,1664.0,1676.0,160.0,1850.0,SUV,5.0,5.0,1859.0,平开门,主 / 副,前 / 后,,主 / 副,,上下+前后,大屏,USB/Type-C,,46243,仿皮,前 / 后,自动,46243,燃油
sg14252,45457.0,本田,9.0,本田,292,冠道,256378,240 TURBO CVT 舒享版,2022,燃油,广汽本田,中型SUV,23.98,23.98万,暂无报价,16.98万,1498.0,1.5,涡轮增压,L,4.0,i-VTEC,188.0,138.0,5600.0,243.0,2000,汽油,92#,缸内直喷,铝,国VI,CVT无级变速,,无级变速箱(CVT),198.0,10.8,7.69,3年或10万公里,,,,,,,,,,,,,,,,,4858,1942,1670,2820,1652.0,1671.0,,1715.0,SUV,5.0,5.0,510.0,平开门,主 / 副,前 / 后,,主 / 副,,上下+前后,大屏,USB/Type-C,,46180,真皮,前 / 后,自动,46180,燃油
sg14252,32542.0,本田,9.0,本田,292,冠道,256378,240 TURBO CVT 舒享版,2023,燃油,广汽本田,中型SUV,23.98,23.98万,暂无报价,16.98万,1498.0,1.5,涡轮增压,L,4.0,i-VTEC,188.0,138.0,5600.0,243.0,2000,汽油,92#,缸内直喷,铝,国VI,CVT无级变速,,无级变速箱(CVT),198.0,10.8,7.69,3年或10万公里,,,,,,,,,,,,,,,,,4858,1942,1670,2820,1652.0,1671.0,,1715.0,SUV,5.0,5.0,510.0,平开门,主 / 副,前 / 后,,主 / 副,,上下+前后,大屏,USB/Type-C,,46180,真皮,前 / 后,自动,46180,燃油
sg14252,16272.0,本田,9.0,本田,292,冠道,256378,240 TURBO CVT 舒享版,2024,燃油,广汽本田,中型SUV,23.98,23.98万,暂无报价,16.98万,1498.0,1.5,涡轮增压,L,4.0,i-VTEC,188.0,138.0,5600.0,243.0,2000,汽油,92#,缸内直喷,铝,国VI,CVT无级变速,,无级变速箱(CVT),198.0,10.8,7.69,3年或10万公里,,,,,,,,,,,,,,,,,4858,1942,1670,2820,1652.0,1671.0,,1715.0,SUV,5.0,5.0,510.0,平开门,主 / 副,前 / 后,,主 / 副,,上下+前后,大屏,USB/Type-C,,46180,真皮,前 / 后,自动,46180,燃油
sg14252,5956.0,本田,9.0,本田,292,冠道,256378,240 TURBO CVT 舒享版,2025,燃油,广汽本田,中型SUV,23.98,23.98万,暂无报价,16.98万,1498.0,1.5,涡轮增压,L,4.0,i-VTEC,188.0,138.0,5600.0,243.0,2000,汽油,92#,缸内直喷,铝,国VI,CVT无级变速,,无级变速箱(CVT),198.0,10.8,7.69,3年或10万公里,,,,,,,,,,,,,,,,,4858,1942,1670,2820,1652.0,1671.0,,1715.0,SUV,5.0,5.0,510.0,平开门,主 / 副,前 / 后,,主 / 副,,上下+前后,大屏,USB/Type-C,,46180,真皮,前 / 后,自动,46180,燃油
sg14252,1932.0,本田,9.0,本田,292,冠道,256378,240 TURBO CVT 舒享版,2026,燃油,广汽本田,中型SUV,23.98,23.98万,暂无报价,16.98万,1498.0,1.5,涡轮增压,L,4.0,i-VTEC,188.0,138.0,5600.0,243.0,2000,汽油,92#,缸内直喷,铝,国VI,CVT无级变速,,无级变速箱(CVT),198.0,10.8,7.69,3年或10万公里,,,,,,,,,,,,,,,,,4858,1942,1670,2820,1652.0,1671.0,,1715.0,SUV,5.0,5.0,510.0,平开门,主 / 副,前 / 后,,主 / 副,,上下+前后,大屏,USB/Type-C,,46180,真皮,前 / 后,自动,46180,燃油
sg14373,22093.0,奇瑞,18.0,奇瑞,1092,瑞虎3x,238991,1.5L CVT卓越版,2022,燃油,奇瑞汽车,小型SUV,5.79,5.79万,4.68万,4.99万,1499.0,1.5,自然吸气,L,4.0,,116.0,85.0,6150.0,143.0,4000,汽油,92#,多点电喷,铁,国VI b,CVT无级变速(模拟9挡),,无级变速箱(CVT),165.0,,,3年或10万公里,,,,,,,,,,,,,,,,,4200,1760,1570,2555,1495.0,1484.0,,1268.0,SUV,5.0,5.0,420.0,平开门,主 / 副,前 / 后,,主 / 副,,上下,,USB/Type-C,,46056,织物,前 / 后,手动,46056,燃油
sg14373,18374.0,奇瑞,18.0,奇瑞,1092,瑞虎3x,238991,1.5L CVT卓越版,2023,燃油,奇瑞汽车,小型SUV,5.79,5.79万,4.68万,4.99万,1499.0,1.5,自然吸气,L,4.0,,116.0,85.0,6150.0,143.0,4000,汽油,92#,多点电喷,铁,国VI b,CVT无级变速(模拟9挡),,无级变速箱(CVT),165.0,,,3年或10万公里,,,,,,,,,,,,,,,,,4200,1760,1570,2555,1495.0,1484.0,,1268.0,SUV,5.0,5.0,420.0,平开门,主 / 副,前 / 后,,主 / 副,,上下,,USB/Type-C,,46056,织物,前 / 后,手动,46056,燃油
sg14373,22452.0,奇瑞,18.0,奇瑞,1092,瑞虎3x,238991,1.5L CVT卓越版,2024,燃油,奇瑞汽车,小型SUV,5.79,5.79万,4.68万,4.99万,1499.0,1.5,自然吸气,L,4.0,,116.0,85.0,6150.0,143.0,4000,汽油,92#,多点电喷,铁,国VI b,CVT无级变速(模拟9挡),,无级变速箱(CVT),165.0,,,3年或10万公里,,,,,,,,,,,,,,,,,4200,1760,1570,2555,1495.0,1484.0,,1268.0,SUV,5.0,5.0,420.0,平开门,主 / 副,前 / 后,,主 / 副,,上下,,USB/Type-C,,46056,织物,前 / 后,手动,46056,燃油
sg14373,25952.0,奇瑞,18.0,奇瑞,1092,瑞虎3x,238991,1.5L CVT卓越版,2025,燃油,奇瑞汽车,小型SUV,5.79,5.79万,4.68万,4.99万,1499.0,1.5,自然吸气,L,4.0,,116.0,85.0,6150.0,143.0,4000,汽油,92#,多点电喷,铁,国VI b,CVT无级变速(模拟9挡),,无级变速箱(CVT),165.0,,,3年或10万公里,,,,,,,,,,,,,,,,,4200,1760,1570,2555,1495.0,1484.0,,1268.0,SUV,5.0,5.0,420.0,平开门,主 / 副,前 / 后,,主 / 副,,上下,,USB/Type-C,,46056,织物,前 / 后,手动,46056,燃油
sg14373,4529.0,奇瑞,18.0,奇瑞,1092,瑞虎3x,238991,1.5L CVT卓越版,2026,燃油,奇瑞汽车,小型SUV,5.79,5.79万,4.68万,4.99万,1499.0,1.5,自然吸气,L,4.0,,116.0,85.0,6150.0,143.0,4000,汽油,92#,多点电喷,铁,国VI b,CVT无级变速(模拟9挡),,无级变速箱(CVT),165.0,,,3年或10万公里,,,,,,,,,,,,,,,,,4200,1760,1570,2555,1495.0,1484.0,,1268.0,SUV,5.0,5.0,420.0,平开门,主 / 副,前 / 后,,主 / 副,,上下,,USB/Type-C,,46056,织物,前 / 后,手动,46056,燃油
sg1603,120098.0,奔驰,3.0,奔驰,214,奔驰E级,257504,E 260 L 经典版,2022,燃油,北京奔驰,中大型车,37.88,37.88万,29.81万,26.08万,1999.0,2.0,涡轮增压,L,4.0,,204.0,150.0,5800.0,320.0,1600,48V轻混系统,95#,缸内直喷,铝,国VI,9挡手自一体,9.0,手自一体变速箱(AT),233.0,7.7,,3年不限公里,,,,,,,,,,,,,,,,,5092,1880,1493,3094,1628.0,1641.0,,1890.0,三厢车,4.0,5.0,510.0,平开门,主 / 副,前 / 后,,主 / 副,,上下+前后,大屏,USB/Type-C,,46243,仿皮,前 / 后,自动,46243,燃油
sg1603,143546.0,奔驰,3.0,奔驰,214,奔驰E级,257504,E 260 L 经典版,2023,燃油,北京奔驰,中大型车,37.88,37.88万,29.81万,26.08万,1999.0,2.0,涡轮增压,L,4.0,,204.0,150.0,5800.0,320.0,1600,48V轻混系统,95#,缸内直喷,铝,国VI,9挡手自一体,9.0,手自一体变速箱(AT),233.0,7.7,,3年不限公里,,,,,,,,,,,,,,,,,5092,1880,1493,3094,1628.0,1641.0,,1890.0,三厢车,4.0,5.0,510.0,平开门,主 / 副,前 / 后,,主 / 副,,上下+前后,大屏,USB/Type-C,,46243,仿皮,前 / 后,自动,46243,燃油
sg1603,145535.0,奔驰,3.0,奔驰,214,奔驰E级,257504,E 260 L 经典版,2024,燃油,北京奔驰,中大型车,37.88,37.88万,29.81万,26.08万,1999.0,2.0,涡轮增压,L,4.0,,204.0,150.0,5800.0,320.0,1600,48V轻混系统,95#,缸内直喷,铝,国VI,9挡手自一体,9.0,手自一体变速箱(AT),233.0,7.7,,3年不限公里,,,,,,,,,,,,,,,,,5092,1880,1493,3094,1628.0,1641.0,,1890.0,三厢车,4.0,5.0,510.0,平开门,主 / 副,前 / 后,,主 / 副,,上下+前后,大屏,USB/Type-C,,46243,仿皮,前 / 后,自动,46243,燃油
sg1603,130810.0,奔驰,3.0,奔驰,214,奔驰E级,257504,E 260 L 经典版,2025,燃油,北京奔驰,中大型车,37.88,37.88万,29.81万,26.08万,1999.0,2.0,涡轮增压,L,4.0,,204.0,150.0,5800.0,320.0,1600,48V轻混系统,95#,缸内直喷,铝,国VI,9挡手自一体,9.0,手自一体变速箱(AT),233.0,7.7,,3年不限公里,,,,,,,,,,,,,,,,,5092,1880,1493,3094,1628.0,1641.0,,1890.0,三厢车,4.0,5.0,510.0,平开门,主 / 副,前 / 后,,主 / 副,,上下+前后,大屏,USB/Type-C,,46243,仿皮,前 / 后,自动,46243,燃油
sg1603,61225.0,奔驰,3.0,奔驰,214,奔驰E级,257504,E 260 L 经典版,2026,燃油,北京奔驰,中大型车,37.88,37.88万,29.81万,26.08万,1999.0,2.0,涡轮增压,L,4.0,,204.0,150.0,5800.0,320.0,1600,48V轻混系统,95#,缸内直喷,铝,国VI,9挡手自一体,9.0,手自一体变速箱(AT),233.0,7.7,,3年不限公里,,,,,,,,,,,,,,,,,5092,1880,1493,3094,1628.0,1641.0,,1890.0,三厢车,4.0,5.0,510.0,平开门,主 / 副,前 / 后,,主 / 副,,上下+前后,大屏,USB/Type-C,,46243,仿皮,前 / 后,自动,46243,燃油
sg1633,226232.0,大众,1.0,大众,414,速腾,257221,S 1.5L 自动时尚版,2022,燃油,一汽-大众,紧凑型车,9.38,9.38万,8.29万,7.98万,1498.0,1.5,自然吸气,L,4.0,,110.0,81.0,6000.0,141.0,4000,汽油,92#,多点电喷,铝,国VI,6挡自动,6.0,自动变速箱(AT),190.0,,,3年或10万公里,,,,,,,,,,,,,,,,,4702,1815,1484,2688,1546.0,1519.0,121.0,1300.0,三厢车,4.0,5.0,555.0,平开门,主 / 副,前 / 后,,主 / 副,,上下+前后,大屏,USB/Type-C,,46117,织物,前 / 后,自动,46117,燃油
sg1633,285051.0,大众,1.0,大众,414,速腾,257221,S 1.5L 自动时尚版,2023,燃油,一汽-大众,紧凑型车,9.38,9.38万,8.29万,7.98万,1498.0,1.5,自然吸气,L,4.0,,110.0,81.0,6000.0,141.0,4000,汽油,92#,多点电喷,铝,国VI,6挡自动,6.0,自动变速箱(AT),190.0,,,3年或10万公里,,,,,,,,,,,,,,,,,4702,1815,1484,2688,1546.0,1519.0,121.0,1300.0,三厢车,4.0,5.0,555.0,平开门,主 / 副,前 / 后,,主 / 副,,上下+前后,大屏,USB/Type-C,,46117,织物,前 / 后,自动,46117,燃油
sg1633,241127.0,大众,1.0,大众,414,速腾,257221,S 1.5L 自动时尚版,2024,燃油,一汽-大众,紧凑型车,9.38,9.38万,8.29万,7.98万,1498.0,1.5,自然吸气,L,4.0,,110.0,81.0,6000.0,141.0,4000,汽油,92#,多点电喷,铝,国VI,6挡自动,6.0,自动变速箱(AT),190.0,,,3年或10万公里,,,,,,,,,,,,,,,,,4702,1815,1484,2688,1546.0,1519.0,121.0,1300.0,三厢车,4.0,5.0,555.0,平开门,主 / 副,前 / 后,,主 / 副,,上下+前后,大屏,USB/Type-C,,46117,织物,前 / 后,自动,46117,燃油
sg1633,255979.0,大众,1.0,大众,414,速腾,257221,S 1.5L 自动时尚版,2025,燃油,一汽-大众,紧凑型车,9.38,9.38万,8.29万,7.98万,1498.0,1.5,自然吸气,L,4.0,,110.0,81.0,6000.0,141.0,4000,汽油,92#,多点电喷,铝,国VI,6挡自动,6.0,自动变速箱(AT),190.0,,,3年或10万公里,,,,,,,,,,,,,,,,,4702,1815,1484,2688,1546.0,1519.0,121.0,1300.0,三厢车,4.0,5.0,555.0,平开门,主 / 副,前 / 后,,主 / 副,,上下+前后,大屏,USB/Type-C,,46117,织物,前 / 后,自动,46117,燃油
sg1633,84591.0,大众,1.0,大众,414,速腾,257221,S 1.5L 自动时尚版,2026,燃油,一汽-大众,紧凑型车,9.38,9.38万,8.29万,7.98万,1498.0,1.5,自然吸气,L,4.0,,110.0,81.0,6000.0,141.0,4000,汽油,92#,多点电喷,铝,国VI,6挡自动,6.0,自动变速箱(AT),190.0,,,3年或10万公里,,,,,,,,,,,,,,,,,4702,1815,1484,2688,1546.0,1519.0,121.0,1300.0,三厢车,4.0,5.0,555.0,平开门,主 / 副,前 / 后,,主 / 副,,上下+前后,大屏,USB/Type-C,,46117,织物,前 / 后,自动,46117,燃油
sg1726,153180.0,本田,9.0,本田,276,思域,75044,HATCHBACK 240TURBO CVT极跃版,2022,燃油,东风本田,紧凑型车,14.59,14.59万,11.31万,11.39万,1498.0,1.5,涡轮增压,L,4.0,VTEC,182.0,134.0,6000.0,240.0,1700,汽油,92#,缸内直喷,铝,国VI,CVT无级变速,,无级变速箱(CVT),200.0,,6.12,3年或10万公里,,,,,,,,,,,,,,,,,4548,1802,1415,2735,1547.0,1575.0,,1381.0,两厢车,5.0,5.0,,平开门,主 / 副,前 / 后,,主 / 副,,上下+前后,大屏,USB/Type-C,,46243,织物,前 / 后,自动,46243,燃油
sg1726,167712.0,本田,9.0,本田,276,思域,75044,HATCHBACK 240TURBO CVT极跃版,2023,燃油,东风本田,紧凑型车,14.59,14.59万,11.31万,11.39万,1498.0,1.5,涡轮增压,L,4.0,VTEC,182.0,134.0,6000.0,240.0,1700,汽油,92#,缸内直喷,铝,国VI,CVT无级变速,,无级变速箱(CVT),200.0,,6.12,3年或10万公里,,,,,,,,,,,,,,,,,4548,1802,1415,2735,1547.0,1575.0,,1381.0,两厢车,5.0,5.0,,平开门,主 / 副,前 / 后,,主 / 副,,上下+前后,大屏,USB/Type-C,,46243,织物,前 / 后,自动,46243,燃油
sg1726,106038.0,本田,9.0,本田,276,思域,75044,HATCHBACK 240TURBO CVT极跃版,2024,燃油,东风本田,紧凑型车,14.59,14.59万,11.31万,11.39万,1498.0,1.5,涡轮增压,L,4.0,VTEC,182.0,134.0,6000.0,240.0,1700,汽油,92#,缸内直喷,铝,国VI,CVT无级变速,,无级变速箱(CVT),200.0,,6.12,3年或10万公里,,,,,,,,,,,,,,,,,4548,1802,1415,2735,1547.0,1575.0,,1381.0,两厢车,5.0,5.0,,平开门,主 / 副,前 / 后,,主 / 副,,上下+前后,大屏,USB/Type-C,,46243,织物,前 / 后,自动,46243,燃油
sg1726,50731.0,本田,9.0,本田,276,思域,245730,180TURBO CVT 智趣,2025,燃油,东风本田,紧凑型车,12.99,12.99万,10.81万,9.79万,1498.0,1.5,涡轮增压,L,4.0,VTEC,129.0,95.0,5500.0,180.0,1700,汽油,92#,缸内直喷,铝,国VI,CVT无级变速,,无级变速箱(CVT),200.0,,5.5,3年或10万公里,,,,,,,,,,,,,,,,,4685,1802,1415,2735,1547.0,1575.0,,1315.0,三厢车,4.0,5.0,,平开门,主 / 副,前 / 后,,主 / 副,,上下+前后,大屏,USB/Type-C,,,织物,前 / 后,自动,,燃油
sg1726,11966.0,本田,9.0,本田,276,思域,258080,180TURBO CVT 智趣版,2026,燃油,东风本田,紧凑型车,9.79,9.79万,暂无报价,9.79万,1498.0,1.5,涡轮增压,L,4.0,VTEC,129.0,95.0,5500.0,180.0,1700,汽油,92#,缸内直喷,铝,国VI,CVT无级变速,,无级变速箱(CVT),200.0,,5.5,3年或10万公里,,,,,,,,,,,,,,,,,4685,1802,1415,2735,1547.0,1575.0,,1315.0,三厢车,4.0,5.0,500.0,平开门,主 / 副,前 / 后,,主 / 副,,上下+前后,大屏,USB/Type-C,,,织物,前 / 后,自动,,燃油
sg1983,32523.0,MG名爵,,MG名爵,sg1983,MG7,pcauto_m131771,MG7 2025款 1.5T 300 7DCT豪华版,2023,燃油,上汽集团,中型车,12.59,12.59万,,,1496.0,1.5,涡轮增压,直列,4.0,VGT可变截面涡轮,188.0,138.0,,300.0,,汽油,92号(原93号),直喷,铝合金,国VI,湿式双离合,7.0,湿式双离合变速箱,210.0,,,,,,,,,,,,,,,,,,,,4884,1889,1447,2778,,,,1570.0,掀背车,5.0,5.0,,平开门,,,,,皮质,上下+前后,,,,,仿皮,,自动,,
sg1983,25480.0,MG名爵,,MG名爵,sg1983,MG7,pcauto_m131771,MG7 2025款 1.5T 300 7DCT豪华版,2024,燃油,上汽集团,中型车,12.59,12.59万,,,1496.0,1.5,涡轮增压,直列,4.0,VGT可变截面涡轮,188.0,138.0,,300.0,,汽油,92号(原93号),直喷,铝合金,国VI,湿式双离合,7.0,湿式双离合变速箱,210.0,,,,,,,,,,,,,,,,,,,,4884,1889,1447,2778,,,,1570.0,掀背车,5.0,5.0,,平开门,,,,,皮质,上下+前后,,,,,仿皮,,自动,,
sg1983,14957.0,MG名爵,,MG名爵,sg1983,MG7,pcauto_m131771,MG7 2025款 1.5T 300 7DCT豪华版,2025,燃油,上汽集团,中型车,12.59,12.59万,,,1496.0,1.5,涡轮增压,直列,4.0,VGT可变截面涡轮,188.0,138.0,,300.0,,汽油,92号(原93号),直喷,铝合金,国VI,湿式双离合,7.0,湿式双离合变速箱,210.0,,,,,,,,,,,,,,,,,,,,4884,1889,1447,2778,,,,1570.0,掀背车,5.0,5.0,,平开门,,,,,皮质,上下+前后,,,,,仿皮,,自动,,
sg1983,4445.0,MG名爵,,MG名爵,sg1983,MG7,pcauto_m138655,MG7 2026款 1.5T 300 7DCT优雅版,2026,燃油,上汽集团,中型车,13.79,13.79万,,,1496.0,1.5,涡轮增压,直列,4.0,VGT可变截面涡轮,188.0,138.0,,300.0,,汽油,92号(原93号),直喷,铝合金,国VI,湿式双离合,7.0,湿式双离合变速箱,210.0,,,三年或10万公里,,,,,,,,,,,,,,,,,4884,1889,1447,2778,,,,1570.0,掀背车,5.0,5.0,,平开门,,,,,皮质,上下+前后,,,,,仿皮,,自动,,
sg20462,1452.0,红旗,59.0,红旗,2151,红旗HS7,251163,2.0T 自动两驱旗悦版 5座,2025,燃油,一汽红旗,中大型SUV,25.58,25.58万,暂无报价,18.48万,1989.0,2.0,涡轮增压,L,4.0,,252.0,185.0,5500.0,380.0,1800,48V轻混系统,95#,缸内直喷,铝,国VI b,8挡手自一体,8.0,手自一体变速箱(AT),210.0,8.5,,4年或10万公里,,,,,,,,,,,,,,,,,4995,1960,1760,2920,1698.0,1688.0,160.0,1920.0,SUV,5.0,5.0,210.0,平开门,主 / 副,前 / 后,,主 / 副,,上下+前后,,USB/Type-C,,46243,仿皮,前 / 后,自动,46243,燃油
sg20543,31421.0,沃尔沃,24.0,沃尔沃,1281,沃尔沃S90,248830,B5 智逸豪华版,2022,燃油,沃尔沃亚太,中大型车,40.69,40.69万,26.29万,26.69万,1969.0,2.0,涡轮增压,L,4.0,米勒循环,250.0,184.0,5400.0,360.0,2000,48V轻混系统,95#,缸内直喷,铝,国VI,8挡手自一体,8.0,手自一体变速箱(AT),180.0,7.2,,3年不限公里,,,,,,,,,,,,,,,,,5090,1879,1444,3061,1628.0,1629.0,150.0,1809.0,三厢车,4.0,5.0,436.0,平开门,主 / 副,前 / 后,,主 / 副,,上下+前后,大屏,USB/Type-C,,46306,仿皮,前 / 后,自动,46306,燃油
sg20543,37022.0,沃尔沃,24.0,沃尔沃,1281,沃尔沃S90,248830,B5 智逸豪华版,2023,燃油,沃尔沃亚太,中大型车,40.69,40.69万,26.29万,26.69万,1969.0,2.0,涡轮增压,L,4.0,米勒循环,250.0,184.0,5400.0,360.0,2000,48V轻混系统,95#,缸内直喷,铝,国VI,8挡手自一体,8.0,手自一体变速箱(AT),180.0,7.2,,3年不限公里,,,,,,,,,,,,,,,,,5090,1879,1444,3061,1628.0,1629.0,150.0,1809.0,三厢车,4.0,5.0,436.0,平开门,主 / 副,前 / 后,,主 / 副,,上下+前后,大屏,USB/Type-C,,46306,仿皮,前 / 后,自动,46306,燃油
sg20543,29340.0,沃尔沃,24.0,沃尔沃,1281,沃尔沃S90,248830,B5 智逸豪华版,2024,燃油,沃尔沃亚太,中大型车,40.69,40.69万,26.29万,26.69万,1969.0,2.0,涡轮增压,L,4.0,米勒循环,250.0,184.0,5400.0,360.0,2000,48V轻混系统,95#,缸内直喷,铝,国VI,8挡手自一体,8.0,手自一体变速箱(AT),180.0,7.2,,3年不限公里,,,,,,,,,,,,,,,,,5090,1879,1444,3061,1628.0,1629.0,150.0,1809.0,三厢车,4.0,5.0,436.0,平开门,主 / 副,前 / 后,,主 / 副,,上下+前后,大屏,USB/Type-C,,46306,仿皮,前 / 后,自动,46306,燃油
sg20543,19296.0,沃尔沃,24.0,沃尔沃,1281,沃尔沃S90,248830,B5 智逸豪华版,2025,燃油,沃尔沃亚太,中大型车,40.69,40.69万,26.29万,26.69万,1969.0,2.0,涡轮增压,L,4.0,米勒循环,250.0,184.0,5400.0,360.0,2000,48V轻混系统,95#,缸内直喷,铝,国VI,8挡手自一体,8.0,手自一体变速箱(AT),180.0,7.2,,3年不限公里,,,,,,,,,,,,,,,,,5090,1879,1444,3061,1628.0,1629.0,150.0,1809.0,三厢车,4.0,5.0,436.0,平开门,主 / 副,前 / 后,,主 / 副,,上下+前后,大屏,USB/Type-C,,46306,仿皮,前 / 后,自动,46306,燃油
sg20543,5771.0,沃尔沃,24.0,沃尔沃,1281,沃尔沃S90,248830,B5 智逸豪华版,2026,燃油,沃尔沃亚太,中大型车,40.69,40.69万,26.29万,26.69万,1969.0,2.0,涡轮增压,L,4.0,米勒循环,250.0,184.0,5400.0,360.0,2000,48V轻混系统,95#,缸内直喷,铝,国VI,8挡手自一体,8.0,手自一体变速箱(AT),180.0,7.2,,3年不限公里,,,,,,,,,,,,,,,,,5090,1879,1444,3061,1628.0,1629.0,150.0,1809.0,三厢车,4.0,5.0,436.0,平开门,主 / 副,前 / 后,,主 / 副,,上下+前后,大屏,USB/Type-C,,46306,仿皮,前 / 后,自动,46306,燃油
sg20545,14318.0,标致,61.0,标致,340,标致4008,257609,改款 360THP 科技版,2022,燃油,东风标致,紧凑型SUV,16.87,16.87万,暂无报价,13.87万,1598.0,1.6,涡轮增压,L,4.0,CVVT连续可变正时系统和CVVL进气连续可变升程技术,170.0,125.0,5500.0,250.0,1750,汽油,92#,缸内直喷,铝,国VI b,8挡手自一体,8.0,手自一体变速箱(AT),205.0,,6.2,3年或10万公里,,,,,,,,,,,,,,,,,4510,1850,1628,2730,1579.0,1587.0,,1469.0,SUV,5.0,5.0,461.0,平开门,主 / 副,前 / 后,,主 / 副,,上下+前后,大屏,USB/Type-C,,46180,仿皮,前 / 后,自动,46180,燃油
sg20545,7066.0,标致,61.0,标致,340,标致4008,257609,改款 360THP 科技版,2023,燃油,东风标致,紧凑型SUV,16.87,16.87万,暂无报价,13.87万,1598.0,1.6,涡轮增压,L,4.0,CVVT连续可变正时系统和CVVL进气连续可变升程技术,170.0,125.0,5500.0,250.0,1750,汽油,92#,缸内直喷,铝,国VI b,8挡手自一体,8.0,手自一体变速箱(AT),205.0,,6.2,3年或10万公里,,,,,,,,,,,,,,,,,4510,1850,1628,2730,1579.0,1587.0,,1469.0,SUV,5.0,5.0,461.0,平开门,主 / 副,前 / 后,,主 / 副,,上下+前后,大屏,USB/Type-C,,46180,仿皮,前 / 后,自动,46180,燃油
sg20545,3501.0,标致,61.0,标致,340,标致4008,110714,360THP 驾趣版,2024,燃油,东风标致,紧凑型SUV,15.97,15.97万,9.90万,12.97万,1598.0,1.6,涡轮增压,L,4.0,CVVT连续可变正时系统和CVVL进气连续可变升程技术,170.0,125.0,5500.0,250.0,1750,汽油,92#,缸内直喷,铝,国VI b,8挡手自一体,8.0,手自一体变速箱(AT),205.0,,6.2,3年或10万公里,,,,,,,,,,,,,,,,,4510,1850,1628,2730,1579.0,1587.0,,1429.0,SUV,5.0,5.0,461.0,平开门,主 / 副,前 / 后,,主 / 副,,上下+前后,大屏,USB/Type-C,,46180,仿皮,前 / 后,自动,46180,燃油
sg20545,1122.0,标致,61.0,标致,340,标致4008,110714,360THP 驾趣版,2025,燃油,东风标致,紧凑型SUV,15.97,15.97万,9.90万,12.97万,1598.0,1.6,涡轮增压,L,4.0,CVVT连续可变正时系统和CVVL进气连续可变升程技术,170.0,125.0,5500.0,250.0,1750,汽油,92#,缸内直喷,铝,国VI b,8挡手自一体,8.0,手自一体变速箱(AT),205.0,,6.2,3年或10万公里,,,,,,,,,,,,,,,,,4510,1850,1628,2730,1579.0,1587.0,,1429.0,SUV,5.0,5.0,461.0,平开门,主 / 副,前 / 后,,主 / 副,,上下+前后,大屏,USB/Type-C,,46180,仿皮,前 / 后,自动,46180,燃油
sg20545,258.0,标致,61.0,标致,340,标致4008,110714,360THP 驾趣版,2026,燃油,东风标致,紧凑型SUV,15.97,15.97万,9.90万,12.97万,1598.0,1.6,涡轮增压,L,4.0,CVVT连续可变正时系统和CVVL进气连续可变升程技术,170.0,125.0,5500.0,250.0,1750,汽油,92#,缸内直喷,铝,国VI b,8挡手自一体,8.0,手自一体变速箱(AT),205.0,,6.2,3年或10万公里,,,,,,,,,,,,,,,,,4510,1850,1628,2730,1579.0,1587.0,,1429.0,SUV,5.0,5.0,461.0,平开门,主 / 副,前 / 后,,主 / 副,,上下+前后,大屏,USB/Type-C,,46180,仿皮,前 / 后,自动,46180,燃油
sg20563,32991.0,宝骏,,宝骏,sg20563,宝骏510,pcauto_m101907,宝骏510 2021款 1.5L 手动劲享型,2021,燃油,上汽通用五菱,小型SUV,5.38,5.38万,,,1485.0,1.5,自然吸气,直列,4.0,,105.0,73.0,,135.0,,汽油,92号(原93号),多点电喷,铸铁,国VI,手动,6.0,手动,170.0,,,三年或6万公里,,,,,,,,,,,,,,,,,4220,1740,1615,2550,,,,1206.0,SUV,5.0,5.0,,,,,,,塑料,上下,,,,,织物,,手动,,
sg20583,25320.0,宝马,,宝马,sg20583,宝马1系,pcauto_m118684,宝马1系 2023款 120i M运动版,2022,燃油,华晨宝马,紧凑型车,20.89,20.89万,,,1499.0,1.5,涡轮增压,直列,3.0,,136.0,100.0,,220.0,,汽油,95号(原97号),直喷,铝合金,国VI,湿式双离合,7.0,湿式双离合变速箱,212.0,9.4,,三年或10万公里,,,,,,,,,,,,,,,,,4462,1803,1446,2670,,,,1355.0,三厢车,4.0,5.0,,平开门,,,,,真皮,上下+前后,,,,,仿皮,,手动(选装自动),,
sg20583,16408.0,宝马,,宝马,sg20583,宝马1系,pcauto_m118684,宝马1系 2023款 120i M运动版,2023,燃油,华晨宝马,紧凑型车,20.89,20.89万,,,1499.0,1.5,涡轮增压,直列,3.0,,136.0,100.0,,220.0,,汽油,95号(原97号),直喷,铝合金,国VI,湿式双离合,7.0,湿式双离合变速箱,212.0,9.4,,三年或10万公里,,,,,,,,,,,,,,,,,4462,1803,1446,2670,,,,1355.0,三厢车,4.0,5.0,,平开门,,,,,真皮,上下+前后,,,,,仿皮,,手动(选装自动),,
sg20583,450.0,宝马,,宝马,sg20583,宝马1系,pcauto_m118684,宝马1系 2023款 120i M运动版,2024,燃油,华晨宝马,紧凑型车,20.89,20.89万,,,1499.0,1.5,涡轮增压,直列,3.0,,136.0,100.0,,220.0,,汽油,95号(原97号),直喷,铝合金,国VI,湿式双离合,7.0,湿式双离合变速箱,212.0,9.4,,三年或10万公里,,,,,,,,,,,,,,,,,4462,1803,1446,2670,,,,1355.0,三厢车,4.0,5.0,,平开门,,,,,真皮,上下+前后,,,,,仿皮,,手动(选装自动),,
sg20583,76.0,宝马,,宝马,sg20583,宝马1系,pcauto_m118684,宝马1系 2023款 120i M运动版,2025,燃油,华晨宝马,紧凑型车,20.89,20.89万,,,1499.0,1.5,涡轮增压,直列,3.0,,136.0,100.0,,220.0,,汽油,95号(原97号),直喷,铝合金,国VI,湿式双离合,7.0,湿式双离合变速箱,212.0,9.4,,三年或10万公里,,,,,,,,,,,,,,,,,4462,1803,1446,2670,,,,1355.0,三厢车,4.0,5.0,,平开门,,,,,真皮,上下+前后,,,,,仿皮,,手动(选装自动),,
sg20583,17.0,宝马,,宝马,sg20583,宝马1系,pcauto_m118684,宝马1系 2023款 120i M运动版,2026,燃油,华晨宝马,紧凑型车,20.89,20.89万,,,1499.0,1.5,涡轮增压,直列,3.0,,136.0,100.0,,220.0,,汽油,95号(原97号),直喷,铝合金,国VI,湿式双离合,7.0,湿式双离合变速箱,212.0,9.4,,三年或10万公里,,,,,,,,,,,,,,,,,4462,1803,1446,2670,,,,1355.0,三厢车,4.0,5.0,,平开门,,,,,真皮,上下+前后,,,,,仿皮,,手动(选装自动),,
sg20922,9512.0,领克,174.0,领克,1622,领克01,249113,2.0TD 两驱焕新版,2025,燃油,领克,紧凑型SUV,14.98,14.98万,11.65万,11.98万,1969.0,2.0,涡轮增压,L,4.0,,254.0,187.0,5500.0,350.0,1800,汽油,95#,缸内直喷,铝,国VI b,8挡手自一体,8.0,手自一体变速箱(AT),210.0,,8.39,4年或10万公里,,,,,,,,,,,,,,,,,4549,1860,1689,2734,1592.0,1597.0,166.0,1710.0,SUV,5.0,5.0,509.0,平开门,主 / 副,前 / 后,,主 / 副,,上下+前后,大屏,USB/Type-C,,46243,仿皮,前 / 后,自动,46243,燃油
sg20934,26707.0,本田,9.0,本田,281,本田UR-V,80716,240TURBO 两驱致悦版,2022,燃油,东风本田,中型SUV,24.68,24.68万,19.49万,19.18万,1498.0,1.5,涡轮增压,L,4.0,VTEC,188.0,138.0,5600.0,243.0,2000,汽油,92#,缸内直喷,铝,国VI,CVT无级变速,,无级变速箱(CVT),198.0,,7.69,3年或10万公里,,,,,,,,,,,,,,,,,4856,1942,1670,2820,1652.0,1671.0,,1750.0,SUV,5.0,5.0,,平开门,主 / 副,前 / 后,,主 / 副,,上下+前后,大屏,USB/Type-C,,46180,真皮,前 / 后,自动,46180,燃油
sg20934,18681.0,本田,9.0,本田,281,本田UR-V,80716,240TURBO 两驱致悦版,2023,燃油,东风本田,中型SUV,24.68,24.68万,19.49万,19.18万,1498.0,1.5,涡轮增压,L,4.0,VTEC,188.0,138.0,5600.0,243.0,2000,汽油,92#,缸内直喷,铝,国VI,CVT无级变速,,无级变速箱(CVT),198.0,,7.69,3年或10万公里,,,,,,,,,,,,,,,,,4856,1942,1670,2820,1652.0,1671.0,,1750.0,SUV,5.0,5.0,,平开门,主 / 副,前 / 后,,主 / 副,,上下+前后,大屏,USB/Type-C,,46180,真皮,前 / 后,自动,46180,燃油
sg20934,9633.0,本田,9.0,本田,281,本田UR-V,80716,240TURBO 两驱致悦版,2024,燃油,东风本田,中型SUV,24.68,24.68万,19.49万,19.18万,1498.0,1.5,涡轮增压,L,4.0,VTEC,188.0,138.0,5600.0,243.0,2000,汽油,92#,缸内直喷,铝,国VI,CVT无级变速,,无级变速箱(CVT),198.0,,7.69,3年或10万公里,,,,,,,,,,,,,,,,,4856,1942,1670,2820,1652.0,1671.0,,1750.0,SUV,5.0,5.0,,平开门,主 / 副,前 / 后,,主 / 副,,上下+前后,大屏,USB/Type-C,,46180,真皮,前 / 后,自动,46180,燃油
sg20934,3819.0,本田,9.0,本田,281,本田UR-V,80716,240TURBO 两驱致悦版,2025,燃油,东风本田,中型SUV,24.68,24.68万,19.49万,19.18万,1498.0,1.5,涡轮增压,L,4.0,VTEC,188.0,138.0,5600.0,243.0,2000,汽油,92#,缸内直喷,铝,国VI,CVT无级变速,,无级变速箱(CVT),198.0,,7.69,3年或10万公里,,,,,,,,,,,,,,,,,4856,1942,1670,2820,1652.0,1671.0,,1750.0,SUV,5.0,5.0,,平开门,主 / 副,前 / 后,,主 / 副,,上下+前后,大屏,USB/Type-C,,46180,真皮,前 / 后,自动,46180,燃油
sg20934,990.0,本田,9.0,本田,281,本田UR-V,80716,240TURBO 两驱致悦版,2026,燃油,东风本田,中型SUV,24.68,24.68万,19.49万,19.18万,1498.0,1.5,涡轮增压,L,4.0,VTEC,188.0,138.0,5600.0,243.0,2000,汽油,92#,缸内直喷,铝,国VI,CVT无级变速,,无级变速箱(CVT),198.0,,7.69,3年或10万公里,,,,,,,,,,,,,,,,,4856,1942,1670,2820,1652.0,1671.0,,1750.0,SUV,5.0,5.0,,平开门,主 / 副,前 / 后,,主 / 副,,上下+前后,大屏,USB/Type-C,,46180,真皮,前 / 后,自动,46180,燃油
sg20942,32371.0,广汽传祺,40.0,广汽传祺,1621,传祺GS3,253121,影速 270T 劲取版,2026,燃油,广汽传祺,小型SUV,7.98,7.98万,6.05万,6.38万,1497.0,1.5,涡轮增压,L,4.0,"350bar高压缸内直喷系统,低惯量涡轮增压器,水冷中冷技术,进排气双可变正时机构,GCCS燃烧控制专利技术",177.0,130.0,5500.0,270.0,1400,汽油,92#,缸内直喷,铝,国VI,7挡双离合,7.0,湿式双离合变速箱（DCT）,190.0,,6.18,3年或10万公里,,,,,,,,,,,,,,,,,4410,1850,1600,2650,1600.0,1600.0,145.0,1370.0,SUV,5.0,5.0,341.0,平开门,主 / 副,前 / 后,,主 / 副,,上下+前后,,USB/Type-C,,46056,织物,前 / 后,手动,46056,燃油
sg20963,52014.0,大众,1.0,大众,405,途昂,246067,途昂X 380TSI 四驱出众版,2022,燃油,上汽大众,中大型SUV,28.9,28.90万,21.88万,23.70万,1984.0,2.0,涡轮增压,L,4.0,,220.0,162.0,4900.0,350.0,1600,汽油,95#,缸内直喷,铁,国VI,7挡双离合,7.0,湿式双离合变速箱（DCT）,200.0,8.4,6.8,3年或10万公里,,,,,,,,,,,,,,,,,4917,1989,1729,2980,1704.0,1721.0,160.0,2055.0,SUV,5.0,5.0,540.0,平开门,主 / 副,前 / 后,,主 / 副,,上下+前后,大屏,USB/Type-C,,46243,仿皮,前 / 后,自动,46243,燃油
sg20963,48735.0,大众,1.0,大众,405,途昂,246067,途昂X 380TSI 四驱出众版,2023,燃油,上汽大众,中大型SUV,28.9,28.90万,21.88万,23.70万,1984.0,2.0,涡轮增压,L,4.0,,220.0,162.0,4900.0,350.0,1600,汽油,95#,缸内直喷,铁,国VI,7挡双离合,7.0,湿式双离合变速箱（DCT）,200.0,8.4,6.8,3年或10万公里,,,,,,,,,,,,,,,,,4917,1989,1729,2980,1704.0,1721.0,160.0,2055.0,SUV,5.0,5.0,540.0,平开门,主 / 副,前 / 后,,主 / 副,,上下+前后,大屏,USB/Type-C,,46243,仿皮,前 / 后,自动,46243,燃油
sg20963,54377.0,大众,1.0,大众,405,途昂,246067,途昂X 380TSI 四驱出众版,2024,燃油,上汽大众,中大型SUV,28.9,28.90万,21.88万,23.70万,1984.0,2.0,涡轮增压,L,4.0,,220.0,162.0,4900.0,350.0,1600,汽油,95#,缸内直喷,铁,国VI,7挡双离合,7.0,湿式双离合变速箱（DCT）,200.0,8.4,6.8,3年或10万公里,,,,,,,,,,,,,,,,,4917,1989,1729,2980,1704.0,1721.0,160.0,2055.0,SUV,5.0,5.0,540.0,平开门,主 / 副,前 / 后,,主 / 副,,上下+前后,大屏,USB/Type-C,,46243,仿皮,前 / 后,自动,46243,燃油
sg20963,37808.0,大众,1.0,大众,405,途昂,246067,途昂X 380TSI 四驱出众版,2025,燃油,上汽大众,中大型SUV,28.9,28.90万,21.88万,23.70万,1984.0,2.0,涡轮增压,L,4.0,,220.0,162.0,4900.0,350.0,1600,汽油,95#,缸内直喷,铁,国VI,7挡双离合,7.0,湿式双离合变速箱（DCT）,200.0,8.4,6.8,3年或10万公里,,,,,,,,,,,,,,,,,4917,1989,1729,2980,1704.0,1721.0,160.0,2055.0,SUV,5.0,5.0,540.0,平开门,主 / 副,前 / 后,,主 / 副,,上下+前后,大屏,USB/Type-C,,46243,仿皮,前 / 后,自动,46243,燃油
sg20963,11538.0,大众,1.0,大众,405,途昂,252362,途昂Pro 380TSI 两驱越境版,2026,燃油,上汽大众,中大型SUV,29.99,29.99万,26.42万,25.99万,1984.0,2.0,涡轮增压,L,4.0,米勒循环、可变截面涡轮,214.0,157.0,4410.0,340.0,2000,汽油,95#,缸内直喷,铁,国VI,7挡双离合,7.0,湿式双离合变速箱（DCT）,200.0,9.1,7.7,3年或10万公里,,,,,,,,,,,,,,,,,5158,1991,1788,2980,1704.0,1719.0,160.0,2060.0,SUV,5.0,7.0,286.0,平开门,主 / 副,前 / 后,,主 / 副,,上下+前后,大屏,USB/Type-C,,46243,仿皮,前 / 后,自动,46243,燃油
sg20982,29422.0,奇瑞新能源,,奇瑞新能源,sg20982,小蚂蚁,pcauto_m130939,小蚂蚁 2024款 改款 青春版 251km 热爱版 23.99kWh,2024,纯电动,奇瑞新能源,微型车,5.99,5.99万,,,,,,,,,,,,,,纯电动,,,,,固定齿比,1.0,固定齿比,100.0,,,,永磁同步,36.0,95.0,,,,,,,磷酸铁锂电池,23.99,251.0,,首任车主不限年限/不限里程(责任免除条款以官方为准),快充:0.67小时/慢充:9.0小时,30.0,3200,1670,1550,2150,,,,920.0,两厢车,3.0,4.0,,平开门,,,,,皮质,上下,,,,,织物,,手动,,
sg20982,21942.0,奇瑞新能源,,奇瑞新能源,sg20982,小蚂蚁,pcauto_m134405,小蚂蚁 2025款 251km 喜爱版 25.05kWh,2025,纯电动,奇瑞新能源,微型车,5.49,5.49万,,,,,,,,,,,,,,纯电动,,,,,固定齿比,1.0,固定齿比,100.0,,,,永磁同步,36.0,95.0,,,,,,,磷酸铁锂电池,25.05,251.0,10.7,首任车主不限年限/不限里程(责任免除条款以官方为准),快充:0.67小时/慢充:9.0小时,30.0,3200,1670,1550,2150,,,,920.0,两厢车,3.0,4.0,,平开门,,,,,塑料,上下,,,,,织物,,手动,,
sg20982,1635.0,奇瑞新能源,,奇瑞新能源,sg20982,小蚂蚁,pcauto_m138780,小蚂蚁 2026款 271km 喜爱版,2026,纯电动,奇瑞新能源,微型车,5.49,5.49万,,,,,,,,,,,,,,纯电动,,,,,固定齿比,1.0,固定齿比,100.0,,,三年或10万公里,永磁同步,36.0,95.0,,,,,,,磷酸铁锂电池,25.05,271.0,10.0,首任车主不限年限/不限里程(责任免除条款以官方为准),快充:0.67小时/慢充:9.0小时,30.0,3242,1670,1550,2150,,,,920.0,两厢车,3.0,4.0,,平开门,,,,,塑料,上下,,,,,织物,,手动,,
sg21013,20035.0,雪佛兰,6.0,雪佛兰,1359,探界者,89440,1.5T 驰界版,2022,燃油,上汽通用雪佛兰,中型SUV,18.49,18.49万,8.99万,18.49万,1490.0,1.5,涡轮增压,L,4.0,,169.0,124.0,5600.0,250.0,1700,汽油,92#,缸内直喷,铝,国VI b,6挡手自一体,6.0,手自一体变速箱(AT),190.0,10.2,7.4,3年或10万公里,,,,,,,,,,,,,,,,,4646,1843,1688,2725,1581.0,1589.0,,1535.0,SUV,5.0,5.0,431.0,平开门,主 / 副,前 / 后,,主 / 副,,上下+前后,大屏,USB/Type-C+AUX+SD卡槽,,46180,仿皮,前 / 后,手动,46180,燃油
sg21013,11563.0,雪佛兰,6.0,雪佛兰,1359,探界者,89440,1.5T 驰界版,2023,燃油,上汽通用雪佛兰,中型SUV,18.49,18.49万,8.99万,18.49万,1490.0,1.5,涡轮增压,L,4.0,,169.0,124.0,5600.0,250.0,1700,汽油,92#,缸内直喷,铝,国VI b,6挡手自一体,6.0,手自一体变速箱(AT),190.0,10.2,7.4,3年或10万公里,,,,,,,,,,,,,,,,,4646,1843,1688,2725,1581.0,1589.0,,1535.0,SUV,5.0,5.0,431.0,平开门,主 / 副,前 / 后,,主 / 副,,上下+前后,大屏,USB/Type-C+AUX+SD卡槽,,46180,仿皮,前 / 后,手动,46180,燃油
sg21013,2842.0,雪佛兰,6.0,雪佛兰,1359,探界者,89440,1.5T 驰界版,2024,燃油,上汽通用雪佛兰,中型SUV,18.49,18.49万,8.99万,18.49万,1490.0,1.5,涡轮增压,L,4.0,,169.0,124.0,5600.0,250.0,1700,汽油,92#,缸内直喷,铝,国VI b,6挡手自一体,6.0,手自一体变速箱(AT),190.0,10.2,7.4,3年或10万公里,,,,,,,,,,,,,,,,,4646,1843,1688,2725,1581.0,1589.0,,1535.0,SUV,5.0,5.0,431.0,平开门,主 / 副,前 / 后,,主 / 副,,上下+前后,大屏,USB/Type-C+AUX+SD卡槽,,46180,仿皮,前 / 后,手动,46180,燃油
sg21013,891.0,雪佛兰,6.0,雪佛兰,1359,探界者,89440,1.5T 驰界版,2025,燃油,上汽通用雪佛兰,中型SUV,18.49,18.49万,8.99万,18.49万,1490.0,1.5,涡轮增压,L,4.0,,169.0,124.0,5600.0,250.0,1700,汽油,92#,缸内直喷,铝,国VI b,6挡手自一体,6.0,手自一体变速箱(AT),190.0,10.2,7.4,3年或10万公里,,,,,,,,,,,,,,,,,4646,1843,1688,2725,1581.0,1589.0,,1535.0,SUV,5.0,5.0,431.0,平开门,主 / 副,前 / 后,,主 / 副,,上下+前后,大屏,USB/Type-C+AUX+SD卡槽,,46180,仿皮,前 / 后,手动,46180,燃油
sg21013,22.0,雪佛兰,6.0,雪佛兰,1359,探界者,89440,1.5T 驰界版,2026,燃油,上汽通用雪佛兰,中型SUV,18.49,18.49万,8.99万,18.49万,1490.0,1.5,涡轮增压,L,4.0,,169.0,124.0,5600.0,250.0,1700,汽油,92#,缸内直喷,铝,国VI b,6挡手自一体,6.0,手自一体变速箱(AT),190.0,10.2,7.4,3年或10万公里,,,,,,,,,,,,,,,,,4646,1843,1688,2725,1581.0,1589.0,,1535.0,SUV,5.0,5.0,431.0,平开门,主 / 副,前 / 后,,主 / 副,,上下+前后,大屏,USB/Type-C+AUX+SD卡槽,,46180,仿皮,前 / 后,手动,46180,燃油
sg21032,4104.0,MG名爵,,MG名爵,sg21032,名爵ZS,pcauto_m115502,名爵ZS 2022款 180DVVT 手动全球百万858版,2022,燃油,上汽集团,小型SUV,8.58,8.58万,,,1498.0,1.5,自然吸气,直列,4.0,,120.0,88.0,,150.0,,汽油,92号(原93号),多点电喷,铸铁,国VI,手动,5.0,手动,175.0,,,三年或10万公里,,,,,,,,,,,,,,,,,4323,1809,1653,2585,,,,1258.0,SUV,5.0,5.0,,,,,,,真皮,上下,,,,,织物,,手动,,
sg21034,1166.0,斯柯达,23.0,斯柯达,1245,柯迪亚克,241041,TSI330 5座两驱实力版,2025,燃油,上汽大众斯柯达,中型SUV,19.19,19.19万,13.39万,11.99万,1984.0,2.0,涡轮增压,L,4.0,,186.0,137.0,4150.0,320.0,1500,汽油,95#,缸内直喷,铁,国VI b,7挡双离合,7.0,湿式双离合变速箱（DCT）,200.0,8.8,5.3,3年或10万公里,,,,,,,,,,,,,,,,,4701,1883,1676,2791,1582.0,1572.0,,1625.0,SUV,5.0,5.0,544.0,平开门,主 / 副,前 / 后,,主 / 副,,上下+前后,大屏,USB/Type-C,,46117,仿皮,前 / 后,手动,46117,燃油
sg21054,3409.0,荣威,36.0,荣威,25925,荣威i6,257752,1.5L 长久版,2026,燃油,上汽集团,紧凑型车,7.49,7.49万,暂无报价,6.19万,1495.0,1.5,自然吸气,L,4.0,,129.0,95.0,6000.0,158.0,4500,汽油,92#,缸内直喷,铝,国VI b,CVT无级变速,,无级变速箱(CVT),180.0,,,3年或10万公里,,,,,,,,,,,,,,,,,4767,1828,1498,2755,1558.0,1560.0,120.0,1230.0,轿车,4.0,5.0,545.0,平开门,主 / 副,前 / 后,,主 / 副,,上下,,USB/Type-C,,46117,仿皮,前 / 后,自动,46117,燃油
sg21172,147343.0,大众,1.0,大众,404,途观L,250494,出众款 300TSI 两驱龙腾版,2022,燃油,上汽大众,中型SUV,18.68,18.68万,13.26万,12.93万,1498.0,1.5,涡轮增压,L,4.0,米勒循环,160.0,118.0,5500.0,250.0,1750,汽油,92#,缸内直喷,铝,国VI,7挡双离合,7.0,湿式双离合变速箱（DCT）,200.0,9.9,5.0,3年或10万公里,,,,,,,,,,,,,,,,,4733,1839,1673,2791,1582.0,1572.0,150.0,1620.0,SUV,5.0,5.0,495.0,平开门,主 / 副,前 / 后,,主 / 副,,上下+前后,大屏,USB/Type-C,,46243,仿皮,前 / 后,自动,46243,燃油
sg21172,161450.0,大众,1.0,大众,404,途观L,250494,出众款 300TSI 两驱龙腾版,2023,燃油,上汽大众,中型SUV,18.68,18.68万,13.26万,12.93万,1498.0,1.5,涡轮增压,L,4.0,米勒循环,160.0,118.0,5500.0,250.0,1750,汽油,92#,缸内直喷,铝,国VI,7挡双离合,7.0,湿式双离合变速箱（DCT）,200.0,9.9,5.0,3年或10万公里,,,,,,,,,,,,,,,,,4733,1839,1673,2791,1582.0,1572.0,150.0,1620.0,SUV,5.0,5.0,495.0,平开门,主 / 副,前 / 后,,主 / 副,,上下+前后,大屏,USB/Type-C,,46243,仿皮,前 / 后,自动,46243,燃油
sg21172,170679.0,大众,1.0,大众,404,途观L,250494,出众款 300TSI 两驱龙腾版,2024,燃油,上汽大众,中型SUV,18.68,18.68万,13.26万,12.93万,1498.0,1.5,涡轮增压,L,4.0,米勒循环,160.0,118.0,5500.0,250.0,1750,汽油,92#,缸内直喷,铝,国VI,7挡双离合,7.0,湿式双离合变速箱（DCT）,200.0,9.9,5.0,3年或10万公里,,,,,,,,,,,,,,,,,4733,1839,1673,2791,1582.0,1572.0,150.0,1620.0,SUV,5.0,5.0,495.0,平开门,主 / 副,前 / 后,,主 / 副,,上下+前后,大屏,USB/Type-C,,46243,仿皮,前 / 后,自动,46243,燃油
sg21172,202904.0,大众,1.0,大众,404,途观L,250494,出众款 300TSI 两驱龙腾版,2025,燃油,上汽大众,中型SUV,18.68,18.68万,13.26万,12.93万,1498.0,1.5,涡轮增压,L,4.0,米勒循环,160.0,118.0,5500.0,250.0,1750,汽油,92#,缸内直喷,铝,国VI,7挡双离合,7.0,湿式双离合变速箱（DCT）,200.0,9.9,5.0,3年或10万公里,,,,,,,,,,,,,,,,,4733,1839,1673,2791,1582.0,1572.0,150.0,1620.0,SUV,5.0,5.0,495.0,平开门,主 / 副,前 / 后,,主 / 副,,上下+前后,大屏,USB/Type-C,,46243,仿皮,前 / 后,自动,46243,燃油
sg21172,82806.0,大众,1.0,大众,404,途观L,257516,Pro 300TSI 两驱智悦版,2026,燃油,上汽大众,中型SUV,21.38,21.38万,15.27万,15.59万,1498.0,1.5,涡轮增压,L,4.0,米勒循环,160.0,118.0,5500.0,250.0,1750,汽油,92#,缸内直喷,铝,国VI,7挡双离合,7.0,湿式双离合变速箱（DCT）,200.0,,6.3,3年或10万公里,,,,,,,,,,,,,,,,,4735,1842,1682,2791,1582.0,1572.0,160.0,1605.0,SUV,5.0,5.0,471.0,平开门,主 / 副,前 / 后,,主 / 副,,上下+前后,大屏,USB/Type-C,,46117,仿皮,前 / 后,自动,46117,燃油
sg21224,4896.0,标致,61.0,标致,341,标致5008,246020,豪华版,2022,燃油,东风标致,中型SUV,17.87,17.87万,14.53万,14.97万,1751.0,1.8,涡轮增压,L,4.0,CVVT连续可变正时系统,211.0,155.0,5500.0,300.0,1900,汽油,92#,缸内直喷,铝,国VI b,8挡手自一体,8.0,手自一体变速箱(AT),220.0,,,5年或15万公里,,,,,,,,,,,,,,,,,4670,1855,1655,2840,1579.0,1608.0,,1570.0,SUV,5.0,7.0,166.0,平开门,主 / 副,前 / 后,,主 / 副,,上下+前后,,USB/Type-C,,46180,仿皮,前 / 后,自动,46180,燃油
sg21224,4309.0,标致,61.0,标致,341,标致5008,246020,豪华版,2023,燃油,东风标致,中型SUV,17.87,17.87万,14.53万,14.97万,1751.0,1.8,涡轮增压,L,4.0,CVVT连续可变正时系统,211.0,155.0,5500.0,300.0,1900,汽油,92#,缸内直喷,铝,国VI b,8挡手自一体,8.0,手自一体变速箱(AT),220.0,,,5年或15万公里,,,,,,,,,,,,,,,,,4670,1855,1655,2840,1579.0,1608.0,,1570.0,SUV,5.0,7.0,166.0,平开门,主 / 副,前 / 后,,主 / 副,,上下+前后,,USB/Type-C,,46180,仿皮,前 / 后,自动,46180,燃油
sg21224,1992.0,标致,61.0,标致,341,标致5008,246020,豪华版,2024,燃油,东风标致,中型SUV,17.87,17.87万,14.53万,14.97万,1751.0,1.8,涡轮增压,L,4.0,CVVT连续可变正时系统,211.0,155.0,5500.0,300.0,1900,汽油,92#,缸内直喷,铝,国VI b,8挡手自一体,8.0,手自一体变速箱(AT),220.0,,,5年或15万公里,,,,,,,,,,,,,,,,,4670,1855,1655,2840,1579.0,1608.0,,1570.0,SUV,5.0,7.0,166.0,平开门,主 / 副,前 / 后,,主 / 副,,上下+前后,,USB/Type-C,,46180,仿皮,前 / 后,自动,46180,燃油
sg21224,1853.0,标致,61.0,标致,341,标致5008,246020,豪华版,2025,燃油,东风标致,中型SUV,17.87,17.87万,14.53万,14.97万,1751.0,1.8,涡轮增压,L,4.0,CVVT连续可变正时系统,211.0,155.0,5500.0,300.0,1900,汽油,92#,缸内直喷,铝,国VI b,8挡手自一体,8.0,手自一体变速箱(AT),220.0,,,5年或15万公里,,,,,,,,,,,,,,,,,4670,1855,1655,2840,1579.0,1608.0,,1570.0,SUV,5.0,7.0,166.0,平开门,主 / 副,前 / 后,,主 / 副,,上下+前后,,USB/Type-C,,46180,仿皮,前 / 后,自动,46180,燃油
sg21224,814.0,标致,61.0,标致,341,标致5008,246020,豪华版,2026,燃油,东风标致,中型SUV,17.87,17.87万,14.53万,14.97万,1751.0,1.8,涡轮增压,L,4.0,CVVT连续可变正时系统,211.0,155.0,5500.0,300.0,1900,汽油,92#,缸内直喷,铝,国VI b,8挡手自一体,8.0,手自一体变速箱(AT),220.0,,,5年或15万公里,,,,,,,,,,,,,,,,,4670,1855,1655,2840,1579.0,1608.0,,1570.0,SUV,5.0,7.0,166.0,平开门,主 / 副,前 / 后,,主 / 副,,上下+前后,,USB/Type-C,,46180,仿皮,前 / 后,自动,46180,燃油
sg21412,911.0,雪铁龙,21.0,雪铁龙,1642,天逸 C5 AIRCROSS,255776,改款 360THP 智享版,2026,燃油,东风雪铁龙,紧凑型SUV,14.97,14.97万,11.57万,12.37万,1598.0,1.6,涡轮增压,L,4.0,CVVT连续可变正时系统和CVVL进气连续可变升程技术,175.0,129.0,5500.0,250.0,1750,汽油,92#,缸内直喷,铝,国VI,8挡手自一体,8.0,手自一体变速箱(AT),200.0,,6.96,5年或15万公里,,,,,,,,,,,,,,,,,4510,1860,1705,2730,1587.0,1621.0,168.0,1441.0,SUV,5.0,5.0,516.0,平开门,主 / 副,前 / 后,,主 / 副,,上下+前后,大屏,USB/Type-C,,46180,仿皮,前 / 后,自动,46180,燃油
sg2143,56261.0,福特,7.0,福特,579,蒙迪欧,240891,2.0T E-混动 运动版,2022,插电混动,长安福特,中型车,20.98,20.98万,16.59万,18.48万,1995.0,2.0,涡轮增压,L,4.0,,288.0,212.0,5500.0,403.0,3000,油电混合,92#,混合喷射,铝,国VI,E-CVT无级变速,,电子无级变速箱(E-CVT),201.0,,,3年或10万公里,永磁/同步,140.0,320.0,140.0,320.0,,,227.0,,,,,,,,,4920,1920,1600,2945,1628.0,1610.0,168.0,1708.0,掀背车,5.0,5.0,527.0,平开门,主 / 副,前 / 后,,主 / 副,,上下+前后,,USB/Type-C,,46180,皮织混搭,前 / 后,自动,46180,插电混动
sg2143,59904.0,福特,7.0,福特,579,蒙迪欧,240891,2.0T E-混动 运动版,2023,插电混动,长安福特,中型车,20.98,20.98万,16.59万,18.48万,1995.0,2.0,涡轮增压,L,4.0,,288.0,212.0,5500.0,403.0,3000,油电混合,92#,混合喷射,铝,国VI,E-CVT无级变速,,电子无级变速箱(E-CVT),201.0,,,3年或10万公里,永磁/同步,140.0,320.0,140.0,320.0,,,227.0,,,,,,,,,4920,1920,1600,2945,1628.0,1610.0,168.0,1708.0,掀背车,5.0,5.0,527.0,平开门,主 / 副,前 / 后,,主 / 副,,上下+前后,,USB/Type-C,,46180,皮织混搭,前 / 后,自动,46180,插电混动
sg2143,61822.0,福特,7.0,福特,579,蒙迪欧,240891,2.0T E-混动 运动版,2024,插电混动,长安福特,中型车,20.98,20.98万,16.59万,18.48万,1995.0,2.0,涡轮增压,L,4.0,,288.0,212.0,5500.0,403.0,3000,油电混合,92#,混合喷射,铝,国VI,E-CVT无级变速,,电子无级变速箱(E-CVT),201.0,,,3年或10万公里,永磁/同步,140.0,320.0,140.0,320.0,,,227.0,,,,,,,,,4920,1920,1600,2945,1628.0,1610.0,168.0,1708.0,掀背车,5.0,5.0,527.0,平开门,主 / 副,前 / 后,,主 / 副,,上下+前后,,USB/Type-C,,46180,皮织混搭,前 / 后,自动,46180,插电混动
sg2143,47075.0,福特,7.0,福特,579,蒙迪欧,240891,2.0T E-混动 运动版,2025,插电混动,长安福特,中型车,20.98,20.98万,16.59万,18.48万,1995.0,2.0,涡轮增压,L,4.0,,288.0,212.0,5500.0,403.0,3000,油电混合,92#,混合喷射,铝,国VI,E-CVT无级变速,,电子无级变速箱(E-CVT),201.0,,,3年或10万公里,永磁/同步,140.0,320.0,140.0,320.0,,,227.0,,,,,,,,,4920,1920,1600,2945,1628.0,1610.0,168.0,1708.0,掀背车,5.0,5.0,527.0,平开门,主 / 副,前 / 后,,主 / 副,,上下+前后,,USB/Type-C,,46180,皮织混搭,前 / 后,自动,46180,插电混动
sg2143,12692.0,福特,7.0,福特,579,蒙迪欧,254161,1.5T EcoBoost 时尚型,2026,燃油,长安福特,中型车,14.98,14.98万,12.74万,11.98万,1498.0,1.5,涡轮增压,L,4.0,,190.0,140.0,6000.0,263.0,1750,汽油,92#,混合喷射,铝,国VI,8挡自动,8.0,自动变速箱(AT),208.0,,,3年或10万公里,,,,,,,,,,,,,,,,,4935,1875,1500,2945,1608.0,1610.0,110.0,1503.0,三厢车,4.0,5.0,520.0,平开门,主 / 副,前 / 后,,主 / 副,,上下+前后,,USB/Type-C,,46180,织物,前 / 后,自动,46180,燃油
sg21432,28100.0,吉利汽车,,吉利汽车,sg21432,帝豪新能源,pcauto_m116782,帝豪新能源 2022款 EV Pro 网约版 磷酸铁锂,2022,纯电动,吉利新能源,紧凑型车,14.68,14.68万,,,,,,,,,,,,,,纯电动,,,,,固定齿比,1.0,固定齿比,130.0,,,三年或12万公里,永磁同步,100.0,230.0,100.0,230.0,,,,,磷酸铁锂电池,51.8,430.0,13.8,八年或15万公里,快充:0.5小时/慢充:9.0小时,80.0,4755,1802,1503,2700,,,,1575.0,三厢车,4.0,5.0,,,,,,,塑料,上下+前后,,,,,仿皮,,自动,,
sg21436,69.0,沃尔沃,,沃尔沃,sg21436,沃尔沃S60新能源,pcauto_m123613,沃尔沃S60新能源 2024款 T8 四驱长续航智逸豪华版,2024,插电混动,沃尔沃亚太,中型车,39.99,39.99万,,,1969.0,2.0,涡轮增压,直列,4.0,,310.0,228.0,,400.0,,插电混动,95号(原97号),直喷,铝合金,国VI,自动,8.0,自动,180.0,4.7,,三年不限公里,永磁同步,107.0,309.0,,,,,,,三元锂电池,18.831,84.0,21.9,八年或12万公里,慢充:5.0小时,,4778,1850,1430,2872,,,,2008.0,三厢车,4.0,5.0,,平开门,,,,,真皮,上下+前后,,,,,仿皮,,自动,,
sg21443,1169.0,宝马,,宝马,sg21443,宝马X1新能源,pcauto_m101312,宝马X1新能源 2021款 xDrive 30Le 尊享型,2021,插电混动,华晨宝马,紧凑型SUV,39.98,39.98万,,,1499.0,1.5,涡轮增压,直列,3.0,,136.0,100.0,,220.0,,插电混动,95号(原97号),直喷,铝合金,国VI,手自一体,6.0,手自一体,195.0,7.4,,三年或10万公里,永磁同步,70.0,165.0,,,,,,,,,110.0,,8年或12万公里,,,4565,1821,1613,2780,,,,,SUV,5.0,5.0,,,,,,,真皮,上下+前后,,,,,仿皮,,自动,,
sg21444,5618.0,长安,,长安,sg21444,逸动新能源,pcauto_m133447,逸动新能源 2025款 智慧新蓝鲸 70km 超越版,2025,插电混动,长安汽车,紧凑型车,8.49,8.49万,,,1497.0,1.5,自然吸气,直列,4.0,,98.0,72.0,,125.0,,插电混动,92号(原93号),多点电喷,铝合金,国VI,电子无级变速箱,,电子无级变速箱(E-CVT),185.0,7.9,,三年或12万公里,永磁同步,190.0,330.0,140.0,330.0,,,,,三元锂电池,9.07,53.0,10.7,首任车主不限年限/里程（限非营运车主，责任免除条款以官方为准）,快充:待定/慢充:3.0小时,,4770,1840,1460,2765,,,,1425.0,三厢车,4.0,5.0,,平开门,,,,,皮质,上下+前后,,,,,仿皮,,自动,,
sg21448,2948.0,奥迪,2.0,奥迪,25413,奥迪A6L e-tron,256147,长续航版,2022,纯电动,一汽奥迪,中大型车,30.98,30.98万,暂无报价,30.98万,,,,,,,,,,,,纯电动,,,,,电动车单速变速箱,1.0,固定齿比变速箱,200.0,5.7,,3年或10万公里,永磁/同步,215.0,460.0,,,215.0,460.0,,,,,720.0,,,,,5073,1942,1522,3076,1691.0,1653.0,,2327.0,三厢车,4.0,5.0,495.0,平开门,主 / 副,前 / 后,,主 / 副,,上下+前后,,USB/Type-C,,,仿皮,前 / 后,自动,,纯电动
sg21448,1531.0,奥迪,2.0,奥迪,25413,奥迪A6L e-tron,256147,长续航版,2023,纯电动,一汽奥迪,中大型车,30.98,30.98万,暂无报价,30.98万,,,,,,,,,,,,纯电动,,,,,电动车单速变速箱,1.0,固定齿比变速箱,200.0,5.7,,3年或10万公里,永磁/同步,215.0,460.0,,,215.0,460.0,,,,,720.0,,,,,5073,1942,1522,3076,1691.0,1653.0,,2327.0,三厢车,4.0,5.0,495.0,平开门,主 / 副,前 / 后,,主 / 副,,上下+前后,,USB/Type-C,,,仿皮,前 / 后,自动,,纯电动
sg21448,7.0,奥迪,2.0,奥迪,25413,奥迪A6L e-tron,256147,长续航版,2024,纯电动,一汽奥迪,中大型车,30.98,30.98万,暂无报价,30.98万,,,,,,,,,,,,纯电动,,,,,电动车单速变速箱,1.0,固定齿比变速箱,200.0,5.7,,3年或10万公里,永磁/同步,215.0,460.0,,,215.0,460.0,,,,,720.0,,,,,5073,1942,1522,3076,1691.0,1653.0,,2327.0,三厢车,4.0,5.0,495.0,平开门,主 / 副,前 / 后,,主 / 副,,上下+前后,,USB/Type-C,,,仿皮,前 / 后,自动,,纯电动
sg21448,463.0,奥迪,2.0,奥迪,25413,奥迪A6L e-tron,256147,长续航版,2025,纯电动,一汽奥迪,中大型车,30.98,30.98万,暂无报价,30.98万,,,,,,,,,,,,纯电动,,,,,电动车单速变速箱,1.0,固定齿比变速箱,200.0,5.7,,3年或10万公里,永磁/同步,215.0,460.0,,,215.0,460.0,,,,,720.0,,,,,5073,1942,1522,3076,1691.0,1653.0,,2327.0,三厢车,4.0,5.0,495.0,平开门,主 / 副,前 / 后,,主 / 副,,上下+前后,,USB/Type-C,,,仿皮,前 / 后,自动,,纯电动
sg21448,139.0,奥迪,2.0,奥迪,25413,奥迪A6L e-tron,256147,长续航版,2026,纯电动,一汽奥迪,中大型车,30.98,30.98万,暂无报价,30.98万,,,,,,,,,,,,纯电动,,,,,电动车单速变速箱,1.0,固定齿比变速箱,200.0,5.7,,3年或10万公里,永磁/同步,215.0,460.0,,,215.0,460.0,,,,,720.0,,,,,5073,1942,1522,3076,1691.0,1653.0,,2327.0,三厢车,4.0,5.0,495.0,平开门,主 / 副,前 / 后,,主 / 副,,上下+前后,,USB/Type-C,,,仿皮,前 / 后,自动,,纯电动
sg21482,8111.0,日产,10.0,日产,1579,劲客,91527,劲情款 1.5L 应有「劲」有 时尚版,2023,燃油,东风日产,小型SUV,8.98,8.98万,7.49万,8.18万,1498.0,1.5,自然吸气,L,4.0,"TCV,e-VTC,EGR",122.0,90.0,6300.0,143.0,4400,汽油,92#,多点电喷,铝,国VI b,CVT无级变速,,无级变速箱(CVT),170.0,,4.6,3年或10万公里,,,,,,,,,,,,,,,,,4312,1760,1613,2620,1520.0,1535.0,187.0,1157.0,SUV,5.0,5.0,428.0,平开门,主 / 副,前 / 后,,主 / 副,,上下,,USB/Type-C+AUX,,46117,织物,前 / 后,手动,46117,燃油
sg21512,3597.0,奇瑞新能源,,奇瑞新能源,sg21512,艾瑞泽5e,pcauto_m85355,艾瑞泽5e 2019款 450 智尚版,2019,纯电动,奇瑞新能源,紧凑型车,19.23,19.23万,,,,,,,,,,,,,,纯电动,,,,,固定齿比,1.0,固定齿比,152.0,,,三年或12万公里,永磁同步,90.0,250.0,90.0,250.0,,,,,三元锂电池,53.6,401.0,14.6,8年或12万公里,快充:0.5小时/慢充:9.0小时,80.0,4572,1825,1496,2670,,,,1580.0,三厢车,5.0,5.0,,,,,,,,上下,,,,,织物,,自动,,
sg21568,53822.0,领克,174.0,领克,1623,领克03,252950,1.5TD DCT Plus,2022,燃油,领克,紧凑型车,12.18,12.18万,9.98万,10.38万,1499.0,1.5,涡轮增压,L,4.0,,181.0,133.0,5500.0,290.0,2000,汽油,92#,缸内直喷,铝,国VI,7挡湿式双离合,7.0,湿式双离合变速箱（DCT）,205.0,,,4年或10万公里,,,,,,,,,,,,,,,,,4700,1843,1460,2730,1597.0,1597.0,146.0,1470.0,三厢车,4.0,5.0,405.0,平开门,主 / 副,前 / 后,,主 / 副,,上下+前后,大屏,USB/Type-C,,46243,仿皮,前 / 后,自动,46243,燃油
sg21568,69253.0,领克,174.0,领克,1623,领克03,252950,1.5TD DCT Plus,2023,燃油,领克,紧凑型车,12.18,12.18万,9.98万,10.38万,1499.0,1.5,涡轮增压,L,4.0,,181.0,133.0,5500.0,290.0,2000,汽油,92#,缸内直喷,铝,国VI,7挡湿式双离合,7.0,湿式双离合变速箱（DCT）,205.0,,,4年或10万公里,,,,,,,,,,,,,,,,,4700,1843,1460,2730,1597.0,1597.0,146.0,1470.0,三厢车,4.0,5.0,405.0,平开门,主 / 副,前 / 后,,主 / 副,,上下+前后,大屏,USB/Type-C,,46243,仿皮,前 / 后,自动,46243,燃油
sg21568,54566.0,领克,174.0,领克,1623,领克03,252950,1.5TD DCT Plus,2024,燃油,领克,紧凑型车,12.18,12.18万,9.98万,10.38万,1499.0,1.5,涡轮增压,L,4.0,,181.0,133.0,5500.0,290.0,2000,汽油,92#,缸内直喷,铝,国VI,7挡湿式双离合,7.0,湿式双离合变速箱（DCT）,205.0,,,4年或10万公里,,,,,,,,,,,,,,,,,4700,1843,1460,2730,1597.0,1597.0,146.0,1470.0,三厢车,4.0,5.0,405.0,平开门,主 / 副,前 / 后,,主 / 副,,上下+前后,大屏,USB/Type-C,,46243,仿皮,前 / 后,自动,46243,燃油
sg21568,61085.0,领克,174.0,领克,1623,领克03,252950,1.5TD DCT Plus,2025,燃油,领克,紧凑型车,12.18,12.18万,9.98万,10.38万,1499.0,1.5,涡轮增压,L,4.0,,181.0,133.0,5500.0,290.0,2000,汽油,92#,缸内直喷,铝,国VI,7挡湿式双离合,7.0,湿式双离合变速箱（DCT）,205.0,,,4年或10万公里,,,,,,,,,,,,,,,,,4700,1843,1460,2730,1597.0,1597.0,146.0,1470.0,三厢车,4.0,5.0,405.0,平开门,主 / 副,前 / 后,,主 / 副,,上下+前后,大屏,USB/Type-C,,46243,仿皮,前 / 后,自动,46243,燃油
sg21568,23160.0,领克,174.0,领克,1623,领克03,252950,1.5TD DCT Plus,2026,燃油,领克,紧凑型车,12.18,12.18万,9.98万,10.38万,1499.0,1.5,涡轮增压,L,4.0,,181.0,133.0,5500.0,290.0,2000,汽油,92#,缸内直喷,铝,国VI,7挡湿式双离合,7.0,湿式双离合变速箱（DCT）,205.0,,,4年或10万公里,,,,,,,,,,,,,,,,,4700,1843,1460,2730,1597.0,1597.0,146.0,1470.0,三厢车,4.0,5.0,405.0,平开门,主 / 副,前 / 后,,主 / 副,,上下+前后,大屏,USB/Type-C,,46243,仿皮,前 / 后,自动,46243,燃油
sg21584,532.0,吉利汽车,,吉利汽车,sg21584,嘉际,pcauto_m129722,嘉际 2025款 嘉际L 1.5TD DCT龙腾版,2025,燃油,吉利汽车,MPV,10.97,10.97万,,,1499.0,1.5,涡轮增压,直列,4.0,DVVT,181.0,133.0,,290.0,,汽油,92号(原93号),直喷,铝合金,国VI,湿式双离合,7.0,湿式双离合变速箱,190.0,,,四年或10万公里,,,,,,,,,,,,,,,,,4826,1909,1695,2805,,,,1600.0,MPV,5.0,6.0,,平开门,,,,,皮质,上下+前后,,,,,仿皮,,自动,,
sg21585,64816.0,红旗,,红旗,sg21585,红旗H5经典,pcauto_m107746,红旗H5经典 2022款 1.5T DCT旗悦版,2022,燃油,一汽红旗,中型车,14.58,14.58万,,,1498.0,1.5,涡轮增压,直列,4.0,,169.0,124.0,,258.0,,汽油,95号(原97号),直喷,铸铁,国VI,湿式双离合,7.0,湿式双离合变速箱,210.0,9.2,,四年或10万公里,,,,,,,,,,,,,,,,,4945,1845,1470,2875,,,,1520.0,三厢车,4.0,5.0,,平开门,,,,,真皮,上下+前后,,,,,仿皮,,自动,,
sg21603,31584.0,东风风神,37.0,东风风神,1655,东风风神E70,87744,360H 换电版,2023,纯电动,东风乘用车,紧凑型车,14.28,14.28万,暂无报价,14.28万,,,,,,,,,,,,纯电动,,,,,电动车单速变速箱,1.0,固定齿比变速箱,130.0,9.5,,3年或30万公里,永磁/同步,120.0,230.0,120.0,230.0,,,,,,,347.0,,,,,4680,1720,1530,2700,1475.0,1480.0,120.0,1550.0,三厢车,4.0,5.0,502.0,平开门,主 / 副,前 / 后,,主 / 副,,上下,,USB/Type-C+AUX,,46056,仿皮,前 / 后,自动,46056,纯电动
sg21624,33515.0,起亚,13.0,起亚,1719,焕驰,47989,改款 1.4L 自动舒适天窗版,2020,燃油,起亚,小型车,6.69,6.69万,5.85万,6.69万,1368.0,1.4,自然吸气,L,4.0,D-CVVT,95.0,70.0,6300.0,132.0,4000,汽油,92#,多点电喷,铝,国VI,4挡自动,4.0,自动变速箱(AT),170.0,,5.7,3年或10万公里,,,,,,,,,,,,,,,,,4300,1700,1460,2570,1509.0,1515.0,160.0,1060.0,三厢车,4.0,5.0,,平开门,主 / 副,前 / 后,,主 / 副,,上下,,USB/Type-C+AUX,,46056,织物,前 / 后,手动,46056,燃油
sg21624,6487.0,起亚,13.0,起亚,1719,焕驰,47989,改款 1.4L 自动舒适天窗版,2022,燃油,起亚,小型车,6.69,6.69万,5.85万,6.69万,1368.0,1.4,自然吸气,L,4.0,D-CVVT,95.0,70.0,6300.0,132.0,4000,汽油,92#,多点电喷,铝,国VI,4挡自动,4.0,自动变速箱(AT),170.0,,5.7,3年或10万公里,,,,,,,,,,,,,,,,,4300,1700,1460,2570,1509.0,1515.0,160.0,1060.0,三厢车,4.0,5.0,,平开门,主 / 副,前 / 后,,主 / 副,,上下,,USB/Type-C+AUX,,46056,织物,前 / 后,手动,46056,燃油
sg21624,1387.0,起亚,13.0,起亚,1719,焕驰,47989,改款 1.4L 自动舒适天窗版,2023,燃油,起亚,小型车,6.69,6.69万,5.85万,6.69万,1368.0,1.4,自然吸气,L,4.0,D-CVVT,95.0,70.0,6300.0,132.0,4000,汽油,92#,多点电喷,铝,国VI,4挡自动,4.0,自动变速箱(AT),170.0,,5.7,3年或10万公里,,,,,,,,,,,,,,,,,4300,1700,1460,2570,1509.0,1515.0,160.0,1060.0,三厢车,4.0,5.0,,平开门,主 / 副,前 / 后,,主 / 副,,上下,,USB/Type-C+AUX,,46056,织物,前 / 后,手动,46056,燃油
sg21624,734.0,起亚,13.0,起亚,1719,焕驰,47989,改款 1.4L 自动舒适天窗版,2024,燃油,起亚,小型车,6.69,6.69万,5.85万,6.69万,1368.0,1.4,自然吸气,L,4.0,D-CVVT,95.0,70.0,6300.0,132.0,4000,汽油,92#,多点电喷,铝,国VI,4挡自动,4.0,自动变速箱(AT),170.0,,5.7,3年或10万公里,,,,,,,,,,,,,,,,,4300,1700,1460,2570,1509.0,1515.0,160.0,1060.0,三厢车,4.0,5.0,,平开门,主 / 副,前 / 后,,主 / 副,,上下,,USB/Type-C+AUX,,46056,织物,前 / 后,手动,46056,燃油
sg21624,139.0,起亚,13.0,起亚,1719,焕驰,47989,改款 1.4L 自动舒适天窗版,2025,燃油,起亚,小型车,6.69,6.69万,5.85万,6.69万,1368.0,1.4,自然吸气,L,4.0,D-CVVT,95.0,70.0,6300.0,132.0,4000,汽油,92#,多点电喷,铝,国VI,4挡自动,4.0,自动变速箱(AT),170.0,,5.7,3年或10万公里,,,,,,,,,,,,,,,,,4300,1700,1460,2570,1509.0,1515.0,160.0,1060.0,三厢车,4.0,5.0,,平开门,主 / 副,前 / 后,,主 / 副,,上下,,USB/Type-C+AUX,,46056,织物,前 / 后,手动,46056,燃油
sg21624,10.0,起亚,13.0,起亚,1719,焕驰,47989,改款 1.4L 自动舒适天窗版,2026,燃油,起亚,小型车,6.69,6.69万,5.85万,6.69万,1368.0,1.4,自然吸气,L,4.0,D-CVVT,95.0,70.0,6300.0,132.0,4000,汽油,92#,多点电喷,铝,国VI,4挡自动,4.0,自动变速箱(AT),170.0,,5.7,3年或10万公里,,,,,,,,,,,,,,,,,4300,1700,1460,2570,1509.0,1515.0,160.0,1060.0,三厢车,4.0,5.0,,平开门,主 / 副,前 / 后,,主 / 副,,上下,,USB/Type-C+AUX,,46056,织物,前 / 后,手动,46056,燃油
sg21639,78618.0,蔚来,112.0,蔚来,1616,蔚来ES8,250653,七座行政豪华版,2026,纯电动,蔚来,大型SUV,40.68,40.68万,31.51万,40.68万,,,,,,,,,,,,纯电动,,,,,电动车单速变速箱,1.0,固定齿比变速箱,220.0,3.97,,3年或12万公里,前感应/异步后永磁/同步,520.0,700.0,180.0,300.0,340.0,400.0,,,,,635.0,,,,,5280,2010,1800,3130,1720.0,1733.0,165.0,2630.0,SUV,5.0,7.0,547.0,平开门,主 / 副,前 / 后,,主 / 副,,上下+前后,大屏,USB/Type-C,,12以上,真皮,前 / 后,自动,12以上,纯电动
sg21662,2901.0,东风风行,70.0,东风风行,1810,风行S50 EV,88292,PRO网约版,2023,纯电动,东风风行,紧凑型车,15.29,15.29万,暂无报价,13.29万,,,,,,,,,,,,纯电动,,,,,电动车单速变速箱,1.0,固定齿比变速箱,145.0,11.0,,8年或16万公里,永磁/同步,110.0,210.0,110.0,210.0,,,,,,,430.0,,80,,,4700,1790,1550,2700,1540.0,1545.0,,1650.0,三厢车,4.0,5.0,400.0,平开门,主 / 副,前 / 后,,主 / 副,,上下,,USB/Type-C,,,织物,前 / 后,手动,,纯电动
sg21662,6864.0,东风风行,70.0,东风风行,1810,风行S50 EV,92722,网约版,2024,纯电动,东风风行,紧凑型车,15.09,15.09万,暂无报价,13.09万,,,,,,,,,,,,纯电动,,,,,电动车单速变速箱,1.0,固定齿比变速箱,145.0,12.0,,8年或16万公里,永磁/同步,110.0,210.0,110.0,210.0,,,,,,,410.0,,80,,,4675,1790,1550,2700,1540.0,1545.0,,1520.0,三厢车,4.0,5.0,400.0,平开门,主 / 副,前 / 后,,主 / 副,,上下,,USB/Type-C,,,织物,前 / 后,手动,,纯电动
sg21687,1927.0,东风风行,,东风风行,sg21687,菱智M5新能源,pcauto_m134624,菱智M5新能源 2025款 增程 110km 基本型 5座,2025,增程式,东风风行,MPV,10.98,10.98万,,,1498.0,1.5,自然吸气,直列,4.0,,102.0,75.0,,130.0,,增程式,92号(原93号),多点电喷,,国VI,固定齿比,1.0,固定齿比,100.0,,,八年或16万公里,永磁同步,60.0,175.0,,,,,,,磷酸铁锂电池,19.09,110.0,16.5,八年或16万公里,快充:0.5小时/慢充:6.0小时,30.0,5135,1720,1995,3000,,,,1840.0,MPV,4.0,5.0,,平开门+侧滑门,,,,,塑料,上下,,,,,织物,,手动,,
sg21775,154.0,东风风光,95.0,东风风光,1712,风光S560,247930,1.5T MT舒享版,2025,燃油,东风小康,紧凑型SUV,9.99,9.99万,暂无报价,9.99万,1498.0,1.5,涡轮增压,L,4.0,,150.0,110.0,5600.0,220.0,1800,汽油,92#,多点电喷,铁,国VI,6挡手动,6.0,手动变速箱(MT),180.0,,,7年或15万公里,,,,,,,,,,,,,,,,,4550,1815,1735,2690,1540.0,1530.0,200.0,1500.0,SUV,5.0,5.0,,平开门,主 / 副,前 / 后,,主 / 副,,上下,,USB/Type-C,,46117,仿皮,前 / 后,手动,46117,燃油
sg21903,17310.0,哈弗,,哈弗,sg21903,哈弗M6,pcauto_m127921,哈弗M6 2024款 PLUS 1.5T DCT花生好车定制版,2024,燃油,长城汽车,紧凑型SUV,8.69,8.69万,,,1497.0,1.5,涡轮增压,直列,4.0,,150.0,110.0,,218.0,,汽油,92号(原93号),多点电喷,铝合金,国VI,湿式双离合,7.0,湿式双离合变速箱,,,,三年或6万公里,,,,,,,,,,,,,,,,,4664,1830,1729,2680,,,,1472.0,SUV,5.0,5.0,,平开门,,,,,塑料,上下+前后,,,,,仿皮,,自动,,
sg21914,9793.0,启辰,109.0,启辰,1628,启辰D60,86376,PLUS 1.6L XE CVT潮领版,2022,燃油,东风日产,紧凑型车,8.88,8.88万,7.17万,8.88万,1598.0,1.6,自然吸气,L,4.0,带DIS燃油双喷射技术及双C-VTC连续可变气门正时智能控制系统,122.0,90.0,6000.0,155.0,4000,汽油,92#,多点电喷,铝,国VI,CVT无级变速,,无级变速箱(CVT),180.0,12.0,6.18,3年或10万公里,,,,,,,,,,,,,,,,,4761,1803,1487,2701,1550.0,1550.0,168.0,1229.0,三厢车,4.0,5.0,525.0,平开门,主 / 副,前 / 后,,主 / 副,,上下,,USB/Type-C+AUX,,,仿皮,前 / 后,手动,,燃油
sg21914,4360.0,启辰,109.0,启辰,1628,启辰D60,86376,PLUS 1.6L XE CVT潮领版,2023,燃油,东风日产,紧凑型车,8.88,8.88万,7.17万,8.88万,1598.0,1.6,自然吸气,L,4.0,带DIS燃油双喷射技术及双C-VTC连续可变气门正时智能控制系统,122.0,90.0,6000.0,155.0,4000,汽油,92#,多点电喷,铝,国VI,CVT无级变速,,无级变速箱(CVT),180.0,12.0,6.18,3年或10万公里,,,,,,,,,,,,,,,,,4761,1803,1487,2701,1550.0,1550.0,168.0,1229.0,三厢车,4.0,5.0,525.0,平开门,主 / 副,前 / 后,,主 / 副,,上下,,USB/Type-C+AUX,,,仿皮,前 / 后,手动,,燃油
sg21914,11318.0,启辰,109.0,启辰,1628,启辰D60,86376,PLUS 1.6L XE CVT潮领版,2024,燃油,东风日产,紧凑型车,8.88,8.88万,7.17万,8.88万,1598.0,1.6,自然吸气,L,4.0,带DIS燃油双喷射技术及双C-VTC连续可变气门正时智能控制系统,122.0,90.0,6000.0,155.0,4000,汽油,92#,多点电喷,铝,国VI,CVT无级变速,,无级变速箱(CVT),180.0,12.0,6.18,3年或10万公里,,,,,,,,,,,,,,,,,4761,1803,1487,2701,1550.0,1550.0,168.0,1229.0,三厢车,4.0,5.0,525.0,平开门,主 / 副,前 / 后,,主 / 副,,上下,,USB/Type-C+AUX,,,仿皮,前 / 后,手动,,燃油
sg21914,3212.0,启辰,109.0,启辰,1628,启辰D60,86376,PLUS 1.6L XE CVT潮领版,2025,燃油,东风日产,紧凑型车,8.88,8.88万,7.17万,8.88万,1598.0,1.6,自然吸气,L,4.0,带DIS燃油双喷射技术及双C-VTC连续可变气门正时智能控制系统,122.0,90.0,6000.0,155.0,4000,汽油,92#,多点电喷,铝,国VI,CVT无级变速,,无级变速箱(CVT),180.0,12.0,6.18,3年或10万公里,,,,,,,,,,,,,,,,,4761,1803,1487,2701,1550.0,1550.0,168.0,1229.0,三厢车,4.0,5.0,525.0,平开门,主 / 副,前 / 后,,主 / 副,,上下,,USB/Type-C+AUX,,,仿皮,前 / 后,手动,,燃油
sg21914,688.0,启辰,109.0,启辰,1628,启辰D60,86376,PLUS 1.6L XE CVT潮领版,2026,燃油,东风日产,紧凑型车,8.88,8.88万,7.17万,8.88万,1598.0,1.6,自然吸气,L,4.0,带DIS燃油双喷射技术及双C-VTC连续可变气门正时智能控制系统,122.0,90.0,6000.0,155.0,4000,汽油,92#,多点电喷,铝,国VI,CVT无级变速,,无级变速箱(CVT),180.0,12.0,6.18,3年或10万公里,,,,,,,,,,,,,,,,,4761,1803,1487,2701,1550.0,1550.0,168.0,1229.0,三厢车,4.0,5.0,525.0,平开门,主 / 副,前 / 后,,主 / 副,,上下,,USB/Type-C+AUX,,,仿皮,前 / 后,手动,,燃油
sg21973,12680.0,荣威,,荣威,sg21973,荣威RX3,pcauto_m104789,荣威RX3 2021款 PRO 1.6L 手动旗舰型,2021,燃油,上汽集团,小型SUV,7.58,7.58万,,,1598.0,1.6,自然吸气,直列,4.0,,125.0,92.0,,158.0,,汽油,92号(原93号),多点电喷,铸铁,国VI,手动,5.0,手动,,,,三年或10万公里,,,,,,,,,,,,,,,,,4437,1804,1651,2625,,,,,SUV,5.0,5.0,,,,,,,皮质,上下,,,,,织物,,手动,,
sg21973,5936.0,荣威,,荣威,sg21973,荣威RX3,pcauto_m104789,荣威RX3 2021款 PRO 1.6L 手动旗舰型,2022,燃油,上汽集团,小型SUV,7.58,7.58万,,,1598.0,1.6,自然吸气,直列,4.0,,125.0,92.0,,158.0,,汽油,92号(原93号),多点电喷,铸铁,国VI,手动,5.0,手动,,,,三年或10万公里,,,,,,,,,,,,,,,,,4437,1804,1651,2625,,,,,SUV,5.0,5.0,,,,,,,皮质,上下,,,,,织物,,手动,,
sg21973,758.0,荣威,,荣威,sg21973,荣威RX3,pcauto_m104789,荣威RX3 2021款 PRO 1.6L 手动旗舰型,2023,燃油,上汽集团,小型SUV,7.58,7.58万,,,1598.0,1.6,自然吸气,直列,4.0,,125.0,92.0,,158.0,,汽油,92号(原93号),多点电喷,铸铁,国VI,手动,5.0,手动,,,,三年或10万公里,,,,,,,,,,,,,,,,,4437,1804,1651,2625,,,,,SUV,5.0,5.0,,,,,,,皮质,上下,,,,,织物,,手动,,
sg22014,12346.0,丰田,,丰田,sg22014,丰田C-HR,pcauto_m120019,丰田C-HR 2023款 2.0L 舒适版,2023,燃油,广汽丰田,小型SUV,15.28,15.28万,,,1987.0,2.0,自然吸气,直列,4.0,,171.0,126.0,,205.0,,汽油,92号(原93号),混合喷射,铝合金,国VI,无级变速,10.0,无级变速,185.0,,,三年或10万公里,,,,,,,,,,,,,,,,,4390,1795,1565,2640,,,,1505.0,SUV,5.0,5.0,,平开门,,,,,塑料,上下+前后,,,,,织物,,手动,,
sg22065,10503.0,捷豹,,捷豹,sg22065,捷豹XEL,pcauto_m134414,捷豹XEL 2025款 2.0T 250PS R-DYNAMIC 90周年典藏版,2022,燃油,奇瑞捷豹路虎,中型车,33.46,33.46万,,,1997.0,2.0,涡轮增压,直列,4.0,,250.0,184.0,,365.0,,汽油,95号(原97号),直喷,铝合金,国VI,手自一体,8.0,手自一体,240.0,7.3,,三年或10万公里,,,,,,,,,,,,,,,,,4778,1850,1429,2935,,,,1730.0,三厢车,4.0,5.0,,平开门,,,,,真皮,上下+前后,,,,,仿皮,,自动,,
sg22065,10403.0,捷豹,,捷豹,sg22065,捷豹XEL,pcauto_m134414,捷豹XEL 2025款 2.0T 250PS R-DYNAMIC 90周年典藏版,2023,燃油,奇瑞捷豹路虎,中型车,33.46,33.46万,,,1997.0,2.0,涡轮增压,直列,4.0,,250.0,184.0,,365.0,,汽油,95号(原97号),直喷,铝合金,国VI,手自一体,8.0,手自一体,240.0,7.3,,三年或10万公里,,,,,,,,,,,,,,,,,4778,1850,1429,2935,,,,1730.0,三厢车,4.0,5.0,,平开门,,,,,真皮,上下+前后,,,,,仿皮,,自动,,
sg22065,8400.0,捷豹,,捷豹,sg22065,捷豹XEL,pcauto_m134414,捷豹XEL 2025款 2.0T 250PS R-DYNAMIC 90周年典藏版,2024,燃油,奇瑞捷豹路虎,中型车,33.46,33.46万,,,1997.0,2.0,涡轮增压,直列,4.0,,250.0,184.0,,365.0,,汽油,95号(原97号),直喷,铝合金,国VI,手自一体,8.0,手自一体,240.0,7.3,,三年或10万公里,,,,,,,,,,,,,,,,,4778,1850,1429,2935,,,,1730.0,三厢车,4.0,5.0,,平开门,,,,,真皮,上下+前后,,,,,仿皮,,自动,,
sg22065,6480.0,捷豹,,捷豹,sg22065,捷豹XEL,pcauto_m134414,捷豹XEL 2025款 2.0T 250PS R-DYNAMIC 90周年典藏版,2025,燃油,奇瑞捷豹路虎,中型车,33.46,33.46万,,,1997.0,2.0,涡轮增压,直列,4.0,,250.0,184.0,,365.0,,汽油,95号(原97号),直喷,铝合金,国VI,手自一体,8.0,手自一体,240.0,7.3,,三年或10万公里,,,,,,,,,,,,,,,,,4778,1850,1429,2935,,,,1730.0,三厢车,4.0,5.0,,平开门,,,,,真皮,上下+前后,,,,,仿皮,,自动,,
sg22065,27.0,捷豹,,捷豹,sg22065,捷豹XEL,pcauto_m134414,捷豹XEL 2025款 2.0T 250PS R-DYNAMIC 90周年典藏版,2026,燃油,奇瑞捷豹路虎,中型车,33.46,33.46万,,,1997.0,2.0,涡轮增压,直列,4.0,,250.0,184.0,,365.0,,汽油,95号(原97号),直喷,铝合金,国VI,手自一体,8.0,手自一体,240.0,7.3,,三年或10万公里,,,,,,,,,,,,,,,,,4778,1850,1429,2935,,,,1730.0,三厢车,4.0,5.0,,平开门,,,,,真皮,上下+前后,,,,,仿皮,,自动,,
sg22087,2401.0,斯柯达,23.0,斯柯达,1661,柯珞克,241045,TSI280 尊享版,2025,燃油,上汽大众斯柯达,紧凑型SUV,14.99,14.99万,暂无报价,10.49万,1395.0,1.4,涡轮增压,L,4.0,,150.0,110.0,5000.0,250.0,1750,汽油,95#,缸内直喷,铝,国VI,7挡双离合,7.0,干式双离合变速箱（DCT）,198.0,9.3,5.2,3年或10万公里,,,,,,,,,,,,,,,,,4432,1841,1614,2688,1572.0,1537.0,,1365.0,SUV,5.0,5.0,455.0,平开门,主 / 副,前 / 后,,主 / 副,,上下+前后,大屏,USB/Type-C,,46180,仿皮,前 / 后,自动,46180,燃油
sg22103,35478.0,奇瑞,18.0,奇瑞,1738,瑞虎5x,101046,惠民版 1.5L 手动都市型,2022,燃油,奇瑞汽车,小型SUV,5.99,5.99万,5.39万,5.59万,1498.0,1.5,自然吸气,L,4.0,,120.0,88.0,6300.0,148.0,4900,汽油,92#,多点电喷,铝,国VI,5挡手动,5.0,手动变速箱(MT),175.0,,,3年或10万公里,,,,,,,,,,,,,,,,,4358,1830,1670,2630,1550.0,1550.0,,1272.0,SUV,5.0,5.0,,平开门,主 / 副,前 / 后,,主 / 副,,上下,大屏,USB/Type-C,,46056,织物,前 / 后,手动,46056,燃油
sg22103,27457.0,奇瑞,18.0,奇瑞,1738,瑞虎5x,101046,惠民版 1.5L 手动都市型,2023,燃油,奇瑞汽车,小型SUV,5.99,5.99万,5.39万,5.59万,1498.0,1.5,自然吸气,L,4.0,,120.0,88.0,6300.0,148.0,4900,汽油,92#,多点电喷,铝,国VI,5挡手动,5.0,手动变速箱(MT),175.0,,,3年或10万公里,,,,,,,,,,,,,,,,,4358,1830,1670,2630,1550.0,1550.0,,1272.0,SUV,5.0,5.0,,平开门,主 / 副,前 / 后,,主 / 副,,上下,大屏,USB/Type-C,,46056,织物,前 / 后,手动,46056,燃油
sg22103,16819.0,奇瑞,18.0,奇瑞,1738,瑞虎5x,101046,惠民版 1.5L 手动都市型,2024,燃油,奇瑞汽车,小型SUV,5.99,5.99万,5.39万,5.59万,1498.0,1.5,自然吸气,L,4.0,,120.0,88.0,6300.0,148.0,4900,汽油,92#,多点电喷,铝,国VI,5挡手动,5.0,手动变速箱(MT),175.0,,,3年或10万公里,,,,,,,,,,,,,,,,,4358,1830,1670,2630,1550.0,1550.0,,1272.0,SUV,5.0,5.0,,平开门,主 / 副,前 / 后,,主 / 副,,上下,大屏,USB/Type-C,,46056,织物,前 / 后,手动,46056,燃油
sg22103,54808.0,奇瑞,18.0,奇瑞,1738,瑞虎5x,247649,1.5L 手动卓越版,2025,燃油,奇瑞汽车,小型SUV,6.29,6.29万,5.49万,5.49万,1498.0,1.5,自然吸气,L,4.0,,120.0,88.0,6300.0,148.0,4900,汽油,92#,多点电喷,铝,国VI,5挡手动,5.0,手动变速箱(MT),175.0,,,3年或10万公里,,,,,,,,,,,,,,,,,4358,1830,1670,2630,1550.0,1550.0,,1272.0,SUV,5.0,5.0,,平开门,主 / 副,前 / 后,,主 / 副,,上下,大屏,USB/Type-C,,46056,仿皮,前 / 后,手动,46056,燃油
sg22103,15795.0,奇瑞,18.0,奇瑞,1738,瑞虎5x,247649,1.5L 手动卓越版,2026,燃油,奇瑞汽车,小型SUV,6.29,6.29万,5.49万,5.49万,1498.0,1.5,自然吸气,L,4.0,,120.0,88.0,6300.0,148.0,4900,汽油,92#,多点电喷,铝,国VI,5挡手动,5.0,手动变速箱(MT),175.0,,,3年或10万公里,,,,,,,,,,,,,,,,,4358,1830,1670,2630,1550.0,1550.0,,1272.0,SUV,5.0,5.0,,平开门,主 / 副,前 / 后,,主 / 副,,上下,大屏,USB/Type-C,,46056,仿皮,前 / 后,手动,46056,燃油
sg22193,23997.0,荣威,,荣威,sg22193,荣威Ei5,pcauto_m100922,荣威Ei5 2021款 超爽版,2021,纯电动,上汽集团,紧凑型车,14.08,14.08万,,,,,,,,,,,,,,纯电动,,,,,固定齿比,1.0,固定齿比,185.0,,,三年或10万公里,永磁同步,135.0,280.0,135.0,280.0,,,,,三元锂电池,61.1,501.0,13.3,首任车主不限年限/里程,快充:0.5小时,80.0,4544,1818,1521,2665,,,,1560.0,旅行车,5.0,5.0,,,,,,,皮质,上下,,,,,仿皮,,自动,,
sg22263,17446.0,小鹏,,小鹏,sg22263,小鹏G3,pcauto_m117320,小鹏G3 2022款 G3i 460G+,2022,纯电动,小鹏,紧凑型SUV,14.89,14.89万,,,,,,,,,,,,,,纯电动,,,,,固定齿比,1.0,固定齿比,170.0,8.6,,四年或10万公里,永磁同步,145.0,300.0,145.0,300.0,,,,,磷酸铁锂电池,55.9,460.0,13.8,八年或15万公里,快充:0.58小时/慢充:4.3小时,80.0,4495,1820,1610,2625,,,,1680.0,SUV,5.0,5.0,,平开门,,,,,真皮,上下,,,,,仿皮(选装真皮),,自动,,
sg22263,5105.0,小鹏,,小鹏,sg22263,小鹏G3,pcauto_m117320,小鹏G3 2022款 G3i 460G+,2023,纯电动,小鹏,紧凑型SUV,14.89,14.89万,,,,,,,,,,,,,,纯电动,,,,,固定齿比,1.0,固定齿比,170.0,8.6,,四年或10万公里,永磁同步,145.0,300.0,145.0,300.0,,,,,磷酸铁锂电池,55.9,460.0,13.8,八年或15万公里,快充:0.58小时/慢充:4.3小时,80.0,4495,1820,1610,2625,,,,1680.0,SUV,5.0,5.0,,平开门,,,,,真皮,上下,,,,,仿皮(选装真皮),,自动,,
sg22263,360.0,小鹏,,小鹏,sg22263,小鹏G3,pcauto_m117320,小鹏G3 2022款 G3i 460G+,2024,纯电动,小鹏,紧凑型SUV,14.89,14.89万,,,,,,,,,,,,,,纯电动,,,,,固定齿比,1.0,固定齿比,170.0,8.6,,四年或10万公里,永磁同步,145.0,300.0,145.0,300.0,,,,,磷酸铁锂电池,55.9,460.0,13.8,八年或15万公里,快充:0.58小时/慢充:4.3小时,80.0,4495,1820,1610,2625,,,,1680.0,SUV,5.0,5.0,,平开门,,,,,真皮,上下,,,,,仿皮(选装真皮),,自动,,
sg22373,290.0,沃尔沃,,沃尔沃,sg22373,沃尔沃XC60新能源,pcauto_m135229,沃尔沃XC60新能源 2026款 T8 插电式混合动力 智远豪华版,2026,插电混动,沃尔沃亚太,中型SUV,52.39,52.39万,,,1969.0,2.0,涡轮增压,直列,4.0,,310.0,228.0,,400.0,,插电混动,95号(原97号),直喷,铝合金,国VI,自动,8.0,自动,180.0,5.0,,三年不限公里,永磁同步,107.0,309.0,,,,,,,三元锂电池,18.831,64.0,18.1,八年或12万公里,快充:不支持/慢充:5.0小时,,4708,1902,1656,2865,,,,2158.0,SUV,5.0,5.0,,平开门,,,,,真皮,上下+前后,,,,,真皮,,自动,,
sg22395,506.0,DS,,DS,sg22395,DS 7,pcauto_m118088,DS 7 2022款 蒙马特十周年臻藏版,2022,燃油,DS汽车,紧凑型SUV,24.99,24.99万,,,1598.0,1.6,涡轮增压,直列,4.0,VVL+DVVT,180.0,133.0,,250.0,,汽油,92号(原93号),直喷,铝合金,国VI,手自一体,8.0,手自一体,215.0,9.5,,三年或10万公里,,,,,,,,,,,,,,,,,4603,1891,1626,2740,,,,1580.0,SUV,5.0,5.0,,平开门,,,,,皮质,上下+前后,,,,,真皮,,自动,,
sg22513,2847.0,沃尔沃,,沃尔沃,sg22513,沃尔沃S90新能源,pcauto_m134839,沃尔沃S90新能源 2026款 T8 插电式混合动力 四驱长续航智逸豪华版,2022,插电混动,沃尔沃亚太,中大型车,49.99,49.99万,,,1969.0,2.0,涡轮增压,直列,4.0,,310.0,228.0,,400.0,,插电混动,95号(原97号),直喷,铝合金,国VI,自动,8.0,自动,180.0,4.9,,三年不限公里,永磁同步,107.0,309.0,,,,,,,锂离子电池,18.831,80.0,17.3,八年或12万公里,快充:不支持/慢充:5.0小时,,5090,1879,1453,3061,,,,2103.0,三厢车,4.0,5.0,,平开门,,,,,皮质,上下+前后,,,,,仿皮,,自动,,
sg22513,3357.0,沃尔沃,,沃尔沃,sg22513,沃尔沃S90新能源,pcauto_m134839,沃尔沃S90新能源 2026款 T8 插电式混合动力 四驱长续航智逸豪华版,2023,插电混动,沃尔沃亚太,中大型车,49.99,49.99万,,,1969.0,2.0,涡轮增压,直列,4.0,,310.0,228.0,,400.0,,插电混动,95号(原97号),直喷,铝合金,国VI,自动,8.0,自动,180.0,4.9,,三年不限公里,永磁同步,107.0,309.0,,,,,,,锂离子电池,18.831,80.0,17.3,八年或12万公里,快充:不支持/慢充:5.0小时,,5090,1879,1453,3061,,,,2103.0,三厢车,4.0,5.0,,平开门,,,,,皮质,上下+前后,,,,,仿皮,,自动,,
sg22513,3052.0,沃尔沃,,沃尔沃,sg22513,沃尔沃S90新能源,pcauto_m134839,沃尔沃S90新能源 2026款 T8 插电式混合动力 四驱长续航智逸豪华版,2024,插电混动,沃尔沃亚太,中大型车,49.99,49.99万,,,1969.0,2.0,涡轮增压,直列,4.0,,310.0,228.0,,400.0,,插电混动,95号(原97号),直喷,铝合金,国VI,自动,8.0,自动,180.0,4.9,,三年不限公里,永磁同步,107.0,309.0,,,,,,,锂离子电池,18.831,80.0,17.3,八年或12万公里,快充:不支持/慢充:5.0小时,,5090,1879,1453,3061,,,,2103.0,三厢车,4.0,5.0,,平开门,,,,,皮质,上下+前后,,,,,仿皮,,自动,,
sg22513,2806.0,沃尔沃,,沃尔沃,sg22513,沃尔沃S90新能源,pcauto_m134839,沃尔沃S90新能源 2026款 T8 插电式混合动力 四驱长续航智逸豪华版,2025,插电混动,沃尔沃亚太,中大型车,49.99,49.99万,,,1969.0,2.0,涡轮增压,直列,4.0,,310.0,228.0,,400.0,,插电混动,95号(原97号),直喷,铝合金,国VI,自动,8.0,自动,180.0,4.9,,三年不限公里,永磁同步,107.0,309.0,,,,,,,锂离子电池,18.831,80.0,17.3,八年或12万公里,快充:不支持/慢充:5.0小时,,5090,1879,1453,3061,,,,2103.0,三厢车,4.0,5.0,,平开门,,,,,皮质,上下+前后,,,,,仿皮,,自动,,
sg22513,142.0,沃尔沃,,沃尔沃,sg22513,沃尔沃S90新能源,pcauto_m134839,沃尔沃S90新能源 2026款 T8 插电式混合动力 四驱长续航智逸豪华版,2026,插电混动,沃尔沃亚太,中大型车,49.99,49.99万,,,1969.0,2.0,涡轮增压,直列,4.0,,310.0,228.0,,400.0,,插电混动,95号(原97号),直喷,铝合金,国VI,自动,8.0,自动,180.0,4.9,,三年不限公里,永磁同步,107.0,309.0,,,,,,,锂离子电池,18.831,80.0,17.3,八年或12万公里,快充:不支持/慢充:5.0小时,,5090,1879,1453,3061,,,,2103.0,三厢车,4.0,5.0,,平开门,,,,,皮质,上下+前后,,,,,仿皮,,自动,,
sg22543,32212.0,奥迪,2.0,奥迪,2963,奥迪Q2L,240970,35 TFSI 进取动感型,2022,燃油,一汽奥迪,小型SUV,17.18,17.18万,12.10万,13.06万,1498.0,1.5,涡轮增压,L,4.0,米勒循环,160.0,118.0,5500.0,250.0,1750,汽油,92#,缸内直喷,铝,国VI b,7挡双离合,7.0,干式双离合变速箱（DCT）,200.0,9.2,6.0,3年或10万公里,,,,,,,,,,,,,,,,,4270,1785,1547,2628,1543.0,1545.0,142.0,1425.0,SUV,5.0,5.0,347.0,平开门,主 / 副,前 / 后,,主 / 副,,上下+前后,大屏,USB/Type-C,,46180,仿皮,前 / 后,手动 None,46180,燃油
sg22543,18471.0,奥迪,2.0,奥迪,2963,奥迪Q2L,240970,35 TFSI 进取动感型,2023,燃油,一汽奥迪,小型SUV,17.18,17.18万,12.10万,13.06万,1498.0,1.5,涡轮增压,L,4.0,米勒循环,160.0,118.0,5500.0,250.0,1750,汽油,92#,缸内直喷,铝,国VI b,7挡双离合,7.0,干式双离合变速箱（DCT）,200.0,9.2,6.0,3年或10万公里,,,,,,,,,,,,,,,,,4270,1785,1547,2628,1543.0,1545.0,142.0,1425.0,SUV,5.0,5.0,347.0,平开门,主 / 副,前 / 后,,主 / 副,,上下+前后,大屏,USB/Type-C,,46180,仿皮,前 / 后,手动 None,46180,燃油
sg22543,8114.0,奥迪,2.0,奥迪,2963,奥迪Q2L,240970,35 TFSI 进取动感型,2024,燃油,一汽奥迪,小型SUV,17.18,17.18万,12.10万,13.06万,1498.0,1.5,涡轮增压,L,4.0,米勒循环,160.0,118.0,5500.0,250.0,1750,汽油,92#,缸内直喷,铝,国VI b,7挡双离合,7.0,干式双离合变速箱（DCT）,200.0,9.2,6.0,3年或10万公里,,,,,,,,,,,,,,,,,4270,1785,1547,2628,1543.0,1545.0,142.0,1425.0,SUV,5.0,5.0,347.0,平开门,主 / 副,前 / 后,,主 / 副,,上下+前后,大屏,USB/Type-C,,46180,仿皮,前 / 后,手动 None,46180,燃油
sg22543,5704.0,奥迪,2.0,奥迪,2963,奥迪Q2L,240970,35 TFSI 进取动感型,2025,燃油,一汽奥迪,小型SUV,17.18,17.18万,12.10万,13.06万,1498.0,1.5,涡轮增压,L,4.0,米勒循环,160.0,118.0,5500.0,250.0,1750,汽油,92#,缸内直喷,铝,国VI b,7挡双离合,7.0,干式双离合变速箱（DCT）,200.0,9.2,6.0,3年或10万公里,,,,,,,,,,,,,,,,,4270,1785,1547,2628,1543.0,1545.0,142.0,1425.0,SUV,5.0,5.0,347.0,平开门,主 / 副,前 / 后,,主 / 副,,上下+前后,大屏,USB/Type-C,,46180,仿皮,前 / 后,手动 None,46180,燃油
sg22543,2012.0,奥迪,2.0,奥迪,2963,奥迪Q2L,240970,35 TFSI 进取动感型,2026,燃油,一汽奥迪,小型SUV,17.18,17.18万,12.10万,13.06万,1498.0,1.5,涡轮增压,L,4.0,米勒循环,160.0,118.0,5500.0,250.0,1750,汽油,92#,缸内直喷,铝,国VI b,7挡双离合,7.0,干式双离合变速箱（DCT）,200.0,9.2,6.0,3年或10万公里,,,,,,,,,,,,,,,,,4270,1785,1547,2628,1543.0,1545.0,142.0,1425.0,SUV,5.0,5.0,347.0,平开门,主 / 副,前 / 后,,主 / 副,,上下+前后,大屏,USB/Type-C,,46180,仿皮,前 / 后,手动 None,46180,燃油
sg22554,17602.0,大通,108.0,大通,2984,大通G50,241633,1.5T 手动畅游A,2022,燃油,大通,紧凑型MPV,8.68,8.68万,6.56万,6.48万,1490.0,1.5,涡轮增压,L,4.0,,181.0,133.0,5600.0,285.0,1500,汽油,92#,缸内直喷,铝,国VI,6挡手动,6.0,手动变速箱(MT),185.0,,7.2,3年或6万公里,,,,,,,,,,,,,,,,,4825,1825,1778,2800,1560.0,1570.0,,1550.0,MPV,5.0,7.0,,平开门,主 / 副,前 / 后,,主 / 副,,上下,,USB/Type-C,,46117,织物,前 / 后,手动,46117,燃油
sg22554,15171.0,大通,108.0,大通,2984,大通G50,241633,1.5T 手动畅游A,2023,燃油,大通,紧凑型MPV,8.68,8.68万,6.56万,6.48万,1490.0,1.5,涡轮增压,L,4.0,,181.0,133.0,5600.0,285.0,1500,汽油,92#,缸内直喷,铝,国VI,6挡手动,6.0,手动变速箱(MT),185.0,,7.2,3年或6万公里,,,,,,,,,,,,,,,,,4825,1825,1778,2800,1560.0,1570.0,,1550.0,MPV,5.0,7.0,,平开门,主 / 副,前 / 后,,主 / 副,,上下,,USB/Type-C,,46117,织物,前 / 后,手动,46117,燃油
sg22554,13144.0,大通,108.0,大通,2984,大通G50,241633,1.5T 手动畅游A,2024,燃油,大通,紧凑型MPV,8.68,8.68万,6.56万,6.48万,1490.0,1.5,涡轮增压,L,4.0,,181.0,133.0,5600.0,285.0,1500,汽油,92#,缸内直喷,铝,国VI,6挡手动,6.0,手动变速箱(MT),185.0,,7.2,3年或6万公里,,,,,,,,,,,,,,,,,4825,1825,1778,2800,1560.0,1570.0,,1550.0,MPV,5.0,7.0,,平开门,主 / 副,前 / 后,,主 / 副,,上下,,USB/Type-C,,46117,织物,前 / 后,手动,46117,燃油
sg22554,7261.0,大通,108.0,大通,2984,大通G50,245288,MAX 1.5T 自动豪华版,2025,燃油,大通,紧凑型MPV,12.98,12.98万,9.50万,9.98万,1490.0,1.5,涡轮增压,L,4.0,,181.0,133.0,5600.0,285.0,1500,汽油,92#,缸内直喷,铝,国VI,7挡双离合,7.0,湿式双离合变速箱（DCT）,185.0,,,3年或6万公里,,,,,,,,,,,,,,,,,4825,1825,1778,2800,1560.0,1570.0,,1620.0,MPV,5.0,7.0,406.0,平开门,主 / 副,前 / 后,,主 / 副,,上下+前后,大屏,USB/Type-C,,46180,仿皮,前 / 后,自动,46180,燃油
sg22554,1525.0,大通,108.0,大通,2984,大通G50,257421,1.5T 手动舒适版,2026,燃油,大通,紧凑型MPV,8.98,8.98万,暂无报价,8.98万,1490.0,1.5,涡轮增压,L,4.0,,181.0,133.0,5600.0,285.0,1500,汽油,92#,缸内直喷,铝,国VI,6挡手动,6.0,手动变速箱(MT),185.0,,7.2,3年或6万公里,,,,,,,,,,,,,,,,,4825,1825,1778,2800,1560.0,1570.0,,1550.0,MPV,5.0,7.0,,平开门,主 / 副,前 / 后,,主 / 副,,上下,,USB/Type-C,,46117,织物,前 / 后,手动,46117,燃油
sg22643,113120.0,捷途,209.0,捷途,1938,捷途X70,100258,1.5T 手动荣耀 5座,2024,燃油,奇瑞汽车,中型SUV,10.89,10.89万,暂无报价,10.89万,1498.0,1.5,涡轮增压,L,4.0,DVVT,156.0,115.0,5500.0,230.0,1750,汽油,92#,多点电喷,铁,国VI,6挡手动,6.0,手动变速箱(MT),180.0,,7.85,4年或10万公里,,,,,,,,,,,,,,,,,4749,1900,1720,2745,1610.0,1615.0,,1481.0,SUV,5.0,5.0,,平开门,主 / 副,前 / 后,,主 / 副,,上下,大屏,USB/Type-C,,46117,仿皮,前 / 后,手动,46117,燃油
sg22643,101378.0,捷途,209.0,捷途,1938,捷途X70,244815,1.5T 手动超越 5座,2025,燃油,奇瑞汽车,中型SUV,10.69,10.69万,6.39万,8.69万,1498.0,1.5,涡轮增压,L,4.0,DVVT,156.0,115.0,5500.0,230.0,1750,汽油,92#,多点电喷,铁,国VI,6挡手动,6.0,手动变速箱(MT),180.0,,7.85,4年或10万公里,,,,,,,,,,,,,,,,,4749,1900,1720,2745,1610.0,1615.0,,1481.0,SUV,5.0,5.0,,平开门,主 / 副,前 / 后,,主 / 副,,上下,大屏,USB/Type-C,,46117,仿皮,前 / 后,手动,46117,燃油
sg22643,24067.0,捷途,209.0,捷途,1938,捷途X70,257018,1.5T 手动超越,2026,燃油,奇瑞汽车,中型SUV,9.99,9.99万,7.20万,6.99万,1498.0,1.5,涡轮增压,L,4.0,DVVT,156.0,115.0,5500.0,230.0,1750,汽油,92#,多点电喷,铁,国VI,6挡手动,6.0,手动变速箱(MT),180.0,,7.85,4年或10万公里,,,,,,,,,,,,,,,,,4749,1900,1720,2745,1610.0,1615.0,,1481.0,SUV,5.0,5.0,,平开门,主 / 副,前 / 后,,主 / 副,,上下,大屏,USB/Type-C,,46117,仿皮,前 / 后,手动,46117,燃油
sg22663,91544.0,大众,,大众,sg22663,T-ROC探歌,pcauto_m136897,T-ROC探歌 2026款 280TSI 时光版,2022,燃油,一汽-大众,紧凑型SUV,15.89,15.89万,,,1395.0,1.4,涡轮增压,直列,4.0,,150.0,110.0,,250.0,,汽油,95号(原97号),直喷,铝合金,国VI,干式双离合,7.0,干式双离合变速箱,200.0,9.5,,三年或10万公里,,,,,,,,,,,,,,,,,4336,1819,1592,2680,,,,1404.0,SUV,5.0,5.0,,平开门,,,,,皮质,上下+前后,,,,,仿皮,,手动,,
sg22663,60215.0,大众,,大众,sg22663,T-ROC探歌,pcauto_m136897,T-ROC探歌 2026款 280TSI 时光版,2023,燃油,一汽-大众,紧凑型SUV,15.89,15.89万,,,1395.0,1.4,涡轮增压,直列,4.0,,150.0,110.0,,250.0,,汽油,95号(原97号),直喷,铝合金,国VI,干式双离合,7.0,干式双离合变速箱,200.0,9.5,,三年或10万公里,,,,,,,,,,,,,,,,,4336,1819,1592,2680,,,,1404.0,SUV,5.0,5.0,,平开门,,,,,皮质,上下+前后,,,,,仿皮,,手动,,
sg22663,54944.0,大众,,大众,sg22663,T-ROC探歌,pcauto_m136897,T-ROC探歌 2026款 280TSI 时光版,2024,燃油,一汽-大众,紧凑型SUV,15.89,15.89万,,,1395.0,1.4,涡轮增压,直列,4.0,,150.0,110.0,,250.0,,汽油,95号(原97号),直喷,铝合金,国VI,干式双离合,7.0,干式双离合变速箱,200.0,9.5,,三年或10万公里,,,,,,,,,,,,,,,,,4336,1819,1592,2680,,,,1404.0,SUV,5.0,5.0,,平开门,,,,,皮质,上下+前后,,,,,仿皮,,手动,,
sg22663,54105.0,大众,,大众,sg22663,T-ROC探歌,pcauto_m136897,T-ROC探歌 2026款 280TSI 时光版,2025,燃油,一汽-大众,紧凑型SUV,15.89,15.89万,,,1395.0,1.4,涡轮增压,直列,4.0,,150.0,110.0,,250.0,,汽油,95号(原97号),直喷,铝合金,国VI,干式双离合,7.0,干式双离合变速箱,200.0,9.5,,三年或10万公里,,,,,,,,,,,,,,,,,4336,1819,1592,2680,,,,1404.0,SUV,5.0,5.0,,平开门,,,,,皮质,上下+前后,,,,,仿皮,,手动,,
sg22663,13741.0,大众,,大众,sg22663,T-ROC探歌,pcauto_m136897,T-ROC探歌 2026款 280TSI 时光版,2026,燃油,一汽-大众,紧凑型SUV,15.89,15.89万,,,1395.0,1.4,涡轮增压,直列,4.0,,150.0,110.0,,250.0,,汽油,95号(原97号),直喷,铝合金,国VI,干式双离合,7.0,干式双离合变速箱,200.0,9.5,,三年或10万公里,,,,,,,,,,,,,,,,,4336,1819,1592,2680,,,,1404.0,SUV,5.0,5.0,,平开门,,,,,皮质,上下+前后,,,,,仿皮,,手动,,
sg22673,14136.0,日产,,日产,sg22673,途达,pcauto_m94379,途达 2020款 2.5L XE 手动两驱精英版 国VI,2020,燃油,郑州日产,中型SUV,16.98,16.98万,,,2488.0,2.5,自然吸气,直列,4.0,C-VTC连续可变气门正时,193.0,142.0,,245.0,,汽油,92号(原93号),多点电喷,铝合金,国VI,手动,6.0,手动,165.0,,,三年或10万公里,,,,,,,,,,,,,,,,,4882,1850,1835,2850,,,,1799.0,SUV,5.0,5.0,,,,,,,,上下,,,,,织物,,手动,,
sg22674,126036.0,奇瑞,18.0,奇瑞,2794,瑞虎8,240997,卓越版 230TCI 手动舒适版,2022,燃油,奇瑞汽车,中型SUV,10.99,10.99万,7.39万,7.99万,1498.0,1.5,涡轮增压,L,4.0,,156.0,115.0,5500.0,230.0,1750,汽油,92#,多点电喷,铁,国VI,6挡手动,6.0,手动变速箱(MT),180.0,,,3年或10万公里,,,,,,,,,,,,,,,,,4722,1860,1745,2710,1582.0,1604.0,,1488.0,SUV,5.0,5.0,889.0,平开门,主 / 副,前 / 后,,主 / 副,,上下+前后,大屏,USB/Type-C,,46117,仿皮,前 / 后,自动,46117,燃油
sg22674,127018.0,奇瑞,18.0,奇瑞,2794,瑞虎8,240997,卓越版 230TCI 手动舒适版,2023,燃油,奇瑞汽车,中型SUV,10.99,10.99万,7.39万,7.99万,1498.0,1.5,涡轮增压,L,4.0,,156.0,115.0,5500.0,230.0,1750,汽油,92#,多点电喷,铁,国VI,6挡手动,6.0,手动变速箱(MT),180.0,,,3年或10万公里,,,,,,,,,,,,,,,,,4722,1860,1745,2710,1582.0,1604.0,,1488.0,SUV,5.0,5.0,889.0,平开门,主 / 副,前 / 后,,主 / 副,,上下+前后,大屏,USB/Type-C,,46117,仿皮,前 / 后,自动,46117,燃油
sg22674,190114.0,奇瑞,18.0,奇瑞,2794,瑞虎8,240997,卓越版 230TCI 手动舒适版,2024,燃油,奇瑞汽车,中型SUV,10.99,10.99万,7.39万,7.99万,1498.0,1.5,涡轮增压,L,4.0,,156.0,115.0,5500.0,230.0,1750,汽油,92#,多点电喷,铁,国VI,6挡手动,6.0,手动变速箱(MT),180.0,,,3年或10万公里,,,,,,,,,,,,,,,,,4722,1860,1745,2710,1582.0,1604.0,,1488.0,SUV,5.0,5.0,889.0,平开门,主 / 副,前 / 后,,主 / 副,,上下+前后,大屏,USB/Type-C,,46117,仿皮,前 / 后,自动,46117,燃油
sg22674,179465.0,奇瑞,18.0,奇瑞,2794,瑞虎8,240997,卓越版 230TCI 手动舒适版,2025,燃油,奇瑞汽车,中型SUV,10.99,10.99万,7.39万,7.99万,1498.0,1.5,涡轮增压,L,4.0,,156.0,115.0,5500.0,230.0,1750,汽油,92#,多点电喷,铁,国VI,6挡手动,6.0,手动变速箱(MT),180.0,,,3年或10万公里,,,,,,,,,,,,,,,,,4722,1860,1745,2710,1582.0,1604.0,,1488.0,SUV,5.0,5.0,889.0,平开门,主 / 副,前 / 后,,主 / 副,,上下+前后,大屏,USB/Type-C,,46117,仿皮,前 / 后,自动,46117,燃油
sg22674,61320.0,奇瑞,18.0,奇瑞,2794,瑞虎8,252979,第五代 虎款 鲲鹏1.6T 自动舒适型,2026,燃油,奇瑞汽车,中型SUV,9.99,9.99万,9.19万,8.99万,1598.0,1.6,涡轮增压,L,4.0,,200.0,147.0,5500.0,310.0,2000,汽油,92#,缸内直喷,铝,国VI b,7挡双离合,7.0,湿式双离合变速箱（DCT）,190.0,,,3年或10万公里,,,,,,,,,,,,,,,,,4749,1880,1710,2825,1585.0,1598.0,156.0,1540.0,SUV,5.0,5.0,546.0,平开门,主 / 副,前 / 后,,主 / 副,,上下+前后,大屏,USB/Type-C,,46180,仿皮,前 / 后,自动,46180,燃油
sg22679,60530.0,吉利汽车,73.0,吉利汽车,2928,缤瑞,72714,缤瑞COOL 1.5T DCT电掣版,2022,燃油,吉利汽车,紧凑型车,9.98,9.98万,9.56万,9.98万,1499.0,1.5,涡轮增压,L,4.0,,181.0,133.0,5500.0,290.0,2000,汽油,92#,缸内直喷,铝,国VI,7挡湿式双离合,7.0,湿式双离合变速箱（DCT）,210.0,7.1,5.9,4年或10万公里,,,,,,,,,,,,,,,,,4710,1795,1455,2670,1536.0,1538.0,,1325.0,三厢车,4.0,5.0,480.0,平开门,主 / 副,前 / 后,,主 / 副,,上下,大屏,USB/Type-C,,46180,仿皮,前 / 后,自动,46180,燃油
sg22679,32683.0,吉利汽车,73.0,吉利汽车,2928,缤瑞,72714,缤瑞COOL 1.5T DCT电掣版,2023,燃油,吉利汽车,紧凑型车,9.98,9.98万,9.56万,9.98万,1499.0,1.5,涡轮增压,L,4.0,,181.0,133.0,5500.0,290.0,2000,汽油,92#,缸内直喷,铝,国VI,7挡湿式双离合,7.0,湿式双离合变速箱（DCT）,210.0,7.1,5.9,4年或10万公里,,,,,,,,,,,,,,,,,4710,1795,1455,2670,1536.0,1538.0,,1325.0,三厢车,4.0,5.0,480.0,平开门,主 / 副,前 / 后,,主 / 副,,上下,大屏,USB/Type-C,,46180,仿皮,前 / 后,自动,46180,燃油
sg22679,26529.0,吉利汽车,73.0,吉利汽车,2928,缤瑞,91604,缤瑞COOL 1.5T DCT冠军版,2024,燃油,吉利汽车,紧凑型车,8.98,8.98万,7.28万,8.98万,1499.0,1.5,涡轮增压,L,4.0,,181.0,133.0,5500.0,290.0,2000,汽油,92#,缸内直喷,铝,国VI,7挡湿式双离合,7.0,湿式双离合变速箱（DCT）,210.0,7.1,5.9,4年或10万公里,,,,,,,,,,,,,,,,,4710,1795,1455,2670,1536.0,1538.0,,1325.0,三厢车,4.0,5.0,480.0,平开门,主 / 副,前 / 后,,主 / 副,,上下,大屏,USB/Type-C,,46180,仿皮,前 / 后,自动,46180,燃油
sg22679,11035.0,吉利汽车,73.0,吉利汽车,2928,缤瑞,91604,缤瑞COOL 1.5T DCT冠军版,2025,燃油,吉利汽车,紧凑型车,8.98,8.98万,7.28万,8.98万,1499.0,1.5,涡轮增压,L,4.0,,181.0,133.0,5500.0,290.0,2000,汽油,92#,缸内直喷,铝,国VI,7挡湿式双离合,7.0,湿式双离合变速箱（DCT）,210.0,7.1,5.9,4年或10万公里,,,,,,,,,,,,,,,,,4710,1795,1455,2670,1536.0,1538.0,,1325.0,三厢车,4.0,5.0,480.0,平开门,主 / 副,前 / 后,,主 / 副,,上下,大屏,USB/Type-C,,46180,仿皮,前 / 后,自动,46180,燃油
sg22679,4373.0,吉利汽车,73.0,吉利汽车,2928,缤瑞,91604,缤瑞COOL 1.5T DCT冠军版,2026,燃油,吉利汽车,紧凑型车,8.98,8.98万,7.28万,8.98万,1499.0,1.5,涡轮增压,L,4.0,,181.0,133.0,5500.0,290.0,2000,汽油,92#,缸内直喷,铝,国VI,7挡湿式双离合,7.0,湿式双离合变速箱（DCT）,210.0,7.1,5.9,4年或10万公里,,,,,,,,,,,,,,,,,4710,1795,1455,2670,1536.0,1538.0,,1325.0,三厢车,4.0,5.0,480.0,平开门,主 / 副,前 / 后,,主 / 副,,上下,大屏,USB/Type-C,,46180,仿皮,前 / 后,自动,46180,燃油
sg22683,33469.0,广汽传祺,40.0,广汽传祺,2832,传祺M6,80642,PRO 270T WDCT 精英版,2022,燃油,广汽传祺,紧凑型MPV,11.98,11.98万,8.48万,9.68万,1497.0,1.5,涡轮增压,L,4.0,钜浪动力高效燃烧系统,177.0,130.0,5500.0,270.0,1400,汽油,92#,缸内直喷,铝,国VI,7挡双离合,7.0,湿式双离合变速箱（DCT）,190.0,9.4,7.22,3年或10万公里,,,,,,,,,,,,,,,,,4793,1837,1730,2810,1580.0,1580.0,,1625.0,MPV,5.0,7.0,324.0,平开门,主 / 副,前 / 后,,主 / 副,,上下,大屏,USB/Type-C,,46117,织物,前 / 后,自动,46117,燃油
sg22683,53030.0,广汽传祺,40.0,广汽传祺,2832,传祺M6,80642,PRO 270T WDCT 精英版,2023,燃油,广汽传祺,紧凑型MPV,11.98,11.98万,8.48万,9.68万,1497.0,1.5,涡轮增压,L,4.0,钜浪动力高效燃烧系统,177.0,130.0,5500.0,270.0,1400,汽油,92#,缸内直喷,铝,国VI,7挡双离合,7.0,湿式双离合变速箱（DCT）,190.0,9.4,7.22,3年或10万公里,,,,,,,,,,,,,,,,,4793,1837,1730,2810,1580.0,1580.0,,1625.0,MPV,5.0,7.0,324.0,平开门,主 / 副,前 / 后,,主 / 副,,上下,大屏,USB/Type-C,,46117,织物,前 / 后,自动,46117,燃油
sg22683,50126.0,广汽传祺,40.0,广汽传祺,2832,传祺M6,80642,PRO 270T WDCT 精英版,2024,燃油,广汽传祺,紧凑型MPV,11.98,11.98万,8.48万,9.68万,1497.0,1.5,涡轮增压,L,4.0,钜浪动力高效燃烧系统,177.0,130.0,5500.0,270.0,1400,汽油,92#,缸内直喷,铝,国VI,7挡双离合,7.0,湿式双离合变速箱（DCT）,190.0,9.4,7.22,3年或10万公里,,,,,,,,,,,,,,,,,4793,1837,1730,2810,1580.0,1580.0,,1625.0,MPV,5.0,7.0,324.0,平开门,主 / 副,前 / 后,,主 / 副,,上下,大屏,USB/Type-C,,46117,织物,前 / 后,自动,46117,燃油
sg22683,25942.0,广汽传祺,40.0,广汽传祺,2832,传祺M6,249770,MAX 270T WDCT 豪华版,2025,燃油,广汽传祺,紧凑型MPV,13.28,13.28万,10.31万,10.98万,1497.0,1.5,涡轮增压,L,4.0,钜浪动力高效燃烧系统,177.0,130.0,5500.0,270.0,1400,汽油,92#,缸内直喷,铝,国VI,7挡双离合,7.0,湿式双离合变速箱（DCT）,190.0,9.4,,3年或10万公里,,,,,,,,,,,,,,,,,4793,1837,1730,2810,1580.0,1580.0,,1625.0,MPV,5.0,7.0,324.0,平开门,主 / 副,前 / 后,,主 / 副,,上下,,USB/Type-C,,46243,仿皮,前 / 后,自动,46243,燃油
sg22683,11522.0,广汽传祺,40.0,广汽传祺,2832,传祺M6,258847,MAX 1.5T 精英版,2026,燃油,广汽传祺,紧凑型MPV,9.98,9.98万,暂无报价,9.98万,1497.0,1.5,涡轮增压,L,4.0,钜浪动力高效燃烧系统,177.0,130.0,5500.0,270.0,1400,汽油,92#,缸内直喷,铝,国VI,7挡双离合,7.0,湿式双离合变速箱（DCT）,190.0,9.4,,3年或10万公里,,,,,,,,,,,,,,,,,4793,1837,1730,2810,1580.0,1580.0,,1625.0,MPV,5.0,7.0,324.0,平开门,主 / 副,前 / 后,,主 / 副,,上下,,USB/Type-C,,46180,仿皮,前 / 后,自动,46180,燃油
sg22703,11037.0,比亚迪,,比亚迪,sg22703,宋MAX新能源,pcauto_m111840,宋MAX新能源 2022款 DM-i 51KM 豪华型,2022,插电混动,比亚迪,MPV,14.78,14.78万,,,1498.0,1.5,自然吸气,直列,4.0,,110.0,81.0,,135.0,,插电混动,92号(原93号),多点电喷,铝合金,国VI,电子无级变速箱,,电子无级变速箱(E-CVT),160.0,8.5,,六年或15万公里,永磁同步,132.0,316.0,132.0,316.0,,,,,磷酸铁锂电池,8.3,43.0,13.2,首任车主不限年限/不限里程(责任免除条款以官方为准),快充:不支持/慢充:待定,,4710,1810,1690,2785,,,,1715.0,MPV,5.0,7.0,,平开门,,,,,皮质,上下+前后,,,,,仿皮,,自动,,
sg22755,5747.0,SWM斯威汽车,,SWM斯威汽车,sg22755,SWM斯威G01,pcauto_m117389,SWM斯威G01 2022款 改款 1.5T 7DCT 荣耀版,2022,燃油,SWM斯威汽车,紧凑型SUV,26.98,26.98万,,,1498.0,1.5,涡轮增压,直列,4.0,,156.0,110.0,,212.0,,汽油,92号(原93号),多点电喷,铸铁,国VI,湿式双离合,7.0,湿式双离合变速箱,,,,三年或6万公里,,,,,,,,,,,,,,,,,4610,1855,1740,2750,,,,1550.0,SUV,5.0,5.0,,,,,,,皮质,上下,,,,,仿皮,,自动,,
sg22795,37504.0,北京汽车,,北京汽车,sg22795,北京EU5,pcauto_m132133,北京EU5 2025款 鸿途标准版,2022,纯电动,北京汽车,紧凑型车,15.19,15.19万,,,,,,,,,,,,,,纯电动,,,,,固定齿比,1.0,固定齿比,150.0,,,三年或12万公里,永磁同步,120.0,240.0,120.0,240.0,,,,,三元锂电池,,401.0,,,快充:0.5小时/慢充:8.5小时,80.0,4650,1820,1520,2670,,,,1580.0,三厢车,4.0,5.0,,,,,,,塑料,上下,,,,,仿皮,,手动,,
sg22795,62154.0,北京汽车,,北京汽车,sg22795,北京EU5,pcauto_m132133,北京EU5 2025款 鸿途标准版,2023,纯电动,北京汽车,紧凑型车,15.19,15.19万,,,,,,,,,,,,,,纯电动,,,,,固定齿比,1.0,固定齿比,150.0,,,三年或12万公里,永磁同步,120.0,240.0,120.0,240.0,,,,,三元锂电池,,401.0,,,快充:0.5小时/慢充:8.5小时,80.0,4650,1820,1520,2670,,,,1580.0,三厢车,4.0,5.0,,,,,,,塑料,上下,,,,,仿皮,,手动,,
sg22795,26601.0,北京汽车,,北京汽车,sg22795,北京EU5,pcauto_m132133,北京EU5 2025款 鸿途标准版,2024,纯电动,北京汽车,紧凑型车,15.19,15.19万,,,,,,,,,,,,,,纯电动,,,,,固定齿比,1.0,固定齿比,150.0,,,三年或12万公里,永磁同步,120.0,240.0,120.0,240.0,,,,,三元锂电池,,401.0,,,快充:0.5小时/慢充:8.5小时,80.0,4650,1820,1520,2670,,,,1580.0,三厢车,4.0,5.0,,,,,,,塑料,上下,,,,,仿皮,,手动,,
sg22795,15524.0,北京汽车,,北京汽车,sg22795,北京EU5,pcauto_m132133,北京EU5 2025款 鸿途标准版,2025,纯电动,北京汽车,紧凑型车,15.19,15.19万,,,,,,,,,,,,,,纯电动,,,,,固定齿比,1.0,固定齿比,150.0,,,三年或12万公里,永磁同步,120.0,240.0,120.0,240.0,,,,,三元锂电池,,401.0,,,快充:0.5小时/慢充:8.5小时,80.0,4650,1820,1520,2670,,,,1580.0,三厢车,4.0,5.0,,,,,,,塑料,上下,,,,,仿皮,,手动,,
sg22795,852.0,北京汽车,,北京汽车,sg22795,北京EU5,pcauto_m132133,北京EU5 2025款 鸿途标准版,2026,纯电动,北京汽车,紧凑型车,15.19,15.19万,,,,,,,,,,,,,,纯电动,,,,,固定齿比,1.0,固定齿比,150.0,,,三年或12万公里,永磁同步,120.0,240.0,120.0,240.0,,,,,三元锂电池,,401.0,,,快充:0.5小时/慢充:8.5小时,80.0,4650,1820,1520,2670,,,,1580.0,三厢车,4.0,5.0,,,,,,,塑料,上下,,,,,仿皮,,手动,,
sg22803,3128.0,斯柯达,23.0,斯柯达,2826,柯米克,241049,1.5L 自动实力版,2025,燃油,上汽大众斯柯达,小型SUV,9.99,9.99万,暂无报价,7.39万,1498.0,1.5,自然吸气,L,4.0,,109.0,80.0,6200.0,141.0,4000,汽油,92#,多点电喷,铝,国VI b,6挡手自一体,6.0,手自一体变速箱(AT),178.0,14.5,,3年或10万公里,,,,,,,,,,,,,,,,,4390,1781,1593,2610,1522.0,1534.0,,1305.0,SUV,5.0,5.0,463.0,平开门,主 / 副,前 / 后,,主 / 副,,上下,大屏,USB/Type-C,,46117,织物,前 / 后,手动,46117,燃油
sg22813,92377.0,大众,1.0,大众,2835,探岳,257252,3000万辆甄选款 300TSI 两驱,2022,燃油,一汽-大众,中型SUV,19.89,19.89万,13.53万,13.19万,1498.0,1.5,涡轮增压,L,4.0,米勒循环,160.0,118.0,5500.0,250.0,1750,汽油,92#,缸内直喷,铝,国VI,7挡双离合,7.0,湿式双离合变速箱（DCT）,200.0,9.5,,3年或10万公里,,,,,,,,,,,,,,,,,4593,1860,1665,2731,1586.0,1576.0,,1632.0,SUV,5.0,5.0,506.0,平开门,主 / 副,前 / 后,,主 / 副,,上下+前后,大屏,USB/Type-C,,46180,仿皮,前 / 后,自动,46180,燃油
sg22813,125977.0,大众,1.0,大众,2835,探岳,257252,3000万辆甄选款 300TSI 两驱,2023,燃油,一汽-大众,中型SUV,19.89,19.89万,13.53万,13.19万,1498.0,1.5,涡轮增压,L,4.0,米勒循环,160.0,118.0,5500.0,250.0,1750,汽油,92#,缸内直喷,铝,国VI,7挡双离合,7.0,湿式双离合变速箱（DCT）,200.0,9.5,,3年或10万公里,,,,,,,,,,,,,,,,,4593,1860,1665,2731,1586.0,1576.0,,1632.0,SUV,5.0,5.0,506.0,平开门,主 / 副,前 / 后,,主 / 副,,上下+前后,大屏,USB/Type-C,,46180,仿皮,前 / 后,自动,46180,燃油
sg22813,164177.0,大众,1.0,大众,2835,探岳,257252,3000万辆甄选款 300TSI 两驱,2024,燃油,一汽-大众,中型SUV,19.89,19.89万,13.53万,13.19万,1498.0,1.5,涡轮增压,L,4.0,米勒循环,160.0,118.0,5500.0,250.0,1750,汽油,92#,缸内直喷,铝,国VI,7挡双离合,7.0,湿式双离合变速箱（DCT）,200.0,9.5,,3年或10万公里,,,,,,,,,,,,,,,,,4593,1860,1665,2731,1586.0,1576.0,,1632.0,SUV,5.0,5.0,506.0,平开门,主 / 副,前 / 后,,主 / 副,,上下+前后,大屏,USB/Type-C,,46180,仿皮,前 / 后,自动,46180,燃油
sg22813,173329.0,大众,1.0,大众,2835,探岳,257252,3000万辆甄选款 300TSI 两驱,2025,燃油,一汽-大众,中型SUV,19.89,19.89万,13.53万,13.19万,1498.0,1.5,涡轮增压,L,4.0,米勒循环,160.0,118.0,5500.0,250.0,1750,汽油,92#,缸内直喷,铝,国VI,7挡双离合,7.0,湿式双离合变速箱（DCT）,200.0,9.5,,3年或10万公里,,,,,,,,,,,,,,,,,4593,1860,1665,2731,1586.0,1576.0,,1632.0,SUV,5.0,5.0,506.0,平开门,主 / 副,前 / 后,,主 / 副,,上下+前后,大屏,USB/Type-C,,46180,仿皮,前 / 后,自动,46180,燃油
sg22813,73469.0,大众,1.0,大众,2835,探岳,257252,3000万辆甄选款 300TSI 两驱,2026,燃油,一汽-大众,中型SUV,19.89,19.89万,13.53万,13.19万,1498.0,1.5,涡轮增压,L,4.0,米勒循环,160.0,118.0,5500.0,250.0,1750,汽油,92#,缸内直喷,铝,国VI,7挡双离合,7.0,湿式双离合变速箱（DCT）,200.0,9.5,,3年或10万公里,,,,,,,,,,,,,,,,,4593,1860,1665,2731,1586.0,1576.0,,1632.0,SUV,5.0,5.0,506.0,平开门,主 / 副,前 / 后,,主 / 副,,上下+前后,大屏,USB/Type-C,,46180,仿皮,前 / 后,自动,46180,燃油
sg22814,6312.0,大众,,大众,sg22814,途观L新能源,pcauto_m140836,途观L新能源 2026款 ePro 豪华版,2022,插电混动,上汽大众,中型SUV,19.19,19.19万,,,1498.0,1.4,涡轮增压,直列,4.0,,129.0,95.0,,220.0,,插电混动,95号(原97号),直喷,铝合金,国VI,DHT变速箱,3.0,混合动力专用变速箱(DHT),180.0,8.6,,三年或10万公里,永磁同步,145.0,330.0,145.0,330.0,,,,,三元锂+磷酸锰铁锂电池,22.0,117.0,,八年或12万公里,快充:0.42小时/慢充:待定,30.0,4744,1842,1684,2791,,,,1870.0,SUV,5.0,5.0,,平开门,,,,,真皮,上下+前后,,,,,仿皮,,自动,,
sg22814,4864.0,大众,,大众,sg22814,途观L新能源,pcauto_m140836,途观L新能源 2026款 ePro 豪华版,2023,插电混动,上汽大众,中型SUV,19.19,19.19万,,,1498.0,1.4,涡轮增压,直列,4.0,,129.0,95.0,,220.0,,插电混动,95号(原97号),直喷,铝合金,国VI,DHT变速箱,3.0,混合动力专用变速箱(DHT),180.0,8.6,,三年或10万公里,永磁同步,145.0,330.0,145.0,330.0,,,,,三元锂+磷酸锰铁锂电池,22.0,117.0,,八年或12万公里,快充:0.42小时/慢充:待定,30.0,4744,1842,1684,2791,,,,1870.0,SUV,5.0,5.0,,平开门,,,,,真皮,上下+前后,,,,,仿皮,,自动,,
sg22814,1502.0,大众,,大众,sg22814,途观L新能源,pcauto_m140836,途观L新能源 2026款 ePro 豪华版,2024,插电混动,上汽大众,中型SUV,19.19,19.19万,,,1498.0,1.4,涡轮增压,直列,4.0,,129.0,95.0,,220.0,,插电混动,95号(原97号),直喷,铝合金,国VI,DHT变速箱,3.0,混合动力专用变速箱(DHT),180.0,8.6,,三年或10万公里,永磁同步,145.0,330.0,145.0,330.0,,,,,三元锂+磷酸锰铁锂电池,22.0,117.0,,八年或12万公里,快充:0.42小时/慢充:待定,30.0,4744,1842,1684,2791,,,,1870.0,SUV,5.0,5.0,,平开门,,,,,真皮,上下+前后,,,,,仿皮,,自动,,
sg22814,568.0,大众,,大众,sg22814,途观L新能源,pcauto_m140836,途观L新能源 2026款 ePro 豪华版,2025,插电混动,上汽大众,中型SUV,19.19,19.19万,,,1498.0,1.4,涡轮增压,直列,4.0,,129.0,95.0,,220.0,,插电混动,95号(原97号),直喷,铝合金,国VI,DHT变速箱,3.0,混合动力专用变速箱(DHT),180.0,8.6,,三年或10万公里,永磁同步,145.0,330.0,145.0,330.0,,,,,三元锂+磷酸锰铁锂电池,22.0,117.0,,八年或12万公里,快充:0.42小时/慢充:待定,30.0,4744,1842,1684,2791,,,,1870.0,SUV,5.0,5.0,,平开门,,,,,真皮,上下+前后,,,,,仿皮,,自动,,
sg22814,506.0,大众,,大众,sg22814,途观L新能源,pcauto_m140836,途观L新能源 2026款 ePro 豪华版,2026,插电混动,上汽大众,中型SUV,19.19,19.19万,,,1498.0,1.4,涡轮增压,直列,4.0,,129.0,95.0,,220.0,,插电混动,95号(原97号),直喷,铝合金,国VI,DHT变速箱,3.0,混合动力专用变速箱(DHT),180.0,8.6,,三年或10万公里,永磁同步,145.0,330.0,145.0,330.0,,,,,三元锂+磷酸锰铁锂电池,22.0,117.0,,八年或12万公里,快充:0.42小时/慢充:待定,30.0,4744,1842,1684,2791,,,,1870.0,SUV,5.0,5.0,,平开门,,,,,真皮,上下+前后,,,,,仿皮,,自动,,
sg22815,107980.0,大众,1.0,大众,2836,途岳,99594,300TSI 两驱新月版,2022,燃油,上汽大众,紧凑型SUV,15.86,15.86万,11.24万,10.69万,1498.0,1.5,涡轮增压,L,4.0,米勒循环,160.0,118.0,5500.0,250.0,1750,汽油,92#,缸内直喷,铝,国VI,7挡双离合,7.0,干式双离合变速箱（DCT）,200.0,9.7,4.7,3年或10万公里,,,,,,,,,,,,,,,,,4458,1841,1632,2680,1576.0,1541.0,150.0,1480.0,SUV,5.0,5.0,455.0,平开门,主 / 副,前 / 后,,主 / 副,,上下+前后,,USB/Type-C,,46117,织物,前 / 后,手动,46117,燃油
sg22815,99628.0,大众,1.0,大众,2836,途岳,99594,300TSI 两驱新月版,2023,燃油,上汽大众,紧凑型SUV,15.86,15.86万,11.24万,10.69万,1498.0,1.5,涡轮增压,L,4.0,米勒循环,160.0,118.0,5500.0,250.0,1750,汽油,92#,缸内直喷,铝,国VI,7挡双离合,7.0,干式双离合变速箱（DCT）,200.0,9.7,4.7,3年或10万公里,,,,,,,,,,,,,,,,,4458,1841,1632,2680,1576.0,1541.0,150.0,1480.0,SUV,5.0,5.0,455.0,平开门,主 / 副,前 / 后,,主 / 副,,上下+前后,,USB/Type-C,,46117,织物,前 / 后,手动,46117,燃油
sg22815,108259.0,大众,1.0,大众,2836,途岳,99594,300TSI 两驱新月版,2024,燃油,上汽大众,紧凑型SUV,15.86,15.86万,11.24万,10.69万,1498.0,1.5,涡轮增压,L,4.0,米勒循环,160.0,118.0,5500.0,250.0,1750,汽油,92#,缸内直喷,铝,国VI,7挡双离合,7.0,干式双离合变速箱（DCT）,200.0,9.7,4.7,3年或10万公里,,,,,,,,,,,,,,,,,4458,1841,1632,2680,1576.0,1541.0,150.0,1480.0,SUV,5.0,5.0,455.0,平开门,主 / 副,前 / 后,,主 / 副,,上下+前后,,USB/Type-C,,46117,织物,前 / 后,手动,46117,燃油
sg22815,148416.0,大众,1.0,大众,2836,途岳,248911,300TSI 两驱皓月版,2025,燃油,上汽大众,紧凑型SUV,17.16,17.16万,11.88万,11.06万,1498.0,1.5,涡轮增压,L,4.0,米勒循环,160.0,118.0,5500.0,250.0,1750,汽油,92#,缸内直喷,铝,国VI,7挡双离合,7.0,干式双离合变速箱（DCT）,200.0,9.7,4.7,3年或10万公里,,,,,,,,,,,,,,,,,4458,1841,1632,2680,1576.0,1541.0,150.0,1480.0,SUV,5.0,5.0,455.0,平开门,主 / 副,前 / 后,,主 / 副,,上下+前后,,USB/Type-C,,46180,仿皮,前 / 后,自动,46180,燃油
sg22815,50822.0,大众,1.0,大众,2836,途岳,250388,新锐 1.5L 锐进版,2026,燃油,上汽大众,紧凑型SUV,12.59,12.59万,7.85万,6.89万,1498.0,1.5,自然吸气,L,4.0,,110.0,81.0,6200.0,141.0,4100,汽油,92#,多点电喷,铝,国VI,6挡手自一体,6.0,手自一体变速箱(AT),182.0,,5.1,3年或10万公里,,,,,,,,,,,,,,,,,4355,1762,1605,2651,1535.0,1515.0,160.0,1275.0,SUV,5.0,5.0,445.0,平开门,主 / 副,前 / 后,,主 / 副,,上下+前后,,USB/Type-C,,46117,织物,前 / 后,手动,46117,燃油
sg22833,39408.0,别克,12.0,别克,3359,微蓝6,94675,430km 舒享版,2022,纯电动,上汽通用别克,紧凑型车,11.28,11.28万,8.26万,8.48万,,,,,,,,,,,,纯电动,,,,,电动车单速变速箱,1.0,固定齿比变速箱,170.0,,,3年或10万公里,永磁/同步,130.0,265.0,130.0,265.0,,,,,三元锂电池,52.5,430.0,13.1,80,0.67,8.0,4673,1817,1519,2660,1535.0,1546.0,,1620.0,两厢车,5.0,5.0,455.0,平开门,主 / 副,前 / 后,,主 / 副,,上下,,USB/Type-C,,46180,仿皮,前 / 后,自动,46180,纯电动
sg22833,42745.0,别克,12.0,别克,3359,微蓝6,94675,430km 舒享版,2023,纯电动,上汽通用别克,紧凑型车,11.28,11.28万,8.26万,8.48万,,,,,,,,,,,,纯电动,,,,,电动车单速变速箱,1.0,固定齿比变速箱,170.0,,,3年或10万公里,永磁/同步,130.0,265.0,130.0,265.0,,,,,三元锂电池,52.5,430.0,13.1,80,0.67,8.0,4673,1817,1519,2660,1535.0,1546.0,,1620.0,两厢车,5.0,5.0,455.0,平开门,主 / 副,前 / 后,,主 / 副,,上下,,USB/Type-C,,46180,仿皮,前 / 后,自动,46180,纯电动
sg22833,48878.0,别克,12.0,别克,3359,微蓝6,94675,430km 舒享版,2024,纯电动,上汽通用别克,紧凑型车,11.28,11.28万,8.26万,8.48万,,,,,,,,,,,,纯电动,,,,,电动车单速变速箱,1.0,固定齿比变速箱,170.0,,,3年或10万公里,永磁/同步,130.0,265.0,130.0,265.0,,,,,三元锂电池,52.5,430.0,13.1,80,0.67,8.0,4673,1817,1519,2660,1535.0,1546.0,,1620.0,两厢车,5.0,5.0,455.0,平开门,主 / 副,前 / 后,,主 / 副,,上下,,USB/Type-C,,46180,仿皮,前 / 后,自动,46180,纯电动
sg22833,4989.0,别克,12.0,别克,3359,微蓝6,94675,430km 舒享版,2025,纯电动,上汽通用别克,紧凑型车,11.28,11.28万,8.26万,8.48万,,,,,,,,,,,,纯电动,,,,,电动车单速变速箱,1.0,固定齿比变速箱,170.0,,,3年或10万公里,永磁/同步,130.0,265.0,130.0,265.0,,,,,三元锂电池,52.5,430.0,13.1,80,0.67,8.0,4673,1817,1519,2660,1535.0,1546.0,,1620.0,两厢车,5.0,5.0,455.0,平开门,主 / 副,前 / 后,,主 / 副,,上下,,USB/Type-C,,46180,仿皮,前 / 后,自动,46180,纯电动
sg22833,854.0,别克,12.0,别克,3359,微蓝6,94675,430km 舒享版,2026,纯电动,上汽通用别克,紧凑型车,11.28,11.28万,8.26万,8.48万,,,,,,,,,,,,纯电动,,,,,电动车单速变速箱,1.0,固定齿比变速箱,170.0,,,3年或10万公里,永磁/同步,130.0,265.0,130.0,265.0,,,,,三元锂电池,52.5,430.0,13.1,80,0.67,8.0,4673,1817,1519,2660,1535.0,1546.0,,1620.0,两厢车,5.0,5.0,455.0,平开门,主 / 副,前 / 后,,主 / 副,,上下,,USB/Type-C,,46180,仿皮,前 / 后,自动,46180,纯电动
sg22843,6535.0,长安凯程,,长安凯程,sg22843,长安欧尚A600,pcauto_m98481,长安欧尚A600 2020款 1.5L 手动创业型,2020,燃油,长安凯程,MPV,5.29,5.29万,,,1480.0,1.5,自然吸气,直列,4.0,,107.0,78.5,,145.0,,汽油,92号(原93号),多点电喷,铝合金,国VI,手动,5.0,手动,,,,两年或5万公里,,,,,,,,,,,,,,,,,4475,1725,1685,2680,,,,1325.0,MPV,5.0,5.0,,,,,,,,上下,,,,,织物,,手动,,
sg22857,3620.0,东风风光,95.0,东风风光,2813,风光ix5,46193,1.5T 手动都市活力版,2021,燃油,东风小康,中型SUV,9.98,9.98万,暂无报价,9.98万,1498.0,1.5,涡轮增压,L,4.0,,150.0,110.0,5600.0,220.0,1800,汽油,92#,多点电喷,铁,国VI,6挡手动,6.0,手动变速箱(MT),180.0,,7.5,7年或15万公里,,,,,,,,,,,,,,,,,4685,1865,1645,2790,1580.0,1570.0,200.0,1570.0,SUV,5.0,5.0,779.0,平开门,主 / 副,前 / 后,,主 / 副,,上下,大屏,USB/Type-C,,46180,仿皮,前 / 后,手动,46180,燃油
sg22857,6497.0,东风风光,95.0,东风风光,2813,风光ix5,74373,1.5T CVT都市豪情版,2022,燃油,东风小康,中型SUV,16.59,16.59万,14.69万,16.59万,1498.0,1.5,涡轮增压,L,4.0,,150.0,110.0,5600.0,220.0,1800,汽油,92#,多点电喷,铁,国VI,CVT无级变速,,无级变速箱(CVT),180.0,,7.3,7年或15万公里,,,,,,,,,,,,,,,,,4685,1865,1645,2790,1580.0,1570.0,200.0,1590.0,SUV,5.0,5.0,779.0,平开门,主 / 副,前 / 后,,主 / 副,,上下,大屏,USB/Type-C,,46117,仿皮,前 / 后,手动,46117,燃油
sg22883,841.0,捷豹,31.0,捷豹,2816,捷豹E-PACE,92606,青春运动版 R-DYNAMIC,2024,燃油,奇瑞捷豹路虎,紧凑型SUV,26.38,26.38万,暂无报价,26.38万,1498.0,1.5,涡轮增压,L,3.0,,200.0,147.0,5500.0,280.0,2000,48V轻混系统,95#,缸内直喷,铝,国VI,8挡手自一体,8.0,手自一体变速箱(AT),210.0,9.9,,3年或10万公里,,,,,,,,,,,,,,,,,4395,1900,1648,2681,1635.0,1634.0,162.0,1820.0,SUV,5.0,5.0,494.0,平开门,主 / 副,前 / 后,,主 / 副,,上下+前后,,USB/Type-C,,46180,仿皮,前 / 后,自动,46180,燃油
sg22894,111059.0,吉利汽车,73.0,吉利汽车,2975,缤越,110288,1.5L 手动超能版,2022,燃油,吉利汽车,小型SUV,6.68,6.68万,5.48万,5.88万,1499.0,1.5,自然吸气,L,4.0,DVVT,126.0,93.0,6300.0,152.0,4000,汽油,92#,缸内直喷,铝,国VI b,5挡手动,5.0,手动变速箱(MT),175.0,,6.35,4年或10万公里,,,,,,,,,,,,,,,,,4330,1800,1609,2600,1551.0,1562.0,,1255.0,SUV,5.0,5.0,820.0,平开门,主 / 副,前 / 后,,主 / 副,,上下,大屏,USB/Type-C,,46117,仿皮,前 / 后,手动,46117,燃油
sg22894,89920.0,吉利汽车,73.0,吉利汽车,2975,缤越,110288,1.5L 手动超能版,2023,燃油,吉利汽车,小型SUV,6.68,6.68万,5.48万,5.88万,1499.0,1.5,自然吸气,L,4.0,DVVT,126.0,93.0,6300.0,152.0,4000,汽油,92#,缸内直喷,铝,国VI b,5挡手动,5.0,手动变速箱(MT),175.0,,6.35,4年或10万公里,,,,,,,,,,,,,,,,,4330,1800,1609,2600,1551.0,1562.0,,1255.0,SUV,5.0,5.0,820.0,平开门,主 / 副,前 / 后,,主 / 副,,上下,大屏,USB/Type-C,,46117,仿皮,前 / 后,手动,46117,燃油
sg22894,85634.0,吉利汽车,73.0,吉利汽车,2975,缤越,110288,1.5L 手动超能版,2024,燃油,吉利汽车,小型SUV,6.68,6.68万,5.48万,5.88万,1499.0,1.5,自然吸气,L,4.0,DVVT,126.0,93.0,6300.0,152.0,4000,汽油,92#,缸内直喷,铝,国VI b,5挡手动,5.0,手动变速箱(MT),175.0,,6.35,4年或10万公里,,,,,,,,,,,,,,,,,4330,1800,1609,2600,1551.0,1562.0,,1255.0,SUV,5.0,5.0,820.0,平开门,主 / 副,前 / 后,,主 / 副,,上下,大屏,USB/Type-C,,46117,仿皮,前 / 后,手动,46117,燃油
sg22894,133888.0,吉利汽车,73.0,吉利汽车,2975,缤越,110288,1.5L 手动超能版,2025,燃油,吉利汽车,小型SUV,6.68,6.68万,5.48万,5.88万,1499.0,1.5,自然吸气,L,4.0,DVVT,126.0,93.0,6300.0,152.0,4000,汽油,92#,缸内直喷,铝,国VI b,5挡手动,5.0,手动变速箱(MT),175.0,,6.35,4年或10万公里,,,,,,,,,,,,,,,,,4330,1800,1609,2600,1551.0,1562.0,,1255.0,SUV,5.0,5.0,820.0,平开门,主 / 副,前 / 后,,主 / 副,,上下,大屏,USB/Type-C,,46117,仿皮,前 / 后,手动,46117,燃油
sg22894,66359.0,吉利汽车,73.0,吉利汽车,2975,缤越,110288,1.5L 手动超能版,2026,燃油,吉利汽车,小型SUV,6.68,6.68万,5.48万,5.88万,1499.0,1.5,自然吸气,L,4.0,DVVT,126.0,93.0,6300.0,152.0,4000,汽油,92#,缸内直喷,铝,国VI b,5挡手动,5.0,手动变速箱(MT),175.0,,6.35,4年或10万公里,,,,,,,,,,,,,,,,,4330,1800,1609,2600,1551.0,1562.0,,1255.0,SUV,5.0,5.0,820.0,平开门,主 / 副,前 / 后,,主 / 副,,上下,大屏,USB/Type-C,,46117,仿皮,前 / 后,手动,46117,燃油
sg22897,5526.0,东风风行,70.0,东风风行,2820,风行T5,94027,马赫版 1.5T DCT急驰版五座,2023,燃油,东风风行,紧凑型SUV,10.69,10.69万,暂无报价,9.19万,1476.0,1.5,涡轮增压,L,4.0,,197.0,145.0,5200.0,300.0,2000,汽油,92#,缸内直喷,铝,国VI,7挡湿式双离合,7.0,湿式双离合变速箱（DCT）,180.0,9.88,,8年或16万公里,,,,,,,,,,,,,,,,,4785,1872,1775,2753,1575.0,1575.0,195.0,1585.0,SUV,5.0,5.0,240.0,平开门,主 / 副,前 / 后,,主 / 副,,上下,大屏,USB/Type-C,,,织物,前 / 后,手动,,燃油
sg22897,2500.0,东风风行,70.0,东风风行,2820,风行T5,95852,盛世款 1.6L 手动筑梦版五座,2024,燃油,东风风行,紧凑型SUV,6.99,6.99万,5.80万,6.49万,1646.0,1.6,自然吸气,L,4.0,DVVT,122.0,90.0,5600.0,162.0,4000,汽油,92#,多点电喷,铁,国VI b,5挡手动,5.0,手动变速箱(MT),155.0,,,8年或16万公里,,,,,,,,,,,,,,,,,4545,1855,1765,2720,1540.0,1545.0,165.0,1395.0,SUV,5.0,5.0,453.0,平开门,主 / 副,前 / 后,,主 / 副,,上下,,USB/Type-C,,,织物,前 / 后,手动,,燃油
sg22904,931.0,海马郑州,,海马郑州,sg22904,海马8S,pcauto_m141467,海马8S 2026款 1.6TGDI 自动精英型 新上市,2022,燃油,海马郑州,紧凑型SUV,10.29,10.29万,,,1594.0,1.6,涡轮增压,直列,4.0,DVVT,195.0,143.0,,293.0,,汽油,92号(原93号),直喷,铝合金,国VI,手自一体,6.0,手自一体,180.0,,,五年或10万公里,,,,,,,,,,,,,,,,,4565,1850,1682,2700,,,,1560.0,SUV,5.0,5.0,,平开门,,,,,塑料,上下+前后,,,,,仿皮,,自动,,
sg22904,5016.0,海马郑州,,海马郑州,sg22904,海马8S,pcauto_m141467,海马8S 2026款 1.6TGDI 自动精英型 新上市,2023,燃油,海马郑州,紧凑型SUV,10.29,10.29万,,,1594.0,1.6,涡轮增压,直列,4.0,DVVT,195.0,143.0,,293.0,,汽油,92号(原93号),直喷,铝合金,国VI,手自一体,6.0,手自一体,180.0,,,五年或10万公里,,,,,,,,,,,,,,,,,4565,1850,1682,2700,,,,1560.0,SUV,5.0,5.0,,平开门,,,,,塑料,上下+前后,,,,,仿皮,,自动,,
sg22904,2002.0,海马郑州,,海马郑州,sg22904,海马8S,pcauto_m141467,海马8S 2026款 1.6TGDI 自动精英型 新上市,2024,燃油,海马郑州,紧凑型SUV,10.29,10.29万,,,1594.0,1.6,涡轮增压,直列,4.0,DVVT,195.0,143.0,,293.0,,汽油,92号(原93号),直喷,铝合金,国VI,手自一体,6.0,手自一体,180.0,,,五年或10万公里,,,,,,,,,,,,,,,,,4565,1850,1682,2700,,,,1560.0,SUV,5.0,5.0,,平开门,,,,,塑料,上下+前后,,,,,仿皮,,自动,,
sg22904,1487.0,海马郑州,,海马郑州,sg22904,海马8S,pcauto_m141467,海马8S 2026款 1.6TGDI 自动精英型 新上市,2025,燃油,海马郑州,紧凑型SUV,10.29,10.29万,,,1594.0,1.6,涡轮增压,直列,4.0,DVVT,195.0,143.0,,293.0,,汽油,92号(原93号),直喷,铝合金,国VI,手自一体,6.0,手自一体,180.0,,,五年或10万公里,,,,,,,,,,,,,,,,,4565,1850,1682,2700,,,,1560.0,SUV,5.0,5.0,,平开门,,,,,塑料,上下+前后,,,,,仿皮,,自动,,
sg22904,0.0,海马郑州,,海马郑州,sg22904,海马8S,pcauto_m141467,海马8S 2026款 1.6TGDI 自动精英型 新上市,2026,燃油,海马郑州,紧凑型SUV,10.29,10.29万,,,1594.0,1.6,涡轮增压,直列,4.0,DVVT,195.0,143.0,,293.0,,汽油,92号(原93号),直喷,铝合金,国VI,手自一体,6.0,手自一体,180.0,,,五年或10万公里,,,,,,,,,,,,,,,,,4565,1850,1682,2700,,,,1560.0,SUV,5.0,5.0,,平开门,,,,,塑料,上下+前后,,,,,仿皮,,自动,,
sg22941,8818.0,捷途,209.0,捷途,sg22941,捷途X90,34739,1.5T 手动优享型 5座 国V,2019,纯电动,奇瑞汽车,中型SUV,7.99,7.99万,7.67万,,1498.0,1.5,涡轮增压,L,4.0,DVVT,147.0,108.0,,210.0,,,92#,多点电喷,铁,国V,6挡手动,6.0,手动变速箱(MT),185.0,,,10年或20万公里,,,,,,,,,,,,,,,,,4840,1925,1718,2850,1608.0,1623.0,,1545.0,SUV,5.0,5.0,,平开门,主 / 副,前 / 后,,主 / 副,,上下,大屏,USB/Type-C,,46117,织物,前 / 后,手动,46117,6挡手动
sg22941,41818.0,捷途,209.0,捷途,sg22941,捷途X90,48136,1.5T 手动影驾版 5座,2020,纯电动,奇瑞汽车,中型SUV,8.99,8.99万,暂无报价,,1498.0,1.5,涡轮增压,L,4.0,DVVT,156.0,115.0,5500.0,230.0,1750-4000,,92#,多点电喷,铁,国VI b,6挡手动,6.0,手动变速箱(MT),180.0,,,10年或20万公里,,,,,,,,,,,,,,,,,4840,1925,1780,2850,1608.0,1623.0,,1595.0,SUV,5.0,5.0,,平开门,主 / 副,前 / 后,,主 / 副,,上下,大屏,USB/Type-C,,46117,织物,前 / 后,手动,46117,6挡手动
sg22941,29430.0,捷途,209.0,捷途,sg22941,捷途X90,52847,1.5T 手动影驾版 5座,2021,纯电动,奇瑞汽车,中型SUV,8.99,8.99万,暂无报价,,1498.0,1.5,涡轮增压,L,4.0,DVVT,156.0,115.0,5500.0,230.0,1750-4000,,92#,多点电喷,铁,国VI b,6挡手动,6.0,手动变速箱(MT),180.0,,,10年或20万公里,,,,,,,,,,,,,,,,,4840,1925,1780,2850,1608.0,1623.0,,1595.0,SUV,5.0,5.0,,平开门,主 / 副,前 / 后,,主 / 副,,上下,大屏,USB/Type-C,,46117,织物,前 / 后,手动,46117,6挡手动
sg22941,27515.0,捷途,209.0,捷途,sg22941,捷途X90,74320,1.5T 手动影捷版 5座,2022,纯电动,奇瑞汽车,中型SUV,8.89,8.89万,暂无报价,,1498.0,1.5,涡轮增压,L,4.0,DVVT,156.0,115.0,5500.0,230.0,1750-4000,,92#,多点电喷,铁,国VI,6挡手动,6.0,手动变速箱(MT),180.0,,,4年或10万公里,,,,,,,,,,,,,,,,,4840,1925,1780,2850,1610.0,1615.0,,1480.0,SUV,5.0,5.0,,平开门,主 / 副,前 / 后,,主 / 副,,上下,大屏,USB/Type-C,,46117,仿皮,前 / 后,手动,46117,6挡手动
sg22941,26473.0,捷途,209.0,捷途,sg22941,捷途X90,78404,子龙 2.0T DCT虎威版 5座,2023,纯电动,奇瑞汽车,中型SUV,13.99,13.99万,13.00万,,1998.0,2.0,涡轮增压,L,4.0,,254.0,187.0,5500.0,390.0,1750-4000,,92#,缸内直喷,铝,国VI b,7挡双离合,7.0,湿式双离合变速箱（DCT）,190.0,,,4年或10万公里,,,,,,,,,,,,,,,,,4858,1925,1780,2850,1610.0,1615.0,,1632.0,SUV,5.0,5.0,,平开门,主 / 副,前 / 后,,主 / 副,,上下+前后,大屏,USB/Type-C,,46180,仿皮,前 / 后,自动,46180,7挡双离合
sg22941,4025.0,捷途,209.0,捷途,sg22941,捷途X90,260102,1.5T 基本型,2026,纯电动,奇瑞汽车,中型SUV,11.49,暂无报价,暂无报价,暂无报价,,,,,,,,,,,,,,,,,,,,,,,,,,,,,,,,,,,,,,,,4840,1925,1718,2850,,,,,SUV,,6.0,,,主 / 副,前 / 后,,主 / 副,,,,,,,,前 / 后,：,,纯电动
sg22943,12569.0,起亚,13.0,起亚,2890,奕跑,253179,1.4L CVT趣享版,2022,燃油,起亚,小型SUV,7.98,7.98万,5.57万,5.59万,1368.0,1.4,自然吸气,L,4.0,D-CVVT,100.0,73.0,6500.0,132.0,4000,汽油,92#,多点电喷,铝,国VI b,CVT无级变速,,无级变速箱(CVT),176.0,,,3年或10万公里,,,,,,,,,,,,,,,,,4100,1735,1533,2570,1516.0,1526.0,185.0,1104.0,SUV,5.0,5.0,,平开门,主 / 副,前 / 后,,主 / 副,,上下,大屏,USB/Type-C,,46180,仿皮,前 / 后,手动,46180,燃油
sg22943,8689.0,起亚,13.0,起亚,2890,奕跑,253179,1.4L CVT趣享版,2023,燃油,起亚,小型SUV,7.98,7.98万,5.57万,5.59万,1368.0,1.4,自然吸气,L,4.0,D-CVVT,100.0,73.0,6500.0,132.0,4000,汽油,92#,多点电喷,铝,国VI b,CVT无级变速,,无级变速箱(CVT),176.0,,,3年或10万公里,,,,,,,,,,,,,,,,,4100,1735,1533,2570,1516.0,1526.0,185.0,1104.0,SUV,5.0,5.0,,平开门,主 / 副,前 / 后,,主 / 副,,上下,大屏,USB/Type-C,,46180,仿皮,前 / 后,手动,46180,燃油
sg22943,7500.0,起亚,13.0,起亚,2890,奕跑,253179,1.4L CVT趣享版,2024,燃油,起亚,小型SUV,7.98,7.98万,5.57万,5.59万,1368.0,1.4,自然吸气,L,4.0,D-CVVT,100.0,73.0,6500.0,132.0,4000,汽油,92#,多点电喷,铝,国VI b,CVT无级变速,,无级变速箱(CVT),176.0,,,3年或10万公里,,,,,,,,,,,,,,,,,4100,1735,1533,2570,1516.0,1526.0,185.0,1104.0,SUV,5.0,5.0,,平开门,主 / 副,前 / 后,,主 / 副,,上下,大屏,USB/Type-C,,46180,仿皮,前 / 后,手动,46180,燃油
sg22943,21186.0,起亚,13.0,起亚,2890,奕跑,253179,1.4L CVT趣享版,2025,燃油,起亚,小型SUV,7.98,7.98万,5.57万,5.59万,1368.0,1.4,自然吸气,L,4.0,D-CVVT,100.0,73.0,6500.0,132.0,4000,汽油,92#,多点电喷,铝,国VI b,CVT无级变速,,无级变速箱(CVT),176.0,,,3年或10万公里,,,,,,,,,,,,,,,,,4100,1735,1533,2570,1516.0,1526.0,185.0,1104.0,SUV,5.0,5.0,,平开门,主 / 副,前 / 后,,主 / 副,,上下,大屏,USB/Type-C,,46180,仿皮,前 / 后,手动,46180,燃油
sg22943,11439.0,起亚,13.0,起亚,2890,奕跑,253179,1.4L CVT趣享版,2026,燃油,起亚,小型SUV,7.98,7.98万,5.57万,5.59万,1368.0,1.4,自然吸气,L,4.0,D-CVVT,100.0,73.0,6500.0,132.0,4000,汽油,92#,多点电喷,铝,国VI b,CVT无级变速,,无级变速箱(CVT),176.0,,,3年或10万公里,,,,,,,,,,,,,,,,,4100,1735,1533,2570,1516.0,1526.0,185.0,1104.0,SUV,5.0,5.0,,平开门,主 / 副,前 / 后,,主 / 副,,上下,大屏,USB/Type-C,,46180,仿皮,前 / 后,手动,46180,燃油
sg22951,44728.0,奔驰,3.0,奔驰,2913,奔驰A级,99115,二次改款 A 180 L,2022,燃油,北京奔驰,紧凑型车,25.13,25.13万,15.00万,12.59万,1332.0,1.3,涡轮增压,L,4.0,,136.0,100.0,5500.0,230.0,1660,汽油,95#,缸内直喷,铝,国VI,7挡湿式双离合,7.0,湿式双离合变速箱（DCT）,218.0,10.1,6.06,3年不限公里,,,,,,,,,,,,,,,,,4630,1796,1459,2789,1569.0,1558.0,,1412.0,三厢车,4.0,5.0,405.0,平开门,主 / 副,前 / 后,,主 / 副,,上下+前后,大屏,USB/Type-C,,46180,仿皮,前 / 后,自动,46180,燃油
sg22951,46864.0,奔驰,3.0,奔驰,2913,奔驰A级,99115,二次改款 A 180 L,2023,燃油,北京奔驰,紧凑型车,25.13,25.13万,15.00万,12.59万,1332.0,1.3,涡轮增压,L,4.0,,136.0,100.0,5500.0,230.0,1660,汽油,95#,缸内直喷,铝,国VI,7挡湿式双离合,7.0,湿式双离合变速箱（DCT）,218.0,10.1,6.06,3年不限公里,,,,,,,,,,,,,,,,,4630,1796,1459,2789,1569.0,1558.0,,1412.0,三厢车,4.0,5.0,405.0,平开门,主 / 副,前 / 后,,主 / 副,,上下+前后,大屏,USB/Type-C,,46180,仿皮,前 / 后,自动,46180,燃油
sg22951,29728.0,奔驰,3.0,奔驰,2913,奔驰A级,99115,二次改款 A 180 L,2024,燃油,北京奔驰,紧凑型车,25.13,25.13万,15.00万,12.59万,1332.0,1.3,涡轮增压,L,4.0,,136.0,100.0,5500.0,230.0,1660,汽油,95#,缸内直喷,铝,国VI,7挡湿式双离合,7.0,湿式双离合变速箱（DCT）,218.0,10.1,6.06,3年不限公里,,,,,,,,,,,,,,,,,4630,1796,1459,2789,1569.0,1558.0,,1412.0,三厢车,4.0,5.0,405.0,平开门,主 / 副,前 / 后,,主 / 副,,上下+前后,大屏,USB/Type-C,,46180,仿皮,前 / 后,自动,46180,燃油
sg22951,14618.0,奔驰,3.0,奔驰,2913,奔驰A级,253091,A 180 L,2025,燃油,北京奔驰,紧凑型车,25.13,25.13万,14.35万,25.13万,1332.0,1.3,涡轮增压,L,4.0,米勒循环,136.0,100.0,5500.0,230.0,1660,汽油,95#,缸内直喷,铝,国VI,7挡湿式双离合,7.0,湿式双离合变速箱（DCT）,218.0,10.1,6.06,3年不限公里,,,,,,,,,,,,,,,,,4630,1796,1459,2789,1569.0,1558.0,,1412.0,三厢车,4.0,5.0,405.0,平开门,主 / 副,前 / 后,,主 / 副,,上下+前后,大屏,USB/Type-C,,46180,仿皮,前 / 后,自动,46180,燃油
sg22951,1298.0,奔驰,3.0,奔驰,2913,奔驰A级,253091,A 180 L,2026,燃油,北京奔驰,紧凑型车,25.13,25.13万,14.35万,25.13万,1332.0,1.3,涡轮增压,L,4.0,米勒循环,136.0,100.0,5500.0,230.0,1660,汽油,95#,缸内直喷,铝,国VI,7挡湿式双离合,7.0,湿式双离合变速箱（DCT）,218.0,10.1,6.06,3年不限公里,,,,,,,,,,,,,,,,,4630,1796,1459,2789,1569.0,1558.0,,1412.0,三厢车,4.0,5.0,405.0,平开门,主 / 副,前 / 后,,主 / 副,,上下+前后,大屏,USB/Type-C,,46180,仿皮,前 / 后,自动,46180,燃油
sg22969,24386.0,吉利汽车,73.0,吉利汽车,2880,吉利ICON,249563,1.5TD 巧克力醇巧版,2022,燃油,吉利汽车,小型SUV,8.98,8.98万,8.32万,7.98万,1499.0,1.5,涡轮增压,L,4.0,,181.0,133.0,5500.0,290.0,2000,汽油,92#,缸内直喷,铝,国VI b,7挡双离合,7.0,湿式双离合变速箱（DCT）,200.0,7.9,,4年或10万公里,,,,,,,,,,,,,,,,,4350,1815,1620,2640,1552.0,1566.0,,1415.0,SUV,5.0,5.0,,平开门,主 / 副,前 / 后,,主 / 副,,上下,,USB/Type-C,,46180,仿皮,前 / 后,自动,46180,燃油
sg22969,19238.0,吉利汽车,73.0,吉利汽车,2880,吉利ICON,249563,1.5TD 巧克力醇巧版,2023,燃油,吉利汽车,小型SUV,8.98,8.98万,8.32万,7.98万,1499.0,1.5,涡轮增压,L,4.0,,181.0,133.0,5500.0,290.0,2000,汽油,92#,缸内直喷,铝,国VI b,7挡双离合,7.0,湿式双离合变速箱（DCT）,200.0,7.9,,4年或10万公里,,,,,,,,,,,,,,,,,4350,1815,1620,2640,1552.0,1566.0,,1415.0,SUV,5.0,5.0,,平开门,主 / 副,前 / 后,,主 / 副,,上下,,USB/Type-C,,46180,仿皮,前 / 后,自动,46180,燃油
sg22969,13458.0,吉利汽车,73.0,吉利汽车,2880,吉利ICON,249563,1.5TD 巧克力醇巧版,2024,燃油,吉利汽车,小型SUV,8.98,8.98万,8.32万,7.98万,1499.0,1.5,涡轮增压,L,4.0,,181.0,133.0,5500.0,290.0,2000,汽油,92#,缸内直喷,铝,国VI b,7挡双离合,7.0,湿式双离合变速箱（DCT）,200.0,7.9,,4年或10万公里,,,,,,,,,,,,,,,,,4350,1815,1620,2640,1552.0,1566.0,,1415.0,SUV,5.0,5.0,,平开门,主 / 副,前 / 后,,主 / 副,,上下,,USB/Type-C,,46180,仿皮,前 / 后,自动,46180,燃油
sg22969,20200.0,吉利汽车,73.0,吉利汽车,2880,吉利ICON,249563,1.5TD 巧克力醇巧版,2025,燃油,吉利汽车,小型SUV,8.98,8.98万,8.32万,7.98万,1499.0,1.5,涡轮增压,L,4.0,,181.0,133.0,5500.0,290.0,2000,汽油,92#,缸内直喷,铝,国VI b,7挡双离合,7.0,湿式双离合变速箱（DCT）,200.0,7.9,,4年或10万公里,,,,,,,,,,,,,,,,,4350,1815,1620,2640,1552.0,1566.0,,1415.0,SUV,5.0,5.0,,平开门,主 / 副,前 / 后,,主 / 副,,上下,,USB/Type-C,,46180,仿皮,前 / 后,自动,46180,燃油
sg22969,4363.0,吉利汽车,73.0,吉利汽车,2880,吉利ICON,249563,1.5TD 巧克力醇巧版,2026,燃油,吉利汽车,小型SUV,8.98,8.98万,8.32万,7.98万,1499.0,1.5,涡轮增压,L,4.0,,181.0,133.0,5500.0,290.0,2000,汽油,92#,缸内直喷,铝,国VI b,7挡双离合,7.0,湿式双离合变速箱（DCT）,200.0,7.9,,4年或10万公里,,,,,,,,,,,,,,,,,4350,1815,1620,2640,1552.0,1566.0,,1415.0,SUV,5.0,5.0,,平开门,主 / 副,前 / 后,,主 / 副,,上下,,USB/Type-C,,46180,仿皮,前 / 后,自动,46180,燃油
sg22970,3405.0,现代,,现代,sg22970,LA FESTA菲斯塔,pcauto_m117813,LA FESTA菲斯塔 2023款 270T N Line GLX精英版,2023,燃油,北京现代,紧凑型车,13.88,13.88万,,,1497.0,1.5,涡轮增压,直列,4.0,,200.0,147.0,,253.0,,汽油,92号(原93号),直喷,铝合金,国VI,干式双离合,7.0,干式双离合变速箱,220.0,,,三年或10万公里,,,,,,,,,,,,,,,,,4690,1790,1425,2700,,,,1420.0,三厢车,4.0,5.0,,平开门,,,,,皮质,上下+前后,,,,,皮/翻毛皮混搭,,手动,,
sg22980,74550.0,本田,9.0,本田,2875,英仕派,243909,260TURBO 典雅版,2022,燃油,东风本田,中型车,18.28,18.28万,12.21万,12.88万,1498.0,1.5,涡轮增压,L,4.0,VTEC,192.0,141.0,6000.0,260.0,1700,汽油,92#,缸内直喷,铝,国VI,CVT无级变速,,无级变速箱(CVT),186.0,,6.71,3年或10万公里,,,,,,,,,,,,,,,,,4979,1862,1449,2830,1591.0,1613.0,,1514.0,三厢车,4.0,5.0,,平开门,主 / 副,前 / 后,,主 / 副,,上下+前后,大屏,USB/Type-C,,46117,仿皮,前 / 后,自动,46117,燃油
sg22980,53988.0,本田,9.0,本田,2875,英仕派,243909,260TURBO 典雅版,2023,燃油,东风本田,中型车,18.28,18.28万,12.21万,12.88万,1498.0,1.5,涡轮增压,L,4.0,VTEC,192.0,141.0,6000.0,260.0,1700,汽油,92#,缸内直喷,铝,国VI,CVT无级变速,,无级变速箱(CVT),186.0,,6.71,3年或10万公里,,,,,,,,,,,,,,,,,4979,1862,1449,2830,1591.0,1613.0,,1514.0,三厢车,4.0,5.0,,平开门,主 / 副,前 / 后,,主 / 副,,上下+前后,大屏,USB/Type-C,,46117,仿皮,前 / 后,自动,46117,燃油
sg22980,41556.0,本田,9.0,本田,2875,英仕派,243909,260TURBO 典雅版,2024,燃油,东风本田,中型车,18.28,18.28万,12.21万,12.88万,1498.0,1.5,涡轮增压,L,4.0,VTEC,192.0,141.0,6000.0,260.0,1700,汽油,92#,缸内直喷,铝,国VI,CVT无级变速,,无级变速箱(CVT),186.0,,6.71,3年或10万公里,,,,,,,,,,,,,,,,,4979,1862,1449,2830,1591.0,1613.0,,1514.0,三厢车,4.0,5.0,,平开门,主 / 副,前 / 后,,主 / 副,,上下+前后,大屏,USB/Type-C,,46117,仿皮,前 / 后,自动,46117,燃油
sg22980,48552.0,本田,9.0,本田,2875,英仕派,243909,260TURBO 典雅版,2025,燃油,东风本田,中型车,18.28,18.28万,12.21万,12.88万,1498.0,1.5,涡轮增压,L,4.0,VTEC,192.0,141.0,6000.0,260.0,1700,汽油,92#,缸内直喷,铝,国VI,CVT无级变速,,无级变速箱(CVT),186.0,,6.71,3年或10万公里,,,,,,,,,,,,,,,,,4979,1862,1449,2830,1591.0,1613.0,,1514.0,三厢车,4.0,5.0,,平开门,主 / 副,前 / 后,,主 / 副,,上下+前后,大屏,USB/Type-C,,46117,仿皮,前 / 后,自动,46117,燃油
sg22980,16078.0,本田,9.0,本田,2875,英仕派,258559,1.5T 典雅版,2026,燃油,东风本田,中型车,18.28,18.28万,11.00万,12.88万,1498.0,1.5,涡轮增压,L,4.0,VTEC,192.0,141.0,6000.0,260.0,1700,汽油,92#,缸内直喷,铝,国VI,CVT无级变速,,无级变速箱(CVT),186.0,,6.71,3年或10万公里,,,,,,,,,,,,,,,,,4979,1862,1449,2830,1591.0,1613.0,,1514.0,三厢车,4.0,5.0,,平开门,主 / 副,前 / 后,,主 / 副,,上下+前后,大屏,USB/Type-C,,46117,仿皮,前 / 后,自动,46117,燃油
sg22988,2233.0,星途,251.0,星途,3083,星途追风,93857,1.5T CVT好事花生版,2024,燃油,星途,紧凑型SUV,13.19,13.19万,10.97万,13.19万,1498.0,1.5,涡轮增压,L,4.0,,156.0,115.0,5500.0,230.0,1750,汽油,92#,多点电喷,铁,国VI b,CVT无级变速,,无级变速箱(CVT),186.0,9.7,,3年或10万公里,,,,,,,,,,,,,,,,,4538,1848,1699,2670,1570.0,1570.0,,1470.0,SUV,5.0,5.0,,平开门,主 / 副,前 / 后,,主 / 副,,上下+前后,,USB/Type-C,,46117,仿皮,前 / 后,自动,46117,燃油
sg22988,1657.0,星途,251.0,星途,3083,星途追风,246109,1.5T CVT好事连连版,2025,燃油,星途,紧凑型SUV,15.28,15.28万,暂无报价,15.28万,1498.0,1.5,涡轮增压,L,4.0,,156.0,115.0,5500.0,230.0,1750,汽油,92#,多点电喷,铁,国VI b,CVT无级变速,,无级变速箱(CVT),186.0,9.7,,3年或10万公里,,,,,,,,,,,,,,,,,4538,1848,1699,2670,1570.0,1570.0,,1470.0,SUV,5.0,5.0,,平开门,主 / 副,前 / 后,,主 / 副,,上下+前后,,USB/Type-C,,46117,仿皮,前 / 后,自动,46117,燃油
sg23054,133423.0,奥迪,2.0,奥迪,2916,奥迪Q5L,254684,2.0T 智混豪华型,2022,插电混动,一汽奥迪,中型SUV,30.98,30.98万,30.44万,29.18万,1984.0,2.0,涡轮增压,L,4.0,米勒循环、可变截面涡轮,204.0,150.0,4300.0,340.0,2000,油电混合,95#,缸内直喷,铁,国VI b,7挡双离合,7.0,湿式双离合变速箱（DCT）,220.0,7.1,,3年或10万公里,永磁/同步,18.0,230.0,18.0,230.0,,,,,,,,,,,,4842,1900,1660,2945,1621.0,1613.0,159.0,2043.0,SUV,5.0,5.0,494.0,平开门,主 / 副,前 / 后,,主 / 副,,上下+前后,大屏,USB/Type-C,,,仿皮,前 / 后,自动,,插电混动
sg23054,139481.0,奥迪,2.0,奥迪,2916,奥迪Q5L,254684,2.0T 智混豪华型,2023,插电混动,一汽奥迪,中型SUV,30.98,30.98万,30.44万,29.18万,1984.0,2.0,涡轮增压,L,4.0,米勒循环、可变截面涡轮,204.0,150.0,4300.0,340.0,2000,油电混合,95#,缸内直喷,铁,国VI b,7挡双离合,7.0,湿式双离合变速箱（DCT）,220.0,7.1,,3年或10万公里,永磁/同步,18.0,230.0,18.0,230.0,,,,,,,,,,,,4842,1900,1660,2945,1621.0,1613.0,159.0,2043.0,SUV,5.0,5.0,494.0,平开门,主 / 副,前 / 后,,主 / 副,,上下+前后,大屏,USB/Type-C,,,仿皮,前 / 后,自动,,插电混动
sg23054,147224.0,奥迪,2.0,奥迪,2916,奥迪Q5L,254684,2.0T 智混豪华型,2024,插电混动,一汽奥迪,中型SUV,30.98,30.98万,30.44万,29.18万,1984.0,2.0,涡轮增压,L,4.0,米勒循环、可变截面涡轮,204.0,150.0,4300.0,340.0,2000,油电混合,95#,缸内直喷,铁,国VI b,7挡双离合,7.0,湿式双离合变速箱（DCT）,220.0,7.1,,3年或10万公里,永磁/同步,18.0,230.0,18.0,230.0,,,,,,,,,,,,4842,1900,1660,2945,1621.0,1613.0,159.0,2043.0,SUV,5.0,5.0,494.0,平开门,主 / 副,前 / 后,,主 / 副,,上下+前后,大屏,USB/Type-C,,,仿皮,前 / 后,自动,,插电混动
sg23054,133589.0,奥迪,2.0,奥迪,2916,奥迪Q5L,254684,2.0T 智混豪华型,2025,插电混动,一汽奥迪,中型SUV,30.98,30.98万,30.44万,29.18万,1984.0,2.0,涡轮增压,L,4.0,米勒循环、可变截面涡轮,204.0,150.0,4300.0,340.0,2000,油电混合,95#,缸内直喷,铁,国VI b,7挡双离合,7.0,湿式双离合变速箱（DCT）,220.0,7.1,,3年或10万公里,永磁/同步,18.0,230.0,18.0,230.0,,,,,,,,,,,,4842,1900,1660,2945,1621.0,1613.0,159.0,2043.0,SUV,5.0,5.0,494.0,平开门,主 / 副,前 / 后,,主 / 副,,上下+前后,大屏,USB/Type-C,,,仿皮,前 / 后,自动,,插电混动
sg23054,51363.0,奥迪,2.0,奥迪,2916,奥迪Q5L,254684,2.0T 智混豪华型,2026,插电混动,一汽奥迪,中型SUV,30.98,30.98万,30.44万,29.18万,1984.0,2.0,涡轮增压,L,4.0,米勒循环、可变截面涡轮,204.0,150.0,4300.0,340.0,2000,油电混合,95#,缸内直喷,铁,国VI b,7挡双离合,7.0,湿式双离合变速箱（DCT）,220.0,7.1,,3年或10万公里,永磁/同步,18.0,230.0,18.0,230.0,,,,,,,,,,,,4842,1900,1660,2945,1621.0,1613.0,159.0,2043.0,SUV,5.0,5.0,494.0,平开门,主 / 副,前 / 后,,主 / 副,,上下+前后,大屏,USB/Type-C,,,仿皮,前 / 后,自动,,插电混动
sg23063,9131.0,凯迪拉克,30.0,凯迪拉克,2971,凯迪拉克XT4,248521,改款 25T 两驱都会型,2024,燃油,上汽通用凯迪拉克,紧凑型SUV,22.97,22.97万,暂无报价,15.49万,1498.0,1.5,涡轮增压,L,4.0,,211.0,155.0,5500.0,270.0,1750,48V轻混系统,92#,缸内直喷,铝,国VI b,9挡手自一体,9.0,手自一体变速箱(AT),205.0,8.9,7.44,3年不限公里,,,,,,,,,,,,,,,,,4602,1881,1630,2779,1610.0,1613.0,152.0,1667.0,SUV,5.0,5.0,460.0,平开门,主 / 副,前 / 后,,主 / 副,,上下+前后,大屏,USB/Type-C,,46180,皮织混搭,前 / 后,自动,46180,燃油
sg23063,4338.0,凯迪拉克,30.0,凯迪拉克,2971,凯迪拉克XT4,256598,25T 两驱都会型,2026,燃油,上汽通用凯迪拉克,紧凑型SUV,22.97,22.97万,16.77万,15.49万,1498.0,1.5,涡轮增压,L,4.0,,211.0,155.0,5500.0,270.0,1750,48V轻混系统,92#,缸内直喷,铝,国VI b,9挡手自一体,9.0,手自一体变速箱(AT),205.0,8.9,7.44,3年不限公里,,,,,,,,,,,,,,,,,4602,1881,1630,2779,1610.0,1613.0,152.0,1667.0,SUV,5.0,5.0,460.0,平开门,主 / 副,前 / 后,,主 / 副,,上下+前后,大屏,USB/Type-C,,46180,皮织混搭,前 / 后,自动,46180,燃油
sg23253,10777.0,雪佛兰,,雪佛兰,sg23253,沃兰多,pcauto_m98511,沃兰多 2020款 轻混 530T 自动劲享版（5座款）,2020,燃油,上汽通用雪佛兰,紧凑型车,13.69,13.69万,,,1349.0,1.3,涡轮增压,直列,3.0,48V+启发电机,163.0,120.0,,230.0,,汽油,92号(原93号),多点电喷,铝合金,国VI,手自一体,6.0,手自一体,190.0,,,三年或10万公里,,,,,,,,,,磷酸铁锂电池,,,,,,,4684,1807,1628,2796,,,,1470.0,两厢车,5.0,5.0,,,,,,,塑料,上下,,,,,织物,,自动,,
sg23253,3488.0,雪佛兰,,雪佛兰,sg23253,沃兰多,pcauto_m98511,沃兰多 2020款 轻混 530T 自动劲享版（5座款）,2022,燃油,上汽通用雪佛兰,紧凑型车,13.69,13.69万,,,1349.0,1.3,涡轮增压,直列,3.0,48V+启发电机,163.0,120.0,,230.0,,汽油,92号(原93号),多点电喷,铝合金,国VI,手自一体,6.0,手自一体,190.0,,,三年或10万公里,,,,,,,,,,磷酸铁锂电池,,,,,,,4684,1807,1628,2796,,,,1470.0,两厢车,5.0,5.0,,,,,,,塑料,上下,,,,,织物,,自动,,
sg23253,1810.0,雪佛兰,,雪佛兰,sg23253,沃兰多,pcauto_m98511,沃兰多 2020款 轻混 530T 自动劲享版（5座款）,2023,燃油,上汽通用雪佛兰,紧凑型车,13.69,13.69万,,,1349.0,1.3,涡轮增压,直列,3.0,48V+启发电机,163.0,120.0,,230.0,,汽油,92号(原93号),多点电喷,铝合金,国VI,手自一体,6.0,手自一体,190.0,,,三年或10万公里,,,,,,,,,,磷酸铁锂电池,,,,,,,4684,1807,1628,2796,,,,1470.0,两厢车,5.0,5.0,,,,,,,塑料,上下,,,,,织物,,自动,,
sg23273,1275.0,长安,,长安,sg23273,长安CS85 COUPE,pcauto_m117063,长安CS85 COUPE 2023款 1.5T DCT精英型,2023,燃油,长安汽车,中型SUV,11.99,11.99万,,,1494.0,1.5,涡轮增压,直列,4.0,,188.0,138.0,,300.0,,汽油,92号(原93号),直喷,铝合金,国VI,湿式双离合,7.0,湿式双离合变速箱,200.0,,,三年或10万公里,,,,,,,,,,,,,,,,,4728,1845,1665,2705,,,,1560.0,SUV,5.0,5.0,,平开门,,,,,皮质,上下+前后,,,,,仿皮,,自动,,
sg23313,5424.0,启辰,,启辰,sg23313,启辰T60,pcauto_m112187,启辰T60 2022款 1.6L 手动智观版,2022,燃油,东风日产 启辰,小型SUV,8.68,8.68万,,,1598.0,1.6,自然吸气,直列,4.0,连续可变气门正时,126.0,93.0,,168.0,,汽油,92号(原93号),多点电喷,铝合金,国VI,手动,5.0,手动,180.0,,,三年或10万公里,,,,,,,,,,,,,,,,,4412,1820,1679,2640,,,,1254.0,SUV,5.0,5.0,,,,,,,塑料,上下,,,,,仿皮,,手动,,
sg23313,1432.0,启辰,,启辰,sg23313,启辰T60,pcauto_m112187,启辰T60 2022款 1.6L 手动智观版,2023,燃油,东风日产 启辰,小型SUV,8.68,8.68万,,,1598.0,1.6,自然吸气,直列,4.0,连续可变气门正时,126.0,93.0,,168.0,,汽油,92号(原93号),多点电喷,铝合金,国VI,手动,5.0,手动,180.0,,,三年或10万公里,,,,,,,,,,,,,,,,,4412,1820,1679,2640,,,,1254.0,SUV,5.0,5.0,,,,,,,塑料,上下,,,,,仿皮,,手动,,
sg23313,3.0,启辰,,启辰,sg23313,启辰T60,pcauto_m112187,启辰T60 2022款 1.6L 手动智观版,2024,燃油,东风日产 启辰,小型SUV,8.68,8.68万,,,1598.0,1.6,自然吸气,直列,4.0,连续可变气门正时,126.0,93.0,,168.0,,汽油,92号(原93号),多点电喷,铝合金,国VI,手动,5.0,手动,180.0,,,三年或10万公里,,,,,,,,,,,,,,,,,4412,1820,1679,2640,,,,1254.0,SUV,5.0,5.0,,,,,,,塑料,上下,,,,,仿皮,,手动,,
sg23323,43242.0,蔚来,112.0,蔚来,2843,蔚来ES6,248412,100kWh,2025,纯电动,蔚来,中型SUV,33.8,33.80万,暂无报价,33.80万,,,,,,,,,,,,纯电动,,,,,电动车单速变速箱,1.0,固定齿比变速箱,200.0,4.5,,3年或12万公里,前感应/异步后永磁/同步,360.0,700.0,150.0,280.0,210.0,420.0,,,,,650.0,,,,,4854,1995,1703,2915,1711.0,1711.0,165.0,2336.0,SUV,5.0,5.0,582.0,平开门,主 / 副,前 / 后,,主 / 副,,上下+前后,,USB/Type-C,,12以上,真皮,前 / 后,自动,12以上,纯电动
sg23323,8933.0,蔚来,112.0,蔚来,2843,蔚来ES6,257416,100kWh,2026,纯电动,蔚来,中型SUV,33.8,33.80万,暂无报价,33.80万,,,,,,,,,,,,纯电动,,,,,电动车单速变速箱,1.0,固定齿比变速箱,200.0,4.5,,3年或12万公里,前感应/异步后永磁/同步,360.0,700.0,150.0,280.0,210.0,420.0,,,,,650.0,,,,,4854,1995,1703,2915,1711.0,1711.0,165.0,2336.0,SUV,5.0,5.0,582.0,平开门,主 / 副,前 / 后,,主 / 副,,上下+前后,,USB/Type-C,,12以上,真皮,前 / 后,自动,12以上,纯电动
sg23384,33835.0,福特,,福特,sg23384,领界,pcauto_m112989,领界 2021款 领界S EcoBoost 145 CVT 智领型,2021,燃油,江铃福特,紧凑型SUV,12.98,12.98万,,,1490.0,1.5,涡轮增压,直列,4.0,,140.0,103.0,,225.0,,汽油,92号(原93号),直喷,铸铁,国VI,无级变速,,无级变速,,,,三年或10万公里,,,,,,,,,,,,,,,,,4580,1936,1674,2716,,,,1560.0,SUV,5.0,5.0,,,,,,,皮质,上下,,,,,仿皮,,自动,,
sg23393,74714.0,荣威,36.0,荣威,3041,荣威i5,240402,1.5L CVT尊荣版,2022,燃油,上汽集团,紧凑型车,8.59,8.59万,6.34万,6.59万,1495.0,1.5,自然吸气,L,4.0,,129.0,95.0,6000.0,158.0,4500,汽油,92#,缸内直喷,铝,国VI,CVT无级变速(模拟8挡),,无级变速箱(CVT),180.0,,,4年或15万公里,,,,,,,,,,,,,,,,,4676,1838,1498,2680,1544.0,1548.0,,1240.0,三厢车,4.0,5.0,422.0,平开门,主 / 副,前 / 后,,主 / 副,,上下,,USB/Type-C,,46117,仿皮,前 / 后,手动,46117,燃油
sg23393,53925.0,荣威,36.0,荣威,3041,荣威i5,240402,1.5L CVT尊荣版,2023,燃油,上汽集团,紧凑型车,8.59,8.59万,6.34万,6.59万,1495.0,1.5,自然吸气,L,4.0,,129.0,95.0,6000.0,158.0,4500,汽油,92#,缸内直喷,铝,国VI,CVT无级变速(模拟8挡),,无级变速箱(CVT),180.0,,,4年或15万公里,,,,,,,,,,,,,,,,,4676,1838,1498,2680,1544.0,1548.0,,1240.0,三厢车,4.0,5.0,422.0,平开门,主 / 副,前 / 后,,主 / 副,,上下,,USB/Type-C,,46117,仿皮,前 / 后,手动,46117,燃油
sg23393,60811.0,荣威,36.0,荣威,3041,荣威i5,240402,1.5L CVT尊荣版,2024,燃油,上汽集团,紧凑型车,8.59,8.59万,6.34万,6.59万,1495.0,1.5,自然吸气,L,4.0,,129.0,95.0,6000.0,158.0,4500,汽油,92#,缸内直喷,铝,国VI,CVT无级变速(模拟8挡),,无级变速箱(CVT),180.0,,,4年或15万公里,,,,,,,,,,,,,,,,,4676,1838,1498,2680,1544.0,1548.0,,1240.0,三厢车,4.0,5.0,422.0,平开门,主 / 副,前 / 后,,主 / 副,,上下,,USB/Type-C,,46117,仿皮,前 / 后,手动,46117,燃油
sg23393,81362.0,荣威,36.0,荣威,3041,荣威i5,240402,1.5L CVT尊荣版,2025,燃油,上汽集团,紧凑型车,8.59,8.59万,6.34万,6.59万,1495.0,1.5,自然吸气,L,4.0,,129.0,95.0,6000.0,158.0,4500,汽油,92#,缸内直喷,铝,国VI,CVT无级变速(模拟8挡),,无级变速箱(CVT),180.0,,,4年或15万公里,,,,,,,,,,,,,,,,,4676,1838,1498,2680,1544.0,1548.0,,1240.0,三厢车,4.0,5.0,422.0,平开门,主 / 副,前 / 后,,主 / 副,,上下,,USB/Type-C,,46117,仿皮,前 / 后,手动,46117,燃油
sg23393,25219.0,荣威,36.0,荣威,3041,荣威i5,250941,1.5L 手动舒享版,2026,燃油,上汽集团,紧凑型车,6.89,6.89万,4.01万,4.49万,1495.0,1.5,自然吸气,L,4.0,,129.0,95.0,6000.0,158.0,4500,汽油,92#,缸内直喷,铝,国VI,5挡手动,5.0,手动变速箱(MT),185.0,,,4年或15万公里,,,,,,,,,,,,,,,,,4676,1838,1498,2680,1544.0,1548.0,,1170.0,三厢车,4.0,5.0,422.0,平开门,主 / 副,前 / 后,,主 / 副,,上下,,USB/Type-C,,46117,织物,前 / 后,手动,46117,燃油
sg23463,15585.0,大众,,大众,sg23463,帕萨特新能源,pcauto_m140825,帕萨特新能源 2026款 ePro 商务版,2022,插电混动,上汽大众,中型车,21.59,21.59万,,,1498.0,1.5,涡轮增压,直列,4.0,,129.0,95.0,,,,插电混动,92号(原93号),直喷,铝合金,国VI,DHT变速箱,3.0,混合动力专用变速箱(DHT),180.0,8.1,,三年或10万公里,永磁同步,145.0,330.0,145.0,330.0,,,,,三元锂+磷酸铁锂电池,22.0,125.0,14.2,八年或12万公里,快充:0.42小时/慢充:待定,30.0,5017,1850,1489,2871,,,,1825.0,三厢车,4.0,5.0,,平开门,,,,,塑料,上下+前后,,,,,仿皮,,自动,,
sg23463,11655.0,大众,,大众,sg23463,帕萨特新能源,pcauto_m140825,帕萨特新能源 2026款 ePro 商务版,2023,插电混动,上汽大众,中型车,21.59,21.59万,,,1498.0,1.5,涡轮增压,直列,4.0,,129.0,95.0,,,,插电混动,92号(原93号),直喷,铝合金,国VI,DHT变速箱,3.0,混合动力专用变速箱(DHT),180.0,8.1,,三年或10万公里,永磁同步,145.0,330.0,145.0,330.0,,,,,三元锂+磷酸铁锂电池,22.0,125.0,14.2,八年或12万公里,快充:0.42小时/慢充:待定,30.0,5017,1850,1489,2871,,,,1825.0,三厢车,4.0,5.0,,平开门,,,,,塑料,上下+前后,,,,,仿皮,,自动,,
sg23463,6096.0,大众,,大众,sg23463,帕萨特新能源,pcauto_m140825,帕萨特新能源 2026款 ePro 商务版,2024,插电混动,上汽大众,中型车,21.59,21.59万,,,1498.0,1.5,涡轮增压,直列,4.0,,129.0,95.0,,,,插电混动,92号(原93号),直喷,铝合金,国VI,DHT变速箱,3.0,混合动力专用变速箱(DHT),180.0,8.1,,三年或10万公里,永磁同步,145.0,330.0,145.0,330.0,,,,,三元锂+磷酸铁锂电池,22.0,125.0,14.2,八年或12万公里,快充:0.42小时/慢充:待定,30.0,5017,1850,1489,2871,,,,1825.0,三厢车,4.0,5.0,,平开门,,,,,塑料,上下+前后,,,,,仿皮,,自动,,
sg23463,6629.0,大众,,大众,sg23463,帕萨特新能源,pcauto_m140825,帕萨特新能源 2026款 ePro 商务版,2025,插电混动,上汽大众,中型车,21.59,21.59万,,,1498.0,1.5,涡轮增压,直列,4.0,,129.0,95.0,,,,插电混动,92号(原93号),直喷,铝合金,国VI,DHT变速箱,3.0,混合动力专用变速箱(DHT),180.0,8.1,,三年或10万公里,永磁同步,145.0,330.0,145.0,330.0,,,,,三元锂+磷酸铁锂电池,22.0,125.0,14.2,八年或12万公里,快充:0.42小时/慢充:待定,30.0,5017,1850,1489,2871,,,,1825.0,三厢车,4.0,5.0,,平开门,,,,,塑料,上下+前后,,,,,仿皮,,自动,,
sg23463,3500.0,大众,,大众,sg23463,帕萨特新能源,pcauto_m140825,帕萨特新能源 2026款 ePro 商务版,2026,插电混动,上汽大众,中型车,21.59,21.59万,,,1498.0,1.5,涡轮增压,直列,4.0,,129.0,95.0,,,,插电混动,92号(原93号),直喷,铝合金,国VI,DHT变速箱,3.0,混合动力专用变速箱(DHT),180.0,8.1,,三年或10万公里,永磁同步,145.0,330.0,145.0,330.0,,,,,三元锂+磷酸铁锂电池,22.0,125.0,14.2,八年或12万公里,快充:0.42小时/慢充:待定,30.0,5017,1850,1489,2871,,,,1825.0,三厢车,4.0,5.0,,平开门,,,,,塑料,上下+前后,,,,,仿皮,,自动,,
sg23627,117160.0,丰田,5.0,丰田,3068,亚洲龙,110815,2.0L CVT 进取版,2022,燃油,一汽丰田,中型车,17.88,17.88万,13.47万,13.18万,1987.0,2.0,自然吸气,L,4.0,VVT-iE,173.0,127.0,6600.0,206.0,4600,汽油,92#,混合喷射,铝,国VI,CVT无级变速(模拟10挡),,无级变速箱(CVT),205.0,,,3年或10万公里,,,,,,,,,,,,,,,,,4990,1850,1450,2870,1595.0,1605.0,,1570.0,三厢车,4.0,5.0,,平开门,主 / 副,前 / 后,,主 / 副,,上下+前后,,USB/Type-C,,46243,织物,前 / 后,自动,46243,燃油
sg23627,95254.0,丰田,5.0,丰田,3068,亚洲龙,110815,2.0L CVT 进取版,2023,燃油,一汽丰田,中型车,17.88,17.88万,13.47万,13.18万,1987.0,2.0,自然吸气,L,4.0,VVT-iE,173.0,127.0,6600.0,206.0,4600,汽油,92#,混合喷射,铝,国VI,CVT无级变速(模拟10挡),,无级变速箱(CVT),205.0,,,3年或10万公里,,,,,,,,,,,,,,,,,4990,1850,1450,2870,1595.0,1605.0,,1570.0,三厢车,4.0,5.0,,平开门,主 / 副,前 / 后,,主 / 副,,上下+前后,,USB/Type-C,,46243,织物,前 / 后,自动,46243,燃油
sg23627,91229.0,丰田,5.0,丰田,3068,亚洲龙,110815,2.0L CVT 进取版,2024,燃油,一汽丰田,中型车,17.88,17.88万,13.47万,13.18万,1987.0,2.0,自然吸气,L,4.0,VVT-iE,173.0,127.0,6600.0,206.0,4600,汽油,92#,混合喷射,铝,国VI,CVT无级变速(模拟10挡),,无级变速箱(CVT),205.0,,,3年或10万公里,,,,,,,,,,,,,,,,,4990,1850,1450,2870,1595.0,1605.0,,1570.0,三厢车,4.0,5.0,,平开门,主 / 副,前 / 后,,主 / 副,,上下+前后,,USB/Type-C,,46243,织物,前 / 后,自动,46243,燃油
sg23627,126703.0,丰田,5.0,丰田,3068,亚洲龙,110815,2.0L CVT 进取版,2025,燃油,一汽丰田,中型车,17.88,17.88万,13.47万,13.18万,1987.0,2.0,自然吸气,L,4.0,VVT-iE,173.0,127.0,6600.0,206.0,4600,汽油,92#,混合喷射,铝,国VI,CVT无级变速(模拟10挡),,无级变速箱(CVT),205.0,,,3年或10万公里,,,,,,,,,,,,,,,,,4990,1850,1450,2870,1595.0,1605.0,,1570.0,三厢车,4.0,5.0,,平开门,主 / 副,前 / 后,,主 / 副,,上下+前后,,USB/Type-C,,46243,织物,前 / 后,自动,46243,燃油
sg23627,46376.0,丰田,5.0,丰田,3068,亚洲龙,257480,2.0L CVT 进取版,2026,燃油,一汽丰田,中型车,17.88,17.88万,12.94万,13.18万,1987.0,2.0,自然吸气,L,4.0,VVT-iE,173.0,127.0,6600.0,206.0,4600,汽油,92#,混合喷射,铝,国VI,CVT无级变速(模拟10挡),,无级变速箱(CVT),205.0,,,3年或10万公里,,,,,,,,,,,,,,,,,4990,1850,1450,2870,1595.0,1605.0,,1570.0,三厢车,4.0,5.0,,平开门,主 / 副,前 / 后,,主 / 副,,上下+前后,,USB/Type-C,,46243,织物,前 / 后,自动,46243,燃油
sg23634,4381.0,江铃集团新能源,136.0,江铃集团新能源,3028,易至EV3,241591,PLUS版 330km舒适型,2025,纯电动,江铃集团新能源,微型车,6.28,6.28万,5.58万,6.28万,,,,,,,,,,,,纯电动,,,,,电动车单速变速箱,1.0,固定齿比变速箱,102.0,,,3年或6万公里,永磁/同步,50.0,125.0,50.0,125.0,,,,,三元锂电池,31.9,330.0,,80,0.67,,3720,1640,1535,2390,1420.0,1420.0,120.0,1060.0,两厢车,5.0,4.0,177.0,平开门,主 / 副,前 / 后,,主 / 副,,上下,,USB/Type-C,,46056,织物,前 / 后,自动,46056,纯电动
sg23634,1410.0,江铃集团新能源,136.0,江铃集团新能源,3028,易至EV3,259242,330km 舒适型,2026,纯电动,江铃集团新能源,微型车,6.28,6.28万,暂无报价,6.28万,,,,,,,,,,,,,,,,,,,,,,,3年或6万公里,,,,,,,,,,,,,,,,,3720,1640,1535,2390,,,,,两厢车,,4.0,,,主 / 副,前 / 后,,主 / 副,,,,,,,,前 / 后,：,,未知
sg23643,17484.0,吉利几何,264.0,吉利几何,3157,吉利几何A,101244,改款 410KM 出行版,2024,纯电动,吉利几何,紧凑型车,17.58,17.58万,暂无报价,16.57万,,,,,,,,,,,,纯电动,,,,,电动车单速变速箱,1.0,固定齿比变速箱,150.0,9.8,,4年或15万公里,永磁/同步,100.0,180.0,100.0,180.0,,,,,三元锂电池,51.9,410.0,13.5,80,0.5,8.0,4752,1804,1520,2700,1560.0,1560.0,120.0,1565.0,三厢车,4.0,5.0,430.0,平开门,主 / 副,前 / 后,,主 / 副,,上下+前后,大屏,USB/Type-C,,46056,仿皮,前 / 后,自动,46056,纯电动
sg23663,47750.0,长安,35.0,长安,3052,长安CS35 PLUS,94284,畅享版 蓝鲸NE 1.4T DCT超享型,2023,燃油,长安汽车,小型SUV,7.99,7.99万,6.00万,6.99万,1392.0,1.4,涡轮增压,L,4.0,DVVT,160.0,118.0,5500.0,260.0,1500,汽油,92#,缸内直喷,铝,国VI b,7挡双离合,7.0,湿式双离合变速箱（DCT）,200.0,,6.65,3年或10万公里,,,,,,,,,,,,,,,,,4330,1825,1660,2600,1570.0,1570.0,180.0,1365.0,SUV,5.0,5.0,403.0,平开门,主 / 副,前 / 后,,主 / 副,,上下+前后,大屏,USB/Type-C,,46117,皮织混搭,前 / 后,手动,46117,燃油
sg23723,16042.0,大众,,大众,sg23723,途铠,pcauto_m122296,途铠 2023款 改款 1.5L 手动风尚版,2023,燃油,上汽大众,小型SUV,11.59,11.59万,,,1498.0,1.5,自然吸气,直列,4.0,,110.0,81.0,,141.0,,汽油,92号(原93号),多点电喷,铝合金,国VI,手动,5.0,手动,,,,三年或10万公里,,,,,,,,,,,,,,,,,4218,1760,1599,2651,,,,1215.0,SUV,5.0,5.0,,平开门,,,,,塑料,上下+前后,,,,,织物,,手动,,
sg23867,116332.0,埃安,242.0,埃安,3101,AION S,95131,MAX 70 星耀版 磷酸铁锂,2022,纯电动,广汽埃安新能源,紧凑型车,13.99,13.99万,12.50万,12.49万,,,,,,,,,,,,纯电动,,,,,电动车单速变速箱,1.0,固定齿比变速箱,160.0,7.5,,4年或15万公里,永磁/同步,150.0,235.0,150.0,235.0,,,,,,,510.0,,,,,4863,1890,1515,2760,1600.0,1602.0,,1730.0,三厢车,4.0,5.0,453.0,平开门,主 / 副,前 / 后,,主 / 副,,上下,,USB/Type-C,,46243,皮织混搭,前 / 后,自动,46243,纯电动
sg23867,220904.0,埃安,242.0,埃安,3101,AION S,95131,MAX 70 星耀版 磷酸铁锂,2023,纯电动,广汽埃安新能源,紧凑型车,13.99,13.99万,12.50万,12.49万,,,,,,,,,,,,纯电动,,,,,电动车单速变速箱,1.0,固定齿比变速箱,160.0,7.5,,4年或15万公里,永磁/同步,150.0,235.0,150.0,235.0,,,,,,,510.0,,,,,4863,1890,1515,2760,1600.0,1602.0,,1730.0,三厢车,4.0,5.0,453.0,平开门,主 / 副,前 / 后,,主 / 副,,上下,,USB/Type-C,,46243,皮织混搭,前 / 后,自动,46243,纯电动
sg23867,139821.0,埃安,242.0,埃安,3101,AION S,95131,MAX 70 星耀版 磷酸铁锂,2024,纯电动,广汽埃安新能源,紧凑型车,13.99,13.99万,12.50万,12.49万,,,,,,,,,,,,纯电动,,,,,电动车单速变速箱,1.0,固定齿比变速箱,160.0,7.5,,4年或15万公里,永磁/同步,150.0,235.0,150.0,235.0,,,,,,,510.0,,,,,4863,1890,1515,2760,1600.0,1602.0,,1730.0,三厢车,4.0,5.0,453.0,平开门,主 / 副,前 / 后,,主 / 副,,上下,,USB/Type-C,,46243,皮织混搭,前 / 后,自动,46243,纯电动
sg23867,55095.0,埃安,242.0,埃安,3101,AION S,111127,MAX 70 星意版 磷酸铁锂,2025,纯电动,广汽埃安新能源,紧凑型车,11.88,11.88万,11.88万,6.88万,,,,,,,,,,,,纯电动,,,,,电动车单速变速箱,1.0,固定齿比变速箱,130.0,,,4年或15万公里,永磁/同步,100.0,225.0,100.0,225.0,,,,,,,505.0,,,,,4863,1890,1515,2760,1600.0,1602.0,,1650.0,三厢车,4.0,5.0,453.0,平开门,主 / 副,前 / 后,,主 / 副,,上下,,USB/Type-C,,46180,皮织混搭,前 / 后,自动,46180,纯电动
sg23867,13223.0,埃安,242.0,埃安,3101,AION S,249814,炫 530,2026,插电混动,广汽埃安新能源,紧凑型车,13.98,13.98万,暂无报价,8.98万,,,,,,,,,,,,纯电动,,,,,电动车单速变速箱,1.0,固定齿比变速箱,130.0,,,4年或15万公里,永磁/同步,100.0,225.0,100.0,225.0,,,,,,,430.0,,80,,,4805,1880,1545,2750,1600.0,1602.0,125.0,,三厢车,4.0,5.0,453.0,平开门,主 / 副,前 / 后,,主 / 副,,上下,大屏,USB/Type-C,,46056,仿皮,前 / 后,自动,46056,插电混动
sg23869,7449.0,本田,,本田,sg23869,享域,pcauto_m113165,享域 2022款 180TURBO CVT畅享版,2022,燃油,东风本田,紧凑型车,10.98,10.98万,,,988.0,1.0,涡轮增压,直列,3.0,VTEC,122.0,90.0,,173.0,,汽油,92号(原93号),直喷,铝合金,国VI,无级变速,,无级变速,,,,三年或10万公里,,,,,,,,,,,,,,,,,4772,1804,1509,2730,,,,1282.0,三厢车,4.0,5.0,,,,,,,塑料,上下+前后,,,,,织物,,手动,,
sg23869,8170.0,本田,,本田,sg23869,享域,pcauto_m113165,享域 2022款 180TURBO CVT畅享版,2023,燃油,东风本田,紧凑型车,10.98,10.98万,,,988.0,1.0,涡轮增压,直列,3.0,VTEC,122.0,90.0,,173.0,,汽油,92号(原93号),直喷,铝合金,国VI,无级变速,,无级变速,,,,三年或10万公里,,,,,,,,,,,,,,,,,4772,1804,1509,2730,,,,1282.0,三厢车,4.0,5.0,,,,,,,塑料,上下+前后,,,,,织物,,手动,,
sg23869,49.0,本田,,本田,sg23869,享域,pcauto_m113165,享域 2022款 180TURBO CVT畅享版,2024,燃油,东风本田,紧凑型车,10.98,10.98万,,,988.0,1.0,涡轮增压,直列,3.0,VTEC,122.0,90.0,,173.0,,汽油,92号(原93号),直喷,铝合金,国VI,无级变速,,无级变速,,,,三年或10万公里,,,,,,,,,,,,,,,,,4772,1804,1509,2730,,,,1282.0,三厢车,4.0,5.0,,,,,,,塑料,上下+前后,,,,,织物,,手动,,
sg23870,103.0,理念,,理念,sg23870,广汽本田VE-1,pcauto_m116729,广汽本田VE-1 2023款 出行版,2023,纯电动,广汽本田,小型SUV,15.98,15.98万,,,,,,,,,,,,,,纯电动,,,,,固定齿比,1.0,固定齿比,140.0,,,三年或10万公里,永磁同步,120.0,280.0,120.0,280.0,,,,,三元锂电池,61.3,470.0,13.4,八年或15万公里,快充:0.67小时/慢充:10.5小时,80.0,4308,1773,1625,2610,,,,1547.0,SUV,5.0,5.0,,,,,,,塑料,上下+前后,,,,,织物,,自动,,
sg23973,11682.0,大众,1.0,大众,3142,迈腾PHEV,259871,PRO,2022,插电混动,一汽-大众,中型车,19.99,19.99万,暂无报价,16.99万,,,,,,,,,,,,,,,,,,,,,,,3年或10万公里,,,,,,,,,,,,,,,,,4990,1854,1491,2871,,,,,三厢车,,5.0,,,主 / 副,前 / 后,,主 / 副,,,,,,,,前 / 后,：,,未知
sg23973,13704.0,大众,1.0,大众,3142,迈腾PHEV,259871,PRO,2023,插电混动,一汽-大众,中型车,19.99,19.99万,暂无报价,16.99万,,,,,,,,,,,,,,,,,,,,,,,3年或10万公里,,,,,,,,,,,,,,,,,4990,1854,1491,2871,,,,,三厢车,,5.0,,,主 / 副,前 / 后,,主 / 副,,,,,,,,前 / 后,：,,未知
sg23973,5414.0,大众,1.0,大众,3142,迈腾PHEV,259871,PRO,2024,插电混动,一汽-大众,中型车,19.99,19.99万,暂无报价,16.99万,,,,,,,,,,,,,,,,,,,,,,,3年或10万公里,,,,,,,,,,,,,,,,,4990,1854,1491,2871,,,,,三厢车,,5.0,,,主 / 副,前 / 后,,主 / 副,,,,,,,,前 / 后,：,,未知
sg23973,75.0,大众,1.0,大众,3142,迈腾PHEV,259871,PRO,2025,插电混动,一汽-大众,中型车,19.99,19.99万,暂无报价,16.99万,,,,,,,,,,,,,,,,,,,,,,,3年或10万公里,,,,,,,,,,,,,,,,,4990,1854,1491,2871,,,,,三厢车,,5.0,,,主 / 副,前 / 后,,主 / 副,,,,,,,,前 / 后,：,,未知
sg23973,118.0,大众,1.0,大众,3142,迈腾PHEV,259871,PRO,2026,插电混动,一汽-大众,中型车,19.99,19.99万,暂无报价,16.99万,,,,,,,,,,,,,,,,,,,,,,,3年或10万公里,,,,,,,,,,,,,,,,,4990,1854,1491,2871,,,,,三厢车,,5.0,,,主 / 副,前 / 后,,主 / 副,,,,,,,,前 / 后,：,,未知
sg23974,273.0,大众,,大众,sg23974,探岳PHEV,pcauto_m137964,探岳PHEV 2026款 探岳L PRO 新上市,2026,插电混动,一汽-大众,中型SUV,21.79,21.79万,,,1498.0,1.5,涡轮增压,直列,4.0,,129.0,95.0,,220.0,,插电混动,92号(原93号),直喷,铝合金,国VI,DHT变速箱,1.0,混合动力专用变速箱(DHT),180.0,,,三年或10万公里,永磁同步,145.0,330.0,145.0,330.0,,,,,锂离子电池,22.0,115.0,15.0,八年或16万公里,快充:不支持/慢充:待定,,4684,1853,1677,2791,,,,1856.0,SUV,5.0,5.0,,平开门,,,,,皮质,上下+前后,,,,,仿皮,,自动,,
sg24043,564.0,东风风光,,东风风光,sg24043,风光ix7,pcauto_m106226,风光ix7 2021款 2.0TGDI 两驱都市超豪版,2021,燃油,东风小康,中型SUV,15.59,15.59万,,,1967.0,2.0,涡轮增压,直列,4.0,,231.0,170.0,,355.0,,汽油,92号(原93号),直喷,铝合金,国VI,手自一体,6.0,手自一体,,,,七年或15万公里,,,,,,,,,,,,,,,,,4930,1935,1765,2810,,,,,SUV,5.0,6.0,,,,,,,皮质,上下+前后,,,,,仿皮,,手动,,
sg24103,3816.0,雪佛兰,6.0,雪佛兰,4196,开拓者,89419,轻混 2.0T 7座型版,2023,插电混动,上汽通用雪佛兰,中大型SUV,19.49,19.49万,16.99万,19.49万,1998.0,2.0,涡轮增压,L,4.0,智能变缸科技,237.0,174.0,5000.0,350.0,1500,48V轻混系统,95#,缸内直喷,铝,国VI b,9挡手自一体,9.0,手自一体变速箱(AT),210.0,8.4,7.47,3年或10万公里,,12.0,50.0,,,,,,,,,,,,,,5011,1953,1717,2863,1687.0,1683.0,,1895.0,SUV,5.0,7.0,222.0,平开门,主 / 副,前 / 后,,主 / 副,,上下+前后,大屏,USB/Type-C+AUX,,46180,仿皮,前 / 后,自动,46180,插电混动
sg24164,21821.0,凯迪拉克,30.0,凯迪拉克,3164,凯迪拉克XT6,241765,2.0T 豪华行政经典版,2022,插电混动,上汽通用凯迪拉克,中大型SUV,44.99,44.99万,34.99万,34.99万,1998.0,2.0,涡轮增压,L,4.0,Tripower可变气门管理技术,237.0,174.0,5000.0,350.0,1500,48V轻混系统,95#,缸内直喷,铝,国VI b,9挡手自一体,9.0,手自一体变速箱(AT),210.0,8.8,8.24,3年不限公里,,12.0,50.0,,,,,,,,,,,,,,5056,1964,1780,2863,1687.0,1683.0,,2085.0,SUV,5.0,6.0,257.0,平开门,主 / 副,前 / 后,,主 / 副,,上下+前后,大屏,USB/Type-C+SD卡槽,BOSE,12以上,真皮,前 / 后,自动,12以上,插电混动
sg24164,16267.0,凯迪拉克,30.0,凯迪拉克,3164,凯迪拉克XT6,241765,2.0T 豪华行政经典版,2023,插电混动,上汽通用凯迪拉克,中大型SUV,44.99,44.99万,34.99万,34.99万,1998.0,2.0,涡轮增压,L,4.0,Tripower可变气门管理技术,237.0,174.0,5000.0,350.0,1500,48V轻混系统,95#,缸内直喷,铝,国VI b,9挡手自一体,9.0,手自一体变速箱(AT),210.0,8.8,8.24,3年不限公里,,12.0,50.0,,,,,,,,,,,,,,5056,1964,1780,2863,1687.0,1683.0,,2085.0,SUV,5.0,6.0,257.0,平开门,主 / 副,前 / 后,,主 / 副,,上下+前后,大屏,USB/Type-C+SD卡槽,BOSE,12以上,真皮,前 / 后,自动,12以上,插电混动
sg24164,4446.0,凯迪拉克,30.0,凯迪拉克,3164,凯迪拉克XT6,241765,2.0T 豪华行政经典版,2024,插电混动,上汽通用凯迪拉克,中大型SUV,44.99,44.99万,34.99万,34.99万,1998.0,2.0,涡轮增压,L,4.0,Tripower可变气门管理技术,237.0,174.0,5000.0,350.0,1500,48V轻混系统,95#,缸内直喷,铝,国VI b,9挡手自一体,9.0,手自一体变速箱(AT),210.0,8.8,8.24,3年不限公里,,12.0,50.0,,,,,,,,,,,,,,5056,1964,1780,2863,1687.0,1683.0,,2085.0,SUV,5.0,6.0,257.0,平开门,主 / 副,前 / 后,,主 / 副,,上下+前后,大屏,USB/Type-C+SD卡槽,BOSE,12以上,真皮,前 / 后,自动,12以上,插电混动
sg24164,3101.0,凯迪拉克,30.0,凯迪拉克,3164,凯迪拉克XT6,241765,2.0T 豪华行政经典版,2025,插电混动,上汽通用凯迪拉克,中大型SUV,44.99,44.99万,34.99万,34.99万,1998.0,2.0,涡轮增压,L,4.0,Tripower可变气门管理技术,237.0,174.0,5000.0,350.0,1500,48V轻混系统,95#,缸内直喷,铝,国VI b,9挡手自一体,9.0,手自一体变速箱(AT),210.0,8.8,8.24,3年不限公里,,12.0,50.0,,,,,,,,,,,,,,5056,1964,1780,2863,1687.0,1683.0,,2085.0,SUV,5.0,6.0,257.0,平开门,主 / 副,前 / 后,,主 / 副,,上下+前后,大屏,USB/Type-C+SD卡槽,BOSE,12以上,真皮,前 / 后,自动,12以上,插电混动
sg24164,538.0,凯迪拉克,30.0,凯迪拉克,3164,凯迪拉克XT6,241765,2.0T 豪华行政经典版,2026,插电混动,上汽通用凯迪拉克,中大型SUV,44.99,44.99万,34.99万,34.99万,1998.0,2.0,涡轮增压,L,4.0,Tripower可变气门管理技术,237.0,174.0,5000.0,350.0,1500,48V轻混系统,95#,缸内直喷,铝,国VI b,9挡手自一体,9.0,手自一体变速箱(AT),210.0,8.8,8.24,3年不限公里,,12.0,50.0,,,,,,,,,,,,,,5056,1964,1780,2863,1687.0,1683.0,,2085.0,SUV,5.0,6.0,257.0,平开门,主 / 副,前 / 后,,主 / 副,,上下+前后,大屏,USB/Type-C+SD卡槽,BOSE,12以上,真皮,前 / 后,自动,12以上,插电混动
sg24173,11967.0,Polestar极星,196.0,Polestar极星,3166,Polestar 2,86920,单电机标准续航,2024,纯电动,Polestar,紧凑型车,29.98,29.98万,15.98万,29.98万,,,,,,,,,,,,纯电动,,,,,电动车单速变速箱,1.0,固定齿比变速箱,205.0,6.4,,3年不限公里,永磁/同步,200.0,490.0,,,200.0,490.0,,,三元锂电池,64.0,670.0,,80,,16.0,4606,1859,1482,2735,1602.0,1601.0,151.0,1967.0,掀背车,5.0,5.0,446.0,平开门,主 / 副,前 / 后,,主 / 副,,上下+前后,大屏,USB/Type-C,哈曼卡顿,12以上,织物,前 / 后,自动,12以上,纯电动
sg24184,139138.0,红旗,59.0,红旗,3159,红旗HS5,240634,2.0T 旗悦Pro版,2022,燃油,一汽红旗,中型SUV,18.38,18.38万,13.37万,13.38万,1989.0,2.0,涡轮增压,L,4.0,,252.0,185.0,5500.0,380.0,1800,汽油,95#,缸内直喷,铝,国VI b,8挡手自一体,8.0,手自一体变速箱(AT),215.0,7.6,7.34,4年或10万公里,,,,,,,,,,,,,,,,,4785,1905,1700,2870,1623.0,1600.0,200.0,1755.0,SUV,5.0,5.0,,平开门,主 / 副,前 / 后,,主 / 副,,上下+前后,,USB/Type-C,,46243,仿皮,前 / 后,自动,46243,燃油
sg24184,105397.0,红旗,59.0,红旗,3159,红旗HS5,240634,2.0T 旗悦Pro版,2023,燃油,一汽红旗,中型SUV,18.38,18.38万,13.37万,13.38万,1989.0,2.0,涡轮增压,L,4.0,,252.0,185.0,5500.0,380.0,1800,汽油,95#,缸内直喷,铝,国VI b,8挡手自一体,8.0,手自一体变速箱(AT),215.0,7.6,7.34,4年或10万公里,,,,,,,,,,,,,,,,,4785,1905,1700,2870,1623.0,1600.0,200.0,1755.0,SUV,5.0,5.0,,平开门,主 / 副,前 / 后,,主 / 副,,上下+前后,,USB/Type-C,,46243,仿皮,前 / 后,自动,46243,燃油
sg24184,94900.0,红旗,59.0,红旗,3159,红旗HS5,240634,2.0T 旗悦Pro版,2024,燃油,一汽红旗,中型SUV,18.38,18.38万,13.37万,13.38万,1989.0,2.0,涡轮增压,L,4.0,,252.0,185.0,5500.0,380.0,1800,汽油,95#,缸内直喷,铝,国VI b,8挡手自一体,8.0,手自一体变速箱(AT),215.0,7.6,7.34,4年或10万公里,,,,,,,,,,,,,,,,,4785,1905,1700,2870,1623.0,1600.0,200.0,1755.0,SUV,5.0,5.0,,平开门,主 / 副,前 / 后,,主 / 副,,上下+前后,,USB/Type-C,,46243,仿皮,前 / 后,自动,46243,燃油
sg24184,86496.0,红旗,59.0,红旗,3159,红旗HS5,240634,2.0T 旗悦Pro版,2025,燃油,一汽红旗,中型SUV,18.38,18.38万,13.37万,13.38万,1989.0,2.0,涡轮增压,L,4.0,,252.0,185.0,5500.0,380.0,1800,汽油,95#,缸内直喷,铝,国VI b,8挡手自一体,8.0,手自一体变速箱(AT),215.0,7.6,7.34,4年或10万公里,,,,,,,,,,,,,,,,,4785,1905,1700,2870,1623.0,1600.0,200.0,1755.0,SUV,5.0,5.0,,平开门,主 / 副,前 / 后,,主 / 副,,上下+前后,,USB/Type-C,,46243,仿皮,前 / 后,自动,46243,燃油
sg24184,23652.0,红旗,59.0,红旗,3159,红旗HS5,250636,2.0T 两驱旗韵Pro版,2026,燃油,一汽红旗,中型SUV,18.68,18.68万,13.70万,13.68万,1989.0,2.0,涡轮增压,L,4.0,,252.0,185.0,5500.0,380.0,1800,汽油,95#,缸内直喷,铝,国VI b,8挡手自一体,8.0,手自一体变速箱(AT),215.0,7.6,7.34,4年或10万公里,,,,,,,,,,,,,,,,,4785,1905,1700,2870,1623.0,1600.0,200.0,1755.0,SUV,5.0,5.0,,平开门,主 / 副,前 / 后,,主 / 副,,上下+前后,,USB/Type-C,,46243,仿皮,前 / 后,自动,46243,燃油
sg24263,,捷途,,捷途,sg24263,捷途X70S EV,pcauto_m92700,捷途X70S EV 2019款 简政版,2019,纯电动,奇瑞汽车,中型SUV,16.98,16.98万,,,,,,,,,,,,,,纯电动,,,,,固定齿比,1.0,固定齿比,140.0,,,四年或10万公里,永磁同步,125.0,300.0,125.0,300.0,,,,,磷酸铁锂电池,56.0,401.0,,八年或15万公里,快充:0.5小时,80.0,4750,1910,1710,2745,,,,,SUV,5.0,5.0,,,,,,,塑料,上下,,,,,织物,,手动,,
sg24304,48131.0,捷达,260.0,捷达,3172,捷达VA3,96693,1.5L 手动进取版,2022,燃油,一汽-大众捷达,紧凑型车,6.78,6.78万,5.80万,6.78万,1498.0,1.5,自然吸气,L,4.0,DVVT,112.0,82.0,6100.0,145.0,4000,汽油,92#,多点电喷,铝,国VI b,5挡手动,5.0,手动变速箱(MT),185.0,12.0,5.7,3年或10万公里,,,,,,,,,,,,,,,,,4501,1704,1469,2604,1460.0,1500.0,,1125.0,三厢车,4.0,5.0,546.0,平开门,主 / 副,前 / 后,,主 / 副,,上下,,USB/Type-C,,46117,织物,前 / 后,手动,46117,燃油
sg24304,53982.0,捷达,260.0,捷达,3172,捷达VA3,96693,1.5L 手动进取版,2023,燃油,一汽-大众捷达,紧凑型车,6.78,6.78万,5.80万,6.78万,1498.0,1.5,自然吸气,L,4.0,DVVT,112.0,82.0,6100.0,145.0,4000,汽油,92#,多点电喷,铝,国VI b,5挡手动,5.0,手动变速箱(MT),185.0,12.0,5.7,3年或10万公里,,,,,,,,,,,,,,,,,4501,1704,1469,2604,1460.0,1500.0,,1125.0,三厢车,4.0,5.0,546.0,平开门,主 / 副,前 / 后,,主 / 副,,上下,,USB/Type-C,,46117,织物,前 / 后,手动,46117,燃油
sg24304,37520.0,捷达,260.0,捷达,3172,捷达VA3,96693,1.5L 手动进取版,2024,燃油,一汽-大众捷达,紧凑型车,6.78,6.78万,5.80万,6.78万,1498.0,1.5,自然吸气,L,4.0,DVVT,112.0,82.0,6100.0,145.0,4000,汽油,92#,多点电喷,铝,国VI b,5挡手动,5.0,手动变速箱(MT),185.0,12.0,5.7,3年或10万公里,,,,,,,,,,,,,,,,,4501,1704,1469,2604,1460.0,1500.0,,1125.0,三厢车,4.0,5.0,546.0,平开门,主 / 副,前 / 后,,主 / 副,,上下,,USB/Type-C,,46117,织物,前 / 后,手动,46117,燃油
sg24304,31244.0,捷达,260.0,捷达,3172,捷达VA3,252015,改款 1.5L 手动全过版,2025,燃油,一汽-大众捷达,紧凑型车,6.78,6.78万,暂无报价,6.78万,1498.0,1.5,自然吸气,L,4.0,DVVT,112.0,82.0,6100.0,145.0,4000,汽油,92#,多点电喷,铝,国VI b,5挡手动,5.0,手动变速箱(MT),185.0,12.0,5.7,3年或10万公里,,,,,,,,,,,,,,,,,4501,1704,1469,2604,1460.0,1500.0,,1125.0,三厢车,4.0,5.0,546.0,平开门,主 / 副,前 / 后,,主 / 副,,上下,,,,,织物,前 / 后,手动,,燃油
sg24304,13999.0,捷达,260.0,捷达,3172,捷达VA3,252015,改款 1.5L 手动全过版,2026,燃油,一汽-大众捷达,紧凑型车,6.78,6.78万,暂无报价,6.78万,1498.0,1.5,自然吸气,L,4.0,DVVT,112.0,82.0,6100.0,145.0,4000,汽油,92#,多点电喷,铝,国VI b,5挡手动,5.0,手动变速箱(MT),185.0,12.0,5.7,3年或10万公里,,,,,,,,,,,,,,,,,4501,1704,1469,2604,1460.0,1500.0,,1125.0,三厢车,4.0,5.0,546.0,平开门,主 / 副,前 / 后,,主 / 副,,上下,,,,,织物,前 / 后,手动,,燃油
sg24305,63677.0,捷达,260.0,捷达,3171,捷达VS5,99375,280TSI 手动先锋版,2024,燃油,一汽-大众捷达,紧凑型SUV,8.79,8.79万,6.72万,6.96万,1395.0,1.4,涡轮增压,L,4.0,D-VVT,150.0,110.0,5000.0,250.0,1750,汽油,92#,缸内直喷,铝,国VI b,5挡手动,5.0,手动变速箱(MT),175.0,9.5,,3年或10万公里,,,,,,,,,,,,,,,,,4418,1841,1616,2630,1572.0,1544.0,155.0,1310.0,SUV,5.0,5.0,482.0,平开门,主 / 副,前 / 后,,主 / 副,,上下+前后,大屏,USB/Type-C,,46117,织物,前 / 后,手动,46117,燃油
sg24305,54501.0,捷达,260.0,捷达,3171,捷达VS5,247374,280TSI 手动好运Plus版,2025,燃油,一汽-大众捷达,紧凑型SUV,9.79,9.79万,7.29万,6.96万,1395.0,1.4,涡轮增压,L,4.0,D-VVT,150.0,110.0,5000.0,250.0,1750,汽油,92#,缸内直喷,铝,国VI b,5挡手动,5.0,手动变速箱(MT),175.0,9.5,,3年或10万公里,,,,,,,,,,,,,,,,,4418,1841,1616,2630,1572.0,1544.0,,1310.0,SUV,5.0,5.0,482.0,平开门,主 / 副,前 / 后,,主 / 副,,上下+前后,大屏,USB/Type-C,,46117,织物,前 / 后,手动,46117,燃油
sg24305,20916.0,捷达,260.0,捷达,3171,捷达VS5,252814,280TSI 手动先锋版,2026,燃油,一汽-大众捷达,紧凑型SUV,8.79,8.79万,6.90万,6.96万,1395.0,1.4,涡轮增压,L,4.0,D-VVT,150.0,110.0,5000.0,250.0,1750,汽油,92#,缸内直喷,铝,国VI b,5挡手动,5.0,手动变速箱(MT),175.0,9.5,,3年或10万公里,,,,,,,,,,,,,,,,,4418,1841,1616,2630,1572.0,1544.0,,1310.0,SUV,5.0,5.0,482.0,平开门,主 / 副,前 / 后,,主 / 副,,上下+前后,大屏,USB/Type-C,,46117,织物,前 / 后,手动,46117,燃油
sg24306,4188.0,捷达,260.0,捷达,3276,捷达VS7,252872,280TSI 手动先锋版,2026,燃油,一汽-大众捷达,中型SUV,9.79,9.79万,9.30万,8.58万,1395.0,1.4,涡轮增压,L,4.0,D-VVT,150.0,110.0,5000.0,250.0,1750,汽油,92#,缸内直喷,铝,国VI b,5挡手动,5.0,手动变速箱(MT),180.0,9.8,,3年或10万公里,,,,,,,,,,,,,,,,,4624,1841,1624,2730,1572.0,1544.0,,1390.0,SUV,5.0,5.0,548.0,平开门,主 / 副,前 / 后,,主 / 副,,上下+前后,大屏,USB/Type-C,,46117,织物,前 / 后,手动,46117,燃油
sg24354,1841.0,奥迪,,奥迪,sg24354,奥迪Q2L e-tron,pcauto_m106001,奥迪Q2L e-tron 2022款 Q2L e-tron 纯电智享型,2022,纯电动,一汽奥迪,小型SUV,24.38,24.38万,,,,,,,,,,,,,,纯电动,,,,,固定齿比,1.0,固定齿比,150.0,,,三年或10万公里,永磁同步,100.0,290.0,100.0,290.0,,,,,三元锂电池,44.1,325.0,13.5,八年或12万公里,快充:0.6小时/慢充:17.0小时,80.0,4268,1785,1545,2628,,,,1610.0,SUV,5.0,5.0,,,,,,,真皮,上下+前后,,,,,皮/翻毛皮混搭,,自动,,
sg24393,260760.0,长安,35.0,长安,3196,长安CS75 PLUS,249961,第四代 1.5T 新蓝鲸智慧卓越型,2022,燃油,长安汽车,紧凑型SUV,11.59,11.59万,10.03万,10.09万,1494.0,1.5,涡轮增压,L,4.0,,192.0,141.0,5500.0,310.0,1500,汽油,92#,缸内直喷,铝,国VI b,8挡自动,8.0,自动变速箱(AT),190.0,7.9,,3年或10万公里,,,,,,,,,,,,,,,,,4770,1910,1705,2800,1620.0,1628.0,,1545.0,SUV,5.0,5.0,725.0,平开门,主 / 副,前 / 后,,主 / 副,,上下+前后,大屏,USB/Type-C,,46180,仿皮,前 / 后,自动,46180,燃油
sg24393,245450.0,长安,35.0,长安,3196,长安CS75 PLUS,249961,第四代 1.5T 新蓝鲸智慧卓越型,2023,燃油,长安汽车,紧凑型SUV,11.59,11.59万,10.03万,10.09万,1494.0,1.5,涡轮增压,L,4.0,,192.0,141.0,5500.0,310.0,1500,汽油,92#,缸内直喷,铝,国VI b,8挡自动,8.0,自动变速箱(AT),190.0,7.9,,3年或10万公里,,,,,,,,,,,,,,,,,4770,1910,1705,2800,1620.0,1628.0,,1545.0,SUV,5.0,5.0,725.0,平开门,主 / 副,前 / 后,,主 / 副,,上下+前后,大屏,USB/Type-C,,46180,仿皮,前 / 后,自动,46180,燃油
sg24393,218353.0,长安,35.0,长安,3196,长安CS75 PLUS,249961,第四代 1.5T 新蓝鲸智慧卓越型,2024,燃油,长安汽车,紧凑型SUV,11.59,11.59万,10.03万,10.09万,1494.0,1.5,涡轮增压,L,4.0,,192.0,141.0,5500.0,310.0,1500,汽油,92#,缸内直喷,铝,国VI b,8挡自动,8.0,自动变速箱(AT),190.0,7.9,,3年或10万公里,,,,,,,,,,,,,,,,,4770,1910,1705,2800,1620.0,1628.0,,1545.0,SUV,5.0,5.0,725.0,平开门,主 / 副,前 / 后,,主 / 副,,上下+前后,大屏,USB/Type-C,,46180,仿皮,前 / 后,自动,46180,燃油
sg24393,175597.0,长安,35.0,长安,3196,长安CS75 PLUS,249961,第四代 1.5T 新蓝鲸智慧卓越型,2025,燃油,长安汽车,紧凑型SUV,11.59,11.59万,10.03万,10.09万,1494.0,1.5,涡轮增压,L,4.0,,192.0,141.0,5500.0,310.0,1500,汽油,92#,缸内直喷,铝,国VI b,8挡自动,8.0,自动变速箱(AT),190.0,7.9,,3年或10万公里,,,,,,,,,,,,,,,,,4770,1910,1705,2800,1620.0,1628.0,,1545.0,SUV,5.0,5.0,725.0,平开门,主 / 副,前 / 后,,主 / 副,,上下+前后,大屏,USB/Type-C,,46180,仿皮,前 / 后,自动,46180,燃油
sg24393,72962.0,长安,35.0,长安,3196,长安CS75 PLUS,252975,智慧冠军版 1.5T 新蓝鲸智领型,2026,燃油,长安汽车,紧凑型SUV,10.89,10.89万,9.03万,9.19万,1494.0,1.5,涡轮增压,L,4.0,,192.0,141.0,5500.0,310.0,1500,汽油,92#,缸内直喷,铝,国VI b,8挡自动,8.0,自动变速箱(AT),190.0,,,3年或10万公里,,,,,,,,,,,,,,,,,4710,1865,1710,2710,1585.0,1585.0,,1575.0,SUV,5.0,5.0,620.0,平开门,主 / 副,前 / 后,,主 / 副,,上下+前后,,USB/Type-C+SD卡槽,,46180,仿皮,前 / 后,自动,46180,燃油
sg24403,41214.0,启辰,109.0,启辰,3351,启辰D60 EV,79190,PLUS SI型舒适版,2022,纯电动,东风日产,紧凑型车,13.98,13.98万,暂无报价,13.98万,,,,,,,,,,,,纯电动,,,,,电动车单速变速箱,1.0,固定齿比变速箱,140.0,,,3年或12万公里,永磁/同步,120.0,280.0,120.0,280.0,,,,,,,420.0,,80,,,4774,1803,1505,2701,1555.0,1550.0,140.0,1540.0,三厢车,4.0,5.0,525.0,平开门,主 / 副,前 / 后,,主 / 副,,上下,,USB/Type-C,,46056,织物,前 / 后,自动,46056,纯电动
sg24417,68499.0,东风风神,37.0,东风风神,3365,奕炫,79598,改款 1.5L 手动追风版,2022,燃油,东风乘用车,紧凑型车,6.49,6.49万,5.79万,6.49万,1496.0,1.5,自然吸气,L,4.0,,125.0,92.0,6000.0,158.0,4500,汽油,92#,缸内直喷,铝,国VI,5挡手动,5.0,手动变速箱(MT),175.0,,5.69,3年或10万公里,,,,,,,,,,,,,,,,,4660,1812,1490,2680,1553.0,1553.0,120.0,1203.0,三厢车,4.0,5.0,454.0,平开门,主 / 副,前 / 后,,主 / 副,,上下,大屏,USB/Type-C,,46117,仿皮,前 / 后,自动,46117,燃油
sg24417,49156.0,东风风神,37.0,东风风神,3365,奕炫,79598,改款 1.5L 手动追风版,2023,燃油,东风乘用车,紧凑型车,6.49,6.49万,5.79万,6.49万,1496.0,1.5,自然吸气,L,4.0,,125.0,92.0,6000.0,158.0,4500,汽油,92#,缸内直喷,铝,国VI,5挡手动,5.0,手动变速箱(MT),175.0,,5.69,3年或10万公里,,,,,,,,,,,,,,,,,4660,1812,1490,2680,1553.0,1553.0,120.0,1203.0,三厢车,4.0,5.0,454.0,平开门,主 / 副,前 / 后,,主 / 副,,上下,大屏,USB/Type-C,,46117,仿皮,前 / 后,自动,46117,燃油
sg24417,22284.0,东风风神,37.0,东风风神,3365,奕炫,97522,1.5L 自动劲速版,2024,燃油,东风乘用车,紧凑型车,7.79,7.79万,6.89万,6.59万,1496.0,1.5,自然吸气,L,4.0,,125.0,92.0,6000.0,158.0,4500,汽油,92#,缸内直喷,铝,国VI,6挡双离合,6.0,湿式双离合变速箱（DCT）,180.0,,5.93,3年或10万公里,,,,,,,,,,,,,,,,,4670,1812,1490,2680,1553.0,1553.0,120.0,1232.0,三厢车,4.0,5.0,454.0,平开门,主 / 副,前 / 后,,主 / 副,,上下,,USB/Type-C,,46117,仿皮,前 / 后,自动,46117,燃油
sg24417,14128.0,东风风神,37.0,东风风神,3365,奕炫,248306,1.5L 自动豪华型,2025,燃油,东风乘用车,紧凑型车,7.79,7.79万,6.92万,6.59万,1496.0,1.5,自然吸气,L,4.0,,125.0,92.0,6000.0,158.0,4500,汽油,92#,缸内直喷,铝,国VI b,6挡双离合,6.0,湿式双离合变速箱（DCT）,180.0,,,3年或10万公里,,,,,,,,,,,,,,,,,4670,1812,1490,2680,1553.0,1553.0,120.0,1232.0,三厢车,4.0,5.0,454.0,平开门,主 / 副,前 / 后,,主 / 副,,上下+前后,大屏,USB/Type-C,,46180,仿皮,前 / 后,自动,46180,燃油
sg24417,5313.0,东风风神,37.0,东风风神,3365,奕炫,255986,1.5L 自动豪华型,2026,燃油,东风乘用车,紧凑型车,7.79,7.79万,6.50万,6.59万,1496.0,1.5,自然吸气,L,4.0,,125.0,92.0,6000.0,158.0,4500,汽油,92#,缸内直喷,铝,国VI b,6挡双离合,6.0,湿式双离合变速箱（DCT）,180.0,,,3年或10万公里,,,,,,,,,,,,,,,,,4670,1812,1490,2680,1553.0,1553.0,120.0,1232.0,三厢车,4.0,5.0,454.0,平开门,主 / 副,前 / 后,,主 / 副,,上下+前后,大屏,USB/Type-C,,46056,仿皮,前 / 后,自动,46056,燃油
sg24444,290.0,沃尔沃,24.0,沃尔沃,3355,沃尔沃XC40,249118,B3 智行时尚版,2026,燃油,沃尔沃亚太,紧凑型SUV,26.98,26.98万,暂无报价,19.19万,1969.0,2.0,涡轮增压,L,4.0,,163.0,120.0,4750.0,265.0,1500,48V轻混系统,95#,缸内直喷,铝,国VI,7挡双离合,7.0,湿式双离合变速箱（DCT）,180.0,8.6,,3年不限公里,,,,,,,,,,,,,,,,,4440,1863,1657,2702,1601.0,1626.0,211.0,1685.0,SUV,5.0,5.0,443.0,平开门,主 / 副,前 / 后,,主 / 副,,上下+前后,大屏,USB/Type-C,,46243,织物,前 / 后,自动,46243,燃油
sg24463,3244.0,领克,174.0,领克,3463,领克05,87267,05+ 2.0TD 探索版,2023,燃油,领克,紧凑型SUV,22.68,22.68万,23.43万,22.08万,1969.0,2.0,涡轮增压,L,4.0,,265.0,195.0,5500.0,380.0,2000,汽油,95#,缸内直喷,铝,国VI b,8挡手自一体,8.0,手自一体变速箱(AT),230.0,6.5,,4年或10万公里,,,,,,,,,,,,,,,,,4614,1879,1628,2734,1593.0,1618.0,176.0,1798.0,SUV,5.0,5.0,336.0,平开门,主 / 副,前 / 后,,主 / 副,,上下+前后,大屏,USB/Type-C,Infinity,46306,,前 / 后,自动,46306,燃油
sg24496,31597.0,零跑汽车,207.0,零跑汽车,4731,零跑C11,249604,增程式 300激光雷达版,2026,增程式,零跑汽车,中型SUV,14.98,14.98万,14.31万,14.58万,1499.0,1.5,自然吸气,L,4.0,,95.0,70.0,5200.0,135.0,3400,增程式,92#,多点电喷,铝,国VI b,电动车单速变速箱,1.0,固定齿比变速箱,170.0,7.6,,4年或12万公里,永磁/同步,200.0,320.0,,,200.0,320.0,,,,,210.0,,,,,4780,1905,1658,2930,1605.0,1595.0,170.0,2090.0,SUV,5.0,5.0,410.0,平开门,主 / 副,前 / 后,,主 / 副,,上下+前后,,USB/Type-C,,12以上,仿皮,前 / 后,自动,12以上,增程式
sg24496,,零跑汽车,207.0,零跑汽车,4731,零跑C11,259818,增程式 300激光雷达版,2027,增程式,零跑汽车,中型SUV,14.38,14.38万,暂无报价,14.38万,,,,,,,,,,,,,,,,,,,,,,,4年或12万公里,,,,,,,,,,,,,,,,,4780,1905,1658,2930,,,,,SUV,,5.0,,,主 / 副,前 / 后,,主 / 副,,,,,,,,前 / 后,：,,增程式
sg24504,27611.0,福特,7.0,福特,3334,锐际,92145,EcoBoost 245 两驱悠享款,2022,燃油,长安福特,紧凑型SUV,16.98,16.98万,13.38万,11.98万,1999.0,2.0,涡轮增压,L,4.0,,248.0,182.0,5500.0,393.0,2500,汽油,92#,缸内直喷,铝,国VI,8挡自动,8.0,自动变速箱(AT),219.0,7.5,,3年或10万公里,,,,,,,,,,,,,,,,,4585,1882,1688,2710,1597.0,1588.0,,1585.0,SUV,5.0,5.0,,平开门,主 / 副,前 / 后,,主 / 副,,上下+前后,大屏,USB/Type-C,,46180,仿皮,前 / 后,自动,46180,燃油
sg24504,22203.0,福特,7.0,福特,3334,锐际,92145,EcoBoost 245 两驱悠享款,2023,燃油,长安福特,紧凑型SUV,16.98,16.98万,13.38万,11.98万,1999.0,2.0,涡轮增压,L,4.0,,248.0,182.0,5500.0,393.0,2500,汽油,92#,缸内直喷,铝,国VI,8挡自动,8.0,自动变速箱(AT),219.0,7.5,,3年或10万公里,,,,,,,,,,,,,,,,,4585,1882,1688,2710,1597.0,1588.0,,1585.0,SUV,5.0,5.0,,平开门,主 / 副,前 / 后,,主 / 副,,上下+前后,大屏,USB/Type-C,,46180,仿皮,前 / 后,自动,46180,燃油
sg24504,11342.0,福特,7.0,福特,3334,锐际,92145,EcoBoost 245 两驱悠享款,2024,燃油,长安福特,紧凑型SUV,16.98,16.98万,13.38万,11.98万,1999.0,2.0,涡轮增压,L,4.0,,248.0,182.0,5500.0,393.0,2500,汽油,92#,缸内直喷,铝,国VI,8挡自动,8.0,自动变速箱(AT),219.0,7.5,,3年或10万公里,,,,,,,,,,,,,,,,,4585,1882,1688,2710,1597.0,1588.0,,1585.0,SUV,5.0,5.0,,平开门,主 / 副,前 / 后,,主 / 副,,上下+前后,大屏,USB/Type-C,,46180,仿皮,前 / 后,自动,46180,燃油
sg24504,6404.0,福特,7.0,福特,3334,锐际,92145,EcoBoost 245 两驱悠享款,2025,燃油,长安福特,紧凑型SUV,16.98,16.98万,13.38万,11.98万,1999.0,2.0,涡轮增压,L,4.0,,248.0,182.0,5500.0,393.0,2500,汽油,92#,缸内直喷,铝,国VI,8挡自动,8.0,自动变速箱(AT),219.0,7.5,,3年或10万公里,,,,,,,,,,,,,,,,,4585,1882,1688,2710,1597.0,1588.0,,1585.0,SUV,5.0,5.0,,平开门,主 / 副,前 / 后,,主 / 副,,上下+前后,大屏,USB/Type-C,,46180,仿皮,前 / 后,自动,46180,燃油
sg24504,1225.0,福特,7.0,福特,3334,锐际,92145,EcoBoost 245 两驱悠享款,2026,燃油,长安福特,紧凑型SUV,16.98,16.98万,13.38万,11.98万,1999.0,2.0,涡轮增压,L,4.0,,248.0,182.0,5500.0,393.0,2500,汽油,92#,缸内直喷,铝,国VI,8挡自动,8.0,自动变速箱(AT),219.0,7.5,,3年或10万公里,,,,,,,,,,,,,,,,,4585,1882,1688,2710,1597.0,1588.0,,1585.0,SUV,5.0,5.0,,平开门,主 / 副,前 / 后,,主 / 副,,上下+前后,大屏,USB/Type-C,,46180,仿皮,前 / 后,自动,46180,燃油
sg24513,59066.0,小鹏,195.0,小鹏汽车,sg24513,小鹏P7,257034,702 Max,2022,纯电动,小鹏汽车,中大型车,20.38,20.38万,20.12万,20.38万,,,,,,,,,,,,纯电动,,,,,电动车单速变速箱,1.0,固定齿比变速箱,230.0,5.8,,5年或12万公里,永磁/同步,270.0,465.0,,,270.0,465.0,,,,,702.0,,,,,5017,1970,1427,3008,1682.0,1682.0,,2125.0,掀背车,5.0,5.0,575.0,平开门,主 / 副,前 / 后,,主 / 副,,上下+前后,,USB/Type-C,,12以上,,前 / 后,自动,12以上,纯电动
sg24513,45371.0,小鹏,195.0,小鹏汽车,sg24513,小鹏P7,257034,702 Max,2023,纯电动,小鹏汽车,中大型车,20.38,20.38万,20.12万,20.38万,,,,,,,,,,,,纯电动,,,,,电动车单速变速箱,1.0,固定齿比变速箱,230.0,5.8,,5年或12万公里,永磁/同步,270.0,465.0,,,270.0,465.0,,,,,702.0,,,,,5017,1970,1427,3008,1682.0,1682.0,,2125.0,掀背车,5.0,5.0,575.0,平开门,主 / 副,前 / 后,,主 / 副,,上下+前后,,USB/Type-C,,12以上,,前 / 后,自动,12以上,纯电动
sg24513,15089.0,小鹏,195.0,小鹏汽车,sg24513,小鹏P7,257034,702 Max,2024,纯电动,小鹏汽车,中大型车,20.38,20.38万,20.12万,20.38万,,,,,,,,,,,,纯电动,,,,,电动车单速变速箱,1.0,固定齿比变速箱,230.0,5.8,,5年或12万公里,永磁/同步,270.0,465.0,,,270.0,465.0,,,,,702.0,,,,,5017,1970,1427,3008,1682.0,1682.0,,2125.0,掀背车,5.0,5.0,575.0,平开门,主 / 副,前 / 后,,主 / 副,,上下+前后,,USB/Type-C,,12以上,,前 / 后,自动,12以上,纯电动
sg24513,20842.0,小鹏,195.0,小鹏汽车,sg24513,小鹏P7,257034,702 Max,2025,纯电动,小鹏汽车,中大型车,20.38,20.38万,20.12万,20.38万,,,,,,,,,,,,纯电动,,,,,电动车单速变速箱,1.0,固定齿比变速箱,230.0,5.8,,5年或12万公里,永磁/同步,270.0,465.0,,,270.0,465.0,,,,,702.0,,,,,5017,1970,1427,3008,1682.0,1682.0,,2125.0,掀背车,5.0,5.0,575.0,平开门,主 / 副,前 / 后,,主 / 副,,上下+前后,,USB/Type-C,,12以上,,前 / 后,自动,12以上,纯电动
sg24513,8790.0,小鹏,195.0,小鹏汽车,sg24513,小鹏P7,257034,702 Max,2026,纯电动,小鹏汽车,中大型车,20.38,20.38万,20.12万,20.38万,,,,,,,,,,,,纯电动,,,,,电动车单速变速箱,1.0,固定齿比变速箱,230.0,5.8,,5年或12万公里,永磁/同步,270.0,465.0,,,270.0,465.0,,,,,702.0,,,,,5017,1970,1427,3008,1682.0,1682.0,,2125.0,掀背车,5.0,5.0,575.0,平开门,主 / 副,前 / 后,,主 / 副,,上下+前后,,USB/Type-C,,12以上,,前 / 后,自动,12以上,纯电动
sg2453,1112.0,斯柯达,23.0,斯柯达,1241,明锐,241043,PRO TSI280 DSG尊享版,2025,燃油,上汽大众斯柯达,紧凑型车,14.39,14.39万,暂无报价,11.79万,1395.0,1.4,涡轮增压,L,4.0,,150.0,110.0,5000.0,250.0,1750,汽油,95#,缸内直喷,铝,国VI,7挡双离合,7.0,干式双离合变速箱（DCT）,200.0,,4.4,3年或10万公里,,,,,,,,,,,,,,,,,4753,1832,1469,2730,1543.0,1542.0,,1360.0,掀背车,5.0,5.0,528.0,平开门,主 / 副,前 / 后,,主 / 副,,上下+前后,大屏,USB/Type-C,,46180,仿皮,前 / 后,自动,46180,燃油
sg24567,3991.0,埃安,242.0,埃安,3503,AION LX,57082,PLUS 80 智尊版,2022,纯电动,广汽埃安新能源,中型SUV,28.66,28.66万,21.87万,23.66万,,,,,,,,,,,,纯电动,,,,,电动车单速变速箱,1.0,固定齿比变速箱,170.0,7.8,,4年或15万公里,永磁/同步,180.0,350.0,180.0,350.0,,,,,三元锂电池,,650.0,15.8,,,,4835,1935,1685,2920,1650.0,1660.0,,2070.0,SUV,5.0,5.0,410.0,平开门,主 / 副,前 / 后,,主 / 副,,上下+前后,大屏,USB/Type-C,阿尔派,46306,真皮,前 / 后,自动,46306,纯电动
sg24574,1176.0,启辰,109.0,启辰,3453,启辰T60 EV,86769,畅行版,2023,纯电动,东风日产,小型SUV,18.98,18.98万,暂无报价,18.98万,,,,,,,,,,,,纯电动,,,,,电动车单速变速箱,1.0,固定齿比变速箱,125.0,,,3年或12万公里,永磁/同步,120.0,250.0,120.0,250.0,,,,,三元锂电池,60.7,442.0,14.7,80,0.5,8.0,4415,1820,1668,2640,1565.0,1565.0,162.0,1590.0,SUV,5.0,5.0,508.0,平开门,主 / 副,前 / 后,,主 / 副,,上下,大屏,USB/Type-C,,,仿皮,前 / 后,自动,,纯电动
sg24583,26766.0,宝骏,,宝骏,sg24583,宝骏RC-5,pcauto_m99069,宝骏RC-5 2020款 1.5L MT智耀精英型,2020,燃油,上汽通用五菱,紧凑型车,5.98,5.98万,,,1485.0,1.5,自然吸气,直列,4.0,DVVT,99.0,73.0,,143.0,,汽油,92号(原93号),多点电喷,铸铁,国VI,手动,6.0,手动,,,,三年或10万公里,,,,,,,,,,,,,,,,,4650,1806,1458,2700,,,,1250.0,三厢车,4.0,5.0,,,,,,,塑料,上下,,,,,织物,,手动,,
sg24603,25488.0,大众,1.0,大众,3437,揽境,250122,450TSI 四驱至尊版 7座,2022,燃油,一汽-大众,中大型SUV,26.99,26.99万,26.75万,26.99万,1984.0,2.0,涡轮增压,L,4.0,米勒循环、可变截面涡轮,272.0,200.0,5000.0,400.0,1700,汽油,95#,缸内直喷,铁,国VI,7挡双离合,7.0,湿式双离合变速箱（DCT）,200.0,7.5,,3年或10万公里,,,,,,,,,,,,,,,,,5143,2002,1792,2980,1704.0,1719.0,165.0,2177.0,SUV,5.0,7.0,350.0,平开门,主 / 副,前 / 后,,主 / 副,,上下+前后,大屏,USB/Type-C,,,仿皮,前 / 后,自动,,燃油
sg24603,31185.0,大众,1.0,大众,3437,揽境,250122,450TSI 四驱至尊版 7座,2023,燃油,一汽-大众,中大型SUV,26.99,26.99万,26.75万,26.99万,1984.0,2.0,涡轮增压,L,4.0,米勒循环、可变截面涡轮,272.0,200.0,5000.0,400.0,1700,汽油,95#,缸内直喷,铁,国VI,7挡双离合,7.0,湿式双离合变速箱（DCT）,200.0,7.5,,3年或10万公里,,,,,,,,,,,,,,,,,5143,2002,1792,2980,1704.0,1719.0,165.0,2177.0,SUV,5.0,7.0,350.0,平开门,主 / 副,前 / 后,,主 / 副,,上下+前后,大屏,USB/Type-C,,,仿皮,前 / 后,自动,,燃油
sg24603,19570.0,大众,1.0,大众,3437,揽境,250122,450TSI 四驱至尊版 7座,2024,燃油,一汽-大众,中大型SUV,26.99,26.99万,26.75万,26.99万,1984.0,2.0,涡轮增压,L,4.0,米勒循环、可变截面涡轮,272.0,200.0,5000.0,400.0,1700,汽油,95#,缸内直喷,铁,国VI,7挡双离合,7.0,湿式双离合变速箱（DCT）,200.0,7.5,,3年或10万公里,,,,,,,,,,,,,,,,,5143,2002,1792,2980,1704.0,1719.0,165.0,2177.0,SUV,5.0,7.0,350.0,平开门,主 / 副,前 / 后,,主 / 副,,上下+前后,大屏,USB/Type-C,,,仿皮,前 / 后,自动,,燃油
sg24603,12202.0,大众,1.0,大众,3437,揽境,250122,450TSI 四驱至尊版 7座,2025,燃油,一汽-大众,中大型SUV,26.99,26.99万,26.75万,26.99万,1984.0,2.0,涡轮增压,L,4.0,米勒循环、可变截面涡轮,272.0,200.0,5000.0,400.0,1700,汽油,95#,缸内直喷,铁,国VI,7挡双离合,7.0,湿式双离合变速箱（DCT）,200.0,7.5,,3年或10万公里,,,,,,,,,,,,,,,,,5143,2002,1792,2980,1704.0,1719.0,165.0,2177.0,SUV,5.0,7.0,350.0,平开门,主 / 副,前 / 后,,主 / 副,,上下+前后,大屏,USB/Type-C,,,仿皮,前 / 后,自动,,燃油
sg24603,3108.0,大众,1.0,大众,3437,揽境,250122,450TSI 四驱至尊版 7座,2026,燃油,一汽-大众,中大型SUV,26.99,26.99万,26.75万,26.99万,1984.0,2.0,涡轮增压,L,4.0,米勒循环、可变截面涡轮,272.0,200.0,5000.0,400.0,1700,汽油,95#,缸内直喷,铁,国VI,7挡双离合,7.0,湿式双离合变速箱（DCT）,200.0,7.5,,3年或10万公里,,,,,,,,,,,,,,,,,5143,2002,1792,2980,1704.0,1719.0,165.0,2177.0,SUV,5.0,7.0,350.0,平开门,主 / 副,前 / 后,,主 / 副,,上下+前后,大屏,USB/Type-C,,,仿皮,前 / 后,自动,,燃油
sg24604,14309.0,大众,1.0,大众,4425,探岳X,76831,330TSI 两驱尊贵高能版,2022,燃油,一汽-大众,中型SUV,23.29,23.29万,17.93万,18.29万,1984.0,2.0,涡轮增压,L,4.0,,186.0,137.0,4150.0,320.0,1600,汽油,95#,缸内直喷,铁,国VI,7挡双离合,7.0,湿式双离合变速箱（DCT）,200.0,9.3,,3年或10万公里,,,,,,,,,,,,,,,,,4622,1860,1661,2731,1580.0,1571.0,,1701.0,SUV,5.0,5.0,525.0,平开门,主 / 副,前 / 后,,主 / 副,,上下+前后,大屏,USB/Type-C,,46180,仿皮,前 / 后,自动,46180,燃油
sg24604,8903.0,大众,1.0,大众,4425,探岳X,76831,330TSI 两驱尊贵高能版,2023,燃油,一汽-大众,中型SUV,23.29,23.29万,17.93万,18.29万,1984.0,2.0,涡轮增压,L,4.0,,186.0,137.0,4150.0,320.0,1600,汽油,95#,缸内直喷,铁,国VI,7挡双离合,7.0,湿式双离合变速箱（DCT）,200.0,9.3,,3年或10万公里,,,,,,,,,,,,,,,,,4622,1860,1661,2731,1580.0,1571.0,,1701.0,SUV,5.0,5.0,525.0,平开门,主 / 副,前 / 后,,主 / 副,,上下+前后,大屏,USB/Type-C,,46180,仿皮,前 / 后,自动,46180,燃油
sg24604,5927.0,大众,1.0,大众,4425,探岳X,76831,330TSI 两驱尊贵高能版,2024,燃油,一汽-大众,中型SUV,23.29,23.29万,17.93万,18.29万,1984.0,2.0,涡轮增压,L,4.0,,186.0,137.0,4150.0,320.0,1600,汽油,95#,缸内直喷,铁,国VI,7挡双离合,7.0,湿式双离合变速箱（DCT）,200.0,9.3,,3年或10万公里,,,,,,,,,,,,,,,,,4622,1860,1661,2731,1580.0,1571.0,,1701.0,SUV,5.0,5.0,525.0,平开门,主 / 副,前 / 后,,主 / 副,,上下+前后,大屏,USB/Type-C,,46180,仿皮,前 / 后,自动,46180,燃油
sg24604,3788.0,大众,1.0,大众,4425,探岳X,76831,330TSI 两驱尊贵高能版,2025,燃油,一汽-大众,中型SUV,23.29,23.29万,17.93万,18.29万,1984.0,2.0,涡轮增压,L,4.0,,186.0,137.0,4150.0,320.0,1600,汽油,95#,缸内直喷,铁,国VI,7挡双离合,7.0,湿式双离合变速箱（DCT）,200.0,9.3,,3年或10万公里,,,,,,,,,,,,,,,,,4622,1860,1661,2731,1580.0,1571.0,,1701.0,SUV,5.0,5.0,525.0,平开门,主 / 副,前 / 后,,主 / 副,,上下+前后,大屏,USB/Type-C,,46180,仿皮,前 / 后,自动,46180,燃油
sg24604,1311.0,大众,1.0,大众,4425,探岳X,76831,330TSI 两驱尊贵高能版,2026,燃油,一汽-大众,中型SUV,23.29,23.29万,17.93万,18.29万,1984.0,2.0,涡轮增压,L,4.0,,186.0,137.0,4150.0,320.0,1600,汽油,95#,缸内直喷,铁,国VI,7挡双离合,7.0,湿式双离合变速箱（DCT）,200.0,9.3,,3年或10万公里,,,,,,,,,,,,,,,,,4622,1860,1661,2731,1580.0,1571.0,,1701.0,SUV,5.0,5.0,525.0,平开门,主 / 副,前 / 后,,主 / 副,,上下+前后,大屏,USB/Type-C,,46180,仿皮,前 / 后,自动,46180,燃油
sg24611,22998.0,蔚来,112.0,蔚来,3478,蔚来ET7,100282,100kWh 行政版,2022,纯电动,蔚来,中大型车,42.8,42.80万,46.00万,42.80万,,,,,,,,,,,,纯电动,,,,,电动车单速变速箱,1.0,固定齿比变速箱,200.0,3.8,,3年或12万公里,前永磁/同步后交流/异步,480.0,850.0,180.0,350.0,300.0,500.0,,,三元锂电池,100.0,705.0,,80,,,5101,1987,1509,3060,1668.0,1672.0,128.0,2379.0,三厢车,4.0,5.0,503.0,平开门,主 / 副,前 / 后,,主 / 副,,上下+前后,大屏,USB/Type-C,,,仿皮,前 / 后,自动,,纯电动
sg24611,5643.0,蔚来,112.0,蔚来,3478,蔚来ET7,100282,100kWh 行政版,2023,纯电动,蔚来,中大型车,42.8,42.80万,46.00万,42.80万,,,,,,,,,,,,纯电动,,,,,电动车单速变速箱,1.0,固定齿比变速箱,200.0,3.8,,3年或12万公里,前永磁/同步后交流/异步,480.0,850.0,180.0,350.0,300.0,500.0,,,三元锂电池,100.0,705.0,,80,,,5101,1987,1509,3060,1668.0,1672.0,128.0,2379.0,三厢车,4.0,5.0,503.0,平开门,主 / 副,前 / 后,,主 / 副,,上下+前后,大屏,USB/Type-C,,,仿皮,前 / 后,自动,,纯电动
sg24611,7244.0,蔚来,112.0,蔚来,3478,蔚来ET7,100282,100kWh 行政版,2024,纯电动,蔚来,中大型车,42.8,42.80万,46.00万,42.80万,,,,,,,,,,,,纯电动,,,,,电动车单速变速箱,1.0,固定齿比变速箱,200.0,3.8,,3年或12万公里,前永磁/同步后交流/异步,480.0,850.0,180.0,350.0,300.0,500.0,,,三元锂电池,100.0,705.0,,80,,,5101,1987,1509,3060,1668.0,1672.0,128.0,2379.0,三厢车,4.0,5.0,503.0,平开门,主 / 副,前 / 后,,主 / 副,,上下+前后,大屏,USB/Type-C,,,仿皮,前 / 后,自动,,纯电动
sg24611,3046.0,蔚来,112.0,蔚来,3478,蔚来ET7,100282,100kWh 行政版,2025,纯电动,蔚来,中大型车,42.8,42.80万,46.00万,42.80万,,,,,,,,,,,,纯电动,,,,,电动车单速变速箱,1.0,固定齿比变速箱,200.0,3.8,,3年或12万公里,前永磁/同步后交流/异步,480.0,850.0,180.0,350.0,300.0,500.0,,,三元锂电池,100.0,705.0,,80,,,5101,1987,1509,3060,1668.0,1672.0,128.0,2379.0,三厢车,4.0,5.0,503.0,平开门,主 / 副,前 / 后,,主 / 副,,上下+前后,大屏,USB/Type-C,,,仿皮,前 / 后,自动,,纯电动
sg24611,96.0,蔚来,112.0,蔚来,3478,蔚来ET7,100282,100kWh 行政版,2026,纯电动,蔚来,中大型车,42.8,42.80万,46.00万,42.80万,,,,,,,,,,,,纯电动,,,,,电动车单速变速箱,1.0,固定齿比变速箱,200.0,3.8,,3年或12万公里,前永磁/同步后交流/异步,480.0,850.0,180.0,350.0,300.0,500.0,,,三元锂电池,100.0,705.0,,80,,,5101,1987,1509,3060,1668.0,1672.0,128.0,2379.0,三厢车,4.0,5.0,503.0,平开门,主 / 副,前 / 后,,主 / 副,,上下+前后,大屏,USB/Type-C,,,仿皮,前 / 后,自动,,纯电动
sg24618,324.0,东风风光,,东风风光,sg24618,风光E3,pcauto_m88746,风光E3 2020款 EV 智悦型,2020,纯电动,东风小康,小型SUV,12.98,12.98万,,,,,,,,,,,,,,纯电动,,,,,固定齿比,1.0,固定齿比,160.0,,,七年或15万公里,永磁同步,120.0,300.0,120.0,300.0,,,,,三元锂电池,53.6,405.0,,,快充:0.5小时/慢充:8.0小时,80.0,4385,1850,1650,2655,,,,1690.0,SUV,5.0,5.0,,,,,,,皮质,上下,,,,,织物,,手动,,
sg24626,18970.0,比亚迪,16.0,比亚迪,3455,比亚迪e2,89498,出行版,2023,纯电动,比亚迪,紧凑型车,14.78,14.78万,13.15万,14.78万,,,,,,,,,,,,纯电动,,,,,电动车单速变速箱,1.0,固定齿比变速箱,130.0,,,6年或15万公里,永磁/交流/同步,70.0,180.0,70.0,180.0,,,,,,,405.0,,80,,,4260,1760,1530,2610,1490.0,1470.0,,1340.0,两厢车,5.0,5.0,,平开门,主 / 副,前 / 后,,主 / 副,,上下,大屏,USB/Type-C,,46117,织物,前 / 后,自动,46117,纯电动
sg24626,19370.0,比亚迪,16.0,比亚迪,3455,比亚迪e2,99137,荣耀版 舒适型,2024,纯电动,比亚迪,紧凑型车,8.98,8.98万,8.50万,8.98万,,,,,,,,,,,,纯电动,,,,,电动车单速变速箱,1.0,固定齿比变速箱,130.0,,,6年或15万公里,永磁/交流/同步,70.0,180.0,70.0,180.0,,,,,,,405.0,,80,,,4260,1760,1530,2610,1490.0,1470.0,,1340.0,两厢车,5.0,5.0,,平开门,主 / 副,前 / 后,,主 / 副,,上下,大屏,USB/Type-C,,46117,织物,前 / 后,自动,46117,纯电动
sg2463,89597.0,现代,11.0,现代,1310,伊兰特,260043,1.5L CVT GLS领先版,2022,燃油,北京现代,紧凑型车,9.98,9.98万,暂无报价,6.18万,1497.0,1.5,自然吸气,L,4.0,,115.0,84.0,6300.0,144.0,4500,汽油,92#,多点电喷,铝,国VI,CVT无级变速,,无级变速箱(CVT),190.0,,,可选：3年或15万公里/5年或10万公里/7年或7万公里,,,,,,,,,,,,,,,,,4720,1810,1415,2720,1585.0,1596.0,,1208.0,三厢车,4.0,5.0,474.0,平开门,主 / 副,前 / 后,,主 / 副,,上下+前后,,USB/Type-C,,46180,织物,前 / 后,手动,46180,燃油
sg2463,108673.0,现代,11.0,现代,1310,伊兰特,260043,1.5L CVT GLS领先版,2023,燃油,北京现代,紧凑型车,9.98,9.98万,暂无报价,6.18万,1497.0,1.5,自然吸气,L,4.0,,115.0,84.0,6300.0,144.0,4500,汽油,92#,多点电喷,铝,国VI,CVT无级变速,,无级变速箱(CVT),190.0,,,可选：3年或15万公里/5年或10万公里/7年或7万公里,,,,,,,,,,,,,,,,,4720,1810,1415,2720,1585.0,1596.0,,1208.0,三厢车,4.0,5.0,474.0,平开门,主 / 副,前 / 后,,主 / 副,,上下+前后,,USB/Type-C,,46180,织物,前 / 后,手动,46180,燃油
sg2463,77479.0,现代,11.0,现代,1310,伊兰特,260043,1.5L CVT GLS领先版,2024,燃油,北京现代,紧凑型车,9.98,9.98万,暂无报价,6.18万,1497.0,1.5,自然吸气,L,4.0,,115.0,84.0,6300.0,144.0,4500,汽油,92#,多点电喷,铝,国VI,CVT无级变速,,无级变速箱(CVT),190.0,,,可选：3年或15万公里/5年或10万公里/7年或7万公里,,,,,,,,,,,,,,,,,4720,1810,1415,2720,1585.0,1596.0,,1208.0,三厢车,4.0,5.0,474.0,平开门,主 / 副,前 / 后,,主 / 副,,上下+前后,,USB/Type-C,,46180,织物,前 / 后,手动,46180,燃油
sg2463,63446.0,现代,11.0,现代,1310,伊兰特,260043,1.5L CVT GLS领先版,2025,燃油,北京现代,紧凑型车,9.98,9.98万,暂无报价,6.18万,1497.0,1.5,自然吸气,L,4.0,,115.0,84.0,6300.0,144.0,4500,汽油,92#,多点电喷,铝,国VI,CVT无级变速,,无级变速箱(CVT),190.0,,,可选：3年或15万公里/5年或10万公里/7年或7万公里,,,,,,,,,,,,,,,,,4720,1810,1415,2720,1585.0,1596.0,,1208.0,三厢车,4.0,5.0,474.0,平开门,主 / 副,前 / 后,,主 / 副,,上下+前后,,USB/Type-C,,46180,织物,前 / 后,手动,46180,燃油
sg2463,21390.0,现代,11.0,现代,1310,伊兰特,260043,1.5L CVT GLS领先版,2026,燃油,北京现代,紧凑型车,9.98,9.98万,暂无报价,6.18万,1497.0,1.5,自然吸气,L,4.0,,115.0,84.0,6300.0,144.0,4500,汽油,92#,多点电喷,铝,国VI,CVT无级变速,,无级变速箱(CVT),190.0,,,可选：3年或15万公里/5年或10万公里/7年或7万公里,,,,,,,,,,,,,,,,,4720,1810,1415,2720,1585.0,1596.0,,1208.0,三厢车,4.0,5.0,474.0,平开门,主 / 副,前 / 后,,主 / 副,,上下+前后,,USB/Type-C,,46180,织物,前 / 后,手动,46180,燃油
sg24630,1134.0,丰田,,丰田,sg24630,奕泽IZOA E进擎,pcauto_m98065,奕泽IZOA E进擎 2020款 E·智行版,2020,纯电动,一汽丰田,小型SUV,22.58,22.58万,,,,,,,,,,,,,,纯电动,,,,,固定齿比,1.0,固定齿比,160.0,,,三年或10万公里,永磁同步,150.0,300.0,150.0,300.0,,,,,三元锂电池,54.3,400.0,13.1,八年或20万公里,快充:0.83小时/慢充:6.5小时,75.0,4405,1795,1575,2640,,,,1780.0,SUV,5.0,5.0,,平开门,,,,,塑料,上下+前后,,,,,织物,,自动,,
sg24633,1016.0,奔驰,3.0,奔驰,3360,奔驰A级AMG,243418,AMG A 35 L 4MATIC,2025,燃油,北京奔驰,紧凑型车,41.13,41.13万,26.94万,25.03万,1991.0,2.0,涡轮增压,L,4.0,,306.0,225.0,6100.0,400.0,2500,48V轻混系统,95#,缸内直喷,铝,国VI,8挡双离合,8.0,湿式双离合变速箱（DCT）,250.0,5.1,,3年不限公里,,,,,,,,,,,,,,,,,4630,1796,1416,2789,1573.0,1570.0,,1642.0,三厢车,4.0,5.0,370.0,平开门,主 / 副,前 / 后,,主 / 副,,上下+前后,大屏,USB/Type-C,,,真皮,前 / 后,自动,,燃油
sg24636,110747.0,吉利汽车,73.0,吉利汽车,3476,星瑞,95777,油混 1.5TD 星云版,2022,插电混动,吉利汽车,紧凑型车,12.67,12.67万,12.37万,11.67万,1499.0,1.5,涡轮增压,L,4.0,"增压中冷,高压直喷,米勒循环,低压EGR",163.0,120.0,5500.0,255.0,2500,油电混合,92#,缸内直喷,铝,国VI b,3挡DHT,3.0,,200.0,7.5,,5年或15万公里,永磁/同步,100.0,320.0,100.0,320.0,,,,,,,,,,,,4825,1880,1469,2800,1618.0,1618.0,,1625.0,三厢车,4.0,5.0,500.0,平开门,主 / 副,前 / 后,,主 / 副,,上下+前后,大屏,USB/Type-C,,46243,仿皮,前 / 后,自动,46243,插电混动
sg24636,124071.0,吉利汽车,73.0,吉利汽车,3476,星瑞,95777,油混 1.5TD 星云版,2023,插电混动,吉利汽车,紧凑型车,12.67,12.67万,12.37万,11.67万,1499.0,1.5,涡轮增压,L,4.0,"增压中冷,高压直喷,米勒循环,低压EGR",163.0,120.0,5500.0,255.0,2500,油电混合,92#,缸内直喷,铝,国VI b,3挡DHT,3.0,,200.0,7.5,,5年或15万公里,永磁/同步,100.0,320.0,100.0,320.0,,,,,,,,,,,,4825,1880,1469,2800,1618.0,1618.0,,1625.0,三厢车,4.0,5.0,500.0,平开门,主 / 副,前 / 后,,主 / 副,,上下+前后,大屏,USB/Type-C,,46243,仿皮,前 / 后,自动,46243,插电混动
sg24636,154783.0,吉利汽车,73.0,吉利汽车,3476,星瑞,95777,油混 1.5TD 星云版,2024,插电混动,吉利汽车,紧凑型车,12.67,12.67万,12.37万,11.67万,1499.0,1.5,涡轮增压,L,4.0,"增压中冷,高压直喷,米勒循环,低压EGR",163.0,120.0,5500.0,255.0,2500,油电混合,92#,缸内直喷,铝,国VI b,3挡DHT,3.0,,200.0,7.5,,5年或15万公里,永磁/同步,100.0,320.0,100.0,320.0,,,,,,,,,,,,4825,1880,1469,2800,1618.0,1618.0,,1625.0,三厢车,4.0,5.0,500.0,平开门,主 / 副,前 / 后,,主 / 副,,上下+前后,大屏,USB/Type-C,,46243,仿皮,前 / 后,自动,46243,插电混动
sg24636,146588.0,吉利汽车,73.0,吉利汽车,3476,星瑞,95777,油混 1.5TD 星云版,2025,插电混动,吉利汽车,紧凑型车,12.67,12.67万,12.37万,11.67万,1499.0,1.5,涡轮增压,L,4.0,"增压中冷,高压直喷,米勒循环,低压EGR",163.0,120.0,5500.0,255.0,2500,油电混合,92#,缸内直喷,铝,国VI b,3挡DHT,3.0,,200.0,7.5,,5年或15万公里,永磁/同步,100.0,320.0,100.0,320.0,,,,,,,,,,,,4825,1880,1469,2800,1618.0,1618.0,,1625.0,三厢车,4.0,5.0,500.0,平开门,主 / 副,前 / 后,,主 / 副,,上下+前后,大屏,USB/Type-C,,46243,仿皮,前 / 后,自动,46243,插电混动
sg24636,65657.0,吉利汽车,73.0,吉利汽车,3476,星瑞,251739,1.5T 东方曜·惊鸿版,2026,燃油,吉利汽车,紧凑型车,9.87,9.87万,7.94万,9.37万,1499.0,1.5,涡轮增压,L,4.0,,181.0,133.0,5500.0,290.0,2000,汽油,92#,缸内直喷,铝,国VI b,7挡双离合,7.0,湿式双离合变速箱（DCT）,195.0,,6.2,4年或10万公里,,,,,,,,,,,,,,,,,4825,1869,1469,2800,1618.0,1618.0,,1465.0,三厢车,4.0,5.0,500.0,平开门,主 / 副,前 / 后,,主 / 副,,上下+前后,大屏,USB/Type-C,,46243,仿皮,前 / 后,自动,46243,燃油
sg24638,20323.0,比亚迪,,比亚迪,sg24638,宋Pro新能源,pcauto_m137506,宋Pro新能源 2026款 DM-i 133KM 进取型,2022,插电混动,比亚迪,紧凑型SUV,10.28,10.28万,,,1498.0,1.5,自然吸气,直列,4.0,VVT,101.0,74.0,,126.0,,插电混动,92号(原93号),多点电喷,铝合金,国VI,电子无级变速箱,,电子无级变速箱(E-CVT),180.0,8.4,,六年或15万公里,永磁同步,120.0,210.0,120.0,210.0,,,,,磷酸铁锂电池,18.3,133.0,14.5,首任车主不限年限/里程(责任免除条款以官方为准),快充:待定/慢充:待定,,4735,1860,1690,2712,,,,1730.0,SUV,5.0,5.0,,平开门,,,,,皮质,上下+前后,,,,,仿皮,,自动,,
sg24638,209690.0,比亚迪,,比亚迪,sg24638,宋Pro新能源,pcauto_m137506,宋Pro新能源 2026款 DM-i 133KM 进取型,2023,插电混动,比亚迪,紧凑型SUV,10.28,10.28万,,,1498.0,1.5,自然吸气,直列,4.0,VVT,101.0,74.0,,126.0,,插电混动,92号(原93号),多点电喷,铝合金,国VI,电子无级变速箱,,电子无级变速箱(E-CVT),180.0,8.4,,六年或15万公里,永磁同步,120.0,210.0,120.0,210.0,,,,,磷酸铁锂电池,18.3,133.0,14.5,首任车主不限年限/里程(责任免除条款以官方为准),快充:待定/慢充:待定,,4735,1860,1690,2712,,,,1730.0,SUV,5.0,5.0,,平开门,,,,,皮质,上下+前后,,,,,仿皮,,自动,,
sg24638,241598.0,比亚迪,,比亚迪,sg24638,宋Pro新能源,pcauto_m137506,宋Pro新能源 2026款 DM-i 133KM 进取型,2024,插电混动,比亚迪,紧凑型SUV,10.28,10.28万,,,1498.0,1.5,自然吸气,直列,4.0,VVT,101.0,74.0,,126.0,,插电混动,92号(原93号),多点电喷,铝合金,国VI,电子无级变速箱,,电子无级变速箱(E-CVT),180.0,8.4,,六年或15万公里,永磁同步,120.0,210.0,120.0,210.0,,,,,磷酸铁锂电池,18.3,133.0,14.5,首任车主不限年限/里程(责任免除条款以官方为准),快充:待定/慢充:待定,,4735,1860,1690,2712,,,,1730.0,SUV,5.0,5.0,,平开门,,,,,皮质,上下+前后,,,,,仿皮,,自动,,
sg24638,180661.0,比亚迪,,比亚迪,sg24638,宋Pro新能源,pcauto_m137506,宋Pro新能源 2026款 DM-i 133KM 进取型,2025,插电混动,比亚迪,紧凑型SUV,10.28,10.28万,,,1498.0,1.5,自然吸气,直列,4.0,VVT,101.0,74.0,,126.0,,插电混动,92号(原93号),多点电喷,铝合金,国VI,电子无级变速箱,,电子无级变速箱(E-CVT),180.0,8.4,,六年或15万公里,永磁同步,120.0,210.0,120.0,210.0,,,,,磷酸铁锂电池,18.3,133.0,14.5,首任车主不限年限/里程(责任免除条款以官方为准),快充:待定/慢充:待定,,4735,1860,1690,2712,,,,1730.0,SUV,5.0,5.0,,平开门,,,,,皮质,上下+前后,,,,,仿皮,,自动,,
sg24638,76298.0,比亚迪,,比亚迪,sg24638,宋Pro新能源,pcauto_m137506,宋Pro新能源 2026款 DM-i 133KM 进取型,2026,插电混动,比亚迪,紧凑型SUV,10.28,10.28万,,,1498.0,1.5,自然吸气,直列,4.0,VVT,101.0,74.0,,126.0,,插电混动,92号(原93号),多点电喷,铝合金,国VI,电子无级变速箱,,电子无级变速箱(E-CVT),180.0,8.4,,六年或15万公里,永磁同步,120.0,210.0,120.0,210.0,,,,,磷酸铁锂电池,18.3,133.0,14.5,首任车主不限年限/里程(责任免除条款以官方为准),快充:待定/慢充:待定,,4735,1860,1690,2712,,,,1730.0,SUV,5.0,5.0,,平开门,,,,,皮质,上下+前后,,,,,仿皮,,自动,,
sg24773,1000.0,星途,251.0,星途,3720,星途揽月,250522,2.0T 两驱星耀版-六座,2026,燃油,星途,中大型SUV,18.99,18.99万,15.13万,16.39万,1998.0,2.0,涡轮增压,L,4.0,,261.0,192.0,5500.0,400.0,1750,汽油,95#,缸内直喷,铝,国VI b,8挡自动,8.0,自动变速箱(AT),200.0,,,5年或10万公里,,,,,,,,,,,,,,,,,5010,1940,1800,2900,1644.0,1644.0,160.0,1840.0,SUV,5.0,6.0,,平开门,主 / 副,前 / 后,,主 / 副,,上下+前后,大屏,USB/Type-C,索尼,46243,仿皮,前 / 后,自动,46243,燃油
sg24774,9423.0,SWM斯威汽车,,SWM斯威汽车,sg24774,SWM斯威G05,pcauto_m119012,SWM斯威G05 2023款 PRO 2.0L 手动精英型 5座,2023,燃油,SWM斯威汽车,中大型SUV,8.69,8.69万,,,1988.0,2.0,自然吸气,直列,4.0,,143.0,105.0,,190.0,,汽油,92号(原93号),多点电喷,,国VI,手动,5.0,手动,175.0,,,三年或6万公里,,,,,,,,,,,,,,,,,4750,1860,1780,2750,,,,1550.0,SUV,5.0,5.0,,平开门,,,,,塑料,上下,,,,,仿皮,,手动,,
sg24785,19721.0,宝马,,宝马,sg24785,宝马X2,pcauto_m118687,宝马X2 2023款 sDrive25i M越野套装,2022,燃油,华晨宝马,紧凑型SUV,28.89,28.89万,,,1998.0,2.0,涡轮增压,直列,4.0,,178.0,131.0,,280.0,,汽油,95号(原97号),直喷,铝合金,国VI,湿式双离合,7.0,湿式双离合变速箱,227.0,7.7,,三年或10万公里,,,,,,,,,,,,,,,,,4379,1824,1555,2670,,,,1540.0,SUV,5.0,5.0,,平开门,,,,,真皮,上下+前后,,,,,仿皮,,自动,,
sg24785,17055.0,宝马,,宝马,sg24785,宝马X2,pcauto_m118687,宝马X2 2023款 sDrive25i M越野套装,2023,燃油,华晨宝马,紧凑型SUV,28.89,28.89万,,,1998.0,2.0,涡轮增压,直列,4.0,,178.0,131.0,,280.0,,汽油,95号(原97号),直喷,铝合金,国VI,湿式双离合,7.0,湿式双离合变速箱,227.0,7.7,,三年或10万公里,,,,,,,,,,,,,,,,,4379,1824,1555,2670,,,,1540.0,SUV,5.0,5.0,,平开门,,,,,真皮,上下+前后,,,,,仿皮,,自动,,
sg24785,1664.0,宝马,,宝马,sg24785,宝马X2,pcauto_m118687,宝马X2 2023款 sDrive25i M越野套装,2024,燃油,华晨宝马,紧凑型SUV,28.89,28.89万,,,1998.0,2.0,涡轮增压,直列,4.0,,178.0,131.0,,280.0,,汽油,95号(原97号),直喷,铝合金,国VI,湿式双离合,7.0,湿式双离合变速箱,227.0,7.7,,三年或10万公里,,,,,,,,,,,,,,,,,4379,1824,1555,2670,,,,1540.0,SUV,5.0,5.0,,平开门,,,,,真皮,上下+前后,,,,,仿皮,,自动,,
sg24785,108.0,宝马,,宝马,sg24785,宝马X2,pcauto_m118687,宝马X2 2023款 sDrive25i M越野套装,2025,燃油,华晨宝马,紧凑型SUV,28.89,28.89万,,,1998.0,2.0,涡轮增压,直列,4.0,,178.0,131.0,,280.0,,汽油,95号(原97号),直喷,铝合金,国VI,湿式双离合,7.0,湿式双离合变速箱,227.0,7.7,,三年或10万公里,,,,,,,,,,,,,,,,,4379,1824,1555,2670,,,,1540.0,SUV,5.0,5.0,,平开门,,,,,真皮,上下+前后,,,,,仿皮,,自动,,
sg24785,24.0,宝马,,宝马,sg24785,宝马X2,pcauto_m118687,宝马X2 2023款 sDrive25i M越野套装,2026,燃油,华晨宝马,紧凑型SUV,28.89,28.89万,,,1998.0,2.0,涡轮增压,直列,4.0,,178.0,131.0,,280.0,,汽油,95号(原97号),直喷,铝合金,国VI,湿式双离合,7.0,湿式双离合变速箱,227.0,7.7,,三年或10万公里,,,,,,,,,,,,,,,,,4379,1824,1555,2670,,,,1540.0,SUV,5.0,5.0,,平开门,,,,,真皮,上下+前后,,,,,仿皮,,自动,,
sg24824,154643.0,特斯拉,63.0,特斯拉,3762,Model 3,252599,改款 后轮驱动版,2022,纯电动,特斯拉中国,中型车,23.55,23.55万,22.83万,23.55万,,,,,,,,,,,,纯电动,,,,,电动车单速变速箱,1.0,固定齿比变速箱,200.0,6.1,,4年或8万公里,永磁/同步,194.0,340.0,,,194.0,340.0,,,三元锂电池,52.0,634.0,12.4,,1,8.0,4720,1848,1442,2875,1584.0,1584.0,138.0,1760.0,三厢车,4.0,5.0,594.0,平开门,主 / 副,前 / 后,,主 / 副,,上下+前后,大屏,USB/Type-C,,46243,仿皮,前 / 后,自动,46243,纯电动
sg24824,147270.0,特斯拉,63.0,特斯拉,3762,Model 3,252599,改款 后轮驱动版,2023,纯电动,特斯拉中国,中型车,23.55,23.55万,22.83万,23.55万,,,,,,,,,,,,纯电动,,,,,电动车单速变速箱,1.0,固定齿比变速箱,200.0,6.1,,4年或8万公里,永磁/同步,194.0,340.0,,,194.0,340.0,,,三元锂电池,52.0,634.0,12.4,,1,8.0,4720,1848,1442,2875,1584.0,1584.0,138.0,1760.0,三厢车,4.0,5.0,594.0,平开门,主 / 副,前 / 后,,主 / 副,,上下+前后,大屏,USB/Type-C,,46243,仿皮,前 / 后,自动,46243,纯电动
sg24824,52349.0,特斯拉,63.0,特斯拉,3762,Model 3,252599,改款 后轮驱动版,2024,纯电动,特斯拉中国,中型车,23.55,23.55万,22.83万,23.55万,,,,,,,,,,,,纯电动,,,,,电动车单速变速箱,1.0,固定齿比变速箱,200.0,6.1,,4年或8万公里,永磁/同步,194.0,340.0,,,194.0,340.0,,,三元锂电池,52.0,634.0,12.4,,1,8.0,4720,1848,1442,2875,1584.0,1584.0,138.0,1760.0,三厢车,4.0,5.0,594.0,平开门,主 / 副,前 / 后,,主 / 副,,上下+前后,大屏,USB/Type-C,,46243,仿皮,前 / 后,自动,46243,纯电动
sg24824,0.0,特斯拉,63.0,特斯拉,3762,Model 3,252599,改款 后轮驱动版,2025,纯电动,特斯拉中国,中型车,23.55,23.55万,22.83万,23.55万,,,,,,,,,,,,纯电动,,,,,电动车单速变速箱,1.0,固定齿比变速箱,200.0,6.1,,4年或8万公里,永磁/同步,194.0,340.0,,,194.0,340.0,,,三元锂电池,52.0,634.0,12.4,,1,8.0,4720,1848,1442,2875,1584.0,1584.0,138.0,1760.0,三厢车,4.0,5.0,594.0,平开门,主 / 副,前 / 后,,主 / 副,,上下+前后,大屏,USB/Type-C,,46243,仿皮,前 / 后,自动,46243,纯电动
sg24885,67009.0,凯迪拉克,30.0,凯迪拉克,3736,凯迪拉克CT5,248944,28T 城市风尚版,2022,燃油,上汽通用凯迪拉克,中型车,28.99,28.99万,19.83万,17.99万,1998.0,2.0,涡轮增压,L,4.0,带Tripower可变气门管理技术,237.0,174.0,5000.0,350.0,1500,汽油,95#,缸内直喷,铝,国VI b,10挡手自一体,10.0,手自一体变速箱(AT),240.0,7.3,7.76,3年不限公里,,,,,,,,,,,,,,,,,4930,1883,1453,2947,1596.0,1634.0,113.0,1658.0,三厢车,4.0,5.0,384.0,平开门,主 / 副,前 / 后,,主 / 副,,上下+前后,大屏,USB/Type-C,,46243,仿皮,前 / 后,自动,46243,燃油
sg24885,84456.0,凯迪拉克,30.0,凯迪拉克,3736,凯迪拉克CT5,248944,28T 城市风尚版,2023,燃油,上汽通用凯迪拉克,中型车,28.99,28.99万,19.83万,17.99万,1998.0,2.0,涡轮增压,L,4.0,带Tripower可变气门管理技术,237.0,174.0,5000.0,350.0,1500,汽油,95#,缸内直喷,铝,国VI b,10挡手自一体,10.0,手自一体变速箱(AT),240.0,7.3,7.76,3年不限公里,,,,,,,,,,,,,,,,,4930,1883,1453,2947,1596.0,1634.0,113.0,1658.0,三厢车,4.0,5.0,384.0,平开门,主 / 副,前 / 后,,主 / 副,,上下+前后,大屏,USB/Type-C,,46243,仿皮,前 / 后,自动,46243,燃油
sg24885,57633.0,凯迪拉克,30.0,凯迪拉克,3736,凯迪拉克CT5,248944,28T 城市风尚版,2024,燃油,上汽通用凯迪拉克,中型车,28.99,28.99万,19.83万,17.99万,1998.0,2.0,涡轮增压,L,4.0,带Tripower可变气门管理技术,237.0,174.0,5000.0,350.0,1500,汽油,95#,缸内直喷,铝,国VI b,10挡手自一体,10.0,手自一体变速箱(AT),240.0,7.3,7.76,3年不限公里,,,,,,,,,,,,,,,,,4930,1883,1453,2947,1596.0,1634.0,113.0,1658.0,三厢车,4.0,5.0,384.0,平开门,主 / 副,前 / 后,,主 / 副,,上下+前后,大屏,USB/Type-C,,46243,仿皮,前 / 后,自动,46243,燃油
sg24885,40156.0,凯迪拉克,30.0,凯迪拉克,3736,凯迪拉克CT5,248944,28T 城市风尚版,2025,燃油,上汽通用凯迪拉克,中型车,28.99,28.99万,19.83万,17.99万,1998.0,2.0,涡轮增压,L,4.0,带Tripower可变气门管理技术,237.0,174.0,5000.0,350.0,1500,汽油,95#,缸内直喷,铝,国VI b,10挡手自一体,10.0,手自一体变速箱(AT),240.0,7.3,7.76,3年不限公里,,,,,,,,,,,,,,,,,4930,1883,1453,2947,1596.0,1634.0,113.0,1658.0,三厢车,4.0,5.0,384.0,平开门,主 / 副,前 / 后,,主 / 副,,上下+前后,大屏,USB/Type-C,,46243,仿皮,前 / 后,自动,46243,燃油
sg24885,15366.0,凯迪拉克,30.0,凯迪拉克,3736,凯迪拉克CT5,248944,28T 城市风尚版,2026,燃油,上汽通用凯迪拉克,中型车,28.99,28.99万,19.83万,17.99万,1998.0,2.0,涡轮增压,L,4.0,带Tripower可变气门管理技术,237.0,174.0,5000.0,350.0,1500,汽油,95#,缸内直喷,铝,国VI b,10挡手自一体,10.0,手自一体变速箱(AT),240.0,7.3,7.76,3年不限公里,,,,,,,,,,,,,,,,,4930,1883,1453,2947,1596.0,1634.0,113.0,1658.0,三厢车,4.0,5.0,384.0,平开门,主 / 副,前 / 后,,主 / 副,,上下+前后,大屏,USB/Type-C,,46243,仿皮,前 / 后,自动,46243,燃油
sg24905,59701.0,奔驰,3.0,奔驰,3928,奔驰GLB,246844,GLB 200 动感型,2022,燃油,北京奔驰,紧凑型SUV,31.19,31.19万,17.40万,19.19万,1332.0,1.3,涡轮增压,L,4.0,,163.0,120.0,5500.0,270.0,2000,汽油,95#,缸内直喷,铝,国VI,7挡双离合,7.0,湿式双离合变速箱（DCT）,200.0,10.0,7.04,3年不限公里,,,,,,,,,,,,,,,,,4638,1834,1696,2829,1590.0,1589.0,,1608.0,SUV,5.0,5.0,703.0,平开门,主 / 副,前 / 后,,主 / 副,,上下+前后,大屏,USB/Type-C,,46180,仿皮,前 / 后,自动,46180,燃油
sg24905,64762.0,奔驰,3.0,奔驰,3928,奔驰GLB,246844,GLB 200 动感型,2023,燃油,北京奔驰,紧凑型SUV,31.19,31.19万,17.40万,19.19万,1332.0,1.3,涡轮增压,L,4.0,,163.0,120.0,5500.0,270.0,2000,汽油,95#,缸内直喷,铝,国VI,7挡双离合,7.0,湿式双离合变速箱（DCT）,200.0,10.0,7.04,3年不限公里,,,,,,,,,,,,,,,,,4638,1834,1696,2829,1590.0,1589.0,,1608.0,SUV,5.0,5.0,703.0,平开门,主 / 副,前 / 后,,主 / 副,,上下+前后,大屏,USB/Type-C,,46180,仿皮,前 / 后,自动,46180,燃油
sg24905,50983.0,奔驰,3.0,奔驰,3928,奔驰GLB,246844,GLB 200 动感型,2024,燃油,北京奔驰,紧凑型SUV,31.19,31.19万,17.40万,19.19万,1332.0,1.3,涡轮增压,L,4.0,,163.0,120.0,5500.0,270.0,2000,汽油,95#,缸内直喷,铝,国VI,7挡双离合,7.0,湿式双离合变速箱（DCT）,200.0,10.0,7.04,3年不限公里,,,,,,,,,,,,,,,,,4638,1834,1696,2829,1590.0,1589.0,,1608.0,SUV,5.0,5.0,703.0,平开门,主 / 副,前 / 后,,主 / 副,,上下+前后,大屏,USB/Type-C,,46180,仿皮,前 / 后,自动,46180,燃油
sg24905,33560.0,奔驰,3.0,奔驰,3928,奔驰GLB,246844,GLB 200 动感型,2025,燃油,北京奔驰,紧凑型SUV,31.19,31.19万,17.40万,19.19万,1332.0,1.3,涡轮增压,L,4.0,,163.0,120.0,5500.0,270.0,2000,汽油,95#,缸内直喷,铝,国VI,7挡双离合,7.0,湿式双离合变速箱（DCT）,200.0,10.0,7.04,3年不限公里,,,,,,,,,,,,,,,,,4638,1834,1696,2829,1590.0,1589.0,,1608.0,SUV,5.0,5.0,703.0,平开门,主 / 副,前 / 后,,主 / 副,,上下+前后,大屏,USB/Type-C,,46180,仿皮,前 / 后,自动,46180,燃油
sg24905,6084.0,奔驰,3.0,奔驰,3928,奔驰GLB,253892,GLB 200 动感型,2026,燃油,北京奔驰,紧凑型SUV,27.39,27.39万,19.22万,18.29万,1332.0,1.3,涡轮增压,L,4.0,,163.0,120.0,5500.0,270.0,2000,汽油,95#,缸内直喷,铝,国VI,7挡双离合,7.0,湿式双离合变速箱（DCT）,200.0,10.0,7.04,3年不限公里,,,,,,,,,,,,,,,,,4638,1834,1696,2829,1590.0,1589.0,,1608.0,SUV,5.0,5.0,570.0,平开门,主 / 副,前 / 后,,主 / 副,,上下+前后,大屏,USB/Type-C,,46180,仿皮,前 / 后,自动,46180,燃油
sg24935,929.0,福田,57.0,福田,3742,风景G5,97606,商运版 汽油2.0L 厢货2座 DAN20L,2024,燃油,福田图雅诺,轻客,8.55,8.55万,暂无报价,8.55万,1998.0,2.0,自然吸气,L,4.0,,150.0,110.0,6000.0,204.0,4000,汽油,92#,多点电喷,铁,国VI,5挡手动,5.0,手动变速箱(MT),,,,3年或6万公里,,,,,,,,,,,,,,,,,5245,1825,2030,3430,1560.0,1540.0,165.0,1780.0,货车,4.0,2.0,,侧滑门,主 / 副,前 / 后,,主 / 副,,上下,,USB/Type-C,,46056,织物,前 / 后,手动,46056,燃油
sg24935,8244.0,福田,57.0,福田,3742,风景G5,259558,多功能 汽油2.0L手动后驱 长轴平顶单胎4/6座,2026,纯电动,福田图雅诺,轻客,8.82,8.82万,暂无报价,8.82万,,,,,,,,,,,,,,,,,,,,,,,3年或6万公里,,,,,,,,,,,,,,,,,5245,1825,2030,3430,,,,,客车,,6.0,,,主 / 副,前 / 后,,主 / 副,,,,,,,,前 / 后,：,,未知
sg25019,1216.0,奔腾,,奔腾,sg25019,奔腾T99,pcauto_m118612,奔腾T99 2023款 20TD 8AT舒适型,2023,燃油,一汽奔腾,中大型SUV,13.49,13.49万,,,1989.0,2.0,涡轮增压,直列,4.0,,224.0,165.0,,340.0,,汽油,92号(原93号),直喷,铝合金,国VI,手自一体,8.0,手自一体,210.0,8.8,,三年或10万公里,,,,,,,,,,,,,,,,,4800,1915,1685,2870,,,,1775.0,SUV,5.0,5.0,,平开门,,,,,塑料,上下+前后,,,,,织物,,自动,,
sg25039,8832.0,宝骏,,宝骏,sg25039,宝骏RS-3,pcauto_m110119,宝骏RS-3 2022款 SOODA 1.5L 手动玩咖版,2022,燃油,上汽通用五菱,小型SUV,6.98,6.98万,,,1485.0,1.5,自然吸气,直列,4.0,DVVT,99.0,73.0,,143.0,,汽油,92号(原93号),多点电喷,铸铁,国VI,手动,6.0,手动,,,,三年或10万公里,,,,,,,,,,,,,,,,,4300,1750,1600,2550,,,,1218.0,SUV,5.0,5.0,,,,,,,塑料,上下,,,,,皮/织物混搭,,手动,,
sg25099,6372.0,林肯,62.0,林肯,3981,冒险家,250408,2.0T 两驱尊悦版,2025,燃油,长安林肯,紧凑型SUV,23.58,23.58万,17.45万,17.99万,1995.0,2.0,涡轮增压,L,4.0,,261.0,192.0,5500.0,395.0,2500,汽油,95#,混合喷射,铝,国VI b,8挡手自一体,8.0,手自一体变速箱(AT),218.0,,,5年或14万公里,,,,,,,,,,,,,,,,,4612,1887,1630,2711,1622.0,1642.0,,1648.0,SUV,5.0,5.0,594.0,平开门,主 / 副,前 / 后,,主 / 副,,上下+前后,,USB/Type-C,,46243,仿皮,前 / 后,自动,46243,燃油
sg25099,1789.0,林肯,62.0,林肯,3981,冒险家,258238,2.0T 风雅,2026,燃油,长安林肯,紧凑型SUV,23.78,23.78万,暂无报价,16.99万,1995.0,2.0,涡轮增压,L,4.0,,261.0,192.0,5500.0,395.0,2500,汽油,95#,混合喷射,铝,国VI b,8挡手自一体,8.0,手自一体变速箱(AT),218.0,,,5年或14万公里,,,,,,,,,,,,,,,,,4612,1887,1630,2711,1622.0,1642.0,165.0,1648.0,SUV,5.0,5.0,594.0,平开门,主 / 副,前 / 后,,主 / 副,,上下+前后,,USB/Type-C,,46243,仿皮,前 / 后,自动,46243,燃油
sg25111,3842.0,比亚迪,16.0,比亚迪,4076,比亚迪e3,55708,领畅版,2021,纯电动,比亚迪,紧凑型车,15.48,15.48万,暂无报价,15.48万,,,,,,,,,,,,纯电动,,,,,电动车单速变速箱,1.0,固定齿比变速箱,130.0,,,3年或10万公里,永磁/同步,100.0,180.0,100.0,180.0,,,,,,35.2,401.0,,80,0.5,,4450,1760,1520,2610,1490.0,1470.0,,1360.0,三厢车,4.0,5.0,560.0,平开门,主 / 副,前 / 后,,主 / 副,,上下,大屏,USB/Type-C,,46056,仿皮,前 / 后,手动,46056,纯电动
sg25149,15947.0,大众,,大众,sg25149,探影,pcauto_m125056,探影 2023款 200TSI DSG 悦智联版,2023,燃油,一汽-大众,小型SUV,14.39,14.39万,,,1197.0,1.2,涡轮增压,直列,4.0,,116.0,85.0,,200.0,,汽油,92号(原93号),直喷,铝合金,国VI,干式双离合,7.0,干式双离合变速箱,187.0,10.6,,三年或10万公里,,,,,,,,,,,,,,,,,4194,1760,1601,2651,,,,1305.0,SUV,5.0,5.0,,平开门,,,,,塑料,上下+前后,,,,,皮/织物混搭,,手动(选装自动),,
sg25151,753.0,雪佛兰,,雪佛兰,sg25151,畅巡,pcauto_m123626,畅巡 2024款 星河版,2024,纯电动,上汽通用雪佛兰,紧凑型车,18.29,18.29万,,,,,,,,,,,,,,纯电动,,,,,固定齿比,1.0,固定齿比,170.0,,,三年或10万公里,永磁同步,130.0,265.0,130.0,265.0,,,,,三元锂电池,61.1,518.0,12.6,八年或16万公里,快充:0.5小时/慢充:9.5小时,80.0,4665,1813,1513,2660,,,,1620.0,两厢车,5.0,5.0,,平开门,,,,,真皮,上下,,,,,仿皮,,自动,,
sg25152,127362.0,本田,9.0,本田,4079,皓影,241268,240TURBO CVT两驱精英版,2022,燃油,广汽本田,紧凑型SUV,18.59,18.59万,13.20万,12.59万,1498.0,1.5,涡轮增压,L,4.0,VTEC,193.0,142.0,6000.0,243.0,1800,汽油,92#,缸内直喷,铝,国VI,CVT无级变速,,无级变速箱(CVT),188.0,,7.31,3年或10万公里,,,,,,,,,,,,,,,,,4716,1866,1681,2701,1611.0,1627.0,,1615.0,SUV,5.0,5.0,627.0,平开门,主 / 副,前 / 后,,主 / 副,,上下+前后,小屏,USB/Type-C,,46117,织物,前 / 后,自动,46117,燃油
sg25152,122213.0,本田,9.0,本田,4079,皓影,241268,240TURBO CVT两驱精英版,2023,燃油,广汽本田,紧凑型SUV,18.59,18.59万,13.20万,12.59万,1498.0,1.5,涡轮增压,L,4.0,VTEC,193.0,142.0,6000.0,243.0,1800,汽油,92#,缸内直喷,铝,国VI,CVT无级变速,,无级变速箱(CVT),188.0,,7.31,3年或10万公里,,,,,,,,,,,,,,,,,4716,1866,1681,2701,1611.0,1627.0,,1615.0,SUV,5.0,5.0,627.0,平开门,主 / 副,前 / 后,,主 / 副,,上下+前后,小屏,USB/Type-C,,46117,织物,前 / 后,自动,46117,燃油
sg25152,123795.0,本田,9.0,本田,4079,皓影,241268,240TURBO CVT两驱精英版,2024,燃油,广汽本田,紧凑型SUV,18.59,18.59万,13.20万,12.59万,1498.0,1.5,涡轮增压,L,4.0,VTEC,193.0,142.0,6000.0,243.0,1800,汽油,92#,缸内直喷,铝,国VI,CVT无级变速,,无级变速箱(CVT),188.0,,7.31,3年或10万公里,,,,,,,,,,,,,,,,,4716,1866,1681,2701,1611.0,1627.0,,1615.0,SUV,5.0,5.0,627.0,平开门,主 / 副,前 / 后,,主 / 副,,上下+前后,小屏,USB/Type-C,,46117,织物,前 / 后,自动,46117,燃油
sg25152,120133.0,本田,9.0,本田,4079,皓影,241268,240TURBO CVT两驱精英版,2025,燃油,广汽本田,紧凑型SUV,18.59,18.59万,13.20万,12.59万,1498.0,1.5,涡轮增压,L,4.0,VTEC,193.0,142.0,6000.0,243.0,1800,汽油,92#,缸内直喷,铝,国VI,CVT无级变速,,无级变速箱(CVT),188.0,,7.31,3年或10万公里,,,,,,,,,,,,,,,,,4716,1866,1681,2701,1611.0,1627.0,,1615.0,SUV,5.0,5.0,627.0,平开门,主 / 副,前 / 后,,主 / 副,,上下+前后,小屏,USB/Type-C,,46117,织物,前 / 后,自动,46117,燃油
sg25152,30199.0,本田,9.0,本田,4079,皓影,258447,240TURBO CVT两驱精英版,2026,燃油,广汽本田,紧凑型SUV,13.79,13.79万,暂无报价,13.69万,1498.0,1.5,涡轮增压,L,4.0,VTEC,193.0,142.0,6000.0,243.0,1800,汽油,92#,缸内直喷,铝,国VI,CVT无级变速,,无级变速箱(CVT),188.0,,7.31,3年或10万公里,,,,,,,,,,,,,,,,,4716,1866,1681,2701,1611.0,1627.0,,1615.0,SUV,5.0,5.0,627.0,平开门,主 / 副,前 / 后,,主 / 副,,上下+前后,小屏,USB/Type-C,,46117,织物,前 / 后,自动,46117,燃油
sg25390,1443.0,DS,,DS,sg25390,DS 9新能源,pcauto_m104413,DS 9新能源 2021款 1.6T E-Tense 蒙马特进取插电混动版,2021,插电混动,DS汽车,中型车,33.49,33.49万,,,1598.0,1.6,涡轮增压,直列,4.0,,200.0,147.0,,300.0,,插电混动,92号(原93号),直喷,铝合金,国VI,手自一体,8.0,手自一体,,8.1,,三年或10万公里,永磁同步,81.2,320.0,81.2,320.0,,,,,三元锂电池,11.9,50.0,14.4,八年或12万公里,,,4933,1855,1468,2895,,,,1880.0,三厢车,4.0,5.0,,,,,,,真皮,上下+前后,,,,,仿皮,,自动,,
sg25419,22292.0,大众,1.0,大众,4160,威然,252542,330TSI 商务版,2022,燃油,上汽大众,中大型MPV,28.98,28.98万,19.90万,19.99万,1984.0,2.0,涡轮增压,L,4.0,,186.0,137.0,4150.0,320.0,1500,汽油,95#,缸内直喷,铁,国VI,7挡双离合,7.0,湿式双离合变速箱（DCT）,200.0,,6.0,3年或10万公里,,,,,,,,,,,,,,,,,5346,1976,1781,3180,1704.0,1721.0,,2150.0,MPV,5.0,7.0,436.0,侧滑门,主 / 副,前 / 后,,主 / 副,,上下+前后,大屏,USB/Type-C,,46243,皮织混搭,前 / 后,自动,46243,燃油
sg25419,18101.0,大众,1.0,大众,4160,威然,252542,330TSI 商务版,2023,燃油,上汽大众,中大型MPV,28.98,28.98万,19.90万,19.99万,1984.0,2.0,涡轮增压,L,4.0,,186.0,137.0,4150.0,320.0,1500,汽油,95#,缸内直喷,铁,国VI,7挡双离合,7.0,湿式双离合变速箱（DCT）,200.0,,6.0,3年或10万公里,,,,,,,,,,,,,,,,,5346,1976,1781,3180,1704.0,1721.0,,2150.0,MPV,5.0,7.0,436.0,侧滑门,主 / 副,前 / 后,,主 / 副,,上下+前后,大屏,USB/Type-C,,46243,皮织混搭,前 / 后,自动,46243,燃油
sg25419,14675.0,大众,1.0,大众,4160,威然,252542,330TSI 商务版,2024,燃油,上汽大众,中大型MPV,28.98,28.98万,19.90万,19.99万,1984.0,2.0,涡轮增压,L,4.0,,186.0,137.0,4150.0,320.0,1500,汽油,95#,缸内直喷,铁,国VI,7挡双离合,7.0,湿式双离合变速箱（DCT）,200.0,,6.0,3年或10万公里,,,,,,,,,,,,,,,,,5346,1976,1781,3180,1704.0,1721.0,,2150.0,MPV,5.0,7.0,436.0,侧滑门,主 / 副,前 / 后,,主 / 副,,上下+前后,大屏,USB/Type-C,,46243,皮织混搭,前 / 后,自动,46243,燃油
sg25419,10954.0,大众,1.0,大众,4160,威然,252542,330TSI 商务版,2025,燃油,上汽大众,中大型MPV,28.98,28.98万,19.90万,19.99万,1984.0,2.0,涡轮增压,L,4.0,,186.0,137.0,4150.0,320.0,1500,汽油,95#,缸内直喷,铁,国VI,7挡双离合,7.0,湿式双离合变速箱（DCT）,200.0,,6.0,3年或10万公里,,,,,,,,,,,,,,,,,5346,1976,1781,3180,1704.0,1721.0,,2150.0,MPV,5.0,7.0,436.0,侧滑门,主 / 副,前 / 后,,主 / 副,,上下+前后,大屏,USB/Type-C,,46243,皮织混搭,前 / 后,自动,46243,燃油
sg25419,1902.0,大众,1.0,大众,4160,威然,252542,330TSI 商务版,2026,燃油,上汽大众,中大型MPV,28.98,28.98万,19.90万,19.99万,1984.0,2.0,涡轮增压,L,4.0,,186.0,137.0,4150.0,320.0,1500,汽油,95#,缸内直喷,铁,国VI,7挡双离合,7.0,湿式双离合变速箱（DCT）,200.0,,6.0,3年或10万公里,,,,,,,,,,,,,,,,,5346,1976,1781,3180,1704.0,1721.0,,2150.0,MPV,5.0,7.0,436.0,侧滑门,主 / 副,前 / 后,,主 / 副,,上下+前后,大屏,USB/Type-C,,46243,皮织混搭,前 / 后,自动,46243,燃油
sg25490,136150.0,丰田,5.0,丰田,4172,威兰达,254040,2.0L 两驱AIR,2022,燃油,广汽丰田,紧凑型SUV,16.98,16.98万,14.16万,13.78万,1987.0,2.0,自然吸气,L,4.0,VVT-i,171.0,126.0,6600.0,206.0,4600,汽油,92#,混合喷射,铝,国VI,CVT无级变速(模拟10挡),,无级变速箱(CVT),180.0,,6.39,3年或10万公里,,,,,,,,,,,,,,,,,4600,1855,1680,2690,1600.0,1620.0,,1595.0,SUV,5.0,5.0,749.0,平开门,主 / 副,前 / 后,,主 / 副,,上下+前后,大屏,USB/Type-C,,46180,仿皮,前 / 后,自动,46180,燃油
sg25490,143383.0,丰田,5.0,丰田,4172,威兰达,254040,2.0L 两驱AIR,2023,燃油,广汽丰田,紧凑型SUV,16.98,16.98万,14.16万,13.78万,1987.0,2.0,自然吸气,L,4.0,VVT-i,171.0,126.0,6600.0,206.0,4600,汽油,92#,混合喷射,铝,国VI,CVT无级变速(模拟10挡),,无级变速箱(CVT),180.0,,6.39,3年或10万公里,,,,,,,,,,,,,,,,,4600,1855,1680,2690,1600.0,1620.0,,1595.0,SUV,5.0,5.0,749.0,平开门,主 / 副,前 / 后,,主 / 副,,上下+前后,大屏,USB/Type-C,,46180,仿皮,前 / 后,自动,46180,燃油
sg25490,138036.0,丰田,5.0,丰田,4172,威兰达,254040,2.0L 两驱AIR,2024,燃油,广汽丰田,紧凑型SUV,16.98,16.98万,14.16万,13.78万,1987.0,2.0,自然吸气,L,4.0,VVT-i,171.0,126.0,6600.0,206.0,4600,汽油,92#,混合喷射,铝,国VI,CVT无级变速(模拟10挡),,无级变速箱(CVT),180.0,,6.39,3年或10万公里,,,,,,,,,,,,,,,,,4600,1855,1680,2690,1600.0,1620.0,,1595.0,SUV,5.0,5.0,749.0,平开门,主 / 副,前 / 后,,主 / 副,,上下+前后,大屏,USB/Type-C,,46180,仿皮,前 / 后,自动,46180,燃油
sg25490,112730.0,丰田,5.0,丰田,4172,威兰达,254040,2.0L 两驱AIR,2025,燃油,广汽丰田,紧凑型SUV,16.98,16.98万,14.16万,13.78万,1987.0,2.0,自然吸气,L,4.0,VVT-i,171.0,126.0,6600.0,206.0,4600,汽油,92#,混合喷射,铝,国VI,CVT无级变速(模拟10挡),,无级变速箱(CVT),180.0,,6.39,3年或10万公里,,,,,,,,,,,,,,,,,4600,1855,1680,2690,1600.0,1620.0,,1595.0,SUV,5.0,5.0,749.0,平开门,主 / 副,前 / 后,,主 / 副,,上下+前后,大屏,USB/Type-C,,46180,仿皮,前 / 后,自动,46180,燃油
sg25490,43473.0,丰田,5.0,丰田,4172,威兰达,254040,2.0L 两驱AIR,2026,燃油,广汽丰田,紧凑型SUV,16.98,16.98万,14.16万,13.78万,1987.0,2.0,自然吸气,L,4.0,VVT-i,171.0,126.0,6600.0,206.0,4600,汽油,92#,混合喷射,铝,国VI,CVT无级变速(模拟10挡),,无级变速箱(CVT),180.0,,6.39,3年或10万公里,,,,,,,,,,,,,,,,,4600,1855,1680,2690,1600.0,1620.0,,1595.0,SUV,5.0,5.0,749.0,平开门,主 / 副,前 / 后,,主 / 副,,上下+前后,大屏,USB/Type-C,,46180,仿皮,前 / 后,自动,46180,燃油
sg25551,7358.0,凯迪拉克,30.0,凯迪拉克,4182,凯迪拉克CT4,75038,25T 风尚型,2023,燃油,上汽通用凯迪拉克,中型车,21.97,21.97万,16.93万,16.97万,1498.0,1.5,涡轮增压,L,4.0,,211.0,155.0,5500.0,270.0,1750,汽油,95#,缸内直喷,铝,国VI b,8挡手自一体,8.0,手自一体变速箱(AT),220.0,7.9,7.03,3年不限里程,,,,,,,,,,,,,,,,,4760,1815,1421,2775,1534.0,1577.0,,1525.0,三厢车,4.0,5.0,364.0,平开门,主 / 副,前 / 后,,主 / 副,,上下+前后,大屏,USB/Type-C+SD卡槽,,46243,仿皮,前 / 后,自动,46243,燃油
sg25599,24433.0,大众,1.0,大众,5217,大众ID.3,252144,聪明款 纯净智享版,2022,纯电动,上汽大众,紧凑型车,12.9888,12.9888万,10.87万,11.89万,,,,,,,,,,,,纯电动,,,,,电动车单速变速箱,1.0,固定齿比变速箱,160.0,,,3年或10万公里,永磁/同步,125.0,310.0,,,125.0,310.0,,,,,451.0,,80,,,4261,1778,1568,2765,1548.0,1525.0,,1845.0,两厢车,5.0,5.0,385.0,平开门,主 / 副,前 / 后,,主 / 副,,上下+前后,大屏,USB/Type-C,,46180,皮织混搭,前 / 后,自动,46180,纯电动
sg25599,75731.0,大众,1.0,大众,5217,大众ID.3,252144,聪明款 纯净智享版,2023,纯电动,上汽大众,紧凑型车,12.9888,12.9888万,10.87万,11.89万,,,,,,,,,,,,纯电动,,,,,电动车单速变速箱,1.0,固定齿比变速箱,160.0,,,3年或10万公里,永磁/同步,125.0,310.0,,,125.0,310.0,,,,,451.0,,80,,,4261,1778,1568,2765,1548.0,1525.0,,1845.0,两厢车,5.0,5.0,385.0,平开门,主 / 副,前 / 后,,主 / 副,,上下+前后,大屏,USB/Type-C,,46180,皮织混搭,前 / 后,自动,46180,纯电动
sg25599,93816.0,大众,1.0,大众,5217,大众ID.3,252144,聪明款 纯净智享版,2024,纯电动,上汽大众,紧凑型车,12.9888,12.9888万,10.87万,11.89万,,,,,,,,,,,,纯电动,,,,,电动车单速变速箱,1.0,固定齿比变速箱,160.0,,,3年或10万公里,永磁/同步,125.0,310.0,,,125.0,310.0,,,,,451.0,,80,,,4261,1778,1568,2765,1548.0,1525.0,,1845.0,两厢车,5.0,5.0,385.0,平开门,主 / 副,前 / 后,,主 / 副,,上下+前后,大屏,USB/Type-C,,46180,皮织混搭,前 / 后,自动,46180,纯电动
sg25599,38737.0,大众,1.0,大众,5217,大众ID.3,252144,聪明款 纯净智享版,2025,纯电动,上汽大众,紧凑型车,12.9888,12.9888万,10.87万,11.89万,,,,,,,,,,,,纯电动,,,,,电动车单速变速箱,1.0,固定齿比变速箱,160.0,,,3年或10万公里,永磁/同步,125.0,310.0,,,125.0,310.0,,,,,451.0,,80,,,4261,1778,1568,2765,1548.0,1525.0,,1845.0,两厢车,5.0,5.0,385.0,平开门,主 / 副,前 / 后,,主 / 副,,上下+前后,大屏,USB/Type-C,,46180,皮织混搭,前 / 后,自动,46180,纯电动
sg25599,3904.0,大众,1.0,大众,5217,大众ID.3,252144,聪明款 纯净智享版,2026,纯电动,上汽大众,紧凑型车,12.9888,12.9888万,10.87万,11.89万,,,,,,,,,,,,纯电动,,,,,电动车单速变速箱,1.0,固定齿比变速箱,160.0,,,3年或10万公里,永磁/同步,125.0,310.0,,,125.0,310.0,,,,,451.0,,80,,,4261,1778,1568,2765,1548.0,1525.0,,1845.0,两厢车,5.0,5.0,385.0,平开门,主 / 副,前 / 后,,主 / 副,,上下+前后,大屏,USB/Type-C,,46180,皮织混搭,前 / 后,自动,46180,纯电动
sg25600,45641.0,大众,1.0,大众,4586,ID.4 CROZZ,251084,纯享版Pure,2022,纯电动,一汽-大众,紧凑型SUV,14.99,14.99万,12.37万,13.99万,,,,,,,,,,,,纯电动,,,,,电动车单速变速箱,1.0,固定齿比变速箱,160.0,,,3年或10万公里,永磁/同步,125.0,310.0,,,125.0,310.0,,,,,448.0,,80,,,4592,1852,1629,2765,1597.0,1573.0,,2035.0,SUV,5.0,5.0,512.0,平开门,主 / 副,前 / 后,,主 / 副,,上下+前后,大屏,USB/Type-C,,46180,仿皮,前 / 后,自动,46180,纯电动
sg25600,37557.0,大众,1.0,大众,4586,ID.4 CROZZ,251084,纯享版Pure,2023,纯电动,一汽-大众,紧凑型SUV,14.99,14.99万,12.37万,13.99万,,,,,,,,,,,,纯电动,,,,,电动车单速变速箱,1.0,固定齿比变速箱,160.0,,,3年或10万公里,永磁/同步,125.0,310.0,,,125.0,310.0,,,,,448.0,,80,,,4592,1852,1629,2765,1597.0,1573.0,,2035.0,SUV,5.0,5.0,512.0,平开门,主 / 副,前 / 后,,主 / 副,,上下+前后,大屏,USB/Type-C,,46180,仿皮,前 / 后,自动,46180,纯电动
sg25600,37491.0,大众,1.0,大众,4586,ID.4 CROZZ,251084,纯享版Pure,2024,纯电动,一汽-大众,紧凑型SUV,14.99,14.99万,12.37万,13.99万,,,,,,,,,,,,纯电动,,,,,电动车单速变速箱,1.0,固定齿比变速箱,160.0,,,3年或10万公里,永磁/同步,125.0,310.0,,,125.0,310.0,,,,,448.0,,80,,,4592,1852,1629,2765,1597.0,1573.0,,2035.0,SUV,5.0,5.0,512.0,平开门,主 / 副,前 / 后,,主 / 副,,上下+前后,大屏,USB/Type-C,,46180,仿皮,前 / 后,自动,46180,纯电动
sg25600,20513.0,大众,1.0,大众,4586,ID.4 CROZZ,251084,纯享版Pure,2025,纯电动,一汽-大众,紧凑型SUV,14.99,14.99万,12.37万,13.99万,,,,,,,,,,,,纯电动,,,,,电动车单速变速箱,1.0,固定齿比变速箱,160.0,,,3年或10万公里,永磁/同步,125.0,310.0,,,125.0,310.0,,,,,448.0,,80,,,4592,1852,1629,2765,1597.0,1573.0,,2035.0,SUV,5.0,5.0,512.0,平开门,主 / 副,前 / 后,,主 / 副,,上下+前后,大屏,USB/Type-C,,46180,仿皮,前 / 后,自动,46180,纯电动
sg25600,3405.0,大众,1.0,大众,4586,ID.4 CROZZ,251084,纯享版Pure,2026,纯电动,一汽-大众,紧凑型SUV,14.99,14.99万,12.37万,13.99万,,,,,,,,,,,,纯电动,,,,,电动车单速变速箱,1.0,固定齿比变速箱,160.0,,,3年或10万公里,永磁/同步,125.0,310.0,,,125.0,310.0,,,,,448.0,,80,,,4592,1852,1629,2765,1597.0,1573.0,,2035.0,SUV,5.0,5.0,512.0,平开门,主 / 副,前 / 后,,主 / 副,,上下+前后,大屏,USB/Type-C,,46180,仿皮,前 / 后,自动,46180,纯电动
sg25604,152511.0,长安,35.0,长安,4223,长安CS55 PLUS,93772,第三代 1.5T DCT轻年版,2022,燃油,长安汽车,紧凑型SUV,9.99,9.99万,8.34万,7.99万,1494.0,1.5,涡轮增压,L,4.0,,188.0,138.0,5500.0,300.0,1600,汽油,92#,缸内直喷,铝,国VI b,7挡双离合,7.0,湿式双离合变速箱（DCT）,190.0,,,3年或10万公里,,,,,,,,,,,,,,,,,4539,1865,1680,2656,1600.0,1600.0,,1460.0,SUV,5.0,5.0,475.0,平开门,主 / 副,前 / 后,,主 / 副,,上下+前后,大屏,USB/Type-C,,,仿皮,前 / 后,自动,,燃油
sg25604,51288.0,长安,35.0,长安,4223,长安CS55 PLUS,93772,第三代 1.5T DCT轻年版,2023,燃油,长安汽车,紧凑型SUV,9.99,9.99万,8.34万,7.99万,1494.0,1.5,涡轮增压,L,4.0,,188.0,138.0,5500.0,300.0,1600,汽油,92#,缸内直喷,铝,国VI b,7挡双离合,7.0,湿式双离合变速箱（DCT）,190.0,,,3年或10万公里,,,,,,,,,,,,,,,,,4539,1865,1680,2656,1600.0,1600.0,,1460.0,SUV,5.0,5.0,475.0,平开门,主 / 副,前 / 后,,主 / 副,,上下+前后,大屏,USB/Type-C,,,仿皮,前 / 后,自动,,燃油
sg25604,59361.0,长安,35.0,长安,4223,长安CS55 PLUS,93772,第三代 1.5T DCT轻年版,2024,燃油,长安汽车,紧凑型SUV,9.99,9.99万,8.34万,7.99万,1494.0,1.5,涡轮增压,L,4.0,,188.0,138.0,5500.0,300.0,1600,汽油,92#,缸内直喷,铝,国VI b,7挡双离合,7.0,湿式双离合变速箱（DCT）,190.0,,,3年或10万公里,,,,,,,,,,,,,,,,,4539,1865,1680,2656,1600.0,1600.0,,1460.0,SUV,5.0,5.0,475.0,平开门,主 / 副,前 / 后,,主 / 副,,上下+前后,大屏,USB/Type-C,,,仿皮,前 / 后,自动,,燃油
sg25604,61767.0,长安,35.0,长安,4223,长安CS55 PLUS,247007,第三代 1.5T 500Bar 卓越型,2025,燃油,长安汽车,紧凑型SUV,10.69,10.69万,7.85万,8.49万,1494.0,1.5,涡轮增压,L,4.0,500Bar超高压直喷,192.0,141.0,5500.0,310.0,1500,汽油,92#,缸内直喷,铝,国VI b,7挡双离合,7.0,湿式双离合变速箱（DCT）,190.0,,,3年或10万公里,,,,,,,,,,,,,,,,,4539,1865,1680,2656,1600.0,1600.0,171.0,1460.0,SUV,5.0,5.0,475.0,平开门,主 / 副,前 / 后,,主 / 副,,上下+前后,大屏,USB/Type-C,,46117,仿皮,前 / 后,自动,46117,燃油
sg25604,24263.0,长安,35.0,长安,4223,长安CS55 PLUS,252347,第四代 新蓝鲸 1.5T 精英型,2026,燃油,长安汽车,紧凑型SUV,9.29,9.29万,8.58万,7.89万,1494.0,1.5,涡轮增压,L,4.0,500Bar超高压直喷,192.0,141.0,5500.0,310.0,1500,汽油,92#,缸内直喷,铝,国VI b,7挡双离合,7.0,湿式双离合变速箱（DCT）,190.0,,,3年或10万公里,,,,,,,,,,,,,,,,,4550,1868,1675,2656,1600.0,1600.0,167.0,1430.0,SUV,5.0,5.0,475.0,平开门,主 / 副,前 / 后,,主 / 副,,上下+前后,大屏,USB/Type-C,,46117,仿皮,前 / 后,自动,46117,燃油
sg25611,272425.0,比亚迪,,比亚迪,sg25611,汉,pcauto_m132676,汉 2025款 DM-i 智驾版 125km 舒适型,2022,插电混动,比亚迪,中大型车,16.88,16.88万,,,1498.0,1.5,涡轮增压,直列,4.0,VVT,156.0,115.0,,225.0,,插电混动,92号(原93号),直喷,铝合金,国VI,电子无级变速箱,,电子无级变速箱(E-CVT),200.0,6.9,,六年或15万公里,永磁同步,200.0,315.0,200.0,315.0,,,,,磷酸铁锂电池,18.316,125.0,15.0,首任车主不限年限/不限里程(责任免除条款以官方为准),快充:待定/慢充:待定,,4995,1910,1495,2920,,,,1910.0,三厢车,4.0,5.0,,平开门,,,,,皮质,上下+前后,,,,,仿皮,,自动,,
sg25611,227746.0,比亚迪,,比亚迪,sg25611,汉,pcauto_m132676,汉 2025款 DM-i 智驾版 125km 舒适型,2023,插电混动,比亚迪,中大型车,16.88,16.88万,,,1498.0,1.5,涡轮增压,直列,4.0,VVT,156.0,115.0,,225.0,,插电混动,92号(原93号),直喷,铝合金,国VI,电子无级变速箱,,电子无级变速箱(E-CVT),200.0,6.9,,六年或15万公里,永磁同步,200.0,315.0,200.0,315.0,,,,,磷酸铁锂电池,18.316,125.0,15.0,首任车主不限年限/不限里程(责任免除条款以官方为准),快充:待定/慢充:待定,,4995,1910,1495,2920,,,,1910.0,三厢车,4.0,5.0,,平开门,,,,,皮质,上下+前后,,,,,仿皮,,自动,,
sg25611,228713.0,比亚迪,,比亚迪,sg25611,汉,pcauto_m132676,汉 2025款 DM-i 智驾版 125km 舒适型,2024,插电混动,比亚迪,中大型车,16.88,16.88万,,,1498.0,1.5,涡轮增压,直列,4.0,VVT,156.0,115.0,,225.0,,插电混动,92号(原93号),直喷,铝合金,国VI,电子无级变速箱,,电子无级变速箱(E-CVT),200.0,6.9,,六年或15万公里,永磁同步,200.0,315.0,200.0,315.0,,,,,磷酸铁锂电池,18.316,125.0,15.0,首任车主不限年限/不限里程(责任免除条款以官方为准),快充:待定/慢充:待定,,4995,1910,1495,2920,,,,1910.0,三厢车,4.0,5.0,,平开门,,,,,皮质,上下+前后,,,,,仿皮,,自动,,
sg25611,119821.0,比亚迪,,比亚迪,sg25611,汉,pcauto_m132676,汉 2025款 DM-i 智驾版 125km 舒适型,2025,插电混动,比亚迪,中大型车,16.88,16.88万,,,1498.0,1.5,涡轮增压,直列,4.0,VVT,156.0,115.0,,225.0,,插电混动,92号(原93号),直喷,铝合金,国VI,电子无级变速箱,,电子无级变速箱(E-CVT),200.0,6.9,,六年或15万公里,永磁同步,200.0,315.0,200.0,315.0,,,,,磷酸铁锂电池,18.316,125.0,15.0,首任车主不限年限/不限里程(责任免除条款以官方为准),快充:待定/慢充:待定,,4995,1910,1495,2920,,,,1910.0,三厢车,4.0,5.0,,平开门,,,,,皮质,上下+前后,,,,,仿皮,,自动,,
sg25611,17279.0,比亚迪,,比亚迪,sg25611,汉,pcauto_m140233,汉 2026款 EV 705KM闪充尊贵型,2026,纯电动,比亚迪,中大型车,17.98,17.98万,,,,,,,,,,,,,,纯电动,,,,,固定齿比,1.0,固定齿比,190.0,6.5,,六年或15万公里,永磁同步,240.0,305.0,240.0,305.0,,,,,磷酸铁锂电池,67.4,705.0,11.6,首任车主不限年限/不限里程(责任免除条款以官方为准),快充:0.15小时/慢充:待定,10.0,4995,1910,1495,2920,,,,1980.0,三厢车,4.0,5.0,,平开门,,,,,皮质,上下+前后,,,,,仿皮,,自动,,
sg25651,79.0,红旗,59.0,红旗,4146,红旗E-HS9,98859,690km 旗悦版 七座,2023,纯电动,一汽红旗,大型SUV,58.98,58.98万,暂无报价,52.28万,,,,,,,,,,,,纯电动,,,,,电动车单速变速箱,1.0,固定齿比变速箱,200.0,6.5,,4年或10万公里,永磁/同步,320.0,600.0,160.0,300.0,160.0,300.0,,,,,690.0,,80,,,5209,2010,1731,3110,1708.0,1709.0,150.0,2644.0,SUV,5.0,7.0,,平开门,主 / 副,前 / 后,,主 / 副,,上下+前后,大屏,USB/Type-C,,46243,仿皮,前 / 后,自动,46243,纯电动
sg25651,409.0,红旗,59.0,红旗,4146,红旗E-HS9,98859,690km 旗悦版 七座,2024,纯电动,一汽红旗,大型SUV,58.98,58.98万,暂无报价,52.28万,,,,,,,,,,,,纯电动,,,,,电动车单速变速箱,1.0,固定齿比变速箱,200.0,6.5,,4年或10万公里,永磁/同步,320.0,600.0,160.0,300.0,160.0,300.0,,,,,690.0,,80,,,5209,2010,1731,3110,1708.0,1709.0,150.0,2644.0,SUV,5.0,7.0,,平开门,主 / 副,前 / 后,,主 / 副,,上下+前后,大屏,USB/Type-C,,46243,仿皮,前 / 后,自动,46243,纯电动
sg25651,318.0,红旗,59.0,红旗,4146,红旗E-HS9,98859,690km 旗悦版 七座,2025,纯电动,一汽红旗,大型SUV,58.98,58.98万,暂无报价,52.28万,,,,,,,,,,,,纯电动,,,,,电动车单速变速箱,1.0,固定齿比变速箱,200.0,6.5,,4年或10万公里,永磁/同步,320.0,600.0,160.0,300.0,160.0,300.0,,,,,690.0,,80,,,5209,2010,1731,3110,1708.0,1709.0,150.0,2644.0,SUV,5.0,7.0,,平开门,主 / 副,前 / 后,,主 / 副,,上下+前后,大屏,USB/Type-C,,46243,仿皮,前 / 后,自动,46243,纯电动
sg25653,61919.0,零跑汽车,207.0,零跑汽车,4272,零跑T03,245447,310舒享版,2022,纯电动,零跑汽车,微型车,5.99,5.99万,4.92万,5.99万,,,,,,,,,,,,纯电动,,,,,电动车单速变速箱,1.0,固定齿比变速箱,100.0,,,3年或12万公里,永磁/同步,55.0,114.0,55.0,114.0,,,,,,,310.0,,,,,3620,1652,1605,2400,1410.0,1410.0,120.0,1102.0,两厢车,5.0,4.0,210.0,平开门,主 / 副,前 / 后,,主 / 副,,上下,,USB/Type-C,,46056,仿皮,前 / 后,手动,46056,纯电动
sg25653,38454.0,零跑汽车,207.0,零跑汽车,4272,零跑T03,245447,310舒享版,2023,纯电动,零跑汽车,微型车,5.99,5.99万,4.92万,5.99万,,,,,,,,,,,,纯电动,,,,,电动车单速变速箱,1.0,固定齿比变速箱,100.0,,,3年或12万公里,永磁/同步,55.0,114.0,55.0,114.0,,,,,,,310.0,,,,,3620,1652,1605,2400,1410.0,1410.0,120.0,1102.0,两厢车,5.0,4.0,210.0,平开门,主 / 副,前 / 后,,主 / 副,,上下,,USB/Type-C,,46056,仿皮,前 / 后,手动,46056,纯电动
sg25653,62275.0,零跑汽车,207.0,零跑汽车,4272,零跑T03,245447,310舒享版,2024,纯电动,零跑汽车,微型车,5.99,5.99万,4.92万,5.99万,,,,,,,,,,,,纯电动,,,,,电动车单速变速箱,1.0,固定齿比变速箱,100.0,,,3年或12万公里,永磁/同步,55.0,114.0,55.0,114.0,,,,,,,310.0,,,,,3620,1652,1605,2400,1410.0,1410.0,120.0,1102.0,两厢车,5.0,4.0,210.0,平开门,主 / 副,前 / 后,,主 / 副,,上下,,USB/Type-C,,46056,仿皮,前 / 后,手动,46056,纯电动
sg25653,47724.0,零跑汽车,207.0,零跑汽车,4272,零跑T03,245447,310舒享版,2025,纯电动,零跑汽车,微型车,5.99,5.99万,4.92万,5.99万,,,,,,,,,,,,纯电动,,,,,电动车单速变速箱,1.0,固定齿比变速箱,100.0,,,3年或12万公里,永磁/同步,55.0,114.0,55.0,114.0,,,,,,,310.0,,,,,3620,1652,1605,2400,1410.0,1410.0,120.0,1102.0,两厢车,5.0,4.0,210.0,平开门,主 / 副,前 / 后,,主 / 副,,上下,,USB/Type-C,,46056,仿皮,前 / 后,手动,46056,纯电动
sg25653,3773.0,零跑汽车,207.0,零跑汽车,4272,零跑T03,245447,310舒享版,2026,纯电动,零跑汽车,微型车,5.99,5.99万,4.92万,5.99万,,,,,,,,,,,,纯电动,,,,,电动车单速变速箱,1.0,固定齿比变速箱,100.0,,,3年或12万公里,永磁/同步,55.0,114.0,55.0,114.0,,,,,,,310.0,,,,,3620,1652,1605,2400,1410.0,1410.0,120.0,1102.0,两厢车,5.0,4.0,210.0,平开门,主 / 副,前 / 后,,主 / 副,,上下,,USB/Type-C,,46056,仿皮,前 / 后,手动,46056,纯电动
sg25681,157.0,启辰,109.0,启辰,4276,启辰星,256722,260T 星尚版 Pro,2026,燃油,东风日产,紧凑型SUV,12.66,12.66万,暂无报价,12.66万,1480.0,1.5,涡轮增压,L,4.0,,190.0,140.0,5500.0,260.0,1500,汽油,92#,缸内直喷,铝,国VI b,7挡双离合,7.0,湿式双离合变速箱（DCT）,190.0,9.9,,3年或10万公里,,,,,,,,,,,,,,,,,4691,1905,1694,2756,1643.0,1640.0,192.0,1539.0,SUV,5.0,5.0,700.0,平开门,主 / 副,前 / 后,,主 / 副,,上下+前后,大屏,USB/Type-C,,46180,仿皮,前 / 后,手动,46180,燃油
sg25699,4931.0,海马,53.0,海马,4201,海马7X,92598,改款 1.5T 自动舒适型,2023,燃油,一汽海马,紧凑型MPV,12.98,12.98万,暂无报价,12.98万,1497.0,1.5,涡轮增压,L,4.0,DVVT,165.0,121.0,5500.0,240.0,1800,汽油,92#,多点电喷,铁,国VI b,6挡手自一体,6.0,手自一体变速箱(AT),165.0,,7.8,5年或10万公里,,,,,,,,,,,,,,,,,4815,1874,1720,2860,1615.0,1615.0,140.0,1670.0,MPV,5.0,7.0,,平开门,主 / 副,前 / 后,,主 / 副,,上下,大屏,USB/Type-C,,46117,仿皮,前 / 后,手动,46117,燃油
sg25771,8758.0,凯翼,142.0,凯翼,4311,炫界,90687,Pro 1.5T CVT豪华版,2024,燃油,凯翼汽车,小型SUV,8.29,8.29万,7.68万,8.29万,1498.0,1.5,涡轮增压,L,4.0,,156.0,115.0,,230.0,,汽油,92#,多点电喷,铁,国VI b,CVT无级变速,,无级变速箱(CVT),190.0,,6.7,3年或10万公里,,,,,,,,,,,,,,,,,4400,1831,1653,2632,1551.0,1563.0,158.0,1378.0,SUV,5.0,5.0,,平开门,主 / 副,前 / 后,,主 / 副,,上下,大屏,USB/Type-C,,46117,织物,前 / 后,手动,46117,燃油
sg25771,5488.0,凯翼,142.0,凯翼,4311,炫界,242201,1.5L 手动超值版,2025,燃油,凯翼汽车,小型SUV,6.39,6.39万,暂无报价,6.39万,1499.0,1.5,自然吸气,L,4.0,DVVT,116.0,85.0,6150.0,143.0,4000,汽油,92#,多点电喷,铁,国VI b,5挡手动,5.0,手动变速箱(MT),175.0,,6.7,3年或10万公里,,,,,,,,,,,,,,,,,4420,1831,1653,2632,1551.0,1563.0,158.0,1321.0,SUV,5.0,5.0,,平开门,主 / 副,前 / 后,,主 / 副,,上下,大屏,USB/Type-C,,46117,织物,前 / 后,手动,46117,燃油
sg25801,3801.0,奥迪,2.0,奥迪,4302,奥迪A7L,249092,45 TFSI 豪华型,2022,燃油,上汽奥迪,中大型车,41.87,41.87万,30.97万,31.70万,1984.0,2.0,涡轮增压,L,4.0,,245.0,180.0,5000.0,370.0,1600,汽油,95#,缸内直喷,铁,国VI b,7挡双离合,7.0,湿式双离合变速箱（DCT）,208.0,7.9,,3年或10万公里,,,,,,,,,,,,,,,,,5076,1908,1429,3026,1644.0,1629.0,,1855.0,三厢车,4.0,5.0,384.0,平开门,主 / 副,前 / 后,,主 / 副,,上下+前后,大屏,USB/Type-C,,46306,,前 / 后,自动,46306,燃油
sg25801,20239.0,奥迪,2.0,奥迪,4302,奥迪A7L,249092,45 TFSI 豪华型,2023,燃油,上汽奥迪,中大型车,41.87,41.87万,30.97万,31.70万,1984.0,2.0,涡轮增压,L,4.0,,245.0,180.0,5000.0,370.0,1600,汽油,95#,缸内直喷,铁,国VI b,7挡双离合,7.0,湿式双离合变速箱（DCT）,208.0,7.9,,3年或10万公里,,,,,,,,,,,,,,,,,5076,1908,1429,3026,1644.0,1629.0,,1855.0,三厢车,4.0,5.0,384.0,平开门,主 / 副,前 / 后,,主 / 副,,上下+前后,大屏,USB/Type-C,,46306,,前 / 后,自动,46306,燃油
sg25801,26918.0,奥迪,2.0,奥迪,4302,奥迪A7L,249092,45 TFSI 豪华型,2024,燃油,上汽奥迪,中大型车,41.87,41.87万,30.97万,31.70万,1984.0,2.0,涡轮增压,L,4.0,,245.0,180.0,5000.0,370.0,1600,汽油,95#,缸内直喷,铁,国VI b,7挡双离合,7.0,湿式双离合变速箱（DCT）,208.0,7.9,,3年或10万公里,,,,,,,,,,,,,,,,,5076,1908,1429,3026,1644.0,1629.0,,1855.0,三厢车,4.0,5.0,384.0,平开门,主 / 副,前 / 后,,主 / 副,,上下+前后,大屏,USB/Type-C,,46306,,前 / 后,自动,46306,燃油
sg25801,16505.0,奥迪,2.0,奥迪,4302,奥迪A7L,249092,45 TFSI 豪华型,2025,燃油,上汽奥迪,中大型车,41.87,41.87万,30.97万,31.70万,1984.0,2.0,涡轮增压,L,4.0,,245.0,180.0,5000.0,370.0,1600,汽油,95#,缸内直喷,铁,国VI b,7挡双离合,7.0,湿式双离合变速箱（DCT）,208.0,7.9,,3年或10万公里,,,,,,,,,,,,,,,,,5076,1908,1429,3026,1644.0,1629.0,,1855.0,三厢车,4.0,5.0,384.0,平开门,主 / 副,前 / 后,,主 / 副,,上下+前后,大屏,USB/Type-C,,46306,,前 / 后,自动,46306,燃油
sg25801,2325.0,奥迪,2.0,奥迪,4302,奥迪A7L,249092,45 TFSI 豪华型,2026,燃油,上汽奥迪,中大型车,41.87,41.87万,30.97万,31.70万,1984.0,2.0,涡轮增压,L,4.0,,245.0,180.0,5000.0,370.0,1600,汽油,95#,缸内直喷,铁,国VI b,7挡双离合,7.0,湿式双离合变速箱（DCT）,208.0,7.9,,3年或10万公里,,,,,,,,,,,,,,,,,5076,1908,1429,3026,1644.0,1629.0,,1855.0,三厢车,4.0,5.0,384.0,平开门,主 / 副,前 / 后,,主 / 副,,上下+前后,大屏,USB/Type-C,,46306,,前 / 后,自动,46306,燃油
sg25866,21322.0,红旗,59.0,红旗,4355,红旗H9,250851,改款 2.0T 旗享 豪华商务版,2022,燃油,一汽红旗,中大型车,32.98,32.98万,23.21万,24.78万,1989.0,2.0,涡轮增压,L,4.0,,252.0,185.0,5500.0,380.0,1800,48V轻混系统,95#,缸内直喷,铝,国VI b,8挡手自一体,8.0,手自一体变速箱(AT),230.0,7.8,,4年或10万公里,,,,,,,,,,,,,,,,,5137,1904,1498,3060,1633.0,1629.0,,1915.0,三厢车,4.0,5.0,,平开门,主 / 副,前 / 后,,主 / 副,,上下+前后,,USB/Type-C,BOSE,12以上,仿皮,前 / 后,自动,12以上,燃油
sg25866,15497.0,红旗,59.0,红旗,4355,红旗H9,250851,改款 2.0T 旗享 豪华商务版,2023,燃油,一汽红旗,中大型车,32.98,32.98万,23.21万,24.78万,1989.0,2.0,涡轮增压,L,4.0,,252.0,185.0,5500.0,380.0,1800,48V轻混系统,95#,缸内直喷,铝,国VI b,8挡手自一体,8.0,手自一体变速箱(AT),230.0,7.8,,4年或10万公里,,,,,,,,,,,,,,,,,5137,1904,1498,3060,1633.0,1629.0,,1915.0,三厢车,4.0,5.0,,平开门,主 / 副,前 / 后,,主 / 副,,上下+前后,,USB/Type-C,BOSE,12以上,仿皮,前 / 后,自动,12以上,燃油
sg25866,7763.0,红旗,59.0,红旗,4355,红旗H9,250851,改款 2.0T 旗享 豪华商务版,2024,燃油,一汽红旗,中大型车,32.98,32.98万,23.21万,24.78万,1989.0,2.0,涡轮增压,L,4.0,,252.0,185.0,5500.0,380.0,1800,48V轻混系统,95#,缸内直喷,铝,国VI b,8挡手自一体,8.0,手自一体变速箱(AT),230.0,7.8,,4年或10万公里,,,,,,,,,,,,,,,,,5137,1904,1498,3060,1633.0,1629.0,,1915.0,三厢车,4.0,5.0,,平开门,主 / 副,前 / 后,,主 / 副,,上下+前后,,USB/Type-C,BOSE,12以上,仿皮,前 / 后,自动,12以上,燃油
sg25866,8567.0,红旗,59.0,红旗,4355,红旗H9,250851,改款 2.0T 旗享 豪华商务版,2025,燃油,一汽红旗,中大型车,32.98,32.98万,23.21万,24.78万,1989.0,2.0,涡轮增压,L,4.0,,252.0,185.0,5500.0,380.0,1800,48V轻混系统,95#,缸内直喷,铝,国VI b,8挡手自一体,8.0,手自一体变速箱(AT),230.0,7.8,,4年或10万公里,,,,,,,,,,,,,,,,,5137,1904,1498,3060,1633.0,1629.0,,1915.0,三厢车,4.0,5.0,,平开门,主 / 副,前 / 后,,主 / 副,,上下+前后,,USB/Type-C,BOSE,12以上,仿皮,前 / 后,自动,12以上,燃油
sg25866,2656.0,红旗,59.0,红旗,4355,红旗H9,250851,改款 2.0T 旗享 豪华商务版,2026,燃油,一汽红旗,中大型车,32.98,32.98万,23.21万,24.78万,1989.0,2.0,涡轮增压,L,4.0,,252.0,185.0,5500.0,380.0,1800,48V轻混系统,95#,缸内直喷,铝,国VI b,8挡手自一体,8.0,手自一体变速箱(AT),230.0,7.8,,4年或10万公里,,,,,,,,,,,,,,,,,5137,1904,1498,3060,1633.0,1629.0,,1915.0,三厢车,4.0,5.0,,平开门,主 / 副,前 / 后,,主 / 副,,上下+前后,,USB/Type-C,BOSE,12以上,仿皮,前 / 后,自动,12以上,燃油
sg25872,306.0,合创汽车,,合创汽车,sg25872,合创007,pcauto_m105921,合创007 2021款 BASE版,2021,纯电动,合创汽车,中型SUV,25.98,25.98万,,,,,,,,,,,,,,纯电动,,,,,固定齿比,1.0,固定齿比,170.0,8.2,,五年不限里程,永磁同步,135.0,350.0,135.0,350.0,,,,,三元锂电池,73.0,523.0,15.9,首任车主不限年限/里程(责任免除条款以官方为准),快充:0.55小时/慢充:6.2小时,80.0,4879,1937,1680,2919,,,,1920.0,SUV,5.0,5.0,,,,,,,真皮,上下+前后,,,,,真皮,,自动,,
sg25881,17318.0,蔚来,112.0,蔚来,4357,蔚来EC6,248410,100kWh,2025,纯电动,蔚来,中型SUV,35.8,35.80万,35.00万,35.80万,,,,,,,,,,,,纯电动,,,,,电动车单速变速箱,1.0,固定齿比变速箱,200.0,4.4,,3年或12万公里,前感应/异步后永磁/同步,360.0,700.0,150.0,280.0,210.0,420.0,,,,,655.0,,80,,,4849,1995,1697,2915,1711.0,1711.0,165.0,2323.0,SUV,5.0,5.0,532.0,平开门,主 / 副,前 / 后,,主 / 副,,上下+前后,,,,12以上,真皮,前 / 后,自动,12以上,纯电动
sg25881,3194.0,蔚来,112.0,蔚来,4357,蔚来EC6,257433,100kWh,2026,纯电动,蔚来,中型SUV,35.8,35.80万,暂无报价,35.80万,,,,,,,,,,,,纯电动,,,,,电动车单速变速箱,1.0,固定齿比变速箱,200.0,4.4,,3年或12万公里,前感应/异步后永磁/同步,360.0,700.0,150.0,280.0,210.0,420.0,,,,,655.0,,80,,,4849,1995,1697,2915,1711.0,1711.0,165.0,2323.0,SUV,5.0,5.0,532.0,平开门,主 / 副,前 / 后,,主 / 副,,上下+前后,,,,12以上,真皮,前 / 后,自动,12以上,纯电动
sg25891,4073.0,路虎,,路虎,sg25891,发现运动版,pcauto_m129561,发现运动版 2025款 性能科技版,2025,燃油,奇瑞捷豹路虎,中型SUV,38.83,38.83万,,,1997.0,2.0,涡轮增压,直列,4.0,48V+启发电机,249.0,183.0,,365.0,,汽油,95号(原97号),直喷,铝合金,国VI,手自一体,9.0,手自一体,225.0,8.2,,三年或10万公里,,,,,,,,,,,,,,,,,4597,1904,1727,2741,,,,2040.0,SUV,5.0,5.0,,平开门,,,,,真皮,上下+前后,,,,,仿皮,,自动,,
sg25901,20219.0,福特,7.0,福特,4284,探险者,240536,2.3T EcoBoost 后驱风尚版 6座,2022,燃油,长安福特,中大型SUV,30.98,30.98万,25.76万,30.98万,2261.0,2.3,涡轮增压,L,4.0,,289.0,213.0,5500.0,445.0,2500,汽油,92#,缸内直喷,铝,国VI,10挡自动,10.0,自动变速箱(AT),200.0,,,3年或10万公里,,,,,,,,,,,,,,,,,5063,2004,1778,3025,1703.0,1705.0,189.0,2009.0,SUV,5.0,6.0,2487.0,平开门,主 / 副,前 / 后,,主 / 副,,上下+前后,大屏,USB/Type-C,,46180,仿皮,前 / 后,自动,46180,燃油
sg25901,27050.0,福特,7.0,福特,4284,探险者,240536,2.3T EcoBoost 后驱风尚版 6座,2023,燃油,长安福特,中大型SUV,30.98,30.98万,25.76万,30.98万,2261.0,2.3,涡轮增压,L,4.0,,289.0,213.0,5500.0,445.0,2500,汽油,92#,缸内直喷,铝,国VI,10挡自动,10.0,自动变速箱(AT),200.0,,,3年或10万公里,,,,,,,,,,,,,,,,,5063,2004,1778,3025,1703.0,1705.0,189.0,2009.0,SUV,5.0,6.0,2487.0,平开门,主 / 副,前 / 后,,主 / 副,,上下+前后,大屏,USB/Type-C,,46180,仿皮,前 / 后,自动,46180,燃油
sg25901,19400.0,福特,7.0,福特,4284,探险者,240536,2.3T EcoBoost 后驱风尚版 6座,2024,燃油,长安福特,中大型SUV,30.98,30.98万,25.76万,30.98万,2261.0,2.3,涡轮增压,L,4.0,,289.0,213.0,5500.0,445.0,2500,汽油,92#,缸内直喷,铝,国VI,10挡自动,10.0,自动变速箱(AT),200.0,,,3年或10万公里,,,,,,,,,,,,,,,,,5063,2004,1778,3025,1703.0,1705.0,189.0,2009.0,SUV,5.0,6.0,2487.0,平开门,主 / 副,前 / 后,,主 / 副,,上下+前后,大屏,USB/Type-C,,46180,仿皮,前 / 后,自动,46180,燃油
sg25901,13569.0,福特,7.0,福特,4284,探险者,248795,2.3T EcoBoost 四驱穿越版 5座,2025,燃油,长安福特,中大型SUV,30.98,30.98万,28.14万,30.98万,2261.0,2.3,涡轮增压,L,4.0,,289.0,213.0,5500.0,445.0,2500,汽油,92#,缸内直喷,铝,国VI,10挡自动,10.0,自动变速箱(AT),200.0,,,3年或10万公里,,,,,,,,,,,,,,,,,5063,2004,1778,3025,1703.0,1705.0,201.0,2054.0,SUV,5.0,5.0,2487.0,平开门,主 / 副,前 / 后,,主 / 副,,上下+前后,大屏,USB/Type-C,,46180,仿皮,前 / 后,自动,46180,燃油
sg25901,4284.0,福特,7.0,福特,4284,探险者,248795,2.3T EcoBoost 四驱穿越版 5座,2026,燃油,长安福特,中大型SUV,30.98,30.98万,28.14万,30.98万,2261.0,2.3,涡轮增压,L,4.0,,289.0,213.0,5500.0,445.0,2500,汽油,92#,缸内直喷,铝,国VI,10挡自动,10.0,自动变速箱(AT),200.0,,,3年或10万公里,,,,,,,,,,,,,,,,,5063,2004,1778,3025,1703.0,1705.0,201.0,2054.0,SUV,5.0,5.0,2487.0,平开门,主 / 副,前 / 后,,主 / 副,,上下+前后,大屏,USB/Type-C,,46180,仿皮,前 / 后,自动,46180,燃油
sg25902,296.0,奇瑞新能源,,奇瑞新能源,sg25902,大蚂蚁,pcauto_m109645,大蚂蚁 2022款 潮享舱,2022,纯电动,奇瑞新能源,中型SUV,15.66,15.66万,,,,,,,,,,,,,,纯电动,,,,,固定齿比,1.0,固定齿比,170.0,,,三年或12万公里,永磁同步,130.0,280.0,,,,,,,三元锂电池,70.1,510.0,,首任车主不限年限/里程,快充:0.5小时/慢充:11.0小时-13.0小时,80.0,4630,1910,1655,2830,,,,1790.0,SUV,5.0,5.0,,,,,,,塑料,上下+前后,,,,,仿皮,,自动,,
sg25903,54908.0,长安,35.0,长安,4353,长安UNI-T,91238,第二代 1.5T 尊享型,2022,燃油,长安汽车,紧凑型SUV,11.59,11.59万,10.16万,9.99万,1494.0,1.5,涡轮增压,L,4.0,,188.0,138.0,5500.0,300.0,1600,汽油,92#,缸内直喷,铝,国VI b,7挡双离合,7.0,湿式双离合变速箱（DCT）,205.0,,,3年或10万公里,,,,,,,,,,,,,,,,,4535,1870,1565,2710,1600.0,1610.0,,1480.0,SUV,5.0,5.0,350.0,平开门,主 / 副,前 / 后,,主 / 副,,上下+前后,大屏,USB/Type-C+SD卡槽,,46243,仿皮,前 / 后,自动,46243,燃油
sg25903,29572.0,长安,35.0,长安,4353,长安UNI-T,91238,第二代 1.5T 尊享型,2023,燃油,长安汽车,紧凑型SUV,11.59,11.59万,10.16万,9.99万,1494.0,1.5,涡轮增压,L,4.0,,188.0,138.0,5500.0,300.0,1600,汽油,92#,缸内直喷,铝,国VI b,7挡双离合,7.0,湿式双离合变速箱（DCT）,205.0,,,3年或10万公里,,,,,,,,,,,,,,,,,4535,1870,1565,2710,1600.0,1610.0,,1480.0,SUV,5.0,5.0,350.0,平开门,主 / 副,前 / 后,,主 / 副,,上下+前后,大屏,USB/Type-C+SD卡槽,,46243,仿皮,前 / 后,自动,46243,燃油
sg25903,7449.0,长安,35.0,长安,4353,长安UNI-T,91238,第二代 1.5T 尊享型,2024,燃油,长安汽车,紧凑型SUV,11.59,11.59万,10.16万,9.99万,1494.0,1.5,涡轮增压,L,4.0,,188.0,138.0,5500.0,300.0,1600,汽油,92#,缸内直喷,铝,国VI b,7挡双离合,7.0,湿式双离合变速箱（DCT）,205.0,,,3年或10万公里,,,,,,,,,,,,,,,,,4535,1870,1565,2710,1600.0,1610.0,,1480.0,SUV,5.0,5.0,350.0,平开门,主 / 副,前 / 后,,主 / 副,,上下+前后,大屏,USB/Type-C+SD卡槽,,46243,仿皮,前 / 后,自动,46243,燃油
sg25903,3165.0,长安,35.0,长安,4353,长安UNI-T,91238,第二代 1.5T 尊享型,2025,燃油,长安汽车,紧凑型SUV,11.59,11.59万,10.16万,9.99万,1494.0,1.5,涡轮增压,L,4.0,,188.0,138.0,5500.0,300.0,1600,汽油,92#,缸内直喷,铝,国VI b,7挡双离合,7.0,湿式双离合变速箱（DCT）,205.0,,,3年或10万公里,,,,,,,,,,,,,,,,,4535,1870,1565,2710,1600.0,1610.0,,1480.0,SUV,5.0,5.0,350.0,平开门,主 / 副,前 / 后,,主 / 副,,上下+前后,大屏,USB/Type-C+SD卡槽,,46243,仿皮,前 / 后,自动,46243,燃油
sg25903,102.0,长安,35.0,长安,4353,长安UNI-T,91238,第二代 1.5T 尊享型,2026,燃油,长安汽车,紧凑型SUV,11.59,11.59万,10.16万,9.99万,1494.0,1.5,涡轮增压,L,4.0,,188.0,138.0,5500.0,300.0,1600,汽油,92#,缸内直喷,铝,国VI b,7挡双离合,7.0,湿式双离合变速箱（DCT）,205.0,,,3年或10万公里,,,,,,,,,,,,,,,,,4535,1870,1565,2710,1600.0,1610.0,,1480.0,SUV,5.0,5.0,350.0,平开门,主 / 副,前 / 后,,主 / 副,,上下+前后,大屏,USB/Type-C+SD卡槽,,46243,仿皮,前 / 后,自动,46243,燃油
sg25971,660.0,别克,,别克,sg25971,微蓝7,pcauto_m112096,微蓝7 2022款 652E 互联智享型,2022,纯电动,上汽通用别克,小型SUV,19.78,19.78万,,,,,,,,,,,,,,纯电动,,,,,固定齿比,1.0,固定齿比,145.0,,,三年或10万公里,永磁同步,130.0,360.0,130.0,360.0,,,,,三元锂电池,55.6,500.0,13.1,八年或16万公里,快充:1.0小时/慢充:9.5小时,80.0,4264,1767,1618,2675,,,,1660.0,SUV,5.0,5.0,,,,,,,真皮,上下+前后,,,,,皮/织物混搭,,自动,,
sg25982,6549.0,ARCFOX极狐,176.0,ARCFOX极狐,sg25982,极狐 阿尔法T(ARCFOX αT),pcauto_m123233,极狐 阿尔法T(ARCFOX αT) 2023款 480 森林版 175kW,2023,纯电动,北汽新能源,中型SUV,18.58,18.58万,,,,,,,,,,,,,,纯电动,,,,,固定齿比,1.0,固定齿比,180.0,8.0,,五年或12万公里,永磁同步,175.0,360.0,175.0,360.0,,,,,三元锂电池,65.6,480.0,16.0,八年或16万公里,快充:0.43小时/慢充:5.7小时,80.0,4788,1940,1683,2915,,,,1935.0,SUV,5.0,5.0,,平开门,,,,,皮质,上下+前后,,,,,仿皮,,自动,,
sg25982,796.0,ARCFOX极狐,176.0,ARCFOX极狐,sg25982,极狐 阿尔法T(ARCFOX αT),pcauto_m126720,极狐 阿尔法T(ARCFOX αT) 2024款 480E 森林版Pro 160kW,2024,纯电动,北汽新能源,中型SUV,20.58,20.58万,,,,,,,,,,,,,,纯电动,,,,,固定齿比,1.0,固定齿比,180.0,8.0,,五年或12万公里,永磁同步,160.0,360.0,160.0,360.0,,,,,三元锂电池,65.6,480.0,16.0,首任车主不限年限/里程（责任免除条款以官方为准）,快充:0.43小时/慢充:11.4小时,80.0,4788,1940,1683,2915,,,,1935.0,SUV,5.0,5.0,,平开门,,,,,真皮,上下+前后,,,,,仿皮,,自动,,
sg25991,11801.0,领克,174.0,领克,4342,领克06,250467,Relive 1.5T Max,2026,燃油,领克,小型SUV,11.76,11.76万,9.80万,9.96万,1499.0,1.5,涡轮增压,L,4.0,,181.0,133.0,5500.0,290.0,2000,汽油,92#,缸内直喷,铝,国VI b,7挡双离合,7.0,湿式双离合变速箱（DCT）,195.0,,,4年或10万公里,,,,,,,,,,,,,,,,,4350,1820,1625,2640,1553.0,1568.0,151.0,1420.0,SUV,5.0,5.0,353.0,平开门,主 / 副,前 / 后,,主 / 副,,上下+前后,,USB/Type-C,,46243,仿皮,前 / 后,自动,46243,燃油
sg25992,1562.0,领克,,领克,sg25992,领克06新能源,pcauto_m130854,领克06新能源 2025款 EM-P 126长续航Max,2025,插电混动,领克,小型SUV,14.78,14.78万,,,1499.0,1.5,自然吸气,直列,4.0,,120.0,88.0,,148.0,,插电混动,92号(原93号),直喷,铝合金,国VI,DHT变速箱,3.0,混合动力专用变速箱(DHT),178.0,5.9,,四年或10万公里,永磁同步,160.0,350.0,160.0,350.0,,,,,磷酸铁锂电池,19.09,102.0,15.3,首任车主不限年限/里程（责任免除条款以官方为准）,快充:0.47小时,80.0,4350,1820,1625,2640,,,,1720.0,SUV,5.0,5.0,,平开门,,,,,皮质,上下+前后,,,,,仿皮,,自动,,
sg26013,5628.0,埃安,242.0,埃安,4426,AION V,251072,霸王龙家庭版 520 智豪版,2026,纯电动,广汽埃安新能源,紧凑型SUV,10.98,10.98万,10.36万,10.18万,,,,,,,,,,,,纯电动,,,,,电动车单速变速箱,1.0,固定齿比变速箱,160.0,7.9,,4年或15万公里,永磁/同步,150.0,205.0,150.0,205.0,,,,,,,520.0,,,,,4580,1854,1639,2775,1600.0,1600.0,,1780.0,SUV,5.0,5.0,,平开门,主 / 副,前 / 后,,主 / 副,,上下+前后,,USB/Type-C+存储卡插槽,,46243,仿皮,前 / 后,自动,46243,纯电动
sg26021,11776.0,北京汽车,68.0,北京汽车,4422,北京X7,88302,1.5TD 优享+,2023,燃油,北京汽车,中型SUV,11.99,11.99万,9.79万,9.49万,1498.0,1.5,涡轮增压,L,4.0,,188.0,138.0,5500.0,305.0,1500,汽油,92#,缸内直喷,铝,国VI b,7挡双离合,7.0,湿式双离合变速箱（DCT）,200.0,,7.66,5年或10万公里,,,,,,,,,,,,,,,,,4745,1892,1715,2800,1602.0,1616.0,,1610.0,SUV,5.0,5.0,,平开门,主 / 副,前 / 后,,主 / 副,,上下+前后,,USB/Type-C,,46180,仿皮,前 / 后,自动,46180,燃油
sg26021,4525.0,北京汽车,68.0,北京汽车,4422,北京X7,99623,1.5TD 优享+PLUS,2024,燃油,北京汽车,中型SUV,12.99,12.99万,8.99万,10.49万,1498.0,1.5,涡轮增压,L,4.0,,188.0,138.0,5500.0,305.0,1500,汽油,92#,缸内直喷,铝,国VI b,7挡双离合,7.0,湿式双离合变速箱（DCT）,200.0,,7.66,5年或10万公里,,,,,,,,,,,,,,,,,4745,1892,1715,2800,1602.0,1616.0,,1610.0,SUV,5.0,5.0,,平开门,主 / 副,前 / 后,,主 / 副,,上下+前后,,USB/Type-C,,46180,仿皮,前 / 后,自动,46180,燃油
sg26021,6030.0,北京汽车,68.0,北京汽车,4422,北京X7,249890,1.5TD 乐享,2025,燃油,北京汽车,中型SUV,11.99,11.99万,8.15万,11.99万,1498.0,1.5,涡轮增压,L,4.0,,188.0,138.0,5500.0,305.0,1500,汽油,92#,缸内直喷,铝,国VI b,7挡双离合,7.0,湿式双离合变速箱（DCT）,200.0,,7.66,5年或10万公里,,,,,,,,,,,,,,,,,4745,1892,1715,2800,1602.0,1616.0,,1610.0,SUV,5.0,5.0,,平开门,主 / 副,前 / 后,,主 / 副,,上下+前后,,USB/Type-C,,46180,仿皮,前 / 后,自动,46180,燃油
sg26043,42598.0,荣威,,荣威,sg26043,科莱威CLEVER,pcauto_m113093,科莱威CLEVER 2022款 311km元气啵啵版,2022,纯电动,上汽集团,微型车,6.7999,6.7999万,,,,,,,,,,,,,,纯电动,,,,,固定齿比,1.0,固定齿比,100.0,,,三年或10万公里,永磁同步,33.0,100.0,33.0,100.0,,,,,磷酸铁锂电池,29.0,311.0,9.9,八年或15万公里,快充:不支持/慢充:5.5小时,,3140,1648,1531,2000,,,,,两厢车,3.0,4.0,,,,,,,塑料,上下,,,,,仿皮,,手动,,
sg26061,92106.0,长安欧尚,,长安欧尚,sg26061,奔奔E-Star,pcauto_m119043,奔奔E-Star 2023款 动心版 多彩款,2022,纯电动,长安欧尚,微型车,7.89,7.89万,,,,,,,,,,,,,,纯电动,,,,,固定齿比,1.0,固定齿比,101.0,,,三年或12万公里,永磁同步,55.0,170.0,55.0,170.0,,,,,磷酸铁锂电池,31.86,301.0,,八年或12万公里,快充:不支持/慢充:12.0小时,80.0,3770,1650,1570,2410,,,,1150.0,两厢车,5.0,5.0,,平开门,,,,,皮质,上下,,,,,织物,,手动,,
sg26061,16705.0,长安欧尚,,长安欧尚,sg26061,奔奔E-Star,pcauto_m119043,奔奔E-Star 2023款 动心版 多彩款,2023,纯电动,长安欧尚,微型车,7.89,7.89万,,,,,,,,,,,,,,纯电动,,,,,固定齿比,1.0,固定齿比,101.0,,,三年或12万公里,永磁同步,55.0,170.0,55.0,170.0,,,,,磷酸铁锂电池,31.86,301.0,,八年或12万公里,快充:不支持/慢充:12.0小时,80.0,3770,1650,1570,2410,,,,1150.0,两厢车,5.0,5.0,,平开门,,,,,皮质,上下,,,,,织物,,手动,,
sg26061,3749.0,长安欧尚,,长安欧尚,sg26061,奔奔E-Star,pcauto_m119043,奔奔E-Star 2023款 动心版 多彩款,2024,纯电动,长安欧尚,微型车,7.89,7.89万,,,,,,,,,,,,,,纯电动,,,,,固定齿比,1.0,固定齿比,101.0,,,三年或12万公里,永磁同步,55.0,170.0,55.0,170.0,,,,,磷酸铁锂电池,31.86,301.0,,八年或12万公里,快充:不支持/慢充:12.0小时,80.0,3770,1650,1570,2410,,,,1150.0,两厢车,5.0,5.0,,平开门,,,,,皮质,上下,,,,,织物,,手动,,
sg26061,2802.0,长安欧尚,,长安欧尚,sg26061,奔奔E-Star,pcauto_m119043,奔奔E-Star 2023款 动心版 多彩款,2025,纯电动,长安欧尚,微型车,7.89,7.89万,,,,,,,,,,,,,,纯电动,,,,,固定齿比,1.0,固定齿比,101.0,,,三年或12万公里,永磁同步,55.0,170.0,55.0,170.0,,,,,磷酸铁锂电池,31.86,301.0,,八年或12万公里,快充:不支持/慢充:12.0小时,80.0,3770,1650,1570,2410,,,,1150.0,两厢车,5.0,5.0,,平开门,,,,,皮质,上下,,,,,织物,,手动,,
sg26101,149726.0,长安,35.0,长安,1455,逸动,98877,1.5T DCT畅享版,2022,燃油,长安汽车,紧凑型车,8.39,8.39万,6.74万,5.39万,1494.0,1.5,涡轮增压,L,4.0,米勒循环,170.0,125.0,5500.0,260.0,1500,汽油,92#,缸内直喷,铝,国VI,7挡双离合,7.0,湿式双离合变速箱（DCT）,200.0,,,3年或10万公里,,,,,,,,,,,,,,,,,4770,1840,1440,2765,1590.0,1600.0,128.0,1325.0,三厢车,4.0,5.0,520.0,平开门,主 / 副,前 / 后,,主 / 副,,上下+前后,大屏,USB/Type-C+SD卡槽,,46056,仿皮,前 / 后,手动,46056,燃油
sg26101,154744.0,长安,35.0,长安,1455,逸动,98877,1.5T DCT畅享版,2023,燃油,长安汽车,紧凑型车,8.39,8.39万,6.74万,5.39万,1494.0,1.5,涡轮增压,L,4.0,米勒循环,170.0,125.0,5500.0,260.0,1500,汽油,92#,缸内直喷,铝,国VI,7挡双离合,7.0,湿式双离合变速箱（DCT）,200.0,,,3年或10万公里,,,,,,,,,,,,,,,,,4770,1840,1440,2765,1590.0,1600.0,128.0,1325.0,三厢车,4.0,5.0,520.0,平开门,主 / 副,前 / 后,,主 / 副,,上下+前后,大屏,USB/Type-C+SD卡槽,,46056,仿皮,前 / 后,手动,46056,燃油
sg26101,153348.0,长安,35.0,长安,1455,逸动,98877,1.5T DCT畅享版,2024,燃油,长安汽车,紧凑型车,8.39,8.39万,6.74万,5.39万,1494.0,1.5,涡轮增压,L,4.0,米勒循环,170.0,125.0,5500.0,260.0,1500,汽油,92#,缸内直喷,铝,国VI,7挡双离合,7.0,湿式双离合变速箱（DCT）,200.0,,,3年或10万公里,,,,,,,,,,,,,,,,,4770,1840,1440,2765,1590.0,1600.0,128.0,1325.0,三厢车,4.0,5.0,520.0,平开门,主 / 副,前 / 后,,主 / 副,,上下+前后,大屏,USB/Type-C+SD卡槽,,46056,仿皮,前 / 后,手动,46056,燃油
sg26101,168949.0,长安,35.0,长安,1455,逸动,246808,PLUS 1.5L 手动豪华版,2025,燃油,长安汽车,紧凑型车,7.29,7.29万,5.00万,5.29万,1494.0,1.5,自然吸气,L,4.0,DVVT,110.0,81.0,6000.0,152.0,4000,汽油,92#,缸内直喷,铝,国VI,5挡手动,5.0,手动变速箱(MT),175.0,,,3年或10万公里,,,,,,,,,,,,,,,,,4730,1820,1505,2700,1555.0,1566.0,155.0,1215.0,三厢车,4.0,5.0,500.0,平开门,主 / 副,前 / 后,,主 / 副,,上下,大屏,USB/Type-C,,46117,仿皮,前 / 后,手动,46117,燃油
sg26101,58634.0,长安,35.0,长安,1455,逸动,250812,1.5T DCT 经典版,2026,燃油,长安汽车,紧凑型车,8.79,8.79万,暂无报价,6.49万,1494.0,1.5,涡轮增压,L,4.0,500Bar超高压直喷,192.0,141.0,5500.0,310.0,1500,汽油,92#,缸内直喷,铝,国VI,7挡双离合,7.0,湿式双离合变速箱（DCT）,210.0,,,3年或10万公里,,,,,,,,,,,,,,,,,4770,1840,1440,2765,1575.0,1585.0,,1325.0,三厢车,4.0,5.0,520.0,平开门,主 / 副,前 / 后,,主 / 副,,上下+前后,,USB/Type-C+SD卡槽,,46180,仿皮,前 / 后,自动,46180,燃油
sg26211,411183.0,五菱,,五菱,sg26211,宏光MINIEV,pcauto_m113110,宏光MINIEV 2022款 轻松款 三元锂,2022,纯电动,上汽通用五菱,微型车,3.28,3.28万,,,,,,,,,,,,,,纯电动,,,,,固定齿比,1.0,固定齿比,100.0,,,三年或10万公里,永磁同步,20.0,85.0,,,,,,,三元锂电池,9.2,120.0,,八年或12万公里,快充:不支持/慢充:6.5小时,,2920,1493,1621,1940,,,,665.0,两厢车,3.0,4.0,,平开门,,,,,塑料,,,,,,织物,,,,
sg26211,237863.0,五菱,,五菱,sg26211,宏光MINIEV,pcauto_m113110,宏光MINIEV 2022款 轻松款 三元锂,2023,纯电动,上汽通用五菱,微型车,3.28,3.28万,,,,,,,,,,,,,,纯电动,,,,,固定齿比,1.0,固定齿比,100.0,,,三年或10万公里,永磁同步,20.0,85.0,,,,,,,三元锂电池,9.2,120.0,,八年或12万公里,快充:不支持/慢充:6.5小时,,2920,1493,1621,1940,,,,665.0,两厢车,3.0,4.0,,平开门,,,,,塑料,,,,,,织物,,,,
sg26211,261141.0,五菱,,五菱,sg26211,宏光MINIEV,pcauto_m126277,宏光MINIEV 2024款 马卡龙款 120KM,2024,纯电动,上汽通用五菱,微型车,3.58,3.58万,,,,,,,,,,,,,,纯电动,,,,,固定齿比,1.0,固定齿比,100.0,,,三年或10万公里,永磁同步,20.0,85.0,,,,,,,磷酸铁锂电池,9.3,120.0,,八年或12万公里,快充:不支持/慢充:4.6小时,80.0,3064,1493,1614,2010,,,,685.0,两厢车,3.0,4.0,,平开门,,,,,塑料,,,,,,织物,,手动,,
sg26211,435599.0,五菱,,五菱,sg26211,宏光MINIEV,pcauto_m130679,宏光MINIEV 2025款 四门版 205KM 进阶款,2025,纯电动,上汽通用五菱,微型车,4.48,4.48万,,,,,,,,,,,,,,纯电动,,,,,固定齿比,1.0,固定齿比,100.0,,,三年或12万公里,永磁同步,30.0,,,,,,,,磷酸铁锂电池,16.2,205.0,8.9,八年或12万公里,快充:0.58小时/慢充:4.8小时,30.0,3256,1510,1578,2190,,,,780.0,两厢车,5.0,4.0,,平开门,,,,,塑料,,,,,,织物,,手动,,
sg26211,72799.0,五菱,,五菱,sg26211,宏光MINIEV,pcauto_m138259,宏光MINIEV 2026款 205km 进阶款,2026,纯电动,上汽通用五菱,微型车,4.48,4.48万,,,,,,,,,,,,,,纯电动,,,,,固定齿比,1.0,固定齿比,101.0,,,三年或12万公里,永磁同步,30.0,85.0,,,,,,,磷酸铁锂电池,16.2,205.0,8.9,八年或12万公里,快充:0.58小时/慢充:4.8小时,30.0,3268,1520,1575,2190,,,,790.0,两厢车,4.0,4.0,,平开门,,,,,塑料,,,,,,织物,,手动,,
sg26242,734.0,大通,,大通,sg26242,上汽大通MAXUS D90 Pro,pcauto_m117132,上汽大通MAXUS D90 Pro 2023款 汽油 2.0T 自动两驱精英版 5座,2023,燃油,大通,中大型SUV,17.98,17.98万,,,1995.0,2.0,涡轮增压,直列,4.0,,218.0,160.0,,350.0,,汽油,92号(原93号),直喷,铝合金,国VI,手自一体,8.0,手自一体,185.0,,,三年或10万公里,,,,,,,,,,,,,,,,,5005,1932,1875,2950,,,,2080.0,SUV,5.0,5.0,,平开门,,,,,皮质,上下+前后,,,,,皮/织物混搭,,自动,,
sg26263,30288.0,凌宝汽车,384.0,凌宝汽车,4503,凌宝BOX,240234,青柠版,2022,纯电动,吉麦新能源,微型车,4.19,4.19万,暂无报价,4.19万,,,,,,,,,,,,纯电动,,,,,电动车单速变速箱,1.0,固定齿比变速箱,101.0,,,3年或6万公里,永磁/同步,30.0,95.0,30.0,95.0,,,,,磷酸铁锂电池,,140.0,,80,,,3584,1475,1666,2455,1300.0,1295.0,121.0,865.0,两厢车,5.0,4.0,63.0,平开门,主 / 副,前 / 后,,主 / 副,,,大屏,USB/Type-C,,46056,织物,前 / 后,手动,46056,纯电动
sg26263,10281.0,凌宝汽车,384.0,凌宝汽车,4503,凌宝BOX,240234,青柠版,2023,纯电动,吉麦新能源,微型车,4.19,4.19万,暂无报价,4.19万,,,,,,,,,,,,纯电动,,,,,电动车单速变速箱,1.0,固定齿比变速箱,101.0,,,3年或6万公里,永磁/同步,30.0,95.0,30.0,95.0,,,,,磷酸铁锂电池,,140.0,,80,,,3584,1475,1666,2455,1300.0,1295.0,121.0,865.0,两厢车,5.0,4.0,63.0,平开门,主 / 副,前 / 后,,主 / 副,,,大屏,USB/Type-C,,46056,织物,前 / 后,手动,46056,纯电动
sg26263,8406.0,凌宝汽车,384.0,凌宝汽车,4503,凌宝BOX,240234,青柠版,2024,纯电动,吉麦新能源,微型车,4.19,4.19万,暂无报价,4.19万,,,,,,,,,,,,纯电动,,,,,电动车单速变速箱,1.0,固定齿比变速箱,101.0,,,3年或6万公里,永磁/同步,30.0,95.0,30.0,95.0,,,,,磷酸铁锂电池,,140.0,,80,,,3584,1475,1666,2455,1300.0,1295.0,121.0,865.0,两厢车,5.0,4.0,63.0,平开门,主 / 副,前 / 后,,主 / 副,,,大屏,USB/Type-C,,46056,织物,前 / 后,手动,46056,纯电动
sg26263,5624.0,凌宝汽车,384.0,凌宝汽车,4503,凌宝BOX,240234,青柠版,2025,纯电动,吉麦新能源,微型车,4.19,4.19万,暂无报价,4.19万,,,,,,,,,,,,纯电动,,,,,电动车单速变速箱,1.0,固定齿比变速箱,101.0,,,3年或6万公里,永磁/同步,30.0,95.0,30.0,95.0,,,,,磷酸铁锂电池,,140.0,,80,,,3584,1475,1666,2455,1300.0,1295.0,121.0,865.0,两厢车,5.0,4.0,63.0,平开门,主 / 副,前 / 后,,主 / 副,,,大屏,USB/Type-C,,46056,织物,前 / 后,手动,46056,纯电动
sg26263,1534.0,凌宝汽车,384.0,凌宝汽车,4503,凌宝BOX,240234,青柠版,2026,纯电动,吉麦新能源,微型车,4.19,4.19万,暂无报价,4.19万,,,,,,,,,,,,纯电动,,,,,电动车单速变速箱,1.0,固定齿比变速箱,101.0,,,3年或6万公里,永磁/同步,30.0,95.0,30.0,95.0,,,,,磷酸铁锂电池,,140.0,,80,,,3584,1475,1666,2455,1300.0,1295.0,121.0,865.0,两厢车,5.0,4.0,63.0,平开门,主 / 副,前 / 后,,主 / 副,,,大屏,USB/Type-C,,46056,织物,前 / 后,手动,46056,纯电动
sg26311,2462.0,马自达,15.0,马自达,4381,马自达CX-30,238980,2.0L 手动尚悦型,2024,燃油,长安马自达,小型SUV,9.99,9.99万,9.76万,9.99万,1998.0,2.0,自然吸气,L,4.0,Dual S-VT,158.0,116.0,6000.0,202.0,4000,汽油,92#,缸内直喷,铝,国VI,6挡手动,6.0,手动变速箱(MT),204.0,,,3年或10万公里,,,,,,,,,,,,,,,,,4395,1797,1545,2653,1564.0,1563.0,,1372.0,SUV,5.0,5.0,430.0,平开门,主 / 副,前 / 后,,主 / 副,,上下+前后,大屏,USB/Type-C+SD卡槽,,,织物,前 / 后,手动,,燃油
sg26401,5005.0,林肯,62.0,林肯,4537,航海家,251246,2.0T 两驱 启航,2026,燃油,长安林肯,中型SUV,30.58,30.58万,23.93万,23.99万,1995.0,2.0,涡轮增压,L,4.0,,261.0,192.0,5500.0,390.0,2500,汽油,95#,混合喷射,铝,国VI b,8挡自动,8.0,自动变速箱(AT),200.0,,,5年或14万公里,,,,,,,,,,,,,,,,,4908,1952,1717,2900,1658.0,1668.0,164.0,1883.0,SUV,5.0,5.0,822.0,平开门,主 / 副,前 / 后,,主 / 副,,上下+前后,,USB/Type-C,,46243,仿皮,前 / 后,自动,46243,燃油
sg26403,22446.0,宝马,4.0,宝马,sg26403,宝马iX3,48419,领先型,2021,纯电动,华晨宝马,中型SUV,39.99,39.99万,32.60万,,,,,,,,,,,,,,,,,,电动车单速变速箱,1.0,固定齿比变速箱,180.0,6.8,,3年或10万公里,,,,,,,,,,,,,,,,,4746,1891,1683,2864,1600.0,1616.0,,2205.0,SUV,5.0,5.0,,平开门,主 / 副,前 / 后,,主 / 副,,上下+前后,大屏,USB/Type-C,,46180,仿皮,前 / 后,自动,46180,纯电动
sg26403,25937.0,宝马,4.0,宝马,sg26403,宝马iX3,56416,领先型,2022,纯电动,华晨宝马,中型SUV,39.99,39.99万,31.82万,,,,,,,,,,,,,,,,,,电动车单速变速箱,1.0,固定齿比变速箱,180.0,6.8,,3年或10万公里,,,,,,,,,,,,,,,,,4746,1891,1683,2864,1600.0,1616.0,,2190.0,SUV,5.0,5.0,,平开门,主 / 副,前 / 后,,主 / 副,,上下+前后,大屏,USB/Type-C,,46180,仿皮,前 / 后,自动,46180,纯电动
sg26403,39419.0,宝马,4.0,宝马,sg26403,宝马iX3,81555,领先型,2023,纯电动,华晨宝马,中型SUV,40.5,40.5万,27.95万,,,,,,,,,,,,,,,,,,电动车单速变速箱,1.0,固定齿比变速箱,180.0,6.8,,3年或10万公里,,,,,,,,,,,,,,,,,4746,1891,1683,2864,1600.0,1616.0,,2190.0,SUV,5.0,5.0,,平开门,主 / 副,前 / 后,,主 / 副,,上下+前后,大屏,USB/Type-C,,46180,仿皮,前 / 后,自动,46180,纯电动
sg26403,28145.0,宝马,4.0,宝马,sg26403,宝马iX3,97945,领先型,2024,纯电动,华晨宝马,中型SUV,40.5,40.5万,24.40万,,,,,,,,,,,,,,,,未知,,电动车单速变速箱,1.0,固定齿比变速箱,180.0,6.8,,3年或10万公里,,,,,,,,,,,,,,,,,4746,1891,1683,2864,1596.0,1612.0,,2190.0,SUV,5.0,5.0,,平开门,主 / 副,前 / 后,,主 / 副,,上下+前后,大屏,USB/Type-C,,46180,仿皮,前 / 后,自动,46180,纯电动
sg26403,8882.0,宝马,4.0,宝马,sg26403,宝马iX3,97945,领先型,2025,纯电动,华晨宝马,中型SUV,40.5,40.5万,24.40万,,,,,,,,,,,,,,,,未知,,电动车单速变速箱,1.0,固定齿比变速箱,180.0,6.8,,3年或10万公里,,,,,,,,,,,,,,,,,4746,1891,1683,2864,1596.0,1612.0,,2190.0,SUV,5.0,5.0,,平开门,主 / 副,前 / 后,,主 / 副,,上下+前后,大屏,USB/Type-C,,46180,仿皮,前 / 后,自动,46180,纯电动
sg26403,167.0,宝马,4.0,宝马,sg26403,宝马iX3,257679,50L 低配版,2026,纯电动,华晨宝马,中型SUV,42.245000000000005,暂无报价,暂无报价,暂无报价,,,,,,,,,,,,,,,,,,,,210.0,,,,,,,,,,,,,,,,,,,,4885,1895,1635,3005,1624.0,1629.0,,2357.0,SUV,5.0,5.0,,平开门,主 / 副,前 / 后,,主 / 副,,,,,,,,前 / 后,：,,纯电动
sg26404,1564.0,奥迪,,奥迪,sg26404,奥迪e-tron,pcauto_m98037,奥迪e-tron 2021款 50 quattro  豪华型,2021,纯电动,一汽奥迪,中大型SUV,54.68,54.68万,,,,,,,,,,,,,,纯电动,,,,,自动,2.0,自动,187.0,,,三年或10万公里,交流异步,230.0,540.0,,,,,,,三元锂电池,96.7,500.0,19.4,八年或16万公里,快充:0.67小时/慢充:9.5小时,80.0,4901,1935,1640,2928,,,,2625.0,SUV,5.0,5.0,,,,,,,真皮,上下+前后,,,,,仿皮+真皮(选装皮/Alcantara混搭：5000元),,自动,,
sg26406,455745.0,比亚迪,,比亚迪,sg26406,宋PLUS新能源,pcauto_m132645,宋PLUS新能源 2025款 DM-i 智驾版 75KM 豪华型,2022,插电混动,比亚迪,紧凑型SUV,13.58,13.58万,,,1498.0,1.5,自然吸气,直列,4.0,,101.0,74.0,,126.0,,插电混动,92号(原93号),多点电喷,铝合金,国VI,电子无级变速箱,,电子无级变速箱(E-CVT),180.0,7.7,,六年或15万公里,永磁同步,160.0,260.0,160.0,260.0,,,,,磷酸铁锂电池,12.9,60.0,13.2,首任车主不限年限/不限里程(责任免除条款以官方为准),快充:不支持/慢充:待定,,4775,1890,1670,2765,,,,1785.0,SUV,5.0,5.0,,平开门,,,,,皮质,上下+前后,,,,,仿皮,,自动,,
sg26406,390213.0,比亚迪,,比亚迪,sg26406,宋PLUS新能源,pcauto_m132645,宋PLUS新能源 2025款 DM-i 智驾版 75KM 豪华型,2023,插电混动,比亚迪,紧凑型SUV,13.58,13.58万,,,1498.0,1.5,自然吸气,直列,4.0,,101.0,74.0,,126.0,,插电混动,92号(原93号),多点电喷,铝合金,国VI,电子无级变速箱,,电子无级变速箱(E-CVT),180.0,7.7,,六年或15万公里,永磁同步,160.0,260.0,160.0,260.0,,,,,磷酸铁锂电池,12.9,60.0,13.2,首任车主不限年限/不限里程(责任免除条款以官方为准),快充:不支持/慢充:待定,,4775,1890,1670,2765,,,,1785.0,SUV,5.0,5.0,,平开门,,,,,皮质,上下+前后,,,,,仿皮,,自动,,
sg26406,418474.0,比亚迪,,比亚迪,sg26406,宋PLUS新能源,pcauto_m132645,宋PLUS新能源 2025款 DM-i 智驾版 75KM 豪华型,2024,插电混动,比亚迪,紧凑型SUV,13.58,13.58万,,,1498.0,1.5,自然吸气,直列,4.0,,101.0,74.0,,126.0,,插电混动,92号(原93号),多点电喷,铝合金,国VI,电子无级变速箱,,电子无级变速箱(E-CVT),180.0,7.7,,六年或15万公里,永磁同步,160.0,260.0,160.0,260.0,,,,,磷酸铁锂电池,12.9,60.0,13.2,首任车主不限年限/不限里程(责任免除条款以官方为准),快充:不支持/慢充:待定,,4775,1890,1670,2765,,,,1785.0,SUV,5.0,5.0,,平开门,,,,,皮质,上下+前后,,,,,仿皮,,自动,,
sg26406,200276.0,比亚迪,,比亚迪,sg26406,宋PLUS新能源,pcauto_m132645,宋PLUS新能源 2025款 DM-i 智驾版 75KM 豪华型,2025,插电混动,比亚迪,紧凑型SUV,13.58,13.58万,,,1498.0,1.5,自然吸气,直列,4.0,,101.0,74.0,,126.0,,插电混动,92号(原93号),多点电喷,铝合金,国VI,电子无级变速箱,,电子无级变速箱(E-CVT),180.0,7.7,,六年或15万公里,永磁同步,160.0,260.0,160.0,260.0,,,,,磷酸铁锂电池,12.9,60.0,13.2,首任车主不限年限/不限里程(责任免除条款以官方为准),快充:不支持/慢充:待定,,4775,1890,1670,2765,,,,1785.0,SUV,5.0,5.0,,平开门,,,,,皮质,上下+前后,,,,,仿皮,,自动,,
sg26406,1498.0,比亚迪,,比亚迪,sg26406,宋PLUS新能源,pcauto_m132645,宋PLUS新能源 2025款 DM-i 智驾版 75KM 豪华型,2026,插电混动,比亚迪,紧凑型SUV,13.58,13.58万,,,1498.0,1.5,自然吸气,直列,4.0,,101.0,74.0,,126.0,,插电混动,92号(原93号),多点电喷,铝合金,国VI,电子无级变速箱,,电子无级变速箱(E-CVT),180.0,7.7,,六年或15万公里,永磁同步,160.0,260.0,160.0,260.0,,,,,磷酸铁锂电池,12.9,60.0,13.2,首任车主不限年限/不限里程(责任免除条款以官方为准),快充:不支持/慢充:待定,,4775,1890,1670,2765,,,,1785.0,SUV,5.0,5.0,,平开门,,,,,皮质,上下+前后,,,,,仿皮,,自动,,
sg26411,20960.0,五菱,,五菱,sg26411,五菱凯捷,pcauto_m117064,五菱凯捷 2022款 1.5T 手动精英型,2022,燃油,上汽通用五菱,MPV,8.58,8.58万,,,1451.0,1.5,涡轮增压,直列,4.0,DVVT,147.0,108.0,,250.0,,汽油,92号(原93号),多点电喷,铸铁,国VI,手动,6.0,手动,170.0,,,三年或10万公里,,,,,,,,,,,,,,,,,4875,1880,1690,2800,,,,1600.0,MPV,5.0,6.0,,平开门,,,,,塑料,上下,,,,,织物,,手动,,
sg26411,6779.0,五菱,,五菱,sg26411,五菱凯捷,pcauto_m126279,五菱凯捷 2023款 280T CVT超越型,2023,燃油,上汽通用五菱,MPV,10.98,10.98万,,,1498.0,1.5,涡轮增压,直列,4.0,DVVT,177.0,130.0,,290.0,,汽油,92号(原93号),直喷,铸铁,国VI,无级变速,8.0,无级变速,170.0,,,三年或10万公里,,,,,,,,,,,,,,,,,4875,1880,1695,2800,,,,1700.0,MPV,5.0,6.0,,平开门,,,,,真皮,上下+前后,,,,,仿皮,,手动,,
sg26431,118440.0,哈弗,17.0,哈弗,4563,哈弗大狗,91741,1.5T 两驱 拉布拉多版,2024,燃油,长城汽车,紧凑型SUV,12.39,12.39万,10.19万,9.09万,1499.0,1.5,涡轮增压,L,4.0,米勒循环,184.0,135.0,5500.0,275.0,1500,汽油,92#,缸内直喷,铝,国VI,7挡双离合,7.0,湿式双离合变速箱（DCT）,185.0,,,3年或10万公里,,,,,,,,,,,,,,,,,4620,1890,1780,2738,1631.0,1640.0,200.0,1605.0,SUV,5.0,5.0,496.0,平开门,主 / 副,前 / 后,,主 / 副,,上下+前后,大屏,USB/Type-C,,46180,仿皮,前 / 后,自动,46180,燃油
sg26431,55195.0,哈弗,17.0,哈弗,4563,哈弗大狗,249821,1.5T 两驱 拉布拉多版,2026,燃油,长城汽车,紧凑型SUV,12.39,12.39万,10.11万,9.09万,1499.0,1.5,涡轮增压,L,4.0,米勒循环,184.0,135.0,5500.0,275.0,1500,汽油,92#,缸内直喷,铝,国VI,7挡双离合,7.0,湿式双离合变速箱（DCT）,185.0,,,3年或10万公里,,,,,,,,,,,,,,,,,4620,1890,1780,2738,1631.0,1640.0,200.0,1605.0,SUV,5.0,5.0,496.0,平开门,主 / 副,前 / 后,,主 / 副,,上下+前后,大屏,USB/Type-C,,46180,仿皮,前 / 后,自动,46180,燃油
sg26445,9634.0,荣威,36.0,荣威,4535,荣威iMAX8,86869,400TGI 舒享版,2022,燃油,上汽集团,中大型MPV,18.58,18.58万,13.38万,16.58万,1986.0,2.0,涡轮增压,L,4.0,,234.0,172.0,5000.0,360.0,1500,汽油,92#,缸内直喷,铝,国VI,8挡手自一体,8.0,手自一体变速箱(AT),200.0,,,3年或10万公里,,,,,,,,,,,,,,,,,5016,1909,1788,3000,1644.0,1649.0,,1968.0,MPV,5.0,7.0,1564.0,侧滑门,主 / 副,前 / 后,,主 / 副,,上下+前后,,USB/Type-C,,46180,仿皮,前 / 后,自动,46180,燃油
sg26445,5029.0,荣威,36.0,荣威,4535,荣威iMAX8,86869,400TGI 舒享版,2023,燃油,上汽集团,中大型MPV,18.58,18.58万,13.38万,16.58万,1986.0,2.0,涡轮增压,L,4.0,,234.0,172.0,5000.0,360.0,1500,汽油,92#,缸内直喷,铝,国VI,8挡手自一体,8.0,手自一体变速箱(AT),200.0,,,3年或10万公里,,,,,,,,,,,,,,,,,5016,1909,1788,3000,1644.0,1649.0,,1968.0,MPV,5.0,7.0,1564.0,侧滑门,主 / 副,前 / 后,,主 / 副,,上下+前后,,USB/Type-C,,46180,仿皮,前 / 后,自动,46180,燃油
sg26445,2533.0,荣威,36.0,荣威,4535,荣威iMAX8,86869,400TGI 舒享版,2024,燃油,上汽集团,中大型MPV,18.58,18.58万,13.38万,16.58万,1986.0,2.0,涡轮增压,L,4.0,,234.0,172.0,5000.0,360.0,1500,汽油,92#,缸内直喷,铝,国VI,8挡手自一体,8.0,手自一体变速箱(AT),200.0,,,3年或10万公里,,,,,,,,,,,,,,,,,5016,1909,1788,3000,1644.0,1649.0,,1968.0,MPV,5.0,7.0,1564.0,侧滑门,主 / 副,前 / 后,,主 / 副,,上下+前后,,USB/Type-C,,46180,仿皮,前 / 后,自动,46180,燃油
sg26445,968.0,荣威,36.0,荣威,4535,荣威iMAX8,86869,400TGI 舒享版,2025,燃油,上汽集团,中大型MPV,18.58,18.58万,13.38万,16.58万,1986.0,2.0,涡轮增压,L,4.0,,234.0,172.0,5000.0,360.0,1500,汽油,92#,缸内直喷,铝,国VI,8挡手自一体,8.0,手自一体变速箱(AT),200.0,,,3年或10万公里,,,,,,,,,,,,,,,,,5016,1909,1788,3000,1644.0,1649.0,,1968.0,MPV,5.0,7.0,1564.0,侧滑门,主 / 副,前 / 后,,主 / 副,,上下+前后,,USB/Type-C,,46180,仿皮,前 / 后,自动,46180,燃油
sg26445,62.0,荣威,36.0,荣威,4535,荣威iMAX8,86869,400TGI 舒享版,2026,燃油,上汽集团,中大型MPV,18.58,18.58万,13.38万,16.58万,1986.0,2.0,涡轮增压,L,4.0,,234.0,172.0,5000.0,360.0,1500,汽油,92#,缸内直喷,铝,国VI,8挡手自一体,8.0,手自一体变速箱(AT),200.0,,,3年或10万公里,,,,,,,,,,,,,,,,,5016,1909,1788,3000,1644.0,1649.0,,1968.0,MPV,5.0,7.0,1564.0,侧滑门,主 / 副,前 / 后,,主 / 副,,上下+前后,,USB/Type-C,,46180,仿皮,前 / 后,自动,46180,燃油
sg26461,4867.0,林肯,62.0,林肯,4339,飞行家,93407,3.0T V6 四驱尊享巡航版,2023,燃油,长安林肯,中大型SUV,50.08,50.08万,43.73万,43.58万,2956.0,3.0,双涡轮增压,V,6.0,,355.0,261.0,5500.0,553.0,3500,汽油,92#,缸内直喷,铝,国VI,10挡手自一体,10.0,手自一体变速箱(AT),230.0,,,5年或14万公里,,,,,,,,,,,,,,,,,5080,2022,1759,3025,1708.0,1716.0,206.0,2284.0,SUV,5.0,6.0,415.0,平开门,主 / 副,前 / 后,,主 / 副,,上下+前后,大屏,USB/Type-C,,46243,真皮,前 / 后,自动,46243,燃油
sg26461,3828.0,林肯,62.0,林肯,4339,飞行家,238986,3.0T V6 四驱典雅版 六座,2024,燃油,长安林肯,中大型SUV,50.98,50.98万,暂无报价,44.48万,2956.0,3.0,双涡轮增压,V,6.0,,367.0,270.0,5750.0,575.0,2500,汽油,95#,缸内直喷,铝,国VI b,10挡手自一体,10.0,手自一体变速箱(AT),200.0,,,5年或14万公里,,,,,,,,,,,,,,,,,5080,2022,1759,3025,1708.0,1708.0,,2222.0,SUV,5.0,6.0,415.0,平开门,主 / 副,前 / 后,,主 / 副,,上下+前后,,USB/Type-C,,46243,真皮,前 / 后,自动,46243,燃油
sg26541,48879.0,坦克,425.0,坦克,4615,坦克300,245753,2.0T 汽油版挑战者,2025,燃油,长城汽车,紧凑型SUV,19.98,19.98万,19.11万,19.98万,1967.0,2.0,涡轮增压,L,4.0,,227.0,167.0,5500.0,387.0,1800,汽油,92#,缸内直喷,铁,国VI b,9挡手自一体,9.0,手自一体变速箱(AT),175.0,9.7,,5年或15万公里,,,,,,,,,,,,,,,,,4750,1930,1903,2750,1608.0,1608.0,224.0,2225.0,SUV,5.0,5.0,,平开门,主 / 副,前 / 后,,主 / 副,,上下+前后,大屏,USB/Type-C,,46306,仿皮,前 / 后,自动,46306,燃油
sg26572,61720.0,欧拉,238.0,欧拉,4635,欧拉好猫,249176,401km 经典型,2022,纯电动,长城汽车,小型车,8.38,8.38万,暂无报价,7.98万,,,,,,,,,,,,纯电动,,,,,电动车单速变速箱,1.0,固定齿比变速箱,150.0,,,4年或15万公里,永磁/同步,105.0,210.0,105.0,210.0,,,,,,,401.0,,80,,,4235,1825,1596,2650,1557.0,1577.0,120.0,1515.0,两厢车,5.0,5.0,228.0,平开门,主 / 副,前 / 后,,主 / 副,,上下,大屏,USB/Type-C,,46117,仿皮,前 / 后,自动,46117,纯电动
sg26572,73561.0,欧拉,238.0,欧拉,4635,欧拉好猫,249176,401km 经典型,2023,纯电动,长城汽车,小型车,8.38,8.38万,暂无报价,7.98万,,,,,,,,,,,,纯电动,,,,,电动车单速变速箱,1.0,固定齿比变速箱,150.0,,,4年或15万公里,永磁/同步,105.0,210.0,105.0,210.0,,,,,,,401.0,,80,,,4235,1825,1596,2650,1557.0,1577.0,120.0,1515.0,两厢车,5.0,5.0,228.0,平开门,主 / 副,前 / 后,,主 / 副,,上下,大屏,USB/Type-C,,46117,仿皮,前 / 后,自动,46117,纯电动
sg26572,45277.0,欧拉,238.0,欧拉,4635,欧拉好猫,249176,401km 经典型,2024,纯电动,长城汽车,小型车,8.38,8.38万,暂无报价,7.98万,,,,,,,,,,,,纯电动,,,,,电动车单速变速箱,1.0,固定齿比变速箱,150.0,,,4年或15万公里,永磁/同步,105.0,210.0,105.0,210.0,,,,,,,401.0,,80,,,4235,1825,1596,2650,1557.0,1577.0,120.0,1515.0,两厢车,5.0,5.0,228.0,平开门,主 / 副,前 / 后,,主 / 副,,上下,大屏,USB/Type-C,,46117,仿皮,前 / 后,自动,46117,纯电动
sg26572,29342.0,欧拉,238.0,欧拉,4635,欧拉好猫,249176,401km 经典型,2025,纯电动,长城汽车,小型车,8.38,8.38万,暂无报价,7.98万,,,,,,,,,,,,纯电动,,,,,电动车单速变速箱,1.0,固定齿比变速箱,150.0,,,4年或15万公里,永磁/同步,105.0,210.0,105.0,210.0,,,,,,,401.0,,80,,,4235,1825,1596,2650,1557.0,1577.0,120.0,1515.0,两厢车,5.0,5.0,228.0,平开门,主 / 副,前 / 后,,主 / 副,,上下,大屏,USB/Type-C,,46117,仿皮,前 / 后,自动,46117,纯电动
sg26572,4757.0,欧拉,238.0,欧拉,4635,欧拉好猫,249176,401km 经典型,2026,纯电动,长城汽车,小型车,8.38,8.38万,暂无报价,7.98万,,,,,,,,,,,,纯电动,,,,,电动车单速变速箱,1.0,固定齿比变速箱,150.0,,,4年或15万公里,永磁/同步,105.0,210.0,105.0,210.0,,,,,,,401.0,,80,,,4235,1825,1596,2650,1557.0,1577.0,120.0,1515.0,两厢车,5.0,5.0,228.0,平开门,主 / 副,前 / 后,,主 / 副,,上下,大屏,USB/Type-C,,46117,仿皮,前 / 后,自动,46117,纯电动
sg26573,6388.0,本田,9.0,本田,4663,本田LIFE,81304,1.5L CVT SPORT心动版,2023,燃油,东风本田,小型车,9.78,9.78万,7.58万,7.18万,1498.0,1.5,自然吸气,L,4.0,i-VTEC,124.0,91.0,6600.0,145.0,4700,汽油,92#,缸内直喷,铝,国VI,CVT无级变速,,无级变速箱(CVT),188.0,,5.67,3年或10万公里,,,,,,,,,,,,,,,,,4109,1694,1537,2530,1485.0,1473.0,103.0,1118.0,两厢车,5.0,5.0,,平开门,主 / 副,前 / 后,,主 / 副,,上下+前后,,USB/Type-C,,46056,织物,前 / 后,手动,46056,燃油
sg26592,3759.0,东风富康,373.0,东风富康,4391,e爱丽舍,257559,300km 手动挡,2022,纯电动,神龙汽车,紧凑型车,13.98,13.98万,暂无报价,13.98万,,,,,,,,,,,,纯电动,,,,,电动车单速变速箱(模拟5挡),1.0,固定齿比变速箱,100.0,,,3年或12万公里,永磁/同步,60.0,160.0,60.0,160.0,,,,,磷酸铁锂电池,38.4,300.0,12.76,80,2,15.0,4427,1748,1493,2652,1501.0,1478.0,,1280.0,三厢车,4.0,5.0,,平开门,主 / 副,前 / 后,,主 / 副,,上下,,,,46056,织物,前 / 后,手动,46056,纯电动
sg26592,3039.0,东风富康,373.0,东风富康,4391,e爱丽舍,257559,300km 手动挡,2023,纯电动,神龙汽车,紧凑型车,13.98,13.98万,暂无报价,13.98万,,,,,,,,,,,,纯电动,,,,,电动车单速变速箱(模拟5挡),1.0,固定齿比变速箱,100.0,,,3年或12万公里,永磁/同步,60.0,160.0,60.0,160.0,,,,,磷酸铁锂电池,38.4,300.0,12.76,80,2,15.0,4427,1748,1493,2652,1501.0,1478.0,,1280.0,三厢车,4.0,5.0,,平开门,主 / 副,前 / 后,,主 / 副,,上下,,,,46056,织物,前 / 后,手动,46056,纯电动
sg26592,5039.0,东风富康,373.0,东风富康,4391,e爱丽舍,257559,300km 手动挡,2024,纯电动,神龙汽车,紧凑型车,13.98,13.98万,暂无报价,13.98万,,,,,,,,,,,,纯电动,,,,,电动车单速变速箱(模拟5挡),1.0,固定齿比变速箱,100.0,,,3年或12万公里,永磁/同步,60.0,160.0,60.0,160.0,,,,,磷酸铁锂电池,38.4,300.0,12.76,80,2,15.0,4427,1748,1493,2652,1501.0,1478.0,,1280.0,三厢车,4.0,5.0,,平开门,主 / 副,前 / 后,,主 / 副,,上下,,,,46056,织物,前 / 后,手动,46056,纯电动
sg26592,4580.0,东风富康,373.0,东风富康,4391,e爱丽舍,257559,300km 手动挡,2025,纯电动,神龙汽车,紧凑型车,13.98,13.98万,暂无报价,13.98万,,,,,,,,,,,,纯电动,,,,,电动车单速变速箱(模拟5挡),1.0,固定齿比变速箱,100.0,,,3年或12万公里,永磁/同步,60.0,160.0,60.0,160.0,,,,,磷酸铁锂电池,38.4,300.0,12.76,80,2,15.0,4427,1748,1493,2652,1501.0,1478.0,,1280.0,三厢车,4.0,5.0,,平开门,主 / 副,前 / 后,,主 / 副,,上下,,,,46056,织物,前 / 后,手动,46056,纯电动
sg26592,3796.0,东风富康,373.0,东风富康,4391,e爱丽舍,96715,300km 手动智教版,2026,纯电动,神龙汽车,紧凑型车,17.98,17.98万,暂无报价,17.98万,,,,,,,,,,,,纯电动,,,,,电动车单速变速箱(模拟5挡),1.0,固定齿比变速箱,80.0,,,1年或10万公里,永磁/同步,60.0,160.0,60.0,160.0,,,,,磷酸铁锂电池,38.4,300.0,12.76,80,2,15.0,4427,1748,1493,2652,1501.0,1478.0,,1260.0,三厢车,4.0,5.0,,平开门,主 / 副,前 / 后,,主 / 副,,上下,,USB/Type-C,,46056,织物,前 / 后,手动,46056,纯电动
sg26593,4965.0,岚图汽车,,岚图汽车,sg26593,岚图追光,pcauto_m118627,岚图追光 2023款 EV 标准版,2023,纯电动,岚图汽车,中大型车,32.29,32.29万,,,,,,,,,,,,,,纯电动,,,,,固定齿比,1.0,固定齿比,210.0,3.8,,五年或10万公里,永磁同步,375.0,730.0,160.0,310.0,,,,,三元锂电池,82.11,580.0,15.6,八年或16万公里,快充:0.52小时/慢充:5.2小时,80.0,5088,1970,1515,3000,,,,2266.0,三厢车,4.0,5.0,,平开门,,,,,真皮,上下+前后,,,,,仿皮(选装皮/翻毛皮混搭),,自动,,
sg26593,6349.0,岚图汽车,,岚图汽车,sg26593,岚图追光,pcauto_m117648,岚图追光 2024款 PHEV 超长续航四驱行政版,2024,插电混动,岚图汽车,中大型车,25.28,25.28万,,,1476.0,1.5,涡轮增压,直列,4.0,,136.0,100.0,,,,插电混动,95号(原97号),直喷,铝合金,国VI,固定齿比,1.0,固定齿比,200.0,5.9,,五年或10万公里,交流/同步,290.0,,130.0,,,,,,三元锂电池,43.0,262.0,,八年或16万公里,快充:0.48小时/慢充:8.0小时,80.0,5088,1970,1515,3000,,,,2245.0,三厢车,4.0,5.0,,平开门,,,,,皮质,上下+前后,,,,,仿皮,,自动,,
sg26593,383.0,岚图汽车,,岚图汽车,sg26593,岚图追光,pcauto_m139830,岚图追光 2026款 PHEV 四驱致行版,2026,插电混动,岚图汽车,中大型车,25.99,25.99万,,,1497.0,1.5,涡轮增压,直列,4.0,,143.0,105.0,,220.0,,插电混动,95号(原97号),直喷,铝合金,国VI,固定齿比,1.0,固定齿比,200.0,6.0,,五年或10万公里,交流/同步,310.0,610.0,150.0,300.0,,,,,三元锂电池,43.0,262.0,21.0,八年或16万公里,快充:0.55小时/慢充:待定,80.0,5088,1970,1515,3000,,,,2235.0,三厢车,4.0,5.0,,平开门,,,,,皮质,上下+前后,,,,,仿皮,,自动,,
sg26606,5308.0,睿蓝汽车,381.0,睿蓝汽车,4688,枫叶80v,77052,换电易行版,2021,纯电动,睿蓝汽车,紧凑型MPV,8.98,8.98万,暂无报价,8.98万,,,,,,,,,,,,纯电动,,,,,电动车单速变速箱,1.0,固定齿比变速箱,130.0,,,1年或15万公里,永磁/同步,100.0,230.0,100.0,230.0,,,,,三元锂电池,53.0,,,80,0.5,15.0,4706,1909,1699,2807,,,130.0,1700.0,MPV,5.0,5.0,798.0,平开门,主 / 副,前 / 后,,主 / 副,,上下+前后,,USB/Type-C,,,仿皮,前 / 后,手动,,纯电动
sg26606,244.0,睿蓝汽车,381.0,睿蓝汽车,4688,枫叶80v,110239,80v L 407KM 6座 磷酸铁锂,2024,纯电动,睿蓝汽车,紧凑型MPV,16.17,16.17万,暂无报价,16.17万,,,,,,,,,,,,纯电动,,,,,电动车单速变速箱,1.0,固定齿比变速箱,130.0,,,1年或15万公里,永磁/同步,100.0,230.0,100.0,230.0,,,,,三元锂电池,53.0,407.0,,80,0.5,15.0,4812,1909,1699,2807,,,130.0,1805.0,MPV,5.0,6.0,459.0,平开门,主 / 副,前 / 后,,主 / 副,,上下+前后,,USB/Type-C,,,仿皮,前 / 后,手动,,纯电动
sg26651,232554.0,特斯拉,63.0,特斯拉,4363,Model Y,255110,后轮驱动版,2022,纯电动,特斯拉中国,中型SUV,26.35,26.35万,26.55万,26.35万,,,,,,,,,,,,纯电动,,,,,电动车单速变速箱,1.0,固定齿比变速箱,201.0,5.9,,4年或8万公里,永磁/同步,220.0,410.0,,,220.0,410.0,,,三元锂电池,52.0,593.0,12.4,,1,8.0,4797,1920,1624,2890,1636.0,1636.0,138.0,1921.0,SUV,5.0,5.0,822.0,平开门,主 / 副,前 / 后,,主 / 副,,上下+前后,大屏,USB/Type-C,,46180,仿皮,前 / 后,自动,46180,纯电动
sg26651,456394.0,特斯拉,63.0,特斯拉,4363,Model Y,255110,后轮驱动版,2023,纯电动,特斯拉中国,中型SUV,26.35,26.35万,26.55万,26.35万,,,,,,,,,,,,纯电动,,,,,电动车单速变速箱,1.0,固定齿比变速箱,201.0,5.9,,4年或8万公里,永磁/同步,220.0,410.0,,,220.0,410.0,,,三元锂电池,52.0,593.0,12.4,,1,8.0,4797,1920,1624,2890,1636.0,1636.0,138.0,1921.0,SUV,5.0,5.0,822.0,平开门,主 / 副,前 / 后,,主 / 副,,上下+前后,大屏,USB/Type-C,,46180,仿皮,前 / 后,自动,46180,纯电动
sg26651,166707.0,特斯拉,63.0,特斯拉,4363,Model Y,255110,后轮驱动版,2024,纯电动,特斯拉中国,中型SUV,26.35,26.35万,26.55万,26.35万,,,,,,,,,,,,纯电动,,,,,电动车单速变速箱,1.0,固定齿比变速箱,201.0,5.9,,4年或8万公里,永磁/同步,220.0,410.0,,,220.0,410.0,,,三元锂电池,52.0,593.0,12.4,,1,8.0,4797,1920,1624,2890,1636.0,1636.0,138.0,1921.0,SUV,5.0,5.0,822.0,平开门,主 / 副,前 / 后,,主 / 副,,上下+前后,大屏,USB/Type-C,,46180,仿皮,前 / 后,自动,46180,纯电动
sg26651,0.0,特斯拉,63.0,特斯拉,4363,Model Y,255110,后轮驱动版,2026,纯电动,特斯拉中国,中型SUV,26.35,26.35万,26.55万,26.35万,,,,,,,,,,,,纯电动,,,,,电动车单速变速箱,1.0,固定齿比变速箱,201.0,5.9,,4年或8万公里,永磁/同步,220.0,410.0,,,220.0,410.0,,,三元锂电池,52.0,593.0,12.4,,1,8.0,4797,1920,1624,2890,1636.0,1636.0,138.0,1921.0,SUV,5.0,5.0,822.0,平开门,主 / 副,前 / 后,,主 / 副,,上下+前后,大屏,USB/Type-C,,46180,仿皮,前 / 后,自动,46180,纯电动
sg26664,15163.0,ARCFOX极狐,176.0,ARCFOX极狐,sg26664,极狐 阿尔法S(ARCFOX αS),pcauto_m123230,极狐 阿尔法S(ARCFOX αS) 2023款 525 森林版 160kW,2023,纯电动,北汽新能源,中大型车,18.98,18.98万,,,,,,,,,,,,,,纯电动,,,,,固定齿比,1.0,固定齿比,180.0,7.7,,五年或12万公里,永磁同步,160.0,360.0,160.0,360.0,,,,,三元锂电池,,525.0,,八年或16万公里,快充:0.43小时/慢充:5.7小时,80.0,4930,1940,1599,2915,,,,,掀背车,5.0,5.0,,平开门,,,,,皮质,上下+前后,,,,,仿皮,,自动,,
sg26664,2113.0,ARCFOX极狐,176.0,ARCFOX极狐,sg26664,极狐 阿尔法S(ARCFOX αS),pcauto_m126715,极狐 阿尔法S(ARCFOX αS) 2024款 525E 森林版Pro 175kW,2024,纯电动,北汽新能源,中大型车,20.98,20.98万,,,,,,,,,,,,,,纯电动,,,,,固定齿比,1.0,固定齿比,180.0,7.7,,五年或12万公里,永磁同步,175.0,360.0,175.0,360.0,,,,,三元锂电池,65.6,525.0,14.8,首任车主不限年限/里程（责任免除条款以官方为准）,快充:0.43小时/慢充:11.5小时,80.0,4930,1940,1599,2915,,,,1900.0,掀背车,5.0,5.0,,平开门,,,,,皮质,上下+前后,,,,,仿皮,,自动,,
sg26721,8951.0,东风风行,70.0,东风风行,4654,风行T5 EVO,92289,1.5TD DCT钻石版,2023,燃油,东风风行,紧凑型SUV,11.49,11.49万,暂无报价,10.39万,1481.0,1.5,涡轮增压,L,4.0,DVVT,197.0,145.0,5600.0,285.0,1500,汽油,92#,缸内直喷,铝,国VI,7挡双离合,7.0,湿式双离合变速箱（DCT）,195.0,9.5,,8年或16万公里,,,,,,,,,,,,,,,,,4565,1860,1690,2715,1590.0,1595.0,,1550.0,SUV,5.0,5.0,,平开门,主 / 副,前 / 后,,主 / 副,,上下+前后,,USB/Type-C,,46117,仿皮,前 / 后,自动,46117,燃油
sg26721,2298.0,东风风行,70.0,东风风行,4654,风行T5 EVO,89191,狂飚版 1.5TD DCT新黄金款,2024,燃油,东风风行,紧凑型SUV,9.99,9.99万,6.80万,8.89万,1481.0,1.5,涡轮增压,L,4.0,DVVT,197.0,145.0,5600.0,285.0,1500,汽油,92#,缸内直喷,铝,国VI,7挡双离合,7.0,湿式双离合变速箱（DCT）,180.0,9.5,,8年或16万公里,,,,,,,,,,,,,,,,,4595,1860,1690,2715,1590.0,1595.0,,1500.0,SUV,5.0,5.0,,平开门,主 / 副,前 / 后,,主 / 副,,上下+前后,,USB/Type-C,,46056,织物,前 / 后,手动,46056,燃油
sg26741,74.0,路虎,,路虎,sg26741,发现运动版新能源,pcauto_m123944,发现运动版新能源 2024款 P300e 插电式电动混合版,2024,插电混动,奇瑞捷豹路虎,中型SUV,40.98,40.98万,,,1498.0,1.5,涡轮增压,直列,3.0,,200.0,147.0,,280.0,,插电混动,95号(原97号),直喷,铝合金,国VI,手自一体,8.0,手自一体,207.0,7.0,,三年或10万公里,永磁同步,80.0,260.0,,,,,,,三元锂电池,15.5,53.0,,八年或16万公里,快充:0.5小时/慢充:2.05小时,80.0,4597,1904,1727,2741,,,,2250.0,SUV,5.0,5.0,,平开门,,,,,真皮,上下+前后,,,,,仿皮,,自动,,
sg26763,16169.0,荣威,,荣威,sg26763,荣威i6 MAX新能源,pcauto_m113770,荣威i6 MAX新能源 2022款 EV 500天幕尊享版,2022,纯电动,上汽集团,紧凑型车,15.28,15.28万,,,,,,,,,,,,,,纯电动,,,,,固定齿比,1.0,固定齿比,185.0,,,,永磁同步,135.0,280.0,135.0,280.0,,,,,三元锂电池,61.1,502.0,12.9,,快充:0.5小时/慢充:9.5小时,80.0,4722,1835,1493,2715,,,,1575.0,三厢车,4.0,5.0,,,,,,,真皮,上下+前后,,,,,仿皮,,手动,,
sg26763,12775.0,荣威,,荣威,sg26763,荣威i6 MAX新能源,pcauto_m129940,荣威i6 MAX新能源 2023款 EV 420天幕特别版,2023,纯电动,上汽集团,紧凑型车,17.18,17.18万,,,,,,,,,,,,,,纯电动,,,,,固定齿比,1.0,固定齿比,185.0,,,,永磁同步,120.0,260.0,120.0,260.0,,,,,磷酸铁锂电池,50.3,420.0,13.5,,快充:0.5小时/慢充:8.5小时,80.0,4722,1835,1493,2715,,,,1575.0,三厢车,4.0,5.0,,,,,,,皮质,上下+前后,,,,,仿皮,,手动,,
sg26763,8640.0,荣威,,荣威,sg26763,荣威i6 MAX新能源,pcauto_m129940,荣威i6 MAX新能源 2023款 EV 420天幕特别版,2024,纯电动,上汽集团,紧凑型车,17.18,17.18万,,,,,,,,,,,,,,纯电动,,,,,固定齿比,1.0,固定齿比,185.0,,,,永磁同步,120.0,260.0,120.0,260.0,,,,,磷酸铁锂电池,50.3,420.0,13.5,,快充:0.5小时/慢充:8.5小时,80.0,4722,1835,1493,2715,,,,1575.0,三厢车,4.0,5.0,,,,,,,皮质,上下+前后,,,,,仿皮,,手动,,
sg26763,6320.0,荣威,,荣威,sg26763,荣威i6 MAX新能源,pcauto_m131731,荣威i6 MAX新能源 2025款 EV 400天幕荣耀版,2025,纯电动,上汽集团,紧凑型车,25.98,25.98万,,,,,,,,,,,,,,纯电动,,,,,固定齿比,1.0,固定齿比,185.0,,,,永磁同步,120.0,280.0,120.0,280.0,,,,,磷酸铁锂电池,51.0,400.0,,六年或60万公里,快充:0.5小时/慢充:待定,80.0,4722,1835,1493,2715,,,,,三厢车,4.0,5.0,,平开门,,,,,真皮,上下+前后,,,,,仿皮,,手动,,
sg26763,31.0,荣威,,荣威,sg26763,荣威i6 MAX新能源,pcauto_m131731,荣威i6 MAX新能源 2025款 EV 400天幕荣耀版,2026,纯电动,上汽集团,紧凑型车,25.98,25.98万,,,,,,,,,,,,,,纯电动,,,,,固定齿比,1.0,固定齿比,185.0,,,,永磁同步,120.0,280.0,120.0,280.0,,,,,磷酸铁锂电池,51.0,400.0,,六年或60万公里,快充:0.5小时/慢充:待定,80.0,4722,1835,1493,2715,,,,,三厢车,4.0,5.0,,平开门,,,,,真皮,上下+前后,,,,,仿皮,,手动,,
sg26771,16990.0,大运,372.0,大运,4388,悦虎,91123,230标准版,2023,纯电动,大运汽车,小型SUV,6.38,6.38万,暂无报价,6.38万,,,,,,,,,,,,纯电动,,,,,电动车单速变速箱,1.0,固定齿比变速箱,100.0,,,3年或12万公里,永磁/同步,35.0,105.0,35.0,105.0,,,,,,,230.0,,,,,3695,1685,1600,2410,1421.0,1418.0,201.0,1010.0,SUV,5.0,5.0,255.0,平开门,主 / 副,前 / 后,,主 / 副,,上下,,USB/Type-C,,46056,织物,前 / 后,手动,46056,纯电动
sg26772,6506.0,大运,372.0,大运,4542,远志M1,101383,7座标准版 490KM,2024,纯电动,大运汽车,中型MPV,17.48,17.48万,暂无报价,17.48万,,,,,,,,,,,,纯电动,,,,,电动车单速变速箱,1.0,固定齿比变速箱,170.0,,,3年或12万公里,永磁/同步,145.0,225.0,145.0,225.0,,,,,,,490.0,,80,,,4885,1870,1785,2902,1599.0,1595.0,160.0,1870.0,MPV,5.0,7.0,300.0,平开门,主 / 副,前 / 后,,主 / 副,,上下+前后,大屏,USB/Type-C,,46056,仿皮,前 / 后,自动,46056,纯电动
sg26772,87.0,大运,372.0,大运,4542,远志M1,248955,7座标准版 450KM,2025,纯电动,大运汽车,中型MPV,19.23,19.23万,暂无报价,19.23万,,,,,,,,,,,,纯电动,,,,,电动车单速变速箱,1.0,固定齿比变速箱,170.0,,,3年或12万公里,永磁/同步,145.0,225.0,145.0,225.0,,,,,,,450.0,,80,,,4885,1870,1785,2902,1599.0,1595.0,160.0,1870.0,MPV,5.0,7.0,300.0,平开门,主 / 副,前 / 后,,主 / 副,,上下+前后,大屏,USB/Type-C,,46056,仿皮,前 / 后,自动,46056,纯电动
sg26774,8799.0,本田,,本田,sg26774,本田CR-V新能源,pcauto_m119867,本田CR-V新能源 2023款 e:PHEV 领创版,2023,插电混动,东风本田,紧凑型SUV,22.59,22.59万,,,1993.0,2.0,自然吸气,直列,4.0,阿特金森循环,150.0,110.0,,184.0,,插电混动,92号(原93号),直喷,铝合金,国VI,电子无级变速箱,,电子无级变速箱(E-CVT),193.0,,,三年或10万公里,交流/同步,135.0,335.0,135.0,335.0,,,,,三元锂电池,17.7,73.0,,,,,4703,1866,1680,2701,,,,1880.0,SUV,5.0,5.0,,平开门,,,,,塑料,上下+前后,,,,,织物,,自动,,
sg26811,265.0,沃尔沃,,沃尔沃,sg26811,沃尔沃XC40新能源,pcauto_m125605,沃尔沃XC40新能源 2024款 长续航版,2024,纯电动,沃尔沃亚太,紧凑型SUV,28.29,28.29万,,,,,,,,,,,,,,纯电动,,,,,固定齿比,1.0,固定齿比,180.0,7.3,,三年不限公里,永磁同步,175.0,420.0,,,,,,,三元锂电池,73.0,640.0,,八年或16万公里,快充:0.53小时/慢充:10.0小时,80.0,4440,1863,1651,2702,,,,2019.0,SUV,5.0,5.0,,平开门,,,,,真皮,上下+前后,,,,,皮/织物混搭(选装织物),,自动,,
sg26821,6566.0,福特,7.0,福特,4759,领裕,86249,EcoBoost 225 6座精领型,2023,燃油,江铃福特,中大型SUV,17.38,17.38万,15.29万,14.78万,1997.0,2.0,涡轮增压,L,4.0,,224.0,165.0,5500.0,360.0,3500,汽油,92#,缸内直喷,铝,国VI,6挡双离合,6.0,湿式双离合变速箱（DCT）,195.0,,,3年或10万公里,,,,,,,,,,,,,,,,,4905,1930,1755,2865,1635.0,1635.0,,1830.0,SUV,5.0,6.0,277.0,平开门,主 / 副,前 / 后,,主 / 副,,上下+前后,大屏,USB/Type-C,,,织物,前 / 后,手动,,燃油
sg26831,17790.0,东风风光,95.0,东风风光,4703,风光500,55117,1.5L 手动悦享型,2022,燃油,东风小康,紧凑型SUV,6.18,6.18万,5.60万,6.18万,1498.0,1.5,自然吸气,L,4.0,,116.0,85.0,6000.0,148.0,3600,汽油,92#,多点电喷,铁,国VI,5挡手动,5.0,手动变速箱(MT),165.0,,6.4,7年或15万公里,,,,,,,,,,,,,,,,,4385,1850,1645,2655,1580.0,1582.0,191.0,1380.0,SUV,5.0,5.0,318.0,平开门,主 / 副,前 / 后,,主 / 副,,上下,大屏,USB/Type-C,,46056,仿皮,前 / 后,手动,46056,燃油
sg26835,37778.0,岚图汽车,395.0,岚图,sg26835,岚图FREE,248730,FREE+ 后驱乾崑版,2025,增程式,岚图汽车,中大型SUV,21.99,21.99万,20.42万,21.99万,1499.0,1.5,涡轮增压,L,4.0,米勒循环,129.0,95.0,4500.0,210.0,2500,增程式,95#,缸内直喷,铝,国VI b,电动车单速变速箱,1.0,固定齿比变速箱,180.0,7.8,,5年或10万公里,永磁/同步,215.0,380.0,,,215.0,380.0,,,,,235.0,,,,,4915,1960,1660,2960,1654.0,1647.0,143.0,2250.0,SUV,5.0,5.0,590.0,平开门,主 / 副,前 / 后,,主 / 副,,上下+前后,,USB/Type-C,,12以上,仿皮,前 / 后,自动,12以上,增程式
sg26841,27502.0,长安,35.0,长安,4783,长安UNI-K,95496,2.0T 悦尚型,2022,燃油,长安汽车,中型SUV,15.49,15.49万,12.43万,12.99万,1998.0,2.0,涡轮增压,L,4.0,,233.0,171.0,5500.0,390.0,1900,汽油,92#,缸内直喷,铁,国VI b,8挡手自一体,8.0,手自一体变速箱(AT),200.0,,,3年或10万公里,,,,,,,,,,,,,,,,,4865,1948,1690,2890,1636.0,1650.0,173.0,1845.0,SUV,5.0,5.0,,平开门,主 / 副,前 / 后,,主 / 副,,上下+前后,大屏,USB/Type-C,索尼,,仿皮,前 / 后,自动,,燃油
sg26841,17628.0,长安,35.0,长安,4783,长安UNI-K,95496,2.0T 悦尚型,2023,燃油,长安汽车,中型SUV,15.49,15.49万,12.43万,12.99万,1998.0,2.0,涡轮增压,L,4.0,,233.0,171.0,5500.0,390.0,1900,汽油,92#,缸内直喷,铁,国VI b,8挡手自一体,8.0,手自一体变速箱(AT),200.0,,,3年或10万公里,,,,,,,,,,,,,,,,,4865,1948,1690,2890,1636.0,1650.0,173.0,1845.0,SUV,5.0,5.0,,平开门,主 / 副,前 / 后,,主 / 副,,上下+前后,大屏,USB/Type-C,索尼,,仿皮,前 / 后,自动,,燃油
sg26841,14060.0,长安,35.0,长安,4783,长安UNI-K,95496,2.0T 悦尚型,2024,燃油,长安汽车,中型SUV,15.49,15.49万,12.43万,12.99万,1998.0,2.0,涡轮增压,L,4.0,,233.0,171.0,5500.0,390.0,1900,汽油,92#,缸内直喷,铁,国VI b,8挡手自一体,8.0,手自一体变速箱(AT),200.0,,,3年或10万公里,,,,,,,,,,,,,,,,,4865,1948,1690,2890,1636.0,1650.0,173.0,1845.0,SUV,5.0,5.0,,平开门,主 / 副,前 / 后,,主 / 副,,上下+前后,大屏,USB/Type-C,索尼,,仿皮,前 / 后,自动,,燃油
sg26841,5779.0,长安,35.0,长安,4783,长安UNI-K,95496,2.0T 悦尚型,2025,燃油,长安汽车,中型SUV,15.49,15.49万,12.43万,12.99万,1998.0,2.0,涡轮增压,L,4.0,,233.0,171.0,5500.0,390.0,1900,汽油,92#,缸内直喷,铁,国VI b,8挡手自一体,8.0,手自一体变速箱(AT),200.0,,,3年或10万公里,,,,,,,,,,,,,,,,,4865,1948,1690,2890,1636.0,1650.0,173.0,1845.0,SUV,5.0,5.0,,平开门,主 / 副,前 / 后,,主 / 副,,上下+前后,大屏,USB/Type-C,索尼,,仿皮,前 / 后,自动,,燃油
sg26841,166.0,长安,35.0,长安,4783,长安UNI-K,95496,2.0T 悦尚型,2026,燃油,长安汽车,中型SUV,15.49,15.49万,12.43万,12.99万,1998.0,2.0,涡轮增压,L,4.0,,233.0,171.0,5500.0,390.0,1900,汽油,92#,缸内直喷,铁,国VI b,8挡手自一体,8.0,手自一体变速箱(AT),200.0,,,3年或10万公里,,,,,,,,,,,,,,,,,4865,1948,1690,2890,1636.0,1650.0,173.0,1845.0,SUV,5.0,5.0,,平开门,主 / 副,前 / 后,,主 / 副,,上下+前后,大屏,USB/Type-C,索尼,,仿皮,前 / 后,自动,,燃油
sg26902,9799.0,奥迪,2.0,奥迪,4990,奥迪Q3 Sportback,248070,quattro 45周年典藏版 35 TFSI 进取型,2022,燃油,一汽奥迪,紧凑型SUV,26.38,26.38万,暂无报价,18.20万,1498.0,1.5,涡轮增压,L,4.0,米勒循环,160.0,118.0,5500.0,250.0,1750,汽油,92#,缸内直喷,铝,国VI b,7挡双离合,7.0,湿式双离合变速箱（DCT）,200.0,9.6,6.92,3年或10万公里,,,,,,,,,,,,,,,,,4516,1843,1569,2680,1584.0,1576.0,150.0,1595.0,SUV,5.0,5.0,450.0,平开门,主 / 副,前 / 后,,主 / 副,,上下+前后,大屏,USB/Type-C,,46306,,前 / 后,自动,46306,燃油
sg26902,7020.0,奥迪,2.0,奥迪,4990,奥迪Q3 Sportback,248070,quattro 45周年典藏版 35 TFSI 进取型,2023,燃油,一汽奥迪,紧凑型SUV,26.38,26.38万,暂无报价,18.20万,1498.0,1.5,涡轮增压,L,4.0,米勒循环,160.0,118.0,5500.0,250.0,1750,汽油,92#,缸内直喷,铝,国VI b,7挡双离合,7.0,湿式双离合变速箱（DCT）,200.0,9.6,6.92,3年或10万公里,,,,,,,,,,,,,,,,,4516,1843,1569,2680,1584.0,1576.0,150.0,1595.0,SUV,5.0,5.0,450.0,平开门,主 / 副,前 / 后,,主 / 副,,上下+前后,大屏,USB/Type-C,,46306,,前 / 后,自动,46306,燃油
sg26902,3756.0,奥迪,2.0,奥迪,4990,奥迪Q3 Sportback,248070,quattro 45周年典藏版 35 TFSI 进取型,2024,燃油,一汽奥迪,紧凑型SUV,26.38,26.38万,暂无报价,18.20万,1498.0,1.5,涡轮增压,L,4.0,米勒循环,160.0,118.0,5500.0,250.0,1750,汽油,92#,缸内直喷,铝,国VI b,7挡双离合,7.0,湿式双离合变速箱（DCT）,200.0,9.6,6.92,3年或10万公里,,,,,,,,,,,,,,,,,4516,1843,1569,2680,1584.0,1576.0,150.0,1595.0,SUV,5.0,5.0,450.0,平开门,主 / 副,前 / 后,,主 / 副,,上下+前后,大屏,USB/Type-C,,46306,,前 / 后,自动,46306,燃油
sg26902,2478.0,奥迪,2.0,奥迪,4990,奥迪Q3 Sportback,248070,quattro 45周年典藏版 35 TFSI 进取型,2025,燃油,一汽奥迪,紧凑型SUV,26.38,26.38万,暂无报价,18.20万,1498.0,1.5,涡轮增压,L,4.0,米勒循环,160.0,118.0,5500.0,250.0,1750,汽油,92#,缸内直喷,铝,国VI b,7挡双离合,7.0,湿式双离合变速箱（DCT）,200.0,9.6,6.92,3年或10万公里,,,,,,,,,,,,,,,,,4516,1843,1569,2680,1584.0,1576.0,150.0,1595.0,SUV,5.0,5.0,450.0,平开门,主 / 副,前 / 后,,主 / 副,,上下+前后,大屏,USB/Type-C,,46306,,前 / 后,自动,46306,燃油
sg26902,659.0,奥迪,2.0,奥迪,4990,奥迪Q3 Sportback,254679,quattro 45周年典藏版 35 TFSI 进取型,2026,燃油,一汽奥迪,紧凑型SUV,26.38,26.38万,暂无报价,18.20万,1498.0,1.5,涡轮增压,L,4.0,米勒循环,160.0,118.0,5500.0,250.0,1750,汽油,92#,缸内直喷,铝,国VI b,7挡双离合,7.0,湿式双离合变速箱（DCT）,200.0,9.6,6.92,3年或10万公里,,,,,,,,,,,,,,,,,4516,1843,1569,2680,1584.0,1576.0,150.0,1595.0,SUV,5.0,5.0,450.0,平开门,主 / 副,前 / 后,,主 / 副,,上下+前后,大屏,USB/Type-C,,46306,,前 / 后,自动,46306,燃油
sg26991,10425.0,星途,251.0,星途,4792,星途凌云,111128,300T 两驱星耀版,2025,燃油,星途,中型SUV,14.79,14.79万,10.76万,14.79万,1598.0,1.6,涡轮增压,L,4.0,,201.0,148.0,5500.0,300.0,2000,汽油,92#,缸内直喷,铝,国VI b,7挡双离合,7.0,湿式双离合变速箱（DCT）,200.0,,7.4,3年或10万公里,,,,,,,,,,,,,,,,,4780,1890,1730,2800,1624.0,1624.0,,1650.0,SUV,5.0,5.0,470.0,平开门,主 / 副,前 / 后,,主 / 副,,上下+前后,,USB/Type-C,索尼,46243,仿皮,前 / 后,自动,46243,燃油
sg26993,35415.0,大众,1.0,大众,4258,ID.4 X,248791,改款 聪明款 纯净智享版,2022,纯电动,上汽大众,紧凑型SUV,15.9888,15.9888万,13.01万,13.99万,,,,,,,,,,,,纯电动,,,,,电动车单速变速箱,1.0,固定齿比变速箱,160.0,,,3年或10万公里,永磁/同步,125.0,310.0,,,125.0,310.0,,,,,425.0,,80,,,4612,1852,1640,2765,1587.0,1566.0,,1960.0,SUV,5.0,5.0,484.0,平开门,主 / 副,前 / 后,,主 / 副,,上下+前后,大屏,USB/Type-C,,46180,仿皮,前 / 后,自动,46180,纯电动
sg26993,24162.0,大众,1.0,大众,4258,ID.4 X,248791,改款 聪明款 纯净智享版,2023,纯电动,上汽大众,紧凑型SUV,15.9888,15.9888万,13.01万,13.99万,,,,,,,,,,,,纯电动,,,,,电动车单速变速箱,1.0,固定齿比变速箱,160.0,,,3年或10万公里,永磁/同步,125.0,310.0,,,125.0,310.0,,,,,425.0,,80,,,4612,1852,1640,2765,1587.0,1566.0,,1960.0,SUV,5.0,5.0,484.0,平开门,主 / 副,前 / 后,,主 / 副,,上下+前后,大屏,USB/Type-C,,46180,仿皮,前 / 后,自动,46180,纯电动
sg26993,34498.0,大众,1.0,大众,4258,ID.4 X,248791,改款 聪明款 纯净智享版,2024,纯电动,上汽大众,紧凑型SUV,15.9888,15.9888万,13.01万,13.99万,,,,,,,,,,,,纯电动,,,,,电动车单速变速箱,1.0,固定齿比变速箱,160.0,,,3年或10万公里,永磁/同步,125.0,310.0,,,125.0,310.0,,,,,425.0,,80,,,4612,1852,1640,2765,1587.0,1566.0,,1960.0,SUV,5.0,5.0,484.0,平开门,主 / 副,前 / 后,,主 / 副,,上下+前后,大屏,USB/Type-C,,46180,仿皮,前 / 后,自动,46180,纯电动
sg26993,14071.0,大众,1.0,大众,4258,ID.4 X,248791,改款 聪明款 纯净智享版,2025,纯电动,上汽大众,紧凑型SUV,15.9888,15.9888万,13.01万,13.99万,,,,,,,,,,,,纯电动,,,,,电动车单速变速箱,1.0,固定齿比变速箱,160.0,,,3年或10万公里,永磁/同步,125.0,310.0,,,125.0,310.0,,,,,425.0,,80,,,4612,1852,1640,2765,1587.0,1566.0,,1960.0,SUV,5.0,5.0,484.0,平开门,主 / 副,前 / 后,,主 / 副,,上下+前后,大屏,USB/Type-C,,46180,仿皮,前 / 后,自动,46180,纯电动
sg26993,562.0,大众,1.0,大众,4258,ID.4 X,248791,改款 聪明款 纯净智享版,2026,纯电动,上汽大众,紧凑型SUV,15.9888,15.9888万,13.01万,13.99万,,,,,,,,,,,,纯电动,,,,,电动车单速变速箱,1.0,固定齿比变速箱,160.0,,,3年或10万公里,永磁/同步,125.0,310.0,,,125.0,310.0,,,,,425.0,,80,,,4612,1852,1640,2765,1587.0,1566.0,,1960.0,SUV,5.0,5.0,484.0,平开门,主 / 副,前 / 后,,主 / 副,,上下+前后,大屏,USB/Type-C,,46180,仿皮,前 / 后,自动,46180,纯电动
sg26994,1719.0,比亚迪,16.0,比亚迪,4638,比亚迪D1,79832,标准版,2022,纯电动,比亚迪,紧凑型MPV,16.08,16.08万,暂无报价,16.08万,,,,,,,,,,,,纯电动,,,,,电动车单速变速箱,1.0,固定齿比变速箱,130.0,,,6年或15万公里,永磁/同步,100.0,180.0,100.0,180.0,,,,,磷酸铁锂电池,53.6,418.0,,80,0.5,60.0,4390,1850,1650,2800,1590.0,1590.0,,1640.0,MPV,5.0,5.0,,侧滑门,主 / 副,前 / 后,,主 / 副,,上下+前后,大屏,USB/Type-C,,,仿皮,前 / 后,自动,,纯电动
sg26994,806.0,比亚迪,16.0,比亚迪,4638,比亚迪D1,90533,超越版,2023,纯电动,比亚迪,紧凑型MPV,16.98,16.98万,12.00万,16.98万,,,,,,,,,,,,纯电动,,,,,电动车单速变速箱,1.0,固定齿比变速箱,130.0,,,6年或15万公里,永磁/同步,100.0,180.0,100.0,180.0,,,,,磷酸铁锂电池,53.6,418.0,,80,0.5,60.0,4390,1850,1650,2800,1590.0,1590.0,,1640.0,MPV,5.0,5.0,,侧滑门,主 / 副,前 / 后,,主 / 副,,上下+前后,大屏,USB/Type-C,,,仿皮,前 / 后,自动,,纯电动
sg27003,11223.0,奥迪,2.0,奥迪,4989,奥迪Q5L Sportback,245668,quattro 45周年典藏版 40 TFSI 时尚型,2022,燃油,一汽奥迪,中型SUV,37.98,37.98万,25.00万,27.35万,1984.0,2.0,涡轮增压,L,4.0,,190.0,140.0,4500.0,320.0,1500,汽油,95#,缸内直喷,铁,国VI b,7挡双离合,7.0,湿式双离合变速箱（DCT）,211.0,9.1,,3年或10万公里,,,,,,,,,,,,,,,,,4778,1892,1666,2908,1616.0,1609.0,176.0,1860.0,SUV,5.0,5.0,520.0,平开门,主 / 副,前 / 后,,主 / 副,,上下+前后,大屏,USB/Type-C,,,真皮+仿皮,前 / 后,自动,,燃油
sg27003,9990.0,奥迪,2.0,奥迪,4989,奥迪Q5L Sportback,245668,quattro 45周年典藏版 40 TFSI 时尚型,2023,燃油,一汽奥迪,中型SUV,37.98,37.98万,25.00万,27.35万,1984.0,2.0,涡轮增压,L,4.0,,190.0,140.0,4500.0,320.0,1500,汽油,95#,缸内直喷,铁,国VI b,7挡双离合,7.0,湿式双离合变速箱（DCT）,211.0,9.1,,3年或10万公里,,,,,,,,,,,,,,,,,4778,1892,1666,2908,1616.0,1609.0,176.0,1860.0,SUV,5.0,5.0,520.0,平开门,主 / 副,前 / 后,,主 / 副,,上下+前后,大屏,USB/Type-C,,,真皮+仿皮,前 / 后,自动,,燃油
sg27003,6863.0,奥迪,2.0,奥迪,4989,奥迪Q5L Sportback,245668,quattro 45周年典藏版 40 TFSI 时尚型,2024,燃油,一汽奥迪,中型SUV,37.98,37.98万,25.00万,27.35万,1984.0,2.0,涡轮增压,L,4.0,,190.0,140.0,4500.0,320.0,1500,汽油,95#,缸内直喷,铁,国VI b,7挡双离合,7.0,湿式双离合变速箱（DCT）,211.0,9.1,,3年或10万公里,,,,,,,,,,,,,,,,,4778,1892,1666,2908,1616.0,1609.0,176.0,1860.0,SUV,5.0,5.0,520.0,平开门,主 / 副,前 / 后,,主 / 副,,上下+前后,大屏,USB/Type-C,,,真皮+仿皮,前 / 后,自动,,燃油
sg27003,4368.0,奥迪,2.0,奥迪,4989,奥迪Q5L Sportback,245668,quattro 45周年典藏版 40 TFSI 时尚型,2025,燃油,一汽奥迪,中型SUV,37.98,37.98万,25.00万,27.35万,1984.0,2.0,涡轮增压,L,4.0,,190.0,140.0,4500.0,320.0,1500,汽油,95#,缸内直喷,铁,国VI b,7挡双离合,7.0,湿式双离合变速箱（DCT）,211.0,9.1,,3年或10万公里,,,,,,,,,,,,,,,,,4778,1892,1666,2908,1616.0,1609.0,176.0,1860.0,SUV,5.0,5.0,520.0,平开门,主 / 副,前 / 后,,主 / 副,,上下+前后,大屏,USB/Type-C,,,真皮+仿皮,前 / 后,自动,,燃油
sg27003,1762.0,奥迪,2.0,奥迪,4989,奥迪Q5L Sportback,245668,quattro 45周年典藏版 40 TFSI 时尚型,2026,燃油,一汽奥迪,中型SUV,37.98,37.98万,25.00万,27.35万,1984.0,2.0,涡轮增压,L,4.0,,190.0,140.0,4500.0,320.0,1500,汽油,95#,缸内直喷,铁,国VI b,7挡双离合,7.0,湿式双离合变速箱（DCT）,211.0,9.1,,3年或10万公里,,,,,,,,,,,,,,,,,4778,1892,1666,2908,1616.0,1609.0,176.0,1860.0,SUV,5.0,5.0,520.0,平开门,主 / 副,前 / 后,,主 / 副,,上下+前后,大屏,USB/Type-C,,,真皮+仿皮,前 / 后,自动,,燃油
sg27011,45669.0,广汽传祺,40.0,广汽传祺,4787,影豹,100351,270T DCT R-Style,2022,燃油,广汽传祺,紧凑型车,12.8,12.80万,9.88万,10.80万,1497.0,1.5,涡轮增压,L,4.0,钜浪动力高效燃烧系统,177.0,130.0,5500.0,270.0,1400,汽油,92#,缸内直喷,铝,国VI,7挡双离合,7.0,湿式双离合变速箱（DCT）,200.0,6.95,,3年或10万公里,,,,,,,,,,,,,,,,,4753,1850,1432,2736,1589.0,1583.0,,1400.0,三厢车,4.0,5.0,543.0,平开门,主 / 副,前 / 后,,主 / 副,,上下+前后,大屏,USB/Type-C,雅马哈,46243,仿皮,前 / 后,自动,46243,燃油
sg27011,41677.0,广汽传祺,40.0,广汽传祺,4787,影豹,100351,270T DCT R-Style,2023,燃油,广汽传祺,紧凑型车,12.8,12.80万,9.88万,10.80万,1497.0,1.5,涡轮增压,L,4.0,钜浪动力高效燃烧系统,177.0,130.0,5500.0,270.0,1400,汽油,92#,缸内直喷,铝,国VI,7挡双离合,7.0,湿式双离合变速箱（DCT）,200.0,6.95,,3年或10万公里,,,,,,,,,,,,,,,,,4753,1850,1432,2736,1589.0,1583.0,,1400.0,三厢车,4.0,5.0,543.0,平开门,主 / 副,前 / 后,,主 / 副,,上下+前后,大屏,USB/Type-C,雅马哈,46243,仿皮,前 / 后,自动,46243,燃油
sg27011,19660.0,广汽传祺,40.0,广汽传祺,4787,影豹,100351,270T DCT R-Style,2024,燃油,广汽传祺,紧凑型车,12.8,12.80万,9.88万,10.80万,1497.0,1.5,涡轮增压,L,4.0,钜浪动力高效燃烧系统,177.0,130.0,5500.0,270.0,1400,汽油,92#,缸内直喷,铝,国VI,7挡双离合,7.0,湿式双离合变速箱（DCT）,200.0,6.95,,3年或10万公里,,,,,,,,,,,,,,,,,4753,1850,1432,2736,1589.0,1583.0,,1400.0,三厢车,4.0,5.0,543.0,平开门,主 / 副,前 / 后,,主 / 副,,上下+前后,大屏,USB/Type-C,雅马哈,46243,仿皮,前 / 后,自动,46243,燃油
sg27011,9714.0,广汽传祺,40.0,广汽传祺,4787,影豹,247289,270T DCT R-Style劲享版,2025,燃油,广汽传祺,紧凑型车,11.8,11.80万,9.21万,9.80万,1497.0,1.5,涡轮增压,L,4.0,钜浪动力高效燃烧系统,177.0,130.0,5500.0,270.0,1500,汽油,92#,缸内直喷,铝,国VI,7挡双离合,7.0,湿式双离合变速箱（DCT）,200.0,6.95,5.96,3年或10万公里,,,,,,,,,,,,,,,,,4753,1850,1432,2736,1589.0,1583.0,,1400.0,三厢车,4.0,5.0,543.0,平开门,主 / 副,前 / 后,,主 / 副,,上下+前后,大屏,USB/Type-C,雅马哈,46243,仿皮,前 / 后,自动,46243,燃油
sg27011,4139.0,广汽传祺,40.0,广汽传祺,4787,影豹,247289,270T DCT R-Style劲享版,2026,燃油,广汽传祺,紧凑型车,11.8,11.80万,9.21万,9.80万,1497.0,1.5,涡轮增压,L,4.0,钜浪动力高效燃烧系统,177.0,130.0,5500.0,270.0,1500,汽油,92#,缸内直喷,铝,国VI,7挡双离合,7.0,湿式双离合变速箱（DCT）,200.0,6.95,5.96,3年或10万公里,,,,,,,,,,,,,,,,,4753,1850,1432,2736,1589.0,1583.0,,1400.0,三厢车,4.0,5.0,543.0,平开门,主 / 副,前 / 后,,主 / 副,,上下+前后,大屏,USB/Type-C,雅马哈,46243,仿皮,前 / 后,自动,46243,燃油
sg27023,18669.0,丰田,,丰田,sg27023,凌尚,pcauto_m129487,凌尚 2024款 2.0L 领先版,2022,燃油,广汽丰田,紧凑型车,13.98,13.98万,,,1987.0,2.0,自然吸气,直列,4.0,VVT-iE,171.0,126.0,,205.0,,汽油,92号(原93号),混合喷射,铝合金,国VI,无级变速,10.0,无级变速,180.0,,,三年或10万公里,,,,,,,,,,,,,,,,,4695,1780,1435,2750,,,,1365.0,三厢车,4.0,5.0,,平开门,,,,,塑料,上下+前后,,,,,织物,,自动,,
sg27023,9515.0,丰田,,丰田,sg27023,凌尚,pcauto_m129487,凌尚 2024款 2.0L 领先版,2023,燃油,广汽丰田,紧凑型车,13.98,13.98万,,,1987.0,2.0,自然吸气,直列,4.0,VVT-iE,171.0,126.0,,205.0,,汽油,92号(原93号),混合喷射,铝合金,国VI,无级变速,10.0,无级变速,180.0,,,三年或10万公里,,,,,,,,,,,,,,,,,4695,1780,1435,2750,,,,1365.0,三厢车,4.0,5.0,,平开门,,,,,塑料,上下+前后,,,,,织物,,自动,,
sg27023,4636.0,丰田,,丰田,sg27023,凌尚,pcauto_m129487,凌尚 2024款 2.0L 领先版,2024,燃油,广汽丰田,紧凑型车,13.98,13.98万,,,1987.0,2.0,自然吸气,直列,4.0,VVT-iE,171.0,126.0,,205.0,,汽油,92号(原93号),混合喷射,铝合金,国VI,无级变速,10.0,无级变速,180.0,,,三年或10万公里,,,,,,,,,,,,,,,,,4695,1780,1435,2750,,,,1365.0,三厢车,4.0,5.0,,平开门,,,,,塑料,上下+前后,,,,,织物,,自动,,
sg27023,1267.0,丰田,,丰田,sg27023,凌尚,pcauto_m129487,凌尚 2024款 2.0L 领先版,2025,燃油,广汽丰田,紧凑型车,13.98,13.98万,,,1987.0,2.0,自然吸气,直列,4.0,VVT-iE,171.0,126.0,,205.0,,汽油,92号(原93号),混合喷射,铝合金,国VI,无级变速,10.0,无级变速,180.0,,,三年或10万公里,,,,,,,,,,,,,,,,,4695,1780,1435,2750,,,,1365.0,三厢车,4.0,5.0,,平开门,,,,,塑料,上下+前后,,,,,织物,,自动,,
sg27023,59.0,丰田,,丰田,sg27023,凌尚,pcauto_m129487,凌尚 2024款 2.0L 领先版,2026,燃油,广汽丰田,紧凑型车,13.98,13.98万,,,1987.0,2.0,自然吸气,直列,4.0,VVT-iE,171.0,126.0,,205.0,,汽油,92号(原93号),混合喷射,铝合金,国VI,无级变速,10.0,无级变速,180.0,,,三年或10万公里,,,,,,,,,,,,,,,,,4695,1780,1435,2750,,,,1365.0,三厢车,4.0,5.0,,平开门,,,,,塑料,上下+前后,,,,,织物,,自动,,
sg27025,16600.0,思皓,235.0,思皓,4755,思皓A5,48813,1.5T 手动舒适型,2021,燃油,江汽集团,紧凑型车,7.88,7.88万,7.88万,7.88万,1499.0,1.5,涡轮增压,L,4.0,i-VVT,150.0,110.0,5500.0,210.0,2000,汽油,92#,多点电喷,铝,国VI,6挡手动,6.0,手动变速箱(MT),190.0,,,4年或10万公里,,,,,,,,,,,,,,,,,4772,1820,1492,2760,1555.0,1550.0,145.0,1432.0,掀背车,5.0,5.0,540.0,平开门,主 / 副,前 / 后,,主 / 副,,上下,,USB/Type-C,,46117,织物,前 / 后,手动,46117,燃油
sg27025,7924.0,思皓,235.0,思皓,4755,思皓A5,74186,1.5T CVT青春版,2022,燃油,江汽集团,紧凑型车,9.78,9.78万,暂无报价,9.78万,1499.0,1.5,涡轮增压,L,4.0,i-VVT,150.0,110.0,5500.0,210.0,2000,汽油,92#,多点电喷,铝,国VI,CVT无级变速,,无级变速箱(CVT),190.0,,,4年或10万公里,,,,,,,,,,,,,,,,,4772,1820,1492,2760,1555.0,1550.0,145.0,1440.0,掀背车,5.0,5.0,540.0,平开门,主 / 副,前 / 后,,主 / 副,,上下,大屏,USB/Type-C,,46117,仿皮,前 / 后,手动,46117,燃油
sg27029,543.0,丰田,,丰田,sg27029,威兰达新能源,pcauto_m128937,威兰达新能源 2024款 2.5L 智能插电双擎两驱劲擎,2024,插电混动,广汽丰田,紧凑型SUV,26.78,26.78万,,,2478.0,2.5,自然吸气,直列,4.0,VVT-iE、VVT-i,180.0,132.0,,224.0,,插电混动,92号(原93号),混合喷射,铝合金,国VI,电子无级变速箱,,电子无级变速箱(E-CVT),180.0,,,三年或10万公里,永磁同步,134.0,270.0,134.0,270.0,,,,,三元锂电池,15.98,78.0,13.2,八年或20万公里,快充:不支持/慢充:9.5小时,,4665,1855,1690,2690,,,,1890.0,SUV,5.0,5.0,,平开门,,,,,真皮,上下+前后,,,,,仿皮+真皮,,自动,,
sg27035,0.0,比亚迪,16.0,比亚迪,4797,比亚迪e9,251289,506km 豪华版,2025,纯电动,比亚迪,中大型车,16.98,16.98万,暂无报价,16.98万,,,,,,,,,,,,纯电动,,,,,电动车单速变速箱,1.0,固定齿比变速箱,185.0,,,6年或15万公里,永磁/同步,135.0,250.0,135.0,250.0,,,,,,,506.0,,,,,4995,1940,1495,2920,1640.0,1640.0,,1890.0,轿车,4.0,5.0,470.0,平开门,主 / 副,前 / 后,,主 / 副,,上下+前后,大屏,USB/Type-C+SD卡槽,,46243,仿皮,前 / 后,自动,46243,纯电动
sg27035,159.0,比亚迪,16.0,比亚迪,4797,比亚迪e9,251289,506km 豪华版,2026,纯电动,比亚迪,中大型车,16.98,16.98万,暂无报价,16.98万,,,,,,,,,,,,纯电动,,,,,电动车单速变速箱,1.0,固定齿比变速箱,185.0,,,6年或15万公里,永磁/同步,135.0,250.0,135.0,250.0,,,,,,,506.0,,,,,4995,1940,1495,2920,1640.0,1640.0,,1890.0,轿车,4.0,5.0,470.0,平开门,主 / 副,前 / 后,,主 / 副,,上下+前后,大屏,USB/Type-C+SD卡槽,,46243,仿皮,前 / 后,自动,46243,纯电动
sg27042,26693.0,丰田,,丰田,sg27042,亚洲狮,pcauto_m122730,亚洲狮 2023款 2.0L 先锋版,2022,燃油,一汽丰田,紧凑型车,14.18,14.18万,,,1987.0,2.0,自然吸气,直列,4.0,VVT-iE,171.0,126.0,,205.0,,汽油,92号(原93号),混合喷射,铝合金,国VI,无级变速,10.0,无级变速,180.0,,,三年或10万公里,,,,,,,,,,,,,,,,,4720,1780,1435,2750,,,,1380.0,三厢车,4.0,5.0,,平开门,,,,,塑料,上下+前后,,,,,织物,,手动,,
sg27042,10039.0,丰田,,丰田,sg27042,亚洲狮,pcauto_m122730,亚洲狮 2023款 2.0L 先锋版,2023,燃油,一汽丰田,紧凑型车,14.18,14.18万,,,1987.0,2.0,自然吸气,直列,4.0,VVT-iE,171.0,126.0,,205.0,,汽油,92号(原93号),混合喷射,铝合金,国VI,无级变速,10.0,无级变速,180.0,,,三年或10万公里,,,,,,,,,,,,,,,,,4720,1780,1435,2750,,,,1380.0,三厢车,4.0,5.0,,平开门,,,,,塑料,上下+前后,,,,,织物,,手动,,
sg27042,3243.0,丰田,,丰田,sg27042,亚洲狮,pcauto_m122730,亚洲狮 2023款 2.0L 先锋版,2024,燃油,一汽丰田,紧凑型车,14.18,14.18万,,,1987.0,2.0,自然吸气,直列,4.0,VVT-iE,171.0,126.0,,205.0,,汽油,92号(原93号),混合喷射,铝合金,国VI,无级变速,10.0,无级变速,180.0,,,三年或10万公里,,,,,,,,,,,,,,,,,4720,1780,1435,2750,,,,1380.0,三厢车,4.0,5.0,,平开门,,,,,塑料,上下+前后,,,,,织物,,手动,,
sg27042,967.0,丰田,,丰田,sg27042,亚洲狮,pcauto_m122730,亚洲狮 2023款 2.0L 先锋版,2025,燃油,一汽丰田,紧凑型车,14.18,14.18万,,,1987.0,2.0,自然吸气,直列,4.0,VVT-iE,171.0,126.0,,205.0,,汽油,92号(原93号),混合喷射,铝合金,国VI,无级变速,10.0,无级变速,180.0,,,三年或10万公里,,,,,,,,,,,,,,,,,4720,1780,1435,2750,,,,1380.0,三厢车,4.0,5.0,,平开门,,,,,塑料,上下+前后,,,,,织物,,手动,,
sg27042,17.0,丰田,,丰田,sg27042,亚洲狮,pcauto_m122730,亚洲狮 2023款 2.0L 先锋版,2026,燃油,一汽丰田,紧凑型车,14.18,14.18万,,,1987.0,2.0,自然吸气,直列,4.0,VVT-iE,171.0,126.0,,205.0,,汽油,92号(原93号),混合喷射,铝合金,国VI,无级变速,10.0,无级变速,180.0,,,三年或10万公里,,,,,,,,,,,,,,,,,4720,1780,1435,2750,,,,1380.0,三厢车,4.0,5.0,,平开门,,,,,塑料,上下+前后,,,,,织物,,手动,,
sg27043,308279.0,比亚迪,,比亚迪,sg27043,秦PLUS,pcauto_m132625,秦PLUS 2025款 DM-i 智驾版 55KM 领先型,2022,插电混动,比亚迪,紧凑型车,7.98,7.98万,,,1498.0,1.5,自然吸气,直列,4.0,VVT,101.0,74.0,,126.0,,插电混动,92号(原93号),多点电喷,铝合金,国VI,电子无级变速箱,,电子无级变速箱(E-CVT),185.0,7.6,,六年或15万公里,永磁同步,120.0,210.0,120.0,210.0,,,,,磷酸铁锂电池,7.68,46.0,11.4,首任车主不限年限/不限里程,快充:不支持/慢充:待定,,4780,1837,1515,2718,,,,1500.0,三厢车,4.0,5.0,,平开门,,,,,皮质,上下+前后,,,,,仿皮,,自动,,
sg27043,434213.0,比亚迪,,比亚迪,sg27043,秦PLUS,pcauto_m132625,秦PLUS 2025款 DM-i 智驾版 55KM 领先型,2023,插电混动,比亚迪,紧凑型车,7.98,7.98万,,,1498.0,1.5,自然吸气,直列,4.0,VVT,101.0,74.0,,126.0,,插电混动,92号(原93号),多点电喷,铝合金,国VI,电子无级变速箱,,电子无级变速箱(E-CVT),185.0,7.6,,六年或15万公里,永磁同步,120.0,210.0,120.0,210.0,,,,,磷酸铁锂电池,7.68,46.0,11.4,首任车主不限年限/不限里程,快充:不支持/慢充:待定,,4780,1837,1515,2718,,,,1500.0,三厢车,4.0,5.0,,平开门,,,,,皮质,上下+前后,,,,,仿皮,,自动,,
sg27043,480025.0,比亚迪,,比亚迪,sg27043,秦PLUS,pcauto_m132625,秦PLUS 2025款 DM-i 智驾版 55KM 领先型,2024,插电混动,比亚迪,紧凑型车,7.98,7.98万,,,1498.0,1.5,自然吸气,直列,4.0,VVT,101.0,74.0,,126.0,,插电混动,92号(原93号),多点电喷,铝合金,国VI,电子无级变速箱,,电子无级变速箱(E-CVT),185.0,7.6,,六年或15万公里,永磁同步,120.0,210.0,120.0,210.0,,,,,磷酸铁锂电池,7.68,46.0,11.4,首任车主不限年限/不限里程,快充:不支持/慢充:待定,,4780,1837,1515,2718,,,,1500.0,三厢车,4.0,5.0,,平开门,,,,,皮质,上下+前后,,,,,仿皮,,自动,,
sg27043,387315.0,比亚迪,,比亚迪,sg27043,秦PLUS,pcauto_m132625,秦PLUS 2025款 DM-i 智驾版 55KM 领先型,2025,插电混动,比亚迪,紧凑型车,7.98,7.98万,,,1498.0,1.5,自然吸气,直列,4.0,VVT,101.0,74.0,,126.0,,插电混动,92号(原93号),多点电喷,铝合金,国VI,电子无级变速箱,,电子无级变速箱(E-CVT),185.0,7.6,,六年或15万公里,永磁同步,120.0,210.0,120.0,210.0,,,,,磷酸铁锂电池,7.68,46.0,11.4,首任车主不限年限/不限里程,快充:不支持/慢充:待定,,4780,1837,1515,2718,,,,1500.0,三厢车,4.0,5.0,,平开门,,,,,皮质,上下+前后,,,,,仿皮,,自动,,
sg27043,68369.0,比亚迪,,比亚迪,sg27043,秦PLUS,pcauto_m136783,秦PLUS 2026款 DM-i 128KM 进取型,2026,插电混动,比亚迪,紧凑型车,7.98,7.98万,,,1498.0,1.5,自然吸气,直列,4.0,VVT,101.0,74.0,,126.0,,插电混动,92号(原93号),多点电喷,铝合金,国VI,电子无级变速箱,,电子无级变速箱(E-CVT),185.0,7.6,,六年或15万公里,永磁同步,120.0,210.0,120.0,210.0,,,,,磷酸铁锂电池,15.8,100.0,13.2,首任车主不限年限/不限里程,快充:待定/慢充:待定,,4780,1837,1515,2718,,,,1580.0,三厢车,4.0,5.0,,平开门,,,,,皮质,上下+前后,,,,,仿皮,,自动,,
sg27081,235717.0,埃安,242.0,埃安,4814,AION Y,86977,AION Y Younger,2023,纯电动,广汽埃安新能源,紧凑型SUV,10.98,10.98万,11.23万,8.68万,,,,,,,,,,,,纯电动,,,未知,,电动车单速变速箱,1.0,固定齿比变速箱,150.0,,,4年或15万公里,永磁/同步,100.0,176.0,100.0,176.0,,,,,,,430.0,,,,,4535,1870,1650,2750,1600.0,1600.0,150.0,1635.0,SUV,5.0,5.0,405.0,平开门,主 / 副,前 / 后,,主 / 副,,上下,大屏,USB/Type-C,,46180,织物,前 / 后,自动,46180,纯电动
sg27081,156503.0,埃安,242.0,埃安,4814,AION Y,101018,AION Y Younger,2024,纯电动,广汽埃安新能源,紧凑型SUV,10.98,10.98万,9.48万,8.68万,,,,,,,,,,,,纯电动,,,未知,,电动车单速变速箱,1.0,固定齿比变速箱,130.0,,,4年或15万公里,永磁/同步,100.0,176.0,100.0,176.0,,,,,,,430.0,,,,,4535,1870,1650,2750,1600.0,1600.0,150.0,1590.0,SUV,5.0,5.0,405.0,平开门,主 / 副,前 / 后,,主 / 副,,上下,大屏,USB/Type-C,,46180,织物,前 / 后,自动,46180,纯电动
sg27081,77140.0,埃安,242.0,埃安,4814,AION Y,248938,Plus 430 智享版,2025,纯电动,广汽埃安新能源,紧凑型SUV,9.98,9.98万,9.93万,7.98万,,,,,,,,,,,,纯电动,,,,,电动车单速变速箱,1.0,固定齿比变速箱,150.0,,,4年或15万公里,永磁/同步,100.0,176.0,100.0,176.0,,,,,,,430.0,,,,,4535,1870,1650,2750,1600.0,1600.0,150.0,1590.0,SUV,5.0,5.0,405.0,平开门,主 / 副,前 / 后,,主 / 副,,上下,大屏,USB/Type-C,,46180,织物,前 / 后,自动,46180,纯电动
sg27082,2023.0,思皓,235.0,思皓,4819,思皓花仙子,79664,周年款 200KM薰衣草 30kW,2023,纯电动,江汽集团,微型车,5.99,5.99万,5.70万,5.99万,,,,,,,,,,,,纯电动,,,,,电动车单速变速箱,1.0,固定齿比变速箱,102.0,,,3年或12万公里,永磁/同步,30.0,95.0,30.0,95.0,,,,,磷酸铁锂电池,30.5,200.0,,80,0.7,,3650,1670,1540,2390,1415.0,1415.0,125.0,1000.0,两厢车,5.0,4.0,,平开门,主 / 副,前 / 后,,主 / 副,,上下,大屏,USB/Type-C,,46117,织物,前 / 后,手动,46117,纯电动
sg27091,72.0,丰田,,丰田,sg27091,RAV4荣放双擎E+,pcauto_m130641,RAV4荣放双擎E+ 2024款 2.5L 两驱精英Pro,2024,插电混动,一汽丰田,紧凑型SUV,25.68,25.68万,,,2478.0,2.5,自然吸气,直列,4.0,VVT-iE、VVT-i,180.0,132.0,,224.0,,插电混动,92号(原93号),混合喷射,铝合金,国VI,电子无级变速箱,,电子无级变速箱(E-CVT),180.0,9.1,,三年或10万公里,永磁同步,134.0,270.0,134.0,270.0,,,,,三元锂电池,15.984,78.0,13.9,八年或20万公里,快充:不支持/慢充:9.5小时,,4600,1855,1685,2690,,,,1890.0,SUV,5.0,5.0,,平开门,,,,,真皮,上下+前后,,,,,皮/织物混搭,,自动,,
sg27132,127330.0,吉利汽车,73.0,吉利汽车,4857,星越L,98720,2.0TD DCT EVO两驱长风版,2022,燃油,吉利汽车,紧凑型SUV,14.77,14.77万,11.70万,12.97万,1969.0,2.0,涡轮增压,L,4.0,,218.0,160.0,5000.0,325.0,1800,汽油,95#,缸内直喷,铝,国VI b,7挡双离合,7.0,湿式双离合变速箱（DCT）,215.0,7.9,6.8,5年或15万公里,,,,,,,,,,,,,,,,,4770,1895,1689,2845,1610.0,1610.0,,1675.0,SUV,5.0,5.0,562.0,平开门,主 / 副,前 / 后,,主 / 副,,上下+前后,大屏,USB/Type-C,,46243,仿皮,前 / 后,自动,46243,燃油
sg27132,160087.0,吉利汽车,73.0,吉利汽车,4857,星越L,98720,2.0TD DCT EVO两驱长风版,2023,燃油,吉利汽车,紧凑型SUV,14.77,14.77万,11.70万,12.97万,1969.0,2.0,涡轮增压,L,4.0,,218.0,160.0,5000.0,325.0,1800,汽油,95#,缸内直喷,铝,国VI b,7挡双离合,7.0,湿式双离合变速箱（DCT）,215.0,7.9,6.8,5年或15万公里,,,,,,,,,,,,,,,,,4770,1895,1689,2845,1610.0,1610.0,,1675.0,SUV,5.0,5.0,562.0,平开门,主 / 副,前 / 后,,主 / 副,,上下+前后,大屏,USB/Type-C,,46243,仿皮,前 / 后,自动,46243,燃油
sg27132,219892.0,吉利汽车,73.0,吉利汽车,4857,星越L,98720,2.0TD DCT EVO两驱长风版,2024,燃油,吉利汽车,紧凑型SUV,14.77,14.77万,11.70万,12.97万,1969.0,2.0,涡轮增压,L,4.0,,218.0,160.0,5000.0,325.0,1800,汽油,95#,缸内直喷,铝,国VI b,7挡双离合,7.0,湿式双离合变速箱（DCT）,215.0,7.9,6.8,5年或15万公里,,,,,,,,,,,,,,,,,4770,1895,1689,2845,1610.0,1610.0,,1675.0,SUV,5.0,5.0,562.0,平开门,主 / 副,前 / 后,,主 / 副,,上下+前后,大屏,USB/Type-C,,46243,仿皮,前 / 后,自动,46243,燃油
sg27132,241324.0,吉利汽车,73.0,吉利汽车,4857,星越L,245315,2.0TD 两驱行云版,2025,燃油,吉利汽车,紧凑型SUV,15.67,15.67万,12.87万,13.87万,1969.0,2.0,涡轮增压,L,4.0,,238.0,175.0,5500.0,350.0,1800,汽油,95#,缸内直喷,铝,国VI b,8挡手自一体,8.0,手自一体变速箱(AT),215.0,7.5,6.8,5年或15万公里,,,,,,,,,,,,,,,,,4770,1895,1689,2845,1610.0,1610.0,,1675.0,SUV,5.0,5.0,562.0,平开门,主 / 副,前 / 后,,主 / 副,,上下+前后,大屏,USB/Type-C,,46243,仿皮,前 / 后,自动,46243,燃油
sg27132,77254.0,吉利汽车,73.0,吉利汽车,4857,星越L,255980,2.0TD 长风越山版,2026,燃油,吉利汽车,紧凑型SUV,13.97,13.97万,11.34万,12.47万,1969.0,2.0,涡轮增压,L,4.0,,218.0,160.0,5000.0,325.0,1800,汽油,92#,缸内直喷,铝,国VI b,7挡湿式双离合,7.0,湿式双离合变速箱（DCT）,215.0,7.9,6.8,5年或15万公里,,,,,,,,,,,,,,,,,4770,1895,1689,2845,1610.0,1610.0,,1655.0,SUV,5.0,5.0,562.0,平开门,主 / 副,前 / 后,,主 / 副,,上下+前后,大屏,USB/Type-C,,46243,仿皮,前 / 后,自动,46243,燃油
sg27171,30505.0,红旗,59.0,红旗,5092,红旗E-QM5,248899,出租换电版,2022,纯电动,一汽红旗,中型车,12.18,12.18万,暂无报价,12.18万,,,,,,,,,,,,纯电动,,,,,电动车单速变速箱,1.0,固定齿比变速箱,130.0,,,4年或10万公里,永磁/同步,110.0,205.0,110.0,205.0,,,,,,,475.0,,,,,5040,1910,1569,2990,1654.0,1655.0,,1750.0,三厢车,4.0,5.0,433.0,平开门,主 / 副,前 / 后,,主 / 副,,上下,大屏,USB/Type-C,,,仿皮,前 / 后,自动,,纯电动
sg27171,79616.0,红旗,59.0,红旗,5092,红旗E-QM5,248899,出租换电版,2023,纯电动,一汽红旗,中型车,12.18,12.18万,暂无报价,12.18万,,,,,,,,,,,,纯电动,,,,,电动车单速变速箱,1.0,固定齿比变速箱,130.0,,,4年或10万公里,永磁/同步,110.0,205.0,110.0,205.0,,,,,,,475.0,,,,,5040,1910,1569,2990,1654.0,1655.0,,1750.0,三厢车,4.0,5.0,433.0,平开门,主 / 副,前 / 后,,主 / 副,,上下,大屏,USB/Type-C,,,仿皮,前 / 后,自动,,纯电动
sg27171,81506.0,红旗,59.0,红旗,5092,红旗E-QM5,248899,出租换电版,2024,纯电动,一汽红旗,中型车,12.18,12.18万,暂无报价,12.18万,,,,,,,,,,,,纯电动,,,,,电动车单速变速箱,1.0,固定齿比变速箱,130.0,,,4年或10万公里,永磁/同步,110.0,205.0,110.0,205.0,,,,,,,475.0,,,,,5040,1910,1569,2990,1654.0,1655.0,,1750.0,三厢车,4.0,5.0,433.0,平开门,主 / 副,前 / 后,,主 / 副,,上下,大屏,USB/Type-C,,,仿皮,前 / 后,自动,,纯电动
sg27171,67987.0,红旗,59.0,红旗,5092,红旗E-QM5,248899,出租换电版,2025,纯电动,一汽红旗,中型车,12.18,12.18万,暂无报价,12.18万,,,,,,,,,,,,纯电动,,,,,电动车单速变速箱,1.0,固定齿比变速箱,130.0,,,4年或10万公里,永磁/同步,110.0,205.0,110.0,205.0,,,,,,,475.0,,,,,5040,1910,1569,2990,1654.0,1655.0,,1750.0,三厢车,4.0,5.0,433.0,平开门,主 / 副,前 / 后,,主 / 副,,上下,大屏,USB/Type-C,,,仿皮,前 / 后,自动,,纯电动
sg27171,16425.0,红旗,59.0,红旗,5092,红旗E-QM5,248899,出租换电版,2026,纯电动,一汽红旗,中型车,12.18,12.18万,暂无报价,12.18万,,,,,,,,,,,,纯电动,,,,,电动车单速变速箱,1.0,固定齿比变速箱,130.0,,,4年或10万公里,永磁/同步,110.0,205.0,110.0,205.0,,,,,,,475.0,,,,,5040,1910,1569,2990,1654.0,1655.0,,1750.0,三厢车,4.0,5.0,433.0,平开门,主 / 副,前 / 后,,主 / 副,,上下,大屏,USB/Type-C,,,仿皮,前 / 后,自动,,纯电动
sg27172,20243.0,奔腾,,奔腾,sg27172,奔腾NAT,pcauto_m112629,奔腾NAT 2022款 乐享出行版 419km,2022,纯电动,一汽奔腾,MPV,14.78,14.78万,,,,,,,,,,,,,,纯电动,,,,,固定齿比,1.0,固定齿比,140.0,,,三年或30万公里,永磁同步,100.0,260.0,100.0,260.0,,,,,磷酸铁锂电池,54.0,419.0,,八年或60万公里,快充:0.5小时/慢充:8.4小时,80.0,4450,1840,1680,2850,,,,1700.0,MPV,4.0,5.0,,平开门+侧滑门,,,,,塑料,上下,,,,,织物,,自动,,
sg27172,19473.0,奔腾,,奔腾,sg27172,奔腾NAT,pcauto_m119274,奔腾NAT 2023款 PRO 乐享出行版 419km,2023,纯电动,一汽奔腾,MPV,15.58,15.58万,,,,,,,,,,,,,,纯电动,,,,,固定齿比,1.0,固定齿比,140.0,,,三年或30万公里,永磁同步,120.0,155.0,120.0,155.0,,,,,磷酸铁锂电池,54.0,419.0,,八年或60万公里,快充:0.5小时/慢充:8.4小时,80.0,4450,1840,1680,2850,,,,1700.0,MPV,5.0,5.0,,平开门+侧滑门,,,,,塑料,上下,,,,,织物,,手动,,
sg27172,18717.0,奔腾,,奔腾,sg27172,奔腾NAT,pcauto_m131791,奔腾NAT 2024款 PRO 嘉享版 425km,2024,纯电动,一汽奔腾,MPV,16.38,16.38万,,,,,,,,,,,,,,纯电动,,,,,固定齿比,1.0,固定齿比,140.0,10.21,,三年或30万公里,永磁同步,120.0,155.0,120.0,155.0,,,,,磷酸铁锂电池,54.8,425.0,12.8,八年或60万公里,快充:0.5小时/慢充:8.1小时,20.0,4450,1840,1680,2850,,,,1700.0,MPV,5.0,5.0,,平开门+侧滑门,,,,,皮质,上下,,,,,仿皮,,手动,,
sg27176,3541.0,江铃集团新能源,136.0,江铃集团新能源,4858,羿,89650,追梦版 40标准型,2023,纯电动,江铃集团新能源,紧凑型车,11.88,11.88万,暂无报价,11.88万,,,,,,,,,,,,纯电动,,,,,电动车单速变速箱,1.0,固定齿比变速箱,140.0,10.2,,3年或6万公里,永磁/同步,110.0,225.0,110.0,225.0,,,,,,,401.0,,,,,4675,1835,1480,2750,1570.0,1570.0,145.0,1470.0,三厢车,4.0,5.0,410.0,平开门,主 / 副,前 / 后,,主 / 副,,上下+前后,,USB/Type-C,,46056,织物,前 / 后,自动,46056,纯电动
sg27176,3296.0,江铃集团新能源,136.0,江铃集团新能源,4858,羿,100844,标准续航出行版,2024,纯电动,江铃集团新能源,紧凑型车,16.98,16.98万,暂无报价,16.98万,,,,,,,,,,,,纯电动,,,,,电动车单速变速箱,1.0,固定齿比变速箱,140.0,10.2,,3年或6万公里,永磁/同步,110.0,225.0,110.0,225.0,,,,,,,430.0,,,,,4675,1835,1480,2750,1570.0,1570.0,145.0,1470.0,三厢车,4.0,5.0,410.0,平开门,主 / 副,前 / 后,,主 / 副,,上下+前后,,USB/Type-C,,46056,仿皮,前 / 后,自动,46056,纯电动
sg27191,4765.0,智己汽车,419.0,智己汽车,4870,智己L7,91486,MAX 超长续航版,2022,纯电动,智己汽车,中大型车,29.99,29.99万,24.40万,29.19万,,,,,,,,,,,,纯电动,,,,,电动车单速变速箱,1.0,固定齿比变速箱,200.0,5.9,,5年或15万公里,永磁/同步,250.0,475.0,,,250.0,475.0,,,,,708.0,,80,,,5108,1960,1485,3100,1671.0,1671.0,122.0,2165.0,三厢车,4.0,5.0,,平开门,主 / 副,前 / 后,,主 / 副,,上下+前后,大屏,USB/Type-C+存储卡插槽,,12以上,仿皮,前 / 后,自动,12以上,纯电动
sg27191,1305.0,智己汽车,419.0,智己汽车,4870,智己L7,91486,MAX 超长续航版,2023,纯电动,智己汽车,中大型车,29.99,29.99万,24.40万,29.19万,,,,,,,,,,,,纯电动,,,,,电动车单速变速箱,1.0,固定齿比变速箱,200.0,5.9,,5年或15万公里,永磁/同步,250.0,475.0,,,250.0,475.0,,,,,708.0,,80,,,5108,1960,1485,3100,1671.0,1671.0,122.0,2165.0,三厢车,4.0,5.0,,平开门,主 / 副,前 / 后,,主 / 副,,上下+前后,大屏,USB/Type-C+存储卡插槽,,12以上,仿皮,前 / 后,自动,12以上,纯电动
sg27191,889.0,智己汽车,419.0,智己汽车,4870,智己L7,91486,MAX 超长续航版,2024,纯电动,智己汽车,中大型车,29.99,29.99万,24.40万,29.19万,,,,,,,,,,,,纯电动,,,,,电动车单速变速箱,1.0,固定齿比变速箱,200.0,5.9,,5年或15万公里,永磁/同步,250.0,475.0,,,250.0,475.0,,,,,708.0,,80,,,5108,1960,1485,3100,1671.0,1671.0,122.0,2165.0,三厢车,4.0,5.0,,平开门,主 / 副,前 / 后,,主 / 副,,上下+前后,大屏,USB/Type-C+存储卡插槽,,12以上,仿皮,前 / 后,自动,12以上,纯电动
sg27191,201.0,智己汽车,419.0,智己汽车,4870,智己L7,91486,MAX 超长续航版,2025,纯电动,智己汽车,中大型车,29.99,29.99万,24.40万,29.19万,,,,,,,,,,,,纯电动,,,,,电动车单速变速箱,1.0,固定齿比变速箱,200.0,5.9,,5年或15万公里,永磁/同步,250.0,475.0,,,250.0,475.0,,,,,708.0,,80,,,5108,1960,1485,3100,1671.0,1671.0,122.0,2165.0,三厢车,4.0,5.0,,平开门,主 / 副,前 / 后,,主 / 副,,上下+前后,大屏,USB/Type-C+存储卡插槽,,12以上,仿皮,前 / 后,自动,12以上,纯电动
sg27191,67.0,智己汽车,419.0,智己汽车,4870,智己L7,91486,MAX 超长续航版,2026,纯电动,智己汽车,中大型车,29.99,29.99万,24.40万,29.19万,,,,,,,,,,,,纯电动,,,,,电动车单速变速箱,1.0,固定齿比变速箱,200.0,5.9,,5年或15万公里,永磁/同步,250.0,475.0,,,250.0,475.0,,,,,708.0,,80,,,5108,1960,1485,3100,1671.0,1671.0,122.0,2165.0,三厢车,4.0,5.0,,平开门,主 / 副,前 / 后,,主 / 副,,上下+前后,大屏,USB/Type-C+存储卡插槽,,12以上,仿皮,前 / 后,自动,12以上,纯电动
sg27192,1413.0,智己汽车,419.0,智己汽车,4869,智己LS7,111197,焕新版 Ultra,2025,纯电动,智己汽车,中大型SUV,33.99,33.99万,26.50万,32.99万,,,,,,,,,,,,纯电动,,,,,电动车单速变速箱,1.0,固定齿比变速箱,239.0,3.9,,5年或15万公里,永磁/同步,579.0,800.0,200.0,,379.0,,,,,,700.0,,,,,5049,2002,1784,3060,1700.0,1715.0,172.0,2490.0,SUV,5.0,5.0,727.0,平开门,主 / 副,前 / 后,,主 / 副,,上下+前后,,USB/Type-C+存储卡插槽,,12以上,仿皮,前 / 后,自动,12以上,纯电动
sg27201,28545.0,魏牌,,魏牌,sg27201,摩卡,pcauto_m105507,摩卡 2021款 2.0T 两驱特香版,2021,燃油,长城汽车,中型SUV,17.58,17.58万,,,1998.0,2.0,涡轮增压,直列,4.0,48V+启发电机,213.0,157.0,,328.0,,汽油,92号(原93号),直喷,铝合金,国VI,湿式双离合,9.0,湿式双离合变速箱,200.0,7.8,,五年或15万公里,,,,,,,,,,,,,,,,,4875,1960,1690,2915,,,,1830.0,SUV,5.0,5.0,,,,,,,皮质,上下+前后,,,,,仿皮,,自动,,
sg27201,7544.0,魏牌,,魏牌,sg27201,摩卡,pcauto_m105507,摩卡 2021款 2.0T 两驱特香版,2022,燃油,长城汽车,中型SUV,17.58,17.58万,,,1998.0,2.0,涡轮增压,直列,4.0,48V+启发电机,213.0,157.0,,328.0,,汽油,92号(原93号),直喷,铝合金,国VI,湿式双离合,9.0,湿式双离合变速箱,200.0,7.8,,五年或15万公里,,,,,,,,,,,,,,,,,4875,1960,1690,2915,,,,1830.0,SUV,5.0,5.0,,,,,,,皮质,上下+前后,,,,,仿皮,,自动,,
sg27202,1949.0,魏牌,,魏牌,sg27202,魏牌 摩卡新能源,pcauto_m128485,魏牌 摩卡新能源 2024款 Hi4 四驱长续航版,2024,插电混动,长城汽车,中型SUV,23.88,23.88万,,,1499.0,1.5,涡轮增压,直列,4.0,米勒循环,170.0,125.0,,245.0,,插电混动,92号(原93号),直喷,铝合金,国VI,DHT变速箱,4.0,混合动力专用变速箱(DHT),210.0,4.7,,五年或15万公里,永磁同步,230.0,520.0,80.0,170.0,,,,,三元锂电池,35.04,165.0,,首任车主不限年限/里程（责任免除条款以官方为准）,快充:0.43小时/慢充:6.0小时,30.0,4881,1960,1690,2915,,,,2245.0,SUV,5.0,5.0,,平开门,,,,,皮质,上下+前后,,,,,仿皮(选装真皮),,自动,,
sg27202,352.0,魏牌,,魏牌,sg27202,魏牌 摩卡新能源,pcauto_m140157,魏牌 摩卡新能源 2026款 Hi4 Max 四驱长续航,2026,插电混动,长城汽车,中型SUV,18.58,18.58万,,,1499.0,1.5,涡轮增压,直列,4.0,米勒循环,170.0,125.0,,245.0,,插电混动,92号(原93号),直喷,铝合金,国VI,DHT变速箱,4.0,混合动力专用变速箱(DHT),210.0,4.7,,五年或15万公里,永磁同步,230.0,520.0,80.0,170.0,,,,,三元锂电池,35.04,165.0,,首任车主不限年限/里程（责任免除条款以官方为准）,快充:0.43小时/慢充:6.0小时,30.0,4881,1960,1690,2915,,,,2245.0,SUV,5.0,5.0,,平开门,,,,,皮质,上下+前后,,,,,真皮,,自动,,
sg27231,999.0,福特,,福特,sg27231,福特电马,pcauto_m126374,福特电马 2024款 风潮版(长续航),2024,纯电动,长安福特,中型SUV,23.98,23.98万,,,,,,,,,,,,,,纯电动,,,,,固定齿比,1.0,固定齿比,180.0,6.3,,四年或10万公里,永磁同步,198.0,430.0,,,,,,,磷酸铁锂电池,78.2,609.0,13.7,八年或16万公里,快充:0.48小时/慢充:6.2小时,80.0,4730,1886,1621,2984,,,,1956.0,SUV,5.0,5.0,,平开门,,,,,皮质,上下+前后,,,,,仿皮,,自动,,
sg27251,6243.0,大众,1.0,大众,4894,ID.6 X,88868,升级款纯净版,2023,纯电动,上汽大众,中大型SUV,25.9888,25.9888万,23.43万,18.99万,,,,,,,,,,,,纯电动,,,,,电动车单速变速箱,1.0,固定齿比变速箱,160.0,,,3年或10万公里,永磁/同步,132.0,310.0,,,132.0,310.0,,,,,460.0,,80,,,4876,1848,1680,2965,1587.0,1563.0,,2150.0,SUV,5.0,7.0,202.0,平开门,主 / 副,前 / 后,,主 / 副,,上下+前后,大屏,USB/Type-C,,46243,仿皮,前 / 后,自动,46243,纯电动
sg27301,4991.0,哈弗,,哈弗,sg27301,哈弗赤兔,pcauto_m121209,哈弗赤兔 2023款 1.5T 先锋型,2023,燃油,长城汽车,紧凑型SUV,8.28,8.28万,,,1499.0,1.5,涡轮增压,直列,4.0,,150.0,110.0,,218.0,,汽油,92号(原93号),直喷,铝合金,国VI,湿式双离合,7.0,湿式双离合变速箱,,7.7,,三年或10万公里,,,,,,,,,,,,,,,,,4450,1841,1625,2700,,,,1470.0,SUV,5.0,5.0,,平开门,,,,,塑料,上下,,,,,仿皮,,手动,,
sg2734,259339.0,丰田,5.0,丰田,542,卡罗拉,110758,1.5L CVT先锋版,2022,燃油,一汽丰田,紧凑型车,11.68,11.68万,7.21万,11.68万,1490.0,1.5,自然吸气,L,3.0,,121.0,89.0,6500.0,148.0,4600,汽油,92#,缸内直喷,铝,国VI b,CVT无级变速(模拟10挡),,无级变速箱(CVT),180.0,,5.41,3年或10万公里,,,,,,,,,,,,,,,,,4635,1780,1435,2700,1531.0,1519.0,,1310.0,三厢车,4.0,5.0,470.0,平开门,主 / 副,前 / 后,,主 / 副,,上下+前后,大屏,USB/Type-C,,46117,织物,前 / 后,手动,46117,燃油
sg2734,183199.0,丰田,5.0,丰田,542,卡罗拉,110758,1.5L CVT先锋版,2023,燃油,一汽丰田,紧凑型车,11.68,11.68万,7.21万,11.68万,1490.0,1.5,自然吸气,L,3.0,,121.0,89.0,6500.0,148.0,4600,汽油,92#,缸内直喷,铝,国VI b,CVT无级变速(模拟10挡),,无级变速箱(CVT),180.0,,5.41,3年或10万公里,,,,,,,,,,,,,,,,,4635,1780,1435,2700,1531.0,1519.0,,1310.0,三厢车,4.0,5.0,470.0,平开门,主 / 副,前 / 后,,主 / 副,,上下+前后,大屏,USB/Type-C,,46117,织物,前 / 后,手动,46117,燃油
sg2734,114216.0,丰田,5.0,丰田,542,卡罗拉,110758,1.5L CVT先锋版,2024,燃油,一汽丰田,紧凑型车,11.68,11.68万,7.21万,11.68万,1490.0,1.5,自然吸气,L,3.0,,121.0,89.0,6500.0,148.0,4600,汽油,92#,缸内直喷,铝,国VI b,CVT无级变速(模拟10挡),,无级变速箱(CVT),180.0,,5.41,3年或10万公里,,,,,,,,,,,,,,,,,4635,1780,1435,2700,1531.0,1519.0,,1310.0,三厢车,4.0,5.0,470.0,平开门,主 / 副,前 / 后,,主 / 副,,上下+前后,大屏,USB/Type-C,,46117,织物,前 / 后,手动,46117,燃油
sg2734,93239.0,丰田,5.0,丰田,542,卡罗拉,254170,1.2T S-CVT先锋版,2025,燃油,一汽丰田,紧凑型车,12.28,12.28万,9.41万,12.28万,1197.0,1.2,涡轮增压,L,4.0,VVT-iW,116.0,85.0,5200.0,185.0,1500,汽油,92#,缸内直喷,铝,国VI b,CVT无级变速(模拟10挡),,无级变速箱(CVT),180.0,,5.88,3年或10万公里,,,,,,,,,,,,,,,,,4635,1780,1455,2700,1527.0,1526.0,,1335.0,三厢车,4.0,5.0,470.0,平开门,主 / 副,前 / 后,,主 / 副,,上下+前后,大屏,USB/Type-C,,46117,织物,前 / 后,手动,46117,燃油
sg2734,31428.0,丰田,5.0,丰田,542,卡罗拉,254664,1.2T S-CVT先锋版,2026,燃油,一汽丰田,紧凑型车,11.88,11.88万,8.16万,8.08万,1197.0,1.2,涡轮增压,L,4.0,VVT-iW,116.0,85.0,5600.0,185.0,4000,汽油,92#,缸内直喷,铝,国VI b,CVT无级变速(模拟10挡),,无级变速箱(CVT),180.0,,5.88,3年或10万公里,,,,,,,,,,,,,,,,,4635,1780,1455,2700,1527.0,1526.0,,1335.0,三厢车,4.0,5.0,470.0,平开门,主 / 副,前 / 后,,主 / 副,,上下+前后,大屏,USB/Type-C,,46117,织物,前 / 后,手动,46117,燃油
sg27362,26008.0,大众,,大众,sg27362,ID.6 CROZZ,pcauto_m124903,ID.6 CROZZ 2024款 PURE版,2022,纯电动,一汽-大众,中大型SUV,20.59,20.59万,,,,,,,,,,,,,,纯电动,,,,,固定齿比,1.0,固定齿比,160.0,,,三年或10万公里(可选:六年或19万公里),永磁同步,132.0,310.0,,,,,,,三元锂电池,62.6,480.0,,八年或16万公里,快充:待定,,4891,1848,1679,2965,,,,2161.0,SUV,5.0,7.0,,平开门,,,,,皮质,上下+前后,,,,,皮/织物混搭,,自动,,
sg27362,11059.0,大众,,大众,sg27362,ID.6 CROZZ,pcauto_m124903,ID.6 CROZZ 2024款 PURE版,2023,纯电动,一汽-大众,中大型SUV,20.59,20.59万,,,,,,,,,,,,,,纯电动,,,,,固定齿比,1.0,固定齿比,160.0,,,三年或10万公里(可选:六年或19万公里),永磁同步,132.0,310.0,,,,,,,三元锂电池,62.6,480.0,,八年或16万公里,快充:待定,,4891,1848,1679,2965,,,,2161.0,SUV,5.0,7.0,,平开门,,,,,皮质,上下+前后,,,,,皮/织物混搭,,自动,,
sg27362,4281.0,大众,,大众,sg27362,ID.6 CROZZ,pcauto_m124903,ID.6 CROZZ 2024款 PURE版,2024,纯电动,一汽-大众,中大型SUV,20.59,20.59万,,,,,,,,,,,,,,纯电动,,,,,固定齿比,1.0,固定齿比,160.0,,,三年或10万公里(可选:六年或19万公里),永磁同步,132.0,310.0,,,,,,,三元锂电池,62.6,480.0,,八年或16万公里,快充:待定,,4891,1848,1679,2965,,,,2161.0,SUV,5.0,7.0,,平开门,,,,,皮质,上下+前后,,,,,皮/织物混搭,,自动,,
sg27362,881.0,大众,,大众,sg27362,ID.6 CROZZ,pcauto_m124903,ID.6 CROZZ 2024款 PURE版,2025,纯电动,一汽-大众,中大型SUV,20.59,20.59万,,,,,,,,,,,,,,纯电动,,,,,固定齿比,1.0,固定齿比,160.0,,,三年或10万公里(可选:六年或19万公里),永磁同步,132.0,310.0,,,,,,,三元锂电池,62.6,480.0,,八年或16万公里,快充:待定,,4891,1848,1679,2965,,,,2161.0,SUV,5.0,7.0,,平开门,,,,,皮质,上下+前后,,,,,皮/织物混搭,,自动,,
sg27362,1.0,大众,,大众,sg27362,ID.6 CROZZ,pcauto_m124903,ID.6 CROZZ 2024款 PURE版,2026,纯电动,一汽-大众,中大型SUV,20.59,20.59万,,,,,,,,,,,,,,纯电动,,,,,固定齿比,1.0,固定齿比,160.0,,,三年或10万公里(可选:六年或19万公里),永磁同步,132.0,310.0,,,,,,,三元锂电池,62.6,480.0,,八年或16万公里,快充:待定,,4891,1848,1679,2965,,,,2161.0,SUV,5.0,7.0,,平开门,,,,,皮质,上下+前后,,,,,皮/织物混搭,,自动,,
sg27363,,起亚,13.0,起亚,4943,起亚EV6,90540,GT-Line,2023,纯电动,起亚(进口),紧凑型SUV,28.28,28.28万,28.28万,28.28万,,,,,,,,,,,,纯电动,,,,,电动车单速变速箱,1.0,固定齿比变速箱,185.0,7.3,,5年或10万公里,永磁/同步,168.0,350.0,,,168.0,350.0,,,,,671.0,,,,,4695,1890,1575,2900,,,160.0,1995.0,SUV,5.0,5.0,,平开门,主 / 副,前 / 后,,主 / 副,,上下+前后,,USB/Type-C,,46180,仿皮,前 / 后,自动,46180,纯电动
sg27393,47404.0,丰田,5.0,丰田,4840,皇冠陆放,252961,智能电混双擎 2.5L E-CVT两驱豪华版,2022,插电混动,一汽丰田,中型SUV,28.48,28.48万,23.22万,23.28万,2487.0,2.5,自然吸气,L,4.0,"VVT-iE,VVT-i",189.0,139.0,6000.0,236.0,4200,油电混合,92#,混合喷射,铝,国VI,E-CVT无级变速,,电子无级变速箱(E-CVT),180.0,,5.82,3年或10万公里,永磁/同步,134.0,270.0,134.0,270.0,,,181.0,,,,,,,,,5015,1930,1750,2850,1655.0,1660.0,,2010.0,SUV,5.0,7.0,520.0,平开门,主 / 副,前 / 后,,主 / 副,,上下+前后,大屏,USB/Type-C,,46180,仿皮,前 / 后,自动,46180,插电混动
sg27393,48241.0,丰田,5.0,丰田,4840,皇冠陆放,252961,智能电混双擎 2.5L E-CVT两驱豪华版,2023,插电混动,一汽丰田,中型SUV,28.48,28.48万,23.22万,23.28万,2487.0,2.5,自然吸气,L,4.0,"VVT-iE,VVT-i",189.0,139.0,6000.0,236.0,4200,油电混合,92#,混合喷射,铝,国VI,E-CVT无级变速,,电子无级变速箱(E-CVT),180.0,,5.82,3年或10万公里,永磁/同步,134.0,270.0,134.0,270.0,,,181.0,,,,,,,,,5015,1930,1750,2850,1655.0,1660.0,,2010.0,SUV,5.0,7.0,520.0,平开门,主 / 副,前 / 后,,主 / 副,,上下+前后,大屏,USB/Type-C,,46180,仿皮,前 / 后,自动,46180,插电混动
sg27393,52672.0,丰田,5.0,丰田,4840,皇冠陆放,252961,智能电混双擎 2.5L E-CVT两驱豪华版,2024,插电混动,一汽丰田,中型SUV,28.48,28.48万,23.22万,23.28万,2487.0,2.5,自然吸气,L,4.0,"VVT-iE,VVT-i",189.0,139.0,6000.0,236.0,4200,油电混合,92#,混合喷射,铝,国VI,E-CVT无级变速,,电子无级变速箱(E-CVT),180.0,,5.82,3年或10万公里,永磁/同步,134.0,270.0,134.0,270.0,,,181.0,,,,,,,,,5015,1930,1750,2850,1655.0,1660.0,,2010.0,SUV,5.0,7.0,520.0,平开门,主 / 副,前 / 后,,主 / 副,,上下+前后,大屏,USB/Type-C,,46180,仿皮,前 / 后,自动,46180,插电混动
sg27393,59902.0,丰田,5.0,丰田,4840,皇冠陆放,252961,智能电混双擎 2.5L E-CVT两驱豪华版,2025,插电混动,一汽丰田,中型SUV,28.48,28.48万,23.22万,23.28万,2487.0,2.5,自然吸气,L,4.0,"VVT-iE,VVT-i",189.0,139.0,6000.0,236.0,4200,油电混合,92#,混合喷射,铝,国VI,E-CVT无级变速,,电子无级变速箱(E-CVT),180.0,,5.82,3年或10万公里,永磁/同步,134.0,270.0,134.0,270.0,,,181.0,,,,,,,,,5015,1930,1750,2850,1655.0,1660.0,,2010.0,SUV,5.0,7.0,520.0,平开门,主 / 副,前 / 后,,主 / 副,,上下+前后,大屏,USB/Type-C,,46180,仿皮,前 / 后,自动,46180,插电混动
sg27393,20987.0,丰田,5.0,丰田,4840,皇冠陆放,252961,智能电混双擎 2.5L E-CVT两驱豪华版,2026,插电混动,一汽丰田,中型SUV,28.48,28.48万,23.22万,23.28万,2487.0,2.5,自然吸气,L,4.0,"VVT-iE,VVT-i",189.0,139.0,6000.0,236.0,4200,油电混合,92#,混合喷射,铝,国VI,E-CVT无级变速,,电子无级变速箱(E-CVT),180.0,,5.82,3年或10万公里,永磁/同步,134.0,270.0,134.0,270.0,,,181.0,,,,,,,,,5015,1930,1750,2850,1655.0,1660.0,,2010.0,SUV,5.0,7.0,520.0,平开门,主 / 副,前 / 后,,主 / 副,,上下+前后,大屏,USB/Type-C,,46180,仿皮,前 / 后,自动,46180,插电混动
sg27402,589.0,飞凡汽车,401.0,飞凡汽车,4980,飞凡R7,249438,都市版,2025,纯电动,飞凡汽车,中大型SUV,17.99,17.99万,暂无报价,15.99万,,,,,,,,,,,,纯电动,,,,,电动车单速变速箱,1.0,固定齿比变速箱,200.0,8.4,,5年或12万公里,永磁/同步,150.0,350.0,,,150.0,350.0,,,,,500.0,,80,,,4910,1925,1655,2950,1620.0,1600.0,,2040.0,SUV,5.0,5.0,491.0,平开门,主 / 副,前 / 后,,主 / 副,,上下+前后,大屏,USB/Type-C,,12以上,仿皮,前 / 后,自动,12以上,纯电动
sg27403,11394.0,比亚迪,,比亚迪,sg27403,元Pro,pcauto_m120866,元Pro 2023款 320KM 豪华型,2023,纯电动,比亚迪,小型SUV,9.58,9.58万,,,,,,,,,,,,,,纯电动,,,,,固定齿比,1.0,固定齿比,,,,六年或15万公里,永磁同步,70.0,180.0,70.0,180.0,,,,,磷酸铁锂电池,38.0,320.0,,首任车主不限年限/不限里程(详情官网),快充:0.5小时/慢充:待定,80.0,4375,1785,1680,2535,,,,,SUV,5.0,5.0,,平开门,,,,,塑料,上下,,,,,仿皮,,自动,,
sg27421,71941.0,极氪,,极氪,sg27421,极氪001,pcauto_m137155,极氪001 2026款 95度四驱 Max版,2022,纯电动,极氪,中大型车,26.98,26.98万,,,,,,,,,,,,,,纯电动,,,,,固定齿比,1.0,固定齿比,280.0,3.08,,四年或10万公里,前感应异步 后永磁同步,680.0,913.0,310.0,378.0,,,,,磷酸铁锂电池,95.0,710.0,,首任车主不限年限/里程(责任免除条款以官方为准),快充:0.12小时/慢充:待定,10.0,4977,1999,1545,3005,,,,2470.0,掀背车,5.0,5.0,,平开门,,,,,真皮,上下+前后,,,,,真皮,,自动,,
sg27421,76246.0,极氪,,极氪,sg27421,极氪001,pcauto_m137155,极氪001 2026款 95度四驱 Max版,2023,纯电动,极氪,中大型车,26.98,26.98万,,,,,,,,,,,,,,纯电动,,,,,固定齿比,1.0,固定齿比,280.0,3.08,,四年或10万公里,前感应异步 后永磁同步,680.0,913.0,310.0,378.0,,,,,磷酸铁锂电池,95.0,710.0,,首任车主不限年限/里程(责任免除条款以官方为准),快充:0.12小时/慢充:待定,10.0,4977,1999,1545,3005,,,,2470.0,掀背车,5.0,5.0,,平开门,,,,,真皮,上下+前后,,,,,真皮,,自动,,
sg27421,99984.0,极氪,,极氪,sg27421,极氪001,pcauto_m137155,极氪001 2026款 95度四驱 Max版,2024,纯电动,极氪,中大型车,26.98,26.98万,,,,,,,,,,,,,,纯电动,,,,,固定齿比,1.0,固定齿比,280.0,3.08,,四年或10万公里,前感应异步 后永磁同步,680.0,913.0,310.0,378.0,,,,,磷酸铁锂电池,95.0,710.0,,首任车主不限年限/里程(责任免除条款以官方为准),快充:0.12小时/慢充:待定,10.0,4977,1999,1545,3005,,,,2470.0,掀背车,5.0,5.0,,平开门,,,,,真皮,上下+前后,,,,,真皮,,自动,,
sg27421,41580.0,极氪,,极氪,sg27421,极氪001,pcauto_m137155,极氪001 2026款 95度四驱 Max版,2025,纯电动,极氪,中大型车,26.98,26.98万,,,,,,,,,,,,,,纯电动,,,,,固定齿比,1.0,固定齿比,280.0,3.08,,四年或10万公里,前感应异步 后永磁同步,680.0,913.0,310.0,378.0,,,,,磷酸铁锂电池,95.0,710.0,,首任车主不限年限/里程(责任免除条款以官方为准),快充:0.12小时/慢充:待定,10.0,4977,1999,1545,3005,,,,2470.0,掀背车,5.0,5.0,,平开门,,,,,真皮,上下+前后,,,,,真皮,,自动,,
sg27421,15002.0,极氪,,极氪,sg27421,极氪001,pcauto_m137155,极氪001 2026款 95度四驱 Max版,2026,纯电动,极氪,中大型车,26.98,26.98万,,,,,,,,,,,,,,纯电动,,,,,固定齿比,1.0,固定齿比,280.0,3.08,,四年或10万公里,前感应异步 后永磁同步,680.0,913.0,310.0,378.0,,,,,磷酸铁锂电池,95.0,710.0,,首任车主不限年限/里程(责任免除条款以官方为准),快充:0.12小时/慢充:待定,10.0,4977,1999,1545,3005,,,,2470.0,掀背车,5.0,5.0,,平开门,,,,,真皮,上下+前后,,,,,真皮,,自动,,
sg27422,4498.0,小虎,429.0,小虎,5014,小虎FEV,73157,FOR-Two小乖虎 三元锂,2022,纯电动,宏瑞汽车,微型车,4.19,4.19万,暂无报价,4.19万,,,,,,,,,,,,纯电动,,,,,电动车单速变速箱,1.0,固定齿比变速箱,100.0,,,3年或6万公里,永磁/同步,30.0,90.0,,,30.0,90.0,,,,,170.0,,,,,2920,1499,1610,1980,1310.0,1310.0,150.0,680.0,两厢车,3.0,2.0,,平开门,主 / 副,前 / 后,,主 / 副,,,,USB/Type-C,,46056,仿皮,前 / 后,手动,46056,纯电动
sg27422,979.0,小虎,429.0,小虎,5014,小虎FEV,73157,FOR-Two小乖虎 三元锂,2023,纯电动,宏瑞汽车,微型车,4.19,4.19万,暂无报价,4.19万,,,,,,,,,,,,纯电动,,,,,电动车单速变速箱,1.0,固定齿比变速箱,100.0,,,3年或6万公里,永磁/同步,30.0,90.0,,,30.0,90.0,,,,,170.0,,,,,2920,1499,1610,1980,1310.0,1310.0,150.0,680.0,两厢车,3.0,2.0,,平开门,主 / 副,前 / 后,,主 / 副,,,,USB/Type-C,,46056,仿皮,前 / 后,手动,46056,纯电动
sg27422,493.0,小虎,429.0,小虎,5014,小虎FEV,73157,FOR-Two小乖虎 三元锂,2024,纯电动,宏瑞汽车,微型车,4.19,4.19万,暂无报价,4.19万,,,,,,,,,,,,纯电动,,,,,电动车单速变速箱,1.0,固定齿比变速箱,100.0,,,3年或6万公里,永磁/同步,30.0,90.0,,,30.0,90.0,,,,,170.0,,,,,2920,1499,1610,1980,1310.0,1310.0,150.0,680.0,两厢车,3.0,2.0,,平开门,主 / 副,前 / 后,,主 / 副,,,,USB/Type-C,,46056,仿皮,前 / 后,手动,46056,纯电动
sg27431,1972.0,大通,,大通,sg27431,大家9,pcauto_m135411,大家9 2025款 超混 超长续航版 行政版 七座,2022,插电混动,大通,MPV,26.99,26.99万,,,1496.0,1.5,涡轮增压,直列,4.0,,150.0,110.0,,235.0,,插电混动,92号(原93号),直喷,铝合金,国VI,DHT变速箱,1.0,混合动力专用变速箱(DHT),180.0,,,三年或10万公里,永磁同步,176.0,390.0,176.0,390.0,,,,,三元锂电池,39.7,175.0,21.7,八年或15万公里(首任车主不限年限/不限里程，责任免除条款以官方为准),快充:0.5小时/慢充:待定,,5270,2000,1848,3200,,,,2440.0,MPV,5.0,6.0,,平开门+侧滑门,,,,,皮质,上下+前后,,,,,仿皮,,自动,,
sg27431,3348.0,大通,,大通,sg27431,大家9,pcauto_m135411,大家9 2025款 超混 超长续航版 行政版 七座,2023,插电混动,大通,MPV,26.99,26.99万,,,1496.0,1.5,涡轮增压,直列,4.0,,150.0,110.0,,235.0,,插电混动,92号(原93号),直喷,铝合金,国VI,DHT变速箱,1.0,混合动力专用变速箱(DHT),180.0,,,三年或10万公里,永磁同步,176.0,390.0,176.0,390.0,,,,,三元锂电池,39.7,175.0,21.7,八年或15万公里(首任车主不限年限/不限里程，责任免除条款以官方为准),快充:0.5小时/慢充:待定,,5270,2000,1848,3200,,,,2440.0,MPV,5.0,6.0,,平开门+侧滑门,,,,,皮质,上下+前后,,,,,仿皮,,自动,,
sg27431,2610.0,大通,,大通,sg27431,大家9,pcauto_m135411,大家9 2025款 超混 超长续航版 行政版 七座,2024,插电混动,大通,MPV,26.99,26.99万,,,1496.0,1.5,涡轮增压,直列,4.0,,150.0,110.0,,235.0,,插电混动,92号(原93号),直喷,铝合金,国VI,DHT变速箱,1.0,混合动力专用变速箱(DHT),180.0,,,三年或10万公里,永磁同步,176.0,390.0,176.0,390.0,,,,,三元锂电池,39.7,175.0,21.7,八年或15万公里(首任车主不限年限/不限里程，责任免除条款以官方为准),快充:0.5小时/慢充:待定,,5270,2000,1848,3200,,,,2440.0,MPV,5.0,6.0,,平开门+侧滑门,,,,,皮质,上下+前后,,,,,仿皮,,自动,,
sg27431,1754.0,大通,,大通,sg27431,大家9,pcauto_m135411,大家9 2025款 超混 超长续航版 行政版 七座,2025,插电混动,大通,MPV,26.99,26.99万,,,1496.0,1.5,涡轮增压,直列,4.0,,150.0,110.0,,235.0,,插电混动,92号(原93号),直喷,铝合金,国VI,DHT变速箱,1.0,混合动力专用变速箱(DHT),180.0,,,三年或10万公里,永磁同步,176.0,390.0,176.0,390.0,,,,,三元锂电池,39.7,175.0,21.7,八年或15万公里(首任车主不限年限/不限里程，责任免除条款以官方为准),快充:0.5小时/慢充:待定,,5270,2000,1848,3200,,,,2440.0,MPV,5.0,6.0,,平开门+侧滑门,,,,,皮质,上下+前后,,,,,仿皮,,自动,,
sg27431,651.0,大通,,大通,sg27431,大家9,pcauto_m135411,大家9 2025款 超混 超长续航版 行政版 七座,2026,插电混动,大通,MPV,26.99,26.99万,,,1496.0,1.5,涡轮增压,直列,4.0,,150.0,110.0,,235.0,,插电混动,92号(原93号),直喷,铝合金,国VI,DHT变速箱,1.0,混合动力专用变速箱(DHT),180.0,,,三年或10万公里,永磁同步,176.0,390.0,176.0,390.0,,,,,三元锂电池,39.7,175.0,21.7,八年或15万公里(首任车主不限年限/不限里程，责任免除条款以官方为准),快充:0.5小时/慢充:待定,,5270,2000,1848,3200,,,,2440.0,MPV,5.0,6.0,,平开门+侧滑门,,,,,皮质,上下+前后,,,,,仿皮,,自动,,
sg27432,4581.0,本田,,本田,sg27432,皓影新能源,pcauto_m131031,皓影新能源 2025款 e:PHEV 尊贵型,2022,插电混动,广汽本田,紧凑型SUV,22.59,22.59万,,,1993.0,2.0,自然吸气,直列,4.0,i-VTEC,150.0,110.0,,183.0,,插电混动,92号(原93号),直喷,铝合金,国VI,电子无级变速箱,,电子无级变速箱(E-CVT),193.0,,,三年或10万公里,永磁同步,135.0,335.0,135.0,335.0,,,,,锂离子电池,17.7,73.0,,八年或15万公里,,,4716,1866,1681,2701,,,,1897.0,SUV,5.0,5.0,,平开门,,,,,塑料,上下+前后,,,,,织物,,自动,,
sg27432,5902.0,本田,,本田,sg27432,皓影新能源,pcauto_m131031,皓影新能源 2025款 e:PHEV 尊贵型,2023,插电混动,广汽本田,紧凑型SUV,22.59,22.59万,,,1993.0,2.0,自然吸气,直列,4.0,i-VTEC,150.0,110.0,,183.0,,插电混动,92号(原93号),直喷,铝合金,国VI,电子无级变速箱,,电子无级变速箱(E-CVT),193.0,,,三年或10万公里,永磁同步,135.0,335.0,135.0,335.0,,,,,锂离子电池,17.7,73.0,,八年或15万公里,,,4716,1866,1681,2701,,,,1897.0,SUV,5.0,5.0,,平开门,,,,,塑料,上下+前后,,,,,织物,,自动,,
sg27432,2317.0,本田,,本田,sg27432,皓影新能源,pcauto_m131031,皓影新能源 2025款 e:PHEV 尊贵型,2024,插电混动,广汽本田,紧凑型SUV,22.59,22.59万,,,1993.0,2.0,自然吸气,直列,4.0,i-VTEC,150.0,110.0,,183.0,,插电混动,92号(原93号),直喷,铝合金,国VI,电子无级变速箱,,电子无级变速箱(E-CVT),193.0,,,三年或10万公里,永磁同步,135.0,335.0,135.0,335.0,,,,,锂离子电池,17.7,73.0,,八年或15万公里,,,4716,1866,1681,2701,,,,1897.0,SUV,5.0,5.0,,平开门,,,,,塑料,上下+前后,,,,,织物,,自动,,
sg27432,2540.0,本田,,本田,sg27432,皓影新能源,pcauto_m131031,皓影新能源 2025款 e:PHEV 尊贵型,2025,插电混动,广汽本田,紧凑型SUV,22.59,22.59万,,,1993.0,2.0,自然吸气,直列,4.0,i-VTEC,150.0,110.0,,183.0,,插电混动,92号(原93号),直喷,铝合金,国VI,电子无级变速箱,,电子无级变速箱(E-CVT),193.0,,,三年或10万公里,永磁同步,135.0,335.0,135.0,335.0,,,,,锂离子电池,17.7,73.0,,八年或15万公里,,,4716,1866,1681,2701,,,,1897.0,SUV,5.0,5.0,,平开门,,,,,塑料,上下+前后,,,,,织物,,自动,,
sg27432,404.0,本田,,本田,sg27432,皓影新能源,pcauto_m131031,皓影新能源 2025款 e:PHEV 尊贵型,2026,插电混动,广汽本田,紧凑型SUV,22.59,22.59万,,,1993.0,2.0,自然吸气,直列,4.0,i-VTEC,150.0,110.0,,183.0,,插电混动,92号(原93号),直喷,铝合金,国VI,电子无级变速箱,,电子无级变速箱(E-CVT),193.0,,,三年或10万公里,永磁同步,135.0,335.0,135.0,335.0,,,,,锂离子电池,17.7,73.0,,八年或15万公里,,,4716,1866,1681,2701,,,,1897.0,SUV,5.0,5.0,,平开门,,,,,塑料,上下+前后,,,,,织物,,自动,,
sg27442,37825.0,小鹏,,小鹏,sg27442,小鹏P5,pcauto_m125150,小鹏P5 2024款 500 Plus,2022,纯电动,小鹏,紧凑型车,15.69,15.69万,,,,,,,,,,,,,,纯电动,,,,,固定齿比,1.0,固定齿比,170.0,7.5,,四年或10万公里,永磁同步,155.0,310.0,155.0,310.0,,,,,磷酸铁锂电池,55.4,500.0,12.9,八年或15万公里,快充:0.5小时/慢充:待定,80.0,4860,1840,1520,2768,,,,1725.0,三厢车,4.0,5.0,,平开门,,,,,真皮,上下+前后,,,,,仿皮,,自动,,
sg27442,20089.0,小鹏,,小鹏,sg27442,小鹏P5,pcauto_m125150,小鹏P5 2024款 500 Plus,2023,纯电动,小鹏,紧凑型车,15.69,15.69万,,,,,,,,,,,,,,纯电动,,,,,固定齿比,1.0,固定齿比,170.0,7.5,,四年或10万公里,永磁同步,155.0,310.0,155.0,310.0,,,,,磷酸铁锂电池,55.4,500.0,12.9,八年或15万公里,快充:0.5小时/慢充:待定,80.0,4860,1840,1520,2768,,,,1725.0,三厢车,4.0,5.0,,平开门,,,,,真皮,上下+前后,,,,,仿皮,,自动,,
sg27442,4730.0,小鹏,,小鹏,sg27442,小鹏P5,pcauto_m125150,小鹏P5 2024款 500 Plus,2024,纯电动,小鹏,紧凑型车,15.69,15.69万,,,,,,,,,,,,,,纯电动,,,,,固定齿比,1.0,固定齿比,170.0,7.5,,四年或10万公里,永磁同步,155.0,310.0,155.0,310.0,,,,,磷酸铁锂电池,55.4,500.0,12.9,八年或15万公里,快充:0.5小时/慢充:待定,80.0,4860,1840,1520,2768,,,,1725.0,三厢车,4.0,5.0,,平开门,,,,,真皮,上下+前后,,,,,仿皮,,自动,,
sg27451,15836.0,现代,11.0,现代,5034,库斯途,101208,270TGDi GLS 领先版,2022,燃油,北京现代,中大型MPV,17.18,17.18万,12.11万,12.88万,1497.0,1.5,涡轮增压,L,4.0,,170.0,125.0,5500.0,253.0,1500,汽油,92#,缸内直喷,铝,国VI,8挡自动,8.0,自动变速箱(AT),200.0,,,可选：3年或15万公里/5年或10万公里/7年或7万公里,,,,,,,,,,,,,,,,,4950,1850,1734,3055,1607.0,1632.0,121.0,1635.0,MPV,5.0,7.0,262.0,侧滑门,主 / 副,前 / 后,,主 / 副,,上下,大屏,USB/Type-C,,46117,仿皮,前 / 后,自动,46117,燃油
sg27451,12926.0,现代,11.0,现代,5034,库斯途,101208,270TGDi GLS 领先版,2023,燃油,北京现代,中大型MPV,17.18,17.18万,12.11万,12.88万,1497.0,1.5,涡轮增压,L,4.0,,170.0,125.0,5500.0,253.0,1500,汽油,92#,缸内直喷,铝,国VI,8挡自动,8.0,自动变速箱(AT),200.0,,,可选：3年或15万公里/5年或10万公里/7年或7万公里,,,,,,,,,,,,,,,,,4950,1850,1734,3055,1607.0,1632.0,121.0,1635.0,MPV,5.0,7.0,262.0,侧滑门,主 / 副,前 / 后,,主 / 副,,上下,大屏,USB/Type-C,,46117,仿皮,前 / 后,自动,46117,燃油
sg27451,10379.0,现代,11.0,现代,5034,库斯途,101208,270TGDi GLS 领先版,2024,燃油,北京现代,中大型MPV,17.18,17.18万,12.11万,12.88万,1497.0,1.5,涡轮增压,L,4.0,,170.0,125.0,5500.0,253.0,1500,汽油,92#,缸内直喷,铝,国VI,8挡自动,8.0,自动变速箱(AT),200.0,,,可选：3年或15万公里/5年或10万公里/7年或7万公里,,,,,,,,,,,,,,,,,4950,1850,1734,3055,1607.0,1632.0,121.0,1635.0,MPV,5.0,7.0,262.0,侧滑门,主 / 副,前 / 后,,主 / 副,,上下,大屏,USB/Type-C,,46117,仿皮,前 / 后,自动,46117,燃油
sg27451,16968.0,现代,11.0,现代,5034,库斯途,101208,270TGDi GLS 领先版,2025,燃油,北京现代,中大型MPV,17.18,17.18万,12.11万,12.88万,1497.0,1.5,涡轮增压,L,4.0,,170.0,125.0,5500.0,253.0,1500,汽油,92#,缸内直喷,铝,国VI,8挡自动,8.0,自动变速箱(AT),200.0,,,可选：3年或15万公里/5年或10万公里/7年或7万公里,,,,,,,,,,,,,,,,,4950,1850,1734,3055,1607.0,1632.0,121.0,1635.0,MPV,5.0,7.0,262.0,侧滑门,主 / 副,前 / 后,,主 / 副,,上下,大屏,USB/Type-C,,46117,仿皮,前 / 后,自动,46117,燃油
sg27451,8301.0,现代,11.0,现代,5034,库斯途,101208,270TGDi GLS 领先版,2026,燃油,北京现代,中大型MPV,17.18,17.18万,12.11万,12.88万,1497.0,1.5,涡轮增压,L,4.0,,170.0,125.0,5500.0,253.0,1500,汽油,92#,缸内直喷,铝,国VI,8挡自动,8.0,自动变速箱(AT),200.0,,,可选：3年或15万公里/5年或10万公里/7年或7万公里,,,,,,,,,,,,,,,,,4950,1850,1734,3055,1607.0,1632.0,121.0,1635.0,MPV,5.0,7.0,262.0,侧滑门,主 / 副,前 / 后,,主 / 副,,上下,大屏,USB/Type-C,,46117,仿皮,前 / 后,自动,46117,燃油
sg27453,54506.0,五菱,39.0,五菱汽车,sg27453,五菱星辰,88087,1.5T 手动星悦版,2021,燃油,上汽通用五菱,紧凑型SUV,6.88,6.88万,6.31万,6.88万,1451.0,1.5,涡轮增压,L,4.0,DVVT,147.0,108.0,5200.0,250.0,2200,汽油,92#,多点电喷,铁,国VI,6挡手动,6.0,手动变速箱(MT),170.0,,7.1,3年或10万公里,,,,,,,,,,,,,,,,,4594,1820,1740,2750,1554.0,1549.0,,1415.0,SUV,5.0,5.0,,平开门,主 / 副,前 / 后,,主 / 副,,上下,大屏,USB/Type-C,,46117,织物,前 / 后,手动,46117,燃油
sg27453,83373.0,五菱,39.0,五菱汽车,sg27453,五菱星辰,77309,2.0L DHT电劲款,2022,插电混动,上汽通用五菱,紧凑型SUV,9.98,9.98万,9.67万,9.98万,1999.0,2.0,自然吸气,L,4.0,DVVT,136.0,100.0,5600.0,175.0,4000,油电混合,92#,多点电喷,铝,国VI,1挡DHT,1.0,,145.0,,,3年或10万公里,永磁/同步,130.0,320.0,130.0,320.0,,,,,,,,,,,,4594,1820,1740,2750,1554.0,1549.0,,1595.0,SUV,5.0,5.0,,平开门,主 / 副,前 / 后,,主 / 副,,上下,大屏,USB/Type-C,,46117,仿皮,前 / 后,手动,46117,插电混动
sg27455,346.0,凯翼,142.0,凯翼,5033,轩度,90690,1.5T 手动舒适版,2024,燃油,凯翼汽车,紧凑型车,7.98,7.98万,暂无报价,7.98万,1498.0,1.5,涡轮增压,L,4.0,,156.0,115.0,5500.0,230.0,1750,汽油,92#,多点电喷,铁,国VI b,5挡手动,5.0,手动变速箱(MT),195.0,,6.6,3年或10万公里,,,,,,,,,,,,,,,,,4666,1825,1483,2700,1550.0,1540.0,121.0,1366.0,三厢车,4.0,5.0,,平开门,主 / 副,前 / 后,,主 / 副,,上下,大屏,USB/Type-C,,46117,织物,前 / 后,手动,46117,燃油
sg27461,36100.0,雪铁龙,21.0,雪铁龙,5048,凡尔赛C5 X,99618,1.6T 享不凡,2022,燃油,东风雪铁龙,中型车,14.37,14.37万,11.38万,12.87万,1598.0,1.6,涡轮增压,L,4.0,CVVT连续可变正时系统和CVVL进气连续可变升程技术,175.0,129.0,5500.0,250.0,1750,汽油,92#,缸内直喷,铝,国VI,8挡手自一体,8.0,手自一体变速箱(AT),221.0,,6.44,5年或15万公里,,,,,,,,,,,,,,,,,4805,1865,1505,2785,1599.0,1604.0,,1505.0,掀背车,5.0,5.0,545.0,平开门,主 / 副,前 / 后,,主 / 副,,上下+前后,大屏,USB/Type-C,,46243,仿皮,前 / 后,自动,46243,燃油
sg27461,16272.0,雪铁龙,21.0,雪铁龙,5048,凡尔赛C5 X,99618,1.6T 享不凡,2023,燃油,东风雪铁龙,中型车,14.37,14.37万,11.38万,12.87万,1598.0,1.6,涡轮增压,L,4.0,CVVT连续可变正时系统和CVVL进气连续可变升程技术,175.0,129.0,5500.0,250.0,1750,汽油,92#,缸内直喷,铝,国VI,8挡手自一体,8.0,手自一体变速箱(AT),221.0,,6.44,5年或15万公里,,,,,,,,,,,,,,,,,4805,1865,1505,2785,1599.0,1604.0,,1505.0,掀背车,5.0,5.0,545.0,平开门,主 / 副,前 / 后,,主 / 副,,上下+前后,大屏,USB/Type-C,,46243,仿皮,前 / 后,自动,46243,燃油
sg27461,14975.0,雪铁龙,21.0,雪铁龙,5048,凡尔赛C5 X,99618,1.6T 享不凡,2024,燃油,东风雪铁龙,中型车,14.37,14.37万,11.38万,12.87万,1598.0,1.6,涡轮增压,L,4.0,CVVT连续可变正时系统和CVVL进气连续可变升程技术,175.0,129.0,5500.0,250.0,1750,汽油,92#,缸内直喷,铝,国VI,8挡手自一体,8.0,手自一体变速箱(AT),221.0,,6.44,5年或15万公里,,,,,,,,,,,,,,,,,4805,1865,1505,2785,1599.0,1604.0,,1505.0,掀背车,5.0,5.0,545.0,平开门,主 / 副,前 / 后,,主 / 副,,上下+前后,大屏,USB/Type-C,,46243,仿皮,前 / 后,自动,46243,燃油
sg27461,15960.0,雪铁龙,21.0,雪铁龙,5048,凡尔赛C5 X,249257,海外版,2025,燃油,东风雪铁龙,中型车,13.77,13.77万,9.94万,9.97万,1598.0,1.6,涡轮增压,L,4.0,CVVT连续可变正时系统和CVVL进气连续可变升程技术,175.0,129.0,5500.0,250.0,1750,汽油,92#,缸内直喷,铝,国VI,8挡手自一体,8.0,手自一体变速箱(AT),221.0,,6.44,3年或10万公里,,,,,,,,,,,,,,,,,4805,1865,1505,2785,1599.0,1604.0,,1445.0,掀背车,5.0,5.0,545.0,平开门,主 / 副,前 / 后,,主 / 副,,上下+前后,大屏,USB/Type-C,,46243,仿皮,前 / 后,自动,46243,燃油
sg27461,6400.0,雪铁龙,21.0,雪铁龙,5048,凡尔赛C5 X,257129,1.6T 悦不凡,2026,燃油,东风雪铁龙,中型车,14.17,14.17万,11.43万,11.37万,1598.0,1.6,涡轮增压,L,4.0,CVVT连续可变正时系统和CVVL进气连续可变升程技术,175.0,129.0,5500.0,250.0,1750,汽油,92#,缸内直喷,铝,国VI,8挡手自一体,8.0,手自一体变速箱(AT),221.0,,6.44,5年或15万公里,,,,,,,,,,,,,,,,,4805,1865,1505,2785,1599.0,1604.0,,1505.0,掀背车,5.0,5.0,545.0,平开门,主 / 副,前 / 后,,主 / 副,,上下+前后,大屏,USB/Type-C,,46243,仿皮,前 / 后,自动,46243,燃油
sg27471,13849.0,红旗,59.0,红旗,3801,红旗H5 PHEV,247051,130 超混版,2025,插电混动,一汽红旗,中型车,18.58,18.58万,13.46万,14.58万,1498.0,1.5,涡轮增压,L,4.0,,150.0,110.0,5500.0,225.0,2500,插电式混合动力,92#,缸内直喷,铝,国VI b,1挡DHT,1.0,,180.0,7.6,,4年或10万公里,永磁/同步,168.0,340.0,168.0,340.0,,,,,,,106.0,,,,,4988,1875,1500,2920,1615.0,1622.0,,1870.0,三厢车,4.0,5.0,500.0,平开门,主 / 副,前 / 后,,主 / 副,,上下+前后,,USB/Type-C,,46180,仿皮,前 / 后,自动,46180,插电混动
sg27471,4864.0,红旗,59.0,红旗,3801,红旗H5 PHEV,247051,130 超混版,2026,插电混动,一汽红旗,中型车,18.58,18.58万,13.46万,14.58万,1498.0,1.5,涡轮增压,L,4.0,,150.0,110.0,5500.0,225.0,2500,插电式混合动力,92#,缸内直喷,铝,国VI b,1挡DHT,1.0,,180.0,7.6,,4年或10万公里,永磁/同步,168.0,340.0,168.0,340.0,,,,,,,106.0,,,,,4988,1875,1500,2920,1615.0,1622.0,,1870.0,三厢车,4.0,5.0,500.0,平开门,主 / 副,前 / 后,,主 / 副,,上下+前后,,USB/Type-C,,46180,仿皮,前 / 后,自动,46180,插电混动
sg27472,37960.0,长安欧尚,,长安欧尚,sg27472,长安欧尚X7 PLUS,pcauto_m121790,长安欧尚X7 PLUS 2023款 畅享版 1.5T 手动家悦型,2023,燃油,长安欧尚,紧凑型SUV,9.39,9.39万,,,1494.0,1.5,涡轮增压,直列,4.0,DVVT,170.0,125.0,,260.0,,汽油,92号(原93号),直喷,铝合金,国VI,手动,6.0,手动,,,,三年或10万公里,,,,,,,,,,,,,,,,,4730,1870,1720,2786,,,,1500.0,SUV,5.0,5.0,,平开门,,,,,塑料,上下,,,,,仿皮,,手动,,
sg27476,6042.0,欧拉,238.0,欧拉,5053,欧拉闪电猫,79503,555km 豪华版,2022,纯电动,长城汽车,中型车,18.98,18.98万,17.69万,18.98万,,,,,,,,,,,,纯电动,,,,,电动车单速变速箱,1.0,固定齿比变速箱,170.0,,,5年或15万公里,永磁/同步,150.0,340.0,,,,,,,,,555.0,,,,,4871,1862,1500,2870,1583.0,1603.0,,1930.0,三厢车,4.0,5.0,,平开门,主 / 副,前 / 后,,主 / 副,,上下+前后,,USB/Type-C,,46306,仿皮,前 / 后,自动,46306,纯电动
sg27476,11771.0,欧拉,238.0,欧拉,5053,欧拉闪电猫,79503,555km 豪华版,2023,纯电动,长城汽车,中型车,18.98,18.98万,17.69万,18.98万,,,,,,,,,,,,纯电动,,,,,电动车单速变速箱,1.0,固定齿比变速箱,170.0,,,5年或15万公里,永磁/同步,150.0,340.0,,,,,,,,,555.0,,,,,4871,1862,1500,2870,1583.0,1603.0,,1930.0,三厢车,4.0,5.0,,平开门,主 / 副,前 / 后,,主 / 副,,上下+前后,,USB/Type-C,,46306,仿皮,前 / 后,自动,46306,纯电动
sg27476,2479.0,欧拉,238.0,欧拉,5053,欧拉闪电猫,79503,555km 豪华版,2024,纯电动,长城汽车,中型车,18.98,18.98万,17.69万,18.98万,,,,,,,,,,,,纯电动,,,,,电动车单速变速箱,1.0,固定齿比变速箱,170.0,,,5年或15万公里,永磁/同步,150.0,340.0,,,,,,,,,555.0,,,,,4871,1862,1500,2870,1583.0,1603.0,,1930.0,三厢车,4.0,5.0,,平开门,主 / 副,前 / 后,,主 / 副,,上下+前后,,USB/Type-C,,46306,仿皮,前 / 后,自动,46306,纯电动
sg27476,358.0,欧拉,238.0,欧拉,5053,欧拉闪电猫,79503,555km 豪华版,2025,纯电动,长城汽车,中型车,18.98,18.98万,17.69万,18.98万,,,,,,,,,,,,纯电动,,,,,电动车单速变速箱,1.0,固定齿比变速箱,170.0,,,5年或15万公里,永磁/同步,150.0,340.0,,,,,,,,,555.0,,,,,4871,1862,1500,2870,1583.0,1603.0,,1930.0,三厢车,4.0,5.0,,平开门,主 / 副,前 / 后,,主 / 副,,上下+前后,,USB/Type-C,,46306,仿皮,前 / 后,自动,46306,纯电动
sg27496,204230.0,比亚迪,16.0,比亚迪,5008,海豚,243298,智驾版 420KM自由版,2022,纯电动,比亚迪,小型车,9.98,9.98万,8.48万,9.18万,,,,,,,,,,,,纯电动,,,,,电动车单速变速箱,1.0,固定齿比变速箱,150.0,,,6年或15万公里,永磁/同步,70.0,180.0,70.0,180.0,,,,,,,420.0,,80,,,4280,1770,1570,2700,1530.0,1530.0,,1410.0,两厢车,5.0,5.0,345.0,平开门,主 / 副,前 / 后,,主 / 副,,上下+前后,,USB/Type-C+SD卡槽,,46180,仿皮,前 / 后,自动,46180,纯电动
sg27496,299708.0,比亚迪,16.0,比亚迪,5008,海豚,243298,智驾版 420KM自由版,2023,纯电动,比亚迪,小型车,9.98,9.98万,8.48万,9.18万,,,,,,,,,,,,纯电动,,,,,电动车单速变速箱,1.0,固定齿比变速箱,150.0,,,6年或15万公里,永磁/同步,70.0,180.0,70.0,180.0,,,,,,,420.0,,80,,,4280,1770,1570,2700,1530.0,1530.0,,1410.0,两厢车,5.0,5.0,345.0,平开门,主 / 副,前 / 后,,主 / 副,,上下+前后,,USB/Type-C+SD卡槽,,46180,仿皮,前 / 后,自动,46180,纯电动
sg27496,160594.0,比亚迪,16.0,比亚迪,5008,海豚,243298,智驾版 420KM自由版,2024,纯电动,比亚迪,小型车,9.98,9.98万,8.48万,9.18万,,,,,,,,,,,,纯电动,,,,,电动车单速变速箱,1.0,固定齿比变速箱,150.0,,,6年或15万公里,永磁/同步,70.0,180.0,70.0,180.0,,,,,,,420.0,,80,,,4280,1770,1570,2700,1530.0,1530.0,,1410.0,两厢车,5.0,5.0,345.0,平开门,主 / 副,前 / 后,,主 / 副,,上下+前后,,USB/Type-C+SD卡槽,,46180,仿皮,前 / 后,自动,46180,纯电动
sg27496,160745.0,比亚迪,16.0,比亚迪,5008,海豚,243298,智驾版 420KM自由版,2025,纯电动,比亚迪,小型车,9.98,9.98万,8.48万,9.18万,,,,,,,,,,,,纯电动,,,,,电动车单速变速箱,1.0,固定齿比变速箱,150.0,,,6年或15万公里,永磁/同步,70.0,180.0,70.0,180.0,,,,,,,420.0,,80,,,4280,1770,1570,2700,1530.0,1530.0,,1410.0,两厢车,5.0,5.0,345.0,平开门,主 / 副,前 / 后,,主 / 副,,上下+前后,,USB/Type-C+SD卡槽,,46180,仿皮,前 / 后,自动,46180,纯电动
sg27496,69113.0,比亚迪,16.0,比亚迪,5008,海豚,243298,智驾版 420KM自由版,2026,纯电动,比亚迪,小型车,9.98,9.98万,8.48万,9.18万,,,,,,,,,,,,纯电动,,,,,电动车单速变速箱,1.0,固定齿比变速箱,150.0,,,6年或15万公里,永磁/同步,70.0,180.0,70.0,180.0,,,,,,,420.0,,80,,,4280,1770,1570,2700,1530.0,1530.0,,1410.0,两厢车,5.0,5.0,345.0,平开门,主 / 副,前 / 后,,主 / 副,,上下+前后,,USB/Type-C+SD卡槽,,46180,仿皮,前 / 后,自动,46180,纯电动
sg27501,115.0,马自达,,马自达,sg27501,马自达CX-30 EV,pcauto_m108947,马自达CX-30 EV 2021款 纯电驭享版,2021,纯电动,长安马自达,小型SUV,15.98,15.98万,,,,,,,,,,,,,,纯电动,,,,,固定齿比,1.0,固定齿比,,,,三年或10万公里,永磁同步,160.0,300.0,160.0,300.0,,,,,三元锂电池,61.1,450.0,15.3,,快充:0.92小时/慢充:10.0小时,80.0,4410,1852,1655,2672,,,,,SUV,5.0,5.0,,,,,,,塑料,上下+前后,,,,,织物,,手动,,
sg27502,8627.0,领克,174.0,领克,5081,领克09,100578,2.0T 四驱全球版,2024,燃油,领克,中大型SUV,26.58,26.58万,21.57万,23.28万,1969.0,2.0,涡轮增压,L,4.0,,254.0,187.0,5500.0,350.0,1800,48V轻混系统,95#,缸内直喷,铝,国VI b,8挡手自一体,8.0,手自一体变速箱(AT),215.0,8.0,,5年或10万公里,,,,,,,,,,,,,,,,,5042,1977,1780,2984,1680.0,1684.0,180.0,2120.0,SUV,5.0,7.0,269.0,平开门,主 / 副,前 / 后,,主 / 副,,上下+前后,大屏,USB/Type-C,BOSE,,真皮,前 / 后,自动,,燃油
sg27502,6989.0,领克,174.0,领克,5081,领克09,253147,2.0T 四驱探索版Max,2026,燃油,领克,中大型SUV,23.88,23.88万,20.25万,19.88万,1969.0,2.0,涡轮增压,L,4.0,,254.0,187.0,5500.0,350.0,1800,48V轻混系统,95#,缸内直喷,铝,国VI b,8挡手自一体,8.0,手自一体变速箱(AT),215.0,8.0,,5年或10万公里,,,,,,,,,,,,,,,,,5042,1977,1780,2984,1680.0,1684.0,180.0,2070.0,SUV,5.0,5.0,691.0,平开门,主 / 副,前 / 后,,主 / 副,,上下+前后,大屏,USB/Type-C,,46306,仿皮,前 / 后,自动,46306,燃油
sg27503,10264.0,哪吒汽车,,哪吒汽车,sg27503,哪吒S,pcauto_m123895,哪吒S 2024款 改款二 增程 1060 Lite版,2024,增程式,合众汽车,中大型车,15.48,15.48万,,,1498.0,1.5,自然吸气,直列,4.0,,116.0,85.0,,,,增程式,92号(原93号),,,国VI,固定齿比,1.0,固定齿比,185.0,8.6,,四年或12万公里,永磁同步,170.0,310.0,,,,,,,磷酸铁锂电池,31.7,130.0,,八年或15万公里,快充:0.58小时,80.0,4980,1980,1450,2980,,,,1940.0,三厢车,4.0,5.0,,平开门,,,,,皮质,上下+前后,,,,,仿皮(选装皮/翻毛皮混搭),,自动,,
sg27511,245.0,星途,251.0,星途,5953,星途瑶光,252490,400T 两驱寰球版,2026,燃油,星途,中型SUV,13.99,13.99万,12.39万,13.49万,1998.0,2.0,涡轮增压,L,4.0,,261.0,192.0,5500.0,400.0,1750,汽油,95#,缸内直喷,铝,国VI b,7挡双离合,7.0,湿式双离合变速箱（DCT）,205.0,,7.6,3年或10万公里,,,,,,,,,,,,,,,,,4781,1920,1671,2815,1641.0,1642.0,,1701.0,SUV,5.0,5.0,660.0,平开门,主 / 副,前 / 后,,主 / 副,,上下+前后,,USB/Type-C,索尼,46243,真皮,前 / 后,自动,46243,燃油
sg27511,,星途,251.0,星途,5953,星途瑶光,259017,400T 两驱寰球版,2027,燃油,星途,中型SUV,13.79,13.79万,暂无报价,12.49万,1998.0,2.0,涡轮增压,L,4.0,,261.0,192.0,5500.0,400.0,1750,汽油,95#,缸内直喷,铝,国VI b,7挡双离合,7.0,湿式双离合变速箱（DCT）,205.0,,7.6,3年或10万公里,,,,,,,,,,,,,,,,,4781,1920,1671,2815,1641.0,1642.0,,1701.0,SUV,5.0,5.0,660.0,平开门,主 / 副,前 / 后,,主 / 副,,上下+前后,,USB/Type-C,索尼,46243,真皮,前 / 后,自动,46243,燃油
sg27513,,捷途,209.0,捷途,5082,捷途X90 PLUS,95646,1.5T 手动洋房,2024,燃油,奇瑞汽车,中型SUV,10.19,10.19万,9.00万,10.19万,1498.0,1.5,涡轮增压,L,4.0,,156.0,115.0,5500.0,230.0,1750,汽油,92#,多点电喷,铁,国VI,6挡手动,6.0,手动变速箱(MT),180.0,,,4年或10万公里,,,,,,,,,,,,,,,,,4858,1925,1780,2850,1610.0,1615.0,,1543.0,SUV,5.0,5.0,1130.0,平开门,主 / 副,前 / 后,,主 / 副,,上下,大屏,USB/Type-C,,46180,仿皮,前 / 后,手动,46180,燃油
sg27513,7000.0,捷途,209.0,捷途,5082,捷途X90 PLUS,244811,超越版 1.6TD 手动洋房PRO,2025,燃油,奇瑞汽车,中型SUV,10.59,10.59万,8.77万,9.59万,1598.0,1.6,涡轮增压,L,4.0,,197.0,145.0,5500.0,290.0,2000,汽油,92#,缸内直喷,铝,国VI,6挡手动,6.0,手动变速箱(MT),190.0,,,4年或10万公里,,,,,,,,,,,,,,,,,4858,1925,1780,2850,1610.0,1615.0,,1560.0,SUV,5.0,5.0,1130.0,平开门,主 / 副,前 / 后,,主 / 副,,上下+前后,大屏,USB/Type-C,,46180,仿皮,前 / 后,手动,46180,燃油
sg27514,14067.0,坦克,,坦克,sg27514,坦克700新能源,pcauto_m126790,坦克700新能源 2024款 Hi4-T 极致版,2024,插电混动,长城汽车,大型SUV,42.8,42.8万,,,2993.0,3.0,涡轮增压,V型,6.0,,360.0,265.0,,560.0,,插电混动,95号(原97号),混合喷射,铝合金,国VI,手自一体,9.0,手自一体,190.0,5.6,,五年或15万公里,永磁同步,120.0,400.0,120.0,400.0,,,,,三元锂电池,37.1,90.0,,,快充:待定/慢充:待定,30.0,5090,2061,1952,3000,,,,3110.0,SUV,5.0,5.0,,平开门,,,,,皮质,上下+前后,,,,,真皮,,自动,,
sg27514,7144.0,坦克,,坦克,sg27514,坦克700新能源,pcauto_m139874,坦克700新能源 2026款 Hi4-Z 极致版,2026,插电混动,长城汽车,大型SUV,42.8,42.8万,,,1998.0,2.0,涡轮增压,直列,4.0,,252.0,185.0,,385.0,,插电混动,95号(原97号),直喷,铝合金,国VI,DHT变速箱,3.0,混合动力专用变速箱(DHT),190.0,5.6,,五年或15万公里,永磁同步,455.0,815.0,215.0,400.0,,,,,三元锂电池,59.05,190.0,,终身质保(责任免除条款以官方为准),快充:0.25小时/慢充:7.5小时,30.0,5105,2061,1985,3000,,,,3260.0,SUV,5.0,5.0,,平开门,,,,,皮质,上下+前后,,,,,真皮,,自动,,
sg27516,18343.0,合创汽车,,合创汽车,sg27516,合创Z03,pcauto_m113487,合创Z03 2022款 430 潮享版 55.5kWh,2022,纯电动,合创汽车,紧凑型SUV,13.48,13.48万,,,,,,,,,,,,,,纯电动,,,,,固定齿比,1.0,固定齿比,140.0,7.9,,四年或15万公里,永磁同步,135.0,225.0,135.0,225.0,,,,,磷酸铁锂电池,55.5,430.0,13.5,首任车主不限年限/里程(责任免除条款以官方为准),快充:0.6小时/慢充:10.0小时,80.0,4602,1900,1600,2750,,,,1740.0,SUV,5.0,5.0,,,,,,,塑料,上下,,,,,仿皮,,自动,,
sg27531,0.0,北京汽车,68.0,北京汽车,5101,北京U5 PLUS,88819,1.5L CVT豪华版,2023,燃油,北京汽车,紧凑型车,7.99,7.99万,7.60万,7.99万,1499.0,1.5,自然吸气,L,4.0,,113.0,83.0,6000.0,142.0,4800,汽油,92#,多点电喷,铝,国VI b,CVT无级变速,,无级变速箱(CVT),170.0,,5.9,5年或10万公里,,,,,,,,,,,,,,,,,4660,1820,1480,2670,1555.0,1554.0,,1240.0,三厢车,4.0,5.0,430.0,平开门,主 / 副,前 / 后,,主 / 副,,上下,大屏,USB/Type-C,,46180,仿皮,前 / 后,手动,46180,燃油
sg27551,1737.0,奥迪,2.0,奥迪,5002,奥迪Q5 e-tron,88058,40 e-tron 闪耀型 锦衣套装,2022,纯电动,上汽奥迪,中大型SUV,29.85,29.85万,21.25万,21.40万,,,,,,,,,,,,纯电动,,,,,电动车单速变速箱,1.0,固定齿比变速箱,160.0,9.3,,3年或10万公里,永磁/同步,150.0,310.0,,,150.0,310.0,,,,,560.0,,,,,4876,1860,1675,2965,1587.0,1563.0,,2325.0,SUV,5.0,7.0,1776.0,平开门,主 / 副,前 / 后,,主 / 副,,上下+前后,大屏,USB/Type-C,,46180,仿皮,前 / 后,自动,46180,纯电动
sg27551,5207.0,奥迪,2.0,奥迪,5002,奥迪Q5 e-tron,88058,40 e-tron 闪耀型 锦衣套装,2023,纯电动,上汽奥迪,中大型SUV,29.85,29.85万,21.25万,21.40万,,,,,,,,,,,,纯电动,,,,,电动车单速变速箱,1.0,固定齿比变速箱,160.0,9.3,,3年或10万公里,永磁/同步,150.0,310.0,,,150.0,310.0,,,,,560.0,,,,,4876,1860,1675,2965,1587.0,1563.0,,2325.0,SUV,5.0,7.0,1776.0,平开门,主 / 副,前 / 后,,主 / 副,,上下+前后,大屏,USB/Type-C,,46180,仿皮,前 / 后,自动,46180,纯电动
sg27551,6002.0,奥迪,2.0,奥迪,5002,奥迪Q5 e-tron,101910,50 e-tron quattro 光耀型 锦衣套装,2024,纯电动,上汽奥迪,中大型SUV,36.75,36.75万,暂无报价,26.00万,,,,,,,,,,,,纯电动,,,,,电动车单速变速箱,1.0,固定齿比变速箱,160.0,6.7,,3年或10万公里,前交流/异步后永磁/同步,225.0,460.0,,,,,,,,,550.0,,,,,4876,1860,1675,2965,1587.0,1563.0,,2410.0,SUV,5.0,6.0,1825.0,平开门,主 / 副,前 / 后,,主 / 副,,上下+前后,大屏,USB/Type-C,,46180,真皮,前 / 后,自动,46180,纯电动
sg27551,3338.0,奥迪,2.0,奥迪,5002,奥迪Q5 e-tron,101910,50 e-tron quattro 光耀型 锦衣套装,2025,纯电动,上汽奥迪,中大型SUV,36.75,36.75万,暂无报价,26.00万,,,,,,,,,,,,纯电动,,,,,电动车单速变速箱,1.0,固定齿比变速箱,160.0,6.7,,3年或10万公里,前交流/异步后永磁/同步,225.0,460.0,,,,,,,,,550.0,,,,,4876,1860,1675,2965,1587.0,1563.0,,2410.0,SUV,5.0,6.0,1825.0,平开门,主 / 副,前 / 后,,主 / 副,,上下+前后,大屏,USB/Type-C,,46180,真皮,前 / 后,自动,46180,纯电动
sg27552,1805.0,比亚迪,,比亚迪,sg27552,护卫舰07,pcauto_m127439,护卫舰07 2024款 荣耀版 DM-i 100KM 精英型,2022,插电混动,比亚迪,中型SUV,17.98,17.98万,,,1497.0,1.5,涡轮增压,直列,4.0,,139.0,102.0,,231.0,,插电混动,92号(原93号),直喷,铝合金,国VI,电子无级变速箱,,电子无级变速箱(E-CVT),180.0,8.5,,六年或15万公里,永磁同步,145.0,316.0,145.0,316.0,,,,,磷酸铁锂电池,18.3,82.0,21.5,首任车主不限年限/里程(责任免除条款以官方为准),快充:0.37小时/慢充:待定,80.0,4820,1920,1750,2820,,,,2047.0,SUV,5.0,5.0,,平开门,,,,,皮质,上下+前后,,,,,仿皮,,自动,,
sg27552,66262.0,比亚迪,,比亚迪,sg27552,护卫舰07,pcauto_m127439,护卫舰07 2024款 荣耀版 DM-i 100KM 精英型,2023,插电混动,比亚迪,中型SUV,17.98,17.98万,,,1497.0,1.5,涡轮增压,直列,4.0,,139.0,102.0,,231.0,,插电混动,92号(原93号),直喷,铝合金,国VI,电子无级变速箱,,电子无级变速箱(E-CVT),180.0,8.5,,六年或15万公里,永磁同步,145.0,316.0,145.0,316.0,,,,,磷酸铁锂电池,18.3,82.0,21.5,首任车主不限年限/里程(责任免除条款以官方为准),快充:0.37小时/慢充:待定,80.0,4820,1920,1750,2820,,,,2047.0,SUV,5.0,5.0,,平开门,,,,,皮质,上下+前后,,,,,仿皮,,自动,,
sg27552,11400.0,比亚迪,,比亚迪,sg27552,护卫舰07,pcauto_m127439,护卫舰07 2024款 荣耀版 DM-i 100KM 精英型,2024,插电混动,比亚迪,中型SUV,17.98,17.98万,,,1497.0,1.5,涡轮增压,直列,4.0,,139.0,102.0,,231.0,,插电混动,92号(原93号),直喷,铝合金,国VI,电子无级变速箱,,电子无级变速箱(E-CVT),180.0,8.5,,六年或15万公里,永磁同步,145.0,316.0,145.0,316.0,,,,,磷酸铁锂电池,18.3,82.0,21.5,首任车主不限年限/里程(责任免除条款以官方为准),快充:0.37小时/慢充:待定,80.0,4820,1920,1750,2820,,,,2047.0,SUV,5.0,5.0,,平开门,,,,,皮质,上下+前后,,,,,仿皮,,自动,,
sg27552,802.0,比亚迪,,比亚迪,sg27552,护卫舰07,pcauto_m127439,护卫舰07 2024款 荣耀版 DM-i 100KM 精英型,2025,插电混动,比亚迪,中型SUV,17.98,17.98万,,,1497.0,1.5,涡轮增压,直列,4.0,,139.0,102.0,,231.0,,插电混动,92号(原93号),直喷,铝合金,国VI,电子无级变速箱,,电子无级变速箱(E-CVT),180.0,8.5,,六年或15万公里,永磁同步,145.0,316.0,145.0,316.0,,,,,磷酸铁锂电池,18.3,82.0,21.5,首任车主不限年限/里程(责任免除条款以官方为准),快充:0.37小时/慢充:待定,80.0,4820,1920,1750,2820,,,,2047.0,SUV,5.0,5.0,,平开门,,,,,皮质,上下+前后,,,,,仿皮,,自动,,
sg27552,6.0,比亚迪,,比亚迪,sg27552,护卫舰07,pcauto_m127439,护卫舰07 2024款 荣耀版 DM-i 100KM 精英型,2026,插电混动,比亚迪,中型SUV,17.98,17.98万,,,1497.0,1.5,涡轮增压,直列,4.0,,139.0,102.0,,231.0,,插电混动,92号(原93号),直喷,铝合金,国VI,电子无级变速箱,,电子无级变速箱(E-CVT),180.0,8.5,,六年或15万公里,永磁同步,145.0,316.0,145.0,316.0,,,,,磷酸铁锂电池,18.3,82.0,21.5,首任车主不限年限/里程(责任免除条款以官方为准),快充:0.37小时/慢充:待定,80.0,4820,1920,1750,2820,,,,2047.0,SUV,5.0,5.0,,平开门,,,,,皮质,上下+前后,,,,,仿皮,,自动,,
sg27582,3912.0,东风风行,,东风风行,sg27582,风行游艇,pcauto_m113723,风行游艇 2022款 1.5T DCT扬帆版,2022,燃油,东风风行,MPV,11.99,11.99万,,,1481.0,1.5,涡轮增压,直列,4.0,DVVT,197.0,145.0,,285.0,,汽油,92号(原93号),直喷,铝合金,国VI,湿式双离合,7.0,湿式双离合变速箱,180.0,,,八年或16万公里,,,,,,,,,,,,,,,,,4850,1900,1715,2900,,,,1650.0,MPV,5.0,7.0,,平开门,,,,,真皮,上下+前后,,,,,仿皮,,手动,,
sg27582,4354.0,东风风行,,东风风行,sg27582,风行游艇,pcauto_m117984,风行游艇 2023款 1.5T DCT星空尊享版,2023,燃油,东风风行,MPV,13.59,13.59万,,,1481.0,1.5,涡轮增压,直列,4.0,DVVT,197.0,145.0,,285.0,,汽油,92号(原93号),直喷,铝合金,国VI,湿式双离合,7.0,湿式双离合变速箱,180.0,,,八年或16万公里,,,,,,,,,,,,,,,,,4850,1900,1715,2900,,,,1715.0,MPV,5.0,7.0,,平开门,,,,,真皮,上下+前后,,,,,仿皮,,自动,,
sg27582,1002.0,东风风行,,东风风行,sg27582,风行游艇,pcauto_m125729,风行游艇 2024款 1.5T DCT观海版,2024,燃油,东风风行,MPV,15.69,15.69万,,,1481.0,1.5,涡轮增压,直列,4.0,DVVT,197.0,145.0,,285.0,,汽油,92号(原93号),直喷,铝合金,国VI,湿式双离合,7.0,湿式双离合变速箱,180.0,,,八年或16万公里,,,,,,,,,,,,,,,,,4850,1900,1715,2900,,,,1715.0,MPV,5.0,7.0,,平开门,,,,,真皮,上下+前后,,,,,仿皮(选装真皮),,自动,,
sg27583,7231.0,福特,,福特,sg27583,EVOS,pcauto_m110532,EVOS 2022款 EcoBoost 245 科技版,2022,燃油,长安福特,中型SUV,19.98,19.98万,,,1999.0,2.0,涡轮增压,直列,4.0,,238.0,175.0,,375.0,,汽油,92号(原93号),直喷,铝合金,国VI,自动,8.0,自动,193.0,,,三年或10万公里,,,,,,,,,,,,,,,,,4920,1920,1600,2945,,,,1626.0,SUV,5.0,5.0,,,,,,,真皮,上下+前后,,,,,皮/织物混搭,,自动,,
sg27583,2434.0,福特,,福特,sg27583,EVOS,pcauto_m110532,EVOS 2022款 EcoBoost 245 科技版,2023,燃油,长安福特,中型SUV,19.98,19.98万,,,1999.0,2.0,涡轮增压,直列,4.0,,238.0,175.0,,375.0,,汽油,92号(原93号),直喷,铝合金,国VI,自动,8.0,自动,193.0,,,三年或10万公里,,,,,,,,,,,,,,,,,4920,1920,1600,2945,,,,1626.0,SUV,5.0,5.0,,,,,,,真皮,上下+前后,,,,,皮/织物混搭,,自动,,
sg27583,892.0,福特,,福特,sg27583,EVOS,pcauto_m110532,EVOS 2022款 EcoBoost 245 科技版,2024,燃油,长安福特,中型SUV,19.98,19.98万,,,1999.0,2.0,涡轮增压,直列,4.0,,238.0,175.0,,375.0,,汽油,92号(原93号),直喷,铝合金,国VI,自动,8.0,自动,193.0,,,三年或10万公里,,,,,,,,,,,,,,,,,4920,1920,1600,2945,,,,1626.0,SUV,5.0,5.0,,,,,,,真皮,上下+前后,,,,,皮/织物混搭,,自动,,
sg27591,26871.0,宝骏,,宝骏,sg27591,宝骏KiWi EV,pcauto_m116689,宝骏KiWi EV 2023款 智潮版,2022,纯电动,上汽通用五菱,微型车,8.78,8.78万,,,,,,,,,,,,,,纯电动,,,,,固定齿比,1.0,固定齿比,105.0,,,三年或6万公里,永磁同步,40.0,150.0,,,,,,,锂离子电池,31.9,305.0,11.9,八年或12万公里,快充:1.0小时/慢充:5.0小时,80.0,2894,1655,1595,2020,,,,1040.0,两厢车,3.0,4.0,,,,,,,塑料,,,,,,织物(选装仿皮),,手动,,
sg27591,5639.0,宝骏,,宝骏,sg27591,宝骏KiWi EV,pcauto_m116689,宝骏KiWi EV 2023款 智潮版,2023,纯电动,上汽通用五菱,微型车,8.78,8.78万,,,,,,,,,,,,,,纯电动,,,,,固定齿比,1.0,固定齿比,105.0,,,三年或6万公里,永磁同步,40.0,150.0,,,,,,,锂离子电池,31.9,305.0,11.9,八年或12万公里,快充:1.0小时/慢充:5.0小时,80.0,2894,1655,1595,2020,,,,1040.0,两厢车,3.0,4.0,,,,,,,塑料,,,,,,织物(选装仿皮),,手动,,
sg27591,3362.0,宝骏,,宝骏,sg27591,宝骏KiWi EV,pcauto_m116689,宝骏KiWi EV 2023款 智潮版,2024,纯电动,上汽通用五菱,微型车,8.78,8.78万,,,,,,,,,,,,,,纯电动,,,,,固定齿比,1.0,固定齿比,105.0,,,三年或6万公里,永磁同步,40.0,150.0,,,,,,,锂离子电池,31.9,305.0,11.9,八年或12万公里,快充:1.0小时/慢充:5.0小时,80.0,2894,1655,1595,2020,,,,1040.0,两厢车,3.0,4.0,,,,,,,塑料,,,,,,织物(选装仿皮),,手动,,
sg27591,458.0,宝骏,,宝骏,sg27591,宝骏KiWi EV,pcauto_m116689,宝骏KiWi EV 2023款 智潮版,2025,纯电动,上汽通用五菱,微型车,8.78,8.78万,,,,,,,,,,,,,,纯电动,,,,,固定齿比,1.0,固定齿比,105.0,,,三年或6万公里,永磁同步,40.0,150.0,,,,,,,锂离子电池,31.9,305.0,11.9,八年或12万公里,快充:1.0小时/慢充:5.0小时,80.0,2894,1655,1595,2020,,,,1040.0,两厢车,3.0,4.0,,,,,,,塑料,,,,,,织物(选装仿皮),,手动,,
sg27591,72.0,宝骏,,宝骏,sg27591,宝骏KiWi EV,pcauto_m116689,宝骏KiWi EV 2023款 智潮版,2026,纯电动,上汽通用五菱,微型车,8.78,8.78万,,,,,,,,,,,,,,纯电动,,,,,固定齿比,1.0,固定齿比,105.0,,,三年或6万公里,永磁同步,40.0,150.0,,,,,,,锂离子电池,31.9,305.0,11.9,八年或12万公里,快充:1.0小时/慢充:5.0小时,80.0,2894,1655,1595,2020,,,,1040.0,两厢车,3.0,4.0,,,,,,,塑料,,,,,,织物(选装仿皮),,手动,,
sg27691,3906.0,奔驰,3.0,奔驰,3932,奔驰EQB,238993,EQB 260,2025,纯电动,北京奔驰,紧凑型SUV,35.2,35.20万,20.06万,17.60万,,,,,,,,,,,,纯电动,,,,,电动车单速变速箱,1.0,固定齿比变速箱,160.0,8.8,,3年不限公里,永磁/同步,140.0,380.0,140.0,380.0,,,,,,,600.0,,80,,,4687,1834,1693,2829,1587.0,1590.0,,2072.0,SUV,5.0,5.0,495.0,平开门,主 / 副,前 / 后,,主 / 副,,上下+前后,大屏,USB/Type-C,,46180,仿皮,前 / 后,自动,46180,纯电动
sg27693,21700.0,启辰,109.0,启辰,5153,启辰大V,79444,260T 爱豆版 Pro,2023,燃油,东风日产,紧凑型SUV,10.98,10.98万,9.89万,10.98万,1480.0,1.5,涡轮增压,L,4.0,,190.0,140.0,5500.0,260.0,1500,汽油,92#,缸内直喷,铝,国VI b,7挡双离合,7.0,湿式双离合变速箱（DCT）,200.0,8.8,,3年或10万公里,,,,,,,,,,,,,,,,,4562,1917,1625,2700,1640.0,1640.0,180.0,1491.0,SUV,5.0,5.0,605.0,平开门,主 / 副,前 / 后,,主 / 副,,上下+前后,大屏,USB/Type-C,,,仿皮,前 / 后,手动,,燃油
sg27693,6196.0,启辰,109.0,启辰,5153,启辰大V,93517,260T 新星版 Pro,2024,燃油,东风日产,紧凑型SUV,9.98,9.98万,8.03万,9.98万,1480.0,1.5,涡轮增压,L,4.0,,190.0,140.0,5500.0,260.0,1500,汽油,92#,缸内直喷,铝,国VI b,7挡双离合,7.0,湿式双离合变速箱（DCT）,200.0,8.8,,3年或10万公里,,,,,,,,,,,,,,,,,4562,1917,1617,2700,1630.0,1630.0,180.0,1457.0,SUV,5.0,5.0,605.0,平开门,主 / 副,前 / 后,,主 / 副,,上下+前后,大屏,USB/Type-C,,,仿皮,前 / 后,手动,,燃油
sg27693,1501.0,启辰,109.0,启辰,5153,启辰大V,249558,260T 新星版 Pro,2026,燃油,东风日产,紧凑型SUV,9.98,9.98万,暂无报价,9.98万,1480.0,1.5,涡轮增压,L,4.0,,190.0,140.0,5500.0,260.0,1500,汽油,92#,缸内直喷,铝,国VI b,7挡双离合,7.0,湿式双离合变速箱（DCT）,200.0,8.8,,3年或10万公里,,,,,,,,,,,,,,,,,4562,1917,1617,2700,1630.0,1630.0,180.0,1457.0,SUV,5.0,5.0,605.0,平开门,主 / 副,前 / 后,,主 / 副,,上下+前后,大屏,USB/Type-C,,,仿皮,前 / 后,手动,,燃油
sg27745,6212.0,广汽传祺,,广汽传祺,sg27745,传祺GS4 PLUS,pcauto_m120811,传祺GS4 PLUS 2023款 390T 自动星系版,2023,燃油,广汽传祺,紧凑型SUV,13.68,13.68万,,,1991.0,2.0,涡轮增压,直列,4.0,DCVVT,252.0,185.0,,390.0,,汽油,95号(原97号),直喷,铸铁,国VI,自动,6.0,自动,200.0,7.5,,三年或10万公里,,,,,,,,,,,,,,,,,4710,1885,1726,2710,,,,1639.0,SUV,5.0,5.0,,平开门,,,,,真皮,上下+前后,,,,,仿皮,,自动,,
sg27747,67712.0,丰田,,丰田,sg27747,赛那SIENNA,pcauto_m136669,赛那SIENNA 2026款 2.5L 双擎两驱舒适版,2022,油电混合,广汽丰田,MPV,29.98,29.98万,,,2487.0,2.5,自然吸气,直列,4.0,VVT-iE,189.0,139.0,,236.0,,油电混合,92号(原93号),混合喷射,铝合金,国VI,电子无级变速箱,,电子无级变速箱(E-CVT),180.0,,,三年或10万公里,永磁同步,134.0,270.0,134.0,270.0,,,,,镍氢电池,6.0,,,首任车主不限年限/里程(限非营运车主，责任免除条款以官方为准),,,5165,1995,1765,3060,,,,2090.0,MPV,5.0,7.0,,平开门+侧滑门,,,,,塑料,上下+前后,,,,,织物,,自动,,
sg27747,76575.0,丰田,,丰田,sg27747,赛那SIENNA,pcauto_m136669,赛那SIENNA 2026款 2.5L 双擎两驱舒适版,2023,油电混合,广汽丰田,MPV,29.98,29.98万,,,2487.0,2.5,自然吸气,直列,4.0,VVT-iE,189.0,139.0,,236.0,,油电混合,92号(原93号),混合喷射,铝合金,国VI,电子无级变速箱,,电子无级变速箱(E-CVT),180.0,,,三年或10万公里,永磁同步,134.0,270.0,134.0,270.0,,,,,镍氢电池,6.0,,,首任车主不限年限/里程(限非营运车主，责任免除条款以官方为准),,,5165,1995,1765,3060,,,,2090.0,MPV,5.0,7.0,,平开门+侧滑门,,,,,塑料,上下+前后,,,,,织物,,自动,,
sg27747,89450.0,丰田,,丰田,sg27747,赛那SIENNA,pcauto_m136669,赛那SIENNA 2026款 2.5L 双擎两驱舒适版,2024,油电混合,广汽丰田,MPV,29.98,29.98万,,,2487.0,2.5,自然吸气,直列,4.0,VVT-iE,189.0,139.0,,236.0,,油电混合,92号(原93号),混合喷射,铝合金,国VI,电子无级变速箱,,电子无级变速箱(E-CVT),180.0,,,三年或10万公里,永磁同步,134.0,270.0,134.0,270.0,,,,,镍氢电池,6.0,,,首任车主不限年限/里程(限非营运车主，责任免除条款以官方为准),,,5165,1995,1765,3060,,,,2090.0,MPV,5.0,7.0,,平开门+侧滑门,,,,,塑料,上下+前后,,,,,织物,,自动,,
sg27747,92214.0,丰田,,丰田,sg27747,赛那SIENNA,pcauto_m136669,赛那SIENNA 2026款 2.5L 双擎两驱舒适版,2025,油电混合,广汽丰田,MPV,29.98,29.98万,,,2487.0,2.5,自然吸气,直列,4.0,VVT-iE,189.0,139.0,,236.0,,油电混合,92号(原93号),混合喷射,铝合金,国VI,电子无级变速箱,,电子无级变速箱(E-CVT),180.0,,,三年或10万公里,永磁同步,134.0,270.0,134.0,270.0,,,,,镍氢电池,6.0,,,首任车主不限年限/里程(限非营运车主，责任免除条款以官方为准),,,5165,1995,1765,3060,,,,2090.0,MPV,5.0,7.0,,平开门+侧滑门,,,,,塑料,上下+前后,,,,,织物,,自动,,
sg27747,42015.0,丰田,,丰田,sg27747,赛那SIENNA,pcauto_m136669,赛那SIENNA 2026款 2.5L 双擎两驱舒适版,2026,油电混合,广汽丰田,MPV,29.98,29.98万,,,2487.0,2.5,自然吸气,直列,4.0,VVT-iE,189.0,139.0,,236.0,,油电混合,92号(原93号),混合喷射,铝合金,国VI,电子无级变速箱,,电子无级变速箱(E-CVT),180.0,,,三年或10万公里,永磁同步,134.0,270.0,134.0,270.0,,,,,镍氢电池,6.0,,,首任车主不限年限/里程(限非营运车主，责任免除条款以官方为准),,,5165,1995,1765,3060,,,,2090.0,MPV,5.0,7.0,,平开门+侧滑门,,,,,塑料,上下+前后,,,,,织物,,自动,,
sg27747,,丰田,,丰田,sg27747,赛那SIENNA,pcauto_m141193,赛那SIENNA 2027款 2.5L 双擎两驱舒适版 新上市,2027,油电混合,广汽丰田,MPV,29.88,29.88万,,,2487.0,2.5,自然吸气,直列,4.0,VVT-iE,189.0,139.0,,236.0,,油电混合,92号(原93号),混合喷射,铝合金,国VI,电子无级变速箱,,电子无级变速箱(E-CVT),180.0,,,三年或10万公里,永磁同步,134.0,270.0,134.0,270.0,,,,,镍氢电池,6.0,,,首任车主不限年限/里程(限非营运车主，责任免除条款以官方为准),,,5165,1995,1765,3060,,,,2090.0,MPV,5.0,7.0,,平开门+侧滑门,,,,,皮质,上下+前后,,,,,织物,,自动,,
sg27753,1721.0,奔驰,3.0,奔驰,1729,奔驰EQA,246873,改款 EQA 260,2025,纯电动,北京奔驰,紧凑型SUV,32.2,32.20万,暂无报价,22.20万,,,,,,,,,,,,纯电动,,,,,电动车单速变速箱,1.0,固定齿比变速箱,160.0,8.6,,3年不限公里,永磁/同步,140.0,380.0,140.0,380.0,,,,,三元锂电池,79.2,619.0,19.9,80,0.75,8.0,4463,1849,1619,2729,1587.0,1590.0,,2029.0,SUV,5.0,5.0,340.0,平开门,主 / 副,前 / 后,,主 / 副,,上下+前后,大屏,USB/Type-C,,46180,真皮+仿皮,前 / 后,自动,46180,纯电动
sg27762,17813.0,五菱,39.0,五菱汽车,sg27762,五菱征程,55312,1.5T 手动舒适型封窗车,2021,燃油,上汽通用五菱,中大型MPV,7.58,7.58万,6.92万,7.58万,1451.0,1.5,涡轮增压,L,4.0,DVVT,147.0,108.0,5200.0,250.0,2200,汽油,92#,多点电喷,铁,国VI,6挡手动,6.0,手动变速箱(MT),165.0,,7.6,3年或6万公里,,,,,,,,,,,,,,,,,5150,1840,1910,3180,1606.0,1606.0,,1475.0,MPV,5.0,2.0,,侧滑门,主 / 副,前 / 后,,主 / 副,,上下,,USB/Type-C,,46056,织物,前 / 后,手动,46056,燃油
sg27762,10841.0,五菱,39.0,五菱汽车,sg27762,五菱征程,55312,1.5T 手动舒适型封窗车,2022,燃油,上汽通用五菱,中大型MPV,7.58,7.58万,6.92万,7.58万,1451.0,1.5,涡轮增压,L,4.0,DVVT,147.0,108.0,5200.0,250.0,2200,汽油,92#,多点电喷,铁,国VI,6挡手动,6.0,手动变速箱(MT),165.0,,7.6,3年或6万公里,,,,,,,,,,,,,,,,,5150,1840,1910,3180,1606.0,1606.0,,1475.0,MPV,5.0,2.0,,侧滑门,主 / 副,前 / 后,,主 / 副,,上下,,USB/Type-C,,46056,织物,前 / 后,手动,46056,燃油
sg27762,7923.0,五菱,39.0,五菱汽车,sg27762,五菱征程,55312,1.5T 手动舒适型封窗车,2023,燃油,上汽通用五菱,中大型MPV,7.58,7.58万,6.92万,7.58万,1451.0,1.5,涡轮增压,L,4.0,DVVT,147.0,108.0,5200.0,250.0,2200,汽油,92#,多点电喷,铁,国VI,6挡手动,6.0,手动变速箱(MT),165.0,,7.6,3年或6万公里,,,,,,,,,,,,,,,,,5150,1840,1910,3180,1606.0,1606.0,,1475.0,MPV,5.0,2.0,,侧滑门,主 / 副,前 / 后,,主 / 副,,上下,,USB/Type-C,,46056,织物,前 / 后,手动,46056,燃油
sg27762,14753.0,五菱,39.0,五菱汽车,sg27762,五菱征程,55312,1.5T 手动舒适型封窗车,2024,燃油,上汽通用五菱,中大型MPV,7.58,7.58万,6.92万,7.58万,1451.0,1.5,涡轮增压,L,4.0,DVVT,147.0,108.0,5200.0,250.0,2200,汽油,92#,多点电喷,铁,国VI,6挡手动,6.0,手动变速箱(MT),165.0,,7.6,3年或6万公里,,,,,,,,,,,,,,,,,5150,1840,1910,3180,1606.0,1606.0,,1475.0,MPV,5.0,2.0,,侧滑门,主 / 副,前 / 后,,主 / 副,,上下,,USB/Type-C,,46056,织物,前 / 后,手动,46056,燃油
sg27762,7500.0,五菱,39.0,五菱汽车,sg27762,五菱征程,55312,1.5T 手动舒适型封窗车,2025,燃油,上汽通用五菱,中大型MPV,7.58,7.58万,6.92万,7.58万,1451.0,1.5,涡轮增压,L,4.0,DVVT,147.0,108.0,5200.0,250.0,2200,汽油,92#,多点电喷,铁,国VI,6挡手动,6.0,手动变速箱(MT),165.0,,7.6,3年或6万公里,,,,,,,,,,,,,,,,,5150,1840,1910,3180,1606.0,1606.0,,1475.0,MPV,5.0,2.0,,侧滑门,主 / 副,前 / 后,,主 / 副,,上下,,USB/Type-C,,46056,织物,前 / 后,手动,46056,燃油
sg27762,519.0,五菱,39.0,五菱汽车,sg27762,五菱征程,55312,1.5T 手动舒适型封窗车,2026,燃油,上汽通用五菱,中大型MPV,7.58,7.58万,6.92万,7.58万,1451.0,1.5,涡轮增压,L,4.0,DVVT,147.0,108.0,5200.0,250.0,2200,汽油,92#,多点电喷,铁,国VI,6挡手动,6.0,手动变速箱(MT),165.0,,7.6,3年或6万公里,,,,,,,,,,,,,,,,,5150,1840,1910,3180,1606.0,1606.0,,1475.0,MPV,5.0,2.0,,侧滑门,主 / 副,前 / 后,,主 / 副,,上下,,USB/Type-C,,46056,织物,前 / 后,手动,46056,燃油
sg27803,41527.0,丰田,,丰田,sg27803,凌放HARRIER,pcauto_m130628,凌放HARRIER 2024款 2.0L CVT进取两驱版,2022,燃油,一汽丰田,中型SUV,19.18,19.18万,,,1987.0,2.0,自然吸气,直列,4.0,,171.0,126.0,,206.0,,汽油,92号(原93号),混合喷射,铝合金,国VI,无级变速,10.0,无级变速,175.0,,,三年或10万公里,,,,,,,,,,,,,,,,,4755,1855,1660,2690,,,,1585.0,SUV,5.0,5.0,,平开门,,,,,真皮,上下+前后,,,,,织物,,自动,,
sg27803,25153.0,丰田,,丰田,sg27803,凌放HARRIER,pcauto_m130628,凌放HARRIER 2024款 2.0L CVT进取两驱版,2023,燃油,一汽丰田,中型SUV,19.18,19.18万,,,1987.0,2.0,自然吸气,直列,4.0,,171.0,126.0,,206.0,,汽油,92号(原93号),混合喷射,铝合金,国VI,无级变速,10.0,无级变速,175.0,,,三年或10万公里,,,,,,,,,,,,,,,,,4755,1855,1660,2690,,,,1585.0,SUV,5.0,5.0,,平开门,,,,,真皮,上下+前后,,,,,织物,,自动,,
sg27803,10632.0,丰田,,丰田,sg27803,凌放HARRIER,pcauto_m130628,凌放HARRIER 2024款 2.0L CVT进取两驱版,2024,燃油,一汽丰田,中型SUV,19.18,19.18万,,,1987.0,2.0,自然吸气,直列,4.0,,171.0,126.0,,206.0,,汽油,92号(原93号),混合喷射,铝合金,国VI,无级变速,10.0,无级变速,175.0,,,三年或10万公里,,,,,,,,,,,,,,,,,4755,1855,1660,2690,,,,1585.0,SUV,5.0,5.0,,平开门,,,,,真皮,上下+前后,,,,,织物,,自动,,
sg27803,3985.0,丰田,,丰田,sg27803,凌放HARRIER,pcauto_m130628,凌放HARRIER 2024款 2.0L CVT进取两驱版,2025,燃油,一汽丰田,中型SUV,19.18,19.18万,,,1987.0,2.0,自然吸气,直列,4.0,,171.0,126.0,,206.0,,汽油,92号(原93号),混合喷射,铝合金,国VI,无级变速,10.0,无级变速,175.0,,,三年或10万公里,,,,,,,,,,,,,,,,,4755,1855,1660,2690,,,,1585.0,SUV,5.0,5.0,,平开门,,,,,真皮,上下+前后,,,,,织物,,自动,,
sg27803,26.0,丰田,,丰田,sg27803,凌放HARRIER,pcauto_m130628,凌放HARRIER 2024款 2.0L CVT进取两驱版,2026,燃油,一汽丰田,中型SUV,19.18,19.18万,,,1987.0,2.0,自然吸气,直列,4.0,,171.0,126.0,,206.0,,汽油,92号(原93号),混合喷射,铝合金,国VI,无级变速,10.0,无级变速,175.0,,,三年或10万公里,,,,,,,,,,,,,,,,,4755,1855,1660,2690,,,,1585.0,SUV,5.0,5.0,,平开门,,,,,真皮,上下+前后,,,,,织物,,自动,,
sg27804,6432.0,哈弗,,哈弗,sg27804,哈弗神兽,pcauto_m119689,哈弗神兽 2023款 1.5T 智领版,2023,燃油,长城汽车,紧凑型SUV,13.0,13万,,,1499.0,1.5,涡轮增压,直列,4.0,,184.0,135.0,,275.0,,汽油,92号(原93号),直喷,铝合金,国VI,湿式双离合,7.0,湿式双离合变速箱,190.0,8.5,,三年或10万公里,,,,,,,,,,,,,,,,,4780,1890,1675,2800,,,,1590.0,SUV,5.0,5.0,,平开门,,,,,皮质,上下+前后,,,,,仿皮,,自动,,
sg27805,5122.0,MG名爵,,MG名爵,sg27805,MG ONE,pcauto_m124010,MG ONE 2023款 1.5T α-数智运动初始版,2023,燃油,上汽集团,紧凑型SUV,10.78,10.78万,,,1490.0,1.5,涡轮增压,直列,4.0,,181.0,133.0,,285.0,,汽油,92号(原93号),直喷,铝合金,国VI,无级变速,,无级变速,195.0,8.1,,三年或10万公里,,,,,,,,,,,,,,,,,4579,1866,1617,2670,,,,1455.0,SUV,5.0,5.0,,平开门,,,,,皮质,上下+前后,,,,,仿皮,,自动,,
sg27808,167370.0,比亚迪,16.0,比亚迪,5248,元PLUS,245073,智驾版 430KM 领先型,2022,纯电动,比亚迪,紧凑型SUV,11.58,11.58万,10.54万,10.98万,,,,,,,,,,,,纯电动,,,未知,,电动车单速变速箱,1.0,固定齿比变速箱,160.0,7.3,,6年或15万公里,永磁/同步,150.0,310.0,150.0,310.0,,,,,磷酸铁锂电池,50.12,430.0,,80,,,4455,1875,1615,2720,1575.0,1580.0,,1625.0,SUV,5.0,5.0,434.0,平开门,主 / 副,前 / 后,,主 / 副,,上下+前后,大屏,USB/Type-C,,46243,仿皮,前 / 后,自动,46243,纯电动
sg27808,309835.0,比亚迪,16.0,比亚迪,5248,元PLUS,245073,智驾版 430KM 领先型,2023,纯电动,比亚迪,紧凑型SUV,11.58,11.58万,10.54万,10.98万,,,,,,,,,,,,纯电动,,,未知,,电动车单速变速箱,1.0,固定齿比变速箱,160.0,7.3,,6年或15万公里,永磁/同步,150.0,310.0,150.0,310.0,,,,,磷酸铁锂电池,50.12,430.0,,80,,,4455,1875,1615,2720,1575.0,1580.0,,1625.0,SUV,5.0,5.0,434.0,平开门,主 / 副,前 / 后,,主 / 副,,上下+前后,大屏,USB/Type-C,,46243,仿皮,前 / 后,自动,46243,纯电动
sg27808,275223.0,比亚迪,16.0,比亚迪,5248,元PLUS,245073,智驾版 430KM 领先型,2024,纯电动,比亚迪,紧凑型SUV,11.58,11.58万,10.54万,10.98万,,,,,,,,,,,,纯电动,,,未知,,电动车单速变速箱,1.0,固定齿比变速箱,160.0,7.3,,6年或15万公里,永磁/同步,150.0,310.0,150.0,310.0,,,,,磷酸铁锂电池,50.12,430.0,,80,,,4455,1875,1615,2720,1575.0,1580.0,,1625.0,SUV,5.0,5.0,434.0,平开门,主 / 副,前 / 后,,主 / 副,,上下+前后,大屏,USB/Type-C,,46243,仿皮,前 / 后,自动,46243,纯电动
sg27808,135446.0,比亚迪,16.0,比亚迪,5248,元PLUS,245073,智驾版 430KM 领先型,2025,纯电动,比亚迪,紧凑型SUV,11.58,11.58万,10.54万,10.98万,,,,,,,,,,,,纯电动,,,未知,,电动车单速变速箱,1.0,固定齿比变速箱,160.0,7.3,,6年或15万公里,永磁/同步,150.0,310.0,150.0,310.0,,,,,磷酸铁锂电池,50.12,430.0,,80,,,4455,1875,1615,2720,1575.0,1580.0,,1625.0,SUV,5.0,5.0,434.0,平开门,主 / 副,前 / 后,,主 / 副,,上下+前后,大屏,USB/Type-C,,46243,仿皮,前 / 后,自动,46243,纯电动
sg27808,25153.0,比亚迪,16.0,比亚迪,5248,元PLUS,256906,540KM 领先型,2026,纯电动,比亚迪,紧凑型SUV,11.99,11.99万,暂无报价,11.99万,,,,,,,,,,,,,,,,,,,,,,,6年或15万公里,永磁/同步,200.0,,,,,,,,磷酸铁锂电池,50.12,,,80,,,4455,1875,1615,2720,,,,,SUV,,5.0,,,主 / 副,前 / 后,,主 / 副,,,,,,,,前 / 后,：,,纯电动
sg27814,18774.0,SRM鑫源,,SRM鑫源,sg27814,金海狮,pcauto_m129344,金海狮 2024款 1.6L 工程狮 2座(厢货),2024,燃油,鑫源汽车,微面,6.09,6.09万,,,,1.6,自然吸气,直列,4.0,,120.0,88.0,,155.0,,汽油,92号(原93号),多点电喷,,国VI,手动,5.0,手动,,,,八年或20万公里,,,,,,,,,,,,,,,,,4890,1700,1995,3185,,,,1340.0,MPV,5.0,2.0,,平开门+侧滑门,,,,,塑料,,,,,,织物,,手动,,
sg27822,96529.0,奇瑞新能源,,奇瑞新能源,sg27822,QQ冰淇淋,pcauto_m127818,QQ冰淇淋 2024款 青春版 205km 奶昔,2022,纯电动,奇瑞新能源,微型车,3.99,3.99万,,,,,,,,,,,,,,纯电动,,,,,固定齿比,1.0,固定齿比,100.0,,,,永磁同步,30.0,90.0,,,,,,,锂离子电池,17.4,205.0,9.3,首任车主不限年限/不限里程(责任免除条款以官方为准),快充:不支持/慢充:11.0小时,,3008,1496,1637,1960,,,,778.0,两厢车,3.0,4.0,,平开门,,,,,塑料,,,,,,织物,,手动,,
sg27822,67787.0,奇瑞新能源,,奇瑞新能源,sg27822,QQ冰淇淋,pcauto_m127818,QQ冰淇淋 2024款 青春版 205km 奶昔,2023,纯电动,奇瑞新能源,微型车,3.99,3.99万,,,,,,,,,,,,,,纯电动,,,,,固定齿比,1.0,固定齿比,100.0,,,,永磁同步,30.0,90.0,,,,,,,锂离子电池,17.4,205.0,9.3,首任车主不限年限/不限里程(责任免除条款以官方为准),快充:不支持/慢充:11.0小时,,3008,1496,1637,1960,,,,778.0,两厢车,3.0,4.0,,平开门,,,,,塑料,,,,,,织物,,手动,,
sg27822,40331.0,奇瑞新能源,,奇瑞新能源,sg27822,QQ冰淇淋,pcauto_m127818,QQ冰淇淋 2024款 青春版 205km 奶昔,2024,纯电动,奇瑞新能源,微型车,3.99,3.99万,,,,,,,,,,,,,,纯电动,,,,,固定齿比,1.0,固定齿比,100.0,,,,永磁同步,30.0,90.0,,,,,,,锂离子电池,17.4,205.0,9.3,首任车主不限年限/不限里程(责任免除条款以官方为准),快充:不支持/慢充:11.0小时,,3008,1496,1637,1960,,,,778.0,两厢车,3.0,4.0,,平开门,,,,,塑料,,,,,,织物,,手动,,
sg27822,29760.0,奇瑞新能源,,奇瑞新能源,sg27822,QQ冰淇淋,pcauto_m131741,QQ冰淇淋 2025款 155km 圣代,2025,纯电动,奇瑞新能源,微型车,3.69,3.69万,,,,,,,,,,,,,,纯电动,,,,,固定齿比,1.0,固定齿比,100.0,,,三年或10万公里,永磁同步,20.0,85.0,,,,,,,磷酸铁锂电池,13.98,155.0,9.3,首任车主不限年限/不限里程(责任免除条款以官方为准),快充:不支持/慢充:9.0小时,,3008,1496,1637,1960,,,,757.0,两厢车,3.0,4.0,,平开门,,,,,塑料,,,,,,织物,,手动,,
sg27822,4949.0,奇瑞新能源,,奇瑞新能源,sg27822,QQ冰淇淋,pcauto_m138786,QQ冰淇淋 2026款 甜趣版,2026,纯电动,奇瑞新能源,微型车,4.39,4.39万,,,,,,,,,,,,,,纯电动,,,,,固定齿比,1.0,固定齿比,100.0,,,三年或10万公里,永磁同步,30.0,90.0,,,,,,,磷酸铁锂电池,17.28,220.0,9.0,首任车主不限年限/不限里程(责任免除条款以官方为准),快充:0.55小时/慢充:5.0小时,30.0,3030,1496,1637,1960,,,,772.0,两厢车,3.0,4.0,,平开门,,,,,塑料,,,,,,皮/织物混搭,,手动,,
sg27834,944.0,坦克,425.0,坦克,5238,坦克500,251123,3.0T 5座版,2026,燃油,长城汽车,中大型SUV,35.5,35.50万,34.80万,35.50万,2993.0,3.0,双涡轮增压,V,6.0,,360.0,265.0,6000.0,510.0,1500,48V轻混系统,95#,混合喷射,铝,国VI,9挡手自一体,9.0,手自一体变速箱(AT),180.0,,,5年或15万公里,,,,,,,,,,,,,,,,,5070,1934,1905,2850,1635.0,1635.0,224.0,2475.0,SUV,5.0,5.0,,平开门,主 / 副,前 / 后,,主 / 副,,上下+前后,大屏,USB/Type-C,,12以上,真皮,前 / 后,自动,12以上,燃油
sg27872,9918.0,领克,,领克,sg27872,领克09新能源,pcauto_m123022,领克09新能源 2023款 2.0TD EM-P 亚运行政版 五座,2023,插电混动,领克,中大型SUV,28.99,28.99万,,,1969.0,2.0,涡轮增压,直列,4.0,,254.0,187.0,,350.0,,插电混动,95号(原97号),直喷,铝合金,国VI,手自一体,8.0,手自一体,230.0,5.6,,五年或10万公里,永磁同步,130.0,309.0,,,,,,,三元锂电池,18.83,60.0,18.7,四年或10万公里,快充:待定/慢充:2.8小时,80.0,5042,1977,1780,2984,,,,2320.0,SUV,5.0,5.0,,平开门,,,,,真皮(选装NAPPA真皮),上下+前后,,,,,真皮,,自动,,
sg27872,10113.0,领克,,领克,sg27872,领克09新能源,pcauto_m126439,领克09新能源 2024款 2.0TD EM-P PLUS 七座,2024,插电混动,领克,中大型SUV,30.78,30.78万,,,1969.0,2.0,涡轮增压,直列,4.0,,254.0,187.0,,350.0,,插电混动,95号(原97号),直喷,铝合金,国VI,DHT变速箱,3.0,混合动力专用变速箱(DHT),230.0,4.9,,五年或10万公里,永磁同步,256.0,629.0,100.0,320.0,,,,,三元锂电池,40.1,160.0,,八年或20万公里,快充:0.47小时/慢充:待定,80.0,5042,1977,1780,2984,,,,2470.0,SUV,5.0,7.0,,平开门,,,,,真皮,上下+前后,,,,,真皮,,自动,,
sg27872,4027.0,领克,,领克,sg27872,领克09新能源,pcauto_m134505,领克09新能源 2025款 2.0TD EM-P 四驱Max 五座,2025,插电混动,领克,中大型SUV,27.58,27.58万,,,1969.0,2.0,涡轮增压,直列,4.0,,254.0,187.0,,350.0,,插电混动,95号(原97号),直喷,铝合金,国VI,DHT变速箱,3.0,混合动力专用变速箱(DHT),239.0,4.9,,五年或10万公里,永磁同步,256.0,629.0,100.0,320.0,,,,,三元锂电池,40.1,160.0,21.8,八年或20万公里,快充:0.47小时/慢充:待定,80.0,5042,1977,1780,2984,,,,2470.0,SUV,5.0,5.0,,平开门,,,,,真皮,上下+前后,,,,,真皮,,自动,,
sg27873,1900.0,英菲尼迪,29.0,英菲尼迪,5294,英菲尼迪QX60,95374,2.0T两驱典雅版,2024,燃油,东风英菲尼迪,中大型SUV,37.88,37.88万,28.60万,37.88万,1997.0,2.0,涡轮增压,L,4.0,可变压缩比,252.0,185.0,5600.0,376.0,4400,汽油,95#,混合喷射,铝,国VI,9挡手自一体,9.0,手自一体变速箱(AT),190.0,,,4年或10万公里,,,,,,,,,,,,,,,,,5127,2005,1767,2900,1698.0,1699.0,,2075.0,SUV,5.0,7.0,326.0,平开门,主 / 副,前 / 后,,主 / 副,,上下+前后,大屏,USB/Type-C,,46243,仿皮,前 / 后,自动,46243,燃油
sg27881,103457.0,长安,35.0,长安,5288,长安UNI-V,250509,第三代 1.5T 500Bar 尊贵型,2022,燃油,长安汽车,紧凑型车,10.29,10.29万,9.62万,9.79万,1494.0,1.5,涡轮增压,L,4.0,500Bar超高压直喷,192.0,141.0,5500.0,310.0,1500,汽油,92#,缸内直喷,铝,国VI b,7挡双离合,7.0,湿式双离合变速箱（DCT）,205.0,7.5,,3年或10万公里,,,,,,,,,,,,,,,,,4740,1838,1430,2750,1576.0,1586.0,126.0,1415.0,掀背车,5.0,5.0,465.0,平开门,主 / 副,前 / 后,,主 / 副,,上下+前后,大屏,USB/Type-C,,46243,仿皮,前 / 后,自动,46243,燃油
sg27881,119190.0,长安,35.0,长安,5288,长安UNI-V,250509,第三代 1.5T 500Bar 尊贵型,2023,燃油,长安汽车,紧凑型车,10.29,10.29万,9.62万,9.79万,1494.0,1.5,涡轮增压,L,4.0,500Bar超高压直喷,192.0,141.0,5500.0,310.0,1500,汽油,92#,缸内直喷,铝,国VI b,7挡双离合,7.0,湿式双离合变速箱（DCT）,205.0,7.5,,3年或10万公里,,,,,,,,,,,,,,,,,4740,1838,1430,2750,1576.0,1586.0,126.0,1415.0,掀背车,5.0,5.0,465.0,平开门,主 / 副,前 / 后,,主 / 副,,上下+前后,大屏,USB/Type-C,,46243,仿皮,前 / 后,自动,46243,燃油
sg27881,82489.0,长安,35.0,长安,5288,长安UNI-V,250509,第三代 1.5T 500Bar 尊贵型,2024,燃油,长安汽车,紧凑型车,10.29,10.29万,9.62万,9.79万,1494.0,1.5,涡轮增压,L,4.0,500Bar超高压直喷,192.0,141.0,5500.0,310.0,1500,汽油,92#,缸内直喷,铝,国VI b,7挡双离合,7.0,湿式双离合变速箱（DCT）,205.0,7.5,,3年或10万公里,,,,,,,,,,,,,,,,,4740,1838,1430,2750,1576.0,1586.0,126.0,1415.0,掀背车,5.0,5.0,465.0,平开门,主 / 副,前 / 后,,主 / 副,,上下+前后,大屏,USB/Type-C,,46243,仿皮,前 / 后,自动,46243,燃油
sg27881,52158.0,长安,35.0,长安,5288,长安UNI-V,250509,第三代 1.5T 500Bar 尊贵型,2025,燃油,长安汽车,紧凑型车,10.29,10.29万,9.62万,9.79万,1494.0,1.5,涡轮增压,L,4.0,500Bar超高压直喷,192.0,141.0,5500.0,310.0,1500,汽油,92#,缸内直喷,铝,国VI b,7挡双离合,7.0,湿式双离合变速箱（DCT）,205.0,7.5,,3年或10万公里,,,,,,,,,,,,,,,,,4740,1838,1430,2750,1576.0,1586.0,126.0,1415.0,掀背车,5.0,5.0,465.0,平开门,主 / 副,前 / 后,,主 / 副,,上下+前后,大屏,USB/Type-C,,46243,仿皮,前 / 后,自动,46243,燃油
sg27881,12613.0,长安,35.0,长安,5288,长安UNI-V,250509,第三代 1.5T 500Bar 尊贵型,2026,燃油,长安汽车,紧凑型车,10.29,10.29万,9.62万,9.79万,1494.0,1.5,涡轮增压,L,4.0,500Bar超高压直喷,192.0,141.0,5500.0,310.0,1500,汽油,92#,缸内直喷,铝,国VI b,7挡双离合,7.0,湿式双离合变速箱（DCT）,205.0,7.5,,3年或10万公里,,,,,,,,,,,,,,,,,4740,1838,1430,2750,1576.0,1586.0,126.0,1415.0,掀背车,5.0,5.0,465.0,平开门,主 / 副,前 / 后,,主 / 副,,上下+前后,大屏,USB/Type-C,,46243,仿皮,前 / 后,自动,46243,燃油
sg27924,61949.0,比亚迪,16.0,比亚迪,5290,驱逐舰05,248887,DM-i 55KM 畅行版,2022,插电混动,比亚迪,紧凑型车,10.18,10.18万,7.72万,9.18万,1498.0,1.5,自然吸气,L,4.0,VVT,110.0,81.0,6000.0,135.0,4500,插电式混合动力,92#,多点电喷,铝,国VI,E-CVT无级变速,,电子无级变速箱(E-CVT),185.0,7.9,3.8,1年或10万公里,永磁/同步,132.0,316.0,132.0,316.0,,,,,,,46.0,,80,,,4780,1837,1495,2718,1580.0,1590.0,,1515.0,三厢车,4.0,5.0,450.0,平开门,主 / 副,前 / 后,,主 / 副,,上下+前后,大屏,USB/Type-C,,46180,仿皮,前 / 后,自动,46180,插电混动
sg27924,85806.0,比亚迪,16.0,比亚迪,5290,驱逐舰05,248887,DM-i 55KM 畅行版,2023,插电混动,比亚迪,紧凑型车,10.18,10.18万,7.72万,9.18万,1498.0,1.5,自然吸气,L,4.0,VVT,110.0,81.0,6000.0,135.0,4500,插电式混合动力,92#,多点电喷,铝,国VI,E-CVT无级变速,,电子无级变速箱(E-CVT),185.0,7.9,3.8,1年或10万公里,永磁/同步,132.0,316.0,132.0,316.0,,,,,,,46.0,,80,,,4780,1837,1495,2718,1580.0,1590.0,,1515.0,三厢车,4.0,5.0,450.0,平开门,主 / 副,前 / 后,,主 / 副,,上下+前后,大屏,USB/Type-C,,46180,仿皮,前 / 后,自动,46180,插电混动
sg27924,217232.0,比亚迪,16.0,比亚迪,5290,驱逐舰05,248887,DM-i 55KM 畅行版,2024,插电混动,比亚迪,紧凑型车,10.18,10.18万,7.72万,9.18万,1498.0,1.5,自然吸气,L,4.0,VVT,110.0,81.0,6000.0,135.0,4500,插电式混合动力,92#,多点电喷,铝,国VI,E-CVT无级变速,,电子无级变速箱(E-CVT),185.0,7.9,3.8,1年或10万公里,永磁/同步,132.0,316.0,132.0,316.0,,,,,,,46.0,,80,,,4780,1837,1495,2718,1580.0,1590.0,,1515.0,三厢车,4.0,5.0,450.0,平开门,主 / 副,前 / 后,,主 / 副,,上下+前后,大屏,USB/Type-C,,46180,仿皮,前 / 后,自动,46180,插电混动
sg27924,84605.0,比亚迪,16.0,比亚迪,5290,驱逐舰05,248887,DM-i 55KM 畅行版,2025,插电混动,比亚迪,紧凑型车,10.18,10.18万,7.72万,9.18万,1498.0,1.5,自然吸气,L,4.0,VVT,110.0,81.0,6000.0,135.0,4500,插电式混合动力,92#,多点电喷,铝,国VI,E-CVT无级变速,,电子无级变速箱(E-CVT),185.0,7.9,3.8,1年或10万公里,永磁/同步,132.0,316.0,132.0,316.0,,,,,,,46.0,,80,,,4780,1837,1495,2718,1580.0,1590.0,,1515.0,三厢车,4.0,5.0,450.0,平开门,主 / 副,前 / 后,,主 / 副,,上下+前后,大屏,USB/Type-C,,46180,仿皮,前 / 后,自动,46180,插电混动
sg27924,4388.0,比亚迪,16.0,比亚迪,5290,驱逐舰05,248887,DM-i 55KM 畅行版,2026,插电混动,比亚迪,紧凑型车,10.18,10.18万,7.72万,9.18万,1498.0,1.5,自然吸气,L,4.0,VVT,110.0,81.0,6000.0,135.0,4500,插电式混合动力,92#,多点电喷,铝,国VI,E-CVT无级变速,,电子无级变速箱(E-CVT),185.0,7.9,3.8,1年或10万公里,永磁/同步,132.0,316.0,132.0,316.0,,,,,,,46.0,,80,,,4780,1837,1495,2718,1580.0,1590.0,,1515.0,三厢车,4.0,5.0,450.0,平开门,主 / 副,前 / 后,,主 / 副,,上下+前后,大屏,USB/Type-C,,46180,仿皮,前 / 后,自动,46180,插电混动
sg27932,2684.0,欧拉,238.0,欧拉,5297,欧拉芭蕾猫,88725,401km 豪华版,2023,纯电动,长城汽车,紧凑型车,14.98,14.98万,暂无报价,14.98万,,,,,,,,,,,,纯电动,,,,,电动车单速变速箱,1.0,固定齿比变速箱,155.0,,,4年或15万公里,永磁/同步,126.0,250.0,126.0,250.0,,,,,,,401.0,,80,,,4401,1867,1633,2750,1583.0,1587.0,135.0,1740.0,掀背车,5.0,5.0,,平开门,主 / 副,前 / 后,,主 / 副,,上下+前后,大屏,USB/Type-C,,46243,仿皮,前 / 后,自动,46243,纯电动
sg27941,25375.0,深蓝汽车,515.0,深蓝汽车,5306,深蓝SL03,246678,改款 140 增程精英型,2022,增程式,深蓝汽车,中型车,12.99,12.99万,11.99万,11.99万,1480.0,1.5,自然吸气,L,4.0,,95.0,70.0,5000.0,141.0,4000,增程式,92#,多点电喷,铝,国VI b,电动车单速变速箱,1.0,固定齿比变速箱,170.0,7.2,,3年或12万公里,永磁/同步,175.0,320.0,,,175.0,320.0,,,,,100.0,,,,,4820,1890,1480,2900,1620.0,1630.0,115.0,1780.0,掀背车,5.0,5.0,473.0,平开门,主 / 副,前 / 后,,主 / 副,,上下+前后,大屏,USB/Type-C,,46180,仿皮,前 / 后,自动,46180,增程式
sg27941,72578.0,深蓝汽车,515.0,深蓝汽车,5306,深蓝SL03,246678,改款 140 增程精英型,2023,增程式,深蓝汽车,中型车,12.99,12.99万,11.99万,11.99万,1480.0,1.5,自然吸气,L,4.0,,95.0,70.0,5000.0,141.0,4000,增程式,92#,多点电喷,铝,国VI b,电动车单速变速箱,1.0,固定齿比变速箱,170.0,7.2,,3年或12万公里,永磁/同步,175.0,320.0,,,175.0,320.0,,,,,100.0,,,,,4820,1890,1480,2900,1620.0,1630.0,115.0,1780.0,掀背车,5.0,5.0,473.0,平开门,主 / 副,前 / 后,,主 / 副,,上下+前后,大屏,USB/Type-C,,46180,仿皮,前 / 后,自动,46180,增程式
sg27941,53791.0,深蓝汽车,515.0,深蓝汽车,5306,深蓝SL03,246678,改款 140 增程精英型,2024,增程式,深蓝汽车,中型车,12.99,12.99万,11.99万,11.99万,1480.0,1.5,自然吸气,L,4.0,,95.0,70.0,5000.0,141.0,4000,增程式,92#,多点电喷,铝,国VI b,电动车单速变速箱,1.0,固定齿比变速箱,170.0,7.2,,3年或12万公里,永磁/同步,175.0,320.0,,,175.0,320.0,,,,,100.0,,,,,4820,1890,1480,2900,1620.0,1630.0,115.0,1780.0,掀背车,5.0,5.0,473.0,平开门,主 / 副,前 / 后,,主 / 副,,上下+前后,大屏,USB/Type-C,,46180,仿皮,前 / 后,自动,46180,增程式
sg27941,20319.0,深蓝汽车,515.0,深蓝汽车,5306,深蓝SL03,246678,改款 140 增程精英型,2025,增程式,深蓝汽车,中型车,12.99,12.99万,11.99万,11.99万,1480.0,1.5,自然吸气,L,4.0,,95.0,70.0,5000.0,141.0,4000,增程式,92#,多点电喷,铝,国VI b,电动车单速变速箱,1.0,固定齿比变速箱,170.0,7.2,,3年或12万公里,永磁/同步,175.0,320.0,,,175.0,320.0,,,,,100.0,,,,,4820,1890,1480,2900,1620.0,1630.0,115.0,1780.0,掀背车,5.0,5.0,473.0,平开门,主 / 副,前 / 后,,主 / 副,,上下+前后,大屏,USB/Type-C,,46180,仿皮,前 / 后,自动,46180,增程式
sg27941,1575.0,深蓝汽车,515.0,深蓝汽车,5306,深蓝SL03,246678,改款 140 增程精英型,2026,增程式,深蓝汽车,中型车,12.99,12.99万,11.99万,11.99万,1480.0,1.5,自然吸气,L,4.0,,95.0,70.0,5000.0,141.0,4000,增程式,92#,多点电喷,铝,国VI b,电动车单速变速箱,1.0,固定齿比变速箱,170.0,7.2,,3年或12万公里,永磁/同步,175.0,320.0,,,175.0,320.0,,,,,100.0,,,,,4820,1890,1480,2900,1620.0,1630.0,115.0,1780.0,掀背车,5.0,5.0,473.0,平开门,主 / 副,前 / 后,,主 / 副,,上下+前后,大屏,USB/Type-C,,46180,仿皮,前 / 后,自动,46180,增程式
sg27951,,奇瑞,18.0,奇瑞,5162,欧萌达,245566,1.5T CVT畅行版,2025,燃油,奇瑞汽车,紧凑型SUV,12.99,12.99万,暂无报价,12.99万,1498.0,1.5,涡轮增压,L,4.0,DVVT,156.0,115.0,5500.0,230.0,1750,汽油,92#,多点电喷,铁,国VI b,CVT无级变速（模拟9挡）,,无级变速箱(CVT),191.0,,,3年或10万公里,,,,,,,,,,,,,,,,,4400,1830,1588,2630,1550.0,1550.0,,1420.0,SUV,5.0,5.0,292.0,平开门,主 / 副,前 / 后,,主 / 副,,上下+前后,大屏,USB/Type-C,,46180,皮织混搭,前 / 后,手动,46180,燃油
sg27956,2971.0,坦克,425.0,坦克,5312,坦克400,252162,2.0T 汽油版,2026,燃油,长城汽车,中大型SUV,24.98,24.98万,23.87万,24.98万,1998.0,2.0,涡轮增压,L,4.0,,252.0,185.0,6000.0,385.0,1700,48V轻混系统,92#,缸内直喷,铝,国VI b,9挡手自一体,9.0,手自一体变速箱(AT),175.0,,,5年或15万公里,,,,,,,,,,,,,,,,,4964,1970,1905,2850,1635.0,1635.0,235.0,2365.0,SUV,5.0,5.0,789.0,平开门,主 / 副,前 / 后,,主 / 副,,上下+前后,,USB/Type-C,,12以上,真皮,前 / 后,自动,12以上,燃油
sg28002,5350.0,smart,48.0,smart,5322,smart精灵#1,248889,灵动升级版,2026,纯电动,smart,小型SUV,15.49,15.49万,14.98万,14.29万,,,,,,,,,,,,纯电动,,,,,电动车单速变速箱,1.0,固定齿比变速箱,180.0,6.9,,4年或15万公里,永磁/同步,175.0,300.0,,,175.0,300.0,,,,,410.0,,80,,,4270,1822,1636,2750,1581.0,1586.0,181.0,1770.0,SUV,5.0,5.0,313.0,平开门,主 / 副,前 / 后,,主 / 副,,上下+前后,大屏,USB/Type-C,,12以上,仿皮,前 / 后,自动,12以上,纯电动
sg28005,82056.0,本田,9.0,本田,5340,型格,246417,240TURBO CVT科技版,2022,燃油,广汽本田,紧凑型车,13.99,13.99万,10.49万,10.79万,1498.0,1.5,涡轮增压,L,4.0,VTEC,182.0,134.0,6000.0,240.0,1700,汽油,92#,缸内直喷,铝,国VI,CVT无级变速,,无级变速箱(CVT),200.0,,,3年或10万公里,,,,,,,,,,,,,,,,,4689,1802,1415,2735,1547.0,1575.0,,1362.0,三厢车,4.0,5.0,,平开门,主 / 副,前 / 后,,主 / 副,,上下+前后,,USB/Type-C,,46243,织物,前 / 后,自动,46243,燃油
sg28005,119174.0,本田,9.0,本田,5340,型格,246417,240TURBO CVT科技版,2023,燃油,广汽本田,紧凑型车,13.99,13.99万,10.49万,10.79万,1498.0,1.5,涡轮增压,L,4.0,VTEC,182.0,134.0,6000.0,240.0,1700,汽油,92#,缸内直喷,铝,国VI,CVT无级变速,,无级变速箱(CVT),200.0,,,3年或10万公里,,,,,,,,,,,,,,,,,4689,1802,1415,2735,1547.0,1575.0,,1362.0,三厢车,4.0,5.0,,平开门,主 / 副,前 / 后,,主 / 副,,上下+前后,,USB/Type-C,,46243,织物,前 / 后,自动,46243,燃油
sg28005,79266.0,本田,9.0,本田,5340,型格,246417,240TURBO CVT科技版,2024,燃油,广汽本田,紧凑型车,13.99,13.99万,10.49万,10.79万,1498.0,1.5,涡轮增压,L,4.0,VTEC,182.0,134.0,6000.0,240.0,1700,汽油,92#,缸内直喷,铝,国VI,CVT无级变速,,无级变速箱(CVT),200.0,,,3年或10万公里,,,,,,,,,,,,,,,,,4689,1802,1415,2735,1547.0,1575.0,,1362.0,三厢车,4.0,5.0,,平开门,主 / 副,前 / 后,,主 / 副,,上下+前后,,USB/Type-C,,46243,织物,前 / 后,自动,46243,燃油
sg28005,18917.0,本田,9.0,本田,5340,型格,246417,240TURBO CVT科技版,2025,燃油,广汽本田,紧凑型车,13.99,13.99万,10.49万,10.79万,1498.0,1.5,涡轮增压,L,4.0,VTEC,182.0,134.0,6000.0,240.0,1700,汽油,92#,缸内直喷,铝,国VI,CVT无级变速,,无级变速箱(CVT),200.0,,,3年或10万公里,,,,,,,,,,,,,,,,,4689,1802,1415,2735,1547.0,1575.0,,1362.0,三厢车,4.0,5.0,,平开门,主 / 副,前 / 后,,主 / 副,,上下+前后,,USB/Type-C,,46243,织物,前 / 后,自动,46243,燃油
sg28005,1999.0,本田,9.0,本田,5340,型格,246417,240TURBO CVT科技版,2026,燃油,广汽本田,紧凑型车,13.99,13.99万,10.49万,10.79万,1498.0,1.5,涡轮增压,L,4.0,VTEC,182.0,134.0,6000.0,240.0,1700,汽油,92#,缸内直喷,铝,国VI,CVT无级变速,,无级变速箱(CVT),200.0,,,3年或10万公里,,,,,,,,,,,,,,,,,4689,1802,1415,2735,1547.0,1575.0,,1362.0,三厢车,4.0,5.0,,平开门,主 / 副,前 / 后,,主 / 副,,上下+前后,,USB/Type-C,,46243,织物,前 / 后,自动,46243,燃油
sg28006,19721.0,丰田,5.0,丰田,5339,威飒,110067,2.0L CVT两驱豪华版,2022,燃油,广汽丰田,中型SUV,21.68,21.68万,暂无报价,16.18万,1987.0,2.0,自然吸气,L,4.0,"VVT-i,VVT-iE",171.0,126.0,6600.0,206.0,4600,汽油,92#,混合喷射,铝,国VI,CVT无级变速(模拟10挡),10.0,无级变速箱(CVT),175.0,,6.46,3年或10万公里,,,,,,,,,,,,,,,,,4780,1855,1660,2690,1607.0,1627.0,,1575.0,SUV,5.0,5.0,,平开门,主 / 副,前 / 后,,主 / 副,,上下+前后,大屏,USB/Type-C,,46180,仿皮,前 / 后,自动,46180,燃油
sg28006,29286.0,丰田,5.0,丰田,5339,威飒,110067,2.0L CVT两驱豪华版,2023,燃油,广汽丰田,中型SUV,21.68,21.68万,暂无报价,16.18万,1987.0,2.0,自然吸气,L,4.0,"VVT-i,VVT-iE",171.0,126.0,6600.0,206.0,4600,汽油,92#,混合喷射,铝,国VI,CVT无级变速(模拟10挡),10.0,无级变速箱(CVT),175.0,,6.46,3年或10万公里,,,,,,,,,,,,,,,,,4780,1855,1660,2690,1607.0,1627.0,,1575.0,SUV,5.0,5.0,,平开门,主 / 副,前 / 后,,主 / 副,,上下+前后,大屏,USB/Type-C,,46180,仿皮,前 / 后,自动,46180,燃油
sg28006,16749.0,丰田,5.0,丰田,5339,威飒,110067,2.0L CVT两驱豪华版,2024,燃油,广汽丰田,中型SUV,21.68,21.68万,暂无报价,16.18万,1987.0,2.0,自然吸气,L,4.0,"VVT-i,VVT-iE",171.0,126.0,6600.0,206.0,4600,汽油,92#,混合喷射,铝,国VI,CVT无级变速(模拟10挡),10.0,无级变速箱(CVT),175.0,,6.46,3年或10万公里,,,,,,,,,,,,,,,,,4780,1855,1660,2690,1607.0,1627.0,,1575.0,SUV,5.0,5.0,,平开门,主 / 副,前 / 后,,主 / 副,,上下+前后,大屏,USB/Type-C,,46180,仿皮,前 / 后,自动,46180,燃油
sg28006,4231.0,丰田,5.0,丰田,5339,威飒,110067,2.0L CVT两驱豪华版,2025,燃油,广汽丰田,中型SUV,21.68,21.68万,暂无报价,16.18万,1987.0,2.0,自然吸气,L,4.0,"VVT-i,VVT-iE",171.0,126.0,6600.0,206.0,4600,汽油,92#,混合喷射,铝,国VI,CVT无级变速(模拟10挡),10.0,无级变速箱(CVT),175.0,,6.46,3年或10万公里,,,,,,,,,,,,,,,,,4780,1855,1660,2690,1607.0,1627.0,,1575.0,SUV,5.0,5.0,,平开门,主 / 副,前 / 后,,主 / 副,,上下+前后,大屏,USB/Type-C,,46180,仿皮,前 / 后,自动,46180,燃油
sg28006,59.0,丰田,5.0,丰田,5339,威飒,110067,2.0L CVT两驱豪华版,2026,燃油,广汽丰田,中型SUV,21.68,21.68万,暂无报价,16.18万,1987.0,2.0,自然吸气,L,4.0,"VVT-i,VVT-iE",171.0,126.0,6600.0,206.0,4600,汽油,92#,混合喷射,铝,国VI,CVT无级变速(模拟10挡),10.0,无级变速箱(CVT),175.0,,6.46,3年或10万公里,,,,,,,,,,,,,,,,,4780,1855,1660,2690,1607.0,1627.0,,1575.0,SUV,5.0,5.0,,平开门,主 / 副,前 / 后,,主 / 副,,上下+前后,大屏,USB/Type-C,,46180,仿皮,前 / 后,自动,46180,燃油
sg28011,51200.0,比亚迪,16.0,比亚迪,5579,海豹,244970,510智航版,2022,纯电动,比亚迪,中型车,17.58,17.58万,暂无报价,16.78万,,,,,,,,,,,,纯电动,,,,,电动车单速变速箱,1.0,固定齿比变速箱,220.0,6.5,,6年或15万公里,永磁/同步,170.0,380.0,,,170.0,380.0,,,,,510.0,,80,,,4800,1875,1460,2920,1620.0,1625.0,,1950.0,三厢车,4.0,5.0,400.0,平开门,主 / 副,前 / 后,,主 / 副,,上下+前后,大屏,USB/Type-C+SD卡槽,,46306,仿皮,前 / 后,自动,46306,纯电动
sg28011,62079.0,比亚迪,16.0,比亚迪,5579,海豹,244970,510智航版,2023,纯电动,比亚迪,中型车,17.58,17.58万,暂无报价,16.78万,,,,,,,,,,,,纯电动,,,,,电动车单速变速箱,1.0,固定齿比变速箱,220.0,6.5,,6年或15万公里,永磁/同步,170.0,380.0,,,170.0,380.0,,,,,510.0,,80,,,4800,1875,1460,2920,1620.0,1625.0,,1950.0,三厢车,4.0,5.0,400.0,平开门,主 / 副,前 / 后,,主 / 副,,上下+前后,大屏,USB/Type-C+SD卡槽,,46306,仿皮,前 / 后,自动,46306,纯电动
sg28011,17528.0,比亚迪,16.0,比亚迪,5579,海豹,244970,510智航版,2024,纯电动,比亚迪,中型车,17.58,17.58万,暂无报价,16.78万,,,,,,,,,,,,纯电动,,,,,电动车单速变速箱,1.0,固定齿比变速箱,220.0,6.5,,6年或15万公里,永磁/同步,170.0,380.0,,,170.0,380.0,,,,,510.0,,80,,,4800,1875,1460,2920,1620.0,1625.0,,1950.0,三厢车,4.0,5.0,400.0,平开门,主 / 副,前 / 后,,主 / 副,,上下+前后,大屏,USB/Type-C+SD卡槽,,46306,仿皮,前 / 后,自动,46306,纯电动
sg28011,6189.0,比亚迪,16.0,比亚迪,5579,海豹,244970,510智航版,2025,纯电动,比亚迪,中型车,17.58,17.58万,暂无报价,16.78万,,,,,,,,,,,,纯电动,,,,,电动车单速变速箱,1.0,固定齿比变速箱,220.0,6.5,,6年或15万公里,永磁/同步,170.0,380.0,,,170.0,380.0,,,,,510.0,,80,,,4800,1875,1460,2920,1620.0,1625.0,,1950.0,三厢车,4.0,5.0,400.0,平开门,主 / 副,前 / 后,,主 / 副,,上下+前后,大屏,USB/Type-C+SD卡槽,,46306,仿皮,前 / 后,自动,46306,纯电动
sg28011,431.0,比亚迪,16.0,比亚迪,5579,海豹,244970,510智航版,2026,纯电动,比亚迪,中型车,17.58,17.58万,暂无报价,16.78万,,,,,,,,,,,,纯电动,,,,,电动车单速变速箱,1.0,固定齿比变速箱,220.0,6.5,,6年或15万公里,永磁/同步,170.0,380.0,,,170.0,380.0,,,,,510.0,,80,,,4800,1875,1460,2920,1620.0,1625.0,,1950.0,三厢车,4.0,5.0,400.0,平开门,主 / 副,前 / 后,,主 / 副,,上下+前后,大屏,USB/Type-C+SD卡槽,,46306,仿皮,前 / 后,自动,46306,纯电动
sg28032,12488.0,长安,35.0,长安,5216,长安UNI-K 智电iDD,97249,智电iDD 1.5T 135km智享型,2022,插电混动,长安汽车,中型SUV,18.79,18.79万,17.39万,17.29万,1494.0,1.5,涡轮增压,L,4.0,,170.0,125.0,5500.0,255.0,1500,插电式混合动力,92#,缸内直喷,铝,国VI b,6挡双离合,6.0,湿式双离合变速箱（DCT）,200.0,8.1,,3年或12万公里,永磁/同步,110.0,330.0,110.0,330.0,,,,,,,117.0,,80,,,4865,1948,1690,2890,1636.0,1650.0,157.0,2075.0,SUV,5.0,5.0,518.0,平开门,主 / 副,前 / 后,,主 / 副,,上下+前后,,USB/Type-C,索尼,,仿皮,前 / 后,自动,,插电混动
sg28032,6570.0,长安,35.0,长安,5216,长安UNI-K 智电iDD,97249,智电iDD 1.5T 135km智享型,2023,插电混动,长安汽车,中型SUV,18.79,18.79万,17.39万,17.29万,1494.0,1.5,涡轮增压,L,4.0,,170.0,125.0,5500.0,255.0,1500,插电式混合动力,92#,缸内直喷,铝,国VI b,6挡双离合,6.0,湿式双离合变速箱（DCT）,200.0,8.1,,3年或12万公里,永磁/同步,110.0,330.0,110.0,330.0,,,,,,,117.0,,80,,,4865,1948,1690,2890,1636.0,1650.0,157.0,2075.0,SUV,5.0,5.0,518.0,平开门,主 / 副,前 / 后,,主 / 副,,上下+前后,,USB/Type-C,索尼,,仿皮,前 / 后,自动,,插电混动
sg28032,966.0,长安,35.0,长安,5216,长安UNI-K 智电iDD,97249,智电iDD 1.5T 135km智享型,2024,插电混动,长安汽车,中型SUV,18.79,18.79万,17.39万,17.29万,1494.0,1.5,涡轮增压,L,4.0,,170.0,125.0,5500.0,255.0,1500,插电式混合动力,92#,缸内直喷,铝,国VI b,6挡双离合,6.0,湿式双离合变速箱（DCT）,200.0,8.1,,3年或12万公里,永磁/同步,110.0,330.0,110.0,330.0,,,,,,,117.0,,80,,,4865,1948,1690,2890,1636.0,1650.0,157.0,2075.0,SUV,5.0,5.0,518.0,平开门,主 / 副,前 / 后,,主 / 副,,上下+前后,,USB/Type-C,索尼,,仿皮,前 / 后,自动,,插电混动
sg28032,319.0,长安,35.0,长安,5216,长安UNI-K 智电iDD,97249,智电iDD 1.5T 135km智享型,2025,插电混动,长安汽车,中型SUV,18.79,18.79万,17.39万,17.29万,1494.0,1.5,涡轮增压,L,4.0,,170.0,125.0,5500.0,255.0,1500,插电式混合动力,92#,缸内直喷,铝,国VI b,6挡双离合,6.0,湿式双离合变速箱（DCT）,200.0,8.1,,3年或12万公里,永磁/同步,110.0,330.0,110.0,330.0,,,,,,,117.0,,80,,,4865,1948,1690,2890,1636.0,1650.0,157.0,2075.0,SUV,5.0,5.0,518.0,平开门,主 / 副,前 / 后,,主 / 副,,上下+前后,,USB/Type-C,索尼,,仿皮,前 / 后,自动,,插电混动
sg28032,7.0,长安,35.0,长安,5216,长安UNI-K 智电iDD,97249,智电iDD 1.5T 135km智享型,2026,插电混动,长安汽车,中型SUV,18.79,18.79万,17.39万,17.29万,1494.0,1.5,涡轮增压,L,4.0,,170.0,125.0,5500.0,255.0,1500,插电式混合动力,92#,缸内直喷,铝,国VI b,6挡双离合,6.0,湿式双离合变速箱（DCT）,200.0,8.1,,3年或12万公里,永磁/同步,110.0,330.0,110.0,330.0,,,,,,,117.0,,80,,,4865,1948,1690,2890,1636.0,1650.0,157.0,2075.0,SUV,5.0,5.0,518.0,平开门,主 / 副,前 / 后,,主 / 副,,上下+前后,,USB/Type-C,索尼,,仿皮,前 / 后,自动,,插电混动
sg28053,1414.0,凯翼,142.0,凯翼,5367,炫界Pro EV,90492,401km 网约版,2023,纯电动,凯翼汽车,小型SUV,11.99,11.99万,暂无报价,11.99万,,,,,,,,,,,,纯电动,,,,,电动车单速变速箱,1.0,固定齿比变速箱,150.0,,,3年或10万公里,永磁/同步,120.0,280.0,120.0,280.0,,,,,,,401.0,,80,,,4400,1831,1646,2632,1551.0,1563.0,,1620.0,SUV,5.0,5.0,,平开门,主 / 副,前 / 后,,主 / 副,,上下,大屏,USB/Type-C,,46117,织物,前 / 后,手动,46117,纯电动
sg28071,96893.0,丰田,5.0,丰田,5369,锋兰达,252252,2.0L CVT舒适版,2022,燃油,广汽丰田,紧凑型SUV,13.28,13.28万,9.77万,9.08万,1987.0,2.0,自然吸气,L,4.0,"VVT-i,VVT-iE",171.0,126.0,6600.0,205.0,4600,汽油,92#,混合喷射,铝,国VI,CVT无级变速(模拟10挡),,无级变速箱(CVT),180.0,,6.15,3年或10万公里,,,,,,,,,,,,,,,,,4490,1825,1625,2640,1565.0,1580.0,,1380.0,SUV,5.0,5.0,438.0,平开门,主 / 副,前 / 后,,主 / 副,,上下+前后,大屏,USB/Type-C,,46117,仿皮,前 / 后,自动,46117,燃油
sg28071,183175.0,丰田,5.0,丰田,5369,锋兰达,252252,2.0L CVT舒适版,2023,燃油,广汽丰田,紧凑型SUV,13.28,13.28万,9.77万,9.08万,1987.0,2.0,自然吸气,L,4.0,"VVT-i,VVT-iE",171.0,126.0,6600.0,205.0,4600,汽油,92#,混合喷射,铝,国VI,CVT无级变速(模拟10挡),,无级变速箱(CVT),180.0,,6.15,3年或10万公里,,,,,,,,,,,,,,,,,4490,1825,1625,2640,1565.0,1580.0,,1380.0,SUV,5.0,5.0,438.0,平开门,主 / 副,前 / 后,,主 / 副,,上下+前后,大屏,USB/Type-C,,46117,仿皮,前 / 后,自动,46117,燃油
sg28071,204847.0,丰田,5.0,丰田,5369,锋兰达,252252,2.0L CVT舒适版,2024,燃油,广汽丰田,紧凑型SUV,13.28,13.28万,9.77万,9.08万,1987.0,2.0,自然吸气,L,4.0,"VVT-i,VVT-iE",171.0,126.0,6600.0,205.0,4600,汽油,92#,混合喷射,铝,国VI,CVT无级变速(模拟10挡),,无级变速箱(CVT),180.0,,6.15,3年或10万公里,,,,,,,,,,,,,,,,,4490,1825,1625,2640,1565.0,1580.0,,1380.0,SUV,5.0,5.0,438.0,平开门,主 / 副,前 / 后,,主 / 副,,上下+前后,大屏,USB/Type-C,,46117,仿皮,前 / 后,自动,46117,燃油
sg28071,174434.0,丰田,5.0,丰田,5369,锋兰达,252252,2.0L CVT舒适版,2025,燃油,广汽丰田,紧凑型SUV,13.28,13.28万,9.77万,9.08万,1987.0,2.0,自然吸气,L,4.0,"VVT-i,VVT-iE",171.0,126.0,6600.0,205.0,4600,汽油,92#,混合喷射,铝,国VI,CVT无级变速(模拟10挡),,无级变速箱(CVT),180.0,,6.15,3年或10万公里,,,,,,,,,,,,,,,,,4490,1825,1625,2640,1565.0,1580.0,,1380.0,SUV,5.0,5.0,438.0,平开门,主 / 副,前 / 后,,主 / 副,,上下+前后,大屏,USB/Type-C,,46117,仿皮,前 / 后,自动,46117,燃油
sg28071,78625.0,丰田,5.0,丰田,5369,锋兰达,252252,2.0L CVT舒适版,2026,燃油,广汽丰田,紧凑型SUV,13.28,13.28万,9.77万,9.08万,1987.0,2.0,自然吸气,L,4.0,"VVT-i,VVT-iE",171.0,126.0,6600.0,205.0,4600,汽油,92#,混合喷射,铝,国VI,CVT无级变速(模拟10挡),,无级变速箱(CVT),180.0,,6.15,3年或10万公里,,,,,,,,,,,,,,,,,4490,1825,1625,2640,1565.0,1580.0,,1380.0,SUV,5.0,5.0,438.0,平开门,主 / 副,前 / 后,,主 / 副,,上下+前后,大屏,USB/Type-C,,46117,仿皮,前 / 后,自动,46117,燃油
sg28123,84594.0,丰田,5.0,丰田,5382,卡罗拉锐放,252991,2.0L CVT 先锋版,2022,燃油,一汽丰田,紧凑型SUV,12.68,12.68万,8.71万,9.38万,1987.0,2.0,自然吸气,L,4.0,VVT-iE,171.0,126.0,6600.0,205.0,4600,汽油,92#,混合喷射,铝,国VI b,CVT无级变速(模拟10挡),,无级变速箱(CVT),180.0,,6.16,3年或10万公里,,,,,,,,,,,,,,,,,4460,1825,1625,2640,1565.0,1580.0,,1390.0,SUV,5.0,5.0,438.0,平开门,主 / 副,前 / 后,,主 / 副,,上下+前后,大屏,USB/Type-C,,46117,织物,前 / 后,自动,46117,燃油
sg28123,142846.0,丰田,5.0,丰田,5382,卡罗拉锐放,252991,2.0L CVT 先锋版,2023,燃油,一汽丰田,紧凑型SUV,12.68,12.68万,8.71万,9.38万,1987.0,2.0,自然吸气,L,4.0,VVT-iE,171.0,126.0,6600.0,205.0,4600,汽油,92#,混合喷射,铝,国VI b,CVT无级变速(模拟10挡),,无级变速箱(CVT),180.0,,6.16,3年或10万公里,,,,,,,,,,,,,,,,,4460,1825,1625,2640,1565.0,1580.0,,1390.0,SUV,5.0,5.0,438.0,平开门,主 / 副,前 / 后,,主 / 副,,上下+前后,大屏,USB/Type-C,,46117,织物,前 / 后,自动,46117,燃油
sg28123,190992.0,丰田,5.0,丰田,5382,卡罗拉锐放,252991,2.0L CVT 先锋版,2024,燃油,一汽丰田,紧凑型SUV,12.68,12.68万,8.71万,9.38万,1987.0,2.0,自然吸气,L,4.0,VVT-iE,171.0,126.0,6600.0,205.0,4600,汽油,92#,混合喷射,铝,国VI b,CVT无级变速(模拟10挡),,无级变速箱(CVT),180.0,,6.16,3年或10万公里,,,,,,,,,,,,,,,,,4460,1825,1625,2640,1565.0,1580.0,,1390.0,SUV,5.0,5.0,438.0,平开门,主 / 副,前 / 后,,主 / 副,,上下+前后,大屏,USB/Type-C,,46117,织物,前 / 后,自动,46117,燃油
sg28123,186575.0,丰田,5.0,丰田,5382,卡罗拉锐放,252991,2.0L CVT 先锋版,2025,燃油,一汽丰田,紧凑型SUV,12.68,12.68万,8.71万,9.38万,1987.0,2.0,自然吸气,L,4.0,VVT-iE,171.0,126.0,6600.0,205.0,4600,汽油,92#,混合喷射,铝,国VI b,CVT无级变速(模拟10挡),,无级变速箱(CVT),180.0,,6.16,3年或10万公里,,,,,,,,,,,,,,,,,4460,1825,1625,2640,1565.0,1580.0,,1390.0,SUV,5.0,5.0,438.0,平开门,主 / 副,前 / 后,,主 / 副,,上下+前后,大屏,USB/Type-C,,46117,织物,前 / 后,自动,46117,燃油
sg28123,67793.0,丰田,5.0,丰田,5382,卡罗拉锐放,252991,2.0L CVT 先锋版,2026,燃油,一汽丰田,紧凑型SUV,12.68,12.68万,8.71万,9.38万,1987.0,2.0,自然吸气,L,4.0,VVT-iE,171.0,126.0,6600.0,205.0,4600,汽油,92#,混合喷射,铝,国VI b,CVT无级变速(模拟10挡),,无级变速箱(CVT),180.0,,6.16,3年或10万公里,,,,,,,,,,,,,,,,,4460,1825,1625,2640,1565.0,1580.0,,1390.0,SUV,5.0,5.0,438.0,平开门,主 / 副,前 / 后,,主 / 副,,上下+前后,大屏,USB/Type-C,,46117,织物,前 / 后,自动,46117,燃油
sg28131,3608.0,本田,,本田,sg28131,e:NP1 极湃1,pcauto_m114583,e:NP1 极湃1 2022款 420km 见极版,2022,纯电动,广汽本田,小型SUV,17.5,17.5万,,,,,,,,,,,,,,纯电动,,,,,固定齿比,1.0,固定齿比,150.0,,,三年或12万公里,永磁同步,134.0,310.0,134.0,310.0,,,,,三元锂电池,53.6,420.0,13.6,八年或15万公里,快充:0.67小时/慢充:9.0小时,80.0,4388,1790,1560,2610,,,,1652.0,SUV,5.0,5.0,,,,,,,塑料,上下+前后,,,,,仿皮,,自动,,
sg28211,0.0,红旗,,红旗,sg28211,红旗国耀,pcauto_m113755,红旗国耀 2022款 4.0T 典雅旗航版 6座,2022,燃油,一汽红旗,大型SUV,136.58,136.58万,,,3988.0,4.0,双涡轮增压,V型,8.0,,360.0,265.0,,500.0,,汽油,95号(原97号),直喷,铝合金,国Ⅳ+OBD,手自一体,8.0,手自一体,200.0,9.1,,,,,,,,,,,,,,,,,,,5695,2095,1985,3309,,,,3100.0,SUV,5.0,6.0,,平开门,,,,,真皮,上下+前后,,,,,真皮,,自动,,
sg28211,18.0,红旗,,红旗,sg28211,红旗国耀,pcauto_m113755,红旗国耀 2022款 4.0T 典雅旗航版 6座,2023,燃油,一汽红旗,大型SUV,136.58,136.58万,,,3988.0,4.0,双涡轮增压,V型,8.0,,360.0,265.0,,500.0,,汽油,95号(原97号),直喷,铝合金,国Ⅳ+OBD,手自一体,8.0,手自一体,200.0,9.1,,,,,,,,,,,,,,,,,,,5695,2095,1985,3309,,,,3100.0,SUV,5.0,6.0,,平开门,,,,,真皮,上下+前后,,,,,真皮,,自动,,
sg28211,77.0,红旗,,红旗,sg28211,红旗国耀,pcauto_m113755,红旗国耀 2022款 4.0T 典雅旗航版 6座,2024,燃油,一汽红旗,大型SUV,136.58,136.58万,,,3988.0,4.0,双涡轮增压,V型,8.0,,360.0,265.0,,500.0,,汽油,95号(原97号),直喷,铝合金,国Ⅳ+OBD,手自一体,8.0,手自一体,200.0,9.1,,,,,,,,,,,,,,,,,,,5695,2095,1985,3309,,,,3100.0,SUV,5.0,6.0,,平开门,,,,,真皮,上下+前后,,,,,真皮,,自动,,
sg28211,84.0,红旗,,红旗,sg28211,红旗国耀,pcauto_m136374,红旗国耀 2026款 4.0T 典雅旗航版 6座,2025,燃油,一汽红旗,大型SUV,156.0,156万,,,3977.0,4.0,双涡轮增压,V型,8.0,,544.0,400.0,,725.0,,汽油,95号(原97号),直喷,铝合金,国Ⅳ+OBD,手自一体,8.0,手自一体,200.0,6.1,,,,,,,,,,,,,,,,,,,5695,2095,2010,3309,,,,3180.0,SUV,5.0,6.0,,平开门,,,,,真皮,上下+前后,,,,,真皮,,自动,,
sg28211,26.0,红旗,,红旗,sg28211,红旗国耀,pcauto_m136374,红旗国耀 2026款 4.0T 典雅旗航版 6座,2026,燃油,一汽红旗,大型SUV,156.0,156万,,,3977.0,4.0,双涡轮增压,V型,8.0,,544.0,400.0,,725.0,,汽油,95号(原97号),直喷,铝合金,国Ⅳ+OBD,手自一体,8.0,手自一体,200.0,6.1,,,,,,,,,,,,,,,,,,,5695,2095,2010,3309,,,,3180.0,SUV,5.0,6.0,,平开门,,,,,真皮,上下+前后,,,,,真皮,,自动,,
sg2824,159055.0,大众,1.0,大众,415,迈腾,241549,众享款 280TSI DSG舒适型,2022,燃油,一汽-大众,中型车,17.49,17.49万,17.10万,11.99万,1395.0,1.4,涡轮增压,L,4.0,,150.0,110.0,5000.0,250.0,1750,汽油,92#,缸内直喷,铝,国VI,7挡双离合,7.0,干式双离合变速箱（DCT）,210.0,9.4,,3年或10万公里,,,,,,,,,,,,,,,,,4866,1832,1479,2871,1584.0,1570.0,123.0,1452.0,三厢车,4.0,5.0,533.0,平开门,主 / 副,前 / 后,,主 / 副,,上下+前后,大屏,USB/Type-C,,46243,仿皮,前 / 后,手动,46243,燃油
sg2824,189370.0,大众,1.0,大众,415,迈腾,241549,众享款 280TSI DSG舒适型,2023,燃油,一汽-大众,中型车,17.49,17.49万,17.10万,11.99万,1395.0,1.4,涡轮增压,L,4.0,,150.0,110.0,5000.0,250.0,1750,汽油,92#,缸内直喷,铝,国VI,7挡双离合,7.0,干式双离合变速箱（DCT）,210.0,9.4,,3年或10万公里,,,,,,,,,,,,,,,,,4866,1832,1479,2871,1584.0,1570.0,123.0,1452.0,三厢车,4.0,5.0,533.0,平开门,主 / 副,前 / 后,,主 / 副,,上下+前后,大屏,USB/Type-C,,46243,仿皮,前 / 后,手动,46243,燃油
sg2824,174973.0,大众,1.0,大众,415,迈腾,241549,众享款 280TSI DSG舒适型,2024,燃油,一汽-大众,中型车,17.49,17.49万,17.10万,11.99万,1395.0,1.4,涡轮增压,L,4.0,,150.0,110.0,5000.0,250.0,1750,汽油,92#,缸内直喷,铝,国VI,7挡双离合,7.0,干式双离合变速箱（DCT）,210.0,9.4,,3年或10万公里,,,,,,,,,,,,,,,,,4866,1832,1479,2871,1584.0,1570.0,123.0,1452.0,三厢车,4.0,5.0,533.0,平开门,主 / 副,前 / 后,,主 / 副,,上下+前后,大屏,USB/Type-C,,46243,仿皮,前 / 后,手动,46243,燃油
sg2824,202293.0,大众,1.0,大众,415,迈腾,241549,众享款 280TSI DSG舒适型,2025,燃油,一汽-大众,中型车,17.49,17.49万,17.10万,11.99万,1395.0,1.4,涡轮增压,L,4.0,,150.0,110.0,5000.0,250.0,1750,汽油,92#,缸内直喷,铝,国VI,7挡双离合,7.0,干式双离合变速箱（DCT）,210.0,9.4,,3年或10万公里,,,,,,,,,,,,,,,,,4866,1832,1479,2871,1584.0,1570.0,123.0,1452.0,三厢车,4.0,5.0,533.0,平开门,主 / 副,前 / 后,,主 / 副,,上下+前后,大屏,USB/Type-C,,46243,仿皮,前 / 后,手动,46243,燃油
sg2824,76776.0,大众,1.0,大众,415,迈腾,252705,3000万辆甄选款 280TSI DSG舒适型,2026,燃油,一汽-大众,中型车,17.49,17.49万,12.92万,11.99万,1395.0,1.4,涡轮增压,L,4.0,,150.0,110.0,5000.0,250.0,1750,汽油,92#,缸内直喷,铝,国VI,7挡双离合,7.0,干式双离合变速箱（DCT）,210.0,9.4,,3年或10万公里,,,,,,,,,,,,,,,,,4866,1832,1470,2871,1584.0,1570.0,123.0,1452.0,三厢车,4.0,5.0,533.0,平开门,主 / 副,前 / 后,,主 / 副,,上下+前后,大屏,USB/Type-C,,46243,仿皮,前 / 后,手动,46243,燃油
sg28253,26919.0,福特,7.0,福特,5388,领睿,92078,EcoBoost 170 畅领型,2023,燃油,江铃福特,中型SUV,12.68,12.68万,10.62万,12.68万,1490.0,1.5,涡轮增压,L,4.0,,170.0,125.0,5400.0,260.0,1500,汽油,92#,缸内直喷,铁,国VI,7挡双离合,7.0,湿式双离合变速箱（DCT）,180.0,,,3年或10万公里,,,,,,,,,,,,,,,,,4630,1935,1706,2726,1635.0,1635.0,,1600.0,SUV,5.0,5.0,448.0,平开门,主 / 副,前 / 后,,主 / 副,,上下+前后,大屏,USB/Type-C,,46117,织物,前 / 后,手动,46117,燃油
sg28253,12709.0,福特,7.0,福特,5388,领睿,248917,EcoBoost 170 心动版,2025,燃油,江铃福特,中型SUV,9.88,9.88万,9.50万,9.88万,1490.0,1.5,涡轮增压,L,4.0,,170.0,125.0,5400.0,260.0,1500,汽油,92#,缸内直喷,铁,国VI,7挡双离合,7.0,湿式双离合变速箱（DCT）,180.0,,,3年或10万公里,,,,,,,,,,,,,,,,,4685,1935,1706,2726,1635.0,1635.0,,1600.0,SUV,5.0,5.0,448.0,平开门,主 / 副,前 / 后,,主 / 副,,上下+前后,大屏,USB/Type-C,,46117,织物,前 / 后,手动,46117,燃油
sg28261,11328.0,林肯,62.0,林肯,5440,林肯Z,240639,2.0T 尊悦,2022,燃油,长安林肯,中型车,23.58,23.58万,15.82万,16.98万,1995.0,2.0,涡轮增压,L,4.0,,261.0,192.0,5500.0,393.0,2000,汽油,95#,缸内直喷,铝,国VI b,8挡手自一体,8.0,手自一体变速箱(AT),220.0,6.99,,5年或14万公里,,,,,,,,,,,,,,,,,4982,1865,1485,2930,1599.0,1593.0,,1596.0,三厢车,4.0,5.0,489.0,平开门,主 / 副,前 / 后,,主 / 副,,上下+前后,,USB/Type-C,,46243,仿皮,前 / 后,自动,46243,燃油
sg28261,13799.0,林肯,62.0,林肯,5440,林肯Z,240639,2.0T 尊悦,2023,燃油,长安林肯,中型车,23.58,23.58万,15.82万,16.98万,1995.0,2.0,涡轮增压,L,4.0,,261.0,192.0,5500.0,393.0,2000,汽油,95#,缸内直喷,铝,国VI b,8挡手自一体,8.0,手自一体变速箱(AT),220.0,6.99,,5年或14万公里,,,,,,,,,,,,,,,,,4982,1865,1485,2930,1599.0,1593.0,,1596.0,三厢车,4.0,5.0,489.0,平开门,主 / 副,前 / 后,,主 / 副,,上下+前后,,USB/Type-C,,46243,仿皮,前 / 后,自动,46243,燃油
sg28261,12400.0,林肯,62.0,林肯,5440,林肯Z,240639,2.0T 尊悦,2024,燃油,长安林肯,中型车,23.58,23.58万,15.82万,16.98万,1995.0,2.0,涡轮增压,L,4.0,,261.0,192.0,5500.0,393.0,2000,汽油,95#,缸内直喷,铝,国VI b,8挡手自一体,8.0,手自一体变速箱(AT),220.0,6.99,,5年或14万公里,,,,,,,,,,,,,,,,,4982,1865,1485,2930,1599.0,1593.0,,1596.0,三厢车,4.0,5.0,489.0,平开门,主 / 副,前 / 后,,主 / 副,,上下+前后,,USB/Type-C,,46243,仿皮,前 / 后,自动,46243,燃油
sg28261,12584.0,林肯,62.0,林肯,5440,林肯Z,240639,2.0T 尊悦,2025,燃油,长安林肯,中型车,23.58,23.58万,15.82万,16.98万,1995.0,2.0,涡轮增压,L,4.0,,261.0,192.0,5500.0,393.0,2000,汽油,95#,缸内直喷,铝,国VI b,8挡手自一体,8.0,手自一体变速箱(AT),220.0,6.99,,5年或14万公里,,,,,,,,,,,,,,,,,4982,1865,1485,2930,1599.0,1593.0,,1596.0,三厢车,4.0,5.0,489.0,平开门,主 / 副,前 / 后,,主 / 副,,上下+前后,,USB/Type-C,,46243,仿皮,前 / 后,自动,46243,燃油
sg28261,5483.0,林肯,62.0,林肯,5440,林肯Z,240639,2.0T 尊悦,2026,燃油,长安林肯,中型车,23.58,23.58万,15.82万,16.98万,1995.0,2.0,涡轮增压,L,4.0,,261.0,192.0,5500.0,393.0,2000,汽油,95#,缸内直喷,铝,国VI b,8挡手自一体,8.0,手自一体变速箱(AT),220.0,6.99,,5年或14万公里,,,,,,,,,,,,,,,,,4982,1865,1485,2930,1599.0,1593.0,,1596.0,三厢车,4.0,5.0,489.0,平开门,主 / 副,前 / 后,,主 / 副,,上下+前后,,USB/Type-C,,46243,仿皮,前 / 后,自动,46243,燃油
sg28262,74202.0,长安欧尚,119.0,长安欧尚,5439,长安欧尚Z6,90304,蓝鲸 1.5T DCT智享型,2023,燃油,长安汽车,紧凑型SUV,9.99,9.99万,9.42万,9.99万,1494.0,1.5,涡轮增压,L,4.0,DVVT,188.0,138.0,5500.0,300.0,1500,汽油,92#,缸内直喷,铝,国VI b,7挡双离合,7.0,湿式双离合变速箱（DCT）,200.0,,,3年或10万公里,,,,,,,,,,,,,,,,,4699,1890,1660,2795,1603.0,1603.0,,1500.0,SUV,5.0,5.0,638.0,平开门,主 / 副,前 / 后,,主 / 副,,上下+前后,大屏,USB/Type-C,,46117,皮织混搭,前 / 后,自动,46117,燃油
sg28271,2594.0,大通,108.0,大通,5438,大通G90,239727,2.0T 星辉七座版,2022,燃油,大通,中大型MPV,19.99,19.99万,18.90万,17.99万,1986.0,2.0,涡轮增压,L,4.0,,234.0,172.0,5000.0,360.0,1500,汽油,92#,缸内直喷,铝,国VI b,8挡自动,8.0,自动变速箱(AT),190.0,,,3年或10万公里,,,,,,,,,,,,,,,,,5280,1998,1845,3200,1700.0,1722.0,,2070.0,MPV,5.0,7.0,1011.0,侧滑门,主 / 副,前 / 后,,主 / 副,,上下+前后,大屏,USB/Type-C,,46243,仿皮,前 / 后,自动,46243,燃油
sg28271,1808.0,大通,108.0,大通,5438,大通G90,239727,2.0T 星辉七座版,2023,燃油,大通,中大型MPV,19.99,19.99万,18.90万,17.99万,1986.0,2.0,涡轮增压,L,4.0,,234.0,172.0,5000.0,360.0,1500,汽油,92#,缸内直喷,铝,国VI b,8挡自动,8.0,自动变速箱(AT),190.0,,,3年或10万公里,,,,,,,,,,,,,,,,,5280,1998,1845,3200,1700.0,1722.0,,2070.0,MPV,5.0,7.0,1011.0,侧滑门,主 / 副,前 / 后,,主 / 副,,上下+前后,大屏,USB/Type-C,,46243,仿皮,前 / 后,自动,46243,燃油
sg28271,802.0,大通,108.0,大通,5438,大通G90,239727,2.0T 星辉七座版,2024,燃油,大通,中大型MPV,19.99,19.99万,18.90万,17.99万,1986.0,2.0,涡轮增压,L,4.0,,234.0,172.0,5000.0,360.0,1500,汽油,92#,缸内直喷,铝,国VI b,8挡自动,8.0,自动变速箱(AT),190.0,,,3年或10万公里,,,,,,,,,,,,,,,,,5280,1998,1845,3200,1700.0,1722.0,,2070.0,MPV,5.0,7.0,1011.0,侧滑门,主 / 副,前 / 后,,主 / 副,,上下+前后,大屏,USB/Type-C,,46243,仿皮,前 / 后,自动,46243,燃油
sg28271,368.0,大通,108.0,大通,5438,大通G90,239727,2.0T 星辉七座版,2025,燃油,大通,中大型MPV,19.99,19.99万,18.90万,17.99万,1986.0,2.0,涡轮增压,L,4.0,,234.0,172.0,5000.0,360.0,1500,汽油,92#,缸内直喷,铝,国VI b,8挡自动,8.0,自动变速箱(AT),190.0,,,3年或10万公里,,,,,,,,,,,,,,,,,5280,1998,1845,3200,1700.0,1722.0,,2070.0,MPV,5.0,7.0,1011.0,侧滑门,主 / 副,前 / 后,,主 / 副,,上下+前后,大屏,USB/Type-C,,46243,仿皮,前 / 后,自动,46243,燃油
sg28271,89.0,大通,108.0,大通,5438,大通G90,239727,2.0T 星辉七座版,2026,燃油,大通,中大型MPV,19.99,19.99万,18.90万,17.99万,1986.0,2.0,涡轮增压,L,4.0,,234.0,172.0,5000.0,360.0,1500,汽油,92#,缸内直喷,铝,国VI b,8挡自动,8.0,自动变速箱(AT),190.0,,,3年或10万公里,,,,,,,,,,,,,,,,,5280,1998,1845,3200,1700.0,1722.0,,2070.0,MPV,5.0,7.0,1011.0,侧滑门,主 / 副,前 / 后,,主 / 副,,上下+前后,大屏,USB/Type-C,,46243,仿皮,前 / 后,自动,46243,燃油
sg28281,2373.0,凯迪拉克,30.0,凯迪拉克,5358,IQ锐歌,259518,锐歌V,2022,纯电动,上汽通用凯迪拉克,中大型SUV,39.99,39.99万,暂无报价,39.99万,,,,,,,,,,,,,,,,,,,,,,,3年不限公里,,,,,,,,,,,,,,,,,5056,1964,1780,2863,,,,,SUV,,6.0,,,主 / 副,前 / 后,,主 / 副,,,,,,,,前 / 后,：,,未知
sg28281,3784.0,凯迪拉克,30.0,凯迪拉克,5358,IQ锐歌,259518,锐歌V,2023,纯电动,上汽通用凯迪拉克,中大型SUV,39.99,39.99万,暂无报价,39.99万,,,,,,,,,,,,,,,,,,,,,,,3年不限公里,,,,,,,,,,,,,,,,,5056,1964,1780,2863,,,,,SUV,,6.0,,,主 / 副,前 / 后,,主 / 副,,,,,,,,前 / 后,：,,未知
sg28281,1097.0,凯迪拉克,30.0,凯迪拉克,5358,IQ锐歌,259518,锐歌V,2024,纯电动,上汽通用凯迪拉克,中大型SUV,39.99,39.99万,暂无报价,39.99万,,,,,,,,,,,,,,,,,,,,,,,3年不限公里,,,,,,,,,,,,,,,,,5056,1964,1780,2863,,,,,SUV,,6.0,,,主 / 副,前 / 后,,主 / 副,,,,,,,,前 / 后,：,,未知
sg28281,1201.0,凯迪拉克,30.0,凯迪拉克,5358,IQ锐歌,259518,锐歌V,2025,纯电动,上汽通用凯迪拉克,中大型SUV,39.99,39.99万,暂无报价,39.99万,,,,,,,,,,,,,,,,,,,,,,,3年不限公里,,,,,,,,,,,,,,,,,5056,1964,1780,2863,,,,,SUV,,6.0,,,主 / 副,前 / 后,,主 / 副,,,,,,,,前 / 后,：,,未知
sg28281,757.0,凯迪拉克,30.0,凯迪拉克,5358,IQ锐歌,259518,锐歌V,2026,纯电动,上汽通用凯迪拉克,中大型SUV,39.99,39.99万,暂无报价,39.99万,,,,,,,,,,,,,,,,,,,,,,,3年不限公里,,,,,,,,,,,,,,,,,5056,1964,1780,2863,,,,,SUV,,6.0,,,主 / 副,前 / 后,,主 / 副,,,,,,,,前 / 后,：,,未知
sg28312,4187.0,阿维塔,475.0,阿维塔,5308,阿维塔 11,247933,改款 Max后驱增程版,2025,增程式,阿维塔科技,中大型SUV,28.99,28.99万,27.50万,27.99万,1497.0,1.5,涡轮增压,L,4.0,,156.0,115.0,,,,增程式,92#,缸内直喷,铝,国VI,电动车单速变速箱,1.0,固定齿比变速箱,200.0,6.9,,5年或12万公里,永磁/同步,231.0,367.0,,,231.0,367.0,,,,,180.0,,,,,4895,1970,1601,2975,1678.0,1678.0,148.0,2240.0,SUV,4.0,5.0,,平开门,主 / 副,前 / 后,,主 / 副,,上下+前后,,USB/Type-C+SD卡槽,英国之宝,12以上,仿皮,前 / 后,自动,12以上,增程式
sg28313,982.0,奔腾,,奔腾,sg28313,奔腾B70S,pcauto_m118123,奔腾B70S 2023款 1.5T 全能卫士,2023,燃油,一汽奔腾,紧凑型SUV,12.59,12.59万,,,1498.0,1.5,涡轮增压,直列,4.0,,169.0,124.0,,258.0,,汽油,92号(原93号),直喷,铝合金,国VI,湿式双离合,7.0,湿式双离合变速箱,190.0,,,三年或10万公里,,,,,,,,,,,,,,,,,4555,1850,1515,2750,,,,1500.0,SUV,5.0,5.0,,,,,,,皮质,上下,,,,,皮/织物混搭,,自动,,
sg28341,20129.0,小鹏,195.0,小鹏汽车,sg28341,小鹏G9,246133,625长续航Max,2025,纯电动,小鹏汽车,中大型SUV,24.88,24.88万,24.48万,24.88万,,,,,,,,,,,,纯电动,,,,,电动车单速变速箱,1.0,固定齿比变速箱,200.0,6.6,,5年或12万公里,永磁/同步,258.0,465.0,,,258.0,465.0,,,,,625.0,,80,,,4891,1937,1670,2998,1656.0,1663.0,145.0,2196.0,SUV,5.0,5.0,754.0,平开门,主 / 副,前 / 后,,主 / 副,,上下+前后,大屏,USB/Type-C,,12以上,真皮,前 / 后,自动,12以上,纯电动
sg28341,1727.0,小鹏,195.0,小鹏汽车,sg28341,小鹏G9,255229,625 Max,2026,纯电动,小鹏汽车,中大型SUV,24.88,24.88万,24.59万,24.88万,,,,,,,,,,,,纯电动,,,,,电动车单速变速箱,1.0,固定齿比变速箱,200.0,6.6,,5年或12万公里,永磁/同步,258.0,465.0,,,258.0,465.0,,,,,625.0,,80,,,4891,1937,1670,2998,1656.0,1663.0,145.0,2196.0,SUV,5.0,5.0,754.0,平开门,主 / 副,前 / 后,,主 / 副,,上下+前后,大屏,USB/Type-C,,12以上,真皮,前 / 后,自动,12以上,纯电动
sg28371,8092.0,岚图汽车,,岚图汽车,sg28371,岚图梦想家,pcauto_m136717,岚图梦想家 2026款 PHEV 鲲鹏Pro,2022,插电混动,岚图汽车,MPV,32.99,32.99万,,,1497.0,1.5,涡轮增压,直列,4.0,,150.0,110.0,,220.0,,插电混动,95号(原97号),直喷,铝合金,国VI,固定齿比,1.0,固定齿比,203.0,5.9,,五年或10万公里,永磁同步,370.0,620.0,210.0,310.0,,,,,三元锂电池,43.2,235.0,21.2,八年或16万公里,快充:0.33小时/慢充:待定,20.0,5315,1985,1820,3200,,,,2740.0,MPV,5.0,7.0,,平开门+侧滑门,,,,,皮质,上下+前后,,,,,仿皮,,自动,,
sg28371,26518.0,岚图汽车,,岚图汽车,sg28371,岚图梦想家,pcauto_m136717,岚图梦想家 2026款 PHEV 鲲鹏Pro,2023,插电混动,岚图汽车,MPV,32.99,32.99万,,,1497.0,1.5,涡轮增压,直列,4.0,,150.0,110.0,,220.0,,插电混动,95号(原97号),直喷,铝合金,国VI,固定齿比,1.0,固定齿比,203.0,5.9,,五年或10万公里,永磁同步,370.0,620.0,210.0,310.0,,,,,三元锂电池,43.2,235.0,21.2,八年或16万公里,快充:0.33小时/慢充:待定,20.0,5315,1985,1820,3200,,,,2740.0,MPV,5.0,7.0,,平开门+侧滑门,,,,,皮质,上下+前后,,,,,仿皮,,自动,,
sg28371,55117.0,岚图汽车,,岚图汽车,sg28371,岚图梦想家,pcauto_m136717,岚图梦想家 2026款 PHEV 鲲鹏Pro,2024,插电混动,岚图汽车,MPV,32.99,32.99万,,,1497.0,1.5,涡轮增压,直列,4.0,,150.0,110.0,,220.0,,插电混动,95号(原97号),直喷,铝合金,国VI,固定齿比,1.0,固定齿比,203.0,5.9,,五年或10万公里,永磁同步,370.0,620.0,210.0,310.0,,,,,三元锂电池,43.2,235.0,21.2,八年或16万公里,快充:0.33小时/慢充:待定,20.0,5315,1985,1820,3200,,,,2740.0,MPV,5.0,7.0,,平开门+侧滑门,,,,,皮质,上下+前后,,,,,仿皮,,自动,,
sg28371,80248.0,岚图汽车,,岚图汽车,sg28371,岚图梦想家,pcauto_m136717,岚图梦想家 2026款 PHEV 鲲鹏Pro,2025,插电混动,岚图汽车,MPV,32.99,32.99万,,,1497.0,1.5,涡轮增压,直列,4.0,,150.0,110.0,,220.0,,插电混动,95号(原97号),直喷,铝合金,国VI,固定齿比,1.0,固定齿比,203.0,5.9,,五年或10万公里,永磁同步,370.0,620.0,210.0,310.0,,,,,三元锂电池,43.2,235.0,21.2,八年或16万公里,快充:0.33小时/慢充:待定,20.0,5315,1985,1820,3200,,,,2740.0,MPV,5.0,7.0,,平开门+侧滑门,,,,,皮质,上下+前后,,,,,仿皮,,自动,,
sg28371,31940.0,岚图汽车,,岚图汽车,sg28371,岚图梦想家,pcauto_m136717,岚图梦想家 2026款 PHEV 鲲鹏Pro,2026,插电混动,岚图汽车,MPV,32.99,32.99万,,,1497.0,1.5,涡轮增压,直列,4.0,,150.0,110.0,,220.0,,插电混动,95号(原97号),直喷,铝合金,国VI,固定齿比,1.0,固定齿比,203.0,5.9,,五年或10万公里,永磁同步,370.0,620.0,210.0,310.0,,,,,三元锂电池,43.2,235.0,21.2,八年或16万公里,快充:0.33小时/慢充:待定,20.0,5315,1985,1820,3200,,,,2740.0,MPV,5.0,7.0,,平开门+侧滑门,,,,,皮质,上下+前后,,,,,仿皮,,自动,,
sg28371,,岚图汽车,,岚图汽车,sg28371,岚图梦想家,pcauto_m140212,岚图梦想家 2027款 PHEV 冠军版,2027,插电混动,岚图汽车,MPV,31.59,31.59万,,,1497.0,1.5,涡轮增压,直列,4.0,,150.0,110.0,,220.0,,插电混动,95号(原97号),直喷,铝合金,国VI,固定齿比,1.0,固定齿比,203.0,5.9,,五年或10万公里,永磁同步,370.0,620.0,210.0,310.0,,,,,磷酸铁锂电池,43.2,185.0,21.2,八年或16万公里,快充:0.33小时/慢充:待定,20.0,5315,1998,1820,3200,,,,2740.0,MPV,5.0,7.0,,平开门+侧滑门,,,,,皮质,上下+前后,,,,,仿皮,,自动,,
sg28384,4044.0,奥迪,2.0,奥迪,4334,奥迪Q4 e-tron,94223,40 e-tron 创行版,2022,纯电动,一汽奥迪,紧凑型SUV,28.99,28.99万,21.00万,19.13万,,,,,,,,,,,,纯电动,,,,,电动车单速变速箱,1.0,固定齿比变速箱,160.0,8.8,,3年或10万公里,永磁/同步,150.0,310.0,,,150.0,310.0,,,,,605.0,,80,,,4588,1865,1626,2764,1587.0,1565.0,154.0,2160.0,SUV,5.0,5.0,520.0,平开门,主 / 副,前 / 后,,主 / 副,,上下+前后,大屏,USB/Type-C,,46243,真皮+仿皮,前 / 后,自动,46243,纯电动
sg28384,23350.0,奥迪,2.0,奥迪,4334,奥迪Q4 e-tron,94223,40 e-tron 创行版,2023,纯电动,一汽奥迪,紧凑型SUV,28.99,28.99万,21.00万,19.13万,,,,,,,,,,,,纯电动,,,,,电动车单速变速箱,1.0,固定齿比变速箱,160.0,8.8,,3年或10万公里,永磁/同步,150.0,310.0,,,150.0,310.0,,,,,605.0,,80,,,4588,1865,1626,2764,1587.0,1565.0,154.0,2160.0,SUV,5.0,5.0,520.0,平开门,主 / 副,前 / 后,,主 / 副,,上下+前后,大屏,USB/Type-C,,46243,真皮+仿皮,前 / 后,自动,46243,纯电动
sg28384,15781.0,奥迪,2.0,奥迪,4334,奥迪Q4 e-tron,94223,40 e-tron 创行版,2024,纯电动,一汽奥迪,紧凑型SUV,28.99,28.99万,21.00万,19.13万,,,,,,,,,,,,纯电动,,,,,电动车单速变速箱,1.0,固定齿比变速箱,160.0,8.8,,3年或10万公里,永磁/同步,150.0,310.0,,,150.0,310.0,,,,,605.0,,80,,,4588,1865,1626,2764,1587.0,1565.0,154.0,2160.0,SUV,5.0,5.0,520.0,平开门,主 / 副,前 / 后,,主 / 副,,上下+前后,大屏,USB/Type-C,,46243,真皮+仿皮,前 / 后,自动,46243,纯电动
sg28384,7705.0,奥迪,2.0,奥迪,4334,奥迪Q4 e-tron,94223,40 e-tron 创行版,2025,纯电动,一汽奥迪,紧凑型SUV,28.99,28.99万,21.00万,19.13万,,,,,,,,,,,,纯电动,,,,,电动车单速变速箱,1.0,固定齿比变速箱,160.0,8.8,,3年或10万公里,永磁/同步,150.0,310.0,,,150.0,310.0,,,,,605.0,,80,,,4588,1865,1626,2764,1587.0,1565.0,154.0,2160.0,SUV,5.0,5.0,520.0,平开门,主 / 副,前 / 后,,主 / 副,,上下+前后,大屏,USB/Type-C,,46243,真皮+仿皮,前 / 后,自动,46243,纯电动
sg28384,2333.0,奥迪,2.0,奥迪,4334,奥迪Q4 e-tron,94223,40 e-tron 创行版,2026,纯电动,一汽奥迪,紧凑型SUV,28.99,28.99万,21.00万,19.13万,,,,,,,,,,,,纯电动,,,,,电动车单速变速箱,1.0,固定齿比变速箱,160.0,8.8,,3年或10万公里,永磁/同步,150.0,310.0,,,150.0,310.0,,,,,605.0,,80,,,4588,1865,1626,2764,1587.0,1565.0,154.0,2160.0,SUV,5.0,5.0,520.0,平开门,主 / 副,前 / 后,,主 / 副,,上下+前后,大屏,USB/Type-C,,46243,真皮+仿皮,前 / 后,自动,46243,纯电动
sg28391,455.0,江淮瑞风,512.0,江淮瑞风,5474,瑞风E3,74943,公务版,2022,纯电动,江汽集团,紧凑型MPV,18.98,18.98万,暂无报价,18.98万,,,,,,,,,,,,纯电动,,,,,电动车单速变速箱,1.0,固定齿比变速箱,140.0,,,3年或10万公里,永磁/同步,150.0,295.0,,,150.0,295.0,,,,,415.0,,80,,,5145,1765,1900,3110,1500.0,1475.0,130.0,2160.0,MPV,4.0,7.0,,侧滑门,主 / 副,前 / 后,,主 / 副,,上下,大屏,USB/Type-C,,46117,织物,前 / 后,手动,46117,纯电动
sg28391,715.0,江淮瑞风,512.0,江淮瑞风,5474,瑞风E3,95013,换电精英版,2023,纯电动,江汽集团,紧凑型MPV,17.48,17.48万,暂无报价,17.48万,,,,,,,,,,,,纯电动,,,,,电动车单速变速箱,1.0,固定齿比变速箱,130.0,,,3年或10万公里,永磁/同步,130.0,320.0,,,130.0,320.0,,,,,332.0,,80,,,5145,1765,1900,3110,1500.0,1475.0,130.0,1970.0,MPV,4.0,7.0,,侧滑门,主 / 副,前 / 后,,主 / 副,,上下,大屏,USB/Type-C,,46056,织物,前 / 后,手动,46056,纯电动
sg28391,2100.0,江淮瑞风,512.0,江淮瑞风,5474,瑞风E3,240508,商贸精英版,2024,纯电动,江汽集团,紧凑型MPV,13.99,13.99万,暂无报价,13.99万,,,,,,,,,,,,纯电动,,,,,电动车单速变速箱,1.0,固定齿比变速箱,110.0,,,3年或10万公里,永磁/同步,130.0,320.0,,,130.0,320.0,,,,,252.0,,80,,,5145,1765,1900,3110,1500.0,1475.0,130.0,1860.0,MPV,4.0,7.0,,侧滑门,主 / 副,前 / 后,,主 / 副,,上下,大屏,USB/Type-C,,46056,织物,前 / 后,手动,46056,纯电动
sg28391,1815.0,江淮瑞风,512.0,江淮瑞风,5474,瑞风E3,245968,液冷精英版,2025,纯电动,江汽集团,紧凑型MPV,16.49,16.49万,暂无报价,16.49万,,,,,,,,,,,,纯电动,,,,,电动车单速变速箱,1.0,固定齿比变速箱,130.0,,,3年或10万公里,永磁/同步,130.0,320.0,,,130.0,320.0,,,,,450.0,,80,,,5145,1765,1900,3110,1500.0,1475.0,130.0,2035.0,MPV,4.0,7.0,,侧滑门,主 / 副,前 / 后,,主 / 副,,上下,大屏,USB/Type-C,,46056,织物,前 / 后,手动,46056,纯电动
sg28391,966.0,江淮瑞风,512.0,江淮瑞风,5474,瑞风E3,255157,经典版,2026,纯电动,江汽集团,紧凑型MPV,14.49,14.49万,暂无报价,12.49万,,,,,,,,,,,,纯电动,,,,,电动车单速变速箱,1.0,固定齿比变速箱,100.0,,,3年或10万公里,永磁/同步,85.0,175.0,,,85.0,175.0,,,,,520.0,,80,,,5145,1765,1900,3110,1500.0,1475.0,145.0,2035.0,MPV,4.0,7.0,,侧滑门,主 / 副,前 / 后,,主 / 副,,上下,大屏,USB/Type-C,,46117,织物,前 / 后,自动,46117,纯电动
sg28401,16869.0,广汽传祺,40.0,广汽传祺,5468,影酷,77053,1.5T 超新星Pro版,2022,燃油,广汽传祺,紧凑型SUV,12.98,12.98万,12.09万,11.18万,1497.0,1.5,涡轮增压,L,4.0,钜浪动力高效燃烧系统,177.0,130.0,5500.0,270.0,1400,汽油,92#,缸内直喷,铝,国VI b,7挡双离合,7.0,湿式双离合变速箱（DCT）,190.0,,,3年或10万公里,,,,,,,,,,,,,,,,,4680,1901,1670,2750,1617.0,1610.0,,1540.0,SUV,5.0,5.0,638.0,平开门,主 / 副,前 / 后,,主 / 副,,上下+前后,大屏,USB/Type-C,,46180,仿皮,前 / 后,自动,46180,燃油
sg28425,466.0,合创汽车,,合创汽车,sg28425,合创A06,pcauto_m126034,合创A06 2024款 PLUS 520N,2022,纯电动,合创汽车,中型车,13.98,13.98万,,,,,,,,,,,,,,纯电动,,,,,固定齿比,1.0,固定齿比,160.0,,,四年或15万公里,永磁同步,160.0,225.0,160.0,225.0,,,,,磷酸铁锂电池,60.04,520.0,,不限年限/不限里程(责任免除条款以官方为准),快充:0.58小时/慢充:待定,80.0,4945,1920,1520,2850,,,,1805.0,三厢车,4.0,5.0,,平开门,,,,,皮质,上下,,,,,仿皮,,自动,,
sg28425,1284.0,合创汽车,,合创汽车,sg28425,合创A06,pcauto_m126034,合创A06 2024款 PLUS 520N,2023,纯电动,合创汽车,中型车,13.98,13.98万,,,,,,,,,,,,,,纯电动,,,,,固定齿比,1.0,固定齿比,160.0,,,四年或15万公里,永磁同步,160.0,225.0,160.0,225.0,,,,,磷酸铁锂电池,60.04,520.0,,不限年限/不限里程(责任免除条款以官方为准),快充:0.58小时/慢充:待定,80.0,4945,1920,1520,2850,,,,1805.0,三厢车,4.0,5.0,,平开门,,,,,皮质,上下,,,,,仿皮,,自动,,
sg28425,1520.0,合创汽车,,合创汽车,sg28425,合创A06,pcauto_m126034,合创A06 2024款 PLUS 520N,2024,纯电动,合创汽车,中型车,13.98,13.98万,,,,,,,,,,,,,,纯电动,,,,,固定齿比,1.0,固定齿比,160.0,,,四年或15万公里,永磁同步,160.0,225.0,160.0,225.0,,,,,磷酸铁锂电池,60.04,520.0,,不限年限/不限里程(责任免除条款以官方为准),快充:0.58小时/慢充:待定,80.0,4945,1920,1520,2850,,,,1805.0,三厢车,4.0,5.0,,平开门,,,,,皮质,上下,,,,,仿皮,,自动,,
sg28425,26.0,合创汽车,,合创汽车,sg28425,合创A06,pcauto_m126034,合创A06 2024款 PLUS 520N,2025,纯电动,合创汽车,中型车,13.98,13.98万,,,,,,,,,,,,,,纯电动,,,,,固定齿比,1.0,固定齿比,160.0,,,四年或15万公里,永磁同步,160.0,225.0,160.0,225.0,,,,,磷酸铁锂电池,60.04,520.0,,不限年限/不限里程(责任免除条款以官方为准),快充:0.58小时/慢充:待定,80.0,4945,1920,1520,2850,,,,1805.0,三厢车,4.0,5.0,,平开门,,,,,皮质,上下,,,,,仿皮,,自动,,
sg28441,35951.0,鸿蒙智行,,鸿蒙智行,sg28441,问界M5,pcauto_m133068,问界M5 2025款 增程 Ultra 后驱版,2025,增程式,AITO 问界,中型SUV,22.98,22.98万,,,1499.0,1.5,涡轮增压,直列,4.0,,152.0,112.0,,216.0,,增程式,95号(原97号),多点电喷,铝合金,国VI,固定齿比,1.0,固定齿比,200.0,7.1,,四年或10万公里,永磁同步,200.0,360.0,,,,,,,三元锂电池,42.0,195.0,19.5,八年或16万公里,快充:0.5小时/慢充:5.0小时,20.0,4785,1930,1625,2880,,,,2220.0,SUV,5.0,5.0,,平开门,,,,,真皮,上下+前后,,,,,仿皮,,自动,,
sg28444,27034.0,捷途,209.0,捷途,5244,捷途大圣,244819,1.5T DCT超越版,2025,燃油,奇瑞汽车,紧凑型SUV,9.39,9.39万,7.97万,8.19万,1498.0,1.5,涡轮增压,L,4.0,DVVT,156.0,115.0,5500.0,230.0,1750,汽油,92#,多点电喷,铁,国VI b,6挡双离合,6.0,湿式双离合变速箱（DCT）,180.0,,,4年或10万公里,,,,,,,,,,,,,,,,,4590,1900,1685,2720,1610.0,1615.0,160.0,1530.0,SUV,5.0,5.0,,平开门,主 / 副,前 / 后,,主 / 副,,上下+前后,,USB/Type-C,,46117,织物,前 / 后,手动,46117,燃油
sg28444,9174.0,捷途,209.0,捷途,5244,捷途大圣,252199,青春版 1.5T 手动舒适版,2026,燃油,奇瑞汽车,紧凑型SUV,6.99,6.99万,暂无报价,6.99万,1498.0,1.5,涡轮增压,L,4.0,DVVT,156.0,115.0,5500.0,230.0,1750,汽油,92#,多点电喷,铁,国VI b,6挡手动,6.0,手动变速箱(MT),180.0,,,4年或10万公里,,,,,,,,,,,,,,,,,4590,1900,1685,2720,1610.0,1615.0,,1530.0,SUV,5.0,5.0,486.0,平开门,主 / 副,前 / 后,,主 / 副,,上下+前后,,USB/Type-C,,46117,织物,前 / 后,手动,46117,燃油
sg28446,11813.0,蔚来,112.0,蔚来,5409,蔚来ET5,248532,100kWh,2022,纯电动,蔚来,中型车,29.8,29.80万,15.60万,29.80万,,,,,,,,,,,,纯电动,,,,,电动车单速变速箱,1.0,固定齿比变速箱,200.0,4.0,,3年或12万公里,前感应/异步后永磁/同步,360.0,700.0,150.0,280.0,210.0,420.0,,,,75.0,740.0,,80,,,4790,1960,1499,2888,1685.0,1685.0,135.0,2185.0,三厢车,4.0,5.0,475.0,平开门,主 / 副,前 / 后,,主 / 副,,上下+前后,,,,,仿皮,前 / 后,自动,,纯电动
sg28446,40848.0,蔚来,112.0,蔚来,5409,蔚来ET5,248532,100kWh,2023,纯电动,蔚来,中型车,29.8,29.80万,15.60万,29.80万,,,,,,,,,,,,纯电动,,,,,电动车单速变速箱,1.0,固定齿比变速箱,200.0,4.0,,3年或12万公里,前感应/异步后永磁/同步,360.0,700.0,150.0,280.0,210.0,420.0,,,,75.0,740.0,,80,,,4790,1960,1499,2888,1685.0,1685.0,135.0,2185.0,三厢车,4.0,5.0,475.0,平开门,主 / 副,前 / 后,,主 / 副,,上下+前后,,,,,仿皮,前 / 后,自动,,纯电动
sg28446,26510.0,蔚来,112.0,蔚来,5409,蔚来ET5,248532,100kWh,2024,纯电动,蔚来,中型车,29.8,29.80万,15.60万,29.80万,,,,,,,,,,,,纯电动,,,,,电动车单速变速箱,1.0,固定齿比变速箱,200.0,4.0,,3年或12万公里,前感应/异步后永磁/同步,360.0,700.0,150.0,280.0,210.0,420.0,,,,75.0,740.0,,80,,,4790,1960,1499,2888,1685.0,1685.0,135.0,2185.0,三厢车,4.0,5.0,475.0,平开门,主 / 副,前 / 后,,主 / 副,,上下+前后,,,,,仿皮,前 / 后,自动,,纯电动
sg28446,16411.0,蔚来,112.0,蔚来,5409,蔚来ET5,248532,100kWh,2025,纯电动,蔚来,中型车,29.8,29.80万,15.60万,29.80万,,,,,,,,,,,,纯电动,,,,,电动车单速变速箱,1.0,固定齿比变速箱,200.0,4.0,,3年或12万公里,前感应/异步后永磁/同步,360.0,700.0,150.0,280.0,210.0,420.0,,,,75.0,740.0,,80,,,4790,1960,1499,2888,1685.0,1685.0,135.0,2185.0,三厢车,4.0,5.0,475.0,平开门,主 / 副,前 / 后,,主 / 副,,上下+前后,,,,,仿皮,前 / 后,自动,,纯电动
sg28446,4008.0,蔚来,112.0,蔚来,5409,蔚来ET5,257428,100kWh,2026,纯电动,蔚来,中型车,29.8,29.80万,暂无报价,29.80万,,,,,,,,,,,,纯电动,,,,,电动车单速变速箱,1.0,固定齿比变速箱,200.0,4.0,,3年或12万公里,前感应/异步后永磁/同步,360.0,700.0,150.0,280.0,210.0,420.0,,,,75.0,740.0,,80,,,4790,1960,1499,2888,1685.0,1685.0,135.0,2185.0,三厢车,4.0,5.0,475.0,平开门,主 / 副,前 / 后,,主 / 副,,上下+前后,,,,,真皮,前 / 后,自动,,纯电动
sg28452,50443.0,宝马,4.0,宝马,5273,宝马X5,255925,改款 xDrive30Li 尊享型M运动曜夜套装,2022,燃油,华晨宝马,中大型SUV,59.8,59.80万,53.04万,51.00万,1998.0,2.0,涡轮增压,L,4.0,Valvetronic/Double VANOS,287.0,211.0,5000.0,400.0,1600,48V轻混系统,95#,混合喷射,铝,国VI,8挡手自一体,8.0,手自一体变速箱(AT),222.0,7.2,,3年或10万公里,,,,,,,,,,,,,,,,,5060,2004,1776,3105,1680.0,1688.0,,2157.0,SUV,5.0,5.0,2070.0,平开门,主 / 副,前 / 后,,主 / 副,,上下+前后,,USB/Type-C,哈曼卡顿,12以上,仿皮,前 / 后,自动,12以上,燃油
sg28452,93211.0,宝马,4.0,宝马,5273,宝马X5,255925,改款 xDrive30Li 尊享型M运动曜夜套装,2023,燃油,华晨宝马,中大型SUV,59.8,59.80万,53.04万,51.00万,1998.0,2.0,涡轮增压,L,4.0,Valvetronic/Double VANOS,287.0,211.0,5000.0,400.0,1600,48V轻混系统,95#,混合喷射,铝,国VI,8挡手自一体,8.0,手自一体变速箱(AT),222.0,7.2,,3年或10万公里,,,,,,,,,,,,,,,,,5060,2004,1776,3105,1680.0,1688.0,,2157.0,SUV,5.0,5.0,2070.0,平开门,主 / 副,前 / 后,,主 / 副,,上下+前后,,USB/Type-C,哈曼卡顿,12以上,仿皮,前 / 后,自动,12以上,燃油
sg28452,88169.0,宝马,4.0,宝马,5273,宝马X5,255925,改款 xDrive30Li 尊享型M运动曜夜套装,2024,燃油,华晨宝马,中大型SUV,59.8,59.80万,53.04万,51.00万,1998.0,2.0,涡轮增压,L,4.0,Valvetronic/Double VANOS,287.0,211.0,5000.0,400.0,1600,48V轻混系统,95#,混合喷射,铝,国VI,8挡手自一体,8.0,手自一体变速箱(AT),222.0,7.2,,3年或10万公里,,,,,,,,,,,,,,,,,5060,2004,1776,3105,1680.0,1688.0,,2157.0,SUV,5.0,5.0,2070.0,平开门,主 / 副,前 / 后,,主 / 副,,上下+前后,,USB/Type-C,哈曼卡顿,12以上,仿皮,前 / 后,自动,12以上,燃油
sg28452,70951.0,宝马,4.0,宝马,5273,宝马X5,255925,改款 xDrive30Li 尊享型M运动曜夜套装,2025,燃油,华晨宝马,中大型SUV,59.8,59.80万,53.04万,51.00万,1998.0,2.0,涡轮增压,L,4.0,Valvetronic/Double VANOS,287.0,211.0,5000.0,400.0,1600,48V轻混系统,95#,混合喷射,铝,国VI,8挡手自一体,8.0,手自一体变速箱(AT),222.0,7.2,,3年或10万公里,,,,,,,,,,,,,,,,,5060,2004,1776,3105,1680.0,1688.0,,2157.0,SUV,5.0,5.0,2070.0,平开门,主 / 副,前 / 后,,主 / 副,,上下+前后,,USB/Type-C,哈曼卡顿,12以上,仿皮,前 / 后,自动,12以上,燃油
sg28452,30133.0,宝马,4.0,宝马,5273,宝马X5,255925,改款 xDrive30Li 尊享型M运动曜夜套装,2026,燃油,华晨宝马,中大型SUV,59.8,59.80万,53.04万,51.00万,1998.0,2.0,涡轮增压,L,4.0,Valvetronic/Double VANOS,287.0,211.0,5000.0,400.0,1600,48V轻混系统,95#,混合喷射,铝,国VI,8挡手自一体,8.0,手自一体变速箱(AT),222.0,7.2,,3年或10万公里,,,,,,,,,,,,,,,,,5060,2004,1776,3105,1680.0,1688.0,,2157.0,SUV,5.0,5.0,2070.0,平开门,主 / 副,前 / 后,,主 / 副,,上下+前后,,USB/Type-C,哈曼卡顿,12以上,仿皮,前 / 后,自动,12以上,燃油
sg28462,13278.0,宝马,4.0,宝马,4838,宝马i3,255803,改款 eDrive35L,2022,纯电动,华晨宝马,中型车,27.8,27.80万,17.01万,19.98万,,,,,,,,,,,,纯电动,,,,,电动车单速变速箱,1.0,固定齿比变速箱,180.0,6.2,,3年或10万公里,,210.0,400.0,,,210.0,400.0,,,,,550.0,,80,,,4872,1846,1481,2966,1593.0,1581.0,,2029.0,三厢车,4.0,5.0,410.0,平开门,主 / 副,前 / 后,,主 / 副,,上下+前后,大屏,USB/Type-C,,46180,仿皮,前 / 后,自动,46180,纯电动
sg28462,53402.0,宝马,4.0,宝马,4838,宝马i3,255803,改款 eDrive35L,2023,纯电动,华晨宝马,中型车,27.8,27.80万,17.01万,19.98万,,,,,,,,,,,,纯电动,,,,,电动车单速变速箱,1.0,固定齿比变速箱,180.0,6.2,,3年或10万公里,,210.0,400.0,,,210.0,400.0,,,,,550.0,,80,,,4872,1846,1481,2966,1593.0,1581.0,,2029.0,三厢车,4.0,5.0,410.0,平开门,主 / 副,前 / 后,,主 / 副,,上下+前后,大屏,USB/Type-C,,46180,仿皮,前 / 后,自动,46180,纯电动
sg28462,47833.0,宝马,4.0,宝马,4838,宝马i3,255803,改款 eDrive35L,2024,纯电动,华晨宝马,中型车,27.8,27.80万,17.01万,19.98万,,,,,,,,,,,,纯电动,,,,,电动车单速变速箱,1.0,固定齿比变速箱,180.0,6.2,,3年或10万公里,,210.0,400.0,,,210.0,400.0,,,,,550.0,,80,,,4872,1846,1481,2966,1593.0,1581.0,,2029.0,三厢车,4.0,5.0,410.0,平开门,主 / 副,前 / 后,,主 / 副,,上下+前后,大屏,USB/Type-C,,46180,仿皮,前 / 后,自动,46180,纯电动
sg28462,23369.0,宝马,4.0,宝马,4838,宝马i3,255803,改款 eDrive35L,2025,纯电动,华晨宝马,中型车,27.8,27.80万,17.01万,19.98万,,,,,,,,,,,,纯电动,,,,,电动车单速变速箱,1.0,固定齿比变速箱,180.0,6.2,,3年或10万公里,,210.0,400.0,,,210.0,400.0,,,,,550.0,,80,,,4872,1846,1481,2966,1593.0,1581.0,,2029.0,三厢车,4.0,5.0,410.0,平开门,主 / 副,前 / 后,,主 / 副,,上下+前后,大屏,USB/Type-C,,46180,仿皮,前 / 后,自动,46180,纯电动
sg28462,6345.0,宝马,4.0,宝马,4838,宝马i3,255803,改款 eDrive35L,2026,纯电动,华晨宝马,中型车,27.8,27.80万,17.01万,19.98万,,,,,,,,,,,,纯电动,,,,,电动车单速变速箱,1.0,固定齿比变速箱,180.0,6.2,,3年或10万公里,,210.0,400.0,,,210.0,400.0,,,,,550.0,,80,,,4872,1846,1481,2966,1593.0,1581.0,,2029.0,三厢车,4.0,5.0,410.0,平开门,主 / 副,前 / 后,,主 / 副,,上下+前后,大屏,USB/Type-C,,46180,仿皮,前 / 后,自动,46180,纯电动
sg28542,21463.0,东风风神,37.0,东风风神,5557,皓极,59902,马赫双擎 1.5T MHD 敢梦版,2022,插电混动,东风乘用车,紧凑型SUV,13.99,13.99万,13.24万,13.99万,1476.0,1.5,涡轮增压,L,4.0,,177.0,130.0,5200.0,240.0,1500,油电混合,92#,缸内直喷,铝,国VI b,E-CVT无级变速,,电子无级变速箱(E-CVT),170.0,,5.8,3年或10万公里,永磁/同步,130.0,,130.0,,,,180.0,540.0,,,,,,,,4720,1910,1702,2825,1649.0,1637.0,,1697.0,SUV,5.0,5.0,,平开门,主 / 副,前 / 后,,主 / 副,,上下+前后,大屏,USB/Type-C,,46180,仿皮,前 / 后,自动,46180,插电混动
sg28542,4895.0,东风风神,37.0,东风风神,5557,皓极,242843,马赫动力 1.5T 豪华型,2025,燃油,东风乘用车,紧凑型SUV,12.99,12.99万,8.85万,11.99万,1476.0,1.5,涡轮增压,L,4.0,,204.0,150.0,5200.0,305.0,2000,汽油,92#,缸内直喷,铝,国VI b,7挡双离合,7.0,湿式双离合变速箱（DCT）,190.0,,6.99,3年或10万公里,,,,,,,,,,,,,,,,,4720,1910,1702,2825,1649.0,1637.0,,1584.0,SUV,5.0,5.0,602.0,平开门,主 / 副,前 / 后,,主 / 副,,上下+前后,,USB/Type-C,,46117,仿皮,前 / 后,手动,46117,燃油
sg28569,109505.0,捷途,209.0,捷途,5563,捷途旅行者,242772,2.0TD 四驱 穿越PRO娱乐版,2024,燃油,奇瑞汽车,紧凑型SUV,17.59,17.59万,15.93万,17.59万,1998.0,2.0,涡轮增压,L,4.0,,254.0,187.0,5500.0,390.0,1750,汽油,92#,缸内直喷,铝,国VI,7挡双离合,7.0,湿式双离合变速箱（DCT）,180.0,,,4年或10万公里,,,,,,,,,,,,,,,,,4785,2006,1880,2800,1685.0,1695.0,220.0,1869.0,SUV,5.0,5.0,,平开门,主 / 副,前 / 后,,主 / 副,,上下+前后,,USB/Type-C,,46243,仿皮,前 / 后,自动,46243,燃油
sg28569,68233.0,捷途,209.0,捷途,5563,捷途旅行者,246323,1.5TD 探索,2025,燃油,奇瑞汽车,紧凑型SUV,13.99,13.99万,12.48万,11.99万,1498.0,1.5,涡轮增压,L,4.0,,184.0,135.0,5500.0,290.0,2000,汽油,92#,缸内直喷,铝,国VI,7挡双离合,7.0,湿式双离合变速箱（DCT）,180.0,,,4年或10万公里,,,,,,,,,,,,,,,,,4785,2006,1880,2800,1690.0,1700.0,220.0,1700.0,SUV,5.0,5.0,,平开门,主 / 副,前 / 后,,主 / 副,,上下+前后,,USB/Type-C,,46180,仿皮,前 / 后,自动,46180,燃油
sg28569,21748.0,捷途,209.0,捷途,5563,捷途旅行者,252937,1.5TD 探索,2026,燃油,奇瑞汽车,紧凑型SUV,13.99,13.99万,11.33万,11.99万,1498.0,1.5,涡轮增压,L,4.0,,184.0,135.0,5500.0,290.0,2000,汽油,92#,缸内直喷,铝,国VI,7挡双离合,7.0,湿式双离合变速箱（DCT）,180.0,,,4年或10万公里,,,,,,,,,,,,,,,,,4795,2006,1870,2800,1690.0,1700.0,220.0,1700.0,SUV,5.0,5.0,,平开门,主 / 副,前 / 后,,主 / 副,,上下+前后,,USB/Type-C,,46243,仿皮,前 / 后,自动,46243,燃油
sg28572,446.0,星途,251.0,星途,5567,星途追风C-DM,97630,C-DM 1.5TCI 105KM优享版,2024,插电混动,星途,紧凑型SUV,13.98,13.98万,9.40万,13.98万,1498.0,1.5,涡轮增压,L,4.0,,156.0,115.0,5500.0,230.0,1750,插电式混合动力,92#,多点电喷,铁,国VI b,3挡DHT,3.0,,180.0,7.0,,3年或10万公里,永磁/同步,125.0,315.0,125.0,315.0,,,240.0,545.0,,,80.0,,,,,4538,1848,1699,2670,1570.0,1570.0,,1656.0,SUV,5.0,5.0,,平开门,主 / 副,前 / 后,,主 / 副,,上下+前后,,USB/Type-C,索尼,46243,仿皮,前 / 后,自动,46243,插电混动
sg28594,9759.0,北汽制造,,北汽制造,sg28594,元宝,pcauto_m114253,元宝 2022款 乐萌版,2022,纯电动,北京汽车制造厂,微型车,4.19,4.19万,,,,,,,,,,,,,,纯电动,,,,,固定齿比,1.0,固定齿比,100.0,,,三年或10万公里,永磁同步,20.0,85.0,,,,,,,磷酸铁锂电池,9.6,120.0,7.9,八年或12万公里,快充:不支持/慢充:8.0小时,,3162,1498,1585,2050,,,,693.0,两厢车,3.0,4.0,,平开门,,,,,塑料,上下,,,,,织物,,手动,,
sg28594,7418.0,北汽制造,,北汽制造,sg28594,元宝,pcauto_m120476,元宝 2023款 心动版,2023,纯电动,北京汽车制造厂,微型车,2.97,2.97万,,,,,,,,,,,,,,纯电动,,,,,固定齿比,1.0,固定齿比,100.0,,,三年或10万公里,永磁同步,20.0,85.0,,,,,,,磷酸铁锂电池,9.6,120.0,7.9,八年或12万公里,快充:不支持/慢充:6.5小时,,3162,1498,1585,2050,,,,693.0,两厢车,3.0,4.0,,平开门,,,,,塑料,,,,,,织物,,,,
sg28598,12763.0,东风风光,95.0,东风风光,5389,风光MINIEV,60176,实尚款 实用型,2022,纯电动,东风小康,微型车,3.26,3.26万,3.19万,3.26万,,,,,,,,,,,,纯电动,,,,,电动车单速变速箱,1.0,固定齿比变速箱,100.0,,,3年或10万公里,永磁/同步,25.0,100.0,,,25.0,100.0,,,,,120.0,,,,,2995,1495,1640,1960,1285.0,1290.0,135.0,675.0,两厢车,3.0,4.0,,平开门,主 / 副,前 / 后,,主 / 副,,,,,,,织物,前 / 后,：,,纯电动
sg28601,20328.0,睿蓝汽车,381.0,睿蓝汽车,5151,枫叶60s,73109,改款 易行版 磷酸铁锂,2022,纯电动,睿蓝汽车,紧凑型车,14.98,14.98万,暂无报价,14.98万,,,,,,,,,,,,纯电动,,,,,电动车单速变速箱,1.0,固定齿比变速箱,130.0,10.0,,1年或15万公里,永磁/同步,100.0,230.0,100.0,230.0,,,,,三元锂电池,52.56,407.0,,80,0.5,,4730,1804,1530,2700,1550.0,1552.0,120.0,1575.0,三厢车,4.0,5.0,430.0,平开门,主 / 副,前 / 后,,主 / 副,,上下+前后,,USB/Type-C,,,仿皮,前 / 后,自动,,纯电动
sg28601,7445.0,睿蓝汽车,381.0,睿蓝汽车,5151,枫叶60s,73109,改款 易行版 磷酸铁锂,2023,纯电动,睿蓝汽车,紧凑型车,14.98,14.98万,暂无报价,14.98万,,,,,,,,,,,,纯电动,,,,,电动车单速变速箱,1.0,固定齿比变速箱,130.0,10.0,,1年或15万公里,永磁/同步,100.0,230.0,100.0,230.0,,,,,三元锂电池,52.56,407.0,,80,0.5,,4730,1804,1530,2700,1550.0,1552.0,120.0,1575.0,三厢车,4.0,5.0,430.0,平开门,主 / 副,前 / 后,,主 / 副,,上下+前后,,USB/Type-C,,,仿皮,前 / 后,自动,,纯电动
sg28601,5182.0,睿蓝汽车,381.0,睿蓝汽车,5151,枫叶60s,73109,改款 易行版 磷酸铁锂,2024,纯电动,睿蓝汽车,紧凑型车,14.98,14.98万,暂无报价,14.98万,,,,,,,,,,,,纯电动,,,,,电动车单速变速箱,1.0,固定齿比变速箱,130.0,10.0,,1年或15万公里,永磁/同步,100.0,230.0,100.0,230.0,,,,,三元锂电池,52.56,407.0,,80,0.5,,4730,1804,1530,2700,1550.0,1552.0,120.0,1575.0,三厢车,4.0,5.0,430.0,平开门,主 / 副,前 / 后,,主 / 副,,上下+前后,,USB/Type-C,,,仿皮,前 / 后,自动,,纯电动
sg28601,7117.0,睿蓝汽车,381.0,睿蓝汽车,5151,枫叶60s,73109,改款 易行版 磷酸铁锂,2025,纯电动,睿蓝汽车,紧凑型车,14.98,14.98万,暂无报价,14.98万,,,,,,,,,,,,纯电动,,,,,电动车单速变速箱,1.0,固定齿比变速箱,130.0,10.0,,1年或15万公里,永磁/同步,100.0,230.0,100.0,230.0,,,,,三元锂电池,52.56,407.0,,80,0.5,,4730,1804,1530,2700,1550.0,1552.0,120.0,1575.0,三厢车,4.0,5.0,430.0,平开门,主 / 副,前 / 后,,主 / 副,,上下+前后,,USB/Type-C,,,仿皮,前 / 后,自动,,纯电动
sg28601,1370.0,睿蓝汽车,381.0,睿蓝汽车,5151,枫叶60s,73109,改款 易行版 磷酸铁锂,2026,纯电动,睿蓝汽车,紧凑型车,14.98,14.98万,暂无报价,14.98万,,,,,,,,,,,,纯电动,,,,,电动车单速变速箱,1.0,固定齿比变速箱,130.0,10.0,,1年或15万公里,永磁/同步,100.0,230.0,100.0,230.0,,,,,三元锂电池,52.56,407.0,,80,0.5,,4730,1804,1530,2700,1550.0,1552.0,120.0,1575.0,三厢车,4.0,5.0,430.0,平开门,主 / 副,前 / 后,,主 / 副,,上下+前后,,USB/Type-C,,,仿皮,前 / 后,自动,,纯电动
sg28614,21571.0,零跑汽车,,零跑汽车,sg28614,零跑C01,pcauto_m127113,零跑C01 2024款 增程 216舒享版,2024,增程式,零跑汽车,中大型车,13.68,13.68万,,,1499.0,1.5,自然吸气,直列,4.0,,95.0,70.0,,,,增程式,92号(原93号),多点电喷,铸铁,国VI,固定齿比,1.0,固定齿比,170.0,7.6,,四年或12万公里,永磁同步,200.0,360.0,,,,,,,磷酸铁锂电池,30.1,216.0,,八年或15万公里,快充:0.5小时/慢充:2.6小时,30.0,5050,1902,1515,2930,,,,1995.0,三厢车,4.0,5.0,,平开门,,,,,皮质,上下+前后,,,,,仿皮,,自动,,
sg28623,4320.0,凌宝汽车,384.0,凌宝汽车,5385,凌宝Uni,87539,香甜版,2023,纯电动,吉麦新能源,微型车,2.98,2.98万,暂无报价,2.98万,,,,,,,,,,,,纯电动,,,,,电动车单速变速箱,1.0,固定齿比变速箱,100.0,,,3年或10万公里,永磁/同步,20.0,85.0,,,20.0,85.0,,,,,140.0,,,,,2930,1517,1620,1940,1290.0,1290.0,148.0,710.0,两厢车,3.0,4.0,70.0,平开门,主 / 副,前 / 后,,主 / 副,,,,USB/Type-C,,,织物,前 / 后,：,,纯电动
sg28623,1844.0,凌宝汽车,384.0,凌宝汽车,5385,凌宝Uni,243005,微甜版,2025,纯电动,吉麦新能源,微型车,3.48,3.48万,暂无报价,3.48万,,,,,,,,,,,,纯电动,,,,,电动车单速变速箱,1.0,固定齿比变速箱,100.0,,,3年或10万公里,永磁/同步,20.0,85.0,,,20.0,85.0,,,,,121.0,,,,,2930,1517,1620,1940,1290.0,1290.0,148.0,710.0,两厢车,3.0,4.0,70.0,平开门,主 / 副,前 / 后,,主 / 副,,,,USB/Type-C,,,织物,前 / 后,手动,,纯电动
sg28636,1297.0,荣威,,荣威,sg28636,荣威iMAX8新能源,pcauto_m131257,荣威iMAX8新能源 2025款 DMH 陆尊舒享版,2022,插电混动,上汽集团,MPV,19.99,19.99万,,,1496.0,1.5,涡轮增压,直列,4.0,,150.0,110.0,,235.0,,插电混动,92号(原93号),直喷,铝合金,国VI,DHT变速箱,1.0,混合动力专用变速箱(DHT),175.0,,,六年或15万公里,永磁同步,176.0,390.0,176.0,390.0,,,,,磷酸铁锂电池,24.7,100.0,19.1,首任车主不限年限/里程(责任免除条款以官方为准),快充:0.5小时/慢充:待定,80.0,5016,1909,1802,3000,,,,2266.0,MPV,5.0,7.0,,平开门+侧滑门,,,,,塑料,上下+前后,,,,,织物,,自动,,
sg28636,3280.0,荣威,,荣威,sg28636,荣威iMAX8新能源,pcauto_m131257,荣威iMAX8新能源 2025款 DMH 陆尊舒享版,2023,插电混动,上汽集团,MPV,19.99,19.99万,,,1496.0,1.5,涡轮增压,直列,4.0,,150.0,110.0,,235.0,,插电混动,92号(原93号),直喷,铝合金,国VI,DHT变速箱,1.0,混合动力专用变速箱(DHT),175.0,,,六年或15万公里,永磁同步,176.0,390.0,176.0,390.0,,,,,磷酸铁锂电池,24.7,100.0,19.1,首任车主不限年限/里程(责任免除条款以官方为准),快充:0.5小时/慢充:待定,80.0,5016,1909,1802,3000,,,,2266.0,MPV,5.0,7.0,,平开门+侧滑门,,,,,塑料,上下+前后,,,,,织物,,自动,,
sg28636,1867.0,荣威,,荣威,sg28636,荣威iMAX8新能源,pcauto_m131257,荣威iMAX8新能源 2025款 DMH 陆尊舒享版,2024,插电混动,上汽集团,MPV,19.99,19.99万,,,1496.0,1.5,涡轮增压,直列,4.0,,150.0,110.0,,235.0,,插电混动,92号(原93号),直喷,铝合金,国VI,DHT变速箱,1.0,混合动力专用变速箱(DHT),175.0,,,六年或15万公里,永磁同步,176.0,390.0,176.0,390.0,,,,,磷酸铁锂电池,24.7,100.0,19.1,首任车主不限年限/里程(责任免除条款以官方为准),快充:0.5小时/慢充:待定,80.0,5016,1909,1802,3000,,,,2266.0,MPV,5.0,7.0,,平开门+侧滑门,,,,,塑料,上下+前后,,,,,织物,,自动,,
sg28636,3024.0,荣威,,荣威,sg28636,荣威iMAX8新能源,pcauto_m131257,荣威iMAX8新能源 2025款 DMH 陆尊舒享版,2025,插电混动,上汽集团,MPV,19.99,19.99万,,,1496.0,1.5,涡轮增压,直列,4.0,,150.0,110.0,,235.0,,插电混动,92号(原93号),直喷,铝合金,国VI,DHT变速箱,1.0,混合动力专用变速箱(DHT),175.0,,,六年或15万公里,永磁同步,176.0,390.0,176.0,390.0,,,,,磷酸铁锂电池,24.7,100.0,19.1,首任车主不限年限/里程(责任免除条款以官方为准),快充:0.5小时/慢充:待定,80.0,5016,1909,1802,3000,,,,2266.0,MPV,5.0,7.0,,平开门+侧滑门,,,,,塑料,上下+前后,,,,,织物,,自动,,
sg28636,298.0,荣威,,荣威,sg28636,荣威iMAX8新能源,pcauto_m139440,荣威iMAX8新能源 2026款 DMH 陆尊舒享版,2026,插电混动,上汽集团,MPV,19.99,19.99万,,,1496.0,1.5,涡轮增压,直列,4.0,,150.0,110.0,,235.0,,插电混动,92号(原93号),直喷,铝合金,国VI,DHT变速箱,1.0,混合动力专用变速箱(DHT),175.0,,,六年或15万公里,永磁同步,176.0,390.0,176.0,390.0,,,,,磷酸铁锂电池,24.7,100.0,19.1,首任车主不限年限/里程(责任免除条款以官方为准),快充:0.5小时/慢充:待定,80.0,5016,1909,1802,3000,,,,2266.0,MPV,5.0,7.0,,平开门+侧滑门,,,,,塑料,上下+前后,,,,,织物,,自动,,
sg28637,19116.0,吉利几何,,吉利几何,sg28637,几何E萤火虫,pcauto_m127233,几何E萤火虫 2024款 301km 龙腾版,2024,纯电动,吉利几何,小型SUV,5.98,5.98万,,,,,,,,,,,,,,纯电动,,,,,固定齿比,1.0,固定齿比,102.0,,,四年或10万公里,永磁同步,60.0,130.0,60.0,130.0,,,,,磷酸铁锂电池,29.67,301.0,,不限年限/不限里程(责任免除条款以官方为准),快充:0.5小时/慢充:4.5小时,80.0,4006,1765,1550,2485,,,,1240.0,SUV,5.0,5.0,,平开门,,,,,塑料,上下,,,,,织物,,手动,,
sg28645,8000.0,奥迪,2.0,奥迪,5364,奥迪Q6,248217,40TFSI quattro 纪念版 羽林套装 7座,2025,燃油,上汽奥迪,中大型SUV,46.76,46.76万,30.90万,31.90万,1984.0,2.0,涡轮增压,L,4.0,,231.0,170.0,5000.0,370.0,1600,汽油,95#,缸内直喷,铁,国VI b,7挡双离合,7.0,湿式双离合变速箱（DCT）,207.0,8.6,,3年或10万公里,,,,,,,,,,,,,,,,,5099,2014,1784,2980,1704.0,1721.0,160.0,2205.0,SUV,5.0,7.0,286.0,平开门,主 / 副,前 / 后,,主 / 副,,上下+前后,大屏,USB/Type-C,,46306,真皮,前 / 后,自动,46306,燃油
sg28645,1800.0,奥迪,2.0,奥迪,5364,奥迪Q6,255454,40TFSI quattro 纪念版 羽林套装 7座,2026,燃油,上汽奥迪,中大型SUV,46.76,46.76万,32.91万,31.90万,1984.0,2.0,涡轮增压,L,4.0,,231.0,170.0,5000.0,370.0,1600,汽油,95#,缸内直喷,铁,国VI b,7挡双离合,7.0,湿式双离合变速箱（DCT）,207.0,8.6,,3年或10万公里,,,,,,,,,,,,,,,,,5099,2014,1784,2980,1704.0,1721.0,160.0,2205.0,SUV,5.0,7.0,286.0,平开门,主 / 副,前 / 后,,主 / 副,,上下+前后,大屏,USB/Type-C,,46306,真皮,前 / 后,自动,46306,燃油
sg28647,2912.0,奔驰,3.0,奔驰,5813,奔驰EQE,242509,EQE 500 4MATIC 先锋版,2025,纯电动,北京奔驰,中大型车,47.8,47.80万,27.66万,23.90万,,,,,,,,,,,,纯电动,,,,,电动车单速变速箱,1.0,固定齿比变速箱,200.0,4.9,,3年不限公里,永磁/同步,300.0,858.0,135.0,302.0,215.0,556.0,,,三元锂电池,79.2,681.0,19.9,80,0.75,8.0,4969,1906,1514,3120,1639.0,1650.0,,2515.0,三厢车,4.0,5.0,430.0,平开门,主 / 副,前 / 后,,主 / 副,,上下+前后,大屏,USB/Type-C,,46243,仿皮,前 / 后,自动,46243,纯电动
sg28647,184.0,奔驰,3.0,奔驰,5813,奔驰EQE,253943,EQE 500 4MATIC 先锋版,2026,纯电动,北京奔驰,中大型车,47.8,47.80万,暂无报价,23.90万,,,,,,,,,,,,纯电动,,,,,电动车单速变速箱,1.0,固定齿比变速箱,200.0,4.9,,3年不限公里,永磁/同步,300.0,858.0,135.0,302.0,215.0,556.0,,,三元锂电池,79.2,681.0,19.9,80,0.75,8.0,4969,1906,1514,3120,1639.0,1650.0,,2515.0,三厢车,4.0,5.0,430.0,平开门,主 / 副,前 / 后,,主 / 副,,上下+前后,大屏,USB/Type-C,,46243,仿皮,前 / 后,自动,46243,纯电动
sg28661,1874.0,蔚来,,蔚来,sg28661,蔚来ES7,pcauto_m126966,蔚来ES7 2024款 75kWh,2024,纯电动,NIO蔚来,中大型SUV,43.8,43.8万,,,,,,,,,,,,,,纯电动,,,,,固定齿比,1.0,固定齿比,200.0,3.9,,三年或12万公里,前永磁/同步 后交流/异步,480.0,850.0,180.0,350.0,,,,,三元锂+磷酸铁锂,75.0,485.0,17.6,首任车主十年不限公里(责任免除条款以官方为准),快充:待定/慢充:不支持,80.0,4912,1987,1720,2960,,,,2361.0,SUV,5.0,5.0,,平开门,,,,,皮质 真皮,上下+前后,,,,,仿皮(选装真皮),,自动,,
sg28671,879.0,沃尔沃,,沃尔沃,sg28671,沃尔沃C40,pcauto_m125607,沃尔沃C40 2024款 长续航版,2022,纯电动,沃尔沃亚太,紧凑型SUV,29.2,29.2万,,,,,,,,,,,,,,纯电动,,,,,固定齿比,1.0,固定齿比,180.0,7.3,,三年不限公里,永磁同步,175.0,420.0,,,,,,,三元锂电池,73.0,660.0,12.6,八年或16万公里,快充:0.53小时/慢充:待定,80.0,4440,1873,1596,2702,,,,1996.0,SUV,5.0,5.0,,平开门,,,,,真皮,上下+前后,,,,,皮/翻毛皮混搭(选装织物),,自动,,
sg28671,1130.0,沃尔沃,,沃尔沃,sg28671,沃尔沃C40,pcauto_m125607,沃尔沃C40 2024款 长续航版,2023,纯电动,沃尔沃亚太,紧凑型SUV,29.2,29.2万,,,,,,,,,,,,,,纯电动,,,,,固定齿比,1.0,固定齿比,180.0,7.3,,三年不限公里,永磁同步,175.0,420.0,,,,,,,三元锂电池,73.0,660.0,12.6,八年或16万公里,快充:0.53小时/慢充:待定,80.0,4440,1873,1596,2702,,,,1996.0,SUV,5.0,5.0,,平开门,,,,,真皮,上下+前后,,,,,皮/翻毛皮混搭(选装织物),,自动,,
sg28671,166.0,沃尔沃,,沃尔沃,sg28671,沃尔沃C40,pcauto_m125607,沃尔沃C40 2024款 长续航版,2024,纯电动,沃尔沃亚太,紧凑型SUV,29.2,29.2万,,,,,,,,,,,,,,纯电动,,,,,固定齿比,1.0,固定齿比,180.0,7.3,,三年不限公里,永磁同步,175.0,420.0,,,,,,,三元锂电池,73.0,660.0,12.6,八年或16万公里,快充:0.53小时/慢充:待定,80.0,4440,1873,1596,2702,,,,1996.0,SUV,5.0,5.0,,平开门,,,,,真皮,上下+前后,,,,,皮/翻毛皮混搭(选装织物),,自动,,
sg28671,4.0,沃尔沃,,沃尔沃,sg28671,沃尔沃C40,pcauto_m125607,沃尔沃C40 2024款 长续航版,2025,纯电动,沃尔沃亚太,紧凑型SUV,29.2,29.2万,,,,,,,,,,,,,,纯电动,,,,,固定齿比,1.0,固定齿比,180.0,7.3,,三年不限公里,永磁同步,175.0,420.0,,,,,,,三元锂电池,73.0,660.0,12.6,八年或16万公里,快充:0.53小时/慢充:待定,80.0,4440,1873,1596,2702,,,,1996.0,SUV,5.0,5.0,,平开门,,,,,真皮,上下+前后,,,,,皮/翻毛皮混搭(选装织物),,自动,,
sg28681,29644.0,五菱,39.0,五菱汽车,sg28681,五菱佳辰,73826,1.5L 手动乐享精英型,2022,燃油,上汽通用五菱,紧凑型MPV,6.88,6.88万,6.42万,6.28万,1485.0,1.5,自然吸气,L,4.0,DVVT,99.0,73.0,5800.0,143.0,3400,汽油,92#,多点电喷,铁,国VI,6挡手动,6.0,手动变速箱(MT),170.0,,,3年或10万公里,,,,,,,,,,,,,,,,,4785,1820,1760,2760,1554.0,1549.0,,1410.0,MPV,5.0,7.0,395.0,平开门,主 / 副,前 / 后,,主 / 副,,上下,,USB/Type-C,,46056,织物,前 / 后,手动,46056,燃油
sg28681,47021.0,五菱,39.0,五菱汽车,sg28681,五菱佳辰,90526,2.0L DHT旗舰型,2023,插电混动,上汽通用五菱,紧凑型MPV,11.58,11.58万,10.79万,11.58万,1999.0,2.0,自然吸气,L,4.0,DVVT,136.0,100.0,5600.0,175.0,4000,油电混合,92#,多点电喷,铝,国VI,1挡DHT,1.0,,140.0,,,3年或10万公里,永磁/同步,130.0,320.0,130.0,320.0,,,,,,,,,,,,4785,1820,1785,2760,1554.0,1549.0,,1670.0,MPV,5.0,7.0,,平开门,主 / 副,前 / 后,,主 / 副,,上下,大屏,USB/Type-C,,46243,仿皮,前 / 后,手动,46243,插电混动
sg28681,26915.0,五菱,39.0,五菱汽车,sg28681,五菱佳辰,90526,2.0L DHT旗舰型,2024,插电混动,上汽通用五菱,紧凑型MPV,11.58,11.58万,10.79万,11.58万,1999.0,2.0,自然吸气,L,4.0,DVVT,136.0,100.0,5600.0,175.0,4000,油电混合,92#,多点电喷,铝,国VI,1挡DHT,1.0,,140.0,,,3年或10万公里,永磁/同步,130.0,320.0,130.0,320.0,,,,,,,,,,,,4785,1820,1785,2760,1554.0,1549.0,,1670.0,MPV,5.0,7.0,,平开门,主 / 副,前 / 后,,主 / 副,,上下,大屏,USB/Type-C,,46243,仿皮,前 / 后,手动,46243,插电混动
sg28681,12604.0,五菱,39.0,五菱汽车,sg28681,五菱佳辰,90526,2.0L DHT旗舰型,2025,插电混动,上汽通用五菱,紧凑型MPV,11.58,11.58万,10.79万,11.58万,1999.0,2.0,自然吸气,L,4.0,DVVT,136.0,100.0,5600.0,175.0,4000,油电混合,92#,多点电喷,铝,国VI,1挡DHT,1.0,,140.0,,,3年或10万公里,永磁/同步,130.0,320.0,130.0,320.0,,,,,,,,,,,,4785,1820,1785,2760,1554.0,1549.0,,1670.0,MPV,5.0,7.0,,平开门,主 / 副,前 / 后,,主 / 副,,上下,大屏,USB/Type-C,,46243,仿皮,前 / 后,手动,46243,插电混动
sg28681,1639.0,五菱,39.0,五菱汽车,sg28681,五菱佳辰,90526,2.0L DHT旗舰型,2026,插电混动,上汽通用五菱,紧凑型MPV,11.58,11.58万,10.79万,11.58万,1999.0,2.0,自然吸气,L,4.0,DVVT,136.0,100.0,5600.0,175.0,4000,油电混合,92#,多点电喷,铝,国VI,1挡DHT,1.0,,140.0,,,3年或10万公里,永磁/同步,130.0,320.0,130.0,320.0,,,,,,,,,,,,4785,1820,1785,2760,1554.0,1549.0,,1670.0,MPV,5.0,7.0,,平开门,主 / 副,前 / 后,,主 / 副,,上下,大屏,USB/Type-C,,46243,仿皮,前 / 后,手动,46243,插电混动
sg28684,12807.0,理想汽车,202.0,理想汽车,5227,理想L9,258874,Ultra,2026,增程式,理想汽车,大型SUV,45.98,45.98万,暂无报价,45.98万,1498.0,1.5,涡轮增压,L,4.0,,156.0,115.0,4800.0,245.0,2500,增程式,95#,缸内直喷,铝,国VI b,电动车单速变速箱,1.0,固定齿比变速箱,200.0,4.9,,5年或10万公里,前感应/异步后永磁/同步,420.0,710.0,145.0,265.0,275.0,445.0,,,,,350.0,,80,,,5255,2000,1810,3125,1710.0,1725.0,172.0,2755.0,SUV,5.0,6.0,,平开门,主 / 副,前 / 后,,主 / 副,,上下+前后,大屏,,,12以上,真皮,前 / 后,自动,12以上,增程式
sg28692,4511.0,东风风光,95.0,东风风光,5390,风光380,60575,1.5L 精典型厢车 2座,2022,燃油,赛力斯汽车,微面,5.28,5.28万,暂无报价,5.28万,1498.0,1.5,自然吸气,L,4.0,,112.0,82.0,,147.0,,汽油,92#,多点电喷,未知,国VI,5挡手动,5.0,手动变速箱(MT),,,,3年或6万公里,,,,,,,,,,,,,,,,,4610,1750,1860,2850,1485.0,1505.0,,,货车,5.0,2.0,,侧滑门,主 / 副,前 / 后,,主 / 副,,,,,,46056,织物,前 / 后,：,46056,燃油
sg28692,3442.0,东风风光,95.0,东风风光,5390,风光380,60575,1.5L 精典型厢车 2座,2023,燃油,赛力斯汽车,微面,5.28,5.28万,暂无报价,5.28万,1498.0,1.5,自然吸气,L,4.0,,112.0,82.0,,147.0,,汽油,92#,多点电喷,未知,国VI,5挡手动,5.0,手动变速箱(MT),,,,3年或6万公里,,,,,,,,,,,,,,,,,4610,1750,1860,2850,1485.0,1505.0,,,货车,5.0,2.0,,侧滑门,主 / 副,前 / 后,,主 / 副,,,,,,46056,织物,前 / 后,：,46056,燃油
sg28692,3029.0,东风风光,95.0,东风风光,5390,风光380,60575,1.5L 精典型厢车 2座,2024,燃油,赛力斯汽车,微面,5.28,5.28万,暂无报价,5.28万,1498.0,1.5,自然吸气,L,4.0,,112.0,82.0,,147.0,,汽油,92#,多点电喷,未知,国VI,5挡手动,5.0,手动变速箱(MT),,,,3年或6万公里,,,,,,,,,,,,,,,,,4610,1750,1860,2850,1485.0,1505.0,,,货车,5.0,2.0,,侧滑门,主 / 副,前 / 后,,主 / 副,,,,,,46056,织物,前 / 后,：,46056,燃油
sg28692,1521.0,东风风光,95.0,东风风光,5390,风光380,60575,1.5L 精典型厢车 2座,2025,燃油,赛力斯汽车,微面,5.28,5.28万,暂无报价,5.28万,1498.0,1.5,自然吸气,L,4.0,,112.0,82.0,,147.0,,汽油,92#,多点电喷,未知,国VI,5挡手动,5.0,手动变速箱(MT),,,,3年或6万公里,,,,,,,,,,,,,,,,,4610,1750,1860,2850,1485.0,1505.0,,,货车,5.0,2.0,,侧滑门,主 / 副,前 / 后,,主 / 副,,,,,,46056,织物,前 / 后,：,46056,燃油
sg28692,271.0,东风风光,95.0,东风风光,5390,风光380,60575,1.5L 精典型厢车 2座,2026,燃油,赛力斯汽车,微面,5.28,5.28万,暂无报价,5.28万,1498.0,1.5,自然吸气,L,4.0,,112.0,82.0,,147.0,,汽油,92#,多点电喷,未知,国VI,5挡手动,5.0,手动变速箱(MT),,,,3年或6万公里,,,,,,,,,,,,,,,,,4610,1750,1860,2850,1485.0,1505.0,,,货车,5.0,2.0,,侧滑门,主 / 副,前 / 后,,主 / 副,,,,,,46056,织物,前 / 后,：,46056,燃油
sg28700,18941.0,奇瑞,18.0,奇瑞,5852,艾瑞泽8,245882,1.6TGDI DCT卓越版,2022,燃油,奇瑞汽车,紧凑型车,9.99,9.99万,8.34万,8.99万,1598.0,1.6,涡轮增压,L,4.0,,197.0,145.0,5500.0,290.0,2000,汽油,92#,缸内直喷,铝,国VI,7挡双离合,7.0,湿式双离合变速箱（DCT）,205.0,,,3年或10万公里,,,,,,,,,,,,,,,,,4780,1843,1469,2790,1590.0,1580.0,120.0,1428.0,三厢车,4.0,5.0,,平开门,主 / 副,前 / 后,,主 / 副,,上下+前后,大屏,USB/Type-C,,46180,仿皮,前 / 后,手动,46180,燃油
sg28700,80437.0,奇瑞,18.0,奇瑞,5852,艾瑞泽8,245882,1.6TGDI DCT卓越版,2023,燃油,奇瑞汽车,紧凑型车,9.99,9.99万,8.34万,8.99万,1598.0,1.6,涡轮增压,L,4.0,,197.0,145.0,5500.0,290.0,2000,汽油,92#,缸内直喷,铝,国VI,7挡双离合,7.0,湿式双离合变速箱（DCT）,205.0,,,3年或10万公里,,,,,,,,,,,,,,,,,4780,1843,1469,2790,1590.0,1580.0,120.0,1428.0,三厢车,4.0,5.0,,平开门,主 / 副,前 / 后,,主 / 副,,上下+前后,大屏,USB/Type-C,,46180,仿皮,前 / 后,手动,46180,燃油
sg28700,137510.0,奇瑞,18.0,奇瑞,5852,艾瑞泽8,245882,1.6TGDI DCT卓越版,2024,燃油,奇瑞汽车,紧凑型车,9.99,9.99万,8.34万,8.99万,1598.0,1.6,涡轮增压,L,4.0,,197.0,145.0,5500.0,290.0,2000,汽油,92#,缸内直喷,铝,国VI,7挡双离合,7.0,湿式双离合变速箱（DCT）,205.0,,,3年或10万公里,,,,,,,,,,,,,,,,,4780,1843,1469,2790,1590.0,1580.0,120.0,1428.0,三厢车,4.0,5.0,,平开门,主 / 副,前 / 后,,主 / 副,,上下+前后,大屏,USB/Type-C,,46180,仿皮,前 / 后,手动,46180,燃油
sg28700,147212.0,奇瑞,18.0,奇瑞,5852,艾瑞泽8,245882,1.6TGDI DCT卓越版,2025,燃油,奇瑞汽车,紧凑型车,9.99,9.99万,8.34万,8.99万,1598.0,1.6,涡轮增压,L,4.0,,197.0,145.0,5500.0,290.0,2000,汽油,92#,缸内直喷,铝,国VI,7挡双离合,7.0,湿式双离合变速箱（DCT）,205.0,,,3年或10万公里,,,,,,,,,,,,,,,,,4780,1843,1469,2790,1590.0,1580.0,120.0,1428.0,三厢车,4.0,5.0,,平开门,主 / 副,前 / 后,,主 / 副,,上下+前后,大屏,USB/Type-C,,46180,仿皮,前 / 后,手动,46180,燃油
sg28700,50390.0,奇瑞,18.0,奇瑞,5852,艾瑞泽8,245882,1.6TGDI DCT卓越版,2026,燃油,奇瑞汽车,紧凑型车,9.99,9.99万,8.34万,8.99万,1598.0,1.6,涡轮增压,L,4.0,,197.0,145.0,5500.0,290.0,2000,汽油,92#,缸内直喷,铝,国VI,7挡双离合,7.0,湿式双离合变速箱（DCT）,205.0,,,3年或10万公里,,,,,,,,,,,,,,,,,4780,1843,1469,2790,1590.0,1580.0,120.0,1428.0,三厢车,4.0,5.0,,平开门,主 / 副,前 / 后,,主 / 副,,上下+前后,大屏,USB/Type-C,,46180,仿皮,前 / 后,手动,46180,燃油
sg28700,,奇瑞,18.0,奇瑞,5852,艾瑞泽8,257927,征服版 1.6T DCT智,2027,纯电动,奇瑞汽车,紧凑型车,11.19,11.19万,暂无报价,10.19万,,,,,,,,,,,,,,,,,,,,,,,3年或10万公里,,,,,,,,,,,,,,,,,4780,1843,1469,2790,,,,,三厢车,,5.0,,,主 / 副,前 / 后,,主 / 副,,,,,,,,前 / 后,：,,未知
sg28701,2685.0,MG名爵,,MG名爵,sg28701,MG4,pcauto_m140313,MG4 2026款 改款 437 随心版,2022,纯电动,上汽集团,紧凑型车,6.88,6.88万,,,,,,,,,,,,,,纯电动,,,,,固定齿比,1.0,固定齿比,160.0,,,六年或15万公里,永磁同步,120.0,250.0,120.0,250.0,,,,,磷酸铁锂电池,42.8,437.0,10.9,不限年限/里程(责任免除条款以官方为准),快充:0.33小时/慢充:待定,30.0,4395,1842,1551,2750,,,,1415.0,两厢车,5.0,5.0,,平开门,,,,,塑料,上下,,,,,织物,,自动,,
sg28701,11186.0,MG名爵,,MG名爵,sg28701,MG4,pcauto_m140313,MG4 2026款 改款 437 随心版,2023,纯电动,上汽集团,紧凑型车,6.88,6.88万,,,,,,,,,,,,,,纯电动,,,,,固定齿比,1.0,固定齿比,160.0,,,六年或15万公里,永磁同步,120.0,250.0,120.0,250.0,,,,,磷酸铁锂电池,42.8,437.0,10.9,不限年限/里程(责任免除条款以官方为准),快充:0.33小时/慢充:待定,30.0,4395,1842,1551,2750,,,,1415.0,两厢车,5.0,5.0,,平开门,,,,,塑料,上下,,,,,织物,,自动,,
sg28701,7752.0,MG名爵,,MG名爵,sg28701,MG4,pcauto_m140313,MG4 2026款 改款 437 随心版,2024,纯电动,上汽集团,紧凑型车,6.88,6.88万,,,,,,,,,,,,,,纯电动,,,,,固定齿比,1.0,固定齿比,160.0,,,六年或15万公里,永磁同步,120.0,250.0,120.0,250.0,,,,,磷酸铁锂电池,42.8,437.0,10.9,不限年限/里程(责任免除条款以官方为准),快充:0.33小时/慢充:待定,30.0,4395,1842,1551,2750,,,,1415.0,两厢车,5.0,5.0,,平开门,,,,,塑料,上下,,,,,织物,,自动,,
sg28701,51650.0,MG名爵,,MG名爵,sg28701,MG4,pcauto_m140313,MG4 2026款 改款 437 随心版,2025,纯电动,上汽集团,紧凑型车,6.88,6.88万,,,,,,,,,,,,,,纯电动,,,,,固定齿比,1.0,固定齿比,160.0,,,六年或15万公里,永磁同步,120.0,250.0,120.0,250.0,,,,,磷酸铁锂电池,42.8,437.0,10.9,不限年限/里程(责任免除条款以官方为准),快充:0.33小时/慢充:待定,30.0,4395,1842,1551,2750,,,,1415.0,两厢车,5.0,5.0,,平开门,,,,,塑料,上下,,,,,织物,,自动,,
sg28701,70753.0,MG名爵,,MG名爵,sg28701,MG4,pcauto_m140313,MG4 2026款 改款 437 随心版,2026,纯电动,上汽集团,紧凑型车,6.88,6.88万,,,,,,,,,,,,,,纯电动,,,,,固定齿比,1.0,固定齿比,160.0,,,六年或15万公里,永磁同步,120.0,250.0,120.0,250.0,,,,,磷酸铁锂电池,42.8,437.0,10.9,不限年限/里程(责任免除条款以官方为准),快充:0.33小时/慢充:待定,30.0,4395,1842,1551,2750,,,,1415.0,两厢车,5.0,5.0,,平开门,,,,,塑料,上下,,,,,织物,,自动,,
sg28707,59679.0,长安启源,870.0,长安启源,5859,长安Lumin,245294,210km 清香款,2022,纯电动,长安启源,微型车,4.49,4.49万,4.28万,3.89万,,,,,,,,,,,,纯电动,,,,,电动车单速变速箱,1.0,固定齿比变速箱,101.0,,,3年或12万公里,永磁/同步,30.0,,30.0,,,,,,,,210.0,,,,,3270,1700,1545,1980,1470.0,1476.0,125.0,840.0,两厢车,3.0,4.0,104.0,平开门,主 / 副,前 / 后,,主 / 副,,,大屏,,,,织物,前 / 后,手动,,纯电动
sg28707,136764.0,长安启源,870.0,长安启源,5859,长安Lumin,245294,210km 清香款,2023,纯电动,长安启源,微型车,4.49,4.49万,4.28万,3.89万,,,,,,,,,,,,纯电动,,,,,电动车单速变速箱,1.0,固定齿比变速箱,101.0,,,3年或12万公里,永磁/同步,30.0,,30.0,,,,,,,,210.0,,,,,3270,1700,1545,1980,1470.0,1476.0,125.0,840.0,两厢车,3.0,4.0,104.0,平开门,主 / 副,前 / 后,,主 / 副,,,大屏,,,,织物,前 / 后,手动,,纯电动
sg28707,145142.0,长安启源,870.0,长安启源,5859,长安Lumin,245294,210km 清香款,2024,纯电动,长安启源,微型车,4.49,4.49万,4.28万,3.89万,,,,,,,,,,,,纯电动,,,,,电动车单速变速箱,1.0,固定齿比变速箱,101.0,,,3年或12万公里,永磁/同步,30.0,,30.0,,,,,,,,210.0,,,,,3270,1700,1545,1980,1470.0,1476.0,125.0,840.0,两厢车,3.0,4.0,104.0,平开门,主 / 副,前 / 后,,主 / 副,,,大屏,,,,织物,前 / 后,手动,,纯电动
sg28707,162362.0,长安启源,870.0,长安启源,5859,长安Lumin,245294,210km 清香款,2025,纯电动,长安启源,微型车,4.49,4.49万,4.28万,3.89万,,,,,,,,,,,,纯电动,,,,,电动车单速变速箱,1.0,固定齿比变速箱,101.0,,,3年或12万公里,永磁/同步,30.0,,30.0,,,,,,,,210.0,,,,,3270,1700,1545,1980,1470.0,1476.0,125.0,840.0,两厢车,3.0,4.0,104.0,平开门,主 / 副,前 / 后,,主 / 副,,,大屏,,,,织物,前 / 后,手动,,纯电动
sg28707,11826.0,长安启源,870.0,长安启源,5859,长安Lumin,255793,宝藏版 205km 纯爱米（国轩）,2026,纯电动,长安启源,微型车,4.69,4.69万,4.69万,3.69万,,,,,,,,,,,,纯电动,,,,,电动车单速变速箱,1.0,固定齿比变速箱,101.0,,,3年或12万公里,永磁/同步,35.0,85.0,35.0,85.0,,,,,,,205.0,,,,,3293,1700,1545,1980,1476.0,1480.0,125.0,855.0,两厢车,3.0,4.0,104.0,平开门,主 / 副,前 / 后,,主 / 副,,,大屏,USB/Type-C,,,织物,前 / 后,手动,,纯电动
sg28711,60.0,丰田,5.0,丰田,5858,格瑞维亚,251628,智能电混双擎 2.5L 两驱舒适版,2022,插电混动,一汽丰田,中大型MPV,29.98,29.98万,23.18万,23.78万,2487.0,2.5,自然吸气,L,4.0,VVT-iE,189.0,139.0,6000.0,236.0,4200,油电混合,92#,混合喷射,铝,国VI,E-CVT无级变速,,电子无级变速箱(E-CVT),180.0,,,3年或10万公里,永磁/同步,134.0,270.0,134.0,270.0,,,181.0,,,,,,,,,5175,1995,1765,3060,1725.0,1726.0,,2090.0,MPV,5.0,7.0,525.0,侧滑门,主 / 副,前 / 后,,主 / 副,,上下+前后,,USB/Type-C,,46180,仿皮,前 / 后,自动,46180,插电混动
sg28711,48773.0,丰田,5.0,丰田,5858,格瑞维亚,251628,智能电混双擎 2.5L 两驱舒适版,2023,插电混动,一汽丰田,中大型MPV,29.98,29.98万,23.18万,23.78万,2487.0,2.5,自然吸气,L,4.0,VVT-iE,189.0,139.0,6000.0,236.0,4200,油电混合,92#,混合喷射,铝,国VI,E-CVT无级变速,,电子无级变速箱(E-CVT),180.0,,,3年或10万公里,永磁/同步,134.0,270.0,134.0,270.0,,,181.0,,,,,,,,,5175,1995,1765,3060,1725.0,1726.0,,2090.0,MPV,5.0,7.0,525.0,侧滑门,主 / 副,前 / 后,,主 / 副,,上下+前后,,USB/Type-C,,46180,仿皮,前 / 后,自动,46180,插电混动
sg28711,78687.0,丰田,5.0,丰田,5858,格瑞维亚,251628,智能电混双擎 2.5L 两驱舒适版,2024,插电混动,一汽丰田,中大型MPV,29.98,29.98万,23.18万,23.78万,2487.0,2.5,自然吸气,L,4.0,VVT-iE,189.0,139.0,6000.0,236.0,4200,油电混合,92#,混合喷射,铝,国VI,E-CVT无级变速,,电子无级变速箱(E-CVT),180.0,,,3年或10万公里,永磁/同步,134.0,270.0,134.0,270.0,,,181.0,,,,,,,,,5175,1995,1765,3060,1725.0,1726.0,,2090.0,MPV,5.0,7.0,525.0,侧滑门,主 / 副,前 / 后,,主 / 副,,上下+前后,,USB/Type-C,,46180,仿皮,前 / 后,自动,46180,插电混动
sg28711,70579.0,丰田,5.0,丰田,5858,格瑞维亚,251628,智能电混双擎 2.5L 两驱舒适版,2025,插电混动,一汽丰田,中大型MPV,29.98,29.98万,23.18万,23.78万,2487.0,2.5,自然吸气,L,4.0,VVT-iE,189.0,139.0,6000.0,236.0,4200,油电混合,92#,混合喷射,铝,国VI,E-CVT无级变速,,电子无级变速箱(E-CVT),180.0,,,3年或10万公里,永磁/同步,134.0,270.0,134.0,270.0,,,181.0,,,,,,,,,5175,1995,1765,3060,1725.0,1726.0,,2090.0,MPV,5.0,7.0,525.0,侧滑门,主 / 副,前 / 后,,主 / 副,,上下+前后,,USB/Type-C,,46180,仿皮,前 / 后,自动,46180,插电混动
sg28711,18067.0,丰田,5.0,丰田,5858,格瑞维亚,251628,智能电混双擎 2.5L 两驱舒适版,2026,插电混动,一汽丰田,中大型MPV,29.98,29.98万,23.18万,23.78万,2487.0,2.5,自然吸气,L,4.0,VVT-iE,189.0,139.0,6000.0,236.0,4200,油电混合,92#,混合喷射,铝,国VI,E-CVT无级变速,,电子无级变速箱(E-CVT),180.0,,,3年或10万公里,永磁/同步,134.0,270.0,134.0,270.0,,,181.0,,,,,,,,,5175,1995,1765,3060,1725.0,1726.0,,2090.0,MPV,5.0,7.0,525.0,侧滑门,主 / 副,前 / 后,,主 / 副,,上下+前后,,USB/Type-C,,46180,仿皮,前 / 后,自动,46180,插电混动
sg28718,9803.0,腾势,,腾势,sg28718,腾势D9,pcauto_m136346,腾势D9 2025款 DM-i 尊航型,2022,插电混动,腾势汽车,MPV,30.98,30.98万,,,1498.0,1.5,涡轮增压,直列,4.0,VVT,156.0,115.0,,225.0,,插电混动,92号(原93号),直喷,铝合金,国VI,电子无级变速箱,,电子无级变速箱(E-CVT),190.0,8.6,,六年或15万公里,永磁同步,200.0,315.0,200.0,315.0,,,,,磷酸铁锂电池,40.0,155.0,21.9,首任车主不限年限/不限里程(责任免除条款以官方为准),快充:0.42小时/慢充:待定,80.0,5250,1960,1900,3110,,,,2695.0,MPV,5.0,7.0,,平开门+侧滑门,,,,,皮质,上下+前后,,,,,仿皮,,自动,,
sg28718,118595.0,腾势,,腾势,sg28718,腾势D9,pcauto_m136346,腾势D9 2025款 DM-i 尊航型,2023,插电混动,腾势汽车,MPV,30.98,30.98万,,,1498.0,1.5,涡轮增压,直列,4.0,VVT,156.0,115.0,,225.0,,插电混动,92号(原93号),直喷,铝合金,国VI,电子无级变速箱,,电子无级变速箱(E-CVT),190.0,8.6,,六年或15万公里,永磁同步,200.0,315.0,200.0,315.0,,,,,磷酸铁锂电池,40.0,155.0,21.9,首任车主不限年限/不限里程(责任免除条款以官方为准),快充:0.42小时/慢充:待定,80.0,5250,1960,1900,3110,,,,2695.0,MPV,5.0,7.0,,平开门+侧滑门,,,,,皮质,上下+前后,,,,,仿皮,,自动,,
sg28718,102810.0,腾势,,腾势,sg28718,腾势D9,pcauto_m136346,腾势D9 2025款 DM-i 尊航型,2024,插电混动,腾势汽车,MPV,30.98,30.98万,,,1498.0,1.5,涡轮增压,直列,4.0,VVT,156.0,115.0,,225.0,,插电混动,92号(原93号),直喷,铝合金,国VI,电子无级变速箱,,电子无级变速箱(E-CVT),190.0,8.6,,六年或15万公里,永磁同步,200.0,315.0,200.0,315.0,,,,,磷酸铁锂电池,40.0,155.0,21.9,首任车主不限年限/不限里程(责任免除条款以官方为准),快充:0.42小时/慢充:待定,80.0,5250,1960,1900,3110,,,,2695.0,MPV,5.0,7.0,,平开门+侧滑门,,,,,皮质,上下+前后,,,,,仿皮,,自动,,
sg28718,92988.0,腾势,,腾势,sg28718,腾势D9,pcauto_m136346,腾势D9 2025款 DM-i 尊航型,2025,插电混动,腾势汽车,MPV,30.98,30.98万,,,1498.0,1.5,涡轮增压,直列,4.0,VVT,156.0,115.0,,225.0,,插电混动,92号(原93号),直喷,铝合金,国VI,电子无级变速箱,,电子无级变速箱(E-CVT),190.0,8.6,,六年或15万公里,永磁同步,200.0,315.0,200.0,315.0,,,,,磷酸铁锂电池,40.0,155.0,21.9,首任车主不限年限/不限里程(责任免除条款以官方为准),快充:0.42小时/慢充:待定,80.0,5250,1960,1900,3110,,,,2695.0,MPV,5.0,7.0,,平开门+侧滑门,,,,,皮质,上下+前后,,,,,仿皮,,自动,,
sg28718,28226.0,腾势,,腾势,sg28718,腾势D9,pcauto_m139871,腾势D9 2026款 第二代 DM-i 四驱闪充尊贵型,2026,插电混动,腾势汽车,MPV,35.98,35.98万,,,1498.0,1.5,涡轮增压,直列,4.0,,156.0,115.0,,225.0,,插电混动,92号(原93号),直喷,铝合金,国VI,电子无级变速箱,,电子无级变速箱(E-CVT),190.0,7.3,,六年或15万公里,永磁同步,245.0,425.0,200.0,315.0,,,,,磷酸铁锂电池,66.5,301.0,23.0,首任车主不限年限/不限里程(责任免除条款以官方为准),快充:0.15小时/慢充:待定,10.0,5250,1960,1900,3110,,,,2945.0,MPV,5.0,7.0,,平开门+侧滑门,,,,,皮质,上下+前后,,,,,真皮,,自动,,
sg28721,68000.0,鸿蒙智行,,鸿蒙智行,sg28721,问界M7,pcauto_m136501,问界M7 2026款 增程 Pro+ 五座 四驱版,2026,增程式,AITO 问界,中大型SUV,27.98,27.98万,,,1496.0,1.5,涡轮增压,直列,4.0,,160.0,118.0,,,,增程式,95号(原97号),直喷,铝合金,国VI,固定齿比,1.0,固定齿比,200.0,5.2,,四年或10万公里,前交流异步 后永磁同步,392.0,563.0,165.0,243.0,,,,,磷酸铁锂电池,37.0,175.0,22.1,八年或16万公里,快充:0.25小时/慢充:待定,20.0,5080,1999,1780,3030,,,,2600.0,SUV,5.0,5.0,,平开门,,,,,真皮,上下+前后,,,,,真皮,,自动,,
sg28722,656.0,北京越野,,北京越野,sg28722,北京BJ60,pcauto_m116375,北京BJ60 2022款 2.0T 周末版 五座,2022,燃油,北京越野,中大型SUV,23.98,23.98万,,,1997.0,2.0,涡轮增压,直列,4.0,48V+启发电机,266.0,196.0,,406.0,,汽油,92号(原93号),直喷,,国VI,手自一体,8.0,手自一体,180.0,,,,,,,,,,,,,,,,,,,,5040,1955,1925,2820,,,,2295.0,SUV,5.0,5.0,,平开门,,,,,真皮,上下+前后,,,,,仿皮,,自动,,
sg28722,8645.0,北京越野,,北京越野,sg28722,北京BJ60,pcauto_m125201,北京BJ60 2023款 2.0T 千里版 五座,2023,燃油,北京越野,中大型SUV,26.48,26.48万,,,1968.0,2.0,涡轮增压,直列,4.0,48V+启发电机,163.0,120.0,,400.0,,柴油,0号,直喷,铸铁,国VI,手自一体,8.0,手自一体,180.0,,,五年或15万公里,,,,,,,,,,,,,,,,,5040,1955,1925,2820,,,,2400.0,SUV,5.0,5.0,,平开门,,,,,真皮,上下+前后,,,,,仿皮,,自动,,
sg28722,222.0,北京越野,,北京越野,sg28722,北京BJ60,pcauto_m139617,北京BJ60 2026款 2.0T 卓越版 五座,2026,燃油,北京越野,中大型SUV,23.88,23.88万,,,1997.0,2.0,涡轮增压,直列,4.0,,266.0,196.0,,406.0,,汽油,92号(原93号),直喷,,国VI,手自一体,8.0,手自一体,180.0,,,,,,,,,,,,,,,,,,,,5040,1955,1925,2820,,,,2295.0,SUV,5.0,5.0,,平开门,,,,,真皮,上下+前后,,,,,仿皮,,自动,,
sg28723,9205.0,创维汽车,368.0,创维汽车,5871,创维HT-i,88588,总裁版,2023,插电混动,创维汽车,中型SUV,29.98,29.98万,暂无报价,29.98万,1498.0,1.5,自然吸气,L,4.0,,110.0,81.0,6000.0,135.0,4500,插电式混合动力,92#,多点电喷,铝,国VI b,E-CVT无级变速,,电子无级变速箱(E-CVT),170.0,8.2,,5年或15万公里,永磁/同步,130.0,300.0,130.0,300.0,,,,,,,145.0,,,,,4720,1908,1701,2800,1625.0,1625.0,149.0,1935.0,SUV,5.0,5.0,467.0,平开门,主 / 副,前 / 后,,主 / 副,,上下+前后,,USB/Type-C,,46243,,前 / 后,自动,46243,插电混动
sg28723,6299.0,创维汽车,368.0,创维汽车,5871,创维HT-i,98844,奋斗版,2024,插电混动,创维汽车,中型SUV,12.58,12.58万,暂无报价,12.58万,1498.0,1.5,自然吸气,L,4.0,,110.0,81.0,6000.0,135.0,4500,插电式混合动力,92#,多点电喷,铝,国VI b,E-CVT无级变速,,电子无级变速箱(E-CVT),170.0,7.9,,5年或15万公里,永磁/同步,130.0,300.0,130.0,300.0,,,,,,,81.0,,,,,4720,1908,1701,2800,1625.0,1625.0,149.0,1820.0,SUV,5.0,5.0,467.0,平开门,主 / 副,前 / 后,,主 / 副,,上下+前后,,USB/Type-C,,46056,仿皮,前 / 后,自动,46056,插电混动
sg28723,1587.0,创维汽车,368.0,创维汽车,5871,创维HT-i,257876,超享版,2025,插电混动,创维汽车,中型SUV,15.58,15.58万,暂无报价,15.58万,1494.0,1.5,涡轮增压,L,4.0,,156.0,115.0,,250.0,,插电式混合动力,92#,缸内直喷,铝,国VI b,1挡DHT,1.0,,170.0,,,5年或15万公里,永磁/同步,160.0,330.0,160.0,330.0,,,,,,,148.0,,,,,4720,1908,1701,2800,1625.0,1625.0,146.0,1920.0,SUV,5.0,5.0,467.0,平开门,主 / 副,前 / 后,,主 / 副,,上下+前后,,USB/Type-C,,46243,,前 / 后,自动,46243,插电混动
sg28723,105.0,创维汽车,368.0,创维汽车,5871,创维HT-i,255537,惠享版,2026,插电混动,创维汽车,中型SUV,11.68,11.68万,暂无报价,11.68万,1494.0,1.5,涡轮增压,L,4.0,,156.0,115.0,,250.0,,插电式混合动力,92#,缸内直喷,铝,国VI b,1挡DHT,1.0,,170.0,,,5年或15万公里,永磁/同步,160.0,330.0,160.0,330.0,,,,,,,148.0,,,,,4720,1908,1701,2800,1625.0,1625.0,146.0,1920.0,SUV,5.0,5.0,467.0,平开门,主 / 副,前 / 后,,主 / 副,,上下+前后,,USB/Type-C,,46243,仿皮,前 / 后,自动,46243,插电混动
sg28741,2320.0,中国重汽VGV,,中国重汽VGV,sg28741,VGV U70 PRO,pcauto_m117660,VGV U70 PRO 2022款 1.5T 手动优享版 5座,2022,燃油,中国重汽VGV,中型SUV,7.78,7.78万,,,1499.0,1.5,涡轮增压,直列,4.0,,156.0,115.0,,215.0,,汽油,92号(原93号),多点电喷,,国VI,手动,6.0,手动,175.0,,,,,,,,,,,,,,,,,,,,4825,1870,1691,2800,,,,1541.0,SUV,5.0,5.0,,平开门,,,,,皮质,上下,,,,,织物,,手动,,
sg28742,1205.0,日产,10.0,日产,5895,ARIYA 艾睿雅,91613,500,2022,纯电动,东风日产,紧凑型SUV,19.99,19.99万,14.53万,19.99万,,,,,,,,,,,,纯电动,,,,,电动车单速变速箱,1.0,固定齿比变速箱,160.0,,,3年或10万公里,,160.0,300.0,160.0,300.0,,,,,,,501.0,,,,,4603,1900,1663,2775,1636.0,1639.0,141.0,1935.0,SUV,5.0,5.0,562.0,平开门,主 / 副,前 / 后,,主 / 副,,上下+前后,,USB/Type-C,,46180,真皮,前 / 后,自动,46180,纯电动
sg28742,3702.0,日产,10.0,日产,5895,ARIYA 艾睿雅,91613,500,2023,纯电动,东风日产,紧凑型SUV,19.99,19.99万,14.53万,19.99万,,,,,,,,,,,,纯电动,,,,,电动车单速变速箱,1.0,固定齿比变速箱,160.0,,,3年或10万公里,,160.0,300.0,160.0,300.0,,,,,,,501.0,,,,,4603,1900,1663,2775,1636.0,1639.0,141.0,1935.0,SUV,5.0,5.0,562.0,平开门,主 / 副,前 / 后,,主 / 副,,上下+前后,,USB/Type-C,,46180,真皮,前 / 后,自动,46180,纯电动
sg28742,2114.0,日产,10.0,日产,5895,ARIYA 艾睿雅,91613,500,2024,纯电动,东风日产,紧凑型SUV,19.99,19.99万,14.53万,19.99万,,,,,,,,,,,,纯电动,,,,,电动车单速变速箱,1.0,固定齿比变速箱,160.0,,,3年或10万公里,,160.0,300.0,160.0,300.0,,,,,,,501.0,,,,,4603,1900,1663,2775,1636.0,1639.0,141.0,1935.0,SUV,5.0,5.0,562.0,平开门,主 / 副,前 / 后,,主 / 副,,上下+前后,,USB/Type-C,,46180,真皮,前 / 后,自动,46180,纯电动
sg28742,30.0,日产,10.0,日产,5895,ARIYA 艾睿雅,91613,500,2025,纯电动,东风日产,紧凑型SUV,19.99,19.99万,14.53万,19.99万,,,,,,,,,,,,纯电动,,,,,电动车单速变速箱,1.0,固定齿比变速箱,160.0,,,3年或10万公里,,160.0,300.0,160.0,300.0,,,,,,,501.0,,,,,4603,1900,1663,2775,1636.0,1639.0,141.0,1935.0,SUV,5.0,5.0,562.0,平开门,主 / 副,前 / 后,,主 / 副,,上下+前后,,USB/Type-C,,46180,真皮,前 / 后,自动,46180,纯电动
sg28742,7.0,日产,10.0,日产,5895,ARIYA 艾睿雅,91613,500,2026,纯电动,东风日产,紧凑型SUV,19.99,19.99万,14.53万,19.99万,,,,,,,,,,,,纯电动,,,,,电动车单速变速箱,1.0,固定齿比变速箱,160.0,,,3年或10万公里,,160.0,300.0,160.0,300.0,,,,,,,501.0,,,,,4603,1900,1663,2775,1636.0,1639.0,141.0,1935.0,SUV,5.0,5.0,562.0,平开门,主 / 副,前 / 后,,主 / 副,,上下+前后,,USB/Type-C,,46180,真皮,前 / 后,自动,46180,纯电动
sg28747,542.0,荣威,,荣威,sg28747,荣威RX9,pcauto_m140696,荣威RX9 2026款 2.0T 两驱焕新版,2026,燃油,上汽集团,中型SUV,20.98,20.98万,,,1986.0,2.0,涡轮增压,直列,4.0,,242.0,178.0,,392.0,,汽油,92号(原93号),直喷,铝合金,国VI,手自一体,9.0,手自一体,200.0,,,,,,,,,,,,,,,,,,,,4983,1967,1786,2915,,,,1940.0,SUV,5.0,6.0,,平开门,,,,,真皮,上下+前后,,,,,织物,,自动,,
sg28748,2220.0,五菱,39.0,五菱汽车,sg28748,五菱Air ev晴空,80270,两座 标准版,2022,纯电动,上汽通用五菱,微型车,5.78,5.78万,6.78万,5.78万,,,,,,,,,,,,纯电动,,,,,电动车单速变速箱,1.0,固定齿比变速箱,100.0,,,3年或10万公里,永磁/同步,30.0,110.0,,,30.0,110.0,,,,,300.0,,,,,2599,1505,1631,1635,1290.0,1306.0,126.0,818.0,两厢车,3.0,2.0,704.0,平开门,主 / 副,前 / 后,,主 / 副,,,,USB/Type-C,,46056,织物,前 / 后,手动,46056,纯电动
sg28751,2257.0,雪佛兰,6.0,雪佛兰,5897,星迈罗,78291,1.5T 潮启版,2022,燃油,上汽通用雪佛兰,紧凑型SUV,13.99,13.99万,10.86万,13.99万,1498.0,1.5,涡轮增压,L,4.0,,184.0,135.0,5500.0,250.0,1500,汽油,92#,缸内直喷,铝,国VI,CVT无级变速,,无级变速箱(CVT),205.0,7.9,6.58,3年或10万公里,,,,,,,,,,,,,,,,,4537,1823,1564,2700,1559.0,1573.0,,1410.0,SUV,5.0,5.0,414.0,平开门,主 / 副,前 / 后,,主 / 副,,上下+前后,大屏,USB/Type-C,,46180,皮织混搭,前 / 后,手动,46180,燃油
sg28751,5910.0,雪佛兰,6.0,雪佛兰,5897,星迈罗,91172,Redline 1.5T 专属定制版,2023,燃油,上汽通用雪佛兰,紧凑型SUV,14.19,14.19万,13.30万,14.19万,1498.0,1.5,涡轮增压,L,4.0,,184.0,135.0,5500.0,250.0,1500,汽油,92#,缸内直喷,铝,国VI,CVT无级变速,,无级变速箱(CVT),205.0,7.9,6.54,3年或10万公里,,,,,,,,,,,,,,,,,4537,1823,1564,2700,1559.0,1573.0,,1410.0,SUV,5.0,5.0,417.0,平开门,主 / 副,前 / 后,,主 / 副,,上下+前后,大屏,USB/Type-C,,46180,仿皮,前 / 后,手动 None,46180,燃油
sg28754,6281.0,理想汽车,202.0,理想汽车,6095,理想L8,259944,Ultra,2026,增程式,理想汽车,中大型SUV,36.98,36.98万,暂无报价,36.98万,1498.0,1.5,涡轮增压,L,4.0,,156.0,115.0,,,,增程式,95#,缸内直喷,铝,国VI b,电动车单速变速箱,1.0,固定齿比变速箱,200.0,,,5年或10万公里,永磁/同步,,,,,,,,,,,,,80,,,5135,2000,1800,3045,1710.0,1725.0,,2740.0,SUV,5.0,5.0,,平开门,主 / 副,前 / 后,,主 / 副,,,,,,,,前 / 后,：,,增程式
sg28755,933.0,smart,48.0,smart,6272,smart精灵#3,249832,型动标准版,2026,纯电动,smart,紧凑型SUV,16.49,16.49万,16.49万,15.69万,,,,,,,,,,,,纯电动,,,,,电动车单速变速箱,1.0,固定齿比变速箱,180.0,5.8,,4年或15万公里,永磁/同步,200.0,343.0,,,200.0,343.0,,,,,415.0,,,,,4400,1844,1556,2785,1584.0,1601.0,135.0,1790.0,SUV,5.0,5.0,370.0,平开门,主 / 副,前 / 后,,主 / 副,,上下+前后,大屏,USB/Type-C,Beats,12以上,仿皮,前 / 后,自动,12以上,纯电动
sg28782,13794.0,本田,,本田,sg28782,ZR-V 致在,pcauto_m119464,ZR-V 致在 2023款 1.5T CVT科技版,2023,燃油,广汽本田,紧凑型SUV,16.49,16.49万,,,1498.0,1.5,涡轮增压,直列,4.0,VTEC,182.0,134.0,,240.0,,汽油,92号(原93号),直喷,铝合金,国VI,无级变速,,无级变速,192.0,,,三年或10万公里,,,,,,,,,,,,,,,,,4568,1840,1611,2655,,,,1479.0,SUV,5.0,5.0,,平开门,,,,,塑料,上下+前后,,,,,皮/织物混搭,,自动,,
sg28788,5866.0,长安,35.0,长安,5923,长安UNI-V 智电iDD,98354,蓝鲸智电iDD 136km 智趣型,2024,插电混动,长安汽车,紧凑型车,11.49,11.49万,9.95万,10.79万,1493.0,1.5,自然吸气,L,4.0,,110.0,81.0,6000.0,143.0,4000,插电式混合动力,92#,缸内直喷,铝,国VI b,E-CVT无级变速,,电子无级变速箱(E-CVT),185.0,6.9,,3年或12万公里,永磁/同步,158.0,330.0,158.0,330.0,,,,,,,111.0,,80,,,4720,1838,1435,2750,1576.0,1586.0,,1625.0,掀背车,5.0,5.0,,平开门,主 / 副,前 / 后,,主 / 副,,上下+前后,,USB/Type-C+SD卡槽,,,仿皮,前 / 后,自动,,插电混动
sg28789,3077.0,红旗,59.0,红旗,5905,红旗HQ9,101080,公务版,2022,燃油,一汽红旗,中大型MPV,34.88,34.88万,暂无报价,28.38万,1989.0,2.0,涡轮增压,L,4.0,,252.0,185.0,5500.0,380.0,1800,48V轻混系统,95#,缸内直喷,铝,国VI b,8挡手自一体,8.0,手自一体变速箱(AT),200.0,9.2,,4年或10万公里,,,,,,,,,,,,,,,,,5222,2005,1935,3200,1730.0,1730.0,,2320.0,MPV,5.0,7.0,620.0,侧滑门,主 / 副,前 / 后,,主 / 副,,上下+前后,大屏,USB/Type-C,,46243,真皮,前 / 后,自动,46243,燃油
sg28789,9582.0,红旗,59.0,红旗,5905,红旗HQ9,101080,公务版,2023,燃油,一汽红旗,中大型MPV,34.88,34.88万,暂无报价,28.38万,1989.0,2.0,涡轮增压,L,4.0,,252.0,185.0,5500.0,380.0,1800,48V轻混系统,95#,缸内直喷,铝,国VI b,8挡手自一体,8.0,手自一体变速箱(AT),200.0,9.2,,4年或10万公里,,,,,,,,,,,,,,,,,5222,2005,1935,3200,1730.0,1730.0,,2320.0,MPV,5.0,7.0,620.0,侧滑门,主 / 副,前 / 后,,主 / 副,,上下+前后,大屏,USB/Type-C,,46243,真皮,前 / 后,自动,46243,燃油
sg28789,2473.0,红旗,59.0,红旗,5905,红旗HQ9,101080,公务版,2024,燃油,一汽红旗,中大型MPV,34.88,34.88万,暂无报价,28.38万,1989.0,2.0,涡轮增压,L,4.0,,252.0,185.0,5500.0,380.0,1800,48V轻混系统,95#,缸内直喷,铝,国VI b,8挡手自一体,8.0,手自一体变速箱(AT),200.0,9.2,,4年或10万公里,,,,,,,,,,,,,,,,,5222,2005,1935,3200,1730.0,1730.0,,2320.0,MPV,5.0,7.0,620.0,侧滑门,主 / 副,前 / 后,,主 / 副,,上下+前后,大屏,USB/Type-C,,46243,真皮,前 / 后,自动,46243,燃油
sg28789,2294.0,红旗,59.0,红旗,5905,红旗HQ9,101080,公务版,2025,燃油,一汽红旗,中大型MPV,34.88,34.88万,暂无报价,28.38万,1989.0,2.0,涡轮增压,L,4.0,,252.0,185.0,5500.0,380.0,1800,48V轻混系统,95#,缸内直喷,铝,国VI b,8挡手自一体,8.0,手自一体变速箱(AT),200.0,9.2,,4年或10万公里,,,,,,,,,,,,,,,,,5222,2005,1935,3200,1730.0,1730.0,,2320.0,MPV,5.0,7.0,620.0,侧滑门,主 / 副,前 / 后,,主 / 副,,上下+前后,大屏,USB/Type-C,,46243,真皮,前 / 后,自动,46243,燃油
sg28789,192.0,红旗,59.0,红旗,5905,红旗HQ9,101080,公务版,2026,燃油,一汽红旗,中大型MPV,34.88,34.88万,暂无报价,28.38万,1989.0,2.0,涡轮增压,L,4.0,,252.0,185.0,5500.0,380.0,1800,48V轻混系统,95#,缸内直喷,铝,国VI b,8挡手自一体,8.0,手自一体变速箱(AT),200.0,9.2,,4年或10万公里,,,,,,,,,,,,,,,,,5222,2005,1935,3200,1730.0,1730.0,,2320.0,MPV,5.0,7.0,620.0,侧滑门,主 / 副,前 / 后,,主 / 副,,上下+前后,大屏,USB/Type-C,,46243,真皮,前 / 后,自动,46243,燃油
sg28791,521.0,睿蓝汽车,,睿蓝汽车,sg28791,睿蓝汽车X3 PRO,pcauto_m127559,睿蓝汽车X3 PRO 2024款 1.5L 手动小萌,2024,燃油,睿蓝汽车,小型SUV,4.89,4.89万,,,1498.0,1.5,自然吸气,直列,4.0,DVVT,113.0,83.0,,143.0,,汽油,92号(原93号),多点电喷,铝合金,国VI,手动,5.0,手动,170.0,,,四年或10万公里,,,,,,,,,,,,,,,,,4005,1760,1575,2480,,,,1157.0,SUV,5.0,5.0,,平开门,,,,,塑料,上下,,,,,仿皮,,手动,,
sg28793,3797.0,大众,1.0,大众,5929,揽巡,251157,330TSI 两驱豪华巡逸众享款,2022,燃油,一汽-大众,中大型SUV,25.99,25.99万,23.67万,20.39万,1984.0,2.0,涡轮增压,L,4.0,,186.0,137.0,4100.0,320.0,1600,汽油,95#,缸内直喷,铁,国VI,7挡双离合,7.0,湿式双离合变速箱（DCT）,200.0,10.2,,3年或10万公里,,,,,,,,,,,,,,,,,4936,2015,1767,2980,1704.0,1719.0,,1944.0,SUV,5.0,5.0,656.0,平开门,主 / 副,前 / 后,,主 / 副,,上下+前后,大屏,USB/Type-C,,46243,仿皮,前 / 后,自动,46243,燃油
sg28793,30879.0,大众,1.0,大众,5929,揽巡,251157,330TSI 两驱豪华巡逸众享款,2023,燃油,一汽-大众,中大型SUV,25.99,25.99万,23.67万,20.39万,1984.0,2.0,涡轮增压,L,4.0,,186.0,137.0,4100.0,320.0,1600,汽油,95#,缸内直喷,铁,国VI,7挡双离合,7.0,湿式双离合变速箱（DCT）,200.0,10.2,,3年或10万公里,,,,,,,,,,,,,,,,,4936,2015,1767,2980,1704.0,1719.0,,1944.0,SUV,5.0,5.0,656.0,平开门,主 / 副,前 / 后,,主 / 副,,上下+前后,大屏,USB/Type-C,,46243,仿皮,前 / 后,自动,46243,燃油
sg28793,34358.0,大众,1.0,大众,5929,揽巡,251157,330TSI 两驱豪华巡逸众享款,2024,燃油,一汽-大众,中大型SUV,25.99,25.99万,23.67万,20.39万,1984.0,2.0,涡轮增压,L,4.0,,186.0,137.0,4100.0,320.0,1600,汽油,95#,缸内直喷,铁,国VI,7挡双离合,7.0,湿式双离合变速箱（DCT）,200.0,10.2,,3年或10万公里,,,,,,,,,,,,,,,,,4936,2015,1767,2980,1704.0,1719.0,,1944.0,SUV,5.0,5.0,656.0,平开门,主 / 副,前 / 后,,主 / 副,,上下+前后,大屏,USB/Type-C,,46243,仿皮,前 / 后,自动,46243,燃油
sg28793,26667.0,大众,1.0,大众,5929,揽巡,251157,330TSI 两驱豪华巡逸众享款,2025,燃油,一汽-大众,中大型SUV,25.99,25.99万,23.67万,20.39万,1984.0,2.0,涡轮增压,L,4.0,,186.0,137.0,4100.0,320.0,1600,汽油,95#,缸内直喷,铁,国VI,7挡双离合,7.0,湿式双离合变速箱（DCT）,200.0,10.2,,3年或10万公里,,,,,,,,,,,,,,,,,4936,2015,1767,2980,1704.0,1719.0,,1944.0,SUV,5.0,5.0,656.0,平开门,主 / 副,前 / 后,,主 / 副,,上下+前后,大屏,USB/Type-C,,46243,仿皮,前 / 后,自动,46243,燃油
sg28793,9626.0,大众,1.0,大众,5929,揽巡,256795,450TSI 四驱至尊版,2026,燃油,一汽-大众,中大型SUV,25.99,25.99万,24.13万,24.69万,1984.0,2.0,涡轮增压,L,4.0,米勒循环、可变截面涡轮,272.0,200.0,5000.0,400.0,1700,汽油,95#,缸内直喷,铁,国VI,7挡双离合,7.0,湿式双离合变速箱（DCT）,200.0,7.0,,3年或10万公里,,,,,,,,,,,,,,,,,5007,2015,1778,2980,1704.0,1719.0,164.0,2062.0,SUV,5.0,5.0,693.0,平开门,主 / 副,前 / 后,,主 / 副,,上下+前后,,USB/Type-C,,46243,仿皮,前 / 后,自动,46243,燃油
sg28813,13716.0,别克,12.0,别克,6271,别克E5,249283,515KM先享版,2025,纯电动,上汽通用别克,中大型SUV,16.99,16.99万,13.69万,14.69万,,,,,,,,,,,,纯电动,,,,,电动车单速变速箱,1.0,固定齿比变速箱,180.0,7.7,,3年或10万公里,永磁/同步,180.0,330.0,180.0,330.0,,,,,,,515.0,,,,,4892,1905,1681,2954,1623.0,1625.0,,2150.0,SUV,5.0,5.0,502.0,平开门,主 / 副,前 / 后,,主 / 副,,上下+前后,,USB/Type-C,,46243,皮织混搭,前 / 后,自动,46243,纯电动
sg28843,26579.0,东风纳米,,东风纳米,sg28843,纳米BOX,pcauto_m121550,纳米BOX 2023款 冠军款 轻风版 201KM 标准型,2023,纯电动,东风汽车,小型SUV,4.97,4.97万,,,,,,,,,,,,,,纯电动,,,,,固定齿比,1.0,固定齿比,100.0,,,三年或6万公里,永磁同步,33.0,125.0,33.0,125.0,,,,,磷酸铁锂电池,15.97,201.0,,,快充:0.53小时/慢充:3.0小时,80.0,3732,1579,1515,2423,,,,872.0,SUV,5.0,4.0,,平开门,,,,,塑料,,,,,,仿皮(选装皮/织物混搭),,手动,,
sg28863,3344.0,别克,,别克,sg28863,昂扬,pcauto_m116517,昂扬 2022款 1.5T 悦享版,2022,燃油,上汽通用别克,紧凑型SUV,15.29,15.29万,,,1498.0,1.5,涡轮增压,直列,4.0,,184.0,135.0,,250.0,,汽油,92号(原93号),直喷,铝合金,国VI,无级变速,,无级变速,205.0,7.9,,,,,,,,,,,,,,,,,,,4638,1816,1565,2700,,,,1415.0,SUV,4.0,5.0,,平开门,,,,,皮质,上下,,,,,皮/织物混搭,,手动,,
sg28864,10007.0,五菱,39.0,五菱汽车,sg28864,五菱星驰,250112,1.5L 手动自由型,2022,燃油,上汽通用五菱,小型SUV,5.68,5.68万,5.00万,4.98万,1485.0,1.5,自然吸气,L,4.0,DVVT,99.0,73.0,5800.0,143.0,3400,汽油,92#,多点电喷,铁,国VI,6挡手动,6.0,手动变速箱(MT),165.0,,,3年或10万公里,,,,,,,,,,,,,,,,,4350,1750,1610,2550,1490.0,1496.0,,1190.0,SUV,5.0,5.0,322.0,平开门,主 / 副,前 / 后,,主 / 副,,上下,,USB/Type-C,,46056,织物,前 / 后,手动,46056,燃油
sg28864,42432.0,五菱,39.0,五菱汽车,sg28864,五菱星驰,250112,1.5L 手动自由型,2023,燃油,上汽通用五菱,小型SUV,5.68,5.68万,5.00万,4.98万,1485.0,1.5,自然吸气,L,4.0,DVVT,99.0,73.0,5800.0,143.0,3400,汽油,92#,多点电喷,铁,国VI,6挡手动,6.0,手动变速箱(MT),165.0,,,3年或10万公里,,,,,,,,,,,,,,,,,4350,1750,1610,2550,1490.0,1496.0,,1190.0,SUV,5.0,5.0,322.0,平开门,主 / 副,前 / 后,,主 / 副,,上下,,USB/Type-C,,46056,织物,前 / 后,手动,46056,燃油
sg28864,23699.0,五菱,39.0,五菱汽车,sg28864,五菱星驰,250112,1.5L 手动自由型,2024,燃油,上汽通用五菱,小型SUV,5.68,5.68万,5.00万,4.98万,1485.0,1.5,自然吸气,L,4.0,DVVT,99.0,73.0,5800.0,143.0,3400,汽油,92#,多点电喷,铁,国VI,6挡手动,6.0,手动变速箱(MT),165.0,,,3年或10万公里,,,,,,,,,,,,,,,,,4350,1750,1610,2550,1490.0,1496.0,,1190.0,SUV,5.0,5.0,322.0,平开门,主 / 副,前 / 后,,主 / 副,,上下,,USB/Type-C,,46056,织物,前 / 后,手动,46056,燃油
sg28864,9073.0,五菱,39.0,五菱汽车,sg28864,五菱星驰,250112,1.5L 手动自由型,2025,燃油,上汽通用五菱,小型SUV,5.68,5.68万,5.00万,4.98万,1485.0,1.5,自然吸气,L,4.0,DVVT,99.0,73.0,5800.0,143.0,3400,汽油,92#,多点电喷,铁,国VI,6挡手动,6.0,手动变速箱(MT),165.0,,,3年或10万公里,,,,,,,,,,,,,,,,,4350,1750,1610,2550,1490.0,1496.0,,1190.0,SUV,5.0,5.0,322.0,平开门,主 / 副,前 / 后,,主 / 副,,上下,,USB/Type-C,,46056,织物,前 / 后,手动,46056,燃油
sg28864,1378.0,五菱,39.0,五菱汽车,sg28864,五菱星驰,250112,1.5L 手动自由型,2026,燃油,上汽通用五菱,小型SUV,5.68,5.68万,5.00万,4.98万,1485.0,1.5,自然吸气,L,4.0,DVVT,99.0,73.0,5800.0,143.0,3400,汽油,92#,多点电喷,铁,国VI,6挡手动,6.0,手动变速箱(MT),165.0,,,3年或10万公里,,,,,,,,,,,,,,,,,4350,1750,1610,2550,1490.0,1496.0,,1190.0,SUV,5.0,5.0,322.0,平开门,主 / 副,前 / 后,,主 / 副,,上下,,USB/Type-C,,46056,织物,前 / 后,手动,46056,燃油
sg28868,839.0,奔腾,,奔腾,sg28868,奔腾M9,pcauto_m120002,奔腾M9 2023款 2.0T 尊享型,2023,燃油,一汽奔腾,MPV,22.98,22.98万,,,1989.0,2.0,涡轮增压,直列,4.0,48V+启发电机,252.0,185.0,,380.0,,汽油,95号(原97号),直喷,铝合金,国VI,手自一体,8.0,手自一体,200.0,8.93,,,,,,,,,,,,,,,,,,,5280,2005,1945,3200,,,,2200.0,MPV,5.0,7.0,,平开门+侧滑门,,,,,皮质,上下+前后,,,,,仿皮,,自动,,
sg28871,239270.0,比亚迪,16.0,比亚迪,5952,海鸥,244964,智驾版 305KM 活力版,2023,纯电动,比亚迪,小型车,6.98,6.98万,6.54万,6.68万,,,,,,,,,,,,纯电动,,,,,电动车单速变速箱,1.0,固定齿比变速箱,130.0,,,6年或15万公里,永磁/同步,55.0,135.0,55.0,135.0,,,,,,,305.0,,80,,,3780,1715,1540,2500,1500.0,1500.0,,1160.0,两厢车,5.0,4.0,930.0,平开门,主 / 副,前 / 后,,主 / 副,,上下,大屏,USB/Type-C,,46117,仿皮,前 / 后,手动,46117,纯电动
sg28871,453593.0,比亚迪,16.0,比亚迪,5952,海鸥,244964,智驾版 305KM 活力版,2024,纯电动,比亚迪,小型车,6.98,6.98万,6.54万,6.68万,,,,,,,,,,,,纯电动,,,,,电动车单速变速箱,1.0,固定齿比变速箱,130.0,,,6年或15万公里,永磁/同步,55.0,135.0,55.0,135.0,,,,,,,305.0,,80,,,3780,1715,1540,2500,1500.0,1500.0,,1160.0,两厢车,5.0,4.0,930.0,平开门,主 / 副,前 / 后,,主 / 副,,上下,大屏,USB/Type-C,,46117,仿皮,前 / 后,手动,46117,纯电动
sg28871,310956.0,比亚迪,16.0,比亚迪,5952,海鸥,244964,智驾版 305KM 活力版,2025,纯电动,比亚迪,小型车,6.98,6.98万,6.54万,6.68万,,,,,,,,,,,,纯电动,,,,,电动车单速变速箱,1.0,固定齿比变速箱,130.0,,,6年或15万公里,永磁/同步,55.0,135.0,55.0,135.0,,,,,,,305.0,,80,,,3780,1715,1540,2500,1500.0,1500.0,,1160.0,两厢车,5.0,4.0,930.0,平开门,主 / 副,前 / 后,,主 / 副,,上下,大屏,USB/Type-C,,46117,仿皮,前 / 后,手动,46117,纯电动
sg28871,55105.0,比亚迪,16.0,比亚迪,5952,海鸥,255307,活力版,2026,纯电动,比亚迪,小型车,6.99,6.99万,6.25万,6.99万,,,,,,,,,,,,纯电动,,,,,电动车单速变速箱,1.0,固定齿比变速箱,130.0,,,6年或15万公里,永磁/同步,55.0,135.0,55.0,135.0,,,,,,,305.0,,80,,,3780,1715,1540,2500,1500.0,1500.0,,1160.0,两厢车,5.0,4.0,930.0,平开门,主 / 副,前 / 后,,主 / 副,,上下,大屏,USB/Type-C+SD卡槽,,46117,仿皮,前 / 后,自动,46117,纯电动
sg28881,4200.0,标致,61.0,标致,5992,标致408X,249457,改款 1.6T ME版,2023,燃油,东风标致,中型车,15.37,15.37万,暂无报价,13.17万,1598.0,1.6,涡轮增压,L,4.0,CVVT连续可变正时系统和CVVL进气连续可变升程技术,175.0,129.0,5500.0,250.0,1750,汽油,92#,缸内直喷,铝,国VI b,8挡手自一体,8.0,手自一体变速箱(AT),220.0,,6.35,5年或15万公里,,,,,,,,,,,,,,,,,4705,1859,1502,2787,1599.0,1604.0,166.0,1465.0,掀背车,5.0,5.0,536.0,平开门,主 / 副,前 / 后,,主 / 副,,上下+前后,,USB/Type-C,,46180,仿皮,前 / 后,自动,46180,燃油
sg28881,3361.0,标致,61.0,标致,5992,标致408X,249457,改款 1.6T ME版,2024,燃油,东风标致,中型车,15.37,15.37万,暂无报价,13.17万,1598.0,1.6,涡轮增压,L,4.0,CVVT连续可变正时系统和CVVL进气连续可变升程技术,175.0,129.0,5500.0,250.0,1750,汽油,92#,缸内直喷,铝,国VI b,8挡手自一体,8.0,手自一体变速箱(AT),220.0,,6.35,5年或15万公里,,,,,,,,,,,,,,,,,4705,1859,1502,2787,1599.0,1604.0,166.0,1465.0,掀背车,5.0,5.0,536.0,平开门,主 / 副,前 / 后,,主 / 副,,上下+前后,,USB/Type-C,,46180,仿皮,前 / 后,自动,46180,燃油
sg28881,751.0,标致,61.0,标致,5992,标致408X,249457,改款 1.6T ME版,2025,燃油,东风标致,中型车,15.37,15.37万,暂无报价,13.17万,1598.0,1.6,涡轮增压,L,4.0,CVVT连续可变正时系统和CVVL进气连续可变升程技术,175.0,129.0,5500.0,250.0,1750,汽油,92#,缸内直喷,铝,国VI b,8挡手自一体,8.0,手自一体变速箱(AT),220.0,,6.35,5年或15万公里,,,,,,,,,,,,,,,,,4705,1859,1502,2787,1599.0,1604.0,166.0,1465.0,掀背车,5.0,5.0,536.0,平开门,主 / 副,前 / 后,,主 / 副,,上下+前后,,USB/Type-C,,46180,仿皮,前 / 后,自动,46180,燃油
sg28881,165.0,标致,61.0,标致,5992,标致408X,249457,改款 1.6T ME版,2026,燃油,东风标致,中型车,15.37,15.37万,暂无报价,13.17万,1598.0,1.6,涡轮增压,L,4.0,CVVT连续可变正时系统和CVVL进气连续可变升程技术,175.0,129.0,5500.0,250.0,1750,汽油,92#,缸内直喷,铝,国VI b,8挡手自一体,8.0,手自一体变速箱(AT),220.0,,6.35,5年或15万公里,,,,,,,,,,,,,,,,,4705,1859,1502,2787,1599.0,1604.0,166.0,1465.0,掀背车,5.0,5.0,536.0,平开门,主 / 副,前 / 后,,主 / 副,,上下+前后,,USB/Type-C,,46180,仿皮,前 / 后,自动,46180,燃油
sg28883,1034.0,睿蓝汽车,381.0,睿蓝汽车,6003,睿蓝9,80758,风尚版,2023,纯电动,睿蓝汽车,中型SUV,15.99,15.99万,暂无报价,15.99万,,,,,,,,,,,,纯电动,,,,,电动车单速变速箱,1.0,固定齿比变速箱,163.0,,,4年或15万公里,永磁/同步,150.0,310.0,150.0,310.0,,,,,三元锂电池,52.56,380.0,,80,0.5,,4845,1890,1778,2825,1600.0,1620.0,135.0,1830.0,SUV,5.0,6.0,162.0,平开门,主 / 副,前 / 后,,主 / 副,,上下+前后,大屏,USB/Type-C,,46243,仿皮,前 / 后,自动,46243,纯电动
sg28892,3014.0,睿蓝汽车,381.0,睿蓝汽车,5997,睿蓝7,92708,逐风,2023,纯电动,睿蓝汽车,紧凑型SUV,14.97,14.97万,14.38万,14.97万,,,,,,,,,,,,纯电动,,,,,电动车单速变速箱,1.0,固定齿比变速箱,190.0,6.8,,6年或15万公里,永磁/同步,180.0,385.0,,,180.0,385.0,,,,,605.0,,,,,4690,1892,1650,2775,1600.0,1610.0,,1780.0,SUV,5.0,5.0,402.0,平开门,主 / 副,前 / 后,,主 / 副,,上下+前后,,USB/Type-C,,46180,仿皮,前 / 后,自动,46180,纯电动
sg28892,4493.0,睿蓝汽车,381.0,睿蓝汽车,5997,睿蓝7,241469,450 财富版,2024,纯电动,睿蓝汽车,紧凑型SUV,11.57,11.57万,暂无报价,11.57万,,,,,,,,,,,,纯电动,,,,,电动车单速变速箱,1.0,固定齿比变速箱,150.0,,,6年或15万公里,永磁/同步,120.0,240.0,120.0,240.0,,,,,,,450.0,,,,,4690,1892,1650,2775,1600.0,1610.0,,1715.0,SUV,5.0,5.0,402.0,平开门,主 / 副,前 / 后,,主 / 副,,上下,,USB/Type-C,,46056,仿皮,前 / 后,自动,46056,纯电动
sg28894,1181.0,大通,,大通,sg28894,大家5,pcauto_m124475,大家5 2024款 410km 精英版,2024,纯电动,大通,MPV,19.98,19.98万,,,,,,,,,,,,,,纯电动,,,,,固定齿比,1.0,固定齿比,,,,三年或8万公里,永磁同步,118.0,225.0,118.0,225.0,,,,,三元锂电池,61.1,410.0,,,,,4825,1825,1778,2800,,,,,MPV,5.0,5.0,,平开门,,,,,塑料,上下,,,,,织物(选装仿皮),,手动(选装自动),,
sg28932,232926.0,吉利汽车,73.0,吉利汽车,6025,博越L,247700,第四代 1.5TD DCT 扬帆,2025,燃油,吉利汽车,紧凑型SUV,9.99,9.99万,8.62万,9.29万,1499.0,1.5,涡轮增压,L,4.0,,181.0,133.0,5500.0,290.0,2000,汽油,92#,缸内直喷,铝,国VI b,7挡双离合,7.0,湿式双离合变速箱（DCT）,195.0,,6.8,4年或10万公里,,,,,,,,,,,,,,,,,4730,1910,1710,2785,1618.0,1618.0,,1571.0,SUV,5.0,5.0,,平开门,主 / 副,前 / 后,,主 / 副,,上下+前后,大屏,USB/Type-C,,46180,仿皮,前 / 后,自动,46180,燃油
sg28932,110621.0,吉利汽车,73.0,吉利汽车,6025,博越L,257028,第四代 1.5TD DCT 小蓝灯版,2026,燃油,吉利汽车,紧凑型SUV,12.99,12.99万,11.35万,11.99万,1499.0,1.5,涡轮增压,L,4.0,,181.0,133.0,5500.0,290.0,2000,汽油,92#,缸内直喷,铝,国VI b,7挡双离合,7.0,湿式双离合变速箱（DCT）,195.0,,6.8,4年或10万公里,,,,,,,,,,,,,,,,,4730,1910,1700,2785,1618.0,1618.0,,1600.0,SUV,5.0,5.0,,平开门,主 / 副,前 / 后,,主 / 副,,上下+前后,大屏,USB/Type-C,,12以上,仿皮,前 / 后,自动,12以上,燃油
sg28935,25159.0,深蓝汽车,515.0,深蓝汽车,6027,深蓝S07,251651,230Max 华为乾崑ADS SE版,2026,增程式,深蓝汽车,中型SUV,15.69,15.69万,13.73万,14.39万,1497.0,1.5,自然吸气,L,4.0,,98.0,72.0,5600.0,125.0,3000,增程式,92#,多点电喷,铝,国VI b,电动车单速变速箱,1.0,固定齿比变速箱,180.0,7.5,,3年或12万公里,永磁/同步,190.0,290.0,,,190.0,290.0,,,,,,,,,,4750,1930,1625,2900,1640.0,1650.0,145.0,1970.0,SUV,5.0,5.0,485.0,平开门,主 / 副,前 / 后,,主 / 副,,上下+前后,,,,46243,仿皮,前 / 后,自动,46243,增程式
sg28953,30374.0,本田,9.0,本田,6036,本田HR-V,259758,1.5T Pro版,2023,纯电动,东风本田,紧凑型SUV,10.99,10.99万,暂无报价,10.99万,,,,,,,,,,,,,,,,,,,,,,,3年或10万公里,,,,,,,,,,,,,,,,,4569,1840,1611,2655,,,,,SUV,,5.0,,,主 / 副,前 / 后,,主 / 副,,,,USB/Type-C,,,,前 / 后,：,,未知
sg28953,27168.0,本田,9.0,本田,6036,本田HR-V,259758,1.5T Pro版,2024,纯电动,东风本田,紧凑型SUV,10.99,10.99万,暂无报价,10.99万,,,,,,,,,,,,,,,,,,,,,,,3年或10万公里,,,,,,,,,,,,,,,,,4569,1840,1611,2655,,,,,SUV,,5.0,,,主 / 副,前 / 后,,主 / 副,,,,USB/Type-C,,,,前 / 后,：,,未知
sg28953,8441.0,本田,9.0,本田,6036,本田HR-V,259758,1.5T Pro版,2025,纯电动,东风本田,紧凑型SUV,10.99,10.99万,暂无报价,10.99万,,,,,,,,,,,,,,,,,,,,,,,3年或10万公里,,,,,,,,,,,,,,,,,4569,1840,1611,2655,,,,,SUV,,5.0,,,主 / 副,前 / 后,,主 / 副,,,,USB/Type-C,,,,前 / 后,：,,未知
sg28953,12155.0,本田,9.0,本田,6036,本田HR-V,259758,1.5T Pro版,2026,纯电动,东风本田,紧凑型SUV,10.99,10.99万,暂无报价,10.99万,,,,,,,,,,,,,,,,,,,,,,,3年或10万公里,,,,,,,,,,,,,,,,,4569,1840,1611,2655,,,,,SUV,,5.0,,,主 / 副,前 / 后,,主 / 副,,,,USB/Type-C,,,,前 / 后,：,,未知
sg28954,64878.0,长安欧尚,,长安欧尚,sg28954,长安欧尚X5 PLUS,pcauto_m121876,长安欧尚X5 PLUS 2023款 1.5T 乐享型,2023,燃油,长安欧尚,紧凑型SUV,9.19,9.19万,,,1494.0,1.5,涡轮增压,直列,4.0,可变截面涡轮增压器,188.0,138.0,,300.0,,汽油,92号(原93号),直喷,铝合金,国VI,湿式双离合,7.0,湿式双离合变速箱,205.0,7.51,,三年或10万公里,,,,,,,,,,,,,,,,,4540,1860,1620,2715,,,,1400.0,SUV,5.0,5.0,,平开门,,,,,皮质,上下+前后,,,,,织物,,自动,,
sg28972,3079.0,凯翼,,凯翼,sg28972,凯翼拾月,pcauto_m140213,凯翼拾月 2026款 Max 310km 心愿版,2023,纯电动,凯翼汽车,微型车,4.79,4.79万,,,,,,,,,,,,,,纯电动,,,,,固定齿比,1.0,固定齿比,100.0,,,三年或12万公里,永磁同步,55.0,106.0,40.0,110.0,,,,,磷酸铁锂电池,28.08,310.0,10.2,八年或15万公里,快充:0.5小时/慢充:待定,30.0,3720,1700,1608,2520,,,,1115.0,两厢车,5.0,4.0,,平开门,,,,,塑料,,,,,,织物,,手动,,
sg28972,9445.0,凯翼,,凯翼,sg28972,凯翼拾月,pcauto_m140213,凯翼拾月 2026款 Max 310km 心愿版,2024,纯电动,凯翼汽车,微型车,4.79,4.79万,,,,,,,,,,,,,,纯电动,,,,,固定齿比,1.0,固定齿比,100.0,,,三年或12万公里,永磁同步,55.0,106.0,40.0,110.0,,,,,磷酸铁锂电池,28.08,310.0,10.2,八年或15万公里,快充:0.5小时/慢充:待定,30.0,3720,1700,1608,2520,,,,1115.0,两厢车,5.0,4.0,,平开门,,,,,塑料,,,,,,织物,,手动,,
sg28972,5643.0,凯翼,,凯翼,sg28972,凯翼拾月,pcauto_m140213,凯翼拾月 2026款 Max 310km 心愿版,2025,纯电动,凯翼汽车,微型车,4.79,4.79万,,,,,,,,,,,,,,纯电动,,,,,固定齿比,1.0,固定齿比,100.0,,,三年或12万公里,永磁同步,55.0,106.0,40.0,110.0,,,,,磷酸铁锂电池,28.08,310.0,10.2,八年或15万公里,快充:0.5小时/慢充:待定,30.0,3720,1700,1608,2520,,,,1115.0,两厢车,5.0,4.0,,平开门,,,,,塑料,,,,,,织物,,手动,,
sg28972,2918.0,凯翼,,凯翼,sg28972,凯翼拾月,pcauto_m140213,凯翼拾月 2026款 Max 310km 心愿版,2026,纯电动,凯翼汽车,微型车,4.79,4.79万,,,,,,,,,,,,,,纯电动,,,,,固定齿比,1.0,固定齿比,100.0,,,三年或12万公里,永磁同步,55.0,106.0,40.0,110.0,,,,,磷酸铁锂电池,28.08,310.0,10.2,八年或15万公里,快充:0.5小时/慢充:待定,30.0,3720,1700,1608,2520,,,,1115.0,两厢车,5.0,4.0,,平开门,,,,,塑料,,,,,,织物,,手动,,
sg28982,161.0,凯翼,142.0,凯翼,sg28982,轩度EV,254616,低配版,2024,纯电动,凯翼汽车,紧凑型车,8.59,暂无报价,暂无报价,,,,,,,,,,,,,,,,,,电动车单速变速箱,1.0,固定齿比变速箱,140.0,,,,,,,,,,,,,,,,,,,,4724,1825,1532,2700,,,,1580.0,三厢车,4.0,5.0,,平开门,主 / 副,前 / 后,,主 / 副,,上下,,USB/Type-C,,46056,仿皮,前 / 后,手动,46056,纯电动
sg28982,938.0,凯翼,142.0,凯翼,sg28982,轩度EV,254616,低配版,2025,纯电动,凯翼汽车,紧凑型车,8.59,暂无报价,暂无报价,,,,,,,,,,,,,,,,,,电动车单速变速箱,1.0,固定齿比变速箱,140.0,,,,,,,,,,,,,,,,,,,,4724,1825,1532,2700,,,,1580.0,三厢车,4.0,5.0,,平开门,主 / 副,前 / 后,,主 / 副,,上下,,USB/Type-C,,46056,仿皮,前 / 后,手动,46056,纯电动
sg28982,735.0,凯翼,142.0,凯翼,sg28982,轩度EV,254616,低配版,2026,纯电动,凯翼汽车,紧凑型车,8.59,暂无报价,暂无报价,,,,,,,,,,,,,,,,,,电动车单速变速箱,1.0,固定齿比变速箱,140.0,,,,,,,,,,,,,,,,,,,,4724,1825,1532,2700,,,,1580.0,三厢车,4.0,5.0,,平开门,主 / 副,前 / 后,,主 / 副,,上下,,USB/Type-C,,46056,仿皮,前 / 后,手动,46056,纯电动
sg28991,19210.0,极氪,,极氪,sg28991,极氪009,pcauto_m129683,极氪009 2024款 七座过道版两驱 108kWh,2023,纯电动,极氪,MPV,43.9,43.9万,,,,,,,,,,,,,,纯电动,,,,,固定齿比,1.0,固定齿比,230.0,6.9,,四年或10万公里,永磁同步,310.0,440.0,310.0,440.0,,,,,三元锂电池,108.0,740.0,16.8,八年或20万公里,快充:0.19小时/慢充:待定,10.0,5217,2024,1812,3205,,,,2783.0,MPV,5.0,7.0,,平开门+侧滑门,,,,,真皮,上下+前后,,,,,真皮,,自动,,
sg28991,22631.0,极氪,,极氪,sg28991,极氪009,pcauto_m129683,极氪009 2024款 七座过道版两驱 108kWh,2024,纯电动,极氪,MPV,43.9,43.9万,,,,,,,,,,,,,,纯电动,,,,,固定齿比,1.0,固定齿比,230.0,6.9,,四年或10万公里,永磁同步,310.0,440.0,310.0,440.0,,,,,三元锂电池,108.0,740.0,16.8,八年或20万公里,快充:0.19小时/慢充:待定,10.0,5217,2024,1812,3205,,,,2783.0,MPV,5.0,7.0,,平开门+侧滑门,,,,,真皮,上下+前后,,,,,真皮,,自动,,
sg28991,19522.0,极氪,,极氪,sg28991,极氪009,pcauto_m134021,极氪009 2025款 光辉典藏版,2025,纯电动,极氪,MPV,89.9,89.9万,,,,,,,,,,,,,,纯电动,,,,,固定齿比,1.0,固定齿比,230.0,3.9,,四年或10万公里,前感应异步/后永磁同步,580.0,810.0,270.0,370.0,,,,,三元锂电池,108.0,702.0,17.6,八年或20万公里,快充:0.19小时/慢充:待定,10.0,5217,2024,1812,3205,,,,2970.0,MPV,5.0,4.0,,平开门+侧滑门,,,,,真皮,上下+前后,,,,,真皮,,自动,,
sg28991,7086.0,极氪,,极氪,sg28991,极氪009,pcauto_m140394,极氪009 2026款 七座Ultra版,2026,纯电动,极氪,MPV,43.98,43.98万,,,,,,,,,,,,,,纯电动,,,,,固定齿比,1.0,固定齿比,220.0,6.9,,四年或10万公里,永磁同步,310.0,440.0,310.0,440.0,,,,,三元锂电池,108.0,740.0,16.8,八年或20万公里,快充:0.19小时/慢充:待定,10.0,5217,2024,1812,3205,,,,2850.0,MPV,5.0,7.0,,平开门+侧滑门,,,,,真皮,上下+前后,,,,,真皮,,自动,,
sg28995,10798.0,理想汽车,202.0,理想汽车,6067,理想MEGA,245718,Ultra 智能焕新版,2024,纯电动,理想汽车,大型MPV,52.98,52.98万,52.98万,52.98万,,,,,,,,,,,,纯电动,,,,,电动车单速变速箱,1.0,固定齿比变速箱,180.0,5.5,,5年或10万公⾥,前感应/异步后永磁/同步,400.0,542.0,155.0,232.0,245.0,310.0,,,,,710.0,,,,,5350,1965,1850,3300,1703.0,1708.0,147.0,2795.0,MPV,5.0,7.0,500.0,侧滑门,主 / 副,前 / 后,,主 / 副,,上下+前后,,USB/Type-C,,12以上,真皮,前 / 后,自动,12以上,纯电动
sg28995,18541.0,理想汽车,202.0,理想汽车,6067,理想MEGA,245718,Ultra 智能焕新版,2025,纯电动,理想汽车,大型MPV,52.98,52.98万,52.98万,52.98万,,,,,,,,,,,,纯电动,,,,,电动车单速变速箱,1.0,固定齿比变速箱,180.0,5.5,,5年或10万公⾥,前感应/异步后永磁/同步,400.0,542.0,155.0,232.0,245.0,310.0,,,,,710.0,,,,,5350,1965,1850,3300,1703.0,1708.0,147.0,2795.0,MPV,5.0,7.0,500.0,侧滑门,主 / 副,前 / 后,,主 / 副,,上下+前后,,USB/Type-C,,12以上,真皮,前 / 后,自动,12以上,纯电动
sg28995,2843.0,理想汽车,202.0,理想汽车,6067,理想MEGA,245718,Ultra 智能焕新版,2026,纯电动,理想汽车,大型MPV,52.98,52.98万,52.98万,52.98万,,,,,,,,,,,,纯电动,,,,,电动车单速变速箱,1.0,固定齿比变速箱,180.0,5.5,,5年或10万公⾥,前感应/异步后永磁/同步,400.0,542.0,155.0,232.0,245.0,310.0,,,,,710.0,,,,,5350,1965,1850,3300,1703.0,1708.0,147.0,2795.0,MPV,5.0,7.0,500.0,侧滑门,主 / 副,前 / 后,,主 / 副,,上下+前后,,USB/Type-C,,12以上,真皮,前 / 后,自动,12以上,纯电动
sg28996,1137.0,起亚,13.0,起亚,6070,狮铂拓界,246853,1.5T 两驱豪华版,2022,燃油,起亚,紧凑型SUV,17.98,17.98万,11.78万,17.98万,1497.0,1.5,涡轮增压,L,4.0,,200.0,147.0,6000.0,253.0,2200,汽油,92#,缸内直喷,铝,国VI,8挡手自一体,8.0,手自一体变速箱(AT),205.0,,,5年或10万公里,,,,,,,,,,,,,,,,,4670,1865,1678,2755,1615.0,1622.0,156.0,1568.0,SUV,5.0,5.0,545.0,平开门,主 / 副,前 / 后,,主 / 副,,上下+前后,大屏,USB/Type-C,,46180,仿皮,前 / 后,自动,46180,燃油
sg28996,11291.0,起亚,13.0,起亚,6070,狮铂拓界,246853,1.5T 两驱豪华版,2023,燃油,起亚,紧凑型SUV,17.98,17.98万,11.78万,17.98万,1497.0,1.5,涡轮增压,L,4.0,,200.0,147.0,6000.0,253.0,2200,汽油,92#,缸内直喷,铝,国VI,8挡手自一体,8.0,手自一体变速箱(AT),205.0,,,5年或10万公里,,,,,,,,,,,,,,,,,4670,1865,1678,2755,1615.0,1622.0,156.0,1568.0,SUV,5.0,5.0,545.0,平开门,主 / 副,前 / 后,,主 / 副,,上下+前后,大屏,USB/Type-C,,46180,仿皮,前 / 后,自动,46180,燃油
sg28996,13350.0,起亚,13.0,起亚,6070,狮铂拓界,246853,1.5T 两驱豪华版,2024,燃油,起亚,紧凑型SUV,17.98,17.98万,11.78万,17.98万,1497.0,1.5,涡轮增压,L,4.0,,200.0,147.0,6000.0,253.0,2200,汽油,92#,缸内直喷,铝,国VI,8挡手自一体,8.0,手自一体变速箱(AT),205.0,,,5年或10万公里,,,,,,,,,,,,,,,,,4670,1865,1678,2755,1615.0,1622.0,156.0,1568.0,SUV,5.0,5.0,545.0,平开门,主 / 副,前 / 后,,主 / 副,,上下+前后,大屏,USB/Type-C,,46180,仿皮,前 / 后,自动,46180,燃油
sg28996,15561.0,起亚,13.0,起亚,6070,狮铂拓界,246853,1.5T 两驱豪华版,2025,燃油,起亚,紧凑型SUV,17.98,17.98万,11.78万,17.98万,1497.0,1.5,涡轮增压,L,4.0,,200.0,147.0,6000.0,253.0,2200,汽油,92#,缸内直喷,铝,国VI,8挡手自一体,8.0,手自一体变速箱(AT),205.0,,,5年或10万公里,,,,,,,,,,,,,,,,,4670,1865,1678,2755,1615.0,1622.0,156.0,1568.0,SUV,5.0,5.0,545.0,平开门,主 / 副,前 / 后,,主 / 副,,上下+前后,大屏,USB/Type-C,,46180,仿皮,前 / 后,自动,46180,燃油
sg28996,5151.0,起亚,13.0,起亚,6070,狮铂拓界,256535,1.5T 两驱舒适版,2026,燃油,起亚,紧凑型SUV,15.49,15.49万,11.89万,10.99万,1497.0,1.5,涡轮增压,L,4.0,,200.0,147.0,6000.0,253.0,2200,汽油,92#,缸内直喷,铝,国VI,8挡手自一体,8.0,手自一体变速箱(AT),205.0,,,5年或10万公里,,,,,,,,,,,,,,,,,4695,1865,1678,2755,1620.0,1627.0,156.0,1545.0,SUV,5.0,5.0,545.0,平开门,主 / 副,前 / 后,,主 / 副,,上下+前后,大屏,USB/Type-C,,46180,仿皮,前 / 后,自动,46180,燃油
sg29031,3072.0,吉利几何,264.0,吉利几何,6080,吉利几何G6,93549,410KM 豪华型,2024,纯电动,吉利几何,紧凑型车,11.98,11.98万,暂无报价,11.98万,,,,,,,,,,,,纯电动,,,,,电动车单速变速箱,1.0,固定齿比变速箱,150.0,,,4年或12万公里,永磁/同步,100.0,180.0,100.0,180.0,,,,,,,410.0,,80,,,4752,1804,1520,2700,1560.0,1560.0,120.0,1570.0,三厢车,4.0,5.0,430.0,平开门,主 / 副,前 / 后,,主 / 副,,上下+前后,大屏,USB/Type-C,,46117,仿皮,前 / 后,自动,46117,纯电动
sg29041,3144.0,吉利几何,264.0,吉利几何,6081,吉利几何M6,77421,450新智版,2022,纯电动,吉利几何,紧凑型SUV,14.98,14.98万,14.17万,13.78万,,,,,,,,,,,,纯电动,,,,,电动车单速变速箱,1.0,固定齿比变速箱,150.0,6.9,,4年或15万公里,永磁/同步,150.0,310.0,150.0,310.0,,,,,,,450.0,,80,,,4432,1833,1560,2700,1561.0,1560.0,140.0,1570.0,SUV,5.0,5.0,340.0,平开门,主 / 副,前 / 后,,主 / 副,,上下+前后,大屏,USB/Type-C,,46117,仿皮,前 / 后,自动,46117,纯电动
sg29098,17175.0,红旗,59.0,红旗,6132,红旗H5,240722,1.5T DCT旗悦版,2022,燃油,一汽红旗,中型车,15.98,15.98万,11.29万,10.98万,1498.0,1.5,涡轮增压,L,4.0,,169.0,124.0,5500.0,258.0,1500,汽油,92#,缸内直喷,铁,国VI b,7挡双离合,7.0,湿式双离合变速箱（DCT）,215.0,9.5,,4年或10万公里,,,,,,,,,,,,,,,,,4988,1875,1470,2920,1615.0,1607.0,,1565.0,三厢车,4.0,5.0,,平开门,主 / 副,前 / 后,,主 / 副,,上下+前后,大屏,USB/Type-C,,46180,织物,前 / 后,自动,46180,燃油
sg29098,99622.0,红旗,59.0,红旗,6132,红旗H5,240722,1.5T DCT旗悦版,2023,燃油,一汽红旗,中型车,15.98,15.98万,11.29万,10.98万,1498.0,1.5,涡轮增压,L,4.0,,169.0,124.0,5500.0,258.0,1500,汽油,92#,缸内直喷,铁,国VI b,7挡双离合,7.0,湿式双离合变速箱（DCT）,215.0,9.5,,4年或10万公里,,,,,,,,,,,,,,,,,4988,1875,1470,2920,1615.0,1607.0,,1565.0,三厢车,4.0,5.0,,平开门,主 / 副,前 / 后,,主 / 副,,上下+前后,大屏,USB/Type-C,,46180,织物,前 / 后,自动,46180,燃油
sg29098,148793.0,红旗,59.0,红旗,6132,红旗H5,240722,1.5T DCT旗悦版,2024,燃油,一汽红旗,中型车,15.98,15.98万,11.29万,10.98万,1498.0,1.5,涡轮增压,L,4.0,,169.0,124.0,5500.0,258.0,1500,汽油,92#,缸内直喷,铁,国VI b,7挡双离合,7.0,湿式双离合变速箱（DCT）,215.0,9.5,,4年或10万公里,,,,,,,,,,,,,,,,,4988,1875,1470,2920,1615.0,1607.0,,1565.0,三厢车,4.0,5.0,,平开门,主 / 副,前 / 后,,主 / 副,,上下+前后,大屏,USB/Type-C,,46180,织物,前 / 后,自动,46180,燃油
sg29098,163573.0,红旗,59.0,红旗,6132,红旗H5,240722,1.5T DCT旗悦版,2025,燃油,一汽红旗,中型车,15.98,15.98万,11.29万,10.98万,1498.0,1.5,涡轮增压,L,4.0,,169.0,124.0,5500.0,258.0,1500,汽油,92#,缸内直喷,铁,国VI b,7挡双离合,7.0,湿式双离合变速箱（DCT）,215.0,9.5,,4年或10万公里,,,,,,,,,,,,,,,,,4988,1875,1470,2920,1615.0,1607.0,,1565.0,三厢车,4.0,5.0,,平开门,主 / 副,前 / 后,,主 / 副,,上下+前后,大屏,USB/Type-C,,46180,织物,前 / 后,自动,46180,燃油
sg29098,53883.0,红旗,59.0,红旗,6132,红旗H5,257969,1.5T DCT旗韵Pro版,2026,燃油,一汽红旗,中型车,15.98,15.98万,11.89万,12.10万,1498.0,1.5,涡轮增压,L,4.0,,169.0,124.0,5500.0,258.0,1500,汽油,92#,缸内直喷,铁,国VI b,7挡双离合,7.0,湿式双离合变速箱（DCT）,215.0,9.5,,4年或10万公里,,,,,,,,,,,,,,,,,4988,1875,1470,2920,1615.0,1607.0,,1565.0,三厢车,4.0,5.0,510.0,平开门,主 / 副,前 / 后,,主 / 副,,上下+前后,大屏,USB/Type-C,,46180,仿皮,前 / 后,自动,46180,燃油
sg29113,10244.0,坦克,,坦克,sg29113,坦克500新能源,pcauto_m136272,坦克500新能源 2026款 Hi4-T,2026,插电混动,长城汽车,中大型SUV,33.5,33.5万,,,1998.0,2.0,涡轮增压,直列,4.0,,252.0,185.0,,380.0,,插电混动,92号(原93号),直喷,铝合金,国VI,手自一体,9.0,手自一体,180.0,6.9,,五年或15万公里,永磁同步,130.0,495.0,130.0,495.0,,,,,三元锂电池,37.1,110.0,24.5,首任车主不限年限/里程(责任免除条款以官方为准),快充:0.27小时/慢充:6.5小时,30.0,5078,1934,1905,2850,,,,2830.0,SUV,5.0,5.0,,平开门,,,,,皮质,上下+前后,,,,,真皮,,自动,,
sg29114,895.0,哈弗,,哈弗,sg29114,哈弗大狗PLUS新能源,pcauto_m140507,哈弗大狗PLUS新能源 2026款 Hi4 200km 长续航潮电版,2026,插电混动,长城汽车,中型SUV,16.58,16.58万,,,1499.0,1.5,涡轮增压,直列,4.0,米勒循环,156.0,115.0,,243.0,,插电混动,92号(原93号),直喷,铝合金,国VI,DHT变速箱,2.0,混合动力专用变速箱(DHT),190.0,,,六年或15万公里,永磁同步,220.0,510.0,70.0,160.0,,,,,磷酸铁锂电池,33.7,151.0,19.0,首任车主不限年限/里程(责任免除条款以官方为准),快充:0.33小时/慢充:4.5小时,30.0,4705,1908,1780,2810,,,,2130.0,SUV,5.0,5.0,,平开门,,,,,皮质,上下+前后,,,,,仿皮,,自动,,
sg29117,25927.0,丰田,5.0,丰田,6126,丰田bZ3,97139,精英PRO,2023,纯电动,一汽丰田,中型车,16.98,16.98万,10.88万,12.48万,,,,,,,,,,,,纯电动,,,,,电动车单速变速箱,1.0,固定齿比变速箱,160.0,,,3年或10万公里,永磁/同步,135.0,303.0,135.0,303.0,,,,,,,517.0,,,,,4725,1835,1480,2880,1580.0,1580.0,,1710.0,三厢车,4.0,5.0,439.0,平开门,主 / 副,前 / 后,,主 / 副,,上下+前后,,USB/Type-C,,46180,仿皮,前 / 后,自动,46180,纯电动
sg29117,50931.0,丰田,5.0,丰田,6126,丰田bZ3,97139,精英PRO,2024,纯电动,一汽丰田,中型车,16.98,16.98万,10.88万,12.48万,,,,,,,,,,,,纯电动,,,,,电动车单速变速箱,1.0,固定齿比变速箱,160.0,,,3年或10万公里,永磁/同步,135.0,303.0,135.0,303.0,,,,,,,517.0,,,,,4725,1835,1480,2880,1580.0,1580.0,,1710.0,三厢车,4.0,5.0,439.0,平开门,主 / 副,前 / 后,,主 / 副,,上下+前后,,USB/Type-C,,46180,仿皮,前 / 后,自动,46180,纯电动
sg29117,22606.0,丰田,5.0,丰田,6126,丰田bZ3,97139,精英PRO,2025,纯电动,一汽丰田,中型车,16.98,16.98万,10.88万,12.48万,,,,,,,,,,,,纯电动,,,,,电动车单速变速箱,1.0,固定齿比变速箱,160.0,,,3年或10万公里,永磁/同步,135.0,303.0,135.0,303.0,,,,,,,517.0,,,,,4725,1835,1480,2880,1580.0,1580.0,,1710.0,三厢车,4.0,5.0,439.0,平开门,主 / 副,前 / 后,,主 / 副,,上下+前后,,USB/Type-C,,46180,仿皮,前 / 后,自动,46180,纯电动
sg29117,6132.0,丰田,5.0,丰田,6126,丰田bZ3,255004,智享家 JOY,2026,纯电动,一汽丰田,中型车,10.98,10.98万,8.98万,9.38万,,,,,,,,,,,,纯电动,,,,,电动车单速变速箱,1.0,固定齿比变速箱,160.0,,,3年或10万公里,永磁/同步,135.0,303.0,135.0,303.0,,,,,,,517.0,,,,,4725,1835,1480,2880,1580.0,1580.0,,1710.0,三厢车,4.0,5.0,439.0,平开门,主 / 副,前 / 后,,主 / 副,,上下+前后,,USB/Type-C,,46180,仿皮,前 / 后,自动,46180,纯电动
sg29119,0.0,猛士,527.0,猛士,8798,猛士917,100899,高地雄狮,2024,增程式,猛士科技,大型SUV,69.9,69.90万,69.00万,69.90万,1476.0,1.5,涡轮增压,L,4.0,,197.0,145.0,,,,增程式,92#,缸内直喷,铝,国VI b,2挡自动,2.0,自动变速箱(AT),191.0,6.0,,5年或10万公里,永磁/同步,600.0,1050.0,200.0,350.0,400.0,700.0,,,,,200.0,,,,,4987,2080,1978,2950,1755.0,1755.0,268.0,3157.0,SUV,5.0,5.0,,平开门,主 / 副,前 / 后,,主 / 副,,上下+前后,,USB/Type-C,丹拿,12以上,真皮,前 / 后,自动,12以上,增程式
sg29119,57.0,猛士,527.0,猛士,8798,猛士917,247689,蛟龙战甲加长版,2025,增程式,猛士科技,大型SUV,109.8,109.80万,暂无报价,109.80万,1476.0,1.5,涡轮增压,L,4.0,,197.0,145.0,,,,增程式,92#,缸内直喷,铝,国VI b,2挡自动,2.0,自动变速箱(AT),170.0,6.54,,5年或10万公里,永磁/同步,600.0,1050.0,200.0,350.0,400.0,700.0,,,,,125.0,,,,,5252,2150,1999,3150,1755.0,1755.0,221.0,3270.0,SUV,5.0,5.0,,平开门,主 / 副,前 / 后,,主 / 副,,上下+前后,,USB/Type-C,丹拿,12以上,真皮,前 / 后,自动,12以上,增程式
sg29119,0.0,猛士,527.0,猛士,8798,猛士917,255195,增程版,2026,增程式,猛士科技,大型SUV,63.77,63.77万,63.00万,63.77万,1476.0,1.5,涡轮增压,L,4.0,,197.0,145.0,,300.0,,增程式,92#,缸内直喷,铝,国VI b,2挡自动,2.0,自动变速箱(AT),191.0,6.0,,5年或10万公里,永磁/同步,600.0,1050.0,200.0,350.0,400.0,700.0,,,,,200.0,,,,,4987,2080,1935,2950,1755.0,1755.0,221.0,3130.0,SUV,5.0,5.0,452.0,平开门,主 / 副,前 / 后,,主 / 副,,上下+前后,,USB/Type-C,丹拿,12以上,真皮,前 / 后,自动,12以上,增程式
sg29122,,大通,108.0,大通,6044,领地,90315,2.0T 汽油精英版5座,2023,燃油,大通,中大型SUV,19.98,19.98万,暂无报价,19.38万,1986.0,2.0,涡轮增压,L,4.0,,261.0,192.0,5500.0,410.0,1750,汽油,92#,缸内直喷,铝,国VI,8挡手自一体,8.0,手自一体变速箱(AT),190.0,,,3年或10万公里,,,,,,,,,,,,,,,,,5046,2016,1876,2950,1644.0,1664.0,230.0,2230.0,SUV,5.0,5.0,2400.0,平开门,主 / 副,前 / 后,,主 / 副,,上下+前后,,USB/Type-C+SD卡槽,,,仿皮,前 / 后,自动,,燃油
sg29123,2169.0,腾势,159.0,腾势,6360,腾势N7,245176,702 两驱智驾双激光尊荣版,2025,纯电动,腾势汽车,中型SUV,25.98,25.98万,19.90万,25.98万,,,,,,,,,,,,纯电动,,,,,电动车单速变速箱,1.0,固定齿比变速箱,180.0,6.8,,6年或15万公里,永磁/同步,230.0,360.0,,,230.0,360.0,,,,,702.0,,,,,4860,1935,1620,2940,1660.0,1660.0,,2320.0,SUV,5.0,5.0,480.0,平开门,主 / 副,前 / 后,,主 / 副,,上下+前后,,USB/Type-C+SD卡槽,,12以上,真皮,前 / 后,自动,12以上,纯电动
sg29124,1575.0,思皓,235.0,思皓,6120,思皓X8 PLUS,77300,1.5TGDI DCT智家版 6/7座,2022,燃油,江汽集团,中型SUV,11.38,11.38万,10.69万,11.38万,1499.0,1.5,涡轮增压,L,4.0,DVVT,184.0,135.0,5500.0,300.0,1800,汽油,92#,缸内直喷,铁,国VI b,7挡双离合,7.0,湿式双离合变速箱（DCT）,160.0,,,3年或10万公里,,,,,,,,,,,,,,,,,4825,1870,1758,2830,1575.0,1590.0,170.0,1645.0,SUV,5.0,6.0,418.0,平开门,主 / 副,前 / 后,,主 / 副,,上下+前后,大屏,USB/Type-C,,46180,仿皮,前 / 后,手动,46180,燃油
sg29124,30181.0,思皓,235.0,思皓,6120,思皓X8 PLUS,89284,1.5TGDI DCT智家版 5座,2023,燃油,江汽集团,中型SUV,10.98,10.98万,暂无报价,10.98万,1499.0,1.5,涡轮增压,L,4.0,DVVT,184.0,135.0,5500.0,300.0,1800,汽油,92#,缸内直喷,铁,国VI b,7挡双离合,7.0,湿式双离合变速箱（DCT）,160.0,,,3年或10万公里,,,,,,,,,,,,,,,,,4825,1870,1758,2830,1575.0,1590.0,170.0,1625.0,SUV,5.0,5.0,418.0,平开门,主 / 副,前 / 后,,主 / 副,,上下+前后,大屏,USB/Type-C,,46180,仿皮,前 / 后,手动,46180,燃油
sg29137,11422.0,长安,35.0,长安,6147,锐程PLUS,78093,1.5T DCT豪华型,2022,燃油,长安汽车,紧凑型车,9.99,9.99万,8.00万,9.99万,1494.0,1.5,涡轮增压,L,4.0,,188.0,138.0,5500.0,300.0,1500,汽油,92#,缸内直喷,铝,国VI b,7挡双离合,7.0,湿式双离合变速箱（DCT）,210.0,,,3年或10万公里,,,,,,,,,,,,,,,,,4800,1825,1465,2770,1580.0,1595.0,,1435.0,三厢车,4.0,5.0,520.0,平开门,主 / 副,前 / 后,,主 / 副,,上下+前后,大屏,USB/Type-C,,46117,仿皮,前 / 后,自动,46117,燃油
sg29137,19792.0,长安,35.0,长安,6147,锐程PLUS,78093,1.5T DCT豪华型,2023,燃油,长安汽车,紧凑型车,9.99,9.99万,8.00万,9.99万,1494.0,1.5,涡轮增压,L,4.0,,188.0,138.0,5500.0,300.0,1500,汽油,92#,缸内直喷,铝,国VI b,7挡双离合,7.0,湿式双离合变速箱（DCT）,210.0,,,3年或10万公里,,,,,,,,,,,,,,,,,4800,1825,1465,2770,1580.0,1595.0,,1435.0,三厢车,4.0,5.0,520.0,平开门,主 / 副,前 / 后,,主 / 副,,上下+前后,大屏,USB/Type-C,,46117,仿皮,前 / 后,自动,46117,燃油
sg29137,6886.0,长安,35.0,长安,6147,锐程PLUS,101476,1.5T DCT智享版,2024,燃油,长安汽车,紧凑型车,11.29,11.29万,暂无报价,11.29万,1494.0,1.5,涡轮增压,L,4.0,,188.0,138.0,5500.0,300.0,1500,汽油,92#,缸内直喷,铝,国VI b,7挡双离合,7.0,湿式双离合变速箱（DCT）,210.0,,,3年或10万公里,,,,,,,,,,,,,,,,,4800,1825,1465,2770,1568.0,1583.0,,1470.0,三厢车,4.0,5.0,520.0,平开门,主 / 副,前 / 后,,主 / 副,,上下+前后,大屏,USB/Type-C,,46180,仿皮,前 / 后,自动,46180,燃油
sg29137,2470.0,长安,35.0,长安,6147,锐程PLUS,101476,1.5T DCT智享版,2025,燃油,长安汽车,紧凑型车,11.29,11.29万,暂无报价,11.29万,1494.0,1.5,涡轮增压,L,4.0,,188.0,138.0,5500.0,300.0,1500,汽油,92#,缸内直喷,铝,国VI b,7挡双离合,7.0,湿式双离合变速箱（DCT）,210.0,,,3年或10万公里,,,,,,,,,,,,,,,,,4800,1825,1465,2770,1568.0,1583.0,,1470.0,三厢车,4.0,5.0,520.0,平开门,主 / 副,前 / 后,,主 / 副,,上下+前后,大屏,USB/Type-C,,46180,仿皮,前 / 后,自动,46180,燃油
sg29137,21.0,长安,35.0,长安,6147,锐程PLUS,101476,1.5T DCT智享版,2026,燃油,长安汽车,紧凑型车,11.29,11.29万,暂无报价,11.29万,1494.0,1.5,涡轮增压,L,4.0,,188.0,138.0,5500.0,300.0,1500,汽油,92#,缸内直喷,铝,国VI b,7挡双离合,7.0,湿式双离合变速箱（DCT）,210.0,,,3年或10万公里,,,,,,,,,,,,,,,,,4800,1825,1465,2770,1568.0,1583.0,,1470.0,三厢车,4.0,5.0,520.0,平开门,主 / 副,前 / 后,,主 / 副,,上下+前后,大屏,USB/Type-C,,46180,仿皮,前 / 后,自动,46180,燃油
sg29146,13037.0,飞凡汽车,401.0,飞凡汽车,6137,飞凡F7,249436,都市版,2023,纯电动,飞凡汽车,中大型车,18.29,18.29万,暂无报价,16.29万,,,,,,,,,,,,纯电动,,,,,电动车单速变速箱,1.0,固定齿比变速箱,200.0,8.1,,5年或12万公里,永磁/同步,150.0,350.0,,,150.0,350.0,,,,,520.0,,,,,5000,1953,1494,3000,1660.0,1660.0,,2070.0,掀背车,5.0,5.0,466.0,平开门,主 / 副,前 / 后,,主 / 副,,上下+前后,大屏,USB/Type-C,,12以上,仿皮,前 / 后,自动,12以上,纯电动
sg29146,2921.0,飞凡汽车,401.0,飞凡汽车,6137,飞凡F7,249436,都市版,2024,纯电动,飞凡汽车,中大型车,18.29,18.29万,暂无报价,16.29万,,,,,,,,,,,,纯电动,,,,,电动车单速变速箱,1.0,固定齿比变速箱,200.0,8.1,,5年或12万公里,永磁/同步,150.0,350.0,,,150.0,350.0,,,,,520.0,,,,,5000,1953,1494,3000,1660.0,1660.0,,2070.0,掀背车,5.0,5.0,466.0,平开门,主 / 副,前 / 后,,主 / 副,,上下+前后,大屏,USB/Type-C,,12以上,仿皮,前 / 后,自动,12以上,纯电动
sg29146,2494.0,飞凡汽车,401.0,飞凡汽车,6137,飞凡F7,249436,都市版,2025,纯电动,飞凡汽车,中大型车,18.29,18.29万,暂无报价,16.29万,,,,,,,,,,,,纯电动,,,,,电动车单速变速箱,1.0,固定齿比变速箱,200.0,8.1,,5年或12万公里,永磁/同步,150.0,350.0,,,150.0,350.0,,,,,520.0,,,,,5000,1953,1494,3000,1660.0,1660.0,,2070.0,掀背车,5.0,5.0,466.0,平开门,主 / 副,前 / 后,,主 / 副,,上下+前后,大屏,USB/Type-C,,12以上,仿皮,前 / 后,自动,12以上,纯电动
sg29146,962.0,飞凡汽车,401.0,飞凡汽车,6137,飞凡F7,249436,都市版,2026,纯电动,飞凡汽车,中大型车,18.29,18.29万,暂无报价,16.29万,,,,,,,,,,,,纯电动,,,,,电动车单速变速箱,1.0,固定齿比变速箱,200.0,8.1,,5年或12万公里,永磁/同步,150.0,350.0,,,150.0,350.0,,,,,520.0,,,,,5000,1953,1494,3000,1660.0,1660.0,,2070.0,掀背车,5.0,5.0,466.0,平开门,主 / 副,前 / 后,,主 / 副,,上下+前后,大屏,USB/Type-C,,12以上,仿皮,前 / 后,自动,12以上,纯电动
sg29159,166516.0,理想汽车,202.0,理想汽车,5845,理想L6,247736,Pro 智能焕新版,2025,增程式,理想汽车,中大型SUV,24.98,24.98万,24.30万,24.98万,1496.0,1.5,涡轮增压,L,4.0,,154.0,113.0,4800.0,245.0,2500,增程式,95#,缸内直喷,铝,国VI b,电动车单速变速箱,1.0,固定齿比变速箱,180.0,5.4,,5年或10万公里,永磁/同步,300.0,529.0,130.0,220.0,170.0,309.0,,,,,172.0,,,,,4925,1960,1735,2920,1696.0,1704.0,145.0,2330.0,SUV,5.0,5.0,,平开门,主 / 副,前 / 后,,主 / 副,,上下+前后,大屏,USB/Type-C,,12以上,真皮,前 / 后,自动,12以上,增程式
sg29163,80707.0,理想汽车,,理想汽车,sg29163,理想L7,pcauto_m134439,理想L7 2025款 Pro 智能焕新版,2025,增程式,理想汽车,中大型SUV,30.18,30.18万,,,1496.0,1.5,涡轮增压,直列,4.0,,154.0,113.0,,,,增程式,95号(原97号),直喷,铝合金,国VI,固定齿比,1.0,固定齿比,180.0,5.3,,五年或10万公里,永磁同步,330.0,620.0,130.0,220.0,,,,,三元锂电池,42.8,190.0,22.8,八年或16万公里,快充:0.5小时/慢充:5.6小时,20.0,5050,1995,1750,3005,,,,2460.0,SUV,5.0,5.0,,平开门,,,,,真皮,上下+前后,,,,,真皮,,自动,,
sg29206,7321.0,奔驰,3.0,奔驰,6208,奔驰EQE SUV,100816,EQE SUV 500 4MATIC 先锋版,2024,纯电动,北京奔驰,中大型SUV,48.6,48.60万,30.70万,24.70万,,,,,,,,,,,,纯电动,,,,,电动车单速变速箱,1.0,固定齿比变速箱,200.0,5.1,,3年不限公里,永磁/同步,300.0,858.0,135.0,,215.0,,,,三元锂电池,79.2,609.0,19.9,80,0.75,8.0,4880,2032,1679,3030,1649.0,1662.0,,2560.0,SUV,5.0,5.0,520.0,平开门,主 / 副,前 / 后,,主 / 副,,上下+前后,大屏,USB/Type-C,,46243,仿皮,前 / 后,自动,46243,纯电动
sg29206,777.0,奔驰,3.0,奔驰,6208,奔驰EQE SUV,253963,EQE SUV 500 4MATIC 先锋版,2026,纯电动,北京奔驰,中大型SUV,48.6,48.60万,暂无报价,24.70万,,,,,,,,,,,,纯电动,,,,,电动车单速变速箱,1.0,固定齿比变速箱,200.0,5.1,,3年不限公里,永磁/同步,300.0,858.0,135.0,,215.0,,,,三元锂电池,79.2,609.0,19.9,80,0.75,8.0,4880,2032,1679,3030,1649.0,1662.0,,2560.0,SUV,5.0,5.0,520.0,平开门,主 / 副,前 / 后,,主 / 副,,上下+前后,大屏,USB/Type-C,,46243,仿皮,前 / 后,自动,46243,纯电动
sg29207,18181.0,吉利汽车,73.0,吉利汽车,6211,豪越L,241272,2.0TD DCT尊享型,2023,燃油,吉利汽车,中型SUV,15.39,15.39万,10.84万,13.59万,1969.0,2.0,涡轮增压,L,4.0,,218.0,160.0,5000.0,325.0,2000,汽油,92#,缸内直喷,铝,国VI b,7挡双离合,7.0,湿式双离合变速箱（DCT）,210.0,7.9,7.62,4年或10万公里,,,,,,,,,,,,,,,,,4900,1910,1770,2825,1600.0,1620.0,168.0,1710.0,SUV,5.0,6.0,193.0,平开门,主 / 副,前 / 后,,主 / 副,,上下+前后,大屏,USB/Type-C,,46180,,前 / 后,自动,46180,燃油
sg29207,32360.0,吉利汽车,73.0,吉利汽车,6211,豪越L,241272,2.0TD DCT尊享型,2024,燃油,吉利汽车,中型SUV,15.39,15.39万,10.84万,13.59万,1969.0,2.0,涡轮增压,L,4.0,,218.0,160.0,5000.0,325.0,2000,汽油,92#,缸内直喷,铝,国VI b,7挡双离合,7.0,湿式双离合变速箱（DCT）,210.0,7.9,7.62,4年或10万公里,,,,,,,,,,,,,,,,,4900,1910,1770,2825,1600.0,1620.0,168.0,1710.0,SUV,5.0,6.0,193.0,平开门,主 / 副,前 / 后,,主 / 副,,上下+前后,大屏,USB/Type-C,,46180,,前 / 后,自动,46180,燃油
sg29207,12648.0,吉利汽车,73.0,吉利汽车,6211,豪越L,241272,2.0TD DCT尊享型,2025,燃油,吉利汽车,中型SUV,15.39,15.39万,10.84万,13.59万,1969.0,2.0,涡轮增压,L,4.0,,218.0,160.0,5000.0,325.0,2000,汽油,92#,缸内直喷,铝,国VI b,7挡双离合,7.0,湿式双离合变速箱（DCT）,210.0,7.9,7.62,4年或10万公里,,,,,,,,,,,,,,,,,4900,1910,1770,2825,1600.0,1620.0,168.0,1710.0,SUV,5.0,6.0,193.0,平开门,主 / 副,前 / 后,,主 / 副,,上下+前后,大屏,USB/Type-C,,46180,,前 / 后,自动,46180,燃油
sg29207,6257.0,吉利汽车,73.0,吉利汽车,6211,豪越L,253663,1.5T DCT欢乐 5座,2026,燃油,吉利汽车,中型SUV,9.99,9.99万,8.91万,8.99万,1499.0,1.5,涡轮增压,L,4.0,,181.0,133.0,5500.0,290.0,2000,汽油,92#,缸内直喷,铝,国VI b,7挡双离合,7.0,湿式双离合变速箱（DCT）,185.0,,7.62,4年或10万公里,,,,,,,,,,,,,,,,,4865,1910,1770,2825,1600.0,1620.0,168.0,1615.0,SUV,5.0,5.0,162.0,平开门,主 / 副,前 / 后,,主 / 副,,上下+前后,大屏,USB/Type-C,,46117,仿皮,前 / 后,自动,46117,燃油
sg29214,9357.0,红旗,59.0,红旗,5417,红旗H6,248967,2.0T 致行版,2023,燃油,一汽红旗,中型车,17.98,17.98万,13.74万,12.78万,1989.0,2.0,涡轮增压,L,4.0,,224.0,165.0,4500.0,340.0,1650,汽油,95#,缸内直喷,铝,国VI,8挡手自一体,8.0,手自一体变速箱(AT),230.0,7.8,,4年或10万公里,,,,,,,,,,,,,,,,,4990,1880,1455,2920,1615.0,1607.0,144.0,1628.0,掀背车,5.0,5.0,592.0,平开门,主 / 副,前 / 后,,主 / 副,,上下+前后,,USB/Type-C,,46180,仿皮,前 / 后,自动,46180,燃油
sg29214,13477.0,红旗,59.0,红旗,5417,红旗H6,248967,2.0T 致行版,2024,燃油,一汽红旗,中型车,17.98,17.98万,13.74万,12.78万,1989.0,2.0,涡轮增压,L,4.0,,224.0,165.0,4500.0,340.0,1650,汽油,95#,缸内直喷,铝,国VI,8挡手自一体,8.0,手自一体变速箱(AT),230.0,7.8,,4年或10万公里,,,,,,,,,,,,,,,,,4990,1880,1455,2920,1615.0,1607.0,144.0,1628.0,掀背车,5.0,5.0,592.0,平开门,主 / 副,前 / 后,,主 / 副,,上下+前后,,USB/Type-C,,46180,仿皮,前 / 后,自动,46180,燃油
sg29214,19073.0,红旗,59.0,红旗,5417,红旗H6,248967,2.0T 致行版,2025,燃油,一汽红旗,中型车,17.98,17.98万,13.74万,12.78万,1989.0,2.0,涡轮增压,L,4.0,,224.0,165.0,4500.0,340.0,1650,汽油,95#,缸内直喷,铝,国VI,8挡手自一体,8.0,手自一体变速箱(AT),230.0,7.8,,4年或10万公里,,,,,,,,,,,,,,,,,4990,1880,1455,2920,1615.0,1607.0,144.0,1628.0,掀背车,5.0,5.0,592.0,平开门,主 / 副,前 / 后,,主 / 副,,上下+前后,,USB/Type-C,,46180,仿皮,前 / 后,自动,46180,燃油
sg29214,5799.0,红旗,59.0,红旗,5417,红旗H6,258834,2.0T 致行版,2026,燃油,一汽红旗,中型车,17.98,17.98万,暂无报价,12.78万,1989.0,2.0,涡轮增压,L,4.0,,224.0,165.0,4500.0,340.0,1650,汽油,95#,缸内直喷,铝,国VI,8挡手自一体,8.0,手自一体变速箱(AT),230.0,7.8,,4年或10万公里,,,,,,,,,,,,,,,,,4990,1880,1455,2920,1615.0,1607.0,144.0,1628.0,掀背车,5.0,5.0,592.0,平开门,主 / 副,前 / 后,,主 / 副,,上下+前后,,USB/Type-C,,46180,仿皮,前 / 后,自动,46180,燃油
sg29215,,哈弗,17.0,哈弗,6149,哈弗大狗PLUS,86771,1.5T 两驱潮野版Plus,2023,燃油,长城汽车,中型SUV,13.58,13.58万,12.63万,10.98万,1499.0,1.5,涡轮增压,L,4.0,,184.0,135.0,5500.0,275.0,1500,汽油,92#,缸内直喷,铝,国VI b,7挡双离合,7.0,湿式双离合变速箱（DCT）,180.0,,7.64,3年或10万公里,,,,,,,,,,,,,,,,,4705,1908,1780,2810,1641.0,1640.0,200.0,1685.0,SUV,5.0,5.0,483.0,平开门,主 / 副,前 / 后,,主 / 副,,上下+前后,,USB/Type-C,,46306,仿皮,前 / 后,自动,46306,燃油
sg29215,43920.0,哈弗,17.0,哈弗,6149,哈弗大狗PLUS,250738,1.5T 两驱潮趣版,2026,燃油,长城汽车,中型SUV,13.58,13.58万,11.16万,10.98万,1499.0,1.5,涡轮增压,L,4.0,米勒循环,184.0,135.0,5500.0,275.0,1500,汽油,92#,缸内直喷,铝,国VI,7挡双离合,7.0,湿式双离合变速箱（DCT）,180.0,,,3年或10万公里,,,,,,,,,,,,,,,,,4705,1908,1780,2810,1641.0,1640.0,200.0,1685.0,SUV,5.0,5.0,474.0,平开门,主 / 副,前 / 后,,主 / 副,,上下+前后,,USB/Type-C,,46306,仿皮,前 / 后,自动,46306,燃油
sg29217,42817.0,长安,35.0,长安,6209,逸达,91697,1.5T GDI 自动畅享版,2023,燃油,长安汽车,紧凑型车,8.39,8.39万,7.30万,8.39万,1494.0,1.5,涡轮增压,L,4.0,DVVT,170.0,125.0,5500.0,260.0,1500,汽油,92#,缸内直喷,铝,国VI b,7挡双离合,7.0,湿式双离合变速箱（DCT）,200.0,,,3年或10万公里,,,,,,,,,,,,,,,,,4770,1840,1440,2765,1590.0,1600.0,,1325.0,三厢车,4.0,5.0,520.0,平开门,主 / 副,前 / 后,,主 / 副,,上下+前后,,USB/Type-C,,46056,仿皮,前 / 后,手动,46056,燃油
sg29218,37538.0,魏牌,,魏牌,sg29218,魏牌 蓝山,pcauto_m129887,魏牌 蓝山 2025款 焕新款 Max,2025,插电混动,长城汽车,中大型SUV,29.98,29.98万,,,1499.0,1.5,涡轮增压,直列,4.0,,170.0,125.0,,245.0,,插电混动,92号(原93号),直喷,铝合金,国VI,DHT变速箱,4.0,混合动力专用变速箱(DHT),190.0,4.9,,五年或15万公里,永磁同步,300.0,,80.0,,,,,,三元锂电池,44.5,185.0,22.6,首任车主不限年限/里程(责任免除条款以官方为准),快充:0.43小时/慢充:6.5小时,30.0,5156,1980,1805,3050,,,,2590.0,SUV,5.0,6.0,,平开门,,,,,皮质,上下+前后,,,,,真皮,,自动,,
sg29218,3726.0,魏牌,,魏牌,sg29218,魏牌 蓝山,pcauto_m138241,魏牌 蓝山 2026款 智能进阶版 四驱Max,2026,插电混动,长城汽车,中大型SUV,29.98,29.98万,,,1499.0,1.5,涡轮增压,直列,4.0,低压EGR、VGT增压器,170.0,125.0,,245.0,,插电混动,92号(原93号),直喷,铝合金,国VI,DHT变速箱,4.0,混合动力专用变速箱(DHT),190.0,4.9,,五年或15万公里,永磁同步,300.0,580.0,80.0,170.0,,,,,三元锂电池,44.5,185.0,22.6,八年或15万公里,快充:0.43小时/慢充:6.5小时,30.0,5156,1980,1805,3050,,,,2590.0,SUV,5.0,6.0,,平开门,,,,,皮质,上下+前后,,,,,真皮,,自动,,
sg29226,2865.0,蔚来,112.0,蔚来,6224,蔚来EC7,98305,100kWh,2024,纯电动,蔚来,中大型SUV,45.8,45.80万,暂无报价,45.80万,,,,,,,,,,,,纯电动,,,,,电动车单速变速箱,1.0,固定齿比变速箱,200.0,3.8,,3年或12万公里,前永磁/同步后交流/异步,480.0,850.0,180.0,350.0,300.0,500.0,,,,,635.0,,80,,,4968,1974,1714,2960,1668.0,1672.0,162.0,2419.0,SUV,5.0,5.0,442.0,平开门,主 / 副,前 / 后,,主 / 副,,上下+前后,大屏,USB/Type-C,,12以上,仿皮,前 / 后,自动,12以上,纯电动
sg29235,19628.0,江铃集团新能源,136.0,江铃集团新能源,5898,易至EV2,240160,PLUS 舒适型,2024,纯电动,江铃集团新能源,微型车,4.99,4.99万,3.99万,4.99万,,,,,,,,,,,,纯电动,,,,,电动车单速变速箱,1.0,固定齿比变速箱,100.0,,,3年或6万公里,永磁/同步,26.0,84.0,26.0,84.0,,,,,,,201.0,,,,,3500,1646,1460,2340,1420.0,1420.0,110.0,890.0,两厢车,5.0,4.0,105.0,平开门,主 / 副,前 / 后,,主 / 副,,上下,,USB/Type-C,,46056,织物,前 / 后,手动,46056,纯电动
sg29235,2126.0,江铃集团新能源,136.0,江铃集团新能源,5898,易至EV2,250759,PLUS 舒适型,2026,纯电动,江铃集团新能源,微型车,3.99,3.99万,暂无报价,3.99万,,,,,,,,,,,,纯电动,,,,,电动车单速变速箱,1.0,固定齿比变速箱,100.0,,,3年或6万公里,永磁/同步,26.0,84.0,26.0,84.0,,,,,,,201.0,,,,,3500,1646,1460,2340,1420.0,1420.0,110.0,890.0,两厢车,5.0,4.0,105.0,平开门,主 / 副,前 / 后,,主 / 副,,上下,,,,46056,织物,前 / 后,手动,46056,纯电动
sg29236,1544.0,别克,12.0,别克,5935,世纪,241763,2.0T 七座臻享款,2022,燃油,上汽通用别克,中大型MPV,46.99,46.99万,45.04万,46.99万,1998.0,2.0,涡轮增压,L,4.0,可变缸,237.0,174.0,5000.0,350.0,1500,48V轻混系统,95#,缸内直喷,铝,国VI b,9挡手自一体,9.0,手自一体变速箱(AT),195.0,10.3,8.65,3年或10万公里,,,,,,,,,,,,,,,,,5230,1980,1864,3130,1715.0,1725.0,,2300.0,MPV,5.0,7.0,604.0,侧滑门,主 / 副,前 / 后,,主 / 副,,上下+前后,,USB/Type-C,BOSE,12以上,真皮,前 / 后,自动,12以上,燃油
sg29236,20350.0,别克,12.0,别克,5935,世纪,241763,2.0T 七座臻享款,2023,燃油,上汽通用别克,中大型MPV,46.99,46.99万,45.04万,46.99万,1998.0,2.0,涡轮增压,L,4.0,可变缸,237.0,174.0,5000.0,350.0,1500,48V轻混系统,95#,缸内直喷,铝,国VI b,9挡手自一体,9.0,手自一体变速箱(AT),195.0,10.3,8.65,3年或10万公里,,,,,,,,,,,,,,,,,5230,1980,1864,3130,1715.0,1725.0,,2300.0,MPV,5.0,7.0,604.0,侧滑门,主 / 副,前 / 后,,主 / 副,,上下+前后,,USB/Type-C,BOSE,12以上,真皮,前 / 后,自动,12以上,燃油
sg29236,10857.0,别克,12.0,别克,5935,世纪,241763,2.0T 七座臻享款,2024,燃油,上汽通用别克,中大型MPV,46.99,46.99万,45.04万,46.99万,1998.0,2.0,涡轮增压,L,4.0,可变缸,237.0,174.0,5000.0,350.0,1500,48V轻混系统,95#,缸内直喷,铝,国VI b,9挡手自一体,9.0,手自一体变速箱(AT),195.0,10.3,8.65,3年或10万公里,,,,,,,,,,,,,,,,,5230,1980,1864,3130,1715.0,1725.0,,2300.0,MPV,5.0,7.0,604.0,侧滑门,主 / 副,前 / 后,,主 / 副,,上下+前后,,USB/Type-C,BOSE,12以上,真皮,前 / 后,自动,12以上,燃油
sg29236,6924.0,别克,12.0,别克,5935,世纪,241763,2.0T 七座臻享款,2025,燃油,上汽通用别克,中大型MPV,46.99,46.99万,45.04万,46.99万,1998.0,2.0,涡轮增压,L,4.0,可变缸,237.0,174.0,5000.0,350.0,1500,48V轻混系统,95#,缸内直喷,铝,国VI b,9挡手自一体,9.0,手自一体变速箱(AT),195.0,10.3,8.65,3年或10万公里,,,,,,,,,,,,,,,,,5230,1980,1864,3130,1715.0,1725.0,,2300.0,MPV,5.0,7.0,604.0,侧滑门,主 / 副,前 / 后,,主 / 副,,上下+前后,,USB/Type-C,BOSE,12以上,真皮,前 / 后,自动,12以上,燃油
sg29236,1614.0,别克,12.0,别克,5935,世纪,241763,2.0T 七座臻享款,2026,燃油,上汽通用别克,中大型MPV,46.99,46.99万,45.04万,46.99万,1998.0,2.0,涡轮增压,L,4.0,可变缸,237.0,174.0,5000.0,350.0,1500,48V轻混系统,95#,缸内直喷,铝,国VI b,9挡手自一体,9.0,手自一体变速箱(AT),195.0,10.3,8.65,3年或10万公里,,,,,,,,,,,,,,,,,5230,1980,1864,3130,1715.0,1725.0,,2300.0,MPV,5.0,7.0,604.0,侧滑门,主 / 副,前 / 后,,主 / 副,,上下+前后,,USB/Type-C,BOSE,12以上,真皮,前 / 后,自动,12以上,燃油
sg29236,,别克,12.0,别克,5935,世纪,257897,2.0T 七座礼遇版,2027,燃油,上汽通用别克,中大型MPV,53.99,53.99万,暂无报价,53.99万,1998.0,2.0,涡轮增压,L,4.0,可变缸,237.0,174.0,5000.0,350.0,1500,48V轻混系统,95#,缸内直喷,铝,国VI b,9挡手自一体,9.0,手自一体变速箱(AT),195.0,10.3,8.65,3年或10万公里,,,,,,,,,,,,,,,,,5230,1980,1867,3130,1715.0,1725.0,,2300.0,MPV,5.0,7.0,604.0,侧滑门,主 / 副,前 / 后,,主 / 副,,上下+前后,,USB/Type-C,BOSE,12以上,真皮,前 / 后,自动,12以上,燃油
sg2924,39227.0,奔腾,27.0,奔腾,267,奔腾B70,100304,龙腾版 1.5T 领创型,2024,燃油,一汽奔腾,中型车,11.59,11.59万,7.03万,11.59万,1498.0,1.5,涡轮增压,L,4.0,,169.0,124.0,5500.0,258.0,1500,汽油,92#,缸内直喷,铁,国VI,7挡湿式双离合,7.0,湿式双离合变速箱（DCT）,200.0,,,3年或10万公里,,,,,,,,,,,,,,,,,4855,1840,1455,2800,1580.0,1585.0,110.0,1485.0,掀背车,5.0,5.0,440.0,平开门,主 / 副,前 / 后,,主 / 副,,上下,,USB/Type-C,,46117,仿皮,前 / 后,自动,46117,燃油
sg2924,17152.0,奔腾,27.0,奔腾,267,奔腾B70,240904,龙耀版 1.5T 质享型,2025,燃油,一汽奔腾,中型车,9.88,9.88万,7.68万,9.88万,1498.0,1.5,涡轮增压,L,4.0,,169.0,124.0,5500.0,258.0,1500,汽油,92#,缸内直喷,铁,国VI,7挡湿式双离合,7.0,湿式双离合变速箱（DCT）,200.0,,,3年或10万公里,,,,,,,,,,,,,,,,,4810,1840,1455,2800,1580.0,1585.0,110.0,1485.0,掀背车,5.0,5.0,440.0,平开门,主 / 副,前 / 后,,主 / 副,,上下,,USB/Type-C,,46117,织物,前 / 后,自动,46117,燃油
sg2924,553.0,奔腾,27.0,奔腾,267,奔腾B70,260291,1.5T 20周年典藏版,2026,纯电动,一汽奔腾,中型车,9.98,9.98万,暂无报价,9.98万,,,,,,,,,,,,,,,,,,,,,,,3年或10万公里,,,,,,,,,,,,,,,,,4810,1840,1455,2800,,,,,掀背车,,5.0,,,主 / 副,前 / 后,,主 / 副,,,,USB/Type-C,,,,前 / 后,：,,未知
sg29241,61.0,东风风光,95.0,东风风光,6230,风光E380,79419,标准版-实用型 5座,2022,纯电动,东风小康,紧凑型MPV,14.48,14.48万,暂无报价,14.48万,,,,,,,,,,,,纯电动,,,,,电动车单速变速箱,1.0,固定齿比变速箱,100.0,,,3年或6万公里,永磁/同步,60.0,220.0,,,60.0,220.0,,,,,310.0,,,,,4610,1750,1860,2850,1485.0,1505.0,166.0,1490.0,MPV,5.0,5.0,,侧滑门,主 / 副,前 / 后,,主 / 副,,,,USB/Type-C,,46056,仿皮,前 / 后,手动,46056,纯电动
sg29241,379.0,东风风光,95.0,东风风光,6230,风光E380,94250,换电版 5座,2023,纯电动,东风小康,紧凑型MPV,12.91,12.91万,暂无报价,12.91万,,,,,,,,,,,,纯电动,,,,,电动车单速变速箱,1.0,固定齿比变速箱,100.0,,,3年或6万公里,永磁/同步,60.0,220.0,,,60.0,220.0,,,,,,,,,,4610,1750,1860,2850,1485.0,1505.0,166.0,1490.0,MPV,5.0,5.0,,平开门,主 / 副,前 / 后,,主 / 副,,,,USB/Type-C,,46056,仿皮,前 / 后,手动,46056,纯电动
sg29241,485.0,东风风光,95.0,东风风光,6230,风光E380,94250,换电版 5座,2024,纯电动,东风小康,紧凑型MPV,12.91,12.91万,暂无报价,12.91万,,,,,,,,,,,,纯电动,,,,,电动车单速变速箱,1.0,固定齿比变速箱,100.0,,,3年或6万公里,永磁/同步,60.0,220.0,,,60.0,220.0,,,,,,,,,,4610,1750,1860,2850,1485.0,1505.0,166.0,1490.0,MPV,5.0,5.0,,平开门,主 / 副,前 / 后,,主 / 副,,,,USB/Type-C,,46056,仿皮,前 / 后,手动,46056,纯电动
sg29241,159.0,东风风光,95.0,东风风光,6230,风光E380,94250,换电版 5座,2025,纯电动,东风小康,紧凑型MPV,12.91,12.91万,暂无报价,12.91万,,,,,,,,,,,,纯电动,,,,,电动车单速变速箱,1.0,固定齿比变速箱,100.0,,,3年或6万公里,永磁/同步,60.0,220.0,,,60.0,220.0,,,,,,,,,,4610,1750,1860,2850,1485.0,1505.0,166.0,1490.0,MPV,5.0,5.0,,平开门,主 / 副,前 / 后,,主 / 副,,,,USB/Type-C,,46056,仿皮,前 / 后,手动,46056,纯电动
sg29241,20.0,东风风光,95.0,东风风光,6230,风光E380,94250,换电版 5座,2026,纯电动,东风小康,紧凑型MPV,12.91,12.91万,暂无报价,12.91万,,,,,,,,,,,,纯电动,,,,,电动车单速变速箱,1.0,固定齿比变速箱,100.0,,,3年或6万公里,永磁/同步,60.0,220.0,,,60.0,220.0,,,,,,,,,,4610,1750,1860,2850,1485.0,1505.0,166.0,1490.0,MPV,5.0,5.0,,平开门,主 / 副,前 / 后,,主 / 副,,,,USB/Type-C,,46056,仿皮,前 / 后,手动,46056,纯电动
sg29261,2475.0,极氪,,极氪,sg29261,极氪X,pcauto_m137712,极氪X 2026款 Max五座版,2026,纯电动,极氪,紧凑型SUV,15.58,15.58万,,,,,,,,,,,,,,纯电动,,,,,固定齿比,1.0,固定齿比,185.0,5.6,,四年或10万公里,永磁同步,250.0,373.0,,,,,,,磷酸铁锂电池,61.47,530.0,13.1,首任车主不限年限/里程 (责任免除条款以官方为准),快充:0.25小时/慢充:待定,10.0,4450,1836,1572,2750,,,,1965.0,SUV,5.0,5.0,,平开门,,,,,皮质,上下+前后,,,,,仿皮,,自动,,
sg29274,497.0,仰望,546.0,仰望,6235,仰望U8,256497,标准版,2026,增程式,仰望,大型SUV,100.8,100.80万,100.80万,100.80万,1997.0,2.0,涡轮增压,L,4.0,,272.0,200.0,5000.0,380.0,1600,增程式,92#,缸内直喷,铝,国VI b,电动车单速变速箱,1.0,固定齿比变速箱,200.0,3.5,,6年或15万公里,永磁/同步,880.0,1520.0,440.0,760.0,440.0,760.0,,,三元锂电池,82.8,,,80,0.5,,5319,2050,1930,3050,1740.0,1731.0,135.0,3590.0,SUV,5.0,5.0,1031.0,平开门,主 / 副,前 / 后,,主 / 副,,上下+前后,大屏,USB/Type-C+SD卡槽,丹拿,12以上,真皮,前 / 后,自动,12以上,增程式
sg29302,835.0,长安,,长安,sg29302,长安CS75 PLUS 智电iDD,pcauto_m118179,长安CS75 PLUS 智电iDD 2023款 智电iDD 智领型,2023,插电混动,长安汽车,紧凑型SUV,16.99,16.99万,,,1494.0,1.5,涡轮增压,直列,4.0,,170.0,125.0,,260.0,,插电混动,92号(原93号),直喷,铝合金,国VI,三离合变速箱,6.0,三离合电驱变速箱,230.0,7.1,,三年或10万公里,永磁同步,110.0,330.0,110.0,330.0,,,,,磷酸铁锂电池,28.39,130.0,,,快充:0.5小时/慢充:4.5小时,,4710,1865,1710,2710,,,,1880.0,SUV,5.0,5.0,,平开门,,,,,皮质,上下+前后,,,,,仿皮,,自动,,
sg29303,136213.0,五菱,39.0,五菱汽车,sg29303,五菱缤果,245919,203KM 轻享款,2025,纯电动,上汽通用五菱,小型车,5.68,5.68万,5.25万,4.74万,,,,,,,,,,,,纯电动,,,,,电动车单速变速箱,1.0,固定齿比变速箱,100.0,,,3年或10万公里,永磁/同步,30.0,85.0,30.0,85.0,,,,,,,203.0,,,,,3950,1708,1580,2560,1488.0,1472.0,115.0,1010.0,两厢车,5.0,4.0,350.0,平开门,主 / 副,前 / 后,,主 / 副,,上下,,USB/Type-C,,46056,织物,前 / 后,手动,46056,纯电动
sg29304,5981.0,凯迪拉克,30.0,凯迪拉克,5978,凯迪拉克GT4,80122,25T 风尚型,2023,燃油,上汽通用凯迪拉克,紧凑型SUV,21.97,21.97万,20.17万,14.99万,1498.0,1.5,涡轮增压,L,4.0,,211.0,155.0,5500.0,270.0,1750,48V轻混系统,92#,缸内直喷,铝,国VI b,9挡手自一体,9.0,手自一体变速箱(AT),205.0,8.8,6.74,3年不限公里,,,,,,,,,,,,,,,,,4633,1878,1536,2800,1616.0,1619.0,129.0,1610.0,SUV,5.0,5.0,289.0,平开门,主 / 副,前 / 后,,主 / 副,,上下+前后,大屏,USB/Type-C,,46180,皮织混搭,前 / 后,自动,46180,燃油
sg29305,2204.0,东风风行,70.0,东风风行,5802,风行雷霆,80285,430 Elite,2023,纯电动,东风风行,紧凑型SUV,13.99,13.99万,13.29万,13.49万,,,,,,,,,,,,纯电动,,,,,电动车单速变速箱,1.0,固定齿比变速箱,180.0,7.9,,8年或16万公里,永磁/同步,150.0,340.0,150.0,340.0,,,,,,,430.0,,,,,4600,1860,1680,2715,1590.0,1595.0,,1900.0,SUV,5.0,5.0,,平开门,主 / 副,前 / 后,,主 / 副,,上下+前后,,USB/Type-C,,46180,仿皮,前 / 后,自动,46180,纯电动
sg29305,1404.0,东风风行,70.0,东风风行,5802,风行雷霆,99609,410 实力版,2024,纯电动,东风风行,紧凑型SUV,9.98,9.98万,暂无报价,9.98万,,,,,,,,,,,,纯电动,,,,,电动车单速变速箱,1.0,固定齿比变速箱,160.0,,,8年或16万公里,永磁/同步,120.0,240.0,120.0,240.0,,,,,,,410.0,,,,,4570,1860,1680,2715,1590.0,1610.0,,1660.0,SUV,5.0,5.0,,平开门,主 / 副,前 / 后,,主 / 副,,上下+前后,,USB/Type-C,,46117,仿皮,前 / 后,手动,46117,纯电动
sg29305,1153.0,东风风行,70.0,东风风行,5802,风行雷霆,250573,230 豪华型,2025,增程式,东风风行,紧凑型SUV,12.99,12.99万,暂无报价,12.99万,1498.0,1.5,自然吸气,L,4.0,,102.0,75.0,6000.0,130.0,4000,增程式,92#,多点电喷,铁,国VI,电动车单速变速箱,1.0,固定齿比变速箱,170.0,,,8年或16万公里,永磁/同步,120.0,240.0,,,120.0,240.0,,,,,180.0,,,,,4600,1860,1700,2730,1590.0,1595.0,,1800.0,SUV,5.0,5.0,,平开门,主 / 副,前 / 后,,主 / 副,,上下+前后,,USB/Type-C,,46117,仿皮,前 / 后,手动,46117,增程式
sg29306,44203.0,极氪,,极氪,sg29306,极氪007,pcauto_m130058,极氪007 2025款 后驱智驾版 75kWh,2025,纯电动,极氪,中型车,20.99,20.99万,,,,,,,,,,,,,,纯电动,,,,,固定齿比,1.0,固定齿比,210.0,5.1,,四年或10万公里,永磁同步,310.0,440.0,,,,,,,磷酸铁锂电池,75.0,688.0,,首任车主不限年限/里程(责任免除条款以官方为准),快充:0.18小时/慢充:待定,10.0,4865,1900,1450,2928,,,,2150.0,三厢车,4.0,5.0,,平开门,,,,,真皮,上下+前后,,,,,仿皮(选装真皮),,自动,,
sg29306,17447.0,极氪,,极氪,sg29306,极氪007,pcauto_m140001,极氪007 2026款 后驱Max版 75kWh,2026,纯电动,极氪,中型车,20.39,20.39万,,,,,,,,,,,,,,纯电动,,,,,固定齿比,1.0,固定齿比,240.0,4.8,,四年或10万公里,永磁同步,370.0,535.0,,,,,,,磷酸铁锂电池,75.0,715.0,,首任车主不限年限/里程(责任免除条款以官方为准),快充:0.18小时/慢充:待定,10.0,4858,1900,1450,2925,,,,2150.0,三厢车,4.0,5.0,,平开门,,,,,真皮,上下+前后,,,,,皮/翻毛皮混搭(选装真皮),,自动,,
sg29351,4863.0,东风风行,70.0,东风风行,9374,星海V9,250479,1.5TD 越享系列 200km 舒适型,2024,插电混动,东风风行,中大型MPV,17.99,17.99万,16.45万,16.99万,1497.0,1.5,涡轮增压,L,4.0,,154.0,113.0,5700.0,230.0,3500,插电式混合动力,92#,缸内直喷,铝,国VI,1挡DHT,1.0,,180.0,,,8年或16万公里,永磁/同步,150.0,310.0,150.0,310.0,,,,,,,160.0,,,,,5230,1920,1820,3018,1633.0,1646.0,,2325.0,MPV,5.0,7.0,593.0,侧滑门,主 / 副,前 / 后,,主 / 副,,上下+前后,,USB/Type-C,,46180,仿皮,前 / 后,自动,46180,插电混动
sg29351,4049.0,东风风行,70.0,东风风行,9374,星海V9,250479,1.5TD 越享系列 200km 舒适型,2025,插电混动,东风风行,中大型MPV,17.99,17.99万,16.45万,16.99万,1497.0,1.5,涡轮增压,L,4.0,,154.0,113.0,5700.0,230.0,3500,插电式混合动力,92#,缸内直喷,铝,国VI,1挡DHT,1.0,,180.0,,,8年或16万公里,永磁/同步,150.0,310.0,150.0,310.0,,,,,,,160.0,,,,,5230,1920,1820,3018,1633.0,1646.0,,2325.0,MPV,5.0,7.0,593.0,侧滑门,主 / 副,前 / 后,,主 / 副,,上下+前后,,USB/Type-C,,46180,仿皮,前 / 后,自动,46180,插电混动
sg29351,2482.0,东风风行,70.0,东风风行,9374,星海V9,250479,1.5TD 越享系列 200km 舒适型,2026,插电混动,东风风行,中大型MPV,17.99,17.99万,16.45万,16.99万,1497.0,1.5,涡轮增压,L,4.0,,154.0,113.0,5700.0,230.0,3500,插电式混合动力,92#,缸内直喷,铝,国VI,1挡DHT,1.0,,180.0,,,8年或16万公里,永磁/同步,150.0,310.0,150.0,310.0,,,,,,,160.0,,,,,5230,1920,1820,3018,1633.0,1646.0,,2325.0,MPV,5.0,7.0,593.0,侧滑门,主 / 副,前 / 后,,主 / 副,,上下+前后,,USB/Type-C,,46180,仿皮,前 / 后,自动,46180,插电混动
sg29351,,东风风行,70.0,东风风行,9374,星海V9,259795,1.5TD 200km 舒适型,2027,纯电动,东风风行,中大型MPV,17.99,17.99万,暂无报价,16.99万,,,,,,,,,,,,,,,,,,,,,,,8年或16万公里,,,,,,,,,,,,,,,,,5230,1920,1820,3018,,,,,MPV,,7.0,,,主 / 副,前 / 后,,主 / 副,,,,USB/Type-C,,,,前 / 后,：,,未知
sg29362,4568.0,昊铂,,昊铂,sg29362,昊铂GT,pcauto_m128924,昊铂GT 2024款 全球款 710 特高压智驾版,2023,纯电动,昊铂,中大型车,20.39,20.39万,,,,,,,,,,,,,,纯电动,,,,,固定齿比,1.0,固定齿比,180.0,4.9,,,永磁同步,250.0,430.0,,,,,,,三元锂电池,80.0,710.0,12.7,不限年限/不限里程(责任免除条款以官方为准),快充:0.37小时/慢充:13.5小时,,4886,1885,1449,2920,,,,1920.0,三厢车,4.0,5.0,,平开门,,,,,皮质,上下+前后,,,,,仿皮(选装真皮),,自动,,
sg29362,6689.0,昊铂,,昊铂,sg29362,昊铂GT,pcauto_m128924,昊铂GT 2024款 全球款 710 特高压智驾版,2024,纯电动,昊铂,中大型车,20.39,20.39万,,,,,,,,,,,,,,纯电动,,,,,固定齿比,1.0,固定齿比,180.0,4.9,,,永磁同步,250.0,430.0,,,,,,,三元锂电池,80.0,710.0,12.7,不限年限/不限里程(责任免除条款以官方为准),快充:0.37小时/慢充:13.5小时,,4886,1885,1449,2920,,,,1920.0,三厢车,4.0,5.0,,平开门,,,,,皮质,上下+前后,,,,,仿皮(选装真皮),,自动,,
sg29362,1640.0,昊铂,,昊铂,sg29362,昊铂GT,pcauto_m137611,昊铂GT 2025款 560 Lite,2025,纯电动,昊铂,中大型车,15.38,15.38万,,,,,,,,,,,,,,纯电动,,,,,固定齿比,1.0,固定齿比,180.0,6.5,,,永磁同步,180.0,355.0,,,,,,,磷酸铁锂电池,60.0,560.0,11.9,不限年限/不限里程(责任免除条款以官方为准),快充:待定/慢充:待定,,4886,1917,1449,2920,,,,1920.0,三厢车,4.0,5.0,,平开门,,,,,皮质,上下+前后,,,,,仿皮,,自动,,
sg29362,130.0,昊铂,,昊铂,sg29362,昊铂GT,pcauto_m140091,昊铂GT 2026款 攀登款 710 后驱特高压NDA版,2026,纯电动,昊铂,中大型车,20.39,20.39万,,,,,,,,,,,,,,纯电动,,,,,固定齿比,1.0,固定齿比,180.0,5.5,,,永磁同步,250.0,430.0,,,,,,,三元锂电池,83.3,710.0,12.7,不限年限/不限里程(责任免除条款以官方为准),快充:0.37小时/慢充:13.5小时,30.0,4886,1917,1449,2920,,,,2110.0,三厢车,4.0,5.0,,平开门,,,,,皮质,上下+前后,,,,,仿皮(选装=),,自动,,
sg29369,21608.0,小鹏,195.0,小鹏汽车,sg29369,小鹏X9,253608,增程 1602 Max,2024,增程式,小鹏汽车,中大型MPV,30.98,30.98万,30.49万,30.98万,1499.0,1.5,涡轮增压,L,4.0,,150.0,110.0,5500.0,210.0,2500,增程式,92#,缸内直喷,铝,国VI,电动车单速变速箱,1.0,固定齿比变速箱,180.0,8.0,,5年或12万公里,永磁/同步,210.0,465.0,,,210.0,465.0,,,,,345.0,,,,,5316,1988,1785,3160,1688.0,1702.0,,2750.0,MPV,5.0,7.0,2514.0,侧滑门,主 / 副,前 / 后,,主 / 副,,上下+前后,,USB/Type-C,,12以上,真皮,前 / 后,自动,12以上,增程式
sg29369,20112.0,小鹏,195.0,小鹏汽车,sg29369,小鹏X9,253608,增程 1602 Max,2025,增程式,小鹏汽车,中大型MPV,30.98,30.98万,30.49万,30.98万,1499.0,1.5,涡轮增压,L,4.0,,150.0,110.0,5500.0,210.0,2500,增程式,92#,缸内直喷,铝,国VI,电动车单速变速箱,1.0,固定齿比变速箱,180.0,8.0,,5年或12万公里,永磁/同步,210.0,465.0,,,210.0,465.0,,,,,345.0,,,,,5316,1988,1785,3160,1688.0,1702.0,,2750.0,MPV,5.0,7.0,2514.0,侧滑门,主 / 副,前 / 后,,主 / 副,,上下+前后,,USB/Type-C,,12以上,真皮,前 / 后,自动,12以上,增程式
sg29369,13324.0,小鹏,195.0,小鹏汽车,sg29369,小鹏X9,253608,增程 1602 Max,2026,增程式,小鹏汽车,中大型MPV,30.98,30.98万,30.49万,30.98万,1499.0,1.5,涡轮增压,L,4.0,,150.0,110.0,5500.0,210.0,2500,增程式,92#,缸内直喷,铝,国VI,电动车单速变速箱,1.0,固定齿比变速箱,180.0,8.0,,5年或12万公里,永磁/同步,210.0,465.0,,,210.0,465.0,,,,,345.0,,,,,5316,1988,1785,3160,1688.0,1702.0,,2750.0,MPV,5.0,7.0,2514.0,侧滑门,主 / 副,前 / 后,,主 / 副,,上下+前后,,USB/Type-C,,12以上,真皮,前 / 后,自动,12以上,增程式
sg29370,32999.0,奇瑞,18.0,奇瑞,6227,瑞虎9,240365,2.0T DCT两驱舒享版,2023,燃油,奇瑞汽车,中型SUV,15.29,15.29万,13.18万,12.99万,1998.0,2.0,涡轮增压,L,4.0,,261.0,192.0,5500.0,400.0,1750,汽油,95#,缸内直喷,铝,国VI b,7挡双离合,7.0,湿式双离合变速箱（DCT）,205.0,,,3年或10万公里,,,,,,,,,,,,,,,,,4820,1930,1699,2820,1638.0,1641.0,,1719.0,SUV,5.0,5.0,717.0,平开门,主 / 副,前 / 后,,主 / 副,,上下+前后,,USB/Type-C,索尼,46243,仿皮,前 / 后,自动,46243,燃油
sg29370,55146.0,奇瑞,18.0,奇瑞,6227,瑞虎9,240365,2.0T DCT两驱舒享版,2024,燃油,奇瑞汽车,中型SUV,15.29,15.29万,13.18万,12.99万,1998.0,2.0,涡轮增压,L,4.0,,261.0,192.0,5500.0,400.0,1750,汽油,95#,缸内直喷,铝,国VI b,7挡双离合,7.0,湿式双离合变速箱（DCT）,205.0,,,3年或10万公里,,,,,,,,,,,,,,,,,4820,1930,1699,2820,1638.0,1641.0,,1719.0,SUV,5.0,5.0,717.0,平开门,主 / 副,前 / 后,,主 / 副,,上下+前后,,USB/Type-C,索尼,46243,仿皮,前 / 后,自动,46243,燃油
sg29370,44195.0,奇瑞,18.0,奇瑞,6227,瑞虎9,240365,2.0T DCT两驱舒享版,2025,燃油,奇瑞汽车,中型SUV,15.29,15.29万,13.18万,12.99万,1998.0,2.0,涡轮增压,L,4.0,,261.0,192.0,5500.0,400.0,1750,汽油,95#,缸内直喷,铝,国VI b,7挡双离合,7.0,湿式双离合变速箱（DCT）,205.0,,,3年或10万公里,,,,,,,,,,,,,,,,,4820,1930,1699,2820,1638.0,1641.0,,1719.0,SUV,5.0,5.0,717.0,平开门,主 / 副,前 / 后,,主 / 副,,上下+前后,,USB/Type-C,索尼,46243,仿皮,前 / 后,自动,46243,燃油
sg29370,24269.0,奇瑞,18.0,奇瑞,6227,瑞虎9,252423,9X 2.0T AT前驱豪华型,2026,燃油,奇瑞汽车,中型SUV,14.79,14.79万,12.13万,12.49万,1998.0,2.0,涡轮增压,L,4.0,,254.0,187.0,5500.0,390.0,1750,汽油,92#,缸内直喷,铝,国VI b,8挡自动,8.0,自动变速箱(AT),200.0,,,3年或10万公里,,,,,,,,,,,,,,,,,4817,1930,1729,2770,1638.0,1638.0,172.0,1725.0,SUV,5.0,5.0,2065.0,平开门,主 / 副,前 / 后,,主 / 副,,上下+前后,,USB/Type-C,,46180,仿皮,前 / 后,自动,46180,燃油
sg29370,,奇瑞,18.0,奇瑞,6227,瑞虎9,258078,2.0T DCT两驱豪享版,2027,燃油,奇瑞汽车,中型SUV,15.99,15.99万,13.93万,14.69万,1998.0,2.0,涡轮增压,L,4.0,,261.0,192.0,5500.0,400.0,1750,汽油,95#,缸内直喷,铝,国VI b,7挡双离合,7.0,湿式双离合变速箱（DCT）,205.0,,,3年或10万公里,,,,,,,,,,,,,,,,,4853,1930,1718,2820,1638.0,1641.0,173.0,1754.0,SUV,5.0,5.0,738.0,平开门,主 / 副,前 / 后,,主 / 副,,上下+前后,,USB/Type-C+SD卡槽,,46243,仿皮,前 / 后,自动,46243,燃油
sg29371,2507.0,奇瑞,18.0,奇瑞,8974,探索06 C-DM,244078,1.5T 标准型,2024,插电混动,奇瑞汽车,紧凑型SUV,11.99,11.99万,暂无报价,11.99万,1499.0,1.5,涡轮增压,L,4.0,米勒循环,156.0,115.0,5200.0,220.0,2500,插电式混合动力,92#,缸内直喷,铝,国VI b,1挡DHT,1.0,,180.0,,,3年或10万公里,永磁/同步,150.0,310.0,150.0,310.0,,,265.0,530.0,,,93.0,,,,,4501,1865,1670,2672,1582.0,1604.0,,1775.0,SUV,5.0,5.0,424.0,平开门,主 / 副,前 / 后,,主 / 副,,上下+前后,,USB/Type-C,,46180,仿皮,前 / 后,自动,46180,插电混动
sg29372,47896.0,小鹏,195.0,小鹏汽车,sg29372,小鹏G6,243333,纯电 625长续航Max科技版,2025,纯电动,小鹏汽车,中型SUV,17.68,17.68万,17.08万,17.68万,,,,,,,,,,,,纯电动,,,,,电动车单速变速箱,1.0,固定齿比变速箱,202.0,6.4,,5年或12万公里,永磁/同步,218.0,450.0,,,218.0,450.0,,,,,625.0,,,,,4758,1920,1650,2890,1635.0,1650.0,,2030.0,SUV,5.0,5.0,647.0,平开门,主 / 副,前 / 后,,主 / 副,,上下+前后,,USB/Type-C,,12以上,仿皮,前 / 后,自动,12以上,纯电动
sg29372,10688.0,小鹏,195.0,小鹏汽车,sg29372,小鹏G6,255237,纯电 625 Max 科技版,2026,纯电动,小鹏汽车,中型SUV,17.68,17.68万,15.58万,17.68万,,,,,,,,,,,,纯电动,,,,,电动车单速变速箱,1.0,固定齿比变速箱,202.0,6.4,,5年或12万公里,永磁/同步,218.0,450.0,,,218.0,450.0,,,,,625.0,,,,,4758,1920,1650,2890,1635.0,1650.0,,2030.0,SUV,5.0,5.0,647.0,平开门,主 / 副,前 / 后,,主 / 副,,上下+前后,,USB/Type-C,,12以上,仿皮,前 / 后,自动,12以上,纯电动
sg29374,109640.0,吉利银河,,吉利银河,sg29374,吉利熊猫,pcauto_m128330,吉利熊猫 2024款 改款 熊猫mini 200km 龙腾版,2023,纯电动,吉利汽车,微型车,3.99,3.99万,,,,,,,,,,,,,,纯电动,,,,,固定齿比,1.0,固定齿比,100.0,,,三年或12万公里,永磁同步,30.0,110.0,,,,,,,磷酸铁锂电池,17.03,200.0,9.4,不限年限/不限里程(责任免除条款以官方为准),快充:0.5小时/慢充:4.5小时,80.0,3065,1522,1600,2015,,,,815.0,两厢车,3.0,4.0,,平开门,,,,,塑料,,,,,,织物,,手动,,
sg29374,131599.0,吉利银河,,吉利银河,sg29374,吉利熊猫,pcauto_m128330,吉利熊猫 2024款 改款 熊猫mini 200km 龙腾版,2024,纯电动,吉利汽车,微型车,3.99,3.99万,,,,,,,,,,,,,,纯电动,,,,,固定齿比,1.0,固定齿比,100.0,,,三年或12万公里,永磁同步,30.0,110.0,,,,,,,磷酸铁锂电池,17.03,200.0,9.4,不限年限/不限里程(责任免除条款以官方为准),快充:0.5小时/慢充:4.5小时,80.0,3065,1522,1600,2015,,,,815.0,两厢车,3.0,4.0,,平开门,,,,,塑料,,,,,,织物,,手动,,
sg29374,162098.0,吉利银河,,吉利银河,sg29374,吉利熊猫,pcauto_m130966,吉利熊猫 2025款 210km 熊猫卡丁,2025,纯电动,吉利汽车,微型车,4.69,4.69万,,,,,,,,,,,,,,纯电动,,,,,固定齿比,1.0,固定齿比,100.0,,,三年或12万公里,永磁同步,30.0,110.0,,,,,,,磷酸铁锂电池,17.03,210.0,9.4,不限年限/不限里程(责任免除条款以官方为准),快充:0.5小时/慢充:4.5小时,30.0,3150,1540,1685,2015,,,,815.0,两厢车,3.0,4.0,,平开门,,,,,塑料,,,,,,皮/织物混搭,,手动,,
sg29374,19933.0,吉利银河,,吉利银河,sg29374,吉利熊猫,pcauto_m140930,吉利熊猫 2026款 210km 熊猫勇士,2026,纯电动,吉利汽车,微型车,5.09,5.09万,,,,,,,,,,,,,,纯电动,,,,,固定齿比,1.0,固定齿比,100.0,,,三年或12万公里,永磁同步,30.0,110.0,,,,,,,磷酸铁锂电池,17.2,210.0,9.4,不限年限/不限里程(责任免除条款以官方为准),快充:0.5小时/慢充:4.5小时,30.0,3175,1566,1650,2015,,,,815.0,两厢车,3.0,4.0,,平开门,,,,,塑料,,,,,,皮/织物混搭,,手动,,
sg29377,2604.0,马自达,15.0,马自达,6313,马自达CX-50行也,255010,2.0L 自动领行版,2026,燃油,长安马自达,紧凑型SUV,13.98,13.98万,14.04万,13.98万,1998.0,2.0,自然吸气,L,4.0,Dual S-VT双可变气门正时控制系统,155.0,114.0,6000.0,200.0,4000,汽油,92#,缸内直喷,铝,国VI b,6挡手自一体,6.0,手自一体变速箱(AT),183.0,,7.2,3年或10万公里,,,,,,,,,,,,,,,,,4785,1920,1638,2815,1659.0,1662.0,152.0,1609.0,SUV,5.0,5.0,,平开门,主 / 副,前 / 后,,主 / 副,,上下+前后,,USB/Type-C,,46243,皮织混搭,前 / 后,自动,46243,燃油
sg29414,15129.0,启辰,109.0,启辰,6336,启辰大V DD-i,91310,60KM iC版,2023,插电混动,东风日产,紧凑型SUV,11.89,11.89万,12.74万,11.89万,1476.0,1.5,涡轮增压,L,4.0,,163.0,120.0,5200.0,230.0,1500,插电式混合动力,92#,缸内直喷,铝,国VI b,E-CVT无级变速,,电子无级变速箱(E-CVT),170.0,7.8,,6年或15万公里,永磁/同步,150.0,320.0,150.0,320.0,,,,,,,48.0,,,,,4607,1917,1624,2700,1640.0,1640.0,181.0,1644.0,SUV,5.0,5.0,605.0,平开门,主 / 副,前 / 后,,主 / 副,,上下+前后,,USB/Type-C,,46117,仿皮,前 / 后,手动,46117,插电混动
sg29414,2975.0,启辰,109.0,启辰,6336,启辰大V DD-i,245625,虎鲸 150km 畅游版,2025,插电混动,东风日产,紧凑型SUV,12.99,12.99万,暂无报价,12.99万,1476.0,1.5,涡轮增压,L,4.0,,167.0,123.0,5200.0,230.0,1500,插电式混合动力,92#,缸内直喷,铝,国VI b,1挡DHT,1.0,,170.0,7.9,,6年或15万公里,永磁/同步,150.0,320.0,150.0,320.0,,,,,,,110.0,,,,,4620,1917,1629,2700,1640.0,1640.0,184.0,1740.0,SUV,5.0,5.0,605.0,平开门,主 / 副,前 / 后,,主 / 副,,上下+前后,,USB/Type-C,,46243,仿皮,前 / 后,自动,46243,插电混动
sg29414,414.0,启辰,109.0,启辰,6336,启辰大V DD-i,255403,虎鲸 150km 畅游版,2026,插电混动,东风日产,紧凑型SUV,12.99,12.99万,暂无报价,12.99万,1497.0,1.5,自然吸气,L,4.0,,102.0,75.0,5500.0,135.0,4500,插电式混合动力,92#,缸内直喷,铝,国VI b,1挡DHT,1.0,,170.0,7.9,,6年或15万公里,永磁/同步,155.0,320.0,155.0,320.0,,,,,,,110.0,,,,,4620,1917,1629,2700,1640.0,1640.0,184.0,1715.0,SUV,5.0,5.0,605.0,平开门,主 / 副,前 / 后,,主 / 副,,上下+前后,,USB/Type-C,,46243,仿皮,前 / 后,自动,46243,插电混动
sg29422,11586.0,启辰,109.0,启辰,6328,启辰VX6,100606,大平层 450 Air,2025,纯电动,东风日产,中型SUV,13.99,13.99万,暂无报价,13.99万,,,,,,,,,,,,纯电动,,,,,电动车单速变速箱,1.0,固定齿比变速箱,165.0,8.8,,6年或15万公里,永磁/同步,155.0,275.0,155.0,275.0,,,,,,,450.0,,,,,4673,1890,1656,2850,1633.0,1643.0,180.0,1750.0,SUV,5.0,5.0,490.0,平开门,主 / 副,前 / 后,,主 / 副,,上下+前后,,USB/Type-C,,46180,仿皮,前 / 后,自动,46180,纯电动
sg29422,3525.0,启辰,109.0,启辰,6328,启辰VX6,249912,标准续航畅行版,2026,纯电动,东风日产,中型SUV,13.49,13.49万,暂无报价,13.49万,,,,,,,,,,,,纯电动,,,,,电动车单速变速箱,1.0,固定齿比变速箱,155.0,8.8,,6年或15万公里,永磁/同步,155.0,275.0,155.0,275.0,,,,,,,450.0,,,,,4658,1890,1656,2850,1633.0,1643.0,180.0,1730.0,SUV,5.0,5.0,490.0,平开门,主 / 副,前 / 后,,主 / 副,,上下+前后,,USB/Type-C,,46056,仿皮,前 / 后,自动,46056,纯电动
sg29425,139487.0,小米汽车,535.0,小米汽车,6187,小米SU7,255153,后驱标准版,2024,纯电动,小米汽车,中大型车,21.99,21.99万,22.61万,21.99万,,,,,,,,,,,,纯电动,,,,,电动车单速变速箱,1.0,固定齿比变速箱,240.0,5.28,,5年或10万公里,永磁/同步,235.0,505.0,,,235.0,505.0,,,,,720.0,,,,,4997,1963,1460,3000,1693.0,1682.0,124.0,2055.0,三厢车,4.0,5.0,493.0,平开门,主 / 副,前 / 后,,主 / 副,,上下+前后,,USB/Type-C,,12以上,仿皮,前 / 后,自动,12以上,纯电动
sg29425,258164.0,小米汽车,535.0,小米汽车,6187,小米SU7,255153,后驱标准版,2025,纯电动,小米汽车,中大型车,21.99,21.99万,22.61万,21.99万,,,,,,,,,,,,纯电动,,,,,电动车单速变速箱,1.0,固定齿比变速箱,240.0,5.28,,5年或10万公里,永磁/同步,235.0,505.0,,,235.0,505.0,,,,,720.0,,,,,4997,1963,1460,3000,1693.0,1682.0,124.0,2055.0,三厢车,4.0,5.0,493.0,平开门,主 / 副,前 / 后,,主 / 副,,上下+前后,,USB/Type-C,,12以上,仿皮,前 / 后,自动,12以上,纯电动
sg29425,80496.0,小米汽车,535.0,小米汽车,6187,小米SU7,255153,后驱标准版,2026,纯电动,小米汽车,中大型车,21.99,21.99万,22.61万,21.99万,,,,,,,,,,,,纯电动,,,,,电动车单速变速箱,1.0,固定齿比变速箱,240.0,5.28,,5年或10万公里,永磁/同步,235.0,505.0,,,235.0,505.0,,,,,720.0,,,,,4997,1963,1460,3000,1693.0,1682.0,124.0,2055.0,三厢车,4.0,5.0,493.0,平开门,主 / 副,前 / 后,,主 / 副,,上下+前后,,USB/Type-C,,12以上,仿皮,前 / 后,自动,12以上,纯电动
sg29431,7286.0,ARCFOX极狐,176.0,ARCFOX极狐,sg29431,极狐考拉,pcauto_m124655,极狐考拉 2023款 家庭版,2023,纯电动,北汽新能源,MPV,13.18,13.18万,,,,,,,,,,,,,,纯电动,,,,,固定齿比,1.0,固定齿比,160.0,,,五年或12万公里,永磁同步,120.0,,120.0,,,,,,磷酸铁锂电池,58.86,500.0,14.7,,快充:0.43小时,80.0,4500,1870,1655,2820,,,,1800.0,MPV,4.0,4.0,,平开门+侧滑门,,,,,皮质,上下+前后,,,,,仿皮,,自动,,
sg29431,19289.0,ARCFOX极狐,176.0,ARCFOX极狐,sg29431,极狐考拉,pcauto_m124655,极狐考拉 2023款 家庭版,2024,纯电动,北汽新能源,MPV,13.18,13.18万,,,,,,,,,,,,,,纯电动,,,,,固定齿比,1.0,固定齿比,160.0,,,五年或12万公里,永磁同步,120.0,,120.0,,,,,,磷酸铁锂电池,58.86,500.0,14.7,,快充:0.43小时,80.0,4500,1870,1655,2820,,,,1800.0,MPV,4.0,4.0,,平开门+侧滑门,,,,,皮质,上下+前后,,,,,仿皮,,自动,,
sg29431,20257.0,ARCFOX极狐,176.0,ARCFOX极狐,sg29431,极狐考拉,pcauto_m124655,极狐考拉 2023款 家庭版,2025,纯电动,北汽新能源,MPV,13.18,13.18万,,,,,,,,,,,,,,纯电动,,,,,固定齿比,1.0,固定齿比,160.0,,,五年或12万公里,永磁同步,120.0,,120.0,,,,,,磷酸铁锂电池,58.86,500.0,14.7,,快充:0.43小时,80.0,4500,1870,1655,2820,,,,1800.0,MPV,4.0,4.0,,平开门+侧滑门,,,,,皮质,上下+前后,,,,,仿皮,,自动,,
sg29431,764.0,ARCFOX极狐,176.0,ARCFOX极狐,sg29431,极狐考拉,pcauto_m124655,极狐考拉 2023款 家庭版,2026,纯电动,北汽新能源,MPV,13.18,13.18万,,,,,,,,,,,,,,纯电动,,,,,固定齿比,1.0,固定齿比,160.0,,,五年或12万公里,永磁同步,120.0,,120.0,,,,,,磷酸铁锂电池,58.86,500.0,14.7,,快充:0.43小时,80.0,4500,1870,1655,2820,,,,1800.0,MPV,4.0,4.0,,平开门+侧滑门,,,,,皮质,上下+前后,,,,,仿皮,,自动,,
sg29434,10058.0,ARCFOX极狐,176.0,ARCFOX极狐,6363,极狐 阿尔法T5,253255,增程版 1215 悦享版,2026,增程式,北汽新能源,中型SUV,11.38,11.38万,暂无报价,10.48万,1498.0,1.5,自然吸气,L,4.0,,105.0,77.0,6000.0,132.0,4500,增程式,92#,多点电喷,铝,国VI b,电动车单速变速箱,1.0,固定齿比变速箱,180.0,6.5,,3年或12万公里,永磁/同步,200.0,365.0,,,200.0,365.0,,,,,163.0,,,,,4760,1936,1650,2845,1640.0,1640.0,155.0,1970.0,SUV,5.0,5.0,400.0,平开门,主 / 副,前 / 后,,主 / 副,,上下+前后,,USB/Type-C,,46243,仿皮,前 / 后,自动,46243,增程式
sg29436,1445.0,iCAR,909.0,iCAR,sg29436,iCAR 03,pcauto_m126422,iCAR 03 2024款 401km 后驱标准版,2023,纯电动,奇瑞新能源,紧凑型SUV,10.98,10.98万,,,,,,,,,,,,,,纯电动,,,,,固定齿比,1.0,固定齿比,150.0,,,四年或12万公里,永磁同步,135.0,220.0,,,,,,,磷酸铁锂电池,50.63,401.0,14.8,八年或15万公里,快充:0.5小时/慢充:待定,80.0,4406,1910,1715,2715,,,,1679.0,SUV,5.0,5.0,,平开门,,,,,皮质,上下+前后,,,,,仿皮,,自动,,
sg29436,45352.0,iCAR,909.0,iCAR,sg29436,iCAR 03,pcauto_m126422,iCAR 03 2024款 401km 后驱标准版,2024,纯电动,奇瑞新能源,紧凑型SUV,10.98,10.98万,,,,,,,,,,,,,,纯电动,,,,,固定齿比,1.0,固定齿比,150.0,,,四年或12万公里,永磁同步,135.0,220.0,,,,,,,磷酸铁锂电池,50.63,401.0,14.8,八年或15万公里,快充:0.5小时/慢充:待定,80.0,4406,1910,1715,2715,,,,1679.0,SUV,5.0,5.0,,平开门,,,,,皮质,上下+前后,,,,,仿皮,,自动,,
sg29436,12142.0,iCAR,909.0,iCAR,sg29436,iCAR 03,pcauto_m126422,iCAR 03 2024款 401km 后驱标准版,2025,纯电动,奇瑞新能源,紧凑型SUV,10.98,10.98万,,,,,,,,,,,,,,纯电动,,,,,固定齿比,1.0,固定齿比,150.0,,,四年或12万公里,永磁同步,135.0,220.0,,,,,,,磷酸铁锂电池,50.63,401.0,14.8,八年或15万公里,快充:0.5小时/慢充:待定,80.0,4406,1910,1715,2715,,,,1679.0,SUV,5.0,5.0,,平开门,,,,,皮质,上下+前后,,,,,仿皮,,自动,,
sg29439,16260.0,领克,,领克,sg29439,领克08,pcauto_m136686,领克08 2026款 EM-P 160 长续航Max,2026,插电混动,领克,中型SUV,17.58,17.58万,,,1499.0,1.5,涡轮增压,直列,4.0,,163.0,120.0,,255.0,,插电混动,92号(原93号),直喷,铝合金,国VI,DHT变速箱,3.0,混合动力专用变速箱(DHT),190.0,,,五年或10万公里,永磁同步,180.0,350.0,180.0,350.0,,,,,磷酸铁锂电池,28.3,160.0,19.1,,快充:0.23小时/慢充:待定,30.0,4825,1915,1660,2848,,,,2050.0,SUV,5.0,5.0,,平开门,,,,,皮质,上下+前后,,,,,仿皮,,自动,,
sg29442,1444.0,本田,,本田,sg29442,雅阁新能源,pcauto_m141357,雅阁新能源 2026款 2.0L e:PHEV 尊贵版,2026,插电混动,广汽本田,中型车,23.88,23.88万,,,1993.0,2.0,自然吸气,直列,4.0,阿特金森循环,148.0,109.0,,182.0,,插电混动,92号(原93号),直喷,铝合金,国VI,电子无级变速箱,,电子无级变速箱(E-CVT),174.0,,,三年或10万公里,永磁同步,135.0,335.0,135.0,335.0,,,,,三元锂电池,17.7,82.0,15.0,八年或15万公里,,,4980,1862,1449,2830,,,,1788.0,三厢车,4.0,5.0,,平开门,,,,,真皮,上下+前后,,,,,真皮,,自动,,
sg29443,3185.0,别克,,别克,sg29443,别克E4,pcauto_m126923,别克E4 2024款 增值款 智享版,2023,纯电动,上汽通用别克,中大型SUV,15.99,15.99万,,,,,,,,,,,,,,纯电动,,,,,固定齿比,1.0,固定齿比,180.0,7.6,,三年或10万公里,永磁同步,180.0,330.0,180.0,330.0,,,,,磷酸铁锂电池,65.0,530.0,13.4,八年或16万公里,快充:0.5小时/慢充:10.8小时,30.0,4818,1912,1580,2954,,,,2150.0,SUV,5.0,5.0,,平开门,,,,,真皮,上下+前后,,,,,织物,,自动,,
sg29443,929.0,别克,,别克,sg29443,别克E4,pcauto_m126923,别克E4 2024款 增值款 智享版,2024,纯电动,上汽通用别克,中大型SUV,15.99,15.99万,,,,,,,,,,,,,,纯电动,,,,,固定齿比,1.0,固定齿比,180.0,7.6,,三年或10万公里,永磁同步,180.0,330.0,180.0,330.0,,,,,磷酸铁锂电池,65.0,530.0,13.4,八年或16万公里,快充:0.5小时/慢充:10.8小时,30.0,4818,1912,1580,2954,,,,2150.0,SUV,5.0,5.0,,平开门,,,,,真皮,上下+前后,,,,,织物,,自动,,
sg29443,774.0,别克,,别克,sg29443,别克E4,pcauto_m126923,别克E4 2024款 增值款 智享版,2025,纯电动,上汽通用别克,中大型SUV,15.99,15.99万,,,,,,,,,,,,,,纯电动,,,,,固定齿比,1.0,固定齿比,180.0,7.6,,三年或10万公里,永磁同步,180.0,330.0,180.0,330.0,,,,,磷酸铁锂电池,65.0,530.0,13.4,八年或16万公里,快充:0.5小时/慢充:10.8小时,30.0,4818,1912,1580,2954,,,,2150.0,SUV,5.0,5.0,,平开门,,,,,真皮,上下+前后,,,,,织物,,自动,,
sg29443,10.0,别克,,别克,sg29443,别克E4,pcauto_m126923,别克E4 2024款 增值款 智享版,2026,纯电动,上汽通用别克,中大型SUV,15.99,15.99万,,,,,,,,,,,,,,纯电动,,,,,固定齿比,1.0,固定齿比,180.0,7.6,,三年或10万公里,永磁同步,180.0,330.0,180.0,330.0,,,,,磷酸铁锂电池,65.0,530.0,13.4,八年或16万公里,快充:0.5小时/慢充:10.8小时,30.0,4818,1912,1580,2954,,,,2150.0,SUV,5.0,5.0,,平开门,,,,,真皮,上下+前后,,,,,织物,,自动,,
sg29447,1820.0,阿维塔,475.0,阿维塔,8834,阿维塔 12,101576,012 Kim Jones联名限量款,2023,纯电动,阿维塔科技,中大型车,70.0,70.00万,暂无报价,70.00万,,,,,,,,,,,,纯电动,,,,,电动车单速变速箱,1.0,固定齿比变速箱,220.0,3.8,,5年或12万公里,前交流/异步后永磁/同步,402.0,687.0,165.0,291.0,237.0,396.0,,,,,650.0,,,,,5020,1999,1450,3020,1688.0,1702.0,,2425.0,三厢车,4.0,4.0,425.0,平开门,主 / 副,前 / 后,,主 / 副,,上下+前后,,USB/Type-C,英国之宝,12以上,真皮,前 / 后,自动,12以上,纯电动
sg29447,26658.0,阿维塔,475.0,阿维塔,8834,阿维塔 12,101576,012 Kim Jones联名限量款,2024,纯电动,阿维塔科技,中大型车,70.0,70.00万,暂无报价,70.00万,,,,,,,,,,,,纯电动,,,,,电动车单速变速箱,1.0,固定齿比变速箱,220.0,3.8,,5年或12万公里,前交流/异步后永磁/同步,402.0,687.0,165.0,291.0,237.0,396.0,,,,,650.0,,,,,5020,1999,1450,3020,1688.0,1702.0,,2425.0,三厢车,4.0,4.0,425.0,平开门,主 / 副,前 / 后,,主 / 副,,上下+前后,,USB/Type-C,英国之宝,12以上,真皮,前 / 后,自动,12以上,纯电动
sg29447,19739.0,阿维塔,475.0,阿维塔,8834,阿维塔 12,101576,012 Kim Jones联名限量款,2025,纯电动,阿维塔科技,中大型车,70.0,70.00万,暂无报价,70.00万,,,,,,,,,,,,纯电动,,,,,电动车单速变速箱,1.0,固定齿比变速箱,220.0,3.8,,5年或12万公里,前交流/异步后永磁/同步,402.0,687.0,165.0,291.0,237.0,396.0,,,,,650.0,,,,,5020,1999,1450,3020,1688.0,1702.0,,2425.0,三厢车,4.0,4.0,425.0,平开门,主 / 副,前 / 后,,主 / 副,,上下+前后,,USB/Type-C,英国之宝,12以上,真皮,前 / 后,自动,12以上,纯电动
sg29447,4917.0,阿维塔,475.0,阿维塔,8834,阿维塔 12,252899,Max后驱增程版,2026,增程式,阿维塔科技,中大型车,26.99,26.99万,25.71万,25.49万,1497.0,1.5,涡轮增压,L,4.0,,156.0,115.0,5000.0,225.0,3200,增程式,92#,缸内直喷,铝,国VI,电动车单速变速箱,1.0,固定齿比变速箱,190.0,6.8,,5年或12万公里,永磁/同步,231.0,333.0,,,231.0,333.0,,,,,266.0,,,,,5020,1999,1460,3020,1688.0,1702.0,120.0,2325.0,三厢车,4.0,5.0,425.0,平开门,主 / 副,前 / 后,,主 / 副,,上下+前后,,USB/Type-C,英国之宝,12以上,真皮,前 / 后,自动,12以上,增程式
sg29461,9428.0,宝骏,,宝骏,sg29461,宝骏悦也,pcauto_m127737,宝骏悦也 2024款 旗舰版,2024,纯电动,上汽通用五菱,小型SUV,8.08,8.08万,,,,,,,,,,,,,,纯电动,,,,,固定齿比,1.0,固定齿比,100.0,,,三年或10万公里,永磁同步,50.0,140.0,,,,,,,磷酸铁锂电池,28.1,303.0,11.0,八年或12万公里,快充:0.58小时/慢充:8.5小时,80.0,3381,1685,1721,2110,,,,1006.0,SUV,3.0,4.0,,平开门,,,,,皮质,上下,,,,,仿皮,,自动,,
sg29461,408.0,宝骏,,宝骏,sg29461,宝骏悦也,pcauto_m137698,宝骏悦也 2026款 两周年版,2026,纯电动,上汽通用五菱,小型SUV,8.08,8.08万,,,,,,,,,,,,,,纯电动,,,,,固定齿比,1.0,固定齿比,100.0,,,三年或10万公里,永磁同步,50.0,140.0,,,,,,,磷酸铁锂电池,28.1,303.0,11.0,八年或12万公里,快充:0.58小时/慢充:8.5小时,80.0,3381,1685,1721,2110,,,,1006.0,SUV,3.0,4.0,,平开门,,,,,皮质,上下,,,,,仿皮,,自动,,
sg29464,16714.0,红旗,59.0,红旗,6359,红旗HS3,254393,1.5T 志为版,2023,燃油,一汽红旗,紧凑型SUV,14.98,14.98万,10.20万,10.48万,1498.0,1.5,涡轮增压,L,4.0,,169.0,124.0,5500.0,258.0,1500,汽油,92#,缸内直喷,铁,国VI,7挡双离合,7.0,湿式双离合变速箱（DCT）,195.0,9.9,,4年或10万公里,,,,,,,,,,,,,,,,,4655,1900,1668,2770,1629.0,1634.0,,1660.0,SUV,5.0,5.0,436.0,平开门,主 / 副,前 / 后,,主 / 副,,上下+前后,,USB/Type-C,,46180,仿皮,前 / 后,自动,46180,燃油
sg29464,32461.0,红旗,59.0,红旗,6359,红旗HS3,254393,1.5T 志为版,2024,燃油,一汽红旗,紧凑型SUV,14.98,14.98万,10.20万,10.48万,1498.0,1.5,涡轮增压,L,4.0,,169.0,124.0,5500.0,258.0,1500,汽油,92#,缸内直喷,铁,国VI,7挡双离合,7.0,湿式双离合变速箱（DCT）,195.0,9.9,,4年或10万公里,,,,,,,,,,,,,,,,,4655,1900,1668,2770,1629.0,1634.0,,1660.0,SUV,5.0,5.0,436.0,平开门,主 / 副,前 / 后,,主 / 副,,上下+前后,,USB/Type-C,,46180,仿皮,前 / 后,自动,46180,燃油
sg29464,22173.0,红旗,59.0,红旗,6359,红旗HS3,254393,1.5T 志为版,2025,燃油,一汽红旗,紧凑型SUV,14.98,14.98万,10.20万,10.48万,1498.0,1.5,涡轮增压,L,4.0,,169.0,124.0,5500.0,258.0,1500,汽油,92#,缸内直喷,铁,国VI,7挡双离合,7.0,湿式双离合变速箱（DCT）,195.0,9.9,,4年或10万公里,,,,,,,,,,,,,,,,,4655,1900,1668,2770,1629.0,1634.0,,1660.0,SUV,5.0,5.0,436.0,平开门,主 / 副,前 / 后,,主 / 副,,上下+前后,,USB/Type-C,,46180,仿皮,前 / 后,自动,46180,燃油
sg29464,3963.0,红旗,59.0,红旗,6359,红旗HS3,254393,1.5T 志为版,2026,燃油,一汽红旗,紧凑型SUV,14.98,14.98万,10.20万,10.48万,1498.0,1.5,涡轮增压,L,4.0,,169.0,124.0,5500.0,258.0,1500,汽油,92#,缸内直喷,铁,国VI,7挡双离合,7.0,湿式双离合变速箱（DCT）,195.0,9.9,,4年或10万公里,,,,,,,,,,,,,,,,,4655,1900,1668,2770,1629.0,1634.0,,1660.0,SUV,5.0,5.0,436.0,平开门,主 / 副,前 / 后,,主 / 副,,上下+前后,,USB/Type-C,,46180,仿皮,前 / 后,自动,46180,燃油
sg29465,2054.0,奔腾,27.0,奔腾,8803,奔腾T90,240897,龙耀版 1.5T质享型,2025,燃油,一汽奔腾,紧凑型SUV,10.88,10.88万,暂无报价,10.88万,1498.0,1.5,涡轮增压,L,4.0,,169.0,124.0,5500.0,258.0,1500,汽油,92#,缸内直喷,铁,国VI b,7挡双离合,7.0,湿式双离合变速箱（DCT）,200.0,9.27,7.0,3年或10万公里,,,,,,,,,,,,,,,,,4718,1880,1710,2772,1610.0,1600.0,170.0,1525.0,SUV,5.0,5.0,560.0,平开门,主 / 副,前 / 后,,主 / 副,,上下+前后,,USB/Type-C,,46180,仿皮,前 / 后,自动,46180,燃油
sg29465,77.0,奔腾,27.0,奔腾,8803,奔腾T90,248009,龙耀版 1.5T 誉享定制版,2026,燃油,一汽奔腾,紧凑型SUV,13.18,13.18万,暂无报价,13.18万,1498.0,1.5,涡轮增压,L,4.0,,169.0,124.0,5500.0,258.0,1500,汽油,92#,缸内直喷,铁,国VI b,7挡双离合,7.0,湿式双离合变速箱（DCT）,200.0,9.27,7.0,3年或10万公里,,,,,,,,,,,,,,,,,4718,1880,1710,2772,1610.0,1600.0,170.0,1525.0,SUV,5.0,5.0,560.0,平开门,主 / 副,前 / 后,,主 / 副,,上下+前后,,USB/Type-C,,46180,仿皮,前 / 后,自动,46180,燃油
sg29476,42018.0,吉利银河,858.0,吉利银河,8859,银河L6,244566,1.5 EM-i DHT 60KM 启航版,2025,插电混动,吉利银河,紧凑型车,7.98,7.98万,7.63万,6.78万,1499.0,1.5,自然吸气,L,4.0,VVT,112.0,82.0,6000.0,136.0,4000,插电式混合动力,92#,多点电喷,铝,国VI b,1挡DHT,1.0,,180.0,7.4,,4年或10万公里,永磁/同步,160.0,262.0,160.0,262.0,,,,,,,48.0,,,,,4782,1875,1489,2752,1624.0,1624.0,,1570.0,三厢车,4.0,5.0,454.0,平开门,主 / 副,前 / 后,,主 / 副,,上下+前后,,USB/Type-C,,46180,仿皮,前 / 后,自动,46180,插电混动
sg29481,31440.0,吉利银河,858.0,吉利银河,8858,银河E8,100367,550km 两驱龙腾版,2024,纯电动,吉利银河,中大型车,16.58,16.58万,14.09万,13.78万,,,,,,,,,,,,纯电动,,,,,电动车单速变速箱,1.0,固定齿比变速箱,190.0,5.95,,6年或15万公里,永磁/同步,200.0,343.0,,,200.0,343.0,,,,,550.0,,,,,5010,1920,1465,2925,1641.0,1646.0,,1905.0,三厢车,4.0,5.0,465.0,平开门,主 / 副,前 / 后,,主 / 副,,上下+前后,,USB/Type-C,,46243,仿皮,前 / 后,自动,46243,纯电动
sg29481,11752.0,吉利银河,858.0,吉利银河,8858,银河E8,245811,575km 启航智驾版,2025,纯电动,吉利银河,中大型车,14.98,14.98万,13.80万,12.18万,,,,,,,,,,,,纯电动,,,,,电动车单速变速箱,1.0,固定齿比变速箱,210.0,5.49,,6年或15万公里,永磁/同步,250.0,373.0,,,250.0,373.0,,,,,575.0,,,,,5010,1920,1465,2925,1641.0,1646.0,,1905.0,三厢车,4.0,5.0,465.0,平开门,主 / 副,前 / 后,,主 / 副,,上下+前后,,USB/Type-C,,46243,仿皮,前 / 后,自动,46243,纯电动
sg29481,1277.0,吉利银河,858.0,吉利银河,8858,银河E8,245811,575km 启航智驾版,2026,纯电动,吉利银河,中大型车,14.98,14.98万,13.80万,12.18万,,,,,,,,,,,,纯电动,,,,,电动车单速变速箱,1.0,固定齿比变速箱,210.0,5.49,,6年或15万公里,永磁/同步,250.0,373.0,,,250.0,373.0,,,,,575.0,,,,,5010,1920,1465,2925,1641.0,1646.0,,1905.0,三厢车,4.0,5.0,465.0,平开门,主 / 副,前 / 后,,主 / 副,,上下+前后,,USB/Type-C,,46243,仿皮,前 / 后,自动,46243,纯电动
sg29484,66241.0,吉利银河,858.0,吉利银河,sg29484,银河L7,90282,1.5T DHT 55km PRO,2023,插电混动,吉利银河,紧凑型SUV,13.87,13.87万,11.20万,,1499.0,1.5,涡轮增压,L,4.0,,163.0,120.0,5500.0,255.0,2500-4000,,92#,缸内直喷,铝,国VI b,3挡DHT,3.0,,200.0,,,4年或10万公里,,,,,,,,,,,,,,,,,4700,1905,1685,2785,1630.0,1630.0,,1800.0,SUV,5.0,5.0,,平开门,主 / 副,前 / 后,,主 / 副,,上下+前后,大屏,USB/Type-C,,46243,仿皮,前 / 后,自动,46243,3挡DHT
sg29484,74261.0,吉利银河,858.0,吉利银河,sg29484,银河L7,98617,1.5T DHT 55km PRO龙腾版,2024,插电混动,吉利银河,紧凑型SUV,12.57,12.57万,10.87万,,1499.0,1.5,涡轮增压,L,4.0,,163.0,120.0,5500.0,255.0,2500-4000,,92#,缸内直喷,铝,国VI b,3挡DHT,3.0,,200.0,,,4年或10万公里,,,,,,,,,,,,,,,,,4700,1905,1685,2785,1630.0,1630.0,,1800.0,SUV,5.0,5.0,,平开门,主 / 副,前 / 后,,主 / 副,,上下+前后,大屏,USB/Type-C,,46243,仿皮,前 / 后,自动,46243,3挡DHT
sg29484,36334.0,吉利银河,858.0,吉利银河,sg29484,银河L7,244576,1.5L EM-i 115km 远航版,2025,插电混动,吉利银河,紧凑型SUV,11.58,11.58万,10.24万,,1499.0,1.5,自然吸气,L,4.0,,112.0,82.0,6000.0,136.0,4000-5000,,92#,多点电喷,铝,国VI b,1挡DHT,1.0,,180.0,7.7,,4年或10万公里,,,,,,,,,,,,,,,,,4710,1905,1685,2785,1630.0,1630.0,,1810.0,SUV,5.0,5.0,,平开门,主 / 副,前 / 后,,主 / 副,,上下+前后,大屏,USB/Type-C,,46243,仿皮,前 / 后,自动,46243,1挡DHT
sg29485,39075.0,吉利银河,858.0,吉利银河,25521,银河M9,251000,100km 两驱启航版,2025,插电混动,吉利银河,中大型SUV,18.38,18.38万,12.87万,17.38万,1499.0,1.5,涡轮增压,L,4.0,,163.0,120.0,5000.0,255.0,2500,插电式混合动力,92#,缸内直喷,铝,国VI b,3挡DHT,3.0,,200.0,7.7,,4年或10万公里,永磁/同步,180.0,350.0,180.0,350.0,,,300.0,605.0,,,85.0,,,,,5205,1999,1800,3030,1704.0,1706.0,175.0,2180.0,SUV,5.0,6.0,359.0,平开门,主 / 副,前 / 后,,主 / 副,,上下+前后,,USB/Type-C,,,仿皮,前 / 后,自动,,插电混动
sg29485,24122.0,吉利银河,858.0,吉利银河,25521,银河M9,257708,210km 四驱黑金智曜版,2026,插电混动,吉利银河,中大型SUV,26.98,26.98万,25.35万,25.98万,1499.0,1.5,涡轮增压,L,4.0,,163.0,120.0,5000.0,255.0,2500,插电式混合动力,92#,缸内直喷,铝,国VI b,3挡DHT,3.0,,210.0,4.5,,4年或10万公里,永磁/同步,520.0,910.0,180.0,350.0,340.0,560.0,640.0,1165.0,,,170.0,,,,,5205,1999,1800,3030,1704.0,1706.0,172.0,2530.0,SUV,5.0,6.0,328.0,平开门,主 / 副,前 / 后,,主 / 副,,上下+前后,,USB/Type-C,,,真皮,前 / 后,自动,,插电混动
sg29502,9872.0,哈弗,17.0,哈弗,6321,哈弗H5,245359,2.0T 汽油 领创自动四驱,2025,燃油,长城汽车,大型SUV,14.78,14.78万,13.32万,12.78万,1967.0,2.0,涡轮增压,L,4.0,,224.0,165.0,5500.0,385.0,1800,汽油,92#,缸内直喷,铁,国VI,8挡手自一体,8.0,手自一体变速箱(AT),170.0,,,3年或10万公里,,,,,,,,,,,,,,,,,5190,1905,1864,3140,1574.0,1574.0,225.0,2120.0,SUV,5.0,5.0,976.0,平开门,主 / 副,前 / 后,,主 / 副,,上下,,USB/Type-C,,46117,仿皮,前 / 后,手动,46117,燃油
sg29503,208.0,本田,,本田,sg29503,英仕派新能源,pcauto_m135099,英仕派新能源 2025款 2.0L e:PHEV 智耀版,2025,插电混动,东风本田,中型车,26.88,26.88万,,,1993.0,2.0,自然吸气,直列,4.0,,148.0,109.0,,182.0,,插电混动,92号(原93号),直喷,铝合金,国VI,电子无级变速箱,,电子无级变速箱(E-CVT),174.0,,,三年或10万公里,永磁同步,135.0,335.0,135.0,335.0,,,,,,,82.0,15.0,,,,4979,1862,1449,2830,,,,1798.0,三厢车,4.0,5.0,,平开门,,,,,真皮,上下+前后,,,,,皮/翻毛皮混搭,,自动,,
sg29512,8916.0,东风风神,37.0,东风风神,8788,皓瀚,243422,1.5T 劲尚版,2025,燃油,东风乘用车,紧凑型SUV,8.99,8.99万,8.00万,7.99万,1476.0,1.5,涡轮增压,L,4.0,,204.0,150.0,5200.0,305.0,2000,汽油,92#,缸内直喷,铝,国VI b,7挡双离合,7.0,湿式双离合变速箱（DCT）,190.0,8.5,,3年或10万公里,,,,,,,,,,,,,,,,,4667,1905,1630,2775,1605.0,1605.0,197.0,1463.0,SUV,5.0,5.0,,平开门,主 / 副,前 / 后,,主 / 副,,上下+前后,,USB/Type-C,,46180,仿皮,前 / 后,自动,46180,燃油
sg29512,2295.0,东风风神,37.0,东风风神,8788,皓瀚,254914,1.5T 致尚版,2026,燃油,东风乘用车,紧凑型SUV,12.98,12.98万,暂无报价,12.98万,1476.0,1.5,涡轮增压,L,4.0,,204.0,150.0,5200.0,305.0,2000,汽油,92#,缸内直喷,铝,国VI b,7挡双离合,7.0,湿式双离合变速箱（DCT）,190.0,8.5,,3年或10万公里,,,,,,,,,,,,,,,,,4667,1905,1620,2775,1605.0,1605.0,197.0,1417.0,SUV,5.0,5.0,,平开门,主 / 副,前 / 后,,主 / 副,,上下+前后,,USB/Type-C,,46117,仿皮,前 / 后,自动,46117,燃油
sg29521,740.0,星途,251.0,星途,8965,星途ES,240577,增程版 Plus舒适智享,2023,增程式,星途,中大型车,15.28,15.28万,15.44万,12.78万,1499.0,1.5,涡轮增压,L,4.0,"深度米勒循环,第四代智效燃烧系统,VVT",156.0,115.0,5200.0,220.0,2500,增程式,92#,缸内直喷,铝,国VI,电动车单速变速箱,1.0,固定齿比变速箱,205.0,7.6,,4年或12万公里,永磁/同步,195.0,324.0,,,195.0,324.0,,,,,205.0,,,,,4945,1978,1480,3000,1695.0,1695.0,120.0,2080.0,三厢车,4.0,5.0,396.0,平开门,主 / 副,前 / 后,,主 / 副,,上下+前后,,USB/Type-C,,12以上,仿皮,前 / 后,自动,12以上,增程式
sg29521,4220.0,星途,251.0,星途,8965,星途ES,240577,增程版 Plus舒适智享,2024,增程式,星途,中大型车,15.28,15.28万,15.44万,12.78万,1499.0,1.5,涡轮增压,L,4.0,"深度米勒循环,第四代智效燃烧系统,VVT",156.0,115.0,5200.0,220.0,2500,增程式,92#,缸内直喷,铝,国VI,电动车单速变速箱,1.0,固定齿比变速箱,205.0,7.6,,4年或12万公里,永磁/同步,195.0,324.0,,,195.0,324.0,,,,,205.0,,,,,4945,1978,1480,3000,1695.0,1695.0,120.0,2080.0,三厢车,4.0,5.0,396.0,平开门,主 / 副,前 / 后,,主 / 副,,上下+前后,,USB/Type-C,,12以上,仿皮,前 / 后,自动,12以上,增程式
sg29521,13451.0,星途,251.0,星途,8965,星途ES,240577,增程版 Plus舒适智享,2025,增程式,星途,中大型车,15.28,15.28万,15.44万,12.78万,1499.0,1.5,涡轮增压,L,4.0,"深度米勒循环,第四代智效燃烧系统,VVT",156.0,115.0,5200.0,220.0,2500,增程式,92#,缸内直喷,铝,国VI,电动车单速变速箱,1.0,固定齿比变速箱,205.0,7.6,,4年或12万公里,永磁/同步,195.0,324.0,,,195.0,324.0,,,,,205.0,,,,,4945,1978,1480,3000,1695.0,1695.0,120.0,2080.0,三厢车,4.0,5.0,396.0,平开门,主 / 副,前 / 后,,主 / 副,,上下+前后,,USB/Type-C,,12以上,仿皮,前 / 后,自动,12以上,增程式
sg29521,814.0,星途,251.0,星途,8965,星途ES,240577,增程版 Plus舒适智享,2026,增程式,星途,中大型车,15.28,15.28万,15.44万,12.78万,1499.0,1.5,涡轮增压,L,4.0,"深度米勒循环,第四代智效燃烧系统,VVT",156.0,115.0,5200.0,220.0,2500,增程式,92#,缸内直喷,铝,国VI,电动车单速变速箱,1.0,固定齿比变速箱,205.0,7.6,,4年或12万公里,永磁/同步,195.0,324.0,,,195.0,324.0,,,,,205.0,,,,,4945,1978,1480,3000,1695.0,1695.0,120.0,2080.0,三厢车,4.0,5.0,396.0,平开门,主 / 副,前 / 后,,主 / 副,,上下+前后,,USB/Type-C,,12以上,仿皮,前 / 后,自动,12以上,增程式
sg29531,8927.0,蓝电,868.0,蓝电,6204,蓝电E5,87492,1.5L DE-i 畅享型,2023,插电混动,赛力斯蓝电汽车,中型SUV,13.99,13.99万,10.36万,13.99万,1498.0,1.5,自然吸气,L,4.0,,110.0,81.0,6000.0,135.0,4500,插电式混合动力,92#,多点电喷,铝,国VI b,E-CVT无级变速,,电子无级变速箱(E-CVT),165.0,8.21,,6年或15万公里,永磁/同步,130.0,300.0,130.0,300.0,,,,,,,87.0,,,,,4760,1865,1710,2785,1585.0,1580.0,180.0,1780.0,SUV,5.0,5.0,,平开门,主 / 副,前 / 后,,主 / 副,,上下,,USB/Type-C,,46117,仿皮,前 / 后,手动,46117,插电混动
sg29531,29193.0,蓝电,868.0,蓝电,6204,蓝电E5,100003,荣耀版 100km畅享型,2024,插电混动,赛力斯蓝电汽车,中型SUV,9.98,9.98万,9.97万,9.98万,1498.0,1.5,自然吸气,L,4.0,,110.0,81.0,6000.0,135.0,4500,插电式混合动力,92#,多点电喷,铝,国VI b,E-CVT无级变速,,电子无级变速箱(E-CVT),165.0,8.21,,6年或15万公里,永磁/同步,130.0,300.0,130.0,300.0,,,,,,,100.0,,,,,4760,1865,1710,2785,1585.0,1580.0,180.0,1780.0,SUV,5.0,5.0,465.0,平开门,主 / 副,前 / 后,,主 / 副,,上下,,USB/Type-C,,46117,仿皮,前 / 后,手动,46117,插电混动
sg29541,11866.0,曹操汽车,867.0,曹操汽车,8930,曹操60,238911,60,2023,纯电动,曹操汽车,紧凑型车,12.98,12.98万,11.00万,12.98万,,,,,,,,,,,,纯电动,,,,,电动车单速变速箱,1.0,固定齿比变速箱,150.0,,,2年15万公里,永磁/同步,120.0,240.0,120.0,240.0,,,,,,,450.0,,,,,4640,1870,1600,2760,1590.0,1590.0,130.0,1625.0,掀背车,5.0,5.0,500.0,平开门,主 / 副,前 / 后,,主 / 副,,上下,,USB/Type-C,,46056,仿皮,前 / 后,自动,46056,纯电动
sg29541,13991.0,曹操汽车,867.0,曹操汽车,8930,曹操60,238911,60,2024,纯电动,曹操汽车,紧凑型车,12.98,12.98万,11.00万,12.98万,,,,,,,,,,,,纯电动,,,,,电动车单速变速箱,1.0,固定齿比变速箱,150.0,,,2年15万公里,永磁/同步,120.0,240.0,120.0,240.0,,,,,,,450.0,,,,,4640,1870,1600,2760,1590.0,1590.0,130.0,1625.0,掀背车,5.0,5.0,500.0,平开门,主 / 副,前 / 后,,主 / 副,,上下,,USB/Type-C,,46056,仿皮,前 / 后,自动,46056,纯电动
sg29541,17139.0,曹操汽车,867.0,曹操汽车,8930,曹操60,238911,60,2025,纯电动,曹操汽车,紧凑型车,12.98,12.98万,11.00万,12.98万,,,,,,,,,,,,纯电动,,,,,电动车单速变速箱,1.0,固定齿比变速箱,150.0,,,2年15万公里,永磁/同步,120.0,240.0,120.0,240.0,,,,,,,450.0,,,,,4640,1870,1600,2760,1590.0,1590.0,130.0,1625.0,掀背车,5.0,5.0,500.0,平开门,主 / 副,前 / 后,,主 / 副,,上下,,USB/Type-C,,46056,仿皮,前 / 后,自动,46056,纯电动
sg29541,508.0,曹操汽车,867.0,曹操汽车,8930,曹操60,238911,60,2026,纯电动,曹操汽车,紧凑型车,12.98,12.98万,11.00万,12.98万,,,,,,,,,,,,纯电动,,,,,电动车单速变速箱,1.0,固定齿比变速箱,150.0,,,2年15万公里,永磁/同步,120.0,240.0,120.0,240.0,,,,,,,450.0,,,,,4640,1870,1600,2760,1590.0,1590.0,130.0,1625.0,掀背车,5.0,5.0,500.0,平开门,主 / 副,前 / 后,,主 / 副,,上下,,USB/Type-C,,46056,仿皮,前 / 后,自动,46056,纯电动
sg29561,6657.0,起亚,13.0,起亚,8934,赛图斯,249593,1.5L IVT时尚版,2023,燃油,起亚,紧凑型SUV,10.99,10.99万,10.31万,6.39万,1497.0,1.5,自然吸气,L,4.0,,115.0,84.0,6300.0,144.0,4500,汽油,92#,多点电喷,铝,国VI,CVT无级变速,,无级变速箱(CVT),172.0,,6.05,3年或10万公里,,,,,,,,,,,,,,,,,4385,1800,1650,2630,,,163.0,1255.0,SUV,5.0,5.0,,平开门,主 / 副,前 / 后,,主 / 副,,上下+前后,,USB/Type-C,,46117,织物,前 / 后,手动,46117,燃油
sg29561,15094.0,起亚,13.0,起亚,8934,赛图斯,249593,1.5L IVT时尚版,2024,燃油,起亚,紧凑型SUV,10.99,10.99万,10.31万,6.39万,1497.0,1.5,自然吸气,L,4.0,,115.0,84.0,6300.0,144.0,4500,汽油,92#,多点电喷,铝,国VI,CVT无级变速,,无级变速箱(CVT),172.0,,6.05,3年或10万公里,,,,,,,,,,,,,,,,,4385,1800,1650,2630,,,163.0,1255.0,SUV,5.0,5.0,,平开门,主 / 副,前 / 后,,主 / 副,,上下+前后,,USB/Type-C,,46117,织物,前 / 后,手动,46117,燃油
sg29561,19388.0,起亚,13.0,起亚,8934,赛图斯,249593,1.5L IVT时尚版,2025,燃油,起亚,紧凑型SUV,10.99,10.99万,10.31万,6.39万,1497.0,1.5,自然吸气,L,4.0,,115.0,84.0,6300.0,144.0,4500,汽油,92#,多点电喷,铝,国VI,CVT无级变速,,无级变速箱(CVT),172.0,,6.05,3年或10万公里,,,,,,,,,,,,,,,,,4385,1800,1650,2630,,,163.0,1255.0,SUV,5.0,5.0,,平开门,主 / 副,前 / 后,,主 / 副,,上下+前后,,USB/Type-C,,46117,织物,前 / 后,手动,46117,燃油
sg29561,8777.0,起亚,13.0,起亚,8934,赛图斯,249593,1.5L IVT时尚版,2026,燃油,起亚,紧凑型SUV,10.99,10.99万,10.31万,6.39万,1497.0,1.5,自然吸气,L,4.0,,115.0,84.0,6300.0,144.0,4500,汽油,92#,多点电喷,铝,国VI,CVT无级变速,,无级变速箱(CVT),172.0,,6.05,3年或10万公里,,,,,,,,,,,,,,,,,4385,1800,1650,2630,,,163.0,1255.0,SUV,5.0,5.0,,平开门,主 / 副,前 / 后,,主 / 副,,上下+前后,,USB/Type-C,,46117,织物,前 / 后,手动,46117,燃油
sg29581,30526.0,哈弗,,哈弗,sg29581,哈弗枭龙,pcauto_m122276,哈弗枭龙 2023款 1.5L 52KM领航版,2023,插电混动,长城汽车,紧凑型SUV,13.98,13.98万,,,1497.0,1.5,自然吸气,直列,4.0,,101.0,74.0,,132.0,,插电混动,92号(原93号),多点电喷,铝合金,国VI,DHT变速箱,2.0,混合动力专用变速箱(DHT),175.0,,,,永磁同步,115.0,250.0,115.0,250.0,,,,,磷酸铁锂电池,9.41,45.0,,首任车主不限年限/不限里程(责任免除条款以官方为准),快充:不支持,,4600,1877,1675,2710,,,,1740.0,SUV,5.0,5.0,,平开门,,,,,皮质,上下+前后,,,,,仿皮,,自动,,
sg29582,32380.0,比亚迪,,比亚迪,sg29582,海豹07DM-i,pcauto_m136712,海豹07DM-i 2026款 1.5L 135KM豪华型,2023,插电混动,比亚迪,中型车,14.98,14.98万,,,1498.0,1.5,自然吸气,直列,4.0,VVT,101.0,74.0,,126.0,,插电混动,92号(原93号),多点电喷,铝合金,国VI,电子无级变速箱,,电子无级变速箱(E-CVT),185.0,8.0,,六年或15万公里,永磁同步,160.0,260.0,160.0,260.0,,,,,磷酸铁锂电池,17.6,110.0,13.5,首任车主不限年限/里程(责任免除条款以官方为准),快充:待定/慢充:待定,,4995,1900,1495,2900,,,,1850.0,三厢车,4.0,5.0,,平开门,,,,,皮质,上下+前后,,,,,仿皮,,自动,,
sg29582,65000.0,比亚迪,,比亚迪,sg29582,海豹07DM-i,pcauto_m136712,海豹07DM-i 2026款 1.5L 135KM豪华型,2024,插电混动,比亚迪,中型车,14.98,14.98万,,,1498.0,1.5,自然吸气,直列,4.0,VVT,101.0,74.0,,126.0,,插电混动,92号(原93号),多点电喷,铝合金,国VI,电子无级变速箱,,电子无级变速箱(E-CVT),185.0,8.0,,六年或15万公里,永磁同步,160.0,260.0,160.0,260.0,,,,,磷酸铁锂电池,17.6,110.0,13.5,首任车主不限年限/里程(责任免除条款以官方为准),快充:待定/慢充:待定,,4995,1900,1495,2900,,,,1850.0,三厢车,4.0,5.0,,平开门,,,,,皮质,上下+前后,,,,,仿皮,,自动,,
sg29582,26451.0,比亚迪,,比亚迪,sg29582,海豹07DM-i,pcauto_m136712,海豹07DM-i 2026款 1.5L 135KM豪华型,2025,插电混动,比亚迪,中型车,14.98,14.98万,,,1498.0,1.5,自然吸气,直列,4.0,VVT,101.0,74.0,,126.0,,插电混动,92号(原93号),多点电喷,铝合金,国VI,电子无级变速箱,,电子无级变速箱(E-CVT),185.0,8.0,,六年或15万公里,永磁同步,160.0,260.0,160.0,260.0,,,,,磷酸铁锂电池,17.6,110.0,13.5,首任车主不限年限/里程(责任免除条款以官方为准),快充:待定/慢充:待定,,4995,1900,1495,2900,,,,1850.0,三厢车,4.0,5.0,,平开门,,,,,皮质,上下+前后,,,,,仿皮,,自动,,
sg29582,2967.0,比亚迪,,比亚迪,sg29582,海豹07DM-i,pcauto_m136712,海豹07DM-i 2026款 1.5L 135KM豪华型,2026,插电混动,比亚迪,中型车,14.98,14.98万,,,1498.0,1.5,自然吸气,直列,4.0,VVT,101.0,74.0,,126.0,,插电混动,92号(原93号),多点电喷,铝合金,国VI,电子无级变速箱,,电子无级变速箱(E-CVT),185.0,8.0,,六年或15万公里,永磁同步,160.0,260.0,160.0,260.0,,,,,磷酸铁锂电池,17.6,110.0,13.5,首任车主不限年限/里程(责任免除条款以官方为准),快充:待定/慢充:待定,,4995,1900,1495,2900,,,,1850.0,三厢车,4.0,5.0,,平开门,,,,,皮质,上下+前后,,,,,仿皮,,自动,,
sg29591,9767.0,星途,251.0,星途,8966,星纪元ET,247251,增程版 Pro高速辅助驾驶,2025,增程式,星途,中大型SUV,18.98,18.98万,17.65万,16.48万,1499.0,1.5,涡轮增压,L,4.0,米勒循环/第四代智效燃烧系统,156.0,115.0,5200.0,220.0,2500,增程式,92#,缸内直喷,铝,国VI b,电动车单速变速箱,1.0,固定齿比变速箱,200.0,7.6,,4年或12万公里,永磁/同步,195.0,324.0,,,195.0,324.0,195.0,324.0,,,215.0,,,,,4955,1975,1698,3000,1690.0,1695.0,172.0,2300.0,SUV,5.0,5.0,546.0,平开门,主 / 副,前 / 后,,主 / 副,,上下+前后,,USB/Type-C,,12以上,仿皮,前 / 后,自动,12以上,增程式
sg29621,1469.0,江淮瑞风,,江淮瑞风,sg29621,瑞风RF8新能源,pcauto_m130650,瑞风RF8新能源 2024款 智聆版 1.5T 3DHT 荣耀型,2024,插电混动,江汽集团,MPV,20.99,20.99万,,,1499.0,1.5,涡轮增压,直列,4.0,DVVT,163.0,120.0,,255.0,,插电混动,92号(原93号),直喷,铝合金,国VI,DHT变速箱,3.0,混合动力专用变速箱(DHT),180.0,7.3,,五年或10万公里,永磁同步,160.0,350.0,160.0,350.0,,,,,磷酸铁锂电池,27.6,116.0,15.1,,快充:0.42小时/慢充:4.0小时,30.0,5215,1895,1830,3100,,,,2330.0,MPV,5.0,7.0,,平开门+侧滑门,,,,,真皮,上下+前后,,,,,仿皮,,自动,,
sg29621,1013.0,江淮瑞风,,江淮瑞风,sg29621,瑞风RF8新能源,pcauto_m138328,瑞风RF8新能源 2025款 智聆版 1.5T 3DHT 尊享型,2025,插电混动,江汽集团,MPV,22.99,22.99万,,,1499.0,1.5,涡轮增压,直列,4.0,DVVT,163.0,120.0,,255.0,,插电混动,92号(原93号),直喷,铝合金,国VI,DHT变速箱,3.0,混合动力专用变速箱(DHT),180.0,7.3,,五年或10万公里,永磁同步,160.0,350.0,160.0,350.0,,,,,磷酸铁锂电池,27.6,116.0,15.1,,快充:0.42小时/慢充:4.0小时,30.0,5215,1895,1830,3100,,,,2330.0,MPV,5.0,7.0,,平开门+侧滑门,,,,,真皮,上下+前后,,,,,仿皮,,自动,,
sg29621,699.0,江淮瑞风,,江淮瑞风,sg29621,瑞风RF8新能源,pcauto_m139870,瑞风RF8新能源 2026款 悦享Pro,2026,插电混动,江汽集团,MPV,19.99,19.99万,,,1499.0,1.5,涡轮增压,直列,4.0,DVVT,163.0,120.0,,255.0,,插电混动,92号(原93号),直喷,铝合金,国VI,DHT变速箱,3.0,混合动力专用变速箱(DHT),180.0,7.3,,五年或10万公里,永磁同步,160.0,350.0,160.0,350.0,,,,,磷酸铁锂电池,27.6,116.0,19.5,,快充:0.41小时/慢充:4.0小时,30.0,5215,1895,1830,3100,,,,2330.0,MPV,5.0,7.0,,平开门+侧滑门,,,,,真皮,上下+前后,,,,,仿皮,,自动,,
sg29631,7302.0,大众,1.0,大众,8946,ID.7 VIZZION,96268,首发版,2024,纯电动,一汽-大众,中型车,23.0777,23.0777万,18.82万,17.08万,,,,,,,,,,,,纯电动,,,,,电动车单速变速箱,1.0,固定齿比变速箱,155.0,,,3年或10万公里,永磁/同步,150.0,310.0,,,150.0,310.0,,,,,642.0,,,,,4956,1862,1537,2965,1598.0,1575.0,,2122.0,掀背车,5.0,5.0,521.0,平开门,主 / 副,前 / 后,,主 / 副,,上下+前后,,USB/Type-C,,46243,仿皮,前 / 后,自动,46243,纯电动
sg29642,1490.0,大通,,大通,sg29642,大家7,pcauto_m141381,大家7 2025款 改款 超混 长续航版 悦享版 新上市,2024,插电混动,大通,MPV,18.99,18.99万,,,1496.0,1.5,涡轮增压,直列,4.0,,150.0,100.0,,235.0,,插电混动,92号(原93号),直喷,铝合金,国VI,DHT变速箱,1.0,混合动力专用变速箱(DHT),180.0,,,三年或10万公里,永磁同步,176.0,390.0,176.0,390.0,,,,,磷酸铁锂电池,24.7,110.0,16.3,八年或15万公里,快充:0.5小时/慢充:待定,20.0,4907,1885,1756,2975,,,,2165.0,MPV,5.0,7.0,,平开门+侧滑门,,,,,皮质,上下+前后,,,,,仿皮,,自动,,
sg29642,1601.0,大通,,大通,sg29642,大家7,pcauto_m141381,大家7 2025款 改款 超混 长续航版 悦享版 新上市,2025,插电混动,大通,MPV,18.99,18.99万,,,1496.0,1.5,涡轮增压,直列,4.0,,150.0,100.0,,235.0,,插电混动,92号(原93号),直喷,铝合金,国VI,DHT变速箱,1.0,混合动力专用变速箱(DHT),180.0,,,三年或10万公里,永磁同步,176.0,390.0,176.0,390.0,,,,,磷酸铁锂电池,24.7,110.0,16.3,八年或15万公里,快充:0.5小时/慢充:待定,20.0,4907,1885,1756,2975,,,,2165.0,MPV,5.0,7.0,,平开门+侧滑门,,,,,皮质,上下+前后,,,,,仿皮,,自动,,
sg29642,373.0,大通,,大通,sg29642,大家7,pcauto_m141381,大家7 2025款 改款 超混 长续航版 悦享版 新上市,2026,插电混动,大通,MPV,18.99,18.99万,,,1496.0,1.5,涡轮增压,直列,4.0,,150.0,100.0,,235.0,,插电混动,92号(原93号),直喷,铝合金,国VI,DHT变速箱,1.0,混合动力专用变速箱(DHT),180.0,,,三年或10万公里,永磁同步,176.0,390.0,176.0,390.0,,,,,磷酸铁锂电池,24.7,110.0,16.3,八年或15万公里,快充:0.5小时/慢充:待定,20.0,4907,1885,1756,2975,,,,2165.0,MPV,5.0,7.0,,平开门+侧滑门,,,,,皮质,上下+前后,,,,,仿皮,,自动,,
sg29651,1325.0,魏牌,,魏牌,sg29651,魏牌 高山,pcauto_m133271,魏牌 高山 2025款 高山7,2023,插电混动,长城汽车,MPV,28.58,28.58万,,,1499.0,1.5,涡轮增压,直列,4.0,米勒循环,170.0,125.0,,245.0,,插电混动,92号(原93号),直喷,铝合金,国VI,DHT变速箱,4.0,混合动力专用变速箱(DHT),200.0,5.7,,六年或15万公里,永磁同步,215.0,402.0,80.0,170.0,,,,,三元锂电池,44.28,172.0,25.3,终身质保/非营运（责任免除条款以官方为准）,快充:0.43小时/慢充:6.5小时,30.0,5050,1960,1900,3085,,,,2765.0,MPV,5.0,7.0,,平开门+侧滑门,,,,,皮质,上下+前后,,,,,真皮,,自动,,
sg29651,5633.0,魏牌,,魏牌,sg29651,魏牌 高山,pcauto_m133271,魏牌 高山 2025款 高山7,2024,插电混动,长城汽车,MPV,28.58,28.58万,,,1499.0,1.5,涡轮增压,直列,4.0,米勒循环,170.0,125.0,,245.0,,插电混动,92号(原93号),直喷,铝合金,国VI,DHT变速箱,4.0,混合动力专用变速箱(DHT),200.0,5.7,,六年或15万公里,永磁同步,215.0,402.0,80.0,170.0,,,,,三元锂电池,44.28,172.0,25.3,终身质保/非营运（责任免除条款以官方为准）,快充:0.43小时/慢充:6.5小时,30.0,5050,1960,1900,3085,,,,2765.0,MPV,5.0,7.0,,平开门+侧滑门,,,,,皮质,上下+前后,,,,,真皮,,自动,,
sg29651,59449.0,魏牌,,魏牌,sg29651,魏牌 高山,pcauto_m133271,魏牌 高山 2025款 高山7,2025,插电混动,长城汽车,MPV,28.58,28.58万,,,1499.0,1.5,涡轮增压,直列,4.0,米勒循环,170.0,125.0,,245.0,,插电混动,92号(原93号),直喷,铝合金,国VI,DHT变速箱,4.0,混合动力专用变速箱(DHT),200.0,5.7,,六年或15万公里,永磁同步,215.0,402.0,80.0,170.0,,,,,三元锂电池,44.28,172.0,25.3,终身质保/非营运（责任免除条款以官方为准）,快充:0.43小时/慢充:6.5小时,30.0,5050,1960,1900,3085,,,,2765.0,MPV,5.0,7.0,,平开门+侧滑门,,,,,皮质,上下+前后,,,,,真皮,,自动,,
sg29651,34227.0,魏牌,,魏牌,sg29651,魏牌 高山,pcauto_m140688,魏牌 高山 2026款 高山7 商务畅享版,2026,插电混动,长城汽车,MPV,27.28,27.28万,,,1499.0,1.5,涡轮增压,直列,4.0,米勒循环,170.0,125.0,,245.0,,插电混动,92号(原93号),直喷,铝合金,国VI,DHT变速箱,4.0,混合动力专用变速箱(DHT),200.0,5.7,,六年或15万公里,永磁同步,215.0,402.0,80.0,170.0,,,,,三元锂电池,37.96,150.0,23.6,终身质保/非营运（责任免除条款以官方为准）,快充:0.43小时/慢充:5.5小时,30.0,5050,1960,1900,3085,,,,2720.0,MPV,5.0,7.0,,平开门+侧滑门,,,,,皮质,上下+前后,,,,,仿皮,,自动,,
sg29652,84.0,Polestar极星,196.0,Polestar极星,5832,Polestar 4,248304,豪华版,2025,纯电动,Polestar,中型SUV,33.8,33.80万,16.80万,33.80万,,,,,,,,,,,,纯电动,,,,,电动车单速变速箱,1.0,固定齿比变速箱,200.0,7.1,,3年不限公里,永磁/同步,200.0,343.0,,,200.0,343.0,,,,,755.0,,,,,4845,1994,1544,2999,1703.0,1716.0,,2225.0,SUV,5.0,5.0,526.0,平开门,主 / 副,前 / 后,,主 / 副,,上下+前后,,USB/Type-C,哈曼卡顿,12以上,真皮,前 / 后,自动,12以上,纯电动
sg29653,9536.0,长安启源,870.0,长安启源,8958,长安启源A07,251716,超长蓝鲸增程 310 豪华型,2023,增程式,长安启源,中大型车,13.99,13.99万,12.77万,12.49万,1497.0,1.5,自然吸气,L,4.0,,98.0,72.0,5600.0,125.0,3000,增程式,92#,多点电喷,铝,国VI b,电动车单速变速箱,1.0,固定齿比变速箱,172.0,6.7,,3年或12万公里,永磁/同步,200.0,290.0,,,200.0,290.0,,,,,225.0,,,,,4905,1910,1480,2900,1640.0,1650.0,,1875.0,掀背车,5.0,5.0,450.0,平开门,主 / 副,前 / 后,,主 / 副,,上下+前后,,USB/Type-C+SD卡槽,,46243,仿皮,前 / 后,自动,46243,增程式
sg29653,54956.0,长安启源,870.0,长安启源,8958,长安启源A07,251716,超长蓝鲸增程 310 豪华型,2024,增程式,长安启源,中大型车,13.99,13.99万,12.77万,12.49万,1497.0,1.5,自然吸气,L,4.0,,98.0,72.0,5600.0,125.0,3000,增程式,92#,多点电喷,铝,国VI b,电动车单速变速箱,1.0,固定齿比变速箱,172.0,6.7,,3年或12万公里,永磁/同步,200.0,290.0,,,200.0,290.0,,,,,225.0,,,,,4905,1910,1480,2900,1640.0,1650.0,,1875.0,掀背车,5.0,5.0,450.0,平开门,主 / 副,前 / 后,,主 / 副,,上下+前后,,USB/Type-C+SD卡槽,,46243,仿皮,前 / 后,自动,46243,增程式
sg29653,53862.0,长安启源,870.0,长安启源,8958,长安启源A07,251716,超长蓝鲸增程 310 豪华型,2025,增程式,长安启源,中大型车,13.99,13.99万,12.77万,12.49万,1497.0,1.5,自然吸气,L,4.0,,98.0,72.0,5600.0,125.0,3000,增程式,92#,多点电喷,铝,国VI b,电动车单速变速箱,1.0,固定齿比变速箱,172.0,6.7,,3年或12万公里,永磁/同步,200.0,290.0,,,200.0,290.0,,,,,225.0,,,,,4905,1910,1480,2900,1640.0,1650.0,,1875.0,掀背车,5.0,5.0,450.0,平开门,主 / 副,前 / 后,,主 / 副,,上下+前后,,USB/Type-C+SD卡槽,,46243,仿皮,前 / 后,自动,46243,增程式
sg29653,9305.0,长安启源,870.0,长安启源,8958,长安启源A07,251716,超长蓝鲸增程 310 豪华型,2026,增程式,长安启源,中大型车,13.99,13.99万,12.77万,12.49万,1497.0,1.5,自然吸气,L,4.0,,98.0,72.0,5600.0,125.0,3000,增程式,92#,多点电喷,铝,国VI b,电动车单速变速箱,1.0,固定齿比变速箱,172.0,6.7,,3年或12万公里,永磁/同步,200.0,290.0,,,200.0,290.0,,,,,225.0,,,,,4905,1910,1480,2900,1640.0,1650.0,,1875.0,掀背车,5.0,5.0,450.0,平开门,主 / 副,前 / 后,,主 / 副,,上下+前后,,USB/Type-C+SD卡槽,,46243,仿皮,前 / 后,自动,46243,增程式
sg29654,11513.0,坦克,,坦克,sg29654,坦克400新能源,pcauto_m137734,坦克400新能源 2026款 Hi4-T,2026,插电混动,长城汽车,中型SUV,28.58,28.58万,,,1998.0,2.0,涡轮增压,直列,4.0,,252.0,185.0,,380.0,,插电混动,92号(原93号),直喷,铝合金,国VI,手自一体,9.0,手自一体,180.0,6.8,,五年或15万公里,永磁同步,130.0,495.0,130.0,495.0,,,,,三元锂电池,37.1,105.0,,首任车主不限年限/里程(责任免除条款以官方为准),快充:0.27小时/慢充:6.5小时,30.0,4964,1970,1905,2850,,,,2770.0,SUV,5.0,5.0,,平开门,,,,,皮质,上下+前后,,,,,真皮,,自动,,
sg29655,4740.0,星途,251.0,星途,8967,星途瑶光C-DM,249045,星界版,2025,插电混动,星途,中型SUV,21.88,21.88万,暂无报价,21.88万,1499.0,1.5,涡轮增压,L,4.0,米勒循环,156.0,115.0,5200.0,220.0,2500,插电式混合动力,92#,缸内直喷,铝,国VI b,3挡DHT,3.0,,180.0,7.9,,3年或10万公里,永磁/同步,165.0,390.0,165.0,390.0,,,280.0,610.0,,,84.0,,,,,4781,1920,1671,2815,1641.0,1642.0,,1977.0,SUV,5.0,5.0,660.0,平开门,主 / 副,前 / 后,,主 / 副,,上下+前后,,USB/Type-C,,46243,仿皮,前 / 后,自动,46243,插电混动
sg29655,312.0,星途,251.0,星途,8967,星途瑶光C-DM,252487,寰球版 120长续航两驱,2026,插电混动,星途,中型SUV,13.99,13.99万,10.03万,13.49万,1499.0,1.5,涡轮增压,L,4.0,米勒循环,156.0,115.0,5200.0,220.0,2500,插电式混合动力,92#,缸内直喷,铝,国VI b,1挡DHT,1.0,,180.0,8.2,,3年或10万公里,永磁/同步,150.0,310.0,150.0,310.0,,,265.0,530.0,,,100.0,,,,,4781,1920,1671,2815,1641.0,1642.0,,1913.0,SUV,5.0,5.0,660.0,平开门,主 / 副,前 / 后,,主 / 副,,上下+前后,,USB/Type-C,索尼,46243,仿皮,前 / 后,自动,46243,插电混动
sg29655,,星途,251.0,星途,8967,星途瑶光C-DM,259175,寰球版 120长续航两驱,2027,插电混动,星途,中型SUV,13.79,13.79万,暂无报价,12.49万,,,,,,,,,,,,,,,,,,,,,,,3年或10万公里,,,,,,,,,,,,,,,,,4781,1920,1671,2815,,,,,SUV,,5.0,,,主 / 副,前 / 后,,主 / 副,,,,USB/Type-C,,,,前 / 后,：,,未知
sg29656,2665.0,星途,251.0,星途,24925,星途揽月C-DM,245445,180超长续航Max四驱 6座,2025,插电混动,星途,中大型SUV,20.99,20.99万,19.99万,19.49万,1499.0,1.5,涡轮增压,L,4.0,深度米勒循环/第四代智效燃烧系统/VVT,156.0,115.0,5200.0,220.0,2500,插电式混合动力,92#,缸内直喷,铝,国VI b,3挡DHT,3.0,,180.0,5.0,,5年或10万公里,永磁/同步,340.0,700.0,165.0,390.0,175.0,310.0,455.0,920.0,,,143.0,,,,,5010,1940,1800,2900,1644.0,1644.0,150.0,2280.0,SUV,5.0,6.0,,平开门,主 / 副,前 / 后,,主 / 副,,上下+前后,,USB/Type-C,,12以上,真皮,前 / 后,自动,12以上,插电混动
sg29656,237.0,星途,251.0,星途,24925,星途揽月C-DM,257423,180超长续航五周年限定版 7座,2026,插电混动,星途,中大型SUV,21.59,21.59万,21.00万,19.59万,1499.0,1.5,涡轮增压,L,4.0,深度米勒循环/第四代智效燃烧系统/VVT,156.0,115.0,5200.0,220.0,2500,插电式混合动力,92#,缸内直喷,铝,国VI b,3挡DHT,3.0,,180.0,5.0,,5年或10万公里,永磁/同步,340.0,700.0,165.0,390.0,175.0,310.0,455.0,920.0,,,143.0,,,,,5010,1940,1800,2900,1644.0,1644.0,150.0,2280.0,SUV,5.0,7.0,,平开门,主 / 副,前 / 后,,主 / 副,,上下+前后,,USB/Type-C,,12以上,真皮,前 / 后,自动,12以上,插电混动
sg29661,4988.0,比亚迪,16.0,比亚迪,8979,宋L EV,244684,智驾版 550KM 卓越型,2023,纯电动,比亚迪,中型SUV,18.98,18.98万,17.28万,17.98万,,,,,,,,,,,,纯电动,,,未知,,电动车单速变速箱,1.0,固定齿比变速箱,199.0,8.5,,6年或15万公里,永磁/同步,150.0,310.0,,,150.0,310.0,,,,,550.0,,80,,,4840,1950,1560,2930,1669.0,1682.0,,2158.0,SUV,5.0,5.0,410.0,平开门,主 / 副,前 / 后,,主 / 副,,上下+前后,,USB/Type-C+SD卡槽,丹拿,12以上,仿皮,前 / 后,自动,12以上,纯电动
sg29661,46683.0,比亚迪,16.0,比亚迪,8979,宋L EV,244684,智驾版 550KM 卓越型,2024,纯电动,比亚迪,中型SUV,18.98,18.98万,17.28万,17.98万,,,,,,,,,,,,纯电动,,,未知,,电动车单速变速箱,1.0,固定齿比变速箱,199.0,8.5,,6年或15万公里,永磁/同步,150.0,310.0,,,150.0,310.0,,,,,550.0,,80,,,4840,1950,1560,2930,1669.0,1682.0,,2158.0,SUV,5.0,5.0,410.0,平开门,主 / 副,前 / 后,,主 / 副,,上下+前后,,USB/Type-C+SD卡槽,丹拿,12以上,仿皮,前 / 后,自动,12以上,纯电动
sg29661,14508.0,比亚迪,16.0,比亚迪,8979,宋L EV,244684,智驾版 550KM 卓越型,2025,纯电动,比亚迪,中型SUV,18.98,18.98万,17.28万,17.98万,,,,,,,,,,,,纯电动,,,未知,,电动车单速变速箱,1.0,固定齿比变速箱,199.0,8.5,,6年或15万公里,永磁/同步,150.0,310.0,,,150.0,310.0,,,,,550.0,,80,,,4840,1950,1560,2930,1669.0,1682.0,,2158.0,SUV,5.0,5.0,410.0,平开门,主 / 副,前 / 后,,主 / 副,,上下+前后,,USB/Type-C+SD卡槽,丹拿,12以上,仿皮,前 / 后,自动,12以上,纯电动
sg29661,1100.0,比亚迪,16.0,比亚迪,8979,宋L EV,244684,智驾版 550KM 卓越型,2026,纯电动,比亚迪,中型SUV,18.98,18.98万,17.28万,17.98万,,,,,,,,,,,,纯电动,,,未知,,电动车单速变速箱,1.0,固定齿比变速箱,199.0,8.5,,6年或15万公里,永磁/同步,150.0,310.0,,,150.0,310.0,,,,,550.0,,80,,,4840,1950,1560,2930,1669.0,1682.0,,2158.0,SUV,5.0,5.0,410.0,平开门,主 / 副,前 / 后,,主 / 副,,上下+前后,,USB/Type-C+SD卡槽,丹拿,12以上,仿皮,前 / 后,自动,12以上,纯电动
sg29681,5633.0,红旗,59.0,红旗,8947,红旗EH7,240041,600 Pro荣耀版,2024,纯电动,一汽红旗,中大型车,22.98,22.98万,15.00万,21.68万,,,,,,,,,,,,纯电动,,,,,电动车单速变速箱,1.0,固定齿比变速箱,190.0,7.8,,4年或10万公里,永磁/同步,253.0,450.0,,,253.0,450.0,,,,,600.0,,,,,4980,1915,1490,3000,1645.0,1655.0,120.0,2233.0,三厢车,4.0,5.0,400.0,平开门,主 / 副,前 / 后,,主 / 副,,上下+前后,,USB/Type-C,,46306,仿皮,前 / 后,自动,46306,纯电动
sg29681,2878.0,红旗,59.0,红旗,8947,红旗EH7,247917,600 智选版,2025,纯电动,一汽红旗,中大型车,20.88,20.88万,暂无报价,19.58万,,,,,,,,,,,,纯电动,,,,,电动车单速变速箱,1.0,固定齿比变速箱,190.0,7.8,,4年或10万公里,永磁/同步,253.0,450.0,,,253.0,450.0,,,,,600.0,,,,,4980,1915,1490,3000,1645.0,1655.0,120.0,2233.0,三厢车,4.0,5.0,400.0,平开门,主 / 副,前 / 后,,主 / 副,,上下+前后,,USB/Type-C,,46306,仿皮,前 / 后,自动,46306,纯电动
sg29681,709.0,红旗,59.0,红旗,8947,红旗EH7,247917,600 智选版,2026,纯电动,一汽红旗,中大型车,20.88,20.88万,暂无报价,19.58万,,,,,,,,,,,,纯电动,,,,,电动车单速变速箱,1.0,固定齿比变速箱,190.0,7.8,,4年或10万公里,永磁/同步,253.0,450.0,,,253.0,450.0,,,,,600.0,,,,,4980,1915,1490,3000,1645.0,1655.0,120.0,2233.0,三厢车,4.0,5.0,400.0,平开门,主 / 副,前 / 后,,主 / 副,,上下+前后,,USB/Type-C,,46306,仿皮,前 / 后,自动,46306,纯电动
sg29691,,沃尔沃,24.0,沃尔沃,6172,沃尔沃EX90,256176,双电机四驱版 Plus 七座,2027,纯电动,沃尔沃亚太,中大型SUV,79.59,79.59万,暂无报价,45.99万,,,,,,,,,,,,纯电动,,,,,电动车单速变速箱,1.0,固定齿比变速箱,180.0,5.5,,3年不限公里,前感应/异步后永磁/同步,330.0,670.0,130.0,,200.0,,,,,,756.0,,,,,5037,1964,1747,2985,1671.0,1676.0,,2689.0,SUV,5.0,7.0,384.0,平开门,主 / 副,前 / 后,,主 / 副,,上下+前后,,USB/Type-C,宝华韦健,,真皮,前 / 后,自动,,纯电动
sg29701,735.0,宝马,4.0,宝马,8942,宝马iX1,259404,eDrive25L X设计套装,2023,纯电动,华晨宝马,紧凑型SUV,22.8,22.80万,暂无报价,16.50万,,,,,,,,,,,,,,,,,,,,,,,3年或10万公里,,,,,,,,,,,,,,,,,4616,1845,1641,2802,,,,,SUV,,5.0,,,主 / 副,前 / 后,,主 / 副,,,,,,,,前 / 后,：,,未知
sg29701,11849.0,宝马,4.0,宝马,8942,宝马iX1,259404,eDrive25L X设计套装,2024,纯电动,华晨宝马,紧凑型SUV,22.8,22.80万,暂无报价,16.50万,,,,,,,,,,,,,,,,,,,,,,,3年或10万公里,,,,,,,,,,,,,,,,,4616,1845,1641,2802,,,,,SUV,,5.0,,,主 / 副,前 / 后,,主 / 副,,,,,,,,前 / 后,：,,未知
sg29701,14088.0,宝马,4.0,宝马,8942,宝马iX1,259404,eDrive25L X设计套装,2025,纯电动,华晨宝马,紧凑型SUV,22.8,22.80万,暂无报价,16.50万,,,,,,,,,,,,,,,,,,,,,,,3年或10万公里,,,,,,,,,,,,,,,,,4616,1845,1641,2802,,,,,SUV,,5.0,,,主 / 副,前 / 后,,主 / 副,,,,,,,,前 / 后,：,,未知
sg29701,4638.0,宝马,4.0,宝马,8942,宝马iX1,259404,eDrive25L X设计套装,2026,纯电动,华晨宝马,紧凑型SUV,22.8,22.80万,暂无报价,16.50万,,,,,,,,,,,,,,,,,,,,,,,3年或10万公里,,,,,,,,,,,,,,,,,4616,1845,1641,2802,,,,,SUV,,5.0,,,主 / 副,前 / 后,,主 / 副,,,,,,,,前 / 后,：,,未知
sg29702,11957.0,奇瑞,18.0,奇瑞,8973,瑞虎9 C-DM,240560,106km 悦享版 三元锂,2025,插电混动,奇瑞汽车,中型SUV,16.59,16.59万,14.71万,15.59万,1499.0,1.5,涡轮增压,L,4.0,,156.0,115.0,5200.0,220.0,2500,插电式混合动力,92#,缸内直喷,铝,国VI b,3挡DHT,3.0,,180.0,8.8,,3年或10万公里,永磁/同步,165.0,390.0,165.0,390.0,,,280.0,610.0,,,82.0,,,,,4820,1930,1712,2820,1638.0,1641.0,,1935.0,SUV,5.0,5.0,717.0,平开门,主 / 副,前 / 后,,主 / 副,,上下+前后,,USB/Type-C,索尼,46243,仿皮,前 / 后,自动,46243,插电混动
sg29702,215.0,奇瑞,18.0,奇瑞,8973,瑞虎9 C-DM,252437,106km 悦享版,2026,插电混动,奇瑞汽车,中型SUV,16.59,16.59万,15.49万,15.59万,1499.0,1.5,涡轮增压,L,4.0,,156.0,115.0,5200.0,220.0,2500,插电式混合动力,92#,缸内直喷,铝,国VI b,3挡DHT,3.0,,180.0,8.8,,3年或10万公里,永磁/同步,165.0,390.0,165.0,390.0,,,280.0,610.0,,,80.0,,,,,4820,1930,1712,2820,1638.0,1641.0,159.0,1935.0,SUV,5.0,5.0,717.0,平开门,主 / 副,前 / 后,,主 / 副,,上下+前后,,USB/Type-C,索尼,46243,仿皮,前 / 后,自动,46243,插电混动
sg29704,14572.0,奇瑞风云,10409.0,奇瑞风云,8808,风云A8,248383,70km 基本型,2025,插电混动,奇瑞汽车,紧凑型车,7.99,7.99万,7.56万,7.99万,1498.0,1.5,自然吸气,L,4.0,,102.0,75.0,6000.0,125.0,4000,插电式混合动力,92#,多点电喷,铝,国VI b,1挡DHT,1.0,,180.0,8.4,,3年或10万公里,永磁/同步,150.0,310.0,150.0,310.0,,,225.0,435.0,,,53.0,,,,,4780,1843,1487,2790,1580.0,1580.0,130.0,1591.0,三厢车,4.0,5.0,,平开门,主 / 副,前 / 后,,主 / 副,,上下+前后,,USB/Type-C,,,仿皮,前 / 后,自动,,插电混动
sg29713,57863.0,奔腾,27.0,奔腾,8956,奔腾小马,250209,222km 萌趣马,2024,纯电动,一汽奔腾,微型车,3.49,3.49万,3.00万,2.84万,,,,,,,,,,,,纯电动,,,,,电动车单速变速箱,1.0,固定齿比变速箱,100.0,,,3年或10万公里,永磁/同步,30.0,90.0,,,30.0,90.0,,,,,222.0,,,,,3000,1510,1630,1953,1290.0,1290.0,130.0,750.0,两厢车,3.0,4.0,81.0,平开门,主 / 副,前 / 后,,主 / 副,,,,USB/Type-C,,,织物,前 / 后,手动,,纯电动
sg29713,110372.0,奔腾,27.0,奔腾,8956,奔腾小马,250209,222km 萌趣马,2025,纯电动,一汽奔腾,微型车,3.49,3.49万,3.00万,2.84万,,,,,,,,,,,,纯电动,,,,,电动车单速变速箱,1.0,固定齿比变速箱,100.0,,,3年或10万公里,永磁/同步,30.0,90.0,,,30.0,90.0,,,,,222.0,,,,,3000,1510,1630,1953,1290.0,1290.0,130.0,750.0,两厢车,3.0,4.0,81.0,平开门,主 / 副,前 / 后,,主 / 副,,,,USB/Type-C,,,织物,前 / 后,手动,,纯电动
sg29713,26025.0,奔腾,27.0,奔腾,8956,奔腾小马,250209,222km 萌趣马,2026,纯电动,一汽奔腾,微型车,3.49,3.49万,3.00万,2.84万,,,,,,,,,,,,纯电动,,,,,电动车单速变速箱,1.0,固定齿比变速箱,100.0,,,3年或10万公里,永磁/同步,30.0,90.0,,,30.0,90.0,,,,,222.0,,,,,3000,1510,1630,1953,1290.0,1290.0,130.0,750.0,两厢车,3.0,4.0,81.0,平开门,主 / 副,前 / 后,,主 / 副,,,,USB/Type-C,,,织物,前 / 后,手动,,纯电动
sg29731,47120.0,捷途,,捷途,sg29731,捷途旅行者C-DM,pcauto_m127736,捷途旅行者C-DM 2024款 129KM 原野版,2024,插电混动,奇瑞汽车,紧凑型SUV,17.99,17.99万,,,1499.0,1.5,涡轮增压,直列,4.0,,156.0,115.0,,220.0,,插电混动,92号(原93号),直喷,铝合金,国VI,DHT变速箱,3.0,混合动力专用变速箱(DHT),197.0,,,,永磁同步,165.0,390.0,165.0,390.0,,,,,磷酸铁锂电池,26.7,100.0,20.5,,快充:0.5小时/慢充:4.0小时,30.0,4785,2006,1875,2800,,,,2050.0,SUV,5.0,5.0,,平开门,,,,,皮质,上下+前后,,,,,皮/织物混搭,,自动,,
sg29731,26209.0,捷途,,捷途,sg29731,捷途旅行者C-DM,pcauto_m133231,捷途旅行者C-DM 2025款 129KM 星月女神,2025,插电混动,奇瑞汽车,紧凑型SUV,19.39,19.39万,,,1499.0,1.5,涡轮增压,直列,4.0,,156.0,115.0,,220.0,,插电混动,92号(原93号),直喷,铝合金,国VI,DHT变速箱,3.0,混合动力专用变速箱(DHT),197.0,,,,永磁同步,165.0,390.0,165.0,390.0,,,,,磷酸铁锂电池,26.7,100.0,20.5,,快充:0.5小时/慢充:4.0小时,30.0,4785,2006,1875,2800,,,,2050.0,SUV,5.0,5.0,,平开门,,,,,皮质,上下+前后,,,,,皮/织物混搭,,自动,,
sg29731,4087.0,捷途,,捷途,sg29731,捷途旅行者C-DM,pcauto_m137904,捷途旅行者C-DM 2026款 129KM 探索,2026,插电混动,奇瑞汽车,紧凑型SUV,15.99,15.99万,,,1499.0,1.5,涡轮增压,直列,4.0,,156.0,115.0,,220.0,,插电混动,92号(原93号),直喷,铝合金,国VI,DHT变速箱,3.0,混合动力专用变速箱(DHT),197.0,,,四年或10万公里,永磁同步,165.0,390.0,165.0,390.0,,,,,磷酸铁锂电池,27.2,100.0,20.5,,快充:0.5小时/慢充:4.0小时,30.0,4795,2006,1880,2800,,,,2097.0,SUV,5.0,5.0,,平开门,,,,,皮质,上下+前后,,,,,仿皮,,自动,,
sg29732,11383.0,江淮钇为,871.0,江淮钇为,8897,钇为3,99686,挚爱版 330km Lite,2023,纯电动,江汽集团,小型车,6.99,6.99万,6.64万,6.99万,,,,,,,,,,,,纯电动,,,,,电动车单速变速箱,1.0,固定齿比变速箱,135.0,,,4年或15万公里,永磁/同步,60.0,150.0,60.0,150.0,,,,,,,330.0,,,,,4025,1770,1560,2620,1525.0,1520.0,,1270.0,两厢车,5.0,5.0,,平开门,主 / 副,前 / 后,,主 / 副,,上下,,USB/Type-C,,46117,织物,前 / 后,手动,46117,纯电动
sg29732,11113.0,江淮钇为,871.0,江淮钇为,8897,钇为3,99686,挚爱版 330km Lite,2024,纯电动,江汽集团,小型车,6.99,6.99万,6.64万,6.99万,,,,,,,,,,,,纯电动,,,,,电动车单速变速箱,1.0,固定齿比变速箱,135.0,,,4年或15万公里,永磁/同步,60.0,150.0,60.0,150.0,,,,,,,330.0,,,,,4025,1770,1560,2620,1525.0,1520.0,,1270.0,两厢车,5.0,5.0,,平开门,主 / 副,前 / 后,,主 / 副,,上下,,USB/Type-C,,46117,织物,前 / 后,手动,46117,纯电动
sg29732,2752.0,江淮钇为,871.0,江淮钇为,8897,钇为3,247864,330km 自由版,2025,纯电动,江汽集团,小型车,6.99,6.99万,暂无报价,6.99万,,,,,,,,,,,,纯电动,,,,,电动车单速变速箱,1.0,固定齿比变速箱,135.0,,,4年或15万公里,永磁/同步,60.0,150.0,60.0,150.0,,,,,,,330.0,,,,,4025,1770,1560,2620,1525.0,1520.0,,,两厢车,5.0,5.0,300.0,平开门,主 / 副,前 / 后,,主 / 副,,上下,,USB/Type-C,,46117,织物,前 / 后,手动,46117,纯电动
sg29732,195.0,江淮钇为,871.0,江淮钇为,8897,钇为3,247864,330km 自由版,2026,纯电动,江汽集团,小型车,6.99,6.99万,暂无报价,6.99万,,,,,,,,,,,,纯电动,,,,,电动车单速变速箱,1.0,固定齿比变速箱,135.0,,,4年或15万公里,永磁/同步,60.0,150.0,60.0,150.0,,,,,,,330.0,,,,,4025,1770,1560,2620,1525.0,1520.0,,,两厢车,5.0,5.0,300.0,平开门,主 / 副,前 / 后,,主 / 副,,上下,,USB/Type-C,,46117,织物,前 / 后,手动,46117,纯电动
sg29744,26431.0,鸿蒙智行,,鸿蒙智行,sg29744,问界M9,pcauto_m140775,问界M9 2026款 增程 Max+ 五座版,2026,增程式,AITO 问界,大型SUV,47.98,47.98万,,,1496.0,1.5,涡轮增压,直列,4.0,,160.0,118.0,,,,增程式,95号(原97号),直喷,铝合金,国VI,固定齿比,1.0,固定齿比,220.0,4.5,,四年或10万公里,前交流/异步 后永磁/同步,497.0,765.0,220.0,315.0,,,,,三元锂电池,60.0,280.0,,八年或16万公里,快充:0.25小时/慢充:7.0小时,30.0,5285,2026,1845,3125,,,,2920.0,SUV,5.0,5.0,,平开门,,,,,真皮,上下+前后,,,,,真皮,,自动,,
sg29781,46485.0,东风风神,,东风风神,sg29781,东风风神L7新能源,pcauto_m133986,东风风神L7新能源 2025款 430轻享型,2025,纯电动,东风乘用车,紧凑型SUV,9.49,9.49万,,,,,,,,,,,,,,纯电动,,,,,固定齿比,1.0,固定齿比,160.0,,,十年不限公里(责任免除条款以官方为准),永磁同步,120.0,240.0,120.0,240.0,,,,,磷酸铁锂电池,50.8,430.0,13.7,首任车主不限年限/里程(责任免除条款以官方为准),快充:0.46小时/慢充:待定,30.0,4685,1900,1613,2775,,,,1618.0,SUV,5.0,5.0,,平开门,,,,,皮质,上下+前后,,,,,仿皮,,自动,,
sg29781,13777.0,东风风神,,东风风神,sg29781,东风风神L7新能源,pcauto_m140683,东风风神L7新能源 2026款 530乐享型,2026,纯电动,东风乘用车,紧凑型SUV,12.69,12.69万,,,,,,,,,,,,,,纯电动,,,,,固定齿比,1.0,固定齿比,160.0,,,,永磁同步,135.0,260.0,135.0,260.0,,,,,磷酸铁锂电池,61.83,530.0,,终身质保(责任免除条款以官方为准),快充:0.33小时/慢充:待定,30.0,4685,1900,1617,2775,,,,1706.0,SUV,5.0,5.0,,平开门,,,,,皮质,上下+前后,,,,,仿皮,,自动,,
sg29851,2917.0,五菱,39.0,五菱汽车,sg29851,五菱星云,93244,2.0L DHT 标准型,2023,插电混动,上汽通用五菱,紧凑型SUV,8.98,8.98万,8.90万,8.98万,1999.0,2.0,自然吸气,L,4.0,DVVT,136.0,100.0,5600.0,175.0,4000,油电混合,92#,多点电喷,铝,国VI,1挡DHT,1.0,,135.0,,,3年或10万公里,永磁/同步,130.0,320.0,130.0,320.0,,,,,,,,,,,,4610,1810,1670,2700,1550.0,1545.0,,1565.0,SUV,5.0,5.0,367.0,平开门,主 / 副,前 / 后,,主 / 副,,上下,,USB/Type-C,,46117,仿皮,前 / 后,手动,46117,插电混动
sg29851,2869.0,五菱,39.0,五菱汽车,sg29851,五菱星云,93244,2.0L DHT 标准型,2024,插电混动,上汽通用五菱,紧凑型SUV,8.98,8.98万,8.90万,8.98万,1999.0,2.0,自然吸气,L,4.0,DVVT,136.0,100.0,5600.0,175.0,4000,油电混合,92#,多点电喷,铝,国VI,1挡DHT,1.0,,135.0,,,3年或10万公里,永磁/同步,130.0,320.0,130.0,320.0,,,,,,,,,,,,4610,1810,1670,2700,1550.0,1545.0,,1565.0,SUV,5.0,5.0,367.0,平开门,主 / 副,前 / 后,,主 / 副,,上下,,USB/Type-C,,46117,仿皮,前 / 后,手动,46117,插电混动
sg29901,1151.0,沃尔沃,24.0,沃尔沃,9028,沃尔沃EX30,98998,后驱Core,2025,纯电动,沃尔沃亚太,小型SUV,20.08,20.08万,暂无报价,15.98万,,,,,,,,,,,,纯电动,,,,,电动车单速变速箱,1.0,固定齿比变速箱,180.0,5.7,,3年不限公里,永磁/同步,200.0,343.0,,,200.0,343.0,,,,,410.0,,,,,4233,1838,1555,2650,1590.0,1595.0,,1757.0,SUV,5.0,5.0,318.0,平开门,主 / 副,前 / 后,,主 / 副,,上下+前后,,USB/Type-C,,46117,皮织混搭,前 / 后,自动,46117,纯电动
sg29901,258.0,沃尔沃,24.0,沃尔沃,9028,沃尔沃EX30,257051,后驱Plus,2026,纯电动,沃尔沃亚太,小型SUV,20.38,20.38万,暂无报价,15.98万,,,,,,,,,,,,纯电动,,,,,电动车单速变速箱,1.0,固定齿比变速箱,180.0,5.7,,3年不限公里,永磁/同步,200.0,343.0,,,200.0,343.0,,,,,410.0,,,,,4233,1838,1555,2650,1590.0,1595.0,,1757.0,SUV,5.0,5.0,318.0,平开门,主 / 副,前 / 后,,主 / 副,,上下+前后,,USB/Type-C,哈曼卡顿,46243,皮织混搭,前 / 后,自动,46243,纯电动
sg29951,24119.0,江淮,882.0,江淮汽车,sg29951,江淮A5 PLUS,90289,1.5T CVT舒适版,2023,燃油,江汽集团,紧凑型车,7.58,7.58万,暂无报价,7.58万,1499.0,1.5,涡轮增压,L,4.0,,150.0,110.0,5500.0,210.0,2000,汽油,92#,多点电喷,铝,国VI,CVT无级变速,,无级变速箱(CVT),170.0,,7.44,3年或10万公里,,,,,,,,,,,,,,,,,4780,1820,1492,2770,1555.0,1550.0,145.0,1440.0,掀背车,5.0,5.0,540.0,平开门,主 / 副,前 / 后,,主 / 副,,上下,,USB/Type-C,,46117,仿皮,前 / 后,手动,46117,燃油
sg29951,87.0,江淮,882.0,江淮汽车,sg29951,江淮A5 PLUS,99750,1.5T CVT献礼版,2024,燃油,江汽集团,紧凑型车,5.98,5.98万,暂无报价,5.98万,1499.0,1.5,涡轮增压,L,4.0,,150.0,110.0,5500.0,210.0,2000,汽油,92#,多点电喷,铝,国VI,CVT无级变速,,无级变速箱(CVT),170.0,,7.44,3年或10万公里,,,,,,,,,,,,,,,,,4780,1820,1492,2770,1555.0,1550.0,145.0,1440.0,掀背车,5.0,5.0,540.0,平开门,主 / 副,前 / 后,,主 / 副,,上下,,USB/Type-C,,46117,仿皮,前 / 后,手动,46117,燃油
sg29972,54552.0,方程豹,861.0,方程豹,8884,豹5,245297,125KM 天神智驾Max版,2025,插电混动,方程豹,中型SUV,23.98,23.98万,23.98万,23.98万,1497.0,1.5,涡轮增压,L,4.0,VVT,194.0,143.0,,273.0,,插电式混合动力,92#,缸内直喷,铝,国VI b,E-CVT无级变速,,电子无级变速箱(E-CVT),180.0,4.8,,6年或15万公里,永磁/同步,485.0,760.0,200.0,360.0,285.0,400.0,505.0,760.0,,,100.0,,,,,4890,1970,1920,2800,1660.0,1660.0,,2890.0,SUV,5.0,5.0,1069.0,平开门,主 / 副,前 / 后,,主 / 副,,上下+前后,大屏,USB/Type-C+SD卡槽,,12以上,仿皮,前 / 后,自动,12以上,插电混动
sg29972,9953.0,方程豹,861.0,方程豹,8884,豹5,258815,210KM 天神Max版,2026,插电混动,方程豹,中型SUV,25.98,25.98万,25.98万,25.98万,1497.0,1.5,涡轮增压,L,4.0,VVT,194.0,143.0,,273.0,,插电式混合动力,92#,缸内直喷,铝,国VI b,E-CVT无级变速,,电子无级变速箱(E-CVT),180.0,4.8,,6年或15万公里,永磁/同步,485.0,760.0,200.0,360.0,285.0,400.0,505.0,760.0,,,160.0,,,,,4890,1970,1920,2800,1660.0,1660.0,,2950.0,SUV,5.0,5.0,1069.0,平开门,主 / 副,前 / 后,,主 / 副,,上下+前后,大屏,USB/Type-C+SD卡槽,,12以上,仿皮,前 / 后,自动,12以上,插电混动
sg29991,16564.0,智己汽车,419.0,智己汽车,9118,智己LS6,250783,纯电 Max,2026,纯电动,智己汽车,中大型SUV,22.49,22.49万,20.29万,20.19万,,,,,,,,,,,,纯电动,,,,,电动车单速变速箱,1.0,固定齿比变速箱,200.0,6.4,,5年或15万公里,永磁/同步,245.0,430.0,,,245.0,430.0,,,,,600.0,,,,,4937,1988,1671,2960,1702.0,1706.0,145.0,2270.0,SUV,5.0,5.0,636.0,平开门,主 / 副,前 / 后,,主 / 副,,上下+前后,,USB/Type-C,,12以上,仿皮,前 / 后,自动,12以上,纯电动
sg29992,4827.0,极石汽车,,极石汽车,sg29992,极石01,pcauto_m130081,极石01 2024款 全能7座标准续航版,2024,增程式,北京汽车制造厂,中大型SUV,29.99,29.99万,,,1496.0,1.5,涡轮增压,直列,4.0,,152.0,112.0,,,,增程式,95号(原97号),直喷,铝合金,国VI,固定齿比,1.0,固定齿比,190.0,5.5,,,增程式/476马力,350.0,740.0,150.0,340.0,,,,,三元锂电池,44.5,180.0,,,快充:0.4小时/慢充:6.8小时,80.0,5050,1980,1869,3010,,,,2545.0,SUV,5.0,7.0,,平开门,,,,,皮质,上下+前后,,,,,真皮,,自动,,
sg29993,15362.0,长安启源,870.0,长安启源,9129,长安启源A05,241459,真香版 70 领先型,2025,插电混动,长安启源,紧凑型车,7.89,7.89万,7.53万,7.89万,1497.0,1.5,自然吸气,L,4.0,,98.0,72.0,5600.0,125.0,3000,插电式混合动力,92#,多点电喷,铝,国VI b,E-CVT无级变速,,电子无级变速箱(E-CVT),185.0,7.9,,3年或12万公里,永磁/同步,140.0,330.0,140.0,330.0,,,,,,,53.0,,,,,4785,1840,1460,2765,1570.0,1580.0,,1425.0,三厢车,4.0,5.0,,平开门,主 / 副,前 / 后,,主 / 副,,上下+前后,,USB/Type-C,,46180,织物,前 / 后,自动,46180,插电混动
sg29995,21361.0,蔚来,112.0,蔚来,9126,蔚来ET5T,248547,100kWh,2023,纯电动,蔚来,中型车,29.8,29.80万,22.37万,29.80万,,,,,,,,,,,,纯电动,,,,,电动车单速变速箱,1.0,固定齿比变速箱,200.0,4.0,,3年或12万公里,前感应/异步后永磁/同步,360.0,700.0,150.0,280.0,210.0,420.0,,,,75.0,710.0,,80,,,4790,1960,1499,2888,1685.0,1685.0,135.0,2225.0,旅行车,5.0,5.0,529.0,平开门,主 / 副,前 / 后,,主 / 副,,上下+前后,,,,,仿皮,前 / 后,自动,,纯电动
sg29995,50869.0,蔚来,112.0,蔚来,9126,蔚来ET5T,248547,100kWh,2024,纯电动,蔚来,中型车,29.8,29.80万,22.37万,29.80万,,,,,,,,,,,,纯电动,,,,,电动车单速变速箱,1.0,固定齿比变速箱,200.0,4.0,,3年或12万公里,前感应/异步后永磁/同步,360.0,700.0,150.0,280.0,210.0,420.0,,,,75.0,710.0,,80,,,4790,1960,1499,2888,1685.0,1685.0,135.0,2225.0,旅行车,5.0,5.0,529.0,平开门,主 / 副,前 / 后,,主 / 副,,上下+前后,,,,,仿皮,前 / 后,自动,,纯电动
sg29995,46877.0,蔚来,112.0,蔚来,9126,蔚来ET5T,248547,100kWh,2025,纯电动,蔚来,中型车,29.8,29.80万,22.37万,29.80万,,,,,,,,,,,,纯电动,,,,,电动车单速变速箱,1.0,固定齿比变速箱,200.0,4.0,,3年或12万公里,前感应/异步后永磁/同步,360.0,700.0,150.0,280.0,210.0,420.0,,,,75.0,710.0,,80,,,4790,1960,1499,2888,1685.0,1685.0,135.0,2225.0,旅行车,5.0,5.0,529.0,平开门,主 / 副,前 / 后,,主 / 副,,上下+前后,,,,,仿皮,前 / 后,自动,,纯电动
sg29995,12081.0,蔚来,112.0,蔚来,9126,蔚来ET5T,257431,100kWh,2026,纯电动,蔚来,中型车,29.8,29.80万,20.00万,29.80万,,,,,,,,,,,,纯电动,,,,,电动车单速变速箱,1.0,固定齿比变速箱,200.0,4.0,,3年或12万公里,前感应/异步后永磁/同步,360.0,700.0,150.0,280.0,210.0,420.0,,,,75.0,710.0,,80,,,4790,1960,1499,2888,1685.0,1685.0,135.0,2225.0,旅行车,5.0,5.0,529.0,平开门,主 / 副,前 / 后,,主 / 副,,上下+前后,,,,,真皮,前 / 后,自动,,纯电动
sg30001,6610.0,荣威,,荣威,sg30001,荣威D7,pcauto_m128975,荣威D7 2024款 DMH 125领航版,2023,插电混动,上汽集团,中大型车,17.68,17.68万,,,1498.0,1.5,自然吸气,直列,4.0,,111.0,82.0,,135.0,,插电混动,92号(原93号),,铝合金,国VI,DHT变速箱,1.0,混合动力专用变速箱(DHT),185.0,7.9,,六年或15万公里,永磁同步,150.0,330.0,150.0,330.0,,,,,磷酸铁锂电池,21.4,103.0,,首任车主不限年限/里程（责任免除条款以官方为准）,快充:0.46小时/慢充:待定,,4890,1890,1510,2810,,,,1695.0,三厢车,4.0,5.0,,平开门,,,,,皮质,上下+前后,,,,,皮/翻毛皮混搭,,自动,,
sg30001,32919.0,荣威,,荣威,sg30001,荣威D7,pcauto_m128975,荣威D7 2024款 DMH 125领航版,2024,插电混动,上汽集团,中大型车,17.68,17.68万,,,1498.0,1.5,自然吸气,直列,4.0,,111.0,82.0,,135.0,,插电混动,92号(原93号),,铝合金,国VI,DHT变速箱,1.0,混合动力专用变速箱(DHT),185.0,7.9,,六年或15万公里,永磁同步,150.0,330.0,150.0,330.0,,,,,磷酸铁锂电池,21.4,103.0,,首任车主不限年限/里程（责任免除条款以官方为准）,快充:0.46小时/慢充:待定,,4890,1890,1510,2810,,,,1695.0,三厢车,4.0,5.0,,平开门,,,,,皮质,上下+前后,,,,,皮/翻毛皮混搭,,自动,,
sg30001,23871.0,荣威,,荣威,sg30001,荣威D7,pcauto_m131277,荣威D7 2025款 DMH 世界冠军版,2025,插电混动,上汽集团,中大型车,12.38,12.38万,,,1498.0,1.5,自然吸气,直列,4.0,,111.0,82.0,,135.0,,插电混动,92号(原93号),多点电喷,铝合金,国VI,DHT变速箱,1.0,混合动力专用变速箱(DHT),185.0,8.5,,六年或15万公里,永磁同步,137.0,330.0,137.0,330.0,,,,,磷酸铁锂电池,19.7,103.0,13.9,首任车主不限年限/里程（责任免除条款以官方为准）,快充:0.46小时/慢充:待定,30.0,4890,1890,1510,2810,,,,1670.0,三厢车,4.0,5.0,,平开门,,,,,皮质,上下+前后,,,,,仿皮,,自动,,
sg30001,3690.0,荣威,,荣威,sg30001,荣威D7,pcauto_m131277,荣威D7 2025款 DMH 世界冠军版,2026,插电混动,上汽集团,中大型车,12.38,12.38万,,,1498.0,1.5,自然吸气,直列,4.0,,111.0,82.0,,135.0,,插电混动,92号(原93号),多点电喷,铝合金,国VI,DHT变速箱,1.0,混合动力专用变速箱(DHT),185.0,8.5,,六年或15万公里,永磁同步,137.0,330.0,137.0,330.0,,,,,磷酸铁锂电池,19.7,103.0,13.9,首任车主不限年限/里程（责任免除条款以官方为准）,快充:0.46小时/慢充:待定,30.0,4890,1890,1510,2810,,,,1670.0,三厢车,4.0,5.0,,平开门,,,,,皮质,上下+前后,,,,,仿皮,,自动,,
sg30002,30657.0,长安启源,870.0,长安启源,25486,长安启源A06,257646,510Pro+,2026,纯电动,长安启源,中大型车,10.99,10.99万,10.49万,10.99万,,,,,,,,,,,,纯电动,,,,,电动车单速变速箱,1.0,固定齿比变速箱,160.0,,,6年或15万公里,永磁/同步,120.0,190.0,,,120.0,190.0,,,,,510.0,,,,,4885,1916,1496,2922,1660.0,1668.0,125.0,1725.0,掀背车,5.0,5.0,656.0,平开门,主 / 副,前 / 后,,主 / 副,,上下+前后,,USB/Type-C,,46243,仿皮,前 / 后,自动,46243,纯电动
sg30049,2386.0,凯迪拉克,30.0,凯迪拉克,9186,IQ傲歌,91502,标准续航版,2024,纯电动,上汽通用凯迪拉克,中型SUV,23.97,23.97万,23.82万,23.97万,,,,,,,,,,,,纯电动,,,,,电动车单速变速箱,1.0,固定齿比变速箱,180.0,7.0,,3年不限公里,永磁/同步,180.0,330.0,180.0,330.0,,,,,,,536.0,,,,,4822,1912,1644,2954,1622.0,1624.0,,2130.0,SUV,5.0,5.0,441.0,平开门,主 / 副,前 / 后,,主 / 副,,上下+前后,大屏,USB/Type-C,AKG(爱科技),12以上,仿皮,前 / 后,自动,12以上,纯电动
sg30049,468.0,凯迪拉克,30.0,凯迪拉克,9186,IQ傲歌,91502,标准续航版,2025,纯电动,上汽通用凯迪拉克,中型SUV,23.97,23.97万,23.82万,23.97万,,,,,,,,,,,,纯电动,,,,,电动车单速变速箱,1.0,固定齿比变速箱,180.0,7.0,,3年不限公里,永磁/同步,180.0,330.0,180.0,330.0,,,,,,,536.0,,,,,4822,1912,1644,2954,1622.0,1624.0,,2130.0,SUV,5.0,5.0,441.0,平开门,主 / 副,前 / 后,,主 / 副,,上下+前后,大屏,USB/Type-C,AKG(爱科技),12以上,仿皮,前 / 后,自动,12以上,纯电动
sg30049,73.0,凯迪拉克,30.0,凯迪拉克,9186,IQ傲歌,91502,标准续航版,2026,纯电动,上汽通用凯迪拉克,中型SUV,23.97,23.97万,23.82万,23.97万,,,,,,,,,,,,纯电动,,,,,电动车单速变速箱,1.0,固定齿比变速箱,180.0,7.0,,3年不限公里,永磁/同步,180.0,330.0,180.0,330.0,,,,,,,536.0,,,,,4822,1912,1644,2954,1622.0,1624.0,,2130.0,SUV,5.0,5.0,441.0,平开门,主 / 副,前 / 后,,主 / 副,,上下+前后,大屏,USB/Type-C,AKG(爱科技),12以上,仿皮,前 / 后,自动,12以上,纯电动
sg30050,7578.0,广汽传祺,,广汽传祺,sg30050,传祺ES9,pcauto_m129124,传祺ES9 2024款 PHEV 143km Pro+,2024,插电混动,广汽传祺,中大型SUV,22.98,22.98万,,,1991.0,2.0,涡轮增压,直列,4.0,,190.0,140.0,,330.0,,插电混动,92号(原93号),直喷,铝合金,国VI,DHT变速箱,2.0,混合动力专用变速箱(DHT),180.0,8.0,,五年或15万公里,永磁同步,134.0,300.0,134.0,300.0,,,,,三元锂电池,25.57,110.0,22.0,首任车主不限年限/里程(责任免除条款以官方为准),快充:0.36小时/慢充:3.5小时,30.0,5015,1950,1780,2920,,,,2220.0,SUV,5.0,7.0,,平开门,,,,,真皮,上下+前后,,,,,仿皮+真皮,,自动,,
sg30055,26017.0,哈弗,,哈弗,sg30055,哈弗猛龙新能源,pcauto_m135835,哈弗猛龙新能源 2026款 Hi4 105 Pro,2026,插电混动,长城汽车,紧凑型SUV,17.38,17.38万,,,1499.0,1.5,涡轮增压,直列,4.0,米勒循环,156.0,115.0,,243.0,,插电混动,92号(原93号),直喷,铝合金,国VI,DHT变速箱,2.0,混合动力专用变速箱(DHT),190.0,6.1,,六年或15万公里,永磁同步,220.0,510.0,70.0,160.0,,,,,磷酸铁锂电池,,81.0,,,快充:待定/慢充:待定,80.0,4800,1950,1843,2738,,,,2055.0,SUV,5.0,5.0,,平开门,,,,,皮质,上下+前后,,,,,仿皮,,自动,,
sg30056,405.0,大通,108.0,大通,9188,大通G70,257548,2.0T 自动舒享版 7座,2024,燃油,大通,中型MPV,14.98,14.98万,暂无报价,13.98万,1986.0,2.0,涡轮增压,L,4.0,,234.0,172.0,5000.0,360.0,1500,汽油,92#,缸内直喷,铝,国VI,9挡自动,9.0,自动变速箱(AT),185.0,,,5年或10万公里,,,,,,,,,,,,,,,,,4900,1885,1756,2960,1615.0,1630.0,,1815.0,MPV,5.0,7.0,,侧滑门,主 / 副,前 / 后,,主 / 副,,上下+前后,,USB/Type-C,,46180,仿皮,前 / 后,自动,46180,燃油
sg30056,236.0,大通,108.0,大通,9188,大通G70,257548,2.0T 自动舒享版 7座,2025,燃油,大通,中型MPV,14.98,14.98万,暂无报价,13.98万,1986.0,2.0,涡轮增压,L,4.0,,234.0,172.0,5000.0,360.0,1500,汽油,92#,缸内直喷,铝,国VI,9挡自动,9.0,自动变速箱(AT),185.0,,,5年或10万公里,,,,,,,,,,,,,,,,,4900,1885,1756,2960,1615.0,1630.0,,1815.0,MPV,5.0,7.0,,侧滑门,主 / 副,前 / 后,,主 / 副,,上下+前后,,USB/Type-C,,46180,仿皮,前 / 后,自动,46180,燃油
sg30056,88.0,大通,108.0,大通,9188,大通G70,257548,2.0T 自动舒享版 7座,2026,燃油,大通,中型MPV,14.98,14.98万,暂无报价,13.98万,1986.0,2.0,涡轮增压,L,4.0,,234.0,172.0,5000.0,360.0,1500,汽油,92#,缸内直喷,铝,国VI,9挡自动,9.0,自动变速箱(AT),185.0,,,5年或10万公里,,,,,,,,,,,,,,,,,4900,1885,1756,2960,1615.0,1630.0,,1815.0,MPV,5.0,7.0,,侧滑门,主 / 副,前 / 后,,主 / 副,,上下+前后,,USB/Type-C,,46180,仿皮,前 / 后,自动,46180,燃油
sg30061,6801.0,广汽传祺,,广汽传祺,sg30061,传祺E8新能源,pcauto_m140952,传祺E8新能源 2026款 Pro版 新上市,2023,插电混动,广汽传祺,MPV,18.98,18.98万,,,,1.5,涡轮增压,直列,4.0,,170.0,125.0,,245.0,,插电混动,92号(原93号),直喷,铝合金,国VI,DHT变速箱,2.0,混合动力专用变速箱(DHT),170.0,8.8,,三年或10万公里,永磁同步,200.0,280.0,200.0,280.0,,,,,磷酸铁锂电池,38.88,205.0,18.0,,快充:0.25小时/慢充:4.6小时,,5000,1900,1778,3000,,,,2345.0,MPV,5.0,7.0,,平开门+侧滑门,,,,,皮质,上下+前后,,,,,仿皮,,自动,,
sg30061,49163.0,广汽传祺,,广汽传祺,sg30061,传祺E8新能源,pcauto_m140952,传祺E8新能源 2026款 Pro版 新上市,2024,插电混动,广汽传祺,MPV,18.98,18.98万,,,,1.5,涡轮增压,直列,4.0,,170.0,125.0,,245.0,,插电混动,92号(原93号),直喷,铝合金,国VI,DHT变速箱,2.0,混合动力专用变速箱(DHT),170.0,8.8,,三年或10万公里,永磁同步,200.0,280.0,200.0,280.0,,,,,磷酸铁锂电池,38.88,205.0,18.0,,快充:0.25小时/慢充:4.6小时,,5000,1900,1778,3000,,,,2345.0,MPV,5.0,7.0,,平开门+侧滑门,,,,,皮质,上下+前后,,,,,仿皮,,自动,,
sg30061,27610.0,广汽传祺,,广汽传祺,sg30061,传祺E8新能源,pcauto_m140952,传祺E8新能源 2026款 Pro版 新上市,2025,插电混动,广汽传祺,MPV,18.98,18.98万,,,,1.5,涡轮增压,直列,4.0,,170.0,125.0,,245.0,,插电混动,92号(原93号),直喷,铝合金,国VI,DHT变速箱,2.0,混合动力专用变速箱(DHT),170.0,8.8,,三年或10万公里,永磁同步,200.0,280.0,200.0,280.0,,,,,磷酸铁锂电池,38.88,205.0,18.0,,快充:0.25小时/慢充:4.6小时,,5000,1900,1778,3000,,,,2345.0,MPV,5.0,7.0,,平开门+侧滑门,,,,,皮质,上下+前后,,,,,仿皮,,自动,,
sg30061,8929.0,广汽传祺,,广汽传祺,sg30061,传祺E8新能源,pcauto_m140952,传祺E8新能源 2026款 Pro版 新上市,2026,插电混动,广汽传祺,MPV,18.98,18.98万,,,,1.5,涡轮增压,直列,4.0,,170.0,125.0,,245.0,,插电混动,92号(原93号),直喷,铝合金,国VI,DHT变速箱,2.0,混合动力专用变速箱(DHT),170.0,8.8,,三年或10万公里,永磁同步,200.0,280.0,200.0,280.0,,,,,磷酸铁锂电池,38.88,205.0,18.0,,快充:0.25小时/慢充:4.6小时,,5000,1900,1778,3000,,,,2345.0,MPV,5.0,7.0,,平开门+侧滑门,,,,,皮质,上下+前后,,,,,仿皮,,自动,,
sg30081,6346.0,宝马,4.0,宝马,9224,宝马i5,251376,改款 eDrive35L M运动套装,2024,纯电动,华晨宝马,中大型车,43.99,43.99万,27.23万,29.98万,,,,,,,,,,,,纯电动,,,,,电动车单速变速箱,1.0,固定齿比变速箱,190.0,6.7,,3年或10万公里,,200.0,410.0,,,200.0,410.0,,,,,618.0,,,,,5175,1900,1520,3105,1621.0,1658.0,,2212.0,三厢车,4.0,5.0,,平开门,主 / 副,前 / 后,,主 / 副,,上下+前后,,USB/Type-C,,46180,仿皮,前 / 后,自动,46180,纯电动
sg30081,7461.0,宝马,4.0,宝马,9224,宝马i5,251376,改款 eDrive35L M运动套装,2025,纯电动,华晨宝马,中大型车,43.99,43.99万,27.23万,29.98万,,,,,,,,,,,,纯电动,,,,,电动车单速变速箱,1.0,固定齿比变速箱,190.0,6.7,,3年或10万公里,,200.0,410.0,,,200.0,410.0,,,,,618.0,,,,,5175,1900,1520,3105,1621.0,1658.0,,2212.0,三厢车,4.0,5.0,,平开门,主 / 副,前 / 后,,主 / 副,,上下+前后,,USB/Type-C,,46180,仿皮,前 / 后,自动,46180,纯电动
sg30081,1742.0,宝马,4.0,宝马,9224,宝马i5,255849,eDrive35L M运动套装,2026,纯电动,华晨宝马,中大型车,36.8,36.80万,27.65万,29.98万,,,,,,,,,,,,纯电动,,,,,电动车单速变速箱,1.0,固定齿比变速箱,190.0,6.7,,3年或10万公里,,200.0,410.0,,,200.0,410.0,,,,,602.0,,,,,5175,1900,1520,3105,1621.0,1658.0,,2212.0,三厢车,4.0,5.0,,平开门,主 / 副,前 / 后,,主 / 副,,上下+前后,,USB/Type-C,,46180,仿皮,前 / 后,自动,46180,纯电动
sg30091,451.0,起亚,13.0,起亚,9237,起亚EV5,242521,530 Light,2023,纯电动,起亚,紧凑型SUV,14.98,14.98万,暂无报价,14.28万,,,,,,,,,,,,纯电动,,,,,电动车单速变速箱,1.0,固定齿比变速箱,185.0,,,5年或10万公里,永磁/同步,160.0,310.0,160.0,310.0,,,,,,,530.0,,,,,4615,1875,1715,2750,1614.0,1619.0,,1870.0,SUV,5.0,5.0,513.0,平开门,主 / 副,前 / 后,,主 / 副,,上下+前后,,USB/Type-C,,46180,织物,前 / 后,自动,46180,纯电动
sg30091,5716.0,起亚,13.0,起亚,9237,起亚EV5,242521,530 Light,2024,纯电动,起亚,紧凑型SUV,14.98,14.98万,暂无报价,14.28万,,,,,,,,,,,,纯电动,,,,,电动车单速变速箱,1.0,固定齿比变速箱,185.0,,,5年或10万公里,永磁/同步,160.0,310.0,160.0,310.0,,,,,,,530.0,,,,,4615,1875,1715,2750,1614.0,1619.0,,1870.0,SUV,5.0,5.0,513.0,平开门,主 / 副,前 / 后,,主 / 副,,上下+前后,,USB/Type-C,,46180,织物,前 / 后,自动,46180,纯电动
sg30091,3192.0,起亚,13.0,起亚,9237,起亚EV5,242521,530 Light,2025,纯电动,起亚,紧凑型SUV,14.98,14.98万,暂无报价,14.28万,,,,,,,,,,,,纯电动,,,,,电动车单速变速箱,1.0,固定齿比变速箱,185.0,,,5年或10万公里,永磁/同步,160.0,310.0,160.0,310.0,,,,,,,530.0,,,,,4615,1875,1715,2750,1614.0,1619.0,,1870.0,SUV,5.0,5.0,513.0,平开门,主 / 副,前 / 后,,主 / 副,,上下+前后,,USB/Type-C,,46180,织物,前 / 后,自动,46180,纯电动
sg30091,242.0,起亚,13.0,起亚,9237,起亚EV5,242521,530 Light,2026,纯电动,起亚,紧凑型SUV,14.98,14.98万,暂无报价,14.28万,,,,,,,,,,,,纯电动,,,,,电动车单速变速箱,1.0,固定齿比变速箱,185.0,,,5年或10万公里,永磁/同步,160.0,310.0,160.0,310.0,,,,,,,530.0,,,,,4615,1875,1715,2750,1614.0,1619.0,,1870.0,SUV,5.0,5.0,513.0,平开门,主 / 副,前 / 后,,主 / 副,,上下+前后,,USB/Type-C,,46180,织物,前 / 后,自动,46180,纯电动
sg30092,338.0,长安启源,,长安启源,sg30092,长安启源Q05经典,pcauto_m130949,长安启源Q05经典 2025款 真香版 125 领航型,2023,插电混动,长安启源,紧凑型SUV,9.69,9.69万,,,1497.0,1.5,自然吸气,直列,4.0,,98.0,72.0,,125.0,,插电混动,92号(原93号),多点电喷,铝合金,国VI,电子无级变速箱,,电子无级变速箱(E-CVT),180.0,7.3,,三年或12万公里,永磁同步,158.0,330.0,158.0,330.0,,,,,磷酸铁锂电池,18.4,95.0,15.3,首任车主不限年限/里程(责任免除条款以官方为准),快充:0.32小时/慢充:6.0小时,30.0,4539,1865,1680,2656,,,,1655.0,SUV,5.0,5.0,,平开门,,,,,皮质,上下+前后,,,,,仿皮,,自动,,
sg30092,38177.0,长安启源,,长安启源,sg30092,长安启源Q05经典,pcauto_m130949,长安启源Q05经典 2025款 真香版 125 领航型,2024,插电混动,长安启源,紧凑型SUV,9.69,9.69万,,,1497.0,1.5,自然吸气,直列,4.0,,98.0,72.0,,125.0,,插电混动,92号(原93号),多点电喷,铝合金,国VI,电子无级变速箱,,电子无级变速箱(E-CVT),180.0,7.3,,三年或12万公里,永磁同步,158.0,330.0,158.0,330.0,,,,,磷酸铁锂电池,18.4,95.0,15.3,首任车主不限年限/里程(责任免除条款以官方为准),快充:0.32小时/慢充:6.0小时,30.0,4539,1865,1680,2656,,,,1655.0,SUV,5.0,5.0,,平开门,,,,,皮质,上下+前后,,,,,仿皮,,自动,,
sg30092,24203.0,长安启源,,长安启源,sg30092,长安启源Q05经典,pcauto_m130949,长安启源Q05经典 2025款 真香版 125 领航型,2025,插电混动,长安启源,紧凑型SUV,9.69,9.69万,,,1497.0,1.5,自然吸气,直列,4.0,,98.0,72.0,,125.0,,插电混动,92号(原93号),多点电喷,铝合金,国VI,电子无级变速箱,,电子无级变速箱(E-CVT),180.0,7.3,,三年或12万公里,永磁同步,158.0,330.0,158.0,330.0,,,,,磷酸铁锂电池,18.4,95.0,15.3,首任车主不限年限/里程(责任免除条款以官方为准),快充:0.32小时/慢充:6.0小时,30.0,4539,1865,1680,2656,,,,1655.0,SUV,5.0,5.0,,平开门,,,,,皮质,上下+前后,,,,,仿皮,,自动,,
sg30093,10696.0,五菱,,五菱,sg30093,五菱星光,pcauto_m134799,五菱星光 2025款 插混 70km 智能标准型,2023,插电混动,上汽通用五菱,中型车,7.98,7.98万,,,1498.0,1.5,自然吸气,直列,4.0,阿特金森循环,106.0,78.0,,130.0,,插电混动,92号(原93号),多点电喷,铸铁,国VI,电子无级变速箱,,电子无级变速箱(E-CVT),185.0,,,六年或15万公里,永磁同步,150.0,310.0,150.0,310.0,,,,,磷酸铁锂电池,9.5,50.0,11.1,首任车主不限年限/里程(责任免除条款以官方为准),快充:待定/慢充:3.5小时,30.0,4835,1860,1515,2800,,,,1605.0,三厢车,4.0,5.0,,平开门,,,,,皮质,上下+前后,,,,,仿皮,,自动,,
sg30093,72995.0,五菱,,五菱,sg30093,五菱星光,pcauto_m134799,五菱星光 2025款 插混 70km 智能标准型,2024,插电混动,上汽通用五菱,中型车,7.98,7.98万,,,1498.0,1.5,自然吸气,直列,4.0,阿特金森循环,106.0,78.0,,130.0,,插电混动,92号(原93号),多点电喷,铸铁,国VI,电子无级变速箱,,电子无级变速箱(E-CVT),185.0,,,六年或15万公里,永磁同步,150.0,310.0,150.0,310.0,,,,,磷酸铁锂电池,9.5,50.0,11.1,首任车主不限年限/里程(责任免除条款以官方为准),快充:待定/慢充:3.5小时,30.0,4835,1860,1515,2800,,,,1605.0,三厢车,4.0,5.0,,平开门,,,,,皮质,上下+前后,,,,,仿皮,,自动,,
sg30093,22859.0,五菱,,五菱,sg30093,五菱星光,pcauto_m134799,五菱星光 2025款 插混 70km 智能标准型,2025,插电混动,上汽通用五菱,中型车,7.98,7.98万,,,1498.0,1.5,自然吸气,直列,4.0,阿特金森循环,106.0,78.0,,130.0,,插电混动,92号(原93号),多点电喷,铸铁,国VI,电子无级变速箱,,电子无级变速箱(E-CVT),185.0,,,六年或15万公里,永磁同步,150.0,310.0,150.0,310.0,,,,,磷酸铁锂电池,9.5,50.0,11.1,首任车主不限年限/里程(责任免除条款以官方为准),快充:待定/慢充:3.5小时,30.0,4835,1860,1515,2800,,,,1605.0,三厢车,4.0,5.0,,平开门,,,,,皮质,上下+前后,,,,,仿皮,,自动,,
sg30093,2257.0,五菱,,五菱,sg30093,五菱星光,pcauto_m134799,五菱星光 2025款 插混 70km 智能标准型,2026,插电混动,上汽通用五菱,中型车,7.98,7.98万,,,1498.0,1.5,自然吸气,直列,4.0,阿特金森循环,106.0,78.0,,130.0,,插电混动,92号(原93号),多点电喷,铸铁,国VI,电子无级变速箱,,电子无级变速箱(E-CVT),185.0,,,六年或15万公里,永磁同步,150.0,310.0,150.0,310.0,,,,,磷酸铁锂电池,9.5,50.0,11.1,首任车主不限年限/里程(责任免除条款以官方为准),快充:待定/慢充:3.5小时,30.0,4835,1860,1515,2800,,,,1605.0,三厢车,4.0,5.0,,平开门,,,,,皮质,上下+前后,,,,,仿皮,,自动,,
sg30094,21712.0,ARCFOX极狐,176.0,ARCFOX极狐,9179,极狐 阿尔法S5,247641,560PRO 185kW,2024,纯电动,北汽新能源,中型车,12.78,12.78万,12.13万,10.28万,,,,,,,,,,,,纯电动,,,,,电动车单速变速箱,1.0,固定齿比变速箱,180.0,7.0,,3年或12万公里,永磁/同步,185.0,360.0,185.0,360.0,,,,,,,560.0,,,,,4820,1930,1480,2900,1643.0,1656.0,,1920.0,三厢车,4.0,5.0,430.0,平开门,主 / 副,前 / 后,,主 / 副,,上下+前后,,USB/Type-C,,46180,仿皮,前 / 后,自动,46180,纯电动
sg30094,33491.0,ARCFOX极狐,176.0,ARCFOX极狐,9179,极狐 阿尔法S5,247641,560PRO 185kW,2025,纯电动,北汽新能源,中型车,12.78,12.78万,12.13万,10.28万,,,,,,,,,,,,纯电动,,,,,电动车单速变速箱,1.0,固定齿比变速箱,180.0,7.0,,3年或12万公里,永磁/同步,185.0,360.0,185.0,360.0,,,,,,,560.0,,,,,4820,1930,1480,2900,1643.0,1656.0,,1920.0,三厢车,4.0,5.0,430.0,平开门,主 / 副,前 / 后,,主 / 副,,上下+前后,,USB/Type-C,,46180,仿皮,前 / 后,自动,46180,纯电动
sg30094,21457.0,ARCFOX极狐,176.0,ARCFOX极狐,9179,极狐 阿尔法S5,256985,增程版 1450悦享版,2026,增程式,北汽新能源,中型车,10.48,10.48万,暂无报价,9.98万,1498.0,1.5,自然吸气,L,4.0,,105.0,77.0,6000.0,132.0,4500,增程式,92#,多点电喷,铝,国VI b,电动车单速变速箱,1.0,固定齿比变速箱,180.0,6.5,,3年或12万公里,永磁/同步,200.0,365.0,,,200.0,365.0,,,,,175.0,,,,,4886,1930,1480,2900,1643.0,1656.0,120.0,1880.0,三厢车,4.0,5.0,430.0,平开门,主 / 副,前 / 后,,主 / 副,,上下+前后,,USB/Type-C,,46180,仿皮,前 / 后,自动,46180,增程式
sg30095,65256.0,方程豹,861.0,方程豹,9249,钛3,246786,501KM 后驱Pro版,2025,纯电动,方程豹,紧凑型SUV,13.38,13.38万,13.13万,13.38万,,,,,,,,,,,,纯电动,,,,,电动车单速变速箱,1.0,固定齿比变速箱,201.0,7.9,,6年或15万公里,永磁/同步,160.0,310.0,,,160.0,310.0,,,,,501.0,,,,,4605,1900,1720,2745,1634.0,1650.0,,1995.0,SUV,5.0,5.0,,平开门,主 / 副,前 / 后,,主 / 副,,上下+前后,大屏,USB/Type-C+SD卡槽,,46243,仿皮,前 / 后,自动,46243,纯电动
sg30095,24418.0,方程豹,861.0,方程豹,9249,钛3,255319,620KM 后驱闪充版,2026,纯电动,方程豹,紧凑型SUV,15.38,15.38万,15.42万,15.38万,,,,,,,,,,,,纯电动,,,,,电动车单速变速箱,1.0,固定齿比变速箱,210.0,7.3,,6年或15万公里,永磁/同步,240.0,305.0,,,240.0,305.0,,,,,620.0,,,,,4605,1900,1720,2745,1634.0,1650.0,,2080.0,SUV,5.0,5.0,,平开门,主 / 副,前 / 后,,主 / 副,,上下+前后,大屏,USB/Type-C+SD卡槽,,46243,仿皮,前 / 后,自动,46243,纯电动
sg30101,1964.0,方程豹,861.0,方程豹,9246,豹8,258810,闪充五座版,2026,插电混动,方程豹,中大型SUV,41.98,41.98万,暂无报价,41.98万,1997.0,2.0,涡轮增压,L,4.0,,272.0,200.0,,380.0,,插电式混合动力,92#,缸内直喷,铝,国VI,E-CVT无级变速,,电子无级变速箱(E-CVT),180.0,4.8,,6年或15万公里,永磁/同步,500.0,760.0,200.0,360.0,300.0,400.0,550.0,760.0,,,,,,,,5195,1994,1905,2920,1670.0,1670.0,220.0,,SUV,5.0,5.0,,平开门,主 / 副,前 / 后,,主 / 副,,上下+前后,大屏,USB/Type-C+SD卡槽,,12以上,真皮,前 / 后,自动,12以上,插电混动
sg30113,53757.0,零跑汽车,207.0,零跑汽车,9307,零跑C10,248016,增程式 210悦享版,2026,增程式,零跑汽车,中型SUV,12.28,12.28万,12.03万,12.08万,1499.0,1.5,自然吸气,L,4.0,,95.0,70.0,5200.0,135.0,3400,增程式,92#,多点电喷,铝,国VI b,电动车单速变速箱,1.0,固定齿比变速箱,170.0,7.68,,4年或12万公里,永磁/同步,170.0,320.0,,,170.0,320.0,,,,,140.0,,,,,4739,1900,1680,2825,1625.0,1620.0,150.0,1925.0,SUV,5.0,5.0,370.0,平开门,主 / 副,前 / 后,,主 / 副,,上下+前后,,USB/Type-C,,12以上,仿皮,前 / 后,自动,12以上,增程式
sg30113,,零跑汽车,207.0,零跑汽车,9307,零跑C10,259814,增程式 290智享版,2027,增程式,零跑汽车,中型SUV,12.58,12.58万,暂无报价,12.58万,,,,,,,,,,,,,,,,,,,,,,,4年或12万公里,,,,,,,,,,,,,,,,,4739,1900,1680,2825,,,,,SUV,,5.0,,,主 / 副,前 / 后,,主 / 副,,,,,,,,前 / 后,：,,增程式
sg30117,2016.0,江淮,882.0,江淮汽车,sg30117,江淮QX PHEV,99749,120km 献礼版,2023,插电混动,江汽集团,紧凑型SUV,8.99,8.99万,8.99万,8.99万,1498.0,1.5,自然吸气,L,4.0,阿特金森循环,110.0,81.0,6000.0,135.0,4500,插电式混合动力,92#,多点电喷,铝,国VI b,E-CVT无级变速,,电子无级变速箱(E-CVT),178.0,7.3,,3年或10万公里,永磁/同步,150.0,300.0,150.0,300.0,,,,,,,87.0,,,,,4605,1890,1700,2720,1605.0,1605.0,,1765.0,SUV,5.0,5.0,670.0,平开门,主 / 副,前 / 后,,主 / 副,,上下+前后,,USB/Type-C,,46117,织物,前 / 后,自动,46117,插电混动
sg30117,2043.0,江淮,882.0,江淮汽车,sg30117,江淮QX PHEV,99749,120km 献礼版,2024,插电混动,江汽集团,紧凑型SUV,8.99,8.99万,8.99万,8.99万,1498.0,1.5,自然吸气,L,4.0,阿特金森循环,110.0,81.0,6000.0,135.0,4500,插电式混合动力,92#,多点电喷,铝,国VI b,E-CVT无级变速,,电子无级变速箱(E-CVT),178.0,7.3,,3年或10万公里,永磁/同步,150.0,300.0,150.0,300.0,,,,,,,87.0,,,,,4605,1890,1700,2720,1605.0,1605.0,,1765.0,SUV,5.0,5.0,670.0,平开门,主 / 副,前 / 后,,主 / 副,,上下+前后,,USB/Type-C,,46117,织物,前 / 后,自动,46117,插电混动
sg30117,732.0,江淮,882.0,江淮汽车,sg30117,江淮QX PHEV,247111,120km 劲能版,2025,插电混动,江汽集团,紧凑型SUV,12.99,12.99万,暂无报价,12.99万,1498.0,1.5,自然吸气,L,4.0,阿特金森循环,110.0,81.0,6000.0,135.0,4500,插电式混合动力,92#,多点电喷,铝,国VI b,E-CVT无级变速,,电子无级变速箱(E-CVT),178.0,7.3,,3年或10万公里,永磁/同步,150.0,300.0,150.0,300.0,,,,,,,87.0,,,,,4605,1890,1700,2720,1605.0,1605.0,,1765.0,SUV,5.0,5.0,670.0,平开门,主 / 副,前 / 后,,主 / 副,,上下+前后,,USB/Type-C,,46117,仿皮,前 / 后,自动,46117,插电混动
sg30117,19.0,江淮,882.0,江淮汽车,sg30117,江淮QX PHEV,247111,120km 劲能版,2026,插电混动,江汽集团,紧凑型SUV,12.99,12.99万,暂无报价,12.99万,1498.0,1.5,自然吸气,L,4.0,阿特金森循环,110.0,81.0,6000.0,135.0,4500,插电式混合动力,92#,多点电喷,铝,国VI b,E-CVT无级变速,,电子无级变速箱(E-CVT),178.0,7.3,,3年或10万公里,永磁/同步,150.0,300.0,150.0,300.0,,,,,,,87.0,,,,,4605,1890,1700,2720,1605.0,1605.0,,1765.0,SUV,5.0,5.0,670.0,平开门,主 / 副,前 / 后,,主 / 副,,上下+前后,,USB/Type-C,,46117,仿皮,前 / 后,自动,46117,插电混动
sg30118,8814.0,福特,7.0,福特,9350,福特烈马,99525,2.3T 远湾,2024,燃油,江铃福特,中型SUV,29.98,29.98万,暂无报价,28.48万,2261.0,2.3,涡轮增压,L,4.0,,275.0,202.0,5500.0,429.0,2500,汽油,92#,缸内直喷,铝,国VI,10挡手自一体,10.0,手自一体变速箱(AT),169.0,,,3年或10万公里,,,,,,,,,,,,,,,,,4800,1990,1835,2950,1650.0,1650.0,237.0,2160.0,SUV,4.0,5.0,,平开门,主 / 副,前 / 后,,主 / 副,,上下+前后,,USB/Type-C,,46180,仿皮,前 / 后,自动,46180,燃油
sg30118,8891.0,福特,7.0,福特,9350,福特烈马,250777,2.3T 1966标准版,2025,燃油,江铃福特,中型SUV,38.66,38.66万,暂无报价,37.16万,2261.0,2.3,涡轮增压,L,4.0,,275.0,202.0,5500.0,429.0,2500,汽油,92#,缸内直喷,铝,国VI,10挡手自一体,10.0,手自一体变速箱(AT),169.0,,,3年或10万公里,,,,,,,,,,,,,,,,,4800,1990,1840,2950,1650.0,1650.0,242.0,2172.0,SUV,4.0,5.0,,平开门,主 / 副,前 / 后,,主 / 副,,上下+前后,,USB/Type-C,B&O,46306,真皮+仿皮,前 / 后,自动,46306,燃油
sg30118,2022.0,福特,7.0,福特,9350,福特烈马,255636,2.3T 远湾,2026,燃油,江铃福特,中型SUV,29.98,29.98万,暂无报价,28.48万,2261.0,2.3,涡轮增压,L,4.0,,275.0,202.0,5500.0,429.0,2500,汽油,92#,缸内直喷,铝,国VI,10挡手自一体,10.0,手自一体变速箱(AT),169.0,,,3年或10万公里,,,,,,,,,,,,,,,,,4800,1990,1835,2950,1650.0,1650.0,237.0,2160.0,SUV,4.0,5.0,,平开门,主 / 副,前 / 后,,主 / 副,,上下+前后,,USB/Type-C,,46180,仿皮,前 / 后,自动,46180,燃油
sg30119,1921.0,雪佛兰,6.0,雪佛兰,9693,探界者Plus,100830,1.5T 102km RS豪华版,2024,插电混动,上汽通用雪佛兰,中型SUV,14.99,14.99万,14.10万,14.99万,1498.0,1.5,涡轮增压,L,4.0,,180.0,132.0,5500.0,250.0,1500,插电式混合动力,92#,缸内直喷,铝,国VI,2挡DHT,2.0,,180.0,6.8,,3年或10万公里,永磁/同步,140.0,315.0,140.0,315.0,,,272.0,565.0,,,80.0,,,,,4653,1902,1714,2730,1626.0,1628.0,,1860.0,SUV,5.0,5.0,648.0,平开门,主 / 副,前 / 后,,主 / 副,,上下+前后,,USB/Type-C,,46180,仿皮,前 / 后,手动,46180,插电混动
sg30120,37338.0,东风纳米,,东风纳米,sg30120,纳米01,pcauto_m130321,纳米01 2024款 330 Air 焕新版,2024,纯电动,东风汽车,小型车,7.58,7.58万,,,,,,,,,,,,,,纯电动,,,,,固定齿比,1.0,固定齿比,140.0,,,,永磁同步,70.0,160.0,70.0,160.0,,,,,磷酸铁锂电池,31.45,330.0,10.6,首任车主不限年限/里程（责任免除条款以官方为准）,快充:0.5小时/慢充:待定,80.0,4020,1810,1570,2663,,,,1235.0,两厢车,5.0,5.0,,平开门,,,,,塑料,上下,,,,,仿皮,,手动,,
sg30120,39481.0,东风纳米,,东风纳米,sg30120,纳米01,pcauto_m132428,纳米01 2025款 330 青春版,2025,纯电动,东风汽车,小型车,6.58,6.58万,,,,,,,,,,,,,,纯电动,,,,,固定齿比,1.0,固定齿比,140.0,,,,永磁同步,70.0,160.0,70.0,160.0,,,,,磷酸铁锂电池,31.45,,10.6,首任车主不限年限/里程（责任免除条款以官方为准）,快充:0.5小时/慢充:待定,80.0,4020,1810,1570,2663,,,,1235.0,两厢车,5.0,5.0,,平开门,,,,,塑料,上下,,,,,织物,,手动,,
sg30120,13439.0,东风纳米,,东风纳米,sg30120,纳米01,pcauto_m137270,纳米01 2026款 初心款 330 Fly版,2026,纯电动,东风汽车,小型车,5.98,5.98万,,,,,,,,,,,,,,纯电动,,,,,固定齿比,1.0,固定齿比,140.0,,,,永磁同步,70.0,160.0,70.0,160.0,,,,,磷酸铁锂电池,31.45,,10.6,首任车主不限年限/里程（责任免除条款以官方为准）,快充:0.5小时/慢充:待定,30.0,4020,1810,1570,2663,,,,1235.0,两厢车,5.0,5.0,,平开门,,,,,塑料,上下,,,,,织物,,手动,,
sg30129,4900.0,荣威,36.0,荣威,9347,荣威D5X DMH,100803,135豪华版,2024,插电混动,上汽集团,紧凑型SUV,12.98,12.98万,10.84万,9.98万,1496.0,1.5,涡轮增压,L,4.0,,150.0,110.0,5500.0,235.0,2000,插电式混合动力,92#,缸内直喷,铝,国VI,2挡DHT,2.0,,200.0,6.9,,6年或15万公里,永磁/同步,145.0,350.0,145.0,350.0,,,,,,,105.0,,,,,4700,1890,1664,2765,1590.0,1584.0,,1880.0,SUV,5.0,5.0,507.0,平开门,主 / 副,前 / 后,,主 / 副,,上下+前后,,USB/Type-C,,46117,仿皮,前 / 后,自动,46117,插电混动
sg30129,3257.0,荣威,36.0,荣威,9347,荣威D5X DMH,100803,135豪华版,2025,插电混动,上汽集团,紧凑型SUV,12.98,12.98万,10.84万,9.98万,1496.0,1.5,涡轮增压,L,4.0,,150.0,110.0,5500.0,235.0,2000,插电式混合动力,92#,缸内直喷,铝,国VI,2挡DHT,2.0,,200.0,6.9,,6年或15万公里,永磁/同步,145.0,350.0,145.0,350.0,,,,,,,105.0,,,,,4700,1890,1664,2765,1590.0,1584.0,,1880.0,SUV,5.0,5.0,507.0,平开门,主 / 副,前 / 后,,主 / 副,,上下+前后,,USB/Type-C,,46117,仿皮,前 / 后,自动,46117,插电混动
sg30129,76.0,荣威,36.0,荣威,9347,荣威D5X DMH,100803,135豪华版,2026,插电混动,上汽集团,紧凑型SUV,12.98,12.98万,10.84万,9.98万,1496.0,1.5,涡轮增压,L,4.0,,150.0,110.0,5500.0,235.0,2000,插电式混合动力,92#,缸内直喷,铝,国VI,2挡DHT,2.0,,200.0,6.9,,6年或15万公里,永磁/同步,145.0,350.0,145.0,350.0,,,,,,,105.0,,,,,4700,1890,1664,2765,1590.0,1584.0,,1880.0,SUV,5.0,5.0,507.0,平开门,主 / 副,前 / 后,,主 / 副,,上下+前后,,USB/Type-C,,46117,仿皮,前 / 后,自动,46117,插电混动
sg30130,12186.0,日产,,日产,sg30130,PATHFINDER探陆,pcauto_m126681,PATHFINDER探陆 2024款 380 VC-TURBO 两驱智尚版 七座,2024,燃油,东风日产,中大型SUV,23.98,23.98万,,,1997.0,2.0,涡轮增压,直列,4.0,可变压缩比，带双C-VTC连续可变气门正时智能控制系统,252.0,185.0,,376.0,,汽油,95号(原97号),混合喷射,铝合金,国VI,手自一体,9.0,手自一体,190.0,,,三年或10万公里,,,,,,,,,,,,,,,,,5130,1981,1774,2900,,,,2011.0,SUV,5.0,7.0,,平开门,,,,,皮质,上下+前后,,,,,织物,,自动,,
sg30130,7103.0,日产,,日产,sg30130,PATHFINDER探陆,pcauto_m126681,PATHFINDER探陆 2024款 380 VC-TURBO 两驱智尚版 七座,2025,燃油,东风日产,中大型SUV,23.98,23.98万,,,1997.0,2.0,涡轮增压,直列,4.0,可变压缩比，带双C-VTC连续可变气门正时智能控制系统,252.0,185.0,,376.0,,汽油,95号(原97号),混合喷射,铝合金,国VI,手自一体,9.0,手自一体,190.0,,,三年或10万公里,,,,,,,,,,,,,,,,,5130,1981,1774,2900,,,,2011.0,SUV,5.0,7.0,,平开门,,,,,皮质,上下+前后,,,,,织物,,自动,,
sg30130,1338.0,日产,,日产,sg30130,PATHFINDER探陆,pcauto_m126681,PATHFINDER探陆 2024款 380 VC-TURBO 两驱智尚版 七座,2026,燃油,东风日产,中大型SUV,23.98,23.98万,,,1997.0,2.0,涡轮增压,直列,4.0,可变压缩比，带双C-VTC连续可变气门正时智能控制系统,252.0,185.0,,376.0,,汽油,95号(原97号),混合喷射,铝合金,国VI,手自一体,9.0,手自一体,190.0,,,三年或10万公里,,,,,,,,,,,,,,,,,5130,1981,1774,2900,,,,2011.0,SUV,5.0,7.0,,平开门,,,,,皮质,上下+前后,,,,,织物,,自动,,
sg30131,8904.0,昊铂,,昊铂,sg30131,昊铂HT,pcauto_m134335,昊铂HT 2025款 670 Pro,2025,纯电动,昊铂,中大型SUV,18.99,18.99万,,,,,,,,,,,,,,纯电动,,,,,固定齿比,1.0,固定齿比,183.0,5.8,,六年或15万公里,永磁同步,250.0,430.0,,,,,,,磷酸铁锂电池,83.3,672.0,12.8,首任车主不限年限/里程(责任免除条款以官方为准),快充:0.25小时/慢充:13.4小时,30.0,4935,1920,1700,2935,,,,2120.0,SUV,5.0,5.0,,平开门,,,,,皮质,上下+前后,,,,,真皮,,自动,,
sg30174,48580.0,小鹏,195.0,小鹏汽车,sg30174,小鹏MONA M03,248801,515 长续航 Plus版,2024,纯电动,小鹏汽车,紧凑型车,11.98,11.98万,11.98万,11.98万,,,,,,,,,,,,纯电动,,,,,电动车单速变速箱,1.0,固定齿比变速箱,155.0,7.8,,5年或12万公里,永磁/同步,140.0,225.0,140.0,225.0,,,,,,,515.0,,,,,4780,1896,1445,2815,1628.0,1628.0,122.0,1661.0,掀背车,5.0,5.0,600.0,平开门,主 / 副,前 / 后,,主 / 副,,上下+前后,,USB/Type-C,,46180,仿皮,前 / 后,自动,46180,纯电动
sg30174,175345.0,小鹏,195.0,小鹏汽车,sg30174,小鹏MONA M03,248801,515 长续航 Plus版,2025,纯电动,小鹏汽车,紧凑型车,11.98,11.98万,11.98万,11.98万,,,,,,,,,,,,纯电动,,,,,电动车单速变速箱,1.0,固定齿比变速箱,155.0,7.8,,5年或12万公里,永磁/同步,140.0,225.0,140.0,225.0,,,,,,,515.0,,,,,4780,1896,1445,2815,1628.0,1628.0,122.0,1661.0,掀背车,5.0,5.0,600.0,平开门,主 / 副,前 / 后,,主 / 副,,上下+前后,,USB/Type-C,,46180,仿皮,前 / 后,自动,46180,纯电动
sg30174,62312.0,小鹏,195.0,小鹏汽车,sg30174,小鹏MONA M03,257519,540 长续航 Plus版,2026,纯电动,小鹏汽车,紧凑型车,11.98,11.98万,12.02万,11.98万,,,,,,,,,,,,纯电动,,,,,电动车单速变速箱,1.0,固定齿比变速箱,170.0,7.4,,5年或12万公里,永磁/同步,160.0,250.0,160.0,250.0,,,,,,,540.0,,,,,4785,1896,1445,2815,1628.0,1628.0,122.0,1675.0,掀背车,5.0,5.0,600.0,平开门,主 / 副,前 / 后,,主 / 副,,上下+前后,,USB/Type-C,,46180,仿皮,前 / 后,自动,46180,纯电动
sg30195,910.0,江淮,882.0,江淮汽车,sg30195,江淮X8 PLUS,94663,1.5TGDI DCT智家版 5座,2024,燃油,江汽集团,中型SUV,10.98,10.98万,暂无报价,10.98万,1499.0,1.5,涡轮增压,L,4.0,DVVT,184.0,135.0,5500.0,300.0,1800,汽油,92#,缸内直喷,铁,国VI b,7挡双离合,7.0,湿式双离合变速箱（DCT）,160.0,,,3年或10万公里,,,,,,,,,,,,,,,,,4825,1870,1758,2830,1575.0,1590.0,170.0,1645.0,SUV,5.0,5.0,418.0,平开门,主 / 副,前 / 后,,主 / 副,,上下+前后,大屏,USB/Type-C,,46180,仿皮,前 / 后,手动,46180,燃油
sg30196,677.0,沃尔沃,24.0,沃尔沃,9262,沃尔沃EM90,92788,Ultra 六座,2024,纯电动,沃尔沃亚太,中大型MPV,81.8,81.80万,76.10万,62.80万,,,,,,,,,,,,纯电动,,,,,电动车单速变速箱,1.0,固定齿比变速箱,180.0,8.3,,6年不限里程,永磁/同步,200.0,343.0,,,200.0,343.0,,,,,738.0,,,,,5206,2024,1859,3205,1702.0,1714.0,148.0,2763.0,MPV,5.0,6.0,342.0,侧滑门,主 / 副,前 / 后,,主 / 副,,上下+前后,,USB/Type-C+HDMI,宝华韦健,12以上,真皮,前 / 后,自动,12以上,纯电动
sg30196,809.0,沃尔沃,24.0,沃尔沃,9262,沃尔沃EM90,92788,Ultra 六座,2025,纯电动,沃尔沃亚太,中大型MPV,81.8,81.80万,76.10万,62.80万,,,,,,,,,,,,纯电动,,,,,电动车单速变速箱,1.0,固定齿比变速箱,180.0,8.3,,6年不限里程,永磁/同步,200.0,343.0,,,200.0,343.0,,,,,738.0,,,,,5206,2024,1859,3205,1702.0,1714.0,148.0,2763.0,MPV,5.0,6.0,342.0,侧滑门,主 / 副,前 / 后,,主 / 副,,上下+前后,,USB/Type-C+HDMI,宝华韦健,12以上,真皮,前 / 后,自动,12以上,纯电动
sg30196,116.0,沃尔沃,24.0,沃尔沃,9262,沃尔沃EM90,92788,Ultra 六座,2026,纯电动,沃尔沃亚太,中大型MPV,81.8,81.80万,76.10万,62.80万,,,,,,,,,,,,纯电动,,,,,电动车单速变速箱,1.0,固定齿比变速箱,180.0,8.3,,6年不限里程,永磁/同步,200.0,343.0,,,200.0,343.0,,,,,738.0,,,,,5206,2024,1859,3205,1702.0,1714.0,148.0,2763.0,MPV,5.0,6.0,342.0,侧滑门,主 / 副,前 / 后,,主 / 副,,上下+前后,,USB/Type-C+HDMI,宝华韦健,12以上,真皮,前 / 后,自动,12以上,纯电动
sg30196,,沃尔沃,24.0,沃尔沃,9262,沃尔沃EM90,258020,Ultra 六座,2027,纯电动,沃尔沃亚太,中大型MPV,81.8,81.80万,暂无报价,62.80万,,,,,,,,,,,,纯电动,,,,,电动车单速变速箱,1.0,固定齿比变速箱,180.0,8.3,,6年不限里程,永磁/同步,200.0,343.0,,,200.0,343.0,,,,,738.0,,,,,5206,2024,1859,3205,1702.0,1714.0,148.0,2763.0,MPV,5.0,6.0,342.0,侧滑门,主 / 副,前 / 后,,主 / 副,,上下+前后,,USB/Type-C+HDMI,宝华韦健,12以上,真皮,前 / 后,自动,12以上,纯电动
sg30198,2193.0,吉利汽车,,吉利汽车,sg30198,星瑞L,pcauto_m125972,星瑞L 2024款 智擎 星云版,2023,油电混合,吉利汽车,紧凑型车,12.67,12.67万,,,1499.0,1.5,涡轮增压,直列,4.0,,163.0,120.0,,255.0,,油电混合,92号(原93号),直喷,铝合金,国VI,DHT变速箱,3.0,混合动力专用变速箱(DHT),200.0,7.5,,,永磁同步,100.0,320.0,100.0,320.0,,,,,三元锂电池,,,,,,,4825,1880,1469,2800,,,,1625.0,三厢车,4.0,5.0,,平开门,,,,,皮质,上下+前后,,,,,仿皮,,自动,,
sg30198,4737.0,吉利汽车,,吉利汽车,sg30198,星瑞L,pcauto_m125972,星瑞L 2024款 智擎 星云版,2024,油电混合,吉利汽车,紧凑型车,12.67,12.67万,,,1499.0,1.5,涡轮增压,直列,4.0,,163.0,120.0,,255.0,,油电混合,92号(原93号),直喷,铝合金,国VI,DHT变速箱,3.0,混合动力专用变速箱(DHT),200.0,7.5,,,永磁同步,100.0,320.0,100.0,320.0,,,,,三元锂电池,,,,,,,4825,1880,1469,2800,,,,1625.0,三厢车,4.0,5.0,,平开门,,,,,皮质,上下+前后,,,,,仿皮,,自动,,
sg30198,1200.0,吉利汽车,,吉利汽车,sg30198,星瑞L,pcauto_m125972,星瑞L 2024款 智擎 星云版,2025,油电混合,吉利汽车,紧凑型车,12.67,12.67万,,,1499.0,1.5,涡轮增压,直列,4.0,,163.0,120.0,,255.0,,油电混合,92号(原93号),直喷,铝合金,国VI,DHT变速箱,3.0,混合动力专用变速箱(DHT),200.0,7.5,,,永磁同步,100.0,320.0,100.0,320.0,,,,,三元锂电池,,,,,,,4825,1880,1469,2800,,,,1625.0,三厢车,4.0,5.0,,平开门,,,,,皮质,上下+前后,,,,,仿皮,,自动,,
sg30198,2324.0,吉利汽车,,吉利汽车,sg30198,星瑞L,pcauto_m125972,星瑞L 2024款 智擎 星云版,2026,油电混合,吉利汽车,紧凑型车,12.67,12.67万,,,1499.0,1.5,涡轮增压,直列,4.0,,163.0,120.0,,255.0,,油电混合,92号(原93号),直喷,铝合金,国VI,DHT变速箱,3.0,混合动力专用变速箱(DHT),200.0,7.5,,,永磁同步,100.0,320.0,100.0,320.0,,,,,三元锂电池,,,,,,,4825,1880,1469,2800,,,,1625.0,三厢车,4.0,5.0,,平开门,,,,,皮质,上下+前后,,,,,仿皮,,自动,,
sg30202,413.0,灵悉,901.0,灵悉,9428,灵悉L,253160,头号玩家版+超级加倍选装包,2024,纯电动,东风本田,中型车,14.98,14.98万,8.00万,8.98万,,,,,,,,,,,,纯电动,,,,,电动车单速变速箱,1.0,固定齿比变速箱,160.0,6.9,,3年或10万公里,永磁/同步,160.0,310.0,160.0,310.0,,,,,,,520.0,,,,,4830,1845,1503,2731,1575.0,1605.0,,1697.0,三厢车,4.0,5.0,502.0,平开门,主 / 副,前 / 后,,主 / 副,,上下+前后,,USB/Type-C,,46180,仿皮,前 / 后,自动,46180,纯电动
sg30202,3633.0,灵悉,901.0,灵悉,9428,灵悉L,253160,头号玩家版+超级加倍选装包,2025,纯电动,东风本田,中型车,14.98,14.98万,8.00万,8.98万,,,,,,,,,,,,纯电动,,,,,电动车单速变速箱,1.0,固定齿比变速箱,160.0,6.9,,3年或10万公里,永磁/同步,160.0,310.0,160.0,310.0,,,,,,,520.0,,,,,4830,1845,1503,2731,1575.0,1605.0,,1697.0,三厢车,4.0,5.0,502.0,平开门,主 / 副,前 / 后,,主 / 副,,上下+前后,,USB/Type-C,,46180,仿皮,前 / 后,自动,46180,纯电动
sg30202,214.0,灵悉,901.0,灵悉,9428,灵悉L,253160,头号玩家版+超级加倍选装包,2026,纯电动,东风本田,中型车,14.98,14.98万,8.00万,8.98万,,,,,,,,,,,,纯电动,,,,,电动车单速变速箱,1.0,固定齿比变速箱,160.0,6.9,,3年或10万公里,永磁/同步,160.0,310.0,160.0,310.0,,,,,,,520.0,,,,,4830,1845,1503,2731,1575.0,1605.0,,1697.0,三厢车,4.0,5.0,502.0,平开门,主 / 副,前 / 后,,主 / 副,,上下+前后,,USB/Type-C,,46180,仿皮,前 / 后,自动,46180,纯电动
sg30206,0.0,吉利汽车,,吉利汽车,sg30206,星越L 智擎,pcauto_m127237,星越L 智擎 2024款 星云版,2024,油电混合,吉利汽车,紧凑型SUV,15.97,15.97万,,,1499.0,1.5,涡轮增压,直列,4.0,米勒循环,163.0,120.0,,255.0,,油电混合,92号(原93号),直喷,铝合金,国VI,DHT变速箱,3.0,混合动力专用变速箱(DHT),190.0,7.9,,,永磁同步,100.0,320.0,100.0,320.0,,,,,三元锂电池,,,,,,,4795,1895,1689,2845,,,,1775.0,SUV,5.0,5.0,,平开门,,,,,皮质,上下+前后,,,,,仿皮,,自动,,
sg30206,2744.0,吉利汽车,,吉利汽车,sg30206,星越L 智擎,pcauto_m127237,星越L 智擎 2024款 星云版,2025,油电混合,吉利汽车,紧凑型SUV,15.97,15.97万,,,1499.0,1.5,涡轮增压,直列,4.0,米勒循环,163.0,120.0,,255.0,,油电混合,92号(原93号),直喷,铝合金,国VI,DHT变速箱,3.0,混合动力专用变速箱(DHT),190.0,7.9,,,永磁同步,100.0,320.0,100.0,320.0,,,,,三元锂电池,,,,,,,4795,1895,1689,2845,,,,1775.0,SUV,5.0,5.0,,平开门,,,,,皮质,上下+前后,,,,,仿皮,,自动,,
sg30206,5010.0,吉利汽车,,吉利汽车,sg30206,星越L 智擎,pcauto_m133728,星越L 智擎 2026款 i-HEV智擎混动 凌云版,2026,油电混合,吉利汽车,紧凑型SUV,14.57,14.57万,,,1499.0,1.5,涡轮增压,直列,4.0,,163.0,120.0,,255.0,,油电混合,92号(原93号),直喷,铝合金,国VI,DHT变速箱,1.0,混合动力专用变速箱(DHT),180.0,8.3,,五年或15万公里,永磁同步,175.0,262.0,175.0,262.0,,,,,三元锂电池,,,,,,,4795,1895,1689,2845,,,,1700.0,SUV,5.0,5.0,,平开门,,,,,皮质,上下+前后,,,,,仿皮,,自动,,
sg30207,26689.0,东风奕派,,东风奕派,sg30207,eπ007,pcauto_m134665,eπ007 2025款 纯电 550 Air巡航版,2024,纯电动,东风乘用车,中大型车,11.59,11.59万,,,,,,,,,,,,,,纯电动,,,,,固定齿比,1.0,固定齿比,171.0,6.8,,三年或10万公里,永磁同步,160.0,310.0,,,,,,,磷酸铁锂电池,58.35,550.0,11.9,首任车主不限年限/里程（责任免除条款以官方为准）,快充:0.27小时/慢充:待定,30.0,4880,1895,1470,2915,,,,1759.0,掀背车,5.0,5.0,,平开门,,,,,皮质,上下+前后,,,,,仿皮,,自动,,
sg30207,23904.0,东风奕派,,东风奕派,sg30207,eπ007,pcauto_m134665,eπ007 2025款 纯电 550 Air巡航版,2025,纯电动,东风乘用车,中大型车,11.59,11.59万,,,,,,,,,,,,,,纯电动,,,,,固定齿比,1.0,固定齿比,171.0,6.8,,三年或10万公里,永磁同步,160.0,310.0,,,,,,,磷酸铁锂电池,58.35,550.0,11.9,首任车主不限年限/里程（责任免除条款以官方为准）,快充:0.27小时/慢充:待定,30.0,4880,1895,1470,2915,,,,1759.0,掀背车,5.0,5.0,,平开门,,,,,皮质,上下+前后,,,,,仿皮,,自动,,
sg30207,6100.0,东风奕派,,东风奕派,sg30207,eπ007,pcauto_m135547,eπ007 2026款 007+ 增程 308 Ultra+激光雷达版,2026,增程式,东风乘用车,中大型车,14.49,14.49万,,,1497.0,1.5,自然吸气,直列,4.0,,105.0,77.0,,137.0,,增程式,92号(原93号),直喷,铝合金,国VI,固定齿比,1.0,固定齿比,171.0,7.5,,三年或10万公里,永磁同步,160.0,310.0,,,,,,,磷酸铁锂电池,35.03,225.0,13.1,首任车主不限年限/里程（责任免除条款以官方为准）,快充:0.2小时/慢充:待定,30.0,4880,1915,1476,2915,,,,1916.0,掀背车,5.0,5.0,,平开门,,,,,真皮,上下+前后,,,,,仿皮,,自动,,
sg30262,51014.0,奇瑞风云,10409.0,奇瑞风云,8985,风云A9L,241159,260超长续航豪华版,2025,插电混动,奇瑞汽车,中大型车,14.99,14.99万,14.32万,13.49万,1499.0,1.5,涡轮增压,L,4.0,米勒循环,156.0,115.0,5200.0,220.0,2500,插电式混合动力,92#,缸内直喷,铝,国VI b,1挡DHT,1.0,,180.0,7.9,,3年或10万公里,永磁/同步,160.0,310.0,160.0,310.0,,,275.0,530.0,,,193.0,,,,,5018,1965,1500,3000,1694.0,1699.0,119.0,2085.0,三厢车,4.0,5.0,405.0,平开门,主 / 副,前 / 后,,主 / 副,,上下+前后,,USB/Type-C,,46243,仿皮,前 / 后,自动,46243,插电混动
sg30262,13354.0,奇瑞风云,10409.0,奇瑞风云,8985,风云A9L,241159,260超长续航豪华版,2026,插电混动,奇瑞汽车,中大型车,14.99,14.99万,14.32万,13.49万,1499.0,1.5,涡轮增压,L,4.0,米勒循环,156.0,115.0,5200.0,220.0,2500,插电式混合动力,92#,缸内直喷,铝,国VI b,1挡DHT,1.0,,180.0,7.9,,3年或10万公里,永磁/同步,160.0,310.0,160.0,310.0,,,275.0,530.0,,,193.0,,,,,5018,1965,1500,3000,1694.0,1699.0,119.0,2085.0,三厢车,4.0,5.0,405.0,平开门,主 / 副,前 / 后,,主 / 副,,上下+前后,,USB/Type-C,,46243,仿皮,前 / 后,自动,46243,插电混动
sg30267,496.0,江淮瑞风,512.0,江淮瑞风,8950,瑞风RF8,96036,2.0T 智聆版尊贵型,2024,燃油,江汽集团,中大型MPV,16.99,16.99万,13.99万,15.49万,1998.0,2.0,涡轮增压,L,4.0,DVVT,253.0,186.0,5500.0,400.0,1900,汽油,92#,缸内直喷,铁,国VI b,8挡自动,8.0,自动变速箱(AT),200.0,9.8,,5年或10万公里,,,,,,,,,,,,,,,,,5215,1895,1830,3100,1611.0,1623.0,130.0,2110.0,MPV,5.0,7.0,700.0,侧滑门,主 / 副,前 / 后,,主 / 副,,上下+前后,,USB/Type-C,,46243,仿皮,前 / 后,自动,46243,燃油
sg30267,301.0,江淮瑞风,512.0,江淮瑞风,8950,瑞风RF8,250419,2.0T 智聆版旅行版,2025,燃油,江汽集团,中大型MPV,18.99,18.99万,18.99万,17.99万,1998.0,2.0,涡轮增压,L,4.0,DVVT,253.0,186.0,5500.0,400.0,1900,汽油,92#,缸内直喷,铁,国VI b,8挡自动,8.0,自动变速箱(AT),200.0,9.8,,5年或10万公里,,,,,,,,,,,,,,,,,5215,1895,1830,3100,1611.0,1623.0,130.0,2110.0,MPV,5.0,7.0,700.0,侧滑门,主 / 副,前 / 后,,主 / 副,,上下+前后,,USB/Type-C,,46243,仿皮,前 / 后,自动,46243,燃油
sg30267,104.0,江淮瑞风,512.0,江淮瑞风,8950,瑞风RF8,250419,2.0T 智聆版旅行版,2026,燃油,江汽集团,中大型MPV,18.99,18.99万,18.99万,17.99万,1998.0,2.0,涡轮增压,L,4.0,DVVT,253.0,186.0,5500.0,400.0,1900,汽油,92#,缸内直喷,铁,国VI b,8挡自动,8.0,自动变速箱(AT),200.0,9.8,,5年或10万公里,,,,,,,,,,,,,,,,,5215,1895,1830,3100,1611.0,1623.0,130.0,2110.0,MPV,5.0,7.0,700.0,侧滑门,主 / 副,前 / 后,,主 / 副,,上下+前后,,USB/Type-C,,46243,仿皮,前 / 后,自动,46243,燃油
sg30271,8021.0,奇瑞风云,10409.0,奇瑞风云,9436,风云T11,252774,220后驱 伯牙巨幕奢享版,2026,增程式,奇瑞汽车,大型SUV,18.99,18.99万,17.73万,17.69万,1499.0,1.5,涡轮增压,L,4.0,米勒循环,156.0,115.0,5200.0,220.0,2500,增程式,92#,缸内直喷,铝,国VI b,电动车单速变速箱,1.0,固定齿比变速箱,180.0,9.3,,3年或10万公里,永磁/同步,195.0,324.0,,,195.0,324.0,,,,,170.0,,,,,5205,1998,1800,3120,1704.0,1706.0,150.0,2452.0,SUV,5.0,6.0,798.0,平开门,主 / 副,前 / 后,,主 / 副,,上下+前后,,USB/Type-C+SD卡槽,,12以上,仿皮,前 / 后,自动,12以上,增程式
sg30273,39376.0,比亚迪,16.0,比亚迪,6068,海狮07EV,245041,550智航版,2024,纯电动,比亚迪,中型SUV,18.98,18.98万,17.53万,18.18万,,,,,,,,,,,,纯电动,,,,,电动车单速变速箱,1.0,固定齿比变速箱,210.0,7.3,,6年或15万公里,永磁/同步,170.0,380.0,,,170.0,380.0,,,,,550.0,,80,,,4830,1925,1620,2930,1660.0,1660.0,,2155.0,SUV,5.0,5.0,500.0,平开门,主 / 副,前 / 后,,主 / 副,,上下+前后,,USB/Type-C+SD卡槽,丹拿,12以上,仿皮,前 / 后,自动,12以上,纯电动
sg30273,23991.0,比亚迪,16.0,比亚迪,6068,海狮07EV,245041,550智航版,2025,纯电动,比亚迪,中型SUV,18.98,18.98万,17.53万,18.18万,,,,,,,,,,,,纯电动,,,,,电动车单速变速箱,1.0,固定齿比变速箱,210.0,7.3,,6年或15万公里,永磁/同步,170.0,380.0,,,170.0,380.0,,,,,550.0,,80,,,4830,1925,1620,2930,1660.0,1660.0,,2155.0,SUV,5.0,5.0,500.0,平开门,主 / 副,前 / 后,,主 / 副,,上下+前后,,USB/Type-C+SD卡槽,丹拿,12以上,仿皮,前 / 后,自动,12以上,纯电动
sg30273,977.0,比亚迪,16.0,比亚迪,6068,海狮07EV,245041,550智航版,2026,纯电动,比亚迪,中型SUV,18.98,18.98万,17.53万,18.18万,,,,,,,,,,,,纯电动,,,,,电动车单速变速箱,1.0,固定齿比变速箱,210.0,7.3,,6年或15万公里,永磁/同步,170.0,380.0,,,170.0,380.0,,,,,550.0,,80,,,4830,1925,1620,2930,1660.0,1660.0,,2155.0,SUV,5.0,5.0,500.0,平开门,主 / 副,前 / 后,,主 / 副,,上下+前后,,USB/Type-C+SD卡槽,丹拿,12以上,仿皮,前 / 后,自动,12以上,纯电动
sg30301,134839.0,比亚迪,16.0,比亚迪,9689,元UP,250340,301KM领航型,2024,纯电动,比亚迪,小型SUV,7.48,7.48万,6.86万,6.98万,,,,,,,,,,,,纯电动,,,,,电动车单速变速箱,1.0,固定齿比变速箱,150.0,12.0,,6年或15万公里,永磁/同步,70.0,180.0,70.0,180.0,,,,,,,301.0,,,,,4310,1830,1675,2620,1570.0,1570.0,,1430.0,SUV,5.0,5.0,1320.0,平开门,主 / 副,前 / 后,,主 / 副,,上下+前后,,USB/Type-C,,46117,仿皮,前 / 后,自动,46117,纯电动
sg30301,189277.0,比亚迪,16.0,比亚迪,9689,元UP,250340,301KM领航型,2025,纯电动,比亚迪,小型SUV,7.48,7.48万,6.86万,6.98万,,,,,,,,,,,,纯电动,,,,,电动车单速变速箱,1.0,固定齿比变速箱,150.0,12.0,,6年或15万公里,永磁/同步,70.0,180.0,70.0,180.0,,,,,,,301.0,,,,,4310,1830,1675,2620,1570.0,1570.0,,1430.0,SUV,5.0,5.0,1320.0,平开门,主 / 副,前 / 后,,主 / 副,,上下+前后,,USB/Type-C,,46117,仿皮,前 / 后,自动,46117,纯电动
sg30301,82670.0,比亚迪,16.0,比亚迪,9689,元UP,250340,301KM领航型,2026,纯电动,比亚迪,小型SUV,7.48,7.48万,6.86万,6.98万,,,,,,,,,,,,纯电动,,,,,电动车单速变速箱,1.0,固定齿比变速箱,150.0,12.0,,6年或15万公里,永磁/同步,70.0,180.0,70.0,180.0,,,,,,,301.0,,,,,4310,1830,1675,2620,1570.0,1570.0,,1430.0,SUV,5.0,5.0,1320.0,平开门,主 / 副,前 / 后,,主 / 副,,上下+前后,,USB/Type-C,,46117,仿皮,前 / 后,自动,46117,纯电动
sg30302,454.0,丰田,5.0,丰田,9668,铂智4X,242545,615 AIR版,2023,纯电动,广汽丰田,中型SUV,17.98,17.98万,暂无报价,16.98万,,,,,,,,,,,,纯电动,,,,,电动车单速变速箱,1.0,固定齿比变速箱,160.0,,,3年或10万公里,永磁/同步,150.0,266.3,150.0,266.3,,,,,,,615.0,,80,,,4690,1860,1650,2850,1600.0,1610.0,,1865.0,SUV,5.0,5.0,452.0,平开门,主 / 副,前 / 后,,主 / 副,,上下+前后,,USB/Type-C,,46180,皮织混搭,前 / 后,自动,46180,纯电动
sg30302,5305.0,丰田,5.0,丰田,9668,铂智4X,242545,615 AIR版,2024,纯电动,广汽丰田,中型SUV,17.98,17.98万,暂无报价,16.98万,,,,,,,,,,,,纯电动,,,,,电动车单速变速箱,1.0,固定齿比变速箱,160.0,,,3年或10万公里,永磁/同步,150.0,266.3,150.0,266.3,,,,,,,615.0,,80,,,4690,1860,1650,2850,1600.0,1610.0,,1865.0,SUV,5.0,5.0,452.0,平开门,主 / 副,前 / 后,,主 / 副,,上下+前后,,USB/Type-C,,46180,皮织混搭,前 / 后,自动,46180,纯电动
sg30302,1323.0,丰田,5.0,丰田,9668,铂智4X,242545,615 AIR版,2025,纯电动,广汽丰田,中型SUV,17.98,17.98万,暂无报价,16.98万,,,,,,,,,,,,纯电动,,,,,电动车单速变速箱,1.0,固定齿比变速箱,160.0,,,3年或10万公里,永磁/同步,150.0,266.3,150.0,266.3,,,,,,,615.0,,80,,,4690,1860,1650,2850,1600.0,1610.0,,1865.0,SUV,5.0,5.0,452.0,平开门,主 / 副,前 / 后,,主 / 副,,上下+前后,,USB/Type-C,,46180,皮织混搭,前 / 后,自动,46180,纯电动
sg30302,333.0,丰田,5.0,丰田,9668,铂智4X,242545,615 AIR版,2026,纯电动,广汽丰田,中型SUV,17.98,17.98万,暂无报价,16.98万,,,,,,,,,,,,纯电动,,,,,电动车单速变速箱,1.0,固定齿比变速箱,160.0,,,3年或10万公里,永磁/同步,150.0,266.3,150.0,266.3,,,,,,,615.0,,80,,,4690,1860,1650,2850,1600.0,1610.0,,1865.0,SUV,5.0,5.0,452.0,平开门,主 / 副,前 / 后,,主 / 副,,上下+前后,,USB/Type-C,,46180,皮织混搭,前 / 后,自动,46180,纯电动
sg30321,0.0,蔚来,112.0,蔚来,9707,蔚来ET9,96765,102kWh,2025,纯电动,蔚来,大型车,76.8,76.80万,暂无报价,76.80万,,,,,,,,,,,,纯电动,,,,,电动车单速变速箱,1.0,固定齿比变速箱,220.0,4.1,,3年或12万公里,前感应/异步后永磁/同步,520.0,700.0,180.0,300.0,340.0,400.0,,,,,650.0,,80,,,5325,2017,1621,3250,1731.0,1758.0,200.0,2700.0,三厢车,4.0,4.0,544.0,平开门,主 / 副,前 / 后,,主 / 副,,上下+前后,,USB/Type-C,,12以上,真皮,前 / 后,自动,12以上,纯电动
sg30321,278.0,蔚来,112.0,蔚来,9707,蔚来ET9,96765,102kWh,2026,纯电动,蔚来,大型车,76.8,76.80万,暂无报价,76.80万,,,,,,,,,,,,纯电动,,,,,电动车单速变速箱,1.0,固定齿比变速箱,220.0,4.1,,3年或12万公里,前感应/异步后永磁/同步,520.0,700.0,180.0,300.0,340.0,400.0,,,,,650.0,,80,,,5325,2017,1621,3250,1731.0,1758.0,200.0,2700.0,三厢车,4.0,4.0,544.0,平开门,主 / 副,前 / 后,,主 / 副,,上下+前后,,USB/Type-C,,12以上,真皮,前 / 后,自动,12以上,纯电动
sg30322,85785.0,长安,35.0,长安,9683,长安X5 PLUS,250816,1.5L 手动豪华版,2025,燃油,长安汽车,紧凑型SUV,6.99,6.99万,5.85万,5.99万,1494.0,1.5,自然吸气,L,4.0,DVVT,110.0,81.0,6000.0,152.0,4000,汽油,92#,缸内直喷,铝,国VI b,5挡手动,5.0,手动变速箱(MT),160.0,14.2,,3年或10万公里,,,,,,,,,,,,,,,,,4540,1860,1620,2715,1580.0,1570.0,161.0,1300.0,SUV,5.0,5.0,584.0,平开门,主 / 副,前 / 后,,主 / 副,,上下+前后,,USB/Type-C,,46117,织物,前 / 后,自动,46117,燃油
sg30322,50256.0,长安,35.0,长安,9683,长安X5 PLUS,250816,1.5L 手动豪华版,2026,燃油,长安汽车,紧凑型SUV,6.99,6.99万,5.85万,5.99万,1494.0,1.5,自然吸气,L,4.0,DVVT,110.0,81.0,6000.0,152.0,4000,汽油,92#,缸内直喷,铝,国VI b,5挡手动,5.0,手动变速箱(MT),160.0,14.2,,3年或10万公里,,,,,,,,,,,,,,,,,4540,1860,1620,2715,1580.0,1570.0,161.0,1300.0,SUV,5.0,5.0,584.0,平开门,主 / 副,前 / 后,,主 / 副,,上下+前后,,USB/Type-C,,46117,织物,前 / 后,自动,46117,燃油
sg30323,,长安,35.0,长安,9684,长安X7 PLUS,97446,1.5T 手动舒享型5座,2024,燃油,长安汽车,紧凑型SUV,9.39,9.39万,暂无报价,7.79万,1494.0,1.5,涡轮增压,L,4.0,,170.0,125.0,5500.0,260.0,1500,汽油,92#,缸内直喷,铝,国VI,6挡手动,6.0,手动变速箱(MT),190.0,,,3年或10万公里,,,,,,,,,,,,,,,,,4745,1870,1720,2786,1590.0,1590.0,,1500.0,SUV,5.0,5.0,,平开门,主 / 副,前 / 后,,主 / 副,,上下+前后,,USB/Type-C,,46117,仿皮,前 / 后,手动,46117,燃油
sg30345,10325.0,深蓝汽车,515.0,深蓝汽车,9211,深蓝G318,247534,无忧穿越版 四驱远山版,2025,增程式,深蓝汽车,中大型SUV,19.99,19.99万,17.44万,19.49万,1497.0,1.5,涡轮增压,L,4.0,,150.0,110.0,5000.0,220.0,3200,增程式,92#,缸内直喷,铝,国VI,电动车单速变速箱,1.0,固定齿比变速箱,185.0,5.9,,3年或12万公里,前交流/异步后永磁/同步,316.0,572.0,131.0,262.0,185.0,310.0,316.0,572.0,,,138.0,,,,,5125,2025,1950,2880,1730.0,1727.0,210.0,2452.0,SUV,5.0,5.0,818.0,平开门,主 / 副,前 / 后,,主 / 副,,上下+前后,,USB/Type-C+SD卡槽,,12以上,,前 / 后,自动,12以上,增程式
sg30345,2652.0,深蓝汽车,515.0,深蓝汽车,9211,深蓝G318,257200,无忧穿越版 四驱旷野版,2026,增程式,深蓝汽车,中大型SUV,18.59,18.59万,暂无报价,17.99万,1497.0,1.5,涡轮增压,L,4.0,,150.0,110.0,5000.0,220.0,3200,增程式,92#,缸内直喷,铝,国VI,电动车单速变速箱,1.0,固定齿比变速箱,185.0,5.9,,3年或12万公里,前交流/异步后永磁/同步,316.0,572.0,131.0,262.0,185.0,310.0,316.0,572.0,,,138.0,,,,,5125,2025,1895,2880,1730.0,1727.0,210.0,2452.0,SUV,5.0,5.0,818.0,平开门,主 / 副,前 / 后,,主 / 副,,上下+前后,,USB/Type-C+SD卡槽,,46243,,前 / 后,自动,46243,增程式
sg30346,2615.0,江淮钇为,871.0,江淮钇为,9792,爱跑,99295,改款 爱跑T 尊享版460,2024,纯电动,江汽集团,紧凑型车,15.29,15.29万,暂无报价,15.29万,,,,,,,,,,,,纯电动,,,,,电动车单速变速箱,1.0,固定齿比变速箱,150.0,9.0,,3年或12万公里,永磁/同步,130.0,230.0,130.0,230.0,,,,,,,460.0,,80,,,4770,1820,1510,2760,1555.0,1550.0,130.0,1625.0,掀背车,5.0,5.0,540.0,平开门,主 / 副,前 / 后,,主 / 副,,上下,,USB/Type-C,,46117,仿皮,前 / 后,自动,46117,纯电动
sg30346,2338.0,江淮钇为,871.0,江淮钇为,9792,爱跑,99295,改款 爱跑T 尊享版460,2025,纯电动,江汽集团,紧凑型车,15.29,15.29万,暂无报价,15.29万,,,,,,,,,,,,纯电动,,,,,电动车单速变速箱,1.0,固定齿比变速箱,150.0,9.0,,3年或12万公里,永磁/同步,130.0,230.0,130.0,230.0,,,,,,,460.0,,80,,,4770,1820,1510,2760,1555.0,1550.0,130.0,1625.0,掀背车,5.0,5.0,540.0,平开门,主 / 副,前 / 后,,主 / 副,,上下,,USB/Type-C,,46117,仿皮,前 / 后,自动,46117,纯电动
sg30346,59.0,江淮钇为,871.0,江淮钇为,9792,爱跑,99295,改款 爱跑T 尊享版460,2026,纯电动,江汽集团,紧凑型车,15.29,15.29万,暂无报价,15.29万,,,,,,,,,,,,纯电动,,,,,电动车单速变速箱,1.0,固定齿比变速箱,150.0,9.0,,3年或12万公里,永磁/同步,130.0,230.0,130.0,230.0,,,,,,,460.0,,80,,,4770,1820,1510,2760,1555.0,1550.0,130.0,1625.0,掀背车,5.0,5.0,540.0,平开门,主 / 副,前 / 后,,主 / 副,,上下,,USB/Type-C,,46117,仿皮,前 / 后,自动,46117,纯电动
sg30347,9532.0,MINI,65.0,MINI,9793,电动MINI COOPER,252754,COOPER E 经典派,2025,纯电动,光束汽车,小型车,20.98,20.98万,暂无报价,15.38万,,,,,,,,,,,,纯电动,,,,,电动车单速变速箱,1.0,固定齿比变速箱,160.0,8.1,,3年或10万公里,永磁/同步,135.0,290.0,135.0,290.0,,,,,,,466.0,,,,,3858,1756,1458,2526,1618.0,1615.0,,1605.0,两厢车,3.0,4.0,210.0,平开门,主 / 副,前 / 后,,主 / 副,,上下+前后,,USB/Type-C,,46180,皮织混搭,前 / 后,自动,46180,纯电动
sg30347,0.0,MINI,65.0,MINI,9793,电动MINI COOPER,254569,COOPER E 经典派,2026,纯电动,光束汽车,小型车,20.98,20.98万,暂无报价,15.38万,,,,,,,,,,,,纯电动,,,,,电动车单速变速箱,1.0,固定齿比变速箱,160.0,8.1,,3年或10万公里,永磁/同步,135.0,290.0,135.0,290.0,,,,,,,466.0,,,,,3858,1756,1458,2526,1618.0,1615.0,,1605.0,两厢车,3.0,4.0,210.0,平开门,主 / 副,前 / 后,,主 / 副,,上下+前后,,USB/Type-C,,46180,皮织混搭,前 / 后,自动,46180,纯电动
sg30353,26200.0,五菱,39.0,五菱汽车,sg30353,五菱缤果PLUS,238707,330km 五座版,2024,插电混动,上汽通用五菱,小型SUV,7.58,7.58万,7.27万,6.98万,,,,,,,,,,,,纯电动,,,,,电动车单速变速箱,1.0,固定齿比变速箱,140.0,,,4年或15万公里,永磁/同步,75.0,180.0,75.0,180.0,,,,,,,330.0,,,,,4090,1720,1575,2610,1492.0,1485.0,119.0,1190.0,SUV,5.0,5.0,1450.0,平开门,主 / 副,前 / 后,,主 / 副,,上下,,USB/Type-C,,46117,,前 / 后,手动,46117,插电混动
sg30354,3066.0,宝骏,,宝骏,sg30354,宝骏悦也Plus,pcauto_m134671,宝骏悦也Plus 2026款 301km 旗舰版,2026,纯电动,上汽通用五菱,小型SUV,7.68,7.68万,,,,,,,,,,,,,,纯电动,,,,,固定齿比,1.0,固定齿比,150.0,,,,永磁同步,75.0,180.0,75.0,180.0,,,,,磷酸铁锂电池,32.0,301.0,,不限年限/不限里程(责任免除条款以官方为准),快充:0.58小时/慢充:4.5小时,30.0,3996,1760,1726,2560,,,,1255.0,SUV,5.0,5.0,,平开门,,,,,皮质,上下,,,,,仿皮,,自动,,
sg30355,1328.0,红旗,59.0,红旗,8835,红旗天工08,246902,605 后驱先锋版,2024,插电混动,一汽红旗,中大型SUV,21.59,21.59万,18.41万,17.32万,,,,,,,,,,,,纯电动,,,,,电动车单速变速箱,1.0,固定齿比变速箱,200.0,6.3,,4年或10万公里,永磁/同步,253.0,450.0,,,253.0,450.0,,,,,605.0,,,,,4925,1950,1680,3000,1672.0,1673.0,150.0,2336.0,SUV,5.0,5.0,643.0,平开门,主 / 副,前 / 后,,主 / 副,,上下+前后,,USB/Type-C,,12以上,仿皮,前 / 后,自动,12以上,插电混动
sg30355,4601.0,红旗,59.0,红旗,8835,红旗天工08,246902,605 后驱先锋版,2025,插电混动,一汽红旗,中大型SUV,21.59,21.59万,18.41万,17.32万,,,,,,,,,,,,纯电动,,,,,电动车单速变速箱,1.0,固定齿比变速箱,200.0,6.3,,4年或10万公里,永磁/同步,253.0,450.0,,,253.0,450.0,,,,,605.0,,,,,4925,1950,1680,3000,1672.0,1673.0,150.0,2336.0,SUV,5.0,5.0,643.0,平开门,主 / 副,前 / 后,,主 / 副,,上下+前后,,USB/Type-C,,12以上,仿皮,前 / 后,自动,12以上,插电混动
sg30355,460.0,红旗,59.0,红旗,8835,红旗天工08,246902,605 后驱先锋版,2026,插电混动,一汽红旗,中大型SUV,21.59,21.59万,18.41万,17.32万,,,,,,,,,,,,纯电动,,,,,电动车单速变速箱,1.0,固定齿比变速箱,200.0,6.3,,4年或10万公里,永磁/同步,253.0,450.0,,,253.0,450.0,,,,,605.0,,,,,4925,1950,1680,3000,1672.0,1673.0,150.0,2336.0,SUV,5.0,5.0,643.0,平开门,主 / 副,前 / 后,,主 / 副,,上下+前后,,USB/Type-C,,12以上,仿皮,前 / 后,自动,12以上,插电混动
sg30356,23705.0,智己汽车,419.0,智己汽车,9660,智己L6,247328,Max 74kWh,2024,纯电动,智己汽车,中大型车,21.99,21.99万,20.23万,18.99万,,,,,,,,,,,,纯电动,,,,,电动车单速变速箱,1.0,固定齿比变速箱,200.0,5.9,,5年或15万公里,永磁/同步,245.0,430.0,,,245.0,430.0,,,,,645.0,,,,,4937,1960,1474,2950,1665.0,1672.0,134.0,2130.0,掀背车,5.0,5.0,457.0,平开门,主 / 副,前 / 后,,主 / 副,,上下+前后,,USB/Type-C+存储卡插槽,,12以上,仿皮,前 / 后,自动,12以上,纯电动
sg30356,20974.0,智己汽车,419.0,智己汽车,9660,智己L6,247328,Max 74kWh,2025,纯电动,智己汽车,中大型车,21.99,21.99万,20.23万,18.99万,,,,,,,,,,,,纯电动,,,,,电动车单速变速箱,1.0,固定齿比变速箱,200.0,5.9,,5年或15万公里,永磁/同步,245.0,430.0,,,245.0,430.0,,,,,645.0,,,,,4937,1960,1474,2950,1665.0,1672.0,134.0,2130.0,掀背车,5.0,5.0,457.0,平开门,主 / 副,前 / 后,,主 / 副,,上下+前后,,USB/Type-C+存储卡插槽,,12以上,仿皮,前 / 后,自动,12以上,纯电动
sg30356,5681.0,智己汽车,419.0,智己汽车,9660,智己L6,247328,Max 74kWh,2026,纯电动,智己汽车,中大型车,21.99,21.99万,20.23万,18.99万,,,,,,,,,,,,纯电动,,,,,电动车单速变速箱,1.0,固定齿比变速箱,200.0,5.9,,5年或15万公里,永磁/同步,245.0,430.0,,,245.0,430.0,,,,,645.0,,,,,4937,1960,1474,2950,1665.0,1672.0,134.0,2130.0,掀背车,5.0,5.0,457.0,平开门,主 / 副,前 / 后,,主 / 副,,上下+前后,,USB/Type-C+存储卡插槽,,12以上,仿皮,前 / 后,自动,12以上,纯电动
sg30357,831.0,长安启源,870.0,长安启源,9642,长安启源E07,251140,增程 39kWh Pro+后驱版,2025,增程式,长安启源,中大型SUV,21.99,21.99万,暂无报价,21.99万,1497.0,1.5,涡轮增压,L,4.0,,150.0,110.0,5000.0,220.0,3200,增程式,92#,缸内直喷,铝,国VI,电动车单速变速箱,1.0,固定齿比变速箱,190.0,7.1,,3年或12万公里,永磁/同步,231.0,375.0,,,231.0,375.0,,,,,200.0,,,,,5045,1996,1695,3120,1680.0,1690.0,183.0,2325.0,SUV,5.0,5.0,524.0,平开门,主 / 副,前 / 后,,主 / 副,,上下+前后,,USB/Type-C,,12以上,真皮,前 / 后,自动,12以上,增程式
sg30358,39738.0,领克,,领克,sg30358,领克07,pcauto_m136687,领克07 2026款 EM-P 126 长续航 Max,2024,插电混动,领克,中型车,15.58,15.58万,,,1499.0,1.5,涡轮增压,直列,4.0,,163.0,120.0,,255.0,,插电混动,92号(原93号),直喷,铝合金,国VI,DHT变速箱,3.0,混合动力专用变速箱(DHT),190.0,6.5,,五年或10万公里,永磁同步,180.0,350.0,180.0,350.0,,,,,磷酸铁锂电池,18.4,103.0,14.7,,快充:0.3小时/慢充:待定,30.0,4835,1900,1480,2843,,,,1885.0,三厢车,4.0,5.0,,平开门,,,,,皮质,上下+前后,,,,,仿皮,,自动,,
sg30358,26147.0,领克,,领克,sg30358,领克07,pcauto_m136687,领克07 2026款 EM-P 126 长续航 Max,2025,插电混动,领克,中型车,15.58,15.58万,,,1499.0,1.5,涡轮增压,直列,4.0,,163.0,120.0,,255.0,,插电混动,92号(原93号),直喷,铝合金,国VI,DHT变速箱,3.0,混合动力专用变速箱(DHT),190.0,6.5,,五年或10万公里,永磁同步,180.0,350.0,180.0,350.0,,,,,磷酸铁锂电池,18.4,103.0,14.7,,快充:0.3小时/慢充:待定,30.0,4835,1900,1480,2843,,,,1885.0,三厢车,4.0,5.0,,平开门,,,,,皮质,上下+前后,,,,,仿皮,,自动,,
sg30358,12175.0,领克,,领克,sg30358,领克07,pcauto_m136687,领克07 2026款 EM-P 126 长续航 Max,2026,插电混动,领克,中型车,15.58,15.58万,,,1499.0,1.5,涡轮增压,直列,4.0,,163.0,120.0,,255.0,,插电混动,92号(原93号),直喷,铝合金,国VI,DHT变速箱,3.0,混合动力专用变速箱(DHT),190.0,6.5,,五年或10万公里,永磁同步,180.0,350.0,180.0,350.0,,,,,磷酸铁锂电池,18.4,103.0,14.7,,快充:0.3小时/慢充:待定,30.0,4835,1900,1480,2843,,,,1885.0,三厢车,4.0,5.0,,平开门,,,,,皮质,上下+前后,,,,,仿皮,,自动,,
sg30359,229591.0,比亚迪,,比亚迪,sg30359,秦L,pcauto_m132628,秦L 2025款 DM-i 智驾版 80KM 领先型,2024,插电混动,比亚迪,中型车,9.98,9.98万,,,1498.0,1.5,自然吸气,直列,4.0,VVT,101.0,74.0,,126.0,,插电混动,92号(原93号),多点电喷,铝合金,国VI,电子无级变速箱,,电子无级变速箱(E-CVT),180.0,7.9,,六年或15万公里,永磁同步,120.0,210.0,120.0,210.0,,,,,磷酸铁锂电池,10.08,80.0,,首任车主不限年限/里程(责任免除条款以官方为准),快充:不支持/慢充:3.42小时,,4830,1900,1495,2790,,,,1660.0,三厢车,4.0,5.0,,平开门,,,,,皮质,上下+前后,,,,,仿皮,,自动,,
sg30359,264671.0,比亚迪,,比亚迪,sg30359,秦L,pcauto_m132628,秦L 2025款 DM-i 智驾版 80KM 领先型,2025,插电混动,比亚迪,中型车,9.98,9.98万,,,1498.0,1.5,自然吸气,直列,4.0,VVT,101.0,74.0,,126.0,,插电混动,92号(原93号),多点电喷,铝合金,国VI,电子无级变速箱,,电子无级变速箱(E-CVT),180.0,7.9,,六年或15万公里,永磁同步,120.0,210.0,120.0,210.0,,,,,磷酸铁锂电池,10.08,80.0,,首任车主不限年限/里程(责任免除条款以官方为准),快充:不支持/慢充:3.42小时,,4830,1900,1495,2790,,,,1660.0,三厢车,4.0,5.0,,平开门,,,,,皮质,上下+前后,,,,,仿皮,,自动,,
sg30359,53704.0,比亚迪,,比亚迪,sg30359,秦L,pcauto_m137454,秦L 2026款 DM-i 128KM 进取型,2026,插电混动,比亚迪,中型车,9.68,9.68万,,,1498.0,1.5,自然吸气,直列,4.0,VVT,101.0,74.0,,126.0,,插电混动,92号(原93号),多点电喷,铝合金,国VI,电子无级变速箱,,电子无级变速箱(E-CVT),180.0,7.9,,六年或15万公里,永磁同步,120.0,210.0,120.0,210.0,,,,,磷酸铁锂电池,15.87,100.0,13.1,首任车主不限年限/里程(责任免除条款以官方为准),快充:0.42小时/慢充:2.5小时,30.0,4830,1900,1495,2790,,,,1775.0,三厢车,4.0,5.0,,平开门,,,,,皮质,上下+前后,,,,,仿皮,,自动,,
sg30365,61628.0,长安,,长安,sg30365,长安UNI-Z新能源,pcauto_m127623,长安UNI-Z新能源 2024款 125km 领先型,2024,插电混动,长安汽车,紧凑型SUV,11.79,11.79万,,,1497.0,1.5,自然吸气,直列,4.0,,98.0,72.0,,125.0,,插电混动,92号(原93号),多点电喷,铝合金,国VI,电子无级变速箱,,电子无级变速箱(E-CVT),180.0,7.4,,三年或12万公里,永磁同步,158.0,330.0,158.0,330.0,,,,,磷酸铁锂电池,18.4,95.0,15.2,八年或12万公里,快充:0.5小时,80.0,4730,1890,1680,2795,,,,1720.0,SUV,5.0,5.0,,平开门,,,,,皮质,上下+前后,,,,,仿皮,,自动,,
sg30365,72763.0,长安,,长安,sg30365,长安UNI-Z新能源,pcauto_m132581,长安UNI-Z新能源 2025款 125km 战舰版,2025,插电混动,长安汽车,紧凑型SUV,12.49,12.49万,,,1497.0,1.5,自然吸气,直列,4.0,,98.0,72.0,,125.0,,插电混动,92号(原93号),多点电喷,铝合金,国VI,电子无级变速箱,,电子无级变速箱(E-CVT),180.0,7.4,,三年或12万公里,永磁同步,158.0,330.0,158.0,330.0,,,,,磷酸铁锂电池,18.4,95.0,15.2,八年或12万公里,快充:0.5小时,80.0,4730,1890,1660,2795,,,,1720.0,SUV,5.0,5.0,,平开门,,,,,皮质,上下+前后,,,,,仿皮,,自动,,
sg30365,19808.0,长安,,长安,sg30365,长安UNI-Z新能源,pcauto_m139401,长安UNI-Z新能源 2026款 130km 进取型,2026,插电混动,长安汽车,紧凑型SUV,11.89,11.89万,,,1497.0,1.5,自然吸气,直列,4.0,,98.0,72.0,,125.0,,插电混动,92号(原93号),多点电喷,铝合金,国VI,电子无级变速箱,,电子无级变速箱(E-CVT),180.0,7.4,,三年或12万公里,永磁同步,160.0,251.0,160.0,251.0,,,,,磷酸铁锂电池,18.4,101.0,15.2,八年或12万公里,快充:0.25小时,80.0,4730,1890,1660,2795,,,,1710.0,SUV,5.0,5.0,,平开门,,,,,皮质,上下+前后,,,,,仿皮,,自动,,
sg30366,52201.0,奇瑞风云,10409.0,奇瑞风云,9500,风云T9,247169,120KM 长续航尊贵型 磷酸铁锂,2025,插电混动,奇瑞汽车,中型SUV,13.29,13.29万,11.27万,10.29万,1499.0,1.5,涡轮增压,L,4.0,米勒循环,156.0,115.0,5200.0,220.0,2500,插电式混合动力,92#,缸内直喷,铝,国VI b,1挡DHT,1.0,,180.0,7.8,,3年或10万公里,永磁/同步,150.0,310.0,150.0,310.0,,,265.0,530.0,,,95.0,,,,,4795,1930,1738,2770,1638.0,1638.0,147.0,1970.0,SUV,5.0,5.0,819.0,平开门,主 / 副,前 / 后,,主 / 副,,上下+前后,,USB/Type-C,,46180,仿皮,前 / 后,自动,46180,插电混动
sg30366,6416.0,奇瑞风云,10409.0,奇瑞风云,9500,风云T9,258858,220长续航 尊贵型,2026,插电混动,奇瑞汽车,中型SUV,11.99,11.99万,暂无报价,10.99万,1499.0,1.5,涡轮增压,L,4.0,米勒循环,156.0,115.0,5200.0,220.0,2500,插电式混合动力,92#,缸内直喷,铝,国VI b,1挡DHT,1.0,,180.0,8.9,,3年或10万公里,永磁/同步,150.0,310.0,150.0,310.0,,,265.0,530.0,,,160.0,,,,,4816,1930,1738,2770,1638.0,1638.0,150.0,2046.0,SUV,5.0,5.0,738.0,平开门,主 / 副,前 / 后,,主 / 副,,上下+前后,,USB/Type-C,,46180,仿皮,前 / 后,自动,46180,插电混动
sg30367,8705.0,东风奕派,,东风奕派,sg30367,eπ008,pcauto_m137187,eπ008 2026款 增程 超阔版 5座,2026,增程式,东风乘用车,中大型SUV,16.99,16.99万,,,1497.0,1.5,涡轮增压,直列,4.0,,147.0,108.0,,210.0,,增程式,92号(原93号),直喷,铝合金,国VI,固定齿比,1.0,固定齿比,180.0,9.0,,三年或10万公里,永磁同步,200.0,340.0,,,,,,,磷酸铁锂电池,34.32,150.0,16.6,终身质保(责任免除条款以官方为准),快充:0.25小时/慢充:待定,30.0,5002,1972,1732,3025,,,,2189.0,SUV,5.0,5.0,,平开门,,,,,皮质,上下+前后,,,,,仿皮,,自动,,
sg30372,17506.0,小鹏,195.0,小鹏汽车,sg30372,小鹏P7+,97942,纯电 长续航 Max,2024,纯电动,小鹏汽车,中大型车,18.68,18.68万,18.25万,18.68万,,,,,,,,,,,,纯电动,,,,,电动车单速变速箱,1.0,固定齿比变速箱,200.0,6.9,,5年或12万公里,永磁/同步,180.0,450.0,,,180.0,450.0,,,,,615.0,,,,,5056,1937,1512,3000,1638.0,1675.0,143.0,1967.0,掀背车,5.0,5.0,725.0,平开门,主 / 副,前 / 后,,主 / 副,,上下+前后,,USB/Type-C,,12以上,真皮,前 / 后,自动,12以上,纯电动
sg30372,75716.0,小鹏,195.0,小鹏汽车,sg30372,小鹏P7+,247721,纯电 超长续航 Max 旗舰版,2025,纯电动,小鹏汽车,中大型车,20.88,20.88万,20.19万,20.88万,,,,,,,,,,,,纯电动,,,,,电动车单速变速箱,1.0,固定齿比变速箱,200.0,5.9,,5年或12万公里,永磁/同步,230.0,450.0,,,230.0,450.0,,,,,685.0,,,,,5056,1937,1512,3000,1638.0,1675.0,143.0,2084.0,掀背车,5.0,5.0,725.0,平开门,主 / 副,前 / 后,,主 / 副,,上下+前后,,USB/Type-C,,12以上,真皮,前 / 后,自动,12以上,纯电动
sg30372,20696.0,小鹏,195.0,小鹏汽车,sg30372,小鹏P7+,255180,增程 1550 Max 科技版,2026,增程式,小鹏汽车,中大型车,18.68,18.68万,17.00万,18.68万,1499.0,1.5,涡轮增压,L,4.0,,150.0,110.0,5500.0,220.0,2500,增程式,92#,缸内直喷,铝,国VI,电动车单速变速箱,1.0,固定齿比变速箱,200.0,6.9,,5年或12万公里,永磁/同步,180.0,450.0,,,180.0,450.0,,,,,325.0,,,,,5071,1937,1512,3000,1642.0,1681.0,,2160.0,掀背车,5.0,5.0,708.0,平开门,主 / 副,前 / 后,,主 / 副,,上下+前后,,USB/Type-C,,12以上,仿皮,前 / 后,自动,12以上,增程式
sg30373,4597.0,红旗,59.0,红旗,9825,红旗HS7 PHEV,255026,改款 2.0T 两驱旗享版 6座,2024,插电混动,一汽红旗,中大型SUV,29.08,29.08万,19.50万,23.98万,1989.0,2.0,涡轮增压,L,4.0,超高压缩比米勒循环燃烧、分布式废气再循环、低阻高精度EGR,163.0,120.0,4500.0,260.0,2000,插电式混合动力,95#,缸内直喷,铝,国VI b,1挡DHT,1.0,,180.0,8.8,,4年或10万公里,永磁/同步,168.0,340.0,168.0,340.0,,,288.0,,,,102.0,,,,,4995,1960,1760,2920,1698.0,1688.0,160.0,2170.0,SUV,5.0,6.0,210.0,平开门,主 / 副,前 / 后,,主 / 副,,上下+前后,,USB/Type-C,丹拿,46306,仿皮,前 / 后,自动,46306,插电混动
sg30373,7998.0,红旗,59.0,红旗,9825,红旗HS7 PHEV,255026,改款 2.0T 两驱旗享版 6座,2025,插电混动,一汽红旗,中大型SUV,29.08,29.08万,19.50万,23.98万,1989.0,2.0,涡轮增压,L,4.0,超高压缩比米勒循环燃烧、分布式废气再循环、低阻高精度EGR,163.0,120.0,4500.0,260.0,2000,插电式混合动力,95#,缸内直喷,铝,国VI b,1挡DHT,1.0,,180.0,8.8,,4年或10万公里,永磁/同步,168.0,340.0,168.0,340.0,,,288.0,,,,102.0,,,,,4995,1960,1760,2920,1698.0,1688.0,160.0,2170.0,SUV,5.0,6.0,210.0,平开门,主 / 副,前 / 后,,主 / 副,,上下+前后,,USB/Type-C,丹拿,46306,仿皮,前 / 后,自动,46306,插电混动
sg30373,464.0,红旗,59.0,红旗,9825,红旗HS7 PHEV,255026,改款 2.0T 两驱旗享版 6座,2026,插电混动,一汽红旗,中大型SUV,29.08,29.08万,19.50万,23.98万,1989.0,2.0,涡轮增压,L,4.0,超高压缩比米勒循环燃烧、分布式废气再循环、低阻高精度EGR,163.0,120.0,4500.0,260.0,2000,插电式混合动力,95#,缸内直喷,铝,国VI b,1挡DHT,1.0,,180.0,8.8,,4年或10万公里,永磁/同步,168.0,340.0,168.0,340.0,,,288.0,,,,102.0,,,,,4995,1960,1760,2920,1698.0,1688.0,160.0,2170.0,SUV,5.0,6.0,210.0,平开门,主 / 副,前 / 后,,主 / 副,,上下+前后,,USB/Type-C,丹拿,46306,仿皮,前 / 后,自动,46306,插电混动
sg30374,193631.0,比亚迪,,比亚迪,sg30374,海豹06DM-i,pcauto_m132450,海豹06DM-i 2025款 智驾版 80KM 豪华型,2024,插电混动,比亚迪,中型车,9.98,9.98万,,,1498.0,1.5,自然吸气,直列,4.0,,101.0,74.0,,126.0,,插电混动,92号(原93号),多点电喷,铝合金,国VI,电子无级变速箱,,电子无级变速箱(E-CVT),180.0,7.9,,六年或15万公里,永磁同步,120.0,210.0,120.0,210.0,,,,,磷酸铁锂电池,10.08,60.0,11.1,不限年限/不限里程(责任免除条款以官方为准),快充:不支持/慢充:3.42小时,,4830,1875,1495,2790,,,,1660.0,三厢车,4.0,5.0,,平开门,,,,,皮质,上下+前后,,,,,仿皮,,自动,,
sg30374,165845.0,比亚迪,,比亚迪,sg30374,海豹06DM-i,pcauto_m132450,海豹06DM-i 2025款 智驾版 80KM 豪华型,2025,插电混动,比亚迪,中型车,9.98,9.98万,,,1498.0,1.5,自然吸气,直列,4.0,,101.0,74.0,,126.0,,插电混动,92号(原93号),多点电喷,铝合金,国VI,电子无级变速箱,,电子无级变速箱(E-CVT),180.0,7.9,,六年或15万公里,永磁同步,120.0,210.0,120.0,210.0,,,,,磷酸铁锂电池,10.08,60.0,11.1,不限年限/不限里程(责任免除条款以官方为准),快充:不支持/慢充:3.42小时,,4830,1875,1495,2790,,,,1660.0,三厢车,4.0,5.0,,平开门,,,,,皮质,上下+前后,,,,,仿皮,,自动,,
sg30374,31561.0,比亚迪,,比亚迪,sg30374,海豹06DM-i,pcauto_m137879,海豹06DM-i 2026款 超享版 128KM 豪华版,2026,插电混动,比亚迪,中型车,9.68,9.68万,,,1498.0,1.5,自然吸气,直列,4.0,,101.0,74.0,,126.0,,插电混动,92号(原93号),多点电喷,铝合金,国VI,电子无级变速箱,,电子无级变速箱(E-CVT),180.0,7.9,,六年或15万公里,永磁同步,120.0,210.0,120.0,210.0,,,,,磷酸铁锂电池,15.87,128.0,,不限年限/不限里程(责任免除条款以官方为准),快充:待定/慢充:待定,30.0,4830,1875,1495,2790,,,,,三厢车,4.0,5.0,,平开门,,,,,皮质,上下+前后,,,,,仿皮,,自动,,
sg30386,5159.0,奇瑞风云,10409.0,奇瑞风云,9950,风云T10,238842,210 尊享版,2024,插电混动,奇瑞汽车,中大型SUV,18.99,18.99万,17.63万,17.59万,1499.0,1.5,涡轮增压,L,4.0,米勒循环,156.0,115.0,5200.0,220.0,2500,插电式混合动力,92#,缸内直喷,铝,国VI b,3挡DHT,3.0,,180.0,8.8,,3年或10万公里,永磁/同步,165.0,390.0,165.0,390.0,,,280.0,610.0,,,160.0,,,,,4850,1930,1712,2820,1638.0,1641.0,159.0,2028.0,SUV,5.0,5.0,717.0,平开门,主 / 副,前 / 后,,主 / 副,,上下+前后,,USB/Type-C,索尼,46243,仿皮,前 / 后,自动,46243,插电混动
sg30386,2776.0,奇瑞风云,10409.0,奇瑞风云,9950,风云T10,247177,210 尊耀版,2025,插电混动,奇瑞汽车,中大型SUV,18.99,18.99万,暂无报价,16.99万,1499.0,1.5,涡轮增压,L,4.0,米勒循环,156.0,115.0,5200.0,220.0,2500,插电式混合动力,92#,缸内直喷,铝,国VI b,3挡DHT,3.0,,180.0,8.8,,3年或10万公里,永磁/同步,165.0,390.0,165.0,390.0,,,280.0,610.0,,,160.0,,,,,4850,1930,1712,2820,1638.0,1641.0,159.0,2028.0,SUV,5.0,5.0,717.0,平开门,主 / 副,前 / 后,,主 / 副,,上下+前后,,USB/Type-C,索尼,46243,仿皮,前 / 后,自动,46243,插电混动
sg30388,0.0,MINI,65.0,MINI,9945,电动MINI ACEMAN,99141,ACEMAN E 经典派,2024,纯电动,光束汽车,小型SUV,22.99,22.99万,17.67万,16.89万,,,,,,,,,,,,纯电动,,,,,电动车单速变速箱,1.0,固定齿比变速箱,160.0,8.5,,3年或10万公里,永磁/同步,135.0,290.0,135.0,290.0,,,,,,,450.0,,,,,4076,1754,1515,2606,1616.0,1615.0,147.0,1700.0,SUV,5.0,5.0,300.0,平开门,主 / 副,前 / 后,,主 / 副,,上下+前后,,USB/Type-C,,46180,皮织混搭,前 / 后,自动,46180,纯电动
sg30388,1493.0,MINI,65.0,MINI,9945,电动MINI ACEMAN,252764,ACEMAN E 经典派,2025,纯电动,光束汽车,小型SUV,22.99,22.99万,17.51万,16.89万,,,,,,,,,,,,纯电动,,,,,电动车单速变速箱,1.0,固定齿比变速箱,160.0,8.5,,3年或10万公里,永磁/同步,135.0,290.0,135.0,290.0,,,,,,,450.0,,,,,4076,1754,1515,2606,1616.0,1615.0,147.0,1700.0,SUV,5.0,5.0,300.0,平开门,主 / 副,前 / 后,,主 / 副,,上下+前后,,USB/Type-C,,46180,皮织混搭,前 / 后,自动,46180,纯电动
sg30391,9677.0,知豆,168.0,知豆,9794,知豆彩虹,247460,Pro 沐光版,2025,纯电动,知豆电动车,微型车,5.09,5.09万,暂无报价,5.09万,,,,,,,,,,,,纯电动,,,,,电动车单速变速箱,1.0,固定齿比变速箱,102.0,,,3年或10万公里,永磁/同步,20.0,85.0,,,20.0,85.0,,,,,205.0,,,,,3224,1515,1630,2100,1300.0,1300.0,120.0,800.0,两厢车,3.0,4.0,76.0,平开门,主 / 副,前 / 后,,主 / 副,,,,USB/Type-C,,,仿皮,前 / 后,手动,,纯电动
sg30393,8855.0,东风风行,70.0,东风风行,9958,星海S7,239425,555悦享版,2024,纯电动,东风风行,中大型车,12.98,12.98万,12.80万,12.98万,,,,,,,,,,,,纯电动,,,,,电动车单速变速箱,1.0,固定齿比变速箱,165.0,6.67,,8年或16万公里,永磁/同步,160.0,310.0,,,160.0,310.0,,,,,555.0,,,,,4935,1915,1495,2915,1640.0,1650.0,,1730.0,掀背车,5.0,5.0,541.0,平开门,主 / 副,前 / 后,,主 / 副,,上下+前后,,USB/Type-C,,46180,仿皮,前 / 后,自动,46180,纯电动
sg30393,15621.0,东风风行,70.0,东风风行,9958,星海S7,246705,235悦享版,2025,增程式,东风风行,中大型车,12.99,12.99万,12.58万,12.49万,1497.0,1.5,自然吸气,L,4.0,,105.0,77.0,5500.0,137.0,,增程式,92#,缸内直喷,铝,国VI,电动车单速变速箱,1.0,固定齿比变速箱,165.0,7.2,,8年或16万公里,永磁/同步,160.0,310.0,,,160.0,310.0,,,,,235.0,,,,,4935,1915,1495,2915,1640.0,1650.0,,1810.0,掀背车,5.0,5.0,496.0,平开门,主 / 副,前 / 后,,主 / 副,,上下+前后,,USB/Type-C,,46180,仿皮,前 / 后,自动,46180,增程式
sg30393,4798.0,东风风行,70.0,东风风行,9958,星海S7,253443,565轻享版,2026,纯电动,东风风行,中大型车,11.99,11.99万,10.00万,10.59万,,,,,,,,,,,,纯电动,,,,,电动车单速变速箱,1.0,固定齿比变速箱,165.0,6.7,,8年或16万公里,永磁/同步,160.0,310.0,,,160.0,310.0,,,,,565.0,,,,,4935,1915,1510,2915,1640.0,1650.0,136.0,1730.0,掀背车,5.0,5.0,541.0,平开门,主 / 副,前 / 后,,主 / 副,,上下+前后,,USB/Type-C,,46180,皮织混搭,前 / 后,自动,46180,纯电动
sg30411,76774.0,吉利银河,858.0,吉利银河,10026,银河E5,110836,440km 启航版,2024,纯电动,吉利银河,紧凑型SUV,10.78,10.78万,8.63万,9.18万,,,,,,,,,,,,纯电动,,,,,电动车单速变速箱,1.0,固定齿比变速箱,180.0,6.9,,4年或10万公里,永磁/同步,160.0,320.0,160.0,320.0,,,,,,,440.0,,,,,4615,1901,1670,2750,1630.0,1621.0,,1615.0,SUV,5.0,5.0,461.0,平开门,主 / 副,前 / 后,,主 / 副,,上下+前后,,USB/Type-C,,46180,仿皮,前 / 后,自动,46180,纯电动
sg30411,31047.0,吉利银河,858.0,吉利银河,10026,银河E5,250106,530km 启航版,2026,纯电动,吉利银河,紧凑型SUV,10.98,10.98万,9.93万,10.18万,,,,,,,,,,,,纯电动,,,,,电动车单速变速箱,1.0,固定齿比变速箱,180.0,6.9,,4年或10万公里,永磁/同步,160.0,320.0,160.0,320.0,,,,,,,530.0,,,,,4615,1901,1670,2750,1630.0,1621.0,,1655.0,SUV,5.0,5.0,461.0,平开门,主 / 副,前 / 后,,主 / 副,,上下+前后,,USB/Type-C,,46180,仿皮,前 / 后,自动,46180,纯电动
sg30412,67116.0,iCAR,909.0,iCAR,10040,iCAR超级V23,240517,401两驱进阶版,2025,纯电动,奇瑞新能源,紧凑型SUV,10.98,10.98万,10.19万,9.98万,,,,,,,,,,,,纯电动,,,,,电动车单速变速箱,1.0,固定齿比变速箱,140.0,,,5年或12万公里,永磁/同步,100.0,180.0,,,100.0,180.0,,,,,401.0,,,,,4220,1915,1845,2735,1613.0,1641.0,,1710.0,SUV,5.0,5.0,234.0,平开门,主 / 副,前 / 后,,主 / 副,,上下,,USB/Type-C,,46180,仿皮,前 / 后,自动,46180,纯电动
sg30412,12404.0,iCAR,909.0,iCAR,10040,iCAR超级V23,251766,401两驱超级运动版,2026,纯电动,奇瑞新能源,紧凑型SUV,12.28,12.28万,11.46万,11.28万,,,,,,,,,,,,纯电动,,,,,电动车单速变速箱,1.0,固定齿比变速箱,170.0,7.1,,5年或12万公里,永磁/同步,185.0,300.0,,,185.0,300.0,,,,,401.0,,,,,4220,1915,1845,2735,1613.0,1641.0,,1735.0,SUV,5.0,5.0,234.0,平开门,主 / 副,前 / 后,,主 / 副,,上下+前后,,USB/Type-C,,46180,仿皮,前 / 后,自动,46180,纯电动
sg30413,23056.0,别克,,别克,sg30413,别克GL8新能源,pcauto_m134143,别克GL8新能源 2025款 陆尚 先享版,2024,插电混动,上汽通用别克,MPV,24.99,24.99万,,,1498.0,1.5,涡轮增压,直列,4.0,,179.0,132.0,,250.0,,插电混动,92号(原93号),直喷,铝合金,国VI,DHT变速箱,2.0,混合动力专用变速箱(DHT),180.0,7.7,,三年或10万公里,永磁同步,160.0,330.0,160.0,330.0,,,,,磷酸铁锂电池,24.4,142.0,20.2,,快充:待定/慢充:待定,,5219,1878,1807,3088,,,,2250.0,MPV,5.0,7.0,,平开门+侧滑门,,,,,皮质,上下+前后,,,,,仿皮,,自动,,
sg30413,55281.0,别克,,别克,sg30413,别克GL8新能源,pcauto_m134143,别克GL8新能源 2025款 陆尚 先享版,2025,插电混动,上汽通用别克,MPV,24.99,24.99万,,,1498.0,1.5,涡轮增压,直列,4.0,,179.0,132.0,,250.0,,插电混动,92号(原93号),直喷,铝合金,国VI,DHT变速箱,2.0,混合动力专用变速箱(DHT),180.0,7.7,,三年或10万公里,永磁同步,160.0,330.0,160.0,330.0,,,,,磷酸铁锂电池,24.4,142.0,20.2,,快充:待定/慢充:待定,,5219,1878,1807,3088,,,,2250.0,MPV,5.0,7.0,,平开门+侧滑门,,,,,皮质,上下+前后,,,,,仿皮,,自动,,
sg30413,15175.0,别克,,别克,sg30413,别克GL8新能源,pcauto_m139873,别克GL8新能源 2026款 陆尚 舒适DG版,2026,插电混动,上汽通用别克,MPV,22.99,22.99万,,,1498.0,1.5,涡轮增压,直列,4.0,,179.0,132.0,,250.0,,插电混动,92号(原93号),直喷,铝合金,国VI,DHT变速箱,2.0,混合动力专用变速箱(DHT),180.0,7.7,,三年或10万公里,永磁同步,160.0,330.0,160.0,330.0,,,,,磷酸铁锂电池,24.4,142.0,20.2,,快充:待定/慢充:待定,,5219,1878,1807,3088,,,,2250.0,MPV,5.0,7.0,,平开门+侧滑门,,,,,皮质,上下+前后,,,,,仿皮,,自动,,
sg30415,640.0,起亚,13.0,起亚,9494,索奈,100764,1.5L 舒适版,2024,燃油,起亚,小型SUV,9.19,9.19万,暂无报价,7.29万,1497.0,1.5,自然吸气,L,4.0,,115.0,84.0,6300.0,144.0,4500,汽油,92#,多点电喷,铝,国VI,CVT无级变速,,无级变速箱(CVT),175.0,,,3年或10万公里,,,,,,,,,,,,,,,,,4110,1790,1625,2500,1557.0,1582.0,181.0,1185.0,SUV,5.0,5.0,,平开门,主 / 副,前 / 后,,主 / 副,,上下+前后,,USB/Type-C,,46117,仿皮,前 / 后,自动,46117,燃油
sg30422,22895.0,零跑汽车,207.0,零跑汽车,10125,零跑C16,249254,增程式 200尊享版 6座,2026,增程式,零跑汽车,中大型SUV,15.18,15.18万,14.35万,14.58万,1499.0,1.5,自然吸气,L,4.0,,95.0,70.0,,,,增程式,92#,多点电喷,铝,国VI b,电动车单速变速箱,1.0,固定齿比变速箱,170.0,8.46,,4年或12万公里,永磁/同步,170.0,320.0,,,170.0,320.0,,,,,134.0,,,,,4915,1905,1770,2825,1625.0,1625.0,175.0,2065.0,SUV,5.0,6.0,209.0,平开门,主 / 副,前 / 后,,主 / 副,,上下+前后,,USB/Type-C,,12以上,仿皮,前 / 后,自动,12以上,增程式
sg30422,,零跑汽车,207.0,零跑汽车,10125,零跑C16,259823,增程式 280尊享版 五座,2027,增程式,零跑汽车,中大型SUV,14.58,14.58万,暂无报价,14.58万,,,,,,,,,,,,,,,,,,,,,,,4年或12万公里,,,,,,,,,,,,,,,,,4915,1905,1770,2825,,,,,SUV,,5.5,,,主 / 副,前 / 后,,主 / 副,,,,,,,,前 / 后,：,,增程式
sg30423,3873.0,本田,9.0,本田,10127,广汽本田P7,247319,后驱长续航Pro,2025,纯电动,广汽本田,中型SUV,19.99,19.99万,13.50万,14.99万,,,,,,,,,,,,纯电动,,,,,电动车单速变速箱,1.0,固定齿比变速箱,180.0,5.8,,3年或10万公里,永磁/同步,200.0,420.0,,,200.0,420.0,,,,,650.0,,,,,4750,1930,1625,2930,1641.0,1654.0,,2175.0,SUV,5.0,5.0,471.0,平开门,主 / 副,前 / 后,,主 / 副,,上下+前后,,USB/Type-C,,46243,仿皮,前 / 后,自动,46243,纯电动
sg30423,1162.0,本田,9.0,本田,10127,广汽本田P7,247319,后驱长续航Pro,2026,纯电动,广汽本田,中型SUV,19.99,19.99万,13.50万,14.99万,,,,,,,,,,,,纯电动,,,,,电动车单速变速箱,1.0,固定齿比变速箱,180.0,5.8,,3年或10万公里,永磁/同步,200.0,420.0,,,200.0,420.0,,,,,650.0,,,,,4750,1930,1625,2930,1641.0,1654.0,,2175.0,SUV,5.0,5.0,471.0,平开门,主 / 副,前 / 后,,主 / 副,,上下+前后,,USB/Type-C,,46243,仿皮,前 / 后,自动,46243,纯电动
sg30424,2178.0,本田,9.0,本田,10128,东风本田S7,245272,650km 开拓者版,2025,纯电动,东风本田,中型SUV,19.99,19.99万,14.89万,14.99万,,,,,,,,,,,,纯电动,,,,,电动车单速变速箱,1.0,固定齿比变速箱,180.0,5.8,,3年或10万公里,永磁/同步,200.0,420.0,,,200.0,420.0,,,,,650.0,,,,,4750,1930,1625,2930,1641.0,1654.0,,2175.0,SUV,5.0,5.0,471.0,平开门,主 / 副,前 / 后,,主 / 副,,上下+前后,,USB/Type-C,,46243,仿皮,前 / 后,自动,46243,纯电动
sg30424,1710.0,本田,9.0,本田,10128,东风本田S7,245272,650km 开拓者版,2026,纯电动,东风本田,中型SUV,19.99,19.99万,14.89万,14.99万,,,,,,,,,,,,纯电动,,,,,电动车单速变速箱,1.0,固定齿比变速箱,180.0,5.8,,3年或10万公里,永磁/同步,200.0,420.0,,,200.0,420.0,,,,,650.0,,,,,4750,1930,1625,2930,1641.0,1654.0,,2175.0,SUV,5.0,5.0,471.0,平开门,主 / 副,前 / 后,,主 / 副,,上下+前后,,USB/Type-C,,46243,仿皮,前 / 后,自动,46243,纯电动
sg30431,4170.0,奥迪,2.0,奥迪,9440,奥迪Q6L e-tron,257384,长续航版,2025,纯电动,一汽奥迪,中型SUV,27.98,27.98万,暂无报价,26.98万,,,,,,,,,,,,纯电动,,,,,电动车单速变速箱,1.0,固定齿比变速箱,200.0,6.2,,3年或10万公里,永磁/同步,215.0,450.0,,,215.0,450.0,,,,,672.0,,,,,4884,1965,1696,2995,1671.0,1658.0,142.0,2397.0,SUV,5.0,5.0,526.0,平开门,主 / 副,前 / 后,,主 / 副,,上下+前后,,USB/Type-C,,46306,仿皮,前 / 后,自动,46306,纯电动
sg30431,2528.0,奥迪,2.0,奥迪,9440,奥迪Q6L e-tron,257384,长续航版,2026,纯电动,一汽奥迪,中型SUV,27.98,27.98万,暂无报价,26.98万,,,,,,,,,,,,纯电动,,,,,电动车单速变速箱,1.0,固定齿比变速箱,200.0,6.2,,3年或10万公里,永磁/同步,215.0,450.0,,,215.0,450.0,,,,,672.0,,,,,4884,1965,1696,2995,1671.0,1658.0,142.0,2397.0,SUV,5.0,5.0,526.0,平开门,主 / 副,前 / 后,,主 / 副,,上下+前后,,USB/Type-C,,46306,仿皮,前 / 后,自动,46306,纯电动
sg30432,1572.0,smart,48.0,smart,10136,smart精灵#5,110321,长续航标准版,2024,纯电动,smart,中型SUV,23.99,23.99万,暂无报价,22.99万,,,,,,,,,,,,纯电动,,,,,电动车单速变速箱,1.0,固定齿比变速箱,200.0,6.9,,4年或15万公里,永磁/同步,250.0,373.0,,,250.0,373.0,,,,,570.0,,,,,4705,1920,1705,2900,1653.0,1658.0,190.0,2250.0,SUV,5.0,5.0,630.0,平开门,主 / 副,前 / 后,,主 / 副,,上下+前后,,USB/Type-C,,46243,仿皮,前 / 后,自动,46243,纯电动
sg30432,5512.0,smart,48.0,smart,10136,smart精灵#5,246416,超长续航豪华四驱版,2025,纯电动,smart,中型SUV,31.99,31.99万,31.00万,27.99万,,,,,,,,,,,,纯电动,,,,,电动车单速变速箱,1.0,固定齿比变速箱,200.0,4.9,,4年或15万公里,前感应/异步后永磁/同步,432.0,643.0,165.0,270.0,267.0,373.0,,,,,670.0,,,,,4705,1920,1705,2900,1653.0,1658.0,186.0,2400.0,SUV,5.0,5.0,630.0,平开门,主 / 副,前 / 后,,主 / 副,,上下+前后,,USB/Type-C,,46243,仿皮,前 / 后,自动,46243,纯电动
sg30439,12285.0,比亚迪,16.0,比亚迪,10205,海豹06GT,245016,智驾版 505两驱海浪版,2024,纯电动,比亚迪,中型车,13.68,13.68万,12.44万,13.28万,,,,,,,,,,,,纯电动,,,,,电动车单速变速箱,1.0,固定齿比变速箱,200.0,7.5,,6年或15万公里,永磁/同步,160.0,310.0,,,160.0,310.0,,,,,505.0,,,,,4630,1880,1490,2820,1625.0,1630.0,,1850.0,两厢车,5.0,5.0,595.0,平开门,主 / 副,前 / 后,,主 / 副,,上下+前后,,USB/Type-C+SD卡槽,,46243,仿皮,前 / 后,自动,46243,纯电动
sg30439,47814.0,比亚迪,16.0,比亚迪,10205,海豹06GT,245016,智驾版 505两驱海浪版,2025,纯电动,比亚迪,中型车,13.68,13.68万,12.44万,13.28万,,,,,,,,,,,,纯电动,,,,,电动车单速变速箱,1.0,固定齿比变速箱,200.0,7.5,,6年或15万公里,永磁/同步,160.0,310.0,,,160.0,310.0,,,,,505.0,,,,,4630,1880,1490,2820,1625.0,1630.0,,1850.0,两厢车,5.0,5.0,595.0,平开门,主 / 副,前 / 后,,主 / 副,,上下+前后,,USB/Type-C+SD卡槽,,46243,仿皮,前 / 后,自动,46243,纯电动
sg30439,12731.0,比亚迪,16.0,比亚迪,10205,海豹06GT,257426,520海浪版,2026,纯电动,比亚迪,中型车,12.89,12.89万,暂无报价,12.89万,,,,,,,,,,,,纯电动,,,,,电动车单速变速箱,1.0,固定齿比变速箱,200.0,6.9,,6年或15万公里,永磁/同步,200.0,230.0,,,200.0,230.0,,,,,520.0,,,,,4630,1880,1490,2820,1625.0,1630.0,,1750.0,两厢车,5.0,5.0,380.0,平开门,主 / 副,前 / 后,,主 / 副,,上下+前后,,USB/Type-C+SD卡槽,,46243,仿皮,前 / 后,自动,46243,纯电动
sg30443,3462.0,马自达,15.0,马自达,10137,马自达EZ-6,253465,增程 130 Air,2024,增程式,长安马自达,中型车,11.98,11.98万,11.99万,11.98万,1480.0,1.5,自然吸气,L,4.0,,95.0,70.0,5000.0,141.0,4000,增程式,92#,多点电喷,铝,国VI,电动车单速变速箱,1.0,固定齿比变速箱,170.0,,,3年或10万公里,永磁/同步,160.0,320.0,,,160.0,320.0,,,,,105.0,,,,,4921,1890,1485,2895,1620.0,1630.0,120.0,1778.0,掀背车,5.0,5.0,479.0,平开门,主 / 副,前 / 后,,主 / 副,,上下+前后,,USB/Type-C,,46180,仿皮,前 / 后,自动,46180,增程式
sg30443,18387.0,马自达,15.0,马自达,10137,马自达EZ-6,253465,增程 130 Air,2025,增程式,长安马自达,中型车,11.98,11.98万,11.99万,11.98万,1480.0,1.5,自然吸气,L,4.0,,95.0,70.0,5000.0,141.0,4000,增程式,92#,多点电喷,铝,国VI,电动车单速变速箱,1.0,固定齿比变速箱,170.0,,,3年或10万公里,永磁/同步,160.0,320.0,,,160.0,320.0,,,,,105.0,,,,,4921,1890,1485,2895,1620.0,1630.0,120.0,1778.0,掀背车,5.0,5.0,479.0,平开门,主 / 副,前 / 后,,主 / 副,,上下+前后,,USB/Type-C,,46180,仿皮,前 / 后,自动,46180,增程式
sg30443,8199.0,马自达,15.0,马自达,10137,马自达EZ-6,253465,增程 130 Air,2026,增程式,长安马自达,中型车,11.98,11.98万,11.99万,11.98万,1480.0,1.5,自然吸气,L,4.0,,95.0,70.0,5000.0,141.0,4000,增程式,92#,多点电喷,铝,国VI,电动车单速变速箱,1.0,固定齿比变速箱,170.0,,,3年或10万公里,永磁/同步,160.0,320.0,,,160.0,320.0,,,,,105.0,,,,,4921,1890,1485,2895,1620.0,1630.0,120.0,1778.0,掀背车,5.0,5.0,479.0,平开门,主 / 副,前 / 后,,主 / 副,,上下+前后,,USB/Type-C,,46180,仿皮,前 / 后,自动,46180,增程式
sg30453,3199.0,红旗,59.0,红旗,10154,红旗天工05,257928,550 青春版,2025,纯电动,一汽红旗,中型车,15.98,15.98万,暂无报价,12.98万,,,,,,,,,,,,纯电动,,,,,电动车单速变速箱,1.0,固定齿比变速箱,200.0,6.9,,4年或10万公里,永磁/同步,210.0,317.0,,,210.0,317.0,,,,,550.0,,,,,4820,1915,1480,2900,1652.0,1652.0,,1890.0,三厢车,4.0,5.0,477.0,平开门,主 / 副,前 / 后,,主 / 副,,上下+前后,,USB/Type-C,,46243,仿皮,前 / 后,自动,46243,纯电动
sg30453,1852.0,红旗,59.0,红旗,10154,红旗天工05,257926,650 超充版,2026,纯电动,一汽红旗,中型车,17.18,17.18万,16.18万,15.18万,,,,,,,,,,,,纯电动,,,,,电动车单速变速箱,1.0,固定齿比变速箱,210.0,6.3,,4年或10万公里,永磁/同步,220.0,330.0,,,220.0,330.0,,,,,650.0,,,,,4820,1915,1480,2900,1652.0,1652.0,,2000.0,三厢车,4.0,5.0,433.0,平开门,主 / 副,前 / 后,,主 / 副,,上下+前后,,USB/Type-C,,46243,仿皮,前 / 后,自动,46243,纯电动
sg30454,70007.0,丰田,5.0,丰田,8987,铂智3X,245144,430 Air,2025,纯电动,广汽丰田,紧凑型SUV,10.98,10.98万,9.59万,9.48万,,,,,,,,,,,,纯电动,,,,,电动车单速变速箱,1.0,固定齿比变速箱,160.0,,,3年或10万公里,永磁/同步,150.0,200.0,150.0,200.0,,,,,,,430.0,,,,,4600,1850,1660,2765,1600.0,1600.0,140.0,1690.0,SUV,5.0,5.0,427.0,平开门,主 / 副,前 / 后,,主 / 副,,上下+前后,,USB/Type-C,,46243,织物,前 / 后,自动,46243,纯电动
sg30454,41518.0,丰田,5.0,丰田,8987,铂智3X,258612,430 Air,2026,纯电动,广汽丰田,紧凑型SUV,10.98,10.98万,暂无报价,9.48万,,,,,,,,,,,,纯电动,,,,,电动车单速变速箱,1.0,固定齿比变速箱,160.0,,,3年或10万公里,永磁/同步,150.0,200.0,150.0,200.0,,,,,,,430.0,,,,,4600,1850,1660,2765,1600.0,1600.0,140.0,1690.0,SUV,5.0,5.0,427.0,平开门,主 / 副,前 / 后,,主 / 副,,上下+前后,,USB/Type-C,,46243,织物,前 / 后,自动,46243,纯电动
sg30455,12674.0,丰田,5.0,丰田,25314,丰田bZ5,247706,550 JOY,2025,纯电动,一汽丰田,中型SUV,12.98,12.98万,11.39万,11.08万,,,,,,,,,,,,纯电动,,,,,电动车单速变速箱,1.0,固定齿比变速箱,160.0,,,3年或10万公里,永磁/同步,200.0,330.0,200.0,330.0,,,,,,,550.0,,,,,4780,1866,1510,2880,1610.0,1608.0,,1950.0,SUV,5.0,5.0,463.0,平开门,主 / 副,前 / 后,,主 / 副,,上下+前后,,USB/Type-C,,46180,皮织混搭,前 / 后,自动,46180,纯电动
sg30455,5341.0,丰田,5.0,丰田,25314,丰田bZ5,247706,550 JOY,2026,纯电动,一汽丰田,中型SUV,12.98,12.98万,11.39万,11.08万,,,,,,,,,,,,纯电动,,,,,电动车单速变速箱,1.0,固定齿比变速箱,160.0,,,3年或10万公里,永磁/同步,200.0,330.0,200.0,330.0,,,,,,,550.0,,,,,4780,1866,1510,2880,1610.0,1608.0,,1950.0,SUV,5.0,5.0,463.0,平开门,主 / 副,前 / 后,,主 / 副,,上下+前后,,USB/Type-C,,46180,皮织混搭,前 / 后,自动,46180,纯电动
sg30459,2229.0,红旗,59.0,红旗,10162,红旗天工06,257931,520 青春版,2025,纯电动,一汽红旗,中型SUV,17.98,17.98万,暂无报价,14.48万,,,,,,,,,,,,纯电动,,,,,电动车单速变速箱,1.0,固定齿比变速箱,210.0,7.4,,4年或10万公里,永磁/同步,210.0,317.0,,,210.0,317.0,,,,,520.0,,,,,4750,1900,1640,2900,1639.0,1640.0,172.0,1997.0,SUV,5.0,5.0,472.0,平开门,主 / 副,前 / 后,,主 / 副,,上下+前后,,USB/Type-C,,46243,仿皮,前 / 后,自动,46243,纯电动
sg30459,463.0,红旗,59.0,红旗,10162,红旗天工06,257935,610 超充版,2026,纯电动,一汽红旗,中型SUV,19.18,19.18万,暂无报价,16.68万,,,,,,,,,,,,纯电动,,,,,电动车单速变速箱,1.0,固定齿比变速箱,210.0,6.7,,4年或10万公里,永磁/同步,220.0,330.0,,,220.0,330.0,,,,,610.0,,,,,4750,1900,1640,2900,1639.0,1640.0,170.0,2080.0,SUV,5.0,5.0,472.0,平开门,主 / 副,前 / 后,,主 / 副,,上下+前后,,USB/Type-C,,46243,仿皮,前 / 后,自动,46243,纯电动
sg30460,14382.0,马自达,15.0,马自达,25345,马自达EZ-60,252379,增程 200 Air,2025,增程式,长安马自达,中型SUV,11.99,11.99万,12.01万,11.99万,1497.0,1.5,自然吸气,L,4.0,,98.0,72.0,5600.0,125.0,3000,增程式,92#,多点电喷,铝,国VI b,电动车单速变速箱,1.0,固定齿比变速箱,185.0,,,3年或10万公里,永磁/同步,190.0,290.0,,,190.0,290.0,,,,,160.0,,,,,4850,1935,1620,2902,1643.0,1652.0,140.0,2048.0,SUV,5.0,5.0,549.0,平开门,主 / 副,前 / 后,,主 / 副,,上下+前后,,USB/Type-C+SD卡槽,,46117,仿皮,前 / 后,自动,46117,增程式
sg30460,14776.0,马自达,15.0,马自达,25345,马自达EZ-60,258059,增程 200 马年版,2026,增程式,长安马自达,中型SUV,13.99,13.99万,暂无报价,13.39万,1497.0,1.5,自然吸气,L,4.0,,98.0,72.0,5600.0,125.0,3000,增程式,92#,多点电喷,铝,国VI b,电动车单速变速箱,1.0,固定齿比变速箱,185.0,,,3年或10万公里,永磁/同步,190.0,290.0,,,190.0,290.0,,,,,160.0,,,,,4850,1935,1620,2902,1643.0,1652.0,140.0,1992.0,SUV,5.0,5.0,549.0,平开门,主 / 副,前 / 后,,主 / 副,,上下+前后,,USB/Type-C+SD卡槽,,46243,仿皮,前 / 后,自动,46243,增程式
sg30462,20234.0,阿维塔,475.0,阿维塔,10033,阿维塔 07,252111,改款 Pro+后驱增程版,2024,增程式,阿维塔科技,中型SUV,21.99,21.99万,18.53万,19.49万,1497.0,1.5,涡轮增压,L,4.0,,156.0,115.0,,,,增程式,92#,缸内直喷,铝,国VI,电动车单速变速箱,1.0,固定齿比变速箱,190.0,6.6,,5年或12万公里,永磁/同步,231.0,333.0,,,231.0,333.0,,,,,188.0,,,,,4825,1980,1605,2940,1680.0,1690.0,,2225.0,SUV,5.0,5.0,500.0,平开门,主 / 副,前 / 后,,主 / 副,,上下+前后,,USB/Type-C,英国之宝,12以上,仿皮,前 / 后,自动,12以上,增程式
sg30462,12701.0,阿维塔,475.0,阿维塔,10033,阿维塔 07,251481,Elite 后驱增程版 39.05kWh,2026,增程式,阿维塔科技,中型SUV,21.99,21.99万,20.09万,20.49万,1497.0,1.5,涡轮增压,L,4.0,,156.0,115.0,5000.0,220.0,3200,增程式,92#,缸内直喷,铝,国VI,电动车单速变速箱,1.0,固定齿比变速箱,190.0,6.6,,5年或12万公里,永磁/同步,231.0,333.0,,,231.0,333.0,,,,,195.0,,,,,4825,1980,1605,2940,1680.0,1690.0,,2225.0,SUV,5.0,5.0,500.0,平开门,主 / 副,前 / 后,,主 / 副,,上下+前后,,USB/Type-C,英国之宝,12以上,仿皮,前 / 后,自动,12以上,增程式
sg30463,11575.0,深蓝汽车,515.0,深蓝汽车,10214,深蓝L07,250691,240Max华为乾崑ADS SE版,2024,增程式,深蓝汽车,中型车,14.59,14.59万,12.97万,13.59万,1497.0,1.5,自然吸气,L,4.0,,98.0,72.0,5600.0,125.0,3000,增程式,92#,多点电喷,铝,国VI b,电动车单速变速箱,1.0,固定齿比变速箱,180.0,7.4,,3年或12万公里,永磁/同步,175.0,290.0,,,175.0,290.0,,,,,175.0,,,,,4875,1890,1480,2900,1620.0,1630.0,150.0,1835.0,掀背车,5.0,5.0,473.0,平开门,主 / 副,前 / 后,,主 / 副,,上下+前后,,USB/Type-C,,46243,仿皮,前 / 后,自动,46243,增程式
sg30463,26479.0,深蓝汽车,515.0,深蓝汽车,10214,深蓝L07,250691,240Max华为乾崑ADS SE版,2025,增程式,深蓝汽车,中型车,14.59,14.59万,12.97万,13.59万,1497.0,1.5,自然吸气,L,4.0,,98.0,72.0,5600.0,125.0,3000,增程式,92#,多点电喷,铝,国VI b,电动车单速变速箱,1.0,固定齿比变速箱,180.0,7.4,,3年或12万公里,永磁/同步,175.0,290.0,,,175.0,290.0,,,,,175.0,,,,,4875,1890,1480,2900,1620.0,1630.0,150.0,1835.0,掀背车,5.0,5.0,473.0,平开门,主 / 副,前 / 后,,主 / 副,,上下+前后,,USB/Type-C,,46243,仿皮,前 / 后,自动,46243,增程式
sg30463,4389.0,深蓝汽车,515.0,深蓝汽车,10214,深蓝L07,250691,240Max华为乾崑ADS SE版,2026,增程式,深蓝汽车,中型车,14.59,14.59万,12.97万,13.59万,1497.0,1.5,自然吸气,L,4.0,,98.0,72.0,5600.0,125.0,3000,增程式,92#,多点电喷,铝,国VI b,电动车单速变速箱,1.0,固定齿比变速箱,180.0,7.4,,3年或12万公里,永磁/同步,175.0,290.0,,,175.0,290.0,,,,,175.0,,,,,4875,1890,1480,2900,1620.0,1630.0,150.0,1835.0,掀背车,5.0,5.0,473.0,平开门,主 / 副,前 / 后,,主 / 副,,上下+前后,,USB/Type-C,,46243,仿皮,前 / 后,自动,46243,增程式
sg30472,64230.0,乐道,918.0,乐道,9833,乐道L60,252102,560km 标准续航版,2025,纯电动,蔚来,中型SUV,20.69,20.69万,20.69万,20.69万,,,,,,,,,,,,纯电动,,,,,电动车单速变速箱,1.0,固定齿比变速箱,200.0,5.9,,4年或10万公里,永磁/同步,240.0,305.0,,,240.0,305.0,,,,,560.0,,,,,4828,1930,1616,2950,1666.0,1677.0,175.0,1885.0,SUV,5.0,5.0,763.0,平开门,主 / 副,前 / 后,,主 / 副,,上下+前后,,,,12以上,仿皮,前 / 后,自动,12以上,纯电动
sg30472,16655.0,乐道,918.0,乐道,9833,乐道L60,259394,后驱Pro,2026,纯电动,蔚来,中型SUV,19.28,19.28万,13.57万,19.28万,,,,,,,,,,,,纯电动,,,,,电动车单速变速箱,1.0,固定齿比变速箱,200.0,5.9,,4年或10万公里,永磁/同步,240.0,305.0,,,240.0,305.0,,,,,560.0,,,,,4828,1930,1616,2950,1666.0,1677.0,175.0,1885.0,SUV,5.0,5.0,763.0,平开门,主 / 副,前 / 后,,主 / 副,,上下+前后,,,,12以上,仿皮,前 / 后,自动,12以上,纯电动
sg30474,61904.0,深蓝汽车,515.0,深蓝汽车,10213,深蓝S05,251267,520Plus纯电版,2026,纯电动,深蓝汽车,紧凑型SUV,11.99,11.99万,10.82万,10.69万,,,,,,,,,,,,纯电动,,,,,电动车单速变速箱,1.0,固定齿比变速箱,185.0,6.28,,3年或12万公里,永磁/同步,200.0,320.0,,,200.0,320.0,,,,,520.0,,,,,4620,1900,1600,2880,1625.0,1640.0,145.0,1770.0,SUV,5.0,5.0,492.0,平开门,主 / 副,前 / 后,,主 / 副,,上下+前后,,USB/Type-C,,46243,仿皮,前 / 后,自动,46243,纯电动
sg30475,22352.0,岚图汽车,395.0,岚图,sg30475,岚图知音,248755,后驱乾崑版,2025,纯电动,岚图汽车,中型SUV,20.29,20.29万,19.50万,20.29万,,,,,,,,,,,,纯电动,,,,,电动车单速变速箱,1.0,固定齿比变速箱,204.0,6.8,,5年或10万公里,永磁/同步,230.0,395.0,,,230.0,395.0,,,,,650.0,,,,,4810,1900,1636,2925,1625.0,1630.0,161.0,2175.0,SUV,5.0,5.0,652.0,平开门,主 / 副,前 / 后,,主 / 副,,上下+前后,,USB/Type-C,,12以上,仿皮,前 / 后,自动,12以上,纯电动
sg30512,7249.0,奇瑞,18.0,奇瑞,20032,瑞虎8L,239170,2.0T 自动标准版,2024,燃油,奇瑞汽车,中型SUV,12.99,12.99万,11.96万,12.99万,1998.0,2.0,涡轮增压,L,4.0,,254.0,187.0,5500.0,390.0,1750,汽油,92#,缸内直喷,铝,国VI b,8挡自动,8.0,自动变速箱(AT),200.0,,,3年或10万公里,,,,,,,,,,,,,,,,,4795,1930,1729,2770,1638.0,1638.0,,1725.0,SUV,5.0,5.0,2065.0,平开门,主 / 副,前 / 后,,主 / 副,,上下+前后,,USB/Type-C,,46180,仿皮,前 / 后,自动,46180,燃油
sg30512,,奇瑞,18.0,奇瑞,20032,瑞虎8L,248783,2.0T 自动长虹版,2025,燃油,奇瑞汽车,中型SUV,14.77,14.77万,12.26万,12.77万,1998.0,2.0,涡轮增压,L,4.0,,254.0,187.0,5500.0,390.0,1750,汽油,92#,缸内直喷,铝,国VI b,8挡自动,8.0,自动变速箱(AT),200.0,,,3年或10万公里,,,,,,,,,,,,,,,,,4795,1930,1729,2770,1638.0,1638.0,,1725.0,SUV,5.0,5.0,2065.0,平开门,主 / 副,前 / 后,,主 / 副,,上下+前后,,USB/Type-C,索尼,46243,仿皮,前 / 后,自动,46243,燃油
sg30518,153673.0,小米汽车,535.0,小米汽车,20041,小米YU7,244341,后驱长续航版,2025,纯电动,小米汽车,中大型SUV,25.35,25.35万,25.70万,25.35万,,,,,,,,,,,,纯电动,,,,,电动车单速变速箱,1.0,固定齿比变速箱,240.0,5.88,,5年或10万公里,永磁/同步,235.0,528.0,,,235.0,528.0,,,,,835.0,,,,,4999,1996,1608,3000,1694.0,1700.0,185.0,2315.0,SUV,5.0,5.0,678.0,平开门,主 / 副,前 / 后,,主 / 副,,上下+前后,,USB/Type-C,,12以上,仿皮,前 / 后,自动,12以上,纯电动
sg30518,104559.0,小米汽车,535.0,小米汽车,20041,小米YU7,258908,后驱标准版,2026,纯电动,小米汽车,中大型SUV,23.35,23.35万,24.02万,23.35万,,,,,,,,,,,,纯电动,,,,,电动车单速变速箱,1.0,固定齿比变速箱,240.0,5.88,,5年或10万公里,永磁/同步,235.0,528.0,,,235.0,528.0,,,,,835.0,,,,,4999,1996,1608,3000,1694.0,1700.0,185.0,2315.0,SUV,5.0,5.0,678.0,平开门,主 / 副,前 / 后,,主 / 副,,上下+前后,,USB/Type-C,,12以上,仿皮,前 / 后,自动,12以上,纯电动
sg30537,6436.0,红旗,59.0,红旗,10120,红旗HS3 PHEV,251195,117km 劲为版,2024,插电混动,一汽红旗,紧凑型SUV,15.98,15.98万,暂无报价,12.98万,1498.0,1.5,涡轮增压,L,4.0,,150.0,110.0,,225.0,,插电式混合动力,92#,缸内直喷,铝,国VI,1挡DHT,1.0,,190.0,7.6,,4年或10万公里,永磁/同步,168.0,340.0,168.0,340.0,,,,,,,95.0,,,,,4655,1900,1668,2770,1624.0,1630.0,,1920.0,SUV,5.0,5.0,428.0,平开门,主 / 副,前 / 后,,主 / 副,,上下+前后,,USB/Type-C,,46243,仿皮,前 / 后,自动,46243,插电混动
sg30537,34731.0,红旗,59.0,红旗,10120,红旗HS3 PHEV,251195,117km 劲为版,2025,插电混动,一汽红旗,紧凑型SUV,15.98,15.98万,暂无报价,12.98万,1498.0,1.5,涡轮增压,L,4.0,,150.0,110.0,,225.0,,插电式混合动力,92#,缸内直喷,铝,国VI,1挡DHT,1.0,,190.0,7.6,,4年或10万公里,永磁/同步,168.0,340.0,168.0,340.0,,,,,,,95.0,,,,,4655,1900,1668,2770,1624.0,1630.0,,1920.0,SUV,5.0,5.0,428.0,平开门,主 / 副,前 / 后,,主 / 副,,上下+前后,,USB/Type-C,,46243,仿皮,前 / 后,自动,46243,插电混动
sg30537,7773.0,红旗,59.0,红旗,10120,红旗HS3 PHEV,251195,117km 劲为版,2026,插电混动,一汽红旗,紧凑型SUV,15.98,15.98万,暂无报价,12.98万,1498.0,1.5,涡轮增压,L,4.0,,150.0,110.0,,225.0,,插电式混合动力,92#,缸内直喷,铝,国VI,1挡DHT,1.0,,190.0,7.6,,4年或10万公里,永磁/同步,168.0,340.0,168.0,340.0,,,,,,,95.0,,,,,4655,1900,1668,2770,1624.0,1630.0,,1920.0,SUV,5.0,5.0,428.0,平开门,主 / 副,前 / 后,,主 / 副,,上下+前后,,USB/Type-C,,46243,仿皮,前 / 后,自动,46243,插电混动
sg30539,39919.0,领克,174.0,领克,24535,领克Z20,242450,530km 后驱Pro,2025,纯电动,领克,紧凑型SUV,13.59,13.59万,12.31万,12.79万,,,,,,,,,,,,纯电动,,,,,电动车单速变速箱,1.0,固定齿比变速箱,190.0,5.3,,5年或10万公里,永磁/同步,250.0,373.0,,,250.0,373.0,,,,,530.0,,,,,4460,1845,1573,2755,1595.0,1600.0,191.0,1899.0,SUV,5.0,5.0,450.0,平开门,主 / 副,前 / 后,,主 / 副,,上下+前后,,USB/Type-C,,46243,仿皮,前 / 后,自动,46243,纯电动
sg30539,5782.0,领克,174.0,领克,24535,领克Z20,250129,430km 后驱Plus,2026,纯电动,领克,紧凑型SUV,10.99,10.99万,11.49万,10.49万,,,,,,,,,,,,纯电动,,,,,电动车单速变速箱,1.0,固定齿比变速箱,180.0,6.9,,5年或10万公里,永磁/同步,175.0,300.0,,,175.0,300.0,,,,,430.0,,,,,4460,1845,1573,2755,1595.0,1600.0,187.0,1799.0,SUV,5.0,5.0,450.0,平开门,主 / 副,前 / 后,,主 / 副,,上下+前后,,USB/Type-C,,46243,仿皮,前 / 后,自动,46243,纯电动
sg30547,7651.0,宝马,4.0,宝马,24609,宝马2系,244090,225L M运动套装,2025,燃油,华晨宝马,紧凑型车,20.8,20.80万,15.82万,16.00万,1998.0,2.0,涡轮增压,L,4.0,Valvetronic/Double VANOS,227.0,167.0,5000.0,300.0,1450,汽油,95#,混合喷射,铝,国VI,7挡双离合,7.0,湿式双离合变速箱（DCT）,237.0,7.3,6.2,3年或10万公里,,,,,,,,,,,,,,,,,4663,1801,1457,2780,1559.0,1560.0,,1500.0,三厢车,4.0,5.0,,平开门,主 / 副,前 / 后,,主 / 副,,上下+前后,大屏,USB/Type-C,,46180,仿皮,前 / 后,自动,46180,燃油
sg30547,2510.0,宝马,4.0,宝马,24609,宝马2系,255928,225L M运动套装,2026,燃油,华晨宝马,紧凑型车,20.8,20.80万,暂无报价,16.00万,1998.0,2.0,涡轮增压,L,4.0,Valvetronic/Double VANOS,227.0,167.0,5000.0,300.0,1450,汽油,95#,混合喷射,铝,国VI,7挡双离合,7.0,湿式双离合变速箱（DCT）,237.0,7.3,6.2,3年或10万公里,,,,,,,,,,,,,,,,,4663,1801,1457,2780,1559.0,1560.0,,1500.0,三厢车,4.0,5.0,,平开门,主 / 副,前 / 后,,主 / 副,,上下+前后,大屏,USB/Type-C,,46180,仿皮,前 / 后,自动,46180,燃油
sg30555,52397.0,捷途,209.0,捷途,24612,捷途自由者,239228,1.5TD 探索,2025,燃油,奇瑞汽车,紧凑型SUV,12.49,12.49万,10.98万,9.99万,1499.0,1.5,涡轮增压,L,4.0,,184.0,135.0,5500.0,290.0,2000,汽油,92#,缸内直喷,铝,国VI,7挡双离合,7.0,湿式双离合变速箱（DCT）,180.0,,,4年或10万公里,,,,,,,,,,,,,,,,,4706,1967,1845,2810,1690.0,1700.0,200.0,1656.0,SUV,5.0,5.0,,平开门,主 / 副,前 / 后,,主 / 副,,上下+前后,,USB/Type-C,,46243,仿皮,前 / 后,自动,46243,燃油
sg30555,13108.0,捷途,209.0,捷途,24612,捷途自由者,260464,1.5TD 启程,2026,纯电动,奇瑞汽车,紧凑型SUV,11.49,11.49万,暂无报价,8.99万,,,,,,,,,,,,,,,,,,,,,,,4年或10万公里,,,,,,,,,,,,,,,,,4706,1967,1845,2810,,,,,SUV,,5.0,,,主 / 副,前 / 后,,主 / 副,,,,,,,,前 / 后,：,,未知
sg30561,12514.0,蓝电,868.0,蓝电,24659,蓝电E5 PLUS,241377,100km 基础续航版,2025,插电混动,赛力斯蓝电汽车,中型SUV,9.98,9.98万,暂无报价,9.98万,1499.0,1.5,自然吸气,L,4.0,,95.0,70.0,,,,插电式混合动力,92#,多点电喷,铝,国VI b,E-CVT无级变速,,电子无级变速箱(E-CVT),165.0,7.8,,6年或15万公里,永磁/同步,130.0,300.0,130.0,300.0,,,,,,,100.0,,,,,4760,1865,1710,2785,1585.0,1580.0,,1780.0,SUV,5.0,5.0,465.0,平开门,主 / 副,前 / 后,,主 / 副,,上下,,USB/Type-C,,46117,仿皮,前 / 后,手动,46117,插电混动
sg30561,3065.0,蓝电,868.0,蓝电,24659,蓝电E5 PLUS,248396,165km 长续航先享版,2026,插电混动,赛力斯蓝电汽车,中型SUV,9.98,9.98万,9.94万,9.98万,1499.0,1.5,自然吸气,L,4.0,,95.0,70.0,,,,插电式混合动力,92#,多点电喷,铝,国VI b,E-CVT无级变速,,电子无级变速箱(E-CVT),180.0,7.8,,6年或15万公里,永磁/同步,160.0,330.0,160.0,330.0,,,,,,,120.0,,,,,4760,1865,1710,2785,1585.0,1580.0,,1900.0,SUV,5.0,5.0,465.0,平开门,主 / 副,前 / 后,,主 / 副,,上下,,USB/Type-C,,46117,仿皮,前 / 后,手动,46117,插电混动
sg30566,1556.0,大众,1.0,大众,24727,高尔夫GTI,253630,380TSI DSG GTI,2025,燃油,一汽-大众,紧凑型车,21.19,21.19万,20.18万,20.99万,1984.0,2.0,涡轮增压,L,4.0,,220.0,162.0,4900.0,350.0,1600,汽油,95#,缸内直喷,铁,国VI,7挡双离合,7.0,湿式双离合变速箱（DCT）,230.0,6.9,,3年或10万公里,,,,,,,,,,,,,,,,,4289,1788,1468,2631,1534.0,1511.0,,1464.0,两厢车,5.0,5.0,342.0,平开门,主 / 副,前 / 后,,主 / 副,,上下+前后,大屏,USB/Type-C,哈曼卡顿,46306,,前 / 后,自动,46306,燃油
sg30566,982.0,大众,1.0,大众,24727,高尔夫GTI,253630,380TSI DSG GTI,2026,燃油,一汽-大众,紧凑型车,21.19,21.19万,20.18万,20.99万,1984.0,2.0,涡轮增压,L,4.0,,220.0,162.0,4900.0,350.0,1600,汽油,95#,缸内直喷,铁,国VI,7挡双离合,7.0,湿式双离合变速箱（DCT）,230.0,6.9,,3年或10万公里,,,,,,,,,,,,,,,,,4289,1788,1468,2631,1534.0,1511.0,,1464.0,两厢车,5.0,5.0,342.0,平开门,主 / 副,前 / 后,,主 / 副,,上下+前后,大屏,USB/Type-C,哈曼卡顿,46306,,前 / 后,自动,46306,燃油
sg30567,107.0,江淮,882.0,江淮汽车,sg30567,江淮X8 E家,241235,1.5T DHT 家享版 5座,2024,插电混动,江汽集团,中型SUV,9.98,9.98万,暂无报价,9.98万,1499.0,1.5,涡轮增压,L,4.0,低压冷却EGR技术,152.0,112.0,,210.0,4000,插电式混合动力,92#,多点电喷,铁,国VI,1挡DHT,1.0,,170.0,7.7,,3年或10万公里,永磁/同步,150.0,320.0,150.0,320.0,,,,,,,84.0,,,,,4825,1870,1758,2830,1575.0,1590.0,,1785.0,SUV,5.0,5.0,2760.0,平开门,主 / 副,前 / 后,,主 / 副,,上下+前后,,USB/Type-C,,46117,织物,前 / 后,手动,46117,插电混动
sg30567,246.0,江淮,882.0,江淮汽车,sg30567,江淮X8 E家,247124,1.5T DHT 家馨版 6座,2025,插电混动,江汽集团,中型SUV,18.98,18.98万,暂无报价,18.98万,1499.0,1.5,涡轮增压,L,4.0,低压冷却EGR技术,152.0,112.0,,210.0,4000,插电式混合动力,92#,多点电喷,铁,国VI,1挡DHT,1.0,,170.0,7.7,,3年或10万公里,永磁/同步,150.0,320.0,150.0,320.0,,,,,,,84.0,,,,,4825,1870,1758,2830,1575.0,1590.0,,1835.0,SUV,5.0,6.0,2760.0,平开门,主 / 副,前 / 后,,主 / 副,,上下+前后,,USB/Type-C,,46180,仿皮,前 / 后,自动,46180,插电混动
sg30568,266.0,领途,247.0,领途汽车,sg30568,领途E-M8,239615,320KM 豪华型中级营运 7座,2025,插电混动,领途汽车,中大型MPV,14.18,14.18万,暂无报价,14.18万,,,,,,,,,,,,纯电动,,,,,电动车单速变速箱,1.0,固定齿比变速箱,100.0,,,5年或10万公里,永磁/同步,60.0,220.0,,,60.0,220.0,,,,,,,,,,5240,1870,1950,3200,1610.0,1610.0,150.0,1880.0,MPV,4.0,7.0,,侧滑门,主 / 副,前 / 后,,主 / 副,,上下,,USB/Type-C,,46056,织物,前 / 后,手动,46056,插电混动
sg30571,27288.0,比亚迪,16.0,比亚迪,24597,夏,253535,DM-i 100KM进取型,2025,插电混动,比亚迪,中大型MPV,20.68,20.68万,24.78万,19.48万,1498.0,1.5,涡轮增压,L,4.0,米勒循环/可变截面涡轮/VVT,156.0,115.0,5500.0,225.0,2500,插电式混合动力,92#,缸内直喷,铝,国VI,E-CVT无级变速,,电子无级变速箱(E-CVT),190.0,8.1,,6年或15万公里,永磁/同步,200.0,315.0,200.0,315.0,,,,,,,85.0,,80,,,5145,1970,1805,3045,1676.0,1683.0,140.0,2470.0,MPV,5.0,7.0,470.0,侧滑门,主 / 副,前 / 后,,主 / 副,,上下+前后,,USB/Type-C+SD卡槽,,12以上,仿皮,前 / 后,自动,12以上,插电混动
sg30571,4101.0,比亚迪,16.0,比亚迪,24597,夏,253535,DM-i 100KM进取型,2026,插电混动,比亚迪,中大型MPV,20.68,20.68万,24.78万,19.48万,1498.0,1.5,涡轮增压,L,4.0,米勒循环/可变截面涡轮/VVT,156.0,115.0,5500.0,225.0,2500,插电式混合动力,92#,缸内直喷,铝,国VI,E-CVT无级变速,,电子无级变速箱(E-CVT),190.0,8.1,,6年或15万公里,永磁/同步,200.0,315.0,200.0,315.0,,,,,,,85.0,,80,,,5145,1970,1805,3045,1676.0,1683.0,140.0,2470.0,MPV,5.0,7.0,470.0,侧滑门,主 / 副,前 / 后,,主 / 副,,上下+前后,,USB/Type-C+SD卡槽,,12以上,仿皮,前 / 后,自动,12以上,插电混动
sg30594,73061.0,零跑汽车,207.0,零跑汽车,9268,零跑B10,246030,510舒享版,2025,纯电动,零跑汽车,紧凑型SUV,9.98,9.98万,8.90万,9.58万,,,,,,,,,,,,纯电动,,,,,电动车单速变速箱,1.0,固定齿比变速箱,160.0,9.3,,4年或12万公里,永磁/同步,132.0,175.0,,,132.0,175.0,,,,,510.0,,,,,4515,1885,1655,2735,1615.0,1605.0,145.0,1670.0,SUV,5.0,5.0,420.0,平开门,主 / 副,前 / 后,,主 / 副,,上下+前后,,USB/Type-C,,46180,仿皮,前 / 后,自动,46180,纯电动
sg30599,13314.0,奥迪,2.0,奥迪,24944,奥迪A5L Sportback,249621,2.0TFSI 150kW 豪华型,2025,燃油,上汽奥迪,中型车,27.99,27.99万,26.93万,25.99万,1984.0,2.0,涡轮增压,L,4.0,米勒循环、可变截面涡轮,204.0,150.0,4300.0,340.0,2000,汽油,95#,缸内直喷,铁,国VI b,7挡双离合,7.0,湿式双离合变速箱（DCT）,240.0,7.8,,3年或10万公里,,,,,,,,,,,,,,,,,4903,1883,1447,2922,1640.0,1627.0,,1810.0,掀背车,5.0,5.0,410.0,平开门,主 / 副,前 / 后,,主 / 副,,上下+前后,大屏,USB/Type-C,,46243,仿皮,前 / 后,自动,46243,燃油
sg30599,8198.0,奥迪,2.0,奥迪,24944,奥迪A5L Sportback,249621,2.0TFSI 150kW 豪华型,2026,燃油,上汽奥迪,中型车,27.99,27.99万,26.93万,25.99万,1984.0,2.0,涡轮增压,L,4.0,米勒循环、可变截面涡轮,204.0,150.0,4300.0,340.0,2000,汽油,95#,缸内直喷,铁,国VI b,7挡双离合,7.0,湿式双离合变速箱（DCT）,240.0,7.8,,3年或10万公里,,,,,,,,,,,,,,,,,4903,1883,1447,2922,1640.0,1627.0,,1810.0,掀背车,5.0,5.0,410.0,平开门,主 / 副,前 / 后,,主 / 副,,上下+前后,大屏,USB/Type-C,,46243,仿皮,前 / 后,自动,46243,燃油
sg30603,1356.0,奇瑞,18.0,奇瑞,24756,瑞虎8 PLUS C-DM,240370,1.5T 舒适型,2025,插电混动,奇瑞汽车,中型SUV,12.99,12.99万,暂无报价,11.99万,1499.0,1.5,涡轮增压,L,4.0,米勒循环,156.0,115.0,5200.0,220.0,2500,插电式混合动力,92#,缸内直喷,铝,国VI,1挡DHT,1.0,,175.0,,,3年或10万公里,永磁/同步,150.0,310.0,150.0,310.0,,,265.0,530.0,,,90.0,,,,,4715,1860,1747,2710,1582.0,1604.0,,1879.0,SUV,5.0,5.0,889.0,平开门,主 / 副,前 / 后,,主 / 副,,上下+前后,,USB/Type-C,索尼,46243,仿皮,前 / 后,自动,46243,插电混动
sg30604,14808.0,埃安,242.0,埃安,24800,AION RT,252204,520智享版,2024,纯电动,广汽埃安新能源,紧凑型车,9.98,9.98万,9.72万,9.30万,,,,,,,,,,,,纯电动,,,,,电动车单速变速箱,1.0,固定齿比变速箱,163.0,7.5,,4年或15万公里,永磁/同步,150.0,240.0,150.0,240.0,,,,,,,520.0,,,,,4865,1875,1520,2775,1602.0,1606.0,,1670.0,三厢车,4.0,5.0,540.0,平开门,主 / 副,前 / 后,,主 / 副,,上下+前后,,USB/Type-C,,46180,仿皮,前 / 后,自动,46180,纯电动
sg30604,54259.0,埃安,242.0,埃安,24800,AION RT,252204,520智享版,2025,纯电动,广汽埃安新能源,紧凑型车,9.98,9.98万,9.72万,9.30万,,,,,,,,,,,,纯电动,,,,,电动车单速变速箱,1.0,固定齿比变速箱,163.0,7.5,,4年或15万公里,永磁/同步,150.0,240.0,150.0,240.0,,,,,,,520.0,,,,,4865,1875,1520,2775,1602.0,1606.0,,1670.0,三厢车,4.0,5.0,540.0,平开门,主 / 副,前 / 后,,主 / 副,,上下+前后,,USB/Type-C,,46180,仿皮,前 / 后,自动,46180,纯电动
sg30604,24297.0,埃安,242.0,埃安,24800,AION RT,252204,520智享版,2026,纯电动,广汽埃安新能源,紧凑型车,9.98,9.98万,9.72万,9.30万,,,,,,,,,,,,纯电动,,,,,电动车单速变速箱,1.0,固定齿比变速箱,163.0,7.5,,4年或15万公里,永磁/同步,150.0,240.0,150.0,240.0,,,,,,,520.0,,,,,4865,1875,1520,2775,1602.0,1606.0,,1670.0,三厢车,4.0,5.0,540.0,平开门,主 / 副,前 / 后,,主 / 副,,上下+前后,,USB/Type-C,,46180,仿皮,前 / 后,自动,46180,纯电动
sg30623,14279.0,奇瑞风云,10409.0,奇瑞风云,24934,风云T8,244380,1.5L 65km舒适版,2025,插电混动,奇瑞汽车,紧凑型SUV,10.39,10.39万,9.15万,9.19万,1498.0,1.5,自然吸气,L,4.0,,102.0,75.0,6000.0,125.0,4000,插电式混合动力,92#,多点电喷,铝,国VI b,1挡DHT,1.0,,,,,终身质保(责任免除条款以官方为准),永磁/同步,150.0,310.0,150.0,310.0,,,225.0,435.0,,,,,,,,4730,1860,1747,2710,1582.0,1604.0,,,SUV,5.0,5.0,889.0,平开门,主 / 副,前 / 后,,主 / 副,,上下+前后,,USB/Type-C,,46180,仿皮,前 / 后,自动,46180,插电混动
sg30626,9259.0,长安欧尚,119.0,长安欧尚,24932,长安欧尚520,246900,标准版,2025,纯电动,长安汽车,紧凑型车,16.68,16.68万,暂无报价,16.68万,,,,,,,,,,,,纯电动,,,,,电动车单速变速箱,1.0,固定齿比变速箱,135.0,,,1年或12万公里,永磁/同步,105.0,190.0,105.0,190.0,,,,,,,515.0,,,,,4770,1840,1470,2765,1570.0,1580.0,,1535.0,三厢车,4.0,5.0,500.0,平开门,主 / 副,前 / 后,,主 / 副,,上下+前后,大屏,USB/Type-C+SD卡槽,,,仿皮,前 / 后,自动,,纯电动
sg30626,2668.0,长安欧尚,119.0,长安欧尚,24932,长安欧尚520,246900,标准版,2026,纯电动,长安汽车,紧凑型车,16.68,16.68万,暂无报价,16.68万,,,,,,,,,,,,纯电动,,,,,电动车单速变速箱,1.0,固定齿比变速箱,135.0,,,1年或12万公里,永磁/同步,105.0,190.0,105.0,190.0,,,,,,,515.0,,,,,4770,1840,1470,2765,1570.0,1580.0,,1535.0,三厢车,4.0,5.0,500.0,平开门,主 / 副,前 / 后,,主 / 副,,上下+前后,大屏,USB/Type-C+SD卡槽,,,仿皮,前 / 后,自动,,纯电动
sg30627,28613.0,奔腾,27.0,奔腾,24919,悦意03,247559,445km 质选版,2025,插电混动,一汽奔腾,紧凑型SUV,7.98,7.98万,7.88万,7.98万,,,,,,,,,,,,纯电动,,,,,电动车单速变速箱,1.0,固定齿比变速箱,160.0,,,3年不限里程,永磁/同步,122.0,200.0,122.0,200.0,,,,,,,445.0,,,,,4450,1860,1635,2750,1595.0,1575.0,171.0,1530.0,SUV,5.0,5.0,415.0,平开门,主 / 副,前 / 后,,主 / 副,,上下+前后,,USB/Type-C,,46117,织物,前 / 后,自动,46117,插电混动
sg30627,10934.0,奔腾,27.0,奔腾,24919,悦意03,256671,445km 舒悦版,2026,纯电动,一汽奔腾,紧凑型SUV,7.98,7.98万,暂无报价,7.98万,,,,,,,,,,,,纯电动,,,,,电动车单速变速箱,1.0,固定齿比变速箱,160.0,,,3年不限里程,永磁/同步,122.0,200.0,122.0,200.0,,,,,,,445.0,,,,,4450,1860,1635,2750,1595.0,1575.0,171.0,1530.0,SUV,5.0,5.0,415.0,平开门,主 / 副,前 / 后,,主 / 副,,上下+前后,,USB/Type-C,,46117,织物,前 / 后,自动,46117,纯电动
sg30631,299.0,睿蓝汽车,381.0,睿蓝汽车,24939,睿蓝8,242508,标准续航版,2024,纯电动,睿蓝汽车,紧凑型MPV,13.78,13.78万,暂无报价,13.78万,,,,,,,,,,,,纯电动,,,,,电动车单速变速箱,1.0,固定齿比变速箱,130.0,,,4年或15万公里,永磁/同步,100.0,230.0,100.0,230.0,,,,,,,407.0,,,,,4812,1909,1699,2807,,,130.0,1805.0,MPV,5.0,7.0,459.0,平开门,主 / 副,前 / 后,,主 / 副,,上下+前后,,USB/Type-C,,,仿皮,前 / 后,手动,,纯电动
sg30631,952.0,睿蓝汽车,381.0,睿蓝汽车,24939,睿蓝8,242508,标准续航版,2025,纯电动,睿蓝汽车,紧凑型MPV,13.78,13.78万,暂无报价,13.78万,,,,,,,,,,,,纯电动,,,,,电动车单速变速箱,1.0,固定齿比变速箱,130.0,,,4年或15万公里,永磁/同步,100.0,230.0,100.0,230.0,,,,,,,407.0,,,,,4812,1909,1699,2807,,,130.0,1805.0,MPV,5.0,7.0,459.0,平开门,主 / 副,前 / 后,,主 / 副,,上下+前后,,USB/Type-C,,,仿皮,前 / 后,手动,,纯电动
sg30631,176.0,睿蓝汽车,381.0,睿蓝汽车,24939,睿蓝8,255581,标准续航版 5座,2026,纯电动,睿蓝汽车,紧凑型MPV,12.78,12.78万,暂无报价,12.78万,,,,,,,,,,,,纯电动,,,,,电动车单速变速箱,1.0,固定齿比变速箱,130.0,,,4年或15万公里,永磁/同步,120.0,240.0,120.0,240.0,,,,,,,425.0,,,,,4812,1909,1699,2807,1592.0,1616.0,130.0,1730.0,MPV,5.0,5.0,819.0,平开门,主 / 副,前 / 后,,主 / 副,,上下+前后,,USB/Type-C,,46056,仿皮,前 / 后,手动,46056,纯电动
sg30632,24909.0,奥迪,2.0,奥迪,24521,奥迪A5L,250532,2.0T 运动版,2025,燃油,一汽奥迪,中型车,25.58,25.58万,24.12万,23.18万,1984.0,2.0,涡轮增压,L,4.0,米勒循环、可变截面涡轮,170.0,125.0,4100.0,300.0,1500,汽油,95#,缸内直喷,铁,国VI b,7挡双离合,7.0,湿式双离合变速箱（DCT）,216.0,8.5,,3年或10万公里,,,,,,,,,,,,,,,,,4908,1860,1427,2969,1624.0,1609.0,95.0,1790.0,三厢车,4.0,5.0,411.0,平开门,主 / 副,前 / 后,,主 / 副,,上下+前后,大屏,USB/Type-C,,46243,仿皮,前 / 后,自动,46243,燃油
sg30632,22183.0,奥迪,2.0,奥迪,24521,奥迪A5L,250532,2.0T 运动版,2026,燃油,一汽奥迪,中型车,25.58,25.58万,24.12万,23.18万,1984.0,2.0,涡轮增压,L,4.0,米勒循环、可变截面涡轮,170.0,125.0,4100.0,300.0,1500,汽油,95#,缸内直喷,铁,国VI b,7挡双离合,7.0,湿式双离合变速箱（DCT）,216.0,8.5,,3年或10万公里,,,,,,,,,,,,,,,,,4908,1860,1427,2969,1624.0,1609.0,95.0,1790.0,三厢车,4.0,5.0,411.0,平开门,主 / 副,前 / 后,,主 / 副,,上下+前后,大屏,USB/Type-C,,46243,仿皮,前 / 后,自动,46243,燃油
sg30636,50256.0,埃安,242.0,埃安,25014,AION UT,245724,330 星耀版,2025,纯电动,广汽埃安新能源,小型车,6.98,6.98万,6.19万,6.58万,,,,,,,,,,,,纯电动,,,,,电动车单速变速箱,1.0,固定齿比变速箱,150.0,,,4年或15万公里,永磁/同步,100.0,145.0,100.0,145.0,,,,,,,330.0,,,,,4270,1850,1575,2750,1600.0,1600.0,130.0,1510.0,两厢车,5.0,5.0,440.0,平开门,主 / 副,前 / 后,,主 / 副,,上下,,USB/Type-C,,46056,织物,前 / 后,自动,46056,纯电动
sg30636,11775.0,埃安,242.0,埃安,25014,AION UT,258505,320 星辉版,2026,纯电动,广汽埃安新能源,小型车,7.38,7.38万,暂无报价,6.98万,,,,,,,,,,,,纯电动,,,,,电动车单速变速箱,1.0,固定齿比变速箱,150.0,,,4年或15万公里,永磁/同步,100.0,145.0,100.0,145.0,,,,,,,320.0,,,,,4270,1850,1575,2750,1600.0,1600.0,130.0,1436.0,两厢车,5.0,5.0,440.0,平开门,主 / 副,前 / 后,,主 / 副,,上下,,USB/Type-C,,46117,仿皮,前 / 后,自动,46117,纯电动
sg30642,2.0,捷达,260.0,捷达,24893,捷达VA7,241229,1.4T 听劝版,2024,燃油,一汽-大众捷达,紧凑型车,9.9777,9.9777万,8.48万,8.57万,1395.0,1.4,涡轮增压,L,4.0,,150.0,110.0,5000.0,250.0,1750,汽油,92#,缸内直喷,铝,国VI b,7挡干式双离合,7.0,干式双离合变速箱（DCT）,200.0,9.2,,3年或10万公里,,,,,,,,,,,,,,,,,4773,1789,1469,2731,1543.0,1546.0,113.0,1361.0,三厢车,4.0,5.0,553.0,平开门,主 / 副,前 / 后,,主 / 副,,上下+前后,,USB/Type-C,,46117,织物,前 / 后,手动,46117,燃油
sg30642,5400.0,捷达,260.0,捷达,24893,捷达VA7,241229,1.4T 听劝版,2025,燃油,一汽-大众捷达,紧凑型车,9.9777,9.9777万,8.48万,8.57万,1395.0,1.4,涡轮增压,L,4.0,,150.0,110.0,5000.0,250.0,1750,汽油,92#,缸内直喷,铝,国VI b,7挡干式双离合,7.0,干式双离合变速箱（DCT）,200.0,9.2,,3年或10万公里,,,,,,,,,,,,,,,,,4773,1789,1469,2731,1543.0,1546.0,113.0,1361.0,三厢车,4.0,5.0,553.0,平开门,主 / 副,前 / 后,,主 / 副,,上下+前后,,USB/Type-C,,46117,织物,前 / 后,手动,46117,燃油
sg30642,637.0,捷达,260.0,捷达,24893,捷达VA7,256475,1.4T 自动全能版,2026,燃油,一汽-大众捷达,紧凑型车,9.9777,9.9777万,8.20万,8.37万,1395.0,1.4,涡轮增压,L,4.0,,150.0,110.0,5000.0,250.0,1750,汽油,92#,缸内直喷,铝,国VI b,7挡干式双离合,7.0,干式双离合变速箱（DCT）,200.0,9.2,,3年或10万公里,,,,,,,,,,,,,,,,,4773,1789,1469,2731,1543.0,1546.0,113.0,1361.0,三厢车,4.0,5.0,553.0,平开门,主 / 副,前 / 后,,主 / 副,,上下+前后,,USB/Type-C,,46117,仿皮,前 / 后,手动,46117,燃油
sg30652,455.0,奥迪,2.0,奥迪,25079,奥迪Q6L Sportback e-tron,257394,长续航版,2025,纯电动,一汽奥迪,中型SUV,29.98,29.98万,暂无报价,28.98万,,,,,,,,,,,,纯电动,,,,,电动车单速变速箱,1.0,固定齿比变速箱,200.0,6.2,,3年或10万公里,永磁/同步,215.0,450.0,,,215.0,450.0,,,,,677.0,,,,,4884,1965,1656,2995,1671.0,1658.0,142.0,2393.0,SUV,5.0,5.0,511.0,平开门,主 / 副,前 / 后,,主 / 副,,上下+前后,,USB/Type-C,,46306,仿皮,前 / 后,自动,46306,纯电动
sg30652,163.0,奥迪,2.0,奥迪,25079,奥迪Q6L Sportback e-tron,257394,长续航版,2026,纯电动,一汽奥迪,中型SUV,29.98,29.98万,暂无报价,28.98万,,,,,,,,,,,,纯电动,,,,,电动车单速变速箱,1.0,固定齿比变速箱,200.0,6.2,,3年或10万公里,永磁/同步,215.0,450.0,,,215.0,450.0,,,,,677.0,,,,,4884,1965,1656,2995,1671.0,1658.0,142.0,2393.0,SUV,5.0,5.0,511.0,平开门,主 / 副,前 / 后,,主 / 副,,上下+前后,,USB/Type-C,,46306,仿皮,前 / 后,自动,46306,纯电动
sg30655,45382.0,日产,10.0,日产,25094,日产N7,246662,510 Air,2025,纯电动,东风日产,中大型车,11.99,11.99万,暂无报价,10.99万,,,,,,,,,,,,纯电动,,,,,电动车单速变速箱,1.0,固定齿比变速箱,160.0,,,4年或12万公里,永磁/同步,160.0,305.0,160.0,305.0,,,,,,,540.0,,,,,4930,1895,1484,2915,1634.0,1643.0,118.0,1837.0,三厢车,4.0,5.0,504.0,平开门,主 / 副,前 / 后,,主 / 副,,上下+前后,,USB/Type-C,,46180,,前 / 后,自动,46180,纯电动
sg30655,7446.0,日产,10.0,日产,25094,日产N7,258393,625 Pro 黑骑士,2026,纯电动,东风日产,中大型车,14.89,14.89万,暂无报价,13.49万,,,,,,,,,,,,纯电动,,,,,电动车单速变速箱,1.0,固定齿比变速箱,160.0,,,4年或12万公里,永磁/同步,200.0,305.0,200.0,305.0,,,,,,,635.0,,,,,4967,1895,1492,2915,1634.0,1643.0,123.0,1949.0,三厢车,4.0,5.0,484.0,平开门,主 / 副,前 / 后,,主 / 副,,上下+前后,,USB/Type-C,,12以上,,前 / 后,自动,12以上,纯电动
sg30661,6650.0,奥迪AUDI,10362.0,奥迪AUDI,25058,奥迪E5 Sportback,250808,先锋型,2025,插电混动,上汽奥迪,中型车,23.59,23.59万,21.82万,20.59万,,,,,,,,,,,,纯电动,,,,,电动车单速变速箱,1.0,固定齿比变速箱,205.0,6.1,,3年或10万公里,永磁/同步,220.0,420.0,,,220.0,420.0,,,,,618.0,,,,,4881,1960,1479,2950,1681.0,1678.0,,2225.0,旅行车,5.0,5.0,347.0,平开门,主 / 副,前 / 后,,主 / 副,,上下+前后,,USB/Type-C,,12以上,仿皮,前 / 后,自动,12以上,插电混动
sg30661,4923.0,奥迪AUDI,10362.0,奥迪AUDI,25058,奥迪E5 Sportback,250808,先锋型,2026,插电混动,上汽奥迪,中型车,23.59,23.59万,21.82万,20.59万,,,,,,,,,,,,纯电动,,,,,电动车单速变速箱,1.0,固定齿比变速箱,205.0,6.1,,3年或10万公里,永磁/同步,220.0,420.0,,,220.0,420.0,,,,,618.0,,,,,4881,1960,1479,2950,1681.0,1678.0,,2225.0,旅行车,5.0,5.0,347.0,平开门,主 / 副,前 / 后,,主 / 副,,上下+前后,,USB/Type-C,,12以上,仿皮,前 / 后,自动,12以上,插电混动
sg30662,17271.0,广汽传祺,40.0,广汽传祺,25071,传祺向往S7,252368,205km Pro+版,2025,插电混动,广汽传祺,中大型SUV,15.98,15.98万,13.40万,15.38万,1498.0,1.5,涡轮增压,L,4.0,"VVT,EGR",160.0,118.0,5500.0,220.0,2750,插电式混合动力,92#,缸内直喷,铝,国VI b,1挡DHT,1.0,,185.0,7.9,,3年或10万公里,永磁/同步,170.0,250.0,170.0,250.0,,,288.0,470.0,,,170.0,,,,,4900,1950,1780,2880,1660.0,1670.0,200.0,2135.0,SUV,5.0,5.0,720.0,平开门,主 / 副,前 / 后,,主 / 副,,上下+前后,,USB/Type-C,,12以上,仿皮,前 / 后,自动,12以上,插电混动
sg30672,10351.0,丰田,5.0,丰田,9657,铂智7,256574,600 Pro,2026,纯电动,广汽丰田,中大型车,16.98,16.98万,15.33万,15.48万,,,,,,,,,,,,纯电动,,,,,电动车单速变速箱,1.0,固定齿比变速箱,180.0,,,3年或10万公里,永磁/同步,207.0,320.0,,,207.0,320.0,,,,,600.0,,,,,5130,1965,1506,3020,1701.0,1706.0,,2105.0,三厢车,4.0,5.0,,平开门,主 / 副,前 / 后,,主 / 副,,上下+前后,,USB/Type-C,雅马哈,12以上,仿皮,前 / 后,自动,12以上,纯电动
sg30673,38653.0,firefly萤火虫,10363.0,firefly萤火虫,25116,firefly萤火虫,247055,自在版,2025,纯电动,蔚来,小型车,11.98,11.98万,11.54万,11.98万,,,,,,,,,,,,纯电动,,,,,电动车单速变速箱,1.0,固定齿比变速箱,150.0,8.1,,4年或10万公里,永磁/同步,105.0,200.0,,,105.0,200.0,,,,,420.0,,,,,4003,1781,1557,2615,1533.0,1540.0,142.0,1492.0,两厢车,5.0,5.0,335.0,平开门,主 / 副,前 / 后,,主 / 副,,上下+前后,,,,12以上,皮织混搭,前 / 后,自动,12以上,纯电动
sg30673,28951.0,firefly萤火虫,10363.0,firefly萤火虫,25116,firefly萤火虫,257603,自在版,2026,纯电动,蔚来,小型车,11.98,11.98万,8.07万,11.98万,,,,,,,,,,,,纯电动,,,,,电动车单速变速箱,1.0,固定齿比变速箱,150.0,7.9,,4年或10万公里,永磁/同步,120.0,205.0,,,120.0,205.0,,,,,420.0,,,,,4003,1781,1557,2615,1533.0,1540.0,142.0,1492.0,两厢车,5.0,5.0,335.0,平开门,主 / 副,前 / 后,,主 / 副,,上下+前后,,,,12以上,皮织混搭,前 / 后,自动,12以上,纯电动
sg307,,东风风度,92.0,东风风度,9181,帕拉丁,91450,2.0T 两驱豪享版,2023,燃油,郑州日产,中型SUV,16.98,16.98万,暂无报价,16.98万,1997.0,2.0,涡轮增压,L,4.0,350bar高压喷射系统、双涡道增压器、电子可变机油泵,228.0,168.0,5600.0,360.0,1400,汽油,92#,缸内直喷,铝,国VI,8挡手自一体,8.0,手自一体变速箱(AT),160.0,,,3年或10万公里,,,,,,,,,,,,,,,,,4882,1850,1875,2850,1570.0,1570.0,215.0,1890.0,SUV,5.0,5.0,1170.0,平开门,主 / 副,前 / 后,,主 / 副,,上下,,USB/Type-C,,46117,仿皮,前 / 后,手动,46117,燃油
sg307,2790.0,东风风度,92.0,东风风度,9181,帕拉丁,99861,2.0T 四驱尊享型劲酷版,2024,燃油,郑州日产,中型SUV,19.38,19.38万,18.00万,19.38万,1997.0,2.0,涡轮增压,L,4.0,350bar高压喷射系统、双涡道增压器、电子可变机油泵,228.0,168.0,5600.0,360.0,1400,汽油,92#,缸内直喷,铝,国VI,8挡手自一体,8.0,手自一体变速箱(AT),160.0,10.68,,3年或10万公里,,,,,,,,,,,,,,,,,4882,1850,1875,2850,1570.0,1570.0,215.0,1950.0,SUV,5.0,5.0,1170.0,平开门,主 / 副,前 / 后,,主 / 副,,上下,,USB/Type-C,,46117,真皮,前 / 后,自动,46117,燃油
sg307,1326.0,东风风度,92.0,东风风度,9181,帕拉丁,248332,2.0T 两驱豪享型劲酷版,2025,燃油,郑州日产,中型SUV,17.28,17.28万,暂无报价,17.28万,1997.0,2.0,涡轮增压,L,4.0,350bar高压喷射系统、双涡道增压器、电子可变机油泵,228.0,168.0,5600.0,360.0,1400,汽油,92#,缸内直喷,铝,国VI,8挡手自一体,8.0,手自一体变速箱(AT),160.0,,,3年或10万公里,,,,,,,,,,,,,,,,,4894,1850,1898,2850,1570.0,1570.0,215.0,1890.0,SUV,5.0,5.0,1170.0,平开门,主 / 副,前 / 后,,主 / 副,,上下,,USB/Type-C,,46117,仿皮,前 / 后,手动,46117,燃油
sg307,251.0,东风风度,92.0,东风风度,9181,帕拉丁,258990,2.0T 四驱尊雅型劲酷版,2026,燃油,郑州日产,中型SUV,21.68,21.68万,暂无报价,21.68万,1997.0,2.0,涡轮增压,L,4.0,350bar高压喷射系统、双涡道增压器、电子可变机油泵,228.0,168.0,5600.0,360.0,1400,汽油,92#,缸内直喷,铝,国VI,8挡手自一体,8.0,手自一体变速箱(AT),160.0,10.68,,3年或10万公里,,,,,,,,,,,,,,,,,4894,1850,1898,2850,1570.0,1570.0,215.0,1890.0,SUV,5.0,5.0,1170.0,平开门,主 / 副,前 / 后,,主 / 副,,上下,,USB/Type-C,,46117,真皮,前 / 后,自动,46117,燃油
sg30703,36480.0,阿维塔,475.0,阿维塔,10230,阿维塔 06,246137,Pro 增程版,2025,增程式,阿维塔科技,中型车,20.99,20.99万,19.43万,18.99万,1497.0,1.5,涡轮增压,L,4.0,,156.0,115.0,5000.0,225.0,3200,增程式,92#,缸内直喷,铝,国VI,电动车单速变速箱,1.0,固定齿比变速箱,190.0,6.6,,5年或12万公里,永磁/同步,231.0,367.0,,,231.0,367.0,,,,,170.0,,,,,4855,1960,1467,2940,1668.0,1686.0,125.0,2120.0,三厢车,4.0,5.0,416.0,平开门,主 / 副,前 / 后,,主 / 副,,上下+前后,,USB/Type-C,英国之宝,12以上,仿皮,前 / 后,自动,12以上,增程式
sg30703,9368.0,阿维塔,475.0,阿维塔,10230,阿维塔 06,246137,Pro 增程版,2026,增程式,阿维塔科技,中型车,20.99,20.99万,19.43万,18.99万,1497.0,1.5,涡轮增压,L,4.0,,156.0,115.0,5000.0,225.0,3200,增程式,92#,缸内直喷,铝,国VI,电动车单速变速箱,1.0,固定齿比变速箱,190.0,6.6,,5年或12万公里,永磁/同步,231.0,367.0,,,231.0,367.0,,,,,170.0,,,,,4855,1960,1467,2940,1668.0,1686.0,125.0,2120.0,三厢车,4.0,5.0,416.0,平开门,主 / 副,前 / 后,,主 / 副,,上下+前后,,USB/Type-C,英国之宝,12以上,仿皮,前 / 后,自动,12以上,增程式
sg30704,89932.0,比亚迪,16.0,比亚迪,25139,海狮05EV,243292,430KM 智航版,2025,纯电动,比亚迪,紧凑型SUV,11.78,11.78万,11.32万,11.78万,,,,,,,,,,,,纯电动,,,,,电动车单速变速箱,1.0,固定齿比变速箱,180.0,7.6,,6年或15万公里,永磁/同步,140.0,330.0,,,140.0,330.0,,,磷酸铁锂电池,71.7,430.0,,80,0.5,,4520,1860,1630,2720,1565.0,1565.0,,1670.0,SUV,5.0,5.0,600.0,平开门,主 / 副,前 / 后,,主 / 副,,上下+前后,,USB/Type-C+SD卡槽,,46243,仿皮,前 / 后,自动,46243,纯电动
sg30704,27984.0,比亚迪,16.0,比亚迪,25139,海狮05EV,257881,540领航版,2026,纯电动,比亚迪,紧凑型SUV,11.99,11.99万,10.88万,11.99万,,,,,,,,,,,,纯电动,,,,,电动车单速变速箱,1.0,固定齿比变速箱,190.0,6.6,,6年或15万公里,永磁/同步,200.0,230.0,,,200.0,230.0,,,磷酸铁锂电池,71.7,540.0,,80,0.5,,4620,1860,1630,2770,1565.0,1565.0,,1710.0,SUV,5.0,5.0,600.0,平开门,主 / 副,前 / 后,,主 / 副,,上下+前后,,USB/Type-C+SD卡槽,,46243,仿皮,前 / 后,自动,46243,纯电动
sg30706,4309.0,奔腾,27.0,奔腾,25138,悦意07,247686,150km 质选版,2025,插电混动,一汽奔腾,中型SUV,9.98,9.98万,暂无报价,9.98万,1498.0,1.5,涡轮增压,L,4.0,,150.0,110.0,5000.0,225.0,3000,插电式混合动力,92#,缸内直喷,铝,国VI,1挡DHT,1.0,,180.0,6.9,,3年不限里程,永磁/同步,168.0,340.0,168.0,340.0,,,,,,,112.0,,,,,4745,1880,1710,2772,1610.0,1600.0,,1750.0,SUV,5.0,5.0,590.0,平开门,主 / 副,前 / 后,,主 / 副,,上下+前后,,USB/Type-C,,46180,仿皮,前 / 后,自动,46180,插电混动
sg30706,992.0,奔腾,27.0,奔腾,25138,悦意07,247686,150km 质选版,2026,插电混动,一汽奔腾,中型SUV,9.98,9.98万,暂无报价,9.98万,1498.0,1.5,涡轮增压,L,4.0,,150.0,110.0,5000.0,225.0,3000,插电式混合动力,92#,缸内直喷,铝,国VI,1挡DHT,1.0,,180.0,6.9,,3年不限里程,永磁/同步,168.0,340.0,168.0,340.0,,,,,,,112.0,,,,,4745,1880,1710,2772,1610.0,1600.0,,1750.0,SUV,5.0,5.0,590.0,平开门,主 / 副,前 / 后,,主 / 副,,上下+前后,,USB/Type-C,,46180,仿皮,前 / 后,自动,46180,插电混动
sg30708,24391.0,小鹏,195.0,小鹏汽车,sg30708,小鹏G7,249640,纯电 602 长续航 Max,2025,纯电动,小鹏汽车,中型SUV,19.58,19.58万,19.58万,19.58万,,,,,,,,,,,,纯电动,,,,,电动车单速变速箱,1.0,固定齿比变速箱,202.0,6.6,,5年或12万公里,永磁/同步,218.0,450.0,,,218.0,450.0,,,,,602.0,,,,,4892,1925,1655,2890,1635.0,1650.0,,2085.0,SUV,5.0,5.0,819.0,平开门,主 / 副,前 / 后,,主 / 副,,上下+前后,,USB/Type-C,,12以上,仿皮,前 / 后,自动,12以上,纯电动
sg30708,9834.0,小鹏,195.0,小鹏汽车,sg30708,小鹏G7,255219,增程 1704 Max 科技版,2026,增程式,小鹏汽车,中型SUV,19.58,19.58万,19.19万,19.58万,1499.0,1.5,涡轮增压,L,4.0,,150.0,110.0,5500.0,220.0,2500,增程式,92#,缸内直喷,铝,国VI,电动车单速变速箱,1.0,固定齿比变速箱,202.0,6.9,,5年或12万公里,永磁/同步,218.0,450.0,,,218.0,450.0,,,,,325.0,,,,,4918,1925,1655,2890,1635.0,1650.0,,2245.0,SUV,5.0,5.0,779.0,平开门,主 / 副,前 / 后,,主 / 副,,上下+前后,,USB/Type-C,,12以上,仿皮,前 / 后,自动,12以上,增程式
sg30714,66921.0,长安启源,870.0,长安启源,25132,长安启源Q07,246814,145 尊耀型,2025,插电混动,长安启源,中型SUV,12.98,12.98万,11.57万,11.98万,1497.0,1.5,自然吸气,L,4.0,,98.0,72.0,5600.0,125.0,3000,插电式混合动力,92#,多点电喷,铝,国VI b,E-CVT无级变速,,电子无级变速箱(E-CVT),180.0,7.36,,6年或15万公里,永磁/同步,165.0,330.0,165.0,330.0,,,237.0,455.0,,,111.0,,,,,4837,1920,1690,2905,1620.0,1630.0,185.0,1785.0,SUV,5.0,5.0,763.0,平开门,主 / 副,前 / 后,,主 / 副,,上下+前后,,USB/Type-C,,46243,仿皮,前 / 后,自动,46243,插电混动
sg30715,14213.0,深蓝汽车,515.0,深蓝汽车,25136,深蓝S09,251656,改款 后驱Max,2025,增程式,深蓝汽车,大型SUV,23.99,23.99万,暂无报价,22.99万,1497.0,1.5,涡轮增压,L,4.0,500bar高压直喷、150mJ高能点火,150.0,110.0,5000.0,220.0,3200,增程式,92#,缸内直喷,铝,国VI b,电动车单速变速箱,1.0,固定齿比变速箱,205.0,7.9,,5年或10万公里,永磁/同步,231.0,375.0,,,231.0,375.0,,,,,180.0,,,,,5205,1996,1800,3105,1690.0,1700.0,172.0,2510.0,SUV,5.0,6.0,427.0,平开门,主 / 副,前 / 后,,主 / 副,,上下+前后,,USB/Type-C,,12以上,仿皮,前 / 后,自动,12以上,增程式
sg30715,2970.0,深蓝汽车,515.0,深蓝汽车,25136,深蓝S09,257119,后驱Ultra 超长续航版,2026,增程式,深蓝汽车,大型SUV,25.99,25.99万,18.90万,24.99万,1497.0,1.5,涡轮增压,L,4.0,500bar高压直喷、150mJ高能点火,150.0,110.0,5000.0,220.0,3200,增程式,92#,缸内直喷,铝,国VI b,电动车单速变速箱,1.0,固定齿比变速箱,205.0,7.9,,5年或10万公里,永磁/同步,231.0,375.0,,,231.0,375.0,,,,,240.0,,,,,5205,1996,1800,3105,1690.0,1700.0,172.0,2668.0,SUV,5.0,6.0,427.0,平开门,主 / 副,前 / 后,,主 / 副,,上下+前后,,USB/Type-C,,12以上,仿皮,前 / 后,自动,12以上,增程式
sg30716,22056.0,荣威,36.0,荣威,25140,荣威D6,247730,450km 优享版,2025,纯电动,上汽集团,紧凑型车,9.98,9.98万,8.08万,7.98万,,,,,,,,,,,,纯电动,,,,,电动车单速变速箱,1.0,固定齿比变速箱,150.0,9.0,,3年或10万公里,永磁/同步,95.0,201.0,95.0,201.0,,,,,,,450.0,,,,,4792,1828,1496,2750,1547.0,1547.0,117.0,1380.0,三厢车,4.0,5.0,718.0,平开门,主 / 副,前 / 后,,主 / 副,,上下,,USB/Type-C,,46117,仿皮,前 / 后,自动,46117,纯电动
sg30716,8099.0,荣威,36.0,荣威,25140,荣威D6,258162,450km 优享版,2026,纯电动,上汽集团,紧凑型车,9.98,9.98万,7.98万,7.98万,,,,,,,,,,,,纯电动,,,,,电动车单速变速箱,1.0,固定齿比变速箱,150.0,8.4,,3年或10万公里,永磁/同步,120.0,250.0,120.0,250.0,,,,,,,450.0,,,,,4792,1828,1496,2750,1547.0,1547.0,117.0,1380.0,三厢车,4.0,5.0,718.0,平开门,主 / 副,前 / 后,,主 / 副,,上下,,USB/Type-C,,46117,仿皮,前 / 后,自动,46117,纯电动
sg30717,185.0,领途,247.0,领途汽车,sg30717,领途M8,240830,1.6L 长轴舒适型 6座,2025,燃油,领途汽车,中大型MPV,7.28,7.28万,暂无报价,7.28万,1590.0,1.6,自然吸气,L,4.0,,124.0,91.0,6000.0,161.0,3750,汽油,92#,多点电喷,铁,国VI,5挡手动,5.0,手动变速箱(MT),140.0,,,3年或6万公里,,,,,,,,,,,,,,,,,5240,1870,1950,3200,1610.0,1610.0,,1550.0,MPV,4.0,6.0,,侧滑门,主 / 副,前 / 后,,主 / 副,,上下,,USB/Type-C,,46056,织物,前 / 后,手动,46056,燃油
sg30727,44.0,海马,53.0,海马,sg30727,海马INJOY,240576,INJOY L,2024,纯电动,一汽海马,紧凑型MPV,14.38,暂无报价,暂无报价,,,,,,,,,,,,,,,,,,电动车单速变速箱,1.0,固定齿比变速箱,130.0,,,,,,,,,,,,,,,,,,,,4500,1910,1835,2850,1645.0,1639.0,,1765.0,MPV,5.0,5.0,,侧滑门,主 / 副,前 / 后,,主 / 副,,,,,,,,前 / 后,：,,纯电动
sg30727,71.0,海马,53.0,海马,sg30727,海马INJOY,240576,INJOY L,2025,纯电动,一汽海马,紧凑型MPV,14.38,暂无报价,暂无报价,,,,,,,,,,,,,,,,,,电动车单速变速箱,1.0,固定齿比变速箱,130.0,,,,,,,,,,,,,,,,,,,,4500,1910,1835,2850,1645.0,1639.0,,1765.0,MPV,5.0,5.0,,侧滑门,主 / 副,前 / 后,,主 / 副,,,,,,,,前 / 后,：,,纯电动
sg30728,13525.0,比亚迪,16.0,比亚迪,25188,比亚迪e7,244365,450km 智惠版,2025,纯电动,比亚迪,中型车,10.38,10.38万,暂无报价,10.38万,,,,,,,,,,,,纯电动,,,,,电动车单速变速箱,1.0,固定齿比变速箱,150.0,,,6年或15万公里,永磁/同步,100.0,180.0,100.0,180.0,,,,,磷酸铁锂电池,71.7,450.0,,80,0.5,,4780,1900,1515,2820,1608.0,1616.0,,1499.0,三厢车,4.0,5.0,,平开门,主 / 副,前 / 后,,主 / 副,,上下+前后,大屏,USB/Type-C+SD卡槽,,46117,仿皮,前 / 后,自动,46117,纯电动
sg30728,11747.0,比亚迪,16.0,比亚迪,25188,比亚迪e7,244365,450km 智惠版,2026,纯电动,比亚迪,中型车,10.38,10.38万,暂无报价,10.38万,,,,,,,,,,,,纯电动,,,,,电动车单速变速箱,1.0,固定齿比变速箱,150.0,,,6年或15万公里,永磁/同步,100.0,180.0,100.0,180.0,,,,,磷酸铁锂电池,71.7,450.0,,80,0.5,,4780,1900,1515,2820,1608.0,1616.0,,1499.0,三厢车,4.0,5.0,,平开门,主 / 副,前 / 后,,主 / 副,,上下+前后,大屏,USB/Type-C+SD卡槽,,46117,仿皮,前 / 后,自动,46117,纯电动
sg30732,51372.0,领克,174.0,领克,25161,领克900,246332,1.5T Halo 六座,2025,插电混动,领克,大型SUV,30.99,30.99万,29.50万,27.99万,1499.0,1.5,涡轮增压,L,4.0,,194.0,143.0,5500.0,300.0,2000,插电式混合动力,95#,缸内直喷,铝,国VI,3挡DHT,3.0,,210.0,4.8,,5年或10万公里,永磁/同步,390.0,700.0,160.0,350.0,230.0,350.0,530.0,1000.0,,,185.0,,,,,5240,1999,1800,3160,1722.0,1724.0,194.0,2660.0,SUV,5.0,6.0,300.0,平开门,主 / 副,前 / 后,,主 / 副,,上下+前后,,USB/Type-C+SD卡槽,哈曼卡顿,12以上,真皮,前 / 后,自动,12以上,插电混动
sg30732,8763.0,领克,174.0,领克,25161,领克900,258427,1.5T Halo 五座,2026,插电混动,领克,大型SUV,29.98,29.98万,26.32万,26.48万,1499.0,1.5,涡轮增压,L,4.0,,194.0,143.0,5500.0,300.0,2000,插电式混合动力,95#,缸内直喷,铝,国VI,3挡DHT,3.0,,210.0,4.8,,5年或10万公里,永磁/同步,390.0,700.0,160.0,350.0,230.0,350.0,530.0,1000.0,,,185.0,,,,,5240,1999,1810,3160,1722.0,1724.0,194.0,2680.0,SUV,5.0,5.0,1215.0,平开门,主 / 副,前 / 后,,主 / 副,,上下+前后,,USB/Type-C+SD卡槽,哈曼卡顿,12以上,仿皮,前 / 后,自动,12以上,插电混动
sg30741,0.0,江铃集团新能源,136.0,江铃集团新能源,25194,羿驰05,244434,乐享版,2025,纯电动,江铃集团新能源,紧凑型车,12.98,12.98万,9.80万,12.98万,,,,,,,,,,,,纯电动,,,,,电动车单速变速箱,1.0,固定齿比变速箱,160.0,8.9,,3年或6万公里,永磁/同步,165.0,210.0,165.0,210.0,,,,,,,550.0,,,,,4675,1835,1480,2750,1570.0,1570.0,121.0,1520.0,三厢车,4.0,5.0,410.0,平开门,主 / 副,前 / 后,,主 / 副,,上下+前后,,USB/Type-C,,46056,仿皮,前 / 后,自动,46056,纯电动
sg30741,329.0,江铃集团新能源,136.0,江铃集团新能源,25194,羿驰05,257013,巧克力版(不含电池),2026,纯电动,江铃集团新能源,紧凑型车,7.98,7.98万,暂无报价,7.98万,,,,,,,,,,,,纯电动,,,,,电动车单速变速箱,1.0,固定齿比变速箱,160.0,8.9,,,永磁/同步,165.0,210.0,165.0,210.0,,,,,,,530.0,,,,,4675,1835,1480,2750,1570.0,1570.0,121.0,1570.0,三厢车,4.0,5.0,410.0,平开门,主 / 副,前 / 后,,主 / 副,,上下+前后,,USB/Type-C,,46056,仿皮,前 / 后,自动,46056,纯电动
sg30751,4625.0,纵横,10429.0,纵横,25211,纵横G700,252153,2.0TD 探野版 5座,2025,插电混动,奇瑞汽车,中大型SUV,32.99,32.99万,30.39万,30.49万,1997.0,2.0,涡轮增压,L,4.0,,211.0,155.0,5200.0,340.0,2500,插电式混合动力,92#,缸内直喷,铝,国VI,2挡DHT,2.0,,180.0,4.6,,6年或15万公里,永磁/同步,510.0,795.0,210.0,360.0,300.0,435.0,665.0,1135.0,,,116.0,,,,,5198,2050,1956,2870,1730.0,1730.0,230.0,3063.0,SUV,5.0,5.0,966.0,平开门,主 / 副,前 / 后,,主 / 副,,上下+前后,,USB/Type-C,,12以上,仿皮,前 / 后,自动,12以上,插电混动
sg30751,4473.0,纵横,10429.0,纵横,25211,纵横G700,255335,2.0TD 顶火鸣镝版 5座,2026,插电混动,奇瑞汽车,中大型SUV,42.49,42.49万,39.99万,39.99万,1997.0,2.0,涡轮增压,L,4.0,,211.0,155.0,5200.0,340.0,2500,插电式混合动力,92#,缸内直喷,铝,国VI,2挡DHT,2.0,,180.0,5.6,,6年或15万公里,永磁/同步,510.0,795.0,210.0,360.0,300.0,435.0,665.0,1135.0,,,100.0,,,,,5264,2150,2050,2870,1826.0,1827.0,230.0,3303.0,SUV,5.0,5.0,966.0,平开门,主 / 副,前 / 后,,主 / 副,,上下+前后,,USB/Type-C,,12以上,真皮,前 / 后,自动,12以上,插电混动
sg30794,54472.0,比亚迪,16.0,比亚迪,25238,海豹06EV,248950,470KM 尊荣型,2025,纯电动,比亚迪,中型车,10.98,10.98万,10.47万,10.98万,,,,,,,,,,,,纯电动,,,,,电动车单速变速箱,1.0,固定齿比变速箱,160.0,,4.6,6年或15万公里,永磁/同步,110.0,220.0,,,110.0,220.0,,,,,470.0,,,,,4720,1880,1495,2820,1610.0,1610.0,,1670.0,三厢车,4.0,5.0,423.0,平开门,主 / 副,前 / 后,,主 / 副,,上下+前后,大屏,USB/Type-C+SD卡槽,,46180,仿皮,前 / 后,自动,46180,纯电动
sg30794,23838.0,比亚迪,16.0,比亚迪,25238,海豹06EV,248950,470KM 尊荣型,2026,纯电动,比亚迪,中型车,10.98,10.98万,10.47万,10.98万,,,,,,,,,,,,纯电动,,,,,电动车单速变速箱,1.0,固定齿比变速箱,160.0,,4.6,6年或15万公里,永磁/同步,110.0,220.0,,,110.0,220.0,,,,,470.0,,,,,4720,1880,1495,2820,1610.0,1610.0,,1670.0,三厢车,4.0,5.0,423.0,平开门,主 / 副,前 / 后,,主 / 副,,上下+前后,大屏,USB/Type-C+SD卡槽,,46180,仿皮,前 / 后,自动,46180,纯电动
sg30806,43369.0,乐道,918.0,乐道,25234,乐道L90,250402,六座版Pro,2025,纯电动,蔚来,大型SUV,26.58,26.58万,20.00万,26.58万,,,,,,,,,,,,纯电动,,,,,电动车单速变速箱,1.0,固定齿比变速箱,200.0,5.9,,4年或10万公里,永磁/同步,340.0,400.0,,,340.0,400.0,,,,,605.0,,,,,5145,1998,1786,3110,1720.0,1717.0,165.0,2250.0,SUV,5.0,6.0,430.0,平开门,主 / 副,前 / 后,,主 / 副,,上下+前后,,USB/Type-C+SD卡槽,,12以上,仿皮,前 / 后,自动,12以上,纯电动
sg30806,15750.0,乐道,918.0,乐道,25234,乐道L90,258070,六座版Pro,2026,纯电动,蔚来,大型SUV,26.58,26.58万,14.20万,26.58万,,,,,,,,,,,,纯电动,,,,,电动车单速变速箱,1.0,固定齿比变速箱,200.0,5.9,,4年或10万公里,永磁/同步,340.0,400.0,,,340.0,400.0,,,,,600.0,,,,,5145,1998,1766,3110,1720.0,1717.0,165.0,2300.0,SUV,5.0,6.0,430.0,平开门,主 / 副,前 / 后,,主 / 副,,上下+前后,,USB/Type-C+SD卡槽,,12以上,真皮,前 / 后,自动,12以上,纯电动
sg30807,23141.0,理想汽车,202.0,理想汽车,10178,理想i8,250493,标准版,2025,纯电动,理想汽车,中大型SUV,33.98,33.98万,34.62万,33.98万,,,,,,,,,,,,纯电动,,,,,电动车单速变速箱,1.0,固定齿比变速箱,180.0,4.5,,5年或10万公里,前感应/异步后永磁/同步,400.0,660.0,150.0,235.0,250.0,425.0,,,,,720.0,,,,,5085,1960,1740,3050,1678.0,1688.0,156.0,2610.0,SUV,5.0,6.0,,平开门,主 / 副,前 / 后,,主 / 副,,上下+前后,大屏,USB/Type-C,,12以上,真皮,前 / 后,自动,12以上,纯电动
sg30808,1769.0,示界,10410.0,示界,25239,示界06,245385,520km,2025,纯电动,东风汽车,紧凑型SUV,12.58,12.58万,10.93万,11.88万,,,,,,,,,,,,纯电动,,,,,电动车单速变速箱,1.0,固定齿比变速箱,170.0,6.9,,3年或10万公里,永磁/同步,160.0,310.0,160.0,310.0,,,,,,,520.0,,80,,,4670,1900,1617,2775,1605.0,1605.0,,1770.0,SUV,5.0,5.0,413.0,平开门,主 / 副,前 / 后,,主 / 副,,上下+前后,大屏,USB/Type-C,,46180,仿皮,前 / 后,自动,46180,纯电动
sg30809,2276.0,广汽传祺,40.0,广汽传祺,25288,传祺向往S9,251133,乾崑 Max 5座,2025,插电混动,广汽传祺,中大型SUV,22.99,22.99万,22.12万,19.19万,1498.0,1.5,涡轮增压,L,4.0,GCCS燃烧控制技术/低压EGR/顶置水冷中冷器,160.0,118.0,5500.0,220.0,2750,插电式混合动力,92#,缸内直喷,铝,国VI b,1挡DHT,1.0,,190.0,6.6,,5年或15万公里,永磁/同步,250.0,393.0,170.0,250.0,80.0,143.0,368.0,613.0,,,202.0,,,,,5060,1950,1760,2930,1664.0,1676.0,180.0,2365.0,SUV,5.0,5.0,960.0,平开门,主 / 副,前 / 后,,主 / 副,,上下+前后,,USB/Type-C+SD卡槽,,12以上,仿皮,前 / 后,自动,12以上,插电混动
sg30816,67893.0,零跑汽车,207.0,零跑汽车,9266,零跑B01,250188,430舒享版,2025,纯电动,零跑汽车,紧凑型车,8.98,8.98万,8.65万,8.98万,,,,,,,,,,,,纯电动,,,,,电动车单速变速箱,1.0,固定齿比变速箱,150.0,9.4,,4年或12万公里,永磁/同步,100.0,175.0,,,100.0,175.0,,,,,430.0,,,,,4770,1880,1490,2735,1600.0,1600.0,118.0,1550.0,三厢车,4.0,5.0,460.0,平开门,主 / 副,前 / 后,,主 / 副,,上下+前后,,USB/Type-C,,46180,仿皮,前 / 后,自动,46180,纯电动
sg30816,21466.0,零跑汽车,207.0,零跑汽车,9266,零跑B01,250188,430舒享版,2026,纯电动,零跑汽车,紧凑型车,8.98,8.98万,8.65万,8.98万,,,,,,,,,,,,纯电动,,,,,电动车单速变速箱,1.0,固定齿比变速箱,150.0,9.4,,4年或12万公里,永磁/同步,100.0,175.0,,,100.0,175.0,,,,,430.0,,,,,4770,1880,1490,2735,1600.0,1600.0,118.0,1550.0,三厢车,4.0,5.0,460.0,平开门,主 / 副,前 / 后,,主 / 副,,上下+前后,,USB/Type-C,,46180,仿皮,前 / 后,自动,46180,纯电动
sg30824,123.0,捷途,209.0,捷途,25349,捷途X90 C-DM,246984,1.5TD DHT 精英版,2025,插电混动,奇瑞汽车,中型SUV,15.99,15.99万,暂无报价,14.99万,1499.0,1.5,涡轮增压,L,4.0,米勒循环,156.0,115.0,5200.0,220.0,2500,插电式混合动力,92#,缸内直喷,铝,国VI b,2挡DHT,2.0,,180.0,,,4年或10万公里,永磁/同步,199.0,395.0,199.0,395.0,,,,,,,84.0,,,,,4862,1925,1784,2850,1610.0,1615.0,,1870.0,SUV,5.0,5.0,1634.0,平开门,主 / 副,前 / 后,,主 / 副,,上下+前后,,USB/Type-C,,46243,仿皮,前 / 后,自动,46243,插电混动
sg30835,10347.0,大众,1.0,大众,25395,ID. ERA 9X,257339,Pro 四驱版,2026,增程式,上汽大众,大型SUV,30.98,30.98万,暂无报价,29.98万,1498.0,1.5,涡轮增压,L,4.0,米勒循环,143.0,105.0,4500.0,240.0,1750,增程式,92#,缸内直喷,铝,国VI,电动车单速变速箱,1.0,固定齿比变速箱,200.0,5.6,,3年或10万公里,永磁/同步,370.0,660.0,150.0,240.0,220.0,420.0,,,,,255.0,,,,,5207,1997,1810,3070,1718.0,1728.0,170.0,2680.0,SUV,5.0,6.0,210.0,平开门,主 / 副,前 / 后,,主 / 副,,上下+前后,,USB/Type-C,,12以上,真皮,前 / 后,自动,12以上,增程式
sg30836,90542.0,比亚迪,16.0,比亚迪,25400,海狮06EV,250178,520领航版,2025,纯电动,比亚迪,中型SUV,14.38,14.38万,13.67万,14.38万,,,,,,,,,,,,纯电动,,,,,电动车单速变速箱,1.0,固定齿比变速箱,185.0,7.5,,6年或15万公里,永磁/同步,170.0,330.0,,,170.0,330.0,,,,,520.0,,80,,,4810,1920,1675,2820,1640.0,1665.0,,1920.0,SUV,5.0,5.0,757.0,平开门,主 / 副,前 / 后,,主 / 副,,上下+前后,,USB/Type-C+SD卡槽,,46243,仿皮,前 / 后,自动,46243,纯电动
sg30836,63270.0,比亚迪,16.0,比亚迪,25400,海狮06EV,256503,605领航版,2026,纯电动,比亚迪,中型SUV,15.99,15.99万,16.05万,15.99万,,,,,,,,,,,,纯电动,,,,,电动车单速变速箱,1.0,固定齿比变速箱,210.0,6.8,,6年或15万公里,永磁/同步,240.0,305.0,,,240.0,305.0,,,,,605.0,,80,,,4810,1920,1675,2820,1640.0,1665.0,,1970.0,SUV,5.0,5.0,757.0,平开门,主 / 副,前 / 后,,主 / 副,,上下+前后,,USB/Type-C+SD卡槽,,46243,仿皮,前 / 后,自动,46243,纯电动
sg30841,56478.0,ARCFOX极狐,176.0,ARCFOX极狐,25401,极狐 贝塔T1,250950,320 PRO,2025,插电混动,北汽新能源,小型车,6.28,6.28万,5.86万,5.98万,,,,,,,,,,,,纯电动,,,,,电动车单速变速箱,1.0,固定齿比变速箱,150.0,,,5年或12万公里,永磁/同步,95.0,176.0,95.0,176.0,,,,,,,320.0,,,,,4337,1860,1572,2770,1600.0,1610.0,153.0,1415.0,两厢车,5.0,5.0,459.0,平开门,主 / 副,前 / 后,,主 / 副,,上下+前后,,USB/Type-C,,46117,仿皮,前 / 后,自动,46117,插电混动
sg30841,34344.0,ARCFOX极狐,176.0,ARCFOX极狐,25401,极狐 贝塔T1,256150,350PRO,2026,纯电动,北汽新能源,小型车,6.28,6.28万,暂无报价,6.28万,,,,,,,,,,,,纯电动,,,,,电动车单速变速箱,1.0,固定齿比变速箱,140.0,,,5年或12万公里,永磁/同步,95.0,176.0,95.0,176.0,,,,,,,,,,,,4337,1860,1572,2770,1600.0,1610.0,,1400.0,两厢车,5.0,5.0,,平开门,主 / 副,前 / 后,,主 / 副,,上下+前后,,,,46117,仿皮,前 / 后,自动,46117,纯电动
sg30845,831.0,仰望,546.0,仰望,25717,仰望U8L,256498,鼎世版,2026,增程式,仰望,大型SUV,130.0,130.00万,暂无报价,130.00万,1997.0,2.0,涡轮增压,L,4.0,,272.0,200.0,5000.0,380.0,1600,增程式,92#,缸内直喷,铝,国VI b,电动车单速变速箱,1.0,固定齿比变速箱,200.0,3.5,,6年或15万公里,永磁/同步,880.0,1520.0,440.0,640.0,440.0,640.0,,,三元锂电池,82.8,,,80,0.5,8.0,5400,2049,1921,3250,1745.0,1743.0,135.0,3639.0,SUV,5.0,6.0,386.0,平开门,主 / 副,前 / 后,,主 / 副,,上下+前后,大屏,USB/Type-C+SD卡槽,丹拿,12以上,真皮,前 / 后,自动,12以上,增程式
sg30858,6403.0,猛士,527.0,猛士,25412,猛士M817,253923,Hero版,2025,插电混动,猛士科技,大型SUV,30.19,30.19万,暂无报价,30.19万,1497.0,1.5,涡轮增压,L,4.0,,197.0,145.0,,290.0,,插电式混合动力,92#,缸内直喷,铝,国VI b,2挡DHT,2.0,,180.0,5.2,,6年或15万公里,永磁/同步,405.0,760.0,200.0,350.0,205.0,410.0,505.0,848.0,,,110.0,,,,,5100,1998,1899,3005,1710.0,1707.0,222.0,2817.0,SUV,5.0,5.0,828.0,平开门,主 / 副,前 / 后,,主 / 副,,上下+前后,,USB/Type-C,,12以上,仿皮,前 / 后,自动,12以上,插电混动
sg30858,5851.0,猛士,527.0,猛士,25412,猛士M817,260536,Mate,2026,纯电动,猛士科技,大型SUV,29.99,29.99万,暂无报价,29.99万,,,,,,,,,,,,,,,,,,,,,,,6年或15万公里,,,,,,,,,,,,,,,,,5100,1998,1899,3005,,,,,SUV,,5.0,,,主 / 副,前 / 后,,主 / 副,,,,,,,,前 / 后,：,,未知
sg30862,7387.0,日产,10.0,日产,25636,日产N6,258383,180 Pro 青春版,2025,插电混动,东风日产,中型车,10.39,10.39万,9.89万,9.59万,1497.0,1.5,自然吸气,L,4.0,,102.0,75.0,5500.0,135.0,4500,插电式混合动力,92#,缸内直喷,铝,国VI b,1挡DHT,1.0,,160.0,6.8,,6年或15万公里,永磁/同步,155.0,320.0,155.0,320.0,,,,,,,130.0,,,,,4831,1885,1491,2815,1633.0,1647.0,110.0,1675.0,轿车,4.0,5.0,570.0,平开门,主 / 副,前 / 后,,主 / 副,,上下+前后,,USB/Type-C,,46117,,前 / 后,自动,46117,插电混动
sg30862,13933.0,日产,10.0,日产,25636,日产N6,258383,180 Pro 青春版,2026,插电混动,东风日产,中型车,10.39,10.39万,9.89万,9.59万,1497.0,1.5,自然吸气,L,4.0,,102.0,75.0,5500.0,135.0,4500,插电式混合动力,92#,缸内直喷,铝,国VI b,1挡DHT,1.0,,160.0,6.8,,6年或15万公里,永磁/同步,155.0,320.0,155.0,320.0,,,,,,,130.0,,,,,4831,1885,1491,2815,1633.0,1647.0,110.0,1675.0,轿车,4.0,5.0,570.0,平开门,主 / 副,前 / 后,,主 / 副,,上下+前后,,USB/Type-C,,46117,,前 / 后,自动,46117,插电混动
sg30870,558.0,现代,11.0,现代,25427,EO 羿欧,249357,两驱FUN 64.2kWh,2025,纯电动,北京现代,紧凑型SUV,11.98,11.98万,暂无报价,11.98万,,,,,,,,,,,,纯电动,,,,,电动车单速变速箱,1.0,固定齿比变速箱,185.0,,,3年或10万公里,永磁/同步,160.0,310.0,160.0,310.0,,,,,,,540.0,,,,,4615,1875,1675,2750,1626.0,1631.0,,1884.0,SUV,5.0,5.0,506.0,平开门,主 / 副,前 / 后,,主 / 副,,上下+前后,,USB/Type-C,,46180,仿皮,前 / 后,自动,46180,纯电动
sg30870,487.0,现代,11.0,现代,25427,EO 羿欧,249357,两驱FUN 64.2kWh,2026,纯电动,北京现代,紧凑型SUV,11.98,11.98万,暂无报价,11.98万,,,,,,,,,,,,纯电动,,,,,电动车单速变速箱,1.0,固定齿比变速箱,185.0,,,3年或10万公里,永磁/同步,160.0,310.0,160.0,310.0,,,,,,,540.0,,,,,4615,1875,1675,2750,1626.0,1631.0,,1884.0,SUV,5.0,5.0,506.0,平开门,主 / 副,前 / 后,,主 / 副,,上下+前后,,USB/Type-C,,46180,仿皮,前 / 后,自动,46180,纯电动
sg30886,12540.0,iCAR,909.0,iCAR,25620,iCAR V27,256757,210km 两驱猎鹰500,2026,增程式,奇瑞新能源,中大型SUV,16.98,16.98万,15.74万,16.48万,1499.0,1.5,涡轮增压,L,4.0,米勒循环,156.0,115.0,5200.0,220.0,2500,增程式,92#,缸内直喷,铝,国VI,电动车单速变速箱,1.0,固定齿比变速箱,180.0,8.4,,5年或12万公里,永磁/同步,185.0,300.0,,,185.0,300.0,,,,,150.0,,,,,5055,1976,1894,2910,1668.0,1673.0,220.0,2222.0,SUV,5.0,5.0,715.0,平开门,主 / 副,前 / 后,,主 / 副,,上下+前后,,USB/Type-C,,12以上,仿皮,前 / 后,自动,12以上,增程式
sg30896,8071.0,捷达,260.0,捷达,9264,捷达VS8,249630,280TSI 自动全能版,2026,燃油,一汽-大众捷达,中型SUV,11.99,11.99万,9.10万,9.59万,1395.0,1.4,涡轮增压,L,4.0,D-VVT,150.0,110.0,5000.0,250.0,1750,汽油,92#,缸内直喷,铝,国VI b,6挡手自一体,6.0,手自一体变速箱(AT),175.0,,,3年或10万公里,,,,,,,,,,,,,,,,,4629,1851,1624,2731,1572.0,1544.0,149.0,1468.0,SUV,5.0,5.0,654.0,平开门,主 / 副,前 / 后,,主 / 副,,上下+前后,,USB/Type-C,,46117,织物,前 / 后,手动,46117,燃油
sg30905,25223.0,领克,174.0,领克,26030,领克10,259438,701 长续航 Max,2025,纯电动,领克,中大型车,18.39,18.39万,18.30万,16.99万,,,,,,,,,,,,,,,,,,,,,,,5年或10万公里,,,,,,,,,,,,,,,,,5050,1966,1468,3005,,,,,三厢车,,5.0,,,主 / 副,前 / 后,,主 / 副,,,,,,,,前 / 后,：,,未知
sg30905,18023.0,领克,174.0,领克,26030,领克10,259438,701 长续航 Max,2026,纯电动,领克,中大型车,18.39,18.39万,18.30万,16.99万,,,,,,,,,,,,,,,,,,,,,,,5年或10万公里,,,,,,,,,,,,,,,,,5050,1966,1468,3005,,,,,三厢车,,5.0,,,主 / 副,前 / 后,,主 / 副,,,,,,,,前 / 后,：,,未知
sg30908,7007.0,小鹏,195.0,小鹏汽车,sg30908,小鹏GX,259102,纯电 665Max,2026,纯电动,小鹏汽车,大型SUV,27.98,27.98万,暂无报价,26.98万,,,,,,,,,,,,纯电动,,,,,电动车单速变速箱,1.0,固定齿比变速箱,200.0,,,5年或12万公里,前交流/异步后永磁/同步,430.0,695.0,160.0,230.0,270.0,465.0,,,,,750.0,,,,,5265,1999,1800,3115,1725.0,1749.0,,2785.0,SUV,5.0,6.0,673.0,平开门,主 / 副,前 / 后,,主 / 副,,上下+前后,,USB/Type-C,,12以上,真皮,前 / 后,自动,12以上,纯电动
sg30914,261.0,比亚迪,16.0,比亚迪,25579,比亚迪M9,251290,1060 领航版,2025,插电混动,比亚迪,中大型MPV,22.98,22.98万,暂无报价,22.98万,1498.0,1.5,涡轮增压,L,4.0,米勒循环/可变截面涡轮/VVT,156.0,115.0,5500.0,225.0,2500,插电式混合动力,92#,缸内直喷,铝,国VI,E-CVT无级变速,,电子无级变速箱(E-CVT),190.0,8.1,,1年或10万公里,永磁/同步,200.0,315.0,200.0,315.0,,,,,,,85.0,,80,,,5145,1970,1805,3045,1676.0,1683.0,140.0,2470.0,MPV,5.0,7.0,470.0,侧滑门,主 / 副,前 / 后,,主 / 副,,上下+前后,,USB/Type-C,,12以上,仿皮,前 / 后,自动,12以上,插电混动
sg30914,51.0,比亚迪,16.0,比亚迪,25579,比亚迪M9,251290,1060 领航版,2026,插电混动,比亚迪,中大型MPV,22.98,22.98万,暂无报价,22.98万,1498.0,1.5,涡轮增压,L,4.0,米勒循环/可变截面涡轮/VVT,156.0,115.0,5500.0,225.0,2500,插电式混合动力,92#,缸内直喷,铝,国VI,E-CVT无级变速,,电子无级变速箱(E-CVT),190.0,8.1,,1年或10万公里,永磁/同步,200.0,315.0,200.0,315.0,,,,,,,85.0,,80,,,5145,1970,1805,3045,1676.0,1683.0,140.0,2470.0,MPV,5.0,7.0,470.0,侧滑门,主 / 副,前 / 后,,主 / 副,,上下+前后,,USB/Type-C,,12以上,仿皮,前 / 后,自动,12以上,插电混动
sg30915,28971.0,理想汽车,202.0,理想汽车,25557,理想i6,252395,两驱 标准版,2025,纯电动,理想汽车,中大型SUV,24.98,24.98万,24.32万,24.98万,,,,,,,,,,,,纯电动,,,,,电动车单速变速箱,1.0,固定齿比变速箱,180.0,6.5,,5年或10万公里,永磁/同步,250.0,425.0,,,250.0,425.0,,,,,720.0,,,,,4950,1935,1670,3000,1653.0,1663.0,148.0,2380.0,SUV,5.0,5.0,728.0,平开门,主 / 副,前 / 后,,主 / 副,,上下+前后,大屏,USB/Type-C,,12以上,真皮,前 / 后,自动,12以上,纯电动
sg30917,15282.0,ARCFOX极狐,176.0,ARCFOX极狐,25573,极狐 贝塔S3,259155,460 PLUS,2026,燃油,北汽新能源,中型车,8.48,8.48万,暂无报价,8.08万,,,,,,,,,,,,纯电动,,,,,,,,,,,3年或12万公里,,,,,,,,,,,,,,,,,4916,1900,1480,2876,,,,,三厢车,,5.0,,,主 / 副,前 / 后,,主 / 副,,,,,,,,前 / 后,：,,燃油
sg30924,7942.0,智己汽车,419.0,智己汽车,25607,智己LS9,253553,52 Ultra,2026,增程式,智己汽车,大型SUV,33.28,33.28万,32.00万,32.28万,1496.0,1.5,涡轮增压,L,4.0,,155.0,114.0,5500.0,240.0,2000,增程式,92#,缸内直喷,铝,国VI,电动车单速变速箱,1.0,固定齿比变速箱,220.0,4.9,,5年或15万公里,永磁/同步,380.0,670.0,150.0,240.0,230.0,430.0,,,,,255.0,,,,,5279,2000,1806,3160,1715.0,1726.0,161.0,2670.0,SUV,5.0,6.0,372.0,平开门,主 / 副,前 / 后,,主 / 副,,上下+前后,,USB/Type-C,,12以上,真皮,前 / 后,自动,12以上,增程式
sg30925,215.0,福特,7.0,福特,25603,福特智趣烈马,253936,远湾增程版,2026,增程式,江铃福特,中大型SUV,22.98,22.98万,暂无报价,22.98万,1498.0,1.5,涡轮增压,L,4.0,,150.0,110.0,5500.0,240.0,2000,增程式,92#,缸内直喷,铝,国VI,电动车单速变速箱,1.0,固定齿比变速箱,170.0,5.8,,5年或10万公里,永磁/同步,310.0,600.0,130.0,,180.0,,310.0,600.0,,,,,,,,5025,1960,1825,2950,1670.0,1670.0,220.0,2510.0,SUV,5.0,5.0,497.0,平开门,主 / 副,前 / 后,,主 / 副,,上下+前后,,USB/Type-C,,46243,仿皮,前 / 后,自动,46243,增程式
sg30927,113.0,江铃集团新能源,136.0,江铃集团新能源,25612,羿驰05S,252228,500舒享版,2026,纯电动,江铃集团新能源,紧凑型SUV,9.78,9.78万,暂无报价,9.78万,,,,,,,,,,,,纯电动,,,,,电动车单速变速箱,1.0,固定齿比变速箱,170.0,8.9,,3年或6万公里,永磁/同步,165.0,210.0,165.0,210.0,,,,,,,500.0,,,,,4640,1870,1685,2770,1585.0,1595.0,160.0,1700.0,SUV,5.0,5.0,450.0,平开门,主 / 副,前 / 后,,主 / 副,,上下+前后,,USB/Type-C,,46117,织物,前 / 后,自动,46117,纯电动
sg30934,2555.0,星途,251.0,星途,25601,星途ET5,253810,210舒享版,2026,增程式,星途,中型SUV,14.49,14.49万,13.86万,12.99万,1499.0,1.5,涡轮增压,L,4.0,米勒循环/第四代智效燃烧系统,156.0,115.0,5200.0,220.0,2500,增程式,92#,缸内直喷,铝,国VI b,电动车单速变速箱,1.0,固定齿比变速箱,200.0,7.6,,4年或12万公里,永磁/同步,195.0,324.0,,,195.0,324.0,,,,,165.0,,,,,4780,1890,1720,2800,1624.0,1624.0,,2065.0,SUV,5.0,5.0,,平开门,主 / 副,前 / 后,,主 / 副,,上下+前后,,USB/Type-C,索尼,46243,仿皮,前 / 后,自动,46243,增程式
sg30935,17209.0,吉利银河,858.0,吉利银河,25611,银河星耀6,253402,60km 自在版,2025,插电混动,吉利银河,紧凑型车,7.48,7.48万,6.81万,6.88万,1499.0,1.5,自然吸气,L,4.0,VVT,112.0,82.0,6000.0,136.0,4000,插电式混合动力,92#,多点电喷,铝,国VI b,1挡DHT,1.0,,180.0,,,6年或15万公里,永磁/同步,120.0,210.0,120.0,210.0,,,,,,,50.0,,,,,4806,1886,1490,2756,1620.0,1620.0,145.0,1505.0,三厢车,4.0,5.0,609.0,平开门,主 / 副,前 / 后,,主 / 副,,上下+前后,,USB/Type-C,,46117,仿皮,前 / 后,自动,46117,插电混动
sg30935,15231.0,吉利银河,858.0,吉利银河,25611,银河星耀6,253402,60km 自在版,2026,插电混动,吉利银河,紧凑型车,7.48,7.48万,6.81万,6.88万,1499.0,1.5,自然吸气,L,4.0,VVT,112.0,82.0,6000.0,136.0,4000,插电式混合动力,92#,多点电喷,铝,国VI b,1挡DHT,1.0,,180.0,,,6年或15万公里,永磁/同步,120.0,210.0,120.0,210.0,,,,,,,50.0,,,,,4806,1886,1490,2756,1620.0,1620.0,145.0,1505.0,三厢车,4.0,5.0,609.0,平开门,主 / 副,前 / 后,,主 / 副,,上下+前后,,USB/Type-C,,46117,仿皮,前 / 后,自动,46117,插电混动
sg30937,6143.0,奇瑞风云,10409.0,奇瑞风云,25545,风云X3L,251224,135畅行版,2025,增程式,奇瑞汽车,紧凑型SUV,11.99,11.99万,10.99万,10.99万,1499.0,1.5,涡轮增压,L,4.0,米勒循环,156.0,115.0,5200.0,220.0,2500,增程式,92#,缸内直喷,铝,国VI b,电动车单速变速箱,1.0,固定齿比变速箱,170.0,,,4年或12万公里,永磁/同步,185.0,300.0,,,185.0,300.0,,,,,90.0,,,,,4545,1950,1815,2783,1669.0,1675.0,,1842.0,SUV,5.0,5.0,,平开门,主 / 副,前 / 后,,主 / 副,,上下+前后,,USB/Type-C+SD卡槽,,46243,仿皮,前 / 后,自动,46243,增程式
sg30937,2620.0,奇瑞风云,10409.0,奇瑞风云,25545,风云X3L,257048,205四驱超能版,2026,增程式,奇瑞汽车,紧凑型SUV,15.29,15.29万,暂无报价,14.29万,1499.0,1.5,涡轮增压,L,4.0,米勒循环,156.0,115.0,5200.0,220.0,2500,增程式,92#,缸内直喷,铝,国VI b,电动车单速变速箱,1.0,固定齿比变速箱,170.0,4.7,,4年或12万公里,前交流/异步后永磁/同步,315.0,505.0,130.0,205.0,185.0,300.0,,,,,145.0,,,,,4545,1950,1815,2783,1669.0,1675.0,,2000.0,SUV,5.0,5.0,,平开门,主 / 副,前 / 后,,主 / 副,,上下+前后,,USB/Type-C+SD卡槽,,46243,仿皮,前 / 后,自动,46243,增程式
sg30944,8199.0,深蓝汽车,515.0,深蓝汽车,25628,深蓝L06,257529,560Max,2025,纯电动,深蓝汽车,中型车,12.59,12.59万,12.13万,11.89万,,,,,,,,,,,,纯电动,,,,,电动车单速变速箱,1.0,固定齿比变速箱,185.0,5.9,,5年或12万公里,永磁/同步,200.0,290.0,,,200.0,290.0,,,,,560.0,,,,,4830,1905,1480,2900,1630.0,1650.0,120.0,1710.0,三厢车,4.0,5.0,464.0,平开门,主 / 副,前 / 后,,主 / 副,,上下+前后,,USB/Type-C,,46243,仿皮,前 / 后,自动,46243,纯电动
sg30944,28405.0,深蓝汽车,515.0,深蓝汽车,25628,深蓝L06,257529,560Max,2026,纯电动,深蓝汽车,中型车,12.59,12.59万,12.13万,11.89万,,,,,,,,,,,,纯电动,,,,,电动车单速变速箱,1.0,固定齿比变速箱,185.0,5.9,,5年或12万公里,永磁/同步,200.0,290.0,,,200.0,290.0,,,,,560.0,,,,,4830,1905,1480,2900,1630.0,1650.0,120.0,1710.0,三厢车,4.0,5.0,464.0,平开门,主 / 副,前 / 后,,主 / 副,,上下+前后,,USB/Type-C,,46243,仿皮,前 / 后,自动,46243,纯电动
sg30956,48888.0,埃安,242.0,埃安,25643,AION i60,256422,210 马到成功版,2026,增程式,广汽埃安新能源,紧凑型SUV,10.28,10.28万,暂无报价,10.28万,1498.0,1.5,自然吸气,L,4.0,,101.0,74.0,,,,增程式,92#,,铝,国VI b,电动车单速变速箱,1.0,固定齿比变速箱,180.0,,,4年或15万公里,永磁/同步,180.0,280.0,180.0,280.0,,,,,,,160.0,,,,,4685,1854,1660,2775,1600.0,1606.0,145.0,1860.0,SUV,5.0,5.0,416.0,平开门,主 / 副,前 / 后,,主 / 副,,上下+前后,,USB/Type-C+SD卡槽,,46180,仿皮,前 / 后,自动,46180,增程式
sg30983,17764.0,零跑汽车,207.0,零跑汽车,25682,零跑Lafa5,253635,515 Plus,2025,纯电动,零跑汽车,紧凑型车,9.78,9.78万,9.18万,9.38万,,,,,,,,,,,,纯电动,,,,,电动车单速变速箱,1.0,固定齿比变速箱,160.0,8.7,,6年或15万公里,永磁/同步,132.0,175.0,,,132.0,175.0,,,,,515.0,,,,,4430,1880,1520,2735,1606.0,1608.0,,1630.0,两厢车,5.0,5.0,435.0,平开门,主 / 副,前 / 后,,主 / 副,,上下+前后,,USB/Type-C,,46180,仿皮,前 / 后,自动,46180,纯电动
sg30983,20044.0,零跑汽车,207.0,零跑汽车,25682,零跑Lafa5,253635,515 Plus,2026,纯电动,零跑汽车,紧凑型车,9.78,9.78万,9.18万,9.38万,,,,,,,,,,,,纯电动,,,,,电动车单速变速箱,1.0,固定齿比变速箱,160.0,8.7,,6年或15万公里,永磁/同步,132.0,175.0,,,132.0,175.0,,,,,515.0,,,,,4430,1880,1520,2735,1606.0,1608.0,,1630.0,两厢车,5.0,5.0,435.0,平开门,主 / 副,前 / 后,,主 / 副,,上下+前后,,USB/Type-C,,46180,仿皮,前 / 后,自动,46180,纯电动
sg30990,1488.0,埃尚,10433.0,埃尚,25720,埃尚,253095,潮趣版,2026,纯电动,五菱新能源,微型车,3.98,3.98万,暂无报价,3.98万,,,,,,,,,,,,纯电动,,,,,电动车单速变速箱,1.0,固定齿比变速箱,101.0,,,3年或12万公里,永磁/同步,35.0,83.0,35.0,83.0,,,,,,,220.0,,,,,3285,1708,1550,1980,1499.0,1494.0,,890.0,两厢车,3.0,4.0,106.0,平开门,主 / 副,前 / 后,,主 / 副,,,,USB/Type-C,,,织物,前 / 后,手动,,纯电动
sg31006,19510.0,零跑汽车,207.0,零跑汽车,25718,零跑D19,257872,增程400尊享版 六座,2026,增程式,零跑汽车,大型SUV,21.98,21.98万,暂无报价,21.98万,1499.0,1.5,涡轮增压,L,4.0,,129.0,95.0,5000.0,210.0,2500,增程式,92#,多点电喷,铝,国VI b,电动车单速变速箱,1.0,固定齿比变速箱,180.0,6.0,,4年或12万公里,永磁/同步,300.0,525.0,100.0,165.0,200.0,360.0,,,,,285.0,,,,,5252,1995,1800,3110,1697.0,1711.0,,2635.0,SUV,5.0,6.0,337.0,平开门,主 / 副,前 / 后,,主 / 副,,上下+前后,,USB/Type-C,,12以上,仿皮,前 / 后,自动,12以上,增程式
sg31007,13270.0,红旗,59.0,红旗,25598,红旗HS6 PHEV,252272,145 智混版,2026,插电混动,一汽红旗,中大型SUV,17.88,17.88万,17.33万,17.58万,1499.0,1.5,涡轮增压,L,4.0,,150.0,110.0,5000.0,225.0,3000,插电式混合动力,92#,缸内直喷,铝,国VI b,1挡DHT,1.0,,205.0,7.9,,4年或10万公里,永磁/同步,168.0,340.0,168.0,340.0,,,168.0,340.0,,,123.0,,,,,4925,1970,1740,2925,1692.0,1681.0,165.0,2040.0,SUV,5.0,5.0,503.0,平开门,主 / 副,前 / 后,,主 / 副,,上下+前后,,USB/Type-C,丹拿,12以上,仿皮,前 / 后,自动,12以上,插电混动
sg31010,7797.0,吉利银河,858.0,吉利银河,25739,银河星耀7,257867,230km 两驱远航版,2026,插电混动,吉利银河,中型车,10.88,10.88万,暂无报价,9.88万,1499.0,1.5,自然吸气,L,4.0,VVT,112.0,82.0,6000.0,136.0,4000,插电式混合动力,92#,多点电喷,铝,国VI b,1挡DHT,1.0,,185.0,7.8,,4年或10万公里,永磁/同步,140.0,240.0,140.0,240.0,,,222.0,376.0,,,170.0,,,,,4958,1915,1505,2845,1640.0,1640.0,,1750.0,三厢车,4.0,5.0,541.0,平开门,主 / 副,前 / 后,,主 / 副,,上下+前后,,USB/Type-C,,46180,仿皮,前 / 后,自动,46180,插电混动
sg31012,71582.0,长安启源,870.0,长安启源,25634,长安启源Q05,254067,405 Air,2026,纯电动,长安启源,紧凑型SUV,7.99,7.99万,7.15万,6.99万,,,,,,,,,,,,纯电动,,,,,电动车单速变速箱,1.0,固定齿比变速箱,160.0,,,6年或15万公里,永磁/同步,120.0,190.0,120.0,190.0,,,,,,,405.0,,,,,4435,1855,1600,2735,1580.0,1590.0,,1435.0,SUV,5.0,5.0,540.0,平开门,主 / 副,前 / 后,,主 / 副,,上下+前后,,USB/Type-C,,46117,仿皮,前 / 后,自动,46117,纯电动
sg31015,672.0,岚图汽车,395.0,岚图,sg31015,岚图追光L,250582,四驱Max,2026,插电混动,岚图汽车,中大型车,27.99,27.99万,27.42万,27.99万,1497.0,1.5,涡轮增压,L,4.0,,150.0,110.0,4500.0,220.0,2000,插电式混合动力,95#,缸内直喷,铝,国VI b,电动车单速变速箱,1.0,固定齿比变速箱,200.0,4.8,,5年或10万公里,永磁/同步,380.0,695.0,150.0,300.0,230.0,395.0,485.0,915.0,,,327.0,,,,,5125,1985,1522,3010,1684.0,1692.0,119.0,2370.0,三厢车,4.0,5.0,414.0,平开门,主 / 副,前 / 后,,主 / 副,,上下+前后,,USB/Type-C,,12以上,仿皮,前 / 后,自动,12以上,插电混动
sg31064,65511.0,零跑汽车,207.0,零跑汽车,9267,零跑A10,257247,403舒享版,2026,纯电动,零跑汽车,小型SUV,6.58,6.58万,6.56万,6.58万,,,,,,,,,,,,纯电动,,,,,电动车单速变速箱,1.0,固定齿比变速箱,160.0,12.2,,4年或12万公里,永磁/同步,70.0,150.0,70.0,150.0,,,,,,,403.0,,,,,4270,1810,1635,2605,1525.0,1525.0,,1360.0,SUV,5.0,5.0,602.0,平开门,主 / 副,前 / 后,,主 / 副,,上下+前后,,USB/Type-C,,46180,仿皮,前 / 后,手动,46180,纯电动
sg31081,1428.0,星途,251.0,星途,25816,星途EX7,256927,增程 两驱Max,2026,增程式,星途,中大型SUV,19.99,19.99万,19.99万,19.99万,1499.0,1.5,涡轮增压,L,4.0,米勒循环/第五代智效燃烧系统,156.0,115.0,5200.0,220.0,2500,增程式,92#,缸内直喷,铝,国VI b,电动车单速变速箱,1.0,固定齿比变速箱,200.0,7.6,,4年或12万公里,永磁/同步,227.0,332.0,,,227.0,332.0,,,,,203.0,,,,,4988,1975,1710,3000,1690.0,1695.0,176.0,2300.0,SUV,5.0,5.0,668.0,平开门,主 / 副,前 / 后,,主 / 副,,上下+前后,,USB/Type-C,,12以上,仿皮,前 / 后,自动,12以上,增程式
sg31083,10330.0,奇瑞风云,10409.0,奇瑞风云,25828,风云T9L,257204,135 Max,2026,插电混动,奇瑞汽车,中型SUV,12.99,12.99万,暂无报价,12.99万,1499.0,1.5,涡轮增压,L,4.0,米勒循环,156.0,115.0,5200.0,220.0,2500,插电式混合动力,92#,缸内直喷,铝,国VI b,1挡DHT,1.0,,180.0,6.8,,3年或10万公里,永磁/同步,260.0,330.0,260.0,330.0,,,375.0,550.0,,,101.0,,,,,4870,1930,1710,2920,1640.0,1642.0,181.0,1940.0,SUV,5.0,5.0,573.0,平开门,主 / 副,前 / 后,,主 / 副,,上下+前后,,USB/Type-C,,46243,仿皮,前 / 后,自动,46243,插电混动
sg31087,2097.0,ARCFOX极狐,176.0,ARCFOX极狐,25830,极狐 问道V9,258418,1250 Max,2026,增程式,北汽新能源,中大型MPV,21.48,21.48万,21.33万,19.48万,1498.0,1.5,涡轮增压,L,4.0,高效WG增压器+水空中冷,160.0,118.0,5000.0,235.0,2250,增程式,92#,缸内直喷,铝,国VI b,电动车单速变速箱,1.0,固定齿比变速箱,190.0,7.9,,5年或12万公里,永磁/同步,227.0,320.0,,,227.0,320.0,,,,,166.0,,,,,5300,1980,1850,3200,1700.0,1728.0,128.0,2525.0,MPV,5.0,7.0,450.0,侧滑门,主 / 副,前 / 后,,主 / 副,,上下+前后,,USB/Type-C+SD卡槽,,46243,仿皮,前 / 后,自动,46243,增程式
sg31093,243.0,吉利银河,858.0,吉利银河,25711,银河V900,251826,1180四驱Pro版,2025,增程式,吉利银河,中大型MPV,30.98,30.98万,27.68万,26.98万,1499.0,1.5,涡轮增压,L,4.0,,163.0,120.0,5000.0,255.0,2500,增程式,92#,缸内直喷,铝,国VI b,电动车单速变速箱,1.0,固定齿比变速箱,190.0,6.5,,6年或15万公里,前感应/异步后永磁/同步,340.0,523.0,90.0,150.0,250.0,373.0,340.0,523.0,,,172.0,,,,,5360,1998,1940,3200,1747.0,1742.0,,2890.0,MPV,5.0,7.0,1022.0,侧滑门,主 / 副,前 / 后,,主 / 副,,上下+前后,,USB/Type-C,,12以上,仿皮,前 / 后,自动,12以上,增程式
sg31093,2582.0,吉利银河,858.0,吉利银河,25711,银河V900,251826,1180四驱Pro版,2026,增程式,吉利银河,中大型MPV,30.98,30.98万,27.68万,26.98万,1499.0,1.5,涡轮增压,L,4.0,,163.0,120.0,5000.0,255.0,2500,增程式,92#,缸内直喷,铝,国VI b,电动车单速变速箱,1.0,固定齿比变速箱,190.0,6.5,,6年或15万公里,前感应/异步后永磁/同步,340.0,523.0,90.0,150.0,250.0,373.0,340.0,523.0,,,172.0,,,,,5360,1998,1940,3200,1747.0,1742.0,,2890.0,MPV,5.0,7.0,1022.0,侧滑门,主 / 副,前 / 后,,主 / 副,,上下+前后,,USB/Type-C,,12以上,仿皮,前 / 后,自动,12以上,增程式
sg31098,4417.0,奥迪AUDI,10362.0,奥迪AUDI,25846,奥迪E7X,258578,先锋型,2026,纯电动,上汽奥迪,中大型SUV,26.98,26.98万,暂无报价,26.98万,,,,,,,,,,,,纯电动,,,,,电动车单速变速箱,1.0,固定齿比变速箱,205.0,5.82,,3年或10万公里,永磁/同步,300.0,500.0,,,300.0,500.0,,,,,705.0,,,,,5049,1997,1710,3060,1705.0,1717.0,,2457.0,SUV,5.0,5.0,682.0,平开门,主 / 副,前 / 后,,主 / 副,,上下+前后,,USB/Type-C,先锋,12以上,仿皮,前 / 后,自动,12以上,纯电动
sg31115,10956.0,埃安,242.0,埃安,25878,AION N60,254461,410 激光雷达Ultra,2026,纯电动,广汽埃安新能源,紧凑型SUV,10.98,10.98万,10.78万,10.98万,,,,,,,,,,,,纯电动,,,,,电动车单速变速箱,1.0,固定齿比变速箱,160.0,7.9,,4年或15万公里,永磁/同步,165.0,205.0,165.0,205.0,,,,,,,410.0,,,,,4615,1883,1673,2775,1600.0,1600.0,,1630.0,SUV,5.0,5.0,447.0,平开门,主 / 副,前 / 后,,主 / 副,,上下+前后,,USB/Type-C+SD卡槽,,46180,仿皮,前 / 后,自动,46180,纯电动
sg31117,6791.0,智己汽车,419.0,智己汽车,25877,智己LS8,254458,52 Max+ 科技旗舰大五座,2026,增程式,智己汽车,中大型SUV,26.18,26.18万,25.74万,24.98万,1496.0,1.5,涡轮增压,L,4.0,,155.0,114.0,5500.0,240.0,2000,增程式,92#,缸内直喷,铝,国VI,电动车单速变速箱,1.0,固定齿比变速箱,190.0,7.3,,3年或10万公里,永磁/同步,230.0,430.0,,,230.0,430.0,,,,,279.0,,,,,5085,2000,1807,3060,1715.0,1726.0,,2540.0,SUV,5.0,5.0,938.0,平开门,主 / 副,前 / 后,,主 / 副,,上下+前后,,USB/Type-C,,12以上,真皮,前 / 后,自动,12以上,增程式
sg31118,12211.0,日产,10.0,日产,25874,日产NX8,254442,增程 150 Pro,2026,增程式,东风日产,中大型SUV,15.99,15.99万,暂无报价,14.99万,1497.0,1.5,涡轮增压,L,4.0,,148.0,109.0,5200.0,225.0,3500,增程式,92#,缸内直喷,铝,国VI b,电动车单速变速箱,1.0,固定齿比变速箱,180.0,7.2,,6年或15万公里,永磁/同步,195.0,310.0,,,195.0,310.0,,,,,102.0,,,,,4870,1920,1680,2917,1633.0,1645.0,124.0,2035.0,SUV,5.0,5.0,748.0,平开门,主 / 副,前 / 后,,主 / 副,,上下+前后,,USB/Type-C,,12以上,仿皮,前 / 后,自动,12以上,增程式
sg31119,12641.0,吉利银河,858.0,吉利银河,25871,银河M7,257525,225km 远航版,2026,插电混动,吉利银河,紧凑型SUV,11.98,11.98万,暂无报价,10.98万,1499.0,1.5,自然吸气,L,4.0,,112.0,82.0,6000.0,136.0,4000,插电式混合动力,92#,多点电喷,铝,国VI b,1挡DHT,1.0,,180.0,7.7,,4年或10万公里,永磁/同步,175.0,262.0,175.0,262.0,,,,,,,155.0,,,,,4770,1905,1685,2785,1630.0,1630.0,,1870.0,SUV,5.0,5.0,700.0,平开门,主 / 副,前 / 后,,主 / 副,,上下+前后,,USB/Type-C+SD卡槽,,46180,仿皮,前 / 后,自动,46180,插电混动
sg31123,1873.0,比亚迪,16.0,比亚迪,24588,海豹07EV,256555,705尊荣型,2026,纯电动,比亚迪,中型车,16.99,16.99万,17.26万,16.99万,,,,,,,,,,,,纯电动,,,,,电动车单速变速箱,1.0,固定齿比变速箱,200.0,6.5,,6年或15万公里,永磁/同步,240.0,305.0,,,240.0,305.0,,,,,705.0,,80,,,4995,1910,1495,2900,1640.0,1650.0,,1940.0,三厢车,4.0,5.0,550.0,平开门,主 / 副,前 / 后,,主 / 副,,上下+前后,,USB/Type-C+SD卡槽,,46243,仿皮,前 / 后,自动,46243,纯电动
sg31132,313.0,凯迪拉克,30.0,凯迪拉克,25882,凯威德,258093,长续航四驱Pro,2026,纯电动,上汽通用凯迪拉克,大型SUV,46.88,46.88万,暂无报价,42.88万,,,,,,,,,,,,纯电动,,,,,电动车单速变速箱,1.0,固定齿比变速箱,210.0,3.75,,3年不限里程,永磁/同步,443.0,805.0,183.0,,260.0,,,,,,601.0,,,,,5222,2026,1795,3094,1705.0,1707.0,188.0,2850.0,SUV,5.0,6.0,321.0,平开门,主 / 副,前 / 后,,主 / 副,,上下+前后,,USB/Type-C,AKG(爱科技),12以上,仿皮,前 / 后,自动,12以上,纯电动
sg31151,2495.0,东风风行,70.0,东风风行,25831,星海T5,254377,530km 悦享版,2025,纯电动,东风风行,紧凑型SUV,15.39,15.39万,暂无报价,15.39万,,,,,,,,,,,,纯电动,,,,,电动车单速变速箱,1.0,固定齿比变速箱,160.0,,,8年或16万公里,永磁/同步,120.0,240.0,120.0,240.0,,,,,,,530.0,,,,,4600,1860,1680,2730,1590.0,1595.0,190.0,1800.0,SUV,5.0,5.0,468.0,平开门,主 / 副,前 / 后,,主 / 副,,上下+前后,,USB/Type-C,,46056,仿皮,前 / 后,自动,46056,纯电动
sg31151,5567.0,东风风行,70.0,东风风行,25831,星海T5,254377,530km 悦享版,2026,纯电动,东风风行,紧凑型SUV,15.39,15.39万,暂无报价,15.39万,,,,,,,,,,,,纯电动,,,,,电动车单速变速箱,1.0,固定齿比变速箱,160.0,,,8年或16万公里,永磁/同步,120.0,240.0,120.0,240.0,,,,,,,530.0,,,,,4600,1860,1680,2730,1590.0,1595.0,190.0,1800.0,SUV,5.0,5.0,468.0,平开门,主 / 副,前 / 后,,主 / 副,,上下+前后,,USB/Type-C,,46056,仿皮,前 / 后,自动,46056,纯电动
sg31154,11703.0,蔚来,112.0,蔚来,25904,蔚来ES9,257700,行政豪华版 6座中岛,2026,纯电动,蔚来,大型SUV,49.8,49.80万,50.04万,49.80万,,,,,,,,,,,,纯电动,,,,,电动车单速变速箱,1.0,固定齿比变速箱,220.0,4.3,,3年或12万公里,前感应/异步后永磁/同步,520.0,700.0,180.0,300.0,340.0,400.0,,,,,620.0,,,,,5365,2029,1870,3250,1730.0,1758.0,,2845.0,SUV,5.0,6.0,600.0,平开门,主 / 副,前 / 后,,主 / 副,,上下+前后,,USB/Type-C,,12以上,真皮,前 / 后,自动,12以上,纯电动
sg31178,1042.0,吉利汽车,73.0,吉利汽车,25577,博越REV,249958,220km 长续航铂金增程智享版,2026,增程式,吉利汽车,紧凑型SUV,11.39,11.39万,10.05万,10.79万,1499.0,1.5,自然吸气,L,4.0,VVT,112.0,82.0,6000.0,136.0,4000,增程式,92#,多点电喷,铝,国VI b,电动车单速变速箱,1.0,固定齿比变速箱,185.0,7.3,,4年或10万公里,永磁/同步,160.0,327.0,160.0,327.0,,,,,,,156.0,,,,,4680,1892,1650,2778,1600.0,1600.0,,1760.0,SUV,5.0,5.0,402.0,平开门,主 / 副,前 / 后,,主 / 副,,上下+前后,,USB/Type-C,,46180,仿皮,前 / 后,自动,46180,增程式
sg31183,50.0,沃尔沃,24.0,沃尔沃,25226,沃尔沃ES90,245121,后驱长续航版 Plus,2026,纯电动,沃尔沃亚太,中大型车,53.99,53.99万,暂无报价,38.99万,,,,,,,,,,,,纯电动,,,,,电动车单速变速箱,1.0,固定齿比变速箱,180.0,6.6,,3年不限公里,永磁/同步,245.0,480.0,,,245.0,480.0,,,,,777.0,,,,,5000,1942,1553,3102,1664.0,1665.0,,2365.0,掀背车,4.0,5.0,409.0,平开门,主 / 副,前 / 后,,主 / 副,,上下+前后,,USB/Type-C,宝华韦健,12以上,真皮,前 / 后,自动,12以上,纯电动
sg31183,,沃尔沃,24.0,沃尔沃,25226,沃尔沃ES90,245121,后驱长续航版 Plus,2027,纯电动,沃尔沃亚太,中大型车,53.99,53.99万,暂无报价,38.99万,,,,,,,,,,,,纯电动,,,,,电动车单速变速箱,1.0,固定齿比变速箱,180.0,6.6,,3年不限公里,永磁/同步,245.0,480.0,,,245.0,480.0,,,,,777.0,,,,,5000,1942,1553,3102,1664.0,1665.0,,2365.0,掀背车,4.0,5.0,409.0,平开门,主 / 副,前 / 后,,主 / 副,,上下+前后,,USB/Type-C,宝华韦健,12以上,真皮,前 / 后,自动,12以上,纯电动
sg3127,161142.0,日产,10.0,日产,1150,逍客,91524,经典 2.0L 舒适版,2022,燃油,东风日产,紧凑型SUV,12.59,12.59万,8.52万,9.48万,1997.0,2.0,自然吸气,L,4.0,,151.0,111.0,6000.0,194.0,4400,汽油,92#,缸内直喷,铝,国VI b,CVT无级变速(模拟7挡),,无级变速箱(CVT),186.0,,,3年或10万公里,,,,,,,,,,,,,,,,,4401,1837,1593,2646,1585.0,1581.0,181.0,1444.0,SUV,5.0,5.0,486.0,平开门,主 / 副,前 / 后,,主 / 副,,上下+前后,,USB/Type-C,,46117,仿皮,前 / 后,自动,46117,燃油
sg3127,113559.0,日产,10.0,日产,1150,逍客,91524,经典 2.0L 舒适版,2023,燃油,东风日产,紧凑型SUV,12.59,12.59万,8.52万,9.48万,1997.0,2.0,自然吸气,L,4.0,,151.0,111.0,6000.0,194.0,4400,汽油,92#,缸内直喷,铝,国VI b,CVT无级变速(模拟7挡),,无级变速箱(CVT),186.0,,,3年或10万公里,,,,,,,,,,,,,,,,,4401,1837,1593,2646,1585.0,1581.0,181.0,1444.0,SUV,5.0,5.0,486.0,平开门,主 / 副,前 / 后,,主 / 副,,上下+前后,,USB/Type-C,,46117,仿皮,前 / 后,自动,46117,燃油
sg3127,112050.0,日产,10.0,日产,1150,逍客,91524,经典 2.0L 舒适版,2024,燃油,东风日产,紧凑型SUV,12.59,12.59万,8.52万,9.48万,1997.0,2.0,自然吸气,L,4.0,,151.0,111.0,6000.0,194.0,4400,汽油,92#,缸内直喷,铝,国VI b,CVT无级变速(模拟7挡),,无级变速箱(CVT),186.0,,,3年或10万公里,,,,,,,,,,,,,,,,,4401,1837,1593,2646,1585.0,1581.0,181.0,1444.0,SUV,5.0,5.0,486.0,平开门,主 / 副,前 / 后,,主 / 副,,上下+前后,,USB/Type-C,,46117,仿皮,前 / 后,自动,46117,燃油
sg3127,88018.0,日产,10.0,日产,1150,逍客,249216,改款 荣誉 2.0L CVT XV真心版,2025,燃油,东风日产,紧凑型SUV,12.59,12.59万,9.20万,8.79万,1997.0,2.0,自然吸气,L,4.0,,151.0,111.0,6000.0,194.0,4400,汽油,92#,缸内直喷,铝,国VI b,CVT无级变速(模拟7挡),,无级变速箱(CVT),186.0,,,3年或10万公里,,,,,,,,,,,,,,,,,4407,1837,1610,2646,1585.0,1581.0,181.0,1400.0,SUV,5.0,5.0,486.0,平开门,主 / 副,前 / 后,,主 / 副,,上下+前后,,USB/Type-C,,46117,仿皮,前 / 后,自动,46117,燃油
sg3127,27478.0,日产,10.0,日产,1150,逍客,249216,改款 荣誉 2.0L CVT XV真心版,2026,燃油,东风日产,紧凑型SUV,12.59,12.59万,9.20万,8.79万,1997.0,2.0,自然吸气,L,4.0,,151.0,111.0,6000.0,194.0,4400,汽油,92#,缸内直喷,铝,国VI b,CVT无级变速(模拟7挡),,无级变速箱(CVT),186.0,,,3年或10万公里,,,,,,,,,,,,,,,,,4407,1837,1610,2646,1585.0,1581.0,181.0,1400.0,SUV,5.0,5.0,486.0,平开门,主 / 副,前 / 后,,主 / 副,,上下+前后,,USB/Type-C,,46117,仿皮,前 / 后,自动,46117,燃油
sg31275,10035.0,乐道,918.0,乐道,25565,乐道L80,258421,Pro,2026,纯电动,蔚来,大型SUV,24.28,24.28万,暂无报价,24.28万,,,,,,,,,,,,纯电动,,,,,电动车单速变速箱,1.0,固定齿比变速箱,200.0,5.7,,4年或10万公里,永磁/同步,340.0,400.0,,,340.0,400.0,,,,,615.0,,,,,5145,1998,1766,3110,1720.0,1717.0,165.0,2250.0,SUV,5.0,5.0,1200.0,平开门,主 / 副,前 / 后,,主 / 副,,上下+前后,,USB/Type-C+SD卡槽,,12以上,真皮,前 / 后,自动,12以上,纯电动
sg3163,38275.0,丰田,,丰田,sg3163,威驰,pcauto_m109864,威驰 2022款 1.5L CVT创行CARE版,2022,燃油,一汽丰田,小型车,8.98,8.98万,,,1496.0,1.5,自然吸气,直列,4.0,Dual VVT-i,112.0,82.0,,139.0,,汽油,92号(原93号),多点电喷,铝合金,国VI,无级变速,8.0,无级变速,180.0,11.6,,三年或10万公里,,,,,,,,,,,,,,,,,4435,1700,1490,2550,,,,1105.0,三厢车,4.0,5.0,,平开门,,,,,塑料,上下,,,,,织物,,手动,,
sg3178,139536.0,奔驰,3.0,奔驰,212,奔驰C级,245632,改款 C 200 L 运动版,2022,燃油,北京奔驰,中型车,33.48,33.48万,17.00万,21.48万,1496.0,1.5,涡轮增压,L,4.0,,170.0,125.0,5800.0,250.0,1800,48V轻混系统,95#,缸内直喷,铝,国VI,9挡手自一体,9.0,手自一体变速箱(AT),225.0,9.2,6.35,3年不限公里,,,,,,,,,,,,,,,,,4882,1820,1461,2954,1589.0,1563.0,,1730.0,三厢车,4.0,5.0,455.0,平开门,主 / 副,前 / 后,,主 / 副,,上下+前后,大屏,USB/Type-C,,46117,仿皮,前 / 后,自动,46117,燃油
sg3178,157061.0,奔驰,3.0,奔驰,212,奔驰C级,245632,改款 C 200 L 运动版,2023,燃油,北京奔驰,中型车,33.48,33.48万,17.00万,21.48万,1496.0,1.5,涡轮增压,L,4.0,,170.0,125.0,5800.0,250.0,1800,48V轻混系统,95#,缸内直喷,铝,国VI,9挡手自一体,9.0,手自一体变速箱(AT),225.0,9.2,6.35,3年不限公里,,,,,,,,,,,,,,,,,4882,1820,1461,2954,1589.0,1563.0,,1730.0,三厢车,4.0,5.0,455.0,平开门,主 / 副,前 / 后,,主 / 副,,上下+前后,大屏,USB/Type-C,,46117,仿皮,前 / 后,自动,46117,燃油
sg3178,159700.0,奔驰,3.0,奔驰,212,奔驰C级,245632,改款 C 200 L 运动版,2024,燃油,北京奔驰,中型车,33.48,33.48万,17.00万,21.48万,1496.0,1.5,涡轮增压,L,4.0,,170.0,125.0,5800.0,250.0,1800,48V轻混系统,95#,缸内直喷,铝,国VI,9挡手自一体,9.0,手自一体变速箱(AT),225.0,9.2,6.35,3年不限公里,,,,,,,,,,,,,,,,,4882,1820,1461,2954,1589.0,1563.0,,1730.0,三厢车,4.0,5.0,455.0,平开门,主 / 副,前 / 后,,主 / 副,,上下+前后,大屏,USB/Type-C,,46117,仿皮,前 / 后,自动,46117,燃油
sg3178,124327.0,奔驰,3.0,奔驰,212,奔驰C级,245632,改款 C 200 L 运动版,2025,燃油,北京奔驰,中型车,33.48,33.48万,17.00万,21.48万,1496.0,1.5,涡轮增压,L,4.0,,170.0,125.0,5800.0,250.0,1800,48V轻混系统,95#,缸内直喷,铝,国VI,9挡手自一体,9.0,手自一体变速箱(AT),225.0,9.2,6.35,3年不限公里,,,,,,,,,,,,,,,,,4882,1820,1461,2954,1589.0,1563.0,,1730.0,三厢车,4.0,5.0,455.0,平开门,主 / 副,前 / 后,,主 / 副,,上下+前后,大屏,USB/Type-C,,46117,仿皮,前 / 后,自动,46117,燃油
sg3178,40993.0,奔驰,3.0,奔驰,212,奔驰C级,258609,C 260 L 运动轿车经典版,2026,燃油,北京奔驰,中型车,29.99,29.99万,20.31万,19.94万,1999.0,2.0,涡轮增压,L,4.0,,204.0,150.0,6100.0,320.0,2000,48V轻混系统,95#,缸内直喷,铝,国VI,9挡手自一体,9.0,手自一体变速箱(AT),236.0,7.8,6.45,3年不限公里,,,,,,,,,,,,,,,,,4882,1820,1461,2954,1589.0,1563.0,,1770.0,三厢车,4.0,5.0,455.0,平开门,主 / 副,前 / 后,,主 / 副,,上下+前后,大屏,USB/Type-C,,46117,仿皮,前 / 后,自动,46117,燃油
sg3195,149908.0,日产,10.0,日产,1147,天籁,240504,2.0L XE 真心版,2022,燃油,东风日产,中型车,17.98,17.98万,12.19万,12.23万,1997.0,2.0,自然吸气,L,4.0,双C-VTC连续可变气门正时,156.0,115.0,6000.0,197.0,4400,汽油,92#,缸内直喷,铝,国VI b,CVT无级变速,,无级变速箱(CVT),197.0,,,3年或10万公里,,,,,,,,,,,,,,,,,4906,1850,1447,2825,1605.0,1605.0,132.0,1460.0,三厢车,4.0,5.0,586.0,平开门,主 / 副,前 / 后,,主 / 副,,上下+前后,大屏,USB/Type-C,,46117,仿皮,前 / 后,手动,46117,燃油
sg3195,92581.0,日产,10.0,日产,1147,天籁,240504,2.0L XE 真心版,2023,燃油,东风日产,中型车,17.98,17.98万,12.19万,12.23万,1997.0,2.0,自然吸气,L,4.0,双C-VTC连续可变气门正时,156.0,115.0,6000.0,197.0,4400,汽油,92#,缸内直喷,铝,国VI b,CVT无级变速,,无级变速箱(CVT),197.0,,,3年或10万公里,,,,,,,,,,,,,,,,,4906,1850,1447,2825,1605.0,1605.0,132.0,1460.0,三厢车,4.0,5.0,586.0,平开门,主 / 副,前 / 后,,主 / 副,,上下+前后,大屏,USB/Type-C,,46117,仿皮,前 / 后,手动,46117,燃油
sg3195,76076.0,日产,10.0,日产,1147,天籁,240504,2.0L XE 真心版,2024,燃油,东风日产,中型车,17.98,17.98万,12.19万,12.23万,1997.0,2.0,自然吸气,L,4.0,双C-VTC连续可变气门正时,156.0,115.0,6000.0,197.0,4400,汽油,92#,缸内直喷,铝,国VI b,CVT无级变速,,无级变速箱(CVT),197.0,,,3年或10万公里,,,,,,,,,,,,,,,,,4906,1850,1447,2825,1605.0,1605.0,132.0,1460.0,三厢车,4.0,5.0,586.0,平开门,主 / 副,前 / 后,,主 / 副,,上下+前后,大屏,USB/Type-C,,46117,仿皮,前 / 后,手动,46117,燃油
sg3195,61058.0,日产,10.0,日产,1147,天籁,250200,2.0L XL-TLS 悦享版,2025,燃油,东风日产,中型车,18.88,18.88万,12.44万,13.13万,1997.0,2.0,自然吸气,L,4.0,双C-VTC连续可变气门正时,156.0,115.0,6000.0,197.0,4400,汽油,92#,缸内直喷,铝,国VI b,CVT无级变速,,无级变速箱(CVT),197.0,,,3年或10万公里,,,,,,,,,,,,,,,,,4906,1850,1447,2825,1605.0,1605.0,132.0,1518.0,三厢车,4.0,5.0,586.0,平开门,主 / 副,前 / 后,,主 / 副,,上下+前后,大屏,USB/Type-C,,46180,真皮,前 / 后,自动,46180,燃油
sg3195,27222.0,日产,10.0,日产,1147,天籁,254058,鸿蒙座舱 2.0L 舒适版,2026,燃油,东风日产,中型车,13.99,13.99万,12.40万,12.69万,1997.0,2.0,自然吸气,L,4.0,双C-VTC连续可变气门正时,156.0,115.0,6000.0,197.0,4400,汽油,92#,缸内直喷,铝,国VI b,CVT无级变速,,无级变速箱(CVT),197.0,,,3年或10万公里,,,,,,,,,,,,,,,,,4920,1850,1447,2825,1605.0,1605.0,,1518.0,三厢车,4.0,5.0,556.0,平开门,主 / 副,前 / 后,,主 / 副,,上下+前后,大屏,USB/Type-C,,12以上,仿皮,前 / 后,手动,12以上,燃油
sg3224,3011.0,本田,,本田,sg3224,飞度,pcauto_m134046,飞度 2026款 1.5L CVT焕新版,2026,燃油,广汽本田,小型车,6.68,6.68万,,,1498.0,1.5,自然吸气,直列,4.0,i-VTEC,124.0,91.0,,145.0,,汽油,92号(原93号),直喷,铝合金,国VI,无级变速,,无级变速,188.0,,,三年或10万公里,,,,,,,,,,,,,,,,,4169,1694,1537,2530,,,,1103.0,两厢车,5.0,5.0,,平开门,,,,,塑料,上下+前后,,,,,织物,,手动,,
sg3225,356696.0,大众,1.0,大众,393,朗逸,241785,新锐 1.5L 出众新逸版,2022,燃油,上汽大众,紧凑型车,7.999,7.999万,6.70万,7.10万,1498.0,1.5,自然吸气,L,4.0,,110.0,81.0,6200.0,141.0,4100,汽油,92#,多点电喷,铝,国VI,6挡手自一体,6.0,手自一体变速箱(AT),185.0,,4.3,3年或10万公里,,,,,,,,,,,,,,,,,4561,1740,1470,2651,1516.0,1496.0,130.0,1250.0,三厢车,4.0,5.0,498.0,平开门,主 / 副,前 / 后,,主 / 副,,上下+前后,,USB/Type-C,,46117,织物,前 / 后,手动,46117,燃油
sg3225,345879.0,大众,1.0,大众,393,朗逸,241785,新锐 1.5L 出众新逸版,2023,燃油,上汽大众,紧凑型车,7.999,7.999万,6.70万,7.10万,1498.0,1.5,自然吸气,L,4.0,,110.0,81.0,6200.0,141.0,4100,汽油,92#,多点电喷,铝,国VI,6挡手自一体,6.0,手自一体变速箱(AT),185.0,,4.3,3年或10万公里,,,,,,,,,,,,,,,,,4561,1740,1470,2651,1516.0,1496.0,130.0,1250.0,三厢车,4.0,5.0,498.0,平开门,主 / 副,前 / 后,,主 / 副,,上下+前后,,USB/Type-C,,46117,织物,前 / 后,手动,46117,燃油
sg3225,322933.0,大众,1.0,大众,393,朗逸,241785,新锐 1.5L 出众新逸版,2024,燃油,上汽大众,紧凑型车,7.999,7.999万,6.70万,7.10万,1498.0,1.5,自然吸气,L,4.0,,110.0,81.0,6200.0,141.0,4100,汽油,92#,多点电喷,铝,国VI,6挡手自一体,6.0,手自一体变速箱(AT),185.0,,4.3,3年或10万公里,,,,,,,,,,,,,,,,,4561,1740,1470,2651,1516.0,1496.0,130.0,1250.0,三厢车,4.0,5.0,498.0,平开门,主 / 副,前 / 后,,主 / 副,,上下+前后,,USB/Type-C,,46117,织物,前 / 后,手动,46117,燃油
sg3225,270477.0,大众,1.0,大众,393,朗逸,241785,新锐 1.5L 出众新逸版,2025,燃油,上汽大众,紧凑型车,7.999,7.999万,6.70万,7.10万,1498.0,1.5,自然吸气,L,4.0,,110.0,81.0,6200.0,141.0,4100,汽油,92#,多点电喷,铝,国VI,6挡手自一体,6.0,手自一体变速箱(AT),185.0,,4.3,3年或10万公里,,,,,,,,,,,,,,,,,4561,1740,1470,2651,1516.0,1496.0,130.0,1250.0,三厢车,4.0,5.0,498.0,平开门,主 / 副,前 / 后,,主 / 副,,上下+前后,,USB/Type-C,,46117,织物,前 / 后,手动,46117,燃油
sg3225,100465.0,大众,1.0,大众,393,朗逸,255969,新锐 1.5L 出众新逸版,2026,燃油,上汽大众,紧凑型车,7.999,7.999万,6.85万,6.60万,1498.0,1.5,自然吸气,L,4.0,,110.0,81.0,6200.0,141.0,4100,汽油,92#,多点电喷,铝,国VI,6挡手自一体,6.0,手自一体变速箱(AT),185.0,,4.3,3年或10万公里,,,,,,,,,,,,,,,,,4561,1740,1470,2651,1516.0,1496.0,130.0,1250.0,三厢车,4.0,5.0,498.0,平开门,主 / 副,前 / 后,,主 / 副,,上下+前后,,USB/Type-C,,46117,织物,前 / 后,手动,46117,燃油
sg3286,214483.0,大众,1.0,大众,409,宝来,253501,200TSI 手动畅行版,2022,燃油,一汽-大众,紧凑型车,8.29,8.29万,6.00万,6.66万,1197.0,1.2,涡轮增压,L,4.0,,116.0,85.0,5000.0,200.0,2000,汽油,92#,缸内直喷,铝,国VI,5挡手动,5.0,手动变速箱(MT),200.0,10.9,,3年或10万公里,,,,,,,,,,,,,,,,,4672,1815,1478,2688,1546.0,1520.0,,1253.0,三厢车,4.0,5.0,506.0,平开门,主 / 副,前 / 后,,主 / 副,,上下+前后,大屏,USB/Type-C,,46117,织物,前 / 后,手动,46117,燃油
sg3286,145905.0,大众,1.0,大众,409,宝来,253501,200TSI 手动畅行版,2023,燃油,一汽-大众,紧凑型车,8.29,8.29万,6.00万,6.66万,1197.0,1.2,涡轮增压,L,4.0,,116.0,85.0,5000.0,200.0,2000,汽油,92#,缸内直喷,铝,国VI,5挡手动,5.0,手动变速箱(MT),200.0,10.9,,3年或10万公里,,,,,,,,,,,,,,,,,4672,1815,1478,2688,1546.0,1520.0,,1253.0,三厢车,4.0,5.0,506.0,平开门,主 / 副,前 / 后,,主 / 副,,上下+前后,大屏,USB/Type-C,,46117,织物,前 / 后,手动,46117,燃油
sg3286,94946.0,大众,1.0,大众,409,宝来,253501,200TSI 手动畅行版,2024,燃油,一汽-大众,紧凑型车,8.29,8.29万,6.00万,6.66万,1197.0,1.2,涡轮增压,L,4.0,,116.0,85.0,5000.0,200.0,2000,汽油,92#,缸内直喷,铝,国VI,5挡手动,5.0,手动变速箱(MT),200.0,10.9,,3年或10万公里,,,,,,,,,,,,,,,,,4672,1815,1478,2688,1546.0,1520.0,,1253.0,三厢车,4.0,5.0,506.0,平开门,主 / 副,前 / 后,,主 / 副,,上下+前后,大屏,USB/Type-C,,46117,织物,前 / 后,手动,46117,燃油
sg3286,81719.0,大众,1.0,大众,409,宝来,253501,200TSI 手动畅行版,2025,燃油,一汽-大众,紧凑型车,8.29,8.29万,6.00万,6.66万,1197.0,1.2,涡轮增压,L,4.0,,116.0,85.0,5000.0,200.0,2000,汽油,92#,缸内直喷,铝,国VI,5挡手动,5.0,手动变速箱(MT),200.0,10.9,,3年或10万公里,,,,,,,,,,,,,,,,,4672,1815,1478,2688,1546.0,1520.0,,1253.0,三厢车,4.0,5.0,506.0,平开门,主 / 副,前 / 后,,主 / 副,,上下+前后,大屏,USB/Type-C,,46117,织物,前 / 后,手动,46117,燃油
sg3286,26557.0,大众,1.0,大众,409,宝来,253501,200TSI 手动畅行版,2026,燃油,一汽-大众,紧凑型车,8.29,8.29万,6.00万,6.66万,1197.0,1.2,涡轮增压,L,4.0,,116.0,85.0,5000.0,200.0,2000,汽油,92#,缸内直喷,铝,国VI,5挡手动,5.0,手动变速箱(MT),200.0,10.9,,3年或10万公里,,,,,,,,,,,,,,,,,4672,1815,1478,2688,1546.0,1520.0,,1253.0,三厢车,4.0,5.0,506.0,平开门,主 / 副,前 / 后,,主 / 副,,上下+前后,大屏,USB/Type-C,,46117,织物,前 / 后,手动,46117,燃油
sg3384,79449.0,日产,10.0,日产,1151,奇骏,55374,VC-Turbo 300 CVT 2WD时尚版,2021,燃油,东风日产,紧凑型SUV,18.19,18.19万,16.30万,12.39万,1497.0,1.5,涡轮增压,L,3.0,可变压缩比,204.0,150.0,5600.0,300.0,2800,汽油,92#,缸内直喷,铝,国VI b,CVT无级变速(模拟8挡),,无级变速箱(CVT),200.0,,,3年或10万公里,,,,,,,,,,,,,,,,,4681,1840,1730,2706,1585.0,1599.0,212.0,1590.0,SUV,5.0,5.0,,平开门,主 / 副,前 / 后,,主 / 副,,上下+前后,,USB/Type-C,,46117,织物,前 / 后,手动,46117,燃油
sg3384,24855.0,日产,10.0,日产,1151,奇骏,78112,VC-Turbo 300 CVT 2WD星月限定版,2022,燃油,东风日产,紧凑型SUV,17.99,17.99万,14.31万,12.19万,1497.0,1.5,涡轮增压,L,3.0,可变压缩比,204.0,150.0,5600.0,300.0,2800,汽油,92#,缸内直喷,铝,国VI b,CVT无级变速(模拟8挡),,无级变速箱(CVT),200.0,,,3年或10万公里,,,,,,,,,,,,,,,,,4681,1840,1730,2706,1585.0,1599.0,211.0,1615.0,SUV,5.0,5.0,,平开门,主 / 副,前 / 后,,主 / 副,,上下+前后,大屏,USB/Type-C,,46117,仿皮,前 / 后,手动,46117,燃油
sg3384,53693.0,日产,10.0,日产,1151,奇骏,93206,经典版 2.0L 两驱智联舒享版,2023,燃油,东风日产,紧凑型SUV,18.93,18.93万,12.53万,14.83万,1997.0,2.0,自然吸气,L,4.0,双C-VTC,151.0,111.0,6000.0,194.0,4400,汽油,92#,缸内直喷,铝,国VI b,CVT无级变速(模拟7挡),,无级变速箱(CVT),183.0,12.7,,3年或10万公里,,,,,,,,,,,,,,,,,4675,1820,1722,2706,1575.0,1570.0,208.0,1494.0,SUV,5.0,5.0,700.0,平开门,主 / 副,前 / 后,,主 / 副,,上下+前后,大屏,USB/Type-C,,46180,仿皮,前 / 后,自动,46180,燃油
sg3384,35146.0,日产,10.0,日产,1151,奇骏,239485,e-POWER 超混双电机四驱黑金版,2024,插电混动,东风日产,紧凑型SUV,19.23,19.23万,14.66万,15.23万,1497.0,1.5,涡轮增压,L,3.0,可变压缩比,144.0,106.0,4.0,250.0,2,汽油电驱,92#,缸内直喷,铝,国VI b,电动车单速变速箱,1.0,固定齿比变速箱,180.0,,5.82,3年或10万公里,永磁/同步,250.0,525.0,150.0,330.0,100.0,195.0,,,,,,,,,,4681,1840,1730,2706,1584.0,1589.0,190.0,1851.0,SUV,5.0,5.0,,平开门,主 / 副,前 / 后,,主 / 副,,上下+前后,,USB/Type-C,,46180,真皮+仿皮,前 / 后,自动,46180,插电混动
sg3384,41815.0,日产,10.0,日产,1151,奇骏,249477,荣誉 2.0L 两驱真心版,2025,燃油,东风日产,紧凑型SUV,16.08,16.08万,12.51万,10.88万,1997.0,2.0,自然吸气,L,4.0,双C-VTC,151.0,111.0,6000.0,194.0,4400,汽油,92#,缸内直喷,铝,国VI b,CVT无级变速(模拟7挡),,无级变速箱(CVT),183.0,,5.82,3年或10万公里,,,,,,,,,,,,,,,,,4675,1820,1722,2706,1575.0,1570.0,208.0,1494.0,SUV,5.0,5.0,700.0,平开门,主 / 副,前 / 后,,主 / 副,,上下+前后,,USB/Type-C,,46117,仿皮,前 / 后,自动,46117,燃油
sg3384,14767.0,日产,10.0,日产,1151,奇骏,249477,荣誉 2.0L 两驱真心版,2026,燃油,东风日产,紧凑型SUV,16.08,16.08万,12.51万,10.88万,1997.0,2.0,自然吸气,L,4.0,双C-VTC,151.0,111.0,6000.0,194.0,4400,汽油,92#,缸内直喷,铝,国VI b,CVT无级变速(模拟7挡),,无级变速箱(CVT),183.0,,5.82,3年或10万公里,,,,,,,,,,,,,,,,,4675,1820,1722,2706,1575.0,1570.0,208.0,1494.0,SUV,5.0,5.0,700.0,平开门,主 / 副,前 / 后,,主 / 副,,上下+前后,,USB/Type-C,,46117,仿皮,前 / 后,自动,46117,燃油
sg3404,16523.0,福特,,福特,sg3404,福克斯,pcauto_m115262,福克斯 2022款 三厢 EcoBoost 180 自动竞擎版,2022,燃油,长安福特,紧凑型车,11.98,11.98万,,,1499.0,1.5,涡轮增压,直列,4.0,,177.0,130.0,,243.0,,汽油,92号(原93号),直喷,铝合金,国VI,自动,6.0,自动,220.0,,,三年或10万公里,,,,,,,,,,,,,,,,,4664,1824,1467,2705,,,,1338.0,三厢车,4.0,5.0,,,,,,,塑料,上下+前后,,,,,织物,,手动,,
sg3524,144198.0,奥迪,2.0,奥迪,96,奥迪A4L,111121,200万辆悦享版 40 TFSI 时尚动感型,2022,燃油,一汽奥迪,中型车,28.98,28.98万,19.65万,19.57万,1984.0,2.0,涡轮增压,L,4.0,,190.0,140.0,4200.0,320.0,1450,汽油,95#,缸内直喷,铁,国VI b,7挡双离合,7.0,湿式双离合变速箱（DCT）,235.0,8.3,,3年或10万公里,,,,,,,,,,,,,,,,,4858,1847,1439,2908,1566.0,1549.0,97.0,1640.0,三厢车,4.0,5.0,424.0,平开门,主 / 副,前 / 后,,主 / 副,,上下+前后,大屏,USB/Type-C,,46306,仿皮,前 / 后,自动,46306,燃油
sg3524,134769.0,奥迪,2.0,奥迪,96,奥迪A4L,111121,200万辆悦享版 40 TFSI 时尚动感型,2023,燃油,一汽奥迪,中型车,28.98,28.98万,19.65万,19.57万,1984.0,2.0,涡轮增压,L,4.0,,190.0,140.0,4200.0,320.0,1450,汽油,95#,缸内直喷,铁,国VI b,7挡双离合,7.0,湿式双离合变速箱（DCT）,235.0,8.3,,3年或10万公里,,,,,,,,,,,,,,,,,4858,1847,1439,2908,1566.0,1549.0,97.0,1640.0,三厢车,4.0,5.0,424.0,平开门,主 / 副,前 / 后,,主 / 副,,上下+前后,大屏,USB/Type-C,,46306,仿皮,前 / 后,自动,46306,燃油
sg3524,107397.0,奥迪,2.0,奥迪,96,奥迪A4L,111121,200万辆悦享版 40 TFSI 时尚动感型,2024,燃油,一汽奥迪,中型车,28.98,28.98万,19.65万,19.57万,1984.0,2.0,涡轮增压,L,4.0,,190.0,140.0,4200.0,320.0,1450,汽油,95#,缸内直喷,铁,国VI b,7挡双离合,7.0,湿式双离合变速箱（DCT）,235.0,8.3,,3年或10万公里,,,,,,,,,,,,,,,,,4858,1847,1439,2908,1566.0,1549.0,97.0,1640.0,三厢车,4.0,5.0,424.0,平开门,主 / 副,前 / 后,,主 / 副,,上下+前后,大屏,USB/Type-C,,46306,仿皮,前 / 后,自动,46306,燃油
sg3524,79963.0,奥迪,2.0,奥迪,96,奥迪A4L,111121,200万辆悦享版 40 TFSI 时尚动感型,2025,燃油,一汽奥迪,中型车,28.98,28.98万,19.65万,19.57万,1984.0,2.0,涡轮增压,L,4.0,,190.0,140.0,4200.0,320.0,1450,汽油,95#,缸内直喷,铁,国VI b,7挡双离合,7.0,湿式双离合变速箱（DCT）,235.0,8.3,,3年或10万公里,,,,,,,,,,,,,,,,,4858,1847,1439,2908,1566.0,1549.0,97.0,1640.0,三厢车,4.0,5.0,424.0,平开门,主 / 副,前 / 后,,主 / 副,,上下+前后,大屏,USB/Type-C,,46306,仿皮,前 / 后,自动,46306,燃油
sg3524,14181.0,奥迪,2.0,奥迪,96,奥迪A4L,256075,200万辆悦享版 40 TFSI 时尚动感型,2026,燃油,一汽奥迪,中型车,28.98,28.98万,19.00万,19.71万,1984.0,2.0,涡轮增压,L,4.0,,190.0,140.0,4200.0,320.0,1450,汽油,95#,缸内直喷,铁,国VI b,7挡双离合,7.0,湿式双离合变速箱（DCT）,235.0,8.3,,3年或10万公里,,,,,,,,,,,,,,,,,4858,1847,1439,2908,1566.0,1549.0,97.0,1640.0,三厢车,4.0,5.0,424.0,平开门,主 / 副,前 / 后,,主 / 副,,上下+前后,大屏,USB/Type-C,,46306,仿皮,前 / 后,自动,46306,燃油
sg3543,73316.0,别克,12.0,别克,348,君威,245768,改款 25T 超享版,2022,燃油,上汽通用别克,中型车,15.98,15.98万,10.24万,10.09万,1490.0,1.5,涡轮增压,L,4.0,,169.0,124.0,5600.0,250.0,1700,汽油,92#,缸内直喷,铝,国VI,9挡手自一体,9.0,手自一体变速箱(AT),205.0,9.1,,3年或10万公里,,,,,,,,,,,,,,,,,4904,1863,1461,2829,1593.0,1597.0,,1415.0,三厢车,4.0,5.0,441.0,平开门,主 / 副,前 / 后,,主 / 副,,上下+前后,大屏,USB/Type-C+AUX,,46180,仿皮,前 / 后,自动,46180,燃油
sg3543,61302.0,别克,12.0,别克,348,君威,245768,改款 25T 超享版,2023,燃油,上汽通用别克,中型车,15.98,15.98万,10.24万,10.09万,1490.0,1.5,涡轮增压,L,4.0,,169.0,124.0,5600.0,250.0,1700,汽油,92#,缸内直喷,铝,国VI,9挡手自一体,9.0,手自一体变速箱(AT),205.0,9.1,,3年或10万公里,,,,,,,,,,,,,,,,,4904,1863,1461,2829,1593.0,1597.0,,1415.0,三厢车,4.0,5.0,441.0,平开门,主 / 副,前 / 后,,主 / 副,,上下+前后,大屏,USB/Type-C+AUX,,46180,仿皮,前 / 后,自动,46180,燃油
sg3543,42925.0,别克,12.0,别克,348,君威,245768,改款 25T 超享版,2024,燃油,上汽通用别克,中型车,15.98,15.98万,10.24万,10.09万,1490.0,1.5,涡轮增压,L,4.0,,169.0,124.0,5600.0,250.0,1700,汽油,92#,缸内直喷,铝,国VI,9挡手自一体,9.0,手自一体变速箱(AT),205.0,9.1,,3年或10万公里,,,,,,,,,,,,,,,,,4904,1863,1461,2829,1593.0,1597.0,,1415.0,三厢车,4.0,5.0,441.0,平开门,主 / 副,前 / 后,,主 / 副,,上下+前后,大屏,USB/Type-C+AUX,,46180,仿皮,前 / 后,自动,46180,燃油
sg3543,43833.0,别克,12.0,别克,348,君威,245768,改款 25T 超享版,2025,燃油,上汽通用别克,中型车,15.98,15.98万,10.24万,10.09万,1490.0,1.5,涡轮增压,L,4.0,,169.0,124.0,5600.0,250.0,1700,汽油,92#,缸内直喷,铝,国VI,9挡手自一体,9.0,手自一体变速箱(AT),205.0,9.1,,3年或10万公里,,,,,,,,,,,,,,,,,4904,1863,1461,2829,1593.0,1597.0,,1415.0,三厢车,4.0,5.0,441.0,平开门,主 / 副,前 / 后,,主 / 副,,上下+前后,大屏,USB/Type-C+AUX,,46180,仿皮,前 / 后,自动,46180,燃油
sg3543,14219.0,别克,12.0,别克,348,君威,245768,改款 25T 超享版,2026,燃油,上汽通用别克,中型车,15.98,15.98万,10.24万,10.09万,1490.0,1.5,涡轮增压,L,4.0,,169.0,124.0,5600.0,250.0,1700,汽油,92#,缸内直喷,铝,国VI,9挡手自一体,9.0,手自一体变速箱(AT),205.0,9.1,,3年或10万公里,,,,,,,,,,,,,,,,,4904,1863,1461,2829,1593.0,1597.0,,1415.0,三厢车,4.0,5.0,441.0,平开门,主 / 副,前 / 后,,主 / 副,,上下+前后,大屏,USB/Type-C+AUX,,46180,仿皮,前 / 后,自动,46180,燃油
sg3565,53274.0,本田,9.0,本田,291,奥德赛,250198,2.0L e:HEV 锐·悦享版,2022,插电混动,广汽本田,中型MPV,23.58,23.58万,17.92万,17.58万,1993.0,2.0,自然吸气,L,4.0,i-VTEC,146.0,107.0,6200.0,175.0,3500,油电混合,92#,多点电喷,铝,国VI,E-CVT无级变速,,电子无级变速箱(E-CVT),160.0,,5.88,3年或10万公里,,135.0,315.0,135.0,315.0,,,158.0,,锂离子电池,,,,,,10.0,4861,1820,1712,2900,1559.0,1560.0,,1854.0,MPV,5.0,7.0,,侧滑门,主 / 副,前 / 后,,主 / 副,,上下+前后,,,,46056,织物,前 / 后,自动,46056,插电混动
sg3565,37549.0,本田,9.0,本田,291,奥德赛,250198,2.0L e:HEV 锐·悦享版,2023,插电混动,广汽本田,中型MPV,23.58,23.58万,17.92万,17.58万,1993.0,2.0,自然吸气,L,4.0,i-VTEC,146.0,107.0,6200.0,175.0,3500,油电混合,92#,多点电喷,铝,国VI,E-CVT无级变速,,电子无级变速箱(E-CVT),160.0,,5.88,3年或10万公里,,135.0,315.0,135.0,315.0,,,158.0,,锂离子电池,,,,,,10.0,4861,1820,1712,2900,1559.0,1560.0,,1854.0,MPV,5.0,7.0,,侧滑门,主 / 副,前 / 后,,主 / 副,,上下+前后,,,,46056,织物,前 / 后,自动,46056,插电混动
sg3565,31980.0,本田,9.0,本田,291,奥德赛,250198,2.0L e:HEV 锐·悦享版,2024,插电混动,广汽本田,中型MPV,23.58,23.58万,17.92万,17.58万,1993.0,2.0,自然吸气,L,4.0,i-VTEC,146.0,107.0,6200.0,175.0,3500,油电混合,92#,多点电喷,铝,国VI,E-CVT无级变速,,电子无级变速箱(E-CVT),160.0,,5.88,3年或10万公里,,135.0,315.0,135.0,315.0,,,158.0,,锂离子电池,,,,,,10.0,4861,1820,1712,2900,1559.0,1560.0,,1854.0,MPV,5.0,7.0,,侧滑门,主 / 副,前 / 后,,主 / 副,,上下+前后,,,,46056,织物,前 / 后,自动,46056,插电混动
sg3565,19726.0,本田,9.0,本田,291,奥德赛,250198,2.0L e:HEV 锐·悦享版,2025,插电混动,广汽本田,中型MPV,23.58,23.58万,17.92万,17.58万,1993.0,2.0,自然吸气,L,4.0,i-VTEC,146.0,107.0,6200.0,175.0,3500,油电混合,92#,多点电喷,铝,国VI,E-CVT无级变速,,电子无级变速箱(E-CVT),160.0,,5.88,3年或10万公里,,135.0,315.0,135.0,315.0,,,158.0,,锂离子电池,,,,,,10.0,4861,1820,1712,2900,1559.0,1560.0,,1854.0,MPV,5.0,7.0,,侧滑门,主 / 副,前 / 后,,主 / 副,,上下+前后,,,,46056,织物,前 / 后,自动,46056,插电混动
sg3565,5878.0,本田,9.0,本田,291,奥德赛,250198,2.0L e:HEV 锐·悦享版,2026,插电混动,广汽本田,中型MPV,23.58,23.58万,17.92万,17.58万,1993.0,2.0,自然吸气,L,4.0,i-VTEC,146.0,107.0,6200.0,175.0,3500,油电混合,92#,多点电喷,铝,国VI,E-CVT无级变速,,电子无级变速箱(E-CVT),160.0,,5.88,3年或10万公里,,135.0,315.0,135.0,315.0,,,158.0,,锂离子电池,,,,,,10.0,4861,1820,1712,2900,1559.0,1560.0,,1854.0,MPV,5.0,7.0,,侧滑门,主 / 副,前 / 后,,主 / 副,,上下+前后,,,,46056,织物,前 / 后,自动,46056,插电混动
sg3686,40708.0,MG名爵,,MG名爵,sg3686,MG6,pcauto_m107635,MG6 2021款 PRO 1.5T 自动领潮豪华版,2021,燃油,上汽集团,紧凑型车,11.58,11.58万,,,1490.0,1.5,涡轮增压,直列,4.0,,181.0,133.0,,285.0,,汽油,92号(原93号),直喷,铝合金,国VI,湿式双离合,7.0,湿式双离合变速箱,210.0,7.83,,三年或10万公里,,,,,,,,,,,,,,,,,4727,1848,1466,2715,,,,1335.0,掀背车,5.0,5.0,,平开门,,,,,真皮,上下+前后,,,,,仿皮,,手动,,
sg3686,13802.0,MG名爵,,MG名爵,sg3686,MG6,pcauto_m107635,MG6 2021款 PRO 1.5T 自动领潮豪华版,2022,燃油,上汽集团,紧凑型车,11.58,11.58万,,,1490.0,1.5,涡轮增压,直列,4.0,,181.0,133.0,,285.0,,汽油,92号(原93号),直喷,铝合金,国VI,湿式双离合,7.0,湿式双离合变速箱,210.0,7.83,,三年或10万公里,,,,,,,,,,,,,,,,,4727,1848,1466,2715,,,,1335.0,掀背车,5.0,5.0,,平开门,,,,,真皮,上下+前后,,,,,仿皮,,手动,,
sg3686,3452.0,MG名爵,,MG名爵,sg3686,MG6,pcauto_m120966,MG6 2023款 1.5T 经典版,2023,燃油,上汽集团,紧凑型车,10.98,10.98万,,,1490.0,1.5,涡轮增压,直列,4.0,,181.0,133.0,,285.0,,汽油,92号(原93号),直喷,铝合金,国VI,湿式双离合,7.0,湿式双离合变速箱,210.0,7.83,,三年或10万公里,,,,,,,,,,,,,,,,,4704,1848,1466,2715,,,,1370.0,掀背车,5.0,5.0,,平开门,,,,,真皮,上下+前后,,,,,仿皮,,手动,,
sg3686,1332.0,MG名爵,,MG名爵,sg3686,MG6,pcauto_m120966,MG6 2023款 1.5T 经典版,2024,燃油,上汽集团,紧凑型车,10.98,10.98万,,,1490.0,1.5,涡轮增压,直列,4.0,,181.0,133.0,,285.0,,汽油,92号(原93号),直喷,铝合金,国VI,湿式双离合,7.0,湿式双离合变速箱,210.0,7.83,,三年或10万公里,,,,,,,,,,,,,,,,,4704,1848,1466,2715,,,,1370.0,掀背车,5.0,5.0,,平开门,,,,,真皮,上下+前后,,,,,仿皮,,手动,,
sg3686,660.0,MG名爵,,MG名爵,sg3686,MG6,pcauto_m134713,MG6 2025款 1.5T XLINE 猎鲨版,2025,燃油,上汽集团,紧凑型车,12.38,12.38万,,,1490.0,1.5,涡轮增压,直列,4.0,,181.0,133.0,,285.0,,汽油,92号(原93号),直喷,铝合金,国VI,湿式双离合,7.0,湿式双离合变速箱,210.0,,,三年或10万公里,,,,,,,,,,,,,,,,,4738,1848,1465,2715,,,,1335.0,掀背车,5.0,5.0,,平开门,,,,,Alcantara/翻毛皮,上下+前后,,,,,仿皮,,手动,,
sg3686,114.0,MG名爵,,MG名爵,sg3686,MG6,pcauto_m134713,MG6 2025款 1.5T XLINE 猎鲨版,2026,燃油,上汽集团,紧凑型车,12.38,12.38万,,,1490.0,1.5,涡轮增压,直列,4.0,,181.0,133.0,,285.0,,汽油,92号(原93号),直喷,铝合金,国VI,湿式双离合,7.0,湿式双离合变速箱,210.0,,,三年或10万公里,,,,,,,,,,,,,,,,,4738,1848,1465,2715,,,,1335.0,掀背车,5.0,5.0,,平开门,,,,,Alcantara/翻毛皮,上下+前后,,,,,仿皮,,手动,,
sg3715,169957.0,丰田,5.0,丰田,546,RAV4荣放,253991,双擎 2.0L 两驱精英版,2022,插电混动,一汽丰田,紧凑型SUV,16.98,16.98万,14.67万,14.68万,1987.0,2.0,自然吸气,L,4.0,VVT-iE,152.0,112.0,6000.0,188.0,4400,油电混合,92#,混合喷射,铝,国VI,E-CVT无级变速,,电子无级变速箱(E-CVT),180.0,,5.23,3年或10万公里,永磁/同步,83.0,206.0,83.0,206.0,,,144.0,,,,,,,,,4620,1855,1680,2690,1600.0,1620.0,,1625.0,SUV,5.0,5.0,,平开门,主 / 副,前 / 后,,主 / 副,,上下+前后,大屏,USB/Type-C,,46180,仿皮,前 / 后,自动,46180,插电混动
sg3715,182059.0,丰田,5.0,丰田,546,RAV4荣放,253991,双擎 2.0L 两驱精英版,2023,插电混动,一汽丰田,紧凑型SUV,16.98,16.98万,14.67万,14.68万,1987.0,2.0,自然吸气,L,4.0,VVT-iE,152.0,112.0,6000.0,188.0,4400,油电混合,92#,混合喷射,铝,国VI,E-CVT无级变速,,电子无级变速箱(E-CVT),180.0,,5.23,3年或10万公里,永磁/同步,83.0,206.0,83.0,206.0,,,144.0,,,,,,,,,4620,1855,1680,2690,1600.0,1620.0,,1625.0,SUV,5.0,5.0,,平开门,主 / 副,前 / 后,,主 / 副,,上下+前后,大屏,USB/Type-C,,46180,仿皮,前 / 后,自动,46180,插电混动
sg3715,193402.0,丰田,5.0,丰田,546,RAV4荣放,253991,双擎 2.0L 两驱精英版,2024,插电混动,一汽丰田,紧凑型SUV,16.98,16.98万,14.67万,14.68万,1987.0,2.0,自然吸气,L,4.0,VVT-iE,152.0,112.0,6000.0,188.0,4400,油电混合,92#,混合喷射,铝,国VI,E-CVT无级变速,,电子无级变速箱(E-CVT),180.0,,5.23,3年或10万公里,永磁/同步,83.0,206.0,83.0,206.0,,,144.0,,,,,,,,,4620,1855,1680,2690,1600.0,1620.0,,1625.0,SUV,5.0,5.0,,平开门,主 / 副,前 / 后,,主 / 副,,上下+前后,大屏,USB/Type-C,,46180,仿皮,前 / 后,自动,46180,插电混动
sg3715,204184.0,丰田,5.0,丰田,546,RAV4荣放,253991,双擎 2.0L 两驱精英版,2025,插电混动,一汽丰田,紧凑型SUV,16.98,16.98万,14.67万,14.68万,1987.0,2.0,自然吸气,L,4.0,VVT-iE,152.0,112.0,6000.0,188.0,4400,油电混合,92#,混合喷射,铝,国VI,E-CVT无级变速,,电子无级变速箱(E-CVT),180.0,,5.23,3年或10万公里,永磁/同步,83.0,206.0,83.0,206.0,,,144.0,,,,,,,,,4620,1855,1680,2690,1600.0,1620.0,,1625.0,SUV,5.0,5.0,,平开门,主 / 副,前 / 后,,主 / 副,,上下+前后,大屏,USB/Type-C,,46180,仿皮,前 / 后,自动,46180,插电混动
sg3715,68874.0,丰田,5.0,丰田,546,RAV4荣放,253991,双擎 2.0L 两驱精英版,2026,插电混动,一汽丰田,紧凑型SUV,16.98,16.98万,14.67万,14.68万,1987.0,2.0,自然吸气,L,4.0,VVT-iE,152.0,112.0,6000.0,188.0,4400,油电混合,92#,混合喷射,铝,国VI,E-CVT无级变速,,电子无级变速箱(E-CVT),180.0,,5.23,3年或10万公里,永磁/同步,83.0,206.0,83.0,206.0,,,144.0,,,,,,,,,4620,1855,1680,2690,1600.0,1620.0,,1625.0,SUV,5.0,5.0,,平开门,主 / 副,前 / 后,,主 / 副,,上下+前后,大屏,USB/Type-C,,46180,仿皮,前 / 后,自动,46180,插电混动
sg3734,10162.0,起亚,,起亚,sg3734,福瑞迪,pcauto_m88570,福瑞迪 2019款 1.6L 手动舒适版,2019,燃油,起亚,紧凑型车,7.88,7.88万,,,1591.0,1.6,自然吸气,直列,4.0,CVVT,123.0,90.2,,150.7,,汽油,92号(原93号),多点电喷,铝合金,国V/国VI,手动,6.0,手动,185.0,,,五年或10万公里,,,,,,,,,,,,,,,,,4510,1750,1470,2650,,,,1140.0,三厢车,4.0,5.0,,,,,,,,上下,,,,,织物,,手动,,
sg3734,19792.0,起亚,,起亚,sg3734,福瑞迪,pcauto_m88570,福瑞迪 2019款 1.6L 手动舒适版,2022,燃油,起亚,紧凑型车,7.88,7.88万,,,1591.0,1.6,自然吸气,直列,4.0,CVVT,123.0,90.2,,150.7,,汽油,92号(原93号),多点电喷,铝合金,国V/国VI,手动,6.0,手动,185.0,,,五年或10万公里,,,,,,,,,,,,,,,,,4510,1750,1470,2650,,,,1140.0,三厢车,4.0,5.0,,,,,,,,上下,,,,,织物,,手动,,
sg3734,26416.0,起亚,,起亚,sg3734,福瑞迪,pcauto_m88570,福瑞迪 2019款 1.6L 手动舒适版,2023,燃油,起亚,紧凑型车,7.88,7.88万,,,1591.0,1.6,自然吸气,直列,4.0,CVVT,123.0,90.2,,150.7,,汽油,92号(原93号),多点电喷,铝合金,国V/国VI,手动,6.0,手动,185.0,,,五年或10万公里,,,,,,,,,,,,,,,,,4510,1750,1470,2650,,,,1140.0,三厢车,4.0,5.0,,,,,,,,上下,,,,,织物,,手动,,
sg3734,18731.0,起亚,,起亚,sg3734,福瑞迪,pcauto_m88570,福瑞迪 2019款 1.6L 手动舒适版,2024,燃油,起亚,紧凑型车,7.88,7.88万,,,1591.0,1.6,自然吸气,直列,4.0,CVVT,123.0,90.2,,150.7,,汽油,92号(原93号),多点电喷,铝合金,国V/国VI,手动,6.0,手动,185.0,,,五年或10万公里,,,,,,,,,,,,,,,,,4510,1750,1470,2650,,,,1140.0,三厢车,4.0,5.0,,,,,,,,上下,,,,,织物,,手动,,
sg3734,9386.0,起亚,,起亚,sg3734,福瑞迪,pcauto_m88570,福瑞迪 2019款 1.6L 手动舒适版,2025,燃油,起亚,紧凑型车,7.88,7.88万,,,1591.0,1.6,自然吸气,直列,4.0,CVVT,123.0,90.2,,150.7,,汽油,92号(原93号),多点电喷,铝合金,国V/国VI,手动,6.0,手动,185.0,,,五年或10万公里,,,,,,,,,,,,,,,,,4510,1750,1470,2650,,,,1140.0,三厢车,4.0,5.0,,,,,,,,上下,,,,,织物,,手动,,
sg3734,3753.0,起亚,,起亚,sg3734,福瑞迪,pcauto_m88570,福瑞迪 2019款 1.6L 手动舒适版,2026,燃油,起亚,紧凑型车,7.88,7.88万,,,1591.0,1.6,自然吸气,直列,4.0,CVVT,123.0,90.2,,150.7,,汽油,92号(原93号),多点电喷,铝合金,国V/国VI,手动,6.0,手动,185.0,,,五年或10万公里,,,,,,,,,,,,,,,,,4510,1750,1470,2650,,,,1140.0,三厢车,4.0,5.0,,,,,,,,上下,,,,,织物,,手动,,
sg3745,32065.0,别克,12.0,别克,347,君越,251719,28T 白金版,2022,燃油,上汽通用别克,中型车,20.99,20.99万,15.20万,15.39万,1998.0,2.0,涡轮增压,L,4.0,Tripower可变气门管理技术、AFM闭缸技术,237.0,174.0,5000.0,350.0,1500,汽油,95#,缸内直喷,铝,国VI b,9挡手自一体,9.0,手自一体变速箱(AT),230.0,7.2,6.59,3年或10万公里,,,,,,,,,,,,,,,,,4996,1866,1472,2905,1607.0,1611.0,,1593.0,三厢车,4.0,5.0,506.0,平开门,主 / 副,前 / 后,,主 / 副,,上下+前后,,USB/Type-C,,46243,仿皮,前 / 后,自动,46243,燃油
sg3745,28000.0,别克,12.0,别克,347,君越,251719,28T 白金版,2023,燃油,上汽通用别克,中型车,20.99,20.99万,15.20万,15.39万,1998.0,2.0,涡轮增压,L,4.0,Tripower可变气门管理技术、AFM闭缸技术,237.0,174.0,5000.0,350.0,1500,汽油,95#,缸内直喷,铝,国VI b,9挡手自一体,9.0,手自一体变速箱(AT),230.0,7.2,6.59,3年或10万公里,,,,,,,,,,,,,,,,,4996,1866,1472,2905,1607.0,1611.0,,1593.0,三厢车,4.0,5.0,506.0,平开门,主 / 副,前 / 后,,主 / 副,,上下+前后,,USB/Type-C,,46243,仿皮,前 / 后,自动,46243,燃油
sg3745,27580.0,别克,12.0,别克,347,君越,251719,28T 白金版,2024,燃油,上汽通用别克,中型车,20.99,20.99万,15.20万,15.39万,1998.0,2.0,涡轮增压,L,4.0,Tripower可变气门管理技术、AFM闭缸技术,237.0,174.0,5000.0,350.0,1500,汽油,95#,缸内直喷,铝,国VI b,9挡手自一体,9.0,手自一体变速箱(AT),230.0,7.2,6.59,3年或10万公里,,,,,,,,,,,,,,,,,4996,1866,1472,2905,1607.0,1611.0,,1593.0,三厢车,4.0,5.0,506.0,平开门,主 / 副,前 / 后,,主 / 副,,上下+前后,,USB/Type-C,,46243,仿皮,前 / 后,自动,46243,燃油
sg3745,57709.0,别克,12.0,别克,347,君越,251719,28T 白金版,2025,燃油,上汽通用别克,中型车,20.99,20.99万,15.20万,15.39万,1998.0,2.0,涡轮增压,L,4.0,Tripower可变气门管理技术、AFM闭缸技术,237.0,174.0,5000.0,350.0,1500,汽油,95#,缸内直喷,铝,国VI b,9挡手自一体,9.0,手自一体变速箱(AT),230.0,7.2,6.59,3年或10万公里,,,,,,,,,,,,,,,,,4996,1866,1472,2905,1607.0,1611.0,,1593.0,三厢车,4.0,5.0,506.0,平开门,主 / 副,前 / 后,,主 / 副,,上下+前后,,USB/Type-C,,46243,仿皮,前 / 后,自动,46243,燃油
sg3745,27144.0,别克,12.0,别克,347,君越,251719,28T 白金版,2026,燃油,上汽通用别克,中型车,20.99,20.99万,15.20万,15.39万,1998.0,2.0,涡轮增压,L,4.0,Tripower可变气门管理技术、AFM闭缸技术,237.0,174.0,5000.0,350.0,1500,汽油,95#,缸内直喷,铝,国VI b,9挡手自一体,9.0,手自一体变速箱(AT),230.0,7.2,6.59,3年或10万公里,,,,,,,,,,,,,,,,,4996,1866,1472,2905,1607.0,1611.0,,1593.0,三厢车,4.0,5.0,506.0,平开门,主 / 副,前 / 后,,主 / 副,,上下+前后,,USB/Type-C,,46243,仿皮,前 / 后,自动,46243,燃油
sg3755,10207.0,比亚迪,,比亚迪,sg3755,比亚迪e6,pcauto_m77517,比亚迪e6 2017款 400 豪华型,2017,纯电动,比亚迪,MPV,30.98,30.98万,,,,,,,,,,,,,,纯电动,,,,,固定齿比,1.0,固定齿比,140.0,,,四年或10万公里,无刷直流,90.0,450.0,90.0,450.0,,,,,磷酸铁锂电池,82.0,400.0,20.5,四年,快充:1.5小时/慢充:8.0小时,,4560,1822,1645,2830,,,,2380.0,MPV,5.0,5.0,,,,,,,皮质,上下,,,,,仿皮,,自动,,
sg3836,36069.0,丰田,5.0,丰田,536,汉兰达,252241,双擎 2.5L 两驱精英版 5座,2026,插电混动,广汽丰田,中型SUV,24.98,24.98万,20.49万,20.98万,2487.0,2.5,自然吸气,L,4.0,"VVT-iE,VVT-i",189.0,139.0,6000.0,236.0,4200,油电混合,92#,混合喷射,铝,国VI,E-CVT无级变速,,电子无级变速箱(E-CVT),180.0,,,3年或10万公里,永磁/同步,134.0,270.0,134.0,270.0,,,181.0,,,,,,,,,4965,1930,1750,2850,1655.0,1660.0,,1930.0,SUV,5.0,5.0,,平开门,主 / 副,前 / 后,,主 / 副,,上下+前后,大屏,USB/Type-C,,46180,仿皮,前 / 后,自动,46180,插电混动
sg3996,431226.0,日产,10.0,日产,1145,轩逸,79145,超混电驱 全电驱Pro,2022,插电混动,东风日产,紧凑型车,13.89,13.89万,11.29万,10.59万,1198.0,1.2,自然吸气,L,3.0,,72.0,53.0,6000.0,93.0,3200,汽油电驱,92#,多点电喷,铝,国VI b,电动车单速变速箱,1.0,固定齿比变速箱,165.0,,,3年或10万公里,永磁/同步,100.0,300.0,100.0,300.0,,,,,,,,,,,,4652,1815,1447,2712,1587.0,1593.0,132.0,1429.0,三厢车,4.0,5.0,546.0,平开门,主 / 副,前 / 后,,主 / 副,,上下+前后,,USB/Type-C+AUX,,46117,织物,前 / 后,自动,46117,插电混动
sg3996,368761.0,日产,10.0,日产,1145,轩逸,79145,超混电驱 全电驱Pro,2023,插电混动,东风日产,紧凑型车,13.89,13.89万,11.29万,10.59万,1198.0,1.2,自然吸气,L,3.0,,72.0,53.0,6000.0,93.0,3200,汽油电驱,92#,多点电喷,铝,国VI b,电动车单速变速箱,1.0,固定齿比变速箱,165.0,,,3年或10万公里,永磁/同步,100.0,300.0,100.0,300.0,,,,,,,,,,,,4652,1815,1447,2712,1587.0,1593.0,132.0,1429.0,三厢车,4.0,5.0,546.0,平开门,主 / 副,前 / 后,,主 / 副,,上下+前后,,USB/Type-C+AUX,,46117,织物,前 / 后,自动,46117,插电混动
sg3996,342395.0,日产,10.0,日产,1145,轩逸,249692,改款三 经典 1.6L XE CVT舒适版,2024,燃油,东风日产,紧凑型车,7.99,7.99万,5.67万,6.19万,1598.0,1.6,自然吸气,L,4.0,双C-VTC连续可变气门正时,122.0,90.0,6000.0,155.0,4000,汽油,92#,多点电喷,铝,国VI b,CVT无级变速,,无级变速箱(CVT),180.0,,5.2,3年或10万公里,,,,,,,,,,,,,,,,,4631,1760,1503,2700,1540.0,1540.0,165.0,1210.0,三厢车,4.0,5.0,510.0,平开门,主 / 副,前 / 后,,主 / 副,,上下,,,,46117,织物,前 / 后,手动,46117,燃油
sg3996,320000.0,日产,10.0,日产,1145,轩逸,245290,1.6L CVT 真心版,2025,燃油,东风日产,紧凑型车,12.39,12.39万,8.47万,7.89万,1598.0,1.6,自然吸气,L,4.0,e-VTC,135.0,99.0,6300.0,159.0,4000,汽油,92#,多点电喷,铝,国VI b,CVT无级变速,,无级变速箱(CVT),186.0,,5.2,3年或10万公里,,,,,,,,,,,,,,,,,4652,1815,1450,2712,1588.0,1594.0,125.0,1275.0,三厢车,4.0,5.0,560.0,平开门,主 / 副,前 / 后,,主 / 副,,上下+前后,,USB/Type-C,,46117,仿皮,前 / 后,手动,46117,燃油
sg3996,95129.0,日产,10.0,日产,1145,轩逸,256326,经典 1.6L CVT 安心版,2026,燃油,东风日产,紧凑型车,7.99,7.99万,6.17万,6.26万,1598.0,1.6,自然吸气,L,4.0,双C-VTC连续可变气门正时,122.0,90.0,6000.0,155.0,4000,汽油,92#,多点电喷,铝,国VI b,CVT无级变速,,无级变速箱(CVT),180.0,,5.2,3年或10万公里,,,,,,,,,,,,,,,,,4631,1760,1503,2700,1540.0,1540.0,,1210.0,三厢车,4.0,5.0,510.0,平开门,主 / 副,前 / 后,,主 / 副,,上下,,,,46117,织物,前 / 后,手动,46117,燃油
sg411,9881.0,丰田,5.0,丰田,547,普拉多,245602,2.4T 双擎 穿越BX版 5座,2024,插电混动,一汽丰田,中大型SUV,44.98,44.98万,41.31万,39.98万,2393.0,2.4,涡轮增压,L,4.0,,282.0,207.0,6000.0,430.0,1700,油电混合,95#,混合喷射,铝,国VI b,8挡手自一体,8.0,手自一体变速箱(AT),170.0,,,3年或10万公里,永磁/同步,40.0,290.0,40.0,290.0,,,243.0,630.0,,,,,,,,4915,1940,1925,2850,1644.0,1648.0,193.0,2415.0,SUV,5.0,5.0,,平开门,主 / 副,前 / 后,,主 / 副,,上下+前后,,USB/Type-C,,46180,织物,前 / 后,自动,46180,插电混动
sg411,21985.0,丰田,5.0,丰田,547,普拉多,245602,2.4T 双擎 穿越BX版 5座,2025,插电混动,一汽丰田,中大型SUV,44.98,44.98万,41.31万,39.98万,2393.0,2.4,涡轮增压,L,4.0,,282.0,207.0,6000.0,430.0,1700,油电混合,95#,混合喷射,铝,国VI b,8挡手自一体,8.0,手自一体变速箱(AT),170.0,,,3年或10万公里,永磁/同步,40.0,290.0,40.0,290.0,,,243.0,630.0,,,,,,,,4915,1940,1925,2850,1644.0,1648.0,193.0,2415.0,SUV,5.0,5.0,,平开门,主 / 副,前 / 后,,主 / 副,,上下+前后,,USB/Type-C,,46180,织物,前 / 后,自动,46180,插电混动
sg411,8688.0,丰田,5.0,丰田,547,普拉多,258553,2.4T 双擎 穿越BX版 5座,2026,插电混动,一汽丰田,中大型SUV,44.98,44.98万,暂无报价,39.98万,2393.0,2.4,涡轮增压,L,4.0,,282.0,207.0,6000.0,430.0,1700,油电混合,95#,混合喷射,铝,国VI b,8挡手自一体,8.0,手自一体变速箱(AT),170.0,,,3年或10万公里,永磁/同步,40.0,290.0,40.0,290.0,,,243.0,630.0,,,,,,,,4915,1940,1925,2850,1644.0,1648.0,193.0,2415.0,SUV,5.0,5.0,,平开门,主 / 副,前 / 后,,主 / 副,,上下+前后,,USB/Type-C,,46180,织物,前 / 后,自动,46180,插电混动
sg424,146934.0,宝马,4.0,宝马,145,宝马3系,93944,325i M运动套装,2022,燃油,华晨宝马,中型车,31.99,31.99万,21.02万,20.80万,1998.0,2.0,涡轮增压,L,4.0,Valvetronic/Double VANOS,204.0,150.0,5000.0,300.0,1350,汽油,95#,缸内直喷,铝,国VI b,8挡手自一体,8.0,手自一体变速箱(AT),233.0,7.6,,3年或10万公里,,,,,,,,,,,,,,,,,4728,1827,1452,2851,1583.0,1598.0,,1588.0,三厢车,4.0,5.0,,平开门,主 / 副,前 / 后,,主 / 副,,上下+前后,大屏,USB/Type-C,,46180,仿皮,前 / 后,自动,46180,燃油
sg424,146649.0,宝马,4.0,宝马,145,宝马3系,93944,325i M运动套装,2023,燃油,华晨宝马,中型车,31.99,31.99万,21.02万,20.80万,1998.0,2.0,涡轮增压,L,4.0,Valvetronic/Double VANOS,204.0,150.0,5000.0,300.0,1350,汽油,95#,缸内直喷,铝,国VI b,8挡手自一体,8.0,手自一体变速箱(AT),233.0,7.6,,3年或10万公里,,,,,,,,,,,,,,,,,4728,1827,1452,2851,1583.0,1598.0,,1588.0,三厢车,4.0,5.0,,平开门,主 / 副,前 / 后,,主 / 副,,上下+前后,大屏,USB/Type-C,,46180,仿皮,前 / 后,自动,46180,燃油
sg424,144302.0,宝马,4.0,宝马,145,宝马3系,93944,325i M运动套装,2024,燃油,华晨宝马,中型车,31.99,31.99万,21.02万,20.80万,1998.0,2.0,涡轮增压,L,4.0,Valvetronic/Double VANOS,204.0,150.0,5000.0,300.0,1350,汽油,95#,缸内直喷,铝,国VI b,8挡手自一体,8.0,手自一体变速箱(AT),233.0,7.6,,3年或10万公里,,,,,,,,,,,,,,,,,4728,1827,1452,2851,1583.0,1598.0,,1588.0,三厢车,4.0,5.0,,平开门,主 / 副,前 / 后,,主 / 副,,上下+前后,大屏,USB/Type-C,,46180,仿皮,前 / 后,自动,46180,燃油
sg424,156215.0,宝马,4.0,宝马,145,宝马3系,93944,325i M运动套装,2025,燃油,华晨宝马,中型车,31.99,31.99万,21.02万,20.80万,1998.0,2.0,涡轮增压,L,4.0,Valvetronic/Double VANOS,204.0,150.0,5000.0,300.0,1350,汽油,95#,缸内直喷,铝,国VI b,8挡手自一体,8.0,手自一体变速箱(AT),233.0,7.6,,3年或10万公里,,,,,,,,,,,,,,,,,4728,1827,1452,2851,1583.0,1598.0,,1588.0,三厢车,4.0,5.0,,平开门,主 / 副,前 / 后,,主 / 副,,上下+前后,大屏,USB/Type-C,,46180,仿皮,前 / 后,自动,46180,燃油
sg424,65448.0,宝马,4.0,宝马,145,宝马3系,255689,325i M运动套装,2026,燃油,华晨宝马,中型车,25.8,25.80万,20.38万,20.80万,1998.0,2.0,涡轮增压,L,4.0,Valvetronic/Double VANOS,204.0,150.0,5000.0,300.0,1350,汽油,95#,缸内直喷,铝,国VI b,8挡手自一体,8.0,手自一体变速箱(AT),233.0,7.6,,3年或10万公里,,,,,,,,,,,,,,,,,4728,1827,1452,2851,1583.0,1598.0,,1588.0,三厢车,4.0,5.0,,平开门,主 / 副,前 / 后,,主 / 副,,上下+前后,大屏,USB/Type-C,,46180,仿皮,前 / 后,自动,46180,燃油
sg4313,117176.0,奥迪,2.0,奥迪,99,奥迪A6L,256342,2.0T 臻选型,2022,燃油,一汽奥迪,中大型车,32.29,32.29万,32.29万,30.89万,1984.0,2.0,涡轮增压,L,4.0,米勒循环、可变截面涡轮,204.0,150.0,4300.0,340.0,2000,汽油,95#,缸内直喷,铁,国VI b,7挡双离合,7.0,湿式双离合变速箱（DCT）,237.0,8.0,,3年或10万公里,,,,,,,,,,,,,,,,,5142,1874,1464,3066,1625.0,1610.0,106.0,1896.0,三厢车,4.0,5.0,473.0,平开门,主 / 副,前 / 后,,主 / 副,,上下+前后,,USB/Type-C,,46306,仿皮,前 / 后,自动,46306,燃油
sg4313,181812.0,奥迪,2.0,奥迪,99,奥迪A6L,256342,2.0T 臻选型,2023,燃油,一汽奥迪,中大型车,32.29,32.29万,32.29万,30.89万,1984.0,2.0,涡轮增压,L,4.0,米勒循环、可变截面涡轮,204.0,150.0,4300.0,340.0,2000,汽油,95#,缸内直喷,铁,国VI b,7挡双离合,7.0,湿式双离合变速箱（DCT）,237.0,8.0,,3年或10万公里,,,,,,,,,,,,,,,,,5142,1874,1464,3066,1625.0,1610.0,106.0,1896.0,三厢车,4.0,5.0,473.0,平开门,主 / 副,前 / 后,,主 / 副,,上下+前后,,USB/Type-C,,46306,仿皮,前 / 后,自动,46306,燃油
sg4313,176347.0,奥迪,2.0,奥迪,99,奥迪A6L,256342,2.0T 臻选型,2024,燃油,一汽奥迪,中大型车,32.29,32.29万,32.29万,30.89万,1984.0,2.0,涡轮增压,L,4.0,米勒循环、可变截面涡轮,204.0,150.0,4300.0,340.0,2000,汽油,95#,缸内直喷,铁,国VI b,7挡双离合,7.0,湿式双离合变速箱（DCT）,237.0,8.0,,3年或10万公里,,,,,,,,,,,,,,,,,5142,1874,1464,3066,1625.0,1610.0,106.0,1896.0,三厢车,4.0,5.0,473.0,平开门,主 / 副,前 / 后,,主 / 副,,上下+前后,,USB/Type-C,,46306,仿皮,前 / 后,自动,46306,燃油
sg4313,170821.0,奥迪,2.0,奥迪,99,奥迪A6L,256342,2.0T 臻选型,2025,燃油,一汽奥迪,中大型车,32.29,32.29万,32.29万,30.89万,1984.0,2.0,涡轮增压,L,4.0,米勒循环、可变截面涡轮,204.0,150.0,4300.0,340.0,2000,汽油,95#,缸内直喷,铁,国VI b,7挡双离合,7.0,湿式双离合变速箱（DCT）,237.0,8.0,,3年或10万公里,,,,,,,,,,,,,,,,,5142,1874,1464,3066,1625.0,1610.0,106.0,1896.0,三厢车,4.0,5.0,473.0,平开门,主 / 副,前 / 后,,主 / 副,,上下+前后,,USB/Type-C,,46306,仿皮,前 / 后,自动,46306,燃油
sg4313,59253.0,奥迪,2.0,奥迪,99,奥迪A6L,256342,2.0T 臻选型,2026,燃油,一汽奥迪,中大型车,32.29,32.29万,32.29万,30.89万,1984.0,2.0,涡轮增压,L,4.0,米勒循环、可变截面涡轮,204.0,150.0,4300.0,340.0,2000,汽油,95#,缸内直喷,铁,国VI b,7挡双离合,7.0,湿式双离合变速箱（DCT）,237.0,8.0,,3年或10万公里,,,,,,,,,,,,,,,,,5142,1874,1464,3066,1625.0,1610.0,106.0,1896.0,三厢车,4.0,5.0,473.0,平开门,主 / 副,前 / 后,,主 / 副,,上下+前后,,USB/Type-C,,46306,仿皮,前 / 后,自动,46306,燃油
sg441,154550.0,宝马,4.0,宝马,146,宝马5系,251380,改款 525Li 豪华套装,2022,燃油,华晨宝马,中大型车,43.99,43.99万,28.70万,29.30万,1998.0,2.0,涡轮增压,L,4.0,Valvetronic/Double VANOS,212.0,156.0,5000.0,310.0,1500,48V轻混系统,95#,混合喷射,铝,国VI,8挡手自一体,8.0,手自一体变速箱(AT),225.0,8.2,,3年或10万公里,,,,,,,,,,,,,,,,,5175,1900,1520,3105,1622.0,1657.0,,1790.0,三厢车,4.0,5.0,,平开门,主 / 副,前 / 后,,主 / 副,,上下+前后,,USB/Type-C,,46180,仿皮,前 / 后,自动,46180,燃油
sg441,136745.0,宝马,4.0,宝马,146,宝马5系,251380,改款 525Li 豪华套装,2023,燃油,华晨宝马,中大型车,43.99,43.99万,28.70万,29.30万,1998.0,2.0,涡轮增压,L,4.0,Valvetronic/Double VANOS,212.0,156.0,5000.0,310.0,1500,48V轻混系统,95#,混合喷射,铝,国VI,8挡手自一体,8.0,手自一体变速箱(AT),225.0,8.2,,3年或10万公里,,,,,,,,,,,,,,,,,5175,1900,1520,3105,1622.0,1657.0,,1790.0,三厢车,4.0,5.0,,平开门,主 / 副,前 / 后,,主 / 副,,上下+前后,,USB/Type-C,,46180,仿皮,前 / 后,自动,46180,燃油
sg441,88829.0,宝马,4.0,宝马,146,宝马5系,251380,改款 525Li 豪华套装,2024,燃油,华晨宝马,中大型车,43.99,43.99万,28.70万,29.30万,1998.0,2.0,涡轮增压,L,4.0,Valvetronic/Double VANOS,212.0,156.0,5000.0,310.0,1500,48V轻混系统,95#,混合喷射,铝,国VI,8挡手自一体,8.0,手自一体变速箱(AT),225.0,8.2,,3年或10万公里,,,,,,,,,,,,,,,,,5175,1900,1520,3105,1622.0,1657.0,,1790.0,三厢车,4.0,5.0,,平开门,主 / 副,前 / 后,,主 / 副,,上下+前后,,USB/Type-C,,46180,仿皮,前 / 后,自动,46180,燃油
sg441,116173.0,宝马,4.0,宝马,146,宝马5系,251380,改款 525Li 豪华套装,2025,燃油,华晨宝马,中大型车,43.99,43.99万,28.70万,29.30万,1998.0,2.0,涡轮增压,L,4.0,Valvetronic/Double VANOS,212.0,156.0,5000.0,310.0,1500,48V轻混系统,95#,混合喷射,铝,国VI,8挡手自一体,8.0,手自一体变速箱(AT),225.0,8.2,,3年或10万公里,,,,,,,,,,,,,,,,,5175,1900,1520,3105,1622.0,1657.0,,1790.0,三厢车,4.0,5.0,,平开门,主 / 副,前 / 后,,主 / 副,,上下+前后,,USB/Type-C,,46180,仿皮,前 / 后,自动,46180,燃油
sg441,48041.0,宝马,4.0,宝马,146,宝马5系,255841,525Li M运动套装,2026,燃油,华晨宝马,中大型车,36.8,36.80万,29.90万,29.30万,1998.0,2.0,涡轮增压,L,4.0,,212.0,156.0,5000.0,310.0,1500,48V轻混系统,95#,混合喷射,铝,国VI,8挡手自一体,8.0,手自一体变速箱(AT),225.0,8.2,,3年或10万公里,,,,,,,,,,,,,,,,,5175,1900,1520,3105,1622.0,1657.0,,1790.0,三厢车,4.0,5.0,,平开门,主 / 副,前 / 后,,主 / 副,,上下+前后,,USB/Type-C,,46180,仿皮,前 / 后,自动,46180,燃油
sg4431,62360.0,现代,,现代,sg4431,北京现代ix35,pcauto_m123266,北京现代ix35 2023款 沐飒 2.0L GLS 领先版,2022,燃油,北京现代,紧凑型SUV,12.18,12.18万,,,1999.0,2.0,自然吸气,直列,4.0,,160.0,118.0,,193.0,,汽油,92号(原93号),多点电喷,铝合金,国VI,自动,6.0,自动,187.0,,,,,,,,,,,,,,,,,,,,4475,1850,1665,2680,,,,1440.0,SUV,5.0,5.0,,平开门,,,,,真皮,上下+前后,,,,,织物,,手动,,
sg4431,24396.0,现代,,现代,sg4431,北京现代ix35,pcauto_m123266,北京现代ix35 2023款 沐飒 2.0L GLS 领先版,2023,燃油,北京现代,紧凑型SUV,12.18,12.18万,,,1999.0,2.0,自然吸气,直列,4.0,,160.0,118.0,,193.0,,汽油,92号(原93号),多点电喷,铝合金,国VI,自动,6.0,自动,187.0,,,,,,,,,,,,,,,,,,,,4475,1850,1665,2680,,,,1440.0,SUV,5.0,5.0,,平开门,,,,,真皮,上下+前后,,,,,织物,,手动,,
sg4431,17815.0,现代,,现代,sg4431,北京现代ix35,pcauto_m123266,北京现代ix35 2023款 沐飒 2.0L GLS 领先版,2024,燃油,北京现代,紧凑型SUV,12.18,12.18万,,,1999.0,2.0,自然吸气,直列,4.0,,160.0,118.0,,193.0,,汽油,92号(原93号),多点电喷,铝合金,国VI,自动,6.0,自动,187.0,,,,,,,,,,,,,,,,,,,,4475,1850,1665,2680,,,,1440.0,SUV,5.0,5.0,,平开门,,,,,真皮,上下+前后,,,,,织物,,手动,,
sg4431,6109.0,现代,,现代,sg4431,北京现代ix35,pcauto_m137756,北京现代ix35 2026款 沐飒 2.0L GLS 领先版,2025,燃油,北京现代,紧凑型SUV,12.18,12.18万,,,1999.0,2.0,自然吸气,直列,4.0,,160.0,118.0,,193.0,,汽油,92号(原93号),多点电喷,铝合金,国VI,自动,6.0,自动,187.0,,,三年或15万公里,,,,,,,,,,,,,,,,,4475,1850,1665,2680,,,,1440.0,SUV,5.0,5.0,,平开门,,,,,真皮,上下+前后,,,,,织物,,手动,,
sg4431,681.0,现代,,现代,sg4431,北京现代ix35,pcauto_m137756,北京现代ix35 2026款 沐飒 2.0L GLS 领先版,2026,燃油,北京现代,紧凑型SUV,12.18,12.18万,,,1999.0,2.0,自然吸气,直列,4.0,,160.0,118.0,,193.0,,汽油,92号(原93号),多点电喷,铝合金,国VI,自动,6.0,自动,187.0,,,三年或15万公里,,,,,,,,,,,,,,,,,4475,1850,1665,2680,,,,1440.0,SUV,5.0,5.0,,平开门,,,,,真皮,上下+前后,,,,,织物,,手动,,
sg4437,81663.0,大众,1.0,大众,410,高尔夫,252397,300TSI,2022,燃油,一汽-大众,紧凑型车,12.99,12.99万,11.55万,11.79万,1498.0,1.5,涡轮增压,L,4.0,米勒循环,160.0,118.0,5500.0,250.0,1750,汽油,92#,缸内直喷,铝,国VI,7挡双离合,7.0,干式双离合变速箱（DCT）,200.0,8.5,,3年或10万公里,,,,,,,,,,,,,,,,,4282,1788,1479,2631,1539.0,1512.0,,1327.0,两厢车,5.0,5.0,368.0,平开门,主 / 副,前 / 后,,主 / 副,,上下+前后,大屏,USB/Type-C,,46117,织物,前 / 后,自动,46117,燃油
sg4437,55734.0,大众,1.0,大众,410,高尔夫,252397,300TSI,2023,燃油,一汽-大众,紧凑型车,12.99,12.99万,11.55万,11.79万,1498.0,1.5,涡轮增压,L,4.0,米勒循环,160.0,118.0,5500.0,250.0,1750,汽油,92#,缸内直喷,铝,国VI,7挡双离合,7.0,干式双离合变速箱（DCT）,200.0,8.5,,3年或10万公里,,,,,,,,,,,,,,,,,4282,1788,1479,2631,1539.0,1512.0,,1327.0,两厢车,5.0,5.0,368.0,平开门,主 / 副,前 / 后,,主 / 副,,上下+前后,大屏,USB/Type-C,,46117,织物,前 / 后,自动,46117,燃油
sg4437,41552.0,大众,1.0,大众,410,高尔夫,252397,300TSI,2024,燃油,一汽-大众,紧凑型车,12.99,12.99万,11.55万,11.79万,1498.0,1.5,涡轮增压,L,4.0,米勒循环,160.0,118.0,5500.0,250.0,1750,汽油,92#,缸内直喷,铝,国VI,7挡双离合,7.0,干式双离合变速箱（DCT）,200.0,8.5,,3年或10万公里,,,,,,,,,,,,,,,,,4282,1788,1479,2631,1539.0,1512.0,,1327.0,两厢车,5.0,5.0,368.0,平开门,主 / 副,前 / 后,,主 / 副,,上下+前后,大屏,USB/Type-C,,46117,织物,前 / 后,自动,46117,燃油
sg4437,33848.0,大众,1.0,大众,410,高尔夫,252397,300TSI,2025,燃油,一汽-大众,紧凑型车,12.99,12.99万,11.55万,11.79万,1498.0,1.5,涡轮增压,L,4.0,米勒循环,160.0,118.0,5500.0,250.0,1750,汽油,92#,缸内直喷,铝,国VI,7挡双离合,7.0,干式双离合变速箱（DCT）,200.0,8.5,,3年或10万公里,,,,,,,,,,,,,,,,,4282,1788,1479,2631,1539.0,1512.0,,1327.0,两厢车,5.0,5.0,368.0,平开门,主 / 副,前 / 后,,主 / 副,,上下+前后,大屏,USB/Type-C,,46117,织物,前 / 后,自动,46117,燃油
sg4437,7498.0,大众,1.0,大众,410,高尔夫,252397,300TSI,2026,燃油,一汽-大众,紧凑型车,12.99,12.99万,11.55万,11.79万,1498.0,1.5,涡轮增压,L,4.0,米勒循环,160.0,118.0,5500.0,250.0,1750,汽油,92#,缸内直喷,铝,国VI,7挡双离合,7.0,干式双离合变速箱（DCT）,200.0,8.5,,3年或10万公里,,,,,,,,,,,,,,,,,4282,1788,1479,2631,1539.0,1512.0,,1327.0,两厢车,5.0,5.0,368.0,平开门,主 / 副,前 / 后,,主 / 副,,上下+前后,大屏,USB/Type-C,,46117,织物,前 / 后,自动,46117,燃油
sg4447,22376.0,标致,61.0,标致,336,标致408,99074,360THP 龘龘款 罗曼尼版,2022,燃油,东风标致,紧凑型车,10.97,10.97万,7.47万,8.07万,1499.0,1.5,涡轮增压,L,4.0,CVVT、CVVL、双涡管涡轮,173.0,127.0,5500.0,255.0,1750,汽油,92#,缸内直喷,铝,国VI b,6挡手自一体,6.0,手自一体变速箱(AT),225.0,,,5年或15万公里,,,,,,,,,,,,,,,,,4750,1820,1488,2730,1555.0,1550.0,,1356.0,三厢车,4.0,5.0,455.0,平开门,主 / 副,前 / 后,,主 / 副,,上下+前后,大屏,USB/Type-C,,46180,仿皮,前 / 后,自动,46180,燃油
sg4447,19865.0,标致,61.0,标致,336,标致408,99074,360THP 龘龘款 罗曼尼版,2023,燃油,东风标致,紧凑型车,10.97,10.97万,7.47万,8.07万,1499.0,1.5,涡轮增压,L,4.0,CVVT、CVVL、双涡管涡轮,173.0,127.0,5500.0,255.0,1750,汽油,92#,缸内直喷,铝,国VI b,6挡手自一体,6.0,手自一体变速箱(AT),225.0,,,5年或15万公里,,,,,,,,,,,,,,,,,4750,1820,1488,2730,1555.0,1550.0,,1356.0,三厢车,4.0,5.0,455.0,平开门,主 / 副,前 / 后,,主 / 副,,上下+前后,大屏,USB/Type-C,,46180,仿皮,前 / 后,自动,46180,燃油
sg4447,14022.0,标致,61.0,标致,336,标致408,99074,360THP 龘龘款 罗曼尼版,2024,燃油,东风标致,紧凑型车,10.97,10.97万,7.47万,8.07万,1499.0,1.5,涡轮增压,L,4.0,CVVT、CVVL、双涡管涡轮,173.0,127.0,5500.0,255.0,1750,汽油,92#,缸内直喷,铝,国VI b,6挡手自一体,6.0,手自一体变速箱(AT),225.0,,,5年或15万公里,,,,,,,,,,,,,,,,,4750,1820,1488,2730,1555.0,1550.0,,1356.0,三厢车,4.0,5.0,455.0,平开门,主 / 副,前 / 后,,主 / 副,,上下+前后,大屏,USB/Type-C,,46180,仿皮,前 / 后,自动,46180,燃油
sg4447,12341.0,标致,61.0,标致,336,标致408,99074,360THP 龘龘款 罗曼尼版,2025,燃油,东风标致,紧凑型车,10.97,10.97万,7.47万,8.07万,1499.0,1.5,涡轮增压,L,4.0,CVVT、CVVL、双涡管涡轮,173.0,127.0,5500.0,255.0,1750,汽油,92#,缸内直喷,铝,国VI b,6挡手自一体,6.0,手自一体变速箱(AT),225.0,,,5年或15万公里,,,,,,,,,,,,,,,,,4750,1820,1488,2730,1555.0,1550.0,,1356.0,三厢车,4.0,5.0,455.0,平开门,主 / 副,前 / 后,,主 / 副,,上下+前后,大屏,USB/Type-C,,46180,仿皮,前 / 后,自动,46180,燃油
sg4447,4459.0,标致,61.0,标致,336,标致408,99074,360THP 龘龘款 罗曼尼版,2026,燃油,东风标致,紧凑型车,10.97,10.97万,7.47万,8.07万,1499.0,1.5,涡轮增压,L,4.0,CVVT、CVVL、双涡管涡轮,173.0,127.0,5500.0,255.0,1750,汽油,92#,缸内直喷,铝,国VI b,6挡手自一体,6.0,手自一体变速箱(AT),225.0,,,5年或15万公里,,,,,,,,,,,,,,,,,4750,1820,1488,2730,1555.0,1550.0,,1356.0,三厢车,4.0,5.0,455.0,平开门,主 / 副,前 / 后,,主 / 副,,上下+前后,大屏,USB/Type-C,,46180,仿皮,前 / 后,自动,46180,燃油
sg4470,60138.0,广汽传祺,40.0,广汽传祺,1794,传祺M8,257558,2.0T 尊享版,2022,燃油,广汽传祺,中大型MPV,18.98,18.98万,17.95万,18.98万,1991.0,2.0,涡轮增压,L,4.0,"350bar高压直喷燃油系统,GCCS燃烧控制专利技术,双流道增压器,内置双平衡轴模块,电加热调温器,可变机油泵,内冷油道活塞",252.0,185.0,5250.0,400.0,1750,汽油,95#,缸内直喷,铁,国VI,8挡自动,8.0,自动变速箱(AT),200.0,,8.54,3年或10万公里,,,,,,,,,,,,,,,,,5212,1893,1823,3070,1628.0,1638.0,,2060.0,MPV,5.0,7.0,516.0,侧滑门,主 / 副,前 / 后,,主 / 副,,上下+前后,大屏,USB/Type-C,,46243,仿皮,前 / 后,自动,46243,燃油
sg4470,85785.0,广汽传祺,40.0,广汽传祺,1794,传祺M8,257558,2.0T 尊享版,2023,燃油,广汽传祺,中大型MPV,18.98,18.98万,17.95万,18.98万,1991.0,2.0,涡轮增压,L,4.0,"350bar高压直喷燃油系统,GCCS燃烧控制专利技术,双流道增压器,内置双平衡轴模块,电加热调温器,可变机油泵,内冷油道活塞",252.0,185.0,5250.0,400.0,1750,汽油,95#,缸内直喷,铁,国VI,8挡自动,8.0,自动变速箱(AT),200.0,,8.54,3年或10万公里,,,,,,,,,,,,,,,,,5212,1893,1823,3070,1628.0,1638.0,,2060.0,MPV,5.0,7.0,516.0,侧滑门,主 / 副,前 / 后,,主 / 副,,上下+前后,大屏,USB/Type-C,,46243,仿皮,前 / 后,自动,46243,燃油
sg4470,65126.0,广汽传祺,40.0,广汽传祺,1794,传祺M8,257558,2.0T 尊享版,2024,燃油,广汽传祺,中大型MPV,18.98,18.98万,17.95万,18.98万,1991.0,2.0,涡轮增压,L,4.0,"350bar高压直喷燃油系统,GCCS燃烧控制专利技术,双流道增压器,内置双平衡轴模块,电加热调温器,可变机油泵,内冷油道活塞",252.0,185.0,5250.0,400.0,1750,汽油,95#,缸内直喷,铁,国VI,8挡自动,8.0,自动变速箱(AT),200.0,,8.54,3年或10万公里,,,,,,,,,,,,,,,,,5212,1893,1823,3070,1628.0,1638.0,,2060.0,MPV,5.0,7.0,516.0,侧滑门,主 / 副,前 / 后,,主 / 副,,上下+前后,大屏,USB/Type-C,,46243,仿皮,前 / 后,自动,46243,燃油
sg4470,53176.0,广汽传祺,40.0,广汽传祺,1794,传祺M8,257558,2.0T 尊享版,2025,燃油,广汽传祺,中大型MPV,18.98,18.98万,17.95万,18.98万,1991.0,2.0,涡轮增压,L,4.0,"350bar高压直喷燃油系统,GCCS燃烧控制专利技术,双流道增压器,内置双平衡轴模块,电加热调温器,可变机油泵,内冷油道活塞",252.0,185.0,5250.0,400.0,1750,汽油,95#,缸内直喷,铁,国VI,8挡自动,8.0,自动变速箱(AT),200.0,,8.54,3年或10万公里,,,,,,,,,,,,,,,,,5212,1893,1823,3070,1628.0,1638.0,,2060.0,MPV,5.0,7.0,516.0,侧滑门,主 / 副,前 / 后,,主 / 副,,上下+前后,大屏,USB/Type-C,,46243,仿皮,前 / 后,自动,46243,燃油
sg4470,29222.0,广汽传祺,40.0,广汽传祺,1794,传祺M8,257558,2.0T 尊享版,2026,燃油,广汽传祺,中大型MPV,18.98,18.98万,17.95万,18.98万,1991.0,2.0,涡轮增压,L,4.0,"350bar高压直喷燃油系统,GCCS燃烧控制专利技术,双流道增压器,内置双平衡轴模块,电加热调温器,可变机油泵,内冷油道活塞",252.0,185.0,5250.0,400.0,1750,汽油,95#,缸内直喷,铁,国VI,8挡自动,8.0,自动变速箱(AT),200.0,,8.54,3年或10万公里,,,,,,,,,,,,,,,,,5212,1893,1823,3070,1628.0,1638.0,,2060.0,MPV,5.0,7.0,516.0,侧滑门,主 / 副,前 / 后,,主 / 副,,上下+前后,大屏,USB/Type-C,,46243,仿皮,前 / 后,自动,46243,燃油
sg4505,12486.0,北京越野,,北京越野,sg4505,北京BJ40,pcauto_m138071,北京BJ40 2026款 2.0T 汽油探险家,2026,燃油,北京越野,紧凑型SUV,14.99,14.99万,,,1967.0,2.0,涡轮增压,直列,4.0,,224.0,165.0,,380.0,,汽油,92号(原93号),直喷,铸铁,国VI,手自一体,8.0,手自一体,160.0,,,三年或10万公里,,,,,,,,,,,,,,,,,4630,1925,1871,2745,,,,2080.0,SUV,4.0,5.0,,平开门,,,,,皮质,上下+前后,,,,,仿皮,,自动,,
sg4517,30523.0,大众,1.0,大众,416,大众CC,252408,330TSI 炫目 3000万辆甄选款,2022,燃油,一汽-大众,中型车,22.49,22.49万,16.41万,16.89万,1984.0,2.0,涡轮增压,L,4.0,,186.0,137.0,4150.0,320.0,1600,汽油,95#,缸内直喷,铁,国VI,7挡双离合,7.0,湿式双离合变速箱（DCT）,210.0,8.8,6.4,3年或10万公里,,,,,,,,,,,,,,,,,4865,1870,1459,2841,1586.0,1572.0,136.0,1640.0,掀背车,5.0,5.0,501.0,平开门,主 / 副,前 / 后,,主 / 副,,上下+前后,大屏,USB/Type-C,,46243,仿皮,前 / 后,自动,46243,燃油
sg4517,33406.0,大众,1.0,大众,416,大众CC,252408,330TSI 炫目 3000万辆甄选款,2023,燃油,一汽-大众,中型车,22.49,22.49万,16.41万,16.89万,1984.0,2.0,涡轮增压,L,4.0,,186.0,137.0,4150.0,320.0,1600,汽油,95#,缸内直喷,铁,国VI,7挡双离合,7.0,湿式双离合变速箱（DCT）,210.0,8.8,6.4,3年或10万公里,,,,,,,,,,,,,,,,,4865,1870,1459,2841,1586.0,1572.0,136.0,1640.0,掀背车,5.0,5.0,501.0,平开门,主 / 副,前 / 后,,主 / 副,,上下+前后,大屏,USB/Type-C,,46243,仿皮,前 / 后,自动,46243,燃油
sg4517,28741.0,大众,1.0,大众,416,大众CC,252408,330TSI 炫目 3000万辆甄选款,2024,燃油,一汽-大众,中型车,22.49,22.49万,16.41万,16.89万,1984.0,2.0,涡轮增压,L,4.0,,186.0,137.0,4150.0,320.0,1600,汽油,95#,缸内直喷,铁,国VI,7挡双离合,7.0,湿式双离合变速箱（DCT）,210.0,8.8,6.4,3年或10万公里,,,,,,,,,,,,,,,,,4865,1870,1459,2841,1586.0,1572.0,136.0,1640.0,掀背车,5.0,5.0,501.0,平开门,主 / 副,前 / 后,,主 / 副,,上下+前后,大屏,USB/Type-C,,46243,仿皮,前 / 后,自动,46243,燃油
sg4517,17559.0,大众,1.0,大众,416,大众CC,252408,330TSI 炫目 3000万辆甄选款,2025,燃油,一汽-大众,中型车,22.49,22.49万,16.41万,16.89万,1984.0,2.0,涡轮增压,L,4.0,,186.0,137.0,4150.0,320.0,1600,汽油,95#,缸内直喷,铁,国VI,7挡双离合,7.0,湿式双离合变速箱（DCT）,210.0,8.8,6.4,3年或10万公里,,,,,,,,,,,,,,,,,4865,1870,1459,2841,1586.0,1572.0,136.0,1640.0,掀背车,5.0,5.0,501.0,平开门,主 / 副,前 / 后,,主 / 副,,上下+前后,大屏,USB/Type-C,,46243,仿皮,前 / 后,自动,46243,燃油
sg4517,5330.0,大众,1.0,大众,416,大众CC,252408,330TSI 炫目 3000万辆甄选款,2026,燃油,一汽-大众,中型车,22.49,22.49万,16.41万,16.89万,1984.0,2.0,涡轮增压,L,4.0,,186.0,137.0,4150.0,320.0,1600,汽油,95#,缸内直喷,铁,国VI,7挡双离合,7.0,湿式双离合变速箱（DCT）,210.0,8.8,6.4,3年或10万公里,,,,,,,,,,,,,,,,,4865,1870,1459,2841,1586.0,1572.0,136.0,1640.0,掀背车,5.0,5.0,501.0,平开门,主 / 副,前 / 后,,主 / 副,,上下+前后,大屏,USB/Type-C,,46243,仿皮,前 / 后,自动,46243,燃油
sg4550,244740.0,丰田,5.0,丰田,535,凯美瑞,250273,2.0E 精英版,2022,燃油,广汽丰田,中型车,17.18,17.18万,13.52万,12.98万,1987.0,2.0,自然吸气,L,4.0,VVT-iE,173.0,127.0,6600.0,206.0,4600,汽油,92#,混合喷射,铝,国VI,CVT无级变速(模拟10挡),,无级变速箱(CVT),205.0,,,3年或10万公里,,,,,,,,,,,,,,,,,4915,1840,1450,2825,1590.0,1600.0,,1550.0,三厢车,4.0,5.0,,平开门,主 / 副,前 / 后,,主 / 副,,上下+前后,,USB/Type-C,,46180,仿皮,前 / 后,自动,46180,燃油
sg4550,225503.0,丰田,5.0,丰田,535,凯美瑞,250273,2.0E 精英版,2023,燃油,广汽丰田,中型车,17.18,17.18万,13.52万,12.98万,1987.0,2.0,自然吸气,L,4.0,VVT-iE,173.0,127.0,6600.0,206.0,4600,汽油,92#,混合喷射,铝,国VI,CVT无级变速(模拟10挡),,无级变速箱(CVT),205.0,,,3年或10万公里,,,,,,,,,,,,,,,,,4915,1840,1450,2825,1590.0,1600.0,,1550.0,三厢车,4.0,5.0,,平开门,主 / 副,前 / 后,,主 / 副,,上下+前后,,USB/Type-C,,46180,仿皮,前 / 后,自动,46180,燃油
sg4550,158038.0,丰田,5.0,丰田,535,凯美瑞,250273,2.0E 精英版,2024,燃油,广汽丰田,中型车,17.18,17.18万,13.52万,12.98万,1987.0,2.0,自然吸气,L,4.0,VVT-iE,173.0,127.0,6600.0,206.0,4600,汽油,92#,混合喷射,铝,国VI,CVT无级变速(模拟10挡),,无级变速箱(CVT),205.0,,,3年或10万公里,,,,,,,,,,,,,,,,,4915,1840,1450,2825,1590.0,1600.0,,1550.0,三厢车,4.0,5.0,,平开门,主 / 副,前 / 后,,主 / 副,,上下+前后,,USB/Type-C,,46180,仿皮,前 / 后,自动,46180,燃油
sg4550,208651.0,丰田,5.0,丰田,535,凯美瑞,250273,2.0E 精英版,2025,燃油,广汽丰田,中型车,17.18,17.18万,13.52万,12.98万,1987.0,2.0,自然吸气,L,4.0,VVT-iE,173.0,127.0,6600.0,206.0,4600,汽油,92#,混合喷射,铝,国VI,CVT无级变速(模拟10挡),,无级变速箱(CVT),205.0,,,3年或10万公里,,,,,,,,,,,,,,,,,4915,1840,1450,2825,1590.0,1600.0,,1550.0,三厢车,4.0,5.0,,平开门,主 / 副,前 / 后,,主 / 副,,上下+前后,,USB/Type-C,,46180,仿皮,前 / 后,自动,46180,燃油
sg4550,85981.0,丰田,5.0,丰田,535,凯美瑞,250273,2.0E 精英版,2026,燃油,广汽丰田,中型车,17.18,17.18万,13.52万,12.98万,1987.0,2.0,自然吸气,L,4.0,VVT-iE,173.0,127.0,6600.0,206.0,4600,汽油,92#,混合喷射,铝,国VI,CVT无级变速(模拟10挡),,无级变速箱(CVT),205.0,,,3年或10万公里,,,,,,,,,,,,,,,,,4915,1840,1450,2825,1590.0,1600.0,,1550.0,三厢车,4.0,5.0,,平开门,主 / 副,前 / 后,,主 / 副,,上下+前后,,USB/Type-C,,46180,仿皮,前 / 后,自动,46180,燃油
sg4553,31751.0,起亚,13.0,起亚,1123,智跑,54504,Ace 2.0L 探索版,2021,燃油,起亚,紧凑型SUV,13.98,13.98万,12.95万,10.08万,1999.0,2.0,自然吸气,L,4.0,,161.0,118.0,6500.0,193.0,4500,汽油,92#,多点电喷,铝,国VI,6挡自动,6.0,自动变速箱(AT),186.0,,,5年或10万公里,,,,,,,,,,,,,,,,,4530,1850,1700,2640,1602.0,1612.0,161.0,1423.0,SUV,5.0,5.0,,平开门,主 / 副,前 / 后,,主 / 副,,上下,大屏,USB/Type-C,,46117,仿皮,前 / 后,自动,46117,燃油
sg4553,19226.0,起亚,13.0,起亚,1123,智跑,54504,Ace 2.0L 探索版,2022,燃油,起亚,紧凑型SUV,13.98,13.98万,12.95万,10.08万,1999.0,2.0,自然吸气,L,4.0,,161.0,118.0,6500.0,193.0,4500,汽油,92#,多点电喷,铝,国VI,6挡自动,6.0,自动变速箱(AT),186.0,,,5年或10万公里,,,,,,,,,,,,,,,,,4530,1850,1700,2640,1602.0,1612.0,161.0,1423.0,SUV,5.0,5.0,,平开门,主 / 副,前 / 后,,主 / 副,,上下,大屏,USB/Type-C,,46117,仿皮,前 / 后,自动,46117,燃油
sg4553,10887.0,起亚,13.0,起亚,1123,智跑,54504,Ace 2.0L 探索版,2023,燃油,起亚,紧凑型SUV,13.98,13.98万,12.95万,10.08万,1999.0,2.0,自然吸气,L,4.0,,161.0,118.0,6500.0,193.0,4500,汽油,92#,多点电喷,铝,国VI,6挡自动,6.0,自动变速箱(AT),186.0,,,5年或10万公里,,,,,,,,,,,,,,,,,4530,1850,1700,2640,1602.0,1612.0,161.0,1423.0,SUV,5.0,5.0,,平开门,主 / 副,前 / 后,,主 / 副,,上下,大屏,USB/Type-C,,46117,仿皮,前 / 后,自动,46117,燃油
sg4553,3412.0,起亚,13.0,起亚,1123,智跑,54504,Ace 2.0L 探索版,2024,燃油,起亚,紧凑型SUV,13.98,13.98万,12.95万,10.08万,1999.0,2.0,自然吸气,L,4.0,,161.0,118.0,6500.0,193.0,4500,汽油,92#,多点电喷,铝,国VI,6挡自动,6.0,自动变速箱(AT),186.0,,,5年或10万公里,,,,,,,,,,,,,,,,,4530,1850,1700,2640,1602.0,1612.0,161.0,1423.0,SUV,5.0,5.0,,平开门,主 / 副,前 / 后,,主 / 副,,上下,大屏,USB/Type-C,,46117,仿皮,前 / 后,自动,46117,燃油
sg4553,1771.0,起亚,13.0,起亚,1123,智跑,54504,Ace 2.0L 探索版,2025,燃油,起亚,紧凑型SUV,13.98,13.98万,12.95万,10.08万,1999.0,2.0,自然吸气,L,4.0,,161.0,118.0,6500.0,193.0,4500,汽油,92#,多点电喷,铝,国VI,6挡自动,6.0,自动变速箱(AT),186.0,,,5年或10万公里,,,,,,,,,,,,,,,,,4530,1850,1700,2640,1602.0,1612.0,161.0,1423.0,SUV,5.0,5.0,,平开门,主 / 副,前 / 后,,主 / 副,,上下,大屏,USB/Type-C,,46117,仿皮,前 / 后,自动,46117,燃油
sg4553,223.0,起亚,13.0,起亚,1123,智跑,54504,Ace 2.0L 探索版,2026,燃油,起亚,紧凑型SUV,13.98,13.98万,12.95万,10.08万,1999.0,2.0,自然吸气,L,4.0,,161.0,118.0,6500.0,193.0,4500,汽油,92#,多点电喷,铝,国VI,6挡自动,6.0,自动变速箱(AT),186.0,,,5年或10万公里,,,,,,,,,,,,,,,,,4530,1850,1700,2640,1602.0,1612.0,161.0,1423.0,SUV,5.0,5.0,,平开门,主 / 副,前 / 后,,主 / 副,,上下,大屏,USB/Type-C,,46117,仿皮,前 / 后,自动,46117,燃油
sg4556,42272.0,东风风行,70.0,东风风行,445,菱智,92415,M5L 1.5T 基本型7座,2022,燃油,东风风行,中型MPV,7.49,7.49万,5.40万,7.29万,1493.0,1.5,涡轮增压,L,4.0,,190.0,140.0,5500.0,300.0,1500,汽油,92#,缸内直喷,铁,国VI b,6挡手动,6.0,手动变速箱(MT),160.0,,,5年或10万公里,,,,,,,,,,,,,,,,,5135,1720,1970,3000,1445.0,1420.0,,1660.0,MPV,4.0,7.0,,侧滑门,主 / 副,前 / 后,,主 / 副,,上下,,USB/Type-C,,46056,织物,前 / 后,手动,46056,燃油
sg4556,23802.0,东风风行,70.0,东风风行,445,菱智,92415,M5L 1.5T 基本型7座,2023,燃油,东风风行,中型MPV,7.49,7.49万,5.40万,7.29万,1493.0,1.5,涡轮增压,L,4.0,,190.0,140.0,5500.0,300.0,1500,汽油,92#,缸内直喷,铁,国VI b,6挡手动,6.0,手动变速箱(MT),160.0,,,5年或10万公里,,,,,,,,,,,,,,,,,5135,1720,1970,3000,1445.0,1420.0,,1660.0,MPV,4.0,7.0,,侧滑门,主 / 副,前 / 后,,主 / 副,,上下,,USB/Type-C,,46056,织物,前 / 后,手动,46056,燃油
sg4556,19156.0,东风风行,70.0,东风风行,445,菱智,92415,M5L 1.5T 基本型7座,2024,燃油,东风风行,中型MPV,7.49,7.49万,5.40万,7.29万,1493.0,1.5,涡轮增压,L,4.0,,190.0,140.0,5500.0,300.0,1500,汽油,92#,缸内直喷,铁,国VI b,6挡手动,6.0,手动变速箱(MT),160.0,,,5年或10万公里,,,,,,,,,,,,,,,,,5135,1720,1970,3000,1445.0,1420.0,,1660.0,MPV,4.0,7.0,,侧滑门,主 / 副,前 / 后,,主 / 副,,上下,,USB/Type-C,,46056,织物,前 / 后,手动,46056,燃油
sg4556,14805.0,东风风行,70.0,东风风行,445,菱智,249844,M5 1.6L 短轴实用型5座,2025,燃油,东风风行,中型MPV,5.99,5.99万,4.90万,4.99万,1646.0,1.6,自然吸气,L,4.0,,116.0,85.0,5600.0,160.0,4000,汽油,92#,多点电喷,铁,国VI,5挡手动,5.0,手动变速箱(MT),140.0,,,5年或10万公里,,,,,,,,,,,,,,,,,4735,1720,1955,2800,1445.0,1420.0,,1485.0,MPV,4.0,5.0,,侧滑门,主 / 副,前 / 后,,主 / 副,,上下,,,,46056,织物,前 / 后,手动,46056,燃油
sg4556,5471.0,东风风行,70.0,东风风行,445,菱智,249844,M5 1.6L 短轴实用型5座,2026,燃油,东风风行,中型MPV,5.99,5.99万,4.90万,4.99万,1646.0,1.6,自然吸气,L,4.0,,116.0,85.0,5600.0,160.0,4000,汽油,92#,多点电喷,铁,国VI,5挡手动,5.0,手动变速箱(MT),140.0,,,5年或10万公里,,,,,,,,,,,,,,,,,4735,1720,1955,2800,1445.0,1420.0,,1485.0,MPV,4.0,5.0,,侧滑门,主 / 副,前 / 后,,主 / 副,,上下,,,,46056,织物,前 / 后,手动,46056,燃油
sg4560,17318.0,奔驰,3.0,奔驰,244,威霆,100374,2.0T 精英版 7座,2022,燃油,福建奔驰,中大型MPV,33.68,33.68万,暂无报价,18.78万,1999.0,2.0,涡轮增压,L,4.0,,231.0,170.0,5500.0,370.0,2000,48V轻混系统,95#,缸内直喷,铝,国VI,9挡手自一体,9.0,手自一体变速箱(AT),185.0,,,3年或6万公里,,,,,,,,,,,,,,,,,5370,1928,1880,3430,1666.0,1646.0,,2370.0,MPV,4.0,7.0,,侧滑门,主 / 副,前 / 后,,主 / 副,,上下+前后,,USB/Type-C,,46243,仿皮,前 / 后,自动,46243,燃油
sg4560,16921.0,奔驰,3.0,奔驰,244,威霆,100374,2.0T 精英版 7座,2023,燃油,福建奔驰,中大型MPV,33.68,33.68万,暂无报价,18.78万,1999.0,2.0,涡轮增压,L,4.0,,231.0,170.0,5500.0,370.0,2000,48V轻混系统,95#,缸内直喷,铝,国VI,9挡手自一体,9.0,手自一体变速箱(AT),185.0,,,3年或6万公里,,,,,,,,,,,,,,,,,5370,1928,1880,3430,1666.0,1646.0,,2370.0,MPV,4.0,7.0,,侧滑门,主 / 副,前 / 后,,主 / 副,,上下+前后,,USB/Type-C,,46243,仿皮,前 / 后,自动,46243,燃油
sg4560,14716.0,奔驰,3.0,奔驰,244,威霆,100374,2.0T 精英版 7座,2024,燃油,福建奔驰,中大型MPV,33.68,33.68万,暂无报价,18.78万,1999.0,2.0,涡轮增压,L,4.0,,231.0,170.0,5500.0,370.0,2000,48V轻混系统,95#,缸内直喷,铝,国VI,9挡手自一体,9.0,手自一体变速箱(AT),185.0,,,3年或6万公里,,,,,,,,,,,,,,,,,5370,1928,1880,3430,1666.0,1646.0,,2370.0,MPV,4.0,7.0,,侧滑门,主 / 副,前 / 后,,主 / 副,,上下+前后,,USB/Type-C,,46243,仿皮,前 / 后,自动,46243,燃油
sg4560,9431.0,奔驰,3.0,奔驰,244,威霆,100374,2.0T 精英版 7座,2025,燃油,福建奔驰,中大型MPV,33.68,33.68万,暂无报价,18.78万,1999.0,2.0,涡轮增压,L,4.0,,231.0,170.0,5500.0,370.0,2000,48V轻混系统,95#,缸内直喷,铝,国VI,9挡手自一体,9.0,手自一体变速箱(AT),185.0,,,3年或6万公里,,,,,,,,,,,,,,,,,5370,1928,1880,3430,1666.0,1646.0,,2370.0,MPV,4.0,7.0,,侧滑门,主 / 副,前 / 后,,主 / 副,,上下+前后,,USB/Type-C,,46243,仿皮,前 / 后,自动,46243,燃油
sg4560,1868.0,奔驰,3.0,奔驰,244,威霆,100374,2.0T 精英版 7座,2026,燃油,福建奔驰,中大型MPV,33.68,33.68万,暂无报价,18.78万,1999.0,2.0,涡轮增压,L,4.0,,231.0,170.0,5500.0,370.0,2000,48V轻混系统,95#,缸内直喷,铝,国VI,9挡手自一体,9.0,手自一体变速箱(AT),185.0,,,3年或6万公里,,,,,,,,,,,,,,,,,5370,1928,1880,3430,1666.0,1646.0,,2370.0,MPV,4.0,7.0,,侧滑门,主 / 副,前 / 后,,主 / 副,,上下+前后,,USB/Type-C,,46243,仿皮,前 / 后,自动,46243,燃油
sg4573,1462.0,北汽制造,,北汽制造,sg4573,勇士,pcauto_m106456,勇士 2021款 2.4T 三门四驱短轴汽油版,2021,燃油,北京汽车制造厂,紧凑型SUV,10.48,10.48万,,,2378.0,2.4,涡轮增压,直列,4.0,,211.0,155.0,,320.0,,汽油,92号(原93号),多点电喷,铝合金,国Ⅳ,手动,6.0,手动,130.0,20.0,,三年或6万公里,,,,,,,,,,,,,,,,,4300,1825,2100,2400,,,,1900.0,SUV,3.0,4.0,,平开门,,,,,塑料,上下,,,,,织物,,手动,,
sg4573,1017.0,北汽制造,,北汽制造,sg4573,勇士,pcauto_m106456,勇士 2021款 2.4T 三门四驱短轴汽油版,2023,燃油,北京汽车制造厂,紧凑型SUV,10.48,10.48万,,,2378.0,2.4,涡轮增压,直列,4.0,,211.0,155.0,,320.0,,汽油,92号(原93号),多点电喷,铝合金,国Ⅳ,手动,6.0,手动,130.0,20.0,,三年或6万公里,,,,,,,,,,,,,,,,,4300,1825,2100,2400,,,,1900.0,SUV,3.0,4.0,,平开门,,,,,塑料,上下,,,,,织物,,手动,,
sg4573,1331.0,北汽制造,,北汽制造,sg4573,勇士,pcauto_m133494,勇士 2025款 2.4T 五门四驱汽油版,2024,燃油,北京汽车制造厂,紧凑型SUV,14.98,14.98万,,,2378.0,2.4,涡轮增压,直列,4.0,,211.0,155.0,,320.0,,汽油,92号(原93号),多点电喷,铝合金,国Ⅳ,手动,6.0,手动,130.0,,,三年或6万公里,,,,,,,,,,,,,,,,,4490,1825,1950,2600,,,,1980.0,SUV,5.0,5.0,,平开门,,,,,塑料,上下,,,,,织物,,手动,,
sg4573,1528.0,北汽制造,,北汽制造,sg4573,勇士,pcauto_m133494,勇士 2025款 2.4T 五门四驱汽油版,2025,燃油,北京汽车制造厂,紧凑型SUV,14.98,14.98万,,,2378.0,2.4,涡轮增压,直列,4.0,,211.0,155.0,,320.0,,汽油,92号(原93号),多点电喷,铝合金,国Ⅳ,手动,6.0,手动,130.0,,,三年或6万公里,,,,,,,,,,,,,,,,,4490,1825,1950,2600,,,,1980.0,SUV,5.0,5.0,,平开门,,,,,塑料,上下,,,,,织物,,手动,,
sg4573,854.0,北汽制造,,北汽制造,sg4573,勇士,pcauto_m138656,勇士 2026款 2.4T 五门四驱汽油版,2026,燃油,北京汽车制造厂,紧凑型SUV,14.98,14.98万,,,2378.0,2.4,涡轮增压,直列,4.0,,211.0,155.0,,320.0,,汽油,92号(原93号),多点电喷,铝合金,国Ⅳ,手动,6.0,手动,130.0,,,三年或6万公里,,,,,,,,,,,,,,,,,4490,1825,1950,2600,,,,1980.0,SUV,5.0,5.0,,平开门,,,,,塑料,上下,,,,,织物,,手动,,
sg4580,132698.0,哈弗,17.0,哈弗,649,哈弗H6,100975,1.5T 自动两驱Pro版,2024,燃油,长城汽车,紧凑型SUV,11.79,11.79万,8.74万,9.59万,1499.0,1.5,涡轮增压,L,4.0,,184.0,135.0,5500.0,275.0,1500,汽油,92#,缸内直喷,铝,国VI b,7挡双离合,7.0,湿式双离合变速箱（DCT）,190.0,,,3年或10万公里,,,,,,,,,,,,,,,,,4703,1886,1730,2738,1631.0,1640.0,,1560.0,SUV,5.0,5.0,560.0,平开门,主 / 副,前 / 后,,主 / 副,,上下+前后,,USB/Type-C+SD卡槽,,46180,仿皮,前 / 后,自动,46180,燃油
sg4580,85688.0,哈弗,17.0,哈弗,649,哈弗H6,245710,国潮版 1.5T 自动都市版,2025,燃油,长城汽车,紧凑型SUV,9.89,9.89万,7.04万,7.19万,1497.0,1.5,涡轮增压,L,4.0,,150.0,110.0,5500.0,218.0,1800,汽油,92#,多点电喷,铝,国VI,7挡双离合,7.0,湿式双离合变速箱（DCT）,165.0,,7.68,3年或10万公里,,,,,,,,,,,,,,,,,4645,1860,1720,2680,1585.0,1585.0,145.0,1580.0,SUV,5.0,5.0,347.0,平开门,主 / 副,前 / 后,,主 / 副,,上下+前后,大屏,USB/Type-C,,46180,仿皮,前 / 后,自动,46180,燃油
sg4580,20342.0,哈弗,17.0,哈弗,649,哈弗H6,258569,1.5T 经典版,2026,燃油,长城汽车,紧凑型SUV,9.99,9.99万,7.64万,8.19万,1497.0,1.5,涡轮增压,L,4.0,,150.0,110.0,5500.0,218.0,1800,汽油,92#,多点电喷,铝,国VI,7挡双离合,7.0,湿式双离合变速箱（DCT）,165.0,,7.68,3年或10万公里,,,,,,,,,,,,,,,,,4645,1860,1720,2680,1585.0,1585.0,145.0,1580.0,SUV,5.0,5.0,347.0,平开门,主 / 副,前 / 后,,主 / 副,,上下+前后,大屏,USB/Type-C,,46180,仿皮,前 / 后,自动,46180,燃油
sg4613,0.0,五菱,39.0,五菱汽车,sg4613,五菱宏光,253677,1.5L 手动实用型,2025,燃油,上汽通用五菱,微面,5.48,5.48万,5.55万,5.48万,1498.0,1.5,自然吸气,L,4.0,阿特金森循环,110.0,81.0,,145.0,,汽油,92#,多点电喷,铁,国VI,6挡手动,6.0,手动变速箱(MT),155.0,,,待查,,,,,,,,,,,,,,,,,4515,1725,1790,2850,1485.0,1500.0,,1215.0,客车,5.0,5.0,,平开门,主 / 副,前 / 后,,主 / 副,,,大屏,USB/Type-C,,46056,织物,前 / 后,手动,46056,燃油
sg4715,6931.0,标致,,标致,sg4715,标致508,pcauto_m133241,标致508 2025款 508L 400THP 驭控旗舰版,2022,燃油,东风标致,中型车,16.37,16.37万,,,1751.0,1.8,涡轮增压,直列,4.0,CVVT连续可变正时系统,211.0,155.0,,300.0,,汽油,92号(原93号),直喷,铝合金,国VI,手自一体,8.0,手自一体,230.0,,,三年或10万公里,,,,,,,,,,,,,,,,,4870,1855,1455,2848,,,,1533.0,三厢车,4.0,5.0,,平开门,,,,,皮质,上下+前后,,,,,仿皮,,自动,,
sg4715,5120.0,标致,,标致,sg4715,标致508,pcauto_m133241,标致508 2025款 508L 400THP 驭控旗舰版,2023,燃油,东风标致,中型车,16.37,16.37万,,,1751.0,1.8,涡轮增压,直列,4.0,CVVT连续可变正时系统,211.0,155.0,,300.0,,汽油,92号(原93号),直喷,铝合金,国VI,手自一体,8.0,手自一体,230.0,,,三年或10万公里,,,,,,,,,,,,,,,,,4870,1855,1455,2848,,,,1533.0,三厢车,4.0,5.0,,平开门,,,,,皮质,上下+前后,,,,,仿皮,,自动,,
sg4715,2551.0,标致,,标致,sg4715,标致508,pcauto_m133241,标致508 2025款 508L 400THP 驭控旗舰版,2024,燃油,东风标致,中型车,16.37,16.37万,,,1751.0,1.8,涡轮增压,直列,4.0,CVVT连续可变正时系统,211.0,155.0,,300.0,,汽油,92号(原93号),直喷,铝合金,国VI,手自一体,8.0,手自一体,230.0,,,三年或10万公里,,,,,,,,,,,,,,,,,4870,1855,1455,2848,,,,1533.0,三厢车,4.0,5.0,,平开门,,,,,皮质,上下+前后,,,,,仿皮,,自动,,
sg4715,1663.0,标致,,标致,sg4715,标致508,pcauto_m133241,标致508 2025款 508L 400THP 驭控旗舰版,2025,燃油,东风标致,中型车,16.37,16.37万,,,1751.0,1.8,涡轮增压,直列,4.0,CVVT连续可变正时系统,211.0,155.0,,300.0,,汽油,92号(原93号),直喷,铝合金,国VI,手自一体,8.0,手自一体,230.0,,,三年或10万公里,,,,,,,,,,,,,,,,,4870,1855,1455,2848,,,,1533.0,三厢车,4.0,5.0,,平开门,,,,,皮质,上下+前后,,,,,仿皮,,自动,,
sg4715,719.0,标致,,标致,sg4715,标致508,pcauto_m133241,标致508 2025款 508L 400THP 驭控旗舰版,2026,燃油,东风标致,中型车,16.37,16.37万,,,1751.0,1.8,涡轮增压,直列,4.0,CVVT连续可变正时系统,211.0,155.0,,300.0,,汽油,92号(原93号),直喷,铝合金,国VI,手自一体,8.0,手自一体,230.0,,,三年或10万公里,,,,,,,,,,,,,,,,,4870,1855,1455,2848,,,,1533.0,三厢车,4.0,5.0,,平开门,,,,,皮质,上下+前后,,,,,仿皮,,自动,,
sg5045,30734.0,日产,,日产,sg5045,骐达,pcauto_m124126,骐达 2024款 1.6L CVT酷动版,2022,燃油,东风日产,紧凑型车,8.99,8.99万,,,1598.0,1.6,自然吸气,直列,4.0,双C-VTC连续可变气门正时,122.0,90.0,,155.0,,汽油,92号(原93号),多点电喷,铝合金,国VI,无级变速,,无级变速,179.0,12.1,,三年或10万公里,,,,,,,,,,,,,,,,,4393,1766,1539,2700,,,,1217.0,两厢车,5.0,5.0,,平开门,,,,,塑料,上下,,,,,织物,,手动,,
sg5045,16689.0,日产,,日产,sg5045,骐达,pcauto_m124126,骐达 2024款 1.6L CVT酷动版,2023,燃油,东风日产,紧凑型车,8.99,8.99万,,,1598.0,1.6,自然吸气,直列,4.0,双C-VTC连续可变气门正时,122.0,90.0,,155.0,,汽油,92号(原93号),多点电喷,铝合金,国VI,无级变速,,无级变速,179.0,12.1,,三年或10万公里,,,,,,,,,,,,,,,,,4393,1766,1539,2700,,,,1217.0,两厢车,5.0,5.0,,平开门,,,,,塑料,上下,,,,,织物,,手动,,
sg5045,15197.0,日产,,日产,sg5045,骐达,pcauto_m124126,骐达 2024款 1.6L CVT酷动版,2024,燃油,东风日产,紧凑型车,8.99,8.99万,,,1598.0,1.6,自然吸气,直列,4.0,双C-VTC连续可变气门正时,122.0,90.0,,155.0,,汽油,92号(原93号),多点电喷,铝合金,国VI,无级变速,,无级变速,179.0,12.1,,三年或10万公里,,,,,,,,,,,,,,,,,4393,1766,1539,2700,,,,1217.0,两厢车,5.0,5.0,,平开门,,,,,塑料,上下,,,,,织物,,手动,,
sg5045,3575.0,日产,,日产,sg5045,骐达,pcauto_m124126,骐达 2024款 1.6L CVT酷动版,2025,燃油,东风日产,紧凑型车,8.99,8.99万,,,1598.0,1.6,自然吸气,直列,4.0,双C-VTC连续可变气门正时,122.0,90.0,,155.0,,汽油,92号(原93号),多点电喷,铝合金,国VI,无级变速,,无级变速,179.0,12.1,,三年或10万公里,,,,,,,,,,,,,,,,,4393,1766,1539,2700,,,,1217.0,两厢车,5.0,5.0,,平开门,,,,,塑料,上下,,,,,织物,,手动,,
sg5045,495.0,日产,,日产,sg5045,骐达,pcauto_m124126,骐达 2024款 1.6L CVT酷动版,2026,燃油,东风日产,紧凑型车,8.99,8.99万,,,1598.0,1.6,自然吸气,直列,4.0,双C-VTC连续可变气门正时,122.0,90.0,,155.0,,汽油,92号(原93号),多点电喷,铝合金,国VI,无级变速,,无级变速,179.0,12.1,,三年或10万公里,,,,,,,,,,,,,,,,,4393,1766,1539,2700,,,,1217.0,两厢车,5.0,5.0,,平开门,,,,,塑料,上下,,,,,织物,,手动,,
sg52,7193.0,斯柯达,23.0,斯柯达,1243,速派,241147,TSI280 DSG尊享版,2025,燃油,上汽大众斯柯达,中型车,17.49,17.49万,9.99万,9.79万,1395.0,1.4,涡轮增压,L,4.0,,150.0,110.0,5000.0,250.0,1750,汽油,92#,缸内直喷,铝,国VI b,7挡双离合,7.0,干式双离合变速箱（DCT）,210.0,8.7,5.1,3年或10万公里,,,,,,,,,,,,,,,,,4869,1865,1489,2841,1584.0,1572.0,,1440.0,掀背车,5.0,5.0,570.0,平开门,主 / 副,前 / 后,,主 / 副,,上下+前后,大屏,USB/Type-C,,46243,仿皮,前 / 后,自动,46243,燃油
sg631,225060.0,本田,9.0,本田,280,本田CR-V,259762,全球30年荣耀款 1.5T 两驱活力5座版,2022,纯电动,东风本田,紧凑型SUV,18.59,18.59万,13.00万,13.99万,,,,,,,,,,,,,,,,,,,,,,,3年或10万公里,,,,,,,,,,,,,,,,,4703,1866,1680,2701,,,,,SUV,,5.0,,,主 / 副,前 / 后,,主 / 副,,,,,,,,前 / 后,：,,未知
sg631,194376.0,本田,9.0,本田,280,本田CR-V,259762,全球30年荣耀款 1.5T 两驱活力5座版,2023,纯电动,东风本田,紧凑型SUV,18.59,18.59万,13.00万,13.99万,,,,,,,,,,,,,,,,,,,,,,,3年或10万公里,,,,,,,,,,,,,,,,,4703,1866,1680,2701,,,,,SUV,,5.0,,,主 / 副,前 / 后,,主 / 副,,,,,,,,前 / 后,：,,未知
sg631,182183.0,本田,9.0,本田,280,本田CR-V,259762,全球30年荣耀款 1.5T 两驱活力5座版,2024,纯电动,东风本田,紧凑型SUV,18.59,18.59万,13.00万,13.99万,,,,,,,,,,,,,,,,,,,,,,,3年或10万公里,,,,,,,,,,,,,,,,,4703,1866,1680,2701,,,,,SUV,,5.0,,,主 / 副,前 / 后,,主 / 副,,,,,,,,前 / 后,：,,未知
sg631,171207.0,本田,9.0,本田,280,本田CR-V,259762,全球30年荣耀款 1.5T 两驱活力5座版,2025,纯电动,东风本田,紧凑型SUV,18.59,18.59万,13.00万,13.99万,,,,,,,,,,,,,,,,,,,,,,,3年或10万公里,,,,,,,,,,,,,,,,,4703,1866,1680,2701,,,,,SUV,,5.0,,,主 / 副,前 / 后,,主 / 副,,,,,,,,前 / 后,：,,未知
sg631,69089.0,本田,9.0,本田,280,本田CR-V,259762,全球30年荣耀款 1.5T 两驱活力5座版,2026,纯电动,东风本田,紧凑型SUV,18.59,18.59万,13.00万,13.99万,,,,,,,,,,,,,,,,,,,,,,,3年或10万公里,,,,,,,,,,,,,,,,,4703,1866,1680,2701,,,,,SUV,,5.0,,,主 / 副,前 / 后,,主 / 副,,,,,,,,前 / 后,：,,未知
sg651,2806.0,起亚,13.0,起亚,1126,嘉华,251348,2.0T豪华款,2022,燃油,起亚,中大型MPV,28.89,28.89万,暂无报价,20.24万,1975.0,2.0,涡轮增压,L,4.0,,233.0,171.0,6000.0,353.0,1500,汽油,92#,缸内直喷,铝,国VI,8挡手自一体,8.0,手自一体变速箱(AT),205.0,,,5年或10万公里,,,,,,,,,,,,,,,,,5155,1995,1795,3090,1744.0,1743.0,183.0,2095.0,MPV,5.0,7.0,1793.0,侧滑门,主 / 副,前 / 后,,主 / 副,,上下+前后,大屏,USB/Type-C,,46180,仿皮,前 / 后,自动,46180,燃油
sg651,1948.0,起亚,13.0,起亚,1126,嘉华,251348,2.0T豪华款,2023,燃油,起亚,中大型MPV,28.89,28.89万,暂无报价,20.24万,1975.0,2.0,涡轮增压,L,4.0,,233.0,171.0,6000.0,353.0,1500,汽油,92#,缸内直喷,铝,国VI,8挡手自一体,8.0,手自一体变速箱(AT),205.0,,,5年或10万公里,,,,,,,,,,,,,,,,,5155,1995,1795,3090,1744.0,1743.0,183.0,2095.0,MPV,5.0,7.0,1793.0,侧滑门,主 / 副,前 / 后,,主 / 副,,上下+前后,大屏,USB/Type-C,,46180,仿皮,前 / 后,自动,46180,燃油
sg651,1840.0,起亚,13.0,起亚,1126,嘉华,251348,2.0T豪华款,2024,燃油,起亚,中大型MPV,28.89,28.89万,暂无报价,20.24万,1975.0,2.0,涡轮增压,L,4.0,,233.0,171.0,6000.0,353.0,1500,汽油,92#,缸内直喷,铝,国VI,8挡手自一体,8.0,手自一体变速箱(AT),205.0,,,5年或10万公里,,,,,,,,,,,,,,,,,5155,1995,1795,3090,1744.0,1743.0,183.0,2095.0,MPV,5.0,7.0,1793.0,侧滑门,主 / 副,前 / 后,,主 / 副,,上下+前后,大屏,USB/Type-C,,46180,仿皮,前 / 后,自动,46180,燃油
sg651,1280.0,起亚,13.0,起亚,1126,嘉华,251348,2.0T豪华款,2025,燃油,起亚,中大型MPV,28.89,28.89万,暂无报价,20.24万,1975.0,2.0,涡轮增压,L,4.0,,233.0,171.0,6000.0,353.0,1500,汽油,92#,缸内直喷,铝,国VI,8挡手自一体,8.0,手自一体变速箱(AT),205.0,,,5年或10万公里,,,,,,,,,,,,,,,,,5155,1995,1795,3090,1744.0,1743.0,183.0,2095.0,MPV,5.0,7.0,1793.0,侧滑门,主 / 副,前 / 后,,主 / 副,,上下+前后,大屏,USB/Type-C,,46180,仿皮,前 / 后,自动,46180,燃油
sg651,439.0,起亚,13.0,起亚,1126,嘉华,251348,2.0T豪华款,2026,燃油,起亚,中大型MPV,28.89,28.89万,暂无报价,20.24万,1975.0,2.0,涡轮增压,L,4.0,,233.0,171.0,6000.0,353.0,1500,汽油,92#,缸内直喷,铝,国VI,8挡手自一体,8.0,手自一体变速箱(AT),205.0,,,5年或10万公里,,,,,,,,,,,,,,,,,5155,1995,1795,3090,1744.0,1743.0,183.0,2095.0,MPV,5.0,7.0,1793.0,侧滑门,主 / 副,前 / 后,,主 / 副,,上下+前后,大屏,USB/Type-C,,46180,仿皮,前 / 后,自动,46180,燃油
sg678,32494.0,大众,,大众,sg678,途安,pcauto_m34046,途安 2015款 1.4TSI 手动 风尚版5座,2015,燃油,上汽大众,MPV,13.98,13.98万,,,1390.0,1.4,涡轮增压,直列,4.0,,131.0,96.0,,220.0,,汽油,92号(原93号),直喷,铸铁,国IV/国V,手动,5.0,手动,190.0,11.0,,三年或10万公里,,,,,,,,,,,,,,,,,4395,1794,1634,2678,,,,1520.0,MPV,5.0,5.0,,,,,,,,上下+前后,,,,,织物,,手动,,
sg678,2204.0,大众,,大众,sg678,途安,pcauto_m34046,途安 2015款 1.4TSI 手动 风尚版5座,2022,燃油,上汽大众,MPV,13.98,13.98万,,,1390.0,1.4,涡轮增压,直列,4.0,,131.0,96.0,,220.0,,汽油,92号(原93号),直喷,铸铁,国IV/国V,手动,5.0,手动,190.0,11.0,,三年或10万公里,,,,,,,,,,,,,,,,,4395,1794,1634,2678,,,,1520.0,MPV,5.0,5.0,,,,,,,,上下+前后,,,,,织物,,手动,,
sg678,931.0,大众,,大众,sg678,途安,pcauto_m34046,途安 2015款 1.4TSI 手动 风尚版5座,2023,燃油,上汽大众,MPV,13.98,13.98万,,,1390.0,1.4,涡轮增压,直列,4.0,,131.0,96.0,,220.0,,汽油,92号(原93号),直喷,铸铁,国IV/国V,手动,5.0,手动,190.0,11.0,,三年或10万公里,,,,,,,,,,,,,,,,,4395,1794,1634,2678,,,,1520.0,MPV,5.0,5.0,,,,,,,,上下+前后,,,,,织物,,手动,,
sg678,897.0,大众,,大众,sg678,途安,pcauto_m34046,途安 2015款 1.4TSI 手动 风尚版5座,2024,燃油,上汽大众,MPV,13.98,13.98万,,,1390.0,1.4,涡轮增压,直列,4.0,,131.0,96.0,,220.0,,汽油,92号(原93号),直喷,铸铁,国IV/国V,手动,5.0,手动,190.0,11.0,,三年或10万公里,,,,,,,,,,,,,,,,,4395,1794,1634,2678,,,,1520.0,MPV,5.0,5.0,,,,,,,,上下+前后,,,,,织物,,手动,,
sg678,401.0,大众,,大众,sg678,途安,pcauto_m34046,途安 2015款 1.4TSI 手动 风尚版5座,2025,燃油,上汽大众,MPV,13.98,13.98万,,,1390.0,1.4,涡轮增压,直列,4.0,,131.0,96.0,,220.0,,汽油,92号(原93号),直喷,铸铁,国IV/国V,手动,5.0,手动,190.0,11.0,,三年或10万公里,,,,,,,,,,,,,,,,,4395,1794,1634,2678,,,,1520.0,MPV,5.0,5.0,,,,,,,,上下+前后,,,,,织物,,手动,,
sg678,509.0,大众,,大众,sg678,途安,pcauto_m34046,途安 2015款 1.4TSI 手动 风尚版5座,2026,燃油,上汽大众,MPV,13.98,13.98万,,,1390.0,1.4,涡轮增压,直列,4.0,,131.0,96.0,,220.0,,汽油,92号(原93号),直喷,铸铁,国IV/国V,手动,5.0,手动,190.0,11.0,,三年或10万公里,,,,,,,,,,,,,,,,,4395,1794,1634,2678,,,,1520.0,MPV,5.0,5.0,,,,,,,,上下+前后,,,,,织物,,手动,,
sg7075,7016.0,起亚,,起亚,sg7075,起亚K5凯酷,pcauto_m130408,起亚K5凯酷 2025款 1.5T 豪华版,2022,燃油,起亚,中型车,13.98,13.98万,,,1497.0,1.5,涡轮增压,直列,4.0,CVVD,170.0,125.0,,253.0,,汽油,92号(原93号),直喷,铝合金,国VI,干式双离合,7.0,干式双离合变速箱,210.0,,,三年或15万公里,,,,,,,,,,,,,,,,,4980,1860,1445,2900,,,,1472.0,三厢车,4.0,5.0,,平开门,,,,,真皮,上下+前后,,,,,仿皮,,自动,,
sg7075,3116.0,起亚,,起亚,sg7075,起亚K5凯酷,pcauto_m130408,起亚K5凯酷 2025款 1.5T 豪华版,2023,燃油,起亚,中型车,13.98,13.98万,,,1497.0,1.5,涡轮增压,直列,4.0,CVVD,170.0,125.0,,253.0,,汽油,92号(原93号),直喷,铝合金,国VI,干式双离合,7.0,干式双离合变速箱,210.0,,,三年或15万公里,,,,,,,,,,,,,,,,,4980,1860,1445,2900,,,,1472.0,三厢车,4.0,5.0,,平开门,,,,,真皮,上下+前后,,,,,仿皮,,自动,,
sg7075,1502.0,起亚,,起亚,sg7075,起亚K5凯酷,pcauto_m130408,起亚K5凯酷 2025款 1.5T 豪华版,2024,燃油,起亚,中型车,13.98,13.98万,,,1497.0,1.5,涡轮增压,直列,4.0,CVVD,170.0,125.0,,253.0,,汽油,92号(原93号),直喷,铝合金,国VI,干式双离合,7.0,干式双离合变速箱,210.0,,,三年或15万公里,,,,,,,,,,,,,,,,,4980,1860,1445,2900,,,,1472.0,三厢车,4.0,5.0,,平开门,,,,,真皮,上下+前后,,,,,仿皮,,自动,,
sg7075,1770.0,起亚,,起亚,sg7075,起亚K5凯酷,pcauto_m130408,起亚K5凯酷 2025款 1.5T 豪华版,2025,燃油,起亚,中型车,13.98,13.98万,,,1497.0,1.5,涡轮增压,直列,4.0,CVVD,170.0,125.0,,253.0,,汽油,92号(原93号),直喷,铝合金,国VI,干式双离合,7.0,干式双离合变速箱,210.0,,,三年或15万公里,,,,,,,,,,,,,,,,,4980,1860,1445,2900,,,,1472.0,三厢车,4.0,5.0,,平开门,,,,,真皮,上下+前后,,,,,仿皮,,自动,,
sg7075,198.0,起亚,,起亚,sg7075,起亚K5凯酷,pcauto_m130408,起亚K5凯酷 2025款 1.5T 豪华版,2026,燃油,起亚,中型车,13.98,13.98万,,,1497.0,1.5,涡轮增压,直列,4.0,CVVD,170.0,125.0,,253.0,,汽油,92号(原93号),直喷,铝合金,国VI,干式双离合,7.0,干式双离合变速箱,210.0,,,三年或15万公里,,,,,,,,,,,,,,,,,4980,1860,1445,2900,,,,1472.0,三厢车,4.0,5.0,,平开门,,,,,真皮,上下+前后,,,,,仿皮,,自动,,
sg7129,12109.0,日产,,日产,sg7129,楼兰,pcauto_m99853,楼兰 2021款 2.5L XE 两驱精英版,2021,燃油,东风日产,中型SUV,23.88,23.88万,,,2488.0,2.5,自然吸气,直列,4.0,C-VTC连续可变气门正时,186.0,137.0,,243.0,,汽油,92号(原93号),多点电喷,铝合金,国VI,无级变速,7.0,无级变速,180.0,12.3,,五年或15万公里,,,,,,,,,,,,,,,,,4897,1908,1691,2830,,,,1656.0,SUV,5.0,5.0,,,,,,,塑料,上下+前后,,,,,织物,,自动,,
sg7209,83385.0,宝马,4.0,宝马,148,宝马X1,251043,sDrive25Li X设计套装,2022,燃油,华晨宝马,紧凑型SUV,25.8,25.80万,16.65万,17.90万,1998.0,2.0,涡轮增压,L,4.0,Valvetronic/Double VANOS,227.0,167.0,5000.0,300.0,1450,汽油,95#,混合喷射,铝,国VI,7挡双离合,7.0,湿式双离合变速箱（DCT）,229.0,7.9,7.2,3年或10万公里,,,,,,,,,,,,,,,,,4616,1845,1641,2802,1582.0,1583.0,,1606.0,SUV,5.0,5.0,540.0,平开门,主 / 副,前 / 后,,主 / 副,,上下+前后,,USB/Type-C,哈曼卡顿,12以上,仿皮,前 / 后,自动,12以上,燃油
sg7209,78270.0,宝马,4.0,宝马,148,宝马X1,251043,sDrive25Li X设计套装,2023,燃油,华晨宝马,紧凑型SUV,25.8,25.80万,16.65万,17.90万,1998.0,2.0,涡轮增压,L,4.0,Valvetronic/Double VANOS,227.0,167.0,5000.0,300.0,1450,汽油,95#,混合喷射,铝,国VI,7挡双离合,7.0,湿式双离合变速箱（DCT）,229.0,7.9,7.2,3年或10万公里,,,,,,,,,,,,,,,,,4616,1845,1641,2802,1582.0,1583.0,,1606.0,SUV,5.0,5.0,540.0,平开门,主 / 副,前 / 后,,主 / 副,,上下+前后,,USB/Type-C,哈曼卡顿,12以上,仿皮,前 / 后,自动,12以上,燃油
sg7209,81709.0,宝马,4.0,宝马,148,宝马X1,251043,sDrive25Li X设计套装,2024,燃油,华晨宝马,紧凑型SUV,25.8,25.80万,16.65万,17.90万,1998.0,2.0,涡轮增压,L,4.0,Valvetronic/Double VANOS,227.0,167.0,5000.0,300.0,1450,汽油,95#,混合喷射,铝,国VI,7挡双离合,7.0,湿式双离合变速箱（DCT）,229.0,7.9,7.2,3年或10万公里,,,,,,,,,,,,,,,,,4616,1845,1641,2802,1582.0,1583.0,,1606.0,SUV,5.0,5.0,540.0,平开门,主 / 副,前 / 后,,主 / 副,,上下+前后,,USB/Type-C,哈曼卡顿,12以上,仿皮,前 / 后,自动,12以上,燃油
sg7209,51656.0,宝马,4.0,宝马,148,宝马X1,251043,sDrive25Li X设计套装,2025,燃油,华晨宝马,紧凑型SUV,25.8,25.80万,16.65万,17.90万,1998.0,2.0,涡轮增压,L,4.0,Valvetronic/Double VANOS,227.0,167.0,5000.0,300.0,1450,汽油,95#,混合喷射,铝,国VI,7挡双离合,7.0,湿式双离合变速箱（DCT）,229.0,7.9,7.2,3年或10万公里,,,,,,,,,,,,,,,,,4616,1845,1641,2802,1582.0,1583.0,,1606.0,SUV,5.0,5.0,540.0,平开门,主 / 副,前 / 后,,主 / 副,,上下+前后,,USB/Type-C,哈曼卡顿,12以上,仿皮,前 / 后,自动,12以上,燃油
sg7209,21969.0,宝马,4.0,宝马,148,宝马X1,255887,sDrive25Li X设计套装,2026,燃油,华晨宝马,紧凑型SUV,25.8,25.80万,18.11万,17.90万,1998.0,2.0,涡轮增压,L,4.0,Valvetronic/Double VANOS,227.0,167.0,5000.0,300.0,1450,汽油,95#,混合喷射,铝,国VI,7挡双离合,7.0,湿式双离合变速箱（DCT）,229.0,7.9,7.2,3年或10万公里,,,,,,,,,,,,,,,,,4616,1845,1641,2802,1582.0,1583.0,,1606.0,SUV,5.0,5.0,540.0,平开门,主 / 副,前 / 后,,主 / 副,,上下+前后,,USB/Type-C,哈曼卡顿,12以上,仿皮,前 / 后,自动,12以上,燃油
sg7543,6688.0,红旗,,红旗,sg7543,红旗H7,pcauto_m104647,红旗H7 2021款 1.8T 舒适版,2021,燃油,一汽红旗,中大型车,25.28,25.28万,,,1796.0,1.8,涡轮增压,直列,4.0,,188.0,138.0,,260.0,,汽油,95号(原97号),多点电喷,铸铁,国VI,手自一体,6.0,手自一体,200.0,,,四年或10万公里,,,,,,,,,,,,,,,,,5095,1875,1485,2970,,,,1804.0,三厢车,4.0,5.0,,平开门,,,,,真皮,上下+前后,,,,,真皮,,自动,,
sg7739,13478.0,长安凯程,171.0,长安凯程,1475,欧诺S,246543,1.5L尊享版双蒸空调客车JL473QG 5座,2022,燃油,长安轻型车,微面,5.19,5.19万,4.70万,5.19万,1480.0,1.5,自然吸气,L,4.0,,107.0,78.0,5500.0,145.0,3500,汽油,92#,多点电喷,铝,国VI,5挡手动,5.0,手动变速箱(MT),155.0,,,,,,,,,,,,,,,,,,,,4450,1685,1835,2750,1425.0,1435.0,,1215.0,客车,5.0,5.0,,侧滑门,主 / 副,前 / 后,,主 / 副,,,小屏,USB/Type-C,,46056,织物,前 / 后,手动,46056,燃油
sg7739,10825.0,长安凯程,171.0,长安凯程,1475,欧诺S,246543,1.5L尊享版双蒸空调客车JL473QG 5座,2023,燃油,长安轻型车,微面,5.19,5.19万,4.70万,5.19万,1480.0,1.5,自然吸气,L,4.0,,107.0,78.0,5500.0,145.0,3500,汽油,92#,多点电喷,铝,国VI,5挡手动,5.0,手动变速箱(MT),155.0,,,,,,,,,,,,,,,,,,,,4450,1685,1835,2750,1425.0,1435.0,,1215.0,客车,5.0,5.0,,侧滑门,主 / 副,前 / 后,,主 / 副,,,小屏,USB/Type-C,,46056,织物,前 / 后,手动,46056,燃油
sg7739,13698.0,长安凯程,171.0,长安凯程,1475,欧诺S,246543,1.5L尊享版双蒸空调客车JL473QG 5座,2024,燃油,长安轻型车,微面,5.19,5.19万,4.70万,5.19万,1480.0,1.5,自然吸气,L,4.0,,107.0,78.0,5500.0,145.0,3500,汽油,92#,多点电喷,铝,国VI,5挡手动,5.0,手动变速箱(MT),155.0,,,,,,,,,,,,,,,,,,,,4450,1685,1835,2750,1425.0,1435.0,,1215.0,客车,5.0,5.0,,侧滑门,主 / 副,前 / 后,,主 / 副,,,小屏,USB/Type-C,,46056,织物,前 / 后,手动,46056,燃油
sg7739,11142.0,长安凯程,171.0,长安凯程,1475,欧诺S,246543,1.5L尊享版双蒸空调客车JL473QG 5座,2025,燃油,长安轻型车,微面,5.19,5.19万,4.70万,5.19万,1480.0,1.5,自然吸气,L,4.0,,107.0,78.0,5500.0,145.0,3500,汽油,92#,多点电喷,铝,国VI,5挡手动,5.0,手动变速箱(MT),155.0,,,,,,,,,,,,,,,,,,,,4450,1685,1835,2750,1425.0,1435.0,,1215.0,客车,5.0,5.0,,侧滑门,主 / 副,前 / 后,,主 / 副,,,小屏,USB/Type-C,,46056,织物,前 / 后,手动,46056,燃油
sg7739,3138.0,长安凯程,171.0,长安凯程,1475,欧诺S,246543,1.5L尊享版双蒸空调客车JL473QG 5座,2026,燃油,长安轻型车,微面,5.19,5.19万,4.70万,5.19万,1480.0,1.5,自然吸气,L,4.0,,107.0,78.0,5500.0,145.0,3500,汽油,92#,多点电喷,铝,国VI,5挡手动,5.0,手动变速箱(MT),155.0,,,,,,,,,,,,,,,,,,,,4450,1685,1835,2750,1425.0,1435.0,,1215.0,客车,5.0,5.0,,侧滑门,主 / 副,前 / 后,,主 / 副,,,小屏,USB/Type-C,,46056,织物,前 / 后,手动,46056,燃油
sg7889,12762.0,起亚,13.0,起亚,1116,起亚K3,81261,1.5L IVT 舒适版,2022,燃油,起亚,紧凑型车,11.29,11.29万,7.20万,6.84万,1497.0,1.5,自然吸气,L,4.0,,115.0,85.0,6300.0,144.0,4500,汽油,92#,多点电喷,铝,国VI,CVT无级变速(模拟8挡),,无级变速箱(CVT),190.0,,5.77,3年或10万公里,,,,,,,,,,,,,,,,,4666,1780,1450,2700,1564.0,1555.0,170.0,1262.0,三厢车,4.0,5.0,502.0,平开门,主 / 副,前 / 后,,主 / 副,,上下+前后,,USB/Type-C,,46180,织物,前 / 后,自动,46180,燃油
sg7889,7307.0,起亚,13.0,起亚,1116,起亚K3,81261,1.5L IVT 舒适版,2023,燃油,起亚,紧凑型车,11.29,11.29万,7.20万,6.84万,1497.0,1.5,自然吸气,L,4.0,,115.0,85.0,6300.0,144.0,4500,汽油,92#,多点电喷,铝,国VI,CVT无级变速(模拟8挡),,无级变速箱(CVT),190.0,,5.77,3年或10万公里,,,,,,,,,,,,,,,,,4666,1780,1450,2700,1564.0,1555.0,170.0,1262.0,三厢车,4.0,5.0,502.0,平开门,主 / 副,前 / 后,,主 / 副,,上下+前后,,USB/Type-C,,46180,织物,前 / 后,自动,46180,燃油
sg7889,10938.0,起亚,13.0,起亚,1116,起亚K3,98053,1.5L IVT 舒适优享版,2024,燃油,起亚,紧凑型车,11.44,11.44万,6.82万,6.99万,1497.0,1.5,自然吸气,L,4.0,,115.0,85.0,6300.0,144.0,4500,汽油,92#,多点电喷,铝,国VI,CVT无级变速(模拟8挡),,无级变速箱(CVT),190.0,,5.77,3年或10万公里,,,,,,,,,,,,,,,,,4666,1780,1450,2700,1564.0,1555.0,170.0,1262.0,三厢车,4.0,5.0,502.0,平开门,主 / 副,前 / 后,,主 / 副,,上下+前后,,USB/Type-C,,46180,仿皮,前 / 后,自动,46180,燃油
sg7889,6525.0,起亚,13.0,起亚,1116,起亚K3,98053,1.5L IVT 舒适优享版,2025,燃油,起亚,紧凑型车,11.44,11.44万,6.82万,6.99万,1497.0,1.5,自然吸气,L,4.0,,115.0,85.0,6300.0,144.0,4500,汽油,92#,多点电喷,铝,国VI,CVT无级变速(模拟8挡),,无级变速箱(CVT),190.0,,5.77,3年或10万公里,,,,,,,,,,,,,,,,,4666,1780,1450,2700,1564.0,1555.0,170.0,1262.0,三厢车,4.0,5.0,502.0,平开门,主 / 副,前 / 后,,主 / 副,,上下+前后,,USB/Type-C,,46180,仿皮,前 / 后,自动,46180,燃油
sg7889,5736.0,起亚,13.0,起亚,1116,起亚K3,98053,1.5L IVT 舒适优享版,2026,燃油,起亚,紧凑型车,11.44,11.44万,6.82万,6.99万,1497.0,1.5,自然吸气,L,4.0,,115.0,85.0,6300.0,144.0,4500,汽油,92#,多点电喷,铝,国VI,CVT无级变速(模拟8挡),,无级变速箱(CVT),190.0,,5.77,3年或10万公里,,,,,,,,,,,,,,,,,4666,1780,1450,2700,1564.0,1555.0,170.0,1262.0,三厢车,4.0,5.0,502.0,平开门,主 / 副,前 / 后,,主 / 副,,上下+前后,,USB/Type-C,,46180,仿皮,前 / 后,自动,46180,燃油
sg7891,1291.0,别克,,别克,sg7891,昂科拉,pcauto_m124520,昂科拉 2023款 PLUS 1.5T 乐趣版,2023,燃油,上汽通用别克,小型SUV,12.69,12.69万,,,1498.0,1.5,涡轮增压,直列,4.0,,184.0,135.0,,250.0,,汽油,92号(原93号),直喷,铝合金,国VI,无级变速,,无级变速,205.0,8.5,,三年或10万公里,,,,,,,,,,,,,,,,,4458,1813,1644,2640,,,,1390.0,SUV,5.0,5.0,,平开门,,,,,塑料,上下+前后,,,,,织物,,手动,,
sg7989,39825.0,本田,9.0,本田,282,艾力绅,251051,2.0L e:HEV经典版,2022,插电混动,东风本田,中型MPV,24.98,24.98万,暂无报价,21.98万,1993.0,2.0,自然吸气,L,4.0,i-VTEC,146.0,107.0,6200.0,175.0,3500,油电混合,92#,多点电喷,铝,国VI,E-CVT无级变速,,电子无级变速箱(E-CVT),160.0,,6.17,3年或10万公里,,135.0,315.0,135.0,315.0,,,158.0,,锂离子电池,,,,,,10.0,4951,1842,1711,2900,1560.0,1560.0,124.0,1941.0,MPV,5.0,7.0,,侧滑门,主 / 副,前 / 后,,主 / 副,,上下+前后,大屏,USB/Type-C,,46180,皮织混搭,前 / 后,自动,46180,插电混动
sg7989,28732.0,本田,9.0,本田,282,艾力绅,251051,2.0L e:HEV经典版,2023,插电混动,东风本田,中型MPV,24.98,24.98万,暂无报价,21.98万,1993.0,2.0,自然吸气,L,4.0,i-VTEC,146.0,107.0,6200.0,175.0,3500,油电混合,92#,多点电喷,铝,国VI,E-CVT无级变速,,电子无级变速箱(E-CVT),160.0,,6.17,3年或10万公里,,135.0,315.0,135.0,315.0,,,158.0,,锂离子电池,,,,,,10.0,4951,1842,1711,2900,1560.0,1560.0,124.0,1941.0,MPV,5.0,7.0,,侧滑门,主 / 副,前 / 后,,主 / 副,,上下+前后,大屏,USB/Type-C,,46180,皮织混搭,前 / 后,自动,46180,插电混动
sg7989,19570.0,本田,9.0,本田,282,艾力绅,251051,2.0L e:HEV经典版,2024,插电混动,东风本田,中型MPV,24.98,24.98万,暂无报价,21.98万,1993.0,2.0,自然吸气,L,4.0,i-VTEC,146.0,107.0,6200.0,175.0,3500,油电混合,92#,多点电喷,铝,国VI,E-CVT无级变速,,电子无级变速箱(E-CVT),160.0,,6.17,3年或10万公里,,135.0,315.0,135.0,315.0,,,158.0,,锂离子电池,,,,,,10.0,4951,1842,1711,2900,1560.0,1560.0,124.0,1941.0,MPV,5.0,7.0,,侧滑门,主 / 副,前 / 后,,主 / 副,,上下+前后,大屏,USB/Type-C,,46180,皮织混搭,前 / 后,自动,46180,插电混动
sg7989,7751.0,本田,9.0,本田,282,艾力绅,251051,2.0L e:HEV经典版,2025,插电混动,东风本田,中型MPV,24.98,24.98万,暂无报价,21.98万,1993.0,2.0,自然吸气,L,4.0,i-VTEC,146.0,107.0,6200.0,175.0,3500,油电混合,92#,多点电喷,铝,国VI,E-CVT无级变速,,电子无级变速箱(E-CVT),160.0,,6.17,3年或10万公里,,135.0,315.0,135.0,315.0,,,158.0,,锂离子电池,,,,,,10.0,4951,1842,1711,2900,1560.0,1560.0,124.0,1941.0,MPV,5.0,7.0,,侧滑门,主 / 副,前 / 后,,主 / 副,,上下+前后,大屏,USB/Type-C,,46180,皮织混搭,前 / 后,自动,46180,插电混动
sg7989,1739.0,本田,9.0,本田,282,艾力绅,251051,2.0L e:HEV经典版,2026,插电混动,东风本田,中型MPV,24.98,24.98万,暂无报价,21.98万,1993.0,2.0,自然吸气,L,4.0,i-VTEC,146.0,107.0,6200.0,175.0,3500,油电混合,92#,多点电喷,铝,国VI,E-CVT无级变速,,电子无级变速箱(E-CVT),160.0,,6.17,3年或10万公里,,135.0,315.0,135.0,315.0,,,158.0,,锂离子电池,,,,,,10.0,4951,1842,1711,2900,1560.0,1560.0,124.0,1941.0,MPV,5.0,7.0,,侧滑门,主 / 副,前 / 后,,主 / 副,,上下+前后,大屏,USB/Type-C,,46180,皮织混搭,前 / 后,自动,46180,插电混动
sg8000,3293.0,现代,11.0,现代,1324,胜达,101310,2.0T 探索家Air,2022,燃油,北京现代,中型SUV,19.58,19.58万,18.50万,16.48万,1975.0,2.0,涡轮增压,L,4.0,,247.0,182.0,6000.0,353.0,1500,汽油,92#,缸内直喷,铝,国VI b,8挡手自一体,8.0,手自一体变速箱(AT),210.0,,,可选：3年或15万公里/5年或10万公里/7年或7万公里,,,,,,,,,,,,,,,,,4830,1900,1770,2815,1646.0,1656.0,132.0,1770.0,SUV,5.0,5.0,725.0,平开门,主 / 副,前 / 后,,主 / 副,,上下+前后,,USB/Type-C,,46180,仿皮,前 / 后,手动,46180,燃油
sg8000,7927.0,现代,11.0,现代,1324,胜达,101310,2.0T 探索家Air,2023,燃油,北京现代,中型SUV,19.58,19.58万,18.50万,16.48万,1975.0,2.0,涡轮增压,L,4.0,,247.0,182.0,6000.0,353.0,1500,汽油,92#,缸内直喷,铝,国VI b,8挡手自一体,8.0,手自一体变速箱(AT),210.0,,,可选：3年或15万公里/5年或10万公里/7年或7万公里,,,,,,,,,,,,,,,,,4830,1900,1770,2815,1646.0,1656.0,132.0,1770.0,SUV,5.0,5.0,725.0,平开门,主 / 副,前 / 后,,主 / 副,,上下+前后,,USB/Type-C,,46180,仿皮,前 / 后,手动,46180,燃油
sg8000,1902.0,现代,11.0,现代,1324,胜达,101310,2.0T 探索家Air,2024,燃油,北京现代,中型SUV,19.58,19.58万,18.50万,16.48万,1975.0,2.0,涡轮增压,L,4.0,,247.0,182.0,6000.0,353.0,1500,汽油,92#,缸内直喷,铝,国VI b,8挡手自一体,8.0,手自一体变速箱(AT),210.0,,,可选：3年或15万公里/5年或10万公里/7年或7万公里,,,,,,,,,,,,,,,,,4830,1900,1770,2815,1646.0,1656.0,132.0,1770.0,SUV,5.0,5.0,725.0,平开门,主 / 副,前 / 后,,主 / 副,,上下+前后,,USB/Type-C,,46180,仿皮,前 / 后,手动,46180,燃油
sg8000,2435.0,现代,11.0,现代,1324,胜达,101310,2.0T 探索家Air,2025,燃油,北京现代,中型SUV,19.58,19.58万,18.50万,16.48万,1975.0,2.0,涡轮增压,L,4.0,,247.0,182.0,6000.0,353.0,1500,汽油,92#,缸内直喷,铝,国VI b,8挡手自一体,8.0,手自一体变速箱(AT),210.0,,,可选：3年或15万公里/5年或10万公里/7年或7万公里,,,,,,,,,,,,,,,,,4830,1900,1770,2815,1646.0,1656.0,132.0,1770.0,SUV,5.0,5.0,725.0,平开门,主 / 副,前 / 后,,主 / 副,,上下+前后,,USB/Type-C,,46180,仿皮,前 / 后,手动,46180,燃油
sg8000,934.0,现代,11.0,现代,1324,胜达,255127,2.0T 探索家Air,2026,燃油,北京现代,中型SUV,19.58,19.58万,暂无报价,15.98万,1975.0,2.0,涡轮增压,L,4.0,,247.0,182.0,6000.0,353.0,1500,汽油,92#,缸内直喷,铝,国VI b,8挡手自一体,8.0,手自一体变速箱(AT),210.0,,,可选：3年或15万公里/5年或10万公里/7年或7万公里,,,,,,,,,,,,,,,,,4830,1900,1770,2815,1646.0,1656.0,132.0,1770.0,SUV,5.0,5.0,725.0,平开门,主 / 副,前 / 后,,主 / 副,,上下+前后,,USB/Type-C,,46180,仿皮,前 / 后,手动,46180,燃油
sg8120,33616.0,比亚迪,,比亚迪,sg8120,秦新能源,pcauto_m129620,秦新能源 2024款 标准版450,2022,纯电动,比亚迪,紧凑型车,16.88,16.88万,,,,,,,,,,,,,,纯电动,,,,,固定齿比,1.0,固定齿比,150.0,,,,永磁同步,100.0,180.0,100.0,180.0,,,,,磷酸铁锂电池,52.8,450.0,11.5,,快充:0.5小时/慢充:待定,30.0,4675,1770,1500,2670,,,,1531.0,三厢车,4.0,5.0,,平开门,,,,,塑料,上下,,,,,仿皮,,手动,,
sg8120,30182.0,比亚迪,,比亚迪,sg8120,秦新能源,pcauto_m129620,秦新能源 2024款 标准版450,2023,纯电动,比亚迪,紧凑型车,16.88,16.88万,,,,,,,,,,,,,,纯电动,,,,,固定齿比,1.0,固定齿比,150.0,,,,永磁同步,100.0,180.0,100.0,180.0,,,,,磷酸铁锂电池,52.8,450.0,11.5,,快充:0.5小时/慢充:待定,30.0,4675,1770,1500,2670,,,,1531.0,三厢车,4.0,5.0,,平开门,,,,,塑料,上下,,,,,仿皮,,手动,,
sg8120,7909.0,比亚迪,,比亚迪,sg8120,秦新能源,pcauto_m129620,秦新能源 2024款 标准版450,2024,纯电动,比亚迪,紧凑型车,16.88,16.88万,,,,,,,,,,,,,,纯电动,,,,,固定齿比,1.0,固定齿比,150.0,,,,永磁同步,100.0,180.0,100.0,180.0,,,,,磷酸铁锂电池,52.8,450.0,11.5,,快充:0.5小时/慢充:待定,30.0,4675,1770,1500,2670,,,,1531.0,三厢车,4.0,5.0,,平开门,,,,,塑料,上下,,,,,仿皮,,手动,,
sg8120,12358.0,比亚迪,,比亚迪,sg8120,秦新能源,pcauto_m129620,秦新能源 2024款 标准版450,2025,纯电动,比亚迪,紧凑型车,16.88,16.88万,,,,,,,,,,,,,,纯电动,,,,,固定齿比,1.0,固定齿比,150.0,,,,永磁同步,100.0,180.0,100.0,180.0,,,,,磷酸铁锂电池,52.8,450.0,11.5,,快充:0.5小时/慢充:待定,30.0,4675,1770,1500,2670,,,,1531.0,三厢车,4.0,5.0,,平开门,,,,,塑料,上下,,,,,仿皮,,手动,,
sg8120,402.0,比亚迪,,比亚迪,sg8120,秦新能源,pcauto_m129620,秦新能源 2024款 标准版450,2026,纯电动,比亚迪,紧凑型车,16.88,16.88万,,,,,,,,,,,,,,纯电动,,,,,固定齿比,1.0,固定齿比,150.0,,,,永磁同步,100.0,180.0,100.0,180.0,,,,,磷酸铁锂电池,52.8,450.0,11.5,,快充:0.5小时/慢充:待定,30.0,4675,1770,1500,2670,,,,1531.0,三厢车,4.0,5.0,,平开门,,,,,塑料,上下,,,,,仿皮,,手动,,
sg8670,65160.0,奥迪,2.0,奥迪,100,奥迪Q3,248062,quattro 45周年典藏版 35 TFSI 进取致雅型,2022,燃油,一汽奥迪,紧凑型SUV,25.18,25.18万,16.38万,17.37万,1498.0,1.5,涡轮增压,L,4.0,米勒循环,160.0,118.0,5500.0,250.0,1750,汽油,92#,缸内直喷,铝,国VI b,7挡双离合,7.0,湿式双离合变速箱（DCT）,200.0,9.6,,3年或10万公里,,,,,,,,,,,,,,,,,4498,1848,1614,2680,1584.0,1576.0,152.0,1600.0,SUV,5.0,5.0,450.0,平开门,主 / 副,前 / 后,,主 / 副,,上下+前后,大屏,USB/Type-C,,46306,仿皮,前 / 后,自动,46306,燃油
sg8670,52008.0,奥迪,2.0,奥迪,100,奥迪Q3,248062,quattro 45周年典藏版 35 TFSI 进取致雅型,2023,燃油,一汽奥迪,紧凑型SUV,25.18,25.18万,16.38万,17.37万,1498.0,1.5,涡轮增压,L,4.0,米勒循环,160.0,118.0,5500.0,250.0,1750,汽油,92#,缸内直喷,铝,国VI b,7挡双离合,7.0,湿式双离合变速箱（DCT）,200.0,9.6,,3年或10万公里,,,,,,,,,,,,,,,,,4498,1848,1614,2680,1584.0,1576.0,152.0,1600.0,SUV,5.0,5.0,450.0,平开门,主 / 副,前 / 后,,主 / 副,,上下+前后,大屏,USB/Type-C,,46306,仿皮,前 / 后,自动,46306,燃油
sg8670,39962.0,奥迪,2.0,奥迪,100,奥迪Q3,248062,quattro 45周年典藏版 35 TFSI 进取致雅型,2024,燃油,一汽奥迪,紧凑型SUV,25.18,25.18万,16.38万,17.37万,1498.0,1.5,涡轮增压,L,4.0,米勒循环,160.0,118.0,5500.0,250.0,1750,汽油,92#,缸内直喷,铝,国VI b,7挡双离合,7.0,湿式双离合变速箱（DCT）,200.0,9.6,,3年或10万公里,,,,,,,,,,,,,,,,,4498,1848,1614,2680,1584.0,1576.0,152.0,1600.0,SUV,5.0,5.0,450.0,平开门,主 / 副,前 / 后,,主 / 副,,上下+前后,大屏,USB/Type-C,,46306,仿皮,前 / 后,自动,46306,燃油
sg8670,34093.0,奥迪,2.0,奥迪,100,奥迪Q3,248062,quattro 45周年典藏版 35 TFSI 进取致雅型,2025,燃油,一汽奥迪,紧凑型SUV,25.18,25.18万,16.38万,17.37万,1498.0,1.5,涡轮增压,L,4.0,米勒循环,160.0,118.0,5500.0,250.0,1750,汽油,92#,缸内直喷,铝,国VI b,7挡双离合,7.0,湿式双离合变速箱（DCT）,200.0,9.6,,3年或10万公里,,,,,,,,,,,,,,,,,4498,1848,1614,2680,1584.0,1576.0,152.0,1600.0,SUV,5.0,5.0,450.0,平开门,主 / 副,前 / 后,,主 / 副,,上下+前后,大屏,USB/Type-C,,46306,仿皮,前 / 后,自动,46306,燃油
sg8670,15050.0,奥迪,2.0,奥迪,100,奥迪Q3,254675,quattro 45周年典藏版 35 TFSI 进取动感型,2026,燃油,一汽奥迪,紧凑型SUV,25.18,25.18万,16.30万,17.37万,1498.0,1.5,涡轮增压,L,4.0,米勒循环,160.0,118.0,5500.0,250.0,1750,汽油,92#,缸内直喷,铝,国VI b,7挡双离合,7.0,湿式双离合变速箱（DCT）,200.0,9.6,,3年或10万公里,,,,,,,,,,,,,,,,,4498,1848,1614,2680,1584.0,1576.0,152.0,1600.0,SUV,5.0,5.0,450.0,平开门,主 / 副,前 / 后,,主 / 副,,上下+前后,大屏,USB/Type-C,,46306,,前 / 后,自动,46306,燃油
sg90,218237.0,本田,9.0,本田,289,雅阁,260513,运动系列 锐·T动 260TURBO 舒适版,2022,燃油,广汽本田,中型车,17.98,17.98万,暂无报价,12.48万,1498.0,1.5,涡轮增压,L,4.0,VTEC,192.0,141.0,6000.0,260.0,1700,汽油,92#,缸内直喷,铝,国VI b,CVT无级变速,,无级变速箱(CVT),186.0,,6.6,3年或10万公里,,,,,,,,,,,,,,,,,4990,1862,1449,2830,1600.0,1620.0,,1497.0,三厢车,4.0,5.0,,平开门,主 / 副,前 / 后,,主 / 副,,上下+前后,大屏,USB/Type-C,,46117,仿皮,前 / 后,自动,46117,燃油
sg90,174447.0,本田,9.0,本田,289,雅阁,260513,运动系列 锐·T动 260TURBO 舒适版,2023,燃油,广汽本田,中型车,17.98,17.98万,暂无报价,12.48万,1498.0,1.5,涡轮增压,L,4.0,VTEC,192.0,141.0,6000.0,260.0,1700,汽油,92#,缸内直喷,铝,国VI b,CVT无级变速,,无级变速箱(CVT),186.0,,6.6,3年或10万公里,,,,,,,,,,,,,,,,,4990,1862,1449,2830,1600.0,1620.0,,1497.0,三厢车,4.0,5.0,,平开门,主 / 副,前 / 后,,主 / 副,,上下+前后,大屏,USB/Type-C,,46117,仿皮,前 / 后,自动,46117,燃油
sg90,152949.0,本田,9.0,本田,289,雅阁,260513,运动系列 锐·T动 260TURBO 舒适版,2024,燃油,广汽本田,中型车,17.98,17.98万,暂无报价,12.48万,1498.0,1.5,涡轮增压,L,4.0,VTEC,192.0,141.0,6000.0,260.0,1700,汽油,92#,缸内直喷,铝,国VI b,CVT无级变速,,无级变速箱(CVT),186.0,,6.6,3年或10万公里,,,,,,,,,,,,,,,,,4990,1862,1449,2830,1600.0,1620.0,,1497.0,三厢车,4.0,5.0,,平开门,主 / 副,前 / 后,,主 / 副,,上下+前后,大屏,USB/Type-C,,46117,仿皮,前 / 后,自动,46117,燃油
sg90,152115.0,本田,9.0,本田,289,雅阁,260513,运动系列 锐·T动 260TURBO 舒适版,2025,燃油,广汽本田,中型车,17.98,17.98万,暂无报价,12.48万,1498.0,1.5,涡轮增压,L,4.0,VTEC,192.0,141.0,6000.0,260.0,1700,汽油,92#,缸内直喷,铝,国VI b,CVT无级变速,,无级变速箱(CVT),186.0,,6.6,3年或10万公里,,,,,,,,,,,,,,,,,4990,1862,1449,2830,1600.0,1620.0,,1497.0,三厢车,4.0,5.0,,平开门,主 / 副,前 / 后,,主 / 副,,上下+前后,大屏,USB/Type-C,,46117,仿皮,前 / 后,自动,46117,燃油
sg90,40401.0,本田,9.0,本田,289,雅阁,260513,运动系列 锐·T动 260TURBO 舒适版,2026,燃油,广汽本田,中型车,17.98,17.98万,暂无报价,12.48万,1498.0,1.5,涡轮增压,L,4.0,VTEC,192.0,141.0,6000.0,260.0,1700,汽油,92#,缸内直喷,铝,国VI b,CVT无级变速,,无级变速箱(CVT),186.0,,6.6,3年或10万公里,,,,,,,,,,,,,,,,,4990,1862,1449,2830,1600.0,1620.0,,1497.0,三厢车,4.0,5.0,,平开门,主 / 副,前 / 后,,主 / 副,,上下+前后,大屏,USB/Type-C,,46117,仿皮,前 / 后,自动,46117,燃油
sg90,,本田,9.0,本田,289,雅阁,260513,运动系列 锐·T动 260TURBO 舒适版,2027,燃油,广汽本田,中型车,17.98,17.98万,暂无报价,12.48万,1498.0,1.5,涡轮增压,L,4.0,VTEC,192.0,141.0,6000.0,260.0,1700,汽油,92#,缸内直喷,铝,国VI b,CVT无级变速,,无级变速箱(CVT),186.0,,6.6,3年或10万公里,,,,,,,,,,,,,,,,,4990,1862,1449,2830,1600.0,1620.0,,1497.0,三厢车,4.0,5.0,,平开门,主 / 副,前 / 后,,主 / 副,,上下+前后,大屏,USB/Type-C,,46117,仿皮,前 / 后,自动,46117,燃油
sg9281,5703.0,现代,,现代,sg9281,名图,pcauto_m103676,名图 2021款 1.8L CVT领先版GLS,2021,燃油,北京现代,中型车,13.38,13.38万,,,1797.0,1.8,自然吸气,直列,4.0,D-CVVT,143.0,104.8,,175.5,,汽油,92号(原93号),多点电喷,铝合金,国VI,无级变速,,无级变速,202.0,,,五年或10万公里,,,,,,,,,,,,,,,,,4780,1815,1460,2770,,,,1305.0,三厢车,4.0,5.0,,,,,,,塑料,上下,,,,,织物,,自动,,
sg9301,11245.0,本田,,本田,sg9301,凌派,pcauto_m122779,凌派 2023款 180TURBO CVT豪华版,2023,燃油,广汽本田,紧凑型车,11.98,11.98万,,,988.0,1.0,涡轮增压,直列,3.0,,122.0,90.0,,173.0,,汽油,92号(原93号),直喷,铝合金,国VI,无级变速,,无级变速,190.0,,,三年或10万公里,,,,,,,,,,,,,,,,,4766,1804,1509,2730,,,,1290.0,三厢车,4.0,5.0,,平开门,,,,,塑料,上下+前后,,,,,仿皮,,手动,,
sg9306,30759.0,马自达,15.0,马自达,1016,马自达CX-5,249046,2.0L 自动两驱舒适型,2025,燃油,长安马自达,紧凑型SUV,12.58,12.58万,12.21万,11.58万,1998.0,2.0,自然吸气,L,4.0,Dual S-VT,155.0,114.0,6000.0,200.0,4000,汽油,92#,缸内直喷,铝,国VI,6挡手自一体,6.0,手自一体变速箱(AT),187.0,,6.7,3年或10万公里,,,,,,,,,,,,,,,,,4575,1842,1685,2700,1596.0,1596.0,,1518.0,SUV,5.0,5.0,505.0,平开门,主 / 副,前 / 后,,主 / 副,,上下+前后,,USB/Type-C+AUX+SD卡槽,,46180,织物,前 / 后,自动,46180,燃油
sg9307,1636.0,长安,35.0,长安,1463,长安CS95,86079,PLUS版 2.0T 两驱豪华型,2023,燃油,长安汽车,中大型SUV,17.59,17.59万,17.50万,17.59万,1998.0,2.0,涡轮增压,L,4.0,,233.0,171.0,5500.0,390.0,1900,汽油,92#,缸内直喷,铁,国VI,8挡手自一体,8.0,手自一体变速箱(AT),190.0,,,3年或10万公里,,,,,,,,,,,,,,,,,4949,1940,1805,2810,1635.0,1645.0,,2007.0,SUV,5.0,7.0,2000.0,平开门,主 / 副,前 / 后,,主 / 副,,上下+前后,大屏,USB/Type-C+SD卡槽,,46180,仿皮,前 / 后,自动,46180,燃油
sg9312,8144.0,大通,108.0,大通,1211,大通G10,239793,2.0L汽油 手动超值版,2022,燃油,大通,中大型MPV,10.8,10.80万,暂无报价,9.80万,1998.0,2.0,自然吸气,L,4.0,,144.0,106.0,5200.0,200.0,3600,汽油,92#,多点电喷,铝,国VI b,5挡手动,5.0,手动变速箱(MT),150.0,,9.7,3年或6万公里,,,,,,,,,,,,,,,,,5218,1980,1928,3198,1680.0,1660.0,,2055.0,MPV,4.0,7.0,950.0,侧滑门,主 / 副,前 / 后,,主 / 副,,上下,大屏,USB/Type-C,,46117,仿皮,前 / 后,手动,46117,燃油
sg9312,9248.0,大通,108.0,大通,1211,大通G10,239793,2.0L汽油 手动超值版,2023,燃油,大通,中大型MPV,10.8,10.80万,暂无报价,9.80万,1998.0,2.0,自然吸气,L,4.0,,144.0,106.0,5200.0,200.0,3600,汽油,92#,多点电喷,铝,国VI b,5挡手动,5.0,手动变速箱(MT),150.0,,9.7,3年或6万公里,,,,,,,,,,,,,,,,,5218,1980,1928,3198,1680.0,1660.0,,2055.0,MPV,4.0,7.0,950.0,侧滑门,主 / 副,前 / 后,,主 / 副,,上下,大屏,USB/Type-C,,46117,仿皮,前 / 后,手动,46117,燃油
sg9312,3634.0,大通,108.0,大通,1211,大通G10,239793,2.0L汽油 手动超值版,2024,燃油,大通,中大型MPV,10.8,10.80万,暂无报价,9.80万,1998.0,2.0,自然吸气,L,4.0,,144.0,106.0,5200.0,200.0,3600,汽油,92#,多点电喷,铝,国VI b,5挡手动,5.0,手动变速箱(MT),150.0,,9.7,3年或6万公里,,,,,,,,,,,,,,,,,5218,1980,1928,3198,1680.0,1660.0,,2055.0,MPV,4.0,7.0,950.0,侧滑门,主 / 副,前 / 后,,主 / 副,,上下,大屏,USB/Type-C,,46117,仿皮,前 / 后,手动,46117,燃油
sg9312,3493.0,大通,108.0,大通,1211,大通G10,239793,2.0L汽油 手动超值版,2025,燃油,大通,中大型MPV,10.8,10.80万,暂无报价,9.80万,1998.0,2.0,自然吸气,L,4.0,,144.0,106.0,5200.0,200.0,3600,汽油,92#,多点电喷,铝,国VI b,5挡手动,5.0,手动变速箱(MT),150.0,,9.7,3年或6万公里,,,,,,,,,,,,,,,,,5218,1980,1928,3198,1680.0,1660.0,,2055.0,MPV,4.0,7.0,950.0,侧滑门,主 / 副,前 / 后,,主 / 副,,上下,大屏,USB/Type-C,,46117,仿皮,前 / 后,手动,46117,燃油
sg9312,980.0,大通,108.0,大通,1211,大通G10,239793,2.0L汽油 手动超值版,2026,燃油,大通,中大型MPV,10.8,10.80万,暂无报价,9.80万,1998.0,2.0,自然吸气,L,4.0,,144.0,106.0,5200.0,200.0,3600,汽油,92#,多点电喷,铝,国VI b,5挡手动,5.0,手动变速箱(MT),150.0,,9.7,3年或6万公里,,,,,,,,,,,,,,,,,5218,1980,1928,3198,1680.0,1660.0,,2055.0,MPV,4.0,7.0,950.0,侧滑门,主 / 副,前 / 后,,主 / 副,,上下,大屏,USB/Type-C,,46117,仿皮,前 / 后,手动,46117,燃油
sg9550,70836.0,奥迪,2.0,奥迪,95,奥迪A3,248295,Sportback 35 TFSI 飞驰悦享型,2022,燃油,一汽奥迪,紧凑型车,16.59,16.59万,12.73万,12.77万,1498.0,1.5,涡轮增压,L,4.0,米勒循环,160.0,118.0,5000.0,250.0,1750,汽油,92#,缸内直喷,铝,国VI b,7挡双离合,7.0,干式双离合变速箱（DCT）,200.0,8.6,,3年或10万公里,,,,,,,,,,,,,,,,,4354,1815,1458,2630,1542.0,1514.0,,1412.0,两厢车,5.0,5.0,356.0,平开门,主 / 副,前 / 后,,主 / 副,,上下+前后,大屏,USB/Type-C,,46243,仿皮,前 / 后,自动,46243,燃油
sg9550,63949.0,奥迪,2.0,奥迪,95,奥迪A3,248295,Sportback 35 TFSI 飞驰悦享型,2023,燃油,一汽奥迪,紧凑型车,16.59,16.59万,12.73万,12.77万,1498.0,1.5,涡轮增压,L,4.0,米勒循环,160.0,118.0,5000.0,250.0,1750,汽油,92#,缸内直喷,铝,国VI b,7挡双离合,7.0,干式双离合变速箱（DCT）,200.0,8.6,,3年或10万公里,,,,,,,,,,,,,,,,,4354,1815,1458,2630,1542.0,1514.0,,1412.0,两厢车,5.0,5.0,356.0,平开门,主 / 副,前 / 后,,主 / 副,,上下+前后,大屏,USB/Type-C,,46243,仿皮,前 / 后,自动,46243,燃油
sg9550,54761.0,奥迪,2.0,奥迪,95,奥迪A3,248295,Sportback 35 TFSI 飞驰悦享型,2024,燃油,一汽奥迪,紧凑型车,16.59,16.59万,12.73万,12.77万,1498.0,1.5,涡轮增压,L,4.0,米勒循环,160.0,118.0,5000.0,250.0,1750,汽油,92#,缸内直喷,铝,国VI b,7挡双离合,7.0,干式双离合变速箱（DCT）,200.0,8.6,,3年或10万公里,,,,,,,,,,,,,,,,,4354,1815,1458,2630,1542.0,1514.0,,1412.0,两厢车,5.0,5.0,356.0,平开门,主 / 副,前 / 后,,主 / 副,,上下+前后,大屏,USB/Type-C,,46243,仿皮,前 / 后,自动,46243,燃油
sg9550,66818.0,奥迪,2.0,奥迪,95,奥迪A3,248295,Sportback 35 TFSI 飞驰悦享型,2025,燃油,一汽奥迪,紧凑型车,16.59,16.59万,12.73万,12.77万,1498.0,1.5,涡轮增压,L,4.0,米勒循环,160.0,118.0,5000.0,250.0,1750,汽油,92#,缸内直喷,铝,国VI b,7挡双离合,7.0,干式双离合变速箱（DCT）,200.0,8.6,,3年或10万公里,,,,,,,,,,,,,,,,,4354,1815,1458,2630,1542.0,1514.0,,1412.0,两厢车,5.0,5.0,356.0,平开门,主 / 副,前 / 后,,主 / 副,,上下+前后,大屏,USB/Type-C,,46243,仿皮,前 / 后,自动,46243,燃油
sg9550,34354.0,奥迪,2.0,奥迪,95,奥迪A3,248295,Sportback 35 TFSI 飞驰悦享型,2026,燃油,一汽奥迪,紧凑型车,16.59,16.59万,12.73万,12.77万,1498.0,1.5,涡轮增压,L,4.0,米勒循环,160.0,118.0,5000.0,250.0,1750,汽油,92#,缸内直喷,铝,国VI b,7挡双离合,7.0,干式双离合变速箱（DCT）,200.0,8.6,,3年或10万公里,,,,,,,,,,,,,,,,,4354,1815,1458,2630,1542.0,1514.0,,1412.0,两厢车,5.0,5.0,356.0,平开门,主 / 副,前 / 后,,主 / 副,,上下+前后,大屏,USB/Type-C,,46243,仿皮,前 / 后,自动,46243,燃油
sg9604,270310.0,五菱,,五菱,sg9604,五菱宏光S,pcauto_m96666,五菱宏光S 2020款 1.2L 手动基本型 国VI,2020,燃油,上汽通用五菱,微面,4.6,4.6万,,,1206.0,1.2,自然吸气,直列,4.0,,76.0,56.0,,110.0,,汽油,92号(原93号),多点电喷,铸铁,国VI,手动,5.0,手动,120.0,,,三年或6万公里,,,,,,,,,,,,,,,,,4390,1660,1750,2720,,,,1165.0,客车,5.0,5.0,,,,,,,,,,,,,织物,,,,
sg9604,255922.0,五菱,,五菱,sg9604,五菱宏光S,pcauto_m109798,五菱宏光S 2021款 改款 1.5L 基本型,2021,燃油,上汽通用五菱,微面,5.39,5.39万,,,1485.0,1.5,自然吸气,直列,4.0,,99.0,73.0,,140.0,,汽油,92号(原93号),多点电喷,铸铁,国VI,手动,6.0,手动,155.0,,,三年或6万公里,,,,,,,,,,,,,,,,,4420,1685,1755,2720,,,,1230.0,客车,5.0,5.0,,,,,,,塑料,,,,,,织物,,,,
sg9626,11651.0,哈弗,17.0,哈弗,653,哈弗H9,239652,2.0T 汽油四驱探境版 5座,2024,燃油,长城汽车,中大型SUV,19.99,19.99万,16.67万,17.49万,1967.0,2.0,涡轮增压,L,4.0,,224.0,165.0,5500.0,385.0,1800,汽油,92#,缸内直喷,铁,国VI,8挡手自一体,8.0,手自一体变速箱(AT),180.0,,,5年或15万公里,,,,,,,,,,,,,,,,,5070,1976,1930,2850,1635.0,1635.0,,2250.0,SUV,5.0,5.0,791.0,平开门,主 / 副,前 / 后,,主 / 副,,上下+前后,大屏,USB/Type-C,,46243,仿皮,前 / 后,自动,46243,燃油
sg9626,13139.0,哈弗,17.0,哈弗,653,哈弗H9,250795,2.0T 汽油四驱勇士版,2025,燃油,长城汽车,中大型SUV,23.99,23.99万,21.49万,21.49万,1967.0,2.0,涡轮增压,L,4.0,,224.0,165.0,5500.0,385.0,1800,汽油,92#,缸内直喷,铁,国VI,8挡手自一体,8.0,手自一体变速箱(AT),180.0,,,5年或15万公里,,,,,,,,,,,,,,,,,5070,1960,1930,2850,1635.0,1635.0,,2330.0,SUV,5.0,5.0,791.0,平开门,主 / 副,前 / 后,,主 / 副,,上下+前后,大屏,USB/Type-C,,46306,仿皮,前 / 后,自动,46306,燃油
sg9626,4366.0,哈弗,17.0,哈弗,653,哈弗H9,258361,2.0T 汽油四驱探境版,2026,燃油,长城汽车,中大型SUV,19.99,19.99万,暂无报价,17.49万,1967.0,2.0,涡轮增压,L,4.0,,224.0,165.0,5500.0,385.0,1800,汽油,92#,缸内直喷,铁,国VI,8挡手自一体,8.0,手自一体变速箱(AT),180.0,,,5年或15万公里,,,,,,,,,,,,,,,,,5070,1976,1950,2850,1635.0,1635.0,,2300.0,SUV,5.0,5.0,791.0,平开门,主 / 副,前 / 后,,主 / 副,,上下+前后,大屏,USB/Type-C,,46243,仿皮,前 / 后,自动,46243,燃油
sg9666,78910.0,丰田,,丰田,sg9666,YARiS L 致炫,pcauto_m110927,YARiS L 致炫 2022款 1.5L CVT领先PLUS版,2022,燃油,广汽丰田,小型车,8.58,8.58万,,,1496.0,1.5,自然吸气,直列,4.0,双VVT-i可变气门正时,112.0,82.0,,139.0,,汽油,92号(原93号),多点电喷,铝合金,国VI,无级变速,8.0,无级变速,170.0,11.6,,三年或10万公里,,,,,,,,,,,,,,,,,4160,1700,1495,2550,,,,1115.0,两厢车,5.0,5.0,,平开门,,,,,塑料,上下,,,,,织物,,手动,,
sg9759,2565.0,长安,35.0,长安,1462,长安CS75,252949,PRO 1.5T 手动畅享型 7座,2026,燃油,长安汽车,紧凑型SUV,9.79,9.79万,暂无报价,8.59万,1494.0,1.5,涡轮增压,L,4.0,,170.0,125.0,5500.0,260.0,1500,汽油,92#,缸内直喷,铝,国VI b,6挡手动,6.0,手动变速箱(MT),190.0,11.8,,3年或10万公里,,,,,,,,,,,,,,,,,4742,1870,1720,2786,1590.0,1590.0,,1525.0,SUV,5.0,7.0,358.0,平开门,主 / 副,前 / 后,,主 / 副,,上下+前后,大屏,USB/Type-C,,46117,仿皮,前 / 后,手动,46117,燃油
sg9767,26592.0,沃尔沃,24.0,沃尔沃,1279,沃尔沃S60,249699,B4 智逸豪华版,2022,燃油,沃尔沃亚太,中型车,30.69,30.69万,16.66万,16.99万,1969.0,2.0,涡轮增压,L,4.0,,197.0,145.0,4750.0,300.0,1500,48V轻混系统,95#,缸内直喷,铝,国VI,7挡双离合,7.0,湿式双离合变速箱（DCT）,180.0,7.9,,3年不限公里,,,,,,,,,,,,,,,,,4778,1850,1437,2872,1600.0,1600.0,147.0,1695.0,三厢车,4.0,5.0,427.0,平开门,主 / 副,前 / 后,,主 / 副,,上下+前后,大屏,USB/Type-C,,46306,仿皮,前 / 后,自动,46306,燃油
sg9767,21140.0,沃尔沃,24.0,沃尔沃,1279,沃尔沃S60,249699,B4 智逸豪华版,2023,燃油,沃尔沃亚太,中型车,30.69,30.69万,16.66万,16.99万,1969.0,2.0,涡轮增压,L,4.0,,197.0,145.0,4750.0,300.0,1500,48V轻混系统,95#,缸内直喷,铝,国VI,7挡双离合,7.0,湿式双离合变速箱（DCT）,180.0,7.9,,3年不限公里,,,,,,,,,,,,,,,,,4778,1850,1437,2872,1600.0,1600.0,147.0,1695.0,三厢车,4.0,5.0,427.0,平开门,主 / 副,前 / 后,,主 / 副,,上下+前后,大屏,USB/Type-C,,46306,仿皮,前 / 后,自动,46306,燃油
sg9767,23763.0,沃尔沃,24.0,沃尔沃,1279,沃尔沃S60,249699,B4 智逸豪华版,2024,燃油,沃尔沃亚太,中型车,30.69,30.69万,16.66万,16.99万,1969.0,2.0,涡轮增压,L,4.0,,197.0,145.0,4750.0,300.0,1500,48V轻混系统,95#,缸内直喷,铝,国VI,7挡双离合,7.0,湿式双离合变速箱（DCT）,180.0,7.9,,3年不限公里,,,,,,,,,,,,,,,,,4778,1850,1437,2872,1600.0,1600.0,147.0,1695.0,三厢车,4.0,5.0,427.0,平开门,主 / 副,前 / 后,,主 / 副,,上下+前后,大屏,USB/Type-C,,46306,仿皮,前 / 后,自动,46306,燃油
sg9767,24651.0,沃尔沃,24.0,沃尔沃,1279,沃尔沃S60,249699,B4 智逸豪华版,2025,燃油,沃尔沃亚太,中型车,30.69,30.69万,16.66万,16.99万,1969.0,2.0,涡轮增压,L,4.0,,197.0,145.0,4750.0,300.0,1500,48V轻混系统,95#,缸内直喷,铝,国VI,7挡双离合,7.0,湿式双离合变速箱（DCT）,180.0,7.9,,3年不限公里,,,,,,,,,,,,,,,,,4778,1850,1437,2872,1600.0,1600.0,147.0,1695.0,三厢车,4.0,5.0,427.0,平开门,主 / 副,前 / 后,,主 / 副,,上下+前后,大屏,USB/Type-C,,46306,仿皮,前 / 后,自动,46306,燃油
sg9767,13165.0,沃尔沃,24.0,沃尔沃,1279,沃尔沃S60,249699,B4 智逸豪华版,2026,燃油,沃尔沃亚太,中型车,30.69,30.69万,16.66万,16.99万,1969.0,2.0,涡轮增压,L,4.0,,197.0,145.0,4750.0,300.0,1500,48V轻混系统,95#,缸内直喷,铝,国VI,7挡双离合,7.0,湿式双离合变速箱（DCT）,180.0,7.9,,3年不限公里,,,,,,,,,,,,,,,,,4778,1850,1437,2872,1600.0,1600.0,147.0,1695.0,三厢车,4.0,5.0,427.0,平开门,主 / 副,前 / 后,,主 / 副,,上下+前后,大屏,USB/Type-C,,46306,仿皮,前 / 后,自动,46306,燃油
sg9767,,沃尔沃,24.0,沃尔沃,1279,沃尔沃S60,258797,B4 智逸豪华版,2027,燃油,沃尔沃亚太,中型车,30.69,30.69万,15.31万,16.99万,1969.0,2.0,涡轮增压,L,4.0,,197.0,145.0,4750.0,300.0,1500,48V轻混系统,95#,缸内直喷,铝,国VI,7挡双离合,7.0,湿式双离合变速箱（DCT）,180.0,7.9,,3年不限公里,,,,,,,,,,,,,,,,,4778,1850,1437,2872,1600.0,1600.0,147.0,1695.0,三厢车,4.0,5.0,427.0,平开门,主 / 副,前 / 后,,主 / 副,,上下+前后,大屏,USB/Type-C,,46306,仿皮,前 / 后,自动,46306,燃油
sg9847,150567.0,比亚迪,,比亚迪,sg9847,唐新能源,pcauto_m128098,唐新能源 2024款 EV 荣耀版 600km 尊享型,2022,纯电动,比亚迪,中型SUV,21.98,21.98万,,,,,,,,,,,,,,纯电动,,,,,固定齿比,1.0,固定齿比,180.0,,,六年或15万公里,永磁同步,168.0,350.0,168.0,350.0,,,,,磷酸铁锂电池,90.3,600.0,15.7,首任车主不限年限/里程(责任免除条款以官方为准),快充:0.5小时/慢充:待定,80.0,4900,1950,1725,2820,,,,2360.0,SUV,5.0,6.0,,平开门,,,,,皮质,上下+前后,,,,,真皮,,自动,,
sg9847,140861.0,比亚迪,,比亚迪,sg9847,唐新能源,pcauto_m128098,唐新能源 2024款 EV 荣耀版 600km 尊享型,2023,纯电动,比亚迪,中型SUV,21.98,21.98万,,,,,,,,,,,,,,纯电动,,,,,固定齿比,1.0,固定齿比,180.0,,,六年或15万公里,永磁同步,168.0,350.0,168.0,350.0,,,,,磷酸铁锂电池,90.3,600.0,15.7,首任车主不限年限/里程(责任免除条款以官方为准),快充:0.5小时/慢充:待定,80.0,4900,1950,1725,2820,,,,2360.0,SUV,5.0,6.0,,平开门,,,,,皮质,上下+前后,,,,,真皮,,自动,,
sg9847,140627.0,比亚迪,,比亚迪,sg9847,唐新能源,pcauto_m128098,唐新能源 2024款 EV 荣耀版 600km 尊享型,2024,纯电动,比亚迪,中型SUV,21.98,21.98万,,,,,,,,,,,,,,纯电动,,,,,固定齿比,1.0,固定齿比,180.0,,,六年或15万公里,永磁同步,168.0,350.0,168.0,350.0,,,,,磷酸铁锂电池,90.3,600.0,15.7,首任车主不限年限/里程(责任免除条款以官方为准),快充:0.5小时/慢充:待定,80.0,4900,1950,1725,2820,,,,2360.0,SUV,5.0,6.0,,平开门,,,,,皮质,上下+前后,,,,,真皮,,自动,,
sg9847,68548.0,比亚迪,,比亚迪,sg9847,唐新能源,pcauto_m132666,唐新能源 2025款 DM-i 智驾版 115KM 尊贵型,2025,插电混动,比亚迪,中型SUV,17.98,17.98万,,,1498.0,1.5,涡轮增压,直列,4.0,VVT,156.0,115.0,,225.0,,插电混动,92号(原93号),直喷,铝合金,国VI,电子无级变速箱,,电子无级变速箱(E-CVT),,7.5,,六年或15万公里,永磁同步,200.0,315.0,200.0,315.0,,,,,磷酸铁锂电池,21.504,95.0,,首任车主不限年限/不限里程,快充:待定/慢充:待定,,4870,1950,1725,2820,,,,2130.0,SUV,5.0,7.0,,平开门,,,,,皮质,上下+前后,,,,,仿皮,,自动,,
sg9847,10224.0,比亚迪,,比亚迪,sg9847,唐新能源,pcauto_m132666,唐新能源 2025款 DM-i 智驾版 115KM 尊贵型,2026,插电混动,比亚迪,中型SUV,17.98,17.98万,,,1498.0,1.5,涡轮增压,直列,4.0,VVT,156.0,115.0,,225.0,,插电混动,92号(原93号),直喷,铝合金,国VI,电子无级变速箱,,电子无级变速箱(E-CVT),,7.5,,六年或15万公里,永磁同步,200.0,315.0,200.0,315.0,,,,,磷酸铁锂电池,21.504,95.0,,首任车主不限年限/不限里程,快充:待定/慢充:待定,,4870,1950,1725,2820,,,,2130.0,SUV,5.0,7.0,,平开门,,,,,皮质,上下+前后,,,,,仿皮,,自动,,
sg99,168459.0,大众,1.0,大众,398,帕萨特,252340,出众款 280TSI 商务版,2022,燃油,上汽大众,中型车,16.45,16.45万,14.11万,13.85万,1395.0,1.4,涡轮增压,L,4.0,,150.0,110.0,5000.0,250.0,1750,汽油,92#,缸内直喷,铝,国VI,7挡双离合,7.0,干式双离合变速箱（DCT）,210.0,9.1,,3年或10万公里,,,,,,,,,,,,,,,,,4948,1836,1469,2871,1584.0,1570.0,110.0,1500.0,三厢车,4.0,5.0,521.0,平开门,主 / 副,前 / 后,,主 / 副,,上下+前后,大屏,USB/Type-C,,46243,仿皮,前 / 后,手动,46243,燃油
sg99,190974.0,大众,1.0,大众,398,帕萨特,252340,出众款 280TSI 商务版,2023,燃油,上汽大众,中型车,16.45,16.45万,14.11万,13.85万,1395.0,1.4,涡轮增压,L,4.0,,150.0,110.0,5000.0,250.0,1750,汽油,92#,缸内直喷,铝,国VI,7挡双离合,7.0,干式双离合变速箱（DCT）,210.0,9.1,,3年或10万公里,,,,,,,,,,,,,,,,,4948,1836,1469,2871,1584.0,1570.0,110.0,1500.0,三厢车,4.0,5.0,521.0,平开门,主 / 副,前 / 后,,主 / 副,,上下+前后,大屏,USB/Type-C,,46243,仿皮,前 / 后,手动,46243,燃油
sg99,246007.0,大众,1.0,大众,398,帕萨特,252340,出众款 280TSI 商务版,2024,燃油,上汽大众,中型车,16.45,16.45万,14.11万,13.85万,1395.0,1.4,涡轮增压,L,4.0,,150.0,110.0,5000.0,250.0,1750,汽油,92#,缸内直喷,铝,国VI,7挡双离合,7.0,干式双离合变速箱（DCT）,210.0,9.1,,3年或10万公里,,,,,,,,,,,,,,,,,4948,1836,1469,2871,1584.0,1570.0,110.0,1500.0,三厢车,4.0,5.0,521.0,平开门,主 / 副,前 / 后,,主 / 副,,上下+前后,大屏,USB/Type-C,,46243,仿皮,前 / 后,手动,46243,燃油
sg99,227131.0,大众,1.0,大众,398,帕萨特,252340,出众款 280TSI 商务版,2025,燃油,上汽大众,中型车,16.45,16.45万,14.11万,13.85万,1395.0,1.4,涡轮增压,L,4.0,,150.0,110.0,5000.0,250.0,1750,汽油,92#,缸内直喷,铝,国VI,7挡双离合,7.0,干式双离合变速箱（DCT）,210.0,9.1,,3年或10万公里,,,,,,,,,,,,,,,,,4948,1836,1469,2871,1584.0,1570.0,110.0,1500.0,三厢车,4.0,5.0,521.0,平开门,主 / 副,前 / 后,,主 / 副,,上下+前后,大屏,USB/Type-C,,46243,仿皮,前 / 后,手动,46243,燃油
sg99,80040.0,大众,1.0,大众,398,帕萨特,252340,出众款 280TSI 商务版,2026,燃油,上汽大众,中型车,16.45,16.45万,14.11万,13.85万,1395.0,1.4,涡轮增压,L,4.0,,150.0,110.0,5000.0,250.0,1750,汽油,92#,缸内直喷,铝,国VI,7挡双离合,7.0,干式双离合变速箱（DCT）,210.0,9.1,,3年或10万公里,,,,,,,,,,,,,,,,,4948,1836,1469,2871,1584.0,1570.0,110.0,1500.0,三厢车,4.0,5.0,521.0,平开门,主 / 副,前 / 后,,主 / 副,,上下+前后,大屏,USB/Type-C,,46243,仿皮,前 / 后,手动,46243,燃油
