brand_id,brand_name,series_name,车辆主表series_id,销量表原series_id,统一后series_id,销量数据来源,销量表车系名,核对状态,处理说明,pcauto_id语义,has_sales_data
196.0,Polestar极星,Polestar 3,5356,5356,5356,dongchedi_fill,Polestar 3,一致,销量源 ID 与车辆主表 series_id 一致,销量源与车辆主表同ID,True
39.0,五菱汽车,五菱之光,1292,1292,1292,dongchedi_fill,五菱之光,一致,销量源 ID 与车辆主表 series_id 一致,销量源与车辆主表同ID,True
39.0,五菱汽车,五菱之光EV,24927,24927,24927,dongchedi_fill,五菱之光EV,一致,销量源 ID 与车辆主表 series_id 一致,销量源与车辆主表同ID,True
39.0,五菱汽车,五菱宏光V,3192,3192,3192,dongchedi_fill,五菱宏光V,一致,销量源 ID 与车辆主表 series_id 一致,销量源与车辆主表同ID,True
39.0,五菱汽车,五菱荣光,1291,1291,1291,dongchedi_fill,五菱荣光,一致,销量源 ID 与车辆主表 series_id 一致,销量源与车辆主表同ID,True
39.0,五菱汽车,五菱荣光EV,4320,4320,4320,dongchedi_fill,五菱荣光EV,一致,销量源 ID 与车辆主表 series_id 一致,销量源与车辆主表同ID,True
39.0,五菱汽车,五菱荣光V,1293,1293,1293,dongchedi_fill,五菱荣光V,一致,销量源 ID 与车辆主表 series_id 一致,销量源与车辆主表同ID,True
10445.0,华境,华境S,25695,25695,25695,dongchedi_fill,华境S,一致,销量源 ID 与车辆主表 series_id 一致,销量源与车辆主表同ID,True
10409.0,奇瑞风云,风云X3,25544,25544,25544,dongchedi_fill,风云X3,一致,销量源 ID 与车辆主表 series_id 一致,销量源与车辆主表同ID,True
139.0,开瑞,江豚,5855,5855,5855,dongchedi_fill,江豚,一致,销量源 ID 与车辆主表 series_id 一致,销量源与车辆主表同ID,True
123.0,新龙马汽车,新龙马汽车启腾M70,558,558,558,dongchedi_fill,新龙马汽车启腾M70,一致,销量源 ID 与车辆主表 series_id 一致,销量源与车辆主表同ID,True
198.0,瑞驰,瑞驰EC75,9255,9255,9255,dongchedi_fill,瑞驰EC75,一致,销量源 ID 与车辆主表 series_id 一致,销量源与车辆主表同ID,True
35.0,长安,长安UNI-Z,24540,24540,24540,dongchedi_fill,长安UNI-Z,一致,销量源 ID 与车辆主表 series_id 一致,销量源与车辆主表同ID,True
171.0,长安凯程,长安之星9 EV,3022,3022,3022,dongchedi_fill,长安之星9 EV,一致,销量源 ID 与车辆主表 series_id 一致,销量源与车辆主表同ID,True
176.0,ARCFOX极狐,极狐 贝塔S3,25573,sg30917,25573,pcauto,极狐贝塔S3,已统一,训练用销量 series_id 已统一为车辆主表 series_id；原值保留在 source_series_id,pcauto_series_id:sg30917,False
176.0,ARCFOX极狐,极狐 贝塔T1,25401,sg30841,25401,pcauto,极狐贝塔T1,已统一,训练用销量 series_id 已统一为车辆主表 series_id；原值保留在 source_series_id,pcauto_series_id:sg30841,False
176.0,ARCFOX极狐,极狐 问道V9,25830,sg31087,25830,pcauto,极狐问道V9,已统一,训练用销量 series_id 已统一为车辆主表 series_id；原值保留在 source_series_id,pcauto_series_id:sg31087,False
176.0,ARCFOX极狐,极狐 阿尔法S5,9179,sg30094,9179,pcauto,极狐 阿尔法S5,已统一,训练用销量 series_id 已统一为车辆主表 series_id；原值保留在 source_series_id,pcauto_series_id:sg30094,True
176.0,ARCFOX极狐,极狐 阿尔法T5,6363,sg29434,6363,pcauto,极狐 阿尔法T5,已统一,训练用销量 series_id 已统一为车辆主表 series_id；原值保留在 source_series_id,pcauto_series_id:sg29434,True
65.0,MINI,电动MINI ACEMAN,9945,sg30388,9945,pcauto,电动MINI ACEMAN,已统一,训练用销量 series_id 已统一为车辆主表 series_id；原值保留在 source_series_id,pcauto_series_id:sg30388,True
65.0,MINI,电动MINI COOPER,9793,sg30347,9793,pcauto,电动MINI COOPER,已统一,训练用销量 series_id 已统一为车辆主表 series_id；原值保留在 source_series_id,pcauto_series_id:sg30347,True
196.0,Polestar极星,Polestar 2,3166,sg24173,3166,pcauto,Polestar 2,已统一,训练用销量 series_id 已统一为车辆主表 series_id；原值保留在 source_series_id,pcauto_series_id:sg24173,True
196.0,Polestar极星,Polestar 4,5832,sg29652,5832,pcauto,Polestar 4,已统一,训练用销量 series_id 已统一为车辆主表 series_id；原值保留在 source_series_id,pcauto_series_id:sg29652,True
10363.0,firefly萤火虫,firefly萤火虫,25116,sg30673,25116,pcauto,firefly萤火虫,已统一,训练用销量 series_id 已统一为车辆主表 series_id；原值保留在 source_series_id,pcauto_series_id:sg30673,True
909.0,iCAR,iCAR V27,25620,sg30886,25620,pcauto,iCAR V27,已统一,训练用销量 series_id 已统一为车辆主表 series_id；原值保留在 source_series_id,pcauto_series_id:sg30886,True
909.0,iCAR,iCAR超级V23,10040,sg30412,10040,pcauto,iCAR 超级V23,已统一,训练用销量 series_id 已统一为车辆主表 series_id；原值保留在 source_series_id,pcauto_series_id:sg30412,False
48.0,smart,smart精灵#1,5322,sg28002,5322,pcauto,smart精灵#1,已统一,训练用销量 series_id 已统一为车辆主表 series_id；原值保留在 source_series_id,pcauto_series_id:sg28002,True
48.0,smart,smart精灵#3,6272,sg28755,6272,pcauto,smart精灵#3,已统一,训练用销量 series_id 已统一为车辆主表 series_id；原值保留在 source_series_id,pcauto_series_id:sg28755,True
48.0,smart,smart精灵#5,10136,sg30432,10136,pcauto,smart精灵#5,已统一,训练用销量 series_id 已统一为车辆主表 series_id；原值保留在 source_series_id,pcauto_series_id:sg30432,True
373.0,东风富康,e爱丽舍,4391,sg26592,4391,pcauto,e爱丽舍,已统一,训练用销量 series_id 已统一为车辆主表 series_id；原值保留在 source_series_id,pcauto_series_id:sg26592,True
95.0,东风风光,风光380,5390,sg28692,5390,pcauto,风光380,已统一,训练用销量 series_id 已统一为车辆主表 series_id；原值保留在 source_series_id,pcauto_series_id:sg28692,True
95.0,东风风光,风光500,4703,sg26831,4703,pcauto,风光500,已统一,训练用销量 series_id 已统一为车辆主表 series_id；原值保留在 source_series_id,pcauto_series_id:sg26831,True
95.0,东风风光,风光580,436,sg13817,436,dongchedi_fill、pcauto,风光580,已统一,训练用销量 series_id 已统一为车辆主表 series_id；原值保留在 source_series_id,pcauto_series_id:sg13817,True
95.0,东风风光,风光E380,6230,sg29241,6230,pcauto,风光E380,已统一,训练用销量 series_id 已统一为车辆主表 series_id；原值保留在 source_series_id,pcauto_series_id:sg29241,True
95.0,东风风光,风光MINIEV,5389,sg28598,5389,dongchedi_fill、pcauto,风光MINIEV,已统一,训练用销量 series_id 已统一为车辆主表 series_id；原值保留在 source_series_id,pcauto_series_id:sg28598,True
95.0,东风风光,风光S560,1712,sg21775,1712,pcauto,风光S560,已统一,训练用销量 series_id 已统一为车辆主表 series_id；原值保留在 source_series_id,pcauto_series_id:sg21775,True
95.0,东风风光,风光ix5,2813,sg22857,2813,dongchedi_fill、pcauto,风光ix5,已统一,训练用销量 series_id 已统一为车辆主表 series_id；原值保留在 source_series_id,pcauto_series_id:sg22857,True
92.0,东风风度,帕拉丁,9181,sg307,9181,pcauto,帕拉丁,已统一,训练用销量 series_id 已统一为车辆主表 series_id；原值保留在 source_series_id,pcauto_series_id:sg307,True
37.0,东风风神,东风风神E70,1655,sg21603,1655,pcauto,东风风神E70,已统一,训练用销量 series_id 已统一为车辆主表 series_id；原值保留在 source_series_id,pcauto_series_id:sg21603,True
37.0,东风风神,奕炫,3365,sg24417,3365,pcauto,奕炫,已统一,训练用销量 series_id 已统一为车辆主表 series_id；原值保留在 source_series_id,pcauto_series_id:sg24417,True
37.0,东风风神,皓极,5557,sg28542,5557,pcauto,皓极,已统一,训练用销量 series_id 已统一为车辆主表 series_id；原值保留在 source_series_id,pcauto_series_id:sg28542,True
37.0,东风风神,皓瀚,8788,sg29512,8788,pcauto,皓瀚,已统一,训练用销量 series_id 已统一为车辆主表 series_id；原值保留在 source_series_id,pcauto_series_id:sg29512,True
70.0,东风风行,星海S7,9958,sg30393,9958,pcauto,星海S7,已统一,训练用销量 series_id 已统一为车辆主表 series_id；原值保留在 source_series_id,pcauto_series_id:sg30393,True
70.0,东风风行,星海T5,25831,sg31151,25831,pcauto,星海T5,已统一,训练用销量 series_id 已统一为车辆主表 series_id；原值保留在 source_series_id,pcauto_series_id:sg31151,True
70.0,东风风行,星海V9,9374,sg29351,9374,dongchedi_fill、pcauto,星海V9,已统一,训练用销量 series_id 已统一为车辆主表 series_id；原值保留在 source_series_id,pcauto_series_id:sg29351,True
70.0,东风风行,菱智,445,sg4556,445,pcauto,菱智,已统一,训练用销量 series_id 已统一为车辆主表 series_id；原值保留在 source_series_id,pcauto_series_id:sg4556,True
70.0,东风风行,风行S50 EV,1810,sg21662,1810,pcauto,风行S50EV,已统一,训练用销量 series_id 已统一为车辆主表 series_id；原值保留在 source_series_id,pcauto_series_id:sg21662,False
70.0,东风风行,风行T5,2820,sg22897,2820,pcauto,风行T5,已统一,训练用销量 series_id 已统一为车辆主表 series_id；原值保留在 source_series_id,pcauto_series_id:sg22897,True
70.0,东风风行,风行T5 EVO,4654,sg26721,4654,dongchedi_fill、pcauto,风行T5 EVO,已统一,训练用销量 series_id 已统一为车辆主表 series_id；原值保留在 source_series_id,pcauto_series_id:sg26721,True
70.0,东风风行,风行雷霆,5802,sg29305,5802,dongchedi_fill、pcauto,风行雷霆,已统一,训练用销量 series_id 已统一为车辆主表 series_id；原值保留在 source_series_id,pcauto_series_id:sg29305,True
5.0,丰田,RAV4荣放,546,sg3715,546,pcauto,RAV4荣放,已统一,训练用销量 series_id 已统一为车辆主表 series_id；原值保留在 source_series_id,pcauto_series_id:sg3715,True
5.0,丰田,丰田bZ3,6126,sg29117,6126,pcauto,丰田bZ3,已统一,训练用销量 series_id 已统一为车辆主表 series_id；原值保留在 source_series_id,pcauto_series_id:sg29117,True
5.0,丰田,丰田bZ5,25314,sg30455,25314,pcauto,丰田bZ5,已统一,训练用销量 series_id 已统一为车辆主表 series_id；原值保留在 source_series_id,pcauto_series_id:sg30455,True
5.0,丰田,亚洲龙,3068,sg23627,3068,pcauto,亚洲龙,已统一,训练用销量 series_id 已统一为车辆主表 series_id；原值保留在 source_series_id,pcauto_series_id:sg23627,True
5.0,丰田,凯美瑞,535,sg4550,535,pcauto,凯美瑞,已统一,训练用销量 series_id 已统一为车辆主表 series_id；原值保留在 source_series_id,pcauto_series_id:sg4550,True
5.0,丰田,卡罗拉,542,sg2734,542,pcauto,卡罗拉,已统一,训练用销量 series_id 已统一为车辆主表 series_id；原值保留在 source_series_id,pcauto_series_id:sg2734,True
5.0,丰田,卡罗拉锐放,5382,sg28123,5382,pcauto,卡罗拉锐放,已统一,训练用销量 series_id 已统一为车辆主表 series_id；原值保留在 source_series_id,pcauto_series_id:sg28123,True
5.0,丰田,威兰达,4172,sg25490,4172,pcauto,威兰达,已统一,训练用销量 series_id 已统一为车辆主表 series_id；原值保留在 source_series_id,pcauto_series_id:sg25490,True
5.0,丰田,威飒,5339,sg28006,5339,pcauto,威飒,已统一,训练用销量 series_id 已统一为车辆主表 series_id；原值保留在 source_series_id,pcauto_series_id:sg28006,True
5.0,丰田,普拉多,547,sg411,547,pcauto,普拉多,已统一,训练用销量 series_id 已统一为车辆主表 series_id；原值保留在 source_series_id,pcauto_series_id:sg411,True
5.0,丰田,格瑞维亚,5858,sg28711,5858,pcauto,格瑞维亚,已统一,训练用销量 series_id 已统一为车辆主表 series_id；原值保留在 source_series_id,pcauto_series_id:sg28711,True
5.0,丰田,汉兰达,536,sg3836,536,pcauto,汉兰达,已统一,训练用销量 series_id 已统一为车辆主表 series_id；原值保留在 source_series_id,pcauto_series_id:sg3836,True
5.0,丰田,皇冠陆放,4840,sg27393,4840,pcauto,皇冠陆放,已统一,训练用销量 series_id 已统一为车辆主表 series_id；原值保留在 source_series_id,pcauto_series_id:sg27393,True
5.0,丰田,铂智3X,8987,sg30454,8987,pcauto,铂智3X,已统一,训练用销量 series_id 已统一为车辆主表 series_id；原值保留在 source_series_id,pcauto_series_id:sg30454,True
5.0,丰田,铂智4X,9668,sg30302,9668,pcauto,铂智4X,已统一,训练用销量 series_id 已统一为车辆主表 series_id；原值保留在 source_series_id,pcauto_series_id:sg30302,True
5.0,丰田,铂智7,9657,sg30672,9657,pcauto,铂智7,已统一,训练用销量 series_id 已统一为车辆主表 series_id；原值保留在 source_series_id,pcauto_series_id:sg30672,True
5.0,丰田,锋兰达,5369,sg28071,5369,pcauto,锋兰达,已统一,训练用销量 series_id 已统一为车辆主表 series_id；原值保留在 source_series_id,pcauto_series_id:sg28071,True
5.0,丰田,雷凌,534,sg10801,534,pcauto,雷凌,已统一,训练用销量 series_id 已统一为车辆主表 series_id；原值保留在 source_series_id,pcauto_series_id:sg10801,True
918.0,乐道,乐道L60,9833,sg30472,9833,pcauto,乐道L60,已统一,训练用销量 series_id 已统一为车辆主表 series_id；原值保留在 source_series_id,pcauto_series_id:sg30472,True
918.0,乐道,乐道L80,25565,sg31275,25565,pcauto,乐道L80,已统一,训练用销量 series_id 已统一为车辆主表 series_id；原值保留在 source_series_id,pcauto_series_id:sg31275,True
918.0,乐道,乐道L90,25234,sg30806,25234,pcauto,乐道L90,已统一,训练用销量 series_id 已统一为车辆主表 series_id；原值保留在 source_series_id,pcauto_series_id:sg30806,True
546.0,仰望,仰望U8,6235,sg29274,6235,pcauto,仰望U8,已统一,训练用销量 series_id 已统一为车辆主表 series_id；原值保留在 source_series_id,pcauto_series_id:sg29274,True
546.0,仰望,仰望U8L,25717,sg30845,25717,pcauto,仰望U8L,已统一,训练用销量 series_id 已统一为车辆主表 series_id；原值保留在 source_series_id,pcauto_series_id:sg30845,True
384.0,凌宝汽车,凌宝BOX,4503,sg26263,4503,pcauto,凌宝BOX,已统一,训练用销量 series_id 已统一为车辆主表 series_id；原值保留在 source_series_id,pcauto_series_id:sg26263,True
384.0,凌宝汽车,凌宝Uni,5385,sg28623,5385,pcauto,凌宝Uni,已统一,训练用销量 series_id 已统一为车辆主表 series_id；原值保留在 source_series_id,pcauto_series_id:sg28623,True
142.0,凯翼,炫界,4311,sg25771,4311,dongchedi_fill、pcauto,炫界,已统一,训练用销量 series_id 已统一为车辆主表 series_id；原值保留在 source_series_id,pcauto_series_id:sg25771,True
142.0,凯翼,炫界Pro EV,5367,sg28053,5367,pcauto,炫界Pro EV,已统一,训练用销量 series_id 已统一为车辆主表 series_id；原值保留在 source_series_id,pcauto_series_id:sg28053,True
142.0,凯翼,轩度,5033,sg27455,5033,dongchedi_fill、pcauto,轩度,已统一,训练用销量 series_id 已统一为车辆主表 series_id；原值保留在 source_series_id,pcauto_series_id:sg27455,True
30.0,凯迪拉克,IQ傲歌,9186,sg30049,9186,pcauto,IQ傲歌,已统一,训练用销量 series_id 已统一为车辆主表 series_id；原值保留在 source_series_id,pcauto_series_id:sg30049,True
30.0,凯迪拉克,IQ锐歌,5358,sg28281,5358,pcauto,IQ锐歌,已统一,训练用销量 series_id 已统一为车辆主表 series_id；原值保留在 source_series_id,pcauto_series_id:sg28281,True
30.0,凯迪拉克,凯威德,25882,sg31132,25882,pcauto,凯威德,已统一,训练用销量 series_id 已统一为车辆主表 series_id；原值保留在 source_series_id,pcauto_series_id:sg31132,True
30.0,凯迪拉克,凯迪拉克CT4,4182,sg25551,4182,dongchedi_fill、pcauto,凯迪拉克CT4,已统一,训练用销量 series_id 已统一为车辆主表 series_id；原值保留在 source_series_id,pcauto_series_id:sg25551,True
30.0,凯迪拉克,凯迪拉克CT5,3736,sg24885,3736,pcauto,凯迪拉克CT5,已统一,训练用销量 series_id 已统一为车辆主表 series_id；原值保留在 source_series_id,pcauto_series_id:sg24885,True
30.0,凯迪拉克,凯迪拉克CT6,859,sg13088,859,pcauto,凯迪拉克CT6,已统一,训练用销量 series_id 已统一为车辆主表 series_id；原值保留在 source_series_id,pcauto_series_id:sg13088,True
30.0,凯迪拉克,凯迪拉克GT4,5978,sg29304,5978,pcauto,凯迪拉克GT4,已统一,训练用销量 series_id 已统一为车辆主表 series_id；原值保留在 source_series_id,pcauto_series_id:sg29304,True
30.0,凯迪拉克,凯迪拉克XT4,2971,sg23063,2971,pcauto,凯迪拉克XT4,已统一,训练用销量 series_id 已统一为车辆主表 series_id；原值保留在 source_series_id,pcauto_series_id:sg23063,True
30.0,凯迪拉克,凯迪拉克XT5,861,sg13635,861,pcauto,凯迪拉克XT5,已统一,训练用销量 series_id 已统一为车辆主表 series_id；原值保留在 source_series_id,pcauto_series_id:sg13635,True
30.0,凯迪拉克,凯迪拉克XT6,3164,sg24164,3164,pcauto,凯迪拉克XT6,已统一,训练用销量 series_id 已统一为车辆主表 series_id；原值保留在 source_series_id,pcauto_series_id:sg24164,True
368.0,创维汽车,创维HT-i,5871,sg28723,5871,pcauto,创维HT-i,已统一,训练用销量 series_id 已统一为车辆主表 series_id；原值保留在 source_series_id,pcauto_series_id:sg28723,True
12.0,别克,世纪,5935,sg29236,5935,pcauto,世纪,已统一,训练用销量 series_id 已统一为车辆主表 series_id；原值保留在 source_series_id,pcauto_series_id:sg29236,True
12.0,别克,别克E5,6271,sg28813,6271,pcauto,别克E5,已统一,训练用销量 series_id 已统一为车辆主表 series_id；原值保留在 source_series_id,pcauto_series_id:sg28813,True
12.0,别克,别克GL8,353,sg106,353,pcauto,别克GL8,已统一,训练用销量 series_id 已统一为车辆主表 series_id；原值保留在 source_series_id,pcauto_series_id:sg106,True
12.0,别克,君威,348,sg3543,348,pcauto,君威,已统一,训练用销量 series_id 已统一为车辆主表 series_id；原值保留在 source_series_id,pcauto_series_id:sg3543,True
12.0,别克,君越,347,sg3745,347,pcauto,君越,已统一,训练用销量 series_id 已统一为车辆主表 series_id；原值保留在 source_series_id,pcauto_series_id:sg3745,True
12.0,别克,威朗,345,sg12381,345,pcauto,威朗,已统一,训练用销量 series_id 已统一为车辆主表 series_id；原值保留在 source_series_id,pcauto_series_id:sg12381,True
12.0,别克,微蓝6,3359,sg22833,3359,pcauto,微蓝6,已统一,训练用销量 series_id 已统一为车辆主表 series_id；原值保留在 source_series_id,pcauto_series_id:sg22833,True
12.0,别克,昂科威,352,sg11081,352,pcauto,昂科威,已统一,训练用销量 series_id 已统一为车辆主表 series_id；原值保留在 source_series_id,pcauto_series_id:sg11081,True
68.0,北京汽车,北京U5 PLUS,5101,sg27531,5101,pcauto,北京U5 PLUS,已统一,训练用销量 series_id 已统一为车辆主表 series_id；原值保留在 source_series_id,pcauto_series_id:sg27531,True
68.0,北京汽车,北京X7,4422,sg26021,4422,pcauto,北京X7,已统一,训练用销量 series_id 已统一为车辆主表 series_id；原值保留在 source_series_id,pcauto_series_id:sg26021,True
264.0,吉利几何,吉利几何A,3157,sg23643,3157,pcauto,吉利几何A,已统一,训练用销量 series_id 已统一为车辆主表 series_id；原值保留在 source_series_id,pcauto_series_id:sg23643,True
264.0,吉利几何,吉利几何G6,6080,sg29031,6080,dongchedi_fill、pcauto,吉利几何G6,已统一,训练用销量 series_id 已统一为车辆主表 series_id；原值保留在 source_series_id,pcauto_series_id:sg29031,True
264.0,吉利几何,吉利几何M6,6081,sg29041,6081,pcauto,吉利几何M6,已统一,训练用销量 series_id 已统一为车辆主表 series_id；原值保留在 source_series_id,pcauto_series_id:sg29041,True
73.0,吉利汽车,博越,741,sg12714,741,pcauto,博越,已统一,训练用销量 series_id 已统一为车辆主表 series_id；原值保留在 source_series_id,pcauto_series_id:sg12714,True
73.0,吉利汽车,博越L,6025,sg28932,6025,dongchedi_fill、pcauto,博越L,已统一,训练用销量 series_id 已统一为车辆主表 series_id；原值保留在 source_series_id,pcauto_series_id:sg28932,True
73.0,吉利汽车,博越REV,25577,sg31178,25577,pcauto,博越REV,已统一,训练用销量 series_id 已统一为车辆主表 series_id；原值保留在 source_series_id,pcauto_series_id:sg31178,True
73.0,吉利汽车,吉利ICON,2880,sg22969,2880,pcauto,吉利ICON,已统一,训练用销量 series_id 已统一为车辆主表 series_id；原值保留在 source_series_id,pcauto_series_id:sg22969,True
73.0,吉利汽车,星瑞,3476,sg24636,3476,pcauto,星瑞,已统一,训练用销量 series_id 已统一为车辆主表 series_id；原值保留在 source_series_id,pcauto_series_id:sg24636,True
73.0,吉利汽车,星越L,4857,sg27132,4857,pcauto,星越L,已统一,训练用销量 series_id 已统一为车辆主表 series_id；原值保留在 source_series_id,pcauto_series_id:sg27132,True
73.0,吉利汽车,缤瑞,2928,sg22679,2928,pcauto,缤瑞,已统一,训练用销量 series_id 已统一为车辆主表 series_id；原值保留在 source_series_id,pcauto_series_id:sg22679,True
73.0,吉利汽车,缤越,2975,sg22894,2975,pcauto,缤越,已统一,训练用销量 series_id 已统一为车辆主表 series_id；原值保留在 source_series_id,pcauto_series_id:sg22894,True
73.0,吉利汽车,豪越L,6211,sg29207,6211,dongchedi_fill、pcauto,豪越L,已统一,训练用销量 series_id 已统一为车辆主表 series_id；原值保留在 source_series_id,pcauto_series_id:sg29207,True
858.0,吉利银河,银河E5,10026,sg30411,10026,pcauto,银河E5,已统一,训练用销量 series_id 已统一为车辆主表 series_id；原值保留在 source_series_id,pcauto_series_id:sg30411,True
858.0,吉利银河,银河E8,8858,sg29481,8858,pcauto,银河E8,已统一,训练用销量 series_id 已统一为车辆主表 series_id；原值保留在 source_series_id,pcauto_series_id:sg29481,True
858.0,吉利银河,银河L6,8859,sg29476,8859,pcauto,银河L6,已统一,训练用销量 series_id 已统一为车辆主表 series_id；原值保留在 source_series_id,pcauto_series_id:sg29476,True
858.0,吉利银河,银河M7,25871,sg31119,25871,pcauto,银河M7,已统一,训练用销量 series_id 已统一为车辆主表 series_id；原值保留在 source_series_id,pcauto_series_id:sg31119,True
858.0,吉利银河,银河M9,25521,sg29485,25521,pcauto,银河M9,已统一,训练用销量 series_id 已统一为车辆主表 series_id；原值保留在 source_series_id,pcauto_series_id:sg29485,True
858.0,吉利银河,银河V900,25711,sg31093,25711,pcauto,银河V900,已统一,训练用销量 series_id 已统一为车辆主表 series_id；原值保留在 source_series_id,pcauto_series_id:sg31093,True
858.0,吉利银河,银河星耀6,25611,sg30935,25611,pcauto,银河星耀6,已统一,训练用销量 series_id 已统一为车辆主表 series_id；原值保留在 source_series_id,pcauto_series_id:sg30935,True
858.0,吉利银河,银河星耀7,25739,sg31010,25739,pcauto,银河星耀7,已统一,训练用销量 series_id 已统一为车辆主表 series_id；原值保留在 source_series_id,pcauto_series_id:sg31010,True
109.0,启辰,启辰D60,1628,sg21914,1628,pcauto,启辰D60,已统一,训练用销量 series_id 已统一为车辆主表 series_id；原值保留在 source_series_id,pcauto_series_id:sg21914,True
109.0,启辰,启辰D60 EV,3351,sg24403,3351,pcauto,启辰D60EV,已统一,训练用销量 series_id 已统一为车辆主表 series_id；原值保留在 source_series_id,pcauto_series_id:sg24403,False
109.0,启辰,启辰T60 EV,3453,sg24574,3453,dongchedi_fill、pcauto,启辰T60EV,已统一,训练用销量 series_id 已统一为车辆主表 series_id；原值保留在 source_series_id,pcauto_series_id:sg24574,False
109.0,启辰,启辰VX6,6328,sg29422,6328,pcauto,启辰VX6,已统一,训练用销量 series_id 已统一为车辆主表 series_id；原值保留在 source_series_id,pcauto_series_id:sg29422,True
109.0,启辰,启辰大V,5153,sg27693,5153,pcauto,启辰大V,已统一,训练用销量 series_id 已统一为车辆主表 series_id；原值保留在 source_series_id,pcauto_series_id:sg27693,True
109.0,启辰,启辰大V DD-i,6336,sg29414,6336,pcauto,启辰大V DD-i,已统一,训练用销量 series_id 已统一为车辆主表 series_id；原值保留在 source_series_id,pcauto_series_id:sg29414,True
109.0,启辰,启辰星,4276,sg25681,4276,pcauto,启辰星,已统一,训练用销量 series_id 已统一为车辆主表 series_id；原值保留在 source_series_id,pcauto_series_id:sg25681,True
17.0,哈弗,哈弗H5,6321,sg29502,6321,pcauto,哈弗H5,已统一,训练用销量 series_id 已统一为车辆主表 series_id；原值保留在 source_series_id,pcauto_series_id:sg29502,True
17.0,哈弗,哈弗H6,649,sg4580,649,pcauto,哈弗H6,已统一,训练用销量 series_id 已统一为车辆主表 series_id；原值保留在 source_series_id,pcauto_series_id:sg4580,True
17.0,哈弗,哈弗H9,653,sg9626,653,pcauto,哈弗H9,已统一,训练用销量 series_id 已统一为车辆主表 series_id；原值保留在 source_series_id,pcauto_series_id:sg9626,True
17.0,哈弗,哈弗大狗,4563,sg26431,4563,dongchedi_fill、pcauto,哈弗大狗,已统一,训练用销量 series_id 已统一为车辆主表 series_id；原值保留在 source_series_id,pcauto_series_id:sg26431,True
17.0,哈弗,哈弗大狗PLUS,6149,sg29215,6149,pcauto,哈弗大狗PLUS,已统一,训练用销量 series_id 已统一为车辆主表 series_id；原值保留在 source_series_id,pcauto_series_id:sg29215,True
425.0,坦克,坦克300,4615,sg26541,4615,pcauto,坦克300,已统一,训练用销量 series_id 已统一为车辆主表 series_id；原值保留在 source_series_id,pcauto_series_id:sg26541,True
425.0,坦克,坦克400,5312,sg27956,5312,pcauto,坦克400,已统一,训练用销量 series_id 已统一为车辆主表 series_id；原值保留在 source_series_id,pcauto_series_id:sg27956,True
425.0,坦克,坦克500,5238,sg27834,5238,pcauto,坦克500,已统一,训练用销量 series_id 已统一为车辆主表 series_id；原值保留在 source_series_id,pcauto_series_id:sg27834,True
242.0,埃安,AION LX,3503,sg24567,3503,pcauto,AION LX,已统一,训练用销量 series_id 已统一为车辆主表 series_id；原值保留在 source_series_id,pcauto_series_id:sg24567,True
242.0,埃安,AION N60,25878,sg31115,25878,pcauto,AION N60,已统一,训练用销量 series_id 已统一为车辆主表 series_id；原值保留在 source_series_id,pcauto_series_id:sg31115,True
242.0,埃安,AION RT,24800,sg30604,24800,pcauto,AION RT,已统一,训练用销量 series_id 已统一为车辆主表 series_id；原值保留在 source_series_id,pcauto_series_id:sg30604,True
242.0,埃安,AION S,3101,sg23867,3101,pcauto,AION S,已统一,训练用销量 series_id 已统一为车辆主表 series_id；原值保留在 source_series_id,pcauto_series_id:sg23867,True
242.0,埃安,AION UT,25014,sg30636,25014,pcauto,AION UT,已统一,训练用销量 series_id 已统一为车辆主表 series_id；原值保留在 source_series_id,pcauto_series_id:sg30636,True
242.0,埃安,AION V,4426,sg26013,4426,pcauto,AION V,已统一,训练用销量 series_id 已统一为车辆主表 series_id；原值保留在 source_series_id,pcauto_series_id:sg26013,True
242.0,埃安,AION Y,4814,sg27081,4814,pcauto,AION Y,已统一,训练用销量 series_id 已统一为车辆主表 series_id；原值保留在 source_series_id,pcauto_series_id:sg27081,True
242.0,埃安,AION i60,25643,sg30956,25643,pcauto,AION i60,已统一,训练用销量 series_id 已统一为车辆主表 series_id；原值保留在 source_series_id,pcauto_series_id:sg30956,True
10433.0,埃尚,埃尚,25720,sg30990,25720,pcauto,埃尚,已统一,训练用销量 series_id 已统一为车辆主表 series_id；原值保留在 source_series_id,pcauto_series_id:sg30990,True
1.0,大众,ID. ERA 9X,25395,sg30835,25395,pcauto,ID.ERA 9X,已统一,训练用销量 series_id 已统一为车辆主表 series_id；原值保留在 source_series_id,pcauto_series_id:sg30835,False
1.0,大众,ID.4 CROZZ,4586,sg25600,4586,pcauto,ID.4 CROZZ,已统一,训练用销量 series_id 已统一为车辆主表 series_id；原值保留在 source_series_id,pcauto_series_id:sg25600,True
1.0,大众,ID.4 X,4258,sg26993,4258,pcauto,ID.4 X,已统一,训练用销量 series_id 已统一为车辆主表 series_id；原值保留在 source_series_id,pcauto_series_id:sg26993,True
1.0,大众,ID.6 X,4894,sg27251,4894,dongchedi_fill、pcauto,ID.6 X,已统一,训练用销量 series_id 已统一为车辆主表 series_id；原值保留在 source_series_id,pcauto_series_id:sg27251,True
1.0,大众,ID.7 VIZZION,8946,sg29631,8946,pcauto,ID.7 VIZZION,已统一,训练用销量 series_id 已统一为车辆主表 series_id；原值保留在 source_series_id,pcauto_series_id:sg29631,True
1.0,大众,凌渡,397,sg10891,397,pcauto,凌渡,已统一,训练用销量 series_id 已统一为车辆主表 series_id；原值保留在 source_series_id,pcauto_series_id:sg10891,True
1.0,大众,大众CC,416,sg4517,416,pcauto,大众CC,已统一,训练用销量 series_id 已统一为车辆主表 series_id；原值保留在 source_series_id,pcauto_series_id:sg4517,True
1.0,大众,大众ID.3,5217,sg25599,5217,pcauto,大众ID.3,已统一,训练用销量 series_id 已统一为车辆主表 series_id；原值保留在 source_series_id,pcauto_series_id:sg25599,True
1.0,大众,威然,4160,sg25419,4160,pcauto,威然,已统一,训练用销量 series_id 已统一为车辆主表 series_id；原值保留在 source_series_id,pcauto_series_id:sg25419,True
1.0,大众,宝来,409,sg3286,409,pcauto,宝来,已统一,训练用销量 series_id 已统一为车辆主表 series_id；原值保留在 source_series_id,pcauto_series_id:sg3286,True
1.0,大众,帕萨特,398,sg99,398,pcauto,帕萨特,已统一,训练用销量 series_id 已统一为车辆主表 series_id；原值保留在 source_series_id,pcauto_series_id:sg99,True
1.0,大众,探岳,2835,sg22813,2835,pcauto,探岳,已统一,训练用销量 series_id 已统一为车辆主表 series_id；原值保留在 source_series_id,pcauto_series_id:sg22813,True
1.0,大众,探岳X,4425,sg24604,4425,pcauto,探岳X,已统一,训练用销量 series_id 已统一为车辆主表 series_id；原值保留在 source_series_id,pcauto_series_id:sg24604,True
1.0,大众,揽境,3437,sg24603,3437,pcauto,揽境,已统一,训练用销量 series_id 已统一为车辆主表 series_id；原值保留在 source_series_id,pcauto_series_id:sg24603,True
1.0,大众,揽巡,5929,sg28793,5929,pcauto,揽巡,已统一,训练用销量 series_id 已统一为车辆主表 series_id；原值保留在 source_series_id,pcauto_series_id:sg28793,True
1.0,大众,朗逸,393,sg3225,393,pcauto,朗逸,已统一,训练用销量 series_id 已统一为车辆主表 series_id；原值保留在 source_series_id,pcauto_series_id:sg3225,True
1.0,大众,迈腾,415,sg2824,415,pcauto,迈腾,已统一,训练用销量 series_id 已统一为车辆主表 series_id；原值保留在 source_series_id,pcauto_series_id:sg2824,True
1.0,大众,迈腾PHEV,3142,sg23973,3142,pcauto,迈腾PHEV,已统一,训练用销量 series_id 已统一为车辆主表 series_id；原值保留在 source_series_id,pcauto_series_id:sg23973,True
1.0,大众,途岳,2836,sg22815,2836,pcauto,途岳,已统一,训练用销量 series_id 已统一为车辆主表 series_id；原值保留在 source_series_id,pcauto_series_id:sg22815,True
1.0,大众,途昂,405,sg20963,405,pcauto,途昂,已统一,训练用销量 series_id 已统一为车辆主表 series_id；原值保留在 source_series_id,pcauto_series_id:sg20963,True
1.0,大众,途观L,404,sg21172,404,pcauto,途观L,已统一,训练用销量 series_id 已统一为车辆主表 series_id；原值保留在 source_series_id,pcauto_series_id:sg21172,True
1.0,大众,速腾,414,sg1633,414,pcauto,速腾,已统一,训练用销量 series_id 已统一为车辆主表 series_id；原值保留在 source_series_id,pcauto_series_id:sg1633,True
1.0,大众,高尔夫,410,sg4437,410,pcauto,高尔夫,已统一,训练用销量 series_id 已统一为车辆主表 series_id；原值保留在 source_series_id,pcauto_series_id:sg4437,True
1.0,大众,高尔夫GTI,24727,sg30566,24727,pcauto,高尔夫GTI,已统一,训练用销量 series_id 已统一为车辆主表 series_id；原值保留在 source_series_id,pcauto_series_id:sg30566,True
372.0,大运,悦虎,4388,sg26771,4388,pcauto,悦虎,已统一,训练用销量 series_id 已统一为车辆主表 series_id；原值保留在 source_series_id,pcauto_series_id:sg26771,True
372.0,大运,远志M1,4542,sg26772,4542,pcauto,远志M1,已统一,训练用销量 series_id 已统一为车辆主表 series_id；原值保留在 source_series_id,pcauto_series_id:sg26772,True
108.0,大通,大通G10,1211,sg9312,1211,dongchedi_fill、pcauto,大通G10,已统一,训练用销量 series_id 已统一为车辆主表 series_id；原值保留在 source_series_id,pcauto_series_id:sg9312,True
108.0,大通,大通G50,2984,sg22554,2984,pcauto,大通G50,已统一,训练用销量 series_id 已统一为车辆主表 series_id；原值保留在 source_series_id,pcauto_series_id:sg22554,True
108.0,大通,大通G70,9188,sg30056,9188,pcauto,大通G70,已统一,训练用销量 series_id 已统一为车辆主表 series_id；原值保留在 source_series_id,pcauto_series_id:sg30056,True
108.0,大通,大通G90,5438,sg28271,5438,pcauto,大通G90,已统一,训练用销量 series_id 已统一为车辆主表 series_id；原值保留在 source_series_id,pcauto_series_id:sg28271,True
108.0,大通,领地,6044,sg29122,6044,pcauto,领地,已统一,训练用销量 series_id 已统一为车辆主表 series_id；原值保留在 source_series_id,pcauto_series_id:sg29122,True
18.0,奇瑞,探索06 C-DM,8974,sg29371,8974,pcauto,探索06 C-DM,已统一,训练用销量 series_id 已统一为车辆主表 series_id；原值保留在 source_series_id,pcauto_series_id:sg29371,True
18.0,奇瑞,欧萌达,5162,sg27951,5162,pcauto,欧萌达,已统一,训练用销量 series_id 已统一为车辆主表 series_id；原值保留在 source_series_id,pcauto_series_id:sg27951,True
18.0,奇瑞,瑞虎3x,1092,sg14373,1092,pcauto,瑞虎3x,已统一,训练用销量 series_id 已统一为车辆主表 series_id；原值保留在 source_series_id,pcauto_series_id:sg14373,True
18.0,奇瑞,瑞虎5x,1738,sg22103,1738,pcauto,瑞虎5x,已统一,训练用销量 series_id 已统一为车辆主表 series_id；原值保留在 source_series_id,pcauto_series_id:sg22103,True
18.0,奇瑞,瑞虎7,1094,sg14068,1094,pcauto,瑞虎7,已统一,训练用销量 series_id 已统一为车辆主表 series_id；原值保留在 source_series_id,pcauto_series_id:sg14068,True
18.0,奇瑞,瑞虎8,2794,sg22674,2794,pcauto,瑞虎8,已统一,训练用销量 series_id 已统一为车辆主表 series_id；原值保留在 source_series_id,pcauto_series_id:sg22674,True
18.0,奇瑞,瑞虎8 PLUS C-DM,24756,sg30603,24756,pcauto,瑞虎8 PLUS C-DM,已统一,训练用销量 series_id 已统一为车辆主表 series_id；原值保留在 source_series_id,pcauto_series_id:sg30603,True
18.0,奇瑞,瑞虎8L,20032,sg30512,20032,pcauto,瑞虎8 L,已统一,训练用销量 series_id 已统一为车辆主表 series_id；原值保留在 source_series_id,pcauto_series_id:sg30512,False
18.0,奇瑞,瑞虎9,6227,sg29370,6227,pcauto,瑞虎9,已统一,训练用销量 series_id 已统一为车辆主表 series_id；原值保留在 source_series_id,pcauto_series_id:sg29370,True
18.0,奇瑞,瑞虎9 C-DM,8973,sg29702,8973,pcauto,瑞虎9 C-DM,已统一,训练用销量 series_id 已统一为车辆主表 series_id；原值保留在 source_series_id,pcauto_series_id:sg29702,True
18.0,奇瑞,艾瑞泽5,1081,sg10660,1081,pcauto,艾瑞泽5,已统一,训练用销量 series_id 已统一为车辆主表 series_id；原值保留在 source_series_id,pcauto_series_id:sg10660,True
18.0,奇瑞,艾瑞泽8,5852,sg28700,5852,pcauto,艾瑞泽8,已统一,训练用销量 series_id 已统一为车辆主表 series_id；原值保留在 source_series_id,pcauto_series_id:sg28700,True
10409.0,奇瑞风云,风云A8,8808,sg29704,8808,pcauto,风云A8,已统一,训练用销量 series_id 已统一为车辆主表 series_id；原值保留在 source_series_id,pcauto_series_id:sg29704,True
10409.0,奇瑞风云,风云A9L,8985,sg30262,8985,pcauto,风云A9L,已统一,训练用销量 series_id 已统一为车辆主表 series_id；原值保留在 source_series_id,pcauto_series_id:sg30262,True
10409.0,奇瑞风云,风云T10,9950,sg30386,9950,dongchedi_fill、pcauto,风云T10,已统一,训练用销量 series_id 已统一为车辆主表 series_id；原值保留在 source_series_id,pcauto_series_id:sg30386,True
10409.0,奇瑞风云,风云T11,9436,sg30271,9436,pcauto,风云T11,已统一,训练用销量 series_id 已统一为车辆主表 series_id；原值保留在 source_series_id,pcauto_series_id:sg30271,True
10409.0,奇瑞风云,风云T8,24934,sg30623,24934,pcauto,风云T8,已统一,训练用销量 series_id 已统一为车辆主表 series_id；原值保留在 source_series_id,pcauto_series_id:sg30623,True
10409.0,奇瑞风云,风云T9,9500,sg30366,9500,pcauto,风云T9,已统一,训练用销量 series_id 已统一为车辆主表 series_id；原值保留在 source_series_id,pcauto_series_id:sg30366,True
10409.0,奇瑞风云,风云T9L,25828,sg31083,25828,pcauto,风云T9L,已统一,训练用销量 series_id 已统一为车辆主表 series_id；原值保留在 source_series_id,pcauto_series_id:sg31083,True
10409.0,奇瑞风云,风云X3L,25545,sg30937,25545,pcauto,风云X3L,已统一,训练用销量 series_id 已统一为车辆主表 series_id；原值保留在 source_series_id,pcauto_series_id:sg30937,True
27.0,奔腾,奔腾B70,267,sg2924,267,pcauto,奔腾B70,已统一,训练用销量 series_id 已统一为车辆主表 series_id；原值保留在 source_series_id,pcauto_series_id:sg2924,True
27.0,奔腾,奔腾T90,8803,sg29465,8803,pcauto,奔腾T90,已统一,训练用销量 series_id 已统一为车辆主表 series_id；原值保留在 source_series_id,pcauto_series_id:sg29465,True
27.0,奔腾,奔腾小马,8956,sg29713,8956,pcauto,奔腾小马,已统一,训练用销量 series_id 已统一为车辆主表 series_id；原值保留在 source_series_id,pcauto_series_id:sg29713,True
27.0,奔腾,悦意03,24919,sg30627,24919,pcauto,悦意03,已统一,训练用销量 series_id 已统一为车辆主表 series_id；原值保留在 source_series_id,pcauto_series_id:sg30627,True
27.0,奔腾,悦意07,25138,sg30706,25138,pcauto,悦意07,已统一,训练用销量 series_id 已统一为车辆主表 series_id；原值保留在 source_series_id,pcauto_series_id:sg30706,True
3.0,奔驰,奔驰A级,2913,sg22951,2913,pcauto,奔驰A级,已统一,训练用销量 series_id 已统一为车辆主表 series_id；原值保留在 source_series_id,pcauto_series_id:sg22951,True
3.0,奔驰,奔驰A级AMG,3360,sg24633,3360,pcauto,奔驰A级AMG,已统一,训练用销量 series_id 已统一为车辆主表 series_id；原值保留在 source_series_id,pcauto_series_id:sg24633,True
3.0,奔驰,奔驰C级,212,sg3178,212,pcauto,奔驰C级,已统一,训练用销量 series_id 已统一为车辆主表 series_id；原值保留在 source_series_id,pcauto_series_id:sg3178,True
3.0,奔驰,奔驰EQA,1729,sg27753,1729,pcauto,奔驰EQA,已统一,训练用销量 series_id 已统一为车辆主表 series_id；原值保留在 source_series_id,pcauto_series_id:sg27753,True
3.0,奔驰,奔驰EQB,3932,sg27691,3932,pcauto,奔驰EQB,已统一,训练用销量 series_id 已统一为车辆主表 series_id；原值保留在 source_series_id,pcauto_series_id:sg27691,True
3.0,奔驰,奔驰EQE,5813,sg28647,5813,pcauto,奔驰EQE,已统一,训练用销量 series_id 已统一为车辆主表 series_id；原值保留在 source_series_id,pcauto_series_id:sg28647,True
3.0,奔驰,奔驰EQE SUV,6208,sg29206,6208,pcauto,奔驰EQE SUV,已统一,训练用销量 series_id 已统一为车辆主表 series_id；原值保留在 source_series_id,pcauto_series_id:sg29206,True
3.0,奔驰,奔驰E级,214,sg1603,214,pcauto,奔驰E级,已统一,训练用销量 series_id 已统一为车辆主表 series_id；原值保留在 source_series_id,pcauto_series_id:sg1603,True
3.0,奔驰,奔驰GLA,215,sg12181,215,pcauto,奔驰GLA,已统一,训练用销量 series_id 已统一为车辆主表 series_id；原值保留在 source_series_id,pcauto_series_id:sg12181,True
3.0,奔驰,奔驰GLB,3928,sg24905,3928,pcauto,奔驰GLB,已统一,训练用销量 series_id 已统一为车辆主表 series_id；原值保留在 source_series_id,pcauto_series_id:sg24905,True
3.0,奔驰,奔驰GLC,216,sg12975,216,pcauto,奔驰GLC,已统一,训练用销量 series_id 已统一为车辆主表 series_id；原值保留在 source_series_id,pcauto_series_id:sg12975,True
3.0,奔驰,奔驰V级,245,sg13360,245,pcauto,奔驰V级,已统一,训练用销量 series_id 已统一为车辆主表 series_id；原值保留在 source_series_id,pcauto_series_id:sg13360,True
3.0,奔驰,威霆,244,sg4560,244,pcauto,威霆,已统一,训练用销量 series_id 已统一为车辆主表 series_id；原值保留在 source_series_id,pcauto_series_id:sg4560,True
2.0,奥迪,奥迪A3,95,sg9550,95,pcauto,奥迪A3,已统一,训练用销量 series_id 已统一为车辆主表 series_id；原值保留在 source_series_id,pcauto_series_id:sg9550,True
2.0,奥迪,奥迪A4L,96,sg3524,96,pcauto,奥迪A4L,已统一,训练用销量 series_id 已统一为车辆主表 series_id；原值保留在 source_series_id,pcauto_series_id:sg3524,True
2.0,奥迪,奥迪A5L,24521,sg30632,24521,pcauto,奥迪A5L,已统一,训练用销量 series_id 已统一为车辆主表 series_id；原值保留在 source_series_id,pcauto_series_id:sg30632,True
2.0,奥迪,奥迪A5L Sportback,24944,sg30599,24944,pcauto,奥迪A5L Sportback,已统一,训练用销量 series_id 已统一为车辆主表 series_id；原值保留在 source_series_id,pcauto_series_id:sg30599,True
2.0,奥迪,奥迪A6L,99,sg4313,99,pcauto,奥迪A6L,已统一,训练用销量 series_id 已统一为车辆主表 series_id；原值保留在 source_series_id,pcauto_series_id:sg4313,True
2.0,奥迪,奥迪A6L e-tron,25413,sg21448,25413,pcauto,奥迪A6L e-tron,已统一,训练用销量 series_id 已统一为车辆主表 series_id；原值保留在 source_series_id,pcauto_series_id:sg21448,True
2.0,奥迪,奥迪A7L,4302,sg25801,4302,pcauto,奥迪A7L,已统一,训练用销量 series_id 已统一为车辆主表 series_id；原值保留在 source_series_id,pcauto_series_id:sg25801,True
2.0,奥迪,奥迪Q2L,2963,sg22543,2963,pcauto,奥迪Q2L,已统一,训练用销量 series_id 已统一为车辆主表 series_id；原值保留在 source_series_id,pcauto_series_id:sg22543,True
2.0,奥迪,奥迪Q3,100,sg8670,100,pcauto,奥迪Q3,已统一,训练用销量 series_id 已统一为车辆主表 series_id；原值保留在 source_series_id,pcauto_series_id:sg8670,True
2.0,奥迪,奥迪Q3 Sportback,4990,sg26902,4990,pcauto,奥迪Q3 Sportback,已统一,训练用销量 series_id 已统一为车辆主表 series_id；原值保留在 source_series_id,pcauto_series_id:sg26902,True
2.0,奥迪,奥迪Q4 e-tron,4334,sg28384,4334,pcauto,奥迪Q4 e-tron,已统一,训练用销量 series_id 已统一为车辆主表 series_id；原值保留在 source_series_id,pcauto_series_id:sg28384,True
2.0,奥迪,奥迪Q5 e-tron,5002,sg27551,5002,pcauto,奥迪Q5 e-tron,已统一,训练用销量 series_id 已统一为车辆主表 series_id；原值保留在 source_series_id,pcauto_series_id:sg27551,True
2.0,奥迪,奥迪Q5L,2916,sg23054,2916,pcauto,奥迪Q5L,已统一,训练用销量 series_id 已统一为车辆主表 series_id；原值保留在 source_series_id,pcauto_series_id:sg23054,True
2.0,奥迪,奥迪Q5L Sportback,4989,sg27003,4989,pcauto,奥迪Q5L Sportback,已统一,训练用销量 series_id 已统一为车辆主表 series_id；原值保留在 source_series_id,pcauto_series_id:sg27003,True
2.0,奥迪,奥迪Q6,5364,sg28645,5364,pcauto,奥迪Q6,已统一,训练用销量 series_id 已统一为车辆主表 series_id；原值保留在 source_series_id,pcauto_series_id:sg28645,True
2.0,奥迪,奥迪Q6L Sportback e-tron,25079,sg30652,25079,pcauto,奥迪Q6L Sportback e-tron,已统一,训练用销量 series_id 已统一为车辆主表 series_id；原值保留在 source_series_id,pcauto_series_id:sg30652,True
2.0,奥迪,奥迪Q6L e-tron,9440,sg30431,9440,pcauto,奥迪Q6L e-tron,已统一,训练用销量 series_id 已统一为车辆主表 series_id；原值保留在 source_series_id,pcauto_series_id:sg30431,True
10362.0,奥迪AUDI,奥迪E5 Sportback,25058,sg30661,25058,pcauto,奥迪E5 Sportback,已统一,训练用销量 series_id 已统一为车辆主表 series_id；原值保留在 source_series_id,pcauto_series_id:sg30661,True
10362.0,奥迪AUDI,奥迪E7X,25846,sg31098,25846,pcauto,奥迪E7X,已统一,训练用销量 series_id 已统一为车辆主表 series_id；原值保留在 source_series_id,pcauto_series_id:sg31098,True
4.0,宝马,宝马2系,24609,sg30547,24609,pcauto,宝马2系,已统一,训练用销量 series_id 已统一为车辆主表 series_id；原值保留在 source_series_id,pcauto_series_id:sg30547,True
4.0,宝马,宝马3系,145,sg424,145,pcauto,宝马3系,已统一,训练用销量 series_id 已统一为车辆主表 series_id；原值保留在 source_series_id,pcauto_series_id:sg424,True
4.0,宝马,宝马5系,146,sg441,146,pcauto,宝马5系,已统一,训练用销量 series_id 已统一为车辆主表 series_id；原值保留在 source_series_id,pcauto_series_id:sg441,True
4.0,宝马,宝马X1,148,sg7209,148,pcauto,宝马X1,已统一,训练用销量 series_id 已统一为车辆主表 series_id；原值保留在 source_series_id,pcauto_series_id:sg7209,True
4.0,宝马,宝马X3,2812,sg11244,2812,pcauto,宝马X3,已统一,训练用销量 series_id 已统一为车辆主表 series_id；原值保留在 source_series_id,pcauto_series_id:sg11244,True
4.0,宝马,宝马X5,5273,sg28452,5273,pcauto,宝马X5,已统一,训练用销量 series_id 已统一为车辆主表 series_id；原值保留在 source_series_id,pcauto_series_id:sg28452,True
4.0,宝马,宝马i3,4838,sg28462,4838,pcauto,宝马i3,已统一,训练用销量 series_id 已统一为车辆主表 series_id；原值保留在 source_series_id,pcauto_series_id:sg28462,True
4.0,宝马,宝马i5,9224,sg30081,9224,pcauto,宝马i5,已统一,训练用销量 series_id 已统一为车辆主表 series_id；原值保留在 source_series_id,pcauto_series_id:sg30081,True
4.0,宝马,宝马iX1,8942,sg29701,8942,pcauto,宝马iX1,已统一,训练用销量 series_id 已统一为车辆主表 series_id；原值保留在 source_series_id,pcauto_series_id:sg29701,True
535.0,小米汽车,小米SU7,6187,sg29425,6187,pcauto,小米SU7,已统一,训练用销量 series_id 已统一为车辆主表 series_id；原值保留在 source_series_id,pcauto_series_id:sg29425,True
535.0,小米汽车,小米YU7,20041,sg30518,20041,pcauto,小米YU7,已统一,训练用销量 series_id 已统一为车辆主表 series_id；原值保留在 source_series_id,pcauto_series_id:sg30518,True
429.0,小虎,小虎FEV,5014,sg27422,5014,dongchedi_fill、pcauto,小虎FEV,已统一,训练用销量 series_id 已统一为车辆主表 series_id；原值保留在 source_series_id,pcauto_series_id:sg27422,True
40.0,广汽传祺,传祺GS3,1621,sg20942,1621,pcauto,传祺GS3,已统一,训练用销量 series_id 已统一为车辆主表 series_id；原值保留在 source_series_id,pcauto_series_id:sg20942,True
40.0,广汽传祺,传祺GS4,616,sg11980,616,pcauto,传祺GS4,已统一,训练用销量 series_id 已统一为车辆主表 series_id；原值保留在 source_series_id,pcauto_series_id:sg11980,True
40.0,广汽传祺,传祺GS8,617,sg14231,617,pcauto,传祺GS8,已统一,训练用销量 series_id 已统一为车辆主表 series_id；原值保留在 source_series_id,pcauto_series_id:sg14231,True
40.0,广汽传祺,传祺M6,2832,sg22683,2832,pcauto,传祺M6,已统一,训练用销量 series_id 已统一为车辆主表 series_id；原值保留在 source_series_id,pcauto_series_id:sg22683,True
40.0,广汽传祺,传祺M8,1794,sg4470,1794,pcauto,传祺M8,已统一,训练用销量 series_id 已统一为车辆主表 series_id；原值保留在 source_series_id,pcauto_series_id:sg4470,True
40.0,广汽传祺,传祺向往S7,25071,sg30662,25071,pcauto,传祺向往S7,已统一,训练用销量 series_id 已统一为车辆主表 series_id；原值保留在 source_series_id,pcauto_series_id:sg30662,True
40.0,广汽传祺,传祺向往S9,25288,sg30809,25288,pcauto,传祺向往S9,已统一,训练用销量 series_id 已统一为车辆主表 series_id；原值保留在 source_series_id,pcauto_series_id:sg30809,True
40.0,广汽传祺,影豹,4787,sg27011,4787,pcauto,影豹,已统一,训练用销量 series_id 已统一为车辆主表 series_id；原值保留在 source_series_id,pcauto_series_id:sg27011,True
40.0,广汽传祺,影酷,5468,sg28401,5468,pcauto,影酷,已统一,训练用销量 series_id 已统一为车辆主表 series_id；原值保留在 source_series_id,pcauto_series_id:sg28401,True
235.0,思皓,思皓A5,4755,sg27025,4755,pcauto,思皓A5,已统一,训练用销量 series_id 已统一为车辆主表 series_id；原值保留在 source_series_id,pcauto_series_id:sg27025,True
235.0,思皓,思皓X8 PLUS,6120,sg29124,6120,pcauto,思皓X8 PLUS,已统一,训练用销量 series_id 已统一为车辆主表 series_id；原值保留在 source_series_id,pcauto_series_id:sg29124,True
235.0,思皓,思皓花仙子,4819,sg27082,4819,dongchedi_fill、pcauto,思皓花仙子,已统一,训练用销量 series_id 已统一为车辆主表 series_id；原值保留在 source_series_id,pcauto_series_id:sg27082,True
31.0,捷豹,捷豹E-PACE,2816,sg22883,2816,pcauto,捷豹E-PACE,已统一,训练用销量 series_id 已统一为车辆主表 series_id；原值保留在 source_series_id,pcauto_series_id:sg22883,True
31.0,捷豹,捷豹XFL,798,sg14113,798,pcauto,捷豹XFL,已统一,训练用销量 series_id 已统一为车辆主表 series_id；原值保留在 source_series_id,pcauto_series_id:sg14113,True
260.0,捷达,捷达VA3,3172,sg24304,3172,pcauto,捷达VA3,已统一,训练用销量 series_id 已统一为车辆主表 series_id；原值保留在 source_series_id,pcauto_series_id:sg24304,True
260.0,捷达,捷达VA7,24893,sg30642,24893,pcauto,捷达VA7,已统一,训练用销量 series_id 已统一为车辆主表 series_id；原值保留在 source_series_id,pcauto_series_id:sg30642,True
260.0,捷达,捷达VS5,3171,sg24305,3171,pcauto,捷达VS5,已统一,训练用销量 series_id 已统一为车辆主表 series_id；原值保留在 source_series_id,pcauto_series_id:sg24305,True
260.0,捷达,捷达VS7,3276,sg24306,3276,pcauto,捷达VS7,已统一,训练用销量 series_id 已统一为车辆主表 series_id；原值保留在 source_series_id,pcauto_series_id:sg24306,True
260.0,捷达,捷达VS8,9264,sg30896,9264,pcauto,捷达VS8,已统一,训练用销量 series_id 已统一为车辆主表 series_id；原值保留在 source_series_id,pcauto_series_id:sg30896,True
209.0,捷途,捷途X70,1938,sg22643,1938,pcauto,捷途X70,已统一,训练用销量 series_id 已统一为车辆主表 series_id；原值保留在 source_series_id,pcauto_series_id:sg22643,True
209.0,捷途,捷途X90 C-DM,25349,sg30824,25349,pcauto,捷途X90 C-DM,已统一,训练用销量 series_id 已统一为车辆主表 series_id；原值保留在 source_series_id,pcauto_series_id:sg30824,True
209.0,捷途,捷途X90 PLUS,5082,sg27513,5082,pcauto,捷途X90 PLUS,已统一,训练用销量 series_id 已统一为车辆主表 series_id；原值保留在 source_series_id,pcauto_series_id:sg27513,True
209.0,捷途,捷途大圣,5244,sg28444,5244,pcauto,捷途大圣,已统一,训练用销量 series_id 已统一为车辆主表 series_id；原值保留在 source_series_id,pcauto_series_id:sg28444,True
209.0,捷途,捷途旅行者,5563,sg28569,5563,pcauto,捷途旅行者,已统一,训练用销量 series_id 已统一为车辆主表 series_id；原值保留在 source_series_id,pcauto_series_id:sg28569,True
209.0,捷途,捷途自由者,24612,sg30555,24612,pcauto,捷途自由者,已统一,训练用销量 series_id 已统一为车辆主表 series_id；原值保留在 source_series_id,pcauto_series_id:sg30555,True
23.0,斯柯达,明锐,1241,sg2453,1241,pcauto,明锐,已统一,训练用销量 series_id 已统一为车辆主表 series_id；原值保留在 source_series_id,pcauto_series_id:sg2453,True
23.0,斯柯达,柯珞克,1661,sg22087,1661,pcauto,柯珞克,已统一,训练用销量 series_id 已统一为车辆主表 series_id；原值保留在 source_series_id,pcauto_series_id:sg22087,True
23.0,斯柯达,柯米克,2826,sg22803,2826,pcauto,柯米克,已统一,训练用销量 series_id 已统一为车辆主表 series_id；原值保留在 source_series_id,pcauto_series_id:sg22803,True
23.0,斯柯达,柯迪亚克,1245,sg21034,1245,pcauto,柯迪亚克,已统一,训练用销量 series_id 已统一为车辆主表 series_id；原值保留在 source_series_id,pcauto_series_id:sg21034,True
23.0,斯柯达,速派,1243,sg52,1243,pcauto,速派,已统一,训练用销量 series_id 已统一为车辆主表 series_id；原值保留在 source_series_id,pcauto_series_id:sg52,True
861.0,方程豹,豹5,8884,sg29972,8884,pcauto,豹5,已统一,训练用销量 series_id 已统一为车辆主表 series_id；原值保留在 source_series_id,pcauto_series_id:sg29972,True
861.0,方程豹,豹8,9246,sg30101,9246,pcauto,豹8,已统一,训练用销量 series_id 已统一为车辆主表 series_id；原值保留在 source_series_id,pcauto_series_id:sg30101,True
861.0,方程豹,钛3,9249,sg30095,9249,pcauto,钛3,已统一,训练用销量 series_id 已统一为车辆主表 series_id；原值保留在 source_series_id,pcauto_series_id:sg30095,True
10.0,日产,ARIYA 艾睿雅,5895,sg28742,5895,dongchedi_fill、pcauto,ARIYA艾睿雅,已统一,训练用销量 series_id 已统一为车辆主表 series_id；原值保留在 source_series_id,pcauto_series_id:sg28742,False
10.0,日产,劲客,1579,sg21482,1579,pcauto,劲客,已统一,训练用销量 series_id 已统一为车辆主表 series_id；原值保留在 source_series_id,pcauto_series_id:sg21482,True
10.0,日产,天籁,1147,sg3195,1147,pcauto,天籁,已统一,训练用销量 series_id 已统一为车辆主表 series_id；原值保留在 source_series_id,pcauto_series_id:sg3195,True
10.0,日产,奇骏,1151,sg3384,1151,pcauto,奇骏,已统一,训练用销量 series_id 已统一为车辆主表 series_id；原值保留在 source_series_id,pcauto_series_id:sg3384,True
10.0,日产,日产N6,25636,sg30862,25636,pcauto,日产N6,已统一,训练用销量 series_id 已统一为车辆主表 series_id；原值保留在 source_series_id,pcauto_series_id:sg30862,True
10.0,日产,日产N7,25094,sg30655,25094,pcauto,日产N7,已统一,训练用销量 series_id 已统一为车辆主表 series_id；原值保留在 source_series_id,pcauto_series_id:sg30655,True
10.0,日产,日产NX8,25874,sg31118,25874,pcauto,日产NX8,已统一,训练用销量 series_id 已统一为车辆主表 series_id；原值保留在 source_series_id,pcauto_series_id:sg31118,True
10.0,日产,轩逸,1145,sg3996,1145,pcauto,轩逸,已统一,训练用销量 series_id 已统一为车辆主表 series_id；原值保留在 source_series_id,pcauto_series_id:sg3996,True
10.0,日产,逍客,1150,sg3127,1150,pcauto,逍客,已统一,训练用销量 series_id 已统一为车辆主表 series_id；原值保留在 source_series_id,pcauto_series_id:sg3127,True
251.0,星途,星纪元ET,8966,sg29591,8966,pcauto,星纪元 ET,已统一,训练用销量 series_id 已统一为车辆主表 series_id；原值保留在 source_series_id,pcauto_series_id:sg29591,False
251.0,星途,星途ES,8965,sg29521,8965,pcauto,星途ES,已统一,训练用销量 series_id 已统一为车辆主表 series_id；原值保留在 source_series_id,pcauto_series_id:sg29521,True
251.0,星途,星途ET5,25601,sg30934,25601,pcauto,星途ET5,已统一,训练用销量 series_id 已统一为车辆主表 series_id；原值保留在 source_series_id,pcauto_series_id:sg30934,True
251.0,星途,星途EX7,25816,sg31081,25816,pcauto,星途EX7,已统一,训练用销量 series_id 已统一为车辆主表 series_id；原值保留在 source_series_id,pcauto_series_id:sg31081,True
251.0,星途,星途凌云,4792,sg26991,4792,pcauto,星途凌云,已统一,训练用销量 series_id 已统一为车辆主表 series_id；原值保留在 source_series_id,pcauto_series_id:sg26991,True
251.0,星途,星途揽月,3720,sg24773,3720,pcauto,星途揽月,已统一,训练用销量 series_id 已统一为车辆主表 series_id；原值保留在 source_series_id,pcauto_series_id:sg24773,True
251.0,星途,星途揽月C-DM,24925,sg29656,24925,pcauto,星途揽月C-DM,已统一,训练用销量 series_id 已统一为车辆主表 series_id；原值保留在 source_series_id,pcauto_series_id:sg29656,True
251.0,星途,星途瑶光,5953,sg27511,5953,pcauto,星途瑶光,已统一,训练用销量 series_id 已统一为车辆主表 series_id；原值保留在 source_series_id,pcauto_series_id:sg27511,True
251.0,星途,星途瑶光C-DM,8967,sg29655,8967,pcauto,星途瑶光C-DM,已统一,训练用销量 series_id 已统一为车辆主表 series_id；原值保留在 source_series_id,pcauto_series_id:sg29655,True
251.0,星途,星途追风,3083,sg22988,3083,pcauto,星途追风,已统一,训练用销量 series_id 已统一为车辆主表 series_id；原值保留在 source_series_id,pcauto_series_id:sg22988,True
251.0,星途,星途追风C-DM,5567,sg28572,5567,dongchedi_fill、pcauto,星途追风C-DM,已统一,训练用销量 series_id 已统一为车辆主表 series_id；原值保留在 source_series_id,pcauto_series_id:sg28572,True
419.0,智己汽车,智己L6,9660,sg30356,9660,pcauto,智己L6,已统一,训练用销量 series_id 已统一为车辆主表 series_id；原值保留在 source_series_id,pcauto_series_id:sg30356,True
419.0,智己汽车,智己L7,4870,sg27191,4870,pcauto,智己L7,已统一,训练用销量 series_id 已统一为车辆主表 series_id；原值保留在 source_series_id,pcauto_series_id:sg27191,True
419.0,智己汽车,智己LS6,9118,sg29991,9118,pcauto,智己LS6,已统一,训练用销量 series_id 已统一为车辆主表 series_id；原值保留在 source_series_id,pcauto_series_id:sg29991,True
419.0,智己汽车,智己LS7,4869,sg27192,4869,pcauto,智己LS7,已统一,训练用销量 series_id 已统一为车辆主表 series_id；原值保留在 source_series_id,pcauto_series_id:sg27192,True
419.0,智己汽车,智己LS8,25877,sg31117,25877,pcauto,智己LS8,已统一,训练用销量 series_id 已统一为车辆主表 series_id；原值保留在 source_series_id,pcauto_series_id:sg31117,True
419.0,智己汽车,智己LS9,25607,sg30924,25607,pcauto,智己LS9,已统一,训练用销量 series_id 已统一为车辆主表 series_id；原值保留在 source_series_id,pcauto_series_id:sg30924,True
867.0,曹操汽车,曹操60,8930,sg29541,8930,pcauto,曹操60,已统一,训练用销量 series_id 已统一为车辆主表 series_id；原值保留在 source_series_id,pcauto_series_id:sg29541,True
9.0,本田,东风本田S7,10128,sg30424,10128,pcauto,东风本田S7,已统一,训练用销量 series_id 已统一为车辆主表 series_id；原值保留在 source_series_id,pcauto_series_id:sg30424,True
9.0,本田,冠道,292,sg14252,292,pcauto,冠道,已统一,训练用销量 series_id 已统一为车辆主表 series_id；原值保留在 source_series_id,pcauto_series_id:sg14252,True
9.0,本田,型格,5340,sg28005,5340,pcauto,型格,已统一,训练用销量 series_id 已统一为车辆主表 series_id；原值保留在 source_series_id,pcauto_series_id:sg28005,True
9.0,本田,奥德赛,291,sg3565,291,pcauto,奥德赛,已统一,训练用销量 series_id 已统一为车辆主表 series_id；原值保留在 source_series_id,pcauto_series_id:sg3565,True
9.0,本田,广汽本田P7,10127,sg30423,10127,pcauto,广汽本田P7,已统一,训练用销量 series_id 已统一为车辆主表 series_id；原值保留在 source_series_id,pcauto_series_id:sg30423,True
9.0,本田,思域,276,sg1726,276,pcauto,思域,已统一,训练用销量 series_id 已统一为车辆主表 series_id；原值保留在 source_series_id,pcauto_series_id:sg1726,True
9.0,本田,本田CR-V,280,sg631,280,pcauto,本田CR-V,已统一,训练用销量 series_id 已统一为车辆主表 series_id；原值保留在 source_series_id,pcauto_series_id:sg631,True
9.0,本田,本田HR-V,6036,sg28953,6036,pcauto,本田HR-V,已统一,训练用销量 series_id 已统一为车辆主表 series_id；原值保留在 source_series_id,pcauto_series_id:sg28953,True
9.0,本田,本田LIFE,4663,sg26573,4663,pcauto,本田LIFE,已统一,训练用销量 series_id 已统一为车辆主表 series_id；原值保留在 source_series_id,pcauto_series_id:sg26573,True
9.0,本田,本田UR-V,281,sg20934,281,pcauto,本田UR-V,已统一,训练用销量 series_id 已统一为车辆主表 series_id；原值保留在 source_series_id,pcauto_series_id:sg20934,True
9.0,本田,本田XR-V,279,sg11382,279,pcauto,本田XR-V,已统一,训练用销量 series_id 已统一为车辆主表 series_id；原值保留在 source_series_id,pcauto_series_id:sg11382,True
9.0,本田,皓影,4079,sg25152,4079,pcauto,皓影,已统一,训练用销量 series_id 已统一为车辆主表 series_id；原值保留在 source_series_id,pcauto_series_id:sg25152,True
9.0,本田,缤智,288,sg10791,288,pcauto,缤智,已统一,训练用销量 series_id 已统一为车辆主表 series_id；原值保留在 source_series_id,pcauto_series_id:sg10791,True
9.0,本田,艾力绅,282,sg7989,282,pcauto,艾力绅,已统一,训练用销量 series_id 已统一为车辆主表 series_id；原值保留在 source_series_id,pcauto_series_id:sg7989,True
9.0,本田,英仕派,2875,sg22980,2875,pcauto,英仕派,已统一,训练用销量 series_id 已统一为车辆主表 series_id；原值保留在 source_series_id,pcauto_series_id:sg22980,True
9.0,本田,雅阁,289,sg90,289,pcauto,雅阁,已统一,训练用销量 series_id 已统一为车辆主表 series_id；原值保留在 source_series_id,pcauto_series_id:sg90,True
62.0,林肯,冒险家,3981,sg25099,3981,pcauto,冒险家,已统一,训练用销量 series_id 已统一为车辆主表 series_id；原值保留在 source_series_id,pcauto_series_id:sg25099,True
62.0,林肯,林肯Z,5440,sg28261,5440,pcauto,林肯Z,已统一,训练用销量 series_id 已统一为车辆主表 series_id；原值保留在 source_series_id,pcauto_series_id:sg28261,True
62.0,林肯,航海家,4537,sg26401,4537,pcauto,航海家,已统一,训练用销量 series_id 已统一为车辆主表 series_id；原值保留在 source_series_id,pcauto_series_id:sg26401,True
62.0,林肯,飞行家,4339,sg26461,4339,pcauto,飞行家,已统一,训练用销量 series_id 已统一为车辆主表 series_id；原值保留在 source_series_id,pcauto_series_id:sg26461,True
61.0,标致,标致4008,340,sg20545,340,pcauto,标致4008,已统一,训练用销量 series_id 已统一为车辆主表 series_id；原值保留在 source_series_id,pcauto_series_id:sg20545,True
61.0,标致,标致408,336,sg4447,336,pcauto,标致408,已统一,训练用销量 series_id 已统一为车辆主表 series_id；原值保留在 source_series_id,pcauto_series_id:sg4447,True
61.0,标致,标致408X,5992,sg28881,5992,pcauto,标致408X,已统一,训练用销量 series_id 已统一为车辆主表 series_id；原值保留在 source_series_id,pcauto_series_id:sg28881,True
61.0,标致,标致5008,341,sg21224,341,pcauto,标致5008,已统一,训练用销量 series_id 已统一为车辆主表 series_id；原值保留在 source_series_id,pcauto_series_id:sg21224,True
238.0,欧拉,欧拉好猫,4635,sg26572,4635,pcauto,欧拉好猫,已统一,训练用销量 series_id 已统一为车辆主表 series_id；原值保留在 source_series_id,pcauto_series_id:sg26572,True
238.0,欧拉,欧拉芭蕾猫,5297,sg27932,5297,pcauto,欧拉芭蕾猫,已统一,训练用销量 series_id 已统一为车辆主表 series_id；原值保留在 source_series_id,pcauto_series_id:sg27932,True
238.0,欧拉,欧拉闪电猫,5053,sg27476,5053,pcauto,欧拉闪电猫,已统一,训练用销量 series_id 已统一为车辆主表 series_id；原值保留在 source_series_id,pcauto_series_id:sg27476,True
16.0,比亚迪,元PLUS,5248,sg27808,5248,pcauto,元PLUS,已统一,训练用销量 series_id 已统一为车辆主表 series_id；原值保留在 source_series_id,pcauto_series_id:sg27808,True
16.0,比亚迪,元UP,9689,sg30301,9689,pcauto,元UP,已统一,训练用销量 series_id 已统一为车辆主表 series_id；原值保留在 source_series_id,pcauto_series_id:sg30301,True
16.0,比亚迪,夏,24597,sg30571,24597,pcauto,夏,已统一,训练用销量 series_id 已统一为车辆主表 series_id；原值保留在 source_series_id,pcauto_series_id:sg30571,True
16.0,比亚迪,宋L EV,8979,sg29661,8979,pcauto,宋L EV,已统一,训练用销量 series_id 已统一为车辆主表 series_id；原值保留在 source_series_id,pcauto_series_id:sg29661,True
16.0,比亚迪,比亚迪D1,4638,sg26994,4638,pcauto,比亚迪D1,已统一,训练用销量 series_id 已统一为车辆主表 series_id；原值保留在 source_series_id,pcauto_series_id:sg26994,True
16.0,比亚迪,比亚迪M9,25579,sg30914,25579,pcauto,比亚迪M9,已统一,训练用销量 series_id 已统一为车辆主表 series_id；原值保留在 source_series_id,pcauto_series_id:sg30914,True
16.0,比亚迪,比亚迪e2,3455,sg24626,3455,pcauto,比亚迪e2,已统一,训练用销量 series_id 已统一为车辆主表 series_id；原值保留在 source_series_id,pcauto_series_id:sg24626,True
16.0,比亚迪,比亚迪e3,4076,sg25111,4076,pcauto,比亚迪e3,已统一,训练用销量 series_id 已统一为车辆主表 series_id；原值保留在 source_series_id,pcauto_series_id:sg25111,True
16.0,比亚迪,比亚迪e7,25188,sg30728,25188,pcauto,比亚迪e7,已统一,训练用销量 series_id 已统一为车辆主表 series_id；原值保留在 source_series_id,pcauto_series_id:sg30728,True
16.0,比亚迪,比亚迪e9,4797,sg27035,4797,pcauto,比亚迪e9,已统一,训练用销量 series_id 已统一为车辆主表 series_id；原值保留在 source_series_id,pcauto_series_id:sg27035,True
16.0,比亚迪,海狮05EV,25139,sg30704,25139,pcauto,海狮05EV,已统一,训练用销量 series_id 已统一为车辆主表 series_id；原值保留在 source_series_id,pcauto_series_id:sg30704,True
16.0,比亚迪,海狮06EV,25400,sg30836,25400,pcauto,海狮06EV,已统一,训练用销量 series_id 已统一为车辆主表 series_id；原值保留在 source_series_id,pcauto_series_id:sg30836,True
16.0,比亚迪,海狮07EV,6068,sg30273,6068,pcauto,海狮07EV,已统一,训练用销量 series_id 已统一为车辆主表 series_id；原值保留在 source_series_id,pcauto_series_id:sg30273,True
16.0,比亚迪,海豚,5008,sg27496,5008,pcauto,海豚,已统一,训练用销量 series_id 已统一为车辆主表 series_id；原值保留在 source_series_id,pcauto_series_id:sg27496,True
16.0,比亚迪,海豹,5579,sg28011,5579,pcauto,海豹,已统一,训练用销量 series_id 已统一为车辆主表 series_id；原值保留在 source_series_id,pcauto_series_id:sg28011,True
16.0,比亚迪,海豹06EV,25238,sg30794,25238,pcauto,海豹06EV,已统一,训练用销量 series_id 已统一为车辆主表 series_id；原值保留在 source_series_id,pcauto_series_id:sg30794,True
16.0,比亚迪,海豹06GT,10205,sg30439,10205,pcauto,海豹06GT,已统一,训练用销量 series_id 已统一为车辆主表 series_id；原值保留在 source_series_id,pcauto_series_id:sg30439,True
16.0,比亚迪,海豹07EV,24588,sg31123,24588,pcauto,海豹07EV,已统一,训练用销量 series_id 已统一为车辆主表 series_id；原值保留在 source_series_id,pcauto_series_id:sg31123,True
16.0,比亚迪,海鸥,5952,sg28871,5952,pcauto,海鸥,已统一,训练用销量 series_id 已统一为车辆主表 series_id；原值保留在 source_series_id,pcauto_series_id:sg28871,True
16.0,比亚迪,驱逐舰05,5290,sg27924,5290,pcauto,驱逐舰05,已统一,训练用销量 series_id 已统一为车辆主表 series_id；原值保留在 source_series_id,pcauto_series_id:sg27924,True
512.0,江淮瑞风,瑞风E3,5474,sg28391,5474,pcauto,瑞风E3,已统一,训练用销量 series_id 已统一为车辆主表 series_id；原值保留在 source_series_id,pcauto_series_id:sg28391,True
512.0,江淮瑞风,瑞风M3,768,sg10901,768,pcauto,瑞风M3,已统一,训练用销量 series_id 已统一为车辆主表 series_id；原值保留在 source_series_id,pcauto_series_id:sg10901,True
512.0,江淮瑞风,瑞风RF8,8950,sg30267,8950,pcauto,瑞风RF8,已统一,训练用销量 series_id 已统一为车辆主表 series_id；原值保留在 source_series_id,pcauto_series_id:sg30267,True
871.0,江淮钇为,爱跑,9792,sg30346,9792,pcauto,爱跑,已统一,训练用销量 series_id 已统一为车辆主表 series_id；原值保留在 source_series_id,pcauto_series_id:sg30346,True
871.0,江淮钇为,钇为3,8897,sg29732,8897,pcauto,钇为3,已统一,训练用销量 series_id 已统一为车辆主表 series_id；原值保留在 source_series_id,pcauto_series_id:sg29732,True
136.0,江铃集团新能源,易至EV2,5898,sg29235,5898,pcauto,易至EV2,已统一,训练用销量 series_id 已统一为车辆主表 series_id；原值保留在 source_series_id,pcauto_series_id:sg29235,True
136.0,江铃集团新能源,易至EV3,3028,sg23634,3028,pcauto,易至EV3,已统一,训练用销量 series_id 已统一为车辆主表 series_id；原值保留在 source_series_id,pcauto_series_id:sg23634,True
136.0,江铃集团新能源,羿,4858,sg27176,4858,pcauto,羿,已统一,训练用销量 series_id 已统一为车辆主表 series_id；原值保留在 source_series_id,pcauto_series_id:sg27176,True
136.0,江铃集团新能源,羿驰05,25194,sg30741,25194,pcauto,羿驰05,已统一,训练用销量 series_id 已统一为车辆主表 series_id；原值保留在 source_series_id,pcauto_series_id:sg30741,True
136.0,江铃集团新能源,羿驰05S,25612,sg30927,25612,pcauto,羿驰05S,已统一,训练用销量 series_id 已统一为车辆主表 series_id；原值保留在 source_series_id,pcauto_series_id:sg30927,True
24.0,沃尔沃,沃尔沃EM90,9262,sg30196,9262,dongchedi_fill、pcauto,沃尔沃EM90,已统一,训练用销量 series_id 已统一为车辆主表 series_id；原值保留在 source_series_id,pcauto_series_id:sg30196,True
24.0,沃尔沃,沃尔沃ES90,25226,sg31183,25226,pcauto,沃尔沃ES90,已统一,训练用销量 series_id 已统一为车辆主表 series_id；原值保留在 source_series_id,pcauto_series_id:sg31183,True
24.0,沃尔沃,沃尔沃EX30,9028,sg29901,9028,dongchedi_fill、pcauto,沃尔沃EX30,已统一,训练用销量 series_id 已统一为车辆主表 series_id；原值保留在 source_series_id,pcauto_series_id:sg29901,True
24.0,沃尔沃,沃尔沃EX90,6172,sg29691,6172,pcauto,沃尔沃EX90,已统一,训练用销量 series_id 已统一为车辆主表 series_id；原值保留在 source_series_id,pcauto_series_id:sg29691,True
24.0,沃尔沃,沃尔沃S60,1279,sg9767,1279,pcauto,沃尔沃S60,已统一,训练用销量 series_id 已统一为车辆主表 series_id；原值保留在 source_series_id,pcauto_series_id:sg9767,True
24.0,沃尔沃,沃尔沃S90,1281,sg20543,1281,pcauto,沃尔沃S90,已统一,训练用销量 series_id 已统一为车辆主表 series_id；原值保留在 source_series_id,pcauto_series_id:sg20543,True
24.0,沃尔沃,沃尔沃XC40,3355,sg24444,3355,pcauto,沃尔沃XC40,已统一,训练用销量 series_id 已统一为车辆主表 series_id；原值保留在 source_series_id,pcauto_series_id:sg24444,True
24.0,沃尔沃,沃尔沃XC60,1282,sg11052,1282,pcauto,沃尔沃XC60,已统一,训练用销量 series_id 已统一为车辆主表 series_id；原值保留在 source_series_id,pcauto_series_id:sg11052,True
53.0,海马,海马7X,4201,sg25699,4201,dongchedi_fill、pcauto,海马7X,已统一,训练用销量 series_id 已统一为车辆主表 series_id；原值保留在 source_series_id,pcauto_series_id:sg25699,True
515.0,深蓝汽车,深蓝G318,9211,sg30345,9211,pcauto,深蓝G318,已统一,训练用销量 series_id 已统一为车辆主表 series_id；原值保留在 source_series_id,pcauto_series_id:sg30345,True
515.0,深蓝汽车,深蓝L06,25628,sg30944,25628,pcauto,深蓝L06,已统一,训练用销量 series_id 已统一为车辆主表 series_id；原值保留在 source_series_id,pcauto_series_id:sg30944,True
515.0,深蓝汽车,深蓝L07,10214,sg30463,10214,pcauto,深蓝L07,已统一,训练用销量 series_id 已统一为车辆主表 series_id；原值保留在 source_series_id,pcauto_series_id:sg30463,True
515.0,深蓝汽车,深蓝S05,10213,sg30474,10213,pcauto,深蓝S05,已统一,训练用销量 series_id 已统一为车辆主表 series_id；原值保留在 source_series_id,pcauto_series_id:sg30474,True
515.0,深蓝汽车,深蓝S07,6027,sg28935,6027,pcauto,深蓝S07,已统一,训练用销量 series_id 已统一为车辆主表 series_id；原值保留在 source_series_id,pcauto_series_id:sg28935,True
515.0,深蓝汽车,深蓝S09,25136,sg30715,25136,pcauto,深蓝S09,已统一,训练用销量 series_id 已统一为车辆主表 series_id；原值保留在 source_series_id,pcauto_series_id:sg30715,True
515.0,深蓝汽车,深蓝SL03,5306,sg27941,5306,pcauto,深蓝SL03,已统一,训练用销量 series_id 已统一为车辆主表 series_id；原值保留在 source_series_id,pcauto_series_id:sg27941,True
901.0,灵悉,灵悉L,9428,sg30202,9428,pcauto,灵悉L,已统一,训练用销量 series_id 已统一为车辆主表 series_id；原值保留在 source_series_id,pcauto_series_id:sg30202,True
63.0,特斯拉,Model 3,3762,sg24824,3762,pcauto,Model 3,已统一,训练用销量 series_id 已统一为车辆主表 series_id；原值保留在 source_series_id,pcauto_series_id:sg24824,True
63.0,特斯拉,Model Y,4363,sg26651,4363,pcauto,Model Y,已统一,训练用销量 series_id 已统一为车辆主表 series_id；原值保留在 source_series_id,pcauto_series_id:sg26651,True
527.0,猛士,猛士917,8798,sg29119,8798,dongchedi_fill、pcauto,猛士917,已统一,训练用销量 series_id 已统一为车辆主表 series_id；原值保留在 source_series_id,pcauto_series_id:sg29119,True
527.0,猛士,猛士M817,25412,sg30858,25412,dongchedi_fill、pcauto,猛士M817,已统一,训练用销量 series_id 已统一为车辆主表 series_id；原值保留在 source_series_id,pcauto_series_id:sg30858,True
11.0,现代,EO 羿欧,25427,sg30870,25427,pcauto,EO 羿欧,已统一,训练用销量 series_id 已统一为车辆主表 series_id；原值保留在 source_series_id,pcauto_series_id:sg30870,True
11.0,现代,伊兰特,1310,sg2463,1310,pcauto,伊兰特,已统一,训练用销量 series_id 已统一为车辆主表 series_id；原值保留在 source_series_id,pcauto_series_id:sg2463,True
11.0,现代,库斯途,5034,sg27451,5034,pcauto,库斯途,已统一,训练用销量 series_id 已统一为车辆主表 series_id；原值保留在 source_series_id,pcauto_series_id:sg27451,True
11.0,现代,索纳塔,1318,sg11808,1318,pcauto,索纳塔,已统一,训练用销量 series_id 已统一为车辆主表 series_id；原值保留在 source_series_id,pcauto_series_id:sg11808,True
11.0,现代,胜达,1324,sg8000,1324,pcauto,胜达,已统一,训练用销量 series_id 已统一为车辆主表 series_id；原值保留在 source_series_id,pcauto_series_id:sg8000,True
202.0,理想汽车,理想L6,5845,sg29159,5845,pcauto,理想L6,已统一,训练用销量 series_id 已统一为车辆主表 series_id；原值保留在 source_series_id,pcauto_series_id:sg29159,True
202.0,理想汽车,理想L8,6095,sg28754,6095,pcauto,理想L8,已统一,训练用销量 series_id 已统一为车辆主表 series_id；原值保留在 source_series_id,pcauto_series_id:sg28754,True
202.0,理想汽车,理想L9,5227,sg28684,5227,pcauto,理想L9,已统一,训练用销量 series_id 已统一为车辆主表 series_id；原值保留在 source_series_id,pcauto_series_id:sg28684,True
202.0,理想汽车,理想MEGA,6067,sg28995,6067,pcauto,理想MEGA,已统一,训练用销量 series_id 已统一为车辆主表 series_id；原值保留在 source_series_id,pcauto_series_id:sg28995,True
202.0,理想汽车,理想i6,25557,sg30915,25557,pcauto,理想i6,已统一,训练用销量 series_id 已统一为车辆主表 series_id；原值保留在 source_series_id,pcauto_series_id:sg30915,True
202.0,理想汽车,理想i8,10178,sg30807,10178,pcauto,理想i8,已统一,训练用销量 series_id 已统一为车辆主表 series_id；原值保留在 source_series_id,pcauto_series_id:sg30807,True
381.0,睿蓝汽车,枫叶60s,5151,sg28601,5151,pcauto,枫叶60s,已统一,训练用销量 series_id 已统一为车辆主表 series_id；原值保留在 source_series_id,pcauto_series_id:sg28601,True
381.0,睿蓝汽车,枫叶80v,4688,sg26606,4688,pcauto,枫叶80v,已统一,训练用销量 series_id 已统一为车辆主表 series_id；原值保留在 source_series_id,pcauto_series_id:sg26606,True
381.0,睿蓝汽车,睿蓝7,5997,sg28892,5997,pcauto,睿蓝7,已统一,训练用销量 series_id 已统一为车辆主表 series_id；原值保留在 source_series_id,pcauto_series_id:sg28892,True
381.0,睿蓝汽车,睿蓝8,24939,sg30631,24939,pcauto,睿蓝8,已统一,训练用销量 series_id 已统一为车辆主表 series_id；原值保留在 source_series_id,pcauto_series_id:sg30631,True
381.0,睿蓝汽车,睿蓝9,6003,sg28883,6003,dongchedi_fill、pcauto,睿蓝9,已统一,训练用销量 series_id 已统一为车辆主表 series_id；原值保留在 source_series_id,pcauto_series_id:sg28883,True
168.0,知豆,知豆彩虹,9794,sg30391,9794,pcauto,知豆彩虹,已统一,训练用销量 series_id 已统一为车辆主表 series_id；原值保留在 source_series_id,pcauto_series_id:sg30391,True
10410.0,示界,示界06,25239,sg30808,25239,pcauto,示界06,已统一,训练用销量 series_id 已统一为车辆主表 series_id；原值保留在 source_series_id,pcauto_series_id:sg30808,True
7.0,福特,探险者,4284,sg25901,4284,pcauto,探险者,已统一,训练用销量 series_id 已统一为车辆主表 series_id；原值保留在 source_series_id,pcauto_series_id:sg25901,True
7.0,福特,福特智趣烈马,25603,sg30925,25603,pcauto,福特智趣烈马,已统一,训练用销量 series_id 已统一为车辆主表 series_id；原值保留在 source_series_id,pcauto_series_id:sg30925,True
7.0,福特,福特烈马,9350,sg30118,9350,pcauto,福特烈马,已统一,训练用销量 series_id 已统一为车辆主表 series_id；原值保留在 source_series_id,pcauto_series_id:sg30118,True
7.0,福特,蒙迪欧,579,sg2143,579,pcauto,蒙迪欧,已统一,训练用销量 series_id 已统一为车辆主表 series_id；原值保留在 source_series_id,pcauto_series_id:sg2143,True
7.0,福特,途睿欧,573,sg12622,573,pcauto,途睿欧,已统一,训练用销量 series_id 已统一为车辆主表 series_id；原值保留在 source_series_id,pcauto_series_id:sg12622,True
7.0,福特,锐际,3334,sg24504,3334,pcauto,锐际,已统一,训练用销量 series_id 已统一为车辆主表 series_id；原值保留在 source_series_id,pcauto_series_id:sg24504,True
7.0,福特,领睿,5388,sg28253,5388,pcauto,领睿,已统一,训练用销量 series_id 已统一为车辆主表 series_id；原值保留在 source_series_id,pcauto_series_id:sg28253,True
7.0,福特,领裕,4759,sg26821,4759,pcauto,领裕,已统一,训练用销量 series_id 已统一为车辆主表 series_id；原值保留在 source_series_id,pcauto_series_id:sg26821,True
57.0,福田,风景G5,3742,sg24935,3742,pcauto,风景G5,已统一,训练用销量 series_id 已统一为车辆主表 series_id；原值保留在 source_series_id,pcauto_series_id:sg24935,True
59.0,红旗,红旗E-HS9,4146,sg25651,4146,pcauto,红旗E-HS9,已统一,训练用销量 series_id 已统一为车辆主表 series_id；原值保留在 source_series_id,pcauto_series_id:sg25651,True
59.0,红旗,红旗E-QM5,5092,sg27171,5092,pcauto,红旗E-QM5,已统一,训练用销量 series_id 已统一为车辆主表 series_id；原值保留在 source_series_id,pcauto_series_id:sg27171,True
59.0,红旗,红旗EH7,8947,sg29681,8947,pcauto,红旗EH7,已统一,训练用销量 series_id 已统一为车辆主表 series_id；原值保留在 source_series_id,pcauto_series_id:sg29681,True
59.0,红旗,红旗H5,6132,sg29098,6132,pcauto,红旗H5,已统一,训练用销量 series_id 已统一为车辆主表 series_id；原值保留在 source_series_id,pcauto_series_id:sg29098,True
59.0,红旗,红旗H5 PHEV,3801,sg27471,3801,pcauto,红旗H5 PHEV,已统一,训练用销量 series_id 已统一为车辆主表 series_id；原值保留在 source_series_id,pcauto_series_id:sg27471,True
59.0,红旗,红旗H6,5417,sg29214,5417,pcauto,红旗H6,已统一,训练用销量 series_id 已统一为车辆主表 series_id；原值保留在 source_series_id,pcauto_series_id:sg29214,True
59.0,红旗,红旗H9,4355,sg25866,4355,pcauto,红旗H9,已统一,训练用销量 series_id 已统一为车辆主表 series_id；原值保留在 source_series_id,pcauto_series_id:sg25866,True
59.0,红旗,红旗HQ9,5905,sg28789,5905,pcauto,红旗HQ9,已统一,训练用销量 series_id 已统一为车辆主表 series_id；原值保留在 source_series_id,pcauto_series_id:sg28789,True
59.0,红旗,红旗HS3,6359,sg29464,6359,pcauto,红旗HS3,已统一,训练用销量 series_id 已统一为车辆主表 series_id；原值保留在 source_series_id,pcauto_series_id:sg29464,True
59.0,红旗,红旗HS3 PHEV,10120,sg30537,10120,pcauto,红旗HS3 PHEV,已统一,训练用销量 series_id 已统一为车辆主表 series_id；原值保留在 source_series_id,pcauto_series_id:sg30537,True
59.0,红旗,红旗HS5,3159,sg24184,3159,pcauto,红旗HS5,已统一,训练用销量 series_id 已统一为车辆主表 series_id；原值保留在 source_series_id,pcauto_series_id:sg24184,True
59.0,红旗,红旗HS6 PHEV,25598,sg31007,25598,pcauto,红旗HS6 PHEV,已统一,训练用销量 series_id 已统一为车辆主表 series_id；原值保留在 source_series_id,pcauto_series_id:sg31007,True
59.0,红旗,红旗HS7,2151,sg20462,2151,pcauto,红旗HS7,已统一,训练用销量 series_id 已统一为车辆主表 series_id；原值保留在 source_series_id,pcauto_series_id:sg20462,True
59.0,红旗,红旗HS7 PHEV,9825,sg30373,9825,pcauto,红旗HS7 PHEV,已统一,训练用销量 series_id 已统一为车辆主表 series_id；原值保留在 source_series_id,pcauto_series_id:sg30373,True
59.0,红旗,红旗天工05,10154,sg30453,10154,pcauto,红旗天工05,已统一,训练用销量 series_id 已统一为车辆主表 series_id；原值保留在 source_series_id,pcauto_series_id:sg30453,True
59.0,红旗,红旗天工06,10162,sg30459,10162,pcauto,红旗天工06,已统一,训练用销量 series_id 已统一为车辆主表 series_id；原值保留在 source_series_id,pcauto_series_id:sg30459,True
59.0,红旗,红旗天工08,8835,sg30355,8835,pcauto,红旗天工08,已统一,训练用销量 series_id 已统一为车辆主表 series_id；原值保留在 source_series_id,pcauto_series_id:sg30355,True
10429.0,纵横,纵横G700,25211,sg30751,25211,pcauto,纵横G700,已统一,训练用销量 series_id 已统一为车辆主表 series_id；原值保留在 source_series_id,pcauto_series_id:sg30751,True
159.0,腾势,腾势N7,6360,sg29123,6360,pcauto,腾势N7,已统一,训练用销量 series_id 已统一为车辆主表 series_id；原值保留在 source_series_id,pcauto_series_id:sg29123,True
29.0,英菲尼迪,英菲尼迪QX50,1423,sg11618,1423,pcauto,英菲尼迪QX50,已统一,训练用销量 series_id 已统一为车辆主表 series_id；原值保留在 source_series_id,pcauto_series_id:sg11618,True
29.0,英菲尼迪,英菲尼迪QX60,5294,sg27873,5294,pcauto,英菲尼迪QX60,已统一,训练用销量 series_id 已统一为车辆主表 series_id；原值保留在 source_series_id,pcauto_series_id:sg27873,True
36.0,荣威,荣威D5X DMH,9347,sg30129,9347,dongchedi_fill、pcauto,荣威D5X DMH,已统一,训练用销量 series_id 已统一为车辆主表 series_id；原值保留在 source_series_id,pcauto_series_id:sg30129,True
36.0,荣威,荣威D6,25140,sg30716,25140,pcauto,荣威D6,已统一,训练用销量 series_id 已统一为车辆主表 series_id；原值保留在 source_series_id,pcauto_series_id:sg30716,True
36.0,荣威,荣威RX5,1182,sg14143,1182,pcauto,荣威RX5,已统一,训练用销量 series_id 已统一为车辆主表 series_id；原值保留在 source_series_id,pcauto_series_id:sg14143,True
36.0,荣威,荣威i5,3041,sg23393,3041,pcauto,荣威i5,已统一,训练用销量 series_id 已统一为车辆主表 series_id；原值保留在 source_series_id,pcauto_series_id:sg23393,True
36.0,荣威,荣威i6,25925,sg21054,25925,pcauto,荣威i6,已统一,训练用销量 series_id 已统一为车辆主表 series_id；原值保留在 source_series_id,pcauto_series_id:sg21054,True
36.0,荣威,荣威iMAX8,4535,sg26445,4535,pcauto,荣威iMAX8,已统一,训练用销量 series_id 已统一为车辆主表 series_id；原值保留在 source_series_id,pcauto_series_id:sg26445,True
868.0,蓝电,蓝电E5,6204,sg29531,6204,dongchedi_fill、pcauto,蓝电E5,已统一,训练用销量 series_id 已统一为车辆主表 series_id；原值保留在 source_series_id,pcauto_series_id:sg29531,True
868.0,蓝电,蓝电E5 PLUS,24659,sg30561,24659,pcauto,蓝电E5 PLUS,已统一,训练用销量 series_id 已统一为车辆主表 series_id；原值保留在 source_series_id,pcauto_series_id:sg30561,True
112.0,蔚来,蔚来EC6,4357,sg25881,4357,pcauto,蔚来EC6,已统一,训练用销量 series_id 已统一为车辆主表 series_id；原值保留在 source_series_id,pcauto_series_id:sg25881,True
112.0,蔚来,蔚来EC7,6224,sg29226,6224,pcauto,蔚来EC7,已统一,训练用销量 series_id 已统一为车辆主表 series_id；原值保留在 source_series_id,pcauto_series_id:sg29226,True
112.0,蔚来,蔚来ES6,2843,sg23323,2843,pcauto,蔚来ES6,已统一,训练用销量 series_id 已统一为车辆主表 series_id；原值保留在 source_series_id,pcauto_series_id:sg23323,True
112.0,蔚来,蔚来ES8,1616,sg21639,1616,pcauto,蔚来ES8,已统一,训练用销量 series_id 已统一为车辆主表 series_id；原值保留在 source_series_id,pcauto_series_id:sg21639,True
112.0,蔚来,蔚来ES9,25904,sg31154,25904,pcauto,蔚来ES9,已统一,训练用销量 series_id 已统一为车辆主表 series_id；原值保留在 source_series_id,pcauto_series_id:sg31154,True
112.0,蔚来,蔚来ET5,5409,sg28446,5409,pcauto,蔚来ET5,已统一,训练用销量 series_id 已统一为车辆主表 series_id；原值保留在 source_series_id,pcauto_series_id:sg28446,True
112.0,蔚来,蔚来ET5T,9126,sg29995,9126,pcauto,蔚来ET5T,已统一,训练用销量 series_id 已统一为车辆主表 series_id；原值保留在 source_series_id,pcauto_series_id:sg29995,True
112.0,蔚来,蔚来ET7,3478,sg24611,3478,pcauto,蔚来ET7,已统一,训练用销量 series_id 已统一为车辆主表 series_id；原值保留在 source_series_id,pcauto_series_id:sg24611,True
112.0,蔚来,蔚来ET9,9707,sg30321,9707,pcauto,蔚来ET9,已统一,训练用销量 series_id 已统一为车辆主表 series_id；原值保留在 source_series_id,pcauto_series_id:sg30321,True
13.0,起亚,嘉华,1126,sg651,1126,pcauto,嘉华,已统一,训练用销量 series_id 已统一为车辆主表 series_id；原值保留在 source_series_id,pcauto_series_id:sg651,True
13.0,起亚,奕跑,2890,sg22943,2890,pcauto,奕跑,已统一,训练用销量 series_id 已统一为车辆主表 series_id；原值保留在 source_series_id,pcauto_series_id:sg22943,True
13.0,起亚,智跑,1123,sg4553,1123,pcauto,智跑,已统一,训练用销量 series_id 已统一为车辆主表 series_id；原值保留在 source_series_id,pcauto_series_id:sg4553,True
13.0,起亚,焕驰,1719,sg21624,1719,pcauto,焕驰,已统一,训练用销量 series_id 已统一为车辆主表 series_id；原值保留在 source_series_id,pcauto_series_id:sg21624,True
13.0,起亚,狮铂拓界,6070,sg28996,6070,pcauto,狮铂拓界,已统一,训练用销量 series_id 已统一为车辆主表 series_id；原值保留在 source_series_id,pcauto_series_id:sg28996,True
13.0,起亚,索奈,9494,sg30415,9494,pcauto,索奈,已统一,训练用销量 series_id 已统一为车辆主表 series_id；原值保留在 source_series_id,pcauto_series_id:sg30415,True
13.0,起亚,赛图斯,8934,sg29561,8934,pcauto,赛图斯,已统一,训练用销量 series_id 已统一为车辆主表 series_id；原值保留在 source_series_id,pcauto_series_id:sg29561,True
13.0,起亚,起亚EV5,9237,sg30091,9237,pcauto,起亚EV5,已统一,训练用销量 series_id 已统一为车辆主表 series_id；原值保留在 source_series_id,pcauto_series_id:sg30091,True
13.0,起亚,起亚EV6,4943,sg27363,4943,dongchedi_fill、pcauto,起亚EV6,已统一,训练用销量 series_id 已统一为车辆主表 series_id；原值保留在 source_series_id,pcauto_series_id:sg27363,True
13.0,起亚,起亚K3,1116,sg7889,1116,pcauto,起亚K3,已统一,训练用销量 series_id 已统一为车辆主表 series_id；原值保留在 source_series_id,pcauto_series_id:sg7889,True
19.0,路虎,揽胜极光,993,sg11374,993,pcauto,揽胜极光,已统一,训练用销量 series_id 已统一为车辆主表 series_id；原值保留在 source_series_id,pcauto_series_id:sg11374,True
35.0,长安,逸动,1455,sg26101,1455,pcauto,逸动,已统一,训练用销量 series_id 已统一为车辆主表 series_id；原值保留在 source_series_id,pcauto_series_id:sg26101,True
35.0,长安,逸达,6209,sg29217,6209,pcauto,逸达,已统一,训练用销量 series_id 已统一为车辆主表 series_id；原值保留在 source_series_id,pcauto_series_id:sg29217,True
35.0,长安,锐程PLUS,6147,sg29137,6147,pcauto,锐程PLUS,已统一,训练用销量 series_id 已统一为车辆主表 series_id；原值保留在 source_series_id,pcauto_series_id:sg29137,True
35.0,长安,长安CS35 PLUS,3052,sg23663,3052,dongchedi_fill、pcauto,长安CS35PLUS,已统一,训练用销量 series_id 已统一为车辆主表 series_id；原值保留在 source_series_id,pcauto_series_id:sg23663,False
35.0,长安,长安CS55 PLUS,4223,sg25604,4223,dongchedi_fill、pcauto,长安CS55PLUS,已统一,训练用销量 series_id 已统一为车辆主表 series_id；原值保留在 source_series_id,pcauto_series_id:sg25604,False
35.0,长安,长安CS75,1462,sg9759,1462,pcauto,长安CS75,已统一,训练用销量 series_id 已统一为车辆主表 series_id；原值保留在 source_series_id,pcauto_series_id:sg9759,True
35.0,长安,长安CS75 PLUS,3196,sg24393,3196,pcauto,长安CS75 PLUS,已统一,训练用销量 series_id 已统一为车辆主表 series_id；原值保留在 source_series_id,pcauto_series_id:sg24393,True
35.0,长安,长安CS95,1463,sg9307,1463,dongchedi_fill、pcauto,长安CS95,已统一,训练用销量 series_id 已统一为车辆主表 series_id；原值保留在 source_series_id,pcauto_series_id:sg9307,True
35.0,长安,长安UNI-K,4783,sg26841,4783,dongchedi_fill、pcauto,长安UNI-K,已统一,训练用销量 series_id 已统一为车辆主表 series_id；原值保留在 source_series_id,pcauto_series_id:sg26841,True
35.0,长安,长安UNI-K 智电iDD,5216,sg28032,5216,pcauto,长安UNI-K 智电iDD,已统一,训练用销量 series_id 已统一为车辆主表 series_id；原值保留在 source_series_id,pcauto_series_id:sg28032,True
35.0,长安,长安UNI-T,4353,sg25903,4353,pcauto,长安UNI-T,已统一,训练用销量 series_id 已统一为车辆主表 series_id；原值保留在 source_series_id,pcauto_series_id:sg25903,True
35.0,长安,长安UNI-V,5288,sg27881,5288,pcauto,长安UNI-V,已统一,训练用销量 series_id 已统一为车辆主表 series_id；原值保留在 source_series_id,pcauto_series_id:sg27881,True
35.0,长安,长安UNI-V 智电iDD,5923,sg28788,5923,pcauto,长安UNI-V 智电iDD,已统一,训练用销量 series_id 已统一为车辆主表 series_id；原值保留在 source_series_id,pcauto_series_id:sg28788,True
35.0,长安,长安X5 PLUS,9683,sg30322,9683,dongchedi_fill、pcauto,长安X5 PLUS,已统一,训练用销量 series_id 已统一为车辆主表 series_id；原值保留在 source_series_id,pcauto_series_id:sg30322,True
35.0,长安,长安X7 PLUS,9684,sg30323,9684,dongchedi_fill、pcauto,长安X7 PLUS,已统一,训练用销量 series_id 已统一为车辆主表 series_id；原值保留在 source_series_id,pcauto_series_id:sg30323,True
171.0,长安凯程,欧诺S,1475,sg7739,1475,pcauto,欧诺S,已统一,训练用销量 series_id 已统一为车辆主表 series_id；原值保留在 source_series_id,pcauto_series_id:sg7739,True
870.0,长安启源,长安Lumin,5859,sg28707,5859,pcauto,长安Lumin,已统一,训练用销量 series_id 已统一为车辆主表 series_id；原值保留在 source_series_id,pcauto_series_id:sg28707,True
870.0,长安启源,长安启源A05,9129,sg29993,9129,pcauto,长安启源A05,已统一,训练用销量 series_id 已统一为车辆主表 series_id；原值保留在 source_series_id,pcauto_series_id:sg29993,True
870.0,长安启源,长安启源A06,25486,sg30002,25486,pcauto,长安启源A06,已统一,训练用销量 series_id 已统一为车辆主表 series_id；原值保留在 source_series_id,pcauto_series_id:sg30002,True
870.0,长安启源,长安启源A07,8958,sg29653,8958,pcauto,长安启源A07,已统一,训练用销量 series_id 已统一为车辆主表 series_id；原值保留在 source_series_id,pcauto_series_id:sg29653,True
870.0,长安启源,长安启源E07,9642,sg30357,9642,pcauto,长安启源E07,已统一,训练用销量 series_id 已统一为车辆主表 series_id；原值保留在 source_series_id,pcauto_series_id:sg30357,True
870.0,长安启源,长安启源Q05,25634,sg31012,25634,dongchedi_fill、pcauto,长安启源Q05,已统一,训练用销量 series_id 已统一为车辆主表 series_id；原值保留在 source_series_id,pcauto_series_id:sg31012,True
870.0,长安启源,长安启源Q07,25132,sg30714,25132,pcauto,长安启源Q07,已统一,训练用销量 series_id 已统一为车辆主表 series_id；原值保留在 source_series_id,pcauto_series_id:sg30714,True
119.0,长安欧尚,长安欧尚520,24932,sg30626,24932,pcauto,长安欧尚520,已统一,训练用销量 series_id 已统一为车辆主表 series_id；原值保留在 source_series_id,pcauto_series_id:sg30626,True
119.0,长安欧尚,长安欧尚Z6,5439,sg28262,5439,pcauto,长安欧尚Z6,已统一,训练用销量 series_id 已统一为车辆主表 series_id；原值保留在 source_series_id,pcauto_series_id:sg28262,True
475.0,阿维塔,阿维塔 06,10230,sg30703,10230,pcauto,阿维塔06,已统一,训练用销量 series_id 已统一为车辆主表 series_id；原值保留在 source_series_id,pcauto_series_id:sg30703,False
475.0,阿维塔,阿维塔 07,10033,sg30462,10033,pcauto,阿维塔07,已统一,训练用销量 series_id 已统一为车辆主表 series_id；原值保留在 source_series_id,pcauto_series_id:sg30462,False
475.0,阿维塔,阿维塔 11,5308,sg28312,5308,pcauto,阿维塔11,已统一,训练用销量 series_id 已统一为车辆主表 series_id；原值保留在 source_series_id,pcauto_series_id:sg28312,False
475.0,阿维塔,阿维塔 12,8834,sg29447,8834,pcauto,阿维塔12,已统一,训练用销量 series_id 已统一为车辆主表 series_id；原值保留在 source_series_id,pcauto_series_id:sg29447,False
6.0,雪佛兰,创酷,1357,sg10400,1357,pcauto,创酷,已统一,训练用销量 series_id 已统一为车辆主表 series_id；原值保留在 source_series_id,pcauto_series_id:sg10400,True
6.0,雪佛兰,开拓者,4196,sg24103,4196,pcauto,开拓者,已统一,训练用销量 series_id 已统一为车辆主表 series_id；原值保留在 source_series_id,pcauto_series_id:sg24103,True
6.0,雪佛兰,探界者,1359,sg21013,1359,pcauto,探界者,已统一,训练用销量 series_id 已统一为车辆主表 series_id；原值保留在 source_series_id,pcauto_series_id:sg21013,True
6.0,雪佛兰,探界者Plus,9693,sg30119,9693,pcauto,探界者Plus,已统一,训练用销量 series_id 已统一为车辆主表 series_id；原值保留在 source_series_id,pcauto_series_id:sg30119,True
6.0,雪佛兰,星迈罗,5897,sg28751,5897,pcauto,星迈罗,已统一,训练用销量 series_id 已统一为车辆主表 series_id；原值保留在 source_series_id,pcauto_series_id:sg28751,True
21.0,雪铁龙,凡尔赛C5 X,5048,sg27461,5048,pcauto,凡尔赛C5 X,已统一,训练用销量 series_id 已统一为车辆主表 series_id；原值保留在 source_series_id,pcauto_series_id:sg27461,True
21.0,雪铁龙,天逸 C5 AIRCROSS,1642,sg21412,1642,pcauto,天逸 C5 AIRCROSS,已统一,训练用销量 series_id 已统一为车辆主表 series_id；原值保留在 source_series_id,pcauto_series_id:sg21412,True
207.0,零跑汽车,零跑A10,9267,sg31064,9267,pcauto,零跑A10,已统一,训练用销量 series_id 已统一为车辆主表 series_id；原值保留在 source_series_id,pcauto_series_id:sg31064,True
207.0,零跑汽车,零跑B01,9266,sg30816,9266,pcauto,零跑B01,已统一,训练用销量 series_id 已统一为车辆主表 series_id；原值保留在 source_series_id,pcauto_series_id:sg30816,True
207.0,零跑汽车,零跑B10,9268,sg30594,9268,pcauto,零跑B10,已统一,训练用销量 series_id 已统一为车辆主表 series_id；原值保留在 source_series_id,pcauto_series_id:sg30594,True
207.0,零跑汽车,零跑C10,9307,sg30113,9307,pcauto,零跑C10,已统一,训练用销量 series_id 已统一为车辆主表 series_id；原值保留在 source_series_id,pcauto_series_id:sg30113,True
207.0,零跑汽车,零跑C11,4731,sg24496,4731,pcauto,零跑C11,已统一,训练用销量 series_id 已统一为车辆主表 series_id；原值保留在 source_series_id,pcauto_series_id:sg24496,True
207.0,零跑汽车,零跑C16,10125,sg30422,10125,dongchedi_fill、pcauto,零跑C16,已统一,训练用销量 series_id 已统一为车辆主表 series_id；原值保留在 source_series_id,pcauto_series_id:sg30422,True
207.0,零跑汽车,零跑D19,25718,sg31006,25718,pcauto,零跑D19,已统一,训练用销量 series_id 已统一为车辆主表 series_id；原值保留在 source_series_id,pcauto_series_id:sg31006,True
207.0,零跑汽车,零跑Lafa5,25682,sg30983,25682,pcauto,零跑Lafa5,已统一,训练用销量 series_id 已统一为车辆主表 series_id；原值保留在 source_series_id,pcauto_series_id:sg30983,True
207.0,零跑汽车,零跑T03,4272,sg25653,4272,pcauto,零跑T03,已统一,训练用销量 series_id 已统一为车辆主表 series_id；原值保留在 source_series_id,pcauto_series_id:sg25653,True
174.0,领克,领克01,1622,sg20922,1622,dongchedi_fill、pcauto,领克01,已统一,训练用销量 series_id 已统一为车辆主表 series_id；原值保留在 source_series_id,pcauto_series_id:sg20922,True
174.0,领克,领克03,1623,sg21568,1623,pcauto,领克03,已统一,训练用销量 series_id 已统一为车辆主表 series_id；原值保留在 source_series_id,pcauto_series_id:sg21568,True
174.0,领克,领克05,3463,sg24463,3463,pcauto,领克05,已统一,训练用销量 series_id 已统一为车辆主表 series_id；原值保留在 source_series_id,pcauto_series_id:sg24463,True
174.0,领克,领克06,4342,sg25991,4342,pcauto,领克06,已统一,训练用销量 series_id 已统一为车辆主表 series_id；原值保留在 source_series_id,pcauto_series_id:sg25991,True
174.0,领克,领克09,5081,sg27502,5081,pcauto,领克09,已统一,训练用销量 series_id 已统一为车辆主表 series_id；原值保留在 source_series_id,pcauto_series_id:sg27502,True
174.0,领克,领克10,26030,sg30905,26030,pcauto,领克10,已统一,训练用销量 series_id 已统一为车辆主表 series_id；原值保留在 source_series_id,pcauto_series_id:sg30905,True
174.0,领克,领克900,25161,sg30732,25161,pcauto,领克900,已统一,训练用销量 series_id 已统一为车辆主表 series_id；原值保留在 source_series_id,pcauto_series_id:sg30732,True
174.0,领克,领克Z20,24535,sg30539,24535,pcauto,领克Z20,已统一,训练用销量 series_id 已统一为车辆主表 series_id；原值保留在 source_series_id,pcauto_series_id:sg30539,True
401.0,飞凡汽车,飞凡F7,6137,sg29146,6137,pcauto,飞凡F7,已统一,训练用销量 series_id 已统一为车辆主表 series_id；原值保留在 source_series_id,pcauto_series_id:sg29146,True
401.0,飞凡汽车,飞凡R7,4980,sg27402,4980,dongchedi_fill、pcauto,飞凡R7,已统一,训练用销量 series_id 已统一为车辆主表 series_id；原值保留在 source_series_id,pcauto_series_id:sg27402,True
15.0,马自达,马自达3 昂克赛拉,1014,sg10280,1014,pcauto,马自达3 昂克赛拉,已统一,训练用销量 series_id 已统一为车辆主表 series_id；原值保留在 source_series_id,pcauto_series_id:sg10280,True
15.0,马自达,马自达CX-30,4381,sg26311,4381,pcauto,马自达CX-30,已统一,训练用销量 series_id 已统一为车辆主表 series_id；原值保留在 source_series_id,pcauto_series_id:sg26311,True
15.0,马自达,马自达CX-5,1016,sg9306,1016,pcauto,马自达CX-5,已统一,训练用销量 series_id 已统一为车辆主表 series_id；原值保留在 source_series_id,pcauto_series_id:sg9306,True
15.0,马自达,马自达CX-50行也,6313,sg29377,6313,pcauto,马自达CX-50行也,已统一,训练用销量 series_id 已统一为车辆主表 series_id；原值保留在 source_series_id,pcauto_series_id:sg29377,True
15.0,马自达,马自达EZ-6,10137,sg30443,10137,pcauto,马自达EZ-6,已统一,训练用销量 series_id 已统一为车辆主表 series_id；原值保留在 source_series_id,pcauto_series_id:sg30443,True
15.0,马自达,马自达EZ-60,25345,sg30460,25345,pcauto,马自达EZ-60,已统一,训练用销量 series_id 已统一为车辆主表 series_id；原值保留在 source_series_id,pcauto_series_id:sg30460,True
39.0,五菱汽车,五菱Air ev晴空,5896,sg28748,sg28748,pcauto,五菱Air ev晴空,已统一,品牌去除“汽车”后相同，规范化车系名唯一精确一致，能源标记不冲突,pcauto_series_id:sg28748,True
39.0,五菱汽车,五菱佳辰,5827,sg28681,sg28681,pcauto,五菱佳辰,已统一,品牌去除“汽车”后相同，规范化车系名唯一精确一致，能源标记不冲突,pcauto_series_id:sg28681,True
39.0,五菱汽车,五菱宏光,1290,sg4613,sg4613,pcauto,五菱宏光,已统一,品牌去除“汽车”后相同，规范化车系名唯一精确一致，能源标记不冲突,pcauto_series_id:sg4613,True
39.0,五菱汽车,五菱征程,4901,sg27762,sg27762,pcauto,五菱征程,已统一,品牌去除“汽车”后相同，规范化车系名唯一精确一致，能源标记不冲突,pcauto_series_id:sg27762,True
39.0,五菱汽车,五菱星云,9032,sg29851,sg29851,pcauto,五菱星云,已统一,品牌去除“汽车”后相同，规范化车系名唯一精确一致，能源标记不冲突,pcauto_series_id:sg29851,True
39.0,五菱汽车,五菱星辰,5037,sg27453,sg27453,pcauto,五菱星辰,已统一,品牌去除“汽车”后相同，规范化车系名唯一精确一致，能源标记不冲突,pcauto_series_id:sg27453,True
39.0,五菱汽车,五菱星驰,5982,sg28864,sg28864,pcauto,五菱星驰,已统一,品牌去除“汽车”后相同，规范化车系名唯一精确一致，能源标记不冲突,pcauto_series_id:sg28864,True
39.0,五菱汽车,五菱缤果,6266,sg29303,sg29303,pcauto,五菱缤果,已统一,品牌去除“汽车”后相同，规范化车系名唯一精确一致，能源标记不冲突,pcauto_series_id:sg29303,True
39.0,五菱汽车,五菱缤果PLUS,9924,sg30353,sg30353,pcauto,五菱缤果PLUS,已统一,品牌去除“汽车”后相同，规范化车系名唯一精确一致，能源标记不冲突,pcauto_series_id:sg30353,True
195.0,小鹏汽车,小鹏G6,8895,sg29372,sg29372,pcauto,小鹏G6,已统一,品牌去除“汽车”后相同，规范化车系名唯一精确一致，能源标记不冲突,pcauto_series_id:sg29372,True
195.0,小鹏汽车,小鹏G7,6391,sg30708,sg30708,pcauto,小鹏G7,已统一,品牌去除“汽车”后相同，规范化车系名唯一精确一致，能源标记不冲突,pcauto_series_id:sg30708,True
195.0,小鹏汽车,小鹏G9,5461,sg28341,sg28341,pcauto,小鹏G9,已统一,品牌去除“汽车”后相同，规范化车系名唯一精确一致，能源标记不冲突,pcauto_series_id:sg28341,True
195.0,小鹏汽车,小鹏GX,25621,sg30908,sg30908,pcauto,小鹏GX,已统一,品牌去除“汽车”后相同，规范化车系名唯一精确一致，能源标记不冲突,pcauto_series_id:sg30908,True
195.0,小鹏汽车,小鹏MONA M03,10170,sg30174,sg30174,pcauto,小鹏MONA M03,已统一,品牌去除“汽车”后相同，规范化车系名唯一精确一致，能源标记不冲突,pcauto_series_id:sg30174,True
195.0,小鹏汽车,小鹏P7,3352,sg24513,sg24513,pcauto,小鹏P7,已统一,品牌去除“汽车”后相同，规范化车系名唯一精确一致，能源标记不冲突,pcauto_series_id:sg24513,True
195.0,小鹏汽车,小鹏P7+,9761,sg30372,sg30372,pcauto,小鹏P7+,已统一,品牌去除“汽车”后相同，规范化车系名唯一精确一致，能源标记不冲突,pcauto_series_id:sg30372,True
195.0,小鹏汽车,小鹏X9,6294,sg29369,sg29369,pcauto,小鹏X9,已统一,品牌去除“汽车”后相同，规范化车系名唯一精确一致，能源标记不冲突,pcauto_series_id:sg29369,True
395.0,岚图,岚图FREE,4760,sg26835,sg26835,pcauto,岚图FREE,已统一,品牌去除“汽车”后相同，规范化车系名唯一精确一致，能源标记不冲突,pcauto_series_id:sg26835,True
395.0,岚图,岚图知音,10177,sg30475,sg30475,pcauto,岚图知音,已统一,品牌去除“汽车”后相同，规范化车系名唯一精确一致，能源标记不冲突,pcauto_series_id:sg30475,True
395.0,岚图,岚图追光L,25647,sg31015,sg31015,pcauto,岚图追光L,已统一,品牌去除“汽车”后相同，规范化车系名唯一精确一致，能源标记不冲突,pcauto_series_id:sg31015,True
882.0,江淮汽车,江淮A5 PLUS,8962,sg29951,sg29951,pcauto,江淮A5 PLUS,已统一,品牌去除“汽车”后相同，规范化车系名唯一精确一致，能源标记不冲突,pcauto_series_id:sg29951,True
882.0,江淮汽车,江淮QX PHEV,8975,sg30117,sg30117,pcauto,江淮QX PHEV,已统一,品牌去除“汽车”后相同，规范化车系名唯一精确一致，能源标记不冲突,pcauto_series_id:sg30117,True
882.0,江淮汽车,江淮X8 E家,9831,sg30567,sg30567,pcauto,江淮X8 E家,已统一,品牌去除“汽车”后相同，规范化车系名唯一精确一致，能源标记不冲突,pcauto_series_id:sg30567,True
882.0,江淮汽车,江淮X8 PLUS,9486,sg30195,sg30195,pcauto,江淮X8 PLUS,已统一,品牌去除“汽车”后相同，规范化车系名唯一精确一致，能源标记不冲突,pcauto_series_id:sg30195,True
247.0,领途汽车,领途E-M8,24705,sg30568,sg30568,pcauto,领途E-M8,已统一,品牌去除“汽车”后相同，规范化车系名唯一精确一致，能源标记不冲突,pcauto_series_id:sg30568,True
247.0,领途汽车,领途M8,24858,sg30717,sg30717,pcauto,领途M8,已统一,品牌去除“汽车”后相同，规范化车系名唯一精确一致，能源标记不冲突,pcauto_series_id:sg30717,True
142.0,凯翼,轩度EV,6059,sg28982,sg28982,pcauto,轩度EV,已统一,定向补采成功并按显式ID映射对齐,pcauto_series_id:sg28982,True
78.0,北京汽车制造厂,北汽L6H,25741,25741,25741,pcauto,北汽L6H,已统一,定向补采成功并按显式ID映射对齐,pcauto_series_id:25741,True
4.0,宝马,宝马iX3,4538,sg26403,sg26403,pcauto,宝马iX3,已统一,定向补采成功并按显式ID映射对齐,pcauto_series_id:sg26403,True
209.0,捷途,捷途X90,2849,sg22941,sg22941,pcauto,捷途X90,已统一,定向补采成功并按显式ID映射对齐,pcauto_series_id:sg22941,True
53.0,海马,海马INJOY,24803,sg30727,sg30727,pcauto,海马INJOY,已统一,定向补采成功并按显式ID映射对齐,pcauto_series_id:sg30727,True
858.0,吉利银河,银河L7,8830,sg29484,sg29484,pcauto,银河L7,已统一,定向补采成功并按显式ID映射对齐,pcauto_series_id:sg29484,True
1.0,大众,桑塔纳,sg100,sg100,sg100,pcauto,桑塔纳,系列级补采,"太平洋汽车补采系列级数据, sg直接对齐, 无数字ID",销量源与pcauto同ID(sgXXX),True
61.0,标致,标致2008,sg10059,sg10059,sg10059,pcauto,标致2008,系列级补采,"太平洋汽车补采系列级数据, sg直接对齐, 无数字ID",销量源与pcauto同ID(sgXXX),True
23.0,斯柯达,昕动,sg10070,sg10070,sg10070,pcauto,昕动,系列级补采,"太平洋汽车补采系列级数据, sg直接对齐, 无数字ID",销量源与pcauto同ID(sgXXX),True
16.0,比亚迪,比亚迪F3,sg1044,sg1044,sg1044,pcauto,比亚迪F3,系列级补采,"太平洋汽车补采系列级数据, sg直接对齐, 无数字ID",销量源与pcauto同ID(sgXXX),True
68.0,北京汽车,绅宝D50,sg10530,sg10530,sg10530,pcauto,绅宝D50,系列级补采,"太平洋汽车补采系列级数据, sg直接对齐, 无数字ID",销量源与pcauto同ID(sgXXX),True
,宝骏,宝骏730,sg10540,sg10540,sg10540,pcauto,宝骏730,系列级补采,"太平洋汽车补采系列级数据, sg直接对齐, 无数字ID",销量源与pcauto同ID(sgXXX),True
11.0,现代,途胜L,sg1074,sg1074,sg1074,pcauto,途胜L,系列级补采,"太平洋汽车补采系列级数据, sg直接对齐, 无数字ID",销量源与pcauto同ID(sgXXX),True
7.0,福特,福睿斯,sg10740,sg10740,sg10740,pcauto,福睿斯,系列级补采,"太平洋汽车补采系列级数据, sg直接对齐, 无数字ID",销量源与pcauto同ID(sgXXX),True
37.0,东风风神,东风风神AX7,sg10811,sg10811,sg10811,pcauto,东风风神AX7,系列级补采,"太平洋汽车补采系列级数据, sg直接对齐, 无数字ID",销量源与pcauto同ID(sgXXX),True
40.0,广汽传祺,传祺GA6,sg10843,sg10843,sg10843,pcauto,传祺GA6,系列级补采,"太平洋汽车补采系列级数据, sg直接对齐, 无数字ID",销量源与pcauto同ID(sgXXX),True
,铃木,启悦,sg10846,sg10846,sg10846,pcauto,启悦,系列级补采,"太平洋汽车补采系列级数据, sg直接对齐, 无数字ID",销量源与pcauto同ID(sgXXX),True
21.0,雪铁龙,雪铁龙C3-XR,sg10872,sg10872,sg10872,pcauto,雪铁龙C3-XR,系列级补采,"太平洋汽车补采系列级数据, sg直接对齐, 无数字ID",销量源与pcauto同ID(sgXXX),True
73.0,吉利汽车,新帝豪,sg11262,sg11262,sg11262,pcauto,新帝豪,系列级补采,"太平洋汽车补采系列级数据, sg直接对齐, 无数字ID",销量源与pcauto同ID(sgXXX),True
29.0,英菲尼迪,英菲尼迪Q50L,sg11342,sg11342,sg11342,pcauto,英菲尼迪Q50L,系列级补采,"太平洋汽车补采系列级数据, sg直接对齐, 无数字ID",销量源与pcauto同ID(sgXXX),True
7.0,福特,锐界L,sg11607,sg11607,sg11607,pcauto,锐界L,系列级补采,"太平洋汽车补采系列级数据, sg直接对齐, 无数字ID",销量源与pcauto同ID(sgXXX),True
7.0,福特,撼路者,sg11717,sg11717,sg11717,pcauto,撼路者,系列级补采,"太平洋汽车补采系列级数据, sg直接对齐, 无数字ID",销量源与pcauto同ID(sgXXX),True
,东南,东南DX7,sg11737,sg11737,sg11737,pcauto,东南DX7,系列级补采,"太平洋汽车补采系列级数据, sg直接对齐, 无数字ID",销量源与pcauto同ID(sgXXX),True
57.0,福田,萨瓦纳,sg11760,sg11760,sg11760,pcauto,萨瓦纳,系列级补采,"太平洋汽车补采系列级数据, sg直接对齐, 无数字ID",销量源与pcauto同ID(sgXXX),True
13.0,起亚,起亚KX3傲跑,sg11787,sg11787,sg11787,pcauto,起亚KX3傲跑,系列级补采,"太平洋汽车补采系列级数据, sg直接对齐, 无数字ID",销量源与pcauto同ID(sgXXX),True
123.0,新龙马汽车,启腾EX80,sg12121,sg12121,sg12121,pcauto,启腾EX80,系列级补采,"太平洋汽车补采系列级数据, sg直接对齐, 无数字ID",销量源与pcauto同ID(sgXXX),True
7.0,福特,金牛座,sg12131,sg12131,sg12131,pcauto,金牛座,系列级补采,"太平洋汽车补采系列级数据, sg直接对齐, 无数字ID",销量源与pcauto同ID(sgXXX),True
40.0,广汽传祺,传祺GA8,sg12513,sg12513,sg12513,pcauto,传祺GA8,系列级补采,"太平洋汽车补采系列级数据, sg直接对齐, 无数字ID",销量源与pcauto同ID(sgXXX),True
,Jeep,自由光,sg12864,sg12864,sg12864,pcauto,自由光,系列级补采,"太平洋汽车补采系列级数据, sg直接对齐, 无数字ID",销量源与pcauto同ID(sgXXX),True
123.0,野马汽车,斯派卡,sg12904,sg12904,sg12904,pcauto,斯派卡,系列级补采,"太平洋汽车补采系列级数据, sg直接对齐, 无数字ID",销量源与pcauto同ID(sgXXX),True
95.0,东风风光,风光330,sg12985,sg12985,sg12985,pcauto,风光330,系列级补采,"太平洋汽车补采系列级数据, sg直接对齐, 无数字ID",销量源与pcauto同ID(sgXXX),True
35.0,长安,长安CS15,sg13268,sg13268,sg13268,pcauto,长安CS15,系列级补采,"太平洋汽车补采系列级数据, sg直接对齐, 无数字ID",销量源与pcauto同ID(sgXXX),True
5.0,丰田,卡罗拉双擎E+,sg13350,sg13350,sg13350,pcauto,卡罗拉双擎E+,系列级补采,"太平洋汽车补采系列级数据, sg直接对齐, 无数字ID",销量源与pcauto同ID(sgXXX),True
5.0,丰田,雷凌双擎E+,sg13351,sg13351,sg13351,pcauto,雷凌双擎E+,系列级补采,"太平洋汽车补采系列级数据, sg直接对齐, 无数字ID",销量源与pcauto同ID(sgXXX),True
68.0,北京越野,北京BJ90,sg13417,sg13417,sg13417,pcauto,北京BJ90,系列级补采,"太平洋汽车补采系列级数据, sg直接对齐, 无数字ID",销量源与pcauto同ID(sgXXX),True
13.0,起亚,起亚KX5,sg13459,sg13459,sg13459,pcauto,起亚KX5,系列级补采,"太平洋汽车补采系列级数据, sg直接对齐, 无数字ID",销量源与pcauto同ID(sgXXX),True
,一汽,森雅R7,sg13489,sg13489,sg13489,pcauto,森雅R7,系列级补采,"太平洋汽车补采系列级数据, sg直接对齐, 无数字ID",销量源与pcauto同ID(sgXXX),True
,Jeep,自由侠,sg13509,sg13509,sg13509,pcauto,自由侠,系列级补采,"太平洋汽车补采系列级数据, sg直接对齐, 无数字ID",销量源与pcauto同ID(sgXXX),True
21.0,雪铁龙,雪铁龙C6,sg13624,sg13624,sg13624,pcauto,雪铁龙C6,系列级补采,"太平洋汽车补采系列级数据, sg直接对齐, 无数字ID",销量源与pcauto同ID(sgXXX),True
,北汽昌河,昌河Q35,sg13777,sg13777,sg13777,pcauto,昌河Q35,系列级补采,"太平洋汽车补采系列级数据, sg直接对齐, 无数字ID",销量源与pcauto同ID(sgXXX),True
12.0,别克,别克GL6,sg13838,sg13838,sg13838,pcauto,别克GL6,系列级补采,"太平洋汽车补采系列级数据, sg直接对齐, 无数字ID",销量源与pcauto同ID(sgXXX),True
6.0,雪佛兰,迈锐宝XL,sg13877,sg13877,sg13877,pcauto,迈锐宝XL,系列级补采,"太平洋汽车补采系列级数据, sg直接对齐, 无数字ID",销量源与pcauto同ID(sgXXX),True
139.0,开瑞,K60,sg13888,sg13888,sg13888,pcauto,K60,系列级补采,"太平洋汽车补采系列级数据, sg直接对齐, 无数字ID",销量源与pcauto同ID(sgXXX),True
1.0,大众,辉昂,sg13918,sg13918,sg13918,pcauto,辉昂,系列级补采,"太平洋汽车补采系列级数据, sg直接对齐, 无数字ID",销量源与pcauto同ID(sgXXX),True
,宝骏,宝骏310,sg14101,sg14101,sg14101,pcauto,宝骏310,系列级补采,"太平洋汽车补采系列级数据, sg直接对齐, 无数字ID",销量源与pcauto同ID(sgXXX),True
,东南,东南DX3,sg14102,sg14102,sg14102,pcauto,东南DX3,系列级补采,"太平洋汽车补采系列级数据, sg直接对齐, 无数字ID",销量源与pcauto同ID(sgXXX),True
109.0,启辰,启辰T90,sg14111,sg14111,sg14111,pcauto,启辰T90,系列级补采,"太平洋汽车补采系列级数据, sg直接对齐, 无数字ID",销量源与pcauto同ID(sgXXX),True
40.0,广汽传祺,传祺GA4,sg14221,sg14221,sg14221,pcauto,传祺GA4,系列级补采,"太平洋汽车补采系列级数据, sg直接对齐, 无数字ID",销量源与pcauto同ID(sgXXX),True
,讴歌,讴歌CDX,sg14241,sg14241,sg14241,pcauto,讴歌CDX,系列级补采,"太平洋汽车补采系列级数据, sg直接对齐, 无数字ID",销量源与pcauto同ID(sgXXX),True
11.0,现代,悦纳,sg14263,sg14263,sg14263,pcauto,悦纳,系列级补采,"太平洋汽车补采系列级数据, sg直接对齐, 无数字ID",销量源与pcauto同ID(sgXXX),True
,北汽新能源,北汽新能源EX,sg14272,sg14272,sg14272,pcauto,北汽新能源EX,系列级补采,"太平洋汽车补采系列级数据, sg直接对齐, 无数字ID",销量源与pcauto同ID(sgXXX),True
6.0,雪佛兰,科沃兹,sg14375,sg14375,sg14375,pcauto,科沃兹,系列级补采,"太平洋汽车补采系列级数据, sg直接对齐, 无数字ID",销量源与pcauto同ID(sgXXX),True
73.0,吉利汽车,远景X6,sg20402,sg20402,sg20402,pcauto,远景X6,系列级补采,"太平洋汽车补采系列级数据, sg直接对齐, 无数字ID",销量源与pcauto同ID(sgXXX),True
,三菱,欧蓝德,sg20422,sg20422,sg20422,pcauto,欧蓝德,系列级补采,"太平洋汽车补采系列级数据, sg直接对齐, 无数字ID",销量源与pcauto同ID(sgXXX),True
,宝骏,宝骏510,sg20563,sg20563,sg20563,pcauto,宝骏510,系列级补采,"太平洋汽车补采系列级数据, sg直接对齐, 无数字ID",销量源与pcauto同ID(sgXXX),True
,SWM斯威汽车,SWM斯威X7,sg20582,sg20582,sg20582,pcauto,SWM斯威X7,系列级补采,"太平洋汽车补采系列级数据, sg直接对齐, 无数字ID",销量源与pcauto同ID(sgXXX),True
4.0,宝马,宝马1系,sg20583,sg20583,sg20583,pcauto,宝马1系,系列级补采,"太平洋汽车补采系列级数据, sg直接对齐, 无数字ID",销量源与pcauto同ID(sgXXX),True
1.0,大众,蔚领,sg20843,sg20843,sg20843,pcauto,蔚领,系列级补采,"太平洋汽车补采系列级数据, sg直接对齐, 无数字ID",销量源与pcauto同ID(sgXXX),True
,Jeep,指南者,sg20864,sg20864,sg20864,pcauto,指南者,系列级补采,"太平洋汽车补采系列级数据, sg直接对齐, 无数字ID",销量源与pcauto同ID(sgXXX),True
,奇瑞新能源,小蚂蚁,sg20982,sg20982,sg20982,pcauto,小蚂蚁,系列级补采,"太平洋汽车补采系列级数据, sg直接对齐, 无数字ID",销量源与pcauto同ID(sgXXX),True
,MG名爵,名爵ZS,sg21032,sg21032,sg21032,pcauto,名爵ZS,系列级补采,"太平洋汽车补采系列级数据, sg直接对齐, 无数字ID",销量源与pcauto同ID(sgXXX),True
13.0,起亚,起亚KX7,sg21052,sg21052,sg21052,pcauto,起亚KX7,系列级补采,"太平洋汽车补采系列级数据, sg直接对齐, 无数字ID",销量源与pcauto同ID(sgXXX),True
5.0,丰田,YARiS L 致享,sg21084,sg21084,sg21084,pcauto,YARiS L 致享,系列级补采,"太平洋汽车补采系列级数据, sg直接对齐, 无数字ID",销量源与pcauto同ID(sgXXX),True
5.0,丰田,威驰FS,sg21085,sg21085,sg21085,pcauto,威驰FS,系列级补采,"太平洋汽车补采系列级数据, sg直接对齐, 无数字ID",销量源与pcauto同ID(sgXXX),True
,北汽新能源,北汽新能源EC,sg21272,sg21272,sg21272,pcauto,北汽新能源EC,系列级补采,"太平洋汽车补采系列级数据, sg直接对齐, 无数字ID",销量源与pcauto同ID(sgXXX),True
,SWM斯威汽车,SWM斯威X3,sg21363,sg21363,sg21363,pcauto,SWM斯威X3,系列级补采,"太平洋汽车补采系列级数据, sg直接对齐, 无数字ID",销量源与pcauto同ID(sgXXX),True
11.0,现代,索纳塔插电混动,sg21424,sg21424,sg21424,pcauto,索纳塔插电混动,系列级补采,"太平洋汽车补采系列级数据, sg直接对齐, 无数字ID",销量源与pcauto同ID(sgXXX),True
73.0,吉利汽车,帝豪新能源,sg21432,sg21432,sg21432,pcauto,帝豪新能源,系列级补采,"太平洋汽车补采系列级数据, sg直接对齐, 无数字ID",销量源与pcauto同ID(sgXXX),True
24.0,沃尔沃,沃尔沃S60新能源,sg21436,sg21436,sg21436,pcauto,沃尔沃S60新能源,系列级补采,"太平洋汽车补采系列级数据, sg直接对齐, 无数字ID",销量源与pcauto同ID(sgXXX),True
4.0,宝马,宝马X1新能源,sg21443,sg21443,sg21443,pcauto,宝马X1新能源,系列级补采,"太平洋汽车补采系列级数据, sg直接对齐, 无数字ID",销量源与pcauto同ID(sgXXX),True
4.0,宝马,宝马5系新能源,sg21461,sg21461,sg21461,pcauto,宝马5系新能源,系列级补采,"太平洋汽车补采系列级数据, sg直接对齐, 无数字ID",销量源与pcauto同ID(sgXXX),True
,云度新能源,云度π3,sg21554,sg21554,sg21554,pcauto,云度π3,系列级补采,"太平洋汽车补采系列级数据, sg直接对齐, 无数字ID",销量源与pcauto同ID(sgXXX),True
,云度新能源,云度π1,sg21555,sg21555,sg21555,pcauto,云度π1,系列级补采,"太平洋汽车补采系列级数据, sg直接对齐, 无数字ID",销量源与pcauto同ID(sgXXX),True
73.0,吉利汽车,嘉际,sg21584,sg21584,sg21584,pcauto,嘉际,系列级补采,"太平洋汽车补采系列级数据, sg直接对齐, 无数字ID",销量源与pcauto同ID(sgXXX),True
59.0,红旗,红旗H5经典,sg21585,sg21585,sg21585,pcauto,红旗H5经典,系列级补采,"太平洋汽车补采系列级数据, sg直接对齐, 无数字ID",销量源与pcauto同ID(sgXXX),True
123.0,野马汽车,博骏,sg21666,sg21666,sg21666,pcauto,博骏,系列级补采,"太平洋汽车补采系列级数据, sg直接对齐, 无数字ID",销量源与pcauto同ID(sgXXX),True
70.0,东风风行,菱智M5新能源,sg21687,sg21687,sg21687,pcauto,菱智M5新能源,系列级补采,"太平洋汽车补采系列级数据, sg直接对齐, 无数字ID",销量源与pcauto同ID(sgXXX),True
,海马新能源,爱尚EV,sg21713,sg21713,sg21713,pcauto,爱尚EV,系列级补采,"太平洋汽车补采系列级数据, sg直接对齐, 无数字ID",销量源与pcauto同ID(sgXXX),True
73.0,吉利汽车,远景X3,sg21883,sg21883,sg21883,pcauto,远景X3,系列级补采,"太平洋汽车补采系列级数据, sg直接对齐, 无数字ID",销量源与pcauto同ID(sgXXX),True
17.0,哈弗,哈弗M6,sg21903,sg21903,sg21903,pcauto,哈弗M6,系列级补采,"太平洋汽车补采系列级数据, sg直接对齐, 无数字ID",销量源与pcauto同ID(sgXXX),True
139.0,开瑞,K50新能源,sg21963,sg21963,sg21963,pcauto,K50新能源,系列级补采,"太平洋汽车补采系列级数据, sg直接对齐, 无数字ID",销量源与pcauto同ID(sgXXX),True
36.0,荣威,荣威RX3,sg21973,sg21973,sg21973,pcauto,荣威RX3,系列级补采,"太平洋汽车补采系列级数据, sg直接对齐, 无数字ID",销量源与pcauto同ID(sgXXX),True
5.0,丰田,丰田C-HR,sg22014,sg22014,sg22014,pcauto,丰田C-HR,系列级补采,"太平洋汽车补采系列级数据, sg直接对齐, 无数字ID",销量源与pcauto同ID(sgXXX),True
31.0,捷豹,捷豹XEL,sg22065,sg22065,sg22065,pcauto,捷豹XEL,系列级补采,"太平洋汽车补采系列级数据, sg直接对齐, 无数字ID",销量源与pcauto同ID(sgXXX),True
36.0,荣威,荣威Ei5,sg22193,sg22193,sg22193,pcauto,荣威Ei5,系列级补采,"太平洋汽车补采系列级数据, sg直接对齐, 无数字ID",销量源与pcauto同ID(sgXXX),True
,北汽昌河,北汽昌河A6,sg22213,sg22213,sg22213,pcauto,北汽昌河A6,系列级补采,"太平洋汽车补采系列级数据, sg直接对齐, 无数字ID",销量源与pcauto同ID(sgXXX),True
195.0,小鹏,小鹏G3,sg22263,sg22263,sg22263,pcauto,小鹏G3,系列级补采,"太平洋汽车补采系列级数据, sg直接对齐, 无数字ID",销量源与pcauto同ID(sgXXX),True
,宝骏,宝骏530,sg22283,sg22283,sg22283,pcauto,宝骏530,系列级补采,"太平洋汽车补采系列级数据, sg直接对齐, 无数字ID",销量源与pcauto同ID(sgXXX),True
207.0,零跑汽车,零跑S01,sg22333,sg22333,sg22333,pcauto,零跑S01,系列级补采,"太平洋汽车补采系列级数据, sg直接对齐, 无数字ID",销量源与pcauto同ID(sgXXX),True
,MG名爵,名爵6新能源,sg22355,sg22355,sg22355,pcauto,名爵6新能源,系列级补采,"太平洋汽车补采系列级数据, sg直接对齐, 无数字ID",销量源与pcauto同ID(sgXXX),True
24.0,沃尔沃,沃尔沃XC60新能源,sg22373,sg22373,sg22373,pcauto,沃尔沃XC60新能源,系列级补采,"太平洋汽车补采系列级数据, sg直接对齐, 无数字ID",销量源与pcauto同ID(sgXXX),True
,宝骏,宝骏360,sg22383,sg22383,sg22383,pcauto,宝骏360,系列级补采,"太平洋汽车补采系列级数据, sg直接对齐, 无数字ID",销量源与pcauto同ID(sgXXX),True
5.0,丰田,奕泽IZOA,sg22393,sg22393,sg22393,pcauto,奕泽IZOA,系列级补采,"太平洋汽车补采系列级数据, sg直接对齐, 无数字ID",销量源与pcauto同ID(sgXXX),True
,DS,DS 7,sg22395,sg22395,sg22395,pcauto,DS 7,系列级补采,"太平洋汽车补采系列级数据, sg直接对齐, 无数字ID",销量源与pcauto同ID(sgXXX),True
123.0,威马汽车,威马EX5,sg22483,sg22483,sg22483,pcauto,威马EX5,系列级补采,"太平洋汽车补采系列级数据, sg直接对齐, 无数字ID",销量源与pcauto同ID(sgXXX),True
24.0,沃尔沃,沃尔沃S90新能源,sg22513,sg22513,sg22513,pcauto,沃尔沃S90新能源,系列级补采,"太平洋汽车补采系列级数据, sg直接对齐, 无数字ID",销量源与pcauto同ID(sgXXX),True
36.0,荣威,荣威RX8,sg22595,sg22595,sg22595,pcauto,荣威RX8,系列级补采,"太平洋汽车补采系列级数据, sg直接对齐, 无数字ID",销量源与pcauto同ID(sgXXX),True
1.0,大众,T-ROC探歌,sg22663,sg22663,sg22663,pcauto,T-ROC探歌,系列级补采,"太平洋汽车补采系列级数据, sg直接对齐, 无数字ID",销量源与pcauto同ID(sgXXX),True
10.0,日产,途达,sg22673,sg22673,sg22673,pcauto,途达,系列级补采,"太平洋汽车补采系列级数据, sg直接对齐, 无数字ID",销量源与pcauto同ID(sgXXX),True
,Jeep,大指挥官,sg22677,sg22677,sg22677,pcauto,大指挥官,系列级补采,"太平洋汽车补采系列级数据, sg直接对齐, 无数字ID",销量源与pcauto同ID(sgXXX),True
3.0,奔驰,奔驰E级新能源,sg22694,sg22694,sg22694,pcauto,奔驰E级新能源,系列级补采,"太平洋汽车补采系列级数据, sg直接对齐, 无数字ID",销量源与pcauto同ID(sgXXX),True
16.0,比亚迪,宋MAX新能源,sg22703,sg22703,sg22703,pcauto,宋MAX新能源,系列级补采,"太平洋汽车补采系列级数据, sg直接对齐, 无数字ID",销量源与pcauto同ID(sgXXX),True
174.0,领克,领克02,sg22733,sg22733,sg22733,pcauto,领克02,系列级补采,"太平洋汽车补采系列级数据, sg直接对齐, 无数字ID",销量源与pcauto同ID(sgXXX),True
,SWM斯威汽车,SWM斯威G01,sg22755,sg22755,sg22755,pcauto,SWM斯威G01,系列级补采,"太平洋汽车补采系列级数据, sg直接对齐, 无数字ID",销量源与pcauto同ID(sgXXX),True
68.0,北京汽车,北京EU5,sg22795,sg22795,sg22795,pcauto,北京EU5,系列级补采,"太平洋汽车补采系列级数据, sg直接对齐, 无数字ID",销量源与pcauto同ID(sgXXX),True
1.0,大众,途观L新能源,sg22814,sg22814,sg22814,pcauto,途观L新能源,系列级补采,"太平洋汽车补采系列级数据, sg直接对齐, 无数字ID",销量源与pcauto同ID(sgXXX),True
,SERES赛力斯,赛力斯SF5,sg22824,sg22824,sg22824,pcauto,赛力斯SF5,系列级补采,"太平洋汽车补采系列级数据, sg直接对齐, 无数字ID",销量源与pcauto同ID(sgXXX),True
73.0,吉利汽车,博瑞,sg22825,sg22825,sg22825,pcauto,博瑞,系列级补采,"太平洋汽车补采系列级数据, sg直接对齐, 无数字ID",销量源与pcauto同ID(sgXXX),True
27.0,奔腾,奔腾T77,sg22829,sg22829,sg22829,pcauto,奔腾T77,系列级补采,"太平洋汽车补采系列级数据, sg直接对齐, 无数字ID",销量源与pcauto同ID(sgXXX),True
171.0,长安凯程,长安欧尚A600,sg22843,sg22843,sg22843,pcauto,长安欧尚A600,系列级补采,"太平洋汽车补采系列级数据, sg直接对齐, 无数字ID",销量源与pcauto同ID(sgXXX),True
123.0,威马汽车,威马EX6,sg22873,sg22873,sg22873,pcauto,威马EX6,系列级补采,"太平洋汽车补采系列级数据, sg直接对齐, 无数字ID",销量源与pcauto同ID(sgXXX),True
,爱驰,爱驰U5,sg22896,sg22896,sg22896,pcauto,爱驰U5,系列级补采,"太平洋汽车补采系列级数据, sg直接对齐, 无数字ID",销量源与pcauto同ID(sgXXX),True
53.0,海马郑州,海马8S,sg22904,sg22904,sg22904,pcauto,海马8S,系列级补采,"太平洋汽车补采系列级数据, sg直接对齐, 无数字ID",销量源与pcauto同ID(sgXXX),True
,讴歌,讴歌RDX,sg22914,sg22914,sg22914,pcauto,讴歌RDX,系列级补采,"太平洋汽车补采系列级数据, sg直接对齐, 无数字ID",销量源与pcauto同ID(sgXXX),True
,Jeep,大指挥官PHEV,sg22923,sg22923,sg22923,pcauto,大指挥官PHEV,系列级补采,"太平洋汽车补采系列级数据, sg直接对齐, 无数字ID",销量源与pcauto同ID(sgXXX),True
59.0,红旗,红旗E-HS3,sg22960,sg22960,sg22960,pcauto,红旗E-HS3,系列级补采,"太平洋汽车补采系列级数据, sg直接对齐, 无数字ID",销量源与pcauto同ID(sgXXX),True
11.0,现代,LA FESTA菲斯塔,sg22970,sg22970,sg22970,pcauto,LA FESTA菲斯塔,系列级补采,"太平洋汽车补采系列级数据, sg直接对齐, 无数字ID",销量源与pcauto同ID(sgXXX),True
238.0,欧拉,欧拉黑猫,sg22973,sg22973,sg22973,pcauto,欧拉黑猫,系列级补采,"太平洋汽车补采系列级数据, sg直接对齐, 无数字ID",销量源与pcauto同ID(sgXXX),True
238.0,欧拉,欧拉白猫,sg22974,sg22974,sg22974,pcauto,欧拉白猫,系列级补采,"太平洋汽车补采系列级数据, sg直接对齐, 无数字ID",销量源与pcauto同ID(sgXXX),True
174.0,领克,领克01新能源,sg22975,sg22975,sg22975,pcauto,领克01新能源,系列级补采,"太平洋汽车补采系列级数据, sg直接对齐, 无数字ID",销量源与pcauto同ID(sgXXX),True
,三菱,奕歌,sg22996,sg22996,sg22996,pcauto,奕歌,系列级补采,"太平洋汽车补采系列级数据, sg直接对齐, 无数字ID",销量源与pcauto同ID(sgXXX),True
,北汽昌河,昌河北斗星,sg23016,sg23016,sg23016,pcauto,昌河北斗星,系列级补采,"太平洋汽车补采系列级数据, sg直接对齐, 无数字ID",销量源与pcauto同ID(sgXXX),True
73.0,吉利汽车,博瑞新能源,sg23084,sg23084,sg23084,pcauto,博瑞新能源,系列级补采,"太平洋汽车补采系列级数据, sg直接对齐, 无数字ID",销量源与pcauto同ID(sgXXX),True
,北汽昌河,北汽EC100,sg23093,sg23093,sg23093,pcauto,北汽EC100,系列级补采,"太平洋汽车补采系列级数据, sg直接对齐, 无数字ID",销量源与pcauto同ID(sgXXX),True
119.0,长安欧尚,长安欧尚科尚,sg23123,sg23123,sg23123,pcauto,长安欧尚科尚,系列级补采,"太平洋汽车补采系列级数据, sg直接对齐, 无数字ID",销量源与pcauto同ID(sgXXX),True
,MG名爵,名爵HS,sg23173,sg23173,sg23173,pcauto,名爵HS,系列级补采,"太平洋汽车补采系列级数据, sg直接对齐, 无数字ID",销量源与pcauto同ID(sgXXX),True
15.0,马自达,马自达CX-8,sg23174,sg23174,sg23174,pcauto,马自达CX-8,系列级补采,"太平洋汽车补采系列级数据, sg直接对齐, 无数字ID",销量源与pcauto同ID(sgXXX),True
73.0,吉利汽车,缤越ePro,sg23183,sg23183,sg23183,pcauto,缤越ePro,系列级补采,"太平洋汽车补采系列级数据, sg直接对齐, 无数字ID",销量源与pcauto同ID(sgXXX),True
6.0,雪佛兰,沃兰多,sg23253,sg23253,sg23253,pcauto,沃兰多,系列级补采,"太平洋汽车补采系列级数据, sg直接对齐, 无数字ID",销量源与pcauto同ID(sgXXX),True
35.0,长安,长安CS85 COUPE,sg23273,sg23273,sg23273,pcauto,长安CS85 COUPE,系列级补采,"太平洋汽车补采系列级数据, sg直接对齐, 无数字ID",销量源与pcauto同ID(sgXXX),True
109.0,启辰,启辰T60,sg23313,sg23313,sg23313,pcauto,启辰T60,系列级补采,"太平洋汽车补采系列级数据, sg直接对齐, 无数字ID",销量源与pcauto同ID(sgXXX),True
,宝骏,宝骏E200,sg23326,sg23326,sg23326,pcauto,宝骏E200,系列级补采,"太平洋汽车补采系列级数据, sg直接对齐, 无数字ID",销量源与pcauto同ID(sgXXX),True
139.0,开瑞,K60新能源,sg23373,sg23373,sg23373,pcauto,K60新能源,系列级补采,"太平洋汽车补采系列级数据, sg直接对齐, 无数字ID",销量源与pcauto同ID(sgXXX),True
7.0,福特,领界,sg23384,sg23384,sg23384,pcauto,领界,系列级补采,"太平洋汽车补采系列级数据, sg直接对齐, 无数字ID",销量源与pcauto同ID(sgXXX),True
,东南,A5翼舞,sg23445,sg23445,sg23445,pcauto,A5翼舞,系列级补采,"太平洋汽车补采系列级数据, sg直接对齐, 无数字ID",销量源与pcauto同ID(sgXXX),True
1.0,大众,帕萨特新能源,sg23463,sg23463,sg23463,pcauto,帕萨特新能源,系列级补采,"太平洋汽车补采系列级数据, sg直接对齐, 无数字ID",销量源与pcauto同ID(sgXXX),True
11.0,现代,名图 纯电动,sg23473,sg23473,sg23473,pcauto,名图 纯电动,系列级补采,"太平洋汽车补采系列级数据, sg直接对齐, 无数字ID",销量源与pcauto同ID(sgXXX),True
,宝骏,宝骏RS-5,sg23534,sg23534,sg23534,pcauto,宝骏RS-5,系列级补采,"太平洋汽车补采系列级数据, sg直接对齐, 无数字ID",销量源与pcauto同ID(sgXXX),True
123.0,野马汽车,野马EC60,sg23535,sg23535,sg23535,pcauto,野马EC60,系列级补采,"太平洋汽车补采系列级数据, sg直接对齐, 无数字ID",销量源与pcauto同ID(sgXXX),True
68.0,北京汽车,智行,sg23642,sg23642,sg23642,pcauto,智行,系列级补采,"太平洋汽车补采系列级数据, sg直接对齐, 无数字ID",销量源与pcauto同ID(sgXXX),True
202.0,理想汽车,理想ONE,sg23653,sg23653,sg23653,pcauto,理想ONE,系列级补采,"太平洋汽车补采系列级数据, sg直接对齐, 无数字ID",销量源与pcauto同ID(sgXXX),True
68.0,北京汽车,北京U7,sg23713,sg23713,sg23713,pcauto,北京U7,系列级补采,"太平洋汽车补采系列级数据, sg直接对齐, 无数字ID",销量源与pcauto同ID(sgXXX),True
1.0,大众,途铠,sg23723,sg23723,sg23723,pcauto,途铠,系列级补采,"太平洋汽车补采系列级数据, sg直接对齐, 无数字ID",销量源与pcauto同ID(sgXXX),True
373.0,东风富康,富康ES500,sg23803,sg23803,sg23803,pcauto,富康ES500,系列级补采,"太平洋汽车补采系列级数据, sg直接对齐, 无数字ID",销量源与pcauto同ID(sgXXX),True
6.0,雪佛兰,科鲁泽,sg23833,sg23833,sg23833,pcauto,科鲁泽,系列级补采,"太平洋汽车补采系列级数据, sg直接对齐, 无数字ID",销量源与pcauto同ID(sgXXX),True
73.0,吉利汽车,星越新能源,sg23837,sg23837,sg23837,pcauto,星越新能源,系列级补采,"太平洋汽车补采系列级数据, sg直接对齐, 无数字ID",销量源与pcauto同ID(sgXXX),True
9.0,本田,享域,sg23869,sg23869,sg23869,pcauto,享域,系列级补采,"太平洋汽车补采系列级数据, sg直接对齐, 无数字ID",销量源与pcauto同ID(sgXXX),True
,理念,广汽本田VE-1,sg23870,sg23870,sg23870,pcauto,广汽本田VE-1,系列级补采,"太平洋汽车补采系列级数据, sg直接对齐, 无数字ID",销量源与pcauto同ID(sgXXX),True
73.0,吉利汽车,嘉际新能源,sg23944,sg23944,sg23944,pcauto,嘉际新能源,系列级补采,"太平洋汽车补采系列级数据, sg直接对齐, 无数字ID",销量源与pcauto同ID(sgXXX),True
1.0,大众,探岳PHEV,sg23974,sg23974,sg23974,pcauto,探岳PHEV,系列级补采,"太平洋汽车补采系列级数据, sg直接对齐, 无数字ID",销量源与pcauto同ID(sgXXX),True
95.0,东风风光,风光ix7,sg24043,sg24043,sg24043,pcauto,风光ix7,系列级补采,"太平洋汽车补采系列级数据, sg直接对齐, 无数字ID",销量源与pcauto同ID(sgXXX),True
108.0,大通,大通D60,sg24053,sg24053,sg24053,pcauto,大通D60,系列级补采,"太平洋汽车补采系列级数据, sg直接对齐, 无数字ID",销量源与pcauto同ID(sgXXX),True
1.0,大众,宝来·纯电,sg24113,sg24113,sg24113,pcauto,宝来·纯电,系列级补采,"太平洋汽车补采系列级数据, sg直接对齐, 无数字ID",销量源与pcauto同ID(sgXXX),True
,一汽,森雅R8,sg24133,sg24133,sg24133,pcauto,森雅R8,系列级补采,"太平洋汽车补采系列级数据, sg直接对齐, 无数字ID",销量源与pcauto同ID(sgXXX),True
,SWM斯威汽车,SWM斯威X2,sg24136,sg24136,sg24136,pcauto,SWM斯威X2,系列级补采,"太平洋汽车补采系列级数据, sg直接对齐, 无数字ID",销量源与pcauto同ID(sgXXX),True
108.0,大通,上汽大通MAXUS EUNIQ 5,sg24253,sg24253,sg24253,pcauto,上汽大通MAXUS EUNIQ 5,系列级补采,"太平洋汽车补采系列级数据, sg直接对齐, 无数字ID",销量源与pcauto同ID(sgXXX),True
2.0,奥迪,奥迪Q2L e-tron,sg24354,sg24354,sg24354,pcauto,奥迪Q2L e-tron,系列级补采,"太平洋汽车补采系列级数据, sg直接对齐, 无数字ID",销量源与pcauto同ID(sgXXX),True
16.0,比亚迪,宋Pro,sg24394,sg24394,sg24394,pcauto,宋Pro,系列级补采,"太平洋汽车补采系列级数据, sg直接对齐, 无数字ID",销量源与pcauto同ID(sgXXX),True
3.0,奔驰,奔驰EQC,sg24445,sg24445,sg24445,pcauto,奔驰EQC,系列级补采,"太平洋汽车补采系列级数据, sg直接对齐, 无数字ID",销量源与pcauto同ID(sgXXX),True
,哪吒汽车,哪吒U,sg24455,sg24455,sg24455,pcauto,哪吒U,系列级补采,"太平洋汽车补采系列级数据, sg直接对齐, 无数字ID",销量源与pcauto同ID(sgXXX),True
6.0,雪佛兰,创界,sg24483,sg24483,sg24483,pcauto,创界,系列级补采,"太平洋汽车补采系列级数据, sg直接对齐, 无数字ID",销量源与pcauto同ID(sgXXX),True
12.0,别克,昂科拉GX,sg24493,sg24493,sg24493,pcauto,昂科拉GX,系列级补采,"太平洋汽车补采系列级数据, sg直接对齐, 无数字ID",销量源与pcauto同ID(sgXXX),True
,宝骏,宝骏RC-5,sg24583,sg24583,sg24583,pcauto,宝骏RC-5,系列级补采,"太平洋汽车补采系列级数据, sg直接对齐, 无数字ID",销量源与pcauto同ID(sgXXX),True
13.0,起亚,起亚K3新能源,sg24596,sg24596,sg24596,pcauto,起亚K3新能源,系列级补采,"太平洋汽车补采系列级数据, sg直接对齐, 无数字ID",销量源与pcauto同ID(sgXXX),True
,大乘汽车,大乘G60E,sg24597,sg24597,sg24597,pcauto,大乘G60E,系列级补采,"太平洋汽车补采系列级数据, sg直接对齐, 无数字ID",销量源与pcauto同ID(sgXXX),True
5.0,丰田,丰田C-HR EV,sg24605,sg24605,sg24605,pcauto,丰田C-HR EV,系列级补采,"太平洋汽车补采系列级数据, sg直接对齐, 无数字ID",销量源与pcauto同ID(sgXXX),True
,思铭,东风本田X-NV,sg24610,sg24610,sg24610,pcauto,东风本田X-NV,系列级补采,"太平洋汽车补采系列级数据, sg直接对齐, 无数字ID",销量源与pcauto同ID(sgXXX),True
68.0,北京汽车,北京X3,sg24614,sg24614,sg24614,pcauto,北京X3,系列级补采,"太平洋汽车补采系列级数据, sg直接对齐, 无数字ID",销量源与pcauto同ID(sgXXX),True
95.0,东风风光,风光E3,sg24618,sg24618,sg24618,pcauto,风光E3,系列级补采,"太平洋汽车补采系列级数据, sg直接对齐, 无数字ID",销量源与pcauto同ID(sgXXX),True
5.0,丰田,奕泽IZOA E进擎,sg24630,sg24630,sg24630,pcauto,奕泽IZOA E进擎,系列级补采,"太平洋汽车补采系列级数据, sg直接对齐, 无数字ID",销量源与pcauto同ID(sgXXX),True
,国机智骏,国机智骏GX5,sg24647,sg24647,sg24647,pcauto,国机智骏GX5,系列级补采,"太平洋汽车补采系列级数据, sg直接对齐, 无数字ID",销量源与pcauto同ID(sgXXX),True
,国机智骏,国机智骏GC1,sg24648,sg24648,sg24648,pcauto,国机智骏GC1,系列级补采,"太平洋汽车补采系列级数据, sg直接对齐, 无数字ID",销量源与pcauto同ID(sgXXX),True
119.0,长安欧尚,长安欧尚科赛3,sg24650,sg24650,sg24650,pcauto,长安欧尚科赛3,系列级补采,"太平洋汽车补采系列级数据, sg直接对齐, 无数字ID",销量源与pcauto同ID(sgXXX),True
73.0,吉利汽车,豪越,sg24651,sg24651,sg24651,pcauto,豪越,系列级补采,"太平洋汽车补采系列级数据, sg直接对齐, 无数字ID",销量源与pcauto同ID(sgXXX),True
11.0,现代,领动 插电混动,sg24680,sg24680,sg24680,pcauto,领动 插电混动,系列级补采,"太平洋汽车补采系列级数据, sg直接对齐, 无数字ID",销量源与pcauto同ID(sgXXX),True
123.0,威马汽车,威马W6,sg24725,sg24725,sg24725,pcauto,威马W6,系列级补采,"太平洋汽车补采系列级数据, sg直接对齐, 无数字ID",销量源与pcauto同ID(sgXXX),True
,SWM斯威汽车,SWM斯威G05,sg24774,sg24774,sg24774,pcauto,SWM斯威G05,系列级补采,"太平洋汽车补采系列级数据, sg直接对齐, 无数字ID",销量源与pcauto同ID(sgXXX),True
,东南,东南DX5,sg24775,sg24775,sg24775,pcauto,东南DX5,系列级补采,"太平洋汽车补采系列级数据, sg直接对齐, 无数字ID",销量源与pcauto同ID(sgXXX),True
4.0,宝马,宝马X2,sg24785,sg24785,sg24785,pcauto,宝马X2,系列级补采,"太平洋汽车补采系列级数据, sg直接对齐, 无数字ID",销量源与pcauto同ID(sgXXX),True
,MG名爵,名爵HS新能源,sg24794,sg24794,sg24794,pcauto,名爵HS新能源,系列级补采,"太平洋汽车补采系列级数据, sg直接对齐, 无数字ID",销量源与pcauto同ID(sgXXX),True
159.0,腾势,腾势X,sg24826,sg24826,sg24826,pcauto,腾势X,系列级补采,"太平洋汽车补采系列级数据, sg直接对齐, 无数字ID",销量源与pcauto同ID(sgXXX),True
,宝骏,宝骏RM-5,sg24916,sg24916,sg24916,pcauto,宝骏RM-5,系列级补采,"太平洋汽车补采系列级数据, sg直接对齐, 无数字ID",销量源与pcauto同ID(sgXXX),True
27.0,奔腾,奔腾T33,sg24976,sg24976,sg24976,pcauto,奔腾T33,系列级补采,"太平洋汽车补采系列级数据, sg直接对齐, 无数字ID",销量源与pcauto同ID(sgXXX),True
27.0,奔腾,奔腾T99,sg25019,sg25019,sg25019,pcauto,奔腾T99,系列级补采,"太平洋汽车补采系列级数据, sg直接对齐, 无数字ID",销量源与pcauto同ID(sgXXX),True
,宝骏,宝骏RS-3,sg25039,sg25039,sg25039,pcauto,宝骏RS-3,系列级补采,"太平洋汽车补采系列级数据, sg直接对齐, 无数字ID",销量源与pcauto同ID(sgXXX),True
36.0,荣威,荣威RX5 eMAX,sg25051,sg25051,sg25051,pcauto,荣威RX5 eMAX,系列级补采,"太平洋汽车补采系列级数据, sg直接对齐, 无数字ID",销量源与pcauto同ID(sgXXX),True
11.0,现代,菲斯塔 纯电动,sg25119,sg25119,sg25119,pcauto,菲斯塔 纯电动,系列级补采,"太平洋汽车补采系列级数据, sg直接对齐, 无数字ID",销量源与pcauto同ID(sgXXX),True
1.0,大众,探影,sg25149,sg25149,sg25149,pcauto,探影,系列级补采,"太平洋汽车补采系列级数据, sg直接对齐, 无数字ID",销量源与pcauto同ID(sgXXX),True
12.0,别克,昂科旗,sg25150,sg25150,sg25150,pcauto,昂科旗,系列级补采,"太平洋汽车补采系列级数据, sg直接对齐, 无数字ID",销量源与pcauto同ID(sgXXX),True
6.0,雪佛兰,畅巡,sg25151,sg25151,sg25151,pcauto,畅巡,系列级补采,"太平洋汽车补采系列级数据, sg直接对齐, 无数字ID",销量源与pcauto同ID(sgXXX),True
61.0,标致,标致4008新能源,sg25309,sg25309,sg25309,pcauto,标致4008新能源,系列级补采,"太平洋汽车补采系列级数据, sg直接对齐, 无数字ID",销量源与pcauto同ID(sgXXX),True
,DS,DS 9新能源,sg25390,sg25390,sg25390,pcauto,DS 9新能源,系列级补采,"太平洋汽车补采系列级数据, sg直接对齐, 无数字ID",销量源与pcauto同ID(sgXXX),True
174.0,领克,领克05新能源,sg25391,sg25391,sg25391,pcauto,领克05新能源,系列级补采,"太平洋汽车补采系列级数据, sg直接对齐, 无数字ID",销量源与pcauto同ID(sgXXX),True
,广汽集团,广汽丰田iA5,sg25449,sg25449,sg25449,pcauto,广汽丰田iA5,系列级补采,"太平洋汽车补采系列级数据, sg直接对齐, 无数字ID",销量源与pcauto同ID(sgXXX),True
35.0,长安,锐程CC,sg25479,sg25479,sg25479,pcauto,锐程CC,系列级补采,"太平洋汽车补采系列级数据, sg直接对齐, 无数字ID",销量源与pcauto同ID(sgXXX),True
108.0,大通,上汽大通MAXUS EUNIQ 6,sg25510,sg25510,sg25510,pcauto,上汽大通MAXUS EUNIQ 6,系列级补采,"太平洋汽车补采系列级数据, sg直接对齐, 无数字ID",销量源与pcauto同ID(sgXXX),True
123.0,野马汽车,斯派卡新能源,sg25542,sg25542,sg25542,pcauto,斯派卡新能源,系列级补采,"太平洋汽车补采系列级数据, sg直接对齐, 无数字ID",销量源与pcauto同ID(sgXXX),True
,中国重汽VGV,VGV U70,sg25549,sg25549,sg25549,pcauto,VGV U70,系列级补采,"太平洋汽车补采系列级数据, sg直接对齐, 无数字ID",销量源与pcauto同ID(sgXXX),True
16.0,比亚迪,汉,sg25611,sg25611,sg25611,pcauto,汉,系列级补采,"太平洋汽车补采系列级数据, sg直接对齐, 无数字ID",销量源与pcauto同ID(sgXXX),True
61.0,标致,标致e2008,sg25712,sg25712,sg25712,pcauto,标致e2008,系列级补采,"太平洋汽车补采系列级数据, sg直接对齐, 无数字ID",销量源与pcauto同ID(sgXXX),True
401.0,飞凡汽车,飞凡MARVEL R,sg25713,sg25713,sg25713,pcauto,飞凡MARVEL R,系列级补采,"太平洋汽车补采系列级数据, sg直接对齐, 无数字ID",销量源与pcauto同ID(sgXXX),True
368.0,合创汽车,合创007,sg25872,sg25872,sg25872,pcauto,合创007,系列级补采,"太平洋汽车补采系列级数据, sg直接对齐, 无数字ID",销量源与pcauto同ID(sgXXX),True
19.0,路虎,发现运动版,sg25891,sg25891,sg25891,pcauto,发现运动版,系列级补采,"太平洋汽车补采系列级数据, sg直接对齐, 无数字ID",销量源与pcauto同ID(sgXXX),True
,奇瑞新能源,大蚂蚁,sg25902,sg25902,sg25902,pcauto,大蚂蚁,系列级补采,"太平洋汽车补采系列级数据, sg直接对齐, 无数字ID",销量源与pcauto同ID(sgXXX),True
12.0,别克,微蓝7,sg25971,sg25971,sg25971,pcauto,微蓝7,系列级补采,"太平洋汽车补采系列级数据, sg直接对齐, 无数字ID",销量源与pcauto同ID(sgXXX),True
264.0,吉利几何,吉利几何C,sg25972,sg25972,sg25972,pcauto,吉利几何C,系列级补采,"太平洋汽车补采系列级数据, sg直接对齐, 无数字ID",销量源与pcauto同ID(sgXXX),True
176.0,ARCFOX极狐,极狐 阿尔法T(ARCFOX αT),sg25982,sg25982,sg25982,pcauto,极狐 阿尔法T(ARCFOX αT),系列级补采,"太平洋汽车补采系列级数据, sg直接对齐, 无数字ID",销量源与pcauto同ID(sgXXX),True
36.0,荣威,科莱威CLEVER,sg26043,sg26043,sg26043,pcauto,科莱威CLEVER,系列级补采,"太平洋汽车补采系列级数据, sg直接对齐, 无数字ID",销量源与pcauto同ID(sgXXX),True
119.0,长安欧尚,奔奔E-Star,sg26061,sg26061,sg26061,pcauto,奔奔E-Star,系列级补采,"太平洋汽车补采系列级数据, sg直接对齐, 无数字ID",销量源与pcauto同ID(sgXXX),True
39.0,五菱,宏光MINIEV,sg26211,sg26211,sg26211,pcauto,宏光MINIEV,系列级补采,"太平洋汽车补采系列级数据, sg直接对齐, 无数字ID",销量源与pcauto同ID(sgXXX),True
108.0,大通,上汽大通MAXUS D90 Pro,sg26242,sg26242,sg26242,pcauto,上汽大通MAXUS D90 Pro,系列级补采,"太平洋汽车补采系列级数据, sg直接对齐, 无数字ID",销量源与pcauto同ID(sgXXX),True
,观致,观致7,sg26271,sg26271,sg26271,pcauto,观致7,系列级补采,"太平洋汽车补采系列级数据, sg直接对齐, 无数字ID",销量源与pcauto同ID(sgXXX),True
119.0,长安欧尚,长安欧尚X5,sg26361,sg26361,sg26361,pcauto,长安欧尚X5,系列级补采,"太平洋汽车补采系列级数据, sg直接对齐, 无数字ID",销量源与pcauto同ID(sgXXX),True
21.0,雪铁龙,雪铁龙C3L,sg26391,sg26391,sg26391,pcauto,雪铁龙C3L,系列级补采,"太平洋汽车补采系列级数据, sg直接对齐, 无数字ID",销量源与pcauto同ID(sgXXX),True
7.0,福特,锐际新能源,sg26402,sg26402,sg26402,pcauto,锐际新能源,系列级补采,"太平洋汽车补采系列级数据, sg直接对齐, 无数字ID",销量源与pcauto同ID(sgXXX),True
2.0,奥迪,奥迪e-tron,sg26404,sg26404,sg26404,pcauto,奥迪e-tron,系列级补采,"太平洋汽车补采系列级数据, sg直接对齐, 无数字ID",销量源与pcauto同ID(sgXXX),True
16.0,比亚迪,宋PLUS新能源,sg26406,sg26406,sg26406,pcauto,宋PLUS新能源,系列级补采,"太平洋汽车补采系列级数据, sg直接对齐, 无数字ID",销量源与pcauto同ID(sgXXX),True
39.0,五菱,五菱凯捷,sg26411,sg26411,sg26411,pcauto,五菱凯捷,系列级补采,"太平洋汽车补采系列级数据, sg直接对齐, 无数字ID",销量源与pcauto同ID(sgXXX),True
401.0,飞凡汽车,飞凡ER6,sg26471,sg26471,sg26471,pcauto,飞凡ER6,系列级补采,"太平洋汽车补采系列级数据, sg直接对齐, 无数字ID",销量源与pcauto同ID(sgXXX),True
,思铭,东风本田M-NV,sg26484,sg26484,sg26484,pcauto,东风本田M-NV,系列级补采,"太平洋汽车补采系列级数据, sg直接对齐, 无数字ID",销量源与pcauto同ID(sgXXX),True
21.0,雪铁龙,天逸 C5 AIRCROSS新能源,sg26492,sg26492,sg26492,pcauto,天逸 C5 AIRCROSS新能源,系列级补采,"太平洋汽车补采系列级数据, sg直接对齐, 无数字ID",销量源与pcauto同ID(sgXXX),True
235.0,思皓,思皓E40X,sg26575,sg26575,sg26575,pcauto,思皓E40X,系列级补采,"太平洋汽车补采系列级数据, sg直接对齐, 无数字ID",销量源与pcauto同ID(sgXXX),True
235.0,思皓,思皓E50A,sg26581,sg26581,sg26581,pcauto,思皓E50A,系列级补采,"太平洋汽车补采系列级数据, sg直接对齐, 无数字ID",销量源与pcauto同ID(sgXXX),True
,雷丁,雷丁芒果,sg26631,sg26631,sg26631,pcauto,雷丁芒果,系列级补采,"太平洋汽车补采系列级数据, sg直接对齐, 无数字ID",销量源与pcauto同ID(sgXXX),True
,哪吒汽车,哪吒V,sg26641,sg26641,sg26641,pcauto,哪吒V,系列级补采,"太平洋汽车补采系列级数据, sg直接对齐, 无数字ID",销量源与pcauto同ID(sgXXX),True
176.0,ARCFOX极狐,极狐 阿尔法S(ARCFOX αS),sg26664,sg26664,sg26664,pcauto,极狐 阿尔法S(ARCFOX αS),系列级补采,"太平洋汽车补采系列级数据, sg直接对齐, 无数字ID",销量源与pcauto同ID(sgXXX),True
19.0,路虎,发现运动版新能源,sg26741,sg26741,sg26741,pcauto,发现运动版新能源,系列级补采,"太平洋汽车补采系列级数据, sg直接对齐, 无数字ID",销量源与pcauto同ID(sgXXX),True
36.0,荣威,荣威i6 MAX新能源,sg26763,sg26763,sg26763,pcauto,荣威i6 MAX新能源,系列级补采,"太平洋汽车补采系列级数据, sg直接对齐, 无数字ID",销量源与pcauto同ID(sgXXX),True
9.0,本田,本田CR-V新能源,sg26774,sg26774,sg26774,pcauto,本田CR-V新能源,系列级补采,"太平洋汽车补采系列级数据, sg直接对齐, 无数字ID",销量源与pcauto同ID(sgXXX),True
24.0,沃尔沃,沃尔沃XC40新能源,sg26811,sg26811,sg26811,pcauto,沃尔沃XC40新能源,系列级补采,"太平洋汽车补采系列级数据, sg直接对齐, 无数字ID",销量源与pcauto同ID(sgXXX),True
235.0,思皓,思皓X8,sg26813,sg26813,sg26813,pcauto,思皓X8,系列级补采,"太平洋汽车补采系列级数据, sg直接对齐, 无数字ID",销量源与pcauto同ID(sgXXX),True
57.0,福田,蒙派克E,sg2694,sg2694,sg2694,pcauto,蒙派克E,系列级补采,"太平洋汽车补采系列级数据, sg直接对齐, 无数字ID",销量源与pcauto同ID(sgXXX),True
5.0,丰田,凌尚,sg27023,sg27023,sg27023,pcauto,凌尚,系列级补采,"太平洋汽车补采系列级数据, sg直接对齐, 无数字ID",销量源与pcauto同ID(sgXXX),True
5.0,丰田,威兰达新能源,sg27029,sg27029,sg27029,pcauto,威兰达新能源,系列级补采,"太平洋汽车补采系列级数据, sg直接对齐, 无数字ID",销量源与pcauto同ID(sgXXX),True
,广汽集团,绎乐,sg27031,sg27031,sg27031,pcauto,绎乐,系列级补采,"太平洋汽车补采系列级数据, sg直接对齐, 无数字ID",销量源与pcauto同ID(sgXXX),True
27.0,奔腾,奔腾T55,sg27033,sg27033,sg27033,pcauto,奔腾T55,系列级补采,"太平洋汽车补采系列级数据, sg直接对齐, 无数字ID",销量源与pcauto同ID(sgXXX),True
5.0,丰田,亚洲狮,sg27042,sg27042,sg27042,pcauto,亚洲狮,系列级补采,"太平洋汽车补采系列级数据, sg直接对齐, 无数字ID",销量源与pcauto同ID(sgXXX),True
16.0,比亚迪,秦PLUS,sg27043,sg27043,sg27043,pcauto,秦PLUS,系列级补采,"太平洋汽车补采系列级数据, sg直接对齐, 无数字ID",销量源与pcauto同ID(sgXXX),True
5.0,丰田,RAV4荣放双擎E+,sg27091,sg27091,sg27091,pcauto,RAV4荣放双擎E+,系列级补采,"太平洋汽车补采系列级数据, sg直接对齐, 无数字ID",销量源与pcauto同ID(sgXXX),True
235.0,思皓,思皓QX,sg27151,sg27151,sg27151,pcauto,思皓QX,系列级补采,"太平洋汽车补采系列级数据, sg直接对齐, 无数字ID",销量源与pcauto同ID(sgXXX),True
27.0,奔腾,奔腾NAT,sg27172,sg27172,sg27172,pcauto,奔腾NAT,系列级补采,"太平洋汽车补采系列级数据, sg直接对齐, 无数字ID",销量源与pcauto同ID(sgXXX),True
,魏牌,摩卡,sg27201,sg27201,sg27201,pcauto,摩卡,系列级补采,"太平洋汽车补采系列级数据, sg直接对齐, 无数字ID",销量源与pcauto同ID(sgXXX),True
17.0,哈弗,哈弗赤兔,sg27301,sg27301,sg27301,pcauto,哈弗赤兔,系列级补采,"太平洋汽车补采系列级数据, sg直接对齐, 无数字ID",销量源与pcauto同ID(sgXXX),True
,魏牌,玛奇朵DHT,sg27341,sg27341,sg27341,pcauto,玛奇朵DHT,系列级补采,"太平洋汽车补采系列级数据, sg直接对齐, 无数字ID",销量源与pcauto同ID(sgXXX),True
,朋克汽车,朋克美美,sg27343,sg27343,sg27343,pcauto,朋克美美,系列级补采,"太平洋汽车补采系列级数据, sg直接对齐, 无数字ID",销量源与pcauto同ID(sgXXX),True
1.0,大众,ID.6 CROZZ,sg27362,sg27362,sg27362,pcauto,ID.6 CROZZ,系列级补采,"太平洋汽车补采系列级数据, sg直接对齐, 无数字ID",销量源与pcauto同ID(sgXXX),True
73.0,吉利汽车,帝豪S,sg27398,sg27398,sg27398,pcauto,帝豪S,系列级补采,"太平洋汽车补采系列级数据, sg直接对齐, 无数字ID",销量源与pcauto同ID(sgXXX),True
16.0,比亚迪,元Pro,sg27403,sg27403,sg27403,pcauto,元Pro,系列级补采,"太平洋汽车补采系列级数据, sg直接对齐, 无数字ID",销量源与pcauto同ID(sgXXX),True
,极氪,极氪001,sg27421,sg27421,sg27421,pcauto,极氪001,系列级补采,"太平洋汽车补采系列级数据, sg直接对齐, 无数字ID",销量源与pcauto同ID(sgXXX),True
9.0,本田,皓影新能源,sg27432,sg27432,sg27432,pcauto,皓影新能源,系列级补采,"太平洋汽车补采系列级数据, sg直接对齐, 无数字ID",销量源与pcauto同ID(sgXXX),True
195.0,小鹏,小鹏P5,sg27442,sg27442,sg27442,pcauto,小鹏P5,系列级补采,"太平洋汽车补采系列级数据, sg直接对齐, 无数字ID",销量源与pcauto同ID(sgXXX),True
21.0,雪铁龙,雪铁龙C5 X新能源(进口),sg27463,sg27463,sg27463,pcauto,雪铁龙C5 X新能源(进口),系列级补采,"太平洋汽车补采系列级数据, sg直接对齐, 无数字ID",销量源与pcauto同ID(sgXXX),True
119.0,长安欧尚,长安欧尚X7 PLUS,sg27472,sg27472,sg27472,pcauto,长安欧尚X7 PLUS,系列级补采,"太平洋汽车补采系列级数据, sg直接对齐, 无数字ID",销量源与pcauto同ID(sgXXX),True
15.0,马自达,马自达CX-30 EV,sg27501,sg27501,sg27501,pcauto,马自达CX-30 EV,系列级补采,"太平洋汽车补采系列级数据, sg直接对齐, 无数字ID",销量源与pcauto同ID(sgXXX),True
368.0,合创汽车,合创Z03,sg27516,sg27516,sg27516,pcauto,合创Z03,系列级补采,"太平洋汽车补采系列级数据, sg直接对齐, 无数字ID",销量源与pcauto同ID(sgXXX),True
,魏牌,拿铁DHT,sg27542,sg27542,sg27542,pcauto,拿铁DHT,系列级补采,"太平洋汽车补采系列级数据, sg直接对齐, 无数字ID",销量源与pcauto同ID(sgXXX),True
,宝骏,宝骏KiWi EV,sg27591,sg27591,sg27591,pcauto,宝骏KiWi EV,系列级补采,"太平洋汽车补采系列级数据, sg直接对齐, 无数字ID",销量源与pcauto同ID(sgXXX),True
,三菱,阿图柯AIRTREK,sg27621,sg27621,sg27621,pcauto,阿图柯AIRTREK,系列级补采,"太平洋汽车补采系列级数据, sg直接对齐, 无数字ID",销量源与pcauto同ID(sgXXX),True
368.0,创维汽车,创维汽车EV6,sg27624,sg27624,sg27624,pcauto,创维汽车EV6,系列级补采,"太平洋汽车补采系列级数据, sg直接对齐, 无数字ID",销量源与pcauto同ID(sgXXX),True
123.0,威马汽车,威马E.5,sg27692,sg27692,sg27692,pcauto,威马E.5,系列级补采,"太平洋汽车补采系列级数据, sg直接对齐, 无数字ID",销量源与pcauto同ID(sgXXX),True
,东风纳米,东风纳米EX1,sg27702,sg27702,sg27702,pcauto,东风纳米EX1,系列级补采,"太平洋汽车补采系列级数据, sg直接对齐, 无数字ID",销量源与pcauto同ID(sgXXX),True
,朋克汽车,朋克多多,sg27721,sg27721,sg27721,pcauto,朋克多多,系列级补采,"太平洋汽车补采系列级数据, sg直接对齐, 无数字ID",销量源与pcauto同ID(sgXXX),True
,中国重汽VGV,VGV U75PLUS,sg27743,sg27743,sg27743,pcauto,VGV U75PLUS,系列级补采,"太平洋汽车补采系列级数据, sg直接对齐, 无数字ID",销量源与pcauto同ID(sgXXX),True
40.0,广汽传祺,传祺GS4 PLUS,sg27745,sg27745,sg27745,pcauto,传祺GS4 PLUS,系列级补采,"太平洋汽车补采系列级数据, sg直接对齐, 无数字ID",销量源与pcauto同ID(sgXXX),True
5.0,丰田,赛那SIENNA,sg27747,sg27747,sg27747,pcauto,赛那SIENNA,系列级补采,"太平洋汽车补采系列级数据, sg直接对齐, 无数字ID",销量源与pcauto同ID(sgXXX),True
19.0,路虎,揽胜极光新能源,sg27751,sg27751,sg27751,pcauto,揽胜极光新能源,系列级补采,"太平洋汽车补采系列级数据, sg直接对齐, 无数字ID",销量源与pcauto同ID(sgXXX),True
73.0,吉利汽车,星越S,sg27771,sg27771,sg27771,pcauto,星越S,系列级补采,"太平洋汽车补采系列级数据, sg直接对齐, 无数字ID",销量源与pcauto同ID(sgXXX),True
5.0,丰田,凌放HARRIER,sg27803,sg27803,sg27803,pcauto,凌放HARRIER,系列级补采,"太平洋汽车补采系列级数据, sg直接对齐, 无数字ID",销量源与pcauto同ID(sgXXX),True
17.0,哈弗,哈弗神兽,sg27804,sg27804,sg27804,pcauto,哈弗神兽,系列级补采,"太平洋汽车补采系列级数据, sg直接对齐, 无数字ID",销量源与pcauto同ID(sgXXX),True
,MG名爵,MG ONE,sg27805,sg27805,sg27805,pcauto,MG ONE,系列级补采,"太平洋汽车补采系列级数据, sg直接对齐, 无数字ID",销量源与pcauto同ID(sgXXX),True
,SRM鑫源,金海狮,sg27814,sg27814,sg27814,pcauto,金海狮,系列级补采,"太平洋汽车补采系列级数据, sg直接对齐, 无数字ID",销量源与pcauto同ID(sgXXX),True
,奇瑞新能源,QQ冰淇淋,sg27822,sg27822,sg27822,pcauto,QQ冰淇淋,系列级补采,"太平洋汽车补采系列级数据, sg直接对齐, 无数字ID",销量源与pcauto同ID(sgXXX),True
235.0,思皓,思皓曜,sg27831,sg27831,sg27831,pcauto,思皓曜,系列级补采,"太平洋汽车补采系列级数据, sg直接对齐, 无数字ID",销量源与pcauto同ID(sgXXX),True
174.0,领克,领克09新能源,sg27872,sg27872,sg27872,pcauto,领克09新能源,系列级补采,"太平洋汽车补采系列级数据, sg直接对齐, 无数字ID",销量源与pcauto同ID(sgXXX),True
73.0,吉利汽车,帝豪L,sg27882,sg27882,sg27882,pcauto,帝豪L,系列级补采,"太平洋汽车补采系列级数据, sg直接对齐, 无数字ID",销量源与pcauto同ID(sgXXX),True
,电动屋,YOUNG光小新,sg27911,sg27911,sg27911,pcauto,YOUNG光小新,系列级补采,"太平洋汽车补采系列级数据, sg直接对齐, 无数字ID",销量源与pcauto同ID(sgXXX),True
,百智新能源,百智大熊,sg28033,sg28033,sg28033,pcauto,百智大熊,系列级补采,"太平洋汽车补采系列级数据, sg直接对齐, 无数字ID",销量源与pcauto同ID(sgXXX),True
264.0,吉利几何,EX3 功夫牛,sg28041,sg28041,sg28041,pcauto,EX3 功夫牛,系列级补采,"太平洋汽车补采系列级数据, sg直接对齐, 无数字ID",销量源与pcauto同ID(sgXXX),True
27.0,奔腾,奔腾B70S,sg28313,sg28313,sg28313,pcauto,奔腾B70S,系列级补采,"太平洋汽车补采系列级数据, sg直接对齐, 无数字ID",销量源与pcauto同ID(sgXXX),True
,鸿蒙智行,问界M5,sg28441,sg28441,sg28441,pcauto,问界M5,系列级补采,"太平洋汽车补采系列级数据, sg直接对齐, 无数字ID",销量源与pcauto同ID(sgXXX),True
,华晨新日,华晨新日i03A,sg28592,sg28592,sg28592,pcauto,华晨新日i03A,系列级补采,"太平洋汽车补采系列级数据, sg直接对齐, 无数字ID",销量源与pcauto同ID(sgXXX),True
,华晨新日,华晨新日i03,sg28602,sg28602,sg28602,pcauto,华晨新日i03,系列级补采,"太平洋汽车补采系列级数据, sg直接对齐, 无数字ID",销量源与pcauto同ID(sgXXX),True
5.0,丰田,威驰,sg3163,sg3163,sg3163,pcauto,威驰,系列级补采,"太平洋汽车补采系列级数据, sg直接对齐, 无数字ID",销量源与pcauto同ID(sgXXX),True
11.0,现代,悦动,sg3174,sg3174,sg3174,pcauto,悦动,系列级补采,"太平洋汽车补采系列级数据, sg直接对齐, 无数字ID",销量源与pcauto同ID(sgXXX),True
9.0,本田,飞度,sg3224,sg3224,sg3224,pcauto,飞度,系列级补采,"太平洋汽车补采系列级数据, sg直接对齐, 无数字ID",销量源与pcauto同ID(sgXXX),True
7.0,福特,福克斯,sg3404,sg3404,sg3404,pcauto,福克斯,系列级补采,"太平洋汽车补采系列级数据, sg直接对齐, 无数字ID",销量源与pcauto同ID(sgXXX),True
35.0,长安,悦翔,sg3664,sg3664,sg3664,pcauto,悦翔,系列级补采,"太平洋汽车补采系列级数据, sg直接对齐, 无数字ID",销量源与pcauto同ID(sgXXX),True
,MG名爵,MG6,sg3686,sg3686,sg3686,pcauto,MG6,系列级补采,"太平洋汽车补采系列级数据, sg直接对齐, 无数字ID",销量源与pcauto同ID(sgXXX),True
13.0,起亚,福瑞迪,sg3734,sg3734,sg3734,pcauto,福瑞迪,系列级补采,"太平洋汽车补采系列级数据, sg直接对齐, 无数字ID",销量源与pcauto同ID(sgXXX),True
11.0,现代,北京现代ix35,sg4431,sg4431,sg4431,pcauto,北京现代ix35,系列级补采,"太平洋汽车补采系列级数据, sg直接对齐, 无数字ID",销量源与pcauto同ID(sgXXX),True
68.0,北京越野,北京BJ40,sg4505,sg4505,sg4505,pcauto,北京BJ40,系列级补采,"太平洋汽车补采系列级数据, sg直接对齐, 无数字ID",销量源与pcauto同ID(sgXXX),True
61.0,标致,标致508,sg4715,sg4715,sg4715,pcauto,标致508,系列级补采,"太平洋汽车补采系列级数据, sg直接对齐, 无数字ID",销量源与pcauto同ID(sgXXX),True
10.0,日产,骐达,sg5045,sg5045,sg5045,pcauto,骐达,系列级补采,"太平洋汽车补采系列级数据, sg直接对齐, 无数字ID",销量源与pcauto同ID(sgXXX),True
1.0,大众,途安,sg678,sg678,sg678,pcauto,途安,系列级补采,"太平洋汽车补采系列级数据, sg直接对齐, 无数字ID",销量源与pcauto同ID(sgXXX),True
13.0,起亚,起亚K5凯酷,sg7075,sg7075,sg7075,pcauto,起亚K5凯酷,系列级补采,"太平洋汽车补采系列级数据, sg直接对齐, 无数字ID",销量源与pcauto同ID(sgXXX),True
10.0,日产,楼兰,sg7129,sg7129,sg7129,pcauto,楼兰,系列级补采,"太平洋汽车补采系列级数据, sg直接对齐, 无数字ID",销量源与pcauto同ID(sgXXX),True
,MG名爵,MG5,sg7195,sg7195,sg7195,pcauto,MG5,系列级补采,"太平洋汽车补采系列级数据, sg直接对齐, 无数字ID",销量源与pcauto同ID(sgXXX),True
59.0,红旗,红旗H7,sg7543,sg7543,sg7543,pcauto,红旗H7,系列级补采,"太平洋汽车补采系列级数据, sg直接对齐, 无数字ID",销量源与pcauto同ID(sgXXX),True
12.0,别克,昂科拉,sg7891,sg7891,sg7891,pcauto,昂科拉,系列级补采,"太平洋汽车补采系列级数据, sg直接对齐, 无数字ID",销量源与pcauto同ID(sgXXX),True
12.0,别克,英朗,sg8090,sg8090,sg8090,pcauto,英朗,系列级补采,"太平洋汽车补采系列级数据, sg直接对齐, 无数字ID",销量源与pcauto同ID(sgXXX),True
16.0,比亚迪,秦新能源,sg8120,sg8120,sg8120,pcauto,秦新能源,系列级补采,"太平洋汽车补采系列级数据, sg直接对齐, 无数字ID",销量源与pcauto同ID(sgXXX),True
23.0,斯柯达,昕锐,sg8179,sg8179,sg8179,pcauto,昕锐,系列级补采,"太平洋汽车补采系列级数据, sg直接对齐, 无数字ID",销量源与pcauto同ID(sgXXX),True
,三菱,劲炫ASX,sg8350,sg8350,sg8350,pcauto,劲炫ASX,系列级补采,"太平洋汽车补采系列级数据, sg直接对齐, 无数字ID",销量源与pcauto同ID(sgXXX),True
53.0,海马,海马S7,sg9260,sg9260,sg9260,pcauto,海马S7,系列级补采,"太平洋汽车补采系列级数据, sg直接对齐, 无数字ID",销量源与pcauto同ID(sgXXX),True
11.0,现代,名图,sg9281,sg9281,sg9281,pcauto,名图,系列级补采,"太平洋汽车补采系列级数据, sg直接对齐, 无数字ID",销量源与pcauto同ID(sgXXX),True
9.0,本田,凌派,sg9301,sg9301,sg9301,pcauto,凌派,系列级补采,"太平洋汽车补采系列级数据, sg直接对齐, 无数字ID",销量源与pcauto同ID(sgXXX),True
39.0,五菱,五菱宏光S,sg9604,sg9604,sg9604,pcauto,五菱宏光S,系列级补采,"太平洋汽车补采系列级数据, sg直接对齐, 无数字ID",销量源与pcauto同ID(sgXXX),True
5.0,丰田,YARiS L 致炫,sg9666,sg9666,sg9666,pcauto,YARiS L 致炫,系列级补采,"太平洋汽车补采系列级数据, sg直接对齐, 无数字ID",销量源与pcauto同ID(sgXXX),True
,DS,DS 9,sg9697,sg9697,sg9697,pcauto,DS 9,系列级补采,"太平洋汽车补采系列级数据, sg直接对齐, 无数字ID",销量源与pcauto同ID(sgXXX),True
1.0,大众,大众Polo,sg98,sg98,sg98,pcauto,大众Polo,系列级补采,"太平洋汽车补采系列级数据, sg直接对齐, 无数字ID",销量源与pcauto同ID(sgXXX),True
16.0,比亚迪,唐新能源,sg9847,sg9847,sg9847,pcauto,唐新能源,系列级补采,"太平洋汽车补采系列级数据, sg直接对齐, 无数字ID",销量源与pcauto同ID(sgXXX),True
11.0,现代,北京现代ix25,sg9917,sg9917,sg9917,pcauto,北京现代ix25,系列级补采,"太平洋汽车补采系列级数据, sg直接对齐, 无数字ID",销量源与pcauto同ID(sgXXX),True
68.0,北京越野,北京BJ80,sg10858,sg10858,sg10858,pcauto,北京BJ80,系列级补采,"太平洋汽车补采系列级数据, sg直接对齐, 无数字ID",销量源与pcauto同ID(sgXXX),True
53.0,海马郑州,海马S5青春版,sg14048,sg14048,sg14048,pcauto,海马S5青春版,系列级补采,"太平洋汽车补采系列级数据, sg直接对齐, 无数字ID",销量源与pcauto同ID(sgXXX),True
,MG名爵,名爵EZS纯电动,sg23605,sg23605,sg23605,pcauto,名爵EZS纯电动,系列级补采,"太平洋汽车补采系列级数据, sg直接对齐, 无数字ID",销量源与pcauto同ID(sgXXX),True
27.0,奔腾,奔腾E01,sg25701,sg25701,sg25701,pcauto,奔腾E01,系列级补采,"太平洋汽车补采系列级数据, sg直接对齐, 无数字ID",销量源与pcauto同ID(sgXXX),True
174.0,领克,领克06新能源,sg25992,sg25992,sg25992,pcauto,领克06新能源,系列级补采,"太平洋汽车补采系列级数据, sg直接对齐, 无数字ID",销量源与pcauto同ID(sgXXX),True
,魏牌,玛奇朵DHT-PHEV,sg27464,sg27464,sg27464,pcauto,玛奇朵DHT-PHEV,系列级补采,"太平洋汽车补采系列级数据, sg直接对齐, 无数字ID",销量源与pcauto同ID(sgXXX),True
7.0,福特,EVOS,sg27583,sg27583,sg27583,pcauto,EVOS,系列级补采,"太平洋汽车补采系列级数据, sg直接对齐, 无数字ID",销量源与pcauto同ID(sgXXX),True
16.0,比亚迪,比亚迪e6,sg3755,sg3755,sg3755,pcauto,比亚迪e6,系列级补采,"太平洋汽车补采系列级数据, sg直接对齐, 无数字ID",销量源与pcauto同ID(sgXXX),True
53.0,海马郑州,海马S5,sg9827,sg9827,sg9827,pcauto,海马S5,系列级补采,"太平洋汽车补采系列级数据, sg直接对齐, 无数字ID",销量源与pcauto同ID(sgXXX),True
10.0,日产,蓝鸟,sg129,sg129,sg129,pcauto,蓝鸟,系列级补采,"太平洋汽车补采系列级数据, sg直接对齐, 无数字ID",销量源与pcauto同ID(sgXXX),True
4.0,宝马,宝马2系旅行车,sg13339,sg13339,sg13339,pcauto,宝马2系旅行车,系列级补采,"太平洋汽车补采系列级数据, sg直接对齐, 无数字ID",销量源与pcauto同ID(sgXXX),True
35.0,长安,逸动新能源,sg21444,sg21444,sg21444,pcauto,逸动新能源,系列级补采,"太平洋汽车补采系列级数据, sg直接对齐, 无数字ID",销量源与pcauto同ID(sgXXX),True
,奇瑞新能源,艾瑞泽5e,sg21512,sg21512,sg21512,pcauto,艾瑞泽5e,系列级补采,"太平洋汽车补采系列级数据, sg直接对齐, 无数字ID",销量源与pcauto同ID(sgXXX),True
119.0,长安欧尚,长安欧尚X70A,sg22323,sg22323,sg22323,pcauto,长安欧尚X70A,系列级补采,"太平洋汽车补采系列级数据, sg直接对齐, 无数字ID",销量源与pcauto同ID(sgXXX),True
174.0,领克,领克02新能源,sg23293,sg23293,sg23293,pcauto,领克02新能源,系列级补采,"太平洋汽车补采系列级数据, sg直接对齐, 无数字ID",销量源与pcauto同ID(sgXXX),True
174.0,领克,领克03新能源,sg23294,sg23294,sg23294,pcauto,领克03新能源,系列级补采,"太平洋汽车补采系列级数据, sg直接对齐, 无数字ID",销量源与pcauto同ID(sgXXX),True
171.0,长安凯程,长安欧尚A600EV,sg24875,sg24875,sg24875,pcauto,长安欧尚A600EV,系列级补采,"太平洋汽车补采系列级数据, sg直接对齐, 无数字ID",销量源与pcauto同ID(sgXXX),True
108.0,大通,上汽大通MAXUS EUNIQ 7,sg26362,sg26362,sg26362,pcauto,上汽大通MAXUS EUNIQ 7,系列级补采,"太平洋汽车补采系列级数据, sg直接对齐, 无数字ID",销量源与pcauto同ID(sgXXX),True
,魏牌,魏牌 摩卡新能源,sg27202,sg27202,sg27202,pcauto,魏牌 摩卡新能源,系列级补采,"太平洋汽车补采系列级数据, sg直接对齐, 无数字ID",销量源与pcauto同ID(sgXXX),True
395.0,岚图汽车,岚图梦想家,sg28371,sg28371,sg28371,pcauto,岚图梦想家,系列级补采,"太平洋汽车补采系列级数据, sg直接对齐, 无数字ID",销量源与pcauto同ID(sgXXX),True
29.0,英菲尼迪,英菲尼迪QX60(进口),sg9690,sg9690,sg9690,pcauto,英菲尼迪QX60(进口),系列级补采,"太平洋汽车补采系列级数据, sg直接对齐, 无数字ID",销量源与pcauto同ID(sgXXX),True
27.0,奔腾,奔腾B30新能源,sg21674,sg21674,sg21674,pcauto,奔腾B30新能源,系列级补采,"太平洋汽车补采系列级数据, sg直接对齐, 无数字ID",销量源与pcauto同ID(sgXXX),True
119.0,长安欧尚,长安欧尚科赛,sg22623,sg22623,sg22623,pcauto,长安欧尚科赛,系列级补采,"太平洋汽车补采系列级数据, sg直接对齐, 无数字ID",销量源与pcauto同ID(sgXXX),True
21.0,雪铁龙,云逸 C4 AIRCROSS,sg22637,sg22637,sg22637,pcauto,云逸 C4 AIRCROSS,系列级补采,"太平洋汽车补采系列级数据, sg直接对齐, 无数字ID",销量源与pcauto同ID(sgXXX),True
35.0,长安,逸动DT,sg22734,sg22734,sg22734,pcauto,逸动DT,系列级补采,"太平洋汽车补采系列级数据, sg直接对齐, 无数字ID",销量源与pcauto同ID(sgXXX),True
373.0,东风富康,富康ES600,sg28567,sg28567,sg28567,pcauto,富康ES600,系列级补采,"太平洋汽车补采系列级数据, sg直接对齐, 无数字ID",销量源与pcauto同ID(sgXXX),True
381.0,睿蓝汽车,睿蓝汽车X3 PRO,sg28791,sg28791,sg28791,pcauto,睿蓝汽车X3 PRO,系列级补采,"太平洋汽车补采系列级数据, sg直接对齐, 无数字ID",销量源与pcauto同ID(sgXXX),True
,宝骏,宝骏RC-6,sg24895,sg24895,sg24895,pcauto,宝骏RC-6,系列级补采,"太平洋汽车补采系列级数据, sg直接对齐, 无数字ID",销量源与pcauto同ID(sgXXX),True
62.0,林肯,冒险家新能源,sg25100,sg25100,sg25100,pcauto,冒险家新能源,系列级补采,"太平洋汽车补采系列级数据, sg直接对齐, 无数字ID",销量源与pcauto同ID(sgXXX),True
95.0,东风风光,风光E1,sg25602,sg25602,sg25602,pcauto,风光E1,系列级补采,"太平洋汽车补采系列级数据, sg直接对齐, 无数字ID",销量源与pcauto同ID(sgXXX),True
68.0,北京越野,北京BJ30,sg26342,sg26342,sg26342,pcauto,北京BJ30,系列级补采,"太平洋汽车补采系列级数据, sg直接对齐, 无数字ID",销量源与pcauto同ID(sgXXX),True
7.0,福特,福特电马,sg27231,sg27231,sg27231,pcauto,福特电马,系列级补采,"太平洋汽车补采系列级数据, sg直接对齐, 无数字ID",销量源与pcauto同ID(sgXXX),True
36.0,荣威,鲸,sg27475,sg27475,sg27475,pcauto,鲸,系列级补采,"太平洋汽车补采系列级数据, sg直接对齐, 无数字ID",销量源与pcauto同ID(sgXXX),True
9.0,本田,本田e:NS1,sg28121,sg28121,sg28121,pcauto,本田e:NS1,系列级补采,"太平洋汽车补采系列级数据, sg直接对齐, 无数字ID",销量源与pcauto同ID(sgXXX),True
235.0,思皓,思皓X6,sg28254,sg28254,sg28254,pcauto,思皓X6,系列级补采,"太平洋汽车补采系列级数据, sg直接对齐, 无数字ID",销量源与pcauto同ID(sgXXX),True
61.0,标致,标致308,sg7589,sg7589,sg7589,pcauto,标致308,系列级补采,"太平洋汽车补采系列级数据, sg直接对齐, 无数字ID",销量源与pcauto同ID(sgXXX),True
70.0,东风风行,景逸S50,sg10410,sg10410,sg10410,pcauto,景逸S50,系列级补采,"太平洋汽车补采系列级数据, sg直接对齐, 无数字ID",销量源与pcauto同ID(sgXXX),True
119.0,长安欧尚,长安欧尚CX70,sg13299,sg13299,sg13299,pcauto,长安欧尚CX70,系列级补采,"太平洋汽车补采系列级数据, sg直接对齐, 无数字ID",销量源与pcauto同ID(sgXXX),True
17.0,哈弗,哈弗F7,sg23383,sg23383,sg23383,pcauto,哈弗F7,系列级补采,"太平洋汽车补采系列级数据, sg直接对齐, 无数字ID",销量源与pcauto同ID(sgXXX),True
209.0,捷途,捷途X70S EV,sg24263,sg24263,sg24263,pcauto,捷途X70S EV,系列级补采,"太平洋汽车补采系列级数据, sg直接对齐, 无数字ID",销量源与pcauto同ID(sgXXX),True
11.0,现代,昂希诺 纯电动,sg24609,sg24609,sg24609,pcauto,昂希诺 纯电动,系列级补采,"太平洋汽车补采系列级数据, sg直接对齐, 无数字ID",销量源与pcauto同ID(sgXXX),True
108.0,大通,大家9,sg27431,sg27431,sg27431,pcauto,大家9,系列级补采,"太平洋汽车补采系列级数据, sg直接对齐, 无数字ID",销量源与pcauto同ID(sgXXX),True
,天际,天际ME5,sg27731,sg27731,sg27731,pcauto,天际ME5,系列级补采,"太平洋汽车补采系列级数据, sg直接对齐, 无数字ID",销量源与pcauto同ID(sgXXX),True
9.0,本田,e:NP1 极湃1,sg28131,sg28131,sg28131,pcauto,e:NP1 极湃1,系列级补采,"太平洋汽车补采系列级数据, sg直接对齐, 无数字ID",销量源与pcauto同ID(sgXXX),True
68.0,北京汽车,魔方,sg28383,sg28383,sg28383,pcauto,魔方,系列级补采,"太平洋汽车补采系列级数据, sg直接对齐, 无数字ID",销量源与pcauto同ID(sgXXX),True
264.0,吉利几何,几何E萤火虫,sg28637,sg28637,sg28637,pcauto,几何E萤火虫,系列级补采,"太平洋汽车补采系列级数据, sg直接对齐, 无数字ID",销量源与pcauto同ID(sgXXX),True
73.0,吉利汽车,帝豪L HiP,sg28724,sg28724,sg28724,pcauto,帝豪L HiP,系列级补采,"太平洋汽车补采系列级数据, sg直接对齐, 无数字ID",销量源与pcauto同ID(sgXXX),True
,国金汽车,骏行,sg28952,sg28952,sg28952,pcauto,骏行,系列级补采,"太平洋汽车补采系列级数据, sg直接对齐, 无数字ID",销量源与pcauto同ID(sgXXX),True
,奇瑞新能源,瑞虎e,sg24553,sg24553,sg24553,pcauto,瑞虎e,系列级补采,"太平洋汽车补采系列级数据, sg直接对齐, 无数字ID",销量源与pcauto同ID(sgXXX),True
17.0,哈弗,哈弗酷狗,sg27604,sg27604,sg27604,pcauto,哈弗酷狗,系列级补采,"太平洋汽车补采系列级数据, sg直接对齐, 无数字ID",销量源与pcauto同ID(sgXXX),True
,魏牌,拿铁DHT-PHEV,sg28003,sg28003,sg28003,pcauto,拿铁DHT-PHEV,系列级补采,"太平洋汽车补采系列级数据, sg直接对齐, 无数字ID",销量源与pcauto同ID(sgXXX),True
24.0,沃尔沃,沃尔沃C40,sg28671,sg28671,sg28671,pcauto,沃尔沃C40,系列级补采,"太平洋汽车补采系列级数据, sg直接对齐, 无数字ID",销量源与pcauto同ID(sgXXX),True
,鸿蒙智行,问界M7,sg28721,sg28721,sg28721,pcauto,问界M7,系列级补采,"太平洋汽车补采系列级数据, sg直接对齐, 无数字ID",销量源与pcauto同ID(sgXXX),True
235.0,思皓,思皓爱跑,sg28725,sg28725,sg28725,pcauto,思皓爱跑,系列级补采,"太平洋汽车补采系列级数据, sg直接对齐, 无数字ID",销量源与pcauto同ID(sgXXX),True
12.0,别克,凯越,sg3188,sg3188,sg3188,pcauto,凯越,系列级补采,"太平洋汽车补采系列级数据, sg直接对齐, 无数字ID",销量源与pcauto同ID(sgXXX),True
59.0,红旗,红旗国耀,sg28211,sg28211,sg28211,pcauto,红旗国耀,系列级补采,"太平洋汽车补采系列级数据, sg直接对齐, 无数字ID",销量源与pcauto同ID(sgXXX),True
36.0,荣威,荣威iMAX8新能源,sg28636,sg28636,sg28636,pcauto,荣威iMAX8新能源,系列级补采,"太平洋汽车补采系列级数据, sg直接对齐, 无数字ID",销量源与pcauto同ID(sgXXX),True
112.0,蔚来,蔚来ES7,sg28661,sg28661,sg28661,pcauto,蔚来ES7,系列级补采,"太平洋汽车补采系列级数据, sg直接对齐, 无数字ID",销量源与pcauto同ID(sgXXX),True
,MG名爵,MG4,sg28701,sg28701,sg28701,pcauto,MG4,系列级补采,"太平洋汽车补采系列级数据, sg直接对齐, 无数字ID",销量源与pcauto同ID(sgXXX),True
9.0,本田,ZR-V 致在,sg28782,sg28782,sg28782,pcauto,ZR-V 致在,系列级补采,"太平洋汽车补采系列级数据, sg直接对齐, 无数字ID",销量源与pcauto同ID(sgXXX),True
142.0,凯翼,凯翼X3,sg13560,sg13560,sg13560,pcauto,凯翼X3,系列级补采,"太平洋汽车补采系列级数据, sg直接对齐, 无数字ID",销量源与pcauto同ID(sgXXX),True
3.0,奔驰,奔驰C级新能源,sg21458,sg21458,sg21458,pcauto,奔驰C级新能源,系列级补采,"太平洋汽车补采系列级数据, sg直接对齐, 无数字ID",销量源与pcauto同ID(sgXXX),True
70.0,东风风行,风行游艇,sg27582,sg27582,sg27582,pcauto,风行游艇,系列级补采,"太平洋汽车补采系列级数据, sg直接对齐, 无数字ID",销量源与pcauto同ID(sgXXX),True
17.0,哈弗,哈弗H6新能源,sg28461,sg28461,sg28461,pcauto,哈弗H6新能源,系列级补采,"太平洋汽车补采系列级数据, sg直接对齐, 无数字ID",销量源与pcauto同ID(sgXXX),True
78.0,北汽制造,元宝,sg28594,sg28594,sg28594,pcauto,元宝,系列级补采,"太平洋汽车补采系列级数据, sg直接对齐, 无数字ID",销量源与pcauto同ID(sgXXX),True
207.0,零跑汽车,零跑C01,sg28614,sg28614,sg28614,pcauto,零跑C01,系列级补采,"太平洋汽车补采系列级数据, sg直接对齐, 无数字ID",销量源与pcauto同ID(sgXXX),True
119.0,长安欧尚,长安欧尚Z6 智电iDD,sg28760,sg28760,sg28760,pcauto,长安欧尚Z6 智电iDD,系列级补采,"太平洋汽车补采系列级数据, sg直接对齐, 无数字ID",销量源与pcauto同ID(sgXXX),True
12.0,别克,昂扬,sg28863,sg28863,sg28863,pcauto,昂扬,系列级补采,"太平洋汽车补采系列级数据, sg直接对齐, 无数字ID",销量源与pcauto同ID(sgXXX),True
,东南,东南DX8 PLUS,sg28964,sg28964,sg28964,pcauto,东南DX8 PLUS,系列级补采,"太平洋汽车补采系列级数据, sg直接对齐, 无数字ID",销量源与pcauto同ID(sgXXX),True
21.0,雪铁龙,全新爱丽舍,sg3187,sg3187,sg3187,pcauto,全新爱丽舍,系列级补采,"太平洋汽车补采系列级数据, sg直接对齐, 无数字ID",销量源与pcauto同ID(sgXXX),True
35.0,长安,睿骋,sg7531,sg7531,sg7531,pcauto,睿骋,系列级补采,"太平洋汽车补采系列级数据, sg直接对齐, 无数字ID",销量源与pcauto同ID(sgXXX),True
5.0,丰田,一汽丰田bZ4X,sg28712,sg28712,sg28712,pcauto,一汽丰田bZ4X,系列级补采,"太平洋汽车补采系列级数据, sg直接对齐, 无数字ID",销量源与pcauto同ID(sgXXX),True
159.0,腾势,腾势D9,sg28718,sg28718,sg28718,pcauto,腾势D9,系列级补采,"太平洋汽车补采系列级数据, sg直接对齐, 无数字ID",销量源与pcauto同ID(sgXXX),True
,东风纳米,纳米BOX,sg28843,sg28843,sg28843,pcauto,纳米BOX,系列级补采,"太平洋汽车补采系列级数据, sg直接对齐, 无数字ID",销量源与pcauto同ID(sgXXX),True
,东南,东南DX8,sg28963,sg28963,sg28963,pcauto,东南DX8,系列级补采,"太平洋汽车补采系列级数据, sg直接对齐, 无数字ID",销量源与pcauto同ID(sgXXX),True
12.0,别克,阅朗,sg22188,sg22188,sg22188,pcauto,阅朗,系列级补采,"太平洋汽车补采系列级数据, sg直接对齐, 无数字ID",销量源与pcauto同ID(sgXXX),True
,哪吒汽车,哪吒S,sg27503,sg27503,sg27503,pcauto,哪吒S,系列级补采,"太平洋汽车补采系列级数据, sg直接对齐, 无数字ID",销量源与pcauto同ID(sgXXX),True
5.0,丰田,广汽丰田bZ4X,sg28380,sg28380,sg28380,pcauto,广汽丰田bZ4X,系列级补采,"太平洋汽车补采系列级数据, sg直接对齐, 无数字ID",销量源与pcauto同ID(sgXXX),True
368.0,合创汽车,合创A06,sg28425,sg28425,sg28425,pcauto,合创A06,系列级补采,"太平洋汽车补采系列级数据, sg直接对齐, 无数字ID",销量源与pcauto同ID(sgXXX),True
,奇瑞新能源,无界PRO,sg28726,sg28726,sg28726,pcauto,无界PRO,系列级补采,"太平洋汽车补采系列级数据, sg直接对齐, 无数字ID",销量源与pcauto同ID(sgXXX),True
73.0,吉利汽车,星越L增程电动版,sg29062,sg29062,sg29062,pcauto,星越L增程电动版,系列级补采,"太平洋汽车补采系列级数据, sg直接对齐, 无数字ID",销量源与pcauto同ID(sgXXX),True
78.0,北汽制造,家宝,sg29449,sg29449,sg29449,pcauto,家宝,系列级补采,"太平洋汽车补采系列级数据, sg直接对齐, 无数字ID",销量源与pcauto同ID(sgXXX),True
,奇瑞新能源,瑞虎3xe,sg22444,sg22444,sg22444,pcauto,瑞虎3xe,系列级补采,"太平洋汽车补采系列级数据, sg直接对齐, 无数字ID",销量源与pcauto同ID(sgXXX),True
16.0,比亚迪,宋Pro新能源,sg24638,sg24638,sg24638,pcauto,宋Pro新能源,系列级补采,"太平洋汽车补采系列级数据, sg直接对齐, 无数字ID",销量源与pcauto同ID(sgXXX),True
,爱驰,爱驰U6,sg25783,sg25783,sg25783,pcauto,爱驰U6,系列级补采,"太平洋汽车补采系列级数据, sg直接对齐, 无数字ID",销量源与pcauto同ID(sgXXX),True
395.0,岚图汽车,岚图追光,sg26593,sg26593,sg26593,pcauto,岚图追光,系列级补采,"太平洋汽车补采系列级数据, sg直接对齐, 无数字ID",销量源与pcauto同ID(sgXXX),True
16.0,比亚迪,护卫舰07,sg27552,sg27552,sg27552,pcauto,护卫舰07,系列级补采,"太平洋汽车补采系列级数据, sg直接对齐, 无数字ID",销量源与pcauto同ID(sgXXX),True
142.0,凯翼,凯翼昆仑,sg28967,sg28967,sg28967,pcauto,凯翼昆仑,系列级补采,"太平洋汽车补采系列级数据, sg直接对齐, 无数字ID",销量源与pcauto同ID(sgXXX),True
15.0,马自达,阿特兹,sg10560,sg10560,sg10560,pcauto,阿特兹,系列级补采,"太平洋汽车补采系列级数据, sg直接对齐, 无数字ID",销量源与pcauto同ID(sgXXX),True
15.0,马自达,马自达CX-4,sg13827,sg13827,sg13827,pcauto,马自达CX-4,系列级补采,"太平洋汽车补采系列级数据, sg直接对齐, 无数字ID",销量源与pcauto同ID(sgXXX),True
36.0,荣威,荣威RX5新能源,sg21012,sg21012,sg21012,pcauto,荣威RX5新能源,系列级补采,"太平洋汽车补采系列级数据, sg直接对齐, 无数字ID",销量源与pcauto同ID(sgXXX),True
36.0,荣威,荣威i6 MAX,sg26504,sg26504,sg26504,pcauto,荣威i6 MAX,系列级补采,"太平洋汽车补采系列级数据, sg直接对齐, 无数字ID",销量源与pcauto同ID(sgXXX),True
,MG名爵,MG领航,sg26722,sg26722,sg26722,pcauto,MG领航,系列级补采,"太平洋汽车补采系列级数据, sg直接对齐, 无数字ID",销量源与pcauto同ID(sgXXX),True
,MG名爵,MG领航新能源,sg27044,sg27044,sg27044,pcauto,MG领航新能源,系列级补采,"太平洋汽车补采系列级数据, sg直接对齐, 无数字ID",销量源与pcauto同ID(sgXXX),True
,中国重汽VGV,VGV U70 PRO,sg28741,sg28741,sg28741,pcauto,VGV U70 PRO,系列级补采,"太平洋汽车补采系列级数据, sg直接对齐, 无数字ID",销量源与pcauto同ID(sgXXX),True
,海马新能源,海马7X新能源,sg28801,sg28801,sg28801,pcauto,海马7X新能源,系列级补采,"太平洋汽车补采系列级数据, sg直接对齐, 无数字ID",销量源与pcauto同ID(sgXXX),True
35.0,长安,长安CS55,sg20692,sg20692,sg20692,pcauto,长安CS55,系列级补采,"太平洋汽车补采系列级数据, sg直接对齐, 无数字ID",销量源与pcauto同ID(sgXXX),True
68.0,北京越野,北京BJ60,sg28722,sg28722,sg28722,pcauto,北京BJ60,系列级补采,"太平洋汽车补采系列级数据, sg直接对齐, 无数字ID",销量源与pcauto同ID(sgXXX),True
119.0,长安欧尚,长安欧尚X5 PLUS,sg28954,sg28954,sg28954,pcauto,长安欧尚X5 PLUS,系列级补采,"太平洋汽车补采系列级数据, sg直接对齐, 无数字ID",销量源与pcauto同ID(sgXXX),True
,极氪,极氪009,sg28991,sg28991,sg28991,pcauto,极氪009,系列级补采,"太平洋汽车补采系列级数据, sg直接对齐, 无数字ID",销量源与pcauto同ID(sgXXX),True
17.0,哈弗,哈弗大狗PLUS新能源,sg29114,sg29114,sg29114,pcauto,哈弗大狗PLUS新能源,系列级补采,"太平洋汽车补采系列级数据, sg直接对齐, 无数字ID",销量源与pcauto同ID(sgXXX),True
35.0,长安,长安CS75 PLUS 智电iDD,sg29302,sg29302,sg29302,pcauto,长安CS75 PLUS 智电iDD,系列级补采,"太平洋汽车补采系列级数据, sg直接对齐, 无数字ID",销量源与pcauto同ID(sgXXX),True
858.0,吉利银河,吉利熊猫,sg29374,sg29374,sg29374,pcauto,吉利熊猫,系列级补采,"太平洋汽车补采系列级数据, sg直接对齐, 无数字ID",销量源与pcauto同ID(sgXXX),True
36.0,荣威,荣威RX9,sg28747,sg28747,sg28747,pcauto,荣威RX9,系列级补采,"太平洋汽车补采系列级数据, sg直接对齐, 无数字ID",销量源与pcauto同ID(sgXXX),True
202.0,理想汽车,理想L7,sg29163,sg29163,sg29163,pcauto,理想L7,系列级补采,"太平洋汽车补采系列级数据, sg直接对齐, 无数字ID",销量源与pcauto同ID(sgXXX),True
95.0,东风风光,风光370,sg13218,sg13218,sg13218,pcauto,风光370,系列级补采,"太平洋汽车补采系列级数据, sg直接对齐, 无数字ID",销量源与pcauto同ID(sgXXX),True
,DS,DS 4S,sg13427,sg13427,sg13427,pcauto,DS 4S,系列级补采,"太平洋汽车补采系列级数据, sg直接对齐, 无数字ID",销量源与pcauto同ID(sgXXX),True
,MG名爵,MG7,sg1983,sg1983,sg1983,pcauto,MG7,系列级补采,"太平洋汽车补采系列级数据, sg直接对齐, 无数字ID",销量源与pcauto同ID(sgXXX),True
27.0,奔腾,奔腾M9,sg28868,sg28868,sg28868,pcauto,奔腾M9,系列级补采,"太平洋汽车补采系列级数据, sg直接对齐, 无数字ID",销量源与pcauto同ID(sgXXX),True
,魏牌,魏牌 蓝山,sg29218,sg29218,sg29218,pcauto,魏牌 蓝山,系列级补采,"太平洋汽车补采系列级数据, sg直接对齐, 无数字ID",销量源与pcauto同ID(sgXXX),True
40.0,广汽传祺,传祺E9,sg29571,sg29571,sg29571,pcauto,传祺E9,系列级补采,"太平洋汽车补采系列级数据, sg直接对齐, 无数字ID",销量源与pcauto同ID(sgXXX),True
,极氪,极氪X,sg29261,sg29261,sg29261,pcauto,极氪X,系列级补采,"太平洋汽车补采系列级数据, sg直接对齐, 无数字ID",销量源与pcauto同ID(sgXXX),True
,宝骏,宝骏悦也,sg29461,sg29461,sg29461,pcauto,宝骏悦也,系列级补采,"太平洋汽车补采系列级数据, sg直接对齐, 无数字ID",销量源与pcauto同ID(sgXXX),True
17.0,哈弗,哈弗枭龙,sg29581,sg29581,sg29581,pcauto,哈弗枭龙,系列级补采,"太平洋汽车补采系列级数据, sg直接对齐, 无数字ID",销量源与pcauto同ID(sgXXX),True
78.0,北汽制造,212,sg10250,sg10250,sg10250,pcauto,212,系列级补采,"太平洋汽车补采系列级数据, sg直接对齐, 无数字ID",销量源与pcauto同ID(sgXXX),True
209.0,捷途,捷途大圣i-DM,sg29108,sg29108,sg29108,pcauto,捷途大圣i-DM,系列级补采,"太平洋汽车补采系列级数据, sg直接对齐, 无数字ID",销量源与pcauto同ID(sgXXX),True
78.0,北汽制造,王牌M7,sg29112,sg29112,sg29112,pcauto,王牌M7,系列级补采,"太平洋汽车补采系列级数据, sg直接对齐, 无数字ID",销量源与pcauto同ID(sgXXX),True
,昊铂,昊铂GT,sg29362,sg29362,sg29362,pcauto,昊铂GT,系列级补采,"太平洋汽车补采系列级数据, sg直接对齐, 无数字ID",销量源与pcauto同ID(sgXXX),True
9.0,本田,雅阁新能源,sg29442,sg29442,sg29442,pcauto,雅阁新能源,系列级补采,"太平洋汽车补采系列级数据, sg直接对齐, 无数字ID",销量源与pcauto同ID(sgXXX),True
12.0,别克,别克E4,sg29443,sg29443,sg29443,pcauto,别克E4,系列级补采,"太平洋汽车补采系列级数据, sg直接对齐, 无数字ID",销量源与pcauto同ID(sgXXX),True
78.0,北汽制造,勇士,sg4573,sg4573,sg4573,pcauto,勇士,系列级补采,"太平洋汽车补采系列级数据, sg直接对齐, 无数字ID",销量源与pcauto同ID(sgXXX),True
425.0,坦克,坦克500新能源,sg29113,sg29113,sg29113,pcauto,坦克500新能源,系列级补采,"太平洋汽车补采系列级数据, sg直接对齐, 无数字ID",销量源与pcauto同ID(sgXXX),True
9.0,本田,英仕派新能源,sg29503,sg29503,sg29503,pcauto,英仕派新能源,系列级补采,"太平洋汽车补采系列级数据, sg直接对齐, 无数字ID",销量源与pcauto同ID(sgXXX),True
,宝骏,宝骏云朵,sg29841,sg29841,sg29841,pcauto,宝骏云朵,系列级补采,"太平洋汽车补采系列级数据, sg直接对齐, 无数字ID",销量源与pcauto同ID(sgXXX),True
176.0,ARCFOX极狐,极狐考拉,sg29431,sg29431,sg29431,pcauto,极狐考拉,系列级补采,"太平洋汽车补采系列级数据, sg直接对齐, 无数字ID",销量源与pcauto同ID(sgXXX),True
18.0,奇瑞,探索06,sg30046,sg30046,sg30046,pcauto,探索06,系列级补采,"太平洋汽车补采系列级数据, sg直接对齐, 无数字ID",销量源与pcauto同ID(sgXXX),True
,哪吒汽车,哪吒AYA,sg30064,sg30064,sg30064,pcauto,哪吒AYA,系列级补采,"太平洋汽车补采系列级数据, sg直接对齐, 无数字ID",销量源与pcauto同ID(sgXXX),True
10.0,日产,轩逸·纯电,sg22965,sg22965,sg22965,pcauto,轩逸·纯电,系列级补采,"太平洋汽车补采系列级数据, sg直接对齐, 无数字ID",销量源与pcauto同ID(sgXXX),True
,高合汽车,高合HiPhi X,sg25089,sg25089,sg25089,pcauto,高合HiPhi X,系列级补采,"太平洋汽车补采系列级数据, sg直接对齐, 无数字ID",销量源与pcauto同ID(sgXXX),True
,高合汽车,高合HiPhi Z,sg28252,sg28252,sg28252,pcauto,高合HiPhi Z,系列级补采,"太平洋汽车补采系列级数据, sg直接对齐, 无数字ID",销量源与pcauto同ID(sgXXX),True
174.0,领克,领克08,sg29439,sg29439,sg29439,pcauto,领克08,系列级补采,"太平洋汽车补采系列级数据, sg直接对齐, 无数字ID",销量源与pcauto同ID(sgXXX),True
,高合汽车,高合HiPhi Y,sg29455,sg29455,sg29455,pcauto,高合HiPhi Y,系列级补采,"太平洋汽车补采系列级数据, sg直接对齐, 无数字ID",销量源与pcauto同ID(sgXXX),True
159.0,腾势,腾势N8,sg29513,sg29513,sg29513,pcauto,腾势N8,系列级补采,"太平洋汽车补采系列级数据, sg直接对齐, 无数字ID",销量源与pcauto同ID(sgXXX),True
16.0,比亚迪,海豹07DM-i,sg29582,sg29582,sg29582,pcauto,海豹07DM-i,系列级补采,"太平洋汽车补采系列级数据, sg直接对齐, 无数字ID",销量源与pcauto同ID(sgXXX),True
40.0,广汽传祺,传祺ES9,sg30050,sg30050,sg30050,pcauto,传祺ES9,系列级补采,"太平洋汽车补采系列级数据, sg直接对齐, 无数字ID",销量源与pcauto同ID(sgXXX),True
40.0,广汽传祺,传祺E8新能源,sg30061,sg30061,sg30061,pcauto,传祺E8新能源,系列级补采,"太平洋汽车补采系列级数据, sg直接对齐, 无数字ID",销量源与pcauto同ID(sgXXX),True
61.0,标致,标致3008,sg7259,sg7259,sg7259,pcauto,标致3008,系列级补采,"太平洋汽车补采系列级数据, sg直接对齐, 无数字ID",销量源与pcauto同ID(sgXXX),True
61.0,标致,标致301,sg9305,sg9305,sg9305,pcauto,标致301,系列级补采,"太平洋汽车补采系列级数据, sg直接对齐, 无数字ID",销量源与pcauto同ID(sgXXX),True
1.0,大众,途岳新能源,sg26551,sg26551,sg26551,pcauto,途岳新能源,系列级补采,"太平洋汽车补采系列级数据, sg直接对齐, 无数字ID",销量源与pcauto同ID(sgXXX),True
368.0,合创汽车,合创V09,sg28426,sg28426,sg28426,pcauto,合创V09,系列级补采,"太平洋汽车补采系列级数据, sg直接对齐, 无数字ID",销量源与pcauto同ID(sgXXX),True
425.0,坦克,坦克400新能源,sg29654,sg29654,sg29654,pcauto,坦克400新能源,系列级补采,"太平洋汽车补采系列级数据, sg直接对齐, 无数字ID",销量源与pcauto同ID(sgXXX),True
,极石汽车,极石01,sg29992,sg29992,sg29992,pcauto,极石01,系列级补采,"太平洋汽车补采系列级数据, sg直接对齐, 无数字ID",销量源与pcauto同ID(sgXXX),True
17.0,哈弗,哈弗猛龙新能源,sg30055,sg30055,sg30055,pcauto,哈弗猛龙新能源,系列级补采,"太平洋汽车补采系列级数据, sg直接对齐, 无数字ID",销量源与pcauto同ID(sgXXX),True
73.0,吉利汽车,星瑞L,sg30198,sg30198,sg30198,pcauto,星瑞L,系列级补采,"太平洋汽车补采系列级数据, sg直接对齐, 无数字ID",销量源与pcauto同ID(sgXXX),True
108.0,大通,大家5,sg28894,sg28894,sg28894,pcauto,大家5,系列级补采,"太平洋汽车补采系列级数据, sg直接对齐, 无数字ID",销量源与pcauto同ID(sgXXX),True
,魏牌,魏牌 高山,sg29651,sg29651,sg29651,pcauto,魏牌 高山,系列级补采,"太平洋汽车补采系列级数据, sg直接对齐, 无数字ID",销量源与pcauto同ID(sgXXX),True
36.0,荣威,荣威D7,sg30001,sg30001,sg30001,pcauto,荣威D7,系列级补采,"太平洋汽车补采系列级数据, sg直接对齐, 无数字ID",销量源与pcauto同ID(sgXXX),True
,鸿蒙智行,智界S7,sg30083,sg30083,sg30083,pcauto,智界S7,系列级补采,"太平洋汽车补采系列级数据, sg直接对齐, 无数字ID",销量源与pcauto同ID(sgXXX),True
39.0,五菱,五菱星光,sg30093,sg30093,sg30093,pcauto,五菱星光,系列级补采,"太平洋汽车补采系列级数据, sg直接对齐, 无数字ID",销量源与pcauto同ID(sgXXX),True
,哪吒汽车,哪吒X,sg30127,sg30127,sg30127,pcauto,哪吒X,系列级补采,"太平洋汽车补采系列级数据, sg直接对齐, 无数字ID",销量源与pcauto同ID(sgXXX),True
,昊铂,昊铂HT,sg30131,sg30131,sg30131,pcauto,昊铂HT,系列级补采,"太平洋汽车补采系列级数据, sg直接对齐, 无数字ID",销量源与pcauto同ID(sgXXX),True
209.0,捷途,捷途山海L9,sg30133,sg30133,sg30133,pcauto,捷途山海L9,系列级补采,"太平洋汽车补采系列级数据, sg直接对齐, 无数字ID",销量源与pcauto同ID(sgXXX),True
53.0,海马,海马6P,sg26012,sg26012,sg26012,pcauto,海马6P,系列级补采,"太平洋汽车补采系列级数据, sg直接对齐, 无数字ID",销量源与pcauto同ID(sgXXX),True
,极越,极越01,sg28842,sg28842,sg28842,pcauto,极越01,系列级补采,"太平洋汽车补采系列级数据, sg直接对齐, 无数字ID",销量源与pcauto同ID(sgXXX),True
108.0,大通,大家6,sg28882,sg28882,sg28882,pcauto,大家6,系列级补采,"太平洋汽车补采系列级数据, sg直接对齐, 无数字ID",销量源与pcauto同ID(sgXXX),True
142.0,凯翼,凯翼拾月,sg28972,sg28972,sg28972,pcauto,凯翼拾月,系列级补采,"太平洋汽车补采系列级数据, sg直接对齐, 无数字ID",销量源与pcauto同ID(sgXXX),True
,极氪,极氪007,sg29306,sg29306,sg29306,pcauto,极氪007,系列级补采,"太平洋汽车补采系列级数据, sg直接对齐, 无数字ID",销量源与pcauto同ID(sgXXX),True
909.0,iCAR,iCAR 03,sg29436,sg29436,sg29436,pcauto,iCAR 03,系列级补采,"太平洋汽车补采系列级数据, sg直接对齐, 无数字ID",销量源与pcauto同ID(sgXXX),True
870.0,长安启源,长安启源Q05经典,sg30092,sg30092,sg30092,pcauto,长安启源Q05经典,系列级补采,"太平洋汽车补采系列级数据, sg直接对齐, 无数字ID",销量源与pcauto同ID(sgXXX),True
73.0,吉利汽车,星越L 智擎,sg30206,sg30206,sg30206,pcauto,星越L 智擎,系列级补采,"太平洋汽车补采系列级数据, sg直接对齐, 无数字ID",销量源与pcauto同ID(sgXXX),True
,东风纳米,纳米01,sg30120,sg30120,sg30120,pcauto,纳米01,系列级补采,"太平洋汽车补采系列级数据, sg直接对齐, 无数字ID",销量源与pcauto同ID(sgXXX),True
10.0,日产,PATHFINDER探陆,sg30130,sg30130,sg30130,pcauto,PATHFINDER探陆,系列级补采,"太平洋汽车补采系列级数据, sg直接对齐, 无数字ID",销量源与pcauto同ID(sgXXX),True
39.0,五菱,五菱NanoEV,sg27452,sg27452,sg27452,pcauto,五菱NanoEV,系列级补采,"太平洋汽车补采系列级数据, sg直接对齐, 无数字ID",销量源与pcauto同ID(sgXXX),True
,一汽,森雅,sg2803,sg2803,sg2803,pcauto,森雅,系列级补采,"太平洋汽车补采系列级数据, sg直接对齐, 无数字ID",销量源与pcauto同ID(sgXXX),True
,SWM斯威汽车,SWM斯威大虎,sg28784,sg28784,sg28784,pcauto,SWM斯威大虎,系列级补采,"太平洋汽车补采系列级数据, sg直接对齐, 无数字ID",销量源与pcauto同ID(sgXXX),True
,鸿蒙智行,问界M9,sg29744,sg29744,sg29744,pcauto,问界M9,系列级补采,"太平洋汽车补采系列级数据, sg直接对齐, 无数字ID",销量源与pcauto同ID(sgXXX),True
425.0,坦克,坦克700新能源,sg27514,sg27514,sg27514,pcauto,坦克700新能源,系列级补采,"太平洋汽车补采系列级数据, sg直接对齐, 无数字ID",销量源与pcauto同ID(sgXXX),True
,东风奕派,eπ007,sg30207,sg30207,sg30207,pcauto,eπ007,系列级补采,"太平洋汽车补采系列级数据, sg直接对齐, 无数字ID",销量源与pcauto同ID(sgXXX),True
59.0,红旗,红旗国礼,sg9488,sg9488,sg9488,pcauto,红旗国礼,系列级补采,"太平洋汽车补采系列级数据, sg直接对齐, 无数字ID",销量源与pcauto同ID(sgXXX),True
68.0,北京汽车,北京X7 PHEV,sg26493,sg26493,sg26493,pcauto,北京X7 PHEV,系列级补采,"太平洋汽车补采系列级数据, sg直接对齐, 无数字ID",销量源与pcauto同ID(sgXXX),True
,远航汽车,远航Y6,sg29125,sg29125,sg29125,pcauto,远航Y6,系列级补采,"太平洋汽车补采系列级数据, sg直接对齐, 无数字ID",销量源与pcauto同ID(sgXXX),True
,远航汽车,远航H8,sg29126,sg29126,sg29126,pcauto,远航H8,系列级补采,"太平洋汽车补采系列级数据, sg直接对齐, 无数字ID",销量源与pcauto同ID(sgXXX),True
209.0,捷途,捷途旅行者C-DM,sg29731,sg29731,sg29731,pcauto,捷途旅行者C-DM,系列级补采,"太平洋汽车补采系列级数据, sg直接对齐, 无数字ID",销量源与pcauto同ID(sgXXX),True
,哪吒汽车,哪吒L,sg30281,sg30281,sg30281,pcauto,哪吒L,系列级补采,"太平洋汽车补采系列级数据, sg直接对齐, 无数字ID",销量源与pcauto同ID(sgXXX),True
,宝骏,宝骏悦也Plus,sg30354,sg30354,sg30354,pcauto,宝骏悦也Plus,系列级补采,"太平洋汽车补采系列级数据, sg直接对齐, 无数字ID",销量源与pcauto同ID(sgXXX),True
35.0,长安,长安UNI-Z新能源,sg30365,sg30365,sg30365,pcauto,长安UNI-Z新能源,系列级补采,"太平洋汽车补采系列级数据, sg直接对齐, 无数字ID",销量源与pcauto同ID(sgXXX),True
108.0,大通,大通G20,sg24433,sg24433,sg24433,pcauto,大通G20,系列级补采,"太平洋汽车补采系列级数据, sg直接对齐, 无数字ID",销量源与pcauto同ID(sgXXX),True
142.0,凯翼,凯翼昆仑新能源,sg29375,sg29375,sg29375,pcauto,凯翼昆仑新能源,系列级补采,"太平洋汽车补采系列级数据, sg直接对齐, 无数字ID",销量源与pcauto同ID(sgXXX),True
512.0,江淮瑞风,瑞风RF8新能源,sg29621,sg29621,sg29621,pcauto,瑞风RF8新能源,系列级补采,"太平洋汽车补采系列级数据, sg直接对齐, 无数字ID",销量源与pcauto同ID(sgXXX),True
425.0,坦克,坦克300新能源,sg29641,sg29641,sg29641,pcauto,坦克300新能源,系列级补采,"太平洋汽车补采系列级数据, sg直接对齐, 无数字ID",销量源与pcauto同ID(sgXXX),True
108.0,大通,大家7,sg29642,sg29642,sg29642,pcauto,大家7,系列级补采,"太平洋汽车补采系列级数据, sg直接对齐, 无数字ID",销量源与pcauto同ID(sgXXX),True
9.0,本田,e:NP2 极湃2,sg29761,sg29761,sg29761,pcauto,e:NP2 极湃2,系列级补采,"太平洋汽车补采系列级数据, sg直接对齐, 无数字ID",销量源与pcauto同ID(sgXXX),True
37.0,东风风神,东风风神L7新能源,sg29781,sg29781,sg29781,pcauto,东风风神L7新能源,系列级补采,"太平洋汽车补采系列级数据, sg直接对齐, 无数字ID",销量源与pcauto同ID(sgXXX),True
174.0,领克,领克07,sg30358,sg30358,sg30358,pcauto,领克07,系列级补采,"太平洋汽车补采系列级数据, sg直接对齐, 无数字ID",销量源与pcauto同ID(sgXXX),True
16.0,比亚迪,秦L,sg30359,sg30359,sg30359,pcauto,秦L,系列级补采,"太平洋汽车补采系列级数据, sg直接对齐, 无数字ID",销量源与pcauto同ID(sgXXX),True
,东风奕派,eπ008,sg30367,sg30367,sg30367,pcauto,eπ008,系列级补采,"太平洋汽车补采系列级数据, sg直接对齐, 无数字ID",销量源与pcauto同ID(sgXXX),True
16.0,比亚迪,海豹06DM-i,sg30374,sg30374,sg30374,pcauto,海豹06DM-i,系列级补采,"太平洋汽车补采系列级数据, sg直接对齐, 无数字ID",销量源与pcauto同ID(sgXXX),True
12.0,别克,别克GL8新能源,sg30413,sg30413,sg30413,pcauto,别克GL8新能源,系列级补采,"太平洋汽车补采系列级数据, sg直接对齐, 无数字ID",销量源与pcauto同ID(sgXXX),True
9.0,本田,本田e:NS2猎光,sg29771,sg29771,sg29771,pcauto,本田e:NS2猎光,系列级补采,"太平洋汽车补采系列级数据, sg直接对齐, 无数字ID",销量源与pcauto同ID(sgXXX),True
59.0,红旗,红旗HQ9新能源,sg30265,sg30265,sg30265,pcauto,红旗HQ9新能源,系列级补采,"太平洋汽车补采系列级数据, sg直接对齐, 无数字ID",销量源与pcauto同ID(sgXXX),True
,宝骏,宝骏云海,sg30464,sg30464,sg30464,pcauto,宝骏云海,系列级补采,"太平洋汽车补采系列级数据, sg直接对齐, 无数字ID",销量源与pcauto同ID(sgXXX),True
39.0,五菱,五菱星光S,sg30489,sg30489,sg30489,pcauto,五菱星光S,系列级补采,"太平洋汽车补采系列级数据, sg直接对齐, 无数字ID",销量源与pcauto同ID(sgXXX),True
16.0,比亚迪,宋L DM-i,sg30526,sg30526,sg30526,pcauto,宋L DM-i,系列级补采,"太平洋汽车补采系列级数据, sg直接对齐, 无数字ID",销量源与pcauto同ID(sgXXX),True
209.0,捷途,捷途山海L6,sg29703,sg29703,sg29703,pcauto,捷途山海L6,系列级补采,"太平洋汽车补采系列级数据, sg直接对齐, 无数字ID",销量源与pcauto同ID(sgXXX),True
,极氪,极氪7X,sg30342,sg30342,sg30342,pcauto,极氪7X,系列级补采,"太平洋汽车补采系列级数据, sg直接对齐, 无数字ID",销量源与pcauto同ID(sgXXX),True
174.0,领克,领克Z10,sg26743,sg26743,sg26743,pcauto,领克Z10,系列级补采,"太平洋汽车补采系列级数据, sg直接对齐, 无数字ID",销量源与pcauto同ID(sgXXX),True
,极越,极越07,sg29412,sg29412,sg29412,pcauto,极越07,系列级补采,"太平洋汽车补采系列级数据, sg直接对齐, 无数字ID",销量源与pcauto同ID(sgXXX),True
858.0,吉利银河,吉利翼真L380,sg30311,sg30311,sg30311,pcauto,吉利翼真L380,系列级补采,"太平洋汽车补采系列级数据, sg直接对齐, 无数字ID",销量源与pcauto同ID(sgXXX),True
,极氪,极氪MIX,sg30341,sg30341,sg30341,pcauto,极氪MIX,系列级补采,"太平洋汽车补采系列级数据, sg直接对齐, 无数字ID",销量源与pcauto同ID(sgXXX),True
159.0,腾势,腾势Z9GT,sg30414,sg30414,sg30414,pcauto,腾势Z9GT,系列级补采,"太平洋汽车补采系列级数据, sg直接对齐, 无数字ID",销量源与pcauto同ID(sgXXX),True
,二一二越野车,212 T01,sg30510,sg30510,sg30510,pcauto,212 T01,系列级补采,"太平洋汽车补采系列级数据, sg直接对齐, 无数字ID",销量源与pcauto同ID(sgXXX),True
16.0,比亚迪,海狮05DM-i,sg30534,sg30534,sg30534,pcauto,海狮05DM-i,系列级补采,"太平洋汽车补采系列级数据, sg直接对齐, 无数字ID",销量源与pcauto同ID(sgXXX),True
858.0,吉利银河,吉利星愿,sg30536,sg30536,sg30536,pcauto,吉利星愿,系列级补采,"太平洋汽车补采系列级数据, sg直接对齐, 无数字ID",销量源与pcauto同ID(sgXXX),True
209.0,捷途,捷途山海L7,sg30559,sg30559,sg30559,pcauto,捷途山海L7,系列级补采,"太平洋汽车补采系列级数据, sg直接对齐, 无数字ID",销量源与pcauto同ID(sgXXX),True
18.0,奇瑞,瑞虎8 PLUS鲲鹏e+,sg27611,sg27611,sg27611,pcauto,瑞虎8 PLUS鲲鹏e+,系列级补采,"太平洋汽车补采系列级数据, sg直接对齐, 无数字ID",销量源与pcauto同ID(sgXXX),True
18.0,奇瑞,瑞虎7 PLUS新能源,sg29011,sg29011,sg29011,pcauto,瑞虎7 PLUS新能源,系列级补采,"太平洋汽车补采系列级数据, sg直接对齐, 无数字ID",销量源与pcauto同ID(sgXXX),True
,鸿蒙智行,享界S9,sg30392,sg30392,sg30392,pcauto,享界S9,系列级补采,"太平洋汽车补采系列级数据, sg直接对齐, 无数字ID",销量源与pcauto同ID(sgXXX),True
209.0,捷途,捷途山海T1,sg30429,sg30429,sg30429,pcauto,捷途山海T1,系列级补采,"太平洋汽车补采系列级数据, sg直接对齐, 无数字ID",销量源与pcauto同ID(sgXXX),True
59.0,红旗,红旗国雅,sg27631,sg27631,sg27631,pcauto,红旗国雅,系列级补采,"太平洋汽车补采系列级数据, sg直接对齐, 无数字ID",销量源与pcauto同ID(sgXXX),True
,SWM斯威汽车,SWM斯威G01FF,sg28867,sg28867,sg28867,pcauto,SWM斯威G01FF,系列级补采,"太平洋汽车补采系列级数据, sg直接对齐, 无数字ID",销量源与pcauto同ID(sgXXX),True
108.0,大通,上汽大通MAXUS 大家氢,sg28900,sg28900,sg28900,pcauto,上汽大通MAXUS 大家氢,系列级补采,"太平洋汽车补采系列级数据, sg直接对齐, 无数字ID",销量源与pcauto同ID(sgXXX),True
,鸿蒙智行,智界R7,sg30498,sg30498,sg30498,pcauto,智界R7,系列级补采,"太平洋汽车补采系列级数据, sg直接对齐, 无数字ID",销量源与pcauto同ID(sgXXX),True
,MG名爵,MG ES5,sg30535,sg30535,sg30535,pcauto,MG ES5,系列级补采,"太平洋汽车补采系列级数据, sg直接对齐, 无数字ID",销量源与pcauto同ID(sgXXX),True
858.0,吉利银河,银河星舰7,sg30592,sg30592,sg30592,pcauto,银河星舰7,系列级补采,"太平洋汽车补采系列级数据, sg直接对齐, 无数字ID",销量源与pcauto同ID(sgXXX),True
159.0,腾势,腾势Z9,sg30563,sg30563,sg30563,pcauto,腾势Z9,系列级补采,"太平洋汽车补采系列级数据, sg直接对齐, 无数字ID",销量源与pcauto同ID(sgXXX),True
,雷丁,雷丁芒果Pro,sg28442,sg28442,sg28442,pcauto,雷丁芒果Pro,系列级补采,"太平洋汽车补采系列级数据, sg直接对齐, 无数字ID",销量源与pcauto同ID(sgXXX),True
,电动屋,悦01,sg30343,sg30343,sg30343,pcauto,悦01,系列级补采,"太平洋汽车补采系列级数据, sg直接对齐, 无数字ID",销量源与pcauto同ID(sgXXX),True
39.0,五菱,五菱宏光新能源,sg30490,sg30490,sg30490,pcauto,五菱宏光新能源,系列级补采,"太平洋汽车补采系列级数据, sg直接对齐, 无数字ID",销量源与pcauto同ID(sgXXX),True
16.0,比亚迪,海豹05DM-i,sg30705,sg30705,sg30705,pcauto,海豹05DM-i,系列级补采,"太平洋汽车补采系列级数据, sg直接对齐, 无数字ID",销量源与pcauto同ID(sgXXX),True
871.0,江淮钇为,钇为花仙子,sg30499,sg30499,sg30499,pcauto,钇为花仙子,系列级补采,"太平洋汽车补采系列级数据, sg直接对齐, 无数字ID",销量源与pcauto同ID(sgXXX),True
159.0,腾势,腾势N9,sg30609,sg30609,sg30609,pcauto,腾势N9,系列级补采,"太平洋汽车补采系列级数据, sg直接对齐, 无数字ID",销量源与pcauto同ID(sgXXX),True
108.0,大通,大通G50插电混动,sg30791,sg30791,sg30791,pcauto,大通G50插电混动,系列级补采,"太平洋汽车补采系列级数据, sg直接对齐, 无数字ID",销量源与pcauto同ID(sgXXX),True
,昊铂,昊铂HL,sg30538,sg30538,sg30538,pcauto,昊铂HL,系列级补采,"太平洋汽车补采系列级数据, sg直接对齐, 无数字ID",销量源与pcauto同ID(sgXXX),True
,宝骏,宝骏享境,sg30548,sg30548,sg30548,pcauto,宝骏享境,系列级补采,"太平洋汽车补采系列级数据, sg直接对齐, 无数字ID",销量源与pcauto同ID(sgXXX),True
16.0,比亚迪,唐L,sg30724,sg30724,sg30724,pcauto,唐L,系列级补采,"太平洋汽车补采系列级数据, sg直接对齐, 无数字ID",销量源与pcauto同ID(sgXXX),True
,鸿蒙智行,问界M8,sg30735,sg30735,sg30735,pcauto,问界M8,系列级补采,"太平洋汽车补采系列级数据, sg直接对齐, 无数字ID",销量源与pcauto同ID(sgXXX),True
16.0,比亚迪,汉L,sg30736,sg30736,sg30736,pcauto,汉L,系列级补采,"太平洋汽车补采系列级数据, sg直接对齐, 无数字ID",销量源与pcauto同ID(sgXXX),True
858.0,吉利银河,银河星耀8,sg30795,sg30795,sg30795,pcauto,银河星耀8,系列级补采,"太平洋汽车补采系列级数据, sg直接对齐, 无数字ID",销量源与pcauto同ID(sgXXX),True
,东风纳米,纳米06,sg30804,sg30804,sg30804,pcauto,纳米06,系列级补采,"太平洋汽车补采系列级数据, sg直接对齐, 无数字ID",销量源与pcauto同ID(sgXXX),True
209.0,捷途,捷途X70 C-DM,sg30264,sg30264,sg30264,pcauto,捷途X70 C-DM,系列级补采,"太平洋汽车补采系列级数据, sg直接对齐, 无数字ID",销量源与pcauto同ID(sgXXX),True
68.0,北京越野,北京BJ60新能源,sg30275,sg30275,sg30275,pcauto,北京BJ60新能源,系列级补采,"太平洋汽车补采系列级数据, sg直接对齐, 无数字ID",销量源与pcauto同ID(sgXXX),True
546.0,仰望,仰望U7,sg30352,sg30352,sg30352,pcauto,仰望U7,系列级补采,"太平洋汽车补采系列级数据, sg直接对齐, 无数字ID",销量源与pcauto同ID(sgXXX),True
68.0,北京越野,北京BJ40增程,sg30461,sg30461,sg30461,pcauto,北京BJ40增程,系列级补采,"太平洋汽车补采系列级数据, sg直接对齐, 无数字ID",销量源与pcauto同ID(sgXXX),True
17.0,哈弗,哈弗猛龙,sg30466,sg30466,sg30466,pcauto,哈弗猛龙,系列级补采,"太平洋汽车补采系列级数据, sg直接对齐, 无数字ID",销量源与pcauto同ID(sgXXX),True
16.0,比亚迪,海狮07DM-i,sg30707,sg30707,sg30707,pcauto,海狮07DM-i,系列级补采,"太平洋汽车补采系列级数据, sg直接对齐, 无数字ID",销量源与pcauto同ID(sgXXX),True
,奇瑞新能源,QQ多米,sg30813,sg30813,sg30813,pcauto,QQ多米,系列级补采,"太平洋汽车补采系列级数据, sg直接对齐, 无数字ID",销量源与pcauto同ID(sgXXX),True
858.0,吉利银河,银河A7,sg30889,sg30889,sg30889,pcauto,银河A7,系列级补采,"太平洋汽车补采系列级数据, sg直接对齐, 无数字ID",销量源与pcauto同ID(sgXXX),True
16.0,比亚迪,海狮06DM-i,sg30842,sg30842,sg30842,pcauto,海狮06DM-i,系列级补采,"太平洋汽车补采系列级数据, sg直接对齐, 无数字ID",销量源与pcauto同ID(sgXXX),True
16.0,比亚迪,海豹06DM-i旅行版,sg30860,sg30860,sg30860,pcauto,海豹06DM-i旅行版,系列级补采,"太平洋汽车补采系列级数据, sg直接对齐, 无数字ID",销量源与pcauto同ID(sgXXX),True
,鸿蒙智行,尊界S800,sg30647,sg30647,sg30647,pcauto,尊界S800,系列级补采,"太平洋汽车补采系列级数据, sg直接对齐, 无数字ID",销量源与pcauto同ID(sgXXX),True
381.0,睿蓝汽车,睿蓝蓝气球,sg30949,sg30949,sg30949,pcauto,睿蓝蓝气球,系列级补采,"太平洋汽车补采系列级数据, sg直接对齐, 无数字ID",销量源与pcauto同ID(sgXXX),True
,极氪,极氪9X,sg30799,sg30799,sg30799,pcauto,极氪9X,系列级补采,"太平洋汽车补采系列级数据, sg直接对齐, 无数字ID",销量源与pcauto同ID(sgXXX),True
37.0,东风风神,东风风神L8,sg30888,sg30888,sg30888,pcauto,东风风神L8,系列级补采,"太平洋汽车补采系列级数据, sg直接对齐, 无数字ID",销量源与pcauto同ID(sgXXX),True
36.0,荣威,荣威M7,sg30897,sg30897,sg30897,pcauto,荣威M7,系列级补采,"太平洋汽车补采系列级数据, sg直接对齐, 无数字ID",销量源与pcauto同ID(sgXXX),True
861.0,方程豹,钛7,sg30903,sg30903,sg30903,pcauto,钛7,系列级补采,"太平洋汽车补采系列级数据, sg直接对齐, 无数字ID",销量源与pcauto同ID(sgXXX),True
39.0,五菱,五菱缤果S,sg30916,sg30916,sg30916,pcauto,五菱缤果S,系列级补采,"太平洋汽车补采系列级数据, sg直接对齐, 无数字ID",销量源与pcauto同ID(sgXXX),True
,鸿蒙智行,享界S9T,sg30923,sg30923,sg30923,pcauto,享界S9T,系列级补采,"太平洋汽车补采系列级数据, sg直接对齐, 无数字ID",销量源与pcauto同ID(sgXXX),True
,鸿蒙智行,尚界H5,sg30932,sg30932,sg30932,pcauto,尚界H5,系列级补采,"太平洋汽车补采系列级数据, sg直接对齐, 无数字ID",销量源与pcauto同ID(sgXXX),True
78.0,北汽制造,王牌M7新能源,sg29223,sg29223,sg29223,pcauto,王牌M7新能源,系列级补采,"太平洋汽车补采系列级数据, sg直接对齐, 无数字ID",销量源与pcauto同ID(sgXXX),True
12.0,别克,至境L7,sg30856,sg30856,sg30856,pcauto,至境L7,系列级补采,"太平洋汽车补采系列级数据, sg直接对齐, 无数字ID",销量源与pcauto同ID(sgXXX),True
24.0,沃尔沃,沃尔沃XC70新能源,sg30881,sg30881,sg30881,pcauto,沃尔沃XC70新能源,系列级补采,"太平洋汽车补采系列级数据, sg直接对齐, 无数字ID",销量源与pcauto同ID(sgXXX),True
159.0,腾势,腾势N8L,sg30898,sg30898,sg30898,pcauto,腾势N8L,系列级补采,"太平洋汽车补采系列级数据, sg直接对齐, 无数字ID",销量源与pcauto同ID(sgXXX),True
39.0,五菱,五菱星光730新能源,sg30906,sg30906,sg30906,pcauto,五菱星光730新能源,系列级补采,"太平洋汽车补采系列级数据, sg直接对齐, 无数字ID",销量源与pcauto同ID(sgXXX),True
39.0,五菱,五菱星光730,sg30919,sg30919,sg30919,pcauto,五菱星光730,系列级补采,"太平洋汽车补采系列级数据, sg直接对齐, 无数字ID",销量源与pcauto同ID(sgXXX),True
209.0,捷途,捷途山海L7 PLUS,sg30953,sg30953,sg30953,pcauto,捷途山海L7 PLUS,系列级补采,"太平洋汽车补采系列级数据, sg直接对齐, 无数字ID",销量源与pcauto同ID(sgXXX),True
,昊铂,昊铂A800,sg30957,sg30957,sg30957,pcauto,昊铂A800,系列级补采,"太平洋汽车补采系列级数据, sg直接对齐, 无数字ID",销量源与pcauto同ID(sgXXX),True
70.0,东风风行,星海X5,sg30999,sg30999,sg30999,pcauto,星海X5,系列级补采,"太平洋汽车补采系列级数据, sg直接对齐, 无数字ID",销量源与pcauto同ID(sgXXX),True
78.0,北汽制造,锐胜M8新能源,sg31051,sg31051,sg31051,pcauto,锐胜M8新能源,系列级补采,"太平洋汽车补采系列级数据, sg直接对齐, 无数字ID",销量源与pcauto同ID(sgXXX),True
12.0,别克,至境世家,sg30654,sg30654,sg30654,pcauto,至境世家,系列级补采,"太平洋汽车补采系列级数据, sg直接对齐, 无数字ID",销量源与pcauto同ID(sgXXX),True
3.0,奔驰,奔驰CLA级新能源,sg30848,sg30848,sg30848,pcauto,奔驰CLA级新能源,系列级补采,"太平洋汽车补采系列级数据, sg直接对齐, 无数字ID",销量源与pcauto同ID(sgXXX),True
395.0,岚图汽车,岚图泰山,sg30994,sg30994,sg30994,pcauto,岚图泰山,系列级补采,"太平洋汽车补采系列级数据, sg直接对齐, 无数字ID",销量源与pcauto同ID(sgXXX),True
39.0,五菱,五菱星光560新能源,sg30926,sg30926,sg30926,pcauto,五菱星光560新能源,系列级补采,"太平洋汽车补采系列级数据, sg直接对齐, 无数字ID",销量源与pcauto同ID(sgXXX),True
238.0,欧拉,欧拉5新能源,sg31011,sg31011,sg31011,pcauto,欧拉5新能源,系列级补采,"太平洋汽车补采系列级数据, sg直接对齐, 无数字ID",销量源与pcauto同ID(sgXXX),True
78.0,北汽制造,锐胜M8,sg31133,sg31133,sg31133,pcauto,锐胜M8,系列级补采,"太平洋汽车补采系列级数据, sg直接对齐, 无数字ID",销量源与pcauto同ID(sgXXX),True
39.0,五菱,五菱星光560,sg31134,sg31134,sg31134,pcauto,五菱星光560,系列级补采,"太平洋汽车补采系列级数据, sg直接对齐, 无数字ID",销量源与pcauto同ID(sgXXX),True
,SWM斯威汽车,SWM斯威G01Pro,sg30882,sg30882,sg30882,pcauto,SWM斯威G01Pro,系列级补采,"太平洋汽车补采系列级数据, sg直接对齐, 无数字ID",销量源与pcauto同ID(sgXXX),True
,MG名爵,名爵3,sg4647,sg4647,sg4647,pcauto,名爵3,系列级补采,"太平洋汽车补采系列级数据, sg直接对齐, 无数字ID",销量源与pcauto同ID(sgXXX),True
,极氪,极氪8X,sg31111,sg31111,sg31111,pcauto,极氪8X,系列级补采,"太平洋汽车补采系列级数据, sg直接对齐, 无数字ID",销量源与pcauto同ID(sgXXX),True
,鸿蒙智行,问界M6,sg31158,sg31158,sg31158,pcauto,问界M6,系列级补采,"太平洋汽车补采系列级数据, sg直接对齐, 无数字ID",销量源与pcauto同ID(sgXXX),True
16.0,比亚迪,宋Ultra,sg31161,sg31161,sg31161,pcauto,宋Ultra,系列级补采,"太平洋汽车补采系列级数据, sg直接对齐, 无数字ID",销量源与pcauto同ID(sgXXX),True
,奇瑞新能源,奇瑞QQ3EV,sg13168,sg13168,sg13168,pcauto,奇瑞QQ3EV,系列级补采,"太平洋汽车补采系列级数据, sg直接对齐, 无数字ID",销量源与pcauto同ID(sgXXX),True
12.0,别克,至境E7,sg30857,sg30857,sg30857,pcauto,至境E7,系列级补采,"太平洋汽车补采系列级数据, sg直接对齐, 无数字ID",销量源与pcauto同ID(sgXXX),True
,昊铂,昊铂S600,sg31121,sg31121,sg31121,pcauto,昊铂S600,系列级补采,"太平洋汽车补采系列级数据, sg直接对齐, 无数字ID",销量源与pcauto同ID(sgXXX),True
238.0,欧拉,欧拉5,sg31140,sg31140,sg31140,pcauto,欧拉5,系列级补采,"太平洋汽车补采系列级数据, sg直接对齐, 无数字ID",销量源与pcauto同ID(sgXXX),True
,鸿蒙智行,尚界Z7,sg31153,sg31153,sg31153,pcauto,尚界Z7,系列级补采,"太平洋汽车补采系列级数据, sg直接对齐, 无数字ID",销量源与pcauto同ID(sgXXX),True
,鸿蒙智行,尚界Z7T,sg31193,sg31193,sg31193,pcauto,尚界Z7T,系列级补采,"太平洋汽车补采系列级数据, sg直接对齐, 无数字ID",销量源与pcauto同ID(sgXXX),True
395.0,岚图汽车,泰山X8,sg31231,sg31231,sg31231,pcauto,泰山X8,系列级补采,"太平洋汽车补采系列级数据, sg直接对齐, 无数字ID",销量源与pcauto同ID(sgXXX),True
136.0,江铃集团新能源,颐驰06,sg30469,sg30469,sg30469,pcauto,颐驰06,系列级补采,"太平洋汽车补采系列级数据, sg直接对齐, 无数字ID",销量源与pcauto同ID(sgXXX),True
,魏牌,魏牌V9X,sg30940,sg30940,sg30940,pcauto,魏牌V9X,系列级补采,"太平洋汽车补采系列级数据, sg直接对齐, 无数字ID",销量源与pcauto同ID(sgXXX),True
,鸿蒙智行,智界V9,sg31096,sg31096,sg31096,pcauto,智界V9,系列级补采,"太平洋汽车补采系列级数据, sg直接对齐, 无数字ID",销量源与pcauto同ID(sgXXX),True
48.0,smart,smart精灵#6 EHD,sg31114,sg31114,sg31114,pcauto,smart精灵#6 EHD,系列级补采,"太平洋汽车补采系列级数据, sg直接对齐, 无数字ID",销量源与pcauto同ID(sgXXX),True
39.0,五菱,五菱缤果Pro,sg31120,sg31120,sg31120,pcauto,五菱缤果Pro,系列级补采,"太平洋汽车补采系列级数据, sg直接对齐, 无数字ID",销量源与pcauto同ID(sgXXX),True
,MG名爵,MG 4X,sg31221,sg31221,sg31221,pcauto,MG 4X,系列级补采,"太平洋汽车补采系列级数据, sg直接对齐, 无数字ID",销量源与pcauto同ID(sgXXX),True
