version,series_name,date,actual,pred,sentiment_review_count_prior_all,sentiment_review_count_180d,sentiment_available_prior,sentiment_available_180d
ALL_SENTIMENT,AION S,2026-01-01,3148.0,2949.928955078125,91,9,1,1
ALL_SENTIMENT,AION S,2026-02-01,788.0,2125.0380859375,96,11,1,1
ALL_SENTIMENT,AION S,2026-03-01,4193.0,2247.2060546875,99,13,1,1
ALL_SENTIMENT,AION S,2026-04-01,3665.0,1979.4365234375,99,12,1,1
ALL_SENTIMENT,AION S,2026-05-01,963.0,1684.7421875,100,10,1,1
ALL_SENTIMENT,AION S,2026-06-01,466.0,1603.7733154296875,100,10,1,1
ALL_SENTIMENT,ID.4 CROZZ,2026-01-01,454.0,1411.7547607421875,193,3,1,1
ALL_SENTIMENT,ID.4 CROZZ,2026-02-01,160.0,1150.1829833984375,194,3,1,1
ALL_SENTIMENT,ID.4 CROZZ,2026-03-01,542.0,1365.929931640625,194,3,1,1
ALL_SENTIMENT,ID.4 CROZZ,2026-04-01,623.0,1183.214111328125,194,2,1,1
ALL_SENTIMENT,ID.4 CROZZ,2026-05-01,942.0,1158.472412109375,195,2,1,1
ALL_SENTIMENT,ID.4 CROZZ,2026-06-01,684.0,1112.97802734375,197,4,1,1
ALL_SENTIMENT,ID.6 CROZZ,2026-01-01,0.0,19.972911834716797,9,3,1,1
ALL_SENTIMENT,ID.6 CROZZ,2026-02-01,0.0,23.864547729492188,10,3,1,1
ALL_SENTIMENT,ID.6 CROZZ,2026-03-01,0.0,34.27678298950195,10,2,1,1
ALL_SENTIMENT,ID.6 CROZZ,2026-04-01,0.0,55.71259307861328,10,2,1,1
ALL_SENTIMENT,ID.6 CROZZ,2026-05-01,0.0,57.997108459472656,10,2,1,1
ALL_SENTIMENT,ID.6 CROZZ,2026-06-01,1.0,75.04581451416016,10,2,1,1
ALL_SENTIMENT,MG4,2026-01-01,10007.0,9524.501953125,115,115,1,1
ALL_SENTIMENT,MG4,2026-02-01,4086.0,7637.72265625,123,123,1,1
ALL_SENTIMENT,MG4,2026-03-01,14007.0,7362.44775390625,128,128,1,1
ALL_SENTIMENT,MG4,2026-04-01,13189.0,6324.8603515625,129,109,1,1
ALL_SENTIMENT,MG4,2026-05-01,15067.0,5350.859375,133,95,1,1
ALL_SENTIMENT,MG4,2026-06-01,14397.0,4577.330078125,134,55,1,1
ALL_SENTIMENT,MG7,2026-01-01,1221.0,590.7745971679688,17,1,1,1
ALL_SENTIMENT,MG7,2026-02-01,775.0,384.1802978515625,17,1,1,1
ALL_SENTIMENT,MG7,2026-03-01,1012.0,348.4453125,25,8,1,1
ALL_SENTIMENT,MG7,2026-04-01,553.0,240.7529754638672,27,10,1,1
ALL_SENTIMENT,MG7,2026-05-01,456.0,188.91738891601562,27,10,1,1
ALL_SENTIMENT,MG7,2026-06-01,428.0,208.56004333496094,27,10,1,1
ALL_SENTIMENT,Model 3,2026-01-01,0.0,2.3757288455963135,80,6,1,1
ALL_SENTIMENT,Model 3,2026-02-01,0.0,5.942663669586182,81,7,1,1
ALL_SENTIMENT,Model 3,2026-03-01,0.0,27.65361785888672,82,8,1,1
ALL_SENTIMENT,Model 3,2026-04-01,0.0,35.51805114746094,82,8,1,1
ALL_SENTIMENT,Model 3,2026-05-01,0.0,62.42650604248047,82,6,1,1
ALL_SENTIMENT,Model 3,2026-06-01,0.0,55.25818634033203,82,2,1,1
ALL_SENTIMENT,Model Y,2026-01-01,0.0,1.7593410015106201,93,4,1,1
ALL_SENTIMENT,Model Y,2026-02-01,0.0,3.7811777591705322,94,4,1,1
ALL_SENTIMENT,Model Y,2026-03-01,0.0,7.186634063720703,94,4,1,1
ALL_SENTIMENT,Model Y,2026-04-01,0.0,15.939908981323242,95,5,1,1
ALL_SENTIMENT,Model Y,2026-05-01,0.0,27.850568771362305,95,5,1,1
ALL_SENTIMENT,Model Y,2026-06-01,0.0,33.375823974609375,95,3,1,1
ALL_SENTIMENT,QQ冰淇淋,2026-01-01,376.0,987.062744140625,11,1,1,1
ALL_SENTIMENT,QQ冰淇淋,2026-02-01,334.0,809.4385986328125,11,1,1,1
ALL_SENTIMENT,QQ冰淇淋,2026-03-01,906.0,868.60302734375,12,2,1,1
ALL_SENTIMENT,QQ冰淇淋,2026-04-01,1958.0,893.3389892578125,12,2,1,1
ALL_SENTIMENT,QQ冰淇淋,2026-05-01,545.0,860.6199951171875,12,1,1,1
ALL_SENTIMENT,QQ冰淇淋,2026-06-01,830.0,885.6681518554688,13,2,1,1
ALL_SENTIMENT,RAV4荣放,2026-01-01,11316.0,9548.505859375,97,1,1,1
ALL_SENTIMENT,RAV4荣放,2026-02-01,7789.0,7656.51171875,97,1,1,1
ALL_SENTIMENT,RAV4荣放,2026-03-01,14662.0,6910.6875,98,2,1,1
ALL_SENTIMENT,RAV4荣放,2026-04-01,11452.0,6415.3603515625,98,2,1,1
ALL_SENTIMENT,RAV4荣放,2026-05-01,9857.0,5285.24560546875,98,2,1,1
ALL_SENTIMENT,RAV4荣放,2026-06-01,13798.0,4605.7236328125,98,1,1,1
ALL_SENTIMENT,T-ROC探歌,2026-01-01,2183.0,2358.52197265625,8,3,1,1
ALL_SENTIMENT,T-ROC探歌,2026-02-01,1540.0,1763.615234375,8,3,1,1
ALL_SENTIMENT,T-ROC探歌,2026-03-01,2031.0,1471.3538818359375,8,1,1,1
ALL_SENTIMENT,T-ROC探歌,2026-04-01,1532.0,1399.1046142578125,9,1,1,1
ALL_SENTIMENT,T-ROC探歌,2026-05-01,3344.0,1355.6527099609375,9,1,1,1
ALL_SENTIMENT,T-ROC探歌,2026-06-01,3111.0,1286.9610595703125,9,1,1,1
ALL_SENTIMENT,e爱丽舍,2026-01-01,460.0,483.82330322265625,1,0,1,0
ALL_SENTIMENT,e爱丽舍,2026-02-01,147.0,360.37628173828125,1,0,1,0
ALL_SENTIMENT,e爱丽舍,2026-03-01,621.0,461.5797119140625,1,0,1,0
ALL_SENTIMENT,e爱丽舍,2026-04-01,678.0,421.9115295410156,1,0,1,0
ALL_SENTIMENT,e爱丽舍,2026-05-01,887.0,399.38568115234375,1,0,1,0
ALL_SENTIMENT,e爱丽舍,2026-06-01,1003.0,424.0616455078125,1,0,1,0
ALL_SENTIMENT,五菱佳辰,2026-01-01,657.0,249.4638214111328,10,0,1,0
ALL_SENTIMENT,五菱佳辰,2026-02-01,285.0,217.31326293945312,10,0,1,0
ALL_SENTIMENT,五菱佳辰,2026-03-01,240.0,270.6942138671875,10,0,1,0
ALL_SENTIMENT,五菱佳辰,2026-04-01,203.0,259.0341491699219,10,0,1,0
ALL_SENTIMENT,五菱佳辰,2026-05-01,115.0,259.0341491699219,10,0,1,0
ALL_SENTIMENT,五菱佳辰,2026-06-01,139.0,261.8013000488281,10,0,1,0
ALL_SENTIMENT,五菱星驰,2026-01-01,822.0,370.91290283203125,10,3,1,1
ALL_SENTIMENT,五菱星驰,2026-02-01,422.0,408.0152587890625,10,2,1,1
ALL_SENTIMENT,五菱星驰,2026-03-01,5.0,414.5763854980469,10,0,1,0
ALL_SENTIMENT,五菱星驰,2026-04-01,90.0,394.22320556640625,10,0,1,0
ALL_SENTIMENT,五菱星驰,2026-05-01,35.0,386.9990234375,10,0,1,0
ALL_SENTIMENT,五菱星驰,2026-06-01,4.0,391.074462890625,10,0,1,0
ALL_SENTIMENT,传祺GA8,2026-01-01,0.0,0.9936915040016174,10,0,1,0
ALL_SENTIMENT,传祺GA8,2026-02-01,0.0,1.0974745750427246,10,0,1,0
ALL_SENTIMENT,传祺GA8,2026-03-01,0.0,2.2833433151245117,10,0,1,0
ALL_SENTIMENT,传祺GA8,2026-04-01,0.0,3.472163677215576,10,0,1,0
ALL_SENTIMENT,传祺GA8,2026-05-01,0.0,4.183522701263428,10,0,1,0
ALL_SENTIMENT,传祺GA8,2026-06-01,0.0,6.105523109436035,10,0,1,0
ALL_SENTIMENT,传祺M6,2026-01-01,2912.0,1449.421142578125,78,8,1,1
ALL_SENTIMENT,传祺M6,2026-02-01,1426.0,1116.9583740234375,79,6,1,1
ALL_SENTIMENT,传祺M6,2026-03-01,2726.0,1245.144287109375,80,7,1,1
ALL_SENTIMENT,传祺M6,2026-04-01,1146.0,1120.60693359375,83,10,1,1
ALL_SENTIMENT,传祺M6,2026-05-01,1265.0,1108.2108154296875,90,16,1,1
ALL_SENTIMENT,传祺M6,2026-06-01,2047.0,1032.104736328125,96,20,1,1
ALL_SENTIMENT,传祺M8,2026-01-01,5445.0,2939.37060546875,71,2,1,1
ALL_SENTIMENT,传祺M8,2026-02-01,2404.0,2252.384521484375,71,2,1,1
ALL_SENTIMENT,传祺M8,2026-03-01,5134.0,2363.01318359375,72,3,1,1
ALL_SENTIMENT,传祺M8,2026-04-01,4916.0,1979.4365234375,75,6,1,1
ALL_SENTIMENT,传祺M8,2026-05-01,5248.0,1717.3004150390625,84,14,1,1
ALL_SENTIMENT,传祺M8,2026-06-01,6075.0,1414.347412109375,95,24,1,1
ALL_SENTIMENT,元PLUS,2026-01-01,2281.0,4888.22998046875,80,26,1,1
ALL_SENTIMENT,元PLUS,2026-02-01,1854.0,3379.932861328125,85,26,1,1
ALL_SENTIMENT,元PLUS,2026-03-01,6540.0,3583.40625,88,27,1,1
ALL_SENTIMENT,元PLUS,2026-04-01,5111.0,2998.983154296875,90,25,1,1
ALL_SENTIMENT,元PLUS,2026-05-01,3820.0,2632.4912109375,91,20,1,1
ALL_SENTIMENT,元PLUS,2026-06-01,5547.0,2645.487548828125,94,17,1,1
ALL_SENTIMENT,冠道,2026-01-01,392.0,470.5137023925781,97,0,1,0
ALL_SENTIMENT,冠道,2026-02-01,193.0,372.6365661621094,97,0,1,0
ALL_SENTIMENT,冠道,2026-03-01,349.0,459.1167297363281,97,0,1,0
ALL_SENTIMENT,冠道,2026-04-01,346.0,411.3997497558594,98,1,1,1
ALL_SENTIMENT,冠道,2026-05-01,313.0,380.4216003417969,98,1,1,1
ALL_SENTIMENT,冠道,2026-06-01,339.0,376.618408203125,100,3,1,1
ALL_SENTIMENT,凌宝BOX,2026-01-01,180.0,315.13348388671875,9,1,1,1
ALL_SENTIMENT,凌宝BOX,2026-02-01,124.0,390.9058532714844,9,1,1,1
ALL_SENTIMENT,凌宝BOX,2026-03-01,135.0,402.45111083984375,9,1,1,1
ALL_SENTIMENT,凌宝BOX,2026-04-01,372.0,401.20391845703125,9,1,1,1
ALL_SENTIMENT,凌宝BOX,2026-05-01,381.0,394.22320556640625,9,0,1,0
ALL_SENTIMENT,凌宝BOX,2026-06-01,342.0,391.074462890625,9,0,1,0
ALL_SENTIMENT,凌尚,2026-01-01,34.0,46.36720657348633,9,0,1,0
ALL_SENTIMENT,凌尚,2026-02-01,10.0,61.90546417236328,9,0,1,0
ALL_SENTIMENT,凌尚,2026-03-01,6.0,57.9837760925293,9,0,1,0
ALL_SENTIMENT,凌尚,2026-04-01,4.0,70.83515930175781,10,1,1,1
ALL_SENTIMENT,凌尚,2026-05-01,0.0,70.83515930175781,10,1,1,1
ALL_SENTIMENT,凌尚,2026-06-01,5.0,78.72003936767578,10,1,1,1
ALL_SENTIMENT,凌放HARRIER,2026-01-01,11.0,20.328292846679688,10,0,1,0
ALL_SENTIMENT,凌放HARRIER,2026-02-01,4.0,21.274099349975586,10,0,1,0
ALL_SENTIMENT,凌放HARRIER,2026-03-01,6.0,25.967140197753906,10,0,1,0
ALL_SENTIMENT,凌放HARRIER,2026-04-01,0.0,26.880043029785156,10,0,1,0
ALL_SENTIMENT,凌放HARRIER,2026-05-01,0.0,29.48320960998535,10,0,1,0
ALL_SENTIMENT,凌放HARRIER,2026-06-01,5.0,32.533992767333984,10,0,1,0
ALL_SENTIMENT,凡尔赛C5 X,2026-01-01,1195.0,906.9381713867188,94,12,1,1
ALL_SENTIMENT,凡尔赛C5 X,2026-02-01,943.0,809.9867553710938,94,10,1,1
ALL_SENTIMENT,凡尔赛C5 X,2026-03-01,1821.0,879.4458618164062,94,8,1,1
ALL_SENTIMENT,凡尔赛C5 X,2026-04-01,1115.0,871.1278076171875,94,4,1,1
ALL_SENTIMENT,凡尔赛C5 X,2026-05-01,595.0,870.8945922851562,94,1,1,1
ALL_SENTIMENT,凡尔赛C5 X,2026-06-01,731.0,889.11767578125,94,1,1,1
ALL_SENTIMENT,凯美瑞,2026-01-01,17426.0,12954.6826171875,96,11,1,1
ALL_SENTIMENT,凯美瑞,2026-02-01,11172.0,9424.4326171875,96,11,1,1
ALL_SENTIMENT,凯美瑞,2026-03-01,17069.0,8850.0478515625,99,14,1,1
ALL_SENTIMENT,凯美瑞,2026-04-01,10963.0,7201.037109375,99,13,1,1
ALL_SENTIMENT,凯美瑞,2026-05-01,12237.0,6840.5234375,99,8,1,1
ALL_SENTIMENT,凯美瑞,2026-06-01,17114.0,6642.56494140625,99,4,1,1
ALL_SENTIMENT,凯迪拉克CT5,2026-01-01,3673.0,2314.952392578125,100,15,1,1
ALL_SENTIMENT,凯迪拉克CT5,2026-02-01,1857.0,1787.1961669921875,100,13,1,1
ALL_SENTIMENT,凯迪拉克CT5,2026-03-01,3819.0,1811.663330078125,100,12,1,1
ALL_SENTIMENT,凯迪拉克CT5,2026-04-01,2195.0,1643.9443359375,100,2,1,1
ALL_SENTIMENT,凯迪拉克CT5,2026-05-01,1970.0,1555.0621337890625,100,1,1,1
ALL_SENTIMENT,凯迪拉克CT5,2026-06-01,1852.0,1436.323974609375,100,1,1,1
ALL_SENTIMENT,凯迪拉克XT5,2026-01-01,4786.0,3087.213134765625,60,6,1,1
ALL_SENTIMENT,凯迪拉克XT5,2026-02-01,2440.0,2305.465576171875,65,11,1,1
ALL_SENTIMENT,凯迪拉克XT5,2026-03-01,4424.0,2309.295166015625,68,14,1,1
ALL_SENTIMENT,凯迪拉克XT5,2026-04-01,3429.0,2013.2864990234375,72,17,1,1
ALL_SENTIMENT,凯迪拉克XT5,2026-05-01,3339.0,1713.55517578125,78,20,1,1
ALL_SENTIMENT,凯迪拉克XT5,2026-06-01,3265.0,1603.7733154296875,87,27,1,1
ALL_SENTIMENT,凯迪拉克XT6,2026-01-01,151.0,185.60914611816406,94,6,1,1
ALL_SENTIMENT,凯迪拉克XT6,2026-02-01,62.0,203.85313415527344,95,6,1,1
ALL_SENTIMENT,凯迪拉克XT6,2026-03-01,101.0,246.15223693847656,96,6,1,1
ALL_SENTIMENT,凯迪拉克XT6,2026-04-01,87.0,236.29489135742188,97,5,1,1
ALL_SENTIMENT,凯迪拉克XT6,2026-05-01,72.0,243.46905517578125,98,4,1,1
ALL_SENTIMENT,凯迪拉克XT6,2026-06-01,65.0,245.16380310058594,99,5,1,1
ALL_SENTIMENT,别克GL8,2026-01-01,4437.0,2782.426513671875,91,5,1,1
ALL_SENTIMENT,别克GL8,2026-02-01,1794.0,2145.3798828125,92,5,1,1
ALL_SENTIMENT,别克GL8,2026-03-01,4491.0,2215.844970703125,95,8,1,1
ALL_SENTIMENT,别克GL8,2026-04-01,3198.0,1966.420166015625,96,8,1,1
ALL_SENTIMENT,别克GL8,2026-05-01,2952.0,1684.7421875,97,8,1,1
ALL_SENTIMENT,别克GL8,2026-06-01,2781.0,1603.7733154296875,98,7,1,1
ALL_SENTIMENT,卡罗拉,2026-01-01,6043.0,4251.93603515625,73,5,1,1
ALL_SENTIMENT,卡罗拉,2026-02-01,5004.0,3410.702880859375,75,6,1,1
ALL_SENTIMENT,卡罗拉,2026-03-01,8216.0,3440.279296875,80,10,1,1
ALL_SENTIMENT,卡罗拉,2026-04-01,3670.0,2766.390625,86,15,1,1
ALL_SENTIMENT,卡罗拉,2026-05-01,3268.0,2267.10791015625,89,17,1,1
ALL_SENTIMENT,卡罗拉,2026-06-01,5227.0,2005.703369140625,93,20,1,1
ALL_SENTIMENT,卡罗拉双擎E+,2026-01-01,0.0,0.8327416777610779,10,0,1,0
ALL_SENTIMENT,卡罗拉双擎E+,2026-02-01,0.0,0.984934389591217,10,0,1,0
ALL_SENTIMENT,卡罗拉双擎E+,2026-03-01,0.0,1.0049315690994263,10,0,1,0
ALL_SENTIMENT,卡罗拉双擎E+,2026-04-01,0.0,1.878219723701477,10,0,1,0
ALL_SENTIMENT,卡罗拉双擎E+,2026-05-01,0.0,1.878219723701477,10,0,1,0
ALL_SENTIMENT,卡罗拉双擎E+,2026-06-01,0.0,1.9002572298049927,10,0,1,0
ALL_SENTIMENT,卡罗拉锐放,2026-01-01,20188.0,12540.51953125,35,7,1,1
ALL_SENTIMENT,卡罗拉锐放,2026-02-01,7395.0,9476.2421875,45,17,1,1
ALL_SENTIMENT,卡罗拉锐放,2026-03-01,13555.0,9135.244140625,51,23,1,1
ALL_SENTIMENT,卡罗拉锐放,2026-04-01,9184.0,7490.37646484375,62,34,1,1
ALL_SENTIMENT,卡罗拉锐放,2026-05-01,6783.0,6968.0927734375,73,44,1,1
ALL_SENTIMENT,卡罗拉锐放,2026-06-01,10688.0,6608.5087890625,86,54,1,1
ALL_SENTIMENT,吉利ICON,2026-01-01,1228.0,987.279052734375,94,9,1,1
ALL_SENTIMENT,吉利ICON,2026-02-01,369.0,831.3096313476562,97,11,1,1
ALL_SENTIMENT,吉利ICON,2026-03-01,929.0,889.8518676757812,99,13,1,1
ALL_SENTIMENT,吉利ICON,2026-04-01,515.0,893.3389892578125,99,12,1,1
ALL_SENTIMENT,吉利ICON,2026-05-01,635.0,881.318603515625,99,6,1,1
ALL_SENTIMENT,吉利ICON,2026-06-01,687.0,890.1309814453125,99,5,1,1
ALL_SENTIMENT,君威,2026-01-01,4104.0,2560.38232421875,100,6,1,1
ALL_SENTIMENT,君威,2026-02-01,1959.0,2003.6136474609375,100,4,1,1
ALL_SENTIMENT,君威,2026-03-01,3652.0,1974.22021484375,100,4,1,1
ALL_SENTIMENT,君威,2026-04-01,1532.0,1702.68505859375,100,4,1,1
ALL_SENTIMENT,君威,2026-05-01,1537.0,1584.463134765625,100,1,1,1
ALL_SENTIMENT,君威,2026-06-01,1435.0,1485.7239990234375,100,1,1,1
ALL_SENTIMENT,型格,2026-01-01,936.0,814.2330932617188,94,6,1,1
ALL_SENTIMENT,型格,2026-02-01,332.0,712.4577026367188,96,7,1,1
ALL_SENTIMENT,型格,2026-03-01,345.0,761.5352172851562,97,8,1,1
ALL_SENTIMENT,型格,2026-04-01,134.0,741.9396362304688,98,7,1,1
ALL_SENTIMENT,型格,2026-05-01,142.0,721.2474975585938,99,7,1,1
ALL_SENTIMENT,型格,2026-06-01,110.0,712.57373046875,99,7,1,1
ALL_SENTIMENT,大众ID.3,2026-01-01,452.0,1604.3994140625,188,9,1,1
ALL_SENTIMENT,大众ID.3,2026-02-01,306.0,1265.2252197265625,190,10,1,1
ALL_SENTIMENT,大众ID.3,2026-03-01,945.0,1405.684814453125,192,11,1,1
ALL_SENTIMENT,大众ID.3,2026-04-01,762.0,1332.482177734375,195,12,1,1
ALL_SENTIMENT,大众ID.3,2026-05-01,759.0,1258.7103271484375,196,11,1,1
ALL_SENTIMENT,大众ID.3,2026-06-01,680.0,1244.7813720703125,197,9,1,1
ALL_SENTIMENT,大家9,2026-01-01,34.0,224.1159210205078,10,0,1,0
ALL_SENTIMENT,大家9,2026-02-01,21.0,210.49832153320312,10,0,1,0
ALL_SENTIMENT,大家9,2026-03-01,152.0,262.42938232421875,10,0,1,0
ALL_SENTIMENT,大家9,2026-04-01,95.0,260.63323974609375,10,0,1,0
ALL_SENTIMENT,大家9,2026-05-01,128.0,260.63323974609375,10,0,1,0
ALL_SENTIMENT,大家9,2026-06-01,221.0,263.41741943359375,10,0,1,0
ALL_SENTIMENT,大通G10,2026-01-01,203.0,254.1960906982422,40,4,1,1
ALL_SENTIMENT,大通G10,2026-02-01,126.0,218.65579223632812,41,3,1,1
ALL_SENTIMENT,大通G10,2026-03-01,202.0,272.364990234375,42,4,1,1
ALL_SENTIMENT,大通G10,2026-04-01,167.0,263.0224304199219,42,4,1,1
ALL_SENTIMENT,大通G10,2026-05-01,139.0,263.0224304199219,43,4,1,1
ALL_SENTIMENT,大通G10,2026-06-01,143.0,265.83203125,43,4,1,1
ALL_SENTIMENT,大通G50,2026-01-01,344.0,266.9200744628906,93,2,1,1
ALL_SENTIMENT,大通G50,2026-02-01,238.0,265.1869812011719,93,1,1,1
ALL_SENTIMENT,大通G50,2026-03-01,275.0,297.19659423828125,95,2,1,1
ALL_SENTIMENT,大通G50,2026-04-01,190.0,286.57720947265625,95,2,1,1
ALL_SENTIMENT,大通G50,2026-05-01,130.0,254.2770233154297,96,3,1,1
ALL_SENTIMENT,大通G50,2026-06-01,348.0,222.08975219726562,97,4,1,1
ALL_SENTIMENT,奔驰C级,2026-01-01,7362.0,7226.8671875,88,9,1,1
ALL_SENTIMENT,奔驰C级,2026-02-01,2827.0,5962.044921875,88,9,1,1
ALL_SENTIMENT,奔驰C级,2026-03-01,8000.0,5571.98291015625,88,9,1,1
ALL_SENTIMENT,奔驰C级,2026-04-01,9950.0,4416.72509765625,88,8,1,1
ALL_SENTIMENT,奔驰C级,2026-05-01,6839.0,3893.177001953125,88,3,1,1
ALL_SENTIMENT,奔驰C级,2026-06-01,6015.0,3807.716552734375,88,0,1,0
ALL_SENTIMENT,奔驰E级,2026-01-01,12119.0,8602.62109375,53,0,1,0
ALL_SENTIMENT,奔驰E级,2026-02-01,8583.0,6652.90673828125,54,1,1,1
ALL_SENTIMENT,奔驰E级,2026-03-01,14545.0,6559.55078125,56,3,1,1
ALL_SENTIMENT,奔驰E级,2026-04-01,7450.0,5503.2275390625,58,5,1,1
ALL_SENTIMENT,奔驰E级,2026-05-01,8928.0,4653.16845703125,68,15,1,1
ALL_SENTIMENT,奔驰E级,2026-06-01,9600.0,4175.7783203125,79,26,1,1
ALL_SENTIMENT,奔驰GLB,2026-01-01,174.0,2393.71875,79,22,1,1
ALL_SENTIMENT,奔驰GLB,2026-02-01,97.0,1683.385009765625,81,18,1,1
ALL_SENTIMENT,奔驰GLB,2026-03-01,2301.0,1924.2689208984375,86,18,1,1
ALL_SENTIMENT,奔驰GLB,2026-04-01,1700.0,1658.60009765625,91,18,1,1
ALL_SENTIMENT,奔驰GLB,2026-05-01,1012.0,1579.5401611328125,92,14,1,1
ALL_SENTIMENT,奔驰GLB,2026-06-01,800.0,1491.65966796875,94,15,1,1
ALL_SENTIMENT,奔驰GLC,2026-01-01,7145.0,8766.423828125,55,1,1,1
ALL_SENTIMENT,奔驰GLC,2026-02-01,6430.0,6732.2333984375,57,3,1,1
ALL_SENTIMENT,奔驰GLC,2026-03-01,14550.0,6491.94189453125,62,8,1,1
ALL_SENTIMENT,奔驰GLC,2026-04-01,8200.0,5501.3642578125,68,14,1,1
ALL_SENTIMENT,奔驰GLC,2026-05-01,7865.0,4629.31005859375,73,19,1,1
ALL_SENTIMENT,奔驰GLC,2026-06-01,8347.0,4154.36767578125,83,29,1,1
ALL_SENTIMENT,奔驰V级,2026-01-01,374.0,739.4671020507812,76,4,1,1
ALL_SENTIMENT,奔驰V级,2026-02-01,178.0,626.9793090820312,77,5,1,1
ALL_SENTIMENT,奔驰V级,2026-03-01,307.0,723.5582885742188,77,3,1,1
ALL_SENTIMENT,奔驰V级,2026-04-01,322.0,681.6452026367188,77,1,1,1
ALL_SENTIMENT,奔驰V级,2026-05-01,254.0,665.9325561523438,78,2,1,1
ALL_SENTIMENT,奔驰V级,2026-06-01,250.0,668.0755615234375,80,4,1,1
ALL_SENTIMENT,奥德赛,2026-01-01,1542.0,1083.375,87,5,1,1
ALL_SENTIMENT,奥德赛,2026-02-01,696.0,933.7272338867188,90,7,1,1
ALL_SENTIMENT,奥德赛,2026-03-01,1156.0,1045.77099609375,93,10,1,1
ALL_SENTIMENT,奥德赛,2026-04-01,836.0,962.1624755859375,93,8,1,1
ALL_SENTIMENT,奥德赛,2026-05-01,834.0,943.9967651367188,95,8,1,1
ALL_SENTIMENT,奥德赛,2026-06-01,814.0,946.9425048828125,98,11,1,1
ALL_SENTIMENT,奥迪A3,2026-01-01,5770.0,5049.01416015625,64,7,1,1
ALL_SENTIMENT,奥迪A3,2026-02-01,3952.0,3328.465576171875,70,13,1,1
ALL_SENTIMENT,奥迪A3,2026-03-01,7611.0,3790.62158203125,74,17,1,1
ALL_SENTIMENT,奥迪A3,2026-04-01,5936.0,3192.63916015625,81,24,1,1
ALL_SENTIMENT,奥迪A3,2026-05-01,5801.0,2719.65771484375,86,27,1,1
ALL_SENTIMENT,奥迪A3,2026-06-01,5284.0,2643.68994140625,93,31,1,1
ALL_SENTIMENT,奥迪A6L,2026-01-01,15660.0,11886.91796875,74,8,1,1
ALL_SENTIMENT,奥迪A6L,2026-02-01,7749.0,8952.169921875,76,9,1,1
ALL_SENTIMENT,奥迪A6L,2026-03-01,10591.0,8712.15234375,78,9,1,1
ALL_SENTIMENT,奥迪A6L,2026-04-01,9449.0,7144.15869140625,82,12,1,1
ALL_SENTIMENT,奥迪A6L,2026-05-01,8709.0,6840.5234375,85,13,1,1
ALL_SENTIMENT,奥迪A6L,2026-06-01,7095.0,6610.7470703125,89,15,1,1
ALL_SENTIMENT,奥迪A7L,2026-01-01,830.0,611.7355346679688,82,24,1,1
ALL_SENTIMENT,奥迪A7L,2026-02-01,350.0,529.9686889648438,90,29,1,1
ALL_SENTIMENT,奥迪A7L,2026-03-01,350.0,653.76806640625,90,21,1,1
ALL_SENTIMENT,奥迪A7L,2026-04-01,300.0,605.4774780273438,94,21,1,1
ALL_SENTIMENT,奥迪A7L,2026-05-01,245.0,574.7740478515625,95,17,1,1
ALL_SENTIMENT,奥迪A7L,2026-06-01,250.0,588.0305786132812,96,14,1,1
ALL_SENTIMENT,奥迪Q3,2026-01-01,2426.0,2034.6768798828125,90,3,1,1
ALL_SENTIMENT,奥迪Q3,2026-02-01,1651.0,1578.3919677734375,91,4,1,1
ALL_SENTIMENT,奥迪Q3,2026-03-01,2927.0,1707.1231689453125,96,9,1,1
ALL_SENTIMENT,奥迪Q3,2026-04-01,2192.0,1524.4398193359375,96,9,1,1
ALL_SENTIMENT,奥迪Q3,2026-05-01,2977.0,1360.08740234375,96,7,1,1
ALL_SENTIMENT,奥迪Q3,2026-06-01,2877.0,1302.633544921875,98,8,1,1
ALL_SENTIMENT,奥迪Q5 e-tron,2026-01-01,0.0,122.0578384399414,78,6,1,1
ALL_SENTIMENT,奥迪Q5 e-tron,2026-02-01,0.0,162.82374572753906,78,5,1,1
ALL_SENTIMENT,奥迪Q5 e-tron,2026-03-01,0.0,206.40667724609375,78,5,1,1
ALL_SENTIMENT,奥迪Q5 e-tron,2026-04-01,0.0,213.01834106445312,79,5,1,1
ALL_SENTIMENT,奥迪Q5 e-tron,2026-05-01,0.0,224.0226593017578,79,5,1,1
ALL_SENTIMENT,奥迪Q5 e-tron,2026-06-01,0.0,230.72335815429688,80,4,1,1
ALL_SENTIMENT,奥迪Q5L,2026-01-01,14190.0,9113.556640625,82,0,1,0
ALL_SENTIMENT,奥迪Q5L,2026-02-01,7745.0,6789.4580078125,82,0,1,0
ALL_SENTIMENT,奥迪Q5L,2026-03-01,9698.0,6562.79833984375,83,1,1,1
ALL_SENTIMENT,奥迪Q5L,2026-04-01,7358.0,5562.3076171875,83,1,1,1
ALL_SENTIMENT,奥迪Q5L,2026-05-01,6272.0,4653.16845703125,85,3,1,1
ALL_SENTIMENT,奥迪Q5L,2026-06-01,6100.0,4154.36767578125,86,4,1,1
ALL_SENTIMENT,威兰达,2026-01-01,4719.0,3604.989501953125,97,0,1,0
ALL_SENTIMENT,威兰达,2026-02-01,4886.0,3054.8779296875,98,1,1,1
ALL_SENTIMENT,威兰达,2026-03-01,9247.0,2866.16259765625,98,1,1,1
ALL_SENTIMENT,威兰达,2026-04-01,5528.0,2534.432373046875,98,1,1,1
ALL_SENTIMENT,威兰达,2026-05-01,8056.0,2378.292724609375,98,1,1,1
ALL_SENTIMENT,威兰达,2026-06-01,11037.0,2153.109619140625,98,1,1,1
ALL_SENTIMENT,威朗,2026-01-01,503.0,744.07177734375,100,3,1,1
ALL_SENTIMENT,威朗,2026-02-01,223.0,641.373779296875,100,3,1,1
ALL_SENTIMENT,威朗,2026-03-01,348.0,681.4853515625,100,3,1,1
ALL_SENTIMENT,威朗,2026-04-01,153.0,661.1909790039062,100,0,1,0
ALL_SENTIMENT,威朗,2026-05-01,115.0,605.4254760742188,100,0,1,0
ALL_SENTIMENT,威朗,2026-06-01,128.0,583.6278686523438,100,0,1,0
ALL_SENTIMENT,威然,2026-01-01,432.0,1017.8027954101562,167,7,1,1
ALL_SENTIMENT,威然,2026-02-01,225.0,915.6759643554688,168,6,1,1
ALL_SENTIMENT,威然,2026-03-01,641.0,1045.8443603515625,169,6,1,1
ALL_SENTIMENT,威然,2026-04-01,193.0,974.9798583984375,171,7,1,1
ALL_SENTIMENT,威然,2026-05-01,251.0,951.7959594726562,175,11,1,1
ALL_SENTIMENT,威然,2026-06-01,160.0,962.4541625976562,176,10,1,1
ALL_SENTIMENT,威霆,2026-01-01,347.0,688.7875366210938,38,3,1,1
ALL_SENTIMENT,威霆,2026-02-01,161.0,613.6226806640625,38,3,1,1
ALL_SENTIMENT,威霆,2026-03-01,349.0,684.9767456054688,38,2,1,1
ALL_SENTIMENT,威霆,2026-04-01,381.0,671.5269165039062,39,3,1,1
ALL_SENTIMENT,威霆,2026-05-01,320.0,664.8311767578125,39,2,1,1
ALL_SENTIMENT,威霆,2026-06-01,310.0,611.4402465820312,39,1,1,1
ALL_SENTIMENT,威飒,2026-01-01,32.0,78.67872619628906,98,3,1,1
ALL_SENTIMENT,威飒,2026-02-01,3.0,78.67872619628906,98,3,1,1
ALL_SENTIMENT,威飒,2026-03-01,12.0,100.47650146484375,98,3,1,1
ALL_SENTIMENT,威飒,2026-04-01,7.0,98.19725036621094,98,3,1,1
ALL_SENTIMENT,威飒,2026-05-01,2.0,98.19725036621094,98,2,1,1
ALL_SENTIMENT,威飒,2026-06-01,3.0,96.56001281738281,99,2,1,1
ALL_SENTIMENT,宋PLUS新能源,2026-01-01,391.0,4198.24853515625,10,10,1,1
ALL_SENTIMENT,宋PLUS新能源,2026-02-01,229.0,3357.6044921875,17,17,1,1
ALL_SENTIMENT,宋PLUS新能源,2026-03-01,327.0,3272.520263671875,18,17,1,1
ALL_SENTIMENT,宋PLUS新能源,2026-04-01,378.0,2815.558837890625,19,13,1,1
ALL_SENTIMENT,宋PLUS新能源,2026-05-01,133.0,2390.666259765625,20,11,1,1
ALL_SENTIMENT,宋PLUS新能源,2026-06-01,40.0,2068.330078125,20,10,1,1
ALL_SENTIMENT,宏光MINIEV,2026-01-01,7133.0,19868.87890625,18,18,1,1
ALL_SENTIMENT,宏光MINIEV,2026-02-01,4866.0,14935.7646484375,18,18,1,1
ALL_SENTIMENT,宏光MINIEV,2026-03-01,16806.0,12242.4501953125,18,18,1,1
ALL_SENTIMENT,宏光MINIEV,2026-04-01,13229.0,10270.078125,18,16,1,1
ALL_SENTIMENT,宏光MINIEV,2026-05-01,18308.0,9068.2529296875,18,5,1,1
ALL_SENTIMENT,宏光MINIEV,2026-06-01,12457.0,8000.19091796875,18,2,1,1
ALL_SENTIMENT,宝马3系,2026-01-01,14626.0,9685.2529296875,96,9,1,1
ALL_SENTIMENT,宝马3系,2026-02-01,9459.0,7555.26220703125,99,11,1,1
ALL_SENTIMENT,宝马3系,2026-03-01,11953.0,7191.02294921875,99,9,1,1
ALL_SENTIMENT,宝马3系,2026-04-01,9107.0,6266.1162109375,99,8,1,1
ALL_SENTIMENT,宝马3系,2026-05-01,9754.0,5378.435546875,100,8,1,1
ALL_SENTIMENT,宝马3系,2026-06-01,10549.0,4703.57275390625,100,5,1,1
ALL_SENTIMENT,宝马X5,2026-01-01,7852.0,5381.0732421875,62,12,1,1
ALL_SENTIMENT,宝马X5,2026-02-01,5283.0,3473.71875,71,19,1,1
ALL_SENTIMENT,宝马X5,2026-03-01,5276.0,3686.85400390625,76,24,1,1
ALL_SENTIMENT,宝马X5,2026-04-01,4280.0,3026.1533203125,80,28,1,1
ALL_SENTIMENT,宝马X5,2026-05-01,3813.0,2628.1650390625,86,31,1,1
ALL_SENTIMENT,宝马X5,2026-06-01,3629.0,2552.8662109375,93,38,1,1
ALL_SENTIMENT,宝马i3,2026-01-01,1038.0,1030.3834228515625,84,4,1,1
ALL_SENTIMENT,宝马i3,2026-02-01,577.0,946.600341796875,87,7,1,1
ALL_SENTIMENT,宝马i3,2026-03-01,1235.0,1008.8342895507812,87,6,1,1
ALL_SENTIMENT,宝马i3,2026-04-01,1276.0,941.86328125,90,9,1,1
ALL_SENTIMENT,宝马i3,2026-05-01,1180.0,944.1928100585938,93,10,1,1
ALL_SENTIMENT,宝马i3,2026-06-01,1039.0,954.7659301757812,96,13,1,1
ALL_SENTIMENT,宝马iX1,2026-01-01,744.0,1034.334228515625,44,9,1,1
ALL_SENTIMENT,宝马iX1,2026-02-01,428.0,941.4385375976562,46,9,1,1
ALL_SENTIMENT,宝马iX1,2026-03-01,904.0,1071.3463134765625,46,9,1,1
ALL_SENTIMENT,宝马iX1,2026-04-01,948.0,970.1115112304688,47,9,1,1
ALL_SENTIMENT,宝马iX1,2026-05-01,878.0,947.0432739257812,47,7,1,1
ALL_SENTIMENT,宝马iX1,2026-06-01,736.0,944.5782470703125,48,7,1,1
ALL_SENTIMENT,宝马iX3,2026-01-01,14.0,54.862266540527344,9,0,1,0
ALL_SENTIMENT,宝马iX3,2026-02-01,18.0,60.45441436767578,9,0,1,0
ALL_SENTIMENT,宝马iX3,2026-03-01,97.0,78.01716613769531,9,0,1,0
ALL_SENTIMENT,宝马iX3,2026-04-01,16.0,73.19090270996094,9,0,1,0
ALL_SENTIMENT,宝马iX3,2026-05-01,14.0,55.428627014160156,10,1,1,1
ALL_SENTIMENT,宝马iX3,2026-06-01,8.0,59.600311279296875,10,1,1,1
ALL_SENTIMENT,小虎FEV,2026-01-01,0.0,1.941632866859436,5,0,1,0
ALL_SENTIMENT,小虎FEV,2026-02-01,0.0,3.4265642166137695,5,0,1,0
ALL_SENTIMENT,小虎FEV,2026-03-01,0.0,10.146857261657715,5,0,1,0
ALL_SENTIMENT,小虎FEV,2026-04-01,0.0,6.485409259796143,5,0,1,0
ALL_SENTIMENT,小虎FEV,2026-05-01,0.0,10.541426658630371,5,0,1,0
ALL_SENTIMENT,小虎FEV,2026-06-01,0.0,7.155642986297607,5,0,1,0
ALL_SENTIMENT,小鹏P5,2026-01-01,0.0,0.9885920286178589,10,0,1,0
ALL_SENTIMENT,小鹏P5,2026-02-01,0.0,1.0921095609664917,10,0,1,0
ALL_SENTIMENT,小鹏P5,2026-03-01,0.0,2.3630921840667725,10,0,1,0
ALL_SENTIMENT,小鹏P5,2026-04-01,0.0,3.58078670501709,10,0,1,0
ALL_SENTIMENT,小鹏P5,2026-05-01,0.0,4.179663181304932,10,0,1,0
ALL_SENTIMENT,小鹏P5,2026-06-01,0.0,5.8930277824401855,10,0,1,0
ALL_SENTIMENT,岚图梦想家,2026-01-01,3574.0,5893.98388671875,0,0,0,0
ALL_SENTIMENT,岚图梦想家,2026-02-01,3980.0,4734.8359375,0,0,0,0
ALL_SENTIMENT,岚图梦想家,2026-03-01,5511.0,3998.2509765625,0,0,0,0
ALL_SENTIMENT,岚图梦想家,2026-04-01,6995.0,3335.4296875,0,0,0,0
ALL_SENTIMENT,岚图梦想家,2026-05-01,4954.0,3015.099365234375,0,0,0,0
ALL_SENTIMENT,岚图梦想家,2026-06-01,6926.0,2897.781982421875,0,0,0,0
ALL_SENTIMENT,帕萨特,2026-01-01,20799.0,12902.42578125,117,18,1,1
ALL_SENTIMENT,帕萨特,2026-02-01,13988.0,10009.6689453125,125,26,1,1
ALL_SENTIMENT,帕萨特,2026-03-01,16067.0,9250.4970703125,138,38,1,1
ALL_SENTIMENT,帕萨特,2026-04-01,8129.0,7490.37646484375,158,57,1,1
ALL_SENTIMENT,帕萨特,2026-05-01,10727.0,6968.0927734375,168,62,1,1
ALL_SENTIMENT,帕萨特,2026-06-01,10330.0,6608.5087890625,178,66,1,1
ALL_SENTIMENT,帕萨特新能源,2026-01-01,42.0,1449.132080078125,0,0,0,0
ALL_SENTIMENT,帕萨特新能源,2026-02-01,12.0,1139.9190673828125,0,0,0,0
ALL_SENTIMENT,帕萨特新能源,2026-03-01,87.0,1293.01416015625,0,0,0,0
ALL_SENTIMENT,帕萨特新能源,2026-04-01,189.0,1123.4112548828125,0,0,0,0
ALL_SENTIMENT,帕萨特新能源,2026-05-01,256.0,1087.64501953125,0,0,0,0
ALL_SENTIMENT,帕萨特新能源,2026-06-01,2914.0,1005.1947021484375,0,0,0,0
ALL_SENTIMENT,库斯途,2026-01-01,2112.0,1106.6822509765625,74,27,1,1
ALL_SENTIMENT,库斯途,2026-02-01,1050.0,980.2870483398438,76,26,1,1
ALL_SENTIMENT,库斯途,2026-03-01,1722.0,1055.8197021484375,80,20,1,1
ALL_SENTIMENT,库斯途,2026-04-01,1187.0,974.9798583984375,86,21,1,1
ALL_SENTIMENT,库斯途,2026-05-01,1089.0,951.7959594726562,89,20,1,1
ALL_SENTIMENT,库斯途,2026-06-01,1141.0,954.5677490234375,95,21,1,1
ALL_SENTIMENT,护卫舰07,2026-01-01,1.0,15.228580474853516,10,0,1,0
ALL_SENTIMENT,护卫舰07,2026-02-01,0.0,16.206050872802734,10,0,1,0
ALL_SENTIMENT,护卫舰07,2026-03-01,0.0,18.000076293945312,10,0,1,0
ALL_SENTIMENT,护卫舰07,2026-04-01,1.0,19.756423950195312,10,0,1,0
ALL_SENTIMENT,护卫舰07,2026-05-01,1.0,19.952136993408203,10,0,1,0
ALL_SENTIMENT,护卫舰07,2026-06-01,3.0,20.92793083190918,10,0,1,0
ALL_SENTIMENT,捷达VA3,2026-01-01,1848.0,1579.03369140625,86,1,1,1
ALL_SENTIMENT,捷达VA3,2026-02-01,697.0,1283.1241455078125,87,2,1,1
ALL_SENTIMENT,捷达VA3,2026-03-01,2729.0,1382.2354736328125,88,3,1,1
ALL_SENTIMENT,捷达VA3,2026-04-01,2660.0,1272.6395263671875,88,2,1,1
ALL_SENTIMENT,捷达VA3,2026-05-01,3005.0,1193.911376953125,89,3,1,1
ALL_SENTIMENT,捷达VA3,2026-06-01,3060.0,1191.62939453125,89,3,1,1
ALL_SENTIMENT,探岳,2026-01-01,16732.0,10318.767578125,172,5,1,1
ALL_SENTIMENT,探岳,2026-02-01,11084.0,7876.669921875,174,6,1,1
ALL_SENTIMENT,探岳,2026-03-01,15897.0,7654.22607421875,176,8,1,1
ALL_SENTIMENT,探岳,2026-04-01,6667.0,6979.48046875,179,11,1,1
ALL_SENTIMENT,探岳,2026-05-01,11425.0,6589.1357421875,184,15,1,1
ALL_SENTIMENT,探岳,2026-06-01,11664.0,5723.00390625,188,18,1,1
ALL_SENTIMENT,探界者,2026-01-01,0.0,12.730090141296387,100,1,1,1
ALL_SENTIMENT,探界者,2026-02-01,13.0,13.630544662475586,100,0,1,0
ALL_SENTIMENT,探界者,2026-03-01,6.0,14.661783218383789,100,0,1,0
ALL_SENTIMENT,探界者,2026-04-01,2.0,25.74639320373535,100,0,1,0
ALL_SENTIMENT,探界者,2026-05-01,0.0,40.30934143066406,100,0,1,0
ALL_SENTIMENT,探界者,2026-06-01,1.0,73.4360122680664,100,0,1,0
ALL_SENTIMENT,揽境,2026-01-01,632.0,620.2716674804688,187,16,1,1
ALL_SENTIMENT,揽境,2026-02-01,399.0,556.0787963867188,190,19,1,1
ALL_SENTIMENT,揽境,2026-03-01,412.0,663.5779418945312,191,16,1,1
ALL_SENTIMENT,揽境,2026-04-01,516.0,602.4005126953125,192,15,1,1
ALL_SENTIMENT,揽境,2026-05-01,713.0,561.9586181640625,193,14,1,1
ALL_SENTIMENT,揽境,2026-06-01,436.0,580.711669921875,196,13,1,1
ALL_SENTIMENT,新帝豪,2026-01-01,16805.0,6943.25341796875,0,0,0,0
ALL_SENTIMENT,新帝豪,2026-02-01,10505.0,5750.16064453125,0,0,0,0
ALL_SENTIMENT,新帝豪,2026-03-01,9278.0,5059.6689453125,0,0,0,0
ALL_SENTIMENT,新帝豪,2026-04-01,6055.0,3978.77099609375,0,0,0,0
ALL_SENTIMENT,新帝豪,2026-05-01,6750.0,3675.872802734375,0,0,0,0
ALL_SENTIMENT,新帝豪,2026-06-01,7143.0,3513.929931640625,0,0,0,0
ALL_SENTIMENT,星瑞,2026-01-01,19011.0,7440.39794921875,97,3,1,1
ALL_SENTIMENT,星瑞,2026-02-01,12409.0,6258.8046875,99,5,1,1
ALL_SENTIMENT,星瑞,2026-03-01,10919.0,5546.4716796875,100,6,1,1
ALL_SENTIMENT,星瑞,2026-04-01,7427.0,4470.90625,100,6,1,1
ALL_SENTIMENT,星瑞,2026-05-01,7730.0,3919.600830078125,100,5,1,1
ALL_SENTIMENT,星瑞,2026-06-01,8161.0,3764.3095703125,100,4,1,1
ALL_SENTIMENT,星越L,2026-01-01,23760.0,7006.03271484375,94,9,1,1
ALL_SENTIMENT,星越L,2026-02-01,10134.0,5940.337890625,95,9,1,1
ALL_SENTIMENT,星越L,2026-03-01,12871.0,4934.3505859375,96,9,1,1
ALL_SENTIMENT,星越L,2026-04-01,9046.0,3999.277099609375,97,8,1,1
ALL_SENTIMENT,星越L,2026-05-01,9528.0,3719.895751953125,97,6,1,1
ALL_SENTIMENT,星越L,2026-06-01,11915.0,3569.15283203125,98,6,1,1
ALL_SENTIMENT,星途ES,2026-01-01,83.0,399.2770690917969,92,26,1,1
ALL_SENTIMENT,星途ES,2026-02-01,14.0,425.5668029785156,93,16,1,1
ALL_SENTIMENT,星途ES,2026-03-01,147.0,488.248779296875,94,13,1,1
ALL_SENTIMENT,星途ES,2026-04-01,31.0,408.370361328125,94,8,1,1
ALL_SENTIMENT,星途ES,2026-05-01,259.0,433.39825439453125,96,8,1,1
ALL_SENTIMENT,星途ES,2026-06-01,280.0,438.92578125,96,4,1,1
ALL_SENTIMENT,智跑,2026-01-01,59.0,78.4778823852539,100,0,1,0
ALL_SENTIMENT,智跑,2026-02-01,29.0,73.62113189697266,100,0,1,0
ALL_SENTIMENT,智跑,2026-03-01,55.0,91.39360046386719,100,0,1,0
ALL_SENTIMENT,智跑,2026-04-01,18.0,98.29326629638672,100,0,1,0
ALL_SENTIMENT,智跑,2026-05-01,31.0,98.29326629638672,100,0,1,0
ALL_SENTIMENT,智跑,2026-06-01,31.0,98.29326629638672,100,0,1,0
ALL_SENTIMENT,朗逸,2026-01-01,23481.0,14250.75390625,128,9,1,1
ALL_SENTIMENT,朗逸,2026-02-01,16111.0,10435.078125,137,17,1,1
ALL_SENTIMENT,朗逸,2026-03-01,19939.0,9207.822265625,144,22,1,1
ALL_SENTIMENT,朗逸,2026-04-01,12457.0,7653.912109375,162,39,1,1
ALL_SENTIMENT,朗逸,2026-05-01,13033.0,7184.51708984375,175,51,1,1
ALL_SENTIMENT,朗逸,2026-06-01,15444.0,6927.5029296875,186,61,1,1
ALL_SENTIMENT,本田HR-V,2026-01-01,2123.0,770.5770874023438,66,2,1,1
ALL_SENTIMENT,本田HR-V,2026-02-01,1908.0,757.339111328125,72,8,1,1
ALL_SENTIMENT,本田HR-V,2026-03-01,2480.0,812.8072509765625,81,16,1,1
ALL_SENTIMENT,本田HR-V,2026-04-01,1676.0,781.8237915039062,85,20,1,1
ALL_SENTIMENT,本田HR-V,2026-05-01,1686.0,769.1696166992188,91,26,1,1
ALL_SENTIMENT,本田HR-V,2026-06-01,2282.0,776.8618774414062,96,30,1,1
ALL_SENTIMENT,本田XR-V,2026-01-01,298.0,220.81422424316406,99,1,1,1
ALL_SENTIMENT,本田XR-V,2026-02-01,200.0,214.87078857421875,99,1,1,1
ALL_SENTIMENT,本田XR-V,2026-03-01,594.0,240.33546447753906,100,1,1,1
ALL_SENTIMENT,本田XR-V,2026-04-01,451.0,211.854248046875,100,1,1,1
ALL_SENTIMENT,本田XR-V,2026-05-01,236.0,204.7270965576172,100,1,1,1
ALL_SENTIMENT,本田XR-V,2026-06-01,34.0,206.9163360595703,100,1,1,1
ALL_SENTIMENT,极氪001,2026-01-01,2956.0,3536.76806640625,16,16,1,1
ALL_SENTIMENT,极氪001,2026-02-01,3205.0,2672.535888671875,16,16,1,1
ALL_SENTIMENT,极氪001,2026-03-01,2854.0,2739.069580078125,16,16,1,1
ALL_SENTIMENT,极氪001,2026-04-01,2267.0,2413.382568359375,16,16,1,1
ALL_SENTIMENT,极氪001,2026-05-01,1876.0,1947.1630859375,16,14,1,1
ALL_SENTIMENT,极氪001,2026-06-01,1844.0,1590.62060546875,16,1,1,1
ALL_SENTIMENT,极氪009,2026-01-01,576.0,1052.8768310546875,17,12,1,1
ALL_SENTIMENT,极氪009,2026-02-01,927.0,900.5076904296875,17,12,1,1
ALL_SENTIMENT,极氪009,2026-03-01,721.0,982.232666015625,17,12,1,1
ALL_SENTIMENT,极氪009,2026-04-01,483.0,927.16015625,17,12,1,1
ALL_SENTIMENT,极氪009,2026-05-01,1536.0,859.4970703125,17,12,1,1
ALL_SENTIMENT,极氪009,2026-06-01,2843.0,876.3098754882812,17,11,1,1
ALL_SENTIMENT,林肯Z,2026-01-01,1308.0,1067.8448486328125,69,33,1,1
ALL_SENTIMENT,林肯Z,2026-02-01,713.0,933.7272338867188,74,36,1,1
ALL_SENTIMENT,林肯Z,2026-03-01,1280.0,1036.21142578125,78,34,1,1
ALL_SENTIMENT,林肯Z,2026-04-01,732.0,964.57666015625,85,35,1,1
ALL_SENTIMENT,林肯Z,2026-05-01,737.0,941.639892578125,92,33,1,1
ALL_SENTIMENT,林肯Z,2026-06-01,713.0,944.5782470703125,96,31,1,1
ALL_SENTIMENT,标致408,2026-01-01,1494.0,456.1547546386719,96,7,1,1
ALL_SENTIMENT,标致408,2026-02-01,685.0,386.3008728027344,96,6,1,1
ALL_SENTIMENT,标致408,2026-03-01,478.0,439.39801025390625,96,5,1,1
ALL_SENTIMENT,标致408,2026-04-01,453.0,434.35296630859375,96,4,1,1
ALL_SENTIMENT,标致408,2026-05-01,822.0,403.8226013183594,96,1,1,1
ALL_SENTIMENT,标致408,2026-06-01,527.0,441.7900695800781,96,1,1,1
ALL_SENTIMENT,标致508,2026-01-01,136.0,179.3019561767578,1,1,1,1
ALL_SENTIMENT,标致508,2026-02-01,108.0,177.51307678222656,2,2,1,1
ALL_SENTIMENT,标致508,2026-03-01,219.0,227.27174377441406,3,3,1,1
ALL_SENTIMENT,标致508,2026-04-01,78.0,198.56703186035156,4,3,1,1
ALL_SENTIMENT,标致508,2026-05-01,100.0,202.48927307128906,7,6,1,1
ALL_SENTIMENT,标致508,2026-06-01,78.0,200.9983367919922,10,9,1,1
ALL_SENTIMENT,格瑞维亚,2026-01-01,5068.0,3980.372802734375,65,15,1,1
ALL_SENTIMENT,格瑞维亚,2026-02-01,1472.0,3473.914306640625,70,20,1,1
ALL_SENTIMENT,格瑞维亚,2026-03-01,4329.0,3582.955078125,75,25,1,1
ALL_SENTIMENT,格瑞维亚,2026-04-01,2559.0,2969.633544921875,82,29,1,1
ALL_SENTIMENT,格瑞维亚,2026-05-01,2563.0,2652.661376953125,87,31,1,1
ALL_SENTIMENT,格瑞维亚,2026-06-01,2076.0,2645.487548828125,93,33,1,1
ALL_SENTIMENT,欧拉好猫,2026-01-01,502.0,1805.884033203125,71,13,1,1
ALL_SENTIMENT,欧拉好猫,2026-02-01,218.0,1493.9725341796875,74,14,1,1
ALL_SENTIMENT,欧拉好猫,2026-03-01,784.0,1448.5299072265625,78,16,1,1
ALL_SENTIMENT,欧拉好猫,2026-04-01,1125.0,1327.108642578125,80,17,1,1
ALL_SENTIMENT,欧拉好猫,2026-05-01,1112.0,1241.8946533203125,86,21,1,1
ALL_SENTIMENT,欧拉好猫,2026-06-01,1016.0,1237.4234619140625,91,22,1,1
ALL_SENTIMENT,欧拉闪电猫,2026-01-01,0.0,25.500295639038086,100,0,1,0
ALL_SENTIMENT,欧拉闪电猫,2026-02-01,0.0,32.3179931640625,100,0,1,0
ALL_SENTIMENT,欧拉闪电猫,2026-03-01,0.0,39.08787536621094,100,0,1,0
ALL_SENTIMENT,欧拉闪电猫,2026-04-01,0.0,44.79254150390625,100,0,1,0
ALL_SENTIMENT,欧拉闪电猫,2026-05-01,0.0,50.61421585083008,100,0,1,0
ALL_SENTIMENT,欧拉闪电猫,2026-06-01,0.0,61.77766418457031,100,0,1,0
ALL_SENTIMENT,欧诺S,2026-01-01,564.0,452.83770751953125,32,8,1,1
ALL_SENTIMENT,欧诺S,2026-02-01,440.0,430.511474609375,32,8,1,1
ALL_SENTIMENT,欧诺S,2026-03-01,677.0,479.5879211425781,33,8,1,1
ALL_SENTIMENT,欧诺S,2026-04-01,576.0,436.9317932128906,34,7,1,1
ALL_SENTIMENT,欧诺S,2026-05-01,531.0,440.03961181640625,35,6,1,1
ALL_SENTIMENT,欧诺S,2026-06-01,350.0,436.3110046386719,35,4,1,1
ALL_SENTIMENT,汉,2026-01-01,2147.0,5929.9609375,10,10,1,1
ALL_SENTIMENT,汉,2026-02-01,1962.0,4665.5771484375,10,10,1,1
ALL_SENTIMENT,汉,2026-03-01,3661.0,4055.0478515625,10,10,1,1
ALL_SENTIMENT,汉,2026-04-01,2834.0,3330.53662109375,10,6,1,1
ALL_SENTIMENT,汉,2026-05-01,3390.0,2938.292724609375,10,4,1,1
ALL_SENTIMENT,汉,2026-06-01,3285.0,1110.2728271484375,10,1,1,1
ALL_SENTIMENT,沃尔沃S90,2026-01-01,2157.0,1556.9969482421875,94,1,1,1
ALL_SENTIMENT,沃尔沃S90,2026-02-01,504.0,1228.4229736328125,97,4,1,1
ALL_SENTIMENT,沃尔沃S90,2026-03-01,1775.0,1421.9813232421875,97,4,1,1
ALL_SENTIMENT,沃尔沃S90,2026-04-01,428.0,1347.802734375,97,4,1,1
ALL_SENTIMENT,沃尔沃S90,2026-05-01,397.0,1258.7103271484375,97,3,1,1
ALL_SENTIMENT,沃尔沃S90,2026-06-01,510.0,1254.249755859375,98,4,1,1
ALL_SENTIMENT,沃尔沃S90新能源,2026-01-01,28.0,218.66165161132812,0,0,0,0
ALL_SENTIMENT,沃尔沃S90新能源,2026-02-01,18.0,223.34555053710938,0,0,0,0
ALL_SENTIMENT,沃尔沃S90新能源,2026-03-01,63.0,278.20147705078125,0,0,0,0
ALL_SENTIMENT,沃尔沃S90新能源,2026-04-01,15.0,264.98040771484375,0,0,0,0
ALL_SENTIMENT,沃尔沃S90新能源,2026-05-01,11.0,262.1913146972656,0,0,0,0
ALL_SENTIMENT,沃尔沃S90新能源,2026-06-01,7.0,264.9920654296875,0,0,0,0
ALL_SENTIMENT,海豚,2026-01-01,5699.0,10963.7060546875,86,18,1,1
ALL_SENTIMENT,海豚,2026-02-01,6081.0,8187.8955078125,90,19,1,1
ALL_SENTIMENT,海豚,2026-03-01,17291.0,8162.64697265625,92,19,1,1
ALL_SENTIMENT,海豚,2026-04-01,14218.0,7107.53173828125,94,18,1,1
ALL_SENTIMENT,海豚,2026-05-01,12819.0,6699.05322265625,96,16,1,1
ALL_SENTIMENT,海豚,2026-06-01,13005.0,5976.814453125,97,13,1,1
ALL_SENTIMENT,海豹07DM-i,2026-01-01,238.0,505.65771484375,2,2,1,1
ALL_SENTIMENT,海豹07DM-i,2026-02-01,277.0,461.81158447265625,9,9,1,1
ALL_SENTIMENT,海豹07DM-i,2026-03-01,432.0,572.0623779296875,9,9,1,1
ALL_SENTIMENT,海豹07DM-i,2026-04-01,628.0,474.9692687988281,9,9,1,1
ALL_SENTIMENT,海豹07DM-i,2026-05-01,615.0,478.8613586425781,9,9,1,1
ALL_SENTIMENT,海豹07DM-i,2026-06-01,777.0,477.7234191894531,9,9,1,1
ALL_SENTIMENT,深蓝SL03,2026-01-01,564.0,292.162353515625,97,4,1,1
ALL_SENTIMENT,深蓝SL03,2026-02-01,544.0,233.92575073242188,97,4,1,1
ALL_SENTIMENT,深蓝SL03,2026-03-01,335.0,286.2725524902344,97,3,1,1
ALL_SENTIMENT,深蓝SL03,2026-04-01,120.0,173.84341430664062,98,4,1,1
ALL_SENTIMENT,深蓝SL03,2026-05-01,7.0,221.30384826660156,99,5,1,1
ALL_SENTIMENT,深蓝SL03,2026-06-01,5.0,225.2125244140625,99,4,1,1
ALL_SENTIMENT,焕驰,2026-01-01,1.0,3.4680941104888916,54,3,1,1
ALL_SENTIMENT,焕驰,2026-02-01,0.0,5.013630390167236,54,3,1,1
ALL_SENTIMENT,焕驰,2026-03-01,1.0,6.503944396972656,54,3,1,1
ALL_SENTIMENT,焕驰,2026-04-01,2.0,8.933110237121582,54,2,1,1
ALL_SENTIMENT,焕驰,2026-05-01,0.0,10.646896362304688,54,2,1,1
ALL_SENTIMENT,焕驰,2026-06-01,6.0,11.558520317077637,54,0,1,0
ALL_SENTIMENT,瑞虎3x,2026-01-01,950.0,1033.7607421875,93,11,1,1
ALL_SENTIMENT,瑞虎3x,2026-02-01,811.0,928.0590209960938,96,12,1,1
ALL_SENTIMENT,瑞虎3x,2026-03-01,850.0,918.9956665039062,97,13,1,1
ALL_SENTIMENT,瑞虎3x,2026-04-01,560.0,899.4894409179688,98,8,1,1
ALL_SENTIMENT,瑞虎3x,2026-05-01,719.0,908.9757080078125,98,7,1,1
ALL_SENTIMENT,瑞虎3x,2026-06-01,639.0,918.0643310546875,98,6,1,1
ALL_SENTIMENT,瑞虎7,2026-01-01,2982.0,2338.010986328125,91,2,1,1
ALL_SENTIMENT,瑞虎7,2026-02-01,2890.0,1556.488037109375,92,3,1,1
ALL_SENTIMENT,瑞虎7,2026-03-01,1685.0,1557.184814453125,95,6,1,1
ALL_SENTIMENT,瑞虎7,2026-04-01,1521.0,1398.2030029296875,95,6,1,1
ALL_SENTIMENT,瑞虎7,2026-05-01,2293.0,1347.431640625,96,7,1,1
ALL_SENTIMENT,瑞虎7,2026-06-01,1994.0,1258.6724853515625,98,7,1,1
ALL_SENTIMENT,瑞虎8,2026-01-01,15705.0,10424.4931640625,67,7,1,1
ALL_SENTIMENT,瑞虎8,2026-02-01,13488.0,8648.7666015625,69,9,1,1
ALL_SENTIMENT,瑞虎8,2026-03-01,9334.0,7855.2353515625,70,9,1,1
ALL_SENTIMENT,瑞虎8,2026-04-01,5859.0,7015.9697265625,71,10,1,1
ALL_SENTIMENT,瑞虎8,2026-05-01,7099.0,6661.7265625,74,13,1,1
ALL_SENTIMENT,瑞虎8,2026-06-01,9835.0,5791.06787109375,81,17,1,1
ALL_SENTIMENT,瑞虎9,2026-01-01,5857.0,3899.201904296875,52,29,1,1
ALL_SENTIMENT,瑞虎9,2026-02-01,4592.0,2829.9365234375,53,26,1,1
ALL_SENTIMENT,瑞虎9,2026-03-01,3377.0,2936.17138671875,59,32,1,1
ALL_SENTIMENT,瑞虎9,2026-04-01,3011.0,2634.680908203125,63,32,1,1
ALL_SENTIMENT,瑞虎9,2026-05-01,3580.0,2420.533203125,68,35,1,1
ALL_SENTIMENT,瑞虎9,2026-06-01,3852.0,2153.109619140625,75,32,1,1
ALL_SENTIMENT,瑞风E3,2026-01-01,96.0,133.5276336669922,10,1,1,1
ALL_SENTIMENT,瑞风E3,2026-02-01,50.0,156.2577362060547,10,0,1,0
ALL_SENTIMENT,瑞风E3,2026-03-01,125.0,203.63560485839844,10,0,1,0
ALL_SENTIMENT,瑞风E3,2026-04-01,178.0,194.85829162597656,10,0,1,0
ALL_SENTIMENT,瑞风E3,2026-05-01,248.0,216.4351806640625,10,0,1,0
ALL_SENTIMENT,瑞风E3,2026-06-01,269.0,225.95077514648438,10,0,1,0
ALL_SENTIMENT,皇冠陆放,2026-01-01,5894.0,5507.4443359375,65,7,1,1
ALL_SENTIMENT,皇冠陆放,2026-02-01,1918.0,3870.78076171875,71,13,1,1
ALL_SENTIMENT,皇冠陆放,2026-03-01,5027.0,3954.705078125,76,18,1,1
ALL_SENTIMENT,皇冠陆放,2026-04-01,2847.0,3269.531005859375,84,26,1,1
ALL_SENTIMENT,皇冠陆放,2026-05-01,2494.0,2974.445068359375,88,29,1,1
ALL_SENTIMENT,皇冠陆放,2026-06-01,2807.0,2873.22998046875,92,28,1,1
ALL_SENTIMENT,皓影新能源,2026-01-01,71.0,205.3824462890625,10,1,1,1
ALL_SENTIMENT,皓影新能源,2026-02-01,73.0,198.60301208496094,10,1,1,1
ALL_SENTIMENT,皓影新能源,2026-03-01,122.0,249.0264892578125,10,1,1,1
ALL_SENTIMENT,皓影新能源,2026-04-01,51.0,225.07643127441406,10,1,1,1
ALL_SENTIMENT,皓影新能源,2026-05-01,20.0,230.66314697265625,10,0,1,0
ALL_SENTIMENT,皓影新能源,2026-06-01,67.0,233.12840270996094,10,0,1,0
ALL_SENTIMENT,福瑞迪,2026-01-01,958.0,234.18186950683594,10,0,1,0
ALL_SENTIMENT,福瑞迪,2026-02-01,271.0,204.8974609375,10,0,1,0
ALL_SENTIMENT,福瑞迪,2026-03-01,1124.0,252.1005401611328,10,0,1,0
ALL_SENTIMENT,福瑞迪,2026-04-01,134.0,227.85601806640625,10,0,1,0
ALL_SENTIMENT,福瑞迪,2026-05-01,858.0,227.85601806640625,10,0,1,0
ALL_SENTIMENT,福瑞迪,2026-06-01,408.0,230.29139709472656,10,0,1,0
ALL_SENTIMENT,秦PLUS,2026-01-01,6983.0,21322.408203125,15,15,1,1
ALL_SENTIMENT,秦PLUS,2026-02-01,6098.0,14772.8583984375,15,15,1,1
ALL_SENTIMENT,秦PLUS,2026-03-01,15363.0,12285.2255859375,15,15,1,1
ALL_SENTIMENT,秦PLUS,2026-04-01,13228.0,10376.779296875,15,15,1,1
ALL_SENTIMENT,秦PLUS,2026-05-01,12971.0,9092.5458984375,15,9,1,1
ALL_SENTIMENT,秦PLUS,2026-06-01,13726.0,7821.10009765625,15,0,1,0
ALL_SENTIMENT,秦新能源,2026-01-01,58.0,1109.3770751953125,9,0,1,0
ALL_SENTIMENT,秦新能源,2026-02-01,28.0,931.5689086914062,9,0,1,0
ALL_SENTIMENT,秦新能源,2026-03-01,85.0,1025.9814453125,9,0,1,0
ALL_SENTIMENT,秦新能源,2026-04-01,149.0,929.4830322265625,9,0,1,0
ALL_SENTIMENT,秦新能源,2026-05-01,59.0,889.2340087890625,9,0,1,0
ALL_SENTIMENT,秦新能源,2026-06-01,23.0,905.5460815429688,10,1,1,1
ALL_SENTIMENT,红旗E-HS9,2026-01-01,0.0,16.8610782623291,99,1,1,1
ALL_SENTIMENT,红旗E-HS9,2026-02-01,0.0,17.208053588867188,99,1,1,1
ALL_SENTIMENT,红旗E-HS9,2026-03-01,0.0,19.497751235961914,99,1,1,1
ALL_SENTIMENT,红旗E-HS9,2026-04-01,0.0,24.024887084960938,99,1,1,1
ALL_SENTIMENT,红旗E-HS9,2026-05-01,0.0,23.73903465270996,99,0,1,0
ALL_SENTIMENT,红旗E-HS9,2026-06-01,0.0,26.5297794342041,99,0,1,0
ALL_SENTIMENT,红旗E-QM5,2026-01-01,2549.0,4415.373046875,86,10,1,1
ALL_SENTIMENT,红旗E-QM5,2026-02-01,2327.0,3377.7216796875,90,13,1,1
ALL_SENTIMENT,红旗E-QM5,2026-03-01,1813.0,3364.523681640625,91,14,1,1
ALL_SENTIMENT,红旗E-QM5,2026-04-01,2166.0,2937.041259765625,91,13,1,1
ALL_SENTIMENT,红旗E-QM5,2026-05-01,5293.0,2611.468994140625,92,14,1,1
ALL_SENTIMENT,红旗E-QM5,2026-06-01,2277.0,2550.9306640625,96,13,1,1
ALL_SENTIMENT,红旗H9,2026-01-01,494.0,730.4339599609375,96,2,1,1
ALL_SENTIMENT,红旗H9,2026-02-01,371.0,617.837158203125,96,2,1,1
ALL_SENTIMENT,红旗H9,2026-03-01,507.0,707.6495971679688,96,2,1,1
ALL_SENTIMENT,红旗H9,2026-04-01,431.0,681.6452026367188,97,2,1,1
ALL_SENTIMENT,红旗H9,2026-05-01,365.0,673.1181030273438,99,4,1,1
ALL_SENTIMENT,红旗H9,2026-06-01,488.0,679.8932495117188,99,3,1,1
ALL_SENTIMENT,红旗国耀,2026-01-01,5.0,9.976407051086426,0,0,0,0
ALL_SENTIMENT,红旗国耀,2026-02-01,3.0,10.929617881774902,0,0,0,0
ALL_SENTIMENT,红旗国耀,2026-03-01,3.0,11.133942604064941,0,0,0,0
ALL_SENTIMENT,红旗国耀,2026-04-01,4.0,11.531535148620605,0,0,0,0
ALL_SENTIMENT,红旗国耀,2026-05-01,3.0,11.734682083129883,0,0,0,0
ALL_SENTIMENT,红旗国耀,2026-06-01,8.0,11.734682083129883,0,0,0,0
ALL_SENTIMENT,缤智,2026-01-01,510.0,481.3869934082031,96,0,1,0
ALL_SENTIMENT,缤智,2026-02-01,552.0,407.7639465332031,96,0,1,0
ALL_SENTIMENT,缤智,2026-03-01,934.0,475.32574462890625,98,2,1,1
ALL_SENTIMENT,缤智,2026-04-01,369.0,403.5269775390625,98,2,1,1
ALL_SENTIMENT,缤智,2026-05-01,314.0,386.8883972167969,99,3,1,1
ALL_SENTIMENT,缤智,2026-06-01,396.0,353.1651611328125,100,4,1,1
ALL_SENTIMENT,缤越,2026-01-01,8233.0,8538.2314453125,80,21,1,1
ALL_SENTIMENT,缤越,2026-02-01,6834.0,6482.96337890625,84,20,1,1
ALL_SENTIMENT,缤越,2026-03-01,12218.0,6235.3515625,86,18,1,1
ALL_SENTIMENT,缤越,2026-04-01,14923.0,5363.02587890625,87,18,1,1
ALL_SENTIMENT,缤越,2026-05-01,12841.0,4234.19970703125,89,15,1,1
ALL_SENTIMENT,缤越,2026-06-01,11310.0,4120.7724609375,92,13,1,1
ALL_SENTIMENT,腾势D9,2026-01-01,2904.0,4987.77197265625,0,0,0,0
ALL_SENTIMENT,腾势D9,2026-02-01,3121.0,3455.16845703125,0,0,0,0
ALL_SENTIMENT,腾势D9,2026-03-01,4307.0,3782.7216796875,0,0,0,0
ALL_SENTIMENT,腾势D9,2026-04-01,4797.0,3165.7919921875,0,0,0,0
ALL_SENTIMENT,腾势D9,2026-05-01,6145.0,2699.440673828125,0,0,0,0
ALL_SENTIMENT,腾势D9,2026-06-01,6952.0,2638.31298828125,0,0,0,0
ALL_SENTIMENT,艾力绅,2026-01-01,423.0,352.19256591796875,95,0,1,0
ALL_SENTIMENT,艾力绅,2026-02-01,192.0,328.4544677734375,96,1,1,1
ALL_SENTIMENT,艾力绅,2026-03-01,379.0,402.5220947265625,97,2,1,1
ALL_SENTIMENT,艾力绅,2026-04-01,229.0,398.1386413574219,97,2,1,1
ALL_SENTIMENT,艾力绅,2026-05-01,269.0,399.727783203125,97,2,1,1
ALL_SENTIMENT,艾力绅,2026-06-01,247.0,410.8023681640625,97,2,1,1
ALL_SENTIMENT,艾瑞泽8,2026-01-01,12478.0,10538.265625,84,24,1,1
ALL_SENTIMENT,艾瑞泽8,2026-02-01,12130.0,8648.7666015625,84,18,1,1
ALL_SENTIMENT,艾瑞泽8,2026-03-01,7536.0,7855.2353515625,84,16,1,1
ALL_SENTIMENT,艾瑞泽8,2026-04-01,5344.0,7015.9697265625,84,16,1,1
ALL_SENTIMENT,艾瑞泽8,2026-05-01,5775.0,6696.05712890625,84,9,1,1
ALL_SENTIMENT,艾瑞泽8,2026-06-01,7127.0,5896.2275390625,84,4,1,1
ALL_SENTIMENT,英仕派,2026-01-01,4960.0,3378.01806640625,89,13,1,1
ALL_SENTIMENT,英仕派,2026-02-01,2796.0,2603.58935546875,90,14,1,1
ALL_SENTIMENT,英仕派,2026-03-01,2026.0,2823.696044921875,90,14,1,1
ALL_SENTIMENT,英仕派,2026-04-01,1729.0,2457.67138671875,91,13,1,1
ALL_SENTIMENT,英仕派,2026-05-01,2086.0,2030.2127685546875,94,11,1,1
ALL_SENTIMENT,英仕派,2026-06-01,2481.0,1863.580322265625,95,6,1,1
ALL_SENTIMENT,荣威i5,2026-01-01,5900.0,3766.601318359375,82,8,1,1
ALL_SENTIMENT,荣威i5,2026-02-01,4163.0,3098.34521484375,82,8,1,1
ALL_SENTIMENT,荣威i5,2026-03-01,5946.0,3101.115966796875,84,9,1,1
ALL_SENTIMENT,荣威i5,2026-04-01,6547.0,2674.0380859375,87,11,1,1
ALL_SENTIMENT,荣威i5,2026-05-01,2416.0,2420.533203125,90,11,1,1
ALL_SENTIMENT,荣威i5,2026-06-01,247.0,2076.520263671875,96,16,1,1
ALL_SENTIMENT,荣威i6 MAX新能源,2026-01-01,0.0,234.2363739013672,10,1,1,1
ALL_SENTIMENT,荣威i6 MAX新能源,2026-02-01,0.0,191.36207580566406,10,1,1,1
ALL_SENTIMENT,荣威i6 MAX新能源,2026-03-01,0.0,261.0936279296875,10,1,1,1
ALL_SENTIMENT,荣威i6 MAX新能源,2026-04-01,17.0,262.1913146972656,10,0,1,0
ALL_SENTIMENT,荣威i6 MAX新能源,2026-05-01,9.0,262.1913146972656,10,0,1,0
ALL_SENTIMENT,荣威i6 MAX新能源,2026-06-01,5.0,264.9920654296875,10,0,1,0
ALL_SENTIMENT,菱智,2026-01-01,1050.0,468.64678955078125,41,5,1,1
ALL_SENTIMENT,菱智,2026-02-01,650.0,445.1082458496094,42,5,1,1
ALL_SENTIMENT,菱智,2026-03-01,899.0,502.60906982421875,43,5,1,1
ALL_SENTIMENT,菱智,2026-04-01,1252.0,445.0214538574219,44,5,1,1
ALL_SENTIMENT,菱智,2026-05-01,688.0,434.5821838378906,44,4,1,1
ALL_SENTIMENT,菱智,2026-06-01,932.0,436.3110046386719,45,4,1,1
ALL_SENTIMENT,蒙迪欧,2026-01-01,3453.0,2560.38232421875,89,6,1,1
ALL_SENTIMENT,蒙迪欧,2026-02-01,2375.0,2003.6136474609375,89,4,1,1
ALL_SENTIMENT,蒙迪欧,2026-03-01,2261.0,1935.7666015625,89,4,1,1
ALL_SENTIMENT,蒙迪欧,2026-04-01,1355.0,1702.68505859375,89,3,1,1
ALL_SENTIMENT,蒙迪欧,2026-05-01,1445.0,1590.79296875,89,2,1,1
ALL_SENTIMENT,蒙迪欧,2026-06-01,1803.0,1491.65966796875,89,0,1,0
ALL_SENTIMENT,蔚来ET5,2026-01-01,447.0,863.3787841796875,100,7,1,1
ALL_SENTIMENT,蔚来ET5,2026-02-01,482.0,851.428466796875,100,6,1,1
ALL_SENTIMENT,蔚来ET5,2026-03-01,959.0,974.8523559570312,100,6,1,1
ALL_SENTIMENT,蔚来ET5,2026-04-01,810.0,903.079833984375,100,6,1,1
ALL_SENTIMENT,蔚来ET5,2026-05-01,700.0,886.376220703125,100,6,1,1
ALL_SENTIMENT,蔚来ET5,2026-06-01,610.0,915.1109619140625,100,0,1,0
ALL_SENTIMENT,蔚来ET7,2026-01-01,15.0,65.23172760009766,99,1,1,1
ALL_SENTIMENT,蔚来ET7,2026-02-01,20.0,52.24163055419922,99,1,1,1
ALL_SENTIMENT,蔚来ET7,2026-03-01,17.0,69.35798645019531,99,1,1,1
ALL_SENTIMENT,蔚来ET7,2026-04-01,22.0,77.65110778808594,99,0,1,0
ALL_SENTIMENT,蔚来ET7,2026-05-01,11.0,92.10781860351562,99,0,1,0
ALL_SENTIMENT,蔚来ET7,2026-06-01,11.0,155.51226806640625,99,0,1,0
ALL_SENTIMENT,赛图斯,2026-01-01,1138.0,1846.6253662109375,23,16,1,1
ALL_SENTIMENT,赛图斯,2026-02-01,695.0,1413.796142578125,23,16,1,1
ALL_SENTIMENT,赛图斯,2026-03-01,1234.0,1454.169921875,23,14,1,1
ALL_SENTIMENT,赛图斯,2026-04-01,1717.0,1348.783203125,24,15,1,1
ALL_SENTIMENT,赛图斯,2026-05-01,1926.0,1292.06005859375,25,15,1,1
ALL_SENTIMENT,赛图斯,2026-06-01,2067.0,1228.0819091796875,25,14,1,1
ALL_SENTIMENT,赛那SIENNA,2026-01-01,9133.0,5983.0947265625,9,9,1,1
ALL_SENTIMENT,赛那SIENNA,2026-02-01,5086.0,4255.08837890625,9,9,1,1
ALL_SENTIMENT,赛那SIENNA,2026-03-01,7738.0,4049.284423828125,9,9,1,1
ALL_SENTIMENT,赛那SIENNA,2026-04-01,6542.0,3373.1396484375,9,9,1,1
ALL_SENTIMENT,赛那SIENNA,2026-05-01,7479.0,2992.72119140625,9,6,1,1
ALL_SENTIMENT,赛那SIENNA,2026-06-01,6037.0,2886.2548828125,9,3,1,1
ALL_SENTIMENT,起亚K3,2026-01-01,994.0,553.1615600585938,93,1,1,1
ALL_SENTIMENT,起亚K3,2026-02-01,736.0,563.5599975585938,93,1,1,1
ALL_SENTIMENT,起亚K3,2026-03-01,563.0,595.87451171875,95,3,1,1
ALL_SENTIMENT,起亚K3,2026-04-01,1137.0,574.7740478515625,96,3,1,1
ALL_SENTIMENT,起亚K3,2026-05-01,980.0,574.7740478515625,98,5,1,1
ALL_SENTIMENT,起亚K3,2026-06-01,1326.0,574.6954956054688,98,5,1,1
ALL_SENTIMENT,起亚KX3傲跑,2026-01-01,0.0,0.8232165575027466,10,0,1,0
ALL_SENTIMENT,起亚KX3傲跑,2026-02-01,0.0,0.9181251525878906,10,0,1,0
ALL_SENTIMENT,起亚KX3傲跑,2026-03-01,0.0,0.9374491572380066,10,0,1,0
ALL_SENTIMENT,起亚KX3傲跑,2026-04-01,0.0,0.9374491572380066,10,0,1,0
ALL_SENTIMENT,起亚KX3傲跑,2026-05-01,0.0,0.8415846228599548,10,0,1,0
ALL_SENTIMENT,起亚KX3傲跑,2026-06-01,0.0,0.8992847204208374,10,0,1,0
ALL_SENTIMENT,轩逸,2026-01-01,24209.0,17707.369140625,77,6,1,1
ALL_SENTIMENT,轩逸,2026-02-01,8998.0,12238.5517578125,78,6,1,1
ALL_SENTIMENT,轩逸,2026-03-01,28093.0,11703.78515625,82,9,1,1
ALL_SENTIMENT,轩逸,2026-04-01,10564.0,9671.314453125,87,14,1,1
ALL_SENTIMENT,轩逸,2026-05-01,12936.0,8718.9599609375,92,19,1,1
ALL_SENTIMENT,轩逸,2026-06-01,10329.0,7611.7236328125,95,19,1,1
ALL_SENTIMENT,迈腾,2026-01-01,19306.0,12184.8818359375,101,22,1,1
ALL_SENTIMENT,迈腾,2026-02-01,11232.0,9182.8974609375,113,33,1,1
ALL_SENTIMENT,迈腾,2026-03-01,13048.0,8483.859375,124,44,1,1
ALL_SENTIMENT,迈腾,2026-04-01,8124.0,7381.7490234375,148,65,1,1
ALL_SENTIMENT,迈腾,2026-05-01,12170.0,6904.65234375,165,80,1,1
ALL_SENTIMENT,迈腾,2026-06-01,12896.0,6576.85400390625,179,86,1,1
ALL_SENTIMENT,迈腾PHEV,2026-01-01,0.0,2.485409736633301,161,3,1,1
ALL_SENTIMENT,迈腾PHEV,2026-02-01,0.0,5.48178768157959,162,2,1,1
ALL_SENTIMENT,迈腾PHEV,2026-03-01,0.0,10.885228157043457,162,2,1,1
ALL_SENTIMENT,迈腾PHEV,2026-04-01,0.0,13.174291610717773,163,3,1,1
ALL_SENTIMENT,迈腾PHEV,2026-05-01,0.0,13.682740211486816,163,2,1,1
ALL_SENTIMENT,迈腾PHEV,2026-06-01,118.0,16.637693405151367,165,4,1,1
ALL_SENTIMENT,迈锐宝XL,2026-01-01,7.0,169.50698852539062,10,1,1,1
ALL_SENTIMENT,迈锐宝XL,2026-02-01,356.0,179.46279907226562,10,1,1,1
ALL_SENTIMENT,迈锐宝XL,2026-03-01,1888.0,223.85565185546875,10,1,1,1
ALL_SENTIMENT,迈锐宝XL,2026-04-01,7.0,186.9873809814453,10,1,1,1
ALL_SENTIMENT,迈锐宝XL,2026-05-01,2.0,194.82571411132812,10,1,1,1
ALL_SENTIMENT,迈锐宝XL,2026-06-01,2.0,212.00857543945312,10,0,1,0
ALL_SENTIMENT,途昂,2026-01-01,2564.0,2426.9248046875,180,13,1,1
ALL_SENTIMENT,途昂,2026-02-01,1337.0,1743.8404541015625,183,15,1,1
ALL_SENTIMENT,途昂,2026-03-01,2285.0,1967.3349609375,184,12,1,1
ALL_SENTIMENT,途昂,2026-04-01,2215.0,1684.7421875,187,12,1,1
ALL_SENTIMENT,途昂,2026-05-01,1230.0,1590.79296875,190,14,1,1
ALL_SENTIMENT,途昂,2026-06-01,1907.0,1491.65966796875,193,14,1,1
ALL_SENTIMENT,途观L,2026-01-01,21330.0,13028.978515625,134,40,1,1
ALL_SENTIMENT,途观L,2026-02-01,12477.0,9424.4326171875,138,43,1,1
ALL_SENTIMENT,途观L,2026-03-01,14581.0,8850.0478515625,151,56,1,1
ALL_SENTIMENT,途观L,2026-04-01,9109.0,7381.7490234375,163,59,1,1
ALL_SENTIMENT,途观L,2026-05-01,12503.0,6904.65234375,176,54,1,1
ALL_SENTIMENT,途观L,2026-06-01,12806.0,6608.5087890625,188,60,1,1
ALL_SENTIMENT,速腾,2026-01-01,25316.0,15767.064453125,150,16,1,1
ALL_SENTIMENT,速腾,2026-02-01,13803.0,11314.27734375,150,16,1,1
ALL_SENTIMENT,速腾,2026-03-01,16891.0,10995.205078125,154,20,1,1
ALL_SENTIMENT,速腾,2026-04-01,9806.0,7840.0107421875,164,21,1,1
ALL_SENTIMENT,速腾,2026-05-01,9554.0,6831.9619140625,168,23,1,1
ALL_SENTIMENT,速腾,2026-06-01,9221.0,6470.638671875,180,33,1,1
ALL_SENTIMENT,逸动,2026-01-01,13895.0,10195.2998046875,95,8,1,1
ALL_SENTIMENT,逸动,2026-02-01,11118.0,8648.7666015625,95,6,1,1
ALL_SENTIMENT,逸动,2026-03-01,11212.0,7855.2353515625,96,4,1,1
ALL_SENTIMENT,逸动,2026-04-01,7193.0,7015.9697265625,96,3,1,1
ALL_SENTIMENT,逸动,2026-05-01,7304.0,6696.05712890625,96,2,1,1
ALL_SENTIMENT,逸动,2026-06-01,7912.0,5896.2275390625,96,2,1,1
ALL_SENTIMENT,铂智4X,2026-01-01,0.0,85.85176849365234,6,0,1,0
ALL_SENTIMENT,铂智4X,2026-02-01,1.0,92.59800720214844,6,0,1,0
ALL_SENTIMENT,铂智4X,2026-03-01,41.0,103.18436431884766,6,0,1,0
ALL_SENTIMENT,铂智4X,2026-04-01,93.0,118.91798400878906,6,0,1,0
ALL_SENTIMENT,铂智4X,2026-05-01,88.0,143.26426696777344,6,0,1,0
ALL_SENTIMENT,铂智4X,2026-06-01,110.0,170.4152069091797,6,0,1,0
ALL_SENTIMENT,锋兰达,2026-01-01,18629.0,11782.5439453125,20,14,1,1
ALL_SENTIMENT,锋兰达,2026-02-01,12043.0,9077.5810546875,28,21,1,1
ALL_SENTIMENT,锋兰达,2026-03-01,15470.0,8526.2119140625,39,32,1,1
ALL_SENTIMENT,锋兰达,2026-04-01,10876.0,7107.53173828125,52,44,1,1
ALL_SENTIMENT,锋兰达,2026-05-01,10725.0,6805.45263671875,68,58,1,1
ALL_SENTIMENT,锋兰达,2026-06-01,10882.0,6538.31884765625,81,66,1,1
ALL_SENTIMENT,锐际,2026-01-01,322.0,277.1816711425781,92,6,1,1
ALL_SENTIMENT,锐际,2026-02-01,203.0,266.82696533203125,93,6,1,1
ALL_SENTIMENT,锐际,2026-03-01,265.0,307.9112854003906,94,5,1,1
ALL_SENTIMENT,锐际,2026-04-01,152.0,310.500732421875,94,4,1,1
ALL_SENTIMENT,锐际,2026-05-01,154.0,310.500732421875,95,5,1,1
ALL_SENTIMENT,锐际,2026-06-01,129.0,327.0445556640625,97,6,1,1
ALL_SENTIMENT,长安CS75 PLUS,2026-01-01,14440.0,9073.2880859375,94,3,1,1
ALL_SENTIMENT,长安CS75 PLUS,2026-02-01,14219.0,6100.09033203125,94,3,1,1
ALL_SENTIMENT,长安CS75 PLUS,2026-03-01,13802.0,6080.0205078125,94,2,1,1
ALL_SENTIMENT,长安CS75 PLUS,2026-04-01,8716.0,4951.744140625,94,2,1,1
ALL_SENTIMENT,长安CS75 PLUS,2026-05-01,10103.0,4076.697265625,94,2,1,1
ALL_SENTIMENT,长安CS75 PLUS,2026-06-01,11682.0,3910.81640625,94,1,1,1
ALL_SENTIMENT,长安UNI-K 智电iDD,2026-01-01,1.0,6.664133548736572,100,0,1,0
ALL_SENTIMENT,长安UNI-K 智电iDD,2026-02-01,0.0,7.799251556396484,100,0,1,0
ALL_SENTIMENT,长安UNI-K 智电iDD,2026-03-01,1.0,9.610361099243164,100,0,1,0
ALL_SENTIMENT,长安UNI-K 智电iDD,2026-04-01,1.0,11.252907752990723,100,0,1,0
ALL_SENTIMENT,长安UNI-K 智电iDD,2026-05-01,0.0,11.886475563049316,100,0,1,0
ALL_SENTIMENT,长安UNI-K 智电iDD,2026-06-01,4.0,12.4866304397583,100,0,1,0
ALL_SENTIMENT,长安UNI-T,2026-01-01,31.0,56.973175048828125,99,0,1,0
ALL_SENTIMENT,长安UNI-T,2026-02-01,36.0,70.604248046875,99,0,1,0
ALL_SENTIMENT,长安UNI-T,2026-03-01,22.0,76.83757781982422,99,0,1,0
ALL_SENTIMENT,长安UNI-T,2026-04-01,8.0,81.67529296875,99,0,1,0
ALL_SENTIMENT,长安UNI-T,2026-05-01,3.0,89.89344787597656,99,0,1,0
ALL_SENTIMENT,长安UNI-T,2026-06-01,2.0,107.05110168457031,99,0,1,0
ALL_SENTIMENT,雅阁,2026-01-01,13825.0,11782.5439453125,100,3,1,1
ALL_SENTIMENT,雅阁,2026-02-01,4630.0,8979.5771484375,100,1,1,1
ALL_SENTIMENT,雅阁,2026-03-01,6757.0,8512.0498046875,100,1,1,1
ALL_SENTIMENT,雅阁,2026-04-01,2593.0,7144.15869140625,100,1,1,1
ALL_SENTIMENT,雅阁,2026-05-01,4677.0,6840.5234375,100,1,1,1
ALL_SENTIMENT,雅阁,2026-06-01,7919.0,6576.85400390625,100,0,1,0
ALL_SENTIMENT,零跑T03,2026-01-01,322.0,1190.5169677734375,91,22,1,1
ALL_SENTIMENT,零跑T03,2026-02-01,1763.0,1018.53466796875,95,23,1,1
ALL_SENTIMENT,零跑T03,2026-03-01,438.0,1030.15869140625,95,16,1,1
ALL_SENTIMENT,零跑T03,2026-04-01,270.0,971.3760375976562,97,13,1,1
ALL_SENTIMENT,零跑T03,2026-05-01,979.0,951.7959594726562,98,13,1,1
ALL_SENTIMENT,零跑T03,2026-06-01,1.0,955.1867065429688,99,10,1,1
ALL_SENTIMENT,领克03,2026-01-01,6402.0,3702.559326171875,100,9,1,1
ALL_SENTIMENT,领克03,2026-02-01,3250.0,2771.718994140625,100,9,1,1
ALL_SENTIMENT,领克03,2026-03-01,4469.0,2873.9892578125,100,9,1,1
ALL_SENTIMENT,领克03,2026-04-01,3324.0,2534.432373046875,100,9,1,1
ALL_SENTIMENT,领克03,2026-05-01,2899.0,2356.211181640625,100,0,1,0
ALL_SENTIMENT,领克03,2026-06-01,2816.0,2153.109619140625,100,0,1,0
ALL_SENTIMENT,风光330,2026-01-01,11.0,17.653650283813477,0,0,0,0
ALL_SENTIMENT,风光330,2026-02-01,9.0,11.210977554321289,0,0,0,0
ALL_SENTIMENT,风光330,2026-03-01,14.0,22.224010467529297,0,0,0,0
ALL_SENTIMENT,风光330,2026-04-01,3.0,22.793941497802734,0,0,0,0
ALL_SENTIMENT,风光330,2026-05-01,12.0,30.827037811279297,0,0,0,0
ALL_SENTIMENT,风光330,2026-06-01,9.0,33.775306701660156,0,0,0,0
ALL_SENTIMENT,风光380,2026-01-01,45.0,79.0333480834961,0,0,0,0
ALL_SENTIMENT,风光380,2026-02-01,32.0,78.055908203125,0,0,0,0
ALL_SENTIMENT,风光380,2026-03-01,60.0,103.1993637084961,0,0,0,0
ALL_SENTIMENT,风光380,2026-04-01,35.0,131.4289093017578,0,0,0,0
ALL_SENTIMENT,风光380,2026-05-01,44.0,148.840087890625,0,0,0,0
ALL_SENTIMENT,风光380,2026-06-01,55.0,176.58995056152344,0,0,0,0
ALL_SENTIMENT,飞凡F7,2026-01-01,233.0,187.5446014404297,99,0,1,0
ALL_SENTIMENT,飞凡F7,2026-02-01,0.0,212.2882843017578,99,0,1,0
ALL_SENTIMENT,飞凡F7,2026-03-01,53.0,273.34136962890625,99,0,1,0
ALL_SENTIMENT,飞凡F7,2026-04-01,262.0,267.3637390136719,99,0,1,0
ALL_SENTIMENT,飞凡F7,2026-05-01,224.0,267.3637390136719,99,0,1,0
ALL_SENTIMENT,飞凡F7,2026-06-01,190.0,270.21954345703125,99,0,1,0
ALL_SENTIMENT,马自达3 昂克赛拉,2026-01-01,956.0,978.3004150390625,99,1,1,1
ALL_SENTIMENT,马自达3 昂克赛拉,2026-02-01,666.0,859.156982421875,99,1,1,1
ALL_SENTIMENT,马自达3 昂克赛拉,2026-03-01,684.0,896.83544921875,99,1,1,1
ALL_SENTIMENT,马自达3 昂克赛拉,2026-04-01,423.0,883.8060302734375,99,1,1,1
ALL_SENTIMENT,马自达3 昂克赛拉,2026-05-01,464.0,881.318603515625,100,2,1,1
ALL_SENTIMENT,马自达3 昂克赛拉,2026-06-01,390.0,890.1309814453125,100,1,1,1
ALL_SENTIMENT,骐达,2026-01-01,102.0,111.49807739257812,0,0,0,0
ALL_SENTIMENT,骐达,2026-02-01,50.0,121.16233825683594,0,0,0,0
ALL_SENTIMENT,骐达,2026-03-01,141.0,171.49598693847656,0,0,0,0
ALL_SENTIMENT,骐达,2026-04-01,80.0,204.81961059570312,0,0,0,0
ALL_SENTIMENT,骐达,2026-05-01,31.0,215.59408569335938,0,0,0,0
ALL_SENTIMENT,骐达,2026-06-01,91.0,223.8901824951172,0,0,0,0
ALL_SENTIMENT,高尔夫,2026-01-01,1135.0,1833.4310302734375,195,3,1,1
ALL_SENTIMENT,高尔夫,2026-02-01,756.0,1408.170166015625,196,4,1,1
ALL_SENTIMENT,高尔夫,2026-03-01,1508.0,1558.9847412109375,196,4,1,1
ALL_SENTIMENT,高尔夫,2026-04-01,972.0,1372.018310546875,198,5,1,1
ALL_SENTIMENT,高尔夫,2026-05-01,1821.0,1286.9180908203125,198,5,1,1
ALL_SENTIMENT,高尔夫,2026-06-01,1306.0,1228.0819091796875,198,3,1,1
ALL_SENTIMENT,魏牌 高山,2026-01-01,6707.0,6700.82958984375,0,0,0,0
ALL_SENTIMENT,魏牌 高山,2026-02-01,4369.0,5212.107421875,0,0,0,0
ALL_SENTIMENT,魏牌 高山,2026-03-01,6447.0,4485.18603515625,0,0,0,0
ALL_SENTIMENT,魏牌 高山,2026-04-01,6122.0,3547.384521484375,0,0,0,0
ALL_SENTIMENT,魏牌 高山,2026-05-01,5662.0,3320.19482421875,0,0,0,0
ALL_SENTIMENT,魏牌 高山,2026-06-01,4920.0,3285.564453125,0,0,0,0
BASE,AION S,2026-01-01,3148.0,3166.121337890625,91,9,1,1
BASE,AION S,2026-02-01,788.0,2284.49365234375,96,11,1,1
BASE,AION S,2026-03-01,4193.0,2395.92138671875,99,13,1,1
BASE,AION S,2026-04-01,3665.0,2034.9293212890625,99,12,1,1
BASE,AION S,2026-05-01,963.0,1782.233642578125,100,10,1,1
BASE,AION S,2026-06-01,466.0,1634.7076416015625,100,10,1,1
BASE,ID.4 CROZZ,2026-01-01,454.0,1532.94189453125,193,3,1,1
BASE,ID.4 CROZZ,2026-02-01,160.0,1296.27685546875,194,3,1,1
BASE,ID.4 CROZZ,2026-03-01,542.0,1384.8380126953125,194,3,1,1
BASE,ID.4 CROZZ,2026-04-01,623.0,1267.52294921875,194,2,1,1
BASE,ID.4 CROZZ,2026-05-01,942.0,1222.45849609375,195,2,1,1
BASE,ID.4 CROZZ,2026-06-01,684.0,1242.6405029296875,197,4,1,1
BASE,ID.6 CROZZ,2026-01-01,0.0,17.052034378051758,9,3,1,1
BASE,ID.6 CROZZ,2026-02-01,0.0,15.70476245880127,10,3,1,1
BASE,ID.6 CROZZ,2026-03-01,0.0,20.29453468322754,10,2,1,1
BASE,ID.6 CROZZ,2026-04-01,0.0,26.670202255249023,10,2,1,1
BASE,ID.6 CROZZ,2026-05-01,0.0,29.404664993286133,10,2,1,1
BASE,ID.6 CROZZ,2026-06-01,1.0,35.37215042114258,10,2,1,1
BASE,MG4,2026-01-01,10007.0,9788.689453125,115,115,1,1
BASE,MG4,2026-02-01,4086.0,7771.87939453125,123,123,1,1
BASE,MG4,2026-03-01,14007.0,7753.9462890625,128,128,1,1
BASE,MG4,2026-04-01,13189.0,7291.06298828125,129,109,1,1
BASE,MG4,2026-05-01,15067.0,7098.5751953125,133,95,1,1
BASE,MG4,2026-06-01,14397.0,6567.65771484375,134,55,1,1
BASE,MG7,2026-01-01,1221.0,709.4251708984375,17,1,1,1
BASE,MG7,2026-02-01,775.0,639.6076049804688,17,1,1,1
BASE,MG7,2026-03-01,1012.0,671.2316284179688,25,8,1,1
BASE,MG7,2026-04-01,553.0,675.6300659179688,27,10,1,1
BASE,MG7,2026-05-01,456.0,658.9657592773438,27,10,1,1
BASE,MG7,2026-06-01,428.0,616.90771484375,27,10,1,1
BASE,Model 3,2026-01-01,0.0,2.7418127059936523,80,6,1,1
BASE,Model 3,2026-02-01,0.0,5.111436367034912,81,7,1,1
BASE,Model 3,2026-03-01,0.0,10.663785934448242,82,8,1,1
BASE,Model 3,2026-04-01,0.0,12.203302383422852,82,8,1,1
BASE,Model 3,2026-05-01,0.0,12.718588829040527,82,6,1,1
BASE,Model 3,2026-06-01,0.0,14.152234077453613,82,2,1,1
BASE,Model Y,2026-01-01,0.0,1.9896271228790283,93,4,1,1
BASE,Model Y,2026-02-01,0.0,3.4697563648223877,94,4,1,1
BASE,Model Y,2026-03-01,0.0,5.223599910736084,94,4,1,1
BASE,Model Y,2026-04-01,0.0,6.639057159423828,95,5,1,1
BASE,Model Y,2026-05-01,0.0,8.818378448486328,95,5,1,1
BASE,Model Y,2026-06-01,0.0,10.6715669631958,95,3,1,1
BASE,QQ冰淇淋,2026-01-01,376.0,1093.243408203125,11,1,1,1
BASE,QQ冰淇淋,2026-02-01,334.0,908.7501220703125,11,1,1,1
BASE,QQ冰淇淋,2026-03-01,906.0,923.9736938476562,12,2,1,1
BASE,QQ冰淇淋,2026-04-01,1958.0,871.5067749023438,12,2,1,1
BASE,QQ冰淇淋,2026-05-01,545.0,889.0735473632812,12,1,1,1
BASE,QQ冰淇淋,2026-06-01,830.0,910.3435668945312,13,2,1,1
BASE,RAV4荣放,2026-01-01,11316.0,9307.7314453125,97,1,1,1
BASE,RAV4荣放,2026-02-01,7789.0,7248.86181640625,97,1,1,1
BASE,RAV4荣放,2026-03-01,14662.0,7060.76708984375,98,2,1,1
BASE,RAV4荣放,2026-04-01,11452.0,6604.62109375,98,2,1,1
BASE,RAV4荣放,2026-05-01,9857.0,6001.84228515625,98,2,1,1
BASE,RAV4荣放,2026-06-01,13798.0,5664.81591796875,98,1,1,1
BASE,T-ROC探歌,2026-01-01,2183.0,2519.224365234375,8,3,1,1
BASE,T-ROC探歌,2026-02-01,1540.0,1802.8133544921875,8,3,1,1
BASE,T-ROC探歌,2026-03-01,2031.0,2061.8779296875,8,1,1,1
BASE,T-ROC探歌,2026-04-01,1532.0,1692.0728759765625,9,1,1,1
BASE,T-ROC探歌,2026-05-01,3344.0,1613.5025634765625,9,1,1,1
BASE,T-ROC探歌,2026-06-01,3111.0,1558.67822265625,9,1,1,1
BASE,e爱丽舍,2026-01-01,460.0,501.3901672363281,1,0,1,0
BASE,e爱丽舍,2026-02-01,147.0,359.02337646484375,1,0,1,0
BASE,e爱丽舍,2026-03-01,621.0,434.6617431640625,1,0,1,0
BASE,e爱丽舍,2026-04-01,678.0,403.20440673828125,1,0,1,0
BASE,e爱丽舍,2026-05-01,887.0,384.8290100097656,1,0,1,0
BASE,e爱丽舍,2026-06-01,1003.0,363.7171936035156,1,0,1,0
BASE,五菱佳辰,2026-01-01,657.0,204.8356170654297,10,0,1,0
BASE,五菱佳辰,2026-02-01,285.0,192.2476043701172,10,0,1,0
BASE,五菱佳辰,2026-03-01,240.0,271.5871276855469,10,0,1,0
BASE,五菱佳辰,2026-04-01,203.0,252.15968322753906,10,0,1,0
BASE,五菱佳辰,2026-05-01,115.0,221.93663024902344,10,0,1,0
BASE,五菱佳辰,2026-06-01,139.0,243.25442504882812,10,0,1,0
BASE,五菱星驰,2026-01-01,822.0,310.75750732421875,10,3,1,1
BASE,五菱星驰,2026-02-01,422.0,345.6820983886719,10,2,1,1
BASE,五菱星驰,2026-03-01,5.0,380.1001892089844,10,0,1,0
BASE,五菱星驰,2026-04-01,90.0,334.319091796875,10,0,1,0
BASE,五菱星驰,2026-05-01,35.0,340.14068603515625,10,0,1,0
BASE,五菱星驰,2026-06-01,4.0,356.5152587890625,10,0,1,0
BASE,传祺GA8,2026-01-01,0.0,1.3176296949386597,10,0,1,0
BASE,传祺GA8,2026-02-01,0.0,2.2196593284606934,10,0,1,0
BASE,传祺GA8,2026-03-01,0.0,2.4093356132507324,10,0,1,0
BASE,传祺GA8,2026-04-01,0.0,2.277076244354248,10,0,1,0
BASE,传祺GA8,2026-05-01,0.0,2.2449793815612793,10,0,1,0
BASE,传祺GA8,2026-06-01,0.0,2.3013463020324707,10,0,1,0
BASE,传祺M6,2026-01-01,2912.0,1392.3905029296875,78,8,1,1
BASE,传祺M6,2026-02-01,1426.0,1102.8626708984375,79,6,1,1
BASE,传祺M6,2026-03-01,2726.0,1263.5833740234375,80,7,1,1
BASE,传祺M6,2026-04-01,1146.0,1138.7130126953125,83,10,1,1
BASE,传祺M6,2026-05-01,1265.0,1106.9046630859375,90,16,1,1
BASE,传祺M6,2026-06-01,2047.0,1056.5430908203125,96,20,1,1
BASE,传祺M8,2026-01-01,5445.0,3103.477783203125,71,2,1,1
BASE,传祺M8,2026-02-01,2404.0,2357.8583984375,71,2,1,1
BASE,传祺M8,2026-03-01,5134.0,2239.572265625,72,3,1,1
BASE,传祺M8,2026-04-01,4916.0,2038.364013671875,75,6,1,1
BASE,传祺M8,2026-05-01,5248.0,1688.166748046875,84,14,1,1
BASE,传祺M8,2026-06-01,6075.0,1620.53271484375,95,24,1,1
BASE,元PLUS,2026-01-01,2281.0,5393.25634765625,80,26,1,1
BASE,元PLUS,2026-02-01,1854.0,3916.786376953125,85,26,1,1
BASE,元PLUS,2026-03-01,6540.0,3953.520751953125,88,27,1,1
BASE,元PLUS,2026-04-01,5111.0,3515.978759765625,90,25,1,1
BASE,元PLUS,2026-05-01,3820.0,3102.22265625,91,20,1,1
BASE,元PLUS,2026-06-01,5547.0,3029.19189453125,94,17,1,1
BASE,冠道,2026-01-01,392.0,458.35821533203125,97,0,1,0
BASE,冠道,2026-02-01,193.0,378.4879150390625,97,0,1,0
BASE,冠道,2026-03-01,349.0,436.1696472167969,97,0,1,0
BASE,冠道,2026-04-01,346.0,405.36187744140625,98,1,1,1
BASE,冠道,2026-05-01,313.0,392.0885009765625,98,1,1,1
BASE,冠道,2026-06-01,339.0,368.8995056152344,100,3,1,1
BASE,凌宝BOX,2026-01-01,180.0,257.22222900390625,9,1,1,1
BASE,凌宝BOX,2026-02-01,124.0,273.265380859375,9,1,1,1
BASE,凌宝BOX,2026-03-01,135.0,366.2269592285156,9,1,1,1
BASE,凌宝BOX,2026-04-01,372.0,319.2271423339844,9,1,1,1
BASE,凌宝BOX,2026-05-01,381.0,334.78131103515625,9,0,1,0
BASE,凌宝BOX,2026-06-01,342.0,353.2555236816406,9,0,1,0
BASE,凌尚,2026-01-01,34.0,84.22573852539062,9,0,1,0
BASE,凌尚,2026-02-01,10.0,91.19792938232422,9,0,1,0
BASE,凌尚,2026-03-01,6.0,94.47783660888672,9,0,1,0
BASE,凌尚,2026-04-01,4.0,98.03003692626953,10,1,1,1
BASE,凌尚,2026-05-01,0.0,99.23359680175781,10,1,1,1
BASE,凌尚,2026-06-01,5.0,100.15866088867188,10,1,1,1
BASE,凌放HARRIER,2026-01-01,11.0,21.13235092163086,10,0,1,0
BASE,凌放HARRIER,2026-02-01,4.0,26.857080459594727,10,0,1,0
BASE,凌放HARRIER,2026-03-01,6.0,39.18138122558594,10,0,1,0
BASE,凌放HARRIER,2026-04-01,0.0,47.90373229980469,10,0,1,0
BASE,凌放HARRIER,2026-05-01,0.0,52.435245513916016,10,0,1,0
BASE,凌放HARRIER,2026-06-01,5.0,62.895320892333984,10,0,1,0
BASE,凡尔赛C5 X,2026-01-01,1195.0,858.8256225585938,94,12,1,1
BASE,凡尔赛C5 X,2026-02-01,943.0,810.1410522460938,94,10,1,1
BASE,凡尔赛C5 X,2026-03-01,1821.0,859.9788818359375,94,8,1,1
BASE,凡尔赛C5 X,2026-04-01,1115.0,835.9932250976562,94,4,1,1
BASE,凡尔赛C5 X,2026-05-01,595.0,845.3322143554688,94,1,1,1
BASE,凡尔赛C5 X,2026-06-01,731.0,873.2492065429688,94,1,1,1
BASE,凯美瑞,2026-01-01,17426.0,13513.3193359375,96,11,1,1
BASE,凯美瑞,2026-02-01,11172.0,9951.953125,96,11,1,1
BASE,凯美瑞,2026-03-01,17069.0,10375.43359375,99,14,1,1
BASE,凯美瑞,2026-04-01,10963.0,8219.388671875,99,13,1,1
BASE,凯美瑞,2026-05-01,12237.0,7817.47509765625,99,8,1,1
BASE,凯美瑞,2026-06-01,17114.0,7787.64013671875,99,4,1,1
BASE,凯迪拉克CT5,2026-01-01,3673.0,2383.9970703125,100,15,1,1
BASE,凯迪拉克CT5,2026-02-01,1857.0,1785.4412841796875,100,13,1,1
BASE,凯迪拉克CT5,2026-03-01,3819.0,2004.648193359375,100,12,1,1
BASE,凯迪拉克CT5,2026-04-01,2195.0,1685.6290283203125,100,2,1,1
BASE,凯迪拉克CT5,2026-05-01,1970.0,1607.3577880859375,100,1,1,1
BASE,凯迪拉克CT5,2026-06-01,1852.0,1552.7420654296875,100,1,1,1
BASE,凯迪拉克XT5,2026-01-01,4786.0,3293.19921875,60,6,1,1
BASE,凯迪拉克XT5,2026-02-01,2440.0,2600.568115234375,65,11,1,1
BASE,凯迪拉克XT5,2026-03-01,4424.0,2508.879638671875,68,14,1,1
BASE,凯迪拉克XT5,2026-04-01,3429.0,2089.7216796875,72,17,1,1
BASE,凯迪拉克XT5,2026-05-01,3339.0,1914.370361328125,78,20,1,1
BASE,凯迪拉克XT5,2026-06-01,3265.0,1734.6900634765625,87,27,1,1
BASE,凯迪拉克XT6,2026-01-01,151.0,165.76303100585938,94,6,1,1
BASE,凯迪拉克XT6,2026-02-01,62.0,177.5771026611328,95,6,1,1
BASE,凯迪拉克XT6,2026-03-01,101.0,245.69810485839844,96,6,1,1
BASE,凯迪拉克XT6,2026-04-01,87.0,203.3380126953125,97,5,1,1
BASE,凯迪拉克XT6,2026-05-01,72.0,227.69151306152344,98,4,1,1
BASE,凯迪拉克XT6,2026-06-01,65.0,251.07676696777344,99,5,1,1
BASE,别克GL8,2026-01-01,4437.0,2786.033447265625,91,5,1,1
BASE,别克GL8,2026-02-01,1794.0,2200.248046875,92,5,1,1
BASE,别克GL8,2026-03-01,4491.0,2143.14453125,95,8,1,1
BASE,别克GL8,2026-04-01,3198.0,1857.7401123046875,96,8,1,1
BASE,别克GL8,2026-05-01,2952.0,1635.2218017578125,97,8,1,1
BASE,别克GL8,2026-06-01,2781.0,1603.364013671875,98,7,1,1
BASE,卡罗拉,2026-01-01,6043.0,4364.12451171875,73,5,1,1
BASE,卡罗拉,2026-02-01,5004.0,3872.162109375,75,6,1,1
BASE,卡罗拉,2026-03-01,8216.0,3704.431640625,80,10,1,1
BASE,卡罗拉,2026-04-01,3670.0,3247.206787109375,86,15,1,1
BASE,卡罗拉,2026-05-01,3268.0,2928.713134765625,89,17,1,1
BASE,卡罗拉,2026-06-01,5227.0,2830.29541015625,93,20,1,1
BASE,卡罗拉双擎E+,2026-01-01,0.0,1.297989845275879,10,0,1,0
BASE,卡罗拉双擎E+,2026-02-01,0.0,1.9528398513793945,10,0,1,0
BASE,卡罗拉双擎E+,2026-03-01,0.0,1.7607735395431519,10,0,1,0
BASE,卡罗拉双擎E+,2026-04-01,0.0,1.5181344747543335,10,0,1,0
BASE,卡罗拉双擎E+,2026-05-01,0.0,1.4934710264205933,10,0,1,0
BASE,卡罗拉双擎E+,2026-06-01,0.0,1.4912467002868652,10,0,1,0
BASE,卡罗拉锐放,2026-01-01,20188.0,13182.232421875,35,7,1,1
BASE,卡罗拉锐放,2026-02-01,7395.0,9742.509765625,45,17,1,1
BASE,卡罗拉锐放,2026-03-01,13555.0,10416.314453125,51,23,1,1
BASE,卡罗拉锐放,2026-04-01,9184.0,8219.388671875,62,34,1,1
BASE,卡罗拉锐放,2026-05-01,6783.0,7817.47509765625,73,44,1,1
BASE,卡罗拉锐放,2026-06-01,10688.0,7787.64013671875,86,54,1,1
BASE,吉利ICON,2026-01-01,1228.0,998.0635375976562,94,9,1,1
BASE,吉利ICON,2026-02-01,369.0,872.6812133789062,97,11,1,1
BASE,吉利ICON,2026-03-01,929.0,925.8496704101562,99,13,1,1
BASE,吉利ICON,2026-04-01,515.0,872.5145874023438,99,12,1,1
BASE,吉利ICON,2026-05-01,635.0,883.7486572265625,99,6,1,1
BASE,吉利ICON,2026-06-01,687.0,911.396240234375,99,5,1,1
BASE,君威,2026-01-01,4104.0,2553.3740234375,100,6,1,1
BASE,君威,2026-02-01,1959.0,2063.932861328125,100,4,1,1
BASE,君威,2026-03-01,3652.0,2077.96826171875,100,4,1,1
BASE,君威,2026-04-01,1532.0,1795.8118896484375,100,4,1,1
BASE,君威,2026-05-01,1537.0,1646.52294921875,100,1,1,1
BASE,君威,2026-06-01,1435.0,1614.445068359375,100,1,1,1
BASE,型格,2026-01-01,936.0,818.0394897460938,94,6,1,1
BASE,型格,2026-02-01,332.0,753.5035400390625,96,7,1,1
BASE,型格,2026-03-01,345.0,818.15234375,97,8,1,1
BASE,型格,2026-04-01,134.0,808.1754760742188,98,7,1,1
BASE,型格,2026-05-01,142.0,800.61376953125,99,7,1,1
BASE,型格,2026-06-01,110.0,791.2070922851562,99,7,1,1
BASE,大众ID.3,2026-01-01,452.0,1578.8966064453125,188,9,1,1
BASE,大众ID.3,2026-02-01,306.0,1307.59423828125,190,10,1,1
BASE,大众ID.3,2026-03-01,945.0,1377.970703125,192,11,1,1
BASE,大众ID.3,2026-04-01,762.0,1261.2369384765625,195,12,1,1
BASE,大众ID.3,2026-05-01,759.0,1209.6973876953125,196,11,1,1
BASE,大众ID.3,2026-06-01,680.0,1223.535888671875,197,9,1,1
BASE,大家9,2026-01-01,34.0,220.38131713867188,10,0,1,0
BASE,大家9,2026-02-01,21.0,192.9615020751953,10,0,1,0
BASE,大家9,2026-03-01,152.0,284.0918884277344,10,0,1,0
BASE,大家9,2026-04-01,95.0,257.8129577636719,10,0,1,0
BASE,大家9,2026-05-01,128.0,255.1388397216797,10,0,1,0
BASE,大家9,2026-06-01,221.0,238.8790740966797,10,0,1,0
BASE,大通G10,2026-01-01,203.0,230.65806579589844,40,4,1,1
BASE,大通G10,2026-02-01,126.0,195.3783416748047,41,3,1,1
BASE,大通G10,2026-03-01,202.0,284.3636169433594,42,4,1,1
BASE,大通G10,2026-04-01,167.0,257.5477600097656,42,4,1,1
BASE,大通G10,2026-05-01,139.0,250.107421875,43,4,1,1
BASE,大通G10,2026-06-01,143.0,234.16705322265625,43,4,1,1
BASE,大通G50,2026-01-01,344.0,261.7915344238281,93,2,1,1
BASE,大通G50,2026-02-01,238.0,246.04855346679688,93,1,1,1
BASE,大通G50,2026-03-01,275.0,297.82830810546875,95,2,1,1
BASE,大通G50,2026-04-01,190.0,298.7966613769531,95,2,1,1
BASE,大通G50,2026-05-01,130.0,298.7966613769531,96,3,1,1
BASE,大通G50,2026-06-01,348.0,321.34222412109375,97,4,1,1
BASE,奔驰C级,2026-01-01,7362.0,7307.8349609375,88,9,1,1
BASE,奔驰C级,2026-02-01,2827.0,6065.07666015625,88,9,1,1
BASE,奔驰C级,2026-03-01,8000.0,5999.96484375,88,9,1,1
BASE,奔驰C级,2026-04-01,9950.0,5099.3359375,88,8,1,1
BASE,奔驰C级,2026-05-01,6839.0,4353.01953125,88,3,1,1
BASE,奔驰C级,2026-06-01,6015.0,4189.6513671875,88,0,1,0
BASE,奔驰E级,2026-01-01,12119.0,8694.9521484375,53,0,1,0
BASE,奔驰E级,2026-02-01,8583.0,6834.43896484375,54,1,1,1
BASE,奔驰E级,2026-03-01,14545.0,7285.44580078125,56,3,1,1
BASE,奔驰E级,2026-04-01,7450.0,6704.55029296875,58,5,1,1
BASE,奔驰E级,2026-05-01,8928.0,6001.84228515625,68,15,1,1
BASE,奔驰E级,2026-06-01,9600.0,5664.81591796875,79,26,1,1
BASE,奔驰GLB,2026-01-01,174.0,2262.056396484375,79,22,1,1
BASE,奔驰GLB,2026-02-01,97.0,1702.7159423828125,81,18,1,1
BASE,奔驰GLB,2026-03-01,2301.0,1990.2408447265625,86,18,1,1
BASE,奔驰GLB,2026-04-01,1700.0,1667.54345703125,91,18,1,1
BASE,奔驰GLB,2026-05-01,1012.0,1584.566650390625,92,14,1,1
BASE,奔驰GLB,2026-06-01,800.0,1543.8099365234375,94,15,1,1
BASE,奔驰GLC,2026-01-01,7145.0,9061.3447265625,55,1,1,1
BASE,奔驰GLC,2026-02-01,6430.0,6990.78662109375,57,3,1,1
BASE,奔驰GLC,2026-03-01,14550.0,7285.44580078125,62,8,1,1
BASE,奔驰GLC,2026-04-01,8200.0,6736.78759765625,68,14,1,1
BASE,奔驰GLC,2026-05-01,7865.0,6001.84228515625,73,19,1,1
BASE,奔驰GLC,2026-06-01,8347.0,5664.81591796875,83,29,1,1
BASE,奔驰V级,2026-01-01,374.0,750.2926025390625,76,4,1,1
BASE,奔驰V级,2026-02-01,178.0,658.33544921875,77,5,1,1
BASE,奔驰V级,2026-03-01,307.0,771.6812133789062,77,3,1,1
BASE,奔驰V级,2026-04-01,322.0,726.9854125976562,77,1,1,1
BASE,奔驰V级,2026-05-01,254.0,719.5272216796875,78,2,1,1
BASE,奔驰V级,2026-06-01,250.0,742.1036376953125,80,4,1,1
BASE,奥德赛,2026-01-01,1542.0,1015.2603759765625,87,5,1,1
BASE,奥德赛,2026-02-01,696.0,923.73779296875,90,7,1,1
BASE,奥德赛,2026-03-01,1156.0,1024.214111328125,93,10,1,1
BASE,奥德赛,2026-04-01,836.0,941.6915893554688,93,8,1,1
BASE,奥德赛,2026-05-01,834.0,925.983154296875,95,8,1,1
BASE,奥德赛,2026-06-01,814.0,905.5101928710938,98,11,1,1
BASE,奥迪A3,2026-01-01,5770.0,5246.77978515625,64,7,1,1
BASE,奥迪A3,2026-02-01,3952.0,3873.067138671875,70,13,1,1
BASE,奥迪A3,2026-03-01,7611.0,4023.471923828125,74,17,1,1
BASE,奥迪A3,2026-04-01,5936.0,3515.978759765625,81,24,1,1
BASE,奥迪A3,2026-05-01,5801.0,3102.22265625,86,27,1,1
BASE,奥迪A3,2026-06-01,5284.0,3029.19189453125,93,31,1,1
BASE,奥迪A6L,2026-01-01,15660.0,11841.2041015625,74,8,1,1
BASE,奥迪A6L,2026-02-01,7749.0,9004.7919921875,76,9,1,1
BASE,奥迪A6L,2026-03-01,10591.0,9107.361328125,78,9,1,1
BASE,奥迪A6L,2026-04-01,9449.0,7743.11181640625,82,12,1,1
BASE,奥迪A6L,2026-05-01,8709.0,7610.94677734375,85,13,1,1
BASE,奥迪A6L,2026-06-01,7095.0,7787.64013671875,89,15,1,1
BASE,奥迪A7L,2026-01-01,830.0,639.7163696289062,82,24,1,1
BASE,奥迪A7L,2026-02-01,350.0,538.1116333007812,90,29,1,1
BASE,奥迪A7L,2026-03-01,350.0,619.193359375,90,21,1,1
BASE,奥迪A7L,2026-04-01,300.0,583.4645385742188,94,21,1,1
BASE,奥迪A7L,2026-05-01,245.0,545.4763793945312,95,17,1,1
BASE,奥迪A7L,2026-06-01,250.0,552.028564453125,96,14,1,1
BASE,奥迪Q3,2026-01-01,2426.0,2038.3834228515625,90,3,1,1
BASE,奥迪Q3,2026-02-01,1651.0,1607.3846435546875,91,4,1,1
BASE,奥迪Q3,2026-03-01,2927.0,1874.3221435546875,96,9,1,1
BASE,奥迪Q3,2026-04-01,2192.0,1586.6571044921875,96,9,1,1
BASE,奥迪Q3,2026-05-01,2977.0,1534.6741943359375,96,7,1,1
BASE,奥迪Q3,2026-06-01,2877.0,1478.0648193359375,98,8,1,1
BASE,奥迪Q5 e-tron,2026-01-01,0.0,123.15677642822266,78,6,1,1
BASE,奥迪Q5 e-tron,2026-02-01,0.0,142.90383911132812,78,5,1,1
BASE,奥迪Q5 e-tron,2026-03-01,0.0,212.73675537109375,78,5,1,1
BASE,奥迪Q5 e-tron,2026-04-01,0.0,193.19137573242188,79,5,1,1
BASE,奥迪Q5 e-tron,2026-05-01,0.0,218.5508575439453,79,5,1,1
BASE,奥迪Q5 e-tron,2026-06-01,0.0,238.10218811035156,80,4,1,1
BASE,奥迪Q5L,2026-01-01,14190.0,9557.6259765625,82,0,1,0
BASE,奥迪Q5L,2026-02-01,7745.0,7661.8662109375,82,0,1,0
BASE,奥迪Q5L,2026-03-01,9698.0,7764.91455078125,83,1,1,1
BASE,奥迪Q5L,2026-04-01,7358.0,7403.1064453125,83,1,1,1
BASE,奥迪Q5L,2026-05-01,6272.0,7207.43408203125,85,3,1,1
BASE,奥迪Q5L,2026-06-01,6100.0,6774.79296875,86,4,1,1
BASE,威兰达,2026-01-01,4719.0,3887.14697265625,97,0,1,0
BASE,威兰达,2026-02-01,4886.0,3445.94189453125,98,1,1,1
BASE,威兰达,2026-03-01,9247.0,3103.1669921875,98,1,1,1
BASE,威兰达,2026-04-01,5528.0,2666.349853515625,98,1,1,1
BASE,威兰达,2026-05-01,8056.0,2514.264892578125,98,1,1,1
BASE,威兰达,2026-06-01,11037.0,2195.520263671875,98,1,1,1
BASE,威朗,2026-01-01,503.0,821.9656372070312,100,3,1,1
BASE,威朗,2026-02-01,223.0,723.9591674804688,100,3,1,1
BASE,威朗,2026-03-01,348.0,763.025634765625,100,3,1,1
BASE,威朗,2026-04-01,153.0,754.78076171875,100,0,1,0
BASE,威朗,2026-05-01,115.0,732.6219482421875,100,0,1,0
BASE,威朗,2026-06-01,128.0,753.4607543945312,100,0,1,0
BASE,威然,2026-01-01,432.0,1115.7255859375,167,7,1,1
BASE,威然,2026-02-01,225.0,908.8303833007812,168,6,1,1
BASE,威然,2026-03-01,641.0,1038.9764404296875,169,6,1,1
BASE,威然,2026-04-01,193.0,960.4591674804688,171,7,1,1
BASE,威然,2026-05-01,251.0,938.3477783203125,175,11,1,1
BASE,威然,2026-06-01,160.0,947.041015625,176,10,1,1
BASE,威霆,2026-01-01,347.0,718.0829467773438,38,3,1,1
BASE,威霆,2026-02-01,161.0,644.6005859375,38,3,1,1
BASE,威霆,2026-03-01,349.0,672.4312133789062,38,2,1,1
BASE,威霆,2026-04-01,381.0,700.4818115234375,39,3,1,1
BASE,威霆,2026-05-01,320.0,683.2055053710938,39,2,1,1
BASE,威霆,2026-06-01,310.0,710.0562133789062,39,1,1,1
BASE,威飒,2026-01-01,32.0,74.69164276123047,98,3,1,1
BASE,威飒,2026-02-01,3.0,74.0303726196289,98,3,1,1
BASE,威飒,2026-03-01,12.0,99.70562744140625,98,3,1,1
BASE,威飒,2026-04-01,7.0,97.37639617919922,98,3,1,1
BASE,威飒,2026-05-01,2.0,95.66439819335938,98,2,1,1
BASE,威飒,2026-06-01,3.0,101.7012710571289,99,2,1,1
BASE,宋PLUS新能源,2026-01-01,391.0,4554.03857421875,10,10,1,1
BASE,宋PLUS新能源,2026-02-01,229.0,3851.337646484375,17,17,1,1
BASE,宋PLUS新能源,2026-03-01,327.0,3700.94189453125,18,17,1,1
BASE,宋PLUS新能源,2026-04-01,378.0,3349.44677734375,19,13,1,1
BASE,宋PLUS新能源,2026-05-01,133.0,3046.70556640625,20,11,1,1
BASE,宋PLUS新能源,2026-06-01,40.0,3024.31787109375,20,10,1,1
BASE,宏光MINIEV,2026-01-01,7133.0,20185.076171875,18,18,1,1
BASE,宏光MINIEV,2026-02-01,4866.0,14571.537109375,18,18,1,1
BASE,宏光MINIEV,2026-03-01,16806.0,13071.794921875,18,18,1,1
BASE,宏光MINIEV,2026-04-01,13229.0,10298.111328125,18,16,1,1
BASE,宏光MINIEV,2026-05-01,18308.0,9347.080078125,18,5,1,1
BASE,宏光MINIEV,2026-06-01,12457.0,8450.546875,18,2,1,1
BASE,宝马3系,2026-01-01,14626.0,9982.40234375,96,9,1,1
BASE,宝马3系,2026-02-01,9459.0,7877.61669921875,99,11,1,1
BASE,宝马3系,2026-03-01,11953.0,7801.921875,99,9,1,1
BASE,宝马3系,2026-04-01,9107.0,7403.1064453125,99,8,1,1
BASE,宝马3系,2026-05-01,9754.0,7288.3232421875,100,8,1,1
BASE,宝马3系,2026-06-01,10549.0,6951.1318359375,100,5,1,1
BASE,宝马X5,2026-01-01,7852.0,5588.802734375,62,12,1,1
BASE,宝马X5,2026-02-01,5283.0,4234.65625,71,19,1,1
BASE,宝马X5,2026-03-01,5276.0,4150.830078125,76,24,1,1
BASE,宝马X5,2026-04-01,4280.0,3705.67236328125,80,28,1,1
BASE,宝马X5,2026-05-01,3813.0,3397.748779296875,86,31,1,1
BASE,宝马X5,2026-06-01,3629.0,3307.0986328125,93,38,1,1
BASE,宝马i3,2026-01-01,1038.0,1054.9970703125,84,4,1,1
BASE,宝马i3,2026-02-01,577.0,967.5828247070312,87,7,1,1
BASE,宝马i3,2026-03-01,1235.0,1038.5589599609375,87,6,1,1
BASE,宝马i3,2026-04-01,1276.0,965.1767578125,90,9,1,1
BASE,宝马i3,2026-05-01,1180.0,942.3526000976562,93,10,1,1
BASE,宝马i3,2026-06-01,1039.0,951.6928100585938,96,13,1,1
BASE,宝马iX1,2026-01-01,744.0,981.5352783203125,44,9,1,1
BASE,宝马iX1,2026-02-01,428.0,921.3935546875,46,9,1,1
BASE,宝马iX1,2026-03-01,904.0,1045.6756591796875,46,9,1,1
BASE,宝马iX1,2026-04-01,948.0,980.5860595703125,47,9,1,1
BASE,宝马iX1,2026-05-01,878.0,957.3978271484375,47,7,1,1
BASE,宝马iX1,2026-06-01,736.0,979.1693115234375,48,7,1,1
BASE,宝马iX3,2026-01-01,14.0,58.875648498535156,9,0,1,0
BASE,宝马iX3,2026-02-01,18.0,72.65069580078125,9,0,1,0
BASE,宝马iX3,2026-03-01,97.0,103.68852996826172,9,0,1,0
BASE,宝马iX3,2026-04-01,16.0,117.33245086669922,9,0,1,0
BASE,宝马iX3,2026-05-01,14.0,141.62474060058594,10,1,1,1
BASE,宝马iX3,2026-06-01,8.0,171.34552001953125,10,1,1,1
BASE,小虎FEV,2026-01-01,0.0,1.195048451423645,5,0,1,0
BASE,小虎FEV,2026-02-01,0.0,1.8203750848770142,5,0,1,0
BASE,小虎FEV,2026-03-01,0.0,1.7817121744155884,5,0,1,0
BASE,小虎FEV,2026-04-01,0.0,1.8186602592468262,5,0,1,0
BASE,小虎FEV,2026-05-01,0.0,1.7910538911819458,5,0,1,0
BASE,小虎FEV,2026-06-01,0.0,1.7249205112457275,5,0,1,0
BASE,小鹏P5,2026-01-01,0.0,1.569421410560608,10,0,1,0
BASE,小鹏P5,2026-02-01,0.0,2.474743604660034,10,0,1,0
BASE,小鹏P5,2026-03-01,0.0,2.8028368949890137,10,0,1,0
BASE,小鹏P5,2026-04-01,0.0,2.5092101097106934,10,0,1,0
BASE,小鹏P5,2026-05-01,0.0,2.394285202026367,10,0,1,0
BASE,小鹏P5,2026-06-01,0.0,2.3912572860717773,10,0,1,0
BASE,岚图梦想家,2026-01-01,3574.0,5859.611328125,0,0,0,0
BASE,岚图梦想家,2026-02-01,3980.0,5167.63818359375,0,0,0,0
BASE,岚图梦想家,2026-03-01,5511.0,4296.10546875,0,0,0,0
BASE,岚图梦想家,2026-04-01,6995.0,3655.343505859375,0,0,0,0
BASE,岚图梦想家,2026-05-01,4954.0,3370.93603515625,0,0,0,0
BASE,岚图梦想家,2026-06-01,6926.0,3376.413818359375,0,0,0,0
BASE,帕萨特,2026-01-01,20799.0,12905.61328125,117,18,1,1
BASE,帕萨特,2026-02-01,13988.0,10060.8271484375,125,26,1,1
BASE,帕萨特,2026-03-01,16067.0,9949.9599609375,138,38,1,1
BASE,帕萨特,2026-04-01,8129.0,8065.62939453125,158,57,1,1
BASE,帕萨特,2026-05-01,10727.0,7504.16357421875,168,62,1,1
BASE,帕萨特,2026-06-01,10330.0,7400.97412109375,178,66,1,1
BASE,帕萨特新能源,2026-01-01,42.0,1417.2943115234375,0,0,0,0
BASE,帕萨特新能源,2026-02-01,12.0,1094.756103515625,0,0,0,0
BASE,帕萨特新能源,2026-03-01,87.0,1319.4017333984375,0,0,0,0
BASE,帕萨特新能源,2026-04-01,189.0,1158.1429443359375,0,0,0,0
BASE,帕萨特新能源,2026-05-01,256.0,1167.214111328125,0,0,0,0
BASE,帕萨特新能源,2026-06-01,2914.0,1155.5877685546875,0,0,0,0
BASE,库斯途,2026-01-01,2112.0,1042.9844970703125,74,27,1,1
BASE,库斯途,2026-02-01,1050.0,964.7115478515625,76,26,1,1
BASE,库斯途,2026-03-01,1722.0,1089.9669189453125,80,20,1,1
BASE,库斯途,2026-04-01,1187.0,963.1416625976562,86,21,1,1
BASE,库斯途,2026-05-01,1089.0,940.3655395507812,89,20,1,1
BASE,库斯途,2026-06-01,1141.0,949.6860961914062,95,21,1,1
BASE,护卫舰07,2026-01-01,1.0,16.245126724243164,10,0,1,0
BASE,护卫舰07,2026-02-01,0.0,16.479785919189453,10,0,1,0
BASE,护卫舰07,2026-03-01,0.0,19.53144073486328,10,0,1,0
BASE,护卫舰07,2026-04-01,1.0,26.086057662963867,10,0,1,0
BASE,护卫舰07,2026-05-01,1.0,30.356937408447266,10,0,1,0
BASE,护卫舰07,2026-06-01,3.0,33.298728942871094,10,0,1,0
BASE,捷达VA3,2026-01-01,1848.0,1604.60302734375,86,1,1,1
BASE,捷达VA3,2026-02-01,697.0,1422.7877197265625,87,2,1,1
BASE,捷达VA3,2026-03-01,2729.0,1533.2666015625,88,3,1,1
BASE,捷达VA3,2026-04-01,2660.0,1400.3797607421875,88,2,1,1
BASE,捷达VA3,2026-05-01,3005.0,1344.9244384765625,89,3,1,1
BASE,捷达VA3,2026-06-01,3060.0,1319.153076171875,89,3,1,1
BASE,探岳,2026-01-01,16732.0,11008.0693359375,172,5,1,1
BASE,探岳,2026-02-01,11084.0,8456.1826171875,174,6,1,1
BASE,探岳,2026-03-01,15897.0,8579.5712890625,176,8,1,1
BASE,探岳,2026-04-01,6667.0,7645.48486328125,179,11,1,1
BASE,探岳,2026-05-01,11425.0,7610.94677734375,184,15,1,1
BASE,探岳,2026-06-01,11664.0,7274.912109375,188,18,1,1
BASE,探界者,2026-01-01,0.0,13.537095069885254,100,1,1,1
BASE,探界者,2026-02-01,13.0,12.398418426513672,100,0,1,0
BASE,探界者,2026-03-01,6.0,12.42434024810791,100,0,1,0
BASE,探界者,2026-04-01,2.0,17.29115867614746,100,0,1,0
BASE,探界者,2026-05-01,0.0,15.776633262634277,100,0,1,0
BASE,探界者,2026-06-01,1.0,20.06068229675293,100,0,1,0
BASE,揽境,2026-01-01,632.0,687.5762329101562,187,16,1,1
BASE,揽境,2026-02-01,399.0,621.4681396484375,190,19,1,1
BASE,揽境,2026-03-01,412.0,631.6858520507812,191,16,1,1
BASE,揽境,2026-04-01,516.0,574.0537719726562,192,15,1,1
BASE,揽境,2026-05-01,713.0,568.9320678710938,193,14,1,1
BASE,揽境,2026-06-01,436.0,587.9813842773438,196,13,1,1
BASE,新帝豪,2026-01-01,16805.0,6733.17724609375,0,0,0,0
BASE,新帝豪,2026-02-01,10505.0,5509.2412109375,0,0,0,0
BASE,新帝豪,2026-03-01,9278.0,4924.06787109375,0,0,0,0
BASE,新帝豪,2026-04-01,6055.0,3944.0849609375,0,0,0,0
BASE,新帝豪,2026-05-01,6750.0,3614.63818359375,0,0,0,0
BASE,新帝豪,2026-06-01,7143.0,3529.511474609375,0,0,0,0
BASE,星瑞,2026-01-01,19011.0,7290.96533203125,97,3,1,1
BASE,星瑞,2026-02-01,12409.0,5967.26171875,99,5,1,1
BASE,星瑞,2026-03-01,10919.0,5718.07666015625,100,6,1,1
BASE,星瑞,2026-04-01,7427.0,4622.04736328125,100,6,1,1
BASE,星瑞,2026-05-01,7730.0,3960.8818359375,100,5,1,1
BASE,星瑞,2026-06-01,8161.0,3872.173095703125,100,4,1,1
BASE,星越L,2026-01-01,23760.0,7241.54345703125,94,9,1,1
BASE,星越L,2026-02-01,10134.0,5943.052734375,95,9,1,1
BASE,星越L,2026-03-01,12871.0,5349.8798828125,96,9,1,1
BASE,星越L,2026-04-01,9046.0,4346.16943359375,97,8,1,1
BASE,星越L,2026-05-01,9528.0,4039.126953125,97,6,1,1
BASE,星越L,2026-06-01,11915.0,3995.79150390625,98,6,1,1
BASE,星途ES,2026-01-01,83.0,426.9866638183594,92,26,1,1
BASE,星途ES,2026-02-01,14.0,428.71051025390625,93,16,1,1
BASE,星途ES,2026-03-01,147.0,527.6661376953125,94,13,1,1
BASE,星途ES,2026-04-01,31.0,514.9910888671875,94,8,1,1
BASE,星途ES,2026-05-01,259.0,509.8767395019531,96,8,1,1
BASE,星途ES,2026-06-01,280.0,522.9363403320312,96,4,1,1
BASE,智跑,2026-01-01,59.0,76.75599670410156,100,0,1,0
BASE,智跑,2026-02-01,29.0,70.56543731689453,100,0,1,0
BASE,智跑,2026-03-01,55.0,101.2771224975586,100,0,1,0
BASE,智跑,2026-04-01,18.0,101.17105865478516,100,0,1,0
BASE,智跑,2026-05-01,31.0,91.87541961669922,100,0,1,0
BASE,智跑,2026-06-01,31.0,97.67566680908203,100,0,1,0
BASE,朗逸,2026-01-01,23481.0,15392.326171875,128,9,1,1
BASE,朗逸,2026-02-01,16111.0,11874.646484375,137,17,1,1
BASE,朗逸,2026-03-01,19939.0,11914.5908203125,144,22,1,1
BASE,朗逸,2026-04-01,12457.0,9926.3955078125,162,39,1,1
BASE,朗逸,2026-05-01,13033.0,9094.24609375,175,51,1,1
BASE,朗逸,2026-06-01,15444.0,8505.37890625,186,61,1,1
BASE,本田HR-V,2026-01-01,2123.0,777.52685546875,66,2,1,1
BASE,本田HR-V,2026-02-01,1908.0,769.8845825195312,72,8,1,1
BASE,本田HR-V,2026-03-01,2480.0,901.9063110351562,81,16,1,1
BASE,本田HR-V,2026-04-01,1676.0,844.02685546875,85,20,1,1
BASE,本田HR-V,2026-05-01,1686.0,854.137451171875,91,26,1,1
BASE,本田HR-V,2026-06-01,2282.0,888.6878662109375,96,30,1,1
BASE,本田XR-V,2026-01-01,298.0,197.8986053466797,99,1,1,1
BASE,本田XR-V,2026-02-01,200.0,195.26113891601562,99,1,1,1
BASE,本田XR-V,2026-03-01,594.0,254.25706481933594,100,1,1,1
BASE,本田XR-V,2026-04-01,451.0,210.5196990966797,100,1,1,1
BASE,本田XR-V,2026-05-01,236.0,216.98143005371094,100,1,1,1
BASE,本田XR-V,2026-06-01,34.0,237.82540893554688,100,1,1,1
BASE,极氪001,2026-01-01,2956.0,3618.098388671875,16,16,1,1
BASE,极氪001,2026-02-01,3205.0,2903.73583984375,16,16,1,1
BASE,极氪001,2026-03-01,2854.0,2912.495849609375,16,16,1,1
BASE,极氪001,2026-04-01,2267.0,2464.238525390625,16,16,1,1
BASE,极氪001,2026-05-01,1876.0,2024.42041015625,16,14,1,1
BASE,极氪001,2026-06-01,1844.0,1830.75634765625,16,1,1,1
BASE,极氪009,2026-01-01,576.0,1008.8978271484375,17,12,1,1
BASE,极氪009,2026-02-01,927.0,878.9421997070312,17,12,1,1
BASE,极氪009,2026-03-01,721.0,1029.24462890625,17,12,1,1
BASE,极氪009,2026-04-01,483.0,946.3170776367188,17,12,1,1
BASE,极氪009,2026-05-01,1536.0,931.1283569335938,17,12,1,1
BASE,极氪009,2026-06-01,2843.0,951.6928100585938,17,11,1,1
BASE,林肯Z,2026-01-01,1308.0,1032.5855712890625,69,33,1,1
BASE,林肯Z,2026-02-01,713.0,939.5027465820312,74,36,1,1
BASE,林肯Z,2026-03-01,1280.0,1101.72265625,78,34,1,1
BASE,林肯Z,2026-04-01,732.0,1016.7836303710938,85,35,1,1
BASE,林肯Z,2026-05-01,737.0,985.2552490234375,92,33,1,1
BASE,林肯Z,2026-06-01,713.0,984.4729614257812,96,31,1,1
BASE,标致408,2026-01-01,1494.0,382.7115478515625,96,7,1,1
BASE,标致408,2026-02-01,685.0,320.19732666015625,96,6,1,1
BASE,标致408,2026-03-01,478.0,379.9206848144531,96,5,1,1
BASE,标致408,2026-04-01,453.0,323.74322509765625,96,4,1,1
BASE,标致408,2026-05-01,822.0,312.13189697265625,96,1,1,1
BASE,标致408,2026-06-01,527.0,329.06298828125,96,1,1,1
BASE,标致508,2026-01-01,136.0,168.40951538085938,1,1,1,1
BASE,标致508,2026-02-01,108.0,174.83258056640625,2,2,1,1
BASE,标致508,2026-03-01,219.0,238.6591033935547,3,3,1,1
BASE,标致508,2026-04-01,78.0,200.97512817382812,4,3,1,1
BASE,标致508,2026-05-01,100.0,219.14683532714844,7,6,1,1
BASE,标致508,2026-06-01,78.0,243.3045196533203,10,9,1,1
BASE,格瑞维亚,2026-01-01,5068.0,5867.390625,65,15,1,1
BASE,格瑞维亚,2026-02-01,1472.0,4400.65185546875,70,20,1,1
BASE,格瑞维亚,2026-03-01,4329.0,4357.83056640625,75,25,1,1
BASE,格瑞维亚,2026-04-01,2559.0,3671.152587890625,82,29,1,1
BASE,格瑞维亚,2026-05-01,2563.0,3315.22900390625,87,31,1,1
BASE,格瑞维亚,2026-06-01,2076.0,3391.016845703125,93,33,1,1
BASE,欧拉好猫,2026-01-01,502.0,1814.5118408203125,71,13,1,1
BASE,欧拉好猫,2026-02-01,218.0,1647.9266357421875,74,14,1,1
BASE,欧拉好猫,2026-03-01,784.0,1796.1246337890625,78,16,1,1
BASE,欧拉好猫,2026-04-01,1125.0,1589.5501708984375,80,17,1,1
BASE,欧拉好猫,2026-05-01,1112.0,1540.541259765625,86,21,1,1
BASE,欧拉好猫,2026-06-01,1016.0,1480.7598876953125,91,22,1,1
BASE,欧拉闪电猫,2026-01-01,0.0,24.87903594970703,100,0,1,0
BASE,欧拉闪电猫,2026-02-01,0.0,31.01468276977539,100,0,1,0
BASE,欧拉闪电猫,2026-03-01,0.0,42.57048416137695,100,0,1,0
BASE,欧拉闪电猫,2026-04-01,0.0,58.109405517578125,100,0,1,0
BASE,欧拉闪电猫,2026-05-01,0.0,74.10626220703125,100,0,1,0
BASE,欧拉闪电猫,2026-06-01,0.0,80.72772216796875,100,0,1,0
BASE,欧诺S,2026-01-01,564.0,437.4464416503906,32,8,1,1
BASE,欧诺S,2026-02-01,440.0,385.8370361328125,32,8,1,1
BASE,欧诺S,2026-03-01,677.0,391.47418212890625,33,8,1,1
BASE,欧诺S,2026-04-01,576.0,329.4354248046875,34,7,1,1
BASE,欧诺S,2026-05-01,531.0,309.7121276855469,35,6,1,1
BASE,欧诺S,2026-06-01,350.0,319.49127197265625,35,4,1,1
BASE,汉,2026-01-01,2147.0,5978.93017578125,10,10,1,1
BASE,汉,2026-02-01,1962.0,4883.21044921875,10,10,1,1
BASE,汉,2026-03-01,3661.0,4600.740234375,10,10,1,1
BASE,汉,2026-04-01,2834.0,3764.1767578125,10,6,1,1
BASE,汉,2026-05-01,3390.0,3416.469970703125,10,4,1,1
BASE,汉,2026-06-01,3285.0,3394.978515625,10,1,1,1
BASE,沃尔沃S90,2026-01-01,2157.0,1495.75146484375,94,1,1,1
BASE,沃尔沃S90,2026-02-01,504.0,1163.485107421875,97,4,1,1
BASE,沃尔沃S90,2026-03-01,1775.0,1322.673583984375,97,4,1,1
BASE,沃尔沃S90,2026-04-01,428.0,1155.6771240234375,97,4,1,1
BASE,沃尔沃S90,2026-05-01,397.0,1140.1981201171875,97,3,1,1
BASE,沃尔沃S90,2026-06-01,510.0,1111.5118408203125,98,4,1,1
BASE,沃尔沃S90新能源,2026-01-01,28.0,199.11534118652344,0,0,0,0
BASE,沃尔沃S90新能源,2026-02-01,18.0,199.11534118652344,0,0,0,0
BASE,沃尔沃S90新能源,2026-03-01,63.0,265.0397644042969,0,0,0,0
BASE,沃尔沃S90新能源,2026-04-01,15.0,254.13951110839844,0,0,0,0
BASE,沃尔沃S90新能源,2026-05-01,11.0,218.71853637695312,0,0,0,0
BASE,沃尔沃S90新能源,2026-06-01,7.0,239.72862243652344,0,0,0,0
BASE,海豚,2026-01-01,5699.0,11729.173828125,86,18,1,1
BASE,海豚,2026-02-01,6081.0,9138.3203125,90,19,1,1
BASE,海豚,2026-03-01,17291.0,9299.673828125,92,19,1,1
BASE,海豚,2026-04-01,14218.0,7798.44775390625,94,18,1,1
BASE,海豚,2026-05-01,12819.0,7640.02490234375,96,16,1,1
BASE,海豚,2026-06-01,13005.0,7817.39306640625,97,13,1,1
BASE,海豹07DM-i,2026-01-01,238.0,632.703369140625,2,2,1,1
BASE,海豹07DM-i,2026-02-01,277.0,541.0324096679688,9,9,1,1
BASE,海豹07DM-i,2026-03-01,432.0,677.7786865234375,9,9,1,1
BASE,海豹07DM-i,2026-04-01,628.0,662.541259765625,9,9,1,1
BASE,海豹07DM-i,2026-05-01,615.0,588.7716674804688,9,9,1,1
BASE,海豹07DM-i,2026-06-01,777.0,608.7536010742188,9,9,1,1
BASE,深蓝SL03,2026-01-01,564.0,351.4864501953125,97,4,1,1
BASE,深蓝SL03,2026-02-01,544.0,275.1654968261719,97,4,1,1
BASE,深蓝SL03,2026-03-01,335.0,312.46728515625,97,3,1,1
BASE,深蓝SL03,2026-04-01,120.0,277.58880615234375,98,4,1,1
BASE,深蓝SL03,2026-05-01,7.0,226.3623809814453,99,5,1,1
BASE,深蓝SL03,2026-06-01,5.0,241.5084228515625,99,4,1,1
BASE,焕驰,2026-01-01,1.0,6.046920299530029,54,3,1,1
BASE,焕驰,2026-02-01,0.0,9.680742263793945,54,3,1,1
BASE,焕驰,2026-03-01,1.0,9.440282821655273,54,3,1,1
BASE,焕驰,2026-04-01,2.0,12.48608684539795,54,2,1,1
BASE,焕驰,2026-05-01,0.0,12.051980972290039,54,2,1,1
BASE,焕驰,2026-06-01,6.0,12.051980972290039,54,0,1,0
BASE,瑞虎3x,2026-01-01,950.0,1049.251220703125,93,11,1,1
BASE,瑞虎3x,2026-02-01,811.0,953.5157470703125,96,12,1,1
BASE,瑞虎3x,2026-03-01,850.0,1019.0438232421875,97,13,1,1
BASE,瑞虎3x,2026-04-01,560.0,943.11083984375,98,8,1,1
BASE,瑞虎3x,2026-05-01,719.0,927.3787841796875,98,7,1,1
BASE,瑞虎3x,2026-06-01,639.0,906.875,98,6,1,1
BASE,瑞虎7,2026-01-01,2982.0,2340.720703125,91,2,1,1
BASE,瑞虎7,2026-02-01,2890.0,1763.7474365234375,92,3,1,1
BASE,瑞虎7,2026-03-01,1685.0,1996.80029296875,95,6,1,1
BASE,瑞虎7,2026-04-01,1521.0,1641.8670654296875,95,6,1,1
BASE,瑞虎7,2026-05-01,2293.0,1549.0391845703125,96,7,1,1
BASE,瑞虎7,2026-06-01,1994.0,1439.6883544921875,98,7,1,1
BASE,瑞虎8,2026-01-01,15705.0,11063.095703125,67,7,1,1
BASE,瑞虎8,2026-02-01,13488.0,8809.0947265625,69,9,1,1
BASE,瑞虎8,2026-03-01,9334.0,8880.572265625,70,9,1,1
BASE,瑞虎8,2026-04-01,5859.0,7743.11181640625,71,10,1,1
BASE,瑞虎8,2026-05-01,7099.0,7610.94677734375,74,13,1,1
BASE,瑞虎8,2026-06-01,9835.0,7787.64013671875,81,17,1,1
BASE,瑞虎9,2026-01-01,5857.0,4028.17236328125,52,29,1,1
BASE,瑞虎9,2026-02-01,4592.0,3141.345703125,53,26,1,1
BASE,瑞虎9,2026-03-01,3377.0,3310.305419921875,59,32,1,1
BASE,瑞虎9,2026-04-01,3011.0,2833.115966796875,63,32,1,1
BASE,瑞虎9,2026-05-01,3580.0,2402.71435546875,68,35,1,1
BASE,瑞虎9,2026-06-01,3852.0,2216.761474609375,75,32,1,1
BASE,瑞风E3,2026-01-01,96.0,123.77205657958984,10,1,1,1
BASE,瑞风E3,2026-02-01,50.0,133.34776306152344,10,0,1,0
BASE,瑞风E3,2026-03-01,125.0,212.10325622558594,10,0,1,0
BASE,瑞风E3,2026-04-01,178.0,184.89723205566406,10,0,1,0
BASE,瑞风E3,2026-05-01,248.0,202.8725128173828,10,0,1,0
BASE,瑞风E3,2026-06-01,269.0,200.7730712890625,10,0,1,0
BASE,皇冠陆放,2026-01-01,5894.0,5628.92236328125,65,7,1,1
BASE,皇冠陆放,2026-02-01,1918.0,4047.465576171875,71,13,1,1
BASE,皇冠陆放,2026-03-01,5027.0,4166.81787109375,76,18,1,1
BASE,皇冠陆放,2026-04-01,2847.0,3611.181396484375,84,26,1,1
BASE,皇冠陆放,2026-05-01,2494.0,3065.8203125,88,29,1,1
BASE,皇冠陆放,2026-06-01,2807.0,3005.599365234375,92,28,1,1
BASE,皓影新能源,2026-01-01,71.0,180.77622985839844,10,1,1,1
BASE,皓影新能源,2026-02-01,73.0,172.52273559570312,10,1,1,1
BASE,皓影新能源,2026-03-01,122.0,233.3749237060547,10,1,1,1
BASE,皓影新能源,2026-04-01,51.0,187.97267150878906,10,1,1,1
BASE,皓影新能源,2026-05-01,20.0,202.49761962890625,10,0,1,0
BASE,皓影新能源,2026-06-01,67.0,228.84750366210938,10,0,1,0
BASE,福瑞迪,2026-01-01,958.0,244.0570526123047,10,0,1,0
BASE,福瑞迪,2026-02-01,271.0,173.35122680664062,10,0,1,0
BASE,福瑞迪,2026-03-01,1124.0,260.715576171875,10,0,1,0
BASE,福瑞迪,2026-04-01,134.0,237.88214111328125,10,0,1,0
BASE,福瑞迪,2026-05-01,858.0,214.7728271484375,10,0,1,0
BASE,福瑞迪,2026-06-01,408.0,236.71957397460938,10,0,1,0
BASE,秦PLUS,2026-01-01,6983.0,22882.443359375,15,15,1,1
BASE,秦PLUS,2026-02-01,6098.0,17136.484375,15,15,1,1
BASE,秦PLUS,2026-03-01,15363.0,14388.8017578125,15,15,1,1
BASE,秦PLUS,2026-04-01,13228.0,11852.05078125,15,15,1,1
BASE,秦PLUS,2026-05-01,12971.0,11014.685546875,15,9,1,1
BASE,秦PLUS,2026-06-01,13726.0,10152.8564453125,15,0,1,0
BASE,秦新能源,2026-01-01,58.0,1107.0303955078125,9,0,1,0
BASE,秦新能源,2026-02-01,28.0,967.5389404296875,9,0,1,0
BASE,秦新能源,2026-03-01,85.0,1078.320556640625,9,0,1,0
BASE,秦新能源,2026-04-01,149.0,965.80908203125,9,0,1,0
BASE,秦新能源,2026-05-01,59.0,942.9699096679688,9,0,1,0
BASE,秦新能源,2026-06-01,23.0,952.3162841796875,10,1,1,1
BASE,红旗E-HS9,2026-01-01,0.0,19.542613983154297,99,1,1,1
BASE,红旗E-HS9,2026-02-01,0.0,20.498003005981445,99,1,1,1
BASE,红旗E-HS9,2026-03-01,0.0,29.036006927490234,99,1,1,1
BASE,红旗E-HS9,2026-04-01,0.0,33.02421188354492,99,1,1,1
BASE,红旗E-HS9,2026-05-01,0.0,36.035343170166016,99,0,1,0
BASE,红旗E-HS9,2026-06-01,0.0,47.73038101196289,99,0,1,0
BASE,红旗E-QM5,2026-01-01,2549.0,4483.53076171875,86,10,1,1
BASE,红旗E-QM5,2026-02-01,2327.0,3533.3720703125,90,13,1,1
BASE,红旗E-QM5,2026-03-01,1813.0,3420.184326171875,91,14,1,1
BASE,红旗E-QM5,2026-04-01,2166.0,3095.78076171875,91,13,1,1
BASE,红旗E-QM5,2026-05-01,5293.0,2715.60400390625,92,14,1,1
BASE,红旗E-QM5,2026-06-01,2277.0,2696.3828125,96,13,1,1
BASE,红旗H9,2026-01-01,494.0,766.4447021484375,96,2,1,1
BASE,红旗H9,2026-02-01,371.0,692.7061767578125,96,2,1,1
BASE,红旗H9,2026-03-01,507.0,761.0753784179688,96,2,1,1
BASE,红旗H9,2026-04-01,431.0,753.3809204101562,97,2,1,1
BASE,红旗H9,2026-05-01,365.0,719.6471557617188,99,4,1,1
BASE,红旗H9,2026-06-01,488.0,742.2273559570312,99,3,1,1
BASE,红旗国耀,2026-01-01,5.0,8.402425765991211,0,0,0,0
BASE,红旗国耀,2026-02-01,3.0,9.944189071655273,0,0,0,0
BASE,红旗国耀,2026-03-01,3.0,9.72669506072998,0,0,0,0
BASE,红旗国耀,2026-04-01,4.0,10.105359077453613,0,0,0,0
BASE,红旗国耀,2026-05-01,3.0,9.59802532196045,0,0,0,0
BASE,红旗国耀,2026-06-01,8.0,8.981754302978516,0,0,0,0
BASE,缤智,2026-01-01,510.0,508.7787780761719,96,0,1,0
BASE,缤智,2026-02-01,552.0,486.0328674316406,96,0,1,0
BASE,缤智,2026-03-01,934.0,490.69720458984375,98,2,1,1
BASE,缤智,2026-04-01,369.0,426.2257080078125,98,2,1,1
BASE,缤智,2026-05-01,314.0,427.5071716308594,99,3,1,1
BASE,缤智,2026-06-01,396.0,438.0588073730469,100,4,1,1
BASE,缤越,2026-01-01,8233.0,8330.228515625,80,21,1,1
BASE,缤越,2026-02-01,6834.0,6617.69921875,84,20,1,1
BASE,缤越,2026-03-01,12218.0,6450.28515625,86,18,1,1
BASE,缤越,2026-04-01,14923.0,5927.8857421875,87,18,1,1
BASE,缤越,2026-05-01,12841.0,5264.42578125,89,15,1,1
BASE,缤越,2026-06-01,11310.0,4496.22900390625,92,13,1,1
BASE,腾势D9,2026-01-01,2904.0,5402.94677734375,0,0,0,0
BASE,腾势D9,2026-02-01,3121.0,3502.992431640625,0,0,0,0
BASE,腾势D9,2026-03-01,4307.0,3893.403564453125,0,0,0,0
BASE,腾势D9,2026-04-01,4797.0,3394.21435546875,0,0,0,0
BASE,腾势D9,2026-05-01,6145.0,2944.530517578125,0,0,0,0
BASE,腾势D9,2026-06-01,6952.0,2803.405029296875,0,0,0,0
BASE,艾力绅,2026-01-01,423.0,319.8663635253906,95,0,1,0
BASE,艾力绅,2026-02-01,192.0,284.8734130859375,96,1,1,1
BASE,艾力绅,2026-03-01,379.0,345.7554931640625,97,2,1,1
BASE,艾力绅,2026-04-01,229.0,328.2650451660156,97,2,1,1
BASE,艾力绅,2026-05-01,269.0,313.3599853515625,97,2,1,1
BASE,艾力绅,2026-06-01,247.0,333.6589050292969,97,2,1,1
BASE,艾瑞泽8,2026-01-01,12478.0,10679.6484375,84,24,1,1
BASE,艾瑞泽8,2026-02-01,12130.0,8503.7646484375,84,18,1,1
BASE,艾瑞泽8,2026-03-01,7536.0,8480.380859375,84,16,1,1
BASE,艾瑞泽8,2026-04-01,5344.0,7367.14697265625,84,16,1,1
BASE,艾瑞泽8,2026-05-01,5775.0,7106.01318359375,84,9,1,1
BASE,艾瑞泽8,2026-06-01,7127.0,6619.95947265625,84,4,1,1
BASE,英仕派,2026-01-01,4960.0,3782.69287109375,89,13,1,1
BASE,英仕派,2026-02-01,2796.0,2941.011474609375,90,14,1,1
BASE,英仕派,2026-03-01,2026.0,3107.50390625,90,14,1,1
BASE,英仕派,2026-04-01,1729.0,2666.349853515625,91,13,1,1
BASE,英仕派,2026-05-01,2086.0,2326.6201171875,94,11,1,1
BASE,英仕派,2026-06-01,2481.0,2173.618408203125,95,6,1,1
BASE,荣威i5,2026-01-01,5900.0,4140.4296875,82,8,1,1
BASE,荣威i5,2026-02-01,4163.0,3509.42431640625,82,8,1,1
BASE,荣威i5,2026-03-01,5946.0,3259.03369140625,84,9,1,1
BASE,荣威i5,2026-04-01,6547.0,2765.9697265625,87,11,1,1
BASE,荣威i5,2026-05-01,2416.0,2453.209716796875,90,11,1,1
BASE,荣威i5,2026-06-01,247.0,2179.94970703125,96,16,1,1
BASE,荣威i6 MAX新能源,2026-01-01,0.0,200.3878173828125,10,1,1,1
BASE,荣威i6 MAX新能源,2026-02-01,0.0,165.82131958007812,10,1,1,1
BASE,荣威i6 MAX新能源,2026-03-01,0.0,287.20361328125,10,1,1,1
BASE,荣威i6 MAX新能源,2026-04-01,17.0,239.14654541015625,10,0,1,0
BASE,荣威i6 MAX新能源,2026-05-01,9.0,225.78591918945312,10,0,1,0
BASE,荣威i6 MAX新能源,2026-06-01,5.0,252.0709686279297,10,0,1,0
BASE,菱智,2026-01-01,1050.0,445.7928771972656,41,5,1,1
BASE,菱智,2026-02-01,650.0,410.0010070800781,42,5,1,1
BASE,菱智,2026-03-01,899.0,489.66363525390625,43,5,1,1
BASE,菱智,2026-04-01,1252.0,399.5581359863281,44,5,1,1
BASE,菱智,2026-05-01,688.0,387.1237487792969,44,4,1,1
BASE,菱智,2026-06-01,932.0,354.0247802734375,45,4,1,1
BASE,蒙迪欧,2026-01-01,3453.0,2526.61767578125,89,6,1,1
BASE,蒙迪欧,2026-02-01,2375.0,2025.6153564453125,89,4,1,1
BASE,蒙迪欧,2026-03-01,2261.0,1990.2161865234375,89,4,1,1
BASE,蒙迪欧,2026-04-01,1355.0,1654.3314208984375,89,3,1,1
BASE,蒙迪欧,2026-05-01,1445.0,1560.79931640625,89,2,1,1
BASE,蒙迪欧,2026-06-01,1803.0,1500.0262451171875,89,0,1,0
BASE,蔚来ET5,2026-01-01,447.0,923.3775634765625,100,7,1,1
BASE,蔚来ET5,2026-02-01,482.0,844.0409545898438,100,6,1,1
BASE,蔚来ET5,2026-03-01,959.0,975.3792114257812,100,6,1,1
BASE,蔚来ET5,2026-04-01,810.0,928.6975708007812,100,6,1,1
BASE,蔚来ET5,2026-05-01,700.0,879.0776977539062,100,6,1,1
BASE,蔚来ET5,2026-06-01,610.0,914.0496215820312,100,0,1,0
BASE,蔚来ET7,2026-01-01,15.0,94.40879821777344,99,1,1,1
BASE,蔚来ET7,2026-02-01,20.0,150.50656127929688,99,1,1,1
BASE,蔚来ET7,2026-03-01,17.0,249.79689025878906,99,1,1,1
BASE,蔚来ET7,2026-04-01,22.0,189.01385498046875,99,0,1,0
BASE,蔚来ET7,2026-05-01,11.0,207.019775390625,99,0,1,0
BASE,蔚来ET7,2026-06-01,11.0,233.3079833984375,99,0,1,0
BASE,赛图斯,2026-01-01,1138.0,1807.4976806640625,23,16,1,1
BASE,赛图斯,2026-02-01,695.0,1414.23876953125,23,16,1,1
BASE,赛图斯,2026-03-01,1234.0,1532.5418701171875,23,14,1,1
BASE,赛图斯,2026-04-01,1717.0,1356.453857421875,24,15,1,1
BASE,赛图斯,2026-05-01,1926.0,1255.7818603515625,25,15,1,1
BASE,赛图斯,2026-06-01,2067.0,1196.80029296875,25,14,1,1
BASE,赛那SIENNA,2026-01-01,9133.0,6166.2119140625,9,9,1,1
BASE,赛那SIENNA,2026-02-01,5086.0,4445.62841796875,9,9,1,1
BASE,赛那SIENNA,2026-03-01,7738.0,4530.7578125,9,9,1,1
BASE,赛那SIENNA,2026-04-01,6542.0,3761.319580078125,9,9,1,1
BASE,赛那SIENNA,2026-05-01,7479.0,3310.9150390625,9,6,1,1
BASE,赛那SIENNA,2026-06-01,6037.0,3300.215576171875,9,3,1,1
BASE,起亚K3,2026-01-01,994.0,534.283447265625,93,1,1,1
BASE,起亚K3,2026-02-01,736.0,548.6290893554688,93,1,1,1
BASE,起亚K3,2026-03-01,563.0,521.0517578125,95,3,1,1
BASE,起亚K3,2026-04-01,1137.0,526.1907348632812,96,3,1,1
BASE,起亚K3,2026-05-01,980.0,528.4744262695312,98,5,1,1
BASE,起亚K3,2026-06-01,1326.0,555.3694458007812,98,5,1,1
BASE,起亚KX3傲跑,2026-01-01,0.0,0.890168309211731,10,0,1,0
BASE,起亚KX3傲跑,2026-02-01,0.0,0.8327092528343201,10,0,1,0
BASE,起亚KX3傲跑,2026-03-01,0.0,0.8414242267608643,10,0,1,0
BASE,起亚KX3傲跑,2026-04-01,0.0,0.8414242267608643,10,0,1,0
BASE,起亚KX3傲跑,2026-05-01,0.0,0.8499900102615356,10,0,1,0
BASE,起亚KX3傲跑,2026-06-01,0.0,0.6798521280288696,10,0,1,0
BASE,轩逸,2026-01-01,24209.0,18626.328125,77,6,1,1
BASE,轩逸,2026-02-01,8998.0,13159.2822265625,78,6,1,1
BASE,轩逸,2026-03-01,28093.0,12570.037109375,82,9,1,1
BASE,轩逸,2026-04-01,10564.0,10040.5341796875,87,14,1,1
BASE,轩逸,2026-05-01,12936.0,9355.267578125,92,19,1,1
BASE,轩逸,2026-06-01,10329.0,8352.8720703125,95,19,1,1
BASE,迈腾,2026-01-01,19306.0,12436.5380859375,101,22,1,1
BASE,迈腾,2026-02-01,11232.0,9740.103515625,113,33,1,1
BASE,迈腾,2026-03-01,13048.0,9554.08984375,124,44,1,1
BASE,迈腾,2026-04-01,8124.0,8048.400390625,148,65,1,1
BASE,迈腾,2026-05-01,12170.0,7504.16357421875,165,80,1,1
BASE,迈腾,2026-06-01,12896.0,7400.97412109375,179,86,1,1
BASE,迈腾PHEV,2026-01-01,0.0,3.771036386489868,161,3,1,1
BASE,迈腾PHEV,2026-02-01,0.0,5.76339864730835,162,2,1,1
BASE,迈腾PHEV,2026-03-01,0.0,7.131577014923096,162,2,1,1
BASE,迈腾PHEV,2026-04-01,0.0,11.385568618774414,163,3,1,1
BASE,迈腾PHEV,2026-05-01,0.0,13.933953285217285,163,2,1,1
BASE,迈腾PHEV,2026-06-01,118.0,12.876375198364258,165,4,1,1
BASE,迈锐宝XL,2026-01-01,7.0,177.37310791015625,10,1,1,1
BASE,迈锐宝XL,2026-02-01,356.0,172.58877563476562,10,1,1,1
BASE,迈锐宝XL,2026-03-01,1888.0,248.39065551757812,10,1,1,1
BASE,迈锐宝XL,2026-04-01,7.0,201.40850830078125,10,1,1,1
BASE,迈锐宝XL,2026-05-01,2.0,219.61920166015625,10,1,1,1
BASE,迈锐宝XL,2026-06-01,2.0,243.82872009277344,10,0,1,0
BASE,途昂,2026-01-01,2564.0,2375.67236328125,180,13,1,1
BASE,途昂,2026-02-01,1337.0,1741.6768798828125,183,15,1,1
BASE,途昂,2026-03-01,2285.0,2007.998291015625,184,12,1,1
BASE,途昂,2026-04-01,2215.0,1657.3572998046875,187,12,1,1
BASE,途昂,2026-05-01,1230.0,1580.39794921875,190,14,1,1
BASE,途昂,2026-06-01,1907.0,1502.77001953125,193,14,1,1
BASE,途观L,2026-01-01,21330.0,13513.3193359375,134,40,1,1
BASE,途观L,2026-02-01,12477.0,9951.953125,138,43,1,1
BASE,途观L,2026-03-01,14581.0,10375.43359375,151,56,1,1
BASE,途观L,2026-04-01,9109.0,8219.388671875,163,59,1,1
BASE,途观L,2026-05-01,12503.0,7817.47509765625,176,54,1,1
BASE,途观L,2026-06-01,12806.0,7787.64013671875,188,60,1,1
BASE,速腾,2026-01-01,25316.0,16368.2880859375,150,16,1,1
BASE,速腾,2026-02-01,13803.0,12479.5029296875,150,16,1,1
BASE,速腾,2026-03-01,16891.0,12918.6669921875,154,20,1,1
BASE,速腾,2026-04-01,9806.0,10467.134765625,164,21,1,1
BASE,速腾,2026-05-01,9554.0,9740.251953125,168,23,1,1
BASE,速腾,2026-06-01,9221.0,8945.69140625,180,33,1,1
BASE,逸动,2026-01-01,13895.0,10881.220703125,95,8,1,1
BASE,逸动,2026-02-01,11118.0,8767.0927734375,95,6,1,1
BASE,逸动,2026-03-01,11212.0,8904.4052734375,96,4,1,1
BASE,逸动,2026-04-01,7193.0,7851.76708984375,96,3,1,1
BASE,逸动,2026-05-01,7304.0,7717.748046875,96,2,1,1
BASE,逸动,2026-06-01,7912.0,7896.92041015625,96,2,1,1
BASE,铂智4X,2026-01-01,0.0,81.2986831665039,6,0,1,0
BASE,铂智4X,2026-02-01,1.0,77.90312194824219,6,0,1,0
BASE,铂智4X,2026-03-01,41.0,109.50386047363281,6,0,1,0
BASE,铂智4X,2026-04-01,93.0,112.96336364746094,6,0,1,0
BASE,铂智4X,2026-05-01,88.0,115.17407989501953,6,0,1,0
BASE,铂智4X,2026-06-01,110.0,118.15123748779297,6,0,1,0
BASE,锋兰达,2026-01-01,18629.0,12398.79296875,20,14,1,1
BASE,锋兰达,2026-02-01,12043.0,9587.6181640625,28,21,1,1
BASE,锋兰达,2026-03-01,15470.0,9927.1435546875,39,32,1,1
BASE,锋兰达,2026-04-01,10876.0,8219.388671875,52,44,1,1
BASE,锋兰达,2026-05-01,10725.0,7743.0380859375,68,58,1,1
BASE,锋兰达,2026-06-01,10882.0,7787.64013671875,81,66,1,1
BASE,锐际,2026-01-01,322.0,248.7584991455078,92,6,1,1
BASE,锐际,2026-02-01,203.0,198.70620727539062,93,6,1,1
BASE,锐际,2026-03-01,265.0,284.65032958984375,94,5,1,1
BASE,锐际,2026-04-01,152.0,265.6614685058594,94,4,1,1
BASE,锐际,2026-05-01,154.0,257.9876403808594,95,5,1,1
BASE,锐际,2026-06-01,129.0,282.75274658203125,97,6,1,1
BASE,长安CS75 PLUS,2026-01-01,14440.0,8996.2763671875,94,3,1,1
BASE,长安CS75 PLUS,2026-02-01,14219.0,6900.8994140625,94,3,1,1
BASE,长安CS75 PLUS,2026-03-01,13802.0,6925.837890625,94,2,1,1
BASE,长安CS75 PLUS,2026-04-01,8716.0,6264.974609375,94,2,1,1
BASE,长安CS75 PLUS,2026-05-01,10103.0,5538.0400390625,94,2,1,1
BASE,长安CS75 PLUS,2026-06-01,11682.0,5079.70361328125,94,1,1,1
BASE,长安UNI-K 智电iDD,2026-01-01,1.0,11.167193412780762,100,0,1,0
BASE,长安UNI-K 智电iDD,2026-02-01,0.0,12.874350547790527,100,0,1,0
BASE,长安UNI-K 智电iDD,2026-03-01,1.0,11.622235298156738,100,0,1,0
BASE,长安UNI-K 智电iDD,2026-04-01,1.0,14.81901741027832,100,0,1,0
BASE,长安UNI-K 智电iDD,2026-05-01,0.0,15.30556583404541,100,0,1,0
BASE,长安UNI-K 智电iDD,2026-06-01,4.0,14.466055870056152,100,0,1,0
BASE,长安UNI-T,2026-01-01,31.0,49.15971374511719,99,0,1,0
BASE,长安UNI-T,2026-02-01,36.0,70.92406463623047,99,0,1,0
BASE,长安UNI-T,2026-03-01,22.0,87.20262145996094,99,0,1,0
BASE,长安UNI-T,2026-04-01,8.0,106.24706268310547,99,0,1,0
BASE,长安UNI-T,2026-05-01,3.0,120.5373306274414,99,0,1,0
BASE,长安UNI-T,2026-06-01,2.0,157.36715698242188,99,0,1,0
BASE,雅阁,2026-01-01,13825.0,11853.01171875,100,3,1,1
BASE,雅阁,2026-02-01,4630.0,9160.3720703125,100,1,1,1
BASE,雅阁,2026-03-01,6757.0,9413.0234375,100,1,1,1
BASE,雅阁,2026-04-01,2593.0,7768.7666015625,100,1,1,1
BASE,雅阁,2026-05-01,4677.0,7610.94677734375,100,1,1,1
BASE,雅阁,2026-06-01,7919.0,7787.64013671875,100,0,1,0
BASE,零跑T03,2026-01-01,322.0,1156.888916015625,91,22,1,1
BASE,零跑T03,2026-02-01,1763.0,960.3257446289062,95,23,1,1
BASE,零跑T03,2026-03-01,438.0,1004.7059326171875,95,16,1,1
BASE,零跑T03,2026-04-01,270.0,894.0723876953125,97,13,1,1
BASE,零跑T03,2026-05-01,979.0,849.9104614257812,98,13,1,1
BASE,零跑T03,2026-06-01,1.0,845.3269653320312,99,10,1,1
BASE,领克03,2026-01-01,6402.0,3617.225341796875,100,9,1,1
BASE,领克03,2026-02-01,3250.0,2850.19482421875,100,9,1,1
BASE,领克03,2026-03-01,4469.0,2688.0302734375,100,9,1,1
BASE,领克03,2026-04-01,3324.0,2261.8740234375,100,9,1,1
BASE,领克03,2026-05-01,2899.0,1946.0709228515625,100,0,1,0
BASE,领克03,2026-06-01,2816.0,1777.082275390625,100,0,1,0
BASE,风光330,2026-01-01,11.0,8.389758110046387,0,0,0,0
BASE,风光330,2026-02-01,9.0,7.757493495941162,0,0,0,0
BASE,风光330,2026-03-01,14.0,7.505524158477783,0,0,0,0
BASE,风光330,2026-04-01,3.0,8.776185989379883,0,0,0,0
BASE,风光330,2026-05-01,12.0,8.28997802734375,0,0,0,0
BASE,风光330,2026-06-01,9.0,8.28997802734375,0,0,0,0
BASE,风光380,2026-01-01,45.0,69.94488525390625,0,0,0,0
BASE,风光380,2026-02-01,32.0,78.91905975341797,0,0,0,0
BASE,风光380,2026-03-01,60.0,102.31874084472656,0,0,0,0
BASE,风光380,2026-04-01,35.0,99.52931213378906,0,0,0,0
BASE,风光380,2026-05-01,44.0,91.91205596923828,0,0,0,0
BASE,风光380,2026-06-01,55.0,97.71458435058594,0,0,0,0
BASE,飞凡F7,2026-01-01,233.0,172.33633422851562,99,0,1,0
BASE,飞凡F7,2026-02-01,0.0,193.08963012695312,99,0,1,0
BASE,飞凡F7,2026-03-01,53.0,257.95318603515625,99,0,1,0
BASE,飞凡F7,2026-04-01,262.0,259.5682373046875,99,0,1,0
BASE,飞凡F7,2026-05-01,224.0,259.5682373046875,99,0,1,0
BASE,飞凡F7,2026-06-01,190.0,277.1762390136719,99,0,1,0
BASE,马自达3 昂克赛拉,2026-01-01,956.0,964.7567138671875,99,1,1,1
BASE,马自达3 昂克赛拉,2026-02-01,666.0,871.9012451171875,99,1,1,1
BASE,马自达3 昂克赛拉,2026-03-01,684.0,952.4376831054688,99,1,1,1
BASE,马自达3 昂克赛拉,2026-04-01,423.0,906.0973510742188,99,1,1,1
BASE,马自达3 昂克赛拉,2026-05-01,464.0,864.7515258789062,100,2,1,1
BASE,马自达3 昂克赛拉,2026-06-01,390.0,865.515625,100,1,1,1
BASE,骐达,2026-01-01,102.0,99.10143280029297,0,0,0,0
BASE,骐达,2026-02-01,50.0,90.84505462646484,0,0,0,0
BASE,骐达,2026-03-01,141.0,107.8727035522461,0,0,0,0
BASE,骐达,2026-04-01,80.0,119.24493408203125,0,0,0,0
BASE,骐达,2026-05-01,31.0,143.94752502441406,0,0,0,0
BASE,骐达,2026-06-01,91.0,168.26748657226562,0,0,0,0
BASE,高尔夫,2026-01-01,1135.0,1886.6959228515625,195,3,1,1
BASE,高尔夫,2026-02-01,756.0,1508.1640625,196,4,1,1
BASE,高尔夫,2026-03-01,1508.0,1710.0660400390625,196,4,1,1
BASE,高尔夫,2026-04-01,972.0,1502.114013671875,198,5,1,1
BASE,高尔夫,2026-05-01,1821.0,1377.10498046875,198,5,1,1
BASE,高尔夫,2026-06-01,1306.0,1324.8819580078125,198,3,1,1
BASE,魏牌 高山,2026-01-01,6707.0,6735.21337890625,0,0,0,0
BASE,魏牌 高山,2026-02-01,4369.0,5706.52587890625,0,0,0,0
BASE,魏牌 高山,2026-03-01,6447.0,5481.15673828125,0,0,0,0
BASE,魏牌 高山,2026-04-01,6122.0,4057.7177734375,0,0,0,0
BASE,魏牌 高山,2026-05-01,5662.0,3699.646484375,0,0,0,0
BASE,魏牌 高山,2026-06-01,4920.0,3797.197509765625,0,0,0,0
PLATFORM_RATING,AION S,2026-01-01,3148.0,3038.00439453125,91,9,1,1
PLATFORM_RATING,AION S,2026-02-01,788.0,2053.322265625,96,11,1,1
PLATFORM_RATING,AION S,2026-03-01,4193.0,1996.3497314453125,99,13,1,1
PLATFORM_RATING,AION S,2026-04-01,3665.0,1688.663818359375,99,12,1,1
PLATFORM_RATING,AION S,2026-05-01,963.0,1617.920654296875,100,10,1,1
PLATFORM_RATING,AION S,2026-06-01,466.0,1596.052490234375,100,10,1,1
PLATFORM_RATING,ID.4 CROZZ,2026-01-01,454.0,1522.1859130859375,193,3,1,1
PLATFORM_RATING,ID.4 CROZZ,2026-02-01,160.0,1177.96923828125,194,3,1,1
PLATFORM_RATING,ID.4 CROZZ,2026-03-01,542.0,1526.3533935546875,194,3,1,1
PLATFORM_RATING,ID.4 CROZZ,2026-04-01,623.0,1283.6851806640625,194,2,1,1
PLATFORM_RATING,ID.4 CROZZ,2026-05-01,942.0,1202.90087890625,195,2,1,1
PLATFORM_RATING,ID.4 CROZZ,2026-06-01,684.0,1253.546142578125,197,4,1,1
PLATFORM_RATING,ID.6 CROZZ,2026-01-01,0.0,13.467376708984375,9,3,1,1
PLATFORM_RATING,ID.6 CROZZ,2026-02-01,0.0,13.936713218688965,10,3,1,1
PLATFORM_RATING,ID.6 CROZZ,2026-03-01,0.0,16.363985061645508,10,2,1,1
PLATFORM_RATING,ID.6 CROZZ,2026-04-01,0.0,19.702335357666016,10,2,1,1
PLATFORM_RATING,ID.6 CROZZ,2026-05-01,0.0,28.037551879882812,10,2,1,1
PLATFORM_RATING,ID.6 CROZZ,2026-06-01,1.0,33.37999725341797,10,2,1,1
PLATFORM_RATING,MG4,2026-01-01,10007.0,10347.5947265625,115,115,1,1
PLATFORM_RATING,MG4,2026-02-01,4086.0,7771.0712890625,123,123,1,1
PLATFORM_RATING,MG4,2026-03-01,14007.0,7909.98388671875,128,128,1,1
PLATFORM_RATING,MG4,2026-04-01,13189.0,7402.08984375,129,109,1,1
PLATFORM_RATING,MG4,2026-05-01,15067.0,7281.42333984375,133,95,1,1
PLATFORM_RATING,MG4,2026-06-01,14397.0,7190.12451171875,134,55,1,1
PLATFORM_RATING,MG7,2026-01-01,1221.0,701.5958862304688,17,1,1,1
PLATFORM_RATING,MG7,2026-02-01,775.0,508.0862121582031,17,1,1,1
PLATFORM_RATING,MG7,2026-03-01,1012.0,417.7305603027344,25,8,1,1
PLATFORM_RATING,MG7,2026-04-01,553.0,270.2839660644531,27,10,1,1
PLATFORM_RATING,MG7,2026-05-01,456.0,246.3307342529297,27,10,1,1
PLATFORM_RATING,MG7,2026-06-01,428.0,226.7345428466797,27,10,1,1
PLATFORM_RATING,Model 3,2026-01-01,0.0,2.5813610553741455,80,6,1,1
PLATFORM_RATING,Model 3,2026-02-01,0.0,6.012974262237549,81,7,1,1
PLATFORM_RATING,Model 3,2026-03-01,0.0,17.188291549682617,82,8,1,1
PLATFORM_RATING,Model 3,2026-04-01,0.0,25.295862197875977,82,8,1,1
PLATFORM_RATING,Model 3,2026-05-01,0.0,26.026626586914062,82,6,1,1
PLATFORM_RATING,Model 3,2026-06-01,0.0,30.636735916137695,82,2,1,1
PLATFORM_RATING,Model Y,2026-01-01,0.0,0.9773720502853394,93,4,1,1
PLATFORM_RATING,Model Y,2026-02-01,0.0,2.7767279148101807,94,4,1,1
PLATFORM_RATING,Model Y,2026-03-01,0.0,6.767611980438232,94,4,1,1
PLATFORM_RATING,Model Y,2026-04-01,0.0,22.473426818847656,95,5,1,1
PLATFORM_RATING,Model Y,2026-05-01,0.0,24.85110092163086,95,5,1,1
PLATFORM_RATING,Model Y,2026-06-01,0.0,32.774173736572266,95,3,1,1
PLATFORM_RATING,QQ冰淇淋,2026-01-01,376.0,1046.6773681640625,11,1,1,1
PLATFORM_RATING,QQ冰淇淋,2026-02-01,334.0,846.6221923828125,11,1,1,1
PLATFORM_RATING,QQ冰淇淋,2026-03-01,906.0,897.1814575195312,12,2,1,1
PLATFORM_RATING,QQ冰淇淋,2026-04-01,1958.0,870.974365234375,12,2,1,1
PLATFORM_RATING,QQ冰淇淋,2026-05-01,545.0,861.8093872070312,12,1,1,1
PLATFORM_RATING,QQ冰淇淋,2026-06-01,830.0,874.2849731445312,13,2,1,1
PLATFORM_RATING,RAV4荣放,2026-01-01,11316.0,9869.0751953125,97,1,1,1
PLATFORM_RATING,RAV4荣放,2026-02-01,7789.0,7795.0341796875,97,1,1,1
PLATFORM_RATING,RAV4荣放,2026-03-01,14662.0,7549.62158203125,98,2,1,1
PLATFORM_RATING,RAV4荣放,2026-04-01,11452.0,7053.16796875,98,2,1,1
PLATFORM_RATING,RAV4荣放,2026-05-01,9857.0,6558.2744140625,98,2,1,1
PLATFORM_RATING,RAV4荣放,2026-06-01,13798.0,6363.7158203125,98,1,1,1
PLATFORM_RATING,T-ROC探歌,2026-01-01,2183.0,2375.897705078125,8,3,1,1
PLATFORM_RATING,T-ROC探歌,2026-02-01,1540.0,1762.4073486328125,8,3,1,1
PLATFORM_RATING,T-ROC探歌,2026-03-01,2031.0,1264.68310546875,8,1,1,1
PLATFORM_RATING,T-ROC探歌,2026-04-01,1532.0,1256.2930908203125,9,1,1,1
PLATFORM_RATING,T-ROC探歌,2026-05-01,3344.0,1219.5072021484375,9,1,1,1
PLATFORM_RATING,T-ROC探歌,2026-06-01,3111.0,1229.765625,9,1,1,1
PLATFORM_RATING,e爱丽舍,2026-01-01,460.0,512.9492797851562,1,0,1,0
PLATFORM_RATING,e爱丽舍,2026-02-01,147.0,460.7052917480469,1,0,1,0
PLATFORM_RATING,e爱丽舍,2026-03-01,621.0,521.9352416992188,1,0,1,0
PLATFORM_RATING,e爱丽舍,2026-04-01,678.0,515.542724609375,1,0,1,0
PLATFORM_RATING,e爱丽舍,2026-05-01,887.0,526.4954833984375,1,0,1,0
PLATFORM_RATING,e爱丽舍,2026-06-01,1003.0,554.488037109375,1,0,1,0
PLATFORM_RATING,五菱佳辰,2026-01-01,657.0,221.7728729248047,10,0,1,0
PLATFORM_RATING,五菱佳辰,2026-02-01,285.0,201.9097442626953,10,0,1,0
PLATFORM_RATING,五菱佳辰,2026-03-01,240.0,279.6034240722656,10,0,1,0
PLATFORM_RATING,五菱佳辰,2026-04-01,203.0,263.1620788574219,10,0,1,0
PLATFORM_RATING,五菱佳辰,2026-05-01,115.0,258.78118896484375,10,0,1,0
PLATFORM_RATING,五菱佳辰,2026-06-01,139.0,264.929443359375,10,0,1,0
PLATFORM_RATING,五菱星驰,2026-01-01,822.0,321.15167236328125,10,3,1,1
PLATFORM_RATING,五菱星驰,2026-02-01,422.0,322.95538330078125,10,2,1,1
PLATFORM_RATING,五菱星驰,2026-03-01,5.0,371.81060791015625,10,0,1,0
PLATFORM_RATING,五菱星驰,2026-04-01,90.0,348.2987060546875,10,0,1,0
PLATFORM_RATING,五菱星驰,2026-05-01,35.0,348.2987060546875,10,0,1,0
PLATFORM_RATING,五菱星驰,2026-06-01,4.0,351.8392639160156,10,0,1,0
PLATFORM_RATING,传祺GA8,2026-01-01,0.0,0.6328691244125366,10,0,1,0
PLATFORM_RATING,传祺GA8,2026-02-01,0.0,0.8293665647506714,10,0,1,0
PLATFORM_RATING,传祺GA8,2026-03-01,0.0,0.8484082818031311,10,0,1,0
PLATFORM_RATING,传祺GA8,2026-04-01,0.0,0.8484082818031311,10,0,1,0
PLATFORM_RATING,传祺GA8,2026-05-01,0.0,0.6498655676841736,10,0,1,0
PLATFORM_RATING,传祺GA8,2026-06-01,0.0,0.7294759154319763,10,0,1,0
PLATFORM_RATING,传祺M6,2026-01-01,2912.0,1389.52587890625,78,8,1,1
PLATFORM_RATING,传祺M6,2026-02-01,1426.0,1098.5894775390625,79,6,1,1
PLATFORM_RATING,传祺M6,2026-03-01,2726.0,1370.7559814453125,80,7,1,1
PLATFORM_RATING,传祺M6,2026-04-01,1146.0,1155.6279296875,83,10,1,1
PLATFORM_RATING,传祺M6,2026-05-01,1265.0,1150.5859375,90,16,1,1
PLATFORM_RATING,传祺M6,2026-06-01,2047.0,1133.219482421875,96,20,1,1
PLATFORM_RATING,传祺M8,2026-01-01,5445.0,2972.69775390625,71,2,1,1
PLATFORM_RATING,传祺M8,2026-02-01,2404.0,2137.340087890625,71,2,1,1
PLATFORM_RATING,传祺M8,2026-03-01,5134.0,2112.558837890625,72,3,1,1
PLATFORM_RATING,传祺M8,2026-04-01,4916.0,1835.5079345703125,75,6,1,1
PLATFORM_RATING,传祺M8,2026-05-01,5248.0,1274.1064453125,84,14,1,1
PLATFORM_RATING,传祺M8,2026-06-01,6075.0,1345.0355224609375,95,24,1,1
PLATFORM_RATING,元PLUS,2026-01-01,2281.0,5322.92236328125,80,26,1,1
PLATFORM_RATING,元PLUS,2026-02-01,1854.0,3676.1953125,85,26,1,1
PLATFORM_RATING,元PLUS,2026-03-01,6540.0,3569.864501953125,88,27,1,1
PLATFORM_RATING,元PLUS,2026-04-01,5111.0,3185.526123046875,90,25,1,1
PLATFORM_RATING,元PLUS,2026-05-01,3820.0,2847.52734375,91,20,1,1
PLATFORM_RATING,元PLUS,2026-06-01,5547.0,2717.436279296875,94,17,1,1
PLATFORM_RATING,冠道,2026-01-01,392.0,444.48541259765625,97,0,1,0
PLATFORM_RATING,冠道,2026-02-01,193.0,353.73712158203125,97,0,1,0
PLATFORM_RATING,冠道,2026-03-01,349.0,456.3821716308594,97,0,1,0
PLATFORM_RATING,冠道,2026-04-01,346.0,379.57464599609375,98,1,1,1
PLATFORM_RATING,冠道,2026-05-01,313.0,317.0158386230469,98,1,1,1
PLATFORM_RATING,冠道,2026-06-01,339.0,359.1607360839844,100,3,1,1
PLATFORM_RATING,凌宝BOX,2026-01-01,180.0,275.43743896484375,9,1,1,1
PLATFORM_RATING,凌宝BOX,2026-02-01,124.0,305.469482421875,9,1,1,1
PLATFORM_RATING,凌宝BOX,2026-03-01,135.0,376.6142578125,9,1,1,1
PLATFORM_RATING,凌宝BOX,2026-04-01,372.0,349.6865539550781,9,1,1,1
PLATFORM_RATING,凌宝BOX,2026-05-01,381.0,338.54473876953125,9,0,1,0
PLATFORM_RATING,凌宝BOX,2026-06-01,342.0,346.9558410644531,9,0,1,0
PLATFORM_RATING,凌尚,2026-01-01,34.0,40.52421951293945,9,0,1,0
PLATFORM_RATING,凌尚,2026-02-01,10.0,52.7235221862793,9,0,1,0
PLATFORM_RATING,凌尚,2026-03-01,6.0,54.927513122558594,9,0,1,0
PLATFORM_RATING,凌尚,2026-04-01,4.0,57.50751495361328,10,1,1,1
PLATFORM_RATING,凌尚,2026-05-01,0.0,69.42121887207031,10,1,1,1
PLATFORM_RATING,凌尚,2026-06-01,5.0,69.53013610839844,10,1,1,1
PLATFORM_RATING,凌放HARRIER,2026-01-01,11.0,15.999602317810059,10,0,1,0
PLATFORM_RATING,凌放HARRIER,2026-02-01,4.0,12.957391738891602,10,0,1,0
PLATFORM_RATING,凌放HARRIER,2026-03-01,6.0,13.01699447631836,10,0,1,0
PLATFORM_RATING,凌放HARRIER,2026-04-01,0.0,12.395092964172363,10,0,1,0
PLATFORM_RATING,凌放HARRIER,2026-05-01,0.0,9.904672622680664,10,0,1,0
PLATFORM_RATING,凌放HARRIER,2026-06-01,5.0,9.53508186340332,10,0,1,0
PLATFORM_RATING,凡尔赛C5 X,2026-01-01,1195.0,900.470703125,94,12,1,1
PLATFORM_RATING,凡尔赛C5 X,2026-02-01,943.0,819.029296875,94,10,1,1
PLATFORM_RATING,凡尔赛C5 X,2026-03-01,1821.0,974.4089965820312,94,8,1,1
PLATFORM_RATING,凡尔赛C5 X,2026-04-01,1115.0,891.98388671875,94,4,1,1
PLATFORM_RATING,凡尔赛C5 X,2026-05-01,595.0,846.5526733398438,94,1,1,1
PLATFORM_RATING,凡尔赛C5 X,2026-06-01,731.0,886.7672729492188,94,1,1,1
PLATFORM_RATING,凯美瑞,2026-01-01,17426.0,12627.3896484375,96,11,1,1
PLATFORM_RATING,凯美瑞,2026-02-01,11172.0,9702.4873046875,96,11,1,1
PLATFORM_RATING,凯美瑞,2026-03-01,17069.0,10233.5576171875,99,14,1,1
PLATFORM_RATING,凯美瑞,2026-04-01,10963.0,8244.22265625,99,13,1,1
PLATFORM_RATING,凯美瑞,2026-05-01,12237.0,7893.81787109375,99,8,1,1
PLATFORM_RATING,凯美瑞,2026-06-01,17114.0,8133.43408203125,99,4,1,1
PLATFORM_RATING,凯迪拉克CT5,2026-01-01,3673.0,2328.31103515625,100,15,1,1
PLATFORM_RATING,凯迪拉克CT5,2026-02-01,1857.0,1775.6898193359375,100,13,1,1
PLATFORM_RATING,凯迪拉克CT5,2026-03-01,3819.0,1885.2994384765625,100,12,1,1
PLATFORM_RATING,凯迪拉克CT5,2026-04-01,2195.0,1635.8140869140625,100,2,1,1
PLATFORM_RATING,凯迪拉克CT5,2026-05-01,1970.0,1596.93994140625,100,1,1,1
PLATFORM_RATING,凯迪拉克CT5,2026-06-01,1852.0,1568.6534423828125,100,1,1,1
PLATFORM_RATING,凯迪拉克XT5,2026-01-01,4786.0,3005.140625,60,6,1,1
PLATFORM_RATING,凯迪拉克XT5,2026-02-01,2440.0,2179.93408203125,65,11,1,1
PLATFORM_RATING,凯迪拉克XT5,2026-03-01,4424.0,2149.83447265625,68,14,1,1
PLATFORM_RATING,凯迪拉克XT5,2026-04-01,3429.0,1937.536865234375,72,17,1,1
PLATFORM_RATING,凯迪拉克XT5,2026-05-01,3339.0,1710.5704345703125,78,20,1,1
PLATFORM_RATING,凯迪拉克XT5,2026-06-01,3265.0,1679.85400390625,87,27,1,1
PLATFORM_RATING,凯迪拉克XT6,2026-01-01,151.0,165.24069213867188,94,6,1,1
PLATFORM_RATING,凯迪拉克XT6,2026-02-01,62.0,177.18531799316406,95,6,1,1
PLATFORM_RATING,凯迪拉克XT6,2026-03-01,101.0,239.08334350585938,96,6,1,1
PLATFORM_RATING,凯迪拉克XT6,2026-04-01,87.0,213.5823974609375,97,5,1,1
PLATFORM_RATING,凯迪拉克XT6,2026-05-01,72.0,227.28643798828125,98,4,1,1
PLATFORM_RATING,凯迪拉克XT6,2026-06-01,65.0,246.26776123046875,99,5,1,1
PLATFORM_RATING,别克GL8,2026-01-01,4437.0,2741.473388671875,91,5,1,1
PLATFORM_RATING,别克GL8,2026-02-01,1794.0,2090.97216796875,92,5,1,1
PLATFORM_RATING,别克GL8,2026-03-01,4491.0,2113.2744140625,95,8,1,1
PLATFORM_RATING,别克GL8,2026-04-01,3198.0,1849.953369140625,96,8,1,1
PLATFORM_RATING,别克GL8,2026-05-01,2952.0,1668.89892578125,97,8,1,1
PLATFORM_RATING,别克GL8,2026-06-01,2781.0,1416.1768798828125,98,7,1,1
PLATFORM_RATING,卡罗拉,2026-01-01,6043.0,4336.189453125,73,5,1,1
PLATFORM_RATING,卡罗拉,2026-02-01,5004.0,3421.927001953125,75,6,1,1
PLATFORM_RATING,卡罗拉,2026-03-01,8216.0,3397.392333984375,80,10,1,1
PLATFORM_RATING,卡罗拉,2026-04-01,3670.0,3091.174072265625,86,15,1,1
PLATFORM_RATING,卡罗拉,2026-05-01,3268.0,2745.4765625,89,17,1,1
PLATFORM_RATING,卡罗拉,2026-06-01,5227.0,2602.2060546875,93,20,1,1
PLATFORM_RATING,卡罗拉双擎E+,2026-01-01,0.0,0.5588207840919495,10,0,1,0
PLATFORM_RATING,卡罗拉双擎E+,2026-02-01,0.0,0.7892770767211914,10,0,1,0
PLATFORM_RATING,卡罗拉双擎E+,2026-03-01,0.0,0.8079015016555786,10,0,1,0
PLATFORM_RATING,卡罗拉双擎E+,2026-04-01,0.0,0.8079015016555786,10,0,1,0
PLATFORM_RATING,卡罗拉双擎E+,2026-05-01,0.0,0.5750464200973511,10,0,1,0
PLATFORM_RATING,卡罗拉双擎E+,2026-06-01,0.0,0.6088539958000183,10,0,1,0
PLATFORM_RATING,卡罗拉锐放,2026-01-01,20188.0,12796.2607421875,35,7,1,1
PLATFORM_RATING,卡罗拉锐放,2026-02-01,7395.0,9710.84765625,45,17,1,1
PLATFORM_RATING,卡罗拉锐放,2026-03-01,13555.0,10567.0810546875,51,23,1,1
PLATFORM_RATING,卡罗拉锐放,2026-04-01,9184.0,8219.310546875,62,34,1,1
PLATFORM_RATING,卡罗拉锐放,2026-05-01,6783.0,7893.81787109375,73,44,1,1
PLATFORM_RATING,卡罗拉锐放,2026-06-01,10688.0,8133.43408203125,86,54,1,1
PLATFORM_RATING,吉利ICON,2026-01-01,1228.0,962.7532348632812,94,9,1,1
PLATFORM_RATING,吉利ICON,2026-02-01,369.0,832.7539672851562,97,11,1,1
PLATFORM_RATING,吉利ICON,2026-03-01,929.0,918.9780883789062,99,13,1,1
PLATFORM_RATING,吉利ICON,2026-04-01,515.0,857.6800537109375,99,12,1,1
PLATFORM_RATING,吉利ICON,2026-05-01,635.0,837.8431396484375,99,6,1,1
PLATFORM_RATING,吉利ICON,2026-06-01,687.0,881.4944458007812,99,5,1,1
PLATFORM_RATING,君威,2026-01-01,4104.0,2480.736572265625,100,6,1,1
PLATFORM_RATING,君威,2026-02-01,1959.0,1757.8265380859375,100,4,1,1
PLATFORM_RATING,君威,2026-03-01,3652.0,1906.930419921875,100,4,1,1
PLATFORM_RATING,君威,2026-04-01,1532.0,1663.56689453125,100,4,1,1
PLATFORM_RATING,君威,2026-05-01,1537.0,1596.116455078125,100,1,1,1
PLATFORM_RATING,君威,2026-06-01,1435.0,1574.54296875,100,1,1,1
PLATFORM_RATING,型格,2026-01-01,936.0,824.46875,94,6,1,1
PLATFORM_RATING,型格,2026-02-01,332.0,738.1135864257812,96,7,1,1
PLATFORM_RATING,型格,2026-03-01,345.0,764.2484741210938,97,8,1,1
PLATFORM_RATING,型格,2026-04-01,134.0,744.11474609375,98,7,1,1
PLATFORM_RATING,型格,2026-05-01,142.0,711.8768920898438,99,7,1,1
PLATFORM_RATING,型格,2026-06-01,110.0,724.577880859375,99,7,1,1
PLATFORM_RATING,大众ID.3,2026-01-01,452.0,1583.0220947265625,188,9,1,1
PLATFORM_RATING,大众ID.3,2026-02-01,306.0,1258.2730712890625,190,10,1,1
PLATFORM_RATING,大众ID.3,2026-03-01,945.0,1551.91259765625,192,11,1,1
PLATFORM_RATING,大众ID.3,2026-04-01,762.0,1391.5489501953125,195,12,1,1
PLATFORM_RATING,大众ID.3,2026-05-01,759.0,1363.18798828125,196,11,1,1
PLATFORM_RATING,大众ID.3,2026-06-01,680.0,1309.44189453125,197,9,1,1
PLATFORM_RATING,大家9,2026-01-01,34.0,207.045166015625,10,0,1,0
PLATFORM_RATING,大家9,2026-02-01,21.0,183.47158813476562,10,0,1,0
PLATFORM_RATING,大家9,2026-03-01,152.0,276.34356689453125,10,0,1,0
PLATFORM_RATING,大家9,2026-04-01,95.0,236.4447479248047,10,0,1,0
PLATFORM_RATING,大家9,2026-05-01,128.0,216.26283264160156,10,0,1,0
PLATFORM_RATING,大家9,2026-06-01,221.0,226.39610290527344,10,0,1,0
PLATFORM_RATING,大通G10,2026-01-01,203.0,238.6122589111328,40,4,1,1
PLATFORM_RATING,大通G10,2026-02-01,126.0,199.66726684570312,41,3,1,1
PLATFORM_RATING,大通G10,2026-03-01,202.0,282.592041015625,42,4,1,1
PLATFORM_RATING,大通G10,2026-04-01,167.0,273.4584655761719,42,4,1,1
PLATFORM_RATING,大通G10,2026-05-01,139.0,266.5069885253906,43,4,1,1
PLATFORM_RATING,大通G10,2026-06-01,143.0,272.83807373046875,43,4,1,1
PLATFORM_RATING,大通G50,2026-01-01,344.0,244.4348907470703,93,2,1,1
PLATFORM_RATING,大通G50,2026-02-01,238.0,203.9497528076172,93,1,1,1
PLATFORM_RATING,大通G50,2026-03-01,275.0,264.74322509765625,95,2,1,1
PLATFORM_RATING,大通G50,2026-04-01,190.0,250.16848754882812,95,2,1,1
PLATFORM_RATING,大通G50,2026-05-01,130.0,202.01901245117188,96,3,1,1
PLATFORM_RATING,大通G50,2026-06-01,348.0,211.9456024169922,97,4,1,1
PLATFORM_RATING,奔驰C级,2026-01-01,7362.0,7468.98828125,88,9,1,1
PLATFORM_RATING,奔驰C级,2026-02-01,2827.0,6176.4482421875,88,9,1,1
PLATFORM_RATING,奔驰C级,2026-03-01,8000.0,6091.322265625,88,9,1,1
PLATFORM_RATING,奔驰C级,2026-04-01,9950.0,5121.251953125,88,8,1,1
PLATFORM_RATING,奔驰C级,2026-05-01,6839.0,4516.60009765625,88,3,1,1
PLATFORM_RATING,奔驰C级,2026-06-01,6015.0,4295.69580078125,88,0,1,0
PLATFORM_RATING,奔驰E级,2026-01-01,12119.0,9025.5234375,53,0,1,0
PLATFORM_RATING,奔驰E级,2026-02-01,8583.0,7313.064453125,54,1,1,1
PLATFORM_RATING,奔驰E级,2026-03-01,14545.0,7520.91650390625,56,3,1,1
PLATFORM_RATING,奔驰E级,2026-04-01,7450.0,6739.19140625,58,5,1,1
PLATFORM_RATING,奔驰E级,2026-05-01,8928.0,6114.7822265625,68,15,1,1
PLATFORM_RATING,奔驰E级,2026-06-01,9600.0,5747.36962890625,79,26,1,1
PLATFORM_RATING,奔驰GLB,2026-01-01,174.0,2203.1005859375,79,22,1,1
PLATFORM_RATING,奔驰GLB,2026-02-01,97.0,1689.990478515625,81,18,1,1
PLATFORM_RATING,奔驰GLB,2026-03-01,2301.0,1848.2100830078125,86,18,1,1
PLATFORM_RATING,奔驰GLB,2026-04-01,1700.0,1591.231689453125,91,18,1,1
PLATFORM_RATING,奔驰GLB,2026-05-01,1012.0,1596.93994140625,92,14,1,1
PLATFORM_RATING,奔驰GLB,2026-06-01,800.0,1568.6534423828125,94,15,1,1
PLATFORM_RATING,奔驰GLC,2026-01-01,7145.0,9221.1552734375,55,1,1,1
PLATFORM_RATING,奔驰GLC,2026-02-01,6430.0,7313.064453125,57,3,1,1
PLATFORM_RATING,奔驰GLC,2026-03-01,14550.0,7520.91650390625,62,8,1,1
PLATFORM_RATING,奔驰GLC,2026-04-01,8200.0,6739.19140625,68,14,1,1
PLATFORM_RATING,奔驰GLC,2026-05-01,7865.0,6114.7822265625,73,19,1,1
PLATFORM_RATING,奔驰GLC,2026-06-01,8347.0,5747.36962890625,83,29,1,1
PLATFORM_RATING,奔驰V级,2026-01-01,374.0,734.5516357421875,76,4,1,1
PLATFORM_RATING,奔驰V级,2026-02-01,178.0,649.4230346679688,77,5,1,1
PLATFORM_RATING,奔驰V级,2026-03-01,307.0,765.2398681640625,77,3,1,1
PLATFORM_RATING,奔驰V级,2026-04-01,322.0,691.9996337890625,77,1,1,1
PLATFORM_RATING,奔驰V级,2026-05-01,254.0,675.9566040039062,78,2,1,1
PLATFORM_RATING,奔驰V级,2026-06-01,250.0,686.5623779296875,80,4,1,1
PLATFORM_RATING,奥德赛,2026-01-01,1542.0,1102.6627197265625,87,5,1,1
PLATFORM_RATING,奥德赛,2026-02-01,696.0,957.7525634765625,90,7,1,1
PLATFORM_RATING,奥德赛,2026-03-01,1156.0,1104.822998046875,93,10,1,1
PLATFORM_RATING,奥德赛,2026-04-01,836.0,959.1461181640625,93,8,1,1
PLATFORM_RATING,奥德赛,2026-05-01,834.0,907.862548828125,95,8,1,1
PLATFORM_RATING,奥德赛,2026-06-01,814.0,926.5562133789062,98,11,1,1
PLATFORM_RATING,奥迪A3,2026-01-01,5770.0,5220.86962890625,64,7,1,1
PLATFORM_RATING,奥迪A3,2026-02-01,3952.0,3529.326416015625,70,13,1,1
PLATFORM_RATING,奥迪A3,2026-03-01,7611.0,3730.599365234375,74,17,1,1
PLATFORM_RATING,奥迪A3,2026-04-01,5936.0,3274.993896484375,81,24,1,1
PLATFORM_RATING,奥迪A3,2026-05-01,5801.0,3057.87841796875,86,27,1,1
PLATFORM_RATING,奥迪A3,2026-06-01,5284.0,2914.20654296875,93,31,1,1
PLATFORM_RATING,奥迪A6L,2026-01-01,15660.0,12466.75,74,8,1,1
PLATFORM_RATING,奥迪A6L,2026-02-01,7749.0,9558.9658203125,76,9,1,1
PLATFORM_RATING,奥迪A6L,2026-03-01,10591.0,10342.6806640625,78,9,1,1
PLATFORM_RATING,奥迪A6L,2026-04-01,9449.0,8244.22265625,82,12,1,1
PLATFORM_RATING,奥迪A6L,2026-05-01,8709.0,7917.74365234375,85,13,1,1
PLATFORM_RATING,奥迪A6L,2026-06-01,7095.0,8080.822265625,89,15,1,1
PLATFORM_RATING,奥迪A7L,2026-01-01,830.0,611.0026245117188,82,24,1,1
PLATFORM_RATING,奥迪A7L,2026-02-01,350.0,504.1596374511719,90,29,1,1
PLATFORM_RATING,奥迪A7L,2026-03-01,350.0,567.674072265625,90,21,1,1
PLATFORM_RATING,奥迪A7L,2026-04-01,300.0,543.1585083007812,94,21,1,1
PLATFORM_RATING,奥迪A7L,2026-05-01,245.0,547.214111328125,95,17,1,1
PLATFORM_RATING,奥迪A7L,2026-06-01,250.0,561.5202026367188,96,14,1,1
PLATFORM_RATING,奥迪Q3,2026-01-01,2426.0,2027.697998046875,90,3,1,1
PLATFORM_RATING,奥迪Q3,2026-02-01,1651.0,1528.960693359375,91,4,1,1
PLATFORM_RATING,奥迪Q3,2026-03-01,2927.0,1672.314453125,96,9,1,1
PLATFORM_RATING,奥迪Q3,2026-04-01,2192.0,1523.849365234375,96,9,1,1
PLATFORM_RATING,奥迪Q3,2026-05-01,2977.0,1405.812255859375,96,7,1,1
PLATFORM_RATING,奥迪Q3,2026-06-01,2877.0,1424.28271484375,98,8,1,1
PLATFORM_RATING,奥迪Q5 e-tron,2026-01-01,0.0,122.00398254394531,78,6,1,1
PLATFORM_RATING,奥迪Q5 e-tron,2026-02-01,0.0,165.19947814941406,78,5,1,1
PLATFORM_RATING,奥迪Q5 e-tron,2026-03-01,0.0,213.37754821777344,78,5,1,1
PLATFORM_RATING,奥迪Q5 e-tron,2026-04-01,0.0,195.73065185546875,79,5,1,1
PLATFORM_RATING,奥迪Q5 e-tron,2026-05-01,0.0,223.74000549316406,79,5,1,1
PLATFORM_RATING,奥迪Q5 e-tron,2026-06-01,0.0,229.05880737304688,80,4,1,1
PLATFORM_RATING,奥迪Q5L,2026-01-01,14190.0,9926.869140625,82,0,1,0
PLATFORM_RATING,奥迪Q5L,2026-02-01,7745.0,7649.6572265625,82,0,1,0
PLATFORM_RATING,奥迪Q5L,2026-03-01,9698.0,7819.212890625,83,1,1,1
PLATFORM_RATING,奥迪Q5L,2026-04-01,7358.0,7006.48046875,83,1,1,1
PLATFORM_RATING,奥迪Q5L,2026-05-01,6272.0,6962.478515625,85,3,1,1
PLATFORM_RATING,奥迪Q5L,2026-06-01,6100.0,6576.6220703125,86,4,1,1
PLATFORM_RATING,威兰达,2026-01-01,4719.0,3425.761474609375,97,0,1,0
PLATFORM_RATING,威兰达,2026-02-01,4886.0,2814.92626953125,98,1,1,1
PLATFORM_RATING,威兰达,2026-03-01,9247.0,2644.074462890625,98,1,1,1
PLATFORM_RATING,威兰达,2026-04-01,5528.0,2490.53662109375,98,1,1,1
PLATFORM_RATING,威兰达,2026-05-01,8056.0,2038.7802734375,98,1,1,1
PLATFORM_RATING,威兰达,2026-06-01,11037.0,1826.10498046875,98,1,1,1
PLATFORM_RATING,威朗,2026-01-01,503.0,741.2987060546875,100,3,1,1
PLATFORM_RATING,威朗,2026-02-01,223.0,628.7494506835938,100,3,1,1
PLATFORM_RATING,威朗,2026-03-01,348.0,645.8164672851562,100,3,1,1
PLATFORM_RATING,威朗,2026-04-01,153.0,562.3501586914062,100,0,1,0
PLATFORM_RATING,威朗,2026-05-01,115.0,543.5499267578125,100,0,1,0
PLATFORM_RATING,威朗,2026-06-01,128.0,561.9248046875,100,0,1,0
PLATFORM_RATING,威然,2026-01-01,432.0,1121.03857421875,167,7,1,1
PLATFORM_RATING,威然,2026-02-01,225.0,916.0628662109375,168,6,1,1
PLATFORM_RATING,威然,2026-03-01,641.0,1091.51513671875,169,6,1,1
PLATFORM_RATING,威然,2026-04-01,193.0,948.4465942382812,171,7,1,1
PLATFORM_RATING,威然,2026-05-01,251.0,888.123779296875,175,11,1,1
PLATFORM_RATING,威然,2026-06-01,160.0,928.3536376953125,176,10,1,1
PLATFORM_RATING,威霆,2026-01-01,347.0,660.80078125,38,3,1,1
PLATFORM_RATING,威霆,2026-02-01,161.0,568.9913330078125,38,3,1,1
PLATFORM_RATING,威霆,2026-03-01,349.0,659.6358032226562,38,2,1,1
PLATFORM_RATING,威霆,2026-04-01,381.0,574.1618041992188,39,3,1,1
PLATFORM_RATING,威霆,2026-05-01,320.0,560.5181884765625,39,2,1,1
PLATFORM_RATING,威霆,2026-06-01,310.0,569.1098022460938,39,1,1,1
PLATFORM_RATING,威飒,2026-01-01,32.0,67.4665298461914,98,3,1,1
PLATFORM_RATING,威飒,2026-02-01,3.0,64.27996826171875,98,3,1,1
PLATFORM_RATING,威飒,2026-03-01,12.0,93.74543762207031,98,3,1,1
PLATFORM_RATING,威飒,2026-04-01,7.0,93.77313995361328,98,3,1,1
PLATFORM_RATING,威飒,2026-05-01,2.0,98.10816955566406,98,2,1,1
PLATFORM_RATING,威飒,2026-06-01,3.0,97.22386932373047,99,2,1,1
PLATFORM_RATING,宋PLUS新能源,2026-01-01,391.0,4415.3349609375,10,10,1,1
PLATFORM_RATING,宋PLUS新能源,2026-02-01,229.0,3411.897216796875,17,17,1,1
PLATFORM_RATING,宋PLUS新能源,2026-03-01,327.0,3387.7802734375,18,17,1,1
PLATFORM_RATING,宋PLUS新能源,2026-04-01,378.0,3082.427978515625,19,13,1,1
PLATFORM_RATING,宋PLUS新能源,2026-05-01,133.0,2761.275390625,20,11,1,1
PLATFORM_RATING,宋PLUS新能源,2026-06-01,40.0,2600.251708984375,20,10,1,1
PLATFORM_RATING,宏光MINIEV,2026-01-01,7133.0,20413.8125,18,18,1,1
PLATFORM_RATING,宏光MINIEV,2026-02-01,4866.0,14718.474609375,18,18,1,1
PLATFORM_RATING,宏光MINIEV,2026-03-01,16806.0,13167.041015625,18,18,1,1
PLATFORM_RATING,宏光MINIEV,2026-04-01,13229.0,10851.0625,18,16,1,1
PLATFORM_RATING,宏光MINIEV,2026-05-01,18308.0,9609.6455078125,18,5,1,1
PLATFORM_RATING,宏光MINIEV,2026-06-01,12457.0,9168.072265625,18,2,1,1
PLATFORM_RATING,宝马3系,2026-01-01,14626.0,10271.41015625,96,9,1,1
PLATFORM_RATING,宝马3系,2026-02-01,9459.0,7771.0712890625,99,11,1,1
PLATFORM_RATING,宝马3系,2026-03-01,11953.0,7909.98388671875,99,9,1,1
PLATFORM_RATING,宝马3系,2026-04-01,9107.0,7402.08984375,99,8,1,1
PLATFORM_RATING,宝马3系,2026-05-01,9754.0,7281.42333984375,100,8,1,1
PLATFORM_RATING,宝马3系,2026-06-01,10549.0,7143.61376953125,100,5,1,1
PLATFORM_RATING,宝马X5,2026-01-01,7852.0,5539.76220703125,62,12,1,1
PLATFORM_RATING,宝马X5,2026-02-01,5283.0,3961.00634765625,71,19,1,1
PLATFORM_RATING,宝马X5,2026-03-01,5276.0,4045.6474609375,76,24,1,1
PLATFORM_RATING,宝马X5,2026-04-01,4280.0,3357.501953125,80,28,1,1
PLATFORM_RATING,宝马X5,2026-05-01,3813.0,3122.409423828125,86,31,1,1
PLATFORM_RATING,宝马X5,2026-06-01,3629.0,2945.27783203125,93,38,1,1
PLATFORM_RATING,宝马i3,2026-01-01,1038.0,1040.7333984375,84,4,1,1
PLATFORM_RATING,宝马i3,2026-02-01,577.0,944.9962768554688,87,7,1,1
PLATFORM_RATING,宝马i3,2026-03-01,1235.0,1050.8275146484375,87,6,1,1
PLATFORM_RATING,宝马i3,2026-04-01,1276.0,948.4465942382812,90,9,1,1
PLATFORM_RATING,宝马i3,2026-05-01,1180.0,888.123779296875,93,10,1,1
PLATFORM_RATING,宝马i3,2026-06-01,1039.0,928.3536376953125,96,13,1,1
PLATFORM_RATING,宝马iX1,2026-01-01,744.0,1061.44384765625,44,9,1,1
PLATFORM_RATING,宝马iX1,2026-02-01,428.0,930.1710205078125,46,9,1,1
PLATFORM_RATING,宝马iX1,2026-03-01,904.0,1122.053466796875,46,9,1,1
PLATFORM_RATING,宝马iX1,2026-04-01,948.0,966.7545776367188,47,9,1,1
PLATFORM_RATING,宝马iX1,2026-05-01,878.0,909.623779296875,47,7,1,1
PLATFORM_RATING,宝马iX1,2026-06-01,736.0,928.3536376953125,48,7,1,1
PLATFORM_RATING,宝马iX3,2026-01-01,14.0,51.20289611816406,9,0,1,0
PLATFORM_RATING,宝马iX3,2026-02-01,18.0,50.57893371582031,9,0,1,0
PLATFORM_RATING,宝马iX3,2026-03-01,97.0,66.46351623535156,9,0,1,0
PLATFORM_RATING,宝马iX3,2026-04-01,16.0,63.87472915649414,9,0,1,0
PLATFORM_RATING,宝马iX3,2026-05-01,14.0,52.3057861328125,10,1,1,1
PLATFORM_RATING,宝马iX3,2026-06-01,8.0,54.4970703125,10,1,1,1
PLATFORM_RATING,小虎FEV,2026-01-01,0.0,1.1675957441329956,5,0,1,0
PLATFORM_RATING,小虎FEV,2026-02-01,0.0,2.030634880065918,5,0,1,0
PLATFORM_RATING,小虎FEV,2026-03-01,0.0,3.2844948768615723,5,0,1,0
PLATFORM_RATING,小虎FEV,2026-04-01,0.0,3.824798583984375,5,0,1,0
PLATFORM_RATING,小虎FEV,2026-05-01,0.0,3.9302735328674316,5,0,1,0
PLATFORM_RATING,小虎FEV,2026-06-01,0.0,3.831977367401123,5,0,1,0
PLATFORM_RATING,小鹏P5,2026-01-01,0.0,0.6222115755081177,10,0,1,0
PLATFORM_RATING,小鹏P5,2026-02-01,0.0,0.8620396256446838,10,0,1,0
PLATFORM_RATING,小鹏P5,2026-03-01,0.0,0.8814214468002319,10,0,1,0
PLATFORM_RATING,小鹏P5,2026-04-01,0.0,0.8814214468002319,10,0,1,0
PLATFORM_RATING,小鹏P5,2026-05-01,0.0,0.6390970349311829,10,0,1,0
PLATFORM_RATING,小鹏P5,2026-06-01,0.0,0.7181878089904785,10,0,1,0
PLATFORM_RATING,岚图梦想家,2026-01-01,3574.0,5877.47314453125,0,0,0,0
PLATFORM_RATING,岚图梦想家,2026-02-01,3980.0,4904.13232421875,0,0,0,0
PLATFORM_RATING,岚图梦想家,2026-03-01,5511.0,4302.5400390625,0,0,0,0
PLATFORM_RATING,岚图梦想家,2026-04-01,6995.0,3677.3564453125,0,0,0,0
PLATFORM_RATING,岚图梦想家,2026-05-01,4954.0,3414.016845703125,0,0,0,0
PLATFORM_RATING,岚图梦想家,2026-06-01,6926.0,3508.39013671875,0,0,0,0
PLATFORM_RATING,帕萨特,2026-01-01,20799.0,13568.3876953125,117,18,1,1
PLATFORM_RATING,帕萨特,2026-02-01,13988.0,10817.5615234375,125,26,1,1
PLATFORM_RATING,帕萨特,2026-03-01,16067.0,10593.7216796875,138,38,1,1
PLATFORM_RATING,帕萨特,2026-04-01,8129.0,8464.0986328125,158,57,1,1
PLATFORM_RATING,帕萨特,2026-05-01,10727.0,7973.71875,168,62,1,1
PLATFORM_RATING,帕萨特,2026-06-01,10330.0,8157.06689453125,178,66,1,1
PLATFORM_RATING,帕萨特新能源,2026-01-01,42.0,1500.02685546875,0,0,0,0
PLATFORM_RATING,帕萨特新能源,2026-02-01,12.0,1106.7587890625,0,0,0,0
PLATFORM_RATING,帕萨特新能源,2026-03-01,87.0,1403.9171142578125,0,0,0,0
PLATFORM_RATING,帕萨特新能源,2026-04-01,189.0,1231.0986328125,0,0,0,0
PLATFORM_RATING,帕萨特新能源,2026-05-01,256.0,1183.2706298828125,0,0,0,0
PLATFORM_RATING,帕萨特新能源,2026-06-01,2914.0,1269.556884765625,0,0,0,0
PLATFORM_RATING,库斯途,2026-01-01,2112.0,1076.7021484375,74,27,1,1
PLATFORM_RATING,库斯途,2026-02-01,1050.0,942.9357299804688,76,26,1,1
PLATFORM_RATING,库斯途,2026-03-01,1722.0,1101.746826171875,80,20,1,1
PLATFORM_RATING,库斯途,2026-04-01,1187.0,964.6466064453125,86,21,1,1
PLATFORM_RATING,库斯途,2026-05-01,1089.0,913.0692749023438,89,20,1,1
PLATFORM_RATING,库斯途,2026-06-01,1141.0,801.1533203125,95,21,1,1
PLATFORM_RATING,护卫舰07,2026-01-01,1.0,11.346270561218262,10,0,1,0
PLATFORM_RATING,护卫舰07,2026-02-01,0.0,11.209678649902344,10,0,1,0
PLATFORM_RATING,护卫舰07,2026-03-01,0.0,12.517534255981445,10,0,1,0
PLATFORM_RATING,护卫舰07,2026-04-01,1.0,11.673791885375977,10,0,1,0
PLATFORM_RATING,护卫舰07,2026-05-01,1.0,10.47506332397461,10,0,1,0
PLATFORM_RATING,护卫舰07,2026-06-01,3.0,11.111098289489746,10,0,1,0
PLATFORM_RATING,捷达VA3,2026-01-01,1848.0,1543.1610107421875,86,1,1,1
PLATFORM_RATING,捷达VA3,2026-02-01,697.0,1282.212646484375,87,2,1,1
PLATFORM_RATING,捷达VA3,2026-03-01,2729.0,1484.6751708984375,88,3,1,1
PLATFORM_RATING,捷达VA3,2026-04-01,2660.0,1339.30517578125,88,2,1,1
PLATFORM_RATING,捷达VA3,2026-05-01,3005.0,1276.916748046875,89,3,1,1
PLATFORM_RATING,捷达VA3,2026-06-01,3060.0,1259.2017822265625,89,3,1,1
PLATFORM_RATING,探岳,2026-01-01,16732.0,10973.884765625,172,5,1,1
PLATFORM_RATING,探岳,2026-02-01,11084.0,8331.5791015625,174,6,1,1
PLATFORM_RATING,探岳,2026-03-01,15897.0,8419.34765625,176,8,1,1
PLATFORM_RATING,探岳,2026-04-01,6667.0,7468.51123046875,179,11,1,1
PLATFORM_RATING,探岳,2026-05-01,11425.0,7503.21875,184,15,1,1
PLATFORM_RATING,探岳,2026-06-01,11664.0,7305.806640625,188,18,1,1
PLATFORM_RATING,探界者,2026-01-01,0.0,13.372708320617676,100,1,1,1
PLATFORM_RATING,探界者,2026-02-01,13.0,10.510555267333984,100,0,1,0
PLATFORM_RATING,探界者,2026-03-01,6.0,10.197362899780273,100,0,1,0
PLATFORM_RATING,探界者,2026-04-01,2.0,11.701179504394531,100,0,1,0
PLATFORM_RATING,探界者,2026-05-01,0.0,10.247313499450684,100,0,1,0
PLATFORM_RATING,探界者,2026-06-01,1.0,10.264708518981934,100,0,1,0
PLATFORM_RATING,揽境,2026-01-01,632.0,631.217529296875,187,16,1,1
PLATFORM_RATING,揽境,2026-02-01,399.0,514.2158813476562,190,19,1,1
PLATFORM_RATING,揽境,2026-03-01,412.0,617.059814453125,191,16,1,1
PLATFORM_RATING,揽境,2026-04-01,516.0,515.7713623046875,192,15,1,1
PLATFORM_RATING,揽境,2026-05-01,713.0,513.0796508789062,193,14,1,1
PLATFORM_RATING,揽境,2026-06-01,436.0,540.0431518554688,196,13,1,1
PLATFORM_RATING,新帝豪,2026-01-01,16805.0,7438.34033203125,0,0,0,0
PLATFORM_RATING,新帝豪,2026-02-01,10505.0,5975.2412109375,0,0,0,0
PLATFORM_RATING,新帝豪,2026-03-01,9278.0,5634.2724609375,0,0,0,0
PLATFORM_RATING,新帝豪,2026-04-01,6055.0,4622.796875,0,0,0,0
PLATFORM_RATING,新帝豪,2026-05-01,6750.0,4167.72802734375,0,0,0,0
PLATFORM_RATING,新帝豪,2026-06-01,7143.0,4217.986328125,0,0,0,0
PLATFORM_RATING,星瑞,2026-01-01,19011.0,7969.33203125,97,3,1,1
PLATFORM_RATING,星瑞,2026-02-01,12409.0,6639.904296875,99,5,1,1
PLATFORM_RATING,星瑞,2026-03-01,10919.0,6801.76025390625,100,6,1,1
PLATFORM_RATING,星瑞,2026-04-01,7427.0,5700.24267578125,100,6,1,1
PLATFORM_RATING,星瑞,2026-05-01,7730.0,5020.6025390625,100,5,1,1
PLATFORM_RATING,星瑞,2026-06-01,8161.0,4399.90087890625,100,4,1,1
PLATFORM_RATING,星越L,2026-01-01,23760.0,7130.46875,94,9,1,1
PLATFORM_RATING,星越L,2026-02-01,10134.0,5912.62744140625,95,9,1,1
PLATFORM_RATING,星越L,2026-03-01,12871.0,5441.9658203125,96,9,1,1
PLATFORM_RATING,星越L,2026-04-01,9046.0,4319.408203125,97,8,1,1
PLATFORM_RATING,星越L,2026-05-01,9528.0,4184.6826171875,97,6,1,1
PLATFORM_RATING,星越L,2026-06-01,11915.0,4206.08544921875,98,6,1,1
PLATFORM_RATING,星途ES,2026-01-01,83.0,306.9669189453125,92,26,1,1
PLATFORM_RATING,星途ES,2026-02-01,14.0,387.3214416503906,93,16,1,1
PLATFORM_RATING,星途ES,2026-03-01,147.0,514.6548461914062,94,13,1,1
PLATFORM_RATING,星途ES,2026-04-01,31.0,448.2847900390625,94,8,1,1
PLATFORM_RATING,星途ES,2026-05-01,259.0,400.7344970703125,96,8,1,1
PLATFORM_RATING,星途ES,2026-06-01,280.0,433.3207702636719,96,4,1,1
PLATFORM_RATING,智跑,2026-01-01,59.0,68.9722900390625,100,0,1,0
PLATFORM_RATING,智跑,2026-02-01,29.0,58.271385192871094,100,0,1,0
PLATFORM_RATING,智跑,2026-03-01,55.0,90.65093994140625,100,0,1,0
PLATFORM_RATING,智跑,2026-04-01,18.0,83.18403625488281,100,0,1,0
PLATFORM_RATING,智跑,2026-05-01,31.0,78.06703186035156,100,0,1,0
PLATFORM_RATING,智跑,2026-06-01,31.0,81.88268280029297,100,0,1,0
PLATFORM_RATING,朗逸,2026-01-01,23481.0,15604.732421875,128,9,1,1
PLATFORM_RATING,朗逸,2026-02-01,16111.0,11778.578125,137,17,1,1
PLATFORM_RATING,朗逸,2026-03-01,19939.0,12144.9931640625,144,22,1,1
PLATFORM_RATING,朗逸,2026-04-01,12457.0,10134.009765625,162,39,1,1
PLATFORM_RATING,朗逸,2026-05-01,13033.0,9589.9599609375,175,51,1,1
PLATFORM_RATING,朗逸,2026-06-01,15444.0,9018.1142578125,186,61,1,1
PLATFORM_RATING,本田HR-V,2026-01-01,2123.0,775.4844360351562,66,2,1,1
PLATFORM_RATING,本田HR-V,2026-02-01,1908.0,727.6077270507812,72,8,1,1
PLATFORM_RATING,本田HR-V,2026-03-01,2480.0,851.1163940429688,81,16,1,1
PLATFORM_RATING,本田HR-V,2026-04-01,1676.0,783.6231689453125,85,20,1,1
PLATFORM_RATING,本田HR-V,2026-05-01,1686.0,748.8934936523438,91,26,1,1
PLATFORM_RATING,本田HR-V,2026-06-01,2282.0,749.7378540039062,96,30,1,1
PLATFORM_RATING,本田XR-V,2026-01-01,298.0,197.13743591308594,99,1,1,1
PLATFORM_RATING,本田XR-V,2026-02-01,200.0,187.13229370117188,99,1,1,1
PLATFORM_RATING,本田XR-V,2026-03-01,594.0,232.78646850585938,100,1,1,1
PLATFORM_RATING,本田XR-V,2026-04-01,451.0,198.15133666992188,100,1,1,1
PLATFORM_RATING,本田XR-V,2026-05-01,236.0,205.19151306152344,100,1,1,1
PLATFORM_RATING,本田XR-V,2026-06-01,34.0,213.81878662109375,100,1,1,1
PLATFORM_RATING,极氪001,2026-01-01,2956.0,3812.943359375,16,16,1,1
PLATFORM_RATING,极氪001,2026-02-01,3205.0,2820.979248046875,16,16,1,1
PLATFORM_RATING,极氪001,2026-03-01,2854.0,2534.931884765625,16,16,1,1
PLATFORM_RATING,极氪001,2026-04-01,2267.0,2341.613037109375,16,16,1,1
PLATFORM_RATING,极氪001,2026-05-01,1876.0,2063.392333984375,16,14,1,1
PLATFORM_RATING,极氪001,2026-06-01,1844.0,1591.356201171875,16,1,1,1
PLATFORM_RATING,极氪009,2026-01-01,576.0,1034.0938720703125,17,12,1,1
PLATFORM_RATING,极氪009,2026-02-01,927.0,856.2109375,17,12,1,1
PLATFORM_RATING,极氪009,2026-03-01,721.0,985.9971313476562,17,12,1,1
PLATFORM_RATING,极氪009,2026-04-01,483.0,871.1494750976562,17,12,1,1
PLATFORM_RATING,极氪009,2026-05-01,1536.0,798.5298461914062,17,12,1,1
PLATFORM_RATING,极氪009,2026-06-01,2843.0,713.9636840820312,17,11,1,1
PLATFORM_RATING,林肯Z,2026-01-01,1308.0,1078.9161376953125,69,33,1,1
PLATFORM_RATING,林肯Z,2026-02-01,713.0,930.1710205078125,74,36,1,1
PLATFORM_RATING,林肯Z,2026-03-01,1280.0,1097.590087890625,78,34,1,1
PLATFORM_RATING,林肯Z,2026-04-01,732.0,966.7545776367188,85,35,1,1
PLATFORM_RATING,林肯Z,2026-05-01,737.0,909.623779296875,92,33,1,1
PLATFORM_RATING,林肯Z,2026-06-01,713.0,928.3536376953125,96,31,1,1
PLATFORM_RATING,标致408,2026-01-01,1494.0,431.2767639160156,96,7,1,1
PLATFORM_RATING,标致408,2026-02-01,685.0,361.3473815917969,96,6,1,1
PLATFORM_RATING,标致408,2026-03-01,478.0,445.6544189453125,96,5,1,1
PLATFORM_RATING,标致408,2026-04-01,453.0,419.7751159667969,96,4,1,1
PLATFORM_RATING,标致408,2026-05-01,822.0,391.9736328125,96,1,1,1
PLATFORM_RATING,标致408,2026-06-01,527.0,382.3088684082031,96,1,1,1
PLATFORM_RATING,标致508,2026-01-01,136.0,162.95823669433594,1,1,1,1
PLATFORM_RATING,标致508,2026-02-01,108.0,148.848876953125,2,2,1,1
PLATFORM_RATING,标致508,2026-03-01,219.0,200.1367645263672,3,3,1,1
PLATFORM_RATING,标致508,2026-04-01,78.0,184.84652709960938,4,3,1,1
PLATFORM_RATING,标致508,2026-05-01,100.0,198.29782104492188,7,6,1,1
PLATFORM_RATING,标致508,2026-06-01,78.0,188.7627716064453,10,9,1,1
PLATFORM_RATING,格瑞维亚,2026-01-01,5068.0,5921.79931640625,65,15,1,1
PLATFORM_RATING,格瑞维亚,2026-02-01,1472.0,4462.26123046875,70,20,1,1
PLATFORM_RATING,格瑞维亚,2026-03-01,4329.0,4420.8095703125,75,25,1,1
PLATFORM_RATING,格瑞维亚,2026-04-01,2559.0,3774.737548828125,82,29,1,1
PLATFORM_RATING,格瑞维亚,2026-05-01,2563.0,3480.46875,87,31,1,1
PLATFORM_RATING,格瑞维亚,2026-06-01,2076.0,3519.25048828125,93,33,1,1
PLATFORM_RATING,欧拉好猫,2026-01-01,502.0,1697.3917236328125,71,13,1,1
PLATFORM_RATING,欧拉好猫,2026-02-01,218.0,1336.3218994140625,74,14,1,1
PLATFORM_RATING,欧拉好猫,2026-03-01,784.0,1505.6539306640625,78,16,1,1
PLATFORM_RATING,欧拉好猫,2026-04-01,1125.0,1354.511474609375,80,17,1,1
PLATFORM_RATING,欧拉好猫,2026-05-01,1112.0,1308.83837890625,86,21,1,1
PLATFORM_RATING,欧拉好猫,2026-06-01,1016.0,1273.335693359375,91,22,1,1
PLATFORM_RATING,欧拉闪电猫,2026-01-01,0.0,20.631349563598633,100,0,1,0
PLATFORM_RATING,欧拉闪电猫,2026-02-01,0.0,21.903892517089844,100,0,1,0
PLATFORM_RATING,欧拉闪电猫,2026-03-01,0.0,31.03318214416504,100,0,1,0
PLATFORM_RATING,欧拉闪电猫,2026-04-01,0.0,30.92729949951172,100,0,1,0
PLATFORM_RATING,欧拉闪电猫,2026-05-01,0.0,30.38504409790039,100,0,1,0
PLATFORM_RATING,欧拉闪电猫,2026-06-01,0.0,30.675886154174805,100,0,1,0
PLATFORM_RATING,欧诺S,2026-01-01,564.0,467.1237487792969,32,8,1,1
PLATFORM_RATING,欧诺S,2026-02-01,440.0,403.05755615234375,32,8,1,1
PLATFORM_RATING,欧诺S,2026-03-01,677.0,502.1011962890625,33,8,1,1
PLATFORM_RATING,欧诺S,2026-04-01,576.0,432.969482421875,34,7,1,1
PLATFORM_RATING,欧诺S,2026-05-01,531.0,405.477783203125,35,6,1,1
PLATFORM_RATING,欧诺S,2026-06-01,350.0,435.9158020019531,35,4,1,1
PLATFORM_RATING,汉,2026-01-01,2147.0,6543.72802734375,10,10,1,1
PLATFORM_RATING,汉,2026-02-01,1962.0,5638.9228515625,10,10,1,1
PLATFORM_RATING,汉,2026-03-01,3661.0,5119.22021484375,10,10,1,1
PLATFORM_RATING,汉,2026-04-01,2834.0,3972.80517578125,10,6,1,1
PLATFORM_RATING,汉,2026-05-01,3390.0,3775.551513671875,10,4,1,1
PLATFORM_RATING,汉,2026-06-01,3285.0,2248.92529296875,10,1,1,1
PLATFORM_RATING,沃尔沃S90,2026-01-01,2157.0,1514.8250732421875,94,1,1,1
PLATFORM_RATING,沃尔沃S90,2026-02-01,504.0,1161.4102783203125,97,4,1,1
PLATFORM_RATING,沃尔沃S90,2026-03-01,1775.0,1496.3446044921875,97,4,1,1
PLATFORM_RATING,沃尔沃S90,2026-04-01,428.0,1266.2750244140625,97,4,1,1
PLATFORM_RATING,沃尔沃S90,2026-05-01,397.0,1185.8558349609375,97,3,1,1
PLATFORM_RATING,沃尔沃S90,2026-06-01,510.0,1272.3304443359375,98,4,1,1
PLATFORM_RATING,沃尔沃S90新能源,2026-01-01,28.0,197.9606475830078,0,0,0,0
PLATFORM_RATING,沃尔沃S90新能源,2026-02-01,18.0,197.9606475830078,0,0,0,0
PLATFORM_RATING,沃尔沃S90新能源,2026-03-01,63.0,275.8033142089844,0,0,0,0
PLATFORM_RATING,沃尔沃S90新能源,2026-04-01,15.0,259.0109558105469,0,0,0,0
PLATFORM_RATING,沃尔沃S90新能源,2026-05-01,11.0,259.0109558105469,0,0,0,0
PLATFORM_RATING,沃尔沃S90新能源,2026-06-01,7.0,265.1646423339844,0,0,0,0
PLATFORM_RATING,海豚,2026-01-01,5699.0,11710.1044921875,86,18,1,1
PLATFORM_RATING,海豚,2026-02-01,6081.0,9010.7724609375,90,19,1,1
PLATFORM_RATING,海豚,2026-03-01,17291.0,9196.1494140625,92,19,1,1
PLATFORM_RATING,海豚,2026-04-01,14218.0,7610.3515625,94,18,1,1
PLATFORM_RATING,海豚,2026-05-01,12819.0,7740.5419921875,96,16,1,1
PLATFORM_RATING,海豚,2026-06-01,13005.0,7526.44921875,97,13,1,1
PLATFORM_RATING,海豹07DM-i,2026-01-01,238.0,551.5482788085938,2,2,1,1
PLATFORM_RATING,海豹07DM-i,2026-02-01,277.0,436.46929931640625,9,9,1,1
PLATFORM_RATING,海豹07DM-i,2026-03-01,432.0,525.0559692382812,9,9,1,1
PLATFORM_RATING,海豹07DM-i,2026-04-01,628.0,438.5921630859375,9,9,1,1
PLATFORM_RATING,海豹07DM-i,2026-05-01,615.0,405.3713684082031,9,9,1,1
PLATFORM_RATING,海豹07DM-i,2026-06-01,777.0,426.4779968261719,9,9,1,1
PLATFORM_RATING,深蓝SL03,2026-01-01,564.0,279.35546875,97,4,1,1
PLATFORM_RATING,深蓝SL03,2026-02-01,544.0,179.05709838867188,97,4,1,1
PLATFORM_RATING,深蓝SL03,2026-03-01,335.0,275.4783020019531,97,3,1,1
PLATFORM_RATING,深蓝SL03,2026-04-01,120.0,167.2571563720703,98,4,1,1
PLATFORM_RATING,深蓝SL03,2026-05-01,7.0,213.55140686035156,99,5,1,1
PLATFORM_RATING,深蓝SL03,2026-06-01,5.0,188.91439819335938,99,4,1,1
PLATFORM_RATING,焕驰,2026-01-01,1.0,4.326676845550537,54,3,1,1
PLATFORM_RATING,焕驰,2026-02-01,0.0,12.019158363342285,54,3,1,1
PLATFORM_RATING,焕驰,2026-03-01,1.0,12.894831657409668,54,3,1,1
PLATFORM_RATING,焕驰,2026-04-01,2.0,11.69466781616211,54,2,1,1
PLATFORM_RATING,焕驰,2026-05-01,0.0,12.283445358276367,54,2,1,1
PLATFORM_RATING,焕驰,2026-06-01,6.0,11.126961708068848,54,0,1,0
PLATFORM_RATING,瑞虎3x,2026-01-01,950.0,1017.7877197265625,93,11,1,1
PLATFORM_RATING,瑞虎3x,2026-02-01,811.0,917.498779296875,96,12,1,1
PLATFORM_RATING,瑞虎3x,2026-03-01,850.0,971.3143920898438,97,13,1,1
PLATFORM_RATING,瑞虎3x,2026-04-01,560.0,883.1990966796875,98,8,1,1
PLATFORM_RATING,瑞虎3x,2026-05-01,719.0,870.7748413085938,98,7,1,1
PLATFORM_RATING,瑞虎3x,2026-06-01,639.0,900.8408813476562,98,6,1,1
PLATFORM_RATING,瑞虎7,2026-01-01,2982.0,2239.77099609375,91,2,1,1
PLATFORM_RATING,瑞虎7,2026-02-01,2890.0,1777.5833740234375,92,3,1,1
PLATFORM_RATING,瑞虎7,2026-03-01,1685.0,1873.88671875,95,6,1,1
PLATFORM_RATING,瑞虎7,2026-04-01,1521.0,1629.9957275390625,95,6,1,1
PLATFORM_RATING,瑞虎7,2026-05-01,2293.0,1591.259765625,96,7,1,1
PLATFORM_RATING,瑞虎7,2026-06-01,1994.0,1571.942626953125,98,7,1,1
PLATFORM_RATING,瑞虎8,2026-01-01,15705.0,11240.126953125,67,7,1,1
PLATFORM_RATING,瑞虎8,2026-02-01,13488.0,9290.0107421875,69,9,1,1
PLATFORM_RATING,瑞虎8,2026-03-01,9334.0,8920.2421875,70,9,1,1
PLATFORM_RATING,瑞虎8,2026-04-01,5859.0,7610.3515625,71,10,1,1
PLATFORM_RATING,瑞虎8,2026-05-01,7099.0,7800.8134765625,74,13,1,1
PLATFORM_RATING,瑞虎8,2026-06-01,9835.0,7618.5947265625,81,17,1,1
PLATFORM_RATING,瑞虎9,2026-01-01,5857.0,4146.44140625,52,29,1,1
PLATFORM_RATING,瑞虎9,2026-02-01,4592.0,2974.733154296875,53,26,1,1
PLATFORM_RATING,瑞虎9,2026-03-01,3377.0,2722.497802734375,59,32,1,1
PLATFORM_RATING,瑞虎9,2026-04-01,3011.0,2454.1123046875,63,32,1,1
PLATFORM_RATING,瑞虎9,2026-05-01,3580.0,2096.822021484375,68,35,1,1
PLATFORM_RATING,瑞虎9,2026-06-01,3852.0,1928.5635986328125,75,32,1,1
PLATFORM_RATING,瑞风E3,2026-01-01,96.0,127.42930603027344,10,1,1,1
PLATFORM_RATING,瑞风E3,2026-02-01,50.0,130.00094604492188,10,0,1,0
PLATFORM_RATING,瑞风E3,2026-03-01,125.0,156.8498992919922,10,0,1,0
PLATFORM_RATING,瑞风E3,2026-04-01,178.0,164.2085723876953,10,0,1,0
PLATFORM_RATING,瑞风E3,2026-05-01,248.0,171.46554565429688,10,0,1,0
PLATFORM_RATING,瑞风E3,2026-06-01,269.0,185.09988403320312,10,0,1,0
PLATFORM_RATING,皇冠陆放,2026-01-01,5894.0,5629.0029296875,65,7,1,1
PLATFORM_RATING,皇冠陆放,2026-02-01,1918.0,4023.744384765625,71,13,1,1
PLATFORM_RATING,皇冠陆放,2026-03-01,5027.0,4253.20947265625,76,18,1,1
PLATFORM_RATING,皇冠陆放,2026-04-01,2847.0,3604.105712890625,84,26,1,1
PLATFORM_RATING,皇冠陆放,2026-05-01,2494.0,3191.4970703125,88,29,1,1
PLATFORM_RATING,皇冠陆放,2026-06-01,2807.0,3097.33447265625,92,28,1,1
PLATFORM_RATING,皓影新能源,2026-01-01,71.0,188.14549255371094,10,1,1,1
PLATFORM_RATING,皓影新能源,2026-02-01,73.0,174.29119873046875,10,1,1,1
PLATFORM_RATING,皓影新能源,2026-03-01,122.0,251.08229064941406,10,1,1,1
PLATFORM_RATING,皓影新能源,2026-04-01,51.0,203.63229370117188,10,1,1,1
PLATFORM_RATING,皓影新能源,2026-05-01,20.0,214.6790008544922,10,0,1,0
PLATFORM_RATING,皓影新能源,2026-06-01,67.0,227.9303436279297,10,0,1,0
PLATFORM_RATING,福瑞迪,2026-01-01,958.0,215.66578674316406,10,0,1,0
PLATFORM_RATING,福瑞迪,2026-02-01,271.0,186.04940795898438,10,0,1,0
PLATFORM_RATING,福瑞迪,2026-03-01,1124.0,248.9535369873047,10,0,1,0
PLATFORM_RATING,福瑞迪,2026-04-01,134.0,189.62588500976562,10,0,1,0
PLATFORM_RATING,福瑞迪,2026-05-01,858.0,221.6307830810547,10,0,1,0
PLATFORM_RATING,福瑞迪,2026-06-01,408.0,233.33827209472656,10,0,1,0
PLATFORM_RATING,秦PLUS,2026-01-01,6983.0,23413.939453125,15,15,1,1
PLATFORM_RATING,秦PLUS,2026-02-01,6098.0,17756.259765625,15,15,1,1
PLATFORM_RATING,秦PLUS,2026-03-01,15363.0,14276.65625,15,15,1,1
PLATFORM_RATING,秦PLUS,2026-04-01,13228.0,12553.2998046875,15,15,1,1
PLATFORM_RATING,秦PLUS,2026-05-01,12971.0,11169.6376953125,15,9,1,1
PLATFORM_RATING,秦PLUS,2026-06-01,13726.0,10954.2568359375,15,0,1,0
PLATFORM_RATING,秦新能源,2026-01-01,58.0,1170.9774169921875,9,0,1,0
PLATFORM_RATING,秦新能源,2026-02-01,28.0,914.3297729492188,9,0,1,0
PLATFORM_RATING,秦新能源,2026-03-01,85.0,1073.905029296875,9,0,1,0
PLATFORM_RATING,秦新能源,2026-04-01,149.0,933.6799926757812,9,0,1,0
PLATFORM_RATING,秦新能源,2026-05-01,59.0,865.4329833984375,9,0,1,0
PLATFORM_RATING,秦新能源,2026-06-01,23.0,881.5630493164062,10,1,1,1
PLATFORM_RATING,红旗E-HS9,2026-01-01,0.0,17.191787719726562,99,1,1,1
PLATFORM_RATING,红旗E-HS9,2026-02-01,0.0,21.22791862487793,99,1,1,1
PLATFORM_RATING,红旗E-HS9,2026-03-01,0.0,40.11972427368164,99,1,1,1
PLATFORM_RATING,红旗E-HS9,2026-04-01,0.0,46.68674850463867,99,1,1,1
PLATFORM_RATING,红旗E-HS9,2026-05-01,0.0,44.84162139892578,99,0,1,0
PLATFORM_RATING,红旗E-HS9,2026-06-01,0.0,54.18136978149414,99,0,1,0
PLATFORM_RATING,红旗E-QM5,2026-01-01,2549.0,4542.931640625,86,10,1,1
PLATFORM_RATING,红旗E-QM5,2026-02-01,2327.0,3267.5478515625,90,13,1,1
PLATFORM_RATING,红旗E-QM5,2026-03-01,1813.0,3393.048828125,91,14,1,1
PLATFORM_RATING,红旗E-QM5,2026-04-01,2166.0,3091.622314453125,91,13,1,1
PLATFORM_RATING,红旗E-QM5,2026-05-01,5293.0,2665.183837890625,92,14,1,1
PLATFORM_RATING,红旗E-QM5,2026-06-01,2277.0,2615.0830078125,96,13,1,1
PLATFORM_RATING,红旗H9,2026-01-01,494.0,730.3478393554688,96,2,1,1
PLATFORM_RATING,红旗H9,2026-02-01,371.0,628.4381103515625,96,2,1,1
PLATFORM_RATING,红旗H9,2026-03-01,507.0,714.3231201171875,96,2,1,1
PLATFORM_RATING,红旗H9,2026-04-01,431.0,652.754150390625,97,2,1,1
PLATFORM_RATING,红旗H9,2026-05-01,365.0,576.9071044921875,99,4,1,1
PLATFORM_RATING,红旗H9,2026-06-01,488.0,590.8219604492188,99,3,1,1
PLATFORM_RATING,红旗国耀,2026-01-01,5.0,8.681485176086426,0,0,0,0
PLATFORM_RATING,红旗国耀,2026-02-01,3.0,9.106264114379883,0,0,0,0
PLATFORM_RATING,红旗国耀,2026-03-01,3.0,8.915947914123535,0,0,0,0
PLATFORM_RATING,红旗国耀,2026-04-01,4.0,9.69499683380127,0,0,0,0
PLATFORM_RATING,红旗国耀,2026-05-01,3.0,8.749531745910645,0,0,0,0
PLATFORM_RATING,红旗国耀,2026-06-01,8.0,8.698410034179688,0,0,0,0
PLATFORM_RATING,缤智,2026-01-01,510.0,464.0867004394531,96,0,1,0
PLATFORM_RATING,缤智,2026-02-01,552.0,400.3603820800781,96,0,1,0
PLATFORM_RATING,缤智,2026-03-01,934.0,460.99774169921875,98,2,1,1
PLATFORM_RATING,缤智,2026-04-01,369.0,370.8304443359375,98,2,1,1
PLATFORM_RATING,缤智,2026-05-01,314.0,318.32537841796875,99,3,1,1
PLATFORM_RATING,缤智,2026-06-01,396.0,341.604248046875,100,4,1,1
PLATFORM_RATING,缤越,2026-01-01,8233.0,8707.3837890625,80,21,1,1
PLATFORM_RATING,缤越,2026-02-01,6834.0,6939.04931640625,84,20,1,1
PLATFORM_RATING,缤越,2026-03-01,12218.0,7169.12841796875,86,18,1,1
PLATFORM_RATING,缤越,2026-04-01,14923.0,6363.0849609375,87,18,1,1
PLATFORM_RATING,缤越,2026-05-01,12841.0,5690.53466796875,89,15,1,1
PLATFORM_RATING,缤越,2026-06-01,11310.0,5302.6875,92,13,1,1
PLATFORM_RATING,腾势D9,2026-01-01,2904.0,5263.87841796875,0,0,0,0
PLATFORM_RATING,腾势D9,2026-02-01,3121.0,3579.5693359375,0,0,0,0
PLATFORM_RATING,腾势D9,2026-03-01,4307.0,3900.220947265625,0,0,0,0
PLATFORM_RATING,腾势D9,2026-04-01,4797.0,3337.151611328125,0,0,0,0
PLATFORM_RATING,腾势D9,2026-05-01,6145.0,3088.359130859375,0,0,0,0
PLATFORM_RATING,腾势D9,2026-06-01,6952.0,2937.15771484375,0,0,0,0
PLATFORM_RATING,艾力绅,2026-01-01,423.0,328.095703125,95,0,1,0
PLATFORM_RATING,艾力绅,2026-02-01,192.0,296.95184326171875,96,1,1,1
PLATFORM_RATING,艾力绅,2026-03-01,379.0,361.14495849609375,97,2,1,1
PLATFORM_RATING,艾力绅,2026-04-01,229.0,336.3882141113281,97,2,1,1
PLATFORM_RATING,艾力绅,2026-05-01,269.0,322.42767333984375,97,2,1,1
PLATFORM_RATING,艾力绅,2026-06-01,247.0,326.2215576171875,97,2,1,1
PLATFORM_RATING,艾瑞泽8,2026-01-01,12478.0,11206.1630859375,84,24,1,1
PLATFORM_RATING,艾瑞泽8,2026-02-01,12130.0,9290.0107421875,84,18,1,1
PLATFORM_RATING,艾瑞泽8,2026-03-01,7536.0,9078.7587890625,84,16,1,1
PLATFORM_RATING,艾瑞泽8,2026-04-01,5344.0,7610.3515625,84,16,1,1
PLATFORM_RATING,艾瑞泽8,2026-05-01,5775.0,7824.45751953125,84,9,1,1
PLATFORM_RATING,艾瑞泽8,2026-06-01,7127.0,7618.5947265625,84,4,1,1
PLATFORM_RATING,英仕派,2026-01-01,4960.0,3566.201904296875,89,13,1,1
PLATFORM_RATING,英仕派,2026-02-01,2796.0,2514.768798828125,90,14,1,1
PLATFORM_RATING,英仕派,2026-03-01,2026.0,2292.36474609375,90,14,1,1
PLATFORM_RATING,英仕派,2026-04-01,1729.0,2099.18310546875,91,13,1,1
PLATFORM_RATING,英仕派,2026-05-01,2086.0,1821.1170654296875,94,11,1,1
PLATFORM_RATING,英仕派,2026-06-01,2481.0,1715.737060546875,95,6,1,1
PLATFORM_RATING,荣威i5,2026-01-01,5900.0,3770.99462890625,82,8,1,1
PLATFORM_RATING,荣威i5,2026-02-01,4163.0,3006.01513671875,82,8,1,1
PLATFORM_RATING,荣威i5,2026-03-01,5946.0,2891.287109375,84,9,1,1
PLATFORM_RATING,荣威i5,2026-04-01,6547.0,2589.206298828125,87,11,1,1
PLATFORM_RATING,荣威i5,2026-05-01,2416.0,2423.709716796875,90,11,1,1
PLATFORM_RATING,荣威i5,2026-06-01,247.0,2192.751708984375,96,16,1,1
PLATFORM_RATING,荣威i6 MAX新能源,2026-01-01,0.0,184.82525634765625,10,1,1,1
PLATFORM_RATING,荣威i6 MAX新能源,2026-02-01,0.0,162.60601806640625,10,1,1,1
PLATFORM_RATING,荣威i6 MAX新能源,2026-03-01,0.0,200.03713989257812,10,1,1,1
PLATFORM_RATING,荣威i6 MAX新能源,2026-04-01,17.0,185.4294891357422,10,0,1,0
PLATFORM_RATING,荣威i6 MAX新能源,2026-05-01,9.0,222.36448669433594,10,0,1,0
PLATFORM_RATING,荣威i6 MAX新能源,2026-06-01,5.0,209.40380859375,10,0,1,0
PLATFORM_RATING,菱智,2026-01-01,1050.0,454.3253479003906,41,5,1,1
PLATFORM_RATING,菱智,2026-02-01,650.0,419.37322998046875,42,5,1,1
PLATFORM_RATING,菱智,2026-03-01,899.0,534.959716796875,43,5,1,1
PLATFORM_RATING,菱智,2026-04-01,1252.0,524.2295532226562,44,5,1,1
PLATFORM_RATING,菱智,2026-05-01,688.0,543.2039184570312,44,4,1,1
PLATFORM_RATING,菱智,2026-06-01,932.0,553.0910034179688,45,4,1,1
PLATFORM_RATING,蒙迪欧,2026-01-01,3453.0,2469.81201171875,89,6,1,1
PLATFORM_RATING,蒙迪欧,2026-02-01,2375.0,1750.0841064453125,89,4,1,1
PLATFORM_RATING,蒙迪欧,2026-03-01,2261.0,1898.53173828125,89,4,1,1
PLATFORM_RATING,蒙迪欧,2026-04-01,1355.0,1623.039794921875,89,3,1,1
PLATFORM_RATING,蒙迪欧,2026-05-01,1445.0,1584.46923828125,89,2,1,1
PLATFORM_RATING,蒙迪欧,2026-06-01,1803.0,1536.5711669921875,89,0,1,0
PLATFORM_RATING,蔚来ET5,2026-01-01,447.0,898.5839233398438,100,7,1,1
PLATFORM_RATING,蔚来ET5,2026-02-01,482.0,815.0676879882812,100,6,1,1
PLATFORM_RATING,蔚来ET5,2026-03-01,959.0,967.3103637695312,100,6,1,1
PLATFORM_RATING,蔚来ET5,2026-04-01,810.0,889.7554321289062,100,6,1,1
PLATFORM_RATING,蔚来ET5,2026-05-01,700.0,830.1650390625,100,6,1,1
PLATFORM_RATING,蔚来ET5,2026-06-01,610.0,862.7574462890625,100,0,1,0
PLATFORM_RATING,蔚来ET7,2026-01-01,15.0,46.5554313659668,99,1,1,1
PLATFORM_RATING,蔚来ET7,2026-02-01,20.0,49.450965881347656,99,1,1,1
PLATFORM_RATING,蔚来ET7,2026-03-01,17.0,64.70267486572266,99,1,1,1
PLATFORM_RATING,蔚来ET7,2026-04-01,22.0,66.9151611328125,99,0,1,0
PLATFORM_RATING,蔚来ET7,2026-05-01,11.0,68.9144287109375,99,0,1,0
PLATFORM_RATING,蔚来ET7,2026-06-01,11.0,74.84537506103516,99,0,1,0
PLATFORM_RATING,赛图斯,2026-01-01,1138.0,1792.7523193359375,23,16,1,1
PLATFORM_RATING,赛图斯,2026-02-01,695.0,1415.7843017578125,23,16,1,1
PLATFORM_RATING,赛图斯,2026-03-01,1234.0,1681.4825439453125,23,14,1,1
PLATFORM_RATING,赛图斯,2026-04-01,1717.0,1451.5244140625,24,15,1,1
PLATFORM_RATING,赛图斯,2026-05-01,1926.0,1377.17333984375,25,15,1,1
PLATFORM_RATING,赛图斯,2026-06-01,2067.0,1334.56689453125,25,14,1,1
PLATFORM_RATING,赛那SIENNA,2026-01-01,9133.0,6219.658203125,9,9,1,1
PLATFORM_RATING,赛那SIENNA,2026-02-01,5086.0,4633.35693359375,9,9,1,1
PLATFORM_RATING,赛那SIENNA,2026-03-01,7738.0,4404.48193359375,9,9,1,1
PLATFORM_RATING,赛那SIENNA,2026-04-01,6542.0,3763.085205078125,9,9,1,1
PLATFORM_RATING,赛那SIENNA,2026-05-01,7479.0,3512.86767578125,9,6,1,1
PLATFORM_RATING,赛那SIENNA,2026-06-01,6037.0,3472.0556640625,9,3,1,1
PLATFORM_RATING,起亚K3,2026-01-01,994.0,495.05364990234375,93,1,1,1
PLATFORM_RATING,起亚K3,2026-02-01,736.0,381.2362060546875,93,1,1,1
PLATFORM_RATING,起亚K3,2026-03-01,563.0,449.92303466796875,95,3,1,1
PLATFORM_RATING,起亚K3,2026-04-01,1137.0,416.5577697753906,96,3,1,1
PLATFORM_RATING,起亚K3,2026-05-01,980.0,397.26678466796875,98,5,1,1
PLATFORM_RATING,起亚K3,2026-06-01,1326.0,432.5750427246094,98,5,1,1
PLATFORM_RATING,起亚KX3傲跑,2026-01-01,0.0,0.6360567808151245,10,0,1,0
PLATFORM_RATING,起亚KX3傲跑,2026-02-01,0.0,0.6047036647796631,10,0,1,0
PLATFORM_RATING,起亚KX3傲跑,2026-03-01,0.0,0.6214068531990051,10,0,1,0
PLATFORM_RATING,起亚KX3傲跑,2026-04-01,0.0,0.6214068531990051,10,0,1,0
PLATFORM_RATING,起亚KX3傲跑,2026-05-01,0.0,0.6530863642692566,10,0,1,0
PLATFORM_RATING,起亚KX3傲跑,2026-06-01,0.0,0.6201278567314148,10,0,1,0
PLATFORM_RATING,轩逸,2026-01-01,24209.0,18333.447265625,77,6,1,1
PLATFORM_RATING,轩逸,2026-02-01,8998.0,13128.919921875,78,6,1,1
PLATFORM_RATING,轩逸,2026-03-01,28093.0,12977.412109375,82,9,1,1
PLATFORM_RATING,轩逸,2026-04-01,10564.0,10507.9755859375,87,14,1,1
PLATFORM_RATING,轩逸,2026-05-01,12936.0,9696.1416015625,92,19,1,1
PLATFORM_RATING,轩逸,2026-06-01,10329.0,9095.234375,95,19,1,1
PLATFORM_RATING,迈腾,2026-01-01,19306.0,13011.716796875,101,22,1,1
PLATFORM_RATING,迈腾,2026-02-01,11232.0,9893.767578125,113,33,1,1
PLATFORM_RATING,迈腾,2026-03-01,13048.0,9845.7119140625,124,44,1,1
PLATFORM_RATING,迈腾,2026-04-01,8124.0,8244.22265625,148,65,1,1
PLATFORM_RATING,迈腾,2026-05-01,12170.0,7850.6064453125,165,80,1,1
PLATFORM_RATING,迈腾,2026-06-01,12896.0,8106.3427734375,179,86,1,1
PLATFORM_RATING,迈腾PHEV,2026-01-01,0.0,2.852766513824463,161,3,1,1
PLATFORM_RATING,迈腾PHEV,2026-02-01,0.0,4.60600471496582,162,2,1,1
PLATFORM_RATING,迈腾PHEV,2026-03-01,0.0,8.267642974853516,162,2,1,1
PLATFORM_RATING,迈腾PHEV,2026-04-01,0.0,14.748300552368164,163,3,1,1
PLATFORM_RATING,迈腾PHEV,2026-05-01,0.0,14.184362411499023,163,2,1,1
PLATFORM_RATING,迈腾PHEV,2026-06-01,118.0,17.93340301513672,165,4,1,1
PLATFORM_RATING,迈锐宝XL,2026-01-01,7.0,152.798828125,10,1,1,1
PLATFORM_RATING,迈锐宝XL,2026-02-01,356.0,151.74720764160156,10,1,1,1
PLATFORM_RATING,迈锐宝XL,2026-03-01,1888.0,194.73245239257812,10,1,1,1
PLATFORM_RATING,迈锐宝XL,2026-04-01,7.0,182.97605895996094,10,1,1,1
PLATFORM_RATING,迈锐宝XL,2026-05-01,2.0,199.78738403320312,10,1,1,1
PLATFORM_RATING,迈锐宝XL,2026-06-01,2.0,204.5351104736328,10,0,1,0
PLATFORM_RATING,途昂,2026-01-01,2564.0,2338.293212890625,180,13,1,1
PLATFORM_RATING,途昂,2026-02-01,1337.0,1742.16650390625,183,15,1,1
PLATFORM_RATING,途昂,2026-03-01,2285.0,1921.0758056640625,184,12,1,1
PLATFORM_RATING,途昂,2026-04-01,2215.0,1622.57763671875,187,12,1,1
PLATFORM_RATING,途昂,2026-05-01,1230.0,1596.93994140625,190,14,1,1
PLATFORM_RATING,途昂,2026-06-01,1907.0,1545.72119140625,193,14,1,1
PLATFORM_RATING,途观L,2026-01-01,21330.0,13789.134765625,134,40,1,1
PLATFORM_RATING,途观L,2026-02-01,12477.0,10066.279296875,138,43,1,1
PLATFORM_RATING,途观L,2026-03-01,14581.0,10235.6171875,151,56,1,1
PLATFORM_RATING,途观L,2026-04-01,9109.0,8219.310546875,163,59,1,1
PLATFORM_RATING,途观L,2026-05-01,12503.0,7917.74365234375,176,54,1,1
PLATFORM_RATING,途观L,2026-06-01,12806.0,8133.43408203125,188,60,1,1
PLATFORM_RATING,速腾,2026-01-01,25316.0,16622.30859375,150,16,1,1
PLATFORM_RATING,速腾,2026-02-01,13803.0,12270.283203125,150,16,1,1
PLATFORM_RATING,速腾,2026-03-01,16891.0,13106.0625,154,20,1,1
PLATFORM_RATING,速腾,2026-04-01,9806.0,10466.9248046875,164,21,1,1
PLATFORM_RATING,速腾,2026-05-01,9554.0,8841.63671875,168,23,1,1
PLATFORM_RATING,速腾,2026-06-01,9221.0,7476.857421875,180,33,1,1
PLATFORM_RATING,逸动,2026-01-01,13895.0,10776.0732421875,95,8,1,1
PLATFORM_RATING,逸动,2026-02-01,11118.0,8953.912109375,95,6,1,1
PLATFORM_RATING,逸动,2026-03-01,11212.0,8879.455078125,96,4,1,1
PLATFORM_RATING,逸动,2026-04-01,7193.0,7633.41845703125,96,3,1,1
PLATFORM_RATING,逸动,2026-05-01,7304.0,7824.45751953125,96,2,1,1
PLATFORM_RATING,逸动,2026-06-01,7912.0,7585.0537109375,96,2,1,1
PLATFORM_RATING,铂智4X,2026-01-01,0.0,69.0659408569336,6,0,1,0
PLATFORM_RATING,铂智4X,2026-02-01,1.0,64.25995635986328,6,0,1,0
PLATFORM_RATING,铂智4X,2026-03-01,41.0,91.4764175415039,6,0,1,0
PLATFORM_RATING,铂智4X,2026-04-01,93.0,88.18987274169922,6,0,1,0
PLATFORM_RATING,铂智4X,2026-05-01,88.0,90.7888412475586,6,0,1,0
PLATFORM_RATING,铂智4X,2026-06-01,110.0,90.93080139160156,6,0,1,0
PLATFORM_RATING,锋兰达,2026-01-01,18629.0,12206.8427734375,20,14,1,1
PLATFORM_RATING,锋兰达,2026-02-01,12043.0,9324.7119140625,28,21,1,1
PLATFORM_RATING,锋兰达,2026-03-01,15470.0,10278.1328125,39,32,1,1
PLATFORM_RATING,锋兰达,2026-04-01,10876.0,8219.310546875,52,44,1,1
PLATFORM_RATING,锋兰达,2026-05-01,10725.0,7893.81787109375,68,58,1,1
PLATFORM_RATING,锋兰达,2026-06-01,10882.0,8049.21435546875,81,66,1,1
PLATFORM_RATING,锐际,2026-01-01,322.0,248.24192810058594,92,6,1,1
PLATFORM_RATING,锐际,2026-02-01,203.0,197.17164611816406,93,6,1,1
PLATFORM_RATING,锐际,2026-03-01,265.0,275.6540832519531,94,5,1,1
PLATFORM_RATING,锐际,2026-04-01,152.0,261.4776916503906,94,4,1,1
PLATFORM_RATING,锐际,2026-05-01,154.0,259.1438903808594,95,5,1,1
PLATFORM_RATING,锐际,2026-06-01,129.0,265.30072021484375,97,6,1,1
PLATFORM_RATING,长安CS75 PLUS,2026-01-01,14440.0,9210.34375,94,3,1,1
PLATFORM_RATING,长安CS75 PLUS,2026-02-01,14219.0,6643.7880859375,94,3,1,1
PLATFORM_RATING,长安CS75 PLUS,2026-03-01,13802.0,6384.46630859375,94,2,1,1
PLATFORM_RATING,长安CS75 PLUS,2026-04-01,8716.0,5609.7978515625,94,2,1,1
PLATFORM_RATING,长安CS75 PLUS,2026-05-01,10103.0,4759.58251953125,94,2,1,1
PLATFORM_RATING,长安CS75 PLUS,2026-06-01,11682.0,4401.78125,94,1,1,1
PLATFORM_RATING,长安UNI-K 智电iDD,2026-01-01,1.0,6.880019187927246,100,0,1,0
PLATFORM_RATING,长安UNI-K 智电iDD,2026-02-01,0.0,7.167818546295166,100,0,1,0
PLATFORM_RATING,长安UNI-K 智电iDD,2026-03-01,1.0,9.978506088256836,100,0,1,0
PLATFORM_RATING,长安UNI-K 智电iDD,2026-04-01,1.0,8.62804889678955,100,0,1,0
PLATFORM_RATING,长安UNI-K 智电iDD,2026-05-01,0.0,8.506704330444336,100,0,1,0
PLATFORM_RATING,长安UNI-K 智电iDD,2026-06-01,4.0,8.278629302978516,100,0,1,0
PLATFORM_RATING,长安UNI-T,2026-01-01,31.0,39.11528396606445,99,0,1,0
PLATFORM_RATING,长安UNI-T,2026-02-01,36.0,42.08275604248047,99,0,1,0
PLATFORM_RATING,长安UNI-T,2026-03-01,22.0,68.44173431396484,99,0,1,0
PLATFORM_RATING,长安UNI-T,2026-04-01,8.0,66.62313842773438,99,0,1,0
PLATFORM_RATING,长安UNI-T,2026-05-01,3.0,79.35211181640625,99,0,1,0
PLATFORM_RATING,长安UNI-T,2026-06-01,2.0,86.7308120727539,99,0,1,0
PLATFORM_RATING,雅阁,2026-01-01,13825.0,12243.83984375,100,3,1,1
PLATFORM_RATING,雅阁,2026-02-01,4630.0,9666.150390625,100,1,1,1
PLATFORM_RATING,雅阁,2026-03-01,6757.0,10167.537109375,100,1,1,1
PLATFORM_RATING,雅阁,2026-04-01,2593.0,8219.310546875,100,1,1,1
PLATFORM_RATING,雅阁,2026-05-01,4677.0,7826.88330078125,100,1,1,1
PLATFORM_RATING,雅阁,2026-06-01,7919.0,8106.3427734375,100,0,1,0
PLATFORM_RATING,零跑T03,2026-01-01,322.0,1135.064697265625,91,22,1,1
PLATFORM_RATING,零跑T03,2026-02-01,1763.0,915.6663818359375,95,23,1,1
PLATFORM_RATING,零跑T03,2026-03-01,438.0,1008.942626953125,95,16,1,1
PLATFORM_RATING,零跑T03,2026-04-01,270.0,902.7298583984375,97,13,1,1
PLATFORM_RATING,零跑T03,2026-05-01,979.0,870.7748413085938,98,13,1,1
PLATFORM_RATING,零跑T03,2026-06-01,1.0,900.8408813476562,99,10,1,1
PLATFORM_RATING,领克03,2026-01-01,6402.0,3521.298828125,100,9,1,1
PLATFORM_RATING,领克03,2026-02-01,3250.0,2619.576416015625,100,9,1,1
PLATFORM_RATING,领克03,2026-03-01,4469.0,2691.18017578125,100,9,1,1
PLATFORM_RATING,领克03,2026-04-01,3324.0,2538.468994140625,100,9,1,1
PLATFORM_RATING,领克03,2026-05-01,2899.0,2382.554443359375,100,0,1,0
PLATFORM_RATING,领克03,2026-06-01,2816.0,2160.1396484375,100,0,1,0
PLATFORM_RATING,风光330,2026-01-01,11.0,8.704339981079102,0,0,0,0
PLATFORM_RATING,风光330,2026-02-01,9.0,11.405146598815918,0,0,0,0
PLATFORM_RATING,风光330,2026-03-01,14.0,11.561223983764648,0,0,0,0
PLATFORM_RATING,风光330,2026-04-01,3.0,12.3456449508667,0,0,0,0
PLATFORM_RATING,风光330,2026-05-01,12.0,11.083375930786133,0,0,0,0
PLATFORM_RATING,风光330,2026-06-01,9.0,11.10206413269043,0,0,0,0
PLATFORM_RATING,风光380,2026-01-01,45.0,70.91436004638672,0,0,0,0
PLATFORM_RATING,风光380,2026-02-01,32.0,70.3062515258789,0,0,0,0
PLATFORM_RATING,风光380,2026-03-01,60.0,99.04407501220703,0,0,0,0
PLATFORM_RATING,风光380,2026-04-01,35.0,110.14302062988281,0,0,0,0
PLATFORM_RATING,风光380,2026-05-01,44.0,123.79073333740234,0,0,0,0
PLATFORM_RATING,风光380,2026-06-01,55.0,162.11744689941406,0,0,0,0
PLATFORM_RATING,飞凡F7,2026-01-01,233.0,167.14712524414062,99,0,1,0
PLATFORM_RATING,飞凡F7,2026-02-01,0.0,177.12747192382812,99,0,1,0
PLATFORM_RATING,飞凡F7,2026-03-01,53.0,229.0181121826172,99,0,1,0
PLATFORM_RATING,飞凡F7,2026-04-01,262.0,193.1119384765625,99,0,1,0
PLATFORM_RATING,飞凡F7,2026-05-01,224.0,214.51296997070312,99,0,1,0
PLATFORM_RATING,飞凡F7,2026-06-01,190.0,227.75411987304688,99,0,1,0
PLATFORM_RATING,马自达3 昂克赛拉,2026-01-01,956.0,999.780029296875,99,1,1,1
PLATFORM_RATING,马自达3 昂克赛拉,2026-02-01,666.0,883.7667846679688,99,1,1,1
PLATFORM_RATING,马自达3 昂克赛拉,2026-03-01,684.0,971.909423828125,99,1,1,1
PLATFORM_RATING,马自达3 昂克赛拉,2026-04-01,423.0,880.9425659179688,99,1,1,1
PLATFORM_RATING,马自达3 昂克赛拉,2026-05-01,464.0,872.2742919921875,100,2,1,1
PLATFORM_RATING,马自达3 昂克赛拉,2026-06-01,390.0,902.39208984375,100,1,1,1
PLATFORM_RATING,骐达,2026-01-01,102.0,92.09205627441406,0,0,0,0
PLATFORM_RATING,骐达,2026-02-01,50.0,90.34662628173828,0,0,0,0
PLATFORM_RATING,骐达,2026-03-01,141.0,109.03599548339844,0,0,0,0
PLATFORM_RATING,骐达,2026-04-01,80.0,117.54932403564453,0,0,0,0
PLATFORM_RATING,骐达,2026-05-01,31.0,162.53575134277344,0,0,0,0
PLATFORM_RATING,骐达,2026-06-01,91.0,184.83023071289062,0,0,0,0
PLATFORM_RATING,高尔夫,2026-01-01,1135.0,1814.6668701171875,195,3,1,1
PLATFORM_RATING,高尔夫,2026-02-01,756.0,1422.048583984375,196,4,1,1
PLATFORM_RATING,高尔夫,2026-03-01,1508.0,1681.4825439453125,196,4,1,1
PLATFORM_RATING,高尔夫,2026-04-01,972.0,1451.5244140625,198,5,1,1
PLATFORM_RATING,高尔夫,2026-05-01,1821.0,1377.17333984375,198,5,1,1
PLATFORM_RATING,高尔夫,2026-06-01,1306.0,1334.56689453125,198,3,1,1
PLATFORM_RATING,魏牌 高山,2026-01-01,6707.0,6956.70361328125,0,0,0,0
PLATFORM_RATING,魏牌 高山,2026-02-01,4369.0,5700.71533203125,0,0,0,0
PLATFORM_RATING,魏牌 高山,2026-03-01,6447.0,5139.04443359375,0,0,0,0
PLATFORM_RATING,魏牌 高山,2026-04-01,6122.0,4192.77783203125,0,0,0,0
PLATFORM_RATING,魏牌 高山,2026-05-01,5662.0,4111.01953125,0,0,0,0
PLATFORM_RATING,魏牌 高山,2026-06-01,4920.0,3942.36962890625,0,0,0,0
TEXT_ABSA,AION S,2026-01-01,3148.0,3060.05810546875,91,9,1,1
TEXT_ABSA,AION S,2026-02-01,788.0,2209.37353515625,96,11,1,1
TEXT_ABSA,AION S,2026-03-01,4193.0,2520.538330078125,99,13,1,1
TEXT_ABSA,AION S,2026-04-01,3665.0,2215.949462890625,99,12,1,1
TEXT_ABSA,AION S,2026-05-01,963.0,2022.4974365234375,100,10,1,1
TEXT_ABSA,AION S,2026-06-01,466.0,1754.18701171875,100,10,1,1
TEXT_ABSA,ID.4 CROZZ,2026-01-01,454.0,1307.337158203125,193,3,1,1
TEXT_ABSA,ID.4 CROZZ,2026-02-01,160.0,1071.5391845703125,194,3,1,1
TEXT_ABSA,ID.4 CROZZ,2026-03-01,542.0,1252.016845703125,194,3,1,1
TEXT_ABSA,ID.4 CROZZ,2026-04-01,623.0,1071.357666015625,194,2,1,1
TEXT_ABSA,ID.4 CROZZ,2026-05-01,942.0,1065.7745361328125,195,2,1,1
TEXT_ABSA,ID.4 CROZZ,2026-06-01,684.0,994.6925659179688,197,4,1,1
TEXT_ABSA,ID.6 CROZZ,2026-01-01,0.0,26.528335571289062,9,3,1,1
TEXT_ABSA,ID.6 CROZZ,2026-02-01,0.0,39.227447509765625,10,3,1,1
TEXT_ABSA,ID.6 CROZZ,2026-03-01,0.0,63.226871490478516,10,2,1,1
TEXT_ABSA,ID.6 CROZZ,2026-04-01,0.0,69.4609603881836,10,2,1,1
TEXT_ABSA,ID.6 CROZZ,2026-05-01,0.0,73.71184539794922,10,2,1,1
TEXT_ABSA,ID.6 CROZZ,2026-06-01,1.0,78.42756652832031,10,2,1,1
TEXT_ABSA,MG4,2026-01-01,10007.0,9655.9775390625,115,115,1,1
TEXT_ABSA,MG4,2026-02-01,4086.0,7500.435546875,123,123,1,1
TEXT_ABSA,MG4,2026-03-01,14007.0,7000.13427734375,128,128,1,1
TEXT_ABSA,MG4,2026-04-01,13189.0,6093.216796875,129,109,1,1
TEXT_ABSA,MG4,2026-05-01,15067.0,5148.09130859375,133,95,1,1
TEXT_ABSA,MG4,2026-06-01,14397.0,4631.8720703125,134,55,1,1
TEXT_ABSA,MG7,2026-01-01,1221.0,728.8692626953125,17,1,1,1
TEXT_ABSA,MG7,2026-02-01,775.0,646.1903686523438,17,1,1,1
TEXT_ABSA,MG7,2026-03-01,1012.0,656.126708984375,25,8,1,1
TEXT_ABSA,MG7,2026-04-01,553.0,581.1556396484375,27,10,1,1
TEXT_ABSA,MG7,2026-05-01,456.0,548.1735229492188,27,10,1,1
TEXT_ABSA,MG7,2026-06-01,428.0,559.3014526367188,27,10,1,1
TEXT_ABSA,Model 3,2026-01-01,0.0,8.820698738098145,80,6,1,1
TEXT_ABSA,Model 3,2026-02-01,0.0,42.25266647338867,81,7,1,1
TEXT_ABSA,Model 3,2026-03-01,0.0,80.12075805664062,82,8,1,1
TEXT_ABSA,Model 3,2026-04-01,0.0,60.679290771484375,82,8,1,1
TEXT_ABSA,Model 3,2026-05-01,0.0,97.45805358886719,82,6,1,1
TEXT_ABSA,Model 3,2026-06-01,0.0,87.01234436035156,82,2,1,1
TEXT_ABSA,Model Y,2026-01-01,0.0,2.461831569671631,93,4,1,1
TEXT_ABSA,Model Y,2026-02-01,0.0,7.067113399505615,94,4,1,1
TEXT_ABSA,Model Y,2026-03-01,0.0,25.226844787597656,94,4,1,1
TEXT_ABSA,Model Y,2026-04-01,0.0,31.107173919677734,95,5,1,1
TEXT_ABSA,Model Y,2026-05-01,0.0,47.27190017700195,95,5,1,1
TEXT_ABSA,Model Y,2026-06-01,0.0,59.25471496582031,95,3,1,1
TEXT_ABSA,QQ冰淇淋,2026-01-01,376.0,1146.242431640625,11,1,1,1
TEXT_ABSA,QQ冰淇淋,2026-02-01,334.0,872.0681762695312,11,1,1,1
TEXT_ABSA,QQ冰淇淋,2026-03-01,906.0,878.0263061523438,12,2,1,1
TEXT_ABSA,QQ冰淇淋,2026-04-01,1958.0,851.8472290039062,12,2,1,1
TEXT_ABSA,QQ冰淇淋,2026-05-01,545.0,851.4362182617188,12,1,1,1
TEXT_ABSA,QQ冰淇淋,2026-06-01,830.0,865.20166015625,13,2,1,1
TEXT_ABSA,RAV4荣放,2026-01-01,11316.0,9341.607421875,97,1,1,1
TEXT_ABSA,RAV4荣放,2026-02-01,7789.0,7361.654296875,97,1,1,1
TEXT_ABSA,RAV4荣放,2026-03-01,14662.0,6591.01513671875,98,2,1,1
TEXT_ABSA,RAV4荣放,2026-04-01,11452.0,5791.32177734375,98,2,1,1
TEXT_ABSA,RAV4荣放,2026-05-01,9857.0,5092.34130859375,98,2,1,1
TEXT_ABSA,RAV4荣放,2026-06-01,13798.0,4467.01416015625,98,1,1,1
TEXT_ABSA,T-ROC探歌,2026-01-01,2183.0,2391.782958984375,8,3,1,1
TEXT_ABSA,T-ROC探歌,2026-02-01,1540.0,1694.7786865234375,8,3,1,1
TEXT_ABSA,T-ROC探歌,2026-03-01,2031.0,1560.6309814453125,8,1,1,1
TEXT_ABSA,T-ROC探歌,2026-04-01,1532.0,1352.46533203125,9,1,1,1
TEXT_ABSA,T-ROC探歌,2026-05-01,3344.0,1297.310302734375,9,1,1,1
TEXT_ABSA,T-ROC探歌,2026-06-01,3111.0,1240.70458984375,9,1,1,1
TEXT_ABSA,e爱丽舍,2026-01-01,460.0,428.4726867675781,1,0,1,0
TEXT_ABSA,e爱丽舍,2026-02-01,147.0,342.47955322265625,1,0,1,0
TEXT_ABSA,e爱丽舍,2026-03-01,621.0,428.7154541015625,1,0,1,0
TEXT_ABSA,e爱丽舍,2026-04-01,678.0,369.9023742675781,1,0,1,0
TEXT_ABSA,e爱丽舍,2026-05-01,887.0,332.41314697265625,1,0,1,0
TEXT_ABSA,e爱丽舍,2026-06-01,1003.0,334.2931823730469,1,0,1,0
TEXT_ABSA,五菱佳辰,2026-01-01,657.0,225.5077362060547,10,0,1,0
TEXT_ABSA,五菱佳辰,2026-02-01,285.0,202.99095153808594,10,0,1,0
TEXT_ABSA,五菱佳辰,2026-03-01,240.0,274.05157470703125,10,0,1,0
TEXT_ABSA,五菱佳辰,2026-04-01,203.0,256.08740234375,10,0,1,0
TEXT_ABSA,五菱佳辰,2026-05-01,115.0,226.16297912597656,10,0,1,0
TEXT_ABSA,五菱佳辰,2026-06-01,139.0,231.89889526367188,10,0,1,0
TEXT_ABSA,五菱星驰,2026-01-01,822.0,371.0778503417969,10,3,1,1
TEXT_ABSA,五菱星驰,2026-02-01,422.0,364.94427490234375,10,2,1,1
TEXT_ABSA,五菱星驰,2026-03-01,5.0,401.07293701171875,10,0,1,0
TEXT_ABSA,五菱星驰,2026-04-01,90.0,384.2686462402344,10,0,1,0
TEXT_ABSA,五菱星驰,2026-05-01,35.0,366.8193054199219,10,0,1,0
TEXT_ABSA,五菱星驰,2026-06-01,4.0,370.4170227050781,10,0,1,0
TEXT_ABSA,传祺GA8,2026-01-01,0.0,1.2025343179702759,10,0,1,0
TEXT_ABSA,传祺GA8,2026-02-01,0.0,2.818101406097412,10,0,1,0
TEXT_ABSA,传祺GA8,2026-03-01,0.0,3.393249988555908,10,0,1,0
TEXT_ABSA,传祺GA8,2026-04-01,0.0,3.066218376159668,10,0,1,0
TEXT_ABSA,传祺GA8,2026-05-01,0.0,3.104597568511963,10,0,1,0
TEXT_ABSA,传祺GA8,2026-06-01,0.0,3.442336320877075,10,0,1,0
TEXT_ABSA,传祺M6,2026-01-01,2912.0,1368.671630859375,78,8,1,1
TEXT_ABSA,传祺M6,2026-02-01,1426.0,1116.706298828125,79,6,1,1
TEXT_ABSA,传祺M6,2026-03-01,2726.0,1298.4052734375,80,7,1,1
TEXT_ABSA,传祺M6,2026-04-01,1146.0,1116.708984375,83,10,1,1
TEXT_ABSA,传祺M6,2026-05-01,1265.0,1088.0443115234375,90,16,1,1
TEXT_ABSA,传祺M6,2026-06-01,2047.0,1068.7039794921875,96,20,1,1
TEXT_ABSA,传祺M8,2026-01-01,5445.0,3002.381103515625,71,2,1,1
TEXT_ABSA,传祺M8,2026-02-01,2404.0,2244.85302734375,71,2,1,1
TEXT_ABSA,传祺M8,2026-03-01,5134.0,2415.31640625,72,3,1,1
TEXT_ABSA,传祺M8,2026-04-01,4916.0,1935.0455322265625,75,6,1,1
TEXT_ABSA,传祺M8,2026-05-01,5248.0,1779.99951171875,84,14,1,1
TEXT_ABSA,传祺M8,2026-06-01,6075.0,1656.94140625,95,24,1,1
TEXT_ABSA,元PLUS,2026-01-01,2281.0,4782.939453125,80,26,1,1
TEXT_ABSA,元PLUS,2026-02-01,1854.0,3161.986083984375,85,26,1,1
TEXT_ABSA,元PLUS,2026-03-01,6540.0,3122.00732421875,88,27,1,1
TEXT_ABSA,元PLUS,2026-04-01,5111.0,2861.385498046875,90,25,1,1
TEXT_ABSA,元PLUS,2026-05-01,3820.0,2488.783447265625,91,20,1,1
TEXT_ABSA,元PLUS,2026-06-01,5547.0,2201.049072265625,94,17,1,1
TEXT_ABSA,冠道,2026-01-01,392.0,445.6216125488281,97,0,1,0
TEXT_ABSA,冠道,2026-02-01,193.0,370.5869140625,97,0,1,0
TEXT_ABSA,冠道,2026-03-01,349.0,487.6330261230469,97,0,1,0
TEXT_ABSA,冠道,2026-04-01,346.0,409.4422607421875,98,1,1,1
TEXT_ABSA,冠道,2026-05-01,313.0,409.977294921875,98,1,1,1
TEXT_ABSA,冠道,2026-06-01,339.0,414.4242248535156,100,3,1,1
TEXT_ABSA,凌宝BOX,2026-01-01,180.0,267.8883972167969,9,1,1,1
TEXT_ABSA,凌宝BOX,2026-02-01,124.0,295.52569580078125,9,1,1,1
TEXT_ABSA,凌宝BOX,2026-03-01,135.0,374.75592041015625,9,1,1,1
TEXT_ABSA,凌宝BOX,2026-04-01,372.0,338.35955810546875,9,1,1,1
TEXT_ABSA,凌宝BOX,2026-05-01,381.0,333.8343200683594,9,0,1,0
TEXT_ABSA,凌宝BOX,2026-06-01,342.0,361.8164367675781,9,0,1,0
TEXT_ABSA,凌尚,2026-01-01,34.0,48.12676239013672,9,0,1,0
TEXT_ABSA,凌尚,2026-02-01,10.0,53.09507751464844,9,0,1,0
TEXT_ABSA,凌尚,2026-03-01,6.0,53.75397872924805,9,0,1,0
TEXT_ABSA,凌尚,2026-04-01,4.0,65.83756256103516,10,1,1,1
TEXT_ABSA,凌尚,2026-05-01,0.0,74.64740753173828,10,1,1,1
TEXT_ABSA,凌尚,2026-06-01,5.0,86.73035430908203,10,1,1,1
TEXT_ABSA,凌放HARRIER,2026-01-01,11.0,20.4678955078125,10,0,1,0
TEXT_ABSA,凌放HARRIER,2026-02-01,4.0,17.16139030456543,10,0,1,0
TEXT_ABSA,凌放HARRIER,2026-03-01,6.0,18.36354637145996,10,0,1,0
TEXT_ABSA,凌放HARRIER,2026-04-01,0.0,21.197525024414062,10,0,1,0
TEXT_ABSA,凌放HARRIER,2026-05-01,0.0,27.132352828979492,10,0,1,0
TEXT_ABSA,凌放HARRIER,2026-06-01,5.0,31.977798461914062,10,0,1,0
TEXT_ABSA,凡尔赛C5 X,2026-01-01,1195.0,883.9663696289062,94,12,1,1
TEXT_ABSA,凡尔赛C5 X,2026-02-01,943.0,851.6553344726562,94,10,1,1
TEXT_ABSA,凡尔赛C5 X,2026-03-01,1821.0,872.55126953125,94,8,1,1
TEXT_ABSA,凡尔赛C5 X,2026-04-01,1115.0,839.2734985351562,94,4,1,1
TEXT_ABSA,凡尔赛C5 X,2026-05-01,595.0,851.4362182617188,94,1,1,1
TEXT_ABSA,凡尔赛C5 X,2026-06-01,731.0,865.20166015625,94,1,1,1
TEXT_ABSA,凯美瑞,2026-01-01,17426.0,12970.259765625,96,11,1,1
TEXT_ABSA,凯美瑞,2026-02-01,11172.0,9603.0205078125,96,11,1,1
TEXT_ABSA,凯美瑞,2026-03-01,17069.0,9384.1953125,99,14,1,1
TEXT_ABSA,凯美瑞,2026-04-01,10963.0,7499.4697265625,99,13,1,1
TEXT_ABSA,凯美瑞,2026-05-01,12237.0,7060.982421875,99,8,1,1
TEXT_ABSA,凯美瑞,2026-06-01,17114.0,6462.52783203125,99,4,1,1
TEXT_ABSA,凯迪拉克CT5,2026-01-01,3673.0,2395.267822265625,100,15,1,1
TEXT_ABSA,凯迪拉克CT5,2026-02-01,1857.0,1694.7786865234375,100,13,1,1
TEXT_ABSA,凯迪拉克CT5,2026-03-01,3819.0,1929.0283203125,100,12,1,1
TEXT_ABSA,凯迪拉克CT5,2026-04-01,2195.0,1626.84423828125,100,2,1,1
TEXT_ABSA,凯迪拉克CT5,2026-05-01,1970.0,1598.60498046875,100,1,1,1
TEXT_ABSA,凯迪拉克CT5,2026-06-01,1852.0,1566.214599609375,100,1,1,1
TEXT_ABSA,凯迪拉克XT5,2026-01-01,4786.0,3141.615478515625,60,6,1,1
TEXT_ABSA,凯迪拉克XT5,2026-02-01,2440.0,2378.464111328125,65,11,1,1
TEXT_ABSA,凯迪拉克XT5,2026-03-01,4424.0,2342.502197265625,68,14,1,1
TEXT_ABSA,凯迪拉克XT5,2026-04-01,3429.0,2007.1812744140625,72,17,1,1
TEXT_ABSA,凯迪拉克XT5,2026-05-01,3339.0,1705.8505859375,78,20,1,1
TEXT_ABSA,凯迪拉克XT5,2026-06-01,3265.0,1667.6978759765625,87,27,1,1
TEXT_ABSA,凯迪拉克XT6,2026-01-01,151.0,176.0541229248047,94,6,1,1
TEXT_ABSA,凯迪拉克XT6,2026-02-01,62.0,187.88330078125,95,6,1,1
TEXT_ABSA,凯迪拉克XT6,2026-03-01,101.0,255.56961059570312,96,6,1,1
TEXT_ABSA,凯迪拉克XT6,2026-04-01,87.0,226.5172576904297,97,5,1,1
TEXT_ABSA,凯迪拉克XT6,2026-05-01,72.0,244.90159606933594,98,4,1,1
TEXT_ABSA,凯迪拉克XT6,2026-06-01,65.0,257.20526123046875,99,5,1,1
TEXT_ABSA,别克GL8,2026-01-01,4437.0,2838.654052734375,91,5,1,1
TEXT_ABSA,别克GL8,2026-02-01,1794.0,2133.33984375,92,5,1,1
TEXT_ABSA,别克GL8,2026-03-01,4491.0,2122.73193359375,95,8,1,1
TEXT_ABSA,别克GL8,2026-04-01,3198.0,1812.8643798828125,96,8,1,1
TEXT_ABSA,别克GL8,2026-05-01,2952.0,1661.0582275390625,97,8,1,1
TEXT_ABSA,别克GL8,2026-06-01,2781.0,1667.6978759765625,98,7,1,1
TEXT_ABSA,卡罗拉,2026-01-01,6043.0,4117.77392578125,73,5,1,1
TEXT_ABSA,卡罗拉,2026-02-01,5004.0,3408.774169921875,75,6,1,1
TEXT_ABSA,卡罗拉,2026-03-01,8216.0,3263.4951171875,80,10,1,1
TEXT_ABSA,卡罗拉,2026-04-01,3670.0,2817.3994140625,86,15,1,1
TEXT_ABSA,卡罗拉,2026-05-01,3268.0,2506.801513671875,89,17,1,1
TEXT_ABSA,卡罗拉,2026-06-01,5227.0,2181.76220703125,93,20,1,1
TEXT_ABSA,卡罗拉双擎E+,2026-01-01,0.0,1.0549298524856567,10,0,1,0
TEXT_ABSA,卡罗拉双擎E+,2026-02-01,0.0,2.4578135013580322,10,0,1,0
TEXT_ABSA,卡罗拉双擎E+,2026-03-01,0.0,2.978689432144165,10,0,1,0
TEXT_ABSA,卡罗拉双擎E+,2026-04-01,0.0,2.428640365600586,10,0,1,0
TEXT_ABSA,卡罗拉双擎E+,2026-05-01,0.0,2.5773048400878906,10,0,1,0
TEXT_ABSA,卡罗拉双擎E+,2026-06-01,0.0,2.70001220703125,10,0,1,0
TEXT_ABSA,卡罗拉锐放,2026-01-01,20188.0,12346.0576171875,35,7,1,1
TEXT_ABSA,卡罗拉锐放,2026-02-01,7395.0,9297.5546875,45,17,1,1
TEXT_ABSA,卡罗拉锐放,2026-03-01,13555.0,9301.0576171875,51,23,1,1
TEXT_ABSA,卡罗拉锐放,2026-04-01,9184.0,7499.4697265625,62,34,1,1
TEXT_ABSA,卡罗拉锐放,2026-05-01,6783.0,7060.982421875,73,44,1,1
TEXT_ABSA,卡罗拉锐放,2026-06-01,10688.0,6462.52783203125,86,54,1,1
TEXT_ABSA,吉利ICON,2026-01-01,1228.0,988.3295288085938,94,9,1,1
TEXT_ABSA,吉利ICON,2026-02-01,369.0,877.8695068359375,97,11,1,1
TEXT_ABSA,吉利ICON,2026-03-01,929.0,870.76611328125,99,13,1,1
TEXT_ABSA,吉利ICON,2026-04-01,515.0,857.460205078125,99,12,1,1
TEXT_ABSA,吉利ICON,2026-05-01,635.0,851.4362182617188,99,6,1,1
TEXT_ABSA,吉利ICON,2026-06-01,687.0,865.20166015625,99,5,1,1
TEXT_ABSA,君威,2026-01-01,4104.0,2587.667724609375,100,6,1,1
TEXT_ABSA,君威,2026-02-01,1959.0,2003.02783203125,100,4,1,1
TEXT_ABSA,君威,2026-03-01,3652.0,2075.678466796875,100,4,1,1
TEXT_ABSA,君威,2026-04-01,1532.0,1779.9647216796875,100,4,1,1
TEXT_ABSA,君威,2026-05-01,1537.0,1616.20849609375,100,1,1,1
TEXT_ABSA,君威,2026-06-01,1435.0,1636.180908203125,100,1,1,1
TEXT_ABSA,型格,2026-01-01,936.0,875.352783203125,94,6,1,1
TEXT_ABSA,型格,2026-02-01,332.0,803.6260986328125,96,7,1,1
TEXT_ABSA,型格,2026-03-01,345.0,817.273193359375,97,8,1,1
TEXT_ABSA,型格,2026-04-01,134.0,781.6498413085938,98,7,1,1
TEXT_ABSA,型格,2026-05-01,142.0,752.5115966796875,99,7,1,1
TEXT_ABSA,型格,2026-06-01,110.0,735.0277709960938,99,7,1,1
TEXT_ABSA,大众ID.3,2026-01-01,452.0,1586.938720703125,188,9,1,1
TEXT_ABSA,大众ID.3,2026-02-01,306.0,1234.2686767578125,190,10,1,1
TEXT_ABSA,大众ID.3,2026-03-01,945.0,1387.526123046875,192,11,1,1
TEXT_ABSA,大众ID.3,2026-04-01,762.0,1289.517333984375,195,12,1,1
TEXT_ABSA,大众ID.3,2026-05-01,759.0,1213.2269287109375,196,11,1,1
TEXT_ABSA,大众ID.3,2026-06-01,680.0,1257.5755615234375,197,9,1,1
TEXT_ABSA,大家9,2026-01-01,34.0,187.56419372558594,10,0,1,0
TEXT_ABSA,大家9,2026-02-01,21.0,184.8050537109375,10,0,1,0
TEXT_ABSA,大家9,2026-03-01,152.0,277.9160461425781,10,0,1,0
TEXT_ABSA,大家9,2026-04-01,95.0,223.85018920898438,10,0,1,0
TEXT_ABSA,大家9,2026-05-01,128.0,215.65834045410156,10,0,1,0
TEXT_ABSA,大家9,2026-06-01,221.0,225.12872314453125,10,0,1,0
TEXT_ABSA,大通G10,2026-01-01,203.0,241.06431579589844,40,4,1,1
TEXT_ABSA,大通G10,2026-02-01,126.0,216.75050354003906,41,3,1,1
TEXT_ABSA,大通G10,2026-03-01,202.0,291.4130554199219,42,4,1,1
TEXT_ABSA,大通G10,2026-04-01,167.0,311.81610107421875,42,4,1,1
TEXT_ABSA,大通G10,2026-05-01,139.0,316.2429504394531,43,4,1,1
TEXT_ABSA,大通G10,2026-06-01,143.0,320.3851318359375,43,4,1,1
TEXT_ABSA,大通G50,2026-01-01,344.0,269.0001525878906,93,2,1,1
TEXT_ABSA,大通G50,2026-02-01,238.0,252.1103057861328,93,1,1,1
TEXT_ABSA,大通G50,2026-03-01,275.0,298.4086608886719,95,2,1,1
TEXT_ABSA,大通G50,2026-04-01,190.0,311.81072998046875,95,2,1,1
TEXT_ABSA,大通G50,2026-05-01,130.0,309.2394104003906,96,3,1,1
TEXT_ABSA,大通G50,2026-06-01,348.0,316.7879943847656,97,4,1,1
TEXT_ABSA,奔驰C级,2026-01-01,7362.0,6918.43017578125,88,9,1,1
TEXT_ABSA,奔驰C级,2026-02-01,2827.0,5974.859375,88,9,1,1
TEXT_ABSA,奔驰C级,2026-03-01,8000.0,5354.88818359375,88,9,1,1
TEXT_ABSA,奔驰C级,2026-04-01,9950.0,4238.84326171875,88,8,1,1
TEXT_ABSA,奔驰C级,2026-05-01,6839.0,4051.679931640625,88,3,1,1
TEXT_ABSA,奔驰C级,2026-06-01,6015.0,3771.814697265625,88,0,1,0
TEXT_ABSA,奔驰E级,2026-01-01,12119.0,8535.7236328125,53,0,1,0
TEXT_ABSA,奔驰E级,2026-02-01,8583.0,6617.5859375,54,1,1,1
TEXT_ABSA,奔驰E级,2026-03-01,14545.0,6387.1826171875,56,3,1,1
TEXT_ABSA,奔驰E级,2026-04-01,7450.0,5580.45556640625,58,5,1,1
TEXT_ABSA,奔驰E级,2026-05-01,8928.0,4817.6103515625,68,15,1,1
TEXT_ABSA,奔驰E级,2026-06-01,9600.0,4339.93896484375,79,26,1,1
TEXT_ABSA,奔驰GLB,2026-01-01,174.0,2312.121337890625,79,22,1,1
TEXT_ABSA,奔驰GLB,2026-02-01,97.0,1630.717529296875,81,18,1,1
TEXT_ABSA,奔驰GLB,2026-03-01,2301.0,1906.279052734375,86,18,1,1
TEXT_ABSA,奔驰GLB,2026-04-01,1700.0,1612.1773681640625,91,18,1,1
TEXT_ABSA,奔驰GLB,2026-05-01,1012.0,1575.1756591796875,92,14,1,1
TEXT_ABSA,奔驰GLB,2026-06-01,800.0,1531.0828857421875,94,15,1,1
TEXT_ABSA,奔驰GLC,2026-01-01,7145.0,8589.87109375,55,1,1,1
TEXT_ABSA,奔驰GLC,2026-02-01,6430.0,6617.5859375,57,3,1,1
TEXT_ABSA,奔驰GLC,2026-03-01,14550.0,6325.427734375,62,8,1,1
TEXT_ABSA,奔驰GLC,2026-04-01,8200.0,5330.17236328125,68,14,1,1
TEXT_ABSA,奔驰GLC,2026-05-01,7865.0,4496.20751953125,73,19,1,1
TEXT_ABSA,奔驰GLC,2026-06-01,8347.0,4289.84814453125,83,29,1,1
TEXT_ABSA,奔驰V级,2026-01-01,374.0,752.6441650390625,76,4,1,1
TEXT_ABSA,奔驰V级,2026-02-01,178.0,665.1690673828125,77,5,1,1
TEXT_ABSA,奔驰V级,2026-03-01,307.0,761.7872314453125,77,3,1,1
TEXT_ABSA,奔驰V级,2026-04-01,322.0,692.3043823242188,77,1,1,1
TEXT_ABSA,奔驰V级,2026-05-01,254.0,687.8635864257812,78,2,1,1
TEXT_ABSA,奔驰V级,2026-06-01,250.0,694.8595581054688,80,4,1,1
TEXT_ABSA,奥德赛,2026-01-01,1542.0,1033.4248046875,87,5,1,1
TEXT_ABSA,奥德赛,2026-02-01,696.0,939.0633544921875,90,7,1,1
TEXT_ABSA,奥德赛,2026-03-01,1156.0,1021.8297729492188,93,10,1,1
TEXT_ABSA,奥德赛,2026-04-01,836.0,927.9526977539062,93,8,1,1
TEXT_ABSA,奥德赛,2026-05-01,834.0,881.1112060546875,95,8,1,1
TEXT_ABSA,奥德赛,2026-06-01,814.0,895.3562622070312,98,11,1,1
TEXT_ABSA,奥迪A3,2026-01-01,5770.0,5491.86962890625,64,7,1,1
TEXT_ABSA,奥迪A3,2026-02-01,3952.0,4115.9560546875,70,13,1,1
TEXT_ABSA,奥迪A3,2026-03-01,7611.0,3882.20361328125,74,17,1,1
TEXT_ABSA,奥迪A3,2026-04-01,5936.0,3372.04248046875,81,24,1,1
TEXT_ABSA,奥迪A3,2026-05-01,5801.0,3116.615234375,86,27,1,1
TEXT_ABSA,奥迪A3,2026-06-01,5284.0,2918.25732421875,93,31,1,1
TEXT_ABSA,奥迪A6L,2026-01-01,15660.0,11442.5380859375,74,8,1,1
TEXT_ABSA,奥迪A6L,2026-02-01,7749.0,8797.45703125,76,9,1,1
TEXT_ABSA,奥迪A6L,2026-03-01,10591.0,8538.7041015625,78,9,1,1
TEXT_ABSA,奥迪A6L,2026-04-01,9449.0,6994.22802734375,82,12,1,1
TEXT_ABSA,奥迪A6L,2026-05-01,8709.0,6778.54833984375,85,13,1,1
TEXT_ABSA,奥迪A6L,2026-06-01,7095.0,6081.12841796875,89,15,1,1
TEXT_ABSA,奥迪A7L,2026-01-01,830.0,621.739501953125,82,24,1,1
TEXT_ABSA,奥迪A7L,2026-02-01,350.0,498.5494079589844,90,29,1,1
TEXT_ABSA,奥迪A7L,2026-03-01,350.0,564.6356811523438,90,21,1,1
TEXT_ABSA,奥迪A7L,2026-04-01,300.0,555.6074829101562,94,21,1,1
TEXT_ABSA,奥迪A7L,2026-05-01,245.0,534.58447265625,95,17,1,1
TEXT_ABSA,奥迪A7L,2026-06-01,250.0,536.990966796875,96,14,1,1
TEXT_ABSA,奥迪Q3,2026-01-01,2426.0,2049.025390625,90,3,1,1
TEXT_ABSA,奥迪Q3,2026-02-01,1651.0,1450.1904296875,91,4,1,1
TEXT_ABSA,奥迪Q3,2026-03-01,2927.0,1550.1275634765625,96,9,1,1
TEXT_ABSA,奥迪Q3,2026-04-01,2192.0,1381.7916259765625,96,9,1,1
TEXT_ABSA,奥迪Q3,2026-05-01,2977.0,1279.0579833984375,96,7,1,1
TEXT_ABSA,奥迪Q3,2026-06-01,2877.0,1248.7606201171875,98,8,1,1
TEXT_ABSA,奥迪Q5 e-tron,2026-01-01,0.0,100.9689712524414,78,6,1,1
TEXT_ABSA,奥迪Q5 e-tron,2026-02-01,0.0,93.85623931884766,78,5,1,1
TEXT_ABSA,奥迪Q5 e-tron,2026-03-01,0.0,123.38272857666016,78,5,1,1
TEXT_ABSA,奥迪Q5 e-tron,2026-04-01,0.0,141.54151916503906,79,5,1,1
TEXT_ABSA,奥迪Q5 e-tron,2026-05-01,0.0,162.57302856445312,79,5,1,1
TEXT_ABSA,奥迪Q5 e-tron,2026-06-01,0.0,170.40286254882812,80,4,1,1
TEXT_ABSA,奥迪Q5L,2026-01-01,14190.0,9322.498046875,82,0,1,0
TEXT_ABSA,奥迪Q5L,2026-02-01,7745.0,6974.662109375,82,0,1,0
TEXT_ABSA,奥迪Q5L,2026-03-01,9698.0,6785.74169921875,83,1,1,1
TEXT_ABSA,奥迪Q5L,2026-04-01,7358.0,5820.2734375,83,1,1,1
TEXT_ABSA,奥迪Q5L,2026-05-01,6272.0,5092.34130859375,85,3,1,1
TEXT_ABSA,奥迪Q5L,2026-06-01,6100.0,4514.76953125,86,4,1,1
TEXT_ABSA,威兰达,2026-01-01,4719.0,3651.43310546875,97,0,1,0
TEXT_ABSA,威兰达,2026-02-01,4886.0,2635.002685546875,98,1,1,1
TEXT_ABSA,威兰达,2026-03-01,9247.0,2609.70703125,98,1,1,1
TEXT_ABSA,威兰达,2026-04-01,5528.0,2428.490478515625,98,1,1,1
TEXT_ABSA,威兰达,2026-05-01,8056.0,2142.05908203125,98,1,1,1
TEXT_ABSA,威兰达,2026-06-01,11037.0,1999.181396484375,98,1,1,1
TEXT_ABSA,威朗,2026-01-01,503.0,721.6757202148438,100,3,1,1
TEXT_ABSA,威朗,2026-02-01,223.0,652.203857421875,100,3,1,1
TEXT_ABSA,威朗,2026-03-01,348.0,620.7001342773438,100,3,1,1
TEXT_ABSA,威朗,2026-04-01,153.0,564.1808471679688,100,0,1,0
TEXT_ABSA,威朗,2026-05-01,115.0,551.9684448242188,100,0,1,0
TEXT_ABSA,威朗,2026-06-01,128.0,551.9684448242188,100,0,1,0
TEXT_ABSA,威然,2026-01-01,432.0,903.8173217773438,167,7,1,1
TEXT_ABSA,威然,2026-02-01,225.0,900.969482421875,168,6,1,1
TEXT_ABSA,威然,2026-03-01,641.0,959.2958374023438,169,6,1,1
TEXT_ABSA,威然,2026-04-01,193.0,894.0659790039062,171,7,1,1
TEXT_ABSA,威然,2026-05-01,251.0,875.2567138671875,175,11,1,1
TEXT_ABSA,威然,2026-06-01,160.0,889.4955444335938,176,10,1,1
TEXT_ABSA,威霆,2026-01-01,347.0,716.917724609375,38,3,1,1
TEXT_ABSA,威霆,2026-02-01,161.0,651.5037231445312,38,3,1,1
TEXT_ABSA,威霆,2026-03-01,349.0,637.9508056640625,38,2,1,1
TEXT_ABSA,威霆,2026-04-01,381.0,572.6299438476562,39,3,1,1
TEXT_ABSA,威霆,2026-05-01,320.0,540.130859375,39,2,1,1
TEXT_ABSA,威霆,2026-06-01,310.0,543.9725952148438,39,1,1,1
TEXT_ABSA,威飒,2026-01-01,32.0,74.63611602783203,98,3,1,1
TEXT_ABSA,威飒,2026-02-01,3.0,72.10626220703125,98,3,1,1
TEXT_ABSA,威飒,2026-03-01,12.0,100.25194549560547,98,3,1,1
TEXT_ABSA,威飒,2026-04-01,7.0,95.21158599853516,98,3,1,1
TEXT_ABSA,威飒,2026-05-01,2.0,99.49935150146484,98,2,1,1
TEXT_ABSA,威飒,2026-06-01,3.0,98.5552978515625,99,2,1,1
TEXT_ABSA,宋PLUS新能源,2026-01-01,391.0,4233.05712890625,10,10,1,1
TEXT_ABSA,宋PLUS新能源,2026-02-01,229.0,3438.30078125,17,17,1,1
TEXT_ABSA,宋PLUS新能源,2026-03-01,327.0,3239.2490234375,18,17,1,1
TEXT_ABSA,宋PLUS新能源,2026-04-01,378.0,2977.396240234375,19,13,1,1
TEXT_ABSA,宋PLUS新能源,2026-05-01,133.0,2528.42236328125,20,11,1,1
TEXT_ABSA,宋PLUS新能源,2026-06-01,40.0,2470.8466796875,20,10,1,1
TEXT_ABSA,宏光MINIEV,2026-01-01,7133.0,17176.376953125,18,18,1,1
TEXT_ABSA,宏光MINIEV,2026-02-01,4866.0,12828.8759765625,18,18,1,1
TEXT_ABSA,宏光MINIEV,2026-03-01,16806.0,11869.607421875,18,18,1,1
TEXT_ABSA,宏光MINIEV,2026-04-01,13229.0,9639.828125,18,16,1,1
TEXT_ABSA,宏光MINIEV,2026-05-01,18308.0,8884.50390625,18,5,1,1
TEXT_ABSA,宏光MINIEV,2026-06-01,12457.0,7746.20703125,18,2,1,1
TEXT_ABSA,宝马3系,2026-01-01,14626.0,9588.5693359375,96,9,1,1
TEXT_ABSA,宝马3系,2026-02-01,9459.0,7500.435546875,99,11,1,1
TEXT_ABSA,宝马3系,2026-03-01,11953.0,7000.13427734375,99,9,1,1
TEXT_ABSA,宝马3系,2026-04-01,9107.0,6093.216796875,99,8,1,1
TEXT_ABSA,宝马3系,2026-05-01,9754.0,5148.09130859375,100,8,1,1
TEXT_ABSA,宝马3系,2026-06-01,10549.0,4631.8720703125,100,5,1,1
TEXT_ABSA,宝马X5,2026-01-01,7852.0,5442.75,62,12,1,1
TEXT_ABSA,宝马X5,2026-02-01,5283.0,3812.22705078125,71,19,1,1
TEXT_ABSA,宝马X5,2026-03-01,5276.0,3755.428955078125,76,24,1,1
TEXT_ABSA,宝马X5,2026-04-01,4280.0,3256.858154296875,80,28,1,1
TEXT_ABSA,宝马X5,2026-05-01,3813.0,3074.40771484375,86,31,1,1
TEXT_ABSA,宝马X5,2026-06-01,3629.0,2827.59130859375,93,38,1,1
TEXT_ABSA,宝马i3,2026-01-01,1038.0,1011.998046875,84,4,1,1
TEXT_ABSA,宝马i3,2026-02-01,577.0,914.5336303710938,87,7,1,1
TEXT_ABSA,宝马i3,2026-03-01,1235.0,910.1514892578125,87,6,1,1
TEXT_ABSA,宝马i3,2026-04-01,1276.0,857.460205078125,90,9,1,1
TEXT_ABSA,宝马i3,2026-05-01,1180.0,869.8861083984375,93,10,1,1
TEXT_ABSA,宝马i3,2026-06-01,1039.0,882.140625,96,13,1,1
TEXT_ABSA,宝马iX1,2026-01-01,744.0,1022.7705688476562,44,9,1,1
TEXT_ABSA,宝马iX1,2026-02-01,428.0,939.0633544921875,46,9,1,1
TEXT_ABSA,宝马iX1,2026-03-01,904.0,1015.054443359375,46,9,1,1
TEXT_ABSA,宝马iX1,2026-04-01,948.0,935.5957641601562,47,9,1,1
TEXT_ABSA,宝马iX1,2026-05-01,878.0,932.488525390625,47,7,1,1
TEXT_ABSA,宝马iX1,2026-06-01,736.0,960.1864013671875,48,7,1,1
TEXT_ABSA,宝马iX3,2026-01-01,14.0,57.39697265625,9,0,1,0
TEXT_ABSA,宝马iX3,2026-02-01,18.0,62.23130798339844,9,0,1,0
TEXT_ABSA,宝马iX3,2026-03-01,97.0,91.80445861816406,9,0,1,0
TEXT_ABSA,宝马iX3,2026-04-01,16.0,100.61421203613281,9,0,1,0
TEXT_ABSA,宝马iX3,2026-05-01,14.0,93.97431945800781,10,1,1,1
TEXT_ABSA,宝马iX3,2026-06-01,8.0,93.7382583618164,10,1,1,1
TEXT_ABSA,小虎FEV,2026-01-01,0.0,1.8636624813079834,5,0,1,0
TEXT_ABSA,小虎FEV,2026-02-01,0.0,3.5256452560424805,5,0,1,0
TEXT_ABSA,小虎FEV,2026-03-01,0.0,6.073119163513184,5,0,1,0
TEXT_ABSA,小虎FEV,2026-04-01,0.0,8.590606689453125,5,0,1,0
TEXT_ABSA,小虎FEV,2026-05-01,0.0,6.019912242889404,5,0,1,0
TEXT_ABSA,小虎FEV,2026-06-01,0.0,11.292494773864746,5,0,1,0
TEXT_ABSA,小鹏P5,2026-01-01,0.0,1.1350122690200806,10,0,1,0
TEXT_ABSA,小鹏P5,2026-02-01,0.0,2.647047281265259,10,0,1,0
TEXT_ABSA,小鹏P5,2026-03-01,0.0,3.1312575340270996,10,0,1,0
TEXT_ABSA,小鹏P5,2026-04-01,0.0,3.0022313594818115,10,0,1,0
TEXT_ABSA,小鹏P5,2026-05-01,0.0,3.040006637573242,10,0,1,0
TEXT_ABSA,小鹏P5,2026-06-01,0.0,3.1785852909088135,10,0,1,0
TEXT_ABSA,岚图梦想家,2026-01-01,3574.0,5816.5830078125,0,0,0,0
TEXT_ABSA,岚图梦想家,2026-02-01,3980.0,4474.9423828125,0,0,0,0
TEXT_ABSA,岚图梦想家,2026-03-01,5511.0,3918.5615234375,0,0,0,0
TEXT_ABSA,岚图梦想家,2026-04-01,6995.0,3581.294189453125,0,0,0,0
TEXT_ABSA,岚图梦想家,2026-05-01,4954.0,3241.821044921875,0,0,0,0
TEXT_ABSA,岚图梦想家,2026-06-01,6926.0,3177.468017578125,0,0,0,0
TEXT_ABSA,帕萨特,2026-01-01,20799.0,13128.369140625,117,18,1,1
TEXT_ABSA,帕萨特,2026-02-01,13988.0,10155.3447265625,125,26,1,1
TEXT_ABSA,帕萨特,2026-03-01,16067.0,9481.53125,138,38,1,1
TEXT_ABSA,帕萨特,2026-04-01,8129.0,7499.4697265625,158,57,1,1
TEXT_ABSA,帕萨特,2026-05-01,10727.0,7060.982421875,168,62,1,1
TEXT_ABSA,帕萨特,2026-06-01,10330.0,6462.52783203125,178,66,1,1
TEXT_ABSA,帕萨特新能源,2026-01-01,42.0,1167.3807373046875,0,0,0,0
TEXT_ABSA,帕萨特新能源,2026-02-01,12.0,1015.8726196289062,0,0,0,0
TEXT_ABSA,帕萨特新能源,2026-03-01,87.0,1109.0145263671875,0,0,0,0
TEXT_ABSA,帕萨特新能源,2026-04-01,189.0,1000.768310546875,0,0,0,0
TEXT_ABSA,帕萨特新能源,2026-05-01,256.0,918.9224243164062,0,0,0,0
TEXT_ABSA,帕萨特新能源,2026-06-01,2914.0,876.55419921875,0,0,0,0
TEXT_ABSA,库斯途,2026-01-01,2112.0,1059.10888671875,74,27,1,1
TEXT_ABSA,库斯途,2026-02-01,1050.0,930.4725341796875,76,26,1,1
TEXT_ABSA,库斯途,2026-03-01,1722.0,1015.2366333007812,80,20,1,1
TEXT_ABSA,库斯途,2026-04-01,1187.0,921.9646606445312,86,21,1,1
TEXT_ABSA,库斯途,2026-05-01,1089.0,881.1112060546875,89,20,1,1
TEXT_ABSA,库斯途,2026-06-01,1141.0,895.3562622070312,95,21,1,1
TEXT_ABSA,护卫舰07,2026-01-01,1.0,18.869308471679688,10,0,1,0
TEXT_ABSA,护卫舰07,2026-02-01,0.0,20.088825225830078,10,0,1,0
TEXT_ABSA,护卫舰07,2026-03-01,0.0,26.133758544921875,10,0,1,0
TEXT_ABSA,护卫舰07,2026-04-01,1.0,34.24428176879883,10,0,1,0
TEXT_ABSA,护卫舰07,2026-05-01,1.0,46.41504669189453,10,0,1,0
TEXT_ABSA,护卫舰07,2026-06-01,3.0,57.056358337402344,10,0,1,0
TEXT_ABSA,捷达VA3,2026-01-01,1848.0,1619.160888671875,86,1,1,1
TEXT_ABSA,捷达VA3,2026-02-01,697.0,1346.811279296875,87,2,1,1
TEXT_ABSA,捷达VA3,2026-03-01,2729.0,1476.09765625,88,3,1,1
TEXT_ABSA,捷达VA3,2026-04-01,2660.0,1322.306884765625,88,2,1,1
TEXT_ABSA,捷达VA3,2026-05-01,3005.0,1223.699462890625,89,3,1,1
TEXT_ABSA,捷达VA3,2026-06-01,3060.0,1240.70458984375,89,3,1,1
TEXT_ABSA,探岳,2026-01-01,16732.0,10533.2314453125,172,5,1,1
TEXT_ABSA,探岳,2026-02-01,11084.0,7654.75927734375,174,6,1,1
TEXT_ABSA,探岳,2026-03-01,15897.0,7217.849609375,176,8,1,1
TEXT_ABSA,探岳,2026-04-01,6667.0,6486.3466796875,179,11,1,1
TEXT_ABSA,探岳,2026-05-01,11425.0,5529.65234375,184,15,1,1
TEXT_ABSA,探岳,2026-06-01,11664.0,4918.14404296875,188,18,1,1
TEXT_ABSA,探界者,2026-01-01,0.0,10.082049369812012,100,1,1,1
TEXT_ABSA,探界者,2026-02-01,13.0,12.561565399169922,100,0,1,0
TEXT_ABSA,探界者,2026-03-01,6.0,15.136250495910645,100,0,1,0
TEXT_ABSA,探界者,2026-04-01,2.0,15.317217826843262,100,0,1,0
TEXT_ABSA,探界者,2026-05-01,0.0,16.07671546936035,100,0,1,0
TEXT_ABSA,探界者,2026-06-01,1.0,17.991390228271484,100,0,1,0
TEXT_ABSA,揽境,2026-01-01,632.0,615.5800170898438,187,16,1,1
TEXT_ABSA,揽境,2026-02-01,399.0,497.31036376953125,190,19,1,1
TEXT_ABSA,揽境,2026-03-01,412.0,515.4232788085938,191,16,1,1
TEXT_ABSA,揽境,2026-04-01,516.0,496.9697570800781,192,15,1,1
TEXT_ABSA,揽境,2026-05-01,713.0,415.40313720703125,193,14,1,1
TEXT_ABSA,揽境,2026-06-01,436.0,436.3260192871094,196,13,1,1
TEXT_ABSA,新帝豪,2026-01-01,16805.0,7283.68115234375,0,0,0,0
TEXT_ABSA,新帝豪,2026-02-01,10505.0,5970.55810546875,0,0,0,0
TEXT_ABSA,新帝豪,2026-03-01,9278.0,5117.17431640625,0,0,0,0
TEXT_ABSA,新帝豪,2026-04-01,6055.0,4263.9296875,0,0,0,0
TEXT_ABSA,新帝豪,2026-05-01,6750.0,4051.679931640625,0,0,0,0
TEXT_ABSA,新帝豪,2026-06-01,7143.0,3771.814697265625,0,0,0,0
TEXT_ABSA,星瑞,2026-01-01,19011.0,7552.3583984375,97,3,1,1
TEXT_ABSA,星瑞,2026-02-01,12409.0,6308.38818359375,99,5,1,1
TEXT_ABSA,星瑞,2026-03-01,10919.0,5404.83349609375,100,6,1,1
TEXT_ABSA,星瑞,2026-04-01,7427.0,4263.9296875,100,6,1,1
TEXT_ABSA,星瑞,2026-05-01,7730.0,4074.37646484375,100,5,1,1
TEXT_ABSA,星瑞,2026-06-01,8161.0,3771.814697265625,100,4,1,1
TEXT_ABSA,星越L,2026-01-01,23760.0,7150.24658203125,94,9,1,1
TEXT_ABSA,星越L,2026-02-01,10134.0,5793.10107421875,95,9,1,1
TEXT_ABSA,星越L,2026-03-01,12871.0,4964.34814453125,96,9,1,1
TEXT_ABSA,星越L,2026-04-01,9046.0,3964.590087890625,97,8,1,1
TEXT_ABSA,星越L,2026-05-01,9528.0,3836.812744140625,97,6,1,1
TEXT_ABSA,星越L,2026-06-01,11915.0,3659.8095703125,98,6,1,1
TEXT_ABSA,星途ES,2026-01-01,83.0,455.51104736328125,92,26,1,1
TEXT_ABSA,星途ES,2026-02-01,14.0,457.9492492675781,93,16,1,1
TEXT_ABSA,星途ES,2026-03-01,147.0,555.119873046875,94,13,1,1
TEXT_ABSA,星途ES,2026-04-01,31.0,549.4453125,94,8,1,1
TEXT_ABSA,星途ES,2026-05-01,259.0,549.4453125,96,8,1,1
TEXT_ABSA,星途ES,2026-06-01,280.0,531.90576171875,96,4,1,1
TEXT_ABSA,智跑,2026-01-01,59.0,70.36952209472656,100,0,1,0
TEXT_ABSA,智跑,2026-02-01,29.0,63.154422760009766,100,0,1,0
TEXT_ABSA,智跑,2026-03-01,55.0,91.25932312011719,100,0,1,0
TEXT_ABSA,智跑,2026-04-01,18.0,92.31529235839844,100,0,1,0
TEXT_ABSA,智跑,2026-05-01,31.0,94.81510925292969,100,0,1,0
TEXT_ABSA,智跑,2026-06-01,31.0,96.239501953125,100,0,1,0
TEXT_ABSA,朗逸,2026-01-01,23481.0,14797.02734375,128,9,1,1
TEXT_ABSA,朗逸,2026-02-01,16111.0,11223.9189453125,137,17,1,1
TEXT_ABSA,朗逸,2026-03-01,19939.0,10779.7431640625,144,22,1,1
TEXT_ABSA,朗逸,2026-04-01,12457.0,8414.5224609375,162,39,1,1
TEXT_ABSA,朗逸,2026-05-01,13033.0,7759.46533203125,175,51,1,1
TEXT_ABSA,朗逸,2026-06-01,15444.0,7404.4482421875,186,61,1,1
TEXT_ABSA,本田HR-V,2026-01-01,2123.0,747.1373901367188,66,2,1,1
TEXT_ABSA,本田HR-V,2026-02-01,1908.0,740.7877197265625,72,8,1,1
TEXT_ABSA,本田HR-V,2026-03-01,2480.0,768.2017822265625,81,16,1,1
TEXT_ABSA,本田HR-V,2026-04-01,1676.0,711.6162109375,85,20,1,1
TEXT_ABSA,本田HR-V,2026-05-01,1686.0,706.5262451171875,91,26,1,1
TEXT_ABSA,本田HR-V,2026-06-01,2282.0,707.87939453125,96,30,1,1
TEXT_ABSA,本田XR-V,2026-01-01,298.0,197.74786376953125,99,1,1,1
TEXT_ABSA,本田XR-V,2026-02-01,200.0,179.97605895996094,99,1,1,1
TEXT_ABSA,本田XR-V,2026-03-01,594.0,245.4517822265625,100,1,1,1
TEXT_ABSA,本田XR-V,2026-04-01,451.0,185.69058227539062,100,1,1,1
TEXT_ABSA,本田XR-V,2026-05-01,236.0,205.57168579101562,100,1,1,1
TEXT_ABSA,本田XR-V,2026-06-01,34.0,195.64596557617188,100,1,1,1
TEXT_ABSA,极氪001,2026-01-01,2956.0,3559.2958984375,16,16,1,1
TEXT_ABSA,极氪001,2026-02-01,3205.0,2717.69677734375,16,16,1,1
TEXT_ABSA,极氪001,2026-03-01,2854.0,2843.528564453125,16,16,1,1
TEXT_ABSA,极氪001,2026-04-01,2267.0,2438.525146484375,16,16,1,1
TEXT_ABSA,极氪001,2026-05-01,1876.0,2142.05908203125,16,14,1,1
TEXT_ABSA,极氪001,2026-06-01,1844.0,1957.237548828125,16,1,1,1
TEXT_ABSA,极氪009,2026-01-01,576.0,1040.7413330078125,17,12,1,1
TEXT_ABSA,极氪009,2026-02-01,927.0,883.6043701171875,17,12,1,1
TEXT_ABSA,极氪009,2026-03-01,721.0,936.6270751953125,17,12,1,1
TEXT_ABSA,极氪009,2026-04-01,483.0,957.8997802734375,17,12,1,1
TEXT_ABSA,极氪009,2026-05-01,1536.0,957.4627685546875,17,12,1,1
TEXT_ABSA,极氪009,2026-06-01,2843.0,985.99951171875,17,11,1,1
TEXT_ABSA,林肯Z,2026-01-01,1308.0,1068.542236328125,69,33,1,1
TEXT_ABSA,林肯Z,2026-02-01,713.0,936.5157470703125,74,36,1,1
TEXT_ABSA,林肯Z,2026-03-01,1280.0,1030.2452392578125,78,34,1,1
TEXT_ABSA,林肯Z,2026-04-01,732.0,935.5957641601562,85,35,1,1
TEXT_ABSA,林肯Z,2026-05-01,737.0,946.3627319335938,92,33,1,1
TEXT_ABSA,林肯Z,2026-06-01,713.0,960.1864013671875,96,31,1,1
TEXT_ABSA,标致408,2026-01-01,1494.0,413.4205322265625,96,7,1,1
TEXT_ABSA,标致408,2026-02-01,685.0,373.40435791015625,96,6,1,1
TEXT_ABSA,标致408,2026-03-01,478.0,422.9881591796875,96,5,1,1
TEXT_ABSA,标致408,2026-04-01,453.0,390.7121276855469,96,4,1,1
TEXT_ABSA,标致408,2026-05-01,822.0,374.2277526855469,96,1,1,1
TEXT_ABSA,标致408,2026-06-01,527.0,371.8150634765625,96,1,1,1
TEXT_ABSA,标致508,2026-01-01,136.0,169.4039306640625,1,1,1,1
TEXT_ABSA,标致508,2026-02-01,108.0,173.81541442871094,2,2,1,1
TEXT_ABSA,标致508,2026-03-01,219.0,244.8728790283203,3,3,1,1
TEXT_ABSA,标致508,2026-04-01,78.0,203.54420471191406,4,3,1,1
TEXT_ABSA,标致508,2026-05-01,100.0,222.93011474609375,7,6,1,1
TEXT_ABSA,标致508,2026-06-01,78.0,234.32151794433594,10,9,1,1
TEXT_ABSA,格瑞维亚,2026-01-01,5068.0,5614.42822265625,65,15,1,1
TEXT_ABSA,格瑞维亚,2026-02-01,1472.0,4268.58154296875,70,20,1,1
TEXT_ABSA,格瑞维亚,2026-03-01,4329.0,4126.99560546875,75,25,1,1
TEXT_ABSA,格瑞维亚,2026-04-01,2559.0,3581.386474609375,82,29,1,1
TEXT_ABSA,格瑞维亚,2026-05-01,2563.0,3270.048828125,87,31,1,1
TEXT_ABSA,格瑞维亚,2026-06-01,2076.0,3201.1875,93,33,1,1
TEXT_ABSA,欧拉好猫,2026-01-01,502.0,1788.9202880859375,71,13,1,1
TEXT_ABSA,欧拉好猫,2026-02-01,218.0,1439.973388671875,74,14,1,1
TEXT_ABSA,欧拉好猫,2026-03-01,784.0,1536.477294921875,78,16,1,1
TEXT_ABSA,欧拉好猫,2026-04-01,1125.0,1372.878173828125,80,17,1,1
TEXT_ABSA,欧拉好猫,2026-05-01,1112.0,1270.8067626953125,86,21,1,1
TEXT_ABSA,欧拉好猫,2026-06-01,1016.0,1240.70458984375,91,22,1,1
TEXT_ABSA,欧拉闪电猫,2026-01-01,0.0,23.93746566772461,100,0,1,0
TEXT_ABSA,欧拉闪电猫,2026-02-01,0.0,29.17119789123535,100,0,1,0
TEXT_ABSA,欧拉闪电猫,2026-03-01,0.0,38.02009582519531,100,0,1,0
TEXT_ABSA,欧拉闪电猫,2026-04-01,0.0,47.09738540649414,100,0,1,0
TEXT_ABSA,欧拉闪电猫,2026-05-01,0.0,60.84273910522461,100,0,1,0
TEXT_ABSA,欧拉闪电猫,2026-06-01,0.0,67.14778900146484,100,0,1,0
TEXT_ABSA,欧诺S,2026-01-01,564.0,454.5733642578125,32,8,1,1
TEXT_ABSA,欧诺S,2026-02-01,440.0,425.3587646484375,32,8,1,1
TEXT_ABSA,欧诺S,2026-03-01,677.0,492.0592041015625,33,8,1,1
TEXT_ABSA,欧诺S,2026-04-01,576.0,439.6082763671875,34,7,1,1
TEXT_ABSA,欧诺S,2026-05-01,531.0,423.4801330566406,35,6,1,1
TEXT_ABSA,欧诺S,2026-06-01,350.0,442.1451416015625,35,4,1,1
TEXT_ABSA,汉,2026-01-01,2147.0,6053.927734375,10,10,1,1
TEXT_ABSA,汉,2026-02-01,1962.0,4844.1337890625,10,10,1,1
TEXT_ABSA,汉,2026-03-01,3661.0,4242.8115234375,10,10,1,1
TEXT_ABSA,汉,2026-04-01,2834.0,3755.14599609375,10,6,1,1
TEXT_ABSA,汉,2026-05-01,3390.0,3304.07763671875,10,4,1,1
TEXT_ABSA,汉,2026-06-01,3285.0,3164.306640625,10,1,1,1
TEXT_ABSA,沃尔沃S90,2026-01-01,2157.0,1555.4049072265625,94,1,1,1
TEXT_ABSA,沃尔沃S90,2026-02-01,504.0,1224.2969970703125,97,4,1,1
TEXT_ABSA,沃尔沃S90,2026-03-01,1775.0,1375.9482421875,97,4,1,1
TEXT_ABSA,沃尔沃S90,2026-04-01,428.0,1297.889892578125,97,4,1,1
TEXT_ABSA,沃尔沃S90,2026-05-01,397.0,1213.76904296875,97,3,1,1
TEXT_ABSA,沃尔沃S90,2026-06-01,510.0,1265.740966796875,98,4,1,1
TEXT_ABSA,沃尔沃S90新能源,2026-01-01,28.0,199.5605010986328,0,0,0,0
TEXT_ABSA,沃尔沃S90新能源,2026-02-01,18.0,199.5605010986328,0,0,0,0
TEXT_ABSA,沃尔沃S90新能源,2026-03-01,63.0,294.71392822265625,0,0,0,0
TEXT_ABSA,沃尔沃S90新能源,2026-04-01,15.0,299.529052734375,0,0,0,0
TEXT_ABSA,沃尔沃S90新能源,2026-05-01,11.0,299.529052734375,0,0,0,0
TEXT_ABSA,沃尔沃S90新能源,2026-06-01,7.0,305.9220886230469,0,0,0,0
TEXT_ABSA,海豚,2026-01-01,5699.0,11172.7490234375,86,18,1,1
TEXT_ABSA,海豚,2026-02-01,6081.0,8765.345703125,90,19,1,1
TEXT_ABSA,海豚,2026-03-01,17291.0,8156.630859375,92,19,1,1
TEXT_ABSA,海豚,2026-04-01,14218.0,6958.966796875,94,18,1,1
TEXT_ABSA,海豚,2026-05-01,12819.0,6844.7265625,96,16,1,1
TEXT_ABSA,海豚,2026-06-01,13005.0,6308.2861328125,97,13,1,1
TEXT_ABSA,海豹07DM-i,2026-01-01,238.0,599.2298583984375,2,2,1,1
TEXT_ABSA,海豹07DM-i,2026-02-01,277.0,489.6849060058594,9,9,1,1
TEXT_ABSA,海豹07DM-i,2026-03-01,432.0,677.13525390625,9,9,1,1
TEXT_ABSA,海豹07DM-i,2026-04-01,628.0,626.9754638671875,9,9,1,1
TEXT_ABSA,海豹07DM-i,2026-05-01,615.0,544.625244140625,9,9,1,1
TEXT_ABSA,海豹07DM-i,2026-06-01,777.0,551.4468994140625,9,9,1,1
TEXT_ABSA,深蓝SL03,2026-01-01,564.0,361.19244384765625,97,4,1,1
TEXT_ABSA,深蓝SL03,2026-02-01,544.0,316.35748291015625,97,4,1,1
TEXT_ABSA,深蓝SL03,2026-03-01,335.0,375.0317687988281,97,3,1,1
TEXT_ABSA,深蓝SL03,2026-04-01,120.0,318.99847412109375,98,4,1,1
TEXT_ABSA,深蓝SL03,2026-05-01,7.0,305.1784973144531,99,5,1,1
TEXT_ABSA,深蓝SL03,2026-06-01,5.0,305.4107360839844,99,4,1,1
TEXT_ABSA,焕驰,2026-01-01,1.0,5.124466896057129,54,3,1,1
TEXT_ABSA,焕驰,2026-02-01,0.0,11.06731128692627,54,3,1,1
TEXT_ABSA,焕驰,2026-03-01,1.0,15.224603652954102,54,3,1,1
TEXT_ABSA,焕驰,2026-04-01,2.0,16.237991333007812,54,2,1,1
TEXT_ABSA,焕驰,2026-05-01,0.0,16.99237632751465,54,2,1,1
TEXT_ABSA,焕驰,2026-06-01,6.0,18.611753463745117,54,0,1,0
TEXT_ABSA,瑞虎3x,2026-01-01,950.0,1009.6859741210938,93,11,1,1
TEXT_ABSA,瑞虎3x,2026-02-01,811.0,912.5881958007812,96,12,1,1
TEXT_ABSA,瑞虎3x,2026-03-01,850.0,916.148193359375,97,13,1,1
TEXT_ABSA,瑞虎3x,2026-04-01,560.0,851.8472290039062,98,8,1,1
TEXT_ABSA,瑞虎3x,2026-05-01,719.0,864.1919555664062,98,7,1,1
TEXT_ABSA,瑞虎3x,2026-06-01,639.0,878.163330078125,98,6,1,1
TEXT_ABSA,瑞虎7,2026-01-01,2982.0,2346.1591796875,91,2,1,1
TEXT_ABSA,瑞虎7,2026-02-01,2890.0,1440.23388671875,92,3,1,1
TEXT_ABSA,瑞虎7,2026-03-01,1685.0,1580.7637939453125,95,6,1,1
TEXT_ABSA,瑞虎7,2026-04-01,1521.0,1474.4539794921875,95,6,1,1
TEXT_ABSA,瑞虎7,2026-05-01,2293.0,1330.2979736328125,96,7,1,1
TEXT_ABSA,瑞虎7,2026-06-01,1994.0,1296.2528076171875,98,7,1,1
TEXT_ABSA,瑞虎8,2026-01-01,15705.0,10661.2685546875,67,7,1,1
TEXT_ABSA,瑞虎8,2026-02-01,13488.0,8315.7568359375,69,9,1,1
TEXT_ABSA,瑞虎8,2026-03-01,9334.0,7796.9306640625,70,9,1,1
TEXT_ABSA,瑞虎8,2026-04-01,5859.0,6920.91162109375,71,10,1,1
TEXT_ABSA,瑞虎8,2026-05-01,7099.0,6672.07275390625,74,13,1,1
TEXT_ABSA,瑞虎8,2026-06-01,9835.0,5873.578125,81,17,1,1
TEXT_ABSA,瑞虎9,2026-01-01,5857.0,3865.917236328125,52,29,1,1
TEXT_ABSA,瑞虎9,2026-02-01,4592.0,2918.36572265625,53,26,1,1
TEXT_ABSA,瑞虎9,2026-03-01,3377.0,2894.87646484375,59,32,1,1
TEXT_ABSA,瑞虎9,2026-04-01,3011.0,2444.158203125,63,32,1,1
TEXT_ABSA,瑞虎9,2026-05-01,3580.0,2128.473388671875,68,35,1,1
TEXT_ABSA,瑞虎9,2026-06-01,3852.0,1986.50146484375,75,32,1,1
TEXT_ABSA,瑞风E3,2026-01-01,96.0,128.85499572753906,10,1,1,1
TEXT_ABSA,瑞风E3,2026-02-01,50.0,138.19593811035156,10,0,1,0
TEXT_ABSA,瑞风E3,2026-03-01,125.0,199.769287109375,10,0,1,0
TEXT_ABSA,瑞风E3,2026-04-01,178.0,176.43589782714844,10,0,1,0
TEXT_ABSA,瑞风E3,2026-05-01,248.0,209.379638671875,10,0,1,0
TEXT_ABSA,瑞风E3,2026-06-01,269.0,194.9859161376953,10,0,1,0
TEXT_ABSA,皇冠陆放,2026-01-01,5894.0,5338.64453125,65,7,1,1
TEXT_ABSA,皇冠陆放,2026-02-01,1918.0,3916.681640625,71,13,1,1
TEXT_ABSA,皇冠陆放,2026-03-01,5027.0,3968.998291015625,76,18,1,1
TEXT_ABSA,皇冠陆放,2026-04-01,2847.0,3412.502685546875,84,26,1,1
TEXT_ABSA,皇冠陆放,2026-05-01,2494.0,3142.562744140625,88,29,1,1
TEXT_ABSA,皇冠陆放,2026-06-01,2807.0,2918.25732421875,92,28,1,1
TEXT_ABSA,皓影新能源,2026-01-01,71.0,178.79078674316406,10,1,1,1
TEXT_ABSA,皓影新能源,2026-02-01,73.0,159.7912139892578,10,1,1,1
TEXT_ABSA,皓影新能源,2026-03-01,122.0,200.72901916503906,10,1,1,1
TEXT_ABSA,皓影新能源,2026-04-01,51.0,168.26248168945312,10,1,1,1
TEXT_ABSA,皓影新能源,2026-05-01,20.0,205.57168579101562,10,0,1,0
TEXT_ABSA,皓影新能源,2026-06-01,67.0,193.44024658203125,10,0,1,0
TEXT_ABSA,福瑞迪,2026-01-01,958.0,250.0547332763672,10,0,1,0
TEXT_ABSA,福瑞迪,2026-02-01,271.0,189.5235595703125,10,0,1,0
TEXT_ABSA,福瑞迪,2026-03-01,1124.0,241.7886505126953,10,0,1,0
TEXT_ABSA,福瑞迪,2026-04-01,134.0,221.6990509033203,10,0,1,0
TEXT_ABSA,福瑞迪,2026-05-01,858.0,227.6026611328125,10,0,1,0
TEXT_ABSA,福瑞迪,2026-06-01,408.0,232.46563720703125,10,0,1,0
TEXT_ABSA,秦PLUS,2026-01-01,6983.0,22062.69921875,15,15,1,1
TEXT_ABSA,秦PLUS,2026-02-01,6098.0,16814.314453125,15,15,1,1
TEXT_ABSA,秦PLUS,2026-03-01,15363.0,13222.94140625,15,15,1,1
TEXT_ABSA,秦PLUS,2026-04-01,13228.0,11086.05859375,15,15,1,1
TEXT_ABSA,秦PLUS,2026-05-01,12971.0,9792.1259765625,15,9,1,1
TEXT_ABSA,秦PLUS,2026-06-01,13726.0,9236.9638671875,15,0,1,0
TEXT_ABSA,秦新能源,2026-01-01,58.0,1007.9288940429688,9,0,1,0
TEXT_ABSA,秦新能源,2026-02-01,28.0,878.0158081054688,9,0,1,0
TEXT_ABSA,秦新能源,2026-03-01,85.0,918.010009765625,9,0,1,0
TEXT_ABSA,秦新能源,2026-04-01,149.0,822.8090209960938,9,0,1,0
TEXT_ABSA,秦新能源,2026-05-01,59.0,824.1196899414062,9,0,1,0
TEXT_ABSA,秦新能源,2026-06-01,23.0,837.4440307617188,10,1,1,1
TEXT_ABSA,红旗E-HS9,2026-01-01,0.0,17.338396072387695,99,1,1,1
TEXT_ABSA,红旗E-HS9,2026-02-01,0.0,19.22153663635254,99,1,1,1
TEXT_ABSA,红旗E-HS9,2026-03-01,0.0,25.58409881591797,99,1,1,1
TEXT_ABSA,红旗E-HS9,2026-04-01,0.0,29.50840950012207,99,1,1,1
TEXT_ABSA,红旗E-HS9,2026-05-01,0.0,32.49748992919922,99,0,1,0
TEXT_ABSA,红旗E-HS9,2026-06-01,0.0,34.76222229003906,99,0,1,0
TEXT_ABSA,红旗E-QM5,2026-01-01,2549.0,4287.1279296875,86,10,1,1
TEXT_ABSA,红旗E-QM5,2026-02-01,2327.0,3267.834716796875,90,13,1,1
TEXT_ABSA,红旗E-QM5,2026-03-01,1813.0,3360.193359375,91,14,1,1
TEXT_ABSA,红旗E-QM5,2026-04-01,2166.0,3044.552490234375,91,13,1,1
TEXT_ABSA,红旗E-QM5,2026-05-01,5293.0,2605.910400390625,92,14,1,1
TEXT_ABSA,红旗E-QM5,2026-06-01,2277.0,2522.43505859375,96,13,1,1
TEXT_ABSA,红旗H9,2026-01-01,494.0,773.3314208984375,96,2,1,1
TEXT_ABSA,红旗H9,2026-02-01,371.0,712.243408203125,96,2,1,1
TEXT_ABSA,红旗H9,2026-03-01,507.0,762.3024291992188,96,2,1,1
TEXT_ABSA,红旗H9,2026-04-01,431.0,705.8009033203125,97,2,1,1
TEXT_ABSA,红旗H9,2026-05-01,365.0,700.7528076171875,99,4,1,1
TEXT_ABSA,红旗H9,2026-06-01,488.0,699.43896484375,99,3,1,1
TEXT_ABSA,红旗国耀,2026-01-01,5.0,10.466035842895508,0,0,0,0
TEXT_ABSA,红旗国耀,2026-02-01,3.0,11.572969436645508,0,0,0,0
TEXT_ABSA,红旗国耀,2026-03-01,3.0,10.282079696655273,0,0,0,0
TEXT_ABSA,红旗国耀,2026-04-01,4.0,10.484746932983398,0,0,0,0
TEXT_ABSA,红旗国耀,2026-05-01,3.0,10.28211784362793,0,0,0,0
TEXT_ABSA,红旗国耀,2026-06-01,8.0,10.7863130569458,0,0,0,0
TEXT_ABSA,缤智,2026-01-01,510.0,479.3134765625,96,0,1,0
TEXT_ABSA,缤智,2026-02-01,552.0,407.3450927734375,96,0,1,0
TEXT_ABSA,缤智,2026-03-01,934.0,529.4832763671875,98,2,1,1
TEXT_ABSA,缤智,2026-04-01,369.0,484.602783203125,98,2,1,1
TEXT_ABSA,缤智,2026-05-01,314.0,416.04656982421875,99,3,1,1
TEXT_ABSA,缤智,2026-06-01,396.0,442.5474548339844,100,4,1,1
TEXT_ABSA,缤越,2026-01-01,8233.0,8468.39453125,80,21,1,1
TEXT_ABSA,缤越,2026-02-01,6834.0,6551.453125,84,20,1,1
TEXT_ABSA,缤越,2026-03-01,12218.0,6066.1005859375,86,18,1,1
TEXT_ABSA,缤越,2026-04-01,14923.0,5199.20703125,87,18,1,1
TEXT_ABSA,缤越,2026-05-01,12841.0,4448.65283203125,89,15,1,1
TEXT_ABSA,缤越,2026-06-01,11310.0,4289.84814453125,92,13,1,1
TEXT_ABSA,腾势D9,2026-01-01,2904.0,4775.6904296875,0,0,0,0
TEXT_ABSA,腾势D9,2026-02-01,3121.0,3521.55078125,0,0,0,0
TEXT_ABSA,腾势D9,2026-03-01,4307.0,3572.068359375,0,0,0,0
TEXT_ABSA,腾势D9,2026-04-01,4797.0,3144.06787109375,0,0,0,0
TEXT_ABSA,腾势D9,2026-05-01,6145.0,2776.281494140625,0,0,0,0
TEXT_ABSA,腾势D9,2026-06-01,6952.0,2578.879150390625,0,0,0,0
TEXT_ABSA,艾力绅,2026-01-01,423.0,336.8212585449219,95,0,1,0
TEXT_ABSA,艾力绅,2026-02-01,192.0,298.94281005859375,96,1,1,1
TEXT_ABSA,艾力绅,2026-03-01,379.0,396.0621032714844,97,2,1,1
TEXT_ABSA,艾力绅,2026-04-01,229.0,383.5438537597656,97,2,1,1
TEXT_ABSA,艾力绅,2026-05-01,269.0,337.9179382324219,97,2,1,1
TEXT_ABSA,艾力绅,2026-06-01,247.0,346.625,97,2,1,1
TEXT_ABSA,艾瑞泽8,2026-01-01,12478.0,10661.2685546875,84,24,1,1
TEXT_ABSA,艾瑞泽8,2026-02-01,12130.0,8315.7568359375,84,18,1,1
TEXT_ABSA,艾瑞泽8,2026-03-01,7536.0,7796.9306640625,84,16,1,1
TEXT_ABSA,艾瑞泽8,2026-04-01,5344.0,6920.91162109375,84,16,1,1
TEXT_ABSA,艾瑞泽8,2026-05-01,5775.0,6672.07275390625,84,9,1,1
TEXT_ABSA,艾瑞泽8,2026-06-01,7127.0,5873.578125,84,4,1,1
TEXT_ABSA,英仕派,2026-01-01,4960.0,3623.700927734375,89,13,1,1
TEXT_ABSA,英仕派,2026-02-01,2796.0,2534.595703125,90,14,1,1
TEXT_ABSA,英仕派,2026-03-01,2026.0,2842.026123046875,90,14,1,1
TEXT_ABSA,英仕派,2026-04-01,1729.0,2459.7578125,91,13,1,1
TEXT_ABSA,英仕派,2026-05-01,2086.0,2093.417724609375,94,11,1,1
TEXT_ABSA,英仕派,2026-06-01,2481.0,1983.43701171875,95,6,1,1
TEXT_ABSA,荣威i5,2026-01-01,5900.0,3856.142333984375,82,8,1,1
TEXT_ABSA,荣威i5,2026-02-01,4163.0,3006.456787109375,82,8,1,1
TEXT_ABSA,荣威i5,2026-03-01,5946.0,2872.74755859375,84,9,1,1
TEXT_ABSA,荣威i5,2026-04-01,6547.0,2444.158203125,87,11,1,1
TEXT_ABSA,荣威i5,2026-05-01,2416.0,2128.473388671875,90,11,1,1
TEXT_ABSA,荣威i5,2026-06-01,247.0,1986.50146484375,96,16,1,1
TEXT_ABSA,荣威i6 MAX新能源,2026-01-01,0.0,197.7105255126953,10,1,1,1
TEXT_ABSA,荣威i6 MAX新能源,2026-02-01,0.0,172.6399383544922,10,1,1,1
TEXT_ABSA,荣威i6 MAX新能源,2026-03-01,0.0,272.93157958984375,10,1,1,1
TEXT_ABSA,荣威i6 MAX新能源,2026-04-01,17.0,239.58839416503906,10,0,1,0
TEXT_ABSA,荣威i6 MAX新能源,2026-05-01,9.0,222.30218505859375,10,0,1,0
TEXT_ABSA,荣威i6 MAX新能源,2026-06-01,5.0,247.12619018554688,10,0,1,0
TEXT_ABSA,菱智,2026-01-01,1050.0,475.1554260253906,41,5,1,1
TEXT_ABSA,菱智,2026-02-01,650.0,433.89215087890625,42,5,1,1
TEXT_ABSA,菱智,2026-03-01,899.0,501.06903076171875,43,5,1,1
TEXT_ABSA,菱智,2026-04-01,1252.0,436.7274169921875,44,5,1,1
TEXT_ABSA,菱智,2026-05-01,688.0,394.81597900390625,44,4,1,1
TEXT_ABSA,菱智,2026-06-01,932.0,368.4896545410156,45,4,1,1
TEXT_ABSA,蒙迪欧,2026-01-01,3453.0,2533.310791015625,89,6,1,1
TEXT_ABSA,蒙迪欧,2026-02-01,2375.0,1966.5889892578125,89,4,1,1
TEXT_ABSA,蒙迪欧,2026-03-01,2261.0,2075.678466796875,89,4,1,1
TEXT_ABSA,蒙迪欧,2026-04-01,1355.0,1746.5240478515625,89,3,1,1
TEXT_ABSA,蒙迪欧,2026-05-01,1445.0,1616.20849609375,89,2,1,1
TEXT_ABSA,蒙迪欧,2026-06-01,1803.0,1636.180908203125,89,0,1,0
TEXT_ABSA,蔚来ET5,2026-01-01,447.0,899.696044921875,100,7,1,1
TEXT_ABSA,蔚来ET5,2026-02-01,482.0,848.6531372070312,100,6,1,1
TEXT_ABSA,蔚来ET5,2026-03-01,959.0,924.6947021484375,100,6,1,1
TEXT_ABSA,蔚来ET5,2026-04-01,810.0,848.860595703125,100,6,1,1
TEXT_ABSA,蔚来ET5,2026-05-01,700.0,850.2127685546875,100,6,1,1
TEXT_ABSA,蔚来ET5,2026-06-01,610.0,871.1619262695312,100,0,1,0
TEXT_ABSA,蔚来ET7,2026-01-01,15.0,66.7573471069336,99,1,1,1
TEXT_ABSA,蔚来ET7,2026-02-01,20.0,71.65950775146484,99,1,1,1
TEXT_ABSA,蔚来ET7,2026-03-01,17.0,105.58776092529297,99,1,1,1
TEXT_ABSA,蔚来ET7,2026-04-01,22.0,207.84011840820312,99,0,1,0
TEXT_ABSA,蔚来ET7,2026-05-01,11.0,185.62106323242188,99,0,1,0
TEXT_ABSA,蔚来ET7,2026-06-01,11.0,227.3533935546875,99,0,1,0
TEXT_ABSA,赛图斯,2026-01-01,1138.0,1836.45654296875,23,16,1,1
TEXT_ABSA,赛图斯,2026-02-01,695.0,1400.9779052734375,23,16,1,1
TEXT_ABSA,赛图斯,2026-03-01,1234.0,1624.6444091796875,23,14,1,1
TEXT_ABSA,赛图斯,2026-04-01,1717.0,1517.306396484375,24,15,1,1
TEXT_ABSA,赛图斯,2026-05-01,1926.0,1346.479736328125,25,15,1,1
TEXT_ABSA,赛图斯,2026-06-01,2067.0,1323.28662109375,25,14,1,1
TEXT_ABSA,赛那SIENNA,2026-01-01,9133.0,5621.474609375,9,9,1,1
TEXT_ABSA,赛那SIENNA,2026-02-01,5086.0,4062.4892578125,9,9,1,1
TEXT_ABSA,赛那SIENNA,2026-03-01,7738.0,4067.751220703125,9,9,1,1
TEXT_ABSA,赛那SIENNA,2026-04-01,6542.0,3412.28125,9,9,1,1
TEXT_ABSA,赛那SIENNA,2026-05-01,7479.0,3115.239013671875,9,6,1,1
TEXT_ABSA,赛那SIENNA,2026-06-01,6037.0,2832.198486328125,9,3,1,1
TEXT_ABSA,起亚K3,2026-01-01,994.0,530.3508911132812,93,1,1,1
TEXT_ABSA,起亚K3,2026-02-01,736.0,518.2733764648438,93,1,1,1
TEXT_ABSA,起亚K3,2026-03-01,563.0,544.736328125,95,3,1,1
TEXT_ABSA,起亚K3,2026-04-01,1137.0,526.5729370117188,96,3,1,1
TEXT_ABSA,起亚K3,2026-05-01,980.0,526.5729370117188,98,5,1,1
TEXT_ABSA,起亚K3,2026-06-01,1326.0,522.1265258789062,98,5,1,1
TEXT_ABSA,起亚KX3傲跑,2026-01-01,0.0,0.992383599281311,10,0,1,0
TEXT_ABSA,起亚KX3傲跑,2026-02-01,0.0,1.0759013891220093,10,0,1,0
TEXT_ABSA,起亚KX3傲跑,2026-03-01,0.0,2.36909556388855,10,0,1,0
TEXT_ABSA,起亚KX3傲跑,2026-04-01,0.0,2.731050491333008,10,0,1,0
TEXT_ABSA,起亚KX3傲跑,2026-05-01,0.0,2.6580307483673096,10,0,1,0
TEXT_ABSA,起亚KX3傲跑,2026-06-01,0.0,2.7835071086883545,10,0,1,0
TEXT_ABSA,轩逸,2026-01-01,24209.0,17864.103515625,77,6,1,1
TEXT_ABSA,轩逸,2026-02-01,8998.0,12984.2578125,78,6,1,1
TEXT_ABSA,轩逸,2026-03-01,28093.0,11846.298828125,82,9,1,1
TEXT_ABSA,轩逸,2026-04-01,10564.0,9646.7451171875,87,14,1,1
TEXT_ABSA,轩逸,2026-05-01,12936.0,8798.6064453125,92,19,1,1
TEXT_ABSA,轩逸,2026-06-01,10329.0,7604.90234375,95,19,1,1
TEXT_ABSA,迈腾,2026-01-01,19306.0,12416.1416015625,101,22,1,1
TEXT_ABSA,迈腾,2026-02-01,11232.0,9603.0205078125,113,33,1,1
TEXT_ABSA,迈腾,2026-03-01,13048.0,9075.6416015625,124,44,1,1
TEXT_ABSA,迈腾,2026-04-01,8124.0,7428.740234375,148,65,1,1
TEXT_ABSA,迈腾,2026-05-01,12170.0,7060.982421875,165,80,1,1
TEXT_ABSA,迈腾,2026-06-01,12896.0,6462.52783203125,179,86,1,1
TEXT_ABSA,迈腾PHEV,2026-01-01,0.0,3.590270757675171,161,3,1,1
TEXT_ABSA,迈腾PHEV,2026-02-01,0.0,4.443326950073242,162,2,1,1
TEXT_ABSA,迈腾PHEV,2026-03-01,0.0,7.678358554840088,162,2,1,1
TEXT_ABSA,迈腾PHEV,2026-04-01,0.0,10.057113647460938,163,3,1,1
TEXT_ABSA,迈腾PHEV,2026-05-01,0.0,13.104607582092285,163,2,1,1
TEXT_ABSA,迈腾PHEV,2026-06-01,118.0,15.724699974060059,165,4,1,1
TEXT_ABSA,迈锐宝XL,2026-01-01,7.0,171.94442749023438,10,1,1,1
TEXT_ABSA,迈锐宝XL,2026-02-01,356.0,169.259033203125,10,1,1,1
TEXT_ABSA,迈锐宝XL,2026-03-01,1888.0,192.9160919189453,10,1,1,1
TEXT_ABSA,迈锐宝XL,2026-04-01,7.0,178.82826232910156,10,1,1,1
TEXT_ABSA,迈锐宝XL,2026-05-01,2.0,206.11375427246094,10,1,1,1
TEXT_ABSA,迈锐宝XL,2026-06-01,2.0,195.61465454101562,10,0,1,0
TEXT_ABSA,途昂,2026-01-01,2564.0,2442.646484375,180,13,1,1
TEXT_ABSA,途昂,2026-02-01,1337.0,1735.5526123046875,183,15,1,1
TEXT_ABSA,途昂,2026-03-01,2285.0,1988.5030517578125,184,12,1,1
TEXT_ABSA,途昂,2026-04-01,2215.0,1651.96435546875,187,12,1,1
TEXT_ABSA,途昂,2026-05-01,1230.0,1626.70068359375,190,14,1,1
TEXT_ABSA,途昂,2026-06-01,1907.0,1603.9715576171875,193,14,1,1
TEXT_ABSA,途观L,2026-01-01,21330.0,12680.2138671875,134,40,1,1
TEXT_ABSA,途观L,2026-02-01,12477.0,9707.513671875,138,43,1,1
TEXT_ABSA,途观L,2026-03-01,14581.0,9377.466796875,151,56,1,1
TEXT_ABSA,途观L,2026-04-01,9109.0,7499.4697265625,163,59,1,1
TEXT_ABSA,途观L,2026-05-01,12503.0,7060.982421875,176,54,1,1
TEXT_ABSA,途观L,2026-06-01,12806.0,6462.52783203125,188,60,1,1
TEXT_ABSA,速腾,2026-01-01,25316.0,16301.671875,150,16,1,1
TEXT_ABSA,速腾,2026-02-01,13803.0,11773.220703125,150,16,1,1
TEXT_ABSA,速腾,2026-03-01,16891.0,11244.0517578125,154,20,1,1
TEXT_ABSA,速腾,2026-04-01,9806.0,9684.7177734375,164,21,1,1
TEXT_ABSA,速腾,2026-05-01,9554.0,7528.90478515625,168,23,1,1
TEXT_ABSA,速腾,2026-06-01,9221.0,6529.95458984375,180,33,1,1
TEXT_ABSA,逸动,2026-01-01,13895.0,9940.0380859375,95,8,1,1
TEXT_ABSA,逸动,2026-02-01,11118.0,8315.7568359375,95,6,1,1
TEXT_ABSA,逸动,2026-03-01,11212.0,7873.0498046875,96,4,1,1
TEXT_ABSA,逸动,2026-04-01,7193.0,6988.47998046875,96,3,1,1
TEXT_ABSA,逸动,2026-05-01,7304.0,6737.2119140625,96,2,1,1
TEXT_ABSA,逸动,2026-06-01,7912.0,5944.69091796875,96,2,1,1
TEXT_ABSA,铂智4X,2026-01-01,0.0,83.29317474365234,6,0,1,0
TEXT_ABSA,铂智4X,2026-02-01,1.0,80.86224365234375,6,0,1,0
TEXT_ABSA,铂智4X,2026-03-01,41.0,99.58665466308594,6,0,1,0
TEXT_ABSA,铂智4X,2026-04-01,93.0,101.20160675048828,6,0,1,0
TEXT_ABSA,铂智4X,2026-05-01,88.0,100.41641998291016,6,0,1,0
TEXT_ABSA,铂智4X,2026-06-01,110.0,101.28166198730469,6,0,1,0
TEXT_ABSA,锋兰达,2026-01-01,18629.0,11572.3974609375,20,14,1,1
TEXT_ABSA,锋兰达,2026-02-01,12043.0,8970.5205078125,28,21,1,1
TEXT_ABSA,锋兰达,2026-03-01,15470.0,8697.357421875,39,32,1,1
TEXT_ABSA,锋兰达,2026-04-01,10876.0,6994.22802734375,52,44,1,1
TEXT_ABSA,锋兰达,2026-05-01,10725.0,6778.54833984375,68,58,1,1
TEXT_ABSA,锋兰达,2026-06-01,10882.0,6081.12841796875,81,66,1,1
TEXT_ABSA,锐际,2026-01-01,322.0,255.35546875,92,6,1,1
TEXT_ABSA,锐际,2026-02-01,203.0,217.2265625,93,6,1,1
TEXT_ABSA,锐际,2026-03-01,265.0,283.1425476074219,94,5,1,1
TEXT_ABSA,锐际,2026-04-01,152.0,266.8667907714844,94,4,1,1
TEXT_ABSA,锐际,2026-05-01,154.0,256.08740234375,95,5,1,1
TEXT_ABSA,锐际,2026-06-01,129.0,232.626220703125,97,6,1,1
TEXT_ABSA,长安CS75 PLUS,2026-01-01,14440.0,8969.1689453125,94,3,1,1
TEXT_ABSA,长安CS75 PLUS,2026-02-01,14219.0,5242.37255859375,94,3,1,1
TEXT_ABSA,长安CS75 PLUS,2026-03-01,13802.0,5259.86328125,94,2,1,1
TEXT_ABSA,长安CS75 PLUS,2026-04-01,8716.0,4335.66455078125,94,2,1,1
TEXT_ABSA,长安CS75 PLUS,2026-05-01,10103.0,3876.001708984375,94,2,1,1
TEXT_ABSA,长安CS75 PLUS,2026-06-01,11682.0,3696.34814453125,94,1,1,1
TEXT_ABSA,长安UNI-K 智电iDD,2026-01-01,1.0,10.707594871520996,100,0,1,0
TEXT_ABSA,长安UNI-K 智电iDD,2026-02-01,0.0,8.96774673461914,100,0,1,0
TEXT_ABSA,长安UNI-K 智电iDD,2026-03-01,1.0,13.47816276550293,100,0,1,0
TEXT_ABSA,长安UNI-K 智电iDD,2026-04-01,1.0,12.305312156677246,100,0,1,0
TEXT_ABSA,长安UNI-K 智电iDD,2026-05-01,0.0,14.151934623718262,100,0,1,0
TEXT_ABSA,长安UNI-K 智电iDD,2026-06-01,4.0,15.219711303710938,100,0,1,0
TEXT_ABSA,长安UNI-T,2026-01-01,31.0,43.0179557800293,99,0,1,0
TEXT_ABSA,长安UNI-T,2026-02-01,36.0,58.34001541137695,99,0,1,0
TEXT_ABSA,长安UNI-T,2026-03-01,22.0,82.25116729736328,99,0,1,0
TEXT_ABSA,长安UNI-T,2026-04-01,8.0,80.68716430664062,99,0,1,0
TEXT_ABSA,长安UNI-T,2026-05-01,3.0,88.07295227050781,99,0,1,0
TEXT_ABSA,长安UNI-T,2026-06-01,2.0,110.51307678222656,99,0,1,0
TEXT_ABSA,雅阁,2026-01-01,13825.0,11230.8369140625,100,3,1,1
TEXT_ABSA,雅阁,2026-02-01,4630.0,8970.5205078125,100,1,1,1
TEXT_ABSA,雅阁,2026-03-01,6757.0,8677.9013671875,100,1,1,1
TEXT_ABSA,雅阁,2026-04-01,2593.0,7062.51171875,100,1,1,1
TEXT_ABSA,雅阁,2026-05-01,4677.0,6844.7265625,100,1,1,1
TEXT_ABSA,雅阁,2026-06-01,7919.0,6462.52783203125,100,0,1,0
TEXT_ABSA,零跑T03,2026-01-01,322.0,1233.95068359375,91,22,1,1
TEXT_ABSA,零跑T03,2026-02-01,1763.0,937.8095092773438,95,23,1,1
TEXT_ABSA,零跑T03,2026-03-01,438.0,1087.57861328125,95,16,1,1
TEXT_ABSA,零跑T03,2026-04-01,270.0,1007.255126953125,97,13,1,1
TEXT_ABSA,零跑T03,2026-05-01,979.0,932.5753784179688,98,13,1,1
TEXT_ABSA,零跑T03,2026-06-01,1.0,946.1978759765625,99,10,1,1
TEXT_ABSA,领克03,2026-01-01,6402.0,3689.770751953125,100,9,1,1
TEXT_ABSA,领克03,2026-02-01,3250.0,2769.848876953125,100,9,1,1
TEXT_ABSA,领克03,2026-03-01,4469.0,2894.87646484375,100,9,1,1
TEXT_ABSA,领克03,2026-04-01,3324.0,2444.158203125,100,9,1,1
TEXT_ABSA,领克03,2026-05-01,2899.0,2128.473388671875,100,0,1,0
TEXT_ABSA,领克03,2026-06-01,2816.0,1986.50146484375,100,0,1,0
TEXT_ABSA,风光330,2026-01-01,11.0,13.518516540527344,0,0,0,0
TEXT_ABSA,风光330,2026-02-01,9.0,18.251283645629883,0,0,0,0
TEXT_ABSA,风光330,2026-03-01,14.0,19.142969131469727,0,0,0,0
TEXT_ABSA,风光330,2026-04-01,3.0,30.347780227661133,0,0,0,0
TEXT_ABSA,风光330,2026-05-01,12.0,37.251853942871094,0,0,0,0
TEXT_ABSA,风光330,2026-06-01,9.0,51.02100372314453,0,0,0,0
TEXT_ABSA,风光380,2026-01-01,45.0,71.3642578125,0,0,0,0
TEXT_ABSA,风光380,2026-02-01,32.0,65.74453735351562,0,0,0,0
TEXT_ABSA,风光380,2026-03-01,60.0,88.7332992553711,0,0,0,0
TEXT_ABSA,风光380,2026-04-01,35.0,95.37532043457031,0,0,0,0
TEXT_ABSA,风光380,2026-05-01,44.0,97.23159790039062,0,0,0,0
TEXT_ABSA,风光380,2026-06-01,55.0,101.35655212402344,0,0,0,0
TEXT_ABSA,飞凡F7,2026-01-01,233.0,158.10195922851562,99,0,1,0
TEXT_ABSA,飞凡F7,2026-02-01,0.0,178.14724731445312,99,0,1,0
TEXT_ABSA,飞凡F7,2026-03-01,53.0,240.3223419189453,99,0,1,0
TEXT_ABSA,飞凡F7,2026-04-01,262.0,194.44789123535156,99,0,1,0
TEXT_ABSA,飞凡F7,2026-05-01,224.0,212.71688842773438,99,0,1,0
TEXT_ABSA,飞凡F7,2026-06-01,190.0,225.12872314453125,99,0,1,0
TEXT_ABSA,马自达3 昂克赛拉,2026-01-01,956.0,981.88623046875,99,1,1,1
TEXT_ABSA,马自达3 昂克赛拉,2026-02-01,666.0,904.7760620117188,99,1,1,1
TEXT_ABSA,马自达3 昂克赛拉,2026-03-01,684.0,924.0584106445312,99,1,1,1
TEXT_ABSA,马自达3 昂克赛拉,2026-04-01,423.0,857.460205078125,99,1,1,1
TEXT_ABSA,马自达3 昂克赛拉,2026-05-01,464.0,857.0460205078125,100,2,1,1
TEXT_ABSA,马自达3 昂克赛拉,2026-06-01,390.0,883.9490356445312,100,1,1,1
TEXT_ABSA,骐达,2026-01-01,102.0,105.7195816040039,0,0,0,0
TEXT_ABSA,骐达,2026-02-01,50.0,108.67675018310547,0,0,0,0
TEXT_ABSA,骐达,2026-03-01,141.0,119.47748565673828,0,0,0,0
TEXT_ABSA,骐达,2026-04-01,80.0,144.199462890625,0,0,0,0
TEXT_ABSA,骐达,2026-05-01,31.0,184.13063049316406,0,0,0,0
TEXT_ABSA,骐达,2026-06-01,91.0,196.91204833984375,0,0,0,0
TEXT_ABSA,高尔夫,2026-01-01,1135.0,1836.45654296875,195,3,1,1
TEXT_ABSA,高尔夫,2026-02-01,756.0,1371.578369140625,196,4,1,1
TEXT_ABSA,高尔夫,2026-03-01,1508.0,1564.9051513671875,196,4,1,1
TEXT_ABSA,高尔夫,2026-04-01,972.0,1452.7523193359375,198,5,1,1
TEXT_ABSA,高尔夫,2026-05-01,1821.0,1330.2979736328125,198,5,1,1
TEXT_ABSA,高尔夫,2026-06-01,1306.0,1323.28662109375,198,3,1,1
TEXT_ABSA,魏牌 高山,2026-01-01,6707.0,6327.8173828125,0,0,0,0
TEXT_ABSA,魏牌 高山,2026-02-01,4369.0,5081.24462890625,0,0,0,0
TEXT_ABSA,魏牌 高山,2026-03-01,6447.0,4603.39599609375,0,0,0,0
TEXT_ABSA,魏牌 高山,2026-04-01,6122.0,3877.129638671875,0,0,0,0
TEXT_ABSA,魏牌 高山,2026-05-01,5662.0,3644.330810546875,0,0,0,0
TEXT_ABSA,魏牌 高山,2026-06-01,4920.0,3432.146484375,0,0,0,0
