MAE,RMSE,MAPE,WMAPE,version,scenario,series_name,test_months,actual_volume
1699.0100504557292,1771.4045363764496,52.27213723361383,41.95604520201825,ALL_SENTIMENT_FIXED,fixed_origin_primary,AION RT,6,24297.0
1171.8177897135417,1256.1982584066413,116.17598301974456,53.17179715859677,ALL_SENTIMENT_FIXED,fixed_origin_primary,AION S,6,13223.0
912.8839925130209,1095.2408127155004,61.14314474406953,46.516381784102975,ALL_SENTIMENT_FIXED,fixed_origin_primary,AION UT,6,11775.0
129.71689097086588,134.2237326183037,204.54290139631928,159.81547142201137,ALL_SENTIMENT_FIXED,fixed_origin_primary,EO 羿欧,6,487.0
0.1883191333618015,0.23037587728247674,,,ALL_SENTIMENT_FIXED,fixed_origin_primary,EVOS,6,0.0
671.2863260904948,716.3230819408245,180.7535519949149,118.28833939920614,ALL_SENTIMENT_FIXED,fixed_origin_primary,ID.4 CROZZ,6,3405.0
53.553332010904946,66.87421117326532,176.78661685765408,57.174375812354036,ALL_SENTIMENT_FIXED,fixed_origin_primary,ID.4 X,6,562.0
36.460625330607094,40.34826138273799,6693.702697753906,21876.375198364258,ALL_SENTIMENT_FIXED,fixed_origin_primary,ID.6 CROZZ,6,1.0
31.875192006429035,34.02200342446069,411.7947273288394,261.98787950489617,ALL_SENTIMENT_FIXED,fixed_origin_primary,IQ傲歌,6,73.0
118.69501113891602,203.9919219344401,155.82052079273163,94.07794806254903,ALL_SENTIMENT_FIXED,fixed_origin_primary,IQ锐歌,6,757.0
4728.074055989583,5228.431921895972,46.12059573798011,40.09504096778581,ALL_SENTIMENT_FIXED,fixed_origin_primary,MG4,6,70753.0
27.85234196980794,33.02375007617556,362.08946084219315,146.59127352530496,ALL_SENTIMENT_FIXED,fixed_origin_primary,MG6,6,114.0
482.1664098103841,519.8717070281092,64.81428928413112,65.08432978317896,ALL_SENTIMENT_FIXED,fixed_origin_primary,MG7,6,4445.0
16.18749777475993,19.52803195726187,,,ALL_SENTIMENT_FIXED,fixed_origin_primary,Model 3,6,0.0
22.496250073115032,28.383158890659203,,,ALL_SENTIMENT_FIXED,fixed_origin_primary,Model Y,6,0.0
74.44033432006836,92.90255040271263,29.29324071029645,33.381315838595675,ALL_SENTIMENT_FIXED,fixed_origin_primary,PATHFINDER探陆,6,1338.0
105.29976018269856,111.79111478631737,,,ALL_SENTIMENT_FIXED,fixed_origin_primary,Polestar 4,6,0.0
410.47816975911456,559.990472717713,65.20581867895523,49.764983199731006,ALL_SENTIMENT_FIXED,fixed_origin_primary,QQ冰淇淋,6,4949.0
2283.9246419270835,2979.726582372465,17.84698020647568,19.896547102771002,ALL_SENTIMENT_FIXED,fixed_origin_primary,RAV4荣放,6,68874.0
747.4214477539062,1175.2636263496813,24.633849237593367,32.63611590512654,ALL_SENTIMENT_FIXED,fixed_origin_primary,T-ROC探歌,6,13741.0
344.04831949869794,401.47960476617686,37.84822435975164,33.840818311347334,ALL_SENTIMENT_FIXED,fixed_origin_primary,eπ007,6,6100.0
344.3084259033203,426.1301345343184,54.957007116230514,54.42177437881776,ALL_SENTIMENT_FIXED,fixed_origin_primary,e爱丽舍,6,3796.0
1966.533203125,2141.65626093931,44.175737238829306,40.755757033435806,ALL_SENTIMENT_FIXED,fixed_origin_primary,firefly萤火虫,6,28951.0
89.01188278198242,91.2056637614982,,,ALL_SENTIMENT_FIXED,fixed_origin_primary,iCAR 03,6,0.0
109.41338857014973,149.71123793575177,37.21104532733963,40.67412214503708,ALL_SENTIMENT_FIXED,fixed_origin_primary,世纪,6,1614.0
122.60853068033855,148.70854769508122,162.96433310406172,43.020537080820546,ALL_SENTIMENT_FIXED,fixed_origin_primary,东风本田S7,6,1710.0
700.8908487955729,882.3960755746969,232.1441130051138,68.5803178860639,ALL_SENTIMENT_FIXED,fixed_origin_primary,丰田bZ3,6,6132.0
529.1929829915365,544.2454215515542,93.6851563015837,59.44875300410445,ALL_SENTIMENT_FIXED,fixed_origin_primary,丰田bZ5,6,5341.0
119.69242095947266,197.91728198895237,33.72008860232823,43.81662756295521,ALL_SENTIMENT_FIXED,fixed_origin_primary,五菱佳辰,6,1639.0
0.14426573862632117,0.1890246354745631,,,ALL_SENTIMENT_FIXED,fixed_origin_primary,五菱宏光,6,0.0
0.4127197364966075,0.47928054533168124,,,ALL_SENTIMENT_FIXED,fixed_origin_primary,五菱宏光S,6,0.0
63.345413525899254,66.35615711303863,72.9621021634053,73.23169193745578,ALL_SENTIMENT_FIXED,fixed_origin_primary,五菱征程,6,519.0
0.11317981965839863,0.13714172229928537,,,ALL_SENTIMENT_FIXED,fixed_origin_primary,五菱星云,6,0.0
825.5477905273438,856.469545748649,274.3081265754708,219.46330275427837,ALL_SENTIMENT_FIXED,fixed_origin_primary,五菱星光,6,2257.0
309.30234781901044,332.2539129711598,2743.5170544638686,134.67446204020771,ALL_SENTIMENT_FIXED,fixed_origin_primary,五菱星驰,6,1378.0
1.8139019807179768,2.064408605906509,45.157923579216,64.0200699076933,ALL_SENTIMENT_FIXED,fixed_origin_primary,亚洲狮,6,17.0
3045.1907552083335,3208.4107944448524,48.82481559927352,39.397844857792826,ALL_SENTIMENT_FIXED,fixed_origin_primary,亚洲龙,6,46376.0
0.07518105860799551,0.10066015058214998,,,ALL_SENTIMENT_FIXED,fixed_origin_primary,享域,6,0.0
1046.954345703125,1163.1435627571077,36.14725093200589,29.367583329680926,ALL_SENTIMENT_FIXED,fixed_origin_primary,伊兰特,6,21390.0
593.8743794759115,744.7069045207996,35.816537091202854,39.906442791527255,ALL_SENTIMENT_FIXED,fixed_origin_primary,传祺E8新能源,6,8929.0
0.10149842221289873,0.13025303410307587,,,ALL_SENTIMENT_FIXED,fixed_origin_primary,传祺GA8,6,0.0
704.5621744791666,898.6601444360294,30.66499121459691,36.68957686925013,ALL_SENTIMENT_FIXED,fixed_origin_primary,传祺M6,6,11522.0
2707.7031860351562,2958.823292826248,51.64245538326296,55.5958494155463,ALL_SENTIMENT_FIXED,fixed_origin_primary,传祺M8,6,29222.0
1561.6329752604167,1869.9670574577922,57.17471666098106,37.25121397671252,ALL_SENTIMENT_FIXED,fixed_origin_primary,元PLUS,6,25153.0
6125.7568359375,6534.620014385696,72.99358769400813,44.45934560980404,ALL_SENTIMENT_FIXED,fixed_origin_primary,元UP,6,82670.0
34.15192667643229,44.074163968199606,13.39233663163101,10.606188408829905,ALL_SENTIMENT_FIXED,fixed_origin_primary,冠道,6,1932.0
106.01054382324219,122.04433385132731,64.02382578739025,41.46435873138547,ALL_SENTIMENT_FIXED,fixed_origin_primary,凌宝BOX,6,1534.0
36.90163612365723,40.2572672440369,621.2473439235313,375.27087583380234,ALL_SENTIMENT_FIXED,fixed_origin_primary,凌尚,6,59.0
2.130082050959269,2.3134941715308686,32.04145850557269,49.15573963752159,ALL_SENTIMENT_FIXED,fixed_origin_primary,凌放HARRIER,6,26.0
472.06776936848956,508.6695027700642,30.745454748241265,24.525124393548683,ALL_SENTIMENT_FIXED,fixed_origin_primary,凌渡,6,11549.0
367.5374348958333,465.63959981989825,30.938577468381617,34.456634521484375,ALL_SENTIMENT_FIXED,fixed_origin_primary,凡尔赛C5 X,6,6400.0
51.092539509137474,74.54867899437285,94.38480716304474,97.94097030505586,ALL_SENTIMENT_FIXED,fixed_origin_primary,凯威德,6,313.0
2060.7526041666665,2654.465333817624,12.7412645135944,14.38052084181389,ALL_SENTIMENT_FIXED,fixed_origin_primary,凯美瑞,6,85981.0
386.04833730061847,576.837327955171,95.2969959795205,79.37937024687152,ALL_SENTIMENT_FIXED,fixed_origin_primary,凯翼拾月,6,2918.0
615.0005900065104,846.7284179415444,19.653217099079654,24.014080047110912,ALL_SENTIMENT_FIXED,fixed_origin_primary,凯迪拉克CT5,6,15366.0
1109.7391764322917,1241.6585899002519,28.71382306038633,30.708089556766822,ALL_SENTIMENT_FIXED,fixed_origin_primary,凯迪拉克XT5,6,21683.0
81.24256261189778,88.61321857694547,106.65650054654759,90.6050884147559,ALL_SENTIMENT_FIXED,fixed_origin_primary,凯迪拉克XT6,6,538.0
0.9448735689123472,1.1173330744857912,57.86530623833338,56.69241413474083,ALL_SENTIMENT_FIXED,fixed_origin_primary,别克E4,6,10.0
0.06439867988228798,0.08898888163998375,,,ALL_SENTIMENT_FIXED,fixed_origin_primary,别克GL6,6,0.0
1182.901835123698,1308.778940422906,33.694629854331424,36.113626473017796,ALL_SENTIMENT_FIXED,fixed_origin_primary,别克GL8,6,19653.0
713.4449869791666,894.9462836869151,28.516955255474237,28.208698002471174,ALL_SENTIMENT_FIXED,fixed_origin_primary,别克GL8新能源,6,15175.0
65.52187410990398,79.43353845265348,40.2191881768522,46.034103590096464,ALL_SENTIMENT_FIXED,fixed_origin_primary,勇士,6,854.0
792.3946228027344,852.2877034104878,8950.898204029536,558.0243822554468,ALL_SENTIMENT_FIXED,fixed_origin_primary,北京EU5,6,852.0
44.27074368794759,46.79964204443015,39.06293782066333,39.0050605180155,ALL_SENTIMENT_FIXED,fixed_origin_primary,北京现代ix35,6,681.0
169.53092114130655,236.92959069019489,95.47935352756647,97.61857263414964,ALL_SENTIMENT_FIXED,fixed_origin_primary,博越REV,6,1042.0
1361.73046875,1837.392975624853,21.993857697098882,25.99714526059565,ALL_SENTIMENT_FIXED,fixed_origin_primary,卡罗拉,6,31428.0
0.09359520766884089,0.1113094637065967,,,ALL_SENTIMENT_FIXED,fixed_origin_primary,卡罗拉双擎E+,6,0.0
3236.7158203125,3740.0988271322394,34.72328503146808,28.646460433783723,ALL_SENTIMENT_FIXED,fixed_origin_primary,卡罗拉锐放,6,67793.0
1.3515765070915222,1.3682323043328897,,,ALL_SENTIMENT_FIXED,fixed_origin_primary,合创A06,6,0.0
178.5373331705729,218.22768171974633,30.32664138650168,24.55246387860274,ALL_SENTIMENT_FIXED,fixed_origin_primary,吉利ICON,6,4363.0
1891.0928751627605,2194.3974163675734,61.02538384639055,56.92347991258999,ALL_SENTIMENT_FIXED,fixed_origin_primary,吉利熊猫,6,19933.0
684.2427368164062,872.9472714469335,25.978847585754885,28.873032005755945,ALL_SENTIMENT_FIXED,fixed_origin_primary,君威,6,14219.0
1363.9732666015625,1773.7849630771975,25.701875632267644,30.149718536727732,ALL_SENTIMENT_FIXED,fixed_origin_primary,君越,6,27144.0
87.61453501383464,96.52455608084507,86.0480293121634,76.40802472136741,ALL_SENTIMENT_FIXED,fixed_origin_primary,启辰D60,6,688.0
0.10016611653069656,0.1250892395380224,,,ALL_SENTIMENT_FIXED,fixed_origin_primary,启辰T60,6,0.0
1037.3388671875,1209.9833829953172,65.95814258301085,60.87669408377347,ALL_SENTIMENT_FIXED,fixed_origin_primary,唐新能源,6,10224.0
20.023880004882812,23.3641608038121,27.68258910757372,27.367489756104074,ALL_SENTIMENT_FIXED,fixed_origin_primary,嘉华,6,439.0
359.96030680338544,377.03135718285694,211.95437590714508,108.0421130975644,ALL_SENTIMENT_FIXED,fixed_origin_primary,型格,6,1999.0
195.16957219441733,235.46129352429446,73.43967775619693,78.6974081429102,ALL_SENTIMENT_FIXED,fixed_origin_primary,埃尚,6,1488.0
844.1276652018229,853.9025800453171,127.9717355611744,123.5007556988768,ALL_SENTIMENT_FIXED,fixed_origin_primary,夏,6,4101.0
221.84211222330728,338.90996514978576,19.755975241999753,24.972845653655604,ALL_SENTIMENT_FIXED,fixed_origin_primary,大众CC,6,5330.0
701.6478474934896,728.2868271974783,131.95972910445022,107.83522246313876,ALL_SENTIMENT_FIXED,fixed_origin_primary,大众ID.3,6,3904.0
128.0756861368815,141.70492711715528,391.5352090761637,206.0198704614716,ALL_SENTIMENT_FIXED,fixed_origin_primary,大家7,6,373.0
67.44037628173828,76.95746993353653,167.92274067765788,62.15702883109518,ALL_SENTIMENT_FIXED,fixed_origin_primary,大家9,6,651.0
60.747294108072914,67.44014188836347,39.13899182682847,37.19222088249362,ALL_SENTIMENT_FIXED,fixed_origin_primary,大通G10,6,980.0
74.77326965332031,93.3145790606439,28.729021960838395,29.41899133901127,ALL_SENTIMENT_FIXED,fixed_origin_primary,大通G50,6,1525.0
6.964042743047078,8.209004062678758,45.63115762288233,47.48210961168463,ALL_SENTIMENT_FIXED,fixed_origin_primary,大通G70,6,88.0
19.937508900960285,23.671829873266493,233.53661789816047,134.4101723660244,ALL_SENTIMENT_FIXED,fixed_origin_primary,大通G90,6,89.0
868.8005777994791,1019.3683338586463,20.81479238965848,19.149230279909172,ALL_SENTIMENT_FIXED,fixed_origin_primary,天籁,6,27222.0
597.2255859375,666.2586049773853,25.946273533712006,24.26595459893682,ALL_SENTIMENT_FIXED,fixed_origin_primary,奇骏,6,14767.0
2.6768338680267334,2.710403514214973,,,ALL_SENTIMENT_FIXED,fixed_origin_primary,奔奔E-Star,6,0.0
3145.2906494140625,3458.6997635032976,147.49504541869032,72.51390546199568,ALL_SENTIMENT_FIXED,fixed_origin_primary,奔腾小马,6,26025.0
723.8098958333334,735.3902508157372,5974.145100449049,334.58084553158704,ALL_SENTIMENT_FIXED,fixed_origin_primary,奔驰A级,6,1298.0
2224.5111490885415,2562.0193050720873,45.85893164051727,32.55938061261984,ALL_SENTIMENT_FIXED,fixed_origin_primary,奔驰C级,6,40993.0
1549.9466145833333,2232.565718381475,13.449994719050903,15.189350244997959,ALL_SENTIMENT_FIXED,fixed_origin_primary,奔驰E级,6,61225.0
1007.5407104492188,1240.1328466323755,526.6265647831813,99.36298919617542,ALL_SENTIMENT_FIXED,fixed_origin_primary,奔驰GLB,6,6084.0
2230.6329752604165,2608.874667843712,24.88616010339846,25.474994483054797,ALL_SENTIMENT_FIXED,fixed_origin_primary,奔驰GLC,6,52537.0
538.8567403157552,549.7224720105366,202.94794045514442,191.8777710323164,ALL_SENTIMENT_FIXED,fixed_origin_primary,奔驰V级,6,1685.0
656.7507781982422,731.8100753586525,70.92714870688646,74.16722509296919,ALL_SENTIMENT_FIXED,fixed_origin_primary,奕炫,6,5313.0
749.5048624674479,805.3508674954422,37.830703199276684,39.31313204654854,ALL_SENTIMENT_FIXED,fixed_origin_primary,奕跑,6,11439.0
246.58678181966147,287.02283772625333,25.120810194498606,25.170477899250915,ALL_SENTIMENT_FIXED,fixed_origin_primary,奥德赛,6,5878.0
1553.0246988932292,1906.7002307633775,25.258935938464592,27.12391044233386,ALL_SENTIMENT_FIXED,fixed_origin_primary,奥迪A3,6,34354.0
1635.8474527994792,1676.876664298466,82.40900887351926,69.21292374865577,ALL_SENTIMENT_FIXED,fixed_origin_primary,奥迪A4L,6,14181.0
545.7234293619791,622.3212363530695,15.515376006064285,14.760585025343168,ALL_SENTIMENT_FIXED,fixed_origin_primary,奥迪A5L,6,22183.0
230.9298095703125,326.69579084522064,24.201528182085504,16.90142543817852,ALL_SENTIMENT_FIXED,fixed_origin_primary,奥迪A5L Sportback,6,8198.0
2805.8484700520835,3101.242335600648,32.73218099095923,28.41221679967681,ALL_SENTIMENT_FIXED,fixed_origin_primary,奥迪A6L,6,59253.0
586.6797281901041,590.0387256208978,1361.133477472515,2532.430481396133,ALL_SENTIMENT_FIXED,fixed_origin_primary,奥迪A6L e-tron,6,139.0
112.55899556477864,148.06862173527293,27.018672343047918,29.04748272639449,ALL_SENTIMENT_FIXED,fixed_origin_primary,奥迪A7L,6,2325.0
789.9779154459635,834.294827437381,167.164518192755,96.28006282095838,ALL_SENTIMENT_FIXED,fixed_origin_primary,奥迪E5 Sportback,6,4923.0
170.6347452799479,222.37832084330054,53.66191120019419,50.8851129065451,ALL_SENTIMENT_FIXED,fixed_origin_primary,奥迪Q2L,6,2012.0
831.0199381510416,937.0591365750709,30.986328778682903,33.13036298276578,ALL_SENTIMENT_FIXED,fixed_origin_primary,奥迪Q3,6,15050.0
34.77927017211914,42.797924653928696,37.113776582725656,31.665496363082678,ALL_SENTIMENT_FIXED,fixed_origin_primary,奥迪Q3 Sportback,6,659.0
421.73938751220703,595.7374217209414,636.1424034135264,108.46276575538971,ALL_SENTIMENT_FIXED,fixed_origin_primary,奥迪Q4 e-tron,6,2333.0
131.88206736246744,135.14733029220588,,,ALL_SENTIMENT_FIXED,fixed_origin_primary,奥迪Q5 e-tron,6,0.0
2172.79150390625,2611.1522619800585,28.59218608082554,25.381595746816778,ALL_SENTIMENT_FIXED,fixed_origin_primary,奥迪Q5L,6,51363.0
223.20632934570312,427.9794733558351,72.26713514541393,76.00669557742444,ALL_SENTIMENT_FIXED,fixed_origin_primary,奥迪Q5L Sportback,6,1762.0
153.22018432617188,156.2392151222082,795.7712620596506,564.0006785012462,ALL_SENTIMENT_FIXED,fixed_origin_primary,奥迪Q6L Sportback e-tron,6,163.0
266.72764078776044,313.894653473654,173.49320952594994,63.305610946462124,ALL_SENTIMENT_FIXED,fixed_origin_primary,奥迪Q6L e-tron,6,2528.0
3608.144775390625,4406.834155005842,43.49357948754308,49.79842350963529,ALL_SENTIMENT_FIXED,fixed_origin_primary,威兰达,6,43473.0
311.0521697998047,330.5985345492213,195.09847185717473,126.96006930604273,ALL_SENTIMENT_FIXED,fixed_origin_primary,威朗,6,1470.0
600.703369140625,611.7542106855198,255.054870939845,189.4963309591877,ALL_SENTIMENT_FIXED,fixed_origin_primary,威然,6,1902.0
224.3015391031901,228.2278334151645,79.05435180084947,72.04546223871202,ALL_SENTIMENT_FIXED,fixed_origin_primary,威霆,6,1868.0
62.93130366007487,65.64760123807349,1607.829631699456,639.9793592549987,ALL_SENTIMENT_FIXED,fixed_origin_primary,威飒,6,59.0
79.4485600789388,83.7394284661666,48.22850801488532,43.33557822487571,ALL_SENTIMENT_FIXED,fixed_origin_primary,宋L EV,6,1100.0
3202.7262369791665,3233.460253696531,2280.391809331458,1282.800895986315,ALL_SENTIMENT_FIXED,fixed_origin_primary,宋PLUS新能源,6,1498.0
4470.278157552083,5034.895707405599,35.87373841955394,35.153829648631024,ALL_SENTIMENT_FIXED,fixed_origin_primary,宋Pro新能源,6,76298.0
8673.5654296875,10326.011927409287,115.10104557224477,71.4864113217558,ALL_SENTIMENT_FIXED,fixed_origin_primary,宏光MINIEV,6,72799.0
517.4143473307291,654.9052258570485,13.652560064622469,11.68989751848618,ALL_SENTIMENT_FIXED,fixed_origin_primary,宝来,6,26557.0
4.60104767481486,5.221618851363026,331.154360153057,162.3899179346421,ALL_SENTIMENT_FIXED,fixed_origin_primary,宝马1系,6,17.0
131.63769022623697,145.20351107602067,34.63311665358622,31.467176946510833,ALL_SENTIMENT_FIXED,fixed_origin_primary,宝马2系,6,2510.0
933.353515625,1465.2117685897233,7.319461456078362,8.556596219517786,ALL_SENTIMENT_FIXED,fixed_origin_primary,宝马3系,6,65448.0
1939.9314778645833,2181.5770947779124,24.33161598235891,24.22844834034991,ALL_SENTIMENT_FIXED,fixed_origin_primary,宝马5系,6,48041.0
1196.9198811848958,1216.2560257877292,32.57548110477402,32.689331727021596,ALL_SENTIMENT_FIXED,fixed_origin_primary,宝马X1,6,21969.0
4.64863133430481,5.714218815509233,125.76066493988036,116.21578335762024,ALL_SENTIMENT_FIXED,fixed_origin_primary,宝马X2,6,24.0
915.1517740885416,1131.5047913428427,12.699622814540215,13.754786183695517,ALL_SENTIMENT_FIXED,fixed_origin_primary,宝马X3,6,39920.0
989.8665771484375,1316.5932601808004,16.99689693416665,19.709950761260494,ALL_SENTIMENT_FIXED,fixed_origin_primary,宝马X5,6,30133.0
221.24030558268228,241.28625599524605,21.910307499472793,20.92106908583284,ALL_SENTIMENT_FIXED,fixed_origin_primary,宝马i3,6,6345.0
164.03573608398438,183.58603200060477,69.09644027158683,56.49910542502332,ALL_SENTIMENT_FIXED,fixed_origin_primary,宝马i5,6,1742.0
309.3622233072917,333.81179101200786,46.35554119817849,40.02098619757978,ALL_SENTIMENT_FIXED,fixed_origin_primary,宝马iX1,6,4638.0
39.31984519958496,41.759033956630255,292.1995836675496,141.26890490868848,ALL_SENTIMENT_FIXED,fixed_origin_primary,宝马iX3,6,167.0
18.16749095916748,19.563386755234955,1106.4706034921296,151.39575799306232,ALL_SENTIMENT_FIXED,fixed_origin_primary,宝骏KiWi EV,6,72.0
10628.085774739584,12472.113372313725,676.6974465791421,79.21948251892951,ALL_SENTIMENT_FIXED,fixed_origin_primary,小米SU7,6,80496.0
1.0597164730230968,1.0977827623059047,,,ALL_SENTIMENT_FIXED,fixed_origin_primary,小虎FEV,6,0.0
0.1297855352361997,0.1584466513880936,,,ALL_SENTIMENT_FIXED,fixed_origin_primary,小鹏G3,6,0.0
3815.1549479166665,3917.371979227156,49.07036920688368,36.735989355982795,ALL_SENTIMENT_FIXED,fixed_origin_primary,小鹏MONA M03,6,62312.0
0.12696501147001982,0.15189218687217626,,,ALL_SENTIMENT_FIXED,fixed_origin_primary,小鹏P5,6,0.0
604.6537577311198,640.9786332894224,44.7445092716998,41.27329404307985,ALL_SENTIMENT_FIXED,fixed_origin_primary,小鹏P7,6,8790.0
981.8067626953125,1131.3159924704012,26.829268882428515,28.463667260204268,ALL_SENTIMENT_FIXED,fixed_origin_primary,小鹏P7+,6,20696.0
403.24810791015625,619.7882509608547,14.337027629851642,18.158876069205476,ALL_SENTIMENT_FIXED,fixed_origin_primary,小鹏X9,6,13324.0
1587.2073567708333,1911.271055616323,32.59934541525962,29.81604302011584,ALL_SENTIMENT_FIXED,fixed_origin_primary,岚图梦想家,6,31940.0
86.81839100519817,107.70562317515191,74.21016648046404,77.5164205403555,ALL_SENTIMENT_FIXED,fixed_origin_primary,岚图追光L,6,672.0
3139.9638671875,3372.013936185377,25.895599072197356,23.537960023894303,ALL_SENTIMENT_FIXED,fixed_origin_primary,帕萨特,6,80040.0
1288.7415364583333,1299.702149286048,2464.746382828971,220.9271205357143,ALL_SENTIMENT_FIXED,fixed_origin_primary,帕萨特新能源,6,3500.0
650.5753479003906,660.5642591108572,364.6530373422097,335.9253087265356,ALL_SENTIMENT_FIXED,fixed_origin_primary,广汽本田P7,6,1162.0
429.7668050130208,556.5936771491421,27.259868372728157,31.06373726151217,ALL_SENTIMENT_FIXED,fixed_origin_primary,库斯途,6,8301.0
287.1684926350911,401.8929260053565,69.8187283780711,41.6286773571043,ALL_SENTIMENT_FIXED,fixed_origin_primary,影豹,6,4139.0
78.19462585449219,86.06087550869218,84.74835437970057,54.937676244373904,ALL_SENTIMENT_FIXED,fixed_origin_primary,微蓝6,6,854.0
841.3430989583334,947.9478771840028,50.190480880775176,42.186683885592515,ALL_SENTIMENT_FIXED,fixed_origin_primary,思域,6,11966.0
841.8013102213541,1035.5007083449298,67.88665665060537,46.193596683081445,ALL_SENTIMENT_FIXED,fixed_origin_primary,悦意03,6,10934.0
597.9126993815104,603.2396160821162,400.2452609536729,361.6407455936555,ALL_SENTIMENT_FIXED,fixed_origin_primary,悦意07,6,992.0
7.932262102762858,7.996406704664475,672.5196838378906,793.2262102762859,ALL_SENTIMENT_FIXED,fixed_origin_primary,护卫舰07,6,6.0
94.21778106689453,94.61034306147049,5303.895049001656,2093.728468153212,ALL_SENTIMENT_FIXED,fixed_origin_primary,捷豹XEL,6,27.0
528.7491149902344,560.1655220266299,603.4267920803023,166.71017813670028,ALL_SENTIMENT_FIXED,fixed_origin_primary,捷豹XFL,6,1903.0
1016.1427815755209,1134.2134621414234,46.65374715224077,43.55208721660922,ALL_SENTIMENT_FIXED,fixed_origin_primary,捷达VA3,6,13999.0
106.75755818684895,113.15106661268678,110.39752688419368,100.55656972073686,ALL_SENTIMENT_FIXED,fixed_origin_primary,捷达VA7,6,637.0
2727.1541341145835,3210.8996360724873,23.959435845682446,22.27187630794961,ALL_SENTIMENT_FIXED,fixed_origin_primary,探岳,6,73469.0
219.40735626220703,384.087365119125,464.0519875959945,100.41526602389337,ALL_SENTIMENT_FIXED,fixed_origin_primary,探岳X,6,1311.0
8.386547088623047,8.964575288719839,448.64868995470874,228.72401150790128,ALL_SENTIMENT_FIXED,fixed_origin_primary,探界者,6,22.0
254.47626241048178,275.26524175716884,34.93427477592228,35.64093311071173,ALL_SENTIMENT_FIXED,fixed_origin_primary,探险者,6,4284.0
102.5037841796875,139.13270350737602,18.374168546479066,19.788375324263995,ALL_SENTIMENT_FIXED,fixed_origin_primary,揽境,6,3108.0
513.287119547526,632.7391022902328,27.695594849993032,31.993795109964225,ALL_SENTIMENT_FIXED,fixed_origin_primary,揽巡,6,9626.0
0.06853557378053665,0.12300668789433762,,,ALL_SENTIMENT_FIXED,fixed_origin_primary,摩卡,6,0.0
2825.7193196614585,3832.4050745037725,25.933500806667748,29.988531056262822,ALL_SENTIMENT_FIXED,fixed_origin_primary,新帝豪,6,56536.0
2001.7572021484375,2048.496650413009,86.991000641826,86.202133157903,ALL_SENTIMENT_FIXED,fixed_origin_primary,日产N6,6,13933.0
616.3512776692709,648.0233355738233,54.23994748908759,49.66569521911933,ALL_SENTIMENT_FIXED,fixed_origin_primary,日产N7,6,7446.0
2019.7219552199047,2978.7508648913054,97.35651512516634,99.24110827384676,ALL_SENTIMENT_FIXED,fixed_origin_primary,日产NX8,6,12211.0
2603.625732421875,3118.2396601761307,28.198546893384872,30.57334115103188,ALL_SENTIMENT_FIXED,fixed_origin_primary,昂科威,6,51096.0
18.993252436319988,20.326572587093505,108.8572592756182,87.66116509070763,ALL_SENTIMENT_FIXED,fixed_origin_primary,昊铂GT,6,130.0
577.0749715169271,716.6171385957186,202.67545347244885,72.16443995626433,ALL_SENTIMENT_FIXED,fixed_origin_primary,星海S7,6,4798.0
976.7319132486979,1084.3621168382736,179.89308897715264,105.27019003937825,ALL_SENTIMENT_FIXED,fixed_origin_primary,星海T5,6,5567.0
183.35037231445312,205.7673720628477,47.64544117277015,44.323216514372234,ALL_SENTIMENT_FIXED,fixed_origin_primary,星海V9,6,2482.0
3329.474853515625,4885.872875805973,23.60224619081852,30.426076611928277,ALL_SENTIMENT_FIXED,fixed_origin_primary,星瑞,6,65657.0
378.1337785720825,642.1746110274606,368.90564018325887,97.62489980346365,ALL_SENTIMENT_FIXED,fixed_origin_primary,星瑞L,6,2324.0
5802.520751953125,7211.149548451624,40.602452334021784,45.06578884163765,ALL_SENTIMENT_FIXED,fixed_origin_primary,星越L,6,77254.0
822.9929078420004,1480.9572943407875,100.61674444774637,98.56202489125752,ALL_SENTIMENT_FIXED,fixed_origin_primary,星越L 智擎,6,5010.0
193.49112955729166,222.34362426774237,560.5983250170307,142.6224542191339,ALL_SENTIMENT_FIXED,fixed_origin_primary,星途ES,6,814.0
279.830322265625,323.94348026168245,19.045914106779094,19.32529849900725,ALL_SENTIMENT_FIXED,fixed_origin_primary,普拉多,6,8688.0
321.81602986653644,385.6667460152439,47.96243107719831,33.988667121971815,ALL_SENTIMENT_FIXED,fixed_origin_primary,智己L6,6,5681.0
8.31038204828898,11.114369877466943,238.5241129697659,74.42133177572222,ALL_SENTIMENT_FIXED,fixed_origin_primary,智己L7,6,67.0
25.687847137451172,28.898870510713657,94.35219806129881,69.11528377789553,ALL_SENTIMENT_FIXED,fixed_origin_primary,智跑,6,223.0
743.2495625813802,748.5752494863518,872.4633967756151,877.8538140724963,ALL_SENTIMENT_FIXED,fixed_origin_primary,曹操60,6,508.0
2341.4521484375,2967.3717850459966,12.535879208944703,13.98368873799333,ALL_SENTIMENT_FIXED,fixed_origin_primary,朗逸,6,100465.0
1861.9563802083333,2989.1781676066826,14.317374891502965,16.17006800105661,ALL_SENTIMENT_FIXED,fixed_origin_primary,本田CR-V,6,69089.0
1271.3255920410156,1301.397152115601,62.13061882099553,62.75568533316408,ALL_SENTIMENT_FIXED,fixed_origin_primary,本田HR-V,6,12155.0
34.029701232910156,39.885859174443056,24.149940098215218,20.624061353278883,ALL_SENTIMENT_FIXED,fixed_origin_primary,本田UR-V,6,990.0
184.31385548909506,224.86316454184552,97.4311843545772,60.99741494399174,ALL_SENTIMENT_FIXED,fixed_origin_primary,本田XR-V,6,1813.0
655.7640380859375,686.5955474767642,28.70684034385849,26.227064581493302,ALL_SENTIMENT_FIXED,fixed_origin_primary,极氪001,6,15002.0
766.1913998921713,1237.46695360645,44.06057269119676,64.87649448705938,ALL_SENTIMENT_FIXED,fixed_origin_primary,极氪009,6,7086.0
2967.645477294922,3566.6132018391945,2294.100896535161,82.98398128242313,ALL_SENTIMENT_FIXED,fixed_origin_primary,极狐 阿尔法S5,6,21457.0
143.34347025553384,148.63559084806994,281.15249291973095,112.57340595984333,ALL_SENTIMENT_FIXED,fixed_origin_primary,极狐考拉,6,764.0
174.59565226236978,186.62958953615814,19.342358598007266,19.105852882987758,ALL_SENTIMENT_FIXED,fixed_origin_primary,林肯Z,6,5483.0
137.09983825683594,180.8097861401466,797.0517394766692,60.04372478401574,ALL_SENTIMENT_FIXED,fixed_origin_primary,枫叶60s,6,1370.0
41.67535273234049,50.332003395592736,1973.8897441742963,96.91942495893139,ALL_SENTIMENT_FIXED,fixed_origin_primary,标致4008,6,258.0
383.3970998128255,517.5300020185048,43.052002768706096,51.58965236324183,ALL_SENTIMENT_FIXED,fixed_origin_primary,标致408,6,4459.0
20.192046483357746,22.867031272518336,84.41033022145507,73.42562357584636,ALL_SENTIMENT_FIXED,fixed_origin_primary,标致408X,6,165.0
75.66156768798828,89.57714123599969,71.06493139874331,55.77019731301347,ALL_SENTIMENT_FIXED,fixed_origin_primary,标致5008,6,814.0
45.665733337402344,54.33753356966178,44.52808512443605,38.10770514943172,ALL_SENTIMENT_FIXED,fixed_origin_primary,标致508,6,719.0
1497.2736002604167,1784.598935509119,71.93980296296697,49.72403609654342,ALL_SENTIMENT_FIXED,fixed_origin_primary,格瑞维亚,6,18067.0
720.3977457682291,813.5608867032987,163.31091216437616,90.86370558354793,ALL_SENTIMENT_FIXED,fixed_origin_primary,欧拉好猫,6,4757.0
11.336472034454346,11.566104665612325,,,ALL_SENTIMENT_FIXED,fixed_origin_primary,欧拉闪电猫,6,0.0
112.94229634602864,122.72848673432671,21.439022413995712,21.59508534340892,ALL_SENTIMENT_FIXED,fixed_origin_primary,欧诺S,6,3138.0
44.59703572591146,45.36690927106202,616.6176544257486,524.6710085401348,ALL_SENTIMENT_FIXED,fixed_origin_primary,比亚迪M9,6,51.0
1254.4890950520833,1570.7467042079224,147.03255930191494,64.07537729047841,ALL_SENTIMENT_FIXED,fixed_origin_primary,比亚迪e7,6,11747.0
26.482707263280947,33.317022360468336,99.57359020010244,99.93474438973942,ALL_SENTIMENT_FIXED,fixed_origin_primary,比亚迪e9,6,159.0
1999.6025797526042,2307.109581568272,81.98047402580131,69.43466333998278,ALL_SENTIMENT_FIXED,fixed_origin_primary,汉,6,17279.0
0.08789385637889306,0.1446195220303217,,,ALL_SENTIMENT_FIXED,fixed_origin_primary,江淮A5 PLUS,6,0.0
2.5205393781264624,3.8977063134687873,59.02555906772614,79.59598036188828,ALL_SENTIMENT_FIXED,fixed_origin_primary,江淮QX PHEV,6,19.0
0.08437608508393168,0.11150749915921628,,,ALL_SENTIMENT_FIXED,fixed_origin_primary,沃兰多,6,0.0
3.791159232457479,3.817461241497043,,,ALL_SENTIMENT_FIXED,fixed_origin_primary,沃尔沃C40,6,0.0
43.87060864766439,44.52637410642428,290.92261125243846,226.9169412810227,ALL_SENTIMENT_FIXED,fixed_origin_primary,沃尔沃EM90,6,116.0
8.844762027263641,11.159665821523776,72.52923451759965,106.1371443271637,ALL_SENTIMENT_FIXED,fixed_origin_primary,沃尔沃ES90,6,50.0
641.4099934895834,691.6082466548619,29.078420783542384,29.232510147645275,ALL_SENTIMENT_FIXED,fixed_origin_primary,沃尔沃S60,6,13165.0
742.0597737630209,790.777752560483,141.78188113215356,77.15055696721755,ALL_SENTIMENT_FIXED,fixed_origin_primary,沃尔沃S90,6,5771.0
176.5808563232422,179.8254725627955,1285.3573354268774,746.1162943235586,ALL_SENTIMENT_FIXED,fixed_origin_primary,沃尔沃S90新能源,6,142.0
2531.1064453125,2792.747496415011,89.43603151532116,54.269006117334904,ALL_SENTIMENT_FIXED,fixed_origin_primary,海狮05EV,6,27984.0
5636.592122395833,6003.897972370419,72.48480853423979,53.45274653765608,ALL_SENTIMENT_FIXED,fixed_origin_primary,海狮06EV,6,63270.0
348.14574178059894,351.58876882819203,229.11746886869975,213.80495912831051,ALL_SENTIMENT_FIXED,fixed_origin_primary,海狮07EV,6,977.0
3634.7677408854165,4272.943162135455,44.47844162592692,31.554998980383576,ALL_SENTIMENT_FIXED,fixed_origin_primary,海豚,6,69113.0
124.50746154785156,127.56364111174932,199.73013123578826,173.32825273482817,ALL_SENTIMENT_FIXED,fixed_origin_primary,海豹,6,431.0
2041.120361328125,2258.252967572813,44.51495962585008,38.80334009685609,ALL_SENTIMENT_FIXED,fixed_origin_primary,海豹06DM-i,6,31561.0
2831.2666829427085,3194.4406152624397,98.44840104032696,71.26269023263802,ALL_SENTIMENT_FIXED,fixed_origin_primary,海豹06EV,6,23838.0
1352.3662923177083,1718.0242768440123,64.0936437765281,63.735745455237215,ALL_SENTIMENT_FIXED,fixed_origin_primary,海豹06GT,6,12731.0
186.24464416503906,195.65740194944885,41.98994482768388,37.663224300311235,ALL_SENTIMENT_FIXED,fixed_origin_primary,海豹07DM-i,6,2967.0
298.61018550395966,408.3370578388959,92.41081065911781,95.65729380799561,ALL_SENTIMENT_FIXED,fixed_origin_primary,海豹07EV,6,1873.0
103.18103218078613,116.84334366282914,,,ALL_SENTIMENT_FIXED,fixed_origin_primary,海马8S,6,0.0
29.645329475402832,30.06901511443617,,,ALL_SENTIMENT_FIXED,fixed_origin_primary,海马INJOY,6,0.0
5202.0087890625,5898.40789793495,74.60325564681013,56.64105386875057,ALL_SENTIMENT_FIXED,fixed_origin_primary,海鸥,6,55105.0
2764.8819986979165,3373.2970298329683,52.252007391374576,58.40271780386376,ALL_SENTIMENT_FIXED,fixed_origin_primary,深蓝L06,6,28405.0
541.4215647379557,683.7157652895933,66.08248622726686,74.01525150211287,ALL_SENTIMENT_FIXED,fixed_origin_primary,深蓝L07,6,4389.0
186.69981638590494,208.33125297673354,1225.167909475018,71.12373957558283,ALL_SENTIMENT_FIXED,fixed_origin_primary,深蓝SL03,6,1575.0
269.3103764851888,272.180669950347,912.4358528394288,755.0758219210901,ALL_SENTIMENT_FIXED,fixed_origin_primary,灵悉L,6,214.0
2.1760377486546836,2.3463579379597626,113.84008725484212,130.562264919281,ALL_SENTIMENT_FIXED,fixed_origin_primary,焕驰,6,10.0
229.88959248860678,232.95352900860823,7675.51197778611,2337.860262596001,ALL_SENTIMENT_FIXED,fixed_origin_primary,爱跑,6,59.0
328.88219197591144,346.481752806067,50.69719107970712,38.30893325287262,ALL_SENTIMENT_FIXED,fixed_origin_primary,狮铂拓界,6,5151.0
37.377628008524574,41.38014952281158,,,ALL_SENTIMENT_FIXED,fixed_origin_primary,猛士917,6,0.0
236.11485799153647,264.3996921148466,57.84740031888176,49.830782551854334,ALL_SENTIMENT_FIXED,fixed_origin_primary,理想MEGA,6,2843.0
206.40189615885416,236.06405411338864,30.637121883276436,27.34403570221075,ALL_SENTIMENT_FIXED,fixed_origin_primary,瑞虎3x,6,4529.0
444.59079996744794,665.541173965569,14.947406064153865,16.888539409969532,ALL_SENTIMENT_FIXED,fixed_origin_primary,瑞虎5x,6,15795.0
667.0022379557291,799.9020677351341,27.55587570521779,29.943983746609614,ALL_SENTIMENT_FIXED,fixed_origin_primary,瑞虎7,6,13365.0
3043.1197916666665,3324.1293554880813,34.43339365153668,29.776123206131764,ALL_SENTIMENT_FIXED,fixed_origin_primary,瑞虎8,6,61320.0
892.5861409505209,1094.3649605280511,20.089003156040995,22.067315693696177,ALL_SENTIMENT_FIXED,fixed_origin_primary,瑞虎9,6,24269.0
79.2913335164388,104.06076766620234,41.148367941271644,49.24927547604894,ALL_SENTIMENT_FIXED,fixed_origin_primary,瑞风E3,6,966.0
133.00814310709634,152.2057655905656,51.3125632533654,36.39073682820694,ALL_SENTIMENT_FIXED,fixed_origin_primary,瑞风M3,6,2193.0
17.44508457183838,18.369854880596197,244.99891368513676,100.64471868368297,ALL_SENTIMENT_FIXED,fixed_origin_primary,瑞风RF8,6,104.0
91.64400418599446,118.89958304638743,317.76662959928797,78.66438127553172,ALL_SENTIMENT_FIXED,fixed_origin_primary,瑞风RF8新能源,6,699.0
187.56629943847656,190.22834744586558,,,ALL_SENTIMENT_FIXED,fixed_origin_primary,电动MINI ACEMAN,6,0.0
281.8777669270833,284.03024199333055,,,ALL_SENTIMENT_FIXED,fixed_origin_primary,电动MINI COOPER,6,0.0
1021.0094807942709,1264.2520955307427,41.50977998229266,29.189769308455833,ALL_SENTIMENT_FIXED,fixed_origin_primary,皇冠陆放,6,20987.0
3499.1315104166665,3881.7180644817913,89.46619395644092,69.52147111659328,ALL_SENTIMENT_FIXED,fixed_origin_primary,皓影,6,30199.0
83.84716288248698,88.63749787344966,201.82106844397433,124.5254894294361,ALL_SENTIMENT_FIXED,fixed_origin_primary,皓影新能源,6,404.0
27.54005495707194,28.89945034517147,191.5491158109905,93.88655099001798,ALL_SENTIMENT_FIXED,fixed_origin_primary,睿蓝8,6,176.0
476.31026967366535,592.7383413589648,62.80657044115203,76.1487241684517,ALL_SENTIMENT_FIXED,fixed_origin_primary,福瑞迪,6,3753.0
4079.84326171875,4618.463263058447,57.47133462026842,45.58144564708867,ALL_SENTIMENT_FIXED,fixed_origin_primary,秦L,6,53704.0
5139.9140625,8082.495248507244,73.4679569438785,45.10740887683014,ALL_SENTIMENT_FIXED,fixed_origin_primary,秦PLUS,6,68369.0
740.5037231445312,749.6385300142944,1593.0002427307313,1105.2294375291513,ALL_SENTIMENT_FIXED,fixed_origin_primary,秦新能源,6,402.0
198.95344034830728,230.86756036133897,23.971517102265004,22.793978271717467,ALL_SENTIMENT_FIXED,fixed_origin_primary,索纳塔,6,5237.0
13.410770098368326,13.440150340919104,,,ALL_SENTIMENT_FIXED,fixed_origin_primary,红旗E-HS9,6,0.0
1752.0530192057292,1813.7523102165273,72.91441120174741,64.00193677463851,ALL_SENTIMENT_FIXED,fixed_origin_primary,红旗E-QM5,6,16425.0
170.95479838053384,188.5425531475721,371.7327802392837,144.67260793839253,ALL_SENTIMENT_FIXED,fixed_origin_primary,红旗EH7,6,709.0
2980.5550130208335,3140.541215468498,36.21287856634428,33.18918782941744,ALL_SENTIMENT_FIXED,fixed_origin_primary,红旗H5,6,53883.0
290.1490987141927,392.61944565713077,57.976873458265075,35.791418426915214,ALL_SENTIMENT_FIXED,fixed_origin_primary,红旗H5 PHEV,6,4864.0
123.09140014648438,160.2221037399875,14.839986066221474,12.73578894428188,ALL_SENTIMENT_FIXED,fixed_origin_primary,红旗H6,6,5799.0
87.31639607747395,98.95757327686404,20.22601359100126,19.72508947533297,ALL_SENTIMENT_FIXED,fixed_origin_primary,红旗H9,6,2656.0
39.60960451761881,41.30851564087982,162.29763491545108,123.78001411755879,ALL_SENTIMENT_FIXED,fixed_origin_primary,红旗HQ9,6,192.0
162.30199178059897,204.12722484666236,33.405584611600474,24.572595273368503,ALL_SENTIMENT_FIXED,fixed_origin_primary,红旗HS3,6,3963.0
683.5209350585938,810.053914537486,62.32770287091232,52.761168279320245,ALL_SENTIMENT_FIXED,fixed_origin_primary,红旗HS3 PHEV,6,7773.0
411.7524820963542,496.43613720542555,9.80798396127,10.445268444859314,ALL_SENTIMENT_FIXED,fixed_origin_primary,红旗HS5,6,23652.0
695.7371927897135,697.6541207814729,1204.6654158077772,899.6601630901469,ALL_SENTIMENT_FIXED,fixed_origin_primary,红旗HS7 PHEV,6,464.0
1.7010771036148071,2.305402673708603,38.18832917345894,39.25562546803401,ALL_SENTIMENT_FIXED,fixed_origin_primary,红旗国耀,6,26.0
107.25866190592448,126.67265476627847,102.60621330119794,34.7490265353967,ALL_SENTIMENT_FIXED,fixed_origin_primary,红旗天工05,6,1852.0
97.25166575113933,102.13266965719014,184.49857210943546,126.02807656735118,ALL_SENTIMENT_FIXED,fixed_origin_primary,红旗天工06,6,463.0
158.06251780192056,169.25758204870374,432.5250912232327,206.16850148076597,ALL_SENTIMENT_FIXED,fixed_origin_primary,红旗天工08,6,460.0
1007.3285115559896,1476.60664058494,35.24635243734601,44.97336907013868,ALL_SENTIMENT_FIXED,fixed_origin_primary,纳米01,6,13439.0
142.42256673177084,218.5559530157926,21.255487200259225,27.789769118394307,ALL_SENTIMENT_FIXED,fixed_origin_primary,缤智,6,3075.0
467.7354787190755,702.3562509018119,45.24509175493015,64.1759175009022,ALL_SENTIMENT_FIXED,fixed_origin_primary,缤瑞,6,4373.0
3221.7787272135415,3745.43243039854,27.17562221388203,29.130445551140387,ALL_SENTIMENT_FIXED,fixed_origin_primary,缤越,6,66359.0
55.11715541283289,94.82285150574627,99.78609042546064,100.5176086556223,ALL_SENTIMENT_FIXED,fixed_origin_primary,羿驰05,6,329.0
77.0825589497884,89.95024292235455,54.51734327658798,49.51770382213388,ALL_SENTIMENT_FIXED,fixed_origin_primary,胜达,6,934.0
1630.9573974609375,2035.9490387387505,31.761273146192654,34.66925665969541,ALL_SENTIMENT_FIXED,fixed_origin_primary,腾势D9,6,28226.0
56.632713317871094,72.52590080440375,17.334897625056488,19.53975157603373,ALL_SENTIMENT_FIXED,fixed_origin_primary,艾力绅,6,1739.0
291.62847900390625,332.7029228202781,19.80068141428448,20.77619180744998,ALL_SENTIMENT_FIXED,fixed_origin_primary,艾瑞泽5,6,8422.0
2853.2249348958335,2881.260547022682,38.67883690471003,33.973704325014886,ALL_SENTIMENT_FIXED,fixed_origin_primary,艾瑞泽8,6,50390.0
799.0672200520834,912.2207824998283,35.46071007062645,29.819649958405897,ALL_SENTIMENT_FIXED,fixed_origin_primary,英仕派,6,16078.0
144.66791788736978,148.1247157959371,1285.998439763589,1142.1151412160773,ALL_SENTIMENT_FIXED,fixed_origin_primary,荣威D5X DMH,6,76.0
529.1379597981771,626.9901788146476,167.68885484425974,39.20024396578667,ALL_SENTIMENT_FIXED,fixed_origin_primary,荣威D6,6,8099.0
181.45980834960938,213.01204345702558,37.59204305812538,29.50565989424543,ALL_SENTIMENT_FIXED,fixed_origin_primary,荣威D7,6,3690.0
0.014108308280507723,0.027242971782159505,,,ALL_SENTIMENT_FIXED,fixed_origin_primary,荣威RX3,6,0.0
1855.3153889973958,2092.624818198054,245.4198624179367,44.14089509490612,ALL_SENTIMENT_FIXED,fixed_origin_primary,荣威i5,6,25219.0
145.0037473042806,145.92965740611095,1825.6901048315374,2806.524141373173,ALL_SENTIMENT_FIXED,fixed_origin_primary,荣威i6 MAX新能源,6,31.0
61.05410067240397,62.036817363231414,763.8412352854225,590.8461355393933,ALL_SENTIMENT_FIXED,fixed_origin_primary,荣威iMAX8,6,62.0
52.658941904703774,68.59701012668951,237.0025104028516,106.02471524437003,ALL_SENTIMENT_FIXED,fixed_origin_primary,荣威iMAX8新能源,6,298.0
495.43663533528644,536.2205412553146,52.13274928548537,54.33412195232533,ALL_SENTIMENT_FIXED,fixed_origin_primary,菱智,6,5471.0
408.05796305338544,496.0632186619785,20.323425814462123,19.290480446898144,ALL_SENTIMENT_FIXED,fixed_origin_primary,蒙迪欧,6,12692.0
202.49217732747397,232.47752170256243,36.86576436272509,30.313200198723646,ALL_SENTIMENT_FIXED,fixed_origin_primary,蔚来ET5,6,4008.0
370.88901774088544,632.3567962137166,25.194331347545123,18.420115110051423,ALL_SENTIMENT_FIXED,fixed_origin_primary,蔚来ET5T,6,12081.0
40.473745346069336,42.07354457733355,287.25539219924826,252.96090841293335,ALL_SENTIMENT_FIXED,fixed_origin_primary,蔚来ET7,6,96.0
46.112982988357544,75.83520936731759,93.45750407798617,99.52442371587959,ALL_SENTIMENT_FIXED,fixed_origin_primary,蔚来ET9,6,278.0
354.9898986816406,735.3020504427747,19.025413710111224,34.04090446044181,ALL_SENTIMENT_FIXED,fixed_origin_primary,豪越L,6,6257.0
497.3573404947917,559.6711029259671,45.51743815388023,33.99959032663495,ALL_SENTIMENT_FIXED,fixed_origin_primary,赛图斯,6,8777.0
1957.4486490885417,2175.80333611185,26.73629077479606,27.953568712439008,ALL_SENTIMENT_FIXED,fixed_origin_primary,赛那SIENNA,6,42015.0
121.03903834025066,124.10530402323525,569.1537719388535,300.09678927334875,ALL_SENTIMENT_FIXED,fixed_origin_primary,起亚EV5,6,242.0
514.7297871907552,580.9861927947638,49.38582381011323,53.84202794882377,ALL_SENTIMENT_FIXED,fixed_origin_primary,起亚K3,6,5736.0
165.87000783284506,178.38247233650407,1786.0006241332705,502.6363873722578,ALL_SENTIMENT_FIXED,fixed_origin_primary,起亚K5凯酷,6,198.0
0.07962869107723236,0.1108248487943288,,,ALL_SENTIMENT_FIXED,fixed_origin_primary,起亚KX3傲跑,6,0.0
47.942331314086914,63.84108351686537,40.38815333435408,39.13659699109136,ALL_SENTIMENT_FIXED,fixed_origin_primary,轩度EV,6,735.0
6280.572265625,6779.592028508114,48.44181408032588,39.61298194425464,ALL_SENTIMENT_FIXED,fixed_origin_primary,轩逸,6,95129.0
1552.8929036458333,2334.223524425511,13.071950252697977,12.135768237307232,ALL_SENTIMENT_FIXED,fixed_origin_primary,迈腾,6,76776.0
20.514996727307636,47.67749628781735,98.941234612869,104.31354268122529,ALL_SENTIMENT_FIXED,fixed_origin_primary,迈腾PHEV,6,118.0
395.92701466878253,741.8161561955081,1614.3653358928702,105.02042829410678,ALL_SENTIMENT_FIXED,fixed_origin_primary,迈锐宝XL,6,2262.0
905.7371419270834,1202.9592070921817,26.79254069893294,19.777359529669187,ALL_SENTIMENT_FIXED,fixed_origin_primary,逍客,6,27478.0
78.35335493087769,165.87163377465663,148.8374841858418,92.36151858256702,ALL_SENTIMENT_FIXED,fixed_origin_primary,途安,6,509.0
1977.6863606770833,2029.2319267347807,25.328655542580787,23.348388815990123,ALL_SENTIMENT_FIXED,fixed_origin_primary,途岳,6,50822.0
254.07840983072916,293.5722275103662,15.968041257705037,13.212605815430534,ALL_SENTIMENT_FIXED,fixed_origin_primary,途昂,6,11538.0
273.43505859375,329.321617387164,16.797667000483287,16.123934659090907,ALL_SENTIMENT_FIXED,fixed_origin_primary,途胜L,6,10175.0
2003.3504231770833,2907.405021076957,13.151691448660493,14.51598016938688,ALL_SENTIMENT_FIXED,fixed_origin_primary,途观L,6,82806.0
183.22667439778647,200.41847216920112,8812.335512141535,217.2648313017231,ALL_SENTIMENT_FIXED,fixed_origin_primary,途观L新能源,6,506.0
4001.3898111979165,4602.840363333101,33.540875362162396,28.381670469893372,ALL_SENTIMENT_FIXED,fixed_origin_primary,速腾,6,84591.0
2043.65380859375,2372.4213307195464,24.687368856108375,20.912649404036053,ALL_SENTIMENT_FIXED,fixed_origin_primary,逸动,6,58634.0
108.29170481363933,127.75320436901947,5434.688055432088,333.20524558042865,ALL_SENTIMENT_FIXED,fixed_origin_primary,钇为3,6,195.0
2588.7788899739585,2804.066186932448,38.1450729306908,37.411901680822176,ALL_SENTIMENT_FIXED,fixed_origin_primary,铂智3X,6,41518.0
39.66350809733073,47.26579342678599,1192.9265925021307,71.46578035555086,ALL_SENTIMENT_FIXED,fixed_origin_primary,铂智4X,6,333.0
1721.2943287293117,2432.0770724610147,99.31235114800208,99.77553832843078,ALL_SENTIMENT_FIXED,fixed_origin_primary,铂智7,6,10351.0
112.34525044759114,125.16106690781132,69.10280092456271,52.785552285477436,ALL_SENTIMENT_FIXED,fixed_origin_primary,银河E8,6,1277.0
236.5581283569336,369.52588231835995,41.9135048037232,54.970905117800214,ALL_SENTIMENT_FIXED,fixed_origin_primary,银河V900,6,2582.0
1828.950927734375,2167.146546333025,112.98383113219062,72.0484903578639,ALL_SENTIMENT_FIXED,fixed_origin_primary,银河星耀6,6,15231.0
1292.470263560613,2475.480518255597,97.80597449043631,99.45904298273281,ALL_SENTIMENT_FIXED,fixed_origin_primary,银河星耀7,6,7797.0
1904.6005859375,2645.9540191608094,12.401390437051358,14.534312897456282,ALL_SENTIMENT_FIXED,fixed_origin_primary,锋兰达,6,78625.0
279.05491129557294,330.59484526816334,15.057869672424317,15.797051304589466,ALL_SENTIMENT_FIXED,fixed_origin_primary,锐界L,6,10599.0
43.62663141886393,44.29387941442407,1856.033521985251,1246.4751833961125,ALL_SENTIMENT_FIXED,fixed_origin_primary,锐程PLUS,6,21.0
52.89643351236979,61.78054630905091,29.41469170113169,25.90845723054847,ALL_SENTIMENT_FIXED,fixed_origin_primary,锐际,6,1225.0
4159.908121744792,4468.422625149003,33.10986398404428,34.20883299590026,ALL_SENTIMENT_FIXED,fixed_origin_primary,长安CS75 PLUS,6,72962.0
5433.613199869792,5543.23563308841,334.2089873675776,275.6779908609737,ALL_SENTIMENT_FIXED,fixed_origin_primary,长安Lumin,6,11826.0
112.10532506306966,121.39734210865716,2224.97569206771,405.19997010748074,ALL_SENTIMENT_FIXED,fixed_origin_primary,长安UNI-K,6,166.0
3.099315126736959,3.220369915595988,239.47452306747437,265.65558229173934,ALL_SENTIMENT_FIXED,fixed_origin_primary,长安UNI-K 智电iDD,6,7.0
19.877512613932293,24.102994249567335,565.0407166567509,116.92654478783702,ALL_SENTIMENT_FIXED,fixed_origin_primary,长安UNI-T,6,102.0
723.1292317708334,740.0374017257761,42.94187465273149,34.39923404919528,ALL_SENTIMENT_FIXED,fixed_origin_primary,长安UNI-V,6,12613.0
1974.668212890625,2713.9939225473186,62.53344223963179,59.814263314538316,ALL_SENTIMENT_FIXED,fixed_origin_primary,长安UNI-Z新能源,6,19808.0
3236.3955891927085,3340.538297981007,38.33917019553626,38.63891582130741,ALL_SENTIMENT_FIXED,fixed_origin_primary,长安X5 PLUS,6,50256.0
673.8782755533854,816.7040353925892,59.257819612332064,43.45265613455467,ALL_SENTIMENT_FIXED,fixed_origin_primary,长安启源A07,6,9305.0
2215.0846557617188,2231.8914173121716,,,ALL_SENTIMENT_FIXED,fixed_origin_primary,长安启源Q05经典,6,0.0
1244.142801920573,1265.593649323604,426.6768900530611,279.79223431497144,ALL_SENTIMENT_FIXED,fixed_origin_primary,长安欧尚520,6,2668.0
4708.845540364583,5379.945641131922,114.99329414784636,69.93161862871588,ALL_SENTIMENT_FIXED,fixed_origin_primary,雅阁,6,40401.0
2534.77978515625,3294.589454829671,98.30293571294759,70.85008250692957,ALL_SENTIMENT_FIXED,fixed_origin_primary,零跑B01,6,21466.0
2012.4852294921875,2543.830618017127,99.39809431150914,60.242024431017384,ALL_SENTIMENT_FIXED,fixed_origin_primary,零跑Lafa5,6,20044.0
678.3501180013021,748.091841089742,16609.1573951078,107.87438929254738,ALL_SENTIMENT_FIXED,fixed_origin_primary,零跑T03,6,3773.0
428.1971944173177,494.74877191378124,203.8557050396025,97.83637343883878,ALL_SENTIMENT_FIXED,fixed_origin_primary,雷凌,6,2626.0
1260.8738606770833,1444.501364404197,30.58621968072533,32.66512592427677,ALL_SENTIMENT_FIXED,fixed_origin_primary,领克03,6,23160.0
531.8729248046875,722.250069766807,23.665047840029015,26.2113967049538,ALL_SENTIMENT_FIXED,fixed_origin_primary,领克07,6,12175.0
778.6876220703125,919.6684801821597,26.63280735132848,25.923130069477196,ALL_SENTIMENT_FIXED,fixed_origin_primary,领克10,6,18023.0
2944.754638671875,3152.7652584188777,137.81427984379138,132.30887997627116,ALL_SENTIMENT_FIXED,fixed_origin_primary,风云A9L,6,13354.0
3.225347916285197,4.519583070595334,70.28089008290014,33.36566809950204,ALL_SENTIMENT_FIXED,fixed_origin_primary,风光330,6,58.0
37.825445810953774,40.05280948609761,89.49224184315156,83.74637448919655,ALL_SENTIMENT_FIXED,fixed_origin_primary,风光380,6,271.0
20.197535196940105,20.334465898772443,1101.768240247454,605.9260559082031,ALL_SENTIMENT_FIXED,fixed_origin_primary,风光E380,6,20.0
96.31665802001953,99.71048006794635,68.47617988127526,60.072759679845866,ALL_SENTIMENT_FIXED,fixed_origin_primary,飞凡F7,6,962.0
187.4827880859375,213.72719115447188,39.40871653289493,31.395387343444742,ALL_SENTIMENT_FIXED,fixed_origin_primary,马自达3 昂克赛拉,6,3583.0
457.08042399088544,501.0092726596448,42.30311945254115,33.44898821740837,ALL_SENTIMENT_FIXED,fixed_origin_primary,马自达EZ-6,6,8199.0
6436.236979166667,6508.960078743521,17550.673611796024,880.0688667958067,ALL_SENTIMENT_FIXED,fixed_origin_primary,驱逐舰05,6,4388.0
25.71434720357259,34.467202093774205,46.62198375099844,31.16890570130011,ALL_SENTIMENT_FIXED,fixed_origin_primary,骐达,6,495.0
484.0186360677083,533.0385726251959,46.62412628693709,38.73181937058215,ALL_SENTIMENT_FIXED,fixed_origin_primary,高尔夫,6,7498.0
39.90918731689453,48.71576921031042,26.04108825949209,24.384432169181995,ALL_SENTIMENT_FIXED,fixed_origin_primary,高尔夫GTI,6,982.0
1234.238037109375,1499.272857392444,21.429331484346655,21.636217672177665,ALL_SENTIMENT_FIXED,fixed_origin_primary,魏牌 高山,6,34227.0
1855.5152180989583,2009.2735891304098,51.05654409354921,45.82084746509343,BASE,fixed_origin_primary,AION RT,6,24297.0
1156.8416748046875,1253.3813271756935,120.60703287693862,52.492248724405385,BASE,fixed_origin_primary,AION S,6,13223.0
1286.1731363932292,1365.1200942926232,81.48299870269821,65.53748465697983,BASE,fixed_origin_primary,AION UT,6,11775.0
88.66663106282552,92.49024263412616,145.14199574583355,109.24020254146882,BASE,fixed_origin_primary,EO 羿欧,6,487.0
0.2825514463086923,0.3103263917252364,,,BASE,fixed_origin_primary,EVOS,6,0.0
503.39989217122394,587.4682688731168,148.18435976058745,88.70482681431258,BASE,fixed_origin_primary,ID.4 CROZZ,6,3405.0
69.68890126546223,78.47220166541602,205.63297448303595,74.40096220511982,BASE,fixed_origin_primary,ID.4 X,6,562.0
10.99284823735555,11.201162401947668,1007.0001602172852,6595.70894241333,BASE,fixed_origin_primary,ID.6 CROZZ,6,1.0
58.71194839477539,64.66201702086157,691.2731184253931,482.5639594091128,BASE,fixed_origin_primary,IQ傲歌,6,73.0
129.93355433146158,199.47599478635556,199.9820827629711,102.98564412004882,BASE,fixed_origin_primary,IQ锐歌,6,757.0
4327.689860026042,4705.495365612095,42.35613900083559,36.69970059242188,BASE,fixed_origin_primary,MG4,6,70753.0
44.17217826843262,50.44795811700059,562.6573795742459,232.48514878122427,BASE,fixed_origin_primary,MG6,6,114.0
260.3154754638672,351.35973388698864,28.52607469760843,35.138196913007945,BASE,fixed_origin_primary,MG7,6,4445.0
1.7696916063626607,1.8937534977859067,,,BASE,fixed_origin_primary,Model 3,6,0.0
0.29790981486439705,0.3851600366917562,,,BASE,fixed_origin_primary,Model Y,6,0.0
60.635887145996094,71.70555665084446,28.34517153866499,27.19098078295789,BASE,fixed_origin_primary,PATHFINDER探陆,6,1338.0
93.77820905049641,95.27469269260143,,,BASE,fixed_origin_primary,Polestar 4,6,0.0
425.0209554036458,565.6644585300772,70.05510306549134,51.52810128150889,BASE,fixed_origin_primary,QQ冰淇淋,6,4949.0
2661.6666666666665,3332.450156442882,21.26370689860445,23.187269506635307,BASE,fixed_origin_primary,RAV4荣放,6,68874.0
646.5432739257812,869.1328667441622,24.315815252639553,28.23127606109226,BASE,fixed_origin_primary,T-ROC探歌,6,13741.0
285.7632649739583,350.66049191349674,32.20650646627011,28.107862128586063,BASE,fixed_origin_primary,eπ007,6,6100.0
392.83619435628253,472.45876338938837,57.19580505445593,62.09212766432285,BASE,fixed_origin_primary,e爱丽舍,6,3796.0
1788.3614095052083,1961.9672049530184,39.41656789866948,37.063204922217714,BASE,fixed_origin_primary,firefly萤火虫,6,28951.0
64.18295160929362,64.73573102779515,,,BASE,fixed_origin_primary,iCAR 03,6,0.0
113.44995371500652,143.20735730551752,40.41424699700153,42.1747039832738,BASE,fixed_origin_primary,世纪,6,1614.0
142.1205088297526,151.01699216598192,131.62512471510382,49.86684520342197,BASE,fixed_origin_primary,东风本田S7,6,1710.0
628.8105061848959,777.6659600752748,201.8192978114201,61.527446789128746,BASE,fixed_origin_primary,丰田bZ3,6,6132.0
463.35597737630206,521.7344549628275,72.16259530234002,52.05272166743704,BASE,fixed_origin_primary,丰田bZ5,6,5341.0
126.45796712239583,205.85574460354766,37.39959413011287,46.29333756768609,BASE,fixed_origin_primary,五菱佳辰,6,1639.0
0.21667123648027578,0.27101870001717226,,,BASE,fixed_origin_primary,五菱宏光,6,0.0
0.12192075699567795,0.17596255621574822,,,BASE,fixed_origin_primary,五菱宏光S,6,0.0
59.65452734629313,63.07064857129302,67.93486515790697,68.96477149860478,BASE,fixed_origin_primary,五菱征程,6,519.0
0.3310409039258957,0.3556030854458676,,,BASE,fixed_origin_primary,五菱星云,6,0.0
719.31494140625,740.8174592071513,236.13472835768775,191.22240356391228,BASE,fixed_origin_primary,五菱星光,6,2257.0
271.9017588297526,301.4197719929835,2066.588150078923,118.38973533951491,BASE,fixed_origin_primary,五菱星驰,6,1378.0
1.7386920253435771,2.0615168755997266,42.1406991481781,61.365600894479186,BASE,fixed_origin_primary,亚洲狮,6,17.0
2908.173828125,3094.575704496116,47.02041461967766,37.62515734162067,BASE,fixed_origin_primary,亚洲龙,6,46376.0
0.3348446364204089,0.3868697701195236,,,BASE,fixed_origin_primary,享域,6,0.0
918.8436686197916,1071.4005213584476,32.80342938317896,25.774015950064282,BASE,fixed_origin_primary,伊兰特,6,21390.0
260.61768595377606,352.3989459056914,18.03333175460082,17.512667888035125,BASE,fixed_origin_primary,传祺E8新能源,6,8929.0
0.2298077754676342,0.27538570518566247,,,BASE,fixed_origin_primary,传祺GA8,6,0.0
713.3528137207031,899.60492275471,31.411925502123644,37.147343189760626,BASE,fixed_origin_primary,传祺M6,6,11522.0
2453.0916341145835,2697.873754390479,46.37020958908818,50.36804395553863,BASE,fixed_origin_primary,传祺M8,6,29222.0
1534.3188883463542,1802.3659733595312,51.71550091173175,36.5996633804243,BASE,fixed_origin_primary,元PLUS,6,25153.0
5873.097493489583,6340.0715080948685,70.66444138997987,42.62560174299927,BASE,fixed_origin_primary,元UP,6,82670.0
50.32008361816406,54.56073973031552,17.252978477868282,15.627355160920517,BASE,fixed_origin_primary,冠道,6,1932.0
128.06481424967447,151.22711294094805,47.88837606643826,50.09054012373188,BASE,fixed_origin_primary,凌宝BOX,6,1534.0
50.43163808186849,52.62474866111211,807.1536001317643,512.8641160867982,BASE,fixed_origin_primary,凌尚,6,59.0
3.6173715591430664,4.11197901895405,51.54749086408904,83.47780521099384,BASE,fixed_origin_primary,凌放HARRIER,6,26.0
510.28973388671875,551.1096701329676,34.191008630268136,26.51085291644569,BASE,fixed_origin_primary,凌渡,6,11549.0
374.69031778971356,467.16684877966446,31.383985742142954,35.127217292785645,BASE,fixed_origin_primary,凡尔赛C5 X,6,6400.0
49.71754936377207,72.54503977689369,91.23996828224891,95.30520644812538,BASE,fixed_origin_primary,凯威德,6,313.0
1578.30322265625,1874.0194157591116,10.482413944196974,11.013851125175911,BASE,fixed_origin_primary,凯美瑞,6,85981.0
381.7443313598633,574.7281279090381,93.28845310602972,78.49437930634612,BASE,fixed_origin_primary,凯翼拾月,6,2918.0
592.4876098632812,862.0074659145158,18.20242661833449,23.135010146945774,BASE,fixed_origin_primary,凯迪拉克CT5,6,15366.0
995.1876627604166,1153.1525759979015,25.235672791186932,27.538283339770786,BASE,fixed_origin_primary,凯迪拉克XT5,6,21683.0
105.73025258382161,118.44458968506335,140.73409441457326,117.91477983325831,BASE,fixed_origin_primary,凯迪拉克XT6,6,538.0
0.3273747165997823,0.4005225517032845,17.947799960772194,19.64248299598694,BASE,fixed_origin_primary,别克E4,6,10.0
0.13893491487639645,0.19631151188009383,,,BASE,fixed_origin_primary,别克GL6,6,0.0
1048.0076904296875,1190.812418403661,29.65135064394955,31.995350036015495,BASE,fixed_origin_primary,别克GL8,6,19653.0
709.5676676432291,793.9147090671864,31.123399990566785,28.055393778315484,BASE,fixed_origin_primary,别克GL8新能源,6,15175.0
50.68246587117513,60.2134092829748,32.863261184454764,35.608289839233116,BASE,fixed_origin_primary,勇士,6,854.0
617.8674621582031,676.1339617590185,7087.642540617607,435.11793109732616,BASE,fixed_origin_primary,北京EU5,6,852.0
21.561014811197918,28.051653435644045,16.52612405381941,18.996488820438692,BASE,fixed_origin_primary,北京现代ix35,6,681.0
164.82644764582315,231.4721023860699,91.12316409888331,94.90966275191353,BASE,fixed_origin_primary,博越REV,6,1042.0
1604.8927001953125,2159.091820856091,25.410751155465032,30.63941772041452,BASE,fixed_origin_primary,卡罗拉,6,31428.0
0.18263830958797675,0.26833477941146167,,,BASE,fixed_origin_primary,卡罗拉双擎E+,6,0.0
2585.0013020833335,3198.2513336528336,26.194380783339355,22.878479802486982,BASE,fixed_origin_primary,卡罗拉锐放,6,67793.0
1.0676738619804382,1.1527417252332157,,,BASE,fixed_origin_primary,合创A06,6,0.0
204.38363647460938,248.34648302040912,35.95913668082781,28.10684893072785,BASE,fixed_origin_primary,吉利ICON,6,4363.0
1656.9896850585938,2073.1785075110197,47.014107782817455,49.87677775724458,BASE,fixed_origin_primary,吉利熊猫,6,19933.0
693.8796590169271,885.8527525364077,26.314391724202995,29.279681792682766,BASE,fixed_origin_primary,君威,6,14219.0
1243.9670003255208,1730.353933495004,22.29665594729245,27.497060130979683,BASE,fixed_origin_primary,君越,6,27144.0
34.45898691813151,45.83159682049561,37.92051851792368,30.05144207976585,BASE,fixed_origin_primary,启辰D60,6,688.0
0.38604645679394406,0.43469316353935566,,,BASE,fixed_origin_primary,启辰T60,6,0.0
1323.2482503255208,1405.094413620139,82.042469541046,77.6554137514977,BASE,fixed_origin_primary,唐新能源,6,10224.0
18.535369237263996,21.81956727705808,24.388780151558286,25.333078684187694,BASE,fixed_origin_primary,嘉华,6,439.0
360.3671061197917,371.6219397323014,206.09187759023234,108.16421394290896,BASE,fixed_origin_primary,型格,6,1999.0
216.8569081624349,264.98882685173965,83.37457136680325,87.44230167840117,BASE,fixed_origin_primary,埃尚,6,1488.0
784.4030558268229,793.3881124373244,118.69575245822148,114.76270019412186,BASE,fixed_origin_primary,夏,6,4101.0
235.4019978841146,346.77944807558043,21.97136985961078,26.499286816223027,BASE,fixed_origin_primary,大众CC,6,5330.0
633.5426635742188,668.7707250962145,122.09128632294373,97.36823722964428,BASE,fixed_origin_primary,大众ID.3,6,3904.0
148.411496480306,160.87025015074764,457.7099011658217,238.73162972703375,BASE,fixed_origin_primary,大家7,6,373.0
101.07753499348958,112.5087716019339,228.06474050825193,93.15901842717935,BASE,fixed_origin_primary,大家9,6,651.0
21.305315653483074,27.26728423291694,13.54555151533414,13.044070808254943,BASE,fixed_origin_primary,大通G10,6,980.0
72.85954284667969,91.11865782895673,28.16208223796553,28.666049644595287,BASE,fixed_origin_primary,大通G50,6,1525.0
5.931891918182373,6.637510938835773,48.217367507159196,40.444717623970725,BASE,fixed_origin_primary,大通G70,6,88.0
36.95599619547526,39.292766929665056,375.6465152160093,249.1415473852265,BASE,fixed_origin_primary,大通G90,6,89.0
934.4781901041666,1085.0387544721634,23.98610206434363,20.59683028662479,BASE,fixed_origin_primary,天籁,6,27222.0
590.7028198242188,680.0668741257754,24.156458352724027,24.000927195404024,BASE,fixed_origin_primary,奇骏,6,14767.0
3.0558066765467324,3.103881682976067,,,BASE,fixed_origin_primary,奔奔E-Star,6,0.0
2900.506388346354,3058.001153691702,100.52643703761277,66.87046428464217,BASE,fixed_origin_primary,奔腾小马,6,26025.0
616.7854512532552,632.2960556354458,5304.910854898538,285.1088372511195,BASE,fixed_origin_primary,奔驰A级,6,1298.0
2094.830322265625,2401.9740297915428,42.89107275436071,30.661288350678774,BASE,fixed_origin_primary,奔驰C级,6,40993.0
1593.1875,2246.317117739876,13.85795952840013,15.613107390771743,BASE,fixed_origin_primary,奔驰E级,6,61225.0
877.5631103515625,1081.5013951538301,445.76719425993605,86.54468543901011,BASE,fixed_origin_primary,奔驰GLB,6,6084.0
2052.440673828125,2510.9138850219483,22.546795050579373,23.439945263278737,BASE,fixed_origin_primary,奔驰GLC,6,52537.0
276.0159047444661,279.13611790791174,105.74572639721704,98.28459516123424,BASE,fixed_origin_primary,奔驰V级,6,1685.0
690.7672170003256,757.1813593238579,75.64630932623989,78.00872015813954,BASE,fixed_origin_primary,奕炫,6,5313.0
950.1449279785156,985.7941215133314,48.90556074994578,49.83713233561582,BASE,fixed_origin_primary,奕跑,6,11439.0
193.04266357421875,270.74112434445175,18.062475976789546,19.70493333523839,BASE,fixed_origin_primary,奥德赛,6,5878.0
1144.820068359375,1508.6581077418195,18.114448886646986,19.994528759842375,BASE,fixed_origin_primary,奥迪A3,6,34354.0
1782.1653645833333,1888.315691246801,93.5978935985987,75.40365409703124,BASE,fixed_origin_primary,奥迪A4L,6,14181.0
1089.3299967447917,1167.5569402460296,32.47212563723138,29.463913719824863,BASE,fixed_origin_primary,奥迪A5L,6,22183.0
274.5086669921875,403.2513751767486,29.06212779302545,20.090900243390156,BASE,fixed_origin_primary,奥迪A5L Sportback,6,8198.0
2868.8846028645835,3160.853150374448,33.077115866464815,29.050525065713973,BASE,fixed_origin_primary,奥迪A6L,6,59253.0
368.5693105061849,378.31907784360226,759.5829408391943,1590.9466640554745,BASE,fixed_origin_primary,奥迪A6L e-tron,6,139.0
172.53190104166666,194.26186065965308,48.42847969149597,44.524361559139784,BASE,fixed_origin_primary,奥迪A7L,6,2325.0
679.3619079589844,763.6481286971642,130.09575054237078,82.79852625947403,BASE,fixed_origin_primary,奥迪E5 Sportback,6,4923.0
125.20100402832031,219.37237119020105,30.769499396459075,37.336283507451384,BASE,fixed_origin_primary,奥迪Q2L,6,2012.0
845.9082641601562,951.9349405736226,31.58550421991445,33.7239175080461,BASE,fixed_origin_primary,奥迪Q3,6,15050.0
22.58031717936198,23.926498589733402,22.77663829472425,20.55871063371349,BASE,fixed_origin_primary,奥迪Q3 Sportback,6,659.0
414.7108332316081,593.4678930698702,605.1821674997921,106.65516499741314,BASE,fixed_origin_primary,奥迪Q4 e-tron,6,2333.0
96.89134724934895,99.21298639342321,,,BASE,fixed_origin_primary,奥迪Q5 e-tron,6,0.0
2082.3556315104165,2511.2437142086337,27.10575637033264,24.32516361790102,BASE,fixed_origin_primary,奥迪Q5L,6,51363.0
229.43976084391275,427.2458320940715,80.27028549884177,78.12931697295554,BASE,fixed_origin_primary,奥迪Q5L Sportback,6,1762.0
92.13197072347005,94.23028842433258,449.1485956977506,339.1360885526505,BASE,fixed_origin_primary,奥迪Q6L Sportback e-tron,6,163.0
264.1719055175781,311.36034891663974,148.53758740668212,62.699028208285945,BASE,fixed_origin_primary,奥迪Q6L e-tron,6,2528.0
4160.153076171875,4947.060511441673,51.20661277658895,57.41705991542164,BASE,fixed_origin_primary,威兰达,6,43473.0
316.1828155517578,322.3598975859957,183.47273150940532,129.0542104292889,BASE,fixed_origin_primary,威朗,6,1470.0
573.3982543945312,591.3356731705846,247.45611300812996,180.88273009291208,BASE,fixed_origin_primary,威然,6,1902.0
181.95624796549478,195.06698075410253,68.7448699589437,58.44419099534094,BASE,fixed_origin_primary,威霆,6,1868.0
56.07927894592285,59.55468872771423,1416.0094385109253,570.2977519924358,BASE,fixed_origin_primary,威飒,6,59.0
71.25640106201172,77.72589840940742,43.65100808594812,38.8671278520064,BASE,fixed_origin_primary,宋L EV,6,1100.0
3919.7398274739585,3942.101773484157,3142.852439326602,1569.9892499895695,BASE,fixed_origin_primary,宋PLUS新能源,6,1498.0
3196.5177408854165,3608.295553152459,28.315620290363224,25.137102473606777,BASE,fixed_origin_primary,宋Pro新能源,6,76298.0
4207.944661458333,5727.021310184215,57.200112486939446,34.681338986455856,BASE,fixed_origin_primary,宏光MINIEV,6,72799.0
882.4012451171875,960.8396371979118,21.03410269318611,19.936014876315568,BASE,fixed_origin_primary,宝来,6,26557.0
8.276939868927002,8.968405294020084,575.2505355411105,292.12728949154126,BASE,fixed_origin_primary,宝马1系,6,17.0
62.92550150553385,71.48731408246638,16.312683745641042,15.04195255112363,BASE,fixed_origin_primary,宝马2系,6,2510.0
1110.01953125,1599.1715174605226,8.8468954224044,10.176196656123945,BASE,fixed_origin_primary,宝马3系,6,65448.0
1802.7825520833333,2101.6474666098343,22.301956558217974,22.515549868862013,BASE,fixed_origin_primary,宝马5系,6,48041.0
1256.7567545572917,1274.4654877328394,34.224789959595654,34.32354921636738,BASE,fixed_origin_primary,宝马X1,6,21969.0
5.758002281188965,6.896973862442057,131.9127817380996,143.95005702972412,BASE,fixed_origin_primary,宝马X2,6,24.0
1430.8470865885417,1628.4996945037976,20.845684568596827,21.505717734296717,BASE,fixed_origin_primary,宝马X3,6,39920.0
814.134765625,1084.4116823091072,14.809131886069595,16.210827311419372,BASE,fixed_origin_primary,宝马X5,6,30133.0
244.79520670572916,264.3557967116439,23.538390813252793,23.14848290361505,BASE,fixed_origin_primary,宝马i3,6,6345.0
158.3390146891276,174.896501785416,66.37639410460538,54.53697406054911,BASE,fixed_origin_primary,宝马i5,6,1742.0
149.43880208333334,180.30334899113492,24.404991837110956,19.332315922811556,BASE,fixed_origin_primary,宝马iX1,6,4638.0
54.93145306905111,62.71033138956278,441.06472061080024,197.35851402054288,BASE,fixed_origin_primary,宝马iX3,6,167.0
53.07286834716797,55.34513414386981,3115.145357805698,442.2739028930664,BASE,fixed_origin_primary,宝骏KiWi EV,6,72.0
10680.336588541666,12545.15238203583,644.1403150960707,79.60894893069221,BASE,fixed_origin_primary,小米SU7,6,80496.0
2.1965563694636026,2.2328859382372324,,,BASE,fixed_origin_primary,小虎FEV,6,0.0
0.17329668502012888,0.24992261547633476,,,BASE,fixed_origin_primary,小鹏G3,6,0.0
4669.932942708333,5264.140924149154,46.07925944120694,44.9666158304179,BASE,fixed_origin_primary,小鹏MONA M03,6,62312.0
0.4941243877013524,0.538967801701591,,,BASE,fixed_origin_primary,小鹏P5,6,0.0
479.36358642578125,561.6890739792675,45.627410257357006,32.72106391984855,BASE,fixed_origin_primary,小鹏P7,6,8790.0
726.3155924479166,837.225198839274,20.614456635659163,21.05669479458591,BASE,fixed_origin_primary,小鹏P7+,6,20696.0
431.6690673828125,709.5210269318592,15.693172173953144,19.438715132819535,BASE,fixed_origin_primary,小鹏X9,6,13324.0
1518.1725260416667,1831.1503624690063,31.44113123084427,28.519208378991863,BASE,fixed_origin_primary,岚图梦想家,6,31940.0
106.39331630865733,135.936842933962,94.28702563228131,94.99403241844404,BASE,fixed_origin_primary,岚图追光L,6,672.0
3134.4900716145835,3331.4369380586586,25.319576529886607,23.49692707357259,BASE,fixed_origin_primary,帕萨特,6,80040.0
1046.2308247884114,1134.8794085148327,1807.6546122744037,179.3538556780134,BASE,fixed_origin_primary,帕萨特新能源,6,3500.0
345.1459554036458,348.6609724212115,190.02223232186458,178.21650020842296,BASE,fixed_origin_primary,广汽本田P7,6,1162.0
473.91527303059894,590.2944646717328,30.750688204940946,34.25480831446324,BASE,fixed_origin_primary,库斯途,6,8301.0
291.1529286702474,398.5351820584485,61.62712662946587,42.20627137041518,BASE,fixed_origin_primary,影豹,6,4139.0
47.1197509765625,54.50822240502567,47.873532340120256,33.10521145894321,BASE,fixed_origin_primary,微蓝6,6,854.0
261.35394287109375,361.0807764821166,15.790003605873629,13.104827488104318,BASE,fixed_origin_primary,思域,6,11966.0
809.2694498697916,969.7340677456826,64.32186040301069,44.40842051599369,BASE,fixed_origin_primary,悦意03,6,10934.0
365.83502705891925,367.4620393903665,237.23503773785407,221.27118572112053,BASE,fixed_origin_primary,悦意07,6,992.0
11.511533260345459,11.764523201398188,838.6942466100057,1151.153326034546,BASE,fixed_origin_primary,护卫舰07,6,6.0
119.3985989888509,122.42061717162126,7393.881291034175,2653.3021997522424,BASE,fixed_origin_primary,捷豹XEL,6,27.0
526.7347819010416,552.8935692878377,588.2037364480623,166.07507574389123,BASE,fixed_origin_primary,捷豹XFL,6,1903.0
1016.2704671223959,1123.284587739604,45.84320377546018,43.557559845234486,BASE,fixed_origin_primary,捷达VA3,6,13999.0
114.93315887451172,121.02554694350385,118.57134432281468,108.25729250346473,BASE,fixed_origin_primary,捷达VA7,6,637.0
3233.1263020833335,3551.544622629118,26.153775394016943,26.40400415481359,BASE,fixed_origin_primary,探岳,6,73469.0
216.82968266805014,381.30802159174317,468.17873289541944,99.23555270848976,BASE,fixed_origin_primary,探岳X,6,1311.0
6.461250940958659,6.822421429431302,326.03336175282794,176.21593475341797,BASE,fixed_origin_primary,探界者,6,22.0
104.86927286783855,118.05409800210668,14.718679352189431,14.687573230789711,BASE,fixed_origin_primary,探险者,6,4284.0
112.63850402832031,150.40009818554412,19.662588081417194,21.744884947552183,BASE,fixed_origin_primary,揽境,6,3108.0
552.2103068033854,668.5092075225829,30.30963192718979,34.41992354893323,BASE,fixed_origin_primary,揽巡,6,9626.0
0.2219824679195881,0.2643603673900244,,,BASE,fixed_origin_primary,摩卡,6,0.0
2791.5984700520835,4153.1969042675455,22.90077234685617,29.626416478549068,BASE,fixed_origin_primary,新帝豪,6,56536.0
692.9673055013021,924.498503273464,27.82526789248052,29.841411275445434,BASE,fixed_origin_primary,日产N6,6,13933.0
302.5804850260417,426.23692262090873,36.65610192572278,24.38198912377451,BASE,fixed_origin_primary,日产N7,6,7446.0
2017.6247549454372,2978.2090734767175,97.08794121333993,99.1380601889495,BASE,fixed_origin_primary,日产NX8,6,12211.0
2537.084716796875,2960.0601949664538,28.358575961485542,29.791976477182658,BASE,fixed_origin_primary,昂科威,6,51096.0
87.32468605041504,103.72674236839562,399.5510502969843,403.03701254037713,BASE,fixed_origin_primary,昊铂GT,6,130.0
486.8631184895833,576.0545947296134,161.97707211881288,60.88325783529596,BASE,fixed_origin_primary,星海S7,6,4798.0
402.69427490234375,530.2226547143975,55.815811571410535,43.40157444609417,BASE,fixed_origin_primary,星海T5,6,5567.0
190.4555409749349,250.96289692332147,37.203335195127025,46.040823765093045,BASE,fixed_origin_primary,星海V9,6,2482.0
3358.3115234375,4918.291601753137,24.007844788911147,30.689597667613505,BASE,fixed_origin_primary,星瑞,6,65657.0
379.71105829874676,648.6419312976279,292.7872640146392,98.03211487919451,BASE,fixed_origin_primary,星瑞L,6,2324.0
6273.37060546875,7668.910155076235,44.45736723525822,48.72268572865159,BASE,fixed_origin_primary,星越L,6,77254.0
822.7935937245687,1479.4540358807674,93.31548304787331,98.5381549370741,BASE,fixed_origin_primary,星越L 智擎,6,5010.0
238.97412109375,258.94064721177074,640.6133848331397,176.14800080620395,BASE,fixed_origin_primary,星途ES,6,814.0
211.7182820638021,312.9470155260401,12.454395272747037,14.621428319323348,BASE,fixed_origin_primary,普拉多,6,8688.0
309.69508870442706,358.0684152264308,41.66786870317957,32.708511392828065,BASE,fixed_origin_primary,智己L6,6,5681.0
16.254335085550945,17.40878916139706,518.0635670700458,145.56120972135173,BASE,fixed_origin_primary,智己L7,6,67.0
28.425315221150715,31.813836283760317,104.90229176666341,76.48066875645932,BASE,fixed_origin_primary,智跑,6,223.0
940.7801208496094,944.5164228957005,1025.2601336566245,1111.1576230507196,BASE,fixed_origin_primary,曹操60,6,508.0
2404.94677734375,2905.744939689149,13.40726393688155,14.362893210633057,BASE,fixed_origin_primary,朗逸,6,100465.0
1860.62939453125,2993.522201753708,13.930927572831173,16.158543859641185,BASE,fixed_origin_primary,本田CR-V,6,69089.0
1465.7960408528645,1491.0364622434602,71.93814977738899,72.35521386357209,BASE,fixed_origin_primary,本田HR-V,6,12155.0
29.185684204101562,36.334524587031254,19.763095165870073,17.68829345703125,BASE,fixed_origin_primary,本田UR-V,6,990.0
188.099978129069,228.06622283228737,99.76311645771382,62.250406440949476,BASE,fixed_origin_primary,本田XR-V,6,1813.0
847.7589925130209,907.0632669426763,38.499369523037366,33.9058389219979,BASE,fixed_origin_primary,极氪001,6,15002.0
630.2710367838541,857.3364781756749,53.37257212338804,53.367572970690446,BASE,fixed_origin_primary,极氪009,6,7086.0
2891.0993143717446,3457.1333110657683,2348.925536895263,80.84352838808067,BASE,fixed_origin_primary,极狐 阿尔法S5,6,21457.0
477.27068583170575,517.6887777978626,946.0727295544459,374.8199103390359,BASE,fixed_origin_primary,极狐考拉,6,764.0
211.76783243815103,231.1354045373969,23.814731382898955,23.173572763613098,BASE,fixed_origin_primary,林肯Z,6,5483.0
133.28289286295572,181.95252404983063,682.0379451667827,58.37206986698791,BASE,fixed_origin_primary,枫叶60s,6,1370.0
34.21436373392741,41.25221337777623,1470.8035182956853,79.56828775331955,BASE,fixed_origin_primary,标致4008,6,258.0
428.75743611653644,554.4038265154868,50.091440600794925,57.693308291079134,BASE,fixed_origin_primary,标致408,6,4459.0
20.01482899983724,21.868269491734004,85.58025450079298,72.78119636304451,BASE,fixed_origin_primary,标致408X,6,165.0
67.40248362223308,80.09802763328999,63.67502234363213,49.682420360368354,BASE,fixed_origin_primary,标致5008,6,814.0
55.05658976236979,67.90669395399985,60.72700990933386,45.94430300058675,BASE,fixed_origin_primary,标致508,6,719.0
2147.93359375,2303.8294076753705,98.02289054765365,71.33227189074002,BASE,fixed_origin_primary,格瑞维亚,6,18067.0
880.1607462565104,922.5064137482645,178.97032144779433,111.01459906535763,BASE,fixed_origin_primary,欧拉好猫,6,4757.0
13.979821840922037,14.259552156814056,,,BASE,fixed_origin_primary,欧拉闪电猫,6,0.0
245.91075388590494,258.8128116340734,46.20651909734841,47.01926460533555,BASE,fixed_origin_primary,欧诺S,6,3138.0
61.07937367757162,61.72192960372246,823.271125938553,718.5808667949602,BASE,fixed_origin_primary,比亚迪M9,6,51.0
967.2788289388021,1318.9028555008022,124.42690175108788,49.40557566725813,BASE,fixed_origin_primary,比亚迪e7,6,11747.0
25.528574392199516,32.06701512318787,94.53016626619993,96.33424298943214,BASE,fixed_origin_primary,比亚迪e9,6,159.0
1975.1289469401042,2365.1591705928654,81.97493861297004,68.58483524301536,BASE,fixed_origin_primary,汉,6,17279.0
1.003296400109927,1.1661395666446097,,,BASE,fixed_origin_primary,江淮A5 PLUS,6,0.0
6.759363174438477,7.219198379509153,383.02974796295166,213.45357392963612,BASE,fixed_origin_primary,江淮QX PHEV,6,19.0
0.13195867588122687,0.18858537429831643,,,BASE,fixed_origin_primary,沃兰多,6,0.0
0.6191216496129831,0.9010980575117955,,,BASE,fixed_origin_primary,沃尔沃C40,6,0.0
67.88962300618489,70.02059114155534,413.2507608247101,351.1532224457839,BASE,fixed_origin_primary,沃尔沃EM90,6,116.0
6.0355919400850935,6.785049268470125,36.16175428872715,72.42710328102112,BASE,fixed_origin_primary,沃尔沃ES90,6,50.0
666.9081827799479,720.0863488128678,29.428451293888784,30.394600050738223,BASE,fixed_origin_primary,沃尔沃S60,6,13165.0
664.3316853841146,698.25866693802,120.18542895057934,69.06931402364734,BASE,fixed_origin_primary,沃尔沃S90,6,5771.0
155.05301666259766,156.55477848531754,1123.0085514760349,655.1535915321027,BASE,fixed_origin_primary,沃尔沃S90新能源,6,142.0
2799.705037434896,3074.6893538913814,88.1911694080327,60.02798107707753,BASE,fixed_origin_primary,海狮05EV,6,27984.0
5590.569091796875,5865.744503225921,76.86907613625088,53.01630243524775,BASE,fixed_origin_primary,海狮06EV,6,63270.0
273.979975382487,279.6207971272901,178.41179587260118,168.25791732803702,BASE,fixed_origin_primary,海狮07EV,6,977.0
3673.0481770833335,4235.201169729504,43.258468161695674,31.88732808950559,BASE,fixed_origin_primary,海豚,6,69113.0
126.44322967529297,131.07669292224696,204.49906667131174,176.02305755261202,BASE,fixed_origin_primary,海豹,6,431.0
2594.728759765625,2780.970901282104,54.11408428234851,49.327881114647035,BASE,fixed_origin_primary,海豹06DM-i,6,31561.0
2196.5396321614585,2609.320986191283,78.7801459819587,55.28667586613285,BASE,fixed_origin_primary,海豹06EV,6,23838.0
1374.0083719889324,1800.3355166214224,60.5287453351057,64.75571621972817,BASE,fixed_origin_primary,海豹06GT,6,12731.0
157.31122334798178,197.00494118915984,45.75285174657473,31.8121786345767,BASE,fixed_origin_primary,海豹07DM-i,6,2967.0
311.36075625816983,438.06743607552323,99.2161130634187,99.74183329145856,BASE,fixed_origin_primary,海豹07EV,6,1873.0
195.29464467366537,199.509505557031,,,BASE,fixed_origin_primary,海马8S,6,0.0
14.226507822672525,15.243722536159517,,,BASE,fixed_origin_primary,海马INJOY,6,0.0
5250.4814453125,5924.105677171641,74.80273386936473,57.16883889279557,BASE,fixed_origin_primary,海鸥,6,55105.0
3196.664021809896,3905.2525034560495,57.78397205853639,67.52326749114373,BASE,fixed_origin_primary,深蓝L06,6,28405.0
552.9735806783041,693.0771073051797,67.58409260404902,75.59447446046535,BASE,fixed_origin_primary,深蓝L07,6,4389.0
210.97201538085938,221.66105185173893,1517.0286608821102,80.37029157366071,BASE,fixed_origin_primary,深蓝SL03,6,1575.0
164.7963383992513,165.82554408042512,532.3082004677176,462.04580859603175,BASE,fixed_origin_primary,灵悉L,6,214.0
2.057247519493103,2.607194396314574,80.76583445072174,123.4348511695862,BASE,fixed_origin_primary,焕驰,6,10.0
161.27601114908853,163.42821605963186,5687.983278477149,1640.0950286347988,BASE,fixed_origin_primary,爱跑,6,59.0
255.6441650390625,293.55385841574036,39.84132434772889,29.77800408142836,BASE,fixed_origin_primary,狮铂拓界,6,5151.0
32.135881106058754,34.76865922224283,,,BASE,fixed_origin_primary,猛士917,6,0.0
109.85794576009114,128.37202362434385,24.919254046677512,23.1849340330829,BASE,fixed_origin_primary,理想MEGA,6,2843.0
149.7503458658854,189.3468718418555,23.076138076880085,19.838862335953024,BASE,fixed_origin_primary,瑞虎3x,6,4529.0
519.7699991861979,748.0448083738277,16.432215495552676,19.744349446769153,BASE,fixed_origin_primary,瑞虎5x,6,15795.0
606.1445109049479,703.3391355244472,25.598739147045794,27.211874788100914,BASE,fixed_origin_primary,瑞虎7,6,13365.0
2977.12939453125,3199.368700875616,33.95170516296691,29.130424604023975,BASE,fixed_origin_primary,瑞虎8,6,61320.0
921.0757649739584,1149.829256320303,20.465570103555372,22.77166174891322,BASE,fixed_origin_primary,瑞虎9,6,24269.0
77.81775156656902,103.61878894709517,39.32018164133619,48.33400718420435,BASE,fixed_origin_primary,瑞风E3,6,966.0
128.21653747558594,164.23320403410668,33.100631228819125,35.07976401520819,BASE,fixed_origin_primary,瑞风M3,6,2193.0
31.503104209899902,34.377647282285295,547.7259758206354,181.7486781340379,BASE,fixed_origin_primary,瑞风RF8,6,104.0
91.95516777038574,121.50799233909362,346.48250616978174,78.9314744810178,BASE,fixed_origin_primary,瑞风RF8新能源,6,699.0
99.4979871114095,101.502417813644,,,BASE,fixed_origin_primary,电动MINI ACEMAN,6,0.0
251.7705841064453,256.6697821993348,,,BASE,fixed_origin_primary,电动MINI COOPER,6,0.0
1419.1717122395833,1685.5479484413122,57.93209646469624,40.57287975145328,BASE,fixed_origin_primary,皇冠陆放,6,20987.0
3274.91357421875,3636.9541595412497,83.23248809226561,65.06666262231366,BASE,fixed_origin_primary,皓影,6,30199.0
34.767930348714195,42.34058811693908,90.26053546617567,51.63554012185276,BASE,fixed_origin_primary,皓影新能源,6,404.0
14.916701634724935,17.20039801772949,121.70845073894772,50.85239193656228,BASE,fixed_origin_primary,睿蓝8,6,176.0
456.01224009195965,568.1718700384293,61.48207824940785,72.90363550630849,BASE,fixed_origin_primary,福瑞迪,6,3753.0
4551.853352864583,4981.718032392526,62.492644034832104,50.85490860492236,BASE,fixed_origin_primary,秦L,6,53704.0
15887.014322916666,16109.45032826635,167.26598594118244,139.42296353244893,BASE,fixed_origin_primary,秦PLUS,6,68369.0
792.3325602213541,795.9766525393705,1738.073934111247,1182.5859107781405,BASE,fixed_origin_primary,秦新能源,6,402.0
219.05582682291666,259.15160392724886,25.592022678464986,25.097096829052894,BASE,fixed_origin_primary,索纳塔,6,5237.0
17.050878683725994,17.322292013661293,,,BASE,fixed_origin_primary,红旗E-HS9,6,0.0
1461.835693359375,1550.6761043874671,57.53586071134647,53.40039062500001,BASE,fixed_origin_primary,红旗E-QM5,6,16425.0
146.00440979003906,161.5103055740393,323.10625294159297,123.55803367281162,BASE,fixed_origin_primary,红旗EH7,6,709.0
2297.90869140625,2612.0536946321163,26.822188093840772,25.58775893776794,BASE,fixed_origin_primary,红旗H5,6,53883.0
303.1136983235677,383.01018619196776,58.04817374259908,37.39067002346641,BASE,fixed_origin_primary,红旗H5 PHEV,6,4864.0
143.80689493815103,187.83510157147916,17.204273854367624,14.879140707516921,BASE,fixed_origin_primary,红旗H6,6,5799.0
127.15158081054688,131.45234641161684,29.645769545753126,28.724001689129565,BASE,fixed_origin_primary,红旗H9,6,2656.0
58.999396006266274,61.767320569938605,229.30494190777674,184.3731125195821,BASE,fixed_origin_primary,红旗HQ9,6,192.0
134.89265950520834,172.85124952253108,26.624015941275285,20.422809917518293,BASE,fixed_origin_primary,红旗HS3,6,3963.0
583.5834554036459,723.7206810116838,54.45238401021062,45.0469668393397,BASE,fixed_origin_primary,红旗HS3 PHEV,6,7773.0
450.1348063151042,631.4604625492772,10.276788358904804,11.418944858323291,BASE,fixed_origin_primary,红旗HS5,6,23652.0
428.11228434244794,435.962198179856,810.8875207042455,553.5934711324758,BASE,fixed_origin_primary,红旗HS7 PHEV,6,464.0
2.267098824183146,2.6610011647467378,62.74248096677992,52.317665173457215,BASE,fixed_origin_primary,红旗国耀,6,26.0
104.54472351074219,126.91572614467445,86.10234803950787,33.86978083501367,BASE,fixed_origin_primary,红旗天工05,6,1852.0
61.50369771321615,64.93983477334106,122.84592654960302,79.70241604304468,BASE,fixed_origin_primary,红旗天工06,6,463.0
143.40129852294922,153.0578521412552,394.09029353658894,187.0451719864555,BASE,fixed_origin_primary,红旗天工08,6,460.0
900.1326293945312,1373.453133246378,30.765331341045314,40.18748252375317,BASE,fixed_origin_primary,纳米01,6,13439.0
150.66109212239584,227.05211022491164,22.581234296560936,29.39728626778455,BASE,fixed_origin_primary,缤智,6,3075.0
464.5311787923177,709.5711022230037,41.83226223257248,63.73626967193932,BASE,fixed_origin_primary,缤瑞,6,4373.0
3384.401611328125,4045.5498321309597,27.57619464882792,30.60083736639906,BASE,fixed_origin_primary,缤越,6,66359.0
55.74446870883306,93.74576190284323,98.63071112600998,101.66164506170163,BASE,fixed_origin_primary,羿驰05,6,329.0
92.18090947469075,107.66276427040023,56.185005377504694,59.216858334919124,BASE,fixed_origin_primary,胜达,6,934.0
1564.59765625,1892.4845934098332,33.18702046295434,33.25864783355772,BASE,fixed_origin_primary,腾势D9,6,28226.0
71.62819163004558,88.0062077861217,21.90515029176299,24.713579630838037,BASE,fixed_origin_primary,艾力绅,6,1739.0
335.0342610677083,420.74873828592666,21.077566173523852,23.868505894161128,BASE,fixed_origin_primary,艾瑞泽5,6,8422.0
3349.8972981770835,3759.272757300788,50.944556749066415,39.887643955273866,BASE,fixed_origin_primary,艾瑞泽8,6,50390.0
983.2137858072916,1088.5370641306474,44.00024776731359,36.69164519743593,BASE,fixed_origin_primary,英仕派,6,16078.0
135.6971435546875,138.7371221486428,1211.6448387014805,1071.2932385896381,BASE,fixed_origin_primary,荣威D5X DMH,6,76.0
557.5678914388021,623.8144487463087,156.35918809562648,41.30642485038662,BASE,fixed_origin_primary,荣威D6,6,8099.0
177.86368815104166,209.5726667734317,46.37114498018276,28.9209249026084,BASE,fixed_origin_primary,荣威D7,6,3690.0
0.14548976502070823,0.20448811990880045,,,BASE,fixed_origin_primary,荣威RX3,6,0.0
1991.8131103515625,2194.295245170866,254.6660286891663,47.38839233161257,BASE,fixed_origin_primary,荣威i5,6,25219.0
175.14483261108398,178.3408872014534,2534.5372531201065,3389.8999860209806,BASE,fixed_origin_primary,荣威i6 MAX新能源,6,31.0
76.0222396850586,78.30349845432279,953.3366353054769,735.6990937263735,BASE,fixed_origin_primary,荣威iMAX8,6,62.0
124.24415588378906,126.74112313368396,386.44672950188243,250.15601855796456,BASE,fixed_origin_primary,荣威iMAX8新能源,6,298.0
537.6764933268229,573.0005986926425,57.294917112658915,58.96653189473474,BASE,fixed_origin_primary,菱智,6,5471.0
489.59434000651044,595.3116860889997,21.136189767548917,23.145020800812027,BASE,fixed_origin_primary,蒙迪欧,6,12692.0
125.95508829752605,157.25439622119146,21.861194502202817,18.85555214034821,BASE,fixed_origin_primary,蔚来ET5,6,4008.0
436.9297688802083,611.1760323667932,26.695217819109825,21.700013353871782,BASE,fixed_origin_primary,蔚来ET5T,6,12081.0
49.612155278523765,53.53000186698453,363.3481501512986,310.07597049077356,BASE,fixed_origin_primary,蔚来ET7,6,96.0
46.561645060777664,80.53598950195342,99.84000765802034,100.49275912398056,BASE,fixed_origin_primary,蔚来ET9,6,278.0
361.05210367838544,763.12833507466,19.58833504315231,34.62222506105662,BASE,fixed_origin_primary,豪越L,6,6257.0
538.0092163085938,569.2406703870457,40.80027526925136,36.77857238067179,BASE,fixed_origin_primary,赛图斯,6,8777.0
2444.391072591146,2655.259850338283,33.92791877257937,34.90740553503957,BASE,fixed_origin_primary,赛那SIENNA,6,42015.0
99.61621220906575,100.27457858192324,479.3124597957642,246.98234431999774,BASE,fixed_origin_primary,起亚EV5,6,242.0
570.1249033610026,628.6452217695021,55.78333466240032,59.63649616746889,BASE,fixed_origin_primary,起亚K3,6,5736.0
128.7962163289388,137.5940427008449,1390.699939828547,390.29156463314786,BASE,fixed_origin_primary,起亚K5凯酷,6,198.0
0.15753973554819822,0.21827137146749023,,,BASE,fixed_origin_primary,起亚KX3傲跑,6,0.0
65.7117354075114,79.98457305043752,51.62791559114096,53.64223298572358,BASE,fixed_origin_primary,轩度EV,6,735.0
5395.316243489583,6332.827326810246,38.152039555710246,34.02947309541518,BASE,fixed_origin_primary,轩逸,6,95129.0
1704.2605794270833,2353.877759110479,13.534659386392356,13.31869786985842,BASE,fixed_origin_primary,迈腾,6,76776.0
22.269339203834534,45.62606881488649,94.27912114030224,113.23392815509085,BASE,fixed_origin_primary,迈腾PHEV,6,118.0
430.64581298828125,733.1081837975624,3339.6558763786907,114.22965861758124,BASE,fixed_origin_primary,迈锐宝XL,6,2262.0
965.9471435546875,1100.4449908347424,25.22577732688357,21.092084072087218,BASE,fixed_origin_primary,逍客,6,27478.0
82.14430618286133,155.56105336226292,418.6470418940827,96.83022339826482,BASE,fixed_origin_primary,途安,6,509.0
1965.39013671875,2032.6539936484498,25.50850552577743,23.203220692441263,BASE,fixed_origin_primary,途岳,6,50822.0
249.6087443033854,299.5736757613469,16.2776542558729,12.98017391073247,BASE,fixed_origin_primary,途昂,6,11538.0
357.62778727213544,392.07449658490026,20.944309021852323,21.08861644847973,BASE,fixed_origin_primary,途胜L,6,10175.0
1868.32080078125,2505.6048131129714,13.628321926656728,13.537575543665314,BASE,fixed_origin_primary,途观L,6,82806.0
156.94100443522134,171.1112823553322,6603.8359870333425,186.09605268998578,BASE,fixed_origin_primary,途观L新能源,6,506.0
4970.6484375,5656.478957138837,44.887050095243566,35.256576497499736,BASE,fixed_origin_primary,速腾,6,84591.0
1719.8702799479167,1892.7833596559642,19.6821039087191,17.59938206448051,BASE,fixed_origin_primary,逸动,6,58634.0
63.914101918538414,64.90809168426266,2956.834636527703,196.65877513396435,BASE,fixed_origin_primary,钇为3,6,195.0
2781.9190266927085,3138.8696841966357,38.42106950159292,40.20307856870815,BASE,fixed_origin_primary,铂智3X,6,41518.0
37.456150690714516,39.425530518277895,971.8195031501704,67.48855980308922,BASE,fixed_origin_primary,铂智4X,6,333.0
1724.0073537429173,2436.5673666146295,99.81500196507156,99.93279994645448,BASE,fixed_origin_primary,铂智7,6,10351.0
66.74520111083984,83.97512544917652,43.71088407464618,31.36031375607197,BASE,fixed_origin_primary,银河E8,6,1277.0
239.7289047241211,388.69547972371373,37.45969910882537,55.70772379336664,BASE,fixed_origin_primary,银河V900,6,2582.0
2119.211385091146,2318.0574029064237,123.28294864625693,83.4828199760152,BASE,fixed_origin_primary,银河星耀6,6,15231.0
1285.9935375054677,2463.854918092562,96.17578217048637,98.96064159334111,BASE,fixed_origin_primary,银河星耀7,6,7797.0
1810.1477864583333,2474.802847291972,11.897060863335303,13.813528418124008,BASE,fixed_origin_primary,锋兰达,6,78625.0
290.39471435546875,344.9093113736301,15.405333571391076,16.438987509508564,BASE,fixed_origin_primary,锐界L,6,10599.0
53.54885673522949,54.6950564083574,2193.1176677582753,1529.9673352922712,BASE,fixed_origin_primary,锐程PLUS,6,21.0
48.69391377766927,65.28920580360146,20.80192049704763,23.85008021763393,BASE,fixed_origin_primary,锐际,6,1225.0
3487.468994140625,3916.768009046066,27.06567539798954,28.679057543438706,BASE,fixed_origin_primary,长安CS75 PLUS,6,72962.0
3108.1277669270835,3420.998211419836,211.2635665620134,157.69293591715288,BASE,fixed_origin_primary,长安Lumin,6,11826.0
71.93710581461589,75.90534092607115,1234.0568512047057,260.01363547451524,BASE,fixed_origin_primary,长安UNI-K,6,166.0
5.927383899688721,6.284355332615821,534.9328458309174,508.0614771161761,BASE,fixed_origin_primary,长安UNI-K 智电iDD,6,7.0
36.56297365824381,43.58047387168578,964.550418857385,215.0763156367283,BASE,fixed_origin_primary,长安UNI-T,6,102.0
566.4934692382812,592.3777961902111,34.84875289590866,26.948075917146497,BASE,fixed_origin_primary,长安UNI-V,6,12613.0
1852.348876953125,2653.991990820765,56.6363785787109,56.109113801084156,BASE,fixed_origin_primary,长安UNI-Z新能源,6,19808.0
3818.544392903646,3918.2831797443882,45.33179723447151,45.58911643867772,BASE,fixed_origin_primary,长安X5 PLUS,6,50256.0
663.5963745117188,812.433421925096,58.55519385483493,42.78966412756918,BASE,fixed_origin_primary,长安启源A07,6,9305.0
1893.0697021484375,1910.9712172491647,,,BASE,fixed_origin_primary,长安启源Q05经典,6,0.0
1006.8950602213541,1033.2558219089767,351.4160183873441,226.43816946507215,BASE,fixed_origin_primary,长安欧尚520,6,2668.0
5372.148111979167,5885.324018923266,123.78016084065881,79.78240308872306,BASE,fixed_origin_primary,雅阁,6,40401.0
4061.10302734375,4323.733701958065,137.73164304705512,113.5126160629018,BASE,fixed_origin_primary,零跑B01,6,21466.0
1792.0318603515625,2202.464064705002,85.9286647974908,53.64294133959976,BASE,fixed_origin_primary,零跑Lafa5,6,20044.0
619.2300415039062,679.7284775839188,15541.6247701257,98.47283988930393,BASE,fixed_origin_primary,零跑T03,6,3773.0
289.4387715657552,312.27530659212704,126.0319083753064,66.13224026635687,BASE,fixed_origin_primary,雷凌,6,2626.0
908.339599609375,1272.4481898269396,19.497288664585184,23.53211397951749,BASE,fixed_origin_primary,领克03,6,23160.0
503.61574300130206,719.9049686993869,20.956831671205105,24.818845650988195,BASE,fixed_origin_primary,领克07,6,12175.0
641.0082600911459,815.4236790722323,20.458416235843764,21.33967464099692,BASE,fixed_origin_primary,领克10,6,18023.0
3688.3897298177085,3783.2172867736863,170.56873134582477,165.7206708020537,BASE,fixed_origin_primary,风云A9L,6,13354.0
7.376579741636912,8.115343411715738,70.8663328227772,76.30944560314047,BASE,fixed_origin_primary,风光330,6,58.0
23.09969965616862,24.847270790466656,56.520579152522366,51.143246471222035,BASE,fixed_origin_primary,风光380,6,271.0
24.179295857747395,24.289696871719,1319.4100652422226,725.3788757324219,BASE,fixed_origin_primary,风光E380,6,20.0
82.13991292317708,92.26142118988503,65.92907532647696,51.23071492090047,BASE,fixed_origin_primary,飞凡F7,6,962.0
299.2918701171875,350.40590346748183,64.8240767098249,50.11864975448298,BASE,fixed_origin_primary,马自达3 昂克赛拉,6,3583.0
375.95066324869794,434.60655303664123,26.954812319869813,27.511940230420628,BASE,fixed_origin_primary,马自达EZ-6,6,8199.0
7087.338134765625,7141.947055038961,18296.911445109323,969.0981952733306,BASE,fixed_origin_primary,驱逐舰05,6,4388.0
29.521682103474934,35.67164842077833,43.53156191752868,35.783857095121135,BASE,fixed_origin_primary,骐达,6,495.0
395.39117431640625,446.399652718902,37.528189102519235,31.639731206967692,BASE,fixed_origin_primary,高尔夫,6,7498.0
38.16931915283203,45.55932943261551,25.46184005400946,23.321376264459488,BASE,fixed_origin_primary,高尔夫GTI,6,982.0
1815.6476236979167,1994.228097047246,34.12611841131583,31.82833944601484,BASE,fixed_origin_primary,魏牌 高山,6,34227.0
1728.4593098958333,1893.719740718495,48.181998942074614,42.683277192143066,DEEPSEEK_CORE_FIXED,fixed_origin_primary,AION RT,6,24297.0
1169.7605387369792,1289.585248387582,126.5744329090938,53.07844840370471,DEEPSEEK_CORE_FIXED,fixed_origin_primary,AION S,6,13223.0
1254.4609375,1331.9522053976825,79.09741878993711,63.92157643312102,DEEPSEEK_CORE_FIXED,fixed_origin_primary,AION UT,6,11775.0
97.5524393717448,101.39721435736551,154.78396917247804,120.18781031426462,DEEPSEEK_CORE_FIXED,fixed_origin_primary,EO 羿欧,6,487.0
0.14752266804377237,0.15334129701545335,,,DEEPSEEK_CORE_FIXED,fixed_origin_primary,EVOS,6,0.0
861.7172241210938,885.1190332352468,220.42174532601072,151.84444477904734,DEEPSEEK_CORE_FIXED,fixed_origin_primary,ID.4 CROZZ,6,3405.0
44.4763437906901,62.203207958310976,170.34041675911834,47.483641057676266,DEEPSEEK_CORE_FIXED,fixed_origin_primary,ID.4 X,6,562.0
27.96684392293294,31.056173311828793,5390.13557434082,16780.106353759766,DEEPSEEK_CORE_FIXED,fixed_origin_primary,ID.6 CROZZ,6,1.0
63.5591983795166,68.25558060375039,791.8860062770877,522.4043702426022,DEEPSEEK_CORE_FIXED,fixed_origin_primary,IQ傲歌,6,73.0
122.05209350585938,200.18721536946393,171.50743065449117,96.73877952908273,DEEPSEEK_CORE_FIXED,fixed_origin_primary,IQ锐歌,6,757.0
3362.9775390625,3567.1608493760586,37.93182510546648,28.51874158604582,DEEPSEEK_CORE_FIXED,fixed_origin_primary,MG4,6,70753.0
42.97216033935547,46.736087975811465,493.8310203855,226.16926494397615,DEEPSEEK_CORE_FIXED,fixed_origin_primary,MG6,6,114.0
264.1953531901042,358.57166295640803,28.283226295687662,35.6619149412964,DEEPSEEK_CORE_FIXED,fixed_origin_primary,MG7,6,4445.0
0.4145268301169078,0.4241666174069823,,,DEEPSEEK_CORE_FIXED,fixed_origin_primary,Model 3,6,0.0
0.6298660437266032,0.6323633619469458,,,DEEPSEEK_CORE_FIXED,fixed_origin_primary,Model Y,6,0.0
55.7695058186849,76.06271270487916,20.942251320352202,25.00874700389457,DEEPSEEK_CORE_FIXED,fixed_origin_primary,PATHFINDER探陆,6,1338.0
105.09427452087402,109.51767484809596,,,DEEPSEEK_CORE_FIXED,fixed_origin_primary,Polestar 4,6,0.0
428.4561767578125,551.4240059911859,69.56238875628759,51.94457588496414,DEEPSEEK_CORE_FIXED,fixed_origin_primary,QQ冰淇淋,6,4949.0
1843.6979166666667,2306.34838878747,15.334069489987625,16.061485466213664,DEEPSEEK_CORE_FIXED,fixed_origin_primary,RAV4荣放,6,68874.0
762.6100056966146,1161.2041541610818,25.90009737893226,33.29932344210529,DEEPSEEK_CORE_FIXED,fixed_origin_primary,T-ROC探歌,6,13741.0
456.9403991699219,491.95908823504845,49.39397861776538,44.94495729540215,DEEPSEEK_CORE_FIXED,fixed_origin_primary,eπ007,6,6100.0
324.72959899902344,389.8384413550727,52.46968170713203,51.32712312945576,DEEPSEEK_CORE_FIXED,fixed_origin_primary,e爱丽舍,6,3796.0
1791.8112386067708,1906.9914010948355,40.698582456869744,37.13470150129745,DEEPSEEK_CORE_FIXED,fixed_origin_primary,firefly萤火虫,6,28951.0
112.09989547729492,116.17925637330717,,,DEEPSEEK_CORE_FIXED,fixed_origin_primary,iCAR 03,6,0.0
103.63302103678386,132.88438089467874,38.917888009419805,38.525286630774666,DEEPSEEK_CORE_FIXED,fixed_origin_primary,世纪,6,1614.0
111.43896230061848,140.28328621142384,154.64510679038474,39.10139028091877,DEEPSEEK_CORE_FIXED,fixed_origin_primary,东风本田S7,6,1710.0
673.4538981119791,816.5440390150233,219.9074358765461,65.895684746769,DEEPSEEK_CORE_FIXED,fixed_origin_primary,丰田bZ3,6,6132.0
471.0630594889323,492.0347258569061,79.08701807018444,52.918523814521514,DEEPSEEK_CORE_FIXED,fixed_origin_primary,丰田bZ5,6,5341.0
147.01481755574545,220.97874642072847,41.038430537244466,53.81872515768594,DEEPSEEK_CORE_FIXED,fixed_origin_primary,五菱佳辰,6,1639.0
0.0,0.0,,,DEEPSEEK_CORE_FIXED,fixed_origin_primary,五菱宏光,6,0.0
0.03833846064905325,0.0733054886657821,,,DEEPSEEK_CORE_FIXED,fixed_origin_primary,五菱宏光S,6,0.0
53.12350304921468,56.1035777201649,61.282203618054865,61.414454392155704,DEEPSEEK_CORE_FIXED,fixed_origin_primary,五菱征程,6,519.0
0.0,0.0,,,DEEPSEEK_CORE_FIXED,fixed_origin_primary,五菱星云,6,0.0
779.2132873535156,797.9079634341115,251.0670161936906,207.14575649628242,DEEPSEEK_CORE_FIXED,fixed_origin_primary,五菱星光,6,2257.0
334.08355204264325,360.3913133230417,3134.7826438301995,145.46453644817555,DEEPSEEK_CORE_FIXED,fixed_origin_primary,五菱星驰,6,1378.0
2.418158375347654,3.107244619433893,79.56681449711323,85.34676618874073,DEEPSEEK_CORE_FIXED,fixed_origin_primary,亚洲狮,6,17.0
3515.3875325520835,3948.12956485419,59.510202785782184,45.48112212202972,DEEPSEEK_CORE_FIXED,fixed_origin_primary,亚洲龙,6,46376.0
0.004617156422076126,0.008512535342649067,,,DEEPSEEK_CORE_FIXED,fixed_origin_primary,享域,6,0.0
1051.0310872395833,1204.9422974374818,37.284094696038075,29.481937930984103,DEEPSEEK_CORE_FIXED,fixed_origin_primary,伊兰特,6,21390.0
416.05389404296875,542.799441994982,26.2761924245969,27.95747972066091,DEEPSEEK_CORE_FIXED,fixed_origin_primary,传祺E8新能源,6,8929.0
0.0,0.0,,,DEEPSEEK_CORE_FIXED,fixed_origin_primary,传祺GA8,6,0.0
708.1316731770834,912.9514381210905,30.681998440313606,36.8754559890861,DEEPSEEK_CORE_FIXED,fixed_origin_primary,传祺M6,6,11522.0
2637.3194580078125,2902.072531664976,49.8351169605727,54.15069724196453,DEEPSEEK_CORE_FIXED,fixed_origin_primary,传祺M8,6,29222.0
1711.5260416666667,1993.499193375312,60.34926581193341,40.826765196994394,DEEPSEEK_CORE_FIXED,fixed_origin_primary,元PLUS,6,25153.0
5766.091145833333,6315.292510797945,70.89876931065078,41.8489740837063,DEEPSEEK_CORE_FIXED,fixed_origin_primary,元UP,6,82670.0
36.9383290608724,42.28656640783266,13.5527255999009,11.471530764246085,DEEPSEEK_CORE_FIXED,fixed_origin_primary,冠道,6,1932.0
99.21318054199219,134.6193027110439,66.4600138095592,38.80567687431246,DEEPSEEK_CORE_FIXED,fixed_origin_primary,凌宝BOX,6,1534.0
17.887260754903156,18.493285137725405,285.1864773245419,181.9043466600321,DEEPSEEK_CORE_FIXED,fixed_origin_primary,凌尚,6,59.0
3.008831520875295,3.4112053176624233,48.95856049927798,69.43457355866065,DEEPSEEK_CORE_FIXED,fixed_origin_primary,凌放HARRIER,6,26.0
580.3876546223959,608.7303480194686,38.361455503652905,30.15261864866547,DEEPSEEK_CORE_FIXED,fixed_origin_primary,凌渡,6,11549.0
383.5012715657552,498.5676683394279,30.452762632479313,35.95324420928955,DEEPSEEK_CORE_FIXED,fixed_origin_primary,凡尔赛C5 X,6,6400.0
51.39031251271566,74.67553807174701,94.35958145931465,98.5117811745348,DEEPSEEK_CORE_FIXED,fixed_origin_primary,凯威德,6,313.0
1717.5167643229167,1886.2257083079028,11.686103693174417,11.985323020129448,DEEPSEEK_CORE_FIXED,fixed_origin_primary,凯美瑞,6,85981.0
390.6905771891276,586.1668224391556,95.81476300216632,80.33390894910096,DEEPSEEK_CORE_FIXED,fixed_origin_primary,凯翼拾月,6,2918.0
574.0533854166666,812.411496232551,17.972451688059174,22.415204428608618,DEEPSEEK_CORE_FIXED,fixed_origin_primary,凯迪拉克CT5,6,15366.0
1065.6199544270833,1182.0898704662131,27.661065127219135,29.487246813459855,DEEPSEEK_CORE_FIXED,fixed_origin_primary,凯迪拉克XT5,6,21683.0
67.78407541910808,72.25669153093813,88.63224037013148,75.5956231439867,DEEPSEEK_CORE_FIXED,fixed_origin_primary,凯迪拉克XT6,6,538.0
1.5339458857973416,1.6036453845368268,92.4927850564321,92.0367531478405,DEEPSEEK_CORE_FIXED,fixed_origin_primary,别克E4,6,10.0
0.0,0.0,,,DEEPSEEK_CORE_FIXED,fixed_origin_primary,别克GL6,6,0.0
1035.5477294921875,1188.0961225336696,29.029322800873665,31.614951289640896,DEEPSEEK_CORE_FIXED,fixed_origin_primary,别克GL8,6,19653.0
811.0224812825521,990.2344307114989,30.8713460769515,32.06678673934308,DEEPSEEK_CORE_FIXED,fixed_origin_primary,别克GL8新能源,6,15175.0
55.517767588297524,67.1503824551182,34.345945434127565,39.00545732198889,DEEPSEEK_CORE_FIXED,fixed_origin_primary,勇士,6,854.0
733.2555643717448,785.3613838983325,8031.091508512472,516.377158008271,DEEPSEEK_CORE_FIXED,fixed_origin_primary,北京EU5,6,852.0
25.35616938273112,30.875857067838723,20.45897300499597,22.340237341613324,DEEPSEEK_CORE_FIXED,fixed_origin_primary,北京现代ix35,6,681.0
173.6349677691857,242.1615762593053,99.35758769348976,99.98174727592267,DEEPSEEK_CORE_FIXED,fixed_origin_primary,博越REV,6,1042.0
1532.0558268229167,2033.411268792661,24.705872488872302,29.24887030971586,DEEPSEEK_CORE_FIXED,fixed_origin_primary,卡罗拉,6,31428.0
0.005320932095249494,0.013033568589359439,,,DEEPSEEK_CORE_FIXED,fixed_origin_primary,卡罗拉双擎E+,6,0.0
3354.9166666666665,3747.748401771876,34.01309615679971,29.69259363061083,DEEPSEEK_CORE_FIXED,fixed_origin_primary,卡罗拉锐放,6,67793.0
0.3555809482932091,0.3853128086005019,,,DEEPSEEK_CORE_FIXED,fixed_origin_primary,合创A06,6,0.0
192.13990275065103,233.6207921073472,31.665826205547248,26.423089995505528,DEEPSEEK_CORE_FIXED,fixed_origin_primary,吉利ICON,6,4363.0
1866.7901204427083,2143.2827706753956,60.08597300343636,56.19194663450685,DEEPSEEK_CORE_FIXED,fixed_origin_primary,吉利熊猫,6,19933.0
728.3025512695312,985.0719529508763,25.054519217892107,30.732226651784146,DEEPSEEK_CORE_FIXED,fixed_origin_primary,君威,6,14219.0
1432.0894775390625,1808.1456501525433,27.53763338418087,31.65538190846734,DEEPSEEK_CORE_FIXED,fixed_origin_primary,君越,6,27144.0
43.70195388793945,57.39750921456242,46.948144179937046,38.11216908831929,DEEPSEEK_CORE_FIXED,fixed_origin_primary,启辰D60,6,688.0
0.013797371027370295,0.020368298410577402,,,DEEPSEEK_CORE_FIXED,fixed_origin_primary,启辰T60,6,0.0
744.3145955403646,961.3821957910321,48.25362039520502,43.680434010584776,DEEPSEEK_CORE_FIXED,fixed_origin_primary,唐新能源,6,10224.0
33.86271858215332,37.83535326445438,48.22750001291338,46.28161993005009,DEEPSEEK_CORE_FIXED,fixed_origin_primary,嘉华,6,439.0
392.47267659505206,410.61129362804735,231.99805423825305,117.80070333018071,DEEPSEEK_CORE_FIXED,fixed_origin_primary,型格,6,1999.0
198.07836850484213,231.2198402165871,70.48246742253342,79.87030988098472,DEEPSEEK_CORE_FIXED,fixed_origin_primary,埃尚,6,1488.0
889.7980753580729,900.7403830457301,136.29584387165258,130.18260063761124,DEEPSEEK_CORE_FIXED,fixed_origin_primary,夏,6,4101.0
243.7835693359375,348.3601859295564,23.016686811435093,27.442803302356943,DEEPSEEK_CORE_FIXED,fixed_origin_primary,大众CC,6,5330.0
867.1234944661459,877.2913059962505,159.78387926310032,133.26693050196914,DEEPSEEK_CORE_FIXED,fixed_origin_primary,大众ID.3,6,3904.0
81.95278739929199,91.39030005729917,240.16404909534504,131.8275400524804,DEEPSEEK_CORE_FIXED,fixed_origin_primary,大家7,6,373.0
59.146324157714844,71.91971872400924,148.5066307961186,54.51274115918419,DEEPSEEK_CORE_FIXED,fixed_origin_primary,大家9,6,651.0
58.730725606282554,64.6039689645534,38.195047318922946,35.95758710588728,DEEPSEEK_CORE_FIXED,fixed_origin_primary,大通G10,6,980.0
87.27237192789714,103.45987306489921,32.01015930121523,34.33667092245133,DEEPSEEK_CORE_FIXED,fixed_origin_primary,大通G50,6,1525.0
13.694399197896322,15.325387476430434,101.90195005823463,93.37090362202038,DEEPSEEK_CORE_FIXED,fixed_origin_primary,大通G70,6,88.0
46.27003415425619,50.9351196286961,459.49839582187514,311.9328145230754,DEEPSEEK_CORE_FIXED,fixed_origin_primary,大通G90,6,89.0
1171.0576578776042,1302.9336438984005,26.815134350464287,25.811277449363107,DEEPSEEK_CORE_FIXED,fixed_origin_primary,天籁,6,27222.0
573.4516194661459,630.5279836737617,26.21957471980568,23.299991310333006,DEEPSEEK_CORE_FIXED,fixed_origin_primary,奇骏,6,14767.0
2.171640237172445,2.263074342654343,,,DEEPSEEK_CORE_FIXED,fixed_origin_primary,奔奔E-Star,6,0.0
2698.103556315104,3172.9796657701118,137.77935315691676,62.20411657210615,DEEPSEEK_CORE_FIXED,fixed_origin_primary,奔腾小马,6,26025.0
648.9881693522135,668.3377583863748,5723.655515140655,299.994531287618,DEEPSEEK_CORE_FIXED,fixed_origin_primary,奔驰A级,6,1298.0
2096.676513671875,2508.746044464878,43.850005367075,30.688310399412703,DEEPSEEK_CORE_FIXED,fixed_origin_primary,奔驰C级,6,40993.0
1780.706787109375,2351.8406332159625,15.710031160410084,17.450781090496122,DEEPSEEK_CORE_FIXED,fixed_origin_primary,奔驰E级,6,61225.0
902.8945515950521,1100.8870682168802,464.00574941118373,89.04285518688877,DEEPSEEK_CORE_FIXED,fixed_origin_primary,奔驰GLB,6,6084.0
2220.4835611979165,2595.8693535374227,24.54666002378934,25.359082869572873,DEEPSEEK_CORE_FIXED,fixed_origin_primary,奔驰GLC,6,52537.0
331.5074462890625,335.72536137797414,125.12616526476101,118.04419452429525,DEEPSEEK_CORE_FIXED,fixed_origin_primary,奔驰V级,6,1685.0
646.3375803629557,720.2865536539098,69.78259901557429,72.99125695798485,DEEPSEEK_CORE_FIXED,fixed_origin_primary,奕炫,6,5313.0
861.5101521809896,912.3063724415164,43.75711165001309,45.18804889488537,DEEPSEEK_CORE_FIXED,fixed_origin_primary,奕跑,6,11439.0
200.2289021809896,262.8018412512066,18.974903520268636,20.438472492105095,DEEPSEEK_CORE_FIXED,fixed_origin_primary,奥德赛,6,5878.0
1295.1071370442708,1661.513072529097,20.482278669050057,22.619324743161275,DEEPSEEK_CORE_FIXED,fixed_origin_primary,奥迪A3,6,34354.0
1454.80517578125,1519.016263084575,75.05357433559018,61.55300087925746,DEEPSEEK_CORE_FIXED,fixed_origin_primary,奥迪A4L,6,14181.0
331.37060546875,419.829393701715,8.509006354430152,8.962825735078663,DEEPSEEK_CORE_FIXED,fixed_origin_primary,奥迪A5L,6,22183.0
224.26497395833334,281.97392699201544,20.78895139440281,16.413635566601613,DEEPSEEK_CORE_FIXED,fixed_origin_primary,奥迪A5L Sportback,6,8198.0
2684.2529296875,3037.0518395545814,31.560869685723265,27.180931899017775,DEEPSEEK_CORE_FIXED,fixed_origin_primary,奥迪A6L,6,59253.0
718.643788655599,722.8496963521127,1825.2092097741236,3102.0595193766862,DEEPSEEK_CORE_FIXED,fixed_origin_primary,奥迪A6L e-tron,6,139.0
177.5006357828776,195.38339489783328,50.32124052068313,45.80661568590389,DEEPSEEK_CORE_FIXED,fixed_origin_primary,奥迪A7L,6,2325.0
822.0509440104166,859.80827502992,174.13160661840269,100.18902425477351,DEEPSEEK_CORE_FIXED,fixed_origin_primary,奥迪E5 Sportback,6,4923.0
149.58921813964844,217.39824240841918,43.38924998311347,44.609110777231145,DEEPSEEK_CORE_FIXED,fixed_origin_primary,奥迪Q2L,6,2012.0
765.8147989908854,875.801692611395,28.293992122455087,30.530822551131642,DEEPSEEK_CORE_FIXED,fixed_origin_primary,奥迪Q3,6,15050.0
41.41436894734701,51.220927556637335,43.565519925819494,37.70655746344189,DEEPSEEK_CORE_FIXED,fixed_origin_primary,奥迪Q3 Sportback,6,659.0
425.6838862101237,588.514109758872,730.5654362501373,109.47721034122341,DEEPSEEK_CORE_FIXED,fixed_origin_primary,奥迪Q4 e-tron,6,2333.0
91.35168584187825,92.31266756313626,,,DEEPSEEK_CORE_FIXED,fixed_origin_primary,奥迪Q5 e-tron,6,0.0
2552.7291666666665,3071.2022726691303,34.2969151334505,29.81986060004283,DEEPSEEK_CORE_FIXED,fixed_origin_primary,奥迪Q5L,6,51363.0
234.89834340413412,422.4749686336887,88.44041670869433,79.98808515464272,DEEPSEEK_CORE_FIXED,fixed_origin_primary,奥迪Q5L Sportback,6,1762.0
123.97181574503581,126.05834288711007,615.1733976450163,456.3379720676164,DEEPSEEK_CORE_FIXED,fixed_origin_primary,奥迪Q6L Sportback e-tron,6,163.0
278.55670166015625,324.85646030485145,170.48171479932017,66.11314121680924,DEEPSEEK_CORE_FIXED,fixed_origin_primary,奥迪Q6L e-tron,6,2528.0
4090.715576171875,4821.216747013673,50.80090749008638,56.458706454652884,DEEPSEEK_CORE_FIXED,fixed_origin_primary,威兰达,6,43473.0
253.17483520507812,263.59874321333064,153.68772032789008,103.33666743064414,DEEPSEEK_CORE_FIXED,fixed_origin_primary,威朗,6,1470.0
591.1031901041666,611.0773024326307,255.32202210487534,186.46788331361725,DEEPSEEK_CORE_FIXED,fixed_origin_primary,威然,6,1902.0
283.1631724039714,286.8751888379236,101.2096485512385,90.95176843810643,DEEPSEEK_CORE_FIXED,fixed_origin_primary,威霆,6,1868.0
65.09448941548665,68.05741768598101,1631.7001056103481,661.9778584625761,DEEPSEEK_CORE_FIXED,fixed_origin_primary,威飒,6,59.0
97.65447489420573,105.1221361297652,60.11303190930634,53.2660772150213,DEEPSEEK_CORE_FIXED,fixed_origin_primary,宋L EV,6,1100.0
3130.8514811197915,3155.0330729544926,2254.0886470436094,1254.0126092602638,DEEPSEEK_CORE_FIXED,fixed_origin_primary,宋PLUS新能源,6,1498.0
3336.68212890625,3869.2661508448546,26.7108937916767,26.239341494452674,DEEPSEEK_CORE_FIXED,fixed_origin_primary,宋Pro新能源,6,76298.0
6889.086588541667,8690.486175810407,95.3398803233425,56.77896610015247,DEEPSEEK_CORE_FIXED,fixed_origin_primary,宏光MINIEV,6,72799.0
678.3096516927084,849.4745259807991,18.65017591230714,15.324991189352149,DEEPSEEK_CORE_FIXED,fixed_origin_primary,宝来,6,26557.0
5.043274958928426,5.5192001697350275,359.79570017920594,177.99793972688562,DEEPSEEK_CORE_FIXED,fixed_origin_primary,宝马1系,6,17.0
136.4752655029297,148.51954243344994,35.73899679946585,32.6235694429314,DEEPSEEK_CORE_FIXED,fixed_origin_primary,宝马2系,6,2510.0
1255.4798177083333,1722.277016166404,10.299713876052834,11.509715967256447,DEEPSEEK_CORE_FIXED,fixed_origin_primary,宝马3系,6,65448.0
1625.5904134114583,2010.661928278566,19.482110963197105,20.302538416079493,DEEPSEEK_CORE_FIXED,fixed_origin_primary,宝马5系,6,48041.0
1211.2462972005208,1231.375501199691,32.895369793838384,33.08060350131151,DEEPSEEK_CORE_FIXED,fixed_origin_primary,宝马X1,6,21969.0
3.853968063990275,4.889237154754741,107.50622158958798,96.34920159975687,DEEPSEEK_CORE_FIXED,fixed_origin_primary,宝马X2,6,24.0
1548.7696940104167,1705.9803089968148,22.695211768785143,23.278101613383015,DEEPSEEK_CORE_FIXED,fixed_origin_primary,宝马X3,6,39920.0
695.7432454427084,929.2997702616033,14.054239244559847,13.853447956248132,DEEPSEEK_CORE_FIXED,fixed_origin_primary,宝马X5,6,30133.0
194.82698567708334,211.6210958509734,19.034508522248693,18.42335561958235,DEEPSEEK_CORE_FIXED,fixed_origin_primary,宝马i3,6,6345.0
281.95545959472656,285.88402501326505,108.19994114699989,97.11439480874623,DEEPSEEK_CORE_FIXED,fixed_origin_primary,宝马i5,6,1742.0
212.7433064778646,226.53453488320034,31.78369885847607,27.521773153669415,DEEPSEEK_CORE_FIXED,fixed_origin_primary,宝马iX1,6,4638.0
36.44078763326009,38.51213335704069,248.1468165628923,130.9249855087189,DEEPSEEK_CORE_FIXED,fixed_origin_primary,宝马iX3,6,167.0
30.318095525105793,32.73125523739935,2019.007762510385,252.65079604254828,DEEPSEEK_CORE_FIXED,fixed_origin_primary,宝骏KiWi EV,6,72.0
11173.792805989584,13237.737623146817,651.1803880287451,83.2870662342694,DEEPSEEK_CORE_FIXED,fixed_origin_primary,小米SU7,6,80496.0
0.51361816128095,0.5233852147214415,,,DEEPSEEK_CORE_FIXED,fixed_origin_primary,小虎FEV,6,0.0
0.005167683896919091,0.007342073314845367,,,DEEPSEEK_CORE_FIXED,fixed_origin_primary,小鹏G3,6,0.0
3353.8533528645835,3589.7644205342153,45.74602055222151,32.29413293938166,DEEPSEEK_CORE_FIXED,fixed_origin_primary,小鹏MONA M03,6,62312.0
0.0,0.0,,,DEEPSEEK_CORE_FIXED,fixed_origin_primary,小鹏P5,6,0.0
669.3349304199219,709.4241932621915,48.66374778989291,45.688391154943474,DEEPSEEK_CORE_FIXED,fixed_origin_primary,小鹏P7,6,8790.0
832.0413004557291,968.9080042307756,22.705865207672005,24.121800361105407,DEEPSEEK_CORE_FIXED,fixed_origin_primary,小鹏P7+,6,20696.0
333.91025797526044,584.7027296992861,11.146876804644089,15.036487149891641,DEEPSEEK_CORE_FIXED,fixed_origin_primary,小鹏X9,6,13324.0
1507.5603841145833,1798.0114166000874,29.281563926936506,28.3198569338995,DEEPSEEK_CORE_FIXED,fixed_origin_primary,岚图梦想家,6,31940.0
101.6792110602061,128.06191609544774,89.24893216682511,90.785009875184,DEEPSEEK_CORE_FIXED,fixed_origin_primary,岚图追光L,6,672.0
2998.08056640625,3236.4661278798258,24.628525025314485,22.474367064514617,DEEPSEEK_CORE_FIXED,fixed_origin_primary,帕萨特,6,80040.0
1125.2608439127605,1177.1994207839123,2040.9603374543603,192.9018589564732,DEEPSEEK_CORE_FIXED,fixed_origin_primary,帕萨特新能源,6,3500.0
567.2666422526041,581.7948090607154,318.7936786925735,292.90876536279046,DEEPSEEK_CORE_FIXED,fixed_origin_primary,广汽本田P7,6,1162.0
460.70801798502606,590.1971880688428,29.4776100401218,33.300182001086085,DEEPSEEK_CORE_FIXED,fixed_origin_primary,库斯途,6,8301.0
297.57000732421875,412.17282394460995,73.04590088263562,43.13650746425012,DEEPSEEK_CORE_FIXED,fixed_origin_primary,影豹,6,4139.0
65.64908345540364,67.97255992871276,66.23368098708575,46.12347783752013,DEEPSEEK_CORE_FIXED,fixed_origin_primary,微蓝6,6,854.0
520.3444417317709,609.9451407842414,31.621032763805086,26.091147003097316,DEEPSEEK_CORE_FIXED,fixed_origin_primary,思域,6,11966.0
752.5000813802084,930.9342167329445,61.096157833448494,41.29321829413984,DEEPSEEK_CORE_FIXED,fixed_origin_primary,悦意03,6,10934.0
455.2539774576823,462.9730481429827,303.0181138034837,275.3552283010175,DEEPSEEK_CORE_FIXED,fixed_origin_primary,悦意07,6,992.0
11.64950148264567,11.718192162847746,931.548261642456,1164.950148264567,DEEPSEEK_CORE_FIXED,fixed_origin_primary,护卫舰07,6,6.0
115.0256830851237,116.67469096657142,6950.278966567096,2556.1262907805267,DEEPSEEK_CORE_FIXED,fixed_origin_primary,捷豹XEL,6,27.0
551.4228312174479,584.7127827930748,631.9695180971164,173.85901141905873,DEEPSEEK_CORE_FIXED,fixed_origin_primary,捷豹XFL,6,1903.0
996.1887613932291,1099.924709597666,45.95201256216918,42.69685383498375,DEEPSEEK_CORE_FIXED,fixed_origin_primary,捷达VA3,6,13999.0
70.18083953857422,74.9224940142069,72.22029027515951,66.10440144920648,DEEPSEEK_CORE_FIXED,fixed_origin_primary,捷达VA7,6,637.0
2512.3782552083335,3126.276848555592,22.181329890817754,20.517864039594933,DEEPSEEK_CORE_FIXED,fixed_origin_primary,探岳,6,73469.0
227.01676177978516,379.9920169361433,656.8586804672748,103.89783147816254,DEEPSEEK_CORE_FIXED,fixed_origin_primary,探岳X,6,1311.0
10.836745738983154,11.667043517602153,619.2524420909392,295.54761106317693,DEEPSEEK_CORE_FIXED,fixed_origin_primary,探界者,6,22.0
75.510009765625,90.54243069268107,11.073668031081773,10.575631619835434,DEEPSEEK_CORE_FIXED,fixed_origin_primary,探险者,6,4284.0
111.34505716959636,148.01713940846733,20.95916760188947,21.495184781775357,DEEPSEEK_CORE_FIXED,fixed_origin_primary,揽境,6,3108.0
547.8934224446615,670.0715433036554,29.84164158373066,34.1508470254308,DEEPSEEK_CORE_FIXED,fixed_origin_primary,揽巡,6,9626.0
0.019234924266735714,0.04174267032131427,,,DEEPSEEK_CORE_FIXED,fixed_origin_primary,摩卡,6,0.0
3127.781982421875,4041.7697528420304,29.965385610235657,33.19423357600688,DEEPSEEK_CORE_FIXED,fixed_origin_primary,新帝豪,6,56536.0
1472.0917561848958,1533.7498282387542,63.73198139107789,63.3930276114934,DEEPSEEK_CORE_FIXED,fixed_origin_primary,日产N6,6,13933.0
355.7552490234375,398.58131929543964,36.11827644865802,28.666821033314864,DEEPSEEK_CORE_FIXED,fixed_origin_primary,日产N7,6,7446.0
2029.94242866834,2991.9587568985016,99.1174722022916,99.74330171165376,DEEPSEEK_CORE_FIXED,fixed_origin_primary,日产NX8,6,12211.0
2883.5254720052085,3220.5140310703296,33.46204092633588,33.860092437825365,DEEPSEEK_CORE_FIXED,fixed_origin_primary,昂科威,6,51096.0
10.470907211303711,13.730293227685268,68.55263396784859,48.327264052170975,DEEPSEEK_CORE_FIXED,fixed_origin_primary,昊铂GT,6,130.0
516.5508015950521,621.425929150986,173.59890064831748,64.59576510150714,DEEPSEEK_CORE_FIXED,fixed_origin_primary,星海S7,6,4798.0
718.9001668294271,786.6730885279729,133.1694175891792,77.48160590940475,DEEPSEEK_CORE_FIXED,fixed_origin_primary,星海T5,6,5567.0
156.81806437174478,183.69857522624667,45.02847342857445,37.909282281646604,DEEPSEEK_CORE_FIXED,fixed_origin_primary,星海V9,6,2482.0
3482.8125813802085,4847.179776620027,26.159962252645734,31.827338270529037,DEEPSEEK_CORE_FIXED,fixed_origin_primary,星瑞,6,65657.0
379.92864322662354,649.3459837085707,310.72417642834733,98.08828998966185,DEEPSEEK_CORE_FIXED,fixed_origin_primary,星瑞L,6,2324.0
4795.080647786458,6675.2495099233465,31.28963517038908,37.24141647904154,DEEPSEEK_CORE_FIXED,fixed_origin_primary,星越L,6,77254.0
822.9551067352295,1480.4220248946942,90.76307757796428,98.55749781260234,DEEPSEEK_CORE_FIXED,fixed_origin_primary,星越L 智擎,6,5010.0
281.83742268880206,296.83138705703885,731.040448800668,207.742572006488,DEEPSEEK_CORE_FIXED,fixed_origin_primary,星途ES,6,814.0
297.40277099609375,356.61564726804414,20.77720489435875,20.53886540028272,DEEPSEEK_CORE_FIXED,fixed_origin_primary,普拉多,6,8688.0
306.4597676595052,340.5325550680142,40.58009665513092,32.366812285812905,DEEPSEEK_CORE_FIXED,fixed_origin_primary,智己L6,6,5681.0
7.073583443959554,10.236535356808373,217.83141085767812,63.34552337874227,DEEPSEEK_CORE_FIXED,fixed_origin_primary,智己L7,6,67.0
23.01618258158366,25.38479483841119,83.34409291697425,61.92694865000088,DEEPSEEK_CORE_FIXED,fixed_origin_primary,智跑,6,223.0
483.5488026936849,488.6669872792435,565.9849368768297,571.1206331027774,DEEPSEEK_CORE_FIXED,fixed_origin_primary,曹操60,6,508.0
2427.6769205729165,3105.8266847013133,12.866871173146171,14.498642834258199,DEEPSEEK_CORE_FIXED,fixed_origin_primary,朗逸,6,100465.0
2101.7796223958335,3118.73525099784,16.603451994490023,18.252801074519823,DEEPSEEK_CORE_FIXED,fixed_origin_primary,本田CR-V,6,69089.0
1372.3668467203777,1401.4129462006417,67.17093087402803,67.7433243959051,DEEPSEEK_CORE_FIXED,fixed_origin_primary,本田HR-V,6,12155.0
78.5650405883789,85.67256853619735,52.21736743497979,47.61517611416903,DEEPSEEK_CORE_FIXED,fixed_origin_primary,本田UR-V,6,990.0
173.42696126302084,212.66161018671042,104.98501395722303,57.39447146045919,DEEPSEEK_CORE_FIXED,fixed_origin_primary,本田XR-V,6,1813.0
760.4630940755209,795.0504059987202,33.968196582277436,30.414468500554094,DEEPSEEK_CORE_FIXED,fixed_origin_primary,极氪001,6,15002.0
730.5325317382812,1084.3715591902696,50.64344818523553,61.85711530383414,DEEPSEEK_CORE_FIXED,fixed_origin_primary,极氪009,6,7086.0
2812.8226013183594,3329.197027868515,2692.3148322184493,78.65468428909054,DEEPSEEK_CORE_FIXED,fixed_origin_primary,极狐 阿尔法S5,6,21457.0
148.71044413248697,154.45158861547927,277.6372889275977,116.78830691033009,DEEPSEEK_CORE_FIXED,fixed_origin_primary,极狐考拉,6,764.0
219.9022013346354,247.1177613427162,23.990236635784353,24.06370979405093,DEEPSEEK_CORE_FIXED,fixed_origin_primary,林肯Z,6,5483.0
133.8610076904297,161.62471725059694,771.2926125163501,58.625258842523955,DEEPSEEK_CORE_FIXED,fixed_origin_primary,枫叶60s,6,1370.0
46.904357274373375,58.40140577985032,2328.0602353682016,109.07990063807762,DEEPSEEK_CORE_FIXED,fixed_origin_primary,标致4008,6,258.0
427.75586954752606,550.4839159225623,50.15422061888072,57.55853817638834,DEEPSEEK_CORE_FIXED,fixed_origin_primary,标致408,6,4459.0
51.06820106506348,57.05865478893078,212.39800257468374,185.70254932750353,DEEPSEEK_CORE_FIXED,fixed_origin_primary,标致408X,6,165.0
49.075950622558594,61.923996887245494,34.90251367870653,36.173919377807316,DEEPSEEK_CORE_FIXED,fixed_origin_primary,标致5008,6,814.0
43.25961875915527,58.412460802319686,31.00110304766121,36.099820939489796,DEEPSEEK_CORE_FIXED,fixed_origin_primary,标致508,6,719.0
1970.4925944010417,2145.185597827617,91.11094675384875,65.43950609623208,DEEPSEEK_CORE_FIXED,fixed_origin_primary,格瑞维亚,6,18067.0
736.8683878580729,804.1762739922879,161.08953276810746,92.94114625075547,DEEPSEEK_CORE_FIXED,fixed_origin_primary,欧拉好猫,6,4757.0
10.426448186238607,10.681261649063403,,,DEEPSEEK_CORE_FIXED,fixed_origin_primary,欧拉闪电猫,6,0.0
82.45067850748698,95.58729973100631,16.883988177611943,15.764948089385655,DEEPSEEK_CORE_FIXED,fixed_origin_primary,欧诺S,6,3138.0
37.645387967427574,39.63397850616976,516.1969119391757,442.8869172638538,DEEPSEEK_CORE_FIXED,fixed_origin_primary,比亚迪M9,6,51.0
1059.5889892578125,1473.6200818675277,139.44205470055525,54.1204897892813,DEEPSEEK_CORE_FIXED,fixed_origin_primary,比亚迪e7,6,11747.0
26.439998681346577,33.26838168191315,99.48050453263366,99.77357992960972,DEEPSEEK_CORE_FIXED,fixed_origin_primary,比亚迪e9,6,159.0
2213.1944986979165,2437.2622501894834,88.5664330531434,76.8514786283205,DEEPSEEK_CORE_FIXED,fixed_origin_primary,汉,6,17279.0
0.0013868072419427335,0.0028747673038819212,,,DEEPSEEK_CORE_FIXED,fixed_origin_primary,江淮A5 PLUS,6,0.0
2.6663773792485395,4.114439435702942,68.26603171891637,84.2013909236381,DEEPSEEK_CORE_FIXED,fixed_origin_primary,江淮QX PHEV,6,19.0
0.01818742509931326,0.026799486076693805,,,DEEPSEEK_CORE_FIXED,fixed_origin_primary,沃兰多,6,0.0
0.16042168562610945,0.32910023690545614,,,DEEPSEEK_CORE_FIXED,fixed_origin_primary,沃尔沃C40,6,0.0
61.734217961629234,63.465741957732156,368.21360625812713,319.31492049118566,DEEPSEEK_CORE_FIXED,fixed_origin_primary,沃尔沃EM90,6,116.0
9.468252142270407,13.337309067188913,90.5422393442544,113.61902570724487,DEEPSEEK_CORE_FIXED,fixed_origin_primary,沃尔沃ES90,6,50.0
718.1278483072916,756.6335005451757,32.22797603110711,32.728956246439424,DEEPSEEK_CORE_FIXED,fixed_origin_primary,沃尔沃S60,6,13165.0
766.9762166341146,844.9633405732419,149.15027977538523,79.74107260101694,DEEPSEEK_CORE_FIXED,fixed_origin_primary,沃尔沃S90,6,5771.0
177.00599416097006,181.19059048906553,1316.1881206378505,747.9126513843805,DEEPSEEK_CORE_FIXED,fixed_origin_primary,沃尔沃S90新能源,6,142.0
2723.2286376953125,2976.171606975862,86.00378312880574,58.388264101528996,DEEPSEEK_CORE_FIXED,fixed_origin_primary,海狮05EV,6,27984.0
5887.675374348958,6126.30682950153,83.39850713577407,55.833811041716054,DEEPSEEK_CORE_FIXED,fixed_origin_primary,海狮06EV,6,63270.0
384.89402262369794,388.70004249388205,250.3226556284416,236.3729923994051,DEEPSEEK_CORE_FIXED,fixed_origin_primary,海狮07EV,6,977.0
4221.046549479167,4548.040579321481,48.25010003809342,36.64474020354348,DEEPSEEK_CORE_FIXED,fixed_origin_primary,海豚,6,69113.0
153.2827631632487,155.64259014041315,240.14783462756384,213.3866772574228,DEEPSEEK_CORE_FIXED,fixed_origin_primary,海豹,6,431.0
3043.968017578125,3181.204239024517,62.61880339735663,57.86828080690963,DEEPSEEK_CORE_FIXED,fixed_origin_primary,海豹06DM-i,6,31561.0
1896.6512044270833,2438.842919189168,70.55235872284041,47.73851508751783,DEEPSEEK_CORE_FIXED,fixed_origin_primary,海豹06EV,6,23838.0
1348.4259948730469,1725.9327388642785,63.30392699926125,63.55004296000535,DEEPSEEK_CORE_FIXED,fixed_origin_primary,海豹06GT,6,12731.0
191.76729838053384,229.90175939441605,50.52250664999999,38.78004011739815,DEEPSEEK_CORE_FIXED,fixed_origin_primary,海豹07DM-i,6,2967.0
306.67888800303143,429.2622177189293,97.22453147673252,98.24203566568012,DEEPSEEK_CORE_FIXED,fixed_origin_primary,海豹07EV,6,1873.0
71.06273523966472,72.87996231736896,,,DEEPSEEK_CORE_FIXED,fixed_origin_primary,海马8S,6,0.0
14.672679980595907,16.062498817920062,,,DEEPSEEK_CORE_FIXED,fixed_origin_primary,海马INJOY,6,0.0
3138.9744466145835,4449.398885255003,49.86241851211727,34.17810848323655,DEEPSEEK_CORE_FIXED,fixed_origin_primary,海鸥,6,55105.0
2747.011515299479,3385.9323745210763,50.41572723019229,58.0252388375176,DEEPSEEK_CORE_FIXED,fixed_origin_primary,深蓝L06,6,28405.0
444.46185302734375,604.8835215580691,49.841116668324034,60.760335342083906,DEEPSEEK_CORE_FIXED,fixed_origin_primary,深蓝L07,6,4389.0
192.60220845540366,218.61761814592646,1200.2716385742422,73.37226988777282,DEEPSEEK_CORE_FIXED,fixed_origin_primary,深蓝SL03,6,1575.0
181.58050282796225,182.2359476203883,594.9580565224669,509.1042135363427,DEEPSEEK_CORE_FIXED,fixed_origin_primary,灵悉L,6,214.0
3.502513845761617,3.8146653646191435,202.7692755063375,210.150830745697,DEEPSEEK_CORE_FIXED,fixed_origin_primary,焕驰,6,10.0
226.3442128499349,229.8397769272859,8056.743525760077,2301.8055544061176,DEEPSEEK_CORE_FIXED,fixed_origin_primary,爱跑,6,59.0
315.04429117838544,332.4299378052422,48.75742452788962,36.69706362007984,DEEPSEEK_CORE_FIXED,fixed_origin_primary,狮铂拓界,6,5151.0
38.273426373799644,43.31930989298965,,,DEEPSEEK_CORE_FIXED,fixed_origin_primary,猛士917,6,0.0
242.12936401367188,265.4941190542469,57.76602620016459,51.100111997257514,DEEPSEEK_CORE_FIXED,fixed_origin_primary,理想MEGA,6,2843.0
194.18136596679688,244.0404447855227,29.880065818392865,25.725065043073116,DEEPSEEK_CORE_FIXED,fixed_origin_primary,瑞虎3x,6,4529.0
510.927490234375,691.2171646932375,18.670271265220748,19.408451670821464,DEEPSEEK_CORE_FIXED,fixed_origin_primary,瑞虎5x,6,15795.0
540.5492960611979,628.9276427601617,24.311428157967637,24.267083998258045,DEEPSEEK_CORE_FIXED,fixed_origin_primary,瑞虎7,6,13365.0
3265.63525390625,3416.3278060451057,37.93754004970227,31.953378218260763,DEEPSEEK_CORE_FIXED,fixed_origin_primary,瑞虎8,6,61320.0
797.7703450520834,980.694966976345,17.8155592246907,19.723194488081504,DEEPSEEK_CORE_FIXED,fixed_origin_primary,瑞虎9,6,24269.0
72.79957834879558,96.74210170966575,39.371185498606174,45.2171294091898,DEEPSEEK_CORE_FIXED,fixed_origin_primary,瑞风E3,6,966.0
130.81323750813803,151.95782985159818,40.93204970961791,35.79021546050288,DEEPSEEK_CORE_FIXED,fixed_origin_primary,瑞风M3,6,2193.0
27.589133580525715,30.806029037925416,493.99553165365023,159.16807834918683,DEEPSEEK_CORE_FIXED,fixed_origin_primary,瑞风RF8,6,104.0
91.3035437266032,115.35626241782015,366.03834311011593,78.37214053785682,DEEPSEEK_CORE_FIXED,fixed_origin_primary,瑞风RF8新能源,6,699.0
212.24310811360678,215.7299835176911,,,DEEPSEEK_CORE_FIXED,fixed_origin_primary,电动MINI ACEMAN,6,0.0
324.55871327718097,327.20516250575304,,,DEEPSEEK_CORE_FIXED,fixed_origin_primary,电动MINI COOPER,6,0.0
1386.2399088541667,1660.1314994214542,56.77202049938833,39.631388255229425,DEEPSEEK_CORE_FIXED,fixed_origin_primary,皇冠陆放,6,20987.0
4065.352783203125,4446.515542075437,102.37679525087351,80.77127288724378,DEEPSEEK_CORE_FIXED,fixed_origin_primary,皓影,6,30199.0
27.29138247172038,31.85941348345897,60.45126294082187,40.53175614611938,DEEPSEEK_CORE_FIXED,fixed_origin_primary,皓影新能源,6,404.0
47.035369873046875,47.717695580175175,302.3552369207167,160.34785183993253,DEEPSEEK_CORE_FIXED,fixed_origin_primary,睿蓝8,6,176.0
455.0365727742513,570.4987909455574,59.30706883900868,72.74765352106336,DEEPSEEK_CORE_FIXED,fixed_origin_primary,福瑞迪,6,3753.0
4850.110677083333,5311.526527531407,66.94457447889467,54.18714446316848,DEEPSEEK_CORE_FIXED,fixed_origin_primary,秦L,6,53704.0
5217.872884114583,8088.15810926924,74.4842141304828,45.791568261474495,DEEPSEEK_CORE_FIXED,fixed_origin_primary,秦PLUS,6,68369.0
676.8948872884115,687.7239909111931,1414.4344211308364,1010.2908765498679,DEEPSEEK_CORE_FIXED,fixed_origin_primary,秦新能源,6,402.0
228.03050740559897,257.9078906490589,27.847662679478542,26.12532068805793,DEEPSEEK_CORE_FIXED,fixed_origin_primary,索纳塔,6,5237.0
16.839523474375408,17.07451851846246,,,DEEPSEEK_CORE_FIXED,fixed_origin_primary,红旗E-HS9,6,0.0
1556.3026936848958,1605.306369626057,63.52193006285902,56.85123995195966,DEEPSEEK_CORE_FIXED,fixed_origin_primary,红旗E-QM5,6,16425.0
143.1560287475586,158.02416218240225,309.66159573601885,121.14755606281405,DEEPSEEK_CORE_FIXED,fixed_origin_primary,红旗EH7,6,709.0
3291.978515625,3438.2137407158575,40.787168943466895,36.65696248120929,DEEPSEEK_CORE_FIXED,fixed_origin_primary,红旗H5,6,53883.0
300.0638936360677,376.6105412640235,57.59637423246385,37.01446056365967,DEEPSEEK_CORE_FIXED,fixed_origin_primary,红旗H5 PHEV,6,4864.0
78.47479248046875,102.30558958978295,9.278602286588454,8.119481891409079,DEEPSEEK_CORE_FIXED,fixed_origin_primary,红旗H6,6,5799.0
142.29276021321616,150.76526327292575,33.00198027038023,32.14444884334702,DEEPSEEK_CORE_FIXED,fixed_origin_primary,红旗H9,6,2656.0
72.74423217773438,78.81937128164095,279.7759969574681,227.32572555541992,DEEPSEEK_CORE_FIXED,fixed_origin_primary,红旗HQ9,6,192.0
140.081787109375,172.925153458767,26.644199459110673,21.208446193697956,DEEPSEEK_CORE_FIXED,fixed_origin_primary,红旗HS3,6,3963.0
972.3570556640625,1030.5790862360136,85.9026662654451,75.05650757731088,DEEPSEEK_CORE_FIXED,fixed_origin_primary,红旗HS3 PHEV,6,7773.0
435.1206868489583,540.1328430203176,10.32628568580793,11.038069174250593,DEEPSEEK_CORE_FIXED,fixed_origin_primary,红旗HS5,6,23652.0
526.9486389160156,529.8027292194623,914.3993097630522,681.3991020465719,DEEPSEEK_CORE_FIXED,fixed_origin_primary,红旗HS7 PHEV,6,464.0
3.0332239338507256,3.8248242196016786,66.78932372998032,69.9974753965552,DEEPSEEK_CORE_FIXED,fixed_origin_primary,红旗国耀,6,26.0
106.49471028645833,121.42346483277784,91.9692122567242,34.501526010731645,DEEPSEEK_CORE_FIXED,fixed_origin_primary,红旗天工05,6,1852.0
89.5382080078125,93.72586909213432,166.74317725148387,116.03223499932504,DEEPSEEK_CORE_FIXED,fixed_origin_primary,红旗天工06,6,463.0
150.53325653076172,167.6824333835359,436.30956945631453,196.34772590968922,DEEPSEEK_CORE_FIXED,fixed_origin_primary,红旗天工08,6,460.0
989.3358154296875,1478.1901246989175,33.88117180704555,44.17006393763022,DEEPSEEK_CORE_FIXED,fixed_origin_primary,纳米01,6,13439.0
143.077392578125,219.95158828609118,21.395556484017156,27.9175400152439,DEEPSEEK_CORE_FIXED,fixed_origin_primary,缤智,6,3075.0
464.6866200764974,707.757999758582,41.602259816024926,63.75759708344351,DEEPSEEK_CORE_FIXED,fixed_origin_primary,缤瑞,6,4373.0
2907.91650390625,3470.0198842792406,24.349827814244566,26.292588832618787,DEEPSEEK_CORE_FIXED,fixed_origin_primary,缤越,6,66359.0
54.95336248945872,94.99517230406711,99.96819670164962,100.21889815706757,DEEPSEEK_CORE_FIXED,fixed_origin_primary,羿驰05,6,329.0
52.31567637125651,59.614364540239734,44.082357308206994,33.60750088089283,DEEPSEEK_CORE_FIXED,fixed_origin_primary,胜达,6,934.0
1591.4832356770833,1890.61404510469,34.90931214514326,33.83015451733331,DEEPSEEK_CORE_FIXED,fixed_origin_primary,腾势D9,6,28226.0
52.363240559895836,67.17923768906232,15.881718765432318,18.066672993638587,DEEPSEEK_CORE_FIXED,fixed_origin_primary,艾力绅,6,1739.0
280.47107950846356,370.40047090892296,17.293335372531775,19.981316516869878,DEEPSEEK_CORE_FIXED,fixed_origin_primary,艾瑞泽5,6,8422.0
3030.1650390625,3322.9231941594953,45.22084134140121,36.08055216188728,DEEPSEEK_CORE_FIXED,fixed_origin_primary,艾瑞泽8,6,50390.0
912.3368326822916,1019.0470461360002,40.79581506709799,34.04665378836765,DEEPSEEK_CORE_FIXED,fixed_origin_primary,英仕派,6,16078.0
108.92087936401367,110.58131465182858,959.6269405960404,859.9016791895815,DEEPSEEK_CORE_FIXED,fixed_origin_primary,荣威D5X DMH,6,76.0
598.2127685546875,683.3249940171846,169.51703442198252,44.3175282297583,DEEPSEEK_CORE_FIXED,fixed_origin_primary,荣威D6,6,8099.0
234.05245971679688,262.01255946970633,42.75240591334429,38.0573105230564,DEEPSEEK_CORE_FIXED,fixed_origin_primary,荣威D7,6,3690.0
0.0,0.0,,,DEEPSEEK_CORE_FIXED,fixed_origin_primary,荣威RX3,6,0.0
2030.1738688151042,2252.700683641498,221.39461353103553,48.301055604467365,DEEPSEEK_CORE_FIXED,fixed_origin_primary,荣威i5,6,25219.0
93.8018798828125,98.78703983175983,748.2360015403731,1815.5202557963707,DEEPSEEK_CORE_FIXED,fixed_origin_primary,荣威i6 MAX新能源,6,31.0
58.50039863586426,59.02496817421147,718.4516951918456,566.1328900244929,DEEPSEEK_CORE_FIXED,fixed_origin_primary,荣威iMAX8,6,62.0
46.68809191385905,58.43502073939863,203.94960990877382,94.00286962521956,DEEPSEEK_CORE_FIXED,fixed_origin_primary,荣威iMAX8新能源,6,298.0
514.6267496744791,551.325306951567,54.552177163102165,56.43868576214357,DEEPSEEK_CORE_FIXED,fixed_origin_primary,菱智,6,5471.0
473.5336100260417,528.3093957834295,24.84046722845029,22.385767886513158,DEEPSEEK_CORE_FIXED,fixed_origin_primary,蒙迪欧,6,12692.0
118.63643391927083,149.38330504705948,22.15098808159045,17.759945197495632,DEEPSEEK_CORE_FIXED,fixed_origin_primary,蔚来ET5,6,4008.0
387.2959391276042,625.2981854246584,25.93078119439524,19.234960969833832,DEEPSEEK_CORE_FIXED,fixed_origin_primary,蔚来ET5T,6,12081.0
48.07769902547201,51.42802338205437,349.6691562133535,300.48561890920007,DEEPSEEK_CORE_FIXED,fixed_origin_primary,蔚来ET7,6,96.0
46.35749048988024,80.56630910789974,99.86975928165165,100.05213774794296,DEEPSEEK_CORE_FIXED,fixed_origin_primary,蔚来ET9,6,278.0
328.7503967285156,721.8667498992825,16.32379749538243,31.52473038790305,DEEPSEEK_CORE_FIXED,fixed_origin_primary,豪越L,6,6257.0
468.11033121744794,519.2703516133504,42.0179301899592,32.00025051047838,DEEPSEEK_CORE_FIXED,fixed_origin_primary,赛图斯,6,8777.0
2378.894002278646,2609.365526648312,32.87192620878758,33.97206715142657,DEEPSEEK_CORE_FIXED,fixed_origin_primary,赛那SIENNA,6,42015.0
117.8636360168457,119.38343310620647,550.9491390939734,292.22389095085714,DEEPSEEK_CORE_FIXED,fixed_origin_primary,起亚EV5,6,242.0
554.9822591145834,614.8481170863647,54.18175691925923,58.05253756428696,DEEPSEEK_CORE_FIXED,fixed_origin_primary,起亚K3,6,5736.0
149.9398422241211,162.99133890226105,1669.669472242064,454.3631582549124,DEEPSEEK_CORE_FIXED,fixed_origin_primary,起亚K5凯酷,6,198.0
0.0,0.0,,,DEEPSEEK_CORE_FIXED,fixed_origin_primary,起亚KX3傲跑,6,0.0
47.17611503601074,56.591713326844115,44.26072163583365,38.51111431511081,DEEPSEEK_CORE_FIXED,fixed_origin_primary,轩度EV,6,735.0
5810.063802083333,6531.399709589371,41.375392215328574,36.64537923503874,DEEPSEEK_CORE_FIXED,fixed_origin_primary,轩逸,6,95129.0
1608.7423502604167,2317.311853771756,13.390622154780877,12.572228432794756,DEEPSEEK_CORE_FIXED,fixed_origin_primary,迈腾,6,76776.0
20.071998064716656,47.91802606061724,99.46282985856978,102.06100710872876,DEEPSEEK_CORE_FIXED,fixed_origin_primary,迈腾PHEV,6,118.0
395.9927399953206,752.6594172655278,1320.8701152617346,105.03786206772429,DEEPSEEK_CORE_FIXED,fixed_origin_primary,迈锐宝XL,6,2262.0
913.946044921875,1169.5924137071763,26.677928865564347,19.956606265125735,DEEPSEEK_CORE_FIXED,fixed_origin_primary,逍客,6,27478.0
79.79435793558757,166.71990785393695,142.16139673008587,94.06014687888515,DEEPSEEK_CORE_FIXED,fixed_origin_primary,途安,6,509.0
2744.5974934895835,2824.169876442531,35.55631137413645,32.402473261456656,DEEPSEEK_CORE_FIXED,fixed_origin_primary,途岳,6,50822.0
269.4287923177083,364.50269136428085,18.418454426691746,14.010857634826227,DEEPSEEK_CORE_FIXED,fixed_origin_primary,途昂,6,11538.0
258.92462158203125,331.64889986026975,16.167428212647902,15.268282353731571,DEEPSEEK_CORE_FIXED,fixed_origin_primary,途胜L,6,10175.0
1810.0950520833333,2661.880036358123,12.444654425165881,13.115680400574837,DEEPSEEK_CORE_FIXED,fixed_origin_primary,途观L,6,82806.0
173.72919718424478,190.91371350433772,7975.944559920562,206.003000613729,DEEPSEEK_CORE_FIXED,fixed_origin_primary,途观L新能源,6,506.0
4457.806640625,5060.397011905609,37.451892241053805,31.619013658367912,DEEPSEEK_CORE_FIXED,fixed_origin_primary,速腾,6,84591.0
2064.6588541666665,2377.69784033426,24.684279298196028,21.12759341849439,DEEPSEEK_CORE_FIXED,fixed_origin_primary,逸动,6,58634.0
122.49115753173828,143.23163143581482,6108.583885998657,376.8958693284255,DEEPSEEK_CORE_FIXED,fixed_origin_primary,钇为3,6,195.0
2292.833251953125,2528.9831628657143,34.80381137512399,33.13502459588311,DEEPSEEK_CORE_FIXED,fixed_origin_primary,铂智3X,6,41518.0
36.36616961161295,40.61735388646221,1100.9423234616386,65.52462993083415,DEEPSEEK_CORE_FIXED,fixed_origin_primary,铂智4X,6,333.0
1723.0461689631145,2435.064112855352,99.67029967627795,99.87708447279186,DEEPSEEK_CORE_FIXED,fixed_origin_primary,铂智7,6,10351.0
120.70737202962239,130.5122479360475,72.5609498904061,56.71450526059001,DEEPSEEK_CORE_FIXED,fixed_origin_primary,银河E8,6,1277.0
240.76022338867188,385.37968820514374,38.800070358201715,55.94737956359532,DEEPSEEK_CORE_FIXED,fixed_origin_primary,银河V900,6,2582.0
2052.47900390625,2286.9868593383517,123.13341415839216,80.85400842648217,DEEPSEEK_CORE_FIXED,fixed_origin_primary,银河星耀6,6,15231.0
1282.128200451533,2459.909398371005,96.76010825285918,98.66319357072206,DEEPSEEK_CORE_FIXED,fixed_origin_primary,银河星耀7,6,7797.0
1925.0052083333333,2596.2684802571102,12.72302674243679,14.690023847376787,DEEPSEEK_CORE_FIXED,fixed_origin_primary,锋兰达,6,78625.0
246.75337727864584,301.2283660129083,13.107697425125101,13.968490080874375,DEEPSEEK_CORE_FIXED,fixed_origin_primary,锐界L,6,10599.0
48.32712364196777,49.07524715540714,2031.0809680393763,1380.7749611990791,DEEPSEEK_CORE_FIXED,fixed_origin_primary,锐程PLUS,6,21.0
53.92744700113932,63.066403837714695,29.114741218231504,26.41344342912946,DEEPSEEK_CORE_FIXED,fixed_origin_primary,锐际,6,1225.0
3762.9181315104165,4143.791201472416,29.478156791248132,30.94420217244936,DEEPSEEK_CORE_FIXED,fixed_origin_primary,长安CS75 PLUS,6,72962.0
4341.763997395833,4462.83575849086,274.63079416203544,220.2822931200321,DEEPSEEK_CORE_FIXED,fixed_origin_primary,长安Lumin,6,11826.0
80.81280263264973,86.93933989395951,1453.3063881896537,292.09446734692676,DEEPSEEK_CORE_FIXED,fixed_origin_primary,长安UNI-K,6,166.0
1.4070767507267494,1.8936655663433692,116.4601458935067,120.6065786337214,DEEPSEEK_CORE_FIXED,fixed_origin_primary,长安UNI-K 智电iDD,6,7.0
48.68071301778158,60.4801110254148,1446.7281129288467,286.3571353987152,DEEPSEEK_CORE_FIXED,fixed_origin_primary,长安UNI-T,6,102.0
895.978759765625,1000.0829134023331,58.97820946753449,42.62168047723579,DEEPSEEK_CORE_FIXED,fixed_origin_primary,长安UNI-V,6,12613.0
1956.9612630208333,2688.6973120122557,62.102596050530124,59.277905786172255,DEEPSEEK_CORE_FIXED,fixed_origin_primary,长安UNI-Z新能源,6,19808.0
3349.7853190104165,3478.125263663045,39.54568914250123,39.992661401748045,DEEPSEEK_CORE_FIXED,fixed_origin_primary,长安X5 PLUS,6,50256.0
662.3073323567709,823.078933143986,60.59475381473399,42.70654480538017,DEEPSEEK_CORE_FIXED,fixed_origin_primary,长安启源A07,6,9305.0
2022.7848307291667,2038.739318023605,,,DEEPSEEK_CORE_FIXED,fixed_origin_primary,长安启源Q05经典,6,0.0
1115.790506998698,1144.9033915578732,387.25203400842355,250.9274003745198,DEEPSEEK_CORE_FIXED,fixed_origin_primary,长安欧尚520,6,2668.0
5860.537923177083,6469.799988390962,136.0310657179756,87.03553758338283,DEEPSEEK_CORE_FIXED,fixed_origin_primary,雅阁,6,40401.0
1997.1013997395833,2807.5485487174988,78.0834057541537,55.82133792247041,DEEPSEEK_CORE_FIXED,fixed_origin_primary,零跑B01,6,21466.0
1575.3997395833333,1886.9569698879259,73.6446965571872,47.158244050588706,DEEPSEEK_CORE_FIXED,fixed_origin_primary,零跑Lafa5,6,20044.0
733.0747273763021,795.121977054153,18039.130122469305,116.57695108024949,DEEPSEEK_CORE_FIXED,fixed_origin_primary,零跑T03,6,3773.0
440.69739786783856,520.070763258352,214.8538553107138,100.69247476035915,DEEPSEEK_CORE_FIXED,fixed_origin_primary,雷凌,6,2626.0
1609.0536295572917,1737.711028427641,40.74233712637417,41.68532719060341,DEEPSEEK_CORE_FIXED,fixed_origin_primary,领克03,6,23160.0
521.0177408854166,744.8792713567092,22.687349989655207,25.67643897587269,DEEPSEEK_CORE_FIXED,fixed_origin_primary,领克07,6,12175.0
610.4884847005209,962.4672605499193,17.269923778800266,20.323647052117433,DEEPSEEK_CORE_FIXED,fixed_origin_primary,领克10,6,18023.0
2289.583984375,2601.86456576816,108.0224200096292,102.87182796353153,DEEPSEEK_CORE_FIXED,fixed_origin_primary,风云A9L,6,13354.0
4.663115819295247,5.216075344434986,51.01692075910563,48.23912916512325,DEEPSEEK_CORE_FIXED,fixed_origin_primary,风光330,6,58.0
42.71996561686198,45.17533176875113,100.83765661332285,94.58294970522947,DEEPSEEK_CORE_FIXED,fixed_origin_primary,风光380,6,271.0
19.31208674112956,19.669320922901658,1088.220441000802,579.3626022338867,DEEPSEEK_CORE_FIXED,fixed_origin_primary,风光E380,6,20.0
102.158935546875,107.00799253799498,59.58944372472025,63.71659181717776,DEEPSEEK_CORE_FIXED,fixed_origin_primary,飞凡F7,6,962.0
215.6678670247396,249.92454963766633,45.9333685953066,36.11518844957961,DEEPSEEK_CORE_FIXED,fixed_origin_primary,马自达3 昂克赛拉,6,3583.0
388.759765625,415.8846144416487,30.23254083246683,28.4493059366996,DEEPSEEK_CORE_FIXED,fixed_origin_primary,马自达EZ-6,6,8199.0
5926.998291015625,6034.374311663122,16474.856103651175,810.4373232929296,DEEPSEEK_CORE_FIXED,fixed_origin_primary,驱逐舰05,6,4388.0
32.34292856852213,37.432091398212634,61.75692922940564,39.20354978002683,DEEPSEEK_CORE_FIXED,fixed_origin_primary,骐达,6,495.0
478.6131184895833,517.9778256391929,45.47493338733213,38.29926261586423,DEEPSEEK_CORE_FIXED,fixed_origin_primary,高尔夫,6,7498.0
34.35137685139974,44.796555692638854,22.349599014106282,20.988621294134262,DEEPSEEK_CORE_FIXED,fixed_origin_primary,高尔夫GTI,6,982.0
1047.6446126302083,1155.0629660368224,18.464025773127744,18.365231179423407,DEEPSEEK_CORE_FIXED,fixed_origin_primary,魏牌 高山,6,34227.0
1742.3637288411458,1909.8853522168902,48.461421413784976,43.02663856874048,DEEPSEEK_CORE_ROLLING,rolling_origin_supplement,AION RT,6,24297.0
1210.9335123697917,1332.2540884952534,124.0509125042298,54.94669193238108,DEEPSEEK_CORE_ROLLING,rolling_origin_supplement,AION S,6,13223.0
1195.5731608072917,1265.4084667868008,75.25905589537352,60.92092539145435,DEEPSEEK_CORE_ROLLING,rolling_origin_supplement,AION UT,6,11775.0
82.83800760904948,86.13342315772861,136.5348922552027,102.05914695160101,DEEPSEEK_CORE_ROLLING,rolling_origin_supplement,EO 羿欧,6,487.0
0.04033470017990718,0.05916777049286607,,,DEEPSEEK_CORE_ROLLING,rolling_origin_supplement,EVOS,6,0.0
849.3913167317709,873.1590688573658,217.7281128781681,149.67247871925477,DEEPSEEK_CORE_ROLLING,rolling_origin_supplement,ID.4 CROZZ,6,3405.0
49.18429183959961,63.786336070595574,175.11288574672443,52.509920113451535,DEEPSEEK_CORE_ROLLING,rolling_origin_supplement,ID.4 X,6,562.0
24.243111610412598,25.57820734106604,3607.486343383789,14545.866966247559,DEEPSEEK_CORE_ROLLING,rolling_origin_supplement,ID.6 CROZZ,6,1.0
71.60485394795735,76.8767352936044,903.139583269755,588.5330461475947,DEEPSEEK_CORE_ROLLING,rolling_origin_supplement,IQ傲歌,6,73.0
109.4821236928304,205.9390254282939,113.19354577205438,86.77579156631208,DEEPSEEK_CORE_ROLLING,rolling_origin_supplement,IQ锐歌,6,757.0
3484.7410481770835,3699.9515167800837,38.762983995245605,29.551321200602803,DEEPSEEK_CORE_ROLLING,rolling_origin_supplement,MG4,6,70753.0
43.622226079305015,47.118865189922154,465.5107542825124,229.5906635752895,DEEPSEEK_CORE_ROLLING,rolling_origin_supplement,MG6,6,114.0
268.51006571451825,362.1448087313046,28.693383243224417,36.244328330418654,DEEPSEEK_CORE_ROLLING,rolling_origin_supplement,MG7,6,4445.0
1.7625080148379009,2.0492301447593158,,,DEEPSEEK_CORE_ROLLING,rolling_origin_supplement,Model 3,6,0.0
0.6285085280736288,0.6308937240100814,,,DEEPSEEK_CORE_ROLLING,rolling_origin_supplement,Model Y,6,0.0
53.11640167236328,74.03577275699776,19.53980130264305,23.819014202853488,DEEPSEEK_CORE_ROLLING,rolling_origin_supplement,PATHFINDER探陆,6,1338.0
98.18538856506348,101.50046761343982,,,DEEPSEEK_CORE_ROLLING,rolling_origin_supplement,Polestar 4,6,0.0
413.5244445800781,548.1143620479318,67.59867088127551,50.134303242684766,DEEPSEEK_CORE_ROLLING,rolling_origin_supplement,QQ冰淇淋,6,4949.0
1850.9060872395833,2315.669490613765,15.386310181195892,16.12427987838299,DEEPSEEK_CORE_ROLLING,rolling_origin_supplement,RAV4荣放,6,68874.0
772.1009318033854,1171.8456738381637,26.345429796997553,33.713744202170965,DEEPSEEK_CORE_ROLLING,rolling_origin_supplement,T-ROC探歌,6,13741.0
457.2379506429036,492.28453059826063,49.42471740629655,44.974224653400356,DEEPSEEK_CORE_ROLLING,rolling_origin_supplement,eπ007,6,6100.0
324.72959899902344,389.8384413550727,52.46968170713203,51.32712312945576,DEEPSEEK_CORE_ROLLING,rolling_origin_supplement,e爱丽舍,6,3796.0
1851.0467122395833,1985.6273007843984,41.490424652485075,38.362337305922075,DEEPSEEK_CORE_ROLLING,rolling_origin_supplement,firefly萤火虫,6,28951.0
72.72749582926433,73.44380035497106,,,DEEPSEEK_CORE_ROLLING,rolling_origin_supplement,iCAR 03,6,0.0
104.37806701660156,136.03647860454302,38.5585840948966,38.802255396506155,DEEPSEEK_CORE_ROLLING,rolling_origin_supplement,世纪,6,1614.0
113.80408223470052,142.1700571847626,156.5797217118349,39.93125692445632,DEEPSEEK_CORE_ROLLING,rolling_origin_supplement,东风本田S7,6,1710.0
673.3014526367188,816.5060134470731,219.89611006114785,65.88076835975721,DEEPSEEK_CORE_ROLLING,rolling_origin_supplement,丰田bZ3,6,6132.0
470.9668680826823,491.9849829580971,79.07371358799219,52.90771781494278,DEEPSEEK_CORE_ROLLING,rolling_origin_supplement,丰田bZ5,6,5341.0
147.01481755574545,220.97874642072847,41.038430537244466,53.81872515768594,DEEPSEEK_CORE_ROLLING,rolling_origin_supplement,五菱佳辰,6,1639.0
0.0,0.0,,,DEEPSEEK_CORE_ROLLING,rolling_origin_supplement,五菱宏光,6,0.0
0.03833846064905325,0.0733054886657821,,,DEEPSEEK_CORE_ROLLING,rolling_origin_supplement,五菱宏光S,6,0.0
53.12350304921468,56.1035777201649,61.282203618054865,61.414454392155704,DEEPSEEK_CORE_ROLLING,rolling_origin_supplement,五菱征程,6,519.0
0.0,0.0,,,DEEPSEEK_CORE_ROLLING,rolling_origin_supplement,五菱星云,6,0.0
763.5502217610677,785.1197710412104,247.91290900220497,202.9818932461855,DEEPSEEK_CORE_ROLLING,rolling_origin_supplement,五菱星光,6,2257.0
324.73650614420575,350.57646182566333,2991.1627216417514,141.39470514261498,DEEPSEEK_CORE_ROLLING,rolling_origin_supplement,五菱星驰,6,1378.0
2.418158375347654,3.107244619433893,79.56681449711323,85.34676618874073,DEEPSEEK_CORE_ROLLING,rolling_origin_supplement,亚洲狮,6,17.0
3548.6017252604165,3991.730553785907,60.13563733367489,45.91083826022619,DEEPSEEK_CORE_ROLLING,rolling_origin_supplement,亚洲龙,6,46376.0
0.004617156422076126,0.008512535342649067,,,DEEPSEEK_CORE_ROLLING,rolling_origin_supplement,享域,6,0.0
1051.0310872395833,1204.9422974374818,37.284094696038075,29.481937930984103,DEEPSEEK_CORE_ROLLING,rolling_origin_supplement,伊兰特,6,21390.0
435.93947347005206,564.3729084332102,27.504668427358993,29.29372651831462,DEEPSEEK_CORE_ROLLING,rolling_origin_supplement,传祺E8新能源,6,8929.0
0.0,0.0,,,DEEPSEEK_CORE_ROLLING,rolling_origin_supplement,传祺GA8,6,0.0
702.0537516276041,905.4489026532051,30.43611614032689,36.55895252356905,DEEPSEEK_CORE_ROLLING,rolling_origin_supplement,传祺M6,6,11522.0
2458.375528971354,2700.6984094587447,46.46092417088274,50.476535397399644,DEEPSEEK_CORE_ROLLING,rolling_origin_supplement,传祺M8,6,29222.0
1723.9281005859375,2002.1843745007752,60.56551171392027,41.12260407711058,DEEPSEEK_CORE_ROLLING,rolling_origin_supplement,元PLUS,6,25153.0
5919.759114583333,6417.15544362714,71.74641729415512,42.96426114370388,DEEPSEEK_CORE_ROLLING,rolling_origin_supplement,元UP,6,82670.0
36.279886881510414,41.59988000157611,13.349681636906869,11.267045615375906,DEEPSEEK_CORE_ROLLING,rolling_origin_supplement,冠道,6,1932.0
98.06490580240886,134.07417338283813,66.07399108480398,38.35654724996435,DEEPSEEK_CORE_ROLLING,rolling_origin_supplement,凌宝BOX,6,1534.0
20.786680539449055,22.117553700857208,336.60883297639737,211.3899715876175,DEEPSEEK_CORE_ROLLING,rolling_origin_supplement,凌尚,6,59.0
3.008831520875295,3.4112053176624233,48.95856049927798,69.43457355866065,DEEPSEEK_CORE_ROLLING,rolling_origin_supplement,凌放HARRIER,6,26.0
562.8589477539062,588.1359206179475,36.92153011260111,29.241957628569033,DEEPSEEK_CORE_ROLLING,rolling_origin_supplement,凌渡,6,11549.0
387.1407775878906,498.45723507235834,31.2817616225158,36.294447898864746,DEEPSEEK_CORE_ROLLING,rolling_origin_supplement,凡尔赛C5 X,6,6400.0
51.39031251271566,74.67553807174701,94.35958145931465,98.5117811745348,DEEPSEEK_CORE_ROLLING,rolling_origin_supplement,凯威德,6,313.0
1713.80322265625,1870.7407018605113,11.678309150230385,11.959408864676497,DEEPSEEK_CORE_ROLLING,rolling_origin_supplement,凯美瑞,6,85981.0
390.6905771891276,586.1668224391556,95.81476300216632,80.33390894910096,DEEPSEEK_CORE_ROLLING,rolling_origin_supplement,凯翼拾月,6,2918.0
571.1830647786459,811.6010667217371,17.832904491204314,22.30312630920132,DEEPSEEK_CORE_ROLLING,rolling_origin_supplement,凯迪拉克CT5,6,15366.0
1088.479248046875,1202.6423604815461,28.33566424491843,30.11979656081377,DEEPSEEK_CORE_ROLLING,rolling_origin_supplement,凯迪拉克XT5,6,21683.0
88.826234181722,96.5877735406426,115.9452734385175,99.06271470080522,DEEPSEEK_CORE_ROLLING,rolling_origin_supplement,凯迪拉克XT6,6,538.0
1.5339458857973416,1.6036453845368268,92.4927850564321,92.0367531478405,DEEPSEEK_CORE_ROLLING,rolling_origin_supplement,别克E4,6,10.0
0.0,0.0,,,DEEPSEEK_CORE_ROLLING,rolling_origin_supplement,别克GL6,6,0.0
1041.5848795572917,1190.2729655772991,29.265536375265782,31.79926361035847,DEEPSEEK_CORE_ROLLING,rolling_origin_supplement,别克GL8,6,19653.0
807.8096720377604,989.3982027742846,30.73538850160551,31.939756390290363,DEEPSEEK_CORE_ROLLING,rolling_origin_supplement,别克GL8新能源,6,15175.0
74.37770970662434,90.14955751894271,45.84822120174155,52.25600213580165,DEEPSEEK_CORE_ROLLING,rolling_origin_supplement,勇士,6,854.0
733.2555643717448,785.3613838983325,8031.091508512472,516.377158008271,DEEPSEEK_CORE_ROLLING,rolling_origin_supplement,北京EU5,6,852.0
28.600801467895508,32.440543186719275,24.402433014064492,25.198944024577543,DEEPSEEK_CORE_ROLLING,rolling_origin_supplement,北京现代ix35,6,681.0
167.7826724847158,237.49589137250535,94.85189667196188,96.61190354206283,DEEPSEEK_CORE_ROLLING,rolling_origin_supplement,博越REV,6,1042.0
1552.1830647786458,2039.0945049153668,25.202867314645122,29.633124566220808,DEEPSEEK_CORE_ROLLING,rolling_origin_supplement,卡罗拉,6,31428.0
0.005320932095249494,0.013033568589359439,,,DEEPSEEK_CORE_ROLLING,rolling_origin_supplement,卡罗拉双擎E+,6,0.0
3305.0945638020835,3787.9522139239,34.02131505401247,29.25164453972018,DEEPSEEK_CORE_ROLLING,rolling_origin_supplement,卡罗拉锐放,6,67793.0
0.3555809482932091,0.3853128086005019,,,DEEPSEEK_CORE_ROLLING,rolling_origin_supplement,合创A06,6,0.0
185.7243855794271,230.19214905096837,30.656540983521648,25.540827721213898,DEEPSEEK_CORE_ROLLING,rolling_origin_supplement,吉利ICON,6,4363.0
1857.380126953125,2130.2546945819995,59.901753001916404,55.90869794671525,DEEPSEEK_CORE_ROLLING,rolling_origin_supplement,吉利熊猫,6,19933.0
728.0926106770834,985.0231409769289,25.040369435465266,30.723367775951193,DEEPSEEK_CORE_ROLLING,rolling_origin_supplement,君威,6,14219.0
1432.0894775390625,1808.1456501525433,27.53763338418087,31.65538190846734,DEEPSEEK_CORE_ROLLING,rolling_origin_supplement,君越,6,27144.0
55.80060704549154,72.33045758631378,58.91665992174943,48.66332009781239,DEEPSEEK_CORE_ROLLING,rolling_origin_supplement,启辰D60,6,688.0
0.013797371027370295,0.020368298410577402,,,DEEPSEEK_CORE_ROLLING,rolling_origin_supplement,启辰T60,6,0.0
743.7609659830729,961.0898315185577,48.22335087320984,43.647944013091134,DEEPSEEK_CORE_ROLLING,rolling_origin_supplement,唐新能源,6,10224.0
26.563901901245117,28.721911767682865,36.77516527656268,36.30601626593866,DEEPSEEK_CORE_ROLLING,rolling_origin_supplement,嘉华,6,439.0
387.7625427246094,404.8861394252891,228.0585055139323,116.38695629553058,DEEPSEEK_CORE_ROLLING,rolling_origin_supplement,型格,6,1999.0
167.0824654897054,192.90919095940112,60.17056658953594,67.37196189101024,DEEPSEEK_CORE_ROLLING,rolling_origin_supplement,埃尚,6,1488.0
889.4781901041666,900.366870678378,136.23924595515084,130.13579957632285,DEEPSEEK_CORE_ROLLING,rolling_origin_supplement,夏,6,4101.0
241.02053833007812,346.39699282820857,22.42803578507265,27.131767917081966,DEEPSEEK_CORE_ROLLING,rolling_origin_supplement,大众CC,6,5330.0
845.5789998372396,857.9677096080242,156.45032906477095,129.9557889094118,DEEPSEEK_CORE_ROLLING,rolling_origin_supplement,大众ID.3,6,3904.0
81.54739697774251,91.22378845094163,239.7327826894413,131.17543749770914,DEEPSEEK_CORE_ROLLING,rolling_origin_supplement,大家7,6,373.0
59.146324157714844,71.91971872400924,148.5066307961186,54.51274115918419,DEEPSEEK_CORE_ROLLING,rolling_origin_supplement,大家9,6,651.0
64.56636555989583,71.89081875747486,42.056542524162424,39.53042789381377,DEEPSEEK_CORE_ROLLING,rolling_origin_supplement,大通G10,6,980.0
77.62842814127605,92.77194654380084,31.44932971766017,30.54233238345287,DEEPSEEK_CORE_ROLLING,rolling_origin_supplement,大通G50,6,1525.0
5.508513609568278,6.336933576253478,47.46369467129861,37.55804733796553,DEEPSEEK_CORE_ROLLING,rolling_origin_supplement,大通G70,6,88.0
32.65898640950521,35.22119916882507,334.1293737705497,220.17294208655196,DEEPSEEK_CORE_ROLLING,rolling_origin_supplement,大通G90,6,89.0
1180.4674886067708,1312.9090748696656,26.926800007223335,26.01867949320632,DEEPSEEK_CORE_ROLLING,rolling_origin_supplement,天籁,6,27222.0
573.4516194661459,630.5279836737617,26.21957471980568,23.299991310333006,DEEPSEEK_CORE_ROLLING,rolling_origin_supplement,奇骏,6,14767.0
2.171640237172445,2.263074342654343,,,DEEPSEEK_CORE_ROLLING,rolling_origin_supplement,奔奔E-Star,6,0.0
2656.787150065104,3155.565370352438,137.3795137369833,61.25157694674592,DEEPSEEK_CORE_ROLLING,rolling_origin_supplement,奔腾小马,6,26025.0
641.7207845052084,658.2649552647429,5490.474416770713,296.6351854415447,DEEPSEEK_CORE_ROLLING,rolling_origin_supplement,奔驰A级,6,1298.0
2095.1646321614585,2500.6079928100417,43.80748437016882,30.666181526037985,DEEPSEEK_CORE_ROLLING,rolling_origin_supplement,奔驰C级,6,40993.0
1597.7298990885417,2355.6487667717147,13.348319968989644,15.65762253087995,DEEPSEEK_CORE_ROLLING,rolling_origin_supplement,奔驰E级,6,61225.0
905.2451578776041,1102.0556042603193,464.2832760275005,89.27467040213058,DEEPSEEK_CORE_ROLLING,rolling_origin_supplement,奔驰GLB,6,6084.0
2119.3414713541665,2600.5856751015303,23.19766592402715,24.203987338685117,DEEPSEEK_CORE_ROLLING,rolling_origin_supplement,奔驰GLC,6,52537.0
337.68068440755206,342.664826539587,127.21826241862505,120.24238020446958,DEEPSEEK_CORE_ROLLING,rolling_origin_supplement,奔驰V级,6,1685.0
642.5302124023438,717.7941094407322,69.22176490100229,72.56128880884741,DEEPSEEK_CORE_ROLLING,rolling_origin_supplement,奕炫,6,5313.0
927.2069498697916,968.1249861214714,47.528205357241745,48.63398635561457,DEEPSEEK_CORE_ROLLING,rolling_origin_supplement,奕跑,6,11439.0
185.10376993815103,253.57011992341836,17.065834829478607,18.89456651291096,DEEPSEEK_CORE_ROLLING,rolling_origin_supplement,奥德赛,6,5878.0
1324.1462809244792,1695.2331462570946,20.955550136107405,23.126499637733232,DEEPSEEK_CORE_ROLLING,rolling_origin_supplement,奥迪A3,6,34354.0
1451.7793375651042,1515.6811353063079,74.86873896768175,61.42497726105793,DEEPSEEK_CORE_ROLLING,rolling_origin_supplement,奥迪A4L,6,14181.0
305.3075358072917,387.0070759235365,7.84600947418302,8.257878622565704,DEEPSEEK_CORE_ROLLING,rolling_origin_supplement,奥迪A5L,6,22183.0
232.48193359375,296.26121302071704,22.120695482492135,17.01502319544401,DEEPSEEK_CORE_ROLLING,rolling_origin_supplement,奥迪A5L Sportback,6,8198.0
2693.0753580729165,3067.403689140584,31.71992058870689,27.270268422590416,DEEPSEEK_CORE_ROLLING,rolling_origin_supplement,奥迪A6L,6,59253.0
723.795664469401,728.202297416575,1850.9685888431343,3124.297832242019,DEEPSEEK_CORE_ROLLING,rolling_origin_supplement,奥迪A6L e-tron,6,139.0
181.84818013509116,198.75201681133686,51.862533599600894,46.92856261550739,DEEPSEEK_CORE_ROLLING,rolling_origin_supplement,奥迪A7L,6,2325.0
753.8833923339844,821.5479819791251,151.59604696253226,91.88097408092436,DEEPSEEK_CORE_ROLLING,rolling_origin_supplement,奥迪E5 Sportback,6,4923.0
150.55107625325522,217.95424491511326,43.87465954975858,44.89594719281965,DEEPSEEK_CORE_ROLLING,rolling_origin_supplement,奥迪Q2L,6,2012.0
788.85400390625,902.8034814593103,29.142709002829783,31.449329059385384,DEEPSEEK_CORE_ROLLING,rolling_origin_supplement,奥迪Q3,6,15050.0
47.24740727742513,60.296635208985435,49.82016404707575,43.017366261692075,DEEPSEEK_CORE_ROLLING,rolling_origin_supplement,奥迪Q3 Sportback,6,659.0
425.61328379313153,587.5679619138649,730.4097289478857,109.45905284006811,DEEPSEEK_CORE_ROLLING,rolling_origin_supplement,奥迪Q4 e-tron,6,2333.0
87.39587275187175,88.12255805618557,,,DEEPSEEK_CORE_ROLLING,rolling_origin_supplement,奥迪Q5 e-tron,6,0.0
2408.3767903645835,2909.7967591680845,32.10074512497128,28.133599560359595,DEEPSEEK_CORE_ROLLING,rolling_origin_supplement,奥迪Q5L,6,51363.0
236.0054143269857,425.20250030214777,88.17252663714244,80.36506730771362,DEEPSEEK_CORE_ROLLING,rolling_origin_supplement,奥迪Q5L Sportback,6,1762.0
111.39449691772461,113.30389340828923,588.4784926537296,410.04109294867953,DEEPSEEK_CORE_ROLLING,rolling_origin_supplement,奥迪Q6L Sportback e-tron,6,163.0
266.9167887369792,327.7908763365147,174.54363596049595,63.350503655928605,DEEPSEEK_CORE_ROLLING,rolling_origin_supplement,奥迪Q6L e-tron,6,2528.0
4048.214640299479,4791.319428837611,50.1037219082899,55.872122562962936,DEEPSEEK_CORE_ROLLING,rolling_origin_supplement,威兰达,6,43473.0
255.84920247395834,266.8520503213479,155.7088429455493,104.42824590773809,DEEPSEEK_CORE_ROLLING,rolling_origin_supplement,威朗,6,1470.0
593.774403889974,613.5829357542725,256.2274139867868,187.31053750472364,DEEPSEEK_CORE_ROLLING,rolling_origin_supplement,威然,6,1902.0
281.9239145914714,285.8382478797294,100.90404149484753,90.55371989019423,DEEPSEEK_CORE_ROLLING,rolling_origin_supplement,威霆,6,1868.0
65.41041501363118,68.40070559507278,1646.3748857142434,665.1906611555714,DEEPSEEK_CORE_ROLLING,rolling_origin_supplement,威飒,6,59.0
98.47591400146484,104.20440716362775,59.73412394441963,53.71413490988991,DEEPSEEK_CORE_ROLLING,rolling_origin_supplement,宋L EV,6,1100.0
3072.945353190104,3101.5194341559295,2162.7119705508276,1230.8192335874917,DEEPSEEK_CORE_ROLLING,rolling_origin_supplement,宋PLUS新能源,6,1498.0
3466.1541341145835,4106.072542046455,27.453321713050254,27.257496663985293,DEEPSEEK_CORE_ROLLING,rolling_origin_supplement,宋Pro新能源,6,76298.0
6759.8173828125,8577.25197840758,94.23527044535159,55.71354592353603,DEEPSEEK_CORE_ROLLING,rolling_origin_supplement,宏光MINIEV,6,72799.0
586.166015625,733.9539659301469,15.719817220297342,13.243198003351281,DEEPSEEK_CORE_ROLLING,rolling_origin_supplement,宝来,6,26557.0
5.043274958928426,5.5192001697350275,359.79570017920594,177.99793972688562,DEEPSEEK_CORE_ROLLING,rolling_origin_supplement,宝马1系,6,17.0
132.28519185384116,143.7342688897628,34.5973075116417,31.62195821207358,DEEPSEEK_CORE_ROLLING,rolling_origin_supplement,宝马2系,6,2510.0
1221.8946940104167,1740.7491503450974,9.894324794022442,11.201821543916544,DEEPSEEK_CORE_ROLLING,rolling_origin_supplement,宝马3系,6,65448.0
1603.3937174479167,1995.0013546655832,19.16167249183918,20.02531651024646,DEEPSEEK_CORE_ROLLING,rolling_origin_supplement,宝马5系,6,48041.0
1222.9873453776042,1241.4140065078652,33.24114770969371,33.40126574839831,DEEPSEEK_CORE_ROLLING,rolling_origin_supplement,宝马X1,6,21969.0
4.109390417734782,5.046654716655955,118.42880430675689,102.73476044336955,DEEPSEEK_CORE_ROLLING,rolling_origin_supplement,宝马X2,6,24.0
1516.7112630208333,1660.4355362774177,22.268889327370292,22.796261468249,DEEPSEEK_CORE_ROLLING,rolling_origin_supplement,宝马X3,6,39920.0
757.6743977864584,970.5633698959091,15.557537365357604,15.086604011279162,DEEPSEEK_CORE_ROLLING,rolling_origin_supplement,宝马X5,6,30133.0
192.27293904622397,208.93853807552662,18.81353800486577,18.18183820768075,DEEPSEEK_CORE_ROLLING,rolling_origin_supplement,宝马i3,6,6345.0
272.58030192057294,279.0260315711189,104.71817389215694,93.88529342844073,DEEPSEEK_CORE_ROLLING,rolling_origin_supplement,宝马i5,6,1742.0
190.97144571940103,207.71393304179657,29.035532506928437,24.705232305226527,DEEPSEEK_CORE_ROLLING,rolling_origin_supplement,宝马iX1,6,4638.0
34.74416414896647,36.52236349912963,231.25436863714302,124.82933227173582,DEEPSEEK_CORE_ROLLING,rolling_origin_supplement,宝马iX3,6,167.0
30.318095525105793,32.73125523739935,2019.007762510385,252.65079604254828,DEEPSEEK_CORE_ROLLING,rolling_origin_supplement,宝骏KiWi EV,6,72.0
10622.06689453125,12581.692050840124,648.6366521304986,79.17461907074575,DEEPSEEK_CORE_ROLLING,rolling_origin_supplement,小米SU7,6,80496.0
0.51361816128095,0.5233852147214415,,,DEEPSEEK_CORE_ROLLING,rolling_origin_supplement,小虎FEV,6,0.0
0.005167683896919091,0.007342073314845367,,,DEEPSEEK_CORE_ROLLING,rolling_origin_supplement,小鹏G3,6,0.0
3353.8533528645835,3589.7644205342153,45.74602055222151,32.29413293938166,DEEPSEEK_CORE_ROLLING,rolling_origin_supplement,小鹏MONA M03,6,62312.0
0.0,0.0,,,DEEPSEEK_CORE_ROLLING,rolling_origin_supplement,小鹏P5,6,0.0
669.9336242675781,710.2420552359392,48.696568592989074,45.72925762918622,DEEPSEEK_CORE_ROLLING,rolling_origin_supplement,小鹏P7,6,8790.0
788.0376790364584,908.6245175188506,21.597376582027138,22.84608655884591,DEEPSEEK_CORE_ROLLING,rolling_origin_supplement,小鹏P7+,6,20696.0
408.2285563151042,616.2610639626645,16.290363267029626,18.383153241448703,DEEPSEEK_CORE_ROLLING,rolling_origin_supplement,小鹏X9,6,13324.0
1507.5603841145833,1798.0114166000874,29.281563926936506,28.3198569338995,DEEPSEEK_CORE_ROLLING,rolling_origin_supplement,岚图梦想家,6,31940.0
100.86126494407654,126.71121138700701,88.77299089929751,90.05470084292548,DEEPSEEK_CORE_ROLLING,rolling_origin_supplement,岚图追光L,6,672.0
2625.099609375,2913.7137622442187,20.7973783140359,19.67840786637931,DEEPSEEK_CORE_ROLLING,rolling_origin_supplement,帕萨特,6,80040.0
1125.2608439127605,1177.1994207839123,2040.9603374543603,192.9018589564732,DEEPSEEK_CORE_ROLLING,rolling_origin_supplement,帕萨特新能源,6,3500.0
552.9967041015625,566.6069312578235,309.7873447491014,285.54046683385326,DEEPSEEK_CORE_ROLLING,rolling_origin_supplement,广汽本田P7,6,1162.0
460.70801798502606,590.1971880688428,29.4776100401218,33.300182001086085,DEEPSEEK_CORE_ROLLING,rolling_origin_supplement,库斯途,6,8301.0
297.22519938151044,412.06675835711445,72.99348495447094,43.08652322515251,DEEPSEEK_CORE_ROLLING,rolling_origin_supplement,影豹,6,4139.0
60.92212931315104,63.67535690215654,62.088126077028036,42.80243277270565,DEEPSEEK_CORE_ROLLING,rolling_origin_supplement,微蓝6,6,854.0
520.4833577473959,610.0630409698551,31.628966288398175,26.09811253956523,DEEPSEEK_CORE_ROLLING,rolling_origin_supplement,思域,6,11966.0
757.9875081380209,936.7878369234205,61.41280103932342,41.59433920640319,DEEPSEEK_CORE_ROLLING,rolling_origin_supplement,悦意03,6,10934.0
452.6100260416667,459.9421497617772,301.3037296722253,273.7560641381049,DEEPSEEK_CORE_ROLLING,rolling_origin_supplement,悦意07,6,992.0
11.64950148264567,11.718192162847746,931.548261642456,1164.950148264567,DEEPSEEK_CORE_ROLLING,rolling_origin_supplement,护卫舰07,6,6.0
85.67018508911133,86.64631946115252,4688.512723586138,1903.7818908691406,DEEPSEEK_CORE_ROLLING,rolling_origin_supplement,捷豹XEL,6,27.0
554.5311279296875,587.8748965211323,631.5441225477286,174.83903140189832,DEEPSEEK_CORE_ROLLING,rolling_origin_supplement,捷豹XFL,6,1903.0
1024.5488688151042,1130.3757222212548,47.480209284207994,43.91237383306397,DEEPSEEK_CORE_ROLLING,rolling_origin_supplement,捷达VA3,6,13999.0
66.72194417317708,69.74467669305047,68.37580522872325,62.846415233761775,DEEPSEEK_CORE_ROLLING,rolling_origin_supplement,捷达VA7,6,637.0
2486.1188151041665,3115.4613770746505,21.917178728835033,20.303410813574434,DEEPSEEK_CORE_ROLLING,rolling_origin_supplement,探岳,6,73469.0
226.92712338765463,379.7790365843575,657.4038174458586,103.85680704240485,DEEPSEEK_CORE_ROLLING,rolling_origin_supplement,探岳X,6,1311.0
4.314210494359334,5.0823988288893505,134.75610140042428,117.66028620980002,DEEPSEEK_CORE_ROLLING,rolling_origin_supplement,探界者,6,22.0
74.92350260416667,90.8209003513959,11.055996670096652,10.493487759687207,DEEPSEEK_CORE_ROLLING,rolling_origin_supplement,探险者,6,4284.0
105.37120564778645,146.23311369656352,19.802561950542106,20.34193159223677,DEEPSEEK_CORE_ROLLING,rolling_origin_supplement,揽境,6,3108.0
545.2691446940104,667.5248463779615,29.658007507911016,33.98727267986767,DEEPSEEK_CORE_ROLLING,rolling_origin_supplement,揽巡,6,9626.0
0.019234924266735714,0.04174267032131427,,,DEEPSEEK_CORE_ROLLING,rolling_origin_supplement,摩卡,6,0.0
3127.781982421875,4041.7697528420304,29.965385610235657,33.19423357600688,DEEPSEEK_CORE_ROLLING,rolling_origin_supplement,新帝豪,6,56536.0
1380.2838948567708,1462.9896198038614,59.804839721524495,59.439484455182836,DEEPSEEK_CORE_ROLLING,rolling_origin_supplement,日产N6,6,13933.0
271.6127115885417,375.1478655102868,33.1561775233691,21.886600450325677,DEEPSEEK_CORE_ROLLING,rolling_origin_supplement,日产N7,6,7446.0
2009.7326193650563,2957.7195734522556,98.5174155583332,98.75027201859257,DEEPSEEK_CORE_ROLLING,rolling_origin_supplement,日产NX8,6,12211.0
2883.5254720052085,3220.5140310703296,33.46204092633588,33.860092437825365,DEEPSEEK_CORE_ROLLING,rolling_origin_supplement,昂科威,6,51096.0
12.374942620595297,14.102680994944281,74.19225933047827,57.1151197873629,DEEPSEEK_CORE_ROLLING,rolling_origin_supplement,昊铂GT,6,130.0
518.877187093099,631.7501189470412,175.88289794583082,64.8866845051812,DEEPSEEK_CORE_ROLLING,rolling_origin_supplement,星海S7,6,4798.0
718.9001668294271,786.6730885279729,133.1694175891792,77.48160590940475,DEEPSEEK_CORE_ROLLING,rolling_origin_supplement,星海T5,6,5567.0
160.08489990234375,185.2022347145971,45.73464687401888,38.69900884021203,DEEPSEEK_CORE_ROLLING,rolling_origin_supplement,星海V9,6,2482.0
3540.6961263020835,4865.974173462127,26.86664748944273,32.35630132021338,DEEPSEEK_CORE_ROLLING,rolling_origin_supplement,星瑞,6,65657.0
379.92864322662354,649.3459837085707,310.72417642834733,98.08828998966185,DEEPSEEK_CORE_ROLLING,rolling_origin_supplement,星瑞L,6,2324.0
4741.222249348958,6654.0848031730375,30.812323421146985,36.82312048061427,DEEPSEEK_CORE_ROLLING,rolling_origin_supplement,星越L,6,77254.0
822.9551067352295,1480.4220248946942,90.76307757796428,98.55749781260234,DEEPSEEK_CORE_ROLLING,rolling_origin_supplement,星越L 智擎,6,5010.0
252.0083262125651,273.5498538564768,688.8662936996709,185.75552300680474,DEEPSEEK_CORE_ROLLING,rolling_origin_supplement,星途ES,6,814.0
279.47890218098956,340.83002222216504,19.245391012819923,19.301029156145688,DEEPSEEK_CORE_ROLLING,rolling_origin_supplement,普拉多,6,8688.0
295.92169189453125,333.406087176153,40.116146383435215,31.25383121575757,DEEPSEEK_CORE_ROLLING,rolling_origin_supplement,智己L6,6,5681.0
6.603219827016194,9.256243733108663,216.36152455473012,59.13331188372711,DEEPSEEK_CORE_ROLLING,rolling_origin_supplement,智己L7,6,67.0
23.01618258158366,25.38479483841119,83.34409291697425,61.92694865000088,DEEPSEEK_CORE_ROLLING,rolling_origin_supplement,智跑,6,223.0
480.1703745524089,484.8667815845617,560.1809535121154,567.1303636445774,DEEPSEEK_CORE_ROLLING,rolling_origin_supplement,曹操60,6,508.0
2416.6002604166665,3175.1558673393424,12.478503814879403,14.432490481759816,DEEPSEEK_CORE_ROLLING,rolling_origin_supplement,朗逸,6,100465.0
2008.267578125,3065.32229825424,15.589612352738206,17.440700355700617,DEEPSEEK_CORE_ROLLING,rolling_origin_supplement,本田CR-V,6,69089.0
1291.7225240071614,1326.4362929298632,63.06994473875108,63.7625268946357,DEEPSEEK_CORE_ROLLING,rolling_origin_supplement,本田HR-V,6,12155.0
68.74426015218098,73.96254292199475,45.64199869849484,41.663187971018786,DEEPSEEK_CORE_ROLLING,rolling_origin_supplement,本田UR-V,6,990.0
175.42973836263022,215.25935456292606,103.9816898570668,58.057276898829635,DEEPSEEK_CORE_ROLLING,rolling_origin_supplement,本田XR-V,6,1813.0
727.1689046223959,752.2875690438779,32.16838913541818,29.082878467766797,DEEPSEEK_CORE_ROLLING,rolling_origin_supplement,极氪001,6,15002.0
722.2940673828125,1066.0540172478636,50.35366751849375,61.15953153114416,DEEPSEEK_CORE_ROLLING,rolling_origin_supplement,极氪009,6,7086.0
2824.0891621907554,3344.1075360244845,2692.514059410969,78.96973003283092,DEEPSEEK_CORE_ROLLING,rolling_origin_supplement,极狐 阿尔法S5,6,21457.0
148.71044413248697,154.45158861547927,277.6372889275977,116.78830691033009,DEEPSEEK_CORE_ROLLING,rolling_origin_supplement,极狐考拉,6,764.0
214.13066609700522,242.4376448905441,23.281722649229856,23.432135629801774,DEEPSEEK_CORE_ROLLING,rolling_origin_supplement,林肯Z,6,5483.0
133.8610076904297,161.62471725059694,771.2926125163501,58.625258842523955,DEEPSEEK_CORE_ROLLING,rolling_origin_supplement,枫叶60s,6,1370.0
50.25675837198893,59.79525854712718,2376.3030721702185,116.87618226043939,DEEPSEEK_CORE_ROLLING,rolling_origin_supplement,标致4008,6,258.0
415.0126037597656,542.8060859599728,48.05822782965201,55.84381301992809,DEEPSEEK_CORE_ROLLING,rolling_origin_supplement,标致408,6,4459.0
55.16236368815104,61.352796198616915,230.7262892974992,200.59041341145831,DEEPSEEK_CORE_ROLLING,rolling_origin_supplement,标致408X,6,165.0
49.52775573730469,62.467869378133166,35.332804264178996,36.506945260912545,DEEPSEEK_CORE_ROLLING,rolling_origin_supplement,标致5008,6,814.0
56.14460881551107,75.55971656666314,41.237408522086675,46.852246577617024,DEEPSEEK_CORE_ROLLING,rolling_origin_supplement,标致508,6,719.0
1942.8036295572917,2117.1367998867454,89.97207627986211,64.5199633439074,DEEPSEEK_CORE_ROLLING,rolling_origin_supplement,格瑞维亚,6,18067.0
725.1618041992188,797.6999845076983,159.94003368684682,91.4645958628403,DEEPSEEK_CORE_ROLLING,rolling_origin_supplement,欧拉好猫,6,4757.0
10.426448186238607,10.681261649063403,,,DEEPSEEK_CORE_ROLLING,rolling_origin_supplement,欧拉闪电猫,6,0.0
72.84077962239583,84.33399046319066,15.344020312873493,13.927491323593848,DEEPSEEK_CORE_ROLLING,rolling_origin_supplement,欧诺S,6,3138.0
37.517062187194824,39.73286957599414,505.77990339365766,441.37720220229204,DEEPSEEK_CORE_ROLLING,rolling_origin_supplement,比亚迪M9,6,51.0
1064.4525960286458,1471.9452016717414,139.81086576012746,54.36890760340406,DEEPSEEK_CORE_ROLLING,rolling_origin_supplement,比亚迪e7,6,11747.0
26.032809098561604,32.880366116334194,97.26862569394655,98.23701546627021,DEEPSEEK_CORE_ROLLING,rolling_origin_supplement,比亚迪e9,6,159.0
2177.6654459635415,2423.265801598839,87.49233415756318,75.61775956815355,DEEPSEEK_CORE_ROLLING,rolling_origin_supplement,汉,6,17279.0
0.0013868072419427335,0.0028747673038819212,,,DEEPSEEK_CORE_ROLLING,rolling_origin_supplement,江淮A5 PLUS,6,0.0
2.6663773792485395,4.114439435702942,68.26603171891637,84.2013909236381,DEEPSEEK_CORE_ROLLING,rolling_origin_supplement,江淮QX PHEV,6,19.0
0.01818742509931326,0.026799486076693805,,,DEEPSEEK_CORE_ROLLING,rolling_origin_supplement,沃兰多,6,0.0
0.16042168562610945,0.32910023690545614,,,DEEPSEEK_CORE_ROLLING,rolling_origin_supplement,沃尔沃C40,6,0.0
44.49364916483561,44.95288888377941,276.05278783062704,230.13956464570145,DEEPSEEK_CORE_ROLLING,rolling_origin_supplement,沃尔沃EM90,6,116.0
7.251481691996257,9.913554129652448,65.91145656343052,87.01778030395508,DEEPSEEK_CORE_ROLLING,rolling_origin_supplement,沃尔沃ES90,6,50.0
717.9435424804688,756.466401653738,32.21955565883071,32.72055643663359,DEEPSEEK_CORE_ROLLING,rolling_origin_supplement,沃尔沃S60,6,13165.0
761.1201171875,829.5646714625594,146.46403007786125,79.13222497184196,DEEPSEEK_CORE_ROLLING,rolling_origin_supplement,沃尔沃S90,6,5771.0
177.00599416097006,181.19059048906553,1316.1881206378505,747.9126513843805,DEEPSEEK_CORE_ROLLING,rolling_origin_supplement,沃尔沃S90新能源,6,142.0
2750.7896321614585,3003.3687055791574,86.43701305554595,58.97919451461103,DEEPSEEK_CORE_ROLLING,rolling_origin_supplement,海狮05EV,6,27984.0
5896.991943359375,6135.758453136135,83.46278156344317,55.92216162502963,DEEPSEEK_CORE_ROLLING,rolling_origin_supplement,海狮06EV,6,63270.0
397.1684977213542,401.281840559214,258.1744444820664,243.91105284832398,DEEPSEEK_CORE_ROLLING,rolling_origin_supplement,海狮07EV,6,977.0
4503.706868489583,4777.824190513691,50.2369074307464,39.09863731995066,DEEPSEEK_CORE_ROLLING,rolling_origin_supplement,海豚,6,69113.0
152.80349731445312,155.07792143637525,239.38311605461416,212.7194858205844,DEEPSEEK_CORE_ROLLING,rolling_origin_supplement,海豹,6,431.0
3043.968017578125,3181.204239024517,62.61880339735663,57.86828080690963,DEEPSEEK_CORE_ROLLING,rolling_origin_supplement,海豹06DM-i,6,31561.0
2062.6381022135415,2510.4273242541526,75.26901054147783,51.91638817552332,DEEPSEEK_CORE_ROLLING,rolling_origin_supplement,海豹06EV,6,23838.0
1349.5818990071614,1727.9056263154619,63.33252416661925,63.60451962958895,DEEPSEEK_CORE_ROLLING,rolling_origin_supplement,海豹06GT,6,12731.0
190.76522318522134,225.33162562138963,50.05908686686714,38.577395992966906,DEEPSEEK_CORE_ROLLING,rolling_origin_supplement,海豹07DM-i,6,2967.0
292.91546090443927,409.9612350495996,92.85348094833111,93.8330360612192,DEEPSEEK_CORE_ROLLING,rolling_origin_supplement,海豹07EV,6,1873.0
71.06273523966472,72.87996231736896,,,DEEPSEEK_CORE_ROLLING,rolling_origin_supplement,海马8S,6,0.0
14.672679980595907,16.062498817920062,,,DEEPSEEK_CORE_ROLLING,rolling_origin_supplement,海马INJOY,6,0.0
4277.8232421875,5186.627836092185,63.94147265794415,46.57824054645676,DEEPSEEK_CORE_ROLLING,rolling_origin_supplement,海鸥,6,55105.0
2799.2991739908853,3462.1042262171277,51.25424617247734,59.12971323339311,DEEPSEEK_CORE_ROLLING,rolling_origin_supplement,深蓝L06,6,28405.0
515.9923540751139,631.7432093862635,65.77941698121317,70.53894109024114,DEEPSEEK_CORE_ROLLING,rolling_origin_supplement,深蓝L07,6,4389.0
192.60220845540366,218.61761814592646,1200.2716385742422,73.37226988777282,DEEPSEEK_CORE_ROLLING,rolling_origin_supplement,深蓝SL03,6,1575.0
183.55308532714844,184.5381222190476,604.7235212958664,514.634818674248,DEEPSEEK_CORE_ROLLING,rolling_origin_supplement,灵悉L,6,214.0
3.4838116566340127,3.880827725947049,203.10863653818765,209.02869939804077,DEEPSEEK_CORE_ROLLING,rolling_origin_supplement,焕驰,6,10.0
189.7593510945638,196.64333905930735,7516.305037208529,1929.7561128260725,DEEPSEEK_CORE_ROLLING,rolling_origin_supplement,爱跑,6,59.0
318.5093688964844,336.56903736010617,49.544737179308136,37.10068362218804,DEEPSEEK_CORE_ROLLING,rolling_origin_supplement,狮铂拓界,6,5151.0
49.45719941457113,57.09378014553599,,,DEEPSEEK_CORE_ROLLING,rolling_origin_supplement,猛士917,6,0.0
244.43794759114584,268.1615827822313,58.307994277628495,51.58732625912329,DEEPSEEK_CORE_ROLLING,rolling_origin_supplement,理想MEGA,6,2843.0
161.96749877929688,208.8272283958551,25.179540808952083,21.45738557464741,DEEPSEEK_CORE_ROLLING,rolling_origin_supplement,瑞虎3x,6,4529.0
494.3215738932292,675.1413658964473,17.842564938087175,18.777647631271762,DEEPSEEK_CORE_ROLLING,rolling_origin_supplement,瑞虎5x,6,15795.0
544.5456746419271,629.9208344063559,24.56663796478058,24.446494933419846,DEEPSEEK_CORE_ROLLING,rolling_origin_supplement,瑞虎7,6,13365.0
3259.63818359375,3407.7893325362147,37.843475007392904,31.894698469606166,DEEPSEEK_CORE_ROLLING,rolling_origin_supplement,瑞虎8,6,61320.0
799.2801106770834,975.9585836053,17.895931327340957,19.76052026891302,DEEPSEEK_CORE_ROLLING,rolling_origin_supplement,瑞虎9,6,24269.0
82.96379979451497,108.12483354752236,43.20335384048789,51.53031043137576,DEEPSEEK_CORE_ROLLING,rolling_origin_supplement,瑞风E3,6,966.0
140.47608439127603,160.33945927128642,46.64468355326544,38.43394921785938,DEEPSEEK_CORE_ROLLING,rolling_origin_supplement,瑞风M3,6,2193.0
30.323109944661457,34.1567457938006,546.3016683532882,174.94101891150842,DEEPSEEK_CORE_ROLLING,rolling_origin_supplement,瑞风RF8,6,104.0
91.3035437266032,115.35626241782015,366.03834311011593,78.37214053785682,DEEPSEEK_CORE_ROLLING,rolling_origin_supplement,瑞风RF8新能源,6,699.0
206.85396321614584,210.00494444087943,,,DEEPSEEK_CORE_ROLLING,rolling_origin_supplement,电动MINI ACEMAN,6,0.0
314.1464207967122,316.47409050718414,,,DEEPSEEK_CORE_ROLLING,rolling_origin_supplement,电动MINI COOPER,6,0.0
1336.9278157552083,1622.0208223064483,55.22995988603173,38.22159858260471,DEEPSEEK_CORE_ROLLING,rolling_origin_supplement,皇冠陆放,6,20987.0
3994.2886555989585,4369.398696675337,100.55185909178937,79.35935605017964,DEEPSEEK_CORE_ROLLING,rolling_origin_supplement,皓影,6,30199.0
27.565608978271484,33.22541810835144,65.10001363505881,40.93902323505666,DEEPSEEK_CORE_ROLLING,rolling_origin_supplement,皓影新能源,6,404.0
37.6535218556722,39.13599758896138,261.1663305596154,128.36427905342796,DEEPSEEK_CORE_ROLLING,rolling_origin_supplement,睿蓝8,6,176.0
455.0365727742513,570.4987909455574,59.30706883900868,72.74765352106336,DEEPSEEK_CORE_ROLLING,rolling_origin_supplement,福瑞迪,6,3753.0
4850.110677083333,5311.526527531407,66.94457447889467,54.18714446316848,DEEPSEEK_CORE_ROLLING,rolling_origin_supplement,秦L,6,53704.0
5216.253092447917,8087.6238376166075,74.46972577713434,45.77735312010926,DEEPSEEK_CORE_ROLLING,rolling_origin_supplement,秦PLUS,6,68369.0
680.3081766764323,690.430637705899,1429.2748097744052,1015.3853383230332,DEEPSEEK_CORE_ROLLING,rolling_origin_supplement,秦新能源,6,402.0
228.03050740559897,257.9078906490589,27.847662679478542,26.12532068805793,DEEPSEEK_CORE_ROLLING,rolling_origin_supplement,索纳塔,6,5237.0
15.41408888498942,15.510247067691116,,,DEEPSEEK_CORE_ROLLING,rolling_origin_supplement,红旗E-HS9,6,0.0
1543.0198567708333,1590.3433267884495,62.828630337474955,56.36602216514459,DEEPSEEK_CORE_ROLLING,rolling_origin_supplement,红旗E-QM5,6,16425.0
144.8098576863607,158.3808409549957,310.1780245057551,122.54712921271707,DEEPSEEK_CORE_ROLLING,rolling_origin_supplement,红旗EH7,6,709.0
3334.20166015625,3472.386870377373,41.30818025508724,37.12712722182785,DEEPSEEK_CORE_ROLLING,rolling_origin_supplement,红旗H5,6,53883.0
301.2231953938802,376.9831495886165,57.71081665672965,37.15746653707404,DEEPSEEK_CORE_ROLLING,rolling_origin_supplement,红旗H5 PHEV,6,4864.0
100.32986450195312,132.93924216484638,12.034491622380173,10.380741283181907,DEEPSEEK_CORE_ROLLING,rolling_origin_supplement,红旗H6,6,5799.0
140.16222635904947,148.17153904996388,32.46491527632405,31.663153544966,DEEPSEEK_CORE_ROLLING,rolling_origin_supplement,红旗H9,6,2656.0
67.98379262288411,72.95732550550797,263.45594621934225,212.44935194651285,DEEPSEEK_CORE_ROLLING,rolling_origin_supplement,红旗HQ9,6,192.0
139.16604614257812,172.86937193353552,26.421631174917287,21.069802595394112,DEEPSEEK_CORE_ROLLING,rolling_origin_supplement,红旗HS3,6,3963.0
971.2727661132812,1029.6740729235494,85.81735442714998,74.97281096976313,DEEPSEEK_CORE_ROLLING,rolling_origin_supplement,红旗HS3 PHEV,6,7773.0
438.9657796223958,530.133210540305,10.569556075195905,11.135610847853776,DEEPSEEK_CORE_ROLLING,rolling_origin_supplement,红旗HS5,6,23652.0
530.421396891276,533.0681149275792,919.4709174200373,685.8897373594087,DEEPSEEK_CORE_ROLLING,rolling_origin_supplement,红旗HS7 PHEV,6,464.0
3.0332239338507256,3.8248242196016786,66.78932372998032,69.9974753965552,DEEPSEEK_CORE_ROLLING,rolling_origin_supplement,红旗国耀,6,26.0
104.04603576660156,119.28222664378686,91.61781657073719,33.70821893086443,DEEPSEEK_CORE_ROLLING,rolling_origin_supplement,红旗天工05,6,1852.0
98.7475191752116,103.50064673525463,179.5237405679635,127.96654752727204,DEEPSEEK_CORE_ROLLING,rolling_origin_supplement,红旗天工06,6,463.0
149.13927459716797,164.06828936183072,431.952554288696,194.5294886050017,DEEPSEEK_CORE_ROLLING,rolling_origin_supplement,红旗天工08,6,460.0
986.73974609375,1472.4401777068776,33.82138209410363,44.054159361280604,DEEPSEEK_CORE_ROLLING,rolling_origin_supplement,纳米01,6,13439.0
137.6308390299479,213.3193681587067,20.404258879773487,26.854797859502032,DEEPSEEK_CORE_ROLLING,rolling_origin_supplement,缤智,6,3075.0
464.7801793416341,708.9516113438615,41.13246484870373,63.770433936652296,DEEPSEEK_CORE_ROLLING,rolling_origin_supplement,缤瑞,6,4373.0
2867.94140625,3428.1084343713105,24.03402371169678,25.93114488991697,DEEPSEEK_CORE_ROLLING,rolling_origin_supplement,缤越,6,66359.0
54.983415291955076,94.9390822807215,99.90906920351566,100.27370569961411,DEEPSEEK_CORE_ROLLING,rolling_origin_supplement,羿驰05,6,329.0
52.50647226969401,59.55323284294381,44.27441785526467,33.73006783920386,DEEPSEEK_CORE_ROLLING,rolling_origin_supplement,胜达,6,934.0
1591.4832356770833,1890.61404510469,34.90931214514326,33.83015451733331,DEEPSEEK_CORE_ROLLING,rolling_origin_supplement,腾势D9,6,28226.0
46.03531392415365,65.43924816422722,13.55270856828784,15.883374556924776,DEEPSEEK_CORE_ROLLING,rolling_origin_supplement,艾力绅,6,1739.0
277.63062540690106,366.8664684615823,17.132404940037212,19.778956927587345,DEEPSEEK_CORE_ROLLING,rolling_origin_supplement,艾瑞泽5,6,8422.0
3006.7703450520835,3297.835621917344,44.912777825892356,35.801988629316334,DEEPSEEK_CORE_ROLLING,rolling_origin_supplement,艾瑞泽8,6,50390.0
905.6976318359375,1017.6268610248799,40.559003959343485,33.798891597310764,DEEPSEEK_CORE_ROLLING,rolling_origin_supplement,英仕派,6,16078.0
114.88115946451823,117.36510152026611,1021.1485099035597,906.9565220883018,DEEPSEEK_CORE_ROLLING,rolling_origin_supplement,荣威D5X DMH,6,76.0
415.20330810546875,606.4172493249865,165.00526935919552,30.75959808164974,DEEPSEEK_CORE_ROLLING,rolling_origin_supplement,荣威D6,6,8099.0
234.05245971679688,262.01255946970633,42.75240591334429,38.0573105230564,DEEPSEEK_CORE_ROLLING,rolling_origin_supplement,荣威D7,6,3690.0
0.0,0.0,,,DEEPSEEK_CORE_ROLLING,rolling_origin_supplement,荣威RX3,6,0.0
2028.7975260416667,2250.8728498641476,220.97928294623253,48.26831022740791,DEEPSEEK_CORE_ROLLING,rolling_origin_supplement,荣威i5,6,25219.0
95.0568733215332,99.7759711765249,769.0709940592449,1839.8104513845137,DEEPSEEK_CORE_ROLLING,rolling_origin_supplement,荣威i6 MAX新能源,6,31.0
61.44351005554199,62.262278500498,765.8030934036871,594.6146134407289,DEEPSEEK_CORE_ROLLING,rolling_origin_supplement,荣威iMAX8,6,62.0
47.42166264851888,59.14083632555927,209.79465885550673,95.47985768158163,DEEPSEEK_CORE_ROLLING,rolling_origin_supplement,荣威iMAX8新能源,6,298.0
517.6607615152994,553.1661051577671,54.96205176778479,56.77142330637538,DEEPSEEK_CORE_ROLLING,rolling_origin_supplement,菱智,6,5471.0
457.78847249348956,517.6398539548949,23.910528492210734,21.641434249613436,DEEPSEEK_CORE_ROLLING,rolling_origin_supplement,蒙迪欧,6,12692.0
131.16829427083334,163.45808215615764,24.258492640963173,19.635972196232533,DEEPSEEK_CORE_ROLLING,rolling_origin_supplement,蔚来ET5,6,4008.0
394.1713053385417,625.6764394201323,26.18783841199443,19.57642440221215,DEEPSEEK_CORE_ROLLING,rolling_origin_supplement,蔚来ET5T,6,12081.0
49.631526947021484,54.55284506266099,365.5706755263566,310.1970434188843,DEEPSEEK_CORE_ROLLING,rolling_origin_supplement,蔚来ET7,6,96.0
46.52741883819302,80.60960511263013,99.93551283009302,100.41888957883384,DEEPSEEK_CORE_ROLLING,rolling_origin_supplement,蔚来ET9,6,278.0
331.2920430501302,721.9817011005193,16.595801995950346,31.768455462694284,DEEPSEEK_CORE_ROLLING,rolling_origin_supplement,豪越L,6,6257.0
467.07403564453125,518.6902035798976,41.971726967702814,31.929408839776546,DEEPSEEK_CORE_ROLLING,rolling_origin_supplement,赛图斯,6,8777.0
2410.225870768229,2641.3677608678054,33.35331734083828,34.41950547330567,DEEPSEEK_CORE_ROLLING,rolling_origin_supplement,赛那SIENNA,6,42015.0
116.66985448201497,118.19588535233706,548.823502931287,289.26410202152476,DEEPSEEK_CORE_ROLLING,rolling_origin_supplement,起亚EV5,6,242.0
558.7737426757812,619.8430087837868,54.50889674614658,58.44913626315703,DEEPSEEK_CORE_ROLLING,rolling_origin_supplement,起亚K3,6,5736.0
149.9398422241211,162.99133890226105,1669.669472242064,454.3631582549124,DEEPSEEK_CORE_ROLLING,rolling_origin_supplement,起亚K5凯酷,6,198.0
0.0,0.0,,,DEEPSEEK_CORE_ROLLING,rolling_origin_supplement,起亚KX3傲跑,6,0.0
47.17611503601074,56.591713326844115,44.26072163583365,38.51111431511081,DEEPSEEK_CORE_ROLLING,rolling_origin_supplement,轩度EV,6,735.0
5868.393717447917,6617.364844540573,41.71484923010529,37.01327913116663,DEEPSEEK_CORE_ROLLING,rolling_origin_supplement,轩逸,6,95129.0
1450.4866536458333,2201.7067183267995,11.843165226272747,11.33546931576925,DEEPSEEK_CORE_ROLLING,rolling_origin_supplement,迈腾,6,76776.0
20.164174536863964,47.80421345014912,99.22268956394518,102.5297010349015,DEEPSEEK_CORE_ROLLING,rolling_origin_supplement,迈腾PHEV,6,118.0
395.73109436035156,752.6407067732291,1307.787833513281,104.96846004253358,DEEPSEEK_CORE_ROLLING,rolling_origin_supplement,迈锐宝XL,6,2262.0
903.9427897135416,1180.5646601684662,26.6941230427805,19.738178682150263,DEEPSEEK_CORE_ROLLING,rolling_origin_supplement,逍客,6,27478.0
80.38133557637532,164.92682821740374,239.58900401917393,94.75206551242671,DEEPSEEK_CORE_ROLLING,rolling_origin_supplement,途安,6,509.0
2705.8837890625,2779.881681038594,35.036774598886716,31.945422719245602,DEEPSEEK_CORE_ROLLING,rolling_origin_supplement,途岳,6,50822.0
275.5850016276042,361.53268198272315,18.606023395085938,14.330993324368391,DEEPSEEK_CORE_ROLLING,rolling_origin_supplement,途昂,6,11538.0
258.92462158203125,331.64889986026975,16.167428212647902,15.268282353731571,DEEPSEEK_CORE_ROLLING,rolling_origin_supplement,途胜L,6,10175.0
1882.45751953125,2630.915179945361,12.576999691755047,13.640008111957465,DEEPSEEK_CORE_ROLLING,rolling_origin_supplement,途观L,6,82806.0
173.72919718424478,190.91371350433772,7975.944559920562,206.003000613729,DEEPSEEK_CORE_ROLLING,rolling_origin_supplement,途观L新能源,6,506.0
4370.375651041667,4945.357880069513,36.50972694942505,30.998869745303875,DEEPSEEK_CORE_ROLLING,rolling_origin_supplement,速腾,6,84591.0
2031.5174153645833,2367.584079799904,24.364592823338114,20.78845804855118,DEEPSEEK_CORE_ROLLING,rolling_origin_supplement,逸动,6,58634.0
128.01819864908853,150.02025076168627,6329.403921573017,393.90214968950323,DEEPSEEK_CORE_ROLLING,rolling_origin_supplement,钇为3,6,195.0
1787.4976399739583,2099.530937442121,28.826443343131224,25.832135073567493,DEEPSEEK_CORE_ROLLING,rolling_origin_supplement,铂智3X,6,41518.0
36.36616961161295,40.61735388646221,1100.9423234616386,65.52462993083415,DEEPSEEK_CORE_ROLLING,rolling_origin_supplement,铂智4X,6,333.0
1716.5108548800151,2429.4124679028014,99.17465284160185,99.49826228654324,DEEPSEEK_CORE_ROLLING,rolling_origin_supplement,铂智7,6,10351.0
121.22243754069011,130.78921206171316,72.76986996533927,56.95650941614257,DEEPSEEK_CORE_ROLLING,rolling_origin_supplement,银河E8,6,1277.0
245.426389058431,385.64119064659275,41.16776591932882,57.031693816831364,DEEPSEEK_CORE_ROLLING,rolling_origin_supplement,银河V900,6,2582.0
2066.9984130859375,2301.1042917374634,123.97525874167235,81.42597648555989,DEEPSEEK_CORE_ROLLING,rolling_origin_supplement,银河星耀6,6,15231.0
1282.9021542072296,2461.754109673494,96.7862024455664,98.72275138185684,DEEPSEEK_CORE_ROLLING,rolling_origin_supplement,银河星耀7,6,7797.0
1902.6917317708333,2628.9346419559365,12.410493515007715,14.519746124801273,DEEPSEEK_CORE_ROLLING,rolling_origin_supplement,锋兰达,6,78625.0
246.75337727864584,301.2283660129083,13.107697425125101,13.968490080874375,DEEPSEEK_CORE_ROLLING,rolling_origin_supplement,锐界L,6,10599.0
46.077414194742836,46.6791984177392,1988.1691841852098,1316.497548421224,DEEPSEEK_CORE_ROLLING,rolling_origin_supplement,锐程PLUS,6,21.0
53.66920725504557,62.722236893929,28.91455536854643,26.286958655532526,DEEPSEEK_CORE_ROLLING,rolling_origin_supplement,锐际,6,1225.0
3819.5762532552085,4184.4281912917795,30.017246668725576,31.410127901553203,DEEPSEEK_CORE_ROLLING,rolling_origin_supplement,长安CS75 PLUS,6,72962.0
4310.030843098958,4433.218092609172,272.9403166436396,218.67229036524395,DEEPSEEK_CORE_ROLLING,rolling_origin_supplement,长安Lumin,6,11826.0
66.59409205118816,69.45802506490391,1008.9716102861527,240.701537534415,DEEPSEEK_CORE_ROLLING,rolling_origin_supplement,长安UNI-K,6,166.0
1.4070767507267494,1.8936655663433692,116.4601458935067,120.6065786337214,DEEPSEEK_CORE_ROLLING,rolling_origin_supplement,长安UNI-K 智电iDD,6,7.0
48.68071301778158,60.4801110254148,1446.7281129288467,286.3571353987152,DEEPSEEK_CORE_ROLLING,rolling_origin_supplement,长安UNI-T,6,102.0
896.6954345703125,1001.0596410621017,59.03212958989127,42.65577267439844,DEEPSEEK_CORE_ROLLING,rolling_origin_supplement,长安UNI-V,6,12613.0
1956.9612630208333,2688.6973120122557,62.102596050530124,59.277905786172255,DEEPSEEK_CORE_ROLLING,rolling_origin_supplement,长安UNI-Z新能源,6,19808.0
3350.23486328125,3478.5196526928016,39.55158867361453,39.9980284536921,DEEPSEEK_CORE_ROLLING,rolling_origin_supplement,长安X5 PLUS,6,50256.0
663.5856119791666,815.2620743962027,60.849310864601115,42.788970143739924,DEEPSEEK_CORE_ROLLING,rolling_origin_supplement,长安启源A07,6,9305.0
2022.7848307291667,2038.739318023605,,,DEEPSEEK_CORE_ROLLING,rolling_origin_supplement,长安启源Q05经典,6,0.0
1115.790506998698,1144.9033915578732,387.25203400842355,250.9274003745198,DEEPSEEK_CORE_ROLLING,rolling_origin_supplement,长安欧尚520,6,2668.0
6226.962076822917,6846.03799810649,142.74856147662493,92.47734576108884,DEEPSEEK_CORE_ROLLING,rolling_origin_supplement,雅阁,6,40401.0
2113.090128580729,2839.3319816902,81.44775151747834,59.0633595988278,DEEPSEEK_CORE_ROLLING,rolling_origin_supplement,零跑B01,6,21466.0
1685.4419352213542,1933.2639751387128,76.2459155886139,50.45226307786931,DEEPSEEK_CORE_ROLLING,rolling_origin_supplement,零跑Lafa5,6,20044.0
721.2641296386719,785.8276880097422,17385.191179844016,114.69877492266185,DEEPSEEK_CORE_ROLLING,rolling_origin_supplement,零跑T03,6,3773.0
440.69739786783856,520.070763258352,214.8538553107138,100.69247476035915,DEEPSEEK_CORE_ROLLING,rolling_origin_supplement,雷凌,6,2626.0
1604.5485432942708,1734.9387513750792,40.5846889301907,41.56861511125054,DEEPSEEK_CORE_ROLLING,rolling_origin_supplement,领克03,6,23160.0
521.0177408854166,744.8792713567092,22.687349989655207,25.67643897587269,DEEPSEEK_CORE_ROLLING,rolling_origin_supplement,领克07,6,12175.0
610.4884847005209,962.4672605499193,17.269923778800266,20.323647052117433,DEEPSEEK_CORE_ROLLING,rolling_origin_supplement,领克10,6,18023.0
2641.694620768229,2805.8059049105427,122.40846179444745,118.69228489298618,DEEPSEEK_CORE_ROLLING,rolling_origin_supplement,风云A9L,6,13354.0
4.663115819295247,5.216075344434986,51.01692075910563,48.23912916512325,DEEPSEEK_CORE_ROLLING,rolling_origin_supplement,风光330,6,58.0
42.71996561686198,45.17533176875113,100.83765661332285,94.58294970522947,DEEPSEEK_CORE_ROLLING,rolling_origin_supplement,风光380,6,271.0
19.31208674112956,19.669320922901658,1088.220441000802,579.3626022338867,DEEPSEEK_CORE_ROLLING,rolling_origin_supplement,风光E380,6,20.0
102.158935546875,107.00799253799498,59.58944372472025,63.71659181717776,DEEPSEEK_CORE_ROLLING,rolling_origin_supplement,飞凡F7,6,962.0
224.62751261393228,263.87208445491154,48.209317416311734,37.61554774444861,DEEPSEEK_CORE_ROLLING,rolling_origin_supplement,马自达3 昂克赛拉,6,3583.0
376.26629638671875,392.56163795359447,30.474520829871114,27.535038154900747,DEEPSEEK_CORE_ROLLING,rolling_origin_supplement,马自达EZ-6,6,8199.0
5189.921549479167,5403.78996232809,15631.349614885352,709.6519894456472,DEEPSEEK_CORE_ROLLING,rolling_origin_supplement,驱逐舰05,6,4388.0
32.34292856852213,37.432091398212634,61.75692922940564,39.20354978002683,DEEPSEEK_CORE_ROLLING,rolling_origin_supplement,骐达,6,495.0
483.0408935546875,525.7185912625451,46.0514368827039,38.653579105469795,DEEPSEEK_CORE_ROLLING,rolling_origin_supplement,高尔夫,6,7498.0
41.61267598470052,51.15141720802936,26.527777080461913,25.425260275784435,DEEPSEEK_CORE_ROLLING,rolling_origin_supplement,高尔夫GTI,6,982.0
1047.6446126302083,1155.0629660368224,18.464025773127744,18.365231179423407,DEEPSEEK_CORE_ROLLING,rolling_origin_supplement,魏牌 高山,6,34227.0
1674.8617757161458,1787.6450308177061,50.39466833145608,41.359717884088056,DEEPSEEK_RICH_FIXED,fixed_origin_primary,AION RT,6,24297.0
1179.3773193359375,1279.1343521052695,127.36522327714272,53.5148144597718,DEEPSEEK_RICH_FIXED,fixed_origin_primary,AION S,6,13223.0
1016.2252197265625,1117.8202404511087,66.82972294922466,51.78217680135351,DEEPSEEK_RICH_FIXED,fixed_origin_primary,AION UT,6,11775.0
220.6888173421224,230.91465500103558,320.28949455704407,271.89587352212203,DEEPSEEK_RICH_FIXED,fixed_origin_primary,EO 羿欧,6,487.0
0.4915832628806432,0.5131540035734544,,,DEEPSEEK_RICH_FIXED,fixed_origin_primary,EVOS,6,0.0
873.5708618164062,891.564068495856,222.08003066143132,153.9331915094989,DEEPSEEK_RICH_FIXED,fixed_origin_primary,ID.4 CROZZ,6,3405.0
51.39387766520182,56.72742260514104,138.14875930275903,54.86890853936137,DEEPSEEK_RICH_FIXED,fixed_origin_primary,ID.4 X,6,562.0
32.08447456359863,32.85258832281417,3622.332763671875,19250.68473815918,DEEPSEEK_RICH_FIXED,fixed_origin_primary,ID.6 CROZZ,6,1.0
32.56331125895182,34.534978478734715,420.65905130695745,267.64365418316567,DEEPSEEK_RICH_FIXED,fixed_origin_primary,IQ傲歌,6,73.0
144.99484252929688,199.68150692737535,270.6995226037137,114.92325695849158,DEEPSEEK_RICH_FIXED,fixed_origin_primary,IQ锐歌,6,757.0
4291.183512369792,4691.352023130899,42.26690180953279,36.39011925178968,DEEPSEEK_RICH_FIXED,fixed_origin_primary,MG4,6,70753.0
35.17601203918457,39.00091271059451,433.31604405054975,185.13690546939247,DEEPSEEK_RICH_FIXED,fixed_origin_primary,MG6,6,114.0
227.67611694335938,317.33708700593644,23.43897116289121,30.73243423307438,DEEPSEEK_RICH_FIXED,fixed_origin_primary,MG7,6,4445.0
0.5283164282639822,0.5478111303505102,,,DEEPSEEK_RICH_FIXED,fixed_origin_primary,Model 3,6,0.0
0.3507298951347669,0.3648664641055341,,,DEEPSEEK_RICH_FIXED,fixed_origin_primary,Model Y,6,0.0
61.23145039876302,80.91811888174362,23.280590382307953,27.458049506171754,DEEPSEEK_RICH_FIXED,fixed_origin_primary,PATHFINDER探陆,6,1338.0
71.51339403788249,72.57364804886174,,,DEEPSEEK_RICH_FIXED,fixed_origin_primary,Polestar 4,6,0.0
427.30223592122394,586.7637054705132,65.11376367586149,51.804676005806094,DEEPSEEK_RICH_FIXED,fixed_origin_primary,QQ冰淇淋,6,4949.0
2119.9791666666665,2673.9722071214733,17.304675070516307,18.468326218892468,DEEPSEEK_RICH_FIXED,fixed_origin_primary,RAV4荣放,6,68874.0
849.8238932291666,1177.520780394068,30.915543851490966,37.10751298577251,DEEPSEEK_RICH_FIXED,fixed_origin_primary,T-ROC探歌,6,13741.0
284.51488240559894,375.6756388868017,28.33909310493874,27.985070400550715,DEEPSEEK_RICH_FIXED,fixed_origin_primary,eπ007,6,6100.0
381.9493662516276,462.6457842261792,53.054978432717945,60.37134345389267,DEEPSEEK_RICH_FIXED,fixed_origin_primary,e爱丽舍,6,3796.0
1888.7708740234375,2073.399394372352,39.21946824156685,39.1441582126373,DEEPSEEK_RICH_FIXED,fixed_origin_primary,firefly萤火虫,6,28951.0
77.17061996459961,78.1541532848303,,,DEEPSEEK_RICH_FIXED,fixed_origin_primary,iCAR 03,6,0.0
105.51340738932292,135.00108239835302,40.04651331323876,39.224315014618185,DEEPSEEK_RICH_FIXED,fixed_origin_primary,世纪,6,1614.0
131.17813618977866,143.335906912281,144.1263556821841,46.027416206939876,DEEPSEEK_RICH_FIXED,fixed_origin_primary,东风本田S7,6,1710.0
712.8748372395834,863.6541419209401,231.69400181684975,69.75291949506686,DEEPSEEK_RICH_FIXED,fixed_origin_primary,丰田bZ3,6,6132.0
486.366455078125,528.2552843536608,78.51468809025089,54.63768452478468,DEEPSEEK_RICH_FIXED,fixed_origin_primary,丰田bZ5,6,5341.0
131.88219451904297,209.9734725443957,37.833352112364715,48.27902178854532,DEEPSEEK_RICH_FIXED,fixed_origin_primary,五菱佳辰,6,1639.0
0.010584394137064615,0.018746385198879733,,,DEEPSEEK_RICH_FIXED,fixed_origin_primary,五菱宏光,6,0.0
0.17605809979916862,0.2769476665812562,,,DEEPSEEK_RICH_FIXED,fixed_origin_primary,五菱宏光S,6,0.0
59.04418754577637,61.97610419797387,68.09333409727421,68.25917635349869,DEEPSEEK_RICH_FIXED,fixed_origin_primary,五菱征程,6,519.0
0.22766846977174282,0.25195279380163665,,,DEEPSEEK_RICH_FIXED,fixed_origin_primary,五菱星云,6,0.0
956.4982096354166,970.7540679552558,301.5921014234275,254.27511111264954,DEEPSEEK_RICH_FIXED,fixed_origin_primary,五菱星光,6,2257.0
293.15345255533856,318.1394169582143,2347.0503048889714,127.64301272365974,DEEPSEEK_RICH_FIXED,fixed_origin_primary,五菱星驰,6,1378.0
2.298745589951674,2.9649425741438473,73.12193028628826,81.13219729241203,DEEPSEEK_RICH_FIXED,fixed_origin_primary,亚洲狮,6,17.0
3035.2781575520835,3203.5791880242305,48.20535517420086,39.26959838130175,DEEPSEEK_RICH_FIXED,fixed_origin_primary,亚洲龙,6,46376.0
0.19539226839939752,0.2153848280969242,,,DEEPSEEK_RICH_FIXED,fixed_origin_primary,享域,6,0.0
811.887939453125,981.7377642018678,29.648893768895874,22.773855244126928,DEEPSEEK_RICH_FIXED,fixed_origin_primary,伊兰特,6,21390.0
457.20338948567706,571.2853239796245,28.048940262072826,30.72259308896923,DEEPSEEK_RICH_FIXED,fixed_origin_primary,传祺E8新能源,6,8929.0
0.18035796160499254,0.19955010351828728,,,DEEPSEEK_RICH_FIXED,fixed_origin_primary,传祺GA8,6,0.0
704.9240926106771,910.4906046804945,30.540116983168087,36.708423499948466,DEEPSEEK_RICH_FIXED,fixed_origin_primary,传祺M6,6,11522.0
2643.6926472981772,2883.769872078499,50.41669424919414,54.2815545951306,DEEPSEEK_RICH_FIXED,fixed_origin_primary,传祺M8,6,29222.0
1500.8623860677083,1722.3791019079363,50.35744111360309,35.80159152548901,DEEPSEEK_RICH_FIXED,fixed_origin_primary,元PLUS,6,25153.0
6056.019205729167,6353.171312520853,69.4803049233427,43.95320579941333,DEEPSEEK_RICH_FIXED,fixed_origin_primary,元UP,6,82670.0
52.08138529459635,55.27501375502245,17.7729759791701,16.174343259191414,DEEPSEEK_RICH_FIXED,fixed_origin_primary,冠道,6,1932.0
100.33786010742188,107.75324746006835,51.76819145836408,39.24557761698379,DEEPSEEK_RICH_FIXED,fixed_origin_primary,凌宝BOX,6,1534.0
30.226833979288738,33.44295141695771,525.7957833981982,307.39153199276683,DEEPSEEK_RICH_FIXED,fixed_origin_primary,凌尚,6,59.0
4.238162914911906,5.10563199220244,60.974007881048955,97.80375957489014,DEEPSEEK_RICH_FIXED,fixed_origin_primary,凌放HARRIER,6,26.0
487.5753987630208,527.6221353178058,31.61640164974257,25.330785285116676,DEEPSEEK_RICH_FIXED,fixed_origin_primary,凌渡,6,11549.0
406.3972981770833,519.4532200762468,32.67299406976636,38.09974670410156,DEEPSEEK_RICH_FIXED,fixed_origin_primary,凡尔赛C5 X,6,6400.0
52.42058313886324,77.44364897495504,99.00058990547257,100.4867408412714,DEEPSEEK_RICH_FIXED,fixed_origin_primary,凯威德,6,313.0
1705.9563802083333,2204.9191321078265,10.450759764895706,11.904651354659752,DEEPSEEK_RICH_FIXED,fixed_origin_primary,凯美瑞,6,85981.0
391.726313273112,597.440690188024,86.04380857317186,80.54687730084551,DEEPSEEK_RICH_FIXED,fixed_origin_primary,凯翼拾月,6,2918.0
562.9019775390625,815.3267560751004,17.296055315879588,21.97977264892864,DEEPSEEK_RICH_FIXED,fixed_origin_primary,凯迪拉克CT5,6,15366.0
825.9881591796875,988.9441675378699,20.64477566903012,22.856288129309252,DEEPSEEK_RICH_FIXED,fixed_origin_primary,凯迪拉克XT5,6,21683.0
93.53315989176433,103.86146573833301,124.35942598915035,104.31207422873345,DEEPSEEK_RICH_FIXED,fixed_origin_primary,凯迪拉克XT6,6,538.0
0.847840482989947,0.8792547048141975,54.54939156770706,50.87042897939682,DEEPSEEK_RICH_FIXED,fixed_origin_primary,别克E4,6,10.0
0.09304725813368957,0.11660978924179986,,,DEEPSEEK_RICH_FIXED,fixed_origin_primary,别克GL6,6,0.0
1001.5222981770834,1192.4013024693033,27.391337340592614,30.576165415267386,DEEPSEEK_RICH_FIXED,fixed_origin_primary,别克GL8,6,19653.0
610.0348307291666,752.4870883898116,24.090197854085382,24.119993307248762,DEEPSEEK_RICH_FIXED,fixed_origin_primary,别克GL8新能源,6,15175.0
53.71423467000326,64.24470518048138,34.96508285932885,37.73833817564631,DEEPSEEK_RICH_FIXED,fixed_origin_primary,勇士,6,854.0
744.9372151692709,794.3444945524145,7978.426596554158,524.6036726544161,DEEPSEEK_RICH_FIXED,fixed_origin_primary,北京EU5,6,852.0
26.536478678385418,32.91150053771923,20.97500627827042,23.380157425890236,DEEPSEEK_RICH_FIXED,fixed_origin_primary,北京现代ix35,6,681.0
167.86216159661612,235.35015514309526,94.25607988449607,96.65767462377127,DEEPSEEK_RICH_FIXED,fixed_origin_primary,博越REV,6,1042.0
1340.4119466145833,1771.6338244591814,22.186889130620493,25.59014789260373,DEEPSEEK_RICH_FIXED,fixed_origin_primary,卡罗拉,6,31428.0
0.02891631160552303,0.05468279643367411,,,DEEPSEEK_RICH_FIXED,fixed_origin_primary,卡罗拉双擎E+,6,0.0
2780.88720703125,3571.3111355484434,27.671818908060757,24.61216237987329,DEEPSEEK_RICH_FIXED,fixed_origin_primary,卡罗拉锐放,6,67793.0
0.6674279421567917,0.7217336394527469,,,DEEPSEEK_RICH_FIXED,fixed_origin_primary,合创A06,6,0.0
194.19913736979166,238.74283307825766,34.15963072499426,26.70627605360417,DEEPSEEK_RICH_FIXED,fixed_origin_primary,吉利ICON,6,4363.0
1419.3805338541667,1796.9855974313252,46.396661019655035,42.724543235463806,DEEPSEEK_RICH_FIXED,fixed_origin_primary,吉利熊猫,6,19933.0
750.4444783528646,929.0880227010917,28.872599865372862,31.666550883446003,DEEPSEEK_RICH_FIXED,fixed_origin_primary,君威,6,14219.0
1266.651611328125,1703.7469463873135,23.212104075347995,27.99848831406112,DEEPSEEK_RICH_FIXED,fixed_origin_primary,君越,6,27144.0
89.7924092610677,101.37897846648158,90.44322854409397,78.30733365790789,DEEPSEEK_RICH_FIXED,fixed_origin_primary,启辰D60,6,688.0
0.22003268326322237,0.2492857285510802,,,DEEPSEEK_RICH_FIXED,fixed_origin_primary,启辰T60,6,0.0
1282.3392740885417,1341.8165396488257,79.31516300955379,75.25465223524306,DEEPSEEK_RICH_FIXED,fixed_origin_primary,唐新能源,6,10224.0
25.355208079020183,28.431309296514776,34.98234321203852,34.65404293260161,DEEPSEEK_RICH_FIXED,fixed_origin_primary,嘉华,6,439.0
377.3655090332031,393.678307422313,220.7763463247213,113.26628585288738,DEEPSEEK_RICH_FIXED,fixed_origin_primary,型格,6,1999.0
225.67966969807944,270.33274514323017,84.53467407786927,90.9998668137417,DEEPSEEK_RICH_FIXED,fixed_origin_primary,埃尚,6,1488.0
963.3177490234375,969.6879413926258,146.1111344967903,140.93895377080287,DEEPSEEK_RICH_FIXED,fixed_origin_primary,夏,6,4101.0
215.52474975585938,332.7396182911024,18.867152395348697,24.261697908727132,DEEPSEEK_RICH_FIXED,fixed_origin_primary,大众CC,6,5330.0
652.1064860026041,682.2241778950662,124.55674583212655,100.22128370941662,DEEPSEEK_RICH_FIXED,fixed_origin_primary,大众ID.3,6,3904.0
86.2948112487793,104.79600747454046,301.4550559599183,138.81202881841176,DEEPSEEK_RICH_FIXED,fixed_origin_primary,大家7,6,373.0
72.8209711710612,78.91708201970883,171.49966741557068,67.11610246180756,DEEPSEEK_RICH_FIXED,fixed_origin_primary,大家9,6,651.0
68.99287414550781,75.6194601977326,45.11604161921372,42.24053519112723,DEEPSEEK_RICH_FIXED,fixed_origin_primary,大通G10,6,980.0
79.52694702148438,97.13261816382276,30.0022967878871,31.289290631403688,DEEPSEEK_RICH_FIXED,fixed_origin_primary,大通G50,6,1525.0
4.829456965128581,6.070251902031338,35.54627326780828,32.928115671331234,DEEPSEEK_RICH_FIXED,fixed_origin_primary,大通G70,6,88.0
29.34339491526286,32.995132066024546,319.2470969570737,197.82063987817656,DEEPSEEK_RICH_FIXED,fixed_origin_primary,大通G90,6,89.0
955.5299072265625,1138.7468119270231,22.82354706340242,21.060831104839377,DEEPSEEK_RICH_FIXED,fixed_origin_primary,天籁,6,27222.0
549.680419921875,650.8704050519697,27.062690399050034,22.33414044512257,DEEPSEEK_RICH_FIXED,fixed_origin_primary,奇骏,6,14767.0
2.992490212122599,3.020731277462617,,,DEEPSEEK_RICH_FIXED,fixed_origin_primary,奔奔E-Star,6,0.0
3137.773722330729,3346.1020760456654,136.7934923220816,72.34060454941162,DEEPSEEK_RICH_FIXED,fixed_origin_primary,奔腾小马,6,26025.0
697.0041707356771,709.049718164831,5685.693708286519,322.1899094309755,DEEPSEEK_RICH_FIXED,fixed_origin_primary,奔驰A级,6,1298.0
1573.605224609375,2090.5255780186258,31.430542434237434,23.032301484780938,DEEPSEEK_RICH_FIXED,fixed_origin_primary,奔驰C级,6,40993.0
1793.0735677083333,2631.810727216181,14.899166742669298,17.57197453042058,DEEPSEEK_RICH_FIXED,fixed_origin_primary,奔驰E级,6,61225.0
897.4279988606771,1117.4014701852127,473.19804865197443,88.5037474221575,DEEPSEEK_RICH_FIXED,fixed_origin_primary,奔驰GLB,6,6084.0
1738.0625813802083,2862.414660947809,16.005721762680068,19.849583128616498,DEEPSEEK_RICH_FIXED,fixed_origin_primary,奔驰GLC,6,52537.0
306.92823791503906,311.64377050579634,116.4628161573279,109.2919541537231,DEEPSEEK_RICH_FIXED,fixed_origin_primary,奔驰V级,6,1685.0
681.502815246582,748.3339582403788,74.53068715693647,76.96248619385455,DEEPSEEK_RICH_FIXED,fixed_origin_primary,奕炫,6,5313.0
779.2796223958334,831.3626049737582,39.46522655326567,40.87488184609669,DEEPSEEK_RICH_FIXED,fixed_origin_primary,奕跑,6,11439.0
251.73595174153647,275.3973412179633,26.332184798747072,25.69608217844877,DEEPSEEK_RICH_FIXED,fixed_origin_primary,奥德赛,6,5878.0
1379.0710042317708,1657.4206427938534,22.32915839951395,24.085771745329872,DEEPSEEK_RICH_FIXED,fixed_origin_primary,奥迪A3,6,34354.0
1424.4046223958333,1523.000819404693,75.00682152551049,60.26674941382836,DEEPSEEK_RICH_FIXED,fixed_origin_primary,奥迪A4L,6,14181.0
227.331787109375,279.50462867985686,6.319405580296121,6.148810903197268,DEEPSEEK_RICH_FIXED,fixed_origin_primary,奥迪A5L,6,22183.0
293.40553792317706,338.4229612846912,23.187317210619348,21.473935442047605,DEEPSEEK_RICH_FIXED,fixed_origin_primary,奥迪A5L Sportback,6,8198.0
2186.1476236979165,2384.652560472414,24.526252938771208,22.13708291932476,DEEPSEEK_RICH_FIXED,fixed_origin_primary,奥迪A6L,6,59253.0
482.2655995686849,494.959101152961,998.676283386932,2081.7220125266977,DEEPSEEK_RICH_FIXED,fixed_origin_primary,奥迪A6L e-tron,6,139.0
117.97152709960938,156.30488866304316,27.771779689575695,30.444265057963708,DEEPSEEK_RICH_FIXED,fixed_origin_primary,奥迪A7L,6,2325.0
837.4988606770834,872.4432317436791,178.9734831510954,102.0717685164026,DEEPSEEK_RICH_FIXED,fixed_origin_primary,奥迪E5 Sportback,6,4923.0
124.57821655273438,243.8040660340385,23.45229620190557,37.15056159624285,DEEPSEEK_RICH_FIXED,fixed_origin_primary,奥迪Q2L,6,2012.0
704.787353515625,819.851528904538,25.8488287721371,28.097834691652825,DEEPSEEK_RICH_FIXED,fixed_origin_primary,奥迪Q3,6,15050.0
75.79314676920573,81.40051739683994,75.61654755992788,69.00741739229656,DEEPSEEK_RICH_FIXED,fixed_origin_primary,奥迪Q3 Sportback,6,659.0
424.0388361612956,572.105997705291,777.6883606549738,109.05413703248064,DEEPSEEK_RICH_FIXED,fixed_origin_primary,奥迪Q4 e-tron,6,2333.0
193.93990580240884,198.82116104312672,,,DEEPSEEK_RICH_FIXED,fixed_origin_primary,奥迪Q5 e-tron,6,0.0
2077.8436686197915,2577.1400583926134,26.66627052468373,24.27245684971429,DEEPSEEK_RICH_FIXED,fixed_origin_primary,奥迪Q5L,6,51363.0
230.3450495402018,426.59498415349077,80.93968682678909,78.43758781164648,DEEPSEEK_RICH_FIXED,fixed_origin_primary,奥迪Q5L Sportback,6,1762.0
97.04904174804688,97.73678048144599,519.580175307778,357.2357364958781,DEEPSEEK_RICH_FIXED,fixed_origin_primary,奥迪Q6L Sportback e-tron,6,163.0
263.7469940185547,320.2493503091416,169.46906768955324,62.5981789601,DEEPSEEK_RICH_FIXED,fixed_origin_primary,奥迪Q6L e-tron,6,2528.0
3643.1825358072915,4374.9417047723,44.50220935305481,50.28200311651773,DEEPSEEK_RICH_FIXED,fixed_origin_primary,威兰达,6,43473.0
336.09618123372394,346.1966114804478,200.64202535168607,137.1821147892751,DEEPSEEK_RICH_FIXED,fixed_origin_primary,威朗,6,1470.0
586.4683430989584,600.3653342180122,249.93438323508425,185.0057864665484,DEEPSEEK_RICH_FIXED,fixed_origin_primary,威然,6,1902.0
269.4634602864583,272.2055110890888,95.8932659668797,86.55143264019004,DEEPSEEK_RICH_FIXED,fixed_origin_primary,威霆,6,1868.0
73.81641133626302,77.68981061457913,1864.7630231721064,750.6753695213188,DEEPSEEK_RICH_FIXED,fixed_origin_primary,威飒,6,59.0
115.01692962646484,122.306266425549,70.61852356832797,62.73650706898083,DEEPSEEK_RICH_FIXED,fixed_origin_primary,宋L EV,6,1100.0
3115.4007161458335,3133.5452972301973,2183.1003631017825,1247.8240518608145,DEEPSEEK_RICH_FIXED,fixed_origin_primary,宋PLUS新能源,6,1498.0
3454.6573893229165,3945.4410472308678,27.73874694387896,27.167087388840468,DEEPSEEK_RICH_FIXED,fixed_origin_primary,宋Pro新能源,6,76298.0
8583.798828125,9975.488729006287,110.24631396629083,70.74656653079026,DEEPSEEK_RICH_FIXED,fixed_origin_primary,宏光MINIEV,6,72799.0
784.6745198567709,861.0528568432725,19.350080504952714,17.72808343992403,DEEPSEEK_RICH_FIXED,fixed_origin_primary,宝来,6,26557.0
3.9529125690460205,4.471962476994528,283.84127925943443,139.51456126044778,DEEPSEEK_RICH_FIXED,fixed_origin_primary,宝马1系,6,17.0
91.79874165852864,101.68023363989423,23.55316332276737,21.94392230881163,DEEPSEEK_RICH_FIXED,fixed_origin_primary,宝马2系,6,2510.0
1340.8743489583333,1909.403437159207,10.824031160813325,12.292577456530376,DEEPSEEK_RICH_FIXED,fixed_origin_primary,宝马3系,6,65448.0
1574.6466471354167,1984.7412763134503,18.832640624098733,19.66628480425574,DEEPSEEK_RICH_FIXED,fixed_origin_primary,宝马5系,6,48041.0
1186.6265055338542,1204.8647546475604,32.24581703663591,32.40820717011756,DEEPSEEK_RICH_FIXED,fixed_origin_primary,宝马X1,6,21969.0
4.975933313369751,5.882808538664241,136.66208585103354,124.39833283424377,DEEPSEEK_RICH_FIXED,fixed_origin_primary,宝马X2,6,24.0
2249.8212890625,2403.305900124322,33.5547594575698,33.81494923440631,DEEPSEEK_RICH_FIXED,fixed_origin_primary,宝马X3,6,39920.0
1043.6256917317708,1393.8904505271425,18.455149435247815,20.780387450272542,DEEPSEEK_RICH_FIXED,fixed_origin_primary,宝马X5,6,30133.0
213.66327921549478,234.9866402810525,21.270460718168945,20.20456541044868,DEEPSEEK_RICH_FIXED,fixed_origin_primary,宝马i3,6,6345.0
109.97716267903645,130.53416787167896,47.20017266924494,37.87961975167731,DEEPSEEK_RICH_FIXED,fixed_origin_primary,宝马i5,6,1742.0
201.62603759765625,231.42752279427222,31.724520473107944,26.0835753683902,DEEPSEEK_RICH_FIXED,fixed_origin_primary,宝马iX1,6,4638.0
36.05988311767578,38.11228894008289,245.16000126502274,129.5564662910507,DEEPSEEK_RICH_FIXED,fixed_origin_primary,宝马iX3,6,167.0
38.3311767578125,39.834679053231035,2426.484139760335,319.42647298177087,DEEPSEEK_RICH_FIXED,fixed_origin_primary,宝骏KiWi EV,6,72.0
11244.53564453125,13162.296990930921,645.1348881367678,83.81436825082923,DEEPSEEK_RICH_FIXED,fixed_origin_primary,小米SU7,6,80496.0
0.5728588849306107,0.5982361222971355,,,DEEPSEEK_RICH_FIXED,fixed_origin_primary,小虎FEV,6,0.0
0.5406192789475123,0.5435847553545204,,,DEEPSEEK_RICH_FIXED,fixed_origin_primary,小鹏G3,6,0.0
3785.0086263020835,3938.0934391511137,44.18479790789209,36.44571151273029,DEEPSEEK_RICH_FIXED,fixed_origin_primary,小鹏MONA M03,6,62312.0
0.3402964919805527,0.35624114892170505,,,DEEPSEEK_RICH_FIXED,fixed_origin_primary,小鹏P5,6,0.0
514.4115397135416,552.1925172615943,41.01989946733908,35.113415680105234,DEEPSEEK_RICH_FIXED,fixed_origin_primary,小鹏P7,6,8790.0
1167.2156372070312,1392.2752470739647,31.152138129649963,33.83887622362866,DEEPSEEK_RICH_FIXED,fixed_origin_primary,小鹏P7+,6,20696.0
410.6990966796875,656.2657123799011,14.062721479150722,18.49440543439001,DEEPSEEK_RICH_FIXED,fixed_origin_primary,小鹏X9,6,13324.0
1476.2390950520833,1784.0392143630665,29.01413797005757,27.7314795563948,DEEPSEEK_RICH_FIXED,fixed_origin_primary,岚图梦想家,6,31940.0
110.84832870960236,141.69047386463936,98.09516470917663,98.97172206214496,DEEPSEEK_RICH_FIXED,fixed_origin_primary,岚图追光L,6,672.0
3057.0040690104165,3446.753221059219,24.099858704038812,22.91607248133746,DEEPSEEK_RICH_FIXED,fixed_origin_primary,帕萨特,6,80040.0
1165.393798828125,1201.1961969859187,2070.692945077981,199.78179408482143,DEEPSEEK_RICH_FIXED,fixed_origin_primary,帕萨特新能源,6,3500.0
548.9296569824219,558.7662427518347,308.10323641006914,283.4404425038323,DEEPSEEK_RICH_FIXED,fixed_origin_primary,广汽本田P7,6,1162.0
428.13990275065106,552.8546737504286,27.25061356331476,30.946144036910084,DEEPSEEK_RICH_FIXED,fixed_origin_primary,库斯途,6,8301.0
295.30454508463544,406.8634134209102,63.914592980345084,42.80810027803364,DEEPSEEK_RICH_FIXED,fixed_origin_primary,影豹,6,4139.0
83.51555887858073,86.53051936173975,85.811638201939,58.6760366828436,DEEPSEEK_RICH_FIXED,fixed_origin_primary,微蓝6,6,854.0
677.3478597005209,796.2506329674466,41.234901757832745,33.9636232509036,DEEPSEEK_RICH_FIXED,fixed_origin_primary,思域,6,11966.0
711.1675821940104,869.8991661133491,57.65073188007827,39.025109686885514,DEEPSEEK_RICH_FIXED,fixed_origin_primary,悦意03,6,10934.0
602.0512186686198,607.4403275665198,404.5717812062037,364.14388225924586,DEEPSEEK_RICH_FIXED,fixed_origin_primary,悦意07,6,992.0
9.281654596328735,9.622970318279428,757.3843518892925,928.1654596328735,DEEPSEEK_RICH_FIXED,fixed_origin_primary,护卫舰07,6,6.0
82.71459070841472,82.87487625312627,4656.939663606531,1838.1020157425492,DEEPSEEK_RICH_FIXED,fixed_origin_primary,捷豹XEL,6,27.0
527.0319315592448,557.2394278704384,602.0319505315551,166.16876454836935,DEEPSEEK_RICH_FIXED,fixed_origin_primary,捷豹XFL,6,1903.0
1027.3382364908855,1128.3995202110536,49.85259275500842,44.031926701516625,DEEPSEEK_RICH_FIXED,fixed_origin_primary,捷达VA3,6,13999.0
43.00397237141927,52.301296096413104,46.470185700626246,40.506096425198685,DEEPSEEK_RICH_FIXED,fixed_origin_primary,捷达VA7,6,637.0
3057.4378255208335,3437.1127496010336,24.8885384146423,24.969207357014522,DEEPSEEK_RICH_FIXED,fixed_origin_primary,探岳,6,73469.0
225.54760615030924,384.241010740842,596.938980012591,103.22544903904314,DEEPSEEK_RICH_FIXED,fixed_origin_primary,探岳X,6,1311.0
10.978858470916748,11.877368782083312,582.4237316082686,299.42341284318405,DEEPSEEK_RICH_FIXED,fixed_origin_primary,探界者,6,22.0
88.34791056315105,112.364984530294,12.962088888490467,12.373656941617792,DEEPSEEK_RICH_FIXED,fixed_origin_primary,探险者,6,4284.0
111.17803446451823,153.3016934032833,20.562026528368406,21.46294101631626,DEEPSEEK_RICH_FIXED,fixed_origin_primary,揽境,6,3108.0
486.6435852050781,615.7899079076121,25.839714240699752,30.33307200530302,DEEPSEEK_RICH_FIXED,fixed_origin_primary,揽巡,6,9626.0
0.11220482798914115,0.19402640223684534,,,DEEPSEEK_RICH_FIXED,fixed_origin_primary,摩卡,6,0.0
2992.460205078125,4315.26784050179,25.115645155035953,31.758103209404187,DEEPSEEK_RICH_FIXED,fixed_origin_primary,新帝豪,6,56536.0
1463.173828125,1529.4403107133871,63.45204398415646,63.0089928138233,DEEPSEEK_RICH_FIXED,fixed_origin_primary,日产N6,6,13933.0
396.30824788411456,447.68501883135855,40.93372737977401,31.93458887059747,DEEPSEEK_RICH_FIXED,fixed_origin_primary,日产N7,6,7446.0
2015.6430269082387,2974.079086669203,96.93094158662696,99.04068595077743,DEEPSEEK_RICH_FIXED,fixed_origin_primary,日产NX8,6,12211.0
2865.2242024739585,3334.042290543479,32.24858310935232,33.64518791068528,DEEPSEEK_RICH_FIXED,fixed_origin_primary,昂科威,6,51096.0
21.573651631673176,22.207534656067622,113.0164748711515,99.57069983849158,DEEPSEEK_RICH_FIXED,fixed_origin_primary,昊铂GT,6,130.0
506.94891357421875,587.5572871752951,165.99492699124932,63.39502879210739,DEEPSEEK_RICH_FIXED,fixed_origin_primary,星海S7,6,4798.0
644.5158284505209,686.2581479004363,117.24737923916881,69.46461237117164,DEEPSEEK_RICH_FIXED,fixed_origin_primary,星海T5,6,5567.0
166.11866251627603,204.61480077980238,36.67211341570697,40.157613823434986,DEEPSEEK_RICH_FIXED,fixed_origin_primary,星海V9,6,2482.0
3496.2264811197915,5110.464469046805,24.921221230750067,31.949919866455595,DEEPSEEK_RICH_FIXED,fixed_origin_primary,星瑞,6,65657.0
366.28244654337567,612.580259989807,584.1894794340376,94.56517552754966,DEEPSEEK_RICH_FIXED,fixed_origin_primary,星瑞L,6,2324.0
5876.267985026042,7441.033896727074,40.71755248161733,45.638553227219624,DEEPSEEK_RICH_FIXED,fixed_origin_primary,星越L,6,77254.0
812.2516663869222,1458.333663525131,110.60802088279038,97.27564866909248,DEEPSEEK_RICH_FIXED,fixed_origin_primary,星越L 智擎,6,5010.0
186.86396280924478,223.85840307995528,568.3478348290056,137.73756472425907,DEEPSEEK_RICH_FIXED,fixed_origin_primary,星途ES,6,814.0
253.22709147135416,329.5553975618939,16.31264896120454,17.488058803270317,DEEPSEEK_RICH_FIXED,fixed_origin_primary,普拉多,6,8688.0
290.8265075683594,352.46734082728125,41.68533693681298,30.71570226034424,DEEPSEEK_RICH_FIXED,fixed_origin_primary,智己L6,6,5681.0
8.072034120559692,11.81274620632826,237.90187370983554,72.28687272143009,DEEPSEEK_RICH_FIXED,fixed_origin_primary,智己L7,6,67.0
32.827415466308594,36.38532480763796,120.67704725016064,88.32488466271371,DEEPSEEK_RICH_FIXED,fixed_origin_primary,智跑,6,223.0
626.1616414388021,628.4958996042636,710.0034600066939,739.5609938253567,DEEPSEEK_RICH_FIXED,fixed_origin_primary,曹操60,6,508.0
2594.6193033854165,3337.458153053827,13.69242603004035,15.495660996677948,DEEPSEEK_RICH_FIXED,fixed_origin_primary,朗逸,6,100465.0
2347.4832356770835,3309.9099128499242,18.45053709521647,20.38660193961774,DEEPSEEK_RICH_FIXED,fixed_origin_primary,本田CR-V,6,69089.0
1425.0416717529297,1450.4410252793998,69.9176202249186,70.34348030043256,DEEPSEEK_RICH_FIXED,fixed_origin_primary,本田HR-V,6,12155.0
31.96240743001302,40.31925647934996,22.749120244255693,19.37115601818971,DEEPSEEK_RICH_FIXED,fixed_origin_primary,本田UR-V,6,990.0
167.65094757080078,209.7785960842441,106.45840539277165,55.482939074727234,DEEPSEEK_RICH_FIXED,fixed_origin_primary,本田XR-V,6,1813.0
759.21728515625,798.6926449285153,34.05722958226311,30.364642787211704,DEEPSEEK_RICH_FIXED,fixed_origin_primary,极氪001,6,15002.0
699.8101450602213,1109.101899225135,42.24141905163976,59.255727778172854,DEEPSEEK_RICH_FIXED,fixed_origin_primary,极氪009,6,7086.0
2974.7316691080728,3563.4433058954596,2464.9021085621957,83.18213177353981,DEEPSEEK_RICH_FIXED,fixed_origin_primary,极狐 阿尔法S5,6,21457.0
295.49559020996094,316.6629383964782,589.7733506474078,232.0645996413306,DEEPSEEK_RICH_FIXED,fixed_origin_primary,极狐考拉,6,764.0
210.13459269205728,223.0206060839174,24.93688962906431,22.994848735224217,DEEPSEEK_RICH_FIXED,fixed_origin_primary,林肯Z,6,5483.0
145.89944712320963,192.82048544929552,647.2619789405153,63.89756808315751,DEEPSEEK_RICH_FIXED,fixed_origin_primary,枫叶60s,6,1370.0
47.15688896179199,58.09977672164326,2283.2498784826867,109.6671836320744,DEEPSEEK_RICH_FIXED,fixed_origin_primary,标致4008,6,258.0
459.90938568115234,568.4436088838174,55.7968164983943,61.88509338611604,DEEPSEEK_RICH_FIXED,fixed_origin_primary,标致408,6,4459.0
48.67092704772949,54.23543883090527,203.38692607576633,176.98518926447088,DEEPSEEK_RICH_FIXED,fixed_origin_primary,标致408X,6,165.0
64.46224975585938,80.00235567349647,62.78825529020812,47.515171810215755,DEEPSEEK_RICH_FIXED,fixed_origin_primary,标致5008,6,814.0
54.83095041910807,70.39139115477631,41.66478584192267,45.75600869466599,DEEPSEEK_RICH_FIXED,fixed_origin_primary,标致508,6,719.0
1866.8021647135417,2040.4090157838027,86.55487766156517,61.99597602413931,DEEPSEEK_RICH_FIXED,fixed_origin_primary,格瑞维亚,6,18067.0
725.8669637044271,802.2656951425417,159.06522864445114,91.55353757045538,DEEPSEEK_RICH_FIXED,fixed_origin_primary,欧拉好猫,6,4757.0
9.825812975565592,10.442845243756299,,,DEEPSEEK_RICH_FIXED,fixed_origin_primary,欧拉闪电猫,6,0.0
118.04590861002605,132.67249482676993,21.174395275053584,22.570919428303256,DEEPSEEK_RICH_FIXED,fixed_origin_primary,欧诺S,6,3138.0
64.28379185994466,67.59542525880894,834.9472053068549,756.279904234643,DEEPSEEK_RICH_FIXED,fixed_origin_primary,比亚迪M9,6,51.0
954.5885823567709,1350.7789738361448,128.80243056837548,48.75739758355857,DEEPSEEK_RICH_FIXED,fixed_origin_primary,比亚迪e7,6,11747.0
26.388592588404816,33.19614202979118,98.98391807208941,99.57959467322571,DEEPSEEK_RICH_FIXED,fixed_origin_primary,比亚迪e9,6,159.0
1534.0082600911458,1767.8015849238386,62.13961958354872,53.267258293575296,DEEPSEEK_RICH_FIXED,fixed_origin_primary,汉,6,17279.0
0.7161594281593958,0.9123066932177183,,,DEEPSEEK_RICH_FIXED,fixed_origin_primary,江淮A5 PLUS,6,0.0
2.790204882621765,3.6849909033273085,91.98755138450198,88.11173313542416,DEEPSEEK_RICH_FIXED,fixed_origin_primary,江淮QX PHEV,6,19.0
0.08827208168804646,0.11496573605917847,,,DEEPSEEK_RICH_FIXED,fixed_origin_primary,沃兰多,6,0.0
0.6903569052616755,0.9696924357524644,,,DEEPSEEK_RICH_FIXED,fixed_origin_primary,沃尔沃C40,6,0.0
49.440680185953774,50.12866378710656,317.0456040892939,255.7276561342437,DEEPSEEK_RICH_FIXED,fixed_origin_primary,沃尔沃EM90,6,116.0
9.033205350240072,13.151312577015489,89.87024538758872,108.39846420288086,DEEPSEEK_RICH_FIXED,fixed_origin_primary,沃尔沃ES90,6,50.0
576.8311360677084,604.6905974109761,27.798640253827894,26.28930358075389,DEEPSEEK_RICH_FIXED,fixed_origin_primary,沃尔沃S60,6,13165.0
835.1398111979166,931.8514406518893,165.69856837273394,86.82791313788772,DEEPSEEK_RICH_FIXED,fixed_origin_primary,沃尔沃S90,6,5771.0
176.0486857096354,178.1373392290293,1293.6667012503194,743.8676860970511,DEEPSEEK_RICH_FIXED,fixed_origin_primary,沃尔沃S90新能源,6,142.0
2385.6810302734375,2584.086236090856,76.42528810346577,51.15096548613717,DEEPSEEK_RICH_FIXED,fixed_origin_primary,海狮05EV,6,27984.0
5098.74951171875,5508.672234418513,79.62064468743796,48.352295037636324,DEEPSEEK_RICH_FIXED,fixed_origin_primary,海狮06EV,6,63270.0
302.2895151774089,308.990723447529,197.11029460963988,185.643509832595,DEEPSEEK_RICH_FIXED,fixed_origin_primary,海狮07EV,6,977.0
3807.0416666666665,4149.287654203648,43.19275498484365,33.050583826487056,DEEPSEEK_RICH_FIXED,fixed_origin_primary,海豚,6,69113.0
83.31491343180339,85.12246117478483,140.02431364722327,115.98363818812535,DEEPSEEK_RICH_FIXED,fixed_origin_primary,海豹,6,431.0
1217.3719075520833,1601.1335464222095,27.64097136107783,23.14321930646209,DEEPSEEK_RICH_FIXED,fixed_origin_primary,海豹06DM-i,6,31561.0
1791.2225748697917,2235.3986002631927,63.361535653785694,45.084887361434475,DEEPSEEK_RICH_FIXED,fixed_origin_primary,海豹06EV,6,23838.0
1375.8205464680989,1767.1981968938917,64.07180732972687,64.84112229053957,DEEPSEEK_RICH_FIXED,fixed_origin_primary,海豹06GT,6,12731.0
163.78858439127603,208.40876500900023,48.05596192920494,33.122059533119526,DEEPSEEK_RICH_FIXED,fixed_origin_primary,海豹07DM-i,6,2967.0
302.369989713033,408.08415938038655,92.29046203349644,96.86171587176713,DEEPSEEK_RICH_FIXED,fixed_origin_primary,海豹07EV,6,1873.0
101.97756131490071,108.39019599282717,,,DEEPSEEK_RICH_FIXED,fixed_origin_primary,海马8S,6,0.0
19.804333051045734,21.053685889638665,,,DEEPSEEK_RICH_FIXED,fixed_origin_primary,海马INJOY,6,0.0
2728.6339518229165,4129.544760606352,44.067863368535356,29.710196372266584,DEEPSEEK_RICH_FIXED,fixed_origin_primary,海鸥,6,55105.0
2708.7717895507812,3332.8405721982363,50.04341311611634,57.2174995152427,DEEPSEEK_RICH_FIXED,fixed_origin_primary,深蓝L06,6,28405.0
528.7356287638346,656.440428295572,66.65285191653817,72.2810155521305,DEEPSEEK_RICH_FIXED,fixed_origin_primary,深蓝L07,6,4389.0
184.01014200846353,222.26007866077893,1015.7162857782702,70.09910171750991,DEEPSEEK_RICH_FIXED,fixed_origin_primary,深蓝SL03,6,1575.0
289.260503133138,293.89984390916027,978.7527027542723,811.0107564480506,DEEPSEEK_RICH_FIXED,fixed_origin_primary,灵悉L,6,214.0
5.617285251617432,5.805393365011332,358.9548627535502,337.0371150970459,DEEPSEEK_RICH_FIXED,fixed_origin_primary,焕驰,6,10.0
214.98361460367838,218.36227840254492,7558.01742085607,2186.2740468170687,DEEPSEEK_RICH_FIXED,fixed_origin_primary,爱跑,6,59.0
299.04209391276044,320.8045632243598,46.25223399089566,34.833091894322706,DEEPSEEK_RICH_FIXED,fixed_origin_primary,狮铂拓界,6,5151.0
54.67937692006429,61.62172116010886,,,DEEPSEEK_RICH_FIXED,fixed_origin_primary,猛士917,6,0.0
114.74034118652344,137.39665757983153,28.17641942656684,24.215337570142125,DEEPSEEK_RICH_FIXED,fixed_origin_primary,理想MEGA,6,2843.0
202.4979451497396,233.31445843721212,30.10241237303551,26.82684192754333,DEEPSEEK_RICH_FIXED,fixed_origin_primary,瑞虎3x,6,4529.0
525.9000244140625,708.1197437799541,19.617794826041965,19.977208904617758,DEEPSEEK_RICH_FIXED,fixed_origin_primary,瑞虎5x,6,15795.0
545.7477620442709,642.7382172919341,25.321916803993087,24.500460697834832,DEEPSEEK_RICH_FIXED,fixed_origin_primary,瑞虎7,6,13365.0
3268.28369140625,3449.8266096021866,37.02575544381655,31.979292479513212,DEEPSEEK_RICH_FIXED,fixed_origin_primary,瑞虎8,6,61320.0
908.6600748697916,1147.8333367699056,19.951388124651693,22.464709914783263,DEEPSEEK_RICH_FIXED,fixed_origin_primary,瑞虎9,6,24269.0
78.72056833902995,103.92489924390078,41.962757419300885,48.89476294349686,DEEPSEEK_RICH_FIXED,fixed_origin_primary,瑞风E3,6,966.0
144.47478739420572,181.8462137197954,36.224078359855255,39.52798560716983,DEEPSEEK_RICH_FIXED,fixed_origin_primary,瑞风M3,6,2193.0
28.34142239888509,32.897119719275516,541.6313890377729,163.508206147414,DEEPSEEK_RICH_FIXED,fixed_origin_primary,瑞风RF8,6,104.0
94.39091618855794,117.16223577382779,434.76911656034014,81.02224565541454,DEEPSEEK_RICH_FIXED,fixed_origin_primary,瑞风RF8新能源,6,699.0
192.38356018066406,194.46102258443545,,,DEEPSEEK_RICH_FIXED,fixed_origin_primary,电动MINI ACEMAN,6,0.0
290.431157430013,294.13596550622776,,,DEEPSEEK_RICH_FIXED,fixed_origin_primary,电动MINI COOPER,6,0.0
1139.8817138671875,1364.7599047540093,46.59524866612139,32.588222629261566,DEEPSEEK_RICH_FIXED,fixed_origin_primary,皇冠陆放,6,20987.0
3182.360107421875,3523.141815219097,80.9237723479629,63.22779113391586,DEEPSEEK_RICH_FIXED,fixed_origin_primary,皓影,6,30199.0
87.43200174967448,92.39533053432518,210.55142497454452,129.84950754902152,DEEPSEEK_RICH_FIXED,fixed_origin_primary,皓影新能源,6,404.0
40.63903554280599,42.25530033994664,282.47047875369395,138.54216662320223,DEEPSEEK_RICH_FIXED,fixed_origin_primary,睿蓝8,6,176.0
448.2897669474284,557.667493864288,60.433632962547165,71.66902748959686,DEEPSEEK_RICH_FIXED,fixed_origin_primary,福瑞迪,6,3753.0
3340.7296549479165,3899.874613676202,47.97904069490117,37.32380815151106,DEEPSEEK_RICH_FIXED,fixed_origin_primary,秦L,6,53704.0
5755.229817708333,8309.287200057677,79.10600659754073,50.50736284902514,DEEPSEEK_RICH_FIXED,fixed_origin_primary,秦PLUS,6,68369.0
776.360605875651,785.950596054994,1656.9968827881357,1158.747172948733,DEEPSEEK_RICH_FIXED,fixed_origin_primary,秦新能源,6,402.0
273.1376139322917,295.6694752379303,35.16440533363288,31.293215268164026,DEEPSEEK_RICH_FIXED,fixed_origin_primary,索纳塔,6,5237.0
12.733461697896322,12.797853533331896,,,DEEPSEEK_RICH_FIXED,fixed_origin_primary,红旗E-HS9,6,0.0
1757.0558268229167,1800.5577943843166,72.9904828355299,64.18468773782344,DEEPSEEK_RICH_FIXED,fixed_origin_primary,红旗E-QM5,6,16425.0
150.44151306152344,164.54121783013673,338.1028532593773,127.31298707604239,DEEPSEEK_RICH_FIXED,fixed_origin_primary,红旗EH7,6,709.0
2433.7215169270835,2909.173455126604,28.18206512116843,27.10006699991185,DEEPSEEK_RICH_FIXED,fixed_origin_primary,红旗H5,6,53883.0
419.25400797526044,471.86511266409394,73.60205690893906,51.717188483790345,DEEPSEEK_RICH_FIXED,fixed_origin_primary,红旗H5 PHEV,6,4864.0
253.7529296875,302.1255100508426,29.226246936682827,26.254829765907918,DEEPSEEK_RICH_FIXED,fixed_origin_primary,红旗H6,6,5799.0
135.93336486816406,144.12259094465986,31.156355049366862,30.707838449133444,DEEPSEEK_RICH_FIXED,fixed_origin_primary,红旗H9,6,2656.0
105.48724619547527,108.87067132469825,417.3937783107662,329.6476443608602,DEEPSEEK_RICH_FIXED,fixed_origin_primary,红旗HQ9,6,192.0
217.4900919596354,272.401444943054,45.090643987888626,32.92809870698492,DEEPSEEK_RICH_FIXED,fixed_origin_primary,红旗HS3,6,3963.0
708.5499064127604,809.0529899987886,64.04443419611668,54.69316143672408,DEEPSEEK_RICH_FIXED,fixed_origin_primary,红旗HS3 PHEV,6,7773.0
430.0808919270833,510.7535745239021,10.464970293845656,10.9102204953598,DEEPSEEK_RICH_FIXED,fixed_origin_primary,红旗HS5,6,23652.0
541.1847788492838,544.7211872293143,951.7007837058359,699.8079036844188,DEEPSEEK_RICH_FIXED,fixed_origin_primary,红旗HS7 PHEV,6,464.0
2.1674057046572366,3.0326010403789603,45.24510102139579,50.017054722859314,DEEPSEEK_RICH_FIXED,fixed_origin_primary,红旗国耀,6,26.0
109.43937174479167,125.71400796286589,92.1374584769666,35.4555200037122,DEEPSEEK_RICH_FIXED,fixed_origin_primary,红旗天工05,6,1852.0
102.45942942301433,108.05599706647804,195.44243834266473,132.7767983883555,DEEPSEEK_RICH_FIXED,fixed_origin_primary,红旗天工06,6,463.0
165.05427042643228,181.42291405941296,464.60727949431913,215.2881788170856,DEEPSEEK_RICH_FIXED,fixed_origin_primary,红旗天工08,6,460.0
846.3588663736979,1320.4069307438945,28.099645927241124,37.786689472744904,DEEPSEEK_RICH_FIXED,fixed_origin_primary,纳米01,6,13439.0
152.5944366455078,231.9448594689654,22.915671611865605,29.774524223513723,DEEPSEEK_RICH_FIXED,fixed_origin_primary,缤智,6,3075.0
463.24541727701825,700.1617934167397,43.82197127972345,63.55985601788496,DEEPSEEK_RICH_FIXED,fixed_origin_primary,缤瑞,6,4373.0
3176.793701171875,3950.8975595951497,25.14270653747194,28.72370320081865,DEEPSEEK_RICH_FIXED,fixed_origin_primary,缤越,6,66359.0
55.81445028384527,93.71230171899265,98.59072931775155,101.78927103436826,DEEPSEEK_RICH_FIXED,fixed_origin_primary,羿驰05,6,329.0
51.551439921061196,61.42087296785492,44.24237522167773,33.11655669447186,DEEPSEEK_RICH_FIXED,fixed_origin_primary,胜达,6,934.0
1447.5697835286458,1791.996653183467,28.51926663672829,30.770986683100244,DEEPSEEK_RICH_FIXED,fixed_origin_primary,腾势D9,6,28226.0
58.06902058919271,78.57556572541303,16.745224279895456,20.035314751877877,DEEPSEEK_RICH_FIXED,fixed_origin_primary,艾力绅,6,1739.0
278.1053161621094,366.3906688689659,17.207012280386888,19.81277483938086,DEEPSEEK_RICH_FIXED,fixed_origin_primary,艾瑞泽5,6,8422.0
3455.6451822916665,3717.8551805046154,51.29601977715102,41.1467971695773,DEEPSEEK_RICH_FIXED,fixed_origin_primary,艾瑞泽8,6,50390.0
1146.9602864583333,1247.1441524479912,50.805636626596815,42.80234928940166,DEEPSEEK_RICH_FIXED,fixed_origin_primary,英仕派,6,16078.0
142.13190460205078,145.23726955759403,1269.685371439293,1122.093983700401,DEEPSEEK_RICH_FIXED,fixed_origin_primary,荣威D5X DMH,6,76.0
427.612060546875,610.5257717603563,167.17762278503236,31.67887842056118,DEEPSEEK_RICH_FIXED,fixed_origin_primary,荣威D6,6,8099.0
195.46227010091147,227.18773514035908,40.63557634683217,31.782482943237632,DEEPSEEK_RICH_FIXED,fixed_origin_primary,荣威D7,6,3690.0
0.1949909646064043,0.22406449807129158,,,DEEPSEEK_RICH_FIXED,fixed_origin_primary,荣威RX3,6,0.0
2026.0940348307292,2255.1963536527805,247.53001283956291,48.203989884548854,DEEPSEEK_RICH_FIXED,fixed_origin_primary,荣威i5,6,25219.0
90.23596254984538,96.66251602463167,683.1136365238099,1746.5025009647495,DEEPSEEK_RICH_FIXED,fixed_origin_primary,荣威i6 MAX新能源,6,31.0
59.72665214538574,60.630920783122455,746.7972508804265,577.9998594714749,DEEPSEEK_RICH_FIXED,fixed_origin_primary,荣威iMAX8,6,62.0
88.48945744832356,92.7673033504556,310.11401492307226,178.1666928489736,DEEPSEEK_RICH_FIXED,fixed_origin_primary,荣威iMAX8新能源,6,298.0
460.2967987060547,495.389770894661,48.60975002820062,50.480365421976394,DEEPSEEK_RICH_FIXED,fixed_origin_primary,菱智,6,5471.0
673.3053792317709,724.5421132267375,37.060055791499366,31.829753194064175,DEEPSEEK_RICH_FIXED,fixed_origin_primary,蒙迪欧,6,12692.0
125.85690307617188,187.73165220493738,25.727625321049803,18.840853753917948,DEEPSEEK_RICH_FIXED,fixed_origin_primary,蔚来ET5,6,4008.0
394.4558512369792,642.9117495994935,26.578598597699333,19.590556306778208,DEEPSEEK_RICH_FIXED,fixed_origin_primary,蔚来ET5T,6,12081.0
67.35041491190593,74.61498736717057,499.02273398527984,420.94009319941205,DEEPSEEK_RICH_FIXED,fixed_origin_primary,蔚来ET7,6,96.0
46.65448673566183,78.30647088214671,96.92260927811166,100.6931368395579,DEEPSEEK_RICH_FIXED,fixed_origin_primary,蔚来ET9,6,278.0
360.27271525065106,725.5421357583642,21.31537343829732,34.54748747808704,DEEPSEEK_RICH_FIXED,fixed_origin_primary,豪越L,6,6257.0
470.60198974609375,541.3023146787533,43.36902511647586,32.17058150252436,DEEPSEEK_RICH_FIXED,fixed_origin_primary,赛图斯,6,8777.0
2936.3839518229165,3073.5956578954033,41.35653554626651,41.93336596676782,DEEPSEEK_RICH_FIXED,fixed_origin_primary,赛那SIENNA,6,42015.0
156.8833796183268,160.73041223704791,707.5691559678569,388.9670569049426,DEEPSEEK_RICH_FIXED,fixed_origin_primary,起亚EV5,6,242.0
543.0708923339844,608.0716953770157,52.518128158080934,56.80657869602347,DEEPSEEK_RICH_FIXED,fixed_origin_primary,起亚K3,6,5736.0
153.99370829264322,164.01094532041222,1662.657802792044,466.6476008867977,DEEPSEEK_RICH_FIXED,fixed_origin_primary,起亚K5凯酷,6,198.0
0.1492125621686379,0.17171953626287684,,,DEEPSEEK_RICH_FIXED,fixed_origin_primary,起亚KX3傲跑,6,0.0
45.72942988077799,58.51867005183416,42.77582551056209,37.33014684145142,DEEPSEEK_RICH_FIXED,fixed_origin_primary,轩度EV,6,735.0
5856.870279947917,6374.65644414865,42.257939732352305,36.94059821893166,DEEPSEEK_RICH_FIXED,fixed_origin_primary,轩逸,6,95129.0
2368.357421875,2985.95143273835,18.07431414122226,18.50857628848859,DEEPSEEK_RICH_FIXED,fixed_origin_primary,迈腾,6,76776.0
20.75850494702657,47.70928687830018,98.99168125653671,105.55172006962663,DEEPSEEK_RICH_FIXED,fixed_origin_primary,迈腾PHEV,6,118.0
395.2220865885417,748.1012855748754,1457.1785855245275,104.83344471844606,DEEPSEEK_RICH_FIXED,fixed_origin_primary,迈锐宝XL,6,2262.0
857.5953776041666,996.2585266000876,22.669116592528766,18.72615279723779,DEEPSEEK_RICH_FIXED,fixed_origin_primary,逍客,6,27478.0
79.0503527323405,165.5497547410026,150.83001519150926,93.18312699293575,DEEPSEEK_RICH_FIXED,fixed_origin_primary,途安,6,509.0
1824.5179036458333,1903.0487115587168,22.73578723178117,21.540095670920074,DEEPSEEK_RICH_FIXED,fixed_origin_primary,途岳,6,50822.0
269.13490804036456,346.87310712161474,18.078392693007917,13.995575041100603,DEEPSEEK_RICH_FIXED,fixed_origin_primary,途昂,6,11538.0
274.4600830078125,350.2550972319501,16.8949868807161,16.184378359183047,DEEPSEEK_RICH_FIXED,fixed_origin_primary,途胜L,6,10175.0
2383.5418294270835,3070.737364275995,15.937982612511254,17.270790735650195,DEEPSEEK_RICH_FIXED,fixed_origin_primary,途观L,6,82806.0
200.18443806966147,217.63762614366388,9512.061376536676,237.37285146600172,DEEPSEEK_RICH_FIXED,fixed_origin_primary,途观L新能源,6,506.0
3734.8269856770835,4636.593738766915,29.891671851843583,26.490952836664068,DEEPSEEK_RICH_FIXED,fixed_origin_primary,速腾,6,84591.0
2233.8308919270835,2553.7010785070192,26.27055630816545,22.858725912546475,DEEPSEEK_RICH_FIXED,fixed_origin_primary,逸动,6,58634.0
100.8920332590739,117.51109267289692,5018.777721270961,310.43702541253504,DEEPSEEK_RICH_FIXED,fixed_origin_primary,钇为3,6,195.0
2658.9444173177085,2968.156140042601,37.13800827828679,38.42590323210715,DEEPSEEK_RICH_FIXED,fixed_origin_primary,铂智3X,6,41518.0
41.90872319539388,44.58015364368791,1122.6953797626545,75.51121296467366,DEEPSEEK_RICH_FIXED,fixed_origin_primary,铂智4X,6,333.0
1721.6430039405823,2431.860341665199,99.2866890043008,99.79574943139305,DEEPSEEK_RICH_FIXED,fixed_origin_primary,铂智7,6,10351.0
95.84180196126302,113.04091810500121,61.13457192196107,45.03138698258247,DEEPSEEK_RICH_FIXED,fixed_origin_primary,银河E8,6,1277.0
233.89224497477213,375.3306978995855,37.416877024387205,54.351412465090355,DEEPSEEK_RICH_FIXED,fixed_origin_primary,银河V900,6,2582.0
1900.1165771484375,2197.4231557846633,116.45815911773256,74.85194316125418,DEEPSEEK_RICH_FIXED,fixed_origin_primary,银河星耀6,6,15231.0
1286.8758060137432,2460.815368423532,95.82365133295467,99.0285345143319,DEEPSEEK_RICH_FIXED,fixed_origin_primary,银河星耀7,6,7797.0
1868.8302408854167,2699.158920677393,12.037581746331288,14.26134365063593,DEEPSEEK_RICH_FIXED,fixed_origin_primary,锋兰达,6,78625.0
286.82395426432294,329.5985431175424,15.8452568746403,16.236849944201694,DEEPSEEK_RICH_FIXED,fixed_origin_primary,锐界L,6,10599.0
57.7725632985433,60.17095656153841,2405.8985316564167,1650.6446656726655,DEEPSEEK_RICH_FIXED,fixed_origin_primary,锐程PLUS,6,21.0
65.36343129475911,73.24598127185817,36.671325517843215,32.01474185865752,DEEPSEEK_RICH_FIXED,fixed_origin_primary,锐际,6,1225.0
3534.3512369791665,3970.98159531741,27.38139044252043,29.0645917352526,DEEPSEEK_RICH_FIXED,fixed_origin_primary,长安CS75 PLUS,6,72962.0
4139.27392578125,4277.136316871874,263.7607269552504,210.0088242405505,DEEPSEEK_RICH_FIXED,fixed_origin_primary,长安Lumin,6,11826.0
73.37636311848958,78.52315213302089,1295.1529548054452,265.21577030779366,DEEPSEEK_RICH_FIXED,fixed_origin_primary,长安UNI-K,6,166.0
2.257412572701772,2.633976070460082,162.3035579919815,193.49250623158045,DEEPSEEK_RICH_FIXED,fixed_origin_primary,长安UNI-K 智电iDD,6,7.0
48.762579600016274,53.69066783089111,1142.9448077406003,286.8387035295075,DEEPSEEK_RICH_FIXED,fixed_origin_primary,长安UNI-T,6,102.0
986.0970865885416,1083.5902870471446,64.11173816605775,46.908606354802586,DEEPSEEK_RICH_FIXED,fixed_origin_primary,长安UNI-V,6,12613.0
1785.2055257161458,2650.7613154294386,52.83880532170823,54.075288541482614,DEEPSEEK_RICH_FIXED,fixed_origin_primary,长安UNI-Z新能源,6,19808.0
3761.5196940104165,3848.6660479926195,44.5372838247295,44.90830580241663,DEEPSEEK_RICH_FIXED,fixed_origin_primary,长安X5 PLUS,6,50256.0
744.6526082356771,909.0252824092552,68.06529417158302,48.01628854824355,DEEPSEEK_RICH_FIXED,fixed_origin_primary,长安启源A07,6,9305.0
2029.8809000651042,2048.728852581579,,,DEEPSEEK_RICH_FIXED,fixed_origin_primary,长安启源Q05经典,6,0.0
1134.491719563802,1160.8285292852217,378.8381617002441,255.13307036667214,DEEPSEEK_RICH_FIXED,fixed_origin_primary,长安欧尚520,6,2668.0
5275.205078125,5804.474792274222,122.29498122495424,78.34269069763124,DEEPSEEK_RICH_FIXED,fixed_origin_primary,雅阁,6,40401.0
3192.701171875,3599.4150865232355,114.86500075854005,89.23976069714898,DEEPSEEK_RICH_FIXED,fixed_origin_primary,零跑B01,6,21466.0
1792.150146484375,2379.001766888842,92.9333003601644,53.646482133836805,DEEPSEEK_RICH_FIXED,fixed_origin_primary,零跑Lafa5,6,20044.0
663.3812357584635,723.9252078282962,15348.379280382354,105.49396805064355,DEEPSEEK_RICH_FIXED,fixed_origin_primary,零跑T03,6,3773.0
457.4844156901042,520.8234451337854,214.35768013286292,104.52804623536271,DEEPSEEK_RICH_FIXED,fixed_origin_primary,雷凌,6,2626.0
943.8677164713541,1286.7248020813458,20.585125114327486,24.45253151480192,DEEPSEEK_RICH_FIXED,fixed_origin_primary,领克03,6,23160.0
481.3958740234375,737.1098902182337,20.804416419609502,23.72382130710986,DEEPSEEK_RICH_FIXED,fixed_origin_primary,领克07,6,12175.0
702.0139567057291,965.2810953779324,20.9365521701805,23.37060278663028,DEEPSEEK_RICH_FIXED,fixed_origin_primary,领克10,6,18023.0
2701.806884765625,2891.339006686046,126.02919332139561,121.39315043128462,DEEPSEEK_RICH_FIXED,fixed_origin_primary,风云A9L,6,13354.0
4.358970642089844,4.715919781977847,53.020933527049685,45.092799745757006,DEEPSEEK_RICH_FIXED,fixed_origin_primary,风光330,6,58.0
35.61849149068197,37.276026332383005,84.4706643218315,78.86012876165749,DEEPSEEK_RICH_FIXED,fixed_origin_primary,风光380,6,271.0
24.597688674926758,24.99256397412417,1418.647060394287,737.9306602478027,DEEPSEEK_RICH_FIXED,fixed_origin_primary,风光E380,6,20.0
118.06500498453777,119.90868689478043,76.26717113585663,73.63721724607345,DEEPSEEK_RICH_FIXED,fixed_origin_primary,飞凡F7,6,962.0
163.60248819986978,192.58466068986993,33.81636458697552,27.396453508211522,DEEPSEEK_RICH_FIXED,fixed_origin_primary,马自达3 昂克赛拉,6,3583.0
394.02964274088544,460.0315182570614,29.235377453435383,28.834953731495457,DEEPSEEK_RICH_FIXED,fixed_origin_primary,马自达EZ-6,6,8199.0
4662.6943359375,4903.336585659921,14232.45351411908,637.5607569650183,DEEPSEEK_RICH_FIXED,fixed_origin_primary,驱逐舰05,6,4388.0
30.69830576578776,36.09010798307736,58.156422178452125,37.210067594894255,DEEPSEEK_RICH_FIXED,fixed_origin_primary,骐达,6,495.0
353.93886311848956,386.28074002659497,33.317028203895035,28.322661759281644,DEEPSEEK_RICH_FIXED,fixed_origin_primary,高尔夫,6,7498.0
54.79515075683594,63.474145244440614,36.281336723529876,33.47972551334171,DEEPSEEK_RICH_FIXED,fixed_origin_primary,高尔夫GTI,6,982.0
606.6904296875,761.3777248668035,11.870463811866241,10.635295463011657,DEEPSEEK_RICH_FIXED,fixed_origin_primary,魏牌 高山,6,34227.0
1642.063232421875,1762.504326430708,48.731336137123556,40.54977731625818,LOCAL_LEXICON_FIXED,fixed_origin_primary,AION RT,6,24297.0
1202.6583658854167,1297.2833322633833,106.68954648858924,54.57120317108447,LOCAL_LEXICON_FIXED,fixed_origin_primary,AION S,6,13223.0
749.9280192057291,898.3506778740199,51.44531805313872,38.212892698381104,LOCAL_LEXICON_FIXED,fixed_origin_primary,AION UT,6,11775.0
141.10830434163412,149.266958514144,221.44557403832636,173.85006695067858,LOCAL_LEXICON_FIXED,fixed_origin_primary,EO 羿欧,6,487.0
0.6631217102209727,0.6665775587857918,,,LOCAL_LEXICON_FIXED,fixed_origin_primary,EVOS,6,0.0
623.308848063151,657.7759641350851,167.83484066485096,109.8341582490134,LOCAL_LEXICON_FIXED,fixed_origin_primary,ID.4 CROZZ,6,3405.0
52.14635467529297,66.6977275625765,176.79276605606276,55.67226477789284,LOCAL_LEXICON_FIXED,fixed_origin_primary,ID.4 X,6,562.0
44.68191687266032,48.815220523601155,7041.524505615234,26809.15012359619,LOCAL_LEXICON_FIXED,fixed_origin_primary,ID.6 CROZZ,6,1.0
44.697631200154625,47.90844539712135,579.2384305739785,367.37779068620233,LOCAL_LEXICON_FIXED,fixed_origin_primary,IQ傲歌,6,73.0
119.81239064534505,202.59289174913283,161.20761648958012,94.96358571625764,LOCAL_LEXICON_FIXED,fixed_origin_primary,IQ锐歌,6,757.0
6986.1190999348955,7947.653604170445,55.72738706787541,59.24372761523805,LOCAL_LEXICON_FIXED,fixed_origin_primary,MG4,6,70753.0
37.90808296203613,42.71341736248883,482.4229170027233,199.51622611597966,LOCAL_LEXICON_FIXED,fixed_origin_primary,MG6,6,114.0
389.42933654785156,448.91922641976925,48.50805759619652,52.56638963525555,LOCAL_LEXICON_FIXED,fixed_origin_primary,MG7,6,4445.0
21.401639103889465,26.9606558584444,,,LOCAL_LEXICON_FIXED,fixed_origin_primary,Model 3,6,0.0
3.3818426430225372,4.744954216664768,,,LOCAL_LEXICON_FIXED,fixed_origin_primary,Model Y,6,0.0
62.58432261149088,69.82308486402863,29.5334802895337,28.06471865986138,LOCAL_LEXICON_FIXED,fixed_origin_primary,PATHFINDER探陆,6,1338.0
86.83665148417155,92.33056269488792,,,LOCAL_LEXICON_FIXED,fixed_origin_primary,Polestar 4,6,0.0
459.4171549479167,629.2102235157286,60.29335952502998,55.69818003005658,LOCAL_LEXICON_FIXED,fixed_origin_primary,QQ冰淇淋,6,4949.0
2209.4864908854165,2803.882268555581,17.84648991854832,19.24807466578462,LOCAL_LEXICON_FIXED,fixed_origin_primary,RAV4荣放,6,68874.0
631.1473999023438,880.2797258882973,23.000485705925556,27.55901607899034,LOCAL_LEXICON_FIXED,fixed_origin_primary,T-ROC探歌,6,13741.0
400.7316182454427,447.2770706259347,40.35857534756824,39.416224745453384,LOCAL_LEXICON_FIXED,fixed_origin_primary,eπ007,6,6100.0
401.9267832438151,486.315469211754,55.78332783145661,63.52899629775792,LOCAL_LEXICON_FIXED,fixed_origin_primary,e爱丽舍,6,3796.0
2154.772501627604,2337.2801471100242,45.05368251893829,44.65695488848615,LOCAL_LEXICON_FIXED,fixed_origin_primary,firefly萤火虫,6,28951.0
71.96110979715984,73.6685322671614,,,LOCAL_LEXICON_FIXED,fixed_origin_primary,iCAR 03,6,0.0
106.51141357421875,143.81612385224278,36.77566231195298,39.59532103130808,LOCAL_LEXICON_FIXED,fixed_origin_primary,世纪,6,1614.0
147.31529235839844,162.3585490016776,162.24311562696715,51.68957626610472,LOCAL_LEXICON_FIXED,fixed_origin_primary,东风本田S7,6,1710.0
633.0279947916666,780.1457464710315,208.99280323350192,61.940116907208086,LOCAL_LEXICON_FIXED,fixed_origin_primary,丰田bZ3,6,6132.0
487.5251159667969,525.6526491884183,76.25077891630356,54.76784676653775,LOCAL_LEXICON_FIXED,fixed_origin_primary,丰田bZ5,6,5341.0
126.6697998046875,203.16647299387972,37.49550243032832,46.37088461428463,LOCAL_LEXICON_FIXED,fixed_origin_primary,五菱佳辰,6,1639.0
0.05761594076951345,0.08993803403160891,,,LOCAL_LEXICON_FIXED,fixed_origin_primary,五菱宏光,6,0.0
0.2192252160360416,0.3266197791834559,,,LOCAL_LEXICON_FIXED,fixed_origin_primary,五菱宏光S,6,0.0
57.92907873789469,60.95861196722017,66.66487769342494,66.97003322299965,LOCAL_LEXICON_FIXED,fixed_origin_primary,五菱征程,6,519.0
0.09419793635606766,0.10721382154207572,,,LOCAL_LEXICON_FIXED,fixed_origin_primary,五菱星云,6,0.0
843.072519938151,857.0241735493596,263.4926172767838,224.12206998798877,LOCAL_LEXICON_FIXED,fixed_origin_primary,五菱星光,6,2257.0
304.56668345133465,328.91601118007713,2622.4994004606015,132.6124891660383,LOCAL_LEXICON_FIXED,fixed_origin_primary,五菱星驰,6,1378.0
2.2689230951170125,2.749546069111505,70.11755131930113,80.07963865118867,LOCAL_LEXICON_FIXED,fixed_origin_primary,亚洲狮,6,17.0
3005.0450846354165,3170.958736432075,47.86718020488501,38.87845115536592,LOCAL_LEXICON_FIXED,fixed_origin_primary,亚洲龙,6,46376.0
0.044841727862755455,0.07180902165020779,,,LOCAL_LEXICON_FIXED,fixed_origin_primary,享域,6,0.0
768.1531575520834,882.14566654907,26.523116371307125,21.54707314311594,LOCAL_LEXICON_FIXED,fixed_origin_primary,伊兰特,6,21390.0
352.7322082519531,445.12864859249174,23.159248547347477,23.702466676130797,LOCAL_LEXICON_FIXED,fixed_origin_primary,传祺E8新能源,6,8929.0
0.03500433390339216,0.04865006466875153,,,LOCAL_LEXICON_FIXED,fixed_origin_primary,传祺GA8,6,0.0
718.7168579101562,923.9657803963742,31.0420137670131,37.4266719967101,LOCAL_LEXICON_FIXED,fixed_origin_primary,传祺M6,6,11522.0
2365.9483642578125,2619.935382836048,44.26491573892055,48.57877689941439,LOCAL_LEXICON_FIXED,fixed_origin_primary,传祺M8,6,29222.0
1648.8011474609375,1918.1448916169527,54.1058944461848,39.3305247277288,LOCAL_LEXICON_FIXED,fixed_origin_primary,元PLUS,6,25153.0
6026.927734375,6383.755297988148,70.89900423636948,43.7420665371356,LOCAL_LEXICON_FIXED,fixed_origin_primary,元UP,6,82670.0
42.49553426106771,50.903766075320064,15.669212536170821,13.197370888530344,LOCAL_LEXICON_FIXED,fixed_origin_primary,冠道,6,1932.0
95.97777557373047,101.54522836816038,47.3547196782512,37.540199051002794,LOCAL_LEXICON_FIXED,fixed_origin_primary,凌宝BOX,6,1534.0
54.81236902872721,57.958126828648034,890.5230310477461,557.4139223260395,LOCAL_LEXICON_FIXED,fixed_origin_primary,凌尚,6,59.0
3.737412373224894,4.353729205934358,48.999015779206246,86.2479778436514,LOCAL_LEXICON_FIXED,fixed_origin_primary,凌放HARRIER,6,26.0
556.2873738606771,594.3463706422812,37.28331735354352,28.900547607273896,LOCAL_LEXICON_FIXED,fixed_origin_primary,凌渡,6,11549.0
421.3106994628906,531.1553378163849,34.19150101116969,39.497878074645996,LOCAL_LEXICON_FIXED,fixed_origin_primary,凡尔赛C5 X,6,6400.0
52.2458860874176,76.4294508431123,97.33372060710943,100.15185831453854,LOCAL_LEXICON_FIXED,fixed_origin_primary,凯威德,6,313.0
1704.9508463541667,2136.7682455710687,10.739524166458162,11.89763445194287,LOCAL_LEXICON_FIXED,fixed_origin_primary,凯美瑞,6,85981.0
381.4181594848633,580.2840585302711,87.95018371981033,78.42731175151404,LOCAL_LEXICON_FIXED,fixed_origin_primary,凯翼拾月,6,2918.0
531.857177734375,802.8730714930089,15.908675529597913,20.767558677640572,LOCAL_LEXICON_FIXED,fixed_origin_primary,凯迪拉克CT5,6,15366.0
815.0688883463541,971.6448790824071,20.571027335841872,22.554136097763802,LOCAL_LEXICON_FIXED,fixed_origin_primary,凯迪拉克XT5,6,21683.0
80.2125129699707,87.93608362410014,106.36805652889463,89.45633416725357,LOCAL_LEXICON_FIXED,fixed_origin_primary,凯迪拉克XT6,6,538.0
1.1113177041212718,1.2222682680251127,62.92541225751241,66.6790622472763,LOCAL_LEXICON_FIXED,fixed_origin_primary,别克E4,6,10.0
0.023783196695148945,0.053793500444870294,,,LOCAL_LEXICON_FIXED,fixed_origin_primary,别克GL6,6,0.0
962.0697021484375,1100.622609158019,27.65843982653123,29.37168988393947,LOCAL_LEXICON_FIXED,fixed_origin_primary,别克GL8,6,19653.0
595.6111653645834,690.6463236681801,26.455459485291673,23.54970011326194,LOCAL_LEXICON_FIXED,fixed_origin_primary,别克GL8新能源,6,15175.0
53.85941950480143,63.53141652269513,35.248241475521375,37.84034157246003,LOCAL_LEXICON_FIXED,fixed_origin_primary,勇士,6,854.0
769.8645935058594,824.2776638119918,8187.291639315353,542.1581644407461,LOCAL_LEXICON_FIXED,fixed_origin_primary,北京EU5,6,852.0
36.18790817260742,37.73430974453745,35.67069899237938,31.883619535336937,LOCAL_LEXICON_FIXED,fixed_origin_primary,北京现代ix35,6,681.0
169.41512517134348,237.14399365230437,95.6252967780097,97.55189549213637,LOCAL_LEXICON_FIXED,fixed_origin_primary,博越REV,6,1042.0
1606.0048014322917,2172.769077677122,25.628423617414413,30.660649130055205,LOCAL_LEXICON_FIXED,fixed_origin_primary,卡罗拉,6,31428.0
0.0,0.0,,,LOCAL_LEXICON_FIXED,fixed_origin_primary,卡罗拉双擎E+,6,0.0
3591.9659830729165,3929.9716942746363,38.350857575879424,31.790591799208624,LOCAL_LEXICON_FIXED,fixed_origin_primary,卡罗拉锐放,6,67793.0
0.23032405910392603,0.3622715253299084,,,LOCAL_LEXICON_FIXED,fixed_origin_primary,合创A06,6,0.0
246.08939615885416,269.003217665184,41.80004698676701,33.842227296656546,LOCAL_LEXICON_FIXED,fixed_origin_primary,吉利ICON,6,4363.0
2067.9969075520835,2460.853433141648,62.36590570062265,62.248439498883755,LOCAL_LEXICON_FIXED,fixed_origin_primary,吉利熊猫,6,19933.0
710.1531982421875,884.3977919499284,28.116180943903313,29.966377308201174,LOCAL_LEXICON_FIXED,fixed_origin_primary,君威,6,14219.0
1127.1024169921875,1710.3030005305602,19.057238360797644,24.913846529447113,LOCAL_LEXICON_FIXED,fixed_origin_primary,君越,6,27144.0
52.55418141682943,59.619520304768685,53.132435204754735,45.83213495653729,LOCAL_LEXICON_FIXED,fixed_origin_primary,启辰D60,6,688.0
0.059128806771089636,0.10540681718562527,,,LOCAL_LEXICON_FIXED,fixed_origin_primary,启辰T60,6,0.0
1206.55224609375,1302.9666473952595,75.13970483618053,70.8070566956426,LOCAL_LEXICON_FIXED,fixed_origin_primary,唐新能源,6,10224.0
15.098063151041666,19.28679226858473,19.374253416809537,20.63516603787016,LOCAL_LEXICON_FIXED,fixed_origin_primary,嘉华,6,439.0
354.43686930338544,371.77601733091575,209.44480421984628,106.38425291747436,LOCAL_LEXICON_FIXED,fixed_origin_primary,型格,6,1999.0
143.15078608194986,156.4224167993035,38.82788848319975,57.72209116207656,LOCAL_LEXICON_FIXED,fixed_origin_primary,埃尚,6,1488.0
654.6878051757812,664.9351893980418,98.8009900879562,95.78460938928768,LOCAL_LEXICON_FIXED,fixed_origin_primary,夏,6,4101.0
260.46766153971356,341.030838120491,25.193810741454172,29.320937509161,LOCAL_LEXICON_FIXED,fixed_origin_primary,大众CC,6,5330.0
729.5556437174479,746.7708434629009,135.35690694187858,112.12433048936188,LOCAL_LEXICON_FIXED,fixed_origin_primary,大众ID.3,6,3904.0
122.00996398925781,135.31469686322046,374.8867062449817,196.26267665832356,LOCAL_LEXICON_FIXED,fixed_origin_primary,大家7,6,373.0
80.06650797526042,86.24406735237761,187.74672662259138,73.7940165670603,LOCAL_LEXICON_FIXED,fixed_origin_primary,大家9,6,651.0
27.618021647135418,30.194442407407525,18.217639322535227,16.90899284518495,LOCAL_LEXICON_FIXED,fixed_origin_primary,大通G10,6,980.0
78.07571156819661,96.70580413589684,28.093374022345323,30.718312748142928,LOCAL_LEXICON_FIXED,fixed_origin_primary,大通G50,6,1525.0
3.156329790751139,4.369643944667231,30.989527083119196,21.52043039148504,LOCAL_LEXICON_FIXED,fixed_origin_primary,大通G70,6,88.0
27.99129517873128,30.657894514973613,304.5929259545491,188.7053607554918,LOCAL_LEXICON_FIXED,fixed_origin_primary,大通G90,6,89.0
995.755859375,1182.329477130954,24.85333075631144,21.94745116541768,LOCAL_LEXICON_FIXED,fixed_origin_primary,天籁,6,27222.0
567.1167602539062,685.8986580448164,22.643448665923607,23.042598777838677,LOCAL_LEXICON_FIXED,fixed_origin_primary,奇骏,6,14767.0
1.0801446288824081,1.2820833442814055,,,LOCAL_LEXICON_FIXED,fixed_origin_primary,奔奔E-Star,6,0.0
2658.956298828125,2860.281413242839,116.24561011265182,61.301586140129686,LOCAL_LEXICON_FIXED,fixed_origin_primary,奔腾小马,6,26025.0
650.2716064453125,664.3008105904944,5597.339505569836,300.5877995895127,LOCAL_LEXICON_FIXED,fixed_origin_primary,奔驰A级,6,1298.0
2038.3351236979167,2512.354197819869,44.04379026747091,29.834388169169124,LOCAL_LEXICON_FIXED,fixed_origin_primary,奔驰C级,6,40993.0
1618.1663411458333,2367.9508086305345,13.590122975340927,15.857897994079215,LOCAL_LEXICON_FIXED,fixed_origin_primary,奔驰E级,6,61225.0
900.3752237955729,1094.2107883565056,452.83178250234346,88.79440076879416,LOCAL_LEXICON_FIXED,fixed_origin_primary,奔驰GLB,6,6084.0
2214.5543619791665,2561.295746991205,24.632626664802793,25.291368315425316,LOCAL_LEXICON_FIXED,fixed_origin_primary,奔驰GLC,6,52537.0
423.7908121744792,429.7313939047921,159.8050129176016,150.9047402401706,LOCAL_LEXICON_FIXED,fixed_origin_primary,奔驰V级,6,1685.0
673.7267608642578,743.1045180603173,73.44555400227264,76.08433211341139,LOCAL_LEXICON_FIXED,fixed_origin_primary,奕炫,6,5313.0
914.4254760742188,959.719729591198,46.70447366533651,47.96357073560025,LOCAL_LEXICON_FIXED,fixed_origin_primary,奕跑,6,11439.0
167.33380126953125,267.9442951256028,14.30973676489979,17.080687438196453,LOCAL_LEXICON_FIXED,fixed_origin_primary,奥德赛,6,5878.0
1338.6456705729167,1764.5891382181621,20.92487833587553,23.379734596953774,LOCAL_LEXICON_FIXED,fixed_origin_primary,奥迪A3,6,34354.0
1437.7767333984375,1528.1414009785324,76.08374253359452,60.83252521254231,LOCAL_LEXICON_FIXED,fixed_origin_primary,奥迪A4L,6,14181.0
1231.560038248698,1402.437282004251,35.94217792088553,33.31091479733214,LOCAL_LEXICON_FIXED,fixed_origin_primary,奥迪A5L,6,22183.0
316.62762451171875,460.3480405996546,33.777678070604495,23.17352704403894,LOCAL_LEXICON_FIXED,fixed_origin_primary,奥迪A5L Sportback,6,8198.0
2819.1295572916665,3171.6147507276532,32.68381843129236,28.546702012978248,LOCAL_LEXICON_FIXED,fixed_origin_primary,奥迪A6L,6,59253.0
435.18463643391925,443.54033719230995,993.9764246447334,1878.494833527709,LOCAL_LEXICON_FIXED,fixed_origin_primary,奥迪A6L e-tron,6,139.0
187.1227773030599,203.78848323916822,52.5534362697088,48.28974898143481,LOCAL_LEXICON_FIXED,fixed_origin_primary,奥迪A7L,6,2325.0
749.4883117675781,825.4868975235005,151.8670507411849,91.34531526722463,LOCAL_LEXICON_FIXED,fixed_origin_primary,奥迪E5 Sportback,6,4923.0
126.15853118896484,228.82132184602358,28.01145691750583,37.62182838637123,LOCAL_LEXICON_FIXED,fixed_origin_primary,奥迪Q2L,6,2012.0
728.88037109375,830.4209214393771,27.117508308432075,29.05835366486711,LOCAL_LEXICON_FIXED,fixed_origin_primary,奥迪Q3,6,15050.0
30.210957845052082,34.81129362807366,31.99568106838267,27.506183166966995,LOCAL_LEXICON_FIXED,fixed_origin_primary,奥迪Q3 Sportback,6,659.0
416.3364842732747,604.4210898255488,564.3181878852758,107.07324927731025,LOCAL_LEXICON_FIXED,fixed_origin_primary,奥迪Q4 e-tron,6,2333.0
87.7853635152181,88.12850818835112,,,LOCAL_LEXICON_FIXED,fixed_origin_primary,奥迪Q5 e-tron,6,0.0
2072.2275390625,2639.647429111233,26.766861093815535,24.206851691636004,LOCAL_LEXICON_FIXED,fixed_origin_primary,奥迪Q5L,6,51363.0
228.56968943277994,431.39813279627333,76.46842701705299,77.83303839935753,LOCAL_LEXICON_FIXED,fixed_origin_primary,奥迪Q5L Sportback,6,1762.0
100.45289993286133,100.81462295633891,527.6422742853343,369.76527582648345,LOCAL_LEXICON_FIXED,fixed_origin_primary,奥迪Q6L Sportback e-tron,6,163.0
285.1807556152344,342.37154148175745,190.37833921322232,67.68530592133727,LOCAL_LEXICON_FIXED,fixed_origin_primary,奥迪Q6L e-tron,6,2528.0
4064.5638427734375,4821.199086124877,50.14884796221919,56.09776886030553,LOCAL_LEXICON_FIXED,fixed_origin_primary,威兰达,6,43473.0
283.7662353515625,294.9335822326964,171.57380480628913,115.82295320471938,LOCAL_LEXICON_FIXED,fixed_origin_primary,威朗,6,1470.0
572.9587910970052,586.75823436775,245.14912569205313,180.74409813785653,LOCAL_LEXICON_FIXED,fixed_origin_primary,威然,6,1902.0
259.6102752685547,264.11418385664695,93.26676151572686,83.38659805199829,LOCAL_LEXICON_FIXED,fixed_origin_primary,威霆,6,1868.0
52.47894859313965,54.83363089263877,1447.4472374197037,533.6842229810812,LOCAL_LEXICON_FIXED,fixed_origin_primary,威飒,6,59.0
71.07334899902344,78.68803896103435,43.16673506303876,38.7672812721946,LOCAL_LEXICON_FIXED,fixed_origin_primary,宋L EV,6,1100.0
3446.7959798177085,3465.4680772692827,2639.7680124560325,1380.559137443675,LOCAL_LEXICON_FIXED,fixed_origin_primary,宋PLUS新能源,6,1498.0
3112.9957682291665,3508.975065293931,27.23500863620027,24.48029386009463,LOCAL_LEXICON_FIXED,fixed_origin_primary,宋Pro新能源,6,76298.0
5010.10693359375,6714.639899730091,70.3961846244786,41.292657318867704,LOCAL_LEXICON_FIXED,fixed_origin_primary,宏光MINIEV,6,72799.0
790.2443033854166,918.5414439482097,18.185286172118484,17.85392107659939,LOCAL_LEXICON_FIXED,fixed_origin_primary,宝来,6,26557.0
6.680733839670817,7.257628526993997,476.5858870965463,235.79060610602883,LOCAL_LEXICON_FIXED,fixed_origin_primary,宝马1系,6,17.0
75.33056131998698,83.88586791973982,19.449698536552482,18.007305494817604,LOCAL_LEXICON_FIXED,fixed_origin_primary,宝马2系,6,2510.0
1253.0353190104167,1847.6043310644902,9.963823937835608,11.48730582151097,LOCAL_LEXICON_FIXED,fixed_origin_primary,宝马3系,6,65448.0
1821.6685384114583,2167.2036203431,22.520051184424773,22.751423222807084,LOCAL_LEXICON_FIXED,fixed_origin_primary,宝马5系,6,48041.0
1129.5675862630208,1156.0801116302641,30.576389340685413,30.849858972088512,LOCAL_LEXICON_FIXED,fixed_origin_primary,宝马X1,6,21969.0
5.130488475163777,6.0975919588751,145.29715946742468,128.26221187909442,LOCAL_LEXICON_FIXED,fixed_origin_primary,宝马X2,6,24.0
1577.6314290364583,1737.2978784432912,23.000904165809256,23.711895225998873,LOCAL_LEXICON_FIXED,fixed_origin_primary,宝马X3,6,39920.0
954.6759033203125,1143.4491563697077,18.018334988143177,19.009243752437115,LOCAL_LEXICON_FIXED,fixed_origin_primary,宝马X5,6,30133.0
180.3333536783854,198.11270367313244,17.71164204494025,17.052799402211388,LOCAL_LEXICON_FIXED,fixed_origin_primary,宝马i3,6,6345.0
151.17449442545572,170.39122316084573,64.61091114306528,52.06928625446237,LOCAL_LEXICON_FIXED,fixed_origin_primary,宝马i5,6,1742.0
189.91028849283853,221.1981882348813,29.644701811622063,24.567954526887263,LOCAL_LEXICON_FIXED,fixed_origin_primary,宝马iX1,6,4638.0
35.529663721720375,37.87685416228399,263.95443572172496,127.65148642534268,LOCAL_LEXICON_FIXED,fixed_origin_primary,宝马iX3,6,167.0
48.06124051411947,51.59285987240024,2948.774728727578,400.51033761766223,LOCAL_LEXICON_FIXED,fixed_origin_primary,宝骏KiWi EV,6,72.0
10221.710856119791,11860.300464394186,676.253359620628,76.19045062701097,LOCAL_LEXICON_FIXED,fixed_origin_primary,小米SU7,6,80496.0
0.5501134196917216,0.5757444263816691,,,LOCAL_LEXICON_FIXED,fixed_origin_primary,小虎FEV,6,0.0
0.21703734497229257,0.24047907961347162,,,LOCAL_LEXICON_FIXED,fixed_origin_primary,小鹏G3,6,0.0
3702.7483723958335,3837.4220553925425,43.26555079617038,35.65363049553056,LOCAL_LEXICON_FIXED,fixed_origin_primary,小鹏MONA M03,6,62312.0
0.04732559424640689,0.08150998314492769,,,LOCAL_LEXICON_FIXED,fixed_origin_primary,小鹏P5,6,0.0
468.54783121744794,578.5012348366832,48.041690673197316,31.982787113818972,LOCAL_LEXICON_FIXED,fixed_origin_primary,小鹏P7,6,8790.0
719.8239339192709,787.3667359929726,20.338800735401456,20.868494412039162,LOCAL_LEXICON_FIXED,fixed_origin_primary,小鹏P7+,6,20696.0
418.34592692057294,652.2404831205127,16.382852128961503,18.83875383911316,LOCAL_LEXICON_FIXED,fixed_origin_primary,小鹏X9,6,13324.0
1584.6092122395833,1862.0018005101178,30.64125769821769,29.76723629755009,LOCAL_LEXICON_FIXED,fixed_origin_primary,岚图梦想家,6,31940.0
50.53660583496094,56.75064034899241,27.278903751990867,45.121969495500835,LOCAL_LEXICON_FIXED,fixed_origin_primary,岚图追光L,6,672.0
3170.0458984375,3438.119978452241,26.353447481040078,23.763462507027736,LOCAL_LEXICON_FIXED,fixed_origin_primary,帕萨特,6,80040.0
1162.8768717447917,1191.65173105467,2111.0077178227593,199.3503208705357,LOCAL_LEXICON_FIXED,fixed_origin_primary,帕萨特新能源,6,3500.0
561.915771484375,572.6667785968849,316.59253761275045,290.1458372552711,LOCAL_LEXICON_FIXED,fixed_origin_primary,广汽本田P7,6,1162.0
477.94455973307294,605.508069449234,30.77805711159103,34.54604696299768,LOCAL_LEXICON_FIXED,fixed_origin_primary,库斯途,6,8301.0
298.7734120686849,398.6375082127687,59.80446101689041,43.31095608630368,LOCAL_LEXICON_FIXED,fixed_origin_primary,影豹,6,4139.0
59.08426411946615,61.9035028838683,60.10458658131773,41.51119258978886,LOCAL_LEXICON_FIXED,fixed_origin_primary,微蓝6,6,854.0
261.8047688802083,341.78415470329037,15.837303093587071,13.127432837048723,LOCAL_LEXICON_FIXED,fixed_origin_primary,思域,6,11966.0
709.3491617838541,885.458482817127,58.5194356183969,38.92532440738179,LOCAL_LEXICON_FIXED,fixed_origin_primary,悦意03,6,10934.0
394.71434529622394,399.53710335747525,255.7257131030386,238.73851530013548,LOCAL_LEXICON_FIXED,fixed_origin_primary,悦意07,6,992.0
6.288628975550334,6.481212170998031,507.94389247894287,628.8628975550334,LOCAL_LEXICON_FIXED,fixed_origin_primary,护卫舰07,6,6.0
110.03219985961914,111.61792030645388,6612.292142007866,2445.1599968804253,LOCAL_LEXICON_FIXED,fixed_origin_primary,捷豹XEL,6,27.0
583.824940999349,638.3586472383741,716.9899200822766,184.07512590625822,LOCAL_LEXICON_FIXED,fixed_origin_primary,捷豹XFL,6,1903.0
1065.8324788411458,1178.5989055983819,47.10056657232944,45.68179779303432,LOCAL_LEXICON_FIXED,fixed_origin_primary,捷达VA3,6,13999.0
69.30663299560547,73.98025867166908,71.72375861465467,65.28097299429086,LOCAL_LEXICON_FIXED,fixed_origin_primary,捷达VA7,6,637.0
2748.5143229166665,3210.5410870385645,22.20903617035792,22.446318770501843,LOCAL_LEXICON_FIXED,fixed_origin_primary,探岳,6,73469.0
217.08109029134116,391.396631061337,329.0789346976473,99.35061340564812,LOCAL_LEXICON_FIXED,fixed_origin_primary,探岳X,6,1311.0
6.852789004643758,7.252961476340406,326.793350928869,186.89424558119342,LOCAL_LEXICON_FIXED,fixed_origin_primary,探界者,6,22.0
73.24729410807292,80.32818647697152,10.01946762114121,10.258724664996206,LOCAL_LEXICON_FIXED,fixed_origin_primary,探险者,6,4284.0
119.17226155598958,160.78362474182143,21.569477980796595,23.00622809961189,LOCAL_LEXICON_FIXED,fixed_origin_primary,揽境,6,3108.0
585.336191813151,696.2090116364781,32.56602576379073,36.48469926115631,LOCAL_LEXICON_FIXED,fixed_origin_primary,揽巡,6,9626.0
0.11853812138239543,0.19120126785782615,,,LOCAL_LEXICON_FIXED,fixed_origin_primary,摩卡,6,0.0
2968.565185546875,3990.8287768418877,26.96404528202266,31.50451236960742,LOCAL_LEXICON_FIXED,fixed_origin_primary,新帝豪,6,56536.0
2803.3677571614585,2963.836944035184,120.31204628601708,120.72207380297675,LOCAL_LEXICON_FIXED,fixed_origin_primary,日产N6,6,13933.0
596.16064453125,621.5888119645006,52.358797184003826,48.03873042153505,LOCAL_LEXICON_FIXED,fixed_origin_primary,日产N7,6,7446.0
2032.4565632541974,2995.968226008553,99.40149870212632,99.8668362912553,LOCAL_LEXICON_FIXED,fixed_origin_primary,日产NX8,6,12211.0
2899.6162923177085,3254.7358332122394,33.300992762980826,34.049040539193385,LOCAL_LEXICON_FIXED,fixed_origin_primary,昂科威,6,51096.0
107.94556299845378,116.04837471886543,515.8125816503579,498.2102907620943,LOCAL_LEXICON_FIXED,fixed_origin_primary,昊铂GT,6,130.0
499.69227091471356,580.1262920706735,161.54628192955266,62.48757035198585,LOCAL_LEXICON_FIXED,fixed_origin_primary,星海S7,6,4798.0
538.6074015299479,582.8510349358197,96.0578858528927,58.050016331591294,LOCAL_LEXICON_FIXED,fixed_origin_primary,星海T5,6,5567.0
197.33863321940103,255.41928532399862,39.129089119006274,47.70474614489953,LOCAL_LEXICON_FIXED,fixed_origin_primary,星海V9,6,2482.0
3514.93408203125,4823.913346541892,26.633841976182303,32.12087742691183,LOCAL_LEXICON_FIXED,fixed_origin_primary,星瑞,6,65657.0
373.15581734975177,634.24492565564,357.07868827030313,96.33971188031457,LOCAL_LEXICON_FIXED,fixed_origin_primary,星瑞L,6,2324.0
5934.066080729167,7375.930016263195,41.551688290463915,46.08744723169674,LOCAL_LEXICON_FIXED,fixed_origin_primary,星越L,6,77254.0
823.1957801183065,1480.8249041090119,91.88099806601909,98.58632097225227,LOCAL_LEXICON_FIXED,fixed_origin_primary,星越L 智擎,6,5010.0
216.88457743326822,241.66936470502745,590.7774046056683,159.8657818918439,LOCAL_LEXICON_FIXED,fixed_origin_primary,星途ES,6,814.0
236.15214029947916,325.28865808514985,14.517052522876067,16.308849468196073,LOCAL_LEXICON_FIXED,fixed_origin_primary,普拉多,6,8688.0
277.6633605957031,323.83363400197607,38.35902720890989,29.325473747125834,LOCAL_LEXICON_FIXED,fixed_origin_primary,智己L6,6,5681.0
8.154372056325277,10.951806655648078,283.9342410043205,73.0242273700771,LOCAL_LEXICON_FIXED,fixed_origin_primary,智己L7,6,67.0
27.20546531677246,30.696125323183065,100.66920383552767,73.19856139041919,LOCAL_LEXICON_FIXED,fixed_origin_primary,智跑,6,223.0
865.2353922526041,870.2862567502591,908.7857407731981,1021.931565652682,LOCAL_LEXICON_FIXED,fixed_origin_primary,曹操60,6,508.0
2595.9952799479165,3245.196786742419,13.814402392834205,15.503878643992932,LOCAL_LEXICON_FIXED,fixed_origin_primary,朗逸,6,100465.0
1835.2991536458333,3230.9258310959517,13.073788164874568,15.938564636736674,LOCAL_LEXICON_FIXED,fixed_origin_primary,本田CR-V,6,69089.0
1438.1044108072917,1459.430501823721,70.74532038571286,70.98828848082064,LOCAL_LEXICON_FIXED,fixed_origin_primary,本田HR-V,6,12155.0
28.36073048909505,31.227638772015343,16.85588295789233,17.188321508542455,LOCAL_LEXICON_FIXED,fixed_origin_primary,本田UR-V,6,990.0
190.42337799072266,230.5155642759275,92.72129071985034,63.01931979836382,LOCAL_LEXICON_FIXED,fixed_origin_primary,本田XR-V,6,1813.0
619.681396484375,673.9145696083871,28.200931795481615,24.783951332530663,LOCAL_LEXICON_FIXED,fixed_origin_primary,极氪001,6,15002.0
646.0518391927084,879.6488499764755,53.39627697415635,54.703796714031185,LOCAL_LEXICON_FIXED,fixed_origin_primary,极氪009,6,7086.0
2878.9757283528647,3433.8405990232927,2669.089046901629,80.50451773368685,LOCAL_LEXICON_FIXED,fixed_origin_primary,极狐 阿尔法S5,6,21457.0
332.21546936035156,348.9228363275182,627.622272434893,260.9022010683389,LOCAL_LEXICON_FIXED,fixed_origin_primary,极狐考拉,6,764.0
212.86697387695312,237.91597507835493,23.847299927340813,23.293850871087336,LOCAL_LEXICON_FIXED,fixed_origin_primary,林肯Z,6,5483.0
136.575075785319,183.30178640858892,686.339066269163,59.81390180378935,LOCAL_LEXICON_FIXED,fixed_origin_primary,枫叶60s,6,1370.0
55.11671829223633,63.19469319512068,2261.1767941013027,128.17841463310774,LOCAL_LEXICON_FIXED,fixed_origin_primary,标致4008,6,258.0
404.92344156901044,541.9059773398078,45.845865354384955,54.48622223400006,LOCAL_LEXICON_FIXED,fixed_origin_primary,标致408,6,4459.0
56.51398722330729,62.921358745881534,236.02011921570733,205.50540808475378,LOCAL_LEXICON_FIXED,fixed_origin_primary,标致408X,6,165.0
32.62998708089193,49.860134058550024,19.39651434782833,24.051587528912968,LOCAL_LEXICON_FIXED,fixed_origin_primary,标致5008,6,814.0
56.29362106323242,68.47482409039611,59.13978624923145,46.976596158469334,LOCAL_LEXICON_FIXED,fixed_origin_primary,标致508,6,719.0
1430.8682047526042,1707.6409118632423,70.83006663698126,47.51873154655242,LOCAL_LEXICON_FIXED,fixed_origin_primary,格瑞维亚,6,18067.0
716.2014567057291,802.3814765420574,160.82670391172672,90.33442800576782,LOCAL_LEXICON_FIXED,fixed_origin_primary,欧拉好猫,6,4757.0
11.71382729212443,12.138875269458953,,,LOCAL_LEXICON_FIXED,fixed_origin_primary,欧拉闪电猫,6,0.0
212.0102081298828,221.02712908137374,40.05393003535309,40.537324690226164,LOCAL_LEXICON_FIXED,fixed_origin_primary,欧诺S,6,3138.0
64.03305562337239,66.33283958405858,859.816126404757,753.3300661573223,LOCAL_LEXICON_FIXED,fixed_origin_primary,比亚迪M9,6,51.0
863.0379638671875,1209.0641139236966,113.64021642623274,44.08127848134098,LOCAL_LEXICON_FIXED,fixed_origin_primary,比亚迪e7,6,11747.0
26.391508517165978,33.169131392931355,99.12279636825481,99.59059817798483,LOCAL_LEXICON_FIXED,fixed_origin_primary,比亚迪e9,6,159.0
2522.683349609375,2736.9606010223843,100.80010237473469,87.5982412040989,LOCAL_LEXICON_FIXED,fixed_origin_primary,汉,6,17279.0
0.05887229181826115,0.09075918452835834,,,LOCAL_LEXICON_FIXED,fixed_origin_primary,江淮A5 PLUS,6,0.0
2.6681025326251984,4.167343657130408,61.73825295103921,84.25586945132206,LOCAL_LEXICON_FIXED,fixed_origin_primary,江淮QX PHEV,6,19.0
0.021540172398090363,0.05276243134690368,,,LOCAL_LEXICON_FIXED,fixed_origin_primary,沃兰多,6,0.0
0.3913270845077932,0.5785939271821017,,,LOCAL_LEXICON_FIXED,fixed_origin_primary,沃尔沃C40,6,0.0
113.35604540506999,123.26552467022589,619.2157184308438,586.3243727848447,LOCAL_LEXICON_FIXED,fixed_origin_primary,沃尔沃EM90,6,116.0
8.07119596004486,8.99419525278878,52.06690525663071,96.85435152053833,LOCAL_LEXICON_FIXED,fixed_origin_primary,沃尔沃ES90,6,50.0
597.2506306966146,639.2092085525667,27.2654930100464,27.21992999756694,LOCAL_LEXICON_FIXED,fixed_origin_primary,沃尔沃S60,6,13165.0
734.5509033203125,785.683745265123,138.66827432161358,76.36987385066496,LOCAL_LEXICON_FIXED,fixed_origin_primary,沃尔沃S90,6,5771.0
164.42157236735025,166.38438999661525,1166.265942333638,694.7390381719025,LOCAL_LEXICON_FIXED,fixed_origin_primary,沃尔沃S90新能源,6,142.0
2622.2461751302085,2845.929525499518,89.49388742398897,56.22311696248302,LOCAL_LEXICON_FIXED,fixed_origin_primary,海狮05EV,6,27984.0
5334.072998046875,5654.635610102704,70.01300022139135,50.58390704643788,LOCAL_LEXICON_FIXED,fixed_origin_primary,海狮06EV,6,63270.0
313.23121643066406,323.67240676671014,202.76165060417208,192.36308071483975,LOCAL_LEXICON_FIXED,fixed_origin_primary,海狮07EV,6,977.0
3302.7001953125,3913.564380116566,39.81350554114033,28.67217625030747,LOCAL_LEXICON_FIXED,fixed_origin_primary,海豚,6,69113.0
124.0249506632487,127.87861795870616,200.06043760496132,172.65654384674994,LOCAL_LEXICON_FIXED,fixed_origin_primary,海豹,6,431.0
2284.5679524739585,2506.50365435156,48.83016291378914,43.431474651765626,LOCAL_LEXICON_FIXED,fixed_origin_primary,海豹06DM-i,6,31561.0
2115.5567220052085,2571.672775288183,77.43368123057354,53.24834437465916,LOCAL_LEXICON_FIXED,fixed_origin_primary,海豹06EV,6,23838.0
1346.3481750488281,1736.5467073167824,61.74173821902905,63.45211727509991,LOCAL_LEXICON_FIXED,fixed_origin_primary,海豹06GT,6,12731.0
159.1275889078776,186.07652102010942,40.699399975194034,32.179492195728535,LOCAL_LEXICON_FIXED,fixed_origin_primary,海豹07DM-i,6,2967.0
310.32607984542847,430.6716387360324,97.52674670512467,99.410383292716,LOCAL_LEXICON_FIXED,fixed_origin_primary,海豹07EV,6,1873.0
245.58983866373697,249.04964688638464,,,LOCAL_LEXICON_FIXED,fixed_origin_primary,海马8S,6,0.0
11.881251017252604,13.782176381016406,,,LOCAL_LEXICON_FIXED,fixed_origin_primary,海马INJOY,6,0.0
3944.8738606770835,4993.713266571065,59.98425828998401,42.95298641513928,LOCAL_LEXICON_FIXED,fixed_origin_primary,海鸥,6,55105.0
2892.3668823242188,3560.736613110842,52.05017844742468,61.09558631911746,LOCAL_LEXICON_FIXED,fixed_origin_primary,深蓝L06,6,28405.0
510.2812805175781,644.8847051359924,63.055614162634654,69.75820649590952,LOCAL_LEXICON_FIXED,fixed_origin_primary,深蓝L07,6,4389.0
213.53331756591797,225.67781625883725,1413.5741091297311,81.34602573939732,LOCAL_LEXICON_FIXED,fixed_origin_primary,深蓝SL03,6,1575.0
205.89022827148438,206.48351548324956,669.2415913752193,577.2623222564982,LOCAL_LEXICON_FIXED,fixed_origin_primary,灵悉L,6,214.0
1.3645346661408742,2.1057847755631616,41.86472445726395,81.87207996845245,LOCAL_LEXICON_FIXED,fixed_origin_primary,焕驰,6,10.0
195.5118408203125,199.03284812726326,6517.500644725757,1988.2560083421608,LOCAL_LEXICON_FIXED,fixed_origin_primary,爱跑,6,59.0
324.65749104817706,341.95500502124753,50.0188866846727,37.81683064043996,LOCAL_LEXICON_FIXED,fixed_origin_primary,狮铂拓界,6,5151.0
55.66729577382406,63.20857252447968,,,LOCAL_LEXICON_FIXED,fixed_origin_primary,猛士917,6,0.0
137.0082041422526,159.10308233003025,33.39662329249219,28.91485138422496,LOCAL_LEXICON_FIXED,fixed_origin_primary,理想MEGA,6,2843.0
191.16201782226562,224.4801905984102,28.802212159311107,25.32506308089189,LOCAL_LEXICON_FIXED,fixed_origin_primary,瑞虎3x,6,4529.0
428.36000569661456,644.7481693237091,13.380590836397705,16.271985021713757,LOCAL_LEXICON_FIXED,fixed_origin_primary,瑞虎5x,6,15795.0
610.475341796875,754.8220428019322,24.533163074953787,27.406300417368122,LOCAL_LEXICON_FIXED,fixed_origin_primary,瑞虎7,6,13365.0
2984.6451822916665,3191.8903494642173,33.77105633223716,29.20396460167971,LOCAL_LEXICON_FIXED,fixed_origin_primary,瑞虎8,6,61320.0
920.8533121744791,1097.941342917285,20.88484746651119,22.766162071147864,LOCAL_LEXICON_FIXED,fixed_origin_primary,瑞虎9,6,24269.0
89.5530268351237,116.51253264922535,45.187527463376846,55.62299803423832,LOCAL_LEXICON_FIXED,fixed_origin_primary,瑞风E3,6,966.0
122.6156717936198,146.18672554593095,38.64628904025436,33.547379423698985,LOCAL_LEXICON_FIXED,fixed_origin_primary,瑞风M3,6,2193.0
27.46857229868571,31.590086235404492,509.0618158905463,158.47253249241754,LOCAL_LEXICON_FIXED,fixed_origin_primary,瑞风RF8,6,104.0
84.64800198872884,108.46035528060192,400.09859765017995,72.65922917487454,LOCAL_LEXICON_FIXED,fixed_origin_primary,瑞风RF8新能源,6,699.0
149.70416895548502,151.18892943441736,,,LOCAL_LEXICON_FIXED,fixed_origin_primary,电动MINI ACEMAN,6,0.0
221.3490422566732,225.82102497141815,,,LOCAL_LEXICON_FIXED,fixed_origin_primary,电动MINI COOPER,6,0.0
1206.7754313151042,1387.3940048846198,48.041793670321134,34.50065558627067,LOCAL_LEXICON_FIXED,fixed_origin_primary,皇冠陆放,6,20987.0
3492.494873046875,3896.2065278134764,89.225071677747,69.38961302785275,LOCAL_LEXICON_FIXED,fixed_origin_primary,皓影,6,30199.0
41.68960316975912,49.69446282324556,108.60181804142705,61.915252232315524,LOCAL_LEXICON_FIXED,fixed_origin_primary,皓影新能源,6,404.0
39.88120905558268,40.78682431975005,240.19888969839946,135.95866723494098,LOCAL_LEXICON_FIXED,fixed_origin_primary,睿蓝8,6,176.0
453.6778386433919,567.4535892673427,59.963588294220415,72.53042983907146,LOCAL_LEXICON_FIXED,fixed_origin_primary,福瑞迪,6,3753.0
3849.4918619791665,4413.871182115417,54.598563810681874,43.00787869036757,LOCAL_LEXICON_FIXED,fixed_origin_primary,秦L,6,53704.0
12074.516927083334,12746.900609365146,134.62238437560663,105.9648401505068,LOCAL_LEXICON_FIXED,fixed_origin_primary,秦PLUS,6,68369.0
872.0394287109375,879.0306840661231,1879.5830900126139,1301.5513861357276,LOCAL_LEXICON_FIXED,fixed_origin_primary,秦新能源,6,402.0
170.14834594726562,251.21112403592932,17.884584436306763,19.493795602130874,LOCAL_LEXICON_FIXED,fixed_origin_primary,索纳塔,6,5237.0
12.883342742919922,12.896737122291192,,,LOCAL_LEXICON_FIXED,fixed_origin_primary,红旗E-HS9,6,0.0
1455.4520670572917,1522.3620433134051,57.35202972026679,53.16719879661339,LOCAL_LEXICON_FIXED,fixed_origin_primary,红旗E-QM5,6,16425.0
136.14383951822916,152.22339476465552,306.60073578111883,115.21340438778209,LOCAL_LEXICON_FIXED,fixed_origin_primary,红旗EH7,6,709.0
2577.89892578125,2899.328277512041,29.946350310351537,28.705516683717498,LOCAL_LEXICON_FIXED,fixed_origin_primary,红旗H5,6,53883.0
256.7152608235677,332.3114716681623,49.72734037388757,31.667178555538776,LOCAL_LEXICON_FIXED,fixed_origin_primary,红旗H5 PHEV,6,4864.0
145.4959716796875,197.14127922883043,17.70659711973436,15.053902915642784,LOCAL_LEXICON_FIXED,fixed_origin_primary,红旗H6,6,5799.0
91.66349283854167,103.20784220576556,20.348424836397573,20.7071143460561,LOCAL_LEXICON_FIXED,fixed_origin_primary,红旗H9,6,2656.0
51.951171239217125,54.18709086292565,206.2762811210891,162.34741012255353,LOCAL_LEXICON_FIXED,fixed_origin_primary,红旗HQ9,6,192.0
131.90160115559897,158.50745270867185,22.82482814285735,19.969962324844655,LOCAL_LEXICON_FIXED,fixed_origin_primary,红旗HS3,6,3963.0
619.9398396809896,728.3679821920119,56.501845857972775,47.853326104283255,LOCAL_LEXICON_FIXED,fixed_origin_primary,红旗HS3 PHEV,6,7773.0
546.076416015625,751.2797135587198,12.556112660075069,13.852775647276127,LOCAL_LEXICON_FIXED,fixed_origin_primary,红旗HS5,6,23652.0
500.0447642008464,504.3164562428813,875.6779985494808,646.6096088804048,LOCAL_LEXICON_FIXED,fixed_origin_primary,红旗HS7 PHEV,6,464.0
1.5966132481892903,1.883242545065445,38.58103315035501,36.84492111206055,LOCAL_LEXICON_FIXED,fixed_origin_primary,红旗国耀,6,26.0
118.90220387776692,145.98138907969692,87.59030784391977,38.52123235780786,LOCAL_LEXICON_FIXED,fixed_origin_primary,红旗天工05,6,1852.0
52.63215001424154,58.394582868289426,112.24135614043578,68.20580995366073,LOCAL_LEXICON_FIXED,fixed_origin_primary,红旗天工06,6,463.0
135.52924346923828,141.69631771102814,369.716388821474,176.7772740903108,LOCAL_LEXICON_FIXED,fixed_origin_primary,红旗天工08,6,460.0
765.2859700520834,1243.339361277592,25.00020323275184,34.16709442899397,LOCAL_LEXICON_FIXED,fixed_origin_primary,纳米01,6,13439.0
150.4618377685547,227.9198210065269,22.411329540216496,29.358407369474087,LOCAL_LEXICON_FIXED,fixed_origin_primary,缤智,6,3075.0
470.78028361002606,711.833362183785,42.27330599049965,64.5936817210189,LOCAL_LEXICON_FIXED,fixed_origin_primary,缤瑞,6,4373.0
2961.0174153645835,3570.721354559284,24.52909343203894,26.772712807889658,LOCAL_LEXICON_FIXED,fixed_origin_primary,缤越,6,66359.0
54.96913249542316,94.89098123167861,99.85757161969615,100.24765804636442,LOCAL_LEXICON_FIXED,fixed_origin_primary,羿驰05,6,329.0
82.53094482421875,95.91539480527813,56.21388475872341,53.01773757444459,LOCAL_LEXICON_FIXED,fixed_origin_primary,胜达,6,934.0
1408.058837890625,1784.6408579265958,27.97877318351732,29.93110262645699,LOCAL_LEXICON_FIXED,fixed_origin_primary,腾势D9,6,28226.0
57.68224080403646,73.46687573310066,17.307017076706472,19.901865717321378,LOCAL_LEXICON_FIXED,fixed_origin_primary,艾力绅,6,1739.0
276.1494140625,371.1587610296514,16.91274167486421,19.67343249079791,LOCAL_LEXICON_FIXED,fixed_origin_primary,艾瑞泽5,6,8422.0
3213.8728841145835,3412.651547303293,46.89565047159472,38.267984331588615,LOCAL_LEXICON_FIXED,fixed_origin_primary,艾瑞泽8,6,50390.0
772.0199381510416,869.729012701611,33.4433868215136,28.810297480446884,LOCAL_LEXICON_FIXED,fixed_origin_primary,英仕派,6,16078.0
71.46512349446614,72.4109276755859,605.8423192412764,564.1983433773644,LOCAL_LEXICON_FIXED,fixed_origin_primary,荣威D5X DMH,6,76.0
517.5549112955729,639.0825498102278,165.0138239514432,38.34213443355276,LOCAL_LEXICON_FIXED,fixed_origin_primary,荣威D6,6,8099.0
171.9190928141276,207.33858125622334,38.30209082538141,27.954324034817496,LOCAL_LEXICON_FIXED,fixed_origin_primary,荣威D7,6,3690.0
0.03901089976231257,0.0666403498718807,,,LOCAL_LEXICON_FIXED,fixed_origin_primary,荣威RX3,6,0.0
2112.9297688802085,2375.774468623511,209.39601988142883,50.26994969380725,LOCAL_LEXICON_FIXED,fixed_origin_primary,荣威i5,6,25219.0
157.4598846435547,158.74901559057386,1982.4977986121748,3047.6106705204134,LOCAL_LEXICON_FIXED,fixed_origin_primary,荣威i6 MAX新能源,6,31.0
73.96677589416504,75.83374273700575,926.3948849735095,715.8075086532101,LOCAL_LEXICON_FIXED,fixed_origin_primary,荣威iMAX8,6,62.0
82.52335866292317,90.66110915441662,311.00932722509884,166.15441341528157,LOCAL_LEXICON_FIXED,fixed_origin_primary,荣威iMAX8新能源,6,298.0
578.1250432332357,612.3934455787074,61.85606826209936,63.4024905757524,LOCAL_LEXICON_FIXED,fixed_origin_primary,菱智,6,5471.0
436.46693929036456,523.6123053113813,21.976442845627545,20.63348279027882,LOCAL_LEXICON_FIXED,fixed_origin_primary,蒙迪欧,6,12692.0
204.9074452718099,227.49331150070466,31.58683046499035,30.674767256258967,LOCAL_LEXICON_FIXED,fixed_origin_primary,蔚来ET5,6,4008.0
456.37412516276044,625.465673372828,28.30691190242475,22.665712697430365,LOCAL_LEXICON_FIXED,fixed_origin_primary,蔚来ET5T,6,12081.0
99.94457689921062,110.11201686646969,723.9050457750978,624.6536056200664,LOCAL_LEXICON_FIXED,fixed_origin_primary,蔚来ET7,6,96.0
46.41779124736786,80.4129263553071,99.66659974927217,100.18228326770043,LOCAL_LEXICON_FIXED,fixed_origin_primary,蔚来ET9,6,278.0
427.82436116536456,754.6776248628661,30.747563474680533,41.02519045856141,LOCAL_LEXICON_FIXED,fixed_origin_primary,豪越L,6,6257.0
483.7481282552083,510.2339813746023,41.66404577247207,33.06925794156603,LOCAL_LEXICON_FIXED,fixed_origin_primary,赛图斯,6,8777.0
2162.717732747396,2394.860357315196,29.462230819593145,30.884937275935677,LOCAL_LEXICON_FIXED,fixed_origin_primary,赛那SIENNA,6,42015.0
94.1622085571289,95.15104548946539,487.3089063729315,233.46002121602208,LOCAL_LEXICON_FIXED,fixed_origin_primary,起亚EV5,6,242.0
564.9377085367838,624.483228072706,55.267652819725136,59.09390256660919,LOCAL_LEXICON_FIXED,fixed_origin_primary,起亚K3,6,5736.0
150.71287790934244,162.4620120520979,1607.7642230161498,456.705690634371,LOCAL_LEXICON_FIXED,fixed_origin_primary,起亚K5凯酷,6,198.0
0.04698292685983082,0.10283522109530346,,,LOCAL_LEXICON_FIXED,fixed_origin_primary,起亚KX3傲跑,6,0.0
51.69411532084147,66.95676411021387,44.613846312196586,42.19927781293181,LOCAL_LEXICON_FIXED,fixed_origin_primary,轩度EV,6,735.0
6044.14892578125,6611.8585015770295,44.12262376814524,38.12180676206782,LOCAL_LEXICON_FIXED,fixed_origin_primary,轩逸,6,95129.0
1501.0634765625,2372.197314763418,11.978144227870551,11.730724261976398,LOCAL_LEXICON_FIXED,fixed_origin_primary,迈腾,6,76776.0
20.039094130198162,47.890387991943406,99.40575103638535,101.89369896710929,LOCAL_LEXICON_FIXED,fixed_origin_primary,迈腾PHEV,6,118.0
415.71229044596356,731.0139693373123,2737.9124751906857,110.26851205463224,LOCAL_LEXICON_FIXED,fixed_origin_primary,迈锐宝XL,6,2262.0
934.4722900390625,1096.5433893554018,25.439512668465415,20.404810176266015,LOCAL_LEXICON_FIXED,fixed_origin_primary,逍客,6,27478.0
79.07537364959717,164.80950088020464,194.52715997780314,93.21262119795344,LOCAL_LEXICON_FIXED,fixed_origin_primary,途安,6,509.0
1774.9459635416667,1847.537729594531,22.108583569136115,20.954853766577468,LOCAL_LEXICON_FIXED,fixed_origin_primary,途岳,6,50822.0
252.86836751302084,306.03429701653636,16.347862965914068,13.149681097921,LOCAL_LEXICON_FIXED,fixed_origin_primary,途昂,6,11538.0
228.8410441080729,311.03860315137445,14.559907288423505,13.494312183277026,LOCAL_LEXICON_FIXED,fixed_origin_primary,途胜L,6,10175.0
2227.8610026041665,3130.7994736608157,14.356108913701746,16.142750544193657,LOCAL_LEXICON_FIXED,fixed_origin_primary,途观L,6,82806.0
177.01500447591147,194.877139166897,8053.702241346335,209.8992147935709,LOCAL_LEXICON_FIXED,fixed_origin_primary,途观L新能源,6,506.0
4111.0380859375,4690.769605483195,35.08237088763128,29.15940054571408,LOCAL_LEXICON_FIXED,fixed_origin_primary,速腾,6,84591.0
1790.8356119791667,2037.812760895637,20.62392656675924,18.325568223002012,LOCAL_LEXICON_FIXED,fixed_origin_primary,逸动,6,58634.0
62.56316947937012,63.131882510931725,2880.6155656694064,192.50205993652344,LOCAL_LEXICON_FIXED,fixed_origin_primary,钇为3,6,195.0
2275.5601399739585,2538.750502455973,33.877574244596396,32.885401126845586,LOCAL_LEXICON_FIXED,fixed_origin_primary,铂智3X,6,41518.0
37.72472826639811,42.674599390972986,1143.408758265452,67.97248336287947,LOCAL_LEXICON_FIXED,fixed_origin_primary,铂智4X,6,333.0
1722.7443588972092,2434.469900180749,99.63212811104265,99.85958992738146,LOCAL_LEXICON_FIXED,fixed_origin_primary,铂智7,6,10351.0
85.08754475911458,107.56835640746678,56.51543921406091,39.97848618282596,LOCAL_LEXICON_FIXED,fixed_origin_primary,银河E8,6,1277.0
242.5356190999349,378.0119197234797,44.299790364597364,56.35994247093762,LOCAL_LEXICON_FIXED,fixed_origin_primary,银河V900,6,2582.0
1705.7659505208333,1942.8369663018884,104.84563705170775,67.19582235654258,LOCAL_LEXICON_FIXED,fixed_origin_primary,银河星耀6,6,15231.0
1291.6528439919155,2473.8902209594057,97.61293715952112,99.39614036105544,LOCAL_LEXICON_FIXED,fixed_origin_primary,银河星耀7,6,7797.0
1958.7491861979167,2490.128991376759,13.619494623196807,14.94752956081081,LOCAL_LEXICON_FIXED,fixed_origin_primary,锋兰达,6,78625.0
246.25297037760416,285.28892061679863,13.624692865288655,13.940162489533211,LOCAL_LEXICON_FIXED,fixed_origin_primary,锐界L,6,10599.0
57.32471211751302,58.385719306515426,2344.145915621803,1637.8489176432292,LOCAL_LEXICON_FIXED,fixed_origin_primary,锐程PLUS,6,21.0
40.552075703938804,58.195075298948886,17.286872912341714,19.86224116111288,LOCAL_LEXICON_FIXED,fixed_origin_primary,锐际,6,1225.0
4028.8304850260415,4433.818743336084,31.638622854476857,33.130921452476976,LOCAL_LEXICON_FIXED,fixed_origin_primary,长安CS75 PLUS,6,72962.0
3160.1368001302085,3393.8166486155346,210.3300692212945,160.33164891578937,LOCAL_LEXICON_FIXED,fixed_origin_primary,长安Lumin,6,11826.0
82.62783432006836,88.10943563191213,1540.3771420352691,298.6548228436206,LOCAL_LEXICON_FIXED,fixed_origin_primary,长安UNI-K,6,166.0
2.332406386733055,2.7852764468442284,184.29162930697203,199.92054743426186,LOCAL_LEXICON_FIXED,fixed_origin_primary,长安UNI-K 智电iDD,6,7.0
31.45250638326009,39.56659887491728,934.0859151500256,185.0147434309417,LOCAL_LEXICON_FIXED,fixed_origin_primary,长安UNI-T,6,102.0
875.4520670572916,969.8136840608607,57.37922589068876,41.645226372344005,LOCAL_LEXICON_FIXED,fixed_origin_primary,长安UNI-V,6,12613.0
1873.569580078125,2774.746304023152,55.10113153964167,56.75190569703529,LOCAL_LEXICON_FIXED,fixed_origin_primary,长安UNI-Z新能源,6,19808.0
3374.8414713541665,3506.554151016321,39.8305062180851,40.29180362170686,LOCAL_LEXICON_FIXED,fixed_origin_primary,长安X5 PLUS,6,50256.0
656.9453531901041,820.9383127893141,59.54929022419068,42.36079655175309,LOCAL_LEXICON_FIXED,fixed_origin_primary,长安启源A07,6,9305.0
1786.1190185546875,1800.9036680725487,,,LOCAL_LEXICON_FIXED,fixed_origin_primary,长安启源Q05经典,6,0.0
922.4842936197916,937.6759134408637,313.5566041337002,207.45523844523052,LOCAL_LEXICON_FIXED,fixed_origin_primary,长安欧尚520,6,2668.0
5370.977864583333,5945.163647197403,124.41069381629258,79.76502360708893,LOCAL_LEXICON_FIXED,fixed_origin_primary,雅阁,6,40401.0
3315.002685546875,3585.299409941991,114.50824670800357,92.65823214982414,LOCAL_LEXICON_FIXED,fixed_origin_primary,零跑B01,6,21466.0
1953.1788736979167,2241.1929412286113,89.67927890338204,58.466739384292055,LOCAL_LEXICON_FIXED,fixed_origin_primary,零跑Lafa5,6,20044.0
682.3269653320312,748.0890321783776,15634.688269207472,108.5068060427296,LOCAL_LEXICON_FIXED,fixed_origin_primary,零跑T03,6,3773.0
398.26401774088544,444.8247344984337,183.07514812959232,90.99710991794792,LOCAL_LEXICON_FIXED,fixed_origin_primary,雷凌,6,2626.0
1492.322998046875,1665.4642708563813,36.91491379344128,38.66121756598122,LOCAL_LEXICON_FIXED,fixed_origin_primary,领克03,6,23160.0
469.55454508463544,673.210731251067,20.727934451526664,23.140265055505647,LOCAL_LEXICON_FIXED,fixed_origin_primary,领克07,6,12175.0
651.3784586588541,1040.6088655311721,17.488717802287002,21.68490679661058,LOCAL_LEXICON_FIXED,fixed_origin_primary,领克10,6,18023.0
2989.10888671875,3133.2617503101505,138.8945266441914,134.30173221740677,LOCAL_LEXICON_FIXED,fixed_origin_primary,风云A9L,6,13354.0
3.607568105061849,4.10464291587866,44.72481594342575,37.31967005236395,LOCAL_LEXICON_FIXED,fixed_origin_primary,风光330,6,58.0
41.591212590535484,43.670149442745334,97.27532719866251,92.0838655141007,LOCAL_LEXICON_FIXED,fixed_origin_primary,风光380,6,271.0
22.49060821533203,22.560556413293675,1181.7912905556814,674.7182464599609,LOCAL_LEXICON_FIXED,fixed_origin_primary,风光E380,6,20.0
91.18844731648763,100.0545266785885,78.82996287862125,56.874291465584804,LOCAL_LEXICON_FIXED,fixed_origin_primary,飞凡F7,6,962.0
318.82521565755206,364.0340568100264,67.67910373970936,53.38965375231126,LOCAL_LEXICON_FIXED,fixed_origin_primary,马自达3 昂克赛拉,6,3583.0
368.42076619466144,406.804744011096,27.58725813405431,26.960904953872046,LOCAL_LEXICON_FIXED,fixed_origin_primary,马自达EZ-6,6,8199.0
4765.875732421875,4966.270935856165,14432.692127534987,651.6694255818426,LOCAL_LEXICON_FIXED,fixed_origin_primary,驱逐舰05,6,4388.0
23.00981267293294,29.561708287702174,37.27314178381357,27.89068202779751,LOCAL_LEXICON_FIXED,fixed_origin_primary,骐达,6,495.0
477.47216796875,509.4669219986987,44.973422588388296,38.20796222742731,LOCAL_LEXICON_FIXED,fixed_origin_primary,高尔夫,6,7498.0
32.216835021972656,37.76585848205014,21.087537800680593,19.684420583690013,LOCAL_LEXICON_FIXED,fixed_origin_primary,高尔夫GTI,6,982.0
999.0872395833334,1154.6205596745872,19.20453813045731,17.5140194510182,LOCAL_LEXICON_FIXED,fixed_origin_primary,魏牌 高山,6,34227.0
1746.7523193359375,1864.2482624353513,50.60337163736956,43.13501220733269,PLATFORM_RATING_FIXED,fixed_origin_primary,AION RT,6,24297.0
1175.9712320963542,1292.570431114959,121.82738787909425,53.36026160915167,PLATFORM_RATING_FIXED,fixed_origin_primary,AION S,6,13223.0
933.6935221354166,1097.5575439899303,62.66765027443639,47.576739981422506,PLATFORM_RATING_FIXED,fixed_origin_primary,AION UT,6,11775.0
126.5688705444336,132.12754017828024,193.30324889992212,155.93700683092436,PLATFORM_RATING_FIXED,fixed_origin_primary,EO 羿欧,6,487.0
0.011301116668619215,0.021779067805358106,,,PLATFORM_RATING_FIXED,fixed_origin_primary,EVOS,6,0.0
695.2586466471354,734.6042436468099,187.6037144931844,122.51253685412078,PLATFORM_RATING_FIXED,fixed_origin_primary,ID.4 CROZZ,6,3405.0
66.58131663004558,77.3628421470091,209.58509473788888,71.08325618866076,PLATFORM_RATING_FIXED,fixed_origin_primary,ID.4 X,6,562.0
12.00035572052002,12.02426050755134,1115.3424263000488,7200.213432312012,PLATFORM_RATING_FIXED,fixed_origin_primary,ID.6 CROZZ,6,1.0
47.441261291503906,51.01724621831795,578.8305637033228,389.92817499866226,PLATFORM_RATING_FIXED,fixed_origin_primary,IQ傲歌,6,73.0
120.31018575032552,202.23361909317356,162.84874308719768,95.35813930012591,PLATFORM_RATING_FIXED,fixed_origin_primary,IQ锐歌,6,757.0
4915.710774739583,5396.0054338950085,46.900677413069474,41.686238955857,PLATFORM_RATING_FIXED,fixed_origin_primary,MG4,6,70753.0
47.59816296895345,54.505402846046664,609.7563418131027,250.51664720501816,PLATFORM_RATING_FIXED,fixed_origin_primary,MG6,6,114.0
426.5851821899414,467.4438019441514,56.24788248239222,57.58180187040829,PLATFORM_RATING_FIXED,fixed_origin_primary,MG7,6,4445.0
0.5741455356280009,0.6188308601108151,,,PLATFORM_RATING_FIXED,fixed_origin_primary,Model 3,6,0.0
0.24713038156429926,0.25550419645012257,,,PLATFORM_RATING_FIXED,fixed_origin_primary,Model Y,6,0.0
55.83566029866537,83.00466687978218,19.864025961962803,25.03841268998447,PLATFORM_RATING_FIXED,fixed_origin_primary,PATHFINDER探陆,6,1338.0
77.79134941101074,80.36039539549688,,,PLATFORM_RATING_FIXED,fixed_origin_primary,Polestar 4,6,0.0
412.9474182128906,556.6779485592926,66.23490561130026,50.064346520051394,PLATFORM_RATING_FIXED,fixed_origin_primary,QQ冰淇淋,6,4949.0
2364.4798177083335,3043.7632458635035,18.832613006063625,20.59830836926852,PLATFORM_RATING_FIXED,fixed_origin_primary,RAV4荣放,6,68874.0
591.0306193033854,942.5118561512842,19.62146745963461,25.80731908755049,PLATFORM_RATING_FIXED,fixed_origin_primary,T-ROC探歌,6,13741.0
299.4986165364583,348.28751577644243,35.97088596403861,29.458880315061474,PLATFORM_RATING_FIXED,fixed_origin_primary,eπ007,6,6100.0
370.2636998494466,440.6608295815023,53.90217278484658,58.524293969880915,PLATFORM_RATING_FIXED,fixed_origin_primary,e爱丽舍,6,3796.0
2080.1407877604165,2319.7107221794936,43.028515025463854,43.11023704384132,PLATFORM_RATING_FIXED,fixed_origin_primary,firefly萤火虫,6,28951.0
82.1013126373291,83.62502928927316,,,PLATFORM_RATING_FIXED,fixed_origin_primary,iCAR 03,6,0.0
103.90213139851888,155.23106746540483,28.480013595716457,38.62532765744196,PLATFORM_RATING_FIXED,fixed_origin_primary,世纪,6,1614.0
138.49591573079428,151.05210723191794,151.78907815906172,48.59505815115588,PLATFORM_RATING_FIXED,fixed_origin_primary,东风本田S7,6,1710.0
720.9595540364584,869.9273160390443,230.97418604367786,70.54398767480022,PLATFORM_RATING_FIXED,fixed_origin_primary,丰田bZ3,6,6132.0
457.1416015625,520.3389809542318,73.7031344987898,51.35460792688635,PLATFORM_RATING_FIXED,fixed_origin_primary,丰田bZ5,6,5341.0
127.5653584798177,206.71627240681963,37.87858695274441,46.69872793647995,PLATFORM_RATING_FIXED,fixed_origin_primary,五菱佳辰,6,1639.0
0.0,0.0,,,PLATFORM_RATING_FIXED,fixed_origin_primary,五菱宏光,6,0.0
0.153473778317372,0.17000388808217112,,,PLATFORM_RATING_FIXED,fixed_origin_primary,五菱宏光S,6,0.0
39.4717763264974,43.53743196994548,43.53964252350657,45.632111360112596,PLATFORM_RATING_FIXED,fixed_origin_primary,五菱征程,6,519.0
0.010235970839858055,0.025072905579660017,,,PLATFORM_RATING_FIXED,fixed_origin_primary,五菱星云,6,0.0
726.4932556152344,757.2342295819177,240.67494228543364,193.13068381441764,PLATFORM_RATING_FIXED,fixed_origin_primary,五菱星光,6,2257.0
314.45123291015625,337.7880103071898,2712.3631992767505,136.91635685493014,PLATFORM_RATING_FIXED,fixed_origin_primary,五菱星驰,6,1378.0
1.953119417031606,2.339785688416252,56.45637404918671,68.93362648346844,PLATFORM_RATING_FIXED,fixed_origin_primary,亚洲狮,6,17.0
2972.4151204427085,3119.618965018088,46.394700158912535,38.456293605865646,PLATFORM_RATING_FIXED,fixed_origin_primary,亚洲龙,6,46376.0
0.03569952926288048,0.042221864697556705,,,PLATFORM_RATING_FIXED,fixed_origin_primary,享域,6,0.0
997.3094889322916,1106.8947018131723,34.61045136855911,27.975020727413515,PLATFORM_RATING_FIXED,fixed_origin_primary,伊兰特,6,21390.0
428.3899637858073,538.4189925314308,26.5057296458662,28.786423818062985,PLATFORM_RATING_FIXED,fixed_origin_primary,传祺E8新能源,6,8929.0
0.0054426135078150155,0.013230759259600757,,,PLATFORM_RATING_FIXED,fixed_origin_primary,传祺GA8,6,0.0
711.4318033854166,906.5875819608245,31.083512760046144,37.04730793536278,PLATFORM_RATING_FIXED,fixed_origin_primary,传祺M6,6,11522.0
2449.1065673828125,2687.7770171125444,46.38193787382634,50.28622067037464,PLATFORM_RATING_FIXED,fixed_origin_primary,传祺M8,6,29222.0
1795.4439290364583,1994.1212497778959,57.43388019745227,42.828543609981914,PLATFORM_RATING_FIXED,fixed_origin_primary,元PLUS,6,25153.0
5239.816243489583,6030.32252212009,69.52301821046922,38.029390904726625,PLATFORM_RATING_FIXED,fixed_origin_primary,元UP,6,82670.0
62.28537241617838,67.95520192681548,20.154130474050124,19.343283359061612,PLATFORM_RATING_FIXED,fixed_origin_primary,冠道,6,1932.0
116.19906361897786,122.17743934607094,55.28148121096691,45.44943818212954,PLATFORM_RATING_FIXED,fixed_origin_primary,凌宝BOX,6,1534.0
50.95708338419596,55.72267692282413,827.8117896435308,518.2076276358911,PLATFORM_RATING_FIXED,fixed_origin_primary,凌尚,6,59.0
5.322185516357422,5.935122253454311,82.40049485004309,122.81966576209436,PLATFORM_RATING_FIXED,fixed_origin_primary,凌放HARRIER,6,26.0
577.9640706380209,615.6005920136347,38.61726630768378,30.026707280527535,PLATFORM_RATING_FIXED,fixed_origin_primary,凌渡,6,11549.0
379.3965352376302,496.5748517594288,30.039771237037744,35.56842517852783,PLATFORM_RATING_FIXED,fixed_origin_primary,凡尔赛C5 X,6,6400.0
51.94245597720146,76.93263963509118,98.07211935413353,99.57020315118491,PLATFORM_RATING_FIXED,fixed_origin_primary,凯威德,6,313.0
3097.1795247395835,3763.646828363358,19.625535676389084,21.613004208415234,PLATFORM_RATING_FIXED,fixed_origin_primary,凯美瑞,6,85981.0
377.3030522664388,571.2369014790461,88.55980529418707,77.58116222065226,PLATFORM_RATING_FIXED,fixed_origin_primary,凯翼拾月,6,2918.0
603.9516194661459,858.2094391156198,18.80792053744719,23.58264816345747,PLATFORM_RATING_FIXED,fixed_origin_primary,凯迪拉克CT5,6,15366.0
1371.355204264323,1473.1632206488307,36.5520277677422,37.94738378262204,PLATFORM_RATING_FIXED,fixed_origin_primary,凯迪拉克XT5,6,21683.0
68.52407836914062,74.97365142590208,91.39651760560574,76.42090524439476,PLATFORM_RATING_FIXED,fixed_origin_primary,凯迪拉克XT6,6,538.0
1.0749889040986698,1.2236376395907318,62.67905111114184,64.49933424592018,PLATFORM_RATING_FIXED,fixed_origin_primary,别克E4,6,10.0
0.0,0.0,,,PLATFORM_RATING_FIXED,fixed_origin_primary,别克GL6,6,0.0
1033.212890625,1158.7621068514547,29.498756517302056,31.543669382537015,PLATFORM_RATING_FIXED,fixed_origin_primary,别克GL8,6,19653.0
789.6127522786459,948.7443520298975,30.52003986903604,31.220273566206753,PLATFORM_RATING_FIXED,fixed_origin_primary,别克GL8新能源,6,15175.0
61.30142339070638,74.11902394179945,37.707297368620324,43.068915731175444,PLATFORM_RATING_FIXED,fixed_origin_primary,勇士,6,854.0
682.64013671875,747.090340142983,7643.979510843976,480.732490647007,PLATFORM_RATING_FIXED,fixed_origin_primary,北京EU5,6,852.0
26.017433166503906,32.82263400888939,19.958154773324544,22.922848604849257,PLATFORM_RATING_FIXED,fixed_origin_primary,北京现代ix35,6,681.0
172.8917302687963,241.14949376164458,98.63893525915088,99.55377942541053,PLATFORM_RATING_FIXED,fixed_origin_primary,博越REV,6,1042.0
1454.045166015625,2009.7211407935608,22.84343946559793,27.75954879754916,PLATFORM_RATING_FIXED,fixed_origin_primary,卡罗拉,6,31428.0
0.0,0.0,,,PLATFORM_RATING_FIXED,fixed_origin_primary,卡罗拉双擎E+,6,0.0
2821.6329752604165,3343.781483629715,28.029721217738178,24.972781631676575,PLATFORM_RATING_FIXED,fixed_origin_primary,卡罗拉锐放,6,67793.0
0.16916703960547844,0.28210473584580165,,,PLATFORM_RATING_FIXED,fixed_origin_primary,合创A06,6,0.0
238.42229207356772,267.06707702569093,41.46396727986936,32.78784672109572,PLATFORM_RATING_FIXED,fixed_origin_primary,吉利ICON,6,4363.0
1972.2748006184895,2311.6102794663684,62.18249001814215,59.36712388356463,PLATFORM_RATING_FIXED,fixed_origin_primary,吉利熊猫,6,19933.0
684.1719156901041,839.466041837777,27.268500364731636,28.870043562420882,PLATFORM_RATING_FIXED,fixed_origin_primary,君威,6,14219.0
1336.9017740885417,1791.5532435453356,24.62757163864111,29.55132126632497,PLATFORM_RATING_FIXED,fixed_origin_primary,君越,6,27144.0
61.17048899332682,70.1505459513126,62.0309875610208,53.34635668022688,PLATFORM_RATING_FIXED,fixed_origin_primary,启辰D60,6,688.0
0.05496177636086941,0.06676485575049558,,,PLATFORM_RATING_FIXED,fixed_origin_primary,启辰T60,6,0.0
904.7047119140625,1147.4524679765943,58.44206681555659,53.09299952547315,PLATFORM_RATING_FIXED,fixed_origin_primary,唐新能源,6,10224.0
26.79705874125163,28.408425095459066,37.084762536453546,36.62468165091339,PLATFORM_RATING_FIXED,fixed_origin_primary,嘉华,6,439.0
254.24120585123697,260.4061614495198,137.0887362329075,76.31051701387803,PLATFORM_RATING_FIXED,fixed_origin_primary,型格,6,1999.0
207.99603335062662,253.63092588194786,79.3320030280499,83.869368286543,PLATFORM_RATING_FIXED,fixed_origin_primary,埃尚,6,1488.0
665.1257527669271,678.4911042523149,100.8816325541608,97.31174144358845,PLATFORM_RATING_FIXED,fixed_origin_primary,夏,6,4101.0
226.5682576497396,344.66478991676354,20.57943937479696,25.504869529051362,PLATFORM_RATING_FIXED,fixed_origin_primary,大众CC,6,5330.0
603.14111328125,638.4675681439634,117.47414525908198,92.69586781986425,PLATFORM_RATING_FIXED,fixed_origin_primary,大众ID.3,6,3904.0
163.9999516805013,178.60520797654507,512.898040080304,263.8068927836482,PLATFORM_RATING_FIXED,fixed_origin_primary,大家7,6,373.0
63.744415283203125,76.58586019421827,166.24490212633407,58.750613164242516,PLATFORM_RATING_FIXED,fixed_origin_primary,大家9,6,651.0
51.66108194986979,57.68426375475429,33.20343793042484,31.629233846859055,PLATFORM_RATING_FIXED,fixed_origin_primary,大通G10,6,980.0
101.35190073649089,119.8595516183828,35.272923861827586,39.876157666816084,PLATFORM_RATING_FIXED,fixed_origin_primary,大通G50,6,1525.0
5.493112246195476,6.853255553974637,40.404320837049596,37.45303804224188,PLATFORM_RATING_FIXED,fixed_origin_primary,大通G70,6,88.0
20.84167734781901,24.78928697280313,244.7421815567003,140.5056899852967,PLATFORM_RATING_FIXED,fixed_origin_primary,大通G90,6,89.0
902.4984944661459,1084.5552968526035,21.996629864629856,19.891965934894113,PLATFORM_RATING_FIXED,fixed_origin_primary,天籁,6,27222.0
538.6161702473959,594.6175180158776,23.048156171532153,21.884587400855793,PLATFORM_RATING_FIXED,fixed_origin_primary,奇骏,6,14767.0
7.8665101528167725,8.222015918709104,,,PLATFORM_RATING_FIXED,fixed_origin_primary,奔奔E-Star,6,0.0
3120.4598388671875,3304.8624473809214,135.40039883742853,71.94143720731267,PLATFORM_RATING_FIXED,fixed_origin_primary,奔腾小马,6,26025.0
698.1365254720052,708.5609212424131,5613.174650512587,322.71333997165107,PLATFORM_RATING_FIXED,fixed_origin_primary,奔驰A级,6,1298.0
1621.2870279947917,2087.012193270159,33.54899359675033,23.730203127286977,PLATFORM_RATING_FIXED,fixed_origin_primary,奔驰C级,6,40993.0
1623.95751953125,2456.641439427828,13.359248642210522,15.914651069314006,PLATFORM_RATING_FIXED,fixed_origin_primary,奔驰E级,6,61225.0
891.9072672526041,1106.1004441653731,459.91719238807025,87.95929657323512,PLATFORM_RATING_FIXED,fixed_origin_primary,奔驰GLB,6,6084.0
2007.5074869791667,2483.2944611472567,21.736480728931383,22.926784783819024,PLATFORM_RATING_FIXED,fixed_origin_primary,奔驰GLC,6,52537.0
302.57032775878906,304.9805238080087,113.79836727928667,107.7401760565421,PLATFORM_RATING_FIXED,fixed_origin_primary,奔驰V级,6,1685.0
691.9843521118164,757.3590988360938,75.91338684294527,78.14617189292112,PLATFORM_RATING_FIXED,fixed_origin_primary,奕炫,6,5313.0
937.4820963541666,975.8333795192495,48.149389281855946,49.1729397510709,PLATFORM_RATING_FIXED,fixed_origin_primary,奕跑,6,11439.0
257.32359822591144,300.04889836355784,25.949816877245752,26.2664441877419,PLATFORM_RATING_FIXED,fixed_origin_primary,奥德赛,6,5878.0
1112.7454020182292,1441.342486250048,17.60331268787149,19.4343378125091,PLATFORM_RATING_FIXED,fixed_origin_primary,奥迪A3,6,34354.0
1549.4761555989583,1673.4580484100156,82.56339675444292,65.5585426528013,PLATFORM_RATING_FIXED,fixed_origin_primary,奥迪A4L,6,14181.0
341.9552815755208,374.84446994241415,9.63309836632973,9.249117294563968,PLATFORM_RATING_FIXED,fixed_origin_primary,奥迪A5L,6,22183.0
245.67730712890625,287.3446918619952,21.5385215754878,17.980773881110483,PLATFORM_RATING_FIXED,fixed_origin_primary,奥迪A5L Sportback,6,8198.0
2455.0712890625,2668.7327681538563,27.05301323922033,24.860222662776568,PLATFORM_RATING_FIXED,fixed_origin_primary,奥迪A6L,6,59253.0
342.0115915934245,349.8680405409331,786.2270762376205,1476.3090284608252,PLATFORM_RATING_FIXED,fixed_origin_primary,奥迪A6L e-tron,6,139.0
176.6967010498047,194.50201063914176,50.1226530476678,45.59914865801411,PLATFORM_RATING_FIXED,fixed_origin_primary,奥迪A7L,6,2325.0
814.0816141764323,852.1670530564554,171.4622661334893,99.21774700504965,PLATFORM_RATING_FIXED,fixed_origin_primary,奥迪E5 Sportback,6,4923.0
119.23348744710286,219.0319475072857,27.38379572317183,35.55670599814201,PLATFORM_RATING_FIXED,fixed_origin_primary,奥迪Q2L,6,2012.0
799.95751953125,908.6033790939566,29.68058585549936,31.891994134136215,PLATFORM_RATING_FIXED,fixed_origin_primary,奥迪Q3,6,15050.0
15.7105712890625,18.14894659435822,15.40227225088778,14.30401027835736,PLATFORM_RATING_FIXED,fixed_origin_primary,奥迪Q3 Sportback,6,659.0
422.4007085164388,600.973363673102,621.8406438051808,108.63284402480208,PLATFORM_RATING_FIXED,fixed_origin_primary,奥迪Q4 e-tron,6,2333.0
112.26149241129558,114.86313317003005,,,PLATFORM_RATING_FIXED,fixed_origin_primary,奥迪Q5 e-tron,6,0.0
2090.0265299479165,2601.5809332684507,26.887509578362284,24.414771683288556,PLATFORM_RATING_FIXED,fixed_origin_primary,奥迪Q5L,6,51363.0
208.98284784952799,474.73078017656115,30.343170577009204,71.16328530630919,PLATFORM_RATING_FIXED,fixed_origin_primary,奥迪Q5L Sportback,6,1762.0
78.75876363118489,80.00462387659974,448.79845446759055,289.9095593785947,PLATFORM_RATING_FIXED,fixed_origin_primary,奥迪Q6L Sportback e-tron,6,163.0
282.72918192545575,330.7787227571375,172.97654438742913,67.10344507724425,PLATFORM_RATING_FIXED,fixed_origin_primary,奥迪Q6L e-tron,6,2528.0
4242.120198567708,4956.651288819506,53.024509016898826,58.548343089748236,PLATFORM_RATING_FIXED,fixed_origin_primary,威兰达,6,43473.0
344.2803548177083,357.316943099698,208.5383317593604,140.52259380314626,PLATFORM_RATING_FIXED,fixed_origin_primary,威朗,6,1470.0
562.3356424967448,581.1039636345273,244.2353268568031,177.39294715985642,PLATFORM_RATING_FIXED,fixed_origin_primary,威然,6,1902.0
203.45952860514322,213.6964578545348,74.90969647936335,65.35102631856849,PLATFORM_RATING_FIXED,fixed_origin_primary,威霆,6,1868.0
60.9518985748291,65.33648050457676,1569.245746022179,619.8498160152112,PLATFORM_RATING_FIXED,fixed_origin_primary,威飒,6,59.0
77.83431752522786,84.99449720972694,47.46508691947762,42.45508228648793,PLATFORM_RATING_FIXED,fixed_origin_primary,宋L EV,6,1100.0
2989.523885091146,3016.293678949568,2102.7451352297353,1197.4060954971212,PLATFORM_RATING_FIXED,fixed_origin_primary,宋PLUS新能源,6,1498.0
4026.3723958333335,4469.066874470717,32.18957170869546,31.66299821096228,PLATFORM_RATING_FIXED,fixed_origin_primary,宋Pro新能源,6,76298.0
7327.602213541667,9084.353726237518,100.83154527018972,60.39315551209494,PLATFORM_RATING_FIXED,fixed_origin_primary,宏光MINIEV,6,72799.0
565.9357096354166,647.7734340421355,14.246034443954263,12.78613645295967,PLATFORM_RATING_FIXED,fixed_origin_primary,宝来,6,26557.0
3.6348085403442383,3.978609281325231,252.72080147707902,128.2873602474437,PLATFORM_RATING_FIXED,fixed_origin_primary,宝马1系,6,17.0
126.94291687011719,144.8045838647046,33.69211491005964,30.34492036735869,PLATFORM_RATING_FIXED,fixed_origin_primary,宝马2系,6,2510.0
1245.6217447916667,1782.7492127537812,10.007241527567517,11.419341261383083,PLATFORM_RATING_FIXED,fixed_origin_primary,宝马3系,6,65448.0
1665.8687337239583,2117.5069389352766,19.775353104994938,20.80558773202837,PLATFORM_RATING_FIXED,fixed_origin_primary,宝马5系,6,48041.0
1262.8434651692708,1280.008135495585,34.358900937317905,34.48978465572227,PLATFORM_RATING_FIXED,fixed_origin_primary,宝马X1,6,21969.0
5.900264739990234,6.688407523606722,160.37901004155475,147.50661849975586,PLATFORM_RATING_FIXED,fixed_origin_primary,宝马X2,6,24.0
1546.705810546875,1668.7144340850634,22.737435271021997,23.247081320844813,PLATFORM_RATING_FIXED,fixed_origin_primary,宝马X3,6,39920.0
780.7954915364584,990.157909925447,15.275876261619493,15.546984864496565,PLATFORM_RATING_FIXED,fixed_origin_primary,宝马X5,6,30133.0
137.828369140625,167.54783530109282,15.526242004808793,13.033415521572103,PLATFORM_RATING_FIXED,fixed_origin_primary,宝马i3,6,6345.0
153.9034220377604,167.53438210737198,63.88278153783224,53.00921539762127,PLATFORM_RATING_FIXED,fixed_origin_primary,宝马i5,6,1742.0
160.18500773111978,201.32943259110965,26.774369168874408,20.72251070260282,PLATFORM_RATING_FIXED,fixed_origin_primary,宝马iX1,6,4638.0
58.7219492594401,65.57587257356627,454.47724521995696,210.97706320756924,PLATFORM_RATING_FIXED,fixed_origin_primary,宝马iX3,6,167.0
65.76122283935547,68.28891555593428,3636.237539224957,548.0101903279622,PLATFORM_RATING_FIXED,fixed_origin_primary,宝骏KiWi EV,6,72.0
11042.6005859375,12668.908219790894,722.6058999928891,82.30918743245006,PLATFORM_RATING_FIXED,fixed_origin_primary,小米SU7,6,80496.0
1.5386870503425598,1.5980705364333614,,,PLATFORM_RATING_FIXED,fixed_origin_primary,小虎FEV,6,0.0
0.10812209732830524,0.12920591479104343,,,PLATFORM_RATING_FIXED,fixed_origin_primary,小鹏G3,6,0.0
3977.8707682291665,4128.267037375391,48.76545305219276,38.302774119551614,PLATFORM_RATING_FIXED,fixed_origin_primary,小鹏MONA M03,6,62312.0
0.010465729981660843,0.02563569824081661,,,PLATFORM_RATING_FIXED,fixed_origin_primary,小鹏P5,6,0.0
524.7491658528646,608.2253032865126,51.42691595218828,35.81905568961533,PLATFORM_RATING_FIXED,fixed_origin_primary,小鹏P7,6,8790.0
1076.6032307942708,1233.9878809081674,29.50948171550425,31.211922036942525,PLATFORM_RATING_FIXED,fixed_origin_primary,小鹏P7+,6,20696.0
470.4909261067708,663.7467376290901,19.895181533211236,21.186922520569084,PLATFORM_RATING_FIXED,fixed_origin_primary,小鹏X9,6,13324.0
1374.7454427083333,1669.790394230114,29.042286922417667,25.824898735911084,PLATFORM_RATING_FIXED,fixed_origin_primary,岚图梦想家,6,31940.0
104.41491281986237,133.5397494274002,91.6429141593207,93.22760073201997,PLATFORM_RATING_FIXED,fixed_origin_primary,岚图追光L,6,672.0
3215.2340494791665,3555.0195705829697,25.912952974299664,24.10220426895927,PLATFORM_RATING_FIXED,fixed_origin_primary,帕萨特,6,80040.0
1012.5193888346354,1115.7598223635991,1765.8548330642625,173.57475237165178,PLATFORM_RATING_FIXED,fixed_origin_primary,帕萨特新能源,6,3500.0
496.87135823567706,506.65753300613807,279.0012917126572,256.5600817051689,PLATFORM_RATING_FIXED,fixed_origin_primary,广汽本田P7,6,1162.0
484.6758219401042,606.5096024097844,31.248020531036737,35.03258561186152,PLATFORM_RATING_FIXED,fixed_origin_primary,库斯途,6,8301.0
314.69011942545575,416.66480378337656,65.69379056344535,45.61828259368771,PLATFORM_RATING_FIXED,fixed_origin_primary,影豹,6,4139.0
55.453468322753906,61.288342991050925,59.31995176174991,38.960282193972304,PLATFORM_RATING_FIXED,fixed_origin_primary,微蓝6,6,854.0
770.2119547526041,858.6868001771279,45.866044263460566,38.62002113083424,PLATFORM_RATING_FIXED,fixed_origin_primary,思域,6,11966.0
844.9518636067709,1026.9428988319155,68.13938688389777,46.36648236364208,PLATFORM_RATING_FIXED,fixed_origin_primary,悦意03,6,10934.0
418.1190897623698,423.4597848155371,280.9124976258323,252.89461074336882,PLATFORM_RATING_FIXED,fixed_origin_primary,悦意07,6,992.0
9.65354029337565,9.746062561602939,784.2848777770996,965.3540293375651,PLATFORM_RATING_FIXED,fixed_origin_primary,护卫舰07,6,6.0
100.81141535441081,102.36032822374771,6062.795508141611,2240.2536745424622,PLATFORM_RATING_FIXED,fixed_origin_primary,捷豹XEL,6,27.0
545.7436930338541,578.2775085125269,616.4272057672688,172.0684266002693,PLATFORM_RATING_FIXED,fixed_origin_primary,捷豹XFL,6,1903.0
1103.3670450846355,1216.7522044509365,49.64443874765576,47.290536970553696,PLATFORM_RATING_FIXED,fixed_origin_primary,捷达VA3,6,13999.0
146.29490915934244,155.33038755733708,152.34472151037005,137.797402661861,PLATFORM_RATING_FIXED,fixed_origin_primary,捷达VA7,6,637.0
2674.96533203125,3090.694195309002,22.085033470192265,21.8456655081565,PLATFORM_RATING_FIXED,fixed_origin_primary,探岳,6,73469.0
215.8908208211263,380.2581535482966,450.38999089291076,98.80586765268939,PLATFORM_RATING_FIXED,fixed_origin_primary,探岳X,6,1311.0
4.985482454299927,5.36448198438833,217.14842579303647,135.96770329908892,PLATFORM_RATING_FIXED,fixed_origin_primary,探界者,6,22.0
68.66933186848958,82.815096554093,9.86952045282905,9.617553482981736,PLATFORM_RATING_FIXED,fixed_origin_primary,探险者,6,4284.0
153.65587361653647,191.30787930429744,27.20651088100296,29.66329606496843,PLATFORM_RATING_FIXED,fixed_origin_primary,揽境,6,3108.0
596.1092834472656,700.6243974352172,33.42043778976414,37.15619884358606,PLATFORM_RATING_FIXED,fixed_origin_primary,揽巡,6,9626.0
0.060506957272688545,0.08104943923072395,,,PLATFORM_RATING_FIXED,fixed_origin_primary,摩卡,6,0.0
2729.94140625,3961.578047142296,23.097251008484132,28.972068129156643,PLATFORM_RATING_FIXED,fixed_origin_primary,新帝豪,6,56536.0
1291.2053629557292,1316.672703891286,57.081492270634335,55.60347504295109,PLATFORM_RATING_FIXED,fixed_origin_primary,日产N6,6,13933.0
478.5121663411458,516.0726673348187,46.21725791436865,38.55859519267896,PLATFORM_RATING_FIXED,fixed_origin_primary,日产N7,6,7446.0
2031.6849315563838,2995.5595467961316,98.74140249908902,99.82892137694131,PLATFORM_RATING_FIXED,fixed_origin_primary,日产NX8,6,12211.0
2634.3578287760415,3147.5667901880565,28.76001630479586,30.934215932081276,PLATFORM_RATING_FIXED,fixed_origin_primary,昂科威,6,51096.0
10.098946889241537,11.756066901391355,59.18733612073013,46.61052410419171,PLATFORM_RATING_FIXED,fixed_origin_primary,昊铂GT,6,130.0
505.15562947591144,609.6861252186569,171.08320834640207,63.17077484067255,PLATFORM_RATING_FIXED,fixed_origin_primary,星海S7,6,4798.0
473.7432454427083,535.4168731854896,84.16495629501007,51.05908878491557,PLATFORM_RATING_FIXED,fixed_origin_primary,星海T5,6,5567.0
192.33524322509766,258.75139263106223,36.3790634268788,46.49522398672788,PLATFORM_RATING_FIXED,fixed_origin_primary,星海V9,6,2482.0
3341.589111328125,4982.761624971076,23.346699553662233,30.536781558659015,PLATFORM_RATING_FIXED,fixed_origin_primary,星瑞,6,65657.0
361.77025445302326,609.0145269259963,394.59350344826703,93.40023781059121,PLATFORM_RATING_FIXED,fixed_origin_primary,星瑞L,6,2324.0
5576.444498697917,7245.765607264815,38.02061821346632,43.30994769486046,PLATFORM_RATING_FIXED,fixed_origin_primary,星越L,6,77254.0
821.3577356338501,1476.7265633590707,99.79820648358499,98.36619588429343,PLATFORM_RATING_FIXED,fixed_origin_primary,星越L 智擎,6,5010.0
173.77076212565103,208.7607975304425,545.4031962822241,128.08655684937423,PLATFORM_RATING_FIXED,fixed_origin_primary,星途ES,6,814.0
224.82177734375,355.90491524014203,12.565636309442056,15.52636583865677,PLATFORM_RATING_FIXED,fixed_origin_primary,普拉多,6,8688.0
468.31689453125,526.0280171588275,51.63615894363118,49.461386502156316,PLATFORM_RATING_FIXED,fixed_origin_primary,智己L6,6,5681.0
7.687100330988566,11.447395932548355,218.94106783779156,68.83970445661403,PLATFORM_RATING_FIXED,fixed_origin_primary,智己L7,6,67.0
34.300275802612305,38.18231871335701,125.62488446273876,92.28773758550396,PLATFORM_RATING_FIXED,fixed_origin_primary,智跑,6,223.0
827.4485168457031,834.6860841728695,858.1872857711738,977.3013978492556,PLATFORM_RATING_FIXED,fixed_origin_primary,曹操60,6,508.0
2283.35986328125,2867.8661822553545,12.566181362691689,13.636748300092073,PLATFORM_RATING_FIXED,fixed_origin_primary,朗逸,6,100465.0
1869.6448567708333,3011.8783381843946,14.34242770895146,16.23683819511789,PLATFORM_RATING_FIXED,fixed_origin_primary,本田CR-V,6,69089.0
1417.2157440185547,1442.8622903554692,69.5233204337523,69.9571737072096,PLATFORM_RATING_FIXED,fixed_origin_primary,本田HR-V,6,12155.0
94.89032872517903,104.93289558770653,57.87181981593431,57.509290136472146,PLATFORM_RATING_FIXED,fixed_origin_primary,本田UR-V,6,990.0
175.52020009358725,224.1781306471264,63.41972089302297,58.087214592472336,PLATFORM_RATING_FIXED,fixed_origin_primary,本田XR-V,6,1813.0
298.6029866536458,370.67560970048004,10.906953626085052,11.942527129195273,PLATFORM_RATING_FIXED,fixed_origin_primary,极氪001,6,15002.0
694.3106994628906,1106.0237643173223,41.23519518923992,58.790067693724865,PLATFORM_RATING_FIXED,fixed_origin_primary,极氪009,6,7086.0
2795.2717081705728,3302.2704182353305,2870.7756329480203,78.16391037434607,PLATFORM_RATING_FIXED,fixed_origin_primary,极狐 阿尔法S5,6,21457.0
305.1202901204427,329.5710559410675,617.7481096376624,239.62326449249426,PLATFORM_RATING_FIXED,fixed_origin_primary,极狐考拉,6,764.0
206.45126342773438,235.65796977350522,21.696123967711785,22.59178516444294,PLATFORM_RATING_FIXED,fixed_origin_primary,林肯Z,6,5483.0
160.54385375976562,206.6554527550642,596.8608136872704,70.31117682909444,PLATFORM_RATING_FIXED,fixed_origin_primary,枫叶60s,6,1370.0
38.68802007039388,48.247986373009475,1945.3728110400589,89.97213969859041,PLATFORM_RATING_FIXED,fixed_origin_primary,标致4008,6,258.0
368.7838185628255,513.5770158176455,40.154452311706486,49.62329920109785,PLATFORM_RATING_FIXED,fixed_origin_primary,标致408,6,4459.0
29.837239583333332,32.88405725805837,125.61173695087923,108.49905303030303,PLATFORM_RATING_FIXED,fixed_origin_primary,标致408X,6,165.0
49.110514322916664,55.223606859640704,37.65784014309281,36.19939630681818,PLATFORM_RATING_FIXED,fixed_origin_primary,标致5008,6,814.0
33.24115880330404,49.741803990933384,22.670067745371494,27.739492742673743,PLATFORM_RATING_FIXED,fixed_origin_primary,标致508,6,719.0
2077.6066080729165,2197.060279067545,92.870270092383,68.99673243171252,PLATFORM_RATING_FIXED,fixed_origin_primary,格瑞维亚,6,18067.0
624.8602701822916,740.4442386888074,150.3297449259417,78.81357202215156,PLATFORM_RATING_FIXED,fixed_origin_primary,欧拉好猫,6,4757.0
10.918609142303467,11.203809619855909,,,PLATFORM_RATING_FIXED,fixed_origin_primary,欧拉闪电猫,6,0.0
92.83174641927083,97.80791947644524,18.64324690662854,17.74985591190647,PLATFORM_RATING_FIXED,fixed_origin_primary,欧诺S,6,3138.0
55.70468393961588,60.45718996869976,736.8784741239956,655.3492228190105,PLATFORM_RATING_FIXED,fixed_origin_primary,比亚迪M9,6,51.0
954.5626627604166,1310.7683413695827,122.0757600340064,48.75607369168724,PLATFORM_RATING_FIXED,fixed_origin_primary,比亚迪e7,6,11747.0
26.39607525492708,33.22919918126267,99.42498868880179,99.60783115066822,PLATFORM_RATING_FIXED,fixed_origin_primary,比亚迪e9,6,159.0
1745.9117024739583,2021.8591306476833,70.55014507247662,60.625442530492215,PLATFORM_RATING_FIXED,fixed_origin_primary,汉,6,17279.0
0.019248097048451502,0.03381116348286586,,,PLATFORM_RATING_FIXED,fixed_origin_primary,江淮A5 PLUS,6,0.0
2.812760889530182,4.276037899837112,71.10409408807755,88.8240280904268,PLATFORM_RATING_FIXED,fixed_origin_primary,江淮QX PHEV,6,19.0
0.0043451062714060145,0.010643293243111893,,,PLATFORM_RATING_FIXED,fixed_origin_primary,沃兰多,6,0.0
0.4251859287420909,0.5866506722853366,,,PLATFORM_RATING_FIXED,fixed_origin_primary,沃尔沃C40,6,0.0
51.45064163208008,52.69898182848053,338.1302497884169,266.12400844179353,PLATFORM_RATING_FIXED,fixed_origin_primary,沃尔沃EM90,6,116.0
8.910440901915232,12.963168652271719,88.6428653905933,106.92529082298279,PLATFORM_RATING_FIXED,fixed_origin_primary,沃尔沃ES90,6,50.0
585.6009318033854,607.1756339622625,28.085440695499447,26.68899043539926,PLATFORM_RATING_FIXED,fixed_origin_primary,沃尔沃S60,6,13165.0
669.1142171223959,696.9059779850636,116.5618085980624,69.56654484031148,PLATFORM_RATING_FIXED,fixed_origin_primary,沃尔沃S90,6,5771.0
172.70453389485678,177.3401818988368,1292.7606317319223,729.7374671613667,PLATFORM_RATING_FIXED,fixed_origin_primary,沃尔沃S90新能源,6,142.0
2698.3076985677085,2983.7144158239535,84.15313444219625,57.853938648535774,PLATFORM_RATING_FIXED,fixed_origin_primary,海狮05EV,6,27984.0
5098.750813802083,5344.155913535346,70.44761527986235,48.352307385510514,PLATFORM_RATING_FIXED,fixed_origin_primary,海狮06EV,6,63270.0
283.42994689941406,289.03719810662915,184.61069206296602,174.06137987681518,PLATFORM_RATING_FIXED,fixed_origin_primary,海狮07EV,6,977.0
3762.3518880208335,4321.812112366374,45.109119321176074,32.662612429101614,PLATFORM_RATING_FIXED,fixed_origin_primary,海豚,6,69113.0
97.84740193684895,100.34476149895231,160.55583226718022,136.21448065454612,PLATFORM_RATING_FIXED,fixed_origin_primary,海豹,6,431.0
1386.0907389322917,1815.622345374821,32.38522000501782,26.35070002089208,PLATFORM_RATING_FIXED,fixed_origin_primary,海豹06DM-i,6,31561.0
1903.8289388020833,2409.695202691721,69.65192366548973,47.919177921018964,PLATFORM_RATING_FIXED,fixed_origin_primary,海豹06EV,6,23838.0
1323.0865580240886,1689.6639492364218,62.86404398130486,62.35581924549942,PLATFORM_RATING_FIXED,fixed_origin_primary,海豹06GT,6,12731.0
162.71985371907553,180.82409659667152,37.334439962442396,32.90593604025794,PLATFORM_RATING_FIXED,fixed_origin_primary,海豹07DM-i,6,2967.0
295.14477880795795,393.75128602236293,88.91410325079109,94.54717954339283,PLATFORM_RATING_FIXED,fixed_origin_primary,海豹07EV,6,1873.0
180.8919881184896,186.4904519621687,,,PLATFORM_RATING_FIXED,fixed_origin_primary,海马8S,6,0.0
28.704822540283203,29.097365532158033,,,PLATFORM_RATING_FIXED,fixed_origin_primary,海马INJOY,6,0.0
3460.1754557291665,3955.04564499647,48.488019655964905,37.67544276268034,PLATFORM_RATING_FIXED,fixed_origin_primary,海鸥,6,55105.0
2613.0849609375,3195.5512165624095,49.1160766914911,55.196302642580534,PLATFORM_RATING_FIXED,fixed_origin_primary,深蓝L06,6,28405.0
516.1802094777426,648.5927791617289,66.06176855267984,70.56462193817396,PLATFORM_RATING_FIXED,fixed_origin_primary,深蓝L07,6,4389.0
176.60000610351562,206.29355625546623,901.833170579004,67.27619280133929,PLATFORM_RATING_FIXED,fixed_origin_primary,深蓝SL03,6,1575.0
203.82056172688803,206.8529377141017,667.5507942041221,571.4595188604337,PLATFORM_RATING_FIXED,fixed_origin_primary,灵悉L,6,214.0
7.545077800750732,8.245701485067448,401.2759804725647,452.70466804504395,PLATFORM_RATING_FIXED,fixed_origin_primary,焕驰,6,10.0
219.10811614990234,223.64528981547727,7335.79825656318,2228.2181303379903,PLATFORM_RATING_FIXED,fixed_origin_primary,爱跑,6,59.0
325.23146565755206,341.6245604050699,49.181879420259115,37.88368848661061,PLATFORM_RATING_FIXED,fixed_origin_primary,狮铂拓界,6,5151.0
69.15303134918213,78.08427029805445,,,PLATFORM_RATING_FIXED,fixed_origin_primary,猛士917,6,0.0
143.4776357014974,166.5331503023756,34.46069280719832,30.280190439992417,PLATFORM_RATING_FIXED,fixed_origin_primary,理想MEGA,6,2843.0
181.61418660481772,216.21190132249205,27.290165547260692,24.060170448860813,PLATFORM_RATING_FIXED,fixed_origin_primary,瑞虎3x,6,4529.0
500.7589925130208,694.9758916910063,17.269645408918933,19.022183951111902,PLATFORM_RATING_FIXED,fixed_origin_primary,瑞虎5x,6,15795.0
597.2906901041666,670.806317623285,26.217283669095288,26.814396862139915,PLATFORM_RATING_FIXED,fixed_origin_primary,瑞虎7,6,13365.0
2929.12646484375,3169.6034045728575,33.097917522266606,28.660728618823384,PLATFORM_RATING_FIXED,fixed_origin_primary,瑞虎8,6,61320.0
1037.7142333984375,1234.4087621614503,23.59432612647437,25.65530265108008,PLATFORM_RATING_FIXED,fixed_origin_primary,瑞虎9,6,24269.0
91.60225677490234,117.3906073605673,44.944813763945305,56.89581166143003,PLATFORM_RATING_FIXED,fixed_origin_primary,瑞风E3,6,966.0
135.52598571777344,154.33710514494763,46.576365736955225,37.07961305547837,PLATFORM_RATING_FIXED,fixed_origin_primary,瑞风M3,6,2193.0
21.75684134165446,23.205448122317566,336.3504481212401,125.52023850954497,PLATFORM_RATING_FIXED,fixed_origin_primary,瑞风RF8,6,104.0
78.66882197062175,101.7094247652172,296.69756764085986,67.52688581169248,PLATFORM_RATING_FIXED,fixed_origin_primary,瑞风RF8新能源,6,699.0
194.5216293334961,198.76204452159504,,,PLATFORM_RATING_FIXED,fixed_origin_primary,电动MINI ACEMAN,6,0.0
271.7846221923828,276.7080810608883,,,PLATFORM_RATING_FIXED,fixed_origin_primary,电动MINI COOPER,6,0.0
1328.0802408854167,1567.9309949321648,53.76459069878625,37.96865414452994,PLATFORM_RATING_FIXED,fixed_origin_primary,皇冠陆放,6,20987.0
1913.0734049479167,2052.1698247180802,48.08129898881898,38.00933948040498,PLATFORM_RATING_FIXED,fixed_origin_primary,皓影,6,30199.0
73.58395640055339,80.89868126140011,185.69251206884525,109.2831035651783,PLATFORM_RATING_FIXED,fixed_origin_primary,皓影新能源,6,404.0
34.483476638793945,35.45142942626093,233.65000969393174,117.55730672316118,PLATFORM_RATING_FIXED,fixed_origin_primary,睿蓝8,6,176.0
463.8114700317383,577.7505865707801,62.01483661303088,74.15051479324353,PLATFORM_RATING_FIXED,fixed_origin_primary,福瑞迪,6,3753.0
4469.163736979167,4862.08442285739,61.34830479881763,49.931071096892225,PLATFORM_RATING_FIXED,fixed_origin_primary,秦L,6,53704.0
11642.326822916666,12297.153131972778,130.6792913951736,102.17197989951585,PLATFORM_RATING_FIXED,fixed_origin_primary,秦PLUS,6,68369.0
783.4015604654948,786.2991672126805,1705.0743665735683,1169.2560603962609,PLATFORM_RATING_FIXED,fixed_origin_primary,秦新能源,6,402.0
200.89522298177084,244.69533378269946,23.29611695005722,23.0164471623186,PLATFORM_RATING_FIXED,fixed_origin_primary,索纳塔,6,5237.0
26.12191645304362,27.086584226671963,,,PLATFORM_RATING_FIXED,fixed_origin_primary,红旗E-HS9,6,0.0
1655.7294921875,1705.4216126983688,67.69864688844298,60.48326912100457,PLATFORM_RATING_FIXED,fixed_origin_primary,红旗E-QM5,6,16425.0
161.89405059814453,179.88142288979816,355.4184589421667,137.0048383059051,PLATFORM_RATING_FIXED,fixed_origin_primary,红旗EH7,6,709.0
2528.314453125,2881.2428106441434,29.683341316103323,28.153381806413897,PLATFORM_RATING_FIXED,fixed_origin_primary,红旗H5,6,53883.0
264.92735799153644,376.017405957857,54.32918716769962,32.68018396277177,PLATFORM_RATING_FIXED,fixed_origin_primary,红旗H5 PHEV,6,4864.0
54.81182861328125,76.41355500390576,6.544781734579375,5.671166954297077,PLATFORM_RATING_FIXED,fixed_origin_primary,红旗H6,6,5799.0
91.82328796386719,97.31188147677939,20.7912965618543,20.743212642439875,PLATFORM_RATING_FIXED,fixed_origin_primary,红旗H9,6,2656.0
42.17967542012533,43.4402575908612,167.20807918796072,131.81148568789166,PLATFORM_RATING_FIXED,fixed_origin_primary,红旗HQ9,6,192.0
137.95391845703125,173.88990250404748,25.650452316521683,20.88628591325227,PLATFORM_RATING_FIXED,fixed_origin_primary,红旗HS3,6,3963.0
683.3570760091146,804.2090600937393,62.42176042604649,52.748519954389394,PLATFORM_RATING_FIXED,fixed_origin_primary,红旗HS3 PHEV,6,7773.0
369.7423095703125,541.2323341175045,8.18106231008348,9.37956137925704,PLATFORM_RATING_FIXED,fixed_origin_primary,红旗HS5,6,23652.0
507.13197835286456,509.29229856477684,894.7957155107462,655.774109939049,PLATFORM_RATING_FIXED,fixed_origin_primary,红旗HS7 PHEV,6,464.0
2.35738068819046,3.1566992808058263,51.58342434300317,54.40109280439523,PLATFORM_RATING_FIXED,fixed_origin_primary,红旗国耀,6,26.0
109.62263488769531,135.80631090968748,82.26125147302562,35.514892512212306,PLATFORM_RATING_FIXED,fixed_origin_primary,红旗天工05,6,1852.0
68.16062800089519,72.23332946422478,135.9139039717477,88.32910756055531,PLATFORM_RATING_FIXED,fixed_origin_primary,红旗天工06,6,463.0
148.87645975748697,160.86035757838056,421.7746825127784,194.1866866402004,PLATFORM_RATING_FIXED,fixed_origin_primary,红旗天工08,6,460.0
1083.5423380533855,1545.0115344101644,38.68997073353497,48.37602521259255,PLATFORM_RATING_FIXED,fixed_origin_primary,纳米01,6,13439.0
182.5055898030599,253.6789776451524,29.186931391203945,35.61084679084095,PLATFORM_RATING_FIXED,fixed_origin_primary,缤智,6,3075.0
491.57319895426434,731.7337402261677,45.442621912768125,67.44658572434452,PLATFORM_RATING_FIXED,fixed_origin_primary,缤瑞,6,4373.0
3128.0414225260415,3905.908688917624,24.78699059934555,28.282898378752318,PLATFORM_RATING_FIXED,fixed_origin_primary,缤越,6,66359.0
55.619225104649864,90.16626511281305,94.7877490480785,101.4332372729177,PLATFORM_RATING_FIXED,fixed_origin_primary,羿驰05,6,329.0
90.02832221984863,103.1837692977802,56.18145896759069,57.83403996992418,PLATFORM_RATING_FIXED,fixed_origin_primary,胜达,6,934.0
1704.855224609375,2039.3461041303174,37.259116665981566,36.24010255670747,PLATFORM_RATING_FIXED,fixed_origin_primary,腾势D9,6,28226.0
59.3422597249349,78.8188952529001,17.488043833085296,20.47461520124263,PLATFORM_RATING_FIXED,fixed_origin_primary,艾力绅,6,1739.0
265.52979532877606,360.6288952034824,16.008143205998145,18.916869769326244,PLATFORM_RATING_FIXED,fixed_origin_primary,艾瑞泽5,6,8422.0
3253.2068684895835,3575.959820046652,48.916237841848606,38.73633897784779,PLATFORM_RATING_FIXED,fixed_origin_primary,艾瑞泽8,6,50390.0
861.0718587239584,971.0023446267664,37.51460397014776,32.13354367672441,PLATFORM_RATING_FIXED,fixed_origin_primary,英仕派,6,16078.0
105.37196731567383,106.53372481659746,925.851941386228,831.8839524921618,PLATFORM_RATING_FIXED,fixed_origin_primary,荣威D5X DMH,6,76.0
547.4664916992188,631.1482093039324,164.37407961072512,40.558080629649496,PLATFORM_RATING_FIXED,fixed_origin_primary,荣威D6,6,8099.0
178.4928181966146,212.30033109529714,47.531040386245,29.02322247099424,PLATFORM_RATING_FIXED,fixed_origin_primary,荣威D7,6,3690.0
0.00034617423079907894,0.0008479502275582005,,,PLATFORM_RATING_FIXED,fixed_origin_primary,荣威RX3,6,0.0
2011.2835286458333,2274.481005359058,202.69579616834713,47.85162445725445,PLATFORM_RATING_FIXED,fixed_origin_primary,荣威i5,6,25219.0
95.62604649861653,104.29090922652334,609.8258862464256,1850.8267064248362,PLATFORM_RATING_FIXED,fixed_origin_primary,荣威i6 MAX新能源,6,31.0
62.31060473124186,62.840432792364886,779.503409510276,603.0058522378245,PLATFORM_RATING_FIXED,fixed_origin_primary,荣威iMAX8,6,62.0
44.38675181070963,57.63601860033544,198.42411467827174,89.36929894773752,PLATFORM_RATING_FIXED,fixed_origin_primary,荣威iMAX8新能源,6,298.0
535.5695343017578,572.297543814595,56.88591780099445,58.735463458427105,PLATFORM_RATING_FIXED,fixed_origin_primary,菱智,6,5471.0
602.2984212239584,651.7534518760007,32.1370042459363,28.472979257356997,PLATFORM_RATING_FIXED,fixed_origin_primary,蒙迪欧,6,12692.0
118.88377888997395,152.97031968568308,22.46917571911206,17.796972887720653,PLATFORM_RATING_FIXED,fixed_origin_primary,蔚来ET5,6,4008.0
414.68658447265625,570.7897314854633,24.558411336028836,20.595310875225042,PLATFORM_RATING_FIXED,fixed_origin_primary,蔚来ET5T,6,12081.0
19.637823740641277,20.742741352951242,138.14497250428317,122.73639837900798,PLATFORM_RATING_FIXED,fixed_origin_primary,蔚来ET7,6,96.0
44.53569976488749,76.29416348149427,93.9448553608913,96.12021531990106,PLATFORM_RATING_FIXED,fixed_origin_primary,蔚来ET9,6,278.0
372.7562764485677,760.646553499143,20.701225449828716,35.744568622205634,PLATFORM_RATING_FIXED,fixed_origin_primary,豪越L,6,6257.0
495.40370686848956,514.0740758142686,39.31952210064443,33.86603897927466,PLATFORM_RATING_FIXED,fixed_origin_primary,赛图斯,6,8777.0
1718.7862141927083,1925.1017580800064,23.338182383572082,24.54532258754314,PLATFORM_RATING_FIXED,fixed_origin_primary,赛那SIENNA,6,42015.0
82.13975652058919,83.55617921769947,436.7037136356749,203.65228889402277,PLATFORM_RATING_FIXED,fixed_origin_primary,起亚EV5,6,242.0
591.2894337972006,654.3953409474058,57.84027731973064,61.85035918380759,PLATFORM_RATING_FIXED,fixed_origin_primary,起亚K3,6,5736.0
156.58698272705078,167.4530188573481,1703.1044002198553,474.50600826379025,PLATFORM_RATING_FIXED,fixed_origin_primary,起亚K5凯酷,6,198.0
0.020728042349219322,0.02828746293713293,,,PLATFORM_RATING_FIXED,fixed_origin_primary,起亚KX3傲跑,6,0.0
51.58796183268229,56.801369126401156,54.76801741278482,42.11262190423044,PLATFORM_RATING_FIXED,fixed_origin_primary,轩度EV,6,735.0
5932.814453125,6584.451575128639,42.274924217004745,37.41959520099024,PLATFORM_RATING_FIXED,fixed_origin_primary,轩逸,6,95129.0
1573.7389322916667,2554.3311306230285,12.317110834835391,12.298678745636657,PLATFORM_RATING_FIXED,fixed_origin_primary,迈腾,6,76776.0
20.670470396677654,46.37958232108892,96.18916875225003,105.10408676276772,PLATFORM_RATING_FIXED,fixed_origin_primary,迈腾PHEV,6,118.0
404.02560806274414,743.2769479288025,1897.7799077226034,107.16859630311515,PLATFORM_RATING_FIXED,fixed_origin_primary,迈锐宝XL,6,2262.0
993.2374674479166,1017.011811123784,23.391305512019404,21.687986042242883,PLATFORM_RATING_FIXED,fixed_origin_primary,逍客,6,27478.0
78.29478899637859,164.88457209378268,128.8454973572956,92.2924821175386,PLATFORM_RATING_FIXED,fixed_origin_primary,途安,6,509.0
2297.29541015625,2328.189108723602,29.41988143780716,27.12166475333025,PLATFORM_RATING_FIXED,fixed_origin_primary,途岳,6,50822.0
279.7960205078125,327.40020651331093,17.230892031951853,14.549975065408866,PLATFORM_RATING_FIXED,fixed_origin_primary,途昂,6,11538.0
330.50042724609375,364.08755474042647,19.234834620193737,19.48896868281634,PLATFORM_RATING_FIXED,fixed_origin_primary,途胜L,6,10175.0
1726.3846028645833,2855.5286172251253,11.36537187261314,12.509126895620486,PLATFORM_RATING_FIXED,fixed_origin_primary,途观L,6,82806.0
116.9179801940918,129.54603165328976,4999.243087492666,138.63792117876497,PLATFORM_RATING_FIXED,fixed_origin_primary,途观L新能源,6,506.0
3918.14599609375,4822.04913451628,32.4368372404159,27.791225989245312,PLATFORM_RATING_FIXED,fixed_origin_primary,速腾,6,84591.0
1824.23779296875,1967.0220782663566,20.506896252779317,18.667371760092266,PLATFORM_RATING_FIXED,fixed_origin_primary,逸动,6,58634.0
61.6239808400472,62.90288434892071,2839.0133291188467,189.61224873860678,PLATFORM_RATING_FIXED,fixed_origin_primary,钇为3,6,195.0
2092.6875,2346.6881534024405,31.18466591929718,30.24260561684089,PLATFORM_RATING_FIXED,fixed_origin_primary,铂智3X,6,41518.0
32.92054875691732,39.232463157902735,1036.5097659300448,59.31630406651769,PLATFORM_RATING_FIXED,fixed_origin_primary,铂智4X,6,333.0
1722.6337695916493,2434.2974481275105,99.55176818102326,99.85317957250408,PLATFORM_RATING_FIXED,fixed_origin_primary,铂智7,6,10351.0
69.56517537434895,85.42461739272404,45.27378932812924,32.68528208661658,PLATFORM_RATING_FIXED,fixed_origin_primary,银河E8,6,1277.0
258.5750045776367,409.6081329720933,41.672046997907096,60.087142814323016,PLATFORM_RATING_FIXED,fixed_origin_primary,银河V900,6,2582.0
1870.0885009765625,2170.397885382228,114.77948509092374,73.66903687124532,PLATFORM_RATING_FIXED,fixed_origin_primary,银河星耀6,6,15231.0
1283.0886061191559,2458.781301904595,96.94152510603686,98.73709935507163,PLATFORM_RATING_FIXED,fixed_origin_primary,银河星耀7,6,7797.0
1970.05029296875,2587.808889209642,13.182348705757033,15.033770121224165,PLATFORM_RATING_FIXED,fixed_origin_primary,锋兰达,6,78625.0
310.84446207682294,358.7478128615187,16.502217655224822,17.596629610915535,PLATFORM_RATING_FIXED,fixed_origin_primary,锐界L,6,10599.0
54.84642028808594,56.407644391853964,2332.528082529704,1567.0405796595983,PLATFORM_RATING_FIXED,fixed_origin_primary,锐程PLUS,6,21.0
44.80569712320963,57.99600950050538,21.562623623331326,21.945647570551657,PLATFORM_RATING_FIXED,fixed_origin_primary,锐际,6,1225.0
4609.792317708333,4907.043191031046,36.86307697136975,37.908437140223675,PLATFORM_RATING_FIXED,fixed_origin_primary,长安CS75 PLUS,6,72962.0
3090.457763671875,3408.355367284298,210.59788834107658,156.79643651303272,PLATFORM_RATING_FIXED,fixed_origin_primary,长安Lumin,6,11826.0
94.71474329630534,104.29280119272067,1852.2483613578338,342.3424456492964,PLATFORM_RATING_FIXED,fixed_origin_primary,长安UNI-K,6,166.0
1.3575082247455914,1.9182676296993761,95.51808759570122,116.3578478353364,PLATFORM_RATING_FIXED,fixed_origin_primary,长安UNI-K 智电iDD,6,7.0
36.40867042541504,46.81272563898531,1125.4013816373179,214.16864956126494,PLATFORM_RATING_FIXED,fixed_origin_primary,长安UNI-T,6,102.0
556.6395060221354,579.7627193195137,33.85891524959616,26.47932320726879,PLATFORM_RATING_FIXED,fixed_origin_primary,长安UNI-V,6,12613.0
1800.0279541015625,2769.314860575631,50.72219319218153,54.52427163070161,PLATFORM_RATING_FIXED,fixed_origin_primary,长安UNI-Z新能源,6,19808.0
3270.59619140625,3369.669121213413,38.7500393764707,39.047232466645774,PLATFORM_RATING_FIXED,fixed_origin_primary,长安X5 PLUS,6,50256.0
679.7751668294271,858.0408798191156,62.51518470530394,43.83289630281099,PLATFORM_RATING_FIXED,fixed_origin_primary,长安启源A07,6,9305.0
1914.0269165039062,1936.4294465947205,,,PLATFORM_RATING_FIXED,fixed_origin_primary,长安启源Q05经典,6,0.0
863.7815958658854,894.6638624815321,313.14936085550494,194.25373220372236,PLATFORM_RATING_FIXED,fixed_origin_primary,长安欧尚520,6,2668.0
5264.633463541667,5787.133763921038,122.23757059429086,78.18569040679687,PLATFORM_RATING_FIXED,fixed_origin_primary,雅阁,6,40401.0
2017.8736572265625,2754.473633402423,79.21531923047586,56.401947001580986,PLATFORM_RATING_FIXED,fixed_origin_primary,零跑B01,6,21466.0
1968.1476643880208,2203.091424763176,88.1059724691045,58.91481733350691,PLATFORM_RATING_FIXED,fixed_origin_primary,零跑Lafa5,6,20044.0
698.3933512369791,772.6770019360215,17477.463096204086,111.06175741907964,PLATFORM_RATING_FIXED,fixed_origin_primary,零跑T03,6,3773.0
418.64744059244794,489.16547068608077,202.0918351620332,95.6544037911153,PLATFORM_RATING_FIXED,fixed_origin_primary,雷凌,6,2626.0
1470.66650390625,1603.2892362227415,36.96183505422309,38.100168494980565,PLATFORM_RATING_FIXED,fixed_origin_primary,领克03,6,23160.0
511.5745442708333,748.4174651728249,21.038450715767766,25.211065836755647,PLATFORM_RATING_FIXED,fixed_origin_primary,领克07,6,12175.0
661.2657063802084,1076.2207133021504,18.24578870033379,22.014061134557235,PLATFORM_RATING_FIXED,fixed_origin_primary,领克10,6,18023.0
2057.534464518229,2427.007901191995,97.89102401039132,92.44575997535851,PLATFORM_RATING_FIXED,fixed_origin_primary,风云A9L,6,13354.0
4.445876916249593,4.878101009236134,49.66562724904753,45.99183016809924,PLATFORM_RATING_FIXED,fixed_origin_primary,风光330,6,58.0
34.462579091389976,36.90188566719543,82.46437939157161,76.30091311746857,PLATFORM_RATING_FIXED,fixed_origin_primary,风光380,6,271.0
38.8147185643514,42.04496800146703,1828.7683541434153,1164.441556930542,PLATFORM_RATING_FIXED,fixed_origin_primary,风光E380,6,20.0
98.33789825439453,100.09837173340428,67.3956177475189,61.33340847467434,PLATFORM_RATING_FIXED,fixed_origin_primary,飞凡F7,6,962.0
355.5915222167969,415.2589813079552,76.91604435104408,59.546445249812486,PLATFORM_RATING_FIXED,fixed_origin_primary,马自达3 昂克赛拉,6,3583.0
391.19923909505206,421.966017736647,30.017936086719406,28.62782576619481,PLATFORM_RATING_FIXED,fixed_origin_primary,马自达EZ-6,6,8199.0
5625.896402994792,5747.686370136897,15993.044670615158,769.2656886501538,PLATFORM_RATING_FIXED,fixed_origin_primary,驱逐舰05,6,4388.0
28.05259831746419,32.59759507522211,51.36737473499172,34.003149475714174,PLATFORM_RATING_FIXED,fixed_origin_primary,骐达,6,495.0
520.2009684244791,567.8221254584995,49.67709441830898,41.62717805477294,PLATFORM_RATING_FIXED,fixed_origin_primary,高尔夫,6,7498.0
28.503977457682293,32.93117269811435,18.501201515496415,17.415872173736634,PLATFORM_RATING_FIXED,fixed_origin_primary,高尔夫GTI,6,982.0
899.7677408854166,1041.8101825488857,15.96925112206398,15.772946636609985,PLATFORM_RATING_FIXED,fixed_origin_primary,魏牌 高山,6,34227.0
