brand_id,official_price_wan,engine_displacement_ml,engine_displacement_l,engine_cylinder_nums,engine_max_horsepower_ps,engine_max_power_kw,engine_max_power_rpm,engine_max_torque_nm,gear_count,max_speed_kmh,acceleration_0_100_s,fuel_consumption_l_100km,motor_total_power_kw,motor_total_torque_nm,motor_front_power_kw,motor_front_torque_nm,motor_rear_power_kw,motor_rear_torque_nm,motor_system_power_kw,motor_system_torque_nm,battery_capacity_kwh,battery_range_km,electricity_consumption_kwh_100km,fast_charge_percent,length_mm,width_mm,height_mm,wheelbase_mm,front_track_mm,rear_track_mm,min_ground_clearance_mm,curb_weight_kg,door_count,seat_count,trunk_volume_l,side_air_curtain,brand_name_DS,brand_name_MG名爵,brand_name_MINI,brand_name_Polestar极星,brand_name_SRM鑫源,brand_name_SWM斯威汽车,brand_name_firefly萤火虫,brand_name_iCAR,brand_name_smart,brand_name_一汽,brand_name_东风奕派,brand_name_东风富康,brand_name_东风纳米,brand_name_东风风光,brand_name_东风风度,brand_name_东风风神,brand_name_东风风行,brand_name_中国重汽VGV,brand_name_丰田,brand_name_乐道,brand_name_五菱,brand_name_五菱汽车,brand_name_仰望,brand_name_凌宝汽车,brand_name_凯翼,brand_name_凯迪拉克,brand_name_创维汽车,brand_name_别克,brand_name_北京汽车,brand_name_北京汽车制造厂,brand_name_北京越野,brand_name_北汽制造,brand_name_华境,brand_name_合创汽车,brand_name_吉利几何,brand_name_吉利汽车,brand_name_吉利银河,brand_name_启辰,brand_name_哈弗,brand_name_哪吒汽车,brand_name_坦克,brand_name_埃安,brand_name_埃尚,brand_name_大众,brand_name_大运,brand_name_大通,brand_name_奇瑞,brand_name_奇瑞新能源,brand_name_奇瑞风云,brand_name_奔腾,brand_name_奔驰,brand_name_奥迪,brand_name_奥迪AUDI,brand_name_宝马,brand_name_宝骏,brand_name_小米汽车,brand_name_小虎,brand_name_小鹏,brand_name_小鹏汽车,brand_name_岚图,brand_name_岚图汽车,brand_name_广汽传祺,brand_name_开瑞,brand_name_思皓,brand_name_捷豹,brand_name_捷达,brand_name_捷途,brand_name_斯柯达,brand_name_新龙马汽车,brand_name_方程豹,brand_name_日产,brand_name_昊铂,brand_name_星途,brand_name_智己汽车,brand_name_曹操汽车,brand_name_本田,brand_name_极氪,brand_name_极石汽车,brand_name_林肯,brand_name_标致,brand_name_欧拉,brand_name_比亚迪,brand_name_江淮汽车,brand_name_江淮瑞风,brand_name_江淮钇为,brand_name_江铃集团新能源,brand_name_沃尔沃,brand_name_海马,brand_name_海马郑州,brand_name_深蓝汽车,brand_name_灵悉,brand_name_特斯拉,brand_name_猛士,brand_name_现代,brand_name_理念,brand_name_理想汽车,brand_name_瑞驰,brand_name_睿蓝汽车,brand_name_知豆,brand_name_示界,brand_name_福特,brand_name_福田,brand_name_红旗,brand_name_纵横,brand_name_腾势,brand_name_英菲尼迪,brand_name_荣威,brand_name_蓝电,brand_name_蔚来,brand_name_起亚,brand_name_路虎,brand_name_长安,brand_name_长安凯程,brand_name_长安启源,brand_name_长安欧尚,brand_name_阿维塔,brand_name_雪佛兰,brand_name_雪铁龙,brand_name_零跑汽车,brand_name_领克,brand_name_领途汽车,brand_name_飞凡汽车,brand_name_马自达,brand_name_魏牌,brand_name_鸿蒙智行
-0.37804228,0.73000175,-0.10987362,0.0,0.0,0.15936927,0.17474341,0.0089231515,0.33247408,0.0010329175,-0.052518394,-0.009447177,-0.0016625705,-0.0089636175,-0.0031962416,-0.020510666,-0.008414598,0.00039204623,0.000457234,0.0017551098,0.0,0.0038131794,0.048859265,-0.0010114831,0.0,-0.077306055,-0.19326688,0.08734219,0.13564247,0.07032609,0.065571725,-0.0019488322,0.33661684,-0.0012592531,0.0030644932,-0.026655901,0.0,0.0,0.0,0.0008304799,0.0007362446,0.0,0.0,0.0,0.0,0.0,0.0,0.0,0.0,0.0,0.015313593,0.0,0.0,8.428951e-05,0.0,-0.000584473,-0.0010070249,-0.0015425903,0.0,0.0,0.0,0.004396385,0.00445473,0.0,0.0,0.0049779355,0.0016919052,0.0,0.0,0.0,0.00030015814,0.0,-0.022692107,-0.0047338475,0.010932238,-0.00013338613,0.0,0.0,-0.0093211485,0.0,0.0,0.0,0.00056042813,0.0,0.0,0.0,0.0015371441,0.0,0.0,0.0,0.0007393464,0.00022437566,-0.002859552,0.001466335,0.0,-0.0041427985,0.0,0.0,-0.0007002461,0.0,0.0,0.0,0.0012531073,-0.006807336,0.0,0.0,0.0,0.0,0.0,0.0050688838,0.0,0.0,0.0,0.0,0.0,-0.0006498745,0.0,0.0,-0.025769288,0.0099077085,0.00037078466,0.0011502339,0.006379231,0.00032259544,0.0020353838,0.0,0.0,0.000615193,0.0,0.0,0.0,0.0,-0.004306473,0.0,0.0061398437,0.0,0.0,-0.0006181117,0.0,-0.006651384,0.0,0.0,0.0004596248,0.0013897421,0.0,0.0,0.004601577,0.0,-0.0024772047,-2.4905106e-05,0.0,0.0,0.0,0.0050568585,0.0,-0.0041561453,-0.0029278016,0.0014082759,0.0,0.0017470482,0.0,-0.0010450707
-0.37804228,0.73000175,-0.10987362,0.0,0.0,0.15936927,0.17474341,0.0089231515,0.33247408,0.0010329175,-0.052518394,-0.009447177,-0.0016625705,-0.0089636175,-0.0031962416,-0.020510666,-0.008414598,0.00039204623,0.000457234,0.0017551098,0.0,0.0038131794,0.048859265,-0.0010114831,0.0,-0.077306055,-0.19326688,0.08734219,0.13564247,0.07032609,0.065571725,-0.0019488322,0.33661684,-0.0012592531,0.0030644932,-0.026655901,0.0,0.0,0.0,0.0008304799,0.0007362446,0.0,0.0,0.0,0.0,0.0,0.0,0.0,0.0,0.0,0.015313593,0.0,0.0,8.428951e-05,0.0,-0.000584473,-0.0010070249,-0.0015425903,0.0,0.0,0.0,0.004396385,0.00445473,0.0,0.0,0.0049779355,0.0016919052,0.0,0.0,0.0,0.00030015814,0.0,-0.022692107,-0.0047338475,0.010932238,-0.00013338613,0.0,0.0,-0.0093211485,0.0,0.0,0.0,0.00056042813,0.0,0.0,0.0,0.0015371441,0.0,0.0,0.0,0.0007393464,0.00022437566,-0.002859552,0.001466335,0.0,-0.0041427985,0.0,0.0,-0.0007002461,0.0,0.0,0.0,0.0012531073,-0.006807336,0.0,0.0,0.0,0.0,0.0,0.0050688838,0.0,0.0,0.0,0.0,0.0,-0.0006498745,0.0,0.0,-0.025769288,0.0099077085,0.00037078466,0.0011502339,0.006379231,0.00032259544,0.0020353838,0.0,0.0,0.000615193,0.0,0.0,0.0,0.0,-0.004306473,0.0,0.0061398437,0.0,0.0,-0.0006181117,0.0,-0.006651384,0.0,0.0,0.0004596248,0.0013897421,0.0,0.0,0.004601577,0.0,-0.0024772047,-2.4905106e-05,0.0,0.0,0.0,0.0050568585,0.0,-0.0041561453,-0.0029278016,0.0014082759,0.0,0.0017470482,0.0,-0.0010450707
-0.530344,-0.13825598,-0.006273233,0.0,0.0,-0.015100117,-0.0073170695,-0.0153664965,-0.009184318,0.00093416625,-0.069582276,-0.028679237,-0.007819633,-0.037917215,-0.039448258,-0.04066999,-0.010428152,-0.17475206,0.013921401,-8.6259795e-05,0.0,0.002868537,0.038742468,-0.0011322862,0.0,0.036245465,-0.27033055,-0.3417739,0.008633825,0.027304852,-0.061185487,-0.0035303608,0.1785185,0.008002556,-0.024117284,-0.013774988,0.0,0.0,0.0,0.0008238884,0.0007312919,0.0,0.0,0.0,0.0,0.0,0.0,0.0,0.0,0.0,0.018801093,0.0,0.0,0.00026084846,0.0,-0.000306557,-0.0010071268,-0.00034986454,0.0,0.0,0.0,0.008331238,0.00445473,0.0,0.0,0.0014994389,0.0016634054,0.0,0.0,0.0,0.0015956049,0.0,-0.02607782,-0.00426688,0.0102577545,-0.0004802058,0.0,0.0,-0.0052970406,0.0,0.0,0.0,0.0030883541,0.0,0.0,0.0,0.0018021573,0.0,0.0,0.0,0.0007393464,0.0004547168,-0.0028780252,0.00072380103,0.0,-0.0030318832,0.0,0.0,-0.0007002461,0.0,0.0,0.0,0.0025962954,-0.013825097,0.0,0.0,0.0,0.0,0.0,0.005145568,0.0,0.0,0.0,0.0,0.0,-0.0006498745,0.0,0.0,-0.022525102,0.007840678,0.00037078466,0.0011512855,0.0048005236,0.00032259544,0.0034452863,0.0,0.0,0.0006139429,0.0,0.0,0.0,0.0,-0.003988167,0.0,0.0065649124,0.0,0.0,-0.0006181117,0.0,-0.006651384,0.0,0.0,0.00046011055,0.0013897421,0.0,0.0,0.006341022,0.0,-0.00032166106,-0.005292821,0.0,0.0,0.0,0.0045711924,0.0,-0.0046966644,-0.0027136316,0.0012981393,0.0,0.0032567987,0.0,-0.0010587462
0.5478046,0.2173854,-0.024615569,0.0,0.0,0.093288824,-0.0023438553,0.02260264,-0.007093428,0.0010858963,0.073044136,-0.009589414,0.0006126431,0.0001080135,-0.0036181153,-0.022685023,-0.00552881,-0.0006012072,0.0002807273,-9.929703e-05,0.0,-0.0020012008,0.11255902,-0.0009772371,0.0,-0.044003554,-0.22184205,0.046583038,0.0091252,0.060520127,0.108769715,-0.008335864,0.23796168,0.007840584,0.0015412378,-0.011634438,0.0,0.0,0.0,0.000830434,0.0007363124,0.0,0.0,0.0,0.0,0.0,0.0,0.0,0.0,0.0,0.014549185,0.0,0.0,0.0005793231,0.0,-0.0028835356,-0.0010071129,-0.00033691686,0.0,0.0,0.0,0.0087193735,0.0035689261,0.0,0.0,0.0020054157,0.00167167,0.0,0.0,0.0,0.0003256807,0.0,-0.0130235925,-0.0030363167,0.005765913,-0.00050494896,0.0,0.0,-0.009445633,0.0,0.0,0.0,0.0029703686,0.0,0.0,0.0,0.0022550707,0.0,0.0,0.0,0.0007393464,0.00022654918,-0.0028204974,0.00067325885,0.0,-0.0041315993,0.0,0.0,-0.0007002461,0.0,0.0,0.0,0.0015584708,-0.0026235373,0.0,0.0,0.0,0.0,0.0,0.0049393713,0.0,0.0,0.0,0.0,0.0,-0.0006498745,0.0,0.0,-0.025540827,0.005545517,0.00037078466,0.0010809132,0.007865049,0.0003494281,0.0012894933,0.0,0.0,0.00057480304,0.0,0.0,0.0,0.0,-0.0043139695,0.0,0.005494945,0.0,0.0,-0.0006181117,0.0,-0.0063954447,0.0,0.0,0.0004596248,0.0013897421,0.0,0.0,0.020468457,0.0,-0.001038024,-2.4905106e-05,0.0,0.0,0.0,0.015222185,0.0,-0.004180688,-0.0055812993,0.0013149913,0.0,-0.2774628,0.0,-0.0010329436
0.5478046,0.2173854,-0.024615569,0.0,0.0,0.093288824,-0.0023438553,0.02260264,-0.007093428,0.0010858963,0.073044136,-0.009589414,0.0006126431,0.0001080135,-0.0036181153,-0.022685023,-0.00552881,-0.0006012072,0.0002807273,-9.929703e-05,0.0,-0.0020012008,0.11255902,-0.0009772371,0.0,-0.044003554,-0.22184205,0.046583038,0.0091252,0.060520127,0.108769715,-0.008335864,0.23796168,0.007840584,0.0015412378,-0.011634438,0.0,0.0,0.0,0.000830434,0.0007363124,0.0,0.0,0.0,0.0,0.0,0.0,0.0,0.0,0.0,0.014549185,0.0,0.0,0.0005793231,0.0,-0.0028835356,-0.0010071129,-0.00033691686,0.0,0.0,0.0,0.0087193735,0.0035689261,0.0,0.0,0.0020054157,0.00167167,0.0,0.0,0.0,0.0003256807,0.0,-0.0130235925,-0.0030363167,0.005765913,-0.00050494896,0.0,0.0,-0.009445633,0.0,0.0,0.0,0.0029703686,0.0,0.0,0.0,0.0022550707,0.0,0.0,0.0,0.0007393464,0.00022654918,-0.0028204974,0.00067325885,0.0,-0.0041315993,0.0,0.0,-0.0007002461,0.0,0.0,0.0,0.0015584708,-0.0026235373,0.0,0.0,0.0,0.0,0.0,0.0049393713,0.0,0.0,0.0,0.0,0.0,-0.0006498745,0.0,0.0,-0.025540827,0.005545517,0.00037078466,0.0010809132,0.007865049,0.0003494281,0.0012894933,0.0,0.0,0.00057480304,0.0,0.0,0.0,0.0,-0.0043139695,0.0,0.005494945,0.0,0.0,-0.0006181117,0.0,-0.0063954447,0.0,0.0,0.0004596248,0.0013897421,0.0,0.0,0.020468457,0.0,-0.001038024,-2.4905106e-05,0.0,0.0,0.0,0.015222185,0.0,-0.004180688,-0.0055812993,0.0013149913,0.0,-0.2774628,0.0,-0.0010329436
0.5478046,0.2173854,-0.024615569,0.0,0.0,0.093288824,-0.0023438553,0.02260264,-0.007093428,0.0010858963,0.073044136,-0.009589414,0.0006126431,0.0001080135,-0.0036181153,-0.022685023,-0.00552881,-0.0006012072,0.0002807273,-9.929703e-05,0.0,-0.0020012008,0.11255902,-0.0009772371,0.0,-0.044003554,-0.22184205,0.046583038,0.0091252,0.060520127,0.108769715,-0.008335864,0.23796168,0.007840584,0.0015412378,-0.011634438,0.0,0.0,0.0,0.000830434,0.0007363124,0.0,0.0,0.0,0.0,0.0,0.0,0.0,0.0,0.0,0.014549185,0.0,0.0,0.0005793231,0.0,-0.0028835356,-0.0010071129,-0.00033691686,0.0,0.0,0.0,0.0087193735,0.0035689261,0.0,0.0,0.0020054157,0.00167167,0.0,0.0,0.0,0.0003256807,0.0,-0.0130235925,-0.0030363167,0.005765913,-0.00050494896,0.0,0.0,-0.009445633,0.0,0.0,0.0,0.0029703686,0.0,0.0,0.0,0.0022550707,0.0,0.0,0.0,0.0007393464,0.00022654918,-0.0028204974,0.00067325885,0.0,-0.0041315993,0.0,0.0,-0.0007002461,0.0,0.0,0.0,0.0015584708,-0.0026235373,0.0,0.0,0.0,0.0,0.0,0.0049393713,0.0,0.0,0.0,0.0,0.0,-0.0006498745,0.0,0.0,-0.025540827,0.005545517,0.00037078466,0.0010809132,0.007865049,0.0003494281,0.0012894933,0.0,0.0,0.00057480304,0.0,0.0,0.0,0.0,-0.0043139695,0.0,0.005494945,0.0,0.0,-0.0006181117,0.0,-0.0063954447,0.0,0.0,0.0004596248,0.0013897421,0.0,0.0,0.020468457,0.0,-0.001038024,-2.4905106e-05,0.0,0.0,0.0,0.015222185,0.0,-0.004180688,-0.0055812993,0.0013149913,0.0,-0.2774628,0.0,-0.0010329436
0.5478046,0.2173854,-0.024615569,0.0,0.0,0.093288824,-0.0023438553,0.02260264,-0.007093428,0.0010858963,0.073044136,-0.009589414,0.0006126431,0.0001080135,-0.0036181153,-0.022685023,-0.00552881,-0.0006012072,0.0002807273,-9.929703e-05,0.0,-0.0020012008,0.11255902,-0.0009772371,0.0,-0.044003554,-0.22184205,0.046583038,0.0091252,0.060520127,0.108769715,-0.008335864,0.23796168,0.007840584,0.0015412378,-0.011634438,0.0,0.0,0.0,0.000830434,0.0007363124,0.0,0.0,0.0,0.0,0.0,0.0,0.0,0.0,0.0,0.014549185,0.0,0.0,0.0005793231,0.0,-0.0028835356,-0.0010071129,-0.00033691686,0.0,0.0,0.0,0.0087193735,0.0035689261,0.0,0.0,0.0020054157,0.00167167,0.0,0.0,0.0,0.0003256807,0.0,-0.0130235925,-0.0030363167,0.005765913,-0.00050494896,0.0,0.0,-0.009445633,0.0,0.0,0.0,0.0029703686,0.0,0.0,0.0,0.0022550707,0.0,0.0,0.0,0.0007393464,0.00022654918,-0.0028204974,0.00067325885,0.0,-0.0041315993,0.0,0.0,-0.0007002461,0.0,0.0,0.0,0.0015584708,-0.0026235373,0.0,0.0,0.0,0.0,0.0,0.0049393713,0.0,0.0,0.0,0.0,0.0,-0.0006498745,0.0,0.0,-0.025540827,0.005545517,0.00037078466,0.0010809132,0.007865049,0.0003494281,0.0012894933,0.0,0.0,0.00057480304,0.0,0.0,0.0,0.0,-0.0043139695,0.0,0.005494945,0.0,0.0,-0.0006181117,0.0,-0.0063954447,0.0,0.0,0.0004596248,0.0013897421,0.0,0.0,0.020468457,0.0,-0.001038024,-2.4905106e-05,0.0,0.0,0.0,0.015222185,0.0,-0.004180688,-0.0055812993,0.0013149913,0.0,-0.2774628,0.0,-0.0010329436
0.5478046,0.2173854,-0.024615569,0.0,0.0,0.093288824,-0.0023438553,0.02260264,-0.007093428,0.0010858963,0.073044136,-0.009589414,0.0006126431,0.0001080135,-0.0036181153,-0.022685023,-0.00552881,-0.0006012072,0.0002807273,-9.929703e-05,0.0,-0.0020012008,0.11255902,-0.0009772371,0.0,-0.044003554,-0.22184205,0.046583038,0.0091252,0.060520127,0.108769715,-0.008335864,0.23796168,0.007840584,0.0015412378,-0.011634438,0.0,0.0,0.0,0.000830434,0.0007363124,0.0,0.0,0.0,0.0,0.0,0.0,0.0,0.0,0.0,0.014549185,0.0,0.0,0.0005793231,0.0,-0.0028835356,-0.0010071129,-0.00033691686,0.0,0.0,0.0,0.0087193735,0.0035689261,0.0,0.0,0.0020054157,0.00167167,0.0,0.0,0.0,0.0003256807,0.0,-0.0130235925,-0.0030363167,0.005765913,-0.00050494896,0.0,0.0,-0.009445633,0.0,0.0,0.0,0.0029703686,0.0,0.0,0.0,0.0022550707,0.0,0.0,0.0,0.0007393464,0.00022654918,-0.0028204974,0.00067325885,0.0,-0.0041315993,0.0,0.0,-0.0007002461,0.0,0.0,0.0,0.0015584708,-0.0026235373,0.0,0.0,0.0,0.0,0.0,0.0049393713,0.0,0.0,0.0,0.0,0.0,-0.0006498745,0.0,0.0,-0.025540827,0.005545517,0.00037078466,0.0010809132,0.007865049,0.0003494281,0.0012894933,0.0,0.0,0.00057480304,0.0,0.0,0.0,0.0,-0.0043139695,0.0,0.005494945,0.0,0.0,-0.0006181117,0.0,-0.0063954447,0.0,0.0,0.0004596248,0.0013897421,0.0,0.0,0.020468457,0.0,-0.001038024,-2.4905106e-05,0.0,0.0,0.0,0.015222185,0.0,-0.004180688,-0.0055812993,0.0013149913,0.0,-0.2774628,0.0,-0.0010329436
0.56835234,-0.16141447,0.16015384,0.0,0.0,0.041272365,-0.004001946,0.017285481,0.0022681206,-0.0027262815,-0.066809386,-0.05188138,-0.010471233,-0.002797251,-0.0040749065,-0.013526151,-0.008026324,-0.0043323967,0.00023785852,-2.724148e-05,0.0,-0.0012867994,0.13101909,-0.0016447533,0.0,-0.03224522,0.07541049,0.0030969365,0.02257708,0.104692265,-0.12403169,0.00068302534,-0.2808816,0.0017019887,-0.0054601575,0.010551399,0.0,0.0,0.0,0.0008184723,0.000741,0.0,0.0,0.0,0.0,0.0,0.0,0.0,0.0,0.0,0.0101422975,0.0,0.0,0.00046222948,0.0,-0.00041082405,-0.0013411625,-6.864329e-05,0.0,0.0,0.0,0.008230167,0.005759334,0.0,0.0,0.00085341075,0.0016686595,0.0,0.0,0.0,0.0016422364,0.0,-0.017360311,-0.0042441953,0.009320512,-0.0002002482,0.0,0.0,-0.0045320634,0.0,0.0,0.0,0.0030600242,0.0,0.0,0.0,0.004321531,0.0,0.0,0.0,0.0007393464,0.0004547168,-0.002821497,0.00056657323,0.0,-0.0039950795,0.0,0.0,-0.0007002461,0.0,0.0,0.0,0.0018318833,-0.0032854641,0.0,0.0,0.0,0.0,0.0,0.0030965582,0.0,0.0,0.0,0.0,0.0,-0.0006498745,0.0,0.0,-0.0069085537,0.009045775,0.00091923645,0.0011402088,0.008088817,0.00032259544,0.0027005128,0.0,0.0,0.00060678576,0.0,0.0,0.0,0.0,-0.0039770035,0.0,0.0030638212,0.0,0.0,-0.0006181117,0.0,-0.0019512805,0.0,0.0,0.00045863978,0.0013897421,0.0,0.0,0.018967828,0.0,-0.0004221528,-2.4905106e-05,0.0,0.0,0.0,0.012038704,0.0,-0.0044726315,-0.0029619269,0.0013179034,0.0,0.0031214938,0.0,-0.0010371032
0.56835234,-0.16141447,0.16015384,0.0,0.0,0.041272365,-0.004001946,0.017285481,0.0022681206,-0.0027262815,-0.066809386,-0.05188138,-0.010471233,-0.002797251,-0.0040749065,-0.013526151,-0.008026324,-0.0043323967,0.00023785852,-2.724148e-05,0.0,-0.0012867994,0.13101909,-0.0016447533,0.0,-0.03224522,0.07541049,0.0030969365,0.02257708,0.104692265,-0.12403169,0.00068302534,-0.2808816,0.0017019887,-0.0054601575,0.010551399,0.0,0.0,0.0,0.0008184723,0.000741,0.0,0.0,0.0,0.0,0.0,0.0,0.0,0.0,0.0,0.0101422975,0.0,0.0,0.00046222948,0.0,-0.00041082405,-0.0013411625,-6.864329e-05,0.0,0.0,0.0,0.008230167,0.005759334,0.0,0.0,0.00085341075,0.0016686595,0.0,0.0,0.0,0.0016422364,0.0,-0.017360311,-0.0042441953,0.009320512,-0.0002002482,0.0,0.0,-0.0045320634,0.0,0.0,0.0,0.0030600242,0.0,0.0,0.0,0.004321531,0.0,0.0,0.0,0.0007393464,0.0004547168,-0.002821497,0.00056657323,0.0,-0.0039950795,0.0,0.0,-0.0007002461,0.0,0.0,0.0,0.0018318833,-0.0032854641,0.0,0.0,0.0,0.0,0.0,0.0030965582,0.0,0.0,0.0,0.0,0.0,-0.0006498745,0.0,0.0,-0.0069085537,0.009045775,0.00091923645,0.0011402088,0.008088817,0.00032259544,0.0027005128,0.0,0.0,0.00060678576,0.0,0.0,0.0,0.0,-0.0039770035,0.0,0.0030638212,0.0,0.0,-0.0006181117,0.0,-0.0019512805,0.0,0.0,0.00045863978,0.0013897421,0.0,0.0,0.018967828,0.0,-0.0004221528,-2.4905106e-05,0.0,0.0,0.0,0.012038704,0.0,-0.0044726315,-0.0029619269,0.0013179034,0.0,0.0031214938,0.0,-0.0010371032
0.56835234,-0.16141447,0.16015384,0.0,0.0,0.041272365,-0.004001946,0.017285481,0.0022681206,-0.0027262815,-0.066809386,-0.05188138,-0.010471233,-0.002797251,-0.0040749065,-0.013526151,-0.008026324,-0.0043323967,0.00023785852,-2.724148e-05,0.0,-0.0012867994,0.13101909,-0.0016447533,0.0,-0.03224522,0.07541049,0.0030969365,0.02257708,0.104692265,-0.12403169,0.00068302534,-0.2808816,0.0017019887,-0.0054601575,0.010551399,0.0,0.0,0.0,0.0008184723,0.000741,0.0,0.0,0.0,0.0,0.0,0.0,0.0,0.0,0.0,0.0101422975,0.0,0.0,0.00046222948,0.0,-0.00041082405,-0.0013411625,-6.864329e-05,0.0,0.0,0.0,0.008230167,0.005759334,0.0,0.0,0.00085341075,0.0016686595,0.0,0.0,0.0,0.0016422364,0.0,-0.017360311,-0.0042441953,0.009320512,-0.0002002482,0.0,0.0,-0.0045320634,0.0,0.0,0.0,0.0030600242,0.0,0.0,0.0,0.004321531,0.0,0.0,0.0,0.0007393464,0.0004547168,-0.002821497,0.00056657323,0.0,-0.0039950795,0.0,0.0,-0.0007002461,0.0,0.0,0.0,0.0018318833,-0.0032854641,0.0,0.0,0.0,0.0,0.0,0.0030965582,0.0,0.0,0.0,0.0,0.0,-0.0006498745,0.0,0.0,-0.0069085537,0.009045775,0.00091923645,0.0011402088,0.008088817,0.00032259544,0.0027005128,0.0,0.0,0.00060678576,0.0,0.0,0.0,0.0,-0.0039770035,0.0,0.0030638212,0.0,0.0,-0.0006181117,0.0,-0.0019512805,0.0,0.0,0.00045863978,0.0013897421,0.0,0.0,0.018967828,0.0,-0.0004221528,-2.4905106e-05,0.0,0.0,0.0,0.012038704,0.0,-0.0044726315,-0.0029619269,0.0013179034,0.0,0.0031214938,0.0,-0.0010371032
0.56835234,-0.16141447,0.16015384,0.0,0.0,0.041272365,-0.004001946,0.017285481,0.0022681206,-0.0027262815,-0.066809386,-0.05188138,-0.010471233,-0.002797251,-0.0040749065,-0.013526151,-0.008026324,-0.0043323967,0.00023785852,-2.724148e-05,0.0,-0.0012867994,0.13101909,-0.0016447533,0.0,-0.03224522,0.07541049,0.0030969365,0.02257708,0.104692265,-0.12403169,0.00068302534,-0.2808816,0.0017019887,-0.0054601575,0.010551399,0.0,0.0,0.0,0.0008184723,0.000741,0.0,0.0,0.0,0.0,0.0,0.0,0.0,0.0,0.0,0.0101422975,0.0,0.0,0.00046222948,0.0,-0.00041082405,-0.0013411625,-6.864329e-05,0.0,0.0,0.0,0.008230167,0.005759334,0.0,0.0,0.00085341075,0.0016686595,0.0,0.0,0.0,0.0016422364,0.0,-0.017360311,-0.0042441953,0.009320512,-0.0002002482,0.0,0.0,-0.0045320634,0.0,0.0,0.0,0.0030600242,0.0,0.0,0.0,0.004321531,0.0,0.0,0.0,0.0007393464,0.0004547168,-0.002821497,0.00056657323,0.0,-0.0039950795,0.0,0.0,-0.0007002461,0.0,0.0,0.0,0.0018318833,-0.0032854641,0.0,0.0,0.0,0.0,0.0,0.0030965582,0.0,0.0,0.0,0.0,0.0,-0.0006498745,0.0,0.0,-0.0069085537,0.009045775,0.00091923645,0.0011402088,0.008088817,0.00032259544,0.0027005128,0.0,0.0,0.00060678576,0.0,0.0,0.0,0.0,-0.0039770035,0.0,0.0030638212,0.0,0.0,-0.0006181117,0.0,-0.0019512805,0.0,0.0,0.00045863978,0.0013897421,0.0,0.0,0.018967828,0.0,-0.0004221528,-2.4905106e-05,0.0,0.0,0.0,0.012038704,0.0,-0.0044726315,-0.0029619269,0.0013179034,0.0,0.0031214938,0.0,-0.0010371032
0.5711056,-0.15713084,0.160185,0.0,0.0,0.041272283,-0.0040080873,0.017285481,0.0023266347,-0.0027785841,-0.066340774,-0.057539314,-0.0056639197,-0.0027986118,-0.0040749065,-0.013526151,-0.008026324,-0.0043323967,0.00023785852,-2.724148e-05,0.0,-0.0011532385,0.12030272,-0.0014907486,0.0,-0.028848715,0.07538089,0.0035274415,0.02272403,0.104692265,-0.12403169,0.00068302534,-0.28106174,0.0017019887,-0.0054601575,0.010551399,0.0,0.0,0.0,0.0008184723,0.00074084173,0.0,0.0,0.0,0.0,0.0,0.0,0.0,0.0,0.0,0.0101422975,0.0,0.0,0.00046222948,0.0,-0.00041082405,-0.0013411625,-6.864329e-05,0.0,0.0,0.0,0.008230167,0.005759334,0.0,0.0,0.00085341075,0.0016686518,0.0,0.0,0.0,0.0016422364,0.0,-0.017359376,-0.0042441953,0.009320512,-0.0002002482,0.0,0.0,-0.0045313607,0.0,0.0,0.0,0.0030600242,0.0,0.0,0.0,0.004321531,0.0,0.0,0.0,0.0007393464,0.0004547168,-0.002821497,0.00056657323,0.0,-0.00399738,0.0,0.0,-0.0007002461,0.0,0.0,0.0,0.0018318833,-0.0032344724,0.0,0.0,0.0,0.0,0.0,0.0030965582,0.0,0.0,0.0,0.0,0.0,-0.00059136044,0.0,0.0,-0.0069085537,0.009045775,0.00091923645,0.0011401823,0.008088817,0.00032259544,0.0027002883,0.0,0.0,0.0006102221,0.0,0.0,0.0,0.0,-0.0033710427,0.0,0.0030638212,0.0,0.0,-0.0006181117,0.0,-0.0019512805,0.0,0.0,0.00045863978,0.0013897421,0.0,0.0,0.018967828,0.0,-0.0004221528,-2.4905106e-05,0.0,0.0,0.0,0.01296826,0.0,-0.0044718427,-0.004922365,0.0013179034,0.0,0.0031214938,0.0,-0.000744989
-0.39955115,-0.23026969,0.028725563,0.0,0.0,0.02890082,-0.0064133275,-0.02106574,-0.002104895,0.0009589351,-0.07436555,-0.029490842,-0.0061272313,-0.01292517,-0.0028337499,-0.024674278,-0.008313054,0.003089418,0.00041436517,-2.4301287e-05,0.0,0.005655141,0.046815693,-0.0012379268,0.0,0.080894984,0.23816279,-0.33532378,0.04404686,0.03658636,-0.030389573,0.000504968,-0.23568882,0.0010084471,0.0020448817,-0.013305473,0.0,0.0,0.0,0.0008184723,0.0007468348,0.0,0.0,0.0,0.0,0.0,0.0,0.0,0.0,0.0,0.016026082,0.0,0.0,0.0004893169,0.0,-0.000306557,-0.0011698435,-8.386171e-05,0.0,0.0,0.0,0.00822741,0.006425112,0.0,0.0,0.0008494496,0.0016699766,0.0,0.0,0.0,0.0016362813,0.0,-0.026935782,-0.005310588,0.009338032,-0.0004963399,0.0,0.0,-0.0052219266,0.0,0.0,0.0,0.0030774137,0.0,0.0,0.0,0.003139796,0.0,0.0,0.0,0.0007393464,0.0004547168,-0.0028785923,0.00056657323,0.0,-0.00368284,0.0,0.0,-0.0007002461,0.0,0.0,0.0,0.0018318833,-0.012545617,0.0,0.0,0.0,0.0,0.0,0.0022336876,0.0,0.0,0.0,0.0,0.0,-0.00023579012,0.0,0.0,-0.01335307,0.007936691,0.00091923645,0.0011475655,0.007543694,0.00032259544,0.0034602121,0.0,0.0,0.0006159262,0.0,0.0,0.0,0.0,-0.0039509563,0.0,0.0066001285,0.0,0.0,-0.00046715618,0.0,-0.002984306,0.0,0.0,0.00046355,0.0013897421,0.0,0.0,0.0058873394,0.0,-0.0004221528,-2.4905106e-05,0.0,0.0,0.0,0.0046141655,0.0,-0.0046776365,-0.0033786634,0.0013179034,0.0,0.0032603557,0.0,-0.0007458464
-0.28024453,0.47961068,-0.008080233,0.0,0.0,-0.022631437,-0.0015559768,-0.022338292,-0.010829367,0.00096739084,-0.013166713,-0.00044417576,-0.016586564,-0.0093962,-0.005514697,-0.01943951,-0.0077944226,0.0037164055,0.000457234,-9.8506185e-05,0.0,0.0010316323,0.055735517,-0.0013408078,0.0,0.045867585,-0.19312784,-0.0031658846,-0.0043637604,0.017163428,-0.0671637,-0.000104261824,0.17339453,0.008002556,0.0030644932,-0.14543273,0.0,0.0,0.0,0.00083044654,0.00073783705,0.0,0.0,0.0,0.0,0.0,0.0,0.0,0.0,0.0,0.017688574,0.0,0.0,0.00083524897,0.0,-0.000584473,-0.0009786694,-8.386171e-05,0.0,0.0,0.0,0.008880134,0.00445473,0.0,0.0,0.0042484184,0.0016733763,0.0,0.0,0.0,0.00027944066,0.0,0.99648625,-0.0039096386,0.0060325693,-5.1518335e-05,0.0,0.0,-0.00826545,0.0,0.0,0.0,0.00048354038,0.0,0.0,0.0,0.0022550707,0.0,0.0,0.0,0.00050551,0.0004547168,-0.002776974,0.0006180763,0.0,-0.004134416,0.0,0.0,-0.0007002461,0.0,0.0,0.0,0.0007940588,-0.0026235373,0.0,0.0,0.0,0.0,0.0,0.0050638057,0.0,0.0,0.0,0.0,0.0,-0.0006498745,0.0,0.0,-0.021260157,0.0044324175,0.0005246742,0.0011500337,0.0067979954,0.00054869946,0.001273736,0.0,0.0,0.0006085147,0.0,0.0,0.0,0.0,-0.0038686502,0.0,0.0063678087,0.0,0.0,-0.0006181117,0.0,-0.006651384,0.0,0.0,0.0004596248,0.0013897421,0.0,0.0,0.004928406,0.0,-0.0027223225,-2.4905106e-05,0.0,0.0,0.0,0.0054123774,0.0,-0.0039351443,-0.005139902,0.0013924113,0.0,0.0015481813,0.0,-0.0010110643
-0.28024453,0.47961068,-0.008080233,0.0,0.0,-0.022631437,-0.0015559768,-0.022338292,-0.010829367,0.00096739084,-0.013166713,-0.00044417576,-0.016586564,-0.0093962,-0.005514697,-0.01943951,-0.0077944226,0.0037164055,0.000457234,-9.8506185e-05,0.0,0.0010316323,0.055735517,-0.0013408078,0.0,0.045867585,-0.19312784,-0.0031658846,-0.0043637604,0.017163428,-0.0671637,-0.000104261824,0.17339453,0.008002556,0.0030644932,-0.14543273,0.0,0.0,0.0,0.00083044654,0.00073783705,0.0,0.0,0.0,0.0,0.0,0.0,0.0,0.0,0.0,0.017688574,0.0,0.0,0.00083524897,0.0,-0.000584473,-0.0009786694,-8.386171e-05,0.0,0.0,0.0,0.008880134,0.00445473,0.0,0.0,0.0042484184,0.0016733763,0.0,0.0,0.0,0.00027944066,0.0,0.99648625,-0.0039096386,0.0060325693,-5.1518335e-05,0.0,0.0,-0.00826545,0.0,0.0,0.0,0.00048354038,0.0,0.0,0.0,0.0022550707,0.0,0.0,0.0,0.00050551,0.0004547168,-0.002776974,0.0006180763,0.0,-0.004134416,0.0,0.0,-0.0007002461,0.0,0.0,0.0,0.0007940588,-0.0026235373,0.0,0.0,0.0,0.0,0.0,0.0050638057,0.0,0.0,0.0,0.0,0.0,-0.0006498745,0.0,0.0,-0.021260157,0.0044324175,0.0005246742,0.0011500337,0.0067979954,0.00054869946,0.001273736,0.0,0.0,0.0006085147,0.0,0.0,0.0,0.0,-0.0038686502,0.0,0.0063678087,0.0,0.0,-0.0006181117,0.0,-0.006651384,0.0,0.0,0.0004596248,0.0013897421,0.0,0.0,0.004928406,0.0,-0.0027223225,-2.4905106e-05,0.0,0.0,0.0,0.0054123774,0.0,-0.0039351443,-0.005139902,0.0013924113,0.0,0.0015481813,0.0,-0.0010110643
-0.28024453,0.47961068,-0.008080233,0.0,0.0,-0.022631437,-0.0015559768,-0.022338292,-0.010829367,0.00096739084,-0.013166713,-0.00044417576,-0.016586564,-0.0093962,-0.005514697,-0.01943951,-0.0077944226,0.0037164055,0.000457234,-9.8506185e-05,0.0,0.0010316323,0.055735517,-0.0013408078,0.0,0.045867585,-0.19312784,-0.0031658846,-0.0043637604,0.017163428,-0.0671637,-0.000104261824,0.17339453,0.008002556,0.0030644932,-0.14543273,0.0,0.0,0.0,0.00083044654,0.00073783705,0.0,0.0,0.0,0.0,0.0,0.0,0.0,0.0,0.0,0.017688574,0.0,0.0,0.00083524897,0.0,-0.000584473,-0.0009786694,-8.386171e-05,0.0,0.0,0.0,0.008880134,0.00445473,0.0,0.0,0.0042484184,0.0016733763,0.0,0.0,0.0,0.00027944066,0.0,0.99648625,-0.0039096386,0.0060325693,-5.1518335e-05,0.0,0.0,-0.00826545,0.0,0.0,0.0,0.00048354038,0.0,0.0,0.0,0.0022550707,0.0,0.0,0.0,0.00050551,0.0004547168,-0.002776974,0.0006180763,0.0,-0.004134416,0.0,0.0,-0.0007002461,0.0,0.0,0.0,0.0007940588,-0.0026235373,0.0,0.0,0.0,0.0,0.0,0.0050638057,0.0,0.0,0.0,0.0,0.0,-0.0006498745,0.0,0.0,-0.021260157,0.0044324175,0.0005246742,0.0011500337,0.0067979954,0.00054869946,0.001273736,0.0,0.0,0.0006085147,0.0,0.0,0.0,0.0,-0.0038686502,0.0,0.0063678087,0.0,0.0,-0.0006181117,0.0,-0.006651384,0.0,0.0,0.0004596248,0.0013897421,0.0,0.0,0.004928406,0.0,-0.0027223225,-2.4905106e-05,0.0,0.0,0.0,0.0054123774,0.0,-0.0039351443,-0.005139902,0.0013924113,0.0,0.0015481813,0.0,-0.0010110643
-0.28024453,0.47961068,-0.008080233,0.0,0.0,-0.022631437,-0.0015559768,-0.022338292,-0.010829367,0.00096739084,-0.013166713,-0.00044417576,-0.016586564,-0.0093962,-0.005514697,-0.01943951,-0.0077944226,0.0037164055,0.000457234,-9.8506185e-05,0.0,0.0010316323,0.055735517,-0.0013408078,0.0,0.045867585,-0.19312784,-0.0031658846,-0.0043637604,0.017163428,-0.0671637,-0.000104261824,0.17339453,0.008002556,0.0030644932,-0.14543273,0.0,0.0,0.0,0.00083044654,0.00073783705,0.0,0.0,0.0,0.0,0.0,0.0,0.0,0.0,0.0,0.017688574,0.0,0.0,0.00083524897,0.0,-0.000584473,-0.0009786694,-8.386171e-05,0.0,0.0,0.0,0.008880134,0.00445473,0.0,0.0,0.0042484184,0.0016733763,0.0,0.0,0.0,0.00027944066,0.0,0.99648625,-0.0039096386,0.0060325693,-5.1518335e-05,0.0,0.0,-0.00826545,0.0,0.0,0.0,0.00048354038,0.0,0.0,0.0,0.0022550707,0.0,0.0,0.0,0.00050551,0.0004547168,-0.002776974,0.0006180763,0.0,-0.004134416,0.0,0.0,-0.0007002461,0.0,0.0,0.0,0.0007940588,-0.0026235373,0.0,0.0,0.0,0.0,0.0,0.0050638057,0.0,0.0,0.0,0.0,0.0,-0.0006498745,0.0,0.0,-0.021260157,0.0044324175,0.0005246742,0.0011500337,0.0067979954,0.00054869946,0.001273736,0.0,0.0,0.0006085147,0.0,0.0,0.0,0.0,-0.0038686502,0.0,0.0063678087,0.0,0.0,-0.0006181117,0.0,-0.006651384,0.0,0.0,0.0004596248,0.0013897421,0.0,0.0,0.004928406,0.0,-0.0027223225,-2.4905106e-05,0.0,0.0,0.0,0.0054123774,0.0,-0.0039351443,-0.005139902,0.0013924113,0.0,0.0015481813,0.0,-0.0010110643
-0.2553937,0.4893892,-0.008044428,0.0,0.0,-0.02261485,-0.0034322622,-0.022193745,-0.011326405,0.00096739084,-0.03191265,-0.019327005,-0.016803568,-0.0093962,-0.005774241,-0.01680087,-0.005476373,0.0037164055,0.000457234,-9.8506185e-05,0.0,0.0010316323,0.05476753,-0.0013408078,0.0,0.102783814,0.19767924,0.0017139501,0.020958528,0.019719396,-0.03899929,-0.000104261824,0.18352346,0.008002556,0.00490959,-0.14179815,0.0,0.0,0.0,0.00083044654,0.00074201217,0.0,0.0,0.0,0.0,0.0,0.0,0.0,0.0,0.0,0.017781448,0.0,0.0,0.00083524897,0.0,-0.000306557,-0.0009786694,-8.386171e-05,0.0,0.0,0.0,0.008880134,0.00445473,0.0,0.0,0.0041868323,0.0016791238,0.0,0.0,0.0,0.00034376822,0.0,1.018458,-0.0039096386,0.006111563,-5.1518335e-05,0.0,0.0,-0.00826545,0.0,0.0,0.0,0.00056621473,0.0,0.0,0.0,0.0039126268,0.0,0.0,0.0,0.00050551,0.0004547168,-0.002776974,0.0006180763,0.0,-0.004134416,0.0,0.0,-0.0007002461,0.0,0.0,0.0,0.0018318833,-0.0026235373,0.0,0.0,0.0,0.0,0.0,0.005074557,0.0,0.0,0.0,0.0,0.0,-0.0006498745,0.0,0.0,-0.019099366,0.0044324175,0.0010298891,0.0011501252,0.006911399,0.00054869946,0.0013136389,0.0,0.0,0.0006140327,0.0,0.0,0.0,0.0,-0.00387172,0.0,0.006720196,0.0,0.0,-0.0006181117,0.0,-0.006651384,0.0,0.0,0.0004596248,0.0013897421,0.0,0.0,0.00468438,0.0,-0.0027223225,-2.4905106e-05,0.0,0.0,0.0,0.004665337,0.0,-0.0039145756,-0.005139902,0.0013615134,0.0,0.0015709529,0.0,-0.0010110643
-0.48044536,0.9931777,-0.009097927,0.0,0.0,-0.024347773,-0.0074144653,-0.016538404,0.25351694,0.0010329175,-0.099929765,-0.016814495,-0.009220101,-0.008076244,-0.004318063,-0.012497854,-0.010633871,0.001622989,0.000457234,-8.0410246e-05,0.0,0.00081625575,0.049971636,-0.0010554094,0.0,-0.10479485,-0.21222064,-7.743285e-05,0.012053527,0.034888886,-0.059170928,-0.0019155693,0.071029864,-0.0012592531,-0.0061668297,-0.021138804,0.0,0.0,0.0,0.00080798735,0.0007319406,0.0,0.0,0.0,0.0,0.0,0.0,0.0,0.0,0.0,-1.388378,0.0,0.0,0.00025496274,0.0,-0.000584473,-0.0010072148,-0.00034986454,0.0,0.0,0.0,0.0042355782,0.004297995,0.0,0.0,0.005317581,0.0016444363,0.0,0.0,0.0,0.00027127887,0.0,-0.027029403,-0.004886749,0.009583119,-0.00010944548,0.0,0.0,-0.008930912,0.0,0.0,0.0,0.00019621628,0.0,0.0,0.0,0.0022287776,0.0,0.0,0.0,0.0007393464,0.0004547168,-0.002859552,0.0014663532,0.0,-0.0041427985,0.0,0.0,-0.0007002461,0.0,0.0,0.0,0.0015584708,-0.0029322063,0.0,0.0,0.0,0.0,0.0,0.004450463,0.0,0.0,0.0,0.0,0.0,-0.0006498745,0.0,0.0,-0.029686283,0.010433358,0.00037078466,0.0011330087,0.00654901,0.00032259544,0.001201727,0.0,0.0,0.00061389036,0.0,0.0,0.0,0.0,-0.003910785,0.0,0.0058434047,0.0,0.0,-0.0006181117,0.0,-0.005923313,0.0,0.0,0.00042494363,0.0011380289,0.0,0.0,0.004498442,0.0,-0.001038024,-2.4905106e-05,0.0,0.0,0.0,0.005137565,0.0,-0.0041642278,-0.0031327214,0.0013810077,0.0,0.0013715401,0.0,-0.0010367557
-0.48046508,0.35763222,-0.009109522,0.0,0.0,-0.024340793,-0.0073170695,-0.016538404,0.06803484,0.0010329175,-0.09985611,-0.016814495,-0.037025988,-0.008077132,-0.0042571984,-0.018324984,-0.010633871,0.001622989,0.000457234,-8.0410246e-05,0.0,0.0011446555,0.05000295,-0.001118128,0.0,-0.17765276,-0.22484498,-0.0049992483,0.011116071,0.035081834,-0.059170928,-0.0019155693,0.06849431,-0.0012592531,0.0030644932,-0.021138804,0.0,0.0,0.0,0.00080798735,0.00072115246,0.0,0.0,0.0,0.0,0.0,0.0,0.0,0.0,0.0,-1.8215965,0.0,0.0,0.00027492148,0.0,-0.000584473,-0.0010072148,-0.00034986454,0.0,0.0,0.0,0.0041837683,0.004297995,0.0,0.0,0.005317581,0.0016108443,0.0,0.0,0.0,0.00027127887,0.0,-0.027029403,-0.004886749,0.009438073,-0.00010944548,0.0,0.0,-0.008930912,0.0,0.0,0.0,0.00019621628,0.0,0.0,0.0,0.0022550707,0.0,0.0,0.0,0.0007393464,0.0004547168,-0.002859552,0.0014656038,0.0,-0.0041427985,0.0,0.0,-0.0007002461,0.0,0.0,0.0,0.0015584708,-0.0029322063,0.0,0.0,0.0,0.0,0.0,0.0041350266,0.0,0.0,0.0,0.0,0.0,-0.0006498745,0.0,0.0,-0.029686283,0.0045806346,0.00037078466,0.001110794,0.00647207,0.00032259544,0.0012019447,0.0,0.0,0.0006140327,0.0,0.0,0.0,0.0,-0.003910785,0.0,0.005859456,0.0,0.0,-0.0006181117,0.0,-0.005923313,0.0,0.0,0.00042494363,0.0011380289,0.0,0.0,0.004498442,0.0,-0.001038024,-2.4905106e-05,0.0,0.0,0.0,0.0051449165,0.0,-0.004656735,-0.0031229605,0.0013661622,0.0,0.0013715401,0.0,-0.0010367557
-0.49113217,0.8142777,-0.009639618,0.0,0.0,0.020636057,-0.0074144653,-0.01954395,-0.017630696,0.0010329175,-0.10169981,-0.014348779,-0.009567932,-0.008076244,-0.005264684,-0.013338729,-0.010633871,-4.434686e-05,0.000457234,0.0011076871,0.0,0.0011371172,0.05703672,-0.0010554094,0.0,-0.10810171,-0.21222064,-0.004780172,0.012053527,0.034888886,-0.059170928,-0.0019155693,0.11206644,-0.0012592531,-0.0061668297,-0.023456007,0.0,0.0,0.0,0.00080798735,0.0007319406,0.0,0.0,0.0,0.0,0.0,0.0,0.0,0.0,0.0,-1.3745238,0.0,0.0,0.00025496274,0.0,-0.000584473,-0.0010072148,-0.00034986454,0.0,0.0,0.0,0.0042355782,0.004297995,0.0,0.0,0.004217202,0.0016281126,0.0,0.0,0.0,0.00027127887,0.0,-0.026755366,-0.0048845625,0.009583119,-0.00010944548,0.0,0.0,-0.009203041,0.0,0.0,0.0,0.00019621628,0.0,0.0,0.0,0.0022287776,0.0,0.0,0.0,0.0007393464,0.0004547168,-0.002859552,0.0014663532,0.0,-0.0041427985,0.0,0.0,-0.0007002461,0.0,0.0,0.0,0.0015584708,-0.0029836157,0.0,0.0,0.0,0.0,0.0,0.004450463,0.0,0.0,0.0,0.0,0.0,-0.0006498745,0.0,0.0,-0.029686283,0.009284859,0.00037078466,0.0011330087,0.00654901,0.00032259544,0.001201727,0.0,0.0,0.00061389036,0.0,0.0,0.0,0.0,-0.003910785,0.0,0.0058434047,0.0,0.0,-0.0006181117,0.0,-0.005923313,0.0,0.0,0.00042494363,0.0011380289,0.0,0.0,0.004498442,0.0,-0.001038024,-2.4905106e-05,0.0,0.0,0.0,0.005137565,0.0,-0.0041642278,-0.003049372,0.0013810077,0.0,0.0015846135,0.0,-0.0010367557
-0.49113217,0.8142777,-0.009639618,0.0,0.0,0.020636057,-0.0074144653,-0.01954395,-0.017630696,0.0010329175,-0.10169981,-0.014348779,-0.009567932,-0.008076244,-0.005264684,-0.013338729,-0.010633871,-4.434686e-05,0.000457234,0.0011076871,0.0,0.0011371172,0.05703672,-0.0010554094,0.0,-0.10810171,-0.21222064,-0.004780172,0.012053527,0.034888886,-0.059170928,-0.0019155693,0.11206644,-0.0012592531,-0.0061668297,-0.023456007,0.0,0.0,0.0,0.00080798735,0.0007319406,0.0,0.0,0.0,0.0,0.0,0.0,0.0,0.0,0.0,-1.3745238,0.0,0.0,0.00025496274,0.0,-0.000584473,-0.0010072148,-0.00034986454,0.0,0.0,0.0,0.0042355782,0.004297995,0.0,0.0,0.004217202,0.0016281126,0.0,0.0,0.0,0.00027127887,0.0,-0.026755366,-0.0048845625,0.009583119,-0.00010944548,0.0,0.0,-0.009203041,0.0,0.0,0.0,0.00019621628,0.0,0.0,0.0,0.0022287776,0.0,0.0,0.0,0.0007393464,0.0004547168,-0.002859552,0.0014663532,0.0,-0.0041427985,0.0,0.0,-0.0007002461,0.0,0.0,0.0,0.0015584708,-0.0029836157,0.0,0.0,0.0,0.0,0.0,0.004450463,0.0,0.0,0.0,0.0,0.0,-0.0006498745,0.0,0.0,-0.029686283,0.009284859,0.00037078466,0.0011330087,0.00654901,0.00032259544,0.001201727,0.0,0.0,0.00061389036,0.0,0.0,0.0,0.0,-0.003910785,0.0,0.0058434047,0.0,0.0,-0.0006181117,0.0,-0.005923313,0.0,0.0,0.00042494363,0.0011380289,0.0,0.0,0.004498442,0.0,-0.001038024,-2.4905106e-05,0.0,0.0,0.0,0.005137565,0.0,-0.0041642278,-0.003049372,0.0013810077,0.0,0.0015846135,0.0,-0.0010367557
-0.49113217,0.8142777,-0.009639618,0.0,0.0,0.020636057,-0.0074144653,-0.01954395,-0.017630696,0.0010329175,-0.10169981,-0.014348779,-0.009567932,-0.008076244,-0.005264684,-0.013338729,-0.010633871,-4.434686e-05,0.000457234,0.0011076871,0.0,0.0011371172,0.05703672,-0.0010554094,0.0,-0.10810171,-0.21222064,-0.004780172,0.012053527,0.034888886,-0.059170928,-0.0019155693,0.11206644,-0.0012592531,-0.0061668297,-0.023456007,0.0,0.0,0.0,0.00080798735,0.0007319406,0.0,0.0,0.0,0.0,0.0,0.0,0.0,0.0,0.0,-1.3745238,0.0,0.0,0.00025496274,0.0,-0.000584473,-0.0010072148,-0.00034986454,0.0,0.0,0.0,0.0042355782,0.004297995,0.0,0.0,0.004217202,0.0016281126,0.0,0.0,0.0,0.00027127887,0.0,-0.026755366,-0.0048845625,0.009583119,-0.00010944548,0.0,0.0,-0.009203041,0.0,0.0,0.0,0.00019621628,0.0,0.0,0.0,0.0022287776,0.0,0.0,0.0,0.0007393464,0.0004547168,-0.002859552,0.0014663532,0.0,-0.0041427985,0.0,0.0,-0.0007002461,0.0,0.0,0.0,0.0015584708,-0.0029836157,0.0,0.0,0.0,0.0,0.0,0.004450463,0.0,0.0,0.0,0.0,0.0,-0.0006498745,0.0,0.0,-0.029686283,0.009284859,0.00037078466,0.0011330087,0.00654901,0.00032259544,0.001201727,0.0,0.0,0.00061389036,0.0,0.0,0.0,0.0,-0.003910785,0.0,0.0058434047,0.0,0.0,-0.0006181117,0.0,-0.005923313,0.0,0.0,0.00042494363,0.0011380289,0.0,0.0,0.004498442,0.0,-0.001038024,-2.4905106e-05,0.0,0.0,0.0,0.005137565,0.0,-0.0041642278,-0.003049372,0.0013810077,0.0,0.0015846135,0.0,-0.0010367557
-0.49113217,0.8142777,-0.009639618,0.0,0.0,0.020636057,-0.0074144653,-0.01954395,-0.017630696,0.0010329175,-0.10169981,-0.014348779,-0.009567932,-0.008076244,-0.005264684,-0.013338729,-0.010633871,-4.434686e-05,0.000457234,0.0011076871,0.0,0.0011371172,0.05703672,-0.0010554094,0.0,-0.10810171,-0.21222064,-0.004780172,0.012053527,0.034888886,-0.059170928,-0.0019155693,0.11206644,-0.0012592531,-0.0061668297,-0.023456007,0.0,0.0,0.0,0.00080798735,0.0007319406,0.0,0.0,0.0,0.0,0.0,0.0,0.0,0.0,0.0,-1.3745238,0.0,0.0,0.00025496274,0.0,-0.000584473,-0.0010072148,-0.00034986454,0.0,0.0,0.0,0.0042355782,0.004297995,0.0,0.0,0.004217202,0.0016281126,0.0,0.0,0.0,0.00027127887,0.0,-0.026755366,-0.0048845625,0.009583119,-0.00010944548,0.0,0.0,-0.009203041,0.0,0.0,0.0,0.00019621628,0.0,0.0,0.0,0.0022287776,0.0,0.0,0.0,0.0007393464,0.0004547168,-0.002859552,0.0014663532,0.0,-0.0041427985,0.0,0.0,-0.0007002461,0.0,0.0,0.0,0.0015584708,-0.0029836157,0.0,0.0,0.0,0.0,0.0,0.004450463,0.0,0.0,0.0,0.0,0.0,-0.0006498745,0.0,0.0,-0.029686283,0.009284859,0.00037078466,0.0011330087,0.00654901,0.00032259544,0.001201727,0.0,0.0,0.00061389036,0.0,0.0,0.0,0.0,-0.003910785,0.0,0.0058434047,0.0,0.0,-0.0006181117,0.0,-0.005923313,0.0,0.0,0.00042494363,0.0011380289,0.0,0.0,0.004498442,0.0,-0.001038024,-2.4905106e-05,0.0,0.0,0.0,0.005137565,0.0,-0.0041642278,-0.003049372,0.0013810077,0.0,0.0015846135,0.0,-0.0010367557
0.79440594,-0.2166526,0.17729783,0.0,0.0,0.027274676,-0.0030122893,-0.13723366,-0.01831143,-0.034106687,-0.09386402,-0.019999499,-0.0035681736,-0.012230195,-0.005202802,-0.023198124,-0.008138591,-0.003206943,0.00023785852,-1.0744236e-05,0.0,0.0033201599,0.11013251,-0.0011160725,0.0,0.08145163,0.07100574,-0.32631645,-0.040885586,-0.37255278,-0.12670426,0.008410187,-0.3991708,0.013504006,-0.0054601575,-0.23799147,0.0,0.0,0.0,0.0008184723,0.0006354718,0.0,0.0,0.0,0.0,0.0,0.0,0.0,0.0,0.0,0.012403359,0.0,0.0,0.0004893169,0.0,-0.00041082405,-0.0011711835,-9.65379e-05,0.0,0.0,0.0,0.008231854,0.0062841973,0.0,0.0,0.00085341075,0.0016578546,0.0,0.0,0.0,0.0015845519,0.0,-0.013928824,-0.004314768,0.009345166,-0.0004962425,0.0,0.0,-0.0038722297,0.0,0.0,0.0,0.0029756117,0.0,0.0,0.0,0.0037984115,0.0,0.0,0.0,0.00033604202,0.0004547168,-0.0028314488,0.00056657323,0.0,-0.0044615055,0.0,0.0,-0.00078094355,0.0,0.0,0.0,0.0018389504,-0.0062511517,0.0,0.0,0.0,0.0,0.0,0.002998278,0.0,0.0,0.0,0.0,0.0,-0.00023579012,0.0,0.0,-0.0061811144,0.007167584,0.00091923645,0.0011168206,0.007465828,0.00032259544,0.0034489245,0.0,0.0,0.0006180181,0.0,0.0,0.0,0.0,-0.002518035,0.0,0.006234761,0.0,0.0,-0.00024264962,0.0,-0.0019512805,0.0,0.0,0.00043307117,0.0013897421,0.0,0.0,0.011975311,0.0,-0.0004221528,-2.4905106e-05,0.0,0.0,0.0,0.0062505524,0.0,-0.0044641653,-0.0049272925,0.001309729,0.0,0.003116034,0.0,-0.0007633794
0.79440594,-0.2166526,0.17729783,0.0,0.0,0.027274676,-0.0030122893,-0.13723366,-0.01831143,-0.034106687,-0.09386402,-0.019999499,-0.0035681736,-0.012230195,-0.005202802,-0.023198124,-0.008138591,-0.003206943,0.00023785852,-1.0744236e-05,0.0,0.0033201599,0.11013251,-0.0011160725,0.0,0.08145163,0.07100574,-0.32631645,-0.040885586,-0.37255278,-0.12670426,0.008410187,-0.3991708,0.013504006,-0.0054601575,-0.23799147,0.0,0.0,0.0,0.0008184723,0.0006354718,0.0,0.0,0.0,0.0,0.0,0.0,0.0,0.0,0.0,0.012403359,0.0,0.0,0.0004893169,0.0,-0.00041082405,-0.0011711835,-9.65379e-05,0.0,0.0,0.0,0.008231854,0.0062841973,0.0,0.0,0.00085341075,0.0016578546,0.0,0.0,0.0,0.0015845519,0.0,-0.013928824,-0.004314768,0.009345166,-0.0004962425,0.0,0.0,-0.0038722297,0.0,0.0,0.0,0.0029756117,0.0,0.0,0.0,0.0037984115,0.0,0.0,0.0,0.00033604202,0.0004547168,-0.0028314488,0.00056657323,0.0,-0.0044615055,0.0,0.0,-0.00078094355,0.0,0.0,0.0,0.0018389504,-0.0062511517,0.0,0.0,0.0,0.0,0.0,0.002998278,0.0,0.0,0.0,0.0,0.0,-0.00023579012,0.0,0.0,-0.0061811144,0.007167584,0.00091923645,0.0011168206,0.007465828,0.00032259544,0.0034489245,0.0,0.0,0.0006180181,0.0,0.0,0.0,0.0,-0.002518035,0.0,0.006234761,0.0,0.0,-0.00024264962,0.0,-0.0019512805,0.0,0.0,0.00043307117,0.0013897421,0.0,0.0,0.011975311,0.0,-0.0004221528,-2.4905106e-05,0.0,0.0,0.0,0.0062505524,0.0,-0.0044641653,-0.0049272925,0.001309729,0.0,0.003116034,0.0,-0.0007633794
0.79440594,-0.2166526,0.17729783,0.0,0.0,0.027274676,-0.0030122893,-0.13723366,-0.01831143,-0.034106687,-0.09386402,-0.019999499,-0.0035681736,-0.012230195,-0.005202802,-0.023198124,-0.008138591,-0.003206943,0.00023785852,-1.0744236e-05,0.0,0.0033201599,0.11013251,-0.0011160725,0.0,0.08145163,0.07100574,-0.32631645,-0.040885586,-0.37255278,-0.12670426,0.008410187,-0.3991708,0.013504006,-0.0054601575,-0.23799147,0.0,0.0,0.0,0.0008184723,0.0006354718,0.0,0.0,0.0,0.0,0.0,0.0,0.0,0.0,0.0,0.012403359,0.0,0.0,0.0004893169,0.0,-0.00041082405,-0.0011711835,-9.65379e-05,0.0,0.0,0.0,0.008231854,0.0062841973,0.0,0.0,0.00085341075,0.0016578546,0.0,0.0,0.0,0.0015845519,0.0,-0.013928824,-0.004314768,0.009345166,-0.0004962425,0.0,0.0,-0.0038722297,0.0,0.0,0.0,0.0029756117,0.0,0.0,0.0,0.0037984115,0.0,0.0,0.0,0.00033604202,0.0004547168,-0.0028314488,0.00056657323,0.0,-0.0044615055,0.0,0.0,-0.00078094355,0.0,0.0,0.0,0.0018389504,-0.0062511517,0.0,0.0,0.0,0.0,0.0,0.002998278,0.0,0.0,0.0,0.0,0.0,-0.00023579012,0.0,0.0,-0.0061811144,0.007167584,0.00091923645,0.0011168206,0.007465828,0.00032259544,0.0034489245,0.0,0.0,0.0006180181,0.0,0.0,0.0,0.0,-0.002518035,0.0,0.006234761,0.0,0.0,-0.00024264962,0.0,-0.0019512805,0.0,0.0,0.00043307117,0.0013897421,0.0,0.0,0.011975311,0.0,-0.0004221528,-2.4905106e-05,0.0,0.0,0.0,0.0062505524,0.0,-0.0044641653,-0.0049272925,0.001309729,0.0,0.003116034,0.0,-0.0007633794
0.79440594,-0.2166526,0.17729783,0.0,0.0,0.027274676,-0.0030122893,-0.13723366,-0.01831143,-0.034106687,-0.09386402,-0.019999499,-0.0035681736,-0.012230195,-0.005202802,-0.023198124,-0.008138591,-0.003206943,0.00023785852,-1.0744236e-05,0.0,0.0033201599,0.11013251,-0.0011160725,0.0,0.08145163,0.07100574,-0.32631645,-0.040885586,-0.37255278,-0.12670426,0.008410187,-0.3991708,0.013504006,-0.0054601575,-0.23799147,0.0,0.0,0.0,0.0008184723,0.0006354718,0.0,0.0,0.0,0.0,0.0,0.0,0.0,0.0,0.0,0.012403359,0.0,0.0,0.0004893169,0.0,-0.00041082405,-0.0011711835,-9.65379e-05,0.0,0.0,0.0,0.008231854,0.0062841973,0.0,0.0,0.00085341075,0.0016578546,0.0,0.0,0.0,0.0015845519,0.0,-0.013928824,-0.004314768,0.009345166,-0.0004962425,0.0,0.0,-0.0038722297,0.0,0.0,0.0,0.0029756117,0.0,0.0,0.0,0.0037984115,0.0,0.0,0.0,0.00033604202,0.0004547168,-0.0028314488,0.00056657323,0.0,-0.0044615055,0.0,0.0,-0.00078094355,0.0,0.0,0.0,0.0018389504,-0.0062511517,0.0,0.0,0.0,0.0,0.0,0.002998278,0.0,0.0,0.0,0.0,0.0,-0.00023579012,0.0,0.0,-0.0061811144,0.007167584,0.00091923645,0.0011168206,0.007465828,0.00032259544,0.0034489245,0.0,0.0,0.0006180181,0.0,0.0,0.0,0.0,-0.002518035,0.0,0.006234761,0.0,0.0,-0.00024264962,0.0,-0.0019512805,0.0,0.0,0.00043307117,0.0013897421,0.0,0.0,0.011975311,0.0,-0.0004221528,-2.4905106e-05,0.0,0.0,0.0,0.0062505524,0.0,-0.0044641653,-0.0049272925,0.001309729,0.0,0.003116034,0.0,-0.0007633794
0.79440594,-0.2166526,0.17729783,0.0,0.0,0.027274676,-0.0030122893,-0.13723366,-0.01831143,-0.034106687,-0.09386402,-0.019999499,-0.0035681736,-0.012230195,-0.005202802,-0.023198124,-0.008138591,-0.003206943,0.00023785852,-1.0744236e-05,0.0,0.0033201599,0.11013251,-0.0011160725,0.0,0.08145163,0.07100574,-0.32631645,-0.040885586,-0.37255278,-0.12670426,0.008410187,-0.3991708,0.013504006,-0.0054601575,-0.23799147,0.0,0.0,0.0,0.0008184723,0.0006354718,0.0,0.0,0.0,0.0,0.0,0.0,0.0,0.0,0.0,0.012403359,0.0,0.0,0.0004893169,0.0,-0.00041082405,-0.0011711835,-9.65379e-05,0.0,0.0,0.0,0.008231854,0.0062841973,0.0,0.0,0.00085341075,0.0016578546,0.0,0.0,0.0,0.0015845519,0.0,-0.013928824,-0.004314768,0.009345166,-0.0004962425,0.0,0.0,-0.0038722297,0.0,0.0,0.0,0.0029756117,0.0,0.0,0.0,0.0037984115,0.0,0.0,0.0,0.00033604202,0.0004547168,-0.0028314488,0.00056657323,0.0,-0.0044615055,0.0,0.0,-0.00078094355,0.0,0.0,0.0,0.0018389504,-0.0062511517,0.0,0.0,0.0,0.0,0.0,0.002998278,0.0,0.0,0.0,0.0,0.0,-0.00023579012,0.0,0.0,-0.0061811144,0.007167584,0.00091923645,0.0011168206,0.007465828,0.00032259544,0.0034489245,0.0,0.0,0.0006180181,0.0,0.0,0.0,0.0,-0.002518035,0.0,0.006234761,0.0,0.0,-0.00024264962,0.0,-0.0019512805,0.0,0.0,0.00043307117,0.0013897421,0.0,0.0,0.011975311,0.0,-0.0004221528,-2.4905106e-05,0.0,0.0,0.0,0.0062505524,0.0,-0.0044641653,-0.0049272925,0.001309729,0.0,0.003116034,0.0,-0.0007633794
-0.41399518,-0.29860315,0.04524689,0.0,0.0,0.04371747,-0.006325129,0.052917264,-0.00012484597,-0.004991418,-0.050087854,-0.02637441,0.45712876,-0.012829997,-0.0054567177,-0.01696923,-0.009628233,0.0037779612,0.00041436517,-2.724148e-05,0.0,-0.0007431084,0.049275313,-0.001492971,0.0,0.077681646,0.2003367,0.03438165,0.017334774,-0.11311068,-0.059828702,0.00042064112,-0.24062897,0.0017019887,0.0020448817,0.011002473,0.0,0.0,0.0,0.0008184723,0.00063935673,0.0,0.0,0.0,0.0,0.0,0.0,0.0,0.0,0.0,0.012019482,0.0,0.0,0.0007666311,0.0,-0.00020665546,-0.0012755293,-6.864329e-05,0.0,0.0,0.0,0.008233118,-0.3693209,0.0,0.0,0.0008506631,0.0016704961,0.0,0.0,0.0,0.0015845519,0.0,-0.028687958,-0.0041795,0.009327195,-0.0002002482,0.0,0.0,-0.0047188615,0.0,0.0,0.0,0.0030196554,0.0,0.0,0.0,0.0038174896,0.0,0.0,0.0,0.0007393464,0.0004547168,-0.0029199913,0.00056657323,0.0,-0.003981262,0.0,0.0,-0.0007002461,0.0,0.0,0.0,0.0018318833,-0.0029253857,0.0,0.0,0.0,0.0,0.0,0.0024512983,0.0,0.0,0.0,0.0,0.0,-0.00023579012,0.0,0.0,-0.015651286,0.009045775,0.00091923645,0.001117056,0.007963352,0.00032259544,0.0026009907,0.0,0.0,0.0006255997,0.0,0.0,0.0,0.0,-0.0021959934,0.0,0.0032911901,0.0,0.0,-0.00046715618,0.0,-0.0030250289,0.0,0.0,0.00039947403,0.0013897421,0.0,0.0,0.0056612743,0.0,-0.0004221528,-2.4905106e-05,0.0,0.0,0.0,0.004214768,0.0,-0.0046739653,-0.0049630017,0.001319512,0.0,0.003117888,0.0,-0.0007572983
-0.41399518,-0.29860315,0.04524689,0.0,0.0,0.04371747,-0.006325129,0.052917264,-0.00012484597,-0.004991418,-0.050087854,-0.02637441,0.45712876,-0.012829997,-0.0054567177,-0.01696923,-0.009628233,0.0037779612,0.00041436517,-2.724148e-05,0.0,-0.0007431084,0.049275313,-0.001492971,0.0,0.077681646,0.2003367,0.03438165,0.017334774,-0.11311068,-0.059828702,0.00042064112,-0.24062897,0.0017019887,0.0020448817,0.011002473,0.0,0.0,0.0,0.0008184723,0.00063935673,0.0,0.0,0.0,0.0,0.0,0.0,0.0,0.0,0.0,0.012019482,0.0,0.0,0.0007666311,0.0,-0.00020665546,-0.0012755293,-6.864329e-05,0.0,0.0,0.0,0.008233118,-0.3693209,0.0,0.0,0.0008506631,0.0016704961,0.0,0.0,0.0,0.0015845519,0.0,-0.028687958,-0.0041795,0.009327195,-0.0002002482,0.0,0.0,-0.0047188615,0.0,0.0,0.0,0.0030196554,0.0,0.0,0.0,0.0038174896,0.0,0.0,0.0,0.0007393464,0.0004547168,-0.0029199913,0.00056657323,0.0,-0.003981262,0.0,0.0,-0.0007002461,0.0,0.0,0.0,0.0018318833,-0.0029253857,0.0,0.0,0.0,0.0,0.0,0.0024512983,0.0,0.0,0.0,0.0,0.0,-0.00023579012,0.0,0.0,-0.015651286,0.009045775,0.00091923645,0.001117056,0.007963352,0.00032259544,0.0026009907,0.0,0.0,0.0006255997,0.0,0.0,0.0,0.0,-0.0021959934,0.0,0.0032911901,0.0,0.0,-0.00046715618,0.0,-0.0030250289,0.0,0.0,0.00039947403,0.0013897421,0.0,0.0,0.0056612743,0.0,-0.0004221528,-2.4905106e-05,0.0,0.0,0.0,0.004214768,0.0,-0.0046739653,-0.0049630017,0.001319512,0.0,0.003117888,0.0,-0.0007572983
-0.41399518,-0.29860315,0.04524689,0.0,0.0,0.04371747,-0.006325129,0.052917264,-0.00012484597,-0.004991418,-0.050087854,-0.02637441,0.45712876,-0.012829997,-0.0054567177,-0.01696923,-0.009628233,0.0037779612,0.00041436517,-2.724148e-05,0.0,-0.0007431084,0.049275313,-0.001492971,0.0,0.077681646,0.2003367,0.03438165,0.017334774,-0.11311068,-0.059828702,0.00042064112,-0.24062897,0.0017019887,0.0020448817,0.011002473,0.0,0.0,0.0,0.0008184723,0.00063935673,0.0,0.0,0.0,0.0,0.0,0.0,0.0,0.0,0.0,0.012019482,0.0,0.0,0.0007666311,0.0,-0.00020665546,-0.0012755293,-6.864329e-05,0.0,0.0,0.0,0.008233118,-0.3693209,0.0,0.0,0.0008506631,0.0016704961,0.0,0.0,0.0,0.0015845519,0.0,-0.028687958,-0.0041795,0.009327195,-0.0002002482,0.0,0.0,-0.0047188615,0.0,0.0,0.0,0.0030196554,0.0,0.0,0.0,0.0038174896,0.0,0.0,0.0,0.0007393464,0.0004547168,-0.0029199913,0.00056657323,0.0,-0.003981262,0.0,0.0,-0.0007002461,0.0,0.0,0.0,0.0018318833,-0.0029253857,0.0,0.0,0.0,0.0,0.0,0.0024512983,0.0,0.0,0.0,0.0,0.0,-0.00023579012,0.0,0.0,-0.015651286,0.009045775,0.00091923645,0.001117056,0.007963352,0.00032259544,0.0026009907,0.0,0.0,0.0006255997,0.0,0.0,0.0,0.0,-0.0021959934,0.0,0.0032911901,0.0,0.0,-0.00046715618,0.0,-0.0030250289,0.0,0.0,0.00039947403,0.0013897421,0.0,0.0,0.0056612743,0.0,-0.0004221528,-2.4905106e-05,0.0,0.0,0.0,0.004214768,0.0,-0.0046739653,-0.0049630017,0.001319512,0.0,0.003117888,0.0,-0.0007572983
-0.41399518,-0.29860315,0.04524689,0.0,0.0,0.04371747,-0.006325129,0.052917264,-0.00012484597,-0.004991418,-0.050087854,-0.02637441,0.45712876,-0.012829997,-0.0054567177,-0.01696923,-0.009628233,0.0037779612,0.00041436517,-2.724148e-05,0.0,-0.0007431084,0.049275313,-0.001492971,0.0,0.077681646,0.2003367,0.03438165,0.017334774,-0.11311068,-0.059828702,0.00042064112,-0.24062897,0.0017019887,0.0020448817,0.011002473,0.0,0.0,0.0,0.0008184723,0.00063935673,0.0,0.0,0.0,0.0,0.0,0.0,0.0,0.0,0.0,0.012019482,0.0,0.0,0.0007666311,0.0,-0.00020665546,-0.0012755293,-6.864329e-05,0.0,0.0,0.0,0.008233118,-0.3693209,0.0,0.0,0.0008506631,0.0016704961,0.0,0.0,0.0,0.0015845519,0.0,-0.028687958,-0.0041795,0.009327195,-0.0002002482,0.0,0.0,-0.0047188615,0.0,0.0,0.0,0.0030196554,0.0,0.0,0.0,0.0038174896,0.0,0.0,0.0,0.0007393464,0.0004547168,-0.0029199913,0.00056657323,0.0,-0.003981262,0.0,0.0,-0.0007002461,0.0,0.0,0.0,0.0018318833,-0.0029253857,0.0,0.0,0.0,0.0,0.0,0.0024512983,0.0,0.0,0.0,0.0,0.0,-0.00023579012,0.0,0.0,-0.015651286,0.009045775,0.00091923645,0.001117056,0.007963352,0.00032259544,0.0026009907,0.0,0.0,0.0006255997,0.0,0.0,0.0,0.0,-0.0021959934,0.0,0.0032911901,0.0,0.0,-0.00046715618,0.0,-0.0030250289,0.0,0.0,0.00039947403,0.0013897421,0.0,0.0,0.0056612743,0.0,-0.0004221528,-2.4905106e-05,0.0,0.0,0.0,0.004214768,0.0,-0.0046739653,-0.0049630017,0.001319512,0.0,0.003117888,0.0,-0.0007572983
-0.41399518,-0.29860315,0.04524689,0.0,0.0,0.04371747,-0.006325129,0.052917264,-0.00012484597,-0.004991418,-0.050087854,-0.02637441,0.45712876,-0.012829997,-0.0054567177,-0.01696923,-0.009628233,0.0037779612,0.00041436517,-2.724148e-05,0.0,-0.0007431084,0.049275313,-0.001492971,0.0,0.077681646,0.2003367,0.03438165,0.017334774,-0.11311068,-0.059828702,0.00042064112,-0.24062897,0.0017019887,0.0020448817,0.011002473,0.0,0.0,0.0,0.0008184723,0.00063935673,0.0,0.0,0.0,0.0,0.0,0.0,0.0,0.0,0.0,0.012019482,0.0,0.0,0.0007666311,0.0,-0.00020665546,-0.0012755293,-6.864329e-05,0.0,0.0,0.0,0.008233118,-0.3693209,0.0,0.0,0.0008506631,0.0016704961,0.0,0.0,0.0,0.0015845519,0.0,-0.028687958,-0.0041795,0.009327195,-0.0002002482,0.0,0.0,-0.0047188615,0.0,0.0,0.0,0.0030196554,0.0,0.0,0.0,0.0038174896,0.0,0.0,0.0,0.0007393464,0.0004547168,-0.0029199913,0.00056657323,0.0,-0.003981262,0.0,0.0,-0.0007002461,0.0,0.0,0.0,0.0018318833,-0.0029253857,0.0,0.0,0.0,0.0,0.0,0.0024512983,0.0,0.0,0.0,0.0,0.0,-0.00023579012,0.0,0.0,-0.015651286,0.009045775,0.00091923645,0.001117056,0.007963352,0.00032259544,0.0026009907,0.0,0.0,0.0006255997,0.0,0.0,0.0,0.0,-0.0021959934,0.0,0.0032911901,0.0,0.0,-0.00046715618,0.0,-0.0030250289,0.0,0.0,0.00039947403,0.0013897421,0.0,0.0,0.0056612743,0.0,-0.0004221528,-2.4905106e-05,0.0,0.0,0.0,0.004214768,0.0,-0.0046739653,-0.0049630017,0.001319512,0.0,0.003117888,0.0,-0.0007572983
-0.46853003,-0.26622584,0.013766766,0.0,0.0,0.02337471,-0.005615899,-0.02545546,0.00079834985,0.001025929,0.33017159,-0.042602133,-0.006118359,-0.007799403,-0.005284241,-0.024716035,-0.0053645084,0.0034864005,0.00041436517,-2.4301287e-05,0.0,-0.0011756631,0.05984943,-0.001483899,0.0,0.08207896,0.10550057,0.03883658,0.016295966,0.036427386,-0.031326845,0.01685461,-0.04206301,0.0029387586,0.0020312164,-0.015848968,0.0,0.0,0.0,0.0008241873,0.0007413571,0.0,0.0,0.0,0.0,0.0,0.0,0.0,0.0,0.0,0.014533514,0.0,0.0,0.0007937185,0.0,-0.000306557,-0.0012744151,-8.386171e-05,0.0,0.0,0.0,0.008285136,0.005759334,0.0,0.0,0.00084670197,0.0016743533,0.0,0.0,0.0,0.0016979175,0.0,-0.020226078,-0.004363084,0.0031849737,-0.00020054728,0.0,0.0,-0.004306819,0.0,0.0,0.0,0.002978927,0.0,0.0,0.0,0.0038577223,0.0,0.0,0.0,0.0007393464,0.0004547168,-0.0029195768,0.00056657323,0.0,-0.003981664,0.0,0.0,-0.0007002461,0.0,0.0,0.0,0.0018820253,-0.0029253857,0.0,0.0,0.0,0.0,0.0,0.0021754599,0.0,0.0,0.0,0.0,0.0,-0.00059136044,0.0,0.0,-0.0132608805,0.0090416195,0.00091923645,0.0011451362,0.008136754,0.00054869946,0.0027154535,0.0,0.0,0.00061406894,0.0,0.0,0.0,0.0,-0.0032867203,0.0,0.0030925442,0.0,0.0,-0.0006181117,0.0,-0.0045593306,0.0,0.0,0.00045863978,0.0013897421,0.0,0.0,0.0070219897,0.0,-0.0004221528,-2.4905106e-05,0.0,0.0,0.0,0.0045648376,0.0,-0.004428835,-0.004361755,0.0013179034,0.0,0.0031375228,0.0,-0.0007437954
1.2594612,-0.24260023,0.19549479,0.0,0.0,0.0923254,-0.0024476822,0.09821232,0.0026757023,-0.0026592878,0.3749361,0.005340747,-0.0090452265,-0.0013860123,-0.0049160346,-0.012851849,-0.0053613484,-0.0036945955,0.00023785852,-1.0744236e-05,0.0,-0.00067276735,0.1536365,-0.0012263206,0.0,0.08719346,0.07819989,0.026680816,0.023044514,0.08330682,-0.09698689,0.009526974,-0.10391252,0.026039291,0.0020312164,0.013226396,0.0,0.0,0.0,0.0008187632,0.00064031815,0.0,0.0,0.0,0.0,0.0,0.0,0.0,0.0,0.0,0.012068985,0.0,0.0,0.0007937185,0.0,-0.00041082405,-0.0012757197,-9.65379e-05,0.0,0.0,0.0,0.008230995,0.0062841973,0.0,0.0,0.0008506631,0.0016641474,0.0,0.0,0.0,0.0017042152,0.0,-0.0132234935,-0.0033381204,0.0031167145,-0.0004965415,0.0,0.0,-0.0042111296,0.0,0.0,0.0,0.0029756117,0.0,0.0,0.0,0.0038577223,0.0,0.0,0.0,0.00033604202,0.0004547168,-0.002831704,0.00056657323,0.0,-0.003979916,0.0,0.0,-0.0007002461,0.0,0.0,0.0,0.0018820253,-0.0026510486,0.0,0.0,0.0,0.0,0.0,0.0023007481,0.0,0.0,0.0,0.0,0.0,-0.00059136044,0.0,0.0,-0.0071745375,0.008260512,0.00091923645,0.0011279298,0.008008891,0.00054869946,0.0027005756,0.0,0.0,0.0006277814,0.0,0.0,0.0,0.0,-0.0020891416,0.0,0.006234761,0.0,0.0,-0.00033289535,0.0,-0.0021064053,0.0,0.0,0.00043307117,0.0013897421,0.0,0.0,0.019135475,0.0,-0.0004221528,-2.4905106e-05,0.0,0.0,0.0,0.012055445,0.0,-0.004022368,-0.0042424113,0.001309729,0.0,0.0031188321,0.0,-0.00073100446
1.2594612,-0.24260023,0.19549479,0.0,0.0,0.0923254,-0.0024476822,0.09821232,0.0026757023,-0.0026592878,0.3749361,0.005340747,-0.0090452265,-0.0013860123,-0.0049160346,-0.012851849,-0.0053613484,-0.0036945955,0.00023785852,-1.0744236e-05,0.0,-0.00067276735,0.1536365,-0.0012263206,0.0,0.08719346,0.07819989,0.026680816,0.023044514,0.08330682,-0.09698689,0.009526974,-0.10391252,0.026039291,0.0020312164,0.013226396,0.0,0.0,0.0,0.0008187632,0.00064031815,0.0,0.0,0.0,0.0,0.0,0.0,0.0,0.0,0.0,0.012068985,0.0,0.0,0.0007937185,0.0,-0.00041082405,-0.0012757197,-9.65379e-05,0.0,0.0,0.0,0.008230995,0.0062841973,0.0,0.0,0.0008506631,0.0016641474,0.0,0.0,0.0,0.0017042152,0.0,-0.0132234935,-0.0033381204,0.0031167145,-0.0004965415,0.0,0.0,-0.0042111296,0.0,0.0,0.0,0.0029756117,0.0,0.0,0.0,0.0038577223,0.0,0.0,0.0,0.00033604202,0.0004547168,-0.002831704,0.00056657323,0.0,-0.003979916,0.0,0.0,-0.0007002461,0.0,0.0,0.0,0.0018820253,-0.0026510486,0.0,0.0,0.0,0.0,0.0,0.0023007481,0.0,0.0,0.0,0.0,0.0,-0.00059136044,0.0,0.0,-0.0071745375,0.008260512,0.00091923645,0.0011279298,0.008008891,0.00054869946,0.0027005756,0.0,0.0,0.0006277814,0.0,0.0,0.0,0.0,-0.0020891416,0.0,0.006234761,0.0,0.0,-0.00033289535,0.0,-0.0021064053,0.0,0.0,0.00043307117,0.0013897421,0.0,0.0,0.019135475,0.0,-0.0004221528,-2.4905106e-05,0.0,0.0,0.0,0.012055445,0.0,-0.004022368,-0.0042424113,0.001309729,0.0,0.0031188321,0.0,-0.00073100446
1.2594612,-0.24260023,0.19549479,0.0,0.0,0.0923254,-0.0024476822,0.09821232,0.0026757023,-0.0026592878,0.3749361,0.005340747,-0.0090452265,-0.0013860123,-0.0049160346,-0.012851849,-0.0053613484,-0.0036945955,0.00023785852,-1.0744236e-05,0.0,-0.00067276735,0.1536365,-0.0012263206,0.0,0.08719346,0.07819989,0.026680816,0.023044514,0.08330682,-0.09698689,0.009526974,-0.10391252,0.026039291,0.0020312164,0.013226396,0.0,0.0,0.0,0.0008187632,0.00064031815,0.0,0.0,0.0,0.0,0.0,0.0,0.0,0.0,0.0,0.012068985,0.0,0.0,0.0007937185,0.0,-0.00041082405,-0.0012757197,-9.65379e-05,0.0,0.0,0.0,0.008230995,0.0062841973,0.0,0.0,0.0008506631,0.0016641474,0.0,0.0,0.0,0.0017042152,0.0,-0.0132234935,-0.0033381204,0.0031167145,-0.0004965415,0.0,0.0,-0.0042111296,0.0,0.0,0.0,0.0029756117,0.0,0.0,0.0,0.0038577223,0.0,0.0,0.0,0.00033604202,0.0004547168,-0.002831704,0.00056657323,0.0,-0.003979916,0.0,0.0,-0.0007002461,0.0,0.0,0.0,0.0018820253,-0.0026510486,0.0,0.0,0.0,0.0,0.0,0.0023007481,0.0,0.0,0.0,0.0,0.0,-0.00059136044,0.0,0.0,-0.0071745375,0.008260512,0.00091923645,0.0011279298,0.008008891,0.00054869946,0.0027005756,0.0,0.0,0.0006277814,0.0,0.0,0.0,0.0,-0.0020891416,0.0,0.006234761,0.0,0.0,-0.00033289535,0.0,-0.0021064053,0.0,0.0,0.00043307117,0.0013897421,0.0,0.0,0.019135475,0.0,-0.0004221528,-2.4905106e-05,0.0,0.0,0.0,0.012055445,0.0,-0.004022368,-0.0042424113,0.001309729,0.0,0.0031188321,0.0,-0.00073100446
1.2594612,-0.24260023,0.19549479,0.0,0.0,0.0923254,-0.0024476822,0.09821232,0.0026757023,-0.0026592878,0.3749361,0.005340747,-0.0090452265,-0.0013860123,-0.0049160346,-0.012851849,-0.0053613484,-0.0036945955,0.00023785852,-1.0744236e-05,0.0,-0.00067276735,0.1536365,-0.0012263206,0.0,0.08719346,0.07819989,0.026680816,0.023044514,0.08330682,-0.09698689,0.009526974,-0.10391252,0.026039291,0.0020312164,0.013226396,0.0,0.0,0.0,0.0008187632,0.00064031815,0.0,0.0,0.0,0.0,0.0,0.0,0.0,0.0,0.0,0.012068985,0.0,0.0,0.0007937185,0.0,-0.00041082405,-0.0012757197,-9.65379e-05,0.0,0.0,0.0,0.008230995,0.0062841973,0.0,0.0,0.0008506631,0.0016641474,0.0,0.0,0.0,0.0017042152,0.0,-0.0132234935,-0.0033381204,0.0031167145,-0.0004965415,0.0,0.0,-0.0042111296,0.0,0.0,0.0,0.0029756117,0.0,0.0,0.0,0.0038577223,0.0,0.0,0.0,0.00033604202,0.0004547168,-0.002831704,0.00056657323,0.0,-0.003979916,0.0,0.0,-0.0007002461,0.0,0.0,0.0,0.0018820253,-0.0026510486,0.0,0.0,0.0,0.0,0.0,0.0023007481,0.0,0.0,0.0,0.0,0.0,-0.00059136044,0.0,0.0,-0.0071745375,0.008260512,0.00091923645,0.0011279298,0.008008891,0.00054869946,0.0027005756,0.0,0.0,0.0006277814,0.0,0.0,0.0,0.0,-0.0020891416,0.0,0.006234761,0.0,0.0,-0.00033289535,0.0,-0.0021064053,0.0,0.0,0.00043307117,0.0013897421,0.0,0.0,0.019135475,0.0,-0.0004221528,-2.4905106e-05,0.0,0.0,0.0,0.012055445,0.0,-0.004022368,-0.0042424113,0.001309729,0.0,0.0031188321,0.0,-0.00073100446
1.2594612,-0.24260023,0.19549479,0.0,0.0,0.0923254,-0.0024476822,0.09821232,0.0026757023,-0.0026592878,0.3749361,0.005340747,-0.0090452265,-0.0013860123,-0.0049160346,-0.012851849,-0.0053613484,-0.0036945955,0.00023785852,-1.0744236e-05,0.0,-0.00067276735,0.1536365,-0.0012263206,0.0,0.08719346,0.07819989,0.026680816,0.023044514,0.08330682,-0.09698689,0.009526974,-0.10391252,0.026039291,0.0020312164,0.013226396,0.0,0.0,0.0,0.0008187632,0.00064031815,0.0,0.0,0.0,0.0,0.0,0.0,0.0,0.0,0.0,0.012068985,0.0,0.0,0.0007937185,0.0,-0.00041082405,-0.0012757197,-9.65379e-05,0.0,0.0,0.0,0.008230995,0.0062841973,0.0,0.0,0.0008506631,0.0016641474,0.0,0.0,0.0,0.0017042152,0.0,-0.0132234935,-0.0033381204,0.0031167145,-0.0004965415,0.0,0.0,-0.0042111296,0.0,0.0,0.0,0.0029756117,0.0,0.0,0.0,0.0038577223,0.0,0.0,0.0,0.00033604202,0.0004547168,-0.002831704,0.00056657323,0.0,-0.003979916,0.0,0.0,-0.0007002461,0.0,0.0,0.0,0.0018820253,-0.0026510486,0.0,0.0,0.0,0.0,0.0,0.0023007481,0.0,0.0,0.0,0.0,0.0,-0.00059136044,0.0,0.0,-0.0071745375,0.008260512,0.00091923645,0.0011279298,0.008008891,0.00054869946,0.0027005756,0.0,0.0,0.0006277814,0.0,0.0,0.0,0.0,-0.0020891416,0.0,0.006234761,0.0,0.0,-0.00033289535,0.0,-0.0021064053,0.0,0.0,0.00043307117,0.0013897421,0.0,0.0,0.019135475,0.0,-0.0004221528,-2.4905106e-05,0.0,0.0,0.0,0.012055445,0.0,-0.004022368,-0.0042424113,0.001309729,0.0,0.0031188321,0.0,-0.00073100446
-0.38396215,0.6180244,0.00043566804,0.0,0.0,-0.0022761114,-0.0034138616,-0.024895003,0.09312295,0.0010329175,0.013352895,-0.0027289363,-0.001794361,-0.008831878,-0.005474849,-0.021168627,-0.008352394,-4.434686e-05,0.000457234,-8.6259795e-05,0.0,-0.0028201197,0.05705373,-0.0013408078,0.0,-0.10965464,0.011107471,0.0042274767,-0.0031018096,0.036049545,0.12257965,0.0043021534,0.22413123,-0.0012592531,0.0016127753,0.018714273,0.0,0.0,0.0,0.00083074445,0.00075539335,0.0,0.0,0.0,0.0,0.0,0.0,0.0,0.0,0.0,0.016906649,0.0,0.0,0.00083524897,0.0,-0.000584473,-0.0010072148,-8.386171e-05,0.0,0.0,0.0,0.004589844,0.00445473,0.0,0.0,0.0050000525,0.0016760362,0.0,0.0,0.0,0.00029951852,0.0,-0.024245871,-0.0059659313,0.0059371637,-0.00011010592,0.0,0.0,-0.0095113795,0.0,0.0,0.0,0.0002446851,0.0,0.0,0.0,0.0022550707,0.0,0.0,0.0,0.0007393464,0.0004547168,-0.002859552,0.0006180763,0.0,-0.0040610437,0.0,0.0,0.059522886,0.0,0.0,0.0,0.0007940588,-0.0026235373,0.0,0.0,0.0,0.0,0.0,0.005110506,0.0,0.0,0.0,0.0,0.0,-0.0006498745,0.0,0.0,-0.026933603,0.0057113213,0.0005246742,0.0011503275,0.0071983375,0.00054869946,0.0012980957,0.0,0.0,0.0006085147,0.0,0.0,0.0,0.0,-0.0037467505,0.0,0.0053901253,0.0,0.0,-0.0006181117,0.0,-0.006651384,0.0,0.0,0.0004596248,0.0013897421,0.0,0.0,0.0070848158,0.0,-0.0027223225,-2.4905106e-05,0.0,0.0,0.0,0.0054123774,0.0,-0.0043615233,-0.0031361585,0.0014192234,0.0,0.0031741841,0.0,-0.0010352224
0.9194785,-0.16609876,0.09799007,0.0,0.0,0.045181893,-0.0030061482,0.036184475,-0.0011328192,0.0065562525,-0.06470651,-0.031172194,-0.00040704833,-0.006416606,-0.004912655,-0.012392335,-0.008309894,-0.0030148865,0.00023785852,-3.6121965e-06,0.0,0.0006699097,0.114097975,-0.0011244201,0.0,0.062989555,0.17176615,0.07179105,0.01831867,-0.24677415,-0.17277724,0.00081990904,-0.26857594,0.013504006,0.0020448817,0.027115636,0.0,0.0,0.0,0.0008184723,0.00074772234,0.0,0.0,0.0,0.0,0.0,0.0,0.0,0.0,0.0,0.010163554,0.0,0.0,0.0007666311,0.0,-0.00041082405,-0.0012759829,-8.131948e-05,0.0,0.0,0.0,0.00823292,0.0059002494,0.0,0.0,0.00085341075,0.001668902,0.0,0.0,0.0,0.0015845519,0.0,-0.014536417,-0.0041374196,0.009338586,-0.00019930661,0.0,0.0,-0.003677364,0.0,0.0,0.0,0.003028224,0.0,0.0,0.0,0.0038174896,0.0,0.0,0.0,0.00033604202,0.0004547168,-0.002821497,0.00056657323,0.0,-0.0039871633,0.0,0.0,-0.0007002461,0.0,0.0,0.0,0.0018318833,-0.0029601352,0.0,0.0,0.0,0.0,0.0,0.0023405917,0.0,0.0,0.0,0.0,0.0,-0.00023579012,0.0,0.0,-0.0061811144,0.008264667,0.00091923645,0.0011363875,0.008123013,0.00032259544,0.0027116002,0.0,0.0,0.00063059485,0.0,0.0,0.0,0.0,-0.0039119846,0.0,0.002967636,0.0,0.0,-0.00024264962,0.0,-0.0028699043,0.0,0.0,0.00046355,0.0013897421,0.0,0.0,0.012625042,0.0,-0.0004221528,-2.4905106e-05,0.0,0.0,0.0,0.0072400733,0.0,-0.0043428224,-0.0030158623,0.0013179034,0.0,0.003141338,0.0,-0.0007418674
0.9194785,-0.16609876,0.09799007,0.0,0.0,0.045181893,-0.0030061482,0.036184475,-0.0011328192,0.0065562525,-0.06470651,-0.031172194,-0.00040704833,-0.006416606,-0.004912655,-0.012392335,-0.008309894,-0.0030148865,0.00023785852,-3.6121965e-06,0.0,0.0006699097,0.114097975,-0.0011244201,0.0,0.062989555,0.17176615,0.07179105,0.01831867,-0.24677415,-0.17277724,0.00081990904,-0.26857594,0.013504006,0.0020448817,0.027115636,0.0,0.0,0.0,0.0008184723,0.00074772234,0.0,0.0,0.0,0.0,0.0,0.0,0.0,0.0,0.0,0.010163554,0.0,0.0,0.0007666311,0.0,-0.00041082405,-0.0012759829,-8.131948e-05,0.0,0.0,0.0,0.00823292,0.0059002494,0.0,0.0,0.00085341075,0.001668902,0.0,0.0,0.0,0.0015845519,0.0,-0.014536417,-0.0041374196,0.009338586,-0.00019930661,0.0,0.0,-0.003677364,0.0,0.0,0.0,0.003028224,0.0,0.0,0.0,0.0038174896,0.0,0.0,0.0,0.00033604202,0.0004547168,-0.002821497,0.00056657323,0.0,-0.0039871633,0.0,0.0,-0.0007002461,0.0,0.0,0.0,0.0018318833,-0.0029601352,0.0,0.0,0.0,0.0,0.0,0.0023405917,0.0,0.0,0.0,0.0,0.0,-0.00023579012,0.0,0.0,-0.0061811144,0.008264667,0.00091923645,0.0011363875,0.008123013,0.00032259544,0.0027116002,0.0,0.0,0.00063059485,0.0,0.0,0.0,0.0,-0.0039119846,0.0,0.002967636,0.0,0.0,-0.00024264962,0.0,-0.0028699043,0.0,0.0,0.00046355,0.0013897421,0.0,0.0,0.012625042,0.0,-0.0004221528,-2.4905106e-05,0.0,0.0,0.0,0.0072400733,0.0,-0.0043428224,-0.0030158623,0.0013179034,0.0,0.003141338,0.0,-0.0007418674
0.9194785,-0.16609876,0.09799007,0.0,0.0,0.045181893,-0.0030061482,0.036184475,-0.0011328192,0.0065562525,-0.06470651,-0.031172194,-0.00040704833,-0.006416606,-0.004912655,-0.012392335,-0.008309894,-0.0030148865,0.00023785852,-3.6121965e-06,0.0,0.0006699097,0.114097975,-0.0011244201,0.0,0.062989555,0.17176615,0.07179105,0.01831867,-0.24677415,-0.17277724,0.00081990904,-0.26857594,0.013504006,0.0020448817,0.027115636,0.0,0.0,0.0,0.0008184723,0.00074772234,0.0,0.0,0.0,0.0,0.0,0.0,0.0,0.0,0.0,0.010163554,0.0,0.0,0.0007666311,0.0,-0.00041082405,-0.0012759829,-8.131948e-05,0.0,0.0,0.0,0.00823292,0.0059002494,0.0,0.0,0.00085341075,0.001668902,0.0,0.0,0.0,0.0015845519,0.0,-0.014536417,-0.0041374196,0.009338586,-0.00019930661,0.0,0.0,-0.003677364,0.0,0.0,0.0,0.003028224,0.0,0.0,0.0,0.0038174896,0.0,0.0,0.0,0.00033604202,0.0004547168,-0.002821497,0.00056657323,0.0,-0.0039871633,0.0,0.0,-0.0007002461,0.0,0.0,0.0,0.0018318833,-0.0029601352,0.0,0.0,0.0,0.0,0.0,0.0023405917,0.0,0.0,0.0,0.0,0.0,-0.00023579012,0.0,0.0,-0.0061811144,0.008264667,0.00091923645,0.0011363875,0.008123013,0.00032259544,0.0027116002,0.0,0.0,0.00063059485,0.0,0.0,0.0,0.0,-0.0039119846,0.0,0.002967636,0.0,0.0,-0.00024264962,0.0,-0.0028699043,0.0,0.0,0.00046355,0.0013897421,0.0,0.0,0.012625042,0.0,-0.0004221528,-2.4905106e-05,0.0,0.0,0.0,0.0072400733,0.0,-0.0043428224,-0.0030158623,0.0013179034,0.0,0.003141338,0.0,-0.0007418674
0.9194785,-0.16609876,0.09799007,0.0,0.0,0.045181893,-0.0030061482,0.036184475,-0.0011328192,0.0065562525,-0.06470651,-0.031172194,-0.00040704833,-0.006416606,-0.004912655,-0.012392335,-0.008309894,-0.0030148865,0.00023785852,-3.6121965e-06,0.0,0.0006699097,0.114097975,-0.0011244201,0.0,0.062989555,0.17176615,0.07179105,0.01831867,-0.24677415,-0.17277724,0.00081990904,-0.26857594,0.013504006,0.0020448817,0.027115636,0.0,0.0,0.0,0.0008184723,0.00074772234,0.0,0.0,0.0,0.0,0.0,0.0,0.0,0.0,0.0,0.010163554,0.0,0.0,0.0007666311,0.0,-0.00041082405,-0.0012759829,-8.131948e-05,0.0,0.0,0.0,0.00823292,0.0059002494,0.0,0.0,0.00085341075,0.001668902,0.0,0.0,0.0,0.0015845519,0.0,-0.014536417,-0.0041374196,0.009338586,-0.00019930661,0.0,0.0,-0.003677364,0.0,0.0,0.0,0.003028224,0.0,0.0,0.0,0.0038174896,0.0,0.0,0.0,0.00033604202,0.0004547168,-0.002821497,0.00056657323,0.0,-0.0039871633,0.0,0.0,-0.0007002461,0.0,0.0,0.0,0.0018318833,-0.0029601352,0.0,0.0,0.0,0.0,0.0,0.0023405917,0.0,0.0,0.0,0.0,0.0,-0.00023579012,0.0,0.0,-0.0061811144,0.008264667,0.00091923645,0.0011363875,0.008123013,0.00032259544,0.0027116002,0.0,0.0,0.00063059485,0.0,0.0,0.0,0.0,-0.0039119846,0.0,0.002967636,0.0,0.0,-0.00024264962,0.0,-0.0028699043,0.0,0.0,0.00046355,0.0013897421,0.0,0.0,0.012625042,0.0,-0.0004221528,-2.4905106e-05,0.0,0.0,0.0,0.0072400733,0.0,-0.0043428224,-0.0030158623,0.0013179034,0.0,0.003141338,0.0,-0.0007418674
0.87837285,-0.17386016,0.097963534,0.0,0.0,0.04723015,-0.0030122893,0.02343496,0.0014632815,0.0065562525,-0.061806288,-0.049452223,0.06708087,-0.0035211141,-0.004912655,-0.012392335,-0.008309894,-0.0037121286,0.00023785852,-6.720038e-07,0.0,0.0006699097,0.100475304,-0.0011244201,0.0,0.08308227,0.16552153,0.055170894,0.01831867,-0.25516668,-0.1725624,0.0007719557,-0.20592909,0.0065185614,-0.0054601575,-0.012965664,0.0,0.0,0.0,0.0008184723,0.00074752694,0.0,0.0,0.0,0.0,0.0,0.0,0.0,0.0,0.0,0.010242358,0.0,0.0,0.00046222948,0.0,-0.00041082405,-0.0012786108,-8.131948e-05,0.0,0.0,0.0,0.008228869,0.0045973663,0.0,0.0,0.0008494496,0.0016821026,0.0,0.0,0.0,0.0015779117,0.0,-0.013133287,-0.0051248926,0.009338586,-0.00019930661,0.0,0.0,-0.0036808134,0.0,0.0,0.0,0.0020423383,0.0,0.0,0.0,0.0042812983,0.0,0.0,0.0,0.00033604202,0.0004547168,-0.0028209875,0.00056657323,0.0,-0.00399738,0.0,0.0,-0.0007002461,0.0,0.0,0.0,0.0018318833,-0.0029601352,0.0,0.0,0.0,0.0,0.0,0.0029712284,0.0,0.0,0.0,0.0,0.0,-0.00023579012,0.0,0.0,-0.005943341,0.008264667,0.00091923645,0.0011447853,0.008123253,0.00032259544,0.0027153979,0.0,0.0,0.000636832,0.0,0.0,0.0,0.0,-0.0039076307,0.0,0.0021904556,0.0,0.0,-0.00024264962,0.0,-0.0018701439,0.0,0.0,0.00046355,0.0013897421,0.0,0.0,0.011668944,0.0,-0.0004221528,-2.4905106e-05,0.0,0.0,0.0,0.007490092,0.0,-0.004340876,-0.0031951831,0.0013276865,0.0,0.0031617344,0.0,-0.00074194156
-0.28651807,-0.034114644,0.006558625,0.0,0.0,-0.0010611392,-0.006280914,0.021352932,0.0012530156,0.0011186859,0.00095282367,-0.05139338,-0.22176117,0.007210923,-0.0055249617,-0.019540815,-0.007623455,0.0045814887,0.00023785852,-9.2350194e-05,0.0,-0.003831298,0.06261205,-0.0016376778,0.0,0.08477508,0.14181514,0.016509399,0.026279066,0.032206714,0.05619643,9.634366e-05,0.16538434,-0.00056571164,0.0034797876,0.021519737,0.0,0.0,0.0,0.00082387874,0.0007419154,0.0,0.0,0.0,0.0,0.0,0.0,0.0,0.0,0.0,0.016767878,0.0,0.0,0.0007666311,0.0,-0.000306557,-0.0010101058,-6.864329e-05,0.0,0.0,0.0,0.008289287,0.0039298674,0.0,0.0,0.0009101112,0.001675284,0.0,0.0,0.0,0.0016636155,0.0,-0.031652432,-0.004166418,0.010373509,-0.00018983085,0.0,0.0,-0.0048087337,0.0,0.0,0.0,0.0032704046,0.0,0.0,0.0,0.0039126268,0.0,0.0,0.0,0.0007393464,0.0004547168,-0.0028870828,0.00056657323,0.0,-0.004066223,0.0,0.0,-0.00033594854,0.0,0.0,0.0,0.0018847367,-0.0029253857,0.0,0.0,0.0,0.0,0.0,0.0056063635,0.0,0.0,0.0,0.0,0.0,-0.0006498745,0.0,0.0,-0.01844426,0.009180718,0.0010298891,0.0011451362,0.008289518,0.00032259544,0.0027335288,0.0,0.0,0.0006139429,0.0,0.0,0.0,0.0,-0.0038878797,0.0,0.0031347184,0.0,0.0,-0.0006181117,0.0,-0.0063309604,0.0,0.0,0.00046012815,0.0013897421,0.0,0.0,0.01083111,0.0,-0.0004221528,-2.4905106e-05,0.0,0.0,0.0,0.0045711924,0.0,-0.004857686,-0.0029056594,0.0013295703,0.0,0.003159628,0.0,-0.0010309282
-0.47591043,-0.18795712,-0.0115655195,0.0,0.0,-0.024538387,-0.0039570266,-0.021898104,-0.009882587,0.00093416625,-0.05316275,-0.006396292,-0.0074965525,-0.027692907,-0.028786484,0.16680723,0.011392129,0.00400987,0.00041436517,-8.6259795e-05,0.0,0.029922662,0.05942727,0.014549019,0.0,-0.09134657,-0.15939467,0.017714404,-0.016465444,0.034935378,-0.067238875,-4.3372766e-05,0.14558062,-0.0012592531,0.0013395931,-0.025108095,0.0,0.0,0.0,0.0008241433,0.000737871,0.0,0.0,0.0,0.0,0.0,0.0,0.0,0.0,0.0,0.01834866,0.0,0.0,0.0007937185,0.0,-0.000584473,-0.0010072148,-8.386171e-05,0.0,0.0,0.0,0.008263052,0.00445473,0.0,0.0,0.0007786619,0.0016670787,0.0,0.0,0.0,0.001612828,0.0,-0.025511347,-0.004008464,0.005217421,3.099397e-05,0.0,0.0,-0.010431138,0.0,0.0,0.0,0.003245,0.0,0.0,0.0,0.0015371441,0.0,0.0,0.0,0.0007393464,0.0004547168,-0.0028788475,0.00056657323,0.0,-0.0041378154,0.0,0.0,-0.0007002461,0.0,0.0,0.0,0.0007103438,-0.0029253857,0.0,0.0,0.0,0.0,0.0,0.0051514865,0.0,0.0,0.0,0.0,0.0,-0.0006498745,0.0,0.0,-0.02553692,0.009104444,0.0005246742,0.0011450177,0.007936088,0.00054869946,0.0026886323,0.0,0.0,0.00060842495,0.0,0.0,0.0,0.0,-0.003919577,0.0,0.006584171,0.0,0.0,-0.0006181117,0.0,-0.006651384,0.0,0.0,0.00046012815,0.0013897421,0.0,0.0,0.006341022,0.0,-0.0004221528,-2.4905106e-05,0.0,0.0,0.0,0.005276231,0.0,-0.0044453456,-0.0027282205,0.0012984796,0.0,0.0032607159,0.0,-0.0010322212
-0.48990133,-0.09228846,-0.006910908,0.0,0.0,-0.024772225,-0.0025012887,-0.015856324,-0.010690481,0.00093416625,-0.06788764,-0.040750798,-0.008675406,-0.022368373,-0.023943834,0.058429427,0.012768445,0.00400987,0.00041436517,-9.2350194e-05,0.0,0.0033666664,0.058088604,-0.0013380597,0.0,-0.005658927,-0.22610359,0.0052704257,-0.011294241,0.014496553,0.07768323,0.018199956,0.15619309,0.00645387,0.0013395931,0.0005561279,0.0,0.0,0.0,0.00082415296,0.0007357139,0.0,0.0,0.0,0.0,0.0,0.0,0.0,0.0,0.0,0.01851363,0.0,0.0,0.00056525005,0.0,-0.000584473,-0.0010072148,-0.00034986454,0.0,0.0,0.0,0.008378847,0.0039298674,0.0,0.0,0.0010658153,0.0016723681,0.0,0.0,0.0,0.0016634841,0.0,-0.030852666,-0.0025739495,0.0051317327,-0.0002240052,0.0,0.0,-0.0074033425,0.0,0.0,0.0,0.003242321,0.0,0.0,0.0,0.0016176493,0.0,0.0,0.0,0.0007393464,0.0004547168,-0.0028791016,0.00072380103,0.0,-0.004133463,0.0,0.0,-0.0007002461,0.0,0.0,0.0,0.0016367983,-0.0029253857,0.0,0.0,0.0,0.0,0.0,0.0053903954,0.0,0.0,0.0,0.0,0.0,-0.0006498745,0.0,0.0,-0.022115847,0.009047254,0.00037078466,0.001149862,0.0054944344,0.00054869946,0.0027180868,0.0,0.0,0.00060964766,0.0,0.0,0.0,0.0,-0.003988544,0.0,0.0031458654,0.0,0.0,-0.0006181117,0.0,-0.006651384,0.0,0.0,0.00046012815,0.0013897421,0.0,0.0,0.0069622467,0.0,-0.00032166106,-2.4905106e-05,0.0,0.0,0.0,0.0053290627,0.0,-0.0045078923,-0.0025627166,0.0013143105,0.0,0.0032752373,0.0,-0.0010323192
0.7834588,0.47358778,-0.11231416,0.0,0.0,0.19739424,0.04297654,0.0052975807,0.08837741,0.0010858963,-0.03056677,0.0010285615,-0.30620885,0.0003162878,-0.0029378838,-0.019115485,-0.0037212018,-0.0030641933,0.0002807273,0.0017551098,0.0,0.0028440885,0.09915602,-0.0013408078,0.0,-0.15647799,-0.18726572,-0.024451414,-0.21816723,0.025221178,0.119181775,-0.0017869911,0.37958893,0.008002556,0.0044338647,-0.019848878,0.0,0.0,0.0,0.0008307348,0.0007169603,0.0,0.0,0.0,0.0,0.0,0.0,0.0,0.0,0.0,0.015614696,0.0,0.0,0.00053616846,0.0,-0.0028835356,-0.0010071129,-0.0015425903,0.0,0.0,0.0,0.0042023314,0.004227917,0.0,0.0,0.0049779355,0.0016770025,0.0,0.0,0.0,0.00031346234,0.0,-0.015050653,-0.0036373246,0.0057935407,-0.00013404657,0.0,0.0,-0.009356482,0.0,0.0,0.0,0.0005522944,0.0,0.0,0.0,0.0022550707,0.0,0.0,0.0,0.0007393464,0.00022437566,-0.002918922,0.0014656038,0.0,-0.0041315993,0.0,0.0,-0.00033594854,0.0,0.0,0.0,0.0012531073,-0.0025721279,0.0,0.0,0.0,0.0,0.0,0.00506086,0.0,0.0,0.0,0.0,0.0,-0.0006498745,0.0,0.0,-0.026214113,0.0049170284,0.00038985565,0.0011502227,0.006874332,0.0004324137,0.0012969394,0.0,0.0,0.00061159197,0.0,0.0,0.0,0.0,-0.0042862734,0.0,0.0063795783,0.0,0.0,-0.0006181117,0.0,-0.006651384,0.0,0.0,0.0004596248,0.0013897421,0.0,0.0,-0.3158571,0.0,-0.0024772047,-2.4905106e-05,0.0,0.0,0.0,0.014240568,0.0,-0.004719989,-0.005151933,0.0013797733,0.0,0.0015735421,0.0,-0.0010441125
0.7834588,0.47358778,-0.11231416,0.0,0.0,0.19739424,0.04297654,0.0052975807,0.08837741,0.0010858963,-0.03056677,0.0010285615,-0.30620885,0.0003162878,-0.0029378838,-0.019115485,-0.0037212018,-0.0030641933,0.0002807273,0.0017551098,0.0,0.0028440885,0.09915602,-0.0013408078,0.0,-0.15647799,-0.18726572,-0.024451414,-0.21816723,0.025221178,0.119181775,-0.0017869911,0.37958893,0.008002556,0.0044338647,-0.019848878,0.0,0.0,0.0,0.0008307348,0.0007169603,0.0,0.0,0.0,0.0,0.0,0.0,0.0,0.0,0.0,0.015614696,0.0,0.0,0.00053616846,0.0,-0.0028835356,-0.0010071129,-0.0015425903,0.0,0.0,0.0,0.0042023314,0.004227917,0.0,0.0,0.0049779355,0.0016770025,0.0,0.0,0.0,0.00031346234,0.0,-0.015050653,-0.0036373246,0.0057935407,-0.00013404657,0.0,0.0,-0.009356482,0.0,0.0,0.0,0.0005522944,0.0,0.0,0.0,0.0022550707,0.0,0.0,0.0,0.0007393464,0.00022437566,-0.002918922,0.0014656038,0.0,-0.0041315993,0.0,0.0,-0.00033594854,0.0,0.0,0.0,0.0012531073,-0.0025721279,0.0,0.0,0.0,0.0,0.0,0.00506086,0.0,0.0,0.0,0.0,0.0,-0.0006498745,0.0,0.0,-0.026214113,0.0049170284,0.00038985565,0.0011502227,0.006874332,0.0004324137,0.0012969394,0.0,0.0,0.00061159197,0.0,0.0,0.0,0.0,-0.0042862734,0.0,0.0063795783,0.0,0.0,-0.0006181117,0.0,-0.006651384,0.0,0.0,0.0004596248,0.0013897421,0.0,0.0,-0.3158571,0.0,-0.0024772047,-2.4905106e-05,0.0,0.0,0.0,0.014240568,0.0,-0.004719989,-0.005151933,0.0013797733,0.0,0.0015735421,0.0,-0.0010441125
0.7834588,0.47358778,-0.11231416,0.0,0.0,0.19739424,0.04297654,0.0052975807,0.08837741,0.0010858963,-0.03056677,0.0010285615,-0.30620885,0.0003162878,-0.0029378838,-0.019115485,-0.0037212018,-0.0030641933,0.0002807273,0.0017551098,0.0,0.0028440885,0.09915602,-0.0013408078,0.0,-0.15647799,-0.18726572,-0.024451414,-0.21816723,0.025221178,0.119181775,-0.0017869911,0.37958893,0.008002556,0.0044338647,-0.019848878,0.0,0.0,0.0,0.0008307348,0.0007169603,0.0,0.0,0.0,0.0,0.0,0.0,0.0,0.0,0.0,0.015614696,0.0,0.0,0.00053616846,0.0,-0.0028835356,-0.0010071129,-0.0015425903,0.0,0.0,0.0,0.0042023314,0.004227917,0.0,0.0,0.0049779355,0.0016770025,0.0,0.0,0.0,0.00031346234,0.0,-0.015050653,-0.0036373246,0.0057935407,-0.00013404657,0.0,0.0,-0.009356482,0.0,0.0,0.0,0.0005522944,0.0,0.0,0.0,0.0022550707,0.0,0.0,0.0,0.0007393464,0.00022437566,-0.002918922,0.0014656038,0.0,-0.0041315993,0.0,0.0,-0.00033594854,0.0,0.0,0.0,0.0012531073,-0.0025721279,0.0,0.0,0.0,0.0,0.0,0.00506086,0.0,0.0,0.0,0.0,0.0,-0.0006498745,0.0,0.0,-0.026214113,0.0049170284,0.00038985565,0.0011502227,0.006874332,0.0004324137,0.0012969394,0.0,0.0,0.00061159197,0.0,0.0,0.0,0.0,-0.0042862734,0.0,0.0063795783,0.0,0.0,-0.0006181117,0.0,-0.006651384,0.0,0.0,0.0004596248,0.0013897421,0.0,0.0,-0.3158571,0.0,-0.0024772047,-2.4905106e-05,0.0,0.0,0.0,0.014240568,0.0,-0.004719989,-0.005151933,0.0013797733,0.0,0.0015735421,0.0,-0.0010441125
0.7834588,0.47358778,-0.11231416,0.0,0.0,0.19739424,0.04297654,0.0052975807,0.08837741,0.0010858963,-0.03056677,0.0010285615,-0.30620885,0.0003162878,-0.0029378838,-0.019115485,-0.0037212018,-0.0030641933,0.0002807273,0.0017551098,0.0,0.0028440885,0.09915602,-0.0013408078,0.0,-0.15647799,-0.18726572,-0.024451414,-0.21816723,0.025221178,0.119181775,-0.0017869911,0.37958893,0.008002556,0.0044338647,-0.019848878,0.0,0.0,0.0,0.0008307348,0.0007169603,0.0,0.0,0.0,0.0,0.0,0.0,0.0,0.0,0.0,0.015614696,0.0,0.0,0.00053616846,0.0,-0.0028835356,-0.0010071129,-0.0015425903,0.0,0.0,0.0,0.0042023314,0.004227917,0.0,0.0,0.0049779355,0.0016770025,0.0,0.0,0.0,0.00031346234,0.0,-0.015050653,-0.0036373246,0.0057935407,-0.00013404657,0.0,0.0,-0.009356482,0.0,0.0,0.0,0.0005522944,0.0,0.0,0.0,0.0022550707,0.0,0.0,0.0,0.0007393464,0.00022437566,-0.002918922,0.0014656038,0.0,-0.0041315993,0.0,0.0,-0.00033594854,0.0,0.0,0.0,0.0012531073,-0.0025721279,0.0,0.0,0.0,0.0,0.0,0.00506086,0.0,0.0,0.0,0.0,0.0,-0.0006498745,0.0,0.0,-0.026214113,0.0049170284,0.00038985565,0.0011502227,0.006874332,0.0004324137,0.0012969394,0.0,0.0,0.00061159197,0.0,0.0,0.0,0.0,-0.0042862734,0.0,0.0063795783,0.0,0.0,-0.0006181117,0.0,-0.006651384,0.0,0.0,0.0004596248,0.0013897421,0.0,0.0,-0.3158571,0.0,-0.0024772047,-2.4905106e-05,0.0,0.0,0.0,0.014240568,0.0,-0.004719989,-0.005151933,0.0013797733,0.0,0.0015735421,0.0,-0.0010441125
0.7834588,0.47358778,-0.11231416,0.0,0.0,0.19739424,0.04297654,0.0052975807,0.08837741,0.0010858963,-0.03056677,0.0010285615,-0.30620885,0.0003162878,-0.0029378838,-0.019115485,-0.0037212018,-0.0030641933,0.0002807273,0.0017551098,0.0,0.0028440885,0.09915602,-0.0013408078,0.0,-0.15647799,-0.18726572,-0.024451414,-0.21816723,0.025221178,0.119181775,-0.0017869911,0.37958893,0.008002556,0.0044338647,-0.019848878,0.0,0.0,0.0,0.0008307348,0.0007169603,0.0,0.0,0.0,0.0,0.0,0.0,0.0,0.0,0.0,0.015614696,0.0,0.0,0.00053616846,0.0,-0.0028835356,-0.0010071129,-0.0015425903,0.0,0.0,0.0,0.0042023314,0.004227917,0.0,0.0,0.0049779355,0.0016770025,0.0,0.0,0.0,0.00031346234,0.0,-0.015050653,-0.0036373246,0.0057935407,-0.00013404657,0.0,0.0,-0.009356482,0.0,0.0,0.0,0.0005522944,0.0,0.0,0.0,0.0022550707,0.0,0.0,0.0,0.0007393464,0.00022437566,-0.002918922,0.0014656038,0.0,-0.0041315993,0.0,0.0,-0.00033594854,0.0,0.0,0.0,0.0012531073,-0.0025721279,0.0,0.0,0.0,0.0,0.0,0.00506086,0.0,0.0,0.0,0.0,0.0,-0.0006498745,0.0,0.0,-0.026214113,0.0049170284,0.00038985565,0.0011502227,0.006874332,0.0004324137,0.0012969394,0.0,0.0,0.00061159197,0.0,0.0,0.0,0.0,-0.0042862734,0.0,0.0063795783,0.0,0.0,-0.0006181117,0.0,-0.006651384,0.0,0.0,0.0004596248,0.0013897421,0.0,0.0,-0.3158571,0.0,-0.0024772047,-2.4905106e-05,0.0,0.0,0.0,0.014240568,0.0,-0.004719989,-0.005151933,0.0013797733,0.0,0.0015735421,0.0,-0.0010441125
0.7834588,0.47358778,-0.11231416,0.0,0.0,0.19739424,0.04297654,0.0052975807,0.08837741,0.0010858963,-0.03056677,0.0010285615,-0.30620885,0.0003162878,-0.0029378838,-0.019115485,-0.0037212018,-0.0030641933,0.0002807273,0.0017551098,0.0,0.0028440885,0.09915602,-0.0013408078,0.0,-0.15647799,-0.18726572,-0.024451414,-0.21816723,0.025221178,0.119181775,-0.0017869911,0.37958893,0.008002556,0.0044338647,-0.019848878,0.0,0.0,0.0,0.0008307348,0.0007169603,0.0,0.0,0.0,0.0,0.0,0.0,0.0,0.0,0.0,0.015614696,0.0,0.0,0.00053616846,0.0,-0.0028835356,-0.0010071129,-0.0015425903,0.0,0.0,0.0,0.0042023314,0.004227917,0.0,0.0,0.0049779355,0.0016770025,0.0,0.0,0.0,0.00031346234,0.0,-0.015050653,-0.0036373246,0.0057935407,-0.00013404657,0.0,0.0,-0.009356482,0.0,0.0,0.0,0.0005522944,0.0,0.0,0.0,0.0022550707,0.0,0.0,0.0,0.0007393464,0.00022437566,-0.002918922,0.0014656038,0.0,-0.0041315993,0.0,0.0,-0.00033594854,0.0,0.0,0.0,0.0012531073,-0.0025721279,0.0,0.0,0.0,0.0,0.0,0.00506086,0.0,0.0,0.0,0.0,0.0,-0.0006498745,0.0,0.0,-0.026214113,0.0049170284,0.00038985565,0.0011502227,0.006874332,0.0004324137,0.0012969394,0.0,0.0,0.00061159197,0.0,0.0,0.0,0.0,-0.0042862734,0.0,0.0063795783,0.0,0.0,-0.0006181117,0.0,-0.006651384,0.0,0.0,0.0004596248,0.0013897421,0.0,0.0,-0.3158571,0.0,-0.0024772047,-2.4905106e-05,0.0,0.0,0.0,0.014240568,0.0,-0.004719989,-0.005151933,0.0013797733,0.0,0.0015735421,0.0,-0.0010441125
-0.1304009,-0.29937366,-0.017524978,0.0,0.0,-0.024367874,-0.0055529573,-0.025021926,-0.0133919,0.0012514673,0.17466904,0.071668714,-0.0152846975,0.08001671,-0.011111571,-0.28376362,-0.009628233,-0.22734353,0.00260687,-5.2531024e-05,0.0,-0.004198856,-0.16642652,-0.0014827278,0.0,0.039690893,0.30150145,0.022223104,0.016613692,-0.09102563,-0.031825278,0.024185864,0.042796448,0.00016821566,-0.005993618,0.0016364094,0.0,0.0,0.0,0.00081848196,0.00064408046,0.0,0.0,0.0,0.0,0.0,0.0,0.0,0.0,0.0,0.014214196,0.0,0.0,0.00041201749,0.0,-0.00020665546,-0.00094125053,-8.386171e-05,0.0,0.0,0.0,0.008242488,0.0065670195,0.0,0.0,0.0008322773,0.001664635,0.0,0.0,0.0,0.0016494158,0.0,-0.027710568,-0.0032520355,0.008897742,-0.0004940887,0.0,0.0,-0.004662141,0.0,0.0,0.0,0.0028637073,0.0,0.0,0.0,0.0037984115,0.0,0.0,0.0,0.0007393464,0.0004547168,-0.0029403933,0.00056657323,0.0,-0.0021603068,0.0,0.0,-0.0007002461,0.0,0.0,0.0,0.0018820253,-0.0032344724,0.0,0.0,0.0,0.0,0.0,0.002802691,0.0,0.0,0.0,0.0,0.0,-0.00023579012,0.0,0.0,-0.011644044,0.009047594,0.00091923645,0.0011400089,0.013743016,0.00032259544,0.0026882736,0.0,0.0,0.0006318545,0.0,0.0,0.0,0.0,-0.0024735045,0.0,0.0050520245,0.0,0.0,-0.00024400419,0.0,-0.0021837153,0.0,0.0,0.0004379814,0.0005704345,0.0,0.0,0.005630737,0.0,-0.0004221528,-2.4905106e-05,0.0,0.0,0.0,0.0030311805,0.0,-0.0032532585,-0.0044399267,0.0013028547,0.0,0.003143137,0.0,-0.00073948916
-0.37387493,0.33727726,-0.009513741,0.0,0.0,0.119777255,-0.0054031853,-0.014177523,0.2449352,0.001076167,-0.13680308,-0.028796198,-0.004668169,-0.038086217,0.007112137,-0.03344902,-0.007563475,-0.00033910054,0.000457234,0.0016223406,0.0,0.18188584,-0.21279718,0.013286848,0.0,0.03474529,-0.2370559,-0.27323493,0.0071126907,0.030235164,-0.058864925,-0.0013644897,-0.17422895,0.0073808027,0.0011461771,-0.016618753,0.0,0.0,0.0,0.0008302841,0.0007339959,0.0,0.0,0.0,0.0,0.0,0.0,0.0,0.0,0.0,0.016027136,0.0,0.0,-0.021046087,0.0,-0.000306557,-0.0010049732,-0.00015628386,0.0,0.0,0.0,0.009052508,0.00445473,0.0,0.0,0.0012263814,0.0016740753,0.0,0.0,0.0,0.0003002261,0.0,-0.018870436,-0.0038009323,0.0100759,3.0810294e-05,0.0,0.0,-0.004470083,0.0,0.0,0.0,0.0031681294,0.0,0.0,0.0,0.0017791915,0.0,0.0,0.0,0.0007393464,0.000529852,-0.0028793376,0.00076043926,0.0,-0.003027808,0.0,0.0,-0.0007002461,0.0,0.0,0.0,0.002290932,-0.006807336,0.0,0.0,0.0,0.0,0.0,0.005049663,0.0,0.0,0.0,0.0,0.0,-0.0006498745,0.0,0.0,-0.027957417,0.008928852,0.00037078466,0.0011501596,0.0046536727,0.00032259544,0.0020325985,0.0,0.0,0.0006139429,0.0,0.0,0.0,0.0,-0.003832774,0.0,0.0067125494,0.0,0.0,-0.0006181117,0.0,-0.0043193894,0.0,0.0,0.0004593142,0.0013897421,0.0,0.0,0.006225076,0.0,-0.0002797257,-3.62122e-05,0.0,0.0,0.0,0.004665337,0.0,-0.0046654157,-0.0023029773,0.0013011368,0.0,0.0016593687,0.0,-0.0010404954
-0.41751328,0.3418734,-0.0044294167,0.0,0.0,-0.02288594,-0.0045216335,-0.026498199,-0.0076541835,0.0010329175,0.0033859757,5.822526e-05,-0.005259484,-0.009195747,-0.005474849,-0.022910481,-0.010796163,0.0037974028,0.000457234,-8.6259795e-05,0.0,-0.0027955482,0.05483808,0.0049375873,0.0,-0.024101717,-0.17079516,0.0051776464,-0.0016921277,0.033797983,-0.06739873,1.872794e-05,0.1367398,-0.0012592531,0.0016127753,-0.021099463,0.0,0.0,0.0,0.0008301694,0.0007377448,0.0,0.0,0.0,0.0,0.0,0.0,0.0,0.0,0.0,0.017076243,0.0,0.0,0.0007937185,0.0,-0.000584473,-0.0010072148,-8.386171e-05,0.0,0.0,0.0,0.009055381,0.00445473,0.0,0.0,0.001419295,0.001673175,0.0,0.0,0.0,0.00027874333,0.0,-0.022914885,-0.0049474016,0.011101926,0.06524725,0.0,0.0,-0.009511909,0.0,0.0,0.0,0.00048692516,0.0,0.0,0.0,0.0022550707,0.0,0.0,0.0,0.0007393464,0.0004547168,-0.0028785923,0.00056657323,0.0,-0.0041338033,0.0,0.0,-0.0007002461,0.0,0.0,0.0,0.0007940588,-0.0029836157,0.0,0.0,0.0,0.0,0.0,0.0050605536,0.0,0.0,0.0,0.0,0.0,-0.0006498745,0.0,0.0,-0.027673293,0.005623739,0.0005246742,0.0011500577,0.008098876,0.00032259544,0.00127331,0.0,0.0,0.0006085147,0.0,0.0,0.0,0.0,-0.003746568,0.0,0.0063690357,0.0,0.0,-0.0006181117,0.0,-0.006651384,0.0,0.0,0.0004596248,0.0013897421,0.0,0.0,0.007073776,0.0,-0.0004221528,-2.4905106e-05,0.0,0.0,0.0,0.0051449165,0.0,-0.004619907,-0.0031232522,0.0012765657,0.0,0.0012305412,0.0,-0.0010294344
0.6062171,0.3531397,-0.020457627,0.0,0.0,-0.02302779,-0.002611423,0.0011407224,-0.008003888,0.0011514231,-0.029946968,-0.007102626,0.0014861058,0.0022543808,-0.0051766443,-0.020151017,-0.008414598,-0.004543526,0.0002807273,-8.6259795e-05,0.0,0.0011332817,0.110349365,-0.0013409014,0.0,-0.14497992,-0.11371082,0.0036118743,-0.0038214857,0.06475359,0.117843494,0.0006138455,0.29240614,-0.0012592531,0.0030644932,-0.03592971,0.0,0.0,0.0,0.00083047024,0.00073558325,0.0,0.0,0.0,0.0,0.0,0.0,0.0,0.0,0.0,0.015646547,0.0,0.0,0.0008324515,0.0,-0.0028835356,-0.0010072148,-8.386171e-05,0.0,0.0,0.0,0.004402834,0.00445473,0.0,0.0,0.004638548,0.0016743331,0.0,0.0,0.0,0.00030015814,0.0,-0.015792724,-0.005007255,0.011014618,-0.00013338613,0.0,0.0,-0.009449847,0.0,0.0,0.0,0.00056042813,0.0,0.0,0.0,0.0022550707,0.0,0.0,0.0,0.0007393464,0.0004547168,-0.0028012018,0.0006180763,0.0,-0.0041309865,0.0,0.0,-0.0007002461,0.0,0.0,0.0,0.0007940588,-0.0026235373,0.0,0.0,0.0,0.0,0.0,0.0050633787,0.0,0.0,0.0,0.0,0.0,-0.0006498745,0.0,0.0,-0.031493597,0.004521982,0.0005246742,0.0011502227,0.007084215,0.00032259544,0.0012934285,0.0,0.0,0.00061154587,0.0,0.0,0.0,0.0,-0.003765496,0.0,0.0063795783,0.0,0.0,-0.0006181117,0.0,-0.006651384,0.0,0.0,0.0004596248,0.0013897421,0.0,0.0,0.017912336,0.0,-0.0027223225,-2.4905106e-05,0.0,0.0,0.0,0.01582117,0.0,-0.003952525,-0.0030525282,0.0014082127,0.0,0.0015693525,0.0,-0.001036763
0.6062171,0.3531397,-0.020457627,0.0,0.0,-0.02302779,-0.002611423,0.0011407224,-0.008003888,0.0011514231,-0.029946968,-0.007102626,0.0014861058,0.0022543808,-0.0051766443,-0.020151017,-0.008414598,-0.004543526,0.0002807273,-8.6259795e-05,0.0,0.0011332817,0.110349365,-0.0013409014,0.0,-0.14497992,-0.11371082,0.0036118743,-0.0038214857,0.06475359,0.117843494,0.0006138455,0.29240614,-0.0012592531,0.0030644932,-0.03592971,0.0,0.0,0.0,0.00083047024,0.00073558325,0.0,0.0,0.0,0.0,0.0,0.0,0.0,0.0,0.0,0.015646547,0.0,0.0,0.0008324515,0.0,-0.0028835356,-0.0010072148,-8.386171e-05,0.0,0.0,0.0,0.004402834,0.00445473,0.0,0.0,0.004638548,0.0016743331,0.0,0.0,0.0,0.00030015814,0.0,-0.015792724,-0.005007255,0.011014618,-0.00013338613,0.0,0.0,-0.009449847,0.0,0.0,0.0,0.00056042813,0.0,0.0,0.0,0.0022550707,0.0,0.0,0.0,0.0007393464,0.0004547168,-0.0028012018,0.0006180763,0.0,-0.0041309865,0.0,0.0,-0.0007002461,0.0,0.0,0.0,0.0007940588,-0.0026235373,0.0,0.0,0.0,0.0,0.0,0.0050633787,0.0,0.0,0.0,0.0,0.0,-0.0006498745,0.0,0.0,-0.031493597,0.004521982,0.0005246742,0.0011502227,0.007084215,0.00032259544,0.0012934285,0.0,0.0,0.00061154587,0.0,0.0,0.0,0.0,-0.003765496,0.0,0.0063795783,0.0,0.0,-0.0006181117,0.0,-0.006651384,0.0,0.0,0.0004596248,0.0013897421,0.0,0.0,0.017912336,0.0,-0.0027223225,-2.4905106e-05,0.0,0.0,0.0,0.01582117,0.0,-0.003952525,-0.0030525282,0.0014082127,0.0,0.0015693525,0.0,-0.001036763
0.6062171,0.3531397,-0.020457627,0.0,0.0,-0.02302779,-0.002611423,0.0011407224,-0.008003888,0.0011514231,-0.029946968,-0.007102626,0.0014861058,0.0022543808,-0.0051766443,-0.020151017,-0.008414598,-0.004543526,0.0002807273,-8.6259795e-05,0.0,0.0011332817,0.110349365,-0.0013409014,0.0,-0.14497992,-0.11371082,0.0036118743,-0.0038214857,0.06475359,0.117843494,0.0006138455,0.29240614,-0.0012592531,0.0030644932,-0.03592971,0.0,0.0,0.0,0.00083047024,0.00073558325,0.0,0.0,0.0,0.0,0.0,0.0,0.0,0.0,0.0,0.015646547,0.0,0.0,0.0008324515,0.0,-0.0028835356,-0.0010072148,-8.386171e-05,0.0,0.0,0.0,0.004402834,0.00445473,0.0,0.0,0.004638548,0.0016743331,0.0,0.0,0.0,0.00030015814,0.0,-0.015792724,-0.005007255,0.011014618,-0.00013338613,0.0,0.0,-0.009449847,0.0,0.0,0.0,0.00056042813,0.0,0.0,0.0,0.0022550707,0.0,0.0,0.0,0.0007393464,0.0004547168,-0.0028012018,0.0006180763,0.0,-0.0041309865,0.0,0.0,-0.0007002461,0.0,0.0,0.0,0.0007940588,-0.0026235373,0.0,0.0,0.0,0.0,0.0,0.0050633787,0.0,0.0,0.0,0.0,0.0,-0.0006498745,0.0,0.0,-0.031493597,0.004521982,0.0005246742,0.0011502227,0.007084215,0.00032259544,0.0012934285,0.0,0.0,0.00061154587,0.0,0.0,0.0,0.0,-0.003765496,0.0,0.0063795783,0.0,0.0,-0.0006181117,0.0,-0.006651384,0.0,0.0,0.0004596248,0.0013897421,0.0,0.0,0.017912336,0.0,-0.0027223225,-2.4905106e-05,0.0,0.0,0.0,0.01582117,0.0,-0.003952525,-0.0030525282,0.0014082127,0.0,0.0015693525,0.0,-0.001036763
0.6062171,0.35173506,-0.020458274,0.0,0.0,-0.02302779,-0.002611423,0.0011407224,-0.008003888,0.0011514231,-0.029946968,-0.007102626,0.0014861058,0.0022543808,-0.0051766443,-0.020151017,-0.008414598,-0.004543526,0.0002807273,-8.6259795e-05,0.0,0.0011332817,0.11038069,-0.0013408078,0.0,-0.14497992,-0.11371082,0.0065103546,-0.0048563373,0.06475359,0.117843494,0.0006138455,0.29240614,-0.0012592531,0.0030644932,-0.03592971,0.0,0.0,0.0,0.00083047024,0.00073558325,0.0,0.0,0.0,0.0,0.0,0.0,0.0,0.0,0.0,0.015646547,0.0,0.0,0.00083524897,0.0,-0.0028835356,-0.0010072148,-8.386171e-05,0.0,0.0,0.0,0.004402834,0.00445473,0.0,0.0,0.004638548,0.0016743331,0.0,0.0,0.0,0.00030015814,0.0,-0.015792724,-0.005007255,0.011014618,-0.00013338613,0.0,0.0,-0.009449847,0.0,0.0,0.0,0.00056042813,0.0,0.0,0.0,0.0022550707,0.0,0.0,0.0,0.0007393464,0.0004547168,-0.0028012018,0.0006180763,0.0,-0.0041309865,0.0,0.0,-0.0007002461,0.0,0.0,0.0,0.0007940588,-0.0026235373,0.0,0.0,0.0,0.0,0.0,0.0050633787,0.0,0.0,0.0,0.0,0.0,-0.0006498745,0.0,0.0,-0.031493597,0.004521982,0.0005246742,0.0011502227,0.007084215,0.00032259544,0.0012934285,0.0,0.0,0.00061154587,0.0,0.0,0.0,0.0,-0.003765496,0.0,0.0063795783,0.0,0.0,-0.0006181117,0.0,-0.006651384,0.0,0.0,0.0004596248,0.0013897421,0.0,0.0,0.017912336,0.0,-0.0027223225,-2.4905106e-05,0.0,0.0,0.0,0.01582117,0.0,-0.004445032,-0.0030525282,0.0014082127,0.0,0.0015693525,0.0,-0.001036763
0.6062171,0.35173506,-0.020458274,0.0,0.0,-0.02302779,-0.002611423,0.0011407224,-0.008003888,0.0011514231,-0.029946968,-0.007102626,0.0014861058,0.0022543808,-0.0051766443,-0.020151017,-0.008414598,-0.004543526,0.0002807273,-8.6259795e-05,0.0,0.0011332817,0.11038069,-0.0013408078,0.0,-0.14497992,-0.11371082,0.0065103546,-0.0048563373,0.06475359,0.117843494,0.0006138455,0.29240614,-0.0012592531,0.0030644932,-0.03592971,0.0,0.0,0.0,0.00083047024,0.00073558325,0.0,0.0,0.0,0.0,0.0,0.0,0.0,0.0,0.0,0.015646547,0.0,0.0,0.00083524897,0.0,-0.0028835356,-0.0010072148,-8.386171e-05,0.0,0.0,0.0,0.004402834,0.00445473,0.0,0.0,0.004638548,0.0016743331,0.0,0.0,0.0,0.00030015814,0.0,-0.015792724,-0.005007255,0.011014618,-0.00013338613,0.0,0.0,-0.009449847,0.0,0.0,0.0,0.00056042813,0.0,0.0,0.0,0.0022550707,0.0,0.0,0.0,0.0007393464,0.0004547168,-0.0028012018,0.0006180763,0.0,-0.0041309865,0.0,0.0,-0.0007002461,0.0,0.0,0.0,0.0007940588,-0.0026235373,0.0,0.0,0.0,0.0,0.0,0.0050633787,0.0,0.0,0.0,0.0,0.0,-0.0006498745,0.0,0.0,-0.031493597,0.004521982,0.0005246742,0.0011502227,0.007084215,0.00032259544,0.0012934285,0.0,0.0,0.00061154587,0.0,0.0,0.0,0.0,-0.003765496,0.0,0.0063795783,0.0,0.0,-0.0006181117,0.0,-0.006651384,0.0,0.0,0.0004596248,0.0013897421,0.0,0.0,0.017912336,0.0,-0.0027223225,-2.4905106e-05,0.0,0.0,0.0,0.01582117,0.0,-0.004445032,-0.0030525282,0.0014082127,0.0,0.0015693525,0.0,-0.001036763
-0.49657091,-0.10589748,-0.011445934,0.0,0.0,-0.024628952,-0.0039570266,-0.020699846,-0.0071644746,0.00093416625,-0.0436652,-0.04004693,-0.0054938407,-0.0384988,-0.0062596756,-0.030640155,-0.010428152,0.0047312668,0.00041436517,-8.6259795e-05,0.0,0.1584911,-0.055627543,-0.0013380597,0.0,-0.09457091,-0.14869781,0.013898382,-0.13094264,0.036814325,-0.06834702,3.737981e-05,0.13289283,-0.00015937194,0.0019560417,-0.029019754,0.0,0.0,0.0,0.0008241433,0.0007302184,0.0,0.0,0.0,0.0,0.0,0.0,0.0,0.0,0.0,0.018228754,0.0,0.0,0.00046822935,0.0,-0.000584473,-0.0010072148,-8.386171e-05,0.0,0.0,0.0,0.008006183,0.0039298674,0.0,0.0,0.0008926495,0.0016644816,0.0,0.0,0.0,0.0015961136,0.0,-0.025796073,-0.004962962,0.005093514,-0.00020006453,0.0,0.0,-0.010068662,0.0,0.0,0.0,0.0030883541,0.0,0.0,0.0,0.0020097285,0.0,0.0,0.0,0.0007393464,0.0004547168,-0.002891408,0.00056657323,0.0,-0.004211644,0.0,0.0,-0.0007002461,0.0,0.0,0.0,0.0007940588,-0.0029253857,0.0,0.0,0.0,0.0,0.0,0.0051514865,0.0,0.0,0.0,0.0,0.0,-0.0006498745,0.0,0.0,-0.0258093,0.009039548,0.0005246742,0.0011498275,0.008075041,0.00054869946,0.0026975775,0.0,0.0,0.00060842495,0.0,0.0,0.0,0.0,-0.003919534,0.0,0.0026190102,0.0,0.0,-0.0006181117,0.0,-0.006078652,0.0,0.0,0.0004593142,0.0006262464,0.0,0.0,0.006341022,0.0,-0.0004221528,-2.4905106e-05,0.0,0.0,0.0,0.0055965236,0.0,-0.0049123317,-0.0027124682,0.0012623626,0.0,0.0032565105,0.0,-0.0009987832
-0.49657091,-0.10589748,-0.011445934,0.0,0.0,-0.024628952,-0.0039570266,-0.020699846,-0.0071644746,0.00093416625,-0.0436652,-0.04004693,-0.0054938407,-0.0384988,-0.0062596756,-0.030640155,-0.010428152,0.0047312668,0.00041436517,-8.6259795e-05,0.0,0.1584911,-0.055627543,-0.0013380597,0.0,-0.09457091,-0.14869781,0.013898382,-0.13094264,0.036814325,-0.06834702,3.737981e-05,0.13289283,-0.00015937194,0.0019560417,-0.029019754,0.0,0.0,0.0,0.0008241433,0.0007302184,0.0,0.0,0.0,0.0,0.0,0.0,0.0,0.0,0.0,0.018228754,0.0,0.0,0.00046822935,0.0,-0.000584473,-0.0010072148,-8.386171e-05,0.0,0.0,0.0,0.008006183,0.0039298674,0.0,0.0,0.0008926495,0.0016644816,0.0,0.0,0.0,0.0015961136,0.0,-0.025796073,-0.004962962,0.005093514,-0.00020006453,0.0,0.0,-0.010068662,0.0,0.0,0.0,0.0030883541,0.0,0.0,0.0,0.0020097285,0.0,0.0,0.0,0.0007393464,0.0004547168,-0.002891408,0.00056657323,0.0,-0.004211644,0.0,0.0,-0.0007002461,0.0,0.0,0.0,0.0007940588,-0.0029253857,0.0,0.0,0.0,0.0,0.0,0.0051514865,0.0,0.0,0.0,0.0,0.0,-0.0006498745,0.0,0.0,-0.0258093,0.009039548,0.0005246742,0.0011498275,0.008075041,0.00054869946,0.0026975775,0.0,0.0,0.00060842495,0.0,0.0,0.0,0.0,-0.003919534,0.0,0.0026190102,0.0,0.0,-0.0006181117,0.0,-0.006078652,0.0,0.0,0.0004593142,0.0006262464,0.0,0.0,0.006341022,0.0,-0.0004221528,-2.4905106e-05,0.0,0.0,0.0,0.0055965236,0.0,-0.0049123317,-0.0027124682,0.0012623626,0.0,0.0032565105,0.0,-0.0009987832
-0.49657091,-0.10589748,-0.011445934,0.0,0.0,-0.024628952,-0.0039570266,-0.020699846,-0.0071644746,0.00093416625,-0.0436652,-0.04004693,-0.0054938407,-0.0384988,-0.0062596756,-0.030640155,-0.010428152,0.0047312668,0.00041436517,-8.6259795e-05,0.0,0.1584911,-0.055627543,-0.0013380597,0.0,-0.09457091,-0.14869781,0.013898382,-0.13094264,0.036814325,-0.06834702,3.737981e-05,0.13289283,-0.00015937194,0.0019560417,-0.029019754,0.0,0.0,0.0,0.0008241433,0.0007302184,0.0,0.0,0.0,0.0,0.0,0.0,0.0,0.0,0.0,0.018228754,0.0,0.0,0.00046822935,0.0,-0.000584473,-0.0010072148,-8.386171e-05,0.0,0.0,0.0,0.008006183,0.0039298674,0.0,0.0,0.0008926495,0.0016644816,0.0,0.0,0.0,0.0015961136,0.0,-0.025796073,-0.004962962,0.005093514,-0.00020006453,0.0,0.0,-0.010068662,0.0,0.0,0.0,0.0030883541,0.0,0.0,0.0,0.0020097285,0.0,0.0,0.0,0.0007393464,0.0004547168,-0.002891408,0.00056657323,0.0,-0.004211644,0.0,0.0,-0.0007002461,0.0,0.0,0.0,0.0007940588,-0.0029253857,0.0,0.0,0.0,0.0,0.0,0.0051514865,0.0,0.0,0.0,0.0,0.0,-0.0006498745,0.0,0.0,-0.0258093,0.009039548,0.0005246742,0.0011498275,0.008075041,0.00054869946,0.0026975775,0.0,0.0,0.00060842495,0.0,0.0,0.0,0.0,-0.003919534,0.0,0.0026190102,0.0,0.0,-0.0006181117,0.0,-0.006078652,0.0,0.0,0.0004593142,0.0006262464,0.0,0.0,0.006341022,0.0,-0.0004221528,-2.4905106e-05,0.0,0.0,0.0,0.0055965236,0.0,-0.0049123317,-0.0027124682,0.0012623626,0.0,0.0032565105,0.0,-0.0009987832
-0.3933052,-0.5454867,-0.003493365,0.0,0.0,-0.29784557,-0.005719105,-0.024062637,-0.20726888,0.0008208642,-0.044878207,-0.060138505,-0.013862073,-0.075044304,-0.0026304794,-0.037594922,-0.00220552,-0.0020245665,0.00041436517,-6.0623803e-05,0.0,0.2300408,-0.97218436,0.015108482,0.0,0.08693952,0.14482734,0.006128922,0.018310647,0.031712957,-0.03498245,0.0010220056,-0.27335224,0.00020339101,0.0020470116,-0.0035579489,0.0,0.0,0.0,0.0008187632,0.00060152716,0.0,0.0,0.0,0.0,0.0,0.0,0.0,0.0,0.0,0.015131587,0.0,0.0,0.0007937185,0.0,-0.000306557,-0.00080906117,-8.386171e-05,0.0,0.0,0.0,0.00786789,0.005877971,0.0,0.0,0.0008494496,0.0016222154,0.0,0.0,0.0,0.0015411103,0.0,-0.026898134,-0.006946237,0.0031533139,3.1654414e-05,0.0,0.0,-0.0052287504,0.0,0.0,0.0,0.00278217,0.0,0.0,0.0,0.0038577223,0.0,0.0,0.0,0.0007393464,0.0004547168,-0.0029187365,0.00056706305,0.0,-0.0025596966,0.0,0.0,-0.00033453392,0.0,0.0,0.0,0.0018318833,-0.0026738965,0.0,0.0,0.0,0.0,0.0,0.0023354392,0.0,0.0,0.0,0.0,0.0,-0.0032272125,0.0,0.0,-0.022324897,0.008726824,0.00091923645,0.001007647,0.007533987,-0.061249282,0.0026631528,0.0,0.0,0.00062271394,0.0,0.0,0.0,0.0,-0.0026449594,0.0,0.006254456,0.0,0.0,-0.0015148168,0.0,-0.002984306,0.0,0.0,0.00043307117,0.0011986452,0.0,0.0,0.006028695,0.0,-0.0004221528,-3.62122e-05,0.0,0.0,0.0,0.004450057,0.0,-0.004547413,-0.0052888356,0.0013018439,0.0,0.0031241202,0.0,-0.0007540322
-0.38545284,-0.55173135,-0.0036015874,0.0,0.0,-0.3149692,-0.005092665,-0.024062637,-0.30934802,0.00078966096,-0.04443947,-0.055113286,-0.0139717525,-0.075044304,-0.0026703272,-0.03814641,-0.0011290147,-0.0023749948,0.00041436517,-6.0623803e-05,0.0,0.21038671,-0.933116,0.015108482,0.0,0.079533055,0.019143363,0.038746376,0.018585196,0.032127675,-0.03929266,-0.0008802988,-0.2610159,0.0021337026,0.0020470116,-0.002965402,0.0,0.0,0.0,0.0008187632,0.0005663964,0.0,0.0,0.0,0.0,0.0,0.0,0.0,0.0,0.0,0.015110332,0.0,0.0,0.0007937185,0.0,-0.000306557,-0.0008092517,-8.386171e-05,0.0,0.0,0.0,0.0077491733,0.0055210423,0.0,0.0,0.0008494496,0.0016128536,0.0,0.0,0.0,0.0015591684,0.0,-0.020871872,-0.0061423476,0.0031352392,3.0511226e-05,0.0,0.0,-0.005233431,0.0,0.0,0.0,0.00278217,0.0,0.0,0.0,0.0038577223,0.0,0.0,0.0,0.0007393464,0.0004547168,-0.0029197372,0.00056706305,0.0,-0.0025595704,0.0,0.0,-0.00033453392,0.0,0.0,0.0,0.0018318833,-0.0026738965,0.0,0.0,0.0,0.0,0.0,0.0023354392,0.0,0.0,0.0,0.0,0.0,-0.02162487,0.0,0.0,-0.01725911,0.0087226685,0.00091923645,0.001007647,0.007381269,-0.04211314,0.002687437,0.0,0.0,0.00062271394,0.0,0.0,0.0,0.0,-0.0026395652,0.0,0.006474174,0.0,0.0,-0.010186268,0.0,-0.002065682,0.0,0.0,0.00043307117,0.0011986452,0.0,0.0,0.006637058,0.0,-0.0004221528,-3.62122e-05,0.0,0.0,0.0,0.004450883,0.0,-0.0043247137,-0.00629231,0.0013018439,0.0,0.00312396,0.0,-0.00075407204
-0.38545284,-0.55173135,-0.0036015874,0.0,0.0,-0.3149692,-0.005092665,-0.024062637,-0.30934802,0.00078966096,-0.04443947,-0.055113286,-0.0139717525,-0.075044304,-0.0026703272,-0.03814641,-0.0011290147,-0.0023749948,0.00041436517,-6.0623803e-05,0.0,0.21038671,-0.933116,0.015108482,0.0,0.079533055,0.019143363,0.038746376,0.018585196,0.032127675,-0.03929266,-0.0008802988,-0.2610159,0.0021337026,0.0020470116,-0.002965402,0.0,0.0,0.0,0.0008187632,0.0005663964,0.0,0.0,0.0,0.0,0.0,0.0,0.0,0.0,0.0,0.015110332,0.0,0.0,0.0007937185,0.0,-0.000306557,-0.0008092517,-8.386171e-05,0.0,0.0,0.0,0.0077491733,0.0055210423,0.0,0.0,0.0008494496,0.0016128536,0.0,0.0,0.0,0.0015591684,0.0,-0.020871872,-0.0061423476,0.0031352392,3.0511226e-05,0.0,0.0,-0.005233431,0.0,0.0,0.0,0.00278217,0.0,0.0,0.0,0.0038577223,0.0,0.0,0.0,0.0007393464,0.0004547168,-0.0029197372,0.00056706305,0.0,-0.0025595704,0.0,0.0,-0.00033453392,0.0,0.0,0.0,0.0018318833,-0.0026738965,0.0,0.0,0.0,0.0,0.0,0.0023354392,0.0,0.0,0.0,0.0,0.0,-0.02162487,0.0,0.0,-0.01725911,0.0087226685,0.00091923645,0.001007647,0.007381269,-0.04211314,0.002687437,0.0,0.0,0.00062271394,0.0,0.0,0.0,0.0,-0.0026395652,0.0,0.006474174,0.0,0.0,-0.010186268,0.0,-0.002065682,0.0,0.0,0.00043307117,0.0011986452,0.0,0.0,0.006637058,0.0,-0.0004221528,-3.62122e-05,0.0,0.0,0.0,0.004450883,0.0,-0.0043247137,-0.00629231,0.0013018439,0.0,0.00312396,0.0,-0.00075407204
-0.38545284,-0.55173135,-0.0036015874,0.0,0.0,-0.3149692,-0.005092665,-0.024062637,-0.30934802,0.00078966096,-0.04443947,-0.055113286,-0.0139717525,-0.075044304,-0.0026703272,-0.03814641,-0.0011290147,-0.0023749948,0.00041436517,-6.0623803e-05,0.0,0.21038671,-0.933116,0.015108482,0.0,0.079533055,0.019143363,0.038746376,0.018585196,0.032127675,-0.03929266,-0.0008802988,-0.2610159,0.0021337026,0.0020470116,-0.002965402,0.0,0.0,0.0,0.0008187632,0.0005663964,0.0,0.0,0.0,0.0,0.0,0.0,0.0,0.0,0.0,0.015110332,0.0,0.0,0.0007937185,0.0,-0.000306557,-0.0008092517,-8.386171e-05,0.0,0.0,0.0,0.0077491733,0.0055210423,0.0,0.0,0.0008494496,0.0016128536,0.0,0.0,0.0,0.0015591684,0.0,-0.020871872,-0.0061423476,0.0031352392,3.0511226e-05,0.0,0.0,-0.005233431,0.0,0.0,0.0,0.00278217,0.0,0.0,0.0,0.0038577223,0.0,0.0,0.0,0.0007393464,0.0004547168,-0.0029197372,0.00056706305,0.0,-0.0025595704,0.0,0.0,-0.00033453392,0.0,0.0,0.0,0.0018318833,-0.0026738965,0.0,0.0,0.0,0.0,0.0,0.0023354392,0.0,0.0,0.0,0.0,0.0,-0.02162487,0.0,0.0,-0.01725911,0.0087226685,0.00091923645,0.001007647,0.007381269,-0.04211314,0.002687437,0.0,0.0,0.00062271394,0.0,0.0,0.0,0.0,-0.0026395652,0.0,0.006474174,0.0,0.0,-0.010186268,0.0,-0.002065682,0.0,0.0,0.00043307117,0.0011986452,0.0,0.0,0.006637058,0.0,-0.0004221528,-3.62122e-05,0.0,0.0,0.0,0.004450883,0.0,-0.0043247137,-0.00629231,0.0013018439,0.0,0.00312396,0.0,-0.00075407204
-0.38545284,-0.55173135,-0.0036015874,0.0,0.0,-0.3149692,-0.005092665,-0.024062637,-0.30934802,0.00078966096,-0.04443947,-0.055113286,-0.0139717525,-0.075044304,-0.0026703272,-0.03814641,-0.0011290147,-0.0023749948,0.00041436517,-6.0623803e-05,0.0,0.21038671,-0.933116,0.015108482,0.0,0.079533055,0.019143363,0.038746376,0.018585196,0.032127675,-0.03929266,-0.0008802988,-0.2610159,0.0021337026,0.0020470116,-0.002965402,0.0,0.0,0.0,0.0008187632,0.0005663964,0.0,0.0,0.0,0.0,0.0,0.0,0.0,0.0,0.0,0.015110332,0.0,0.0,0.0007937185,0.0,-0.000306557,-0.0008092517,-8.386171e-05,0.0,0.0,0.0,0.0077491733,0.0055210423,0.0,0.0,0.0008494496,0.0016128536,0.0,0.0,0.0,0.0015591684,0.0,-0.020871872,-0.0061423476,0.0031352392,3.0511226e-05,0.0,0.0,-0.005233431,0.0,0.0,0.0,0.00278217,0.0,0.0,0.0,0.0038577223,0.0,0.0,0.0,0.0007393464,0.0004547168,-0.0029197372,0.00056706305,0.0,-0.0025595704,0.0,0.0,-0.00033453392,0.0,0.0,0.0,0.0018318833,-0.0026738965,0.0,0.0,0.0,0.0,0.0,0.0023354392,0.0,0.0,0.0,0.0,0.0,-0.02162487,0.0,0.0,-0.01725911,0.0087226685,0.00091923645,0.001007647,0.007381269,-0.04211314,0.002687437,0.0,0.0,0.00062271394,0.0,0.0,0.0,0.0,-0.0026395652,0.0,0.006474174,0.0,0.0,-0.010186268,0.0,-0.002065682,0.0,0.0,0.00043307117,0.0011986452,0.0,0.0,0.006637058,0.0,-0.0004221528,-3.62122e-05,0.0,0.0,0.0,0.004450883,0.0,-0.0043247137,-0.00629231,0.0013018439,0.0,0.00312396,0.0,-0.00075407204
-0.38545284,-0.55173135,-0.0036015874,0.0,0.0,-0.3149692,-0.005092665,-0.024062637,-0.30934802,0.00078966096,-0.04443947,-0.055113286,-0.0139717525,-0.075044304,-0.0026703272,-0.03814641,-0.0011290147,-0.0023749948,0.00041436517,-6.0623803e-05,0.0,0.21038671,-0.933116,0.015108482,0.0,0.079533055,0.019143363,0.038746376,0.018585196,0.032127675,-0.03929266,-0.0008802988,-0.2610159,0.0021337026,0.0020470116,-0.002965402,0.0,0.0,0.0,0.0008187632,0.0005663964,0.0,0.0,0.0,0.0,0.0,0.0,0.0,0.0,0.0,0.015110332,0.0,0.0,0.0007937185,0.0,-0.000306557,-0.0008092517,-8.386171e-05,0.0,0.0,0.0,0.0077491733,0.0055210423,0.0,0.0,0.0008494496,0.0016128536,0.0,0.0,0.0,0.0015591684,0.0,-0.020871872,-0.0061423476,0.0031352392,3.0511226e-05,0.0,0.0,-0.005233431,0.0,0.0,0.0,0.00278217,0.0,0.0,0.0,0.0038577223,0.0,0.0,0.0,0.0007393464,0.0004547168,-0.0029197372,0.00056706305,0.0,-0.0025595704,0.0,0.0,-0.00033453392,0.0,0.0,0.0,0.0018318833,-0.0026738965,0.0,0.0,0.0,0.0,0.0,0.0023354392,0.0,0.0,0.0,0.0,0.0,-0.02162487,0.0,0.0,-0.01725911,0.0087226685,0.00091923645,0.001007647,0.007381269,-0.04211314,0.002687437,0.0,0.0,0.00062271394,0.0,0.0,0.0,0.0,-0.0026395652,0.0,0.006474174,0.0,0.0,-0.010186268,0.0,-0.002065682,0.0,0.0,0.00043307117,0.0011986452,0.0,0.0,0.006637058,0.0,-0.0004221528,-3.62122e-05,0.0,0.0,0.0,0.004450883,0.0,-0.0043247137,-0.00629231,0.0013018439,0.0,0.00312396,0.0,-0.00075407204
1.1507306,0.06430861,-0.018827802,0.0,0.0,-0.021152282,-0.0011392166,-0.06906494,-0.0059543583,0.0011514231,0.030230481,-0.007995837,0.03026142,0.0040848907,-0.0053520715,-0.016605625,-0.0057637724,-0.0043260935,0.00023785852,-6.976255e-05,0.0,-0.0027349927,0.119170286,-0.0013266722,0.0,-0.1339751,-0.1620638,-0.0011115876,-0.12581997,0.05433889,0.12399471,0.011795111,0.2880519,-0.016322019,0.0019560417,-0.022816801,0.0,0.0,0.0,0.00082441163,0.0007428798,0.0,0.0,0.0,0.0,0.0,0.0,0.0,0.0,0.0,0.014470151,0.0,0.0,0.0005793231,0.0,-0.0028835356,-0.0010072148,-0.0003625407,0.0,0.0,0.0,0.00401231,0.0039298674,0.0,0.0,0.0020054157,0.0016671268,0.0,0.0,0.0,0.001616494,0.0,-0.012516921,-0.004518242,0.005089027,-0.00022988365,0.0,0.0,-0.0077731796,0.0,0.0,0.0,0.0020475714,0.0,0.0,0.0,0.002351419,0.0,0.0,0.0,0.00033604202,0.0004547168,-0.0028202422,0.00072380103,0.0,-0.004134883,0.0,0.0,-0.0007002461,0.0,0.0,0.0,0.0016367983,-0.0026510486,0.0,0.0,0.0,0.0,0.0,0.0052278694,0.0,0.0,0.0,0.0,0.0,-0.0006498745,0.0,0.0,-0.011575191,0.008297335,0.00037078466,0.0011501837,0.008164087,0.00054869946,0.002717222,0.0,0.0,0.0006215514,0.0,0.0,0.0,0.0,-0.0037966487,0.0,0.002113875,0.0,0.0,-0.00039360515,0.0,-0.006651384,0.0,0.0,0.00046012815,0.0013897421,0.0,0.0,0.020136708,0.0,-0.001038024,-2.4905106e-05,0.0,0.0,0.0,0.015984349,0.0,-0.004146226,-0.0025897746,0.001317934,0.0,0.003156899,0.0,-0.0010197043
1.1507306,0.06430861,-0.018827802,0.0,0.0,-0.021152282,-0.0011392166,-0.06906494,-0.0059543583,0.0011514231,0.030230481,-0.007995837,0.03026142,0.0040848907,-0.0053520715,-0.016605625,-0.0057637724,-0.0043260935,0.00023785852,-6.976255e-05,0.0,-0.0027349927,0.119170286,-0.0013266722,0.0,-0.1339751,-0.1620638,-0.0011115876,-0.12581997,0.05433889,0.12399471,0.011795111,0.2880519,-0.016322019,0.0019560417,-0.022816801,0.0,0.0,0.0,0.00082441163,0.0007428798,0.0,0.0,0.0,0.0,0.0,0.0,0.0,0.0,0.0,0.014470151,0.0,0.0,0.0005793231,0.0,-0.0028835356,-0.0010072148,-0.0003625407,0.0,0.0,0.0,0.00401231,0.0039298674,0.0,0.0,0.0020054157,0.0016671268,0.0,0.0,0.0,0.001616494,0.0,-0.012516921,-0.004518242,0.005089027,-0.00022988365,0.0,0.0,-0.0077731796,0.0,0.0,0.0,0.0020475714,0.0,0.0,0.0,0.002351419,0.0,0.0,0.0,0.00033604202,0.0004547168,-0.0028202422,0.00072380103,0.0,-0.004134883,0.0,0.0,-0.0007002461,0.0,0.0,0.0,0.0016367983,-0.0026510486,0.0,0.0,0.0,0.0,0.0,0.0052278694,0.0,0.0,0.0,0.0,0.0,-0.0006498745,0.0,0.0,-0.011575191,0.008297335,0.00037078466,0.0011501837,0.008164087,0.00054869946,0.002717222,0.0,0.0,0.0006215514,0.0,0.0,0.0,0.0,-0.0037966487,0.0,0.002113875,0.0,0.0,-0.00039360515,0.0,-0.006651384,0.0,0.0,0.00046012815,0.0013897421,0.0,0.0,0.020136708,0.0,-0.001038024,-2.4905106e-05,0.0,0.0,0.0,0.015984349,0.0,-0.004146226,-0.0025897746,0.001317934,0.0,0.003156899,0.0,-0.0010197043
1.1507306,0.06430861,-0.018827802,0.0,0.0,-0.021152282,-0.0011392166,-0.06906494,-0.0059543583,0.0011514231,0.030230481,-0.007995837,0.03026142,0.0040848907,-0.0053520715,-0.016605625,-0.0057637724,-0.0043260935,0.00023785852,-6.976255e-05,0.0,-0.0027349927,0.119170286,-0.0013266722,0.0,-0.1339751,-0.1620638,-0.0011115876,-0.12581997,0.05433889,0.12399471,0.011795111,0.2880519,-0.016322019,0.0019560417,-0.022816801,0.0,0.0,0.0,0.00082441163,0.0007428798,0.0,0.0,0.0,0.0,0.0,0.0,0.0,0.0,0.0,0.014470151,0.0,0.0,0.0005793231,0.0,-0.0028835356,-0.0010072148,-0.0003625407,0.0,0.0,0.0,0.00401231,0.0039298674,0.0,0.0,0.0020054157,0.0016671268,0.0,0.0,0.0,0.001616494,0.0,-0.012516921,-0.004518242,0.005089027,-0.00022988365,0.0,0.0,-0.0077731796,0.0,0.0,0.0,0.0020475714,0.0,0.0,0.0,0.002351419,0.0,0.0,0.0,0.00033604202,0.0004547168,-0.0028202422,0.00072380103,0.0,-0.004134883,0.0,0.0,-0.0007002461,0.0,0.0,0.0,0.0016367983,-0.0026510486,0.0,0.0,0.0,0.0,0.0,0.0052278694,0.0,0.0,0.0,0.0,0.0,-0.0006498745,0.0,0.0,-0.011575191,0.008297335,0.00037078466,0.0011501837,0.008164087,0.00054869946,0.002717222,0.0,0.0,0.0006215514,0.0,0.0,0.0,0.0,-0.0037966487,0.0,0.002113875,0.0,0.0,-0.00039360515,0.0,-0.006651384,0.0,0.0,0.00046012815,0.0013897421,0.0,0.0,0.020136708,0.0,-0.001038024,-2.4905106e-05,0.0,0.0,0.0,0.015984349,0.0,-0.004146226,-0.0025897746,0.001317934,0.0,0.003156899,0.0,-0.0010197043
1.1507306,0.06430861,-0.018827802,0.0,0.0,-0.021152282,-0.0011392166,-0.06906494,-0.0059543583,0.0011514231,0.030230481,-0.007995837,0.03026142,0.0040848907,-0.0053520715,-0.016605625,-0.0057637724,-0.0043260935,0.00023785852,-6.976255e-05,0.0,-0.0027349927,0.119170286,-0.0013266722,0.0,-0.1339751,-0.1620638,-0.0011115876,-0.12581997,0.05433889,0.12399471,0.011795111,0.2880519,-0.016322019,0.0019560417,-0.022816801,0.0,0.0,0.0,0.00082441163,0.0007428798,0.0,0.0,0.0,0.0,0.0,0.0,0.0,0.0,0.0,0.014470151,0.0,0.0,0.0005793231,0.0,-0.0028835356,-0.0010072148,-0.0003625407,0.0,0.0,0.0,0.00401231,0.0039298674,0.0,0.0,0.0020054157,0.0016671268,0.0,0.0,0.0,0.001616494,0.0,-0.012516921,-0.004518242,0.005089027,-0.00022988365,0.0,0.0,-0.0077731796,0.0,0.0,0.0,0.0020475714,0.0,0.0,0.0,0.002351419,0.0,0.0,0.0,0.00033604202,0.0004547168,-0.0028202422,0.00072380103,0.0,-0.004134883,0.0,0.0,-0.0007002461,0.0,0.0,0.0,0.0016367983,-0.0026510486,0.0,0.0,0.0,0.0,0.0,0.0052278694,0.0,0.0,0.0,0.0,0.0,-0.0006498745,0.0,0.0,-0.011575191,0.008297335,0.00037078466,0.0011501837,0.008164087,0.00054869946,0.002717222,0.0,0.0,0.0006215514,0.0,0.0,0.0,0.0,-0.0037966487,0.0,0.002113875,0.0,0.0,-0.00039360515,0.0,-0.006651384,0.0,0.0,0.00046012815,0.0013897421,0.0,0.0,0.020136708,0.0,-0.001038024,-2.4905106e-05,0.0,0.0,0.0,0.015984349,0.0,-0.004146226,-0.0025897746,0.001317934,0.0,0.003156899,0.0,-0.0010197043
1.1507306,0.06430861,-0.018827802,0.0,0.0,-0.021152282,-0.0011392166,-0.06906494,-0.0059543583,0.0011514231,0.030230481,-0.007995837,0.03026142,0.0040848907,-0.0053520715,-0.016605625,-0.0057637724,-0.0043260935,0.00023785852,-6.976255e-05,0.0,-0.0027349927,0.119170286,-0.0013266722,0.0,-0.1339751,-0.1620638,-0.0011115876,-0.12581997,0.05433889,0.12399471,0.011795111,0.2880519,-0.016322019,0.0019560417,-0.022816801,0.0,0.0,0.0,0.00082441163,0.0007428798,0.0,0.0,0.0,0.0,0.0,0.0,0.0,0.0,0.0,0.014470151,0.0,0.0,0.0005793231,0.0,-0.0028835356,-0.0010072148,-0.0003625407,0.0,0.0,0.0,0.00401231,0.0039298674,0.0,0.0,0.0020054157,0.0016671268,0.0,0.0,0.0,0.001616494,0.0,-0.012516921,-0.004518242,0.005089027,-0.00022988365,0.0,0.0,-0.0077731796,0.0,0.0,0.0,0.0020475714,0.0,0.0,0.0,0.002351419,0.0,0.0,0.0,0.00033604202,0.0004547168,-0.0028202422,0.00072380103,0.0,-0.004134883,0.0,0.0,-0.0007002461,0.0,0.0,0.0,0.0016367983,-0.0026510486,0.0,0.0,0.0,0.0,0.0,0.0052278694,0.0,0.0,0.0,0.0,0.0,-0.0006498745,0.0,0.0,-0.011575191,0.008297335,0.00037078466,0.0011501837,0.008164087,0.00054869946,0.002717222,0.0,0.0,0.0006215514,0.0,0.0,0.0,0.0,-0.0037966487,0.0,0.002113875,0.0,0.0,-0.00039360515,0.0,-0.006651384,0.0,0.0,0.00046012815,0.0013897421,0.0,0.0,0.020136708,0.0,-0.001038024,-2.4905106e-05,0.0,0.0,0.0,0.015984349,0.0,-0.004146226,-0.0025897746,0.001317934,0.0,0.003156899,0.0,-0.0010197043
-0.4958427,0.08257505,-0.00829899,0.0,0.0,0.014858983,-0.0003875883,-0.02220873,0.002075538,0.00096739084,-0.08864255,0.016670628,-0.797431,-0.007886113,-0.0049991864,-0.019023508,-0.005320178,0.0038396153,0.000457234,-0.00012444083,0.0,-0.0016963423,0.05808748,-0.001329712,0.0,0.10275349,-0.26388645,-0.006734291,-0.0239884,-0.012004552,0.08453871,-0.0018906057,0.14429517,0.008002556,0.0016127753,-0.12906517,0.0,0.0,0.0,0.00083044363,0.00073411723,0.0,0.0,0.0,0.0,0.0,0.0,0.0,0.0,0.0,0.016052406,0.0,0.0,0.0005793231,0.0,-0.000306557,-0.0009786694,-0.00034986454,0.0,0.0,0.0,0.009169966,0.00445473,0.0,0.0,0.0019026477,0.0016755613,0.0,0.0,0.0,0.0003045515,0.0,0.97652084,-0.0045081247,0.005894189,-0.00046905797,0.0,0.0,-0.008303572,0.0,0.0,0.0,0.0031688353,0.0,0.0,0.0,0.002546725,0.0,0.0,0.0,0.00050551,0.0004547168,-0.0030674057,0.00072380103,0.0,-0.0040490096,0.0,0.0,-0.00033594854,0.0,0.0,0.0,0.0025962954,-0.0026235373,0.0,0.0,0.0,0.0,0.0,0.0048277625,0.0,0.0,0.0,0.0,0.0,-0.0006498745,0.0,0.0,-0.021207323,0.009460339,0.00037078466,0.0011507832,0.007962772,0.00054869946,0.0012742729,0.0,0.0,0.00060062396,0.0,0.0,0.0,0.0,-0.0038856668,0.0,0.006597147,0.0,0.0,-0.0003949597,0.0,-0.0068913247,0.0,0.0,0.0004596248,0.0013897421,0.0,0.0,0.0071786586,0.0,-0.001038024,-2.4905106e-05,0.0,0.0,0.0,0.0052036913,0.0,-0.005151638,-0.0050690547,0.0013067357,0.0,0.0031036022,0.0,-0.0010445102
-0.4958427,0.08257505,-0.00829899,0.0,0.0,0.014858983,-0.0003875883,-0.02220873,0.002075538,0.00096739084,-0.08864255,0.016670628,-0.797431,-0.007886113,-0.0049991864,-0.019023508,-0.005320178,0.0038396153,0.000457234,-0.00012444083,0.0,-0.0016963423,0.05808748,-0.001329712,0.0,0.10275349,-0.26388645,-0.006734291,-0.0239884,-0.012004552,0.08453871,-0.0018906057,0.14429517,0.008002556,0.0016127753,-0.12906517,0.0,0.0,0.0,0.00083044363,0.00073411723,0.0,0.0,0.0,0.0,0.0,0.0,0.0,0.0,0.0,0.016052406,0.0,0.0,0.0005793231,0.0,-0.000306557,-0.0009786694,-0.00034986454,0.0,0.0,0.0,0.009169966,0.00445473,0.0,0.0,0.0019026477,0.0016755613,0.0,0.0,0.0,0.0003045515,0.0,0.97652084,-0.0045081247,0.005894189,-0.00046905797,0.0,0.0,-0.008303572,0.0,0.0,0.0,0.0031688353,0.0,0.0,0.0,0.002546725,0.0,0.0,0.0,0.00050551,0.0004547168,-0.0030674057,0.00072380103,0.0,-0.0040490096,0.0,0.0,-0.00033594854,0.0,0.0,0.0,0.0025962954,-0.0026235373,0.0,0.0,0.0,0.0,0.0,0.0048277625,0.0,0.0,0.0,0.0,0.0,-0.0006498745,0.0,0.0,-0.021207323,0.009460339,0.00037078466,0.0011507832,0.007962772,0.00054869946,0.0012742729,0.0,0.0,0.00060062396,0.0,0.0,0.0,0.0,-0.0038856668,0.0,0.006597147,0.0,0.0,-0.0003949597,0.0,-0.0068913247,0.0,0.0,0.0004596248,0.0013897421,0.0,0.0,0.0071786586,0.0,-0.001038024,-2.4905106e-05,0.0,0.0,0.0,0.0052036913,0.0,-0.005151638,-0.0050690547,0.0013067357,0.0,0.0031036022,0.0,-0.0010445102
-0.49579668,0.011719234,-0.008472106,0.0,0.0,0.008022789,-0.0003875883,-0.022195669,0.002075538,0.00096739084,-0.10088115,0.016670628,-0.797431,-0.007886113,-0.0049991864,-0.019023508,-0.005320178,0.0038396153,0.000457234,-0.00012444083,0.0,-0.0016963423,0.05808748,-0.001329712,0.0,0.096542306,-0.2825595,-0.006706465,-0.0239884,-0.012004552,0.08453871,-0.0018906057,0.14429517,0.008002556,0.0016127753,-0.12906517,0.0,0.0,0.0,0.00083044363,0.00073411723,0.0,0.0,0.0,0.0,0.0,0.0,0.0,0.0,0.0,0.016052827,0.0,0.0,0.0005793231,0.0,-0.000306557,-0.0009786694,-0.00034986454,0.0,0.0,0.0,0.009169966,0.00445473,0.0,0.0,0.0019026477,0.0016755613,0.0,0.0,0.0,0.0003045515,0.0,0.92877096,-0.0045081247,0.005894702,-0.00046905797,0.0,0.0,-0.008303572,0.0,0.0,0.0,0.0031688353,0.0,0.0,0.0,0.002546725,0.0,0.0,0.0,0.00050551,0.0004547168,-0.0030674057,0.00072380103,0.0,-0.0040490096,0.0,0.0,-0.00033594854,0.0,0.0,0.0,0.0025962954,-0.0026235373,0.0,0.0,0.0,0.0,0.0,0.0048277625,0.0,0.0,0.0,0.0,0.0,-0.0006498745,0.0,0.0,-0.0212015,0.0057163155,0.00037078466,0.0011507832,0.007963075,0.00054869946,0.0012743683,0.0,0.0,0.0006007137,0.0,0.0,0.0,0.0,-0.0038856668,0.0,0.006597147,0.0,0.0,-0.0003949597,0.0,-0.0068913247,0.0,0.0,0.0004596248,0.0013897421,0.0,0.0,0.0071786586,0.0,-0.001038024,-2.4905106e-05,0.0,0.0,0.0,0.0052036913,0.0,-0.005151638,-0.0050690547,0.0013067357,0.0,0.0031036022,0.0,-0.0010445102
-0.49579668,0.011719234,-0.008472106,0.0,0.0,0.008022789,-0.0003875883,-0.022195669,0.002075538,0.00096739084,-0.10088115,0.016670628,-0.797431,-0.007886113,-0.0049991864,-0.019023508,-0.005320178,0.0038396153,0.000457234,-0.00012444083,0.0,-0.0016963423,0.05808748,-0.001329712,0.0,0.096542306,-0.2825595,-0.006706465,-0.0239884,-0.012004552,0.08453871,-0.0018906057,0.14429517,0.008002556,0.0016127753,-0.12906517,0.0,0.0,0.0,0.00083044363,0.00073411723,0.0,0.0,0.0,0.0,0.0,0.0,0.0,0.0,0.0,0.016052827,0.0,0.0,0.0005793231,0.0,-0.000306557,-0.0009786694,-0.00034986454,0.0,0.0,0.0,0.009169966,0.00445473,0.0,0.0,0.0019026477,0.0016755613,0.0,0.0,0.0,0.0003045515,0.0,0.92877096,-0.0045081247,0.005894702,-0.00046905797,0.0,0.0,-0.008303572,0.0,0.0,0.0,0.0031688353,0.0,0.0,0.0,0.002546725,0.0,0.0,0.0,0.00050551,0.0004547168,-0.0030674057,0.00072380103,0.0,-0.0040490096,0.0,0.0,-0.00033594854,0.0,0.0,0.0,0.0025962954,-0.0026235373,0.0,0.0,0.0,0.0,0.0,0.0048277625,0.0,0.0,0.0,0.0,0.0,-0.0006498745,0.0,0.0,-0.0212015,0.0057163155,0.00037078466,0.0011507832,0.007963075,0.00054869946,0.0012743683,0.0,0.0,0.0006007137,0.0,0.0,0.0,0.0,-0.0038856668,0.0,0.006597147,0.0,0.0,-0.0003949597,0.0,-0.0068913247,0.0,0.0,0.0004596248,0.0013897421,0.0,0.0,0.0071786586,0.0,-0.001038024,-2.4905106e-05,0.0,0.0,0.0,0.0052036913,0.0,-0.005151638,-0.0050690547,0.0013067357,0.0,0.0031036022,0.0,-0.0010445102
-0.49579668,0.011719234,-0.008472106,0.0,0.0,0.008022789,-0.0003875883,-0.022195669,0.002075538,0.00096739084,-0.10088115,0.016670628,-0.797431,-0.007886113,-0.0049991864,-0.019023508,-0.005320178,0.0038396153,0.000457234,-0.00012444083,0.0,-0.0016963423,0.05808748,-0.001329712,0.0,0.096542306,-0.2825595,-0.006706465,-0.0239884,-0.012004552,0.08453871,-0.0018906057,0.14429517,0.008002556,0.0016127753,-0.12906517,0.0,0.0,0.0,0.00083044363,0.00073411723,0.0,0.0,0.0,0.0,0.0,0.0,0.0,0.0,0.0,0.016052827,0.0,0.0,0.0005793231,0.0,-0.000306557,-0.0009786694,-0.00034986454,0.0,0.0,0.0,0.009169966,0.00445473,0.0,0.0,0.0019026477,0.0016755613,0.0,0.0,0.0,0.0003045515,0.0,0.92877096,-0.0045081247,0.005894702,-0.00046905797,0.0,0.0,-0.008303572,0.0,0.0,0.0,0.0031688353,0.0,0.0,0.0,0.002546725,0.0,0.0,0.0,0.00050551,0.0004547168,-0.0030674057,0.00072380103,0.0,-0.0040490096,0.0,0.0,-0.00033594854,0.0,0.0,0.0,0.0025962954,-0.0026235373,0.0,0.0,0.0,0.0,0.0,0.0048277625,0.0,0.0,0.0,0.0,0.0,-0.0006498745,0.0,0.0,-0.0212015,0.0057163155,0.00037078466,0.0011507832,0.007963075,0.00054869946,0.0012743683,0.0,0.0,0.0006007137,0.0,0.0,0.0,0.0,-0.0038856668,0.0,0.006597147,0.0,0.0,-0.0003949597,0.0,-0.0068913247,0.0,0.0,0.0004596248,0.0013897421,0.0,0.0,0.0071786586,0.0,-0.001038024,-2.4905106e-05,0.0,0.0,0.0,0.0052036913,0.0,-0.005151638,-0.0050690547,0.0013067357,0.0,0.0031036022,0.0,-0.0010445102
1.486621,0.12141222,-0.017145576,0.0,0.0,-0.029883036,-0.0016156246,-0.10280334,-0.0059613683,0.0011514231,0.038171567,-0.009249444,-0.14124799,0.002842465,-0.0058463058,-0.016496321,-0.008227541,-0.00048434443,0.00023785852,-6.976255e-05,0.0,-0.0023499047,0.116650015,-0.001079531,0.0,-0.0769365,-0.047824733,0.0077193035,-0.0054490874,0.052840542,0.11513553,0.0012915059,0.21971223,-0.016322019,0.0016346909,-0.036928892,0.0,0.0,0.0,0.0008241433,0.00074178516,0.0,0.0,0.0,0.0,0.0,0.0,0.0,0.0,0.0,0.014507852,0.0,0.0,0.0007937185,0.0,-0.0028835356,-0.0010072148,-9.65379e-05,0.0,0.0,0.0,0.008169784,0.0039298674,0.0,0.0,0.0018091094,0.001666696,0.0,0.0,0.0,0.001616494,0.0,-0.0133139575,-0.004518242,0.0052778004,-9.045339e-05,0.0,0.0,-0.0077041867,0.0,0.0,0.0,0.0031604932,0.0,0.0,0.0,0.002351419,0.0,0.0,0.0,0.00033604202,0.0004547168,-0.0028865736,0.00056657323,0.0,-0.0041344613,0.0,0.0,-0.00033594854,0.0,0.0,0.0,0.0007940588,-0.0026510486,0.0,0.0,0.0,0.0,0.0,0.0052297954,0.0,0.0,0.0,0.0,0.0,-0.0006498745,0.0,0.0,-0.012701697,0.008393384,0.0005246742,0.0011498459,0.008280084,0.00054869946,0.0027170053,0.0,0.0,0.0006196572,0.0,0.0,0.0,0.0,-0.0036431595,0.0,0.0028910555,0.0,0.0,-0.00039360515,0.0,-0.006651384,0.0,0.0,0.00046012815,0.0013897421,0.0,0.0,0.020136708,0.0,-0.0004221528,-2.4905106e-05,0.0,0.0,0.0,0.015746033,0.0,-0.0047333236,-0.0028336383,0.0013148836,0.0,0.0031571744,0.0,-0.0010127234
1.486621,0.12141222,-0.017145576,0.0,0.0,-0.029883036,-0.0016156246,-0.10280334,-0.0059613683,0.0011514231,0.038171567,-0.009249444,-0.14124799,0.002842465,-0.0058463058,-0.016496321,-0.008227541,-0.00048434443,0.00023785852,-6.976255e-05,0.0,-0.0023499047,0.116650015,-0.001079531,0.0,-0.0769365,-0.047824733,0.0077193035,-0.0054490874,0.052840542,0.11513553,0.0012915059,0.21971223,-0.016322019,0.0016346909,-0.036928892,0.0,0.0,0.0,0.0008241433,0.00074178516,0.0,0.0,0.0,0.0,0.0,0.0,0.0,0.0,0.0,0.014507852,0.0,0.0,0.0007937185,0.0,-0.0028835356,-0.0010072148,-9.65379e-05,0.0,0.0,0.0,0.008169784,0.0039298674,0.0,0.0,0.0018091094,0.001666696,0.0,0.0,0.0,0.001616494,0.0,-0.0133139575,-0.004518242,0.0052778004,-9.045339e-05,0.0,0.0,-0.0077041867,0.0,0.0,0.0,0.0031604932,0.0,0.0,0.0,0.002351419,0.0,0.0,0.0,0.00033604202,0.0004547168,-0.0028865736,0.00056657323,0.0,-0.0041344613,0.0,0.0,-0.00033594854,0.0,0.0,0.0,0.0007940588,-0.0026510486,0.0,0.0,0.0,0.0,0.0,0.0052297954,0.0,0.0,0.0,0.0,0.0,-0.0006498745,0.0,0.0,-0.012701697,0.008393384,0.0005246742,0.0011498459,0.008280084,0.00054869946,0.0027170053,0.0,0.0,0.0006196572,0.0,0.0,0.0,0.0,-0.0036431595,0.0,0.0028910555,0.0,0.0,-0.00039360515,0.0,-0.006651384,0.0,0.0,0.00046012815,0.0013897421,0.0,0.0,0.020136708,0.0,-0.0004221528,-2.4905106e-05,0.0,0.0,0.0,0.015746033,0.0,-0.0047333236,-0.0028336383,0.0013148836,0.0,0.0031571744,0.0,-0.0010127234
1.486621,0.12141222,-0.017145576,0.0,0.0,-0.029883036,-0.0016156246,-0.10280334,-0.0059613683,0.0011514231,0.038171567,-0.009249444,-0.14124799,0.002842465,-0.0058463058,-0.016496321,-0.008227541,-0.00048434443,0.00023785852,-6.976255e-05,0.0,-0.0023499047,0.116650015,-0.001079531,0.0,-0.0769365,-0.047824733,0.0077193035,-0.0054490874,0.052840542,0.11513553,0.0012915059,0.21971223,-0.016322019,0.0016346909,-0.036928892,0.0,0.0,0.0,0.0008241433,0.00074178516,0.0,0.0,0.0,0.0,0.0,0.0,0.0,0.0,0.0,0.014507852,0.0,0.0,0.0007937185,0.0,-0.0028835356,-0.0010072148,-9.65379e-05,0.0,0.0,0.0,0.008169784,0.0039298674,0.0,0.0,0.0018091094,0.001666696,0.0,0.0,0.0,0.001616494,0.0,-0.0133139575,-0.004518242,0.0052778004,-9.045339e-05,0.0,0.0,-0.0077041867,0.0,0.0,0.0,0.0031604932,0.0,0.0,0.0,0.002351419,0.0,0.0,0.0,0.00033604202,0.0004547168,-0.0028865736,0.00056657323,0.0,-0.0041344613,0.0,0.0,-0.00033594854,0.0,0.0,0.0,0.0007940588,-0.0026510486,0.0,0.0,0.0,0.0,0.0,0.0052297954,0.0,0.0,0.0,0.0,0.0,-0.0006498745,0.0,0.0,-0.012701697,0.008393384,0.0005246742,0.0011498459,0.008280084,0.00054869946,0.0027170053,0.0,0.0,0.0006196572,0.0,0.0,0.0,0.0,-0.0036431595,0.0,0.0028910555,0.0,0.0,-0.00039360515,0.0,-0.006651384,0.0,0.0,0.00046012815,0.0013897421,0.0,0.0,0.020136708,0.0,-0.0004221528,-2.4905106e-05,0.0,0.0,0.0,0.015746033,0.0,-0.0047333236,-0.0028336383,0.0013148836,0.0,0.0031571744,0.0,-0.0010127234
1.4882386,0.11838246,-0.017145576,0.0,0.0,-0.029883036,-0.0016156246,-0.10280334,-0.0059613683,0.0011514231,0.038297087,-0.009249444,-0.14124799,0.002842465,-0.0058463058,-0.016496321,-0.008227541,-0.00048434443,0.00023785852,-6.976255e-05,0.0,-0.0024933517,0.11659259,-0.0013266722,0.0,-0.0769365,-0.04775439,0.00766188,-0.0054490874,0.05281915,0.11513553,0.0012915059,0.21971223,-0.016322019,0.0016346909,-0.036803376,0.0,0.0,0.0,0.0008241433,0.00074178516,0.0,0.0,0.0,0.0,0.0,0.0,0.0,0.0,0.0,0.014507852,0.0,0.0,0.0007937185,0.0,-0.0028835356,-0.0010072148,-9.65379e-05,0.0,0.0,0.0,0.008169784,0.0039298674,0.0,0.0,0.0018091094,0.001666696,0.0,0.0,0.0,0.001616494,0.0,-0.0133139575,-0.004518242,0.0052778004,-9.045339e-05,0.0,0.0,-0.0077041867,0.0,0.0,0.0,0.0031604932,0.0,0.0,0.0,0.002351419,0.0,0.0,0.0,0.00033604202,0.0004547168,-0.0028865736,0.00056657323,0.0,-0.004134883,0.0,0.0,-0.00033594854,0.0,0.0,0.0,0.0007940588,-0.0026510486,0.0,0.0,0.0,0.0,0.0,0.0052297954,0.0,0.0,0.0,0.0,0.0,-0.0006498745,0.0,0.0,-0.0110840555,0.008393384,0.0005246742,0.0011498459,0.008280084,0.00054869946,0.0027170053,0.0,0.0,0.0006196572,0.0,0.0,0.0,0.0,-0.0036431595,0.0,0.0028910555,0.0,0.0,-0.00039360515,0.0,-0.006651384,0.0,0.0,0.00046012815,0.0013897421,0.0,0.0,0.020136708,0.0,-0.0004221528,-2.4905106e-05,0.0,0.0,0.0,0.015746033,0.0,-0.0047333236,-0.0028332688,0.0013148836,0.0,0.0031571744,0.0,-0.0010127234
1.4432348,0.2390878,-0.018244356,0.0,0.0,0.10648366,-0.00068254536,0.00713164,0.11747539,0.0011514231,0.019057203,0.0019134927,-0.2684942,0.001731687,-0.0039990386,-0.017693324,-0.00838692,-0.0030143645,0.0002807273,0.002316597,0.0,0.0026084057,0.11539914,-0.0010711835,0.0,-0.44067317,-0.16274773,0.004461079,0.003144961,0.056975562,0.12878893,-0.0009984175,0.31296468,-0.016322019,0.0015412378,-0.041998286,0.0,0.0,0.0,0.0008307023,0.0007428798,0.0,0.0,0.0,0.0,0.0,0.0,0.0,0.0,0.0,0.015766207,0.0,0.0,0.0005793231,0.0,-0.0028835356,-0.0010072148,-0.0003625407,0.0,0.0,0.0,0.005094407,0.00445473,0.0,0.0,0.0023448034,0.0016795002,0.0,0.0,0.0,0.00029951852,0.0,-0.012759706,-0.0046531577,0.005911559,-0.00051487423,0.0,0.0,-0.00743846,0.0,0.0,0.0,0.0031573167,0.0,0.0,0.0,0.0022550707,0.0,0.0,0.0,0.00033604202,0.0004547168,-0.0028865736,0.00072380103,0.0,-0.0041309865,0.0,0.0,-0.00033594854,0.0,0.0,0.0,0.0012531073,-0.0024679948,0.0,0.0,0.0,0.0,0.0,0.005090462,0.0,0.0,0.0,0.0,0.0,-0.0006498745,0.0,0.0,-0.014891202,0.009036278,0.00037078466,0.0011502227,0.00819452,0.00054869946,0.0012931532,0.0,0.0,0.0006323066,0.0,0.0,0.0,0.0,-0.0037358948,0.0,0.0060462006,0.0,0.0,-0.00039360515,0.0,-0.006651384,0.0,0.0,0.00046012815,0.0013897421,0.0,0.0,0.02015155,0.0,-0.001038024,-2.4905106e-05,0.0,0.0,0.0,0.016012881,0.0,-0.004381208,-0.0025361727,0.0013149913,0.0,0.001925055,0.0,-0.0010202866
-0.48140272,0.313836,-0.005826179,0.0,0.0,-0.020291617,-0.006280914,-0.025633955,-0.0045379507,0.0010329175,-0.069948934,-0.04154922,0.35234597,-0.008415956,-0.005586738,-0.021914907,-0.007991465,0.006881676,0.000457234,-8.6500644e-05,0.0,0.00091145135,0.050526835,-0.0013537289,0.0,-0.020995159,0.13301703,0.06618594,0.023980096,0.03846943,0.050614987,-0.011529186,0.072255954,-0.00056571164,0.0034578722,0.31342253,0.0,0.0,0.0,0.00080796075,0.00072964124,0.0,0.0,0.0,0.0,0.0,0.0,0.0,0.0,0.0,-1.4761676,0.0,0.0,0.0007937185,0.0,-0.000584473,-0.0010096896,-8.386171e-05,0.0,0.0,0.0,0.0085523855,0.0032269123,0.0,0.0,0.00086661516,0.0016298377,0.0,0.0,0.0,0.00032541467,0.0,-0.031336166,-0.0033981663,0.004982845,-0.00049648195,0.0,0.0,-0.0063031213,0.0,0.0,0.0,0.0026107796,0.0,0.0,0.0,0.003620972,0.0,0.0,0.0,0.0007393464,0.0004547168,-0.0028791016,0.00056657323,0.0,-0.0031227726,0.0,0.0,-0.0007002461,0.0,0.0,0.0,0.0007940588,-0.0018523983,0.0,0.0,0.0,0.0,0.0,0.004588426,0.0,0.0,0.0,0.0,0.0,-0.0006498745,0.0,0.0,-0.030426674,0.009149357,0.0010298891,0.0011189189,0.007840477,0.00054869946,0.0012501815,0.0,0.0,0.00062361633,0.0,0.0,0.0,0.0,-0.0036654754,0.0,0.014988556,0.0,0.0,-0.0006181117,0.0,-0.005923313,0.0,0.0,0.000424926,0.0011380289,0.0,0.0,0.0075019524,0.0,-0.0004221528,-2.4905106e-05,0.0,0.0,0.0,0.005919199,0.0,-0.004619692,-0.0029572684,0.0013088996,0.0,0.0016131107,0.0,-0.0010084475
-0.5574514,-0.14660428,-0.0060100434,0.0,0.0,-0.020326184,-0.006280914,-0.025633955,-0.0052176756,0.0010329175,-0.071094945,-0.046818156,0.39744624,-0.004079274,-0.0059230463,-0.023076175,-0.007832086,0.007237283,0.00041436517,-8.6500644e-05,0.0,-2.6540016e-05,0.052661873,-0.00160087,0.0,-0.0133972475,0.095534116,0.07297317,0.0268684,0.038612384,0.04965587,-0.011523568,0.072681464,-0.00056571164,0.0034797876,0.31587344,0.0,0.0,0.0,0.0008016701,0.00072964124,0.0,0.0,0.0,0.0,0.0,0.0,0.0,0.0,0.0,-1.4656631,0.0,0.0,0.0007937185,0.0,-0.000584473,-0.0010096896,-8.386171e-05,0.0,0.0,0.0,0.0077166255,0.0032269123,0.0,0.0,0.00086661516,0.0016270339,0.0,0.0,0.0,0.001642691,0.0,-0.03366389,-0.0035109457,0.004236688,-0.0004963399,0.0,0.0,-0.0050981264,0.0,0.0,0.0,0.0026105712,0.0,0.0,0.0,0.003620972,0.0,0.0,0.0,0.0007393464,0.0004547168,-0.0028791016,0.00056657323,0.0,-0.0031274958,0.0,0.0,-0.0007002461,0.0,0.0,0.0,0.0007940588,-0.002154247,0.0,0.0,0.0,0.0,0.0,0.0046800547,0.0,0.0,0.0,0.0,0.0,-0.0006498745,0.0,0.0,-0.02446837,0.008827369,0.0010298891,0.0011187922,0.007813492,0.00054869946,0.0027176582,0.0,0.0,0.00062361633,0.0,0.0,0.0,0.0,-0.0036654754,0.0,0.0149883935,0.0,0.0,-0.0006181117,0.0,-0.005923313,0.0,0.0,0.00042542935,0.0011380289,0.0,0.0,0.007487111,0.0,-0.0004221528,-2.4905106e-05,0.0,0.0,0.0,0.0061126477,0.0,-0.004619245,-0.0029577634,0.0013088356,0.0,0.0019501771,0.0,-0.0010085135
-0.3935856,0.45755622,-0.0071499925,0.0,0.0,0.031981062,-0.0044334345,-0.026655806,0.0015935334,0.0010329175,-0.004959773,-0.0029622975,-0.006739725,-0.008868446,-0.005474849,-0.020464778,-0.010587531,0.0037752748,0.000457234,-8.6259795e-05,0.0,0.0013419143,0.058021985,-0.001329712,0.0,-0.04824765,-0.015982233,0.0061371834,-0.00034029828,0.03467681,-0.0684772,0.00018283186,0.123871304,-0.0012592531,0.0021667345,-0.020746693,0.0,0.0,0.0,0.0008301694,0.0007377538,0.0,0.0,0.0,0.0,0.0,0.0,0.0,0.0,0.0,0.018425556,0.0,0.0,0.0007937185,0.0,-0.000584473,-0.0010072148,-8.386171e-05,0.0,0.0,0.0,0.009141813,0.0043128226,0.0,0.0,0.00091103534,0.0016713907,0.0,0.0,0.0,0.00027874333,0.0,-0.0238003,-0.0059317052,0.011056448,-0.00049648195,0.0,0.0,-0.0103341695,0.0,0.0,0.0,0.0030885625,0.0,0.0,0.0,0.0022550707,0.0,0.0,0.0,0.0007393464,0.0004547168,-0.0028785923,0.00056657323,0.0,-0.0039845314,0.0,0.0,-0.0007002461,0.0,0.0,0.0,0.0007940588,-0.0026235373,0.0,0.0,0.0,0.0,0.0,0.00505851,0.0,0.0,0.0,0.0,0.0,-0.0006498745,0.0,0.0,-0.030416194,0.009367763,0.0005246742,0.0011499797,0.008210808,0.00032259544,0.0012731645,0.0,0.0,0.00060842495,0.0,0.0,0.0,0.0,-0.0038975207,0.0,0.0063690357,0.0,0.0,-0.0006181117,0.0,-0.006651384,0.0,0.0,0.00046012815,0.0013897421,0.0,0.0,0.0071676187,0.0,-0.0004221528,-2.4905106e-05,0.0,0.0,0.0,0.0051449165,0.0,-0.0045932666,-0.0031335044,0.0013030961,0.0,0.0031705785,0.0,-0.001026888
-0.3935856,0.45755622,-0.0071499925,0.0,0.0,0.031981062,-0.0044334345,-0.026655806,0.0015935334,0.0010329175,-0.004959773,-0.0029622975,-0.006739725,-0.008868446,-0.005474849,-0.020464778,-0.010587531,0.0037752748,0.000457234,-8.6259795e-05,0.0,0.0013419143,0.058021985,-0.001329712,0.0,-0.04824765,-0.015982233,0.0061371834,-0.00034029828,0.03467681,-0.0684772,0.00018283186,0.123871304,-0.0012592531,0.0021667345,-0.020746693,0.0,0.0,0.0,0.0008301694,0.0007377538,0.0,0.0,0.0,0.0,0.0,0.0,0.0,0.0,0.0,0.018425556,0.0,0.0,0.0007937185,0.0,-0.000584473,-0.0010072148,-8.386171e-05,0.0,0.0,0.0,0.009141813,0.0043128226,0.0,0.0,0.00091103534,0.0016713907,0.0,0.0,0.0,0.00027874333,0.0,-0.0238003,-0.0059317052,0.011056448,-0.00049648195,0.0,0.0,-0.0103341695,0.0,0.0,0.0,0.0030885625,0.0,0.0,0.0,0.0022550707,0.0,0.0,0.0,0.0007393464,0.0004547168,-0.0028785923,0.00056657323,0.0,-0.0039845314,0.0,0.0,-0.0007002461,0.0,0.0,0.0,0.0007940588,-0.0026235373,0.0,0.0,0.0,0.0,0.0,0.00505851,0.0,0.0,0.0,0.0,0.0,-0.0006498745,0.0,0.0,-0.030416194,0.009367763,0.0005246742,0.0011499797,0.008210808,0.00032259544,0.0012731645,0.0,0.0,0.00060842495,0.0,0.0,0.0,0.0,-0.0038975207,0.0,0.0063690357,0.0,0.0,-0.0006181117,0.0,-0.006651384,0.0,0.0,0.00046012815,0.0013897421,0.0,0.0,0.0071676187,0.0,-0.0004221528,-2.4905106e-05,0.0,0.0,0.0,0.0051449165,0.0,-0.0045932666,-0.0031335044,0.0013030961,0.0,0.0031705785,0.0,-0.001026888
-0.3935856,0.45755622,-0.0071499925,0.0,0.0,0.031981062,-0.0044334345,-0.026655806,0.0015935334,0.0010329175,-0.004959773,-0.0029622975,-0.006739725,-0.008868446,-0.005474849,-0.020464778,-0.010587531,0.0037752748,0.000457234,-8.6259795e-05,0.0,0.0013419143,0.058021985,-0.001329712,0.0,-0.04824765,-0.015982233,0.0061371834,-0.00034029828,0.03467681,-0.0684772,0.00018283186,0.123871304,-0.0012592531,0.0021667345,-0.020746693,0.0,0.0,0.0,0.0008301694,0.0007377538,0.0,0.0,0.0,0.0,0.0,0.0,0.0,0.0,0.0,0.018425556,0.0,0.0,0.0007937185,0.0,-0.000584473,-0.0010072148,-8.386171e-05,0.0,0.0,0.0,0.009141813,0.0043128226,0.0,0.0,0.00091103534,0.0016713907,0.0,0.0,0.0,0.00027874333,0.0,-0.0238003,-0.0059317052,0.011056448,-0.00049648195,0.0,0.0,-0.0103341695,0.0,0.0,0.0,0.0030885625,0.0,0.0,0.0,0.0022550707,0.0,0.0,0.0,0.0007393464,0.0004547168,-0.0028785923,0.00056657323,0.0,-0.0039845314,0.0,0.0,-0.0007002461,0.0,0.0,0.0,0.0007940588,-0.0026235373,0.0,0.0,0.0,0.0,0.0,0.00505851,0.0,0.0,0.0,0.0,0.0,-0.0006498745,0.0,0.0,-0.030416194,0.009367763,0.0005246742,0.0011499797,0.008210808,0.00032259544,0.0012731645,0.0,0.0,0.00060842495,0.0,0.0,0.0,0.0,-0.0038975207,0.0,0.0063690357,0.0,0.0,-0.0006181117,0.0,-0.006651384,0.0,0.0,0.00046012815,0.0013897421,0.0,0.0,0.0071676187,0.0,-0.0004221528,-2.4905106e-05,0.0,0.0,0.0,0.0051449165,0.0,-0.0045932666,-0.0031335044,0.0013030961,0.0,0.0031705785,0.0,-0.001026888
-0.3935856,0.45755622,-0.0071499925,0.0,0.0,0.031981062,-0.0044334345,-0.026655806,0.0015935334,0.0010329175,-0.004959773,-0.0029622975,-0.006739725,-0.008868446,-0.005474849,-0.020464778,-0.010587531,0.0037752748,0.000457234,-8.6259795e-05,0.0,0.0013419143,0.058021985,-0.001329712,0.0,-0.04824765,-0.015982233,0.0061371834,-0.00034029828,0.03467681,-0.0684772,0.00018283186,0.123871304,-0.0012592531,0.0021667345,-0.020746693,0.0,0.0,0.0,0.0008301694,0.0007377538,0.0,0.0,0.0,0.0,0.0,0.0,0.0,0.0,0.0,0.018425556,0.0,0.0,0.0007937185,0.0,-0.000584473,-0.0010072148,-8.386171e-05,0.0,0.0,0.0,0.009141813,0.0043128226,0.0,0.0,0.00091103534,0.0016713907,0.0,0.0,0.0,0.00027874333,0.0,-0.0238003,-0.0059317052,0.011056448,-0.00049648195,0.0,0.0,-0.0103341695,0.0,0.0,0.0,0.0030885625,0.0,0.0,0.0,0.0022550707,0.0,0.0,0.0,0.0007393464,0.0004547168,-0.0028785923,0.00056657323,0.0,-0.0039845314,0.0,0.0,-0.0007002461,0.0,0.0,0.0,0.0007940588,-0.0026235373,0.0,0.0,0.0,0.0,0.0,0.00505851,0.0,0.0,0.0,0.0,0.0,-0.0006498745,0.0,0.0,-0.030416194,0.009367763,0.0005246742,0.0011499797,0.008210808,0.00032259544,0.0012731645,0.0,0.0,0.00060842495,0.0,0.0,0.0,0.0,-0.0038975207,0.0,0.0063690357,0.0,0.0,-0.0006181117,0.0,-0.006651384,0.0,0.0,0.00046012815,0.0013897421,0.0,0.0,0.0071676187,0.0,-0.0004221528,-2.4905106e-05,0.0,0.0,0.0,0.0051449165,0.0,-0.0045932666,-0.0031335044,0.0013030961,0.0,0.0031705785,0.0,-0.001026888
-0.3935856,0.45755622,-0.0071499925,0.0,0.0,0.031981062,-0.0044334345,-0.026655806,0.0015935334,0.0010329175,-0.004959773,-0.0029622975,-0.006739725,-0.008868446,-0.005474849,-0.020464778,-0.010587531,0.0037752748,0.000457234,-8.6259795e-05,0.0,0.0013419143,0.058021985,-0.001329712,0.0,-0.04824765,-0.015982233,0.0061371834,-0.00034029828,0.03467681,-0.0684772,0.00018283186,0.123871304,-0.0012592531,0.0021667345,-0.020746693,0.0,0.0,0.0,0.0008301694,0.0007377538,0.0,0.0,0.0,0.0,0.0,0.0,0.0,0.0,0.0,0.018425556,0.0,0.0,0.0007937185,0.0,-0.000584473,-0.0010072148,-8.386171e-05,0.0,0.0,0.0,0.009141813,0.0043128226,0.0,0.0,0.00091103534,0.0016713907,0.0,0.0,0.0,0.00027874333,0.0,-0.0238003,-0.0059317052,0.011056448,-0.00049648195,0.0,0.0,-0.0103341695,0.0,0.0,0.0,0.0030885625,0.0,0.0,0.0,0.0022550707,0.0,0.0,0.0,0.0007393464,0.0004547168,-0.0028785923,0.00056657323,0.0,-0.0039845314,0.0,0.0,-0.0007002461,0.0,0.0,0.0,0.0007940588,-0.0026235373,0.0,0.0,0.0,0.0,0.0,0.00505851,0.0,0.0,0.0,0.0,0.0,-0.0006498745,0.0,0.0,-0.030416194,0.009367763,0.0005246742,0.0011499797,0.008210808,0.00032259544,0.0012731645,0.0,0.0,0.00060842495,0.0,0.0,0.0,0.0,-0.0038975207,0.0,0.0063690357,0.0,0.0,-0.0006181117,0.0,-0.006651384,0.0,0.0,0.00046012815,0.0013897421,0.0,0.0,0.0071676187,0.0,-0.0004221528,-2.4905106e-05,0.0,0.0,0.0,0.0051449165,0.0,-0.0045932666,-0.0031335044,0.0013030961,0.0,0.0031705785,0.0,-0.001026888
-0.44159004,0.40255266,-0.013223155,0.0,0.0,-0.022828324,-0.0029579597,0.015557182,-0.007155111,0.0010329175,-0.00059716374,-0.011421605,-0.0053582834,-0.0091591785,-0.005514697,-0.021152744,-0.00552881,0.0038979729,0.000457234,-8.6259795e-05,0.0,0.0008670695,0.051012453,-0.001329712,0.0,-0.022888694,0.01049272,0.012454303,0.0018757524,0.016040927,0.07386164,-0.00010585916,0.17077647,0.008002556,0.0016127753,-0.00084810576,0.0,0.0,0.0,0.00083044363,0.0007356935,0.0,0.0,0.0,0.0,0.0,0.0,0.0,0.0,0.0,0.018737301,0.0,0.0,0.00083524897,0.0,-0.000584473,-0.0010071129,-8.386171e-05,0.0,0.0,0.0,0.009061845,0.00445473,0.0,0.0,0.0020054157,0.0016755419,0.0,0.0,0.0,0.0003076226,0.0,-0.024225231,-0.0036755204,0.0058396915,-0.00050494896,0.0,0.0,-0.009637967,0.0,0.0,0.0,0.00056161,0.0,0.0,0.0,0.0022550707,0.0,0.0,0.0,0.0007393464,0.0004547168,-0.0028788475,0.00056657323,0.0,-0.0041971547,0.0,0.0,-0.0007002461,0.0,0.0,0.0,0.0007940588,-0.0026235373,0.0,0.0,0.0,0.0,0.0,0.005062922,0.0,0.0,0.0,0.0,0.0,-0.0006498745,0.0,0.0,-0.023274476,0.0057112193,0.0005246742,0.0011501822,0.008341399,0.00054869946,0.0012930472,0.0,0.0,0.00061154587,0.0,0.0,0.0,0.0,-0.004275521,0.0,0.005363891,0.0,0.0,-0.0006181117,0.0,-0.006651384,0.0,0.0,0.0004596248,-0.06711065,0.0,0.0,0.0070848158,0.0,-0.0027223225,-2.4905106e-05,0.0,0.0,0.0,0.0051449165,0.0,-0.0043879338,-0.0031227993,0.0012923671,0.0,0.0015674945,0.0,-0.0010333437
-0.44159004,0.40255266,-0.013223155,0.0,0.0,-0.022828324,-0.0029579597,0.015557182,-0.007155111,0.0010329175,-0.00059716374,-0.011421605,-0.0053582834,-0.0091591785,-0.005514697,-0.021152744,-0.00552881,0.0038979729,0.000457234,-8.6259795e-05,0.0,0.0008670695,0.051012453,-0.001329712,0.0,-0.022888694,0.01049272,0.012454303,0.0018757524,0.016040927,0.07386164,-0.00010585916,0.17077647,0.008002556,0.0016127753,-0.00084810576,0.0,0.0,0.0,0.00083044363,0.0007356935,0.0,0.0,0.0,0.0,0.0,0.0,0.0,0.0,0.0,0.018737301,0.0,0.0,0.00083524897,0.0,-0.000584473,-0.0010071129,-8.386171e-05,0.0,0.0,0.0,0.009061845,0.00445473,0.0,0.0,0.0020054157,0.0016755419,0.0,0.0,0.0,0.0003076226,0.0,-0.024225231,-0.0036755204,0.0058396915,-0.00050494896,0.0,0.0,-0.009637967,0.0,0.0,0.0,0.00056161,0.0,0.0,0.0,0.0022550707,0.0,0.0,0.0,0.0007393464,0.0004547168,-0.0028788475,0.00056657323,0.0,-0.0041971547,0.0,0.0,-0.0007002461,0.0,0.0,0.0,0.0007940588,-0.0026235373,0.0,0.0,0.0,0.0,0.0,0.005062922,0.0,0.0,0.0,0.0,0.0,-0.0006498745,0.0,0.0,-0.023274476,0.0057112193,0.0005246742,0.0011501822,0.008341399,0.00054869946,0.0012930472,0.0,0.0,0.00061154587,0.0,0.0,0.0,0.0,-0.004275521,0.0,0.005363891,0.0,0.0,-0.0006181117,0.0,-0.006651384,0.0,0.0,0.0004596248,-0.06711065,0.0,0.0,0.0070848158,0.0,-0.0027223225,-2.4905106e-05,0.0,0.0,0.0,0.0051449165,0.0,-0.0043879338,-0.0031227993,0.0012923671,0.0,0.0015674945,0.0,-0.0010333437
-0.44159004,0.40255266,-0.013223155,0.0,0.0,-0.022828324,-0.0029579597,0.015557182,-0.007155111,0.0010329175,-0.00059716374,-0.011421605,-0.0053582834,-0.0091591785,-0.005514697,-0.021152744,-0.00552881,0.0038979729,0.000457234,-8.6259795e-05,0.0,0.0008670695,0.051012453,-0.001329712,0.0,-0.022888694,0.01049272,0.012454303,0.0018757524,0.016040927,0.07386164,-0.00010585916,0.17077647,0.008002556,0.0016127753,-0.00084810576,0.0,0.0,0.0,0.00083044363,0.0007356935,0.0,0.0,0.0,0.0,0.0,0.0,0.0,0.0,0.0,0.018737301,0.0,0.0,0.00083524897,0.0,-0.000584473,-0.0010071129,-8.386171e-05,0.0,0.0,0.0,0.009061845,0.00445473,0.0,0.0,0.0020054157,0.0016755419,0.0,0.0,0.0,0.0003076226,0.0,-0.024225231,-0.0036755204,0.0058396915,-0.00050494896,0.0,0.0,-0.009637967,0.0,0.0,0.0,0.00056161,0.0,0.0,0.0,0.0022550707,0.0,0.0,0.0,0.0007393464,0.0004547168,-0.0028788475,0.00056657323,0.0,-0.0041971547,0.0,0.0,-0.0007002461,0.0,0.0,0.0,0.0007940588,-0.0026235373,0.0,0.0,0.0,0.0,0.0,0.005062922,0.0,0.0,0.0,0.0,0.0,-0.0006498745,0.0,0.0,-0.023274476,0.0057112193,0.0005246742,0.0011501822,0.008341399,0.00054869946,0.0012930472,0.0,0.0,0.00061154587,0.0,0.0,0.0,0.0,-0.004275521,0.0,0.005363891,0.0,0.0,-0.0006181117,0.0,-0.006651384,0.0,0.0,0.0004596248,-0.06711065,0.0,0.0,0.0070848158,0.0,-0.0027223225,-2.4905106e-05,0.0,0.0,0.0,0.0051449165,0.0,-0.0043879338,-0.0031227993,0.0012923671,0.0,0.0015674945,0.0,-0.0010333437
-0.44159004,0.40255266,-0.013223155,0.0,0.0,-0.022828324,-0.0029579597,0.015557182,-0.007155111,0.0010329175,-0.00059716374,-0.011421605,-0.0053582834,-0.0091591785,-0.005514697,-0.021152744,-0.00552881,0.0038979729,0.000457234,-8.6259795e-05,0.0,0.0008670695,0.051012453,-0.001329712,0.0,-0.022888694,0.01049272,0.012454303,0.0018757524,0.016040927,0.07386164,-0.00010585916,0.17077647,0.008002556,0.0016127753,-0.00084810576,0.0,0.0,0.0,0.00083044363,0.0007356935,0.0,0.0,0.0,0.0,0.0,0.0,0.0,0.0,0.0,0.018737301,0.0,0.0,0.00083524897,0.0,-0.000584473,-0.0010071129,-8.386171e-05,0.0,0.0,0.0,0.009061845,0.00445473,0.0,0.0,0.0020054157,0.0016755419,0.0,0.0,0.0,0.0003076226,0.0,-0.024225231,-0.0036755204,0.0058396915,-0.00050494896,0.0,0.0,-0.009637967,0.0,0.0,0.0,0.00056161,0.0,0.0,0.0,0.0022550707,0.0,0.0,0.0,0.0007393464,0.0004547168,-0.0028788475,0.00056657323,0.0,-0.0041971547,0.0,0.0,-0.0007002461,0.0,0.0,0.0,0.0007940588,-0.0026235373,0.0,0.0,0.0,0.0,0.0,0.005062922,0.0,0.0,0.0,0.0,0.0,-0.0006498745,0.0,0.0,-0.023274476,0.0057112193,0.0005246742,0.0011501822,0.008341399,0.00054869946,0.0012930472,0.0,0.0,0.00061154587,0.0,0.0,0.0,0.0,-0.004275521,0.0,0.005363891,0.0,0.0,-0.0006181117,0.0,-0.006651384,0.0,0.0,0.0004596248,-0.06711065,0.0,0.0,0.0070848158,0.0,-0.0027223225,-2.4905106e-05,0.0,0.0,0.0,0.0051449165,0.0,-0.0043879338,-0.0031227993,0.0012923671,0.0,0.0015674945,0.0,-0.0010333437
-0.4405366,0.5293118,-0.013192187,0.0,0.0,-0.023308469,-0.0029579597,0.015557182,-0.010959148,0.0010329175,0.006517542,-0.011431662,-0.005344318,-0.0091591785,-0.005514697,-0.021168627,-0.00557515,0.0038979729,0.000457234,-8.6259795e-05,0.0,-0.0030617602,0.049889445,-0.0013408078,0.0,-0.022293428,-0.0008015116,0.012504922,0.00018837792,0.016040927,0.07424489,-0.00010585916,0.19668674,0.008002556,0.0050288863,-0.0049389624,0.0,0.0,0.0,0.0008304562,0.0007356935,0.0,0.0,0.0,0.0,0.0,0.0,0.0,0.0,0.0,0.016839253,0.0,0.0,0.00083524897,0.0,-0.000584473,-0.0010071129,-8.386171e-05,0.0,0.0,0.0,0.008794913,0.00445473,0.0,0.0,0.004638548,0.0016757,0.0,0.0,0.0,0.0003082622,0.0,-0.024215523,-0.0038951715,0.0058396915,-0.00011134996,0.0,0.0,-0.009637967,0.0,0.0,0.0,0.00056499476,0.0,0.0,0.0,0.0022550707,0.0,0.0,0.0,0.0007393464,0.0004547168,-0.002859807,0.0006180763,0.0,-0.0041971547,0.0,0.0,-0.0007002461,0.0,0.0,0.0,0.0007940588,-0.0026235373,0.0,0.0,0.0,0.0,0.0,0.0050641624,0.0,0.0,0.0,0.0,0.0,-0.0006498745,0.0,0.0,-0.023245698,0.0045240535,0.0005246742,0.0011502062,0.007233658,0.00054869946,0.0012933441,0.0,0.0,0.00061154587,0.0,0.0,0.0,0.0,-0.0042723706,0.0,0.005362664,0.0,0.0,-0.0006181117,0.0,-0.006651384,0.0,0.0,0.0004596248,-0.06711065,0.0,0.0,0.004845602,0.0,-0.0027223225,-2.4905106e-05,0.0,0.0,0.0,0.0051449165,0.0,-0.004256386,-0.0031227993,0.0014075926,0.0,0.0012482496,0.0,-0.0010327614
-0.4166861,0.36197117,-0.012207228,0.0,0.0,-0.07432147,-0.0060040117,-0.035760835,-0.009220165,0.0010329175,-0.0026886002,-0.017758522,-0.0065146997,-0.009207951,-0.0052028685,-0.01989919,-0.008394597,0.0038979729,0.000457234,-8.6259795e-05,0.0,-0.0030371887,0.05372785,-0.001329712,0.0,0.031333815,-0.18834177,-0.001105042,0.0146983275,0.03472362,-0.06488076,-0.0005865651,0.27578172,0.008002556,0.0016127753,-0.019787872,0.0,0.0,0.0,0.000830434,0.00073957763,0.0,0.0,0.0,0.0,0.0,0.0,0.0,0.0,0.0,0.016585669,0.0,0.0,0.00052051677,0.0,-0.000306557,-0.0010071129,-8.386171e-05,0.0,0.0,0.0,0.009037416,0.00445473,0.0,0.0,0.0017304763,0.0016730259,0.0,0.0,0.0,0.0003002261,0.0,-0.024320967,-0.004948495,0.0059650247,-0.00048086626,0.0,0.0,-0.010064427,0.0,0.0,0.0,0.0030919474,0.0,0.0,0.0,0.002546725,0.0,0.0,0.0,0.0007393464,0.0004547168,-0.0028785923,0.0005547454,0.0,-0.0041338033,0.0,0.0,-0.0007002461,0.0,0.0,0.0,0.0023355791,-0.0026235373,0.0,0.0,0.0,0.0,0.0,0.005070609,0.0,0.0,0.0,0.0,0.0,-0.0006498745,0.0,0.0,-0.02589861,0.009349025,0.0003780842,0.0011501492,0.008070737,0.00054869946,0.0012676328,0.0,0.0,0.000613989,0.0,0.0,0.0,0.0,-0.004183079,0.0,0.0066821603,0.0,0.0,-0.0006181117,0.0,-0.006651384,0.0,0.0,0.00046012815,0.0013897421,0.0,0.0,0.007073776,0.0,-0.004161503,-2.4905106e-05,0.0,0.0,0.0,0.004583805,0.0,-0.004396762,-0.0031310462,0.0012992488,0.0,0.0012290016,0.0,-0.001037803
-0.4166861,0.36197117,-0.012207228,0.0,0.0,-0.07432147,-0.0060040117,-0.035760835,-0.009220165,0.0010329175,-0.0026886002,-0.017758522,-0.0065146997,-0.009207951,-0.0052028685,-0.01989919,-0.008394597,0.0038979729,0.000457234,-8.6259795e-05,0.0,-0.0030371887,0.05372785,-0.001329712,0.0,0.031333815,-0.18834177,-0.001105042,0.0146983275,0.03472362,-0.06488076,-0.0005865651,0.27578172,0.008002556,0.0016127753,-0.019787872,0.0,0.0,0.0,0.000830434,0.00073957763,0.0,0.0,0.0,0.0,0.0,0.0,0.0,0.0,0.0,0.016585669,0.0,0.0,0.00052051677,0.0,-0.000306557,-0.0010071129,-8.386171e-05,0.0,0.0,0.0,0.009037416,0.00445473,0.0,0.0,0.0017304763,0.0016730259,0.0,0.0,0.0,0.0003002261,0.0,-0.024320967,-0.004948495,0.0059650247,-0.00048086626,0.0,0.0,-0.010064427,0.0,0.0,0.0,0.0030919474,0.0,0.0,0.0,0.002546725,0.0,0.0,0.0,0.0007393464,0.0004547168,-0.0028785923,0.0005547454,0.0,-0.0041338033,0.0,0.0,-0.0007002461,0.0,0.0,0.0,0.0023355791,-0.0026235373,0.0,0.0,0.0,0.0,0.0,0.005070609,0.0,0.0,0.0,0.0,0.0,-0.0006498745,0.0,0.0,-0.02589861,0.009349025,0.0003780842,0.0011501492,0.008070737,0.00054869946,0.0012676328,0.0,0.0,0.000613989,0.0,0.0,0.0,0.0,-0.004183079,0.0,0.0066821603,0.0,0.0,-0.0006181117,0.0,-0.006651384,0.0,0.0,0.00046012815,0.0013897421,0.0,0.0,0.007073776,0.0,-0.004161503,-2.4905106e-05,0.0,0.0,0.0,0.004583805,0.0,-0.004396762,-0.0031310462,0.0012992488,0.0,0.0012290016,0.0,-0.001037803
-0.4166861,0.36197117,-0.012207228,0.0,0.0,-0.07432147,-0.0060040117,-0.035760835,-0.009220165,0.0010329175,-0.0026886002,-0.017758522,-0.0065146997,-0.009207951,-0.0052028685,-0.01989919,-0.008394597,0.0038979729,0.000457234,-8.6259795e-05,0.0,-0.0030371887,0.05372785,-0.001329712,0.0,0.031333815,-0.18834177,-0.001105042,0.0146983275,0.03472362,-0.06488076,-0.0005865651,0.27578172,0.008002556,0.0016127753,-0.019787872,0.0,0.0,0.0,0.000830434,0.00073957763,0.0,0.0,0.0,0.0,0.0,0.0,0.0,0.0,0.0,0.016585669,0.0,0.0,0.00052051677,0.0,-0.000306557,-0.0010071129,-8.386171e-05,0.0,0.0,0.0,0.009037416,0.00445473,0.0,0.0,0.0017304763,0.0016730259,0.0,0.0,0.0,0.0003002261,0.0,-0.024320967,-0.004948495,0.0059650247,-0.00048086626,0.0,0.0,-0.010064427,0.0,0.0,0.0,0.0030919474,0.0,0.0,0.0,0.002546725,0.0,0.0,0.0,0.0007393464,0.0004547168,-0.0028785923,0.0005547454,0.0,-0.0041338033,0.0,0.0,-0.0007002461,0.0,0.0,0.0,0.0023355791,-0.0026235373,0.0,0.0,0.0,0.0,0.0,0.005070609,0.0,0.0,0.0,0.0,0.0,-0.0006498745,0.0,0.0,-0.02589861,0.009349025,0.0003780842,0.0011501492,0.008070737,0.00054869946,0.0012676328,0.0,0.0,0.000613989,0.0,0.0,0.0,0.0,-0.004183079,0.0,0.0066821603,0.0,0.0,-0.0006181117,0.0,-0.006651384,0.0,0.0,0.00046012815,0.0013897421,0.0,0.0,0.007073776,0.0,-0.004161503,-2.4905106e-05,0.0,0.0,0.0,0.004583805,0.0,-0.004396762,-0.0031310462,0.0012992488,0.0,0.0012290016,0.0,-0.001037803
1.1134841,-0.25415006,-0.018077811,0.0,0.0,-0.058676925,-0.0026122406,-0.09291487,-0.009587312,0.0011514231,-0.0034096928,-0.012326485,-0.001303914,-0.00014598035,-0.005016234,-0.017697066,-0.0076073655,-0.00018316339,0.00023785852,-6.976255e-05,0.0,-0.0025488806,0.14494962,-0.0013708015,0.0,0.110230826,-0.06518676,0.007955053,0.048421416,0.07849666,-0.009394947,7.673273e-05,0.2189402,-0.016322019,0.0016346909,-0.03748151,0.0,0.0,0.0,0.0008241433,0.00074008567,0.0,0.0,0.0,0.0,0.0,0.0,0.0,0.0,0.0,0.013976751,0.0,0.0,0.0007937185,0.0,-0.0008068235,-0.001274747,-9.65379e-05,0.0,0.0,0.0,0.008284537,0.00445473,0.0,0.0,0.0009009025,0.0016685451,0.0,0.0,0.0,0.0015932496,0.0,-0.010023947,-0.004131097,0.005217421,-0.0004965415,0.0,0.0,-0.0046178764,0.0,0.0,0.0,0.0030836053,0.0,0.0,0.0,0.002546725,0.0,0.0,0.0,0.00033604202,0.0004547168,-0.0028212427,0.00056657323,0.0,-0.004134301,0.0,0.0,-0.0007002461,0.0,0.0,0.0,0.0018318833,-0.0026510486,0.0,0.0,0.0,0.0,0.0,0.005195787,0.0,0.0,0.0,0.0,0.0,-0.0006498745,0.0,0.0,-0.0076478003,0.008260512,0.0005246742,0.0011451362,0.008205013,0.00054869946,0.002688405,0.0,0.0,0.0006251752,0.0,0.0,0.0,0.0,-0.0038789683,0.0,0.0062858257,0.0,0.0,-0.00039360515,0.0,-0.0058703003,0.0,0.0,0.0004593142,0.0013897421,0.0,0.0,0.020125668,0.0,-0.0004221528,-2.4905106e-05,0.0,0.0,0.0,0.014981545,0.0,-0.004102204,-0.002941516,0.0012988659,0.0,0.0031135136,0.0,-0.0010287425
1.1134841,-0.25415006,-0.018077811,0.0,0.0,-0.058676925,-0.0026122406,-0.09291487,-0.009587312,0.0011514231,-0.0034096928,-0.012326485,-0.001303914,-0.00014598035,-0.005016234,-0.017697066,-0.0076073655,-0.00018316339,0.00023785852,-6.976255e-05,0.0,-0.0025488806,0.14494962,-0.0013708015,0.0,0.110230826,-0.06518676,0.007955053,0.048421416,0.07849666,-0.009394947,7.673273e-05,0.2189402,-0.016322019,0.0016346909,-0.03748151,0.0,0.0,0.0,0.0008241433,0.00074008567,0.0,0.0,0.0,0.0,0.0,0.0,0.0,0.0,0.0,0.013976751,0.0,0.0,0.0007937185,0.0,-0.0008068235,-0.001274747,-9.65379e-05,0.0,0.0,0.0,0.008284537,0.00445473,0.0,0.0,0.0009009025,0.0016685451,0.0,0.0,0.0,0.0015932496,0.0,-0.010023947,-0.004131097,0.005217421,-0.0004965415,0.0,0.0,-0.0046178764,0.0,0.0,0.0,0.0030836053,0.0,0.0,0.0,0.002546725,0.0,0.0,0.0,0.00033604202,0.0004547168,-0.0028212427,0.00056657323,0.0,-0.004134301,0.0,0.0,-0.0007002461,0.0,0.0,0.0,0.0018318833,-0.0026510486,0.0,0.0,0.0,0.0,0.0,0.005195787,0.0,0.0,0.0,0.0,0.0,-0.0006498745,0.0,0.0,-0.0076478003,0.008260512,0.0005246742,0.0011451362,0.008205013,0.00054869946,0.002688405,0.0,0.0,0.0006251752,0.0,0.0,0.0,0.0,-0.0038789683,0.0,0.0062858257,0.0,0.0,-0.00039360515,0.0,-0.0058703003,0.0,0.0,0.0004593142,0.0013897421,0.0,0.0,0.020125668,0.0,-0.0004221528,-2.4905106e-05,0.0,0.0,0.0,0.014981545,0.0,-0.004102204,-0.002941516,0.0012988659,0.0,0.0031135136,0.0,-0.0010287425
1.1134841,-0.25415006,-0.018077811,0.0,0.0,-0.058676925,-0.0026122406,-0.09291487,-0.009587312,0.0011514231,-0.0034096928,-0.012326485,-0.001303914,-0.00014598035,-0.005016234,-0.017697066,-0.0076073655,-0.00018316339,0.00023785852,-6.976255e-05,0.0,-0.0025488806,0.14494962,-0.0013708015,0.0,0.110230826,-0.06518676,0.007955053,0.048421416,0.07849666,-0.009394947,7.673273e-05,0.2189402,-0.016322019,0.0016346909,-0.03748151,0.0,0.0,0.0,0.0008241433,0.00074008567,0.0,0.0,0.0,0.0,0.0,0.0,0.0,0.0,0.0,0.013976751,0.0,0.0,0.0007937185,0.0,-0.0008068235,-0.001274747,-9.65379e-05,0.0,0.0,0.0,0.008284537,0.00445473,0.0,0.0,0.0009009025,0.0016685451,0.0,0.0,0.0,0.0015932496,0.0,-0.010023947,-0.004131097,0.005217421,-0.0004965415,0.0,0.0,-0.0046178764,0.0,0.0,0.0,0.0030836053,0.0,0.0,0.0,0.002546725,0.0,0.0,0.0,0.00033604202,0.0004547168,-0.0028212427,0.00056657323,0.0,-0.004134301,0.0,0.0,-0.0007002461,0.0,0.0,0.0,0.0018318833,-0.0026510486,0.0,0.0,0.0,0.0,0.0,0.005195787,0.0,0.0,0.0,0.0,0.0,-0.0006498745,0.0,0.0,-0.0076478003,0.008260512,0.0005246742,0.0011451362,0.008205013,0.00054869946,0.002688405,0.0,0.0,0.0006251752,0.0,0.0,0.0,0.0,-0.0038789683,0.0,0.0062858257,0.0,0.0,-0.00039360515,0.0,-0.0058703003,0.0,0.0,0.0004593142,0.0013897421,0.0,0.0,0.020125668,0.0,-0.0004221528,-2.4905106e-05,0.0,0.0,0.0,0.014981545,0.0,-0.004102204,-0.002941516,0.0012988659,0.0,0.0031135136,0.0,-0.0010287425
1.1134841,-0.25415006,-0.018077811,0.0,0.0,-0.058676925,-0.0026122406,-0.09291487,-0.009587312,0.0011514231,-0.0034096928,-0.012326485,-0.001303914,-0.00014598035,-0.005016234,-0.017697066,-0.0076073655,-0.00018316339,0.00023785852,-6.976255e-05,0.0,-0.0025488806,0.14494962,-0.0013708015,0.0,0.110230826,-0.06518676,0.007955053,0.048421416,0.07849666,-0.009394947,7.673273e-05,0.2189402,-0.016322019,0.0016346909,-0.03748151,0.0,0.0,0.0,0.0008241433,0.00074008567,0.0,0.0,0.0,0.0,0.0,0.0,0.0,0.0,0.0,0.013976751,0.0,0.0,0.0007937185,0.0,-0.0008068235,-0.001274747,-9.65379e-05,0.0,0.0,0.0,0.008284537,0.00445473,0.0,0.0,0.0009009025,0.0016685451,0.0,0.0,0.0,0.0015932496,0.0,-0.010023947,-0.004131097,0.005217421,-0.0004965415,0.0,0.0,-0.0046178764,0.0,0.0,0.0,0.0030836053,0.0,0.0,0.0,0.002546725,0.0,0.0,0.0,0.00033604202,0.0004547168,-0.0028212427,0.00056657323,0.0,-0.004134301,0.0,0.0,-0.0007002461,0.0,0.0,0.0,0.0018318833,-0.0026510486,0.0,0.0,0.0,0.0,0.0,0.005195787,0.0,0.0,0.0,0.0,0.0,-0.0006498745,0.0,0.0,-0.0076478003,0.008260512,0.0005246742,0.0011451362,0.008205013,0.00054869946,0.002688405,0.0,0.0,0.0006251752,0.0,0.0,0.0,0.0,-0.0038789683,0.0,0.0062858257,0.0,0.0,-0.00039360515,0.0,-0.0058703003,0.0,0.0,0.0004593142,0.0013897421,0.0,0.0,0.020125668,0.0,-0.0004221528,-2.4905106e-05,0.0,0.0,0.0,0.014981545,0.0,-0.004102204,-0.002941516,0.0012988659,0.0,0.0031135136,0.0,-0.0010287425
1.1134841,-0.25415006,-0.018077811,0.0,0.0,-0.058676925,-0.0026122406,-0.09291487,-0.009587312,0.0011514231,-0.0034096928,-0.012326485,-0.001303914,-0.00014598035,-0.005016234,-0.017697066,-0.0076073655,-0.00018316339,0.00023785852,-6.976255e-05,0.0,-0.0025488806,0.14494962,-0.0013708015,0.0,0.110230826,-0.06518676,0.007955053,0.048421416,0.07849666,-0.009394947,7.673273e-05,0.2189402,-0.016322019,0.0016346909,-0.03748151,0.0,0.0,0.0,0.0008241433,0.00074008567,0.0,0.0,0.0,0.0,0.0,0.0,0.0,0.0,0.0,0.013976751,0.0,0.0,0.0007937185,0.0,-0.0008068235,-0.001274747,-9.65379e-05,0.0,0.0,0.0,0.008284537,0.00445473,0.0,0.0,0.0009009025,0.0016685451,0.0,0.0,0.0,0.0015932496,0.0,-0.010023947,-0.004131097,0.005217421,-0.0004965415,0.0,0.0,-0.0046178764,0.0,0.0,0.0,0.0030836053,0.0,0.0,0.0,0.002546725,0.0,0.0,0.0,0.00033604202,0.0004547168,-0.0028212427,0.00056657323,0.0,-0.004134301,0.0,0.0,-0.0007002461,0.0,0.0,0.0,0.0018318833,-0.0026510486,0.0,0.0,0.0,0.0,0.0,0.005195787,0.0,0.0,0.0,0.0,0.0,-0.0006498745,0.0,0.0,-0.0076478003,0.008260512,0.0005246742,0.0011451362,0.008205013,0.00054869946,0.002688405,0.0,0.0,0.0006251752,0.0,0.0,0.0,0.0,-0.0038789683,0.0,0.0062858257,0.0,0.0,-0.00039360515,0.0,-0.0058703003,0.0,0.0,0.0004593142,0.0013897421,0.0,0.0,0.020125668,0.0,-0.0004221528,-2.4905106e-05,0.0,0.0,0.0,0.014981545,0.0,-0.004102204,-0.002941516,0.0012988659,0.0,0.0031135136,0.0,-0.0010287425
0.51920605,-0.10207189,0.23660758,0.0,0.0,0.028736118,-0.003515876,0.07859026,-0.00093087135,-0.034054387,-0.002916312,-0.031387135,-0.008111636,-0.02414178,0.05839566,-0.018638037,-0.008309894,-0.0030418711,0.00023785852,-8.6259795e-05,0.0,-0.0015803919,0.099269986,-0.0015059252,0.0,0.05621849,0.1723959,0.056400698,0.051897388,-0.11536095,-0.013707168,0.0007860762,-0.1840152,0.006701865,-0.005463352,-0.020072171,0.0,0.0,0.0,0.0008184723,0.0007295319,0.0,0.0,0.0,0.0,0.0,0.0,0.0,0.0,0.0,0.0099536255,0.0,0.0,0.0007666311,0.0,-0.00041082405,-0.0012760517,-6.864329e-05,0.0,0.0,0.0,0.008130257,0.0026332287,0.0,0.0,0.00083279324,0.0016668931,0.0,0.0,0.0,0.0015840513,0.0,-0.014719853,-0.004345314,0.00926111,-0.00019930661,0.0,0.0,-0.0040166522,0.0,0.0,0.0,0.00210212,0.0,0.0,0.0,0.0037984115,0.0,0.0,0.0,0.0007393464,0.000529852,-0.0028209875,0.00060272164,0.0,-0.003978433,0.0,0.0,-0.0007002461,0.0,0.0,0.0,0.0018318833,-0.0026510486,0.0,0.0,0.0,0.0,0.0,0.006092689,0.0,0.0,0.0,0.0,0.0,-0.00025024655,0.0,0.0,-0.011211791,0.008668906,0.0010298891,0.0011072231,0.008060243,0.00032259544,0.0026910184,0.0,0.0,0.00059763854,0.0,0.0,0.0,0.0,-0.0038765946,0.0,0.0022571587,0.0,0.0,-0.00024264962,0.0,-0.0021064053,0.0,0.0,0.00046422443,0.0013897421,0.0,0.0,0.010747553,0.0,-0.0004221528,-1.5875548e-05,0.0,0.0,0.0,-0.4589688,0.0,-0.0044346564,-0.0032853812,0.001325127,0.0,0.003099031,0.0,-0.0010660683
-0.13125901,-0.38323572,-0.0106301755,0.0,0.0,-0.024110153,-0.006148014,-0.023601247,-0.011067893,0.001076167,0.09406923,0.019780826,-0.015522189,0.040322643,-0.0066908444,-0.014982801,-0.00084988464,0.0049776,-0.061731864,-5.672287e-05,0.0,-0.26366475,-0.16642846,-0.0014847243,0.0,-0.15055415,-0.073738575,0.018344969,-0.0032016225,0.038305704,0.102052614,0.0017721382,-0.20737764,-0.00015937194,0.0012375005,-0.018742498,0.0,0.0,0.0,0.0008187729,-0.60609066,0.0,0.0,0.0,0.0,0.0,0.0,0.0,0.0,0.0,0.01421479,0.0,0.0,0.00046822935,0.0,-0.000584473,-0.0013476395,-8.386171e-05,0.0,0.0,0.0,0.0081740925,0.006426105,0.0,0.0,0.001203128,0.0016055482,0.0,0.0,0.0,0.0014809289,0.0,-0.026922988,-0.0032351634,0.0029289497,-0.000493905,0.0,0.0,-0.009699962,0.0,0.0,0.0,0.0029921364,0.0,0.0,0.0,0.0019992297,0.0,0.0,0.0,0.0007393464,0.0004547168,-0.0029974037,0.00056657323,0.0,-0.004399986,0.0,0.0,-0.00053234067,0.0,0.0,0.0,0.0007940588,-0.0029253857,0.0,0.0,0.0,0.0,0.0,0.002416978,0.0,0.0,0.0,0.0,0.0,-0.0004662301,0.0,0.0,-0.021496994,0.009279511,0.0003739716,0.0010831362,0.01353783,0.00054869946,0.0026268535,0.0,0.0,0.00062271394,0.0,0.0,0.0,0.0,-0.0039904816,0.0,0.0040725213,0.0,0.0,-0.0003949597,0.0,-0.002411574,0.0,0.0,0.00045863978,0.0006262464,0.0,0.0,0.005760699,0.0,-0.0004221528,-2.4905106e-05,0.0,0.0,0.0,0.0036186844,0.0,-0.0030349563,-0.002860357,0.0012653816,0.0,0.0031899416,0.0,-0.00079756905
-0.8886633,0.463821,-0.008085243,0.0,0.0,-0.024470279,-0.0025012887,0.01789003,-0.024736058,0.00096739084,0.005482916,-0.088328555,-0.8546253,-0.006993145,-0.0052802027,-0.022471506,-0.0037212018,0.0037074464,-0.007144997,-9.2350194e-05,0.0,-0.0020032516,0.053291406,-0.0013447826,0.0,0.16687992,-0.28600967,-0.054396298,-0.17945161,0.021429801,0.07698074,0.001246,0.175876,0.00645387,0.0044338647,0.013967292,0.0,0.0,0.0,0.0008304562,0.00073100853,0.0,0.0,0.0,0.0,0.0,0.0,0.0,0.0,0.0,0.016938953,0.0,0.0,0.0002619418,0.0,-0.000584473,-0.0010076308,-0.00034986454,0.0,0.0,0.0,0.008750154,0.0039298674,0.0,0.0,0.00581285,0.0016681058,0.0,0.0,0.0,0.00016088378,0.0,-0.03123565,-0.002406675,0.006007118,-1.9923942e-05,0.0,0.0,-0.009073998,0.0,0.0,0.0,0.0005638129,0.0,0.0,0.0,0.002291437,0.0,0.0,0.0,0.0007393464,0.0004547168,-0.0031928401,0.0014656038,0.0,-0.004134872,0.0,0.0,-0.00033594854,0.0,0.0,0.0,-0.30681378,-0.0026235373,0.0,0.0,0.0,0.0,0.0,0.0053389925,0.0,0.0,0.0,0.0,0.0,-0.0006498745,0.0,0.0,-0.025607621,0.003988158,0.00037078466,0.0011329439,0.0068103904,0.00054869946,0.0012754344,0.0,0.0,0.00059831893,0.0,0.0,0.0,0.0,-0.0037358045,0.0,0.0026539671,0.0,0.0,-0.0006181117,0.0,-0.006651384,0.0,0.0,0.0004596248,0.0013897421,0.0,0.0,0.0055496297,0.0,-0.001038024,-2.4905106e-05,0.0,0.0,0.0,0.0054123774,0.0,-0.0060857707,-0.0054664724,0.001379857,0.0,0.0012479018,0.0,-0.0010282814
-0.8886633,0.463821,-0.008085243,0.0,0.0,-0.024470279,-0.0025012887,0.01789003,-0.024736058,0.00096739084,0.005482916,-0.088328555,-0.8546253,-0.006993145,-0.0052802027,-0.022471506,-0.0037212018,0.0037074464,-0.007144997,-9.2350194e-05,0.0,-0.0020032516,0.053291406,-0.0013447826,0.0,0.16687992,-0.28600967,-0.054396298,-0.17945161,0.021429801,0.07698074,0.001246,0.175876,0.00645387,0.0044338647,0.013967292,0.0,0.0,0.0,0.0008304562,0.00073100853,0.0,0.0,0.0,0.0,0.0,0.0,0.0,0.0,0.0,0.016938953,0.0,0.0,0.0002619418,0.0,-0.000584473,-0.0010076308,-0.00034986454,0.0,0.0,0.0,0.008750154,0.0039298674,0.0,0.0,0.00581285,0.0016681058,0.0,0.0,0.0,0.00016088378,0.0,-0.03123565,-0.002406675,0.006007118,-1.9923942e-05,0.0,0.0,-0.009073998,0.0,0.0,0.0,0.0005638129,0.0,0.0,0.0,0.002291437,0.0,0.0,0.0,0.0007393464,0.0004547168,-0.0031928401,0.0014656038,0.0,-0.004134872,0.0,0.0,-0.00033594854,0.0,0.0,0.0,-0.30681378,-0.0026235373,0.0,0.0,0.0,0.0,0.0,0.0053389925,0.0,0.0,0.0,0.0,0.0,-0.0006498745,0.0,0.0,-0.025607621,0.003988158,0.00037078466,0.0011329439,0.0068103904,0.00054869946,0.0012754344,0.0,0.0,0.00059831893,0.0,0.0,0.0,0.0,-0.0037358045,0.0,0.0026539671,0.0,0.0,-0.0006181117,0.0,-0.006651384,0.0,0.0,0.0004596248,0.0013897421,0.0,0.0,0.0055496297,0.0,-0.001038024,-2.4905106e-05,0.0,0.0,0.0,0.0054123774,0.0,-0.0060857707,-0.0054664724,0.001379857,0.0,0.0012479018,0.0,-0.0010282814
-0.8886633,0.463821,-0.008085243,0.0,0.0,-0.024470279,-0.0025012887,0.01789003,-0.024736058,0.00096739084,0.005482916,-0.088328555,-0.8546253,-0.006993145,-0.0052802027,-0.022471506,-0.0037212018,0.0037074464,-0.007144997,-9.2350194e-05,0.0,-0.0020032516,0.053291406,-0.0013447826,0.0,0.16687992,-0.28600967,-0.054396298,-0.17945161,0.021429801,0.07698074,0.001246,0.175876,0.00645387,0.0044338647,0.013967292,0.0,0.0,0.0,0.0008304562,0.00073100853,0.0,0.0,0.0,0.0,0.0,0.0,0.0,0.0,0.0,0.016938953,0.0,0.0,0.0002619418,0.0,-0.000584473,-0.0010076308,-0.00034986454,0.0,0.0,0.0,0.008750154,0.0039298674,0.0,0.0,0.00581285,0.0016681058,0.0,0.0,0.0,0.00016088378,0.0,-0.03123565,-0.002406675,0.006007118,-1.9923942e-05,0.0,0.0,-0.009073998,0.0,0.0,0.0,0.0005638129,0.0,0.0,0.0,0.002291437,0.0,0.0,0.0,0.0007393464,0.0004547168,-0.0031928401,0.0014656038,0.0,-0.004134872,0.0,0.0,-0.00033594854,0.0,0.0,0.0,-0.30681378,-0.0026235373,0.0,0.0,0.0,0.0,0.0,0.0053389925,0.0,0.0,0.0,0.0,0.0,-0.0006498745,0.0,0.0,-0.025607621,0.003988158,0.00037078466,0.0011329439,0.0068103904,0.00054869946,0.0012754344,0.0,0.0,0.00059831893,0.0,0.0,0.0,0.0,-0.0037358045,0.0,0.0026539671,0.0,0.0,-0.0006181117,0.0,-0.006651384,0.0,0.0,0.0004596248,0.0013897421,0.0,0.0,0.0055496297,0.0,-0.001038024,-2.4905106e-05,0.0,0.0,0.0,0.0054123774,0.0,-0.0060857707,-0.0054664724,0.001379857,0.0,0.0012479018,0.0,-0.0010282814
-0.8886633,0.463821,-0.008085243,0.0,0.0,-0.024470279,-0.0025012887,0.01789003,-0.024736058,0.00096739084,0.005482916,-0.088328555,-0.8546253,-0.006993145,-0.0052802027,-0.022471506,-0.0037212018,0.0037074464,-0.007144997,-9.2350194e-05,0.0,-0.0020032516,0.053291406,-0.0013447826,0.0,0.16687992,-0.28600967,-0.054396298,-0.17945161,0.021429801,0.07698074,0.001246,0.175876,0.00645387,0.0044338647,0.013967292,0.0,0.0,0.0,0.0008304562,0.00073100853,0.0,0.0,0.0,0.0,0.0,0.0,0.0,0.0,0.0,0.016938953,0.0,0.0,0.0002619418,0.0,-0.000584473,-0.0010076308,-0.00034986454,0.0,0.0,0.0,0.008750154,0.0039298674,0.0,0.0,0.00581285,0.0016681058,0.0,0.0,0.0,0.00016088378,0.0,-0.03123565,-0.002406675,0.006007118,-1.9923942e-05,0.0,0.0,-0.009073998,0.0,0.0,0.0,0.0005638129,0.0,0.0,0.0,0.002291437,0.0,0.0,0.0,0.0007393464,0.0004547168,-0.0031928401,0.0014656038,0.0,-0.004134872,0.0,0.0,-0.00033594854,0.0,0.0,0.0,-0.30681378,-0.0026235373,0.0,0.0,0.0,0.0,0.0,0.0053389925,0.0,0.0,0.0,0.0,0.0,-0.0006498745,0.0,0.0,-0.025607621,0.003988158,0.00037078466,0.0011329439,0.0068103904,0.00054869946,0.0012754344,0.0,0.0,0.00059831893,0.0,0.0,0.0,0.0,-0.0037358045,0.0,0.0026539671,0.0,0.0,-0.0006181117,0.0,-0.006651384,0.0,0.0,0.0004596248,0.0013897421,0.0,0.0,0.0055496297,0.0,-0.001038024,-2.4905106e-05,0.0,0.0,0.0,0.0054123774,0.0,-0.0060857707,-0.0054664724,0.001379857,0.0,0.0012479018,0.0,-0.0010282814
-0.8886633,0.463821,-0.008085243,0.0,0.0,-0.024470279,-0.0025012887,0.01789003,-0.024736058,0.00096739084,0.005482916,-0.088328555,-0.8546253,-0.006993145,-0.0052802027,-0.022471506,-0.0037212018,0.0037074464,-0.007144997,-9.2350194e-05,0.0,-0.0020032516,0.053291406,-0.0013447826,0.0,0.16687992,-0.28600967,-0.054396298,-0.17945161,0.021429801,0.07698074,0.001246,0.175876,0.00645387,0.0044338647,0.013967292,0.0,0.0,0.0,0.0008304562,0.00073100853,0.0,0.0,0.0,0.0,0.0,0.0,0.0,0.0,0.0,0.016938953,0.0,0.0,0.0002619418,0.0,-0.000584473,-0.0010076308,-0.00034986454,0.0,0.0,0.0,0.008750154,0.0039298674,0.0,0.0,0.00581285,0.0016681058,0.0,0.0,0.0,0.00016088378,0.0,-0.03123565,-0.002406675,0.006007118,-1.9923942e-05,0.0,0.0,-0.009073998,0.0,0.0,0.0,0.0005638129,0.0,0.0,0.0,0.002291437,0.0,0.0,0.0,0.0007393464,0.0004547168,-0.0031928401,0.0014656038,0.0,-0.004134872,0.0,0.0,-0.00033594854,0.0,0.0,0.0,-0.30681378,-0.0026235373,0.0,0.0,0.0,0.0,0.0,0.0053389925,0.0,0.0,0.0,0.0,0.0,-0.0006498745,0.0,0.0,-0.025607621,0.003988158,0.00037078466,0.0011329439,0.0068103904,0.00054869946,0.0012754344,0.0,0.0,0.00059831893,0.0,0.0,0.0,0.0,-0.0037358045,0.0,0.0026539671,0.0,0.0,-0.0006181117,0.0,-0.006651384,0.0,0.0,0.0004596248,0.0013897421,0.0,0.0,0.0055496297,0.0,-0.001038024,-2.4905106e-05,0.0,0.0,0.0,0.0054123774,0.0,-0.0060857707,-0.0054664724,0.001379857,0.0,0.0012479018,0.0,-0.0010282814
-0.6283983,0.44083816,-0.0662436,0.0,0.0,-0.025595274,-0.006322433,0.033128913,-0.008439346,0.0010329175,-0.0047998717,-0.046485487,-0.005220627,-0.008788823,-0.0059341625,-0.020761158,-0.008368258,0.0038954492,-0.007144997,-9.2350194e-05,0.0,0.0011312307,0.058710545,-0.0013380597,0.0,0.17930949,0.028051212,0.01609457,0.014542699,0.010346904,0.07600811,0.0019964955,0.2870771,-0.00056571164,0.0016127753,0.0018941495,0.0,0.0,0.0,0.00083044363,0.00073162053,0.0,0.0,0.0,0.0,0.0,0.0,0.0,0.0,0.0,0.0187977,0.0,0.0,0.0007439959,0.0,-0.000584473,-0.001007529,-6.864329e-05,0.0,0.0,0.0,0.0090477895,0.0039298674,0.0,0.0,0.0020093769,0.0016691353,0.0,0.0,0.0,0.00016018648,0.0,-0.028883848,-0.00357098,0.0059650247,-0.00020735264,0.0,0.0,-0.009036994,0.0,0.0,0.0,0.0032460128,0.0,0.0,0.0,0.002291437,0.0,0.0,0.0,0.0007393464,0.0004547168,-0.002940234,0.00056657323,0.0,-0.004134259,0.0,0.0,-0.0007002461,0.0,0.0,0.0,-0.22868422,-0.0026235373,0.0,0.0,0.0,0.0,0.0,0.005534531,0.0,0.0,0.0,0.0,0.0,-0.0006498745,0.0,0.0,-0.028734157,0.009127207,0.0005885987,0.0011330114,0.008265867,0.00054869946,0.0012693395,0.0,0.0,0.0006007621,0.0,0.0,0.0,0.0,-0.0042228764,0.0,0.002655194,0.0,0.0,-0.0006181117,0.0,-0.006651384,0.0,0.0,0.0004596248,0.0013897421,0.0,0.0,0.0076949997,0.0,-0.004161503,-2.4905106e-05,0.0,0.0,0.0,0.004583805,0.0,-0.0046809004,-0.0029742222,0.0013150502,0.0,0.0015686959,0.0,-0.0010383244
-0.39354476,0.3689292,-0.14489086,0.0,0.0,0.03131314,-0.00630972,-0.025816284,-0.0014257666,0.0010329175,0.0064645656,-0.014424569,-0.007931243,-0.009229552,-0.0059001297,-0.015076958,-0.008394335,0.004377009,0.000457234,-9.2350194e-05,0.0,-0.0016116975,0.04835748,-0.0013380597,0.0,0.03048105,0.11011532,0.0056266463,0.023183174,0.033013005,-0.09056086,9.634366e-05,0.20649818,-0.00056571164,0.0040118317,-0.12687507,0.0,0.0,0.0,0.0008301694,0.00074229843,0.0,0.0,0.0,0.0,0.0,0.0,0.0,0.0,0.0,0.016531663,0.0,0.0,0.0006772309,0.0,-0.00020665546,-0.0010084175,-8.386171e-05,0.0,0.0,0.0,0.009056548,0.0037879604,0.0,0.0,0.00083789136,0.0016788453,0.0,0.0,0.0,0.0003439963,0.0,-0.0323081,-0.0048768586,0.0110407015,-0.00019940411,0.0,0.0,-0.004924838,0.0,0.0,0.0,0.0031746218,0.0,0.0,0.0,0.0039126268,0.0,0.0,0.0,0.0007393464,0.0004547168,-0.0028791016,0.00056657323,0.0,-0.003984987,0.0,0.0,-0.0007002461,0.0,0.0,0.0,0.0018318833,-0.0026235373,0.0,0.0,0.0,0.0,0.0,0.005366667,0.0,0.0,0.0,0.0,0.0,-0.00025024655,0.0,0.0,-0.031672843,0.009367763,0.0010298891,0.0011500812,0.008185127,0.00032259544,0.0013066436,0.0,0.0,0.0006139429,0.0,0.0,0.0,0.0,-0.0042967433,0.0,0.0035222406,0.0,0.0,-0.00046715618,0.0,-0.006153335,0.0,0.0,0.00046012815,0.0013897421,0.0,0.0,0.00768396,0.0,0.010266475,-2.4905106e-05,0.0,0.0,0.0,0.004290336,0.0,-0.004589186,-0.0029714247,0.0013264674,0.0,0.0031061296,0.0,-0.0010345427
-0.39354476,0.3689292,-0.14489086,0.0,0.0,0.03131314,-0.00630972,-0.025816284,-0.0014257666,0.0010329175,0.0064645656,-0.014424569,-0.007931243,-0.009229552,-0.0059001297,-0.015076958,-0.008394335,0.004377009,0.000457234,-9.2350194e-05,0.0,-0.0016116975,0.04835748,-0.0013380597,0.0,0.03048105,0.11011532,0.0056266463,0.023183174,0.033013005,-0.09056086,9.634366e-05,0.20649818,-0.00056571164,0.0040118317,-0.12687507,0.0,0.0,0.0,0.0008301694,0.00074229843,0.0,0.0,0.0,0.0,0.0,0.0,0.0,0.0,0.0,0.016531663,0.0,0.0,0.0006772309,0.0,-0.00020665546,-0.0010084175,-8.386171e-05,0.0,0.0,0.0,0.009056548,0.0037879604,0.0,0.0,0.00083789136,0.0016788453,0.0,0.0,0.0,0.0003439963,0.0,-0.0323081,-0.0048768586,0.0110407015,-0.00019940411,0.0,0.0,-0.004924838,0.0,0.0,0.0,0.0031746218,0.0,0.0,0.0,0.0039126268,0.0,0.0,0.0,0.0007393464,0.0004547168,-0.0028791016,0.00056657323,0.0,-0.003984987,0.0,0.0,-0.0007002461,0.0,0.0,0.0,0.0018318833,-0.0026235373,0.0,0.0,0.0,0.0,0.0,0.005366667,0.0,0.0,0.0,0.0,0.0,-0.00025024655,0.0,0.0,-0.031672843,0.009367763,0.0010298891,0.0011500812,0.008185127,0.00032259544,0.0013066436,0.0,0.0,0.0006139429,0.0,0.0,0.0,0.0,-0.0042967433,0.0,0.0035222406,0.0,0.0,-0.00046715618,0.0,-0.006153335,0.0,0.0,0.00046012815,0.0013897421,0.0,0.0,0.00768396,0.0,0.010266475,-2.4905106e-05,0.0,0.0,0.0,0.004290336,0.0,-0.004589186,-0.0029714247,0.0013264674,0.0,0.0031061296,0.0,-0.0010345427
-0.39354476,0.3689292,-0.14489086,0.0,0.0,0.03131314,-0.00630972,-0.025816284,-0.0014257666,0.0010329175,0.0064645656,-0.014424569,-0.007931243,-0.009229552,-0.0059001297,-0.015076958,-0.008394335,0.004377009,0.000457234,-9.2350194e-05,0.0,-0.0016116975,0.04835748,-0.0013380597,0.0,0.03048105,0.11011532,0.0056266463,0.023183174,0.033013005,-0.09056086,9.634366e-05,0.20649818,-0.00056571164,0.0040118317,-0.12687507,0.0,0.0,0.0,0.0008301694,0.00074229843,0.0,0.0,0.0,0.0,0.0,0.0,0.0,0.0,0.0,0.016531663,0.0,0.0,0.0006772309,0.0,-0.00020665546,-0.0010084175,-8.386171e-05,0.0,0.0,0.0,0.009056548,0.0037879604,0.0,0.0,0.00083789136,0.0016788453,0.0,0.0,0.0,0.0003439963,0.0,-0.0323081,-0.0048768586,0.0110407015,-0.00019940411,0.0,0.0,-0.004924838,0.0,0.0,0.0,0.0031746218,0.0,0.0,0.0,0.0039126268,0.0,0.0,0.0,0.0007393464,0.0004547168,-0.0028791016,0.00056657323,0.0,-0.003984987,0.0,0.0,-0.0007002461,0.0,0.0,0.0,0.0018318833,-0.0026235373,0.0,0.0,0.0,0.0,0.0,0.005366667,0.0,0.0,0.0,0.0,0.0,-0.00025024655,0.0,0.0,-0.031672843,0.009367763,0.0010298891,0.0011500812,0.008185127,0.00032259544,0.0013066436,0.0,0.0,0.0006139429,0.0,0.0,0.0,0.0,-0.0042967433,0.0,0.0035222406,0.0,0.0,-0.00046715618,0.0,-0.006153335,0.0,0.0,0.00046012815,0.0013897421,0.0,0.0,0.00768396,0.0,0.010266475,-2.4905106e-05,0.0,0.0,0.0,0.004290336,0.0,-0.004589186,-0.0029714247,0.0013264674,0.0,0.0031061296,0.0,-0.0010345427
-0.39354476,0.3689292,-0.14489086,0.0,0.0,0.03131314,-0.00630972,-0.025816284,-0.0014257666,0.0010329175,0.0064645656,-0.014424569,-0.007931243,-0.009229552,-0.0059001297,-0.015076958,-0.008394335,0.004377009,0.000457234,-9.2350194e-05,0.0,-0.0016116975,0.04835748,-0.0013380597,0.0,0.03048105,0.11011532,0.0056266463,0.023183174,0.033013005,-0.09056086,9.634366e-05,0.20649818,-0.00056571164,0.0040118317,-0.12687507,0.0,0.0,0.0,0.0008301694,0.00074229843,0.0,0.0,0.0,0.0,0.0,0.0,0.0,0.0,0.0,0.016531663,0.0,0.0,0.0006772309,0.0,-0.00020665546,-0.0010084175,-8.386171e-05,0.0,0.0,0.0,0.009056548,0.0037879604,0.0,0.0,0.00083789136,0.0016788453,0.0,0.0,0.0,0.0003439963,0.0,-0.0323081,-0.0048768586,0.0110407015,-0.00019940411,0.0,0.0,-0.004924838,0.0,0.0,0.0,0.0031746218,0.0,0.0,0.0,0.0039126268,0.0,0.0,0.0,0.0007393464,0.0004547168,-0.0028791016,0.00056657323,0.0,-0.003984987,0.0,0.0,-0.0007002461,0.0,0.0,0.0,0.0018318833,-0.0026235373,0.0,0.0,0.0,0.0,0.0,0.005366667,0.0,0.0,0.0,0.0,0.0,-0.00025024655,0.0,0.0,-0.031672843,0.009367763,0.0010298891,0.0011500812,0.008185127,0.00032259544,0.0013066436,0.0,0.0,0.0006139429,0.0,0.0,0.0,0.0,-0.0042967433,0.0,0.0035222406,0.0,0.0,-0.00046715618,0.0,-0.006153335,0.0,0.0,0.00046012815,0.0013897421,0.0,0.0,0.00768396,0.0,0.010266475,-2.4905106e-05,0.0,0.0,0.0,0.004290336,0.0,-0.004589186,-0.0029714247,0.0013264674,0.0,0.0031061296,0.0,-0.0010345427
-0.42681107,0.37703475,-0.14113024,0.0,0.0,0.029816397,-0.006280914,-0.025816284,0.0018115579,0.0010329175,0.007341966,-0.004523679,-0.007591997,-0.009204071,-0.0056744223,-0.018141458,-0.007991465,0.0045556584,0.000457234,-9.2350194e-05,0.0,-0.0027955482,0.046684034,-0.001329712,0.0,0.034629397,0.094635256,0.0060988246,0.0021427942,0.036608692,0.05446189,0.00018283186,0.23714139,-0.00056571164,0.0040118317,0.010033835,0.0,0.0,0.0,0.0008301694,0.0007402088,0.0,0.0,0.0,0.0,0.0,0.0,0.0,0.0,0.0,0.01670596,0.0,0.0,0.0006772309,0.0,-0.000306557,-0.0010071129,-8.386171e-05,0.0,0.0,0.0,0.009053663,0.0043128226,0.0,0.0,0.00089459185,0.0016792917,0.0,0.0,0.0,0.00034941235,0.0,-0.02936277,-0.004865114,0.010961709,-0.00049648195,0.0,0.0,-0.010039082,0.0,0.0,0.0,0.0031900506,0.0,0.0,0.0,0.0039126268,0.0,0.0,0.0,0.0007393464,0.0004547168,-0.0028791016,0.00056657323,0.0,-0.0039845314,0.0,0.0,-0.0007002461,0.0,0.0,0.0,0.0018318833,-0.0026235373,0.0,0.0,0.0,0.0,0.0,0.005355253,0.0,0.0,0.0,0.0,0.0,-0.0006498745,0.0,0.0,-0.028547164,0.009459399,0.0010298891,0.0011499897,0.0082767615,0.00032259544,0.0013126981,0.0,0.0,0.00060842495,0.0,0.0,0.0,0.0,-0.004293182,0.0,0.0067606536,0.0,0.0,-0.0006181117,0.0,-0.006651384,0.0,0.0,0.00046012815,0.0013897421,0.0,0.0,0.0076949997,0.0,0.010266475,-2.4905106e-05,0.0,0.0,0.0,0.0051449165,0.0,-0.004591664,-0.0029717388,0.0013295319,0.0,0.0031218843,0.0,-0.0010346145
-0.5237705,-0.06631919,-0.00784361,0.0,0.0,-0.02589453,-0.0050049447,-0.021570198,-0.010690481,0.00093416625,-0.05519252,-0.016417399,-0.0084151365,-0.02381925,-0.0017479421,0.041347902,-0.005846887,0.0041660294,0.00041436517,-8.417874e-05,0.0,0.0017229929,0.054541774,-0.001329712,0.0,0.03503976,-0.1643537,0.23261373,-0.010808908,0.014941084,0.07355096,0.0143057415,0.07686299,0.00645387,0.0013176774,-0.00030241985,0.0,0.0,0.0,0.000764947,0.0007199829,0.0,0.0,0.0,0.0,0.0,0.0,0.0,0.0,0.0,0.017218305,0.0,0.0,0.00056525005,0.0,-0.000306557,-0.0010072148,-0.00034986454,0.0,0.0,0.0,0.007067335,0.00445473,0.0,0.0,0.0010248144,0.0016334258,0.0,0.0,0.0,0.0016272864,0.0,-0.030740237,-0.0020944064,-0.6472205,-0.00052094104,0.0,0.0,-0.009935263,0.0,0.0,0.0,0.003242321,0.0,0.0,0.0,0.0018287984,0.0,0.0,0.0,0.0007393464,0.0004547168,-0.0028793567,0.00051831314,0.0,-0.0041331337,0.0,0.0,-0.0007002461,0.0,0.0,0.0,0.002674623,-0.0029253857,0.0,0.0,0.0,0.0,0.0,0.0057846485,0.0,0.0,0.0,0.0,0.0,-0.0006498745,0.0,0.0,-0.024780722,0.008788342,0.0005246742,0.001149862,0.0051107416,0.00054869946,0.0026633893,0.0,0.0,0.00061031914,0.0,0.0,0.0,0.0,-0.0039519123,0.0,0.0067554973,0.0,0.0,-0.0006181117,0.0,-0.0061441073,0.0,0.0,0.00046012815,0.0008594876,0.0,0.0,0.006740084,0.0,-0.0002931117,-2.4905106e-05,0.0,0.0,0.0,0.0053290627,0.0,-0.0044437433,-0.002561684,0.0013143105,0.0,0.003035348,0.0,-0.0010322212
-0.6359044,0.27145976,-0.013850074,0.0,0.0,-0.022324039,-0.0029579597,0.008206013,-0.010648809,0.0010329175,-0.034271985,-0.011143547,-0.8459099,-0.007689539,-0.005260019,-0.020243099,-0.005512946,0.0038979729,0.000457234,-8.6259795e-05,0.0,0.0008670695,0.05768902,-0.0013408078,0.0,-0.022223808,-0.16424154,0.009910069,-9.5188385e-05,0.016033137,0.07409668,0.019081209,0.19565257,0.008002556,0.0050288863,-0.006886733,0.0,0.0,0.0,0.0008304562,0.0007357139,0.0,0.0,0.0,0.0,0.0,0.0,0.0,0.0,0.0,0.018842395,0.0,0.0,0.0006374509,0.0,-0.000584473,-0.0010071129,-8.386171e-05,0.0,0.0,0.0,0.008800224,0.00445473,0.0,0.0,0.004638548,0.0016755831,0.0,0.0,0.0,0.0003082622,0.0,-0.0254484,-0.0039096386,0.0060325693,-0.00011134996,0.0,0.0,-0.008086438,0.0,0.0,0.0,0.00056042813,0.0,0.0,0.0,0.0022550707,0.0,0.0,0.0,0.0007393464,0.0004547168,-0.0031311985,0.0006180763,0.0,-0.004134416,0.0,0.0,-0.00033594854,0.0,0.0,0.0,0.0016367983,-0.0026235373,0.0,0.0,0.0,0.0,0.0,0.0050631426,0.0,0.0,0.0,0.0,0.0,-0.0006498745,0.0,0.0,-0.02543527,0.0045641446,0.0005246742,0.0011500337,0.0071225083,0.00054869946,0.0012941167,0.0,0.0,0.00061154587,0.0,0.0,0.0,0.0,-0.004296722,0.0,0.0061398437,0.0,0.0,-0.0006181117,0.0,-0.006651384,0.0,0.0,0.0004596248,0.0013897421,0.0,0.0,0.004845602,0.0,-0.0027223225,-2.4905106e-05,0.0,0.0,0.0,0.0051449165,0.0,-0.0058884355,-0.0031216277,0.0014075926,0.0,0.0015674945,0.0,-0.0010323331
-0.6359044,0.27145976,-0.013850074,0.0,0.0,-0.022324039,-0.0029579597,0.008206013,-0.010648809,0.0010329175,-0.034271985,-0.011143547,-0.8459099,-0.007689539,-0.005260019,-0.020243099,-0.005512946,0.0038979729,0.000457234,-8.6259795e-05,0.0,0.0008670695,0.05768902,-0.0013408078,0.0,-0.022223808,-0.16424154,0.009910069,-9.5188385e-05,0.016033137,0.07409668,0.019081209,0.19565257,0.008002556,0.0050288863,-0.006886733,0.0,0.0,0.0,0.0008304562,0.0007357139,0.0,0.0,0.0,0.0,0.0,0.0,0.0,0.0,0.0,0.018842395,0.0,0.0,0.0006374509,0.0,-0.000584473,-0.0010071129,-8.386171e-05,0.0,0.0,0.0,0.008800224,0.00445473,0.0,0.0,0.004638548,0.0016755831,0.0,0.0,0.0,0.0003082622,0.0,-0.0254484,-0.0039096386,0.0060325693,-0.00011134996,0.0,0.0,-0.008086438,0.0,0.0,0.0,0.00056042813,0.0,0.0,0.0,0.0022550707,0.0,0.0,0.0,0.0007393464,0.0004547168,-0.0031311985,0.0006180763,0.0,-0.004134416,0.0,0.0,-0.00033594854,0.0,0.0,0.0,0.0016367983,-0.0026235373,0.0,0.0,0.0,0.0,0.0,0.0050631426,0.0,0.0,0.0,0.0,0.0,-0.0006498745,0.0,0.0,-0.02543527,0.0045641446,0.0005246742,0.0011500337,0.0071225083,0.00054869946,0.0012941167,0.0,0.0,0.00061154587,0.0,0.0,0.0,0.0,-0.004296722,0.0,0.0061398437,0.0,0.0,-0.0006181117,0.0,-0.006651384,0.0,0.0,0.0004596248,0.0013897421,0.0,0.0,0.004845602,0.0,-0.0027223225,-2.4905106e-05,0.0,0.0,0.0,0.0051449165,0.0,-0.0058884355,-0.0031216277,0.0014075926,0.0,0.0015674945,0.0,-0.0010323331
-0.668528,0.25179425,-0.013142259,0.0,0.0,-0.02180525,-0.0029579597,0.01660995,-0.010648809,0.0010329175,-0.00029239917,-0.011143547,-0.8459099,-0.007689539,-0.005260019,-0.022792988,-0.005512946,0.0038979729,0.000457234,-8.6259795e-05,0.0,0.0008670695,0.05833046,-0.0013408078,0.0,-0.022727005,-0.16424154,0.009910069,-0.000542865,0.016040927,0.07424489,0.019081209,0.16987829,0.008002556,0.001651996,-0.006886733,0.0,0.0,0.0,0.0008304562,0.0007357139,0.0,0.0,0.0,0.0,0.0,0.0,0.0,0.0,0.0,0.018842395,0.0,0.0,0.0006374509,0.0,-0.000584473,-0.0010071129,-8.386171e-05,0.0,0.0,0.0,0.008939768,0.00445473,0.0,0.0,0.004638548,0.0016755831,0.0,0.0,0.0,0.0003082622,0.0,-0.0254484,-0.0039096386,0.0060325693,-0.00011134996,0.0,0.0,-0.008043022,0.0,0.0,0.0,0.00056042813,0.0,0.0,0.0,0.0022550707,0.0,0.0,0.0,0.0007393464,0.0004547168,-0.0031311985,0.0006180763,0.0,-0.004134416,0.0,0.0,-0.00033594854,0.0,0.0,0.0,0.0016367983,-0.0026235373,0.0,0.0,0.0,0.0,0.0,0.0050631426,0.0,0.0,0.0,0.0,0.0,-0.0006498745,0.0,0.0,-0.02543527,0.00575131,0.0005246742,0.0011500337,0.0071225083,0.00054869946,0.0012941331,0.0,0.0,0.00061154587,0.0,0.0,0.0,0.0,-0.0042733853,0.0,0.0061398437,0.0,0.0,-0.0006181117,0.0,-0.006651384,0.0,0.0,0.0004596248,0.0013897421,0.0,0.0,0.004845602,0.0,-0.0027223225,-2.4905106e-05,0.0,0.0,0.0,0.0051449165,0.0,-0.0059701516,-0.0031238317,0.001341553,0.0,0.0015674945,0.0,-0.0010323331
-0.47699866,0.44531408,-0.013142259,0.0,0.0,-0.022711063,-0.0029579597,0.015557182,-0.010957975,0.0010329175,-0.00029239917,-0.011143547,-0.005344318,-0.009199627,-0.005260019,-0.022792988,-0.005512946,0.0038979729,0.000457234,-8.6259795e-05,0.0,0.0008670695,0.05833046,-0.0013408078,0.0,-0.022727005,-0.16424154,0.009910069,-0.000542865,0.016040927,0.07424489,0.019081209,0.16987829,0.008002556,0.001651996,-0.006969242,0.0,0.0,0.0,0.0008304562,0.0007357139,0.0,0.0,0.0,0.0,0.0,0.0,0.0,0.0,0.0,0.018842395,0.0,0.0,0.0006374509,0.0,-0.000584473,-0.0010071129,-8.386171e-05,0.0,0.0,0.0,0.008939768,0.00445473,0.0,0.0,0.004638548,0.0016755831,0.0,0.0,0.0,0.0003082622,0.0,-0.024226937,-0.0039096386,0.0060325693,-0.00011134996,0.0,0.0,-0.008043022,0.0,0.0,0.0,0.00056042813,0.0,0.0,0.0,0.0022550707,0.0,0.0,0.0,0.0007393464,0.0004547168,-0.002859807,0.0006180763,0.0,-0.004134416,0.0,0.0,-0.0007002461,0.0,0.0,0.0,0.0016367983,-0.0026235373,0.0,0.0,0.0,0.0,0.0,0.0050631426,0.0,0.0,0.0,0.0,0.0,-0.0006498745,0.0,0.0,-0.02543527,0.005708003,0.0005246742,0.0011500337,0.0071225083,0.00054869946,0.0012941331,0.0,0.0,0.00061154587,0.0,0.0,0.0,0.0,-0.0042733853,0.0,0.0061398437,0.0,0.0,-0.0006181117,0.0,-0.006651384,0.0,0.0,0.0004596248,0.0013897421,0.0,0.0,0.004845602,0.0,-0.0027223225,-2.4905106e-05,0.0,0.0,0.0,0.0051449165,0.0,-0.0043850834,-0.0031238317,0.001341553,0.0,0.0015674945,0.0,-0.0010333437
-0.47699866,0.44531408,-0.013142259,0.0,0.0,-0.022711063,-0.0029579597,0.015557182,-0.010957975,0.0010329175,-0.00029239917,-0.011143547,-0.005344318,-0.009199627,-0.005260019,-0.022792988,-0.005512946,0.0038979729,0.000457234,-8.6259795e-05,0.0,0.0008670695,0.05833046,-0.0013408078,0.0,-0.022727005,-0.16424154,0.009910069,-0.000542865,0.016040927,0.07424489,0.019081209,0.16987829,0.008002556,0.001651996,-0.006969242,0.0,0.0,0.0,0.0008304562,0.0007357139,0.0,0.0,0.0,0.0,0.0,0.0,0.0,0.0,0.0,0.018842395,0.0,0.0,0.0006374509,0.0,-0.000584473,-0.0010071129,-8.386171e-05,0.0,0.0,0.0,0.008939768,0.00445473,0.0,0.0,0.004638548,0.0016755831,0.0,0.0,0.0,0.0003082622,0.0,-0.024226937,-0.0039096386,0.0060325693,-0.00011134996,0.0,0.0,-0.008043022,0.0,0.0,0.0,0.00056042813,0.0,0.0,0.0,0.0022550707,0.0,0.0,0.0,0.0007393464,0.0004547168,-0.002859807,0.0006180763,0.0,-0.004134416,0.0,0.0,-0.0007002461,0.0,0.0,0.0,0.0016367983,-0.0026235373,0.0,0.0,0.0,0.0,0.0,0.0050631426,0.0,0.0,0.0,0.0,0.0,-0.0006498745,0.0,0.0,-0.02543527,0.005708003,0.0005246742,0.0011500337,0.0071225083,0.00054869946,0.0012941331,0.0,0.0,0.00061154587,0.0,0.0,0.0,0.0,-0.0042733853,0.0,0.0061398437,0.0,0.0,-0.0006181117,0.0,-0.006651384,0.0,0.0,0.0004596248,0.0013897421,0.0,0.0,0.004845602,0.0,-0.0027223225,-2.4905106e-05,0.0,0.0,0.0,0.0051449165,0.0,-0.0043850834,-0.0031238317,0.001341553,0.0,0.0015674945,0.0,-0.0010333437
-0.0054050745,-0.22248656,-0.0023679947,0.0,0.0,-0.029824477,-0.0056639905,-0.025129812,-0.01338447,0.0012713037,0.19047502,0.0036299494,-0.015259055,-0.1518794,-0.01120435,-0.013386684,-0.0053898287,-0.24676684,-0.030088611,-0.00012477177,0.0,-0.0052494546,-0.16617583,-0.0016389551,0.0,0.060832314,0.27898818,0.054776102,0.0153998155,-0.085948385,-0.04004976,0.04194057,-0.1375651,0.00016821566,0.001477257,0.023643674,0.0,0.0,0.0,0.0008187729,0.00073338504,0.0,0.0,0.0,0.0,0.0,0.0,0.0,0.0,0.0,0.014542503,0.0,0.0,0.00046822935,0.0,-0.00020665546,-0.0015794785,-8.386171e-05,0.0,0.0,0.0,0.008243915,0.003899332,0.0,0.0,0.0008322773,0.0016735181,0.0,0.0,0.0,0.0016674434,0.0,-0.027504116,-0.0020956718,0.0030024033,-0.0004943877,0.0,0.0,-0.0046137227,0.0,0.0,0.0,0.0030035889,0.0,0.0,0.0,0.0038174896,0.0,0.0,0.0,0.0007393464,0.0004547168,-0.0028770622,0.00056657323,0.0,0.33089444,0.0,0.0,-0.0007002461,0.0,0.0,0.0,0.0018820253,-0.0021152878,0.0,0.0,0.0,0.0,0.0,0.0054757292,0.0,0.0,0.0,0.0,0.0,-0.00025024655,0.0,0.0,-0.015500573,0.009241401,0.00091923645,0.0011522878,0.013764024,0.00021571579,0.0027082702,0.0,0.0,0.00063172844,0.0,0.0,0.0,0.0,-0.0039701285,0.0,0.005077192,0.0,0.0,-0.00024400419,0.0,-0.0019971258,0.0,0.0,0.00046422443,0.00057068316,0.0,0.0,0.0061460654,0.0,-0.0004221528,-2.4905106e-05,0.0,0.0,0.0,0.0030322964,0.0,-0.002936373,-0.004943652,0.0013110292,0.0,0.0031429692,0.0,-0.001016936
-0.0054050745,-0.22248656,-0.0023679947,0.0,0.0,-0.029824477,-0.0056639905,-0.025129812,-0.01338447,0.0012713037,0.19047502,0.0036299494,-0.015259055,-0.1518794,-0.01120435,-0.013386684,-0.0053898287,-0.24676684,-0.030088611,-0.00012477177,0.0,-0.0052494546,-0.16617583,-0.0016389551,0.0,0.060832314,0.27898818,0.054776102,0.0153998155,-0.085948385,-0.04004976,0.04194057,-0.1375651,0.00016821566,0.001477257,0.023643674,0.0,0.0,0.0,0.0008187729,0.00073338504,0.0,0.0,0.0,0.0,0.0,0.0,0.0,0.0,0.0,0.014542503,0.0,0.0,0.00046822935,0.0,-0.00020665546,-0.0015794785,-8.386171e-05,0.0,0.0,0.0,0.008243915,0.003899332,0.0,0.0,0.0008322773,0.0016735181,0.0,0.0,0.0,0.0016674434,0.0,-0.027504116,-0.0020956718,0.0030024033,-0.0004943877,0.0,0.0,-0.0046137227,0.0,0.0,0.0,0.0030035889,0.0,0.0,0.0,0.0038174896,0.0,0.0,0.0,0.0007393464,0.0004547168,-0.0028770622,0.00056657323,0.0,0.33089444,0.0,0.0,-0.0007002461,0.0,0.0,0.0,0.0018820253,-0.0021152878,0.0,0.0,0.0,0.0,0.0,0.0054757292,0.0,0.0,0.0,0.0,0.0,-0.00025024655,0.0,0.0,-0.015500573,0.009241401,0.00091923645,0.0011522878,0.013764024,0.00021571579,0.0027082702,0.0,0.0,0.00063172844,0.0,0.0,0.0,0.0,-0.0039701285,0.0,0.005077192,0.0,0.0,-0.00024400419,0.0,-0.0019971258,0.0,0.0,0.00046422443,0.00057068316,0.0,0.0,0.0061460654,0.0,-0.0004221528,-2.4905106e-05,0.0,0.0,0.0,0.0030322964,0.0,-0.002936373,-0.004943652,0.0013110292,0.0,0.0031429692,0.0,-0.001016936
-0.0054050745,-0.22248656,-0.0023679947,0.0,0.0,-0.029824477,-0.0056639905,-0.025129812,-0.01338447,0.0012713037,0.19047502,0.0036299494,-0.015259055,-0.1518794,-0.01120435,-0.013386684,-0.0053898287,-0.24676684,-0.030088611,-0.00012477177,0.0,-0.0052494546,-0.16617583,-0.0016389551,0.0,0.060832314,0.27898818,0.054776102,0.0153998155,-0.085948385,-0.04004976,0.04194057,-0.1375651,0.00016821566,0.001477257,0.023643674,0.0,0.0,0.0,0.0008187729,0.00073338504,0.0,0.0,0.0,0.0,0.0,0.0,0.0,0.0,0.0,0.014542503,0.0,0.0,0.00046822935,0.0,-0.00020665546,-0.0015794785,-8.386171e-05,0.0,0.0,0.0,0.008243915,0.003899332,0.0,0.0,0.0008322773,0.0016735181,0.0,0.0,0.0,0.0016674434,0.0,-0.027504116,-0.0020956718,0.0030024033,-0.0004943877,0.0,0.0,-0.0046137227,0.0,0.0,0.0,0.0030035889,0.0,0.0,0.0,0.0038174896,0.0,0.0,0.0,0.0007393464,0.0004547168,-0.0028770622,0.00056657323,0.0,0.33089444,0.0,0.0,-0.0007002461,0.0,0.0,0.0,0.0018820253,-0.0021152878,0.0,0.0,0.0,0.0,0.0,0.0054757292,0.0,0.0,0.0,0.0,0.0,-0.00025024655,0.0,0.0,-0.015500573,0.009241401,0.00091923645,0.0011522878,0.013764024,0.00021571579,0.0027082702,0.0,0.0,0.00063172844,0.0,0.0,0.0,0.0,-0.0039701285,0.0,0.005077192,0.0,0.0,-0.00024400419,0.0,-0.0019971258,0.0,0.0,0.00046422443,0.00057068316,0.0,0.0,0.0061460654,0.0,-0.0004221528,-2.4905106e-05,0.0,0.0,0.0,0.0030322964,0.0,-0.002936373,-0.004943652,0.0013110292,0.0,0.0031429692,0.0,-0.001016936
-0.0054050745,-0.22248656,-0.0023679947,0.0,0.0,-0.029824477,-0.0056639905,-0.025129812,-0.01338447,0.0012713037,0.19047502,0.0036299494,-0.015259055,-0.1518794,-0.01120435,-0.013386684,-0.0053898287,-0.24676684,-0.030088611,-0.00012477177,0.0,-0.0052494546,-0.16617583,-0.0016389551,0.0,0.060832314,0.27898818,0.054776102,0.0153998155,-0.085948385,-0.04004976,0.04194057,-0.1375651,0.00016821566,0.001477257,0.023643674,0.0,0.0,0.0,0.0008187729,0.00073338504,0.0,0.0,0.0,0.0,0.0,0.0,0.0,0.0,0.0,0.014542503,0.0,0.0,0.00046822935,0.0,-0.00020665546,-0.0015794785,-8.386171e-05,0.0,0.0,0.0,0.008243915,0.003899332,0.0,0.0,0.0008322773,0.0016735181,0.0,0.0,0.0,0.0016674434,0.0,-0.027504116,-0.0020956718,0.0030024033,-0.0004943877,0.0,0.0,-0.0046137227,0.0,0.0,0.0,0.0030035889,0.0,0.0,0.0,0.0038174896,0.0,0.0,0.0,0.0007393464,0.0004547168,-0.0028770622,0.00056657323,0.0,0.33089444,0.0,0.0,-0.0007002461,0.0,0.0,0.0,0.0018820253,-0.0021152878,0.0,0.0,0.0,0.0,0.0,0.0054757292,0.0,0.0,0.0,0.0,0.0,-0.00025024655,0.0,0.0,-0.015500573,0.009241401,0.00091923645,0.0011522878,0.013764024,0.00021571579,0.0027082702,0.0,0.0,0.00063172844,0.0,0.0,0.0,0.0,-0.0039701285,0.0,0.005077192,0.0,0.0,-0.00024400419,0.0,-0.0019971258,0.0,0.0,0.00046422443,0.00057068316,0.0,0.0,0.0061460654,0.0,-0.0004221528,-2.4905106e-05,0.0,0.0,0.0,0.0030322964,0.0,-0.002936373,-0.004943652,0.0013110292,0.0,0.0031429692,0.0,-0.001016936
-0.0054050745,-0.22248656,-0.0023679947,0.0,0.0,-0.029824477,-0.0056639905,-0.025129812,-0.01338447,0.0012713037,0.19047502,0.0036299494,-0.015259055,-0.1518794,-0.01120435,-0.013386684,-0.0053898287,-0.24676684,-0.030088611,-0.00012477177,0.0,-0.0052494546,-0.16617583,-0.0016389551,0.0,0.060832314,0.27898818,0.054776102,0.0153998155,-0.085948385,-0.04004976,0.04194057,-0.1375651,0.00016821566,0.001477257,0.023643674,0.0,0.0,0.0,0.0008187729,0.00073338504,0.0,0.0,0.0,0.0,0.0,0.0,0.0,0.0,0.0,0.014542503,0.0,0.0,0.00046822935,0.0,-0.00020665546,-0.0015794785,-8.386171e-05,0.0,0.0,0.0,0.008243915,0.003899332,0.0,0.0,0.0008322773,0.0016735181,0.0,0.0,0.0,0.0016674434,0.0,-0.027504116,-0.0020956718,0.0030024033,-0.0004943877,0.0,0.0,-0.0046137227,0.0,0.0,0.0,0.0030035889,0.0,0.0,0.0,0.0038174896,0.0,0.0,0.0,0.0007393464,0.0004547168,-0.0028770622,0.00056657323,0.0,0.33089444,0.0,0.0,-0.0007002461,0.0,0.0,0.0,0.0018820253,-0.0021152878,0.0,0.0,0.0,0.0,0.0,0.0054757292,0.0,0.0,0.0,0.0,0.0,-0.00025024655,0.0,0.0,-0.015500573,0.009241401,0.00091923645,0.0011522878,0.013764024,0.00021571579,0.0027082702,0.0,0.0,0.00063172844,0.0,0.0,0.0,0.0,-0.0039701285,0.0,0.005077192,0.0,0.0,-0.00024400419,0.0,-0.0019971258,0.0,0.0,0.00046422443,0.00057068316,0.0,0.0,0.0061460654,0.0,-0.0004221528,-2.4905106e-05,0.0,0.0,0.0,0.0030322964,0.0,-0.002936373,-0.004943652,0.0013110292,0.0,0.0031429692,0.0,-0.001016936
-0.31515732,0.02970372,-0.07942944,0.0,0.0,-0.024530634,-0.0050049447,0.024748124,-0.0084704915,0.00096739084,0.0018006652,-0.018655196,-0.23292899,0.0047902404,-0.006050578,-0.01955335,-0.005369432,0.0039659846,0.00023785852,-9.2350194e-05,0.0,-0.0029391926,0.06101931,-0.001329712,0.0,0.040020067,-0.1273095,0.019192547,0.001642307,0.014761902,0.07709352,-7.6034485e-05,0.28656435,-0.00056571164,0.0016346909,0.015588799,0.0,0.0,0.0,0.0008241433,0.0007363822,0.0,0.0,0.0,0.0,0.0,0.0,0.0,0.0,0.0,0.016764453,0.0,0.0,0.0007439959,0.0,-0.000306557,-0.0010071129,-6.864329e-05,0.0,0.0,0.0,0.008206568,0.00445473,0.0,0.0,0.00201763,0.0016724225,0.0,0.0,0.0,0.0016474584,0.0,-0.030143084,-0.0018339913,0.0052188677,-0.00047909425,0.0,0.0,-0.010043564,0.0,0.0,0.0,0.0032491894,0.0,0.0,0.0,0.002546725,0.0,0.0,0.0,0.0007393464,0.0004547168,-0.002887338,0.00056657323,0.0,-0.004138816,0.0,0.0,-0.00033594854,0.0,0.0,0.0,0.0018318833,-0.0029253857,0.0,0.0,0.0,0.0,0.0,0.0056077107,0.0,0.0,0.0,0.0,0.0,-0.0006498745,0.0,0.0,-0.022660576,0.009174223,0.0005885987,0.001149997,0.007972623,0.00054869946,0.0027114267,0.0,0.0,0.0006141086,0.0,0.0,0.0,0.0,-0.0042612185,0.0,0.0066937683,0.0,0.0,-0.0006181117,0.0,-0.006651384,0.0,0.0,0.00046012815,0.0013897421,0.0,0.0,0.010737268,0.0,-0.004161503,-2.4905106e-05,0.0,0.0,0.0,0.004620634,0.0,-0.0045740902,-0.0054353727,0.001314986,0.0,0.0014237158,0.0,-0.0010367924
1.1955247,-0.36189976,0.014452341,0.0,0.0,-0.032379217,-0.0022853462,0.034444645,0.0018845126,0.0014946534,-0.0031233537,-0.024018219,0.002507821,0.003788002,-0.0055272547,-0.015272085,-0.008018909,0.0024617617,0.00023785852,-1.0744236e-05,0.0,-0.00035212975,0.13191797,-0.0013791492,0.0,-0.08459117,-0.036775507,-0.005480156,-0.0039360565,0.06285754,0.12578759,0.0008848881,0.1515026,-0.009336574,0.0016346909,0.053718645,0.0,0.0,0.0,0.0008241433,0.0007401677,0.0,0.0,0.0,0.0,0.0,0.0,0.0,0.0,0.0,0.014306373,0.0,0.0,0.0007666311,0.0,-0.0028835356,-0.0012771157,-8.131948e-05,0.0,0.0,0.0,0.008290049,0.0059012417,0.0,0.0,0.0011981889,0.0016727952,0.0,0.0,0.0,0.0015538267,0.0,-0.015765157,-0.004143671,0.005227983,-0.0001984625,0.0,0.0,-0.00800151,0.0,0.0,0.0,0.0030542377,0.0,0.0,0.0,0.002351419,0.0,0.0,0.0,0.00033604202,0.0004547168,-0.0028207516,0.00056657323,0.0,-0.0040631294,0.0,0.0,-0.0007002461,0.0,0.0,0.0,0.0007940588,-0.0026510486,0.0,0.0,0.0,0.0,0.0,0.0025508727,0.0,0.0,0.0,0.0,0.0,-0.0006498745,0.0,0.0,-0.010921964,0.008356303,0.0004140216,0.0011451362,0.008300107,0.00032259544,0.0027130628,0.0,0.0,0.00062530127,0.0,0.0,0.0,0.0,-0.0038785085,0.0,0.0026476835,0.0,0.0,-0.00039360515,0.0,-0.0063309604,0.0,0.0,0.00045863978,0.0013897421,0.0,0.0,0.024807533,0.0,-0.0004221528,-2.4905106e-05,0.0,0.0,0.0,0.014979604,0.0,-0.004341423,-0.0027681047,0.0013189358,0.0,0.0031528368,0.0,-0.0010290256
1.1955247,-0.36189976,0.014452341,0.0,0.0,-0.032379217,-0.0022853462,0.034444645,0.0018845126,0.0014946534,-0.0031233537,-0.024018219,0.002507821,0.003788002,-0.0055272547,-0.015272085,-0.008018909,0.0024617617,0.00023785852,-1.0744236e-05,0.0,-0.00035212975,0.13191797,-0.0013791492,0.0,-0.08459117,-0.036775507,-0.005480156,-0.0039360565,0.06285754,0.12578759,0.0008848881,0.1515026,-0.009336574,0.0016346909,0.053718645,0.0,0.0,0.0,0.0008241433,0.0007401677,0.0,0.0,0.0,0.0,0.0,0.0,0.0,0.0,0.0,0.014306373,0.0,0.0,0.0007666311,0.0,-0.0028835356,-0.0012771157,-8.131948e-05,0.0,0.0,0.0,0.008290049,0.0059012417,0.0,0.0,0.0011981889,0.0016727952,0.0,0.0,0.0,0.0015538267,0.0,-0.015765157,-0.004143671,0.005227983,-0.0001984625,0.0,0.0,-0.00800151,0.0,0.0,0.0,0.0030542377,0.0,0.0,0.0,0.002351419,0.0,0.0,0.0,0.00033604202,0.0004547168,-0.0028207516,0.00056657323,0.0,-0.0040631294,0.0,0.0,-0.0007002461,0.0,0.0,0.0,0.0007940588,-0.0026510486,0.0,0.0,0.0,0.0,0.0,0.0025508727,0.0,0.0,0.0,0.0,0.0,-0.0006498745,0.0,0.0,-0.010921964,0.008356303,0.0004140216,0.0011451362,0.008300107,0.00032259544,0.0027130628,0.0,0.0,0.00062530127,0.0,0.0,0.0,0.0,-0.0038785085,0.0,0.0026476835,0.0,0.0,-0.00039360515,0.0,-0.0063309604,0.0,0.0,0.00045863978,0.0013897421,0.0,0.0,0.024807533,0.0,-0.0004221528,-2.4905106e-05,0.0,0.0,0.0,0.014979604,0.0,-0.004341423,-0.0027681047,0.0013189358,0.0,0.0031528368,0.0,-0.0010290256
1.1955247,-0.36189976,0.014452341,0.0,0.0,-0.032379217,-0.0022853462,0.034444645,0.0018845126,0.0014946534,-0.0031233537,-0.024018219,0.002507821,0.003788002,-0.0055272547,-0.015272085,-0.008018909,0.0024617617,0.00023785852,-1.0744236e-05,0.0,-0.00035212975,0.13191797,-0.0013791492,0.0,-0.08459117,-0.036775507,-0.005480156,-0.0039360565,0.06285754,0.12578759,0.0008848881,0.1515026,-0.009336574,0.0016346909,0.053718645,0.0,0.0,0.0,0.0008241433,0.0007401677,0.0,0.0,0.0,0.0,0.0,0.0,0.0,0.0,0.0,0.014306373,0.0,0.0,0.0007666311,0.0,-0.0028835356,-0.0012771157,-8.131948e-05,0.0,0.0,0.0,0.008290049,0.0059012417,0.0,0.0,0.0011981889,0.0016727952,0.0,0.0,0.0,0.0015538267,0.0,-0.015765157,-0.004143671,0.005227983,-0.0001984625,0.0,0.0,-0.00800151,0.0,0.0,0.0,0.0030542377,0.0,0.0,0.0,0.002351419,0.0,0.0,0.0,0.00033604202,0.0004547168,-0.0028207516,0.00056657323,0.0,-0.0040631294,0.0,0.0,-0.0007002461,0.0,0.0,0.0,0.0007940588,-0.0026510486,0.0,0.0,0.0,0.0,0.0,0.0025508727,0.0,0.0,0.0,0.0,0.0,-0.0006498745,0.0,0.0,-0.010921964,0.008356303,0.0004140216,0.0011451362,0.008300107,0.00032259544,0.0027130628,0.0,0.0,0.00062530127,0.0,0.0,0.0,0.0,-0.0038785085,0.0,0.0026476835,0.0,0.0,-0.00039360515,0.0,-0.0063309604,0.0,0.0,0.00045863978,0.0013897421,0.0,0.0,0.024807533,0.0,-0.0004221528,-2.4905106e-05,0.0,0.0,0.0,0.014979604,0.0,-0.004341423,-0.0027681047,0.0013189358,0.0,0.0031528368,0.0,-0.0010290256
1.1955247,-0.36189976,0.014452341,0.0,0.0,-0.032379217,-0.0022853462,0.034444645,0.0018845126,0.0014946534,-0.0031233537,-0.024018219,0.002507821,0.003788002,-0.0055272547,-0.015272085,-0.008018909,0.0024617617,0.00023785852,-1.0744236e-05,0.0,-0.00035212975,0.13191797,-0.0013791492,0.0,-0.08459117,-0.036775507,-0.005480156,-0.0039360565,0.06285754,0.12578759,0.0008848881,0.1515026,-0.009336574,0.0016346909,0.053718645,0.0,0.0,0.0,0.0008241433,0.0007401677,0.0,0.0,0.0,0.0,0.0,0.0,0.0,0.0,0.0,0.014306373,0.0,0.0,0.0007666311,0.0,-0.0028835356,-0.0012771157,-8.131948e-05,0.0,0.0,0.0,0.008290049,0.0059012417,0.0,0.0,0.0011981889,0.0016727952,0.0,0.0,0.0,0.0015538267,0.0,-0.015765157,-0.004143671,0.005227983,-0.0001984625,0.0,0.0,-0.00800151,0.0,0.0,0.0,0.0030542377,0.0,0.0,0.0,0.002351419,0.0,0.0,0.0,0.00033604202,0.0004547168,-0.0028207516,0.00056657323,0.0,-0.0040631294,0.0,0.0,-0.0007002461,0.0,0.0,0.0,0.0007940588,-0.0026510486,0.0,0.0,0.0,0.0,0.0,0.0025508727,0.0,0.0,0.0,0.0,0.0,-0.0006498745,0.0,0.0,-0.010921964,0.008356303,0.0004140216,0.0011451362,0.008300107,0.00032259544,0.0027130628,0.0,0.0,0.00062530127,0.0,0.0,0.0,0.0,-0.0038785085,0.0,0.0026476835,0.0,0.0,-0.00039360515,0.0,-0.0063309604,0.0,0.0,0.00045863978,0.0013897421,0.0,0.0,0.024807533,0.0,-0.0004221528,-2.4905106e-05,0.0,0.0,0.0,0.014979604,0.0,-0.004341423,-0.0027681047,0.0013189358,0.0,0.0031528368,0.0,-0.0010290256
1.1955247,-0.36189976,0.014452341,0.0,0.0,-0.032379217,-0.0022853462,0.034444645,0.0018845126,0.0014946534,-0.0031233537,-0.024018219,0.002507821,0.003788002,-0.0055272547,-0.015272085,-0.008018909,0.0024617617,0.00023785852,-1.0744236e-05,0.0,-0.00035212975,0.13191797,-0.0013791492,0.0,-0.08459117,-0.036775507,-0.005480156,-0.0039360565,0.06285754,0.12578759,0.0008848881,0.1515026,-0.009336574,0.0016346909,0.053718645,0.0,0.0,0.0,0.0008241433,0.0007401677,0.0,0.0,0.0,0.0,0.0,0.0,0.0,0.0,0.0,0.014306373,0.0,0.0,0.0007666311,0.0,-0.0028835356,-0.0012771157,-8.131948e-05,0.0,0.0,0.0,0.008290049,0.0059012417,0.0,0.0,0.0011981889,0.0016727952,0.0,0.0,0.0,0.0015538267,0.0,-0.015765157,-0.004143671,0.005227983,-0.0001984625,0.0,0.0,-0.00800151,0.0,0.0,0.0,0.0030542377,0.0,0.0,0.0,0.002351419,0.0,0.0,0.0,0.00033604202,0.0004547168,-0.0028207516,0.00056657323,0.0,-0.0040631294,0.0,0.0,-0.0007002461,0.0,0.0,0.0,0.0007940588,-0.0026510486,0.0,0.0,0.0,0.0,0.0,0.0025508727,0.0,0.0,0.0,0.0,0.0,-0.0006498745,0.0,0.0,-0.010921964,0.008356303,0.0004140216,0.0011451362,0.008300107,0.00032259544,0.0027130628,0.0,0.0,0.00062530127,0.0,0.0,0.0,0.0,-0.0038785085,0.0,0.0026476835,0.0,0.0,-0.00039360515,0.0,-0.0063309604,0.0,0.0,0.00045863978,0.0013897421,0.0,0.0,0.024807533,0.0,-0.0004221528,-2.4905106e-05,0.0,0.0,0.0,0.014979604,0.0,-0.004341423,-0.0027681047,0.0013189358,0.0,0.0031528368,0.0,-0.0010290256
-0.5411977,-0.17135495,0.032839455,0.0,0.0,0.028296564,-0.006397919,-0.0210578,-0.06965944,0.0016025241,-0.01861009,-0.025850039,-0.00029307586,-0.01872365,-0.003871938,-0.020528927,-0.007062215,0.0038703084,-0.007187865,-0.023405995,0.0,-0.002236848,0.06412409,-0.0013826335,0.0,0.0682213,0.11106773,0.0046688057,0.014045062,-0.08918649,-0.065191306,0.0017292601,-0.13998193,0.0010084471,0.001668778,-0.0056111976,0.0,0.0,0.0,0.00082390604,0.000730302,0.0,0.0,0.0,0.0,0.0,0.0,0.0,0.0,0.0,0.013859085,0.0,0.0,0.0004893169,0.0,-0.00020665546,-0.0010093012,-8.386171e-05,0.0,0.0,0.0,0.007875516,0.0040571904,0.0,0.0,0.0008494496,0.0016346343,0.0,0.0,0.0,0.00157434,0.0,-0.022659715,-0.0053373543,0.00873881,-0.00049718405,0.0,0.0,-0.005161435,0.0,0.0,0.0,0.002595241,0.0,0.0,0.0,0.0037984115,0.0,0.0,0.0,0.0007393464,0.0004547168,-0.00294047,0.00051828474,0.0,-0.0039989892,0.0,0.0,-0.00033453392,0.0,0.0,0.0,0.0018318833,-0.0032854641,0.0,0.0,0.0,0.0,0.0,-0.56558895,0.0,0.0,0.0,0.0,0.0,-0.0036125663,0.0,0.0,-0.013331468,0.008614881,0.0010298891,0.0011131737,0.0072302697,0.00032259544,0.0026526388,0.0,0.0,0.00057790463,0.0,0.0,0.0,0.0,-0.003921572,0.0,0.0064925714,0.0,0.0,-0.0017379688,0.0,-0.004204988,0.0,0.0,0.0004593142,0.0013897421,0.0,0.0,0.0061474117,0.0,-0.0004221528,-2.4905106e-05,0.0,0.0,0.0,0.0033436837,0.0,-0.004589736,-0.0031422256,0.0013179034,0.0,0.003057141,0.0,-0.0010262548
-0.38703445,0.6369536,-0.109679975,0.0,0.0,0.19221403,0.13571933,-0.019568918,-0.049757354,0.0010329175,0.00087601255,-0.0032596819,-0.0037798171,-0.007302193,-0.0037057374,-0.022731703,-0.0089885555,-0.00023234963,0.000457234,0.0017551098,0.0,-0.0018790886,0.061923232,-0.0013408078,0.0,-0.07779717,-0.23954426,-0.0044777943,-0.25241238,0.043779757,-0.06622533,-0.0019155693,0.31343153,-0.0012592531,0.0044338647,-0.030414913,0.0,0.0,0.0,0.0008307348,0.00073783705,0.0,0.0,0.0,0.0,0.0,0.0,0.0,0.0,0.0,0.016548386,0.0,0.0,0.00053616846,0.0,-0.000584473,-0.0010071129,-0.0015425903,0.0,0.0,0.0,0.0042023314,0.00445473,0.0,0.0,0.004694743,0.001672239,0.0,0.0,0.0,0.00027127887,0.0,-0.022176202,-0.0047204737,0.005855085,-0.00011010592,0.0,0.0,-0.009549894,0.0,0.0,0.0,0.00048692516,0.0,0.0,0.0,0.0022550707,0.0,0.0,0.0,0.0007393464,-0.044145912,-0.002859552,0.0014656038,0.0,-0.0041338033,0.0,0.0,-0.0007002461,0.0,0.0,0.0,0.0012531073,-0.0026235373,0.0,0.0,0.0,0.0,0.0,0.00506086,0.0,0.0,0.0,0.0,0.0,-0.0006498745,0.0,0.0,-0.03071836,0.0044753496,0.00037078466,0.0011502467,0.0069302954,0.00054869946,0.0012682419,0.0,0.0,0.0006085608,0.0,0.0,0.0,0.0,-0.00428295,0.0,0.0063678087,0.0,0.0,-0.0006181117,0.0,-0.006651384,0.0,0.0,0.0004596248,0.0013897421,0.0,0.0,0.004834562,0.0,-0.0024772047,-2.4905106e-05,0.0,0.0,0.0,0.005331671,0.0,-0.0043643992,-0.0027037135,0.0013639719,0.0,0.001263797,0.0,-0.0010445408
0.523562,-0.12386286,0.18064225,0.0,0.0,0.013055223,-0.0040080873,-0.112557285,-0.048767317,-0.09448336,-0.0637962,-0.014456539,-0.0012409327,-0.012135023,-0.0054574804,-0.012851849,-0.008309894,-0.00024395669,0.00023785852,-2.010944e-05,0.0,0.00038904767,0.114808515,-0.0011714443,0.0,0.07637963,0.17678562,0.055276867,0.01809914,-0.30237976,-0.11537753,-0.015932143,-0.2670481,0.013504006,-0.0048658876,-0.2034305,0.0,0.0,0.0,0.0008184723,0.0007509566,0.0,0.0,0.0,0.0,0.0,0.0,0.0,0.0,0.0,0.012524785,0.0,0.0,0.0004893169,0.0,-0.00041082405,-0.0012783471,-8.386171e-05,0.0,0.0,0.0,0.008198502,0.006161557,0.0,0.0,0.00085341075,0.0016692035,0.0,0.0,0.0,0.0015492616,0.0,-0.01493582,-0.0041818,0.009345166,-0.0004962425,0.0,0.0,-0.004444291,0.0,0.0,0.0,0.0029476616,0.0,0.0,0.0,0.0037984115,0.0,0.0,0.0,0.0007393464,0.0004547168,-0.002821497,0.00056657323,0.0,-0.004605698,0.0,0.0,-0.00033453392,0.0,0.0,0.0,0.0018318833,-0.002239988,0.0,0.0,0.0,0.0,0.0,0.0021795956,0.0,0.0,0.0,0.0,0.0,-0.0026110515,0.0,0.0,-0.0070061283,0.008606319,0.00091923645,0.0011188141,0.008089596,0.00032259544,0.002711683,0.0,0.0,0.0006386311,0.0,0.0,0.0,0.0,-0.0034246119,0.0,0.0066001285,0.0,0.0,0.01963749,0.0,-0.0019512805,0.0,0.0,0.0004265664,0.0013897421,0.0,0.0,0.01279269,0.0,-0.0004221528,-2.4905106e-05,0.0,0.0,0.0,0.0063047553,0.0,-0.004373609,-0.0050763083,0.0013179034,0.0,0.003138694,0.0,-0.0007932038
0.523562,-0.12386286,0.18064225,0.0,0.0,0.013055223,-0.0040080873,-0.112557285,-0.048767317,-0.09448336,-0.0637962,-0.014456539,-0.0012409327,-0.012135023,-0.0054574804,-0.012851849,-0.008309894,-0.00024395669,0.00023785852,-2.010944e-05,0.0,0.00038904767,0.114808515,-0.0011714443,0.0,0.07637963,0.17678562,0.055276867,0.01809914,-0.30237976,-0.11537753,-0.015932143,-0.2670481,0.013504006,-0.0048658876,-0.2034305,0.0,0.0,0.0,0.0008184723,0.0007509566,0.0,0.0,0.0,0.0,0.0,0.0,0.0,0.0,0.0,0.012524785,0.0,0.0,0.0004893169,0.0,-0.00041082405,-0.0012783471,-8.386171e-05,0.0,0.0,0.0,0.008198502,0.006161557,0.0,0.0,0.00085341075,0.0016692035,0.0,0.0,0.0,0.0015492616,0.0,-0.01493582,-0.0041818,0.009345166,-0.0004962425,0.0,0.0,-0.004444291,0.0,0.0,0.0,0.0029476616,0.0,0.0,0.0,0.0037984115,0.0,0.0,0.0,0.0007393464,0.0004547168,-0.002821497,0.00056657323,0.0,-0.004605698,0.0,0.0,-0.00033453392,0.0,0.0,0.0,0.0018318833,-0.002239988,0.0,0.0,0.0,0.0,0.0,0.0021795956,0.0,0.0,0.0,0.0,0.0,-0.0026110515,0.0,0.0,-0.0070061283,0.008606319,0.00091923645,0.0011188141,0.008089596,0.00032259544,0.002711683,0.0,0.0,0.0006386311,0.0,0.0,0.0,0.0,-0.0034246119,0.0,0.0066001285,0.0,0.0,0.01963749,0.0,-0.0019512805,0.0,0.0,0.0004265664,0.0013897421,0.0,0.0,0.01279269,0.0,-0.0004221528,-2.4905106e-05,0.0,0.0,0.0,0.0063047553,0.0,-0.004373609,-0.0050763083,0.0013179034,0.0,0.003138694,0.0,-0.0007932038
0.523562,-0.12386286,0.18064225,0.0,0.0,0.013055223,-0.0040080873,-0.112557285,-0.048767317,-0.09448336,-0.0637962,-0.014456539,-0.0012409327,-0.012135023,-0.0054574804,-0.012851849,-0.008309894,-0.00024395669,0.00023785852,-2.010944e-05,0.0,0.00038904767,0.114808515,-0.0011714443,0.0,0.07637963,0.17678562,0.055276867,0.01809914,-0.30237976,-0.11537753,-0.015932143,-0.2670481,0.013504006,-0.0048658876,-0.2034305,0.0,0.0,0.0,0.0008184723,0.0007509566,0.0,0.0,0.0,0.0,0.0,0.0,0.0,0.0,0.0,0.012524785,0.0,0.0,0.0004893169,0.0,-0.00041082405,-0.0012783471,-8.386171e-05,0.0,0.0,0.0,0.008198502,0.006161557,0.0,0.0,0.00085341075,0.0016692035,0.0,0.0,0.0,0.0015492616,0.0,-0.01493582,-0.0041818,0.009345166,-0.0004962425,0.0,0.0,-0.004444291,0.0,0.0,0.0,0.0029476616,0.0,0.0,0.0,0.0037984115,0.0,0.0,0.0,0.0007393464,0.0004547168,-0.002821497,0.00056657323,0.0,-0.004605698,0.0,0.0,-0.00033453392,0.0,0.0,0.0,0.0018318833,-0.002239988,0.0,0.0,0.0,0.0,0.0,0.0021795956,0.0,0.0,0.0,0.0,0.0,-0.0026110515,0.0,0.0,-0.0070061283,0.008606319,0.00091923645,0.0011188141,0.008089596,0.00032259544,0.002711683,0.0,0.0,0.0006386311,0.0,0.0,0.0,0.0,-0.0034246119,0.0,0.0066001285,0.0,0.0,0.01963749,0.0,-0.0019512805,0.0,0.0,0.0004265664,0.0013897421,0.0,0.0,0.01279269,0.0,-0.0004221528,-2.4905106e-05,0.0,0.0,0.0,0.0063047553,0.0,-0.004373609,-0.0050763083,0.0013179034,0.0,0.003138694,0.0,-0.0007932038
0.523562,-0.12386286,0.18064225,0.0,0.0,0.013055223,-0.0040080873,-0.112557285,-0.048767317,-0.09448336,-0.06378643,-0.014456539,-0.0012409327,-0.012135911,-0.0054574804,-0.012851849,-0.008309894,-0.00024395669,0.00023785852,-2.010944e-05,0.0,0.00038904767,0.114808515,-0.0011714443,0.0,0.07637963,0.17851956,0.055276867,0.01809914,-0.30237976,-0.11537753,-0.015932143,-0.27573052,0.013504006,0.0020448817,-0.2034305,0.0,0.0,0.0,0.0008184723,0.0007509566,0.0,0.0,0.0,0.0,0.0,0.0,0.0,0.0,0.0,0.012524785,0.0,0.0,0.0004893169,0.0,-0.00041082405,-0.0012783471,-8.386171e-05,0.0,0.0,0.0,0.008198502,0.006161557,0.0,0.0,0.00085341075,0.0016692035,0.0,0.0,0.0,0.0015492616,0.0,-0.01493582,-0.0041818,0.009345166,-0.0004962425,0.0,0.0,-0.004444291,0.0,0.0,0.0,0.0029476616,0.0,0.0,0.0,0.0038174896,0.0,0.0,0.0,0.0007393464,0.0004547168,-0.002821497,0.00056657323,0.0,-0.004605698,0.0,0.0,-0.00033453392,0.0,0.0,0.0,0.0018318833,-0.002239988,0.0,0.0,0.0,0.0,0.0,0.0021795956,0.0,0.0,0.0,0.0,0.0,-0.0026110515,0.0,0.0,-0.0070061283,0.008606319,0.00091923645,0.0011188141,0.008089596,0.00032259544,0.002711683,0.0,0.0,0.0006386311,0.0,0.0,0.0,0.0,-0.0034246119,0.0,0.0066001285,0.0,0.0,0.01963749,0.0,-0.0019512805,0.0,0.0,0.0004265664,0.0013897421,0.0,0.0,0.01279269,0.0,-0.0004221528,-2.4905106e-05,0.0,0.0,0.0,0.0063047553,0.0,-0.004373609,-0.005066547,0.0013179034,0.0,0.003138694,0.0,-0.0007932038
0.523562,-0.12386286,0.18064225,0.0,0.0,0.013055223,-0.0040080873,-0.112557285,-0.048767317,-0.09448336,-0.06378643,-0.014456539,-0.0012409327,-0.012135911,-0.0054574804,-0.012851849,-0.008309894,-0.00024395669,0.00023785852,-2.010944e-05,0.0,0.00038904767,0.114808515,-0.0011714443,0.0,0.07637963,0.17851956,0.055276867,0.01809914,-0.30237976,-0.11537753,-0.015932143,-0.27573052,0.013504006,0.0020448817,-0.2034305,0.0,0.0,0.0,0.0008184723,0.0007509566,0.0,0.0,0.0,0.0,0.0,0.0,0.0,0.0,0.0,0.012524785,0.0,0.0,0.0004893169,0.0,-0.00041082405,-0.0012783471,-8.386171e-05,0.0,0.0,0.0,0.008198502,0.006161557,0.0,0.0,0.00085341075,0.0016692035,0.0,0.0,0.0,0.0015492616,0.0,-0.01493582,-0.0041818,0.009345166,-0.0004962425,0.0,0.0,-0.004444291,0.0,0.0,0.0,0.0029476616,0.0,0.0,0.0,0.0038174896,0.0,0.0,0.0,0.0007393464,0.0004547168,-0.002821497,0.00056657323,0.0,-0.004605698,0.0,0.0,-0.00033453392,0.0,0.0,0.0,0.0018318833,-0.002239988,0.0,0.0,0.0,0.0,0.0,0.0021795956,0.0,0.0,0.0,0.0,0.0,-0.0026110515,0.0,0.0,-0.0070061283,0.008606319,0.00091923645,0.0011188141,0.008089596,0.00032259544,0.002711683,0.0,0.0,0.0006386311,0.0,0.0,0.0,0.0,-0.0034246119,0.0,0.0066001285,0.0,0.0,0.01963749,0.0,-0.0019512805,0.0,0.0,0.0004265664,0.0013897421,0.0,0.0,0.01279269,0.0,-0.0004221528,-2.4905106e-05,0.0,0.0,0.0,0.0063047553,0.0,-0.004373609,-0.005066547,0.0013179034,0.0,0.003138694,0.0,-0.0007932038
-0.34062186,-0.19700429,-0.011362121,0.0,0.0,-0.023672523,-0.004340806,-0.016191512,-0.007075676,0.00093416625,-0.04050324,-0.016635554,-0.0050476473,-0.018752014,-0.01057458,0.0062483945,-0.009278491,-0.009902131,0.00041436517,-8.6259795e-05,0.0,0.15916951,-0.19085518,-0.0016293301,0.0,-0.16133319,-0.28906733,0.009968051,-0.018085077,0.045952585,-0.088595815,-0.00030080802,0.12067657,-0.00015937194,0.0016368206,-0.034814235,0.0,0.0,0.0,0.00082441163,0.00073025236,0.0,0.0,0.0,0.0,0.0,0.0,0.0,0.0,0.0,0.018061575,0.0,0.0,0.00023976088,0.0,-0.000584473,-0.0012742933,-0.00034986454,0.0,0.0,0.0,0.0046332763,0.00445473,0.0,0.0,0.0008926495,0.0016633286,0.0,0.0,0.0,0.0015305796,0.0,-0.02547184,-0.004983401,0.0046001216,-0.00058082707,0.0,0.0,-0.010669066,0.0,0.0,0.0,0.0030883541,0.0,0.0,0.0,0.0012918019,0.0,0.0,0.0,0.0007393464,0.0004547168,-0.002891408,0.00072380103,0.0,-0.004211512,0.0,0.0,-0.0007002461,0.0,0.0,0.0,0.0015584708,-0.0029253857,0.0,0.0,0.0,0.0,0.0,0.0051485407,0.0,0.0,0.0,0.0,0.0,-0.0006498745,0.0,0.0,-0.023649376,0.008945482,0.00037078466,0.0011452069,0.008059823,0.00054869946,0.002688907,0.0,0.0,0.00060842495,0.0,0.0,0.0,0.0,-0.003990602,0.0,0.0049174754,0.0,0.0,-0.0006181117,0.0,-0.006078652,0.0,0.0,0.0004593142,0.0006262464,0.0,0.0,0.0059352196,0.0,-0.00032166106,-2.4905106e-05,0.0,0.0,0.0,0.004324252,0.0,-0.004408932,-0.002484726,0.0013202925,0.0,0.003234021,0.0,-0.001026895
-0.39940232,0.70731145,-0.013376858,0.0,0.0,-0.01591488,-0.0030142851,-0.016256614,-0.008881922,0.00093416625,-0.06214487,-0.010532389,-0.003921667,-0.006326202,0.052273385,0.111028016,0.05187477,-0.011044342,0.000457234,-8.6259795e-05,0.0,-0.21711531,0.038447883,-0.0010994769,0.0,-0.15352799,-0.23946442,-0.0073578656,-0.24570318,0.035392214,-0.060128022,-0.0018131674,0.13411544,-0.18521324,-0.0084835645,-0.02427072,0.0,0.0,0.0,0.0008307348,0.00073783705,0.0,0.0,0.0,0.0,0.0,0.0,0.0,0.0,0.0,0.018101243,0.0,0.0,0.00056525005,0.0,-0.000584473,-0.0010072148,-0.00034986454,0.0,0.0,0.0,0.004721058,0.00445473,0.0,0.0,0.0031023012,0.0016721906,0.0,0.0,0.0,0.0003454231,0.0,-0.024803251,-0.0041959384,0.0053853914,-0.00018737014,0.0,0.0,-0.0093244435,0.0,0.0,0.0,0.0005606192,0.0,0.0,0.0,0.001521301,0.0,0.0,0.0,0.0007393464,0.000529852,-0.002859552,0.0013135188,0.0,-0.0030804267,0.0,0.0,-0.0007002461,0.0,0.0,0.0,0.0014747558,-0.0026235373,0.0,0.0,0.0,0.0,0.0,0.005058161,0.0,0.0,0.0,0.0,0.0,-0.0006498745,0.0,0.0,-0.027331904,0.0045113233,0.00037078466,0.0011502032,0.0050090896,0.00054869946,0.001287851,0.0,0.0,0.0006078432,0.0,0.0,0.0,0.0,-0.003942899,0.0,0.0063197548,0.0,0.0,-0.0006181117,0.0,-0.006651384,0.0,0.0,0.00045919218,-0.06711065,0.0,0.0,0.0049699373,0.0,-0.00032166106,-2.7182645e-05,0.0,0.0,0.0,0.0054123774,0.0,-0.0044362335,-0.0031630392,0.0013620608,0.0,0.0031591041,0.0,-0.0010649378
-0.39721614,0.68677133,-0.007538675,0.0,0.0,-0.011460054,-0.0056663495,-0.017432304,-0.04820631,0.00093416625,-0.06039589,-0.010165089,-0.0024930155,-0.0235019,0.054775592,-0.012212545,-0.0053136917,-0.0014072848,0.000457234,-9.016073e-05,0.0,0.4736959,-0.29130718,0.053143058,0.0,-0.08851613,-0.23948093,0.0071887835,-0.2112071,0.03521353,-0.07165715,-0.0019939458,0.6823247,-0.054391056,-0.01603855,-0.015852967,0.0,0.0,0.0,0.0008307348,0.0007324307,0.0,0.0,0.0,0.0,0.0,0.0,0.0,0.0,0.0,0.01511527,0.0,0.0,0.00092926103,0.0,-0.000584473,-0.0010050259,0.04297691,0.0,0.0,0.0,0.0045782216,0.00445473,0.0,0.0,0.0043206248,0.0016672526,0.0,0.0,0.0,0.00027127887,0.0,-0.024973676,-0.0035089008,0.006027005,-0.00010944548,0.0,0.0,-0.009116647,0.0,0.0,0.0,0.00048354038,0.0,0.0,0.0,0.0017480715,0.0,0.0,0.0,0.0007393464,0.000529852,-0.002859552,0.0016583686,0.0,-0.0030176884,0.0,0.0,-0.0007002461,0.0,0.0,0.0,0.0015584708,-0.0023894818,0.0,0.0,0.0,0.0,0.0,0.0052003744,0.0,0.0,0.0,0.0,0.0,-0.0006498745,0.0,0.0,-0.032571167,0.00955848,0.00037078466,0.0011502143,0.005416505,0.00054869946,0.0012876334,0.0,0.0,0.0006083724,0.0,0.0,0.0,0.0,-0.0039097955,0.0,0.006001181,0.0,0.0,-0.0006181117,0.0,-0.006651384,0.0,0.0,0.0004596248,0.0013897421,0.0,0.0,0.0049699373,0.0,-0.001038024,-2.7182645e-05,0.0,0.0,0.0,0.005405026,0.0,-0.004040329,-0.002057809,0.0013672733,0.0,0.003295341,0.0,-0.0010496036
-0.39721614,0.68677133,-0.007538675,0.0,0.0,-0.011460054,-0.0056663495,-0.017432304,-0.04820631,0.00093416625,-0.06039589,-0.010165089,-0.0024930155,-0.0235019,0.054775592,-0.012212545,-0.0053136917,-0.0014072848,0.000457234,-9.016073e-05,0.0,0.4736959,-0.29130718,0.053143058,0.0,-0.08851613,-0.23948093,0.0071887835,-0.2112071,0.03521353,-0.07165715,-0.0019939458,0.6823247,-0.054391056,-0.01603855,-0.015852967,0.0,0.0,0.0,0.0008307348,0.0007324307,0.0,0.0,0.0,0.0,0.0,0.0,0.0,0.0,0.0,0.01511527,0.0,0.0,0.00092926103,0.0,-0.000584473,-0.0010050259,0.04297691,0.0,0.0,0.0,0.0045782216,0.00445473,0.0,0.0,0.0043206248,0.0016672526,0.0,0.0,0.0,0.00027127887,0.0,-0.024973676,-0.0035089008,0.006027005,-0.00010944548,0.0,0.0,-0.009116647,0.0,0.0,0.0,0.00048354038,0.0,0.0,0.0,0.0017480715,0.0,0.0,0.0,0.0007393464,0.000529852,-0.002859552,0.0016583686,0.0,-0.0030176884,0.0,0.0,-0.0007002461,0.0,0.0,0.0,0.0015584708,-0.0023894818,0.0,0.0,0.0,0.0,0.0,0.0052003744,0.0,0.0,0.0,0.0,0.0,-0.0006498745,0.0,0.0,-0.032571167,0.00955848,0.00037078466,0.0011502143,0.005416505,0.00054869946,0.0012876334,0.0,0.0,0.0006083724,0.0,0.0,0.0,0.0,-0.0039097955,0.0,0.006001181,0.0,0.0,-0.0006181117,0.0,-0.006651384,0.0,0.0,0.0004596248,0.0013897421,0.0,0.0,0.0049699373,0.0,-0.001038024,-2.7182645e-05,0.0,0.0,0.0,0.005405026,0.0,-0.004040329,-0.002057809,0.0013672733,0.0,0.003295341,0.0,-0.0010496036
-0.39721614,0.68677133,-0.007538675,0.0,0.0,-0.011460054,-0.0056663495,-0.017432304,-0.04820631,0.00093416625,-0.06039589,-0.010165089,-0.0024930155,-0.0235019,0.054775592,-0.012212545,-0.0053136917,-0.0014072848,0.000457234,-9.016073e-05,0.0,0.4736959,-0.29130718,0.053143058,0.0,-0.08855288,-0.23948093,0.0066235196,-0.2112071,0.03521353,-0.07165715,-0.0019939458,0.6823247,-0.054391056,-0.01603855,-0.015852967,0.0,0.0,0.0,0.0008307348,0.0007324307,0.0,0.0,0.0,0.0,0.0,0.0,0.0,0.0,0.0,0.01511527,0.0,0.0,0.00092926103,0.0,-0.000584473,-0.0010050259,0.04297691,0.0,0.0,0.0,0.0045782216,0.00445473,0.0,0.0,0.0043206248,0.0016672526,0.0,0.0,0.0,0.00027127887,0.0,-0.02436997,-0.0035089008,0.006027005,-0.00011010592,0.0,0.0,-0.009116647,0.0,0.0,0.0,0.00048354038,0.0,0.0,0.0,0.0017480715,0.0,0.0,0.0,0.0007393464,0.000529852,-0.002859552,0.0016583686,0.0,-0.0030176884,0.0,0.0,-0.0007002461,0.0,0.0,0.0,0.0015584708,-0.0023894818,0.0,0.0,0.0,0.0,0.0,0.0052003744,0.0,0.0,0.0,0.0,0.0,-0.0006498745,0.0,0.0,-0.032571167,0.00955848,0.00037078466,0.0011502143,0.005416505,0.00054869946,0.0012876334,0.0,0.0,0.0006083724,0.0,0.0,0.0,0.0,-0.0039097955,0.0,0.006001181,0.0,0.0,-0.0006181117,0.0,-0.006651384,0.0,0.0,0.0004596248,0.0013897421,0.0,0.0,0.0049699373,0.0,-0.001038024,-2.7182645e-05,0.0,0.0,0.0,0.005405026,0.0,-0.0040413546,-0.002057809,0.0013672733,0.0,0.003295341,0.0,-0.0010496036
-0.38777214,0.6613569,-0.008973786,0.0,0.0,-0.0128311,-0.0053119687,-0.017432304,-0.017022096,0.00093416625,-0.06137236,-0.008420103,-0.0024930155,-0.0235019,-0.0037263979,-0.018241351,-0.0053136917,0.0002521741,0.000457234,-8.6259795e-05,0.0,0.50361526,0.08319279,-0.2876158,0.0,-0.0885847,-0.20083101,0.023964232,-0.2112071,0.034704383,-0.0684975,-0.0019488322,0.4108057,-0.002357696,-0.01603855,-0.025992252,0.0,0.0,0.0,0.0008307348,0.0007378077,0.0,0.0,0.0,0.0,0.0,0.0,0.0,0.0,0.0,0.015145725,0.0,0.0,0.00092926103,0.0,-0.000584473,-0.0010072148,0.04297691,0.0,0.0,0.0,0.0045782216,0.00445473,0.0,0.0,0.0043345336,0.0016725662,0.0,0.0,0.0,0.00027127887,0.0,-0.024369612,-0.0043167993,0.006027005,-0.00011010592,0.0,0.0,-0.009116486,0.0,0.0,0.0,0.00048354038,0.0,0.0,0.0,0.0017480715,0.0,0.0,0.0,0.0007393464,0.0004547168,-0.002859552,0.0015016685,0.0,-0.0030172018,0.0,0.0,-0.0007002461,0.0,0.0,0.0,0.0015584708,-0.0023894818,0.0,0.0,0.0,0.0,0.0,0.0052007046,0.0,0.0,0.0,0.0,0.0,-0.0006498745,0.0,0.0,-0.032571167,0.009583325,0.00037078466,0.0011502143,0.0044936575,0.00054869946,0.0012738365,0.0,0.0,0.0006083724,0.0,0.0,0.0,0.0,-0.0039109816,0.0,0.006054437,0.0,0.0,-0.0006181117,0.0,-0.006651384,0.0,0.0,0.0004596248,0.0013897421,0.0,0.0,0.0049699373,0.0,-0.001038024,-2.7182645e-05,0.0,0.0,0.0,0.005405026,0.0,-0.0037901262,-0.0019785794,0.0013634444,0.0,0.0031759788,0.0,-0.0010416033
-0.39807576,0.6611542,-0.00927843,0.0,0.0,-0.012261665,-0.0048258984,-0.017432304,-0.016378092,0.00093416625,-0.060583703,-0.010386075,-0.0024930155,-0.0235019,0.060990248,-0.015196229,-0.0053136917,0.0002521741,0.000457234,-8.6259795e-05,0.0,0.50361526,0.083565585,-0.2876158,0.0,-0.088557,-0.21810165,0.023815466,-0.2112071,0.03474194,-0.06929725,-0.0018035885,0.41795355,0.0069647967,-0.01603855,-0.025163602,0.0,0.0,0.0,0.0008307348,0.0007378077,0.0,0.0,0.0,0.0,0.0,0.0,0.0,0.0,0.0,0.015114784,0.0,0.0,0.00092926103,0.0,-0.000584473,-0.0010072148,0.04297691,0.0,0.0,0.0,0.0045782216,0.00445473,0.0,0.0,0.0043206248,0.0016725662,0.0,0.0,0.0,0.00027127887,0.0,-0.024369612,-0.0035089008,0.006027005,-0.00011010592,0.0,0.0,-0.009116486,0.0,0.0,0.0,0.00048354038,0.0,0.0,0.0,0.0017480715,0.0,0.0,0.0,0.0007393464,0.000529852,-0.002859552,0.0015136208,0.0,-0.0030176884,0.0,0.0,-0.0007002461,0.0,0.0,0.0,0.0015584708,-0.0023894818,0.0,0.0,0.0,0.0,0.0,0.0052007046,0.0,0.0,0.0,0.0,0.0,-0.0006498745,0.0,0.0,-0.032571167,0.009645911,0.00037078466,0.0011502143,0.0044936575,0.00054869946,0.0012876334,0.0,0.0,0.0006083724,0.0,0.0,0.0,0.0,-0.0039090286,0.0,0.0060111587,0.0,0.0,-0.0006181117,0.0,-0.006651384,0.0,0.0,0.0004596248,0.0013897421,0.0,0.0,0.0049699373,0.0,-0.001038024,-2.7182645e-05,0.0,0.0,0.0,0.005405026,0.0,-0.0037901262,-0.0019785794,0.0013726571,0.0,0.0032393038,0.0,-0.0010416033
-0.34024122,-0.037531815,0.009764476,0.0,0.0,0.133762,0.14390354,-0.024581006,0.30426693,0.0008731667,-0.021171913,0.037370656,-0.005760716,-0.02925147,-0.011722661,-0.07685584,-0.0012076424,0.0014459946,-8.2903214e-05,0.0016223406,0.0,0.32180685,-0.6272938,-0.007908012,0.0,0.046978455,0.09600381,0.029248267,0.044818453,0.04729865,-0.029073918,0.0006304056,-0.13600239,-0.0020643093,0.0013974695,0.017857803,0.0,0.0,0.0,0.0008238964,0.00074518,0.0,0.0,0.0,0.0,0.0,0.0,0.0,0.0,0.0,0.015726887,0.0,0.0,0.0007937185,0.0,-0.000306557,-0.0010050259,-0.0012765876,0.0,0.0,0.0,0.008116315,0.00445473,0.0,0.0,0.0011565427,0.0016759809,0.0,0.0,0.0,0.00035080733,0.0,-0.020918136,-0.0040713972,0.009364821,-0.00047177164,0.0,0.0,-0.0039755045,0.0,0.0,0.0,0.003152688,0.0,0.0,0.0,0.0038577223,0.0,0.0,0.0,0.0007393464,0.00022437566,-0.0028856618,0.00056706305,0.0,-0.002995475,0.0,0.0,-0.0007002461,0.0,0.0,0.0,0.0018048827,-0.0025704287,0.0,0.0,0.0,0.0,0.0,0.005994153,0.0,0.0,0.0,0.0,0.0,-0.0006498745,0.0,0.0,0.44854972,0.009284003,0.0010298891,0.0011501252,0.008614489,0.00032259544,0.0027050409,0.0,0.0,0.0006291236,0.0,0.0,0.0,0.0,-0.0037617898,0.0,0.006658816,0.0,0.0,-0.0003949597,0.0,-0.0052380124,0.0,0.0,0.0004593142,0.0013897421,0.0,0.0,0.0067740846,0.0,-0.0004221528,-3.62122e-05,0.0,0.0,0.0,0.0047457684,0.0,-0.0046457523,-0.0028370423,0.0013080108,0.0,0.0020522105,0.0,-0.0010304308
-0.34024122,-0.037531815,0.009764476,0.0,0.0,0.133762,0.14390354,-0.024581006,0.30426693,0.0008731667,-0.021171913,0.037370656,-0.005760716,-0.02925147,-0.011722661,-0.07685584,-0.0012076424,0.0014459946,-8.2903214e-05,0.0016223406,0.0,0.32180685,-0.6272938,-0.007908012,0.0,0.046978455,0.09600381,0.029248267,0.044818453,0.04729865,-0.029073918,0.0006304056,-0.13600239,-0.0020643093,0.0013974695,0.017857803,0.0,0.0,0.0,0.0008238964,0.00074518,0.0,0.0,0.0,0.0,0.0,0.0,0.0,0.0,0.0,0.015726887,0.0,0.0,0.0007937185,0.0,-0.000306557,-0.0010050259,-0.0012765876,0.0,0.0,0.0,0.008116315,0.00445473,0.0,0.0,0.0011565427,0.0016759809,0.0,0.0,0.0,0.00035080733,0.0,-0.020918136,-0.0040713972,0.009364821,-0.00047177164,0.0,0.0,-0.0039755045,0.0,0.0,0.0,0.003152688,0.0,0.0,0.0,0.0038577223,0.0,0.0,0.0,0.0007393464,0.00022437566,-0.0028856618,0.00056706305,0.0,-0.002995475,0.0,0.0,-0.0007002461,0.0,0.0,0.0,0.0018048827,-0.0025704287,0.0,0.0,0.0,0.0,0.0,0.005994153,0.0,0.0,0.0,0.0,0.0,-0.0006498745,0.0,0.0,0.44854972,0.009284003,0.0010298891,0.0011501252,0.008614489,0.00032259544,0.0027050409,0.0,0.0,0.0006291236,0.0,0.0,0.0,0.0,-0.0037617898,0.0,0.006658816,0.0,0.0,-0.0003949597,0.0,-0.0052380124,0.0,0.0,0.0004593142,0.0013897421,0.0,0.0,0.0067740846,0.0,-0.0004221528,-3.62122e-05,0.0,0.0,0.0,0.0047457684,0.0,-0.0046457523,-0.0028370423,0.0013080108,0.0,0.0020522105,0.0,-0.0010304308
-0.34024122,-0.037531815,0.009764476,0.0,0.0,0.133762,0.14390354,-0.024581006,0.30426693,0.0008731667,-0.021171913,0.037370656,-0.005760716,-0.02925147,-0.011722661,-0.07685584,-0.0012076424,0.0014459946,-8.2903214e-05,0.0016223406,0.0,0.32180685,-0.6272938,-0.007908012,0.0,0.046978455,0.09600381,0.029248267,0.044818453,0.04729865,-0.029073918,0.0006304056,-0.13600239,-0.0020643093,0.0013974695,0.017857803,0.0,0.0,0.0,0.0008238964,0.00074518,0.0,0.0,0.0,0.0,0.0,0.0,0.0,0.0,0.0,0.015726887,0.0,0.0,0.0007937185,0.0,-0.000306557,-0.0010050259,-0.0012765876,0.0,0.0,0.0,0.008116315,0.00445473,0.0,0.0,0.0011565427,0.0016759809,0.0,0.0,0.0,0.00035080733,0.0,-0.020918136,-0.0040713972,0.009364821,-0.00047177164,0.0,0.0,-0.0039755045,0.0,0.0,0.0,0.003152688,0.0,0.0,0.0,0.0038577223,0.0,0.0,0.0,0.0007393464,0.00022437566,-0.0028856618,0.00056706305,0.0,-0.002995475,0.0,0.0,-0.0007002461,0.0,0.0,0.0,0.0018048827,-0.0025704287,0.0,0.0,0.0,0.0,0.0,0.005994153,0.0,0.0,0.0,0.0,0.0,-0.0006498745,0.0,0.0,0.44854972,0.009284003,0.0010298891,0.0011501252,0.008614489,0.00032259544,0.0027050409,0.0,0.0,0.0006291236,0.0,0.0,0.0,0.0,-0.0037617898,0.0,0.006658816,0.0,0.0,-0.0003949597,0.0,-0.0052380124,0.0,0.0,0.0004593142,0.0013897421,0.0,0.0,0.0067740846,0.0,-0.0004221528,-3.62122e-05,0.0,0.0,0.0,0.0047457684,0.0,-0.0046457523,-0.0028370423,0.0013080108,0.0,0.0020522105,0.0,-0.0010304308
-0.34024122,-0.037531815,0.009764476,0.0,0.0,0.133762,0.14390354,-0.024581006,0.30426693,0.0008731667,-0.021171913,0.037370656,-0.005760716,-0.02925147,-0.011722661,-0.07685584,-0.0012076424,0.0014459946,-8.2903214e-05,0.0016223406,0.0,0.32180685,-0.6272938,-0.007908012,0.0,0.046978455,0.09600381,0.029248267,0.044818453,0.04729865,-0.029073918,0.0006304056,-0.13600239,-0.0020643093,0.0013974695,0.017857803,0.0,0.0,0.0,0.0008238964,0.00074518,0.0,0.0,0.0,0.0,0.0,0.0,0.0,0.0,0.0,0.015726887,0.0,0.0,0.0007937185,0.0,-0.000306557,-0.0010050259,-0.0012765876,0.0,0.0,0.0,0.008116315,0.00445473,0.0,0.0,0.0011565427,0.0016759809,0.0,0.0,0.0,0.00035080733,0.0,-0.020918136,-0.0040713972,0.009364821,-0.00047177164,0.0,0.0,-0.0039755045,0.0,0.0,0.0,0.003152688,0.0,0.0,0.0,0.0038577223,0.0,0.0,0.0,0.0007393464,0.00022437566,-0.0028856618,0.00056706305,0.0,-0.002995475,0.0,0.0,-0.0007002461,0.0,0.0,0.0,0.0018048827,-0.0025704287,0.0,0.0,0.0,0.0,0.0,0.005994153,0.0,0.0,0.0,0.0,0.0,-0.0006498745,0.0,0.0,0.44854972,0.009284003,0.0010298891,0.0011501252,0.008614489,0.00032259544,0.0027050409,0.0,0.0,0.0006291236,0.0,0.0,0.0,0.0,-0.0037617898,0.0,0.006658816,0.0,0.0,-0.0003949597,0.0,-0.0052380124,0.0,0.0,0.0004593142,0.0013897421,0.0,0.0,0.0067740846,0.0,-0.0004221528,-3.62122e-05,0.0,0.0,0.0,0.0047457684,0.0,-0.0046457523,-0.0028370423,0.0013080108,0.0,0.0020522105,0.0,-0.0010304308
-0.34024122,-0.037531815,0.009764476,0.0,0.0,0.133762,0.14390354,-0.024581006,0.30426693,0.0008731667,-0.021171913,0.037370656,-0.005760716,-0.02925147,-0.011722661,-0.07685584,-0.0012076424,0.0014459946,-8.2903214e-05,0.0016223406,0.0,0.32180685,-0.6272938,-0.007908012,0.0,0.046978455,0.09600381,0.029248267,0.044818453,0.04729865,-0.029073918,0.0006304056,-0.13600239,-0.0020643093,0.0013974695,0.017857803,0.0,0.0,0.0,0.0008238964,0.00074518,0.0,0.0,0.0,0.0,0.0,0.0,0.0,0.0,0.0,0.015726887,0.0,0.0,0.0007937185,0.0,-0.000306557,-0.0010050259,-0.0012765876,0.0,0.0,0.0,0.008116315,0.00445473,0.0,0.0,0.0011565427,0.0016759809,0.0,0.0,0.0,0.00035080733,0.0,-0.020918136,-0.0040713972,0.009364821,-0.00047177164,0.0,0.0,-0.0039755045,0.0,0.0,0.0,0.003152688,0.0,0.0,0.0,0.0038577223,0.0,0.0,0.0,0.0007393464,0.00022437566,-0.0028856618,0.00056706305,0.0,-0.002995475,0.0,0.0,-0.0007002461,0.0,0.0,0.0,0.0018048827,-0.0025704287,0.0,0.0,0.0,0.0,0.0,0.005994153,0.0,0.0,0.0,0.0,0.0,-0.0006498745,0.0,0.0,0.44854972,0.009284003,0.0010298891,0.0011501252,0.008614489,0.00032259544,0.0027050409,0.0,0.0,0.0006291236,0.0,0.0,0.0,0.0,-0.0037617898,0.0,0.006658816,0.0,0.0,-0.0003949597,0.0,-0.0052380124,0.0,0.0,0.0004593142,0.0013897421,0.0,0.0,0.0067740846,0.0,-0.0004221528,-3.62122e-05,0.0,0.0,0.0,0.0047457684,0.0,-0.0046457523,-0.0028370423,0.0013080108,0.0,0.0020522105,0.0,-0.0010304308
-0.32487962,0.48471737,-0.00894359,0.0,0.0,-0.024239432,-0.0029579597,-0.019332744,-0.009994522,0.00093416625,-0.048331395,-0.01767512,-0.0047301385,-0.010405365,-0.02434947,0.08837135,0.10842898,-0.0109838545,0.000457234,-8.6259795e-05,0.0,0.02456791,0.054422684,-0.001329712,0.0,-0.10417956,-0.15061912,0.015890146,-0.0013579784,0.0143000875,0.06694235,0.008070414,0.11345774,-0.0012592531,0.0013176774,0.018968644,0.0,0.0,0.0,0.00083074445,0.00073100853,0.0,0.0,0.0,0.0,0.0,0.0,0.0,0.0,0.0,0.018515434,0.0,0.0,0.0007937185,0.0,-0.000584473,-0.0010076308,-8.386171e-05,0.0,0.0,0.0,0.0050395546,0.00445473,0.0,0.0,0.0032565948,0.001674384,0.0,0.0,0.0,0.00031279263,0.0,-0.024227712,-0.00415049,0.0055829184,-0.0006049097,0.0,0.0,-0.008084304,0.0,0.0,0.0,0.00031837914,0.0,0.0,0.0,0.0015371441,0.0,0.0,0.0,0.0007393464,0.0004547168,-0.002859552,0.00056657323,0.0,-0.004133007,0.0,0.0,-0.0007002461,0.0,0.0,0.0,0.00080112583,-0.0026235373,0.0,0.0,0.0,0.0,0.0,0.005230622,0.0,0.0,0.0,0.0,0.0,-0.0006498745,0.0,0.0,-0.030691726,0.005912947,0.0005246742,0.0011516241,0.008596164,0.00054869946,0.0012942132,0.0,0.0,0.0006097374,0.0,0.0,0.0,0.0,-0.0039203456,0.0,0.0055444064,0.0,0.0,-0.0006181117,0.0,-0.006651384,0.0,0.0,0.0004596248,0.0013897421,0.0,0.0,0.0063669034,0.0,-0.0004221528,-2.4905106e-05,0.0,0.0,0.0,0.0054123774,0.0,-0.0041179885,-0.002531409,0.0013476472,0.0,0.0031900695,0.0,-0.0010652984
-0.32487962,0.48471737,-0.00894359,0.0,0.0,-0.024239432,-0.0029579597,-0.019332744,-0.009994522,0.00093416625,-0.048331395,-0.01767512,-0.0047301385,-0.010405365,-0.02434947,0.08837135,0.10842898,-0.0109838545,0.000457234,-8.6259795e-05,0.0,0.02456791,0.054422684,-0.001329712,0.0,-0.10417956,-0.15061912,0.015890146,-0.0013579784,0.0143000875,0.06694235,0.008070414,0.11345774,-0.0012592531,0.0013176774,0.018968644,0.0,0.0,0.0,0.00083074445,0.00073100853,0.0,0.0,0.0,0.0,0.0,0.0,0.0,0.0,0.0,0.018515434,0.0,0.0,0.0007937185,0.0,-0.000584473,-0.0010076308,-8.386171e-05,0.0,0.0,0.0,0.0050395546,0.00445473,0.0,0.0,0.0032565948,0.001674384,0.0,0.0,0.0,0.00031279263,0.0,-0.024227712,-0.00415049,0.0055829184,-0.0006049097,0.0,0.0,-0.008084304,0.0,0.0,0.0,0.00031837914,0.0,0.0,0.0,0.0015371441,0.0,0.0,0.0,0.0007393464,0.0004547168,-0.002859552,0.00056657323,0.0,-0.004133007,0.0,0.0,-0.0007002461,0.0,0.0,0.0,0.00080112583,-0.0026235373,0.0,0.0,0.0,0.0,0.0,0.005230622,0.0,0.0,0.0,0.0,0.0,-0.0006498745,0.0,0.0,-0.030691726,0.005912947,0.0005246742,0.0011516241,0.008596164,0.00054869946,0.0012942132,0.0,0.0,0.0006097374,0.0,0.0,0.0,0.0,-0.0039203456,0.0,0.0055444064,0.0,0.0,-0.0006181117,0.0,-0.006651384,0.0,0.0,0.0004596248,0.0013897421,0.0,0.0,0.0063669034,0.0,-0.0004221528,-2.4905106e-05,0.0,0.0,0.0,0.0054123774,0.0,-0.0041179885,-0.002531409,0.0013476472,0.0,0.0031900695,0.0,-0.0010652984
-0.32487962,0.48471737,-0.00894359,0.0,0.0,-0.024239432,-0.0029579597,-0.019332744,-0.009994522,0.00093416625,-0.048331395,-0.01767512,-0.0047301385,-0.010405365,-0.02434947,0.08837135,0.10842898,-0.0109838545,0.000457234,-8.6259795e-05,0.0,0.02456791,0.054422684,-0.001329712,0.0,-0.10417956,-0.15061912,0.015890146,-0.0013579784,0.0143000875,0.06694235,0.008070414,0.11345774,-0.0012592531,0.0013176774,0.018968644,0.0,0.0,0.0,0.00083074445,0.00073100853,0.0,0.0,0.0,0.0,0.0,0.0,0.0,0.0,0.0,0.018515434,0.0,0.0,0.0007937185,0.0,-0.000584473,-0.0010076308,-8.386171e-05,0.0,0.0,0.0,0.0050395546,0.00445473,0.0,0.0,0.0032565948,0.001674384,0.0,0.0,0.0,0.00031279263,0.0,-0.024227712,-0.00415049,0.0055829184,-0.0006049097,0.0,0.0,-0.008084304,0.0,0.0,0.0,0.00031837914,0.0,0.0,0.0,0.0015371441,0.0,0.0,0.0,0.0007393464,0.0004547168,-0.002859552,0.00056657323,0.0,-0.004133007,0.0,0.0,-0.0007002461,0.0,0.0,0.0,0.00080112583,-0.0026235373,0.0,0.0,0.0,0.0,0.0,0.005230622,0.0,0.0,0.0,0.0,0.0,-0.0006498745,0.0,0.0,-0.030691726,0.005912947,0.0005246742,0.0011516241,0.008596164,0.00054869946,0.0012942132,0.0,0.0,0.0006097374,0.0,0.0,0.0,0.0,-0.0039203456,0.0,0.0055444064,0.0,0.0,-0.0006181117,0.0,-0.006651384,0.0,0.0,0.0004596248,0.0013897421,0.0,0.0,0.0063669034,0.0,-0.0004221528,-2.4905106e-05,0.0,0.0,0.0,0.0054123774,0.0,-0.0041179885,-0.002531409,0.0013476472,0.0,0.0031900695,0.0,-0.0010652984
-0.32487962,0.48471737,-0.00894359,0.0,0.0,-0.024239432,-0.0029579597,-0.019332744,-0.009994522,0.00093416625,-0.048331395,-0.01767512,-0.0047301385,-0.010405365,-0.02434947,0.08837135,0.10842898,-0.0109838545,0.000457234,-8.6259795e-05,0.0,0.02456791,0.054422684,-0.001329712,0.0,-0.10417956,-0.15061912,0.015890146,-0.0013579784,0.0143000875,0.06694235,0.008070414,0.11345774,-0.0012592531,0.0013176774,0.018968644,0.0,0.0,0.0,0.00083074445,0.00073100853,0.0,0.0,0.0,0.0,0.0,0.0,0.0,0.0,0.0,0.018515434,0.0,0.0,0.0007937185,0.0,-0.000584473,-0.0010076308,-8.386171e-05,0.0,0.0,0.0,0.0050395546,0.00445473,0.0,0.0,0.0032565948,0.001674384,0.0,0.0,0.0,0.00031279263,0.0,-0.024227712,-0.00415049,0.0055829184,-0.0006049097,0.0,0.0,-0.008084304,0.0,0.0,0.0,0.00031837914,0.0,0.0,0.0,0.0015371441,0.0,0.0,0.0,0.0007393464,0.0004547168,-0.002859552,0.00056657323,0.0,-0.004133007,0.0,0.0,-0.0007002461,0.0,0.0,0.0,0.00080112583,-0.0026235373,0.0,0.0,0.0,0.0,0.0,0.005230622,0.0,0.0,0.0,0.0,0.0,-0.0006498745,0.0,0.0,-0.030691726,0.005912947,0.0005246742,0.0011516241,0.008596164,0.00054869946,0.0012942132,0.0,0.0,0.0006097374,0.0,0.0,0.0,0.0,-0.0039203456,0.0,0.0055444064,0.0,0.0,-0.0006181117,0.0,-0.006651384,0.0,0.0,0.0004596248,0.0013897421,0.0,0.0,0.0063669034,0.0,-0.0004221528,-2.4905106e-05,0.0,0.0,0.0,0.0054123774,0.0,-0.0041179885,-0.002531409,0.0013476472,0.0,0.0031900695,0.0,-0.0010652984
-0.32487962,0.48471737,-0.00894359,0.0,0.0,-0.024239432,-0.0029579597,-0.019332744,-0.009994522,0.00093416625,-0.048331395,-0.01767512,-0.0047301385,-0.010405365,-0.02434947,0.08837135,0.10842898,-0.0109838545,0.000457234,-8.6259795e-05,0.0,0.02456791,0.054422684,-0.001329712,0.0,-0.10417956,-0.15061912,0.015890146,-0.0013579784,0.0143000875,0.06694235,0.008070414,0.11345774,-0.0012592531,0.0013176774,0.018968644,0.0,0.0,0.0,0.00083074445,0.00073100853,0.0,0.0,0.0,0.0,0.0,0.0,0.0,0.0,0.0,0.018515434,0.0,0.0,0.0007937185,0.0,-0.000584473,-0.0010076308,-8.386171e-05,0.0,0.0,0.0,0.0050395546,0.00445473,0.0,0.0,0.0032565948,0.001674384,0.0,0.0,0.0,0.00031279263,0.0,-0.024227712,-0.00415049,0.0055829184,-0.0006049097,0.0,0.0,-0.008084304,0.0,0.0,0.0,0.00031837914,0.0,0.0,0.0,0.0015371441,0.0,0.0,0.0,0.0007393464,0.0004547168,-0.002859552,0.00056657323,0.0,-0.004133007,0.0,0.0,-0.0007002461,0.0,0.0,0.0,0.00080112583,-0.0026235373,0.0,0.0,0.0,0.0,0.0,0.005230622,0.0,0.0,0.0,0.0,0.0,-0.0006498745,0.0,0.0,-0.030691726,0.005912947,0.0005246742,0.0011516241,0.008596164,0.00054869946,0.0012942132,0.0,0.0,0.0006097374,0.0,0.0,0.0,0.0,-0.0039203456,0.0,0.0055444064,0.0,0.0,-0.0006181117,0.0,-0.006651384,0.0,0.0,0.0004596248,0.0013897421,0.0,0.0,0.0063669034,0.0,-0.0004221528,-2.4905106e-05,0.0,0.0,0.0,0.0054123774,0.0,-0.0041179885,-0.002531409,0.0013476472,0.0,0.0031900695,0.0,-0.0010652984
-0.14291267,-0.22360274,-0.010391563,0.0,0.0,-0.02347595,-0.0056793992,-0.026778473,-0.013750808,0.0011546209,0.051256076,0.042275213,-0.0150923235,0.18216296,-0.0070977104,-0.113322444,-0.00053469086,0.0059899986,3.3621058e-05,-5.672287e-05,0.0,-0.07906213,-0.13629942,0.012685219,0.0,0.07898525,0.29871178,0.018581374,0.017779794,0.04884671,-0.036353804,0.0014985473,-0.19363758,0.00554651,0.0014909225,-0.029871339,0.0,0.0,0.0,0.0008187632,0.00075713877,0.0,0.0,0.0,0.0,0.0,0.0,0.0,0.0,0.0,0.014250149,0.0,0.0,0.00046822935,0.0,-0.000306557,-0.00062501803,-8.386171e-05,0.0,0.0,0.0,0.0082273325,0.0065670195,0.0,0.0,0.00082831614,0.0016732523,0.0,0.0,0.0,0.0016114563,0.0,-0.020787653,-0.004267939,0.002973985,3.3606637e-05,0.0,0.0,-0.0046537747,0.0,0.0,0.0,0.0031119867,0.0,0.0,0.0,0.00361238,0.0,0.0,0.0,0.0007393464,0.0004547168,-0.00289974,0.00056657323,0.0,-0.002183287,0.0,0.0,-0.0007002461,0.0,0.0,0.0,0.0018318833,-0.002874394,0.0,0.0,0.0,0.0,0.0,0.002120739,0.0,0.0,0.0,0.0,0.0,-0.00023579012,0.0,0.0,-0.02672518,0.009038427,0.00091923645,0.00114823,0.01356794,0.00054869946,0.002688896,0.0,0.0,0.0006318545,0.0,0.0,0.0,0.0,-0.0033809498,0.0,0.0051566684,0.0,0.0,-0.00024400419,0.0,-0.0021115271,0.0,0.0,0.00046355,0.0005704345,0.0,0.0,0.006167894,0.0,-0.0004221528,-2.4905106e-05,0.0,0.0,0.0,0.0037217862,0.0,-0.003030276,-0.00491068,0.0013110292,0.0,0.0031706246,0.0,-0.0007688047
-0.3307788,-0.18120609,-0.4298282,0.0,0.0,-0.021889018,-0.0056639905,-0.025880363,-0.01247249,0.001076167,-0.02325216,0.07210482,-0.015091398,0.037945792,-0.003743985,-0.014281355,-0.0061201216,0.004463639,-0.00012577201,-5.672287e-05,0.0,0.00085418386,0.04499392,-0.0016386282,0.0,0.07460944,0.22560641,0.011060774,0.017308377,0.0377484,-0.029436352,0.00053151033,-0.4064439,0.008002556,0.0014909225,-0.017706808,0.0,0.0,0.0,0.0008187632,0.0007556181,0.0,0.0,0.0,0.0,0.0,0.0,0.0,0.0,0.0,0.013841975,0.0,0.0,0.0006373632,0.0,-0.000306557,-0.0012743132,-8.386171e-05,0.0,0.0,0.0,0.00799681,0.0065670195,0.0,0.0,0.0008310637,0.0016694204,0.0,0.0,0.0,0.0016362813,0.0,-0.020798622,-0.004489396,0.0027432851,-0.0004974831,0.0,0.0,-0.0051051667,0.0,0.0,0.0,0.0030789746,0.0,0.0,0.0,0.0038577223,0.0,0.0,0.0,0.0007393464,0.0004547168,-0.0028867342,0.00056657323,0.0,-0.0017475971,0.0,0.0,-0.0007002461,0.0,0.0,0.0,0.0018318833,-0.002874394,0.0,0.0,0.0,0.0,0.0,0.0023845814,0.0,0.0,0.0,0.0,0.0,-0.00023579012,0.0,0.0,-0.015959177,0.009036087,0.00091923645,0.0011484371,0.00877118,0.00054869946,0.0026666615,0.0,0.0,0.0006319006,0.0,0.0,0.0,0.0,-0.0044750394,0.0,0.0064546824,0.0,0.0,-0.00024400419,0.0,-0.002065682,0.0,0.0,0.00046355,0.0013897421,0.0,0.0,0.006479853,0.0,-0.00057285745,-3.62122e-05,0.0,0.0,0.0,0.004593059,0.0,-0.0043109213,-0.0025323953,0.0013111335,0.0,0.0014092388,0.0,-0.0011039949
-0.32403424,-0.17758362,-0.003251171,0.0,0.0,-0.021889018,-0.0056639905,-0.025880363,-0.012063566,0.001076167,-0.014260434,0.044742938,-0.015101482,0.041739367,-0.0077553713,-0.020634834,-0.0061201216,0.004463639,-0.00012577201,-5.672287e-05,0.0,0.0031034488,0.06192995,0.07760969,0.0,0.07625521,0.2271796,0.021726007,0.01624007,0.03762391,-0.029772207,0.00053151033,-0.2322927,0.008002556,0.0014909225,-0.018067762,0.0,0.0,0.0,0.0008187632,0.0007556181,0.0,0.0,0.0,0.0,0.0,0.0,0.0,0.0,0.0,0.0144313555,0.0,0.0,0.0007937185,0.0,-0.000306557,-0.0012744151,-8.386171e-05,0.0,0.0,0.0,0.008125546,0.0065670195,0.0,0.0,0.0008310637,0.0016733641,0.0,0.0,0.0,0.0016362813,0.0,-0.020792453,-0.004368394,0.0031325545,3.0511226e-05,0.0,0.0,-0.0051051667,0.0,0.0,0.0,0.007214962,0.0,0.0,0.0,0.0038577223,0.0,0.0,0.0,0.0007393464,0.0004547168,-0.0028867342,0.00056657323,0.0,-0.0017467382,0.0,0.0,-0.0007002461,0.0,0.0,0.0,0.0018318833,-0.002874394,0.0,0.0,0.0,0.0,0.0,0.0023845814,0.0,0.0,0.0,0.0,0.0,-0.00023579012,0.0,0.0,-0.022215579,0.009038427,0.00091923645,0.0011484371,0.008962324,0.00054869946,0.0027087126,0.0,0.0,0.0006318545,0.0,0.0,0.0,0.0,-0.0037712532,0.0,0.006438084,0.0,0.0,-0.00024400419,0.0,-0.002065682,0.0,0.0,0.00046355,0.0013897421,0.0,0.0,0.006479853,0.0,-0.0004221528,-3.62122e-05,0.0,0.0,0.0,0.004673766,0.0,-0.0043109213,-0.002513936,0.0013111335,0.0,0.0014368942,0.0,-0.0010428702
-0.5006508,0.4218354,-0.0104807895,0.0,0.0,-0.022414166,-0.003434368,0.008941351,-0.007261089,0.0010329175,-0.11391319,-0.0025989302,-0.03970012,-0.008040563,-0.005880315,-0.018322198,-0.008414598,0.00240488,0.000457234,-8.0410246e-05,0.0,0.00091145135,0.05385278,-0.0013648247,0.0,-0.1098647,-0.0067818654,0.045058448,-0.004452021,0.03484753,0.06386135,-0.011239913,0.1209896,-0.0012592531,0.0030644932,0.018989196,0.0,0.0,0.0,0.00080826157,0.00071900943,0.0,0.0,0.0,0.0,0.0,0.0,0.0,0.0,0.0,-1.780382,0.0,0.0,0.00083524897,0.0,-0.000584473,-0.0010096896,-8.386171e-05,0.0,0.0,0.0,0.0039041934,0.004297995,0.0,0.0,0.004500394,0.0016093835,0.0,0.0,0.0,0.00027554663,0.0,-0.026641652,-0.005007255,0.0047267275,-0.00010944548,0.0,0.0,-0.009165123,0.0,0.0,0.0,-4.6023793e-05,0.0,0.0,0.0,0.0022550707,0.0,0.0,0.0,0.0007393464,0.0004547168,-0.002859552,0.0006180763,0.0,-0.0041338033,0.0,0.0,-0.0007002461,0.0,0.0,0.0,0.0007940588,-0.0026235373,0.0,0.0,0.0,0.0,0.0,0.004132094,0.0,0.0,0.0,0.0,0.0,-0.0006498745,0.0,0.0,-0.028786406,0.004310557,0.0005246742,0.0011109426,0.006734696,0.00054869946,0.0012265056,0.0,0.0,0.0006096517,0.0,0.0,0.0,0.0,-0.0037673698,0.0,0.004825018,0.0,0.0,-0.0006181117,0.0,-0.005923313,0.0,0.0,0.000424926,0.0011380289,0.0,0.0,0.004509482,0.0,-0.0027223225,-2.4905106e-05,0.0,0.0,0.0,0.0054123774,0.0,-0.004647774,-0.0031148843,0.0013819636,0.0,0.0015830118,0.0,-0.001036763
-0.57131433,-0.106620006,-0.009361677,0.0,0.0,0.03344788,-0.006397919,-0.021964654,0.005069512,0.0010329175,0.0010891573,-0.042082895,0.03840532,-0.0044559063,-0.0057771243,-0.016207544,-0.007062215,0.003949708,-0.007187865,-0.023405995,0.0,-0.0036811754,0.0561685,-0.0010830155,0.0,0.019159773,0.1455397,0.009004476,0.026674923,0.005132981,-0.09033896,0.0019457116,0.15671681,-0.0012592531,0.010568412,0.0085622175,0.0,0.0,0.0,0.0008238884,0.000726465,0.0,0.0,0.0,0.0,0.0,0.0,0.0,0.0,0.0,0.013365248,0.0,0.0,0.0007937185,0.0,-0.00020665546,-0.0010089354,-8.386171e-05,0.0,0.0,0.0,0.00794505,0.003159923,0.0,0.0,0.0008494496,0.001643407,0.0,0.0,0.0,0.0016581316,0.0,-0.029606186,-0.0059798392,0.009759923,-0.0004963399,0.0,0.0,-0.0055125304,0.0,0.0,0.0,0.002595241,0.0,0.0,0.0,0.0039126268,0.0,0.0,0.0,0.0007393464,0.0004547168,-0.0029397246,0.00051828474,0.0,-0.0039911596,0.0,0.0,-0.0007002461,0.0,0.0,0.0,0.0018318833,-0.0032854641,0.0,0.0,0.0,0.0,0.0,-0.5794425,0.0,0.0,0.0,0.0,0.0,-0.0006498745,0.0,0.0,-0.020083934,0.008614881,0.0010298891,0.0011410378,0.00728989,0.00032259544,0.0026780535,0.0,0.0,0.00058757805,0.0,0.0,0.0,0.0,-0.0038997843,0.0,0.0065186885,0.0,0.0,-0.0006181117,0.0,-0.006153335,0.0,0.0,0.00046012815,0.0013897421,0.0,0.0,0.0070518246,0.0,-0.0004221528,-2.4905106e-05,0.0,0.0,0.0,0.0052825604,0.0,-0.004587794,-0.0031344537,0.0013361864,0.0,0.0031044523,0.0,-0.0010261385
0.74119425,-0.06478622,-0.022430208,0.0,0.0,-0.024758086,-0.0036820625,-0.020699846,-0.0058762575,0.0010526718,-0.0706945,-0.016291913,-8.985581e-05,-0.014906778,0.110245906,0.16373053,0.094824836,-0.015124906,0.00023785852,-8.6259795e-05,0.0,0.056700513,0.101181775,-0.013367581,0.0,-0.22066486,-0.043585967,0.03691846,0.03157921,0.11202632,0.10499792,0.0007543214,0.22551519,-0.0010759498,0.0013395931,-0.025848325,0.0,0.0,0.0,0.00082441163,0.0007395572,0.0,0.0,0.0,0.0,0.0,0.0,0.0,0.0,0.0,0.015441175,0.0,0.0,0.0007937185,0.0,-0.0028835356,-0.0010072148,-8.386171e-05,0.0,0.0,0.0,0.004714422,0.00445473,0.0,0.0,0.0010618542,0.0016685533,0.0,0.0,0.0,0.0016518733,0.0,-0.0139032835,-0.0040154126,0.0048570493,-0.00055559835,0.0,0.0,-0.0040484266,0.0,0.0,0.0,0.0032341871,0.0,0.0,0.0,0.001521301,0.0,0.0,0.0,0.0007393464,0.000529852,-0.0028202422,0.00060272164,0.0,-0.00409435,0.0,0.0,-0.0007002461,0.0,0.0,0.0,0.0007103438,-0.0028428917,0.0,0.0,0.0,0.0,0.0,0.005305598,0.0,0.0,0.0,0.0,0.0,-0.0006498745,0.0,0.0,0.3790489,0.008837032,0.0005246742,0.0011501681,0.005746858,0.00054869946,0.0027362602,0.0,0.0,0.00061327143,0.0,0.0,0.0,0.0,-0.0038752684,0.0,0.0066965814,0.0,0.0,-0.0006181117,0.0,-0.006651384,0.0,0.0,0.00046012815,0.0013897421,0.0,0.0,0.019324953,0.0,-0.0004221528,-2.4905106e-05,0.0,0.0,0.0,0.014979985,0.0,-0.00445671,-0.002669806,0.0013236258,0.0,0.00335489,0.0,-0.0010504528
0.7256923,-0.1991032,-0.022430208,0.0,0.0,-0.024758086,-0.0036820625,-0.020699846,-0.0058762575,0.0010526718,-0.0706945,-0.016291913,-8.985581e-05,-0.014906778,0.110245906,0.16373053,0.094824836,-0.015124906,0.00023785852,-8.6259795e-05,0.0,0.08521564,0.101181775,-0.013367581,0.0,-0.22066486,-0.038173206,0.03691846,0.03157921,0.110352874,0.10499792,0.0007543214,0.22551519,-0.0010759498,0.0013395931,-0.025848325,0.0,0.0,0.0,0.00082441163,0.0007395572,0.0,0.0,0.0,0.0,0.0,0.0,0.0,0.0,0.0,0.015441175,0.0,0.0,0.0007937185,0.0,-0.0028835356,-0.0010072148,-8.386171e-05,0.0,0.0,0.0,0.004714422,0.00445473,0.0,0.0,0.0010618542,0.0016685533,0.0,0.0,0.0,0.0016518733,0.0,-0.0139032835,-0.0040154126,0.0048570493,-0.00055559835,0.0,0.0,-0.0040484266,0.0,0.0,0.0,0.0032341871,0.0,0.0,0.0,0.001521301,0.0,0.0,0.0,0.0007393464,0.000529852,-0.0028202422,0.00060272164,0.0,-0.00409435,0.0,0.0,-0.0007002461,0.0,0.0,0.0,0.0007103438,-0.0028428917,0.0,0.0,0.0,0.0,0.0,0.005305598,0.0,0.0,0.0,0.0,0.0,-0.0006498745,0.0,0.0,0.2606227,0.008837032,0.0005246742,0.0011501681,0.005746858,0.00054869946,0.0027362602,0.0,0.0,0.00061327143,0.0,0.0,0.0,0.0,-0.0038752684,0.0,0.0066965814,0.0,0.0,-0.0006181117,0.0,-0.006651384,0.0,0.0,0.00046012815,0.0013897421,0.0,0.0,0.019324953,0.0,-0.0004221528,-2.4905106e-05,0.0,0.0,0.0,0.014979985,0.0,-0.00445671,-0.002669806,0.0013236258,0.0,0.00335489,0.0,-0.0010504528
1.2057842,-0.23530002,0.13239639,0.0,0.0,0.07562506,-0.0029240905,0.07561052,0.0032308672,0.0012826,-0.002505363,-0.021223372,-0.0011800183,-0.0035642595,-0.004127245,-0.011179974,-0.008200795,-0.002802151,0.00023785852,-1.0744236e-05,0.0,0.00039334057,0.121987484,-0.0012251444,0.0,0.095185414,0.09270018,0.022232711,0.018835973,0.06281248,0.0025630954,-0.001133706,-0.23368002,-0.009336574,0.0020448817,0.02357388,0.0,0.0,0.0,0.0008187632,0.00063519063,0.0,0.0,0.0,0.0,0.0,0.0,0.0,0.0,0.0,0.012056601,0.0,0.0,0.0007666311,0.0,-0.0008068235,-0.0012784203,-8.131948e-05,0.0,0.0,0.0,0.008231594,0.005759334,0.0,0.0,0.0008506631,0.0016642092,0.0,0.0,0.0,0.0016422364,0.0,-0.017523395,-0.0041420097,0.0031347892,-0.0001984625,0.0,0.0,-0.0037321604,0.0,0.0,0.0,0.0030561741,0.0,0.0,0.0,0.0043406086,0.0,0.0,0.0,0.00033604202,0.0004547168,-0.0028307035,0.00056657323,0.0,-0.0039804983,0.0,0.0,-0.0007002461,0.0,0.0,0.0,0.0018318833,-0.0026510486,0.0,0.0,0.0,0.0,0.0,0.0024664553,0.0,0.0,0.0,0.0,0.0,-0.00059136044,0.0,0.0,-0.010910669,0.008264667,0.00091923645,0.0011279298,0.008032727,0.00032259544,0.0027059005,0.0,0.0,0.0006180181,0.0,0.0,0.0,0.0,-0.0021440885,0.0,0.0029535303,0.0,0.0,-0.00039360515,0.0,-0.0038401817,0.0,0.0,0.00043302763,0.0013897421,0.0,0.0,0.019135475,0.0,-0.0004221528,-2.4905106e-05,0.0,0.0,0.0,0.014979604,0.0,-0.00431026,-0.0047298297,0.001309729,0.0,0.0031198976,0.0,-0.0007402914
1.2057842,-0.23530002,0.13239639,0.0,0.0,0.07562506,-0.0029240905,0.07561052,0.0032308672,0.0012826,-0.002505363,-0.021223372,-0.0011800183,-0.0035642595,-0.004127245,-0.011179974,-0.008200795,-0.002802151,0.00023785852,-1.0744236e-05,0.0,0.00039334057,0.121987484,-0.0012251444,0.0,0.095185414,0.09270018,0.022232711,0.018835973,0.06281248,0.0025630954,-0.001133706,-0.23368002,-0.009336574,0.0020448817,0.02357388,0.0,0.0,0.0,0.0008187632,0.00063519063,0.0,0.0,0.0,0.0,0.0,0.0,0.0,0.0,0.0,0.012056601,0.0,0.0,0.0007666311,0.0,-0.0008068235,-0.0012784203,-8.131948e-05,0.0,0.0,0.0,0.008231594,0.005759334,0.0,0.0,0.0008506631,0.0016642092,0.0,0.0,0.0,0.0016422364,0.0,-0.017523395,-0.0041420097,0.0031347892,-0.0001984625,0.0,0.0,-0.0037321604,0.0,0.0,0.0,0.0030561741,0.0,0.0,0.0,0.0043406086,0.0,0.0,0.0,0.00033604202,0.0004547168,-0.0028307035,0.00056657323,0.0,-0.0039804983,0.0,0.0,-0.0007002461,0.0,0.0,0.0,0.0018318833,-0.0026510486,0.0,0.0,0.0,0.0,0.0,0.0024664553,0.0,0.0,0.0,0.0,0.0,-0.00059136044,0.0,0.0,-0.010910669,0.008264667,0.00091923645,0.0011279298,0.008032727,0.00032259544,0.0027059005,0.0,0.0,0.0006180181,0.0,0.0,0.0,0.0,-0.0021440885,0.0,0.0029535303,0.0,0.0,-0.00039360515,0.0,-0.0038401817,0.0,0.0,0.00043302763,0.0013897421,0.0,0.0,0.019135475,0.0,-0.0004221528,-2.4905106e-05,0.0,0.0,0.0,0.014979604,0.0,-0.00431026,-0.0047298297,0.001309729,0.0,0.0031198976,0.0,-0.0007402914
1.2057842,-0.23530002,0.13239639,0.0,0.0,0.07562506,-0.0029240905,0.07561052,0.0032308672,0.0012826,-0.002505363,-0.021223372,-0.0011800183,-0.0035642595,-0.004127245,-0.011179974,-0.008200795,-0.002802151,0.00023785852,-1.0744236e-05,0.0,0.00039334057,0.121987484,-0.0012251444,0.0,0.095185414,0.09270018,0.022232711,0.018835973,0.06281248,0.0025630954,-0.001133706,-0.23368002,-0.009336574,0.0020448817,0.02357388,0.0,0.0,0.0,0.0008187632,0.00063519063,0.0,0.0,0.0,0.0,0.0,0.0,0.0,0.0,0.0,0.012056601,0.0,0.0,0.0007666311,0.0,-0.0008068235,-0.0012784203,-8.131948e-05,0.0,0.0,0.0,0.008231594,0.005759334,0.0,0.0,0.0008506631,0.0016642092,0.0,0.0,0.0,0.0016422364,0.0,-0.017523395,-0.0041420097,0.0031347892,-0.0001984625,0.0,0.0,-0.0037321604,0.0,0.0,0.0,0.0030561741,0.0,0.0,0.0,0.0043406086,0.0,0.0,0.0,0.00033604202,0.0004547168,-0.0028307035,0.00056657323,0.0,-0.0039804983,0.0,0.0,-0.0007002461,0.0,0.0,0.0,0.0018318833,-0.0026510486,0.0,0.0,0.0,0.0,0.0,0.0024664553,0.0,0.0,0.0,0.0,0.0,-0.00059136044,0.0,0.0,-0.010910669,0.008264667,0.00091923645,0.0011279298,0.008032727,0.00032259544,0.0027059005,0.0,0.0,0.0006180181,0.0,0.0,0.0,0.0,-0.0021440885,0.0,0.0029535303,0.0,0.0,-0.00039360515,0.0,-0.0038401817,0.0,0.0,0.00043302763,0.0013897421,0.0,0.0,0.019135475,0.0,-0.0004221528,-2.4905106e-05,0.0,0.0,0.0,0.014979604,0.0,-0.00431026,-0.0047298297,0.001309729,0.0,0.0031198976,0.0,-0.0007402914
1.2057842,-0.23530002,0.13239639,0.0,0.0,0.07562506,-0.0029240905,0.07561052,0.0032308672,0.0012826,-0.002505363,-0.021223372,-0.0011800183,-0.0035642595,-0.004127245,-0.011179974,-0.008200795,-0.002802151,0.00023785852,-1.0744236e-05,0.0,0.00039334057,0.121987484,-0.0012251444,0.0,0.095185414,0.09270018,0.022232711,0.018835973,0.06281248,0.0025630954,-0.001133706,-0.23368002,-0.009336574,0.0020448817,0.02357388,0.0,0.0,0.0,0.0008187632,0.00063519063,0.0,0.0,0.0,0.0,0.0,0.0,0.0,0.0,0.0,0.012056601,0.0,0.0,0.0007666311,0.0,-0.0008068235,-0.0012784203,-8.131948e-05,0.0,0.0,0.0,0.008231594,0.005759334,0.0,0.0,0.0008506631,0.0016642092,0.0,0.0,0.0,0.0016422364,0.0,-0.017523395,-0.0041420097,0.0031347892,-0.0001984625,0.0,0.0,-0.0037321604,0.0,0.0,0.0,0.0030561741,0.0,0.0,0.0,0.0043406086,0.0,0.0,0.0,0.00033604202,0.0004547168,-0.0028307035,0.00056657323,0.0,-0.0039804983,0.0,0.0,-0.0007002461,0.0,0.0,0.0,0.0018318833,-0.0026510486,0.0,0.0,0.0,0.0,0.0,0.0024664553,0.0,0.0,0.0,0.0,0.0,-0.00059136044,0.0,0.0,-0.010910669,0.008264667,0.00091923645,0.0011279298,0.008032727,0.00032259544,0.0027059005,0.0,0.0,0.0006180181,0.0,0.0,0.0,0.0,-0.0021440885,0.0,0.0029535303,0.0,0.0,-0.00039360515,0.0,-0.0038401817,0.0,0.0,0.00043302763,0.0013897421,0.0,0.0,0.019135475,0.0,-0.0004221528,-2.4905106e-05,0.0,0.0,0.0,0.014979604,0.0,-0.00431026,-0.0047298297,0.001309729,0.0,0.0031198976,0.0,-0.0007402914
1.2057842,-0.23530002,0.13239639,0.0,0.0,0.07562506,-0.0029240905,0.07561052,0.0032308672,0.0012826,-0.002505363,-0.021223372,-0.0011800183,-0.0035642595,-0.004127245,-0.011179974,-0.008200795,-0.002802151,0.00023785852,-1.0744236e-05,0.0,0.00039334057,0.121987484,-0.0012251444,0.0,0.095185414,0.09270018,0.022232711,0.018835973,0.06281248,0.0025630954,-0.001133706,-0.23368002,-0.009336574,0.0020448817,0.02357388,0.0,0.0,0.0,0.0008187632,0.00063519063,0.0,0.0,0.0,0.0,0.0,0.0,0.0,0.0,0.0,0.012056601,0.0,0.0,0.0007666311,0.0,-0.0008068235,-0.0012784203,-8.131948e-05,0.0,0.0,0.0,0.008231594,0.005759334,0.0,0.0,0.0008506631,0.0016642092,0.0,0.0,0.0,0.0016422364,0.0,-0.017523395,-0.0041420097,0.0031347892,-0.0001984625,0.0,0.0,-0.0037321604,0.0,0.0,0.0,0.0030561741,0.0,0.0,0.0,0.0043406086,0.0,0.0,0.0,0.00033604202,0.0004547168,-0.0028307035,0.00056657323,0.0,-0.0039804983,0.0,0.0,-0.0007002461,0.0,0.0,0.0,0.0018318833,-0.0026510486,0.0,0.0,0.0,0.0,0.0,0.0024664553,0.0,0.0,0.0,0.0,0.0,-0.00059136044,0.0,0.0,-0.010910669,0.008264667,0.00091923645,0.0011279298,0.008032727,0.00032259544,0.0027059005,0.0,0.0,0.0006180181,0.0,0.0,0.0,0.0,-0.0021440885,0.0,0.0029535303,0.0,0.0,-0.00039360515,0.0,-0.0038401817,0.0,0.0,0.00043302763,0.0013897421,0.0,0.0,0.019135475,0.0,-0.0004221528,-2.4905106e-05,0.0,0.0,0.0,0.014979604,0.0,-0.00431026,-0.0047298297,0.001309729,0.0,0.0031198976,0.0,-0.0007402914
-0.3200161,0.5905141,0.031132817,0.0,0.0,0.13448031,0.13477843,-0.026219448,0.301099,0.0010329175,-0.0016722186,0.060790975,-0.013230598,-0.015656628,-0.030351203,0.069983095,0.059238456,0.0032628635,0.000457234,0.0016223406,0.0,0.26083612,-0.55376786,-0.007919108,0.0,0.033541653,-0.029022826,-0.059281338,0.026956044,0.05864379,-0.05726231,-0.00011778492,0.12454877,0.0071974997,0.00124614,0.012687963,0.0,0.0,0.0,0.00083044654,0.00074282184,0.0,0.0,0.0,0.0,0.0,0.0,0.0,0.0,0.0,0.01676214,0.0,0.0,0.0007937185,0.0,-0.000306557,-0.0010050259,-0.0012765876,0.0,0.0,0.0,0.008944759,0.00445473,0.0,0.0,0.0034506638,0.0016739584,0.0,0.0,0.0,0.00035008078,0.0,-0.019190969,-0.0037849166,0.005915503,-7.8975136e-05,0.0,0.0,-0.0073988447,0.0,0.0,0.0,0.0005440262,0.0,0.0,0.0,0.002546725,0.0,0.0,0.0,0.0007393464,0.00022437566,-0.002859552,0.00061856606,0.0,-0.0029784066,0.0,0.0,-0.0007002461,0.0,0.0,0.0,0.0018048827,-0.0022685798,0.0,0.0,0.0,0.0,0.0,0.0051706405,0.0,0.0,0.0,0.0,0.0,-0.0006498745,0.0,0.0,0.40856856,0.005996597,0.0005246742,0.0011508511,0.0069271736,0.00054869946,0.001273427,0.0,0.0,0.00062928937,0.0,0.0,0.0,0.0,-0.0037617898,0.0,0.0068868524,0.0,0.0,-0.0003949597,0.0,-0.006651384,0.0,0.0,0.0004596248,0.0013897421,0.0,0.0,0.0071676187,0.0,-0.0004221528,-3.62122e-05,0.0,0.0,0.0,0.0052036913,0.0,-0.0043235216,-0.0027573644,0.0013199595,0.0,0.001351083,0.0,-0.0010455027
-0.3200161,0.5905141,0.031132817,0.0,0.0,0.13448031,0.13477843,-0.026219448,0.301099,0.0010329175,-0.0016722186,0.060790975,-0.013230598,-0.015656628,-0.030351203,0.069983095,0.059238456,0.0032628635,0.000457234,0.0016223406,0.0,0.26083612,-0.55376786,-0.007919108,0.0,0.033541653,-0.029022826,-0.059281338,0.026956044,0.05864379,-0.05726231,-0.00011778492,0.12454877,0.0071974997,0.00124614,0.012687963,0.0,0.0,0.0,0.00083044654,0.00074282184,0.0,0.0,0.0,0.0,0.0,0.0,0.0,0.0,0.0,0.01676214,0.0,0.0,0.0007937185,0.0,-0.000306557,-0.0010050259,-0.0012765876,0.0,0.0,0.0,0.008944759,0.00445473,0.0,0.0,0.0034506638,0.0016739584,0.0,0.0,0.0,0.00035008078,0.0,-0.019190969,-0.0037849166,0.005915503,-7.8975136e-05,0.0,0.0,-0.0073988447,0.0,0.0,0.0,0.0005440262,0.0,0.0,0.0,0.002546725,0.0,0.0,0.0,0.0007393464,0.00022437566,-0.002859552,0.00061856606,0.0,-0.0029784066,0.0,0.0,-0.0007002461,0.0,0.0,0.0,0.0018048827,-0.0022685798,0.0,0.0,0.0,0.0,0.0,0.0051706405,0.0,0.0,0.0,0.0,0.0,-0.0006498745,0.0,0.0,0.40856856,0.005996597,0.0005246742,0.0011508511,0.0069271736,0.00054869946,0.001273427,0.0,0.0,0.00062928937,0.0,0.0,0.0,0.0,-0.0037617898,0.0,0.0068868524,0.0,0.0,-0.0003949597,0.0,-0.006651384,0.0,0.0,0.0004596248,0.0013897421,0.0,0.0,0.0071676187,0.0,-0.0004221528,-3.62122e-05,0.0,0.0,0.0,0.0052036913,0.0,-0.0043235216,-0.0027573644,0.0013199595,0.0,0.001351083,0.0,-0.0010455027
-0.3200161,0.5905141,0.031132817,0.0,0.0,0.13448031,0.13477843,-0.026219448,0.301099,0.0010329175,-0.0016722186,0.060790975,-0.013230598,-0.015656628,-0.030351203,0.069983095,0.059238456,0.0032628635,0.000457234,0.0016223406,0.0,0.26083612,-0.55376786,-0.007919108,0.0,0.033541653,-0.029022826,-0.059281338,0.026956044,0.05864379,-0.05726231,-0.00011778492,0.12454877,0.0071974997,0.00124614,0.012687963,0.0,0.0,0.0,0.00083044654,0.00074282184,0.0,0.0,0.0,0.0,0.0,0.0,0.0,0.0,0.0,0.01676214,0.0,0.0,0.0007937185,0.0,-0.000306557,-0.0010050259,-0.0012765876,0.0,0.0,0.0,0.008944759,0.00445473,0.0,0.0,0.0034506638,0.0016739584,0.0,0.0,0.0,0.00035008078,0.0,-0.019190969,-0.0037849166,0.005915503,-7.8975136e-05,0.0,0.0,-0.0073988447,0.0,0.0,0.0,0.0005440262,0.0,0.0,0.0,0.002546725,0.0,0.0,0.0,0.0007393464,0.00022437566,-0.002859552,0.00061856606,0.0,-0.0029784066,0.0,0.0,-0.0007002461,0.0,0.0,0.0,0.0018048827,-0.0022685798,0.0,0.0,0.0,0.0,0.0,0.0051706405,0.0,0.0,0.0,0.0,0.0,-0.0006498745,0.0,0.0,0.40856856,0.005996597,0.0005246742,0.0011508511,0.0069271736,0.00054869946,0.001273427,0.0,0.0,0.00062928937,0.0,0.0,0.0,0.0,-0.0037617898,0.0,0.0068868524,0.0,0.0,-0.0003949597,0.0,-0.006651384,0.0,0.0,0.0004596248,0.0013897421,0.0,0.0,0.0071676187,0.0,-0.0004221528,-3.62122e-05,0.0,0.0,0.0,0.0052036913,0.0,-0.0043235216,-0.0027573644,0.0013199595,0.0,0.001351083,0.0,-0.0010455027
-0.3200161,0.5905141,0.031132817,0.0,0.0,0.13448031,0.13477843,-0.026219448,0.301099,0.0010329175,-0.0016722186,0.060790975,-0.013230598,-0.015656628,-0.030351203,0.069983095,0.059238456,0.0032628635,0.000457234,0.0016223406,0.0,0.26083612,-0.55376786,-0.007919108,0.0,0.033541653,-0.029022826,-0.059281338,0.026956044,0.05864379,-0.05726231,-0.00011778492,0.12454877,0.0071974997,0.00124614,0.012687963,0.0,0.0,0.0,0.00083044654,0.00074282184,0.0,0.0,0.0,0.0,0.0,0.0,0.0,0.0,0.0,0.01676214,0.0,0.0,0.0007937185,0.0,-0.000306557,-0.0010050259,-0.0012765876,0.0,0.0,0.0,0.008944759,0.00445473,0.0,0.0,0.0034506638,0.0016739584,0.0,0.0,0.0,0.00035008078,0.0,-0.019190969,-0.0037849166,0.005915503,-7.8975136e-05,0.0,0.0,-0.0073988447,0.0,0.0,0.0,0.0005440262,0.0,0.0,0.0,0.002546725,0.0,0.0,0.0,0.0007393464,0.00022437566,-0.002859552,0.00061856606,0.0,-0.0029784066,0.0,0.0,-0.0007002461,0.0,0.0,0.0,0.0018048827,-0.0022685798,0.0,0.0,0.0,0.0,0.0,0.0051706405,0.0,0.0,0.0,0.0,0.0,-0.0006498745,0.0,0.0,0.40856856,0.005996597,0.0005246742,0.0011508511,0.0069271736,0.00054869946,0.001273427,0.0,0.0,0.00062928937,0.0,0.0,0.0,0.0,-0.0037617898,0.0,0.0068868524,0.0,0.0,-0.0003949597,0.0,-0.006651384,0.0,0.0,0.0004596248,0.0013897421,0.0,0.0,0.0071676187,0.0,-0.0004221528,-3.62122e-05,0.0,0.0,0.0,0.0052036913,0.0,-0.0043235216,-0.0027573644,0.0013199595,0.0,0.001351083,0.0,-0.0010455027
-0.3200161,0.54701537,0.031132817,0.0,0.0,0.138455,0.13477843,-0.026219448,0.301099,0.0010329175,-0.0005046341,0.06111129,-0.013230598,-0.023711516,-0.026198633,0.028915832,0.0554114,0.0032628635,0.000457234,0.0016223406,0.0,0.35282105,-0.33333972,-0.0008454183,0.0,0.03465953,-0.027912645,-0.059386384,0.027079985,0.05864379,-0.05726231,-0.00011778492,0.14853296,0.0071974997,0.00124614,-0.014720055,0.0,0.0,0.0,0.00083044654,0.00074282184,0.0,0.0,0.0,0.0,0.0,0.0,0.0,0.0,0.0,0.016835665,0.0,0.0,0.0007937185,0.0,-0.000306557,-0.0010050259,-0.0012765876,0.0,0.0,0.0,0.008976044,0.00445473,0.0,0.0,0.0034506638,0.0016739584,0.0,0.0,0.0,0.00035008078,0.0,-0.019190969,-0.003045348,0.005980229,-7.8975136e-05,0.0,0.0,-0.00738594,0.0,0.0,0.0,0.000564004,0.0,0.0,0.0,0.002546725,0.0,0.0,0.0,0.0007393464,0.00022437566,-0.002859552,0.00061856606,0.0,-0.0029784066,0.0,0.0,-0.0007002461,0.0,0.0,0.0,0.0018048827,-0.002255578,0.0,0.0,0.0,0.0,0.0,0.0051706405,0.0,0.0,0.0,0.0,0.0,-0.0006498745,0.0,0.0,0.42881474,0.005996597,0.0005246742,0.0011508511,0.0069271736,0.00054869946,0.001273427,0.0,0.0,0.00062928937,0.0,0.0,0.0,0.0,-0.0036991094,0.0,0.0068775383,0.0,0.0,-0.0003949597,0.0,-0.006651384,0.0,0.0,0.0004596248,0.0013897421,0.0,0.0,0.0071676187,0.0,-0.0004221528,-3.62122e-05,0.0,0.0,0.0,0.0052036913,0.0,-0.0043235216,-0.0027573644,0.0013199595,0.0,0.001351083,0.0,-0.0010295291
-0.46174735,-0.5294793,0.028596362,0.0,0.0,-0.0014599252,-0.0038467008,-0.024624184,-0.011282149,0.0009589351,-0.047192927,-0.034022495,-0.0063026436,-0.07471983,-0.0037563797,-0.038550936,-0.0045807464,0.00099648,0.00041436517,-2.820222e-05,0.0,0.31453443,-0.9456083,0.0035654528,0.0,-0.14938053,-0.12596907,0.0060493406,-0.015059538,0.03261892,-0.07768658,0.00047677488,-0.20812851,-0.0020643093,0.0012375005,-0.012411423,0.0,0.0,0.0,0.0008184723,0.0007317891,0.0,0.0,0.0,0.0,0.0,0.0,0.0,0.0,0.0,0.015445874,0.0,0.0,0.0007937185,0.0,0.0036529559,-0.0012720358,-8.386171e-05,0.0,0.0,0.0,0.008060967,0.0059012417,0.0,0.0,0.0008926495,0.0016522266,0.0,0.0,0.0,0.0014741818,0.0,-0.026601512,-0.0061690956,0.009319959,-0.00019940411,0.0,0.0,-0.009542406,0.0,0.0,0.0,0.0028831954,0.0,0.0,0.0,0.0023409203,0.0,0.0,0.0,0.0007393464,0.0004547168,-0.0028785923,0.00056706305,0.0,-0.0029519876,0.0,0.0,-0.0007002461,0.0,0.0,0.0,0.0007940588,-0.002648668,0.0,0.0,0.0,0.0,0.0,0.0022231892,0.0,0.0,0.0,0.0,0.0,-0.00059136044,0.0,0.0,-0.018092278,0.008728194,0.0004140216,0.0011400903,0.007698097,0.00032259544,0.0026715477,0.0,0.0,0.0006012678,0.0,0.0,0.0,0.0,-0.0039544012,0.0,0.0026154108,0.0,0.0,-0.0006181117,0.0,-0.002984306,0.0,0.0,0.00045863978,0.0013897421,0.0,0.0,0.0068216007,0.0,-0.0004221528,-3.62122e-05,0.0,0.0,0.0,0.0052690506,0.0,-0.004707266,-0.003144414,0.0012914006,0.0,0.0032162024,0.0,-0.001051263
-0.1990684,-0.19807927,-0.01131212,0.0,0.0,-0.024399849,-0.0056793992,-0.0234567,-0.012466444,0.0012790548,-0.020823445,0.08201891,-0.014689774,0.041852757,-0.008512887,-0.010100903,-0.0053276247,-0.01802624,-0.02340497,-5.672287e-05,0.0,-0.0023989908,-0.14563863,-0.0014847243,0.0,0.07740207,0.2502817,0.029238189,0.017057316,-0.0868831,-0.03573645,0.009561863,-0.19963238,0.00554651,0.0014909225,-0.020017006,0.0,0.0,0.0,0.0008187729,0.00075486227,0.0,0.0,0.0,0.0,0.0,0.0,0.0,0.0,0.0,0.0143874185,0.0,0.0,0.00046822935,0.0,-0.00020665546,-0.0013032919,-8.386171e-05,0.0,0.0,0.0,0.008239002,0.0065670195,0.0,0.0,0.0008310637,0.0016631747,0.0,0.0,0.0,0.0016035785,0.0,-0.0226075,-0.0035292353,0.0029925096,-0.0004943877,0.0,0.0,-0.004189376,0.0,0.0,0.0,0.0030789746,0.0,0.0,0.0,0.0038174896,0.0,0.0,0.0,0.0007393464,0.0004547168,-0.0030596084,0.00056657323,0.0,-0.0023195753,0.0,0.0,-0.0007002461,0.0,0.0,0.0,0.0018389504,-0.002874394,0.0,0.0,0.0,0.0,0.0,0.0024095406,0.0,0.0,0.0,0.0,0.0,-0.00023579012,0.0,0.0,-0.015278954,0.008910828,0.00091923645,0.0011338674,0.01382861,0.00054869946,0.002690561,0.0,0.0,0.0006186275,0.0,0.0,0.0,0.0,-0.003970603,0.0,0.005158812,0.0,0.0,-0.00024400419,0.0,-0.0019314508,0.0,0.0,0.00046355,0.0006262464,0.0,0.0,0.0055143293,0.0,-0.0004221528,-2.4905106e-05,0.0,0.0,0.0,0.0030311805,0.0,-0.0030191392,-0.002851772,0.0013110292,0.0,0.0031429692,0.0,-0.00075042475
-0.1990684,-0.19807927,-0.01131212,0.0,0.0,-0.024399849,-0.0056793992,-0.0234567,-0.012466444,0.0012790548,-0.020823445,0.08201891,-0.014689774,0.041852757,-0.008512887,-0.010100903,-0.0053276247,-0.01802624,-0.02340497,-5.672287e-05,0.0,-0.0023989908,-0.14563863,-0.0014847243,0.0,0.07740207,0.2502817,0.029238189,0.017057316,-0.0868831,-0.03573645,0.009561863,-0.19963238,0.00554651,0.0014909225,-0.020017006,0.0,0.0,0.0,0.0008187729,0.00075486227,0.0,0.0,0.0,0.0,0.0,0.0,0.0,0.0,0.0,0.0143874185,0.0,0.0,0.00046822935,0.0,-0.00020665546,-0.0013032919,-8.386171e-05,0.0,0.0,0.0,0.008239002,0.0065670195,0.0,0.0,0.0008310637,0.0016631747,0.0,0.0,0.0,0.0016035785,0.0,-0.0226075,-0.0035292353,0.0029925096,-0.0004943877,0.0,0.0,-0.004189376,0.0,0.0,0.0,0.0030789746,0.0,0.0,0.0,0.0038174896,0.0,0.0,0.0,0.0007393464,0.0004547168,-0.0030596084,0.00056657323,0.0,-0.0023195753,0.0,0.0,-0.0007002461,0.0,0.0,0.0,0.0018389504,-0.002874394,0.0,0.0,0.0,0.0,0.0,0.0024095406,0.0,0.0,0.0,0.0,0.0,-0.00023579012,0.0,0.0,-0.015278954,0.008910828,0.00091923645,0.0011338674,0.01382861,0.00054869946,0.002690561,0.0,0.0,0.0006186275,0.0,0.0,0.0,0.0,-0.003970603,0.0,0.005158812,0.0,0.0,-0.00024400419,0.0,-0.0019314508,0.0,0.0,0.00046355,0.0006262464,0.0,0.0,0.0055143293,0.0,-0.0004221528,-2.4905106e-05,0.0,0.0,0.0,0.0030311805,0.0,-0.0030191392,-0.002851772,0.0013110292,0.0,0.0031429692,0.0,-0.00075042475
-0.1990684,-0.19807927,-0.01131212,0.0,0.0,-0.024399849,-0.0056793992,-0.0234567,-0.012466444,0.0012790548,-0.020823445,0.08201891,-0.014689774,0.041852757,-0.008512887,-0.010100903,-0.0053276247,-0.01802624,-0.02340497,-5.672287e-05,0.0,-0.0023989908,-0.14563863,-0.0014847243,0.0,0.07740207,0.2502817,0.029238189,0.017057316,-0.0868831,-0.03573645,0.009561863,-0.19963238,0.00554651,0.0014909225,-0.020017006,0.0,0.0,0.0,0.0008187729,0.00075486227,0.0,0.0,0.0,0.0,0.0,0.0,0.0,0.0,0.0,0.0143874185,0.0,0.0,0.00046822935,0.0,-0.00020665546,-0.0013032919,-8.386171e-05,0.0,0.0,0.0,0.008239002,0.0065670195,0.0,0.0,0.0008310637,0.0016631747,0.0,0.0,0.0,0.0016035785,0.0,-0.0226075,-0.0035292353,0.0029925096,-0.0004943877,0.0,0.0,-0.004189376,0.0,0.0,0.0,0.0030789746,0.0,0.0,0.0,0.0038174896,0.0,0.0,0.0,0.0007393464,0.0004547168,-0.0030596084,0.00056657323,0.0,-0.0023195753,0.0,0.0,-0.0007002461,0.0,0.0,0.0,0.0018389504,-0.002874394,0.0,0.0,0.0,0.0,0.0,0.0024095406,0.0,0.0,0.0,0.0,0.0,-0.00023579012,0.0,0.0,-0.015278954,0.008910828,0.00091923645,0.0011338674,0.01382861,0.00054869946,0.002690561,0.0,0.0,0.0006186275,0.0,0.0,0.0,0.0,-0.003970603,0.0,0.005158812,0.0,0.0,-0.00024400419,0.0,-0.0019314508,0.0,0.0,0.00046355,0.0006262464,0.0,0.0,0.0055143293,0.0,-0.0004221528,-2.4905106e-05,0.0,0.0,0.0,0.0030311805,0.0,-0.0030191392,-0.002851772,0.0013110292,0.0,0.0031429692,0.0,-0.00075042475
-0.1990684,-0.19807927,-0.01131212,0.0,0.0,-0.024399849,-0.0056793992,-0.0234567,-0.012466444,0.0012790548,-0.020823445,0.08201891,-0.014689774,0.041852757,-0.008512887,-0.010100903,-0.0053276247,-0.01802624,-0.02340497,-5.672287e-05,0.0,-0.0023989908,-0.14563863,-0.0014847243,0.0,0.07740207,0.2502817,0.029238189,0.017057316,-0.0868831,-0.03573645,0.009561863,-0.19963238,0.00554651,0.0014909225,-0.020017006,0.0,0.0,0.0,0.0008187729,0.00075486227,0.0,0.0,0.0,0.0,0.0,0.0,0.0,0.0,0.0,0.0143874185,0.0,0.0,0.00046822935,0.0,-0.00020665546,-0.0013032919,-8.386171e-05,0.0,0.0,0.0,0.008239002,0.0065670195,0.0,0.0,0.0008310637,0.0016631747,0.0,0.0,0.0,0.0016035785,0.0,-0.0226075,-0.0035292353,0.0029925096,-0.0004943877,0.0,0.0,-0.004189376,0.0,0.0,0.0,0.0030789746,0.0,0.0,0.0,0.0038174896,0.0,0.0,0.0,0.0007393464,0.0004547168,-0.0030596084,0.00056657323,0.0,-0.0023195753,0.0,0.0,-0.0007002461,0.0,0.0,0.0,0.0018389504,-0.002874394,0.0,0.0,0.0,0.0,0.0,0.0024095406,0.0,0.0,0.0,0.0,0.0,-0.00023579012,0.0,0.0,-0.015278954,0.008910828,0.00091923645,0.0011338674,0.01382861,0.00054869946,0.002690561,0.0,0.0,0.0006186275,0.0,0.0,0.0,0.0,-0.003970603,0.0,0.005158812,0.0,0.0,-0.00024400419,0.0,-0.0019314508,0.0,0.0,0.00046355,0.0006262464,0.0,0.0,0.0055143293,0.0,-0.0004221528,-2.4905106e-05,0.0,0.0,0.0,0.0030311805,0.0,-0.0030191392,-0.002851772,0.0013110292,0.0,0.0031429692,0.0,-0.00075042475
-0.1990684,-0.19807927,-0.01131212,0.0,0.0,-0.024399849,-0.0056793992,-0.0234567,-0.012466444,0.0012790548,-0.020823445,0.08201891,-0.014689774,0.041852757,-0.008512887,-0.010100903,-0.0053276247,-0.01802624,-0.02340497,-5.672287e-05,0.0,-0.0023989908,-0.14563863,-0.0014847243,0.0,0.07740207,0.2502817,0.029238189,0.017057316,-0.0868831,-0.03573645,0.009561863,-0.19963238,0.00554651,0.0014909225,-0.020017006,0.0,0.0,0.0,0.0008187729,0.00075486227,0.0,0.0,0.0,0.0,0.0,0.0,0.0,0.0,0.0,0.0143874185,0.0,0.0,0.00046822935,0.0,-0.00020665546,-0.0013032919,-8.386171e-05,0.0,0.0,0.0,0.008239002,0.0065670195,0.0,0.0,0.0008310637,0.0016631747,0.0,0.0,0.0,0.0016035785,0.0,-0.0226075,-0.0035292353,0.0029925096,-0.0004943877,0.0,0.0,-0.004189376,0.0,0.0,0.0,0.0030789746,0.0,0.0,0.0,0.0038174896,0.0,0.0,0.0,0.0007393464,0.0004547168,-0.0030596084,0.00056657323,0.0,-0.0023195753,0.0,0.0,-0.0007002461,0.0,0.0,0.0,0.0018389504,-0.002874394,0.0,0.0,0.0,0.0,0.0,0.0024095406,0.0,0.0,0.0,0.0,0.0,-0.00023579012,0.0,0.0,-0.015278954,0.008910828,0.00091923645,0.0011338674,0.01382861,0.00054869946,0.002690561,0.0,0.0,0.0006186275,0.0,0.0,0.0,0.0,-0.003970603,0.0,0.005158812,0.0,0.0,-0.00024400419,0.0,-0.0019314508,0.0,0.0,0.00046355,0.0006262464,0.0,0.0,0.0055143293,0.0,-0.0004221528,-2.4905106e-05,0.0,0.0,0.0,0.0030311805,0.0,-0.0030191392,-0.002851772,0.0013110292,0.0,0.0031429692,0.0,-0.00075042475
-0.33772558,0.48689723,-0.0033042429,0.0,0.0,-0.023671065,-0.003947364,-0.017917413,-0.0051977034,0.00093416625,-0.0016636187,-0.0044385665,-0.0040509393,-0.007916122,0.095426,0.111240596,0.031934407,-0.011171534,0.000457234,-8.6259795e-05,0.0,-0.1251969,0.048224077,-0.013120441,0.0,-0.18648124,-0.26726192,0.031528763,-0.32961056,0.05376553,-0.06550019,-0.0016689914,0.101865925,-0.0010759498,0.0016390283,-0.016076647,0.0,0.0,0.0,0.00083043776,0.0007377403,0.0,0.0,0.0,0.0,0.0,0.0,0.0,0.0,0.0,0.016306408,0.0,0.0,0.00056525005,0.0,-0.000584473,-0.0010072148,-0.00034986454,0.0,0.0,0.0,0.0053419955,0.00445473,0.0,0.0,0.0007786619,0.001671645,0.0,0.0,0.0,0.00034478348,0.0,-0.020736402,-0.0038893223,0.01065485,-0.0005557404,0.0,0.0,-0.0077800555,0.0,0.0,0.0,0.0031690262,0.0,0.0,0.0,0.0022550707,0.0,0.0,0.0,0.0007393464,0.000529852,-0.0028785923,0.0007599494,0.0,-0.0029771242,0.0,0.0,-0.0007002461,0.0,0.0,0.0,0.0014747558,-0.0025410433,0.0,0.0,0.0,0.0,0.0,0.005051656,0.0,0.0,0.0,0.0,0.0,-0.0006498745,0.0,0.0,0.5274984,0.0089817885,0.00037078466,0.0011501787,0.007841888,0.00032259544,0.0012871784,0.0,0.0,0.00060775346,0.0,0.0,0.0,0.0,-0.0039191926,0.0,0.006432736,0.0,0.0,-0.0006181117,0.0,-0.006651384,0.0,0.0,0.00045919218,0.0013897421,0.0,0.0,0.0071676187,0.0,-0.00032166106,-2.4905106e-05,0.0,0.0,0.0,0.0054123774,0.0,-0.004759376,-0.0027283828,0.0011756441,0.0,0.0031474757,0.0,-0.0010497236
-0.41654146,0.48015556,-0.11675777,0.0,0.0,-0.023361227,-0.0069611636,0.043451894,-0.011387011,0.0010329175,-0.04060785,-0.032661412,0.021096276,-0.008868446,-0.005933966,-0.02004844,-0.008414598,0.0038979729,0.000457234,-8.6259795e-05,0.0,0.0011087102,0.055093292,-0.0010941112,0.0,-0.046068184,-0.15836848,0.008834205,0.011332887,0.021356614,0.0743611,1.872794e-05,0.27782553,-0.0012592531,0.0050288863,-0.02519962,0.0,0.0,0.0,0.00083019165,0.0007361651,0.0,0.0,0.0,0.0,0.0,0.0,0.0,0.0,0.0,0.016424105,0.0,0.0,0.0007710833,0.0,-0.000584473,-0.0010071129,-8.386171e-05,0.0,0.0,0.0,0.008759531,0.0038096646,0.0,0.0,0.004638548,0.0016767855,0.0,0.0,0.0,0.0003082622,0.0,-0.02562586,-0.0050061615,0.011043186,-0.000110689514,0.0,0.0,-0.009554173,0.0,0.0,0.0,0.0006409907,0.0,0.0,0.0,0.0022550707,0.0,0.0,0.0,0.0007393464,0.0004547168,-0.002859552,0.0006180763,0.0,-0.0041360315,0.0,0.0,-0.0007002461,0.0,0.0,0.0,0.0007940588,-0.0029836157,0.0,0.0,0.0,0.0,0.0,0.00529823,0.0,0.0,0.0,0.0,0.0,-0.0006498745,0.0,0.0,-0.02802047,0.0045258696,0.0005246742,0.0011500986,0.007085094,0.00032259544,0.0012874794,0.0,0.0,0.0006238441,0.0,0.0,0.0,0.0,-0.0043139663,0.0,0.0061398437,0.0,0.0,-0.0006181117,0.0,-0.006651384,0.0,0.0,0.0004596248,0.0013897421,0.0,0.0,0.0045006243,0.0,-0.004161503,-2.4905106e-05,0.0,0.0,0.0,0.0056589465,0.0,-0.0046642334,-0.0031415778,0.001407695,0.0,0.0015900832,0.0,-0.0010381083
-0.4075563,0.4023923,0.011243734,0.0,0.0,-0.022995295,-0.0069611636,-0.022403143,-0.0076521495,0.0010199347,-0.051854756,-0.016736815,-0.0054584197,-0.016086023,-0.005798638,-0.011123301,-0.0070099654,0.004409999,0.000457234,-8.6259795e-05,0.0,0.0015458162,0.053132016,-0.0010830155,0.0,-0.046926145,-0.15096913,0.003357711,0.01275848,0.011708206,0.07061955,-0.00012355289,0.121270224,-0.0012592531,0.001614905,-0.020111248,0.0,0.0,0.0,0.0008301791,0.000736256,0.0,0.0,0.0,0.0,0.0,0.0,0.0,0.0,0.0,0.019085994,0.0,0.0,0.0007937185,0.0,-0.000584473,-0.0010072148,-8.386171e-05,0.0,0.0,0.0,0.009134382,0.00445473,0.0,0.0,0.0011758419,0.0016736897,0.0,0.0,0.0,0.0003076226,0.0,-0.023444356,-0.004958326,0.011056809,-0.0005204226,0.0,0.0,-0.009555326,0.0,0.0,0.0,0.0031654504,0.0,0.0,0.0,0.0015371441,0.0,0.0,0.0,0.0007393464,0.0004547168,-0.0028785923,0.00056657323,0.0,-0.0041360315,0.0,0.0,-0.0007002461,0.0,0.0,0.0,0.0007940588,-0.0029836157,0.0,0.0,0.0,0.0,0.0,0.0050699245,0.0,0.0,0.0,0.0,0.0,-0.0006498745,0.0,0.0,-0.031016799,0.009459399,0.0005246742,0.0011501252,0.008190956,0.00032259544,0.0012930697,0.0,0.0,0.0006140625,0.0,0.0,0.0,0.0,-0.003921673,0.0,0.0061410707,0.0,0.0,-0.0006181117,0.0,-0.006651384,0.0,0.0,0.0004596248,0.0013897421,0.0,0.0,0.0063669034,0.0,-0.0004221528,-2.4905106e-05,0.0,0.0,0.0,0.0046645114,0.0,-0.0046684914,-0.0027204924,0.0013147313,0.0,0.0015692331,0.0,-0.0010321605
-0.3802532,-0.08134942,-0.0056123915,0.0,0.0,-0.030972792,-0.0058333124,-0.024883674,-0.013591379,0.0011744571,-0.02120011,-0.08048585,-0.006223624,0.0035852196,-0.0046457457,-0.01872813,-0.003049711,-0.0012674143,-0.00012577201,-7.535577e-05,0.0,-0.1156998,0.052353393,-0.0013473578,0.0,0.026712118,0.21598971,0.027289608,0.0094749965,0.0382225,-0.03300519,-0.006543912,-0.23258033,0.008002556,0.0014193852,-0.015598979,0.0,0.0,0.0,0.0008187632,0.00074756413,0.0,0.0,0.0,0.0,0.0,0.0,0.0,0.0,0.0,0.014446885,0.0,0.0,0.0007937185,0.0,-0.000306557,-0.0010054796,-8.386171e-05,0.0,0.0,0.0,0.008164143,0.0037350773,0.0,0.0,0.0008310637,0.0016745443,0.0,0.0,0.0,0.0016784989,0.0,-0.020875389,-0.00425666,0.0030893793,-0.00020054728,0.0,0.0,-0.004691656,0.0,0.0,0.0,0.0032657925,0.0,0.0,0.0,0.0038577223,0.0,0.0,0.0,0.0007393464,0.0004547168,-0.0028866623,0.00056657323,0.0,-0.0030228284,0.0,0.0,-0.0007002461,0.0,0.0,0.0,0.0018318833,-0.0029253857,0.0,0.0,0.0,0.0,0.0,0.0045074862,0.0,0.0,0.0,0.0,0.0,-0.00025024655,0.0,0.0,-0.025180232,0.009038927,0.0010298891,0.0011524617,0.008743641,0.00043008704,0.0027220629,0.0,0.0,0.0006158002,0.0,0.0,0.0,0.0,-0.003772944,0.0,0.0031083068,0.0,0.0,-0.00046715618,0.0,-0.002984306,0.0,0.0,0.00046422443,0.0013897421,0.0,0.0,0.006966518,0.0,-0.0004221528,-3.62122e-05,0.0,0.0,0.0,0.004622172,0.0,-0.0045153853,-0.0062823524,0.0013136785,0.0,0.001431227,0.0,-0.0010425356
-0.40036687,0.3664619,-0.005928013,0.0,0.0,0.015497005,-0.006397919,-0.02174528,-0.0012424143,0.0010329175,-0.028998222,-0.01825833,-0.008040922,-0.014538053,-0.0075916946,-0.01804084,-0.008185703,0.004550349,0.000457234,-9.2350194e-05,0.0,-0.0009909613,0.057899274,-0.0010830155,0.0,0.022362206,0.11795088,0.027404586,0.012243316,0.028564865,-0.03973824,9.634366e-05,0.115115136,-0.00056571164,0.0040118317,-0.47709218,0.0,0.0,0.0,0.0008301791,0.00074412476,0.0,0.0,0.0,0.0,0.0,0.0,0.0,0.0,0.0,0.017018488,0.0,0.0,0.0004893169,0.0,-0.000306557,-0.0010080902,-8.386171e-05,0.0,0.0,0.0,0.009176205,0.0043128226,0.0,0.0,0.00085341075,0.0016784756,0.0,0.0,0.0,0.00034168703,0.0,-0.022981988,-0.004458329,0.011142576,-0.0004981498,0.0,0.0,-0.0054466967,0.0,0.0,0.0,0.0031746218,0.0,0.0,0.0,0.0039126268,0.0,0.0,0.0,0.0007393464,0.0004547168,-0.0028798468,0.00056657323,0.0,-0.0046981056,0.0,0.0,-0.0007002461,0.0,0.0,0.0,0.0018318833,0.17299294,0.0,0.0,0.0,0.0,0.0,0.0053806514,0.0,0.0,0.0,0.0,0.0,-0.00025024655,0.0,0.0,-0.026823,0.009571918,0.0010298891,0.0011513878,0.008221701,0.00032259544,0.0012918995,0.0,0.0,0.0006139429,0.0,0.0,0.0,0.0,-0.0039808704,0.0,0.006672993,0.0,0.0,-0.00046715618,0.0,-0.006153335,0.0,0.0,0.00046012815,0.0013897421,0.0,0.0,0.0077778036,0.0,-0.0004221528,-2.4905106e-05,0.0,0.0,0.0,0.004665337,0.0,-0.004594725,-0.0029737214,0.0013264674,0.0,0.0031059694,0.0,-0.0010475814
-0.4656147,-0.23629288,0.012303651,0.0,0.0,0.030141123,-0.0058333124,-0.023760743,-0.02215909,0.0011186859,0.0048685074,-0.017720532,-0.002995094,-0.0065593715,-0.0052652215,-0.022659954,-0.008110102,0.005333136,0.00041436517,-8.6259795e-05,0.0,-0.002692489,0.06646488,-0.0016293301,0.0,0.07260388,0.15895826,0.027054118,0.02022915,0.036146447,-0.04374038,-0.00016107841,0.15064585,0.0010084471,0.004033747,-0.015925627,0.0,0.0,0.0,0.0008241433,0.0007419452,0.0,0.0,0.0,0.0,0.0,0.0,0.0,0.0,0.0,0.016359292,0.0,0.0,0.0007937185,0.0,-0.000306557,-0.001274747,-8.386171e-05,0.0,0.0,0.0,0.008286823,0.0043128226,0.0,0.0,0.0008494496,0.0016744483,0.0,0.0,0.0,0.0016362813,0.0,-0.02085827,-0.0051538902,0.005296414,-0.0004974831,0.0,0.0,-0.005626965,0.0,0.0,0.0,0.0031744135,0.0,0.0,0.0,0.0039126268,0.0,0.0,0.0,0.0007393464,0.0004547168,-0.0028793376,0.00056657323,0.0,-0.0039887265,0.0,0.0,-0.00078094355,0.0,0.0,0.0,0.0018318833,-0.0029253857,0.0,0.0,0.0,0.0,0.0,0.0052069966,0.0,0.0,0.0,0.0,0.0,-0.00022713149,0.0,0.0,-0.016119927,0.009045775,0.0010298891,0.0011451362,0.008171493,0.00054869946,0.0027281288,0.0,0.0,0.00065814645,0.0,0.0,0.0,0.0,-0.0038977277,0.0,0.0066596917,0.0,0.0,0.044013888,0.0,-0.006651384,0.0,0.0,0.00046012815,0.0013897421,0.0,0.0,0.007152777,0.0,-0.0004221528,-2.4905106e-05,0.0,0.0,0.0,0.0045585725,0.0,-0.004369851,-0.0031452312,0.0013264033,0.0,0.003133471,0.0,-0.0010265226
-0.4656147,-0.23629288,0.012303651,0.0,0.0,0.030141123,-0.0058333124,-0.023760743,-0.02215909,0.0011186859,0.0048685074,-0.017720532,-0.002995094,-0.0065593715,-0.0052652215,-0.022659954,-0.008110102,0.005333136,0.00041436517,-8.6259795e-05,0.0,-0.002692489,0.06646488,-0.0016293301,0.0,0.07260388,0.15895826,0.027054118,0.02022915,0.036146447,-0.04374038,-0.00016107841,0.15064585,0.0010084471,0.004033747,-0.015925627,0.0,0.0,0.0,0.0008241433,0.0007419452,0.0,0.0,0.0,0.0,0.0,0.0,0.0,0.0,0.0,0.016359292,0.0,0.0,0.0007937185,0.0,-0.000306557,-0.001274747,-8.386171e-05,0.0,0.0,0.0,0.008286823,0.0043128226,0.0,0.0,0.0008494496,0.0016744483,0.0,0.0,0.0,0.0016362813,0.0,-0.02085827,-0.0051538902,0.005296414,-0.0004974831,0.0,0.0,-0.005626965,0.0,0.0,0.0,0.0031744135,0.0,0.0,0.0,0.0039126268,0.0,0.0,0.0,0.0007393464,0.0004547168,-0.0028793376,0.00056657323,0.0,-0.0039887265,0.0,0.0,-0.00078094355,0.0,0.0,0.0,0.0018318833,-0.0029253857,0.0,0.0,0.0,0.0,0.0,0.0052069966,0.0,0.0,0.0,0.0,0.0,-0.00022713149,0.0,0.0,-0.016119927,0.009045775,0.0010298891,0.0011451362,0.008171493,0.00054869946,0.0027281288,0.0,0.0,0.00065814645,0.0,0.0,0.0,0.0,-0.0038977277,0.0,0.0066596917,0.0,0.0,0.044013888,0.0,-0.006651384,0.0,0.0,0.00046012815,0.0013897421,0.0,0.0,0.007152777,0.0,-0.0004221528,-2.4905106e-05,0.0,0.0,0.0,0.0045585725,0.0,-0.004369851,-0.0031452312,0.0013264033,0.0,0.003133471,0.0,-0.0010265226
-0.4656147,-0.23629288,0.012303651,0.0,0.0,0.030141123,-0.0058333124,-0.023760743,-0.02215909,0.0011186859,0.0048685074,-0.017720532,-0.002995094,-0.0065593715,-0.0052652215,-0.022659954,-0.008110102,0.005333136,0.00041436517,-8.6259795e-05,0.0,-0.002692489,0.06646488,-0.0016293301,0.0,0.07260388,0.15895826,0.027054118,0.02022915,0.036146447,-0.04374038,-0.00016107841,0.15064585,0.0010084471,0.004033747,-0.015925627,0.0,0.0,0.0,0.0008241433,0.0007419452,0.0,0.0,0.0,0.0,0.0,0.0,0.0,0.0,0.0,0.016359292,0.0,0.0,0.0007937185,0.0,-0.000306557,-0.001274747,-8.386171e-05,0.0,0.0,0.0,0.008286823,0.0043128226,0.0,0.0,0.0008494496,0.0016744483,0.0,0.0,0.0,0.0016362813,0.0,-0.02085827,-0.0051538902,0.005296414,-0.0004974831,0.0,0.0,-0.005626965,0.0,0.0,0.0,0.0031744135,0.0,0.0,0.0,0.0039126268,0.0,0.0,0.0,0.0007393464,0.0004547168,-0.0028793376,0.00056657323,0.0,-0.0039887265,0.0,0.0,-0.00078094355,0.0,0.0,0.0,0.0018318833,-0.0029253857,0.0,0.0,0.0,0.0,0.0,0.0052069966,0.0,0.0,0.0,0.0,0.0,-0.00022713149,0.0,0.0,-0.016119927,0.009045775,0.0010298891,0.0011451362,0.008171493,0.00054869946,0.0027281288,0.0,0.0,0.00065814645,0.0,0.0,0.0,0.0,-0.0038977277,0.0,0.0066596917,0.0,0.0,0.044013888,0.0,-0.006651384,0.0,0.0,0.00046012815,0.0013897421,0.0,0.0,0.007152777,0.0,-0.0004221528,-2.4905106e-05,0.0,0.0,0.0,0.0045585725,0.0,-0.004369851,-0.0031452312,0.0013264033,0.0,0.003133471,0.0,-0.0010265226
-0.2830526,0.357787,-0.12708957,0.0,0.0,0.031249534,-0.0042627356,-0.025960831,-0.0007789134,0.0012358055,0.008741911,-0.03179837,-0.0059534265,-0.0103315255,-0.0058567883,-0.015087292,-0.008394335,0.0046395436,0.000457234,-8.417874e-05,0.0,-0.001636269,0.044389512,-0.0013380597,0.0,-0.10942655,0.19434853,0.2468116,-5.7553407e-05,-0.24144888,-0.10546302,-0.0013942835,0.20823172,-0.00056571164,0.0040118317,0.0077311643,0.0,0.0,0.0,0.0007670736,0.0007314847,0.0,0.0,0.0,0.0,0.0,0.0,0.0,0.0,0.0,0.015199277,0.0,0.0,0.0006373632,0.0,-0.00032007843,-0.0010084175,-8.386171e-05,0.0,0.0,0.0,0.007032836,0.0037879604,0.0,0.0,0.0011961061,0.0016232341,0.0,0.0,0.0,5.7842575e-05,0.0,-0.03228949,-0.004808902,-0.7007446,-0.00018326996,0.0,0.0,-0.009678162,0.0,0.0,0.0,0.0031746218,0.0,0.0,0.0,0.0035807393,0.0,0.0,0.0,0.0007393464,0.0004547168,-0.0028791016,0.00051831314,0.0,-0.003984987,0.0,0.0,-0.0007002461,0.0,0.0,0.0,0.0007940588,-0.0026235373,0.0,0.0,0.0,0.0,0.0,0.0049354276,0.0,0.0,0.0,0.0,0.0,-0.00025024655,0.0,0.0,-0.03164614,0.009015145,0.0010298891,0.0011388283,0.007846251,0.00054869946,0.0012528513,0.0,0.0,0.00060847105,0.0,0.0,0.0,0.0,-0.0043753446,0.0,0.002952619,0.0,0.0,-0.00046715618,0.0,-0.0056460584,0.0,0.0,0.00046011055,0.0008594876,0.0,0.0,0.0066391225,0.0,-0.00046867938,-2.4905106e-05,0.0,0.0,0.0,0.0038399897,0.0,-0.004651124,-0.0029727912,0.0013266839,0.0,0.0028661436,0.0,-0.0010322628
-0.36033887,0.36837104,-0.11124529,0.0,0.0,0.03188761,-0.0042627356,-0.025960831,-0.00043023427,0.0010329175,0.008688415,-0.031801082,-0.0045013134,-0.010323201,-0.0059341625,-0.015087292,-0.008394335,0.004689644,0.000457234,-8.417874e-05,0.0,-0.001636269,0.050107628,-0.0013380597,0.0,-0.045867413,0.19942252,0.2428681,-0.00046874303,0.05337192,-0.08617173,-0.001410434,0.23035447,-0.00056571164,0.0040118317,0.013188845,0.0,0.0,0.0,0.0007670736,0.0007314847,0.0,0.0,0.0,0.0,0.0,0.0,0.0,0.0,0.0,0.015199277,0.0,0.0,0.0007710833,0.0,-0.00032007843,-0.0010084175,-8.386171e-05,0.0,0.0,0.0,0.007032836,0.0037879604,0.0,0.0,0.0012607891,0.0016232341,0.0,0.0,0.0,0.0003199986,0.0,-0.031200547,-0.004808902,-0.70916224,-0.00018407243,0.0,0.0,-0.009122548,0.0,0.0,0.0,0.0031746218,0.0,0.0,0.0,0.003620972,0.0,0.0,0.0,0.0007393464,0.0004547168,-0.0028791016,0.00051831314,0.0,-0.003984987,0.0,0.0,-0.0007002461,0.0,0.0,0.0,0.0007940588,-0.0026235373,0.0,0.0,0.0,0.0,0.0,0.0049354276,0.0,0.0,0.0,0.0,0.0,-0.00025024655,0.0,0.0,-0.03164614,0.009015145,0.0010298891,0.0011499897,0.007846251,0.00054869946,0.0012528513,0.0,0.0,0.00060847105,0.0,0.0,0.0,0.0,-0.0042254063,0.0,0.002952619,0.0,0.0,-0.00046715618,0.0,-0.0056460584,0.0,0.0,0.00045960717,0.0008594876,0.0,0.0,0.007461797,0.0,-0.003148058,-2.4905106e-05,0.0,0.0,0.0,0.0046474636,0.0,-0.0046525975,-0.0029726205,0.0013266839,0.0,0.0028661436,0.0,-0.0010322419
-0.36033887,0.36837104,-0.11124529,0.0,0.0,0.03188761,-0.0042627356,-0.025960831,-0.00043023427,0.0010329175,0.008688415,-0.031801082,-0.0045013134,-0.010323201,-0.0059341625,-0.015087292,-0.008394335,0.004689644,0.000457234,-8.417874e-05,0.0,-0.001636269,0.050107628,-0.0013380597,0.0,-0.045867413,0.19942252,0.2428681,-0.00046874303,0.05337192,-0.08617173,-0.001410434,0.23035447,-0.00056571164,0.0040118317,0.013188845,0.0,0.0,0.0,0.0007670736,0.0007314847,0.0,0.0,0.0,0.0,0.0,0.0,0.0,0.0,0.0,0.015199277,0.0,0.0,0.0007710833,0.0,-0.00032007843,-0.0010084175,-8.386171e-05,0.0,0.0,0.0,0.007032836,0.0037879604,0.0,0.0,0.0012607891,0.0016232341,0.0,0.0,0.0,0.0003199986,0.0,-0.031200547,-0.004808902,-0.70916224,-0.00018407243,0.0,0.0,-0.009122548,0.0,0.0,0.0,0.0031746218,0.0,0.0,0.0,0.003620972,0.0,0.0,0.0,0.0007393464,0.0004547168,-0.0028791016,0.00051831314,0.0,-0.003984987,0.0,0.0,-0.0007002461,0.0,0.0,0.0,0.0007940588,-0.0026235373,0.0,0.0,0.0,0.0,0.0,0.0049354276,0.0,0.0,0.0,0.0,0.0,-0.00025024655,0.0,0.0,-0.03164614,0.009015145,0.0010298891,0.0011499897,0.007846251,0.00054869946,0.0012528513,0.0,0.0,0.00060847105,0.0,0.0,0.0,0.0,-0.0042254063,0.0,0.002952619,0.0,0.0,-0.00046715618,0.0,-0.0056460584,0.0,0.0,0.00045960717,0.0008594876,0.0,0.0,0.007461797,0.0,-0.003148058,-2.4905106e-05,0.0,0.0,0.0,0.0046474636,0.0,-0.0046525975,-0.0029726205,0.0013266839,0.0,0.0028661436,0.0,-0.0010322419
-0.48345166,-0.1009401,0.0061335294,0.0,0.0,0.027464539,-0.007238999,-0.023935242,-0.20942189,0.0011186859,0.0064750165,0.016007828,-0.0133088045,-0.0048412294,-0.0058754017,-0.020611765,-0.008269481,0.00453101,0.000457234,-8.6259795e-05,0.0,-0.00357281,0.056881547,-0.0010830155,0.0,0.04706701,0.079089776,0.009752509,-0.06492995,0.021709163,-0.03993534,0.00018283186,0.15771586,0.0010084471,0.0040118317,-0.014640084,0.0,0.0,0.0,0.00082387874,0.00070749363,0.0,0.0,0.0,0.0,0.0,0.0,0.0,0.0,0.0,0.016876642,0.0,0.0,0.0007937185,0.0,-0.000306557,-0.0010072148,-8.386171e-05,0.0,0.0,0.0,0.008170734,0.0043128226,0.0,0.0,0.0008494496,0.0016659407,0.0,0.0,0.0,0.0015898403,0.0,-0.026772555,-0.005795281,0.010389286,-0.0004963399,0.0,0.0,-0.009820748,0.0,0.0,0.0,0.0031744135,0.0,0.0,0.0,0.0039126268,0.0,0.0,0.0,0.0007393464,0.0004547168,-0.0028785923,0.00056657323,0.0,-0.0039845314,0.0,0.0,0.028436044,0.0,0.0,0.0,0.0018318833,-0.0032854641,0.0,0.0,0.0,0.0,0.0,0.0059965253,0.0,0.0,0.0,0.0,0.0,-0.025445344,0.0,0.0,-0.021544233,0.009045775,0.0010298891,0.0011154157,0.008217833,0.00032259544,0.002737015,0.0,0.0,0.0005756164,0.0,0.0,0.0,0.0,-0.003968671,0.0,0.0067212605,0.0,0.0,-0.010186268,0.0,-0.006651384,0.0,0.0,0.00046012815,0.0013897421,0.0,0.0,0.007152777,0.0,-0.0004221528,-2.4905106e-05,0.0,0.0,0.0,0.0053844107,0.0,-0.0045221616,-0.003044056,0.0013263009,0.0,0.0031623866,0.0,-0.0010263267
-0.4316254,-0.19714019,0.060796287,0.0,0.0,0.036942758,-0.0064133275,-0.022946535,-0.013147891,0.0009589351,-0.033920985,-0.028624909,-0.006236911,-0.07544107,-0.0019095084,-0.028326103,-0.0006945514,0.0028257992,0.00041436517,-1.7169248e-05,0.0,0.638259,0.08260861,0.014640958,0.0,0.074656025,0.2227915,0.039068658,0.013332757,0.03565084,-0.03444864,0.00047398964,-0.20658661,-0.0020643093,-0.0054601575,-0.014106006,0.0,0.0,0.0,0.0008184723,0.0007466394,0.0,0.0,0.0,0.0,0.0,0.0,0.0,0.0,0.0,0.01624247,0.0,0.0,0.0007937185,0.0,0.0019159811,-0.0012744151,-8.386171e-05,0.0,0.0,0.0,0.008226942,0.006425112,0.0,0.0,0.0008310637,0.0016687589,0.0,0.0,0.0,0.0016362813,0.0,-0.021046653,-0.004304851,0.009338032,-0.00049718405,0.0,0.0,-0.0050821896,0.0,0.0,0.0,0.0030903984,0.0,0.0,0.0,0.0038386441,0.0,0.0,0.0,0.0007393464,0.0004547168,-0.0028793376,0.00056706305,0.0,-0.003681402,0.0,0.0,-0.0007002461,0.0,0.0,0.0,0.0018318833,-0.003000417,0.0,0.0,0.0,0.0,0.0,0.0026847492,0.0,0.0,0.0,0.0,0.0,-0.00023579012,0.0,0.0,-0.009941654,0.009045594,0.00091923645,0.0011475655,0.007818706,0.00032259544,0.0027122914,0.0,0.0,0.0006159262,0.0,0.0,0.0,0.0,-0.0038381815,0.0,0.0065800752,0.0,0.0,-0.00046715618,0.0,-0.002065682,0.0,0.0,0.00046355,0.0013897421,0.0,0.0,0.0068216007,0.0,-0.0004221528,-2.4905106e-05,0.0,0.0,0.0,0.004614991,0.0,-0.004621364,-0.0018125653,0.001313351,0.0,0.0032603557,0.0,-0.0007458464
-0.4316254,-0.19714019,0.060796287,0.0,0.0,0.036942758,-0.0064133275,-0.022946535,-0.013147891,0.0009589351,-0.033920985,-0.028624909,-0.006236911,-0.07544107,-0.0019095084,-0.028326103,-0.0006945514,0.0028257992,0.00041436517,-1.7169248e-05,0.0,0.638259,0.08260861,0.014640958,0.0,0.074656025,0.2227915,0.039068658,0.013332757,0.03565084,-0.03444864,0.00047398964,-0.20658661,-0.0020643093,-0.0054601575,-0.014106006,0.0,0.0,0.0,0.0008184723,0.0007466394,0.0,0.0,0.0,0.0,0.0,0.0,0.0,0.0,0.0,0.01624247,0.0,0.0,0.0007937185,0.0,0.0019159811,-0.0012744151,-8.386171e-05,0.0,0.0,0.0,0.008226942,0.006425112,0.0,0.0,0.0008310637,0.0016687589,0.0,0.0,0.0,0.0016362813,0.0,-0.021046653,-0.004304851,0.009338032,-0.00049718405,0.0,0.0,-0.0050821896,0.0,0.0,0.0,0.0030903984,0.0,0.0,0.0,0.0038386441,0.0,0.0,0.0,0.0007393464,0.0004547168,-0.0028793376,0.00056706305,0.0,-0.003681402,0.0,0.0,-0.0007002461,0.0,0.0,0.0,0.0018318833,-0.003000417,0.0,0.0,0.0,0.0,0.0,0.0026847492,0.0,0.0,0.0,0.0,0.0,-0.00023579012,0.0,0.0,-0.009941654,0.009045594,0.00091923645,0.0011475655,0.007818706,0.00032259544,0.0027122914,0.0,0.0,0.0006159262,0.0,0.0,0.0,0.0,-0.0038381815,0.0,0.0065800752,0.0,0.0,-0.00046715618,0.0,-0.002065682,0.0,0.0,0.00046355,0.0013897421,0.0,0.0,0.0068216007,0.0,-0.0004221528,-2.4905106e-05,0.0,0.0,0.0,0.004614991,0.0,-0.004621364,-0.0018125653,0.001313351,0.0,0.0032603557,0.0,-0.0007458464
-0.4316254,-0.19714019,0.060796287,0.0,0.0,0.036942758,-0.0064133275,-0.022946535,-0.013147891,0.0009589351,-0.033920985,-0.028624909,-0.006236911,-0.07544107,-0.0019095084,-0.028326103,-0.0006945514,0.0028257992,0.00041436517,-1.7169248e-05,0.0,0.638259,0.08260861,0.014640958,0.0,0.074656025,0.2227915,0.039068658,0.013332757,0.03565084,-0.03444864,0.00047398964,-0.20658661,-0.0020643093,-0.0054601575,-0.014106006,0.0,0.0,0.0,0.0008184723,0.0007466394,0.0,0.0,0.0,0.0,0.0,0.0,0.0,0.0,0.0,0.01624247,0.0,0.0,0.0007937185,0.0,0.0019159811,-0.0012744151,-8.386171e-05,0.0,0.0,0.0,0.008226942,0.006425112,0.0,0.0,0.0008310637,0.0016687589,0.0,0.0,0.0,0.0016362813,0.0,-0.021046653,-0.004304851,0.009338032,-0.00049718405,0.0,0.0,-0.0050821896,0.0,0.0,0.0,0.0030903984,0.0,0.0,0.0,0.0038386441,0.0,0.0,0.0,0.0007393464,0.0004547168,-0.0028793376,0.00056706305,0.0,-0.003681402,0.0,0.0,-0.0007002461,0.0,0.0,0.0,0.0018318833,-0.003000417,0.0,0.0,0.0,0.0,0.0,0.0026847492,0.0,0.0,0.0,0.0,0.0,-0.00023579012,0.0,0.0,-0.009941654,0.009045594,0.00091923645,0.0011475655,0.007818706,0.00032259544,0.0027122914,0.0,0.0,0.0006159262,0.0,0.0,0.0,0.0,-0.0038381815,0.0,0.0065800752,0.0,0.0,-0.00046715618,0.0,-0.002065682,0.0,0.0,0.00046355,0.0013897421,0.0,0.0,0.0068216007,0.0,-0.0004221528,-2.4905106e-05,0.0,0.0,0.0,0.004614991,0.0,-0.004621364,-0.0018125653,0.001313351,0.0,0.0032603557,0.0,-0.0007458464
-0.4316254,-0.19714019,0.060796287,0.0,0.0,0.036942758,-0.0064133275,-0.022946535,-0.013147891,0.0009589351,-0.033920985,-0.028624909,-0.006236911,-0.07544107,-0.0019095084,-0.028326103,-0.0006945514,0.0028257992,0.00041436517,-1.7169248e-05,0.0,0.638259,0.08260861,0.014640958,0.0,0.074656025,0.2227915,0.039068658,0.013332757,0.03565084,-0.03444864,0.00047398964,-0.20658661,-0.0020643093,-0.0054601575,-0.014106006,0.0,0.0,0.0,0.0008184723,0.0007466394,0.0,0.0,0.0,0.0,0.0,0.0,0.0,0.0,0.0,0.01624247,0.0,0.0,0.0007937185,0.0,0.0019159811,-0.0012744151,-8.386171e-05,0.0,0.0,0.0,0.008226942,0.006425112,0.0,0.0,0.0008310637,0.0016687589,0.0,0.0,0.0,0.0016362813,0.0,-0.021046653,-0.004304851,0.009338032,-0.00049718405,0.0,0.0,-0.0050821896,0.0,0.0,0.0,0.0030903984,0.0,0.0,0.0,0.0038386441,0.0,0.0,0.0,0.0007393464,0.0004547168,-0.0028793376,0.00056706305,0.0,-0.003681402,0.0,0.0,-0.0007002461,0.0,0.0,0.0,0.0018318833,-0.003000417,0.0,0.0,0.0,0.0,0.0,0.0026847492,0.0,0.0,0.0,0.0,0.0,-0.00023579012,0.0,0.0,-0.009941654,0.009045594,0.00091923645,0.0011475655,0.007818706,0.00032259544,0.0027122914,0.0,0.0,0.0006159262,0.0,0.0,0.0,0.0,-0.0038381815,0.0,0.0065800752,0.0,0.0,-0.00046715618,0.0,-0.002065682,0.0,0.0,0.00046355,0.0013897421,0.0,0.0,0.0068216007,0.0,-0.0004221528,-2.4905106e-05,0.0,0.0,0.0,0.004614991,0.0,-0.004621364,-0.0018125653,0.001313351,0.0,0.0032603557,0.0,-0.0007458464
-0.4316254,-0.19714019,0.060796287,0.0,0.0,0.036942758,-0.0064133275,-0.022946535,-0.013147891,0.0009589351,-0.033920985,-0.028624909,-0.006236911,-0.07544107,-0.0019095084,-0.028326103,-0.0006945514,0.0028257992,0.00041436517,-1.7169248e-05,0.0,0.638259,0.08260861,0.014640958,0.0,0.074656025,0.2227915,0.039068658,0.013332757,0.03565084,-0.03444864,0.00047398964,-0.20658661,-0.0020643093,-0.0054601575,-0.014106006,0.0,0.0,0.0,0.0008184723,0.0007466394,0.0,0.0,0.0,0.0,0.0,0.0,0.0,0.0,0.0,0.01624247,0.0,0.0,0.0007937185,0.0,0.0019159811,-0.0012744151,-8.386171e-05,0.0,0.0,0.0,0.008226942,0.006425112,0.0,0.0,0.0008310637,0.0016687589,0.0,0.0,0.0,0.0016362813,0.0,-0.021046653,-0.004304851,0.009338032,-0.00049718405,0.0,0.0,-0.0050821896,0.0,0.0,0.0,0.0030903984,0.0,0.0,0.0,0.0038386441,0.0,0.0,0.0,0.0007393464,0.0004547168,-0.0028793376,0.00056706305,0.0,-0.003681402,0.0,0.0,-0.0007002461,0.0,0.0,0.0,0.0018318833,-0.003000417,0.0,0.0,0.0,0.0,0.0,0.0026847492,0.0,0.0,0.0,0.0,0.0,-0.00023579012,0.0,0.0,-0.009941654,0.009045594,0.00091923645,0.0011475655,0.007818706,0.00032259544,0.0027122914,0.0,0.0,0.0006159262,0.0,0.0,0.0,0.0,-0.0038381815,0.0,0.0065800752,0.0,0.0,-0.00046715618,0.0,-0.002065682,0.0,0.0,0.00046355,0.0013897421,0.0,0.0,0.0068216007,0.0,-0.0004221528,-2.4905106e-05,0.0,0.0,0.0,0.004614991,0.0,-0.004621364,-0.0018125653,0.001313351,0.0,0.0032603557,0.0,-0.0007458464
-0.54902434,-0.2991947,0.08644892,0.0,0.0,-0.35685477,-0.0064133275,0.016607601,-0.2113066,-0.0043843137,-0.018853346,-0.034293536,-0.0013107565,-0.012514367,-0.002822218,-0.027996961,-0.008120177,0.0050012143,-0.007187865,-2.4301287e-05,0.0,0.007042803,0.056486458,-0.0012379268,0.0,0.08685097,0.13821252,-0.35106096,0.008600276,-0.10612856,-0.081252694,-0.014455911,-0.25591388,0.0010084471,0.0020448817,-0.019127043,0.0,0.0,0.0,0.00081848196,0.00059974304,0.0,0.0,0.0,0.0,0.0,0.0,0.0,0.0,0.0,0.015885074,0.0,0.0,0.0004893169,0.0,-0.00020665546,-0.0011742271,-8.386171e-05,0.0,0.0,0.0,0.007980931,0.005877971,0.0,0.0,0.0008494496,0.0016063087,0.0,0.0,0.0,0.0015685429,0.0,-0.022772752,-0.005499548,0.009338032,-0.00049718405,0.0,0.0,-0.0051973835,0.0,0.0,0.0,0.002975542,0.0,0.0,0.0,0.0038174896,0.0,0.0,0.0,0.0007393464,0.0004547168,-0.0029806143,0.00056657323,0.0,-0.0036825682,0.0,0.0,-0.00033453392,0.0,0.0,0.0,0.0018318833,-0.012545617,0.0,0.0,0.0,0.0,0.0,0.0022600952,0.0,0.0,0.0,0.0,0.0,-0.0032272125,0.0,0.0,-0.009099163,0.007621133,0.00091923645,0.000999075,0.0073056426,0.00029423294,0.0034302536,0.0,0.0,0.0005946958,0.0,0.0,0.0,0.0,-0.0023175383,0.0,0.0064419424,0.0,0.0,-0.0017379688,0.0,-0.0019512805,0.0,0.0,0.00043302763,0.0013897421,0.0,0.0,0.0055268593,0.0,-0.0004221528,-2.4905106e-05,0.0,0.0,0.0,0.0031672013,0.0,-0.0046221204,-0.0051184967,0.0013179034,0.0,0.0030954774,0.0,-0.00074568763
-0.4001314,0.41979262,-0.11045195,0.0,0.0,0.03463376,-0.005846025,-0.025490751,0.0023357668,0.00096739084,0.008278742,0.03835344,-0.015784195,-0.009199627,-0.0057142703,-0.018141458,-0.005466606,0.0040211827,0.000457234,-8.6259795e-05,0.0,-0.0018897253,0.056331635,-0.001329712,0.0,0.023800895,0.0101809455,0.09571491,0.017213358,-0.0021413378,0.061853502,0.024370337,0.3349532,-0.0012592531,0.0021667345,-0.0020613763,0.0,0.0,0.0,0.000830434,0.00072332757,0.0,0.0,0.0,0.0,0.0,0.0,0.0,0.0,0.0,0.01684921,0.0,0.0,0.0010432991,0.0,-0.000306557,-0.0010071129,-8.386171e-05,0.0,0.0,0.0,0.009049512,0.0036649313,0.0,0.0,0.00188385,0.0016798783,0.0,0.0,0.0,0.0003471634,0.0,-0.022823606,-0.004508933,0.0061532822,-0.00050494896,0.0,0.0,-0.010333257,0.0,0.0,0.0,0.0031688353,0.0,0.0,0.0,0.002546725,0.0,0.0,0.0,0.0007393464,0.0004547168,-0.0028788475,0.00056657323,0.0,-0.003985144,0.0,0.0,-0.0007002461,0.0,0.0,0.0,0.0018389504,-0.0026235373,0.0,0.0,0.0,0.0,0.0,0.005215361,0.0,0.0,0.0,0.0,0.0,-0.0006498745,0.0,0.0,-0.02325152,0.009457417,0.0005246742,0.0011508749,0.008231293,0.00021571579,0.0013060198,0.0,0.0,0.0006298711,0.0,0.0,0.0,0.0,-0.004293022,0.0,0.0065846993,0.0,0.0,-0.0003949597,0.0,-0.006651384,0.0,0.0,0.00046012815,0.0013897421,0.0,0.0,0.008088876,0.0,0.06658609,-2.4905106e-05,0.0,0.0,0.0,0.0047232863,0.0,-0.004300006,-0.0055720364,0.0013193188,0.0,0.00305065,0.0,-0.0010324824
-0.4001314,0.41979262,-0.11045195,0.0,0.0,0.03463376,-0.005846025,-0.025490751,0.0023357668,0.00096739084,0.008278742,0.03835344,-0.015784195,-0.009199627,-0.0057142703,-0.018141458,-0.005466606,0.0040211827,0.000457234,-8.6259795e-05,0.0,-0.0018897253,0.056331635,-0.001329712,0.0,0.023800895,0.0101809455,0.09571491,0.017213358,-0.0021413378,0.061853502,0.024370337,0.3349532,-0.0012592531,0.0021667345,-0.0020613763,0.0,0.0,0.0,0.000830434,0.00072332757,0.0,0.0,0.0,0.0,0.0,0.0,0.0,0.0,0.0,0.01684921,0.0,0.0,0.0010432991,0.0,-0.000306557,-0.0010071129,-8.386171e-05,0.0,0.0,0.0,0.009049512,0.0036649313,0.0,0.0,0.00188385,0.0016798783,0.0,0.0,0.0,0.0003471634,0.0,-0.022823606,-0.004508933,0.0061532822,-0.00050494896,0.0,0.0,-0.010333257,0.0,0.0,0.0,0.0031688353,0.0,0.0,0.0,0.002546725,0.0,0.0,0.0,0.0007393464,0.0004547168,-0.0028788475,0.00056657323,0.0,-0.003985144,0.0,0.0,-0.0007002461,0.0,0.0,0.0,0.0018389504,-0.0026235373,0.0,0.0,0.0,0.0,0.0,0.005215361,0.0,0.0,0.0,0.0,0.0,-0.0006498745,0.0,0.0,-0.02325152,0.009457417,0.0005246742,0.0011508749,0.008231293,0.00021571579,0.0013060198,0.0,0.0,0.0006298711,0.0,0.0,0.0,0.0,-0.004293022,0.0,0.0065846993,0.0,0.0,-0.0003949597,0.0,-0.006651384,0.0,0.0,0.00046012815,0.0013897421,0.0,0.0,0.008088876,0.0,0.06658609,-2.4905106e-05,0.0,0.0,0.0,0.0047232863,0.0,-0.004300006,-0.0055720364,0.0013193188,0.0,0.00305065,0.0,-0.0010324824
-0.4001314,0.41979262,-0.11045195,0.0,0.0,0.03463376,-0.005846025,-0.025490751,0.0023357668,0.00096739084,0.008278742,0.03835344,-0.015784195,-0.009199627,-0.0057142703,-0.018141458,-0.005466606,0.0040211827,0.000457234,-8.6259795e-05,0.0,-0.0018897253,0.056331635,-0.001329712,0.0,0.023800895,0.0101809455,0.09571491,0.017213358,-0.0021413378,0.061853502,0.024370337,0.3349532,-0.0012592531,0.0021667345,-0.0020613763,0.0,0.0,0.0,0.000830434,0.00072332757,0.0,0.0,0.0,0.0,0.0,0.0,0.0,0.0,0.0,0.01684921,0.0,0.0,0.0010432991,0.0,-0.000306557,-0.0010071129,-8.386171e-05,0.0,0.0,0.0,0.009049512,0.0036649313,0.0,0.0,0.00188385,0.0016798783,0.0,0.0,0.0,0.0003471634,0.0,-0.022823606,-0.004508933,0.0061532822,-0.00050494896,0.0,0.0,-0.010333257,0.0,0.0,0.0,0.0031688353,0.0,0.0,0.0,0.002546725,0.0,0.0,0.0,0.0007393464,0.0004547168,-0.0028788475,0.00056657323,0.0,-0.003985144,0.0,0.0,-0.0007002461,0.0,0.0,0.0,0.0018389504,-0.0026235373,0.0,0.0,0.0,0.0,0.0,0.005215361,0.0,0.0,0.0,0.0,0.0,-0.0006498745,0.0,0.0,-0.02325152,0.009457417,0.0005246742,0.0011508749,0.008231293,0.00021571579,0.0013060198,0.0,0.0,0.0006298711,0.0,0.0,0.0,0.0,-0.004293022,0.0,0.0065846993,0.0,0.0,-0.0003949597,0.0,-0.006651384,0.0,0.0,0.00046012815,0.0013897421,0.0,0.0,0.008088876,0.0,0.06658609,-2.4905106e-05,0.0,0.0,0.0,0.0047232863,0.0,-0.004300006,-0.0055720364,0.0013193188,0.0,0.00305065,0.0,-0.0010324824
-0.4001314,0.41979262,-0.11045195,0.0,0.0,0.03463376,-0.005846025,-0.025490751,0.0023357668,0.00096739084,0.008278742,0.03835344,-0.015784195,-0.009199627,-0.0057142703,-0.018141458,-0.005466606,0.0040211827,0.000457234,-8.6259795e-05,0.0,-0.0018897253,0.056331635,-0.001329712,0.0,0.023800895,0.0101809455,0.09571491,0.017213358,-0.0021413378,0.061853502,0.024370337,0.3349532,-0.0012592531,0.0021667345,-0.0020613763,0.0,0.0,0.0,0.000830434,0.00072332757,0.0,0.0,0.0,0.0,0.0,0.0,0.0,0.0,0.0,0.01684921,0.0,0.0,0.0010432991,0.0,-0.000306557,-0.0010071129,-8.386171e-05,0.0,0.0,0.0,0.009049512,0.0036649313,0.0,0.0,0.00188385,0.0016798783,0.0,0.0,0.0,0.0003471634,0.0,-0.022823606,-0.004508933,0.0061532822,-0.00050494896,0.0,0.0,-0.010333257,0.0,0.0,0.0,0.0031688353,0.0,0.0,0.0,0.002546725,0.0,0.0,0.0,0.0007393464,0.0004547168,-0.0028788475,0.00056657323,0.0,-0.003985144,0.0,0.0,-0.0007002461,0.0,0.0,0.0,0.0018389504,-0.0026235373,0.0,0.0,0.0,0.0,0.0,0.005215361,0.0,0.0,0.0,0.0,0.0,-0.0006498745,0.0,0.0,-0.02325152,0.009457417,0.0005246742,0.0011508749,0.008231293,0.00021571579,0.0013060198,0.0,0.0,0.0006298711,0.0,0.0,0.0,0.0,-0.004293022,0.0,0.0065846993,0.0,0.0,-0.0003949597,0.0,-0.006651384,0.0,0.0,0.00046012815,0.0013897421,0.0,0.0,0.008088876,0.0,0.06658609,-2.4905106e-05,0.0,0.0,0.0,0.0047232863,0.0,-0.004300006,-0.0055720364,0.0013193188,0.0,0.00305065,0.0,-0.0010324824
-0.4001314,0.41979262,-0.11045195,0.0,0.0,0.03463376,-0.005846025,-0.025490751,0.0023357668,0.00096739084,0.008278742,0.03835344,-0.015784195,-0.009199627,-0.0057142703,-0.018141458,-0.005466606,0.0040211827,0.000457234,-8.6259795e-05,0.0,-0.0018897253,0.056331635,-0.001329712,0.0,0.023800895,0.0101809455,0.09571491,0.017213358,-0.0021413378,0.061853502,0.024370337,0.3349532,-0.0012592531,0.0021667345,-0.0020613763,0.0,0.0,0.0,0.000830434,0.00072332757,0.0,0.0,0.0,0.0,0.0,0.0,0.0,0.0,0.0,0.01684921,0.0,0.0,0.0010432991,0.0,-0.000306557,-0.0010071129,-8.386171e-05,0.0,0.0,0.0,0.009049512,0.0036649313,0.0,0.0,0.00188385,0.0016798783,0.0,0.0,0.0,0.0003471634,0.0,-0.022823606,-0.004508933,0.0061532822,-0.00050494896,0.0,0.0,-0.010333257,0.0,0.0,0.0,0.0031688353,0.0,0.0,0.0,0.002546725,0.0,0.0,0.0,0.0007393464,0.0004547168,-0.0028788475,0.00056657323,0.0,-0.003985144,0.0,0.0,-0.0007002461,0.0,0.0,0.0,0.0018389504,-0.0026235373,0.0,0.0,0.0,0.0,0.0,0.005215361,0.0,0.0,0.0,0.0,0.0,-0.0006498745,0.0,0.0,-0.02325152,0.009457417,0.0005246742,0.0011508749,0.008231293,0.00021571579,0.0013060198,0.0,0.0,0.0006298711,0.0,0.0,0.0,0.0,-0.004293022,0.0,0.0065846993,0.0,0.0,-0.0003949597,0.0,-0.006651384,0.0,0.0,0.00046012815,0.0013897421,0.0,0.0,0.008088876,0.0,0.06658609,-2.4905106e-05,0.0,0.0,0.0,0.0047232863,0.0,-0.004300006,-0.0055720364,0.0013193188,0.0,0.00305065,0.0,-0.0010324824
-0.39045444,-0.08311129,-0.3296957,0.0,0.0,0.108386636,0.12462912,0.030835114,0.1938895,0.0011744571,-0.07486413,-0.043623727,-0.013555087,0.008032895,0.0031445196,-0.016836297,-0.0028646684,0.017649846,0.0039013315,0.0005757741,0.0,0.0039368765,-0.19099978,-0.0013583247,0.0,0.03245847,0.1240185,0.01193038,0.0339434,0.034452576,-0.07623435,0.032394238,-0.17935124,-0.0012592531,0.0013974695,0.012530007,0.0,0.0,0.0,0.00082419696,0.0007469128,0.0,0.0,0.0,0.0,0.0,0.0,0.0,0.0,0.0,0.015475257,0.0,0.0,0.0006102758,0.0,-0.00020665546,-0.0010066447,-0.0012613691,0.0,0.0,0.0,0.008206882,0.00445473,0.0,0.0,0.0011704514,0.0016701467,0.0,0.0,0.0,0.00034081936,0.0,-0.025369346,-0.0035877647,0.0028838585,-0.0004970004,0.0,0.0,-0.0044754515,0.0,0.0,0.0,0.003251591,0.0,0.0,0.0,0.0038577223,0.0,0.0,0.0,0.0007393464,0.00022437566,-0.00294154,0.00056657323,0.0,-0.0030190968,0.0,0.0,-0.0007002461,0.0,0.0,0.0,0.0018119498,-0.0028739762,0.0,0.0,0.0,0.0,0.0,0.005376596,0.0,0.0,0.0,0.0,0.0,-0.0006498745,0.0,0.0,-0.021367934,0.009781802,0.0010298891,0.0011338051,0.008673546,0.00054869946,0.002748724,0.0,0.0,0.00061669026,0.0,0.0,0.0,0.0,-0.0043197647,0.0,0.006672831,0.0,0.0,-0.0003949597,0.0,-0.0051236115,0.0,0.0,0.0004593142,0.0013897421,0.0,0.0,0.0058684866,0.0,-0.00057285745,-3.62122e-05,0.0,0.0,0.0,0.004269229,0.0,-0.0043996484,-0.006102099,0.0013057933,0.0,0.0019414134,0.0,-0.0010479314
-0.39045444,-0.08311129,-0.3296957,0.0,0.0,0.108386636,0.12462912,0.030835114,0.1938895,0.0011744571,-0.07486413,-0.043623727,-0.013555087,0.008032895,0.0031445196,-0.016836297,-0.0028646684,0.017649846,0.0039013315,0.0005757741,0.0,0.0039368765,-0.19099978,-0.0013583247,0.0,0.03245847,0.1240185,0.01193038,0.0339434,0.034452576,-0.07623435,0.032394238,-0.17935124,-0.0012592531,0.0013974695,0.012530007,0.0,0.0,0.0,0.00082419696,0.0007469128,0.0,0.0,0.0,0.0,0.0,0.0,0.0,0.0,0.0,0.015475257,0.0,0.0,0.0006102758,0.0,-0.00020665546,-0.0010066447,-0.0012613691,0.0,0.0,0.0,0.008206882,0.00445473,0.0,0.0,0.0011704514,0.0016701467,0.0,0.0,0.0,0.00034081936,0.0,-0.025369346,-0.0035877647,0.0028838585,-0.0004970004,0.0,0.0,-0.0044754515,0.0,0.0,0.0,0.003251591,0.0,0.0,0.0,0.0038577223,0.0,0.0,0.0,0.0007393464,0.00022437566,-0.00294154,0.00056657323,0.0,-0.0030190968,0.0,0.0,-0.0007002461,0.0,0.0,0.0,0.0018119498,-0.0028739762,0.0,0.0,0.0,0.0,0.0,0.005376596,0.0,0.0,0.0,0.0,0.0,-0.0006498745,0.0,0.0,-0.021367934,0.009781802,0.0010298891,0.0011338051,0.008673546,0.00054869946,0.002748724,0.0,0.0,0.00061669026,0.0,0.0,0.0,0.0,-0.0043197647,0.0,0.006672831,0.0,0.0,-0.0003949597,0.0,-0.0051236115,0.0,0.0,0.0004593142,0.0013897421,0.0,0.0,0.0058684866,0.0,-0.00057285745,-3.62122e-05,0.0,0.0,0.0,0.004269229,0.0,-0.0043996484,-0.006102099,0.0013057933,0.0,0.0019414134,0.0,-0.0010479314
-0.39045444,-0.08311129,-0.3296957,0.0,0.0,0.108386636,0.12462912,0.030835114,0.1938895,0.0011744571,-0.07486413,-0.043623727,-0.013555087,0.008032895,0.0031445196,-0.016836297,-0.0028646684,0.017649846,0.0039013315,0.0005757741,0.0,0.0039368765,-0.19099978,-0.0013583247,0.0,0.03245847,0.1240185,0.01193038,0.0339434,0.034452576,-0.07623435,0.032394238,-0.17935124,-0.0012592531,0.0013974695,0.012530007,0.0,0.0,0.0,0.00082419696,0.0007469128,0.0,0.0,0.0,0.0,0.0,0.0,0.0,0.0,0.0,0.015475257,0.0,0.0,0.0006102758,0.0,-0.00020665546,-0.0010066447,-0.0012613691,0.0,0.0,0.0,0.008206882,0.00445473,0.0,0.0,0.0011704514,0.0016701467,0.0,0.0,0.0,0.00034081936,0.0,-0.025369346,-0.0035877647,0.0028838585,-0.0004970004,0.0,0.0,-0.0044754515,0.0,0.0,0.0,0.003251591,0.0,0.0,0.0,0.0038577223,0.0,0.0,0.0,0.0007393464,0.00022437566,-0.00294154,0.00056657323,0.0,-0.0030190968,0.0,0.0,-0.0007002461,0.0,0.0,0.0,0.0018119498,-0.0028739762,0.0,0.0,0.0,0.0,0.0,0.005376596,0.0,0.0,0.0,0.0,0.0,-0.0006498745,0.0,0.0,-0.021367934,0.009781802,0.0010298891,0.0011338051,0.008673546,0.00054869946,0.002748724,0.0,0.0,0.00061669026,0.0,0.0,0.0,0.0,-0.0043197647,0.0,0.006672831,0.0,0.0,-0.0003949597,0.0,-0.0051236115,0.0,0.0,0.0004593142,0.0013897421,0.0,0.0,0.0058684866,0.0,-0.00057285745,-3.62122e-05,0.0,0.0,0.0,0.004269229,0.0,-0.0043996484,-0.006102099,0.0013057933,0.0,0.0019414134,0.0,-0.0010479314
-0.39045444,-0.08311129,-0.3296957,0.0,0.0,0.108386636,0.12462912,0.030835114,0.1938895,0.0011744571,-0.07486413,-0.043623727,-0.013555087,0.008032895,0.0031445196,-0.016836297,-0.0028646684,0.017649846,0.0039013315,0.0005757741,0.0,0.0039368765,-0.19099978,-0.0013583247,0.0,0.03245847,0.1240185,0.01193038,0.0339434,0.034452576,-0.07623435,0.032394238,-0.17935124,-0.0012592531,0.0013974695,0.012530007,0.0,0.0,0.0,0.00082419696,0.0007469128,0.0,0.0,0.0,0.0,0.0,0.0,0.0,0.0,0.0,0.015475257,0.0,0.0,0.0006102758,0.0,-0.00020665546,-0.0010066447,-0.0012613691,0.0,0.0,0.0,0.008206882,0.00445473,0.0,0.0,0.0011704514,0.0016701467,0.0,0.0,0.0,0.00034081936,0.0,-0.025369346,-0.0035877647,0.0028838585,-0.0004970004,0.0,0.0,-0.0044754515,0.0,0.0,0.0,0.003251591,0.0,0.0,0.0,0.0038577223,0.0,0.0,0.0,0.0007393464,0.00022437566,-0.00294154,0.00056657323,0.0,-0.0030190968,0.0,0.0,-0.0007002461,0.0,0.0,0.0,0.0018119498,-0.0028739762,0.0,0.0,0.0,0.0,0.0,0.005376596,0.0,0.0,0.0,0.0,0.0,-0.0006498745,0.0,0.0,-0.021367934,0.009781802,0.0010298891,0.0011338051,0.008673546,0.00054869946,0.002748724,0.0,0.0,0.00061669026,0.0,0.0,0.0,0.0,-0.0043197647,0.0,0.006672831,0.0,0.0,-0.0003949597,0.0,-0.0051236115,0.0,0.0,0.0004593142,0.0013897421,0.0,0.0,0.0058684866,0.0,-0.00057285745,-3.62122e-05,0.0,0.0,0.0,0.004269229,0.0,-0.0043996484,-0.006102099,0.0013057933,0.0,0.0019414134,0.0,-0.0010479314
-0.39045444,-0.08311129,-0.3296957,0.0,0.0,0.108386636,0.12462912,0.030835114,0.1938895,0.0011744571,-0.07486413,-0.043623727,-0.013555087,0.008032895,0.0031445196,-0.016836297,-0.0028646684,0.017649846,0.0039013315,0.0005757741,0.0,0.0039368765,-0.19099978,-0.0013583247,0.0,0.03245847,0.1240185,0.01193038,0.0339434,0.034452576,-0.07623435,0.032394238,-0.17935124,-0.0012592531,0.0013974695,0.012530007,0.0,0.0,0.0,0.00082419696,0.0007469128,0.0,0.0,0.0,0.0,0.0,0.0,0.0,0.0,0.0,0.015475257,0.0,0.0,0.0006102758,0.0,-0.00020665546,-0.0010066447,-0.0012613691,0.0,0.0,0.0,0.008206882,0.00445473,0.0,0.0,0.0011704514,0.0016701467,0.0,0.0,0.0,0.00034081936,0.0,-0.025369346,-0.0035877647,0.0028838585,-0.0004970004,0.0,0.0,-0.0044754515,0.0,0.0,0.0,0.003251591,0.0,0.0,0.0,0.0038577223,0.0,0.0,0.0,0.0007393464,0.00022437566,-0.00294154,0.00056657323,0.0,-0.0030190968,0.0,0.0,-0.0007002461,0.0,0.0,0.0,0.0018119498,-0.0028739762,0.0,0.0,0.0,0.0,0.0,0.005376596,0.0,0.0,0.0,0.0,0.0,-0.0006498745,0.0,0.0,-0.021367934,0.009781802,0.0010298891,0.0011338051,0.008673546,0.00054869946,0.002748724,0.0,0.0,0.00061669026,0.0,0.0,0.0,0.0,-0.0043197647,0.0,0.006672831,0.0,0.0,-0.0003949597,0.0,-0.0051236115,0.0,0.0,0.0004593142,0.0013897421,0.0,0.0,0.0058684866,0.0,-0.00057285745,-3.62122e-05,0.0,0.0,0.0,0.004269229,0.0,-0.0043996484,-0.006102099,0.0013057933,0.0,0.0019414134,0.0,-0.0010479314
1.095792,0.0012717854,-0.010810374,0.0,0.0,0.01767421,-0.0028047364,0.1289719,-0.010004115,0.0010858963,0.042398922,0.0012508634,-0.00089573243,0.00029137346,-0.005626414,-0.01860191,-0.0053880936,0.00024279035,0.00023785852,-8.6259795e-05,0.0,-0.0018364196,0.11810798,-0.0011886616,0.0,-0.035615273,-0.110906176,0.0801935,0.008984163,0.06289666,0.11849602,-0.0047810227,0.21914911,0.041637857,0.0016127753,-0.027747096,0.0,0.0,0.0,0.0008241433,0.0007413367,0.0,0.0,0.0,0.0,0.0,0.0,0.0,0.0,0.0,0.014513248,0.0,0.0,0.0005793231,0.0,-0.0028835356,-0.0010072148,-0.00034986454,0.0,0.0,0.0,0.008231219,0.0038068385,0.0,0.0,0.0020054157,0.0016765677,0.0,0.0,0.0,0.0016430509,0.0,-0.014383477,-0.003155511,0.0052855387,-0.0005038653,0.0,0.0,-0.009028267,0.0,0.0,0.0,0.0031604932,0.0,0.0,0.0,0.0022550707,0.0,0.0,0.0,0.0007393464,0.0004547168,-0.0028204974,0.00056657323,0.0,-0.0040588398,0.0,0.0,-0.0007002461,0.0,0.0,0.0,0.0015584708,-0.0026510486,0.0,0.0,0.0,0.0,0.0,0.0060414937,0.0,0.0,0.0,0.0,0.0,-0.0006498745,0.0,0.0,-0.017022008,0.008676352,0.0005246742,0.001149929,0.008010887,0.00021571579,0.002735846,0.0,0.0,0.0006360499,0.0,0.0,0.0,0.0,-0.00377881,0.0,0.006380643,0.0,0.0,-0.00039360515,0.0,-0.006651384,0.0,0.0,0.00046012815,0.0013897421,0.0,0.0,0.020790685,0.0,-0.001038024,-2.4905106e-05,0.0,0.0,0.0,0.015175193,0.0,-0.0040722927,-0.00544122,0.001314986,0.0,0.003157627,0.0,-0.0010294951
1.095792,0.0012717854,-0.010810374,0.0,0.0,0.01767421,-0.0028047364,0.1289719,-0.010004115,0.0010858963,0.042398922,0.0012508634,-0.00089573243,0.00029137346,-0.005626414,-0.01860191,-0.0053880936,0.00024279035,0.00023785852,-8.6259795e-05,0.0,-0.0018364196,0.11810798,-0.0011886616,0.0,-0.035615273,-0.110906176,0.0801935,0.008984163,0.06289666,0.11849602,-0.0047810227,0.21914911,0.041637857,0.0016127753,-0.027747096,0.0,0.0,0.0,0.0008241433,0.0007413367,0.0,0.0,0.0,0.0,0.0,0.0,0.0,0.0,0.0,0.014513248,0.0,0.0,0.0005793231,0.0,-0.0028835356,-0.0010072148,-0.00034986454,0.0,0.0,0.0,0.008231219,0.0038068385,0.0,0.0,0.0020054157,0.0016765677,0.0,0.0,0.0,0.0016430509,0.0,-0.014383477,-0.003155511,0.0052855387,-0.0005038653,0.0,0.0,-0.009028267,0.0,0.0,0.0,0.0031604932,0.0,0.0,0.0,0.0022550707,0.0,0.0,0.0,0.0007393464,0.0004547168,-0.0028204974,0.00056657323,0.0,-0.0040588398,0.0,0.0,-0.0007002461,0.0,0.0,0.0,0.0015584708,-0.0026510486,0.0,0.0,0.0,0.0,0.0,0.0060414937,0.0,0.0,0.0,0.0,0.0,-0.0006498745,0.0,0.0,-0.017022008,0.008676352,0.0005246742,0.001149929,0.008010887,0.00021571579,0.002735846,0.0,0.0,0.0006360499,0.0,0.0,0.0,0.0,-0.00377881,0.0,0.006380643,0.0,0.0,-0.00039360515,0.0,-0.006651384,0.0,0.0,0.00046012815,0.0013897421,0.0,0.0,0.020790685,0.0,-0.001038024,-2.4905106e-05,0.0,0.0,0.0,0.015175193,0.0,-0.0040722927,-0.00544122,0.001314986,0.0,0.003157627,0.0,-0.0010294951
1.095792,0.0012717854,-0.010810374,0.0,0.0,0.01767421,-0.0028047364,0.1289719,-0.010004115,0.0010858963,0.042398922,0.0012508634,-0.00089573243,0.00029137346,-0.005626414,-0.01860191,-0.0053880936,0.00024279035,0.00023785852,-8.6259795e-05,0.0,-0.0018364196,0.11810798,-0.0011886616,0.0,-0.035615273,-0.110906176,0.0801935,0.008984163,0.06289666,0.11849602,-0.0047810227,0.21914911,0.041637857,0.0016127753,-0.027747096,0.0,0.0,0.0,0.0008241433,0.0007413367,0.0,0.0,0.0,0.0,0.0,0.0,0.0,0.0,0.0,0.014513248,0.0,0.0,0.0005793231,0.0,-0.0028835356,-0.0010072148,-0.00034986454,0.0,0.0,0.0,0.008231219,0.0038068385,0.0,0.0,0.0020054157,0.0016765677,0.0,0.0,0.0,0.0016430509,0.0,-0.014383477,-0.003155511,0.0052855387,-0.0005038653,0.0,0.0,-0.009028267,0.0,0.0,0.0,0.0031604932,0.0,0.0,0.0,0.0022550707,0.0,0.0,0.0,0.0007393464,0.0004547168,-0.0028204974,0.00056657323,0.0,-0.0040588398,0.0,0.0,-0.0007002461,0.0,0.0,0.0,0.0015584708,-0.0026510486,0.0,0.0,0.0,0.0,0.0,0.0060414937,0.0,0.0,0.0,0.0,0.0,-0.0006498745,0.0,0.0,-0.017022008,0.008676352,0.0005246742,0.001149929,0.008010887,0.00021571579,0.002735846,0.0,0.0,0.0006360499,0.0,0.0,0.0,0.0,-0.00377881,0.0,0.006380643,0.0,0.0,-0.00039360515,0.0,-0.006651384,0.0,0.0,0.00046012815,0.0013897421,0.0,0.0,0.020790685,0.0,-0.001038024,-2.4905106e-05,0.0,0.0,0.0,0.015175193,0.0,-0.0040722927,-0.00544122,0.001314986,0.0,0.003157627,0.0,-0.0010294951
1.095792,0.0012717854,-0.010810374,0.0,0.0,0.01767421,-0.0028047364,0.1289719,-0.010004115,0.0010858963,0.042398922,0.0012508634,-0.00089573243,0.00029137346,-0.005626414,-0.01860191,-0.0053880936,0.00024279035,0.00023785852,-8.6259795e-05,0.0,-0.0018364196,0.11810798,-0.0011886616,0.0,-0.035615273,-0.110906176,0.0801935,0.008984163,0.06289666,0.11849602,-0.0047810227,0.21914911,0.041637857,0.0016127753,-0.027747096,0.0,0.0,0.0,0.0008241433,0.0007413367,0.0,0.0,0.0,0.0,0.0,0.0,0.0,0.0,0.0,0.014513248,0.0,0.0,0.0005793231,0.0,-0.0028835356,-0.0010072148,-0.00034986454,0.0,0.0,0.0,0.008231219,0.0038068385,0.0,0.0,0.0020054157,0.0016765677,0.0,0.0,0.0,0.0016430509,0.0,-0.014383477,-0.003155511,0.0052855387,-0.0005038653,0.0,0.0,-0.009028267,0.0,0.0,0.0,0.0031604932,0.0,0.0,0.0,0.0022550707,0.0,0.0,0.0,0.0007393464,0.0004547168,-0.0028204974,0.00056657323,0.0,-0.0040588398,0.0,0.0,-0.0007002461,0.0,0.0,0.0,0.0015584708,-0.0026510486,0.0,0.0,0.0,0.0,0.0,0.0060414937,0.0,0.0,0.0,0.0,0.0,-0.0006498745,0.0,0.0,-0.017022008,0.008676352,0.0005246742,0.001149929,0.008010887,0.00021571579,0.002735846,0.0,0.0,0.0006360499,0.0,0.0,0.0,0.0,-0.00377881,0.0,0.006380643,0.0,0.0,-0.00039360515,0.0,-0.006651384,0.0,0.0,0.00046012815,0.0013897421,0.0,0.0,0.020790685,0.0,-0.001038024,-2.4905106e-05,0.0,0.0,0.0,0.015175193,0.0,-0.0040722927,-0.00544122,0.001314986,0.0,0.003157627,0.0,-0.0010294951
1.095792,0.0012717854,-0.010810374,0.0,0.0,0.01767421,-0.0028047364,0.1289719,-0.010004115,0.0010858963,0.042398922,0.0012508634,-0.00089573243,0.00029137346,-0.005626414,-0.01860191,-0.0053880936,0.00024279035,0.00023785852,-8.6259795e-05,0.0,-0.0018364196,0.11810798,-0.0011886616,0.0,-0.035615273,-0.110906176,0.0801935,0.008984163,0.06289666,0.11849602,-0.0047810227,0.21914911,0.041637857,0.0016127753,-0.027747096,0.0,0.0,0.0,0.0008241433,0.0007413367,0.0,0.0,0.0,0.0,0.0,0.0,0.0,0.0,0.0,0.014513248,0.0,0.0,0.0005793231,0.0,-0.0028835356,-0.0010072148,-0.00034986454,0.0,0.0,0.0,0.008231219,0.0038068385,0.0,0.0,0.0020054157,0.0016765677,0.0,0.0,0.0,0.0016430509,0.0,-0.014383477,-0.003155511,0.0052855387,-0.0005038653,0.0,0.0,-0.009028267,0.0,0.0,0.0,0.0031604932,0.0,0.0,0.0,0.0022550707,0.0,0.0,0.0,0.0007393464,0.0004547168,-0.0028204974,0.00056657323,0.0,-0.0040588398,0.0,0.0,-0.0007002461,0.0,0.0,0.0,0.0015584708,-0.0026510486,0.0,0.0,0.0,0.0,0.0,0.0060414937,0.0,0.0,0.0,0.0,0.0,-0.0006498745,0.0,0.0,-0.017022008,0.008676352,0.0005246742,0.001149929,0.008010887,0.00021571579,0.002735846,0.0,0.0,0.0006360499,0.0,0.0,0.0,0.0,-0.00377881,0.0,0.006380643,0.0,0.0,-0.00039360515,0.0,-0.006651384,0.0,0.0,0.00046012815,0.0013897421,0.0,0.0,0.020790685,0.0,-0.001038024,-2.4905106e-05,0.0,0.0,0.0,0.015175193,0.0,-0.0040722927,-0.00544122,0.001314986,0.0,0.003157627,0.0,-0.0010294951
0.30520087,0.16489123,-0.1917889,0.0,0.0,-0.03870161,-0.004109512,-0.08416081,-0.0024470438,0.0019633453,-0.008463316,-0.007707485,0.0010048106,-0.0008155253,-0.0020982237,-0.012487872,-0.0084749535,-0.0054573356,0.0002807273,-8.6259795e-05,0.0,0.004029593,0.10381985,-0.0011886616,0.0,-0.0829057,0.13415536,0.03929426,0.015385526,-0.45911875,-0.22283655,0.00061632186,0.31836548,-0.016322019,0.0034578722,-0.033310905,0.0,0.0,0.0,0.0008301694,0.00074949826,0.0,0.0,0.0,0.0,0.0,0.0,0.0,0.0,0.0,0.015322408,0.0,0.0,0.0006373632,0.0,-0.0008604212,-0.0010084175,-8.386171e-05,0.0,0.0,0.0,0.009051037,0.00445473,0.0,0.0,0.0008411966,0.0016787243,0.0,0.0,0.0,5.9432154e-05,0.0,-0.017691042,-0.0059317052,0.011014177,-0.00049539836,0.0,0.0,-0.008549521,0.0,0.0,0.0,0.0032436657,0.0,0.0,0.0,0.0035807393,0.0,0.0,0.0,0.0007393464,0.0004547168,-0.0028202422,0.00056657323,0.0,-0.004129704,0.0,0.0,-0.0007002461,0.0,0.0,0.0,0.0007940588,-0.0025194043,0.0,0.0,0.0,0.0,0.0,0.00528768,0.0,0.0,0.0,0.0,0.0,-0.00022713149,0.0,0.0,-0.018151276,0.008877282,0.0010298891,0.0011388183,0.008212795,0.00032259544,0.0013066436,0.0,0.0,0.0006366939,0.0,0.0,0.0,0.0,-0.0043754256,0.0,0.0064082975,0.0,0.0,0.017943073,0.0,-0.006153335,0.0,0.0,0.00046012815,0.0013897421,0.0,0.0,0.013629888,0.0,-0.00057285745,-2.4905106e-05,0.0,0.0,0.0,0.006996447,0.0,-0.004371523,-0.0032407034,0.0013263649,0.0,0.0032792415,0.0,-0.0010670134
0.27059132,0.1874535,-0.1915176,0.0,0.0,-0.038845185,-0.004109512,-0.0850097,-0.0024470438,0.0019633453,-0.008458734,-0.0077070678,0.0024569249,-0.0008072015,-0.0020982237,-0.012487872,-0.0084749535,-0.0054573356,0.0002807273,-8.6259795e-05,0.0,0.004029593,0.103074975,-0.0011886616,0.0,-0.0772824,0.1397188,0.03929426,0.01505527,-0.45881552,-0.22283655,0.00060017133,0.3179399,-0.016322019,0.0034578722,-0.03335261,0.0,0.0,0.0,0.0008301694,0.00074949826,0.0,0.0,0.0,0.0,0.0,0.0,0.0,0.0,0.0,0.015322408,0.0,0.0,0.0006373632,0.0,-0.0008604212,-0.0010084175,-8.386171e-05,0.0,0.0,0.0,0.009051037,0.00445473,0.0,0.0,0.0008411966,0.0016787243,0.0,0.0,0.0,5.9432154e-05,0.0,-0.016354397,-0.0059317052,0.011014177,-0.0004955403,0.0,0.0,-0.0082401205,0.0,0.0,0.0,0.0032436657,0.0,0.0,0.0,0.0035807393,0.0,0.0,0.0,0.0007393464,0.0004547168,-0.0028202422,0.00056657323,0.0,-0.004129704,0.0,0.0,-0.0007002461,0.0,0.0,0.0,0.0007940588,-0.0025194043,0.0,0.0,0.0,0.0,0.0,0.005282134,0.0,0.0,0.0,0.0,0.0,-0.00022713149,0.0,0.0,-0.018151276,0.008877282,0.0010298891,0.0011388183,0.008212795,0.00032259544,0.0013066436,0.0,0.0,0.0006366939,0.0,0.0,0.0,0.0,-0.0043754256,0.0,0.0064082975,0.0,0.0,0.017943073,0.0,-0.006153335,0.0,0.0,0.0004596248,0.0013897421,0.0,0.0,0.013629888,0.0,-0.00057285745,-2.4905106e-05,0.0,0.0,0.0,0.006812301,0.0,-0.0043719704,-0.0032380521,0.0013263649,0.0,0.003192831,0.0,-0.0010669924
-0.40079975,0.3800757,-0.14127122,0.0,0.0,0.0021704365,-0.0067368164,-0.025816284,0.0018677693,0.0010329175,0.009176139,-0.018020608,-0.006479129,-0.009207271,-0.0056403894,-0.02071162,-0.007907687,0.004552873,0.000457234,-9.2350194e-05,0.0,-0.0028201197,0.045602404,-0.001329712,0.0,-0.020692155,0.17029315,0.010099857,0.023667146,0.035509378,0.08419622,9.634366e-05,0.23155738,-0.00056571164,0.0034578722,0.013471913,0.0,0.0,0.0,0.00083044363,0.0007403798,0.0,0.0,0.0,0.0,0.0,0.0,0.0,0.0,0.0,0.016922003,0.0,0.0,0.00066309934,0.0,-0.000584473,-0.0010075723,-8.386171e-05,0.0,0.0,0.0,0.009066095,0.00445473,0.0,0.0,0.00090731547,0.0016794304,0.0,0.0,0.0,0.00032803492,0.0,-0.031734526,-0.004808902,0.0058794925,-0.00049648195,0.0,0.0,-0.006852042,0.0,0.0,0.0,0.0031900506,0.0,0.0,0.0,0.003620972,0.0,0.0,0.0,0.0007393464,0.0004547168,-0.0028791016,0.00056657323,0.0,-0.0040610437,0.0,0.0,-0.0007002461,0.0,0.0,0.0,0.0007940588,-0.0026235373,0.0,0.0,0.0,0.0,0.0,0.0053680143,0.0,0.0,0.0,0.0,0.0,-0.0006498745,0.0,0.0,-0.027731378,0.009459399,0.0010298891,0.0011513878,0.008279705,0.00032259544,0.001312071,0.0,0.0,0.0006139429,0.0,0.0,0.0,0.0,-0.0042954455,0.0,0.006199393,0.0,0.0,-0.0006181117,0.0,-0.006651384,0.0,0.0,0.0004596248,0.0013897421,0.0,0.0,0.00768396,0.0,-0.00057285745,-2.4905106e-05,0.0,0.0,0.0,0.0046645114,0.0,-0.0046172193,-0.0029751444,0.0013296343,0.0,0.003179389,0.0,-0.0010557227
-0.30720863,0.43079573,-0.0059069796,0.0,0.0,-0.024037959,-0.0071508004,-0.026642745,-0.013112989,0.0010329175,-0.0047984985,-0.016762773,-0.005588198,-0.008457642,-0.005474849,-0.01998095,-0.008394335,0.0036467556,0.000457234,-8.6259795e-05,0.0,0.001567906,0.0586675,-0.001329712,0.0,-0.04886922,0.2086614,-0.03347334,0.014732199,0.03398747,-0.04231812,-0.00051520526,0.12019177,-0.0012592531,0.0034578722,-0.014205549,0.0,0.0,0.0,0.0008301791,0.0007441542,0.0,0.0,0.0,0.0,0.0,0.0,0.0,0.0,0.0,0.018514778,0.0,0.0,0.0007937185,0.0,-0.000584473,-0.0010080902,-8.386171e-05,0.0,0.0,0.0,0.009046138,0.00445473,0.0,0.0,0.00082281075,0.0016773002,0.0,0.0,0.0,0.00031927892,0.0,-0.026298476,-0.0047766985,0.011071031,-0.00049648195,0.0,0.0,-0.009511909,0.0,0.0,0.0,0.003171237,0.0,0.0,0.0,0.003620972,0.0,0.0,0.0,0.0007393464,0.0004547168,-0.0028785923,0.00056657323,0.0,-0.0036090985,0.0,0.0,-0.0007002461,0.0,0.0,0.0,0.0007940588,0.21421617,0.0,0.0,0.0,0.0,0.0,0.0050963317,0.0,0.0,0.0,0.0,0.0,-0.00025024655,0.0,0.0,-0.029196125,0.009571918,0.0010298891,0.0011512863,0.008227118,0.00032259544,0.0012918913,0.0,0.0,0.0006139429,0.0,0.0,0.0,0.0,-0.003748832,0.0,0.006157193,0.0,0.0,-0.00046715618,0.0,-0.006153335,0.0,0.0,0.0004596248,0.0013897421,0.0,0.0,0.0071676187,0.0,-0.0004221528,-2.4905106e-05,0.0,0.0,0.0,0.0051449165,0.0,-0.004618822,-0.0031361585,0.0013220963,0.0,0.003192831,0.0,-0.0010479133
-0.30618903,0.52762496,-0.005876011,0.0,0.0,-0.024552843,-0.0071508004,-0.026642745,-0.016915852,0.0010329175,-0.004485329,-0.017069682,-0.0055742334,-0.008457642,-0.005474849,-0.019996833,-0.008440675,0.0036467556,0.000457234,-8.6259795e-05,0.0,0.001567906,0.05826124,-0.0013408078,0.0,-0.04859158,0.19766293,-0.033489805,0.011075606,0.033564694,-0.041934885,1.872794e-05,0.120389506,-0.0012592531,0.006873983,-0.018287541,0.0,0.0,0.0,0.00083019165,0.0007441542,0.0,0.0,0.0,0.0,0.0,0.0,0.0,0.0,0.0,0.018516438,0.0,0.0,0.0007937185,0.0,-0.000584473,-0.0010080902,-8.386171e-05,0.0,0.0,0.0,0.0087800715,0.00445473,0.0,0.0,0.0034559427,0.001677727,0.0,0.0,0.0,0.00031991853,0.0,-0.026721248,-0.0048209913,0.011071545,-0.000102882994,0.0,0.0,-0.009511909,0.0,0.0,0.0,0.00056621473,0.0,0.0,0.0,0.003620972,0.0,0.0,0.0,0.0007393464,0.0004547168,-0.002859552,0.0006180763,0.0,-0.0036090985,0.0,0.0,-0.0007002461,0.0,0.0,0.0,0.0007940588,0.21421617,0.0,0.0,0.0,0.0,0.0,0.005100279,0.0,0.0,0.0,0.0,0.0,-0.00025024655,0.0,0.0,-0.029190302,0.0046407296,0.0010298891,0.0011512863,0.0071196826,0.00032259544,0.0012922836,0.0,0.0,0.0006140327,0.0,0.0,0.0,0.0,-0.0037456818,0.0,0.006155966,0.0,0.0,-0.00046715618,0.0,-0.006153335,0.0,0.0,0.0004596248,0.0013897421,0.0,0.0,0.004928406,0.0,-0.0004221528,-2.4905106e-05,0.0,0.0,0.0,0.0051449165,0.0,-0.004615531,-0.0031361585,0.0014149068,0.0,0.0031932846,0.0,-0.001047846
0.55817854,-0.2089085,-0.05995857,0.0,0.0,-0.05484205,-0.0023308403,-0.11494575,-0.008789292,0.0012929628,-0.042096023,0.03270194,-0.016446859,-0.029997123,-0.0075706276,0.011576984,-0.0051794606,-0.029379318,-0.00064747507,-4.0225626e-05,0.0,0.0047216252,-0.6181567,-0.0012261958,0.0,0.12887537,-0.05427905,0.0069539333,0.03451651,0.1766898,0.07389718,0.013204485,-0.35654712,0.015250891,0.0012375005,-0.022282843,0.0,0.0,0.0,0.0008187632,0.00074308476,0.0,0.0,0.0,0.0,0.0,0.0,0.0,0.0,0.0,0.012590342,0.0,0.0,0.00046822935,0.0,-0.0008068235,-0.0012742246,-9.65379e-05,0.0,0.0,0.0,0.008225691,0.006426105,0.0,0.0,0.0011840948,0.0016673317,0.0,0.0,0.0,0.0016219012,0.0,-0.010327567,-0.004210598,0.002974435,-0.0004965415,0.0,0.0,-0.00392414,0.0,0.0,0.0,0.0029714722,0.0,0.0,0.0,0.0025362263,0.0,0.0,0.0,-0.0408518,0.0004547168,-0.0028844667,0.00056657323,0.0,-0.004087779,0.0,0.0,-0.0007002461,0.0,0.0,0.0,0.0018318833,-0.0026510486,0.0,0.0,0.0,0.0,0.0,0.002348703,0.0,0.0,0.0,0.0,0.0,-0.00059136044,0.0,0.0,-0.007302317,0.008353966,0.0004140216,0.001141002,0.013858279,0.00054869946,0.0026770602,0.0,0.0,0.000626083,0.0,0.0,0.0,0.0,-0.0039330386,0.0,0.004270508,0.0,0.0,-0.00033289535,0.0,-0.002411574,0.0,0.0,0.00045863978,0.0006262464,0.0,0.0,0.013582522,0.0,-0.0004221528,-2.4905106e-05,0.0,0.0,0.0,0.0080335885,0.0,-0.0030191066,-0.0053662197,0.001300387,0.0,0.00325015,0.0,-0.0010402896
0.55817854,-0.2089085,-0.05995857,0.0,0.0,-0.05484205,-0.0023308403,-0.11494575,-0.008789292,0.0012929628,-0.042096023,0.03270194,-0.016446859,-0.029997123,-0.0075706276,0.011576984,-0.0051794606,-0.029379318,-0.00064747507,-4.0225626e-05,0.0,0.0047216252,-0.6181567,-0.0012261958,0.0,0.12887537,-0.05427905,0.0069539333,0.03451651,0.1766898,0.07389718,0.013204485,-0.35654712,0.015250891,0.0012375005,-0.022282843,0.0,0.0,0.0,0.0008187632,0.00074308476,0.0,0.0,0.0,0.0,0.0,0.0,0.0,0.0,0.0,0.012590342,0.0,0.0,0.00046822935,0.0,-0.0008068235,-0.0012742246,-9.65379e-05,0.0,0.0,0.0,0.008225691,0.006426105,0.0,0.0,0.0011840948,0.0016673317,0.0,0.0,0.0,0.0016219012,0.0,-0.010327567,-0.004210598,0.002974435,-0.0004965415,0.0,0.0,-0.00392414,0.0,0.0,0.0,0.0029714722,0.0,0.0,0.0,0.0025362263,0.0,0.0,0.0,-0.0408518,0.0004547168,-0.0028844667,0.00056657323,0.0,-0.004087779,0.0,0.0,-0.0007002461,0.0,0.0,0.0,0.0018318833,-0.0026510486,0.0,0.0,0.0,0.0,0.0,0.002348703,0.0,0.0,0.0,0.0,0.0,-0.00059136044,0.0,0.0,-0.007302317,0.008353966,0.0004140216,0.001141002,0.013858279,0.00054869946,0.0026770602,0.0,0.0,0.000626083,0.0,0.0,0.0,0.0,-0.0039330386,0.0,0.004270508,0.0,0.0,-0.00033289535,0.0,-0.002411574,0.0,0.0,0.00045863978,0.0006262464,0.0,0.0,0.013582522,0.0,-0.0004221528,-2.4905106e-05,0.0,0.0,0.0,0.0080335885,0.0,-0.0030191066,-0.0053662197,0.001300387,0.0,0.00325015,0.0,-0.0010402896
0.55817854,-0.2089085,-0.05995857,0.0,0.0,-0.05484205,-0.0023308403,-0.11494575,-0.008789292,0.0012929628,-0.042096023,0.03270194,-0.016446859,-0.029997123,-0.0075706276,0.011576984,-0.0051794606,-0.029379318,-0.00064747507,-4.0225626e-05,0.0,0.0047216252,-0.6181567,-0.0012261958,0.0,0.12887537,-0.05427905,0.0069539333,0.03451651,0.1766898,0.07389718,0.013204485,-0.35654712,0.015250891,0.0012375005,-0.022282843,0.0,0.0,0.0,0.0008187632,0.00074308476,0.0,0.0,0.0,0.0,0.0,0.0,0.0,0.0,0.0,0.012590342,0.0,0.0,0.00046822935,0.0,-0.0008068235,-0.0012742246,-9.65379e-05,0.0,0.0,0.0,0.008225691,0.006426105,0.0,0.0,0.0011840948,0.0016673317,0.0,0.0,0.0,0.0016219012,0.0,-0.010327567,-0.004210598,0.002974435,-0.0004965415,0.0,0.0,-0.00392414,0.0,0.0,0.0,0.0029714722,0.0,0.0,0.0,0.0025362263,0.0,0.0,0.0,-0.0408518,0.0004547168,-0.0028844667,0.00056657323,0.0,-0.004087779,0.0,0.0,-0.0007002461,0.0,0.0,0.0,0.0018318833,-0.0026510486,0.0,0.0,0.0,0.0,0.0,0.002348703,0.0,0.0,0.0,0.0,0.0,-0.00059136044,0.0,0.0,-0.007302317,0.008353966,0.0004140216,0.001141002,0.013858279,0.00054869946,0.0026770602,0.0,0.0,0.000626083,0.0,0.0,0.0,0.0,-0.0039330386,0.0,0.004270508,0.0,0.0,-0.00033289535,0.0,-0.002411574,0.0,0.0,0.00045863978,0.0006262464,0.0,0.0,0.013582522,0.0,-0.0004221528,-2.4905106e-05,0.0,0.0,0.0,0.0080335885,0.0,-0.0030191066,-0.0053662197,0.001300387,0.0,0.00325015,0.0,-0.0010402896
0.55817854,-0.2089085,-0.05995857,0.0,0.0,-0.05484205,-0.0023308403,-0.11494575,-0.008789292,0.0012929628,-0.042096023,0.03270194,-0.016446859,-0.029997123,-0.0075706276,0.011576984,-0.0051794606,-0.029379318,-0.00064747507,-4.0225626e-05,0.0,0.0047216252,-0.6181567,-0.0012261958,0.0,0.12887537,-0.05427905,0.0069539333,0.03451651,0.1766898,0.07389718,0.013204485,-0.35654712,0.015250891,0.0012375005,-0.022282843,0.0,0.0,0.0,0.0008187632,0.00074308476,0.0,0.0,0.0,0.0,0.0,0.0,0.0,0.0,0.0,0.012590342,0.0,0.0,0.00046822935,0.0,-0.0008068235,-0.0012742246,-9.65379e-05,0.0,0.0,0.0,0.008225691,0.006426105,0.0,0.0,0.0011840948,0.0016673317,0.0,0.0,0.0,0.0016219012,0.0,-0.010327567,-0.004210598,0.002974435,-0.0004965415,0.0,0.0,-0.00392414,0.0,0.0,0.0,0.0029714722,0.0,0.0,0.0,0.0025362263,0.0,0.0,0.0,-0.0408518,0.0004547168,-0.0028844667,0.00056657323,0.0,-0.004087779,0.0,0.0,-0.0007002461,0.0,0.0,0.0,0.0018318833,-0.0026510486,0.0,0.0,0.0,0.0,0.0,0.002348703,0.0,0.0,0.0,0.0,0.0,-0.00059136044,0.0,0.0,-0.007302317,0.008353966,0.0004140216,0.001141002,0.013858279,0.00054869946,0.0026770602,0.0,0.0,0.000626083,0.0,0.0,0.0,0.0,-0.0039330386,0.0,0.004270508,0.0,0.0,-0.00033289535,0.0,-0.002411574,0.0,0.0,0.00045863978,0.0006262464,0.0,0.0,0.013582522,0.0,-0.0004221528,-2.4905106e-05,0.0,0.0,0.0,0.0080335885,0.0,-0.0030191066,-0.0053662197,0.001300387,0.0,0.00325015,0.0,-0.0010402896
0.55817854,-0.2089085,-0.05995857,0.0,0.0,-0.05484205,-0.0023308403,-0.11494575,-0.008789292,0.0012929628,-0.042096023,0.03270194,-0.016446859,-0.029997123,-0.0075706276,0.011576984,-0.0051794606,-0.029379318,-0.00064747507,-4.0225626e-05,0.0,0.0047216252,-0.6181567,-0.0012261958,0.0,0.12887537,-0.05427905,0.0069539333,0.03451651,0.1766898,0.07389718,0.013204485,-0.35654712,0.015250891,0.0012375005,-0.022282843,0.0,0.0,0.0,0.0008187632,0.00074308476,0.0,0.0,0.0,0.0,0.0,0.0,0.0,0.0,0.0,0.012590342,0.0,0.0,0.00046822935,0.0,-0.0008068235,-0.0012742246,-9.65379e-05,0.0,0.0,0.0,0.008225691,0.006426105,0.0,0.0,0.0011840948,0.0016673317,0.0,0.0,0.0,0.0016219012,0.0,-0.010327567,-0.004210598,0.002974435,-0.0004965415,0.0,0.0,-0.00392414,0.0,0.0,0.0,0.0029714722,0.0,0.0,0.0,0.0025362263,0.0,0.0,0.0,-0.0408518,0.0004547168,-0.0028844667,0.00056657323,0.0,-0.004087779,0.0,0.0,-0.0007002461,0.0,0.0,0.0,0.0018318833,-0.0026510486,0.0,0.0,0.0,0.0,0.0,0.002348703,0.0,0.0,0.0,0.0,0.0,-0.00059136044,0.0,0.0,-0.007302317,0.008353966,0.0004140216,0.001141002,0.013858279,0.00054869946,0.0026770602,0.0,0.0,0.000626083,0.0,0.0,0.0,0.0,-0.0039330386,0.0,0.004270508,0.0,0.0,-0.00033289535,0.0,-0.002411574,0.0,0.0,0.00045863978,0.0006262464,0.0,0.0,0.013582522,0.0,-0.0004221528,-2.4905106e-05,0.0,0.0,0.0,0.0080335885,0.0,-0.0030191066,-0.0053662197,0.001300387,0.0,0.00325015,0.0,-0.0010402896
-0.46799412,0.017002262,-0.14843807,0.0,0.0,0.0039942814,-0.0071508004,0.03837664,-0.012953118,0.0012358055,-0.04754017,-0.023525795,-0.5450105,-0.02100761,-0.006158867,0.0058288574,-0.008234956,0.0034321717,0.00041436517,-0.0027711843,0.0,0.0037897632,0.054665163,-0.001329712,0.0,0.07441562,0.15982099,0.02779341,0.013724359,-0.13658863,-0.11084653,9.8845005e-05,0.25872838,-0.0012592531,0.003460002,-0.018598547,0.0,0.0,0.0,0.0008238884,0.00074229843,0.0,0.0,0.0,0.0,0.0,0.0,0.0,0.0,0.0,0.018336425,0.0,0.0,0.0006373632,0.0,-0.00020665546,-0.0010084175,-8.386171e-05,0.0,0.0,0.0,0.008226354,0.00445473,0.0,0.0,0.0008310637,0.0016757313,0.0,0.0,0.0,0.0015839324,0.0,-0.02979296,-0.004962962,0.010268917,-0.0004963399,0.0,0.0,-0.0055576637,0.0,0.0,0.0,0.003251591,0.0,0.0,0.0,0.0038723939,0.0,0.0,0.0,0.0007393464,0.0004547168,-0.0031499835,0.00056657323,0.0,-0.0040610437,0.0,0.0,-0.00033594854,0.0,0.0,0.0,0.0018318833,-0.0029253857,0.0,0.0,0.0,0.0,0.0,0.0029989087,0.0,0.0,0.0,0.0,0.0,-0.00025024655,0.0,0.0,-0.02575954,0.0090828715,0.0010298891,0.0011387576,0.0081861215,0.00032259544,0.0027311891,0.0,0.0,0.00061411003,0.0,0.0,0.0,0.0,-0.004399093,0.0,0.0066842013,0.0,0.0,-0.00046715618,0.0,-0.006153335,0.0,0.0,0.0004593142,0.0013897421,0.0,0.0,0.0054245037,0.0,-0.00057285745,-2.4905106e-05,0.0,0.0,0.0,0.0033964138,0.0,-0.006248822,-0.003160037,0.0013221347,0.0,0.0032765043,0.0,-0.001039414
-0.37498915,-0.10196357,-0.14837773,0.0,0.0,0.030852823,-0.0071508004,0.03379335,-0.0015148513,0.0012358055,-1.6534977e-05,-0.029180404,-0.2365524,-0.00486671,-0.005899323,-0.016547833,-0.008394335,0.004377009,0.000457234,-9.2350194e-05,0.0,-0.0027561593,0.045726627,-0.001329712,0.0,0.07459442,0.16195087,0.035303067,0.013351771,-0.13707371,-0.11031071,9.634366e-05,0.2581797,-0.00056571164,0.0040118317,0.016868746,0.0,0.0,0.0,0.0008238884,0.0007422075,0.0,0.0,0.0,0.0,0.0,0.0,0.0,0.0,0.0,0.0136708,0.0,0.0,0.0006373632,0.0,-0.00020665546,-0.0010084175,-8.386171e-05,0.0,0.0,0.0,0.008232221,0.0039276723,0.0,0.0,0.00085341075,0.0016757153,0.0,0.0,0.0,0.00026748772,0.0,-0.03482834,-0.004865114,0.0102757085,-0.0004963399,0.0,0.0,-0.005387167,0.0,0.0,0.0,0.003254976,0.0,0.0,0.0,0.0038723939,0.0,0.0,0.0,0.0007393464,0.0004547168,-0.0028791016,0.00056657323,0.0,-0.0039845314,0.0,0.0,-0.0007002461,0.0,0.0,0.0,0.0018318833,-0.0029253857,0.0,0.0,0.0,0.0,0.0,0.0055152406,0.0,0.0,0.0,0.0,0.0,-0.00025024655,0.0,0.0,-0.025714539,0.009264884,0.0010298891,0.0011388933,0.008186305,0.00032259544,0.0027306322,0.0,0.0,0.0005498162,0.0,0.0,0.0,0.0,-0.0043752864,0.0,0.0066842013,0.0,0.0,-0.00046715618,0.0,-0.006153335,0.0,0.0,0.00046012815,0.0013897421,0.0,0.0,0.0067454902,0.0,-0.00057285745,-2.4905106e-05,0.0,0.0,0.0,0.0035635554,0.0,-0.004587794,-0.0029765593,0.0013264033,0.0,0.0029903264,0.0,-0.0010344535
-0.5062298,0.92717105,0.0108929165,0.0,0.0,-0.014586485,-0.0036427057,-0.017028233,-0.045588735,0.00093416625,-0.1297958,-0.017603735,-0.009952268,-0.017284447,0.058172416,-0.0136531815,-0.0075783962,-0.096270256,-0.013882114,-8.431118e-05,0.0,-0.0030299046,-0.13314544,0.024105148,0.0,-0.06284775,-0.23974968,0.002097995,-0.20324524,0.023313824,0.37463483,0.014289466,0.47311714,-0.08296183,-0.01603855,-0.015719583,0.0,0.0,0.0,0.00080826157,0.00071596494,0.0,0.0,0.0,0.0,0.0,0.0,0.0,0.0,0.0,-1.3782887,0.0,0.0,0.00057652564,0.0,-0.000584473,-0.0010050259,-0.00034986454,0.0,0.0,0.0,0.004206576,0.004297995,0.0,0.0,0.0044656633,0.0016250918,0.0,0.0,0.0,0.00027554663,0.0,-0.026732266,-0.004199486,0.0050199376,-0.00013338613,0.0,0.0,-0.00881048,0.0,0.0,0.0,0.00027310403,0.0,0.0,0.0,0.0015178581,0.0,0.0,0.0,0.0007393464,0.000529852,-0.0028589847,0.0016317563,0.0,-0.0030176884,0.0,0.0,-0.0007002461,0.0,0.0,0.0,0.0016367983,-0.0026235373,0.0,0.0,0.0,0.0,0.0,0.0044095498,0.0,0.0,0.0,0.0,0.0,-0.0006498745,0.0,0.0,-0.030478196,0.009345887,0.00037078466,0.0011329892,0.0052298363,0.00054869946,0.0012352032,0.0,0.0,0.0006102666,0.0,0.0,0.0,0.0,-0.003909982,0.0,0.0052161342,0.0,0.0,-0.0006181117,0.0,-0.005923313,0.0,0.0,0.00042494363,0.0011380289,0.0,0.0,0.0047950395,0.0,-0.001038024,-0.0010577524,0.0,0.0,0.0,0.005405026,0.0,-0.004040329,-0.0029995127,0.001371608,0.0,0.0033131915,0.0,-0.0010212862
-0.5874533,0.6778489,0.009134564,0.0,0.0,-0.015331111,-0.0036427057,-0.017908119,-0.014210226,0.00093416625,-0.06046826,-0.017422188,-0.002563688,-0.017685184,0.05468933,-0.013949728,0.0057166284,-0.096272774,-0.021484343,-8.6259795e-05,0.0,-0.0048180926,0.05176212,0.02415778,0.0,-0.067128345,-0.2433789,0.0024512792,-0.18341184,0.02160665,0.38635284,0.0005129637,0.5826815,-0.08296183,-0.01603855,0.38415143,0.0,0.0,0.0,0.00083074445,0.0007309792,0.0,0.0,0.0,0.0,0.0,0.0,0.0,0.0,0.0,0.0151632195,0.0,0.0,0.00057652564,0.0,-0.000584473,-0.001005442,-0.00034986454,0.0,0.0,0.0,0.0046305796,0.00445473,0.0,0.0,0.004603817,0.0016687724,0.0,0.0,0.0,0.00027816687,0.0,-0.02413221,-0.0043840446,0.006085746,-0.00013404657,0.0,0.0,-0.009200716,0.0,0.0,0.0,0.00024130032,0.0,0.0,0.0,0.0015178581,0.0,0.0,0.0,0.0007393464,0.000529852,-0.002920117,0.0016317563,0.0,-0.0030176884,0.0,0.0,-0.0007002461,0.0,0.0,0.0,0.0015584708,-0.0026235373,0.0,0.0,0.0,0.0,0.0,0.0056478595,0.0,0.0,0.0,0.0,0.0,-0.0006498745,0.0,0.0,-0.02885423,0.009418297,0.00037078466,0.0011332494,0.006867972,0.00054869946,0.00128934,0.0,0.0,0.00059703965,0.0,0.0,0.0,0.0,-0.003909982,0.0,0.0053126374,0.0,0.0,-0.0006181117,0.0,-0.006651384,0.0,0.0,0.0004596248,0.0013897421,0.0,0.0,0.004980977,0.0,-0.001038024,-0.0010577524,0.0,0.0,0.0,0.005405026,0.0,-0.0040413546,-0.0025309997,0.0013884587,0.0,0.0033131915,0.0,-0.0010132337
-0.5868043,0.69314283,0.010976871,0.0,0.0,-0.014797184,-0.0036427057,-0.017908119,-0.04603845,0.00093416625,-0.060131516,-0.017422188,-0.002563688,-0.017685184,0.05468933,-0.013949728,0.0057166284,-0.096272774,-0.021484343,-9.016073e-05,0.0,-0.0028326462,-0.1330823,0.024129165,0.0,-0.067128345,-0.24998914,-0.0020502605,-0.18341184,0.02160665,0.3838303,0.0005129637,0.58256763,-0.08296183,-0.01603855,0.39346212,0.0,0.0,0.0,0.00083074445,0.0007256022,0.0,0.0,0.0,0.0,0.0,0.0,0.0,0.0,0.0,0.015163706,0.0,0.0,0.00057652564,0.0,-0.000584473,-0.001005442,-0.00034986454,0.0,0.0,0.0,0.0046305796,0.00445473,0.0,0.0,0.004603817,0.0016634589,0.0,0.0,0.0,0.00027816687,0.0,-0.02413221,-0.0043840446,0.006085746,-0.00013404657,0.0,0.0,-0.009200716,0.0,0.0,0.0,0.00024130032,0.0,0.0,0.0,0.0015178581,0.0,0.0,0.0,0.0007393464,0.000529852,-0.002920117,0.0016317563,0.0,-0.0030176884,0.0,0.0,-0.0007002461,0.0,0.0,0.0,0.0015584708,-0.0026235373,0.0,0.0,0.0,0.0,0.0,0.0056478595,0.0,0.0,0.0,0.0,0.0,-0.0006498745,0.0,0.0,-0.02885423,0.009330866,0.00037078466,0.0011332494,0.006597153,0.00054869946,0.00128934,0.0,0.0,0.00059703965,0.0,0.0,0.0,0.0,-0.003909982,0.0,0.0053126374,0.0,0.0,-0.0006181117,0.0,-0.006651384,0.0,0.0,0.0004596248,0.0013897421,0.0,0.0,0.004980977,0.0,-0.001038024,-0.0010577524,0.0,0.0,0.0,0.005405026,0.0,-0.0040413546,-0.0029995127,0.0013830748,0.0,0.0033131915,0.0,-0.0010212862
-0.3765568,0.7031185,-0.014226482,0.0,0.0,-0.024107497,-0.0038013218,-0.017908119,-0.008384883,0.00093416625,-0.060634825,-0.010386075,-0.0026080133,-0.0063081565,0.09940121,0.12647587,0.05187477,-0.00011418878,0.000457234,-8.6259795e-05,0.0,-0.1996939,0.044623546,-0.0010995705,0.0,-0.071608074,-0.23463146,-0.006967591,-0.23777646,0.035199266,-0.060128007,-0.0018156687,0.26103172,-0.0010759498,0.0061031594,-0.02509937,0.0,0.0,0.0,0.0008307348,0.00073778164,0.0,0.0,0.0,0.0,0.0,0.0,0.0,0.0,0.0,0.018466376,0.0,0.0,0.00057652564,0.0,-0.000584473,-0.0010072148,-0.00034986454,0.0,0.0,0.0,0.004618928,0.00445473,0.0,0.0,0.003938302,0.0016721906,0.0,0.0,0.0,0.0003454231,0.0,-0.024614623,-0.0041959384,0.005911148,-0.00011010592,0.0,0.0,-0.00919842,0.0,0.0,0.0,0.0005606192,0.0,0.0,0.0,0.001521301,0.0,0.0,0.0,0.0007393464,0.000529852,-0.002859552,0.0015017522,0.0,-0.0030176884,0.0,0.0,-0.0007002461,0.0,0.0,0.0,0.0014747558,-0.0026235373,0.0,0.0,0.0,0.0,0.0,0.005057788,0.0,0.0,0.0,0.0,0.0,-0.0006498745,0.0,0.0,-0.032157477,0.009688181,0.00037078466,0.0011501194,0.0050086444,0.00054869946,0.0012876334,0.0,0.0,0.0006077009,0.0,0.0,0.0,0.0,-0.0039090286,0.0,0.006339775,0.0,0.0,-0.0006181117,0.0,-0.006651384,0.0,0.0,0.0004596248,0.0013897421,0.0,0.0,0.0049699373,0.0,-0.001038024,-3.62122e-05,0.0,0.0,0.0,0.005405026,0.0,-0.003918873,-0.0031630392,0.0013664354,0.0,0.0032327953,0.0,-0.0010369702
0.90002036,-0.22454202,0.09790725,0.0,0.0,0.0469161,-0.0030122893,0.06885314,-0.019158695,0.0065039494,-0.104745395,-0.021983707,0.005328352,-0.006375271,-0.004891379,-0.012392335,-0.009708851,-0.0036945955,0.00023785852,-6.720038e-07,0.0,0.0008034707,0.09314705,-0.0011244201,0.0,0.08345916,0.16518173,0.05550467,0.018169293,-0.24685009,-0.1725624,0.0007719557,-0.2434661,0.0065185614,-0.0054601575,-0.012849666,0.0,0.0,0.0,0.0008184723,0.000640421,0.0,0.0,0.0,0.0,0.0,0.0,0.0,0.0,0.0,0.012453078,0.0,0.0,0.00046222948,0.0,-0.00041082405,-0.0012757197,-8.131948e-05,0.0,0.0,0.0,0.008228869,0.0059002494,0.0,0.0,0.00084670197,0.0016645065,0.0,0.0,0.0,0.0015782542,0.0,-0.012029438,-0.0051292945,0.0093195075,-0.00019930661,0.0,0.0,-0.0037251613,0.0,0.0,0.0,0.0020074742,0.0,0.0,0.0,0.0037984115,0.0,0.0,0.0,0.00033604202,0.0004547168,-0.0028309394,0.00056657323,0.0,-0.003671625,0.0,0.0,-0.00078094355,0.0,0.0,0.0,0.0018318833,-0.0029601352,0.0,0.0,0.0,0.0,0.0,0.0027681023,0.0,0.0,0.0,0.0,0.0,-0.00023579012,0.0,0.0,-0.005943341,0.008264667,0.00091923645,0.0011243359,0.008063187,0.00032259544,0.0027116996,0.0,0.0,0.00062715856,0.0,0.0,0.0,0.0,-0.0023794307,0.0,0.0021763495,0.0,0.0,-0.00024264962,0.0,-0.0021064053,0.0,0.0,0.0004379814,0.0013897421,0.0,0.0,0.011836591,0.0,-0.0004221528,-2.4905106e-05,0.0,0.0,0.0,0.006300706,0.0,-0.004341533,-0.0049386076,0.001309729,0.0,0.0031376346,0.0,-0.00074454135
0.90002036,-0.22454202,0.09790725,0.0,0.0,0.0469161,-0.0030122893,0.06885314,-0.019158695,0.0065039494,-0.104745395,-0.021983707,0.005328352,-0.006375271,-0.004891379,-0.012392335,-0.009708851,-0.0036945955,0.00023785852,-6.720038e-07,0.0,0.0008034707,0.09314705,-0.0011244201,0.0,0.08345916,0.16518173,0.05550467,0.018169293,-0.24685009,-0.1725624,0.0007719557,-0.2434661,0.0065185614,-0.0054601575,-0.012849666,0.0,0.0,0.0,0.0008184723,0.000640421,0.0,0.0,0.0,0.0,0.0,0.0,0.0,0.0,0.0,0.012453078,0.0,0.0,0.00046222948,0.0,-0.00041082405,-0.0012757197,-8.131948e-05,0.0,0.0,0.0,0.008228869,0.0059002494,0.0,0.0,0.00084670197,0.0016645065,0.0,0.0,0.0,0.0015782542,0.0,-0.012029438,-0.0051292945,0.0093195075,-0.00019930661,0.0,0.0,-0.0037251613,0.0,0.0,0.0,0.0020074742,0.0,0.0,0.0,0.0037984115,0.0,0.0,0.0,0.00033604202,0.0004547168,-0.0028309394,0.00056657323,0.0,-0.003671625,0.0,0.0,-0.00078094355,0.0,0.0,0.0,0.0018318833,-0.0029601352,0.0,0.0,0.0,0.0,0.0,0.0027681023,0.0,0.0,0.0,0.0,0.0,-0.00023579012,0.0,0.0,-0.005943341,0.008264667,0.00091923645,0.0011243359,0.008063187,0.00032259544,0.0027116996,0.0,0.0,0.00062715856,0.0,0.0,0.0,0.0,-0.0023794307,0.0,0.0021763495,0.0,0.0,-0.00024264962,0.0,-0.0021064053,0.0,0.0,0.0004379814,0.0013897421,0.0,0.0,0.011836591,0.0,-0.0004221528,-2.4905106e-05,0.0,0.0,0.0,0.006300706,0.0,-0.004341533,-0.0049386076,0.001309729,0.0,0.0031376346,0.0,-0.00074454135
-0.1885056,-0.37225237,-0.011302305,0.0,0.0,-0.023982935,-0.0065204795,-0.024296222,-0.006936176,0.001076167,-0.102719255,-0.0076708575,-0.014644822,-0.008871813,-0.006650996,-0.0187186,-0.003882967,-0.014398916,3.3621058e-05,-5.672287e-05,0.0,-0.43664527,-0.18357055,-0.0014847243,0.0,-0.3554612,0.10691666,-0.009109408,-0.07422613,0.036913022,-0.044464957,0.0024649377,-0.22354564,-0.00015937194,0.0014909225,-0.034339935,0.0,0.0,0.0,0.0008187632,0.0007305872,0.0,0.0,0.0,0.0,0.0,0.0,0.0,0.0,0.0,0.015300115,0.0,0.0,0.00046822935,0.0,-0.000584473,-0.001346764,-8.386171e-05,0.0,0.0,0.0,0.008162424,0.006426105,0.0,0.0,0.00082281075,0.0016636653,0.0,0.0,0.0,0.001385035,0.0,-0.02666374,-0.0046685766,0.0025964652,-0.0005769109,0.0,0.0,-0.009870657,0.0,0.0,0.0,0.002767529,0.0,0.0,0.0,0.0033207254,0.0,0.0,0.0,0.0007393464,0.0004547168,-0.0028986675,0.00056657323,0.0,-0.004211451,0.0,0.0,-0.0007002461,0.0,0.0,0.0,0.0007940588,-0.0029253857,0.0,0.0,0.0,0.0,0.0,0.0022289741,0.0,0.0,0.0,0.0,0.0,-0.00059136044,0.0,0.0,-0.025207331,0.009036356,0.00091923645,0.0011407449,0.013586162,-0.09228636,0.002662769,0.0,0.0,0.0005684592,0.0,0.0,0.0,0.0,-0.0039880746,0.0,0.0046253414,0.0,0.0,-0.0003949597,0.0,-0.002411574,0.0,0.0,0.00045863978,0.0006262464,0.0,0.0,0.005672645,0.0,-0.0004221528,-2.4905106e-05,0.0,0.0,0.0,0.0043758457,0.0,-0.0031255772,-0.0028927927,0.0013109267,0.0,0.003239856,0.0,-0.0008321301
-0.1885056,-0.37225237,-0.011302305,0.0,0.0,-0.023982935,-0.0065204795,-0.024296222,-0.006936176,0.001076167,-0.102719255,-0.0076708575,-0.014644822,-0.008871813,-0.006650996,-0.0187186,-0.003882967,-0.014398916,3.3621058e-05,-5.672287e-05,0.0,-0.43664527,-0.18357055,-0.0014847243,0.0,-0.3554612,0.10691666,-0.009109408,-0.07422613,0.036913022,-0.044464957,0.0024649377,-0.22354564,-0.00015937194,0.0014909225,-0.034339935,0.0,0.0,0.0,0.0008187632,0.0007305872,0.0,0.0,0.0,0.0,0.0,0.0,0.0,0.0,0.0,0.015300115,0.0,0.0,0.00046822935,0.0,-0.000584473,-0.001346764,-8.386171e-05,0.0,0.0,0.0,0.008162424,0.006426105,0.0,0.0,0.00082281075,0.0016636653,0.0,0.0,0.0,0.001385035,0.0,-0.02666374,-0.0046685766,0.0025964652,-0.0005769109,0.0,0.0,-0.009870657,0.0,0.0,0.0,0.002767529,0.0,0.0,0.0,0.0033207254,0.0,0.0,0.0,0.0007393464,0.0004547168,-0.0028986675,0.00056657323,0.0,-0.004211451,0.0,0.0,-0.0007002461,0.0,0.0,0.0,0.0007940588,-0.0029253857,0.0,0.0,0.0,0.0,0.0,0.0022289741,0.0,0.0,0.0,0.0,0.0,-0.00059136044,0.0,0.0,-0.025207331,0.009036356,0.00091923645,0.0011407449,0.013586162,-0.09228636,0.002662769,0.0,0.0,0.0005684592,0.0,0.0,0.0,0.0,-0.0039880746,0.0,0.0046253414,0.0,0.0,-0.0003949597,0.0,-0.002411574,0.0,0.0,0.00045863978,0.0006262464,0.0,0.0,0.005672645,0.0,-0.0004221528,-2.4905106e-05,0.0,0.0,0.0,0.0043758457,0.0,-0.0031255772,-0.0028927927,0.0013109267,0.0,0.003239856,0.0,-0.0008321301
-0.1885056,-0.37225237,-0.011302305,0.0,0.0,-0.023982935,-0.0065204795,-0.024296222,-0.006936176,0.001076167,-0.102719255,-0.0076708575,-0.014644822,-0.008871813,-0.006650996,-0.0187186,-0.003882967,-0.014398916,3.3621058e-05,-5.672287e-05,0.0,-0.43664527,-0.18357055,-0.0014847243,0.0,-0.3554612,0.10691666,-0.009109408,-0.07422613,0.036913022,-0.044464957,0.0024649377,-0.22354564,-0.00015937194,0.0014909225,-0.034339935,0.0,0.0,0.0,0.0008187632,0.0007305872,0.0,0.0,0.0,0.0,0.0,0.0,0.0,0.0,0.0,0.015300115,0.0,0.0,0.00046822935,0.0,-0.000584473,-0.001346764,-8.386171e-05,0.0,0.0,0.0,0.008162424,0.006426105,0.0,0.0,0.00082281075,0.0016636653,0.0,0.0,0.0,0.001385035,0.0,-0.02666374,-0.0046685766,0.0025964652,-0.0005769109,0.0,0.0,-0.009870657,0.0,0.0,0.0,0.002767529,0.0,0.0,0.0,0.0033207254,0.0,0.0,0.0,0.0007393464,0.0004547168,-0.0028986675,0.00056657323,0.0,-0.004211451,0.0,0.0,-0.0007002461,0.0,0.0,0.0,0.0007940588,-0.0029253857,0.0,0.0,0.0,0.0,0.0,0.0022289741,0.0,0.0,0.0,0.0,0.0,-0.00059136044,0.0,0.0,-0.025207331,0.009036356,0.00091923645,0.0011407449,0.013586162,-0.09228636,0.002662769,0.0,0.0,0.0005684592,0.0,0.0,0.0,0.0,-0.0039880746,0.0,0.0046253414,0.0,0.0,-0.0003949597,0.0,-0.002411574,0.0,0.0,0.00045863978,0.0006262464,0.0,0.0,0.005672645,0.0,-0.0004221528,-2.4905106e-05,0.0,0.0,0.0,0.0043758457,0.0,-0.0031255772,-0.0028927927,0.0013109267,0.0,0.003239856,0.0,-0.0008321301
-0.1885056,-0.37225237,-0.011302305,0.0,0.0,-0.023982935,-0.0065204795,-0.024296222,-0.006936176,0.001076167,-0.102719255,-0.0076708575,-0.014644822,-0.008871813,-0.006650996,-0.0187186,-0.003882967,-0.014398916,3.3621058e-05,-5.672287e-05,0.0,-0.43664527,-0.18357055,-0.0014847243,0.0,-0.3554612,0.10691666,-0.009109408,-0.07422613,0.036913022,-0.044464957,0.0024649377,-0.22354564,-0.00015937194,0.0014909225,-0.034339935,0.0,0.0,0.0,0.0008187632,0.0007305872,0.0,0.0,0.0,0.0,0.0,0.0,0.0,0.0,0.0,0.015300115,0.0,0.0,0.00046822935,0.0,-0.000584473,-0.001346764,-8.386171e-05,0.0,0.0,0.0,0.008162424,0.006426105,0.0,0.0,0.00082281075,0.0016636653,0.0,0.0,0.0,0.001385035,0.0,-0.02666374,-0.0046685766,0.0025964652,-0.0005769109,0.0,0.0,-0.009870657,0.0,0.0,0.0,0.002767529,0.0,0.0,0.0,0.0033207254,0.0,0.0,0.0,0.0007393464,0.0004547168,-0.0028986675,0.00056657323,0.0,-0.004211451,0.0,0.0,-0.0007002461,0.0,0.0,0.0,0.0007940588,-0.0029253857,0.0,0.0,0.0,0.0,0.0,0.0022289741,0.0,0.0,0.0,0.0,0.0,-0.00059136044,0.0,0.0,-0.025207331,0.009036356,0.00091923645,0.0011407449,0.013586162,-0.09228636,0.002662769,0.0,0.0,0.0005684592,0.0,0.0,0.0,0.0,-0.0039880746,0.0,0.0046253414,0.0,0.0,-0.0003949597,0.0,-0.002411574,0.0,0.0,0.00045863978,0.0006262464,0.0,0.0,0.005672645,0.0,-0.0004221528,-2.4905106e-05,0.0,0.0,0.0,0.0043758457,0.0,-0.0031255772,-0.0028927927,0.0013109267,0.0,0.003239856,0.0,-0.0008321301
-0.12496536,-0.40408507,-0.07918027,0.0,0.0,-0.023809195,-0.0055529573,0.020270288,-0.013262269,0.0013575086,-0.017230917,0.011582718,-0.013783444,0.08060925,-0.0077088946,-0.013069199,0.004629519,-0.20538464,0.00260687,-4.959083e-05,0.0,-0.0023530866,0.044413555,-0.0014824009,0.0,0.042452358,0.28907043,0.0058868164,0.016955014,-0.10728919,-0.06973723,0.032630134,-0.1803377,-0.0012592531,-0.0054198466,-0.012230202,0.0,0.0,0.0,0.00081848196,0.0006497496,0.0,0.0,0.0,0.0,0.0,0.0,0.0,0.0,0.0,0.014760261,0.0,0.0,0.00046222948,0.0,-0.00020665546,-0.00090312236,-6.864329e-05,0.0,0.0,0.0,0.00812945,0.0065670195,0.0,0.0,0.0008310637,0.0016647439,0.0,0.0,0.0,0.0015817366,0.0,-0.022550732,-0.004345145,0.009329584,-0.00049718405,0.0,0.0,-0.005155812,0.0,0.0,0.0,0.0030716257,0.0,0.0,0.0,0.0037984115,0.0,0.0,0.0,0.0005898104,0.0004547168,-0.0028750678,0.00056657323,0.0,-0.002066007,0.0,0.0,-0.0007002461,0.0,0.0,0.0,0.0018318833,-0.0032344724,0.0,0.0,0.0,0.0,0.0,0.0022796257,0.0,0.0,0.0,0.0,0.0,-0.00023579012,0.0,0.0,-0.0077430364,0.009245558,0.00091923645,0.0011402002,0.008965636,0.00032259544,0.0027261474,0.0,0.0,0.0006318545,0.0,0.0,0.0,0.0,0.43689948,0.0,0.0064253444,0.0,0.0,-0.00024400419,0.0,-0.0018394968,0.0,0.0,0.00043793785,0.0011986452,0.0,0.0,0.0055766115,0.0,-0.0004221528,-2.4905106e-05,0.0,0.0,0.0,0.003452812,0.0,-0.0041943365,-0.0046648677,0.0013026752,0.0,0.003143137,0.0,-0.000733586
1.0200697,-0.17545591,0.24202333,0.0,0.0,0.066286996,-0.0030122893,0.10455042,-0.012381931,0.0065562525,-0.042602453,-0.013924434,-0.008000875,-0.018521244,0.0054835323,-0.015616933,-0.006608989,-0.0036945955,0.00023785852,-0.0044785803,0.0,0.0056762197,0.11156565,-0.0011160725,0.0,0.082852684,0.16289595,0.06126903,0.018882098,-0.2410168,-0.11331793,0.000859148,-0.27362856,-0.009336574,-0.0054601575,0.028437255,0.0,0.0,0.0,0.0008184723,0.00074761786,0.0,0.0,0.0,0.0,0.0,0.0,0.0,0.0,0.0,0.01297492,0.0,0.0,0.0007937185,0.0,0.0025676508,-0.0012757197,-9.65379e-05,0.0,0.0,0.0,0.008231854,0.006425112,0.0,0.0,0.00083502487,0.0016688464,0.0,0.0,0.0,0.0015845519,0.0,-0.013459623,-0.0033814055,0.009338515,-0.0004962425,0.0,0.0,-0.0041515063,0.0,0.0,0.0,0.0029590854,0.0,0.0,0.0,0.0037984115,0.0,0.0,0.0,0.00033604202,0.0004547168,-0.002821497,0.00056657323,0.0,-0.0036785854,0.0,0.0,-0.0007002461,0.0,0.0,0.0,0.0018318833,-0.0029601352,0.0,0.0,0.0,0.0,0.0,0.0015676344,0.0,0.0,0.0,0.0,0.0,-0.00023579012,0.0,0.0,-0.0062098913,0.008258371,0.00091923645,0.0011364041,0.008093858,0.00032259544,0.0027118456,0.0,0.0,0.00063797215,0.0,0.0,0.0,0.0,-0.003778174,0.0,0.0062655243,0.0,0.0,-0.00024264962,0.0,-0.0019512805,0.0,0.0,0.00046355,0.0013897421,0.0,0.0,0.01279269,0.0,-0.0004221528,-2.4905106e-05,0.0,0.0,0.0,0.0063080867,0.0,-0.004245421,-0.0029220772,0.001313351,0.0,0.0032563913,0.0,-0.0007425661
1.0200697,-0.17545591,0.24202333,0.0,0.0,0.066286996,-0.0030122893,0.10455042,-0.012381931,0.0065562525,-0.042602453,-0.013924434,-0.008000875,-0.018521244,0.0054835323,-0.015616933,-0.006608989,-0.0036945955,0.00023785852,-0.0044785803,0.0,0.0056762197,0.11156565,-0.0011160725,0.0,0.082852684,0.16289595,0.06126903,0.018882098,-0.2410168,-0.11331793,0.000859148,-0.27362856,-0.009336574,-0.0054601575,0.028437255,0.0,0.0,0.0,0.0008184723,0.00074761786,0.0,0.0,0.0,0.0,0.0,0.0,0.0,0.0,0.0,0.01297492,0.0,0.0,0.0007937185,0.0,0.0025676508,-0.0012757197,-9.65379e-05,0.0,0.0,0.0,0.008231854,0.006425112,0.0,0.0,0.00083502487,0.0016688464,0.0,0.0,0.0,0.0015845519,0.0,-0.013459623,-0.0033814055,0.009338515,-0.0004962425,0.0,0.0,-0.0041515063,0.0,0.0,0.0,0.0029590854,0.0,0.0,0.0,0.0037984115,0.0,0.0,0.0,0.00033604202,0.0004547168,-0.002821497,0.00056657323,0.0,-0.0036785854,0.0,0.0,-0.0007002461,0.0,0.0,0.0,0.0018318833,-0.0029601352,0.0,0.0,0.0,0.0,0.0,0.0015676344,0.0,0.0,0.0,0.0,0.0,-0.00023579012,0.0,0.0,-0.0062098913,0.008258371,0.00091923645,0.0011364041,0.008093858,0.00032259544,0.0027118456,0.0,0.0,0.00063797215,0.0,0.0,0.0,0.0,-0.003778174,0.0,0.0062655243,0.0,0.0,-0.00024264962,0.0,-0.0019512805,0.0,0.0,0.00046355,0.0013897421,0.0,0.0,0.01279269,0.0,-0.0004221528,-2.4905106e-05,0.0,0.0,0.0,0.0063080867,0.0,-0.004245421,-0.0029220772,0.001313351,0.0,0.0032563913,0.0,-0.0007425661
1.0200697,-0.17545591,0.24202333,0.0,0.0,0.066286996,-0.0030122893,0.10455042,-0.012381931,0.0065562525,-0.042602453,-0.013924434,-0.008000875,-0.018521244,0.0054835323,-0.015616933,-0.006608989,-0.0036945955,0.00023785852,-0.0044785803,0.0,0.0056762197,0.11156565,-0.0011160725,0.0,0.082852684,0.16289595,0.06126903,0.018882098,-0.2410168,-0.11331793,0.000859148,-0.27362856,-0.009336574,-0.0054601575,0.028437255,0.0,0.0,0.0,0.0008184723,0.00074761786,0.0,0.0,0.0,0.0,0.0,0.0,0.0,0.0,0.0,0.01297492,0.0,0.0,0.0007937185,0.0,0.0025676508,-0.0012757197,-9.65379e-05,0.0,0.0,0.0,0.008231854,0.006425112,0.0,0.0,0.00083502487,0.0016688464,0.0,0.0,0.0,0.0015845519,0.0,-0.013459623,-0.0033814055,0.009338515,-0.0004962425,0.0,0.0,-0.0041515063,0.0,0.0,0.0,0.0029590854,0.0,0.0,0.0,0.0037984115,0.0,0.0,0.0,0.00033604202,0.0004547168,-0.002821497,0.00056657323,0.0,-0.0036785854,0.0,0.0,-0.0007002461,0.0,0.0,0.0,0.0018318833,-0.0029601352,0.0,0.0,0.0,0.0,0.0,0.0015676344,0.0,0.0,0.0,0.0,0.0,-0.00023579012,0.0,0.0,-0.0062098913,0.008258371,0.00091923645,0.0011364041,0.008093858,0.00032259544,0.0027118456,0.0,0.0,0.00063797215,0.0,0.0,0.0,0.0,-0.003778174,0.0,0.0062655243,0.0,0.0,-0.00024264962,0.0,-0.0019512805,0.0,0.0,0.00046355,0.0013897421,0.0,0.0,0.01279269,0.0,-0.0004221528,-2.4905106e-05,0.0,0.0,0.0,0.0063080867,0.0,-0.004245421,-0.0029220772,0.001313351,0.0,0.0032563913,0.0,-0.0007425661
1.0200697,-0.17545591,0.24202333,0.0,0.0,0.066286996,-0.0030122893,0.10455042,-0.012381931,0.0065562525,-0.042602453,-0.013924434,-0.008000875,-0.018521244,0.0054835323,-0.015616933,-0.006608989,-0.0036945955,0.00023785852,-0.0044785803,0.0,0.0056762197,0.11156565,-0.0011160725,0.0,0.082852684,0.16289595,0.06126903,0.018882098,-0.2410168,-0.11331793,0.000859148,-0.27362856,-0.009336574,-0.0054601575,0.028437255,0.0,0.0,0.0,0.0008184723,0.00074761786,0.0,0.0,0.0,0.0,0.0,0.0,0.0,0.0,0.0,0.01297492,0.0,0.0,0.0007937185,0.0,0.0025676508,-0.0012757197,-9.65379e-05,0.0,0.0,0.0,0.008231854,0.006425112,0.0,0.0,0.00083502487,0.0016688464,0.0,0.0,0.0,0.0015845519,0.0,-0.013459623,-0.0033814055,0.009338515,-0.0004962425,0.0,0.0,-0.0041515063,0.0,0.0,0.0,0.0029590854,0.0,0.0,0.0,0.0037984115,0.0,0.0,0.0,0.00033604202,0.0004547168,-0.002821497,0.00056657323,0.0,-0.0036785854,0.0,0.0,-0.0007002461,0.0,0.0,0.0,0.0018318833,-0.0029601352,0.0,0.0,0.0,0.0,0.0,0.0015676344,0.0,0.0,0.0,0.0,0.0,-0.00023579012,0.0,0.0,-0.0062098913,0.008258371,0.00091923645,0.0011364041,0.008093858,0.00032259544,0.0027118456,0.0,0.0,0.00063797215,0.0,0.0,0.0,0.0,-0.003778174,0.0,0.0062655243,0.0,0.0,-0.00024264962,0.0,-0.0019512805,0.0,0.0,0.00046355,0.0013897421,0.0,0.0,0.01279269,0.0,-0.0004221528,-2.4905106e-05,0.0,0.0,0.0,0.0063080867,0.0,-0.004245421,-0.0029220772,0.001313351,0.0,0.0032563913,0.0,-0.0007425661
1.0200697,-0.17545591,0.24202333,0.0,0.0,0.066286996,-0.0030122893,0.10455042,-0.012381931,0.0065562525,-0.042602453,-0.013924434,-0.008000875,-0.018521244,0.0054835323,-0.015616933,-0.006608989,-0.0036945955,0.00023785852,-0.0044785803,0.0,0.0056762197,0.11156565,-0.0011160725,0.0,0.082852684,0.16289595,0.06126903,0.018882098,-0.2410168,-0.11331793,0.000859148,-0.27362856,-0.009336574,-0.0054601575,0.028437255,0.0,0.0,0.0,0.0008184723,0.00074761786,0.0,0.0,0.0,0.0,0.0,0.0,0.0,0.0,0.0,0.01297492,0.0,0.0,0.0007937185,0.0,0.0025676508,-0.0012757197,-9.65379e-05,0.0,0.0,0.0,0.008231854,0.006425112,0.0,0.0,0.00083502487,0.0016688464,0.0,0.0,0.0,0.0015845519,0.0,-0.013459623,-0.0033814055,0.009338515,-0.0004962425,0.0,0.0,-0.0041515063,0.0,0.0,0.0,0.0029590854,0.0,0.0,0.0,0.0037984115,0.0,0.0,0.0,0.00033604202,0.0004547168,-0.002821497,0.00056657323,0.0,-0.0036785854,0.0,0.0,-0.0007002461,0.0,0.0,0.0,0.0018318833,-0.0029601352,0.0,0.0,0.0,0.0,0.0,0.0015676344,0.0,0.0,0.0,0.0,0.0,-0.00023579012,0.0,0.0,-0.0062098913,0.008258371,0.00091923645,0.0011364041,0.008093858,0.00032259544,0.0027118456,0.0,0.0,0.00063797215,0.0,0.0,0.0,0.0,-0.003778174,0.0,0.0062655243,0.0,0.0,-0.00024264962,0.0,-0.0019512805,0.0,0.0,0.00046355,0.0013897421,0.0,0.0,0.01279269,0.0,-0.0004221528,-2.4905106e-05,0.0,0.0,0.0,0.0063080867,0.0,-0.004245421,-0.0029220772,0.001313351,0.0,0.0032563913,0.0,-0.0007425661
-0.31877694,-0.20020644,0.015364647,0.0,0.0,-0.024917744,-0.0064133275,-0.024626011,-0.011086994,0.0008208642,-0.011117449,-0.095707454,-0.006227823,0.042571202,-0.004116016,0.28543985,-0.004350427,0.002509155,3.2951903e-05,-2.4301287e-05,0.0,0.0028755292,0.04988018,0.015592583,0.0,0.0070720627,0.24110176,-0.28599906,-0.05154817,0.1223483,-0.021971693,0.0004520662,0.08453094,-0.0012592531,-0.0060141166,-0.015211042,0.0,0.0,0.0,0.0008184723,0.0007466394,0.0,0.0,0.0,0.0,0.0,0.0,0.0,0.0,0.0,0.014272117,0.0,0.0,0.0004893169,0.0,-0.000306557,-0.0010832446,-8.386171e-05,0.0,0.0,0.0,0.0081247175,0.006042157,0.0,0.0,0.0008310637,0.0016663896,0.0,0.0,0.0,0.0016362813,0.0,-0.021106455,-0.0050076125,0.00923062,0.00012263382,0.0,0.0,-0.004561616,0.0,0.0,0.0,0.007214962,0.0,0.0,0.0,0.0038386441,0.0,0.0,0.0,0.0007393464,0.0004547168,-0.002886407,0.00056657323,0.0,-0.0027688306,0.0,0.0,-0.0007002461,0.0,0.0,0.0,0.0018318833,-0.012545617,0.0,0.0,0.0,0.0,0.0,0.00293789,0.0,0.0,0.0,0.0,0.0,-0.00023579012,0.0,0.0,-0.018961862,0.007935907,0.00091923645,0.0011475754,0.007598209,0.00032259544,0.0034984986,0.0,0.0,0.0006159262,0.0,0.0,0.0,0.0,-0.0026984809,0.0,0.0030300403,0.0,0.0,-0.00046715618,0.0,-0.0022522716,0.0,0.0,0.00046355,0.0013897421,0.0,0.0,0.0064511895,0.0,-0.0004221528,-3.62122e-05,0.0,0.0,0.0,0.004614991,0.0,-0.0045200945,-0.0051319217,0.0013136348,0.0,0.0031703068,0.0,-0.00075068837
-0.31877694,-0.20020644,0.015364647,0.0,0.0,-0.024917744,-0.0064133275,-0.024626011,-0.011086994,0.0008208642,-0.011117449,-0.095707454,-0.006227823,0.042571202,-0.004116016,0.28543985,-0.004350427,0.002509155,3.2951903e-05,-2.4301287e-05,0.0,0.0028755292,0.04988018,0.015592583,0.0,0.0070720627,0.24110176,-0.28599906,-0.05154817,0.1223483,-0.021971693,0.0004520662,0.08453094,-0.0012592531,-0.0060141166,-0.015211042,0.0,0.0,0.0,0.0008184723,0.0007466394,0.0,0.0,0.0,0.0,0.0,0.0,0.0,0.0,0.0,0.014272117,0.0,0.0,0.0004893169,0.0,-0.000306557,-0.0010832446,-8.386171e-05,0.0,0.0,0.0,0.0081247175,0.006042157,0.0,0.0,0.0008310637,0.0016663896,0.0,0.0,0.0,0.0016362813,0.0,-0.021106455,-0.0050076125,0.00923062,0.00012263382,0.0,0.0,-0.004561616,0.0,0.0,0.0,0.007214962,0.0,0.0,0.0,0.0038386441,0.0,0.0,0.0,0.0007393464,0.0004547168,-0.002886407,0.00056657323,0.0,-0.0027688306,0.0,0.0,-0.0007002461,0.0,0.0,0.0,0.0018318833,-0.012545617,0.0,0.0,0.0,0.0,0.0,0.00293789,0.0,0.0,0.0,0.0,0.0,-0.00023579012,0.0,0.0,-0.018961862,0.007935907,0.00091923645,0.0011475754,0.007598209,0.00032259544,0.0034984986,0.0,0.0,0.0006159262,0.0,0.0,0.0,0.0,-0.0026984809,0.0,0.0030300403,0.0,0.0,-0.00046715618,0.0,-0.0022522716,0.0,0.0,0.00046355,0.0013897421,0.0,0.0,0.0064511895,0.0,-0.0004221528,-3.62122e-05,0.0,0.0,0.0,0.004614991,0.0,-0.0045200945,-0.0051319217,0.0013136348,0.0,0.0031703068,0.0,-0.00075068837
-0.31877694,-0.20020644,0.015364647,0.0,0.0,-0.024917744,-0.0064133275,-0.024626011,-0.011086994,0.0008208642,-0.011117449,-0.095707454,-0.006227823,0.042571202,-0.004116016,0.28543985,-0.004350427,0.002509155,3.2951903e-05,-2.4301287e-05,0.0,0.0028755292,0.04988018,0.015592583,0.0,0.0070720627,0.24110176,-0.28599906,-0.05154817,0.1223483,-0.021971693,0.0004520662,0.08453094,-0.0012592531,-0.0060141166,-0.015211042,0.0,0.0,0.0,0.0008184723,0.0007466394,0.0,0.0,0.0,0.0,0.0,0.0,0.0,0.0,0.0,0.014272117,0.0,0.0,0.0004893169,0.0,-0.000306557,-0.0010832446,-8.386171e-05,0.0,0.0,0.0,0.0081247175,0.006042157,0.0,0.0,0.0008310637,0.0016663896,0.0,0.0,0.0,0.0016362813,0.0,-0.021106455,-0.0050076125,0.00923062,0.00012263382,0.0,0.0,-0.004561616,0.0,0.0,0.0,0.007214962,0.0,0.0,0.0,0.0038386441,0.0,0.0,0.0,0.0007393464,0.0004547168,-0.002886407,0.00056657323,0.0,-0.0027688306,0.0,0.0,-0.0007002461,0.0,0.0,0.0,0.0018318833,-0.012545617,0.0,0.0,0.0,0.0,0.0,0.00293789,0.0,0.0,0.0,0.0,0.0,-0.00023579012,0.0,0.0,-0.018961862,0.007935907,0.00091923645,0.0011475754,0.007598209,0.00032259544,0.0034984986,0.0,0.0,0.0006159262,0.0,0.0,0.0,0.0,-0.0026984809,0.0,0.0030300403,0.0,0.0,-0.00046715618,0.0,-0.0022522716,0.0,0.0,0.00046355,0.0013897421,0.0,0.0,0.0064511895,0.0,-0.0004221528,-3.62122e-05,0.0,0.0,0.0,0.004614991,0.0,-0.0045200945,-0.0051319217,0.0013136348,0.0,0.0031703068,0.0,-0.00075068837
-0.31877694,-0.20020644,0.015364647,0.0,0.0,-0.024917744,-0.0064133275,-0.024626011,-0.011086994,0.0008208642,-0.011117449,-0.095707454,-0.006227823,0.042571202,-0.004116016,0.28543985,-0.004350427,0.002509155,3.2951903e-05,-2.4301287e-05,0.0,0.0028755292,0.04988018,0.015592583,0.0,0.0070720627,0.24110176,-0.28599906,-0.05154817,0.1223483,-0.021971693,0.0004520662,0.08453094,-0.0012592531,-0.0060141166,-0.015211042,0.0,0.0,0.0,0.0008184723,0.0007466394,0.0,0.0,0.0,0.0,0.0,0.0,0.0,0.0,0.0,0.014272117,0.0,0.0,0.0004893169,0.0,-0.000306557,-0.0010832446,-8.386171e-05,0.0,0.0,0.0,0.0081247175,0.006042157,0.0,0.0,0.0008310637,0.0016663896,0.0,0.0,0.0,0.0016362813,0.0,-0.021106455,-0.0050076125,0.00923062,0.00012263382,0.0,0.0,-0.004561616,0.0,0.0,0.0,0.007214962,0.0,0.0,0.0,0.0038386441,0.0,0.0,0.0,0.0007393464,0.0004547168,-0.002886407,0.00056657323,0.0,-0.0027688306,0.0,0.0,-0.0007002461,0.0,0.0,0.0,0.0018318833,-0.012545617,0.0,0.0,0.0,0.0,0.0,0.00293789,0.0,0.0,0.0,0.0,0.0,-0.00023579012,0.0,0.0,-0.018961862,0.007935907,0.00091923645,0.0011475754,0.007598209,0.00032259544,0.0034984986,0.0,0.0,0.0006159262,0.0,0.0,0.0,0.0,-0.0026984809,0.0,0.0030300403,0.0,0.0,-0.00046715618,0.0,-0.0022522716,0.0,0.0,0.00046355,0.0013897421,0.0,0.0,0.0064511895,0.0,-0.0004221528,-3.62122e-05,0.0,0.0,0.0,0.004614991,0.0,-0.0045200945,-0.0051319217,0.0013136348,0.0,0.0031703068,0.0,-0.00075068837
-0.31961435,-0.24940476,0.01536732,0.0,0.0,-0.02232686,-0.0055529573,-0.02434726,-0.011130598,0.0008208642,0.06905416,0.06344524,-0.015113837,0.040838946,-0.0069806906,0.4497221,0.01432837,0.004242863,8.5168715e-05,-5.672287e-05,0.0,-0.25283736,-0.0064841025,0.15537389,0.0,0.011873823,0.2347679,-0.28729317,-0.046479292,0.12138864,-0.021971693,0.00064242363,-0.042355876,-0.0012592531,-0.0060141166,-0.015430983,0.0,0.0,0.0,0.0008184723,0.00064811355,0.0,0.0,0.0,0.0,0.0,0.0,0.0,0.0,0.0,0.0146203535,0.0,0.0,0.0004893169,0.0,-0.000306557,-0.0011579727,-8.386171e-05,0.0,0.0,0.0,0.00812412,0.0065670195,0.0,0.0,0.0008310637,0.0016667839,0.0,0.0,0.0,0.0016362813,0.0,-0.021003533,-0.005012015,0.00923062,3.0810294e-05,0.0,0.0,-0.0051296907,0.0,0.0,0.0,0.007065626,0.0,0.0,0.0,0.003593302,0.0,0.0,0.0,0.0007393464,0.0004547168,-0.0029268784,0.00056657323,0.0,-0.001963104,0.0,0.0,-0.0007002461,0.0,0.0,0.0,0.0018318833,-0.012545617,0.0,0.0,0.0,0.0,0.0,0.0030378823,0.0,0.0,0.0,0.0,0.0,-0.00023579012,0.0,0.0,-0.019499436,0.007934356,0.00091923645,0.0011483692,0.0075560017,0.00032259544,0.0034947689,0.0,0.0,0.0006318545,0.0,0.0,0.0,0.0,-0.0015880634,0.0,0.006315524,0.0,0.0,-0.00024400419,0.0,-0.0022522716,0.0,0.0,0.0004379814,0.0013897421,0.0,0.0,0.0064511895,0.0,-0.0004221528,-3.62122e-05,0.0,0.0,0.0,0.004673766,0.0,-0.004230178,-0.0048360443,0.0013111335,0.0,0.0031707925,0.0,-0.0007663221
-0.40918568,-0.21687517,0.022831103,0.0,0.0,0.028811557,-0.006397919,-0.025370197,-0.08160485,0.0009589351,-0.033840872,-0.032972623,-0.0015393884,-0.01292381,-0.0025742059,-0.035521824,-0.008313054,0.0029688221,0.00041436517,-2.4301287e-05,0.0,0.005655141,0.051105663,-0.0013919316,0.0,0.07623339,0.26843354,-0.34385708,0.0104635665,0.025092125,-0.025145471,0.00079037703,-0.23512785,0.0010084471,0.0020448817,-0.01335262,0.0,0.0,0.0,0.0008184723,0.00074999355,0.0,0.0,0.0,0.0,0.0,0.0,0.0,0.0,0.0,0.016026082,0.0,0.0,0.0004893169,0.0,-0.000306557,-0.0011702972,-8.386171e-05,0.0,0.0,0.0,0.00819359,0.006425112,0.0,0.0,0.0008494496,0.0016628142,0.0,0.0,0.0,0.0015656806,0.0,-0.021084059,-0.005310588,0.009338032,-0.00049718405,0.0,0.0,-0.0051660165,0.0,0.0,0.0,0.0030774137,0.0,0.0,0.0,0.0038577223,0.0,0.0,0.0,0.0007393464,0.0004547168,-0.0028793376,0.00056657323,0.0,-0.0036813207,0.0,0.0,-0.00033453392,0.0,0.0,0.0,0.0018318833,-0.012545617,0.0,0.0,0.0,0.0,0.0,0.0022336876,0.0,0.0,0.0,0.0,0.0,-0.0032272125,0.0,0.0,-0.009941654,0.007936691,0.00091923645,0.0011123503,0.0075429264,0.00032259544,0.0034599851,0.0,0.0,0.0006159262,0.0,0.0,0.0,0.0,-0.0039945752,0.0,0.0066001285,0.0,0.0,-0.0017379688,0.0,-0.002065682,0.0,0.0,0.00046355,0.0013897421,0.0,0.0,0.0068216007,0.0,-0.0004221528,-2.4905106e-05,0.0,0.0,0.0,0.0046076104,0.0,-0.004631862,-0.0031645054,0.0013179034,0.0,0.0032566523,0.0,-0.0010380298
-0.35945812,-0.21786971,-0.0067426465,0.0,0.0,-0.025046203,-0.006397919,-0.025320986,-0.08160485,0.0008731667,-0.030315809,-0.033457734,-0.0015393884,-0.01292517,-0.002509961,-0.035521824,-0.008313054,-0.0002555279,0.00041436517,-2.4301287e-05,0.0,0.005655141,0.05126085,-0.0013919316,0.0,0.07631661,0.26813966,-0.3404797,0.0104635665,0.02644607,-0.024067,0.00064242363,-0.25282314,-0.0012592531,0.0014909225,-0.014536182,0.0,0.0,0.0,0.0008184723,0.00074999355,0.0,0.0,0.0,0.0,0.0,0.0,0.0,0.0,0.0,0.016026124,0.0,0.0,0.0004893169,0.0,-0.000306557,-0.0011702972,-8.386171e-05,0.0,0.0,0.0,0.00819359,0.0065670195,0.0,0.0,0.0008494496,0.0016628142,0.0,0.0,0.0,0.0015656806,0.0,-0.020990867,-0.005310588,0.009338032,-0.00049718405,0.0,0.0,-0.0051836763,0.0,0.0,0.0,0.0030774137,0.0,0.0,0.0,0.0038577223,0.0,0.0,0.0,0.0007393464,0.0004547168,-0.0028793376,0.00056657323,0.0,-0.0038296187,0.0,0.0,-0.00033453392,0.0,0.0,0.0,0.0018318833,-0.012545617,0.0,0.0,0.0,0.0,0.0,0.0022336876,0.0,0.0,0.0,0.0,0.0,-0.0032272125,0.0,0.0,-0.009941654,0.007936691,0.00091923645,0.0011123503,0.0075429264,0.00032259544,0.0034599851,0.0,0.0,0.0006159262,0.0,0.0,0.0,0.0,-0.0039945752,0.0,0.0066001285,0.0,0.0,-0.0017379688,0.0,-0.002065682,0.0,0.0,0.00046355,0.0013897421,0.0,0.0,0.0066990945,0.0,-0.0004221528,-2.4905106e-05,0.0,0.0,0.0,0.0046076104,0.0,-0.0046601053,-0.0031645054,0.0013179034,0.0,0.0032566523,0.0,-0.0010433022
-0.40918568,-0.21687517,0.022831103,0.0,0.0,0.028811557,-0.006397919,-0.025370197,-0.08160485,0.0009589351,-0.033840872,-0.032972623,-0.0015393884,-0.01292381,-0.0025742059,-0.035521824,-0.008313054,0.0029688221,0.00041436517,-2.4301287e-05,0.0,0.005655141,0.051105663,-0.0013919316,0.0,0.07623339,0.26843354,-0.34385708,0.0104635665,0.025092125,-0.025145471,0.00079037703,-0.23512785,0.0010084471,0.0020448817,-0.01335262,0.0,0.0,0.0,0.0008184723,0.00074999355,0.0,0.0,0.0,0.0,0.0,0.0,0.0,0.0,0.0,0.016026082,0.0,0.0,0.0004893169,0.0,-0.000306557,-0.0011702972,-8.386171e-05,0.0,0.0,0.0,0.00819359,0.006425112,0.0,0.0,0.0008494496,0.0016628142,0.0,0.0,0.0,0.0015656806,0.0,-0.021084059,-0.005310588,0.009338032,-0.00049718405,0.0,0.0,-0.0051660165,0.0,0.0,0.0,0.0030774137,0.0,0.0,0.0,0.0038577223,0.0,0.0,0.0,0.0007393464,0.0004547168,-0.0028793376,0.00056657323,0.0,-0.0036813207,0.0,0.0,-0.00033453392,0.0,0.0,0.0,0.0018318833,-0.012545617,0.0,0.0,0.0,0.0,0.0,0.0022336876,0.0,0.0,0.0,0.0,0.0,-0.0032272125,0.0,0.0,-0.009941654,0.007936691,0.00091923645,0.0011123503,0.0075429264,0.00032259544,0.0034599851,0.0,0.0,0.0006159262,0.0,0.0,0.0,0.0,-0.0039945752,0.0,0.0066001285,0.0,0.0,-0.0017379688,0.0,-0.002065682,0.0,0.0,0.00046355,0.0013897421,0.0,0.0,0.0068216007,0.0,-0.0004221528,-2.4905106e-05,0.0,0.0,0.0,0.0046076104,0.0,-0.004631862,-0.0031645054,0.0013179034,0.0,0.0032566523,0.0,-0.0010380298
-0.39968607,0.45668414,-0.0062801605,0.0,0.0,-0.024039043,-0.00630972,-0.022193745,-0.011455874,0.0010329175,-0.03053401,-0.018286476,-0.0055235787,-0.009203391,-0.0054408163,-0.016172852,-0.008315821,0.003652065,0.000457234,-8.6259795e-05,0.0,0.0013419143,0.05411893,-0.0013408078,0.0,0.036246598,0.11205535,0.007988162,0.021025924,0.037323028,-0.03899929,-5.7227353e-05,0.13638929,-0.0012592531,0.003497093,-0.025453473,0.0,0.0,0.0,0.000830182,0.0007419154,0.0,0.0,0.0,0.0,0.0,0.0,0.0,0.0,0.0,0.018427216,0.0,0.0,0.0007937185,0.0,-0.000306557,-0.0010072148,-8.386171e-05,0.0,0.0,0.0,0.009024871,0.00445473,0.0,0.0,0.0034641959,0.0016789892,0.0,0.0,0.0,0.00034371053,0.0,-0.025507268,-0.005007255,0.0110569615,-0.000102882994,0.0,0.0,-0.006762659,0.0,0.0,0.0,0.00056621473,0.0,0.0,0.0,0.0039126268,0.0,0.0,0.0,0.0007393464,0.0004547168,-0.002859552,0.0006180763,0.0,-0.004132521,0.0,0.0,-0.0007002461,0.0,0.0,0.0,0.0018318833,-0.0026235373,0.0,0.0,0.0,0.0,0.0,0.005073209,0.0,0.0,0.0,0.0,0.0,-0.0006498745,0.0,0.0,-0.030437075,0.005623739,0.0010298891,0.0011500712,0.0071033714,0.00032259544,0.0013132967,0.0,0.0,0.0006140327,0.0,0.0,0.0,0.0,-0.0039183367,0.0,0.006723165,0.0,0.0,-0.0006181117,0.0,-0.006651384,0.0,0.0,0.0004596248,0.0013897421,0.0,0.0,0.004928406,0.0,-0.0004221528,-2.4905106e-05,0.0,0.0,0.0,0.004665337,0.0,-0.004661585,-0.0031238827,0.0013488041,0.0,0.0031931037,0.0,-0.0010320893
-0.4241474,-0.2207693,0.02250707,0.0,0.0,0.028688636,-0.006397919,-0.02225156,-0.08190464,-0.00047047727,-0.018746434,-0.028832326,-0.0015261027,-0.019134453,-0.0025742059,-0.025496284,-0.008313054,0.004011607,0.00041436517,-8.6259795e-05,0.0,-0.0028317794,0.053335913,-0.0013919316,0.0,0.073149726,0.2641613,0.01855968,0.021737857,0.031070817,-0.030714976,0.0007543877,-0.22918105,0.0010084471,-0.0048658876,-0.012565924,0.0,0.0,0.0,0.0008184723,0.00074991153,0.0,0.0,0.0,0.0,0.0,0.0,0.0,0.0,0.0,0.014582643,0.0,0.0,0.0004893169,0.0,-0.000306557,-0.001275055,-8.386171e-05,0.0,0.0,0.0,0.00819359,0.0044537373,0.0,0.0,0.0008494496,0.0016691533,0.0,0.0,0.0,0.0015656806,0.0,-0.020994969,-0.0051527964,0.009086203,-0.00049718405,0.0,0.0,-0.005289728,0.0,0.0,0.0,0.0030789746,0.0,0.0,0.0,0.0038386441,0.0,0.0,0.0,0.0007393464,0.0004547168,-0.0028793376,0.00056657323,0.0,-0.00406094,0.0,0.0,-0.00033453392,0.0,0.0,0.0,0.0018318833,-0.0032854641,0.0,0.0,0.0,0.0,0.0,0.005201119,0.0,0.0,0.0,0.0,0.0,-0.0036125663,0.0,0.0,-0.010270706,0.009045775,0.00091923645,0.0011123602,0.008050512,0.00032259544,0.0027121285,0.0,0.0,0.0006158002,0.0,0.0,0.0,0.0,-0.003994683,0.0,0.0066001285,0.0,0.0,-0.0017379688,0.0,-0.002984306,0.0,0.0,0.00046422443,-0.06711065,0.0,0.0,0.0068216007,0.0,-0.0004221528,-2.4905106e-05,0.0,0.0,0.0,0.004608726,0.0,-0.0046230215,-0.0031853758,0.0013179034,0.0,0.003138694,0.0,-0.0010371521
-0.296579,-0.25756842,0.024123257,0.0,0.0,0.027503053,-0.0064133275,-0.023772985,0.030661536,0.0015502215,-0.01868475,-0.047756508,-0.0017317623,-0.013437888,-0.0054779937,-0.02760756,-0.009628233,0.0027374662,0.00041436517,-2.010944e-05,0.0,0.000950636,0.033855114,-0.0014907486,0.0,-0.031241765,0.2151226,-0.3483933,0.005218963,-0.120425545,-0.08200903,0.00079037703,-0.34452498,0.0017019887,-0.0054601575,0.015863808,0.0,0.0,0.0,0.00081848196,0.0007454842,0.0,0.0,0.0,0.0,0.0,0.0,0.0,0.0,0.0,0.014856228,0.0,0.0,0.0004893169,0.0,-0.00020665546,-0.0012368694,-8.386171e-05,0.0,0.0,0.0,0.008344145,0.0059002494,0.0,0.0,0.00085341075,0.0016689287,0.0,0.0,0.0,0.0015792798,0.0,-0.027731303,-0.004251156,0.0093886275,-0.0002002482,0.0,0.0,-0.004689412,0.0,0.0,0.0,0.002939093,0.0,0.0,0.0,0.0042812983,0.0,0.0,0.0,0.0007393464,0.0004547168,-0.0029198308,0.00056657323,0.0,-0.003684076,0.0,0.0,-0.00033453392,0.0,0.0,0.0,0.0018318833,-0.012545617,0.0,0.0,0.0,0.0,0.0,0.0028132764,0.0,0.0,0.0,0.0,0.0,-0.00023579012,0.0,0.0,-0.009054163,0.007936691,0.00091923645,0.001136414,0.0076247244,0.00032259544,0.0034789727,0.0,0.0,0.0006224471,0.0,0.0,0.0,0.0,-0.0033250127,0.0,0.0030059463,0.0,0.0,-0.00046715618,0.0,0.119810626,0.0,0.0,0.00046355,0.0013897421,0.0,0.0,0.0060634315,0.0,-0.0004221528,-2.4905106e-05,0.0,0.0,0.0,0.0033866575,0.0,-0.0046906373,-0.004964307,0.0013179034,0.0,0.003154212,0.0,-0.00072732824
-0.296579,-0.25756842,0.024123257,0.0,0.0,0.027503053,-0.0064133275,-0.023772985,0.030661536,0.0015502215,-0.01868475,-0.047756508,-0.0017317623,-0.013437888,-0.0054779937,-0.02760756,-0.009628233,0.0027374662,0.00041436517,-2.010944e-05,0.0,0.000950636,0.033855114,-0.0014907486,0.0,-0.031241765,0.2151226,-0.3483933,0.005218963,-0.120425545,-0.08200903,0.00079037703,-0.34452498,0.0017019887,-0.0054601575,0.015863808,0.0,0.0,0.0,0.00081848196,0.0007454842,0.0,0.0,0.0,0.0,0.0,0.0,0.0,0.0,0.0,0.014856228,0.0,0.0,0.0004893169,0.0,-0.00020665546,-0.0012368694,-8.386171e-05,0.0,0.0,0.0,0.008344145,0.0059002494,0.0,0.0,0.00085341075,0.0016689287,0.0,0.0,0.0,0.0015792798,0.0,-0.027731303,-0.004251156,0.0093886275,-0.0002002482,0.0,0.0,-0.004689412,0.0,0.0,0.0,0.002939093,0.0,0.0,0.0,0.0042812983,0.0,0.0,0.0,0.0007393464,0.0004547168,-0.0029198308,0.00056657323,0.0,-0.003684076,0.0,0.0,-0.00033453392,0.0,0.0,0.0,0.0018318833,-0.012545617,0.0,0.0,0.0,0.0,0.0,0.0028132764,0.0,0.0,0.0,0.0,0.0,-0.00023579012,0.0,0.0,-0.009054163,0.007936691,0.00091923645,0.001136414,0.0076247244,0.00032259544,0.0034789727,0.0,0.0,0.0006224471,0.0,0.0,0.0,0.0,-0.0033250127,0.0,0.0030059463,0.0,0.0,-0.00046715618,0.0,0.119810626,0.0,0.0,0.00046355,0.0013897421,0.0,0.0,0.0060634315,0.0,-0.0004221528,-2.4905106e-05,0.0,0.0,0.0,0.0033866575,0.0,-0.0046906373,-0.004964307,0.0013179034,0.0,0.003154212,0.0,-0.00072732824
-0.296579,-0.25756842,0.024123257,0.0,0.0,0.027503053,-0.0064133275,-0.023772985,0.030661536,0.0015502215,-0.01868475,-0.047756508,-0.0017317623,-0.013437888,-0.0054779937,-0.02760756,-0.009628233,0.0027374662,0.00041436517,-2.010944e-05,0.0,0.000950636,0.033855114,-0.0014907486,0.0,-0.031241765,0.2151226,-0.3483933,0.005218963,-0.120425545,-0.08200903,0.00079037703,-0.34452498,0.0017019887,-0.0054601575,0.015863808,0.0,0.0,0.0,0.00081848196,0.0007454842,0.0,0.0,0.0,0.0,0.0,0.0,0.0,0.0,0.0,0.014856228,0.0,0.0,0.0004893169,0.0,-0.00020665546,-0.0012368694,-8.386171e-05,0.0,0.0,0.0,0.008344145,0.0059002494,0.0,0.0,0.00085341075,0.0016689287,0.0,0.0,0.0,0.0015792798,0.0,-0.027731303,-0.004251156,0.0093886275,-0.0002002482,0.0,0.0,-0.004689412,0.0,0.0,0.0,0.002939093,0.0,0.0,0.0,0.0042812983,0.0,0.0,0.0,0.0007393464,0.0004547168,-0.0029198308,0.00056657323,0.0,-0.003684076,0.0,0.0,-0.00033453392,0.0,0.0,0.0,0.0018318833,-0.012545617,0.0,0.0,0.0,0.0,0.0,0.0028132764,0.0,0.0,0.0,0.0,0.0,-0.00023579012,0.0,0.0,-0.009054163,0.007936691,0.00091923645,0.001136414,0.0076247244,0.00032259544,0.0034789727,0.0,0.0,0.0006224471,0.0,0.0,0.0,0.0,-0.0033250127,0.0,0.0030059463,0.0,0.0,-0.00046715618,0.0,0.119810626,0.0,0.0,0.00046355,0.0013897421,0.0,0.0,0.0060634315,0.0,-0.0004221528,-2.4905106e-05,0.0,0.0,0.0,0.0033866575,0.0,-0.0046906373,-0.004964307,0.0013179034,0.0,0.003154212,0.0,-0.00072732824
-0.296579,-0.25756842,0.024123257,0.0,0.0,0.027503053,-0.0064133275,-0.023772985,0.030661536,0.0015502215,-0.01868475,-0.047756508,-0.0017317623,-0.013437888,-0.0054779937,-0.02760756,-0.009628233,0.0027374662,0.00041436517,-2.010944e-05,0.0,0.000950636,0.033855114,-0.0014907486,0.0,-0.031241765,0.2151226,-0.3483933,0.005218963,-0.120425545,-0.08200903,0.00079037703,-0.34452498,0.0017019887,-0.0054601575,0.015863808,0.0,0.0,0.0,0.00081848196,0.0007454842,0.0,0.0,0.0,0.0,0.0,0.0,0.0,0.0,0.0,0.014856228,0.0,0.0,0.0004893169,0.0,-0.00020665546,-0.0012368694,-8.386171e-05,0.0,0.0,0.0,0.008344145,0.0059002494,0.0,0.0,0.00085341075,0.0016689287,0.0,0.0,0.0,0.0015792798,0.0,-0.027731303,-0.004251156,0.0093886275,-0.0002002482,0.0,0.0,-0.004689412,0.0,0.0,0.0,0.002939093,0.0,0.0,0.0,0.0042812983,0.0,0.0,0.0,0.0007393464,0.0004547168,-0.0029198308,0.00056657323,0.0,-0.003684076,0.0,0.0,-0.00033453392,0.0,0.0,0.0,0.0018318833,-0.012545617,0.0,0.0,0.0,0.0,0.0,0.0028132764,0.0,0.0,0.0,0.0,0.0,-0.00023579012,0.0,0.0,-0.009054163,0.007936691,0.00091923645,0.001136414,0.0076247244,0.00032259544,0.0034789727,0.0,0.0,0.0006224471,0.0,0.0,0.0,0.0,-0.0033250127,0.0,0.0030059463,0.0,0.0,-0.00046715618,0.0,0.119810626,0.0,0.0,0.00046355,0.0013897421,0.0,0.0,0.0060634315,0.0,-0.0004221528,-2.4905106e-05,0.0,0.0,0.0,0.0033866575,0.0,-0.0046906373,-0.004964307,0.0013179034,0.0,0.003154212,0.0,-0.00072732824
-0.296579,-0.25756842,0.024123257,0.0,0.0,0.027503053,-0.0064133275,-0.023772985,0.030661536,0.0015502215,-0.01868475,-0.047756508,-0.0017317623,-0.013437888,-0.0054779937,-0.02760756,-0.009628233,0.0027374662,0.00041436517,-2.010944e-05,0.0,0.000950636,0.033855114,-0.0014907486,0.0,-0.031241765,0.2151226,-0.3483933,0.005218963,-0.120425545,-0.08200903,0.00079037703,-0.34452498,0.0017019887,-0.0054601575,0.015863808,0.0,0.0,0.0,0.00081848196,0.0007454842,0.0,0.0,0.0,0.0,0.0,0.0,0.0,0.0,0.0,0.014856228,0.0,0.0,0.0004893169,0.0,-0.00020665546,-0.0012368694,-8.386171e-05,0.0,0.0,0.0,0.008344145,0.0059002494,0.0,0.0,0.00085341075,0.0016689287,0.0,0.0,0.0,0.0015792798,0.0,-0.027731303,-0.004251156,0.0093886275,-0.0002002482,0.0,0.0,-0.004689412,0.0,0.0,0.0,0.002939093,0.0,0.0,0.0,0.0042812983,0.0,0.0,0.0,0.0007393464,0.0004547168,-0.0029198308,0.00056657323,0.0,-0.003684076,0.0,0.0,-0.00033453392,0.0,0.0,0.0,0.0018318833,-0.012545617,0.0,0.0,0.0,0.0,0.0,0.0028132764,0.0,0.0,0.0,0.0,0.0,-0.00023579012,0.0,0.0,-0.009054163,0.007936691,0.00091923645,0.001136414,0.0076247244,0.00032259544,0.0034789727,0.0,0.0,0.0006224471,0.0,0.0,0.0,0.0,-0.0033250127,0.0,0.0030059463,0.0,0.0,-0.00046715618,0.0,0.119810626,0.0,0.0,0.00046355,0.0013897421,0.0,0.0,0.0060634315,0.0,-0.0004221528,-2.4905106e-05,0.0,0.0,0.0,0.0033866575,0.0,-0.0046906373,-0.004964307,0.0013179034,0.0,0.003154212,0.0,-0.00072732824
-0.5414492,-0.10693799,-0.009348134,0.0,0.0,-0.0039743376,-0.0063019274,-0.026458234,-0.010715323,0.0010669355,0.0397605,-0.02252239,-0.00890215,-0.004046851,-0.006154824,-0.01973475,-0.0051607997,0.0042535793,0.00041436517,-9.2350194e-05,0.0,-0.003791119,0.05733475,-0.0013299378,0.0,0.047870815,-0.0788668,0.021515816,0.026085744,0.036076833,0.116726466,-0.003078818,0.09732458,-0.00056571164,0.0016210254,-0.0034364539,0.0,0.0,0.0,0.00082415296,0.00073139765,0.0,0.0,0.0,0.0,0.0,0.0,0.0,0.0,0.0,0.01681824,0.0,0.0,0.00083524897,0.0,-0.000306557,-0.0010072148,-8.386171e-05,0.0,0.0,0.0,0.008339118,0.00445473,0.0,0.0,0.0020224464,0.0016739866,0.0,0.0,0.0,0.0016844254,0.0,-0.030951655,-0.0024295147,0.005173483,-0.00048086626,0.0,0.0,-0.0055574877,0.0,0.0,0.0,0.003168627,0.0,0.0,0.0,0.002546725,0.0,0.0,0.0,0.0007393464,0.0004547168,-0.0028793567,0.00056657323,0.0,-0.004053101,0.0,0.0,-0.0007002461,0.0,0.0,0.0,0.0018820253,-0.0029253857,0.0,0.0,0.0,0.0,0.0,0.005350514,0.0,0.0,0.0,0.0,0.0,-0.0006498745,0.0,0.0,-0.023695044,0.009133255,0.0005246742,0.0011499544,0.008243835,0.00054869946,0.002721159,0.0,0.0,0.0006139429,0.0,0.0,0.0,0.0,-0.0038987135,0.0,0.0062079914,0.0,0.0,-0.0006181117,0.0,-0.0068913247,0.0,0.0,0.00046012815,0.0013897421,0.0,0.0,0.007762962,0.0,-0.0027223225,-2.4905106e-05,0.0,0.0,0.0,0.0045711924,0.0,-0.0043974896,-0.0025822006,0.001314986,0.0,0.0032286101,0.0,-0.0010378485
-0.5414492,-0.10693799,-0.009348134,0.0,0.0,-0.0039743376,-0.0063019274,-0.026458234,-0.010715323,0.0010669355,0.0397605,-0.02252239,-0.00890215,-0.004046851,-0.006154824,-0.01973475,-0.0051607997,0.0042535793,0.00041436517,-9.2350194e-05,0.0,-0.003791119,0.05733475,-0.0013299378,0.0,0.047870815,-0.0788668,0.021515816,0.026085744,0.036076833,0.116726466,-0.003078818,0.09732458,-0.00056571164,0.0016210254,-0.0034364539,0.0,0.0,0.0,0.00082415296,0.00073139765,0.0,0.0,0.0,0.0,0.0,0.0,0.0,0.0,0.0,0.01681824,0.0,0.0,0.00083524897,0.0,-0.000306557,-0.0010072148,-8.386171e-05,0.0,0.0,0.0,0.008339118,0.00445473,0.0,0.0,0.0020224464,0.0016739866,0.0,0.0,0.0,0.0016844254,0.0,-0.030951655,-0.0024295147,0.005173483,-0.00048086626,0.0,0.0,-0.0055574877,0.0,0.0,0.0,0.003168627,0.0,0.0,0.0,0.002546725,0.0,0.0,0.0,0.0007393464,0.0004547168,-0.0028793567,0.00056657323,0.0,-0.004053101,0.0,0.0,-0.0007002461,0.0,0.0,0.0,0.0018820253,-0.0029253857,0.0,0.0,0.0,0.0,0.0,0.005350514,0.0,0.0,0.0,0.0,0.0,-0.0006498745,0.0,0.0,-0.023695044,0.009133255,0.0005246742,0.0011499544,0.008243835,0.00054869946,0.002721159,0.0,0.0,0.0006139429,0.0,0.0,0.0,0.0,-0.0038987135,0.0,0.0062079914,0.0,0.0,-0.0006181117,0.0,-0.0068913247,0.0,0.0,0.00046012815,0.0013897421,0.0,0.0,0.007762962,0.0,-0.0027223225,-2.4905106e-05,0.0,0.0,0.0,0.0045711924,0.0,-0.0043974896,-0.0025822006,0.001314986,0.0,0.0032286101,0.0,-0.0010378485
-0.5414492,-0.10693799,-0.009348134,0.0,0.0,-0.0039743376,-0.0063019274,-0.026458234,-0.010715323,0.0010669355,0.0397605,-0.02252239,-0.00890215,-0.004046851,-0.006154824,-0.01973475,-0.0051607997,0.0042535793,0.00041436517,-9.2350194e-05,0.0,-0.003791119,0.05733475,-0.0013299378,0.0,0.047870815,-0.0788668,0.021515816,0.026085744,0.036076833,0.116726466,-0.003078818,0.09732458,-0.00056571164,0.0016210254,-0.0034364539,0.0,0.0,0.0,0.00082415296,0.00073139765,0.0,0.0,0.0,0.0,0.0,0.0,0.0,0.0,0.0,0.01681824,0.0,0.0,0.00083524897,0.0,-0.000306557,-0.0010072148,-8.386171e-05,0.0,0.0,0.0,0.008339118,0.00445473,0.0,0.0,0.0020224464,0.0016739866,0.0,0.0,0.0,0.0016844254,0.0,-0.030951655,-0.0024295147,0.005173483,-0.00048086626,0.0,0.0,-0.0055574877,0.0,0.0,0.0,0.003168627,0.0,0.0,0.0,0.002546725,0.0,0.0,0.0,0.0007393464,0.0004547168,-0.0028793567,0.00056657323,0.0,-0.004053101,0.0,0.0,-0.0007002461,0.0,0.0,0.0,0.0018820253,-0.0029253857,0.0,0.0,0.0,0.0,0.0,0.005350514,0.0,0.0,0.0,0.0,0.0,-0.0006498745,0.0,0.0,-0.023695044,0.009133255,0.0005246742,0.0011499544,0.008243835,0.00054869946,0.002721159,0.0,0.0,0.0006139429,0.0,0.0,0.0,0.0,-0.0038987135,0.0,0.0062079914,0.0,0.0,-0.0006181117,0.0,-0.0068913247,0.0,0.0,0.00046012815,0.0013897421,0.0,0.0,0.007762962,0.0,-0.0027223225,-2.4905106e-05,0.0,0.0,0.0,0.0045711924,0.0,-0.0043974896,-0.0025822006,0.001314986,0.0,0.0032286101,0.0,-0.0010378485
-0.5414492,-0.10693799,-0.009348134,0.0,0.0,-0.0039743376,-0.0063019274,-0.026458234,-0.010715323,0.0010669355,0.0397605,-0.02252239,-0.00890215,-0.004046851,-0.006154824,-0.01973475,-0.0051607997,0.0042535793,0.00041436517,-9.2350194e-05,0.0,-0.003791119,0.05733475,-0.0013299378,0.0,0.047870815,-0.0788668,0.021515816,0.026085744,0.036076833,0.116726466,-0.003078818,0.09732458,-0.00056571164,0.0016210254,-0.0034364539,0.0,0.0,0.0,0.00082415296,0.00073139765,0.0,0.0,0.0,0.0,0.0,0.0,0.0,0.0,0.0,0.01681824,0.0,0.0,0.00083524897,0.0,-0.000306557,-0.0010072148,-8.386171e-05,0.0,0.0,0.0,0.008339118,0.00445473,0.0,0.0,0.0020224464,0.0016739866,0.0,0.0,0.0,0.0016844254,0.0,-0.030951655,-0.0024295147,0.005173483,-0.00048086626,0.0,0.0,-0.0055574877,0.0,0.0,0.0,0.003168627,0.0,0.0,0.0,0.002546725,0.0,0.0,0.0,0.0007393464,0.0004547168,-0.0028793567,0.00056657323,0.0,-0.004053101,0.0,0.0,-0.0007002461,0.0,0.0,0.0,0.0018820253,-0.0029253857,0.0,0.0,0.0,0.0,0.0,0.005350514,0.0,0.0,0.0,0.0,0.0,-0.0006498745,0.0,0.0,-0.023695044,0.009133255,0.0005246742,0.0011499544,0.008243835,0.00054869946,0.002721159,0.0,0.0,0.0006139429,0.0,0.0,0.0,0.0,-0.0038987135,0.0,0.0062079914,0.0,0.0,-0.0006181117,0.0,-0.0068913247,0.0,0.0,0.00046012815,0.0013897421,0.0,0.0,0.007762962,0.0,-0.0027223225,-2.4905106e-05,0.0,0.0,0.0,0.0045711924,0.0,-0.0043974896,-0.0025822006,0.001314986,0.0,0.0032286101,0.0,-0.0010378485
-0.38759062,0.43410626,-0.11530011,0.0,0.0,0.004197172,-0.0073214998,-0.02566902,0.005129547,0.0010329175,0.010498264,0.050084777,-0.014222749,-0.008872326,-0.0056744223,-0.021091461,-0.010796163,0.0040211827,0.000457234,-8.6259795e-05,0.0,-0.0026840726,0.055113014,-0.001329712,0.0,-0.05163493,-0.012884764,0.0075455504,0.017677188,0.035506032,-0.06840576,0.00016668133,0.276395,-0.0012592531,0.0016127753,-0.021363629,0.0,0.0,0.0,0.000830434,0.0007481988,0.0,0.0,0.0,0.0,0.0,0.0,0.0,0.0,0.0,0.016585669,0.0,0.0,0.00079681945,0.0,-0.000584473,-0.0010071129,-8.386171e-05,0.0,0.0,0.0,0.00903379,0.00445473,0.0,0.0,0.0017406092,0.0016719429,0.0,0.0,0.0,0.00027874333,0.0,-0.022200666,-0.0057963748,0.0059646643,-0.00048100826,0.0,0.0,-0.0095113795,0.0,0.0,0.0,0.0030919474,0.0,0.0,0.0,0.0022550707,0.0,0.0,0.0,0.0007393464,0.0004547168,-0.0028785923,0.00056657323,0.0,-0.0040610437,0.0,0.0,-0.0007002461,0.0,0.0,0.0,0.0007940588,-0.0026235373,0.0,0.0,0.0,0.0,0.0,0.0052160244,0.0,0.0,0.0,0.0,0.0,-0.0006498745,0.0,0.0,-0.028563388,0.009361535,0.0005246742,0.0011507832,0.008221751,0.00054869946,0.0012675746,0.0,0.0,0.0006298711,0.0,0.0,0.0,0.0,-0.004293022,0.0,0.0063690357,0.0,0.0,-0.0003949597,0.0,-0.006651384,0.0,0.0,0.0004596248,0.0013897421,0.0,0.0,0.007073776,0.0,-0.004161503,-2.4905106e-05,0.0,0.0,0.0,0.0052036913,0.0,-0.004554741,-0.0030511804,0.001303415,0.0,0.003086554,0.0,-0.001037715
-0.49575806,-0.09568767,-0.006739149,0.0,0.0,-0.024044609,-0.0058333124,-0.023947893,0.0016996448,0.0010014088,0.06457466,-0.05271191,-0.007945477,-0.004046851,-0.006275909,-0.015602933,-0.0053955093,0.004446278,0.00041436517,-8.6259795e-05,0.0,-0.0029412434,0.06407752,-0.0013382855,0.0,0.050789148,0.13926628,0.03909351,0.015765898,0.03229318,-0.04688705,0.002261628,0.15122873,0.008002556,0.003466122,-0.02031518,0.0,0.0,0.0,0.00082415296,0.0007403798,0.0,0.0,0.0,0.0,0.0,0.0,0.0,0.0,0.0,0.016562391,0.0,0.0,0.0007937185,0.0,-0.000306557,-0.001008973,-8.386171e-05,0.0,0.0,0.0,0.008357187,0.0039298674,0.0,0.0,0.00084670197,0.0016756203,0.0,0.0,0.0,0.001716769,0.0,-0.02250303,-0.005104456,0.0053763296,-0.00020054728,0.0,0.0,-0.0048671933,0.0,0.0,0.0,0.0031744135,0.0,0.0,0.0,0.004395513,0.0,0.0,0.0,0.0007393464,0.0004547168,-0.0028795928,0.00056657323,0.0,-0.004124505,0.0,0.0,-0.0007002461,0.0,0.0,0.0,0.0018820253,-0.0029253857,0.0,0.0,0.0,0.0,0.0,0.005097868,0.0,0.0,0.0,0.0,0.0,-0.0006498745,0.0,0.0,-0.019457363,0.0090416195,0.0010298891,0.0011499544,0.008260275,0.00054869946,0.0028138196,0.0,0.0,0.0006397985,0.0,0.0,0.0,0.0,-0.0035289736,0.0,0.0031608895,0.0,0.0,-0.0006181117,0.0,0.33450827,0.0,0.0,0.00046012815,0.0013897421,0.0,0.0,0.007152777,0.0,-0.0004221528,-2.4905106e-05,0.0,0.0,0.0,0.004572018,0.0,-0.0044572214,-0.0051555946,0.0013264033,0.0,0.0032208543,0.0,-0.0009621814
-0.49575806,-0.09568767,-0.006739149,0.0,0.0,-0.024044609,-0.0058333124,-0.023947893,0.0016996448,0.0010014088,0.06457466,-0.05271191,-0.007945477,-0.004046851,-0.006275909,-0.015602933,-0.0053955093,0.004446278,0.00041436517,-8.6259795e-05,0.0,-0.0029412434,0.06407752,-0.0013382855,0.0,0.050789148,0.13926628,0.03909351,0.015765898,0.03229318,-0.04688705,0.002261628,0.15122873,0.008002556,0.003466122,-0.02031518,0.0,0.0,0.0,0.00082415296,0.0007403798,0.0,0.0,0.0,0.0,0.0,0.0,0.0,0.0,0.0,0.016562391,0.0,0.0,0.0007937185,0.0,-0.000306557,-0.001008973,-8.386171e-05,0.0,0.0,0.0,0.008357187,0.0039298674,0.0,0.0,0.00084670197,0.0016756203,0.0,0.0,0.0,0.001716769,0.0,-0.02250303,-0.005104456,0.0053763296,-0.00020054728,0.0,0.0,-0.0048671933,0.0,0.0,0.0,0.0031744135,0.0,0.0,0.0,0.004395513,0.0,0.0,0.0,0.0007393464,0.0004547168,-0.0028795928,0.00056657323,0.0,-0.004124505,0.0,0.0,-0.0007002461,0.0,0.0,0.0,0.0018820253,-0.0029253857,0.0,0.0,0.0,0.0,0.0,0.005097868,0.0,0.0,0.0,0.0,0.0,-0.0006498745,0.0,0.0,-0.019457363,0.0090416195,0.0010298891,0.0011499544,0.008260275,0.00054869946,0.0028138196,0.0,0.0,0.0006397985,0.0,0.0,0.0,0.0,-0.0035289736,0.0,0.0031608895,0.0,0.0,-0.0006181117,0.0,0.33450827,0.0,0.0,0.00046012815,0.0013897421,0.0,0.0,0.007152777,0.0,-0.0004221528,-2.4905106e-05,0.0,0.0,0.0,0.004572018,0.0,-0.0044572214,-0.0051555946,0.0013264033,0.0,0.0032208543,0.0,-0.0009621814
-0.49575806,-0.09568767,-0.006739149,0.0,0.0,-0.024044609,-0.0058333124,-0.023947893,0.0016996448,0.0010014088,0.06457466,-0.05271191,-0.007945477,-0.004046851,-0.006275909,-0.015602933,-0.0053955093,0.004446278,0.00041436517,-8.6259795e-05,0.0,-0.0029412434,0.06407752,-0.0013382855,0.0,0.050789148,0.13926628,0.03909351,0.015765898,0.03229318,-0.04688705,0.002261628,0.15122873,0.008002556,0.003466122,-0.02031518,0.0,0.0,0.0,0.00082415296,0.0007403798,0.0,0.0,0.0,0.0,0.0,0.0,0.0,0.0,0.0,0.016562391,0.0,0.0,0.0007937185,0.0,-0.000306557,-0.001008973,-8.386171e-05,0.0,0.0,0.0,0.008357187,0.0039298674,0.0,0.0,0.00084670197,0.0016756203,0.0,0.0,0.0,0.001716769,0.0,-0.02250303,-0.005104456,0.0053763296,-0.00020054728,0.0,0.0,-0.0048671933,0.0,0.0,0.0,0.0031744135,0.0,0.0,0.0,0.004395513,0.0,0.0,0.0,0.0007393464,0.0004547168,-0.0028795928,0.00056657323,0.0,-0.004124505,0.0,0.0,-0.0007002461,0.0,0.0,0.0,0.0018820253,-0.0029253857,0.0,0.0,0.0,0.0,0.0,0.005097868,0.0,0.0,0.0,0.0,0.0,-0.0006498745,0.0,0.0,-0.019457363,0.0090416195,0.0010298891,0.0011499544,0.008260275,0.00054869946,0.0028138196,0.0,0.0,0.0006397985,0.0,0.0,0.0,0.0,-0.0035289736,0.0,0.0031608895,0.0,0.0,-0.0006181117,0.0,0.33450827,0.0,0.0,0.00046012815,0.0013897421,0.0,0.0,0.007152777,0.0,-0.0004221528,-2.4905106e-05,0.0,0.0,0.0,0.004572018,0.0,-0.0044572214,-0.0051555946,0.0013264033,0.0,0.0032208543,0.0,-0.0009621814
-0.49575806,-0.09568767,-0.006739149,0.0,0.0,-0.024044609,-0.0058333124,-0.023947893,0.0016996448,0.0010014088,0.06457466,-0.05271191,-0.007945477,-0.004046851,-0.006275909,-0.015602933,-0.0053955093,0.004446278,0.00041436517,-8.6259795e-05,0.0,-0.0029412434,0.06407752,-0.0013382855,0.0,0.050789148,0.13926628,0.03909351,0.015765898,0.03229318,-0.04688705,0.002261628,0.15122873,0.008002556,0.003466122,-0.02031518,0.0,0.0,0.0,0.00082415296,0.0007403798,0.0,0.0,0.0,0.0,0.0,0.0,0.0,0.0,0.0,0.016562391,0.0,0.0,0.0007937185,0.0,-0.000306557,-0.001008973,-8.386171e-05,0.0,0.0,0.0,0.008357187,0.0039298674,0.0,0.0,0.00084670197,0.0016756203,0.0,0.0,0.0,0.001716769,0.0,-0.02250303,-0.005104456,0.0053763296,-0.00020054728,0.0,0.0,-0.0048671933,0.0,0.0,0.0,0.0031744135,0.0,0.0,0.0,0.004395513,0.0,0.0,0.0,0.0007393464,0.0004547168,-0.0028795928,0.00056657323,0.0,-0.004124505,0.0,0.0,-0.0007002461,0.0,0.0,0.0,0.0018820253,-0.0029253857,0.0,0.0,0.0,0.0,0.0,0.005097868,0.0,0.0,0.0,0.0,0.0,-0.0006498745,0.0,0.0,-0.019457363,0.0090416195,0.0010298891,0.0011499544,0.008260275,0.00054869946,0.0028138196,0.0,0.0,0.0006397985,0.0,0.0,0.0,0.0,-0.0035289736,0.0,0.0031608895,0.0,0.0,-0.0006181117,0.0,0.33450827,0.0,0.0,0.00046012815,0.0013897421,0.0,0.0,0.007152777,0.0,-0.0004221528,-2.4905106e-05,0.0,0.0,0.0,0.004572018,0.0,-0.0044572214,-0.0051555946,0.0013264033,0.0,0.0032208543,0.0,-0.0009621814
-0.506189,-0.09871283,-0.006739149,0.0,0.0,-0.026127025,-0.0058333124,-0.023947893,0.0018453905,0.0010014088,0.06464347,-0.052629508,-0.00879775,-0.004046851,-0.006275909,-0.015602933,-0.0053955093,0.004446278,0.00041436517,-9.2350194e-05,0.0,-0.0029412434,0.06635903,-0.0013382855,0.0,0.050280634,0.13926628,0.039034016,0.015765898,0.03212882,-0.04688705,0.002261628,0.15248874,0.00645387,0.003466122,-0.0025054347,0.0,0.0,0.0,0.00082415296,0.0007403798,0.0,0.0,0.0,0.0,0.0,0.0,0.0,0.0,0.0,0.016562391,0.0,0.0,0.0007937185,0.0,-0.000306557,-0.001008973,-8.386171e-05,0.0,0.0,0.0,0.008362099,0.0039298674,0.0,0.0,0.0008506631,0.0016756203,0.0,0.0,0.0,0.0017176943,0.0,-0.027400287,-0.0041169836,0.0053763296,-0.00020054728,0.0,0.0,-0.004866057,0.0,0.0,0.0,0.0031744135,0.0,0.0,0.0,0.004395513,0.0,0.0,0.0,0.0007393464,0.0004547168,-0.002880102,0.00056657323,0.0,-0.004124505,0.0,0.0,-0.0007002461,0.0,0.0,0.0,0.0018820253,-0.0029253857,0.0,0.0,0.0,0.0,0.0,0.005350514,0.0,0.0,0.0,0.0,0.0,-0.0006498745,0.0,0.0,-0.019441139,0.0090416195,0.0010298891,0.0011499544,0.008260275,0.00054869946,0.0028138196,0.0,0.0,0.0006397985,0.0,0.0,0.0,0.0,-0.003529133,0.0,0.0031608895,0.0,0.0,-0.0006181117,0.0,0.33450827,0.0,0.0,0.00046012815,0.0013897421,0.0,0.0,0.007762962,0.0,-0.0004221528,-2.4905106e-05,0.0,0.0,0.0,0.004572018,0.0,-0.0044572214,-0.00510562,0.0013264033,0.0,0.0032208543,0.0,-0.0009621814
0.24088211,-0.26041213,-0.09434474,0.0,0.0,-0.06641083,-0.0020637203,-0.13807014,-0.01260603,0.0020850487,0.08758318,-0.00045690284,-0.016866185,-0.032189623,-0.02490113,0.019244246,-0.0054817153,-0.034214012,-0.0032207237,-3.603378e-05,0.0,-0.0993661,-0.31705368,0.011472123,0.0,0.09459952,0.22262506,0.057607166,0.023860922,-0.19376394,0.068810016,0.013457321,-0.48045176,-0.0027316941,0.0014909225,0.0016978672,0.0,0.0,0.0,0.0008184723,0.0006435923,0.0,0.0,0.0,0.0,0.0,0.0,0.0,0.0,0.0,0.011835427,0.0,0.0,0.00046822935,0.0,-0.00041082405,-0.00085775496,-9.65379e-05,0.0,0.0,0.0,0.008231484,0.0065670195,0.0,0.0,0.00083502487,0.0016686418,0.0,0.0,0.0,0.0015597269,0.0,-0.014072803,-0.00314127,0.00901523,3.4847308e-05,0.0,0.0,-0.0038598941,0.0,0.0,0.0,0.0029458099,0.0,0.0,0.0,0.0035721473,0.0,0.0,0.0,0.00033604202,0.0004547168,-0.0028949997,0.00056657323,0.0,-0.0021057704,0.0,0.0,-0.0007002461,0.0,0.0,0.0,0.0018318833,-0.0026000568,0.0,0.0,0.0,0.0,0.0,0.0022663223,0.0,0.0,0.0,0.0,0.0,-0.00023579012,0.0,0.0,-0.011581712,0.008261475,0.00091923645,0.0011248419,0.013575807,0.00032259544,0.0027075151,0.0,0.0,0.00063522346,0.0,0.0,0.0,0.0,-0.002568383,0.0,0.0049634147,0.0,0.0,-0.00018193982,0.0,-0.0022971723,0.0,0.0,0.0004379814,0.0005704345,0.0,0.0,0.009578758,0.0,-0.0004221528,-2.4905106e-05,0.0,0.0,0.0,0.0046515106,0.0,-0.0033825834,-0.004760168,0.0013028547,0.0,0.0031691962,0.0,-0.00076299615
0.24088211,-0.26041213,-0.09434474,0.0,0.0,-0.06641083,-0.0020637203,-0.13807014,-0.01260603,0.0020850487,0.08758318,-0.00045690284,-0.016866185,-0.032189623,-0.02490113,0.019244246,-0.0054817153,-0.034214012,-0.0032207237,-3.603378e-05,0.0,-0.0993661,-0.31705368,0.011472123,0.0,0.09459952,0.22262506,0.057607166,0.023860922,-0.19376394,0.068810016,0.013457321,-0.48045176,-0.0027316941,0.0014909225,0.0016978672,0.0,0.0,0.0,0.0008184723,0.0006435923,0.0,0.0,0.0,0.0,0.0,0.0,0.0,0.0,0.0,0.011835427,0.0,0.0,0.00046822935,0.0,-0.00041082405,-0.00085775496,-9.65379e-05,0.0,0.0,0.0,0.008231484,0.0065670195,0.0,0.0,0.00083502487,0.0016686418,0.0,0.0,0.0,0.0015597269,0.0,-0.014072803,-0.00314127,0.00901523,3.4847308e-05,0.0,0.0,-0.0038598941,0.0,0.0,0.0,0.0029458099,0.0,0.0,0.0,0.0035721473,0.0,0.0,0.0,0.00033604202,0.0004547168,-0.0028949997,0.00056657323,0.0,-0.0021057704,0.0,0.0,-0.0007002461,0.0,0.0,0.0,0.0018318833,-0.0026000568,0.0,0.0,0.0,0.0,0.0,0.0022663223,0.0,0.0,0.0,0.0,0.0,-0.00023579012,0.0,0.0,-0.011581712,0.008261475,0.00091923645,0.0011248419,0.013575807,0.00032259544,0.0027075151,0.0,0.0,0.00063522346,0.0,0.0,0.0,0.0,-0.002568383,0.0,0.0049634147,0.0,0.0,-0.00018193982,0.0,-0.0022971723,0.0,0.0,0.0004379814,0.0005704345,0.0,0.0,0.009578758,0.0,-0.0004221528,-2.4905106e-05,0.0,0.0,0.0,0.0046515106,0.0,-0.0033825834,-0.004760168,0.0013028547,0.0,0.0031691962,0.0,-0.00076299615
-0.07506611,-0.2914211,-0.011309499,0.0,0.0,-0.024008794,-0.0055529573,-0.024860043,-0.013493696,0.0013575086,-0.00090745825,0.072055645,-0.014702131,0.07942321,-0.051127404,-0.28376362,-0.008478572,-0.26113006,-0.06189126,-5.672287e-05,0.0,-0.0053254496,-0.16943109,-0.0014847243,0.0,0.055361774,0.31912705,0.034133643,0.02731001,-0.08536015,-0.033769123,0.033414353,-0.08269803,-0.00015937194,0.0014909225,-0.004153716,0.0,0.0,0.0,0.00081848196,0.00064427586,0.0,0.0,0.0,0.0,0.0,0.0,0.0,0.0,0.0,0.014126896,0.0,0.0,0.00046822935,0.0,-0.00020665546,-0.0009855598,-8.386171e-05,0.0,0.0,0.0,0.008238043,0.0065670195,0.0,0.0,0.0008310637,0.0016646981,0.0,0.0,0.0,0.0015814819,0.0,-0.022575557,-0.004269253,0.008916266,-0.0004940887,0.0,0.0,-0.0046491805,0.0,0.0,0.0,0.0028637073,0.0,0.0,0.0,0.0038174896,0.0,0.0,0.0,0.0007393464,0.0004547168,-0.0030383652,0.00056657323,0.0,-0.0023795746,0.0,0.0,-0.0007002461,0.0,0.0,0.0,0.0018318833,-0.002874394,0.0,0.0,0.0,0.0,0.0,0.0023816263,0.0,0.0,0.0,0.0,0.0,-0.00023579012,0.0,0.0,-0.018779358,0.009047594,0.00091923645,0.0011400611,0.0137912575,0.00032259544,0.0026882736,0.0,0.0,0.0006318545,0.0,0.0,0.0,0.0,-0.0025175693,0.0,0.0050520245,0.0,0.0,-0.00024400419,0.0,-0.002483762,0.0,0.0,0.0004379814,0.0005704345,0.0,0.0,0.005391822,0.0,-0.0004221528,-2.4905106e-05,0.0,0.0,0.0,0.0030311805,0.0,-0.0032544776,-0.004909843,0.0013028547,0.0,0.003143137,0.0,-0.0007504541
0.47371727,0.2976476,-0.03120546,0.0,0.0,-0.025379745,-0.001990187,0.038018495,-0.0072986083,0.0011946725,-0.022409927,-0.004773712,-0.0011121163,-0.009923988,-0.0026924117,-0.03662572,-0.0069449823,-0.017125538,0.0002807273,-9.016073e-05,0.0,0.005429697,-0.24088085,-0.0011808996,0.0,-0.0678823,0.045799464,-0.0016234018,-0.005001747,0.086809926,0.11726271,0.0011981336,-0.16010396,-0.0012592531,0.0014690069,0.023038087,0.0,0.0,0.0,0.00083018705,0.00073483173,0.0,0.0,0.0,0.0,0.0,0.0,0.0,0.0,0.0,0.012624379,0.0,0.0,0.0007937185,0.0,-0.0028835356,-0.0010050259,-8.386171e-05,0.0,0.0,0.0,0.009130361,0.00445473,0.0,0.0,0.0008849685,0.0016726378,0.0,0.0,0.0,0.00032700427,0.0,-0.015392553,-0.0051845964,0.01010099,-0.0004963399,0.0,0.0,-0.009348133,0.0,0.0,0.0,0.0032484322,0.0,0.0,0.0,0.0035660677,0.0,0.0,0.0,0.0007393464,0.0004547168,-0.0028202422,0.00056657323,0.0,-0.0030143855,0.0,0.0,-0.0007002461,0.0,0.0,0.0,0.0007940588,-0.002658112,0.0,0.0,0.0,0.0,0.0,0.0052438416,0.0,0.0,0.0,0.0,0.0,-0.0006498745,0.0,0.0,-0.030275114,0.009135771,0.0010298891,0.0011501282,0.008016669,0.00032259544,0.0013048779,0.0,0.0,0.00060842495,0.0,0.0,0.0,0.0,-0.0039316323,0.0,0.005671234,0.0,0.0,-0.0006181117,0.0,-0.0052380124,0.0,0.0,0.0004593142,0.0013897421,0.0,0.0,0.01961712,0.0,-0.0004221528,-3.62122e-05,0.0,0.0,0.0,0.015737854,0.0,-0.0044136206,-0.0031190482,0.0013113795,0.0,0.003305223,0.0,-0.0010402983
-0.020927656,-0.091647044,-0.010435298,0.0,0.0,-0.01934495,-0.00544935,-0.023909949,-0.014186281,0.0012790548,-0.014589319,0.041587036,-0.014236314,0.10993359,-0.008845273,-0.011305306,-0.008026324,0.012642718,-0.030088611,-0.00012477177,0.0,-0.0042774444,-0.11221734,-0.0015862522,0.0,0.07781445,0.10123072,0.029711347,0.018189918,-0.104780294,-0.07034405,0.0023842105,-0.21007684,0.00016821566,0.0014909225,0.06517058,0.0,0.0,0.0,0.0008187729,0.0007507115,0.0,0.0,0.0,0.0,0.0,0.0,0.0,0.0,0.0,0.014501697,0.0,0.0,0.00046822935,0.0,-0.00020665546,-0.0010089354,-8.386171e-05,0.0,0.0,0.0,0.008281914,0.00445473,0.0,0.0,0.00083502487,0.0016705695,0.0,0.0,0.0,0.0016156733,0.0,-0.03303988,-0.0028902024,0.0030367055,-0.00049324456,0.0,0.0,-0.0041915905,0.0,0.0,0.0,0.0031744135,0.0,0.0,0.0,0.0038174896,0.0,0.0,0.0,0.0007393464,0.0004547168,-0.0027784323,0.00056657323,0.0,0.6502571,0.0,0.0,-0.0007002461,0.0,0.0,0.0,0.0018318833,-0.0021662796,0.0,0.0,0.0,0.0,0.0,0.0055848584,0.0,0.0,0.0,0.0,0.0,-0.00025024655,0.0,0.0,-0.020572701,0.009245558,0.0010298891,0.0011497394,0.013789105,0.00054869946,0.002705301,0.0,0.0,0.0006225879,0.0,0.0,0.0,0.0,-0.003933822,0.0,0.00514173,0.0,0.0,-0.00024400419,0.0,-0.0022971723,0.0,0.0,0.0004593142,0.00057068316,0.0,0.0,0.0057532443,0.0,-0.0004221528,-2.4905106e-05,0.0,0.0,0.0,0.0029841152,0.0,-0.0030442916,-0.002340955,0.0013110292,0.0,0.003144908,0.0,-0.0010042026
-0.020927656,-0.091647044,-0.010435298,0.0,0.0,-0.01934495,-0.00544935,-0.023909949,-0.014186281,0.0012790548,-0.014589319,0.041587036,-0.014236314,0.10993359,-0.008845273,-0.011305306,-0.008026324,0.012642718,-0.030088611,-0.00012477177,0.0,-0.0042774444,-0.11221734,-0.0015862522,0.0,0.07781445,0.10123072,0.029711347,0.018189918,-0.104780294,-0.07034405,0.0023842105,-0.21007684,0.00016821566,0.0014909225,0.06517058,0.0,0.0,0.0,0.0008187729,0.0007507115,0.0,0.0,0.0,0.0,0.0,0.0,0.0,0.0,0.0,0.014501697,0.0,0.0,0.00046822935,0.0,-0.00020665546,-0.0010089354,-8.386171e-05,0.0,0.0,0.0,0.008281914,0.00445473,0.0,0.0,0.00083502487,0.0016705695,0.0,0.0,0.0,0.0016156733,0.0,-0.03303988,-0.0028902024,0.0030367055,-0.00049324456,0.0,0.0,-0.0041915905,0.0,0.0,0.0,0.0031744135,0.0,0.0,0.0,0.0038174896,0.0,0.0,0.0,0.0007393464,0.0004547168,-0.0027784323,0.00056657323,0.0,0.6502571,0.0,0.0,-0.0007002461,0.0,0.0,0.0,0.0018318833,-0.0021662796,0.0,0.0,0.0,0.0,0.0,0.0055848584,0.0,0.0,0.0,0.0,0.0,-0.00025024655,0.0,0.0,-0.020572701,0.009245558,0.0010298891,0.0011497394,0.013789105,0.00054869946,0.002705301,0.0,0.0,0.0006225879,0.0,0.0,0.0,0.0,-0.003933822,0.0,0.00514173,0.0,0.0,-0.00024400419,0.0,-0.0022971723,0.0,0.0,0.0004593142,0.00057068316,0.0,0.0,0.0057532443,0.0,-0.0004221528,-2.4905106e-05,0.0,0.0,0.0,0.0029841152,0.0,-0.0030442916,-0.002340955,0.0013110292,0.0,0.003144908,0.0,-0.0010042026
-0.3994413,0.6755148,-0.009380984,0.0,0.0,-0.010594354,-0.0038013218,-0.017908119,-0.04435639,0.00093416625,-0.048086952,-0.010386075,-0.0024930155,-0.023495775,-0.019985855,-0.016987747,-0.0052338536,0.0007652152,0.000457234,-8.6259795e-05,0.0,0.5766372,0.07458125,0.05226509,0.0,-0.08884703,-0.2629313,0.04732976,-0.2112071,0.03474194,-0.06913463,-0.0018035885,0.6823766,-0.054391056,-0.01603855,0.031284556,0.0,0.0,0.0,0.0008307348,0.0007523562,0.0,0.0,0.0,0.0,0.0,0.0,0.0,0.0,0.0,0.015114784,0.0,0.0,0.00057652564,0.0,-0.000584473,-0.0010072148,-0.00034986454,0.0,0.0,0.0,0.0045782216,0.00445473,0.0,0.0,0.0043206248,0.0016798476,0.0,0.0,0.0,0.00027127887,0.0,-0.024369612,0.39320546,0.006027005,-0.00011010592,0.0,0.0,-0.009075256,0.0,0.0,0.0,0.00046381014,0.0,0.0,0.0,0.0017480715,0.0,0.0,0.0,0.0005896011,0.000529852,-0.002641916,0.0016583686,0.0,-0.0029647604,0.0,0.0,-0.0007002461,0.0,0.0,0.0,0.0015584708,-0.0023478498,0.0,0.0,0.0,0.0,0.0,0.0052003744,0.0,0.0,0.0,0.0,0.0,-0.0006498745,0.0,0.0,-0.031346478,0.009645911,0.00037078466,0.0011502143,0.005504433,0.00054869946,0.0012876334,0.0,0.0,0.0006083724,0.0,0.0,0.0,0.0,-0.0037967255,0.0,0.006001181,0.0,0.0,-0.0006181117,0.0,-0.006651384,0.0,0.0,0.0004596248,0.0013897421,0.0,0.0,0.0049699373,0.0,-0.001038024,-2.7182645e-05,0.0,0.0,0.0,0.005405026,0.0,-0.0037901262,-0.00089477183,0.0013726571,0.0,0.0033784618,0.0,-0.0010197356
-0.3994413,0.6755148,-0.009380984,0.0,0.0,-0.010594354,-0.0038013218,-0.017908119,-0.04435639,0.00093416625,-0.048086952,-0.010386075,-0.0024930155,-0.023495775,-0.019985855,-0.016987747,-0.0052338536,0.0007652152,0.000457234,-8.6259795e-05,0.0,0.5766372,0.07458125,0.05226509,0.0,-0.08884703,-0.2629313,0.04732976,-0.2112071,0.03474194,-0.06913463,-0.0018035885,0.6823766,-0.054391056,-0.01603855,0.031284556,0.0,0.0,0.0,0.0008307348,0.0007523562,0.0,0.0,0.0,0.0,0.0,0.0,0.0,0.0,0.0,0.015114784,0.0,0.0,0.00057652564,0.0,-0.000584473,-0.0010072148,-0.00034986454,0.0,0.0,0.0,0.0045782216,0.00445473,0.0,0.0,0.0043206248,0.0016798476,0.0,0.0,0.0,0.00027127887,0.0,-0.024369612,0.39320546,0.006027005,-0.00011010592,0.0,0.0,-0.009075256,0.0,0.0,0.0,0.00046381014,0.0,0.0,0.0,0.0017480715,0.0,0.0,0.0,0.0005896011,0.000529852,-0.002641916,0.0016583686,0.0,-0.0029647604,0.0,0.0,-0.0007002461,0.0,0.0,0.0,0.0015584708,-0.0023478498,0.0,0.0,0.0,0.0,0.0,0.0052003744,0.0,0.0,0.0,0.0,0.0,-0.0006498745,0.0,0.0,-0.031346478,0.009645911,0.00037078466,0.0011502143,0.005504433,0.00054869946,0.0012876334,0.0,0.0,0.0006083724,0.0,0.0,0.0,0.0,-0.0037967255,0.0,0.006001181,0.0,0.0,-0.0006181117,0.0,-0.006651384,0.0,0.0,0.0004596248,0.0013897421,0.0,0.0,0.0049699373,0.0,-0.001038024,-2.7182645e-05,0.0,0.0,0.0,0.005405026,0.0,-0.0037901262,-0.00089477183,0.0013726571,0.0,0.0033784618,0.0,-0.0010197356
-0.4018835,0.68461573,-0.00927843,0.0,0.0,-0.010261104,-0.0046417727,-0.017908119,-0.04435639,0.00093416625,-0.047794785,-0.010346248,-0.0024930155,-0.023491897,-0.01992499,-0.01997143,-0.0052338536,0.0007652152,0.000457234,-8.6259795e-05,0.0,0.57554704,0.09393617,0.056365825,0.0,-0.08880617,-0.24798714,0.04838531,-0.2112071,0.034596395,-0.06913463,-0.0018035885,0.6802595,-0.054391056,-0.01603855,0.031284556,0.0,0.0,0.0,0.00083047024,0.00075225945,0.0,0.0,0.0,0.0,0.0,0.0,0.0,0.0,0.0,0.01511332,0.0,0.0,0.00057652564,0.0,-0.000584473,-0.0010072148,-0.00034986454,0.0,0.0,0.0,0.0045774607,0.00445473,0.0,0.0,0.0043206248,0.0016797602,0.0,0.0,0.0,0.00027127887,0.0,-0.024973318,0.39320546,0.011104099,-0.00010944548,0.0,0.0,-0.0090750605,0.0,0.0,0.0,0.00046381014,0.0,0.0,0.0,0.0017480715,0.0,0.0,0.0,0.0005896011,0.000529852,-0.002641916,0.0016564855,0.0,-0.0029647604,0.0,0.0,-0.0007002461,0.0,0.0,0.0,0.0015584708,-0.0023478498,0.0,0.0,0.0,0.0,0.0,0.005199357,0.0,0.0,0.0,0.0,0.0,-0.0006498745,0.0,0.0,-0.031346478,0.009645911,0.00037078466,0.0011502143,0.0044907145,0.00032259544,0.0012875164,0.0,0.0,0.0006083724,0.0,0.0,0.0,0.0,-0.0037967255,0.0,0.0060111587,0.0,0.0,-0.0006181117,0.0,-0.006651384,0.0,0.0,0.0004596248,0.0013897421,0.0,0.0,0.0049699373,0.0,-0.001038024,-2.7182645e-05,0.0,0.0,0.0,0.005405026,0.0,-0.004040329,-0.00089477183,0.0013726571,0.0,0.003379567,0.0,-0.0010196832
-0.39942494,0.55845577,-0.00927843,0.0,0.0,-0.010734833,-0.0046417727,-0.017908119,-0.04435639,0.00093416625,-0.047938015,-0.010346248,-0.0024930155,-0.023495775,-0.01992499,-0.01997143,-0.0052338536,0.0007652152,0.000457234,-8.6259795e-05,0.0,0.57554704,0.094096765,0.03932774,0.0,-0.08880617,-0.24798714,0.04884155,-0.2112071,0.03474194,-0.06913463,-0.0018035885,0.5544498,-0.054391056,-0.01603855,0.031284556,0.0,0.0,0.0,0.0008307348,0.0007523562,0.0,0.0,0.0,0.0,0.0,0.0,0.0,0.0,0.0,0.015114784,0.0,0.0,0.00057652564,0.0,-0.000584473,-0.0010072148,-0.00034986454,0.0,0.0,0.0,0.0045782216,0.00445473,0.0,0.0,0.0043206248,0.0016798476,0.0,0.0,0.0,0.00027127887,0.0,-0.024973318,0.39320546,0.006027005,-0.00010944548,0.0,0.0,-0.009075095,0.0,0.0,0.0,0.00046381014,0.0,0.0,0.0,0.0017480715,0.0,0.0,0.0,0.0005896011,0.000529852,-0.002641916,0.0014982038,0.0,-0.0029647604,0.0,0.0,-0.0007002461,0.0,0.0,0.0,0.0015584708,-0.0023478498,0.0,0.0,0.0,0.0,0.0,0.0052007046,0.0,0.0,0.0,0.0,0.0,-0.0006498745,0.0,0.0,-0.031346478,0.009645911,0.00037078466,0.0011502143,0.0044936575,0.00054869946,0.0012876334,0.0,0.0,0.0006083724,0.0,0.0,0.0,0.0,-0.0037967255,0.0,0.0060111587,0.0,0.0,-0.0006181117,0.0,-0.006651384,0.0,0.0,0.0004596248,0.0013897421,0.0,0.0,0.0049699373,0.0,-0.001038024,-2.7182645e-05,0.0,0.0,0.0,0.005405026,0.0,-0.004040329,-0.00089477183,0.0013726571,0.0,0.003379567,0.0,-0.0010196832
-0.29678136,0.41644144,-0.13908914,0.0,0.0,-0.028074509,-0.0036760014,0.042322952,-0.04665926,0.0012358055,-0.03981874,-0.0031491918,-0.0051885247,-0.009962174,-0.0060633756,-0.023435216,-0.0075564845,0.0019565704,0.000457234,-8.807967e-05,0.0,0.008453165,-0.46632403,-0.0012251202,0.0,-0.104902,0.18745461,0.23343915,-0.0011906044,-0.24068911,-0.10450671,-0.0017325941,0.19893721,-0.00056571164,0.0034578722,0.017780026,0.0,0.0,0.0,0.0007670736,0.0007261077,0.0,0.0,0.0,0.0,0.0,0.0,0.0,0.0,0.0,0.017083634,0.0,0.0,0.0006373632,0.0,-0.00032007843,-0.0010062286,-8.386171e-05,0.0,0.0,0.0,0.006929908,0.00445473,0.0,0.0,0.00077892985,0.0016178509,0.0,0.0,0.0,5.7842575e-05,0.0,-0.03194369,-0.003790888,-0.6947125,-0.0004963399,0.0,0.0,-0.010052983,0.0,0.0,0.0,0.0032318216,0.0,0.0,0.0,0.0035807393,0.0,0.0,0.0,0.0007393464,0.0004547168,-0.0028791016,0.00051831314,0.0,-0.0030172018,0.0,0.0,-0.0007002461,0.0,0.0,0.0,0.0007940588,-0.0024230396,0.0,0.0,0.0,0.0,0.0,0.0050748736,0.0,0.0,0.0,0.0,0.0,-0.00025024655,0.0,0.0,-0.032475222,0.0086977435,0.0010298891,0.0011388183,0.007603868,0.00054869946,0.0012530782,0.0,0.0,0.00060847105,0.0,0.0,0.0,0.0,-0.004431825,0.0,0.006158078,0.0,0.0,-0.00046715618,0.0,-0.0056460584,0.0,0.0,0.00046011055,0.0008594876,0.0,0.0,0.0058273673,0.0,-0.00046867938,-3.62122e-05,0.0,0.0,0.0,0.004024136,0.0,-0.0046606557,-0.0037834449,0.0013167125,0.0,0.0029518947,0.0,-0.0010483853
-0.3533517,-0.07891925,-0.1542382,0.0,0.0,-0.02849045,-0.0036760014,0.042322952,-0.04733899,0.0011370541,-0.040598523,-0.0056630187,-0.0039993348,-0.005366039,-0.0064526396,-0.01816451,-0.0072446745,0.00013970108,0.000457234,-8.807967e-05,0.0,0.0052943933,-0.31818762,-0.0013666723,0.0,-0.11238968,0.1513499,0.289468,-0.0134071475,-0.24068911,-0.10450671,-0.0017726156,0.36620978,-0.00056571164,0.0034578722,-0.009576103,0.0,0.0,0.0,0.0007782257,0.0007261077,0.0,0.0,0.0,0.0,0.0,0.0,0.0,0.0,0.0,0.017067414,0.0,0.0,0.0006373632,0.0,-0.00032007843,-0.0010062286,-8.386171e-05,0.0,0.0,0.0,0.00692125,0.0039298674,0.0,0.0,0.00077892985,0.0016319465,0.0,0.0,0.0,5.7842575e-05,0.0,-0.03308436,-0.0033828793,-0.44256204,-0.00019940411,0.0,0.0,-0.009479252,0.0,0.0,0.0,0.003251591,0.0,0.0,0.0,0.0035807393,0.0,0.0,0.0,0.0007393464,0.0004547168,-0.0028791016,0.00051831314,0.0,-0.0030176574,0.0,0.0,-0.0007002461,0.0,0.0,0.0,0.0007940588,-0.0029253857,0.0,0.0,0.0,0.0,0.0,0.0051541226,0.0,0.0,0.0,0.0,0.0,-0.00025024655,0.0,0.0,-0.028225409,0.008618025,0.0010298891,0.0011388183,0.00781942,0.00054869946,0.0026772053,0.0,0.0,0.00060847105,0.0,0.0,0.0,0.0,-0.0044002375,0.0,0.0032866134,0.0,0.0,-0.00046715618,0.0,-0.0056460584,0.0,0.0,0.00045927067,0.0008594876,0.0,0.0,0.005310469,0.0,-0.00046867938,-3.62122e-05,0.0,0.0,0.0,0.004024136,0.0,-0.004659711,-0.0034486358,0.0013166484,0.0,0.0030385435,0.0,-0.0010483853
-0.32284123,-0.08796876,-0.0061384514,0.0,0.0,0.19214141,-0.0036760014,-0.020699846,0.30026704,0.0011370541,-0.042915244,0.00705622,-0.0036800455,-0.013676758,-0.0053064465,-0.017518297,-0.0072446745,0.0036239068,-8.2903214e-05,0.0016244217,0.0,0.005747667,-0.16821988,-0.0013666723,0.0,-0.10236128,0.15385014,0.24847709,-0.013424984,-0.24068911,-0.09903118,-0.0017726156,0.1116939,-0.00056571164,0.0033863347,0.01802799,0.0,0.0,0.0,0.000764947,0.0007261077,0.0,0.0,0.0,0.0,0.0,0.0,0.0,0.0,0.0,0.017104538,0.0,0.0,0.0007937185,0.0,-0.00032007843,-0.0010063305,-8.386171e-05,0.0,0.0,0.0,0.006920405,0.0039298674,0.0,0.0,0.0011183175,0.0016375321,0.0,0.0,0.0,5.7842575e-05,0.0,-0.032325115,-0.0031105655,-0.6488862,-0.00019940411,0.0,0.0,-0.009224959,0.0,0.0,0.0,0.0031710286,0.0,0.0,0.0,0.0035807393,0.0,0.0,0.0,0.0007393464,0.0004547168,-0.002886171,0.00051831314,0.0,-0.0030189396,0.0,0.0,-0.0007002461,0.0,0.0,0.0,0.00076705805,-0.0028739762,0.0,0.0,0.0,0.0,0.0,0.004890668,0.0,0.0,0.0,0.0,0.0,-0.00025024655,0.0,0.0,-0.028225409,0.009592442,0.0010298891,0.0011388724,0.008419824,0.00054869946,0.0026829625,0.0,0.0,0.00060842495,0.0,0.0,0.0,0.0,-0.0038530154,0.0,0.0032866134,0.0,0.0,-0.00046715618,0.0,-0.0056460584,0.0,0.0,0.00045927067,0.0008594876,0.0,0.0,0.005564621,0.0,-0.00039360346,-3.62122e-05,0.0,0.0,0.0,0.004104843,0.0,-0.0046919635,-0.0022746609,0.001316692,0.0,0.0017863851,0.0,-0.0010400775
-0.3889713,-0.13167746,-0.006851441,0.0,0.0,-0.023589205,-0.00630972,-0.023907298,-0.0025644538,-0.019220524,0.006228218,0.00655283,-0.0065392903,0.0025205938,-0.009539614,-0.28127137,-0.001042844,-0.001713933,-0.00012577201,-8.6259795e-05,0.0,-0.062209725,0.054769687,0.012605805,0.0,0.053962067,0.10995087,-0.07662993,0.012601184,0.03765305,-0.025097737,0.0005609713,-0.10587183,-0.0012592531,0.0011856328,-0.015926126,0.0,0.0,0.0,0.0008187632,0.0007426149,0.0,0.0,0.0,0.0,0.0,0.0,0.0,0.0,0.0,0.013907965,0.0,0.0,0.0007937185,0.0,-0.000306557,-0.0010050259,-8.386171e-05,0.0,0.0,0.0,0.008266367,0.00445473,0.0,0.0,0.0008494496,0.0016741019,0.0,0.0,0.0,0.0016519018,0.0,-0.026092043,-0.0061521363,0.0029900544,3.1654414e-05,0.0,0.0,-0.0049749706,0.0,0.0,0.0,0.0032539803,0.0,0.0,0.0,0.0038577223,0.0,0.0,0.0,0.0007393464,0.0004547168,-0.0028256013,0.00056657323,0.0,-0.0030747748,0.0,0.0,-0.0007002461,0.0,0.0,0.0,0.0018318833,-0.0029253857,0.0,0.0,0.0,0.0,0.0,0.0052028787,0.0,0.0,0.0,0.0,0.0,-0.00025024655,0.0,0.0,-0.029759923,0.009044133,0.0010298891,0.001145027,0.008858881,0.00032259544,0.0026907504,0.0,0.0,0.00060665974,0.0,0.0,0.0,0.0,-0.0038921086,0.0,0.006624068,0.0,0.0,-0.00046715618,0.0,-0.0031708956,0.0,0.0,0.0004593142,0.0013897421,0.0,0.0,0.0065736966,0.0,-0.0004221528,-3.62122e-05,0.0,0.0,0.0,0.004572018,0.0,-0.004431238,0.26363617,0.0013179034,0.0,0.0031717292,0.0,-0.0010424887
-0.4623405,-0.41248482,0.01587044,0.0,0.0,-0.034543473,-0.0052465783,-0.020151261,-0.010624803,0.0008934083,-0.06665298,-0.022759836,-0.006106003,-0.04640174,-0.006228649,-0.04125326,-0.006750853,0.0021035997,0.00041436517,-2.820222e-05,0.0,0.008687224,-0.6328545,0.01465361,0.0,0.08597415,-0.10010365,0.044771712,0.009836495,0.033993963,-0.05960775,-0.0065496718,-0.10283351,0.008002556,0.0012375005,-0.0032445667,0.0,0.0,0.0,0.0008241873,0.0007335925,0.0,0.0,0.0,0.0,0.0,0.0,0.0,0.0,0.0,0.015407123,0.0,0.0,0.0007937185,0.0,-0.000306557,-0.0012724894,-8.386171e-05,0.0,0.0,0.0,0.008170112,0.005778212,0.0,0.0,0.0009009025,0.001671532,0.0,0.0,0.0,0.0016113077,0.0,-0.020655325,-0.005584727,0.0032136505,3.0511226e-05,0.0,0.0,-0.0053019784,0.0,0.0,0.0,0.0029611252,0.0,0.0,0.0,0.0025362263,0.0,0.0,0.0,0.0007393464,0.0004547168,-0.0028795928,0.00056657323,0.0,-0.003024165,0.0,0.0,-0.0007002461,0.0,0.0,0.0,0.0018318833,-0.002724888,0.0,0.0,0.0,0.0,0.0,0.0022398296,0.0,0.0,0.0,0.0,0.0,-0.00059136044,0.0,0.0,-0.018554654,0.008724219,0.0004140216,0.0011451802,0.007745807,0.00043008704,0.0026868442,0.0,0.0,0.00061406894,0.0,0.0,0.0,0.0,-0.003953885,0.0,0.006614179,0.0,0.0,-0.0006181117,0.0,-0.0052380124,0.0,0.0,0.00045863978,0.0013897421,0.0,0.0,0.007414811,0.0,-0.0004221528,-3.62122e-05,0.0,0.0,0.0,0.0045648376,0.0,-0.0044397805,-0.0061236,0.0012917868,0.0,0.0019111302,0.0,-0.0010407894
0.52332896,-0.22791088,-0.030464336,0.0,0.0,-0.060056932,-0.0024586432,-0.04888691,-0.007661652,0.0011946725,-0.13235591,-0.020752314,-0.008669812,-0.008908738,-0.0025449134,-0.011473037,-0.0056173434,0.06774891,0.0020403112,-1.0744236e-05,0.0,0.003344226,-0.8430893,-0.0013802006,0.0,-0.16336387,-0.044486057,-0.006478247,0.030896395,0.17328253,0.056762703,0.003773542,-0.33012447,-0.0027316941,0.0012375005,-0.00028004768,0.0,0.0,0.0,0.0008187632,0.00073247246,0.0,0.0,0.0,0.0,0.0,0.0,0.0,0.0,0.0,0.012570282,0.0,0.0,0.00046822935,0.0,-0.0008068235,-0.0012746783,-9.65379e-05,0.0,0.0,0.0,0.00822996,0.006426105,0.0,0.0,0.001188056,0.0016667832,0.0,0.0,0.0,0.0016281718,0.0,-0.0117061,-0.0032983357,0.0030015884,-0.00049344613,0.0,0.0,-0.003817845,0.0,0.0,0.0,0.0029702904,0.0,0.0,0.0,0.0018182996,0.0,0.0,0.0,0.00033604202,0.0004547168,-0.0028323205,0.00056657323,0.0,-0.0038914839,0.0,0.0,-0.0007002461,0.0,0.0,0.0,0.0018318833,-0.0026000568,0.0,0.0,0.0,0.0,0.0,0.002351316,0.0,0.0,0.0,0.0,0.0,-0.0006498745,0.0,0.0,-0.009071058,0.008348455,0.0004140216,0.0011400598,0.013022954,0.00054869946,0.0026959484,0.0,0.0,0.0006180181,0.0,0.0,0.0,0.0,-0.00392869,0.0,0.0050747828,0.0,0.0,-0.00039360515,0.0,-0.002411574,0.0,0.0,0.00045863978,0.0006262464,0.0,0.0,0.0153839225,0.0,-0.0004221528,-2.4905106e-05,0.0,0.0,0.0,0.008006824,0.0,-0.0028995287,-0.002390109,0.0013128676,0.0,0.0032592707,0.0,-0.0010396399
-0.3228312,-0.20438345,-0.0073417774,0.0,0.0,-0.02223414,-0.0055375486,-0.02434726,-0.012805695,0.0008731667,-0.0127752945,0.03932069,-0.015101482,0.035343226,-0.059094355,0.17791626,0.044782735,0.0046066623,-0.00012577201,-5.672287e-05,0.0,0.06341141,0.04059791,0.061557632,0.0,0.061143816,0.27851248,-0.15943943,-0.025582971,0.035856944,-0.022205895,0.0007412564,-0.19461757,-0.0012592531,-0.0063113444,-0.014701459,0.0,0.0,0.0,0.0008184723,0.0007554765,0.0,0.0,0.0,0.0,0.0,0.0,0.0,0.0,0.0,0.014945704,0.0,0.0,0.0004893169,0.0,-0.000306557,-0.00078427675,-8.386171e-05,0.0,0.0,0.0,0.008268081,0.0065670195,0.0,0.0,0.00071566424,0.0016667722,0.0,0.0,0.0,0.0016215387,0.0,-0.021059513,-0.004361389,0.009329584,3.0810294e-05,0.0,0.0,-0.005120657,0.0,0.0,0.0,0.007228003,0.0,0.0,0.0,0.0038386441,0.0,0.0,0.0,0.0007393464,0.0004547168,-0.002886407,0.00056657323,0.0,-0.002558093,0.0,0.0,-0.0007002461,0.0,0.0,0.0,0.0014857831,-0.012545617,0.0,0.0,0.0,0.0,0.0,0.0031775907,0.0,0.0,0.0,0.0,0.0,-0.00023579012,0.0,0.0,-0.012768941,0.007993886,0.00091923645,0.0011483692,0.008024339,0.00032259544,0.003456239,0.0,0.0,0.00063118304,0.0,0.0,0.0,0.0,-0.0038661682,0.0,0.006744972,0.0,0.0,-0.00024400419,0.0,-0.002065682,0.0,0.0,0.00046355,0.0013897421,0.0,0.0,0.0064511895,0.0,-0.0004221528,-3.62122e-05,0.0,0.0,0.0,0.004673766,0.0,-0.004363095,-0.003060937,0.0013108497,0.0,0.0031707925,0.0,-0.00075060065
-0.3228312,-0.20438345,-0.0073417774,0.0,0.0,-0.02223414,-0.0055375486,-0.02434726,-0.012805695,0.0008731667,-0.0127752945,0.03932069,-0.015101482,0.035343226,-0.059094355,0.17791626,0.044782735,0.0046066623,-0.00012577201,-5.672287e-05,0.0,0.06341141,0.04059791,0.061557632,0.0,0.061143816,0.27851248,-0.15943943,-0.025582971,0.035856944,-0.022205895,0.0007412564,-0.19461757,-0.0012592531,-0.0063113444,-0.014701459,0.0,0.0,0.0,0.0008184723,0.0007554765,0.0,0.0,0.0,0.0,0.0,0.0,0.0,0.0,0.0,0.014945704,0.0,0.0,0.0004893169,0.0,-0.000306557,-0.00078427675,-8.386171e-05,0.0,0.0,0.0,0.008268081,0.0065670195,0.0,0.0,0.00071566424,0.0016667722,0.0,0.0,0.0,0.0016215387,0.0,-0.021059513,-0.004361389,0.009329584,3.0810294e-05,0.0,0.0,-0.005120657,0.0,0.0,0.0,0.007228003,0.0,0.0,0.0,0.0038386441,0.0,0.0,0.0,0.0007393464,0.0004547168,-0.002886407,0.00056657323,0.0,-0.002558093,0.0,0.0,-0.0007002461,0.0,0.0,0.0,0.0014857831,-0.012545617,0.0,0.0,0.0,0.0,0.0,0.0031775907,0.0,0.0,0.0,0.0,0.0,-0.00023579012,0.0,0.0,-0.012768941,0.007993886,0.00091923645,0.0011483692,0.008024339,0.00032259544,0.003456239,0.0,0.0,0.00063118304,0.0,0.0,0.0,0.0,-0.0038661682,0.0,0.006744972,0.0,0.0,-0.00024400419,0.0,-0.002065682,0.0,0.0,0.00046355,0.0013897421,0.0,0.0,0.0064511895,0.0,-0.0004221528,-3.62122e-05,0.0,0.0,0.0,0.004673766,0.0,-0.004363095,-0.003060937,0.0013108497,0.0,0.0031707925,0.0,-0.00075060065
-0.3228312,-0.20438345,-0.0073417774,0.0,0.0,-0.02223414,-0.0055375486,-0.02434726,-0.012805695,0.0008731667,-0.0127752945,0.03932069,-0.015101482,0.035343226,-0.059094355,0.17791626,0.044782735,0.0046066623,-0.00012577201,-5.672287e-05,0.0,0.06341141,0.04059791,0.061557632,0.0,0.061143816,0.27851248,-0.15943943,-0.025582971,0.035856944,-0.022205895,0.0007412564,-0.19461757,-0.0012592531,-0.0063113444,-0.014701459,0.0,0.0,0.0,0.0008184723,0.0007554765,0.0,0.0,0.0,0.0,0.0,0.0,0.0,0.0,0.0,0.014945704,0.0,0.0,0.0004893169,0.0,-0.000306557,-0.00078427675,-8.386171e-05,0.0,0.0,0.0,0.008268081,0.0065670195,0.0,0.0,0.00071566424,0.0016667722,0.0,0.0,0.0,0.0016215387,0.0,-0.021059513,-0.004361389,0.009329584,3.0810294e-05,0.0,0.0,-0.005120657,0.0,0.0,0.0,0.007228003,0.0,0.0,0.0,0.0038386441,0.0,0.0,0.0,0.0007393464,0.0004547168,-0.002886407,0.00056657323,0.0,-0.002558093,0.0,0.0,-0.0007002461,0.0,0.0,0.0,0.0014857831,-0.012545617,0.0,0.0,0.0,0.0,0.0,0.0031775907,0.0,0.0,0.0,0.0,0.0,-0.00023579012,0.0,0.0,-0.012768941,0.007993886,0.00091923645,0.0011483692,0.008024339,0.00032259544,0.003456239,0.0,0.0,0.00063118304,0.0,0.0,0.0,0.0,-0.0038661682,0.0,0.006744972,0.0,0.0,-0.00024400419,0.0,-0.002065682,0.0,0.0,0.00046355,0.0013897421,0.0,0.0,0.0064511895,0.0,-0.0004221528,-3.62122e-05,0.0,0.0,0.0,0.004673766,0.0,-0.004363095,-0.003060937,0.0013108497,0.0,0.0031707925,0.0,-0.00075060065
-0.32280925,-0.22238734,-0.011829092,0.0,0.0,-0.018868802,-0.0055375486,-0.02434726,-0.012805695,0.0008731667,-0.0127752945,0.037864212,-0.015101482,-0.0011144473,-0.059094355,0.07204495,-0.043828033,0.0024341627,-0.00012577201,-5.672287e-05,0.0,-0.15792562,0.04030137,0.06140362,0.0,0.061143816,0.27851248,-0.16854647,-0.025582971,0.03632853,-0.022205895,0.0005508991,-0.19461757,-0.0012592531,-0.0063113444,-0.014701459,0.0,0.0,0.0,0.0008184723,0.0007554919,0.0,0.0,0.0,0.0,0.0,0.0,0.0,0.0,0.0,0.0147844255,0.0,0.0,0.0004893169,0.0,-0.000306557,-0.00078208797,-8.386171e-05,0.0,0.0,0.0,0.008268081,0.0065670195,0.0,0.0,0.00071566424,0.0016667799,0.0,0.0,0.0,0.0016215387,0.0,-0.021063995,-0.004361389,0.009329584,3.0810294e-05,0.0,0.0,-0.005120657,0.0,0.0,0.0,0.007228003,0.0,0.0,0.0,0.0038386441,0.0,0.0,0.0,0.0007393464,0.0004547168,-0.002886407,0.00056657323,0.0,-0.002558093,0.0,0.0,-0.0007002461,0.0,0.0,0.0,0.0014857831,-0.012545617,0.0,0.0,0.0,0.0,0.0,0.003033974,0.0,0.0,0.0,0.0,0.0,-0.00023579012,0.0,0.0,-0.0098350225,0.007993886,0.00091923645,0.0011483692,0.007655324,0.00032259544,0.003456239,0.0,0.0,0.00063118304,0.0,0.0,0.0,0.0,-0.0038669354,0.0,0.0061952565,0.0,0.0,-0.00024400419,0.0,-0.002065682,0.0,0.0,0.00046355,0.0013897421,0.0,0.0,0.0064511895,0.0,-0.0004221528,-3.62122e-05,0.0,0.0,0.0,0.004673766,0.0,-0.004363095,-0.0027224778,0.0013108497,0.0,0.003169878,0.0,-0.0010427841
-0.107860506,-0.09988272,-0.012474015,0.0,0.0,0.15166251,0.14214258,-0.018623581,0.19530031,0.0013773451,-0.057108413,0.0011691509,-0.014045665,0.04630414,0.008372504,-0.01736351,-0.0006418972,0.0068011535,0.0038584627,0.0007085431,0.0,0.005200898,0.11212436,-0.0013390101,0.0,0.05958913,0.114501655,-0.00941205,0.03333312,-0.096040525,-0.07036588,-0.019255657,-0.24359758,-0.0012592531,0.0013974695,-0.002261768,0.0,0.0,0.0,0.0008187729,0.0007528925,0.0,0.0,0.0,0.0,0.0,0.0,0.0,0.0,0.0,0.015785385,0.0,0.0,0.0007937185,0.0,-0.00020665546,-0.0010094814,-0.0012765876,0.0,0.0,0.0,0.008237809,0.00445473,0.0,0.0,0.0011704514,0.0016820139,0.0,0.0,0.0,0.0016095691,0.0,-0.020053761,-0.0035877647,0.0030893793,-0.0004974831,0.0,0.0,-0.0048433812,0.0,0.0,0.0,0.0031710286,0.0,0.0,0.0,0.0038174896,0.0,0.0,0.0,0.0007393464,0.00022437566,-0.0029422855,0.00056657323,0.0,-0.0030185685,0.0,0.0,-0.0007002461,0.0,0.0,0.0,0.0018048827,-0.0028739762,0.0,0.0,0.0,0.0,0.0,0.0061840494,0.0,0.0,0.0,0.0,0.0,-0.00025024655,0.0,0.0,-0.021897983,0.013384237,0.0010298891,0.0011867317,0.008747006,0.00054869946,0.002731778,0.0,0.0,0.0006418938,0.0,0.0,0.0,0.0,-0.0037513312,0.0,0.0066132667,0.0,0.0,-0.00024400419,0.0,-0.0028699043,0.0,0.0,0.0004593142,0.0013897421,0.0,0.0,0.004845423,0.0,-0.0004221528,-3.62122e-05,0.0,0.0,0.0,0.003539987,0.0,-0.004341652,-0.0054273545,0.0013111772,0.0,0.002019385,0.0,-0.0010428901
-0.107860506,-0.09988272,-0.012474015,0.0,0.0,0.15166251,0.14214258,-0.018623581,0.19530031,0.0013773451,-0.057108413,0.0011691509,-0.014045665,0.04630414,0.008372504,-0.01736351,-0.0006418972,0.0068011535,0.0038584627,0.0007085431,0.0,0.005200898,0.11212436,-0.0013390101,0.0,0.05958913,0.114501655,-0.00941205,0.03333312,-0.096040525,-0.07036588,-0.019255657,-0.24359758,-0.0012592531,0.0013974695,-0.002261768,0.0,0.0,0.0,0.0008187729,0.0007528925,0.0,0.0,0.0,0.0,0.0,0.0,0.0,0.0,0.0,0.015785385,0.0,0.0,0.0007937185,0.0,-0.00020665546,-0.0010094814,-0.0012765876,0.0,0.0,0.0,0.008237809,0.00445473,0.0,0.0,0.0011704514,0.0016820139,0.0,0.0,0.0,0.0016095691,0.0,-0.020053761,-0.0035877647,0.0030893793,-0.0004974831,0.0,0.0,-0.0048433812,0.0,0.0,0.0,0.0031710286,0.0,0.0,0.0,0.0038174896,0.0,0.0,0.0,0.0007393464,0.00022437566,-0.0029422855,0.00056657323,0.0,-0.0030185685,0.0,0.0,-0.0007002461,0.0,0.0,0.0,0.0018048827,-0.0028739762,0.0,0.0,0.0,0.0,0.0,0.0061840494,0.0,0.0,0.0,0.0,0.0,-0.00025024655,0.0,0.0,-0.021897983,0.013384237,0.0010298891,0.0011867317,0.008747006,0.00054869946,0.002731778,0.0,0.0,0.0006418938,0.0,0.0,0.0,0.0,-0.0037513312,0.0,0.0066132667,0.0,0.0,-0.00024400419,0.0,-0.0028699043,0.0,0.0,0.0004593142,0.0013897421,0.0,0.0,0.004845423,0.0,-0.0004221528,-3.62122e-05,0.0,0.0,0.0,0.003539987,0.0,-0.004341652,-0.0054273545,0.0013111772,0.0,0.002019385,0.0,-0.0010428901
-0.107860506,-0.09988272,-0.012474015,0.0,0.0,0.15166251,0.14214258,-0.018623581,0.19530031,0.0013773451,-0.057108413,0.0011691509,-0.014045665,0.04630414,0.008372504,-0.01736351,-0.0006418972,0.0068011535,0.0038584627,0.0007085431,0.0,0.005200898,0.11212436,-0.0013390101,0.0,0.05958913,0.114501655,-0.00941205,0.03333312,-0.096040525,-0.07036588,-0.019255657,-0.24359758,-0.0012592531,0.0013974695,-0.002261768,0.0,0.0,0.0,0.0008187729,0.0007528925,0.0,0.0,0.0,0.0,0.0,0.0,0.0,0.0,0.0,0.015785385,0.0,0.0,0.0007937185,0.0,-0.00020665546,-0.0010094814,-0.0012765876,0.0,0.0,0.0,0.008237809,0.00445473,0.0,0.0,0.0011704514,0.0016820139,0.0,0.0,0.0,0.0016095691,0.0,-0.020053761,-0.0035877647,0.0030893793,-0.0004974831,0.0,0.0,-0.0048433812,0.0,0.0,0.0,0.0031710286,0.0,0.0,0.0,0.0038174896,0.0,0.0,0.0,0.0007393464,0.00022437566,-0.0029422855,0.00056657323,0.0,-0.0030185685,0.0,0.0,-0.0007002461,0.0,0.0,0.0,0.0018048827,-0.0028739762,0.0,0.0,0.0,0.0,0.0,0.0061840494,0.0,0.0,0.0,0.0,0.0,-0.00025024655,0.0,0.0,-0.021897983,0.013384237,0.0010298891,0.0011867317,0.008747006,0.00054869946,0.002731778,0.0,0.0,0.0006418938,0.0,0.0,0.0,0.0,-0.0037513312,0.0,0.0066132667,0.0,0.0,-0.00024400419,0.0,-0.0028699043,0.0,0.0,0.0004593142,0.0013897421,0.0,0.0,0.004845423,0.0,-0.0004221528,-3.62122e-05,0.0,0.0,0.0,0.003539987,0.0,-0.004341652,-0.0054273545,0.0013111772,0.0,0.002019385,0.0,-0.0010428901
-0.107860506,-0.09988272,-0.012474015,0.0,0.0,0.15166251,0.14214258,-0.018623581,0.19530031,0.0013773451,-0.057108413,0.0011691509,-0.014045665,0.04630414,0.008372504,-0.01736351,-0.0006418972,0.0068011535,0.0038584627,0.0007085431,0.0,0.005200898,0.11212436,-0.0013390101,0.0,0.05958913,0.114501655,-0.00941205,0.03333312,-0.096040525,-0.07036588,-0.019255657,-0.24359758,-0.0012592531,0.0013974695,-0.002261768,0.0,0.0,0.0,0.0008187729,0.0007528925,0.0,0.0,0.0,0.0,0.0,0.0,0.0,0.0,0.0,0.015785385,0.0,0.0,0.0007937185,0.0,-0.00020665546,-0.0010094814,-0.0012765876,0.0,0.0,0.0,0.008237809,0.00445473,0.0,0.0,0.0011704514,0.0016820139,0.0,0.0,0.0,0.0016095691,0.0,-0.020053761,-0.0035877647,0.0030893793,-0.0004974831,0.0,0.0,-0.0048433812,0.0,0.0,0.0,0.0031710286,0.0,0.0,0.0,0.0038174896,0.0,0.0,0.0,0.0007393464,0.00022437566,-0.0029422855,0.00056657323,0.0,-0.0030185685,0.0,0.0,-0.0007002461,0.0,0.0,0.0,0.0018048827,-0.0028739762,0.0,0.0,0.0,0.0,0.0,0.0061840494,0.0,0.0,0.0,0.0,0.0,-0.00025024655,0.0,0.0,-0.021897983,0.013384237,0.0010298891,0.0011867317,0.008747006,0.00054869946,0.002731778,0.0,0.0,0.0006418938,0.0,0.0,0.0,0.0,-0.0037513312,0.0,0.0066132667,0.0,0.0,-0.00024400419,0.0,-0.0028699043,0.0,0.0,0.0004593142,0.0013897421,0.0,0.0,0.004845423,0.0,-0.0004221528,-3.62122e-05,0.0,0.0,0.0,0.003539987,0.0,-0.004341652,-0.0054273545,0.0013111772,0.0,0.002019385,0.0,-0.0010428901
-0.425019,0.5371662,-0.0020368036,0.0,0.0,0.076151334,-0.0048563136,0.015557182,0.2721209,0.00093416625,-0.0077378764,-0.038586568,-0.0044681663,-0.008427117,-0.0043611373,-0.025475072,0.005946322,0.004229451,0.00045723398,-0.08535117,0.0,0.0062583666,-0.330789,-0.0012401909,0.0,0.044981275,-0.0094071645,-0.02821401,0.020408556,0.030218514,0.075421855,0.0030232517,0.14657488,0.008002556,0.0014206143,0.0037130576,0.0,0.0,0.0,0.0008304562,0.00072950876,0.0,0.0,0.0,0.0,0.0,0.0,0.0,0.0,0.0,0.018766921,0.0,0.0,0.0007937185,0.0,-0.000306557,-0.0010062266,-8.386171e-05,0.0,0.0,0.0,0.008979074,0.0039298674,0.0,0.0,0.004156615,0.0016833076,0.0,0.0,0.0,0.00030711407,0.0,-0.024138162,-0.0040682666,0.005980229,-1.2117418e-05,0.0,0.0,-0.0060547604,0.0,0.0,0.0,0.00054045033,0.0,0.0,0.0,0.002546725,0.0,0.0,0.0,0.0007393464,0.0004547168,-0.0029209396,0.0006180763,0.0,-0.0030195524,0.0,0.0,-0.0007002461,0.0,0.0,0.0,0.0018119498,-0.0023716302,0.0,0.0,0.0,0.0,0.0,0.0051939236,0.0,0.0,0.0,0.0,0.0,-0.0006498745,0.0,0.0,-0.026411809,0.009956697,0.0005246742,0.0011882666,0.008141657,0.00054869946,0.001323637,0.0,0.0,0.0006344756,0.0,0.0,0.0,0.0,-0.0037789128,0.0,0.0031257898,0.0,0.0,-0.0006181117,0.0,-0.006651384,0.0,0.0,0.0004596248,0.0013897421,0.0,0.0,0.0071786586,0.0,-0.0004221528,-3.62122e-05,0.0,0.0,0.0,0.0046645114,0.0,-0.0044442266,-0.0028055743,0.0013344127,0.0,0.0015217327,0.0,-0.001040253
-0.42697686,0.55586326,-0.00949675,0.0,0.0,-0.024447765,-0.0020152184,-0.017908119,-0.008553415,0.00093416625,-0.037866443,-0.016753165,-0.004600284,-0.012730144,0.095567785,0.19399111,0.06451365,1.5854064e-05,0.00045723398,-8.6259795e-05,0.0,0.040773608,0.050607685,-0.0010994769,0.0,-0.06277151,-0.22515285,0.029778989,-0.09914231,0.014584742,0.07019244,-0.010786693,0.24826245,-0.0010759498,0.002790879,-0.024999257,0.0,0.0,0.0,0.00083074445,0.0006913403,0.0,0.0,0.0,0.0,0.0,0.0,0.0,0.0,0.0,0.018707242,0.0,0.0,0.0005793231,0.0,-0.000584473,-0.001007723,-0.00034986454,0.0,0.0,0.0,0.0041813003,0.0042530326,0.0,0.0,0.004221495,0.0016388046,0.0,0.0,0.0,0.00032146825,0.0,-0.024614623,-0.004380496,0.0059117116,-0.00013404657,0.0,0.0,-0.009591176,0.0,0.0,0.0,0.00063750695,0.0,0.0,0.0,0.0015371441,0.0,0.0,0.0,0.0007393464,0.000529852,-0.0029206844,0.0015017522,0.0,-0.004133007,0.0,0.0,-0.0007002461,0.0,0.0,0.0,0.0014747558,-0.0026235373,0.0,0.0,0.0,0.0,0.0,0.0053223846,0.0,0.0,0.0,0.0,0.0,-0.0006498745,0.0,0.0,-0.032315694,0.0057104914,0.00037078466,-0.6479873,0.0054949243,0.00054869946,0.0013331709,0.0,0.0,0.00060057576,0.0,0.0,0.0,0.0,-0.003909215,0.0,0.0063696774,0.0,0.0,-0.0006181117,0.0,-0.006651384,0.0,0.0,0.0004596248,0.0013897421,0.0,0.0,0.0046954197,0.0,-0.001038024,-2.4905106e-05,0.0,0.0,0.0,0.0051225387,0.0,-0.0044113803,-0.0025303767,0.001330697,0.0,0.0030054243,0.0,-0.0010368081
-0.42697686,0.55586326,-0.00949675,0.0,0.0,-0.024447765,-0.0020152184,-0.017908119,-0.008553415,0.00093416625,-0.037866443,-0.016753165,-0.004600284,-0.012730144,0.095567785,0.19399111,0.06451365,1.5854064e-05,0.00045723398,-8.6259795e-05,0.0,0.040773608,0.050607685,-0.0010994769,0.0,-0.06277151,-0.22515285,0.029778989,-0.09914231,0.014584742,0.07019244,-0.010786693,0.24826245,-0.0010759498,0.002790879,-0.024999257,0.0,0.0,0.0,0.00083074445,0.0006913403,0.0,0.0,0.0,0.0,0.0,0.0,0.0,0.0,0.0,0.018707242,0.0,0.0,0.0005793231,0.0,-0.000584473,-0.001007723,-0.00034986454,0.0,0.0,0.0,0.0041813003,0.0042530326,0.0,0.0,0.004221495,0.0016388046,0.0,0.0,0.0,0.00032146825,0.0,-0.024614623,-0.004380496,0.0059117116,-0.00013404657,0.0,0.0,-0.009591176,0.0,0.0,0.0,0.00063750695,0.0,0.0,0.0,0.0015371441,0.0,0.0,0.0,0.0007393464,0.000529852,-0.0029206844,0.0015017522,0.0,-0.004133007,0.0,0.0,-0.0007002461,0.0,0.0,0.0,0.0014747558,-0.0026235373,0.0,0.0,0.0,0.0,0.0,0.0053223846,0.0,0.0,0.0,0.0,0.0,-0.0006498745,0.0,0.0,-0.032315694,0.0057104914,0.00037078466,-0.6479873,0.0054949243,0.00054869946,0.0013331709,0.0,0.0,0.00060057576,0.0,0.0,0.0,0.0,-0.003909215,0.0,0.0063696774,0.0,0.0,-0.0006181117,0.0,-0.006651384,0.0,0.0,0.0004596248,0.0013897421,0.0,0.0,0.0046954197,0.0,-0.001038024,-2.4905106e-05,0.0,0.0,0.0,0.0051225387,0.0,-0.0044113803,-0.0025303767,0.001330697,0.0,0.0030054243,0.0,-0.0010368081
-0.42778438,0.57973355,-0.008637307,0.0,0.0,-0.024447765,-0.0020152184,-0.016256614,-0.008553415,0.00093416625,-0.03892777,-0.016753165,-0.0038124681,-0.012750369,0.095567785,0.19399111,0.06451365,-0.01092333,0.00045723398,-8.6259795e-05,0.0,0.040773608,0.050607685,-0.0010994769,0.0,-0.14467835,-0.2299858,0.029778989,-0.105818525,0.014584742,0.07019244,-0.010797866,0.12236519,-0.0010759498,0.002790879,0.018907791,0.0,0.0,0.0,0.00083074445,0.0006913403,0.0,0.0,0.0,0.0,0.0,0.0,0.0,0.0,0.0,0.018449299,0.0,0.0,0.00056525005,0.0,-0.000584473,-0.001007723,-0.00034986454,0.0,0.0,0.0,0.0041822586,0.0042530326,0.0,0.0,0.003391921,0.0016389065,0.0,0.0,0.0,0.00032146825,0.0,-0.024565492,-0.004380496,0.0055782693,-0.00021131078,0.0,0.0,-0.009591176,0.0,0.0,0.0,0.00031837914,0.0,0.0,0.0,0.0015371441,0.0,0.0,0.0,0.0007393464,0.000529852,-0.0029206844,0.0015017522,0.0,-0.004133007,0.0,0.0,-0.0007002461,0.0,0.0,0.0,0.0014747558,-0.0026235373,0.0,0.0,0.0,0.0,0.0,0.005323405,0.0,0.0,0.0,0.0,0.0,-0.0006498745,0.0,0.0,-0.030691726,0.0057104914,0.00037078466,-0.6480685,0.005495541,0.00054869946,0.0013331709,0.0,0.0,0.00060057576,0.0,0.0,0.0,0.0,-0.003943085,0.0,0.0058765174,0.0,0.0,-0.0006181117,0.0,-0.006651384,0.0,0.0,0.00045919218,0.0013897421,0.0,0.0,0.0046954197,0.0,-0.00032166106,-2.4905106e-05,0.0,0.0,0.0,0.0051225387,0.0,-0.0044113803,-0.0025303767,0.0013263223,0.0,0.0030054243,0.0,-0.0010601425
-0.42778438,0.57973355,-0.008637307,0.0,0.0,-0.024447765,-0.0020152184,-0.016256614,-0.008553415,0.00093416625,-0.03892777,-0.016753165,-0.0038124681,-0.012750369,0.095567785,0.19399111,0.06451365,-0.01092333,0.00045723398,-8.6259795e-05,0.0,0.040773608,0.050607685,-0.0010994769,0.0,-0.14467835,-0.2299858,0.029778989,-0.105818525,0.014584742,0.07019244,-0.010797866,0.12236519,-0.0010759498,0.002790879,0.018907791,0.0,0.0,0.0,0.00083074445,0.0006913403,0.0,0.0,0.0,0.0,0.0,0.0,0.0,0.0,0.0,0.018449299,0.0,0.0,0.00056525005,0.0,-0.000584473,-0.001007723,-0.00034986454,0.0,0.0,0.0,0.0041822586,0.0042530326,0.0,0.0,0.003391921,0.0016389065,0.0,0.0,0.0,0.00032146825,0.0,-0.024565492,-0.004380496,0.0055782693,-0.00021131078,0.0,0.0,-0.009591176,0.0,0.0,0.0,0.00031837914,0.0,0.0,0.0,0.0015371441,0.0,0.0,0.0,0.0007393464,0.000529852,-0.0029206844,0.0015017522,0.0,-0.004133007,0.0,0.0,-0.0007002461,0.0,0.0,0.0,0.0014747558,-0.0026235373,0.0,0.0,0.0,0.0,0.0,0.005323405,0.0,0.0,0.0,0.0,0.0,-0.0006498745,0.0,0.0,-0.030691726,0.0057104914,0.00037078466,-0.6480685,0.005495541,0.00054869946,0.0013331709,0.0,0.0,0.00060057576,0.0,0.0,0.0,0.0,-0.003943085,0.0,0.0058765174,0.0,0.0,-0.0006181117,0.0,-0.006651384,0.0,0.0,0.00045919218,0.0013897421,0.0,0.0,0.0046954197,0.0,-0.00032166106,-2.4905106e-05,0.0,0.0,0.0,0.0051225387,0.0,-0.0044113803,-0.0025303767,0.0013263223,0.0,0.0030054243,0.0,-0.0010601425
-0.1031425,-0.2100825,0.0016100833,0.0,0.0,0.024766088,-0.0049508144,-0.021484282,0.001988537,0.0010760545,-0.066457875,0.04642038,-0.015281499,0.10047114,0.003741557,0.026736002,-0.0017479178,-0.16731097,0.002765594,-6.3563995e-05,0.0,0.0039683175,-0.03871799,-0.001420544,0.0,0.0805364,0.324653,-0.14645165,0.031137161,-0.3337772,-0.055316474,-0.0023151112,0.029473173,-0.00056571164,0.0020448817,-0.30304918,0.0,0.0,0.0,0.00081848196,0.00075175095,0.0,0.0,0.0,0.0,0.0,0.0,0.0,0.0,0.0,0.015688034,0.0,0.0,0.0004893169,0.0,-0.00020665546,-0.0007957929,-8.386171e-05,0.0,0.0,0.0,0.008223257,0.006425112,0.0,0.0,0.00085341075,0.001674649,0.0,0.0,0.0,0.0015880343,0.0,-0.027849033,-0.0046194503,0.009237755,-0.00049718405,0.0,0.0,-0.005192156,0.0,0.0,0.0,0.003002028,0.0,0.0,0.0,0.0038174896,0.0,0.0,0.0,0.0007393464,0.0004547168,-0.002948376,0.00056657323,0.0,-0.0025846232,0.0,0.0,-0.0007002461,0.0,0.0,0.0,0.0018318833,-0.0117744785,0.0,0.0,0.0,0.0,0.0,0.0025258858,0.0,0.0,0.0,0.0,0.0,-0.00023579012,0.0,0.0,-0.00974311,0.011552244,0.00091923645,0.0011892517,0.0075809965,0.00032259544,0.003476185,0.0,0.0,0.0006511604,0.0,0.0,0.0,0.0,-0.0036086456,0.0,0.0065321317,0.0,0.0,-0.00024400419,0.0,-0.0030564938,0.0,0.0,0.00046355,0.0011986452,0.0,0.0,0.005773586,0.0,-0.0004221528,-3.62122e-05,0.0,0.0,0.0,0.003452812,0.0,-0.00436449,-0.002426068,0.0013100184,0.0,0.003259396,0.0,-0.0010672916
-0.10345277,-0.20684646,-0.004505702,0.0,0.0,0.023225784,-0.0055375486,-0.021484282,-0.00015964618,0.0010760545,-0.066233374,0.04642038,-0.015281499,0.10047477,0.003741557,0.016203703,-0.0017479178,-0.16731097,0.002765594,-5.9663063e-05,0.0,0.0025209908,0.10016015,-0.0013919316,0.0,0.0805364,0.30157372,-0.3533606,0.031137161,-0.33367485,-0.063164346,-0.0023151112,0.029304067,-0.00056571164,0.0020448817,-0.28415173,0.0,0.0,0.0,0.00081848196,0.00075712794,0.0,0.0,0.0,0.0,0.0,0.0,0.0,0.0,0.0,0.015686335,0.0,0.0,0.0004893169,0.0,-0.00020665546,-0.0007957929,-8.386171e-05,0.0,0.0,0.0,0.008223257,0.006425112,0.0,0.0,0.00085341075,0.0016763182,0.0,0.0,0.0,0.0015880343,0.0,-0.027849033,-0.0046194503,0.009237755,-0.00049718405,0.0,0.0,-0.005192156,0.0,0.0,0.0,0.003002028,0.0,0.0,0.0,0.0038174896,0.0,0.0,0.0,0.0007393464,0.0004547168,-0.002948376,0.00056657323,0.0,-0.0025959623,0.0,0.0,-0.0007002461,0.0,0.0,0.0,0.0018318833,-0.0117744785,0.0,0.0,0.0,0.0,0.0,0.0025258858,0.0,0.0,0.0,0.0,0.0,-0.00023579012,0.0,0.0,-0.00974311,0.011711165,0.00091923645,0.0011892517,0.0076658106,0.00032259544,0.003476185,0.0,0.0,0.0006511604,0.0,0.0,0.0,0.0,-0.0036086456,0.0,0.0065321317,0.0,0.0,-0.00024400419,0.0,-0.0030564938,0.0,0.0,0.00046355,0.0011986452,0.0,0.0,0.005773586,0.0,-0.0004221528,-3.62122e-05,0.0,0.0,0.0,0.003452812,0.0,-0.00436449,-0.0027612625,0.0013154021,0.0,0.003260181,0.0,-0.001059239
-0.05593213,-0.18436424,-0.010245268,0.0,0.0,-0.025367428,-0.0056793992,-0.022704028,-0.013687461,0.0012790548,0.0970617,0.036952835,-0.015312458,0.18216296,-0.007992884,-0.021230944,0.0006004183,0.0039148596,0.002766263,-5.9663063e-05,0.0,-0.09333779,-0.088498764,-0.0014847243,0.0,0.090479694,0.2997972,0.0295284,0.026519008,-0.08473751,-0.037696112,-0.0026932014,-0.22361694,0.00016821566,0.0014909225,-0.008086145,0.0,0.0,0.0,0.0008187729,0.0007515696,0.0,0.0,0.0,0.0,0.0,0.0,0.0,0.0,0.0,0.014257217,0.0,0.0,0.00046822935,0.0,-0.00020665546,-0.0006534712,-8.386171e-05,0.0,0.0,0.0,0.008243915,0.0065670195,0.0,0.0,0.00083502487,0.0016693086,0.0,0.0,0.0,0.0015877796,0.0,-0.032500234,-0.0022746648,0.0029925096,-0.000493905,0.0,0.0,-0.004636772,0.0,0.0,0.0,0.0030454046,0.0,0.0,0.0,0.0035721473,0.0,0.0,0.0,0.0007393464,0.0004547168,-0.002899759,0.00056657323,0.0,-0.002077028,0.0,0.0,-0.0007002461,0.0,0.0,0.0,0.0018389504,-0.002874394,0.0,0.0,0.0,0.0,0.0,0.0024625182,0.0,0.0,0.0,0.0,0.0,-0.00023579012,0.0,0.0,-0.020775942,0.00904561,0.00091923645,0.0011522878,0.0136535,0.00054869946,0.002707702,0.0,0.0,0.0006318545,0.0,0.0,0.0,0.0,-0.0040018256,0.0,0.0051052696,0.0,0.0,-0.00024400419,0.0,-0.0022971723,0.0,0.0,0.00046355,0.0005704345,0.0,0.0,0.0057532443,0.0,-0.0004221528,-2.4905106e-05,0.0,0.0,0.0,0.0030311805,0.0,-0.003028992,-0.0026965558,0.0013107454,0.0,0.0031429692,0.0,-0.0007660193
-0.05593213,-0.18436424,-0.010245268,0.0,0.0,-0.025367428,-0.0056793992,-0.022704028,-0.013687461,0.0012790548,0.0970617,0.036952835,-0.015312458,0.18216296,-0.007992884,-0.021230944,0.0006004183,0.0039148596,0.002766263,-5.9663063e-05,0.0,-0.09333779,-0.088498764,-0.0014847243,0.0,0.090479694,0.2997972,0.0295284,0.026519008,-0.08473751,-0.037696112,-0.0026932014,-0.22361694,0.00016821566,0.0014909225,-0.008086145,0.0,0.0,0.0,0.0008187729,0.0007515696,0.0,0.0,0.0,0.0,0.0,0.0,0.0,0.0,0.0,0.014257217,0.0,0.0,0.00046822935,0.0,-0.00020665546,-0.0006534712,-8.386171e-05,0.0,0.0,0.0,0.008243915,0.0065670195,0.0,0.0,0.00083502487,0.0016693086,0.0,0.0,0.0,0.0015877796,0.0,-0.032500234,-0.0022746648,0.0029925096,-0.000493905,0.0,0.0,-0.004636772,0.0,0.0,0.0,0.0030454046,0.0,0.0,0.0,0.0035721473,0.0,0.0,0.0,0.0007393464,0.0004547168,-0.002899759,0.00056657323,0.0,-0.002077028,0.0,0.0,-0.0007002461,0.0,0.0,0.0,0.0018389504,-0.002874394,0.0,0.0,0.0,0.0,0.0,0.0024625182,0.0,0.0,0.0,0.0,0.0,-0.00023579012,0.0,0.0,-0.020775942,0.00904561,0.00091923645,0.0011522878,0.0136535,0.00054869946,0.002707702,0.0,0.0,0.0006318545,0.0,0.0,0.0,0.0,-0.0040018256,0.0,0.0051052696,0.0,0.0,-0.00024400419,0.0,-0.0022971723,0.0,0.0,0.00046355,0.0005704345,0.0,0.0,0.0057532443,0.0,-0.0004221528,-2.4905106e-05,0.0,0.0,0.0,0.0030311805,0.0,-0.003028992,-0.0026965558,0.0013107454,0.0,0.0031429692,0.0,-0.0007660193
-0.05593213,-0.18436424,-0.010245268,0.0,0.0,-0.025367428,-0.0056793992,-0.022704028,-0.013687461,0.0012790548,0.0970617,0.036952835,-0.015312458,0.18216296,-0.007992884,-0.021230944,0.0006004183,0.0039148596,0.002766263,-5.9663063e-05,0.0,-0.09333779,-0.088498764,-0.0014847243,0.0,0.090479694,0.2997972,0.0295284,0.026519008,-0.08473751,-0.037696112,-0.0026932014,-0.22361694,0.00016821566,0.0014909225,-0.008086145,0.0,0.0,0.0,0.0008187729,0.0007515696,0.0,0.0,0.0,0.0,0.0,0.0,0.0,0.0,0.0,0.014257217,0.0,0.0,0.00046822935,0.0,-0.00020665546,-0.0006534712,-8.386171e-05,0.0,0.0,0.0,0.008243915,0.0065670195,0.0,0.0,0.00083502487,0.0016693086,0.0,0.0,0.0,0.0015877796,0.0,-0.032500234,-0.0022746648,0.0029925096,-0.000493905,0.0,0.0,-0.004636772,0.0,0.0,0.0,0.0030454046,0.0,0.0,0.0,0.0035721473,0.0,0.0,0.0,0.0007393464,0.0004547168,-0.002899759,0.00056657323,0.0,-0.002077028,0.0,0.0,-0.0007002461,0.0,0.0,0.0,0.0018389504,-0.002874394,0.0,0.0,0.0,0.0,0.0,0.0024625182,0.0,0.0,0.0,0.0,0.0,-0.00023579012,0.0,0.0,-0.020775942,0.00904561,0.00091923645,0.0011522878,0.0136535,0.00054869946,0.002707702,0.0,0.0,0.0006318545,0.0,0.0,0.0,0.0,-0.0040018256,0.0,0.0051052696,0.0,0.0,-0.00024400419,0.0,-0.0022971723,0.0,0.0,0.00046355,0.0005704345,0.0,0.0,0.0057532443,0.0,-0.0004221528,-2.4905106e-05,0.0,0.0,0.0,0.0030311805,0.0,-0.003028992,-0.0026965558,0.0013107454,0.0,0.0031429692,0.0,-0.0007660193
-0.05593213,-0.18436424,-0.010245268,0.0,0.0,-0.025367428,-0.0056793992,-0.022704028,-0.013687461,0.0012790548,0.0970617,0.036952835,-0.015312458,0.18216296,-0.007992884,-0.021230944,0.0006004183,0.0039148596,0.002766263,-5.9663063e-05,0.0,-0.09333779,-0.088498764,-0.0014847243,0.0,0.090479694,0.2997972,0.0295284,0.026519008,-0.08473751,-0.037696112,-0.0026932014,-0.22361694,0.00016821566,0.0014909225,-0.008086145,0.0,0.0,0.0,0.0008187729,0.0007515696,0.0,0.0,0.0,0.0,0.0,0.0,0.0,0.0,0.0,0.014257217,0.0,0.0,0.00046822935,0.0,-0.00020665546,-0.0006534712,-8.386171e-05,0.0,0.0,0.0,0.008243915,0.0065670195,0.0,0.0,0.00083502487,0.0016693086,0.0,0.0,0.0,0.0015877796,0.0,-0.032500234,-0.0022746648,0.0029925096,-0.000493905,0.0,0.0,-0.004636772,0.0,0.0,0.0,0.0030454046,0.0,0.0,0.0,0.0035721473,0.0,0.0,0.0,0.0007393464,0.0004547168,-0.002899759,0.00056657323,0.0,-0.002077028,0.0,0.0,-0.0007002461,0.0,0.0,0.0,0.0018389504,-0.002874394,0.0,0.0,0.0,0.0,0.0,0.0024625182,0.0,0.0,0.0,0.0,0.0,-0.00023579012,0.0,0.0,-0.020775942,0.00904561,0.00091923645,0.0011522878,0.0136535,0.00054869946,0.002707702,0.0,0.0,0.0006318545,0.0,0.0,0.0,0.0,-0.0040018256,0.0,0.0051052696,0.0,0.0,-0.00024400419,0.0,-0.0022971723,0.0,0.0,0.00046355,0.0005704345,0.0,0.0,0.0057532443,0.0,-0.0004221528,-2.4905106e-05,0.0,0.0,0.0,0.0030311805,0.0,-0.003028992,-0.0026965558,0.0013107454,0.0,0.0031429692,0.0,-0.0007660193
-0.41025162,-0.2238137,0.027991146,0.0,0.0,0.03261557,-0.0058111846,-0.025370197,-0.025641507,0.0006275865,-0.035270374,-0.025368795,-0.0027535972,-0.048046604,-0.0033838954,-0.029055255,-0.0023954576,0.0010012928,0.00041436517,-2.820222e-05,0.0,-0.05074484,-0.21919309,0.021678453,0.0,0.07274809,0.25157958,4.003347e-05,0.020291239,0.035948467,-0.03408622,0.0006000198,-0.22208275,-0.0020643093,-0.0054601575,-0.010449495,0.0,0.0,0.0,0.0008184723,0.00075905,0.0,0.0,0.0,0.0,0.0,0.0,0.0,0.0,0.0,0.016019847,0.0,0.0,0.0004893169,0.0,-0.000306557,-0.0012724894,-8.386171e-05,0.0,0.0,0.0,0.00822754,0.0059002494,0.0,0.0,0.0008494496,0.0016674587,0.0,0.0,0.0,0.0016362813,0.0,-0.021075781,-0.005189587,0.009338032,0.00012263382,0.0,0.0,-0.004695144,0.0,0.0,0.0,0.007213401,0.0,0.0,0.0,0.0038386441,0.0,0.0,0.0,0.0007393464,0.0004547168,-0.0028793376,0.00056706305,0.0,-0.0025642389,0.0,0.0,0.059522886,0.0,0.0,0.0,0.0018318833,-0.0032344724,0.0,0.0,0.0,0.0,0.0,0.002888748,0.0,0.0,0.0,0.0,0.0,-0.00025024655,0.0,0.0,-0.011193658,0.008728375,0.00091923645,0.0011475655,0.007813498,0.00032259544,0.0027122914,0.0,0.0,0.0006159262,0.0,0.0,0.0,0.0,-0.003922239,0.0,0.0033779251,0.0,0.0,-0.00046715618,0.0,-0.002065682,0.0,0.0,0.00046355,0.0013897421,0.0,0.0,0.0068216007,0.0,-0.0004221528,-3.62122e-05,0.0,0.0,0.0,0.004614991,0.0,-0.0046278196,-0.0034660262,0.0013125197,0.0,0.0032874802,0.0,-0.0010461465
-0.44968104,-0.15181793,0.010005177,0.0,0.0,0.028977087,-0.006397919,0.015661191,-0.01611158,-0.00047047727,-0.023318855,-0.028411284,-0.00085970195,-0.01744567,-0.0031503534,-0.019893285,-0.008011594,0.0044954256,0.00041436517,-8.6259795e-05,0.0,-0.0029113009,0.060748152,-0.00043946435,0.0,0.023779957,0.11264422,0.013004642,0.015724683,0.032820746,-0.078354344,0.0007961375,-0.1429328,0.0010084471,-0.0054601575,-0.016416641,0.0,0.0,0.0,0.00082390604,0.00074003387,0.0,0.0,0.0,0.0,0.0,0.0,0.0,0.0,0.0,0.01437941,0.0,0.0,0.0007666311,0.0,-0.00020665546,-0.001008973,-6.864329e-05,0.0,0.0,0.0,0.008196921,0.0043128226,0.0,0.0,0.0008494496,0.0016304274,0.0,0.0,0.0,0.0016555114,0.0,-0.022699438,-0.0059213736,0.00937291,-0.00049718405,0.0,0.0,-0.005067223,0.0,0.0,0.0,-0.25764722,0.0,0.0,0.0,0.0035898082,0.0,0.0,0.0,0.0007393464,0.0004547168,-0.0028793376,0.00056657323,0.0,-0.0039954623,0.0,0.0,-0.00078094355,0.0,0.0,0.0,0.0018318833,-0.0032854641,0.0,0.0,0.0,0.0,0.0,0.0054574795,0.0,0.0,0.0,0.0,0.0,-0.0006498745,0.0,0.0,-0.018255942,0.009045775,0.0010298891,0.001149929,0.008086076,0.00032259544,0.0026746397,0.0,0.0,0.0006139429,0.0,0.0,0.0,0.0,-0.003899726,0.0,0.006412501,0.0,0.0,-0.0006181117,0.0,-0.0051236115,0.0,0.0,0.0004593142,0.0013897421,0.0,0.0,0.0070219897,0.0,-0.0004221528,-2.4905106e-05,0.0,0.0,0.0,0.0042837807,0.0,-0.0045916825,-0.0031467788,0.0013179034,0.0,0.0030908443,0.0,-0.0010262548
-0.44968104,-0.15181793,0.010005177,0.0,0.0,0.028977087,-0.006397919,0.015661191,-0.01611158,-0.00047047727,-0.023318855,-0.028411284,-0.00085970195,-0.01744567,-0.0031503534,-0.019893285,-0.008011594,0.0044954256,0.00041436517,-8.6259795e-05,0.0,-0.0029113009,0.060748152,-0.00043946435,0.0,0.023779957,0.11264422,0.013004642,0.015724683,0.032820746,-0.078354344,0.0007961375,-0.1429328,0.0010084471,-0.0054601575,-0.016416641,0.0,0.0,0.0,0.00082390604,0.00074003387,0.0,0.0,0.0,0.0,0.0,0.0,0.0,0.0,0.0,0.01437941,0.0,0.0,0.0007666311,0.0,-0.00020665546,-0.001008973,-6.864329e-05,0.0,0.0,0.0,0.008196921,0.0043128226,0.0,0.0,0.0008494496,0.0016304274,0.0,0.0,0.0,0.0016555114,0.0,-0.022699438,-0.0059213736,0.00937291,-0.00049718405,0.0,0.0,-0.005067223,0.0,0.0,0.0,-0.25764722,0.0,0.0,0.0,0.0035898082,0.0,0.0,0.0,0.0007393464,0.0004547168,-0.0028793376,0.00056657323,0.0,-0.0039954623,0.0,0.0,-0.00078094355,0.0,0.0,0.0,0.0018318833,-0.0032854641,0.0,0.0,0.0,0.0,0.0,0.0054574795,0.0,0.0,0.0,0.0,0.0,-0.0006498745,0.0,0.0,-0.018255942,0.009045775,0.0010298891,0.001149929,0.008086076,0.00032259544,0.0026746397,0.0,0.0,0.0006139429,0.0,0.0,0.0,0.0,-0.003899726,0.0,0.006412501,0.0,0.0,-0.0006181117,0.0,-0.0051236115,0.0,0.0,0.0004593142,0.0013897421,0.0,0.0,0.0070219897,0.0,-0.0004221528,-2.4905106e-05,0.0,0.0,0.0,0.0042837807,0.0,-0.0045916825,-0.0031467788,0.0013179034,0.0,0.0030908443,0.0,-0.0010262548
-0.44968104,-0.15181793,0.010005177,0.0,0.0,0.028977087,-0.006397919,0.015661191,-0.01611158,-0.00047047727,-0.023318855,-0.028411284,-0.00085970195,-0.01744567,-0.0031503534,-0.019893285,-0.008011594,0.0044954256,0.00041436517,-8.6259795e-05,0.0,-0.0029113009,0.060748152,-0.00043946435,0.0,0.023779957,0.11264422,0.013004642,0.015724683,0.032820746,-0.078354344,0.0007961375,-0.1429328,0.0010084471,-0.0054601575,-0.016416641,0.0,0.0,0.0,0.00082390604,0.00074003387,0.0,0.0,0.0,0.0,0.0,0.0,0.0,0.0,0.0,0.01437941,0.0,0.0,0.0007666311,0.0,-0.00020665546,-0.001008973,-6.864329e-05,0.0,0.0,0.0,0.008196921,0.0043128226,0.0,0.0,0.0008494496,0.0016304274,0.0,0.0,0.0,0.0016555114,0.0,-0.022699438,-0.0059213736,0.00937291,-0.00049718405,0.0,0.0,-0.005067223,0.0,0.0,0.0,-0.25764722,0.0,0.0,0.0,0.0035898082,0.0,0.0,0.0,0.0007393464,0.0004547168,-0.0028793376,0.00056657323,0.0,-0.0039954623,0.0,0.0,-0.00078094355,0.0,0.0,0.0,0.0018318833,-0.0032854641,0.0,0.0,0.0,0.0,0.0,0.0054574795,0.0,0.0,0.0,0.0,0.0,-0.0006498745,0.0,0.0,-0.018255942,0.009045775,0.0010298891,0.001149929,0.008086076,0.00032259544,0.0026746397,0.0,0.0,0.0006139429,0.0,0.0,0.0,0.0,-0.003899726,0.0,0.006412501,0.0,0.0,-0.0006181117,0.0,-0.0051236115,0.0,0.0,0.0004593142,0.0013897421,0.0,0.0,0.0070219897,0.0,-0.0004221528,-2.4905106e-05,0.0,0.0,0.0,0.0042837807,0.0,-0.0045916825,-0.0031467788,0.0013179034,0.0,0.0030908443,0.0,-0.0010262548
-0.06621703,-0.10032434,-0.009855847,0.0,0.0,-0.025100786,-0.007238999,-0.024333246,-0.010993762,0.0011732103,-0.022976797,-0.022522923,-0.004802384,-0.034127813,-0.0036717835,-0.018007515,-0.0034320927,0.020298166,0.0039013315,-8.6259795e-05,0.0,-0.0056283893,-0.17668071,-0.0013473578,0.0,-0.087460436,0.097858034,0.029447353,0.00046488983,-0.016232114,-0.07008629,-0.015355636,-0.25556317,-0.00015937194,0.0014690069,-0.026641281,0.0,0.0,0.0,0.00081848196,0.0007365062,0.0,0.0,0.0,0.0,0.0,0.0,0.0,0.0,0.0,0.014684823,0.0,0.0,0.00046822935,0.0,-0.00032007843,-0.0010090277,-8.386171e-05,0.0,0.0,0.0,0.008284738,0.0039298674,0.0,0.0,0.00082281075,0.0016705764,0.0,0.0,0.0,0.00031927892,0.0,-0.028136784,-0.004626417,0.008978089,-0.00019940411,0.0,0.0,-0.009116401,0.0,0.0,0.0,0.0031744135,0.0,0.0,0.0,0.0035660677,0.0,0.0,0.0,0.0007393464,0.0004547168,-0.0029541005,0.00056657323,0.0,-0.0041517625,0.0,0.0,-0.0007002461,0.0,0.0,0.0,0.0007940588,-0.0032854641,0.0,0.0,0.0,0.0,0.0,0.0061279726,0.0,0.0,0.0,0.0,0.0,-0.00025024655,0.0,0.0,-0.024525534,0.01281224,0.0010298891,0.0011832952,0.008904096,0.00032259544,0.002735068,0.0,0.0,0.00062596565,0.0,0.0,0.0,0.0,-0.00385036,0.0,0.00271343,0.0,0.0,-0.00046715618,0.0,-0.0022971723,0.0,0.0,0.0004593142,0.0006262464,0.0,0.0,0.005774929,0.0,-0.0004221528,-2.4905106e-05,0.0,0.0,0.0,0.0031683538,0.0,-0.0047309697,-0.0027516107,0.0013136348,0.0,0.0031447758,0.0,-0.0010413909
-0.02187547,-0.09895974,-0.017663201,0.0,0.0,-0.02348159,-0.006378629,-0.02812894,-0.012912144,0.0011732103,-0.08167325,0.036939215,-0.013653748,0.042288873,0.0004550626,-0.018007515,-0.0032727134,0.0028652276,0.0038584627,-0.00011868138,0.0,-0.00534931,-0.18712029,-0.0013391111,0.0,-0.0938826,0.09814659,0.02948788,0.0044599306,-0.015678072,-0.06999989,-0.015355636,-0.23092552,-0.00015937194,0.0014909225,-0.033244893,0.0,0.0,0.0,0.00081848196,0.00075058534,0.0,0.0,0.0,0.0,0.0,0.0,0.0,0.0,0.0,0.014794256,0.0,0.0,0.00046822935,0.0,-0.00032007843,-0.0010090277,-8.386171e-05,0.0,0.0,0.0,0.008283411,0.00445473,0.0,0.0,0.0008200632,0.0016709819,0.0,0.0,0.0,0.0016363943,0.0,-0.028140435,-0.0044052764,0.008953532,-0.00049324456,0.0,0.0,-0.009571959,0.0,0.0,0.0,0.0031744135,0.0,0.0,0.0,0.0035660677,0.0,0.0,0.0,0.0007393464,0.0004547168,-0.0029546178,0.00056657323,0.0,-0.0025658556,0.0,0.0,-0.0007002461,0.0,0.0,0.0,0.0007940588,-0.0032344724,0.0,0.0,0.0,0.0,0.0,0.0051631755,0.0,0.0,0.0,0.0,0.0,-0.00025024655,0.0,0.0,-0.025797693,0.012814383,0.0010298891,0.0011838229,0.013760084,0.00032259544,0.0027308837,0.0,0.0,0.0006418938,0.0,0.0,0.0,0.0,-0.0038464367,0.0,0.0047241477,0.0,0.0,-0.00024400419,0.0,-0.0023628473,0.0,0.0,0.0004593142,0.0006262464,0.0,0.0,0.005774929,0.0,-0.0004221528,-2.4905106e-05,0.0,0.0,0.0,0.0030969798,0.0,-0.0032563482,-0.0026675658,0.0013110292,0.0,0.003145277,0.0,-0.0010446054
0.43144396,-0.12884443,0.16819564,0.0,0.0,-0.038548138,-0.0040080873,-0.07173831,-0.047981814,-0.09443107,-0.1135459,-0.017961781,-0.00017749208,-0.0065117786,-0.0035661438,-0.019435875,-0.008309894,-0.00076291926,0.00023785852,-1.7169248e-05,0.0,0.006943378,0.08784141,-0.0011714443,0.0,0.098070055,0.19733885,-0.37461132,-0.011697469,-0.3970333,-0.11636795,-0.01550533,-0.2730565,-0.009365382,0.0020448817,-0.014869835,0.0,0.0,0.0,0.0008184723,0.0007509566,0.0,0.0,0.0,0.0,0.0,0.0,0.0,0.0,0.0,0.012974128,0.0,0.0,0.0004893169,0.0,-0.00041082405,-0.0012780686,-8.386171e-05,0.0,0.0,0.0,0.00819359,0.006161557,0.0,0.0,0.0008494496,0.0016628065,0.0,0.0,0.0,0.0015429639,0.0,-0.017786456,-0.005297713,0.009338032,-0.00049539836,0.0,0.0,-0.0045006396,0.0,0.0,0.0,0.0029461007,0.0,0.0,0.0,0.0038174896,0.0,0.0,0.0,0.0007393464,0.0004547168,-0.0028202422,0.00056657323,0.0,-0.0036809621,0.0,0.0,-0.00033453392,0.0,0.0,0.0,0.0018318833,-0.007022291,0.0,0.0,0.0,0.0,0.0,0.0020632385,0.0,0.0,0.0,0.0,0.0,-0.0026110515,0.0,0.0,-0.0104533965,0.0074972357,0.00091923645,0.0011188042,0.007543694,0.00032259544,0.0034596745,0.0,0.0,0.0006386311,0.0,0.0,0.0,0.0,-0.003975149,0.0,0.0066001285,0.0,0.0,0.01963749,0.0,-0.0028699043,0.0,0.0,0.0004265664,0.0013897421,0.0,0.0,0.011024836,0.0,-0.0004221528,-2.4905106e-05,0.0,0.0,0.0,0.0063047553,0.0,-0.004420461,-0.0034629845,0.0013179034,0.0,0.0032566523,0.0,-0.00077239046
0.44841522,-0.19938307,0.16820662,0.0,0.0,-0.038549755,-0.0040080873,-0.07173831,-0.047981814,-0.09448336,-0.11355008,-0.02020901,-0.00018051702,-0.0065117786,-0.0035661438,-0.019435875,-0.009708851,-0.00076291926,0.00023785852,-1.7169248e-05,0.0,0.007076939,0.08850988,-0.0011714443,0.0,0.097301036,0.19330785,-0.34423754,-0.04173551,-0.3970333,-0.11636795,-0.01550533,-0.2730565,-0.009365382,0.0020448817,-0.014869835,0.0,0.0,0.0,0.0008184723,0.0006437597,0.0,0.0,0.0,0.0,0.0,0.0,0.0,0.0,0.0,0.012852702,0.0,0.0,0.0004893169,0.0,-0.00041082405,-0.0012780686,-8.386171e-05,0.0,0.0,0.0,0.00819359,0.006161557,0.0,0.0,0.0008494496,0.0016582635,0.0,0.0,0.0,0.0015429639,0.0,-0.017786456,-0.005302115,0.009338032,-0.00049539836,0.0,0.0,-0.0045004357,0.0,0.0,0.0,0.0029112368,0.0,0.0,0.0,0.0038174896,0.0,0.0,0.0,0.0007393464,0.0004547168,-0.002830194,0.00056657323,0.0,-0.0036809621,0.0,0.0,-0.00033453392,0.0,0.0,0.0,0.0018318833,-0.007022291,0.0,0.0,0.0,0.0,0.0,0.0020632385,0.0,0.0,0.0,0.0,0.0,-0.0026110515,0.0,0.0,-0.0104533965,0.0074972357,0.00091923645,0.0011065251,0.007502916,0.00032259544,0.00345962,0.0,0.0,0.0006386311,0.0,0.0,0.0,0.0,-0.002238651,0.0,0.006493341,0.0,0.0,0.01963749,0.0,-0.0028699043,0.0,0.0,0.0004009978,0.0013897421,0.0,0.0,0.011024836,0.0,-0.0004221528,-2.4905106e-05,0.0,0.0,0.0,0.0063047553,0.0,-0.0044202292,-0.0052064084,0.001309729,0.0,0.0032566523,0.0,-0.0007724596
0.43144396,-0.12884443,0.16819564,0.0,0.0,-0.038548138,-0.0040080873,-0.07173831,-0.047981814,-0.09443107,-0.1135459,-0.017961781,-0.00017749208,-0.0065117786,-0.0035661438,-0.019435875,-0.008309894,-0.00076291926,0.00023785852,-1.7169248e-05,0.0,0.006943378,0.08784141,-0.0011714443,0.0,0.098070055,0.19733885,-0.37461132,-0.011697469,-0.3970333,-0.11636795,-0.01550533,-0.2730565,-0.009365382,0.0020448817,-0.014869835,0.0,0.0,0.0,0.0008184723,0.0007509566,0.0,0.0,0.0,0.0,0.0,0.0,0.0,0.0,0.0,0.012974128,0.0,0.0,0.0004893169,0.0,-0.00041082405,-0.0012780686,-8.386171e-05,0.0,0.0,0.0,0.00819359,0.006161557,0.0,0.0,0.0008494496,0.0016628065,0.0,0.0,0.0,0.0015429639,0.0,-0.017786456,-0.005297713,0.009338032,-0.00049539836,0.0,0.0,-0.0045006396,0.0,0.0,0.0,0.0029461007,0.0,0.0,0.0,0.0038174896,0.0,0.0,0.0,0.0007393464,0.0004547168,-0.0028202422,0.00056657323,0.0,-0.0036809621,0.0,0.0,-0.00033453392,0.0,0.0,0.0,0.0018318833,-0.007022291,0.0,0.0,0.0,0.0,0.0,0.0020632385,0.0,0.0,0.0,0.0,0.0,-0.0026110515,0.0,0.0,-0.0104533965,0.0074972357,0.00091923645,0.0011188042,0.007543694,0.00032259544,0.0034596745,0.0,0.0,0.0006386311,0.0,0.0,0.0,0.0,-0.003975149,0.0,0.0066001285,0.0,0.0,0.01963749,0.0,-0.0028699043,0.0,0.0,0.0004265664,0.0013897421,0.0,0.0,0.011024836,0.0,-0.0004221528,-2.4905106e-05,0.0,0.0,0.0,0.0063047553,0.0,-0.004420461,-0.0034629845,0.0013179034,0.0,0.0032566523,0.0,-0.00077239046
-0.38157892,0.49616915,-0.014630252,0.0,0.0,-0.024755135,-0.0034709563,-0.019332744,-0.008384883,0.00093416625,-0.038855154,-0.010381121,-0.004645501,-0.002661201,0.1190343,0.12647587,0.05015276,-4.2148473e-05,0.000457234,-8.6259795e-05,0.0,-0.22080904,0.049619537,-0.0010994769,0.0,-0.034913294,-0.18288268,0.00993681,-0.006222446,0.035407487,-0.058677062,-0.0017047556,0.24260882,-0.0010759498,0.0013568983,-0.025045725,0.0,0.0,0.0,0.0008307348,0.00073783705,0.0,0.0,0.0,0.0,0.0,0.0,0.0,0.0,0.0,0.018466765,0.0,0.0,0.0006374509,0.0,-0.000584473,-0.0010072148,-8.386171e-05,0.0,0.0,0.0,0.0049871965,0.00445473,0.0,0.0,0.003938302,0.0016721833,0.0,0.0,0.0,0.0003454231,0.0,-0.024275137,-0.0041959384,0.0059371637,-0.00011010592,0.0,0.0,-0.009553225,0.0,0.0,0.0,0.0005606192,0.0,0.0,0.0,0.0015371441,0.0,0.0,0.0,0.0007393464,0.000529852,-0.002859552,0.0006542247,0.0,-0.004133007,0.0,0.0,-0.0007002461,0.0,0.0,0.0,0.0014747558,-0.0026235373,0.0,0.0,0.0,0.0,0.0,0.0050620274,0.0,0.0,0.0,0.0,0.0,-0.0006498745,0.0,0.0,-0.032157477,0.004534691,0.0005246742,0.0011502032,0.0051121805,0.00054869946,0.0012878674,0.0,0.0,0.0006078432,0.0,0.0,0.0,0.0,-0.0039149537,0.0,0.0064285584,0.0,0.0,-0.0006181117,0.0,-0.006651384,0.0,0.0,0.0004596248,0.0013897421,0.0,0.0,0.00468438,0.0,-0.0027223225,-2.4905106e-05,0.0,0.0,0.0,0.0054123774,0.0,-0.004115138,-0.0031630392,0.0013414068,0.0,0.0032333815,0.0,-0.0010368081
-0.38065207,0.514635,-0.014630252,0.0,0.0,-0.02527121,-0.0034709563,-0.019332744,-0.008384883,0.00093416625,-0.038855154,-0.010381121,-0.004645501,-0.002661201,0.1190343,0.12647587,0.05015276,-4.2148473e-05,0.000457234,-8.6259795e-05,0.0,-0.22080904,0.049619537,-0.0010994769,0.0,-0.034913294,-0.18288268,0.00993681,-0.0067877714,0.035407487,-0.058677062,-0.0017047556,0.24253467,-0.0010759498,0.004733788,-0.025045725,0.0,0.0,0.0,0.0008307348,0.00073783705,0.0,0.0,0.0,0.0,0.0,0.0,0.0,0.0,0.0,0.018466765,0.0,0.0,0.0006374509,0.0,-0.000584473,-0.0010072148,-8.386171e-05,0.0,0.0,0.0,0.004841699,0.00445473,0.0,0.0,0.003938302,0.0016721833,0.0,0.0,0.0,0.0003454231,0.0,-0.024275137,-0.0041959384,0.0059371637,-0.00011010592,0.0,0.0,-0.009553225,0.0,0.0,0.0,0.0005606192,0.0,0.0,0.0,0.0015371441,0.0,0.0,0.0,0.0007393464,0.000529852,-0.002859552,0.0006542247,0.0,-0.004133007,0.0,0.0,-0.0007002461,0.0,0.0,0.0,0.0014747558,-0.0026235373,0.0,0.0,0.0,0.0,0.0,0.0050620274,0.0,0.0,0.0,0.0,0.0,-0.0006498745,0.0,0.0,-0.032157477,0.004534691,0.0005246742,0.0011502032,0.0051121805,0.00054869946,0.001287851,0.0,0.0,0.0006078432,0.0,0.0,0.0,0.0,-0.0039149537,0.0,0.0064285584,0.0,0.0,-0.0006181117,0.0,-0.006651384,0.0,0.0,0.0004596248,0.0013897421,0.0,0.0,0.00468438,0.0,-0.0027223225,-2.4905106e-05,0.0,0.0,0.0,0.0054123774,0.0,-0.004115138,-0.0031630392,0.0014074462,0.0,0.0032333815,0.0,-0.0010368081
-0.38056874,0.50955236,-0.014620432,0.0,0.0,-0.025268419,-0.004257993,-0.019332744,-0.008384883,0.00093416625,-0.038855154,-0.010381121,-0.0025440305,-0.002661201,0.1190343,0.12647587,0.05015276,-4.2148473e-05,0.000457234,-8.6259795e-05,0.0,-0.22080904,0.049588222,-0.0010995705,0.0,-0.03490025,-0.18288268,0.0070150997,-0.005537259,0.03521454,-0.058677062,-0.0017047556,0.24253467,-0.0010759498,0.004733788,-0.025045725,0.0,0.0,0.0,0.0008307348,0.00073778164,0.0,0.0,0.0,0.0,0.0,0.0,0.0,0.0,0.0,0.018466376,0.0,0.0,0.00063465344,0.0,-0.000584473,-0.0010072148,-8.386171e-05,0.0,0.0,0.0,0.0047395695,0.00445473,0.0,0.0,0.003938302,0.0016721833,0.0,0.0,0.0,0.0003454231,0.0,-0.024275137,-0.0041959384,0.0059365993,-0.00011010592,0.0,0.0,-0.009553225,0.0,0.0,0.0,0.0005606192,0.0,0.0,0.0,0.0015371441,0.0,0.0,0.0,0.0007393464,0.000529852,-0.002859552,0.0006542247,0.0,-0.004133007,0.0,0.0,-0.0007002461,0.0,0.0,0.0,0.0014747558,-0.0026235373,0.0,0.0,0.0,0.0,0.0,0.0050616544,0.0,0.0,0.0,0.0,0.0,-0.0006498745,0.0,0.0,-0.032157477,0.00971155,0.0005246742,0.0011501194,0.0051117344,0.00054869946,0.0012876334,0.0,0.0,0.0006077009,0.0,0.0,0.0,0.0,-0.0039149537,0.0,0.0064285584,0.0,0.0,-0.0006181117,0.0,-0.006651384,0.0,0.0,0.0004596248,0.0013897421,0.0,0.0,0.00468438,0.0,-0.0027223225,-2.4905106e-05,0.0,0.0,0.0,0.005405026,0.0,-0.003622631,-0.0031630392,0.0014074462,0.0,0.0032333815,0.0,-0.0010368081
-0.26823398,0.36752337,-0.0059570335,0.0,0.0,-0.03394041,-0.0034322622,-0.02388603,0.0024521025,0.0007998592,0.005835634,0.054703612,-0.027143303,-0.02048291,0.005628842,0.16106613,-0.004280371,0.0034704977,0.000457234,-9.8506185e-05,0.0,0.02553077,0.05480391,-0.001329712,0.0,0.07163352,0.18028674,-0.005383238,0.03204964,0.0038291118,-0.038856868,-0.00016672342,0.15683693,0.008002556,0.0031627745,-0.12766841,0.0,0.0,0.0,0.000830434,0.0007506538,0.0,0.0,0.0,0.0,0.0,0.0,0.0,0.0,0.0,0.01575776,0.0,0.0,0.0007937185,0.0,-0.000306557,-0.0009786694,-8.386171e-05,0.0,0.0,0.0,0.009199435,0.00445473,0.0,0.0,0.0007208944,0.0016791347,0.0,0.0,0.0,0.00034762578,0.0,1.0490724,-0.0045008166,0.0059793554,-0.00044249208,0.0,0.0,-0.0044012275,0.0,0.0,0.0,0.0032500636,0.0,0.0,0.0,0.0039126268,0.0,0.0,0.0,0.00050551,0.0004547168,-0.0027960145,0.00056657323,0.0,-0.0041331337,0.0,0.0,-0.0007002461,0.0,0.0,0.0,0.0014857831,-0.0026235373,0.0,0.0,0.0,0.0,0.0,0.005215361,0.0,0.0,0.0,0.0,0.0,-0.0006498745,0.0,0.0,-0.020284107,0.009426613,0.0010298891,0.0011508749,0.007895626,0.00054869946,0.0013130669,0.0,0.0,0.0006298711,0.0,0.0,0.0,0.0,-0.0038509043,0.0,0.0071209096,0.0,0.0,-0.0003949597,0.0,-0.006651384,0.0,0.0,0.00046012815,0.0013897421,0.0,0.0,0.0071676187,0.0,-0.0004221528,-2.4905106e-05,0.0,0.0,0.0,0.004760941,0.0,-0.00392948,-0.0049925977,0.0013264674,0.0,0.0031632304,0.0,-0.001036269
-0.26823398,0.36752337,-0.0059570335,0.0,0.0,-0.03394041,-0.0034322622,-0.02388603,0.0024521025,0.0007998592,0.005835634,0.054703612,-0.027143303,-0.02048291,0.005628842,0.16106613,-0.004280371,0.0034704977,0.000457234,-9.8506185e-05,0.0,0.02553077,0.05480391,-0.001329712,0.0,0.07163352,0.18028674,-0.005383238,0.03204964,0.0038291118,-0.038856868,-0.00016672342,0.15683693,0.008002556,0.0031627745,-0.12766841,0.0,0.0,0.0,0.000830434,0.0007506538,0.0,0.0,0.0,0.0,0.0,0.0,0.0,0.0,0.0,0.01575776,0.0,0.0,0.0007937185,0.0,-0.000306557,-0.0009786694,-8.386171e-05,0.0,0.0,0.0,0.009199435,0.00445473,0.0,0.0,0.0007208944,0.0016791347,0.0,0.0,0.0,0.00034762578,0.0,1.0490724,-0.0045008166,0.0059793554,-0.00044249208,0.0,0.0,-0.0044012275,0.0,0.0,0.0,0.0032500636,0.0,0.0,0.0,0.0039126268,0.0,0.0,0.0,0.00050551,0.0004547168,-0.0027960145,0.00056657323,0.0,-0.0041331337,0.0,0.0,-0.0007002461,0.0,0.0,0.0,0.0014857831,-0.0026235373,0.0,0.0,0.0,0.0,0.0,0.005215361,0.0,0.0,0.0,0.0,0.0,-0.0006498745,0.0,0.0,-0.020284107,0.009426613,0.0010298891,0.0011508749,0.007895626,0.00054869946,0.0013130669,0.0,0.0,0.0006298711,0.0,0.0,0.0,0.0,-0.0038509043,0.0,0.0071209096,0.0,0.0,-0.0003949597,0.0,-0.006651384,0.0,0.0,0.00046012815,0.0013897421,0.0,0.0,0.0071676187,0.0,-0.0004221528,-2.4905106e-05,0.0,0.0,0.0,0.004760941,0.0,-0.00392948,-0.0049925977,0.0013264674,0.0,0.0031632304,0.0,-0.001036269
-0.26823398,0.36752337,-0.0059570335,0.0,0.0,-0.03394041,-0.0034322622,-0.02388603,0.0024521025,0.0007998592,0.005835634,0.054703612,-0.027143303,-0.02048291,0.005628842,0.16106613,-0.004280371,0.0034704977,0.000457234,-9.8506185e-05,0.0,0.02553077,0.05480391,-0.001329712,0.0,0.07163352,0.18028674,-0.005383238,0.03204964,0.0038291118,-0.038856868,-0.00016672342,0.15683693,0.008002556,0.0031627745,-0.12766841,0.0,0.0,0.0,0.000830434,0.0007506538,0.0,0.0,0.0,0.0,0.0,0.0,0.0,0.0,0.0,0.01575776,0.0,0.0,0.0007937185,0.0,-0.000306557,-0.0009786694,-8.386171e-05,0.0,0.0,0.0,0.009199435,0.00445473,0.0,0.0,0.0007208944,0.0016791347,0.0,0.0,0.0,0.00034762578,0.0,1.0490724,-0.0045008166,0.0059793554,-0.00044249208,0.0,0.0,-0.0044012275,0.0,0.0,0.0,0.0032500636,0.0,0.0,0.0,0.0039126268,0.0,0.0,0.0,0.00050551,0.0004547168,-0.0027960145,0.00056657323,0.0,-0.0041331337,0.0,0.0,-0.0007002461,0.0,0.0,0.0,0.0014857831,-0.0026235373,0.0,0.0,0.0,0.0,0.0,0.005215361,0.0,0.0,0.0,0.0,0.0,-0.0006498745,0.0,0.0,-0.020284107,0.009426613,0.0010298891,0.0011508749,0.007895626,0.00054869946,0.0013130669,0.0,0.0,0.0006298711,0.0,0.0,0.0,0.0,-0.0038509043,0.0,0.0071209096,0.0,0.0,-0.0003949597,0.0,-0.006651384,0.0,0.0,0.00046012815,0.0013897421,0.0,0.0,0.0071676187,0.0,-0.0004221528,-2.4905106e-05,0.0,0.0,0.0,0.004760941,0.0,-0.00392948,-0.0049925977,0.0013264674,0.0,0.0031632304,0.0,-0.001036269
-0.26823398,0.36752337,-0.0059570335,0.0,0.0,-0.03394041,-0.0034322622,-0.02388603,0.0024521025,0.0007998592,0.005835634,0.054703612,-0.027143303,-0.02048291,0.005628842,0.16106613,-0.004280371,0.0034704977,0.000457234,-9.8506185e-05,0.0,0.02553077,0.05480391,-0.001329712,0.0,0.07163352,0.18028674,-0.005383238,0.03204964,0.0038291118,-0.038856868,-0.00016672342,0.15683693,0.008002556,0.0031627745,-0.12766841,0.0,0.0,0.0,0.000830434,0.0007506538,0.0,0.0,0.0,0.0,0.0,0.0,0.0,0.0,0.0,0.01575776,0.0,0.0,0.0007937185,0.0,-0.000306557,-0.0009786694,-8.386171e-05,0.0,0.0,0.0,0.009199435,0.00445473,0.0,0.0,0.0007208944,0.0016791347,0.0,0.0,0.0,0.00034762578,0.0,1.0490724,-0.0045008166,0.0059793554,-0.00044249208,0.0,0.0,-0.0044012275,0.0,0.0,0.0,0.0032500636,0.0,0.0,0.0,0.0039126268,0.0,0.0,0.0,0.00050551,0.0004547168,-0.0027960145,0.00056657323,0.0,-0.0041331337,0.0,0.0,-0.0007002461,0.0,0.0,0.0,0.0014857831,-0.0026235373,0.0,0.0,0.0,0.0,0.0,0.005215361,0.0,0.0,0.0,0.0,0.0,-0.0006498745,0.0,0.0,-0.020284107,0.009426613,0.0010298891,0.0011508749,0.007895626,0.00054869946,0.0013130669,0.0,0.0,0.0006298711,0.0,0.0,0.0,0.0,-0.0038509043,0.0,0.0071209096,0.0,0.0,-0.0003949597,0.0,-0.006651384,0.0,0.0,0.00046012815,0.0013897421,0.0,0.0,0.0071676187,0.0,-0.0004221528,-2.4905106e-05,0.0,0.0,0.0,0.004760941,0.0,-0.00392948,-0.0049925977,0.0013264674,0.0,0.0031632304,0.0,-0.001036269
-0.31114134,-0.06686452,-0.0054202126,0.0,0.0,-0.034029234,-0.0039086705,-0.024164781,0.0014766599,0.0005418182,-0.0074293274,-0.024845438,-0.01741282,-0.03912945,0.0012294046,0.14625733,-0.0069604414,0.0020092358,0.00041436517,-9.8506185e-05,0.0,0.025115963,0.057807337,-0.0013380597,0.0,0.08368124,0.10502699,0.042163864,0.022192668,0.003757951,-0.02658869,0.00075063773,-0.15034404,-0.0012592531,0.0011958247,-0.12743972,0.0,0.0,0.0,0.0008238964,0.0007419154,0.0,0.0,0.0,0.0,0.0,0.0,0.0,0.0,0.0,0.013601888,0.0,0.0,0.0007937185,0.0,-0.000306557,-0.0009786694,-8.386171e-05,0.0,0.0,0.0,0.008363511,0.0039298674,0.0,0.0,0.0007208944,0.0016755532,0.0,0.0,0.0,0.0016648445,0.0,1.0871127,-0.0060263015,0.00937291,-6.7150904e-05,0.0,0.0,-0.00358236,0.0,0.0,0.0,0.0032498552,0.0,0.0,0.0,0.0038577223,0.0,0.0,0.0,0.00050551,0.0004547168,-0.0027957594,0.00056657323,0.0,-0.0041372776,0.0,0.0,-0.0007002461,0.0,0.0,0.0,0.0014857831,-0.0029253857,0.0,0.0,0.0,0.0,0.0,0.0052057547,0.0,0.0,0.0,0.0,0.0,-0.0006498745,0.0,0.0,-0.02009029,0.009108781,0.0010298891,0.0011499544,0.007983385,0.00032259544,0.0027242475,0.0,0.0,0.0006139429,0.0,0.0,0.0,0.0,-0.0038509043,0.0,0.0039185975,0.0,0.0,-0.0006181117,0.0,-0.0052380124,0.0,0.0,0.0004593142,0.0013897421,0.0,0.0,0.0070219897,0.0,-0.0004221528,-2.4905106e-05,0.0,0.0,0.0,0.004572018,0.0,-0.0041013355,-0.0024246334,0.0013179034,0.0,0.003161451,0.0,-0.0010362292
-0.31114134,-0.06686452,-0.0054202126,0.0,0.0,-0.034029234,-0.0039086705,-0.024164781,0.0014766599,0.0005418182,-0.0074293274,-0.024845438,-0.01741282,-0.03912945,0.0012294046,0.14625733,-0.0069604414,0.0020092358,0.00041436517,-9.8506185e-05,0.0,0.025115963,0.057807337,-0.0013380597,0.0,0.08368124,0.10502699,0.042163864,0.022192668,0.003757951,-0.02658869,0.00075063773,-0.15034404,-0.0012592531,0.0011958247,-0.12743972,0.0,0.0,0.0,0.0008238964,0.0007419154,0.0,0.0,0.0,0.0,0.0,0.0,0.0,0.0,0.0,0.013601888,0.0,0.0,0.0007937185,0.0,-0.000306557,-0.0009786694,-8.386171e-05,0.0,0.0,0.0,0.008363511,0.0039298674,0.0,0.0,0.0007208944,0.0016755532,0.0,0.0,0.0,0.0016648445,0.0,1.0871127,-0.0060263015,0.00937291,-6.7150904e-05,0.0,0.0,-0.00358236,0.0,0.0,0.0,0.0032498552,0.0,0.0,0.0,0.0038577223,0.0,0.0,0.0,0.00050551,0.0004547168,-0.0027957594,0.00056657323,0.0,-0.0041372776,0.0,0.0,-0.0007002461,0.0,0.0,0.0,0.0014857831,-0.0029253857,0.0,0.0,0.0,0.0,0.0,0.0052057547,0.0,0.0,0.0,0.0,0.0,-0.0006498745,0.0,0.0,-0.02009029,0.009108781,0.0010298891,0.0011499544,0.007983385,0.00032259544,0.0027242475,0.0,0.0,0.0006139429,0.0,0.0,0.0,0.0,-0.0038509043,0.0,0.0039185975,0.0,0.0,-0.0006181117,0.0,-0.0052380124,0.0,0.0,0.0004593142,0.0013897421,0.0,0.0,0.0070219897,0.0,-0.0004221528,-2.4905106e-05,0.0,0.0,0.0,0.004572018,0.0,-0.0041013355,-0.0024246334,0.0013179034,0.0,0.003161451,0.0,-0.0010362292
-0.33181056,-0.057350967,-0.0064376276,0.0,0.0,-0.033911265,-0.0039086705,-0.024859756,0.0008292182,0.00093416625,0.0012467308,-0.20489603,-0.016990833,-0.0105402535,-0.016580094,-0.784127,-0.008261134,0.0038261043,-0.00012577201,-9.8506185e-05,0.0,-0.000678186,0.059941128,-0.0013380597,0.0,0.08964538,0.25323862,0.052316196,0.01571449,0.0038567213,-0.030188296,1.2615593e-05,-0.03438306,-0.0012592531,0.0034797876,-0.12620361,0.0,0.0,0.0,0.00082387874,0.0007419154,0.0,0.0,0.0,0.0,0.0,0.0,0.0,0.0,0.0,0.0131273065,0.0,0.0,0.0007937185,0.0,-0.000306557,-0.0009786694,-8.386171e-05,0.0,0.0,0.0,0.008322373,0.0039298674,0.0,0.0,0.0008223852,0.0016755188,0.0,0.0,0.0,0.0016604409,0.0,1.0950037,-0.005241074,0.009941761,-6.7150904e-05,0.0,0.0,-0.0037533015,0.0,0.0,0.0,0.0031726658,0.0,0.0,0.0,0.0039126268,0.0,0.0,0.0,0.00050551,0.0004547168,-0.0028028286,0.00056657323,0.0,-0.004190999,0.0,0.0,-0.0007002461,0.0,0.0,0.0,0.0018318833,-0.0029253857,0.0,0.0,0.0,0.0,0.0,0.005160889,0.0,0.0,0.0,0.0,0.0,-0.0006498745,0.0,0.0,-0.020996291,0.009043952,0.0010298891,0.001149919,0.009017789,0.00032259544,0.002717758,0.0,0.0,0.0006139429,0.0,0.0,0.0,0.0,-0.0038489513,0.0,0.003144645,0.0,0.0,-0.0006181117,0.0,-0.007463704,0.0,0.0,0.0004593142,0.0013897421,0.0,0.0,0.006904872,0.0,-0.0004221528,-2.4905106e-05,0.0,0.0,0.0,0.004702166,0.0,-0.004144506,-0.0024085115,0.0013261198,0.0,0.0032794094,0.0,-0.0010368115
0.6356536,0.019467024,-0.063513964,0.0,0.0,-0.03118902,-0.003284413,-0.077938795,-0.008387098,0.0011946725,-0.1406855,-0.020786328,-0.0074432897,-0.012311884,-0.014942941,-0.083208956,-0.010597845,-0.028491683,0.00023785852,-6.976255e-05,0.0,0.0016532768,-0.6323448,-0.0013184255,0.0,0.008339088,-0.07011091,0.018152863,0.02436994,0.1905425,-0.047505945,0.013407836,-0.357239,-0.004505247,0.0012375005,-0.029974762,0.0,0.0,0.0,0.0008187632,0.00073884206,0.0,0.0,0.0,0.0,0.0,0.0,0.0,0.0,0.0,0.012436088,0.0,0.0,0.00046822935,0.0,0.018022098,-0.0010072148,-9.65379e-05,0.0,0.0,0.0,0.008263046,0.00445473,0.0,0.0,0.0008787408,0.0016642077,0.0,0.0,0.0,0.0015384291,0.0,-0.013393255,-0.0047051394,0.0029523803,-0.00049230293,0.0,0.0,-0.0035453453,0.0,0.0,0.0,0.0030818577,0.0,0.0,0.0,0.0015266453,0.0,0.0,0.0,0.00033604202,0.0004547168,-0.0028332479,0.00056657323,0.0,-0.0042086956,0.0,0.0,-0.0007002461,0.0,0.0,0.0,0.0007940588,-0.0026510486,0.0,0.0,0.0,0.0,0.0,0.005194603,0.0,0.0,0.0,0.0,0.0,-0.0006498745,0.0,0.0,-0.014096005,0.008264487,0.0005246742,0.001144878,0.012906487,0.00054869946,0.0026856186,0.0,0.0,0.000617892,0.0,0.0,0.0,0.0,-0.003900511,0.0,0.0047331904,0.0,0.0,-0.00039360515,0.0,-0.0031934616,0.0,0.0,0.0004593142,0.0006262464,0.0,0.0,0.014416785,0.0,-0.0004221528,-2.4905106e-05,0.0,0.0,0.0,0.008067392,0.0,-0.0030901236,-0.0024130212,0.0012967825,0.0,0.0032386465,0.0,-0.0010356304
0.6356536,0.019467024,-0.063513964,0.0,0.0,-0.03118902,-0.003284413,-0.077938795,-0.008387098,0.0011946725,-0.1406855,-0.020786328,-0.0074432897,-0.012311884,-0.014942941,-0.083208956,-0.010597845,-0.028491683,0.00023785852,-6.976255e-05,0.0,0.0016532768,-0.6323448,-0.0013184255,0.0,0.008339088,-0.07011091,0.018152863,0.02436994,0.1905425,-0.047505945,0.013407836,-0.357239,-0.004505247,0.0012375005,-0.029974762,0.0,0.0,0.0,0.0008187632,0.00073884206,0.0,0.0,0.0,0.0,0.0,0.0,0.0,0.0,0.0,0.012436088,0.0,0.0,0.00046822935,0.0,0.018022098,-0.0010072148,-9.65379e-05,0.0,0.0,0.0,0.008263046,0.00445473,0.0,0.0,0.0008787408,0.0016642077,0.0,0.0,0.0,0.0015384291,0.0,-0.013393255,-0.0047051394,0.0029523803,-0.00049230293,0.0,0.0,-0.0035453453,0.0,0.0,0.0,0.0030818577,0.0,0.0,0.0,0.0015266453,0.0,0.0,0.0,0.00033604202,0.0004547168,-0.0028332479,0.00056657323,0.0,-0.0042086956,0.0,0.0,-0.0007002461,0.0,0.0,0.0,0.0007940588,-0.0026510486,0.0,0.0,0.0,0.0,0.0,0.005194603,0.0,0.0,0.0,0.0,0.0,-0.0006498745,0.0,0.0,-0.014096005,0.008264487,0.0005246742,0.001144878,0.012906487,0.00054869946,0.0026856186,0.0,0.0,0.000617892,0.0,0.0,0.0,0.0,-0.003900511,0.0,0.0047331904,0.0,0.0,-0.00039360515,0.0,-0.0031934616,0.0,0.0,0.0004593142,0.0006262464,0.0,0.0,0.014416785,0.0,-0.0004221528,-2.4905106e-05,0.0,0.0,0.0,0.008067392,0.0,-0.0030901236,-0.0024130212,0.0012967825,0.0,0.0032386465,0.0,-0.0010356304
0.6356536,0.019467024,-0.063513964,0.0,0.0,-0.03118902,-0.003284413,-0.077938795,-0.008387098,0.0011946725,-0.1406855,-0.020786328,-0.0074432897,-0.012311884,-0.014942941,-0.083208956,-0.010597845,-0.028491683,0.00023785852,-6.976255e-05,0.0,0.0016532768,-0.6323448,-0.0013184255,0.0,0.008339088,-0.07011091,0.018152863,0.02436994,0.1905425,-0.047505945,0.013407836,-0.357239,-0.004505247,0.0012375005,-0.029974762,0.0,0.0,0.0,0.0008187632,0.00073884206,0.0,0.0,0.0,0.0,0.0,0.0,0.0,0.0,0.0,0.012436088,0.0,0.0,0.00046822935,0.0,0.018022098,-0.0010072148,-9.65379e-05,0.0,0.0,0.0,0.008263046,0.00445473,0.0,0.0,0.0008787408,0.0016642077,0.0,0.0,0.0,0.0015384291,0.0,-0.013393255,-0.0047051394,0.0029523803,-0.00049230293,0.0,0.0,-0.0035453453,0.0,0.0,0.0,0.0030818577,0.0,0.0,0.0,0.0015266453,0.0,0.0,0.0,0.00033604202,0.0004547168,-0.0028332479,0.00056657323,0.0,-0.0042086956,0.0,0.0,-0.0007002461,0.0,0.0,0.0,0.0007940588,-0.0026510486,0.0,0.0,0.0,0.0,0.0,0.005194603,0.0,0.0,0.0,0.0,0.0,-0.0006498745,0.0,0.0,-0.014096005,0.008264487,0.0005246742,0.001144878,0.012906487,0.00054869946,0.0026856186,0.0,0.0,0.000617892,0.0,0.0,0.0,0.0,-0.003900511,0.0,0.0047331904,0.0,0.0,-0.00039360515,0.0,-0.0031934616,0.0,0.0,0.0004593142,0.0006262464,0.0,0.0,0.014416785,0.0,-0.0004221528,-2.4905106e-05,0.0,0.0,0.0,0.008067392,0.0,-0.0030901236,-0.0024130212,0.0012967825,0.0,0.0032386465,0.0,-0.0010356304
0.6356536,0.019467024,-0.063513964,0.0,0.0,-0.03118902,-0.003284413,-0.077938795,-0.008387098,0.0011946725,-0.1406855,-0.020786328,-0.0074432897,-0.012311884,-0.014942941,-0.083208956,-0.010597845,-0.028491683,0.00023785852,-6.976255e-05,0.0,0.0016532768,-0.6323448,-0.0013184255,0.0,0.008339088,-0.07011091,0.018152863,0.02436994,0.1905425,-0.047505945,0.013407836,-0.357239,-0.004505247,0.0012375005,-0.029974762,0.0,0.0,0.0,0.0008187632,0.00073884206,0.0,0.0,0.0,0.0,0.0,0.0,0.0,0.0,0.0,0.012436088,0.0,0.0,0.00046822935,0.0,0.018022098,-0.0010072148,-9.65379e-05,0.0,0.0,0.0,0.008263046,0.00445473,0.0,0.0,0.0008787408,0.0016642077,0.0,0.0,0.0,0.0015384291,0.0,-0.013393255,-0.0047051394,0.0029523803,-0.00049230293,0.0,0.0,-0.0035453453,0.0,0.0,0.0,0.0030818577,0.0,0.0,0.0,0.0015266453,0.0,0.0,0.0,0.00033604202,0.0004547168,-0.0028332479,0.00056657323,0.0,-0.0042086956,0.0,0.0,-0.0007002461,0.0,0.0,0.0,0.0007940588,-0.0026510486,0.0,0.0,0.0,0.0,0.0,0.005194603,0.0,0.0,0.0,0.0,0.0,-0.0006498745,0.0,0.0,-0.014096005,0.008264487,0.0005246742,0.001144878,0.012906487,0.00054869946,0.0026856186,0.0,0.0,0.000617892,0.0,0.0,0.0,0.0,-0.003900511,0.0,0.0047331904,0.0,0.0,-0.00039360515,0.0,-0.0031934616,0.0,0.0,0.0004593142,0.0006262464,0.0,0.0,0.014416785,0.0,-0.0004221528,-2.4905106e-05,0.0,0.0,0.0,0.008067392,0.0,-0.0030901236,-0.0024130212,0.0012967825,0.0,0.0032386465,0.0,-0.0010356304
-0.40397513,0.5567359,-0.11439434,0.0,0.0,0.11627473,-0.006322433,0.007008698,-0.008406162,0.0010329175,-0.060765922,-0.036796156,-0.005487466,-0.008872326,-0.006193706,-0.016427798,-0.008414598,0.004680555,0.000457234,0.0017490194,0.0,0.002072262,0.0468517,-0.0013447826,0.0,-0.04878577,0.00092799426,0.009917933,0.01065598,0.03251095,0.07678269,-0.00054846815,0.33748338,-0.00056571164,0.0030644932,0.052508593,0.0,0.0,0.0,0.00083044654,0.0007395572,0.0,0.0,0.0,0.0,0.0,0.0,0.0,0.0,0.0,0.01875191,0.0,0.0,0.00072591787,0.0,-0.000584473,-0.0010071129,-8.386171e-05,0.0,0.0,0.0,0.008847875,0.0039298674,0.0,0.0,0.004552319,0.0016758491,0.0,0.0,0.0,0.00031148823,0.0,-0.030022148,-0.0031964523,0.0061612907,4.016709e-06,0.0,0.0,-0.0090565905,0.0,0.0,0.0,0.00056042813,0.0,0.0,0.0,0.0016334924,0.0,0.0,0.0,0.0007393464,0.0004547168,-0.0028600614,0.0006180763,0.0,-0.004134259,0.0,0.0,-0.0007002461,0.0,0.0,0.0,0.00076705805,-0.0026235373,0.0,0.0,0.0,0.0,0.0,0.005327866,0.0,0.0,0.0,0.0,0.0,-0.0006498745,0.0,0.0,-0.028570123,0.004601173,0.0005246742,0.0011500337,0.007173623,0.00054869946,0.0012926247,0.0,0.0,0.00061516964,0.0,0.0,0.0,0.0,-0.0043109492,0.0,0.003024133,0.0,0.0,-0.0006181117,0.0,-0.006651384,0.0,0.0,0.0004596248,0.0013897421,0.0,0.0,0.0052117608,0.0,0.06658609,-2.4905106e-05,0.0,0.0,0.0,0.0051449165,0.0,-0.0047183842,-0.0024863621,0.0014082127,0.0,0.0016226071,0.0,-0.0010381151
-0.40397513,0.5567359,-0.11439434,0.0,0.0,0.11627473,-0.006322433,0.007008698,-0.008406162,0.0010329175,-0.060765922,-0.036796156,-0.005487466,-0.008872326,-0.006193706,-0.016427798,-0.008414598,0.004680555,0.000457234,0.0017490194,0.0,0.002072262,0.0468517,-0.0013447826,0.0,-0.04878577,0.00092799426,0.009917933,0.01065598,0.03251095,0.07678269,-0.00054846815,0.33748338,-0.00056571164,0.0030644932,0.052508593,0.0,0.0,0.0,0.00083044654,0.0007395572,0.0,0.0,0.0,0.0,0.0,0.0,0.0,0.0,0.0,0.01875191,0.0,0.0,0.00072591787,0.0,-0.000584473,-0.0010071129,-8.386171e-05,0.0,0.0,0.0,0.008847875,0.0039298674,0.0,0.0,0.004552319,0.0016758491,0.0,0.0,0.0,0.00031148823,0.0,-0.030022148,-0.0031964523,0.0061612907,4.016709e-06,0.0,0.0,-0.0090565905,0.0,0.0,0.0,0.00056042813,0.0,0.0,0.0,0.0016334924,0.0,0.0,0.0,0.0007393464,0.0004547168,-0.0028600614,0.0006180763,0.0,-0.004134259,0.0,0.0,-0.0007002461,0.0,0.0,0.0,0.00076705805,-0.0026235373,0.0,0.0,0.0,0.0,0.0,0.005327866,0.0,0.0,0.0,0.0,0.0,-0.0006498745,0.0,0.0,-0.028570123,0.004601173,0.0005246742,0.0011500337,0.007173623,0.00054869946,0.0012926247,0.0,0.0,0.00061516964,0.0,0.0,0.0,0.0,-0.0043109492,0.0,0.003024133,0.0,0.0,-0.0006181117,0.0,-0.006651384,0.0,0.0,0.0004596248,0.0013897421,0.0,0.0,0.0052117608,0.0,0.06658609,-2.4905106e-05,0.0,0.0,0.0,0.0051449165,0.0,-0.0047183842,-0.0024863621,0.0014082127,0.0,0.0016226071,0.0,-0.0010381151
-0.41783962,0.67930514,-0.009404261,0.0,0.0,-0.017204784,-0.0020152184,-0.015370218,-0.008336621,0.00093416625,-0.06996245,-0.017621987,-0.005632428,-0.01886025,0.09470896,0.19399111,0.1003952,0.00055023236,0.000457234,-9.2350194e-05,0.0,0.040773608,0.051172357,-0.0013408078,0.0,-0.0783258,-0.18186885,0.07503504,-0.23498288,0.010419878,0.071906455,0.013506149,0.25690633,-0.00038240824,0.0027262697,-0.21429314,0.0,0.0,0.0,0.00083074445,0.00073568,0.0,0.0,0.0,0.0,0.0,0.0,0.0,0.0,0.0,0.018896438,0.0,0.0,0.0005793231,0.0,-0.000584473,-0.0010072148,-0.00034986454,0.0,0.0,0.0,0.0049114083,0.00445473,0.0,0.0,0.0042954176,0.0016743838,0.0,0.0,0.0,0.00033876344,0.0,-0.030188806,-0.002631143,0.0059188465,-0.00013404657,0.0,0.0,-0.008097489,0.0,0.0,0.0,0.00063750695,0.0,0.0,0.0,0.0015371441,0.0,0.0,0.0,0.0007393464,0.000529852,-0.0028600614,0.0015017522,0.0,-0.0047262902,0.0,0.0,-0.0007002461,0.0,0.0,0.0,0.0015530833,-0.0018523983,0.0,0.0,0.0,0.0,0.0,0.005446636,0.0,0.0,0.0,0.0,0.0,-0.0006498745,0.0,0.0,-0.030048283,0.0046084044,0.00037078466,0.0011502032,0.00545517,0.00054869946,0.0013082601,0.0,0.0,0.0006097374,0.0,0.0,0.0,0.0,-0.003990518,0.0,0.006624465,0.0,0.0,-0.0006181117,0.0,-0.006651384,0.0,0.0,0.0004596248,0.0013897421,0.0,0.0,0.0053056045,0.0,-0.001038024,-2.4905106e-05,0.0,0.0,0.0,0.0054123774,0.0,-0.0043913606,-0.0024798221,0.001303944,0.0,0.0032521086,0.0,-0.0010581346
-0.32024437,0.47290096,0.031119753,0.0,0.0,0.13443229,0.1296832,-0.024859756,0.3004215,0.0010329175,-0.007855848,0.0023871479,-0.0037174588,-0.015664268,-0.023188949,0.07706609,0.04028399,0.0032628635,0.000457234,0.0016223406,0.0,0.26355252,-0.5663789,-0.007916359,0.0,0.02733007,0.16831577,-0.05355972,0.044623006,0.06127904,-0.03983363,-0.00019123887,0.18073799,0.0071974997,0.003091237,0.016716752,0.0,0.0,0.0,0.000830434,0.00073723786,0.0,0.0,0.0,0.0,0.0,0.0,0.0,0.0,0.0,0.018635433,0.0,0.0,0.0007937185,0.0,-0.000306557,-0.0010050259,-0.0012765876,0.0,0.0,0.0,0.0089971665,0.0039298674,0.0,0.0,0.0010507584,0.0016791968,0.0,0.0,0.0,0.0003553045,0.0,-0.0097629875,-0.0031055307,0.0060587088,-0.00017694468,0.0,0.0,-0.0050231786,0.0,0.0,0.0,0.0032283382,0.0,0.0,0.0,0.0039126268,0.0,0.0,0.0,0.0007393464,0.00022437566,-0.0028795928,0.00056706305,0.0,-0.0029791577,0.0,0.0,-0.0007002461,0.0,0.0,0.0,0.0018048827,-0.0022685798,0.0,0.0,0.0,0.0,0.0,0.0050667007,0.0,0.0,0.0,0.0,0.0,-0.00025024655,0.0,0.0,0.4095751,0.009551064,0.0010298891,0.0011501252,0.008014991,0.00054869946,0.0013130553,0.0,0.0,0.00061327143,0.0,0.0,0.0,0.0,-0.0037617898,0.0,0.0037854272,0.0,0.0,-0.00046715618,0.0,-0.006651384,0.0,0.0,0.00045919218,0.0013897421,0.0,0.0,0.0071676187,0.0,-0.0004221528,-3.62122e-05,0.0,0.0,0.0,0.004665337,0.0,-0.004397094,-0.002850798,0.0013165748,0.0,0.0016741395,0.0,-0.0010304046
-0.32024437,0.47290096,0.031119753,0.0,0.0,0.13443229,0.1296832,-0.024859756,0.3004215,0.0010329175,-0.007855848,0.0023871479,-0.0037174588,-0.015664268,-0.023188949,0.07706609,0.04028399,0.0032628635,0.000457234,0.0016223406,0.0,0.26355252,-0.5663789,-0.007916359,0.0,0.02733007,0.16831577,-0.05355972,0.044623006,0.06127904,-0.03983363,-0.00019123887,0.18073799,0.0071974997,0.003091237,0.016716752,0.0,0.0,0.0,0.000830434,0.00073723786,0.0,0.0,0.0,0.0,0.0,0.0,0.0,0.0,0.0,0.018635433,0.0,0.0,0.0007937185,0.0,-0.000306557,-0.0010050259,-0.0012765876,0.0,0.0,0.0,0.0089971665,0.0039298674,0.0,0.0,0.0010507584,0.0016791968,0.0,0.0,0.0,0.0003553045,0.0,-0.0097629875,-0.0031055307,0.0060587088,-0.00017694468,0.0,0.0,-0.0050231786,0.0,0.0,0.0,0.0032283382,0.0,0.0,0.0,0.0039126268,0.0,0.0,0.0,0.0007393464,0.00022437566,-0.0028795928,0.00056706305,0.0,-0.0029791577,0.0,0.0,-0.0007002461,0.0,0.0,0.0,0.0018048827,-0.0022685798,0.0,0.0,0.0,0.0,0.0,0.0050667007,0.0,0.0,0.0,0.0,0.0,-0.00025024655,0.0,0.0,0.4095751,0.009551064,0.0010298891,0.0011501252,0.008014991,0.00054869946,0.0013130553,0.0,0.0,0.00061327143,0.0,0.0,0.0,0.0,-0.0037617898,0.0,0.0037854272,0.0,0.0,-0.00046715618,0.0,-0.006651384,0.0,0.0,0.00045919218,0.0013897421,0.0,0.0,0.0071676187,0.0,-0.0004221528,-3.62122e-05,0.0,0.0,0.0,0.004665337,0.0,-0.004397094,-0.002850798,0.0013165748,0.0,0.0016741395,0.0,-0.0010304046
-0.2944017,0.43056288,0.030703142,0.0,0.0,0.13844323,0.1296832,-0.024846695,0.3004215,0.0008731667,-0.026455006,0.023332931,-0.0041435002,-0.036296934,-0.05113381,0.03253854,0.03645693,0.0014459946,0.000457234,0.0016223406,0.0,0.35614935,-0.33056727,-0.0008426701,0.0,0.02771972,0.11937788,-0.053480636,0.04453965,0.06127904,-0.029073918,0.0006127078,-0.15616484,0.0071974997,0.0011023717,-0.008762113,0.0,0.0,0.0,0.000830478,0.00073723786,0.0,0.0,0.0,0.0,0.0,0.0,0.0,0.0,0.0,0.015878804,0.0,0.0,0.0007937185,0.0,-0.000306557,-0.0010050259,-0.0012765876,0.0,0.0,0.0,0.0090994965,0.0039298674,0.0,0.0,0.0010507584,0.0016791968,0.0,0.0,0.0,0.0003553045,0.0,-0.009678843,-0.0023659624,0.003934707,-0.00017694468,0.0,0.0,-0.004560958,0.0,0.0,0.0,0.003248316,0.0,0.0,0.0,0.0038577223,0.0,0.0,0.0,0.0007393464,0.00022437566,-0.0028795928,0.00056706305,0.0,-0.0029791577,0.0,0.0,-0.0007002461,0.0,0.0,0.0,0.0018048827,-0.002255578,0.0,0.0,0.0,0.0,0.0,0.0050669657,0.0,0.0,0.0,0.0,0.0,-0.00025024655,0.0,0.0,0.44453844,0.009551064,0.0010298891,0.0011501252,0.007971095,0.00054869946,0.0013002877,0.0,0.0,0.00061327143,0.0,0.0,0.0,0.0,-0.0036991094,0.0,0.0037761133,0.0,0.0,-0.00046715618,0.0,-0.0052380124,0.0,0.0,0.00045919218,0.0013897421,0.0,0.0,0.007036831,0.0,-0.0004221528,-3.62122e-05,0.0,0.0,0.0,0.004665337,0.0,-0.004397094,-0.002850798,0.0013080748,0.0,0.0016741395,0.0,-0.0010304046
-0.0584611,-0.10718514,-0.007685411,0.0,0.0,-0.01781657,-0.0056639905,-0.0234567,-0.014437382,0.0012790548,-0.01448096,0.048033,-0.015543692,0.07080783,-0.008845273,-0.013739726,-0.0055625555,0.028546728,-0.030088611,-0.00012477177,0.0,-0.0045190854,-0.10806211,-0.0016387292,0.0,0.032227207,0.08399102,0.018892871,0.018554952,-0.09442335,-0.031389702,0.0059900745,-0.15319805,0.00016821566,0.0014909225,0.026835412,0.0,0.0,0.0,0.0008187729,0.0007507115,0.0,0.0,0.0,0.0,0.0,0.0,0.0,0.0,0.0,0.014498164,0.0,0.0,0.00046822935,0.0,-0.00020665546,-0.001009126,-8.386171e-05,0.0,0.0,0.0,0.008281914,0.00445473,0.0,0.0,0.00083502487,0.0016705695,0.0,0.0,0.0,0.0016156733,0.0,-0.027321551,-0.002813149,0.0030367055,-0.0004943877,0.0,0.0,-0.0042999247,0.0,0.0,0.0,0.0031744135,0.0,0.0,0.0,0.0038174896,0.0,0.0,0.0,0.0007393464,0.0004547168,-0.0027791776,0.00056657323,0.0,0.6555133,0.0,0.0,-0.0007002461,0.0,0.0,0.0,0.0018318833,-0.0021662796,0.0,0.0,0.0,0.0,0.0,0.0055848584,0.0,0.0,0.0,0.0,0.0,-0.00025024655,0.0,0.0,-0.01641674,0.009243574,0.0010298891,0.0011497394,0.013784931,0.00054869946,0.002705301,0.0,0.0,0.0006225879,0.0,0.0,0.0,0.0,-0.0039297254,0.0,0.00514173,0.0,0.0,-0.00024400419,0.0,-0.0019314508,0.0,0.0,0.0004593142,0.00057068316,0.0,0.0,0.0057532443,0.0,-0.0004221528,-2.4905106e-05,0.0,0.0,0.0,0.0029882072,0.0,-0.0029087807,-0.002501939,0.0013110292,0.0,0.0031449285,0.0,-0.0010042425
0.012694575,-0.2123361,-0.011320467,0.0,0.0,-0.020860258,-0.0056639905,-0.0234567,-0.014437382,0.0012790548,-0.015919143,0.07702959,-0.015534604,-0.12623996,-0.008845273,-0.011182215,-0.0055625555,0.013231948,-0.030088611,-0.00012477177,0.0,-0.0045190854,-0.10892751,-0.0016387292,0.0,0.05011978,0.08820959,0.015793005,0.020434644,-0.08596599,-0.035464868,0.005948324,-0.12912461,0.00016821566,0.0014909225,0.026064381,0.0,0.0,0.0,0.0008187729,0.0007500418,0.0,0.0,0.0,0.0,0.0,0.0,0.0,0.0,0.0,0.014450211,0.0,0.0,0.00046822935,0.0,-0.00020665546,-0.0012765126,-8.386171e-05,0.0,0.0,0.0,0.008243915,0.00445473,0.0,0.0,0.00083502487,0.0016692585,0.0,0.0,0.0,0.0016098762,0.0,-0.027346432,-0.002813149,0.003020928,-0.0004943877,0.0,0.0,-0.0042392164,0.0,0.0,0.0,0.0029875955,0.0,0.0,0.0,0.0038174896,0.0,0.0,0.0,0.0007393464,0.0004547168,-0.002876807,0.00056657323,0.0,0.39576206,0.0,0.0,-0.0007002461,0.0,0.0,0.0,0.0018318833,-0.0021152878,0.0,0.0,0.0,0.0,0.0,0.0055848584,0.0,0.0,0.0,0.0,0.0,-0.00025024655,0.0,0.0,-0.015309563,0.009243574,0.00091923645,0.0011449212,0.013769659,0.00054869946,0.0026962976,0.0,0.0,0.0006225879,0.0,0.0,0.0,0.0,-0.0039288527,0.0,0.005077192,0.0,0.0,-0.00024400419,0.0,-0.0019314508,0.0,0.0,0.0004593142,0.00057068316,0.0,0.0,0.0057532443,0.0,-0.0004221528,-2.4905106e-05,0.0,0.0,0.0,0.0029821426,0.0,-0.002822239,-0.002347081,0.0013110292,0.0,0.0031217171,0.0,-0.0010277516
-0.20664279,-0.10126915,-0.010011171,0.0,0.0,-0.015895242,-0.0056639905,-0.0234567,-0.012154518,0.0012790548,-0.014105535,0.048992958,-0.01555285,0.037404615,-0.008845273,-0.015275039,-0.0056247595,0.0187655,-0.030088611,-0.00012477177,0.0,-0.0019958683,-0.09548439,-0.0016386282,0.0,0.06028992,0.08629961,0.025520971,0.018108863,-0.10695168,-0.06405647,0.00053727103,-0.20074296,-0.00056571164,0.0014909225,-0.025649907,0.0,0.0,0.0,0.0008187729,0.0007528925,0.0,0.0,0.0,0.0,0.0,0.0,0.0,0.0,0.0,0.014454841,0.0,0.0,0.0007937185,0.0,-0.00020665546,-0.001009126,-8.386171e-05,0.0,0.0,0.0,0.008264046,0.00445473,0.0,0.0,0.00083502487,0.0016706673,0.0,0.0,0.0,0.001615928,0.0,-0.027321551,-0.0028996684,0.0030965137,-0.0004974831,0.0,0.0,-0.00502352,0.0,0.0,0.0,0.0031744135,0.0,0.0,0.0,0.0038174896,0.0,0.0,0.0,0.0007393464,0.0004547168,-0.002766172,0.00056657323,0.0,0.43264058,0.0,0.0,-0.0007002461,0.0,0.0,0.0,0.0018318833,-0.0021152878,0.0,0.0,0.0,0.0,0.0,0.005586307,0.0,0.0,0.0,0.0,0.0,-0.00025024655,0.0,0.0,-0.01514458,0.009241401,0.0010298891,0.0011499465,0.008915219,0.00054869946,0.0027057973,0.0,0.0,0.0006225879,0.0,0.0,0.0,0.0,-0.0039280388,0.0,0.0065150494,0.0,0.0,-0.00024400419,0.0,-0.0019512805,0.0,0.0,0.0004593142,0.0011991947,0.0,0.0,0.0059380336,0.0,-0.0004221528,-2.4905106e-05,0.0,0.0,0.0,0.0034098388,0.0,-0.004295297,-0.0024916863,0.0013111335,0.0,0.0014111979,0.0,-0.0010249348
-0.32025453,0.47290727,0.031119753,0.0,0.0,0.13443229,0.1296832,-0.024859756,0.30494666,0.0010329175,-0.007855848,0.0023871479,-0.0037174588,-0.015664268,-0.023188949,0.07706609,0.04028399,0.0032628635,0.000457234,0.0016223406,0.0,0.26355252,-0.5663789,-0.007916359,0.0,0.027285466,0.14465739,-0.05355972,0.044623006,0.06127904,-0.03983363,-0.00019123887,0.17558448,0.0071974997,0.003091237,0.016716752,0.0,0.0,0.0,0.000830434,0.0007366351,0.0,0.0,0.0,0.0,0.0,0.0,0.0,0.0,0.0,0.01854256,0.0,0.0,0.0007937185,0.0,-0.000306557,-0.0010050259,-0.0012765876,0.0,0.0,0.0,0.008994881,0.0039298674,0.0,0.0,0.0010507584,0.0016789899,0.0,0.0,0.0,0.0003553045,0.0,-0.0097629875,-0.0031055307,0.005979716,-0.00017694468,0.0,0.0,-0.0050231786,0.0,0.0,0.0,0.0032283382,0.0,0.0,0.0,0.0039126268,0.0,0.0,0.0,0.0007393464,0.00022437566,-0.0028795928,0.00056706305,0.0,-0.0029791577,0.0,0.0,-0.0007002461,0.0,0.0,0.0,0.0018048827,-0.0022685798,0.0,0.0,0.0,0.0,0.0,0.0050667007,0.0,0.0,0.0,0.0,0.0,-0.0006498745,0.0,0.0,0.4095751,0.009551064,0.0010298891,0.0011501252,0.008014991,0.00054869946,0.0013130553,0.0,0.0,0.00061327143,0.0,0.0,0.0,0.0,-0.0037617898,0.0,0.0037854272,0.0,0.0,-0.0006181117,0.0,-0.006651384,0.0,0.0,0.00045919218,0.0013897421,0.0,0.0,0.0071676187,0.0,-0.0004221528,-3.62122e-05,0.0,0.0,0.0,0.004665337,0.0,-0.004397094,-0.002850798,0.0013165748,0.0,0.0016741395,0.0,-0.0010304046
-0.32025453,0.47290727,0.031119753,0.0,0.0,0.13443229,0.1296832,-0.024859756,0.30494666,0.0010329175,-0.007855848,0.0023871479,-0.0037174588,-0.015664268,-0.023188949,0.07706609,0.04028399,0.0032628635,0.000457234,0.0016223406,0.0,0.26355252,-0.5663789,-0.007916359,0.0,0.027285466,0.14465739,-0.05355972,0.044623006,0.06127904,-0.03983363,-0.00019123887,0.17558448,0.0071974997,0.003091237,0.016716752,0.0,0.0,0.0,0.000830434,0.0007366351,0.0,0.0,0.0,0.0,0.0,0.0,0.0,0.0,0.0,0.01854256,0.0,0.0,0.0007937185,0.0,-0.000306557,-0.0010050259,-0.0012765876,0.0,0.0,0.0,0.008994881,0.0039298674,0.0,0.0,0.0010507584,0.0016789899,0.0,0.0,0.0,0.0003553045,0.0,-0.0097629875,-0.0031055307,0.005979716,-0.00017694468,0.0,0.0,-0.0050231786,0.0,0.0,0.0,0.0032283382,0.0,0.0,0.0,0.0039126268,0.0,0.0,0.0,0.0007393464,0.00022437566,-0.0028795928,0.00056706305,0.0,-0.0029791577,0.0,0.0,-0.0007002461,0.0,0.0,0.0,0.0018048827,-0.0022685798,0.0,0.0,0.0,0.0,0.0,0.0050667007,0.0,0.0,0.0,0.0,0.0,-0.0006498745,0.0,0.0,0.4095751,0.009551064,0.0010298891,0.0011501252,0.008014991,0.00054869946,0.0013130553,0.0,0.0,0.00061327143,0.0,0.0,0.0,0.0,-0.0037617898,0.0,0.0037854272,0.0,0.0,-0.0006181117,0.0,-0.006651384,0.0,0.0,0.00045919218,0.0013897421,0.0,0.0,0.0071676187,0.0,-0.0004221528,-3.62122e-05,0.0,0.0,0.0,0.004665337,0.0,-0.004397094,-0.002850798,0.0013165748,0.0,0.0016741395,0.0,-0.0010304046
-0.32518432,0.42628258,0.02802545,0.0,0.0,0.08902258,0.14719667,-0.024846695,0.219463,0.0010329175,-0.0064306636,0.0011058929,-0.0037174588,-0.023719158,-0.019036379,0.037187498,0.03645693,0.0032628635,0.000457234,0.0016223406,0.0,0.5468113,0.06406776,0.0027500961,0.0,0.027675115,0.15230258,-0.035180278,0.045027014,0.065788016,-0.037311103,-0.00019123887,0.1646776,0.0071974997,0.003091237,-0.01625482,0.0,0.0,0.0,0.000830434,0.00074201217,0.0,0.0,0.0,0.0,0.0,0.0,0.0,0.0,0.0,0.018733274,0.0,0.0,0.0007937185,0.0,-0.000306557,-0.0010050259,-0.0012765876,0.0,0.0,0.0,0.009097211,0.0039298674,0.0,0.0,0.0010507584,0.0016843034,0.0,0.0,0.0,0.0003553045,0.0,-0.009678843,-0.0023659624,0.005979716,-0.00017694468,0.0,0.0,-0.0050102733,0.0,0.0,0.0,0.003248316,0.0,0.0,0.0,0.0039126268,0.0,0.0,0.0,0.0007393464,0.00022437566,-0.0028795928,0.00056706305,0.0,-0.0029791577,0.0,0.0,-0.0007002461,0.0,0.0,0.0,0.0018048827,-0.002255578,0.0,0.0,0.0,0.0,0.0,0.0050667007,0.0,0.0,0.0,0.0,0.0,-0.0006498745,0.0,0.0,0.42982128,0.0096515305,0.0010298891,0.0011501252,0.008102919,0.00054869946,0.0013130553,0.0,0.0,0.00061327143,0.0,0.0,0.0,0.0,-0.0036991094,0.0,0.0037761133,0.0,0.0,-0.0006181117,0.0,-0.006651384,0.0,0.0,0.00045919218,0.0013897421,0.0,0.0,0.0071676187,0.0,-0.0004221528,-3.62122e-05,0.0,0.0,0.0,0.004665337,0.0,-0.004397094,-0.0017782045,0.0013219587,0.0,0.0017279775,0.0,-0.001022352
-0.4752,-0.45615682,-0.011854892,0.0,0.0,-0.023201326,-0.0035003554,-0.016191512,-0.005670365,0.00093416625,-0.037874624,-0.00886748,-0.0053351806,-0.037480947,-0.00544545,-0.020178858,-0.034789156,-0.010488773,0.00041436517,-2.4301287e-05,0.0,0.0025457055,-0.02317777,-0.0016376778,0.0,-0.285076,-0.32956293,0.006304563,-0.42976615,0.028034892,-0.09086069,0.0027498745,0.05723538,-0.0012592531,0.0019560417,-0.0093145305,0.0,0.0,0.0,-0.6737188,0.0007288701,0.0,0.0,0.0,0.0,0.0,0.0,0.0,0.0,0.0,0.017814057,0.0,0.0,0.00023976088,0.0,-0.000584473,-0.0012755293,-0.00034986454,0.0,0.0,0.0,0.0036453987,0.0059012417,0.0,0.0,0.0008926495,0.0015720021,0.0,0.0,0.0,0.0013176466,0.0,-0.02740227,-0.005001688,0.0042541665,-0.00028389125,0.0,0.0,-0.010735188,0.0,0.0,0.0,0.0019156504,0.0,0.0,0.0,0.0015371441,0.0,0.0,0.0,0.0007393464,0.0004547168,-0.0030654839,0.00072380103,0.0,-0.004211691,0.0,0.0,-0.0007002461,0.0,0.0,0.0,0.0015584708,-0.0029253857,0.0,0.0,0.0,0.0,0.0,0.002226888,0.0,0.0,0.0,0.0,0.0,-0.0006498745,0.0,0.0,-0.016617473,0.008942996,0.00033783662,0.0011453555,0.0077854786,0.00054869946,0.0025432026,0.0,0.0,0.00060855097,0.0,0.0,0.0,0.0,-0.003990913,0.0,0.0014676198,0.0,0.0,-0.0006181117,0.0,-0.005580603,0.0,0.0,0.00045863978,0.0006262464,0.0,0.0,0.006341022,0.0,-0.00032166106,-2.4905106e-05,0.0,0.0,0.0,0.0055608135,0.0,-0.0046680695,-0.00252213,0.001112831,0.0,0.003233154,0.0,-0.0010604132
-0.4752,-0.45615682,-0.011854892,0.0,0.0,-0.023201326,-0.0035003554,-0.016191512,-0.005670365,0.00093416625,-0.037874624,-0.00886748,-0.0053351806,-0.037480947,-0.00544545,-0.020178858,-0.034789156,-0.010488773,0.00041436517,-2.4301287e-05,0.0,0.0025457055,-0.02317777,-0.0016376778,0.0,-0.285076,-0.32956293,0.006304563,-0.42976615,0.028034892,-0.09086069,0.0027498745,0.05723538,-0.0012592531,0.0019560417,-0.0093145305,0.0,0.0,0.0,-0.6737188,0.0007288701,0.0,0.0,0.0,0.0,0.0,0.0,0.0,0.0,0.0,0.017814057,0.0,0.0,0.00023976088,0.0,-0.000584473,-0.0012755293,-0.00034986454,0.0,0.0,0.0,0.0036453987,0.0059012417,0.0,0.0,0.0008926495,0.0015720021,0.0,0.0,0.0,0.0013176466,0.0,-0.02740227,-0.005001688,0.0042541665,-0.00028389125,0.0,0.0,-0.010735188,0.0,0.0,0.0,0.0019156504,0.0,0.0,0.0,0.0015371441,0.0,0.0,0.0,0.0007393464,0.0004547168,-0.0030654839,0.00072380103,0.0,-0.004211691,0.0,0.0,-0.0007002461,0.0,0.0,0.0,0.0015584708,-0.0029253857,0.0,0.0,0.0,0.0,0.0,0.002226888,0.0,0.0,0.0,0.0,0.0,-0.0006498745,0.0,0.0,-0.016617473,0.008942996,0.00033783662,0.0011453555,0.0077854786,0.00054869946,0.0025432026,0.0,0.0,0.00060855097,0.0,0.0,0.0,0.0,-0.003990913,0.0,0.0014676198,0.0,0.0,-0.0006181117,0.0,-0.005580603,0.0,0.0,0.00045863978,0.0006262464,0.0,0.0,0.006341022,0.0,-0.00032166106,-2.4905106e-05,0.0,0.0,0.0,0.0055608135,0.0,-0.0046680695,-0.00252213,0.001112831,0.0,0.003233154,0.0,-0.0010604132
-0.42289242,0.5639101,-0.008032276,0.0,0.0,-0.015339988,-0.0036427057,-0.017908119,-0.014503315,0.00093416625,-0.060239978,-0.017603347,-0.002563688,-0.018220484,0.05394118,-0.019776857,0.0057788324,-0.26000986,-0.044947963,-8.6259795e-05,0.0,-0.004489694,0.06719172,0.014546407,0.0,-0.06720755,-0.21963271,-0.00040243604,-0.18672843,0.02113506,0.075115375,0.017428782,0.48279563,-0.08296183,-0.01603855,0.38415143,0.0,0.0,0.0,0.00083074445,0.0007274911,0.0,0.0,0.0,0.0,0.0,0.0,0.0,0.0,0.0,0.0151632195,0.0,0.0,0.00057652564,0.0,-0.000584473,-0.0010072148,-0.00034986454,0.0,0.0,0.0,0.0046305796,0.00445473,0.0,0.0,0.004603817,0.0016749064,0.0,0.0,0.0,0.00027816687,0.0,-0.024737265,-0.004199486,0.006085746,-0.00013338613,0.0,0.0,-0.0077316337,0.0,0.0,0.0,0.00024130032,0.0,0.0,0.0,0.0015855917,0.0,0.0,0.0,0.0007393464,0.000529852,-0.0028589847,0.0014715915,0.0,-0.0030176884,0.0,0.0,-0.0007002461,0.0,0.0,0.0,0.0016367983,-0.0026235373,0.0,0.0,0.0,0.0,0.0,0.005621782,0.0,0.0,0.0,0.0,0.0,-0.0006498745,0.0,0.0,-0.02885423,0.009742932,0.00037078466,0.0011516698,0.00590277,0.00054869946,0.0013080261,0.0,0.0,0.0006102666,0.0,0.0,0.0,0.0,-0.003909215,0.0,0.005328689,0.0,0.0,-0.0006181117,0.0,-0.006651384,0.0,0.0,0.0004596248,0.0013897421,0.0,0.0,0.004980977,0.0,-0.001038024,-0.0033114373,0.0,0.0,0.0,0.005405026,0.0,-0.004040329,-0.002531409,0.0013884587,0.0,0.0033132862,0.0,-0.0010727447
-0.1107674,-0.07863773,-0.011831287,0.0,0.0,-0.02251156,-0.0056639905,-0.020313041,-0.012104584,0.0011370541,-0.047473546,0.049026795,-0.014984951,-0.019388916,-0.007048861,-0.012983436,-0.0053462554,0.014521387,0.0039013315,-0.00012477177,0.0,0.0021236509,-0.19552669,-0.001329813,0.0,0.031675797,0.16128108,0.03378128,0.019946551,-0.12173036,-0.08394284,0.00046516105,0.15728065,0.00016821566,0.0034578722,-0.008111804,0.0,0.0,0.0,0.00082421635,0.0007472234,0.0,0.0,0.0,0.0,0.0,0.0,0.0,0.0,0.0,0.018323775,0.0,0.0,-0.038630508,0.0,-0.00020665546,-0.001008973,-6.8678935e-05,0.0,0.0,0.0,0.008340733,0.00445473,0.0,0.0,0.00083502487,0.0016762167,0.0,0.0,0.0,0.0002623035,0.0,-0.027370982,-0.0020096588,0.0051043173,-0.0004943877,0.0,0.0,-0.005177893,0.0,0.0,0.0,0.003171237,0.0,0.0,0.0,0.0038723939,0.0,0.0,0.0,0.0007393464,0.0004547168,-0.0028946681,0.00056657323,0.0,-0.004115609,0.0,0.0,-0.0007002461,0.0,0.0,0.0,0.0018318833,-0.0029253857,0.0,0.0,0.0,0.0,0.0,0.0054217987,0.0,0.0,0.0,0.0,0.0,-0.00025024655,0.0,0.0,-0.02468354,0.009254937,0.0010298891,0.0011395646,0.013959349,0.00054869946,0.0013085254,0.0,0.0,0.0006298711,0.0,0.0,0.0,0.0,-0.0039313235,0.0,0.005299673,0.0,0.0,-0.00024400419,0.0,-0.005580603,0.0,0.0,0.0004593142,0.0006262464,0.0,0.0,0.0056439345,0.0,-0.00032963272,-2.4905106e-05,0.0,0.0,0.0,0.0031183553,0.0,-0.0031282944,-0.002466512,0.0013195932,0.0,0.003279821,0.0,-0.0010314997
-0.29920217,-0.106224515,-0.009100873,0.0,0.0,0.12311806,-0.0056639905,-0.020313041,0.17998923,0.0012790548,-0.063380376,-0.01758979,-0.014230865,-0.032102354,-0.0034112243,-0.01736351,-0.005554888,-0.015726117,0.0039013315,0.00070245273,0.0,0.0040055322,0.10392013,-0.001329712,0.0,0.065360576,0.11109792,0.030377034,0.016689548,-0.12243328,-0.074239835,0.00053727103,-0.14805032,-0.00056571164,0.0013974695,0.00942607,0.0,0.0,0.0,0.00082419696,0.0007494044,0.0,0.0,0.0,0.0,0.0,0.0,0.0,0.0,0.0,0.0157052,0.0,0.0,-0.06259835,0.0,-0.00020665546,-0.001008973,-6.8678935e-05,0.0,0.0,0.0,0.008232137,0.00445473,0.0,0.0,0.0011744126,0.0016818012,0.0,0.0,0.0,0.0002625582,0.0,-0.026634362,-0.0018266663,0.0031734633,-0.0004974831,0.0,0.0,-0.0048473254,0.0,0.0,0.0,0.0031710286,0.0,0.0,0.0,0.0038174896,0.0,0.0,0.0,0.0007393464,0.0004547168,-0.0028816625,0.00056657323,0.0,-0.0030185685,0.0,0.0,-0.0007002461,0.0,0.0,0.0,0.0018048827,-0.0028739762,0.0,0.0,0.0,0.0,0.0,0.0054235123,0.0,0.0,0.0,0.0,0.0,-0.00025024655,0.0,0.0,-0.022526268,0.009859839,0.0010298891,0.0011397576,0.009046317,0.00054869946,0.0027203732,0.0,0.0,0.0006298711,0.0,0.0,0.0,0.0,-0.0037779426,0.0,0.006672831,0.0,0.0,-0.00024400419,0.0,-0.0051236115,0.0,0.0,0.0004593142,0.0013897421,0.0,0.0,0.0052847266,0.0,-0.00032963272,-3.62122e-05,0.0,0.0,0.0,0.003539987,0.0,-0.004403406,-0.0023030122,0.0013111772,0.0,0.001910567,0.0,-0.0010315711
-0.03072728,0.37458116,-0.011588023,0.0,0.0,-0.02224467,-0.0056639905,-0.020313041,-0.012104584,0.0011370541,-0.04619096,0.041848846,-0.014224074,-0.02375176,-0.0066727055,-0.01182217,-0.005721934,0.014521387,0.0039013315,-0.00012477177,0.0,0.0032210217,-0.19932419,-0.001329813,0.0,0.027714295,0.19557667,0.009308034,0.016595209,-0.12173036,-0.08394284,0.0016044393,0.15724458,0.00016821566,0.0034578722,-0.010542555,0.0,0.0,0.0,0.00083044363,0.0007472234,0.0,0.0,0.0,0.0,0.0,0.0,0.0,0.0,0.0,0.018464372,0.0,0.0,-0.038630508,0.0,-0.00020665546,-0.001008973,-6.8678935e-05,0.0,0.0,0.0,0.009176129,0.00445473,0.0,0.0,0.00083502487,0.0016789663,0.0,0.0,0.0,0.0002623035,0.0,-0.026230315,-0.0032971,0.0058504744,-0.0004943877,0.0,0.0,-0.005177893,0.0,0.0,0.0,0.003171237,0.0,0.0,0.0,0.0038723939,0.0,0.0,0.0,0.0007393464,0.0004547168,-0.002894413,0.00056657323,0.0,-0.004151065,0.0,0.0,-0.0007002461,0.0,0.0,0.0,0.0018389504,-0.0026235373,0.0,0.0,0.0,0.0,0.0,0.0054217987,0.0,0.0,0.0,0.0,0.0,-0.00025024655,0.0,0.0,-0.026560819,0.009358895,0.0010298891,0.0011395646,0.013948147,0.00054869946,0.0013085254,0.0,0.0,0.0006298711,0.0,0.0,0.0,0.0,-0.0039299233,0.0,0.005299673,0.0,0.0,-0.00024400419,0.0,-0.005580603,0.0,0.0,0.0004593142,0.0006262464,0.0,0.0,0.005658776,0.0,-0.00032963272,-2.4905106e-05,0.0,0.0,0.0,0.0031183553,0.0,-0.0031282487,-0.002466512,0.0013195932,0.0,0.0032339501,0.0,-0.0010314997
0.074944116,-0.13201883,-0.08534961,0.0,0.0,-0.032636847,-0.0032491419,-0.11478371,-0.01399776,0.002006595,-0.035848796,-0.022803605,-0.012310661,-0.021093873,-0.005039257,0.01624019,-0.008106942,-0.031808384,-0.00064747507,-0.00011868138,0.0,0.0031403997,-0.5657416,-0.0014976788,0.0,0.1502436,0.09486461,0.020783877,0.024037093,-0.34360814,-0.19800794,0.013217165,-0.34710148,-0.004505247,0.0014909225,-0.02356576,0.0,0.0,0.0,0.0008187632,0.0007458407,0.0,0.0,0.0,0.0,0.0,0.0,0.0,0.0,0.0,0.012518165,0.0,0.0,0.00046822935,0.0,-0.00041082405,-0.0012755981,-8.386171e-05,0.0,0.0,0.0,0.0082273325,0.00445473,0.0,0.0,0.0008310637,0.0016692505,0.0,0.0,0.0,0.0015534292,0.0,-0.017020337,-0.0046538324,0.002933557,-0.00049230293,0.0,0.0,-0.0041560004,0.0,0.0,0.0,0.0029099337,0.0,0.0,0.0,0.0038174896,0.0,0.0,0.0,0.0007393464,0.0004547168,-0.0028834662,0.00056657323,0.0,-0.003656741,0.0,0.0,-0.0007002461,0.0,0.0,0.0,0.0018318833,-0.0026000568,0.0,0.0,0.0,0.0,0.0,0.0052703554,0.0,0.0,0.0,0.0,0.0,-0.00025024655,0.0,0.0,-0.015073884,0.008608138,0.0010298891,0.001129692,0.013758096,0.00054869946,0.0026962822,0.0,0.0,0.000625957,0.0,0.0,0.0,0.0,-0.0039324425,0.0,0.0052102106,0.0,0.0,-0.00018193982,0.0,-0.0022971723,0.0,0.0,0.0004593142,0.0006262464,0.0,0.0,0.00944004,0.0,-0.0004221528,-2.4905106e-05,0.0,0.0,0.0,0.00460243,0.0,-0.0032899517,-0.0024617244,0.0013110292,0.0,0.003239655,0.0,-0.001042779
0.074944116,-0.13201883,-0.08534961,0.0,0.0,-0.032636847,-0.0032491419,-0.11478371,-0.01399776,0.002006595,-0.035848796,-0.022803605,-0.012310661,-0.021093873,-0.005039257,0.01624019,-0.008106942,-0.031808384,-0.00064747507,-0.00011868138,0.0,0.0031403997,-0.5657416,-0.0014976788,0.0,0.1502436,0.09486461,0.020783877,0.024037093,-0.34360814,-0.19800794,0.013217165,-0.34710148,-0.004505247,0.0014909225,-0.02356576,0.0,0.0,0.0,0.0008187632,0.0007458407,0.0,0.0,0.0,0.0,0.0,0.0,0.0,0.0,0.0,0.012518165,0.0,0.0,0.00046822935,0.0,-0.00041082405,-0.0012755981,-8.386171e-05,0.0,0.0,0.0,0.0082273325,0.00445473,0.0,0.0,0.0008310637,0.0016692505,0.0,0.0,0.0,0.0015534292,0.0,-0.017020337,-0.0046538324,0.002933557,-0.00049230293,0.0,0.0,-0.0041560004,0.0,0.0,0.0,0.0029099337,0.0,0.0,0.0,0.0038174896,0.0,0.0,0.0,0.0007393464,0.0004547168,-0.0028834662,0.00056657323,0.0,-0.003656741,0.0,0.0,-0.0007002461,0.0,0.0,0.0,0.0018318833,-0.0026000568,0.0,0.0,0.0,0.0,0.0,0.0052703554,0.0,0.0,0.0,0.0,0.0,-0.00025024655,0.0,0.0,-0.015073884,0.008608138,0.0010298891,0.001129692,0.013758096,0.00054869946,0.0026962822,0.0,0.0,0.000625957,0.0,0.0,0.0,0.0,-0.0039324425,0.0,0.0052102106,0.0,0.0,-0.00018193982,0.0,-0.0022971723,0.0,0.0,0.0004593142,0.0006262464,0.0,0.0,0.00944004,0.0,-0.0004221528,-2.4905106e-05,0.0,0.0,0.0,0.00460243,0.0,-0.0032899517,-0.0024617244,0.0013110292,0.0,0.003239655,0.0,-0.001042779
0.09682374,0.21427703,-0.08557779,0.0,0.0,0.2630292,0.06613548,-0.023206789,0.21894936,0.002006595,0.05489664,-0.0071295225,-0.004665229,-0.01982598,-0.018356504,-0.016732981,-0.008332131,0.07814115,0.020173056,0.0013135127,0.0,-0.000105849394,0.10851838,-0.0009865351,0.0,0.092240974,0.101166286,0.047814734,0.014256906,-0.3567537,-0.18469,0.0023118344,-0.33276245,-0.00072768284,0.0013974695,0.026500246,0.0,0.0,0.0,0.0008250539,0.0007423952,0.0,0.0,0.0,0.0,0.0,0.0,0.0,0.0,0.0,0.012314551,0.0,0.0,0.0007937185,0.0,-0.00041082405,-0.0010063305,-0.00046863477,0.0,0.0,0.0,0.008667475,0.0042168177,0.0,0.0,0.0011744126,0.0016707021,0.0,0.0,0.0,0.00026748772,0.0,-0.015104224,-0.0029842462,0.0035943314,-0.0004974831,0.0,0.0,-0.004700594,0.0,0.0,0.0,0.0029749733,0.0,0.0,0.0,0.0038174896,0.0,0.0,0.0,0.0007393464,0.00014967407,-0.002822384,0.00051603105,0.0,-0.003015381,0.0,0.0,-0.0007002461,0.0,0.0,0.0,0.0018119498,-0.0025721279,0.0,0.0,0.0,0.0,0.0,0.0051616454,0.0,0.0,0.0,0.0,0.0,-0.00025024655,0.0,0.0,-0.029334676,0.010031743,0.0010298891,0.0010647672,0.008649844,0.00054869946,0.0012630138,0.0,0.0,0.000571409,0.0,0.0,0.0,0.0,-0.0037313947,0.0,0.0064973286,0.0,0.0,-0.00046715618,0.0,-0.0028053261,0.0,0.0,0.0004593142,0.0013897421,0.0,0.0,0.010982637,0.0,-0.0004221528,-3.62122e-05,0.0,0.0,0.0,0.006056941,0.0,-0.0046478575,-0.0020573423,0.0013137425,0.0,-0.33345348,0.0,-0.001042268
0.20951043,-0.10706719,-0.08407433,0.0,0.0,0.25440288,0.06613548,-0.023206789,0.21826963,0.002006595,0.053614054,-0.012217926,-0.004855196,-0.0154631315,-0.018692812,-0.015365569,-0.008172752,0.07849676,0.020130187,0.0013135127,0.0,-0.0010438403,0.10851838,-0.0009865351,0.0,0.09371788,0.07788769,0.054772183,0.017507842,-0.3567537,-0.18469033,0.0023118344,-0.33276245,-0.00072768284,0.0013974695,0.028899567,0.0,0.0,0.0,0.0008187632,0.0007423952,0.0,0.0,0.0,0.0,0.0,0.0,0.0,0.0,0.0,0.012279563,0.0,0.0,0.0007937185,0.0,-0.00041082405,-0.0010063305,-0.00046863477,0.0,0.0,0.0,0.007831122,0.0042168177,0.0,0.0,0.0011744126,0.0016678424,0.0,0.0,0.0,0.0015848578,0.0,-0.0153889945,-0.0029842462,0.0028481742,-0.0004974831,0.0,0.0,-0.0048010005,0.0,0.0,0.0,0.002974765,0.0,0.0,0.0,0.0038174896,0.0,0.0,0.0,0.0007393464,0.00014967407,-0.002822384,0.00051603105,0.0,-0.003015381,0.0,0.0,-0.0007002461,0.0,0.0,0.0,0.0018119498,-0.0028739762,0.0,0.0,0.0,0.0,0.0,0.0060542207,0.0,0.0,0.0,0.0,0.0,-0.00025024655,0.0,0.0,-0.023376372,0.009709756,0.0010298891,0.001064615,0.008622401,0.00054869946,0.0026871408,0.0,0.0,0.000571409,0.0,0.0,0.0,0.0,-0.0037313947,0.0,0.0064971666,0.0,0.0,-0.00046715618,0.0,-0.0028053261,0.0,0.0,0.0004593142,0.0013897421,0.0,0.0,0.010967796,0.0,-0.0004221528,-3.62122e-05,0.0,0.0,0.0,0.006056941,0.0,-0.0046478575,-0.0020573423,0.0013136785,0.0,-0.37416717,0.0,-0.001042268
-0.35825217,-0.15479435,-0.0094670225,0.0,0.0,-0.02555666,-0.0056639905,-0.025880363,-0.012809018,0.0012790548,-0.015037145,0.04167691,-0.015313117,0.042146545,-0.00910012,-0.011272978,-0.008437908,0.0018063406,-0.0077280025,-5.2531024e-05,0.0,-0.000878754,0.051956713,-0.0016386282,0.0,0.08382443,0.25128603,0.03141735,0.023752525,-0.096387476,-0.06996852,0.0025984454,-0.23172423,-0.00056571164,0.0014909225,0.0019907958,0.0,0.0,0.0,0.0008187729,0.00075725414,0.0,0.0,0.0,0.0,0.0,0.0,0.0,0.0,0.0,0.01443384,0.0,0.0,0.0007937185,0.0,-0.00020665546,-0.0012759453,-8.386171e-05,0.0,0.0,0.0,0.008135321,0.0049022846,0.0,0.0,0.00083502487,0.0016632281,0.0,0.0,0.0,0.0016101309,0.0,-0.0325798,-0.0034909719,0.0031321938,-0.0004970004,0.0,0.0,-0.005099055,0.0,0.0,0.0,0.0030789746,0.0,0.0,0.0,0.0038174896,0.0,0.0,0.0,0.0007393464,0.0004547168,-0.0029476306,0.00056657323,0.0,-0.0017413504,0.0,0.0,-0.0007002461,0.0,0.0,0.0,0.0018318833,-0.002874394,0.0,0.0,0.0,0.0,0.0,0.0022863755,0.0,0.0,0.0,0.0,0.0,-0.00025024655,0.0,0.0,-0.017238673,0.008727024,0.00091923645,0.0011340065,0.008922993,0.00054869946,0.0026902184,0.0,0.0,0.0006186275,0.0,0.0,0.0,0.0,-0.0037861683,0.0,0.0065321317,0.0,0.0,-0.00024400419,0.0,-0.0028699043,0.0,0.0,0.00046422443,0.0013897421,0.0,0.0,0.0058960933,0.0,-0.0004221528,-3.62122e-05,0.0,0.0,0.0,0.003452812,0.0,-0.0043041487,-0.0025146317,0.0013111335,0.0,0.0031429692,0.0,-0.0010426423
-0.39134616,-0.15479435,-0.009570996,0.0,0.0,-0.025488868,-0.0056639905,0.02900464,-0.011121775,0.0012790548,-0.020349484,0.04167691,-0.014548214,0.042146545,-0.00910012,-0.011272978,-0.008437908,0.0018063406,-0.0077280025,-5.2531024e-05,0.0,-0.000878754,0.050654218,-0.0016386282,0.0,0.08325143,0.2593306,0.035537243,0.023752525,-0.096387476,-0.06996852,0.0025984454,-0.22877762,-0.00056571164,0.0014909225,0.00378973,0.0,0.0,0.0,0.0008187729,0.00075725414,0.0,0.0,0.0,0.0,0.0,0.0,0.0,0.0,0.0,0.014489679,0.0,0.0,0.0007666311,0.0,-0.00020665546,-0.0012759453,-6.864329e-05,0.0,0.0,0.0,0.008135321,0.0049022846,0.0,0.0,0.00083502487,0.0016632281,0.0,0.0,0.0,0.0016101309,0.0,-0.0325798,-0.0034909719,0.0031321938,-0.0004970004,0.0,0.0,-0.005099055,0.0,0.0,0.0,0.003159537,0.0,0.0,0.0,0.0038174896,0.0,0.0,0.0,0.0007393464,0.0004547168,-0.0029476306,0.00056657323,0.0,-0.0017413504,0.0,0.0,-0.0007002461,0.0,0.0,0.0,0.0018318833,-0.002874394,0.0,0.0,0.0,0.0,0.0,0.002434443,0.0,0.0,0.0,0.0,0.0,-0.00025024655,0.0,0.0,-0.017238673,0.008727024,0.00091923645,0.0011340065,0.008951217,0.00054869946,0.0026902184,0.0,0.0,0.0006186275,0.0,0.0,0.0,0.0,-0.00378611,0.0,0.0065321317,0.0,0.0,-0.00024400419,0.0,-0.0028699043,0.0,0.0,0.00046422443,0.0013897421,0.0,0.0,0.0058960933,0.0,-0.0004221528,-3.62122e-05,0.0,0.0,0.0,0.003452812,0.0,-0.0043041487,-0.0025082126,0.0013111335,0.0,0.0031429692,0.0,-0.0010426423
-0.17645763,-0.09495949,-0.013283755,0.0,0.0,-0.021520808,-0.0061326055,-0.023773095,-0.0066632247,-0.018686175,0.030492928,-0.0403387,-0.015144127,0.038810004,-0.008374227,-0.017770426,-0.008159626,-0.015323824,0.0026497387,-0.00011868138,0.0,-0.0055476166,-0.18329754,-0.0013170996,0.0,-0.1031187,-0.101837836,-0.096744046,0.03389597,0.04604486,0.10440934,-0.020288642,-0.22011706,-0.00015937194,0.00091029506,-0.0041209734,0.0,0.0,0.0,0.0008187729,0.000741423,0.0,0.0,0.0,0.0,0.0,0.0,0.0,0.0,0.0,0.014441371,0.0,0.0,0.00046822935,0.0,-0.000584473,-0.00072411273,-8.386171e-05,0.0,0.0,0.0,0.00821282,0.00445473,0.0,0.0,0.001203128,0.0016631013,0.0,0.0,0.0,0.0002564217,0.0,-0.025024636,-0.004948495,0.0029312603,-0.0004970004,0.0,0.0,-0.00876318,0.0,0.0,0.0,0.0029156655,0.0,0.0,0.0,0.002244572,0.0,0.0,0.0,0.0007393464,0.0004547168,-0.002838934,0.00056657323,0.0,-0.0024450943,0.0,0.0,-0.0007002461,0.0,0.0,0.0,0.0007940588,-0.0029253857,0.0,0.0,0.0,0.0,0.0,0.006135272,0.0,0.0,0.0,0.0,0.0,-0.0006498745,0.0,0.0,-0.02380735,0.009330967,0.0005246742,0.0011472541,0.009011119,0.00054869946,0.0026863245,0.0,0.0,0.0006225879,0.0,0.0,0.0,0.0,-0.0038728183,0.0,0.0046645394,0.0,0.0,-0.0003949597,0.0,-0.002411574,0.0,0.0,0.00045927067,0.0006262464,0.0,0.0,0.006178934,0.0,-0.0004221528,-2.4905106e-05,0.0,0.0,0.0,0.0038081354,0.0,-0.002835461,0.1923823,0.0013004914,0.0,0.003213153,0.0,-0.0010423847
-0.29373097,0.44384226,-0.006968856,0.0,0.0,-0.021122899,-0.0061326055,-0.024444152,-0.005982324,-0.018686175,0.021129875,0.023770079,-0.0139858825,0.00062375184,-0.002615224,-0.02531286,-0.008159626,0.018855691,0.0039013315,-0.00011868138,0.0,0.003002689,0.05637562,-0.001313931,0.0,-0.064338416,0.01080119,-0.09675536,0.029648136,0.034677923,0.11021271,-0.021460567,-0.11785633,-0.0012592531,0.00091029506,-0.0014964263,0.0,0.0,0.0,0.00083048764,0.0007435274,0.0,0.0,0.0,0.0,0.0,0.0,0.0,0.0,0.0,0.015880829,0.0,0.0,0.0007937185,0.0,-0.000584473,-0.0010096896,-8.386171e-05,0.0,0.0,0.0,0.009154243,0.00445473,0.0,0.0,0.001203128,0.0016758088,0.0,0.0,0.0,0.00027752723,0.0,-0.023738079,-0.004962962,0.0039011852,-0.0004970004,0.0,0.0,-0.009041664,0.0,0.0,0.0,0.0031654504,0.0,0.0,0.0,0.002244572,0.0,0.0,0.0,0.0007393464,0.0004547168,-0.002820092,0.00056657323,0.0,-0.004132521,0.0,0.0,-0.0007002461,0.0,0.0,0.0,0.0007940588,-0.0026235373,0.0,0.0,0.0,0.0,0.0,0.005197937,0.0,0.0,0.0,0.0,0.0,-0.0006498745,0.0,0.0,-0.0307106,0.009647943,0.0005246742,0.0011521715,0.0091454275,0.00054869946,0.0012765544,0.0,0.0,0.0006298711,0.0,0.0,0.0,0.0,-0.003799816,0.0,0.004739306,0.0,0.0,-0.0003949597,0.0,-0.0052380124,0.0,0.0,0.00045927067,0.0013897421,0.0,0.0,0.006799966,0.0,-0.0004221528,-2.4905106e-05,0.0,0.0,0.0,0.0047232863,0.0,-0.004195893,0.20188451,0.0013005554,0.0,0.003261635,0.0,-0.0010315715
-0.17773315,0.2915585,-0.012824651,0.0,0.0,0.0015275399,-0.007238999,-0.023326654,0.00034997496,0.0012358055,-0.003715792,-0.02231829,-0.0049442374,-0.008913921,-0.0064131618,-0.02570216,-0.008388655,0.00595432,0.000457234,-8.6259795e-05,0.0,0.0048121694,0.033778165,-0.0010830155,0.0,0.073516734,0.29597798,-0.22504878,-0.053188242,-0.1288117,-0.074768625,-0.011375614,0.15916774,-0.0012592531,0.0034578722,-0.008584688,0.0,0.0,0.0,0.0008301791,0.000749074,0.0,0.0,0.0,0.0,0.0,0.0,0.0,0.0,0.0,0.018911676,0.0,0.0,0.0004893169,0.0,-0.00020665546,-0.0010113225,-8.386171e-05,0.0,0.0,0.0,0.009171292,0.004595645,0.0,0.0,0.0008494496,0.0016720786,0.0,0.0,0.0,0.0002921413,0.0,-0.02820483,-0.005513176,0.011135441,-0.0004963399,0.0,0.0,-0.005399366,0.0,0.0,0.0,0.00326444,0.0,0.0,0.0,0.0038723939,0.0,0.0,0.0,0.0007393464,0.0004547168,-0.0028785923,0.00056657323,0.0,-0.0035475143,0.0,0.0,-0.0007002461,0.0,0.0,0.0,0.0018318833,0.34901723,0.0,0.0,0.0,0.0,0.0,0.0050910325,0.0,0.0,0.0,0.0,0.0,-0.00025024655,0.0,0.0,-0.030279417,0.008606735,0.0010298891,0.0011614958,0.0076797595,0.00032259544,0.0015345989,0.0,0.0,0.0006152186,0.0,0.0,0.0,0.0,-0.0039053776,0.0,0.0062535685,0.0,0.0,-0.00046715618,0.0,-0.006153335,0.0,0.0,0.00046502077,0.0013897421,0.0,0.0,0.0062930407,0.0,-0.0004221528,-2.4905106e-05,0.0,0.0,0.0,0.0035272746,0.0,-0.004616772,-0.0031062488,0.0013264674,0.0,0.0032365266,0.0,-0.0010321096
-0.3408801,0.35658365,-0.006001853,0.0,0.0,-0.024111355,-0.007238999,-0.023326654,-0.0117807705,0.0010329175,-2.5674872e-05,-0.02261514,-0.004524622,-0.008913921,-0.0054408163,-0.031165088,-0.008472433,0.003560533,0.000457234,-8.6259795e-05,0.0,4.584981e-05,0.03895265,-0.0010830155,0.0,0.037155565,0.29775092,-0.21309352,-0.053081572,0.02975909,-0.033238508,-4.9108392e-05,0.15407851,-0.0012592531,0.0034578722,-0.009276998,0.0,0.0,0.0,0.0008301791,0.0007492937,0.0,0.0,0.0,0.0,0.0,0.0,0.0,0.0,0.0,0.017016415,0.0,0.0,0.0004893169,0.0,-0.000306557,-0.0010075428,-8.386171e-05,0.0,0.0,0.0,0.009171292,0.004595645,0.0,0.0,0.0008310637,0.0016720865,0.0,0.0,0.0,0.00034076168,0.0,-0.025365856,-0.004529965,0.011135441,-0.0004963399,0.0,0.0,-0.0054073185,0.0,0.0,0.0,0.003266001,0.0,0.0,0.0,0.0039126268,0.0,0.0,0.0,0.0007393464,0.0004547168,-0.0028785923,0.00056657323,0.0,-0.0036189915,0.0,0.0,-0.0007002461,0.0,0.0,0.0,0.0018318833,0.34901723,0.0,0.0,0.0,0.0,0.0,0.0050910325,0.0,0.0,0.0,0.0,0.0,-0.00025024655,0.0,0.0,-0.031093128,0.008606735,0.0010298891,0.0011587546,0.0076797595,0.00032259544,0.0015351364,0.0,0.0,0.0006152186,0.0,0.0,0.0,0.0,-0.0038983363,0.0,0.0062535685,0.0,0.0,-0.00046715618,0.0,-0.006651384,0.0,0.0,0.00046422443,0.0013897421,0.0,0.0,0.0071676187,0.0,-0.0004221528,-2.4905106e-05,0.0,0.0,0.0,0.0047514946,0.0,-0.0046181995,-0.0031094118,0.0013221988,0.0,0.003109118,0.0,-0.0010317552
1.0893388,-0.44374406,0.01516179,0.0,0.0,0.009119209,-0.0009698949,0.07510094,0.0058036367,0.0014631444,0.05087488,-0.0044845575,-0.0033269913,0.008032183,-0.0055555734,-0.017698409,-0.0051794606,-0.0008282564,0.00023785852,-0.00010218414,0.0,-0.0016374011,0.12029082,-0.0013710273,0.0,-0.1864651,-0.3713411,0.011102292,-0.03862095,0.07092658,0.12434474,0.0012104086,0.12977058,0.0065185614,0.0021749847,-0.03222715,0.0,0.0,0.0,0.00082441163,0.0007392278,0.0,0.0,0.0,0.0,0.0,0.0,0.0,0.0,0.0,0.0144261485,0.0,0.0,0.00023600097,0.0,-0.0028835356,-0.0012746013,-0.00016871597,0.0,0.0,0.0,0.0046366127,0.0043128226,0.0,0.0,0.0020013321,0.0016661885,0.0,0.0,0.0,0.0013857139,0.0,-0.013168848,-0.0043117017,0.0049611935,-0.0005268195,0.0,0.0,-0.008557603,0.0,0.0,0.0,0.002068352,0.0,0.0,0.0,0.0022550707,0.0,0.0,0.0,0.00033604202,0.0004547168,-0.0028204974,0.00072380103,0.0,-0.003978421,0.0,0.0,-0.0007002461,0.0,0.0,0.0,0.0015702806,-0.0026510486,0.0,0.0,0.0,0.0,0.0,0.0053002406,0.0,0.0,0.0,0.0,0.0,-0.0006498745,0.0,0.0,-0.011165225,0.008250304,0.00033783662,0.0011461591,0.007978541,0.00054869946,0.0026895986,0.0,0.0,0.0006039929,0.0,0.0,0.0,0.0,-0.003946803,0.0,0.00498753,0.0,0.0,-0.00033289535,0.0,-0.0068913247,0.0,0.0,0.00046012815,0.0013897421,0.0,0.0,0.020136708,0.0,-0.001038024,-2.4905106e-05,0.0,0.0,0.0,0.015950838,0.0,-0.0037323728,-0.004873986,0.0013282008,0.0,0.0031349258,0.0,-0.0010372631
1.0893388,-0.44374406,0.01516179,0.0,0.0,0.009119209,-0.0009698949,0.07510094,0.0058036367,0.0014631444,0.05087488,-0.0044845575,-0.0033269913,0.008032183,-0.0055555734,-0.017698409,-0.0051794606,-0.0008282564,0.00023785852,-0.00010218414,0.0,-0.0016374011,0.12029082,-0.0013710273,0.0,-0.1864651,-0.3713411,0.011102292,-0.03862095,0.07092658,0.12434474,0.0012104086,0.12977058,0.0065185614,0.0021749847,-0.03222715,0.0,0.0,0.0,0.00082441163,0.0007392278,0.0,0.0,0.0,0.0,0.0,0.0,0.0,0.0,0.0,0.0144261485,0.0,0.0,0.00023600097,0.0,-0.0028835356,-0.0012746013,-0.00016871597,0.0,0.0,0.0,0.0046366127,0.0043128226,0.0,0.0,0.0020013321,0.0016661885,0.0,0.0,0.0,0.0013857139,0.0,-0.013168848,-0.0043117017,0.0049611935,-0.0005268195,0.0,0.0,-0.008557603,0.0,0.0,0.0,0.002068352,0.0,0.0,0.0,0.0022550707,0.0,0.0,0.0,0.00033604202,0.0004547168,-0.0028204974,0.00072380103,0.0,-0.003978421,0.0,0.0,-0.0007002461,0.0,0.0,0.0,0.0015702806,-0.0026510486,0.0,0.0,0.0,0.0,0.0,0.0053002406,0.0,0.0,0.0,0.0,0.0,-0.0006498745,0.0,0.0,-0.011165225,0.008250304,0.00033783662,0.0011461591,0.007978541,0.00054869946,0.0026895986,0.0,0.0,0.0006039929,0.0,0.0,0.0,0.0,-0.003946803,0.0,0.00498753,0.0,0.0,-0.00033289535,0.0,-0.0068913247,0.0,0.0,0.00046012815,0.0013897421,0.0,0.0,0.020136708,0.0,-0.001038024,-2.4905106e-05,0.0,0.0,0.0,0.015950838,0.0,-0.0037323728,-0.004873986,0.0013282008,0.0,0.0031349258,0.0,-0.0010372631
1.216595,-0.19631505,0.04837144,0.0,0.0,-0.0543704,-0.0026122406,0.058055002,0.0037424685,0.0013886723,0.22895677,-0.029933322,0.0032235056,0.0015085931,-0.004997823,-0.012242937,-0.0075233406,-0.00022547011,0.00023785852,-7.804043e-06,0.0,0.0010541269,0.14465132,-0.001379375,0.0,0.12346285,-0.043087162,0.01804857,0.019837525,0.057921927,-0.015438553,-0.0007653624,-0.02372212,0.041637857,0.0012238349,-0.030459963,0.0,0.0,0.0,0.0008241873,0.00073770265,0.0,0.0,0.0,0.0,0.0,0.0,0.0,0.0,0.0,0.012276245,0.0,0.0,0.0007666311,0.0,-0.0008068235,-0.001278874,-8.131948e-05,0.0,0.0,0.0,0.0082857795,0.0056139575,0.0,0.0,0.00091654074,0.0016730222,0.0,0.0,0.0,0.0016729438,0.0,-0.011740178,-0.0043211915,0.003166899,-0.00019960568,0.0,0.0,-0.0033693202,0.0,0.0,0.0,0.0029785319,0.0,0.0,0.0,0.0025362263,0.0,0.0,0.0,0.00033604202,0.0004547168,-0.0028212427,0.00056657323,0.0,-0.0041274223,0.0,0.0,-0.0007002461,0.0,0.0,0.0,0.0018890924,-0.0026510486,0.0,0.0,0.0,0.0,0.0,0.0024343326,0.0,0.0,0.0,0.0,0.0,-0.00059136044,0.0,0.0,-0.007002673,0.008268125,0.0004140216,0.0011452849,0.008008027,0.00021571579,0.0026870212,0.0,0.0,0.00062530127,0.0,0.0,0.0,0.0,-0.0038804263,0.0,0.0022107575,0.0,0.0,-0.00039360515,0.0,-0.0050431294,0.0,0.0,0.00045863978,0.0013897421,0.0,0.0,0.019995099,0.0,-0.0004221528,-2.4905106e-05,0.0,0.0,0.0,0.014977954,0.0,-0.0041187624,-0.0049585085,0.0013014392,0.0,0.0031138621,0.0,-0.0010382086
1.216595,-0.19631505,0.04837144,0.0,0.0,-0.0543704,-0.0026122406,0.058055002,0.0037424685,0.0013886723,0.22895677,-0.029933322,0.0032235056,0.0015085931,-0.004997823,-0.012242937,-0.0075233406,-0.00022547011,0.00023785852,-7.804043e-06,0.0,0.0010541269,0.14465132,-0.001379375,0.0,0.12346285,-0.043087162,0.01804857,0.019837525,0.057921927,-0.015438553,-0.0007653624,-0.02372212,0.041637857,0.0012238349,-0.030459963,0.0,0.0,0.0,0.0008241873,0.00073770265,0.0,0.0,0.0,0.0,0.0,0.0,0.0,0.0,0.0,0.012276245,0.0,0.0,0.0007666311,0.0,-0.0008068235,-0.001278874,-8.131948e-05,0.0,0.0,0.0,0.0082857795,0.0056139575,0.0,0.0,0.00091654074,0.0016730222,0.0,0.0,0.0,0.0016729438,0.0,-0.011740178,-0.0043211915,0.003166899,-0.00019960568,0.0,0.0,-0.0033693202,0.0,0.0,0.0,0.0029785319,0.0,0.0,0.0,0.0025362263,0.0,0.0,0.0,0.00033604202,0.0004547168,-0.0028212427,0.00056657323,0.0,-0.0041274223,0.0,0.0,-0.0007002461,0.0,0.0,0.0,0.0018890924,-0.0026510486,0.0,0.0,0.0,0.0,0.0,0.0024343326,0.0,0.0,0.0,0.0,0.0,-0.00059136044,0.0,0.0,-0.007002673,0.008268125,0.0004140216,0.0011452849,0.008008027,0.00021571579,0.0026870212,0.0,0.0,0.00062530127,0.0,0.0,0.0,0.0,-0.0038804263,0.0,0.0022107575,0.0,0.0,-0.00039360515,0.0,-0.0050431294,0.0,0.0,0.00045863978,0.0013897421,0.0,0.0,0.019995099,0.0,-0.0004221528,-2.4905106e-05,0.0,0.0,0.0,0.014977954,0.0,-0.0041187624,-0.0049585085,0.0013014392,0.0,0.0031138621,0.0,-0.0010382086
-0.25883442,0.50289226,-0.008699534,0.0,0.0,-0.024687355,-0.005815857,-0.019332744,-0.0071470914,0.00093416625,-0.023078505,-0.016948454,-0.004602557,-0.012964377,0.11730195,0.17954622,0.10818765,-0.011284489,0.000457234,-8.6259795e-05,0.0,0.050729364,0.06381519,-0.0010994769,0.0,-0.099520266,-0.0042470647,0.016196536,0.13509057,0.035149813,0.1157318,0.024586765,0.13455299,-0.0010759498,0.004733788,-0.007199527,0.0,0.0,0.0,0.000760672,0.00073488575,0.0,0.0,0.0,0.0,0.0,0.0,0.0,0.0,0.0,0.018925456,0.0,0.0,0.0007937185,0.0,-0.000584473,-0.0010076308,-8.386171e-05,0.0,0.0,0.0,0.0048930985,0.00445473,0.0,0.0,0.0034192072,0.0016760633,0.0,0.0,0.0,0.00031343225,0.0,-0.021726236,-0.0040971925,0.005493354,-0.00018737014,0.0,0.0,0.9359935,0.0,0.0,0.0,0.00063750695,0.0,0.0,0.0,0.0015371441,0.0,0.0,0.0,0.00050617,0.000529852,-0.0026782856,0.0006542247,0.0,-0.0040372247,0.0,0.0,-0.0007002461,0.0,0.0,0.0,0.0007174109,-0.0026235373,0.0,0.0,0.0,0.0,0.0,0.0052422564,0.0,0.0,0.0,0.0,0.0,-0.0006498745,0.0,0.0,-0.020002097,0.004993953,0.0005246742,0.0011515671,0.0074083256,0.00054869946,0.0013123605,0.0,0.0,0.0006133612,0.0,0.0,0.0,0.0,-0.003747334,0.0,0.0065727327,0.0,0.0,-0.0006181117,0.0,-0.006106075,0.0,0.0,0.0004596248,0.0011109423,0.0,0.0,0.00457524,0.0,-0.0004221528,-2.4905106e-05,0.0,0.0,0.0,0.0046645114,0.0,-0.0037603516,-0.002050158,0.0014231674,0.0,0.0033243776,0.0,-0.0010177251
-0.25883442,0.50265115,-0.009984104,0.0,0.0,-0.024687355,-0.005815857,-0.019332744,-0.0071470914,0.00093416625,-0.021568464,-0.016948454,-0.004602557,-0.013075908,0.11730195,0.17954622,0.10818765,-0.00034530653,0.000457234,-8.6259795e-05,0.0,0.050729364,0.06281144,-0.0010994769,0.0,-0.034592275,-0.0036829156,0.016196536,0.13483924,0.035149813,0.1157318,0.024586765,0.26659456,-0.0010759498,0.004733788,-0.007199527,0.0,0.0,0.0,0.000760672,0.00073488575,0.0,0.0,0.0,0.0,0.0,0.0,0.0,0.0,0.0,0.019183775,0.0,0.0,0.00083524897,0.0,-0.000584473,-0.0010076308,-8.386171e-05,0.0,0.0,0.0,0.0048930985,0.00445473,0.0,0.0,0.004248781,0.0016760633,0.0,0.0,0.0,0.00031343225,0.0,-0.021537606,-0.0040971925,0.0058475994,-0.00011010592,0.0,0.0,0.9359935,0.0,0.0,0.0,0.00063750695,0.0,0.0,0.0,0.0015371441,0.0,0.0,0.0,0.00050617,0.000529852,-0.0026782856,0.0006542247,0.0,-0.0029219063,0.0,0.0,-0.0007002461,0.0,0.0,0.0,0.0007174109,-0.0026235373,0.0,0.0,0.0,0.0,0.0,0.0052422564,0.0,0.0,0.0,0.0,0.0,-0.0006498745,0.0,0.0,-0.020002097,0.004993953,0.0005246742,0.0011515671,0.0074083256,0.00054869946,0.0013123605,0.0,0.0,0.0006133612,0.0,0.0,0.0,0.0,-0.003747334,0.0,0.0065727327,0.0,0.0,-0.0006181117,0.0,-0.006106075,0.0,0.0,0.0004596248,0.0011109423,0.0,0.0,0.00457524,0.0,-0.0027223225,-2.4905106e-05,0.0,0.0,0.0,0.0046645114,0.0,-0.0037603516,-0.002050158,0.0014233206,0.0,0.0033243776,0.0,-0.0009892989
-0.13241485,0.14460057,-0.050757527,0.0,0.0,-0.040163722,-0.0034373398,-0.07775284,-0.009061914,0.0015830233,-0.11679309,-0.017994381,-0.002758477,-0.07867917,0.0036188075,-0.14009649,-0.0053646695,-0.018506907,-0.003337248,-9.2350194e-05,0.0,0.002468272,-0.8680616,-0.0011887626,0.0,-0.09465035,0.09433955,0.021605896,0.013334377,-0.21837574,-0.21262756,-0.008147221,-0.15668331,0.01129053,0.0014690069,-0.006314898,0.0,0.0,0.0,0.000830478,0.00074129703,0.0,0.0,0.0,0.0,0.0,0.0,0.0,0.0,0.0,0.0125209205,0.0,0.0,0.00046822935,0.0,-0.00041082405,-0.001008973,-8.386171e-05,0.0,0.0,0.0,0.009162175,0.00445473,0.0,0.0,0.00083502487,0.0016783087,0.0,0.0,0.0,0.00034374162,0.0,-0.01403948,-0.0022162478,0.0037735424,-0.00049658935,0.0,0.0,-0.003727953,0.0,0.0,0.0,0.0031631032,0.0,0.0,0.0,0.003139796,0.0,0.0,0.0,0.0007393464,0.0004547168,-0.0028849759,0.00056657323,0.0,-0.0042019975,0.0,0.0,-0.0007002461,0.0,0.0,0.0,0.0018389504,-0.0025194043,0.0,0.0,0.0,0.0,0.0,0.005355621,0.0,0.0,0.0,0.0,0.0,-0.0006498745,0.0,0.0,-0.018606773,0.008879098,0.0010298891,0.0011499322,0.013910224,0.00054869946,0.0012810044,0.0,0.0,0.0006251752,0.0,0.0,0.0,0.0,-0.0038445895,0.0,0.0053510717,0.0,0.0,-0.00039360515,0.0,-0.00455088,0.0,0.0,0.0004593142,0.0006262464,0.0,0.0,0.012986575,0.0,-0.0004221528,-2.4905106e-05,0.0,0.0,0.0,0.0055701034,0.0,-0.0031252403,-0.0024335342,0.0013135945,0.0,0.003232473,0.0,-0.0010321494
-0.10453037,0.003546528,-0.08143607,0.0,0.0,-0.037995234,-0.0034373398,-0.07777676,-0.009542168,0.0015830233,-0.09964431,0.0050140037,-0.0047124624,-0.023245847,0.0034721354,0.05517165,-0.004418573,-0.031007066,-0.0032213929,-8.6259795e-05,0.0,-0.0006074663,-0.8752253,-0.0011980607,0.0,-0.09396875,0.06945675,0.026431222,0.014108443,-0.38714302,-0.18410248,-0.004538625,-0.21354188,0.015250891,0.0014909225,-0.027920743,0.0,0.0,0.0,0.0008187632,0.00074129703,0.0,0.0,0.0,0.0,0.0,0.0,0.0,0.0,0.0,0.012192627,0.0,0.0,0.00046822935,0.0,-0.00041082405,-0.0009507878,-8.386171e-05,0.0,0.0,0.0,0.008263046,0.00445473,0.0,0.0,0.0008310637,0.0016699039,0.0,0.0,0.0,0.0016601862,0.0,-0.012986627,-0.0034596766,0.0028503702,-0.00049349386,0.0,0.0,-0.003715201,0.0,0.0,0.0,0.0031628949,0.0,0.0,0.0,0.003139796,0.0,0.0,0.0,0.0007393464,0.0004547168,-0.0028844667,0.00056657323,0.0,-0.0042613065,0.0,0.0,-0.0007002461,0.0,0.0,0.0,0.0018389504,-0.0026510486,0.0,0.0,0.0,0.0,0.0,0.005194603,0.0,0.0,0.0,0.0,0.0,-0.0006498745,0.0,0.0,-0.019314203,0.008614753,0.0010298891,0.0011448525,0.013568942,0.00054869946,0.002704808,0.0,0.0,0.000617892,0.0,0.0,0.0,0.0,-0.0037252405,0.0,0.005291346,0.0,0.0,-0.00039360515,0.0,-0.002483762,0.0,0.0,0.0004593142,0.0006262464,0.0,0.0,0.010592734,0.0,-0.0004221528,-2.4905106e-05,0.0,0.0,0.0,0.0055701034,0.0,-0.0029979232,-0.0026427822,0.0013135305,0.0,0.0032614097,0.0,-0.0010428188
0.424935,0.032120463,-0.094354056,0.0,0.0,-0.038725905,-0.0024415415,-0.12199065,-0.012411166,0.002006595,-0.021219457,-0.02261196,-0.0068726568,-0.004029679,-0.00040984107,-0.009623269,-0.0059083295,-0.033085868,0.020130187,-6.976255e-05,0.0,0.002659258,-0.5607675,-0.0013277236,0.0,-0.057055093,0.18267448,0.011602588,0.013620484,-0.24536277,0.07134091,0.0044160984,-0.35371286,0.015250891,0.0014909225,-0.02479039,0.0,0.0,0.0,0.0008187632,0.0007466536,0.0,0.0,0.0,0.0,0.0,0.0,0.0,0.0,0.0,0.0125661185,0.0,0.0,0.00046822935,0.0,0.0025676508,-0.0010087099,-9.65379e-05,0.0,0.0,0.0,0.008265331,0.004595645,0.0,0.0,0.0008310637,0.0016701109,0.0,0.0,0.0,0.001583584,0.0,-0.011703211,-0.00390125,0.0029493344,-0.00049344613,0.0,0.0,-0.0034088725,0.0,0.0,0.0,0.0031329186,0.0,0.0,0.0,0.0038174896,0.0,0.0,0.0,0.00033604202,0.0004547168,-0.0028351354,0.00056657323,0.0,-0.0038921623,0.0,0.0,-0.0007002461,0.0,0.0,0.0,0.0018318833,-0.0026000568,0.0,0.0,0.0,0.0,0.0,0.005194603,0.0,0.0,0.0,0.0,0.0,-0.00025024655,0.0,0.0,-0.008018324,0.00825887,0.0010298891,0.0011410833,0.013768776,0.00054869946,0.0027202729,0.0,0.0,0.0006270325,0.0,0.0,0.0,0.0,-0.0039073364,0.0,0.0051288554,0.0,0.0,-0.00024264962,0.0,-0.0019314508,0.0,0.0,0.00046422443,0.0006262464,0.0,0.0,0.00944004,0.0,-0.0004221528,-2.4905106e-05,0.0,0.0,0.0,0.004686138,0.0,-0.0030353405,-0.0024427692,0.0013135305,0.0,0.0032812539,0.0,-0.0010397664
0.5755986,0.30709806,-0.016919652,0.0,0.0,-0.024266994,-0.0029512695,-0.022206806,-0.011884981,0.0010526718,-0.09307661,-0.019733872,-0.0008041215,-0.011560174,0.11386362,0.13988987,-0.02118396,-0.0004175611,0.00044012044,-8.6259795e-05,0.0,-0.44400638,0.019775242,-0.013120441,0.0,0.05702408,0.13600242,-0.06713651,0.018067526,0.050684754,0.0047079,0.00064340845,0.31627896,0.008185859,0.0031627745,-0.03503206,0.0,0.0,0.0,0.000830434,0.0007423952,0.0,0.0,0.0,0.0,0.0,0.0,0.0,0.0,0.0,0.015417899,0.0,0.0,0.00046822935,0.0,-0.0008068235,-0.0010802135,-8.386171e-05,0.0,0.0,0.0,0.00920172,0.00445473,0.0,0.0,0.001401469,0.0016785815,0.0,0.0,0.0,0.0003553045,0.0,-0.014436575,-0.003902633,0.005963266,-0.00045643997,0.0,0.0,-0.0061665927,0.0,0.0,0.0,0.0030235006,0.0,0.0,0.0,0.002949358,0.0,0.0,0.0,0.0007393464,0.000529852,-0.002833058,0.00060272164,0.0,-0.004108699,0.0,0.0,-0.0007002461,0.0,0.0,0.0,0.0014857831,-0.0025410433,0.0,0.0,0.0,0.0,0.0,0.005210317,0.0,0.0,0.0,0.0,0.0,-0.00025024655,0.0,0.0,0.37748402,0.009020519,0.0010298891,0.0011500712,0.007878178,0.00054869946,0.001327029,0.0,0.0,0.00061327143,0.0,0.0,0.0,0.0,-0.003940594,0.0,0.00534371,0.0,0.0,-0.00046715618,0.0,-0.005580603,0.0,0.0,0.00046012815,0.0006262464,0.0,0.0,0.019328753,0.0,-0.0004221528,-2.4905106e-05,0.0,0.0,0.0,0.015073303,0.0,-0.0042700414,-0.002669311,0.0013311278,0.0,0.003255258,0.0,-0.0010117821
0.5755986,0.30709806,-0.016919652,0.0,0.0,-0.024266994,-0.0029512695,-0.022206806,-0.011884981,0.0010526718,-0.09307661,-0.019733872,-0.0008041215,-0.011560174,0.11386362,0.13988987,-0.02118396,-0.0004175611,0.00044012044,-8.6259795e-05,0.0,-0.44400638,0.019775242,-0.013120441,0.0,0.05702408,0.13600242,-0.06713651,0.018067526,0.050684754,0.0047079,0.00064340845,0.31627896,0.008185859,0.0031627745,-0.03503206,0.0,0.0,0.0,0.000830434,0.0007423952,0.0,0.0,0.0,0.0,0.0,0.0,0.0,0.0,0.0,0.015417899,0.0,0.0,0.00046822935,0.0,-0.0008068235,-0.0010802135,-8.386171e-05,0.0,0.0,0.0,0.00920172,0.00445473,0.0,0.0,0.001401469,0.0016785815,0.0,0.0,0.0,0.0003553045,0.0,-0.014436575,-0.003902633,0.005963266,-0.00045643997,0.0,0.0,-0.0061665927,0.0,0.0,0.0,0.0030235006,0.0,0.0,0.0,0.002949358,0.0,0.0,0.0,0.0007393464,0.000529852,-0.002833058,0.00060272164,0.0,-0.004108699,0.0,0.0,-0.0007002461,0.0,0.0,0.0,0.0014857831,-0.0025410433,0.0,0.0,0.0,0.0,0.0,0.005210317,0.0,0.0,0.0,0.0,0.0,-0.00025024655,0.0,0.0,0.37748402,0.009020519,0.0010298891,0.0011500712,0.007878178,0.00054869946,0.001327029,0.0,0.0,0.00061327143,0.0,0.0,0.0,0.0,-0.003940594,0.0,0.00534371,0.0,0.0,-0.00046715618,0.0,-0.005580603,0.0,0.0,0.00046012815,0.0006262464,0.0,0.0,0.019328753,0.0,-0.0004221528,-2.4905106e-05,0.0,0.0,0.0,0.015073303,0.0,-0.0042700414,-0.002669311,0.0013311278,0.0,0.003255258,0.0,-0.0010117821
0.48830384,-0.18381932,-0.11412532,0.0,0.0,-0.043130323,-0.002151919,-0.075455576,-0.012398239,0.0020850487,-0.027197978,-0.01641144,-0.008137351,-0.03182832,-0.005039257,-0.009500116,0.012386277,-0.034741547,-0.00064747507,-3.3093587e-05,0.0,0.0011170204,0.092734315,-0.0011160725,0.0,0.07651004,0.22085522,-0.019120961,0.022663184,-0.37769467,-0.18257686,-0.0016575913,-0.4318077,-0.016322019,-0.0054198466,-0.010473041,0.0,0.0,0.0,0.0008184723,0.000752716,0.0,0.0,0.0,0.0,0.0,0.0,0.0,0.0,0.0,0.012594083,0.0,0.0,0.00046222948,0.0,-0.00041082405,-0.0008509029,-8.131948e-05,0.0,0.0,0.0,0.008125915,0.0065670195,0.0,0.0,0.0008310637,0.0016695263,0.0,0.0,0.0,0.0015614203,0.0,-0.012589972,-0.0045426227,0.009329946,-0.0004962425,0.0,0.0,-0.0043254574,0.0,0.0,0.0,0.0019799373,0.0,0.0,0.0,0.0037984115,0.0,0.0,0.0,0.00033604202,0.0004547168,-0.0028715332,0.00056657323,0.0,-0.001755315,0.0,0.0,-0.0007002461,0.0,0.0,0.0,0.0018318833,-0.0029601352,0.0,0.0,0.0,0.0,0.0,0.0022635479,0.0,0.0,0.0,0.0,0.0,-0.00023579012,0.0,0.0,-0.0060568387,0.0082630105,0.00091923645,0.0011374244,0.009040108,0.00032259544,0.002707974,0.0,0.0,0.000634552,0.0,0.0,0.0,0.0,-0.003158228,0.0,0.005546419,0.0,0.0,-0.00018193982,0.0,-0.0018701439,0.0,0.0,0.00046350647,0.0013897421,0.0,0.0,0.009362154,0.0,-0.0004221528,-3.62122e-05,0.0,0.0,0.0,0.006334853,0.0,-0.00466007,-0.004934855,0.0013108497,0.0,0.0014079986,0.0,-0.0007475214
0.2245868,-0.11970357,-0.08723583,0.0,0.0,-0.020305261,-0.003141576,-0.093018405,-0.014132551,0.002006595,-0.06720844,-0.006379241,-0.014345417,-0.032599464,-0.0052988008,0.0047797887,-0.008518526,0.08212604,-0.0033801168,-5.9663063e-05,0.0,0.004912317,0.09977549,-0.0013254491,0.0,0.056784324,0.21940415,-0.06840662,0.024286235,-0.42842495,-0.16260442,-0.022044154,-0.3724072,-0.009336574,0.0014909225,0.027392546,0.0,0.0,0.0,0.0008184723,0.0007529268,0.0,0.0,0.0,0.0,0.0,0.0,0.0,0.0,0.0,0.012992989,0.0,0.0,0.0004893169,0.0,-0.00041082405,-0.0011742293,-8.386171e-05,0.0,0.0,0.0,0.008129499,0.0065670195,0.0,0.0,0.00083502487,0.0016693141,0.0,0.0,0.0,0.0015599816,0.0,-0.015133743,-0.0034317712,0.009329946,-0.0004962425,0.0,0.0,-0.0046788133,0.0,0.0,0.0,0.002870715,0.0,0.0,0.0,0.0038174896,0.0,0.0,0.0,0.0007393464,0.0004547168,-0.0028720424,0.00056657323,0.0,-0.0020373191,0.0,0.0,-0.0007002461,0.0,0.0,0.0,0.0018318833,-0.0029601352,0.0,0.0,0.0,0.0,0.0,0.002422375,0.0,0.0,0.0,0.0,0.0,-0.00022713149,0.0,0.0,-0.0061187386,0.008603127,0.00091923645,0.0011372517,0.008963667,0.00032259544,0.0027082849,0.0,0.0,0.0006401941,0.0,0.0,0.0,0.0,-0.0038030646,0.0,0.0065835305,0.0,0.0,0.01089315,0.0,-0.0019512805,0.0,0.0,0.00046350647,0.0013897421,0.0,0.0,0.009506498,0.0,-0.0004221528,-2.4905106e-05,0.0,0.0,0.0,0.0063389023,0.0,-0.0046284953,-0.002517121,0.0013111335,0.0,0.001890317,0.0,-0.0010699298
-0.14435717,0.018753894,-0.011228982,0.0,0.0,-0.020447792,-0.004862616,0.037353728,-0.0009964937,0.0012790548,-0.03664905,0.07033473,-0.014668923,0.04225439,-0.009036836,0.13872778,0.0022529517,0.00420076,7.582068e-05,-0.0001286727,0.0,0.0045115403,-0.24885416,-0.0013676225,0.0,0.07139392,0.14107075,0.03198272,0.016376453,-0.28180075,-0.06346508,-0.020176213,-0.09267408,-0.00056571164,0.0013483835,-0.0071227048,0.0,0.0,0.0,0.00081848196,0.0007474188,0.0,0.0,0.0,0.0,0.0,0.0,0.0,0.0,0.0,0.015357064,0.0,0.0,0.0007937185,0.0,-0.00020665546,-0.000949346,-8.386171e-05,0.0,0.0,0.0,0.008333641,0.00445473,0.0,0.0,0.00083502487,0.0016710843,0.0,0.0,0.0,0.0002930667,0.0,-0.027523529,-0.0036847051,0.00919458,-0.00049718405,0.0,0.0,-0.0048582344,0.0,0.0,0.0,0.003251591,0.0,0.0,0.0,0.0038174896,0.0,0.0,0.0,0.0007393464,0.0004547168,-0.002948376,0.00056657323,0.0,-0.002255661,0.0,0.0,-0.0007002461,0.0,0.0,0.0,0.0018318833,-0.0029253857,0.0,0.0,0.0,0.0,0.0,0.005721936,0.0,0.0,0.0,0.0,0.0,-0.00025024655,0.0,0.0,-0.03120722,0.012711569,0.0010298891,0.0011868301,0.008488909,0.00032259544,0.0027260985,0.0,0.0,0.0006418938,0.0,0.0,0.0,0.0,-0.0037881213,0.0,0.0065966686,0.0,0.0,-0.00024400419,0.0,-0.0030564938,0.0,0.0,0.00045927067,0.0013897421,0.0,0.0,0.0059380336,0.0,-0.0004221528,-3.62122e-05,0.0,0.0,0.0,0.003539987,0.0,-0.0043818285,-0.0027759513,0.0013041659,0.0,0.003261167,0.0,-0.0010509349
-0.19605674,-0.24517131,-0.0143649,0.0,0.0,-0.014436237,-0.0055529573,0.0032082908,0.07483985,0.0013575086,-0.058325063,0.03835959,-0.014516599,0.06014842,-0.036564633,0.18155998,0.084893495,-0.01874013,0.0027648439,-5.2531024e-05,0.0,0.059409287,0.034161396,-0.00101559,0.0,-0.010954419,0.2174469,-0.22580013,0.025708007,-0.39246216,-0.063228525,-0.013718083,-0.17308237,-0.00056571164,-0.0063113444,-0.35986534,0.0,0.0,0.0,0.00081848196,0.0007714656,0.0,0.0,0.0,0.0,0.0,0.0,0.0,0.0,0.0,0.014677193,0.0,0.0,0.00046222948,0.0,-0.00020665546,-0.0012644415,-6.864329e-05,0.0,0.0,0.0,0.008354655,0.0065670195,0.0,0.0,0.0007380112,0.0016759869,0.0,0.0,0.0,0.0016199586,0.0,-0.027748141,0.4992982,0.009336718,-0.00049718405,0.0,0.0,-0.0050254297,0.0,0.0,0.0,0.0032282332,0.0,0.0,0.0,0.0037984115,0.0,0.0,0.0,0.0005896011,0.0004547168,-0.0028009538,0.00056657323,0.0,-0.0024008017,0.0,0.0,-0.0007002461,0.0,0.0,0.0,0.0014857831,-0.011334446,0.0,0.0,0.0,0.0,0.0,0.0031303924,0.0,0.0,0.0,0.0,0.0,-0.00023579012,0.0,0.0,-0.004493414,0.011673824,0.00091923645,0.0011892616,0.0078120236,0.00032259544,0.0034813457,0.0,0.0,0.0006220214,0.0,0.0,0.0,0.0,-0.0031366807,0.0,0.0068390192,0.0,0.0,-0.00024400419,0.0,-0.0019512805,0.0,0.0,0.00046355,0.0013897421,0.0,0.0,0.0058155265,0.0,-0.0004221528,-3.62122e-05,0.0,0.0,0.0,0.003452812,0.0,-0.0045272647,-0.0047340374,0.0013151185,0.0,0.003228731,0.0,-0.0007499398
-0.19605674,-0.24517131,-0.0143649,0.0,0.0,-0.014436237,-0.0055529573,0.0032082908,0.07483985,0.0013575086,-0.058325063,0.03835959,-0.014516599,0.06014842,-0.036564633,0.18155998,0.084893495,-0.01874013,0.0027648439,-5.2531024e-05,0.0,0.059409287,0.034161396,-0.00101559,0.0,-0.010954419,0.2174469,-0.22580013,0.025708007,-0.39246216,-0.063228525,-0.013718083,-0.17308237,-0.00056571164,-0.0063113444,-0.35986534,0.0,0.0,0.0,0.00081848196,0.0007714656,0.0,0.0,0.0,0.0,0.0,0.0,0.0,0.0,0.0,0.014677193,0.0,0.0,0.00046222948,0.0,-0.00020665546,-0.0012644415,-6.864329e-05,0.0,0.0,0.0,0.008354655,0.0065670195,0.0,0.0,0.0007380112,0.0016759869,0.0,0.0,0.0,0.0016199586,0.0,-0.027748141,0.4992982,0.009336718,-0.00049718405,0.0,0.0,-0.0050254297,0.0,0.0,0.0,0.0032282332,0.0,0.0,0.0,0.0037984115,0.0,0.0,0.0,0.0005896011,0.0004547168,-0.0028009538,0.00056657323,0.0,-0.0024008017,0.0,0.0,-0.0007002461,0.0,0.0,0.0,0.0014857831,-0.011334446,0.0,0.0,0.0,0.0,0.0,0.0031303924,0.0,0.0,0.0,0.0,0.0,-0.00023579012,0.0,0.0,-0.004493414,0.011673824,0.00091923645,0.0011892616,0.0078120236,0.00032259544,0.0034813457,0.0,0.0,0.0006220214,0.0,0.0,0.0,0.0,-0.0031366807,0.0,0.0068390192,0.0,0.0,-0.00024400419,0.0,-0.0019512805,0.0,0.0,0.00046355,0.0013897421,0.0,0.0,0.0058155265,0.0,-0.0004221528,-3.62122e-05,0.0,0.0,0.0,0.003452812,0.0,-0.0045272647,-0.0047340374,0.0013151185,0.0,0.003228731,0.0,-0.0007499398
-0.1825335,-0.1959062,-0.09154562,0.0,0.0,-0.03160939,-0.003268018,-0.023909949,-0.014186281,0.002006595,-0.032683544,0.04888327,-0.01425725,-0.0014779551,0.01635672,-0.033049133,-0.00665509,-0.0332444,0.020130187,-0.00012477177,0.0,-0.020862328,-0.7030283,-0.01337698,0.0,-0.22808549,0.0786973,0.03696243,0.020886015,-0.33963868,-0.19249508,0.0036501281,-0.37735018,0.004815004,0.0014909225,-0.009343477,0.0,0.0,0.0,0.0008187632,0.00074885576,0.0,0.0,0.0,0.0,0.0,0.0,0.0,0.0,0.0,0.01211727,0.0,0.0,0.00046822935,0.0,-0.00041082405,-0.001008973,-8.386171e-05,0.0,0.0,0.0,0.008270244,0.00445473,0.0,0.0,0.00083502487,0.0016705695,0.0,0.0,0.0,0.0015845094,0.0,-0.014060676,-0.0020931447,0.0029493344,-0.00033918864,0.0,0.0,-0.0037780574,0.0,0.0,0.0,0.0031662798,0.0,0.0,0.0,0.0038174896,0.0,0.0,0.0,0.0007393464,0.0004547168,-0.002835972,0.00056657323,0.0,-0.0024993485,0.0,0.0,-0.0007002461,0.0,0.0,0.0,0.0018318833,-0.0028428917,0.0,0.0,0.0,0.0,0.0,0.005558451,0.0,0.0,0.0,0.0,0.0,-0.00025024655,0.0,0.0,0.26060614,0.008622158,0.0010298891,0.0011345202,0.013806888,0.00054869946,0.0027052856,0.0,0.0,0.0006225879,0.0,0.0,0.0,0.0,-0.0038379622,0.0,0.005291346,0.0,0.0,-0.00024400419,0.0,-0.0020689908,0.0,0.0,0.0004593142,0.0006262464,0.0,0.0,0.010396139,0.0,-0.0004221528,-2.4905106e-05,0.0,0.0,0.0,0.0046337484,0.0,-0.0030584363,-0.0022811624,0.0013110292,0.0,0.0031449285,0.0,-0.0010322822
-0.24558167,0.38353345,-0.005514358,0.0,0.0,-0.028351141,-0.003475396,0.014040869,0.20651758,0.001076167,-0.0012618424,0.033270672,-0.02491625,-0.037777577,-0.007420992,-0.11184943,-0.0066331723,0.0012644274,-8.2903214e-05,-0.00012444083,0.0,-0.0016669215,0.048855115,-0.001329712,0.0,0.03876145,0.15085782,0.034278706,0.025472935,0.0063851853,0.07587905,0.00051232695,-0.13687682,-0.0012592531,0.0013974695,-0.09576168,0.0,0.0,0.0,0.00083048764,0.0007490214,0.0,0.0,0.0,0.0,0.0,0.0,0.0,0.0,0.0,0.013804142,0.0,0.0,0.0007937185,0.0,-0.000584473,-0.00097648054,-8.386171e-05,0.0,0.0,0.0,0.009152392,0.00445473,0.0,0.0,0.0019721922,0.0016856726,0.0,0.0,0.0,0.00032207475,0.0,1.0462077,-0.004942808,0.003913587,-0.00036408677,0.0,0.0,-0.0038003866,0.0,0.0,0.0,0.0020771285,0.0,0.0,0.0,0.0035660677,0.0,0.0,0.0,0.00050551,0.0004547168,-0.0028028286,0.00056657323,0.0,-0.0030716204,0.0,0.0,-0.0007002461,0.0,0.0,0.0,0.0007940588,-0.0025721279,0.0,0.0,0.0,0.0,0.0,0.005171886,0.0,0.0,0.0,0.0,0.0,-0.0006498745,0.0,0.0,-0.025920581,0.010151291,0.0010298891,0.0011510914,0.009130752,0.00054869946,0.0012828247,0.0,0.0,0.0006303637,0.0,0.0,0.0,0.0,-0.0038522906,0.0,0.005405614,0.0,0.0,-0.0003949597,0.0,-0.0052380124,0.0,0.0,0.0004593142,0.0013897421,0.0,0.0,0.006799966,0.0,-0.0004221528,-3.62122e-05,0.0,0.0,0.0,0.0047601154,0.0,-0.00404634,-0.0023118777,0.001314408,0.0,0.0012927817,0.0,-0.0010362933
-0.42867717,0.31950322,-0.006898055,0.0,0.0,-0.0248242,-0.0035003554,-0.02521812,0.08262327,0.0010329175,-0.0048653185,-0.031170521,-0.004221283,-0.008914038,-0.0043335827,-0.020073324,-0.0019048362,0.0014349867,0.000457234,-8.6259795e-05,0.0,0.0009141615,0.048820723,-0.0013380597,0.0,-0.16177684,-0.324499,0.018160768,-0.31267747,0.03470459,-0.07331954,-0.0020264825,0.19559596,0.008002556,0.0018625886,-0.020335227,0.0,0.0,0.0,0.000830434,0.00073783705,0.0,0.0,0.0,0.0,0.0,0.0,0.0,0.0,0.0,0.018652419,0.0,0.0,0.0005793231,0.0,0.0036529559,-0.0010071129,-0.00034986454,0.0,0.0,0.0,0.0086266035,0.0039298674,0.0,0.0,0.0028226026,0.0016771317,0.0,0.0,0.0,0.00027052534,0.0,-0.0230852,-0.0035561079,0.0059102504,-0.00020676904,0.0,0.0,-0.0088037625,0.0,0.0,0.0,0.0030885625,0.0,0.0,0.0,0.002351419,0.0,0.0,0.0,0.0007393464,0.0004547168,-0.0028788475,0.00072380103,0.0,-0.004134872,0.0,0.0,-0.0007002461,0.0,0.0,0.0,0.0015584708,-0.0025721279,0.0,0.0,0.0,0.0,0.0,0.0050559915,0.0,0.0,0.0,0.0,0.0,-0.0006498745,0.0,0.0,-0.025921565,0.006027359,0.00037078466,0.0011500337,0.008012735,0.00054869946,0.0012733691,0.0,0.0,0.0006085147,0.0,0.0,0.0,0.0,-0.0043134093,0.0,0.002975633,0.0,0.0,-0.0006181117,0.0,-0.006651384,0.0,0.0,0.0004596248,0.0013897421,0.0,0.0,0.007073776,0.0,-0.001038024,-2.4905106e-05,0.0,0.0,0.0,0.0054123774,0.0,-0.0046717096,-0.0031308755,0.0012114838,0.0,0.0013695902,0.0,-0.0010404465
0.75059885,-0.047785945,-0.12454877,0.0,0.0,-0.02424577,-0.0030233553,-0.025818864,-0.010004115,-0.0005726762,0.008841055,-0.073262446,-0.0009230939,0.0043966044,-0.00597808,-0.017266352,-0.005369432,0.00020091809,0.00023785852,-8.6259795e-05,0.0,-0.0029166718,0.13634984,-0.0013380597,0.0,0.042894565,-0.023667892,0.0030451745,0.011254169,0.090184525,0.16917007,-7.890773e-06,0.35164016,0.008002556,0.0016346909,-0.011753092,0.0,0.0,0.0,0.0008241433,0.0007395572,0.0,0.0,0.0,0.0,0.0,0.0,0.0,0.0,0.0,0.014414371,0.0,0.0,0.0007710833,0.0,-0.0008068235,-0.0010075666,-8.386171e-05,0.0,0.0,0.0,0.00821435,0.0039298674,0.0,0.0,0.002040955,0.0016737529,0.0,0.0,0.0,0.0016461385,0.0,-0.011948908,-0.003751843,0.0052185073,-0.00018441316,0.0,0.0,-0.0049420013,0.0,0.0,0.0,0.0031604932,0.0,0.0,0.0,0.0026430734,0.0,0.0,0.0,0.0007393464,0.0004547168,-0.0028212427,0.00056657323,0.0,-0.004134335,0.0,0.0,-0.0007002461,0.0,0.0,0.0,0.0018318833,-0.0029253857,0.0,0.0,0.0,0.0,0.0,0.0052069966,0.0,0.0,0.0,0.0,0.0,-0.0006498745,0.0,0.0,-0.017965648,0.009133255,0.0005246742,0.0011499544,0.008057559,0.00054869946,0.0027162584,0.0,0.0,0.000613989,0.0,0.0,0.0,0.0,-0.0042948374,0.0,0.0031878916,0.0,0.0,-0.0006181117,0.0,-0.006651384,0.0,0.0,0.00046012815,0.0013897421,0.0,0.0,0.019449556,0.0,-0.004161503,-2.4905106e-05,0.0,0.0,0.0,0.014900104,0.0,-0.004251218,-0.005608784,0.001314986,0.0,0.0032341613,0.0,-0.0010379318
0.75059885,-0.047785945,-0.12454877,0.0,0.0,-0.02424577,-0.0030233553,-0.025818864,-0.010004115,-0.0005726762,0.008841055,-0.073262446,-0.0009230939,0.0043966044,-0.00597808,-0.017266352,-0.005369432,0.00020091809,0.00023785852,-8.6259795e-05,0.0,-0.0029166718,0.13634984,-0.0013380597,0.0,0.042894565,-0.023667892,0.0030451745,0.011254169,0.090184525,0.16917007,-7.890773e-06,0.35164016,0.008002556,0.0016346909,-0.011753092,0.0,0.0,0.0,0.0008241433,0.0007395572,0.0,0.0,0.0,0.0,0.0,0.0,0.0,0.0,0.0,0.014414371,0.0,0.0,0.0007710833,0.0,-0.0008068235,-0.0010075666,-8.386171e-05,0.0,0.0,0.0,0.00821435,0.0039298674,0.0,0.0,0.002040955,0.0016737529,0.0,0.0,0.0,0.0016461385,0.0,-0.011948908,-0.003751843,0.0052185073,-0.00018441316,0.0,0.0,-0.0049420013,0.0,0.0,0.0,0.0031604932,0.0,0.0,0.0,0.0026430734,0.0,0.0,0.0,0.0007393464,0.0004547168,-0.0028212427,0.00056657323,0.0,-0.004134335,0.0,0.0,-0.0007002461,0.0,0.0,0.0,0.0018318833,-0.0029253857,0.0,0.0,0.0,0.0,0.0,0.0052069966,0.0,0.0,0.0,0.0,0.0,-0.0006498745,0.0,0.0,-0.017965648,0.009133255,0.0005246742,0.0011499544,0.008057559,0.00054869946,0.0027162584,0.0,0.0,0.000613989,0.0,0.0,0.0,0.0,-0.0042948374,0.0,0.0031878916,0.0,0.0,-0.0006181117,0.0,-0.006651384,0.0,0.0,0.00046012815,0.0013897421,0.0,0.0,0.019449556,0.0,-0.004161503,-2.4905106e-05,0.0,0.0,0.0,0.014900104,0.0,-0.004251218,-0.005608784,0.001314986,0.0,0.0032341613,0.0,-0.0010379318
0.75059885,-0.047785945,-0.12454877,0.0,0.0,-0.02424577,-0.0030233553,-0.025818864,-0.010004115,-0.0005726762,0.008841055,-0.073262446,-0.0009230939,0.0043966044,-0.00597808,-0.017266352,-0.005369432,0.00020091809,0.00023785852,-8.6259795e-05,0.0,-0.0029166718,0.13634984,-0.0013380597,0.0,0.042894565,-0.023667892,0.0030451745,0.011254169,0.090184525,0.16917007,-7.890773e-06,0.35164016,0.008002556,0.0016346909,-0.011753092,0.0,0.0,0.0,0.0008241433,0.0007395572,0.0,0.0,0.0,0.0,0.0,0.0,0.0,0.0,0.0,0.014414371,0.0,0.0,0.0007710833,0.0,-0.0008068235,-0.0010075666,-8.386171e-05,0.0,0.0,0.0,0.00821435,0.0039298674,0.0,0.0,0.002040955,0.0016737529,0.0,0.0,0.0,0.0016461385,0.0,-0.011948908,-0.003751843,0.0052185073,-0.00018441316,0.0,0.0,-0.0049420013,0.0,0.0,0.0,0.0031604932,0.0,0.0,0.0,0.0026430734,0.0,0.0,0.0,0.0007393464,0.0004547168,-0.0028212427,0.00056657323,0.0,-0.004134335,0.0,0.0,-0.0007002461,0.0,0.0,0.0,0.0018318833,-0.0029253857,0.0,0.0,0.0,0.0,0.0,0.0052069966,0.0,0.0,0.0,0.0,0.0,-0.0006498745,0.0,0.0,-0.017965648,0.009133255,0.0005246742,0.0011499544,0.008057559,0.00054869946,0.0027162584,0.0,0.0,0.000613989,0.0,0.0,0.0,0.0,-0.0042948374,0.0,0.0031878916,0.0,0.0,-0.0006181117,0.0,-0.006651384,0.0,0.0,0.00046012815,0.0013897421,0.0,0.0,0.019449556,0.0,-0.004161503,-2.4905106e-05,0.0,0.0,0.0,0.014900104,0.0,-0.004251218,-0.005608784,0.001314986,0.0,0.0032341613,0.0,-0.0010379318
0.75059885,-0.047785945,-0.12454877,0.0,0.0,-0.02424577,-0.0030233553,-0.025818864,-0.010004115,-0.0005726762,0.008841055,-0.073262446,-0.0009230939,0.0043966044,-0.00597808,-0.017266352,-0.005369432,0.00020091809,0.00023785852,-8.6259795e-05,0.0,-0.0029166718,0.13634984,-0.0013380597,0.0,0.042894565,-0.023667892,0.0030451745,0.011254169,0.090184525,0.16917007,-7.890773e-06,0.35164016,0.008002556,0.0016346909,-0.011753092,0.0,0.0,0.0,0.0008241433,0.0007395572,0.0,0.0,0.0,0.0,0.0,0.0,0.0,0.0,0.0,0.014414371,0.0,0.0,0.0007710833,0.0,-0.0008068235,-0.0010075666,-8.386171e-05,0.0,0.0,0.0,0.00821435,0.0039298674,0.0,0.0,0.002040955,0.0016737529,0.0,0.0,0.0,0.0016461385,0.0,-0.011948908,-0.003751843,0.0052185073,-0.00018441316,0.0,0.0,-0.0049420013,0.0,0.0,0.0,0.0031604932,0.0,0.0,0.0,0.0026430734,0.0,0.0,0.0,0.0007393464,0.0004547168,-0.0028212427,0.00056657323,0.0,-0.004134335,0.0,0.0,-0.0007002461,0.0,0.0,0.0,0.0018318833,-0.0029253857,0.0,0.0,0.0,0.0,0.0,0.0052069966,0.0,0.0,0.0,0.0,0.0,-0.0006498745,0.0,0.0,-0.017965648,0.009133255,0.0005246742,0.0011499544,0.008057559,0.00054869946,0.0027162584,0.0,0.0,0.000613989,0.0,0.0,0.0,0.0,-0.0042948374,0.0,0.0031878916,0.0,0.0,-0.0006181117,0.0,-0.006651384,0.0,0.0,0.00046012815,0.0013897421,0.0,0.0,0.019449556,0.0,-0.004161503,-2.4905106e-05,0.0,0.0,0.0,0.014900104,0.0,-0.004251218,-0.005608784,0.001314986,0.0,0.0032341613,0.0,-0.0010379318
0.75059885,-0.047785945,-0.12454877,0.0,0.0,-0.02424577,-0.0030233553,-0.025818864,-0.010004115,-0.0005726762,0.008841055,-0.073262446,-0.0009230939,0.0043966044,-0.00597808,-0.017266352,-0.005369432,0.00020091809,0.00023785852,-8.6259795e-05,0.0,-0.0029166718,0.13634984,-0.0013380597,0.0,0.042894565,-0.023667892,0.0030451745,0.011254169,0.090184525,0.16917007,-7.890773e-06,0.35164016,0.008002556,0.0016346909,-0.011753092,0.0,0.0,0.0,0.0008241433,0.0007395572,0.0,0.0,0.0,0.0,0.0,0.0,0.0,0.0,0.0,0.014414371,0.0,0.0,0.0007710833,0.0,-0.0008068235,-0.0010075666,-8.386171e-05,0.0,0.0,0.0,0.00821435,0.0039298674,0.0,0.0,0.002040955,0.0016737529,0.0,0.0,0.0,0.0016461385,0.0,-0.011948908,-0.003751843,0.0052185073,-0.00018441316,0.0,0.0,-0.0049420013,0.0,0.0,0.0,0.0031604932,0.0,0.0,0.0,0.0026430734,0.0,0.0,0.0,0.0007393464,0.0004547168,-0.0028212427,0.00056657323,0.0,-0.004134335,0.0,0.0,-0.0007002461,0.0,0.0,0.0,0.0018318833,-0.0029253857,0.0,0.0,0.0,0.0,0.0,0.0052069966,0.0,0.0,0.0,0.0,0.0,-0.0006498745,0.0,0.0,-0.017965648,0.009133255,0.0005246742,0.0011499544,0.008057559,0.00054869946,0.0027162584,0.0,0.0,0.000613989,0.0,0.0,0.0,0.0,-0.0042948374,0.0,0.0031878916,0.0,0.0,-0.0006181117,0.0,-0.006651384,0.0,0.0,0.00046012815,0.0013897421,0.0,0.0,0.019449556,0.0,-0.004161503,-2.4905106e-05,0.0,0.0,0.0,0.014900104,0.0,-0.004251218,-0.005608784,0.001314986,0.0,0.0032341613,0.0,-0.0010379318
1.0222945,-0.16823786,0.24202333,0.0,0.0,0.06831387,-0.0030061482,0.10455042,-0.012998176,0.0065562525,-0.04465304,-0.013381156,-0.0071728663,-0.018522132,0.0054835323,-0.015616933,-0.008257974,-0.0030148865,0.00023785852,-0.0044183694,0.0,0.0070245857,0.12772383,-0.0012700773,0.0,0.07858464,0.077803545,0.060727358,0.019092359,-0.24085245,-0.11353276,0.000859148,-0.28419238,-0.016322019,0.0020448817,-0.024096128,0.0,0.0,0.0,0.0008184723,0.00074287946,0.0,0.0,0.0,0.0,0.0,0.0,0.0,0.0,0.0,0.01297492,0.0,0.0,0.0007937185,0.0,0.0025676508,-0.0012759829,-9.65379e-05,0.0,0.0,0.0,0.00822741,0.0062841973,0.0,0.0,0.0008310637,0.0016688972,0.0,0.0,0.0,0.0015782542,0.0,-0.012122937,-0.0049631037,0.009338515,-0.0004962425,0.0,0.0,-0.0041640503,0.0,0.0,0.0,0.002977714,0.0,0.0,0.0,0.0038174896,0.0,0.0,0.0,0.00033604202,0.0004547168,-0.0028209875,0.00056657323,0.0,-0.003993767,0.0,0.0,-0.0007002461,0.0,0.0,0.0,0.0018318833,-0.003011127,0.0,0.0,0.0,0.0,0.0,0.00096840225,0.0,0.0,0.0,0.0,0.0,-0.00023579012,0.0,0.0,-0.0062169675,0.008258371,0.00091923645,0.0011290374,0.008060415,0.00032259544,0.0027006045,0.0,0.0,0.0006288317,0.0,0.0,0.0,0.0,-0.0037819913,0.0,0.0062655243,0.0,0.0,-0.00024264962,0.0,-0.0028699043,0.0,0.0,0.00045863978,0.0013897421,0.0,0.0,0.011836591,0.0,-0.0004221528,-2.4905106e-05,0.0,0.0,0.0,0.006257933,0.0,-0.004247079,-0.002869983,0.001313351,0.0,0.0032351392,0.0,-0.0010347494
-0.40383506,-0.16248801,0.019615531,0.0,0.0,0.026791327,-0.006397919,-0.0019303644,-0.28874806,0.00050216855,-0.025072897,-0.059471756,0.11416187,-0.019648055,-0.0025742059,-0.020528927,-0.008026324,0.0023791415,0.00041436517,-9.2350194e-05,0.0,-0.003266481,0.06977377,-0.0016364056,0.0,-0.06430541,0.025994621,0.0077116517,0.014638918,0.055725187,-0.07442958,0.0012359929,-0.28569955,0.0017019887,-0.0054601575,0.0112314625,0.0,0.0,0.0,0.00081848196,0.00071373297,0.0,0.0,0.0,0.0,0.0,0.0,0.0,0.0,0.0,0.01248176,0.0,0.0,0.0004893169,0.0,-0.00020665546,-0.0010741526,-8.386171e-05,0.0,0.0,0.0,0.008090985,0.0030009807,0.0,0.0,0.00085341075,0.0016727244,0.0,0.0,0.0,0.0015875988,0.0,-0.028660823,-0.004229451,0.009295412,-0.00049718405,0.0,0.0,-0.005159776,0.0,0.0,0.0,0.003254976,0.0,0.0,0.0,0.0038386441,0.0,0.0,0.0,0.0007393464,0.0004547168,-0.0028798468,0.00056657323,0.0,-0.0039982013,0.0,0.0,0.028436044,0.0,0.0,0.0,0.0018318833,-0.0032344724,0.0,0.0,0.0,0.0,0.0,0.006315977,0.0,0.0,0.0,0.0,0.0,-0.025445344,0.0,0.0,-0.0124054225,0.009045775,0.0010298891,0.0011132162,0.008044539,0.00032259544,0.0026317379,0.0,0.0,0.00061633316,0.0,0.0,0.0,0.0,-0.0039262045,0.0,0.00659852,0.0,0.0,-0.010409419,0.0,-0.0019512805,0.0,0.0,0.00051991985,0.0013897421,0.0,0.0,0.007018623,0.0,-0.0004221528,-2.4905106e-05,0.0,0.0,0.0,0.00503309,0.0,-0.0046189125,-0.0030165375,0.0013276865,0.0,0.0030068208,0.0,-0.0010368079
-0.40383506,-0.16248801,0.019615531,0.0,0.0,0.026791327,-0.006397919,-0.0019303644,-0.28874806,0.00050216855,-0.025072897,-0.059471756,0.11416187,-0.019648055,-0.0025742059,-0.020528927,-0.008026324,0.0023791415,0.00041436517,-9.2350194e-05,0.0,-0.003266481,0.06977377,-0.0016364056,0.0,-0.06430541,0.025994621,0.0077116517,0.014638918,0.055725187,-0.07442958,0.0012359929,-0.28569955,0.0017019887,-0.0054601575,0.0112314625,0.0,0.0,0.0,0.00081848196,0.00071373297,0.0,0.0,0.0,0.0,0.0,0.0,0.0,0.0,0.0,0.01248176,0.0,0.0,0.0004893169,0.0,-0.00020665546,-0.0010741526,-8.386171e-05,0.0,0.0,0.0,0.008090985,0.0030009807,0.0,0.0,0.00085341075,0.0016727244,0.0,0.0,0.0,0.0015875988,0.0,-0.028660823,-0.004229451,0.009295412,-0.00049718405,0.0,0.0,-0.005159776,0.0,0.0,0.0,0.003254976,0.0,0.0,0.0,0.0038386441,0.0,0.0,0.0,0.0007393464,0.0004547168,-0.0028798468,0.00056657323,0.0,-0.0039982013,0.0,0.0,0.028436044,0.0,0.0,0.0,0.0018318833,-0.0032344724,0.0,0.0,0.0,0.0,0.0,0.006315977,0.0,0.0,0.0,0.0,0.0,-0.025445344,0.0,0.0,-0.0124054225,0.009045775,0.0010298891,0.0011132162,0.008044539,0.00032259544,0.0026317379,0.0,0.0,0.00061633316,0.0,0.0,0.0,0.0,-0.0039262045,0.0,0.00659852,0.0,0.0,-0.010409419,0.0,-0.0019512805,0.0,0.0,0.00051991985,0.0013897421,0.0,0.0,0.007018623,0.0,-0.0004221528,-2.4905106e-05,0.0,0.0,0.0,0.00503309,0.0,-0.0046189125,-0.0030165375,0.0013276865,0.0,0.0030068208,0.0,-0.0010368079
-0.40383506,-0.16248801,0.019615531,0.0,0.0,0.026791327,-0.006397919,-0.0019303644,-0.28874806,0.00050216855,-0.025072897,-0.059471756,0.11416187,-0.019648055,-0.0025742059,-0.020528927,-0.008026324,0.0023791415,0.00041436517,-9.2350194e-05,0.0,-0.003266481,0.06977377,-0.0016364056,0.0,-0.06430541,0.025994621,0.0077116517,0.014638918,0.055725187,-0.07442958,0.0012359929,-0.28569955,0.0017019887,-0.0054601575,0.0112314625,0.0,0.0,0.0,0.00081848196,0.00071373297,0.0,0.0,0.0,0.0,0.0,0.0,0.0,0.0,0.0,0.01248176,0.0,0.0,0.0004893169,0.0,-0.00020665546,-0.0010741526,-8.386171e-05,0.0,0.0,0.0,0.008090985,0.0030009807,0.0,0.0,0.00085341075,0.0016727244,0.0,0.0,0.0,0.0015875988,0.0,-0.028660823,-0.004229451,0.009295412,-0.00049718405,0.0,0.0,-0.005159776,0.0,0.0,0.0,0.003254976,0.0,0.0,0.0,0.0038386441,0.0,0.0,0.0,0.0007393464,0.0004547168,-0.0028798468,0.00056657323,0.0,-0.0039982013,0.0,0.0,0.028436044,0.0,0.0,0.0,0.0018318833,-0.0032344724,0.0,0.0,0.0,0.0,0.0,0.006315977,0.0,0.0,0.0,0.0,0.0,-0.025445344,0.0,0.0,-0.0124054225,0.009045775,0.0010298891,0.0011132162,0.008044539,0.00032259544,0.0026317379,0.0,0.0,0.00061633316,0.0,0.0,0.0,0.0,-0.0039262045,0.0,0.00659852,0.0,0.0,-0.010409419,0.0,-0.0019512805,0.0,0.0,0.00051991985,0.0013897421,0.0,0.0,0.007018623,0.0,-0.0004221528,-2.4905106e-05,0.0,0.0,0.0,0.00503309,0.0,-0.0046189125,-0.0030165375,0.0013276865,0.0,0.0030068208,0.0,-0.0010368079
-0.40383506,-0.16248801,0.019615531,0.0,0.0,0.026791327,-0.006397919,-0.0019303644,-0.28874806,0.00050216855,-0.025072897,-0.059471756,0.11416187,-0.019648055,-0.0025742059,-0.020528927,-0.008026324,0.0023791415,0.00041436517,-9.2350194e-05,0.0,-0.003266481,0.06977377,-0.0016364056,0.0,-0.06430541,0.025994621,0.0077116517,0.014638918,0.055725187,-0.07442958,0.0012359929,-0.28569955,0.0017019887,-0.0054601575,0.0112314625,0.0,0.0,0.0,0.00081848196,0.00071373297,0.0,0.0,0.0,0.0,0.0,0.0,0.0,0.0,0.0,0.01248176,0.0,0.0,0.0004893169,0.0,-0.00020665546,-0.0010741526,-8.386171e-05,0.0,0.0,0.0,0.008090985,0.0030009807,0.0,0.0,0.00085341075,0.0016727244,0.0,0.0,0.0,0.0015875988,0.0,-0.028660823,-0.004229451,0.009295412,-0.00049718405,0.0,0.0,-0.005159776,0.0,0.0,0.0,0.003254976,0.0,0.0,0.0,0.0038386441,0.0,0.0,0.0,0.0007393464,0.0004547168,-0.0028798468,0.00056657323,0.0,-0.0039982013,0.0,0.0,0.028436044,0.0,0.0,0.0,0.0018318833,-0.0032344724,0.0,0.0,0.0,0.0,0.0,0.006315977,0.0,0.0,0.0,0.0,0.0,-0.025445344,0.0,0.0,-0.0124054225,0.009045775,0.0010298891,0.0011132162,0.008044539,0.00032259544,0.0026317379,0.0,0.0,0.00061633316,0.0,0.0,0.0,0.0,-0.0039262045,0.0,0.00659852,0.0,0.0,-0.010409419,0.0,-0.0019512805,0.0,0.0,0.00051991985,0.0013897421,0.0,0.0,0.007018623,0.0,-0.0004221528,-2.4905106e-05,0.0,0.0,0.0,0.00503309,0.0,-0.0046189125,-0.0030165375,0.0013276865,0.0,0.0030068208,0.0,-0.0010368079
-0.40383506,-0.16248801,0.019615531,0.0,0.0,0.026791327,-0.006397919,-0.0019303644,-0.28874806,0.00050216855,-0.025072897,-0.059471756,0.11416187,-0.019648055,-0.0025742059,-0.020528927,-0.008026324,0.0023791415,0.00041436517,-9.2350194e-05,0.0,-0.003266481,0.06977377,-0.0016364056,0.0,-0.06430541,0.025994621,0.0077116517,0.014638918,0.055725187,-0.07442958,0.0012359929,-0.28569955,0.0017019887,-0.0054601575,0.0112314625,0.0,0.0,0.0,0.00081848196,0.00071373297,0.0,0.0,0.0,0.0,0.0,0.0,0.0,0.0,0.0,0.01248176,0.0,0.0,0.0004893169,0.0,-0.00020665546,-0.0010741526,-8.386171e-05,0.0,0.0,0.0,0.008090985,0.0030009807,0.0,0.0,0.00085341075,0.0016727244,0.0,0.0,0.0,0.0015875988,0.0,-0.028660823,-0.004229451,0.009295412,-0.00049718405,0.0,0.0,-0.005159776,0.0,0.0,0.0,0.003254976,0.0,0.0,0.0,0.0038386441,0.0,0.0,0.0,0.0007393464,0.0004547168,-0.0028798468,0.00056657323,0.0,-0.0039982013,0.0,0.0,0.028436044,0.0,0.0,0.0,0.0018318833,-0.0032344724,0.0,0.0,0.0,0.0,0.0,0.006315977,0.0,0.0,0.0,0.0,0.0,-0.025445344,0.0,0.0,-0.0124054225,0.009045775,0.0010298891,0.0011132162,0.008044539,0.00032259544,0.0026317379,0.0,0.0,0.00061633316,0.0,0.0,0.0,0.0,-0.0039262045,0.0,0.00659852,0.0,0.0,-0.010409419,0.0,-0.0019512805,0.0,0.0,0.00051991985,0.0013897421,0.0,0.0,0.007018623,0.0,-0.0004221528,-2.4905106e-05,0.0,0.0,0.0,0.00503309,0.0,-0.0046189125,-0.0030165375,0.0013276865,0.0,0.0030068208,0.0,-0.0010368079
0.52538097,-0.06838654,0.012470775,0.0,0.0,-0.02446851,-0.0036104897,0.016083896,-0.0035940832,0.0014946534,0.0037667952,-0.00089802744,-0.0036787735,0.0027363987,-0.0057700477,-0.015897764,-0.010503753,0.0027629286,0.00023785852,-8.6259795e-05,0.0,-0.0036842856,0.10395763,-0.001329712,0.0,-0.09906621,-0.060813513,0.018161483,-0.015582869,0.050129753,-0.046052184,0.00016535175,0.17721145,-0.0012592531,0.0016127753,-0.009482297,0.0,0.0,0.0,0.00082387874,0.00071878044,0.0,0.0,0.0,0.0,0.0,0.0,0.0,0.0,0.0,0.0141849015,0.0,0.0,0.00083524897,0.0,-0.0028835356,-0.0010076741,-8.386171e-05,0.0,0.0,0.0,0.008258561,0.004227917,0.0,0.0,0.0017222232,0.0016523122,0.0,0.0,0.0,0.0015608903,0.0,-0.017571567,-0.004948495,0.010301089,-0.0004802058,0.0,0.0,-0.009855392,0.0,0.0,0.0,0.0030836053,0.0,0.0,0.0,0.0022550707,0.0,0.0,0.0,0.0007393464,0.0004547168,-0.0028713758,0.00056657323,0.0,-0.004129704,0.0,0.0,-0.0007002461,0.0,0.0,0.0,0.0007940588,-0.0029253857,0.0,0.0,0.0,0.0,0.0,0.005995845,0.0,0.0,0.0,0.0,0.0,-0.0006498745,0.0,0.0,-0.022350833,0.009000884,0.0005246742,0.0011498374,0.008061307,0.00020630969,0.0026777852,0.0,0.0,0.0006095619,0.0,0.0,0.0,0.0,-0.003901413,0.0,0.0063688736,0.0,0.0,-0.0006181117,0.0,-0.006153335,0.0,0.0,0.00046012815,0.0013897421,0.0,0.0,-0.4186776,0.0,-0.0027223225,-2.4905106e-05,0.0,0.0,0.0,0.01450542,0.0,-0.0045636618,-0.003053319,0.0012990822,0.0,0.0031390307,0.0,-0.0010292203
0.52538097,-0.06838654,0.012470775,0.0,0.0,-0.02446851,-0.0036104897,0.016083896,-0.0035940832,0.0014946534,0.0037667952,-0.00089802744,-0.0036787735,0.0027363987,-0.0057700477,-0.015897764,-0.010503753,0.0027629286,0.00023785852,-8.6259795e-05,0.0,-0.0036842856,0.10395763,-0.001329712,0.0,-0.09906621,-0.060813513,0.018161483,-0.015582869,0.050129753,-0.046052184,0.00016535175,0.17721145,-0.0012592531,0.0016127753,-0.009482297,0.0,0.0,0.0,0.00082387874,0.00071878044,0.0,0.0,0.0,0.0,0.0,0.0,0.0,0.0,0.0,0.0141849015,0.0,0.0,0.00083524897,0.0,-0.0028835356,-0.0010076741,-8.386171e-05,0.0,0.0,0.0,0.008258561,0.004227917,0.0,0.0,0.0017222232,0.0016523122,0.0,0.0,0.0,0.0015608903,0.0,-0.017571567,-0.004948495,0.010301089,-0.0004802058,0.0,0.0,-0.009855392,0.0,0.0,0.0,0.0030836053,0.0,0.0,0.0,0.0022550707,0.0,0.0,0.0,0.0007393464,0.0004547168,-0.0028713758,0.00056657323,0.0,-0.004129704,0.0,0.0,-0.0007002461,0.0,0.0,0.0,0.0007940588,-0.0029253857,0.0,0.0,0.0,0.0,0.0,0.005995845,0.0,0.0,0.0,0.0,0.0,-0.0006498745,0.0,0.0,-0.022350833,0.009000884,0.0005246742,0.0011498374,0.008061307,0.00020630969,0.0026777852,0.0,0.0,0.0006095619,0.0,0.0,0.0,0.0,-0.003901413,0.0,0.0063688736,0.0,0.0,-0.0006181117,0.0,-0.006153335,0.0,0.0,0.00046012815,0.0013897421,0.0,0.0,-0.4186776,0.0,-0.0027223225,-2.4905106e-05,0.0,0.0,0.0,0.01450542,0.0,-0.0045636618,-0.003053319,0.0012990822,0.0,0.0031390307,0.0,-0.0010292203
0.52538097,-0.06838654,0.012470775,0.0,0.0,-0.02446851,-0.0036104897,0.016083896,-0.0035940832,0.0014946534,0.0037667952,-0.00089802744,-0.0036787735,0.0027363987,-0.0057700477,-0.015897764,-0.010503753,0.0027629286,0.00023785852,-8.6259795e-05,0.0,-0.0036842856,0.10395763,-0.001329712,0.0,-0.09906621,-0.060813513,0.018161483,-0.015582869,0.050129753,-0.046052184,0.00016535175,0.17721145,-0.0012592531,0.0016127753,-0.009482297,0.0,0.0,0.0,0.00082387874,0.00071878044,0.0,0.0,0.0,0.0,0.0,0.0,0.0,0.0,0.0,0.0141849015,0.0,0.0,0.00083524897,0.0,-0.0028835356,-0.0010076741,-8.386171e-05,0.0,0.0,0.0,0.008258561,0.004227917,0.0,0.0,0.0017222232,0.0016523122,0.0,0.0,0.0,0.0015608903,0.0,-0.017571567,-0.004948495,0.010301089,-0.0004802058,0.0,0.0,-0.009855392,0.0,0.0,0.0,0.0030836053,0.0,0.0,0.0,0.0022550707,0.0,0.0,0.0,0.0007393464,0.0004547168,-0.0028713758,0.00056657323,0.0,-0.004129704,0.0,0.0,-0.0007002461,0.0,0.0,0.0,0.0007940588,-0.0029253857,0.0,0.0,0.0,0.0,0.0,0.005995845,0.0,0.0,0.0,0.0,0.0,-0.0006498745,0.0,0.0,-0.022350833,0.009000884,0.0005246742,0.0011498374,0.008061307,0.00020630969,0.0026777852,0.0,0.0,0.0006095619,0.0,0.0,0.0,0.0,-0.003901413,0.0,0.0063688736,0.0,0.0,-0.0006181117,0.0,-0.006153335,0.0,0.0,0.00046012815,0.0013897421,0.0,0.0,-0.4186776,0.0,-0.0027223225,-2.4905106e-05,0.0,0.0,0.0,0.01450542,0.0,-0.0045636618,-0.003053319,0.0012990822,0.0,0.0031390307,0.0,-0.0010292203
0.52538097,-0.06838654,0.012470775,0.0,0.0,-0.02446851,-0.0036104897,0.016083896,-0.0035940832,0.0014946534,0.0037667952,-0.00089802744,-0.0036787735,0.0027363987,-0.0057700477,-0.015897764,-0.010503753,0.0027629286,0.00023785852,-8.6259795e-05,0.0,-0.0036842856,0.10395763,-0.001329712,0.0,-0.09906621,-0.060813513,0.018161483,-0.015582869,0.050129753,-0.046052184,0.00016535175,0.17721145,-0.0012592531,0.0016127753,-0.009482297,0.0,0.0,0.0,0.00082387874,0.00071878044,0.0,0.0,0.0,0.0,0.0,0.0,0.0,0.0,0.0,0.0141849015,0.0,0.0,0.00083524897,0.0,-0.0028835356,-0.0010076741,-8.386171e-05,0.0,0.0,0.0,0.008258561,0.004227917,0.0,0.0,0.0017222232,0.0016523122,0.0,0.0,0.0,0.0015608903,0.0,-0.017571567,-0.004948495,0.010301089,-0.0004802058,0.0,0.0,-0.009855392,0.0,0.0,0.0,0.0030836053,0.0,0.0,0.0,0.0022550707,0.0,0.0,0.0,0.0007393464,0.0004547168,-0.0028713758,0.00056657323,0.0,-0.004129704,0.0,0.0,-0.0007002461,0.0,0.0,0.0,0.0007940588,-0.0029253857,0.0,0.0,0.0,0.0,0.0,0.005995845,0.0,0.0,0.0,0.0,0.0,-0.0006498745,0.0,0.0,-0.022350833,0.009000884,0.0005246742,0.0011498374,0.008061307,0.00020630969,0.0026777852,0.0,0.0,0.0006095619,0.0,0.0,0.0,0.0,-0.003901413,0.0,0.0063688736,0.0,0.0,-0.0006181117,0.0,-0.006153335,0.0,0.0,0.00046012815,0.0013897421,0.0,0.0,-0.4186776,0.0,-0.0027223225,-2.4905106e-05,0.0,0.0,0.0,0.01450542,0.0,-0.0045636618,-0.003053319,0.0012990822,0.0,0.0031390307,0.0,-0.0010292203
0.52538097,-0.06838654,0.012470775,0.0,0.0,-0.02446851,-0.0036104897,0.016083896,-0.0035940832,0.0014946534,0.0037667952,-0.00089802744,-0.0036787735,0.0027363987,-0.0057700477,-0.015897764,-0.010503753,0.0027629286,0.00023785852,-8.6259795e-05,0.0,-0.0036842856,0.10395763,-0.001329712,0.0,-0.09906621,-0.060813513,0.018161483,-0.015582869,0.050129753,-0.046052184,0.00016535175,0.17721145,-0.0012592531,0.0016127753,-0.009482297,0.0,0.0,0.0,0.00082387874,0.00071878044,0.0,0.0,0.0,0.0,0.0,0.0,0.0,0.0,0.0,0.0141849015,0.0,0.0,0.00083524897,0.0,-0.0028835356,-0.0010076741,-8.386171e-05,0.0,0.0,0.0,0.008258561,0.004227917,0.0,0.0,0.0017222232,0.0016523122,0.0,0.0,0.0,0.0015608903,0.0,-0.017571567,-0.004948495,0.010301089,-0.0004802058,0.0,0.0,-0.009855392,0.0,0.0,0.0,0.0030836053,0.0,0.0,0.0,0.0022550707,0.0,0.0,0.0,0.0007393464,0.0004547168,-0.0028713758,0.00056657323,0.0,-0.004129704,0.0,0.0,-0.0007002461,0.0,0.0,0.0,0.0007940588,-0.0029253857,0.0,0.0,0.0,0.0,0.0,0.005995845,0.0,0.0,0.0,0.0,0.0,-0.0006498745,0.0,0.0,-0.022350833,0.009000884,0.0005246742,0.0011498374,0.008061307,0.00020630969,0.0026777852,0.0,0.0,0.0006095619,0.0,0.0,0.0,0.0,-0.003901413,0.0,0.0063688736,0.0,0.0,-0.0006181117,0.0,-0.006153335,0.0,0.0,0.00046012815,0.0013897421,0.0,0.0,-0.4186776,0.0,-0.0027223225,-2.4905106e-05,0.0,0.0,0.0,0.01450542,0.0,-0.0045636618,-0.003053319,0.0012990822,0.0,0.0031390307,0.0,-0.0010292203
0.52538097,-0.06838654,0.012470775,0.0,0.0,-0.02446851,-0.0036104897,0.016083896,-0.0035940832,0.0014946534,0.0037667952,-0.00089802744,-0.0036787735,0.0027363987,-0.0057700477,-0.015897764,-0.010503753,0.0027629286,0.00023785852,-8.6259795e-05,0.0,-0.0036842856,0.10395763,-0.001329712,0.0,-0.09906621,-0.060813513,0.018161483,-0.015582869,0.050129753,-0.046052184,0.00016535175,0.17721145,-0.0012592531,0.0016127753,-0.009482297,0.0,0.0,0.0,0.00082387874,0.00071878044,0.0,0.0,0.0,0.0,0.0,0.0,0.0,0.0,0.0,0.0141849015,0.0,0.0,0.00083524897,0.0,-0.0028835356,-0.0010076741,-8.386171e-05,0.0,0.0,0.0,0.008258561,0.004227917,0.0,0.0,0.0017222232,0.0016523122,0.0,0.0,0.0,0.0015608903,0.0,-0.017571567,-0.004948495,0.010301089,-0.0004802058,0.0,0.0,-0.009855392,0.0,0.0,0.0,0.0030836053,0.0,0.0,0.0,0.0022550707,0.0,0.0,0.0,0.0007393464,0.0004547168,-0.0028713758,0.00056657323,0.0,-0.004129704,0.0,0.0,-0.0007002461,0.0,0.0,0.0,0.0007940588,-0.0029253857,0.0,0.0,0.0,0.0,0.0,0.005995845,0.0,0.0,0.0,0.0,0.0,-0.0006498745,0.0,0.0,-0.022350833,0.009000884,0.0005246742,0.0011498374,0.008061307,0.00020630969,0.0026777852,0.0,0.0,0.0006095619,0.0,0.0,0.0,0.0,-0.003901413,0.0,0.0063688736,0.0,0.0,-0.0006181117,0.0,-0.006153335,0.0,0.0,0.00046012815,0.0013897421,0.0,0.0,-0.4186776,0.0,-0.0027223225,-2.4905106e-05,0.0,0.0,0.0,0.01450542,0.0,-0.0045636618,-0.003053319,0.0012990822,0.0,0.0031390307,0.0,-0.0010292203
0.7264321,-0.19325507,0.17728947,0.0,0.0,-0.021596063,-0.0030122893,-0.13977183,-0.018977305,-0.034106687,-0.06967754,-0.019585028,-0.0024646157,-0.0070244954,-0.0033066,-0.023198124,-0.008200795,-0.0043846616,0.00023785852,-7.804043e-06,0.0,0.0033201599,0.1087523,-0.0013605467,0.0,-0.010233692,0.08023885,-0.2996366,-0.041254602,-0.3733965,-0.124005035,0.0007932234,-0.39738768,-0.009365382,-0.0054601575,-0.014976904,0.0,0.0,0.0,0.0008184723,0.0007426167,0.0,0.0,0.0,0.0,0.0,0.0,0.0,0.0,0.0,0.012518142,0.0,0.0,0.0004893169,0.0,-0.00041082405,-0.0012368694,-9.65379e-05,0.0,0.0,0.0,0.008226942,0.0062841973,0.0,0.0,0.0008494496,0.0016623777,0.0,0.0,0.0,0.0015782542,0.0,-0.012590609,-0.0054241274,0.009338032,-0.0004962425,0.0,0.0,-0.0042658257,0.0,0.0,0.0,0.0029756117,0.0,0.0,0.0,0.0037984115,0.0,0.0,0.0,0.00033604202,0.0004547168,-0.002830779,0.00056657323,0.0,-0.0036808038,0.0,0.0,-0.00078094355,0.0,0.0,0.0,0.0018318833,-0.007022291,0.0,0.0,0.0,0.0,0.0,0.0029266803,0.0,0.0,0.0,0.0,0.0,-0.00023579012,0.0,0.0,-0.0061881896,0.0071555832,0.00091923645,0.0011290474,0.007508731,0.00032259544,0.0034481352,0.0,0.0,0.0006180181,0.0,0.0,0.0,0.0,-0.00341162,0.0,0.006234761,0.0,0.0,-0.00024264962,0.0,-0.0019512805,0.0,0.0,0.00045863978,0.0013897421,0.0,0.0,0.011019212,0.0,-0.0004221528,-2.4905106e-05,0.0,0.0,0.0,0.0062505524,0.0,-0.0044637425,-0.0050933925,0.0013179034,0.0,0.003116034,0.0,-0.00074205286
0.7264321,-0.19325507,0.17728947,0.0,0.0,-0.021596063,-0.0030122893,-0.13977183,-0.018977305,-0.034106687,-0.06967754,-0.019585028,-0.0024646157,-0.0070244954,-0.0033066,-0.023198124,-0.008200795,-0.0043846616,0.00023785852,-7.804043e-06,0.0,0.0033201599,0.1087523,-0.0013605467,0.0,-0.010233692,0.08023885,-0.2996366,-0.041254602,-0.3733965,-0.124005035,0.0007932234,-0.39738768,-0.009365382,-0.0054601575,-0.014976904,0.0,0.0,0.0,0.0008184723,0.0007426167,0.0,0.0,0.0,0.0,0.0,0.0,0.0,0.0,0.0,0.012518142,0.0,0.0,0.0004893169,0.0,-0.00041082405,-0.0012368694,-9.65379e-05,0.0,0.0,0.0,0.008226942,0.0062841973,0.0,0.0,0.0008494496,0.0016623777,0.0,0.0,0.0,0.0015782542,0.0,-0.012590609,-0.0054241274,0.009338032,-0.0004962425,0.0,0.0,-0.0042658257,0.0,0.0,0.0,0.0029756117,0.0,0.0,0.0,0.0037984115,0.0,0.0,0.0,0.00033604202,0.0004547168,-0.002830779,0.00056657323,0.0,-0.0036808038,0.0,0.0,-0.00078094355,0.0,0.0,0.0,0.0018318833,-0.007022291,0.0,0.0,0.0,0.0,0.0,0.0029266803,0.0,0.0,0.0,0.0,0.0,-0.00023579012,0.0,0.0,-0.0061881896,0.0071555832,0.00091923645,0.0011290474,0.007508731,0.00032259544,0.0034481352,0.0,0.0,0.0006180181,0.0,0.0,0.0,0.0,-0.00341162,0.0,0.006234761,0.0,0.0,-0.00024264962,0.0,-0.0019512805,0.0,0.0,0.00045863978,0.0013897421,0.0,0.0,0.011019212,0.0,-0.0004221528,-2.4905106e-05,0.0,0.0,0.0,0.0062505524,0.0,-0.0044637425,-0.0050933925,0.0013179034,0.0,0.003116034,0.0,-0.00074205286
0.7264321,-0.19325507,0.17728947,0.0,0.0,-0.021596063,-0.0030122893,-0.13977183,-0.018977305,-0.034106687,-0.06967754,-0.019585028,-0.0024646157,-0.0070244954,-0.0033066,-0.023198124,-0.008200795,-0.0043846616,0.00023785852,-7.804043e-06,0.0,0.0033201599,0.1087523,-0.0013605467,0.0,-0.010233692,0.08023885,-0.2996366,-0.041254602,-0.3733965,-0.124005035,0.0007932234,-0.39738768,-0.009365382,-0.0054601575,-0.014976904,0.0,0.0,0.0,0.0008184723,0.0007426167,0.0,0.0,0.0,0.0,0.0,0.0,0.0,0.0,0.0,0.012518142,0.0,0.0,0.0004893169,0.0,-0.00041082405,-0.0012368694,-9.65379e-05,0.0,0.0,0.0,0.008226942,0.0062841973,0.0,0.0,0.0008494496,0.0016623777,0.0,0.0,0.0,0.0015782542,0.0,-0.012590609,-0.0054241274,0.009338032,-0.0004962425,0.0,0.0,-0.0042658257,0.0,0.0,0.0,0.0029756117,0.0,0.0,0.0,0.0037984115,0.0,0.0,0.0,0.00033604202,0.0004547168,-0.002830779,0.00056657323,0.0,-0.0036808038,0.0,0.0,-0.00078094355,0.0,0.0,0.0,0.0018318833,-0.007022291,0.0,0.0,0.0,0.0,0.0,0.0029266803,0.0,0.0,0.0,0.0,0.0,-0.00023579012,0.0,0.0,-0.0061881896,0.0071555832,0.00091923645,0.0011290474,0.007508731,0.00032259544,0.0034481352,0.0,0.0,0.0006180181,0.0,0.0,0.0,0.0,-0.00341162,0.0,0.006234761,0.0,0.0,-0.00024264962,0.0,-0.0019512805,0.0,0.0,0.00045863978,0.0013897421,0.0,0.0,0.011019212,0.0,-0.0004221528,-2.4905106e-05,0.0,0.0,0.0,0.0062505524,0.0,-0.0044637425,-0.0050933925,0.0013179034,0.0,0.003116034,0.0,-0.00074205286
0.7264321,-0.19325507,0.17728947,0.0,0.0,-0.021596063,-0.0030122893,-0.13977183,-0.018977305,-0.034106687,-0.06967754,-0.019585028,-0.0024646157,-0.0070244954,-0.0033066,-0.023198124,-0.008200795,-0.0043846616,0.00023785852,-7.804043e-06,0.0,0.0033201599,0.1087523,-0.0013605467,0.0,-0.010233692,0.08023885,-0.2996366,-0.041254602,-0.3733965,-0.124005035,0.0007932234,-0.39738768,-0.009365382,-0.0054601575,-0.014976904,0.0,0.0,0.0,0.0008184723,0.0007426167,0.0,0.0,0.0,0.0,0.0,0.0,0.0,0.0,0.0,0.012518142,0.0,0.0,0.0004893169,0.0,-0.00041082405,-0.0012368694,-9.65379e-05,0.0,0.0,0.0,0.008226942,0.0062841973,0.0,0.0,0.0008494496,0.0016623777,0.0,0.0,0.0,0.0015782542,0.0,-0.012590609,-0.0054241274,0.009338032,-0.0004962425,0.0,0.0,-0.0042658257,0.0,0.0,0.0,0.0029756117,0.0,0.0,0.0,0.0037984115,0.0,0.0,0.0,0.00033604202,0.0004547168,-0.002830779,0.00056657323,0.0,-0.0036808038,0.0,0.0,-0.00078094355,0.0,0.0,0.0,0.0018318833,-0.007022291,0.0,0.0,0.0,0.0,0.0,0.0029266803,0.0,0.0,0.0,0.0,0.0,-0.00023579012,0.0,0.0,-0.0061881896,0.0071555832,0.00091923645,0.0011290474,0.007508731,0.00032259544,0.0034481352,0.0,0.0,0.0006180181,0.0,0.0,0.0,0.0,-0.00341162,0.0,0.006234761,0.0,0.0,-0.00024264962,0.0,-0.0019512805,0.0,0.0,0.00045863978,0.0013897421,0.0,0.0,0.011019212,0.0,-0.0004221528,-2.4905106e-05,0.0,0.0,0.0,0.0062505524,0.0,-0.0044637425,-0.0050933925,0.0013179034,0.0,0.003116034,0.0,-0.00074205286
0.7264321,-0.19325507,0.17728947,0.0,0.0,-0.021596063,-0.0030122893,-0.13977183,-0.018977305,-0.034106687,-0.06967754,-0.019585028,-0.0024646157,-0.0070244954,-0.0033066,-0.023198124,-0.008200795,-0.0043846616,0.00023785852,-7.804043e-06,0.0,0.0033201599,0.1087523,-0.0013605467,0.0,-0.010233692,0.08023885,-0.2996366,-0.041254602,-0.3733965,-0.124005035,0.0007932234,-0.39738768,-0.009365382,-0.0054601575,-0.014976904,0.0,0.0,0.0,0.0008184723,0.0007426167,0.0,0.0,0.0,0.0,0.0,0.0,0.0,0.0,0.0,0.012518142,0.0,0.0,0.0004893169,0.0,-0.00041082405,-0.0012368694,-9.65379e-05,0.0,0.0,0.0,0.008226942,0.0062841973,0.0,0.0,0.0008494496,0.0016623777,0.0,0.0,0.0,0.0015782542,0.0,-0.012590609,-0.0054241274,0.009338032,-0.0004962425,0.0,0.0,-0.0042658257,0.0,0.0,0.0,0.0029756117,0.0,0.0,0.0,0.0037984115,0.0,0.0,0.0,0.00033604202,0.0004547168,-0.002830779,0.00056657323,0.0,-0.0036808038,0.0,0.0,-0.00078094355,0.0,0.0,0.0,0.0018318833,-0.007022291,0.0,0.0,0.0,0.0,0.0,0.0029266803,0.0,0.0,0.0,0.0,0.0,-0.00023579012,0.0,0.0,-0.0061881896,0.0071555832,0.00091923645,0.0011290474,0.007508731,0.00032259544,0.0034481352,0.0,0.0,0.0006180181,0.0,0.0,0.0,0.0,-0.00341162,0.0,0.006234761,0.0,0.0,-0.00024264962,0.0,-0.0019512805,0.0,0.0,0.00045863978,0.0013897421,0.0,0.0,0.011019212,0.0,-0.0004221528,-2.4905106e-05,0.0,0.0,0.0,0.0062505524,0.0,-0.0044637425,-0.0050933925,0.0013179034,0.0,0.003116034,0.0,-0.00074205286
-0.396906,0.51836985,-0.007986311,0.0,0.0,0.09607861,-0.0069659306,-0.020423837,-0.02367037,0.0010329175,-0.04236192,-0.012301079,-0.0025939257,-0.00887609,-0.005023864,-0.02161141,-0.008414598,0.0039001713,0.000457234,0.0017551098,0.0,0.0020251698,0.058718074,-0.0010942048,0.0,-0.050692692,-0.19634707,0.015064125,0.009754655,0.011369299,0.07689284,-0.0020247877,0.18523943,-0.0012592531,0.0030644932,-0.026419535,0.0,0.0,0.0,0.00083019165,0.0007362006,0.0,0.0,0.0,0.0,0.0,0.0,0.0,0.0,0.0,0.01923744,0.0,0.0,0.00025496274,0.0,-0.000584473,-0.0010072148,-0.00034986454,0.0,0.0,0.0,0.008782294,0.00445473,0.0,0.0,0.0049779355,0.0016741016,0.0,0.0,0.0,0.0003082622,0.0,-0.024944818,-0.0047718994,0.011083649,-0.000110689514,0.0,0.0,-0.0068006106,0.0,0.0,0.0,0.00056042813,0.0,0.0,0.0,0.0015371441,0.0,0.0,0.0,0.0007393464,0.0004547168,-0.002859552,0.0014656038,0.0,-0.0041427985,0.0,0.0,-0.0007002461,0.0,0.0,0.0,0.0012531073,-0.0029836157,0.0,0.0,0.0,0.0,0.0,0.005067385,0.0,0.0,0.0,0.0,0.0,-0.0006498745,0.0,0.0,-0.027620016,0.009760868,0.00037078466,0.0011500414,0.0070832344,0.00032259544,0.0012931143,0.0,0.0,0.0006140099,0.0,0.0,0.0,0.0,-0.003758764,0.0,0.006142813,0.0,0.0,-0.0006181117,0.0,-0.006651384,0.0,0.0,0.0004596248,0.0013897421,0.0,0.0,0.0046954197,0.0,-0.001038024,-2.4905106e-05,0.0,0.0,0.0,0.00465716,0.0,-0.0040441216,-0.002942869,0.0014083151,0.0,0.0016037346,0.0,-0.0010299454
-0.5123316,-0.067492664,-0.007923571,0.0,0.0,-0.02309808,-0.0060040117,-0.025816284,-0.0077221114,0.00096739084,0.008514623,-0.018261045,-0.007600739,-0.0048705894,-0.005816972,-0.020118752,-0.0077480827,0.0038979729,0.000457234,-8.6259795e-05,0.0,-0.0028899387,0.05448159,-0.001329712,0.0,0.040575292,-0.17606749,0.016305447,0.025746642,0.035000425,-0.06551396,-0.0020968202,0.15565577,0.008002556,0.0016127753,-0.017424112,0.0,0.0,0.0,0.0008241433,0.00073957763,0.0,0.0,0.0,0.0,0.0,0.0,0.0,0.0,0.0,0.016538553,0.0,0.0,0.0006374509,0.0,-0.000306557,-0.0010072148,-8.386171e-05,0.0,0.0,0.0,0.008310134,0.00445473,0.0,0.0,0.0017304763,0.00167016,0.0,0.0,0.0,0.00030028378,0.0,-0.025378892,-0.003155511,0.005285899,-0.00048086626,0.0,0.0,-0.0054129274,0.0,0.0,0.0,0.003091739,0.0,0.0,0.0,0.002546725,0.0,0.0,0.0,0.0007393464,0.0004547168,-0.0028788475,0.00056657323,0.0,-0.004134416,0.0,0.0,-0.0007002461,0.0,0.0,0.0,0.0025962954,-0.0029253857,0.0,0.0,0.0,0.0,0.0,0.006007944,0.0,0.0,0.0,0.0,0.0,-0.0006498745,0.0,0.0,-0.024636656,0.009024171,0.0005246742,0.0011501492,0.007878428,0.00054869946,0.0026975288,0.0,0.0,0.0006139429,0.0,0.0,0.0,0.0,-0.0038960949,0.0,0.006684968,0.0,0.0,-0.0006181117,0.0,-0.006651384,0.0,0.0,0.00046012815,0.0013897421,0.0,0.0,0.007152777,0.0,-0.0027223225,-2.4905106e-05,0.0,0.0,0.0,0.0047013406,0.0,-0.0043955967,-0.005645895,0.0012991846,0.0,0.0014044027,0.0,-0.001029644
-0.4166861,0.36168054,-0.012207228,0.0,0.0,-0.07432147,-0.0060040117,-0.03506586,-0.009220165,0.0010329175,0.0068569635,-0.017758522,-0.0065146997,-0.009207951,-0.0052028685,-0.01989919,-0.008394597,0.0038979729,0.000457234,-8.6259795e-05,0.0,-0.0030371887,0.05372785,-0.001329712,0.0,0.031333815,-0.18834177,-0.001105042,0.014687828,0.03472362,-0.06488076,-0.0005865651,0.27578172,0.008002556,0.0016127753,-0.019787872,0.0,0.0,0.0,0.000830434,0.00073957763,0.0,0.0,0.0,0.0,0.0,0.0,0.0,0.0,0.0,0.016585669,0.0,0.0,0.00052051677,0.0,-0.000306557,-0.0010071129,-8.386171e-05,0.0,0.0,0.0,0.009037416,0.00445473,0.0,0.0,0.0017304763,0.0016730259,0.0,0.0,0.0,0.0003002261,0.0,-0.024320967,-0.004948495,0.0059650247,-0.00048086626,0.0,0.0,-0.009821345,0.0,0.0,0.0,0.0030919474,0.0,0.0,0.0,0.002546725,0.0,0.0,0.0,0.0007393464,0.0004547168,-0.0028785923,0.0005547454,0.0,-0.0041338033,0.0,0.0,-0.0007002461,0.0,0.0,0.0,0.0023355791,-0.0026235373,0.0,0.0,0.0,0.0,0.0,0.0051153684,0.0,0.0,0.0,0.0,0.0,-0.0006498745,0.0,0.0,-0.02589861,0.009349025,0.0003780842,0.0011501492,0.008070737,0.00054869946,0.0012676328,0.0,0.0,0.000613989,0.0,0.0,0.0,0.0,-0.004183079,0.0,0.0066821603,0.0,0.0,-0.0006181117,0.0,-0.006651384,0.0,0.0,0.00046012815,0.0013897421,0.0,0.0,0.007073776,0.0,-0.004161503,-2.4905106e-05,0.0,0.0,0.0,0.004620634,0.0,-0.004396762,-0.0031310462,0.0012992488,0.0,0.0012290016,0.0,-0.001037803
-0.27524024,0.34387645,0.04176484,0.0,0.0,-0.01995312,-0.006397919,0.009917489,-0.008653703,0.0011457575,-0.07940137,-0.051100116,0.1917158,-0.022417286,-0.0043713218,-0.026528403,-0.008271828,0.0022547264,0.000457234,-7.754524e-05,0.0,0.0048126914,0.034279283,-0.00069323654,0.0,-0.033897627,0.21605873,-0.38089797,0.0026538174,-0.1401762,-0.05366929,0.00067246484,-0.20714566,0.00645387,-0.0057949596,0.17982428,0.0,0.0,0.0,0.00082477264,0.00074529956,0.0,0.0,0.0,0.0,0.0,0.0,0.0,0.0,0.0,0.013427949,0.0,0.0,0.0004893169,0.0,-0.00020665546,-0.0010741526,-8.386171e-05,0.0,0.0,0.0,0.008962792,0.0032363322,0.0,0.0,0.00083502487,0.00163458,0.0,0.0,0.0,0.0002625582,0.0,-0.024002353,-0.0034613032,0.010049063,-0.0004981498,0.0,0.0,-0.005036992,0.0,0.0,0.0,-0.26494837,0.0,0.0,0.0,0.0028316493,0.0,0.0,0.0,0.0007393464,0.0004547168,-0.0028798468,0.00056657323,0.0,-0.0035145362,0.0,0.0,-0.0007002461,0.0,0.0,0.0,0.0018318833,-0.0059887376,0.0,0.0,0.0,0.0,0.0,0.0044872263,0.0,0.0,0.0,0.0,0.0,-0.00025024655,0.0,0.0,-0.028168269,0.008258679,0.0010298891,0.0011496259,0.0074169887,0.00032259544,0.0019570063,0.0,0.0,0.0006254737,0.0,0.0,0.0,0.0,-0.0039257878,0.0,0.01564012,0.0,0.0,-0.00046715618,0.0,-0.0019512805,0.0,0.0,0.0005215375,0.0013897421,0.0,0.0,0.0053471313,0.0,-0.0004221528,-2.4905106e-05,0.0,0.0,0.0,0.0046481355,0.0,-0.004697179,-0.0029924444,0.001323482,0.0,0.0015293753,0.0,-0.0010188656
-0.27524024,0.34387645,0.04176484,0.0,0.0,-0.01995312,-0.006397919,0.009917489,-0.008653703,0.0011457575,-0.07940137,-0.051100116,0.1917158,-0.022417286,-0.0043713218,-0.026528403,-0.008271828,0.0022547264,0.000457234,-7.754524e-05,0.0,0.0048126914,0.034279283,-0.00069323654,0.0,-0.033897627,0.21605873,-0.38089797,0.0026538174,-0.1401762,-0.05366929,0.00067246484,-0.20714566,0.00645387,-0.0057949596,0.17982428,0.0,0.0,0.0,0.00082477264,0.00074529956,0.0,0.0,0.0,0.0,0.0,0.0,0.0,0.0,0.0,0.013427949,0.0,0.0,0.0004893169,0.0,-0.00020665546,-0.0010741526,-8.386171e-05,0.0,0.0,0.0,0.008962792,0.0032363322,0.0,0.0,0.00083502487,0.00163458,0.0,0.0,0.0,0.0002625582,0.0,-0.024002353,-0.0034613032,0.010049063,-0.0004981498,0.0,0.0,-0.005036992,0.0,0.0,0.0,-0.26494837,0.0,0.0,0.0,0.0028316493,0.0,0.0,0.0,0.0007393464,0.0004547168,-0.0028798468,0.00056657323,0.0,-0.0035145362,0.0,0.0,-0.0007002461,0.0,0.0,0.0,0.0018318833,-0.0059887376,0.0,0.0,0.0,0.0,0.0,0.0044872263,0.0,0.0,0.0,0.0,0.0,-0.00025024655,0.0,0.0,-0.028168269,0.008258679,0.0010298891,0.0011496259,0.0074169887,0.00032259544,0.0019570063,0.0,0.0,0.0006254737,0.0,0.0,0.0,0.0,-0.0039257878,0.0,0.01564012,0.0,0.0,-0.00046715618,0.0,-0.0019512805,0.0,0.0,0.0005215375,0.0013897421,0.0,0.0,0.0053471313,0.0,-0.0004221528,-2.4905106e-05,0.0,0.0,0.0,0.0046481355,0.0,-0.004697179,-0.0029924444,0.001323482,0.0,0.0015293753,0.0,-0.0010188656
-0.27524024,0.34387645,0.04176484,0.0,0.0,-0.01995312,-0.006397919,0.009917489,-0.008653703,0.0011457575,-0.07940137,-0.051100116,0.1917158,-0.022417286,-0.0043713218,-0.026528403,-0.008271828,0.0022547264,0.000457234,-7.754524e-05,0.0,0.0048126914,0.034279283,-0.00069323654,0.0,-0.033897627,0.21605873,-0.38089797,0.0026538174,-0.1401762,-0.05366929,0.00067246484,-0.20714566,0.00645387,-0.0057949596,0.17982428,0.0,0.0,0.0,0.00082477264,0.00074529956,0.0,0.0,0.0,0.0,0.0,0.0,0.0,0.0,0.0,0.013427949,0.0,0.0,0.0004893169,0.0,-0.00020665546,-0.0010741526,-8.386171e-05,0.0,0.0,0.0,0.008962792,0.0032363322,0.0,0.0,0.00083502487,0.00163458,0.0,0.0,0.0,0.0002625582,0.0,-0.024002353,-0.0034613032,0.010049063,-0.0004981498,0.0,0.0,-0.005036992,0.0,0.0,0.0,-0.26494837,0.0,0.0,0.0,0.0028316493,0.0,0.0,0.0,0.0007393464,0.0004547168,-0.0028798468,0.00056657323,0.0,-0.0035145362,0.0,0.0,-0.0007002461,0.0,0.0,0.0,0.0018318833,-0.0059887376,0.0,0.0,0.0,0.0,0.0,0.0044872263,0.0,0.0,0.0,0.0,0.0,-0.00025024655,0.0,0.0,-0.028168269,0.008258679,0.0010298891,0.0011496259,0.0074169887,0.00032259544,0.0019570063,0.0,0.0,0.0006254737,0.0,0.0,0.0,0.0,-0.0039257878,0.0,0.01564012,0.0,0.0,-0.00046715618,0.0,-0.0019512805,0.0,0.0,0.0005215375,0.0013897421,0.0,0.0,0.0053471313,0.0,-0.0004221528,-2.4905106e-05,0.0,0.0,0.0,0.0046481355,0.0,-0.004697179,-0.0029924444,0.001323482,0.0,0.0015293753,0.0,-0.0010188656
-0.27524024,0.34387645,0.04176484,0.0,0.0,-0.01995312,-0.006397919,0.009917489,-0.008653703,0.0011457575,-0.07940137,-0.051100116,0.1917158,-0.022417286,-0.0043713218,-0.026528403,-0.008271828,0.0022547264,0.000457234,-7.754524e-05,0.0,0.0048126914,0.034279283,-0.00069323654,0.0,-0.033897627,0.21605873,-0.38089797,0.0026538174,-0.1401762,-0.05366929,0.00067246484,-0.20714566,0.00645387,-0.0057949596,0.17982428,0.0,0.0,0.0,0.00082477264,0.00074529956,0.0,0.0,0.0,0.0,0.0,0.0,0.0,0.0,0.0,0.013427949,0.0,0.0,0.0004893169,0.0,-0.00020665546,-0.0010741526,-8.386171e-05,0.0,0.0,0.0,0.008962792,0.0032363322,0.0,0.0,0.00083502487,0.00163458,0.0,0.0,0.0,0.0002625582,0.0,-0.024002353,-0.0034613032,0.010049063,-0.0004981498,0.0,0.0,-0.005036992,0.0,0.0,0.0,-0.26494837,0.0,0.0,0.0,0.0028316493,0.0,0.0,0.0,0.0007393464,0.0004547168,-0.0028798468,0.00056657323,0.0,-0.0035145362,0.0,0.0,-0.0007002461,0.0,0.0,0.0,0.0018318833,-0.0059887376,0.0,0.0,0.0,0.0,0.0,0.0044872263,0.0,0.0,0.0,0.0,0.0,-0.00025024655,0.0,0.0,-0.028168269,0.008258679,0.0010298891,0.0011496259,0.0074169887,0.00032259544,0.0019570063,0.0,0.0,0.0006254737,0.0,0.0,0.0,0.0,-0.0039257878,0.0,0.01564012,0.0,0.0,-0.00046715618,0.0,-0.0019512805,0.0,0.0,0.0005215375,0.0013897421,0.0,0.0,0.0053471313,0.0,-0.0004221528,-2.4905106e-05,0.0,0.0,0.0,0.0046481355,0.0,-0.004697179,-0.0029924444,0.001323482,0.0,0.0015293753,0.0,-0.0010188656
-0.27524024,0.34387645,0.04176484,0.0,0.0,-0.01995312,-0.006397919,0.009917489,-0.008653703,0.0011457575,-0.07940137,-0.051100116,0.1917158,-0.022417286,-0.0043713218,-0.026528403,-0.008271828,0.0022547264,0.000457234,-7.754524e-05,0.0,0.0048126914,0.034279283,-0.00069323654,0.0,-0.033897627,0.21605873,-0.38089797,0.0026538174,-0.1401762,-0.05366929,0.00067246484,-0.20714566,0.00645387,-0.0057949596,0.17982428,0.0,0.0,0.0,0.00082477264,0.00074529956,0.0,0.0,0.0,0.0,0.0,0.0,0.0,0.0,0.0,0.013427949,0.0,0.0,0.0004893169,0.0,-0.00020665546,-0.0010741526,-8.386171e-05,0.0,0.0,0.0,0.008962792,0.0032363322,0.0,0.0,0.00083502487,0.00163458,0.0,0.0,0.0,0.0002625582,0.0,-0.024002353,-0.0034613032,0.010049063,-0.0004981498,0.0,0.0,-0.005036992,0.0,0.0,0.0,-0.26494837,0.0,0.0,0.0,0.0028316493,0.0,0.0,0.0,0.0007393464,0.0004547168,-0.0028798468,0.00056657323,0.0,-0.0035145362,0.0,0.0,-0.0007002461,0.0,0.0,0.0,0.0018318833,-0.0059887376,0.0,0.0,0.0,0.0,0.0,0.0044872263,0.0,0.0,0.0,0.0,0.0,-0.00025024655,0.0,0.0,-0.028168269,0.008258679,0.0010298891,0.0011496259,0.0074169887,0.00032259544,0.0019570063,0.0,0.0,0.0006254737,0.0,0.0,0.0,0.0,-0.0039257878,0.0,0.01564012,0.0,0.0,-0.00046715618,0.0,-0.0019512805,0.0,0.0,0.0005215375,0.0013897421,0.0,0.0,0.0053471313,0.0,-0.0004221528,-2.4905106e-05,0.0,0.0,0.0,0.0046481355,0.0,-0.004697179,-0.0029924444,0.001323482,0.0,0.0015293753,0.0,-0.0010188656
0.20682651,-0.1722019,-0.11416828,0.0,0.0,0.024312887,-0.004001946,-0.025320986,0.03690046,0.0018035948,-0.043936994,-0.025645565,-0.00085151277,-0.008686408,0.0013294873,-0.027276184,-0.008229276,-0.029138388,0.00023785852,-7.754524e-05,0.0,0.003722552,0.102475114,0.0046286713,0.0,0.06258111,0.1820653,-0.49016777,0.015635084,-0.42635682,-0.2118941,0.0010293479,-0.39228445,0.0017019887,0.0020448817,0.22955567,0.0,0.0,0.0,0.0008184723,0.0007472973,0.0,0.0,0.0,0.0,0.0,0.0,0.0,0.0,0.0,0.012857432,0.0,0.0,0.0004893169,0.0,-0.00041082405,-0.0012755455,-8.386171e-05,0.0,0.0,0.0,0.008303887,0.0044537373,0.0,0.0,0.00084032427,0.0016688518,0.0,0.0,0.0,0.0015845519,0.0,-0.016085656,-0.004310552,0.0092862155,0.06753416,0.0,0.0,-0.0049732877,0.0,0.0,0.0,0.0032642316,0.0,0.0,0.0,0.0038174896,0.0,0.0,0.0,0.0007393464,0.0004547168,-0.002821497,0.00056657323,0.0,-0.0031523742,0.0,0.0,-0.00033453392,0.0,0.0,0.0,0.0018318833,-0.0117744785,0.0,0.0,0.0,0.0,0.0,0.0047583724,0.0,0.0,0.0,0.0,0.0,-0.00025024655,0.0,0.0,-0.01194805,0.007936691,0.0010298891,0.0011364041,0.007499204,0.00032259544,0.0034592845,0.0,0.0,0.0006158002,0.0,0.0,0.0,0.0,-0.0038422602,0.0,0.015887149,0.0,0.0,-0.00046715618,0.0,-0.0019512805,0.0,0.0,0.00046422443,0.0013897421,0.0,0.0,0.01279269,0.0,-0.0004221528,-2.4905106e-05,0.0,0.0,0.0,0.006295024,0.0,-0.004423162,-0.0029317518,0.0013179034,0.0,0.0032566523,0.0,-0.0010137095
0.1881841,-0.15676709,-0.114167884,0.0,0.0,0.024312887,-0.004001946,-0.025320986,0.03691492,0.0018035948,-0.04423117,-0.025654681,-0.0008647986,-0.0023797073,0.0013294873,-0.02433194,-0.008229276,-0.029529115,0.00023785852,-2.724148e-05,0.0,0.005655141,0.10599582,0.0046286713,0.0,0.06258111,0.1701321,-0.48202643,0.015635084,-0.42710686,-0.2118941,0.0010653372,-0.3967677,0.0017019887,0.0020448817,0.23043631,0.0,0.0,0.0,0.0008184723,0.0007473793,0.0,0.0,0.0,0.0,0.0,0.0,0.0,0.0,0.0,0.012980057,0.0,0.0,0.0004893169,0.0,-0.00041082405,-0.0011711835,-8.386171e-05,0.0,0.0,0.0,0.008303887,0.006425112,0.0,0.0,0.00084032427,0.0016689097,0.0,0.0,0.0,0.0015845519,0.0,-0.016088845,-0.004321167,0.009345166,0.06753416,0.0,0.0,-0.0050736964,0.0,0.0,0.0,0.0030774137,0.0,0.0,0.0,0.0038174896,0.0,0.0,0.0,0.0007393464,0.0004547168,-0.002821497,0.00056657323,0.0,-0.0031516138,0.0,0.0,-0.00033453392,0.0,0.0,0.0,0.0018318833,-0.0117744785,0.0,0.0,0.0,0.0,0.0,0.0023130728,0.0,0.0,0.0,0.0,0.0,-0.00023579012,0.0,0.0,-0.0076869684,0.007936691,0.00091923645,0.0011364041,0.0075429264,0.00032259544,0.0034594475,0.0,0.0,0.0006159262,0.0,0.0,0.0,0.0,-0.0038422602,0.0,0.015887149,0.0,0.0,-0.00046715618,0.0,-0.0019512805,0.0,0.0,0.00046355,0.0013897421,0.0,0.0,0.011975311,0.0,-0.0004221528,-2.4905106e-05,0.0,0.0,0.0,0.006293908,0.0,-0.004423162,-0.0029317518,0.0013179034,0.0,0.0032566523,0.0,-0.0010140048
0.20682651,-0.17220898,-0.11416828,0.0,0.0,0.024312887,-0.004001946,-0.025320986,0.03690046,0.0018035948,-0.043936994,-0.025654681,-0.00085151277,-0.008686408,0.0013294873,-0.027276184,-0.008229276,-0.029138388,0.00023785852,-7.754524e-05,0.0,0.003722552,0.102475114,0.0046286713,0.0,0.06258111,0.1820653,-0.49016777,0.015635084,-0.42635682,-0.2118941,0.0010293479,-0.39237255,0.0017019887,0.0020448817,0.22955567,0.0,0.0,0.0,0.0008184723,0.0007472973,0.0,0.0,0.0,0.0,0.0,0.0,0.0,0.0,0.0,0.012857432,0.0,0.0,0.0004893169,0.0,-0.00041082405,-0.0011712522,-8.386171e-05,0.0,0.0,0.0,0.008303887,0.0044537373,0.0,0.0,0.00084032427,0.0016688518,0.0,0.0,0.0,0.0015845519,0.0,-0.016085656,-0.004310552,0.0092862155,0.06753416,0.0,0.0,-0.0049732877,0.0,0.0,0.0,0.0032642316,0.0,0.0,0.0,0.0038174896,0.0,0.0,0.0,0.0007393464,0.0004547168,-0.002821497,0.00056657323,0.0,-0.0031523742,0.0,0.0,-0.00033453392,0.0,0.0,0.0,0.0018318833,-0.0117744785,0.0,0.0,0.0,0.0,0.0,0.0047583724,0.0,0.0,0.0,0.0,0.0,-0.00025024655,0.0,0.0,-0.01194805,0.007936691,0.0010298891,0.0011364041,0.007499204,0.00032259544,0.0034592845,0.0,0.0,0.0006158002,0.0,0.0,0.0,0.0,-0.0038422602,0.0,0.015887149,0.0,0.0,-0.00046715618,0.0,-0.0019512805,0.0,0.0,0.00046422443,0.0013897421,0.0,0.0,0.01279269,0.0,-0.0004221528,-2.4905106e-05,0.0,0.0,0.0,0.006295024,0.0,-0.004423162,-0.0029317518,0.0013179034,0.0,0.0032566523,0.0,-0.0010137095
-0.40066057,0.30787206,-0.0067866324,0.0,0.0,-0.02538006,-0.0035003554,-0.017908119,0.08048391,0.0010329175,-0.030413274,-0.0012989454,-0.004221283,-0.007302193,-0.004410865,-0.017523438,-0.0019048362,0.0014349867,0.000457234,-8.6259795e-05,0.0,0.0009141615,0.047806483,-0.0013380597,0.0,-0.1097211,-0.3176031,0.019506264,-0.34894016,0.034995228,-0.073467754,-0.0020264825,0.19146946,-0.0012592531,0.0018625886,-0.021148695,0.0,0.0,0.0,0.0008307023,0.00073783705,0.0,0.0,0.0,0.0,0.0,0.0,0.0,0.0,0.0,0.018653657,0.0,0.0,0.0005793231,0.0,0.0036529559,-0.0010071129,-0.00034986454,0.0,0.0,0.0,0.0046841316,0.0039298674,0.0,0.0,0.0028226026,0.0016776494,0.0,0.0,0.0,0.00027052534,0.0,-0.024874754,-0.0035561079,0.005912072,-0.00020676904,0.0,0.0,-0.00884718,0.0,0.0,0.0,0.00048354038,0.0,0.0,0.0,0.002351419,0.0,0.0,0.0,0.0007393464,0.0004547168,-0.0028788475,0.00072380103,0.0,-0.004134872,0.0,0.0,-0.0007002461,0.0,0.0,0.0,0.0015584708,-0.0025721279,0.0,0.0,0.0,0.0,0.0,0.0050596194,0.0,0.0,0.0,0.0,0.0,-0.0006498745,0.0,0.0,-0.025921565,0.006020834,0.00037078466,0.0011502227,0.008014113,0.00054869946,0.0012738708,0.0,0.0,0.0006085147,0.0,0.0,0.0,0.0,-0.004336746,0.0,0.002975633,0.0,0.0,-0.0006181117,0.0,-0.006651384,0.0,0.0,0.0004596248,0.0013897421,0.0,0.0,0.0062620207,0.0,-0.001038024,-2.4905106e-05,0.0,0.0,0.0,0.0054123774,0.0,-0.0046129194,-0.002885177,0.001196458,0.0,0.001370485,0.0,-0.0010402848
-0.40709543,0.3758718,-0.1411423,0.0,0.0,-0.02402019,-0.007256101,-0.025803223,0.0015967605,0.0010329175,0.007739396,-0.046518907,-0.0053877477,-0.009162055,-0.0059001297,-0.01720388,-0.007991465,0.003652065,0.000457234,-8.6259795e-05,0.0,-0.0027730274,0.05459943,-0.0013380597,0.0,0.032095112,0.086638115,0.010688299,0.023663742,0.038223136,0.054651756,-7.09015e-05,0.1822451,-0.0012592531,-0.031022158,0.022882786,0.0,0.0,0.0,0.0008301694,0.000741886,0.0,0.0,0.0,0.0,0.0,0.0,0.0,0.0,0.0,0.017090315,0.0,0.0,0.0006772309,0.0,-0.000306557,-0.0010071129,-8.386171e-05,0.0,0.0,0.0,0.009050284,0.0039298674,0.0,0.0,0.0008906307,0.0016795875,0.0,0.0,0.0,0.0003481444,0.0,-0.023572491,-0.0059205447,0.0108901635,-0.0001995461,0.0,0.0,-0.0062446767,0.0,0.0,0.0,0.0020771285,0.0,0.0,0.0,0.004236899,0.0,0.0,0.0,0.0007393464,0.0004547168,-0.0028785923,0.00056657323,0.0,-0.0041329768,0.0,0.0,-0.0007002461,0.0,0.0,0.0,0.0018318833,-0.0029836157,0.0,0.0,0.0,0.0,0.0,0.0052918266,0.0,0.0,0.0,0.0,0.0,-0.0006498745,0.0,0.0,-0.026966128,0.009459399,0.0010298891,0.0011502297,0.008277568,0.00032259544,0.0013126981,0.0,0.0,0.0006139429,0.0,0.0,0.0,0.0,-0.004293022,0.0,0.002450135,0.0,0.0,-0.0006181117,0.0,-0.006651384,0.0,0.0,0.0004596248,0.0013897421,0.0,0.0,0.0070848158,0.0,0.010266475,-2.4905106e-05,0.0,0.0,0.0,0.0046645114,0.0,-0.0046796394,-0.0031518112,0.0013296343,0.0,0.0031235837,0.0,-0.0010559505
1.3790493,0.039197095,-0.09544377,0.0,0.0,-0.02492664,-0.0016131739,0.0685481,-0.007838994,0.0010858963,-0.029923692,-0.03498296,0.00069689774,0.00026589242,-0.0057757394,-0.016065702,-0.0053258897,-0.00018316339,0.00023785852,-7.585295e-05,0.0,-0.0015555574,0.14514711,-0.0013266722,0.0,0.05341468,-0.03407862,0.01633245,0.015824702,0.07542253,0.12671821,-0.05935538,0.28347152,0.026039291,0.0016346909,0.022016246,0.0,0.0,0.0,0.0008241433,0.000746757,0.0,0.0,0.0,0.0,0.0,0.0,0.0,0.0,0.0,0.014444079,0.0,0.0,0.0006102758,0.0,-0.0008068235,-0.0010075666,-8.131948e-05,0.0,0.0,0.0,0.008207167,0.0039298674,0.0,0.0,0.0011853083,0.0016738112,0.0,0.0,0.0,0.0016470639,0.0,-0.011351072,-0.002392024,0.005001178,-0.00019960568,0.0,0.0,-0.0035473432,0.0,0.0,0.0,0.0032410556,0.0,0.0,0.0,0.0026430734,0.0,0.0,0.0,0.00033604202,0.0004547168,-0.002821752,0.00056657323,0.0,-0.0041276207,0.0,0.0,-0.0007002461,0.0,0.0,0.0,0.0018389504,-0.0026510486,0.0,0.0,0.0,0.0,0.0,0.0055621243,0.0,0.0,0.0,0.0,0.0,-0.0006498745,0.0,0.0,-0.008804459,0.0083574215,0.0005885987,0.0011500224,0.008048677,0.00054869946,0.0027170894,0.0,0.0,0.0006252213,0.0,0.0,0.0,0.0,-0.00420337,0.0,0.003102202,0.0,0.0,-0.00039360515,0.0,-0.0068913247,0.0,0.0,0.00046012815,0.0013897421,0.0,0.0,0.024120381,0.0,-0.00057285745,-2.4905106e-05,0.0,0.0,0.0,0.014961115,0.0,-0.0041194623,-0.0051985513,0.0013146672,0.0,0.00144153,0.0,-0.001064101
1.3790493,0.039197095,-0.09544377,0.0,0.0,-0.02492664,-0.0016131739,0.0685481,-0.007838994,0.0010858963,-0.029923692,-0.03498296,0.00069689774,0.00026589242,-0.0057757394,-0.016065702,-0.0053258897,-0.00018316339,0.00023785852,-7.585295e-05,0.0,-0.0015555574,0.14514711,-0.0013266722,0.0,0.05341468,-0.03407862,0.01633245,0.015824702,0.07542253,0.12671821,-0.05935538,0.28347152,0.026039291,0.0016346909,0.022016246,0.0,0.0,0.0,0.0008241433,0.000746757,0.0,0.0,0.0,0.0,0.0,0.0,0.0,0.0,0.0,0.014444079,0.0,0.0,0.0006102758,0.0,-0.0008068235,-0.0010075666,-8.131948e-05,0.0,0.0,0.0,0.008207167,0.0039298674,0.0,0.0,0.0011853083,0.0016738112,0.0,0.0,0.0,0.0016470639,0.0,-0.011351072,-0.002392024,0.005001178,-0.00019960568,0.0,0.0,-0.0035473432,0.0,0.0,0.0,0.0032410556,0.0,0.0,0.0,0.0026430734,0.0,0.0,0.0,0.00033604202,0.0004547168,-0.002821752,0.00056657323,0.0,-0.0041276207,0.0,0.0,-0.0007002461,0.0,0.0,0.0,0.0018389504,-0.0026510486,0.0,0.0,0.0,0.0,0.0,0.0055621243,0.0,0.0,0.0,0.0,0.0,-0.0006498745,0.0,0.0,-0.008804459,0.0083574215,0.0005885987,0.0011500224,0.008048677,0.00054869946,0.0027170894,0.0,0.0,0.0006252213,0.0,0.0,0.0,0.0,-0.00420337,0.0,0.003102202,0.0,0.0,-0.00039360515,0.0,-0.0068913247,0.0,0.0,0.00046012815,0.0013897421,0.0,0.0,0.024120381,0.0,-0.00057285745,-2.4905106e-05,0.0,0.0,0.0,0.014961115,0.0,-0.0041194623,-0.0051985513,0.0013146672,0.0,0.00144153,0.0,-0.001064101
1.3790493,0.039197095,-0.09544377,0.0,0.0,-0.02492664,-0.0016131739,0.0685481,-0.007838994,0.0010858963,-0.029923692,-0.03498296,0.00069689774,0.00026589242,-0.0057757394,-0.016065702,-0.0053258897,-0.00018316339,0.00023785852,-7.585295e-05,0.0,-0.0015555574,0.14514711,-0.0013266722,0.0,0.05341468,-0.03407862,0.01633245,0.015824702,0.07542253,0.12671821,-0.05935538,0.28347152,0.026039291,0.0016346909,0.022016246,0.0,0.0,0.0,0.0008241433,0.000746757,0.0,0.0,0.0,0.0,0.0,0.0,0.0,0.0,0.0,0.014444079,0.0,0.0,0.0006102758,0.0,-0.0008068235,-0.0010075666,-8.131948e-05,0.0,0.0,0.0,0.008207167,0.0039298674,0.0,0.0,0.0011853083,0.0016738112,0.0,0.0,0.0,0.0016470639,0.0,-0.011351072,-0.002392024,0.005001178,-0.00019960568,0.0,0.0,-0.0035473432,0.0,0.0,0.0,0.0032410556,0.0,0.0,0.0,0.0026430734,0.0,0.0,0.0,0.00033604202,0.0004547168,-0.002821752,0.00056657323,0.0,-0.0041276207,0.0,0.0,-0.0007002461,0.0,0.0,0.0,0.0018389504,-0.0026510486,0.0,0.0,0.0,0.0,0.0,0.0055621243,0.0,0.0,0.0,0.0,0.0,-0.0006498745,0.0,0.0,-0.008804459,0.0083574215,0.0005885987,0.0011500224,0.008048677,0.00054869946,0.0027170894,0.0,0.0,0.0006252213,0.0,0.0,0.0,0.0,-0.00420337,0.0,0.003102202,0.0,0.0,-0.00039360515,0.0,-0.0068913247,0.0,0.0,0.00046012815,0.0013897421,0.0,0.0,0.024120381,0.0,-0.00057285745,-2.4905106e-05,0.0,0.0,0.0,0.014961115,0.0,-0.0041194623,-0.0051985513,0.0013146672,0.0,0.00144153,0.0,-0.001064101
1.3790493,0.039197095,-0.09544377,0.0,0.0,-0.02492664,-0.0016131739,0.0685481,-0.007838994,0.0010858963,-0.029923692,-0.03498296,0.00069689774,0.00026589242,-0.0057757394,-0.016065702,-0.0053258897,-0.00018316339,0.00023785852,-7.585295e-05,0.0,-0.0015555574,0.14514711,-0.0013266722,0.0,0.05341468,-0.03407862,0.01633245,0.015824702,0.07542253,0.12671821,-0.05935538,0.28347152,0.026039291,0.0016346909,0.022016246,0.0,0.0,0.0,0.0008241433,0.000746757,0.0,0.0,0.0,0.0,0.0,0.0,0.0,0.0,0.0,0.014444079,0.0,0.0,0.0006102758,0.0,-0.0008068235,-0.0010075666,-8.131948e-05,0.0,0.0,0.0,0.008207167,0.0039298674,0.0,0.0,0.0011853083,0.0016738112,0.0,0.0,0.0,0.0016470639,0.0,-0.011351072,-0.002392024,0.005001178,-0.00019960568,0.0,0.0,-0.0035473432,0.0,0.0,0.0,0.0032410556,0.0,0.0,0.0,0.0026430734,0.0,0.0,0.0,0.00033604202,0.0004547168,-0.002821752,0.00056657323,0.0,-0.0041276207,0.0,0.0,-0.0007002461,0.0,0.0,0.0,0.0018389504,-0.0026510486,0.0,0.0,0.0,0.0,0.0,0.0055621243,0.0,0.0,0.0,0.0,0.0,-0.0006498745,0.0,0.0,-0.008804459,0.0083574215,0.0005885987,0.0011500224,0.008048677,0.00054869946,0.0027170894,0.0,0.0,0.0006252213,0.0,0.0,0.0,0.0,-0.00420337,0.0,0.003102202,0.0,0.0,-0.00039360515,0.0,-0.0068913247,0.0,0.0,0.00046012815,0.0013897421,0.0,0.0,0.024120381,0.0,-0.00057285745,-2.4905106e-05,0.0,0.0,0.0,0.014961115,0.0,-0.0041194623,-0.0051985513,0.0013146672,0.0,0.00144153,0.0,-0.001064101
1.3790493,0.039197095,-0.09544377,0.0,0.0,-0.02492664,-0.0016131739,0.0685481,-0.007838994,0.0010858963,-0.029923692,-0.03498296,0.00069689774,0.00026589242,-0.0057757394,-0.016065702,-0.0053258897,-0.00018316339,0.00023785852,-7.585295e-05,0.0,-0.0015555574,0.14514711,-0.0013266722,0.0,0.05341468,-0.03407862,0.01633245,0.015824702,0.07542253,0.12671821,-0.05935538,0.28347152,0.026039291,0.0016346909,0.022016246,0.0,0.0,0.0,0.0008241433,0.000746757,0.0,0.0,0.0,0.0,0.0,0.0,0.0,0.0,0.0,0.014444079,0.0,0.0,0.0006102758,0.0,-0.0008068235,-0.0010075666,-8.131948e-05,0.0,0.0,0.0,0.008207167,0.0039298674,0.0,0.0,0.0011853083,0.0016738112,0.0,0.0,0.0,0.0016470639,0.0,-0.011351072,-0.002392024,0.005001178,-0.00019960568,0.0,0.0,-0.0035473432,0.0,0.0,0.0,0.0032410556,0.0,0.0,0.0,0.0026430734,0.0,0.0,0.0,0.00033604202,0.0004547168,-0.002821752,0.00056657323,0.0,-0.0041276207,0.0,0.0,-0.0007002461,0.0,0.0,0.0,0.0018389504,-0.0026510486,0.0,0.0,0.0,0.0,0.0,0.0055621243,0.0,0.0,0.0,0.0,0.0,-0.0006498745,0.0,0.0,-0.008804459,0.0083574215,0.0005885987,0.0011500224,0.008048677,0.00054869946,0.0027170894,0.0,0.0,0.0006252213,0.0,0.0,0.0,0.0,-0.00420337,0.0,0.003102202,0.0,0.0,-0.00039360515,0.0,-0.0068913247,0.0,0.0,0.00046012815,0.0013897421,0.0,0.0,0.024120381,0.0,-0.00057285745,-2.4905106e-05,0.0,0.0,0.0,0.014961115,0.0,-0.0041194623,-0.0051985513,0.0013146672,0.0,0.00144153,0.0,-0.001064101
